ZONE N=15, E=16, F=FEPOINT, ET=TRIANGLE
-0.818913 -0.380984 0 0 0 0 
-0.845154 -0.381409 0 0 0 0 
-0.871396 -0.381834 0 0 0 0 
-0.897638 -0.382258 0 0 0 0 
-0.92388 -0.382683 0 0 0 0 
-0.834665 -0.403587 0 0 0 0 
-0.861179 -0.404141 0 0 0 0 
-0.887694 -0.404692 0 0 0 0 
-0.91421 -0.405241 0 0 0 0 
-0.850417 -0.42619 0 0 0 0 
-0.877202 -0.426875 0 0 0 0 
-0.903989 -0.427555 0 0 0 0 
-0.866169 -0.448793 0 0 0 0 
-0.893224 -0.449611 0 0 0 0 
-0.881921 -0.471397 0 0 0 0 
1 2 6
2 7 6
2 3 7
3 8 7
3 4 8
4 9 8
4 5 9
6 7 10
7 11 10
7 8 11
8 12 11
8 9 12
10 11 13
11 14 13
11 12 14
13 14 15
ZONE N=15, E=16, F=FEPOINT, ET=TRIANGLE
-0.9375 0.0372961 0 0 0 0 
-0.953125 0.0279721 0 0 0 0 
-0.96875 0.018648 0 0 0 0 
-0.984375 0.00932402 0 0 0 0 
-1 1.22465e-16 0 0 0 0 
-0.937023 0.0187429 0 0 0 0 
-0.952648 0.00941887 0 0 0 0 
-0.968273 9.48566e-05 0 0 0 0 
-0.983898 -0.00922916 0 0 0 0 
-0.936546 0.000189713 0 0 0 0 
-0.952171 -0.0091343 0 0 0 0 
-0.967796 -0.0184583 0 0 0 0 
-0.936069 -0.0183635 0 0 0 0 
-0.951694 -0.0276875 0 0 0 0 
-0.935592 -0.0369166 0 0 0 0 
1 2 6
2 7 6
2 3 7
3 8 7
3 4 8
4 9 8
4 5 9
6 7 10
7 11 10
7 8 11
8 12 11
8 9 12
10 11 13
11 14 13
11 12 14
13 14 15
ZONE N=15, E=16, F=FEPOINT, ET=TRIANGLE
-0.9375 0.0372961 0 0 0 0 
-0.937023 0.0187429 0 0 0 0 
-0.936546 0.000189713 0 0 0 0 
-0.936069 -0.0183635 0 0 0 0 
-0.935592 -0.0369166 0 0 0 0 
-0.910693 0.0322777 0 0 0 0 
-0.910216 0.0137246 0 0 0 0 
-0.909739 -0.00482862 0 0 0 0 
-0.909262 -0.0233818 0 0 0 0 
-0.883886 0.0272594 0 0 0 0 
-0.883409 0.00870622 0 0 0 0 
-0.882932 -0.00984696 0 0 0 0 
-0.857078 0.0222411 0 0 0 0 
-0.856601 0.00368788 0 0 0 0 
-0.830271 0.0172227 0 0 0 0 
1 2 6
2 7 6
2 3 7
3 8 7
3 4 8
4 9 8
4 5 9
6 7 10
7 11 10
7 8 11
8 12 11
8 9 12
10 11 13
11 14 13
11 12 14
13 14 15
ZONE N=15, E=16, F=FEPOINT, ET=TRIANGLE
-0.754423 0.0339661 0 0 0 0 
-0.766892 0.0467683 0 0 0 0 
-0.779362 0.0595705 0 0 0 0 
-0.791832 0.0723728 0 0 0 0 
-0.804302 0.085175 0 0 0 0 
-0.773385 0.0297802 0 0 0 0 
-0.785855 0.0425825 0 0 0 0 
-0.798324 0.0553847 0 0 0 0 
-0.810794 0.0681869 0 0 0 0 
-0.792347 0.0255944 0 0 0 0 
-0.804817 0.0383966 0 0 0 0 
-0.817286 0.0511989 0 0 0 0 
-0.811309 0.0214086 0 0 0 0 
-0.823779 0.0342108 0 0 0 0 
-0.830271 0.0172227 0 0 0 0 
1 2 6
2 7 6
2 3 7
3 8 7
3 4 8
4 9 8
4 5 9
6 7 10
7 11 10
7 8 11
8 12 11
8 9 12
10 11 13
11 14 13
11 12 14
13 14 15
ZONE N=15, E=16, F=FEPOINT, ET=TRIANGLE
-0.935592 -0.0369166 0 0 0 0 
-0.926728 -0.0554878 0 0 0 0 
-0.917864 -0.074059 0 0 0 0 
-0.909 -0.0926302 0 0 0 0 
-0.900135 -0.111201 0 0 0 0 
-0.911728 -0.0414003 0 0 0 0 
-0.902864 -0.0599715 0 0 0 0 
-0.893999 -0.0785427 0 0 0 0 
-0.885135 -0.0971138 0 0 0 0 
-0.887863 -0.0458839 0 0 0 0 
-0.878999 -0.0644551 0 0 0 0 
-0.870135 -0.0830263 0 0 0 0 
-0.863999 -0.0503675 0 0 0 0 
-0.855135 -0.0689387 0 0 0 0 
-0.840134 -0.0548512 0 0 0 0 
1 2 6
2 7 6
2 3 7
3 8 7
3 4 8
4 9 8
4 5 9
6 7 10
7 11 10
7 8 11
8 12 11
8 9 12
10 11 13
11 14 13
11 12 14
13 14 15
ZONE N=15, E=16, F=FEPOINT, ET=TRIANGLE
-0.375 0 0 0 0 0 
-0.359375 -0.0174722 0 0 0 0 
-0.34375 -0.0349443 0 0 0 0 
-0.328125 -0.0524165 0 0 0 0 
-0.3125 -0.0698887 0 0 0 0 
-0.34375 0 0 0 0 0 
-0.328125 -0.0174722 0 0 0 0 
-0.3125 -0.0349443 0 0 0 0 
-0.296875 -0.0524165 0 0 0 0 
-0.3125 0 0 0 0 0 
-0.296875 -0.0174722 0 0 0 0 
-0.28125 -0.0349443 0 0 0 0 
-0.28125 0 0 0 0 0 
-0.265625 -0.0174722 0 0 0 0 
-0.25 0 0 0 0 0 
1 2 6
2 7 6
2 3 7
3 8 7
3 4 8
4 9 8
4 5 9
6 7 10
7 11 10
7 8 11
8 12 11
8 9 12
10 11 13
11 14 13
11 12 14
13 14 15
ZONE N=15, E=16, F=FEPOINT, ET=TRIANGLE
-0.42247 -0.385173 0 0 0 0 
-0.440574 -0.398324 0 0 0 0 
-0.458677 -0.411476 0 0 0 0 
-0.476781 -0.424627 0 0 0 0 
-0.494885 -0.437779 0 0 0 0 
-0.415203 -0.414212 0 0 0 0 
-0.433307 -0.427363 0 0 0 0 
-0.451411 -0.440515 0 0 0 0 
-0.469514 -0.453666 0 0 0 0 
-0.407937 -0.443251 0 0 0 0 
-0.42604 -0.456402 0 0 0 0 
-0.444144 -0.469554 0 0 0 0 
-0.40067 -0.47229 0 0 0 0 
-0.418773 -0.485441 0 0 0 0 
-0.393403 -0.501329 0 0 0 0 
1 2 6
2 7 6
2 3 7
3 8 7
3 4 8
4 9 8
4 5 9
6 7 10
7 11 10
7 8 11
8 12 11
8 9 12
10 11 13
11 14 13
11 12 14
13 14 15
ZONE N=15, E=16, F=FEPOINT, ET=TRIANGLE
-0.9375 0.0372961 0 0 0 0 
-0.951921 0.0524763 0 0 0 0 
-0.966342 0.0676566 0 0 0 0 
-0.980764 0.0828369 0 0 0 0 
-0.995185 0.0980171 0 0 0 0 
-0.953125 0.0279721 0 0 0 0 
-0.967847 0.0431671 0 0 0 0 
-0.982569 0.0583646 0 0 0 0 
-0.99729 0.0735646 0 0 0 0 
-0.96875 0.018648 0 0 0 0 
-0.983773 0.0338554 0 0 0 0 
-0.998795 0.0490677 0 0 0 0 
-0.984375 0.00932402 0 0 0 0 
-0.999699 0.0245412 0 0 0 0 
-1 1.249e-16 0 0 0 0 
1 2 6
2 7 6
2 3 7
3 8 7
3 4 8
4 9 8
4 5 9
6 7 10
7 11 10
7 8 11
8 12 11
8 9 12
10 11 13
11 14 13
11 12 14
13 14 15
ZONE N=15, E=16, F=FEPOINT, ET=TRIANGLE
-0.854461 0.319147 0 0 0 0 
-0.838827 0.301566 0 0 0 0 
-0.823194 0.283985 0 0 0 0 
-0.80756 0.266405 0 0 0 0 
-0.791927 0.248824 0 0 0 0 
-0.829121 0.325939 0 0 0 0 
-0.813487 0.308358 0 0 0 0 
-0.797854 0.290777 0 0 0 0 
-0.78222 0.273196 0 0 0 0 
-0.803781 0.332731 0 0 0 0 
-0.788147 0.31515 0 0 0 0 
-0.772514 0.297569 0 0 0 0 
-0.778441 0.339522 0 0 0 0 
-0.762808 0.321942 0 0 0 0 
-0.753101 0.346314 0 0 0 0 
1 2 6
2 7 6
2 3 7
3 8 7
3 4 8
4 9 8
4 5 9
6 7 10
7 11 10
7 8 11
8 12 11
8 9 12
10 11 13
11 14 13
11 12 14
13 14 15
ZONE N=15, E=16, F=FEPOINT, ET=TRIANGLE
-0.888649 0.200546 0 0 0 0 
-0.880102 0.230197 0 0 0 0 
-0.871555 0.259847 0 0 0 0 
-0.863008 0.289497 0 0 0 0 
-0.854461 0.319147 0 0 0 0 
-0.905722 0.222981 0 0 0 0 
-0.897175 0.252631 0 0 0 0 
-0.888628 0.282281 0 0 0 0 
-0.880081 0.311931 0 0 0 0 
-0.922795 0.245415 0 0 0 0 
-0.914248 0.275066 0 0 0 0 
-0.905701 0.304716 0 0 0 0 
-0.939868 0.26785 0 0 0 0 
-0.93132 0.2975 0 0 0 0 
-0.95694 0.290285 0 0 0 0 
1 2 6
2 7 6
2 3 7
3 8 7
3 4 8
4 9 8
4 5 9
6 7 10
7 11 10
7 8 11
8 12 11
8 9 12
10 11 13
11 14 13
11 12 14
13 14 15
ZONE N=15, E=16, F=FEPOINT, ET=TRIANGLE
-0.721752 0.277353 0 0 0 0 
-0.704248 0.295712 0 0 0 0 
-0.686744 0.31407 0 0 0 0 
-0.66924 0.332429 0 0 0 0 
-0.651736 0.350788 0 0 0 0 
-0.729589 0.294593 0 0 0 0 
-0.712085 0.312952 0 0 0 0 
-0.694581 0.331311 0 0 0 0 
-0.677078 0.34967 0 0 0 0 
-0.737426 0.311834 0 0 0 0 
-0.719923 0.330192 0 0 0 0 
-0.702419 0.348551 0 0 0 0 
-0.745264 0.329074 0 0 0 0 
-0.72776 0.347433 0 0 0 0 
-0.753101 0.346314 0 0 0 0 
1 2 6
2 7 6
2 3 7
3 8 7
3 4 8
4 9 8
4 5 9
6 7 10
7 11 10
7 8 11
8 12 11
8 9 12
10 11 13
11 14 13
11 12 14
13 14 15
ZONE N=15, E=16, F=FEPOINT, ET=TRIANGLE
-0.830271 0.0172227 0 0 0 0 
-0.815009 -0.00717872 0 0 0 0 
-0.799748 -0.0315802 0 0 0 0 
-0.784486 -0.0559816 0 0 0 0 
-0.769224 -0.080383 0 0 0 0 
-0.811309 0.0214086 0 0 0 0 
-0.796047 -0.00299289 0 0 0 0 
-0.780786 -0.0273943 0 0 0 0 
-0.765524 -0.0517958 0 0 0 0 
-0.792347 0.0255944 0 0 0 0 
-0.777085 0.00119295 0 0 0 0 
-0.761823 -0.0232085 0 0 0 0 
-0.773385 0.0297802 0 0 0 0 
-0.758123 0.00537878 0 0 0 0 
-0.754423 0.0339661 0 0 0 0 
1 2 6
2 7 6
2 3 7
3 8 7
3 4 8
4 9 8
4 5 9
6 7 10
7 11 10
7 8 11
8 12 11
8 9 12
10 11 13
11 14 13
11 12 14
13 14 15
ZONE N=15, E=16, F=FEPOINT, ET=TRIANGLE
-0.769224 -0.080383 0 0 0 0 
-0.786952 -0.0740001 0 0 0 0 
-0.804679 -0.0676171 0 0 0 0 
-0.822407 -0.0612341 0 0 0 0 
-0.840134 -0.0548512 0 0 0 0 
-0.782958 -0.0932818 0 0 0 0 
-0.800686 -0.0868988 0 0 0 0 
-0.818414 -0.0805158 0 0 0 0 
-0.836141 -0.0741328 0 0 0 0 
-0.796693 -0.10618 0 0 0 0 
-0.81442 -0.0997975 0 0 0 0 
-0.832148 -0.0934145 0 0 0 0 
-0.810427 -0.119079 0 0 0 0 
-0.828155 -0.112696 0 0 0 0 
-0.824161 -0.131978 0 0 0 0 
1 2 6
2 7 6
2 3 7
3 8 7
3 4 8
4 9 8
4 5 9
6 7 10
7 11 10
7 8 11
8 12 11
8 9 12
10 11 13
11 14 13
11 12 14
13 14 15
ZONE N=15, E=16, F=FEPOINT, ET=TRIANGLE
-0.362733 -0.200502 0 0 0 0 
-0.344323 -0.210215 0 0 0 0 
-0.325913 -0.219928 0 0 0 0 
-0.307503 -0.229641 0 0 0 0 
-0.289093 -0.239354 0 0 0 0 
-0.342706 -0.189463 0 0 0 0 
-0.324296 -0.199176 0 0 0 0 
-0.305886 -0.208889 0 0 0 0 
-0.287475 -0.218602 0 0 0 0 
-0.322678 -0.178424 0 0 0 0 
-0.304268 -0.188137 0 0 0 0 
-0.285858 -0.19785 0 0 0 0 
-0.302651 -0.167384 0 0 0 0 
-0.284241 -0.177097 0 0 0 0 
-0.282624 -0.156345 0 0 0 0 
1 2 6
2 7 6
2 3 7
3 8 7
3 4 8
4 9 8
4 5 9
6 7 10
7 11 10
7 8 11
8 12 11
8 9 12
10 11 13
11 14 13
11 12 14
13 14 15
ZONE N=15, E=16, F=FEPOINT, ET=TRIANGLE
-0.15625 -0.0641748 0 0 0 0 
-0.148438 -0.0481311 0 0 0 0 
-0.140625 -0.0320874 0 0 0 0 
-0.132812 -0.0160437 0 0 0 0 
-0.125 0 0 0 0 0 
-0.164062 -0.0481311 0 0 0 0 
-0.15625 -0.0320874 0 0 0 0 
-0.148438 -0.0160437 0 0 0 0 
-0.140625 0 0 0 0 0 
-0.171875 -0.0320874 0 0 0 0 
-0.164062 -0.0160437 0 0 0 0 
-0.15625 0 0 0 0 0 
-0.179688 -0.0160437 0 0 0 0 
-0.171875 0 0 0 0 0 
-0.1875 0 0 0 0 0 
1 2 6
2 7 6
2 3 7
3 8 7
3 4 8
4 9 8
4 5 9
6 7 10
7 11 10
7 8 11
8 12 11
8 9 12
10 11 13
11 14 13
11 12 14
13 14 15
ZONE N=15, E=16, F=FEPOINT, ET=TRIANGLE
-0.840134 -0.0548512 0 0 0 0 
-0.837669 -0.0368327 0 0 0 0 
-0.835203 -0.0188142 0 0 0 0 
-0.832737 -0.00079575 0 0 0 0 
-0.830271 0.0172227 0 0 0 0 
-0.863999 -0.0503675 0 0 0 0 
-0.861533 -0.0323491 0 0 0 0 
-0.859067 -0.0143306 0 0 0 0 
-0.856601 0.00368788 0 0 0 0 
-0.887863 -0.0458839 0 0 0 0 
-0.885398 -0.0278654 0 0 0 0 
-0.882932 -0.00984696 0 0 0 0 
-0.911728 -0.0414003 0 0 0 0 
-0.909262 -0.0233818 0 0 0 0 
-0.935592 -0.0369166 0 0 0 0 
1 2 6
2 7 6
2 3 7
3 8 7
3 4 8
4 9 8
4 5 9
6 7 10
7 11 10
7 8 11
8 12 11
8 9 12
10 11 13
11 14 13
11 12 14
13 14 15
ZONE N=15, E=16, F=FEPOINT, ET=TRIANGLE
-0.125 0 0 0 0 0 
-0.109375 -0.0175326 0 0 0 0 
-0.09375 -0.0350652 0 0 0 0 
-0.078125 -0.0525978 0 0 0 0 
-0.0625 -0.0701305 0 0 0 0 
-0.09375 0 0 0 0 0 
-0.078125 -0.0175326 0 0 0 0 
-0.0625 -0.0350652 0 0 0 0 
-0.046875 -0.0525978 0 0 0 0 
-0.0625 0 0 0 0 0 
-0.046875 -0.0175326 0 0 0 0 
-0.03125 -0.0350652 0 0 0 0 
-0.03125 0 0 0 0 0 
-0.015625 -0.0175326 0 0 0 0 
0 0 0 0 0 0 
1 2 6
2 7 6
2 3 7
3 8 7
3 4 8
4 9 8
4 5 9
6 7 10
7 11 10
7 8 11
8 12 11
8 9 12
10 11 13
11 14 13
11 12 14
13 14 15
ZONE N=15, E=16, F=FEPOINT, ET=TRIANGLE
-0.0900918 -0.132821 0 0 0 0 
-0.096632 -0.16099 0 0 0 0 
-0.103172 -0.189159 0 0 0 0 
-0.109712 -0.217328 0 0 0 0 
-0.116252 -0.245496 0 0 0 0 
-0.0764654 -0.143191 0 0 0 0 
-0.0830055 -0.17136 0 0 0 0 
-0.0895456 -0.199529 0 0 0 0 
-0.0960857 -0.227698 0 0 0 0 
-0.062839 -0.153561 0 0 0 0 
-0.0693791 -0.18173 0 0 0 0 
-0.0759192 -0.209899 0 0 0 0 
-0.0492125 -0.163931 0 0 0 0 
-0.0557526 -0.1921 0 0 0 0 
-0.0355861 -0.174301 0 0 0 0 
1 2 6
2 7 6
2 3 7
3 8 7
3 4 8
4 9 8
4 5 9
6 7 10
7 11 10
7 8 11
8 12 11
8 9 12
10 11 13
11 14 13
11 12 14
13 14 15
ZONE N=15, E=16, F=FEPOINT, ET=TRIANGLE
0.392073 -0.132066 0 0 0 0 
0.381246 -0.147978 0 0 0 0 
0.370419 -0.163891 0 0 0 0 
0.359593 -0.179803 0 0 0 0 
0.348766 -0.195715 0 0 0 0 
0.399605 -0.14883 0 0 0 0 
0.388778 -0.164742 0 0 0 0 
0.377951 -0.180655 0 0 0 0 
0.367124 -0.196567 0 0 0 0 
0.407136 -0.165594 0 0 0 0 
0.39631 -0.181506 0 0 0 0 
0.385483 -0.197419 0 0 0 0 
0.414668 -0.182358 0 0 0 0 
0.403841 -0.19827 0 0 0 0 
0.4222 -0.199122 0 0 0 0 
1 2 6
2 7 6
2 3 7
3 8 7
3 4 8
4 9 8
4 5 9
6 7 10
7 11 10
7 8 11
8 12 11
8 9 12
10 11 13
11 14 13
11 12 14
13 14 15
ZONE N=15, E=16, F=FEPOINT, ET=TRIANGLE
-0.875 0.0745921 0 0 0 0 
-0.885867 0.0891858 0 0 0 0 
-0.896735 0.10378 0 0 0 0 
-0.907602 0.118373 0 0 0 0 
-0.91847 0.132967 0 0 0 0 
-0.890625 0.0652681 0 0 0 0 
-0.901492 0.0798618 0 0 0 0 
-0.91236 0.0944555 0 0 0 0 
-0.923227 0.109049 0 0 0 0 
-0.90625 0.0559441 0 0 0 0 
-0.917117 0.0705378 0 0 0 0 
-0.927985 0.0851315 0 0 0 0 
-0.921875 0.0466201 0 0 0 0 
-0.932742 0.0612138 0 0 0 0 
-0.9375 0.0372961 0 0 0 0 
1 2 6
2 7 6
2 3 7
3 8 7
3 4 8
4 9 8
4 5 9
6 7 10
7 11 10
7 8 11
8 12 11
8 9 12
10 11 13
11 14 13
11 12 14
13 14 15
ZONE N=15, E=16, F=FEPOINT, ET=TRIANGLE
-0.9375 0.0372961 0 0 0 0 
-0.932742 0.0612138 0 0 0 0 
-0.927985 0.0851315 0 0 0 0 
-0.923227 0.109049 0 0 0 0 
-0.91847 0.132967 0 0 0 0 
-0.951921 0.0524763 0 0 0 0 
-0.947164 0.0763941 0 0 0 0 
-0.942406 0.100312 0 0 0 0 
-0.937649 0.124229 0 0 0 0 
-0.966342 0.0676566 0 0 0 0 
-0.961585 0.0915743 0 0 0 0 
-0.956827 0.115492 0 0 0 0 
-0.980764 0.0828369 0 0 0 0 
-0.976006 0.106755 0 0 0 0 
-0.995185 0.0980171 0 0 0 0 
1 2 6
2 7 6
2 3 7
3 8 7
3 4 8
4 9 8
4 5 9
6 7 10
7 11 10
7 8 11
8 12 11
8 9 12
10 11 13
11 14 13
11 12 14
13 14 15
ZONE N=15, E=16, F=FEPOINT, ET=TRIANGLE
-0.184088 -0.267227 0 0 0 0 
-0.162655 -0.280198 0 0 0 0 
-0.141222 -0.29317 0 0 0 0 
-0.119788 -0.306141 0 0 0 0 
-0.0983553 -0.319112 0 0 0 0 
-0.167129 -0.261794 0 0 0 0 
-0.145696 -0.274766 0 0 0 0 
-0.124263 -0.287737 0 0 0 0 
-0.10283 -0.300708 0 0 0 0 
-0.15017 -0.256362 0 0 0 0 
-0.128737 -0.269333 0 0 0 0 
-0.107304 -0.282304 0 0 0 0 
-0.133211 -0.250929 0 0 0 0 
-0.111778 -0.2639 0 0 0 0 
-0.116252 -0.245496 0 0 0 0 
1 2 6
2 7 6
2 3 7
3 8 7
3 4 8
4 9 8
4 5 9
6 7 10
7 11 10
7 8 11
8 12 11
8 9 12
10 11 13
11 14 13
11 12 14
13 14 15
ZONE N=15, E=16, F=FEPOINT, ET=TRIANGLE
-0.824161 -0.131978 0 0 0 0 
-0.824458 -0.155789 0 0 0 0 
-0.824754 -0.1796 0 0 0 0 
-0.825051 -0.203411 0 0 0 0 
-0.825347 -0.227222 0 0 0 0 
-0.810681 -0.146331 0 0 0 0 
-0.810978 -0.170142 0 0 0 0 
-0.811274 -0.193953 0 0 0 0 
-0.811571 -0.217764 0 0 0 0 
-0.797201 -0.160685 0 0 0 0 
-0.797498 -0.184496 0 0 0 0 
-0.797794 -0.208307 0 0 0 0 
-0.783721 -0.175038 0 0 0 0 
-0.784018 -0.198849 0 0 0 0 
-0.770241 -0.189391 0 0 0 0 
1 2 6
2 7 6
2 3 7
3 8 7
3 4 8
4 9 8
4 5 9
6 7 10
7 11 10
7 8 11
8 12 11
8 9 12
10 11 13
11 14 13
11 12 14
13 14 15
ZONE N=15, E=16, F=FEPOINT, ET=TRIANGLE
0.481275 -0.149585 0 0 0 0 
0.481701 -0.172308 0 0 0 0 
0.482127 -0.19503 0 0 0 0 
0.482553 -0.217753 0 0 0 0 
0.482978 -0.240476 0 0 0 0 
0.498944 -0.172825 0 0 0 0 
0.49937 -0.195548 0 0 0 0 
0.499796 -0.21827 0 0 0 0 
0.500222 -0.240993 0 0 0 0 
0.516613 -0.196065 0 0 0 0 
0.517039 -0.218788 0 0 0 0 
0.517465 -0.24151 0 0 0 0 
0.534282 -0.219305 0 0 0 0 
0.534708 -0.242028 0 0 0 0 
0.551951 -0.242545 0 0 0 0 
1 2 6
2 7 6
2 3 7
3 8 7
3 4 8
4 9 8
4 5 9
6 7 10
7 11 10
7 8 11
8 12 11
8 9 12
10 11 13
11 14 13
11 12 14
13 14 15
ZONE N=15, E=16, F=FEPOINT, ET=TRIANGLE
-0.995185 -0.0980171 0 0 0 0 
-0.971422 -0.101313 0 0 0 0 
-0.94766 -0.104609 0 0 0 0 
-0.923898 -0.107905 0 0 0 0 
-0.900135 -0.111201 0 0 0 0 
-0.980287 -0.082742 0 0 0 0 
-0.956524 -0.0860381 0 0 0 0 
-0.932762 -0.0893342 0 0 0 0 
-0.909 -0.0926302 0 0 0 0 
-0.965389 -0.0674669 0 0 0 0 
-0.941626 -0.070763 0 0 0 0 
-0.917864 -0.074059 0 0 0 0 
-0.950491 -0.0521918 0 0 0 0 
-0.926728 -0.0554878 0 0 0 0 
-0.935592 -0.0369166 0 0 0 0 
1 2 6
2 7 6
2 3 7
3 8 7
3 4 8
4 9 8
4 5 9
6 7 10
7 11 10
7 8 11
8 12 11
8 9 12
10 11 13
11 14 13
11 12 14
13 14 15
ZONE N=15, E=16, F=FEPOINT, ET=TRIANGLE
-0.127305 0.760459 0 0 0 0 
-0.147304 0.758626 0 0 0 0 
-0.167303 0.756794 0 0 0 0 
-0.187302 0.754961 0 0 0 0 
-0.2073 0.753128 0 0 0 0 
-0.13475 0.741808 0 0 0 0 
-0.154749 0.739975 0 0 0 0 
-0.174747 0.738142 0 0 0 0 
-0.194746 0.736309 0 0 0 0 
-0.142195 0.723156 0 0 0 0 
-0.162193 0.721323 0 0 0 0 
-0.182192 0.71949 0 0 0 0 
-0.149639 0.704504 0 0 0 0 
-0.169638 0.702671 0 0 0 0 
-0.157084 0.685852 0 0 0 0 
1 2 6
2 7 6
2 3 7
3 8 7
3 4 8
4 9 8
4 5 9
6 7 10
7 11 10
7 8 11
8 12 11
8 9 12
10 11 13
11 14 13
11 12 14
13 14 15
ZONE N=15, E=16, F=FEPOINT, ET=TRIANGLE
0.337603 0.536101 0 0 0 0 
0.340107 0.5166 0 0 0 0 
0.342611 0.497099 0 0 0 0 
0.345115 0.477598 0 0 0 0 
0.347619 0.458097 0 0 0 0 
0.354765 0.528393 0 0 0 0 
0.357269 0.508892 0 0 0 0 
0.359773 0.489391 0 0 0 0 
0.362277 0.46989 0 0 0 0 
0.371927 0.520686 0 0 0 0 
0.374431 0.501185 0 0 0 0 
0.376935 0.481684 0 0 0 0 
0.389089 0.512978 0 0 0 0 
0.391593 0.493477 0 0 0 0 
0.406251 0.50527 0 0 0 0 
1 2 6
2 7 6
2 3 7
3 8 7
3 4 8
4 9 8
4 5 9
6 7 10
7 11 10
7 8 11
8 12 11
8 9 12
10 11 13
11 14 13
11 12 14
13 14 15
ZONE N=15, E=16, F=FEPOINT, ET=TRIANGLE
0.595891 0.311956 0 0 0 0 
0.596634 0.290748 0 0 0 0 
0.597376 0.26954 0 0 0 0 
0.598119 0.248333 0 0 0 0 
0.598862 0.227125 0 0 0 0 
0.61248 0.30192 0 0 0 0 
0.613223 0.280712 0 0 0 0 
0.613966 0.259505 0 0 0 0 
0.614709 0.238297 0 0 0 0 
0.629069 0.291884 0 0 0 0 
0.629812 0.270677 0 0 0 0 
0.630555 0.249469 0 0 0 0 
0.645659 0.281849 0 0 0 0 
0.646402 0.260641 0 0 0 0 
0.662248 0.271813 0 0 0 0 
1 2 6
2 7 6
2 3 7
3 8 7
3 4 8
4 9 8
4 5 9
6 7 10
7 11 10
7 8 11
8 12 11
8 9 12
10 11 13
11 14 13
11 12 14
13 14 15
ZONE N=15, E=16, F=FEPOINT, ET=TRIANGLE
-0.835065 0.149703 0 0 0 0 
-0.855917 0.145519 0 0 0 0 
-0.876768 0.141335 0 0 0 0 
-0.897619 0.137151 0 0 0 0 
-0.91847 0.132967 0 0 0 0 
-0.845049 0.130925 0 0 0 0 
-0.8659 0.126741 0 0 0 0 
-0.886751 0.122557 0 0 0 0 
-0.907602 0.118373 0 0 0 0 
-0.855033 0.112148 0 0 0 0 
-0.875884 0.107964 0 0 0 0 
-0.896735 0.10378 0 0 0 0 
-0.865016 0.0933698 0 0 0 0 
-0.885867 0.0891858 0 0 0 0 
-0.875 0.0745921 0 0 0 0 
1 2 6
2 7 6
2 3 7
3 8 7
3 4 8
4 9 8
4 5 9
6 7 10
7 11 10
7 8 11
8 12 11
8 9 12
10 11 13
11 14 13
11 12 14
13 14 15
ZONE N=15, E=16, F=FEPOINT, ET=TRIANGLE
-0.114267 0.352054 0 0 0 0 
-0.12156 0.375139 0 0 0 0 
-0.128853 0.398223 0 0 0 0 
-0.136147 0.421308 0 0 0 0 
-0.14344 0.444393 0 0 0 0 
-0.134325 0.365068 0 0 0 0 
-0.141619 0.388153 0 0 0 0 
-0.148912 0.411238 0 0 0 0 
-0.156205 0.434323 0 0 0 0 
-0.154384 0.378082 0 0 0 0 
-0.161678 0.401167 0 0 0 0 
-0.168971 0.424252 0 0 0 0 
-0.174443 0.391097 0 0 0 0 
-0.181736 0.414182 0 0 0 0 
-0.194502 0.404111 0 0 0 0 
1 2 6
2 7 6
2 3 7
3 8 7
3 4 8
4 9 8
4 5 9
6 7 10
7 11 10
7 8 11
8 12 11
8 9 12
10 11 13
11 14 13
11 12 14
13 14 15
ZONE N=15, E=16, F=FEPOINT, ET=TRIANGLE
-0.0489762 0.53051 0 0 0 0 
-0.0622138 0.54374 0 0 0 0 
-0.0754514 0.55697 0 0 0 0 
-0.088689 0.5702 0 0 0 0 
-0.101927 0.58343 0 0 0 0 
-0.0659381 0.525399 0 0 0 0 
-0.0791757 0.538629 0 0 0 0 
-0.0924133 0.551859 0 0 0 0 
-0.105651 0.565089 0 0 0 0 
-0.0829 0.520288 0 0 0 0 
-0.0961376 0.533518 0 0 0 0 
-0.109375 0.546748 0 0 0 0 
-0.0998619 0.515177 0 0 0 0 
-0.1131 0.528407 0 0 0 0 
-0.116824 0.510065 0 0 0 0 
1 2 6
2 7 6
2 3 7
3 8 7
3 4 8
4 9 8
4 5 9
6 7 10
7 11 10
7 8 11
8 12 11
8 9 12
10 11 13
11 14 13
11 12 14
13 14 15
ZONE N=15, E=16, F=FEPOINT, ET=TRIANGLE
-0.888649 0.200546 0 0 0 0 
-0.911683 0.199182 0 0 0 0 
-0.934717 0.197818 0 0 0 0 
-0.957751 0.196454 0 0 0 0 
-0.980785 0.19509 0 0 0 0 
-0.896104 0.183651 0 0 0 0 
-0.919138 0.182287 0 0 0 0 
-0.942172 0.180923 0 0 0 0 
-0.965206 0.179559 0 0 0 0 
-0.903559 0.166757 0 0 0 0 
-0.926594 0.165393 0 0 0 0 
-0.949628 0.164029 0 0 0 0 
-0.911015 0.149862 0 0 0 0 
-0.934049 0.148498 0 0 0 0 
-0.91847 0.132967 0 0 0 0 
1 2 6
2 7 6
2 3 7
3 8 7
3 4 8
4 9 8
4 5 9
6 7 10
7 11 10
7 8 11
8 12 11
8 9 12
10 11 13
11 14 13
11 12 14
13 14 15
ZONE N=15, E=16, F=FEPOINT, ET=TRIANGLE
-0.46875 -0.110795 0 0 0 0 
-0.495732 -0.114277 0 0 0 0 
-0.522713 -0.117759 0 0 0 0 
-0.549695 -0.121241 0 0 0 0 
-0.576677 -0.124723 0 0 0 0 
-0.488292 -0.131592 0 0 0 0 
-0.515273 -0.135074 0 0 0 0 
-0.542255 -0.138556 0 0 0 0 
-0.569237 -0.142038 0 0 0 0 
-0.507833 -0.152388 0 0 0 0 
-0.534815 -0.15587 0 0 0 0 
-0.561797 -0.159352 0 0 0 0 
-0.527375 -0.173184 0 0 0 0 
-0.554357 -0.176666 0 0 0 0 
-0.546916 -0.19398 0 0 0 0 
1 2 6
2 7 6
2 3 7
3 8 7
3 4 8
4 9 8
4 5 9
6 7 10
7 11 10
7 8 11
8 12 11
8 9 12
10 11 13
11 14 13
11 12 14
13 14 15
ZONE N=15, E=16, F=FEPOINT, ET=TRIANGLE
-0.3119 0.191519 0 0 0 0 
-0.299407 0.218955 0 0 0 0 
-0.286914 0.246392 0 0 0 0 
-0.274421 0.273829 0 0 0 0 
-0.261927 0.301265 0 0 0 0 
-0.325183 0.203321 0 0 0 0 
-0.31269 0.230758 0 0 0 0 
-0.300197 0.258195 0 0 0 0 
-0.287704 0.285631 0 0 0 0 
-0.338467 0.215124 0 0 0 0 
-0.325974 0.242561 0 0 0 0 
-0.31348 0.269997 0 0 0 0 
-0.35175 0.226927 0 0 0 0 
-0.339257 0.254363 0 0 0 0 
-0.365033 0.238729 0 0 0 0 
1 2 6
2 7 6
2 3 7
3 8 7
3 4 8
4 9 8
4 5 9
6 7 10
7 11 10
7 8 11
8 12 11
8 9 12
10 11 13
11 14 13
11 12 14
13 14 15
ZONE N=15, E=16, F=FEPOINT, ET=TRIANGLE
-0.935592 -0.0369166 0 0 0 0 
-0.951694 -0.0276875 0 0 0 0 
-0.967796 -0.0184583 0 0 0 0 
-0.983898 -0.00922916 0 0 0 0 
-1 1.249e-16 0 0 0 0 
-0.950491 -0.0521918 0 0 0 0 
-0.966893 -0.0429774 0 0 0 0 
-0.983296 -0.0337605 0 0 0 0 
-0.999699 -0.0245412 0 0 0 0 
-0.965389 -0.0674669 0 0 0 0 
-0.982092 -0.0582697 0 0 0 0 
-0.998795 -0.0490677 0 0 0 0 
-0.980287 -0.082742 0 0 0 0 
-0.99729 -0.0735646 0 0 0 0 
-0.995185 -0.0980171 0 0 0 0 
1 2 6
2 7 6
2 3 7
3 8 7
3 4 8
4 9 8
4 5 9
6 7 10
7 11 10
7 8 11
8 12 11
8 9 12
10 11 13
11 14 13
11 12 14
13 14 15
ZONE N=15, E=16, F=FEPOINT, ET=TRIANGLE
-0.92388 0.382683 0 0 0 0 
-0.906525 0.366799 0 0 0 0 
-0.88917 0.350915 0 0 0 0 
-0.871815 0.335031 0 0 0 0 
-0.854461 0.319147 0 0 0 0 
-0.896104 0.378586 0 0 0 0 
-0.878749 0.362702 0 0 0 0 
-0.861394 0.346818 0 0 0 0 
-0.84404 0.330934 0 0 0 0 
-0.868328 0.374488 0 0 0 0 
-0.850973 0.358604 0 0 0 0 
-0.833619 0.34272 0 0 0 0 
-0.840552 0.370391 0 0 0 0 
-0.823198 0.354507 0 0 0 0 
-0.812777 0.366293 0 0 0 0 
1 2 6
2 7 6
2 3 7
3 8 7
3 4 8
4 9 8
4 5 9
6 7 10
7 11 10
7 8 11
8 12 11
8 9 12
10 11 13
11 14 13
11 12 14
13 14 15
ZONE N=15, E=16, F=FEPOINT, ET=TRIANGLE
-0.900135 -0.111201 0 0 0 0 
-0.923898 -0.107905 0 0 0 0 
-0.94766 -0.104609 0 0 0 0 
-0.971422 -0.101313 0 0 0 0 
-0.995185 -0.0980171 0 0 0 0 
-0.920298 -0.132174 0 0 0 0 
-0.944358 -0.128922 0 0 0 0 
-0.968419 -0.125667 0 0 0 0 
-0.99248 -0.122411 0 0 0 0 
-0.94046 -0.153146 0 0 0 0 
-0.964818 -0.149941 0 0 0 0 
-0.989177 -0.14673 0 0 0 0 
-0.960623 -0.174118 0 0 0 0 
-0.985278 -0.170962 0 0 0 0 
-0.980785 -0.19509 0 0 0 0 
1 2 6
2 7 6
2 3 7
3 8 7
3 4 8
4 9 8
4 5 9
6 7 10
7 11 10
7 8 11
8 12 11
8 9 12
10 11 13
11 14 13
11 12 14
13 14 15
ZONE N=15, E=16, F=FEPOINT, ET=TRIANGLE
-0.825347 -0.227222 0 0 0 0 
-0.858245 -0.242988 0 0 0 0 
-0.891144 -0.258753 0 0 0 0 
-0.924042 -0.274519 0 0 0 0 
-0.95694 -0.290285 0 0 0 0 
-0.84052 -0.251774 0 0 0 0 
-0.873418 -0.267539 0 0 0 0 
-0.906316 -0.283305 0 0 0 0 
-0.939215 -0.299071 0 0 0 0 
-0.855692 -0.276325 0 0 0 0 
-0.888591 -0.292091 0 0 0 0 
-0.921489 -0.307856 0 0 0 0 
-0.870865 -0.300877 0 0 0 0 
-0.903763 -0.316642 0 0 0 0 
-0.886038 -0.325428 0 0 0 0 
1 2 6
2 7 6
2 3 7
3 8 7
3 4 8
4 9 8
4 5 9
6 7 10
7 11 10
7 8 11
8 12 11
8 9 12
10 11 13
11 14 13
11 12 14
13 14 15
ZONE N=15, E=16, F=FEPOINT, ET=TRIANGLE
-0.824161 -0.131978 0 0 0 0 
-0.828155 -0.112696 0 0 0 0 
-0.832148 -0.0934145 0 0 0 0 
-0.836141 -0.0741328 0 0 0 0 
-0.840134 -0.0548512 0 0 0 0 
-0.843155 -0.126784 0 0 0 0 
-0.847148 -0.107502 0 0 0 0 
-0.851141 -0.0882204 0 0 0 0 
-0.855135 -0.0689387 0 0 0 0 
-0.862148 -0.12159 0 0 0 0 
-0.866142 -0.102308 0 0 0 0 
-0.870135 -0.0830263 0 0 0 0 
-0.881142 -0.116396 0 0 0 0 
-0.885135 -0.0971138 0 0 0 0 
-0.900135 -0.111201 0 0 0 0 
1 2 6
2 7 6
2 3 7
3 8 7
3 4 8
4 9 8
4 5 9
6 7 10
7 11 10
7 8 11
8 12 11
8 9 12
10 11 13
11 14 13
11 12 14
13 14 15
ZONE N=15, E=16, F=FEPOINT, ET=TRIANGLE
-0.824161 -0.131978 0 0 0 0 
-0.843155 -0.126784 0 0 0 0 
-0.862148 -0.12159 0 0 0 0 
-0.881142 -0.116396 0 0 0 0 
-0.900135 -0.111201 0 0 0 0 
-0.838334 -0.146478 0 0 0 0 
-0.857327 -0.141283 0 0 0 0 
-0.87632 -0.136089 0 0 0 0 
-0.895314 -0.130895 0 0 0 0 
-0.852506 -0.160977 0 0 0 0 
-0.871499 -0.155783 0 0 0 0 
-0.890493 -0.150589 0 0 0 0 
-0.866678 -0.175477 0 0 0 0 
-0.885671 -0.170283 0 0 0 0 
-0.88085 -0.189976 0 0 0 0 
1 2 6
2 7 6
2 3 7
3 8 7
3 4 8
4 9 8
4 5 9
6 7 10
7 11 10
7 8 11
8 12 11
8 9 12
10 11 13
11 14 13
11 12 14
13 14 15
ZONE N=15, E=16, F=FEPOINT, ET=TRIANGLE
-0.980785 -0.19509 0 0 0 0 
-0.955801 -0.193812 0 0 0 0 
-0.930818 -0.192533 0 0 0 0 
-0.905834 -0.191255 0 0 0 0 
-0.88085 -0.189976 0 0 0 0 
-0.960623 -0.174118 0 0 0 0 
-0.935639 -0.17284 0 0 0 0 
-0.910655 -0.171561 0 0 0 0 
-0.885671 -0.170283 0 0 0 0 
-0.94046 -0.153146 0 0 0 0 
-0.915476 -0.151867 0 0 0 0 
-0.890493 -0.150589 0 0 0 0 
-0.920298 -0.132174 0 0 0 0 
-0.895314 -0.130895 0 0 0 0 
-0.900135 -0.111201 0 0 0 0 
1 2 6
2 7 6
2 3 7
3 8 7
3 4 8
4 9 8
4 5 9
6 7 10
7 11 10
7 8 11
8 12 11
8 9 12
10 11 13
11 14 13
11 12 14
13 14 15
ZONE N=15, E=16, F=FEPOINT, ET=TRIANGLE
-0.770241 -0.189391 0 0 0 0 
-0.751738 -0.186846 0 0 0 0 
-0.733234 -0.184302 0 0 0 0 
-0.714731 -0.181757 0 0 0 0 
-0.696227 -0.179212 0 0 0 0 
-0.769987 -0.162139 0 0 0 0 
-0.751484 -0.159594 0 0 0 0 
-0.73298 -0.15705 0 0 0 0 
-0.714477 -0.154505 0 0 0 0 
-0.769733 -0.134887 0 0 0 0 
-0.751229 -0.132342 0 0 0 0 
-0.732726 -0.129798 0 0 0 0 
-0.769478 -0.107635 0 0 0 0 
-0.750975 -0.10509 0 0 0 0 
-0.769224 -0.080383 0 0 0 0 
1 2 6
2 7 6
2 3 7
3 8 7
3 4 8
4 9 8
4 5 9
6 7 10
7 11 10
7 8 11
8 12 11
8 9 12
10 11 13
11 14 13
11 12 14
13 14 15
ZONE N=15, E=16, F=FEPOINT, ET=TRIANGLE
-0.886038 -0.325428 0 0 0 0 
-0.903763 -0.316642 0 0 0 0 
-0.921489 -0.307856 0 0 0 0 
-0.939215 -0.299071 0 0 0 0 
-0.95694 -0.290285 0 0 0 0 
-0.895498 -0.339742 0 0 0 0 
-0.913507 -0.331058 0 0 0 0 
-0.931517 -0.322371 0 0 0 0 
-0.949528 -0.313682 0 0 0 0 
-0.904959 -0.354056 0 0 0 0 
-0.92325 -0.345475 0 0 0 0 
-0.941544 -0.33689 0 0 0 0 
-0.914419 -0.36837 0 0 0 0 
-0.932993 -0.359895 0 0 0 0 
-0.92388 -0.382683 0 0 0 0 
1 2 6
2 7 6
2 3 7
3 8 7
3 4 8
4 9 8
4 5 9
6 7 10
7 11 10
7 8 11
8 12 11
8 9 12
10 11 13
11 14 13
11 12 14
13 14 15
ZONE N=15, E=16, F=FEPOINT, ET=TRIANGLE
-0.825347 -0.227222 0 0 0 0 
-0.825051 -0.203411 0 0 0 0 
-0.824754 -0.1796 0 0 0 0 
-0.824458 -0.155789 0 0 0 0 
-0.824161 -0.131978 0 0 0 0 
-0.839223 -0.217911 0 0 0 0 
-0.838926 -0.1941 0 0 0 0 
-0.83863 -0.170289 0 0 0 0 
-0.838334 -0.146478 0 0 0 0 
-0.853099 -0.208599 0 0 0 0 
-0.852802 -0.184788 0 0 0 0 
-0.852506 -0.160977 0 0 0 0 
-0.866974 -0.199288 0 0 0 0 
-0.866678 -0.175477 0 0 0 0 
-0.88085 -0.189976 0 0 0 0 
1 2 6
2 7 6
2 3 7
3 8 7
3 4 8
4 9 8
4 5 9
6 7 10
7 11 10
7 8 11
8 12 11
8 9 12
10 11 13
11 14 13
11 12 14
13 14 15
ZONE N=15, E=16, F=FEPOINT, ET=TRIANGLE
-0.488929 -0.242143 0 0 0 0 
-0.503426 -0.230102 0 0 0 0 
-0.517923 -0.218062 0 0 0 0 
-0.53242 -0.206021 0 0 0 0 
-0.546916 -0.19398 0 0 0 0 
-0.514438 -0.251652 0 0 0 0 
-0.528935 -0.239611 0 0 0 0 
-0.543432 -0.227571 0 0 0 0 
-0.557929 -0.21553 0 0 0 0 
-0.539947 -0.261161 0 0 0 0 
-0.554444 -0.24912 0 0 0 0 
-0.568941 -0.23708 0 0 0 0 
-0.565456 -0.27067 0 0 0 0 
-0.579953 -0.258629 0 0 0 0 
-0.590965 -0.280179 0 0 0 0 
1 2 6
2 7 6
2 3 7
3 8 7
3 4 8
4 9 8
4 5 9
6 7 10
7 11 10
7 8 11
8 12 11
8 9 12
10 11 13
11 14 13
11 12 14
13 14 15
ZONE N=15, E=16, F=FEPOINT, ET=TRIANGLE
-0.588481 0.0685116 0 0 0 0 
-0.563974 0.0716334 0 0 0 0 
-0.539467 0.0747553 0 0 0 0 
-0.514959 0.0778772 0 0 0 0 
-0.490452 0.080999 0 0 0 0 
-0.574668 0.0889942 0 0 0 0 
-0.55016 0.092116 0 0 0 0 
-0.525653 0.0952379 0 0 0 0 
-0.501146 0.0983598 0 0 0 0 
-0.560854 0.109477 0 0 0 0 
-0.536347 0.112599 0 0 0 0 
-0.511839 0.115721 0 0 0 0 
-0.54704 0.129959 0 0 0 0 
-0.522533 0.133081 0 0 0 0 
-0.533227 0.150442 0 0 0 0 
1 2 6
2 7 6
2 3 7
3 8 7
3 4 8
4 9 8
4 5 9
6 7 10
7 11 10
7 8 11
8 12 11
8 9 12
10 11 13
11 14 13
11 12 14
13 14 15
ZONE N=15, E=16, F=FEPOINT, ET=TRIANGLE
-0.824161 -0.131978 0 0 0 0 
-0.810681 -0.146331 0 0 0 0 
-0.797201 -0.160685 0 0 0 0 
-0.783721 -0.175038 0 0 0 0 
-0.770241 -0.189391 0 0 0 0 
-0.810427 -0.119079 0 0 0 0 
-0.796947 -0.133433 0 0 0 0 
-0.783467 -0.147786 0 0 0 0 
-0.769987 -0.162139 0 0 0 0 
-0.796693 -0.10618 0 0 0 0 
-0.783213 -0.120534 0 0 0 0 
-0.769733 -0.134887 0 0 0 0 
-0.782958 -0.0932818 0 0 0 0 
-0.769478 -0.107635 0 0 0 0 
-0.769224 -0.080383 0 0 0 0 
1 2 6
2 7 6
2 3 7
3 8 7
3 4 8
4 9 8
4 5 9
6 7 10
7 11 10
7 8 11
8 12 11
8 9 12
10 11 13
11 14 13
11 12 14
13 14 15
ZONE N=15, E=16, F=FEPOINT, ET=TRIANGLE
-0.95694 -0.290285 0 0 0 0 
-0.937918 -0.265208 0 0 0 0 
-0.918895 -0.240131 0 0 0 0 
-0.899873 -0.215053 0 0 0 0 
-0.88085 -0.189976 0 0 0 0 
-0.963776 -0.266713 0 0 0 0 
-0.944463 -0.241558 0 0 0 0 
-0.925148 -0.216405 0 0 0 0 
-0.905834 -0.191255 0 0 0 0 
-0.970031 -0.24298 0 0 0 0 
-0.950425 -0.217754 0 0 0 0 
-0.930818 -0.192533 0 0 0 0 
-0.975702 -0.219101 0 0 0 0 
-0.955801 -0.193812 0 0 0 0 
-0.980785 -0.19509 0 0 0 0 
1 2 6
2 7 6
2 3 7
3 8 7
3 4 8
4 9 8
4 5 9
6 7 10
7 11 10
7 8 11
8 12 11
8 9 12
10 11 13
11 14 13
11 12 14
13 14 15
ZONE N=15, E=16, F=FEPOINT, ET=TRIANGLE
-0.695423 -0.065099 0 0 0 0 
-0.710173 -0.0403327 0 0 0 0 
-0.724923 -0.0155665 0 0 0 0 
-0.739673 0.0091998 0 0 0 0 
-0.754423 0.0339661 0 0 0 0 
-0.713874 -0.06892 0 0 0 0 
-0.728623 -0.0441537 0 0 0 0 
-0.743373 -0.0193875 0 0 0 0 
-0.758123 0.00537878 0 0 0 0 
-0.732324 -0.072741 0 0 0 0 
-0.747074 -0.0479748 0 0 0 0 
-0.761823 -0.0232085 0 0 0 0 
-0.750774 -0.076562 0 0 0 0 
-0.765524 -0.0517958 0 0 0 0 
-0.769224 -0.080383 0 0 0 0 
1 2 6
2 7 6
2 3 7
3 8 7
3 4 8
4 9 8
4 5 9
6 7 10
7 11 10
7 8 11
8 12 11
8 9 12
10 11 13
11 14 13
11 12 14
13 14 15
ZONE N=15, E=16, F=FEPOINT, ET=TRIANGLE
-0.588481 0.0685116 0 0 0 0 
-0.582252 0.0537079 0 0 0 0 
-0.576024 0.0389043 0 0 0 0 
-0.569795 0.0241006 0 0 0 0 
-0.563566 0.00929698 0 0 0 0 
-0.563974 0.0716334 0 0 0 0 
-0.557745 0.0568298 0 0 0 0 
-0.551516 0.0420261 0 0 0 0 
-0.545288 0.0272225 0 0 0 0 
-0.539467 0.0747553 0 0 0 0 
-0.533238 0.0599516 0 0 0 0 
-0.527009 0.045148 0 0 0 0 
-0.514959 0.0778772 0 0 0 0 
-0.508731 0.0630735 0 0 0 0 
-0.490452 0.080999 0 0 0 0 
1 2 6
2 7 6
2 3 7
3 8 7
3 4 8
4 9 8
4 5 9
6 7 10
7 11 10
7 8 11
8 12 11
8 9 12
10 11 13
11 14 13
11 12 14
13 14 15
ZONE N=15, E=16, F=FEPOINT, ET=TRIANGLE
-0.804302 0.085175 0 0 0 0 
-0.790726 0.101177 0 0 0 0 
-0.777151 0.11718 0 0 0 0 
-0.763575 0.133182 0 0 0 0 
-0.75 0.149184 0 0 0 0 
-0.811993 0.101307 0 0 0 0 
-0.798417 0.117309 0 0 0 0 
-0.784842 0.133312 0 0 0 0 
-0.771266 0.149314 0 0 0 0 
-0.819684 0.117439 0 0 0 0 
-0.806108 0.133441 0 0 0 0 
-0.792533 0.149444 0 0 0 0 
-0.827374 0.133571 0 0 0 0 
-0.813799 0.149573 0 0 0 0 
-0.835065 0.149703 0 0 0 0 
1 2 6
2 7 6
2 3 7
3 8 7
3 4 8
4 9 8
4 5 9
6 7 10
7 11 10
7 8 11
8 12 11
8 9 12
10 11 13
11 14 13
11 12 14
13 14 15
ZONE N=15, E=16, F=FEPOINT, ET=TRIANGLE
-0.835065 0.149703 0 0 0 0 
-0.845049 0.130925 0 0 0 0 
-0.855033 0.112148 0 0 0 0 
-0.865016 0.0933698 0 0 0 0 
-0.875 0.0745921 0 0 0 0 
-0.827374 0.133571 0 0 0 0 
-0.837358 0.114793 0 0 0 0 
-0.847342 0.0960155 0 0 0 0 
-0.857325 0.0772379 0 0 0 0 
-0.819684 0.117439 0 0 0 0 
-0.829667 0.0986613 0 0 0 0 
-0.839651 0.0798836 0 0 0 0 
-0.811993 0.101307 0 0 0 0 
-0.821976 0.0825293 0 0 0 0 
-0.804302 0.085175 0 0 0 0 
1 2 6
2 7 6
2 3 7
3 8 7
3 4 8
4 9 8
4 5 9
6 7 10
7 11 10
7 8 11
8 12 11
8 9 12
10 11 13
11 14 13
11 12 14
13 14 15
ZONE N=15, E=16, F=FEPOINT, ET=TRIANGLE
-0.91847 0.132967 0 0 0 0 
-0.934049 0.148498 0 0 0 0 
-0.949628 0.164029 0 0 0 0 
-0.965206 0.179559 0 0 0 0 
-0.980785 0.19509 0 0 0 0 
-0.937649 0.124229 0 0 0 0 
-0.953525 0.139805 0 0 0 0 
-0.969402 0.155382 0 0 0 0 
-0.985278 0.170962 0 0 0 0 
-0.956827 0.115492 0 0 0 0 
-0.973002 0.131109 0 0 0 0 
-0.989177 0.14673 0 0 0 0 
-0.976006 0.106755 0 0 0 0 
-0.99248 0.122411 0 0 0 0 
-0.995185 0.0980171 0 0 0 0 
1 2 6
2 7 6
2 3 7
3 8 7
3 4 8
4 9 8
4 5 9
6 7 10
7 11 10
7 8 11
8 12 11
8 9 12
10 11 13
11 14 13
11 12 14
13 14 15
ZONE N=15, E=16, F=FEPOINT, ET=TRIANGLE
-0.835065 0.149703 0 0 0 0 
-0.824281 0.174483 0 0 0 0 
-0.813496 0.199263 0 0 0 0 
-0.802711 0.224044 0 0 0 0 
-0.791927 0.248824 0 0 0 0 
-0.848461 0.162414 0 0 0 0 
-0.837677 0.187194 0 0 0 0 
-0.826892 0.211974 0 0 0 0 
-0.816107 0.236754 0 0 0 0 
-0.861857 0.175125 0 0 0 0 
-0.851073 0.199905 0 0 0 0 
-0.840288 0.224685 0 0 0 0 
-0.875253 0.187835 0 0 0 0 
-0.864468 0.212616 0 0 0 0 
-0.888649 0.200546 0 0 0 0 
1 2 6
2 7 6
2 3 7
3 8 7
3 4 8
4 9 8
4 5 9
6 7 10
7 11 10
7 8 11
8 12 11
8 9 12
10 11 13
11 14 13
11 12 14
13 14 15
ZONE N=15, E=16, F=FEPOINT, ET=TRIANGLE
-0.888649 0.200546 0 0 0 0 
-0.896104 0.183651 0 0 0 0 
-0.903559 0.166757 0 0 0 0 
-0.911015 0.149862 0 0 0 0 
-0.91847 0.132967 0 0 0 0 
-0.875253 0.187835 0 0 0 0 
-0.882708 0.170941 0 0 0 0 
-0.890164 0.154046 0 0 0 0 
-0.897619 0.137151 0 0 0 0 
-0.861857 0.175125 0 0 0 0 
-0.869312 0.15823 0 0 0 0 
-0.876768 0.141335 0 0 0 0 
-0.848461 0.162414 0 0 0 0 
-0.855917 0.145519 0 0 0 0 
-0.835065 0.149703 0 0 0 0 
1 2 6
2 7 6
2 3 7
3 8 7
3 4 8
4 9 8
4 5 9
6 7 10
7 11 10
7 8 11
8 12 11
8 9 12
10 11 13
11 14 13
11 12 14
13 14 15
ZONE N=15, E=16, F=FEPOINT, ET=TRIANGLE
-0.75 0.149184 0 0 0 0 
-0.760482 0.174094 0 0 0 0 
-0.770963 0.199004 0 0 0 0 
-0.781445 0.223914 0 0 0 0 
-0.791927 0.248824 0 0 0 0 
-0.771266 0.149314 0 0 0 0 
-0.781748 0.174224 0 0 0 0 
-0.79223 0.199134 0 0 0 0 
-0.802711 0.224044 0 0 0 0 
-0.792533 0.149444 0 0 0 0 
-0.803014 0.174353 0 0 0 0 
-0.813496 0.199263 0 0 0 0 
-0.813799 0.149573 0 0 0 0 
-0.824281 0.174483 0 0 0 0 
-0.835065 0.149703 0 0 0 0 
1 2 6
2 7 6
2 3 7
3 8 7
3 4 8
4 9 8
4 5 9
6 7 10
7 11 10
7 8 11
8 12 11
8 9 12
10 11 13
11 14 13
11 12 14
13 14 15
ZONE N=15, E=16, F=FEPOINT, ET=TRIANGLE
-0.888649 0.200546 0 0 0 0 
-0.905722 0.222981 0 0 0 0 
-0.922795 0.245415 0 0 0 0 
-0.939868 0.26785 0 0 0 0 
-0.95694 0.290285 0 0 0 0 
-0.911683 0.199182 0 0 0 0 
-0.929048 0.22169 0 0 0 0 
-0.946412 0.2442 0 0 0 0 
-0.963776 0.266713 0 0 0 0 
-0.934717 0.197818 0 0 0 0 
-0.952375 0.220397 0 0 0 0 
-0.970031 0.24298 0 0 0 0 
-0.957751 0.196454 0 0 0 0 
-0.975702 0.219101 0 0 0 0 
-0.980785 0.19509 0 0 0 0 
1 2 6
2 7 6
2 3 7
3 8 7
3 4 8
4 9 8
4 5 9
6 7 10
7 11 10
7 8 11
8 12 11
8 9 12
10 11 13
11 14 13
11 12 14
13 14 15
ZONE N=15, E=16, F=FEPOINT, ET=TRIANGLE
-0.812777 0.366293 0 0 0 0 
-0.797858 0.361299 0 0 0 0 
-0.782939 0.356304 0 0 0 0 
-0.76802 0.351309 0 0 0 0 
-0.753101 0.346314 0 0 0 0 
-0.792227 0.382335 0 0 0 0 
-0.777308 0.37734 0 0 0 0 
-0.762389 0.372345 0 0 0 0 
-0.74747 0.36735 0 0 0 0 
-0.771676 0.398376 0 0 0 0 
-0.756758 0.393381 0 0 0 0 
-0.741839 0.388386 0 0 0 0 
-0.751126 0.414417 0 0 0 0 
-0.736207 0.409422 0 0 0 0 
-0.730576 0.430458 0 0 0 0 
1 2 6
2 7 6
2 3 7
3 8 7
3 4 8
4 9 8
4 5 9
6 7 10
7 11 10
7 8 11
8 12 11
8 9 12
10 11 13
11 14 13
11 12 14
13 14 15
ZONE N=15, E=16, F=FEPOINT, ET=TRIANGLE
-0.854461 0.319147 0 0 0 0 
-0.871815 0.335031 0 0 0 0 
-0.88917 0.350915 0 0 0 0 
-0.906525 0.366799 0 0 0 0 
-0.92388 0.382683 0 0 0 0 
-0.880081 0.311931 0 0 0 0 
-0.897719 0.327917 0 0 0 0 
-0.915356 0.343905 0 0 0 0 
-0.932993 0.359895 0 0 0 0 
-0.905701 0.304716 0 0 0 0 
-0.923623 0.320801 0 0 0 0 
-0.941544 0.33689 0 0 0 0 
-0.93132 0.2975 0 0 0 0 
-0.949528 0.313682 0 0 0 0 
-0.95694 0.290285 0 0 0 0 
1 2 6
2 7 6
2 3 7
3 8 7
3 4 8
4 9 8
4 5 9
6 7 10
7 11 10
7 8 11
8 12 11
8 9 12
10 11 13
11 14 13
11 12 14
13 14 15
ZONE N=15, E=16, F=FEPOINT, ET=TRIANGLE
-0.875 0.0745921 0 0 0 0 
-0.863818 0.0602498 0 0 0 0 
-0.852636 0.0459074 0 0 0 0 
-0.841453 0.0315651 0 0 0 0 
-0.830271 0.0172227 0 0 0 0 
-0.857325 0.0772379 0 0 0 0 
-0.846143 0.0628955 0 0 0 0 
-0.834961 0.0485531 0 0 0 0 
-0.823779 0.0342108 0 0 0 0 
-0.839651 0.0798836 0 0 0 0 
-0.828469 0.0655412 0 0 0 0 
-0.817286 0.0511989 0 0 0 0 
-0.821976 0.0825293 0 0 0 0 
-0.810794 0.0681869 0 0 0 0 
-0.804302 0.085175 0 0 0 0 
1 2 6
2 7 6
2 3 7
3 8 7
3 4 8
4 9 8
4 5 9
6 7 10
7 11 10
7 8 11
8 12 11
8 9 12
10 11 13
11 14 13
11 12 14
13 14 15
ZONE N=15, E=16, F=FEPOINT, ET=TRIANGLE
-0.791927 0.248824 0 0 0 0 
-0.80756 0.266405 0 0 0 0 
-0.823194 0.283985 0 0 0 0 
-0.838827 0.301566 0 0 0 0 
-0.854461 0.319147 0 0 0 0 
-0.816107 0.236754 0 0 0 0 
-0.831741 0.254335 0 0 0 0 
-0.847374 0.271916 0 0 0 0 
-0.863008 0.289497 0 0 0 0 
-0.840288 0.224685 0 0 0 0 
-0.855921 0.242266 0 0 0 0 
-0.871555 0.259847 0 0 0 0 
-0.864468 0.212616 0 0 0 0 
-0.880102 0.230197 0 0 0 0 
-0.888649 0.200546 0 0 0 0 
1 2 6
2 7 6
2 3 7
3 8 7
3 4 8
4 9 8
4 5 9
6 7 10
7 11 10
7 8 11
8 12 11
8 9 12
10 11 13
11 14 13
11 12 14
13 14 15
ZONE N=15, E=16, F=FEPOINT, ET=TRIANGLE
-0.700046 0.0895728 0 0 0 0 
-0.72611 0.0884733 0 0 0 0 
-0.752174 0.0873739 0 0 0 0 
-0.778238 0.0862745 0 0 0 0 
-0.804302 0.085175 0 0 0 0 
-0.71364 0.0756711 0 0 0 0 
-0.739704 0.0745716 0 0 0 0 
-0.765768 0.0734722 0 0 0 0 
-0.791832 0.0723728 0 0 0 0 
-0.727234 0.0617694 0 0 0 0 
-0.753298 0.06067 0 0 0 0 
-0.779362 0.0595705 0 0 0 0 
-0.740829 0.0478677 0 0 0 0 
-0.766892 0.0467683 0 0 0 0 
-0.754423 0.0339661 0 0 0 0 
1 2 6
2 7 6
2 3 7
3 8 7
3 4 8
4 9 8
4 5 9
6 7 10
7 11 10
7 8 11
8 12 11
8 9 12
10 11 13
11 14 13
11 12 14
13 14 15
ZONE N=15, E=16, F=FEPOINT, ET=TRIANGLE
-0.875 0.0745921 0 0 0 0 
-0.890625 0.0652681 0 0 0 0 
-0.90625 0.0559441 0 0 0 0 
-0.921875 0.0466201 0 0 0 0 
-0.9375 0.0372961 0 0 0 0 
-0.863818 0.0602498 0 0 0 0 
-0.879443 0.0509258 0 0 0 0 
-0.895068 0.0416017 0 0 0 0 
-0.910693 0.0322777 0 0 0 0 
-0.852636 0.0459074 0 0 0 0 
-0.868261 0.0365834 0 0 0 0 
-0.883886 0.0272594 0 0 0 0 
-0.841453 0.0315651 0 0 0 0 
-0.857078 0.0222411 0 0 0 0 
-0.830271 0.0172227 0 0 0 0 
1 2 6
2 7 6
2 3 7
3 8 7
3 4 8
4 9 8
4 5 9
6 7 10
7 11 10
7 8 11
8 12 11
8 9 12
10 11 13
11 14 13
11 12 14
13 14 15
ZONE N=15, E=16, F=FEPOINT, ET=TRIANGLE
-0.769224 -0.080383 0 0 0 0 
-0.784486 -0.0559816 0 0 0 0 
-0.799748 -0.0315802 0 0 0 0 
-0.815009 -0.00717872 0 0 0 0 
-0.830271 0.0172227 0 0 0 0 
-0.786952 -0.0740001 0 0 0 0 
-0.802213 -0.0495986 0 0 0 0 
-0.817475 -0.0251972 0 0 0 0 
-0.832737 -0.00079575 0 0 0 0 
-0.804679 -0.0676171 0 0 0 0 
-0.819941 -0.0432157 0 0 0 0 
-0.835203 -0.0188142 0 0 0 0 
-0.822407 -0.0612341 0 0 0 0 
-0.837669 -0.0368327 0 0 0 0 
-0.840134 -0.0548512 0 0 0 0 
1 2 6
2 7 6
2 3 7
3 8 7
3 4 8
4 9 8
4 5 9
6 7 10
7 11 10
7 8 11
8 12 11
8 9 12
10 11 13
11 14 13
11 12 14
13 14 15
ZONE N=15, E=16, F=FEPOINT, ET=TRIANGLE
-0.733069 -0.366045 0 0 0 0 
-0.716727 -0.378548 0 0 0 0 
-0.700385 -0.391051 0 0 0 0 
-0.684042 -0.403554 0 0 0 0 
-0.6677 -0.416057 0 0 0 0 
-0.713402 -0.358242 0 0 0 0 
-0.697059 -0.370745 0 0 0 0 
-0.680717 -0.383248 0 0 0 0 
-0.664375 -0.395751 0 0 0 0 
-0.693734 -0.350439 0 0 0 0 
-0.677392 -0.362942 0 0 0 0 
-0.66105 -0.375445 0 0 0 0 
-0.674067 -0.342636 0 0 0 0 
-0.657724 -0.355139 0 0 0 0 
-0.654399 -0.334832 0 0 0 0 
1 2 6
2 7 6
2 3 7
3 8 7
3 4 8
4 9 8
4 5 9
6 7 10
7 11 10
7 8 11
8 12 11
8 9 12
10 11 13
11 14 13
11 12 14
13 14 15
ZONE N=15, E=16, F=FEPOINT, ET=TRIANGLE
-0.719734 -0.282466 0 0 0 0 
-0.703772 -0.274628 0 0 0 0 
-0.68781 -0.266791 0 0 0 0 
-0.671848 -0.258953 0 0 0 0 
-0.655886 -0.251115 0 0 0 0 
-0.713857 -0.256653 0 0 0 0 
-0.697895 -0.248815 0 0 0 0 
-0.681933 -0.240977 0 0 0 0 
-0.665971 -0.233139 0 0 0 0 
-0.707981 -0.230839 0 0 0 0 
-0.692019 -0.223001 0 0 0 0 
-0.676057 -0.215164 0 0 0 0 
-0.702104 -0.205026 0 0 0 0 
-0.686142 -0.197188 0 0 0 0 
-0.696227 -0.179212 0 0 0 0 
1 2 6
2 7 6
2 3 7
3 8 7
3 4 8
4 9 8
4 5 9
6 7 10
7 11 10
7 8 11
8 12 11
8 9 12
10 11 13
11 14 13
11 12 14
13 14 15
ZONE N=15, E=16, F=FEPOINT, ET=TRIANGLE
-0.739445 0.512602 0 0 0 0 
-0.753548 0.500691 0 0 0 0 
-0.767651 0.488781 0 0 0 0 
-0.781754 0.476871 0 0 0 0 
-0.795858 0.46496 0 0 0 0 
-0.737228 0.492066 0 0 0 0 
-0.751331 0.480156 0 0 0 0 
-0.765434 0.468245 0 0 0 0 
-0.779537 0.456335 0 0 0 0 
-0.73501 0.47153 0 0 0 0 
-0.749114 0.45962 0 0 0 0 
-0.763217 0.447709 0 0 0 0 
-0.732793 0.450994 0 0 0 0 
-0.746896 0.439084 0 0 0 0 
-0.730576 0.430458 0 0 0 0 
1 2 6
2 7 6
2 3 7
3 8 7
3 4 8
4 9 8
4 5 9
6 7 10
7 11 10
7 8 11
8 12 11
8 9 12
10 11 13
11 14 13
11 12 14
13 14 15
ZONE N=15, E=16, F=FEPOINT, ET=TRIANGLE
-0.812777 0.366293 0 0 0 0 
-0.830063 0.392569 0 0 0 0 
-0.847349 0.418845 0 0 0 0 
-0.864635 0.445121 0 0 0 0 
-0.881921 0.471397 0 0 0 0 
-0.840552 0.370391 0 0 0 0 
-0.858111 0.396795 0 0 0 0 
-0.875668 0.423202 0 0 0 0 
-0.893224 0.449611 0 0 0 0 
-0.868328 0.374488 0 0 0 0 
-0.88616 0.40102 0 0 0 0 
-0.903989 0.427555 0 0 0 0 
-0.896104 0.378586 0 0 0 0 
-0.91421 0.405241 0 0 0 0 
-0.92388 0.382683 0 0 0 0 
1 2 6
2 7 6
2 3 7
3 8 7
3 4 8
4 9 8
4 5 9
6 7 10
7 11 10
7 8 11
8 12 11
8 9 12
10 11 13
11 14 13
11 12 14
13 14 15
ZONE N=15, E=16, F=FEPOINT, ET=TRIANGLE
-0.83147 -0.55557 0 0 0 0 
-0.823215 -0.53539 0 0 0 0 
-0.814961 -0.51521 0 0 0 0 
-0.806706 -0.49503 0 0 0 0 
-0.798451 -0.47485 0 0 0 0 
-0.844854 -0.534998 0 0 0 0 
-0.836343 -0.514659 0 0 0 0 
-0.827832 -0.494322 0 0 0 0 
-0.819319 -0.473987 0 0 0 0 
-0.857729 -0.514103 0 0 0 0 
-0.848959 -0.493611 0 0 0 0 
-0.840186 -0.473123 0 0 0 0 
-0.870087 -0.492898 0 0 0 0 
-0.861054 -0.47226 0 0 0 0 
-0.881921 -0.471397 0 0 0 0 
1 2 6
2 7 6
2 3 7
3 8 7
3 4 8
4 9 8
4 5 9
6 7 10
7 11 10
7 8 11
8 12 11
8 9 12
10 11 13
11 14 13
11 12 14
13 14 15
ZONE N=15, E=16, F=FEPOINT, ET=TRIANGLE
-0.824993 -0.294063 0 0 0 0 
-0.825082 -0.277353 0 0 0 0 
-0.82517 -0.260642 0 0 0 0 
-0.825259 -0.243932 0 0 0 0 
-0.825347 -0.227222 0 0 0 0 
-0.840254 -0.301904 0 0 0 0 
-0.840343 -0.285194 0 0 0 0 
-0.840431 -0.268484 0 0 0 0 
-0.84052 -0.251774 0 0 0 0 
-0.855516 -0.309745 0 0 0 0 
-0.855604 -0.293035 0 0 0 0 
-0.855692 -0.276325 0 0 0 0 
-0.870777 -0.317587 0 0 0 0 
-0.870865 -0.300877 0 0 0 0 
-0.886038 -0.325428 0 0 0 0 
1 2 6
2 7 6
2 3 7
3 8 7
3 4 8
4 9 8
4 5 9
6 7 10
7 11 10
7 8 11
8 12 11
8 9 12
10 11 13
11 14 13
11 12 14
13 14 15
ZONE N=15, E=16, F=FEPOINT, ET=TRIANGLE
-0.818913 -0.380984 0 0 0 0 
-0.797452 -0.377249 0 0 0 0 
-0.775991 -0.373515 0 0 0 0 
-0.75453 -0.36978 0 0 0 0 
-0.733069 -0.366045 0 0 0 0 
-0.820433 -0.359253 0 0 0 0 
-0.798972 -0.355519 0 0 0 0 
-0.777511 -0.351784 0 0 0 0 
-0.75605 -0.34805 0 0 0 0 
-0.821953 -0.337523 0 0 0 0 
-0.800492 -0.333789 0 0 0 0 
-0.779031 -0.330054 0 0 0 0 
-0.823473 -0.315793 0 0 0 0 
-0.802012 -0.312058 0 0 0 0 
-0.824993 -0.294063 0 0 0 0 
1 2 6
2 7 6
2 3 7
3 8 7
3 4 8
4 9 8
4 5 9
6 7 10
7 11 10
7 8 11
8 12 11
8 9 12
10 11 13
11 14 13
11 12 14
13 14 15
ZONE N=15, E=16, F=FEPOINT, ET=TRIANGLE
-0.886038 -0.325428 0 0 0 0 
-0.895498 -0.339742 0 0 0 0 
-0.904959 -0.354056 0 0 0 0 
-0.914419 -0.36837 0 0 0 0 
-0.92388 -0.382683 0 0 0 0 
-0.869256 -0.339317 0 0 0 0 
-0.878717 -0.353631 0 0 0 0 
-0.888177 -0.367945 0 0 0 0 
-0.897638 -0.382258 0 0 0 0 
-0.852475 -0.353206 0 0 0 0 
-0.861936 -0.36752 0 0 0 0 
-0.871396 -0.381834 0 0 0 0 
-0.835694 -0.367095 0 0 0 0 
-0.845154 -0.381409 0 0 0 0 
-0.818913 -0.380984 0 0 0 0 
1 2 6
2 7 6
2 3 7
3 8 7
3 4 8
4 9 8
4 5 9
6 7 10
7 11 10
7 8 11
8 12 11
8 9 12
10 11 13
11 14 13
11 12 14
13 14 15
ZONE N=15, E=16, F=FEPOINT, ET=TRIANGLE
-0.590965 -0.280179 0 0 0 0 
-0.606823 -0.293842 0 0 0 0 
-0.622682 -0.307506 0 0 0 0 
-0.63854 -0.321169 0 0 0 0 
-0.654399 -0.334832 0 0 0 0 
-0.581176 -0.302311 0 0 0 0 
-0.597035 -0.315975 0 0 0 0 
-0.612893 -0.329638 0 0 0 0 
-0.628752 -0.343301 0 0 0 0 
-0.571388 -0.324444 0 0 0 0 
-0.587247 -0.338107 0 0 0 0 
-0.603105 -0.35177 0 0 0 0 
-0.5616 -0.346576 0 0 0 0 
-0.577458 -0.360239 0 0 0 0 
-0.551811 -0.368708 0 0 0 0 
1 2 6
2 7 6
2 3 7
3 8 7
3 4 8
4 9 8
4 5 9
6 7 10
7 11 10
7 8 11
8 12 11
8 9 12
10 11 13
11 14 13
11 12 14
13 14 15
ZONE N=15, E=16, F=FEPOINT, ET=TRIANGLE
-0.533227 0.150442 0 0 0 0 
-0.543892 0.167705 0 0 0 0 
-0.554557 0.184969 0 0 0 0 
-0.565221 0.202232 0 0 0 0 
-0.575886 0.219496 0 0 0 0 
-0.561925 0.149678 0 0 0 0 
-0.57259 0.166941 0 0 0 0 
-0.583255 0.184204 0 0 0 0 
-0.59392 0.201468 0 0 0 0 
-0.590623 0.148913 0 0 0 0 
-0.601288 0.166176 0 0 0 0 
-0.611953 0.18344 0 0 0 0 
-0.619321 0.148148 0 0 0 0 
-0.629986 0.165412 0 0 0 0 
-0.648019 0.147384 0 0 0 0 
1 2 6
2 7 6
2 3 7
3 8 7
3 4 8
4 9 8
4 5 9
6 7 10
7 11 10
7 8 11
8 12 11
8 9 12
10 11 13
11 14 13
11 12 14
13 14 15
ZONE N=15, E=16, F=FEPOINT, ET=TRIANGLE
-0.520732 0.440171 0 0 0 0 
-0.517956 0.457031 0 0 0 0 
-0.515181 0.47389 0 0 0 0 
-0.512405 0.49075 0 0 0 0 
-0.50963 0.507609 0 0 0 0 
-0.539046 0.443511 0 0 0 0 
-0.536271 0.460371 0 0 0 0 
-0.533495 0.47723 0 0 0 0 
-0.53072 0.49409 0 0 0 0 
-0.557361 0.446851 0 0 0 0 
-0.554585 0.463711 0 0 0 0 
-0.55181 0.48057 0 0 0 0 
-0.575675 0.450191 0 0 0 0 
-0.5729 0.467051 0 0 0 0 
-0.59399 0.453531 0 0 0 0 
1 2 6
2 7 6
2 3 7
3 8 7
3 4 8
4 9 8
4 5 9
6 7 10
7 11 10
7 8 11
8 12 11
8 9 12
10 11 13
11 14 13
11 12 14
13 14 15
ZONE N=15, E=16, F=FEPOINT, ET=TRIANGLE
-0.753101 0.346314 0 0 0 0 
-0.762808 0.321942 0 0 0 0 
-0.772514 0.297569 0 0 0 0 
-0.78222 0.273196 0 0 0 0 
-0.791927 0.248824 0 0 0 0 
-0.745264 0.329074 0 0 0 0 
-0.75497 0.304701 0 0 0 0 
-0.764677 0.280329 0 0 0 0 
-0.774383 0.255956 0 0 0 0 
-0.737426 0.311834 0 0 0 0 
-0.747133 0.287461 0 0 0 0 
-0.756839 0.263088 0 0 0 0 
-0.729589 0.294593 0 0 0 0 
-0.739295 0.270221 0 0 0 0 
-0.721752 0.277353 0 0 0 0 
1 2 6
2 7 6
2 3 7
3 8 7
3 4 8
4 9 8
4 5 9
6 7 10
7 11 10
7 8 11
8 12 11
8 9 12
10 11 13
11 14 13
11 12 14
13 14 15
ZONE N=15, E=16, F=FEPOINT, ET=TRIANGLE
-0.791927 0.248824 0 0 0 0 
-0.768484 0.235808 0 0 0 0 
-0.74504 0.222792 0 0 0 0 
-0.721597 0.209776 0 0 0 0 
-0.698154 0.19676 0 0 0 0 
-0.774383 0.255956 0 0 0 0 
-0.75094 0.24294 0 0 0 0 
-0.727497 0.229924 0 0 0 0 
-0.704053 0.216908 0 0 0 0 
-0.756839 0.263088 0 0 0 0 
-0.733396 0.250072 0 0 0 0 
-0.709953 0.237056 0 0 0 0 
-0.739295 0.270221 0 0 0 0 
-0.715852 0.257205 0 0 0 0 
-0.721752 0.277353 0 0 0 0 
1 2 6
2 7 6
2 3 7
3 8 7
3 4 8
4 9 8
4 5 9
6 7 10
7 11 10
7 8 11
8 12 11
8 9 12
10 11 13
11 14 13
11 12 14
13 14 15
ZONE N=15, E=16, F=FEPOINT, ET=TRIANGLE
-0.795858 0.46496 0 0 0 0 
-0.804761 0.487613 0 0 0 0 
-0.813664 0.510265 0 0 0 0 
-0.822567 0.532918 0 0 0 0 
-0.83147 0.55557 0 0 0 0 
-0.817373 0.46657 0 0 0 0 
-0.826535 0.489377 0 0 0 0 
-0.835695 0.512186 0 0 0 0 
-0.844854 0.534998 0 0 0 0 
-0.838889 0.468179 0 0 0 0 
-0.84831 0.491139 0 0 0 0 
-0.857729 0.514103 0 0 0 0 
-0.860405 0.469788 0 0 0 0 
-0.870087 0.492898 0 0 0 0 
-0.881921 0.471397 0 0 0 0 
1 2 6
2 7 6
2 3 7
3 8 7
3 4 8
4 9 8
4 5 9
6 7 10
7 11 10
7 8 11
8 12 11
8 9 12
10 11 13
11 14 13
11 12 14
13 14 15
ZONE N=15, E=16, F=FEPOINT, ET=TRIANGLE
-0.730576 0.430458 0 0 0 0 
-0.746896 0.439084 0 0 0 0 
-0.763217 0.447709 0 0 0 0 
-0.779537 0.456335 0 0 0 0 
-0.795858 0.46496 0 0 0 0 
-0.751126 0.414417 0 0 0 0 
-0.767447 0.423043 0 0 0 0 
-0.783767 0.431668 0 0 0 0 
-0.800087 0.440294 0 0 0 0 
-0.771676 0.398376 0 0 0 0 
-0.787997 0.407001 0 0 0 0 
-0.804317 0.415627 0 0 0 0 
-0.792227 0.382335 0 0 0 0 
-0.808547 0.39096 0 0 0 0 
-0.812777 0.366293 0 0 0 0 
1 2 6
2 7 6
2 3 7
3 8 7
3 4 8
4 9 8
4 5 9
6 7 10
7 11 10
7 8 11
8 12 11
8 9 12
10 11 13
11 14 13
11 12 14
13 14 15
ZONE N=15, E=16, F=FEPOINT, ET=TRIANGLE
-0.812777 0.366293 0 0 0 0 
-0.823198 0.354507 0 0 0 0 
-0.833619 0.34272 0 0 0 0 
-0.84404 0.330934 0 0 0 0 
-0.854461 0.319147 0 0 0 0 
-0.797858 0.361299 0 0 0 0 
-0.808279 0.349512 0 0 0 0 
-0.8187 0.337725 0 0 0 0 
-0.829121 0.325939 0 0 0 0 
-0.782939 0.356304 0 0 0 0 
-0.79336 0.344517 0 0 0 0 
-0.803781 0.332731 0 0 0 0 
-0.76802 0.351309 0 0 0 0 
-0.778441 0.339522 0 0 0 0 
-0.753101 0.346314 0 0 0 0 
1 2 6
2 7 6
2 3 7
3 8 7
3 4 8
4 9 8
4 5 9
6 7 10
7 11 10
7 8 11
8 12 11
8 9 12
10 11 13
11 14 13
11 12 14
13 14 15
ZONE N=15, E=16, F=FEPOINT, ET=TRIANGLE
-0.494266 0.222215 0 0 0 0 
-0.484497 0.205297 0 0 0 0 
-0.474728 0.188379 0 0 0 0 
-0.464959 0.171461 0 0 0 0 
-0.45519 0.154542 0 0 0 0 
-0.461958 0.226344 0 0 0 0 
-0.452189 0.209425 0 0 0 0 
-0.44242 0.192507 0 0 0 0 
-0.432651 0.175589 0 0 0 0 
-0.42965 0.230472 0 0 0 0 
-0.419881 0.213554 0 0 0 0 
-0.410112 0.196636 0 0 0 0 
-0.397342 0.234601 0 0 0 0 
-0.387573 0.217683 0 0 0 0 
-0.365033 0.238729 0 0 0 0 
1 2 6
2 7 6
2 3 7
3 8 7
3 4 8
4 9 8
4 5 9
6 7 10
7 11 10
7 8 11
8 12 11
8 9 12
10 11 13
11 14 13
11 12 14
13 14 15
ZONE N=15, E=16, F=FEPOINT, ET=TRIANGLE
-0.83147 0.55557 0 0 0 0 
-0.804226 0.560346 0 0 0 0 
-0.776982 0.565122 0 0 0 0 
-0.749738 0.569898 0 0 0 0 
-0.722494 0.574674 0 0 0 0 
-0.817585 0.575808 0 0 0 0 
-0.790096 0.580409 0 0 0 0 
-0.762609 0.585007 0 0 0 0 
-0.735123 0.589604 0 0 0 0 
-0.803208 0.595699 0 0 0 0 
-0.775478 0.600119 0 0 0 0 
-0.747752 0.604534 0 0 0 0 
-0.788346 0.615232 0 0 0 0 
-0.760381 0.619464 0 0 0 0 
-0.77301 0.634393 0 0 0 0 
1 2 6
2 7 6
2 3 7
3 8 7
3 4 8
4 9 8
4 5 9
6 7 10
7 11 10
7 8 11
8 12 11
8 9 12
10 11 13
11 14 13
11 12 14
13 14 15
ZONE N=15, E=16, F=FEPOINT, ET=TRIANGLE
-0.661912 0.484057 0 0 0 0 
-0.679078 0.470657 0 0 0 0 
-0.696244 0.457258 0 0 0 0 
-0.71341 0.443858 0 0 0 0 
-0.730576 0.430458 0 0 0 0 
-0.659368 0.45074 0 0 0 0 
-0.676534 0.43734 0 0 0 0 
-0.6937 0.42394 0 0 0 0 
-0.710866 0.410541 0 0 0 0 
-0.656824 0.417422 0 0 0 0 
-0.67399 0.404023 0 0 0 0 
-0.691156 0.390623 0 0 0 0 
-0.65428 0.384105 0 0 0 0 
-0.671446 0.370706 0 0 0 0 
-0.651736 0.350788 0 0 0 0 
1 2 6
2 7 6
2 3 7
3 8 7
3 4 8
4 9 8
4 5 9
6 7 10
7 11 10
7 8 11
8 12 11
8 9 12
10 11 13
11 14 13
11 12 14
13 14 15
ZONE N=15, E=16, F=FEPOINT, ET=TRIANGLE
-0.739445 0.512602 0 0 0 0 
-0.735207 0.52812 0 0 0 0 
-0.730969 0.543638 0 0 0 0 
-0.726731 0.559156 0 0 0 0 
-0.722494 0.574674 0 0 0 0 
-0.762451 0.523344 0 0 0 0 
-0.758213 0.538862 0 0 0 0 
-0.753975 0.55438 0 0 0 0 
-0.749738 0.569898 0 0 0 0 
-0.785457 0.534086 0 0 0 0 
-0.781219 0.549604 0 0 0 0 
-0.776982 0.565122 0 0 0 0 
-0.808463 0.544828 0 0 0 0 
-0.804226 0.560346 0 0 0 0 
-0.83147 0.55557 0 0 0 0 
1 2 6
2 7 6
2 3 7
3 8 7
3 4 8
4 9 8
4 5 9
6 7 10
7 11 10
7 8 11
8 12 11
8 9 12
10 11 13
11 14 13
11 12 14
13 14 15
ZONE N=15, E=16, F=FEPOINT, ET=TRIANGLE
-0.75 0.149184 0 0 0 0 
-0.737038 0.161078 0 0 0 0 
-0.724077 0.172972 0 0 0 0 
-0.711115 0.184866 0 0 0 0 
-0.698154 0.19676 0 0 0 0 
-0.760482 0.174094 0 0 0 0 
-0.74752 0.185988 0 0 0 0 
-0.734559 0.197882 0 0 0 0 
-0.721597 0.209776 0 0 0 0 
-0.770963 0.199004 0 0 0 0 
-0.758002 0.210898 0 0 0 0 
-0.74504 0.222792 0 0 0 0 
-0.781445 0.223914 0 0 0 0 
-0.768484 0.235808 0 0 0 0 
-0.791927 0.248824 0 0 0 0 
1 2 6
2 7 6
2 3 7
3 8 7
3 4 8
4 9 8
4 5 9
6 7 10
7 11 10
7 8 11
8 12 11
8 9 12
10 11 13
11 14 13
11 12 14
13 14 15
ZONE N=15, E=16, F=FEPOINT, ET=TRIANGLE
-0.651375 0.249325 0 0 0 0 
-0.651465 0.274691 0 0 0 0 
-0.651556 0.300057 0 0 0 0 
-0.651646 0.325422 0 0 0 0 
-0.651736 0.350788 0 0 0 0 
-0.668969 0.256332 0 0 0 0 
-0.669059 0.281698 0 0 0 0 
-0.66915 0.307064 0 0 0 0 
-0.66924 0.332429 0 0 0 0 
-0.686563 0.263339 0 0 0 0 
-0.686654 0.288705 0 0 0 0 
-0.686744 0.31407 0 0 0 0 
-0.704157 0.270346 0 0 0 0 
-0.704248 0.295712 0 0 0 0 
-0.721752 0.277353 0 0 0 0 
1 2 6
2 7 6
2 3 7
3 8 7
3 4 8
4 9 8
4 5 9
6 7 10
7 11 10
7 8 11
8 12 11
8 9 12
10 11 13
11 14 13
11 12 14
13 14 15
ZONE N=15, E=16, F=FEPOINT, ET=TRIANGLE
-0.568777 0.300352 0 0 0 0 
-0.589427 0.287595 0 0 0 0 
-0.610076 0.274839 0 0 0 0 
-0.630725 0.262082 0 0 0 0 
-0.651375 0.249325 0 0 0 0 
-0.570554 0.280138 0 0 0 0 
-0.591204 0.267381 0 0 0 0 
-0.611853 0.254625 0 0 0 0 
-0.632503 0.241868 0 0 0 0 
-0.572332 0.259924 0 0 0 0 
-0.592981 0.247167 0 0 0 0 
-0.61363 0.23441 0 0 0 0 
-0.574109 0.23971 0 0 0 0 
-0.594758 0.226953 0 0 0 0 
-0.575886 0.219496 0 0 0 0 
1 2 6
2 7 6
2 3 7
3 8 7
3 4 8
4 9 8
4 5 9
6 7 10
7 11 10
7 8 11
8 12 11
8 9 12
10 11 13
11 14 13
11 12 14
13 14 15
ZONE N=15, E=16, F=FEPOINT, ET=TRIANGLE
-0.568777 0.300352 0 0 0 0 
-0.589517 0.312961 0 0 0 0 
-0.610257 0.32557 0 0 0 0 
-0.630997 0.338179 0 0 0 0 
-0.651736 0.350788 0 0 0 0 
-0.589427 0.287595 0 0 0 0 
-0.610166 0.300204 0 0 0 0 
-0.630906 0.312813 0 0 0 0 
-0.651646 0.325422 0 0 0 0 
-0.610076 0.274839 0 0 0 0 
-0.630816 0.287448 0 0 0 0 
-0.651556 0.300057 0 0 0 0 
-0.630725 0.262082 0 0 0 0 
-0.651465 0.274691 0 0 0 0 
-0.651375 0.249325 0 0 0 0 
1 2 6
2 7 6
2 3 7
3 8 7
3 4 8
4 9 8
4 5 9
6 7 10
7 11 10
7 8 11
8 12 11
8 9 12
10 11 13
11 14 13
11 12 14
13 14 15
ZONE N=15, E=16, F=FEPOINT, ET=TRIANGLE
-0.753101 0.346314 0 0 0 0 
-0.72776 0.347433 0 0 0 0 
-0.702419 0.348551 0 0 0 0 
-0.677078 0.34967 0 0 0 0 
-0.651736 0.350788 0 0 0 0 
-0.74747 0.36735 0 0 0 0 
-0.722129 0.368469 0 0 0 0 
-0.696788 0.369587 0 0 0 0 
-0.671446 0.370706 0 0 0 0 
-0.741839 0.388386 0 0 0 0 
-0.716497 0.389505 0 0 0 0 
-0.691156 0.390623 0 0 0 0 
-0.736207 0.409422 0 0 0 0 
-0.710866 0.410541 0 0 0 0 
-0.730576 0.430458 0 0 0 0 
1 2 6
2 7 6
2 3 7
3 8 7
3 4 8
4 9 8
4 5 9
6 7 10
7 11 10
7 8 11
8 12 11
8 9 12
10 11 13
11 14 13
11 12 14
13 14 15
ZONE N=15, E=16, F=FEPOINT, ET=TRIANGLE
-0.661912 0.484057 0 0 0 0 
-0.681295 0.491193 0 0 0 0 
-0.700678 0.498329 0 0 0 0 
-0.720062 0.505466 0 0 0 0 
-0.739445 0.512602 0 0 0 0 
-0.679078 0.470657 0 0 0 0 
-0.698461 0.477793 0 0 0 0 
-0.717844 0.48493 0 0 0 0 
-0.737228 0.492066 0 0 0 0 
-0.696244 0.457258 0 0 0 0 
-0.715627 0.464394 0 0 0 0 
-0.73501 0.47153 0 0 0 0 
-0.71341 0.443858 0 0 0 0 
-0.732793 0.450994 0 0 0 0 
-0.730576 0.430458 0 0 0 0 
1 2 6
2 7 6
2 3 7
3 8 7
3 4 8
4 9 8
4 5 9
6 7 10
7 11 10
7 8 11
8 12 11
8 9 12
10 11 13
11 14 13
11 12 14
13 14 15
ZONE N=15, E=16, F=FEPOINT, ET=TRIANGLE
-0.722494 0.574674 0 0 0 0 
-0.707348 0.55202 0 0 0 0 
-0.692203 0.529366 0 0 0 0 
-0.677057 0.506711 0 0 0 0 
-0.661912 0.484057 0 0 0 0 
-0.707693 0.580976 0 0 0 0 
-0.692547 0.558322 0 0 0 0 
-0.677402 0.535667 0 0 0 0 
-0.662256 0.513013 0 0 0 0 
-0.692892 0.587278 0 0 0 0 
-0.677747 0.564623 0 0 0 0 
-0.662601 0.541969 0 0 0 0 
-0.678091 0.593579 0 0 0 0 
-0.662946 0.570925 0 0 0 0 
-0.663291 0.599881 0 0 0 0 
1 2 6
2 7 6
2 3 7
3 8 7
3 4 8
4 9 8
4 5 9
6 7 10
7 11 10
7 8 11
8 12 11
8 9 12
10 11 13
11 14 13
11 12 14
13 14 15
ZONE N=15, E=16, F=FEPOINT, ET=TRIANGLE
-0.739445 0.512602 0 0 0 0 
-0.762451 0.523344 0 0 0 0 
-0.785457 0.534086 0 0 0 0 
-0.808463 0.544828 0 0 0 0 
-0.83147 0.55557 0 0 0 0 
-0.753548 0.500691 0 0 0 0 
-0.776554 0.511434 0 0 0 0 
-0.79956 0.522176 0 0 0 0 
-0.822567 0.532918 0 0 0 0 
-0.767651 0.488781 0 0 0 0 
-0.790657 0.499523 0 0 0 0 
-0.813664 0.510265 0 0 0 0 
-0.781754 0.476871 0 0 0 0 
-0.804761 0.487613 0 0 0 0 
-0.795858 0.46496 0 0 0 0 
1 2 6
2 7 6
2 3 7
3 8 7
3 4 8
4 9 8
4 5 9
6 7 10
7 11 10
7 8 11
8 12 11
8 9 12
10 11 13
11 14 13
11 12 14
13 14 15
ZONE N=15, E=16, F=FEPOINT, ET=TRIANGLE
-0.576462 0.381157 0 0 0 0 
-0.580844 0.399251 0 0 0 0 
-0.585226 0.417344 0 0 0 0 
-0.589608 0.435438 0 0 0 0 
-0.59399 0.453531 0 0 0 0 
-0.595281 0.373565 0 0 0 0 
-0.599663 0.391658 0 0 0 0 
-0.604044 0.409752 0 0 0 0 
-0.608426 0.427845 0 0 0 0 
-0.614099 0.365973 0 0 0 0 
-0.618481 0.384066 0 0 0 0 
-0.622863 0.40216 0 0 0 0 
-0.632918 0.35838 0 0 0 0 
-0.6373 0.376474 0 0 0 0 
-0.651736 0.350788 0 0 0 0 
1 2 6
2 7 6
2 3 7
3 8 7
3 4 8
4 9 8
4 5 9
6 7 10
7 11 10
7 8 11
8 12 11
8 9 12
10 11 13
11 14 13
11 12 14
13 14 15
ZONE N=15, E=16, F=FEPOINT, ET=TRIANGLE
-0.472289 0.722281 0 0 0 0 
-0.483939 0.704986 0 0 0 0 
-0.49559 0.687691 0 0 0 0 
-0.50724 0.670396 0 0 0 0 
-0.518891 0.653101 0 0 0 0 
-0.471975 0.69206 0 0 0 0 
-0.483625 0.674765 0 0 0 0 
-0.495276 0.65747 0 0 0 0 
-0.506926 0.640175 0 0 0 0 
-0.471661 0.66184 0 0 0 0 
-0.483311 0.644545 0 0 0 0 
-0.494962 0.627249 0 0 0 0 
-0.471347 0.631619 0 0 0 0 
-0.482997 0.614324 0 0 0 0 
-0.471033 0.601398 0 0 0 0 
1 2 6
2 7 6
2 3 7
3 8 7
3 4 8
4 9 8
4 5 9
6 7 10
7 11 10
7 8 11
8 12 11
8 9 12
10 11 13
11 14 13
11 12 14
13 14 15
ZONE N=15, E=16, F=FEPOINT, ET=TRIANGLE
-0.365033 0.238729 0 0 0 0 
-0.391698 0.254222 0 0 0 0 
-0.418362 0.269714 0 0 0 0 
-0.445026 0.285206 0 0 0 0 
-0.47169 0.300698 0 0 0 0 
-0.397342 0.234601 0 0 0 0 
-0.424006 0.250093 0 0 0 0 
-0.45067 0.265585 0 0 0 0 
-0.477334 0.281077 0 0 0 0 
-0.42965 0.230472 0 0 0 0 
-0.456314 0.245964 0 0 0 0 
-0.482978 0.261457 0 0 0 0 
-0.461958 0.226344 0 0 0 0 
-0.488622 0.241836 0 0 0 0 
-0.494266 0.222215 0 0 0 0 
1 2 6
2 7 6
2 3 7
3 8 7
3 4 8
4 9 8
4 5 9
6 7 10
7 11 10
7 8 11
8 12 11
8 9 12
10 11 13
11 14 13
11 12 14
13 14 15
ZONE N=15, E=16, F=FEPOINT, ET=TRIANGLE
-0.77301 0.634393 0 0 0 0 
-0.745581 0.625765 0 0 0 0 
-0.718151 0.617137 0 0 0 0 
-0.690721 0.608509 0 0 0 0 
-0.663291 0.599881 0 0 0 0 
-0.757209 0.653173 0 0 0 0 
-0.729552 0.644346 0 0 0 0 
-0.701898 0.635518 0 0 0 0 
-0.674245 0.626688 0 0 0 0 
-0.740951 0.671559 0 0 0 0 
-0.713073 0.662528 0 0 0 0 
-0.685199 0.653494 0 0 0 0 
-0.724247 0.689541 0 0 0 0 
-0.696153 0.6803 0 0 0 0 
-0.707107 0.707107 0 0 0 0 
1 2 6
2 7 6
2 3 7
3 8 7
3 4 8
4 9 8
4 5 9
6 7 10
7 11 10
7 8 11
8 12 11
8 9 12
10 11 13
11 14 13
11 12 14
13 14 15
ZONE N=15, E=16, F=FEPOINT, ET=TRIANGLE
-0.651736 0.350788 0 0 0 0 
-0.630997 0.338179 0 0 0 0 
-0.610257 0.32557 0 0 0 0 
-0.589517 0.312961 0 0 0 0 
-0.568777 0.300352 0 0 0 0 
-0.632918 0.35838 0 0 0 0 
-0.612178 0.345771 0 0 0 0 
-0.591438 0.333162 0 0 0 0 
-0.570698 0.320553 0 0 0 0 
-0.614099 0.365973 0 0 0 0 
-0.593359 0.353363 0 0 0 0 
-0.57262 0.340754 0 0 0 0 
-0.595281 0.373565 0 0 0 0 
-0.574541 0.360956 0 0 0 0 
-0.576462 0.381157 0 0 0 0 
1 2 6
2 7 6
2 3 7
3 8 7
3 4 8
4 9 8
4 5 9
6 7 10
7 11 10
7 8 11
8 12 11
8 9 12
10 11 13
11 14 13
11 12 14
13 14 15
ZONE N=15, E=16, F=FEPOINT, ET=TRIANGLE
-0.739445 0.512602 0 0 0 0 
-0.720062 0.505466 0 0 0 0 
-0.700678 0.498329 0 0 0 0 
-0.681295 0.491193 0 0 0 0 
-0.661912 0.484057 0 0 0 0 
-0.735207 0.52812 0 0 0 0 
-0.715824 0.520984 0 0 0 0 
-0.69644 0.513847 0 0 0 0 
-0.677057 0.506711 0 0 0 0 
-0.730969 0.543638 0 0 0 0 
-0.711586 0.536502 0 0 0 0 
-0.692203 0.529366 0 0 0 0 
-0.726731 0.559156 0 0 0 0 
-0.707348 0.55202 0 0 0 0 
-0.722494 0.574674 0 0 0 0 
1 2 6
2 7 6
2 3 7
3 8 7
3 4 8
4 9 8
4 5 9
6 7 10
7 11 10
7 8 11
8 12 11
8 9 12
10 11 13
11 14 13
11 12 14
13 14 15
ZONE N=15, E=16, F=FEPOINT, ET=TRIANGLE
-0.722494 0.574674 0 0 0 0 
-0.707693 0.580976 0 0 0 0 
-0.692892 0.587278 0 0 0 0 
-0.678091 0.593579 0 0 0 0 
-0.663291 0.599881 0 0 0 0 
-0.735123 0.589604 0 0 0 0 
-0.720322 0.595906 0 0 0 0 
-0.705521 0.602208 0 0 0 0 
-0.690721 0.608509 0 0 0 0 
-0.747752 0.604534 0 0 0 0 
-0.732951 0.610836 0 0 0 0 
-0.718151 0.617137 0 0 0 0 
-0.760381 0.619464 0 0 0 0 
-0.745581 0.625765 0 0 0 0 
-0.77301 0.634393 0 0 0 0 
1 2 6
2 7 6
2 3 7
3 8 7
3 4 8
4 9 8
4 5 9
6 7 10
7 11 10
7 8 11
8 12 11
8 9 12
10 11 13
11 14 13
11 12 14
13 14 15
ZONE N=15, E=16, F=FEPOINT, ET=TRIANGLE
-0.648019 0.147384 0 0 0 0 
-0.629986 0.165412 0 0 0 0 
-0.611953 0.18344 0 0 0 0 
-0.59392 0.201468 0 0 0 0 
-0.575886 0.219496 0 0 0 0 
-0.648858 0.172869 0 0 0 0 
-0.630825 0.190897 0 0 0 0 
-0.612792 0.208925 0 0 0 0 
-0.594758 0.226953 0 0 0 0 
-0.649697 0.198355 0 0 0 0 
-0.631664 0.216383 0 0 0 0 
-0.61363 0.23441 0 0 0 0 
-0.650536 0.22384 0 0 0 0 
-0.632503 0.241868 0 0 0 0 
-0.651375 0.249325 0 0 0 0 
1 2 6
2 7 6
2 3 7
3 8 7
3 4 8
4 9 8
4 5 9
6 7 10
7 11 10
7 8 11
8 12 11
8 9 12
10 11 13
11 14 13
11 12 14
13 14 15
ZONE N=15, E=16, F=FEPOINT, ET=TRIANGLE
-0.568777 0.300352 0 0 0 0 
-0.552418 0.317246 0 0 0 0 
-0.53606 0.33414 0 0 0 0 
-0.519701 0.351033 0 0 0 0 
-0.503342 0.367927 0 0 0 0 
-0.570698 0.320553 0 0 0 0 
-0.55434 0.337447 0 0 0 0 
-0.537981 0.354341 0 0 0 0 
-0.521622 0.371235 0 0 0 0 
-0.57262 0.340754 0 0 0 0 
-0.556261 0.357648 0 0 0 0 
-0.539902 0.374542 0 0 0 0 
-0.574541 0.360956 0 0 0 0 
-0.558182 0.37785 0 0 0 0 
-0.576462 0.381157 0 0 0 0 
1 2 6
2 7 6
2 3 7
3 8 7
3 4 8
4 9 8
4 5 9
6 7 10
7 11 10
7 8 11
8 12 11
8 9 12
10 11 13
11 14 13
11 12 14
13 14 15
ZONE N=15, E=16, F=FEPOINT, ET=TRIANGLE
-0.47169 0.300698 0 0 0 0 
-0.495962 0.300612 0 0 0 0 
-0.520234 0.300525 0 0 0 0 
-0.544505 0.300438 0 0 0 0 
-0.568777 0.300352 0 0 0 0 
-0.477334 0.281077 0 0 0 0 
-0.501606 0.280991 0 0 0 0 
-0.525878 0.280904 0 0 0 0 
-0.550149 0.280818 0 0 0 0 
-0.482978 0.261457 0 0 0 0 
-0.50725 0.26137 0 0 0 0 
-0.531522 0.261283 0 0 0 0 
-0.488622 0.241836 0 0 0 0 
-0.512894 0.241749 0 0 0 0 
-0.494266 0.222215 0 0 0 0 
1 2 6
2 7 6
2 3 7
3 8 7
3 4 8
4 9 8
4 5 9
6 7 10
7 11 10
7 8 11
8 12 11
8 9 12
10 11 13
11 14 13
11 12 14
13 14 15
ZONE N=15, E=16, F=FEPOINT, ET=TRIANGLE
-0.568777 0.300352 0 0 0 0 
-0.570554 0.280138 0 0 0 0 
-0.572332 0.259924 0 0 0 0 
-0.574109 0.23971 0 0 0 0 
-0.575886 0.219496 0 0 0 0 
-0.550149 0.280818 0 0 0 0 
-0.551927 0.260604 0 0 0 0 
-0.553704 0.24039 0 0 0 0 
-0.555481 0.220176 0 0 0 0 
-0.531522 0.261283 0 0 0 0 
-0.533299 0.241069 0 0 0 0 
-0.535076 0.220855 0 0 0 0 
-0.512894 0.241749 0 0 0 0 
-0.514671 0.221535 0 0 0 0 
-0.494266 0.222215 0 0 0 0 
1 2 6
2 7 6
2 3 7
3 8 7
3 4 8
4 9 8
4 5 9
6 7 10
7 11 10
7 8 11
8 12 11
8 9 12
10 11 13
11 14 13
11 12 14
13 14 15
ZONE N=15, E=16, F=FEPOINT, ET=TRIANGLE
-0.365033 0.238729 0 0 0 0 
-0.35494 0.262666 0 0 0 0 
-0.344846 0.286602 0 0 0 0 
-0.334752 0.310538 0 0 0 0 
-0.324659 0.334474 0 0 0 0 
-0.371931 0.25755 0 0 0 0 
-0.361837 0.281486 0 0 0 0 
-0.351744 0.305422 0 0 0 0 
-0.34165 0.329358 0 0 0 0 
-0.378829 0.27637 0 0 0 0 
-0.368735 0.300306 0 0 0 0 
-0.358642 0.324243 0 0 0 0 
-0.385727 0.295191 0 0 0 0 
-0.375633 0.319127 0 0 0 0 
-0.392624 0.314011 0 0 0 0 
1 2 6
2 7 6
2 3 7
3 8 7
3 4 8
4 9 8
4 5 9
6 7 10
7 11 10
7 8 11
8 12 11
8 9 12
10 11 13
11 14 13
11 12 14
13 14 15
ZONE N=15, E=16, F=FEPOINT, ET=TRIANGLE
-0.442763 0.420724 0 0 0 0 
-0.443792 0.449217 0 0 0 0 
-0.444822 0.47771 0 0 0 0 
-0.445851 0.506203 0 0 0 0 
-0.446881 0.534696 0 0 0 0 
-0.45948 0.442445 0 0 0 0 
-0.460509 0.470938 0 0 0 0 
-0.461539 0.499431 0 0 0 0 
-0.462568 0.527924 0 0 0 0 
-0.476196 0.464167 0 0 0 0 
-0.477226 0.49266 0 0 0 0 
-0.478255 0.521152 0 0 0 0 
-0.492913 0.485888 0 0 0 0 
-0.493943 0.514381 0 0 0 0 
-0.50963 0.507609 0 0 0 0 
1 2 6
2 7 6
2 3 7
3 8 7
3 4 8
4 9 8
4 5 9
6 7 10
7 11 10
7 8 11
8 12 11
8 9 12
10 11 13
11 14 13
11 12 14
13 14 15
ZONE N=15, E=16, F=FEPOINT, ET=TRIANGLE
-0.698154 0.19676 0 0 0 0 
-0.68562 0.184416 0 0 0 0 
-0.673087 0.172072 0 0 0 0 
-0.660553 0.159728 0 0 0 0 
-0.648019 0.147384 0 0 0 0 
-0.686459 0.209901 0 0 0 0 
-0.673925 0.197557 0 0 0 0 
-0.661392 0.185213 0 0 0 0 
-0.648858 0.172869 0 0 0 0 
-0.674764 0.223043 0 0 0 0 
-0.662231 0.210699 0 0 0 0 
-0.649697 0.198355 0 0 0 0 
-0.663069 0.236184 0 0 0 0 
-0.650536 0.22384 0 0 0 0 
-0.651375 0.249325 0 0 0 0 
1 2 6
2 7 6
2 3 7
3 8 7
3 4 8
4 9 8
4 5 9
6 7 10
7 11 10
7 8 11
8 12 11
8 9 12
10 11 13
11 14 13
11 12 14
13 14 15
ZONE N=15, E=16, F=FEPOINT, ET=TRIANGLE
-0.494266 0.222215 0 0 0 0 
-0.514671 0.221535 0 0 0 0 
-0.535076 0.220855 0 0 0 0 
-0.555481 0.220176 0 0 0 0 
-0.575886 0.219496 0 0 0 0 
-0.504006 0.204272 0 0 0 0 
-0.524411 0.203592 0 0 0 0 
-0.544816 0.202912 0 0 0 0 
-0.565221 0.202232 0 0 0 0 
-0.513746 0.186328 0 0 0 0 
-0.534151 0.185649 0 0 0 0 
-0.554557 0.184969 0 0 0 0 
-0.523486 0.168385 0 0 0 0 
-0.543892 0.167705 0 0 0 0 
-0.533227 0.150442 0 0 0 0 
1 2 6
2 7 6
2 3 7
3 8 7
3 4 8
4 9 8
4 5 9
6 7 10
7 11 10
7 8 11
8 12 11
8 9 12
10 11 13
11 14 13
11 12 14
13 14 15
ZONE N=15, E=16, F=FEPOINT, ET=TRIANGLE
-0.804302 0.085175 0 0 0 0 
-0.778238 0.0862745 0 0 0 0 
-0.752174 0.0873739 0 0 0 0 
-0.72611 0.0884733 0 0 0 0 
-0.700046 0.0895728 0 0 0 0 
-0.790726 0.101177 0 0 0 0 
-0.764662 0.102277 0 0 0 0 
-0.738598 0.103376 0 0 0 0 
-0.712535 0.104476 0 0 0 0 
-0.777151 0.11718 0 0 0 0 
-0.751087 0.118279 0 0 0 0 
-0.725023 0.119379 0 0 0 0 
-0.763575 0.133182 0 0 0 0 
-0.737512 0.134281 0 0 0 0 
-0.75 0.149184 0 0 0 0 
1 2 6
2 7 6
2 3 7
3 8 7
3 4 8
4 9 8
4 5 9
6 7 10
7 11 10
7 8 11
8 12 11
8 9 12
10 11 13
11 14 13
11 12 14
13 14 15
ZONE N=15, E=16, F=FEPOINT, ET=TRIANGLE
-0.754423 0.0339661 0 0 0 0 
-0.735119 0.0286871 0 0 0 0 
-0.715816 0.0234082 0 0 0 0 
-0.696512 0.0181293 0 0 0 0 
-0.677209 0.0128504 0 0 0 0 
-0.740829 0.0478677 0 0 0 0 
-0.721525 0.0425888 0 0 0 0 
-0.702222 0.0373099 0 0 0 0 
-0.682918 0.032031 0 0 0 0 
-0.727234 0.0617694 0 0 0 0 
-0.707931 0.0564905 0 0 0 0 
-0.688627 0.0512116 0 0 0 0 
-0.71364 0.0756711 0 0 0 0 
-0.694337 0.0703922 0 0 0 0 
-0.700046 0.0895728 0 0 0 0 
1 2 6
2 7 6
2 3 7
3 8 7
3 4 8
4 9 8
4 5 9
6 7 10
7 11 10
7 8 11
8 12 11
8 9 12
10 11 13
11 14 13
11 12 14
13 14 15
ZONE N=15, E=16, F=FEPOINT, ET=TRIANGLE
-0.402252 0.0839353 0 0 0 0 
-0.395439 0.0629515 0 0 0 0 
-0.388626 0.0419676 0 0 0 0 
-0.381813 0.0209838 0 0 0 0 
-0.375 0 0 0 0 0 
-0.379814 0.0796225 0 0 0 0 
-0.373001 0.0586387 0 0 0 0 
-0.366188 0.0376549 0 0 0 0 
-0.359375 0.0166711 0 0 0 0 
-0.357376 0.0753098 0 0 0 0 
-0.350563 0.054326 0 0 0 0 
-0.34375 0.0333422 0 0 0 0 
-0.334938 0.0709971 0 0 0 0 
-0.328125 0.0500133 0 0 0 0 
-0.3125 0.0666844 0 0 0 0 
1 2 6
2 7 6
2 3 7
3 8 7
3 4 8
4 9 8
4 5 9
6 7 10
7 11 10
7 8 11
8 12 11
8 9 12
10 11 13
11 14 13
11 12 14
13 14 15
ZONE N=15, E=16, F=FEPOINT, ET=TRIANGLE
-0.45519 0.154542 0 0 0 0 
-0.464959 0.171461 0 0 0 0 
-0.474728 0.188379 0 0 0 0 
-0.484497 0.205297 0 0 0 0 
-0.494266 0.222215 0 0 0 0 
-0.474699 0.153517 0 0 0 0 
-0.484468 0.170435 0 0 0 0 
-0.494237 0.187354 0 0 0 0 
-0.504006 0.204272 0 0 0 0 
-0.494209 0.152492 0 0 0 0 
-0.503977 0.16941 0 0 0 0 
-0.513746 0.186328 0 0 0 0 
-0.513718 0.151467 0 0 0 0 
-0.523486 0.168385 0 0 0 0 
-0.533227 0.150442 0 0 0 0 
1 2 6
2 7 6
2 3 7
3 8 7
3 4 8
4 9 8
4 5 9
6 7 10
7 11 10
7 8 11
8 12 11
8 9 12
10 11 13
11 14 13
11 12 14
13 14 15
ZONE N=15, E=16, F=FEPOINT, ET=TRIANGLE
-0.25 0 0 0 0 0 
-0.242688 0.0225106 0 0 0 0 
-0.235377 0.0450213 0 0 0 0 
-0.228065 0.0675319 0 0 0 0 
-0.220754 0.0900426 0 0 0 0 
-0.265625 0.0166711 0 0 0 0 
-0.258313 0.0391817 0 0 0 0 
-0.251002 0.0616924 0 0 0 0 
-0.24369 0.084203 0 0 0 0 
-0.28125 0.0333422 0 0 0 0 
-0.273938 0.0558528 0 0 0 0 
-0.266627 0.0783635 0 0 0 0 
-0.296875 0.0500133 0 0 0 0 
-0.289563 0.0725239 0 0 0 0 
-0.3125 0.0666844 0 0 0 0 
1 2 6
2 7 6
2 3 7
3 8 7
3 4 8
4 9 8
4 5 9
6 7 10
7 11 10
7 8 11
8 12 11
8 9 12
10 11 13
11 14 13
11 12 14
13 14 15
ZONE N=15, E=16, F=FEPOINT, ET=TRIANGLE
-0.45519 0.154542 0 0 0 0 
-0.464006 0.136157 0 0 0 0 
-0.472821 0.117771 0 0 0 0 
-0.481637 0.0993849 0 0 0 0 
-0.490452 0.080999 0 0 0 0 
-0.441956 0.136891 0 0 0 0 
-0.450771 0.118505 0 0 0 0 
-0.459587 0.100119 0 0 0 0 
-0.468402 0.0817331 0 0 0 0 
-0.428721 0.119239 0 0 0 0 
-0.437537 0.100853 0 0 0 0 
-0.446352 0.0824671 0 0 0 0 
-0.415487 0.101587 0 0 0 0 
-0.424302 0.0832012 0 0 0 0 
-0.402252 0.0839353 0 0 0 0 
1 2 6
2 7 6
2 3 7
3 8 7
3 4 8
4 9 8
4 5 9
6 7 10
7 11 10
7 8 11
8 12 11
8 9 12
10 11 13
11 14 13
11 12 14
13 14 15
ZONE N=15, E=16, F=FEPOINT, ET=TRIANGLE
-0.533227 0.150442 0 0 0 0 
-0.522533 0.133081 0 0 0 0 
-0.511839 0.115721 0 0 0 0 
-0.501146 0.0983598 0 0 0 0 
-0.490452 0.080999 0 0 0 0 
-0.513718 0.151467 0 0 0 0 
-0.503024 0.134106 0 0 0 0 
-0.49233 0.116746 0 0 0 0 
-0.481637 0.0993849 0 0 0 0 
-0.494209 0.152492 0 0 0 0 
-0.483515 0.135131 0 0 0 0 
-0.472821 0.117771 0 0 0 0 
-0.474699 0.153517 0 0 0 0 
-0.464006 0.136157 0 0 0 0 
-0.45519 0.154542 0 0 0 0 
1 2 6
2 7 6
2 3 7
3 8 7
3 4 8
4 9 8
4 5 9
6 7 10
7 11 10
7 8 11
8 12 11
8 9 12
10 11 13
11 14 13
11 12 14
13 14 15
ZONE N=15, E=16, F=FEPOINT, ET=TRIANGLE
-0.4375 0 0 0 0 0 
-0.429688 -0.0171547 0 0 0 0 
-0.421875 -0.0343094 0 0 0 0 
-0.414062 -0.0514641 0 0 0 0 
-0.40625 -0.0686188 0 0 0 0 
-0.421875 0 0 0 0 0 
-0.414062 -0.0171547 0 0 0 0 
-0.40625 -0.0343094 0 0 0 0 
-0.398438 -0.0514641 0 0 0 0 
-0.40625 0 0 0 0 0 
-0.398438 -0.0171547 0 0 0 0 
-0.390625 -0.0343094 0 0 0 0 
-0.390625 0 0 0 0 0 
-0.382812 -0.0171547 0 0 0 0 
-0.375 0 0 0 0 0 
1 2 6
2 7 6
2 3 7
3 8 7
3 4 8
4 9 8
4 5 9
6 7 10
7 11 10
7 8 11
8 12 11
8 9 12
10 11 13
11 14 13
11 12 14
13 14 15
ZONE N=15, E=16, F=FEPOINT, ET=TRIANGLE
-0.648019 0.147384 0 0 0 0 
-0.633135 0.127666 0 0 0 0 
-0.61825 0.107948 0 0 0 0 
-0.603366 0.0882297 0 0 0 0 
-0.588481 0.0685116 0 0 0 0 
-0.619321 0.148148 0 0 0 0 
-0.604437 0.12843 0 0 0 0 
-0.589552 0.108712 0 0 0 0 
-0.574668 0.0889942 0 0 0 0 
-0.590623 0.148913 0 0 0 0 
-0.575738 0.129195 0 0 0 0 
-0.560854 0.109477 0 0 0 0 
-0.561925 0.149678 0 0 0 0 
-0.54704 0.129959 0 0 0 0 
-0.533227 0.150442 0 0 0 0 
1 2 6
2 7 6
2 3 7
3 8 7
3 4 8
4 9 8
4 5 9
6 7 10
7 11 10
7 8 11
8 12 11
8 9 12
10 11 13
11 14 13
11 12 14
13 14 15
ZONE N=15, E=16, F=FEPOINT, ET=TRIANGLE
-0.490452 0.080999 0 0 0 0 
-0.492839 0.0607493 0 0 0 0 
-0.495226 0.0404995 0 0 0 0 
-0.497613 0.0202498 0 0 0 0 
-0.5 0 0 0 0 0 
-0.477214 0.0607493 0 0 0 0 
-0.479601 0.0404995 0 0 0 0 
-0.481988 0.0202498 0 0 0 0 
-0.484375 0 0 0 0 0 
-0.463976 0.0404995 0 0 0 0 
-0.466363 0.0202498 0 0 0 0 
-0.46875 0 0 0 0 0 
-0.450738 0.0202498 0 0 0 0 
-0.453125 0 0 0 0 0 
-0.4375 0 0 0 0 0 
1 2 6
2 7 6
2 3 7
3 8 7
3 4 8
4 9 8
4 5 9
6 7 10
7 11 10
7 8 11
8 12 11
8 9 12
10 11 13
11 14 13
11 12 14
13 14 15
ZONE N=15, E=16, F=FEPOINT, ET=TRIANGLE
-0.3119 0.191519 0 0 0 0 
-0.325183 0.203321 0 0 0 0 
-0.338467 0.215124 0 0 0 0 
-0.35175 0.226927 0 0 0 0 
-0.365033 0.238729 0 0 0 0 
-0.327741 0.183469 0 0 0 0 
-0.341025 0.195271 0 0 0 0 
-0.354308 0.207074 0 0 0 0 
-0.367591 0.218877 0 0 0 0 
-0.343583 0.175418 0 0 0 0 
-0.356866 0.187221 0 0 0 0 
-0.370149 0.199024 0 0 0 0 
-0.359424 0.167368 0 0 0 0 
-0.372707 0.179171 0 0 0 0 
-0.375265 0.159318 0 0 0 0 
1 2 6
2 7 6
2 3 7
3 8 7
3 4 8
4 9 8
4 5 9
6 7 10
7 11 10
7 8 11
8 12 11
8 9 12
10 11 13
11 14 13
11 12 14
13 14 15
ZONE N=15, E=16, F=FEPOINT, ET=TRIANGLE
-0.442763 0.420724 0 0 0 0 
-0.457908 0.407525 0 0 0 0 
-0.473052 0.394326 0 0 0 0 
-0.488197 0.381126 0 0 0 0 
-0.503342 0.367927 0 0 0 0 
-0.430228 0.394046 0 0 0 0 
-0.445373 0.380847 0 0 0 0 
-0.460518 0.367647 0 0 0 0 
-0.475662 0.354448 0 0 0 0 
-0.417694 0.367368 0 0 0 0 
-0.432838 0.354168 0 0 0 0 
-0.447983 0.340969 0 0 0 0 
-0.405159 0.340689 0 0 0 0 
-0.420304 0.32749 0 0 0 0 
-0.392624 0.314011 0 0 0 0 
1 2 6
2 7 6
2 3 7
3 8 7
3 4 8
4 9 8
4 5 9
6 7 10
7 11 10
7 8 11
8 12 11
8 9 12
10 11 13
11 14 13
11 12 14
13 14 15
ZONE N=15, E=16, F=FEPOINT, ET=TRIANGLE
-0.75 0.149184 0 0 0 0 
-0.737512 0.134281 0 0 0 0 
-0.725023 0.119379 0 0 0 0 
-0.712535 0.104476 0 0 0 0 
-0.700046 0.0895728 0 0 0 0 
-0.724505 0.148734 0 0 0 0 
-0.712016 0.133831 0 0 0 0 
-0.699528 0.118928 0 0 0 0 
-0.687039 0.104026 0 0 0 0 
-0.69901 0.148284 0 0 0 0 
-0.686521 0.133381 0 0 0 0 
-0.674033 0.118478 0 0 0 0 
-0.673515 0.147834 0 0 0 0 
-0.661026 0.132931 0 0 0 0 
-0.648019 0.147384 0 0 0 0 
1 2 6
2 7 6
2 3 7
3 8 7
3 4 8
4 9 8
4 5 9
6 7 10
7 11 10
7 8 11
8 12 11
8 9 12
10 11 13
11 14 13
11 12 14
13 14 15
ZONE N=15, E=16, F=FEPOINT, ET=TRIANGLE
-0.563566 0.00929698 0 0 0 0 
-0.591977 0.0101853 0 0 0 0 
-0.620388 0.0110737 0 0 0 0 
-0.648798 0.011962 0 0 0 0 
-0.677209 0.0128504 0 0 0 0 
-0.570813 -0.0050358 0 0 0 0 
-0.599224 -0.00414746 0 0 0 0 
-0.627634 -0.00325912 0 0 0 0 
-0.656045 -0.00237077 0 0 0 0 
-0.57806 -0.0193686 0 0 0 0 
-0.606471 -0.0184802 0 0 0 0 
-0.634881 -0.0175919 0 0 0 0 
-0.585307 -0.0337014 0 0 0 0 
-0.613717 -0.032813 0 0 0 0 
-0.592554 -0.0480341 0 0 0 0 
1 2 6
2 7 6
2 3 7
3 8 7
3 4 8
4 9 8
4 5 9
6 7 10
7 11 10
7 8 11
8 12 11
8 9 12
10 11 13
11 14 13
11 12 14
13 14 15
ZONE N=15, E=16, F=FEPOINT, ET=TRIANGLE
-0.5 0 0 0 0 0 
-0.506041 -0.0166552 0 0 0 0 
-0.512083 -0.0333104 0 0 0 0 
-0.518124 -0.0499656 0 0 0 0 
-0.524166 -0.0666207 0 0 0 0 
-0.484375 0 0 0 0 0 
-0.490416 -0.0166552 0 0 0 0 
-0.496458 -0.0333104 0 0 0 0 
-0.502499 -0.0499656 0 0 0 0 
-0.46875 0 0 0 0 0 
-0.474791 -0.0166552 0 0 0 0 
-0.480833 -0.0333104 0 0 0 0 
-0.453125 0 0 0 0 0 
-0.459166 -0.0166552 0 0 0 0 
-0.4375 0 0 0 0 0 
1 2 6
2 7 6
2 3 7
3 8 7
3 4 8
4 9 8
4 5 9
6 7 10
7 11 10
7 8 11
8 12 11
8 9 12
10 11 13
11 14 13
11 12 14
13 14 15
ZONE N=15, E=16, F=FEPOINT, ET=TRIANGLE
-0.402252 0.0839353 0 0 0 0 
-0.411064 0.0629515 0 0 0 0 
-0.419876 0.0419676 0 0 0 0 
-0.428688 0.0209838 0 0 0 0 
-0.4375 0 0 0 0 0 
-0.395439 0.0629515 0 0 0 0 
-0.404251 0.0419676 0 0 0 0 
-0.413063 0.0209838 0 0 0 0 
-0.421875 0 0 0 0 0 
-0.388626 0.0419676 0 0 0 0 
-0.397438 0.0209838 0 0 0 0 
-0.40625 0 0 0 0 0 
-0.381813 0.0209838 0 0 0 0 
-0.390625 0 0 0 0 0 
-0.375 0 0 0 0 0 
1 2 6
2 7 6
2 3 7
3 8 7
3 4 8
4 9 8
4 5 9
6 7 10
7 11 10
7 8 11
8 12 11
8 9 12
10 11 13
11 14 13
11 12 14
13 14 15
ZONE N=15, E=16, F=FEPOINT, ET=TRIANGLE
-0.25 0 0 0 0 0 
-0.265625 0.0166711 0 0 0 0 
-0.28125 0.0333422 0 0 0 0 
-0.296875 0.0500133 0 0 0 0 
-0.3125 0.0666844 0 0 0 0 
-0.28125 0 0 0 0 0 
-0.296875 0.0166711 0 0 0 0 
-0.3125 0.0333422 0 0 0 0 
-0.328125 0.0500133 0 0 0 0 
-0.3125 0 0 0 0 0 
-0.328125 0.0166711 0 0 0 0 
-0.34375 0.0333422 0 0 0 0 
-0.34375 0 0 0 0 0 
-0.359375 0.0166711 0 0 0 0 
-0.375 0 0 0 0 0 
1 2 6
2 7 6
2 3 7
3 8 7
3 4 8
4 9 8
4 5 9
6 7 10
7 11 10
7 8 11
8 12 11
8 9 12
10 11 13
11 14 13
11 12 14
13 14 15
ZONE N=15, E=16, F=FEPOINT, ET=TRIANGLE
-0.375265 0.159318 0 0 0 0 
-0.395246 0.158124 0 0 0 0 
-0.415228 0.15693 0 0 0 0 
-0.435209 0.155736 0 0 0 0 
-0.45519 0.154542 0 0 0 0 
-0.382012 0.140472 0 0 0 0 
-0.401993 0.139278 0 0 0 0 
-0.421975 0.138085 0 0 0 0 
-0.441956 0.136891 0 0 0 0 
-0.388759 0.121627 0 0 0 0 
-0.40874 0.120433 0 0 0 0 
-0.428721 0.119239 0 0 0 0 
-0.395505 0.102781 0 0 0 0 
-0.415487 0.101587 0 0 0 0 
-0.402252 0.0839353 0 0 0 0 
1 2 6
2 7 6
2 3 7
3 8 7
3 4 8
4 9 8
4 5 9
6 7 10
7 11 10
7 8 11
8 12 11
8 9 12
10 11 13
11 14 13
11 12 14
13 14 15
ZONE N=15, E=16, F=FEPOINT, ET=TRIANGLE
-0.402252 0.0839353 0 0 0 0 
-0.424302 0.0832012 0 0 0 0 
-0.446352 0.0824671 0 0 0 0 
-0.468402 0.0817331 0 0 0 0 
-0.490452 0.080999 0 0 0 0 
-0.411064 0.0629515 0 0 0 0 
-0.433114 0.0622174 0 0 0 0 
-0.455164 0.0614833 0 0 0 0 
-0.477214 0.0607493 0 0 0 0 
-0.419876 0.0419676 0 0 0 0 
-0.441926 0.0412336 0 0 0 0 
-0.463976 0.0404995 0 0 0 0 
-0.428688 0.0209838 0 0 0 0 
-0.450738 0.0202498 0 0 0 0 
-0.4375 0 0 0 0 0 
1 2 6
2 7 6
2 3 7
3 8 7
3 4 8
4 9 8
4 5 9
6 7 10
7 11 10
7 8 11
8 12 11
8 9 12
10 11 13
11 14 13
11 12 14
13 14 15
ZONE N=15, E=16, F=FEPOINT, ET=TRIANGLE
-0.563566 0.00929698 0 0 0 0 
-0.570813 -0.0050358 0 0 0 0 
-0.57806 -0.0193686 0 0 0 0 
-0.585307 -0.0337014 0 0 0 0 
-0.592554 -0.0480341 0 0 0 0 
-0.553716 -0.00968245 0 0 0 0 
-0.560963 -0.0240152 0 0 0 0 
-0.56821 -0.038348 0 0 0 0 
-0.575457 -0.0526808 0 0 0 0 
-0.543866 -0.0286619 0 0 0 0 
-0.551113 -0.0429947 0 0 0 0 
-0.55836 -0.0573274 0 0 0 0 
-0.534016 -0.0476413 0 0 0 0 
-0.541263 -0.0619741 0 0 0 0 
-0.524166 -0.0666207 0 0 0 0 
1 2 6
2 7 6
2 3 7
3 8 7
3 4 8
4 9 8
4 5 9
6 7 10
7 11 10
7 8 11
8 12 11
8 9 12
10 11 13
11 14 13
11 12 14
13 14 15
ZONE N=15, E=16, F=FEPOINT, ET=TRIANGLE
-0.46875 -0.110795 0 0 0 0 
-0.452335 -0.118271 0 0 0 0 
-0.43592 -0.125746 0 0 0 0 
-0.419505 -0.133222 0 0 0 0 
-0.40309 -0.140698 0 0 0 0 
-0.453125 -0.100251 0 0 0 0 
-0.43671 -0.107727 0 0 0 0 
-0.420295 -0.115202 0 0 0 0 
-0.40388 -0.122678 0 0 0 0 
-0.4375 -0.089707 0 0 0 0 
-0.421085 -0.0971826 0 0 0 0 
-0.40467 -0.104658 0 0 0 0 
-0.421875 -0.0791629 0 0 0 0 
-0.40546 -0.0866385 0 0 0 0 
-0.40625 -0.0686188 0 0 0 0 
1 2 6
2 7 6
2 3 7
3 8 7
3 4 8
4 9 8
4 5 9
6 7 10
7 11 10
7 8 11
8 12 11
8 9 12
10 11 13
11 14 13
11 12 14
13 14 15
ZONE N=15, E=16, F=FEPOINT, ET=TRIANGLE
-0.40625 -0.0686188 0 0 0 0 
-0.414062 -0.0514641 0 0 0 0 
-0.421875 -0.0343094 0 0 0 0 
-0.429688 -0.0171547 0 0 0 0 
-0.4375 0 0 0 0 0 
-0.421875 -0.0791629 0 0 0 0 
-0.429688 -0.0620082 0 0 0 0 
-0.4375 -0.0448535 0 0 0 0 
-0.445312 -0.0276988 0 0 0 0 
-0.4375 -0.089707 0 0 0 0 
-0.445312 -0.0725523 0 0 0 0 
-0.453125 -0.0553976 0 0 0 0 
-0.453125 -0.100251 0 0 0 0 
-0.460938 -0.0830964 0 0 0 0 
-0.46875 -0.110795 0 0 0 0 
1 2 6
2 7 6
2 3 7
3 8 7
3 4 8
4 9 8
4 5 9
6 7 10
7 11 10
7 8 11
8 12 11
8 9 12
10 11 13
11 14 13
11 12 14
13 14 15
ZONE N=15, E=16, F=FEPOINT, ET=TRIANGLE
-0.40309 -0.140698 0 0 0 0 
-0.42455 -0.166059 0 0 0 0 
-0.44601 -0.19142 0 0 0 0 
-0.467469 -0.216782 0 0 0 0 
-0.488929 -0.242143 0 0 0 0 
-0.406981 -0.166292 0 0 0 0 
-0.428441 -0.191653 0 0 0 0 
-0.4499 -0.217014 0 0 0 0 
-0.47136 -0.242375 0 0 0 0 
-0.410872 -0.191885 0 0 0 0 
-0.432332 -0.217247 0 0 0 0 
-0.453791 -0.242608 0 0 0 0 
-0.414763 -0.217479 0 0 0 0 
-0.436223 -0.242841 0 0 0 0 
-0.418654 -0.243073 0 0 0 0 
1 2 6
2 7 6
2 3 7
3 8 7
3 4 8
4 9 8
4 5 9
6 7 10
7 11 10
7 8 11
8 12 11
8 9 12
10 11 13
11 14 13
11 12 14
13 14 15
ZONE N=15, E=16, F=FEPOINT, ET=TRIANGLE
-0.3125 -0.0698887 0 0 0 0 
-0.328125 -0.0524165 0 0 0 0 
-0.34375 -0.0349443 0 0 0 0 
-0.359375 -0.0174722 0 0 0 0 
-0.375 0 0 0 0 0 
-0.335938 -0.0695712 0 0 0 0 
-0.351562 -0.052099 0 0 0 0 
-0.367188 -0.0346269 0 0 0 0 
-0.382812 -0.0171547 0 0 0 0 
-0.359375 -0.0692537 0 0 0 0 
-0.375 -0.0517816 0 0 0 0 
-0.390625 -0.0343094 0 0 0 0 
-0.382812 -0.0689363 0 0 0 0 
-0.398438 -0.0514641 0 0 0 0 
-0.40625 -0.0686188 0 0 0 0 
1 2 6
2 7 6
2 3 7
3 8 7
3 4 8
4 9 8
4 5 9
6 7 10
7 11 10
7 8 11
8 12 11
8 9 12
10 11 13
11 14 13
11 12 14
13 14 15
ZONE N=15, E=16, F=FEPOINT, ET=TRIANGLE
-0.241405 0.182436 0 0 0 0 
-0.259179 0.153498 0 0 0 0 
-0.276953 0.12456 0 0 0 0 
-0.294726 0.0956223 0 0 0 0 
-0.3125 0.0666844 0 0 0 0 
-0.236242 0.159338 0 0 0 0 
-0.254016 0.1304 0 0 0 0 
-0.27179 0.101462 0 0 0 0 
-0.289563 0.0725239 0 0 0 0 
-0.231079 0.136239 0 0 0 0 
-0.248853 0.107301 0 0 0 0 
-0.266627 0.0783635 0 0 0 0 
-0.225916 0.113141 0 0 0 0 
-0.24369 0.084203 0 0 0 0 
-0.220754 0.0900426 0 0 0 0 
1 2 6
2 7 6
2 3 7
3 8 7
3 4 8
4 9 8
4 5 9
6 7 10
7 11 10
7 8 11
8 12 11
8 9 12
10 11 13
11 14 13
11 12 14
13 14 15
ZONE N=15, E=16, F=FEPOINT, ET=TRIANGLE
-0.365033 0.238729 0 0 0 0 
-0.387573 0.217683 0 0 0 0 
-0.410112 0.196636 0 0 0 0 
-0.432651 0.175589 0 0 0 0 
-0.45519 0.154542 0 0 0 0 
-0.367591 0.218877 0 0 0 0 
-0.390131 0.19783 0 0 0 0 
-0.41267 0.176783 0 0 0 0 
-0.435209 0.155736 0 0 0 0 
-0.370149 0.199024 0 0 0 0 
-0.392688 0.177977 0 0 0 0 
-0.415228 0.15693 0 0 0 0 
-0.372707 0.179171 0 0 0 0 
-0.395246 0.158124 0 0 0 0 
-0.375265 0.159318 0 0 0 0 
1 2 6
2 7 6
2 3 7
3 8 7
3 4 8
4 9 8
4 5 9
6 7 10
7 11 10
7 8 11
8 12 11
8 9 12
10 11 13
11 14 13
11 12 14
13 14 15
ZONE N=15, E=16, F=FEPOINT, ET=TRIANGLE
-0.375265 0.159318 0 0 0 0 
-0.382012 0.140472 0 0 0 0 
-0.388759 0.121627 0 0 0 0 
-0.395505 0.102781 0 0 0 0 
-0.402252 0.0839353 0 0 0 0 
-0.359574 0.13616 0 0 0 0 
-0.366321 0.117314 0 0 0 0 
-0.373067 0.0984682 0 0 0 0 
-0.379814 0.0796225 0 0 0 0 
-0.343883 0.113001 0 0 0 0 
-0.350629 0.0941555 0 0 0 0 
-0.357376 0.0753098 0 0 0 0 
-0.328191 0.0898428 0 0 0 0 
-0.334938 0.0709971 0 0 0 0 
-0.3125 0.0666844 0 0 0 0 
1 2 6
2 7 6
2 3 7
3 8 7
3 4 8
4 9 8
4 5 9
6 7 10
7 11 10
7 8 11
8 12 11
8 9 12
10 11 13
11 14 13
11 12 14
13 14 15
ZONE N=15, E=16, F=FEPOINT, ET=TRIANGLE
-0.241405 0.182436 0 0 0 0 
-0.259029 0.184707 0 0 0 0 
-0.276653 0.186977 0 0 0 0 
-0.294276 0.189248 0 0 0 0 
-0.3119 0.191519 0 0 0 0 
-0.259179 0.153498 0 0 0 0 
-0.276803 0.155769 0 0 0 0 
-0.294426 0.158039 0 0 0 0 
-0.31205 0.16031 0 0 0 0 
-0.276953 0.12456 0 0 0 0 
-0.294576 0.126831 0 0 0 0 
-0.3122 0.129102 0 0 0 0 
-0.294726 0.0956223 0 0 0 0 
-0.31235 0.097893 0 0 0 0 
-0.3125 0.0666844 0 0 0 0 
1 2 6
2 7 6
2 3 7
3 8 7
3 4 8
4 9 8
4 5 9
6 7 10
7 11 10
7 8 11
8 12 11
8 9 12
10 11 13
11 14 13
11 12 14
13 14 15
ZONE N=15, E=16, F=FEPOINT, ET=TRIANGLE
-0.524145 -0.30355 0 0 0 0 
-0.504227 -0.304773 0 0 0 0 
-0.484309 -0.305995 0 0 0 0 
-0.46439 -0.307218 0 0 0 0 
-0.444472 -0.308441 0 0 0 0 
-0.515341 -0.288198 0 0 0 0 
-0.495423 -0.289421 0 0 0 0 
-0.475504 -0.290643 0 0 0 0 
-0.455586 -0.291866 0 0 0 0 
-0.506537 -0.272846 0 0 0 0 
-0.486619 -0.274069 0 0 0 0 
-0.4667 -0.275292 0 0 0 0 
-0.497733 -0.257495 0 0 0 0 
-0.477814 -0.258717 0 0 0 0 
-0.488929 -0.242143 0 0 0 0 
1 2 6
2 7 6
2 3 7
3 8 7
3 4 8
4 9 8
4 5 9
6 7 10
7 11 10
7 8 11
8 12 11
8 9 12
10 11 13
11 14 13
11 12 14
13 14 15
ZONE N=15, E=16, F=FEPOINT, ET=TRIANGLE
-0.25 0 0 0 0 0 
-0.265625 -0.0174722 0 0 0 0 
-0.28125 -0.0349443 0 0 0 0 
-0.296875 -0.0524165 0 0 0 0 
-0.3125 -0.0698887 0 0 0 0 
-0.243558 -0.0214837 0 0 0 0 
-0.259183 -0.0389559 0 0 0 0 
-0.274808 -0.0564281 0 0 0 0 
-0.290433 -0.0739002 0 0 0 0 
-0.237116 -0.0429675 0 0 0 0 
-0.252741 -0.0604396 0 0 0 0 
-0.268366 -0.0779118 0 0 0 0 
-0.230674 -0.0644512 0 0 0 0 
-0.246299 -0.0819233 0 0 0 0 
-0.224231 -0.0859349 0 0 0 0 
1 2 6
2 7 6
2 3 7
3 8 7
3 4 8
4 9 8
4 5 9
6 7 10
7 11 10
7 8 11
8 12 11
8 9 12
10 11 13
11 14 13
11 12 14
13 14 15
ZONE N=15, E=16, F=FEPOINT, ET=TRIANGLE
-0.40625 -0.0686188 0 0 0 0 
-0.40546 -0.0866385 0 0 0 0 
-0.40467 -0.104658 0 0 0 0 
-0.40388 -0.122678 0 0 0 0 
-0.40309 -0.140698 0 0 0 0 
-0.382812 -0.0689363 0 0 0 0 
-0.382023 -0.086956 0 0 0 0 
-0.381233 -0.104976 0 0 0 0 
-0.380443 -0.122995 0 0 0 0 
-0.359375 -0.0692537 0 0 0 0 
-0.358585 -0.0872734 0 0 0 0 
-0.357795 -0.105293 0 0 0 0 
-0.335938 -0.0695712 0 0 0 0 
-0.335148 -0.0875909 0 0 0 0 
-0.3125 -0.0698887 0 0 0 0 
1 2 6
2 7 6
2 3 7
3 8 7
3 4 8
4 9 8
4 5 9
6 7 10
7 11 10
7 8 11
8 12 11
8 9 12
10 11 13
11 14 13
11 12 14
13 14 15
ZONE N=15, E=16, F=FEPOINT, ET=TRIANGLE
-0.3125 -0.0698887 0 0 0 0 
-0.305031 -0.0915028 0 0 0 0 
-0.297562 -0.113117 0 0 0 0 
-0.290093 -0.134731 0 0 0 0 
-0.282624 -0.156345 0 0 0 0 
-0.290433 -0.0739002 0 0 0 0 
-0.282964 -0.0955143 0 0 0 0 
-0.275495 -0.117128 0 0 0 0 
-0.268026 -0.138743 0 0 0 0 
-0.268366 -0.0779118 0 0 0 0 
-0.260897 -0.0995259 0 0 0 0 
-0.253428 -0.12114 0 0 0 0 
-0.246299 -0.0819233 0 0 0 0 
-0.23883 -0.103537 0 0 0 0 
-0.224231 -0.0859349 0 0 0 0 
1 2 6
2 7 6
2 3 7
3 8 7
3 4 8
4 9 8
4 5 9
6 7 10
7 11 10
7 8 11
8 12 11
8 9 12
10 11 13
11 14 13
11 12 14
13 14 15
ZONE N=15, E=16, F=FEPOINT, ET=TRIANGLE
-0.241405 0.182436 0 0 0 0 
-0.226174 0.191988 0 0 0 0 
-0.210942 0.20154 0 0 0 0 
-0.195711 0.211093 0 0 0 0 
-0.180479 0.220645 0 0 0 0 
-0.246536 0.212143 0 0 0 0 
-0.231304 0.221695 0 0 0 0 
-0.216073 0.231248 0 0 0 0 
-0.200841 0.2408 0 0 0 0 
-0.251666 0.241851 0 0 0 0 
-0.236435 0.251403 0 0 0 0 
-0.221203 0.260955 0 0 0 0 
-0.256797 0.271558 0 0 0 0 
-0.241565 0.28111 0 0 0 0 
-0.261927 0.301265 0 0 0 0 
1 2 6
2 7 6
2 3 7
3 8 7
3 4 8
4 9 8
4 5 9
6 7 10
7 11 10
7 8 11
8 12 11
8 9 12
10 11 13
11 14 13
11 12 14
13 14 15
ZONE N=15, E=16, F=FEPOINT, ET=TRIANGLE
-0.392624 0.314011 0 0 0 0 
-0.420304 0.32749 0 0 0 0 
-0.447983 0.340969 0 0 0 0 
-0.475662 0.354448 0 0 0 0 
-0.503342 0.367927 0 0 0 0 
-0.412391 0.310683 0 0 0 0 
-0.44007 0.324162 0 0 0 0 
-0.46775 0.337641 0 0 0 0 
-0.495429 0.35112 0 0 0 0 
-0.432157 0.307355 0 0 0 0 
-0.459837 0.320834 0 0 0 0 
-0.487516 0.334313 0 0 0 0 
-0.451924 0.304026 0 0 0 0 
-0.479603 0.317505 0 0 0 0 
-0.47169 0.300698 0 0 0 0 
1 2 6
2 7 6
2 3 7
3 8 7
3 4 8
4 9 8
4 5 9
6 7 10
7 11 10
7 8 11
8 12 11
8 9 12
10 11 13
11 14 13
11 12 14
13 14 15
ZONE N=15, E=16, F=FEPOINT, ET=TRIANGLE
-0.46875 -0.110795 0 0 0 0 
-0.473795 -0.143632 0 0 0 0 
-0.478839 -0.176469 0 0 0 0 
-0.483884 -0.209306 0 0 0 0 
-0.488929 -0.242143 0 0 0 0 
-0.452335 -0.118271 0 0 0 0 
-0.45738 -0.151108 0 0 0 0 
-0.462424 -0.183945 0 0 0 0 
-0.467469 -0.216782 0 0 0 0 
-0.43592 -0.125746 0 0 0 0 
-0.440965 -0.158583 0 0 0 0 
-0.44601 -0.19142 0 0 0 0 
-0.419505 -0.133222 0 0 0 0 
-0.42455 -0.166059 0 0 0 0 
-0.40309 -0.140698 0 0 0 0 
1 2 6
2 7 6
2 3 7
3 8 7
3 4 8
4 9 8
4 5 9
6 7 10
7 11 10
7 8 11
8 12 11
8 9 12
10 11 13
11 14 13
11 12 14
13 14 15
ZONE N=15, E=16, F=FEPOINT, ET=TRIANGLE
-0.282624 -0.156345 0 0 0 0 
-0.312741 -0.152433 0 0 0 0 
-0.342857 -0.148521 0 0 0 0 
-0.372974 -0.144609 0 0 0 0 
-0.40309 -0.140698 0 0 0 0 
-0.302651 -0.167384 0 0 0 0 
-0.332768 -0.163472 0 0 0 0 
-0.362884 -0.159561 0 0 0 0 
-0.393001 -0.155649 0 0 0 0 
-0.322678 -0.178424 0 0 0 0 
-0.352795 -0.174512 0 0 0 0 
-0.382912 -0.1706 0 0 0 0 
-0.342706 -0.189463 0 0 0 0 
-0.372822 -0.185551 0 0 0 0 
-0.362733 -0.200502 0 0 0 0 
1 2 6
2 7 6
2 3 7
3 8 7
3 4 8
4 9 8
4 5 9
6 7 10
7 11 10
7 8 11
8 12 11
8 9 12
10 11 13
11 14 13
11 12 14
13 14 15
ZONE N=15, E=16, F=FEPOINT, ET=TRIANGLE
-0.576677 -0.124723 0 0 0 0 
-0.549695 -0.121241 0 0 0 0 
-0.522713 -0.117759 0 0 0 0 
-0.495732 -0.114277 0 0 0 0 
-0.46875 -0.110795 0 0 0 0 
-0.563549 -0.110198 0 0 0 0 
-0.536567 -0.106716 0 0 0 0 
-0.509586 -0.103234 0 0 0 0 
-0.482604 -0.0997516 0 0 0 0 
-0.550421 -0.0956721 0 0 0 0 
-0.52344 -0.09219 0 0 0 0 
-0.496458 -0.088708 0 0 0 0 
-0.537294 -0.0811464 0 0 0 0 
-0.510312 -0.0776644 0 0 0 0 
-0.524166 -0.0666207 0 0 0 0 
1 2 6
2 7 6
2 3 7
3 8 7
3 4 8
4 9 8
4 5 9
6 7 10
7 11 10
7 8 11
8 12 11
8 9 12
10 11 13
11 14 13
11 12 14
13 14 15
ZONE N=15, E=16, F=FEPOINT, ET=TRIANGLE
-0.524145 -0.30355 0 0 0 0 
-0.531062 -0.319839 0 0 0 0 
-0.537978 -0.336129 0 0 0 0 
-0.544895 -0.352419 0 0 0 0 
-0.551811 -0.368708 0 0 0 0 
-0.504227 -0.304773 0 0 0 0 
-0.511143 -0.321062 0 0 0 0 
-0.51806 -0.337352 0 0 0 0 
-0.524976 -0.353641 0 0 0 0 
-0.484309 -0.305995 0 0 0 0 
-0.491225 -0.322285 0 0 0 0 
-0.498141 -0.338575 0 0 0 0 
-0.46439 -0.307218 0 0 0 0 
-0.471306 -0.323508 0 0 0 0 
-0.444472 -0.308441 0 0 0 0 
1 2 6
2 7 6
2 3 7
3 8 7
3 4 8
4 9 8
4 5 9
6 7 10
7 11 10
7 8 11
8 12 11
8 9 12
10 11 13
11 14 13
11 12 14
13 14 15
ZONE N=15, E=16, F=FEPOINT, ET=TRIANGLE
-0.375265 0.159318 0 0 0 0 
-0.359574 0.13616 0 0 0 0 
-0.343883 0.113001 0 0 0 0 
-0.328191 0.0898428 0 0 0 0 
-0.3125 0.0666844 0 0 0 0 
-0.359424 0.167368 0 0 0 0 
-0.343733 0.14421 0 0 0 0 
-0.328041 0.121051 0 0 0 0 
-0.31235 0.097893 0 0 0 0 
-0.343583 0.175418 0 0 0 0 
-0.327891 0.15226 0 0 0 0 
-0.3122 0.129102 0 0 0 0 
-0.327741 0.183469 0 0 0 0 
-0.31205 0.16031 0 0 0 0 
-0.3119 0.191519 0 0 0 0 
1 2 6
2 7 6
2 3 7
3 8 7
3 4 8
4 9 8
4 5 9
6 7 10
7 11 10
7 8 11
8 12 11
8 9 12
10 11 13
11 14 13
11 12 14
13 14 15
ZONE N=15, E=16, F=FEPOINT, ET=TRIANGLE
-0.241405 0.182436 0 0 0 0 
-0.246536 0.212143 0 0 0 0 
-0.251666 0.241851 0 0 0 0 
-0.256797 0.271558 0 0 0 0 
-0.261927 0.301265 0 0 0 0 
-0.259029 0.184707 0 0 0 0 
-0.26416 0.214414 0 0 0 0 
-0.26929 0.244121 0 0 0 0 
-0.274421 0.273829 0 0 0 0 
-0.276653 0.186977 0 0 0 0 
-0.281783 0.216685 0 0 0 0 
-0.286914 0.246392 0 0 0 0 
-0.294276 0.189248 0 0 0 0 
-0.299407 0.218955 0 0 0 0 
-0.3119 0.191519 0 0 0 0 
1 2 6
2 7 6
2 3 7
3 8 7
3 4 8
4 9 8
4 5 9
6 7 10
7 11 10
7 8 11
8 12 11
8 9 12
10 11 13
11 14 13
11 12 14
13 14 15
ZONE N=15, E=16, F=FEPOINT, ET=TRIANGLE
-0.15625 0.0627026 0 0 0 0 
-0.156191 0.0852813 0 0 0 0 
-0.156133 0.10786 0 0 0 0 
-0.156074 0.130439 0 0 0 0 
-0.156016 0.153018 0 0 0 0 
-0.172376 0.0695376 0 0 0 0 
-0.172317 0.0921163 0 0 0 0 
-0.172259 0.114695 0 0 0 0 
-0.1722 0.137274 0 0 0 0 
-0.188502 0.0763726 0 0 0 0 
-0.188443 0.0989513 0 0 0 0 
-0.188385 0.12153 0 0 0 0 
-0.204628 0.0832076 0 0 0 0 
-0.204569 0.105786 0 0 0 0 
-0.220754 0.0900426 0 0 0 0 
1 2 6
2 7 6
2 3 7
3 8 7
3 4 8
4 9 8
4 5 9
6 7 10
7 11 10
7 8 11
8 12 11
8 9 12
10 11 13
11 14 13
11 12 14
13 14 15
ZONE N=15, E=16, F=FEPOINT, ET=TRIANGLE
-0.471033 0.601398 0 0 0 0 
-0.464995 0.584723 0 0 0 0 
-0.458957 0.568047 0 0 0 0 
-0.452919 0.551371 0 0 0 0 
-0.446881 0.534696 0 0 0 0 
-0.453688 0.60446 0 0 0 0 
-0.44765 0.587785 0 0 0 0 
-0.441612 0.571109 0 0 0 0 
-0.435574 0.554433 0 0 0 0 
-0.436343 0.607522 0 0 0 0 
-0.430305 0.590847 0 0 0 0 
-0.424267 0.574171 0 0 0 0 
-0.418998 0.610584 0 0 0 0 
-0.41296 0.593909 0 0 0 0 
-0.401653 0.613646 0 0 0 0 
1 2 6
2 7 6
2 3 7
3 8 7
3 4 8
4 9 8
4 5 9
6 7 10
7 11 10
7 8 11
8 12 11
8 9 12
10 11 13
11 14 13
11 12 14
13 14 15
ZONE N=15, E=16, F=FEPOINT, ET=TRIANGLE
-0.47169 0.300698 0 0 0 0 
-0.479603 0.317505 0 0 0 0 
-0.487516 0.334313 0 0 0 0 
-0.495429 0.35112 0 0 0 0 
-0.503342 0.367927 0 0 0 0 
-0.495962 0.300612 0 0 0 0 
-0.503875 0.317419 0 0 0 0 
-0.511788 0.334226 0 0 0 0 
-0.519701 0.351033 0 0 0 0 
-0.520234 0.300525 0 0 0 0 
-0.528147 0.317332 0 0 0 0 
-0.53606 0.33414 0 0 0 0 
-0.544505 0.300438 0 0 0 0 
-0.552418 0.317246 0 0 0 0 
-0.568777 0.300352 0 0 0 0 
1 2 6
2 7 6
2 3 7
3 8 7
3 4 8
4 9 8
4 5 9
6 7 10
7 11 10
7 8 11
8 12 11
8 9 12
10 11 13
11 14 13
11 12 14
13 14 15
ZONE N=15, E=16, F=FEPOINT, ET=TRIANGLE
-0.520732 0.440171 0 0 0 0 
-0.539046 0.443511 0 0 0 0 
-0.557361 0.446851 0 0 0 0 
-0.575675 0.450191 0 0 0 0 
-0.59399 0.453531 0 0 0 0 
-0.534664 0.425418 0 0 0 0 
-0.552979 0.428758 0 0 0 0 
-0.571293 0.432098 0 0 0 0 
-0.589608 0.435438 0 0 0 0 
-0.548597 0.410664 0 0 0 0 
-0.566911 0.414004 0 0 0 0 
-0.585226 0.417344 0 0 0 0 
-0.562529 0.395911 0 0 0 0 
-0.580844 0.399251 0 0 0 0 
-0.576462 0.381157 0 0 0 0 
1 2 6
2 7 6
2 3 7
3 8 7
3 4 8
4 9 8
4 5 9
6 7 10
7 11 10
7 8 11
8 12 11
8 9 12
10 11 13
11 14 13
11 12 14
13 14 15
ZONE N=15, E=16, F=FEPOINT, ET=TRIANGLE
-0.392624 0.314011 0 0 0 0 
-0.412391 0.310683 0 0 0 0 
-0.432157 0.307355 0 0 0 0 
-0.451924 0.304026 0 0 0 0 
-0.47169 0.300698 0 0 0 0 
-0.385727 0.295191 0 0 0 0 
-0.405493 0.291862 0 0 0 0 
-0.425259 0.288534 0 0 0 0 
-0.445026 0.285206 0 0 0 0 
-0.378829 0.27637 0 0 0 0 
-0.398595 0.273042 0 0 0 0 
-0.418362 0.269714 0 0 0 0 
-0.371931 0.25755 0 0 0 0 
-0.391698 0.254222 0 0 0 0 
-0.365033 0.238729 0 0 0 0 
1 2 6
2 7 6
2 3 7
3 8 7
3 4 8
4 9 8
4 5 9
6 7 10
7 11 10
7 8 11
8 12 11
8 9 12
10 11 13
11 14 13
11 12 14
13 14 15
ZONE N=15, E=16, F=FEPOINT, ET=TRIANGLE
-0.503342 0.367927 0 0 0 0 
-0.507689 0.385988 0 0 0 0 
-0.512037 0.404049 0 0 0 0 
-0.516384 0.42211 0 0 0 0 
-0.520732 0.440171 0 0 0 0 
-0.521622 0.371235 0 0 0 0 
-0.525969 0.389296 0 0 0 0 
-0.530317 0.407357 0 0 0 0 
-0.534664 0.425418 0 0 0 0 
-0.539902 0.374542 0 0 0 0 
-0.544249 0.392603 0 0 0 0 
-0.548597 0.410664 0 0 0 0 
-0.558182 0.37785 0 0 0 0 
-0.562529 0.395911 0 0 0 0 
-0.576462 0.381157 0 0 0 0 
1 2 6
2 7 6
2 3 7
3 8 7
3 4 8
4 9 8
4 5 9
6 7 10
7 11 10
7 8 11
8 12 11
8 9 12
10 11 13
11 14 13
11 12 14
13 14 15
ZONE N=15, E=16, F=FEPOINT, ET=TRIANGLE
-0.380829 0.466293 0 0 0 0 
-0.362679 0.469282 0 0 0 0 
-0.344529 0.47227 0 0 0 0 
-0.32638 0.475258 0 0 0 0 
-0.30823 0.478246 0 0 0 0 
-0.37358 0.484097 0 0 0 0 
-0.355431 0.487086 0 0 0 0 
-0.337281 0.490074 0 0 0 0 
-0.319131 0.493062 0 0 0 0 
-0.366332 0.501901 0 0 0 0 
-0.348182 0.504889 0 0 0 0 
-0.330032 0.507878 0 0 0 0 
-0.359083 0.519705 0 0 0 0 
-0.340933 0.522693 0 0 0 0 
-0.351834 0.537509 0 0 0 0 
1 2 6
2 7 6
2 3 7
3 8 7
3 4 8
4 9 8
4 5 9
6 7 10
7 11 10
7 8 11
8 12 11
8 9 12
10 11 13
11 14 13
11 12 14
13 14 15
ZONE N=15, E=16, F=FEPOINT, ET=TRIANGLE
-0.442763 0.420724 0 0 0 0 
-0.462255 0.425586 0 0 0 0 
-0.481747 0.430448 0 0 0 0 
-0.501239 0.435309 0 0 0 0 
-0.520732 0.440171 0 0 0 0 
-0.457908 0.407525 0 0 0 0 
-0.4774 0.412387 0 0 0 0 
-0.496892 0.417248 0 0 0 0 
-0.516384 0.42211 0 0 0 0 
-0.473052 0.394326 0 0 0 0 
-0.492545 0.399187 0 0 0 0 
-0.512037 0.404049 0 0 0 0 
-0.488197 0.381126 0 0 0 0 
-0.507689 0.385988 0 0 0 0 
-0.503342 0.367927 0 0 0 0 
1 2 6
2 7 6
2 3 7
3 8 7
3 4 8
4 9 8
4 5 9
6 7 10
7 11 10
7 8 11
8 12 11
8 9 12
10 11 13
11 14 13
11 12 14
13 14 15
ZONE N=15, E=16, F=FEPOINT, ET=TRIANGLE
-0.368337 0.390423 0 0 0 0 
-0.37146 0.40939 0 0 0 0 
-0.374583 0.428358 0 0 0 0 
-0.377706 0.447326 0 0 0 0 
-0.380829 0.466293 0 0 0 0 
-0.386944 0.397998 0 0 0 0 
-0.390067 0.416966 0 0 0 0 
-0.393189 0.435933 0 0 0 0 
-0.396312 0.454901 0 0 0 0 
-0.40555 0.405573 0 0 0 0 
-0.408673 0.424541 0 0 0 0 
-0.411796 0.443509 0 0 0 0 
-0.424157 0.413149 0 0 0 0 
-0.427279 0.432116 0 0 0 0 
-0.442763 0.420724 0 0 0 0 
1 2 6
2 7 6
2 3 7
3 8 7
3 4 8
4 9 8
4 5 9
6 7 10
7 11 10
7 8 11
8 12 11
8 9 12
10 11 13
11 14 13
11 12 14
13 14 15
ZONE N=15, E=16, F=FEPOINT, ET=TRIANGLE
-0.661912 0.484057 0 0 0 0 
-0.644931 0.476425 0 0 0 0 
-0.627951 0.468794 0 0 0 0 
-0.61097 0.461163 0 0 0 0 
-0.59399 0.453531 0 0 0 0 
-0.646493 0.495657 0 0 0 0 
-0.629513 0.488026 0 0 0 0 
-0.612532 0.480394 0 0 0 0 
-0.595552 0.472763 0 0 0 0 
-0.631074 0.507258 0 0 0 0 
-0.614094 0.499626 0 0 0 0 
-0.597113 0.491995 0 0 0 0 
-0.615656 0.518858 0 0 0 0 
-0.598675 0.511227 0 0 0 0 
-0.600237 0.530459 0 0 0 0 
1 2 6
2 7 6
2 3 7
3 8 7
3 4 8
4 9 8
4 5 9
6 7 10
7 11 10
7 8 11
8 12 11
8 9 12
10 11 13
11 14 13
11 12 14
13 14 15
ZONE N=15, E=16, F=FEPOINT, ET=TRIANGLE
-0.50963 0.507609 0 0 0 0 
-0.532282 0.513322 0 0 0 0 
-0.554933 0.519034 0 0 0 0 
-0.577585 0.524746 0 0 0 0 
-0.600237 0.530459 0 0 0 0 
-0.53072 0.49409 0 0 0 0 
-0.553372 0.499802 0 0 0 0 
-0.576023 0.505514 0 0 0 0 
-0.598675 0.511227 0 0 0 0 
-0.55181 0.48057 0 0 0 0 
-0.574462 0.486282 0 0 0 0 
-0.597113 0.491995 0 0 0 0 
-0.5729 0.467051 0 0 0 0 
-0.595552 0.472763 0 0 0 0 
-0.59399 0.453531 0 0 0 0 
1 2 6
2 7 6
2 3 7
3 8 7
3 4 8
4 9 8
4 5 9
6 7 10
7 11 10
7 8 11
8 12 11
8 9 12
10 11 13
11 14 13
11 12 14
13 14 15
ZONE N=15, E=16, F=FEPOINT, ET=TRIANGLE
-0.661912 0.484057 0 0 0 0 
-0.659368 0.45074 0 0 0 0 
-0.656824 0.417422 0 0 0 0 
-0.65428 0.384105 0 0 0 0 
-0.651736 0.350788 0 0 0 0 
-0.644931 0.476425 0 0 0 0 
-0.642387 0.443108 0 0 0 0 
-0.639844 0.409791 0 0 0 0 
-0.6373 0.376474 0 0 0 0 
-0.627951 0.468794 0 0 0 0 
-0.625407 0.435477 0 0 0 0 
-0.622863 0.40216 0 0 0 0 
-0.61097 0.461163 0 0 0 0 
-0.608426 0.427845 0 0 0 0 
-0.59399 0.453531 0 0 0 0 
1 2 6
2 7 6
2 3 7
3 8 7
3 4 8
4 9 8
4 5 9
6 7 10
7 11 10
7 8 11
8 12 11
8 9 12
10 11 13
11 14 13
11 12 14
13 14 15
ZONE N=15, E=16, F=FEPOINT, ET=TRIANGLE
-0.324659 0.334474 0 0 0 0 
-0.308931 0.34522 0 0 0 0 
-0.293204 0.355965 0 0 0 0 
-0.277477 0.36671 0 0 0 0 
-0.261749 0.377456 0 0 0 0 
-0.321287 0.3548 0 0 0 0 
-0.305559 0.365545 0 0 0 0 
-0.289832 0.376291 0 0 0 0 
-0.274104 0.387036 0 0 0 0 
-0.317914 0.375126 0 0 0 0 
-0.302187 0.385871 0 0 0 0 
-0.28646 0.396617 0 0 0 0 
-0.314542 0.395452 0 0 0 0 
-0.298815 0.406197 0 0 0 0 
-0.31117 0.415777 0 0 0 0 
1 2 6
2 7 6
2 3 7
3 8 7
3 4 8
4 9 8
4 5 9
6 7 10
7 11 10
7 8 11
8 12 11
8 9 12
10 11 13
11 14 13
11 12 14
13 14 15
ZONE N=15, E=16, F=FEPOINT, ET=TRIANGLE
-0.239823 0.671644 0 0 0 0 
-0.231693 0.692015 0 0 0 0 
-0.223562 0.712386 0 0 0 0 
-0.215431 0.732757 0 0 0 0 
-0.2073 0.753128 0 0 0 0 
-0.251758 0.688216 0 0 0 0 
-0.243627 0.708587 0 0 0 0 
-0.235496 0.728958 0 0 0 0 
-0.227366 0.749328 0 0 0 0 
-0.263692 0.704787 0 0 0 0 
-0.255561 0.725158 0 0 0 0 
-0.247431 0.745529 0 0 0 0 
-0.275627 0.721359 0 0 0 0 
-0.267496 0.74173 0 0 0 0 
-0.287561 0.73793 0 0 0 0 
1 2 6
2 7 6
2 3 7
3 8 7
3 4 8
4 9 8
4 5 9
6 7 10
7 11 10
7 8 11
8 12 11
8 9 12
10 11 13
11 14 13
11 12 14
13 14 15
ZONE N=15, E=16, F=FEPOINT, ET=TRIANGLE
-0.380829 0.466293 0 0 0 0 
-0.397342 0.483394 0 0 0 0 
-0.413855 0.500495 0 0 0 0 
-0.430368 0.517595 0 0 0 0 
-0.446881 0.534696 0 0 0 0 
-0.396312 0.454901 0 0 0 0 
-0.412825 0.472002 0 0 0 0 
-0.429338 0.489102 0 0 0 0 
-0.445851 0.506203 0 0 0 0 
-0.411796 0.443509 0 0 0 0 
-0.428309 0.460609 0 0 0 0 
-0.444822 0.47771 0 0 0 0 
-0.427279 0.432116 0 0 0 0 
-0.443792 0.449217 0 0 0 0 
-0.442763 0.420724 0 0 0 0 
1 2 6
2 7 6
2 3 7
3 8 7
3 4 8
4 9 8
4 5 9
6 7 10
7 11 10
7 8 11
8 12 11
8 9 12
10 11 13
11 14 13
11 12 14
13 14 15
ZONE N=15, E=16, F=FEPOINT, ET=TRIANGLE
-0.363428 0.768211 0 0 0 0 
-0.390643 0.756729 0 0 0 0 
-0.417858 0.745246 0 0 0 0 
-0.445073 0.733764 0 0 0 0 
-0.472289 0.722281 0 0 0 0 
-0.362583 0.7475 0 0 0 0 
-0.389799 0.736018 0 0 0 0 
-0.417014 0.724535 0 0 0 0 
-0.444229 0.713052 0 0 0 0 
-0.361739 0.726789 0 0 0 0 
-0.388954 0.715306 0 0 0 0 
-0.416169 0.703824 0 0 0 0 
-0.360894 0.706078 0 0 0 0 
-0.388109 0.694595 0 0 0 0 
-0.36005 0.685367 0 0 0 0 
1 2 6
2 7 6
2 3 7
3 8 7
3 4 8
4 9 8
4 5 9
6 7 10
7 11 10
7 8 11
8 12 11
8 9 12
10 11 13
11 14 13
11 12 14
13 14 15
ZONE N=15, E=16, F=FEPOINT, ET=TRIANGLE
-0.380829 0.466293 0 0 0 0 
-0.363414 0.453664 0 0 0 0 
-0.345999 0.441035 0 0 0 0 
-0.328585 0.428406 0 0 0 0 
-0.31117 0.415777 0 0 0 0 
-0.362679 0.469282 0 0 0 0 
-0.345264 0.456653 0 0 0 0 
-0.32785 0.444024 0 0 0 0 
-0.310435 0.431395 0 0 0 0 
-0.344529 0.47227 0 0 0 0 
-0.327115 0.459641 0 0 0 0 
-0.3097 0.447012 0 0 0 0 
-0.32638 0.475258 0 0 0 0 
-0.308965 0.462629 0 0 0 0 
-0.30823 0.478246 0 0 0 0 
1 2 6
2 7 6
2 3 7
3 8 7
3 4 8
4 9 8
4 5 9
6 7 10
7 11 10
7 8 11
8 12 11
8 9 12
10 11 13
11 14 13
11 12 14
13 14 15
ZONE N=15, E=16, F=FEPOINT, ET=TRIANGLE
-0.351834 0.537509 0 0 0 0 
-0.375596 0.536806 0 0 0 0 
-0.399357 0.536103 0 0 0 0 
-0.423119 0.535399 0 0 0 0 
-0.446881 0.534696 0 0 0 0 
-0.359083 0.519705 0 0 0 0 
-0.382844 0.519002 0 0 0 0 
-0.406606 0.518299 0 0 0 0 
-0.430368 0.517595 0 0 0 0 
-0.366332 0.501901 0 0 0 0 
-0.390093 0.501198 0 0 0 0 
-0.413855 0.500495 0 0 0 0 
-0.37358 0.484097 0 0 0 0 
-0.397342 0.483394 0 0 0 0 
-0.380829 0.466293 0 0 0 0 
1 2 6
2 7 6
2 3 7
3 8 7
3 4 8
4 9 8
4 5 9
6 7 10
7 11 10
7 8 11
8 12 11
8 9 12
10 11 13
11 14 13
11 12 14
13 14 15
ZONE N=15, E=16, F=FEPOINT, ET=TRIANGLE
-0.534684 0.571197 0 0 0 0 
-0.549168 0.581921 0 0 0 0 
-0.563651 0.592644 0 0 0 0 
-0.578135 0.603368 0 0 0 0 
-0.592619 0.614091 0 0 0 0 
-0.551072 0.561013 0 0 0 0 
-0.565556 0.571736 0 0 0 0 
-0.58004 0.58246 0 0 0 0 
-0.594524 0.593183 0 0 0 0 
-0.56746 0.550828 0 0 0 0 
-0.581944 0.561551 0 0 0 0 
-0.596428 0.572275 0 0 0 0 
-0.583849 0.540643 0 0 0 0 
-0.598333 0.551367 0 0 0 0 
-0.600237 0.530459 0 0 0 0 
1 2 6
2 7 6
2 3 7
3 8 7
3 4 8
4 9 8
4 5 9
6 7 10
7 11 10
7 8 11
8 12 11
8 9 12
10 11 13
11 14 13
11 12 14
13 14 15
ZONE N=15, E=16, F=FEPOINT, ET=TRIANGLE
-0.600237 0.530459 0 0 0 0 
-0.616001 0.547814 0 0 0 0 
-0.631764 0.56517 0 0 0 0 
-0.647527 0.582526 0 0 0 0 
-0.663291 0.599881 0 0 0 0 
-0.615656 0.518858 0 0 0 0 
-0.631419 0.536214 0 0 0 0 
-0.647183 0.553569 0 0 0 0 
-0.662946 0.570925 0 0 0 0 
-0.631074 0.507258 0 0 0 0 
-0.646838 0.524613 0 0 0 0 
-0.662601 0.541969 0 0 0 0 
-0.646493 0.495657 0 0 0 0 
-0.662256 0.513013 0 0 0 0 
-0.661912 0.484057 0 0 0 0 
1 2 6
2 7 6
2 3 7
3 8 7
3 4 8
4 9 8
4 5 9
6 7 10
7 11 10
7 8 11
8 12 11
8 9 12
10 11 13
11 14 13
11 12 14
13 14 15
ZONE N=15, E=16, F=FEPOINT, ET=TRIANGLE
-0.156016 0.153018 0 0 0 0 
-0.162131 0.169924 0 0 0 0 
-0.168247 0.186831 0 0 0 0 
-0.174363 0.203738 0 0 0 0 
-0.180479 0.220645 0 0 0 0 
-0.177363 0.160372 0 0 0 0 
-0.183479 0.177279 0 0 0 0 
-0.189595 0.194186 0 0 0 0 
-0.195711 0.211093 0 0 0 0 
-0.19871 0.167727 0 0 0 0 
-0.204826 0.184634 0 0 0 0 
-0.210942 0.20154 0 0 0 0 
-0.220058 0.175081 0 0 0 0 
-0.226174 0.191988 0 0 0 0 
-0.241405 0.182436 0 0 0 0 
1 2 6
2 7 6
2 3 7
3 8 7
3 4 8
4 9 8
4 5 9
6 7 10
7 11 10
7 8 11
8 12 11
8 9 12
10 11 13
11 14 13
11 12 14
13 14 15
ZONE N=15, E=16, F=FEPOINT, ET=TRIANGLE
-0.351834 0.537509 0 0 0 0 
-0.340933 0.522693 0 0 0 0 
-0.330032 0.507878 0 0 0 0 
-0.319131 0.493062 0 0 0 0 
-0.30823 0.478246 0 0 0 0 
-0.327855 0.533979 0 0 0 0 
-0.316954 0.519164 0 0 0 0 
-0.306053 0.504348 0 0 0 0 
-0.295151 0.489532 0 0 0 0 
-0.303875 0.53045 0 0 0 0 
-0.292974 0.515634 0 0 0 0 
-0.282073 0.500818 0 0 0 0 
-0.279895 0.52692 0 0 0 0 
-0.268994 0.512104 0 0 0 0 
-0.255916 0.52339 0 0 0 0 
1 2 6
2 7 6
2 3 7
3 8 7
3 4 8
4 9 8
4 5 9
6 7 10
7 11 10
7 8 11
8 12 11
8 9 12
10 11 13
11 14 13
11 12 14
13 14 15
ZONE N=15, E=16, F=FEPOINT, ET=TRIANGLE
-0.351834 0.537509 0 0 0 0 
-0.364289 0.556543 0 0 0 0 
-0.376744 0.575578 0 0 0 0 
-0.389198 0.594612 0 0 0 0 
-0.401653 0.613646 0 0 0 0 
-0.375596 0.536806 0 0 0 0 
-0.38805 0.55584 0 0 0 0 
-0.400505 0.574874 0 0 0 0 
-0.41296 0.593909 0 0 0 0 
-0.399357 0.536103 0 0 0 0 
-0.411812 0.555137 0 0 0 0 
-0.424267 0.574171 0 0 0 0 
-0.423119 0.535399 0 0 0 0 
-0.435574 0.554433 0 0 0 0 
-0.446881 0.534696 0 0 0 0 
1 2 6
2 7 6
2 3 7
3 8 7
3 4 8
4 9 8
4 5 9
6 7 10
7 11 10
7 8 11
8 12 11
8 9 12
10 11 13
11 14 13
11 12 14
13 14 15
ZONE N=15, E=16, F=FEPOINT, ET=TRIANGLE
-0.534684 0.571197 0 0 0 0 
-0.52842 0.5553 0 0 0 0 
-0.522157 0.539403 0 0 0 0 
-0.515893 0.523506 0 0 0 0 
-0.50963 0.507609 0 0 0 0 
-0.512733 0.562072 0 0 0 0 
-0.50647 0.546175 0 0 0 0 
-0.500206 0.530278 0 0 0 0 
-0.493943 0.514381 0 0 0 0 
-0.490782 0.552947 0 0 0 0 
-0.484519 0.53705 0 0 0 0 
-0.478255 0.521152 0 0 0 0 
-0.468831 0.543821 0 0 0 0 
-0.462568 0.527924 0 0 0 0 
-0.446881 0.534696 0 0 0 0 
1 2 6
2 7 6
2 3 7
3 8 7
3 4 8
4 9 8
4 5 9
6 7 10
7 11 10
7 8 11
8 12 11
8 9 12
10 11 13
11 14 13
11 12 14
13 14 15
ZONE N=15, E=16, F=FEPOINT, ET=TRIANGLE
-0.368337 0.390423 0 0 0 0 
-0.354046 0.396761 0 0 0 0 
-0.339754 0.4031 0 0 0 0 
-0.325462 0.409439 0 0 0 0 
-0.31117 0.415777 0 0 0 0 
-0.37146 0.40939 0 0 0 0 
-0.357168 0.415729 0 0 0 0 
-0.342877 0.422068 0 0 0 0 
-0.328585 0.428406 0 0 0 0 
-0.374583 0.428358 0 0 0 0 
-0.360291 0.434697 0 0 0 0 
-0.345999 0.441035 0 0 0 0 
-0.377706 0.447326 0 0 0 0 
-0.363414 0.453664 0 0 0 0 
-0.380829 0.466293 0 0 0 0 
1 2 6
2 7 6
2 3 7
3 8 7
3 4 8
4 9 8
4 5 9
6 7 10
7 11 10
7 8 11
8 12 11
8 9 12
10 11 13
11 14 13
11 12 14
13 14 15
ZONE N=15, E=16, F=FEPOINT, ET=TRIANGLE
-0.255916 0.52339 0 0 0 0 
-0.251958 0.505168 0 0 0 0 
-0.248001 0.486946 0 0 0 0 
-0.244043 0.468724 0 0 0 0 
-0.240085 0.450502 0 0 0 0 
-0.238845 0.520743 0 0 0 0 
-0.234887 0.502521 0 0 0 0 
-0.23093 0.484299 0 0 0 0 
-0.226972 0.466077 0 0 0 0 
-0.221774 0.518096 0 0 0 0 
-0.217816 0.499874 0 0 0 0 
-0.213859 0.481652 0 0 0 0 
-0.204703 0.515448 0 0 0 0 
-0.200745 0.497226 0 0 0 0 
-0.187632 0.512801 0 0 0 0 
1 2 6
2 7 6
2 3 7
3 8 7
3 4 8
4 9 8
4 5 9
6 7 10
7 11 10
7 8 11
8 12 11
8 9 12
10 11 13
11 14 13
11 12 14
13 14 15
ZONE N=15, E=16, F=FEPOINT, ET=TRIANGLE
-0.0852468 0.236939 0 0 0 0 
-0.0566921 0.235698 0 0 0 0 
-0.0281374 0.234456 0 0 0 0 
0.00041732 0.233215 0 0 0 0 
0.028972 0.231974 0 0 0 0 
-0.0750904 0.250119 0 0 0 0 
-0.0465357 0.248878 0 0 0 0 
-0.017981 0.247637 0 0 0 0 
0.0105737 0.246395 0 0 0 0 
-0.064934 0.263299 0 0 0 0 
-0.0363793 0.262058 0 0 0 0 
-0.00782456 0.260817 0 0 0 0 
-0.0547776 0.276479 0 0 0 0 
-0.0262229 0.275238 0 0 0 0 
-0.0446212 0.289659 0 0 0 0 
1 2 6
2 7 6
2 3 7
3 8 7
3 4 8
4 9 8
4 5 9
6 7 10
7 11 10
7 8 11
8 12 11
8 9 12
10 11 13
11 14 13
11 12 14
13 14 15
ZONE N=15, E=16, F=FEPOINT, ET=TRIANGLE
0.208257 -0.175017 0 0 0 0 
0.20077 -0.161102 0 0 0 0 
0.193282 -0.147186 0 0 0 0 
0.185795 -0.133271 0 0 0 0 
0.178308 -0.119355 0 0 0 0 
0.197075 -0.186183 0 0 0 0 
0.189588 -0.172267 0 0 0 0 
0.182101 -0.158352 0 0 0 0 
0.174613 -0.144436 0 0 0 0 
0.185893 -0.197348 0 0 0 0 
0.178406 -0.183433 0 0 0 0 
0.170919 -0.169517 0 0 0 0 
0.174712 -0.208514 0 0 0 0 
0.167224 -0.194598 0 0 0 0 
0.16353 -0.219679 0 0 0 0 
1 2 6
2 7 6
2 3 7
3 8 7
3 4 8
4 9 8
4 5 9
6 7 10
7 11 10
7 8 11
8 12 11
8 9 12
10 11 13
11 14 13
11 12 14
13 14 15
ZONE N=15, E=16, F=FEPOINT, ET=TRIANGLE
-0.651375 0.249325 0 0 0 0 
-0.668969 0.256332 0 0 0 0 
-0.686563 0.263339 0 0 0 0 
-0.704157 0.270346 0 0 0 0 
-0.721752 0.277353 0 0 0 0 
-0.663069 0.236184 0 0 0 0 
-0.680664 0.243191 0 0 0 0 
-0.698258 0.250198 0 0 0 0 
-0.715852 0.257205 0 0 0 0 
-0.674764 0.223043 0 0 0 0 
-0.692358 0.230049 0 0 0 0 
-0.709953 0.237056 0 0 0 0 
-0.686459 0.209901 0 0 0 0 
-0.704053 0.216908 0 0 0 0 
-0.698154 0.19676 0 0 0 0 
1 2 6
2 7 6
2 3 7
3 8 7
3 4 8
4 9 8
4 5 9
6 7 10
7 11 10
7 8 11
8 12 11
8 9 12
10 11 13
11 14 13
11 12 14
13 14 15
ZONE N=15, E=16, F=FEPOINT, ET=TRIANGLE
-0.698154 0.19676 0 0 0 0 
-0.711115 0.184866 0 0 0 0 
-0.724077 0.172972 0 0 0 0 
-0.737038 0.161078 0 0 0 0 
-0.75 0.149184 0 0 0 0 
-0.68562 0.184416 0 0 0 0 
-0.698582 0.172522 0 0 0 0 
-0.711543 0.160628 0 0 0 0 
-0.724505 0.148734 0 0 0 0 
-0.673087 0.172072 0 0 0 0 
-0.686048 0.160178 0 0 0 0 
-0.69901 0.148284 0 0 0 0 
-0.660553 0.159728 0 0 0 0 
-0.673515 0.147834 0 0 0 0 
-0.648019 0.147384 0 0 0 0 
1 2 6
2 7 6
2 3 7
3 8 7
3 4 8
4 9 8
4 5 9
6 7 10
7 11 10
7 8 11
8 12 11
8 9 12
10 11 13
11 14 13
11 12 14
13 14 15
ZONE N=15, E=16, F=FEPOINT, ET=TRIANGLE
-0.695423 -0.065099 0 0 0 0 
-0.69087 -0.0456116 0 0 0 0 
-0.686316 -0.0261243 0 0 0 0 
-0.681762 -0.00663698 0 0 0 0 
-0.677209 0.0128504 0 0 0 0 
-0.710173 -0.0403327 0 0 0 0 
-0.70562 -0.0208454 0 0 0 0 
-0.701066 -0.00135805 0 0 0 0 
-0.696512 0.0181293 0 0 0 0 
-0.724923 -0.0155665 0 0 0 0 
-0.720369 0.00392087 0 0 0 0 
-0.715816 0.0234082 0 0 0 0 
-0.739673 0.0091998 0 0 0 0 
-0.735119 0.0286871 0 0 0 0 
-0.754423 0.0339661 0 0 0 0 
1 2 6
2 7 6
2 3 7
3 8 7
3 4 8
4 9 8
4 5 9
6 7 10
7 11 10
7 8 11
8 12 11
8 9 12
10 11 13
11 14 13
11 12 14
13 14 15
ZONE N=15, E=16, F=FEPOINT, ET=TRIANGLE
-0.700046 0.0895728 0 0 0 0 
-0.672155 0.0843075 0 0 0 0 
-0.644264 0.0790422 0 0 0 0 
-0.616372 0.0737769 0 0 0 0 
-0.588481 0.0685116 0 0 0 0 
-0.687039 0.104026 0 0 0 0 
-0.659148 0.0987603 0 0 0 0 
-0.631257 0.093495 0 0 0 0 
-0.603366 0.0882297 0 0 0 0 
-0.674033 0.118478 0 0 0 0 
-0.646142 0.113213 0 0 0 0 
-0.61825 0.107948 0 0 0 0 
-0.661026 0.132931 0 0 0 0 
-0.633135 0.127666 0 0 0 0 
-0.648019 0.147384 0 0 0 0 
1 2 6
2 7 6
2 3 7
3 8 7
3 4 8
4 9 8
4 5 9
6 7 10
7 11 10
7 8 11
8 12 11
8 9 12
10 11 13
11 14 13
11 12 14
13 14 15
ZONE N=15, E=16, F=FEPOINT, ET=TRIANGLE
-0.592554 -0.0480341 0 0 0 0 
-0.613717 -0.032813 0 0 0 0 
-0.634881 -0.0175919 0 0 0 0 
-0.656045 -0.00237077 0 0 0 0 
-0.677209 0.0128504 0 0 0 0 
-0.618271 -0.0523004 0 0 0 0 
-0.639435 -0.0370792 0 0 0 0 
-0.660599 -0.0218581 0 0 0 0 
-0.681762 -0.00663698 0 0 0 0 
-0.643989 -0.0565666 0 0 0 0 
-0.665152 -0.0413454 0 0 0 0 
-0.686316 -0.0261243 0 0 0 0 
-0.669706 -0.0608328 0 0 0 0 
-0.69087 -0.0456116 0 0 0 0 
-0.695423 -0.065099 0 0 0 0 
1 2 6
2 7 6
2 3 7
3 8 7
3 4 8
4 9 8
4 5 9
6 7 10
7 11 10
7 8 11
8 12 11
8 9 12
10 11 13
11 14 13
11 12 14
13 14 15
ZONE N=15, E=16, F=FEPOINT, ET=TRIANGLE
-0.677209 0.0128504 0 0 0 0 
-0.655027 0.0267657 0 0 0 0 
-0.632845 0.040681 0 0 0 0 
-0.610663 0.0545963 0 0 0 0 
-0.588481 0.0685116 0 0 0 0 
-0.682918 0.032031 0 0 0 0 
-0.660736 0.0459463 0 0 0 0 
-0.638554 0.0598616 0 0 0 0 
-0.616372 0.0737769 0 0 0 0 
-0.688627 0.0512116 0 0 0 0 
-0.666446 0.0651269 0 0 0 0 
-0.644264 0.0790422 0 0 0 0 
-0.694337 0.0703922 0 0 0 0 
-0.672155 0.0843075 0 0 0 0 
-0.700046 0.0895728 0 0 0 0 
1 2 6
2 7 6
2 3 7
3 8 7
3 4 8
4 9 8
4 5 9
6 7 10
7 11 10
7 8 11
8 12 11
8 9 12
10 11 13
11 14 13
11 12 14
13 14 15
ZONE N=15, E=16, F=FEPOINT, ET=TRIANGLE
-0.592554 -0.0480341 0 0 0 0 
-0.60672 -0.0663112 0 0 0 0 
-0.620887 -0.0845883 0 0 0 0 
-0.635054 -0.102865 0 0 0 0 
-0.649221 -0.121143 0 0 0 0 
-0.588584 -0.0672065 0 0 0 0 
-0.602751 -0.0854836 0 0 0 0 
-0.616918 -0.103761 0 0 0 0 
-0.631085 -0.122038 0 0 0 0 
-0.584615 -0.0863788 0 0 0 0 
-0.598782 -0.104656 0 0 0 0 
-0.612949 -0.122933 0 0 0 0 
-0.580646 -0.105551 0 0 0 0 
-0.594813 -0.123828 0 0 0 0 
-0.576677 -0.124723 0 0 0 0 
1 2 6
2 7 6
2 3 7
3 8 7
3 4 8
4 9 8
4 5 9
6 7 10
7 11 10
7 8 11
8 12 11
8 9 12
10 11 13
11 14 13
11 12 14
13 14 15
ZONE N=15, E=16, F=FEPOINT, ET=TRIANGLE
-0.46875 -0.110795 0 0 0 0 
-0.460938 -0.0830964 0 0 0 0 
-0.453125 -0.0553976 0 0 0 0 
-0.445312 -0.0276988 0 0 0 0 
-0.4375 0 0 0 0 0 
-0.482604 -0.0997516 0 0 0 0 
-0.474791 -0.0720528 0 0 0 0 
-0.466979 -0.044354 0 0 0 0 
-0.459166 -0.0166552 0 0 0 0 
-0.496458 -0.088708 0 0 0 0 
-0.488645 -0.0610092 0 0 0 0 
-0.480833 -0.0333104 0 0 0 0 
-0.510312 -0.0776644 0 0 0 0 
-0.502499 -0.0499656 0 0 0 0 
-0.524166 -0.0666207 0 0 0 0 
1 2 6
2 7 6
2 3 7
3 8 7
3 4 8
4 9 8
4 5 9
6 7 10
7 11 10
7 8 11
8 12 11
8 9 12
10 11 13
11 14 13
11 12 14
13 14 15
ZONE N=15, E=16, F=FEPOINT, ET=TRIANGLE
-0.418654 -0.243073 0 0 0 0 
-0.394831 -0.261114 0 0 0 0 
-0.371008 -0.279154 0 0 0 0 
-0.347185 -0.297195 0 0 0 0 
-0.323362 -0.315235 0 0 0 0 
-0.404674 -0.232431 0 0 0 0 
-0.380851 -0.250471 0 0 0 0 
-0.357028 -0.268511 0 0 0 0 
-0.333205 -0.286552 0 0 0 0 
-0.390693 -0.221788 0 0 0 0 
-0.36687 -0.239828 0 0 0 0 
-0.343048 -0.257869 0 0 0 0 
-0.376713 -0.211145 0 0 0 0 
-0.35289 -0.229185 0 0 0 0 
-0.362733 -0.200502 0 0 0 0 
1 2 6
2 7 6
2 3 7
3 8 7
3 4 8
4 9 8
4 5 9
6 7 10
7 11 10
7 8 11
8 12 11
8 9 12
10 11 13
11 14 13
11 12 14
13 14 15
ZONE N=15, E=16, F=FEPOINT, ET=TRIANGLE
-0.824993 -0.294063 0 0 0 0 
-0.798679 -0.291164 0 0 0 0 
-0.772364 -0.288265 0 0 0 0 
-0.746049 -0.285366 0 0 0 0 
-0.719734 -0.282466 0 0 0 0 
-0.825082 -0.277353 0 0 0 0 
-0.798767 -0.274454 0 0 0 0 
-0.772452 -0.271554 0 0 0 0 
-0.746137 -0.268655 0 0 0 0 
-0.82517 -0.260642 0 0 0 0 
-0.798855 -0.257743 0 0 0 0 
-0.772541 -0.254844 0 0 0 0 
-0.825259 -0.243932 0 0 0 0 
-0.798944 -0.241033 0 0 0 0 
-0.825347 -0.227222 0 0 0 0 
1 2 6
2 7 6
2 3 7
3 8 7
3 4 8
4 9 8
4 5 9
6 7 10
7 11 10
7 8 11
8 12 11
8 9 12
10 11 13
11 14 13
11 12 14
13 14 15
ZONE N=15, E=16, F=FEPOINT, ET=TRIANGLE
-0.0625 0.0702876 0 0 0 0 
-0.0859375 0.0683913 0 0 0 0 
-0.109375 0.0664951 0 0 0 0 
-0.132812 0.0645988 0 0 0 0 
-0.15625 0.0627026 0 0 0 0 
-0.078125 0.0527157 0 0 0 0 
-0.101562 0.0508194 0 0 0 0 
-0.125 0.0489232 0 0 0 0 
-0.148438 0.0470269 0 0 0 0 
-0.09375 0.0351438 0 0 0 0 
-0.117188 0.0332475 0 0 0 0 
-0.140625 0.0313513 0 0 0 0 
-0.109375 0.0175719 0 0 0 0 
-0.132812 0.0156756 0 0 0 0 
-0.125 0 0 0 0 0 
1 2 6
2 7 6
2 3 7
3 8 7
3 4 8
4 9 8
4 5 9
6 7 10
7 11 10
7 8 11
8 12 11
8 9 12
10 11 13
11 14 13
11 12 14
13 14 15
ZONE N=15, E=16, F=FEPOINT, ET=TRIANGLE
-0.220754 0.0900426 0 0 0 0 
-0.21244 0.0675319 0 0 0 0 
-0.204127 0.0450213 0 0 0 0 
-0.195813 0.0225106 0 0 0 0 
-0.1875 0 0 0 0 0 
-0.204628 0.0832076 0 0 0 0 
-0.196314 0.0606969 0 0 0 0 
-0.188001 0.0381863 0 0 0 0 
-0.179688 0.0156756 0 0 0 0 
-0.188502 0.0763726 0 0 0 0 
-0.180188 0.0538619 0 0 0 0 
-0.171875 0.0313513 0 0 0 0 
-0.172376 0.0695376 0 0 0 0 
-0.164062 0.0470269 0 0 0 0 
-0.15625 0.0627026 0 0 0 0 
1 2 6
2 7 6
2 3 7
3 8 7
3 4 8
4 9 8
4 5 9
6 7 10
7 11 10
7 8 11
8 12 11
8 9 12
10 11 13
11 14 13
11 12 14
13 14 15
ZONE N=15, E=16, F=FEPOINT, ET=TRIANGLE
-0.310131 0.619164 0 0 0 0 
-0.333011 0.617785 0 0 0 0 
-0.355892 0.616405 0 0 0 0 
-0.378772 0.615026 0 0 0 0 
-0.401653 0.613646 0 0 0 0 
-0.320557 0.598751 0 0 0 0 
-0.343437 0.597371 0 0 0 0 
-0.366318 0.595991 0 0 0 0 
-0.389198 0.594612 0 0 0 0 
-0.330982 0.578337 0 0 0 0 
-0.353863 0.576957 0 0 0 0 
-0.376744 0.575578 0 0 0 0 
-0.341408 0.557923 0 0 0 0 
-0.364289 0.556543 0 0 0 0 
-0.351834 0.537509 0 0 0 0 
1 2 6
2 7 6
2 3 7
3 8 7
3 4 8
4 9 8
4 5 9
6 7 10
7 11 10
7 8 11
8 12 11
8 9 12
10 11 13
11 14 13
11 12 14
13 14 15
ZONE N=15, E=16, F=FEPOINT, ET=TRIANGLE
-0.628191 0.676789 0 0 0 0 
-0.619298 0.661115 0 0 0 0 
-0.610405 0.64544 0 0 0 0 
-0.601512 0.629766 0 0 0 0 
-0.592619 0.614091 0 0 0 0 
-0.600866 0.670867 0 0 0 0 
-0.591973 0.655193 0 0 0 0 
-0.58308 0.639518 0 0 0 0 
-0.574187 0.623844 0 0 0 0 
-0.573541 0.664945 0 0 0 0 
-0.564648 0.649271 0 0 0 0 
-0.555755 0.633596 0 0 0 0 
-0.546216 0.659023 0 0 0 0 
-0.537323 0.643349 0 0 0 0 
-0.518891 0.653101 0 0 0 0 
1 2 6
2 7 6
2 3 7
3 8 7
3 4 8
4 9 8
4 5 9
6 7 10
7 11 10
7 8 11
8 12 11
8 9 12
10 11 13
11 14 13
11 12 14
13 14 15
ZONE N=15, E=16, F=FEPOINT, ET=TRIANGLE
-0.534684 0.571197 0 0 0 0 
-0.551072 0.561013 0 0 0 0 
-0.56746 0.550828 0 0 0 0 
-0.583849 0.540643 0 0 0 0 
-0.600237 0.530459 0 0 0 0 
-0.52842 0.5553 0 0 0 0 
-0.544809 0.545116 0 0 0 0 
-0.561197 0.534931 0 0 0 0 
-0.577585 0.524746 0 0 0 0 
-0.522157 0.539403 0 0 0 0 
-0.538545 0.529219 0 0 0 0 
-0.554933 0.519034 0 0 0 0 
-0.515893 0.523506 0 0 0 0 
-0.532282 0.513322 0 0 0 0 
-0.50963 0.507609 0 0 0 0 
1 2 6
2 7 6
2 3 7
3 8 7
3 4 8
4 9 8
4 5 9
6 7 10
7 11 10
7 8 11
8 12 11
8 9 12
10 11 13
11 14 13
11 12 14
13 14 15
ZONE N=15, E=16, F=FEPOINT, ET=TRIANGLE
-0.520732 0.440171 0 0 0 0 
-0.501239 0.435309 0 0 0 0 
-0.481747 0.430448 0 0 0 0 
-0.462255 0.425586 0 0 0 0 
-0.442763 0.420724 0 0 0 0 
-0.517956 0.457031 0 0 0 0 
-0.498464 0.452169 0 0 0 0 
-0.478972 0.447307 0 0 0 0 
-0.45948 0.442445 0 0 0 0 
-0.515181 0.47389 0 0 0 0 
-0.495689 0.469028 0 0 0 0 
-0.476196 0.464167 0 0 0 0 
-0.512405 0.49075 0 0 0 0 
-0.492913 0.485888 0 0 0 0 
-0.50963 0.507609 0 0 0 0 
1 2 6
2 7 6
2 3 7
3 8 7
3 4 8
4 9 8
4 5 9
6 7 10
7 11 10
7 8 11
8 12 11
8 9 12
10 11 13
11 14 13
11 12 14
13 14 15
ZONE N=15, E=16, F=FEPOINT, ET=TRIANGLE
-0.5 0 0 0 0 0 
-0.497613 0.0202498 0 0 0 0 
-0.495226 0.0404995 0 0 0 0 
-0.492839 0.0607493 0 0 0 0 
-0.490452 0.080999 0 0 0 0 
-0.515892 0.00232424 0 0 0 0 
-0.513505 0.022574 0 0 0 0 
-0.511118 0.0428238 0 0 0 0 
-0.508731 0.0630735 0 0 0 0 
-0.531783 0.00464849 0 0 0 0 
-0.529396 0.0248982 0 0 0 0 
-0.527009 0.045148 0 0 0 0 
-0.547675 0.00697273 0 0 0 0 
-0.545288 0.0272225 0 0 0 0 
-0.563566 0.00929698 0 0 0 0 
1 2 6
2 7 6
2 3 7
3 8 7
3 4 8
4 9 8
4 5 9
6 7 10
7 11 10
7 8 11
8 12 11
8 9 12
10 11 13
11 14 13
11 12 14
13 14 15
ZONE N=15, E=16, F=FEPOINT, ET=TRIANGLE
-0.588481 0.0685116 0 0 0 0 
-0.610663 0.0545963 0 0 0 0 
-0.632845 0.040681 0 0 0 0 
-0.655027 0.0267657 0 0 0 0 
-0.677209 0.0128504 0 0 0 0 
-0.582252 0.0537079 0 0 0 0 
-0.604434 0.0397926 0 0 0 0 
-0.626616 0.0258773 0 0 0 0 
-0.648798 0.011962 0 0 0 0 
-0.576024 0.0389043 0 0 0 0 
-0.598206 0.024989 0 0 0 0 
-0.620388 0.0110737 0 0 0 0 
-0.569795 0.0241006 0 0 0 0 
-0.591977 0.0101853 0 0 0 0 
-0.563566 0.00929698 0 0 0 0 
1 2 6
2 7 6
2 3 7
3 8 7
3 4 8
4 9 8
4 5 9
6 7 10
7 11 10
7 8 11
8 12 11
8 9 12
10 11 13
11 14 13
11 12 14
13 14 15
ZONE N=15, E=16, F=FEPOINT, ET=TRIANGLE
-0.696227 -0.179212 0 0 0 0 
-0.684476 -0.164695 0 0 0 0 
-0.672724 -0.150177 0 0 0 0 
-0.660973 -0.13566 0 0 0 0 
-0.649221 -0.121143 0 0 0 0 
-0.696026 -0.150684 0 0 0 0 
-0.684275 -0.136167 0 0 0 0 
-0.672523 -0.121649 0 0 0 0 
-0.660772 -0.107132 0 0 0 0 
-0.695825 -0.122156 0 0 0 0 
-0.684074 -0.107638 0 0 0 0 
-0.672322 -0.0931207 0 0 0 0 
-0.695624 -0.0936273 0 0 0 0 
-0.683873 -0.0791099 0 0 0 0 
-0.695423 -0.065099 0 0 0 0 
1 2 6
2 7 6
2 3 7
3 8 7
3 4 8
4 9 8
4 5 9
6 7 10
7 11 10
7 8 11
8 12 11
8 9 12
10 11 13
11 14 13
11 12 14
13 14 15
ZONE N=15, E=16, F=FEPOINT, ET=TRIANGLE
-0.770241 -0.189391 0 0 0 0 
-0.757615 -0.21266 0 0 0 0 
-0.744988 -0.235929 0 0 0 0 
-0.732361 -0.259198 0 0 0 0 
-0.719734 -0.282466 0 0 0 0 
-0.751738 -0.186846 0 0 0 0 
-0.739111 -0.210115 0 0 0 0 
-0.726484 -0.233384 0 0 0 0 
-0.713857 -0.256653 0 0 0 0 
-0.733234 -0.184302 0 0 0 0 
-0.720608 -0.207571 0 0 0 0 
-0.707981 -0.230839 0 0 0 0 
-0.714731 -0.181757 0 0 0 0 
-0.702104 -0.205026 0 0 0 0 
-0.696227 -0.179212 0 0 0 0 
1 2 6
2 7 6
2 3 7
3 8 7
3 4 8
4 9 8
4 5 9
6 7 10
7 11 10
7 8 11
8 12 11
8 9 12
10 11 13
11 14 13
11 12 14
13 14 15
ZONE N=15, E=16, F=FEPOINT, ET=TRIANGLE
-0.5 0 0 0 0 0 
-0.515892 0.00232424 0 0 0 0 
-0.531783 0.00464849 0 0 0 0 
-0.547675 0.00697273 0 0 0 0 
-0.563566 0.00929698 0 0 0 0 
-0.506041 -0.0166552 0 0 0 0 
-0.521933 -0.0143309 0 0 0 0 
-0.537825 -0.0120067 0 0 0 0 
-0.553716 -0.00968245 0 0 0 0 
-0.512083 -0.0333104 0 0 0 0 
-0.527975 -0.0309861 0 0 0 0 
-0.543866 -0.0286619 0 0 0 0 
-0.518124 -0.0499656 0 0 0 0 
-0.534016 -0.0476413 0 0 0 0 
-0.524166 -0.0666207 0 0 0 0 
1 2 6
2 7 6
2 3 7
3 8 7
3 4 8
4 9 8
4 5 9
6 7 10
7 11 10
7 8 11
8 12 11
8 9 12
10 11 13
11 14 13
11 12 14
13 14 15
ZONE N=15, E=16, F=FEPOINT, ET=TRIANGLE
-0.592554 -0.0480341 0 0 0 0 
-0.588584 -0.0672065 0 0 0 0 
-0.584615 -0.0863788 0 0 0 0 
-0.580646 -0.105551 0 0 0 0 
-0.576677 -0.124723 0 0 0 0 
-0.575457 -0.0526808 0 0 0 0 
-0.571487 -0.0718531 0 0 0 0 
-0.567518 -0.0910254 0 0 0 0 
-0.563549 -0.110198 0 0 0 0 
-0.55836 -0.0573274 0 0 0 0 
-0.554391 -0.0764998 0 0 0 0 
-0.550421 -0.0956721 0 0 0 0 
-0.541263 -0.0619741 0 0 0 0 
-0.537294 -0.0811464 0 0 0 0 
-0.524166 -0.0666207 0 0 0 0 
1 2 6
2 7 6
2 3 7
3 8 7
3 4 8
4 9 8
4 5 9
6 7 10
7 11 10
7 8 11
8 12 11
8 9 12
10 11 13
11 14 13
11 12 14
13 14 15
ZONE N=15, E=16, F=FEPOINT, ET=TRIANGLE
-0.695423 -0.065099 0 0 0 0 
-0.683873 -0.0791099 0 0 0 0 
-0.672322 -0.0931207 0 0 0 0 
-0.660772 -0.107132 0 0 0 0 
-0.649221 -0.121143 0 0 0 0 
-0.669706 -0.0608328 0 0 0 0 
-0.658155 -0.0748436 0 0 0 0 
-0.646605 -0.0888545 0 0 0 0 
-0.635054 -0.102865 0 0 0 0 
-0.643989 -0.0565666 0 0 0 0 
-0.632438 -0.0705774 0 0 0 0 
-0.620887 -0.0845883 0 0 0 0 
-0.618271 -0.0523004 0 0 0 0 
-0.60672 -0.0663112 0 0 0 0 
-0.592554 -0.0480341 0 0 0 0 
1 2 6
2 7 6
2 3 7
3 8 7
3 4 8
4 9 8
4 5 9
6 7 10
7 11 10
7 8 11
8 12 11
8 9 12
10 11 13
11 14 13
11 12 14
13 14 15
ZONE N=15, E=16, F=FEPOINT, ET=TRIANGLE
-0.546916 -0.19398 0 0 0 0 
-0.554357 -0.176666 0 0 0 0 
-0.561797 -0.159352 0 0 0 0 
-0.569237 -0.142038 0 0 0 0 
-0.576677 -0.124723 0 0 0 0 
-0.565712 -0.192616 0 0 0 0 
-0.573152 -0.175301 0 0 0 0 
-0.580592 -0.157987 0 0 0 0 
-0.588032 -0.140673 0 0 0 0 
-0.584508 -0.191251 0 0 0 0 
-0.591948 -0.173937 0 0 0 0 
-0.599388 -0.156622 0 0 0 0 
-0.603303 -0.189886 0 0 0 0 
-0.610743 -0.172572 0 0 0 0 
-0.622099 -0.188521 0 0 0 0 
1 2 6
2 7 6
2 3 7
3 8 7
3 4 8
4 9 8
4 5 9
6 7 10
7 11 10
7 8 11
8 12 11
8 9 12
10 11 13
11 14 13
11 12 14
13 14 15
ZONE N=15, E=16, F=FEPOINT, ET=TRIANGLE
-0.696227 -0.179212 0 0 0 0 
-0.696026 -0.150684 0 0 0 0 
-0.695825 -0.122156 0 0 0 0 
-0.695624 -0.0936273 0 0 0 0 
-0.695423 -0.065099 0 0 0 0 
-0.714477 -0.154505 0 0 0 0 
-0.714276 -0.125977 0 0 0 0 
-0.714075 -0.0974484 0 0 0 0 
-0.713874 -0.06892 0 0 0 0 
-0.732726 -0.129798 0 0 0 0 
-0.732525 -0.101269 0 0 0 0 
-0.732324 -0.072741 0 0 0 0 
-0.750975 -0.10509 0 0 0 0 
-0.750774 -0.076562 0 0 0 0 
-0.769224 -0.080383 0 0 0 0 
1 2 6
2 7 6
2 3 7
3 8 7
3 4 8
4 9 8
4 5 9
6 7 10
7 11 10
7 8 11
8 12 11
8 9 12
10 11 13
11 14 13
11 12 14
13 14 15
ZONE N=15, E=16, F=FEPOINT, ET=TRIANGLE
-0.649221 -0.121143 0 0 0 0 
-0.642441 -0.137987 0 0 0 0 
-0.63566 -0.154832 0 0 0 0 
-0.628879 -0.171677 0 0 0 0 
-0.622099 -0.188521 0 0 0 0 
-0.631085 -0.122038 0 0 0 0 
-0.624305 -0.138882 0 0 0 0 
-0.617524 -0.155727 0 0 0 0 
-0.610743 -0.172572 0 0 0 0 
-0.612949 -0.122933 0 0 0 0 
-0.606168 -0.139778 0 0 0 0 
-0.599388 -0.156622 0 0 0 0 
-0.594813 -0.123828 0 0 0 0 
-0.588032 -0.140673 0 0 0 0 
-0.576677 -0.124723 0 0 0 0 
1 2 6
2 7 6
2 3 7
3 8 7
3 4 8
4 9 8
4 5 9
6 7 10
7 11 10
7 8 11
8 12 11
8 9 12
10 11 13
11 14 13
11 12 14
13 14 15
ZONE N=15, E=16, F=FEPOINT, ET=TRIANGLE
-0.719734 -0.282466 0 0 0 0 
-0.732361 -0.259198 0 0 0 0 
-0.744988 -0.235929 0 0 0 0 
-0.757615 -0.21266 0 0 0 0 
-0.770241 -0.189391 0 0 0 0 
-0.746137 -0.268655 0 0 0 0 
-0.758764 -0.245387 0 0 0 0 
-0.771391 -0.222118 0 0 0 0 
-0.784018 -0.198849 0 0 0 0 
-0.772541 -0.254844 0 0 0 0 
-0.785167 -0.231575 0 0 0 0 
-0.797794 -0.208307 0 0 0 0 
-0.798944 -0.241033 0 0 0 0 
-0.811571 -0.217764 0 0 0 0 
-0.825347 -0.227222 0 0 0 0 
1 2 6
2 7 6
2 3 7
3 8 7
3 4 8
4 9 8
4 5 9
6 7 10
7 11 10
7 8 11
8 12 11
8 9 12
10 11 13
11 14 13
11 12 14
13 14 15
ZONE N=15, E=16, F=FEPOINT, ET=TRIANGLE
-0.696227 -0.179212 0 0 0 0 
-0.677695 -0.18154 0 0 0 0 
-0.659163 -0.183867 0 0 0 0 
-0.640631 -0.186194 0 0 0 0 
-0.622099 -0.188521 0 0 0 0 
-0.684476 -0.164695 0 0 0 0 
-0.665944 -0.167022 0 0 0 0 
-0.647412 -0.169349 0 0 0 0 
-0.628879 -0.171677 0 0 0 0 
-0.672724 -0.150177 0 0 0 0 
-0.654192 -0.152505 0 0 0 0 
-0.63566 -0.154832 0 0 0 0 
-0.660973 -0.13566 0 0 0 0 
-0.642441 -0.137987 0 0 0 0 
-0.649221 -0.121143 0 0 0 0 
1 2 6
2 7 6
2 3 7
3 8 7
3 4 8
4 9 8
4 5 9
6 7 10
7 11 10
7 8 11
8 12 11
8 9 12
10 11 13
11 14 13
11 12 14
13 14 15
ZONE N=15, E=16, F=FEPOINT, ET=TRIANGLE
-0.590965 -0.280179 0 0 0 0 
-0.579953 -0.258629 0 0 0 0 
-0.568941 -0.23708 0 0 0 0 
-0.557929 -0.21553 0 0 0 0 
-0.546916 -0.19398 0 0 0 0 
-0.598748 -0.257265 0 0 0 0 
-0.587736 -0.235715 0 0 0 0 
-0.576724 -0.214165 0 0 0 0 
-0.565712 -0.192616 0 0 0 0 
-0.606532 -0.23435 0 0 0 0 
-0.59552 -0.2128 0 0 0 0 
-0.584508 -0.191251 0 0 0 0 
-0.614315 -0.211436 0 0 0 0 
-0.603303 -0.189886 0 0 0 0 
-0.622099 -0.188521 0 0 0 0 
1 2 6
2 7 6
2 3 7
3 8 7
3 4 8
4 9 8
4 5 9
6 7 10
7 11 10
7 8 11
8 12 11
8 9 12
10 11 13
11 14 13
11 12 14
13 14 15
ZONE N=15, E=16, F=FEPOINT, ET=TRIANGLE
-0.488929 -0.242143 0 0 0 0 
-0.483884 -0.209306 0 0 0 0 
-0.478839 -0.176469 0 0 0 0 
-0.473795 -0.143632 0 0 0 0 
-0.46875 -0.110795 0 0 0 0 
-0.503426 -0.230102 0 0 0 0 
-0.498381 -0.197265 0 0 0 0 
-0.493336 -0.164428 0 0 0 0 
-0.488292 -0.131592 0 0 0 0 
-0.517923 -0.218062 0 0 0 0 
-0.512878 -0.185225 0 0 0 0 
-0.507833 -0.152388 0 0 0 0 
-0.53242 -0.206021 0 0 0 0 
-0.527375 -0.173184 0 0 0 0 
-0.546916 -0.19398 0 0 0 0 
1 2 6
2 7 6
2 3 7
3 8 7
3 4 8
4 9 8
4 5 9
6 7 10
7 11 10
7 8 11
8 12 11
8 9 12
10 11 13
11 14 13
11 12 14
13 14 15
ZONE N=15, E=16, F=FEPOINT, ET=TRIANGLE
-0.824993 -0.294063 0 0 0 0 
-0.840254 -0.301904 0 0 0 0 
-0.855516 -0.309745 0 0 0 0 
-0.870777 -0.317587 0 0 0 0 
-0.886038 -0.325428 0 0 0 0 
-0.823473 -0.315793 0 0 0 0 
-0.838734 -0.323634 0 0 0 0 
-0.853995 -0.331476 0 0 0 0 
-0.869256 -0.339317 0 0 0 0 
-0.821953 -0.337523 0 0 0 0 
-0.837214 -0.345365 0 0 0 0 
-0.852475 -0.353206 0 0 0 0 
-0.820433 -0.359253 0 0 0 0 
-0.835694 -0.367095 0 0 0 0 
-0.818913 -0.380984 0 0 0 0 
1 2 6
2 7 6
2 3 7
3 8 7
3 4 8
4 9 8
4 5 9
6 7 10
7 11 10
7 8 11
8 12 11
8 9 12
10 11 13
11 14 13
11 12 14
13 14 15
ZONE N=15, E=16, F=FEPOINT, ET=TRIANGLE
-0.590965 -0.280179 0 0 0 0 
-0.581176 -0.302311 0 0 0 0 
-0.571388 -0.324444 0 0 0 0 
-0.5616 -0.346576 0 0 0 0 
-0.551811 -0.368708 0 0 0 0 
-0.57426 -0.286022 0 0 0 0 
-0.564472 -0.308154 0 0 0 0 
-0.554683 -0.330286 0 0 0 0 
-0.544895 -0.352419 0 0 0 0 
-0.557555 -0.291864 0 0 0 0 
-0.547767 -0.313997 0 0 0 0 
-0.537978 -0.336129 0 0 0 0 
-0.54085 -0.297707 0 0 0 0 
-0.531062 -0.319839 0 0 0 0 
-0.524145 -0.30355 0 0 0 0 
1 2 6
2 7 6
2 3 7
3 8 7
3 4 8
4 9 8
4 5 9
6 7 10
7 11 10
7 8 11
8 12 11
8 9 12
10 11 13
11 14 13
11 12 14
13 14 15
ZONE N=15, E=16, F=FEPOINT, ET=TRIANGLE
-0.590965 -0.280179 0 0 0 0 
-0.598748 -0.257265 0 0 0 0 
-0.606532 -0.23435 0 0 0 0 
-0.614315 -0.211436 0 0 0 0 
-0.622099 -0.188521 0 0 0 0 
-0.607195 -0.272913 0 0 0 0 
-0.614979 -0.249998 0 0 0 0 
-0.622762 -0.227084 0 0 0 0 
-0.630546 -0.20417 0 0 0 0 
-0.623426 -0.265647 0 0 0 0 
-0.631209 -0.242732 0 0 0 0 
-0.638993 -0.219818 0 0 0 0 
-0.639656 -0.258381 0 0 0 0 
-0.647439 -0.235466 0 0 0 0 
-0.655886 -0.251115 0 0 0 0 
1 2 6
2 7 6
2 3 7
3 8 7
3 4 8
4 9 8
4 5 9
6 7 10
7 11 10
7 8 11
8 12 11
8 9 12
10 11 13
11 14 13
11 12 14
13 14 15
ZONE N=15, E=16, F=FEPOINT, ET=TRIANGLE
-0.654399 -0.334832 0 0 0 0 
-0.63854 -0.321169 0 0 0 0 
-0.622682 -0.307506 0 0 0 0 
-0.606823 -0.293842 0 0 0 0 
-0.590965 -0.280179 0 0 0 0 
-0.654771 -0.313903 0 0 0 0 
-0.638912 -0.30024 0 0 0 0 
-0.623054 -0.286576 0 0 0 0 
-0.607195 -0.272913 0 0 0 0 
-0.655143 -0.292974 0 0 0 0 
-0.639284 -0.27931 0 0 0 0 
-0.623426 -0.265647 0 0 0 0 
-0.655514 -0.272044 0 0 0 0 
-0.639656 -0.258381 0 0 0 0 
-0.655886 -0.251115 0 0 0 0 
1 2 6
2 7 6
2 3 7
3 8 7
3 4 8
4 9 8
4 5 9
6 7 10
7 11 10
7 8 11
8 12 11
8 9 12
10 11 13
11 14 13
11 12 14
13 14 15
ZONE N=15, E=16, F=FEPOINT, ET=TRIANGLE
-0.282624 -0.156345 0 0 0 0 
-0.290093 -0.134731 0 0 0 0 
-0.297562 -0.113117 0 0 0 0 
-0.305031 -0.0915028 0 0 0 0 
-0.3125 -0.0698887 0 0 0 0 
-0.312741 -0.152433 0 0 0 0 
-0.32021 -0.130819 0 0 0 0 
-0.327679 -0.109205 0 0 0 0 
-0.335148 -0.0875909 0 0 0 0 
-0.342857 -0.148521 0 0 0 0 
-0.350326 -0.126907 0 0 0 0 
-0.357795 -0.105293 0 0 0 0 
-0.372974 -0.144609 0 0 0 0 
-0.380443 -0.122995 0 0 0 0 
-0.40309 -0.140698 0 0 0 0 
1 2 6
2 7 6
2 3 7
3 8 7
3 4 8
4 9 8
4 5 9
6 7 10
7 11 10
7 8 11
8 12 11
8 9 12
10 11 13
11 14 13
11 12 14
13 14 15
ZONE N=15, E=16, F=FEPOINT, ET=TRIANGLE
-0.15625 -0.0641748 0 0 0 0 
-0.132812 -0.0656637 0 0 0 0 
-0.109375 -0.0671526 0 0 0 0 
-0.0859375 -0.0686416 0 0 0 0 
-0.0625 -0.0701305 0 0 0 0 
-0.148438 -0.0481311 0 0 0 0 
-0.125 -0.04962 0 0 0 0 
-0.101562 -0.0511089 0 0 0 0 
-0.078125 -0.0525978 0 0 0 0 
-0.140625 -0.0320874 0 0 0 0 
-0.117188 -0.0335763 0 0 0 0 
-0.09375 -0.0350652 0 0 0 0 
-0.132812 -0.0160437 0 0 0 0 
-0.109375 -0.0175326 0 0 0 0 
-0.125 0 0 0 0 0 
1 2 6
2 7 6
2 3 7
3 8 7
3 4 8
4 9 8
4 5 9
6 7 10
7 11 10
7 8 11
8 12 11
8 9 12
10 11 13
11 14 13
11 12 14
13 14 15
ZONE N=15, E=16, F=FEPOINT, ET=TRIANGLE
-0.15625 0.0627026 0 0 0 0 
-0.164062 0.0470269 0 0 0 0 
-0.171875 0.0313513 0 0 0 0 
-0.179688 0.0156756 0 0 0 0 
-0.1875 0 0 0 0 0 
-0.148438 0.0470269 0 0 0 0 
-0.15625 0.0313513 0 0 0 0 
-0.164062 0.0156756 0 0 0 0 
-0.171875 0 0 0 0 0 
-0.140625 0.0313513 0 0 0 0 
-0.148438 0.0156756 0 0 0 0 
-0.15625 0 0 0 0 0 
-0.132812 0.0156756 0 0 0 0 
-0.140625 0 0 0 0 0 
-0.125 0 0 0 0 0 
1 2 6
2 7 6
2 3 7
3 8 7
3 4 8
4 9 8
4 5 9
6 7 10
7 11 10
7 8 11
8 12 11
8 9 12
10 11 13
11 14 13
11 12 14
13 14 15
ZONE N=15, E=16, F=FEPOINT, ET=TRIANGLE
-0.1875 0 0 0 0 0 
-0.196683 -0.0214837 0 0 0 0 
-0.205866 -0.0429675 0 0 0 0 
-0.215049 -0.0644512 0 0 0 0 
-0.224231 -0.0859349 0 0 0 0 
-0.179688 -0.0160437 0 0 0 0 
-0.18887 -0.0375274 0 0 0 0 
-0.198053 -0.0590112 0 0 0 0 
-0.207236 -0.0804949 0 0 0 0 
-0.171875 -0.0320874 0 0 0 0 
-0.181058 -0.0535711 0 0 0 0 
-0.190241 -0.0750549 0 0 0 0 
-0.164062 -0.0481311 0 0 0 0 
-0.173245 -0.0696148 0 0 0 0 
-0.15625 -0.0641748 0 0 0 0 
1 2 6
2 7 6
2 3 7
3 8 7
3 4 8
4 9 8
4 5 9
6 7 10
7 11 10
7 8 11
8 12 11
8 9 12
10 11 13
11 14 13
11 12 14
13 14 15
ZONE N=15, E=16, F=FEPOINT, ET=TRIANGLE
-0.0625 0.0702876 0 0 0 0 
-0.0482175 0.083803 0 0 0 0 
-0.033935 0.0973185 0 0 0 0 
-0.0196525 0.110834 0 0 0 0 
-0.00536997 0.124349 0 0 0 0 
-0.0636979 0.095928 0 0 0 0 
-0.0494154 0.109443 0 0 0 0 
-0.0351329 0.122959 0 0 0 0 
-0.0208504 0.136474 0 0 0 0 
-0.0648958 0.121568 0 0 0 0 
-0.0506133 0.135084 0 0 0 0 
-0.0363308 0.148599 0 0 0 0 
-0.0660937 0.147209 0 0 0 0 
-0.0518112 0.160724 0 0 0 0 
-0.0672916 0.172849 0 0 0 0 
1 2 6
2 7 6
2 3 7
3 8 7
3 4 8
4 9 8
4 5 9
6 7 10
7 11 10
7 8 11
8 12 11
8 9 12
10 11 13
11 14 13
11 12 14
13 14 15
ZONE N=15, E=16, F=FEPOINT, ET=TRIANGLE
0.116679 0.432911 0 0 0 0 
0.117658 0.455128 0 0 0 0 
0.118636 0.477344 0 0 0 0 
0.119614 0.499561 0 0 0 0 
0.120593 0.521777 0 0 0 0 
0.0958816 0.444957 0 0 0 0 
0.09686 0.467174 0 0 0 0 
0.0978383 0.48939 0 0 0 0 
0.0988166 0.511607 0 0 0 0 
0.0750839 0.457003 0 0 0 0 
0.0760622 0.479219 0 0 0 0 
0.0770405 0.501436 0 0 0 0 
0.0542861 0.469048 0 0 0 0 
0.0552644 0.491265 0 0 0 0 
0.0334883 0.481094 0 0 0 0 
1 2 6
2 7 6
2 3 7
3 8 7
3 4 8
4 9 8
4 5 9
6 7 10
7 11 10
7 8 11
8 12 11
8 9 12
10 11 13
11 14 13
11 12 14
13 14 15
ZONE N=15, E=16, F=FEPOINT, ET=TRIANGLE
-0.310131 0.619164 0 0 0 0 
-0.320557 0.598751 0 0 0 0 
-0.330982 0.578337 0 0 0 0 
-0.341408 0.557923 0 0 0 0 
-0.351834 0.537509 0 0 0 0 
-0.296577 0.595221 0 0 0 0 
-0.307003 0.574807 0 0 0 0 
-0.317429 0.554393 0 0 0 0 
-0.327855 0.533979 0 0 0 0 
-0.283023 0.571277 0 0 0 0 
-0.293449 0.550863 0 0 0 0 
-0.303875 0.53045 0 0 0 0 
-0.269469 0.547334 0 0 0 0 
-0.279895 0.52692 0 0 0 0 
-0.255916 0.52339 0 0 0 0 
1 2 6
2 7 6
2 3 7
3 8 7
3 4 8
4 9 8
4 5 9
6 7 10
7 11 10
7 8 11
8 12 11
8 9 12
10 11 13
11 14 13
11 12 14
13 14 15
ZONE N=15, E=16, F=FEPOINT, ET=TRIANGLE
0.040563 -0.0990647 0 0 0 0 
0.0304222 -0.0742985 0 0 0 0 
0.0202815 -0.0495323 0 0 0 0 
0.0101407 -0.0247662 0 0 0 0 
0 0 0 0 0 0 
0.0147972 -0.0918311 0 0 0 0 
0.00465649 -0.067065 0 0 0 0 
-0.00548426 -0.0422988 0 0 0 0 
-0.015625 -0.0175326 0 0 0 0 
-0.0109685 -0.0845976 0 0 0 0 
-0.0211093 -0.0598314 0 0 0 0 
-0.03125 -0.0350652 0 0 0 0 
-0.0367343 -0.077364 0 0 0 0 
-0.046875 -0.0525978 0 0 0 0 
-0.0625 -0.0701305 0 0 0 0 
1 2 6
2 7 6
2 3 7
3 8 7
3 4 8
4 9 8
4 5 9
6 7 10
7 11 10
7 8 11
8 12 11
8 9 12
10 11 13
11 14 13
11 12 14
13 14 15
ZONE N=15, E=16, F=FEPOINT, ET=TRIANGLE
-0.444472 -0.308441 0 0 0 0 
-0.471306 -0.323508 0 0 0 0 
-0.498141 -0.338575 0 0 0 0 
-0.524976 -0.353641 0 0 0 0 
-0.551811 -0.368708 0 0 0 0 
-0.438971 -0.327624 0 0 0 0 
-0.465806 -0.342691 0 0 0 0 
-0.492641 -0.357757 0 0 0 0 
-0.519476 -0.372824 0 0 0 0 
-0.433471 -0.346807 0 0 0 0 
-0.460306 -0.361874 0 0 0 0 
-0.487141 -0.37694 0 0 0 0 
-0.42797 -0.36599 0 0 0 0 
-0.454805 -0.381057 0 0 0 0 
-0.42247 -0.385173 0 0 0 0 
1 2 6
2 7 6
2 3 7
3 8 7
3 4 8
4 9 8
4 5 9
6 7 10
7 11 10
7 8 11
8 12 11
8 9 12
10 11 13
11 14 13
11 12 14
13 14 15
ZONE N=15, E=16, F=FEPOINT, ET=TRIANGLE
-0.524145 -0.30355 0 0 0 0 
-0.515341 -0.288198 0 0 0 0 
-0.506537 -0.272846 0 0 0 0 
-0.497733 -0.257495 0 0 0 0 
-0.488929 -0.242143 0 0 0 0 
-0.54085 -0.297707 0 0 0 0 
-0.532046 -0.282355 0 0 0 0 
-0.523242 -0.267004 0 0 0 0 
-0.514438 -0.251652 0 0 0 0 
-0.557555 -0.291864 0 0 0 0 
-0.548751 -0.276513 0 0 0 0 
-0.539947 -0.261161 0 0 0 0 
-0.57426 -0.286022 0 0 0 0 
-0.565456 -0.27067 0 0 0 0 
-0.590965 -0.280179 0 0 0 0 
1 2 6
2 7 6
2 3 7
3 8 7
3 4 8
4 9 8
4 5 9
6 7 10
7 11 10
7 8 11
8 12 11
8 9 12
10 11 13
11 14 13
11 12 14
13 14 15
ZONE N=15, E=16, F=FEPOINT, ET=TRIANGLE
-0.600071 -0.416087 0 0 0 0 
-0.593676 -0.431738 0 0 0 0 
-0.587282 -0.447389 0 0 0 0 
-0.580887 -0.463041 0 0 0 0 
-0.574493 -0.478692 0 0 0 0 
-0.573774 -0.42151 0 0 0 0 
-0.56738 -0.437161 0 0 0 0 
-0.560985 -0.452812 0 0 0 0 
-0.554591 -0.468464 0 0 0 0 
-0.547478 -0.426933 0 0 0 0 
-0.541083 -0.442584 0 0 0 0 
-0.534689 -0.458235 0 0 0 0 
-0.521181 -0.432356 0 0 0 0 
-0.514787 -0.448007 0 0 0 0 
-0.494885 -0.437779 0 0 0 0 
1 2 6
2 7 6
2 3 7
3 8 7
3 4 8
4 9 8
4 5 9
6 7 10
7 11 10
7 8 11
8 12 11
8 9 12
10 11 13
11 14 13
11 12 14
13 14 15
ZONE N=15, E=16, F=FEPOINT, ET=TRIANGLE
-0.412295 -0.753347 0 0 0 0 
-0.402092 -0.728776 0 0 0 0 
-0.391888 -0.704205 0 0 0 0 
-0.381684 -0.679633 0 0 0 0 
-0.371481 -0.655062 0 0 0 0 
-0.41876 -0.730496 0 0 0 0 
-0.408557 -0.705925 0 0 0 0 
-0.398353 -0.681353 0 0 0 0 
-0.38815 -0.656782 0 0 0 0 
-0.425226 -0.707645 0 0 0 0 
-0.415022 -0.683073 0 0 0 0 
-0.404819 -0.658502 0 0 0 0 
-0.431691 -0.684793 0 0 0 0 
-0.421487 -0.660222 0 0 0 0 
-0.438156 -0.661942 0 0 0 0 
1 2 6
2 7 6
2 3 7
3 8 7
3 4 8
4 9 8
4 5 9
6 7 10
7 11 10
7 8 11
8 12 11
8 9 12
10 11 13
11 14 13
11 12 14
13 14 15
ZONE N=15, E=16, F=FEPOINT, ET=TRIANGLE
-0.42247 -0.385173 0 0 0 0 
-0.397693 -0.367688 0 0 0 0 
-0.372916 -0.350204 0 0 0 0 
-0.348139 -0.332719 0 0 0 0 
-0.323362 -0.315235 0 0 0 0 
-0.42797 -0.36599 0 0 0 0 
-0.403194 -0.348505 0 0 0 0 
-0.378417 -0.331021 0 0 0 0 
-0.35364 -0.313536 0 0 0 0 
-0.433471 -0.346807 0 0 0 0 
-0.408694 -0.329322 0 0 0 0 
-0.383917 -0.311838 0 0 0 0 
-0.438971 -0.327624 0 0 0 0 
-0.414194 -0.310139 0 0 0 0 
-0.444472 -0.308441 0 0 0 0 
1 2 6
2 7 6
2 3 7
3 8 7
3 4 8
4 9 8
4 5 9
6 7 10
7 11 10
7 8 11
8 12 11
8 9 12
10 11 13
11 14 13
11 12 14
13 14 15
ZONE N=15, E=16, F=FEPOINT, ET=TRIANGLE
-0.362733 -0.200502 0 0 0 0 
-0.372822 -0.185551 0 0 0 0 
-0.382912 -0.1706 0 0 0 0 
-0.393001 -0.155649 0 0 0 0 
-0.40309 -0.140698 0 0 0 0 
-0.376713 -0.211145 0 0 0 0 
-0.386802 -0.196194 0 0 0 0 
-0.396892 -0.181243 0 0 0 0 
-0.406981 -0.166292 0 0 0 0 
-0.390693 -0.221788 0 0 0 0 
-0.400783 -0.206837 0 0 0 0 
-0.410872 -0.191885 0 0 0 0 
-0.404674 -0.232431 0 0 0 0 
-0.414763 -0.217479 0 0 0 0 
-0.418654 -0.243073 0 0 0 0 
1 2 6
2 7 6
2 3 7
3 8 7
3 4 8
4 9 8
4 5 9
6 7 10
7 11 10
7 8 11
8 12 11
8 9 12
10 11 13
11 14 13
11 12 14
13 14 15
ZONE N=15, E=16, F=FEPOINT, ET=TRIANGLE
-0.24432 -0.305253 0 0 0 0 
-0.241932 -0.324162 0 0 0 0 
-0.239545 -0.34307 0 0 0 0 
-0.237157 -0.361979 0 0 0 0 
-0.234769 -0.380887 0 0 0 0 
-0.226168 -0.313451 0 0 0 0 
-0.22378 -0.33236 0 0 0 0 
-0.221392 -0.351268 0 0 0 0 
-0.219005 -0.370176 0 0 0 0 
-0.208016 -0.321649 0 0 0 0 
-0.205628 -0.340558 0 0 0 0 
-0.20324 -0.359466 0 0 0 0 
-0.189864 -0.329847 0 0 0 0 
-0.187476 -0.348756 0 0 0 0 
-0.171711 -0.338045 0 0 0 0 
1 2 6
2 7 6
2 3 7
3 8 7
3 4 8
4 9 8
4 5 9
6 7 10
7 11 10
7 8 11
8 12 11
8 9 12
10 11 13
11 14 13
11 12 14
13 14 15
ZONE N=15, E=16, F=FEPOINT, ET=TRIANGLE
-0.224231 -0.0859349 0 0 0 0 
-0.222064 -0.115283 0 0 0 0 
-0.219898 -0.144631 0 0 0 0 
-0.217731 -0.173979 0 0 0 0 
-0.215564 -0.203327 0 0 0 0 
-0.207513 -0.100886 0 0 0 0 
-0.205346 -0.130234 0 0 0 0 
-0.203179 -0.159582 0 0 0 0 
-0.201012 -0.18893 0 0 0 0 
-0.190794 -0.115837 0 0 0 0 
-0.188627 -0.145185 0 0 0 0 
-0.18646 -0.174533 0 0 0 0 
-0.174075 -0.130788 0 0 0 0 
-0.171908 -0.160137 0 0 0 0 
-0.157357 -0.14574 0 0 0 0 
1 2 6
2 7 6
2 3 7
3 8 7
3 4 8
4 9 8
4 5 9
6 7 10
7 11 10
7 8 11
8 12 11
8 9 12
10 11 13
11 14 13
11 12 14
13 14 15
ZONE N=15, E=16, F=FEPOINT, ET=TRIANGLE
-0.418654 -0.243073 0 0 0 0 
-0.436223 -0.242841 0 0 0 0 
-0.453791 -0.242608 0 0 0 0 
-0.47136 -0.242375 0 0 0 0 
-0.488929 -0.242143 0 0 0 0 
-0.425108 -0.259415 0 0 0 0 
-0.442677 -0.259183 0 0 0 0 
-0.460246 -0.25895 0 0 0 0 
-0.477814 -0.258717 0 0 0 0 
-0.431563 -0.275757 0 0 0 0 
-0.449131 -0.275524 0 0 0 0 
-0.4667 -0.275292 0 0 0 0 
-0.438017 -0.292099 0 0 0 0 
-0.455586 -0.291866 0 0 0 0 
-0.444472 -0.308441 0 0 0 0 
1 2 6
2 7 6
2 3 7
3 8 7
3 4 8
4 9 8
4 5 9
6 7 10
7 11 10
7 8 11
8 12 11
8 9 12
10 11 13
11 14 13
11 12 14
13 14 15
ZONE N=15, E=16, F=FEPOINT, ET=TRIANGLE
-0.444472 -0.308441 0 0 0 0 
-0.414194 -0.310139 0 0 0 0 
-0.383917 -0.311838 0 0 0 0 
-0.35364 -0.313536 0 0 0 0 
-0.323362 -0.315235 0 0 0 0 
-0.438017 -0.292099 0 0 0 0 
-0.40774 -0.293797 0 0 0 0 
-0.377462 -0.295496 0 0 0 0 
-0.347185 -0.297195 0 0 0 0 
-0.431563 -0.275757 0 0 0 0 
-0.401285 -0.277456 0 0 0 0 
-0.371008 -0.279154 0 0 0 0 
-0.425108 -0.259415 0 0 0 0 
-0.394831 -0.261114 0 0 0 0 
-0.418654 -0.243073 0 0 0 0 
1 2 6
2 7 6
2 3 7
3 8 7
3 4 8
4 9 8
4 5 9
6 7 10
7 11 10
7 8 11
8 12 11
8 9 12
10 11 13
11 14 13
11 12 14
13 14 15
ZONE N=15, E=16, F=FEPOINT, ET=TRIANGLE
-0.622099 -0.188521 0 0 0 0 
-0.640631 -0.186194 0 0 0 0 
-0.659163 -0.183867 0 0 0 0 
-0.677695 -0.18154 0 0 0 0 
-0.696227 -0.179212 0 0 0 0 
-0.630546 -0.20417 0 0 0 0 
-0.649078 -0.201842 0 0 0 0 
-0.66761 -0.199515 0 0 0 0 
-0.686142 -0.197188 0 0 0 0 
-0.638993 -0.219818 0 0 0 0 
-0.657525 -0.217491 0 0 0 0 
-0.676057 -0.215164 0 0 0 0 
-0.647439 -0.235466 0 0 0 0 
-0.665971 -0.233139 0 0 0 0 
-0.655886 -0.251115 0 0 0 0 
1 2 6
2 7 6
2 3 7
3 8 7
3 4 8
4 9 8
4 5 9
6 7 10
7 11 10
7 8 11
8 12 11
8 9 12
10 11 13
11 14 13
11 12 14
13 14 15
ZONE N=15, E=16, F=FEPOINT, ET=TRIANGLE
-0.719734 -0.282466 0 0 0 0 
-0.7034 -0.295558 0 0 0 0 
-0.687067 -0.308649 0 0 0 0 
-0.670733 -0.321741 0 0 0 0 
-0.654399 -0.334832 0 0 0 0 
-0.703772 -0.274628 0 0 0 0 
-0.687438 -0.28772 0 0 0 0 
-0.671105 -0.300812 0 0 0 0 
-0.654771 -0.313903 0 0 0 0 
-0.68781 -0.266791 0 0 0 0 
-0.671476 -0.279882 0 0 0 0 
-0.655143 -0.292974 0 0 0 0 
-0.671848 -0.258953 0 0 0 0 
-0.655514 -0.272044 0 0 0 0 
-0.655886 -0.251115 0 0 0 0 
1 2 6
2 7 6
2 3 7
3 8 7
3 4 8
4 9 8
4 5 9
6 7 10
7 11 10
7 8 11
8 12 11
8 9 12
10 11 13
11 14 13
11 12 14
13 14 15
ZONE N=15, E=16, F=FEPOINT, ET=TRIANGLE
-0.654399 -0.334832 0 0 0 0 
-0.670733 -0.321741 0 0 0 0 
-0.687067 -0.308649 0 0 0 0 
-0.7034 -0.295558 0 0 0 0 
-0.719734 -0.282466 0 0 0 0 
-0.674067 -0.342636 0 0 0 0 
-0.6904 -0.329544 0 0 0 0 
-0.706734 -0.316453 0 0 0 0 
-0.723068 -0.303361 0 0 0 0 
-0.693734 -0.350439 0 0 0 0 
-0.710068 -0.337347 0 0 0 0 
-0.726402 -0.324256 0 0 0 0 
-0.713402 -0.358242 0 0 0 0 
-0.729736 -0.345151 0 0 0 0 
-0.733069 -0.366045 0 0 0 0 
1 2 6
2 7 6
2 3 7
3 8 7
3 4 8
4 9 8
4 5 9
6 7 10
7 11 10
7 8 11
8 12 11
8 9 12
10 11 13
11 14 13
11 12 14
13 14 15
ZONE N=15, E=16, F=FEPOINT, ET=TRIANGLE
-0.6677 -0.416057 0 0 0 0 
-0.684042 -0.403554 0 0 0 0 
-0.700385 -0.391051 0 0 0 0 
-0.716727 -0.378548 0 0 0 0 
-0.733069 -0.366045 0 0 0 0 
-0.684131 -0.422977 0 0 0 0 
-0.700473 -0.410474 0 0 0 0 
-0.716815 -0.397972 0 0 0 0 
-0.733158 -0.385469 0 0 0 0 
-0.700561 -0.429898 0 0 0 0 
-0.716903 -0.417395 0 0 0 0 
-0.733246 -0.404892 0 0 0 0 
-0.716991 -0.436818 0 0 0 0 
-0.733334 -0.424315 0 0 0 0 
-0.733422 -0.443739 0 0 0 0 
1 2 6
2 7 6
2 3 7
3 8 7
3 4 8
4 9 8
4 5 9
6 7 10
7 11 10
7 8 11
8 12 11
8 9 12
10 11 13
11 14 13
11 12 14
13 14 15
ZONE N=15, E=16, F=FEPOINT, ET=TRIANGLE
-0.719734 -0.282466 0 0 0 0 
-0.746049 -0.285366 0 0 0 0 
-0.772364 -0.288265 0 0 0 0 
-0.798679 -0.291164 0 0 0 0 
-0.824993 -0.294063 0 0 0 0 
-0.723068 -0.303361 0 0 0 0 
-0.749383 -0.30626 0 0 0 0 
-0.775698 -0.309159 0 0 0 0 
-0.802012 -0.312058 0 0 0 0 
-0.726402 -0.324256 0 0 0 0 
-0.752717 -0.327155 0 0 0 0 
-0.779031 -0.330054 0 0 0 0 
-0.729736 -0.345151 0 0 0 0 
-0.75605 -0.34805 0 0 0 0 
-0.733069 -0.366045 0 0 0 0 
1 2 6
2 7 6
2 3 7
3 8 7
3 4 8
4 9 8
4 5 9
6 7 10
7 11 10
7 8 11
8 12 11
8 9 12
10 11 13
11 14 13
11 12 14
13 14 15
ZONE N=15, E=16, F=FEPOINT, ET=TRIANGLE
-0.798451 -0.47485 0 0 0 0 
-0.783509 -0.494195 0 0 0 0 
-0.768567 -0.51354 0 0 0 0 
-0.753625 -0.532885 0 0 0 0 
-0.738683 -0.55223 0 0 0 0 
-0.782194 -0.467072 0 0 0 0 
-0.767252 -0.486417 0 0 0 0 
-0.75231 -0.505762 0 0 0 0 
-0.737367 -0.525107 0 0 0 0 
-0.765937 -0.459294 0 0 0 0 
-0.750994 -0.478639 0 0 0 0 
-0.736052 -0.497985 0 0 0 0 
-0.749679 -0.451517 0 0 0 0 
-0.734737 -0.470862 0 0 0 0 
-0.733422 -0.443739 0 0 0 0 
1 2 6
2 7 6
2 3 7
3 8 7
3 4 8
4 9 8
4 5 9
6 7 10
7 11 10
7 8 11
8 12 11
8 9 12
10 11 13
11 14 13
11 12 14
13 14 15
ZONE N=15, E=16, F=FEPOINT, ET=TRIANGLE
-0.55557 -0.83147 0 0 0 0 
-0.550122 -0.810848 0 0 0 0 
-0.544674 -0.790227 0 0 0 0 
-0.539226 -0.769606 0 0 0 0 
-0.533778 -0.748984 0 0 0 0 
-0.575808 -0.817585 0 0 0 0 
-0.570185 -0.796719 0 0 0 0 
-0.564559 -0.775854 0 0 0 0 
-0.558932 -0.754991 0 0 0 0 
-0.595699 -0.803208 0 0 0 0 
-0.589894 -0.782101 0 0 0 0 
-0.584086 -0.760997 0 0 0 0 
-0.615232 -0.788346 0 0 0 0 
-0.60924 -0.767004 0 0 0 0 
-0.634393 -0.77301 0 0 0 0 
1 2 6
2 7 6
2 3 7
3 8 7
3 4 8
4 9 8
4 5 9
6 7 10
7 11 10
7 8 11
8 12 11
8 9 12
10 11 13
11 14 13
11 12 14
13 14 15
ZONE N=15, E=16, F=FEPOINT, ET=TRIANGLE
-0.600071 -0.416087 0 0 0 0 
-0.573774 -0.42151 0 0 0 0 
-0.547478 -0.426933 0 0 0 0 
-0.521181 -0.432356 0 0 0 0 
-0.494885 -0.437779 0 0 0 0 
-0.588006 -0.404242 0 0 0 0 
-0.561709 -0.409665 0 0 0 0 
-0.535413 -0.415088 0 0 0 0 
-0.509116 -0.420511 0 0 0 0 
-0.575941 -0.392397 0 0 0 0 
-0.549644 -0.39782 0 0 0 0 
-0.523348 -0.403243 0 0 0 0 
-0.563876 -0.380553 0 0 0 0 
-0.53758 -0.385976 0 0 0 0 
-0.551811 -0.368708 0 0 0 0 
1 2 6
2 7 6
2 3 7
3 8 7
3 4 8
4 9 8
4 5 9
6 7 10
7 11 10
7 8 11
8 12 11
8 9 12
10 11 13
11 14 13
11 12 14
13 14 15
ZONE N=15, E=16, F=FEPOINT, ET=TRIANGLE
-0.574493 -0.478692 0 0 0 0 
-0.580887 -0.463041 0 0 0 0 
-0.587282 -0.447389 0 0 0 0 
-0.593676 -0.431738 0 0 0 0 
-0.600071 -0.416087 0 0 0 0 
-0.602214 -0.483129 0 0 0 0 
-0.608609 -0.467478 0 0 0 0 
-0.615003 -0.451827 0 0 0 0 
-0.621398 -0.436175 0 0 0 0 
-0.629936 -0.487567 0 0 0 0 
-0.63633 -0.471915 0 0 0 0 
-0.642725 -0.456264 0 0 0 0 
-0.657657 -0.492004 0 0 0 0 
-0.664052 -0.476353 0 0 0 0 
-0.685379 -0.496441 0 0 0 0 
1 2 6
2 7 6
2 3 7
3 8 7
3 4 8
4 9 8
4 5 9
6 7 10
7 11 10
7 8 11
8 12 11
8 9 12
10 11 13
11 14 13
11 12 14
13 14 15
ZONE N=15, E=16, F=FEPOINT, ET=TRIANGLE
-0.600071 -0.416087 0 0 0 0 
-0.613653 -0.395773 0 0 0 0 
-0.627235 -0.37546 0 0 0 0 
-0.640817 -0.355146 0 0 0 0 
-0.654399 -0.334832 0 0 0 0 
-0.616978 -0.416079 0 0 0 0 
-0.63056 -0.395766 0 0 0 0 
-0.644142 -0.375452 0 0 0 0 
-0.657724 -0.355139 0 0 0 0 
-0.633885 -0.416072 0 0 0 0 
-0.647468 -0.395758 0 0 0 0 
-0.66105 -0.375445 0 0 0 0 
-0.650793 -0.416064 0 0 0 0 
-0.664375 -0.395751 0 0 0 0 
-0.6677 -0.416057 0 0 0 0 
1 2 6
2 7 6
2 3 7
3 8 7
3 4 8
4 9 8
4 5 9
6 7 10
7 11 10
7 8 11
8 12 11
8 9 12
10 11 13
11 14 13
11 12 14
13 14 15
ZONE N=15, E=16, F=FEPOINT, ET=TRIANGLE
-0.818913 -0.380984 0 0 0 0 
-0.79754 -0.396672 0 0 0 0 
-0.776167 -0.412361 0 0 0 0 
-0.754795 -0.42805 0 0 0 0 
-0.733422 -0.443739 0 0 0 0 
-0.797452 -0.377249 0 0 0 0 
-0.776079 -0.392938 0 0 0 0 
-0.754706 -0.408627 0 0 0 0 
-0.733334 -0.424315 0 0 0 0 
-0.775991 -0.373515 0 0 0 0 
-0.754618 -0.389203 0 0 0 0 
-0.733246 -0.404892 0 0 0 0 
-0.75453 -0.36978 0 0 0 0 
-0.733158 -0.385469 0 0 0 0 
-0.733069 -0.366045 0 0 0 0 
1 2 6
2 7 6
2 3 7
3 8 7
3 4 8
4 9 8
4 5 9
6 7 10
7 11 10
7 8 11
8 12 11
8 9 12
10 11 13
11 14 13
11 12 14
13 14 15
ZONE N=15, E=16, F=FEPOINT, ET=TRIANGLE
-0.733422 -0.443739 0 0 0 0 
-0.721411 -0.456914 0 0 0 0 
-0.7094 -0.47009 0 0 0 0 
-0.69739 -0.483266 0 0 0 0 
-0.685379 -0.496441 0 0 0 0 
-0.716991 -0.436818 0 0 0 0 
-0.704981 -0.449994 0 0 0 0 
-0.69297 -0.463169 0 0 0 0 
-0.680959 -0.476345 0 0 0 0 
-0.700561 -0.429898 0 0 0 0 
-0.68855 -0.443073 0 0 0 0 
-0.67654 -0.456249 0 0 0 0 
-0.684131 -0.422977 0 0 0 0 
-0.67212 -0.436153 0 0 0 0 
-0.6677 -0.416057 0 0 0 0 
1 2 6
2 7 6
2 3 7
3 8 7
3 4 8
4 9 8
4 5 9
6 7 10
7 11 10
7 8 11
8 12 11
8 9 12
10 11 13
11 14 13
11 12 14
13 14 15
ZONE N=15, E=16, F=FEPOINT, ET=TRIANGLE
-0.641844 -0.675925 0 0 0 0 
-0.652502 -0.659457 0 0 0 0 
-0.663159 -0.642988 0 0 0 0 
-0.673817 -0.62652 0 0 0 0 
-0.684474 -0.610052 0 0 0 0 
-0.65816 -0.683721 0 0 0 0 
-0.668817 -0.667252 0 0 0 0 
-0.679475 -0.650784 0 0 0 0 
-0.690132 -0.634315 0 0 0 0 
-0.674476 -0.691516 0 0 0 0 
-0.685133 -0.675048 0 0 0 0 
-0.69579 -0.658579 0 0 0 0 
-0.690791 -0.699311 0 0 0 0 
-0.701449 -0.682843 0 0 0 0 
-0.707107 -0.707107 0 0 0 0 
1 2 6
2 7 6
2 3 7
3 8 7
3 4 8
4 9 8
4 5 9
6 7 10
7 11 10
7 8 11
8 12 11
8 9 12
10 11 13
11 14 13
11 12 14
13 14 15
ZONE N=15, E=16, F=FEPOINT, ET=TRIANGLE
-0.533293 -0.614826 0 0 0 0 
-0.51551 -0.610959 0 0 0 0 
-0.497727 -0.607092 0 0 0 0 
-0.479944 -0.603225 0 0 0 0 
-0.46216 -0.599358 0 0 0 0 
-0.525297 -0.591915 0 0 0 0 
-0.507514 -0.588048 0 0 0 0 
-0.489731 -0.584181 0 0 0 0 
-0.471948 -0.580314 0 0 0 0 
-0.517301 -0.569005 0 0 0 0 
-0.499518 -0.565138 0 0 0 0 
-0.481735 -0.56127 0 0 0 0 
-0.509305 -0.546094 0 0 0 0 
-0.491522 -0.542227 0 0 0 0 
-0.501309 -0.523183 0 0 0 0 
1 2 6
2 7 6
2 3 7
3 8 7
3 4 8
4 9 8
4 5 9
6 7 10
7 11 10
7 8 11
8 12 11
8 9 12
10 11 13
11 14 13
11 12 14
13 14 15
ZONE N=15, E=16, F=FEPOINT, ET=TRIANGLE
-0.323362 -0.315235 0 0 0 0 
-0.314795 -0.296265 0 0 0 0 
-0.306227 -0.277294 0 0 0 0 
-0.29766 -0.258324 0 0 0 0 
-0.289093 -0.239354 0 0 0 0 
-0.333205 -0.286552 0 0 0 0 
-0.324638 -0.267582 0 0 0 0 
-0.31607 -0.248611 0 0 0 0 
-0.307503 -0.229641 0 0 0 0 
-0.343048 -0.257869 0 0 0 0 
-0.33448 -0.238898 0 0 0 0 
-0.325913 -0.219928 0 0 0 0 
-0.35289 -0.229185 0 0 0 0 
-0.344323 -0.210215 0 0 0 0 
-0.362733 -0.200502 0 0 0 0 
1 2 6
2 7 6
2 3 7
3 8 7
3 4 8
4 9 8
4 5 9
6 7 10
7 11 10
7 8 11
8 12 11
8 9 12
10 11 13
11 14 13
11 12 14
13 14 15
ZONE N=15, E=16, F=FEPOINT, ET=TRIANGLE
-0.215564 -0.203327 0 0 0 0 
-0.217731 -0.173979 0 0 0 0 
-0.219898 -0.144631 0 0 0 0 
-0.222064 -0.115283 0 0 0 0 
-0.224231 -0.0859349 0 0 0 0 
-0.232329 -0.191582 0 0 0 0 
-0.234496 -0.162234 0 0 0 0 
-0.236663 -0.132886 0 0 0 0 
-0.23883 -0.103537 0 0 0 0 
-0.249094 -0.179836 0 0 0 0 
-0.251261 -0.150488 0 0 0 0 
-0.253428 -0.12114 0 0 0 0 
-0.265859 -0.168091 0 0 0 0 
-0.268026 -0.138743 0 0 0 0 
-0.282624 -0.156345 0 0 0 0 
1 2 6
2 7 6
2 3 7
3 8 7
3 4 8
4 9 8
4 5 9
6 7 10
7 11 10
7 8 11
8 12 11
8 9 12
10 11 13
11 14 13
11 12 14
13 14 15
ZONE N=15, E=16, F=FEPOINT, ET=TRIANGLE
-0.1875 0 0 0 0 0 
-0.195813 0.0225106 0 0 0 0 
-0.204127 0.0450213 0 0 0 0 
-0.21244 0.0675319 0 0 0 0 
-0.220754 0.0900426 0 0 0 0 
-0.203125 0 0 0 0 0 
-0.211438 0.0225106 0 0 0 0 
-0.219752 0.0450213 0 0 0 0 
-0.228065 0.0675319 0 0 0 0 
-0.21875 0 0 0 0 0 
-0.227063 0.0225106 0 0 0 0 
-0.235377 0.0450213 0 0 0 0 
-0.234375 0 0 0 0 0 
-0.242688 0.0225106 0 0 0 0 
-0.25 0 0 0 0 0 
1 2 6
2 7 6
2 3 7
3 8 7
3 4 8
4 9 8
4 5 9
6 7 10
7 11 10
7 8 11
8 12 11
8 9 12
10 11 13
11 14 13
11 12 14
13 14 15
ZONE N=15, E=16, F=FEPOINT, ET=TRIANGLE
-0.1875 0 0 0 0 0 
-0.203125 0 0 0 0 0 
-0.21875 0 0 0 0 0 
-0.234375 0 0 0 0 0 
-0.25 0 0 0 0 0 
-0.196683 -0.0214837 0 0 0 0 
-0.212308 -0.0214837 0 0 0 0 
-0.227933 -0.0214837 0 0 0 0 
-0.243558 -0.0214837 0 0 0 0 
-0.205866 -0.0429675 0 0 0 0 
-0.221491 -0.0429675 0 0 0 0 
-0.237116 -0.0429675 0 0 0 0 
-0.215049 -0.0644512 0 0 0 0 
-0.230674 -0.0644512 0 0 0 0 
-0.224231 -0.0859349 0 0 0 0 
1 2 6
2 7 6
2 3 7
3 8 7
3 4 8
4 9 8
4 5 9
6 7 10
7 11 10
7 8 11
8 12 11
8 9 12
10 11 13
11 14 13
11 12 14
13 14 15
ZONE N=15, E=16, F=FEPOINT, ET=TRIANGLE
0 0 0 0 0 0 
-0.015625 0.0175719 0 0 0 0 
-0.03125 0.0351438 0 0 0 0 
-0.046875 0.0527157 0 0 0 0 
-0.0625 0.0702876 0 0 0 0 
-0.03125 0 0 0 0 0 
-0.046875 0.0175719 0 0 0 0 
-0.0625 0.0351438 0 0 0 0 
-0.078125 0.0527157 0 0 0 0 
-0.0625 0 0 0 0 0 
-0.078125 0.0175719 0 0 0 0 
-0.09375 0.0351438 0 0 0 0 
-0.09375 0 0 0 0 0 
-0.109375 0.0175719 0 0 0 0 
-0.125 0 0 0 0 0 
1 2 6
2 7 6
2 3 7
3 8 7
3 4 8
4 9 8
4 5 9
6 7 10
7 11 10
7 8 11
8 12 11
8 9 12
10 11 13
11 14 13
11 12 14
13 14 15
ZONE N=15, E=16, F=FEPOINT, ET=TRIANGLE
-0.241405 0.182436 0 0 0 0 
-0.236242 0.159338 0 0 0 0 
-0.231079 0.136239 0 0 0 0 
-0.225916 0.113141 0 0 0 0 
-0.220754 0.0900426 0 0 0 0 
-0.220058 0.175081 0 0 0 0 
-0.214895 0.151983 0 0 0 0 
-0.209732 0.128885 0 0 0 0 
-0.204569 0.105786 0 0 0 0 
-0.19871 0.167727 0 0 0 0 
-0.193548 0.144628 0 0 0 0 
-0.188385 0.12153 0 0 0 0 
-0.177363 0.160372 0 0 0 0 
-0.1722 0.137274 0 0 0 0 
-0.156016 0.153018 0 0 0 0 
1 2 6
2 7 6
2 3 7
3 8 7
3 4 8
4 9 8
4 5 9
6 7 10
7 11 10
7 8 11
8 12 11
8 9 12
10 11 13
11 14 13
11 12 14
13 14 15
ZONE N=15, E=16, F=FEPOINT, ET=TRIANGLE
-0.15625 -0.0641748 0 0 0 0 
-0.173245 -0.0696148 0 0 0 0 
-0.190241 -0.0750549 0 0 0 0 
-0.207236 -0.0804949 0 0 0 0 
-0.224231 -0.0859349 0 0 0 0 
-0.156527 -0.084566 0 0 0 0 
-0.173522 -0.090006 0 0 0 0 
-0.190517 -0.0954461 0 0 0 0 
-0.207513 -0.100886 0 0 0 0 
-0.156803 -0.104957 0 0 0 0 
-0.173799 -0.110397 0 0 0 0 
-0.190794 -0.115837 0 0 0 0 
-0.15708 -0.125348 0 0 0 0 
-0.174075 -0.130788 0 0 0 0 
-0.157357 -0.14574 0 0 0 0 
1 2 6
2 7 6
2 3 7
3 8 7
3 4 8
4 9 8
4 5 9
6 7 10
7 11 10
7 8 11
8 12 11
8 9 12
10 11 13
11 14 13
11 12 14
13 14 15
ZONE N=15, E=16, F=FEPOINT, ET=TRIANGLE
-0.15625 -0.0641748 0 0 0 0 
-0.156527 -0.084566 0 0 0 0 
-0.156803 -0.104957 0 0 0 0 
-0.15708 -0.125348 0 0 0 0 
-0.157357 -0.14574 0 0 0 0 
-0.13971 -0.0813364 0 0 0 0 
-0.139987 -0.101728 0 0 0 0 
-0.140264 -0.122119 0 0 0 0 
-0.14054 -0.14251 0 0 0 0 
-0.123171 -0.098498 0 0 0 0 
-0.123448 -0.118889 0 0 0 0 
-0.123724 -0.13928 0 0 0 0 
-0.106631 -0.11566 0 0 0 0 
-0.106908 -0.136051 0 0 0 0 
-0.0900918 -0.132821 0 0 0 0 
1 2 6
2 7 6
2 3 7
3 8 7
3 4 8
4 9 8
4 5 9
6 7 10
7 11 10
7 8 11
8 12 11
8 9 12
10 11 13
11 14 13
11 12 14
13 14 15
ZONE N=15, E=16, F=FEPOINT, ET=TRIANGLE
0.06422 -0.199163 0 0 0 0 
0.0392685 -0.192948 0 0 0 0 
0.014317 -0.186732 0 0 0 0 
-0.0106345 -0.180517 0 0 0 0 
-0.0355861 -0.174301 0 0 0 0 
0.0461054 -0.217414 0 0 0 0 
0.0211538 -0.211198 0 0 0 0 
-0.00379768 -0.204982 0 0 0 0 
-0.0287492 -0.198767 0 0 0 0 
0.0279907 -0.235664 0 0 0 0 
0.00303918 -0.229448 0 0 0 0 
-0.0219123 -0.223233 0 0 0 0 
0.00987604 -0.253914 0 0 0 0 
-0.0150755 -0.247698 0 0 0 0 
-0.00823862 -0.272164 0 0 0 0 
1 2 6
2 7 6
2 3 7
3 8 7
3 4 8
4 9 8
4 5 9
6 7 10
7 11 10
7 8 11
8 12 11
8 9 12
10 11 13
11 14 13
11 12 14
13 14 15
ZONE N=15, E=16, F=FEPOINT, ET=TRIANGLE
-0.0672916 0.172849 0 0 0 0 
-0.0894726 0.167891 0 0 0 0 
-0.111654 0.162933 0 0 0 0 
-0.133835 0.157975 0 0 0 0 
-0.156016 0.153018 0 0 0 0 
-0.0660937 0.147209 0 0 0 0 
-0.0882747 0.142251 0 0 0 0 
-0.110456 0.137293 0 0 0 0 
-0.132637 0.132335 0 0 0 0 
-0.0648958 0.121568 0 0 0 0 
-0.0870768 0.11661 0 0 0 0 
-0.109258 0.111653 0 0 0 0 
-0.0636979 0.095928 0 0 0 0 
-0.0858789 0.0909701 0 0 0 0 
-0.0625 0.0702876 0 0 0 0 
1 2 6
2 7 6
2 3 7
3 8 7
3 4 8
4 9 8
4 5 9
6 7 10
7 11 10
7 8 11
8 12 11
8 9 12
10 11 13
11 14 13
11 12 14
13 14 15
ZONE N=15, E=16, F=FEPOINT, ET=TRIANGLE
-0.15625 0.0627026 0 0 0 0 
-0.132812 0.0645988 0 0 0 0 
-0.109375 0.0664951 0 0 0 0 
-0.0859375 0.0683913 0 0 0 0 
-0.0625 0.0702876 0 0 0 0 
-0.156191 0.0852813 0 0 0 0 
-0.132754 0.0871776 0 0 0 0 
-0.109316 0.0890738 0 0 0 0 
-0.0858789 0.0909701 0 0 0 0 
-0.156133 0.10786 0 0 0 0 
-0.132695 0.109756 0 0 0 0 
-0.109258 0.111653 0 0 0 0 
-0.156074 0.130439 0 0 0 0 
-0.132637 0.132335 0 0 0 0 
-0.156016 0.153018 0 0 0 0 
1 2 6
2 7 6
2 3 7
3 8 7
3 4 8
4 9 8
4 5 9
6 7 10
7 11 10
7 8 11
8 12 11
8 9 12
10 11 13
11 14 13
11 12 14
13 14 15
ZONE N=15, E=16, F=FEPOINT, ET=TRIANGLE
-0.0852468 0.236939 0 0 0 0 
-0.109055 0.232865 0 0 0 0 
-0.132863 0.228792 0 0 0 0 
-0.156671 0.224718 0 0 0 0 
-0.180479 0.220645 0 0 0 0 
-0.102939 0.215959 0 0 0 0 
-0.126747 0.211885 0 0 0 0 
-0.150555 0.207812 0 0 0 0 
-0.174363 0.203738 0 0 0 0 
-0.120631 0.194978 0 0 0 0 
-0.144439 0.190905 0 0 0 0 
-0.168247 0.186831 0 0 0 0 
-0.138323 0.173998 0 0 0 0 
-0.162131 0.169924 0 0 0 0 
-0.156016 0.153018 0 0 0 0 
1 2 6
2 7 6
2 3 7
3 8 7
3 4 8
4 9 8
4 5 9
6 7 10
7 11 10
7 8 11
8 12 11
8 9 12
10 11 13
11 14 13
11 12 14
13 14 15
ZONE N=15, E=16, F=FEPOINT, ET=TRIANGLE
-0.157357 -0.14574 0 0 0 0 
-0.171908 -0.160137 0 0 0 0 
-0.18646 -0.174533 0 0 0 0 
-0.201012 -0.18893 0 0 0 0 
-0.215564 -0.203327 0 0 0 0 
-0.147081 -0.170679 0 0 0 0 
-0.161632 -0.185076 0 0 0 0 
-0.176184 -0.199473 0 0 0 0 
-0.190736 -0.21387 0 0 0 0 
-0.136804 -0.195618 0 0 0 0 
-0.151356 -0.210015 0 0 0 0 
-0.165908 -0.224412 0 0 0 0 
-0.126528 -0.220557 0 0 0 0 
-0.14108 -0.234954 0 0 0 0 
-0.116252 -0.245496 0 0 0 0 
1 2 6
2 7 6
2 3 7
3 8 7
3 4 8
4 9 8
4 5 9
6 7 10
7 11 10
7 8 11
8 12 11
8 9 12
10 11 13
11 14 13
11 12 14
13 14 15
ZONE N=15, E=16, F=FEPOINT, ET=TRIANGLE
0.09375 -0.0588813 0 0 0 0 
0.101562 -0.044161 0 0 0 0 
0.109375 -0.0294406 0 0 0 0 
0.117188 -0.0147203 0 0 0 0 
0.125 0 0 0 0 0 
0.0859375 -0.044161 0 0 0 0 
0.09375 -0.0294406 0 0 0 0 
0.101562 -0.0147203 0 0 0 0 
0.109375 0 0 0 0 0 
0.078125 -0.0294406 0 0 0 0 
0.0859375 -0.0147203 0 0 0 0 
0.09375 0 0 0 0 0 
0.0703125 -0.0147203 0 0 0 0 
0.078125 0 0 0 0 0 
0.0625 0 0 0 0 0 
1 2 6
2 7 6
2 3 7
3 8 7
3 4 8
4 9 8
4 5 9
6 7 10
7 11 10
7 8 11
8 12 11
8 9 12
10 11 13
11 14 13
11 12 14
13 14 15
ZONE N=15, E=16, F=FEPOINT, ET=TRIANGLE
-0.239823 0.671644 0 0 0 0 
-0.2574 0.658524 0 0 0 0 
-0.274977 0.645404 0 0 0 0 
-0.292554 0.632284 0 0 0 0 
-0.310131 0.619164 0 0 0 0 
-0.236111 0.650027 0 0 0 0 
-0.253688 0.636907 0 0 0 0 
-0.271265 0.623787 0 0 0 0 
-0.288842 0.610667 0 0 0 0 
-0.232399 0.62841 0 0 0 0 
-0.249976 0.61529 0 0 0 0 
-0.267553 0.60217 0 0 0 0 
-0.228687 0.606793 0 0 0 0 
-0.246264 0.593673 0 0 0 0 
-0.224975 0.585176 0 0 0 0 
1 2 6
2 7 6
2 3 7
3 8 7
3 4 8
4 9 8
4 5 9
6 7 10
7 11 10
7 8 11
8 12 11
8 9 12
10 11 13
11 14 13
11 12 14
13 14 15
ZONE N=15, E=16, F=FEPOINT, ET=TRIANGLE
-0.239823 0.671644 0 0 0 0 
-0.251758 0.688216 0 0 0 0 
-0.263692 0.704787 0 0 0 0 
-0.275627 0.721359 0 0 0 0 
-0.287561 0.73793 0 0 0 0 
-0.2574 0.658524 0 0 0 0 
-0.269335 0.675096 0 0 0 0 
-0.281269 0.691667 0 0 0 0 
-0.293204 0.708239 0 0 0 0 
-0.274977 0.645404 0 0 0 0 
-0.286911 0.661976 0 0 0 0 
-0.298846 0.678547 0 0 0 0 
-0.292554 0.632284 0 0 0 0 
-0.304488 0.648856 0 0 0 0 
-0.310131 0.619164 0 0 0 0 
1 2 6
2 7 6
2 3 7
3 8 7
3 4 8
4 9 8
4 5 9
6 7 10
7 11 10
7 8 11
8 12 11
8 9 12
10 11 13
11 14 13
11 12 14
13 14 15
ZONE N=15, E=16, F=FEPOINT, ET=TRIANGLE
0 0 0 0 0 0 
0.0078125 0.0140299 0 0 0 0 
0.015625 0.0280598 0 0 0 0 
0.0234375 0.0420897 0 0 0 0 
0.03125 0.0561197 0 0 0 0 
-0.015625 0.0175719 0 0 0 0 
-0.0078125 0.0316018 0 0 0 0 
0 0.0456317 0 0 0 0 
0.0078125 0.0596616 0 0 0 0 
-0.03125 0.0351438 0 0 0 0 
-0.0234375 0.0491737 0 0 0 0 
-0.015625 0.0632036 0 0 0 0 
-0.046875 0.0527157 0 0 0 0 
-0.0390625 0.0667456 0 0 0 0 
-0.0625 0.0702876 0 0 0 0 
1 2 6
2 7 6
2 3 7
3 8 7
3 4 8
4 9 8
4 5 9
6 7 10
7 11 10
7 8 11
8 12 11
8 9 12
10 11 13
11 14 13
11 12 14
13 14 15
ZONE N=15, E=16, F=FEPOINT, ET=TRIANGLE
-0.553052 0.726399 0 0 0 0 
-0.553681 0.752667 0 0 0 0 
-0.554311 0.778934 0 0 0 0 
-0.554941 0.805202 0 0 0 0 
-0.55557 0.83147 0 0 0 0 
-0.573387 0.738052 0 0 0 0 
-0.574196 0.764562 0 0 0 0 
-0.575003 0.791072 0 0 0 0 
-0.575808 0.817585 0 0 0 0 
-0.593722 0.749705 0 0 0 0 
-0.594713 0.776455 0 0 0 0 
-0.595699 0.803208 0 0 0 0 
-0.614058 0.761358 0 0 0 0 
-0.615232 0.788346 0 0 0 0 
-0.634393 0.77301 0 0 0 0 
1 2 6
2 7 6
2 3 7
3 8 7
3 4 8
4 9 8
4 5 9
6 7 10
7 11 10
7 8 11
8 12 11
8 9 12
10 11 13
11 14 13
11 12 14
13 14 15
ZONE N=15, E=16, F=FEPOINT, ET=TRIANGLE
-0.323362 -0.315235 0 0 0 0 
-0.303602 -0.31274 0 0 0 0 
-0.283841 -0.310244 0 0 0 0 
-0.264081 -0.307749 0 0 0 0 
-0.24432 -0.305253 0 0 0 0 
-0.314795 -0.296265 0 0 0 0 
-0.295034 -0.293769 0 0 0 0 
-0.275274 -0.291274 0 0 0 0 
-0.255513 -0.288779 0 0 0 0 
-0.306227 -0.277294 0 0 0 0 
-0.286467 -0.274799 0 0 0 0 
-0.266706 -0.272304 0 0 0 0 
-0.29766 -0.258324 0 0 0 0 
-0.277899 -0.255829 0 0 0 0 
-0.289093 -0.239354 0 0 0 0 
1 2 6
2 7 6
2 3 7
3 8 7
3 4 8
4 9 8
4 5 9
6 7 10
7 11 10
7 8 11
8 12 11
8 9 12
10 11 13
11 14 13
11 12 14
13 14 15
ZONE N=15, E=16, F=FEPOINT, ET=TRIANGLE
-0.215564 -0.203327 0 0 0 0 
-0.232329 -0.191582 0 0 0 0 
-0.249094 -0.179836 0 0 0 0 
-0.265859 -0.168091 0 0 0 0 
-0.282624 -0.156345 0 0 0 0 
-0.233946 -0.212334 0 0 0 0 
-0.250711 -0.200588 0 0 0 0 
-0.267476 -0.188843 0 0 0 0 
-0.284241 -0.177097 0 0 0 0 
-0.252328 -0.221341 0 0 0 0 
-0.269093 -0.209595 0 0 0 0 
-0.285858 -0.19785 0 0 0 0 
-0.27071 -0.230347 0 0 0 0 
-0.287475 -0.218602 0 0 0 0 
-0.289093 -0.239354 0 0 0 0 
1 2 6
2 7 6
2 3 7
3 8 7
3 4 8
4 9 8
4 5 9
6 7 10
7 11 10
7 8 11
8 12 11
8 9 12
10 11 13
11 14 13
11 12 14
13 14 15
ZONE N=15, E=16, F=FEPOINT, ET=TRIANGLE
-0.337224 -0.400782 0 0 0 0 
-0.333759 -0.379395 0 0 0 0 
-0.330293 -0.358008 0 0 0 0 
-0.326828 -0.336622 0 0 0 0 
-0.323362 -0.315235 0 0 0 0 
-0.358536 -0.39688 0 0 0 0 
-0.35507 -0.375493 0 0 0 0 
-0.351605 -0.354106 0 0 0 0 
-0.348139 -0.332719 0 0 0 0 
-0.379847 -0.392977 0 0 0 0 
-0.376382 -0.371591 0 0 0 0 
-0.372916 -0.350204 0 0 0 0 
-0.401159 -0.389075 0 0 0 0 
-0.397693 -0.367688 0 0 0 0 
-0.42247 -0.385173 0 0 0 0 
1 2 6
2 7 6
2 3 7
3 8 7
3 4 8
4 9 8
4 5 9
6 7 10
7 11 10
7 8 11
8 12 11
8 9 12
10 11 13
11 14 13
11 12 14
13 14 15
ZONE N=15, E=16, F=FEPOINT, ET=TRIANGLE
-0.171711 -0.338045 0 0 0 0 
-0.187476 -0.348756 0 0 0 0 
-0.20324 -0.359466 0 0 0 0 
-0.219005 -0.370176 0 0 0 0 
-0.234769 -0.380887 0 0 0 0 
-0.170856 -0.356262 0 0 0 0 
-0.18662 -0.366972 0 0 0 0 
-0.202384 -0.377683 0 0 0 0 
-0.218149 -0.388393 0 0 0 0 
-0.17 -0.374478 0 0 0 0 
-0.185764 -0.385189 0 0 0 0 
-0.201528 -0.395899 0 0 0 0 
-0.169144 -0.392695 0 0 0 0 
-0.184908 -0.403405 0 0 0 0 
-0.168288 -0.410911 0 0 0 0 
1 2 6
2 7 6
2 3 7
3 8 7
3 4 8
4 9 8
4 5 9
6 7 10
7 11 10
7 8 11
8 12 11
8 9 12
10 11 13
11 14 13
11 12 14
13 14 15
ZONE N=15, E=16, F=FEPOINT, ET=TRIANGLE
-0.289093 -0.239354 0 0 0 0 
-0.277899 -0.255829 0 0 0 0 
-0.266706 -0.272304 0 0 0 0 
-0.255513 -0.288779 0 0 0 0 
-0.24432 -0.305253 0 0 0 0 
-0.27071 -0.230347 0 0 0 0 
-0.259517 -0.246822 0 0 0 0 
-0.248324 -0.263297 0 0 0 0 
-0.237131 -0.279772 0 0 0 0 
-0.252328 -0.221341 0 0 0 0 
-0.241135 -0.237816 0 0 0 0 
-0.229942 -0.25429 0 0 0 0 
-0.233946 -0.212334 0 0 0 0 
-0.222753 -0.228809 0 0 0 0 
-0.215564 -0.203327 0 0 0 0 
1 2 6
2 7 6
2 3 7
3 8 7
3 4 8
4 9 8
4 5 9
6 7 10
7 11 10
7 8 11
8 12 11
8 9 12
10 11 13
11 14 13
11 12 14
13 14 15
ZONE N=15, E=16, F=FEPOINT, ET=TRIANGLE
-0.184088 -0.267227 0 0 0 0 
-0.191957 -0.251252 0 0 0 0 
-0.199826 -0.235277 0 0 0 0 
-0.207695 -0.219302 0 0 0 0 
-0.215564 -0.203327 0 0 0 0 
-0.199146 -0.276734 0 0 0 0 
-0.207015 -0.260759 0 0 0 0 
-0.214884 -0.244784 0 0 0 0 
-0.222753 -0.228809 0 0 0 0 
-0.214204 -0.28624 0 0 0 0 
-0.222073 -0.270265 0 0 0 0 
-0.229942 -0.25429 0 0 0 0 
-0.229262 -0.295747 0 0 0 0 
-0.237131 -0.279772 0 0 0 0 
-0.24432 -0.305253 0 0 0 0 
1 2 6
2 7 6
2 3 7
3 8 7
3 4 8
4 9 8
4 5 9
6 7 10
7 11 10
7 8 11
8 12 11
8 9 12
10 11 13
11 14 13
11 12 14
13 14 15
ZONE N=15, E=16, F=FEPOINT, ET=TRIANGLE
-0.234769 -0.380887 0 0 0 0 
-0.256917 -0.364474 0 0 0 0 
-0.279066 -0.348061 0 0 0 0 
-0.301214 -0.331648 0 0 0 0 
-0.323362 -0.315235 0 0 0 0 
-0.260383 -0.385861 0 0 0 0 
-0.282531 -0.369448 0 0 0 0 
-0.30468 -0.353035 0 0 0 0 
-0.326828 -0.336622 0 0 0 0 
-0.285997 -0.390834 0 0 0 0 
-0.308145 -0.374421 0 0 0 0 
-0.330293 -0.358008 0 0 0 0 
-0.311611 -0.395808 0 0 0 0 
-0.333759 -0.379395 0 0 0 0 
-0.337224 -0.400782 0 0 0 0 
1 2 6
2 7 6
2 3 7
3 8 7
3 4 8
4 9 8
4 5 9
6 7 10
7 11 10
7 8 11
8 12 11
8 9 12
10 11 13
11 14 13
11 12 14
13 14 15
ZONE N=15, E=16, F=FEPOINT, ET=TRIANGLE
-0.171711 -0.338045 0 0 0 0 
-0.153372 -0.333312 0 0 0 0 
-0.135033 -0.328579 0 0 0 0 
-0.116694 -0.323845 0 0 0 0 
-0.0983553 -0.319112 0 0 0 0 
-0.174806 -0.320341 0 0 0 0 
-0.156467 -0.315607 0 0 0 0 
-0.138128 -0.310874 0 0 0 0 
-0.119788 -0.306141 0 0 0 0 
-0.1779 -0.302636 0 0 0 0 
-0.159561 -0.297903 0 0 0 0 
-0.141222 -0.29317 0 0 0 0 
-0.180994 -0.284932 0 0 0 0 
-0.162655 -0.280198 0 0 0 0 
-0.184088 -0.267227 0 0 0 0 
1 2 6
2 7 6
2 3 7
3 8 7
3 4 8
4 9 8
4 5 9
6 7 10
7 11 10
7 8 11
8 12 11
8 9 12
10 11 13
11 14 13
11 12 14
13 14 15
ZONE N=15, E=16, F=FEPOINT, ET=TRIANGLE
-0.0408279 -0.368409 0 0 0 0 
-0.0552098 -0.356085 0 0 0 0 
-0.0695916 -0.343761 0 0 0 0 
-0.0839735 -0.331436 0 0 0 0 
-0.0983553 -0.319112 0 0 0 0 
-0.0726929 -0.379035 0 0 0 0 
-0.0870747 -0.36671 0 0 0 0 
-0.101457 -0.354386 0 0 0 0 
-0.115838 -0.342062 0 0 0 0 
-0.104558 -0.38966 0 0 0 0 
-0.11894 -0.377336 0 0 0 0 
-0.133322 -0.365012 0 0 0 0 
-0.136423 -0.400286 0 0 0 0 
-0.150805 -0.387962 0 0 0 0 
-0.168288 -0.410911 0 0 0 0 
1 2 6
2 7 6
2 3 7
3 8 7
3 4 8
4 9 8
4 5 9
6 7 10
7 11 10
7 8 11
8 12 11
8 9 12
10 11 13
11 14 13
11 12 14
13 14 15
ZONE N=15, E=16, F=FEPOINT, ET=TRIANGLE
-0.0355861 -0.174301 0 0 0 0 
-0.0557526 -0.1921 0 0 0 0 
-0.0759192 -0.209899 0 0 0 0 
-0.0960857 -0.227698 0 0 0 0 
-0.116252 -0.245496 0 0 0 0 
-0.0287492 -0.198767 0 0 0 0 
-0.0489158 -0.216566 0 0 0 0 
-0.0690823 -0.234365 0 0 0 0 
-0.0892489 -0.252163 0 0 0 0 
-0.0219123 -0.223233 0 0 0 0 
-0.0420789 -0.241031 0 0 0 0 
-0.0622454 -0.25883 0 0 0 0 
-0.0150755 -0.247698 0 0 0 0 
-0.035242 -0.265497 0 0 0 0 
-0.00823862 -0.272164 0 0 0 0 
1 2 6
2 7 6
2 3 7
3 8 7
3 4 8
4 9 8
4 5 9
6 7 10
7 11 10
7 8 11
8 12 11
8 9 12
10 11 13
11 14 13
11 12 14
13 14 15
ZONE N=15, E=16, F=FEPOINT, ET=TRIANGLE
-0.551811 -0.368708 0 0 0 0 
-0.53758 -0.385976 0 0 0 0 
-0.523348 -0.403243 0 0 0 0 
-0.509116 -0.420511 0 0 0 0 
-0.494885 -0.437779 0 0 0 0 
-0.519476 -0.372824 0 0 0 0 
-0.505244 -0.390092 0 0 0 0 
-0.491013 -0.40736 0 0 0 0 
-0.476781 -0.424627 0 0 0 0 
-0.487141 -0.37694 0 0 0 0 
-0.472909 -0.394208 0 0 0 0 
-0.458677 -0.411476 0 0 0 0 
-0.454805 -0.381057 0 0 0 0 
-0.440574 -0.398324 0 0 0 0 
-0.42247 -0.385173 0 0 0 0 
1 2 6
2 7 6
2 3 7
3 8 7
3 4 8
4 9 8
4 5 9
6 7 10
7 11 10
7 8 11
8 12 11
8 9 12
10 11 13
11 14 13
11 12 14
13 14 15
ZONE N=15, E=16, F=FEPOINT, ET=TRIANGLE
-0.290285 -0.95694 0 0 0 0 
-0.285954 -0.934569 0 0 0 0 
-0.281624 -0.912198 0 0 0 0 
-0.277294 -0.889827 0 0 0 0 
-0.272963 -0.867455 0 0 0 0 
-0.305142 -0.934619 0 0 0 0 
-0.300812 -0.912248 0 0 0 0 
-0.296481 -0.889876 0 0 0 0 
-0.292151 -0.867505 0 0 0 0 
-0.319999 -0.912297 0 0 0 0 
-0.315669 -0.889926 0 0 0 0 
-0.311339 -0.867555 0 0 0 0 
-0.334857 -0.889976 0 0 0 0 
-0.330527 -0.867605 0 0 0 0 
-0.349714 -0.867654 0 0 0 0 
1 2 6
2 7 6
2 3 7
3 8 7
3 4 8
4 9 8
4 5 9
6 7 10
7 11 10
7 8 11
8 12 11
8 9 12
10 11 13
11 14 13
11 12 14
13 14 15
ZONE N=15, E=16, F=FEPOINT, ET=TRIANGLE
-0.24432 -0.305253 0 0 0 0 
-0.264081 -0.307749 0 0 0 0 
-0.283841 -0.310244 0 0 0 0 
-0.303602 -0.31274 0 0 0 0 
-0.323362 -0.315235 0 0 0 0 
-0.241932 -0.324162 0 0 0 0 
-0.261693 -0.326657 0 0 0 0 
-0.281453 -0.329153 0 0 0 0 
-0.301214 -0.331648 0 0 0 0 
-0.239545 -0.34307 0 0 0 0 
-0.259305 -0.345566 0 0 0 0 
-0.279066 -0.348061 0 0 0 0 
-0.237157 -0.361979 0 0 0 0 
-0.256917 -0.364474 0 0 0 0 
-0.234769 -0.380887 0 0 0 0 
1 2 6
2 7 6
2 3 7
3 8 7
3 4 8
4 9 8
4 5 9
6 7 10
7 11 10
7 8 11
8 12 11
8 9 12
10 11 13
11 14 13
11 12 14
13 14 15
ZONE N=15, E=16, F=FEPOINT, ET=TRIANGLE
-0.266147 -0.450364 0 0 0 0 
-0.260488 -0.46727 0 0 0 0 
-0.25483 -0.484176 0 0 0 0 
-0.249172 -0.501083 0 0 0 0 
-0.243514 -0.517989 0 0 0 0 
-0.241682 -0.440501 0 0 0 0 
-0.236024 -0.457407 0 0 0 0 
-0.230365 -0.474313 0 0 0 0 
-0.224707 -0.491219 0 0 0 0 
-0.217217 -0.430638 0 0 0 0 
-0.211559 -0.447544 0 0 0 0 
-0.205901 -0.46445 0 0 0 0 
-0.192753 -0.420775 0 0 0 0 
-0.187094 -0.437681 0 0 0 0 
-0.168288 -0.410911 0 0 0 0 
1 2 6
2 7 6
2 3 7
3 8 7
3 4 8
4 9 8
4 5 9
6 7 10
7 11 10
7 8 11
8 12 11
8 9 12
10 11 13
11 14 13
11 12 14
13 14 15
ZONE N=15, E=16, F=FEPOINT, ET=TRIANGLE
0.239776 -0.430536 0 0 0 0 
0.253681 -0.418242 0 0 0 0 
0.267587 -0.405948 0 0 0 0 
0.281493 -0.393654 0 0 0 0 
0.295398 -0.38136 0 0 0 0 
0.235133 -0.412565 0 0 0 0 
0.249039 -0.400271 0 0 0 0 
0.262945 -0.387977 0 0 0 0 
0.27685 -0.375683 0 0 0 0 
0.230491 -0.394594 0 0 0 0 
0.244397 -0.3823 0 0 0 0 
0.258302 -0.370006 0 0 0 0 
0.225848 -0.376623 0 0 0 0 
0.239754 -0.364329 0 0 0 0 
0.221206 -0.358652 0 0 0 0 
1 2 6
2 7 6
2 3 7
3 8 7
3 4 8
4 9 8
4 5 9
6 7 10
7 11 10
7 8 11
8 12 11
8 9 12
10 11 13
11 14 13
11 12 14
13 14 15
ZONE N=15, E=16, F=FEPOINT, ET=TRIANGLE
0.295398 -0.38136 0 0 0 0 
0.293664 -0.406327 0 0 0 0 
0.29193 -0.431294 0 0 0 0 
0.290195 -0.456261 0 0 0 0 
0.288461 -0.481228 0 0 0 0 
0.307704 -0.394405 0 0 0 0 
0.305969 -0.419372 0 0 0 0 
0.304235 -0.444339 0 0 0 0 
0.3025 -0.469306 0 0 0 0 
0.320009 -0.40745 0 0 0 0 
0.318274 -0.432417 0 0 0 0 
0.31654 -0.457384 0 0 0 0 
0.332314 -0.420496 0 0 0 0 
0.330579 -0.445463 0 0 0 0 
0.344619 -0.433541 0 0 0 0 
1 2 6
2 7 6
2 3 7
3 8 7
3 4 8
4 9 8
4 5 9
6 7 10
7 11 10
7 8 11
8 12 11
8 9 12
10 11 13
11 14 13
11 12 14
13 14 15
ZONE N=15, E=16, F=FEPOINT, ET=TRIANGLE
-0.234769 -0.380887 0 0 0 0 
-0.242613 -0.398256 0 0 0 0 
-0.250458 -0.415626 0 0 0 0 
-0.258302 -0.432995 0 0 0 0 
-0.266147 -0.450364 0 0 0 0 
-0.218149 -0.388393 0 0 0 0 
-0.225993 -0.405762 0 0 0 0 
-0.233838 -0.423132 0 0 0 0 
-0.241682 -0.440501 0 0 0 0 
-0.201528 -0.395899 0 0 0 0 
-0.209373 -0.413269 0 0 0 0 
-0.217217 -0.430638 0 0 0 0 
-0.184908 -0.403405 0 0 0 0 
-0.192753 -0.420775 0 0 0 0 
-0.168288 -0.410911 0 0 0 0 
1 2 6
2 7 6
2 3 7
3 8 7
3 4 8
4 9 8
4 5 9
6 7 10
7 11 10
7 8 11
8 12 11
8 9 12
10 11 13
11 14 13
11 12 14
13 14 15
ZONE N=15, E=16, F=FEPOINT, ET=TRIANGLE
-0.127294 -0.47125 0 0 0 0 
-0.105677 -0.445539 0 0 0 0 
-0.0840608 -0.419829 0 0 0 0 
-0.0624443 -0.394119 0 0 0 0 
-0.0408279 -0.368409 0 0 0 0 
-0.137542 -0.456165 0 0 0 0 
-0.115926 -0.430455 0 0 0 0 
-0.0943093 -0.404745 0 0 0 0 
-0.0726929 -0.379035 0 0 0 0 
-0.147791 -0.44108 0 0 0 0 
-0.126174 -0.41537 0 0 0 0 
-0.104558 -0.38966 0 0 0 0 
-0.158039 -0.425996 0 0 0 0 
-0.136423 -0.400286 0 0 0 0 
-0.168288 -0.410911 0 0 0 0 
1 2 6
2 7 6
2 3 7
3 8 7
3 4 8
4 9 8
4 5 9
6 7 10
7 11 10
7 8 11
8 12 11
8 9 12
10 11 13
11 14 13
11 12 14
13 14 15
ZONE N=15, E=16, F=FEPOINT, ET=TRIANGLE
0.0888495 -0.296071 0 0 0 0 
0.0846882 -0.322151 0 0 0 0 
0.0805269 -0.348232 0 0 0 0 
0.0763656 -0.374313 0 0 0 0 
0.0722043 -0.400394 0 0 0 0 
0.103158 -0.316568 0 0 0 0 
0.0989964 -0.342648 0 0 0 0 
0.0948351 -0.368729 0 0 0 0 
0.0906738 -0.39481 0 0 0 0 
0.117466 -0.337065 0 0 0 0 
0.113305 -0.363145 0 0 0 0 
0.109143 -0.389226 0 0 0 0 
0.131774 -0.357562 0 0 0 0 
0.127613 -0.383642 0 0 0 0 
0.146082 -0.378059 0 0 0 0 
1 2 6
2 7 6
2 3 7
3 8 7
3 4 8
4 9 8
4 5 9
6 7 10
7 11 10
7 8 11
8 12 11
8 9 12
10 11 13
11 14 13
11 12 14
13 14 15
ZONE N=15, E=16, F=FEPOINT, ET=TRIANGLE
-0.0355861 -0.174301 0 0 0 0 
-0.0165488 -0.155492 0 0 0 0 
0.00248845 -0.136683 0 0 0 0 
0.0215257 -0.117874 0 0 0 0 
0.040563 -0.0990647 0 0 0 0 
-0.0423146 -0.148258 0 0 0 0 
-0.0232773 -0.129449 0 0 0 0 
-0.00424003 -0.11064 0 0 0 0 
0.0147972 -0.0918311 0 0 0 0 
-0.049043 -0.122216 0 0 0 0 
-0.0300058 -0.103407 0 0 0 0 
-0.0109685 -0.0845976 0 0 0 0 
-0.0557715 -0.0961731 0 0 0 0 
-0.0367343 -0.077364 0 0 0 0 
-0.0625 -0.0701305 0 0 0 0 
1 2 6
2 7 6
2 3 7
3 8 7
3 4 8
4 9 8
4 5 9
6 7 10
7 11 10
7 8 11
8 12 11
8 9 12
10 11 13
11 14 13
11 12 14
13 14 15
ZONE N=15, E=16, F=FEPOINT, ET=TRIANGLE
0.0625 0 0 0 0 0 
0.0546875 0.0140299 0 0 0 0 
0.046875 0.0280598 0 0 0 0 
0.0390625 0.0420897 0 0 0 0 
0.03125 0.0561197 0 0 0 0 
0.046875 0 0 0 0 0 
0.0390625 0.0140299 0 0 0 0 
0.03125 0.0280598 0 0 0 0 
0.0234375 0.0420897 0 0 0 0 
0.03125 0 0 0 0 0 
0.0234375 0.0140299 0 0 0 0 
0.015625 0.0280598 0 0 0 0 
0.015625 0 0 0 0 0 
0.0078125 0.0140299 0 0 0 0 
0 0 0 0 0 0 
1 2 6
2 7 6
2 3 7
3 8 7
3 4 8
4 9 8
4 5 9
6 7 10
7 11 10
7 8 11
8 12 11
8 9 12
10 11 13
11 14 13
11 12 14
13 14 15
ZONE N=15, E=16, F=FEPOINT, ET=TRIANGLE
0.186192 0.542725 0 0 0 0 
0.169792 0.537488 0 0 0 0 
0.153392 0.532251 0 0 0 0 
0.136993 0.527014 0 0 0 0 
0.120593 0.521777 0 0 0 0 
0.187656 0.525572 0 0 0 0 
0.171256 0.520335 0 0 0 0 
0.154856 0.515098 0 0 0 0 
0.138456 0.509861 0 0 0 0 
0.189119 0.508418 0 0 0 0 
0.17272 0.503181 0 0 0 0 
0.15632 0.497945 0 0 0 0 
0.190583 0.491265 0 0 0 0 
0.174183 0.486028 0 0 0 0 
0.192047 0.474112 0 0 0 0 
1 2 6
2 7 6
2 3 7
3 8 7
3 4 8
4 9 8
4 5 9
6 7 10
7 11 10
7 8 11
8 12 11
8 9 12
10 11 13
11 14 13
11 12 14
13 14 15
ZONE N=15, E=16, F=FEPOINT, ET=TRIANGLE
0.028972 0.231974 0 0 0 0 
0.00490613 0.217193 0 0 0 0 
-0.0191598 0.202412 0 0 0 0 
-0.0432257 0.18763 0 0 0 0 
-0.0672916 0.172849 0 0 0 0 
0.0203865 0.205068 0 0 0 0 
-0.00367937 0.190287 0 0 0 0 
-0.0277453 0.175505 0 0 0 0 
-0.0518112 0.160724 0 0 0 0 
0.011801 0.178162 0 0 0 0 
-0.0122649 0.16338 0 0 0 0 
-0.0363308 0.148599 0 0 0 0 
0.00321553 0.151256 0 0 0 0 
-0.0208504 0.136474 0 0 0 0 
-0.00536997 0.124349 0 0 0 0 
1 2 6
2 7 6
2 3 7
3 8 7
3 4 8
4 9 8
4 5 9
6 7 10
7 11 10
7 8 11
8 12 11
8 9 12
10 11 13
11 14 13
11 12 14
13 14 15
ZONE N=15, E=16, F=FEPOINT, ET=TRIANGLE
-0.261749 0.377456 0 0 0 0 
-0.261794 0.358408 0 0 0 0 
-0.261838 0.33936 0 0 0 0 
-0.261883 0.320313 0 0 0 0 
-0.261927 0.301265 0 0 0 0 
-0.243947 0.36789 0 0 0 0 
-0.243992 0.348843 0 0 0 0 
-0.244036 0.329795 0 0 0 0 
-0.244081 0.310747 0 0 0 0 
-0.226145 0.358325 0 0 0 0 
-0.22619 0.339277 0 0 0 0 
-0.226234 0.320229 0 0 0 0 
-0.208343 0.348759 0 0 0 0 
-0.208388 0.329712 0 0 0 0 
-0.190541 0.339194 0 0 0 0 
1 2 6
2 7 6
2 3 7
3 8 7
3 4 8
4 9 8
4 5 9
6 7 10
7 11 10
7 8 11
8 12 11
8 9 12
10 11 13
11 14 13
11 12 14
13 14 15
ZONE N=15, E=16, F=FEPOINT, ET=TRIANGLE
-0.2073 0.753128 0 0 0 0 
-0.215431 0.732757 0 0 0 0 
-0.223562 0.712386 0 0 0 0 
-0.231693 0.692015 0 0 0 0 
-0.239823 0.671644 0 0 0 0 
-0.194746 0.736309 0 0 0 0 
-0.202877 0.715938 0 0 0 0 
-0.211008 0.695567 0 0 0 0 
-0.219138 0.675196 0 0 0 0 
-0.182192 0.71949 0 0 0 0 
-0.190323 0.699119 0 0 0 0 
-0.198453 0.678748 0 0 0 0 
-0.169638 0.702671 0 0 0 0 
-0.177769 0.6823 0 0 0 0 
-0.157084 0.685852 0 0 0 0 
1 2 6
2 7 6
2 3 7
3 8 7
3 4 8
4 9 8
4 5 9
6 7 10
7 11 10
7 8 11
8 12 11
8 9 12
10 11 13
11 14 13
11 12 14
13 14 15
ZONE N=15, E=16, F=FEPOINT, ET=TRIANGLE
-0.153712 0.862983 0 0 0 0 
-0.165545 0.851756 0 0 0 0 
-0.177378 0.840528 0 0 0 0 
-0.189211 0.829301 0 0 0 0 
-0.201043 0.818074 0 0 0 0 
-0.14711 0.837352 0 0 0 0 
-0.158943 0.826125 0 0 0 0 
-0.170776 0.814897 0 0 0 0 
-0.182609 0.80367 0 0 0 0 
-0.140509 0.811721 0 0 0 0 
-0.152342 0.800494 0 0 0 0 
-0.164174 0.789266 0 0 0 0 
-0.133907 0.78609 0 0 0 0 
-0.14574 0.774863 0 0 0 0 
-0.127305 0.760459 0 0 0 0 
1 2 6
2 7 6
2 3 7
3 8 7
3 4 8
4 9 8
4 5 9
6 7 10
7 11 10
7 8 11
8 12 11
8 9 12
10 11 13
11 14 13
11 12 14
13 14 15
ZONE N=15, E=16, F=FEPOINT, ET=TRIANGLE
0.120244 0.272674 0 0 0 0 
0.107301 0.294044 0 0 0 0 
0.0943582 0.315414 0 0 0 0 
0.0814156 0.336784 0 0 0 0 
0.0684729 0.358154 0 0 0 0 
0.0964008 0.280138 0 0 0 0 
0.0834581 0.301508 0 0 0 0 
0.0705155 0.322878 0 0 0 0 
0.0575728 0.344248 0 0 0 0 
0.072558 0.287602 0 0 0 0 
0.0596153 0.308972 0 0 0 0 
0.0466727 0.330342 0 0 0 0 
0.0487152 0.295066 0 0 0 0 
0.0357726 0.316436 0 0 0 0 
0.0248725 0.30253 0 0 0 0 
1 2 6
2 7 6
2 3 7
3 8 7
3 4 8
4 9 8
4 5 9
6 7 10
7 11 10
7 8 11
8 12 11
8 9 12
10 11 13
11 14 13
11 12 14
13 14 15
ZONE N=15, E=16, F=FEPOINT, ET=TRIANGLE
0.120244 0.272674 0 0 0 0 
0.0974257 0.262499 0 0 0 0 
0.0746078 0.252324 0 0 0 0 
0.0517899 0.242149 0 0 0 0 
0.028972 0.231974 0 0 0 0 
0.1139 0.256228 0 0 0 0 
0.091082 0.246053 0 0 0 0 
0.0682641 0.235878 0 0 0 0 
0.0454462 0.225703 0 0 0 0 
0.107556 0.239782 0 0 0 0 
0.0847382 0.229607 0 0 0 0 
0.0619203 0.219432 0 0 0 0 
0.101212 0.223336 0 0 0 0 
0.0783944 0.21316 0 0 0 0 
0.0948685 0.206889 0 0 0 0 
1 2 6
2 7 6
2 3 7
3 8 7
3 4 8
4 9 8
4 5 9
6 7 10
7 11 10
7 8 11
8 12 11
8 9 12
10 11 13
11 14 13
11 12 14
13 14 15
ZONE N=15, E=16, F=FEPOINT, ET=TRIANGLE
0.12347 0.625955 0 0 0 0 
0.139688 0.636722 0 0 0 0 
0.155907 0.64749 0 0 0 0 
0.172125 0.658257 0 0 0 0 
0.188343 0.669024 0 0 0 0 
0.117556 0.652461 0 0 0 0 
0.133774 0.663228 0 0 0 0 
0.149992 0.673996 0 0 0 0 
0.16621 0.684763 0 0 0 0 
0.111642 0.678967 0 0 0 0 
0.12786 0.689734 0 0 0 0 
0.144078 0.700502 0 0 0 0 
0.105727 0.705473 0 0 0 0 
0.121946 0.71624 0 0 0 0 
0.0998131 0.731979 0 0 0 0 
1 2 6
2 7 6
2 3 7
3 8 7
3 4 8
4 9 8
4 5 9
6 7 10
7 11 10
7 8 11
8 12 11
8 9 12
10 11 13
11 14 13
11 12 14
13 14 15
ZONE N=15, E=16, F=FEPOINT, ET=TRIANGLE
-0.0672916 0.172849 0 0 0 0 
-0.0717804 0.188872 0 0 0 0 
-0.0762692 0.204894 0 0 0 0 
-0.080758 0.220917 0 0 0 0 
-0.0852468 0.236939 0 0 0 0 
-0.0894726 0.167891 0 0 0 0 
-0.0939614 0.183914 0 0 0 0 
-0.0984502 0.199936 0 0 0 0 
-0.102939 0.215959 0 0 0 0 
-0.111654 0.162933 0 0 0 0 
-0.116142 0.178956 0 0 0 0 
-0.120631 0.194978 0 0 0 0 
-0.133835 0.157975 0 0 0 0 
-0.138323 0.173998 0 0 0 0 
-0.156016 0.153018 0 0 0 0 
1 2 6
2 7 6
2 3 7
3 8 7
3 4 8
4 9 8
4 5 9
6 7 10
7 11 10
7 8 11
8 12 11
8 9 12
10 11 13
11 14 13
11 12 14
13 14 15
ZONE N=15, E=16, F=FEPOINT, ET=TRIANGLE
-0.190541 0.339194 0 0 0 0 
-0.188026 0.309556 0 0 0 0 
-0.18551 0.279919 0 0 0 0 
-0.182995 0.250282 0 0 0 0 
-0.180479 0.220645 0 0 0 0 
-0.177263 0.323958 0 0 0 0 
-0.174748 0.294321 0 0 0 0 
-0.172232 0.264684 0 0 0 0 
-0.169717 0.235047 0 0 0 0 
-0.163985 0.308723 0 0 0 0 
-0.16147 0.279086 0 0 0 0 
-0.158955 0.249449 0 0 0 0 
-0.150708 0.293488 0 0 0 0 
-0.148192 0.263851 0 0 0 0 
-0.13743 0.278253 0 0 0 0 
1 2 6
2 7 6
2 3 7
3 8 7
3 4 8
4 9 8
4 5 9
6 7 10
7 11 10
7 8 11
8 12 11
8 9 12
10 11 13
11 14 13
11 12 14
13 14 15
ZONE N=15, E=16, F=FEPOINT, ET=TRIANGLE
-0.162993 0.616607 0 0 0 0 
-0.147726 0.608313 0 0 0 0 
-0.13246 0.600019 0 0 0 0 
-0.117193 0.591725 0 0 0 0 
-0.101927 0.58343 0 0 0 0 
-0.142023 0.626139 0 0 0 0 
-0.126756 0.617844 0 0 0 0 
-0.11149 0.60955 0 0 0 0 
-0.0962235 0.601256 0 0 0 0 
-0.121053 0.63567 0 0 0 0 
-0.105787 0.627375 0 0 0 0 
-0.0905204 0.619081 0 0 0 0 
-0.100084 0.645201 0 0 0 0 
-0.0848173 0.636907 0 0 0 0 
-0.0791142 0.654732 0 0 0 0 
1 2 6
2 7 6
2 3 7
3 8 7
3 4 8
4 9 8
4 5 9
6 7 10
7 11 10
7 8 11
8 12 11
8 9 12
10 11 13
11 14 13
11 12 14
13 14 15
ZONE N=15, E=16, F=FEPOINT, ET=TRIANGLE
-0.287561 0.73793 0 0 0 0 
-0.267496 0.74173 0 0 0 0 
-0.247431 0.745529 0 0 0 0 
-0.227366 0.749328 0 0 0 0 
-0.2073 0.753128 0 0 0 0 
-0.281731 0.762023 0 0 0 0 
-0.261666 0.765822 0 0 0 0 
-0.2416 0.769622 0 0 0 0 
-0.221535 0.773421 0 0 0 0 
-0.2759 0.786116 0 0 0 0 
-0.255835 0.789915 0 0 0 0 
-0.23577 0.793714 0 0 0 0 
-0.27007 0.810208 0 0 0 0 
-0.250005 0.814008 0 0 0 0 
-0.26424 0.834301 0 0 0 0 
1 2 6
2 7 6
2 3 7
3 8 7
3 4 8
4 9 8
4 5 9
6 7 10
7 11 10
7 8 11
8 12 11
8 9 12
10 11 13
11 14 13
11 12 14
13 14 15
ZONE N=15, E=16, F=FEPOINT, ET=TRIANGLE
-0.14344 0.444393 0 0 0 0 
-0.167601 0.44592 0 0 0 0 
-0.191763 0.447448 0 0 0 0 
-0.215924 0.448975 0 0 0 0 
-0.240085 0.450502 0 0 0 0 
-0.156205 0.434323 0 0 0 0 
-0.180367 0.43585 0 0 0 0 
-0.204528 0.437377 0 0 0 0 
-0.22869 0.438904 0 0 0 0 
-0.168971 0.424252 0 0 0 0 
-0.193132 0.425779 0 0 0 0 
-0.217294 0.427306 0 0 0 0 
-0.181736 0.414182 0 0 0 0 
-0.205898 0.415709 0 0 0 0 
-0.194502 0.404111 0 0 0 0 
1 2 6
2 7 6
2 3 7
3 8 7
3 4 8
4 9 8
4 5 9
6 7 10
7 11 10
7 8 11
8 12 11
8 9 12
10 11 13
11 14 13
11 12 14
13 14 15
ZONE N=15, E=16, F=FEPOINT, ET=TRIANGLE
-0.101927 0.58343 0 0 0 0 
-0.123353 0.565773 0 0 0 0 
-0.144779 0.548116 0 0 0 0 
-0.166206 0.530458 0 0 0 0 
-0.187632 0.512801 0 0 0 0 
-0.105651 0.565089 0 0 0 0 
-0.127077 0.547432 0 0 0 0 
-0.148504 0.529775 0 0 0 0 
-0.16993 0.512117 0 0 0 0 
-0.109375 0.546748 0 0 0 0 
-0.130802 0.529091 0 0 0 0 
-0.152228 0.511433 0 0 0 0 
-0.1131 0.528407 0 0 0 0 
-0.134526 0.510749 0 0 0 0 
-0.116824 0.510065 0 0 0 0 
1 2 6
2 7 6
2 3 7
3 8 7
3 4 8
4 9 8
4 5 9
6 7 10
7 11 10
7 8 11
8 12 11
8 9 12
10 11 13
11 14 13
11 12 14
13 14 15
ZONE N=15, E=16, F=FEPOINT, ET=TRIANGLE
-0.363428 0.768211 0 0 0 0 
-0.363204 0.787995 0 0 0 0 
-0.362979 0.807779 0 0 0 0 
-0.362755 0.827563 0 0 0 0 
-0.36253 0.847347 0 0 0 0 
-0.390923 0.775232 0 0 0 0 
-0.390699 0.795016 0 0 0 0 
-0.390474 0.8148 0 0 0 0 
-0.39025 0.834584 0 0 0 0 
-0.418418 0.782252 0 0 0 0 
-0.418194 0.802036 0 0 0 0 
-0.417969 0.82182 0 0 0 0 
-0.445913 0.789273 0 0 0 0 
-0.445688 0.809057 0 0 0 0 
-0.473408 0.796293 0 0 0 0 
1 2 6
2 7 6
2 3 7
3 8 7
3 4 8
4 9 8
4 5 9
6 7 10
7 11 10
7 8 11
8 12 11
8 9 12
10 11 13
11 14 13
11 12 14
13 14 15
ZONE N=15, E=16, F=FEPOINT, ET=TRIANGLE
-0.401653 0.613646 0 0 0 0 
-0.378772 0.615026 0 0 0 0 
-0.355892 0.616405 0 0 0 0 
-0.333011 0.617785 0 0 0 0 
-0.310131 0.619164 0 0 0 0 
-0.391252 0.631576 0 0 0 0 
-0.368372 0.632956 0 0 0 0 
-0.345491 0.634335 0 0 0 0 
-0.32261 0.635715 0 0 0 0 
-0.380851 0.649506 0 0 0 0 
-0.357971 0.650886 0 0 0 0 
-0.33509 0.652266 0 0 0 0 
-0.37045 0.667437 0 0 0 0 
-0.34757 0.668816 0 0 0 0 
-0.36005 0.685367 0 0 0 0 
1 2 6
2 7 6
2 3 7
3 8 7
3 4 8
4 9 8
4 5 9
6 7 10
7 11 10
7 8 11
8 12 11
8 9 12
10 11 13
11 14 13
11 12 14
13 14 15
ZONE N=15, E=16, F=FEPOINT, ET=TRIANGLE
-0.224975 0.585176 0 0 0 0 
-0.209479 0.593034 0 0 0 0 
-0.193984 0.600892 0 0 0 0 
-0.178488 0.608749 0 0 0 0 
-0.162993 0.616607 0 0 0 0 
-0.228687 0.606793 0 0 0 0 
-0.213191 0.614651 0 0 0 0 
-0.197696 0.622509 0 0 0 0 
-0.1822 0.630367 0 0 0 0 
-0.232399 0.62841 0 0 0 0 
-0.216904 0.636268 0 0 0 0 
-0.201408 0.644126 0 0 0 0 
-0.236111 0.650027 0 0 0 0 
-0.220616 0.657885 0 0 0 0 
-0.239823 0.671644 0 0 0 0 
1 2 6
2 7 6
2 3 7
3 8 7
3 4 8
4 9 8
4 5 9
6 7 10
7 11 10
7 8 11
8 12 11
8 9 12
10 11 13
11 14 13
11 12 14
13 14 15
ZONE N=15, E=16, F=FEPOINT, ET=TRIANGLE
-0.157084 0.685852 0 0 0 0 
-0.133257 0.696009 0 0 0 0 
-0.109431 0.706166 0 0 0 0 
-0.0856045 0.716323 0 0 0 0 
-0.0617781 0.726481 0 0 0 0 
-0.149639 0.704504 0 0 0 0 
-0.125813 0.714661 0 0 0 0 
-0.101986 0.724818 0 0 0 0 
-0.0781599 0.734975 0 0 0 0 
-0.142195 0.723156 0 0 0 0 
-0.118368 0.733313 0 0 0 0 
-0.0945418 0.74347 0 0 0 0 
-0.13475 0.741808 0 0 0 0 
-0.110924 0.751965 0 0 0 0 
-0.127305 0.760459 0 0 0 0 
1 2 6
2 7 6
2 3 7
3 8 7
3 4 8
4 9 8
4 5 9
6 7 10
7 11 10
7 8 11
8 12 11
8 9 12
10 11 13
11 14 13
11 12 14
13 14 15
ZONE N=15, E=16, F=FEPOINT, ET=TRIANGLE
-0.290285 0.95694 0 0 0 0 
-0.294699 0.938163 0 0 0 0 
-0.299114 0.919385 0 0 0 0 
-0.303528 0.900607 0 0 0 0 
-0.307942 0.881829 0 0 0 0 
-0.272207 0.938533 0 0 0 0 
-0.276621 0.919756 0 0 0 0 
-0.281036 0.900978 0 0 0 0 
-0.28545 0.8822 0 0 0 0 
-0.254129 0.920127 0 0 0 0 
-0.258543 0.901349 0 0 0 0 
-0.262958 0.882571 0 0 0 0 
-0.236051 0.90172 0 0 0 0 
-0.240465 0.882942 0 0 0 0 
-0.217973 0.883313 0 0 0 0 
1 2 6
2 7 6
2 3 7
3 8 7
3 4 8
4 9 8
4 5 9
6 7 10
7 11 10
7 8 11
8 12 11
8 9 12
10 11 13
11 14 13
11 12 14
13 14 15
ZONE N=15, E=16, F=FEPOINT, ET=TRIANGLE
-0.36005 0.685367 0 0 0 0 
-0.341928 0.698508 0 0 0 0 
-0.323805 0.711649 0 0 0 0 
-0.305683 0.724789 0 0 0 0 
-0.287561 0.73793 0 0 0 0 
-0.360894 0.706078 0 0 0 0 
-0.342772 0.719219 0 0 0 0 
-0.32465 0.73236 0 0 0 0 
-0.306528 0.745501 0 0 0 0 
-0.361739 0.726789 0 0 0 0 
-0.343617 0.73993 0 0 0 0 
-0.325495 0.753071 0 0 0 0 
-0.362583 0.7475 0 0 0 0 
-0.344461 0.760641 0 0 0 0 
-0.363428 0.768211 0 0 0 0 
1 2 6
2 7 6
2 3 7
3 8 7
3 4 8
4 9 8
4 5 9
6 7 10
7 11 10
7 8 11
8 12 11
8 9 12
10 11 13
11 14 13
11 12 14
13 14 15
ZONE N=15, E=16, F=FEPOINT, ET=TRIANGLE
0.120593 0.521777 0 0 0 0 
0.136993 0.527014 0 0 0 0 
0.153392 0.532251 0 0 0 0 
0.169792 0.537488 0 0 0 0 
0.186192 0.542725 0 0 0 0 
0.121312 0.547822 0 0 0 0 
0.137712 0.553059 0 0 0 0 
0.154112 0.558296 0 0 0 0 
0.170512 0.563532 0 0 0 0 
0.122032 0.573866 0 0 0 0 
0.138431 0.579103 0 0 0 0 
0.154831 0.58434 0 0 0 0 
0.122751 0.59991 0 0 0 0 
0.139151 0.605147 0 0 0 0 
0.12347 0.625955 0 0 0 0 
1 2 6
2 7 6
2 3 7
3 8 7
3 4 8
4 9 8
4 5 9
6 7 10
7 11 10
7 8 11
8 12 11
8 9 12
10 11 13
11 14 13
11 12 14
13 14 15
ZONE N=15, E=16, F=FEPOINT, ET=TRIANGLE
-0.36253 0.847347 0 0 0 0 
-0.362755 0.827563 0 0 0 0 
-0.362979 0.807779 0 0 0 0 
-0.363204 0.787995 0 0 0 0 
-0.363428 0.768211 0 0 0 0 
-0.337958 0.844086 0 0 0 0 
-0.338182 0.824302 0 0 0 0 
-0.338407 0.804518 0 0 0 0 
-0.338631 0.784734 0 0 0 0 
-0.313385 0.840824 0 0 0 0 
-0.31361 0.82104 0 0 0 0 
-0.313834 0.801256 0 0 0 0 
-0.288812 0.837563 0 0 0 0 
-0.289037 0.817779 0 0 0 0 
-0.26424 0.834301 0 0 0 0 
1 2 6
2 7 6
2 3 7
3 8 7
3 4 8
4 9 8
4 5 9
6 7 10
7 11 10
7 8 11
8 12 11
8 9 12
10 11 13
11 14 13
11 12 14
13 14 15
ZONE N=15, E=16, F=FEPOINT, ET=TRIANGLE
-0.217973 0.883313 0 0 0 0 
-0.22954 0.87106 0 0 0 0 
-0.241106 0.858807 0 0 0 0 
-0.252673 0.846554 0 0 0 0 
-0.26424 0.834301 0 0 0 0 
-0.213741 0.867003 0 0 0 0 
-0.225307 0.85475 0 0 0 0 
-0.236874 0.842497 0 0 0 0 
-0.248441 0.830244 0 0 0 0 
-0.209508 0.850693 0 0 0 0 
-0.221075 0.83844 0 0 0 0 
-0.232642 0.826187 0 0 0 0 
-0.205276 0.834383 0 0 0 0 
-0.216843 0.82213 0 0 0 0 
-0.201043 0.818074 0 0 0 0 
1 2 6
2 7 6
2 3 7
3 8 7
3 4 8
4 9 8
4 5 9
6 7 10
7 11 10
7 8 11
8 12 11
8 9 12
10 11 13
11 14 13
11 12 14
13 14 15
ZONE N=15, E=16, F=FEPOINT, ET=TRIANGLE
-0.134638 0.926869 0 0 0 0 
-0.125483 0.943948 0 0 0 0 
-0.116327 0.961027 0 0 0 0 
-0.107172 0.978106 0 0 0 0 
-0.0980171 0.995185 0 0 0 0 
-0.149751 0.940348 0 0 0 0 
-0.14064 0.957725 0 0 0 0 
-0.131527 0.975102 0 0 0 0 
-0.122411 0.99248 0 0 0 0 
-0.164864 0.953827 0 0 0 0 
-0.1558 0.971502 0 0 0 0 
-0.14673 0.989177 0 0 0 0 
-0.179977 0.967306 0 0 0 0 
-0.170962 0.985278 0 0 0 0 
-0.19509 0.980785 0 0 0 0 
1 2 6
2 7 6
2 3 7
3 8 7
3 4 8
4 9 8
4 5 9
6 7 10
7 11 10
7 8 11
8 12 11
8 9 12
10 11 13
11 14 13
11 12 14
13 14 15
ZONE N=15, E=16, F=FEPOINT, ET=TRIANGLE
-0.307942 0.881829 0 0 0 0 
-0.326628 0.892342 0 0 0 0 
-0.345313 0.902854 0 0 0 0 
-0.363998 0.913367 0 0 0 0 
-0.382683 0.92388 0 0 0 0 
-0.321589 0.873209 0 0 0 0 
-0.340275 0.883721 0 0 0 0 
-0.35896 0.894234 0 0 0 0 
-0.377645 0.904747 0 0 0 0 
-0.335236 0.864588 0 0 0 0 
-0.353922 0.875101 0 0 0 0 
-0.372607 0.885613 0 0 0 0 
-0.348883 0.855968 0 0 0 0 
-0.367569 0.86648 0 0 0 0 
-0.36253 0.847347 0 0 0 0 
1 2 6
2 7 6
2 3 7
3 8 7
3 4 8
4 9 8
4 5 9
6 7 10
7 11 10
7 8 11
8 12 11
8 9 12
10 11 13
11 14 13
11 12 14
13 14 15
ZONE N=15, E=16, F=FEPOINT, ET=TRIANGLE
-0.0791142 0.654732 0 0 0 0 
-0.0747802 0.672669 0 0 0 0 
-0.0704461 0.690606 0 0 0 0 
-0.0661121 0.708543 0 0 0 0 
-0.0617781 0.726481 0 0 0 0 
-0.0986066 0.662512 0 0 0 0 
-0.0942725 0.680449 0 0 0 0 
-0.0899385 0.698386 0 0 0 0 
-0.0856045 0.716323 0 0 0 0 
-0.118099 0.670292 0 0 0 0 
-0.113765 0.688229 0 0 0 0 
-0.109431 0.706166 0 0 0 0 
-0.137591 0.678072 0 0 0 0 
-0.133257 0.696009 0 0 0 0 
-0.157084 0.685852 0 0 0 0 
1 2 6
2 7 6
2 3 7
3 8 7
3 4 8
4 9 8
4 5 9
6 7 10
7 11 10
7 8 11
8 12 11
8 9 12
10 11 13
11 14 13
11 12 14
13 14 15
ZONE N=15, E=16, F=FEPOINT, ET=TRIANGLE
-0.0629312 0.80851 0 0 0 0 
-0.0856265 0.822129 0 0 0 0 
-0.108322 0.835747 0 0 0 0 
-0.131017 0.849365 0 0 0 0 
-0.153712 0.862983 0 0 0 0 
-0.0790248 0.796498 0 0 0 0 
-0.10172 0.810116 0 0 0 0 
-0.124415 0.823734 0 0 0 0 
-0.14711 0.837352 0 0 0 0 
-0.0951183 0.784485 0 0 0 0 
-0.117814 0.798103 0 0 0 0 
-0.140509 0.811721 0 0 0 0 
-0.111212 0.772472 0 0 0 0 
-0.133907 0.78609 0 0 0 0 
-0.127305 0.760459 0 0 0 0 
1 2 6
2 7 6
2 3 7
3 8 7
3 4 8
4 9 8
4 5 9
6 7 10
7 11 10
7 8 11
8 12 11
8 9 12
10 11 13
11 14 13
11 12 14
13 14 15
ZONE N=15, E=16, F=FEPOINT, ET=TRIANGLE
-0.153712 0.862983 0 0 0 0 
-0.136198 0.866451 0 0 0 0 
-0.118683 0.86992 0 0 0 0 
-0.101169 0.873388 0 0 0 0 
-0.083654 0.876857 0 0 0 0 
-0.148943 0.878955 0 0 0 0 
-0.131429 0.882423 0 0 0 0 
-0.113914 0.885891 0 0 0 0 
-0.0963999 0.88936 0 0 0 0 
-0.144175 0.894926 0 0 0 0 
-0.12666 0.898395 0 0 0 0 
-0.109146 0.901863 0 0 0 0 
-0.139406 0.910898 0 0 0 0 
-0.121892 0.914366 0 0 0 0 
-0.134638 0.926869 0 0 0 0 
1 2 6
2 7 6
2 3 7
3 8 7
3 4 8
4 9 8
4 5 9
6 7 10
7 11 10
7 8 11
8 12 11
8 9 12
10 11 13
11 14 13
11 12 14
13 14 15
ZONE N=15, E=16, F=FEPOINT, ET=TRIANGLE
-0.2073 0.753128 0 0 0 0 
-0.205736 0.769364 0 0 0 0 
-0.204172 0.785601 0 0 0 0 
-0.202608 0.801837 0 0 0 0 
-0.201043 0.818074 0 0 0 0 
-0.221535 0.773421 0 0 0 0 
-0.219971 0.789658 0 0 0 0 
-0.218407 0.805894 0 0 0 0 
-0.216843 0.82213 0 0 0 0 
-0.23577 0.793714 0 0 0 0 
-0.234206 0.809951 0 0 0 0 
-0.232642 0.826187 0 0 0 0 
-0.250005 0.814008 0 0 0 0 
-0.248441 0.830244 0 0 0 0 
-0.26424 0.834301 0 0 0 0 
1 2 6
2 7 6
2 3 7
3 8 7
3 4 8
4 9 8
4 5 9
6 7 10
7 11 10
7 8 11
8 12 11
8 9 12
10 11 13
11 14 13
11 12 14
13 14 15
ZONE N=15, E=16, F=FEPOINT, ET=TRIANGLE
-0.0355861 -0.174301 0 0 0 0 
-0.0423146 -0.148258 0 0 0 0 
-0.049043 -0.122216 0 0 0 0 
-0.0557715 -0.0961731 0 0 0 0 
-0.0625 -0.0701305 0 0 0 0 
-0.0492125 -0.163931 0 0 0 0 
-0.055941 -0.137888 0 0 0 0 
-0.0626695 -0.111846 0 0 0 0 
-0.069398 -0.0858032 0 0 0 0 
-0.062839 -0.153561 0 0 0 0 
-0.0695674 -0.127518 0 0 0 0 
-0.0762959 -0.101476 0 0 0 0 
-0.0764654 -0.143191 0 0 0 0 
-0.0831939 -0.117149 0 0 0 0 
-0.0900918 -0.132821 0 0 0 0 
1 2 6
2 7 6
2 3 7
3 8 7
3 4 8
4 9 8
4 5 9
6 7 10
7 11 10
7 8 11
8 12 11
8 9 12
10 11 13
11 14 13
11 12 14
13 14 15
ZONE N=15, E=16, F=FEPOINT, ET=TRIANGLE
-0.88085 -0.189976 0 0 0 0 
-0.899873 -0.215053 0 0 0 0 
-0.918895 -0.240131 0 0 0 0 
-0.937918 -0.265208 0 0 0 0 
-0.95694 -0.290285 0 0 0 0 
-0.866974 -0.199288 0 0 0 0 
-0.885997 -0.224365 0 0 0 0 
-0.905019 -0.249442 0 0 0 0 
-0.924042 -0.274519 0 0 0 0 
-0.853099 -0.208599 0 0 0 0 
-0.872121 -0.233676 0 0 0 0 
-0.891144 -0.258753 0 0 0 0 
-0.839223 -0.217911 0 0 0 0 
-0.858245 -0.242988 0 0 0 0 
-0.825347 -0.227222 0 0 0 0 
1 2 6
2 7 6
2 3 7
3 8 7
3 4 8
4 9 8
4 5 9
6 7 10
7 11 10
7 8 11
8 12 11
8 9 12
10 11 13
11 14 13
11 12 14
13 14 15
ZONE N=15, E=16, F=FEPOINT, ET=TRIANGLE
-0.310131 0.619164 0 0 0 0 
-0.304488 0.648856 0 0 0 0 
-0.298846 0.678547 0 0 0 0 
-0.293204 0.708239 0 0 0 0 
-0.287561 0.73793 0 0 0 0 
-0.32261 0.635715 0 0 0 0 
-0.316968 0.665406 0 0 0 0 
-0.311326 0.695098 0 0 0 0 
-0.305683 0.724789 0 0 0 0 
-0.33509 0.652266 0 0 0 0 
-0.329448 0.681957 0 0 0 0 
-0.323805 0.711649 0 0 0 0 
-0.34757 0.668816 0 0 0 0 
-0.341928 0.698508 0 0 0 0 
-0.36005 0.685367 0 0 0 0 
1 2 6
2 7 6
2 3 7
3 8 7
3 4 8
4 9 8
4 5 9
6 7 10
7 11 10
7 8 11
8 12 11
8 9 12
10 11 13
11 14 13
11 12 14
13 14 15
ZONE N=15, E=16, F=FEPOINT, ET=TRIANGLE
-0.36253 0.847347 0 0 0 0 
-0.389747 0.855991 0 0 0 0 
-0.416964 0.864634 0 0 0 0 
-0.44418 0.873278 0 0 0 0 
-0.471397 0.881921 0 0 0 0 
-0.39025 0.834584 0 0 0 0 
-0.417466 0.843227 0 0 0 0 
-0.444683 0.851871 0 0 0 0 
-0.4719 0.860514 0 0 0 0 
-0.417969 0.82182 0 0 0 0 
-0.445186 0.830464 0 0 0 0 
-0.472402 0.839107 0 0 0 0 
-0.445688 0.809057 0 0 0 0 
-0.472905 0.8177 0 0 0 0 
-0.473408 0.796293 0 0 0 0 
1 2 6
2 7 6
2 3 7
3 8 7
3 4 8
4 9 8
4 5 9
6 7 10
7 11 10
7 8 11
8 12 11
8 9 12
10 11 13
11 14 13
11 12 14
13 14 15
ZONE N=15, E=16, F=FEPOINT, ET=TRIANGLE
-0.663291 0.599881 0 0 0 0 
-0.654516 0.619108 0 0 0 0 
-0.645741 0.638335 0 0 0 0 
-0.636966 0.657562 0 0 0 0 
-0.628191 0.676789 0 0 0 0 
-0.674245 0.626688 0 0 0 0 
-0.66547 0.645915 0 0 0 0 
-0.656695 0.665142 0 0 0 0 
-0.64792 0.684369 0 0 0 0 
-0.685199 0.653494 0 0 0 0 
-0.676424 0.672721 0 0 0 0 
-0.667649 0.691948 0 0 0 0 
-0.696153 0.6803 0 0 0 0 
-0.687378 0.699527 0 0 0 0 
-0.707107 0.707107 0 0 0 0 
1 2 6
2 7 6
2 3 7
3 8 7
3 4 8
4 9 8
4 5 9
6 7 10
7 11 10
7 8 11
8 12 11
8 9 12
10 11 13
11 14 13
11 12 14
13 14 15
ZONE N=15, E=16, F=FEPOINT, ET=TRIANGLE
-0.472289 0.722281 0 0 0 0 
-0.45463 0.695122 0 0 0 0 
-0.436971 0.667964 0 0 0 0 
-0.419312 0.640805 0 0 0 0 
-0.401653 0.613646 0 0 0 0 
-0.444229 0.713052 0 0 0 0 
-0.42657 0.685894 0 0 0 0 
-0.408911 0.658735 0 0 0 0 
-0.391252 0.631576 0 0 0 0 
-0.416169 0.703824 0 0 0 0 
-0.39851 0.676665 0 0 0 0 
-0.380851 0.649506 0 0 0 0 
-0.388109 0.694595 0 0 0 0 
-0.37045 0.667437 0 0 0 0 
-0.36005 0.685367 0 0 0 0 
1 2 6
2 7 6
2 3 7
3 8 7
3 4 8
4 9 8
4 5 9
6 7 10
7 11 10
7 8 11
8 12 11
8 9 12
10 11 13
11 14 13
11 12 14
13 14 15
ZONE N=15, E=16, F=FEPOINT, ET=TRIANGLE
-0.00823862 -0.272164 0 0 0 0 
-0.035242 -0.265497 0 0 0 0 
-0.0622454 -0.25883 0 0 0 0 
-0.0892489 -0.252163 0 0 0 0 
-0.116252 -0.245496 0 0 0 0 
-0.0307678 -0.283901 0 0 0 0 
-0.0577712 -0.277234 0 0 0 0 
-0.0847746 -0.270567 0 0 0 0 
-0.111778 -0.2639 0 0 0 0 
-0.053297 -0.295638 0 0 0 0 
-0.0803004 -0.288971 0 0 0 0 
-0.107304 -0.282304 0 0 0 0 
-0.0758261 -0.307375 0 0 0 0 
-0.10283 -0.300708 0 0 0 0 
-0.0983553 -0.319112 0 0 0 0 
1 2 6
2 7 6
2 3 7
3 8 7
3 4 8
4 9 8
4 5 9
6 7 10
7 11 10
7 8 11
8 12 11
8 9 12
10 11 13
11 14 13
11 12 14
13 14 15
ZONE N=15, E=16, F=FEPOINT, ET=TRIANGLE
0.105403 -0.136585 0 0 0 0 
0.089193 -0.127205 0 0 0 0 
0.072983 -0.117825 0 0 0 0 
0.056773 -0.108445 0 0 0 0 
0.040563 -0.0990647 0 0 0 0 
0.0951072 -0.15223 0 0 0 0 
0.0788972 -0.14285 0 0 0 0 
0.0626872 -0.13347 0 0 0 0 
0.0464772 -0.124089 0 0 0 0 
0.0848115 -0.167874 0 0 0 0 
0.0686015 -0.158494 0 0 0 0 
0.0523915 -0.149114 0 0 0 0 
0.0745158 -0.183519 0 0 0 0 
0.0583058 -0.174139 0 0 0 0 
0.06422 -0.199163 0 0 0 0 
1 2 6
2 7 6
2 3 7
3 8 7
3 4 8
4 9 8
4 5 9
6 7 10
7 11 10
7 8 11
8 12 11
8 9 12
10 11 13
11 14 13
11 12 14
13 14 15
ZONE N=15, E=16, F=FEPOINT, ET=TRIANGLE
-0.881921 0.471397 0 0 0 0 
-0.864635 0.445121 0 0 0 0 
-0.847349 0.418845 0 0 0 0 
-0.830063 0.392569 0 0 0 0 
-0.812777 0.366293 0 0 0 0 
-0.860405 0.469788 0 0 0 0 
-0.843119 0.443512 0 0 0 0 
-0.825833 0.417236 0 0 0 0 
-0.808547 0.39096 0 0 0 0 
-0.838889 0.468179 0 0 0 0 
-0.821603 0.441903 0 0 0 0 
-0.804317 0.415627 0 0 0 0 
-0.817373 0.46657 0 0 0 0 
-0.800087 0.440294 0 0 0 0 
-0.795858 0.46496 0 0 0 0 
1 2 6
2 7 6
2 3 7
3 8 7
3 4 8
4 9 8
4 5 9
6 7 10
7 11 10
7 8 11
8 12 11
8 9 12
10 11 13
11 14 13
11 12 14
13 14 15
ZONE N=15, E=16, F=FEPOINT, ET=TRIANGLE
-0.261927 0.301265 0 0 0 0 
-0.27761 0.309567 0 0 0 0 
-0.293293 0.31787 0 0 0 0 
-0.308976 0.326172 0 0 0 0 
-0.324659 0.334474 0 0 0 0 
-0.287704 0.285631 0 0 0 0 
-0.303387 0.293933 0 0 0 0 
-0.31907 0.302236 0 0 0 0 
-0.334752 0.310538 0 0 0 0 
-0.31348 0.269997 0 0 0 0 
-0.329163 0.2783 0 0 0 0 
-0.344846 0.286602 0 0 0 0 
-0.339257 0.254363 0 0 0 0 
-0.35494 0.262666 0 0 0 0 
-0.365033 0.238729 0 0 0 0 
1 2 6
2 7 6
2 3 7
3 8 7
3 4 8
4 9 8
4 5 9
6 7 10
7 11 10
7 8 11
8 12 11
8 9 12
10 11 13
11 14 13
11 12 14
13 14 15
ZONE N=15, E=16, F=FEPOINT, ET=TRIANGLE
-0.368337 0.390423 0 0 0 0 
-0.386944 0.397998 0 0 0 0 
-0.40555 0.405573 0 0 0 0 
-0.424157 0.413149 0 0 0 0 
-0.442763 0.420724 0 0 0 0 
-0.374409 0.37132 0 0 0 0 
-0.393016 0.378895 0 0 0 0 
-0.411622 0.386471 0 0 0 0 
-0.430228 0.394046 0 0 0 0 
-0.380481 0.352217 0 0 0 0 
-0.399087 0.359792 0 0 0 0 
-0.417694 0.367368 0 0 0 0 
-0.386553 0.333114 0 0 0 0 
-0.405159 0.340689 0 0 0 0 
-0.392624 0.314011 0 0 0 0 
1 2 6
2 7 6
2 3 7
3 8 7
3 4 8
4 9 8
4 5 9
6 7 10
7 11 10
7 8 11
8 12 11
8 9 12
10 11 13
11 14 13
11 12 14
13 14 15
ZONE N=15, E=16, F=FEPOINT, ET=TRIANGLE
-0.261927 0.301265 0 0 0 0 
-0.261883 0.320313 0 0 0 0 
-0.261838 0.33936 0 0 0 0 
-0.261794 0.358408 0 0 0 0 
-0.261749 0.377456 0 0 0 0 
-0.27761 0.309567 0 0 0 0 
-0.277566 0.328615 0 0 0 0 
-0.277521 0.347663 0 0 0 0 
-0.277477 0.36671 0 0 0 0 
-0.293293 0.31787 0 0 0 0 
-0.293249 0.336917 0 0 0 0 
-0.293204 0.355965 0 0 0 0 
-0.308976 0.326172 0 0 0 0 
-0.308931 0.34522 0 0 0 0 
-0.324659 0.334474 0 0 0 0 
1 2 6
2 7 6
2 3 7
3 8 7
3 4 8
4 9 8
4 5 9
6 7 10
7 11 10
7 8 11
8 12 11
8 9 12
10 11 13
11 14 13
11 12 14
13 14 15
ZONE N=15, E=16, F=FEPOINT, ET=TRIANGLE
-0.324659 0.334474 0 0 0 0 
-0.335578 0.348461 0 0 0 0 
-0.346498 0.362448 0 0 0 0 
-0.357418 0.376436 0 0 0 0 
-0.368337 0.390423 0 0 0 0 
-0.34165 0.329358 0 0 0 0 
-0.35257 0.343346 0 0 0 0 
-0.36349 0.357333 0 0 0 0 
-0.374409 0.37132 0 0 0 0 
-0.358642 0.324243 0 0 0 0 
-0.369561 0.33823 0 0 0 0 
-0.380481 0.352217 0 0 0 0 
-0.375633 0.319127 0 0 0 0 
-0.386553 0.333114 0 0 0 0 
-0.392624 0.314011 0 0 0 0 
1 2 6
2 7 6
2 3 7
3 8 7
3 4 8
4 9 8
4 5 9
6 7 10
7 11 10
7 8 11
8 12 11
8 9 12
10 11 13
11 14 13
11 12 14
13 14 15
ZONE N=15, E=16, F=FEPOINT, ET=TRIANGLE
-0.190541 0.339194 0 0 0 0 
-0.208388 0.329712 0 0 0 0 
-0.226234 0.320229 0 0 0 0 
-0.244081 0.310747 0 0 0 0 
-0.261927 0.301265 0 0 0 0 
-0.188026 0.309556 0 0 0 0 
-0.205872 0.300074 0 0 0 0 
-0.223719 0.290592 0 0 0 0 
-0.241565 0.28111 0 0 0 0 
-0.18551 0.279919 0 0 0 0 
-0.203357 0.270437 0 0 0 0 
-0.221203 0.260955 0 0 0 0 
-0.182995 0.250282 0 0 0 0 
-0.200841 0.2408 0 0 0 0 
-0.180479 0.220645 0 0 0 0 
1 2 6
2 7 6
2 3 7
3 8 7
3 4 8
4 9 8
4 5 9
6 7 10
7 11 10
7 8 11
8 12 11
8 9 12
10 11 13
11 14 13
11 12 14
13 14 15
ZONE N=15, E=16, F=FEPOINT, ET=TRIANGLE
-0.31117 0.415777 0 0 0 0 
-0.293399 0.424459 0 0 0 0 
-0.275628 0.43314 0 0 0 0 
-0.257857 0.441821 0 0 0 0 
-0.240085 0.450502 0 0 0 0 
-0.310435 0.431395 0 0 0 0 
-0.292664 0.440076 0 0 0 0 
-0.274893 0.448757 0 0 0 0 
-0.257122 0.457438 0 0 0 0 
-0.3097 0.447012 0 0 0 0 
-0.291929 0.455693 0 0 0 0 
-0.274158 0.464374 0 0 0 0 
-0.308965 0.462629 0 0 0 0 
-0.291194 0.47131 0 0 0 0 
-0.30823 0.478246 0 0 0 0 
1 2 6
2 7 6
2 3 7
3 8 7
3 4 8
4 9 8
4 5 9
6 7 10
7 11 10
7 8 11
8 12 11
8 9 12
10 11 13
11 14 13
11 12 14
13 14 15
ZONE N=15, E=16, F=FEPOINT, ET=TRIANGLE
-0.114267 0.352054 0 0 0 0 
-0.133335 0.348839 0 0 0 0 
-0.152404 0.345624 0 0 0 0 
-0.171472 0.342409 0 0 0 0 
-0.190541 0.339194 0 0 0 0 
-0.120057 0.333603 0 0 0 0 
-0.139126 0.330388 0 0 0 0 
-0.158195 0.327173 0 0 0 0 
-0.177263 0.323958 0 0 0 0 
-0.125848 0.315153 0 0 0 0 
-0.144917 0.311938 0 0 0 0 
-0.163985 0.308723 0 0 0 0 
-0.131639 0.296703 0 0 0 0 
-0.150708 0.293488 0 0 0 0 
-0.13743 0.278253 0 0 0 0 
1 2 6
2 7 6
2 3 7
3 8 7
3 4 8
4 9 8
4 5 9
6 7 10
7 11 10
7 8 11
8 12 11
8 9 12
10 11 13
11 14 13
11 12 14
13 14 15
ZONE N=15, E=16, F=FEPOINT, ET=TRIANGLE
-0.194502 0.404111 0 0 0 0 
-0.211314 0.397447 0 0 0 0 
-0.228126 0.390783 0 0 0 0 
-0.244937 0.38412 0 0 0 0 
-0.261749 0.377456 0 0 0 0 
-0.193512 0.387882 0 0 0 0 
-0.210323 0.381218 0 0 0 0 
-0.227135 0.374554 0 0 0 0 
-0.243947 0.36789 0 0 0 0 
-0.192521 0.371652 0 0 0 0 
-0.209333 0.364989 0 0 0 0 
-0.226145 0.358325 0 0 0 0 
-0.191531 0.355423 0 0 0 0 
-0.208343 0.348759 0 0 0 0 
-0.190541 0.339194 0 0 0 0 
1 2 6
2 7 6
2 3 7
3 8 7
3 4 8
4 9 8
4 5 9
6 7 10
7 11 10
7 8 11
8 12 11
8 9 12
10 11 13
11 14 13
11 12 14
13 14 15
ZONE N=15, E=16, F=FEPOINT, ET=TRIANGLE
-0.0446212 0.289659 0 0 0 0 
-0.0474543 0.317963 0 0 0 0 
-0.0502874 0.346267 0 0 0 0 
-0.0531206 0.374571 0 0 0 0 
-0.0559537 0.402874 0 0 0 0 
-0.0620325 0.305258 0 0 0 0 
-0.0648657 0.333562 0 0 0 0 
-0.0676988 0.361865 0 0 0 0 
-0.0705319 0.390169 0 0 0 0 
-0.0794439 0.320857 0 0 0 0 
-0.0822771 0.34916 0 0 0 0 
-0.0851102 0.377464 0 0 0 0 
-0.0968553 0.336455 0 0 0 0 
-0.0996884 0.364759 0 0 0 0 
-0.114267 0.352054 0 0 0 0 
1 2 6
2 7 6
2 3 7
3 8 7
3 4 8
4 9 8
4 5 9
6 7 10
7 11 10
7 8 11
8 12 11
8 9 12
10 11 13
11 14 13
11 12 14
13 14 15
ZONE N=15, E=16, F=FEPOINT, ET=TRIANGLE
-0.0446212 0.289659 0 0 0 0 
-0.0272478 0.292877 0 0 0 0 
-0.00987435 0.296095 0 0 0 0 
0.00749905 0.299313 0 0 0 0 
0.0248725 0.30253 0 0 0 0 
-0.0474543 0.317963 0 0 0 0 
-0.0300809 0.321181 0 0 0 0 
-0.0127075 0.324399 0 0 0 0 
0.00466591 0.327616 0 0 0 0 
-0.0502874 0.346267 0 0 0 0 
-0.032914 0.349485 0 0 0 0 
-0.0155406 0.352702 0 0 0 0 
-0.0531206 0.374571 0 0 0 0 
-0.0357472 0.377788 0 0 0 0 
-0.0559537 0.402874 0 0 0 0 
1 2 6
2 7 6
2 3 7
3 8 7
3 4 8
4 9 8
4 5 9
6 7 10
7 11 10
7 8 11
8 12 11
8 9 12
10 11 13
11 14 13
11 12 14
13 14 15
ZONE N=15, E=16, F=FEPOINT, ET=TRIANGLE
-0.13743 0.278253 0 0 0 0 
-0.114228 0.281104 0 0 0 0 
-0.0910255 0.283956 0 0 0 0 
-0.0678233 0.286808 0 0 0 0 
-0.0446212 0.289659 0 0 0 0 
-0.131639 0.296703 0 0 0 0 
-0.108437 0.299555 0 0 0 0 
-0.0852347 0.302406 0 0 0 0 
-0.0620325 0.305258 0 0 0 0 
-0.125848 0.315153 0 0 0 0 
-0.102646 0.318005 0 0 0 0 
-0.0794439 0.320857 0 0 0 0 
-0.120057 0.333603 0 0 0 0 
-0.0968553 0.336455 0 0 0 0 
-0.114267 0.352054 0 0 0 0 
1 2 6
2 7 6
2 3 7
3 8 7
3 4 8
4 9 8
4 5 9
6 7 10
7 11 10
7 8 11
8 12 11
8 9 12
10 11 13
11 14 13
11 12 14
13 14 15
ZONE N=15, E=16, F=FEPOINT, ET=TRIANGLE
-0.14344 0.444393 0 0 0 0 
-0.136147 0.421308 0 0 0 0 
-0.128853 0.398223 0 0 0 0 
-0.12156 0.375139 0 0 0 0 
-0.114267 0.352054 0 0 0 0 
-0.121568 0.434014 0 0 0 0 
-0.114275 0.410929 0 0 0 0 
-0.106982 0.387844 0 0 0 0 
-0.0996884 0.364759 0 0 0 0 
-0.0996968 0.423634 0 0 0 0 
-0.0924035 0.400549 0 0 0 0 
-0.0851102 0.377464 0 0 0 0 
-0.0778253 0.413254 0 0 0 0 
-0.0705319 0.390169 0 0 0 0 
-0.0559537 0.402874 0 0 0 0 
1 2 6
2 7 6
2 3 7
3 8 7
3 4 8
4 9 8
4 5 9
6 7 10
7 11 10
7 8 11
8 12 11
8 9 12
10 11 13
11 14 13
11 12 14
13 14 15
ZONE N=15, E=16, F=FEPOINT, ET=TRIANGLE
-0.13743 0.278253 0 0 0 0 
-0.124384 0.267924 0 0 0 0 
-0.111338 0.257596 0 0 0 0 
-0.0982926 0.247267 0 0 0 0 
-0.0852468 0.236939 0 0 0 0 
-0.114228 0.281104 0 0 0 0 
-0.101182 0.270776 0 0 0 0 
-0.0881362 0.260447 0 0 0 0 
-0.0750904 0.250119 0 0 0 0 
-0.0910255 0.283956 0 0 0 0 
-0.0779797 0.273628 0 0 0 0 
-0.064934 0.263299 0 0 0 0 
-0.0678233 0.286808 0 0 0 0 
-0.0547776 0.276479 0 0 0 0 
-0.0446212 0.289659 0 0 0 0 
1 2 6
2 7 6
2 3 7
3 8 7
3 4 8
4 9 8
4 5 9
6 7 10
7 11 10
7 8 11
8 12 11
8 9 12
10 11 13
11 14 13
11 12 14
13 14 15
ZONE N=15, E=16, F=FEPOINT, ET=TRIANGLE
0.0248725 0.30253 0 0 0 0 
0.00749905 0.299313 0 0 0 0 
-0.00987435 0.296095 0 0 0 0 
-0.0272478 0.292877 0 0 0 0 
-0.0446212 0.289659 0 0 0 0 
0.0258973 0.284891 0 0 0 0 
0.00852394 0.281674 0 0 0 0 
-0.00884946 0.278456 0 0 0 0 
-0.0262229 0.275238 0 0 0 0 
0.0269222 0.267252 0 0 0 0 
0.00954884 0.264034 0 0 0 0 
-0.00782456 0.260817 0 0 0 0 
0.0279471 0.249613 0 0 0 0 
0.0105737 0.246395 0 0 0 0 
0.028972 0.231974 0 0 0 0 
1 2 6
2 7 6
2 3 7
3 8 7
3 4 8
4 9 8
4 5 9
6 7 10
7 11 10
7 8 11
8 12 11
8 9 12
10 11 13
11 14 13
11 12 14
13 14 15
ZONE N=15, E=16, F=FEPOINT, ET=TRIANGLE
-0.0318551 0.465565 0 0 0 0 
-0.0530973 0.47669 0 0 0 0 
-0.0743395 0.487815 0 0 0 0 
-0.0955816 0.49894 0 0 0 0 
-0.116824 0.510065 0 0 0 0 
-0.0597513 0.460272 0 0 0 0 
-0.0809935 0.471397 0 0 0 0 
-0.102236 0.482522 0 0 0 0 
-0.123478 0.493647 0 0 0 0 
-0.0876475 0.454979 0 0 0 0 
-0.10889 0.466104 0 0 0 0 
-0.130132 0.477229 0 0 0 0 
-0.115544 0.449686 0 0 0 0 
-0.136786 0.460811 0 0 0 0 
-0.14344 0.444393 0 0 0 0 
1 2 6
2 7 6
2 3 7
3 8 7
3 4 8
4 9 8
4 5 9
6 7 10
7 11 10
7 8 11
8 12 11
8 9 12
10 11 13
11 14 13
11 12 14
13 14 15
ZONE N=15, E=16, F=FEPOINT, ET=TRIANGLE
-0.224975 0.585176 0 0 0 0 
-0.23271 0.569729 0 0 0 0 
-0.240445 0.554283 0 0 0 0 
-0.24818 0.538836 0 0 0 0 
-0.255916 0.52339 0 0 0 0 
-0.215639 0.567082 0 0 0 0 
-0.223374 0.551636 0 0 0 0 
-0.23111 0.536189 0 0 0 0 
-0.238845 0.520743 0 0 0 0 
-0.206303 0.548988 0 0 0 0 
-0.214039 0.533542 0 0 0 0 
-0.221774 0.518096 0 0 0 0 
-0.196968 0.530895 0 0 0 0 
-0.204703 0.515448 0 0 0 0 
-0.187632 0.512801 0 0 0 0 
1 2 6
2 7 6
2 3 7
3 8 7
3 4 8
4 9 8
4 5 9
6 7 10
7 11 10
7 8 11
8 12 11
8 9 12
10 11 13
11 14 13
11 12 14
13 14 15
ZONE N=15, E=16, F=FEPOINT, ET=TRIANGLE
-0.13743 0.278253 0 0 0 0 
-0.148192 0.263851 0 0 0 0 
-0.158955 0.249449 0 0 0 0 
-0.169717 0.235047 0 0 0 0 
-0.180479 0.220645 0 0 0 0 
-0.124384 0.267924 0 0 0 0 
-0.135146 0.253522 0 0 0 0 
-0.145909 0.23912 0 0 0 0 
-0.156671 0.224718 0 0 0 0 
-0.111338 0.257596 0 0 0 0 
-0.122101 0.243194 0 0 0 0 
-0.132863 0.228792 0 0 0 0 
-0.0982926 0.247267 0 0 0 0 
-0.109055 0.232865 0 0 0 0 
-0.0852468 0.236939 0 0 0 0 
1 2 6
2 7 6
2 3 7
3 8 7
3 4 8
4 9 8
4 5 9
6 7 10
7 11 10
7 8 11
8 12 11
8 9 12
10 11 13
11 14 13
11 12 14
13 14 15
ZONE N=15, E=16, F=FEPOINT, ET=TRIANGLE
-0.0672916 0.172849 0 0 0 0 
-0.0432257 0.18763 0 0 0 0 
-0.0191598 0.202412 0 0 0 0 
0.00490613 0.217193 0 0 0 0 
0.028972 0.231974 0 0 0 0 
-0.0717804 0.188872 0 0 0 0 
-0.0477145 0.203653 0 0 0 0 
-0.0236486 0.218434 0 0 0 0 
0.00041732 0.233215 0 0 0 0 
-0.0762692 0.204894 0 0 0 0 
-0.0522033 0.219675 0 0 0 0 
-0.0281374 0.234456 0 0 0 0 
-0.080758 0.220917 0 0 0 0 
-0.0566921 0.235698 0 0 0 0 
-0.0852468 0.236939 0 0 0 0 
1 2 6
2 7 6
2 3 7
3 8 7
3 4 8
4 9 8
4 5 9
6 7 10
7 11 10
7 8 11
8 12 11
8 9 12
10 11 13
11 14 13
11 12 14
13 14 15
ZONE N=15, E=16, F=FEPOINT, ET=TRIANGLE
0.123585 0.142492 0 0 0 0 
0.116406 0.158592 0 0 0 0 
0.109227 0.174691 0 0 0 0 
0.102048 0.19079 0 0 0 0 
0.0948685 0.206889 0 0 0 0 
0.0913462 0.137957 0 0 0 0 
0.0841671 0.154056 0 0 0 0 
0.076988 0.170155 0 0 0 0 
0.0698089 0.186254 0 0 0 0 
0.0591075 0.133421 0 0 0 0 
0.0519284 0.14952 0 0 0 0 
0.0447493 0.165619 0 0 0 0 
0.0268687 0.128885 0 0 0 0 
0.0196897 0.144984 0 0 0 0 
-0.00536997 0.124349 0 0 0 0 
1 2 6
2 7 6
2 3 7
3 8 7
3 4 8
4 9 8
4 5 9
6 7 10
7 11 10
7 8 11
8 12 11
8 9 12
10 11 13
11 14 13
11 12 14
13 14 15
ZONE N=15, E=16, F=FEPOINT, ET=TRIANGLE
0.120593 0.521777 0 0 0 0 
0.0995657 0.536236 0 0 0 0 
0.0785386 0.550694 0 0 0 0 
0.0575116 0.565152 0 0 0 0 
0.0364845 0.57961 0 0 0 0 
0.0988166 0.511607 0 0 0 0 
0.0777896 0.526065 0 0 0 0 
0.0567625 0.540523 0 0 0 0 
0.0357355 0.554981 0 0 0 0 
0.0770405 0.501436 0 0 0 0 
0.0560135 0.515894 0 0 0 0 
0.0349864 0.530352 0 0 0 0 
0.0552644 0.491265 0 0 0 0 
0.0342374 0.505723 0 0 0 0 
0.0334883 0.481094 0 0 0 0 
1 2 6
2 7 6
2 3 7
3 8 7
3 4 8
4 9 8
4 5 9
6 7 10
7 11 10
7 8 11
8 12 11
8 9 12
10 11 13
11 14 13
11 12 14
13 14 15
ZONE N=15, E=16, F=FEPOINT, ET=TRIANGLE
-0.240085 0.450502 0 0 0 0 
-0.245501 0.43224 0 0 0 0 
-0.250917 0.413979 0 0 0 0 
-0.256333 0.395717 0 0 0 0 
-0.261749 0.377456 0 0 0 0 
-0.22869 0.438904 0 0 0 0 
-0.234105 0.420643 0 0 0 0 
-0.239521 0.402381 0 0 0 0 
-0.244937 0.38412 0 0 0 0 
-0.217294 0.427306 0 0 0 0 
-0.22271 0.409045 0 0 0 0 
-0.228126 0.390783 0 0 0 0 
-0.205898 0.415709 0 0 0 0 
-0.211314 0.397447 0 0 0 0 
-0.194502 0.404111 0 0 0 0 
1 2 6
2 7 6
2 3 7
3 8 7
3 4 8
4 9 8
4 5 9
6 7 10
7 11 10
7 8 11
8 12 11
8 9 12
10 11 13
11 14 13
11 12 14
13 14 15
ZONE N=15, E=16, F=FEPOINT, ET=TRIANGLE
-0.190541 0.339194 0 0 0 0 
-0.171472 0.342409 0 0 0 0 
-0.152404 0.345624 0 0 0 0 
-0.133335 0.348839 0 0 0 0 
-0.114267 0.352054 0 0 0 0 
-0.191531 0.355423 0 0 0 0 
-0.172463 0.358638 0 0 0 0 
-0.153394 0.361853 0 0 0 0 
-0.134325 0.365068 0 0 0 0 
-0.192521 0.371652 0 0 0 0 
-0.173453 0.374867 0 0 0 0 
-0.154384 0.378082 0 0 0 0 
-0.193512 0.387882 0 0 0 0 
-0.174443 0.391097 0 0 0 0 
-0.194502 0.404111 0 0 0 0 
1 2 6
2 7 6
2 3 7
3 8 7
3 4 8
4 9 8
4 5 9
6 7 10
7 11 10
7 8 11
8 12 11
8 9 12
10 11 13
11 14 13
11 12 14
13 14 15
ZONE N=15, E=16, F=FEPOINT, ET=TRIANGLE
0.0334883 0.481094 0 0 0 0 
0.0290016 0.463663 0 0 0 0 
0.0245149 0.446231 0 0 0 0 
0.0200282 0.4288 0 0 0 0 
0.0155414 0.411369 0 0 0 0 
0.0542861 0.469048 0 0 0 0 
0.0497994 0.451617 0 0 0 0 
0.0453126 0.434186 0 0 0 0 
0.0408259 0.416754 0 0 0 0 
0.0750839 0.457003 0 0 0 0 
0.0705971 0.439571 0 0 0 0 
0.0661104 0.42214 0 0 0 0 
0.0958816 0.444957 0 0 0 0 
0.0913949 0.427526 0 0 0 0 
0.116679 0.432911 0 0 0 0 
1 2 6
2 7 6
2 3 7
3 8 7
3 4 8
4 9 8
4 5 9
6 7 10
7 11 10
7 8 11
8 12 11
8 9 12
10 11 13
11 14 13
11 12 14
13 14 15
ZONE N=15, E=16, F=FEPOINT, ET=TRIANGLE
0.0684729 0.358154 0 0 0 0 
0.0923789 0.358029 0 0 0 0 
0.116285 0.357903 0 0 0 0 
0.140191 0.357777 0 0 0 0 
0.164097 0.357652 0 0 0 0 
0.0805245 0.376844 0 0 0 0 
0.104431 0.376718 0 0 0 0 
0.128337 0.376592 0 0 0 0 
0.152243 0.376467 0 0 0 0 
0.0925761 0.395533 0 0 0 0 
0.116482 0.395407 0 0 0 0 
0.140388 0.395282 0 0 0 0 
0.104628 0.414222 0 0 0 0 
0.128534 0.414096 0 0 0 0 
0.116679 0.432911 0 0 0 0 
1 2 6
2 7 6
2 3 7
3 8 7
3 4 8
4 9 8
4 5 9
6 7 10
7 11 10
7 8 11
8 12 11
8 9 12
10 11 13
11 14 13
11 12 14
13 14 15
ZONE N=15, E=16, F=FEPOINT, ET=TRIANGLE
-0.187632 0.512801 0 0 0 0 
-0.200745 0.497226 0 0 0 0 
-0.213859 0.481652 0 0 0 0 
-0.226972 0.466077 0 0 0 0 
-0.240085 0.450502 0 0 0 0 
-0.176584 0.495699 0 0 0 0 
-0.189697 0.480124 0 0 0 0 
-0.202811 0.46455 0 0 0 0 
-0.215924 0.448975 0 0 0 0 
-0.165536 0.478597 0 0 0 0 
-0.178649 0.463022 0 0 0 0 
-0.191763 0.447448 0 0 0 0 
-0.154488 0.461495 0 0 0 0 
-0.167601 0.44592 0 0 0 0 
-0.14344 0.444393 0 0 0 0 
1 2 6
2 7 6
2 3 7
3 8 7
3 4 8
4 9 8
4 5 9
6 7 10
7 11 10
7 8 11
8 12 11
8 9 12
10 11 13
11 14 13
11 12 14
13 14 15
ZONE N=15, E=16, F=FEPOINT, ET=TRIANGLE
-0.14344 0.444393 0 0 0 0 
-0.136786 0.460811 0 0 0 0 
-0.130132 0.477229 0 0 0 0 
-0.123478 0.493647 0 0 0 0 
-0.116824 0.510065 0 0 0 0 
-0.154488 0.461495 0 0 0 0 
-0.147834 0.477913 0 0 0 0 
-0.14118 0.494331 0 0 0 0 
-0.134526 0.510749 0 0 0 0 
-0.165536 0.478597 0 0 0 0 
-0.158882 0.495015 0 0 0 0 
-0.152228 0.511433 0 0 0 0 
-0.176584 0.495699 0 0 0 0 
-0.16993 0.512117 0 0 0 0 
-0.187632 0.512801 0 0 0 0 
1 2 6
2 7 6
2 3 7
3 8 7
3 4 8
4 9 8
4 5 9
6 7 10
7 11 10
7 8 11
8 12 11
8 9 12
10 11 13
11 14 13
11 12 14
13 14 15
ZONE N=15, E=16, F=FEPOINT, ET=TRIANGLE
-0.310131 0.619164 0 0 0 0 
-0.296577 0.595221 0 0 0 0 
-0.283023 0.571277 0 0 0 0 
-0.269469 0.547334 0 0 0 0 
-0.255916 0.52339 0 0 0 0 
-0.288842 0.610667 0 0 0 0 
-0.275288 0.586724 0 0 0 0 
-0.261734 0.56278 0 0 0 0 
-0.24818 0.538836 0 0 0 0 
-0.267553 0.60217 0 0 0 0 
-0.253999 0.578226 0 0 0 0 
-0.240445 0.554283 0 0 0 0 
-0.246264 0.593673 0 0 0 0 
-0.23271 0.569729 0 0 0 0 
-0.224975 0.585176 0 0 0 0 
1 2 6
2 7 6
2 3 7
3 8 7
3 4 8
4 9 8
4 5 9
6 7 10
7 11 10
7 8 11
8 12 11
8 9 12
10 11 13
11 14 13
11 12 14
13 14 15
ZONE N=15, E=16, F=FEPOINT, ET=TRIANGLE
-0.30823 0.478246 0 0 0 0 
-0.291194 0.47131 0 0 0 0 
-0.274158 0.464374 0 0 0 0 
-0.257122 0.457438 0 0 0 0 
-0.240085 0.450502 0 0 0 0 
-0.295151 0.489532 0 0 0 0 
-0.278115 0.482596 0 0 0 0 
-0.261079 0.47566 0 0 0 0 
-0.244043 0.468724 0 0 0 0 
-0.282073 0.500818 0 0 0 0 
-0.265037 0.493882 0 0 0 0 
-0.248001 0.486946 0 0 0 0 
-0.268994 0.512104 0 0 0 0 
-0.251958 0.505168 0 0 0 0 
-0.255916 0.52339 0 0 0 0 
1 2 6
2 7 6
2 3 7
3 8 7
3 4 8
4 9 8
4 5 9
6 7 10
7 11 10
7 8 11
8 12 11
8 9 12
10 11 13
11 14 13
11 12 14
13 14 15
ZONE N=15, E=16, F=FEPOINT, ET=TRIANGLE
-0.0559537 0.402874 0 0 0 0 
-0.0499291 0.418547 0 0 0 0 
-0.0439044 0.43422 0 0 0 0 
-0.0378797 0.449893 0 0 0 0 
-0.0318551 0.465565 0 0 0 0 
-0.0778253 0.413254 0 0 0 0 
-0.0718006 0.428927 0 0 0 0 
-0.065776 0.4446 0 0 0 0 
-0.0597513 0.460272 0 0 0 0 
-0.0996968 0.423634 0 0 0 0 
-0.0936722 0.439307 0 0 0 0 
-0.0876475 0.454979 0 0 0 0 
-0.121568 0.434014 0 0 0 0 
-0.115544 0.449686 0 0 0 0 
-0.14344 0.444393 0 0 0 0 
1 2 6
2 7 6
2 3 7
3 8 7
3 4 8
4 9 8
4 5 9
6 7 10
7 11 10
7 8 11
8 12 11
8 9 12
10 11 13
11 14 13
11 12 14
13 14 15
ZONE N=15, E=16, F=FEPOINT, ET=TRIANGLE
-0.0489762 0.53051 0 0 0 0 
-0.027611 0.542785 0 0 0 0 
-0.00624586 0.55506 0 0 0 0 
0.0151193 0.567335 0 0 0 0 
0.0364845 0.57961 0 0 0 0 
-0.0401415 0.555129 0 0 0 0 
-0.0187763 0.567404 0 0 0 0 
0.00258886 0.579679 0 0 0 0 
0.023954 0.591954 0 0 0 0 
-0.0313068 0.579748 0 0 0 0 
-0.0099416 0.592023 0 0 0 0 
0.0114236 0.604298 0 0 0 0 
-0.0224721 0.604366 0 0 0 0 
-0.00110688 0.616641 0 0 0 0 
-0.0136373 0.628985 0 0 0 0 
1 2 6
2 7 6
2 3 7
3 8 7
3 4 8
4 9 8
4 5 9
6 7 10
7 11 10
7 8 11
8 12 11
8 9 12
10 11 13
11 14 13
11 12 14
13 14 15
ZONE N=15, E=16, F=FEPOINT, ET=TRIANGLE
-0.157084 0.685852 0 0 0 0 
-0.158561 0.668541 0 0 0 0 
-0.160038 0.65123 0 0 0 0 
-0.161515 0.633919 0 0 0 0 
-0.162993 0.616607 0 0 0 0 
-0.137591 0.678072 0 0 0 0 
-0.139069 0.660761 0 0 0 0 
-0.140546 0.64345 0 0 0 0 
-0.142023 0.626139 0 0 0 0 
-0.118099 0.670292 0 0 0 0 
-0.119576 0.652981 0 0 0 0 
-0.121053 0.63567 0 0 0 0 
-0.0986066 0.662512 0 0 0 0 
-0.100084 0.645201 0 0 0 0 
-0.0791142 0.654732 0 0 0 0 
1 2 6
2 7 6
2 3 7
3 8 7
3 4 8
4 9 8
4 5 9
6 7 10
7 11 10
7 8 11
8 12 11
8 9 12
10 11 13
11 14 13
11 12 14
13 14 15
ZONE N=15, E=16, F=FEPOINT, ET=TRIANGLE
-0.187632 0.512801 0 0 0 0 
-0.166206 0.530458 0 0 0 0 
-0.144779 0.548116 0 0 0 0 
-0.123353 0.565773 0 0 0 0 
-0.101927 0.58343 0 0 0 0 
-0.181472 0.538753 0 0 0 0 
-0.160046 0.55641 0 0 0 0 
-0.138619 0.574067 0 0 0 0 
-0.117193 0.591725 0 0 0 0 
-0.175312 0.564704 0 0 0 0 
-0.153886 0.582362 0 0 0 0 
-0.13246 0.600019 0 0 0 0 
-0.169152 0.590656 0 0 0 0 
-0.147726 0.608313 0 0 0 0 
-0.162993 0.616607 0 0 0 0 
1 2 6
2 7 6
2 3 7
3 8 7
3 4 8
4 9 8
4 5 9
6 7 10
7 11 10
7 8 11
8 12 11
8 9 12
10 11 13
11 14 13
11 12 14
13 14 15
ZONE N=15, E=16, F=FEPOINT, ET=TRIANGLE
0.028972 0.231974 0 0 0 0 
0.0517899 0.242149 0 0 0 0 
0.0746078 0.252324 0 0 0 0 
0.0974257 0.262499 0 0 0 0 
0.120244 0.272674 0 0 0 0 
0.0279471 0.249613 0 0 0 0 
0.050765 0.259788 0 0 0 0 
0.0735829 0.269963 0 0 0 0 
0.0964008 0.280138 0 0 0 0 
0.0269222 0.267252 0 0 0 0 
0.0497401 0.277427 0 0 0 0 
0.072558 0.287602 0 0 0 0 
0.0258973 0.284891 0 0 0 0 
0.0487152 0.295066 0 0 0 0 
0.0248725 0.30253 0 0 0 0 
1 2 6
2 7 6
2 3 7
3 8 7
3 4 8
4 9 8
4 5 9
6 7 10
7 11 10
7 8 11
8 12 11
8 9 12
10 11 13
11 14 13
11 12 14
13 14 15
ZONE N=15, E=16, F=FEPOINT, ET=TRIANGLE
0.0155414 0.411369 0 0 0 0 
0.0178742 0.384159 0 0 0 0 
0.0202069 0.35695 0 0 0 0 
0.0225397 0.32974 0 0 0 0 
0.0248725 0.30253 0 0 0 0 
0.0287743 0.398065 0 0 0 0 
0.031107 0.370856 0 0 0 0 
0.0334398 0.343646 0 0 0 0 
0.0357726 0.316436 0 0 0 0 
0.0420071 0.384762 0 0 0 0 
0.0443399 0.357552 0 0 0 0 
0.0466727 0.330342 0 0 0 0 
0.05524 0.371458 0 0 0 0 
0.0575728 0.344248 0 0 0 0 
0.0684729 0.358154 0 0 0 0 
1 2 6
2 7 6
2 3 7
3 8 7
3 4 8
4 9 8
4 5 9
6 7 10
7 11 10
7 8 11
8 12 11
8 9 12
10 11 13
11 14 13
11 12 14
13 14 15
ZONE N=15, E=16, F=FEPOINT, ET=TRIANGLE
0.34375 0.110795 0 0 0 0 
0.328642 0.130313 0 0 0 0 
0.313534 0.14983 0 0 0 0 
0.298426 0.169348 0 0 0 0 
0.283319 0.188865 0 0 0 0 
0.314699 0.109947 0 0 0 0 
0.299591 0.129464 0 0 0 0 
0.284483 0.148982 0 0 0 0 
0.269375 0.1685 0 0 0 0 
0.285648 0.109098 0 0 0 0 
0.27054 0.128616 0 0 0 0 
0.255432 0.148134 0 0 0 0 
0.256597 0.10825 0 0 0 0 
0.241489 0.127768 0 0 0 0 
0.227546 0.107402 0 0 0 0 
1 2 6
2 7 6
2 3 7
3 8 7
3 4 8
4 9 8
4 5 9
6 7 10
7 11 10
7 8 11
8 12 11
8 9 12
10 11 13
11 14 13
11 12 14
13 14 15
ZONE N=15, E=16, F=FEPOINT, ET=TRIANGLE
0.227546 0.107402 0 0 0 0 
0.241489 0.127768 0 0 0 0 
0.255432 0.148134 0 0 0 0 
0.269375 0.1685 0 0 0 0 
0.283319 0.188865 0 0 0 0 
0.217339 0.132863 0 0 0 0 
0.231282 0.153229 0 0 0 0 
0.245225 0.173595 0 0 0 0 
0.259169 0.193961 0 0 0 0 
0.207132 0.158324 0 0 0 0 
0.221076 0.17869 0 0 0 0 
0.235019 0.199056 0 0 0 0 
0.196926 0.183785 0 0 0 0 
0.210869 0.204151 0 0 0 0 
0.186719 0.209247 0 0 0 0 
1 2 6
2 7 6
2 3 7
3 8 7
3 4 8
4 9 8
4 5 9
6 7 10
7 11 10
7 8 11
8 12 11
8 9 12
10 11 13
11 14 13
11 12 14
13 14 15
ZONE N=15, E=16, F=FEPOINT, ET=TRIANGLE
0.09375 0.0709429 0 0 0 0 
0.078125 0.0672371 0 0 0 0 
0.0625 0.0635313 0 0 0 0 
0.046875 0.0598255 0 0 0 0 
0.03125 0.0561197 0 0 0 0 
0.0859375 0.0532072 0 0 0 0 
0.0703125 0.0495014 0 0 0 0 
0.0546875 0.0457956 0 0 0 0 
0.0390625 0.0420897 0 0 0 0 
0.078125 0.0354715 0 0 0 0 
0.0625 0.0317656 0 0 0 0 
0.046875 0.0280598 0 0 0 0 
0.0703125 0.0177357 0 0 0 0 
0.0546875 0.0140299 0 0 0 0 
0.0625 0 0 0 0 0 
1 2 6
2 7 6
2 3 7
3 8 7
3 4 8
4 9 8
4 5 9
6 7 10
7 11 10
7 8 11
8 12 11
8 9 12
10 11 13
11 14 13
11 12 14
13 14 15
ZONE N=15, E=16, F=FEPOINT, ET=TRIANGLE
0.187544 0.291747 0 0 0 0 
0.181682 0.308223 0 0 0 0 
0.175821 0.3247 0 0 0 0 
0.169959 0.341176 0 0 0 0 
0.164097 0.357652 0 0 0 0 
0.170719 0.286979 0 0 0 0 
0.164857 0.303455 0 0 0 0 
0.158995 0.319931 0 0 0 0 
0.153134 0.336407 0 0 0 0 
0.153894 0.282211 0 0 0 0 
0.148032 0.298687 0 0 0 0 
0.14217 0.315163 0 0 0 0 
0.137069 0.277443 0 0 0 0 
0.131207 0.293919 0 0 0 0 
0.120244 0.272674 0 0 0 0 
1 2 6
2 7 6
2 3 7
3 8 7
3 4 8
4 9 8
4 5 9
6 7 10
7 11 10
7 8 11
8 12 11
8 9 12
10 11 13
11 14 13
11 12 14
13 14 15
ZONE N=15, E=16, F=FEPOINT, ET=TRIANGLE
0.164097 0.357652 0 0 0 0 
0.140191 0.357777 0 0 0 0 
0.116285 0.357903 0 0 0 0 
0.0923789 0.358029 0 0 0 0 
0.0684729 0.358154 0 0 0 0 
0.153134 0.336407 0 0 0 0 
0.129228 0.336533 0 0 0 0 
0.105322 0.336659 0 0 0 0 
0.0814156 0.336784 0 0 0 0 
0.14217 0.315163 0 0 0 0 
0.118264 0.315289 0 0 0 0 
0.0943582 0.315414 0 0 0 0 
0.131207 0.293919 0 0 0 0 
0.107301 0.294044 0 0 0 0 
0.120244 0.272674 0 0 0 0 
1 2 6
2 7 6
2 3 7
3 8 7
3 4 8
4 9 8
4 5 9
6 7 10
7 11 10
7 8 11
8 12 11
8 9 12
10 11 13
11 14 13
11 12 14
13 14 15
ZONE N=15, E=16, F=FEPOINT, ET=TRIANGLE
0.0948685 0.206889 0 0 0 0 
0.117831 0.207479 0 0 0 0 
0.140794 0.208068 0 0 0 0 
0.163756 0.208657 0 0 0 0 
0.186719 0.209247 0 0 0 0 
0.101212 0.223336 0 0 0 0 
0.124175 0.223925 0 0 0 0 
0.147137 0.224514 0 0 0 0 
0.1701 0.225104 0 0 0 0 
0.107556 0.239782 0 0 0 0 
0.130519 0.240371 0 0 0 0 
0.153481 0.240961 0 0 0 0 
0.1139 0.256228 0 0 0 0 
0.136862 0.256818 0 0 0 0 
0.120244 0.272674 0 0 0 0 
1 2 6
2 7 6
2 3 7
3 8 7
3 4 8
4 9 8
4 5 9
6 7 10
7 11 10
7 8 11
8 12 11
8 9 12
10 11 13
11 14 13
11 12 14
13 14 15
ZONE N=15, E=16, F=FEPOINT, ET=TRIANGLE
0.028972 0.231974 0 0 0 0 
0.0203865 0.205068 0 0 0 0 
0.011801 0.178162 0 0 0 0 
0.00321553 0.151256 0 0 0 0 
-0.00536997 0.124349 0 0 0 0 
0.0454462 0.225703 0 0 0 0 
0.0368607 0.198797 0 0 0 0 
0.0282752 0.171891 0 0 0 0 
0.0196897 0.144984 0 0 0 0 
0.0619203 0.219432 0 0 0 0 
0.0533348 0.192525 0 0 0 0 
0.0447493 0.165619 0 0 0 0 
0.0783944 0.21316 0 0 0 0 
0.0698089 0.186254 0 0 0 0 
0.0948685 0.206889 0 0 0 0 
1 2 6
2 7 6
2 3 7
3 8 7
3 4 8
4 9 8
4 5 9
6 7 10
7 11 10
7 8 11
8 12 11
8 9 12
10 11 13
11 14 13
11 12 14
13 14 15
ZONE N=15, E=16, F=FEPOINT, ET=TRIANGLE
0.123585 0.142492 0 0 0 0 
0.139368 0.159181 0 0 0 0 
0.155152 0.17587 0 0 0 0 
0.170935 0.192558 0 0 0 0 
0.186719 0.209247 0 0 0 0 
0.116406 0.158592 0 0 0 0 
0.132189 0.17528 0 0 0 0 
0.147973 0.191969 0 0 0 0 
0.163756 0.208657 0 0 0 0 
0.109227 0.174691 0 0 0 0 
0.12501 0.191379 0 0 0 0 
0.140794 0.208068 0 0 0 0 
0.102048 0.19079 0 0 0 0 
0.117831 0.207479 0 0 0 0 
0.0948685 0.206889 0 0 0 0 
1 2 6
2 7 6
2 3 7
3 8 7
3 4 8
4 9 8
4 5 9
6 7 10
7 11 10
7 8 11
8 12 11
8 9 12
10 11 13
11 14 13
11 12 14
13 14 15
ZONE N=15, E=16, F=FEPOINT, ET=TRIANGLE
0.123585 0.142492 0 0 0 0 
0.116126 0.124605 0 0 0 0 
0.108667 0.106718 0 0 0 0 
0.101209 0.0888303 0 0 0 0 
0.09375 0.0709429 0 0 0 0 
0.134743 0.122217 0 0 0 0 
0.127284 0.10433 0 0 0 0 
0.119826 0.0864425 0 0 0 0 
0.112367 0.0685551 0 0 0 0 
0.145902 0.101942 0 0 0 0 
0.138443 0.0840546 0 0 0 0 
0.130984 0.0661672 0 0 0 0 
0.15706 0.0816668 0 0 0 0 
0.149601 0.0637794 0 0 0 0 
0.168218 0.0613916 0 0 0 0 
1 2 6
2 7 6
2 3 7
3 8 7
3 4 8
4 9 8
4 5 9
6 7 10
7 11 10
7 8 11
8 12 11
8 9 12
10 11 13
11 14 13
11 12 14
13 14 15
ZONE N=15, E=16, F=FEPOINT, ET=TRIANGLE
0.227546 0.107402 0 0 0 0 
0.217339 0.132863 0 0 0 0 
0.207132 0.158324 0 0 0 0 
0.196926 0.183785 0 0 0 0 
0.186719 0.209247 0 0 0 0 
0.201556 0.116174 0 0 0 0 
0.191349 0.141636 0 0 0 0 
0.181142 0.167097 0 0 0 0 
0.170935 0.192558 0 0 0 0 
0.175565 0.124947 0 0 0 0 
0.165359 0.150408 0 0 0 0 
0.155152 0.17587 0 0 0 0 
0.149575 0.13372 0 0 0 0 
0.139368 0.159181 0 0 0 0 
0.123585 0.142492 0 0 0 0 
1 2 6
2 7 6
2 3 7
3 8 7
3 4 8
4 9 8
4 5 9
6 7 10
7 11 10
7 8 11
8 12 11
8 9 12
10 11 13
11 14 13
11 12 14
13 14 15
ZONE N=15, E=16, F=FEPOINT, ET=TRIANGLE
0.257369 0.295943 0 0 0 0 
0.239913 0.294894 0 0 0 0 
0.222457 0.293845 0 0 0 0 
0.205 0.292796 0 0 0 0 
0.187544 0.291747 0 0 0 0 
0.239706 0.274269 0 0 0 0 
0.22225 0.27322 0 0 0 0 
0.204794 0.272171 0 0 0 0 
0.187338 0.271122 0 0 0 0 
0.222044 0.252595 0 0 0 0 
0.204588 0.251546 0 0 0 0 
0.187131 0.250497 0 0 0 0 
0.204381 0.230921 0 0 0 0 
0.186925 0.229872 0 0 0 0 
0.186719 0.209247 0 0 0 0 
1 2 6
2 7 6
2 3 7
3 8 7
3 4 8
4 9 8
4 5 9
6 7 10
7 11 10
7 8 11
8 12 11
8 9 12
10 11 13
11 14 13
11 12 14
13 14 15
ZONE N=15, E=16, F=FEPOINT, ET=TRIANGLE
0.192047 0.474112 0 0 0 0 
0.173205 0.463812 0 0 0 0 
0.154363 0.453512 0 0 0 0 
0.135521 0.443211 0 0 0 0 
0.116679 0.432911 0 0 0 0 
0.185059 0.444997 0 0 0 0 
0.166217 0.434697 0 0 0 0 
0.147376 0.424397 0 0 0 0 
0.128534 0.414096 0 0 0 0 
0.178072 0.415882 0 0 0 0 
0.15923 0.405582 0 0 0 0 
0.140388 0.395282 0 0 0 0 
0.171084 0.386767 0 0 0 0 
0.152243 0.376467 0 0 0 0 
0.164097 0.357652 0 0 0 0 
1 2 6
2 7 6
2 3 7
3 8 7
3 4 8
4 9 8
4 5 9
6 7 10
7 11 10
7 8 11
8 12 11
8 9 12
10 11 13
11 14 13
11 12 14
13 14 15
ZONE N=15, E=16, F=FEPOINT, ET=TRIANGLE
0.25 0 0 0 0 0 
0.265625 0 0 0 0 0 
0.28125 0 0 0 0 0 
0.296875 0 0 0 0 0 
0.3125 0 0 0 0 0 
0.257812 0.0156453 0 0 0 0 
0.273438 0.0156453 0 0 0 0 
0.289062 0.0156453 0 0 0 0 
0.304688 0.0156453 0 0 0 0 
0.265625 0.0312906 0 0 0 0 
0.28125 0.0312906 0 0 0 0 
0.296875 0.0312906 0 0 0 0 
0.273438 0.046936 0 0 0 0 
0.289062 0.046936 0 0 0 0 
0.28125 0.0625813 0 0 0 0 
1 2 6
2 7 6
2 3 7
3 8 7
3 4 8
4 9 8
4 5 9
6 7 10
7 11 10
7 8 11
8 12 11
8 9 12
10 11 13
11 14 13
11 12 14
13 14 15
ZONE N=15, E=16, F=FEPOINT, ET=TRIANGLE
0.164097 0.357652 0 0 0 0 
0.187415 0.342224 0 0 0 0 
0.210733 0.326797 0 0 0 0 
0.234051 0.31137 0 0 0 0 
0.257369 0.295943 0 0 0 0 
0.184545 0.370036 0 0 0 0 
0.207863 0.354609 0 0 0 0 
0.231181 0.339182 0 0 0 0 
0.254499 0.323754 0 0 0 0 
0.204994 0.382421 0 0 0 0 
0.228312 0.366993 0 0 0 0 
0.25163 0.351566 0 0 0 0 
0.225442 0.394805 0 0 0 0 
0.24876 0.379378 0 0 0 0 
0.245891 0.40719 0 0 0 0 
1 2 6
2 7 6
2 3 7
3 8 7
3 4 8
4 9 8
4 5 9
6 7 10
7 11 10
7 8 11
8 12 11
8 9 12
10 11 13
11 14 13
11 12 14
13 14 15
ZONE N=15, E=16, F=FEPOINT, ET=TRIANGLE
0.227546 0.107402 0 0 0 0 
0.23316 0.0805512 0 0 0 0 
0.238773 0.0537008 0 0 0 0 
0.244387 0.0268504 0 0 0 0 
0.25 0 0 0 0 0 
0.240972 0.0961966 0 0 0 0 
0.246586 0.0693461 0 0 0 0 
0.252199 0.0424957 0 0 0 0 
0.257812 0.0156453 0 0 0 0 
0.254398 0.0849915 0 0 0 0 
0.260012 0.0581411 0 0 0 0 
0.265625 0.0312906 0 0 0 0 
0.267824 0.0737864 0 0 0 0 
0.273438 0.046936 0 0 0 0 
0.28125 0.0625813 0 0 0 0 
1 2 6
2 7 6
2 3 7
3 8 7
3 4 8
4 9 8
4 5 9
6 7 10
7 11 10
7 8 11
8 12 11
8 9 12
10 11 13
11 14 13
11 12 14
13 14 15
ZONE N=15, E=16, F=FEPOINT, ET=TRIANGLE
0.347619 0.458097 0 0 0 0 
0.345115 0.477598 0 0 0 0 
0.342611 0.497099 0 0 0 0 
0.340107 0.5166 0 0 0 0 
0.337603 0.536101 0 0 0 0 
0.329106 0.464717 0 0 0 0 
0.326602 0.484218 0 0 0 0 
0.324098 0.503719 0 0 0 0 
0.321594 0.523221 0 0 0 0 
0.310593 0.471338 0 0 0 0 
0.308089 0.490839 0 0 0 0 
0.305585 0.51034 0 0 0 0 
0.29208 0.477959 0 0 0 0 
0.289576 0.49746 0 0 0 0 
0.273567 0.484579 0 0 0 0 
1 2 6
2 7 6
2 3 7
3 8 7
3 4 8
4 9 8
4 5 9
6 7 10
7 11 10
7 8 11
8 12 11
8 9 12
10 11 13
11 14 13
11 12 14
13 14 15
ZONE N=15, E=16, F=FEPOINT, ET=TRIANGLE
0.116679 0.432911 0 0 0 0 
0.135521 0.443211 0 0 0 0 
0.154363 0.453512 0 0 0 0 
0.173205 0.463812 0 0 0 0 
0.192047 0.474112 0 0 0 0 
0.117658 0.455128 0 0 0 0 
0.1365 0.465428 0 0 0 0 
0.155341 0.475728 0 0 0 0 
0.174183 0.486028 0 0 0 0 
0.118636 0.477344 0 0 0 0 
0.137478 0.487644 0 0 0 0 
0.15632 0.497945 0 0 0 0 
0.119614 0.499561 0 0 0 0 
0.138456 0.509861 0 0 0 0 
0.120593 0.521777 0 0 0 0 
1 2 6
2 7 6
2 3 7
3 8 7
3 4 8
4 9 8
4 5 9
6 7 10
7 11 10
7 8 11
8 12 11
8 9 12
10 11 13
11 14 13
11 12 14
13 14 15
ZONE N=15, E=16, F=FEPOINT, ET=TRIANGLE
0.0364845 0.57961 0 0 0 0 
0.0151193 0.567335 0 0 0 0 
-0.00624586 0.55506 0 0 0 0 
-0.027611 0.542785 0 0 0 0 
-0.0489762 0.53051 0 0 0 0 
0.0357355 0.554981 0 0 0 0 
0.0143703 0.542706 0 0 0 0 
-0.00699491 0.530431 0 0 0 0 
-0.0283601 0.518156 0 0 0 0 
0.0349864 0.530352 0 0 0 0 
0.0136212 0.518077 0 0 0 0 
-0.00774395 0.505802 0 0 0 0 
0.0342374 0.505723 0 0 0 0 
0.0128722 0.493448 0 0 0 0 
0.0334883 0.481094 0 0 0 0 
1 2 6
2 7 6
2 3 7
3 8 7
3 4 8
4 9 8
4 5 9
6 7 10
7 11 10
7 8 11
8 12 11
8 9 12
10 11 13
11 14 13
11 12 14
13 14 15
ZONE N=15, E=16, F=FEPOINT, ET=TRIANGLE
0.120244 0.272674 0 0 0 0 
0.136862 0.256818 0 0 0 0 
0.153481 0.240961 0 0 0 0 
0.1701 0.225104 0 0 0 0 
0.186719 0.209247 0 0 0 0 
0.137069 0.277443 0 0 0 0 
0.153688 0.261586 0 0 0 0 
0.170306 0.245729 0 0 0 0 
0.186925 0.229872 0 0 0 0 
0.153894 0.282211 0 0 0 0 
0.170513 0.266354 0 0 0 0 
0.187131 0.250497 0 0 0 0 
0.170719 0.286979 0 0 0 0 
0.187338 0.271122 0 0 0 0 
0.187544 0.291747 0 0 0 0 
1 2 6
2 7 6
2 3 7
3 8 7
3 4 8
4 9 8
4 5 9
6 7 10
7 11 10
7 8 11
8 12 11
8 9 12
10 11 13
11 14 13
11 12 14
13 14 15
ZONE N=15, E=16, F=FEPOINT, ET=TRIANGLE
0.187544 0.291747 0 0 0 0 
0.205 0.292796 0 0 0 0 
0.222457 0.293845 0 0 0 0 
0.239913 0.294894 0 0 0 0 
0.257369 0.295943 0 0 0 0 
0.181682 0.308223 0 0 0 0 
0.199139 0.309272 0 0 0 0 
0.216595 0.310321 0 0 0 0 
0.234051 0.31137 0 0 0 0 
0.175821 0.3247 0 0 0 0 
0.193277 0.325748 0 0 0 0 
0.210733 0.326797 0 0 0 0 
0.169959 0.341176 0 0 0 0 
0.187415 0.342224 0 0 0 0 
0.164097 0.357652 0 0 0 0 
1 2 6
2 7 6
2 3 7
3 8 7
3 4 8
4 9 8
4 5 9
6 7 10
7 11 10
7 8 11
8 12 11
8 9 12
10 11 13
11 14 13
11 12 14
13 14 15
ZONE N=15, E=16, F=FEPOINT, ET=TRIANGLE
0.245891 0.40719 0 0 0 0 
0.23243 0.42392 0 0 0 0 
0.218969 0.440651 0 0 0 0 
0.205508 0.457381 0 0 0 0 
0.192047 0.474112 0 0 0 0 
0.225442 0.394805 0 0 0 0 
0.211981 0.411536 0 0 0 0 
0.19852 0.428266 0 0 0 0 
0.185059 0.444997 0 0 0 0 
0.204994 0.382421 0 0 0 0 
0.191533 0.399151 0 0 0 0 
0.178072 0.415882 0 0 0 0 
0.184545 0.370036 0 0 0 0 
0.171084 0.386767 0 0 0 0 
0.164097 0.357652 0 0 0 0 
1 2 6
2 7 6
2 3 7
3 8 7
3 4 8
4 9 8
4 5 9
6 7 10
7 11 10
7 8 11
8 12 11
8 9 12
10 11 13
11 14 13
11 12 14
13 14 15
ZONE N=15, E=16, F=FEPOINT, ET=TRIANGLE
0.12347 0.625955 0 0 0 0 
0.101724 0.614369 0 0 0 0 
0.0799774 0.602782 0 0 0 0 
0.058231 0.591196 0 0 0 0 
0.0364845 0.57961 0 0 0 0 
0.122751 0.59991 0 0 0 0 
0.101005 0.588324 0 0 0 0 
0.079258 0.576738 0 0 0 0 
0.0575116 0.565152 0 0 0 0 
0.122032 0.573866 0 0 0 0 
0.100285 0.56228 0 0 0 0 
0.0785386 0.550694 0 0 0 0 
0.121312 0.547822 0 0 0 0 
0.0995657 0.536236 0 0 0 0 
0.120593 0.521777 0 0 0 0 
1 2 6
2 7 6
2 3 7
3 8 7
3 4 8
4 9 8
4 5 9
6 7 10
7 11 10
7 8 11
8 12 11
8 9 12
10 11 13
11 14 13
11 12 14
13 14 15
ZONE N=15, E=16, F=FEPOINT, ET=TRIANGLE
0.245891 0.40719 0 0 0 0 
0.24876 0.379378 0 0 0 0 
0.25163 0.351566 0 0 0 0 
0.254499 0.323754 0 0 0 0 
0.257369 0.295943 0 0 0 0 
0.264022 0.395007 0 0 0 0 
0.266891 0.367195 0 0 0 0 
0.269761 0.339383 0 0 0 0 
0.272631 0.311571 0 0 0 0 
0.282153 0.382823 0 0 0 0 
0.285023 0.355012 0 0 0 0 
0.287892 0.3272 0 0 0 0 
0.300284 0.37064 0 0 0 0 
0.303154 0.342829 0 0 0 0 
0.318415 0.358457 0 0 0 0 
1 2 6
2 7 6
2 3 7
3 8 7
3 4 8
4 9 8
4 5 9
6 7 10
7 11 10
7 8 11
8 12 11
8 9 12
10 11 13
11 14 13
11 12 14
13 14 15
ZONE N=15, E=16, F=FEPOINT, ET=TRIANGLE
0.273567 0.484579 0 0 0 0 
0.261277 0.513437 0 0 0 0 
0.248987 0.542295 0 0 0 0 
0.236697 0.571153 0 0 0 0 
0.224407 0.600011 0 0 0 0 
0.251723 0.499116 0 0 0 0 
0.239433 0.527974 0 0 0 0 
0.227143 0.556832 0 0 0 0 
0.214853 0.58569 0 0 0 0 
0.229879 0.513652 0 0 0 0 
0.217589 0.54251 0 0 0 0 
0.205299 0.571368 0 0 0 0 
0.208036 0.528189 0 0 0 0 
0.195746 0.557047 0 0 0 0 
0.186192 0.542725 0 0 0 0 
1 2 6
2 7 6
2 3 7
3 8 7
3 4 8
4 9 8
4 5 9
6 7 10
7 11 10
7 8 11
8 12 11
8 9 12
10 11 13
11 14 13
11 12 14
13 14 15
ZONE N=15, E=16, F=FEPOINT, ET=TRIANGLE
0.337603 0.536101 0 0 0 0 
0.354765 0.528393 0 0 0 0 
0.371927 0.520686 0 0 0 0 
0.389089 0.512978 0 0 0 0 
0.406251 0.50527 0 0 0 0 
0.352472 0.546249 0 0 0 0 
0.369634 0.538541 0 0 0 0 
0.386796 0.530834 0 0 0 0 
0.403958 0.523126 0 0 0 0 
0.367341 0.556397 0 0 0 0 
0.384503 0.548689 0 0 0 0 
0.401665 0.540981 0 0 0 0 
0.382211 0.566544 0 0 0 0 
0.399373 0.558837 0 0 0 0 
0.39708 0.576692 0 0 0 0 
1 2 6
2 7 6
2 3 7
3 8 7
3 4 8
4 9 8
4 5 9
6 7 10
7 11 10
7 8 11
8 12 11
8 9 12
10 11 13
11 14 13
11 12 14
13 14 15
ZONE N=15, E=16, F=FEPOINT, ET=TRIANGLE
0.273567 0.484579 0 0 0 0 
0.253187 0.481962 0 0 0 0 
0.232807 0.479345 0 0 0 0 
0.212427 0.476729 0 0 0 0 
0.192047 0.474112 0 0 0 0 
0.266648 0.465232 0 0 0 0 
0.246268 0.462615 0 0 0 0 
0.225888 0.459998 0 0 0 0 
0.205508 0.457381 0 0 0 0 
0.259729 0.445884 0 0 0 0 
0.239349 0.443268 0 0 0 0 
0.218969 0.440651 0 0 0 0 
0.25281 0.426537 0 0 0 0 
0.23243 0.42392 0 0 0 0 
0.245891 0.40719 0 0 0 0 
1 2 6
2 7 6
2 3 7
3 8 7
3 4 8
4 9 8
4 5 9
6 7 10
7 11 10
7 8 11
8 12 11
8 9 12
10 11 13
11 14 13
11 12 14
13 14 15
ZONE N=15, E=16, F=FEPOINT, ET=TRIANGLE
0.292164 0.587822 0 0 0 0 
0.318393 0.58504 0 0 0 0 
0.344622 0.582257 0 0 0 0 
0.370851 0.579475 0 0 0 0 
0.39708 0.576692 0 0 0 0 
0.298929 0.603648 0 0 0 0 
0.325157 0.600866 0 0 0 0 
0.351386 0.598084 0 0 0 0 
0.377615 0.595301 0 0 0 0 
0.305693 0.619475 0 0 0 0 
0.331922 0.616693 0 0 0 0 
0.35815 0.61391 0 0 0 0 
0.312457 0.635301 0 0 0 0 
0.338686 0.632519 0 0 0 0 
0.319221 0.651128 0 0 0 0 
1 2 6
2 7 6
2 3 7
3 8 7
3 4 8
4 9 8
4 5 9
6 7 10
7 11 10
7 8 11
8 12 11
8 9 12
10 11 13
11 14 13
11 12 14
13 14 15
ZONE N=15, E=16, F=FEPOINT, ET=TRIANGLE
0.188343 0.669024 0 0 0 0 
0.172125 0.658257 0 0 0 0 
0.155907 0.64749 0 0 0 0 
0.139688 0.636722 0 0 0 0 
0.12347 0.625955 0 0 0 0 
0.197359 0.651771 0 0 0 0 
0.181141 0.641004 0 0 0 0 
0.164923 0.630236 0 0 0 0 
0.148704 0.619469 0 0 0 0 
0.206375 0.634518 0 0 0 0 
0.190157 0.62375 0 0 0 0 
0.173939 0.612983 0 0 0 0 
0.215391 0.617264 0 0 0 0 
0.199173 0.606497 0 0 0 0 
0.224407 0.600011 0 0 0 0 
1 2 6
2 7 6
2 3 7
3 8 7
3 4 8
4 9 8
4 5 9
6 7 10
7 11 10
7 8 11
8 12 11
8 9 12
10 11 13
11 14 13
11 12 14
13 14 15
ZONE N=15, E=16, F=FEPOINT, ET=TRIANGLE
0.347619 0.458097 0 0 0 0 
0.322187 0.44537 0 0 0 0 
0.296755 0.432643 0 0 0 0 
0.271323 0.419916 0 0 0 0 
0.245891 0.40719 0 0 0 0 
0.340318 0.433187 0 0 0 0 
0.314886 0.42046 0 0 0 0 
0.289454 0.407733 0 0 0 0 
0.264022 0.395007 0 0 0 0 
0.333017 0.408277 0 0 0 0 
0.307585 0.39555 0 0 0 0 
0.282153 0.382823 0 0 0 0 
0.325716 0.383367 0 0 0 0 
0.300284 0.37064 0 0 0 0 
0.318415 0.358457 0 0 0 0 
1 2 6
2 7 6
2 3 7
3 8 7
3 4 8
4 9 8
4 5 9
6 7 10
7 11 10
7 8 11
8 12 11
8 9 12
10 11 13
11 14 13
11 12 14
13 14 15
ZONE N=15, E=16, F=FEPOINT, ET=TRIANGLE
0.292164 0.587822 0 0 0 0 
0.287515 0.562011 0 0 0 0 
0.282866 0.536201 0 0 0 0 
0.278216 0.51039 0 0 0 0 
0.273567 0.484579 0 0 0 0 
0.303524 0.574892 0 0 0 0 
0.298875 0.549081 0 0 0 0 
0.294225 0.52327 0 0 0 0 
0.289576 0.49746 0 0 0 0 
0.314884 0.561962 0 0 0 0 
0.310234 0.536151 0 0 0 0 
0.305585 0.51034 0 0 0 0 
0.326243 0.549031 0 0 0 0 
0.321594 0.523221 0 0 0 0 
0.337603 0.536101 0 0 0 0 
1 2 6
2 7 6
2 3 7
3 8 7
3 4 8
4 9 8
4 5 9
6 7 10
7 11 10
7 8 11
8 12 11
8 9 12
10 11 13
11 14 13
11 12 14
13 14 15
ZONE N=15, E=16, F=FEPOINT, ET=TRIANGLE
0.192047 0.474112 0 0 0 0 
0.212427 0.476729 0 0 0 0 
0.232807 0.479345 0 0 0 0 
0.253187 0.481962 0 0 0 0 
0.273567 0.484579 0 0 0 0 
0.190583 0.491265 0 0 0 0 
0.210963 0.493882 0 0 0 0 
0.231343 0.496499 0 0 0 0 
0.251723 0.499116 0 0 0 0 
0.189119 0.508418 0 0 0 0 
0.209499 0.511035 0 0 0 0 
0.229879 0.513652 0 0 0 0 
0.187656 0.525572 0 0 0 0 
0.208036 0.528189 0 0 0 0 
0.186192 0.542725 0 0 0 0 
1 2 6
2 7 6
2 3 7
3 8 7
3 4 8
4 9 8
4 5 9
6 7 10
7 11 10
7 8 11
8 12 11
8 9 12
10 11 13
11 14 13
11 12 14
13 14 15
ZONE N=15, E=16, F=FEPOINT, ET=TRIANGLE
0.224407 0.600011 0 0 0 0 
0.199173 0.606497 0 0 0 0 
0.173939 0.612983 0 0 0 0 
0.148704 0.619469 0 0 0 0 
0.12347 0.625955 0 0 0 0 
0.214853 0.58569 0 0 0 0 
0.189619 0.592176 0 0 0 0 
0.164385 0.598661 0 0 0 0 
0.139151 0.605147 0 0 0 0 
0.205299 0.571368 0 0 0 0 
0.180065 0.577854 0 0 0 0 
0.154831 0.58434 0 0 0 0 
0.195746 0.557047 0 0 0 0 
0.170512 0.563532 0 0 0 0 
0.186192 0.542725 0 0 0 0 
1 2 6
2 7 6
2 3 7
3 8 7
3 4 8
4 9 8
4 5 9
6 7 10
7 11 10
7 8 11
8 12 11
8 9 12
10 11 13
11 14 13
11 12 14
13 14 15
ZONE N=15, E=16, F=FEPOINT, ET=TRIANGLE
0.224407 0.600011 0 0 0 0 
0.232818 0.622835 0 0 0 0 
0.24123 0.645659 0 0 0 0 
0.249641 0.668483 0 0 0 0 
0.258052 0.691307 0 0 0 0 
0.215391 0.617264 0 0 0 0 
0.223802 0.640088 0 0 0 0 
0.232214 0.662912 0 0 0 0 
0.240625 0.685736 0 0 0 0 
0.206375 0.634518 0 0 0 0 
0.214786 0.657342 0 0 0 0 
0.223198 0.680166 0 0 0 0 
0.197359 0.651771 0 0 0 0 
0.20577 0.674595 0 0 0 0 
0.188343 0.669024 0 0 0 0 
1 2 6
2 7 6
2 3 7
3 8 7
3 4 8
4 9 8
4 5 9
6 7 10
7 11 10
7 8 11
8 12 11
8 9 12
10 11 13
11 14 13
11 12 14
13 14 15
ZONE N=15, E=16, F=FEPOINT, ET=TRIANGLE
0.0364845 0.57961 0 0 0 0 
0.058231 0.591196 0 0 0 0 
0.0799774 0.602782 0 0 0 0 
0.101724 0.614369 0 0 0 0 
0.12347 0.625955 0 0 0 0 
0.0391295 0.600847 0 0 0 0 
0.060876 0.612433 0 0 0 0 
0.0826225 0.624019 0 0 0 0 
0.104369 0.635605 0 0 0 0 
0.0417745 0.622084 0 0 0 0 
0.063521 0.63367 0 0 0 0 
0.0852675 0.645256 0 0 0 0 
0.0444196 0.643321 0 0 0 0 
0.066166 0.654907 0 0 0 0 
0.0470646 0.664558 0 0 0 0 
1 2 6
2 7 6
2 3 7
3 8 7
3 4 8
4 9 8
4 5 9
6 7 10
7 11 10
7 8 11
8 12 11
8 9 12
10 11 13
11 14 13
11 12 14
13 14 15
ZONE N=15, E=16, F=FEPOINT, ET=TRIANGLE
0.477129 0.346441 0 0 0 0 
0.457077 0.359037 0 0 0 0 
0.437024 0.371632 0 0 0 0 
0.416972 0.384227 0 0 0 0 
0.396919 0.396822 0 0 0 0 
0.454527 0.339379 0 0 0 0 
0.434474 0.351974 0 0 0 0 
0.414422 0.364569 0 0 0 0 
0.394369 0.377164 0 0 0 0 
0.431925 0.332316 0 0 0 0 
0.411872 0.344911 0 0 0 0 
0.391819 0.357507 0 0 0 0 
0.409322 0.325254 0 0 0 0 
0.38927 0.337849 0 0 0 0 
0.38672 0.318191 0 0 0 0 
1 2 6
2 7 6
2 3 7
3 8 7
3 4 8
4 9 8
4 5 9
6 7 10
7 11 10
7 8 11
8 12 11
8 9 12
10 11 13
11 14 13
11 12 14
13 14 15
ZONE N=15, E=16, F=FEPOINT, ET=TRIANGLE
0.556515 0.391446 0 0 0 0 
0.553697 0.413718 0 0 0 0 
0.550879 0.43599 0 0 0 0 
0.548061 0.458262 0 0 0 0 
0.545243 0.480534 0 0 0 0 
0.535926 0.401274 0 0 0 0 
0.533108 0.423546 0 0 0 0 
0.53029 0.445818 0 0 0 0 
0.527472 0.46809 0 0 0 0 
0.515338 0.411101 0 0 0 0 
0.51252 0.433373 0 0 0 0 
0.509702 0.455645 0 0 0 0 
0.494749 0.420929 0 0 0 0 
0.491931 0.443201 0 0 0 0 
0.474161 0.430756 0 0 0 0 
1 2 6
2 7 6
2 3 7
3 8 7
3 4 8
4 9 8
4 5 9
6 7 10
7 11 10
7 8 11
8 12 11
8 9 12
10 11 13
11 14 13
11 12 14
13 14 15
ZONE N=15, E=16, F=FEPOINT, ET=TRIANGLE
0.273567 0.484579 0 0 0 0 
0.266648 0.465232 0 0 0 0 
0.259729 0.445884 0 0 0 0 
0.25281 0.426537 0 0 0 0 
0.245891 0.40719 0 0 0 0 
0.29208 0.477959 0 0 0 0 
0.285161 0.458611 0 0 0 0 
0.278242 0.439264 0 0 0 0 
0.271323 0.419916 0 0 0 0 
0.310593 0.471338 0 0 0 0 
0.303674 0.451991 0 0 0 0 
0.296755 0.432643 0 0 0 0 
0.329106 0.464717 0 0 0 0 
0.322187 0.44537 0 0 0 0 
0.347619 0.458097 0 0 0 0 
1 2 6
2 7 6
2 3 7
3 8 7
3 4 8
4 9 8
4 5 9
6 7 10
7 11 10
7 8 11
8 12 11
8 9 12
10 11 13
11 14 13
11 12 14
13 14 15
ZONE N=15, E=16, F=FEPOINT, ET=TRIANGLE
0.406251 0.50527 0 0 0 0 
0.403918 0.478158 0 0 0 0 
0.401585 0.451046 0 0 0 0 
0.399252 0.423934 0 0 0 0 
0.396919 0.396822 0 0 0 0 
0.423228 0.486642 0 0 0 0 
0.420895 0.45953 0 0 0 0 
0.418562 0.432418 0 0 0 0 
0.416229 0.405306 0 0 0 0 
0.440206 0.468013 0 0 0 0 
0.437873 0.440901 0 0 0 0 
0.43554 0.413789 0 0 0 0 
0.457183 0.449385 0 0 0 0 
0.45485 0.422273 0 0 0 0 
0.474161 0.430756 0 0 0 0 
1 2 6
2 7 6
2 3 7
3 8 7
3 4 8
4 9 8
4 5 9
6 7 10
7 11 10
7 8 11
8 12 11
8 9 12
10 11 13
11 14 13
11 12 14
13 14 15
ZONE N=15, E=16, F=FEPOINT, ET=TRIANGLE
0.38672 0.318191 0 0 0 0 
0.401674 0.306523 0 0 0 0 
0.416628 0.294855 0 0 0 0 
0.431583 0.283188 0 0 0 0 
0.446537 0.27152 0 0 0 0 
0.409322 0.325254 0 0 0 0 
0.424277 0.313586 0 0 0 0 
0.439231 0.301918 0 0 0 0 
0.454185 0.29025 0 0 0 0 
0.431925 0.332316 0 0 0 0 
0.446879 0.320648 0 0 0 0 
0.461833 0.308981 0 0 0 0 
0.454527 0.339379 0 0 0 0 
0.469481 0.327711 0 0 0 0 
0.477129 0.346441 0 0 0 0 
1 2 6
2 7 6
2 3 7
3 8 7
3 4 8
4 9 8
4 5 9
6 7 10
7 11 10
7 8 11
8 12 11
8 9 12
10 11 13
11 14 13
11 12 14
13 14 15
ZONE N=15, E=16, F=FEPOINT, ET=TRIANGLE
0.475955 0.800105 0 0 0 0 
0.451433 0.813458 0 0 0 0 
0.426912 0.82681 0 0 0 0 
0.40239 0.840162 0 0 0 0 
0.377868 0.853515 0 0 0 0 
0.459927 0.792692 0 0 0 0 
0.435406 0.806044 0 0 0 0 
0.410884 0.819397 0 0 0 0 
0.386362 0.832749 0 0 0 0 
0.4439 0.785279 0 0 0 0 
0.419378 0.798631 0 0 0 0 
0.394856 0.811983 0 0 0 0 
0.427872 0.777865 0 0 0 0 
0.40335 0.791217 0 0 0 0 
0.411844 0.770452 0 0 0 0 
1 2 6
2 7 6
2 3 7
3 8 7
3 4 8
4 9 8
4 5 9
6 7 10
7 11 10
7 8 11
8 12 11
8 9 12
10 11 13
11 14 13
11 12 14
13 14 15
ZONE N=15, E=16, F=FEPOINT, ET=TRIANGLE
0.347619 0.458097 0 0 0 0 
0.359944 0.442778 0 0 0 0 
0.372269 0.427459 0 0 0 0 
0.384594 0.412141 0 0 0 0 
0.396919 0.396822 0 0 0 0 
0.362277 0.46989 0 0 0 0 
0.374602 0.454571 0 0 0 0 
0.386927 0.439253 0 0 0 0 
0.399252 0.423934 0 0 0 0 
0.376935 0.481684 0 0 0 0 
0.38926 0.466365 0 0 0 0 
0.401585 0.451046 0 0 0 0 
0.391593 0.493477 0 0 0 0 
0.403918 0.478158 0 0 0 0 
0.406251 0.50527 0 0 0 0 
1 2 6
2 7 6
2 3 7
3 8 7
3 4 8
4 9 8
4 5 9
6 7 10
7 11 10
7 8 11
8 12 11
8 9 12
10 11 13
11 14 13
11 12 14
13 14 15
ZONE N=15, E=16, F=FEPOINT, ET=TRIANGLE
0.39708 0.576692 0 0 0 0 
0.418033 0.561233 0 0 0 0 
0.438986 0.545773 0 0 0 0 
0.459938 0.530314 0 0 0 0 
0.480891 0.514855 0 0 0 0 
0.417413 0.579801 0 0 0 0 
0.438366 0.564341 0 0 0 0 
0.459318 0.548882 0 0 0 0 
0.480271 0.533422 0 0 0 0 
0.437746 0.582909 0 0 0 0 
0.458698 0.56745 0 0 0 0 
0.479651 0.55199 0 0 0 0 
0.458078 0.586017 0 0 0 0 
0.479031 0.570558 0 0 0 0 
0.478411 0.589126 0 0 0 0 
1 2 6
2 7 6
2 3 7
3 8 7
3 4 8
4 9 8
4 5 9
6 7 10
7 11 10
7 8 11
8 12 11
8 9 12
10 11 13
11 14 13
11 12 14
13 14 15
ZONE N=15, E=16, F=FEPOINT, ET=TRIANGLE
0.480891 0.514855 0 0 0 0 
0.496979 0.506275 0 0 0 0 
0.513067 0.497694 0 0 0 0 
0.529155 0.489114 0 0 0 0 
0.545243 0.480534 0 0 0 0 
0.497711 0.52702 0 0 0 0 
0.513799 0.51844 0 0 0 0 
0.529887 0.50986 0 0 0 0 
0.545975 0.50128 0 0 0 0 
0.514531 0.539185 0 0 0 0 
0.530619 0.530605 0 0 0 0 
0.546707 0.522025 0 0 0 0 
0.531352 0.551351 0 0 0 0 
0.547439 0.542771 0 0 0 0 
0.548172 0.563516 0 0 0 0 
1 2 6
2 7 6
2 3 7
3 8 7
3 4 8
4 9 8
4 5 9
6 7 10
7 11 10
7 8 11
8 12 11
8 9 12
10 11 13
11 14 13
11 12 14
13 14 15
ZONE N=15, E=16, F=FEPOINT, ET=TRIANGLE
0.292164 0.587822 0 0 0 0 
0.298929 0.603648 0 0 0 0 
0.305693 0.619475 0 0 0 0 
0.312457 0.635301 0 0 0 0 
0.319221 0.651128 0 0 0 0 
0.275225 0.590869 0 0 0 0 
0.281989 0.606696 0 0 0 0 
0.288753 0.622522 0 0 0 0 
0.295517 0.638349 0 0 0 0 
0.258286 0.593917 0 0 0 0 
0.26505 0.609743 0 0 0 0 
0.271814 0.62557 0 0 0 0 
0.241346 0.596964 0 0 0 0 
0.24811 0.61279 0 0 0 0 
0.224407 0.600011 0 0 0 0 
1 2 6
2 7 6
2 3 7
3 8 7
3 4 8
4 9 8
4 5 9
6 7 10
7 11 10
7 8 11
8 12 11
8 9 12
10 11 13
11 14 13
11 12 14
13 14 15
ZONE N=15, E=16, F=FEPOINT, ET=TRIANGLE
0.406251 0.50527 0 0 0 0 
0.424911 0.507667 0 0 0 0 
0.443571 0.510063 0 0 0 0 
0.462231 0.512459 0 0 0 0 
0.480891 0.514855 0 0 0 0 
0.403958 0.523126 0 0 0 0 
0.422618 0.525522 0 0 0 0 
0.441278 0.527918 0 0 0 0 
0.459938 0.530314 0 0 0 0 
0.401665 0.540981 0 0 0 0 
0.420325 0.543377 0 0 0 0 
0.438986 0.545773 0 0 0 0 
0.399373 0.558837 0 0 0 0 
0.418033 0.561233 0 0 0 0 
0.39708 0.576692 0 0 0 0 
1 2 6
2 7 6
2 3 7
3 8 7
3 4 8
4 9 8
4 5 9
6 7 10
7 11 10
7 8 11
8 12 11
8 9 12
10 11 13
11 14 13
11 12 14
13 14 15
ZONE N=15, E=16, F=FEPOINT, ET=TRIANGLE
0.319221 0.651128 0 0 0 0 
0.338686 0.632519 0 0 0 0 
0.35815 0.61391 0 0 0 0 
0.377615 0.595301 0 0 0 0 
0.39708 0.576692 0 0 0 0 
0.346061 0.648941 0 0 0 0 
0.365526 0.630332 0 0 0 0 
0.38499 0.611723 0 0 0 0 
0.404455 0.593114 0 0 0 0 
0.372901 0.646754 0 0 0 0 
0.392366 0.628145 0 0 0 0 
0.41183 0.609536 0 0 0 0 
0.399741 0.644567 0 0 0 0 
0.419206 0.625958 0 0 0 0 
0.426581 0.64238 0 0 0 0 
1 2 6
2 7 6
2 3 7
3 8 7
3 4 8
4 9 8
4 5 9
6 7 10
7 11 10
7 8 11
8 12 11
8 9 12
10 11 13
11 14 13
11 12 14
13 14 15
ZONE N=15, E=16, F=FEPOINT, ET=TRIANGLE
0.207727 0.744441 0 0 0 0 
0.220308 0.731158 0 0 0 0 
0.23289 0.717874 0 0 0 0 
0.245471 0.70459 0 0 0 0 
0.258052 0.691307 0 0 0 0 
0.226552 0.749671 0 0 0 0 
0.239134 0.736387 0 0 0 0 
0.251715 0.723104 0 0 0 0 
0.264296 0.70982 0 0 0 0 
0.245377 0.754901 0 0 0 0 
0.257959 0.741617 0 0 0 0 
0.27054 0.728334 0 0 0 0 
0.264203 0.760131 0 0 0 0 
0.276784 0.746847 0 0 0 0 
0.283028 0.765361 0 0 0 0 
1 2 6
2 7 6
2 3 7
3 8 7
3 4 8
4 9 8
4 5 9
6 7 10
7 11 10
7 8 11
8 12 11
8 9 12
10 11 13
11 14 13
11 12 14
13 14 15
ZONE N=15, E=16, F=FEPOINT, ET=TRIANGLE
0.319221 0.651128 0 0 0 0 
0.323814 0.668296 0 0 0 0 
0.328407 0.685464 0 0 0 0 
0.333001 0.702631 0 0 0 0 
0.337594 0.719799 0 0 0 0 
0.303929 0.661173 0 0 0 0 
0.308522 0.67834 0 0 0 0 
0.313115 0.695508 0 0 0 0 
0.317708 0.712676 0 0 0 0 
0.288637 0.671217 0 0 0 0 
0.29323 0.688385 0 0 0 0 
0.297823 0.705553 0 0 0 0 
0.273345 0.681262 0 0 0 0 
0.277938 0.69843 0 0 0 0 
0.258052 0.691307 0 0 0 0 
1 2 6
2 7 6
2 3 7
3 8 7
3 4 8
4 9 8
4 5 9
6 7 10
7 11 10
7 8 11
8 12 11
8 9 12
10 11 13
11 14 13
11 12 14
13 14 15
ZONE N=15, E=16, F=FEPOINT, ET=TRIANGLE
0.0334883 0.481094 0 0 0 0 
0.0128722 0.493448 0 0 0 0 
-0.00774395 0.505802 0 0 0 0 
-0.0283601 0.518156 0 0 0 0 
-0.0489762 0.53051 0 0 0 0 
0.0171525 0.477212 0 0 0 0 
-0.00346367 0.489566 0 0 0 0 
-0.0240798 0.50192 0 0 0 0 
-0.0446959 0.514274 0 0 0 0 
0.000816616 0.47333 0 0 0 0 
-0.0197995 0.485684 0 0 0 0 
-0.0404157 0.498038 0 0 0 0 
-0.0155192 0.469448 0 0 0 0 
-0.0361354 0.481801 0 0 0 0 
-0.0318551 0.465565 0 0 0 0 
1 2 6
2 7 6
2 3 7
3 8 7
3 4 8
4 9 8
4 5 9
6 7 10
7 11 10
7 8 11
8 12 11
8 9 12
10 11 13
11 14 13
11 12 14
13 14 15
ZONE N=15, E=16, F=FEPOINT, ET=TRIANGLE
0.0155414 0.411369 0 0 0 0 
0.0200282 0.4288 0 0 0 0 
0.0245149 0.446231 0 0 0 0 
0.0290016 0.463663 0 0 0 0 
0.0334883 0.481094 0 0 0 0 
0.0036923 0.424918 0 0 0 0 
0.00817902 0.442349 0 0 0 0 
0.0126657 0.459781 0 0 0 0 
0.0171525 0.477212 0 0 0 0 
-0.00815683 0.438467 0 0 0 0 
-0.00367011 0.455898 0 0 0 0 
0.000816616 0.47333 0 0 0 0 
-0.020006 0.452016 0 0 0 0 
-0.0155192 0.469448 0 0 0 0 
-0.0318551 0.465565 0 0 0 0 
1 2 6
2 7 6
2 3 7
3 8 7
3 4 8
4 9 8
4 5 9
6 7 10
7 11 10
7 8 11
8 12 11
8 9 12
10 11 13
11 14 13
11 12 14
13 14 15
ZONE N=15, E=16, F=FEPOINT, ET=TRIANGLE
0.283028 0.765361 0 0 0 0 
0.298908 0.771601 0 0 0 0 
0.314789 0.77784 0 0 0 0 
0.33067 0.78408 0 0 0 0 
0.34655 0.79032 0 0 0 0 
0.289195 0.785628 0 0 0 0 
0.305075 0.791868 0 0 0 0 
0.320956 0.798107 0 0 0 0 
0.336837 0.804347 0 0 0 0 
0.295362 0.805895 0 0 0 0 
0.311242 0.812135 0 0 0 0 
0.327123 0.818375 0 0 0 0 
0.301528 0.826162 0 0 0 0 
0.317409 0.832402 0 0 0 0 
0.307695 0.84643 0 0 0 0 
1 2 6
2 7 6
2 3 7
3 8 7
3 4 8
4 9 8
4 5 9
6 7 10
7 11 10
7 8 11
8 12 11
8 9 12
10 11 13
11 14 13
11 12 14
13 14 15
ZONE N=15, E=16, F=FEPOINT, ET=TRIANGLE
0.00848944 0.749083 0 0 0 0 
0.02296 0.763257 0 0 0 0 
0.0374305 0.777431 0 0 0 0 
0.0519011 0.791605 0 0 0 0 
0.0663716 0.805779 0 0 0 0 
0.00690622 0.768762 0 0 0 0 
0.0213768 0.782936 0 0 0 0 
0.0358473 0.79711 0 0 0 0 
0.0503179 0.811284 0 0 0 0 
0.005323 0.788441 0 0 0 0 
0.0197935 0.802615 0 0 0 0 
0.0342641 0.816789 0 0 0 0 
0.00373977 0.80812 0 0 0 0 
0.0182103 0.822294 0 0 0 0 
0.00215655 0.827799 0 0 0 0 
1 2 6
2 7 6
2 3 7
3 8 7
3 4 8
4 9 8
4 5 9
6 7 10
7 11 10
7 8 11
8 12 11
8 9 12
10 11 13
11 14 13
11 12 14
13 14 15
ZONE N=15, E=16, F=FEPOINT, ET=TRIANGLE
0.0998131 0.731979 0 0 0 0 
0.086626 0.715123 0 0 0 0 
0.0734388 0.698268 0 0 0 0 
0.0602517 0.681413 0 0 0 0 
0.0470646 0.664558 0 0 0 0 
0.105727 0.705473 0 0 0 0 
0.0925403 0.688617 0 0 0 0 
0.0793532 0.671762 0 0 0 0 
0.066166 0.654907 0 0 0 0 
0.111642 0.678967 0 0 0 0 
0.0984546 0.662111 0 0 0 0 
0.0852675 0.645256 0 0 0 0 
0.117556 0.652461 0 0 0 0 
0.104369 0.635605 0 0 0 0 
0.12347 0.625955 0 0 0 0 
1 2 6
2 7 6
2 3 7
3 8 7
3 4 8
4 9 8
4 5 9
6 7 10
7 11 10
7 8 11
8 12 11
8 9 12
10 11 13
11 14 13
11 12 14
13 14 15
ZONE N=15, E=16, F=FEPOINT, ET=TRIANGLE
-0.0489762 0.53051 0 0 0 0 
-0.0401415 0.555129 0 0 0 0 
-0.0313068 0.579748 0 0 0 0 
-0.0224721 0.604366 0 0 0 0 
-0.0136373 0.628985 0 0 0 0 
-0.0622138 0.54374 0 0 0 0 
-0.0533791 0.568359 0 0 0 0 
-0.0445444 0.592978 0 0 0 0 
-0.0357097 0.617597 0 0 0 0 
-0.0754514 0.55697 0 0 0 0 
-0.0666167 0.581589 0 0 0 0 
-0.057782 0.606208 0 0 0 0 
-0.088689 0.5702 0 0 0 0 
-0.0798543 0.594819 0 0 0 0 
-0.101927 0.58343 0 0 0 0 
1 2 6
2 7 6
2 3 7
3 8 7
3 4 8
4 9 8
4 5 9
6 7 10
7 11 10
7 8 11
8 12 11
8 9 12
10 11 13
11 14 13
11 12 14
13 14 15
ZONE N=15, E=16, F=FEPOINT, ET=TRIANGLE
-0.0489762 0.53051 0 0 0 0 
-0.0659381 0.525399 0 0 0 0 
-0.0829 0.520288 0 0 0 0 
-0.0998619 0.515177 0 0 0 0 
-0.116824 0.510065 0 0 0 0 
-0.0446959 0.514274 0 0 0 0 
-0.0616578 0.509163 0 0 0 0 
-0.0786197 0.504052 0 0 0 0 
-0.0955816 0.49894 0 0 0 0 
-0.0404157 0.498038 0 0 0 0 
-0.0573776 0.492927 0 0 0 0 
-0.0743395 0.487815 0 0 0 0 
-0.0361354 0.481801 0 0 0 0 
-0.0530973 0.47669 0 0 0 0 
-0.0318551 0.465565 0 0 0 0 
1 2 6
2 7 6
2 3 7
3 8 7
3 4 8
4 9 8
4 5 9
6 7 10
7 11 10
7 8 11
8 12 11
8 9 12
10 11 13
11 14 13
11 12 14
13 14 15
ZONE N=15, E=16, F=FEPOINT, ET=TRIANGLE
-0.0559537 0.402874 0 0 0 0 
-0.0380799 0.404998 0 0 0 0 
-0.0202061 0.407122 0 0 0 0 
-0.00233235 0.409245 0 0 0 0 
0.0155414 0.411369 0 0 0 0 
-0.0499291 0.418547 0 0 0 0 
-0.0320553 0.420671 0 0 0 0 
-0.0141815 0.422794 0 0 0 0 
0.0036923 0.424918 0 0 0 0 
-0.0439044 0.43422 0 0 0 0 
-0.0260306 0.436343 0 0 0 0 
-0.00815683 0.438467 0 0 0 0 
-0.0378797 0.449893 0 0 0 0 
-0.020006 0.452016 0 0 0 0 
-0.0318551 0.465565 0 0 0 0 
1 2 6
2 7 6
2 3 7
3 8 7
3 4 8
4 9 8
4 5 9
6 7 10
7 11 10
7 8 11
8 12 11
8 9 12
10 11 13
11 14 13
11 12 14
13 14 15
ZONE N=15, E=16, F=FEPOINT, ET=TRIANGLE
-0.0559537 0.402874 0 0 0 0 
-0.0357472 0.377788 0 0 0 0 
-0.0155406 0.352702 0 0 0 0 
0.00466591 0.327616 0 0 0 0 
0.0248725 0.30253 0 0 0 0 
-0.0380799 0.404998 0 0 0 0 
-0.0178734 0.379912 0 0 0 0 
0.00233316 0.354826 0 0 0 0 
0.0225397 0.32974 0 0 0 0 
-0.0202061 0.407122 0 0 0 0 
4.03867e-07 0.382036 0 0 0 0 
0.0202069 0.35695 0 0 0 0 
-0.00233235 0.409245 0 0 0 0 
0.0178742 0.384159 0 0 0 0 
0.0155414 0.411369 0 0 0 0 
1 2 6
2 7 6
2 3 7
3 8 7
3 4 8
4 9 8
4 5 9
6 7 10
7 11 10
7 8 11
8 12 11
8 9 12
10 11 13
11 14 13
11 12 14
13 14 15
ZONE N=15, E=16, F=FEPOINT, ET=TRIANGLE
0.0684729 0.358154 0 0 0 0 
0.0805245 0.376844 0 0 0 0 
0.0925761 0.395533 0 0 0 0 
0.104628 0.414222 0 0 0 0 
0.116679 0.432911 0 0 0 0 
0.05524 0.371458 0 0 0 0 
0.0672916 0.390147 0 0 0 0 
0.0793433 0.408837 0 0 0 0 
0.0913949 0.427526 0 0 0 0 
0.0420071 0.384762 0 0 0 0 
0.0540588 0.403451 0 0 0 0 
0.0661104 0.42214 0 0 0 0 
0.0287743 0.398065 0 0 0 0 
0.0408259 0.416754 0 0 0 0 
0.0155414 0.411369 0 0 0 0 
1 2 6
2 7 6
2 3 7
3 8 7
3 4 8
4 9 8
4 5 9
6 7 10
7 11 10
7 8 11
8 12 11
8 9 12
10 11 13
11 14 13
11 12 14
13 14 15
ZONE N=15, E=16, F=FEPOINT, ET=TRIANGLE
0.319221 0.651128 0 0 0 0 
0.303929 0.661173 0 0 0 0 
0.288637 0.671217 0 0 0 0 
0.273345 0.681262 0 0 0 0 
0.258052 0.691307 0 0 0 0 
0.295517 0.638349 0 0 0 0 
0.280225 0.648393 0 0 0 0 
0.264933 0.658438 0 0 0 0 
0.249641 0.668483 0 0 0 0 
0.271814 0.62557 0 0 0 0 
0.256522 0.635614 0 0 0 0 
0.24123 0.645659 0 0 0 0 
0.24811 0.61279 0 0 0 0 
0.232818 0.622835 0 0 0 0 
0.224407 0.600011 0 0 0 0 
1 2 6
2 7 6
2 3 7
3 8 7
3 4 8
4 9 8
4 5 9
6 7 10
7 11 10
7 8 11
8 12 11
8 9 12
10 11 13
11 14 13
11 12 14
13 14 15
ZONE N=15, E=16, F=FEPOINT, ET=TRIANGLE
0.207727 0.744441 0 0 0 0 
0.180749 0.741326 0 0 0 0 
0.15377 0.73821 0 0 0 0 
0.126792 0.735094 0 0 0 0 
0.0998131 0.731979 0 0 0 0 
0.202881 0.725587 0 0 0 0 
0.175903 0.722471 0 0 0 0 
0.148924 0.719356 0 0 0 0 
0.121946 0.71624 0 0 0 0 
0.198035 0.706733 0 0 0 0 
0.171056 0.703617 0 0 0 0 
0.144078 0.700502 0 0 0 0 
0.193189 0.687879 0 0 0 0 
0.16621 0.684763 0 0 0 0 
0.188343 0.669024 0 0 0 0 
1 2 6
2 7 6
2 3 7
3 8 7
3 4 8
4 9 8
4 5 9
6 7 10
7 11 10
7 8 11
8 12 11
8 9 12
10 11 13
11 14 13
11 12 14
13 14 15
ZONE N=15, E=16, F=FEPOINT, ET=TRIANGLE
0.337594 0.719799 0 0 0 0 
0.333001 0.702631 0 0 0 0 
0.328407 0.685464 0 0 0 0 
0.323814 0.668296 0 0 0 0 
0.319221 0.651128 0 0 0 0 
0.353806 0.715971 0 0 0 0 
0.349213 0.698803 0 0 0 0 
0.34462 0.681635 0 0 0 0 
0.340026 0.664467 0 0 0 0 
0.370018 0.712143 0 0 0 0 
0.365425 0.694975 0 0 0 0 
0.360832 0.677807 0 0 0 0 
0.38623 0.708314 0 0 0 0 
0.381637 0.691147 0 0 0 0 
0.402443 0.704486 0 0 0 0 
1 2 6
2 7 6
2 3 7
3 8 7
3 4 8
4 9 8
4 5 9
6 7 10
7 11 10
7 8 11
8 12 11
8 9 12
10 11 13
11 14 13
11 12 14
13 14 15
ZONE N=15, E=16, F=FEPOINT, ET=TRIANGLE
0.258052 0.691307 0 0 0 0 
0.245471 0.70459 0 0 0 0 
0.23289 0.717874 0 0 0 0 
0.220308 0.731158 0 0 0 0 
0.207727 0.744441 0 0 0 0 
0.240625 0.685736 0 0 0 0 
0.228044 0.69902 0 0 0 0 
0.215462 0.712303 0 0 0 0 
0.202881 0.725587 0 0 0 0 
0.223198 0.680166 0 0 0 0 
0.210616 0.693449 0 0 0 0 
0.198035 0.706733 0 0 0 0 
0.20577 0.674595 0 0 0 0 
0.193189 0.687879 0 0 0 0 
0.188343 0.669024 0 0 0 0 
1 2 6
2 7 6
2 3 7
3 8 7
3 4 8
4 9 8
4 5 9
6 7 10
7 11 10
7 8 11
8 12 11
8 9 12
10 11 13
11 14 13
11 12 14
13 14 15
ZONE N=15, E=16, F=FEPOINT, ET=TRIANGLE
0.478411 0.589126 0 0 0 0 
0.49244 0.615742 0 0 0 0 
0.506469 0.642359 0 0 0 0 
0.520498 0.668975 0 0 0 0 
0.534527 0.695591 0 0 0 0 
0.465454 0.602439 0 0 0 0 
0.479483 0.629056 0 0 0 0 
0.493512 0.655672 0 0 0 0 
0.507541 0.682288 0 0 0 0 
0.452496 0.615753 0 0 0 0 
0.466525 0.642369 0 0 0 0 
0.480554 0.668986 0 0 0 0 
0.439538 0.629066 0 0 0 0 
0.453568 0.655683 0 0 0 0 
0.426581 0.64238 0 0 0 0 
1 2 6
2 7 6
2 3 7
3 8 7
3 4 8
4 9 8
4 5 9
6 7 10
7 11 10
7 8 11
8 12 11
8 9 12
10 11 13
11 14 13
11 12 14
13 14 15
ZONE N=15, E=16, F=FEPOINT, ET=TRIANGLE
0.478411 0.589126 0 0 0 0 
0.495851 0.582723 0 0 0 0 
0.513291 0.576321 0 0 0 0 
0.530732 0.569919 0 0 0 0 
0.548172 0.563516 0 0 0 0 
0.502261 0.600071 0 0 0 0 
0.519701 0.593669 0 0 0 0 
0.537141 0.587266 0 0 0 0 
0.554582 0.580864 0 0 0 0 
0.526111 0.611017 0 0 0 0 
0.543551 0.604614 0 0 0 0 
0.560992 0.598212 0 0 0 0 
0.549961 0.621962 0 0 0 0 
0.567401 0.61556 0 0 0 0 
0.573811 0.632907 0 0 0 0 
1 2 6
2 7 6
2 3 7
3 8 7
3 4 8
4 9 8
4 5 9
6 7 10
7 11 10
7 8 11
8 12 11
8 9 12
10 11 13
11 14 13
11 12 14
13 14 15
ZONE N=15, E=16, F=FEPOINT, ET=TRIANGLE
0.283028 0.765361 0 0 0 0 
0.289195 0.785628 0 0 0 0 
0.295362 0.805895 0 0 0 0 
0.301528 0.826162 0 0 0 0 
0.307695 0.84643 0 0 0 0 
0.268446 0.781353 0 0 0 0 
0.274613 0.80162 0 0 0 0 
0.28078 0.821887 0 0 0 0 
0.286947 0.842154 0 0 0 0 
0.253864 0.797344 0 0 0 0 
0.260031 0.817611 0 0 0 0 
0.266198 0.837879 0 0 0 0 
0.239282 0.813336 0 0 0 0 
0.245449 0.833603 0 0 0 0 
0.224701 0.829328 0 0 0 0 
1 2 6
2 7 6
2 3 7
3 8 7
3 4 8
4 9 8
4 5 9
6 7 10
7 11 10
7 8 11
8 12 11
8 9 12
10 11 13
11 14 13
11 12 14
13 14 15
ZONE N=15, E=16, F=FEPOINT, ET=TRIANGLE
0.228927 0.900892 0 0 0 0 
0.244266 0.914904 0 0 0 0 
0.259606 0.928916 0 0 0 0 
0.274945 0.942928 0 0 0 0 
0.290285 0.95694 0 0 0 0 
0.220468 0.920866 0 0 0 0 
0.23588 0.93517 0 0 0 0 
0.251295 0.949473 0 0 0 0 
0.266713 0.963776 0 0 0 0 
0.212009 0.940839 0 0 0 0 
0.227492 0.955436 0 0 0 0 
0.24298 0.970031 0 0 0 0 
0.203549 0.960812 0 0 0 0 
0.219101 0.975702 0 0 0 0 
0.19509 0.980785 0 0 0 0 
1 2 6
2 7 6
2 3 7
3 8 7
3 4 8
4 9 8
4 5 9
6 7 10
7 11 10
7 8 11
8 12 11
8 9 12
10 11 13
11 14 13
11 12 14
13 14 15
ZONE N=15, E=16, F=FEPOINT, ET=TRIANGLE
0.337594 0.719799 0 0 0 0 
0.339833 0.737429 0 0 0 0 
0.342072 0.755059 0 0 0 0 
0.344311 0.772689 0 0 0 0 
0.34655 0.79032 0 0 0 0 
0.323952 0.73119 0 0 0 0 
0.326191 0.74882 0 0 0 0 
0.328431 0.76645 0 0 0 0 
0.33067 0.78408 0 0 0 0 
0.310311 0.74258 0 0 0 0 
0.31255 0.76021 0 0 0 0 
0.314789 0.77784 0 0 0 0 
0.296669 0.753971 0 0 0 0 
0.298908 0.771601 0 0 0 0 
0.283028 0.765361 0 0 0 0 
1 2 6
2 7 6
2 3 7
3 8 7
3 4 8
4 9 8
4 5 9
6 7 10
7 11 10
7 8 11
8 12 11
8 9 12
10 11 13
11 14 13
11 12 14
13 14 15
ZONE N=15, E=16, F=FEPOINT, ET=TRIANGLE
-0.0617781 0.726481 0 0 0 0 
-0.0497429 0.702107 0 0 0 0 
-0.0377077 0.677733 0 0 0 0 
-0.0256725 0.653359 0 0 0 0 
-0.0136373 0.628985 0 0 0 0 
-0.0442112 0.732131 0 0 0 0 
-0.032176 0.707757 0 0 0 0 
-0.0201408 0.683383 0 0 0 0 
-0.00810565 0.65901 0 0 0 0 
-0.0266443 0.737782 0 0 0 0 
-0.0146091 0.713408 0 0 0 0 
-0.00257395 0.689034 0 0 0 0 
-0.00907744 0.743432 0 0 0 0 
0.00295775 0.719058 0 0 0 0 
0.00848944 0.749083 0 0 0 0 
1 2 6
2 7 6
2 3 7
3 8 7
3 4 8
4 9 8
4 5 9
6 7 10
7 11 10
7 8 11
8 12 11
8 9 12
10 11 13
11 14 13
11 12 14
13 14 15
ZONE N=15, E=16, F=FEPOINT, ET=TRIANGLE
0.00848944 0.749083 0 0 0 0 
0.0313204 0.744807 0 0 0 0 
0.0541513 0.740531 0 0 0 0 
0.0769822 0.736255 0 0 0 0 
0.0998131 0.731979 0 0 0 0 
0.02296 0.763257 0 0 0 0 
0.0457909 0.758981 0 0 0 0 
0.0686218 0.754705 0 0 0 0 
0.0914527 0.750429 0 0 0 0 
0.0374305 0.777431 0 0 0 0 
0.0602614 0.773155 0 0 0 0 
0.0830924 0.768879 0 0 0 0 
0.0519011 0.791605 0 0 0 0 
0.074732 0.787329 0 0 0 0 
0.0663716 0.805779 0 0 0 0 
1 2 6
2 7 6
2 3 7
3 8 7
3 4 8
4 9 8
4 5 9
6 7 10
7 11 10
7 8 11
8 12 11
8 9 12
10 11 13
11 14 13
11 12 14
13 14 15
ZONE N=15, E=16, F=FEPOINT, ET=TRIANGLE
0.382683 0.92388 0 0 0 0 
0.359895 0.932993 0 0 0 0 
0.33689 0.941544 0 0 0 0 
0.313682 0.949528 0 0 0 0 
0.290285 0.95694 0 0 0 0 
0.363936 0.904517 0 0 0 0 
0.341042 0.913348 0 0 0 0 
0.317938 0.921615 0 0 0 0 
0.294637 0.929313 0 0 0 0 
0.345189 0.885155 0 0 0 0 
0.322191 0.893703 0 0 0 0 
0.29899 0.901685 0 0 0 0 
0.326442 0.865792 0 0 0 0 
0.303343 0.874057 0 0 0 0 
0.307695 0.84643 0 0 0 0 
1 2 6
2 7 6
2 3 7
3 8 7
3 4 8
4 9 8
4 5 9
6 7 10
7 11 10
7 8 11
8 12 11
8 9 12
10 11 13
11 14 13
11 12 14
13 14 15
ZONE N=15, E=16, F=FEPOINT, ET=TRIANGLE
0.207727 0.744441 0 0 0 0 
0.226552 0.749671 0 0 0 0 
0.245377 0.754901 0 0 0 0 
0.264203 0.760131 0 0 0 0 
0.283028 0.765361 0 0 0 0 
0.211971 0.765663 0 0 0 0 
0.230796 0.770893 0 0 0 0 
0.249621 0.776123 0 0 0 0 
0.268446 0.781353 0 0 0 0 
0.216214 0.786884 0 0 0 0 
0.235039 0.792114 0 0 0 0 
0.253864 0.797344 0 0 0 0 
0.220457 0.808106 0 0 0 0 
0.239282 0.813336 0 0 0 0 
0.224701 0.829328 0 0 0 0 
1 2 6
2 7 6
2 3 7
3 8 7
3 4 8
4 9 8
4 5 9
6 7 10
7 11 10
7 8 11
8 12 11
8 9 12
10 11 13
11 14 13
11 12 14
13 14 15
ZONE N=15, E=16, F=FEPOINT, ET=TRIANGLE
0.149786 0.800167 0 0 0 0 
0.168514 0.807457 0 0 0 0 
0.187243 0.814747 0 0 0 0 
0.205972 0.822037 0 0 0 0 
0.224701 0.829328 0 0 0 0 
0.14067 0.818078 0 0 0 0 
0.159399 0.825368 0 0 0 0 
0.178127 0.832659 0 0 0 0 
0.196856 0.839949 0 0 0 0 
0.131554 0.83599 0 0 0 0 
0.150283 0.84328 0 0 0 0 
0.169012 0.85057 0 0 0 0 
0.122438 0.853901 0 0 0 0 
0.141167 0.861191 0 0 0 0 
0.113323 0.871812 0 0 0 0 
1 2 6
2 7 6
2 3 7
3 8 7
3 4 8
4 9 8
4 5 9
6 7 10
7 11 10
7 8 11
8 12 11
8 9 12
10 11 13
11 14 13
11 12 14
13 14 15
ZONE N=15, E=16, F=FEPOINT, ET=TRIANGLE
0.224701 0.829328 0 0 0 0 
0.225757 0.847219 0 0 0 0 
0.226814 0.86511 0 0 0 0 
0.22787 0.883001 0 0 0 0 
0.228927 0.900892 0 0 0 0 
0.196856 0.839949 0 0 0 0 
0.197913 0.85784 0 0 0 0 
0.198969 0.875731 0 0 0 0 
0.200026 0.893622 0 0 0 0 
0.169012 0.85057 0 0 0 0 
0.170068 0.868461 0 0 0 0 
0.171125 0.886352 0 0 0 0 
0.141167 0.861191 0 0 0 0 
0.142224 0.879082 0 0 0 0 
0.113323 0.871812 0 0 0 0 
1 2 6
2 7 6
2 3 7
3 8 7
3 4 8
4 9 8
4 5 9
6 7 10
7 11 10
7 8 11
8 12 11
8 9 12
10 11 13
11 14 13
11 12 14
13 14 15
ZONE N=15, E=16, F=FEPOINT, ET=TRIANGLE
0.0998131 0.731979 0 0 0 0 
0.0769822 0.736255 0 0 0 0 
0.0541513 0.740531 0 0 0 0 
0.0313204 0.744807 0 0 0 0 
0.00848944 0.749083 0 0 0 0 
0.086626 0.715123 0 0 0 0 
0.0637951 0.719399 0 0 0 0 
0.0409641 0.723676 0 0 0 0 
0.0181332 0.727952 0 0 0 0 
0.0734388 0.698268 0 0 0 0 
0.0506079 0.702544 0 0 0 0 
0.027777 0.70682 0 0 0 0 
0.0602517 0.681413 0 0 0 0 
0.0374208 0.685689 0 0 0 0 
0.0470646 0.664558 0 0 0 0 
1 2 6
2 7 6
2 3 7
3 8 7
3 4 8
4 9 8
4 5 9
6 7 10
7 11 10
7 8 11
8 12 11
8 9 12
10 11 13
11 14 13
11 12 14
13 14 15
ZONE N=15, E=16, F=FEPOINT, ET=TRIANGLE
0.290285 0.95694 0 0 0 0 
0.274945 0.942928 0 0 0 0 
0.259606 0.928916 0 0 0 0 
0.244266 0.914904 0 0 0 0 
0.228927 0.900892 0 0 0 0 
0.294637 0.929313 0 0 0 0 
0.279298 0.915301 0 0 0 0 
0.263958 0.901289 0 0 0 0 
0.248619 0.887277 0 0 0 0 
0.29899 0.901685 0 0 0 0 
0.283651 0.887673 0 0 0 0 
0.268311 0.873661 0 0 0 0 
0.303343 0.874057 0 0 0 0 
0.288003 0.860045 0 0 0 0 
0.307695 0.84643 0 0 0 0 
1 2 6
2 7 6
2 3 7
3 8 7
3 4 8
4 9 8
4 5 9
6 7 10
7 11 10
7 8 11
8 12 11
8 9 12
10 11 13
11 14 13
11 12 14
13 14 15
ZONE N=15, E=16, F=FEPOINT, ET=TRIANGLE
0.00848944 0.749083 0 0 0 0 
0.00295775 0.719058 0 0 0 0 
-0.00257395 0.689034 0 0 0 0 
-0.00810565 0.65901 0 0 0 0 
-0.0136373 0.628985 0 0 0 0 
0.0181332 0.727952 0 0 0 0 
0.0126015 0.697927 0 0 0 0 
0.00706983 0.667903 0 0 0 0 
0.00153813 0.637878 0 0 0 0 
0.027777 0.70682 0 0 0 0 
0.0222453 0.676796 0 0 0 0 
0.0167136 0.646771 0 0 0 0 
0.0374208 0.685689 0 0 0 0 
0.0318891 0.655664 0 0 0 0 
0.0470646 0.664558 0 0 0 0 
1 2 6
2 7 6
2 3 7
3 8 7
3 4 8
4 9 8
4 5 9
6 7 10
7 11 10
7 8 11
8 12 11
8 9 12
10 11 13
11 14 13
11 12 14
13 14 15
ZONE N=15, E=16, F=FEPOINT, ET=TRIANGLE
0.224701 0.829328 0 0 0 0 
0.205972 0.822037 0 0 0 0 
0.187243 0.814747 0 0 0 0 
0.168514 0.807457 0 0 0 0 
0.149786 0.800167 0 0 0 0 
0.220457 0.808106 0 0 0 0 
0.201729 0.800816 0 0 0 0 
0.183 0.793526 0 0 0 0 
0.164271 0.786236 0 0 0 0 
0.216214 0.786884 0 0 0 0 
0.197485 0.779594 0 0 0 0 
0.178756 0.772304 0 0 0 0 
0.211971 0.765663 0 0 0 0 
0.193242 0.758373 0 0 0 0 
0.207727 0.744441 0 0 0 0 
1 2 6
2 7 6
2 3 7
3 8 7
3 4 8
4 9 8
4 5 9
6 7 10
7 11 10
7 8 11
8 12 11
8 9 12
10 11 13
11 14 13
11 12 14
13 14 15
ZONE N=15, E=16, F=FEPOINT, ET=TRIANGLE
-0.0617781 0.726481 0 0 0 0 
-0.0620664 0.746988 0 0 0 0 
-0.0623547 0.767496 0 0 0 0 
-0.062643 0.788003 0 0 0 0 
-0.0629312 0.80851 0 0 0 0 
-0.0781599 0.734975 0 0 0 0 
-0.0784482 0.755483 0 0 0 0 
-0.0787365 0.77599 0 0 0 0 
-0.0790248 0.796498 0 0 0 0 
-0.0945418 0.74347 0 0 0 0 
-0.0948301 0.763977 0 0 0 0 
-0.0951183 0.784485 0 0 0 0 
-0.110924 0.751965 0 0 0 0 
-0.111212 0.772472 0 0 0 0 
-0.127305 0.760459 0 0 0 0 
1 2 6
2 7 6
2 3 7
3 8 7
3 4 8
4 9 8
4 5 9
6 7 10
7 11 10
7 8 11
8 12 11
8 9 12
10 11 13
11 14 13
11 12 14
13 14 15
ZONE N=15, E=16, F=FEPOINT, ET=TRIANGLE
-0.0791142 0.654732 0 0 0 0 
-0.0848173 0.636907 0 0 0 0 
-0.0905204 0.619081 0 0 0 0 
-0.0962235 0.601256 0 0 0 0 
-0.101927 0.58343 0 0 0 0 
-0.062745 0.648295 0 0 0 0 
-0.0684481 0.63047 0 0 0 0 
-0.0741512 0.612644 0 0 0 0 
-0.0798543 0.594819 0 0 0 0 
-0.0463758 0.641859 0 0 0 0 
-0.0520789 0.624033 0 0 0 0 
-0.057782 0.606208 0 0 0 0 
-0.0300066 0.635422 0 0 0 0 
-0.0357097 0.617597 0 0 0 0 
-0.0136373 0.628985 0 0 0 0 
1 2 6
2 7 6
2 3 7
3 8 7
3 4 8
4 9 8
4 5 9
6 7 10
7 11 10
7 8 11
8 12 11
8 9 12
10 11 13
11 14 13
11 12 14
13 14 15
ZONE N=15, E=16, F=FEPOINT, ET=TRIANGLE
-0.0136373 0.628985 0 0 0 0 
-0.00110688 0.616641 0 0 0 0 
0.0114236 0.604298 0 0 0 0 
0.023954 0.591954 0 0 0 0 
0.0364845 0.57961 0 0 0 0 
0.00153813 0.637878 0 0 0 0 
0.0140686 0.625535 0 0 0 0 
0.0265991 0.613191 0 0 0 0 
0.0391295 0.600847 0 0 0 0 
0.0167136 0.646771 0 0 0 0 
0.0292441 0.634428 0 0 0 0 
0.0417745 0.622084 0 0 0 0 
0.0318891 0.655664 0 0 0 0 
0.0444196 0.643321 0 0 0 0 
0.0470646 0.664558 0 0 0 0 
1 2 6
2 7 6
2 3 7
3 8 7
3 4 8
4 9 8
4 5 9
6 7 10
7 11 10
7 8 11
8 12 11
8 9 12
10 11 13
11 14 13
11 12 14
13 14 15
ZONE N=15, E=16, F=FEPOINT, ET=TRIANGLE
0.135541 0.931411 0 0 0 0 
0.158888 0.923781 0 0 0 0 
0.182234 0.916152 0 0 0 0 
0.20558 0.908522 0 0 0 0 
0.228927 0.900892 0 0 0 0 
0.150428 0.943755 0 0 0 0 
0.173775 0.936125 0 0 0 0 
0.197121 0.928495 0 0 0 0 
0.220468 0.920866 0 0 0 0 
0.165316 0.956098 0 0 0 0 
0.188662 0.948469 0 0 0 0 
0.212009 0.940839 0 0 0 0 
0.180203 0.968442 0 0 0 0 
0.203549 0.960812 0 0 0 0 
0.19509 0.980785 0 0 0 0 
1 2 6
2 7 6
2 3 7
3 8 7
3 4 8
4 9 8
4 5 9
6 7 10
7 11 10
7 8 11
8 12 11
8 9 12
10 11 13
11 14 13
11 12 14
13 14 15
ZONE N=15, E=16, F=FEPOINT, ET=TRIANGLE
0.224701 0.829328 0 0 0 0 
0.245449 0.833603 0 0 0 0 
0.266198 0.837879 0 0 0 0 
0.286947 0.842154 0 0 0 0 
0.307695 0.84643 0 0 0 0 
0.225757 0.847219 0 0 0 0 
0.246506 0.851494 0 0 0 0 
0.267255 0.85577 0 0 0 0 
0.288003 0.860045 0 0 0 0 
0.226814 0.86511 0 0 0 0 
0.247562 0.869386 0 0 0 0 
0.268311 0.873661 0 0 0 0 
0.22787 0.883001 0 0 0 0 
0.248619 0.887277 0 0 0 0 
0.228927 0.900892 0 0 0 0 
1 2 6
2 7 6
2 3 7
3 8 7
3 4 8
4 9 8
4 5 9
6 7 10
7 11 10
7 8 11
8 12 11
8 9 12
10 11 13
11 14 13
11 12 14
13 14 15
ZONE N=15, E=16, F=FEPOINT, ET=TRIANGLE
6.12323e-17 1 0 0 0 0 
0.00264304 0.97379 0 0 0 0 
0.00528607 0.947581 0 0 0 0 
0.00792911 0.921371 0 0 0 0 
0.0105721 0.895162 0 0 0 0 
0.0180104 0.980286 0 0 0 0 
0.0206534 0.954076 0 0 0 0 
0.0232964 0.927866 0 0 0 0 
0.0259395 0.901657 0 0 0 0 
0.0360207 0.960571 0 0 0 0 
0.0386638 0.934362 0 0 0 0 
0.0413068 0.908152 0 0 0 0 
0.0540311 0.940857 0 0 0 0 
0.0566741 0.914647 0 0 0 0 
0.0720415 0.921143 0 0 0 0 
1 2 6
2 7 6
2 3 7
3 8 7
3 4 8
4 9 8
4 5 9
6 7 10
7 11 10
7 8 11
8 12 11
8 9 12
10 11 13
11 14 13
11 12 14
13 14 15
ZONE N=15, E=16, F=FEPOINT, ET=TRIANGLE
0.0663716 0.805779 0 0 0 0 
0.0781094 0.822287 0 0 0 0 
0.0898471 0.838795 0 0 0 0 
0.101585 0.855304 0 0 0 0 
0.113323 0.871812 0 0 0 0 
0.0524218 0.828125 0 0 0 0 
0.0641595 0.844633 0 0 0 0 
0.0758973 0.861141 0 0 0 0 
0.087635 0.877649 0 0 0 0 
0.0384719 0.85047 0 0 0 0 
0.0502096 0.866979 0 0 0 0 
0.0619474 0.883487 0 0 0 0 
0.024522 0.872816 0 0 0 0 
0.0362598 0.889324 0 0 0 0 
0.0105721 0.895162 0 0 0 0 
1 2 6
2 7 6
2 3 7
3 8 7
3 4 8
4 9 8
4 5 9
6 7 10
7 11 10
7 8 11
8 12 11
8 9 12
10 11 13
11 14 13
11 12 14
13 14 15
ZONE N=15, E=16, F=FEPOINT, ET=TRIANGLE
0.113323 0.871812 0 0 0 0 
0.101585 0.855304 0 0 0 0 
0.0898471 0.838795 0 0 0 0 
0.0781094 0.822287 0 0 0 0 
0.0663716 0.805779 0 0 0 0 
0.122438 0.853901 0 0 0 0 
0.110701 0.837392 0 0 0 0 
0.0989629 0.820884 0 0 0 0 
0.0872251 0.804376 0 0 0 0 
0.131554 0.83599 0 0 0 0 
0.119816 0.819481 0 0 0 0 
0.108079 0.802973 0 0 0 0 
0.14067 0.818078 0 0 0 0 
0.128932 0.80157 0 0 0 0 
0.149786 0.800167 0 0 0 0 
1 2 6
2 7 6
2 3 7
3 8 7
3 4 8
4 9 8
4 5 9
6 7 10
7 11 10
7 8 11
8 12 11
8 9 12
10 11 13
11 14 13
11 12 14
13 14 15
ZONE N=15, E=16, F=FEPOINT, ET=TRIANGLE
0.149786 0.800167 0 0 0 0 
0.137293 0.78312 0 0 0 0 
0.124799 0.766073 0 0 0 0 
0.112306 0.749026 0 0 0 0 
0.0998131 0.731979 0 0 0 0 
0.164271 0.786236 0 0 0 0 
0.151778 0.769188 0 0 0 0 
0.139285 0.752141 0 0 0 0 
0.126792 0.735094 0 0 0 0 
0.178756 0.772304 0 0 0 0 
0.166263 0.755257 0 0 0 0 
0.15377 0.73821 0 0 0 0 
0.193242 0.758373 0 0 0 0 
0.180749 0.741326 0 0 0 0 
0.207727 0.744441 0 0 0 0 
1 2 6
2 7 6
2 3 7
3 8 7
3 4 8
4 9 8
4 5 9
6 7 10
7 11 10
7 8 11
8 12 11
8 9 12
10 11 13
11 14 13
11 12 14
13 14 15
ZONE N=15, E=16, F=FEPOINT, ET=TRIANGLE
0.0998131 0.731979 0 0 0 0 
0.112306 0.749026 0 0 0 0 
0.124799 0.766073 0 0 0 0 
0.137293 0.78312 0 0 0 0 
0.149786 0.800167 0 0 0 0 
0.0914527 0.750429 0 0 0 0 
0.103946 0.767476 0 0 0 0 
0.116439 0.784523 0 0 0 0 
0.128932 0.80157 0 0 0 0 
0.0830924 0.768879 0 0 0 0 
0.0955855 0.785926 0 0 0 0 
0.108079 0.802973 0 0 0 0 
0.074732 0.787329 0 0 0 0 
0.0872251 0.804376 0 0 0 0 
0.0663716 0.805779 0 0 0 0 
1 2 6
2 7 6
2 3 7
3 8 7
3 4 8
4 9 8
4 5 9
6 7 10
7 11 10
7 8 11
8 12 11
8 9 12
10 11 13
11 14 13
11 12 14
13 14 15
ZONE N=15, E=16, F=FEPOINT, ET=TRIANGLE
0.135541 0.931411 0 0 0 0 
0.119666 0.928844 0 0 0 0 
0.103791 0.926277 0 0 0 0 
0.0879164 0.92371 0 0 0 0 
0.0720415 0.921143 0 0 0 0 
0.129986 0.916511 0 0 0 0 
0.114112 0.913944 0 0 0 0 
0.0982367 0.911377 0 0 0 0 
0.0823617 0.90881 0 0 0 0 
0.124432 0.901612 0 0 0 0 
0.108557 0.899044 0 0 0 0 
0.092682 0.896477 0 0 0 0 
0.118877 0.886712 0 0 0 0 
0.103002 0.884145 0 0 0 0 
0.113323 0.871812 0 0 0 0 
1 2 6
2 7 6
2 3 7
3 8 7
3 4 8
4 9 8
4 5 9
6 7 10
7 11 10
7 8 11
8 12 11
8 9 12
10 11 13
11 14 13
11 12 14
13 14 15
ZONE N=15, E=16, F=FEPOINT, ET=TRIANGLE
-0.0384245 0.943173 0 0 0 0 
-0.0261753 0.93117 0 0 0 0 
-0.0139262 0.919167 0 0 0 0 
-0.00167701 0.907164 0 0 0 0 
0.0105721 0.895162 0 0 0 0 
-0.0288184 0.95738 0 0 0 0 
-0.0165692 0.945377 0 0 0 0 
-0.00432005 0.933374 0 0 0 0 
0.00792911 0.921371 0 0 0 0 
-0.0192122 0.971586 0 0 0 0 
-0.00696308 0.959584 0 0 0 0 
0.00528607 0.947581 0 0 0 0 
-0.00960612 0.985793 0 0 0 0 
0.00264304 0.97379 0 0 0 0 
6.12323e-17 1 0 0 0 0 
1 2 6
2 7 6
2 3 7
3 8 7
3 4 8
4 9 8
4 5 9
6 7 10
7 11 10
7 8 11
8 12 11
8 9 12
10 11 13
11 14 13
11 12 14
13 14 15
ZONE N=15, E=16, F=FEPOINT, ET=TRIANGLE
-0.083654 0.876857 0 0 0 0 
-0.0622014 0.864592 0 0 0 0 
-0.0407487 0.852328 0 0 0 0 
-0.0192961 0.840064 0 0 0 0 
0.00215655 0.827799 0 0 0 0 
-0.0600975 0.881433 0 0 0 0 
-0.0386448 0.869169 0 0 0 0 
-0.0171922 0.856904 0 0 0 0 
0.00426045 0.84464 0 0 0 0 
-0.0365409 0.886009 0 0 0 0 
-0.0150883 0.873745 0 0 0 0 
0.00636435 0.861481 0 0 0 0 
-0.0129844 0.890585 0 0 0 0 
0.00846825 0.878321 0 0 0 0 
0.0105721 0.895162 0 0 0 0 
1 2 6
2 7 6
2 3 7
3 8 7
3 4 8
4 9 8
4 5 9
6 7 10
7 11 10
7 8 11
8 12 11
8 9 12
10 11 13
11 14 13
11 12 14
13 14 15
ZONE N=15, E=16, F=FEPOINT, ET=TRIANGLE
-0.533293 -0.614826 0 0 0 0 
-0.525297 -0.591915 0 0 0 0 
-0.517301 -0.569005 0 0 0 0 
-0.509305 -0.546094 0 0 0 0 
-0.501309 -0.523183 0 0 0 0 
-0.542059 -0.598877 0 0 0 0 
-0.534063 -0.575966 0 0 0 0 
-0.526067 -0.553056 0 0 0 0 
-0.518071 -0.530145 0 0 0 0 
-0.550824 -0.582928 0 0 0 0 
-0.542828 -0.560017 0 0 0 0 
-0.534832 -0.537107 0 0 0 0 
-0.559589 -0.566979 0 0 0 0 
-0.551593 -0.544069 0 0 0 0 
-0.568354 -0.55103 0 0 0 0 
1 2 6
2 7 6
2 3 7
3 8 7
3 4 8
4 9 8
4 5 9
6 7 10
7 11 10
7 8 11
8 12 11
8 9 12
10 11 13
11 14 13
11 12 14
13 14 15
ZONE N=15, E=16, F=FEPOINT, ET=TRIANGLE
-0.494885 -0.437779 0 0 0 0 
-0.496491 -0.45913 0 0 0 0 
-0.498097 -0.480481 0 0 0 0 
-0.499703 -0.501832 0 0 0 0 
-0.501309 -0.523183 0 0 0 0 
-0.469514 -0.453666 0 0 0 0 
-0.471121 -0.475017 0 0 0 0 
-0.472727 -0.496368 0 0 0 0 
-0.474333 -0.51772 0 0 0 0 
-0.444144 -0.469554 0 0 0 0 
-0.44575 -0.490905 0 0 0 0 
-0.447356 -0.512256 0 0 0 0 
-0.418773 -0.485441 0 0 0 0 
-0.42038 -0.506793 0 0 0 0 
-0.393403 -0.501329 0 0 0 0 
1 2 6
2 7 6
2 3 7
3 8 7
3 4 8
4 9 8
4 5 9
6 7 10
7 11 10
7 8 11
8 12 11
8 9 12
10 11 13
11 14 13
11 12 14
13 14 15
ZONE N=15, E=16, F=FEPOINT, ET=TRIANGLE
-0.31755 -0.606364 0 0 0 0 
-0.334943 -0.599488 0 0 0 0 
-0.352335 -0.592613 0 0 0 0 
-0.369728 -0.585738 0 0 0 0 
-0.387121 -0.578863 0 0 0 0 
-0.331032 -0.618538 0 0 0 0 
-0.348425 -0.611663 0 0 0 0 
-0.365818 -0.604788 0 0 0 0 
-0.383211 -0.597913 0 0 0 0 
-0.344515 -0.630713 0 0 0 0 
-0.361908 -0.623838 0 0 0 0 
-0.379301 -0.616962 0 0 0 0 
-0.357998 -0.642887 0 0 0 0 
-0.375391 -0.636012 0 0 0 0 
-0.371481 -0.655062 0 0 0 0 
1 2 6
2 7 6
2 3 7
3 8 7
3 4 8
4 9 8
4 5 9
6 7 10
7 11 10
7 8 11
8 12 11
8 9 12
10 11 13
11 14 13
11 12 14
13 14 15
ZONE N=15, E=16, F=FEPOINT, ET=TRIANGLE
-0.501309 -0.523183 0 0 0 0 
-0.499703 -0.501832 0 0 0 0 
-0.498097 -0.480481 0 0 0 0 
-0.496491 -0.45913 0 0 0 0 
-0.494885 -0.437779 0 0 0 0 
-0.519605 -0.51206 0 0 0 0 
-0.517999 -0.490709 0 0 0 0 
-0.516393 -0.469358 0 0 0 0 
-0.514787 -0.448007 0 0 0 0 
-0.537901 -0.500938 0 0 0 0 
-0.536295 -0.479586 0 0 0 0 
-0.534689 -0.458235 0 0 0 0 
-0.556197 -0.489815 0 0 0 0 
-0.554591 -0.468464 0 0 0 0 
-0.574493 -0.478692 0 0 0 0 
1 2 6
2 7 6
2 3 7
3 8 7
3 4 8
4 9 8
4 5 9
6 7 10
7 11 10
7 8 11
8 12 11
8 9 12
10 11 13
11 14 13
11 12 14
13 14 15
ZONE N=15, E=16, F=FEPOINT, ET=TRIANGLE
-0.387121 -0.578863 0 0 0 0 
-0.39988 -0.599633 0 0 0 0 
-0.412639 -0.620402 0 0 0 0 
-0.425398 -0.641172 0 0 0 0 
-0.438156 -0.661942 0 0 0 0 
-0.383211 -0.597913 0 0 0 0 
-0.39597 -0.618682 0 0 0 0 
-0.408729 -0.639452 0 0 0 0 
-0.421487 -0.660222 0 0 0 0 
-0.379301 -0.616962 0 0 0 0 
-0.39206 -0.637732 0 0 0 0 
-0.404819 -0.658502 0 0 0 0 
-0.375391 -0.636012 0 0 0 0 
-0.38815 -0.656782 0 0 0 0 
-0.371481 -0.655062 0 0 0 0 
1 2 6
2 7 6
2 3 7
3 8 7
3 4 8
4 9 8
4 5 9
6 7 10
7 11 10
7 8 11
8 12 11
8 9 12
10 11 13
11 14 13
11 12 14
13 14 15
ZONE N=15, E=16, F=FEPOINT, ET=TRIANGLE
-0.337224 -0.400782 0 0 0 0 
-0.351269 -0.425919 0 0 0 0 
-0.365314 -0.451056 0 0 0 0 
-0.379358 -0.476192 0 0 0 0 
-0.393403 -0.501329 0 0 0 0 
-0.331179 -0.434046 0 0 0 0 
-0.345223 -0.459183 0 0 0 0 
-0.359268 -0.48432 0 0 0 0 
-0.373313 -0.509457 0 0 0 0 
-0.325133 -0.467311 0 0 0 0 
-0.339177 -0.492447 0 0 0 0 
-0.353222 -0.517584 0 0 0 0 
-0.319087 -0.500575 0 0 0 0 
-0.333132 -0.525712 0 0 0 0 
-0.313041 -0.533839 0 0 0 0 
1 2 6
2 7 6
2 3 7
3 8 7
3 4 8
4 9 8
4 5 9
6 7 10
7 11 10
7 8 11
8 12 11
8 9 12
10 11 13
11 14 13
11 12 14
13 14 15
ZONE N=15, E=16, F=FEPOINT, ET=TRIANGLE
-0.574493 -0.478692 0 0 0 0 
-0.572958 -0.496777 0 0 0 0 
-0.571424 -0.514861 0 0 0 0 
-0.569889 -0.532946 0 0 0 0 
-0.568354 -0.55103 0 0 0 0 
-0.556197 -0.489815 0 0 0 0 
-0.554662 -0.507899 0 0 0 0 
-0.553128 -0.525984 0 0 0 0 
-0.551593 -0.544069 0 0 0 0 
-0.537901 -0.500938 0 0 0 0 
-0.536366 -0.519022 0 0 0 0 
-0.534832 -0.537107 0 0 0 0 
-0.519605 -0.51206 0 0 0 0 
-0.518071 -0.530145 0 0 0 0 
-0.501309 -0.523183 0 0 0 0 
1 2 6
2 7 6
2 3 7
3 8 7
3 4 8
4 9 8
4 5 9
6 7 10
7 11 10
7 8 11
8 12 11
8 9 12
10 11 13
11 14 13
11 12 14
13 14 15
ZONE N=15, E=16, F=FEPOINT, ET=TRIANGLE
-0.46216 -0.599358 0 0 0 0 
-0.444971 -0.574851 0 0 0 0 
-0.427782 -0.550343 0 0 0 0 
-0.410592 -0.525836 0 0 0 0 
-0.393403 -0.501329 0 0 0 0 
-0.471948 -0.580314 0 0 0 0 
-0.454758 -0.555807 0 0 0 0 
-0.437569 -0.5313 0 0 0 0 
-0.42038 -0.506793 0 0 0 0 
-0.481735 -0.56127 0 0 0 0 
-0.464546 -0.536763 0 0 0 0 
-0.447356 -0.512256 0 0 0 0 
-0.491522 -0.542227 0 0 0 0 
-0.474333 -0.51772 0 0 0 0 
-0.501309 -0.523183 0 0 0 0 
1 2 6
2 7 6
2 3 7
3 8 7
3 4 8
4 9 8
4 5 9
6 7 10
7 11 10
7 8 11
8 12 11
8 9 12
10 11 13
11 14 13
11 12 14
13 14 15
ZONE N=15, E=16, F=FEPOINT, ET=TRIANGLE
-0.685379 -0.496441 0 0 0 0 
-0.665551 -0.525597 0 0 0 0 
-0.645723 -0.554753 0 0 0 0 
-0.625895 -0.583909 0 0 0 0 
-0.606068 -0.613064 0 0 0 0 
-0.656123 -0.510089 0 0 0 0 
-0.636295 -0.539244 0 0 0 0 
-0.616467 -0.5684 0 0 0 0 
-0.596639 -0.597556 0 0 0 0 
-0.626867 -0.523736 0 0 0 0 
-0.607039 -0.552892 0 0 0 0 
-0.587211 -0.582047 0 0 0 0 
-0.597611 -0.537383 0 0 0 0 
-0.577783 -0.566539 0 0 0 0 
-0.568354 -0.55103 0 0 0 0 
1 2 6
2 7 6
2 3 7
3 8 7
3 4 8
4 9 8
4 5 9
6 7 10
7 11 10
7 8 11
8 12 11
8 9 12
10 11 13
11 14 13
11 12 14
13 14 15
ZONE N=15, E=16, F=FEPOINT, ET=TRIANGLE
-0.438156 -0.661942 0 0 0 0 
-0.461941 -0.650163 0 0 0 0 
-0.485725 -0.638384 0 0 0 0 
-0.509509 -0.626605 0 0 0 0 
-0.533293 -0.614826 0 0 0 0 
-0.446968 -0.676196 0 0 0 0 
-0.470752 -0.664417 0 0 0 0 
-0.494536 -0.652638 0 0 0 0 
-0.51832 -0.640859 0 0 0 0 
-0.455779 -0.69045 0 0 0 0 
-0.479563 -0.678671 0 0 0 0 
-0.503347 -0.666892 0 0 0 0 
-0.46459 -0.704704 0 0 0 0 
-0.488374 -0.692925 0 0 0 0 
-0.473401 -0.718958 0 0 0 0 
1 2 6
2 7 6
2 3 7
3 8 7
3 4 8
4 9 8
4 5 9
6 7 10
7 11 10
7 8 11
8 12 11
8 9 12
10 11 13
11 14 13
11 12 14
13 14 15
ZONE N=15, E=16, F=FEPOINT, ET=TRIANGLE
-0.574493 -0.478692 0 0 0 0 
-0.602214 -0.483129 0 0 0 0 
-0.629936 -0.487567 0 0 0 0 
-0.657657 -0.492004 0 0 0 0 
-0.685379 -0.496441 0 0 0 0 
-0.572958 -0.496777 0 0 0 0 
-0.60068 -0.501214 0 0 0 0 
-0.628401 -0.505651 0 0 0 0 
-0.656123 -0.510089 0 0 0 0 
-0.571424 -0.514861 0 0 0 0 
-0.599145 -0.519298 0 0 0 0 
-0.626867 -0.523736 0 0 0 0 
-0.569889 -0.532946 0 0 0 0 
-0.597611 -0.537383 0 0 0 0 
-0.568354 -0.55103 0 0 0 0 
1 2 6
2 7 6
2 3 7
3 8 7
3 4 8
4 9 8
4 5 9
6 7 10
7 11 10
7 8 11
8 12 11
8 9 12
10 11 13
11 14 13
11 12 14
13 14 15
ZONE N=15, E=16, F=FEPOINT, ET=TRIANGLE
-0.533293 -0.614826 0 0 0 0 
-0.542059 -0.598877 0 0 0 0 
-0.550824 -0.582928 0 0 0 0 
-0.559589 -0.566979 0 0 0 0 
-0.568354 -0.55103 0 0 0 0 
-0.551487 -0.614386 0 0 0 0 
-0.560252 -0.598437 0 0 0 0 
-0.569018 -0.582488 0 0 0 0 
-0.577783 -0.566539 0 0 0 0 
-0.569681 -0.613945 0 0 0 0 
-0.578446 -0.597996 0 0 0 0 
-0.587211 -0.582047 0 0 0 0 
-0.587874 -0.613505 0 0 0 0 
-0.596639 -0.597556 0 0 0 0 
-0.606068 -0.613064 0 0 0 0 
1 2 6
2 7 6
2 3 7
3 8 7
3 4 8
4 9 8
4 5 9
6 7 10
7 11 10
7 8 11
8 12 11
8 9 12
10 11 13
11 14 13
11 12 14
13 14 15
ZONE N=15, E=16, F=FEPOINT, ET=TRIANGLE
-0.474168 -0.793132 0 0 0 0 
-0.494518 -0.802716 0 0 0 0 
-0.514869 -0.812301 0 0 0 0 
-0.53522 -0.821885 0 0 0 0 
-0.55557 -0.83147 0 0 0 0 
-0.473475 -0.815329 0 0 0 0 
-0.493981 -0.825172 0 0 0 0 
-0.514488 -0.835013 0 0 0 0 
-0.534998 -0.844854 0 0 0 0 
-0.472782 -0.837526 0 0 0 0 
-0.49344 -0.847629 0 0 0 0 
-0.514103 -0.857729 0 0 0 0 
-0.47209 -0.859724 0 0 0 0 
-0.492898 -0.870087 0 0 0 0 
-0.471397 -0.881921 0 0 0 0 
1 2 6
2 7 6
2 3 7
3 8 7
3 4 8
4 9 8
4 5 9
6 7 10
7 11 10
7 8 11
8 12 11
8 9 12
10 11 13
11 14 13
11 12 14
13 14 15
ZONE N=15, E=16, F=FEPOINT, ET=TRIANGLE
-0.641844 -0.675925 0 0 0 0 
-0.639982 -0.700197 0 0 0 0 
-0.638119 -0.724468 0 0 0 0 
-0.636256 -0.748739 0 0 0 0 
-0.634393 -0.77301 0 0 0 0 
-0.624283 -0.680233 0 0 0 0 
-0.62242 -0.704505 0 0 0 0 
-0.620557 -0.728776 0 0 0 0 
-0.618695 -0.753047 0 0 0 0 
-0.606721 -0.684541 0 0 0 0 
-0.604859 -0.708813 0 0 0 0 
-0.602996 -0.733084 0 0 0 0 
-0.58916 -0.688849 0 0 0 0 
-0.587297 -0.713121 0 0 0 0 
-0.571598 -0.693157 0 0 0 0 
1 2 6
2 7 6
2 3 7
3 8 7
3 4 8
4 9 8
4 5 9
6 7 10
7 11 10
7 8 11
8 12 11
8 9 12
10 11 13
11 14 13
11 12 14
13 14 15
ZONE N=15, E=16, F=FEPOINT, ET=TRIANGLE
-0.474168 -0.793132 0 0 0 0 
-0.48907 -0.782095 0 0 0 0 
-0.503973 -0.771058 0 0 0 0 
-0.518876 -0.760021 0 0 0 0 
-0.533778 -0.748984 0 0 0 0 
-0.494518 -0.802716 0 0 0 0 
-0.509421 -0.791679 0 0 0 0 
-0.524324 -0.780643 0 0 0 0 
-0.539226 -0.769606 0 0 0 0 
-0.514869 -0.812301 0 0 0 0 
-0.529772 -0.801264 0 0 0 0 
-0.544674 -0.790227 0 0 0 0 
-0.53522 -0.821885 0 0 0 0 
-0.550122 -0.810848 0 0 0 0 
-0.55557 -0.83147 0 0 0 0 
1 2 6
2 7 6
2 3 7
3 8 7
3 4 8
4 9 8
4 5 9
6 7 10
7 11 10
7 8 11
8 12 11
8 9 12
10 11 13
11 14 13
11 12 14
13 14 15
ZONE N=15, E=16, F=FEPOINT, ET=TRIANGLE
-0.571598 -0.693157 0 0 0 0 
-0.580216 -0.673134 0 0 0 0 
-0.588833 -0.653111 0 0 0 0 
-0.59745 -0.633088 0 0 0 0 
-0.606068 -0.613064 0 0 0 0 
-0.58916 -0.688849 0 0 0 0 
-0.597777 -0.668826 0 0 0 0 
-0.606394 -0.648803 0 0 0 0 
-0.615012 -0.62878 0 0 0 0 
-0.606721 -0.684541 0 0 0 0 
-0.615339 -0.664518 0 0 0 0 
-0.623956 -0.644495 0 0 0 0 
-0.624283 -0.680233 0 0 0 0 
-0.6329 -0.66021 0 0 0 0 
-0.641844 -0.675925 0 0 0 0 
1 2 6
2 7 6
2 3 7
3 8 7
3 4 8
4 9 8
4 5 9
6 7 10
7 11 10
7 8 11
8 12 11
8 9 12
10 11 13
11 14 13
11 12 14
13 14 15
ZONE N=15, E=16, F=FEPOINT, ET=TRIANGLE
-0.474168 -0.793132 0 0 0 0 
-0.454554 -0.800218 0 0 0 0 
-0.43494 -0.807304 0 0 0 0 
-0.415326 -0.81439 0 0 0 0 
-0.395712 -0.821476 0 0 0 0 
-0.4587 -0.783186 0 0 0 0 
-0.439086 -0.790272 0 0 0 0 
-0.419472 -0.797358 0 0 0 0 
-0.399858 -0.804444 0 0 0 0 
-0.443232 -0.773239 0 0 0 0 
-0.423618 -0.780326 0 0 0 0 
-0.404004 -0.787412 0 0 0 0 
-0.427763 -0.763293 0 0 0 0 
-0.408149 -0.770379 0 0 0 0 
-0.412295 -0.753347 0 0 0 0 
1 2 6
2 7 6
2 3 7
3 8 7
3 4 8
4 9 8
4 5 9
6 7 10
7 11 10
7 8 11
8 12 11
8 9 12
10 11 13
11 14 13
11 12 14
13 14 15
ZONE N=15, E=16, F=FEPOINT, ET=TRIANGLE
-0.571598 -0.693157 0 0 0 0 
-0.547049 -0.699608 0 0 0 0 
-0.5225 -0.706058 0 0 0 0 
-0.49795 -0.712508 0 0 0 0 
-0.473401 -0.718958 0 0 0 0 
-0.562022 -0.673575 0 0 0 0 
-0.537473 -0.680025 0 0 0 0 
-0.512923 -0.686475 0 0 0 0 
-0.488374 -0.692925 0 0 0 0 
-0.552446 -0.653992 0 0 0 0 
-0.527897 -0.660442 0 0 0 0 
-0.503347 -0.666892 0 0 0 0 
-0.54287 -0.634409 0 0 0 0 
-0.51832 -0.640859 0 0 0 0 
-0.533293 -0.614826 0 0 0 0 
1 2 6
2 7 6
2 3 7
3 8 7
3 4 8
4 9 8
4 5 9
6 7 10
7 11 10
7 8 11
8 12 11
8 9 12
10 11 13
11 14 13
11 12 14
13 14 15
ZONE N=15, E=16, F=FEPOINT, ET=TRIANGLE
-0.571598 -0.693157 0 0 0 0 
-0.562022 -0.673575 0 0 0 0 
-0.552446 -0.653992 0 0 0 0 
-0.54287 -0.634409 0 0 0 0 
-0.533293 -0.614826 0 0 0 0 
-0.580216 -0.673134 0 0 0 0 
-0.570639 -0.653551 0 0 0 0 
-0.561063 -0.633969 0 0 0 0 
-0.551487 -0.614386 0 0 0 0 
-0.588833 -0.653111 0 0 0 0 
-0.579257 -0.633528 0 0 0 0 
-0.569681 -0.613945 0 0 0 0 
-0.59745 -0.633088 0 0 0 0 
-0.587874 -0.613505 0 0 0 0 
-0.606068 -0.613064 0 0 0 0 
1 2 6
2 7 6
2 3 7
3 8 7
3 4 8
4 9 8
4 5 9
6 7 10
7 11 10
7 8 11
8 12 11
8 9 12
10 11 13
11 14 13
11 12 14
13 14 15
ZONE N=15, E=16, F=FEPOINT, ET=TRIANGLE
-0.707107 -0.707107 0 0 0 0 
-0.701449 -0.682843 0 0 0 0 
-0.69579 -0.658579 0 0 0 0 
-0.690132 -0.634315 0 0 0 0 
-0.684474 -0.610052 0 0 0 0 
-0.724247 -0.689541 0 0 0 0 
-0.718369 -0.665071 0 0 0 0 
-0.712489 -0.640603 0 0 0 0 
-0.706608 -0.616137 0 0 0 0 
-0.740951 -0.671559 0 0 0 0 
-0.734848 -0.646889 0 0 0 0 
-0.728742 -0.622222 0 0 0 0 
-0.757209 -0.653173 0 0 0 0 
-0.750876 -0.628308 0 0 0 0 
-0.77301 -0.634393 0 0 0 0 
1 2 6
2 7 6
2 3 7
3 8 7
3 4 8
4 9 8
4 5 9
6 7 10
7 11 10
7 8 11
8 12 11
8 9 12
10 11 13
11 14 13
11 12 14
13 14 15
ZONE N=15, E=16, F=FEPOINT, ET=TRIANGLE
-0.684474 -0.610052 0 0 0 0 
-0.673817 -0.62652 0 0 0 0 
-0.663159 -0.642988 0 0 0 0 
-0.652502 -0.659457 0 0 0 0 
-0.641844 -0.675925 0 0 0 0 
-0.664872 -0.610805 0 0 0 0 
-0.654215 -0.627273 0 0 0 0 
-0.643558 -0.643742 0 0 0 0 
-0.6329 -0.66021 0 0 0 0 
-0.645271 -0.611558 0 0 0 0 
-0.634613 -0.628026 0 0 0 0 
-0.623956 -0.644495 0 0 0 0 
-0.625669 -0.612311 0 0 0 0 
-0.615012 -0.62878 0 0 0 0 
-0.606068 -0.613064 0 0 0 0 
1 2 6
2 7 6
2 3 7
3 8 7
3 4 8
4 9 8
4 5 9
6 7 10
7 11 10
7 8 11
8 12 11
8 9 12
10 11 13
11 14 13
11 12 14
13 14 15
ZONE N=15, E=16, F=FEPOINT, ET=TRIANGLE
-0.707107 -0.707107 0 0 0 0 
-0.689541 -0.724247 0 0 0 0 
-0.671559 -0.740951 0 0 0 0 
-0.653173 -0.757209 0 0 0 0 
-0.634393 -0.77301 0 0 0 0 
-0.690791 -0.699311 0 0 0 0 
-0.673019 -0.716232 0 0 0 0 
-0.654837 -0.732711 0 0 0 0 
-0.636256 -0.748739 0 0 0 0 
-0.674476 -0.691516 0 0 0 0 
-0.656499 -0.708215 0 0 0 0 
-0.638119 -0.724468 0 0 0 0 
-0.65816 -0.683721 0 0 0 0 
-0.639982 -0.700197 0 0 0 0 
-0.641844 -0.675925 0 0 0 0 
1 2 6
2 7 6
2 3 7
3 8 7
3 4 8
4 9 8
4 5 9
6 7 10
7 11 10
7 8 11
8 12 11
8 9 12
10 11 13
11 14 13
11 12 14
13 14 15
ZONE N=15, E=16, F=FEPOINT, ET=TRIANGLE
-0.685379 -0.496441 0 0 0 0 
-0.69739 -0.483266 0 0 0 0 
-0.7094 -0.47009 0 0 0 0 
-0.721411 -0.456914 0 0 0 0 
-0.733422 -0.443739 0 0 0 0 
-0.698705 -0.510389 0 0 0 0 
-0.710716 -0.497213 0 0 0 0 
-0.722726 -0.484037 0 0 0 0 
-0.734737 -0.470862 0 0 0 0 
-0.712031 -0.524336 0 0 0 0 
-0.724042 -0.51116 0 0 0 0 
-0.736052 -0.497985 0 0 0 0 
-0.725357 -0.538283 0 0 0 0 
-0.737367 -0.525107 0 0 0 0 
-0.738683 -0.55223 0 0 0 0 
1 2 6
2 7 6
2 3 7
3 8 7
3 4 8
4 9 8
4 5 9
6 7 10
7 11 10
7 8 11
8 12 11
8 9 12
10 11 13
11 14 13
11 12 14
13 14 15
ZONE N=15, E=16, F=FEPOINT, ET=TRIANGLE
-0.684474 -0.610052 0 0 0 0 
-0.664872 -0.610805 0 0 0 0 
-0.645271 -0.611558 0 0 0 0 
-0.625669 -0.612311 0 0 0 0 
-0.606068 -0.613064 0 0 0 0 
-0.6847 -0.581649 0 0 0 0 
-0.665099 -0.582402 0 0 0 0 
-0.645497 -0.583155 0 0 0 0 
-0.625895 -0.583909 0 0 0 0 
-0.684926 -0.553246 0 0 0 0 
-0.665325 -0.554 0 0 0 0 
-0.645723 -0.554753 0 0 0 0 
-0.685153 -0.524844 0 0 0 0 
-0.665551 -0.525597 0 0 0 0 
-0.685379 -0.496441 0 0 0 0 
1 2 6
2 7 6
2 3 7
3 8 7
3 4 8
4 9 8
4 5 9
6 7 10
7 11 10
7 8 11
8 12 11
8 9 12
10 11 13
11 14 13
11 12 14
13 14 15
ZONE N=15, E=16, F=FEPOINT, ET=TRIANGLE
-0.685379 -0.496441 0 0 0 0 
-0.698705 -0.510389 0 0 0 0 
-0.712031 -0.524336 0 0 0 0 
-0.725357 -0.538283 0 0 0 0 
-0.738683 -0.55223 0 0 0 0 
-0.685153 -0.524844 0 0 0 0 
-0.698479 -0.538791 0 0 0 0 
-0.711805 -0.552738 0 0 0 0 
-0.72513 -0.566686 0 0 0 0 
-0.684926 -0.553246 0 0 0 0 
-0.698252 -0.567194 0 0 0 0 
-0.711578 -0.581141 0 0 0 0 
-0.6847 -0.581649 0 0 0 0 
-0.698026 -0.595596 0 0 0 0 
-0.684474 -0.610052 0 0 0 0 
1 2 6
2 7 6
2 3 7
3 8 7
3 4 8
4 9 8
4 5 9
6 7 10
7 11 10
7 8 11
8 12 11
8 9 12
10 11 13
11 14 13
11 12 14
13 14 15
ZONE N=15, E=16, F=FEPOINT, ET=TRIANGLE
-0.738683 -0.55223 0 0 0 0 
-0.761879 -0.553065 0 0 0 0 
-0.785076 -0.5539 0 0 0 0 
-0.808273 -0.554735 0 0 0 0 
-0.83147 -0.55557 0 0 0 0 
-0.747265 -0.572771 0 0 0 0 
-0.770703 -0.573785 0 0 0 0 
-0.794143 -0.574798 0 0 0 0 
-0.817585 -0.575808 0 0 0 0 
-0.755847 -0.593312 0 0 0 0 
-0.779526 -0.594507 0 0 0 0 
-0.803208 -0.595699 0 0 0 0 
-0.764428 -0.613853 0 0 0 0 
-0.788346 -0.615232 0 0 0 0 
-0.77301 -0.634393 0 0 0 0 
1 2 6
2 7 6
2 3 7
3 8 7
3 4 8
4 9 8
4 5 9
6 7 10
7 11 10
7 8 11
8 12 11
8 9 12
10 11 13
11 14 13
11 12 14
13 14 15
ZONE N=15, E=16, F=FEPOINT, ET=TRIANGLE
-0.77301 -0.634393 0 0 0 0 
-0.750876 -0.628308 0 0 0 0 
-0.728742 -0.622222 0 0 0 0 
-0.706608 -0.616137 0 0 0 0 
-0.684474 -0.610052 0 0 0 0 
-0.764428 -0.613853 0 0 0 0 
-0.742294 -0.607767 0 0 0 0 
-0.72016 -0.601682 0 0 0 0 
-0.698026 -0.595596 0 0 0 0 
-0.755847 -0.593312 0 0 0 0 
-0.733712 -0.587226 0 0 0 0 
-0.711578 -0.581141 0 0 0 0 
-0.747265 -0.572771 0 0 0 0 
-0.72513 -0.566686 0 0 0 0 
-0.738683 -0.55223 0 0 0 0 
1 2 6
2 7 6
2 3 7
3 8 7
3 4 8
4 9 8
4 5 9
6 7 10
7 11 10
7 8 11
8 12 11
8 9 12
10 11 13
11 14 13
11 12 14
13 14 15
ZONE N=15, E=16, F=FEPOINT, ET=TRIANGLE
-0.533778 -0.748984 0 0 0 0 
-0.518684 -0.741478 0 0 0 0 
-0.50359 -0.733971 0 0 0 0 
-0.488495 -0.726464 0 0 0 0 
-0.473401 -0.718958 0 0 0 0 
-0.543233 -0.735028 0 0 0 0 
-0.528139 -0.727521 0 0 0 0 
-0.513045 -0.720014 0 0 0 0 
-0.49795 -0.712508 0 0 0 0 
-0.552688 -0.721071 0 0 0 0 
-0.537594 -0.713564 0 0 0 0 
-0.5225 -0.706058 0 0 0 0 
-0.562143 -0.707114 0 0 0 0 
-0.547049 -0.699608 0 0 0 0 
-0.571598 -0.693157 0 0 0 0 
1 2 6
2 7 6
2 3 7
3 8 7
3 4 8
4 9 8
4 5 9
6 7 10
7 11 10
7 8 11
8 12 11
8 9 12
10 11 13
11 14 13
11 12 14
13 14 15
ZONE N=15, E=16, F=FEPOINT, ET=TRIANGLE
-0.571598 -0.693157 0 0 0 0 
-0.587297 -0.713121 0 0 0 0 
-0.602996 -0.733084 0 0 0 0 
-0.618695 -0.753047 0 0 0 0 
-0.634393 -0.77301 0 0 0 0 
-0.562143 -0.707114 0 0 0 0 
-0.577842 -0.727077 0 0 0 0 
-0.593541 -0.747041 0 0 0 0 
-0.60924 -0.767004 0 0 0 0 
-0.552688 -0.721071 0 0 0 0 
-0.568387 -0.741034 0 0 0 0 
-0.584086 -0.760997 0 0 0 0 
-0.543233 -0.735028 0 0 0 0 
-0.558932 -0.754991 0 0 0 0 
-0.533778 -0.748984 0 0 0 0 
1 2 6
2 7 6
2 3 7
3 8 7
3 4 8
4 9 8
4 5 9
6 7 10
7 11 10
7 8 11
8 12 11
8 9 12
10 11 13
11 14 13
11 12 14
13 14 15
ZONE N=15, E=16, F=FEPOINT, ET=TRIANGLE
-0.474168 -0.793132 0 0 0 0 
-0.473475 -0.815329 0 0 0 0 
-0.472782 -0.837526 0 0 0 0 
-0.47209 -0.859724 0 0 0 0 
-0.471397 -0.881921 0 0 0 0 
-0.454554 -0.800218 0 0 0 0 
-0.453861 -0.822415 0 0 0 0 
-0.453168 -0.844613 0 0 0 0 
-0.452476 -0.86681 0 0 0 0 
-0.43494 -0.807304 0 0 0 0 
-0.434247 -0.829501 0 0 0 0 
-0.433555 -0.851699 0 0 0 0 
-0.415326 -0.81439 0 0 0 0 
-0.414633 -0.836587 0 0 0 0 
-0.395712 -0.821476 0 0 0 0 
1 2 6
2 7 6
2 3 7
3 8 7
3 4 8
4 9 8
4 5 9
6 7 10
7 11 10
7 8 11
8 12 11
8 9 12
10 11 13
11 14 13
11 12 14
13 14 15
ZONE N=15, E=16, F=FEPOINT, ET=TRIANGLE
-0.473401 -0.718958 0 0 0 0 
-0.488495 -0.726464 0 0 0 0 
-0.50359 -0.733971 0 0 0 0 
-0.518684 -0.741478 0 0 0 0 
-0.533778 -0.748984 0 0 0 0 
-0.473593 -0.737501 0 0 0 0 
-0.488687 -0.745008 0 0 0 0 
-0.503781 -0.752515 0 0 0 0 
-0.518876 -0.760021 0 0 0 0 
-0.473784 -0.756045 0 0 0 0 
-0.488879 -0.763551 0 0 0 0 
-0.503973 -0.771058 0 0 0 0 
-0.473976 -0.774588 0 0 0 0 
-0.48907 -0.782095 0 0 0 0 
-0.474168 -0.793132 0 0 0 0 
1 2 6
2 7 6
2 3 7
3 8 7
3 4 8
4 9 8
4 5 9
6 7 10
7 11 10
7 8 11
8 12 11
8 9 12
10 11 13
11 14 13
11 12 14
13 14 15
ZONE N=15, E=16, F=FEPOINT, ET=TRIANGLE
-0.412295 -0.753347 0 0 0 0 
-0.408149 -0.770379 0 0 0 0 
-0.404004 -0.787412 0 0 0 0 
-0.399858 -0.804444 0 0 0 0 
-0.395712 -0.821476 0 0 0 0 
-0.394795 -0.754361 0 0 0 0 
-0.390649 -0.771394 0 0 0 0 
-0.386504 -0.788426 0 0 0 0 
-0.382358 -0.805458 0 0 0 0 
-0.377295 -0.755376 0 0 0 0 
-0.373149 -0.772408 0 0 0 0 
-0.369003 -0.78944 0 0 0 0 
-0.359795 -0.75639 0 0 0 0 
-0.355649 -0.773422 0 0 0 0 
-0.342294 -0.757404 0 0 0 0 
1 2 6
2 7 6
2 3 7
3 8 7
3 4 8
4 9 8
4 5 9
6 7 10
7 11 10
7 8 11
8 12 11
8 9 12
10 11 13
11 14 13
11 12 14
13 14 15
ZONE N=15, E=16, F=FEPOINT, ET=TRIANGLE
-0.349714 -0.867654 0 0 0 0 
-0.330527 -0.867605 0 0 0 0 
-0.311339 -0.867555 0 0 0 0 
-0.292151 -0.867505 0 0 0 0 
-0.272963 -0.867455 0 0 0 0 
-0.347859 -0.840092 0 0 0 0 
-0.328672 -0.840042 0 0 0 0 
-0.309484 -0.839992 0 0 0 0 
-0.290296 -0.839943 0 0 0 0 
-0.346004 -0.812529 0 0 0 0 
-0.326817 -0.81248 0 0 0 0 
-0.307629 -0.81243 0 0 0 0 
-0.344149 -0.784967 0 0 0 0 
-0.324962 -0.784917 0 0 0 0 
-0.342294 -0.757404 0 0 0 0 
1 2 6
2 7 6
2 3 7
3 8 7
3 4 8
4 9 8
4 5 9
6 7 10
7 11 10
7 8 11
8 12 11
8 9 12
10 11 13
11 14 13
11 12 14
13 14 15
ZONE N=15, E=16, F=FEPOINT, ET=TRIANGLE
-0.393403 -0.501329 0 0 0 0 
-0.391833 -0.520712 0 0 0 0 
-0.390262 -0.540096 0 0 0 0 
-0.388692 -0.559479 0 0 0 0 
-0.387121 -0.578863 0 0 0 0 
-0.373313 -0.509457 0 0 0 0 
-0.371742 -0.52884 0 0 0 0 
-0.370172 -0.548223 0 0 0 0 
-0.368601 -0.567607 0 0 0 0 
-0.353222 -0.517584 0 0 0 0 
-0.351652 -0.536968 0 0 0 0 
-0.350081 -0.556351 0 0 0 0 
-0.333132 -0.525712 0 0 0 0 
-0.331561 -0.545095 0 0 0 0 
-0.313041 -0.533839 0 0 0 0 
1 2 6
2 7 6
2 3 7
3 8 7
3 4 8
4 9 8
4 5 9
6 7 10
7 11 10
7 8 11
8 12 11
8 9 12
10 11 13
11 14 13
11 12 14
13 14 15
ZONE N=15, E=16, F=FEPOINT, ET=TRIANGLE
-0.395712 -0.821476 0 0 0 0 
-0.414633 -0.836587 0 0 0 0 
-0.433555 -0.851699 0 0 0 0 
-0.452476 -0.86681 0 0 0 0 
-0.471397 -0.881921 0 0 0 0 
-0.392455 -0.847077 0 0 0 0 
-0.411505 -0.862461 0 0 0 0 
-0.430557 -0.877843 0 0 0 0 
-0.449611 -0.893224 0 0 0 0 
-0.389198 -0.872678 0 0 0 0 
-0.408374 -0.888335 0 0 0 0 
-0.427555 -0.903989 0 0 0 0 
-0.385941 -0.898279 0 0 0 0 
-0.405241 -0.91421 0 0 0 0 
-0.382683 -0.92388 0 0 0 0 
1 2 6
2 7 6
2 3 7
3 8 7
3 4 8
4 9 8
4 5 9
6 7 10
7 11 10
7 8 11
8 12 11
8 9 12
10 11 13
11 14 13
11 12 14
13 14 15
ZONE N=15, E=16, F=FEPOINT, ET=TRIANGLE
-0.382683 -0.92388 0 0 0 0 
-0.374441 -0.909823 0 0 0 0 
-0.366199 -0.895767 0 0 0 0 
-0.357957 -0.881711 0 0 0 0 
-0.349714 -0.867654 0 0 0 0 
-0.385941 -0.898279 0 0 0 0 
-0.377698 -0.884222 0 0 0 0 
-0.369456 -0.870166 0 0 0 0 
-0.361214 -0.85611 0 0 0 0 
-0.389198 -0.872678 0 0 0 0 
-0.380956 -0.858622 0 0 0 0 
-0.372713 -0.844565 0 0 0 0 
-0.392455 -0.847077 0 0 0 0 
-0.384213 -0.833021 0 0 0 0 
-0.395712 -0.821476 0 0 0 0 
1 2 6
2 7 6
2 3 7
3 8 7
3 4 8
4 9 8
4 5 9
6 7 10
7 11 10
7 8 11
8 12 11
8 9 12
10 11 13
11 14 13
11 12 14
13 14 15
ZONE N=15, E=16, F=FEPOINT, ET=TRIANGLE
-0.371481 -0.655062 0 0 0 0 
-0.381684 -0.679633 0 0 0 0 
-0.391888 -0.704205 0 0 0 0 
-0.402092 -0.728776 0 0 0 0 
-0.412295 -0.753347 0 0 0 0 
-0.364184 -0.680648 0 0 0 0 
-0.374388 -0.705219 0 0 0 0 
-0.384591 -0.72979 0 0 0 0 
-0.394795 -0.754361 0 0 0 0 
-0.356888 -0.706233 0 0 0 0 
-0.367091 -0.730804 0 0 0 0 
-0.377295 -0.755376 0 0 0 0 
-0.349591 -0.731819 0 0 0 0 
-0.359795 -0.75639 0 0 0 0 
-0.342294 -0.757404 0 0 0 0 
1 2 6
2 7 6
2 3 7
3 8 7
3 4 8
4 9 8
4 5 9
6 7 10
7 11 10
7 8 11
8 12 11
8 9 12
10 11 13
11 14 13
11 12 14
13 14 15
ZONE N=15, E=16, F=FEPOINT, ET=TRIANGLE
-0.473401 -0.718958 0 0 0 0 
-0.473593 -0.737501 0 0 0 0 
-0.473784 -0.756045 0 0 0 0 
-0.473976 -0.774588 0 0 0 0 
-0.474168 -0.793132 0 0 0 0 
-0.458125 -0.727555 0 0 0 0 
-0.458316 -0.746099 0 0 0 0 
-0.458508 -0.764642 0 0 0 0 
-0.4587 -0.783186 0 0 0 0 
-0.442848 -0.736152 0 0 0 0 
-0.44304 -0.754696 0 0 0 0 
-0.443232 -0.773239 0 0 0 0 
-0.427572 -0.74475 0 0 0 0 
-0.427763 -0.763293 0 0 0 0 
-0.412295 -0.753347 0 0 0 0 
1 2 6
2 7 6
2 3 7
3 8 7
3 4 8
4 9 8
4 5 9
6 7 10
7 11 10
7 8 11
8 12 11
8 9 12
10 11 13
11 14 13
11 12 14
13 14 15
ZONE N=15, E=16, F=FEPOINT, ET=TRIANGLE
-0.29282 -0.687962 0 0 0 0 
-0.281317 -0.663413 0 0 0 0 
-0.269813 -0.638865 0 0 0 0 
-0.25831 -0.614316 0 0 0 0 
-0.246806 -0.589767 0 0 0 0 
-0.299003 -0.667563 0 0 0 0 
-0.287499 -0.643014 0 0 0 0 
-0.275996 -0.618465 0 0 0 0 
-0.264492 -0.593916 0 0 0 0 
-0.305185 -0.647163 0 0 0 0 
-0.293681 -0.622614 0 0 0 0 
-0.282178 -0.598065 0 0 0 0 
-0.311367 -0.626763 0 0 0 0 
-0.299864 -0.602214 0 0 0 0 
-0.31755 -0.606364 0 0 0 0 
1 2 6
2 7 6
2 3 7
3 8 7
3 4 8
4 9 8
4 5 9
6 7 10
7 11 10
7 8 11
8 12 11
8 9 12
10 11 13
11 14 13
11 12 14
13 14 15
ZONE N=15, E=16, F=FEPOINT, ET=TRIANGLE
-0.387121 -0.578863 0 0 0 0 
-0.388692 -0.559479 0 0 0 0 
-0.390262 -0.540096 0 0 0 0 
-0.391833 -0.520712 0 0 0 0 
-0.393403 -0.501329 0 0 0 0 
-0.405881 -0.583987 0 0 0 0 
-0.407451 -0.564603 0 0 0 0 
-0.409022 -0.54522 0 0 0 0 
-0.410592 -0.525836 0 0 0 0 
-0.424641 -0.58911 0 0 0 0 
-0.426211 -0.569727 0 0 0 0 
-0.427782 -0.550343 0 0 0 0 
-0.443401 -0.594234 0 0 0 0 
-0.444971 -0.574851 0 0 0 0 
-0.46216 -0.599358 0 0 0 0 
1 2 6
2 7 6
2 3 7
3 8 7
3 4 8
4 9 8
4 5 9
6 7 10
7 11 10
7 8 11
8 12 11
8 9 12
10 11 13
11 14 13
11 12 14
13 14 15
ZONE N=15, E=16, F=FEPOINT, ET=TRIANGLE
-0.212797 -0.819803 0 0 0 0 
-0.227839 -0.831716 0 0 0 0 
-0.24288 -0.843629 0 0 0 0 
-0.257922 -0.855542 0 0 0 0 
-0.272963 -0.867455 0 0 0 0 
-0.20837 -0.860049 0 0 0 0 
-0.223412 -0.871962 0 0 0 0 
-0.238454 -0.883875 0 0 0 0 
-0.253495 -0.895788 0 0 0 0 
-0.203944 -0.900294 0 0 0 0 
-0.218985 -0.912207 0 0 0 0 
-0.234027 -0.92412 0 0 0 0 
-0.199517 -0.94054 0 0 0 0 
-0.214559 -0.952453 0 0 0 0 
-0.19509 -0.980785 0 0 0 0 
1 2 6
2 7 6
2 3 7
3 8 7
3 4 8
4 9 8
4 5 9
6 7 10
7 11 10
7 8 11
8 12 11
8 9 12
10 11 13
11 14 13
11 12 14
13 14 15
ZONE N=15, E=16, F=FEPOINT, ET=TRIANGLE
-0.395712 -0.821476 0 0 0 0 
-0.384213 -0.833021 0 0 0 0 
-0.372713 -0.844565 0 0 0 0 
-0.361214 -0.85611 0 0 0 0 
-0.349714 -0.867654 0 0 0 0 
-0.382358 -0.805458 0 0 0 0 
-0.370858 -0.817003 0 0 0 0 
-0.359359 -0.828547 0 0 0 0 
-0.347859 -0.840092 0 0 0 0 
-0.369003 -0.78944 0 0 0 0 
-0.357504 -0.800985 0 0 0 0 
-0.346004 -0.812529 0 0 0 0 
-0.355649 -0.773422 0 0 0 0 
-0.344149 -0.784967 0 0 0 0 
-0.342294 -0.757404 0 0 0 0 
1 2 6
2 7 6
2 3 7
3 8 7
3 4 8
4 9 8
4 5 9
6 7 10
7 11 10
7 8 11
8 12 11
8 9 12
10 11 13
11 14 13
11 12 14
13 14 15
ZONE N=15, E=16, F=FEPOINT, ET=TRIANGLE
-0.0975952 -0.632563 0 0 0 0 
-0.0738462 -0.656235 0 0 0 0 
-0.0500972 -0.679907 0 0 0 0 
-0.0263482 -0.703579 0 0 0 0 
-0.0025992 -0.727251 0 0 0 0 
-0.0809438 -0.623463 0 0 0 0 
-0.0571948 -0.647135 0 0 0 0 
-0.0334458 -0.670807 0 0 0 0 
-0.00969683 -0.694479 0 0 0 0 
-0.0642925 -0.614363 0 0 0 0 
-0.0405435 -0.638035 0 0 0 0 
-0.0167945 -0.661707 0 0 0 0 
-0.0476411 -0.605263 0 0 0 0 
-0.0238921 -0.628935 0 0 0 0 
-0.0309897 -0.596163 0 0 0 0 
1 2 6
2 7 6
2 3 7
3 8 7
3 4 8
4 9 8
4 5 9
6 7 10
7 11 10
7 8 11
8 12 11
8 9 12
10 11 13
11 14 13
11 12 14
13 14 15
ZONE N=15, E=16, F=FEPOINT, ET=TRIANGLE
0.168326 -0.859986 0 0 0 0 
0.186543 -0.841254 0 0 0 0 
0.20476 -0.822521 0 0 0 0 
0.222976 -0.803788 0 0 0 0 
0.241193 -0.785055 0 0 0 0 
0.164459 -0.834144 0 0 0 0 
0.182676 -0.815412 0 0 0 0 
0.200893 -0.796679 0 0 0 0 
0.219109 -0.777946 0 0 0 0 
0.160592 -0.808302 0 0 0 0 
0.178809 -0.78957 0 0 0 0 
0.197026 -0.770837 0 0 0 0 
0.156725 -0.78246 0 0 0 0 
0.174942 -0.763728 0 0 0 0 
0.152858 -0.756618 0 0 0 0 
1 2 6
2 7 6
2 3 7
3 8 7
3 4 8
4 9 8
4 5 9
6 7 10
7 11 10
7 8 11
8 12 11
8 9 12
10 11 13
11 14 13
11 12 14
13 14 15
ZONE N=15, E=16, F=FEPOINT, ET=TRIANGLE
-0.290285 -0.95694 0 0 0 0 
-0.305142 -0.934619 0 0 0 0 
-0.319999 -0.912297 0 0 0 0 
-0.334857 -0.889976 0 0 0 0 
-0.349714 -0.867654 0 0 0 0 
-0.313682 -0.949528 0 0 0 0 
-0.328442 -0.926922 0 0 0 0 
-0.343201 -0.904316 0 0 0 0 
-0.357957 -0.881711 0 0 0 0 
-0.33689 -0.941544 0 0 0 0 
-0.351547 -0.918655 0 0 0 0 
-0.366199 -0.895767 0 0 0 0 
-0.359895 -0.932993 0 0 0 0 
-0.374441 -0.909823 0 0 0 0 
-0.382683 -0.92388 0 0 0 0 
1 2 6
2 7 6
2 3 7
3 8 7
3 4 8
4 9 8
4 5 9
6 7 10
7 11 10
7 8 11
8 12 11
8 9 12
10 11 13
11 14 13
11 12 14
13 14 15
ZONE N=15, E=16, F=FEPOINT, ET=TRIANGLE
-0.290285 -0.95694 0 0 0 0 
-0.266713 -0.963776 0 0 0 0 
-0.24298 -0.970031 0 0 0 0 
-0.219101 -0.975702 0 0 0 0 
-0.19509 -0.980785 0 0 0 0 
-0.285954 -0.934569 0 0 0 0 
-0.262305 -0.941114 0 0 0 0 
-0.238501 -0.947076 0 0 0 0 
-0.214559 -0.952453 0 0 0 0 
-0.281624 -0.912198 0 0 0 0 
-0.257899 -0.918451 0 0 0 0 
-0.234027 -0.92412 0 0 0 0 
-0.277294 -0.889827 0 0 0 0 
-0.253495 -0.895788 0 0 0 0 
-0.272963 -0.867455 0 0 0 0 
1 2 6
2 7 6
2 3 7
3 8 7
3 4 8
4 9 8
4 5 9
6 7 10
7 11 10
7 8 11
8 12 11
8 9 12
10 11 13
11 14 13
11 12 14
13 14 15
ZONE N=15, E=16, F=FEPOINT, ET=TRIANGLE
-0.243514 -0.517989 0 0 0 0 
-0.249172 -0.501083 0 0 0 0 
-0.25483 -0.484176 0 0 0 0 
-0.260488 -0.46727 0 0 0 0 
-0.266147 -0.450364 0 0 0 0 
-0.260895 -0.521951 0 0 0 0 
-0.266554 -0.505045 0 0 0 0 
-0.272212 -0.488139 0 0 0 0 
-0.27787 -0.471233 0 0 0 0 
-0.278277 -0.525914 0 0 0 0 
-0.283936 -0.509008 0 0 0 0 
-0.289594 -0.492102 0 0 0 0 
-0.295659 -0.529877 0 0 0 0 
-0.301317 -0.512971 0 0 0 0 
-0.313041 -0.533839 0 0 0 0 
1 2 6
2 7 6
2 3 7
3 8 7
3 4 8
4 9 8
4 5 9
6 7 10
7 11 10
7 8 11
8 12 11
8 9 12
10 11 13
11 14 13
11 12 14
13 14 15
ZONE N=15, E=16, F=FEPOINT, ET=TRIANGLE
-0.264125 -0.760751 0 0 0 0 
-0.266335 -0.787427 0 0 0 0 
-0.268544 -0.814103 0 0 0 0 
-0.270754 -0.840779 0 0 0 0 
-0.272963 -0.867455 0 0 0 0 
-0.251293 -0.775514 0 0 0 0 
-0.253503 -0.80219 0 0 0 0 
-0.255712 -0.828866 0 0 0 0 
-0.257922 -0.855542 0 0 0 0 
-0.238461 -0.790277 0 0 0 0 
-0.240671 -0.816953 0 0 0 0 
-0.24288 -0.843629 0 0 0 0 
-0.225629 -0.80504 0 0 0 0 
-0.227839 -0.831716 0 0 0 0 
-0.212797 -0.819803 0 0 0 0 
1 2 6
2 7 6
2 3 7
3 8 7
3 4 8
4 9 8
4 5 9
6 7 10
7 11 10
7 8 11
8 12 11
8 9 12
10 11 13
11 14 13
11 12 14
13 14 15
ZONE N=15, E=16, F=FEPOINT, ET=TRIANGLE
-0.551811 -0.368708 0 0 0 0 
-0.577458 -0.360239 0 0 0 0 
-0.603105 -0.35177 0 0 0 0 
-0.628752 -0.343301 0 0 0 0 
-0.654399 -0.334832 0 0 0 0 
-0.563876 -0.380553 0 0 0 0 
-0.589523 -0.372084 0 0 0 0 
-0.61517 -0.363615 0 0 0 0 
-0.640817 -0.355146 0 0 0 0 
-0.575941 -0.392397 0 0 0 0 
-0.601588 -0.383928 0 0 0 0 
-0.627235 -0.37546 0 0 0 0 
-0.588006 -0.404242 0 0 0 0 
-0.613653 -0.395773 0 0 0 0 
-0.600071 -0.416087 0 0 0 0 
1 2 6
2 7 6
2 3 7
3 8 7
3 4 8
4 9 8
4 5 9
6 7 10
7 11 10
7 8 11
8 12 11
8 9 12
10 11 13
11 14 13
11 12 14
13 14 15
ZONE N=15, E=16, F=FEPOINT, ET=TRIANGLE
-0.6677 -0.416057 0 0 0 0 
-0.67212 -0.436153 0 0 0 0 
-0.67654 -0.456249 0 0 0 0 
-0.680959 -0.476345 0 0 0 0 
-0.685379 -0.496441 0 0 0 0 
-0.650793 -0.416064 0 0 0 0 
-0.655213 -0.43616 0 0 0 0 
-0.659632 -0.456256 0 0 0 0 
-0.664052 -0.476353 0 0 0 0 
-0.633885 -0.416072 0 0 0 0 
-0.638305 -0.436168 0 0 0 0 
-0.642725 -0.456264 0 0 0 0 
-0.616978 -0.416079 0 0 0 0 
-0.621398 -0.436175 0 0 0 0 
-0.600071 -0.416087 0 0 0 0 
1 2 6
2 7 6
2 3 7
3 8 7
3 4 8
4 9 8
4 5 9
6 7 10
7 11 10
7 8 11
8 12 11
8 9 12
10 11 13
11 14 13
11 12 14
13 14 15
ZONE N=15, E=16, F=FEPOINT, ET=TRIANGLE
-0.24432 -0.305253 0 0 0 0 
-0.226168 -0.313451 0 0 0 0 
-0.208016 -0.321649 0 0 0 0 
-0.189864 -0.329847 0 0 0 0 
-0.171711 -0.338045 0 0 0 0 
-0.229262 -0.295747 0 0 0 0 
-0.21111 -0.303945 0 0 0 0 
-0.192958 -0.312143 0 0 0 0 
-0.174806 -0.320341 0 0 0 0 
-0.214204 -0.28624 0 0 0 0 
-0.196052 -0.294438 0 0 0 0 
-0.1779 -0.302636 0 0 0 0 
-0.199146 -0.276734 0 0 0 0 
-0.180994 -0.284932 0 0 0 0 
-0.184088 -0.267227 0 0 0 0 
1 2 6
2 7 6
2 3 7
3 8 7
3 4 8
4 9 8
4 5 9
6 7 10
7 11 10
7 8 11
8 12 11
8 9 12
10 11 13
11 14 13
11 12 14
13 14 15
ZONE N=15, E=16, F=FEPOINT, ET=TRIANGLE
-0.184088 -0.267227 0 0 0 0 
-0.167129 -0.261794 0 0 0 0 
-0.15017 -0.256362 0 0 0 0 
-0.133211 -0.250929 0 0 0 0 
-0.116252 -0.245496 0 0 0 0 
-0.191957 -0.251252 0 0 0 0 
-0.174998 -0.24582 0 0 0 0 
-0.158039 -0.240387 0 0 0 0 
-0.14108 -0.234954 0 0 0 0 
-0.199826 -0.235277 0 0 0 0 
-0.182867 -0.229845 0 0 0 0 
-0.165908 -0.224412 0 0 0 0 
-0.207695 -0.219302 0 0 0 0 
-0.190736 -0.21387 0 0 0 0 
-0.215564 -0.203327 0 0 0 0 
1 2 6
2 7 6
2 3 7
3 8 7
3 4 8
4 9 8
4 5 9
6 7 10
7 11 10
7 8 11
8 12 11
8 9 12
10 11 13
11 14 13
11 12 14
13 14 15
ZONE N=15, E=16, F=FEPOINT, ET=TRIANGLE
-0.42247 -0.385173 0 0 0 0 
-0.415203 -0.414212 0 0 0 0 
-0.407937 -0.443251 0 0 0 0 
-0.40067 -0.47229 0 0 0 0 
-0.393403 -0.501329 0 0 0 0 
-0.401159 -0.389075 0 0 0 0 
-0.393892 -0.418114 0 0 0 0 
-0.386625 -0.447153 0 0 0 0 
-0.379358 -0.476192 0 0 0 0 
-0.379847 -0.392977 0 0 0 0 
-0.372581 -0.422016 0 0 0 0 
-0.365314 -0.451056 0 0 0 0 
-0.358536 -0.39688 0 0 0 0 
-0.351269 -0.425919 0 0 0 0 
-0.337224 -0.400782 0 0 0 0 
1 2 6
2 7 6
2 3 7
3 8 7
3 4 8
4 9 8
4 5 9
6 7 10
7 11 10
7 8 11
8 12 11
8 9 12
10 11 13
11 14 13
11 12 14
13 14 15
ZONE N=15, E=16, F=FEPOINT, ET=TRIANGLE
-0.266147 -0.450364 0 0 0 0 
-0.258302 -0.432995 0 0 0 0 
-0.250458 -0.415626 0 0 0 0 
-0.242613 -0.398256 0 0 0 0 
-0.234769 -0.380887 0 0 0 0 
-0.283916 -0.437969 0 0 0 0 
-0.276072 -0.420599 0 0 0 0 
-0.268227 -0.40323 0 0 0 0 
-0.260383 -0.385861 0 0 0 0 
-0.301686 -0.425573 0 0 0 0 
-0.293841 -0.408204 0 0 0 0 
-0.285997 -0.390834 0 0 0 0 
-0.319455 -0.413178 0 0 0 0 
-0.311611 -0.395808 0 0 0 0 
-0.337224 -0.400782 0 0 0 0 
1 2 6
2 7 6
2 3 7
3 8 7
3 4 8
4 9 8
4 5 9
6 7 10
7 11 10
7 8 11
8 12 11
8 9 12
10 11 13
11 14 13
11 12 14
13 14 15
ZONE N=15, E=16, F=FEPOINT, ET=TRIANGLE
-0.171711 -0.338045 0 0 0 0 
-0.170856 -0.356262 0 0 0 0 
-0.17 -0.374478 0 0 0 0 
-0.169144 -0.392695 0 0 0 0 
-0.168288 -0.410911 0 0 0 0 
-0.153372 -0.333312 0 0 0 0 
-0.152517 -0.351529 0 0 0 0 
-0.151661 -0.369745 0 0 0 0 
-0.150805 -0.387962 0 0 0 0 
-0.135033 -0.328579 0 0 0 0 
-0.134177 -0.346795 0 0 0 0 
-0.133322 -0.365012 0 0 0 0 
-0.116694 -0.323845 0 0 0 0 
-0.115838 -0.342062 0 0 0 0 
-0.0983553 -0.319112 0 0 0 0 
1 2 6
2 7 6
2 3 7
3 8 7
3 4 8
4 9 8
4 5 9
6 7 10
7 11 10
7 8 11
8 12 11
8 9 12
10 11 13
11 14 13
11 12 14
13 14 15
ZONE N=15, E=16, F=FEPOINT, ET=TRIANGLE
-0.00823862 -0.272164 0 0 0 0 
-0.0307678 -0.283901 0 0 0 0 
-0.053297 -0.295638 0 0 0 0 
-0.0758261 -0.307375 0 0 0 0 
-0.0983553 -0.319112 0 0 0 0 
-0.0163859 -0.296225 0 0 0 0 
-0.0389151 -0.307962 0 0 0 0 
-0.0614443 -0.319699 0 0 0 0 
-0.0839735 -0.331436 0 0 0 0 
-0.0245333 -0.320287 0 0 0 0 
-0.0470624 -0.332024 0 0 0 0 
-0.0695916 -0.343761 0 0 0 0 
-0.0326806 -0.344348 0 0 0 0 
-0.0552098 -0.356085 0 0 0 0 
-0.0408279 -0.368409 0 0 0 0 
1 2 6
2 7 6
2 3 7
3 8 7
3 4 8
4 9 8
4 5 9
6 7 10
7 11 10
7 8 11
8 12 11
8 9 12
10 11 13
11 14 13
11 12 14
13 14 15
ZONE N=15, E=16, F=FEPOINT, ET=TRIANGLE
-0.00823862 -0.272164 0 0 0 0 
0.0160334 -0.278141 0 0 0 0 
0.0403055 -0.284117 0 0 0 0 
0.0645775 -0.290094 0 0 0 0 
0.0888495 -0.296071 0 0 0 0 
0.00987604 -0.253914 0 0 0 0 
0.0341481 -0.259891 0 0 0 0 
0.0584201 -0.265867 0 0 0 0 
0.0826922 -0.271844 0 0 0 0 
0.0279907 -0.235664 0 0 0 0 
0.0522627 -0.24164 0 0 0 0 
0.0765348 -0.247617 0 0 0 0 
0.0461054 -0.217414 0 0 0 0 
0.0703774 -0.22339 0 0 0 0 
0.06422 -0.199163 0 0 0 0 
1 2 6
2 7 6
2 3 7
3 8 7
3 4 8
4 9 8
4 5 9
6 7 10
7 11 10
7 8 11
8 12 11
8 9 12
10 11 13
11 14 13
11 12 14
13 14 15
ZONE N=15, E=16, F=FEPOINT, ET=TRIANGLE
0.040563 -0.0990647 0 0 0 0 
0.0215257 -0.117874 0 0 0 0 
0.00248845 -0.136683 0 0 0 0 
-0.0165488 -0.155492 0 0 0 0 
-0.0355861 -0.174301 0 0 0 0 
0.0464772 -0.124089 0 0 0 0 
0.02744 -0.142898 0 0 0 0 
0.00840271 -0.161707 0 0 0 0 
-0.0106345 -0.180517 0 0 0 0 
0.0523915 -0.149114 0 0 0 0 
0.0333542 -0.167923 0 0 0 0 
0.014317 -0.186732 0 0 0 0 
0.0583058 -0.174139 0 0 0 0 
0.0392685 -0.192948 0 0 0 0 
0.06422 -0.199163 0 0 0 0 
1 2 6
2 7 6
2 3 7
3 8 7
3 4 8
4 9 8
4 5 9
6 7 10
7 11 10
7 8 11
8 12 11
8 9 12
10 11 13
11 14 13
11 12 14
13 14 15
ZONE N=15, E=16, F=FEPOINT, ET=TRIANGLE
-0.00823862 -0.272164 0 0 0 0 
0.000594752 -0.288565 0 0 0 0 
0.00942812 -0.304966 0 0 0 0 
0.0182615 -0.321367 0 0 0 0 
0.0270949 -0.337768 0 0 0 0 
0.0160334 -0.278141 0 0 0 0 
0.0248668 -0.294542 0 0 0 0 
0.0337002 -0.310943 0 0 0 0 
0.0425335 -0.327344 0 0 0 0 
0.0403055 -0.284117 0 0 0 0 
0.0491388 -0.300518 0 0 0 0 
0.0579722 -0.316919 0 0 0 0 
0.0645775 -0.290094 0 0 0 0 
0.0734109 -0.306495 0 0 0 0 
0.0888495 -0.296071 0 0 0 0 
1 2 6
2 7 6
2 3 7
3 8 7
3 4 8
4 9 8
4 5 9
6 7 10
7 11 10
7 8 11
8 12 11
8 9 12
10 11 13
11 14 13
11 12 14
13 14 15
ZONE N=15, E=16, F=FEPOINT, ET=TRIANGLE
0 0 0 0 0 0 
0.0101407 -0.0247662 0 0 0 0 
0.0202815 -0.0495323 0 0 0 0 
0.0304222 -0.0742985 0 0 0 0 
0.040563 -0.0990647 0 0 0 0 
0.015625 0 0 0 0 0 
0.0257657 -0.0247662 0 0 0 0 
0.0359065 -0.0495323 0 0 0 0 
0.0460472 -0.0742985 0 0 0 0 
0.03125 0 0 0 0 0 
0.0413907 -0.0247662 0 0 0 0 
0.0515315 -0.0495323 0 0 0 0 
0.046875 0 0 0 0 0 
0.0570157 -0.0247662 0 0 0 0 
0.0625 0 0 0 0 0 
1 2 6
2 7 6
2 3 7
3 8 7
3 4 8
4 9 8
4 5 9
6 7 10
7 11 10
7 8 11
8 12 11
8 9 12
10 11 13
11 14 13
11 12 14
13 14 15
ZONE N=15, E=16, F=FEPOINT, ET=TRIANGLE
0.178308 -0.119355 0 0 0 0 
0.160082 -0.123663 0 0 0 0 
0.141855 -0.12797 0 0 0 0 
0.123629 -0.132278 0 0 0 0 
0.105403 -0.136585 0 0 0 0 
0.174613 -0.144436 0 0 0 0 
0.156387 -0.148744 0 0 0 0 
0.138161 -0.153051 0 0 0 0 
0.119935 -0.157359 0 0 0 0 
0.170919 -0.169517 0 0 0 0 
0.152693 -0.173825 0 0 0 0 
0.134466 -0.178132 0 0 0 0 
0.167224 -0.194598 0 0 0 0 
0.148998 -0.198906 0 0 0 0 
0.16353 -0.219679 0 0 0 0 
1 2 6
2 7 6
2 3 7
3 8 7
3 4 8
4 9 8
4 5 9
6 7 10
7 11 10
7 8 11
8 12 11
8 9 12
10 11 13
11 14 13
11 12 14
13 14 15
ZONE N=15, E=16, F=FEPOINT, ET=TRIANGLE
0.25 0 0 0 0 0 
0.234375 -0.0109169 0 0 0 0 
0.21875 -0.0218338 0 0 0 0 
0.203125 -0.0327507 0 0 0 0 
0.1875 -0.0436676 0 0 0 0 
0.254409 -0.0229504 0 0 0 0 
0.238784 -0.0338673 0 0 0 0 
0.223159 -0.0447842 0 0 0 0 
0.207534 -0.0557011 0 0 0 0 
0.258818 -0.0459008 0 0 0 0 
0.243193 -0.0568177 0 0 0 0 
0.227568 -0.0677346 0 0 0 0 
0.263226 -0.0688513 0 0 0 0 
0.247601 -0.0797682 0 0 0 0 
0.267635 -0.0918017 0 0 0 0 
1 2 6
2 7 6
2 3 7
3 8 7
3 4 8
4 9 8
4 5 9
6 7 10
7 11 10
7 8 11
8 12 11
8 9 12
10 11 13
11 14 13
11 12 14
13 14 15
ZONE N=15, E=16, F=FEPOINT, ET=TRIANGLE
-0.127294 -0.47125 0 0 0 0 
-0.100525 -0.482596 0 0 0 0 
-0.0737567 -0.493943 0 0 0 0 
-0.0469882 -0.50529 0 0 0 0 
-0.0202197 -0.516637 0 0 0 0 
-0.100657 -0.463728 0 0 0 0 
-0.0738887 -0.475075 0 0 0 0 
-0.0471202 -0.486422 0 0 0 0 
-0.0203517 -0.497769 0 0 0 0 
-0.0740207 -0.456207 0 0 0 0 
-0.0472522 -0.467554 0 0 0 0 
-0.0204837 -0.478901 0 0 0 0 
-0.0473842 -0.448685 0 0 0 0 
-0.0206157 -0.460032 0 0 0 0 
-0.0207478 -0.441164 0 0 0 0 
1 2 6
2 7 6
2 3 7
3 8 7
3 4 8
4 9 8
4 5 9
6 7 10
7 11 10
7 8 11
8 12 11
8 9 12
10 11 13
11 14 13
11 12 14
13 14 15
ZONE N=15, E=16, F=FEPOINT, ET=TRIANGLE
0.25 0 0 0 0 0 
0.254409 -0.0229504 0 0 0 0 
0.258818 -0.0459008 0 0 0 0 
0.263226 -0.0688513 0 0 0 0 
0.267635 -0.0918017 0 0 0 0 
0.265625 0 0 0 0 0 
0.270034 -0.0229504 0 0 0 0 
0.274443 -0.0459008 0 0 0 0 
0.278851 -0.0688513 0 0 0 0 
0.28125 0 0 0 0 0 
0.285659 -0.0229504 0 0 0 0 
0.290068 -0.0459008 0 0 0 0 
0.296875 0 0 0 0 0 
0.301284 -0.0229504 0 0 0 0 
0.3125 0 0 0 0 0 
1 2 6
2 7 6
2 3 7
3 8 7
3 4 8
4 9 8
4 5 9
6 7 10
7 11 10
7 8 11
8 12 11
8 9 12
10 11 13
11 14 13
11 12 14
13 14 15
ZONE N=15, E=16, F=FEPOINT, ET=TRIANGLE
0.06422 -0.199163 0 0 0 0 
0.0890475 -0.204292 0 0 0 0 
0.113875 -0.209421 0 0 0 0 
0.138702 -0.21455 0 0 0 0 
0.16353 -0.219679 0 0 0 0 
0.0745158 -0.183519 0 0 0 0 
0.0993432 -0.188648 0 0 0 0 
0.124171 -0.193777 0 0 0 0 
0.148998 -0.198906 0 0 0 0 
0.0848115 -0.167874 0 0 0 0 
0.109639 -0.173003 0 0 0 0 
0.134466 -0.178132 0 0 0 0 
0.0951072 -0.15223 0 0 0 0 
0.119935 -0.157359 0 0 0 0 
0.105403 -0.136585 0 0 0 0 
1 2 6
2 7 6
2 3 7
3 8 7
3 4 8
4 9 8
4 5 9
6 7 10
7 11 10
7 8 11
8 12 11
8 9 12
10 11 13
11 14 13
11 12 14
13 14 15
ZONE N=15, E=16, F=FEPOINT, ET=TRIANGLE
0.09375 -0.0588813 0 0 0 0 
0.11489 -0.0739998 0 0 0 0 
0.136029 -0.0891182 0 0 0 0 
0.157169 -0.104237 0 0 0 0 
0.178308 -0.119355 0 0 0 0 
0.117187 -0.0550779 0 0 0 0 
0.138327 -0.0701963 0 0 0 0 
0.159467 -0.0853148 0 0 0 0 
0.180606 -0.100433 0 0 0 0 
0.140625 -0.0512744 0 0 0 0 
0.161765 -0.0663929 0 0 0 0 
0.182904 -0.0815114 0 0 0 0 
0.164062 -0.047471 0 0 0 0 
0.185202 -0.0625895 0 0 0 0 
0.1875 -0.0436676 0 0 0 0 
1 2 6
2 7 6
2 3 7
3 8 7
3 4 8
4 9 8
4 5 9
6 7 10
7 11 10
7 8 11
8 12 11
8 9 12
10 11 13
11 14 13
11 12 14
13 14 15
ZONE N=15, E=16, F=FEPOINT, ET=TRIANGLE
0.06422 -0.199163 0 0 0 0 
0.0703774 -0.22339 0 0 0 0 
0.0765348 -0.247617 0 0 0 0 
0.0826922 -0.271844 0 0 0 0 
0.0888495 -0.296071 0 0 0 0 
0.0890475 -0.204292 0 0 0 0 
0.0952048 -0.228519 0 0 0 0 
0.101362 -0.252746 0 0 0 0 
0.10752 -0.276973 0 0 0 0 
0.113875 -0.209421 0 0 0 0 
0.120032 -0.233648 0 0 0 0 
0.12619 -0.257875 0 0 0 0 
0.138702 -0.21455 0 0 0 0 
0.14486 -0.238777 0 0 0 0 
0.16353 -0.219679 0 0 0 0 
1 2 6
2 7 6
2 3 7
3 8 7
3 4 8
4 9 8
4 5 9
6 7 10
7 11 10
7 8 11
8 12 11
8 9 12
10 11 13
11 14 13
11 12 14
13 14 15
ZONE N=15, E=16, F=FEPOINT, ET=TRIANGLE
0.16353 -0.219679 0 0 0 0 
0.14486 -0.238777 0 0 0 0 
0.12619 -0.257875 0 0 0 0 
0.10752 -0.276973 0 0 0 0 
0.0888495 -0.296071 0 0 0 0 
0.165101 -0.23989 0 0 0 0 
0.146431 -0.258988 0 0 0 0 
0.127761 -0.278086 0 0 0 0 
0.109091 -0.297183 0 0 0 0 
0.166672 -0.260101 0 0 0 0 
0.148002 -0.279199 0 0 0 0 
0.129332 -0.298296 0 0 0 0 
0.168243 -0.280312 0 0 0 0 
0.149573 -0.299409 0 0 0 0 
0.169814 -0.300522 0 0 0 0 
1 2 6
2 7 6
2 3 7
3 8 7
3 4 8
4 9 8
4 5 9
6 7 10
7 11 10
7 8 11
8 12 11
8 9 12
10 11 13
11 14 13
11 12 14
13 14 15
ZONE N=15, E=16, F=FEPOINT, ET=TRIANGLE
0.09375 -0.0588813 0 0 0 0 
0.117187 -0.0550779 0 0 0 0 
0.140625 -0.0512744 0 0 0 0 
0.164062 -0.047471 0 0 0 0 
0.1875 -0.0436676 0 0 0 0 
0.101562 -0.044161 0 0 0 0 
0.125 -0.0403575 0 0 0 0 
0.148438 -0.0365541 0 0 0 0 
0.171875 -0.0327507 0 0 0 0 
0.109375 -0.0294406 0 0 0 0 
0.132812 -0.0256372 0 0 0 0 
0.15625 -0.0218338 0 0 0 0 
0.117188 -0.0147203 0 0 0 0 
0.140625 -0.0109169 0 0 0 0 
0.125 0 0 0 0 0 
1 2 6
2 7 6
2 3 7
3 8 7
3 4 8
4 9 8
4 5 9
6 7 10
7 11 10
7 8 11
8 12 11
8 9 12
10 11 13
11 14 13
11 12 14
13 14 15
ZONE N=15, E=16, F=FEPOINT, ET=TRIANGLE
0.227546 0.107402 0 0 0 0 
0.212714 0.0958991 0 0 0 0 
0.197882 0.0843966 0 0 0 0 
0.18305 0.0728941 0 0 0 0 
0.168218 0.0613916 0 0 0 0 
0.23316 0.0805512 0 0 0 0 
0.218328 0.0690487 0 0 0 0 
0.203496 0.0575462 0 0 0 0 
0.188664 0.0460437 0 0 0 0 
0.238773 0.0537008 0 0 0 0 
0.223941 0.0421983 0 0 0 0 
0.209109 0.0306958 0 0 0 0 
0.244387 0.0268504 0 0 0 0 
0.229555 0.0153479 0 0 0 0 
0.25 0 0 0 0 0 
1 2 6
2 7 6
2 3 7
3 8 7
3 4 8
4 9 8
4 5 9
6 7 10
7 11 10
7 8 11
8 12 11
8 9 12
10 11 13
11 14 13
11 12 14
13 14 15
ZONE N=15, E=16, F=FEPOINT, ET=TRIANGLE
-0.0408279 -0.368409 0 0 0 0 
-0.0238472 -0.360749 0 0 0 0 
-0.00686652 -0.353089 0 0 0 0 
0.0101142 -0.345429 0 0 0 0 
0.0270949 -0.337768 0 0 0 0 
-0.0326806 -0.344348 0 0 0 0 
-0.0156999 -0.336688 0 0 0 0 
0.0012808 -0.329028 0 0 0 0 
0.0182615 -0.321367 0 0 0 0 
-0.0245333 -0.320287 0 0 0 0 
-0.00755257 -0.312627 0 0 0 0 
0.00942812 -0.304966 0 0 0 0 
-0.0163859 -0.296225 0 0 0 0 
0.000594752 -0.288565 0 0 0 0 
-0.00823862 -0.272164 0 0 0 0 
1 2 6
2 7 6
2 3 7
3 8 7
3 4 8
4 9 8
4 5 9
6 7 10
7 11 10
7 8 11
8 12 11
8 9 12
10 11 13
11 14 13
11 12 14
13 14 15
ZONE N=15, E=16, F=FEPOINT, ET=TRIANGLE
0.169814 -0.300522 0 0 0 0 
0.149573 -0.299409 0 0 0 0 
0.129332 -0.298296 0 0 0 0 
0.109091 -0.297183 0 0 0 0 
0.0888495 -0.296071 0 0 0 0 
0.163881 -0.319906 0 0 0 0 
0.14364 -0.318793 0 0 0 0 
0.123399 -0.31768 0 0 0 0 
0.103158 -0.316568 0 0 0 0 
0.157948 -0.33929 0 0 0 0 
0.137707 -0.338177 0 0 0 0 
0.117466 -0.337065 0 0 0 0 
0.152015 -0.358674 0 0 0 0 
0.131774 -0.357562 0 0 0 0 
0.146082 -0.378059 0 0 0 0 
1 2 6
2 7 6
2 3 7
3 8 7
3 4 8
4 9 8
4 5 9
6 7 10
7 11 10
7 8 11
8 12 11
8 9 12
10 11 13
11 14 13
11 12 14
13 14 15
ZONE N=15, E=16, F=FEPOINT, ET=TRIANGLE
0.348766 -0.195715 0 0 0 0 
0.329428 -0.189906 0 0 0 0 
0.31009 -0.184098 0 0 0 0 
0.290752 -0.178289 0 0 0 0 
0.271413 -0.17248 0 0 0 0 
0.327067 -0.20996 0 0 0 0 
0.307729 -0.204151 0 0 0 0 
0.28839 -0.198342 0 0 0 0 
0.269052 -0.192533 0 0 0 0 
0.305368 -0.224204 0 0 0 0 
0.286029 -0.218395 0 0 0 0 
0.266691 -0.212587 0 0 0 0 
0.283668 -0.238449 0 0 0 0 
0.26433 -0.23264 0 0 0 0 
0.261969 -0.252693 0 0 0 0 
1 2 6
2 7 6
2 3 7
3 8 7
3 4 8
4 9 8
4 5 9
6 7 10
7 11 10
7 8 11
8 12 11
8 9 12
10 11 13
11 14 13
11 12 14
13 14 15
ZONE N=15, E=16, F=FEPOINT, ET=TRIANGLE
0.358659 -0.363196 0 0 0 0 
0.355149 -0.380782 0 0 0 0 
0.351639 -0.398369 0 0 0 0 
0.348129 -0.415955 0 0 0 0 
0.344619 -0.433541 0 0 0 0 
0.372177 -0.372577 0 0 0 0 
0.368667 -0.390163 0 0 0 0 
0.365157 -0.407749 0 0 0 0 
0.361647 -0.425335 0 0 0 0 
0.385696 -0.381957 0 0 0 0 
0.382186 -0.399543 0 0 0 0 
0.378676 -0.41713 0 0 0 0 
0.399214 -0.391338 0 0 0 0 
0.395704 -0.408924 0 0 0 0 
0.412732 -0.400718 0 0 0 0 
1 2 6
2 7 6
2 3 7
3 8 7
3 4 8
4 9 8
4 5 9
6 7 10
7 11 10
7 8 11
8 12 11
8 9 12
10 11 13
11 14 13
11 12 14
13 14 15
ZONE N=15, E=16, F=FEPOINT, ET=TRIANGLE
0.040563 -0.0990647 0 0 0 0 
0.0538597 -0.0890188 0 0 0 0 
0.0671565 -0.078973 0 0 0 0 
0.0804532 -0.0689271 0 0 0 0 
0.09375 -0.0588813 0 0 0 0 
0.0460472 -0.0742985 0 0 0 0 
0.059344 -0.0642527 0 0 0 0 
0.0726407 -0.0542068 0 0 0 0 
0.0859375 -0.044161 0 0 0 0 
0.0515315 -0.0495323 0 0 0 0 
0.0648282 -0.0394865 0 0 0 0 
0.078125 -0.0294406 0 0 0 0 
0.0570157 -0.0247662 0 0 0 0 
0.0703125 -0.0147203 0 0 0 0 
0.0625 0 0 0 0 0 
1 2 6
2 7 6
2 3 7
3 8 7
3 4 8
4 9 8
4 5 9
6 7 10
7 11 10
7 8 11
8 12 11
8 9 12
10 11 13
11 14 13
11 12 14
13 14 15
ZONE N=15, E=16, F=FEPOINT, ET=TRIANGLE
0.125 0 0 0 0 0 
0.117188 0.0177357 0 0 0 0 
0.109375 0.0354715 0 0 0 0 
0.101562 0.0532072 0 0 0 0 
0.09375 0.0709429 0 0 0 0 
0.109375 0 0 0 0 0 
0.101562 0.0177357 0 0 0 0 
0.09375 0.0354715 0 0 0 0 
0.0859375 0.0532072 0 0 0 0 
0.09375 0 0 0 0 0 
0.0859375 0.0177357 0 0 0 0 
0.078125 0.0354715 0 0 0 0 
0.078125 0 0 0 0 0 
0.0703125 0.0177357 0 0 0 0 
0.0625 0 0 0 0 0 
1 2 6
2 7 6
2 3 7
3 8 7
3 4 8
4 9 8
4 5 9
6 7 10
7 11 10
7 8 11
8 12 11
8 9 12
10 11 13
11 14 13
11 12 14
13 14 15
ZONE N=15, E=16, F=FEPOINT, ET=TRIANGLE
0.09375 -0.0588813 0 0 0 0 
0.0804532 -0.0689271 0 0 0 0 
0.0671565 -0.078973 0 0 0 0 
0.0538597 -0.0890188 0 0 0 0 
0.040563 -0.0990647 0 0 0 0 
0.0966632 -0.0783073 0 0 0 0 
0.0833665 -0.0883532 0 0 0 0 
0.0700697 -0.098399 0 0 0 0 
0.056773 -0.108445 0 0 0 0 
0.0995765 -0.0977333 0 0 0 0 
0.0862797 -0.107779 0 0 0 0 
0.072983 -0.117825 0 0 0 0 
0.10249 -0.117159 0 0 0 0 
0.089193 -0.127205 0 0 0 0 
0.105403 -0.136585 0 0 0 0 
1 2 6
2 7 6
2 3 7
3 8 7
3 4 8
4 9 8
4 5 9
6 7 10
7 11 10
7 8 11
8 12 11
8 9 12
10 11 13
11 14 13
11 12 14
13 14 15
ZONE N=15, E=16, F=FEPOINT, ET=TRIANGLE
0.105403 -0.136585 0 0 0 0 
0.123629 -0.132278 0 0 0 0 
0.141855 -0.12797 0 0 0 0 
0.160082 -0.123663 0 0 0 0 
0.178308 -0.119355 0 0 0 0 
0.10249 -0.117159 0 0 0 0 
0.120716 -0.112852 0 0 0 0 
0.138942 -0.108544 0 0 0 0 
0.157169 -0.104237 0 0 0 0 
0.0995765 -0.0977333 0 0 0 0 
0.117803 -0.0934258 0 0 0 0 
0.136029 -0.0891182 0 0 0 0 
0.0966632 -0.0783073 0 0 0 0 
0.11489 -0.0739998 0 0 0 0 
0.09375 -0.0588813 0 0 0 0 
1 2 6
2 7 6
2 3 7
3 8 7
3 4 8
4 9 8
4 5 9
6 7 10
7 11 10
7 8 11
8 12 11
8 9 12
10 11 13
11 14 13
11 12 14
13 14 15
ZONE N=15, E=16, F=FEPOINT, ET=TRIANGLE
0.125 0 0 0 0 0 
0.135805 0.0153479 0 0 0 0 
0.146609 0.0306958 0 0 0 0 
0.157414 0.0460437 0 0 0 0 
0.168218 0.0613916 0 0 0 0 
0.117188 0.0177357 0 0 0 0 
0.127992 0.0330836 0 0 0 0 
0.138797 0.0484315 0 0 0 0 
0.149601 0.0637794 0 0 0 0 
0.109375 0.0354715 0 0 0 0 
0.12018 0.0508193 0 0 0 0 
0.130984 0.0661672 0 0 0 0 
0.101562 0.0532072 0 0 0 0 
0.112367 0.0685551 0 0 0 0 
0.09375 0.0709429 0 0 0 0 
1 2 6
2 7 6
2 3 7
3 8 7
3 4 8
4 9 8
4 5 9
6 7 10
7 11 10
7 8 11
8 12 11
8 9 12
10 11 13
11 14 13
11 12 14
13 14 15
ZONE N=15, E=16, F=FEPOINT, ET=TRIANGLE
0.123585 0.142492 0 0 0 0 
0.0913462 0.137957 0 0 0 0 
0.0591075 0.133421 0 0 0 0 
0.0268687 0.128885 0 0 0 0 
-0.00536997 0.124349 0 0 0 0 
0.116126 0.124605 0 0 0 0 
0.0838874 0.120069 0 0 0 0 
0.0516487 0.115534 0 0 0 0 
0.01941 0.110998 0 0 0 0 
0.108667 0.106718 0 0 0 0 
0.0764287 0.102182 0 0 0 0 
0.04419 0.0976462 0 0 0 0 
0.101209 0.0888303 0 0 0 0 
0.06897 0.0842945 0 0 0 0 
0.09375 0.0709429 0 0 0 0 
1 2 6
2 7 6
2 3 7
3 8 7
3 4 8
4 9 8
4 5 9
6 7 10
7 11 10
7 8 11
8 12 11
8 9 12
10 11 13
11 14 13
11 12 14
13 14 15
ZONE N=15, E=16, F=FEPOINT, ET=TRIANGLE
0.03125 0.0561197 0 0 0 0 
0.046875 0.0598255 0 0 0 0 
0.0625 0.0635313 0 0 0 0 
0.078125 0.0672371 0 0 0 0 
0.09375 0.0709429 0 0 0 0 
0.022095 0.0731771 0 0 0 0 
0.03772 0.0768829 0 0 0 0 
0.053345 0.0805887 0 0 0 0 
0.06897 0.0842945 0 0 0 0 
0.01294 0.0902345 0 0 0 0 
0.028565 0.0939403 0 0 0 0 
0.04419 0.0976462 0 0 0 0 
0.00378502 0.107292 0 0 0 0 
0.01941 0.110998 0 0 0 0 
-0.00536997 0.124349 0 0 0 0 
1 2 6
2 7 6
2 3 7
3 8 7
3 4 8
4 9 8
4 5 9
6 7 10
7 11 10
7 8 11
8 12 11
8 9 12
10 11 13
11 14 13
11 12 14
13 14 15
ZONE N=15, E=16, F=FEPOINT, ET=TRIANGLE
-0.00536997 0.124349 0 0 0 0 
-0.0196525 0.110834 0 0 0 0 
-0.033935 0.0973185 0 0 0 0 
-0.0482175 0.083803 0 0 0 0 
-0.0625 0.0702876 0 0 0 0 
0.00378502 0.107292 0 0 0 0 
-0.0104975 0.0937765 0 0 0 0 
-0.02478 0.0802611 0 0 0 0 
-0.0390625 0.0667456 0 0 0 0 
0.01294 0.0902345 0 0 0 0 
-0.00134249 0.0767191 0 0 0 0 
-0.015625 0.0632036 0 0 0 0 
0.022095 0.0731771 0 0 0 0 
0.0078125 0.0596616 0 0 0 0 
0.03125 0.0561197 0 0 0 0 
1 2 6
2 7 6
2 3 7
3 8 7
3 4 8
4 9 8
4 5 9
6 7 10
7 11 10
7 8 11
8 12 11
8 9 12
10 11 13
11 14 13
11 12 14
13 14 15
ZONE N=15, E=16, F=FEPOINT, ET=TRIANGLE
0.125 0 0 0 0 0 
0.15625 0 0 0 0 0 
0.1875 0 0 0 0 0 
0.21875 0 0 0 0 0 
0.25 0 0 0 0 0 
0.135805 0.0153479 0 0 0 0 
0.167055 0.0153479 0 0 0 0 
0.198305 0.0153479 0 0 0 0 
0.229555 0.0153479 0 0 0 0 
0.146609 0.0306958 0 0 0 0 
0.177859 0.0306958 0 0 0 0 
0.209109 0.0306958 0 0 0 0 
0.157414 0.0460437 0 0 0 0 
0.188664 0.0460437 0 0 0 0 
0.168218 0.0613916 0 0 0 0 
1 2 6
2 7 6
2 3 7
3 8 7
3 4 8
4 9 8
4 5 9
6 7 10
7 11 10
7 8 11
8 12 11
8 9 12
10 11 13
11 14 13
11 12 14
13 14 15
ZONE N=15, E=16, F=FEPOINT, ET=TRIANGLE
0.227546 0.107402 0 0 0 0 
0.201556 0.116174 0 0 0 0 
0.175565 0.124947 0 0 0 0 
0.149575 0.13372 0 0 0 0 
0.123585 0.142492 0 0 0 0 
0.212714 0.0958991 0 0 0 0 
0.186724 0.104672 0 0 0 0 
0.160733 0.113445 0 0 0 0 
0.134743 0.122217 0 0 0 0 
0.197882 0.0843966 0 0 0 0 
0.171892 0.0931693 0 0 0 0 
0.145902 0.101942 0 0 0 0 
0.18305 0.0728941 0 0 0 0 
0.15706 0.0816668 0 0 0 0 
0.168218 0.0613916 0 0 0 0 
1 2 6
2 7 6
2 3 7
3 8 7
3 4 8
4 9 8
4 5 9
6 7 10
7 11 10
7 8 11
8 12 11
8 9 12
10 11 13
11 14 13
11 12 14
13 14 15
ZONE N=15, E=16, F=FEPOINT, ET=TRIANGLE
0.178308 -0.119355 0 0 0 0 
0.20064 -0.112467 0 0 0 0 
0.222972 -0.105578 0 0 0 0 
0.245303 -0.0986901 0 0 0 0 
0.267635 -0.0918017 0 0 0 0 
0.180606 -0.100433 0 0 0 0 
0.202938 -0.0935449 0 0 0 0 
0.22527 -0.0866566 0 0 0 0 
0.247601 -0.0797682 0 0 0 0 
0.182904 -0.0815114 0 0 0 0 
0.205236 -0.074623 0 0 0 0 
0.227568 -0.0677346 0 0 0 0 
0.185202 -0.0625895 0 0 0 0 
0.207534 -0.0557011 0 0 0 0 
0.1875 -0.0436676 0 0 0 0 
1 2 6
2 7 6
2 3 7
3 8 7
3 4 8
4 9 8
4 5 9
6 7 10
7 11 10
7 8 11
8 12 11
8 9 12
10 11 13
11 14 13
11 12 14
13 14 15
ZONE N=15, E=16, F=FEPOINT, ET=TRIANGLE
0.1875 -0.0436676 0 0 0 0 
0.203125 -0.0327507 0 0 0 0 
0.21875 -0.0218338 0 0 0 0 
0.234375 -0.0109169 0 0 0 0 
0.25 0 0 0 0 0 
0.171875 -0.0327507 0 0 0 0 
0.1875 -0.0218338 0 0 0 0 
0.203125 -0.0109169 0 0 0 0 
0.21875 0 0 0 0 0 
0.15625 -0.0218338 0 0 0 0 
0.171875 -0.0109169 0 0 0 0 
0.1875 0 0 0 0 0 
0.140625 -0.0109169 0 0 0 0 
0.15625 0 0 0 0 0 
0.125 0 0 0 0 0 
1 2 6
2 7 6
2 3 7
3 8 7
3 4 8
4 9 8
4 5 9
6 7 10
7 11 10
7 8 11
8 12 11
8 9 12
10 11 13
11 14 13
11 12 14
13 14 15
ZONE N=15, E=16, F=FEPOINT, ET=TRIANGLE
0.271413 -0.17248 0 0 0 0 
0.255624 -0.173114 0 0 0 0 
0.239835 -0.173749 0 0 0 0 
0.224046 -0.174383 0 0 0 0 
0.208257 -0.175017 0 0 0 0 
0.269052 -0.192533 0 0 0 0 
0.253263 -0.193168 0 0 0 0 
0.237474 -0.193802 0 0 0 0 
0.221685 -0.194436 0 0 0 0 
0.266691 -0.212587 0 0 0 0 
0.250902 -0.213221 0 0 0 0 
0.235113 -0.213855 0 0 0 0 
0.26433 -0.23264 0 0 0 0 
0.248541 -0.233274 0 0 0 0 
0.261969 -0.252693 0 0 0 0 
1 2 6
2 7 6
2 3 7
3 8 7
3 4 8
4 9 8
4 5 9
6 7 10
7 11 10
7 8 11
8 12 11
8 9 12
10 11 13
11 14 13
11 12 14
13 14 15
ZONE N=15, E=16, F=FEPOINT, ET=TRIANGLE
0.34375 -0.0721361 0 0 0 0 
0.367188 -0.0715802 0 0 0 0 
0.390625 -0.0710243 0 0 0 0 
0.414062 -0.0704684 0 0 0 0 
0.4375 -0.0699125 0 0 0 0 
0.351562 -0.0541021 0 0 0 0 
0.375 -0.0535462 0 0 0 0 
0.398438 -0.0529903 0 0 0 0 
0.421875 -0.0524344 0 0 0 0 
0.359375 -0.0360681 0 0 0 0 
0.382812 -0.0355122 0 0 0 0 
0.40625 -0.0349562 0 0 0 0 
0.367188 -0.018034 0 0 0 0 
0.390625 -0.0174781 0 0 0 0 
0.375 0 0 0 0 0 
1 2 6
2 7 6
2 3 7
3 8 7
3 4 8
4 9 8
4 5 9
6 7 10
7 11 10
7 8 11
8 12 11
8 9 12
10 11 13
11 14 13
11 12 14
13 14 15
ZONE N=15, E=16, F=FEPOINT, ET=TRIANGLE
-0.0207478 -0.441164 0 0 0 0 
-0.00878711 -0.415315 0 0 0 0 
0.00317355 -0.389466 0 0 0 0 
0.0151342 -0.363617 0 0 0 0 
0.0270949 -0.337768 0 0 0 0 
-0.0257678 -0.422975 0 0 0 0 
-0.0138071 -0.397126 0 0 0 0 
-0.00184649 -0.371277 0 0 0 0 
0.0101142 -0.345429 0 0 0 0 
-0.0307878 -0.404787 0 0 0 0 
-0.0188272 -0.378938 0 0 0 0 
-0.00686652 -0.353089 0 0 0 0 
-0.0358079 -0.386598 0 0 0 0 
-0.0238472 -0.360749 0 0 0 0 
-0.0408279 -0.368409 0 0 0 0 
1 2 6
2 7 6
2 3 7
3 8 7
3 4 8
4 9 8
4 5 9
6 7 10
7 11 10
7 8 11
8 12 11
8 9 12
10 11 13
11 14 13
11 12 14
13 14 15
ZONE N=15, E=16, F=FEPOINT, ET=TRIANGLE
0.0722043 -0.400394 0 0 0 0 
0.0763656 -0.374313 0 0 0 0 
0.0805269 -0.348232 0 0 0 0 
0.0846882 -0.322151 0 0 0 0 
0.0888495 -0.296071 0 0 0 0 
0.060927 -0.384737 0 0 0 0 
0.0650883 -0.358657 0 0 0 0 
0.0692496 -0.332576 0 0 0 0 
0.0734109 -0.306495 0 0 0 0 
0.0496496 -0.369081 0 0 0 0 
0.0538109 -0.343 0 0 0 0 
0.0579722 -0.316919 0 0 0 0 
0.0383722 -0.353425 0 0 0 0 
0.0425335 -0.327344 0 0 0 0 
0.0270949 -0.337768 0 0 0 0 
1 2 6
2 7 6
2 3 7
3 8 7
3 4 8
4 9 8
4 5 9
6 7 10
7 11 10
7 8 11
8 12 11
8 9 12
10 11 13
11 14 13
11 12 14
13 14 15
ZONE N=15, E=16, F=FEPOINT, ET=TRIANGLE
-0.173293 -0.626983 0 0 0 0 
-0.191671 -0.617679 0 0 0 0 
-0.210049 -0.608375 0 0 0 0 
-0.228428 -0.599071 0 0 0 0 
-0.246806 -0.589767 0 0 0 0 
-0.183387 -0.64494 0 0 0 0 
-0.201765 -0.635636 0 0 0 0 
-0.220143 -0.626332 0 0 0 0 
-0.238522 -0.617028 0 0 0 0 
-0.193481 -0.662896 0 0 0 0 
-0.211859 -0.653592 0 0 0 0 
-0.230237 -0.644288 0 0 0 0 
-0.203575 -0.680853 0 0 0 0 
-0.221953 -0.671549 0 0 0 0 
-0.213669 -0.698809 0 0 0 0 
1 2 6
2 7 6
2 3 7
3 8 7
3 4 8
4 9 8
4 5 9
6 7 10
7 11 10
7 8 11
8 12 11
8 9 12
10 11 13
11 14 13
11 12 14
13 14 15
ZONE N=15, E=16, F=FEPOINT, ET=TRIANGLE
0.0356578 -0.650347 0 0 0 0 
0.0465611 -0.667763 0 0 0 0 
0.0574645 -0.685179 0 0 0 0 
0.0683678 -0.702595 0 0 0 0 
0.0792712 -0.720011 0 0 0 0 
0.0646892 -0.647771 0 0 0 0 
0.0755925 -0.665187 0 0 0 0 
0.0864959 -0.682603 0 0 0 0 
0.0973992 -0.700019 0 0 0 0 
0.0937206 -0.645194 0 0 0 0 
0.104624 -0.66261 0 0 0 0 
0.115527 -0.680026 0 0 0 0 
0.122752 -0.642618 0 0 0 0 
0.133655 -0.660034 0 0 0 0 
0.151784 -0.640041 0 0 0 0 
1 2 6
2 7 6
2 3 7
3 8 7
3 4 8
4 9 8
4 5 9
6 7 10
7 11 10
7 8 11
8 12 11
8 9 12
10 11 13
11 14 13
11 12 14
13 14 15
ZONE N=15, E=16, F=FEPOINT, ET=TRIANGLE
0.146082 -0.378059 0 0 0 0 
0.164863 -0.373207 0 0 0 0 
0.183644 -0.368355 0 0 0 0 
0.202425 -0.363504 0 0 0 0 
0.221206 -0.358652 0 0 0 0 
0.152015 -0.358674 0 0 0 0 
0.170796 -0.353823 0 0 0 0 
0.189577 -0.348971 0 0 0 0 
0.208358 -0.34412 0 0 0 0 
0.157948 -0.33929 0 0 0 0 
0.176729 -0.334439 0 0 0 0 
0.19551 -0.329587 0 0 0 0 
0.163881 -0.319906 0 0 0 0 
0.182662 -0.315055 0 0 0 0 
0.169814 -0.300522 0 0 0 0 
1 2 6
2 7 6
2 3 7
3 8 7
3 4 8
4 9 8
4 5 9
6 7 10
7 11 10
7 8 11
8 12 11
8 9 12
10 11 13
11 14 13
11 12 14
13 14 15
ZONE N=15, E=16, F=FEPOINT, ET=TRIANGLE
0.261969 -0.252693 0 0 0 0 
0.237359 -0.24444 0 0 0 0 
0.212749 -0.236186 0 0 0 0 
0.18814 -0.227933 0 0 0 0 
0.16353 -0.219679 0 0 0 0 
0.23893 -0.26465 0 0 0 0 
0.21432 -0.256397 0 0 0 0 
0.189711 -0.248144 0 0 0 0 
0.165101 -0.23989 0 0 0 0 
0.215892 -0.276608 0 0 0 0 
0.191282 -0.268354 0 0 0 0 
0.166672 -0.260101 0 0 0 0 
0.192853 -0.288565 0 0 0 0 
0.168243 -0.280312 0 0 0 0 
0.169814 -0.300522 0 0 0 0 
1 2 6
2 7 6
2 3 7
3 8 7
3 4 8
4 9 8
4 5 9
6 7 10
7 11 10
7 8 11
8 12 11
8 9 12
10 11 13
11 14 13
11 12 14
13 14 15
ZONE N=15, E=16, F=FEPOINT, ET=TRIANGLE
0.047451 -0.473497 0 0 0 0 
0.0678237 -0.482793 0 0 0 0 
0.0881964 -0.492089 0 0 0 0 
0.108569 -0.501385 0 0 0 0 
0.128942 -0.510681 0 0 0 0 
0.0774762 -0.467186 0 0 0 0 
0.0978489 -0.476482 0 0 0 0 
0.118222 -0.485778 0 0 0 0 
0.138594 -0.495074 0 0 0 0 
0.107501 -0.460875 0 0 0 0 
0.127874 -0.470171 0 0 0 0 
0.148247 -0.479467 0 0 0 0 
0.137527 -0.454564 0 0 0 0 
0.157899 -0.46386 0 0 0 0 
0.167552 -0.448252 0 0 0 0 
1 2 6
2 7 6
2 3 7
3 8 7
3 4 8
4 9 8
4 5 9
6 7 10
7 11 10
7 8 11
8 12 11
8 9 12
10 11 13
11 14 13
11 12 14
13 14 15
ZONE N=15, E=16, F=FEPOINT, ET=TRIANGLE
0.353535 -0.297579 0 0 0 0 
0.352343 -0.272113 0 0 0 0 
0.35115 -0.246647 0 0 0 0 
0.349958 -0.221181 0 0 0 0 
0.348766 -0.195715 0 0 0 0 
0.330643 -0.286358 0 0 0 0 
0.329451 -0.260892 0 0 0 0 
0.328259 -0.235426 0 0 0 0 
0.327067 -0.20996 0 0 0 0 
0.307752 -0.275136 0 0 0 0 
0.30656 -0.24967 0 0 0 0 
0.305368 -0.224204 0 0 0 0 
0.28486 -0.263915 0 0 0 0 
0.283668 -0.238449 0 0 0 0 
0.261969 -0.252693 0 0 0 0 
1 2 6
2 7 6
2 3 7
3 8 7
3 4 8
4 9 8
4 5 9
6 7 10
7 11 10
7 8 11
8 12 11
8 9 12
10 11 13
11 14 13
11 12 14
13 14 15
ZONE N=15, E=16, F=FEPOINT, ET=TRIANGLE
0.169814 -0.300522 0 0 0 0 
0.182662 -0.315055 0 0 0 0 
0.19551 -0.329587 0 0 0 0 
0.208358 -0.34412 0 0 0 0 
0.221206 -0.358652 0 0 0 0 
0.192853 -0.288565 0 0 0 0 
0.205701 -0.303097 0 0 0 0 
0.218549 -0.31763 0 0 0 0 
0.231397 -0.332162 0 0 0 0 
0.215892 -0.276608 0 0 0 0 
0.22874 -0.29114 0 0 0 0 
0.241588 -0.305672 0 0 0 0 
0.23893 -0.26465 0 0 0 0 
0.251778 -0.279183 0 0 0 0 
0.261969 -0.252693 0 0 0 0 
1 2 6
2 7 6
2 3 7
3 8 7
3 4 8
4 9 8
4 5 9
6 7 10
7 11 10
7 8 11
8 12 11
8 9 12
10 11 13
11 14 13
11 12 14
13 14 15
ZONE N=15, E=16, F=FEPOINT, ET=TRIANGLE
0.288462 -0.314486 0 0 0 0 
0.30473 -0.310259 0 0 0 0 
0.320999 -0.306033 0 0 0 0 
0.337267 -0.301806 0 0 0 0 
0.353535 -0.297579 0 0 0 0 
0.281839 -0.299038 0 0 0 0 
0.298107 -0.294811 0 0 0 0 
0.314375 -0.290584 0 0 0 0 
0.330643 -0.286358 0 0 0 0 
0.275216 -0.28359 0 0 0 0 
0.291484 -0.279363 0 0 0 0 
0.307752 -0.275136 0 0 0 0 
0.268592 -0.268141 0 0 0 0 
0.28486 -0.263915 0 0 0 0 
0.261969 -0.252693 0 0 0 0 
1 2 6
2 7 6
2 3 7
3 8 7
3 4 8
4 9 8
4 5 9
6 7 10
7 11 10
7 8 11
8 12 11
8 9 12
10 11 13
11 14 13
11 12 14
13 14 15
ZONE N=15, E=16, F=FEPOINT, ET=TRIANGLE
0.221206 -0.358652 0 0 0 0 
0.207792 -0.381052 0 0 0 0 
0.194379 -0.403452 0 0 0 0 
0.180965 -0.425852 0 0 0 0 
0.167552 -0.448252 0 0 0 0 
0.225848 -0.376623 0 0 0 0 
0.212435 -0.399023 0 0 0 0 
0.199021 -0.421423 0 0 0 0 
0.185608 -0.443823 0 0 0 0 
0.230491 -0.394594 0 0 0 0 
0.217077 -0.416994 0 0 0 0 
0.203664 -0.439394 0 0 0 0 
0.235133 -0.412565 0 0 0 0 
0.22172 -0.434965 0 0 0 0 
0.239776 -0.430536 0 0 0 0 
1 2 6
2 7 6
2 3 7
3 8 7
3 4 8
4 9 8
4 5 9
6 7 10
7 11 10
7 8 11
8 12 11
8 9 12
10 11 13
11 14 13
11 12 14
13 14 15
ZONE N=15, E=16, F=FEPOINT, ET=TRIANGLE
0.288462 -0.314486 0 0 0 0 
0.271648 -0.325528 0 0 0 0 
0.254834 -0.336569 0 0 0 0 
0.23802 -0.34761 0 0 0 0 
0.221206 -0.358652 0 0 0 0 
0.290196 -0.331205 0 0 0 0 
0.273382 -0.342246 0 0 0 0 
0.256568 -0.353288 0 0 0 0 
0.239754 -0.364329 0 0 0 0 
0.29193 -0.347923 0 0 0 0 
0.275116 -0.358965 0 0 0 0 
0.258302 -0.370006 0 0 0 0 
0.293664 -0.364642 0 0 0 0 
0.27685 -0.375683 0 0 0 0 
0.295398 -0.38136 0 0 0 0 
1 2 6
2 7 6
2 3 7
3 8 7
3 4 8
4 9 8
4 5 9
6 7 10
7 11 10
7 8 11
8 12 11
8 9 12
10 11 13
11 14 13
11 12 14
13 14 15
ZONE N=15, E=16, F=FEPOINT, ET=TRIANGLE
-0.0949491 -0.545893 0 0 0 0 
-0.0762667 -0.538579 0 0 0 0 
-0.0575844 -0.531265 0 0 0 0 
-0.038902 -0.523951 0 0 0 0 
-0.0202197 -0.516637 0 0 0 0 
-0.103035 -0.527232 0 0 0 0 
-0.0843529 -0.519918 0 0 0 0 
-0.0656705 -0.512604 0 0 0 0 
-0.0469882 -0.50529 0 0 0 0 
-0.111121 -0.508571 0 0 0 0 
-0.092439 -0.501257 0 0 0 0 
-0.0737567 -0.493943 0 0 0 0 
-0.119208 -0.489911 0 0 0 0 
-0.100525 -0.482596 0 0 0 0 
-0.127294 -0.47125 0 0 0 0 
1 2 6
2 7 6
2 3 7
3 8 7
3 4 8
4 9 8
4 5 9
6 7 10
7 11 10
7 8 11
8 12 11
8 9 12
10 11 13
11 14 13
11 12 14
13 14 15
ZONE N=15, E=16, F=FEPOINT, ET=TRIANGLE
0.424542 -0.541637 0 0 0 0 
0.442357 -0.533098 0 0 0 0 
0.460172 -0.52456 0 0 0 0 
0.477986 -0.516021 0 0 0 0 
0.495801 -0.507482 0 0 0 0 
0.426899 -0.523701 0 0 0 0 
0.444713 -0.515162 0 0 0 0 
0.462528 -0.506624 0 0 0 0 
0.480343 -0.498085 0 0 0 0 
0.429255 -0.505765 0 0 0 0 
0.44707 -0.497226 0 0 0 0 
0.464885 -0.488687 0 0 0 0 
0.431612 -0.487829 0 0 0 0 
0.449427 -0.47929 0 0 0 0 
0.433969 -0.469893 0 0 0 0 
1 2 6
2 7 6
2 3 7
3 8 7
3 4 8
4 9 8
4 5 9
6 7 10
7 11 10
7 8 11
8 12 11
8 9 12
10 11 13
11 14 13
11 12 14
13 14 15
ZONE N=15, E=16, F=FEPOINT, ET=TRIANGLE
0.146082 -0.378059 0 0 0 0 
0.15145 -0.395607 0 0 0 0 
0.156817 -0.413155 0 0 0 0 
0.162184 -0.430704 0 0 0 0 
0.167552 -0.448252 0 0 0 0 
0.164863 -0.373207 0 0 0 0 
0.170231 -0.390755 0 0 0 0 
0.175598 -0.408304 0 0 0 0 
0.180965 -0.425852 0 0 0 0 
0.183644 -0.368355 0 0 0 0 
0.189012 -0.385904 0 0 0 0 
0.194379 -0.403452 0 0 0 0 
0.202425 -0.363504 0 0 0 0 
0.207792 -0.381052 0 0 0 0 
0.221206 -0.358652 0 0 0 0 
1 2 6
2 7 6
2 3 7
3 8 7
3 4 8
4 9 8
4 5 9
6 7 10
7 11 10
7 8 11
8 12 11
8 9 12
10 11 13
11 14 13
11 12 14
13 14 15
ZONE N=15, E=16, F=FEPOINT, ET=TRIANGLE
0.288461 -0.481228 0 0 0 0 
0.270857 -0.486303 0 0 0 0 
0.253254 -0.491378 0 0 0 0 
0.23565 -0.496454 0 0 0 0 
0.218047 -0.501529 0 0 0 0 
0.287679 -0.498781 0 0 0 0 
0.270076 -0.503857 0 0 0 0 
0.252472 -0.508932 0 0 0 0 
0.234868 -0.514007 0 0 0 0 
0.286897 -0.516335 0 0 0 0 
0.269294 -0.52141 0 0 0 0 
0.25169 -0.526486 0 0 0 0 
0.286116 -0.533889 0 0 0 0 
0.268512 -0.538964 0 0 0 0 
0.285334 -0.551443 0 0 0 0 
1 2 6
2 7 6
2 3 7
3 8 7
3 4 8
4 9 8
4 5 9
6 7 10
7 11 10
7 8 11
8 12 11
8 9 12
10 11 13
11 14 13
11 12 14
13 14 15
ZONE N=15, E=16, F=FEPOINT, ET=TRIANGLE
0.128942 -0.510681 0 0 0 0 
0.148479 -0.52836 0 0 0 0 
0.168017 -0.546038 0 0 0 0 
0.187554 -0.563716 0 0 0 0 
0.207092 -0.581394 0 0 0 0 
0.151218 -0.508393 0 0 0 0 
0.170755 -0.526071 0 0 0 0 
0.190293 -0.54375 0 0 0 0 
0.20983 -0.561428 0 0 0 0 
0.173494 -0.506105 0 0 0 0 
0.193032 -0.523783 0 0 0 0 
0.212569 -0.541461 0 0 0 0 
0.19577 -0.503817 0 0 0 0 
0.215308 -0.521495 0 0 0 0 
0.218047 -0.501529 0 0 0 0 
1 2 6
2 7 6
2 3 7
3 8 7
3 4 8
4 9 8
4 5 9
6 7 10
7 11 10
7 8 11
8 12 11
8 9 12
10 11 13
11 14 13
11 12 14
13 14 15
ZONE N=15, E=16, F=FEPOINT, ET=TRIANGLE
0.724766 -0.531131 0 0 0 0 
0.712635 -0.548431 0 0 0 0 
0.700504 -0.56573 0 0 0 0 
0.688373 -0.58303 0 0 0 0 
0.676242 -0.600329 0 0 0 0 
0.736827 -0.556947 0 0 0 0 
0.724696 -0.574246 0 0 0 0 
0.712565 -0.591546 0 0 0 0 
0.700434 -0.608845 0 0 0 0 
0.748888 -0.582762 0 0 0 0 
0.736757 -0.600062 0 0 0 0 
0.724626 -0.617361 0 0 0 0 
0.760949 -0.608578 0 0 0 0 
0.748818 -0.625877 0 0 0 0 
0.77301 -0.634393 0 0 0 0 
1 2 6
2 7 6
2 3 7
3 8 7
3 4 8
4 9 8
4 5 9
6 7 10
7 11 10
7 8 11
8 12 11
8 9 12
10 11 13
11 14 13
11 12 14
13 14 15
ZONE N=15, E=16, F=FEPOINT, ET=TRIANGLE
0.34375 -0.0721361 0 0 0 0 
0.351562 -0.0541021 0 0 0 0 
0.359375 -0.0360681 0 0 0 0 
0.367188 -0.018034 0 0 0 0 
0.375 0 0 0 0 0 
0.335938 -0.0541021 0 0 0 0 
0.34375 -0.0360681 0 0 0 0 
0.351562 -0.018034 0 0 0 0 
0.359375 0 0 0 0 0 
0.328125 -0.0360681 0 0 0 0 
0.335938 -0.018034 0 0 0 0 
0.34375 0 0 0 0 0 
0.320312 -0.018034 0 0 0 0 
0.328125 0 0 0 0 0 
0.3125 0 0 0 0 0 
1 2 6
2 7 6
2 3 7
3 8 7
3 4 8
4 9 8
4 5 9
6 7 10
7 11 10
7 8 11
8 12 11
8 9 12
10 11 13
11 14 13
11 12 14
13 14 15
ZONE N=15, E=16, F=FEPOINT, ET=TRIANGLE
0.38672 0.318191 0 0 0 0 
0.38927 0.337849 0 0 0 0 
0.391819 0.357507 0 0 0 0 
0.394369 0.377164 0 0 0 0 
0.396919 0.396822 0 0 0 0 
0.369644 0.328258 0 0 0 0 
0.372193 0.347915 0 0 0 0 
0.374743 0.367573 0 0 0 0 
0.377293 0.387231 0 0 0 0 
0.352568 0.338324 0 0 0 0 
0.355117 0.357982 0 0 0 0 
0.357667 0.37764 0 0 0 0 
0.335491 0.348391 0 0 0 0 
0.338041 0.368048 0 0 0 0 
0.318415 0.358457 0 0 0 0 
1 2 6
2 7 6
2 3 7
3 8 7
3 4 8
4 9 8
4 5 9
6 7 10
7 11 10
7 8 11
8 12 11
8 9 12
10 11 13
11 14 13
11 12 14
13 14 15
ZONE N=15, E=16, F=FEPOINT, ET=TRIANGLE
0.348766 -0.195715 0 0 0 0 
0.347512 -0.16482 0 0 0 0 
0.346258 -0.133926 0 0 0 0 
0.345004 -0.103031 0 0 0 0 
0.34375 -0.0721361 0 0 0 0 
0.329428 -0.189906 0 0 0 0 
0.328174 -0.159012 0 0 0 0 
0.32692 -0.128117 0 0 0 0 
0.325666 -0.0972222 0 0 0 0 
0.31009 -0.184098 0 0 0 0 
0.308836 -0.153203 0 0 0 0 
0.307582 -0.122308 0 0 0 0 
0.290752 -0.178289 0 0 0 0 
0.289498 -0.147394 0 0 0 0 
0.271413 -0.17248 0 0 0 0 
1 2 6
2 7 6
2 3 7
3 8 7
3 4 8
4 9 8
4 5 9
6 7 10
7 11 10
7 8 11
8 12 11
8 9 12
10 11 13
11 14 13
11 12 14
13 14 15
ZONE N=15, E=16, F=FEPOINT, ET=TRIANGLE
0.178308 -0.119355 0 0 0 0 
0.185795 -0.133271 0 0 0 0 
0.193282 -0.147186 0 0 0 0 
0.20077 -0.161102 0 0 0 0 
0.208257 -0.175017 0 0 0 0 
0.20064 -0.112467 0 0 0 0 
0.208127 -0.126382 0 0 0 0 
0.215614 -0.140298 0 0 0 0 
0.223101 -0.154213 0 0 0 0 
0.222972 -0.105578 0 0 0 0 
0.230459 -0.119494 0 0 0 0 
0.237946 -0.13341 0 0 0 0 
0.245303 -0.0986901 0 0 0 0 
0.252791 -0.112606 0 0 0 0 
0.267635 -0.0918017 0 0 0 0 
1 2 6
2 7 6
2 3 7
3 8 7
3 4 8
4 9 8
4 5 9
6 7 10
7 11 10
7 8 11
8 12 11
8 9 12
10 11 13
11 14 13
11 12 14
13 14 15
ZONE N=15, E=16, F=FEPOINT, ET=TRIANGLE
0.358659 -0.363196 0 0 0 0 
0.357378 -0.346792 0 0 0 0 
0.356097 -0.330388 0 0 0 0 
0.354816 -0.313984 0 0 0 0 
0.353535 -0.297579 0 0 0 0 
0.34111 -0.351019 0 0 0 0 
0.339829 -0.334614 0 0 0 0 
0.338548 -0.31821 0 0 0 0 
0.337267 -0.301806 0 0 0 0 
0.323561 -0.338841 0 0 0 0 
0.32228 -0.322437 0 0 0 0 
0.320999 -0.306033 0 0 0 0 
0.306011 -0.326664 0 0 0 0 
0.30473 -0.310259 0 0 0 0 
0.288462 -0.314486 0 0 0 0 
1 2 6
2 7 6
2 3 7
3 8 7
3 4 8
4 9 8
4 5 9
6 7 10
7 11 10
7 8 11
8 12 11
8 9 12
10 11 13
11 14 13
11 12 14
13 14 15
ZONE N=15, E=16, F=FEPOINT, ET=TRIANGLE
0.392073 -0.132066 0 0 0 0 
0.414373 -0.136446 0 0 0 0 
0.436674 -0.140826 0 0 0 0 
0.458975 -0.145205 0 0 0 0 
0.481275 -0.149585 0 0 0 0 
0.40343 -0.116528 0 0 0 0 
0.42573 -0.120907 0 0 0 0 
0.448031 -0.125287 0 0 0 0 
0.470331 -0.129667 0 0 0 0 
0.414786 -0.100989 0 0 0 0 
0.437087 -0.105369 0 0 0 0 
0.459388 -0.109749 0 0 0 0 
0.426143 -0.0854509 0 0 0 0 
0.448444 -0.0898306 0 0 0 0 
0.4375 -0.0699125 0 0 0 0 
1 2 6
2 7 6
2 3 7
3 8 7
3 4 8
4 9 8
4 5 9
6 7 10
7 11 10
7 8 11
8 12 11
8 9 12
10 11 13
11 14 13
11 12 14
13 14 15
ZONE N=15, E=16, F=FEPOINT, ET=TRIANGLE
0.267635 -0.0918017 0 0 0 0 
0.286664 -0.0868853 0 0 0 0 
0.305693 -0.0819689 0 0 0 0 
0.324721 -0.0770525 0 0 0 0 
0.34375 -0.0721361 0 0 0 0 
0.278851 -0.0688513 0 0 0 0 
0.29788 -0.0639349 0 0 0 0 
0.316909 -0.0590185 0 0 0 0 
0.335938 -0.0541021 0 0 0 0 
0.290068 -0.0459008 0 0 0 0 
0.309096 -0.0409845 0 0 0 0 
0.328125 -0.0360681 0 0 0 0 
0.301284 -0.0229504 0 0 0 0 
0.320312 -0.018034 0 0 0 0 
0.3125 0 0 0 0 0 
1 2 6
2 7 6
2 3 7
3 8 7
3 4 8
4 9 8
4 5 9
6 7 10
7 11 10
7 8 11
8 12 11
8 9 12
10 11 13
11 14 13
11 12 14
13 14 15
ZONE N=15, E=16, F=FEPOINT, ET=TRIANGLE
0.375 0 0 0 0 0 
0.367188 0.0276988 0 0 0 0 
0.359375 0.0553976 0 0 0 0 
0.351562 0.0830964 0 0 0 0 
0.34375 0.110795 0 0 0 0 
0.359375 0 0 0 0 0 
0.351562 0.0276988 0 0 0 0 
0.34375 0.0553976 0 0 0 0 
0.335938 0.0830964 0 0 0 0 
0.34375 0 0 0 0 0 
0.335938 0.0276988 0 0 0 0 
0.328125 0.0553976 0 0 0 0 
0.328125 0 0 0 0 0 
0.320312 0.0276988 0 0 0 0 
0.3125 0 0 0 0 0 
1 2 6
2 7 6
2 3 7
3 8 7
3 4 8
4 9 8
4 5 9
6 7 10
7 11 10
7 8 11
8 12 11
8 9 12
10 11 13
11 14 13
11 12 14
13 14 15
ZONE N=15, E=16, F=FEPOINT, ET=TRIANGLE
0.267635 -0.0918017 0 0 0 0 
0.26858 -0.111971 0 0 0 0 
0.269524 -0.132141 0 0 0 0 
0.270469 -0.152311 0 0 0 0 
0.271413 -0.17248 0 0 0 0 
0.286664 -0.0868853 0 0 0 0 
0.287608 -0.107055 0 0 0 0 
0.288553 -0.127225 0 0 0 0 
0.289498 -0.147394 0 0 0 0 
0.305693 -0.0819689 0 0 0 0 
0.306637 -0.102139 0 0 0 0 
0.307582 -0.122308 0 0 0 0 
0.324721 -0.0770525 0 0 0 0 
0.325666 -0.0972222 0 0 0 0 
0.34375 -0.0721361 0 0 0 0 
1 2 6
2 7 6
2 3 7
3 8 7
3 4 8
4 9 8
4 5 9
6 7 10
7 11 10
7 8 11
8 12 11
8 9 12
10 11 13
11 14 13
11 12 14
13 14 15
ZONE N=15, E=16, F=FEPOINT, ET=TRIANGLE
0.5 0 0 0 0 0 
0.46875 0 0 0 0 0 
0.4375 0 0 0 0 0 
0.40625 0 0 0 0 0 
0.375 0 0 0 0 0 
0.484375 -0.0174781 0 0 0 0 
0.453125 -0.0174781 0 0 0 0 
0.421875 -0.0174781 0 0 0 0 
0.390625 -0.0174781 0 0 0 0 
0.46875 -0.0349562 0 0 0 0 
0.4375 -0.0349562 0 0 0 0 
0.40625 -0.0349562 0 0 0 0 
0.453125 -0.0524344 0 0 0 0 
0.421875 -0.0524344 0 0 0 0 
0.4375 -0.0699125 0 0 0 0 
1 2 6
2 7 6
2 3 7
3 8 7
3 4 8
4 9 8
4 5 9
6 7 10
7 11 10
7 8 11
8 12 11
8 9 12
10 11 13
11 14 13
11 12 14
13 14 15
ZONE N=15, E=16, F=FEPOINT, ET=TRIANGLE
0.462266 0.148231 0 0 0 0 
0.432637 0.138872 0 0 0 0 
0.403008 0.129513 0 0 0 0 
0.373379 0.120154 0 0 0 0 
0.34375 0.110795 0 0 0 0 
0.451933 0.129363 0 0 0 0 
0.422304 0.120004 0 0 0 0 
0.392675 0.110645 0 0 0 0 
0.363046 0.101287 0 0 0 0 
0.4416 0.110496 0 0 0 0 
0.411971 0.101137 0 0 0 0 
0.382342 0.0917779 0 0 0 0 
0.431267 0.0916281 0 0 0 0 
0.401638 0.0822693 0 0 0 0 
0.420934 0.0727606 0 0 0 0 
1 2 6
2 7 6
2 3 7
3 8 7
3 4 8
4 9 8
4 5 9
6 7 10
7 11 10
7 8 11
8 12 11
8 9 12
10 11 13
11 14 13
11 12 14
13 14 15
ZONE N=15, E=16, F=FEPOINT, ET=TRIANGLE
0.318415 0.358457 0 0 0 0 
0.316377 0.331862 0 0 0 0 
0.314339 0.305268 0 0 0 0 
0.3123 0.278673 0 0 0 0 
0.310262 0.252078 0 0 0 0 
0.335491 0.348391 0 0 0 0 
0.333453 0.321796 0 0 0 0 
0.331415 0.295201 0 0 0 0 
0.329377 0.268606 0 0 0 0 
0.352568 0.338324 0 0 0 0 
0.350529 0.311729 0 0 0 0 
0.348491 0.285135 0 0 0 0 
0.369644 0.328258 0 0 0 0 
0.367605 0.301663 0 0 0 0 
0.38672 0.318191 0 0 0 0 
1 2 6
2 7 6
2 3 7
3 8 7
3 4 8
4 9 8
4 5 9
6 7 10
7 11 10
7 8 11
8 12 11
8 9 12
10 11 13
11 14 13
11 12 14
13 14 15
ZONE N=15, E=16, F=FEPOINT, ET=TRIANGLE
0.28125 0.0625813 0 0 0 0 
0.289062 0.046936 0 0 0 0 
0.296875 0.0312906 0 0 0 0 
0.304688 0.0156453 0 0 0 0 
0.3125 0 0 0 0 0 
0.296875 0.0746348 0 0 0 0 
0.304688 0.0589895 0 0 0 0 
0.3125 0.0433441 0 0 0 0 
0.320312 0.0276988 0 0 0 0 
0.3125 0.0866883 0 0 0 0 
0.320312 0.0710429 0 0 0 0 
0.328125 0.0553976 0 0 0 0 
0.328125 0.0987418 0 0 0 0 
0.335938 0.0830964 0 0 0 0 
0.34375 0.110795 0 0 0 0 
1 2 6
2 7 6
2 3 7
3 8 7
3 4 8
4 9 8
4 5 9
6 7 10
7 11 10
7 8 11
8 12 11
8 9 12
10 11 13
11 14 13
11 12 14
13 14 15
ZONE N=15, E=16, F=FEPOINT, ET=TRIANGLE
0.28125 0.0625813 0 0 0 0 
0.296875 0.0746348 0 0 0 0 
0.3125 0.0866883 0 0 0 0 
0.328125 0.0987418 0 0 0 0 
0.34375 0.110795 0 0 0 0 
0.267824 0.0737864 0 0 0 0 
0.283449 0.0858399 0 0 0 0 
0.299074 0.0978934 0 0 0 0 
0.314699 0.109947 0 0 0 0 
0.254398 0.0849915 0 0 0 0 
0.270023 0.097045 0 0 0 0 
0.285648 0.109098 0 0 0 0 
0.240972 0.0961966 0 0 0 0 
0.256597 0.10825 0 0 0 0 
0.227546 0.107402 0 0 0 0 
1 2 6
2 7 6
2 3 7
3 8 7
3 4 8
4 9 8
4 5 9
6 7 10
7 11 10
7 8 11
8 12 11
8 9 12
10 11 13
11 14 13
11 12 14
13 14 15
ZONE N=15, E=16, F=FEPOINT, ET=TRIANGLE
0.4375 -0.0699125 0 0 0 0 
0.414062 -0.0704684 0 0 0 0 
0.390625 -0.0710243 0 0 0 0 
0.367188 -0.0715802 0 0 0 0 
0.34375 -0.0721361 0 0 0 0 
0.426143 -0.0854509 0 0 0 0 
0.402706 -0.0860068 0 0 0 0 
0.379268 -0.0865627 0 0 0 0 
0.355831 -0.0871186 0 0 0 0 
0.414786 -0.100989 0 0 0 0 
0.391349 -0.101545 0 0 0 0 
0.367911 -0.102101 0 0 0 0 
0.40343 -0.116528 0 0 0 0 
0.379992 -0.117084 0 0 0 0 
0.392073 -0.132066 0 0 0 0 
1 2 6
2 7 6
2 3 7
3 8 7
3 4 8
4 9 8
4 5 9
6 7 10
7 11 10
7 8 11
8 12 11
8 9 12
10 11 13
11 14 13
11 12 14
13 14 15
ZONE N=15, E=16, F=FEPOINT, ET=TRIANGLE
0.353535 -0.297579 0 0 0 0 
0.354816 -0.313984 0 0 0 0 
0.356097 -0.330388 0 0 0 0 
0.357378 -0.346792 0 0 0 0 
0.358659 -0.363196 0 0 0 0 
0.371458 -0.304432 0 0 0 0 
0.372739 -0.320836 0 0 0 0 
0.37402 -0.33724 0 0 0 0 
0.375301 -0.353645 0 0 0 0 
0.389381 -0.311284 0 0 0 0 
0.390662 -0.327689 0 0 0 0 
0.391943 -0.344093 0 0 0 0 
0.407304 -0.318137 0 0 0 0 
0.408585 -0.334541 0 0 0 0 
0.425226 -0.324989 0 0 0 0 
1 2 6
2 7 6
2 3 7
3 8 7
3 4 8
4 9 8
4 5 9
6 7 10
7 11 10
7 8 11
8 12 11
8 9 12
10 11 13
11 14 13
11 12 14
13 14 15
ZONE N=15, E=16, F=FEPOINT, ET=TRIANGLE
0.16353 -0.219679 0 0 0 0 
0.18814 -0.227933 0 0 0 0 
0.212749 -0.236186 0 0 0 0 
0.237359 -0.24444 0 0 0 0 
0.261969 -0.252693 0 0 0 0 
0.174712 -0.208514 0 0 0 0 
0.199321 -0.216767 0 0 0 0 
0.223931 -0.225021 0 0 0 0 
0.248541 -0.233274 0 0 0 0 
0.185893 -0.197348 0 0 0 0 
0.210503 -0.205602 0 0 0 0 
0.235113 -0.213855 0 0 0 0 
0.197075 -0.186183 0 0 0 0 
0.221685 -0.194436 0 0 0 0 
0.208257 -0.175017 0 0 0 0 
1 2 6
2 7 6
2 3 7
3 8 7
3 4 8
4 9 8
4 5 9
6 7 10
7 11 10
7 8 11
8 12 11
8 9 12
10 11 13
11 14 13
11 12 14
13 14 15
ZONE N=15, E=16, F=FEPOINT, ET=TRIANGLE
0.271413 -0.17248 0 0 0 0 
0.270469 -0.152311 0 0 0 0 
0.269524 -0.132141 0 0 0 0 
0.26858 -0.111971 0 0 0 0 
0.267635 -0.0918017 0 0 0 0 
0.255624 -0.173114 0 0 0 0 
0.25468 -0.152945 0 0 0 0 
0.253735 -0.132775 0 0 0 0 
0.252791 -0.112606 0 0 0 0 
0.239835 -0.173749 0 0 0 0 
0.238891 -0.153579 0 0 0 0 
0.237946 -0.13341 0 0 0 0 
0.224046 -0.174383 0 0 0 0 
0.223101 -0.154213 0 0 0 0 
0.208257 -0.175017 0 0 0 0 
1 2 6
2 7 6
2 3 7
3 8 7
3 4 8
4 9 8
4 5 9
6 7 10
7 11 10
7 8 11
8 12 11
8 9 12
10 11 13
11 14 13
11 12 14
13 14 15
ZONE N=15, E=16, F=FEPOINT, ET=TRIANGLE
0.261969 -0.252693 0 0 0 0 
0.251778 -0.279183 0 0 0 0 
0.241588 -0.305672 0 0 0 0 
0.231397 -0.332162 0 0 0 0 
0.221206 -0.358652 0 0 0 0 
0.268592 -0.268141 0 0 0 0 
0.258402 -0.294631 0 0 0 0 
0.248211 -0.321121 0 0 0 0 
0.23802 -0.34761 0 0 0 0 
0.275216 -0.28359 0 0 0 0 
0.265025 -0.310079 0 0 0 0 
0.254834 -0.336569 0 0 0 0 
0.281839 -0.299038 0 0 0 0 
0.271648 -0.325528 0 0 0 0 
0.288462 -0.314486 0 0 0 0 
1 2 6
2 7 6
2 3 7
3 8 7
3 4 8
4 9 8
4 5 9
6 7 10
7 11 10
7 8 11
8 12 11
8 9 12
10 11 13
11 14 13
11 12 14
13 14 15
ZONE N=15, E=16, F=FEPOINT, ET=TRIANGLE
0.295398 -0.38136 0 0 0 0 
0.311214 -0.376819 0 0 0 0 
0.327029 -0.372278 0 0 0 0 
0.342844 -0.367737 0 0 0 0 
0.358659 -0.363196 0 0 0 0 
0.293664 -0.364642 0 0 0 0 
0.30948 -0.360101 0 0 0 0 
0.325295 -0.35556 0 0 0 0 
0.34111 -0.351019 0 0 0 0 
0.29193 -0.347923 0 0 0 0 
0.307746 -0.343382 0 0 0 0 
0.323561 -0.338841 0 0 0 0 
0.290196 -0.331205 0 0 0 0 
0.306011 -0.326664 0 0 0 0 
0.288462 -0.314486 0 0 0 0 
1 2 6
2 7 6
2 3 7
3 8 7
3 4 8
4 9 8
4 5 9
6 7 10
7 11 10
7 8 11
8 12 11
8 9 12
10 11 13
11 14 13
11 12 14
13 14 15
ZONE N=15, E=16, F=FEPOINT, ET=TRIANGLE
0.480763 -0.373047 0 0 0 0 
0.484523 -0.406656 0 0 0 0 
0.488282 -0.440264 0 0 0 0 
0.492042 -0.473873 0 0 0 0 
0.495801 -0.507482 0 0 0 0 
0.498879 -0.376036 0 0 0 0 
0.502638 -0.409644 0 0 0 0 
0.506398 -0.443253 0 0 0 0 
0.510158 -0.476862 0 0 0 0 
0.516995 -0.379025 0 0 0 0 
0.520754 -0.412633 0 0 0 0 
0.524514 -0.446242 0 0 0 0 
0.53511 -0.382013 0 0 0 0 
0.53887 -0.415622 0 0 0 0 
0.553226 -0.385002 0 0 0 0 
1 2 6
2 7 6
2 3 7
3 8 7
3 4 8
4 9 8
4 5 9
6 7 10
7 11 10
7 8 11
8 12 11
8 9 12
10 11 13
11 14 13
11 12 14
13 14 15
ZONE N=15, E=16, F=FEPOINT, ET=TRIANGLE
0.4222 -0.199122 0 0 0 0 
0.436969 -0.186738 0 0 0 0 
0.451738 -0.174354 0 0 0 0 
0.466506 -0.161969 0 0 0 0 
0.481275 -0.149585 0 0 0 0 
0.414668 -0.182358 0 0 0 0 
0.429437 -0.169974 0 0 0 0 
0.444206 -0.15759 0 0 0 0 
0.458975 -0.145205 0 0 0 0 
0.407136 -0.165594 0 0 0 0 
0.421905 -0.15321 0 0 0 0 
0.436674 -0.140826 0 0 0 0 
0.399605 -0.14883 0 0 0 0 
0.414373 -0.136446 0 0 0 0 
0.392073 -0.132066 0 0 0 0 
1 2 6
2 7 6
2 3 7
3 8 7
3 4 8
4 9 8
4 5 9
6 7 10
7 11 10
7 8 11
8 12 11
8 9 12
10 11 13
11 14 13
11 12 14
13 14 15
ZONE N=15, E=16, F=FEPOINT, ET=TRIANGLE
0.392073 -0.132066 0 0 0 0 
0.379992 -0.117084 0 0 0 0 
0.367911 -0.102101 0 0 0 0 
0.355831 -0.0871186 0 0 0 0 
0.34375 -0.0721361 0 0 0 0 
0.381246 -0.147978 0 0 0 0 
0.369165 -0.132996 0 0 0 0 
0.357085 -0.118013 0 0 0 0 
0.345004 -0.103031 0 0 0 0 
0.370419 -0.163891 0 0 0 0 
0.358339 -0.148908 0 0 0 0 
0.346258 -0.133926 0 0 0 0 
0.359593 -0.179803 0 0 0 0 
0.347512 -0.16482 0 0 0 0 
0.348766 -0.195715 0 0 0 0 
1 2 6
2 7 6
2 3 7
3 8 7
3 4 8
4 9 8
4 5 9
6 7 10
7 11 10
7 8 11
8 12 11
8 9 12
10 11 13
11 14 13
11 12 14
13 14 15
ZONE N=15, E=16, F=FEPOINT, ET=TRIANGLE
0.4222 -0.199122 0 0 0 0 
0.405034 -0.223736 0 0 0 0 
0.387867 -0.248351 0 0 0 0 
0.370701 -0.272965 0 0 0 0 
0.353535 -0.297579 0 0 0 0 
0.422957 -0.230589 0 0 0 0 
0.40579 -0.255203 0 0 0 0 
0.388624 -0.279817 0 0 0 0 
0.371458 -0.304432 0 0 0 0 
0.423713 -0.262056 0 0 0 0 
0.406547 -0.28667 0 0 0 0 
0.389381 -0.311284 0 0 0 0 
0.42447 -0.293522 0 0 0 0 
0.407304 -0.318137 0 0 0 0 
0.425226 -0.324989 0 0 0 0 
1 2 6
2 7 6
2 3 7
3 8 7
3 4 8
4 9 8
4 5 9
6 7 10
7 11 10
7 8 11
8 12 11
8 9 12
10 11 13
11 14 13
11 12 14
13 14 15
ZONE N=15, E=16, F=FEPOINT, ET=TRIANGLE
0.528787 -0.307545 0 0 0 0 
0.502897 -0.311906 0 0 0 0 
0.477007 -0.316267 0 0 0 0 
0.451117 -0.320628 0 0 0 0 
0.425226 -0.324989 0 0 0 0 
0.516781 -0.323921 0 0 0 0 
0.490891 -0.328282 0 0 0 0 
0.465001 -0.332643 0 0 0 0 
0.439111 -0.337004 0 0 0 0 
0.504775 -0.340296 0 0 0 0 
0.478885 -0.344657 0 0 0 0 
0.452995 -0.349018 0 0 0 0 
0.492769 -0.356672 0 0 0 0 
0.466879 -0.361033 0 0 0 0 
0.480763 -0.373047 0 0 0 0 
1 2 6
2 7 6
2 3 7
3 8 7
3 4 8
4 9 8
4 5 9
6 7 10
7 11 10
7 8 11
8 12 11
8 9 12
10 11 13
11 14 13
11 12 14
13 14 15
ZONE N=15, E=16, F=FEPOINT, ET=TRIANGLE
0.551951 -0.242545 0 0 0 0 
0.534708 -0.242028 0 0 0 0 
0.517465 -0.24151 0 0 0 0 
0.500222 -0.240993 0 0 0 0 
0.482978 -0.240476 0 0 0 0 
0.54616 -0.258795 0 0 0 0 
0.528917 -0.258278 0 0 0 0 
0.511674 -0.257761 0 0 0 0 
0.494431 -0.257243 0 0 0 0 
0.540369 -0.275045 0 0 0 0 
0.523126 -0.274528 0 0 0 0 
0.505883 -0.274011 0 0 0 0 
0.534578 -0.291295 0 0 0 0 
0.517335 -0.290778 0 0 0 0 
0.528787 -0.307545 0 0 0 0 
1 2 6
2 7 6
2 3 7
3 8 7
3 4 8
4 9 8
4 5 9
6 7 10
7 11 10
7 8 11
8 12 11
8 9 12
10 11 13
11 14 13
11 12 14
13 14 15
ZONE N=15, E=16, F=FEPOINT, ET=TRIANGLE
0.551951 -0.242545 0 0 0 0 
0.565014 -0.263493 0 0 0 0 
0.578076 -0.28444 0 0 0 0 
0.591138 -0.305388 0 0 0 0 
0.6042 -0.326335 0 0 0 0 
0.579625 -0.240738 0 0 0 0 
0.592688 -0.261686 0 0 0 0 
0.60575 -0.282633 0 0 0 0 
0.618812 -0.303581 0 0 0 0 
0.6073 -0.238931 0 0 0 0 
0.620362 -0.259879 0 0 0 0 
0.633424 -0.280826 0 0 0 0 
0.634974 -0.237124 0 0 0 0 
0.648036 -0.258072 0 0 0 0 
0.662648 -0.235317 0 0 0 0 
1 2 6
2 7 6
2 3 7
3 8 7
3 4 8
4 9 8
4 5 9
6 7 10
7 11 10
7 8 11
8 12 11
8 9 12
10 11 13
11 14 13
11 12 14
13 14 15
ZONE N=15, E=16, F=FEPOINT, ET=TRIANGLE
0.525127 -0.0791098 0 0 0 0 
0.50322 -0.0768105 0 0 0 0 
0.481313 -0.0745111 0 0 0 0 
0.459407 -0.0722118 0 0 0 0 
0.4375 -0.0699125 0 0 0 0 
0.514164 -0.0967286 0 0 0 0 
0.492257 -0.0944293 0 0 0 0 
0.470351 -0.09213 0 0 0 0 
0.448444 -0.0898306 0 0 0 0 
0.503201 -0.114347 0 0 0 0 
0.481294 -0.112048 0 0 0 0 
0.459388 -0.109749 0 0 0 0 
0.492238 -0.131966 0 0 0 0 
0.470331 -0.129667 0 0 0 0 
0.481275 -0.149585 0 0 0 0 
1 2 6
2 7 6
2 3 7
3 8 7
3 4 8
4 9 8
4 5 9
6 7 10
7 11 10
7 8 11
8 12 11
8 9 12
10 11 13
11 14 13
11 12 14
13 14 15
ZONE N=15, E=16, F=FEPOINT, ET=TRIANGLE
0.348766 -0.195715 0 0 0 0 
0.349958 -0.221181 0 0 0 0 
0.35115 -0.246647 0 0 0 0 
0.352343 -0.272113 0 0 0 0 
0.353535 -0.297579 0 0 0 0 
0.367124 -0.196567 0 0 0 0 
0.368317 -0.222033 0 0 0 0 
0.369509 -0.247499 0 0 0 0 
0.370701 -0.272965 0 0 0 0 
0.385483 -0.197419 0 0 0 0 
0.386675 -0.222885 0 0 0 0 
0.387867 -0.248351 0 0 0 0 
0.403841 -0.19827 0 0 0 0 
0.405034 -0.223736 0 0 0 0 
0.4222 -0.199122 0 0 0 0 
1 2 6
2 7 6
2 3 7
3 8 7
3 4 8
4 9 8
4 5 9
6 7 10
7 11 10
7 8 11
8 12 11
8 9 12
10 11 13
11 14 13
11 12 14
13 14 15
ZONE N=15, E=16, F=FEPOINT, ET=TRIANGLE
0.482978 -0.240476 0 0 0 0 
0.482553 -0.217753 0 0 0 0 
0.482127 -0.19503 0 0 0 0 
0.481701 -0.172308 0 0 0 0 
0.481275 -0.149585 0 0 0 0 
0.467784 -0.230137 0 0 0 0 
0.467358 -0.207415 0 0 0 0 
0.466932 -0.184692 0 0 0 0 
0.466506 -0.161969 0 0 0 0 
0.452589 -0.219799 0 0 0 0 
0.452163 -0.197076 0 0 0 0 
0.451738 -0.174354 0 0 0 0 
0.437395 -0.20946 0 0 0 0 
0.436969 -0.186738 0 0 0 0 
0.4222 -0.199122 0 0 0 0 
1 2 6
2 7 6
2 3 7
3 8 7
3 4 8
4 9 8
4 5 9
6 7 10
7 11 10
7 8 11
8 12 11
8 9 12
10 11 13
11 14 13
11 12 14
13 14 15
ZONE N=15, E=16, F=FEPOINT, ET=TRIANGLE
0.295398 -0.38136 0 0 0 0 
0.307704 -0.394405 0 0 0 0 
0.320009 -0.40745 0 0 0 0 
0.332314 -0.420496 0 0 0 0 
0.344619 -0.433541 0 0 0 0 
0.311214 -0.376819 0 0 0 0 
0.323519 -0.389864 0 0 0 0 
0.335824 -0.40291 0 0 0 0 
0.348129 -0.415955 0 0 0 0 
0.327029 -0.372278 0 0 0 0 
0.339334 -0.385323 0 0 0 0 
0.351639 -0.398369 0 0 0 0 
0.342844 -0.367737 0 0 0 0 
0.355149 -0.380782 0 0 0 0 
0.358659 -0.363196 0 0 0 0 
1 2 6
2 7 6
2 3 7
3 8 7
3 4 8
4 9 8
4 5 9
6 7 10
7 11 10
7 8 11
8 12 11
8 9 12
10 11 13
11 14 13
11 12 14
13 14 15
ZONE N=15, E=16, F=FEPOINT, ET=TRIANGLE
0.412732 -0.400718 0 0 0 0 
0.415856 -0.381786 0 0 0 0 
0.418979 -0.362854 0 0 0 0 
0.422103 -0.343922 0 0 0 0 
0.425226 -0.324989 0 0 0 0 
0.399214 -0.391338 0 0 0 0 
0.402338 -0.372406 0 0 0 0 
0.405461 -0.353473 0 0 0 0 
0.408585 -0.334541 0 0 0 0 
0.385696 -0.381957 0 0 0 0 
0.388819 -0.363025 0 0 0 0 
0.391943 -0.344093 0 0 0 0 
0.372177 -0.372577 0 0 0 0 
0.375301 -0.353645 0 0 0 0 
0.358659 -0.363196 0 0 0 0 
1 2 6
2 7 6
2 3 7
3 8 7
3 4 8
4 9 8
4 5 9
6 7 10
7 11 10
7 8 11
8 12 11
8 9 12
10 11 13
11 14 13
11 12 14
13 14 15
ZONE N=15, E=16, F=FEPOINT, ET=TRIANGLE
0.239776 -0.430536 0 0 0 0 
0.251947 -0.443209 0 0 0 0 
0.264118 -0.455882 0 0 0 0 
0.276289 -0.468555 0 0 0 0 
0.288461 -0.481228 0 0 0 0 
0.253681 -0.418242 0 0 0 0 
0.265853 -0.430915 0 0 0 0 
0.278024 -0.443588 0 0 0 0 
0.290195 -0.456261 0 0 0 0 
0.267587 -0.405948 0 0 0 0 
0.279758 -0.418621 0 0 0 0 
0.29193 -0.431294 0 0 0 0 
0.281493 -0.393654 0 0 0 0 
0.293664 -0.406327 0 0 0 0 
0.295398 -0.38136 0 0 0 0 
1 2 6
2 7 6
2 3 7
3 8 7
3 4 8
4 9 8
4 5 9
6 7 10
7 11 10
7 8 11
8 12 11
8 9 12
10 11 13
11 14 13
11 12 14
13 14 15
ZONE N=15, E=16, F=FEPOINT, ET=TRIANGLE
0.433969 -0.469893 0 0 0 0 
0.411632 -0.460805 0 0 0 0 
0.389294 -0.451717 0 0 0 0 
0.366957 -0.442629 0 0 0 0 
0.344619 -0.433541 0 0 0 0 
0.414167 -0.478558 0 0 0 0 
0.39183 -0.46947 0 0 0 0 
0.369492 -0.460382 0 0 0 0 
0.347155 -0.451294 0 0 0 0 
0.394366 -0.487222 0 0 0 0 
0.372028 -0.478134 0 0 0 0 
0.349691 -0.469046 0 0 0 0 
0.374564 -0.495887 0 0 0 0 
0.352226 -0.486799 0 0 0 0 
0.354762 -0.504552 0 0 0 0 
1 2 6
2 7 6
2 3 7
3 8 7
3 4 8
4 9 8
4 5 9
6 7 10
7 11 10
7 8 11
8 12 11
8 9 12
10 11 13
11 14 13
11 12 14
13 14 15
ZONE N=15, E=16, F=FEPOINT, ET=TRIANGLE
0.412732 -0.400718 0 0 0 0 
0.42974 -0.3938 0 0 0 0 
0.446748 -0.386883 0 0 0 0 
0.463755 -0.379965 0 0 0 0 
0.480763 -0.373047 0 0 0 0 
0.415856 -0.381786 0 0 0 0 
0.432864 -0.374868 0 0 0 0 
0.449871 -0.36795 0 0 0 0 
0.466879 -0.361033 0 0 0 0 
0.418979 -0.362854 0 0 0 0 
0.435987 -0.355936 0 0 0 0 
0.452995 -0.349018 0 0 0 0 
0.422103 -0.343922 0 0 0 0 
0.439111 -0.337004 0 0 0 0 
0.425226 -0.324989 0 0 0 0 
1 2 6
2 7 6
2 3 7
3 8 7
3 4 8
4 9 8
4 5 9
6 7 10
7 11 10
7 8 11
8 12 11
8 9 12
10 11 13
11 14 13
11 12 14
13 14 15
ZONE N=15, E=16, F=FEPOINT, ET=TRIANGLE
0.482978 -0.240476 0 0 0 0 
0.467784 -0.230137 0 0 0 0 
0.452589 -0.219799 0 0 0 0 
0.437395 -0.20946 0 0 0 0 
0.4222 -0.199122 0 0 0 0 
0.46854 -0.261604 0 0 0 0 
0.453346 -0.251266 0 0 0 0 
0.438151 -0.240927 0 0 0 0 
0.422957 -0.230589 0 0 0 0 
0.454102 -0.282732 0 0 0 0 
0.438908 -0.272394 0 0 0 0 
0.423713 -0.262056 0 0 0 0 
0.439664 -0.303861 0 0 0 0 
0.42447 -0.293522 0 0 0 0 
0.425226 -0.324989 0 0 0 0 
1 2 6
2 7 6
2 3 7
3 8 7
3 4 8
4 9 8
4 5 9
6 7 10
7 11 10
7 8 11
8 12 11
8 9 12
10 11 13
11 14 13
11 12 14
13 14 15
ZONE N=15, E=16, F=FEPOINT, ET=TRIANGLE
0.354762 -0.504552 0 0 0 0 
0.372207 -0.513823 0 0 0 0 
0.389652 -0.523095 0 0 0 0 
0.407097 -0.532366 0 0 0 0 
0.424542 -0.541637 0 0 0 0 
0.374564 -0.495887 0 0 0 0 
0.392009 -0.505159 0 0 0 0 
0.409454 -0.51443 0 0 0 0 
0.426899 -0.523701 0 0 0 0 
0.394366 -0.487222 0 0 0 0 
0.411811 -0.496494 0 0 0 0 
0.429255 -0.505765 0 0 0 0 
0.414167 -0.478558 0 0 0 0 
0.431612 -0.487829 0 0 0 0 
0.433969 -0.469893 0 0 0 0 
1 2 6
2 7 6
2 3 7
3 8 7
3 4 8
4 9 8
4 5 9
6 7 10
7 11 10
7 8 11
8 12 11
8 9 12
10 11 13
11 14 13
11 12 14
13 14 15
ZONE N=15, E=16, F=FEPOINT, ET=TRIANGLE
0.482978 -0.240476 0 0 0 0 
0.46854 -0.261604 0 0 0 0 
0.454102 -0.282732 0 0 0 0 
0.439664 -0.303861 0 0 0 0 
0.425226 -0.324989 0 0 0 0 
0.494431 -0.257243 0 0 0 0 
0.479993 -0.278371 0 0 0 0 
0.465555 -0.2995 0 0 0 0 
0.451117 -0.320628 0 0 0 0 
0.505883 -0.274011 0 0 0 0 
0.491445 -0.295139 0 0 0 0 
0.477007 -0.316267 0 0 0 0 
0.517335 -0.290778 0 0 0 0 
0.502897 -0.311906 0 0 0 0 
0.528787 -0.307545 0 0 0 0 
1 2 6
2 7 6
2 3 7
3 8 7
3 4 8
4 9 8
4 5 9
6 7 10
7 11 10
7 8 11
8 12 11
8 9 12
10 11 13
11 14 13
11 12 14
13 14 15
ZONE N=15, E=16, F=FEPOINT, ET=TRIANGLE
0.433969 -0.469893 0 0 0 0 
0.445668 -0.445681 0 0 0 0 
0.457366 -0.42147 0 0 0 0 
0.469064 -0.397258 0 0 0 0 
0.480763 -0.373047 0 0 0 0 
0.42866 -0.452599 0 0 0 0 
0.440358 -0.428388 0 0 0 0 
0.452057 -0.404176 0 0 0 0 
0.463755 -0.379965 0 0 0 0 
0.423351 -0.435306 0 0 0 0 
0.435049 -0.411094 0 0 0 0 
0.446748 -0.386883 0 0 0 0 
0.418042 -0.418012 0 0 0 0 
0.42974 -0.3938 0 0 0 0 
0.412732 -0.400718 0 0 0 0 
1 2 6
2 7 6
2 3 7
3 8 7
3 4 8
4 9 8
4 5 9
6 7 10
7 11 10
7 8 11
8 12 11
8 9 12
10 11 13
11 14 13
11 12 14
13 14 15
ZONE N=15, E=16, F=FEPOINT, ET=TRIANGLE
0.528787 -0.307545 0 0 0 0 
0.516781 -0.323921 0 0 0 0 
0.504775 -0.340296 0 0 0 0 
0.492769 -0.356672 0 0 0 0 
0.480763 -0.373047 0 0 0 0 
0.534897 -0.32691 0 0 0 0 
0.522891 -0.343285 0 0 0 0 
0.510885 -0.35966 0 0 0 0 
0.498879 -0.376036 0 0 0 0 
0.541007 -0.346274 0 0 0 0 
0.529001 -0.362649 0 0 0 0 
0.516995 -0.379025 0 0 0 0 
0.547116 -0.365638 0 0 0 0 
0.53511 -0.382013 0 0 0 0 
0.553226 -0.385002 0 0 0 0 
1 2 6
2 7 6
2 3 7
3 8 7
3 4 8
4 9 8
4 5 9
6 7 10
7 11 10
7 8 11
8 12 11
8 9 12
10 11 13
11 14 13
11 12 14
13 14 15
ZONE N=15, E=16, F=FEPOINT, ET=TRIANGLE
0.285334 -0.551443 0 0 0 0 
0.303338 -0.559388 0 0 0 0 
0.321341 -0.567334 0 0 0 0 
0.339345 -0.57528 0 0 0 0 
0.357348 -0.583225 0 0 0 0 
0.302691 -0.53972 0 0 0 0 
0.320695 -0.547666 0 0 0 0 
0.338698 -0.555611 0 0 0 0 
0.356702 -0.563557 0 0 0 0 
0.320048 -0.527997 0 0 0 0 
0.338052 -0.535943 0 0 0 0 
0.356055 -0.543889 0 0 0 0 
0.337405 -0.516275 0 0 0 0 
0.355409 -0.52422 0 0 0 0 
0.354762 -0.504552 0 0 0 0 
1 2 6
2 7 6
2 3 7
3 8 7
3 4 8
4 9 8
4 5 9
6 7 10
7 11 10
7 8 11
8 12 11
8 9 12
10 11 13
11 14 13
11 12 14
13 14 15
ZONE N=15, E=16, F=FEPOINT, ET=TRIANGLE
0.754921 -0.444462 0 0 0 0 
0.735028 -0.446799 0 0 0 0 
0.715136 -0.449135 0 0 0 0 
0.695244 -0.451471 0 0 0 0 
0.675351 -0.453808 0 0 0 0 
0.747382 -0.466129 0 0 0 0 
0.72749 -0.468466 0 0 0 0 
0.707597 -0.470802 0 0 0 0 
0.687705 -0.473139 0 0 0 0 
0.739844 -0.487797 0 0 0 0 
0.719951 -0.490133 0 0 0 0 
0.700059 -0.492469 0 0 0 0 
0.732305 -0.509464 0 0 0 0 
0.712413 -0.5118 0 0 0 0 
0.724766 -0.531131 0 0 0 0 
1 2 6
2 7 6
2 3 7
3 8 7
3 4 8
4 9 8
4 5 9
6 7 10
7 11 10
7 8 11
8 12 11
8 9 12
10 11 13
11 14 13
11 12 14
13 14 15
ZONE N=15, E=16, F=FEPOINT, ET=TRIANGLE
0.678316 -0.302951 0 0 0 0 
0.659787 -0.308797 0 0 0 0 
0.641258 -0.314643 0 0 0 0 
0.622729 -0.320489 0 0 0 0 
0.6042 -0.326335 0 0 0 0 
0.673821 -0.320991 0 0 0 0 
0.655292 -0.326837 0 0 0 0 
0.636763 -0.332683 0 0 0 0 
0.618234 -0.338529 0 0 0 0 
0.669326 -0.339031 0 0 0 0 
0.650797 -0.344877 0 0 0 0 
0.632268 -0.350723 0 0 0 0 
0.664831 -0.357071 0 0 0 0 
0.646302 -0.362917 0 0 0 0 
0.660337 -0.375111 0 0 0 0 
1 2 6
2 7 6
2 3 7
3 8 7
3 4 8
4 9 8
4 5 9
6 7 10
7 11 10
7 8 11
8 12 11
8 9 12
10 11 13
11 14 13
11 12 14
13 14 15
ZONE N=15, E=16, F=FEPOINT, ET=TRIANGLE
0.528787 -0.307545 0 0 0 0 
0.534897 -0.32691 0 0 0 0 
0.541007 -0.346274 0 0 0 0 
0.547116 -0.365638 0 0 0 0 
0.553226 -0.385002 0 0 0 0 
0.54764 -0.312243 0 0 0 0 
0.55375 -0.331607 0 0 0 0 
0.55986 -0.350971 0 0 0 0 
0.56597 -0.370335 0 0 0 0 
0.566494 -0.31694 0 0 0 0 
0.572603 -0.336305 0 0 0 0 
0.578713 -0.355669 0 0 0 0 
0.585347 -0.321638 0 0 0 0 
0.591456 -0.341002 0 0 0 0 
0.6042 -0.326335 0 0 0 0 
1 2 6
2 7 6
2 3 7
3 8 7
3 4 8
4 9 8
4 5 9
6 7 10
7 11 10
7 8 11
8 12 11
8 9 12
10 11 13
11 14 13
11 12 14
13 14 15
ZONE N=15, E=16, F=FEPOINT, ET=TRIANGLE
0.719458 -0.195412 0 0 0 0 
0.724477 -0.171206 0 0 0 0 
0.729496 -0.147 0 0 0 0 
0.734514 -0.122793 0 0 0 0 
0.739533 -0.0985871 0 0 0 0 
0.699944 -0.174252 0 0 0 0 
0.704963 -0.150045 0 0 0 0 
0.709982 -0.125839 0 0 0 0 
0.715 -0.101633 0 0 0 0 
0.68043 -0.153091 0 0 0 0 
0.685449 -0.128885 0 0 0 0 
0.690468 -0.104679 0 0 0 0 
0.660916 -0.131931 0 0 0 0 
0.665935 -0.107724 0 0 0 0 
0.641402 -0.11077 0 0 0 0 
1 2 6
2 7 6
2 3 7
3 8 7
3 4 8
4 9 8
4 5 9
6 7 10
7 11 10
7 8 11
8 12 11
8 9 12
10 11 13
11 14 13
11 12 14
13 14 15
ZONE N=15, E=16, F=FEPOINT, ET=TRIANGLE
0.645723 0.15635 0 0 0 0 
0.629591 0.152094 0 0 0 0 
0.613459 0.147839 0 0 0 0 
0.597327 0.143584 0 0 0 0 
0.581195 0.139328 0 0 0 0 
0.64088 0.131497 0 0 0 0 
0.624748 0.127241 0 0 0 0 
0.608616 0.122986 0 0 0 0 
0.592484 0.118731 0 0 0 0 
0.636037 0.106643 0 0 0 0 
0.619905 0.102388 0 0 0 0 
0.603773 0.0981329 0 0 0 0 
0.631195 0.0817905 0 0 0 0 
0.615063 0.0775352 0 0 0 0 
0.626352 0.0569375 0 0 0 0 
1 2 6
2 7 6
2 3 7
3 8 7
3 4 8
4 9 8
4 5 9
6 7 10
7 11 10
7 8 11
8 12 11
8 9 12
10 11 13
11 14 13
11 12 14
13 14 15
ZONE N=15, E=16, F=FEPOINT, ET=TRIANGLE
0.592171 -0.468778 0 0 0 0 
0.568079 -0.478454 0 0 0 0 
0.543986 -0.48813 0 0 0 0 
0.519894 -0.497806 0 0 0 0 
0.495801 -0.507482 0 0 0 0 
0.578452 -0.492791 0 0 0 0 
0.55436 -0.502467 0 0 0 0 
0.530267 -0.512143 0 0 0 0 
0.506175 -0.521819 0 0 0 0 
0.564733 -0.516804 0 0 0 0 
0.54064 -0.52648 0 0 0 0 
0.516548 -0.536156 0 0 0 0 
0.551014 -0.540817 0 0 0 0 
0.526921 -0.550493 0 0 0 0 
0.537295 -0.56483 0 0 0 0 
1 2 6
2 7 6
2 3 7
3 8 7
3 4 8
4 9 8
4 5 9
6 7 10
7 11 10
7 8 11
8 12 11
8 9 12
10 11 13
11 14 13
11 12 14
13 14 15
ZONE N=15, E=16, F=FEPOINT, ET=TRIANGLE
0.6042 -0.326335 0 0 0 0 
0.622729 -0.320489 0 0 0 0 
0.641258 -0.314643 0 0 0 0 
0.659787 -0.308797 0 0 0 0 
0.678316 -0.302951 0 0 0 0 
0.618812 -0.303581 0 0 0 0 
0.637341 -0.297735 0 0 0 0 
0.65587 -0.291888 0 0 0 0 
0.674399 -0.286042 0 0 0 0 
0.633424 -0.280826 0 0 0 0 
0.651953 -0.27498 0 0 0 0 
0.670482 -0.269134 0 0 0 0 
0.648036 -0.258072 0 0 0 0 
0.666565 -0.252225 0 0 0 0 
0.662648 -0.235317 0 0 0 0 
1 2 6
2 7 6
2 3 7
3 8 7
3 4 8
4 9 8
4 5 9
6 7 10
7 11 10
7 8 11
8 12 11
8 9 12
10 11 13
11 14 13
11 12 14
13 14 15
ZONE N=15, E=16, F=FEPOINT, ET=TRIANGLE
0.81312 -0.4169 0 0 0 0 
0.79515 -0.39467 0 0 0 0 
0.77718 -0.372439 0 0 0 0 
0.75921 -0.350208 0 0 0 0 
0.741239 -0.327978 0 0 0 0 
0.790521 -0.409975 0 0 0 0 
0.772551 -0.387744 0 0 0 0 
0.754581 -0.365514 0 0 0 0 
0.736611 -0.343283 0 0 0 0 
0.767922 -0.403049 0 0 0 0 
0.749952 -0.380819 0 0 0 0 
0.731982 -0.358588 0 0 0 0 
0.745324 -0.396124 0 0 0 0 
0.727353 -0.373893 0 0 0 0 
0.722725 -0.389198 0 0 0 0 
1 2 6
2 7 6
2 3 7
3 8 7
3 4 8
4 9 8
4 5 9
6 7 10
7 11 10
7 8 11
8 12 11
8 9 12
10 11 13
11 14 13
11 12 14
13 14 15
ZONE N=15, E=16, F=FEPOINT, ET=TRIANGLE
0.876902 -0.224155 0 0 0 0 
0.896912 -0.240687 0 0 0 0 
0.916921 -0.25722 0 0 0 0 
0.936931 -0.273752 0 0 0 0 
0.95694 -0.290285 0 0 0 0 
0.902873 -0.216889 0 0 0 0 
0.923175 -0.233494 0 0 0 0 
0.943476 -0.250102 0 0 0 0 
0.963776 -0.266713 0 0 0 0 
0.928844 -0.209623 0 0 0 0 
0.949438 -0.226299 0 0 0 0 
0.970031 -0.24298 0 0 0 0 
0.954815 -0.202356 0 0 0 0 
0.975702 -0.219101 0 0 0 0 
0.980785 -0.19509 0 0 0 0 
1 2 6
2 7 6
2 3 7
3 8 7
3 4 8
4 9 8
4 5 9
6 7 10
7 11 10
7 8 11
8 12 11
8 9 12
10 11 13
11 14 13
11 12 14
13 14 15
ZONE N=15, E=16, F=FEPOINT, ET=TRIANGLE
0.641402 -0.11077 0 0 0 0 
0.632136 -0.132486 0 0 0 0 
0.622871 -0.154202 0 0 0 0 
0.613605 -0.175918 0 0 0 0 
0.60434 -0.197634 0 0 0 0 
0.660916 -0.131931 0 0 0 0 
0.65165 -0.153647 0 0 0 0 
0.642385 -0.175363 0 0 0 0 
0.633119 -0.197079 0 0 0 0 
0.68043 -0.153091 0 0 0 0 
0.671164 -0.174807 0 0 0 0 
0.661899 -0.196523 0 0 0 0 
0.699944 -0.174252 0 0 0 0 
0.690678 -0.195968 0 0 0 0 
0.719458 -0.195412 0 0 0 0 
1 2 6
2 7 6
2 3 7
3 8 7
3 4 8
4 9 8
4 5 9
6 7 10
7 11 10
7 8 11
8 12 11
8 9 12
10 11 13
11 14 13
11 12 14
13 14 15
ZONE N=15, E=16, F=FEPOINT, ET=TRIANGLE
0.641402 -0.11077 0 0 0 0 
0.612333 -0.102855 0 0 0 0 
0.583264 -0.0949399 0 0 0 0 
0.554196 -0.0870248 0 0 0 0 
0.525127 -0.0791098 0 0 0 0 
0.619472 -0.119517 0 0 0 0 
0.590403 -0.111602 0 0 0 0 
0.561334 -0.103687 0 0 0 0 
0.532266 -0.0957718 0 0 0 0 
0.597542 -0.128264 0 0 0 0 
0.568473 -0.120349 0 0 0 0 
0.539404 -0.112434 0 0 0 0 
0.575612 -0.137011 0 0 0 0 
0.546543 -0.129096 0 0 0 0 
0.553682 -0.145758 0 0 0 0 
1 2 6
2 7 6
2 3 7
3 8 7
3 4 8
4 9 8
4 5 9
6 7 10
7 11 10
7 8 11
8 12 11
8 9 12
10 11 13
11 14 13
11 12 14
13 14 15
ZONE N=15, E=16, F=FEPOINT, ET=TRIANGLE
0.6042 -0.326335 0 0 0 0 
0.591456 -0.341002 0 0 0 0 
0.578713 -0.355669 0 0 0 0 
0.56597 -0.370335 0 0 0 0 
0.553226 -0.385002 0 0 0 0 
0.618234 -0.338529 0 0 0 0 
0.605491 -0.353196 0 0 0 0 
0.592747 -0.367863 0 0 0 0 
0.580004 -0.382529 0 0 0 0 
0.632268 -0.350723 0 0 0 0 
0.619525 -0.36539 0 0 0 0 
0.606781 -0.380056 0 0 0 0 
0.646302 -0.362917 0 0 0 0 
0.633559 -0.377584 0 0 0 0 
0.660337 -0.375111 0 0 0 0 
1 2 6
2 7 6
2 3 7
3 8 7
3 4 8
4 9 8
4 5 9
6 7 10
7 11 10
7 8 11
8 12 11
8 9 12
10 11 13
11 14 13
11 12 14
13 14 15
ZONE N=15, E=16, F=FEPOINT, ET=TRIANGLE
0.660337 -0.375111 0 0 0 0 
0.66409 -0.394785 0 0 0 0 
0.667844 -0.414459 0 0 0 0 
0.671597 -0.434134 0 0 0 0 
0.675351 -0.453808 0 0 0 0 
0.675934 -0.378633 0 0 0 0 
0.679687 -0.398307 0 0 0 0 
0.683441 -0.417981 0 0 0 0 
0.687194 -0.437655 0 0 0 0 
0.691531 -0.382154 0 0 0 0 
0.695284 -0.401829 0 0 0 0 
0.699038 -0.421503 0 0 0 0 
0.707128 -0.385676 0 0 0 0 
0.710881 -0.405351 0 0 0 0 
0.722725 -0.389198 0 0 0 0 
1 2 6
2 7 6
2 3 7
3 8 7
3 4 8
4 9 8
4 5 9
6 7 10
7 11 10
7 8 11
8 12 11
8 9 12
10 11 13
11 14 13
11 12 14
13 14 15
ZONE N=15, E=16, F=FEPOINT, ET=TRIANGLE
0.528787 -0.307545 0 0 0 0 
0.54764 -0.312243 0 0 0 0 
0.566494 -0.31694 0 0 0 0 
0.585347 -0.321638 0 0 0 0 
0.6042 -0.326335 0 0 0 0 
0.534578 -0.291295 0 0 0 0 
0.553431 -0.295993 0 0 0 0 
0.572285 -0.30069 0 0 0 0 
0.591138 -0.305388 0 0 0 0 
0.540369 -0.275045 0 0 0 0 
0.559223 -0.279743 0 0 0 0 
0.578076 -0.28444 0 0 0 0 
0.54616 -0.258795 0 0 0 0 
0.565014 -0.263493 0 0 0 0 
0.551951 -0.242545 0 0 0 0 
1 2 6
2 7 6
2 3 7
3 8 7
3 4 8
4 9 8
4 5 9
6 7 10
7 11 10
7 8 11
8 12 11
8 9 12
10 11 13
11 14 13
11 12 14
13 14 15
ZONE N=15, E=16, F=FEPOINT, ET=TRIANGLE
0.553682 -0.145758 0 0 0 0 
0.553249 -0.169955 0 0 0 0 
0.552817 -0.194152 0 0 0 0 
0.552384 -0.218348 0 0 0 0 
0.551951 -0.242545 0 0 0 0 
0.566346 -0.158727 0 0 0 0 
0.565914 -0.182924 0 0 0 0 
0.565481 -0.207121 0 0 0 0 
0.565049 -0.231318 0 0 0 0 
0.579011 -0.171696 0 0 0 0 
0.578578 -0.195893 0 0 0 0 
0.578146 -0.22009 0 0 0 0 
0.591675 -0.184665 0 0 0 0 
0.591243 -0.208862 0 0 0 0 
0.60434 -0.197634 0 0 0 0 
1 2 6
2 7 6
2 3 7
3 8 7
3 4 8
4 9 8
4 5 9
6 7 10
7 11 10
7 8 11
8 12 11
8 9 12
10 11 13
11 14 13
11 12 14
13 14 15
ZONE N=15, E=16, F=FEPOINT, ET=TRIANGLE
0.873536 -0.113829 0 0 0 0 
0.885289 -0.101636 0 0 0 0 
0.897041 -0.0894437 0 0 0 0 
0.908793 -0.0772511 0 0 0 0 
0.920545 -0.0650585 0 0 0 0 
0.866658 -0.0933431 0 0 0 0 
0.87841 -0.0811505 0 0 0 0 
0.890162 -0.0689579 0 0 0 0 
0.901914 -0.0567653 0 0 0 0 
0.859779 -0.0728572 0 0 0 0 
0.871531 -0.0606646 0 0 0 0 
0.883283 -0.048472 0 0 0 0 
0.852901 -0.0523714 0 0 0 0 
0.864653 -0.0401788 0 0 0 0 
0.846022 -0.0318855 0 0 0 0 
1 2 6
2 7 6
2 3 7
3 8 7
3 4 8
4 9 8
4 5 9
6 7 10
7 11 10
7 8 11
8 12 11
8 9 12
10 11 13
11 14 13
11 12 14
13 14 15
ZONE N=15, E=16, F=FEPOINT, ET=TRIANGLE
0.807765 -0.481073 0 0 0 0 
0.787016 -0.493588 0 0 0 0 
0.766266 -0.506102 0 0 0 0 
0.745516 -0.518617 0 0 0 0 
0.724766 -0.531131 0 0 0 0 
0.813691 -0.499698 0 0 0 0 
0.792942 -0.512212 0 0 0 0 
0.772192 -0.524726 0 0 0 0 
0.751442 -0.537241 0 0 0 0 
0.819618 -0.518322 0 0 0 0 
0.798868 -0.530836 0 0 0 0 
0.778118 -0.543351 0 0 0 0 
0.825544 -0.536946 0 0 0 0 
0.804794 -0.54946 0 0 0 0 
0.83147 -0.55557 0 0 0 0 
1 2 6
2 7 6
2 3 7
3 8 7
3 4 8
4 9 8
4 5 9
6 7 10
7 11 10
7 8 11
8 12 11
8 9 12
10 11 13
11 14 13
11 12 14
13 14 15
ZONE N=15, E=16, F=FEPOINT, ET=TRIANGLE
-0.55557 0.83147 0 0 0 0 
-0.53503 0.822676 0 0 0 0 
-0.514489 0.813881 0 0 0 0 
-0.493948 0.805087 0 0 0 0 
-0.473408 0.796293 0 0 0 0 
-0.534998 0.844854 0 0 0 0 
-0.514298 0.835804 0 0 0 0 
-0.4936 0.826753 0 0 0 0 
-0.472905 0.8177 0 0 0 0 
-0.514103 0.857729 0 0 0 0 
-0.49325 0.848419 0 0 0 0 
-0.472402 0.839107 0 0 0 0 
-0.492898 0.870087 0 0 0 0 
-0.4719 0.860514 0 0 0 0 
-0.471397 0.881921 0 0 0 0 
1 2 6
2 7 6
2 3 7
3 8 7
3 4 8
4 9 8
4 5 9
6 7 10
7 11 10
7 8 11
8 12 11
8 9 12
10 11 13
11 14 13
11 12 14
13 14 15
ZONE N=15, E=16, F=FEPOINT, ET=TRIANGLE
-0.287561 0.73793 0 0 0 0 
-0.281731 0.762023 0 0 0 0 
-0.2759 0.786116 0 0 0 0 
-0.27007 0.810208 0 0 0 0 
-0.26424 0.834301 0 0 0 0 
-0.306528 0.745501 0 0 0 0 
-0.300698 0.769593 0 0 0 0 
-0.294867 0.793686 0 0 0 0 
-0.289037 0.817779 0 0 0 0 
-0.325495 0.753071 0 0 0 0 
-0.319664 0.777164 0 0 0 0 
-0.313834 0.801256 0 0 0 0 
-0.344461 0.760641 0 0 0 0 
-0.338631 0.784734 0 0 0 0 
-0.363428 0.768211 0 0 0 0 
1 2 6
2 7 6
2 3 7
3 8 7
3 4 8
4 9 8
4 5 9
6 7 10
7 11 10
7 8 11
8 12 11
8 9 12
10 11 13
11 14 13
11 12 14
13 14 15
ZONE N=15, E=16, F=FEPOINT, ET=TRIANGLE
-0.628191 0.676789 0 0 0 0 
-0.636966 0.657562 0 0 0 0 
-0.645741 0.638335 0 0 0 0 
-0.654516 0.619108 0 0 0 0 
-0.663291 0.599881 0 0 0 0 
-0.619298 0.661115 0 0 0 0 
-0.628073 0.641888 0 0 0 0 
-0.636848 0.622661 0 0 0 0 
-0.645623 0.603434 0 0 0 0 
-0.610405 0.64544 0 0 0 0 
-0.61918 0.626213 0 0 0 0 
-0.627955 0.606986 0 0 0 0 
-0.601512 0.629766 0 0 0 0 
-0.610287 0.610539 0 0 0 0 
-0.592619 0.614091 0 0 0 0 
1 2 6
2 7 6
2 3 7
3 8 7
3 4 8
4 9 8
4 5 9
6 7 10
7 11 10
7 8 11
8 12 11
8 9 12
10 11 13
11 14 13
11 12 14
13 14 15
ZONE N=15, E=16, F=FEPOINT, ET=TRIANGLE
-0.471397 0.881921 0 0 0 0 
-0.44418 0.873278 0 0 0 0 
-0.416964 0.864634 0 0 0 0 
-0.389747 0.855991 0 0 0 0 
-0.36253 0.847347 0 0 0 0 
-0.449611 0.893224 0 0 0 0 
-0.422262 0.884311 0 0 0 0 
-0.394914 0.875396 0 0 0 0 
-0.367569 0.86648 0 0 0 0 
-0.427555 0.903989 0 0 0 0 
-0.400079 0.894802 0 0 0 0 
-0.372607 0.885613 0 0 0 0 
-0.405241 0.91421 0 0 0 0 
-0.377645 0.904747 0 0 0 0 
-0.382683 0.92388 0 0 0 0 
1 2 6
2 7 6
2 3 7
3 8 7
3 4 8
4 9 8
4 5 9
6 7 10
7 11 10
7 8 11
8 12 11
8 9 12
10 11 13
11 14 13
11 12 14
13 14 15
ZONE N=15, E=16, F=FEPOINT, ET=TRIANGLE
-0.472289 0.722281 0 0 0 0 
-0.445073 0.733764 0 0 0 0 
-0.417858 0.745246 0 0 0 0 
-0.390643 0.756729 0 0 0 0 
-0.363428 0.768211 0 0 0 0 
-0.472568 0.740784 0 0 0 0 
-0.445353 0.752267 0 0 0 0 
-0.418138 0.763749 0 0 0 0 
-0.390923 0.775232 0 0 0 0 
-0.472848 0.759287 0 0 0 0 
-0.445633 0.77077 0 0 0 0 
-0.418418 0.782252 0 0 0 0 
-0.473128 0.77779 0 0 0 0 
-0.445913 0.789273 0 0 0 0 
-0.473408 0.796293 0 0 0 0 
1 2 6
2 7 6
2 3 7
3 8 7
3 4 8
4 9 8
4 5 9
6 7 10
7 11 10
7 8 11
8 12 11
8 9 12
10 11 13
11 14 13
11 12 14
13 14 15
ZONE N=15, E=16, F=FEPOINT, ET=TRIANGLE
-0.217973 0.883313 0 0 0 0 
-0.240465 0.882942 0 0 0 0 
-0.262958 0.882571 0 0 0 0 
-0.28545 0.8822 0 0 0 0 
-0.307942 0.881829 0 0 0 0 
-0.22954 0.87106 0 0 0 0 
-0.252032 0.870689 0 0 0 0 
-0.274524 0.870318 0 0 0 0 
-0.297017 0.869947 0 0 0 0 
-0.241106 0.858807 0 0 0 0 
-0.263599 0.858436 0 0 0 0 
-0.286091 0.858065 0 0 0 0 
-0.252673 0.846554 0 0 0 0 
-0.275165 0.846183 0 0 0 0 
-0.26424 0.834301 0 0 0 0 
1 2 6
2 7 6
2 3 7
3 8 7
3 4 8
4 9 8
4 5 9
6 7 10
7 11 10
7 8 11
8 12 11
8 9 12
10 11 13
11 14 13
11 12 14
13 14 15
ZONE N=15, E=16, F=FEPOINT, ET=TRIANGLE
-0.2073 0.753128 0 0 0 0 
-0.187302 0.754961 0 0 0 0 
-0.167303 0.756794 0 0 0 0 
-0.147304 0.758626 0 0 0 0 
-0.127305 0.760459 0 0 0 0 
-0.205736 0.769364 0 0 0 0 
-0.185737 0.771197 0 0 0 0 
-0.165739 0.77303 0 0 0 0 
-0.14574 0.774863 0 0 0 0 
-0.204172 0.785601 0 0 0 0 
-0.184173 0.787434 0 0 0 0 
-0.164174 0.789266 0 0 0 0 
-0.202608 0.801837 0 0 0 0 
-0.182609 0.80367 0 0 0 0 
-0.201043 0.818074 0 0 0 0 
1 2 6
2 7 6
2 3 7
3 8 7
3 4 8
4 9 8
4 5 9
6 7 10
7 11 10
7 8 11
8 12 11
8 9 12
10 11 13
11 14 13
11 12 14
13 14 15
ZONE N=15, E=16, F=FEPOINT, ET=TRIANGLE
-0.153712 0.862983 0 0 0 0 
-0.169777 0.868065 0 0 0 0 
-0.185843 0.873148 0 0 0 0 
-0.201908 0.87823 0 0 0 0 
-0.217973 0.883313 0 0 0 0 
-0.165545 0.851756 0 0 0 0 
-0.18161 0.856838 0 0 0 0 
-0.197675 0.861921 0 0 0 0 
-0.213741 0.867003 0 0 0 0 
-0.177378 0.840528 0 0 0 0 
-0.193443 0.845611 0 0 0 0 
-0.209508 0.850693 0 0 0 0 
-0.189211 0.829301 0 0 0 0 
-0.205276 0.834383 0 0 0 0 
-0.201043 0.818074 0 0 0 0 
1 2 6
2 7 6
2 3 7
3 8 7
3 4 8
4 9 8
4 5 9
6 7 10
7 11 10
7 8 11
8 12 11
8 9 12
10 11 13
11 14 13
11 12 14
13 14 15
ZONE N=15, E=16, F=FEPOINT, ET=TRIANGLE
-0.153712 0.862983 0 0 0 0 
-0.148943 0.878955 0 0 0 0 
-0.144175 0.894926 0 0 0 0 
-0.139406 0.910898 0 0 0 0 
-0.134638 0.926869 0 0 0 0 
-0.169777 0.868065 0 0 0 0 
-0.165009 0.884037 0 0 0 0 
-0.16024 0.900009 0 0 0 0 
-0.155472 0.91598 0 0 0 0 
-0.185843 0.873148 0 0 0 0 
-0.181074 0.889119 0 0 0 0 
-0.176305 0.905091 0 0 0 0 
-0.201908 0.87823 0 0 0 0 
-0.197139 0.894202 0 0 0 0 
-0.217973 0.883313 0 0 0 0 
1 2 6
2 7 6
2 3 7
3 8 7
3 4 8
4 9 8
4 5 9
6 7 10
7 11 10
7 8 11
8 12 11
8 9 12
10 11 13
11 14 13
11 12 14
13 14 15
ZONE N=15, E=16, F=FEPOINT, ET=TRIANGLE
-0.19509 0.980785 0 0 0 0 
-0.219101 0.975702 0 0 0 0 
-0.24298 0.970031 0 0 0 0 
-0.266713 0.963776 0 0 0 0 
-0.290285 0.95694 0 0 0 0 
-0.200811 0.956417 0 0 0 0 
-0.224754 0.951041 0 0 0 0 
-0.248557 0.945078 0 0 0 0 
-0.272207 0.938533 0 0 0 0 
-0.206532 0.932049 0 0 0 0 
-0.230403 0.92638 0 0 0 0 
-0.254129 0.920127 0 0 0 0 
-0.212252 0.907681 0 0 0 0 
-0.236051 0.90172 0 0 0 0 
-0.217973 0.883313 0 0 0 0 
1 2 6
2 7 6
2 3 7
3 8 7
3 4 8
4 9 8
4 5 9
6 7 10
7 11 10
7 8 11
8 12 11
8 9 12
10 11 13
11 14 13
11 12 14
13 14 15
ZONE N=15, E=16, F=FEPOINT, ET=TRIANGLE
-0.290285 0.95694 0 0 0 0 
-0.313682 0.949528 0 0 0 0 
-0.33689 0.941544 0 0 0 0 
-0.359895 0.932993 0 0 0 0 
-0.382683 0.92388 0 0 0 0 
-0.294699 0.938163 0 0 0 0 
-0.317999 0.930465 0 0 0 0 
-0.341104 0.922198 0 0 0 0 
-0.363998 0.913367 0 0 0 0 
-0.299114 0.919385 0 0 0 0 
-0.322315 0.911403 0 0 0 0 
-0.345313 0.902854 0 0 0 0 
-0.303528 0.900607 0 0 0 0 
-0.326628 0.892342 0 0 0 0 
-0.307942 0.881829 0 0 0 0 
1 2 6
2 7 6
2 3 7
3 8 7
3 4 8
4 9 8
4 5 9
6 7 10
7 11 10
7 8 11
8 12 11
8 9 12
10 11 13
11 14 13
11 12 14
13 14 15
ZONE N=15, E=16, F=FEPOINT, ET=TRIANGLE
-0.307942 0.881829 0 0 0 0 
-0.321589 0.873209 0 0 0 0 
-0.335236 0.864588 0 0 0 0 
-0.348883 0.855968 0 0 0 0 
-0.36253 0.847347 0 0 0 0 
-0.297017 0.869947 0 0 0 0 
-0.310664 0.861327 0 0 0 0 
-0.324311 0.852706 0 0 0 0 
-0.337958 0.844086 0 0 0 0 
-0.286091 0.858065 0 0 0 0 
-0.299738 0.849445 0 0 0 0 
-0.313385 0.840824 0 0 0 0 
-0.275165 0.846183 0 0 0 0 
-0.288812 0.837563 0 0 0 0 
-0.26424 0.834301 0 0 0 0 
1 2 6
2 7 6
2 3 7
3 8 7
3 4 8
4 9 8
4 5 9
6 7 10
7 11 10
7 8 11
8 12 11
8 9 12
10 11 13
11 14 13
11 12 14
13 14 15
ZONE N=15, E=16, F=FEPOINT, ET=TRIANGLE
-0.19509 0.980785 0 0 0 0 
-0.200811 0.956417 0 0 0 0 
-0.206532 0.932049 0 0 0 0 
-0.212252 0.907681 0 0 0 0 
-0.217973 0.883313 0 0 0 0 
-0.179977 0.967306 0 0 0 0 
-0.185698 0.942938 0 0 0 0 
-0.191419 0.91857 0 0 0 0 
-0.197139 0.894202 0 0 0 0 
-0.164864 0.953827 0 0 0 0 
-0.170585 0.929459 0 0 0 0 
-0.176305 0.905091 0 0 0 0 
-0.149751 0.940348 0 0 0 0 
-0.155472 0.91598 0 0 0 0 
-0.134638 0.926869 0 0 0 0 
1 2 6
2 7 6
2 3 7
3 8 7
3 4 8
4 9 8
4 5 9
6 7 10
7 11 10
7 8 11
8 12 11
8 9 12
10 11 13
11 14 13
11 12 14
13 14 15
ZONE N=15, E=16, F=FEPOINT, ET=TRIANGLE
-0.134638 0.926869 0 0 0 0 
-0.121892 0.914366 0 0 0 0 
-0.109146 0.901863 0 0 0 0 
-0.0963999 0.88936 0 0 0 0 
-0.083654 0.876857 0 0 0 0 
-0.110584 0.930945 0 0 0 0 
-0.0978385 0.918442 0 0 0 0 
-0.0850925 0.905939 0 0 0 0 
-0.0723466 0.893436 0 0 0 0 
-0.0865311 0.935021 0 0 0 0 
-0.0737852 0.922518 0 0 0 0 
-0.0610392 0.910015 0 0 0 0 
-0.0624778 0.939097 0 0 0 0 
-0.0497319 0.926594 0 0 0 0 
-0.0384245 0.943173 0 0 0 0 
1 2 6
2 7 6
2 3 7
3 8 7
3 4 8
4 9 8
4 5 9
6 7 10
7 11 10
7 8 11
8 12 11
8 9 12
10 11 13
11 14 13
11 12 14
13 14 15
ZONE N=15, E=16, F=FEPOINT, ET=TRIANGLE
-0.083654 0.876857 0 0 0 0 
-0.101169 0.873388 0 0 0 0 
-0.118683 0.86992 0 0 0 0 
-0.136198 0.866451 0 0 0 0 
-0.153712 0.862983 0 0 0 0 
-0.0784733 0.85977 0 0 0 0 
-0.0959878 0.856302 0 0 0 0 
-0.113502 0.852833 0 0 0 0 
-0.131017 0.849365 0 0 0 0 
-0.0732926 0.842684 0 0 0 0 
-0.0908071 0.839215 0 0 0 0 
-0.108322 0.835747 0 0 0 0 
-0.0681119 0.825597 0 0 0 0 
-0.0856265 0.822129 0 0 0 0 
-0.0629312 0.80851 0 0 0 0 
1 2 6
2 7 6
2 3 7
3 8 7
3 4 8
4 9 8
4 5 9
6 7 10
7 11 10
7 8 11
8 12 11
8 9 12
10 11 13
11 14 13
11 12 14
13 14 15
ZONE N=15, E=16, F=FEPOINT, ET=TRIANGLE
-0.0629312 0.80851 0 0 0 0 
-0.0466593 0.813333 0 0 0 0 
-0.0303873 0.818155 0 0 0 0 
-0.0141154 0.822977 0 0 0 0 
0.00215655 0.827799 0 0 0 0 
-0.0681119 0.825597 0 0 0 0 
-0.05184 0.830419 0 0 0 0 
-0.035568 0.835241 0 0 0 0 
-0.0192961 0.840064 0 0 0 0 
-0.0732926 0.842684 0 0 0 0 
-0.0570207 0.847506 0 0 0 0 
-0.0407487 0.852328 0 0 0 0 
-0.0784733 0.85977 0 0 0 0 
-0.0622014 0.864592 0 0 0 0 
-0.083654 0.876857 0 0 0 0 
1 2 6
2 7 6
2 3 7
3 8 7
3 4 8
4 9 8
4 5 9
6 7 10
7 11 10
7 8 11
8 12 11
8 9 12
10 11 13
11 14 13
11 12 14
13 14 15
ZONE N=15, E=16, F=FEPOINT, ET=TRIANGLE
-0.0384245 0.943173 0 0 0 0 
-0.0497319 0.926594 0 0 0 0 
-0.0610392 0.910015 0 0 0 0 
-0.0723466 0.893436 0 0 0 0 
-0.083654 0.876857 0 0 0 0 
-0.0261753 0.93117 0 0 0 0 
-0.0374827 0.914591 0 0 0 0 
-0.0487901 0.898012 0 0 0 0 
-0.0600975 0.881433 0 0 0 0 
-0.0139262 0.919167 0 0 0 0 
-0.0252335 0.902588 0 0 0 0 
-0.0365409 0.886009 0 0 0 0 
-0.00167701 0.907164 0 0 0 0 
-0.0129844 0.890585 0 0 0 0 
0.0105721 0.895162 0 0 0 0 
1 2 6
2 7 6
2 3 7
3 8 7
3 4 8
4 9 8
4 5 9
6 7 10
7 11 10
7 8 11
8 12 11
8 9 12
10 11 13
11 14 13
11 12 14
13 14 15
ZONE N=15, E=16, F=FEPOINT, ET=TRIANGLE
-0.0384245 0.943173 0 0 0 0 
-0.0288184 0.95738 0 0 0 0 
-0.0192122 0.971586 0 0 0 0 
-0.00960612 0.985793 0 0 0 0 
6.245e-17 1 0 0 0 0 
-0.0533226 0.956176 0 0 0 0 
-0.0437313 0.970683 0 0 0 0 
-0.0341375 0.985191 0 0 0 0 
-0.0245412 0.999699 0 0 0 0 
-0.0682208 0.969179 0 0 0 0 
-0.0586467 0.983987 0 0 0 0 
-0.0490677 0.998795 0 0 0 0 
-0.083119 0.982182 0 0 0 0 
-0.0735646 0.99729 0 0 0 0 
-0.0980171 0.995185 0 0 0 0 
1 2 6
2 7 6
2 3 7
3 8 7
3 4 8
4 9 8
4 5 9
6 7 10
7 11 10
7 8 11
8 12 11
8 9 12
10 11 13
11 14 13
11 12 14
13 14 15
ZONE N=15, E=16, F=FEPOINT, ET=TRIANGLE
-0.134638 0.926869 0 0 0 0 
-0.110584 0.930945 0 0 0 0 
-0.0865311 0.935021 0 0 0 0 
-0.0624778 0.939097 0 0 0 0 
-0.0384245 0.943173 0 0 0 0 
-0.125483 0.943948 0 0 0 0 
-0.101429 0.948024 0 0 0 0 
-0.0773759 0.9521 0 0 0 0 
-0.0533226 0.956176 0 0 0 0 
-0.116327 0.961027 0 0 0 0 
-0.0922741 0.965103 0 0 0 0 
-0.0682208 0.969179 0 0 0 0 
-0.107172 0.978106 0 0 0 0 
-0.083119 0.982182 0 0 0 0 
-0.0980171 0.995185 0 0 0 0 
1 2 6
2 7 6
2 3 7
3 8 7
3 4 8
4 9 8
4 5 9
6 7 10
7 11 10
7 8 11
8 12 11
8 9 12
10 11 13
11 14 13
11 12 14
13 14 15
ZONE N=15, E=16, F=FEPOINT, ET=TRIANGLE
-0.707107 0.707107 0 0 0 0 
-0.687378 0.699527 0 0 0 0 
-0.667649 0.691948 0 0 0 0 
-0.64792 0.684369 0 0 0 0 
-0.628191 0.676789 0 0 0 0 
-0.689541 0.724247 0 0 0 0 
-0.669606 0.716448 0 0 0 0 
-0.649673 0.708647 0 0 0 0 
-0.629742 0.700845 0 0 0 0 
-0.671559 0.740951 0 0 0 0 
-0.651424 0.732927 0 0 0 0 
-0.631292 0.7249 0 0 0 0 
-0.653173 0.757209 0 0 0 0 
-0.632843 0.748955 0 0 0 0 
-0.634393 0.77301 0 0 0 0 
1 2 6
2 7 6
2 3 7
3 8 7
3 4 8
4 9 8
4 5 9
6 7 10
7 11 10
7 8 11
8 12 11
8 9 12
10 11 13
11 14 13
11 12 14
13 14 15
ZONE N=15, E=16, F=FEPOINT, ET=TRIANGLE
-0.553052 0.726399 0 0 0 0 
-0.571837 0.713997 0 0 0 0 
-0.590621 0.701594 0 0 0 0 
-0.609406 0.689192 0 0 0 0 
-0.628191 0.676789 0 0 0 0 
-0.544511 0.708075 0 0 0 0 
-0.563296 0.695672 0 0 0 0 
-0.582081 0.68327 0 0 0 0 
-0.600866 0.670867 0 0 0 0 
-0.535971 0.68975 0 0 0 0 
-0.554756 0.677348 0 0 0 0 
-0.573541 0.664945 0 0 0 0 
-0.527431 0.671426 0 0 0 0 
-0.546216 0.659023 0 0 0 0 
-0.518891 0.653101 0 0 0 0 
1 2 6
2 7 6
2 3 7
3 8 7
3 4 8
4 9 8
4 5 9
6 7 10
7 11 10
7 8 11
8 12 11
8 9 12
10 11 13
11 14 13
11 12 14
13 14 15
ZONE N=15, E=16, F=FEPOINT, ET=TRIANGLE
-0.0625 -0.0701305 0 0 0 0 
-0.0859375 -0.0686416 0 0 0 0 
-0.109375 -0.0671526 0 0 0 0 
-0.132812 -0.0656637 0 0 0 0 
-0.15625 -0.0641748 0 0 0 0 
-0.069398 -0.0858032 0 0 0 0 
-0.0928355 -0.0843142 0 0 0 0 
-0.116273 -0.0828253 0 0 0 0 
-0.13971 -0.0813364 0 0 0 0 
-0.0762959 -0.101476 0 0 0 0 
-0.0997334 -0.0999869 0 0 0 0 
-0.123171 -0.098498 0 0 0 0 
-0.0831939 -0.117149 0 0 0 0 
-0.106631 -0.11566 0 0 0 0 
-0.0900918 -0.132821 0 0 0 0 
1 2 6
2 7 6
2 3 7
3 8 7
3 4 8
4 9 8
4 5 9
6 7 10
7 11 10
7 8 11
8 12 11
8 9 12
10 11 13
11 14 13
11 12 14
13 14 15
ZONE N=15, E=16, F=FEPOINT, ET=TRIANGLE
-0.157357 -0.14574 0 0 0 0 
-0.147081 -0.170679 0 0 0 0 
-0.136804 -0.195618 0 0 0 0 
-0.126528 -0.220557 0 0 0 0 
-0.116252 -0.245496 0 0 0 0 
-0.14054 -0.14251 0 0 0 0 
-0.130264 -0.167449 0 0 0 0 
-0.119988 -0.192388 0 0 0 0 
-0.109712 -0.217328 0 0 0 0 
-0.123724 -0.13928 0 0 0 0 
-0.113448 -0.16422 0 0 0 0 
-0.103172 -0.189159 0 0 0 0 
-0.106908 -0.136051 0 0 0 0 
-0.096632 -0.16099 0 0 0 0 
-0.0900918 -0.132821 0 0 0 0 
1 2 6
2 7 6
2 3 7
3 8 7
3 4 8
4 9 8
4 5 9
6 7 10
7 11 10
7 8 11
8 12 11
8 9 12
10 11 13
11 14 13
11 12 14
13 14 15
ZONE N=15, E=16, F=FEPOINT, ET=TRIANGLE
-0.368337 0.390423 0 0 0 0 
-0.357418 0.376436 0 0 0 0 
-0.346498 0.362448 0 0 0 0 
-0.335578 0.348461 0 0 0 0 
-0.324659 0.334474 0 0 0 0 
-0.354046 0.396761 0 0 0 0 
-0.343126 0.382774 0 0 0 0 
-0.332206 0.368787 0 0 0 0 
-0.321287 0.3548 0 0 0 0 
-0.339754 0.4031 0 0 0 0 
-0.328834 0.389113 0 0 0 0 
-0.317914 0.375126 0 0 0 0 
-0.325462 0.409439 0 0 0 0 
-0.314542 0.395452 0 0 0 0 
-0.31117 0.415777 0 0 0 0 
1 2 6
2 7 6
2 3 7
3 8 7
3 4 8
4 9 8
4 5 9
6 7 10
7 11 10
7 8 11
8 12 11
8 9 12
10 11 13
11 14 13
11 12 14
13 14 15
ZONE N=15, E=16, F=FEPOINT, ET=TRIANGLE
-0.261749 0.377456 0 0 0 0 
-0.256333 0.395717 0 0 0 0 
-0.250917 0.413979 0 0 0 0 
-0.245501 0.43224 0 0 0 0 
-0.240085 0.450502 0 0 0 0 
-0.274104 0.387036 0 0 0 0 
-0.268688 0.405298 0 0 0 0 
-0.263272 0.423559 0 0 0 0 
-0.257857 0.441821 0 0 0 0 
-0.28646 0.396617 0 0 0 0 
-0.281044 0.414878 0 0 0 0 
-0.275628 0.43314 0 0 0 0 
-0.298815 0.406197 0 0 0 0 
-0.293399 0.424459 0 0 0 0 
-0.31117 0.415777 0 0 0 0 
1 2 6
2 7 6
2 3 7
3 8 7
3 4 8
4 9 8
4 5 9
6 7 10
7 11 10
7 8 11
8 12 11
8 9 12
10 11 13
11 14 13
11 12 14
13 14 15
ZONE N=15, E=16, F=FEPOINT, ET=TRIANGLE
-0.157084 0.685852 0 0 0 0 
-0.177769 0.6823 0 0 0 0 
-0.198453 0.678748 0 0 0 0 
-0.219138 0.675196 0 0 0 0 
-0.239823 0.671644 0 0 0 0 
-0.158561 0.668541 0 0 0 0 
-0.179246 0.664989 0 0 0 0 
-0.199931 0.661437 0 0 0 0 
-0.220616 0.657885 0 0 0 0 
-0.160038 0.65123 0 0 0 0 
-0.180723 0.647678 0 0 0 0 
-0.201408 0.644126 0 0 0 0 
-0.161515 0.633919 0 0 0 0 
-0.1822 0.630367 0 0 0 0 
-0.162993 0.616607 0 0 0 0 
1 2 6
2 7 6
2 3 7
3 8 7
3 4 8
4 9 8
4 5 9
6 7 10
7 11 10
7 8 11
8 12 11
8 9 12
10 11 13
11 14 13
11 12 14
13 14 15
ZONE N=15, E=16, F=FEPOINT, ET=TRIANGLE
-0.224975 0.585176 0 0 0 0 
-0.215639 0.567082 0 0 0 0 
-0.206303 0.548988 0 0 0 0 
-0.196968 0.530895 0 0 0 0 
-0.187632 0.512801 0 0 0 0 
-0.209479 0.593034 0 0 0 0 
-0.200144 0.57494 0 0 0 0 
-0.190808 0.556846 0 0 0 0 
-0.181472 0.538753 0 0 0 0 
-0.193984 0.600892 0 0 0 0 
-0.184648 0.582798 0 0 0 0 
-0.175312 0.564704 0 0 0 0 
-0.178488 0.608749 0 0 0 0 
-0.169152 0.590656 0 0 0 0 
-0.162993 0.616607 0 0 0 0 
1 2 6
2 7 6
2 3 7
3 8 7
3 4 8
4 9 8
4 5 9
6 7 10
7 11 10
7 8 11
8 12 11
8 9 12
10 11 13
11 14 13
11 12 14
13 14 15
ZONE N=15, E=16, F=FEPOINT, ET=TRIANGLE
0.257369 0.295943 0 0 0 0 
0.239706 0.274269 0 0 0 0 
0.222044 0.252595 0 0 0 0 
0.204381 0.230921 0 0 0 0 
0.186719 0.209247 0 0 0 0 
0.263856 0.269173 0 0 0 0 
0.246194 0.247499 0 0 0 0 
0.228531 0.225825 0 0 0 0 
0.210869 0.204151 0 0 0 0 
0.270344 0.242404 0 0 0 0 
0.252681 0.22073 0 0 0 0 
0.235019 0.199056 0 0 0 0 
0.276831 0.215635 0 0 0 0 
0.259169 0.193961 0 0 0 0 
0.283319 0.188865 0 0 0 0 
1 2 6
2 7 6
2 3 7
3 8 7
3 4 8
4 9 8
4 5 9
6 7 10
7 11 10
7 8 11
8 12 11
8 9 12
10 11 13
11 14 13
11 12 14
13 14 15
ZONE N=15, E=16, F=FEPOINT, ET=TRIANGLE
0.396919 0.396822 0 0 0 0 
0.384594 0.412141 0 0 0 0 
0.372269 0.427459 0 0 0 0 
0.359944 0.442778 0 0 0 0 
0.347619 0.458097 0 0 0 0 
0.377293 0.387231 0 0 0 0 
0.364968 0.40255 0 0 0 0 
0.352643 0.417868 0 0 0 0 
0.340318 0.433187 0 0 0 0 
0.357667 0.37764 0 0 0 0 
0.345342 0.392958 0 0 0 0 
0.333017 0.408277 0 0 0 0 
0.338041 0.368048 0 0 0 0 
0.325716 0.383367 0 0 0 0 
0.318415 0.358457 0 0 0 0 
1 2 6
2 7 6
2 3 7
3 8 7
3 4 8
4 9 8
4 5 9
6 7 10
7 11 10
7 8 11
8 12 11
8 9 12
10 11 13
11 14 13
11 12 14
13 14 15
ZONE N=15, E=16, F=FEPOINT, ET=TRIANGLE
0.532273 0.184719 0 0 0 0 
0.510839 0.206419 0 0 0 0 
0.489405 0.228119 0 0 0 0 
0.467971 0.249819 0 0 0 0 
0.446537 0.27152 0 0 0 0 
0.514772 0.175597 0 0 0 0 
0.493338 0.197297 0 0 0 0 
0.471903 0.218997 0 0 0 0 
0.450469 0.240697 0 0 0 0 
0.49727 0.166475 0 0 0 0 
0.475836 0.188175 0 0 0 0 
0.454402 0.209875 0 0 0 0 
0.479768 0.157353 0 0 0 0 
0.458334 0.179053 0 0 0 0 
0.462266 0.148231 0 0 0 0 
1 2 6
2 7 6
2 3 7
3 8 7
3 4 8
4 9 8
4 5 9
6 7 10
7 11 10
7 8 11
8 12 11
8 9 12
10 11 13
11 14 13
11 12 14
13 14 15
ZONE N=15, E=16, F=FEPOINT, ET=TRIANGLE
0.477129 0.346441 0 0 0 0 
0.50682 0.33782 0 0 0 0 
0.53651 0.329199 0 0 0 0 
0.5662 0.320577 0 0 0 0 
0.595891 0.311956 0 0 0 0 
0.496976 0.357693 0 0 0 0 
0.526666 0.349071 0 0 0 0 
0.556356 0.34045 0 0 0 0 
0.586047 0.331828 0 0 0 0 
0.516822 0.368944 0 0 0 0 
0.546513 0.360322 0 0 0 0 
0.576203 0.351701 0 0 0 0 
0.536669 0.380195 0 0 0 0 
0.566359 0.371574 0 0 0 0 
0.556515 0.391446 0 0 0 0 
1 2 6
2 7 6
2 3 7
3 8 7
3 4 8
4 9 8
4 5 9
6 7 10
7 11 10
7 8 11
8 12 11
8 9 12
10 11 13
11 14 13
11 12 14
13 14 15
ZONE N=15, E=16, F=FEPOINT, ET=TRIANGLE
0.257369 0.295943 0 0 0 0 
0.270592 0.284977 0 0 0 0 
0.283816 0.27401 0 0 0 0 
0.297039 0.263044 0 0 0 0 
0.310262 0.252078 0 0 0 0 
0.272631 0.311571 0 0 0 0 
0.285854 0.300605 0 0 0 0 
0.299077 0.289639 0 0 0 0 
0.3123 0.278673 0 0 0 0 
0.287892 0.3272 0 0 0 0 
0.301115 0.316234 0 0 0 0 
0.314339 0.305268 0 0 0 0 
0.303154 0.342829 0 0 0 0 
0.316377 0.331862 0 0 0 0 
0.318415 0.358457 0 0 0 0 
1 2 6
2 7 6
2 3 7
3 8 7
3 4 8
4 9 8
4 5 9
6 7 10
7 11 10
7 8 11
8 12 11
8 9 12
10 11 13
11 14 13
11 12 14
13 14 15
ZONE N=15, E=16, F=FEPOINT, ET=TRIANGLE
0.446537 0.27152 0 0 0 0 
0.431583 0.283188 0 0 0 0 
0.416628 0.294855 0 0 0 0 
0.401674 0.306523 0 0 0 0 
0.38672 0.318191 0 0 0 0 
0.429352 0.263491 0 0 0 0 
0.414398 0.275159 0 0 0 0 
0.399444 0.286827 0 0 0 0 
0.38449 0.298495 0 0 0 0 
0.412168 0.255462 0 0 0 0 
0.397213 0.26713 0 0 0 0 
0.382259 0.278798 0 0 0 0 
0.394983 0.247434 0 0 0 0 
0.380029 0.259102 0 0 0 0 
0.377799 0.239405 0 0 0 0 
1 2 6
2 7 6
2 3 7
3 8 7
3 4 8
4 9 8
4 5 9
6 7 10
7 11 10
7 8 11
8 12 11
8 9 12
10 11 13
11 14 13
11 12 14
13 14 15
ZONE N=15, E=16, F=FEPOINT, ET=TRIANGLE
0.446537 0.27152 0 0 0 0 
0.429352 0.263491 0 0 0 0 
0.412168 0.255462 0 0 0 0 
0.394983 0.247434 0 0 0 0 
0.377799 0.239405 0 0 0 0 
0.450469 0.240697 0 0 0 0 
0.433285 0.232669 0 0 0 0 
0.4161 0.22464 0 0 0 0 
0.398915 0.216611 0 0 0 0 
0.454402 0.209875 0 0 0 0 
0.437217 0.201847 0 0 0 0 
0.420032 0.193818 0 0 0 0 
0.458334 0.179053 0 0 0 0 
0.441149 0.171024 0 0 0 0 
0.462266 0.148231 0 0 0 0 
1 2 6
2 7 6
2 3 7
3 8 7
3 4 8
4 9 8
4 5 9
6 7 10
7 11 10
7 8 11
8 12 11
8 9 12
10 11 13
11 14 13
11 12 14
13 14 15
ZONE N=15, E=16, F=FEPOINT, ET=TRIANGLE
0.595891 0.311956 0 0 0 0 
0.577399 0.299713 0 0 0 0 
0.558908 0.287469 0 0 0 0 
0.540417 0.275226 0 0 0 0 
0.521925 0.262983 0 0 0 0 
0.596634 0.290748 0 0 0 0 
0.578142 0.278505 0 0 0 0 
0.559651 0.266262 0 0 0 0 
0.54116 0.254019 0 0 0 0 
0.597376 0.26954 0 0 0 0 
0.578885 0.257297 0 0 0 0 
0.560394 0.245054 0 0 0 0 
0.598119 0.248333 0 0 0 0 
0.579628 0.236089 0 0 0 0 
0.598862 0.227125 0 0 0 0 
1 2 6
2 7 6
2 3 7
3 8 7
3 4 8
4 9 8
4 5 9
6 7 10
7 11 10
7 8 11
8 12 11
8 9 12
10 11 13
11 14 13
11 12 14
13 14 15
ZONE N=15, E=16, F=FEPOINT, ET=TRIANGLE
0.556515 0.391446 0 0 0 0 
0.566359 0.371574 0 0 0 0 
0.576203 0.351701 0 0 0 0 
0.586047 0.331828 0 0 0 0 
0.595891 0.311956 0 0 0 0 
0.579255 0.389615 0 0 0 0 
0.589099 0.369743 0 0 0 0 
0.598943 0.34987 0 0 0 0 
0.608787 0.329998 0 0 0 0 
0.601996 0.387785 0 0 0 0 
0.611839 0.367912 0 0 0 0 
0.621683 0.348039 0 0 0 0 
0.624736 0.385954 0 0 0 0 
0.63458 0.366081 0 0 0 0 
0.647476 0.384123 0 0 0 0 
1 2 6
2 7 6
2 3 7
3 8 7
3 4 8
4 9 8
4 5 9
6 7 10
7 11 10
7 8 11
8 12 11
8 9 12
10 11 13
11 14 13
11 12 14
13 14 15
ZONE N=15, E=16, F=FEPOINT, ET=TRIANGLE
0.480891 0.514855 0 0 0 0 
0.462231 0.512459 0 0 0 0 
0.443571 0.510063 0 0 0 0 
0.424911 0.507667 0 0 0 0 
0.406251 0.50527 0 0 0 0 
0.479209 0.49383 0 0 0 0 
0.460549 0.491434 0 0 0 0 
0.441888 0.489038 0 0 0 0 
0.423228 0.486642 0 0 0 0 
0.477526 0.472806 0 0 0 0 
0.458866 0.470409 0 0 0 0 
0.440206 0.468013 0 0 0 0 
0.475843 0.451781 0 0 0 0 
0.457183 0.449385 0 0 0 0 
0.474161 0.430756 0 0 0 0 
1 2 6
2 7 6
2 3 7
3 8 7
3 4 8
4 9 8
4 5 9
6 7 10
7 11 10
7 8 11
8 12 11
8 9 12
10 11 13
11 14 13
11 12 14
13 14 15
ZONE N=15, E=16, F=FEPOINT, ET=TRIANGLE
0.462266 0.148231 0 0 0 0 
0.441149 0.171024 0 0 0 0 
0.420032 0.193818 0 0 0 0 
0.398915 0.216611 0 0 0 0 
0.377799 0.239405 0 0 0 0 
0.434175 0.155668 0 0 0 0 
0.413058 0.178461 0 0 0 0 
0.391941 0.201255 0 0 0 0 
0.370824 0.224049 0 0 0 0 
0.406083 0.163105 0 0 0 0 
0.384966 0.185899 0 0 0 0 
0.363849 0.208692 0 0 0 0 
0.377991 0.170542 0 0 0 0 
0.356874 0.193336 0 0 0 0 
0.349899 0.177979 0 0 0 0 
1 2 6
2 7 6
2 3 7
3 8 7
3 4 8
4 9 8
4 5 9
6 7 10
7 11 10
7 8 11
8 12 11
8 9 12
10 11 13
11 14 13
11 12 14
13 14 15
ZONE N=15, E=16, F=FEPOINT, ET=TRIANGLE
0.521925 0.262983 0 0 0 0 
0.510726 0.283848 0 0 0 0 
0.499527 0.304712 0 0 0 0 
0.488328 0.325577 0 0 0 0 
0.477129 0.346441 0 0 0 0 
0.503078 0.265117 0 0 0 0 
0.491879 0.285982 0 0 0 0 
0.48068 0.306846 0 0 0 0 
0.469481 0.327711 0 0 0 0 
0.484231 0.267251 0 0 0 0 
0.473032 0.288116 0 0 0 0 
0.461833 0.308981 0 0 0 0 
0.465384 0.269385 0 0 0 0 
0.454185 0.29025 0 0 0 0 
0.446537 0.27152 0 0 0 0 
1 2 6
2 7 6
2 3 7
3 8 7
3 4 8
4 9 8
4 5 9
6 7 10
7 11 10
7 8 11
8 12 11
8 9 12
10 11 13
11 14 13
11 12 14
13 14 15
ZONE N=15, E=16, F=FEPOINT, ET=TRIANGLE
0.375 0 0 0 0 0 
0.386484 0.0181901 0 0 0 0 
0.397967 0.0363803 0 0 0 0 
0.409451 0.0545704 0 0 0 0 
0.420934 0.0727606 0 0 0 0 
0.367188 0.0276988 0 0 0 0 
0.378671 0.045889 0 0 0 0 
0.390155 0.0640791 0 0 0 0 
0.401638 0.0822693 0 0 0 0 
0.359375 0.0553976 0 0 0 0 
0.370859 0.0735878 0 0 0 0 
0.382342 0.0917779 0 0 0 0 
0.351562 0.0830964 0 0 0 0 
0.363046 0.101287 0 0 0 0 
0.34375 0.110795 0 0 0 0 
1 2 6
2 7 6
2 3 7
3 8 7
3 4 8
4 9 8
4 5 9
6 7 10
7 11 10
7 8 11
8 12 11
8 9 12
10 11 13
11 14 13
11 12 14
13 14 15
ZONE N=15, E=16, F=FEPOINT, ET=TRIANGLE
0.532273 0.184719 0 0 0 0 
0.514772 0.175597 0 0 0 0 
0.49727 0.166475 0 0 0 0 
0.479768 0.157353 0 0 0 0 
0.462266 0.148231 0 0 0 0 
0.533675 0.160679 0 0 0 0 
0.516173 0.151557 0 0 0 0 
0.498671 0.142435 0 0 0 0 
0.48117 0.133313 0 0 0 0 
0.535076 0.13664 0 0 0 0 
0.517575 0.127518 0 0 0 0 
0.500073 0.118396 0 0 0 0 
0.536478 0.1126 0 0 0 0 
0.518976 0.103478 0 0 0 0 
0.537879 0.0885607 0 0 0 0 
1 2 6
2 7 6
2 3 7
3 8 7
3 4 8
4 9 8
4 5 9
6 7 10
7 11 10
7 8 11
8 12 11
8 9 12
10 11 13
11 14 13
11 12 14
13 14 15
ZONE N=15, E=16, F=FEPOINT, ET=TRIANGLE
0.647476 0.384123 0 0 0 0 
0.659614 0.371438 0 0 0 0 
0.671753 0.358753 0 0 0 0 
0.683892 0.346068 0 0 0 0 
0.69603 0.333383 0 0 0 0 
0.673835 0.381735 0 0 0 0 
0.685974 0.36905 0 0 0 0 
0.698112 0.356365 0 0 0 0 
0.710251 0.34368 0 0 0 0 
0.700195 0.379346 0 0 0 0 
0.712333 0.366661 0 0 0 0 
0.724472 0.353976 0 0 0 0 
0.726554 0.376958 0 0 0 0 
0.738693 0.364273 0 0 0 0 
0.752913 0.37457 0 0 0 0 
1 2 6
2 7 6
2 3 7
3 8 7
3 4 8
4 9 8
4 5 9
6 7 10
7 11 10
7 8 11
8 12 11
8 9 12
10 11 13
11 14 13
11 12 14
13 14 15
ZONE N=15, E=16, F=FEPOINT, ET=TRIANGLE
0.606245 0.440562 0 0 0 0 
0.590994 0.450555 0 0 0 0 
0.575744 0.460548 0 0 0 0 
0.560493 0.470541 0 0 0 0 
0.545243 0.480534 0 0 0 0 
0.593812 0.428283 0 0 0 0 
0.578562 0.438276 0 0 0 0 
0.563311 0.448269 0 0 0 0 
0.548061 0.458262 0 0 0 0 
0.58138 0.416004 0 0 0 0 
0.566129 0.425997 0 0 0 0 
0.550879 0.43599 0 0 0 0 
0.568947 0.403725 0 0 0 0 
0.553697 0.413718 0 0 0 0 
0.556515 0.391446 0 0 0 0 
1 2 6
2 7 6
2 3 7
3 8 7
3 4 8
4 9 8
4 5 9
6 7 10
7 11 10
7 8 11
8 12 11
8 9 12
10 11 13
11 14 13
11 12 14
13 14 15
ZONE N=15, E=16, F=FEPOINT, ET=TRIANGLE
0.474161 0.430756 0 0 0 0 
0.45485 0.422273 0 0 0 0 
0.43554 0.413789 0 0 0 0 
0.416229 0.405306 0 0 0 0 
0.396919 0.396822 0 0 0 0 
0.474903 0.409678 0 0 0 0 
0.455592 0.401194 0 0 0 0 
0.436282 0.392711 0 0 0 0 
0.416972 0.384227 0 0 0 0 
0.475645 0.388599 0 0 0 0 
0.456335 0.380115 0 0 0 0 
0.437024 0.371632 0 0 0 0 
0.476387 0.36752 0 0 0 0 
0.457077 0.359037 0 0 0 0 
0.477129 0.346441 0 0 0 0 
1 2 6
2 7 6
2 3 7
3 8 7
3 4 8
4 9 8
4 5 9
6 7 10
7 11 10
7 8 11
8 12 11
8 9 12
10 11 13
11 14 13
11 12 14
13 14 15
ZONE N=15, E=16, F=FEPOINT, ET=TRIANGLE
0.477129 0.346441 0 0 0 0 
0.496976 0.357693 0 0 0 0 
0.516822 0.368944 0 0 0 0 
0.536669 0.380195 0 0 0 0 
0.556515 0.391446 0 0 0 0 
0.476387 0.36752 0 0 0 0 
0.496234 0.378771 0 0 0 0 
0.51608 0.390023 0 0 0 0 
0.535926 0.401274 0 0 0 0 
0.475645 0.388599 0 0 0 0 
0.495492 0.39985 0 0 0 0 
0.515338 0.411101 0 0 0 0 
0.474903 0.409678 0 0 0 0 
0.494749 0.420929 0 0 0 0 
0.474161 0.430756 0 0 0 0 
1 2 6
2 7 6
2 3 7
3 8 7
3 4 8
4 9 8
4 5 9
6 7 10
7 11 10
7 8 11
8 12 11
8 9 12
10 11 13
11 14 13
11 12 14
13 14 15
ZONE N=15, E=16, F=FEPOINT, ET=TRIANGLE
0.521925 0.262983 0 0 0 0 
0.540417 0.275226 0 0 0 0 
0.558908 0.287469 0 0 0 0 
0.577399 0.299713 0 0 0 0 
0.595891 0.311956 0 0 0 0 
0.510726 0.283848 0 0 0 0 
0.529218 0.296091 0 0 0 0 
0.547709 0.308334 0 0 0 0 
0.5662 0.320577 0 0 0 0 
0.499527 0.304712 0 0 0 0 
0.518019 0.316955 0 0 0 0 
0.53651 0.329199 0 0 0 0 
0.488328 0.325577 0 0 0 0 
0.50682 0.33782 0 0 0 0 
0.477129 0.346441 0 0 0 0 
1 2 6
2 7 6
2 3 7
3 8 7
3 4 8
4 9 8
4 5 9
6 7 10
7 11 10
7 8 11
8 12 11
8 9 12
10 11 13
11 14 13
11 12 14
13 14 15
ZONE N=15, E=16, F=FEPOINT, ET=TRIANGLE
0.606245 0.440562 0 0 0 0 
0.593812 0.428283 0 0 0 0 
0.58138 0.416004 0 0 0 0 
0.568947 0.403725 0 0 0 0 
0.556515 0.391446 0 0 0 0 
0.616552 0.426452 0 0 0 0 
0.60412 0.414173 0 0 0 0 
0.591688 0.401894 0 0 0 0 
0.579255 0.389615 0 0 0 0 
0.62686 0.412343 0 0 0 0 
0.614428 0.400064 0 0 0 0 
0.601996 0.387785 0 0 0 0 
0.637168 0.398233 0 0 0 0 
0.624736 0.385954 0 0 0 0 
0.647476 0.384123 0 0 0 0 
1 2 6
2 7 6
2 3 7
3 8 7
3 4 8
4 9 8
4 5 9
6 7 10
7 11 10
7 8 11
8 12 11
8 9 12
10 11 13
11 14 13
11 12 14
13 14 15
ZONE N=15, E=16, F=FEPOINT, ET=TRIANGLE
0.521925 0.262983 0 0 0 0 
0.524512 0.243417 0 0 0 0 
0.527099 0.223851 0 0 0 0 
0.529686 0.204285 0 0 0 0 
0.532273 0.184719 0 0 0 0 
0.54116 0.254019 0 0 0 0 
0.543747 0.234452 0 0 0 0 
0.546334 0.214886 0 0 0 0 
0.548921 0.19532 0 0 0 0 
0.560394 0.245054 0 0 0 0 
0.562981 0.225488 0 0 0 0 
0.565568 0.205922 0 0 0 0 
0.579628 0.236089 0 0 0 0 
0.582215 0.216523 0 0 0 0 
0.598862 0.227125 0 0 0 0 
1 2 6
2 7 6
2 3 7
3 8 7
3 4 8
4 9 8
4 5 9
6 7 10
7 11 10
7 8 11
8 12 11
8 9 12
10 11 13
11 14 13
11 12 14
13 14 15
ZONE N=15, E=16, F=FEPOINT, ET=TRIANGLE
0.595891 0.311956 0 0 0 0 
0.61248 0.30192 0 0 0 0 
0.629069 0.291884 0 0 0 0 
0.645659 0.281849 0 0 0 0 
0.662248 0.271813 0 0 0 0 
0.620925 0.317313 0 0 0 0 
0.637515 0.307277 0 0 0 0 
0.654104 0.297241 0 0 0 0 
0.670694 0.287205 0 0 0 0 
0.64596 0.322669 0 0 0 0 
0.66255 0.312634 0 0 0 0 
0.679139 0.302598 0 0 0 0 
0.670995 0.328026 0 0 0 0 
0.687585 0.31799 0 0 0 0 
0.69603 0.333383 0 0 0 0 
1 2 6
2 7 6
2 3 7
3 8 7
3 4 8
4 9 8
4 5 9
6 7 10
7 11 10
7 8 11
8 12 11
8 9 12
10 11 13
11 14 13
11 12 14
13 14 15
ZONE N=15, E=16, F=FEPOINT, ET=TRIANGLE
0.606245 0.440562 0 0 0 0 
0.616552 0.426452 0 0 0 0 
0.62686 0.412343 0 0 0 0 
0.637168 0.398233 0 0 0 0 
0.647476 0.384123 0 0 0 0 
0.630393 0.447383 0 0 0 0 
0.6407 0.433273 0 0 0 0 
0.651008 0.419164 0 0 0 0 
0.661316 0.405054 0 0 0 0 
0.65454 0.454204 0 0 0 0 
0.664848 0.440095 0 0 0 0 
0.675156 0.425985 0 0 0 0 
0.678688 0.461025 0 0 0 0 
0.688996 0.446916 0 0 0 0 
0.702836 0.467847 0 0 0 0 
1 2 6
2 7 6
2 3 7
3 8 7
3 4 8
4 9 8
4 5 9
6 7 10
7 11 10
7 8 11
8 12 11
8 9 12
10 11 13
11 14 13
11 12 14
13 14 15
ZONE N=15, E=16, F=FEPOINT, ET=TRIANGLE
0.39708 0.576692 0 0 0 0 
0.417413 0.579801 0 0 0 0 
0.437746 0.582909 0 0 0 0 
0.458078 0.586017 0 0 0 0 
0.478411 0.589126 0 0 0 0 
0.404455 0.593114 0 0 0 0 
0.424788 0.596223 0 0 0 0 
0.445121 0.599331 0 0 0 0 
0.465454 0.602439 0 0 0 0 
0.41183 0.609536 0 0 0 0 
0.432163 0.612644 0 0 0 0 
0.452496 0.615753 0 0 0 0 
0.419206 0.625958 0 0 0 0 
0.439538 0.629066 0 0 0 0 
0.426581 0.64238 0 0 0 0 
1 2 6
2 7 6
2 3 7
3 8 7
3 4 8
4 9 8
4 5 9
6 7 10
7 11 10
7 8 11
8 12 11
8 9 12
10 11 13
11 14 13
11 12 14
13 14 15
ZONE N=15, E=16, F=FEPOINT, ET=TRIANGLE
0.675933 -0.0228692 0 0 0 0 
0.663538 -0.00291751 0 0 0 0 
0.651143 0.0170342 0 0 0 0 
0.638747 0.0369858 0 0 0 0 
0.626352 0.0569375 0 0 0 0 
0.65356 -0.0229424 0 0 0 0 
0.641165 -0.00299077 0 0 0 0 
0.62877 0.0169609 0 0 0 0 
0.616374 0.0369125 0 0 0 0 
0.631188 -0.0230157 0 0 0 0 
0.618792 -0.00306404 0 0 0 0 
0.606397 0.0168876 0 0 0 0 
0.608815 -0.023089 0 0 0 0 
0.59642 -0.0031373 0 0 0 0 
0.586442 -0.0231622 0 0 0 0 
1 2 6
2 7 6
2 3 7
3 8 7
3 4 8
4 9 8
4 5 9
6 7 10
7 11 10
7 8 11
8 12 11
8 9 12
10 11 13
11 14 13
11 12 14
13 14 15
ZONE N=15, E=16, F=FEPOINT, ET=TRIANGLE
0.73977 0.269519 0 0 0 0 
0.758823 0.278495 0 0 0 0 
0.777876 0.287471 0 0 0 0 
0.79693 0.296447 0 0 0 0 
0.815983 0.305422 0 0 0 0 
0.743056 0.295782 0 0 0 0 
0.762109 0.304758 0 0 0 0 
0.781162 0.313733 0 0 0 0 
0.800216 0.322709 0 0 0 0 
0.746341 0.322044 0 0 0 0 
0.765395 0.33102 0 0 0 0 
0.784448 0.339996 0 0 0 0 
0.749627 0.348307 0 0 0 0 
0.768681 0.357283 0 0 0 0 
0.752913 0.37457 0 0 0 0 
1 2 6
2 7 6
2 3 7
3 8 7
3 4 8
4 9 8
4 5 9
6 7 10
7 11 10
7 8 11
8 12 11
8 9 12
10 11 13
11 14 13
11 12 14
13 14 15
ZONE N=15, E=16, F=FEPOINT, ET=TRIANGLE
0.778188 0.448219 0 0 0 0 
0.75935 0.453126 0 0 0 0 
0.740512 0.458033 0 0 0 0 
0.721674 0.46294 0 0 0 0 
0.702836 0.467847 0 0 0 0 
0.771869 0.429807 0 0 0 0 
0.753031 0.434714 0 0 0 0 
0.734193 0.43962 0 0 0 0 
0.715356 0.444527 0 0 0 0 
0.76555 0.411394 0 0 0 0 
0.746713 0.416301 0 0 0 0 
0.727875 0.421208 0 0 0 0 
0.759232 0.392982 0 0 0 0 
0.740394 0.397889 0 0 0 0 
0.752913 0.37457 0 0 0 0 
1 2 6
2 7 6
2 3 7
3 8 7
3 4 8
4 9 8
4 5 9
6 7 10
7 11 10
7 8 11
8 12 11
8 9 12
10 11 13
11 14 13
11 12 14
13 14 15
ZONE N=15, E=16, F=FEPOINT, ET=TRIANGLE
0.611854 0.510232 0 0 0 0 
0.595201 0.502808 0 0 0 0 
0.578548 0.495383 0 0 0 0 
0.561896 0.487959 0 0 0 0 
0.545243 0.480534 0 0 0 0 
0.610451 0.492815 0 0 0 0 
0.593799 0.48539 0 0 0 0 
0.577146 0.477966 0 0 0 0 
0.560493 0.470541 0 0 0 0 
0.609049 0.475397 0 0 0 0 
0.592396 0.467973 0 0 0 0 
0.575744 0.460548 0 0 0 0 
0.607647 0.45798 0 0 0 0 
0.590994 0.450555 0 0 0 0 
0.606245 0.440562 0 0 0 0 
1 2 6
2 7 6
2 3 7
3 8 7
3 4 8
4 9 8
4 5 9
6 7 10
7 11 10
7 8 11
8 12 11
8 9 12
10 11 13
11 14 13
11 12 14
13 14 15
ZONE N=15, E=16, F=FEPOINT, ET=TRIANGLE
0.702836 0.467847 0 0 0 0 
0.688996 0.446916 0 0 0 0 
0.675156 0.425985 0 0 0 0 
0.661316 0.405054 0 0 0 0 
0.647476 0.384123 0 0 0 0 
0.715356 0.444527 0 0 0 0 
0.701516 0.423596 0 0 0 0 
0.687675 0.402666 0 0 0 0 
0.673835 0.381735 0 0 0 0 
0.727875 0.421208 0 0 0 0 
0.714035 0.400277 0 0 0 0 
0.700195 0.379346 0 0 0 0 
0.740394 0.397889 0 0 0 0 
0.726554 0.376958 0 0 0 0 
0.752913 0.37457 0 0 0 0 
1 2 6
2 7 6
2 3 7
3 8 7
3 4 8
4 9 8
4 5 9
6 7 10
7 11 10
7 8 11
8 12 11
8 9 12
10 11 13
11 14 13
11 12 14
13 14 15
ZONE N=15, E=16, F=FEPOINT, ET=TRIANGLE
0.645674 0.615349 0 0 0 0 
0.637219 0.58907 0 0 0 0 
0.628764 0.562791 0 0 0 0 
0.620309 0.536512 0 0 0 0 
0.611854 0.510232 0 0 0 0 
0.65513 0.597807 0 0 0 0 
0.646675 0.571528 0 0 0 0 
0.63822 0.545249 0 0 0 0 
0.629765 0.518969 0 0 0 0 
0.664587 0.580265 0 0 0 0 
0.656132 0.553986 0 0 0 0 
0.647677 0.527706 0 0 0 0 
0.674043 0.562723 0 0 0 0 
0.665588 0.536443 0 0 0 0 
0.683499 0.54518 0 0 0 0 
1 2 6
2 7 6
2 3 7
3 8 7
3 4 8
4 9 8
4 5 9
6 7 10
7 11 10
7 8 11
8 12 11
8 9 12
10 11 13
11 14 13
11 12 14
13 14 15
ZONE N=15, E=16, F=FEPOINT, ET=TRIANGLE
0.611854 0.510232 0 0 0 0 
0.595933 0.523553 0 0 0 0 
0.580013 0.536874 0 0 0 0 
0.564092 0.550195 0 0 0 0 
0.548172 0.563516 0 0 0 0 
0.595201 0.502808 0 0 0 0 
0.57928 0.516129 0 0 0 0 
0.56336 0.52945 0 0 0 0 
0.547439 0.542771 0 0 0 0 
0.578548 0.495383 0 0 0 0 
0.562628 0.508704 0 0 0 0 
0.546707 0.522025 0 0 0 0 
0.561896 0.487959 0 0 0 0 
0.545975 0.50128 0 0 0 0 
0.545243 0.480534 0 0 0 0 
1 2 6
2 7 6
2 3 7
3 8 7
3 4 8
4 9 8
4 5 9
6 7 10
7 11 10
7 8 11
8 12 11
8 9 12
10 11 13
11 14 13
11 12 14
13 14 15
ZONE N=15, E=16, F=FEPOINT, ET=TRIANGLE
0.480891 0.514855 0 0 0 0 
0.479209 0.49383 0 0 0 0 
0.477526 0.472806 0 0 0 0 
0.475843 0.451781 0 0 0 0 
0.474161 0.430756 0 0 0 0 
0.496979 0.506275 0 0 0 0 
0.495297 0.48525 0 0 0 0 
0.493614 0.464225 0 0 0 0 
0.491931 0.443201 0 0 0 0 
0.513067 0.497694 0 0 0 0 
0.511384 0.47667 0 0 0 0 
0.509702 0.455645 0 0 0 0 
0.529155 0.489114 0 0 0 0 
0.527472 0.46809 0 0 0 0 
0.545243 0.480534 0 0 0 0 
1 2 6
2 7 6
2 3 7
3 8 7
3 4 8
4 9 8
4 5 9
6 7 10
7 11 10
7 8 11
8 12 11
8 9 12
10 11 13
11 14 13
11 12 14
13 14 15
ZONE N=15, E=16, F=FEPOINT, ET=TRIANGLE
0.606245 0.440562 0 0 0 0 
0.630393 0.447383 0 0 0 0 
0.65454 0.454204 0 0 0 0 
0.678688 0.461025 0 0 0 0 
0.702836 0.467847 0 0 0 0 
0.607647 0.45798 0 0 0 0 
0.631795 0.464801 0 0 0 0 
0.655943 0.471622 0 0 0 0 
0.680091 0.478443 0 0 0 0 
0.609049 0.475397 0 0 0 0 
0.633197 0.482218 0 0 0 0 
0.657345 0.489039 0 0 0 0 
0.610451 0.492815 0 0 0 0 
0.634599 0.499636 0 0 0 0 
0.611854 0.510232 0 0 0 0 
1 2 6
2 7 6
2 3 7
3 8 7
3 4 8
4 9 8
4 5 9
6 7 10
7 11 10
7 8 11
8 12 11
8 9 12
10 11 13
11 14 13
11 12 14
13 14 15
ZONE N=15, E=16, F=FEPOINT, ET=TRIANGLE
0.562196 0.753598 0 0 0 0 
0.540636 0.765225 0 0 0 0 
0.519076 0.776852 0 0 0 0 
0.497515 0.788479 0 0 0 0 
0.475955 0.800105 0 0 0 0 
0.539247 0.747312 0 0 0 0 
0.517687 0.758939 0 0 0 0 
0.496126 0.770566 0 0 0 0 
0.474566 0.782192 0 0 0 0 
0.516297 0.741026 0 0 0 0 
0.494737 0.752653 0 0 0 0 
0.473177 0.764279 0 0 0 0 
0.493348 0.73474 0 0 0 0 
0.471788 0.746367 0 0 0 0 
0.470399 0.728454 0 0 0 0 
1 2 6
2 7 6
2 3 7
3 8 7
3 4 8
4 9 8
4 5 9
6 7 10
7 11 10
7 8 11
8 12 11
8 9 12
10 11 13
11 14 13
11 12 14
13 14 15
ZONE N=15, E=16, F=FEPOINT, ET=TRIANGLE
0.478411 0.589126 0 0 0 0 
0.479031 0.570558 0 0 0 0 
0.479651 0.55199 0 0 0 0 
0.480271 0.533422 0 0 0 0 
0.480891 0.514855 0 0 0 0 
0.495851 0.582723 0 0 0 0 
0.496471 0.564156 0 0 0 0 
0.497091 0.545588 0 0 0 0 
0.497711 0.52702 0 0 0 0 
0.513291 0.576321 0 0 0 0 
0.513911 0.557753 0 0 0 0 
0.514531 0.539185 0 0 0 0 
0.530732 0.569919 0 0 0 0 
0.531352 0.551351 0 0 0 0 
0.548172 0.563516 0 0 0 0 
1 2 6
2 7 6
2 3 7
3 8 7
3 4 8
4 9 8
4 5 9
6 7 10
7 11 10
7 8 11
8 12 11
8 9 12
10 11 13
11 14 13
11 12 14
13 14 15
ZONE N=15, E=16, F=FEPOINT, ET=TRIANGLE
0.55557 0.83147 0 0 0 0 
0.557227 0.812002 0 0 0 0 
0.558883 0.792534 0 0 0 0 
0.56054 0.773066 0 0 0 0 
0.562196 0.753598 0 0 0 0 
0.575808 0.817585 0 0 0 0 
0.577289 0.797872 0 0 0 0 
0.578768 0.778161 0 0 0 0 
0.580246 0.758451 0 0 0 0 
0.595699 0.803208 0 0 0 0 
0.596999 0.783254 0 0 0 0 
0.598295 0.763304 0 0 0 0 
0.615232 0.788346 0 0 0 0 
0.616344 0.768157 0 0 0 0 
0.634393 0.77301 0 0 0 0 
1 2 6
2 7 6
2 3 7
3 8 7
3 4 8
4 9 8
4 5 9
6 7 10
7 11 10
7 8 11
8 12 11
8 9 12
10 11 13
11 14 13
11 12 14
13 14 15
ZONE N=15, E=16, F=FEPOINT, ET=TRIANGLE
0.635905 0.688334 0 0 0 0 
0.638347 0.670088 0 0 0 0 
0.640789 0.651842 0 0 0 0 
0.643232 0.633595 0 0 0 0 
0.645674 0.615349 0 0 0 0 
0.653705 0.693027 0 0 0 0 
0.656148 0.674781 0 0 0 0 
0.65859 0.656535 0 0 0 0 
0.661032 0.638289 0 0 0 0 
0.671506 0.69772 0 0 0 0 
0.673948 0.679474 0 0 0 0 
0.67639 0.661228 0 0 0 0 
0.689306 0.702414 0 0 0 0 
0.691749 0.684167 0 0 0 0 
0.707107 0.707107 0 0 0 0 
1 2 6
2 7 6
2 3 7
3 8 7
3 4 8
4 9 8
4 5 9
6 7 10
7 11 10
7 8 11
8 12 11
8 9 12
10 11 13
11 14 13
11 12 14
13 14 15
ZONE N=15, E=16, F=FEPOINT, ET=TRIANGLE
0.548172 0.563516 0 0 0 0 
0.564092 0.550195 0 0 0 0 
0.580013 0.536874 0 0 0 0 
0.595933 0.523553 0 0 0 0 
0.611854 0.510232 0 0 0 0 
0.572547 0.576475 0 0 0 0 
0.588468 0.563154 0 0 0 0 
0.604388 0.549833 0 0 0 0 
0.620309 0.536512 0 0 0 0 
0.596923 0.589433 0 0 0 0 
0.612843 0.576112 0 0 0 0 
0.628764 0.562791 0 0 0 0 
0.621298 0.602391 0 0 0 0 
0.637219 0.58907 0 0 0 0 
0.645674 0.615349 0 0 0 0 
1 2 6
2 7 6
2 3 7
3 8 7
3 4 8
4 9 8
4 5 9
6 7 10
7 11 10
7 8 11
8 12 11
8 9 12
10 11 13
11 14 13
11 12 14
13 14 15
ZONE N=15, E=16, F=FEPOINT, ET=TRIANGLE
0.573811 0.632907 0 0 0 0 
0.56399 0.648578 0 0 0 0 
0.554169 0.664249 0 0 0 0 
0.544348 0.67992 0 0 0 0 
0.534527 0.695591 0 0 0 0 
0.549961 0.621962 0 0 0 0 
0.54014 0.637633 0 0 0 0 
0.530319 0.653304 0 0 0 0 
0.520498 0.668975 0 0 0 0 
0.526111 0.611017 0 0 0 0 
0.51629 0.626688 0 0 0 0 
0.506469 0.642359 0 0 0 0 
0.502261 0.600071 0 0 0 0 
0.49244 0.615742 0 0 0 0 
0.478411 0.589126 0 0 0 0 
1 2 6
2 7 6
2 3 7
3 8 7
3 4 8
4 9 8
4 5 9
6 7 10
7 11 10
7 8 11
8 12 11
8 9 12
10 11 13
11 14 13
11 12 14
13 14 15
ZONE N=15, E=16, F=FEPOINT, ET=TRIANGLE
0.470399 0.728454 0 0 0 0 
0.45341 0.722462 0 0 0 0 
0.436421 0.71647 0 0 0 0 
0.419432 0.710478 0 0 0 0 
0.402443 0.704486 0 0 0 0 
0.459444 0.706935 0 0 0 0 
0.442455 0.700943 0 0 0 0 
0.425466 0.694951 0 0 0 0 
0.408477 0.68896 0 0 0 0 
0.44849 0.685417 0 0 0 0 
0.431501 0.679425 0 0 0 0 
0.414512 0.673433 0 0 0 0 
0.437535 0.663898 0 0 0 0 
0.420546 0.657906 0 0 0 0 
0.426581 0.64238 0 0 0 0 
1 2 6
2 7 6
2 3 7
3 8 7
3 4 8
4 9 8
4 5 9
6 7 10
7 11 10
7 8 11
8 12 11
8 9 12
10 11 13
11 14 13
11 12 14
13 14 15
ZONE N=15, E=16, F=FEPOINT, ET=TRIANGLE
0.377868 0.853515 0 0 0 0 
0.360325 0.851743 0 0 0 0 
0.342782 0.849972 0 0 0 0 
0.325239 0.848201 0 0 0 0 
0.307695 0.84643 0 0 0 0 
0.370039 0.837716 0 0 0 0 
0.352495 0.835945 0 0 0 0 
0.334952 0.834173 0 0 0 0 
0.317409 0.832402 0 0 0 0 
0.362209 0.821917 0 0 0 0 
0.344666 0.820146 0 0 0 0 
0.327123 0.818375 0 0 0 0 
0.35438 0.806118 0 0 0 0 
0.336837 0.804347 0 0 0 0 
0.34655 0.79032 0 0 0 0 
1 2 6
2 7 6
2 3 7
3 8 7
3 4 8
4 9 8
4 5 9
6 7 10
7 11 10
7 8 11
8 12 11
8 9 12
10 11 13
11 14 13
11 12 14
13 14 15
ZONE N=15, E=16, F=FEPOINT, ET=TRIANGLE
0.337594 0.719799 0 0 0 0 
0.323952 0.73119 0 0 0 0 
0.310311 0.74258 0 0 0 0 
0.296669 0.753971 0 0 0 0 
0.283028 0.765361 0 0 0 0 
0.317708 0.712676 0 0 0 0 
0.304067 0.724067 0 0 0 0 
0.290425 0.735457 0 0 0 0 
0.276784 0.746847 0 0 0 0 
0.297823 0.705553 0 0 0 0 
0.284182 0.716943 0 0 0 0 
0.27054 0.728334 0 0 0 0 
0.277938 0.69843 0 0 0 0 
0.264296 0.70982 0 0 0 0 
0.258052 0.691307 0 0 0 0 
1 2 6
2 7 6
2 3 7
3 8 7
3 4 8
4 9 8
4 5 9
6 7 10
7 11 10
7 8 11
8 12 11
8 9 12
10 11 13
11 14 13
11 12 14
13 14 15
ZONE N=15, E=16, F=FEPOINT, ET=TRIANGLE
0.377868 0.853515 0 0 0 0 
0.40239 0.840162 0 0 0 0 
0.426912 0.82681 0 0 0 0 
0.451433 0.813458 0 0 0 0 
0.475955 0.800105 0 0 0 0 
0.40125 0.860616 0 0 0 0 
0.425772 0.847264 0 0 0 0 
0.450294 0.833912 0 0 0 0 
0.474815 0.820559 0 0 0 0 
0.424632 0.867718 0 0 0 0 
0.449154 0.854366 0 0 0 0 
0.473676 0.841013 0 0 0 0 
0.448015 0.87482 0 0 0 0 
0.472536 0.861467 0 0 0 0 
0.471397 0.881921 0 0 0 0 
1 2 6
2 7 6
2 3 7
3 8 7
3 4 8
4 9 8
4 5 9
6 7 10
7 11 10
7 8 11
8 12 11
8 9 12
10 11 13
11 14 13
11 12 14
13 14 15
ZONE N=15, E=16, F=FEPOINT, ET=TRIANGLE
0.426581 0.64238 0 0 0 0 
0.420546 0.657906 0 0 0 0 
0.414512 0.673433 0 0 0 0 
0.408477 0.68896 0 0 0 0 
0.402443 0.704486 0 0 0 0 
0.399741 0.644567 0 0 0 0 
0.393706 0.660093 0 0 0 0 
0.387672 0.67562 0 0 0 0 
0.381637 0.691147 0 0 0 0 
0.372901 0.646754 0 0 0 0 
0.366866 0.66228 0 0 0 0 
0.360832 0.677807 0 0 0 0 
0.346061 0.648941 0 0 0 0 
0.340026 0.664467 0 0 0 0 
0.319221 0.651128 0 0 0 0 
1 2 6
2 7 6
2 3 7
3 8 7
3 4 8
4 9 8
4 5 9
6 7 10
7 11 10
7 8 11
8 12 11
8 9 12
10 11 13
11 14 13
11 12 14
13 14 15
ZONE N=15, E=16, F=FEPOINT, ET=TRIANGLE
0.337594 0.719799 0 0 0 0 
0.356156 0.732462 0 0 0 0 
0.374719 0.745126 0 0 0 0 
0.393282 0.757789 0 0 0 0 
0.411844 0.770452 0 0 0 0 
0.339833 0.737429 0 0 0 0 
0.358396 0.750092 0 0 0 0 
0.376958 0.762756 0 0 0 0 
0.395521 0.775419 0 0 0 0 
0.342072 0.755059 0 0 0 0 
0.360635 0.767723 0 0 0 0 
0.379197 0.780386 0 0 0 0 
0.344311 0.772689 0 0 0 0 
0.362874 0.785353 0 0 0 0 
0.34655 0.79032 0 0 0 0 
1 2 6
2 7 6
2 3 7
3 8 7
3 4 8
4 9 8
4 5 9
6 7 10
7 11 10
7 8 11
8 12 11
8 9 12
10 11 13
11 14 13
11 12 14
13 14 15
ZONE N=15, E=16, F=FEPOINT, ET=TRIANGLE
0.34655 0.79032 0 0 0 0 
0.362874 0.785353 0 0 0 0 
0.379197 0.780386 0 0 0 0 
0.395521 0.775419 0 0 0 0 
0.411844 0.770452 0 0 0 0 
0.35438 0.806118 0 0 0 0 
0.370703 0.801151 0 0 0 0 
0.387027 0.796184 0 0 0 0 
0.40335 0.791217 0 0 0 0 
0.362209 0.821917 0 0 0 0 
0.378533 0.81695 0 0 0 0 
0.394856 0.811983 0 0 0 0 
0.370039 0.837716 0 0 0 0 
0.386362 0.832749 0 0 0 0 
0.377868 0.853515 0 0 0 0 
1 2 6
2 7 6
2 3 7
3 8 7
3 4 8
4 9 8
4 5 9
6 7 10
7 11 10
7 8 11
8 12 11
8 9 12
10 11 13
11 14 13
11 12 14
13 14 15
ZONE N=15, E=16, F=FEPOINT, ET=TRIANGLE
0.382683 0.92388 0 0 0 0 
0.363936 0.904517 0 0 0 0 
0.345189 0.885155 0 0 0 0 
0.326442 0.865792 0 0 0 0 
0.307695 0.84643 0 0 0 0 
0.38148 0.906288 0 0 0 0 
0.362733 0.886926 0 0 0 0 
0.343986 0.867563 0 0 0 0 
0.325239 0.848201 0 0 0 0 
0.380276 0.888697 0 0 0 0 
0.361529 0.869335 0 0 0 0 
0.342782 0.849972 0 0 0 0 
0.379072 0.871106 0 0 0 0 
0.360325 0.851743 0 0 0 0 
0.377868 0.853515 0 0 0 0 
1 2 6
2 7 6
2 3 7
3 8 7
3 4 8
4 9 8
4 5 9
6 7 10
7 11 10
7 8 11
8 12 11
8 9 12
10 11 13
11 14 13
11 12 14
13 14 15
ZONE N=15, E=16, F=FEPOINT, ET=TRIANGLE
0.532273 0.184719 0 0 0 0 
0.529686 0.204285 0 0 0 0 
0.527099 0.223851 0 0 0 0 
0.524512 0.243417 0 0 0 0 
0.521925 0.262983 0 0 0 0 
0.510839 0.206419 0 0 0 0 
0.508252 0.225985 0 0 0 0 
0.505665 0.245551 0 0 0 0 
0.503078 0.265117 0 0 0 0 
0.489405 0.228119 0 0 0 0 
0.486818 0.247685 0 0 0 0 
0.484231 0.267251 0 0 0 0 
0.467971 0.249819 0 0 0 0 
0.465384 0.269385 0 0 0 0 
0.446537 0.27152 0 0 0 0 
1 2 6
2 7 6
2 3 7
3 8 7
3 4 8
4 9 8
4 5 9
6 7 10
7 11 10
7 8 11
8 12 11
8 9 12
10 11 13
11 14 13
11 12 14
13 14 15
ZONE N=15, E=16, F=FEPOINT, ET=TRIANGLE
0.377868 0.853515 0 0 0 0 
0.40125 0.860616 0 0 0 0 
0.424632 0.867718 0 0 0 0 
0.448015 0.87482 0 0 0 0 
0.471397 0.881921 0 0 0 0 
0.379072 0.871106 0 0 0 0 
0.402583 0.87848 0 0 0 0 
0.426096 0.885853 0 0 0 0 
0.449611 0.893224 0 0 0 0 
0.380276 0.888697 0 0 0 0 
0.403913 0.896344 0 0 0 0 
0.427555 0.903989 0 0 0 0 
0.38148 0.906288 0 0 0 0 
0.405241 0.91421 0 0 0 0 
0.382683 0.92388 0 0 0 0 
1 2 6
2 7 6
2 3 7
3 8 7
3 4 8
4 9 8
4 5 9
6 7 10
7 11 10
7 8 11
8 12 11
8 9 12
10 11 13
11 14 13
11 12 14
13 14 15
ZONE N=15, E=16, F=FEPOINT, ET=TRIANGLE
0.683135 0.209909 0 0 0 0 
0.677913 0.225385 0 0 0 0 
0.672692 0.240861 0 0 0 0 
0.66747 0.256337 0 0 0 0 
0.662248 0.271813 0 0 0 0 
0.662067 0.214213 0 0 0 0 
0.656845 0.229689 0 0 0 0 
0.651624 0.245165 0 0 0 0 
0.646402 0.260641 0 0 0 0 
0.640999 0.218517 0 0 0 0 
0.635777 0.233993 0 0 0 0 
0.630555 0.249469 0 0 0 0 
0.619931 0.222821 0 0 0 0 
0.614709 0.238297 0 0 0 0 
0.598862 0.227125 0 0 0 0 
1 2 6
2 7 6
2 3 7
3 8 7
3 4 8
4 9 8
4 5 9
6 7 10
7 11 10
7 8 11
8 12 11
8 9 12
10 11 13
11 14 13
11 12 14
13 14 15
ZONE N=15, E=16, F=FEPOINT, ET=TRIANGLE
0.537879 0.0885607 0 0 0 0 
0.518976 0.103478 0 0 0 0 
0.500073 0.118396 0 0 0 0 
0.48117 0.133313 0 0 0 0 
0.462266 0.148231 0 0 0 0 
0.508643 0.0846106 0 0 0 0 
0.48974 0.0995282 0 0 0 0 
0.470837 0.114446 0 0 0 0 
0.451933 0.129363 0 0 0 0 
0.479407 0.0806606 0 0 0 0 
0.460504 0.0955782 0 0 0 0 
0.4416 0.110496 0 0 0 0 
0.450171 0.0767106 0 0 0 0 
0.431267 0.0916281 0 0 0 0 
0.420934 0.0727606 0 0 0 0 
1 2 6
2 7 6
2 3 7
3 8 7
3 4 8
4 9 8
4 5 9
6 7 10
7 11 10
7 8 11
8 12 11
8 9 12
10 11 13
11 14 13
11 12 14
13 14 15
ZONE N=15, E=16, F=FEPOINT, ET=TRIANGLE
0.581195 0.139328 0 0 0 0 
0.585612 0.161278 0 0 0 0 
0.590029 0.183227 0 0 0 0 
0.594445 0.205176 0 0 0 0 
0.598862 0.227125 0 0 0 0 
0.568965 0.150676 0 0 0 0 
0.573381 0.172625 0 0 0 0 
0.577798 0.194574 0 0 0 0 
0.582215 0.216523 0 0 0 0 
0.556734 0.162024 0 0 0 0 
0.561151 0.183973 0 0 0 0 
0.565568 0.205922 0 0 0 0 
0.544504 0.173371 0 0 0 0 
0.548921 0.19532 0 0 0 0 
0.532273 0.184719 0 0 0 0 
1 2 6
2 7 6
2 3 7
3 8 7
3 4 8
4 9 8
4 5 9
6 7 10
7 11 10
7 8 11
8 12 11
8 9 12
10 11 13
11 14 13
11 12 14
13 14 15
ZONE N=15, E=16, F=FEPOINT, ET=TRIANGLE
0.645723 0.15635 0 0 0 0 
0.64088 0.131497 0 0 0 0 
0.636037 0.106643 0 0 0 0 
0.631195 0.0817905 0 0 0 0 
0.626352 0.0569375 0 0 0 0 
0.655918 0.141465 0 0 0 0 
0.651075 0.116612 0 0 0 0 
0.646232 0.0917587 0 0 0 0 
0.641389 0.0669056 0 0 0 0 
0.666112 0.12658 0 0 0 0 
0.661269 0.101727 0 0 0 0 
0.656427 0.0768738 0 0 0 0 
0.676307 0.111695 0 0 0 0 
0.671464 0.086842 0 0 0 0 
0.686501 0.0968102 0 0 0 0 
1 2 6
2 7 6
2 3 7
3 8 7
3 4 8
4 9 8
4 5 9
6 7 10
7 11 10
7 8 11
8 12 11
8 9 12
10 11 13
11 14 13
11 12 14
13 14 15
ZONE N=15, E=16, F=FEPOINT, ET=TRIANGLE
0.702836 0.467847 0 0 0 0 
0.698002 0.48718 0 0 0 0 
0.693168 0.506513 0 0 0 0 
0.688334 0.525847 0 0 0 0 
0.683499 0.54518 0 0 0 0 
0.680091 0.478443 0 0 0 0 
0.675256 0.497776 0 0 0 0 
0.670422 0.51711 0 0 0 0 
0.665588 0.536443 0 0 0 0 
0.657345 0.489039 0 0 0 0 
0.652511 0.508373 0 0 0 0 
0.647677 0.527706 0 0 0 0 
0.634599 0.499636 0 0 0 0 
0.629765 0.518969 0 0 0 0 
0.611854 0.510232 0 0 0 0 
1 2 6
2 7 6
2 3 7
3 8 7
3 4 8
4 9 8
4 5 9
6 7 10
7 11 10
7 8 11
8 12 11
8 9 12
10 11 13
11 14 13
11 12 14
13 14 15
ZONE N=15, E=16, F=FEPOINT, ET=TRIANGLE
0.537879 0.0885607 0 0 0 0 
0.55002 0.0606299 0 0 0 0 
0.562161 0.0326992 0 0 0 0 
0.574301 0.0047685 0 0 0 0 
0.586442 -0.0231622 0 0 0 0 
0.559997 0.0806549 0 0 0 0 
0.572138 0.0527241 0 0 0 0 
0.584279 0.0247934 0 0 0 0 
0.59642 -0.0031373 0 0 0 0 
0.582116 0.0727491 0 0 0 0 
0.594256 0.0448183 0 0 0 0 
0.606397 0.0168876 0 0 0 0 
0.604234 0.0648433 0 0 0 0 
0.616374 0.0369125 0 0 0 0 
0.626352 0.0569375 0 0 0 0 
1 2 6
2 7 6
2 3 7
3 8 7
3 4 8
4 9 8
4 5 9
6 7 10
7 11 10
7 8 11
8 12 11
8 9 12
10 11 13
11 14 13
11 12 14
13 14 15
ZONE N=15, E=16, F=FEPOINT, ET=TRIANGLE
0.645723 0.15635 0 0 0 0 
0.634008 0.174043 0 0 0 0 
0.622293 0.191737 0 0 0 0 
0.610578 0.209431 0 0 0 0 
0.598862 0.227125 0 0 0 0 
0.629591 0.152094 0 0 0 0 
0.617876 0.169788 0 0 0 0 
0.606161 0.187482 0 0 0 0 
0.594445 0.205176 0 0 0 0 
0.613459 0.147839 0 0 0 0 
0.601744 0.165533 0 0 0 0 
0.590029 0.183227 0 0 0 0 
0.597327 0.143584 0 0 0 0 
0.585612 0.161278 0 0 0 0 
0.581195 0.139328 0 0 0 0 
1 2 6
2 7 6
2 3 7
3 8 7
3 4 8
4 9 8
4 5 9
6 7 10
7 11 10
7 8 11
8 12 11
8 9 12
10 11 13
11 14 13
11 12 14
13 14 15
ZONE N=15, E=16, F=FEPOINT, ET=TRIANGLE
0.645723 0.15635 0 0 0 0 
0.655076 0.169739 0 0 0 0 
0.664429 0.183129 0 0 0 0 
0.673782 0.196519 0 0 0 0 
0.683135 0.209909 0 0 0 0 
0.634008 0.174043 0 0 0 0 
0.643361 0.187433 0 0 0 0 
0.652714 0.200823 0 0 0 0 
0.662067 0.214213 0 0 0 0 
0.622293 0.191737 0 0 0 0 
0.631646 0.205127 0 0 0 0 
0.640999 0.218517 0 0 0 0 
0.610578 0.209431 0 0 0 0 
0.619931 0.222821 0 0 0 0 
0.598862 0.227125 0 0 0 0 
1 2 6
2 7 6
2 3 7
3 8 7
3 4 8
4 9 8
4 5 9
6 7 10
7 11 10
7 8 11
8 12 11
8 9 12
10 11 13
11 14 13
11 12 14
13 14 15
ZONE N=15, E=16, F=FEPOINT, ET=TRIANGLE
0.69603 0.333383 0 0 0 0 
0.706965 0.317417 0 0 0 0 
0.7179 0.301451 0 0 0 0 
0.728835 0.285485 0 0 0 0 
0.73977 0.269519 0 0 0 0 
0.710251 0.34368 0 0 0 0 
0.721186 0.327714 0 0 0 0 
0.732121 0.311748 0 0 0 0 
0.743056 0.295782 0 0 0 0 
0.724472 0.353976 0 0 0 0 
0.735407 0.33801 0 0 0 0 
0.746341 0.322044 0 0 0 0 
0.738693 0.364273 0 0 0 0 
0.749627 0.348307 0 0 0 0 
0.752913 0.37457 0 0 0 0 
1 2 6
2 7 6
2 3 7
3 8 7
3 4 8
4 9 8
4 5 9
6 7 10
7 11 10
7 8 11
8 12 11
8 9 12
10 11 13
11 14 13
11 12 14
13 14 15
ZONE N=15, E=16, F=FEPOINT, ET=TRIANGLE
0.534527 0.695591 0 0 0 0 
0.518495 0.703807 0 0 0 0 
0.502463 0.712022 0 0 0 0 
0.486431 0.720238 0 0 0 0 
0.470399 0.728454 0 0 0 0 
0.507541 0.682288 0 0 0 0 
0.491509 0.690504 0 0 0 0 
0.475476 0.69872 0 0 0 0 
0.459444 0.706935 0 0 0 0 
0.480554 0.668986 0 0 0 0 
0.464522 0.677201 0 0 0 0 
0.44849 0.685417 0 0 0 0 
0.453568 0.655683 0 0 0 0 
0.437535 0.663898 0 0 0 0 
0.426581 0.64238 0 0 0 0 
1 2 6
2 7 6
2 3 7
3 8 7
3 4 8
4 9 8
4 5 9
6 7 10
7 11 10
7 8 11
8 12 11
8 9 12
10 11 13
11 14 13
11 12 14
13 14 15
ZONE N=15, E=16, F=FEPOINT, ET=TRIANGLE
0.683499 0.54518 0 0 0 0 
0.705877 0.567484 0 0 0 0 
0.728255 0.589787 0 0 0 0 
0.750633 0.61209 0 0 0 0 
0.77301 0.634393 0 0 0 0 
0.674043 0.562723 0 0 0 0 
0.696421 0.585026 0 0 0 0 
0.718799 0.607329 0 0 0 0 
0.741176 0.629632 0 0 0 0 
0.664587 0.580265 0 0 0 0 
0.686964 0.602568 0 0 0 0 
0.709342 0.624871 0 0 0 0 
0.65513 0.597807 0 0 0 0 
0.677508 0.62011 0 0 0 0 
0.645674 0.615349 0 0 0 0 
1 2 6
2 7 6
2 3 7
3 8 7
3 4 8
4 9 8
4 5 9
6 7 10
7 11 10
7 8 11
8 12 11
8 9 12
10 11 13
11 14 13
11 12 14
13 14 15
ZONE N=15, E=16, F=FEPOINT, ET=TRIANGLE
0.402443 0.704486 0 0 0 0 
0.404793 0.720978 0 0 0 0 
0.407143 0.737469 0 0 0 0 
0.409494 0.75396 0 0 0 0 
0.411844 0.770452 0 0 0 0 
0.38623 0.708314 0 0 0 0 
0.388581 0.724806 0 0 0 0 
0.390931 0.741297 0 0 0 0 
0.393282 0.757789 0 0 0 0 
0.370018 0.712143 0 0 0 0 
0.372369 0.728634 0 0 0 0 
0.374719 0.745126 0 0 0 0 
0.353806 0.715971 0 0 0 0 
0.356156 0.732462 0 0 0 0 
0.337594 0.719799 0 0 0 0 
1 2 6
2 7 6
2 3 7
3 8 7
3 4 8
4 9 8
4 5 9
6 7 10
7 11 10
7 8 11
8 12 11
8 9 12
10 11 13
11 14 13
11 12 14
13 14 15
ZONE N=15, E=16, F=FEPOINT, ET=TRIANGLE
0.562196 0.753598 0 0 0 0 
0.539247 0.747312 0 0 0 0 
0.516297 0.741026 0 0 0 0 
0.493348 0.73474 0 0 0 0 
0.470399 0.728454 0 0 0 0 
0.555279 0.739096 0 0 0 0 
0.53233 0.73281 0 0 0 0 
0.50938 0.726524 0 0 0 0 
0.486431 0.720238 0 0 0 0 
0.548362 0.724595 0 0 0 0 
0.525412 0.718309 0 0 0 0 
0.502463 0.712022 0 0 0 0 
0.541445 0.710093 0 0 0 0 
0.518495 0.703807 0 0 0 0 
0.534527 0.695591 0 0 0 0 
1 2 6
2 7 6
2 3 7
3 8 7
3 4 8
4 9 8
4 5 9
6 7 10
7 11 10
7 8 11
8 12 11
8 9 12
10 11 13
11 14 13
11 12 14
13 14 15
ZONE N=15, E=16, F=FEPOINT, ET=TRIANGLE
0.470399 0.728454 0 0 0 0 
0.45576 0.738953 0 0 0 0 
0.441121 0.749453 0 0 0 0 
0.426483 0.759952 0 0 0 0 
0.411844 0.770452 0 0 0 0 
0.45341 0.722462 0 0 0 0 
0.438771 0.732961 0 0 0 0 
0.424132 0.743461 0 0 0 0 
0.409494 0.75396 0 0 0 0 
0.436421 0.71647 0 0 0 0 
0.421782 0.726969 0 0 0 0 
0.407143 0.737469 0 0 0 0 
0.419432 0.710478 0 0 0 0 
0.404793 0.720978 0 0 0 0 
0.402443 0.704486 0 0 0 0 
1 2 6
2 7 6
2 3 7
3 8 7
3 4 8
4 9 8
4 5 9
6 7 10
7 11 10
7 8 11
8 12 11
8 9 12
10 11 13
11 14 13
11 12 14
13 14 15
ZONE N=15, E=16, F=FEPOINT, ET=TRIANGLE
0.411844 0.770452 0 0 0 0 
0.426483 0.759952 0 0 0 0 
0.441121 0.749453 0 0 0 0 
0.45576 0.738953 0 0 0 0 
0.470399 0.728454 0 0 0 0 
0.427872 0.777865 0 0 0 0 
0.442511 0.767366 0 0 0 0 
0.457149 0.756866 0 0 0 0 
0.471788 0.746367 0 0 0 0 
0.4439 0.785279 0 0 0 0 
0.458538 0.774779 0 0 0 0 
0.473177 0.764279 0 0 0 0 
0.459927 0.792692 0 0 0 0 
0.474566 0.782192 0 0 0 0 
0.475955 0.800105 0 0 0 0 
1 2 6
2 7 6
2 3 7
3 8 7
3 4 8
4 9 8
4 5 9
6 7 10
7 11 10
7 8 11
8 12 11
8 9 12
10 11 13
11 14 13
11 12 14
13 14 15
ZONE N=15, E=16, F=FEPOINT, ET=TRIANGLE
0.475955 0.800105 0 0 0 0 
0.495859 0.807946 0 0 0 0 
0.515763 0.815787 0 0 0 0 
0.535666 0.823629 0 0 0 0 
0.55557 0.83147 0 0 0 0 
0.474815 0.820559 0 0 0 0 
0.494874 0.828659 0 0 0 0 
0.514935 0.836757 0 0 0 0 
0.534998 0.844854 0 0 0 0 
0.473676 0.841013 0 0 0 0 
0.493887 0.849372 0 0 0 0 
0.514103 0.857729 0 0 0 0 
0.472536 0.861467 0 0 0 0 
0.492898 0.870087 0 0 0 0 
0.471397 0.881921 0 0 0 0 
1 2 6
2 7 6
2 3 7
3 8 7
3 4 8
4 9 8
4 5 9
6 7 10
7 11 10
7 8 11
8 12 11
8 9 12
10 11 13
11 14 13
11 12 14
13 14 15
ZONE N=15, E=16, F=FEPOINT, ET=TRIANGLE
0.675933 -0.0228692 0 0 0 0 
0.65356 -0.0229424 0 0 0 0 
0.631188 -0.0230157 0 0 0 0 
0.608815 -0.023089 0 0 0 0 
0.586442 -0.0231622 0 0 0 0 
0.6673 -0.0448444 0 0 0 0 
0.644928 -0.0449176 0 0 0 0 
0.622555 -0.0449909 0 0 0 0 
0.600182 -0.0450642 0 0 0 0 
0.658668 -0.0668196 0 0 0 0 
0.636295 -0.0668928 0 0 0 0 
0.613922 -0.0669661 0 0 0 0 
0.650035 -0.0887948 0 0 0 0 
0.627662 -0.088868 0 0 0 0 
0.641402 -0.11077 0 0 0 0 
1 2 6
2 7 6
2 3 7
3 8 7
3 4 8
4 9 8
4 5 9
6 7 10
7 11 10
7 8 11
8 12 11
8 9 12
10 11 13
11 14 13
11 12 14
13 14 15
ZONE N=15, E=16, F=FEPOINT, ET=TRIANGLE
0.906226 0.0983061 0 0 0 0 
0.892821 0.111342 0 0 0 0 
0.879417 0.124377 0 0 0 0 
0.866013 0.137413 0 0 0 0 
0.852609 0.150449 0 0 0 0 
0.888611 0.0920357 0 0 0 0 
0.875207 0.105071 0 0 0 0 
0.861802 0.118107 0 0 0 0 
0.848398 0.131143 0 0 0 0 
0.870996 0.0857653 0 0 0 0 
0.857592 0.098801 0 0 0 0 
0.844187 0.111837 0 0 0 0 
0.853381 0.079495 0 0 0 0 
0.839977 0.0925306 0 0 0 0 
0.835766 0.0732246 0 0 0 0 
1 2 6
2 7 6
2 3 7
3 8 7
3 4 8
4 9 8
4 5 9
6 7 10
7 11 10
7 8 11
8 12 11
8 9 12
10 11 13
11 14 13
11 12 14
13 14 15
ZONE N=15, E=16, F=FEPOINT, ET=TRIANGLE
0.581195 0.139328 0 0 0 0 
0.568965 0.150676 0 0 0 0 
0.556734 0.162024 0 0 0 0 
0.544504 0.173371 0 0 0 0 
0.532273 0.184719 0 0 0 0 
0.570366 0.126636 0 0 0 0 
0.558136 0.137984 0 0 0 0 
0.545905 0.149332 0 0 0 0 
0.533675 0.160679 0 0 0 0 
0.559537 0.113945 0 0 0 0 
0.547307 0.125292 0 0 0 0 
0.535076 0.13664 0 0 0 0 
0.548708 0.101253 0 0 0 0 
0.536478 0.1126 0 0 0 0 
0.537879 0.0885607 0 0 0 0 
1 2 6
2 7 6
2 3 7
3 8 7
3 4 8
4 9 8
4 5 9
6 7 10
7 11 10
7 8 11
8 12 11
8 9 12
10 11 13
11 14 13
11 12 14
13 14 15
ZONE N=15, E=16, F=FEPOINT, ET=TRIANGLE
0.537879 0.0885607 0 0 0 0 
0.559997 0.0806549 0 0 0 0 
0.582116 0.0727491 0 0 0 0 
0.604234 0.0648433 0 0 0 0 
0.626352 0.0569375 0 0 0 0 
0.548708 0.101253 0 0 0 0 
0.570826 0.0933468 0 0 0 0 
0.592944 0.085441 0 0 0 0 
0.615063 0.0775352 0 0 0 0 
0.559537 0.113945 0 0 0 0 
0.581655 0.106039 0 0 0 0 
0.603773 0.0981329 0 0 0 0 
0.570366 0.126636 0 0 0 0 
0.592484 0.118731 0 0 0 0 
0.581195 0.139328 0 0 0 0 
1 2 6
2 7 6
2 3 7
3 8 7
3 4 8
4 9 8
4 5 9
6 7 10
7 11 10
7 8 11
8 12 11
8 9 12
10 11 13
11 14 13
11 12 14
13 14 15
ZONE N=15, E=16, F=FEPOINT, ET=TRIANGLE
0.5 0 0 0 0 0 
0.521611 -0.00579056 0 0 0 0 
0.543221 -0.0115811 0 0 0 0 
0.564832 -0.0173717 0 0 0 0 
0.586442 -0.0231622 0 0 0 0 
0.50947 0.0221402 0 0 0 0 
0.53108 0.0163496 0 0 0 0 
0.552691 0.0105591 0 0 0 0 
0.574301 0.0047685 0 0 0 0 
0.51894 0.0442803 0 0 0 0 
0.54055 0.0384898 0 0 0 0 
0.562161 0.0326992 0 0 0 0 
0.528409 0.0664205 0 0 0 0 
0.55002 0.0606299 0 0 0 0 
0.537879 0.0885607 0 0 0 0 
1 2 6
2 7 6
2 3 7
3 8 7
3 4 8
4 9 8
4 5 9
6 7 10
7 11 10
7 8 11
8 12 11
8 9 12
10 11 13
11 14 13
11 12 14
13 14 15
ZONE N=15, E=16, F=FEPOINT, ET=TRIANGLE
0.726511 0.0224755 0 0 0 0 
0.716509 0.0410592 0 0 0 0 
0.706506 0.0596429 0 0 0 0 
0.696504 0.0782265 0 0 0 0 
0.686501 0.0968102 0 0 0 0 
0.701471 0.031091 0 0 0 0 
0.691469 0.0496747 0 0 0 0 
0.681466 0.0682583 0 0 0 0 
0.671464 0.086842 0 0 0 0 
0.676431 0.0397065 0 0 0 0 
0.666429 0.0582902 0 0 0 0 
0.656427 0.0768738 0 0 0 0 
0.651392 0.048322 0 0 0 0 
0.641389 0.0669056 0 0 0 0 
0.626352 0.0569375 0 0 0 0 
1 2 6
2 7 6
2 3 7
3 8 7
3 4 8
4 9 8
4 5 9
6 7 10
7 11 10
7 8 11
8 12 11
8 9 12
10 11 13
11 14 13
11 12 14
13 14 15
ZONE N=15, E=16, F=FEPOINT, ET=TRIANGLE
0.92388 0.382683 0 0 0 0 
0.896905 0.363368 0 0 0 0 
0.869931 0.344053 0 0 0 0 
0.842957 0.324738 0 0 0 0 
0.815983 0.305422 0 0 0 0 
0.911376 0.35145 0 0 0 0 
0.884402 0.332135 0 0 0 0 
0.857428 0.312819 0 0 0 0 
0.830454 0.293504 0 0 0 0 
0.898873 0.320216 0 0 0 0 
0.871899 0.300901 0 0 0 0 
0.844925 0.281586 0 0 0 0 
0.88637 0.288983 0 0 0 0 
0.859396 0.269668 0 0 0 0 
0.873867 0.257749 0 0 0 0 
1 2 6
2 7 6
2 3 7
3 8 7
3 4 8
4 9 8
4 5 9
6 7 10
7 11 10
7 8 11
8 12 11
8 9 12
10 11 13
11 14 13
11 12 14
13 14 15
ZONE N=15, E=16, F=FEPOINT, ET=TRIANGLE
0.881921 0.471397 0 0 0 0 
0.870087 0.492898 0 0 0 0 
0.857729 0.514103 0 0 0 0 
0.844854 0.534998 0 0 0 0 
0.83147 0.55557 0 0 0 0 
0.855988 0.465602 0 0 0 0 
0.843893 0.486953 0 0 0 0 
0.831277 0.508001 0 0 0 0 
0.818149 0.528732 0 0 0 0 
0.830054 0.459808 0 0 0 0 
0.8177 0.481006 0 0 0 0 
0.804829 0.501895 0 0 0 0 
0.804121 0.454014 0 0 0 0 
0.791508 0.475057 0 0 0 0 
0.778188 0.448219 0 0 0 0 
1 2 6
2 7 6
2 3 7
3 8 7
3 4 8
4 9 8
4 5 9
6 7 10
7 11 10
7 8 11
8 12 11
8 9 12
10 11 13
11 14 13
11 12 14
13 14 15
ZONE N=15, E=16, F=FEPOINT, ET=TRIANGLE
0.683499 0.54518 0 0 0 0 
0.688334 0.525847 0 0 0 0 
0.693168 0.506513 0 0 0 0 
0.698002 0.48718 0 0 0 0 
0.702836 0.467847 0 0 0 0 
0.699985 0.539032 0 0 0 0 
0.70482 0.519698 0 0 0 0 
0.709654 0.500365 0 0 0 0 
0.714488 0.481031 0 0 0 0 
0.716471 0.532883 0 0 0 0 
0.721306 0.513549 0 0 0 0 
0.72614 0.494216 0 0 0 0 
0.732957 0.526734 0 0 0 0 
0.737792 0.5074 0 0 0 0 
0.749443 0.520585 0 0 0 0 
1 2 6
2 7 6
2 3 7
3 8 7
3 4 8
4 9 8
4 5 9
6 7 10
7 11 10
7 8 11
8 12 11
8 9 12
10 11 13
11 14 13
11 12 14
13 14 15
ZONE N=15, E=16, F=FEPOINT, ET=TRIANGLE
0.683499 0.54518 0 0 0 0 
0.699985 0.539032 0 0 0 0 
0.716471 0.532883 0 0 0 0 
0.732957 0.526734 0 0 0 0 
0.749443 0.520585 0 0 0 0 
0.705877 0.567484 0 0 0 0 
0.722363 0.561335 0 0 0 0 
0.738849 0.555186 0 0 0 0 
0.755335 0.549037 0 0 0 0 
0.728255 0.589787 0 0 0 0 
0.744741 0.583638 0 0 0 0 
0.761227 0.577489 0 0 0 0 
0.750633 0.61209 0 0 0 0 
0.767119 0.605941 0 0 0 0 
0.77301 0.634393 0 0 0 0 
1 2 6
2 7 6
2 3 7
3 8 7
3 4 8
4 9 8
4 5 9
6 7 10
7 11 10
7 8 11
8 12 11
8 9 12
10 11 13
11 14 13
11 12 14
13 14 15
ZONE N=15, E=16, F=FEPOINT, ET=TRIANGLE
0.778188 0.448219 0 0 0 0 
0.792546 0.433002 0 0 0 0 
0.806904 0.417784 0 0 0 0 
0.821262 0.402566 0 0 0 0 
0.83562 0.387349 0 0 0 0 
0.804121 0.454014 0 0 0 0 
0.818479 0.438796 0 0 0 0 
0.832837 0.423578 0 0 0 0 
0.847195 0.408361 0 0 0 0 
0.830054 0.459808 0 0 0 0 
0.844412 0.44459 0 0 0 0 
0.858771 0.429373 0 0 0 0 
0.855988 0.465602 0 0 0 0 
0.870346 0.450385 0 0 0 0 
0.881921 0.471397 0 0 0 0 
1 2 6
2 7 6
2 3 7
3 8 7
3 4 8
4 9 8
4 5 9
6 7 10
7 11 10
7 8 11
8 12 11
8 9 12
10 11 13
11 14 13
11 12 14
13 14 15
ZONE N=15, E=16, F=FEPOINT, ET=TRIANGLE
0.645674 0.615349 0 0 0 0 
0.677508 0.62011 0 0 0 0 
0.709342 0.624871 0 0 0 0 
0.741176 0.629632 0 0 0 0 
0.77301 0.634393 0 0 0 0 
0.661032 0.638289 0 0 0 0 
0.693089 0.643252 0 0 0 0 
0.725148 0.648213 0 0 0 0 
0.757209 0.653173 0 0 0 0 
0.67639 0.661228 0 0 0 0 
0.708669 0.666395 0 0 0 0 
0.740951 0.671559 0 0 0 0 
0.691749 0.684167 0 0 0 0 
0.724247 0.689541 0 0 0 0 
0.707107 0.707107 0 0 0 0 
1 2 6
2 7 6
2 3 7
3 8 7
3 4 8
4 9 8
4 5 9
6 7 10
7 11 10
7 8 11
8 12 11
8 9 12
10 11 13
11 14 13
11 12 14
13 14 15
ZONE N=15, E=16, F=FEPOINT, ET=TRIANGLE
0.752913 0.37457 0 0 0 0 
0.77359 0.377764 0 0 0 0 
0.794267 0.380959 0 0 0 0 
0.814943 0.384154 0 0 0 0 
0.83562 0.387349 0 0 0 0 
0.759232 0.392982 0 0 0 0 
0.779909 0.396177 0 0 0 0 
0.800585 0.399372 0 0 0 0 
0.821262 0.402566 0 0 0 0 
0.76555 0.411394 0 0 0 0 
0.786227 0.414589 0 0 0 0 
0.806904 0.417784 0 0 0 0 
0.771869 0.429807 0 0 0 0 
0.792546 0.433002 0 0 0 0 
0.778188 0.448219 0 0 0 0 
1 2 6
2 7 6
2 3 7
3 8 7
3 4 8
4 9 8
4 5 9
6 7 10
7 11 10
7 8 11
8 12 11
8 9 12
10 11 13
11 14 13
11 12 14
13 14 15
ZONE N=15, E=16, F=FEPOINT, ET=TRIANGLE
0.702836 0.467847 0 0 0 0 
0.721674 0.46294 0 0 0 0 
0.740512 0.458033 0 0 0 0 
0.75935 0.453126 0 0 0 0 
0.778188 0.448219 0 0 0 0 
0.714488 0.481031 0 0 0 0 
0.733326 0.476124 0 0 0 0 
0.752164 0.471217 0 0 0 0 
0.771001 0.466311 0 0 0 0 
0.72614 0.494216 0 0 0 0 
0.744978 0.489309 0 0 0 0 
0.763815 0.484402 0 0 0 0 
0.737792 0.5074 0 0 0 0 
0.756629 0.502493 0 0 0 0 
0.749443 0.520585 0 0 0 0 
1 2 6
2 7 6
2 3 7
3 8 7
3 4 8
4 9 8
4 5 9
6 7 10
7 11 10
7 8 11
8 12 11
8 9 12
10 11 13
11 14 13
11 12 14
13 14 15
ZONE N=15, E=16, F=FEPOINT, ET=TRIANGLE
0.92388 0.382683 0 0 0 0 
0.901815 0.38385 0 0 0 0 
0.87975 0.385016 0 0 0 0 
0.857685 0.386182 0 0 0 0 
0.83562 0.387349 0 0 0 0 
0.896905 0.363368 0 0 0 0 
0.874841 0.364534 0 0 0 0 
0.852776 0.365701 0 0 0 0 
0.830711 0.366867 0 0 0 0 
0.869931 0.344053 0 0 0 0 
0.847866 0.345219 0 0 0 0 
0.825802 0.346386 0 0 0 0 
0.842957 0.324738 0 0 0 0 
0.820892 0.325904 0 0 0 0 
0.815983 0.305422 0 0 0 0 
1 2 6
2 7 6
2 3 7
3 8 7
3 4 8
4 9 8
4 5 9
6 7 10
7 11 10
7 8 11
8 12 11
8 9 12
10 11 13
11 14 13
11 12 14
13 14 15
ZONE N=15, E=16, F=FEPOINT, ET=TRIANGLE
0.77301 0.634393 0 0 0 0 
0.767119 0.605941 0 0 0 0 
0.761227 0.577489 0 0 0 0 
0.755335 0.549037 0 0 0 0 
0.749443 0.520585 0 0 0 0 
0.788346 0.615232 0 0 0 0 
0.782216 0.586596 0 0 0 0 
0.776084 0.557963 0 0 0 0 
0.76995 0.529331 0 0 0 0 
0.803208 0.595699 0 0 0 0 
0.796833 0.566886 0 0 0 0 
0.790456 0.538078 0 0 0 0 
0.817585 0.575808 0 0 0 0 
0.810963 0.546824 0 0 0 0 
0.83147 0.55557 0 0 0 0 
1 2 6
2 7 6
2 3 7
3 8 7
3 4 8
4 9 8
4 5 9
6 7 10
7 11 10
7 8 11
8 12 11
8 9 12
10 11 13
11 14 13
11 12 14
13 14 15
ZONE N=15, E=16, F=FEPOINT, ET=TRIANGLE
0.749443 0.520585 0 0 0 0 
0.756629 0.502493 0 0 0 0 
0.763815 0.484402 0 0 0 0 
0.771001 0.466311 0 0 0 0 
0.778188 0.448219 0 0 0 0 
0.76995 0.529331 0 0 0 0 
0.777136 0.51124 0 0 0 0 
0.784322 0.493148 0 0 0 0 
0.791508 0.475057 0 0 0 0 
0.790456 0.538078 0 0 0 0 
0.797643 0.519986 0 0 0 0 
0.804829 0.501895 0 0 0 0 
0.810963 0.546824 0 0 0 0 
0.818149 0.528732 0 0 0 0 
0.83147 0.55557 0 0 0 0 
1 2 6
2 7 6
2 3 7
3 8 7
3 4 8
4 9 8
4 5 9
6 7 10
7 11 10
7 8 11
8 12 11
8 9 12
10 11 13
11 14 13
11 12 14
13 14 15
ZONE N=15, E=16, F=FEPOINT, ET=TRIANGLE
0.83562 0.387349 0 0 0 0 
0.857685 0.386182 0 0 0 0 
0.87975 0.385016 0 0 0 0 
0.901815 0.38385 0 0 0 0 
0.92388 0.382683 0 0 0 0 
0.847195 0.408361 0 0 0 0 
0.869532 0.407323 0 0 0 0 
0.891871 0.406283 0 0 0 0 
0.91421 0.405241 0 0 0 0 
0.858771 0.429373 0 0 0 0 
0.881379 0.428466 0 0 0 0 
0.903989 0.427555 0 0 0 0 
0.870346 0.450385 0 0 0 0 
0.893224 0.449611 0 0 0 0 
0.881921 0.471397 0 0 0 0 
1 2 6
2 7 6
2 3 7
3 8 7
3 4 8
4 9 8
4 5 9
6 7 10
7 11 10
7 8 11
8 12 11
8 9 12
10 11 13
11 14 13
11 12 14
13 14 15
ZONE N=15, E=16, F=FEPOINT, ET=TRIANGLE
0.738561 0.175323 0 0 0 0 
0.715352 0.170579 0 0 0 0 
0.692142 0.165836 0 0 0 0 
0.668933 0.161093 0 0 0 0 
0.645723 0.15635 0 0 0 0 
0.725546 0.155695 0 0 0 0 
0.702337 0.150951 0 0 0 0 
0.679127 0.146208 0 0 0 0 
0.655918 0.141465 0 0 0 0 
0.712531 0.136066 0 0 0 0 
0.689322 0.131323 0 0 0 0 
0.666112 0.12658 0 0 0 0 
0.699516 0.116438 0 0 0 0 
0.676307 0.111695 0 0 0 0 
0.686501 0.0968102 0 0 0 0 
1 2 6
2 7 6
2 3 7
3 8 7
3 4 8
4 9 8
4 5 9
6 7 10
7 11 10
7 8 11
8 12 11
8 9 12
10 11 13
11 14 13
11 12 14
13 14 15
ZONE N=15, E=16, F=FEPOINT, ET=TRIANGLE
0.815983 0.305422 0 0 0 0 
0.79693 0.296447 0 0 0 0 
0.777876 0.287471 0 0 0 0 
0.758823 0.278495 0 0 0 0 
0.73977 0.269519 0 0 0 0 
0.814038 0.284451 0 0 0 0 
0.794985 0.275475 0 0 0 0 
0.775931 0.266499 0 0 0 0 
0.756878 0.257523 0 0 0 0 
0.812093 0.263479 0 0 0 0 
0.79304 0.254503 0 0 0 0 
0.773986 0.245527 0 0 0 0 
0.810148 0.242507 0 0 0 0 
0.791095 0.233531 0 0 0 0 
0.808203 0.221535 0 0 0 0 
1 2 6
2 7 6
2 3 7
3 8 7
3 4 8
4 9 8
4 5 9
6 7 10
7 11 10
7 8 11
8 12 11
8 9 12
10 11 13
11 14 13
11 12 14
13 14 15
ZONE N=15, E=16, F=FEPOINT, ET=TRIANGLE
0.808203 0.221535 0 0 0 0 
0.791095 0.233531 0 0 0 0 
0.773986 0.245527 0 0 0 0 
0.756878 0.257523 0 0 0 0 
0.73977 0.269519 0 0 0 0 
0.790792 0.209982 0 0 0 0 
0.773684 0.221978 0 0 0 0 
0.756576 0.233974 0 0 0 0 
0.739468 0.24597 0 0 0 0 
0.773382 0.198429 0 0 0 0 
0.756274 0.210425 0 0 0 0 
0.739165 0.222421 0 0 0 0 
0.755972 0.186876 0 0 0 0 
0.738863 0.198872 0 0 0 0 
0.738561 0.175323 0 0 0 0 
1 2 6
2 7 6
2 3 7
3 8 7
3 4 8
4 9 8
4 5 9
6 7 10
7 11 10
7 8 11
8 12 11
8 9 12
10 11 13
11 14 13
11 12 14
13 14 15
ZONE N=15, E=16, F=FEPOINT, ET=TRIANGLE
0.5 0 0 0 0 0 
0.506282 -0.0197774 0 0 0 0 
0.512563 -0.0395549 0 0 0 0 
0.518845 -0.0593323 0 0 0 0 
0.525127 -0.0791098 0 0 0 0 
0.521611 -0.00579056 0 0 0 0 
0.527892 -0.025568 0 0 0 0 
0.534174 -0.0453455 0 0 0 0 
0.540456 -0.0651229 0 0 0 0 
0.543221 -0.0115811 0 0 0 0 
0.549503 -0.0313586 0 0 0 0 
0.555784 -0.051136 0 0 0 0 
0.564832 -0.0173717 0 0 0 0 
0.571113 -0.0371491 0 0 0 0 
0.586442 -0.0231622 0 0 0 0 
1 2 6
2 7 6
2 3 7
3 8 7
3 4 8
4 9 8
4 5 9
6 7 10
7 11 10
7 8 11
8 12 11
8 9 12
10 11 13
11 14 13
11 12 14
13 14 15
ZONE N=15, E=16, F=FEPOINT, ET=TRIANGLE
0.586442 -0.0231622 0 0 0 0 
0.571113 -0.0371491 0 0 0 0 
0.555784 -0.051136 0 0 0 0 
0.540456 -0.0651229 0 0 0 0 
0.525127 -0.0791098 0 0 0 0 
0.600182 -0.0450642 0 0 0 0 
0.584853 -0.0590511 0 0 0 0 
0.569524 -0.073038 0 0 0 0 
0.554196 -0.0870248 0 0 0 0 
0.613922 -0.0669661 0 0 0 0 
0.598593 -0.080953 0 0 0 0 
0.583264 -0.0949399 0 0 0 0 
0.627662 -0.088868 0 0 0 0 
0.612333 -0.102855 0 0 0 0 
0.641402 -0.11077 0 0 0 0 
1 2 6
2 7 6
2 3 7
3 8 7
3 4 8
4 9 8
4 5 9
6 7 10
7 11 10
7 8 11
8 12 11
8 9 12
10 11 13
11 14 13
11 12 14
13 14 15
ZONE N=15, E=16, F=FEPOINT, ET=TRIANGLE
0.785383 -0.0114116 0 0 0 0 
0.75802 -0.014276 0 0 0 0 
0.730658 -0.0171404 0 0 0 0 
0.703296 -0.0200048 0 0 0 0 
0.675933 -0.0228692 0 0 0 0 
0.77392 -0.0332055 0 0 0 0 
0.746558 -0.0360699 0 0 0 0 
0.719196 -0.0389343 0 0 0 0 
0.691833 -0.0417987 0 0 0 0 
0.762458 -0.0549994 0 0 0 0 
0.735096 -0.0578637 0 0 0 0 
0.707733 -0.0607281 0 0 0 0 
0.750996 -0.0767932 0 0 0 0 
0.723633 -0.0796576 0 0 0 0 
0.739533 -0.0985871 0 0 0 0 
1 2 6
2 7 6
2 3 7
3 8 7
3 4 8
4 9 8
4 5 9
6 7 10
7 11 10
7 8 11
8 12 11
8 9 12
10 11 13
11 14 13
11 12 14
13 14 15
ZONE N=15, E=16, F=FEPOINT, ET=TRIANGLE
0.897385 0.197334 0 0 0 0 
0.912274 0.220572 0 0 0 0 
0.927163 0.243809 0 0 0 0 
0.942052 0.267047 0 0 0 0 
0.95694 0.290285 0 0 0 0 
0.891506 0.212438 0 0 0 0 
0.906395 0.235675 0 0 0 0 
0.921283 0.258913 0 0 0 0 
0.936172 0.282151 0 0 0 0 
0.885626 0.227542 0 0 0 0 
0.900515 0.250779 0 0 0 0 
0.915404 0.274017 0 0 0 0 
0.879747 0.242646 0 0 0 0 
0.894635 0.265883 0 0 0 0 
0.873867 0.257749 0 0 0 0 
1 2 6
2 7 6
2 3 7
3 8 7
3 4 8
4 9 8
4 5 9
6 7 10
7 11 10
7 8 11
8 12 11
8 9 12
10 11 13
11 14 13
11 12 14
13 14 15
ZONE N=15, E=16, F=FEPOINT, ET=TRIANGLE
0.5 0 0 0 0 0 
0.484375 -0.0174781 0 0 0 0 
0.46875 -0.0349562 0 0 0 0 
0.453125 -0.0524344 0 0 0 0 
0.4375 -0.0699125 0 0 0 0 
0.506282 -0.0197774 0 0 0 0 
0.490657 -0.0372556 0 0 0 0 
0.475032 -0.0547337 0 0 0 0 
0.459407 -0.0722118 0 0 0 0 
0.512563 -0.0395549 0 0 0 0 
0.496938 -0.057033 0 0 0 0 
0.481313 -0.0745111 0 0 0 0 
0.518845 -0.0593323 0 0 0 0 
0.50322 -0.0768105 0 0 0 0 
0.525127 -0.0791098 0 0 0 0 
1 2 6
2 7 6
2 3 7
3 8 7
3 4 8
4 9 8
4 5 9
6 7 10
7 11 10
7 8 11
8 12 11
8 9 12
10 11 13
11 14 13
11 12 14
13 14 15
ZONE N=15, E=16, F=FEPOINT, ET=TRIANGLE
0.481275 -0.149585 0 0 0 0 
0.499377 -0.148628 0 0 0 0 
0.517479 -0.147671 0 0 0 0 
0.53558 -0.146715 0 0 0 0 
0.553682 -0.145758 0 0 0 0 
0.492238 -0.131966 0 0 0 0 
0.51034 -0.131009 0 0 0 0 
0.528441 -0.130053 0 0 0 0 
0.546543 -0.129096 0 0 0 0 
0.503201 -0.114347 0 0 0 0 
0.521303 -0.113391 0 0 0 0 
0.539404 -0.112434 0 0 0 0 
0.514164 -0.0967286 0 0 0 0 
0.532266 -0.0957718 0 0 0 0 
0.525127 -0.0791098 0 0 0 0 
1 2 6
2 7 6
2 3 7
3 8 7
3 4 8
4 9 8
4 5 9
6 7 10
7 11 10
7 8 11
8 12 11
8 9 12
10 11 13
11 14 13
11 12 14
13 14 15
ZONE N=15, E=16, F=FEPOINT, ET=TRIANGLE
0.481275 -0.149585 0 0 0 0 
0.498944 -0.172825 0 0 0 0 
0.516613 -0.196065 0 0 0 0 
0.534282 -0.219305 0 0 0 0 
0.551951 -0.242545 0 0 0 0 
0.499377 -0.148628 0 0 0 0 
0.517046 -0.171868 0 0 0 0 
0.534715 -0.195108 0 0 0 0 
0.552384 -0.218348 0 0 0 0 
0.517479 -0.147671 0 0 0 0 
0.535148 -0.170912 0 0 0 0 
0.552817 -0.194152 0 0 0 0 
0.53558 -0.146715 0 0 0 0 
0.553249 -0.169955 0 0 0 0 
0.553682 -0.145758 0 0 0 0 
1 2 6
2 7 6
2 3 7
3 8 7
3 4 8
4 9 8
4 5 9
6 7 10
7 11 10
7 8 11
8 12 11
8 9 12
10 11 13
11 14 13
11 12 14
13 14 15
ZONE N=15, E=16, F=FEPOINT, ET=TRIANGLE
0.553682 -0.145758 0 0 0 0 
0.566346 -0.158727 0 0 0 0 
0.579011 -0.171696 0 0 0 0 
0.591675 -0.184665 0 0 0 0 
0.60434 -0.197634 0 0 0 0 
0.575612 -0.137011 0 0 0 0 
0.588276 -0.14998 0 0 0 0 
0.600941 -0.162949 0 0 0 0 
0.613605 -0.175918 0 0 0 0 
0.597542 -0.128264 0 0 0 0 
0.610206 -0.141233 0 0 0 0 
0.622871 -0.154202 0 0 0 0 
0.619472 -0.119517 0 0 0 0 
0.632136 -0.132486 0 0 0 0 
0.641402 -0.11077 0 0 0 0 
1 2 6
2 7 6
2 3 7
3 8 7
3 4 8
4 9 8
4 5 9
6 7 10
7 11 10
7 8 11
8 12 11
8 9 12
10 11 13
11 14 13
11 12 14
13 14 15
ZONE N=15, E=16, F=FEPOINT, ET=TRIANGLE
0.60434 -0.197634 0 0 0 0 
0.618917 -0.207055 0 0 0 0 
0.633494 -0.216476 0 0 0 0 
0.648071 -0.225896 0 0 0 0 
0.662648 -0.235317 0 0 0 0 
0.633119 -0.197079 0 0 0 0 
0.647696 -0.206499 0 0 0 0 
0.662273 -0.21592 0 0 0 0 
0.67685 -0.225341 0 0 0 0 
0.661899 -0.196523 0 0 0 0 
0.676476 -0.205944 0 0 0 0 
0.691053 -0.215365 0 0 0 0 
0.690678 -0.195968 0 0 0 0 
0.705255 -0.205389 0 0 0 0 
0.719458 -0.195412 0 0 0 0 
1 2 6
2 7 6
2 3 7
3 8 7
3 4 8
4 9 8
4 5 9
6 7 10
7 11 10
7 8 11
8 12 11
8 9 12
10 11 13
11 14 13
11 12 14
13 14 15
ZONE N=15, E=16, F=FEPOINT, ET=TRIANGLE
0.741239 -0.327978 0 0 0 0 
0.75507 -0.312784 0 0 0 0 
0.7689 -0.297591 0 0 0 0 
0.78273 -0.282397 0 0 0 0 
0.79656 -0.267203 0 0 0 0 
0.738482 -0.311275 0 0 0 0 
0.752312 -0.296081 0 0 0 0 
0.766142 -0.280887 0 0 0 0 
0.779972 -0.265693 0 0 0 0 
0.735724 -0.294571 0 0 0 0 
0.749554 -0.279378 0 0 0 0 
0.763384 -0.264184 0 0 0 0 
0.732967 -0.277868 0 0 0 0 
0.746797 -0.262674 0 0 0 0 
0.730209 -0.261165 0 0 0 0 
1 2 6
2 7 6
2 3 7
3 8 7
3 4 8
4 9 8
4 5 9
6 7 10
7 11 10
7 8 11
8 12 11
8 9 12
10 11 13
11 14 13
11 12 14
13 14 15
ZONE N=15, E=16, F=FEPOINT, ET=TRIANGLE
0.675933 -0.0228692 0 0 0 0 
0.688578 -0.011533 0 0 0 0 
0.701222 -0.00019682 0 0 0 0 
0.713866 0.0111394 0 0 0 0 
0.726511 0.0224755 0 0 0 0 
0.663538 -0.00291751 0 0 0 0 
0.676182 0.00841867 0 0 0 0 
0.688827 0.0197548 0 0 0 0 
0.701471 0.031091 0 0 0 0 
0.651143 0.0170342 0 0 0 0 
0.663787 0.0283703 0 0 0 0 
0.676431 0.0397065 0 0 0 0 
0.638747 0.0369858 0 0 0 0 
0.651392 0.048322 0 0 0 0 
0.626352 0.0569375 0 0 0 0 
1 2 6
2 7 6
2 3 7
3 8 7
3 4 8
4 9 8
4 5 9
6 7 10
7 11 10
7 8 11
8 12 11
8 9 12
10 11 13
11 14 13
11 12 14
13 14 15
ZONE N=15, E=16, F=FEPOINT, ET=TRIANGLE
0.757334 0.0830078 0 0 0 0 
0.752641 0.106087 0 0 0 0 
0.747948 0.129165 0 0 0 0 
0.743255 0.152244 0 0 0 0 
0.738561 0.175323 0 0 0 0 
0.739626 0.0864584 0 0 0 0 
0.734933 0.109537 0 0 0 0 
0.73024 0.132616 0 0 0 0 
0.725546 0.155695 0 0 0 0 
0.721918 0.089909 0 0 0 0 
0.717225 0.112988 0 0 0 0 
0.712531 0.136066 0 0 0 0 
0.70421 0.0933596 0 0 0 0 
0.699516 0.116438 0 0 0 0 
0.686501 0.0968102 0 0 0 0 
1 2 6
2 7 6
2 3 7
3 8 7
3 4 8
4 9 8
4 5 9
6 7 10
7 11 10
7 8 11
8 12 11
8 9 12
10 11 13
11 14 13
11 12 14
13 14 15
ZONE N=15, E=16, F=FEPOINT, ET=TRIANGLE
0.7901 0.137737 0 0 0 0 
0.777215 0.147134 0 0 0 0 
0.764331 0.15653 0 0 0 0 
0.751446 0.165926 0 0 0 0 
0.738561 0.175323 0 0 0 0 
0.781909 0.124055 0 0 0 0 
0.769024 0.133451 0 0 0 0 
0.756139 0.142848 0 0 0 0 
0.743255 0.152244 0 0 0 0 
0.773717 0.110373 0 0 0 0 
0.760832 0.119769 0 0 0 0 
0.747948 0.129165 0 0 0 0 
0.765526 0.0966902 0 0 0 0 
0.752641 0.106087 0 0 0 0 
0.757334 0.0830078 0 0 0 0 
1 2 6
2 7 6
2 3 7
3 8 7
3 4 8
4 9 8
4 5 9
6 7 10
7 11 10
7 8 11
8 12 11
8 9 12
10 11 13
11 14 13
11 12 14
13 14 15
ZONE N=15, E=16, F=FEPOINT, ET=TRIANGLE
0.683135 0.209909 0 0 0 0 
0.697294 0.224812 0 0 0 0 
0.711452 0.239714 0 0 0 0 
0.725611 0.254617 0 0 0 0 
0.73977 0.269519 0 0 0 0 
0.677913 0.225385 0 0 0 0 
0.692072 0.240288 0 0 0 0 
0.706231 0.25519 0 0 0 0 
0.720389 0.270093 0 0 0 0 
0.672692 0.240861 0 0 0 0 
0.68685 0.255764 0 0 0 0 
0.701009 0.270666 0 0 0 0 
0.66747 0.256337 0 0 0 0 
0.681629 0.271239 0 0 0 0 
0.662248 0.271813 0 0 0 0 
1 2 6
2 7 6
2 3 7
3 8 7
3 4 8
4 9 8
4 5 9
6 7 10
7 11 10
7 8 11
8 12 11
8 9 12
10 11 13
11 14 13
11 12 14
13 14 15
ZONE N=15, E=16, F=FEPOINT, ET=TRIANGLE
0.801751 -0.161981 0 0 0 0 
0.820539 -0.177524 0 0 0 0 
0.839327 -0.193068 0 0 0 0 
0.858115 -0.208611 0 0 0 0 
0.876902 -0.224155 0 0 0 0 
0.819697 -0.149943 0 0 0 0 
0.838485 -0.165486 0 0 0 0 
0.857273 -0.18103 0 0 0 0 
0.876061 -0.196573 0 0 0 0 
0.837644 -0.137905 0 0 0 0 
0.856432 -0.153448 0 0 0 0 
0.875219 -0.168992 0 0 0 0 
0.85559 -0.125867 0 0 0 0 
0.874378 -0.14141 0 0 0 0 
0.873536 -0.113829 0 0 0 0 
1 2 6
2 7 6
2 3 7
3 8 7
3 4 8
4 9 8
4 5 9
6 7 10
7 11 10
7 8 11
8 12 11
8 9 12
10 11 13
11 14 13
11 12 14
13 14 15
ZONE N=15, E=16, F=FEPOINT, ET=TRIANGLE
0.675933 -0.0228692 0 0 0 0 
0.6673 -0.0448444 0 0 0 0 
0.658668 -0.0668196 0 0 0 0 
0.650035 -0.0887948 0 0 0 0 
0.641402 -0.11077 0 0 0 0 
0.691833 -0.0417987 0 0 0 0 
0.6832 -0.0637739 0 0 0 0 
0.674568 -0.0857491 0 0 0 0 
0.665935 -0.107724 0 0 0 0 
0.707733 -0.0607281 0 0 0 0 
0.6991 -0.0827033 0 0 0 0 
0.690468 -0.104679 0 0 0 0 
0.723633 -0.0796576 0 0 0 0 
0.715 -0.101633 0 0 0 0 
0.739533 -0.0985871 0 0 0 0 
1 2 6
2 7 6
2 3 7
3 8 7
3 4 8
4 9 8
4 5 9
6 7 10
7 11 10
7 8 11
8 12 11
8 9 12
10 11 13
11 14 13
11 12 14
13 14 15
ZONE N=15, E=16, F=FEPOINT, ET=TRIANGLE
0.835766 0.0732246 0 0 0 0 
0.839977 0.0925306 0 0 0 0 
0.844187 0.111837 0 0 0 0 
0.848398 0.131143 0 0 0 0 
0.852609 0.150449 0 0 0 0 
0.82435 0.0893528 0 0 0 0 
0.82856 0.108659 0 0 0 0 
0.832771 0.127965 0 0 0 0 
0.836982 0.147271 0 0 0 0 
0.812933 0.105481 0 0 0 0 
0.817144 0.124787 0 0 0 0 
0.821354 0.144093 0 0 0 0 
0.801517 0.121609 0 0 0 0 
0.805727 0.140915 0 0 0 0 
0.7901 0.137737 0 0 0 0 
1 2 6
2 7 6
2 3 7
3 8 7
3 4 8
4 9 8
4 5 9
6 7 10
7 11 10
7 8 11
8 12 11
8 9 12
10 11 13
11 14 13
11 12 14
13 14 15
ZONE N=15, E=16, F=FEPOINT, ET=TRIANGLE
0.808203 0.221535 0 0 0 0 
0.824619 0.230589 0 0 0 0 
0.841035 0.239642 0 0 0 0 
0.857451 0.248696 0 0 0 0 
0.873867 0.257749 0 0 0 0 
0.810148 0.242507 0 0 0 0 
0.826564 0.251561 0 0 0 0 
0.84298 0.260614 0 0 0 0 
0.859396 0.269668 0 0 0 0 
0.812093 0.263479 0 0 0 0 
0.828509 0.272532 0 0 0 0 
0.844925 0.281586 0 0 0 0 
0.814038 0.284451 0 0 0 0 
0.830454 0.293504 0 0 0 0 
0.815983 0.305422 0 0 0 0 
1 2 6
2 7 6
2 3 7
3 8 7
3 4 8
4 9 8
4 5 9
6 7 10
7 11 10
7 8 11
8 12 11
8 9 12
10 11 13
11 14 13
11 12 14
13 14 15
ZONE N=15, E=16, F=FEPOINT, ET=TRIANGLE
0.738561 0.175323 0 0 0 0 
0.751446 0.165926 0 0 0 0 
0.764331 0.15653 0 0 0 0 
0.777215 0.147134 0 0 0 0 
0.7901 0.137737 0 0 0 0 
0.755972 0.186876 0 0 0 0 
0.768856 0.17748 0 0 0 0 
0.781741 0.168083 0 0 0 0 
0.794626 0.158687 0 0 0 0 
0.773382 0.198429 0 0 0 0 
0.786267 0.189033 0 0 0 0 
0.799151 0.179636 0 0 0 0 
0.790792 0.209982 0 0 0 0 
0.803677 0.200586 0 0 0 0 
0.808203 0.221535 0 0 0 0 
1 2 6
2 7 6
2 3 7
3 8 7
3 4 8
4 9 8
4 5 9
6 7 10
7 11 10
7 8 11
8 12 11
8 9 12
10 11 13
11 14 13
11 12 14
13 14 15
ZONE N=15, E=16, F=FEPOINT, ET=TRIANGLE
0.873867 0.257749 0 0 0 0 
0.857451 0.248696 0 0 0 0 
0.841035 0.239642 0 0 0 0 
0.824619 0.230589 0 0 0 0 
0.808203 0.221535 0 0 0 0 
0.879747 0.242646 0 0 0 0 
0.863331 0.233592 0 0 0 0 
0.846915 0.224539 0 0 0 0 
0.830499 0.215485 0 0 0 0 
0.885626 0.227542 0 0 0 0 
0.86921 0.218488 0 0 0 0 
0.852794 0.209435 0 0 0 0 
0.891506 0.212438 0 0 0 0 
0.87509 0.203384 0 0 0 0 
0.897385 0.197334 0 0 0 0 
1 2 6
2 7 6
2 3 7
3 8 7
3 4 8
4 9 8
4 5 9
6 7 10
7 11 10
7 8 11
8 12 11
8 9 12
10 11 13
11 14 13
11 12 14
13 14 15
ZONE N=15, E=16, F=FEPOINT, ET=TRIANGLE
0.683135 0.209909 0 0 0 0 
0.673782 0.196519 0 0 0 0 
0.664429 0.183129 0 0 0 0 
0.655076 0.169739 0 0 0 0 
0.645723 0.15635 0 0 0 0 
0.696992 0.201263 0 0 0 0 
0.687639 0.187873 0 0 0 0 
0.678286 0.174483 0 0 0 0 
0.668933 0.161093 0 0 0 0 
0.710848 0.192616 0 0 0 0 
0.701495 0.179226 0 0 0 0 
0.692142 0.165836 0 0 0 0 
0.724705 0.183969 0 0 0 0 
0.715352 0.170579 0 0 0 0 
0.738561 0.175323 0 0 0 0 
1 2 6
2 7 6
2 3 7
3 8 7
3 4 8
4 9 8
4 5 9
6 7 10
7 11 10
7 8 11
8 12 11
8 9 12
10 11 13
11 14 13
11 12 14
13 14 15
ZONE N=15, E=16, F=FEPOINT, ET=TRIANGLE
0.738561 0.175323 0 0 0 0 
0.738863 0.198872 0 0 0 0 
0.739165 0.222421 0 0 0 0 
0.739468 0.24597 0 0 0 0 
0.73977 0.269519 0 0 0 0 
0.724705 0.183969 0 0 0 0 
0.725007 0.207518 0 0 0 0 
0.725309 0.231068 0 0 0 0 
0.725611 0.254617 0 0 0 0 
0.710848 0.192616 0 0 0 0 
0.71115 0.216165 0 0 0 0 
0.711452 0.239714 0 0 0 0 
0.696992 0.201263 0 0 0 0 
0.697294 0.224812 0 0 0 0 
0.683135 0.209909 0 0 0 0 
1 2 6
2 7 6
2 3 7
3 8 7
3 4 8
4 9 8
4 5 9
6 7 10
7 11 10
7 8 11
8 12 11
8 9 12
10 11 13
11 14 13
11 12 14
13 14 15
ZONE N=15, E=16, F=FEPOINT, ET=TRIANGLE
0.739533 -0.0985871 0 0 0 0 
0.755088 -0.114436 0 0 0 0 
0.770642 -0.130284 0 0 0 0 
0.786197 -0.146133 0 0 0 0 
0.801751 -0.161981 0 0 0 0 
0.75395 -0.0922585 0 0 0 0 
0.769505 -0.108107 0 0 0 0 
0.785059 -0.123955 0 0 0 0 
0.800614 -0.139804 0 0 0 0 
0.768368 -0.0859299 0 0 0 0 
0.783922 -0.101778 0 0 0 0 
0.799477 -0.117627 0 0 0 0 
0.782785 -0.0796013 0 0 0 0 
0.798339 -0.0954498 0 0 0 0 
0.797202 -0.0732727 0 0 0 0 
1 2 6
2 7 6
2 3 7
3 8 7
3 4 8
4 9 8
4 5 9
6 7 10
7 11 10
7 8 11
8 12 11
8 9 12
10 11 13
11 14 13
11 12 14
13 14 15
ZONE N=15, E=16, F=FEPOINT, ET=TRIANGLE
0.995185 0.0980171 0 0 0 0 
0.971774 0.0735024 0 0 0 0 
0.948363 0.0489876 0 0 0 0 
0.924952 0.0244729 0 0 0 0 
0.901541 -4.18676e-05 0 0 0 0 
0.99729 0.0735646 0 0 0 0 
0.973579 0.0490301 0 0 0 0 
0.949867 0.0244981 0 0 0 0 
0.926155 -3.14007e-05 0 0 0 0 
0.998795 0.0490677 0 0 0 0 
0.974783 0.0245209 0 0 0 0 
0.95077 -2.09338e-05 0 0 0 0 
0.999699 0.0245412 0 0 0 0 
0.975385 -1.04669e-05 0 0 0 0 
1 -2.44928e-16 0 0 0 0 
1 2 6
2 7 6
2 3 7
3 8 7
3 4 8
4 9 8
4 5 9
6 7 10
7 11 10
7 8 11
8 12 11
8 9 12
10 11 13
11 14 13
11 12 14
13 14 15
ZONE N=15, E=16, F=FEPOINT, ET=TRIANGLE
0.757334 0.0830078 0 0 0 0 
0.776942 0.080562 0 0 0 0 
0.79655 0.0781162 0 0 0 0 
0.816158 0.0756704 0 0 0 0 
0.835766 0.0732246 0 0 0 0 
0.765526 0.0966902 0 0 0 0 
0.785134 0.0942444 0 0 0 0 
0.804742 0.0917986 0 0 0 0 
0.82435 0.0893528 0 0 0 0 
0.773717 0.110373 0 0 0 0 
0.793325 0.107927 0 0 0 0 
0.812933 0.105481 0 0 0 0 
0.781909 0.124055 0 0 0 0 
0.801517 0.121609 0 0 0 0 
0.7901 0.137737 0 0 0 0 
1 2 6
2 7 6
2 3 7
3 8 7
3 4 8
4 9 8
4 5 9
6 7 10
7 11 10
7 8 11
8 12 11
8 9 12
10 11 13
11 14 13
11 12 14
13 14 15
ZONE N=15, E=16, F=FEPOINT, ET=TRIANGLE
0.852609 0.150449 0 0 0 0 
0.841507 0.16822 0 0 0 0 
0.830406 0.185992 0 0 0 0 
0.819304 0.203764 0 0 0 0 
0.808203 0.221535 0 0 0 0 
0.836982 0.147271 0 0 0 0 
0.82588 0.165043 0 0 0 0 
0.814779 0.182814 0 0 0 0 
0.803677 0.200586 0 0 0 0 
0.821354 0.144093 0 0 0 0 
0.810253 0.161865 0 0 0 0 
0.799151 0.179636 0 0 0 0 
0.805727 0.140915 0 0 0 0 
0.794626 0.158687 0 0 0 0 
0.7901 0.137737 0 0 0 0 
1 2 6
2 7 6
2 3 7
3 8 7
3 4 8
4 9 8
4 5 9
6 7 10
7 11 10
7 8 11
8 12 11
8 9 12
10 11 13
11 14 13
11 12 14
13 14 15
ZONE N=15, E=16, F=FEPOINT, ET=TRIANGLE
0.757334 0.0830078 0 0 0 0 
0.764346 0.059403 0 0 0 0 
0.771359 0.0357981 0 0 0 0 
0.778371 0.0121933 0 0 0 0 
0.785383 -0.0114116 0 0 0 0 
0.776942 0.080562 0 0 0 0 
0.783954 0.0569572 0 0 0 0 
0.790966 0.0333523 0 0 0 0 
0.797979 0.00974746 0 0 0 0 
0.79655 0.0781162 0 0 0 0 
0.803562 0.0545114 0 0 0 0 
0.810574 0.0309065 0 0 0 0 
0.816158 0.0756704 0 0 0 0 
0.82317 0.0520655 0 0 0 0 
0.835766 0.0732246 0 0 0 0 
1 2 6
2 7 6
2 3 7
3 8 7
3 4 8
4 9 8
4 5 9
6 7 10
7 11 10
7 8 11
8 12 11
8 9 12
10 11 13
11 14 13
11 12 14
13 14 15
ZONE N=15, E=16, F=FEPOINT, ET=TRIANGLE
0.906226 0.0983061 0 0 0 0 
0.924866 0.122502 0 0 0 0 
0.943505 0.146698 0 0 0 0 
0.962145 0.170894 0 0 0 0 
0.980785 0.19509 0 0 0 0 
0.904016 0.123063 0 0 0 0 
0.922656 0.147259 0 0 0 0 
0.941295 0.171455 0 0 0 0 
0.959935 0.195651 0 0 0 0 
0.901806 0.14782 0 0 0 0 
0.920445 0.172016 0 0 0 0 
0.939085 0.196212 0 0 0 0 
0.899596 0.172577 0 0 0 0 
0.918235 0.196773 0 0 0 0 
0.897385 0.197334 0 0 0 0 
1 2 6
2 7 6
2 3 7
3 8 7
3 4 8
4 9 8
4 5 9
6 7 10
7 11 10
7 8 11
8 12 11
8 9 12
10 11 13
11 14 13
11 12 14
13 14 15
ZONE N=15, E=16, F=FEPOINT, ET=TRIANGLE
0.757334 0.0830078 0 0 0 0 
0.749628 0.0678748 0 0 0 0 
0.741923 0.0527417 0 0 0 0 
0.734217 0.0376086 0 0 0 0 
0.726511 0.0224755 0 0 0 0 
0.764346 0.059403 0 0 0 0 
0.756641 0.0442699 0 0 0 0 
0.748935 0.0291368 0 0 0 0 
0.741229 0.0140037 0 0 0 0 
0.771359 0.0357981 0 0 0 0 
0.763653 0.020665 0 0 0 0 
0.755947 0.00553197 0 0 0 0 
0.778371 0.0121933 0 0 0 0 
0.770665 -0.00293981 0 0 0 0 
0.785383 -0.0114116 0 0 0 0 
1 2 6
2 7 6
2 3 7
3 8 7
3 4 8
4 9 8
4 5 9
6 7 10
7 11 10
7 8 11
8 12 11
8 9 12
10 11 13
11 14 13
11 12 14
13 14 15
ZONE N=15, E=16, F=FEPOINT, ET=TRIANGLE
0.79656 -0.267203 0 0 0 0 
0.805548 -0.289276 0 0 0 0 
0.814535 -0.311348 0 0 0 0 
0.823523 -0.33342 0 0 0 0 
0.832511 -0.355493 0 0 0 0 
0.81537 -0.274303 0 0 0 0 
0.824357 -0.296375 0 0 0 0 
0.833345 -0.318447 0 0 0 0 
0.842333 -0.34052 0 0 0 0 
0.834179 -0.281402 0 0 0 0 
0.843167 -0.303474 0 0 0 0 
0.852155 -0.325547 0 0 0 0 
0.852989 -0.288501 0 0 0 0 
0.861977 -0.310574 0 0 0 0 
0.871798 -0.295601 0 0 0 0 
1 2 6
2 7 6
2 3 7
3 8 7
3 4 8
4 9 8
4 5 9
6 7 10
7 11 10
7 8 11
8 12 11
8 9 12
10 11 13
11 14 13
11 12 14
13 14 15
ZONE N=15, E=16, F=FEPOINT, ET=TRIANGLE
0.901541 -4.18676e-05 0 0 0 0 
0.902712 0.0245451 0 0 0 0 
0.903883 0.0491321 0 0 0 0 
0.905054 0.0737191 0 0 0 0 
0.906226 0.0983061 0 0 0 0 
0.885097 0.0182747 0 0 0 0 
0.886268 0.0428617 0 0 0 0 
0.887439 0.0674487 0 0 0 0 
0.888611 0.0920357 0 0 0 0 
0.868653 0.0365914 0 0 0 0 
0.869825 0.0611783 0 0 0 0 
0.870996 0.0857653 0 0 0 0 
0.85221 0.054908 0 0 0 0 
0.853381 0.079495 0 0 0 0 
0.835766 0.0732246 0 0 0 0 
1 2 6
2 7 6
2 3 7
3 8 7
3 4 8
4 9 8
4 5 9
6 7 10
7 11 10
7 8 11
8 12 11
8 9 12
10 11 13
11 14 13
11 12 14
13 14 15
ZONE N=15, E=16, F=FEPOINT, ET=TRIANGLE
0.901541 -4.18676e-05 0 0 0 0 
0.924952 0.0244729 0 0 0 0 
0.948363 0.0489876 0 0 0 0 
0.971774 0.0735024 0 0 0 0 
0.995185 0.0980171 0 0 0 0 
0.902712 0.0245451 0 0 0 0 
0.926123 0.0490599 0 0 0 0 
0.949534 0.0735746 0 0 0 0 
0.972945 0.0980894 0 0 0 0 
0.903883 0.0491321 0 0 0 0 
0.927294 0.0736468 0 0 0 0 
0.950705 0.0981616 0 0 0 0 
0.905054 0.0737191 0 0 0 0 
0.928465 0.0982338 0 0 0 0 
0.906226 0.0983061 0 0 0 0 
1 2 6
2 7 6
2 3 7
3 8 7
3 4 8
4 9 8
4 5 9
6 7 10
7 11 10
7 8 11
8 12 11
8 9 12
10 11 13
11 14 13
11 12 14
13 14 15
ZONE N=15, E=16, F=FEPOINT, ET=TRIANGLE
0.995185 0.0980171 0 0 0 0 
0.99248 0.122411 0 0 0 0 
0.989177 0.14673 0 0 0 0 
0.985278 0.170962 0 0 0 0 
0.980785 0.19509 0 0 0 0 
0.972945 0.0980894 0 0 0 0 
0.969941 0.122444 0 0 0 0 
0.966341 0.146717 0 0 0 0 
0.962145 0.170894 0 0 0 0 
0.950705 0.0981616 0 0 0 0 
0.947403 0.122474 0 0 0 0 
0.943505 0.146698 0 0 0 0 
0.928465 0.0982338 0 0 0 0 
0.924866 0.122502 0 0 0 0 
0.906226 0.0983061 0 0 0 0 
1 2 6
2 7 6
2 3 7
3 8 7
3 4 8
4 9 8
4 5 9
6 7 10
7 11 10
7 8 11
8 12 11
8 9 12
10 11 13
11 14 13
11 12 14
13 14 15
ZONE N=15, E=16, F=FEPOINT, ET=TRIANGLE
0.797202 -0.0732727 0 0 0 0 
0.809407 -0.0629259 0 0 0 0 
0.821612 -0.0525791 0 0 0 0 
0.833817 -0.0422323 0 0 0 0 
0.846022 -0.0318855 0 0 0 0 
0.794247 -0.0578075 0 0 0 0 
0.806452 -0.0474607 0 0 0 0 
0.818657 -0.0371138 0 0 0 0 
0.830862 -0.026767 0 0 0 0 
0.791292 -0.0423422 0 0 0 0 
0.803497 -0.0319954 0 0 0 0 
0.815702 -0.0216486 0 0 0 0 
0.788338 -0.0268769 0 0 0 0 
0.800543 -0.0165301 0 0 0 0 
0.785383 -0.0114116 0 0 0 0 
1 2 6
2 7 6
2 3 7
3 8 7
3 4 8
4 9 8
4 5 9
6 7 10
7 11 10
7 8 11
8 12 11
8 9 12
10 11 13
11 14 13
11 12 14
13 14 15
ZONE N=15, E=16, F=FEPOINT, ET=TRIANGLE
0.739533 -0.0985871 0 0 0 0 
0.75395 -0.0922585 0 0 0 0 
0.768368 -0.0859299 0 0 0 0 
0.782785 -0.0796013 0 0 0 0 
0.797202 -0.0732727 0 0 0 0 
0.750996 -0.0767932 0 0 0 0 
0.765413 -0.0704646 0 0 0 0 
0.77983 -0.064136 0 0 0 0 
0.794247 -0.0578075 0 0 0 0 
0.762458 -0.0549994 0 0 0 0 
0.776875 -0.0486708 0 0 0 0 
0.791292 -0.0423422 0 0 0 0 
0.77392 -0.0332055 0 0 0 0 
0.788338 -0.0268769 0 0 0 0 
0.785383 -0.0114116 0 0 0 0 
1 2 6
2 7 6
2 3 7
3 8 7
3 4 8
4 9 8
4 5 9
6 7 10
7 11 10
7 8 11
8 12 11
8 9 12
10 11 13
11 14 13
11 12 14
13 14 15
ZONE N=15, E=16, F=FEPOINT, ET=TRIANGLE
0.757334 0.0830078 0 0 0 0 
0.739626 0.0864584 0 0 0 0 
0.721918 0.089909 0 0 0 0 
0.70421 0.0933596 0 0 0 0 
0.686501 0.0968102 0 0 0 0 
0.749628 0.0678748 0 0 0 0 
0.73192 0.0713253 0 0 0 0 
0.714212 0.0747759 0 0 0 0 
0.696504 0.0782265 0 0 0 0 
0.741923 0.0527417 0 0 0 0 
0.724214 0.0561923 0 0 0 0 
0.706506 0.0596429 0 0 0 0 
0.734217 0.0376086 0 0 0 0 
0.716509 0.0410592 0 0 0 0 
0.726511 0.0224755 0 0 0 0 
1 2 6
2 7 6
2 3 7
3 8 7
3 4 8
4 9 8
4 5 9
6 7 10
7 11 10
7 8 11
8 12 11
8 9 12
10 11 13
11 14 13
11 12 14
13 14 15
ZONE N=15, E=16, F=FEPOINT, ET=TRIANGLE
0.726511 0.0224755 0 0 0 0 
0.713866 0.0111394 0 0 0 0 
0.701222 -0.00019682 0 0 0 0 
0.688578 -0.011533 0 0 0 0 
0.675933 -0.0228692 0 0 0 0 
0.741229 0.0140037 0 0 0 0 
0.728584 0.00266757 0 0 0 0 
0.71594 -0.0086686 0 0 0 0 
0.703296 -0.0200048 0 0 0 0 
0.755947 0.00553197 0 0 0 0 
0.743302 -0.00580421 0 0 0 0 
0.730658 -0.0171404 0 0 0 0 
0.770665 -0.00293981 0 0 0 0 
0.75802 -0.014276 0 0 0 0 
0.785383 -0.0114116 0 0 0 0 
1 2 6
2 7 6
2 3 7
3 8 7
3 4 8
4 9 8
4 5 9
6 7 10
7 11 10
7 8 11
8 12 11
8 9 12
10 11 13
11 14 13
11 12 14
13 14 15
ZONE N=15, E=16, F=FEPOINT, ET=TRIANGLE
0.901541 -4.18676e-05 0 0 0 0 
0.885097 0.0182747 0 0 0 0 
0.868653 0.0365914 0 0 0 0 
0.85221 0.054908 0 0 0 0 
0.835766 0.0732246 0 0 0 0 
0.887661 -0.00800278 0 0 0 0 
0.871217 0.0103138 0 0 0 0 
0.854774 0.0286305 0 0 0 0 
0.83833 0.0469471 0 0 0 0 
0.873781 -0.0159637 0 0 0 0 
0.857338 0.00235292 0 0 0 0 
0.840894 0.0206695 0 0 0 0 
0.859902 -0.0239246 0 0 0 0 
0.843458 -0.00560799 0 0 0 0 
0.846022 -0.0318855 0 0 0 0 
1 2 6
2 7 6
2 3 7
3 8 7
3 4 8
4 9 8
4 5 9
6 7 10
7 11 10
7 8 11
8 12 11
8 9 12
10 11 13
11 14 13
11 12 14
13 14 15
ZONE N=15, E=16, F=FEPOINT, ET=TRIANGLE
0.920545 -0.0650585 0 0 0 0 
0.915794 -0.0488044 0 0 0 0 
0.911043 -0.0325502 0 0 0 0 
0.906292 -0.016296 0 0 0 0 
0.901541 -4.18676e-05 0 0 0 0 
0.901914 -0.0567653 0 0 0 0 
0.897163 -0.0405111 0 0 0 0 
0.892412 -0.0242569 0 0 0 0 
0.887661 -0.00800278 0 0 0 0 
0.883283 -0.048472 0 0 0 0 
0.878532 -0.0322179 0 0 0 0 
0.873781 -0.0159637 0 0 0 0 
0.864653 -0.0401788 0 0 0 0 
0.859902 -0.0239246 0 0 0 0 
0.846022 -0.0318855 0 0 0 0 
1 2 6
2 7 6
2 3 7
3 8 7
3 4 8
4 9 8
4 5 9
6 7 10
7 11 10
7 8 11
8 12 11
8 9 12
10 11 13
11 14 13
11 12 14
13 14 15
ZONE N=15, E=16, F=FEPOINT, ET=TRIANGLE
0.801751 -0.161981 0 0 0 0 
0.786197 -0.146133 0 0 0 0 
0.770642 -0.130284 0 0 0 0 
0.755088 -0.114436 0 0 0 0 
0.739533 -0.0985871 0 0 0 0 
0.781178 -0.170339 0 0 0 0 
0.765623 -0.15449 0 0 0 0 
0.750069 -0.138642 0 0 0 0 
0.734514 -0.122793 0 0 0 0 
0.760604 -0.178697 0 0 0 0 
0.74505 -0.162848 0 0 0 0 
0.729496 -0.147 0 0 0 0 
0.740031 -0.187055 0 0 0 0 
0.724477 -0.171206 0 0 0 0 
0.719458 -0.195412 0 0 0 0 
1 2 6
2 7 6
2 3 7
3 8 7
3 4 8
4 9 8
4 5 9
6 7 10
7 11 10
7 8 11
8 12 11
8 9 12
10 11 13
11 14 13
11 12 14
13 14 15
ZONE N=15, E=16, F=FEPOINT, ET=TRIANGLE
0.719458 -0.195412 0 0 0 0 
0.738733 -0.21336 0 0 0 0 
0.758009 -0.231308 0 0 0 0 
0.777284 -0.249255 0 0 0 0 
0.79656 -0.267203 0 0 0 0 
0.740031 -0.187055 0 0 0 0 
0.759307 -0.205002 0 0 0 0 
0.778582 -0.22295 0 0 0 0 
0.797858 -0.240898 0 0 0 0 
0.760604 -0.178697 0 0 0 0 
0.77988 -0.196644 0 0 0 0 
0.799156 -0.214592 0 0 0 0 
0.781178 -0.170339 0 0 0 0 
0.800453 -0.188287 0 0 0 0 
0.801751 -0.161981 0 0 0 0 
1 2 6
2 7 6
2 3 7
3 8 7
3 4 8
4 9 8
4 5 9
6 7 10
7 11 10
7 8 11
8 12 11
8 9 12
10 11 13
11 14 13
11 12 14
13 14 15
ZONE N=15, E=16, F=FEPOINT, ET=TRIANGLE
0.92388 -0.382683 0 0 0 0 
0.910859 -0.360913 0 0 0 0 
0.897839 -0.339142 0 0 0 0 
0.884819 -0.317371 0 0 0 0 
0.871798 -0.295601 0 0 0 0 
0.901037 -0.375886 0 0 0 0 
0.888017 -0.354115 0 0 0 0 
0.874997 -0.332344 0 0 0 0 
0.861977 -0.310574 0 0 0 0 
0.878195 -0.369088 0 0 0 0 
0.865175 -0.347317 0 0 0 0 
0.852155 -0.325547 0 0 0 0 
0.855353 -0.362291 0 0 0 0 
0.842333 -0.34052 0 0 0 0 
0.832511 -0.355493 0 0 0 0 
1 2 6
2 7 6
2 3 7
3 8 7
3 4 8
4 9 8
4 5 9
6 7 10
7 11 10
7 8 11
8 12 11
8 9 12
10 11 13
11 14 13
11 12 14
13 14 15
ZONE N=15, E=16, F=FEPOINT, ET=TRIANGLE
0.873536 -0.113829 0 0 0 0 
0.854453 -0.10369 0 0 0 0 
0.835369 -0.0935508 0 0 0 0 
0.816286 -0.0834118 0 0 0 0 
0.797202 -0.0732727 0 0 0 0 
0.85559 -0.125867 0 0 0 0 
0.836507 -0.115728 0 0 0 0 
0.817423 -0.105589 0 0 0 0 
0.798339 -0.0954498 0 0 0 0 
0.837644 -0.137905 0 0 0 0 
0.81856 -0.127766 0 0 0 0 
0.799477 -0.117627 0 0 0 0 
0.819697 -0.149943 0 0 0 0 
0.800614 -0.139804 0 0 0 0 
0.801751 -0.161981 0 0 0 0 
1 2 6
2 7 6
2 3 7
3 8 7
3 4 8
4 9 8
4 5 9
6 7 10
7 11 10
7 8 11
8 12 11
8 9 12
10 11 13
11 14 13
11 12 14
13 14 15
ZONE N=15, E=16, F=FEPOINT, ET=TRIANGLE
0.846022 -0.0318855 0 0 0 0 
0.833817 -0.0422323 0 0 0 0 
0.821612 -0.0525791 0 0 0 0 
0.809407 -0.0629259 0 0 0 0 
0.797202 -0.0732727 0 0 0 0 
0.852901 -0.0523714 0 0 0 0 
0.840696 -0.0627182 0 0 0 0 
0.828491 -0.073065 0 0 0 0 
0.816286 -0.0834118 0 0 0 0 
0.859779 -0.0728572 0 0 0 0 
0.847574 -0.083204 0 0 0 0 
0.835369 -0.0935508 0 0 0 0 
0.866658 -0.0933431 0 0 0 0 
0.854453 -0.10369 0 0 0 0 
0.873536 -0.113829 0 0 0 0 
1 2 6
2 7 6
2 3 7
3 8 7
3 4 8
4 9 8
4 5 9
6 7 10
7 11 10
7 8 11
8 12 11
8 9 12
10 11 13
11 14 13
11 12 14
13 14 15
ZONE N=15, E=16, F=FEPOINT, ET=TRIANGLE
0.846022 -0.0318855 0 0 0 0 
0.843458 -0.00560799 0 0 0 0 
0.840894 0.0206695 0 0 0 0 
0.83833 0.0469471 0 0 0 0 
0.835766 0.0732246 0 0 0 0 
0.830862 -0.026767 0 0 0 0 
0.828298 -0.000489508 0 0 0 0 
0.825734 0.025788 0 0 0 0 
0.82317 0.0520655 0 0 0 0 
0.815702 -0.0216486 0 0 0 0 
0.813138 0.00462897 0 0 0 0 
0.810574 0.0309065 0 0 0 0 
0.800543 -0.0165301 0 0 0 0 
0.797979 0.00974746 0 0 0 0 
0.785383 -0.0114116 0 0 0 0 
1 2 6
2 7 6
2 3 7
3 8 7
3 4 8
4 9 8
4 5 9
6 7 10
7 11 10
7 8 11
8 12 11
8 9 12
10 11 13
11 14 13
11 12 14
13 14 15
ZONE N=15, E=16, F=FEPOINT, ET=TRIANGLE
0.719458 -0.195412 0 0 0 0 
0.722146 -0.21185 0 0 0 0 
0.724833 -0.228288 0 0 0 0 
0.727521 -0.244727 0 0 0 0 
0.730209 -0.261165 0 0 0 0 
0.738733 -0.21336 0 0 0 0 
0.741421 -0.229798 0 0 0 0 
0.744109 -0.246236 0 0 0 0 
0.746797 -0.262674 0 0 0 0 
0.758009 -0.231308 0 0 0 0 
0.760697 -0.247746 0 0 0 0 
0.763384 -0.264184 0 0 0 0 
0.777284 -0.249255 0 0 0 0 
0.779972 -0.265693 0 0 0 0 
0.79656 -0.267203 0 0 0 0 
1 2 6
2 7 6
2 3 7
3 8 7
3 4 8
4 9 8
4 5 9
6 7 10
7 11 10
7 8 11
8 12 11
8 9 12
10 11 13
11 14 13
11 12 14
13 14 15
ZONE N=15, E=16, F=FEPOINT, ET=TRIANGLE
0.920545 -0.0650585 0 0 0 0 
0.940409 -0.0487939 0 0 0 0 
0.960272 -0.0325293 0 0 0 0 
0.980136 -0.0162646 0 0 0 0 
1 -2.44929e-16 0 0 0 0 
0.915794 -0.0488044 0 0 0 0 
0.935657 -0.0325397 0 0 0 0 
0.955521 -0.0162751 0 0 0 0 
0.975385 -1.04669e-05 0 0 0 0 
0.911043 -0.0325502 0 0 0 0 
0.930906 -0.0162856 0 0 0 0 
0.95077 -2.09338e-05 0 0 0 0 
0.906292 -0.016296 0 0 0 0 
0.926155 -3.14007e-05 0 0 0 0 
0.901541 -4.18676e-05 0 0 0 0 
1 2 6
2 7 6
2 3 7
3 8 7
3 4 8
4 9 8
4 5 9
6 7 10
7 11 10
7 8 11
8 12 11
8 9 12
10 11 13
11 14 13
11 12 14
13 14 15
ZONE N=15, E=16, F=FEPOINT, ET=TRIANGLE
0.741239 -0.327978 0 0 0 0 
0.764057 -0.334857 0 0 0 0 
0.786875 -0.341735 0 0 0 0 
0.809693 -0.348614 0 0 0 0 
0.832511 -0.355493 0 0 0 0 
0.75507 -0.312784 0 0 0 0 
0.777887 -0.319663 0 0 0 0 
0.800705 -0.326542 0 0 0 0 
0.823523 -0.33342 0 0 0 0 
0.7689 -0.297591 0 0 0 0 
0.791718 -0.304469 0 0 0 0 
0.814535 -0.311348 0 0 0 0 
0.78273 -0.282397 0 0 0 0 
0.805548 -0.289276 0 0 0 0 
0.79656 -0.267203 0 0 0 0 
1 2 6
2 7 6
2 3 7
3 8 7
3 4 8
4 9 8
4 5 9
6 7 10
7 11 10
7 8 11
8 12 11
8 9 12
10 11 13
11 14 13
11 12 14
13 14 15
ZONE N=15, E=16, F=FEPOINT, ET=TRIANGLE
0.224407 0.600011 0 0 0 0 
0.236697 0.571153 0 0 0 0 
0.248987 0.542295 0 0 0 0 
0.261277 0.513437 0 0 0 0 
0.273567 0.484579 0 0 0 0 
0.241346 0.596964 0 0 0 0 
0.253636 0.568106 0 0 0 0 
0.265926 0.539248 0 0 0 0 
0.278216 0.51039 0 0 0 0 
0.258286 0.593917 0 0 0 0 
0.270576 0.565059 0 0 0 0 
0.282866 0.536201 0 0 0 0 
0.275225 0.590869 0 0 0 0 
0.287515 0.562011 0 0 0 0 
0.292164 0.587822 0 0 0 0 
1 2 6
2 7 6
2 3 7
3 8 7
3 4 8
4 9 8
4 5 9
6 7 10
7 11 10
7 8 11
8 12 11
8 9 12
10 11 13
11 14 13
11 12 14
13 14 15
ZONE N=15, E=16, F=FEPOINT, ET=TRIANGLE
0.995185 -0.0980171 0 0 0 0 
0.964773 -0.10197 0 0 0 0 
0.934361 -0.105923 0 0 0 0 
0.903949 -0.109876 0 0 0 0 
0.873536 -0.113829 0 0 0 0 
0.99248 -0.122411 0 0 0 0 
0.961769 -0.126324 0 0 0 0 
0.931059 -0.130236 0 0 0 0 
0.900349 -0.134144 0 0 0 0 
0.989177 -0.14673 0 0 0 0 
0.958168 -0.150597 0 0 0 0 
0.927161 -0.15446 0 0 0 0 
0.985278 -0.170962 0 0 0 0 
0.953973 -0.174775 0 0 0 0 
0.980785 -0.19509 0 0 0 0 
1 2 6
2 7 6
2 3 7
3 8 7
3 4 8
4 9 8
4 5 9
6 7 10
7 11 10
7 8 11
8 12 11
8 9 12
10 11 13
11 14 13
11 12 14
13 14 15
ZONE N=15, E=16, F=FEPOINT, ET=TRIANGLE
0.337603 0.536101 0 0 0 0 
0.352472 0.546249 0 0 0 0 
0.367341 0.556397 0 0 0 0 
0.382211 0.566544 0 0 0 0 
0.39708 0.576692 0 0 0 0 
0.326243 0.549031 0 0 0 0 
0.341112 0.559179 0 0 0 0 
0.355982 0.569327 0 0 0 0 
0.370851 0.579475 0 0 0 0 
0.314884 0.561962 0 0 0 0 
0.329753 0.572109 0 0 0 0 
0.344622 0.582257 0 0 0 0 
0.303524 0.574892 0 0 0 0 
0.318393 0.58504 0 0 0 0 
0.292164 0.587822 0 0 0 0 
1 2 6
2 7 6
2 3 7
3 8 7
3 4 8
4 9 8
4 5 9
6 7 10
7 11 10
7 8 11
8 12 11
8 9 12
10 11 13
11 14 13
11 12 14
13 14 15
ZONE N=15, E=16, F=FEPOINT, ET=TRIANGLE
-0.0791142 0.654732 0 0 0 0 
-0.062745 0.648295 0 0 0 0 
-0.0463758 0.641859 0 0 0 0 
-0.0300066 0.635422 0 0 0 0 
-0.0136373 0.628985 0 0 0 0 
-0.0747802 0.672669 0 0 0 0 
-0.058411 0.666232 0 0 0 0 
-0.0420417 0.659796 0 0 0 0 
-0.0256725 0.653359 0 0 0 0 
-0.0704461 0.690606 0 0 0 0 
-0.0540769 0.68417 0 0 0 0 
-0.0377077 0.677733 0 0 0 0 
-0.0661121 0.708543 0 0 0 0 
-0.0497429 0.702107 0 0 0 0 
-0.0617781 0.726481 0 0 0 0 
1 2 6
2 7 6
2 3 7
3 8 7
3 4 8
4 9 8
4 5 9
6 7 10
7 11 10
7 8 11
8 12 11
8 9 12
10 11 13
11 14 13
11 12 14
13 14 15
ZONE N=15, E=16, F=FEPOINT, ET=TRIANGLE
0.00848944 0.749083 0 0 0 0 
-0.00936573 0.76394 0 0 0 0 
-0.0272209 0.778797 0 0 0 0 
-0.0450761 0.793654 0 0 0 0 
-0.0629312 0.80851 0 0 0 0 
-0.00907744 0.743432 0 0 0 0 
-0.0269326 0.758289 0 0 0 0 
-0.0447878 0.773146 0 0 0 0 
-0.062643 0.788003 0 0 0 0 
-0.0266443 0.737782 0 0 0 0 
-0.0444995 0.752639 0 0 0 0 
-0.0623547 0.767496 0 0 0 0 
-0.0442112 0.732131 0 0 0 0 
-0.0620664 0.746988 0 0 0 0 
-0.0617781 0.726481 0 0 0 0 
1 2 6
2 7 6
2 3 7
3 8 7
3 4 8
4 9 8
4 5 9
6 7 10
7 11 10
7 8 11
8 12 11
8 9 12
10 11 13
11 14 13
11 12 14
13 14 15
ZONE N=15, E=16, F=FEPOINT, ET=TRIANGLE
0.113323 0.871812 0 0 0 0 
0.142224 0.879082 0 0 0 0 
0.171125 0.886352 0 0 0 0 
0.200026 0.893622 0 0 0 0 
0.228927 0.900892 0 0 0 0 
0.118877 0.886712 0 0 0 0 
0.147778 0.893982 0 0 0 0 
0.176679 0.901252 0 0 0 0 
0.20558 0.908522 0 0 0 0 
0.124432 0.901612 0 0 0 0 
0.153333 0.908882 0 0 0 0 
0.182234 0.916152 0 0 0 0 
0.129986 0.916511 0 0 0 0 
0.158888 0.923781 0 0 0 0 
0.135541 0.931411 0 0 0 0 
1 2 6
2 7 6
2 3 7
3 8 7
3 4 8
4 9 8
4 5 9
6 7 10
7 11 10
7 8 11
8 12 11
8 9 12
10 11 13
11 14 13
11 12 14
13 14 15
ZONE N=15, E=16, F=FEPOINT, ET=TRIANGLE
0.0720415 0.921143 0 0 0 0 
0.0879164 0.92371 0 0 0 0 
0.103791 0.926277 0 0 0 0 
0.119666 0.928844 0 0 0 0 
0.135541 0.931411 0 0 0 0 
0.0785354 0.939653 0 0 0 0 
0.0944103 0.94222 0 0 0 0 
0.110285 0.944787 0 0 0 0 
0.12616 0.947355 0 0 0 0 
0.0850293 0.958164 0 0 0 0 
0.100904 0.960731 0 0 0 0 
0.116779 0.963298 0 0 0 0 
0.0915232 0.976674 0 0 0 0 
0.107398 0.979241 0 0 0 0 
0.0980171 0.995185 0 0 0 0 
1 2 6
2 7 6
2 3 7
3 8 7
3 4 8
4 9 8
4 5 9
6 7 10
7 11 10
7 8 11
8 12 11
8 9 12
10 11 13
11 14 13
11 12 14
13 14 15
ZONE N=15, E=16, F=FEPOINT, ET=TRIANGLE
0.135541 0.931411 0 0 0 0 
0.150428 0.943755 0 0 0 0 
0.165316 0.956098 0 0 0 0 
0.180203 0.968442 0 0 0 0 
0.19509 0.980785 0 0 0 0 
0.12616 0.947355 0 0 0 0 
0.141092 0.959996 0 0 0 0 
0.156026 0.972637 0 0 0 0 
0.170962 0.985278 0 0 0 0 
0.116779 0.963298 0 0 0 0 
0.131752 0.976238 0 0 0 0 
0.14673 0.989177 0 0 0 0 
0.107398 0.979241 0 0 0 0 
0.122411 0.99248 0 0 0 0 
0.0980171 0.995185 0 0 0 0 
1 2 6
2 7 6
2 3 7
3 8 7
3 4 8
4 9 8
4 5 9
6 7 10
7 11 10
7 8 11
8 12 11
8 9 12
10 11 13
11 14 13
11 12 14
13 14 15
ZONE N=15, E=16, F=FEPOINT, ET=TRIANGLE
0.0980171 0.995185 0 0 0 0 
0.0735646 0.99729 0 0 0 0 
0.0490677 0.998795 0 0 0 0 
0.0245412 0.999699 0 0 0 0 
5.55112e-17 1 0 0 0 0 
0.0915232 0.976674 0 0 0 0 
0.0670509 0.978479 0 0 0 0 
0.0425417 0.979684 0 0 0 0 
0.0180104 0.980286 0 0 0 0 
0.0850293 0.958164 0 0 0 0 
0.0605398 0.959668 0 0 0 0 
0.0360207 0.960571 0 0 0 0 
0.0785354 0.939653 0 0 0 0 
0.0540311 0.940857 0 0 0 0 
0.0720415 0.921143 0 0 0 0 
1 2 6
2 7 6
2 3 7
3 8 7
3 4 8
4 9 8
4 5 9
6 7 10
7 11 10
7 8 11
8 12 11
8 9 12
10 11 13
11 14 13
11 12 14
13 14 15
ZONE N=15, E=16, F=FEPOINT, ET=TRIANGLE
0.0720415 0.921143 0 0 0 0 
0.0566741 0.914647 0 0 0 0 
0.0413068 0.908152 0 0 0 0 
0.0259395 0.901657 0 0 0 0 
0.0105721 0.895162 0 0 0 0 
0.0823617 0.90881 0 0 0 0 
0.0669944 0.902315 0 0 0 0 
0.0516271 0.895819 0 0 0 0 
0.0362598 0.889324 0 0 0 0 
0.092682 0.896477 0 0 0 0 
0.0773147 0.889982 0 0 0 0 
0.0619474 0.883487 0 0 0 0 
0.103002 0.884145 0 0 0 0 
0.087635 0.877649 0 0 0 0 
0.113323 0.871812 0 0 0 0 
1 2 6
2 7 6
2 3 7
3 8 7
3 4 8
4 9 8
4 5 9
6 7 10
7 11 10
7 8 11
8 12 11
8 9 12
10 11 13
11 14 13
11 12 14
13 14 15
ZONE N=15, E=16, F=FEPOINT, ET=TRIANGLE
-0.0629312 0.80851 0 0 0 0 
-0.0450761 0.793654 0 0 0 0 
-0.0272209 0.778797 0 0 0 0 
-0.00936573 0.76394 0 0 0 0 
0.00848944 0.749083 0 0 0 0 
-0.0466593 0.813333 0 0 0 0 
-0.0288041 0.798476 0 0 0 0 
-0.0109489 0.783619 0 0 0 0 
0.00690622 0.768762 0 0 0 0 
-0.0303873 0.818155 0 0 0 0 
-0.0125322 0.803298 0 0 0 0 
0.005323 0.788441 0 0 0 0 
-0.0141154 0.822977 0 0 0 0 
0.00373977 0.80812 0 0 0 0 
0.00215655 0.827799 0 0 0 0 
1 2 6
2 7 6
2 3 7
3 8 7
3 4 8
4 9 8
4 5 9
6 7 10
7 11 10
7 8 11
8 12 11
8 9 12
10 11 13
11 14 13
11 12 14
13 14 15
ZONE N=15, E=16, F=FEPOINT, ET=TRIANGLE
0.00215655 0.827799 0 0 0 0 
0.0182103 0.822294 0 0 0 0 
0.0342641 0.816789 0 0 0 0 
0.0503179 0.811284 0 0 0 0 
0.0663716 0.805779 0 0 0 0 
0.00426045 0.84464 0 0 0 0 
0.0203142 0.839135 0 0 0 0 
0.036368 0.83363 0 0 0 0 
0.0524218 0.828125 0 0 0 0 
0.00636435 0.861481 0 0 0 0 
0.0224181 0.855975 0 0 0 0 
0.0384719 0.85047 0 0 0 0 
0.00846825 0.878321 0 0 0 0 
0.024522 0.872816 0 0 0 0 
0.0105721 0.895162 0 0 0 0 
1 2 6
2 7 6
2 3 7
3 8 7
3 4 8
4 9 8
4 5 9
6 7 10
7 11 10
7 8 11
8 12 11
8 9 12
10 11 13
11 14 13
11 12 14
13 14 15
ZONE N=15, E=16, F=FEPOINT, ET=TRIANGLE
-0.46216 -0.599358 0 0 0 0 
-0.479944 -0.603225 0 0 0 0 
-0.497727 -0.607092 0 0 0 0 
-0.51551 -0.610959 0 0 0 0 
-0.533293 -0.614826 0 0 0 0 
-0.456159 -0.615004 0 0 0 0 
-0.473943 -0.618871 0 0 0 0 
-0.491726 -0.622738 0 0 0 0 
-0.509509 -0.626605 0 0 0 0 
-0.450158 -0.63065 0 0 0 0 
-0.467942 -0.634517 0 0 0 0 
-0.485725 -0.638384 0 0 0 0 
-0.444157 -0.646296 0 0 0 0 
-0.461941 -0.650163 0 0 0 0 
-0.438156 -0.661942 0 0 0 0 
1 2 6
2 7 6
2 3 7
3 8 7
3 4 8
4 9 8
4 5 9
6 7 10
7 11 10
7 8 11
8 12 11
8 9 12
10 11 13
11 14 13
11 12 14
13 14 15
ZONE N=15, E=16, F=FEPOINT, ET=TRIANGLE
-0.473401 -0.718958 0 0 0 0 
-0.458125 -0.727555 0 0 0 0 
-0.442848 -0.736152 0 0 0 0 
-0.427572 -0.74475 0 0 0 0 
-0.412295 -0.753347 0 0 0 0 
-0.46459 -0.704704 0 0 0 0 
-0.449313 -0.713301 0 0 0 0 
-0.434037 -0.721898 0 0 0 0 
-0.41876 -0.730496 0 0 0 0 
-0.455779 -0.69045 0 0 0 0 
-0.440502 -0.699047 0 0 0 0 
-0.425226 -0.707645 0 0 0 0 
-0.446968 -0.676196 0 0 0 0 
-0.431691 -0.684793 0 0 0 0 
-0.438156 -0.661942 0 0 0 0 
1 2 6
2 7 6
2 3 7
3 8 7
3 4 8
4 9 8
4 5 9
6 7 10
7 11 10
7 8 11
8 12 11
8 9 12
10 11 13
11 14 13
11 12 14
13 14 15
ZONE N=15, E=16, F=FEPOINT, ET=TRIANGLE
-0.46216 -0.599358 0 0 0 0 
-0.456159 -0.615004 0 0 0 0 
-0.450158 -0.63065 0 0 0 0 
-0.444157 -0.646296 0 0 0 0 
-0.438156 -0.661942 0 0 0 0 
-0.443401 -0.594234 0 0 0 0 
-0.4374 -0.60988 0 0 0 0 
-0.431399 -0.625526 0 0 0 0 
-0.425398 -0.641172 0 0 0 0 
-0.424641 -0.58911 0 0 0 0 
-0.41864 -0.604756 0 0 0 0 
-0.412639 -0.620402 0 0 0 0 
-0.405881 -0.583987 0 0 0 0 
-0.39988 -0.599633 0 0 0 0 
-0.387121 -0.578863 0 0 0 0 
1 2 6
2 7 6
2 3 7
3 8 7
3 4 8
4 9 8
4 5 9
6 7 10
7 11 10
7 8 11
8 12 11
8 9 12
10 11 13
11 14 13
11 12 14
13 14 15
ZONE N=15, E=16, F=FEPOINT, ET=TRIANGLE
-0.387121 -0.578863 0 0 0 0 
-0.369728 -0.585738 0 0 0 0 
-0.352335 -0.592613 0 0 0 0 
-0.334943 -0.599488 0 0 0 0 
-0.31755 -0.606364 0 0 0 0 
-0.368601 -0.567607 0 0 0 0 
-0.351208 -0.574482 0 0 0 0 
-0.333815 -0.581357 0 0 0 0 
-0.316423 -0.588232 0 0 0 0 
-0.350081 -0.556351 0 0 0 0 
-0.332688 -0.563226 0 0 0 0 
-0.315295 -0.570101 0 0 0 0 
-0.331561 -0.545095 0 0 0 0 
-0.314168 -0.55197 0 0 0 0 
-0.313041 -0.533839 0 0 0 0 
1 2 6
2 7 6
2 3 7
3 8 7
3 4 8
4 9 8
4 5 9
6 7 10
7 11 10
7 8 11
8 12 11
8 9 12
10 11 13
11 14 13
11 12 14
13 14 15
ZONE N=15, E=16, F=FEPOINT, ET=TRIANGLE
-0.31755 -0.606364 0 0 0 0 
-0.331032 -0.618538 0 0 0 0 
-0.344515 -0.630713 0 0 0 0 
-0.357998 -0.642887 0 0 0 0 
-0.371481 -0.655062 0 0 0 0 
-0.311367 -0.626763 0 0 0 0 
-0.32485 -0.638938 0 0 0 0 
-0.338333 -0.651112 0 0 0 0 
-0.351816 -0.663287 0 0 0 0 
-0.305185 -0.647163 0 0 0 0 
-0.318668 -0.659338 0 0 0 0 
-0.33215 -0.671512 0 0 0 0 
-0.299003 -0.667563 0 0 0 0 
-0.312485 -0.679737 0 0 0 0 
-0.29282 -0.687962 0 0 0 0 
1 2 6
2 7 6
2 3 7
3 8 7
3 4 8
4 9 8
4 5 9
6 7 10
7 11 10
7 8 11
8 12 11
8 9 12
10 11 13
11 14 13
11 12 14
13 14 15
ZONE N=15, E=16, F=FEPOINT, ET=TRIANGLE
-0.29282 -0.687962 0 0 0 0 
-0.273032 -0.690674 0 0 0 0 
-0.253244 -0.693386 0 0 0 0 
-0.233456 -0.696098 0 0 0 0 
-0.213669 -0.698809 0 0 0 0 
-0.281317 -0.663413 0 0 0 0 
-0.261529 -0.666125 0 0 0 0 
-0.241741 -0.668837 0 0 0 0 
-0.221953 -0.671549 0 0 0 0 
-0.269813 -0.638865 0 0 0 0 
-0.250025 -0.641576 0 0 0 0 
-0.230237 -0.644288 0 0 0 0 
-0.25831 -0.614316 0 0 0 0 
-0.238522 -0.617028 0 0 0 0 
-0.246806 -0.589767 0 0 0 0 
1 2 6
2 7 6
2 3 7
3 8 7
3 4 8
4 9 8
4 5 9
6 7 10
7 11 10
7 8 11
8 12 11
8 9 12
10 11 13
11 14 13
11 12 14
13 14 15
ZONE N=15, E=16, F=FEPOINT, ET=TRIANGLE
-0.176179 -0.54147 0 0 0 0 
-0.193013 -0.5356 0 0 0 0 
-0.209846 -0.529729 0 0 0 0 
-0.22668 -0.523859 0 0 0 0 
-0.243514 -0.517989 0 0 0 0 
-0.193836 -0.553544 0 0 0 0 
-0.210669 -0.547674 0 0 0 0 
-0.227503 -0.541804 0 0 0 0 
-0.244337 -0.535933 0 0 0 0 
-0.211493 -0.565619 0 0 0 0 
-0.228326 -0.559748 0 0 0 0 
-0.24516 -0.553878 0 0 0 0 
-0.229149 -0.577693 0 0 0 0 
-0.245983 -0.571822 0 0 0 0 
-0.246806 -0.589767 0 0 0 0 
1 2 6
2 7 6
2 3 7
3 8 7
3 4 8
4 9 8
4 5 9
6 7 10
7 11 10
7 8 11
8 12 11
8 9 12
10 11 13
11 14 13
11 12 14
13 14 15
ZONE N=15, E=16, F=FEPOINT, ET=TRIANGLE
-0.266147 -0.450364 0 0 0 0 
-0.283916 -0.437969 0 0 0 0 
-0.301686 -0.425573 0 0 0 0 
-0.319455 -0.413178 0 0 0 0 
-0.337224 -0.400782 0 0 0 0 
-0.27787 -0.471233 0 0 0 0 
-0.29564 -0.458837 0 0 0 0 
-0.313409 -0.446442 0 0 0 0 
-0.331179 -0.434046 0 0 0 0 
-0.289594 -0.492102 0 0 0 0 
-0.307363 -0.479706 0 0 0 0 
-0.325133 -0.467311 0 0 0 0 
-0.301317 -0.512971 0 0 0 0 
-0.319087 -0.500575 0 0 0 0 
-0.313041 -0.533839 0 0 0 0 
1 2 6
2 7 6
2 3 7
3 8 7
3 4 8
4 9 8
4 5 9
6 7 10
7 11 10
7 8 11
8 12 11
8 9 12
10 11 13
11 14 13
11 12 14
13 14 15
ZONE N=15, E=16, F=FEPOINT, ET=TRIANGLE
-0.342294 -0.757404 0 0 0 0 
-0.329926 -0.740044 0 0 0 0 
-0.317557 -0.722683 0 0 0 0 
-0.305189 -0.705323 0 0 0 0 
-0.29282 -0.687962 0 0 0 0 
-0.349591 -0.731819 0 0 0 0 
-0.337222 -0.714458 0 0 0 0 
-0.324854 -0.697098 0 0 0 0 
-0.312485 -0.679737 0 0 0 0 
-0.356888 -0.706233 0 0 0 0 
-0.344519 -0.688873 0 0 0 0 
-0.33215 -0.671512 0 0 0 0 
-0.364184 -0.680648 0 0 0 0 
-0.351816 -0.663287 0 0 0 0 
-0.371481 -0.655062 0 0 0 0 
1 2 6
2 7 6
2 3 7
3 8 7
3 4 8
4 9 8
4 5 9
6 7 10
7 11 10
7 8 11
8 12 11
8 9 12
10 11 13
11 14 13
11 12 14
13 14 15
ZONE N=15, E=16, F=FEPOINT, ET=TRIANGLE
-0.31755 -0.606364 0 0 0 0 
-0.299864 -0.602214 0 0 0 0 
-0.282178 -0.598065 0 0 0 0 
-0.264492 -0.593916 0 0 0 0 
-0.246806 -0.589767 0 0 0 0 
-0.316423 -0.588232 0 0 0 0 
-0.298737 -0.584083 0 0 0 0 
-0.281051 -0.579934 0 0 0 0 
-0.263365 -0.575785 0 0 0 0 
-0.315295 -0.570101 0 0 0 0 
-0.297609 -0.565952 0 0 0 0 
-0.279924 -0.561803 0 0 0 0 
-0.314168 -0.55197 0 0 0 0 
-0.296482 -0.547821 0 0 0 0 
-0.313041 -0.533839 0 0 0 0 
1 2 6
2 7 6
2 3 7
3 8 7
3 4 8
4 9 8
4 5 9
6 7 10
7 11 10
7 8 11
8 12 11
8 9 12
10 11 13
11 14 13
11 12 14
13 14 15
ZONE N=15, E=16, F=FEPOINT, ET=TRIANGLE
-0.29282 -0.687962 0 0 0 0 
-0.305189 -0.705323 0 0 0 0 
-0.317557 -0.722683 0 0 0 0 
-0.329926 -0.740044 0 0 0 0 
-0.342294 -0.757404 0 0 0 0 
-0.285646 -0.70616 0 0 0 0 
-0.298015 -0.72352 0 0 0 0 
-0.310384 -0.740881 0 0 0 0 
-0.322752 -0.758241 0 0 0 0 
-0.278473 -0.724357 0 0 0 0 
-0.290841 -0.741717 0 0 0 0 
-0.30321 -0.759078 0 0 0 0 
-0.271299 -0.742554 0 0 0 0 
-0.283667 -0.759915 0 0 0 0 
-0.264125 -0.760751 0 0 0 0 
1 2 6
2 7 6
2 3 7
3 8 7
3 4 8
4 9 8
4 5 9
6 7 10
7 11 10
7 8 11
8 12 11
8 9 12
10 11 13
11 14 13
11 12 14
13 14 15
ZONE N=15, E=16, F=FEPOINT, ET=TRIANGLE
-0.213669 -0.698809 0 0 0 0 
-0.233456 -0.696098 0 0 0 0 
-0.253244 -0.693386 0 0 0 0 
-0.273032 -0.690674 0 0 0 0 
-0.29282 -0.687962 0 0 0 0 
-0.226283 -0.714295 0 0 0 0 
-0.246071 -0.711583 0 0 0 0 
-0.265858 -0.708871 0 0 0 0 
-0.285646 -0.70616 0 0 0 0 
-0.238897 -0.72978 0 0 0 0 
-0.258685 -0.727069 0 0 0 0 
-0.278473 -0.724357 0 0 0 0 
-0.251511 -0.745266 0 0 0 0 
-0.271299 -0.742554 0 0 0 0 
-0.264125 -0.760751 0 0 0 0 
1 2 6
2 7 6
2 3 7
3 8 7
3 4 8
4 9 8
4 5 9
6 7 10
7 11 10
7 8 11
8 12 11
8 9 12
10 11 13
11 14 13
11 12 14
13 14 15
ZONE N=15, E=16, F=FEPOINT, ET=TRIANGLE
-0.342294 -0.757404 0 0 0 0 
-0.324962 -0.784917 0 0 0 0 
-0.307629 -0.81243 0 0 0 0 
-0.290296 -0.839943 0 0 0 0 
-0.272963 -0.867455 0 0 0 0 
-0.322752 -0.758241 0 0 0 0 
-0.305419 -0.785754 0 0 0 0 
-0.288087 -0.813267 0 0 0 0 
-0.270754 -0.840779 0 0 0 0 
-0.30321 -0.759078 0 0 0 0 
-0.285877 -0.786591 0 0 0 0 
-0.268544 -0.814103 0 0 0 0 
-0.283667 -0.759915 0 0 0 0 
-0.266335 -0.787427 0 0 0 0 
-0.264125 -0.760751 0 0 0 0 
1 2 6
2 7 6
2 3 7
3 8 7
3 4 8
4 9 8
4 5 9
6 7 10
7 11 10
7 8 11
8 12 11
8 9 12
10 11 13
11 14 13
11 12 14
13 14 15
ZONE N=15, E=16, F=FEPOINT, ET=TRIANGLE
-0.151661 -0.773725 0 0 0 0 
-0.167163 -0.754996 0 0 0 0 
-0.182665 -0.736267 0 0 0 0 
-0.198167 -0.717538 0 0 0 0 
-0.213669 -0.698809 0 0 0 0 
-0.179777 -0.770481 0 0 0 0 
-0.195279 -0.751753 0 0 0 0 
-0.210781 -0.733024 0 0 0 0 
-0.226283 -0.714295 0 0 0 0 
-0.207893 -0.767238 0 0 0 0 
-0.223395 -0.748509 0 0 0 0 
-0.238897 -0.72978 0 0 0 0 
-0.236009 -0.763995 0 0 0 0 
-0.251511 -0.745266 0 0 0 0 
-0.264125 -0.760751 0 0 0 0 
1 2 6
2 7 6
2 3 7
3 8 7
3 4 8
4 9 8
4 5 9
6 7 10
7 11 10
7 8 11
8 12 11
8 9 12
10 11 13
11 14 13
11 12 14
13 14 15
ZONE N=15, E=16, F=FEPOINT, ET=TRIANGLE
-0.00753461 -0.838984 0 0 0 0 
-0.0169503 -0.857726 0 0 0 0 
-0.026366 -0.876468 0 0 0 0 
-0.0357817 -0.895211 0 0 0 0 
-0.0451974 -0.913953 0 0 0 0 
0.0035799 -0.853432 0 0 0 0 
-0.00583578 -0.872174 0 0 0 0 
-0.0152515 -0.890916 0 0 0 0 
-0.0246671 -0.909659 0 0 0 0 
0.0146944 -0.86788 0 0 0 0 
0.00527874 -0.886622 0 0 0 0 
-0.00413695 -0.905365 0 0 0 0 
0.0258089 -0.882328 0 0 0 0 
0.0163933 -0.901071 0 0 0 0 
0.0369235 -0.896776 0 0 0 0 
1 2 6
2 7 6
2 3 7
3 8 7
3 4 8
4 9 8
4 5 9
6 7 10
7 11 10
7 8 11
8 12 11
8 9 12
10 11 13
11 14 13
11 12 14
13 14 15
ZONE N=15, E=16, F=FEPOINT, ET=TRIANGLE
-0.176179 -0.54147 0 0 0 0 
-0.175458 -0.562848 0 0 0 0 
-0.174736 -0.584227 0 0 0 0 
-0.174014 -0.605605 0 0 0 0 
-0.173293 -0.626983 0 0 0 0 
-0.155872 -0.542576 0 0 0 0 
-0.15515 -0.563954 0 0 0 0 
-0.154428 -0.585332 0 0 0 0 
-0.153707 -0.606711 0 0 0 0 
-0.135564 -0.543682 0 0 0 0 
-0.134843 -0.56506 0 0 0 0 
-0.134121 -0.586438 0 0 0 0 
-0.115257 -0.544788 0 0 0 0 
-0.114535 -0.566166 0 0 0 0 
-0.0949491 -0.545893 0 0 0 0 
1 2 6
2 7 6
2 3 7
3 8 7
3 4 8
4 9 8
4 5 9
6 7 10
7 11 10
7 8 11
8 12 11
8 9 12
10 11 13
11 14 13
11 12 14
13 14 15
ZONE N=15, E=16, F=FEPOINT, ET=TRIANGLE
-0.212797 -0.819803 0 0 0 0 
-0.197513 -0.808284 0 0 0 0 
-0.182229 -0.796764 0 0 0 0 
-0.166945 -0.785244 0 0 0 0 
-0.151661 -0.773725 0 0 0 0 
-0.225629 -0.80504 0 0 0 0 
-0.210345 -0.793521 0 0 0 0 
-0.195061 -0.782001 0 0 0 0 
-0.179777 -0.770481 0 0 0 0 
-0.238461 -0.790277 0 0 0 0 
-0.223177 -0.778758 0 0 0 0 
-0.207893 -0.767238 0 0 0 0 
-0.251293 -0.775514 0 0 0 0 
-0.236009 -0.763995 0 0 0 0 
-0.264125 -0.760751 0 0 0 0 
1 2 6
2 7 6
2 3 7
3 8 7
3 4 8
4 9 8
4 5 9
6 7 10
7 11 10
7 8 11
8 12 11
8 9 12
10 11 13
11 14 13
11 12 14
13 14 15
ZONE N=15, E=16, F=FEPOINT, ET=TRIANGLE
-0.173293 -0.626983 0 0 0 0 
-0.183387 -0.64494 0 0 0 0 
-0.193481 -0.662896 0 0 0 0 
-0.203575 -0.680853 0 0 0 0 
-0.213669 -0.698809 0 0 0 0 
-0.163414 -0.645059 0 0 0 0 
-0.173508 -0.663016 0 0 0 0 
-0.183602 -0.680972 0 0 0 0 
-0.193696 -0.698929 0 0 0 0 
-0.153536 -0.663135 0 0 0 0 
-0.16363 -0.681092 0 0 0 0 
-0.173724 -0.699048 0 0 0 0 
-0.143657 -0.681211 0 0 0 0 
-0.153751 -0.699168 0 0 0 0 
-0.133779 -0.699287 0 0 0 0 
1 2 6
2 7 6
2 3 7
3 8 7
3 4 8
4 9 8
4 5 9
6 7 10
7 11 10
7 8 11
8 12 11
8 9 12
10 11 13
11 14 13
11 12 14
13 14 15
ZONE N=15, E=16, F=FEPOINT, ET=TRIANGLE
-0.0975952 -0.632563 0 0 0 0 
-0.11652 -0.631168 0 0 0 0 
-0.135444 -0.629773 0 0 0 0 
-0.154368 -0.628378 0 0 0 0 
-0.173293 -0.626983 0 0 0 0 
-0.106641 -0.649244 0 0 0 0 
-0.125565 -0.647849 0 0 0 0 
-0.14449 -0.646454 0 0 0 0 
-0.163414 -0.645059 0 0 0 0 
-0.115687 -0.665925 0 0 0 0 
-0.134611 -0.66453 0 0 0 0 
-0.153536 -0.663135 0 0 0 0 
-0.124733 -0.682606 0 0 0 0 
-0.143657 -0.681211 0 0 0 0 
-0.133779 -0.699287 0 0 0 0 
1 2 6
2 7 6
2 3 7
3 8 7
3 4 8
4 9 8
4 5 9
6 7 10
7 11 10
7 8 11
8 12 11
8 9 12
10 11 13
11 14 13
11 12 14
13 14 15
ZONE N=15, E=16, F=FEPOINT, ET=TRIANGLE
-0.173293 -0.626983 0 0 0 0 
-0.154368 -0.628378 0 0 0 0 
-0.135444 -0.629773 0 0 0 0 
-0.11652 -0.631168 0 0 0 0 
-0.0975952 -0.632563 0 0 0 0 
-0.153707 -0.606711 0 0 0 0 
-0.134782 -0.608106 0 0 0 0 
-0.115858 -0.609501 0 0 0 0 
-0.0969337 -0.610896 0 0 0 0 
-0.134121 -0.586438 0 0 0 0 
-0.115197 -0.587833 0 0 0 0 
-0.0962722 -0.589228 0 0 0 0 
-0.114535 -0.566166 0 0 0 0 
-0.0956106 -0.567561 0 0 0 0 
-0.0949491 -0.545893 0 0 0 0 
1 2 6
2 7 6
2 3 7
3 8 7
3 4 8
4 9 8
4 5 9
6 7 10
7 11 10
7 8 11
8 12 11
8 9 12
10 11 13
11 14 13
11 12 14
13 14 15
ZONE N=15, E=16, F=FEPOINT, ET=TRIANGLE
-0.0803702 -0.835593 0 0 0 0 
-0.0795889 -0.815632 0 0 0 0 
-0.0788077 -0.795672 0 0 0 0 
-0.0780264 -0.775712 0 0 0 0 
-0.0772452 -0.755752 0 0 0 0 
-0.098193 -0.820126 0 0 0 0 
-0.0974117 -0.800165 0 0 0 0 
-0.0966304 -0.780205 0 0 0 0 
-0.0958492 -0.760245 0 0 0 0 
-0.116016 -0.804659 0 0 0 0 
-0.115234 -0.784699 0 0 0 0 
-0.114453 -0.764738 0 0 0 0 
-0.133839 -0.789192 0 0 0 0 
-0.133057 -0.769232 0 0 0 0 
-0.151661 -0.773725 0 0 0 0 
1 2 6
2 7 6
2 3 7
3 8 7
3 4 8
4 9 8
4 5 9
6 7 10
7 11 10
7 8 11
8 12 11
8 9 12
10 11 13
11 14 13
11 12 14
13 14 15
ZONE N=15, E=16, F=FEPOINT, ET=TRIANGLE
0.047451 -0.473497 0 0 0 0 
0.0305333 -0.484282 0 0 0 0 
0.0136156 -0.495067 0 0 0 0 
-0.00330203 -0.505852 0 0 0 0 
-0.0202197 -0.516637 0 0 0 0 
0.0506174 -0.497125 0 0 0 0 
0.0336997 -0.50791 0 0 0 0 
0.016782 -0.518695 0 0 0 0 
-0.000135648 -0.52948 0 0 0 0 
0.0537837 -0.520753 0 0 0 0 
0.0368661 -0.531538 0 0 0 0 
0.0199484 -0.542323 0 0 0 0 
0.0569501 -0.544381 0 0 0 0 
0.0400325 -0.555166 0 0 0 0 
0.0601165 -0.568009 0 0 0 0 
1 2 6
2 7 6
2 3 7
3 8 7
3 4 8
4 9 8
4 5 9
6 7 10
7 11 10
7 8 11
8 12 11
8 9 12
10 11 13
11 14 13
11 12 14
13 14 15
ZONE N=15, E=16, F=FEPOINT, ET=TRIANGLE
-0.243514 -0.517989 0 0 0 0 
-0.214459 -0.506304 0 0 0 0 
-0.185404 -0.494619 0 0 0 0 
-0.156349 -0.482934 0 0 0 0 
-0.127294 -0.47125 0 0 0 0 
-0.224707 -0.491219 0 0 0 0 
-0.195652 -0.479535 0 0 0 0 
-0.166597 -0.46785 0 0 0 0 
-0.137542 -0.456165 0 0 0 0 
-0.205901 -0.46445 0 0 0 0 
-0.176846 -0.452765 0 0 0 0 
-0.147791 -0.44108 0 0 0 0 
-0.187094 -0.437681 0 0 0 0 
-0.158039 -0.425996 0 0 0 0 
-0.168288 -0.410911 0 0 0 0 
1 2 6
2 7 6
2 3 7
3 8 7
3 4 8
4 9 8
4 5 9
6 7 10
7 11 10
7 8 11
8 12 11
8 9 12
10 11 13
11 14 13
11 12 14
13 14 15
ZONE N=15, E=16, F=FEPOINT, ET=TRIANGLE
-0.176179 -0.54147 0 0 0 0 
-0.193836 -0.553544 0 0 0 0 
-0.211493 -0.565619 0 0 0 0 
-0.229149 -0.577693 0 0 0 0 
-0.246806 -0.589767 0 0 0 0 
-0.175458 -0.562848 0 0 0 0 
-0.193114 -0.574923 0 0 0 0 
-0.210771 -0.586997 0 0 0 0 
-0.228428 -0.599071 0 0 0 0 
-0.174736 -0.584227 0 0 0 0 
-0.192393 -0.596301 0 0 0 0 
-0.210049 -0.608375 0 0 0 0 
-0.174014 -0.605605 0 0 0 0 
-0.191671 -0.617679 0 0 0 0 
-0.173293 -0.626983 0 0 0 0 
1 2 6
2 7 6
2 3 7
3 8 7
3 4 8
4 9 8
4 5 9
6 7 10
7 11 10
7 8 11
8 12 11
8 9 12
10 11 13
11 14 13
11 12 14
13 14 15
ZONE N=15, E=16, F=FEPOINT, ET=TRIANGLE
-0.0772452 -0.755752 0 0 0 0 
-0.0823327 -0.724955 0 0 0 0 
-0.0874202 -0.694158 0 0 0 0 
-0.0925077 -0.663361 0 0 0 0 
-0.0975952 -0.632563 0 0 0 0 
-0.0913785 -0.741636 0 0 0 0 
-0.096466 -0.710839 0 0 0 0 
-0.101554 -0.680041 0 0 0 0 
-0.106641 -0.649244 0 0 0 0 
-0.105512 -0.727519 0 0 0 0 
-0.110599 -0.696722 0 0 0 0 
-0.115687 -0.665925 0 0 0 0 
-0.119645 -0.713403 0 0 0 0 
-0.124733 -0.682606 0 0 0 0 
-0.133779 -0.699287 0 0 0 0 
1 2 6
2 7 6
2 3 7
3 8 7
3 4 8
4 9 8
4 5 9
6 7 10
7 11 10
7 8 11
8 12 11
8 9 12
10 11 13
11 14 13
11 12 14
13 14 15
ZONE N=15, E=16, F=FEPOINT, ET=TRIANGLE
-0.0949491 -0.545893 0 0 0 0 
-0.0956106 -0.567561 0 0 0 0 
-0.0962722 -0.589228 0 0 0 0 
-0.0969337 -0.610896 0 0 0 0 
-0.0975952 -0.632563 0 0 0 0 
-0.0789592 -0.558461 0 0 0 0 
-0.0796208 -0.580128 0 0 0 0 
-0.0802823 -0.601796 0 0 0 0 
-0.0809438 -0.623463 0 0 0 0 
-0.0629694 -0.571028 0 0 0 0 
-0.0636309 -0.592696 0 0 0 0 
-0.0642925 -0.614363 0 0 0 0 
-0.0469796 -0.583596 0 0 0 0 
-0.0476411 -0.605263 0 0 0 0 
-0.0309897 -0.596163 0 0 0 0 
1 2 6
2 7 6
2 3 7
3 8 7
3 4 8
4 9 8
4 5 9
6 7 10
7 11 10
7 8 11
8 12 11
8 9 12
10 11 13
11 14 13
11 12 14
13 14 15
ZONE N=15, E=16, F=FEPOINT, ET=TRIANGLE
-0.0309897 -0.596163 0 0 0 0 
-0.0282972 -0.576282 0 0 0 0 
-0.0256047 -0.5564 0 0 0 0 
-0.0229122 -0.536519 0 0 0 0 
-0.0202197 -0.516637 0 0 0 0 
-0.0469796 -0.583596 0 0 0 0 
-0.044287 -0.563714 0 0 0 0 
-0.0415945 -0.543833 0 0 0 0 
-0.038902 -0.523951 0 0 0 0 
-0.0629694 -0.571028 0 0 0 0 
-0.0602769 -0.551147 0 0 0 0 
-0.0575844 -0.531265 0 0 0 0 
-0.0789592 -0.558461 0 0 0 0 
-0.0762667 -0.538579 0 0 0 0 
-0.0949491 -0.545893 0 0 0 0 
1 2 6
2 7 6
2 3 7
3 8 7
3 4 8
4 9 8
4 5 9
6 7 10
7 11 10
7 8 11
8 12 11
8 9 12
10 11 13
11 14 13
11 12 14
13 14 15
ZONE N=15, E=16, F=FEPOINT, ET=TRIANGLE
-0.0949491 -0.545893 0 0 0 0 
-0.103035 -0.527232 0 0 0 0 
-0.111121 -0.508571 0 0 0 0 
-0.119208 -0.489911 0 0 0 0 
-0.127294 -0.47125 0 0 0 0 
-0.115257 -0.544788 0 0 0 0 
-0.123343 -0.526127 0 0 0 0 
-0.131429 -0.507466 0 0 0 0 
-0.139515 -0.488805 0 0 0 0 
-0.135564 -0.543682 0 0 0 0 
-0.14365 -0.525021 0 0 0 0 
-0.151736 -0.50636 0 0 0 0 
-0.155872 -0.542576 0 0 0 0 
-0.163958 -0.523915 0 0 0 0 
-0.176179 -0.54147 0 0 0 0 
1 2 6
2 7 6
2 3 7
3 8 7
3 4 8
4 9 8
4 5 9
6 7 10
7 11 10
7 8 11
8 12 11
8 9 12
10 11 13
11 14 13
11 12 14
13 14 15
ZONE N=15, E=16, F=FEPOINT, ET=TRIANGLE
0.290285 -0.95694 0 0 0 0 
0.313682 -0.949528 0 0 0 0 
0.33689 -0.941544 0 0 0 0 
0.359895 -0.932993 0 0 0 0 
0.382683 -0.92388 0 0 0 0 
0.297048 -0.930852 0 0 0 0 
0.320349 -0.923155 0 0 0 0 
0.343453 -0.914888 0 0 0 0 
0.366347 -0.906057 0 0 0 0 
0.303812 -0.904764 0 0 0 0 
0.327013 -0.896783 0 0 0 0 
0.350011 -0.888234 0 0 0 0 
0.310575 -0.878676 0 0 0 0 
0.333675 -0.870411 0 0 0 0 
0.317339 -0.852588 0 0 0 0 
1 2 6
2 7 6
2 3 7
3 8 7
3 4 8
4 9 8
4 5 9
6 7 10
7 11 10
7 8 11
8 12 11
8 9 12
10 11 13
11 14 13
11 12 14
13 14 15
ZONE N=15, E=16, F=FEPOINT, ET=TRIANGLE
0.126559 -0.577799 0 0 0 0 
0.127155 -0.561019 0 0 0 0 
0.12775 -0.54424 0 0 0 0 
0.128346 -0.527461 0 0 0 0 
0.128942 -0.510681 0 0 0 0 
0.109948 -0.575351 0 0 0 0 
0.110544 -0.558572 0 0 0 0 
0.11114 -0.541793 0 0 0 0 
0.111736 -0.525013 0 0 0 0 
0.0933377 -0.572904 0 0 0 0 
0.0939334 -0.556125 0 0 0 0 
0.0945292 -0.539345 0 0 0 0 
0.0767271 -0.570457 0 0 0 0 
0.0773228 -0.553677 0 0 0 0 
0.0601165 -0.568009 0 0 0 0 
1 2 6
2 7 6
2 3 7
3 8 7
3 4 8
4 9 8
4 5 9
6 7 10
7 11 10
7 8 11
8 12 11
8 9 12
10 11 13
11 14 13
11 12 14
13 14 15
ZONE N=15, E=16, F=FEPOINT, ET=TRIANGLE
-0.0309897 -0.596163 0 0 0 0 
-0.00821315 -0.589125 0 0 0 0 
0.0145634 -0.582086 0 0 0 0 
0.03734 -0.575048 0 0 0 0 
0.0601165 -0.568009 0 0 0 0 
-0.0282972 -0.576282 0 0 0 0 
-0.00552065 -0.569243 0 0 0 0 
0.0172559 -0.562205 0 0 0 0 
0.0400325 -0.555166 0 0 0 0 
-0.0256047 -0.5564 0 0 0 0 
-0.00282815 -0.549362 0 0 0 0 
0.0199484 -0.542323 0 0 0 0 
-0.0229122 -0.536519 0 0 0 0 
-0.000135648 -0.52948 0 0 0 0 
-0.0202197 -0.516637 0 0 0 0 
1 2 6
2 7 6
2 3 7
3 8 7
3 4 8
4 9 8
4 5 9
6 7 10
7 11 10
7 8 11
8 12 11
8 9 12
10 11 13
11 14 13
11 12 14
13 14 15
ZONE N=15, E=16, F=FEPOINT, ET=TRIANGLE
-0.0207478 -0.441164 0 0 0 0 
-0.0206157 -0.460032 0 0 0 0 
-0.0204837 -0.478901 0 0 0 0 
-0.0203517 -0.497769 0 0 0 0 
-0.0202197 -0.516637 0 0 0 0 
-0.00369808 -0.449247 0 0 0 0 
-0.00356606 -0.468116 0 0 0 0 
-0.00343404 -0.486984 0 0 0 0 
-0.00330203 -0.505852 0 0 0 0 
0.0133516 -0.457331 0 0 0 0 
0.0134836 -0.476199 0 0 0 0 
0.0136156 -0.495067 0 0 0 0 
0.0304013 -0.465414 0 0 0 0 
0.0305333 -0.484282 0 0 0 0 
0.047451 -0.473497 0 0 0 0 
1 2 6
2 7 6
2 3 7
3 8 7
3 4 8
4 9 8
4 5 9
6 7 10
7 11 10
7 8 11
8 12 11
8 9 12
10 11 13
11 14 13
11 12 14
13 14 15
ZONE N=15, E=16, F=FEPOINT, ET=TRIANGLE
-0.0309897 -0.596163 0 0 0 0 
-0.0238921 -0.628935 0 0 0 0 
-0.0167945 -0.661707 0 0 0 0 
-0.00969683 -0.694479 0 0 0 0 
-0.0025992 -0.727251 0 0 0 0 
-0.0143278 -0.609709 0 0 0 0 
-0.00723021 -0.642481 0 0 0 0 
-0.000132585 -0.675253 0 0 0 0 
0.00696504 -0.708025 0 0 0 0 
0.00233403 -0.623255 0 0 0 0 
0.00943165 -0.656027 0 0 0 0 
0.0165293 -0.688799 0 0 0 0 
0.0189959 -0.636801 0 0 0 0 
0.0260935 -0.669573 0 0 0 0 
0.0356578 -0.650347 0 0 0 0 
1 2 6
2 7 6
2 3 7
3 8 7
3 4 8
4 9 8
4 5 9
6 7 10
7 11 10
7 8 11
8 12 11
8 9 12
10 11 13
11 14 13
11 12 14
13 14 15
ZONE N=15, E=16, F=FEPOINT, ET=TRIANGLE
-0.0309897 -0.596163 0 0 0 0 
-0.0143278 -0.609709 0 0 0 0 
0.00233403 -0.623255 0 0 0 0 
0.0189959 -0.636801 0 0 0 0 
0.0356578 -0.650347 0 0 0 0 
-0.00821315 -0.589125 0 0 0 0 
0.00844871 -0.602671 0 0 0 0 
0.0251106 -0.616217 0 0 0 0 
0.0417724 -0.629763 0 0 0 0 
0.0145634 -0.582086 0 0 0 0 
0.0312253 -0.595632 0 0 0 0 
0.0478871 -0.609178 0 0 0 0 
0.03734 -0.575048 0 0 0 0 
0.0540018 -0.588594 0 0 0 0 
0.0601165 -0.568009 0 0 0 0 
1 2 6
2 7 6
2 3 7
3 8 7
3 4 8
4 9 8
4 5 9
6 7 10
7 11 10
7 8 11
8 12 11
8 9 12
10 11 13
11 14 13
11 12 14
13 14 15
ZONE N=15, E=16, F=FEPOINT, ET=TRIANGLE
0.0722043 -0.400394 0 0 0 0 
0.0489663 -0.410586 0 0 0 0 
0.0257283 -0.420779 0 0 0 0 
0.00249026 -0.430971 0 0 0 0 
-0.0207478 -0.441164 0 0 0 0 
0.066016 -0.41867 0 0 0 0 
0.042778 -0.428862 0 0 0 0 
0.01954 -0.439055 0 0 0 0 
-0.00369808 -0.449247 0 0 0 0 
0.0598277 -0.436945 0 0 0 0 
0.0365896 -0.447138 0 0 0 0 
0.0133516 -0.457331 0 0 0 0 
0.0536393 -0.455221 0 0 0 0 
0.0304013 -0.465414 0 0 0 0 
0.047451 -0.473497 0 0 0 0 
1 2 6
2 7 6
2 3 7
3 8 7
3 4 8
4 9 8
4 5 9
6 7 10
7 11 10
7 8 11
8 12 11
8 9 12
10 11 13
11 14 13
11 12 14
13 14 15
ZONE N=15, E=16, F=FEPOINT, ET=TRIANGLE
-0.0408279 -0.368409 0 0 0 0 
-0.0624443 -0.394119 0 0 0 0 
-0.0840608 -0.419829 0 0 0 0 
-0.105677 -0.445539 0 0 0 0 
-0.127294 -0.47125 0 0 0 0 
-0.0358079 -0.386598 0 0 0 0 
-0.0574243 -0.412308 0 0 0 0 
-0.0790407 -0.438018 0 0 0 0 
-0.100657 -0.463728 0 0 0 0 
-0.0307878 -0.404787 0 0 0 0 
-0.0524043 -0.430497 0 0 0 0 
-0.0740207 -0.456207 0 0 0 0 
-0.0257678 -0.422975 0 0 0 0 
-0.0473842 -0.448685 0 0 0 0 
-0.0207478 -0.441164 0 0 0 0 
1 2 6
2 7 6
2 3 7
3 8 7
3 4 8
4 9 8
4 5 9
6 7 10
7 11 10
7 8 11
8 12 11
8 9 12
10 11 13
11 14 13
11 12 14
13 14 15
ZONE N=15, E=16, F=FEPOINT, ET=TRIANGLE
-0.313041 -0.533839 0 0 0 0 
-0.296482 -0.547821 0 0 0 0 
-0.279924 -0.561803 0 0 0 0 
-0.263365 -0.575785 0 0 0 0 
-0.246806 -0.589767 0 0 0 0 
-0.295659 -0.529877 0 0 0 0 
-0.2791 -0.543859 0 0 0 0 
-0.262542 -0.55784 0 0 0 0 
-0.245983 -0.571822 0 0 0 0 
-0.278277 -0.525914 0 0 0 0 
-0.261719 -0.539896 0 0 0 0 
-0.24516 -0.553878 0 0 0 0 
-0.260895 -0.521951 0 0 0 0 
-0.244337 -0.535933 0 0 0 0 
-0.243514 -0.517989 0 0 0 0 
1 2 6
2 7 6
2 3 7
3 8 7
3 4 8
4 9 8
4 5 9
6 7 10
7 11 10
7 8 11
8 12 11
8 9 12
10 11 13
11 14 13
11 12 14
13 14 15
ZONE N=15, E=16, F=FEPOINT, ET=TRIANGLE
-0.127294 -0.47125 0 0 0 0 
-0.156349 -0.482934 0 0 0 0 
-0.185404 -0.494619 0 0 0 0 
-0.214459 -0.506304 0 0 0 0 
-0.243514 -0.517989 0 0 0 0 
-0.139515 -0.488805 0 0 0 0 
-0.16857 -0.50049 0 0 0 0 
-0.197625 -0.512174 0 0 0 0 
-0.22668 -0.523859 0 0 0 0 
-0.151736 -0.50636 0 0 0 0 
-0.180791 -0.518045 0 0 0 0 
-0.209846 -0.529729 0 0 0 0 
-0.163958 -0.523915 0 0 0 0 
-0.193013 -0.5356 0 0 0 0 
-0.176179 -0.54147 0 0 0 0 
1 2 6
2 7 6
2 3 7
3 8 7
3 4 8
4 9 8
4 5 9
6 7 10
7 11 10
7 8 11
8 12 11
8 9 12
10 11 13
11 14 13
11 12 14
13 14 15
ZONE N=15, E=16, F=FEPOINT, ET=TRIANGLE
0.218047 -0.501529 0 0 0 0 
0.205423 -0.48821 0 0 0 0 
0.192799 -0.474891 0 0 0 0 
0.180176 -0.461571 0 0 0 0 
0.167552 -0.448252 0 0 0 0 
0.19577 -0.503817 0 0 0 0 
0.183147 -0.490498 0 0 0 0 
0.170523 -0.477179 0 0 0 0 
0.157899 -0.46386 0 0 0 0 
0.173494 -0.506105 0 0 0 0 
0.160871 -0.492786 0 0 0 0 
0.148247 -0.479467 0 0 0 0 
0.151218 -0.508393 0 0 0 0 
0.138594 -0.495074 0 0 0 0 
0.128942 -0.510681 0 0 0 0 
1 2 6
2 7 6
2 3 7
3 8 7
3 4 8
4 9 8
4 5 9
6 7 10
7 11 10
7 8 11
8 12 11
8 9 12
10 11 13
11 14 13
11 12 14
13 14 15
ZONE N=15, E=16, F=FEPOINT, ET=TRIANGLE
0.128942 -0.510681 0 0 0 0 
0.108569 -0.501385 0 0 0 0 
0.0881964 -0.492089 0 0 0 0 
0.0678237 -0.482793 0 0 0 0 
0.047451 -0.473497 0 0 0 0 
0.111736 -0.525013 0 0 0 0 
0.0913628 -0.515717 0 0 0 0 
0.0709901 -0.506421 0 0 0 0 
0.0506174 -0.497125 0 0 0 0 
0.0945292 -0.539345 0 0 0 0 
0.0741565 -0.530049 0 0 0 0 
0.0537837 -0.520753 0 0 0 0 
0.0773228 -0.553677 0 0 0 0 
0.0569501 -0.544381 0 0 0 0 
0.0601165 -0.568009 0 0 0 0 
1 2 6
2 7 6
2 3 7
3 8 7
3 4 8
4 9 8
4 5 9
6 7 10
7 11 10
7 8 11
8 12 11
8 9 12
10 11 13
11 14 13
11 12 14
13 14 15
ZONE N=15, E=16, F=FEPOINT, ET=TRIANGLE
0.0792712 -0.720011 0 0 0 0 
0.0588036 -0.721821 0 0 0 0 
0.038336 -0.723631 0 0 0 0 
0.0178684 -0.725441 0 0 0 0 
-0.0025992 -0.727251 0 0 0 0 
0.0704466 -0.736852 0 0 0 0 
0.049979 -0.738662 0 0 0 0 
0.0295114 -0.740472 0 0 0 0 
0.00904384 -0.742282 0 0 0 0 
0.0616221 -0.753693 0 0 0 0 
0.0411545 -0.755503 0 0 0 0 
0.0206869 -0.757313 0 0 0 0 
0.0527975 -0.770534 0 0 0 0 
0.0323299 -0.772344 0 0 0 0 
0.043973 -0.787375 0 0 0 0 
1 2 6
2 7 6
2 3 7
3 8 7
3 4 8
4 9 8
4 5 9
6 7 10
7 11 10
7 8 11
8 12 11
8 9 12
10 11 13
11 14 13
11 12 14
13 14 15
ZONE N=15, E=16, F=FEPOINT, ET=TRIANGLE
0.126559 -0.577799 0 0 0 0 
0.103834 -0.595936 0 0 0 0 
0.0811083 -0.614073 0 0 0 0 
0.058383 -0.63221 0 0 0 0 
0.0356578 -0.650347 0 0 0 0 
0.132865 -0.593359 0 0 0 0 
0.11014 -0.611496 0 0 0 0 
0.0874145 -0.629634 0 0 0 0 
0.0646892 -0.647771 0 0 0 0 
0.139171 -0.60892 0 0 0 0 
0.116446 -0.627057 0 0 0 0 
0.0937206 -0.645194 0 0 0 0 
0.145477 -0.624481 0 0 0 0 
0.122752 -0.642618 0 0 0 0 
0.151784 -0.640041 0 0 0 0 
1 2 6
2 7 6
2 3 7
3 8 7
3 4 8
4 9 8
4 5 9
6 7 10
7 11 10
7 8 11
8 12 11
8 9 12
10 11 13
11 14 13
11 12 14
13 14 15
ZONE N=15, E=16, F=FEPOINT, ET=TRIANGLE
0.220621 -0.649556 0 0 0 0 
0.217238 -0.632516 0 0 0 0 
0.213856 -0.615475 0 0 0 0 
0.210474 -0.598435 0 0 0 0 
0.207092 -0.581394 0 0 0 0 
0.203411 -0.647177 0 0 0 0 
0.200029 -0.630137 0 0 0 0 
0.196647 -0.613096 0 0 0 0 
0.193265 -0.596056 0 0 0 0 
0.186202 -0.644799 0 0 0 0 
0.18282 -0.627758 0 0 0 0 
0.179438 -0.610718 0 0 0 0 
0.168993 -0.64242 0 0 0 0 
0.165611 -0.625379 0 0 0 0 
0.151784 -0.640041 0 0 0 0 
1 2 6
2 7 6
2 3 7
3 8 7
3 4 8
4 9 8
4 5 9
6 7 10
7 11 10
7 8 11
8 12 11
8 9 12
10 11 13
11 14 13
11 12 14
13 14 15
ZONE N=15, E=16, F=FEPOINT, ET=TRIANGLE
0.0792712 -0.720011 0 0 0 0 
0.0683678 -0.702595 0 0 0 0 
0.0574645 -0.685179 0 0 0 0 
0.0465611 -0.667763 0 0 0 0 
0.0356578 -0.650347 0 0 0 0 
0.0588036 -0.721821 0 0 0 0 
0.0479002 -0.704405 0 0 0 0 
0.0369969 -0.686989 0 0 0 0 
0.0260935 -0.669573 0 0 0 0 
0.038336 -0.723631 0 0 0 0 
0.0274326 -0.706215 0 0 0 0 
0.0165293 -0.688799 0 0 0 0 
0.0178684 -0.725441 0 0 0 0 
0.00696504 -0.708025 0 0 0 0 
-0.0025992 -0.727251 0 0 0 0 
1 2 6
2 7 6
2 3 7
3 8 7
3 4 8
4 9 8
4 5 9
6 7 10
7 11 10
7 8 11
8 12 11
8 9 12
10 11 13
11 14 13
11 12 14
13 14 15
ZONE N=15, E=16, F=FEPOINT, ET=TRIANGLE
0.330008 -0.758158 0 0 0 0 
0.307804 -0.764882 0 0 0 0 
0.2856 -0.771606 0 0 0 0 
0.263397 -0.778331 0 0 0 0 
0.241193 -0.785055 0 0 0 0 
0.326841 -0.781766 0 0 0 0 
0.304637 -0.78849 0 0 0 0 
0.282433 -0.795214 0 0 0 0 
0.260229 -0.801938 0 0 0 0 
0.323674 -0.805373 0 0 0 0 
0.30147 -0.812097 0 0 0 0 
0.279266 -0.818822 0 0 0 0 
0.320506 -0.828981 0 0 0 0 
0.298302 -0.835705 0 0 0 0 
0.317339 -0.852588 0 0 0 0 
1 2 6
2 7 6
2 3 7
3 8 7
3 4 8
4 9 8
4 5 9
6 7 10
7 11 10
7 8 11
8 12 11
8 9 12
10 11 13
11 14 13
11 12 14
13 14 15
ZONE N=15, E=16, F=FEPOINT, ET=TRIANGLE
0.128942 -0.510681 0 0 0 0 
0.128346 -0.527461 0 0 0 0 
0.12775 -0.54424 0 0 0 0 
0.127155 -0.561019 0 0 0 0 
0.126559 -0.577799 0 0 0 0 
0.148479 -0.52836 0 0 0 0 
0.147884 -0.545139 0 0 0 0 
0.147288 -0.561918 0 0 0 0 
0.146692 -0.578698 0 0 0 0 
0.168017 -0.546038 0 0 0 0 
0.167421 -0.562817 0 0 0 0 
0.166825 -0.579596 0 0 0 0 
0.187554 -0.563716 0 0 0 0 
0.186958 -0.580495 0 0 0 0 
0.207092 -0.581394 0 0 0 0 
1 2 6
2 7 6
2 3 7
3 8 7
3 4 8
4 9 8
4 5 9
6 7 10
7 11 10
7 8 11
8 12 11
8 9 12
10 11 13
11 14 13
11 12 14
13 14 15
ZONE N=15, E=16, F=FEPOINT, ET=TRIANGLE
-0.00753461 -0.838984 0 0 0 0 
-0.00630076 -0.811051 0 0 0 0 
-0.00506691 -0.783117 0 0 0 0 
-0.00383305 -0.755184 0 0 0 0 
-0.0025992 -0.727251 0 0 0 0 
-0.0249622 -0.818176 0 0 0 0 
-0.0237284 -0.790243 0 0 0 0 
-0.0224945 -0.76231 0 0 0 0 
-0.0212607 -0.734376 0 0 0 0 
-0.0423899 -0.797368 0 0 0 0 
-0.041156 -0.769435 0 0 0 0 
-0.0399222 -0.741502 0 0 0 0 
-0.0598175 -0.77656 0 0 0 0 
-0.0585837 -0.748627 0 0 0 0 
-0.0772452 -0.755752 0 0 0 0 
1 2 6
2 7 6
2 3 7
3 8 7
3 4 8
4 9 8
4 5 9
6 7 10
7 11 10
7 8 11
8 12 11
8 9 12
10 11 13
11 14 13
11 12 14
13 14 15
ZONE N=15, E=16, F=FEPOINT, ET=TRIANGLE
0.152858 -0.756618 0 0 0 0 
0.15259 -0.727474 0 0 0 0 
0.152321 -0.69833 0 0 0 0 
0.152052 -0.669185 0 0 0 0 
0.151784 -0.640041 0 0 0 0 
0.134462 -0.747467 0 0 0 0 
0.134193 -0.718322 0 0 0 0 
0.133924 -0.689178 0 0 0 0 
0.133655 -0.660034 0 0 0 0 
0.116065 -0.738315 0 0 0 0 
0.115796 -0.70917 0 0 0 0 
0.115527 -0.680026 0 0 0 0 
0.097668 -0.729163 0 0 0 0 
0.0973992 -0.700019 0 0 0 0 
0.0792712 -0.720011 0 0 0 0 
1 2 6
2 7 6
2 3 7
3 8 7
3 4 8
4 9 8
4 5 9
6 7 10
7 11 10
7 8 11
8 12 11
8 9 12
10 11 13
11 14 13
11 12 14
13 14 15
ZONE N=15, E=16, F=FEPOINT, ET=TRIANGLE
0.382683 -0.92388 0 0 0 0 
0.405241 -0.91421 0 0 0 0 
0.427555 -0.903989 0 0 0 0 
0.449611 -0.893224 0 0 0 0 
0.471397 -0.881921 0 0 0 0 
0.385444 -0.901425 0 0 0 0 
0.407877 -0.891481 0 0 0 0 
0.43006 -0.880989 0 0 0 0 
0.451979 -0.869956 0 0 0 0 
0.388204 -0.87897 0 0 0 0 
0.410511 -0.868753 0 0 0 0 
0.432561 -0.857991 0 0 0 0 
0.390965 -0.856516 0 0 0 0 
0.413143 -0.846026 0 0 0 0 
0.393725 -0.834061 0 0 0 0 
1 2 6
2 7 6
2 3 7
3 8 7
3 4 8
4 9 8
4 5 9
6 7 10
7 11 10
7 8 11
8 12 11
8 9 12
10 11 13
11 14 13
11 12 14
13 14 15
ZONE N=15, E=16, F=FEPOINT, ET=TRIANGLE
0.0792712 -0.720011 0 0 0 0 
0.0704466 -0.736852 0 0 0 0 
0.0616221 -0.753693 0 0 0 0 
0.0527975 -0.770534 0 0 0 0 
0.043973 -0.787375 0 0 0 0 
0.0871475 -0.743948 0 0 0 0 
0.0783229 -0.760788 0 0 0 0 
0.0694984 -0.777629 0 0 0 0 
0.0606738 -0.79447 0 0 0 0 
0.0950238 -0.767884 0 0 0 0 
0.0861993 -0.784725 0 0 0 0 
0.0773747 -0.801566 0 0 0 0 
0.1029 -0.79182 0 0 0 0 
0.0940756 -0.808661 0 0 0 0 
0.110776 -0.815757 0 0 0 0 
1 2 6
2 7 6
2 3 7
3 8 7
3 4 8
4 9 8
4 5 9
6 7 10
7 11 10
7 8 11
8 12 11
8 9 12
10 11 13
11 14 13
11 12 14
13 14 15
ZONE N=15, E=16, F=FEPOINT, ET=TRIANGLE
-0.00753461 -0.838984 0 0 0 0 
-0.0249622 -0.818176 0 0 0 0 
-0.0423899 -0.797368 0 0 0 0 
-0.0598175 -0.77656 0 0 0 0 
-0.0772452 -0.755752 0 0 0 0 
-0.0257435 -0.838136 0 0 0 0 
-0.0431711 -0.817328 0 0 0 0 
-0.0605988 -0.79652 0 0 0 0 
-0.0780264 -0.775712 0 0 0 0 
-0.0439524 -0.837288 0 0 0 0 
-0.06138 -0.81648 0 0 0 0 
-0.0788077 -0.795672 0 0 0 0 
-0.0621613 -0.83644 0 0 0 0 
-0.0795889 -0.815632 0 0 0 0 
-0.0803702 -0.835593 0 0 0 0 
1 2 6
2 7 6
2 3 7
3 8 7
3 4 8
4 9 8
4 5 9
6 7 10
7 11 10
7 8 11
8 12 11
8 9 12
10 11 13
11 14 13
11 12 14
13 14 15
ZONE N=15, E=16, F=FEPOINT, ET=TRIANGLE
0.0369235 -0.896776 0 0 0 0 
0.0521969 -0.921379 0 0 0 0 
0.0674703 -0.945981 0 0 0 0 
0.0827437 -0.970583 0 0 0 0 
0.0980171 -0.995185 0 0 0 0 
0.0610806 -0.902935 0 0 0 0 
0.076354 -0.927537 0 0 0 0 
0.0916274 -0.952139 0 0 0 0 
0.106901 -0.976741 0 0 0 0 
0.0852377 -0.909094 0 0 0 0 
0.100511 -0.933696 0 0 0 0 
0.115785 -0.958298 0 0 0 0 
0.109395 -0.915252 0 0 0 0 
0.124668 -0.939854 0 0 0 0 
0.133552 -0.921411 0 0 0 0 
1 2 6
2 7 6
2 3 7
3 8 7
3 4 8
4 9 8
4 5 9
6 7 10
7 11 10
7 8 11
8 12 11
8 9 12
10 11 13
11 14 13
11 12 14
13 14 15
ZONE N=15, E=16, F=FEPOINT, ET=TRIANGLE
-0.00753461 -0.838984 0 0 0 0 
-0.0257435 -0.838136 0 0 0 0 
-0.0439524 -0.837288 0 0 0 0 
-0.0621613 -0.83644 0 0 0 0 
-0.0803702 -0.835593 0 0 0 0 
-0.0169503 -0.857726 0 0 0 0 
-0.0351592 -0.856878 0 0 0 0 
-0.0533681 -0.85603 0 0 0 0 
-0.071577 -0.855183 0 0 0 0 
-0.026366 -0.876468 0 0 0 0 
-0.0445749 -0.875621 0 0 0 0 
-0.0627838 -0.874773 0 0 0 0 
-0.0357817 -0.895211 0 0 0 0 
-0.0539906 -0.894363 0 0 0 0 
-0.0451974 -0.913953 0 0 0 0 
1 2 6
2 7 6
2 3 7
3 8 7
3 4 8
4 9 8
4 5 9
6 7 10
7 11 10
7 8 11
8 12 11
8 9 12
10 11 13
11 14 13
11 12 14
13 14 15
ZONE N=15, E=16, F=FEPOINT, ET=TRIANGLE
-0.0451974 -0.913953 0 0 0 0 
-0.0539906 -0.894363 0 0 0 0 
-0.0627838 -0.874773 0 0 0 0 
-0.071577 -0.855183 0 0 0 0 
-0.0803702 -0.835593 0 0 0 0 
-0.0664131 -0.911429 0 0 0 0 
-0.0752063 -0.891839 0 0 0 0 
-0.0839995 -0.872249 0 0 0 0 
-0.0927927 -0.852659 0 0 0 0 
-0.0876288 -0.908905 0 0 0 0 
-0.096422 -0.889315 0 0 0 0 
-0.105215 -0.869725 0 0 0 0 
-0.108844 -0.906381 0 0 0 0 
-0.117638 -0.886791 0 0 0 0 
-0.13006 -0.903857 0 0 0 0 
1 2 6
2 7 6
2 3 7
3 8 7
3 4 8
4 9 8
4 5 9
6 7 10
7 11 10
7 8 11
8 12 11
8 9 12
10 11 13
11 14 13
11 12 14
13 14 15
ZONE N=15, E=16, F=FEPOINT, ET=TRIANGLE
0.218047 -0.501529 0 0 0 0 
0.223479 -0.483781 0 0 0 0 
0.228911 -0.466032 0 0 0 0 
0.234343 -0.448284 0 0 0 0 
0.239776 -0.430536 0 0 0 0 
0.205423 -0.48821 0 0 0 0 
0.210855 -0.470462 0 0 0 0 
0.216287 -0.452713 0 0 0 0 
0.22172 -0.434965 0 0 0 0 
0.192799 -0.474891 0 0 0 0 
0.198231 -0.457142 0 0 0 0 
0.203664 -0.439394 0 0 0 0 
0.180176 -0.461571 0 0 0 0 
0.185608 -0.443823 0 0 0 0 
0.167552 -0.448252 0 0 0 0 
1 2 6
2 7 6
2 3 7
3 8 7
3 4 8
4 9 8
4 5 9
6 7 10
7 11 10
7 8 11
8 12 11
8 9 12
10 11 13
11 14 13
11 12 14
13 14 15
ZONE N=15, E=16, F=FEPOINT, ET=TRIANGLE
0.0722043 -0.400394 0 0 0 0 
0.0960412 -0.412358 0 0 0 0 
0.119878 -0.424323 0 0 0 0 
0.143715 -0.436288 0 0 0 0 
0.167552 -0.448252 0 0 0 0 
0.0906738 -0.39481 0 0 0 0 
0.114511 -0.406775 0 0 0 0 
0.138348 -0.418739 0 0 0 0 
0.162184 -0.430704 0 0 0 0 
0.109143 -0.389226 0 0 0 0 
0.13298 -0.401191 0 0 0 0 
0.156817 -0.413155 0 0 0 0 
0.127613 -0.383642 0 0 0 0 
0.15145 -0.395607 0 0 0 0 
0.146082 -0.378059 0 0 0 0 
1 2 6
2 7 6
2 3 7
3 8 7
3 4 8
4 9 8
4 5 9
6 7 10
7 11 10
7 8 11
8 12 11
8 9 12
10 11 13
11 14 13
11 12 14
13 14 15
ZONE N=15, E=16, F=FEPOINT, ET=TRIANGLE
0.0601165 -0.568009 0 0 0 0 
0.0540018 -0.588594 0 0 0 0 
0.0478871 -0.609178 0 0 0 0 
0.0417724 -0.629763 0 0 0 0 
0.0356578 -0.650347 0 0 0 0 
0.0767271 -0.570457 0 0 0 0 
0.0706124 -0.591041 0 0 0 0 
0.0644977 -0.611626 0 0 0 0 
0.058383 -0.63221 0 0 0 0 
0.0933377 -0.572904 0 0 0 0 
0.087223 -0.593489 0 0 0 0 
0.0811083 -0.614073 0 0 0 0 
0.109948 -0.575351 0 0 0 0 
0.103834 -0.595936 0 0 0 0 
0.126559 -0.577799 0 0 0 0 
1 2 6
2 7 6
2 3 7
3 8 7
3 4 8
4 9 8
4 5 9
6 7 10
7 11 10
7 8 11
8 12 11
8 9 12
10 11 13
11 14 13
11 12 14
13 14 15
ZONE N=15, E=16, F=FEPOINT, ET=TRIANGLE
0.207092 -0.581394 0 0 0 0 
0.186958 -0.580495 0 0 0 0 
0.166825 -0.579596 0 0 0 0 
0.146692 -0.578698 0 0 0 0 
0.126559 -0.577799 0 0 0 0 
0.193265 -0.596056 0 0 0 0 
0.173131 -0.595157 0 0 0 0 
0.152998 -0.594258 0 0 0 0 
0.132865 -0.593359 0 0 0 0 
0.179438 -0.610718 0 0 0 0 
0.159304 -0.609819 0 0 0 0 
0.139171 -0.60892 0 0 0 0 
0.165611 -0.625379 0 0 0 0 
0.145477 -0.624481 0 0 0 0 
0.151784 -0.640041 0 0 0 0 
1 2 6
2 7 6
2 3 7
3 8 7
3 4 8
4 9 8
4 5 9
6 7 10
7 11 10
7 8 11
8 12 11
8 9 12
10 11 13
11 14 13
11 12 14
13 14 15
ZONE N=15, E=16, F=FEPOINT, ET=TRIANGLE
0.271177 -0.697234 0 0 0 0 
0.258538 -0.685314 0 0 0 0 
0.245899 -0.673395 0 0 0 0 
0.23326 -0.661475 0 0 0 0 
0.220621 -0.649556 0 0 0 0 
0.241597 -0.71208 0 0 0 0 
0.228958 -0.70016 0 0 0 0 
0.216319 -0.688241 0 0 0 0 
0.20368 -0.676322 0 0 0 0 
0.212018 -0.726926 0 0 0 0 
0.199379 -0.715007 0 0 0 0 
0.18674 -0.703087 0 0 0 0 
0.182438 -0.741772 0 0 0 0 
0.169799 -0.729853 0 0 0 0 
0.152858 -0.756618 0 0 0 0 
1 2 6
2 7 6
2 3 7
3 8 7
3 4 8
4 9 8
4 5 9
6 7 10
7 11 10
7 8 11
8 12 11
8 9 12
10 11 13
11 14 13
11 12 14
13 14 15
ZONE N=15, E=16, F=FEPOINT, ET=TRIANGLE
0.285334 -0.551443 0 0 0 0 
0.268512 -0.538964 0 0 0 0 
0.25169 -0.526486 0 0 0 0 
0.234868 -0.514007 0 0 0 0 
0.218047 -0.501529 0 0 0 0 
0.265773 -0.55893 0 0 0 0 
0.248952 -0.546452 0 0 0 0 
0.23213 -0.533974 0 0 0 0 
0.215308 -0.521495 0 0 0 0 
0.246213 -0.566418 0 0 0 0 
0.229391 -0.55394 0 0 0 0 
0.212569 -0.541461 0 0 0 0 
0.226652 -0.573906 0 0 0 0 
0.20983 -0.561428 0 0 0 0 
0.207092 -0.581394 0 0 0 0 
1 2 6
2 7 6
2 3 7
3 8 7
3 4 8
4 9 8
4 5 9
6 7 10
7 11 10
7 8 11
8 12 11
8 9 12
10 11 13
11 14 13
11 12 14
13 14 15
ZONE N=15, E=16, F=FEPOINT, ET=TRIANGLE
0.676242 -0.600329 0 0 0 0 
0.658908 -0.588247 0 0 0 0 
0.641574 -0.576165 0 0 0 0 
0.624241 -0.564083 0 0 0 0 
0.606907 -0.552 0 0 0 0 
0.656652 -0.609958 0 0 0 0 
0.639319 -0.597876 0 0 0 0 
0.621985 -0.585794 0 0 0 0 
0.604651 -0.573712 0 0 0 0 
0.637063 -0.619587 0 0 0 0 
0.619729 -0.607505 0 0 0 0 
0.602395 -0.595423 0 0 0 0 
0.617473 -0.629216 0 0 0 0 
0.600139 -0.617134 0 0 0 0 
0.597884 -0.638845 0 0 0 0 
1 2 6
2 7 6
2 3 7
3 8 7
3 4 8
4 9 8
4 5 9
6 7 10
7 11 10
7 8 11
8 12 11
8 9 12
10 11 13
11 14 13
11 12 14
13 14 15
ZONE N=15, E=16, F=FEPOINT, ET=TRIANGLE
0.288461 -0.481228 0 0 0 0 
0.287679 -0.498781 0 0 0 0 
0.286897 -0.516335 0 0 0 0 
0.286116 -0.533889 0 0 0 0 
0.285334 -0.551443 0 0 0 0 
0.305036 -0.487059 0 0 0 0 
0.304254 -0.504613 0 0 0 0 
0.303473 -0.522166 0 0 0 0 
0.302691 -0.53972 0 0 0 0 
0.321611 -0.49289 0 0 0 0 
0.32083 -0.510444 0 0 0 0 
0.320048 -0.527997 0 0 0 0 
0.338187 -0.498721 0 0 0 0 
0.337405 -0.516275 0 0 0 0 
0.354762 -0.504552 0 0 0 0 
1 2 6
2 7 6
2 3 7
3 8 7
3 4 8
4 9 8
4 5 9
6 7 10
7 11 10
7 8 11
8 12 11
8 9 12
10 11 13
11 14 13
11 12 14
13 14 15
ZONE N=15, E=16, F=FEPOINT, ET=TRIANGLE
0.220621 -0.649556 0 0 0 0 
0.238214 -0.643561 0 0 0 0 
0.255808 -0.637566 0 0 0 0 
0.273402 -0.631571 0 0 0 0 
0.290996 -0.625575 0 0 0 0 
0.217238 -0.632516 0 0 0 0 
0.234832 -0.62652 0 0 0 0 
0.252426 -0.620525 0 0 0 0 
0.27002 -0.61453 0 0 0 0 
0.213856 -0.615475 0 0 0 0 
0.23145 -0.60948 0 0 0 0 
0.249044 -0.603485 0 0 0 0 
0.210474 -0.598435 0 0 0 0 
0.228068 -0.592439 0 0 0 0 
0.207092 -0.581394 0 0 0 0 
1 2 6
2 7 6
2 3 7
3 8 7
3 4 8
4 9 8
4 5 9
6 7 10
7 11 10
7 8 11
8 12 11
8 9 12
10 11 13
11 14 13
11 12 14
13 14 15
ZONE N=15, E=16, F=FEPOINT, ET=TRIANGLE
0.290996 -0.625575 0 0 0 0 
0.28958 -0.607042 0 0 0 0 
0.288165 -0.588509 0 0 0 0 
0.286749 -0.569976 0 0 0 0 
0.285334 -0.551443 0 0 0 0 
0.27002 -0.61453 0 0 0 0 
0.268604 -0.595997 0 0 0 0 
0.267189 -0.577464 0 0 0 0 
0.265773 -0.55893 0 0 0 0 
0.249044 -0.603485 0 0 0 0 
0.247628 -0.584952 0 0 0 0 
0.246213 -0.566418 0 0 0 0 
0.228068 -0.592439 0 0 0 0 
0.226652 -0.573906 0 0 0 0 
0.207092 -0.581394 0 0 0 0 
1 2 6
2 7 6
2 3 7
3 8 7
3 4 8
4 9 8
4 5 9
6 7 10
7 11 10
7 8 11
8 12 11
8 9 12
10 11 13
11 14 13
11 12 14
13 14 15
ZONE N=15, E=16, F=FEPOINT, ET=TRIANGLE
0.151784 -0.640041 0 0 0 0 
0.152052 -0.669185 0 0 0 0 
0.152321 -0.69833 0 0 0 0 
0.15259 -0.727474 0 0 0 0 
0.152858 -0.756618 0 0 0 0 
0.168993 -0.64242 0 0 0 0 
0.169262 -0.671564 0 0 0 0 
0.16953 -0.700708 0 0 0 0 
0.169799 -0.729853 0 0 0 0 
0.186202 -0.644799 0 0 0 0 
0.186471 -0.673943 0 0 0 0 
0.18674 -0.703087 0 0 0 0 
0.203411 -0.647177 0 0 0 0 
0.20368 -0.676322 0 0 0 0 
0.220621 -0.649556 0 0 0 0 
1 2 6
2 7 6
2 3 7
3 8 7
3 4 8
4 9 8
4 5 9
6 7 10
7 11 10
7 8 11
8 12 11
8 9 12
10 11 13
11 14 13
11 12 14
13 14 15
ZONE N=15, E=16, F=FEPOINT, ET=TRIANGLE
0.290996 -0.625575 0 0 0 0 
0.273402 -0.631571 0 0 0 0 
0.255808 -0.637566 0 0 0 0 
0.238214 -0.643561 0 0 0 0 
0.220621 -0.649556 0 0 0 0 
0.286041 -0.64349 0 0 0 0 
0.268447 -0.649485 0 0 0 0 
0.250853 -0.65548 0 0 0 0 
0.23326 -0.661475 0 0 0 0 
0.281086 -0.661405 0 0 0 0 
0.263492 -0.6674 0 0 0 0 
0.245899 -0.673395 0 0 0 0 
0.276131 -0.679319 0 0 0 0 
0.258538 -0.685314 0 0 0 0 
0.271177 -0.697234 0 0 0 0 
1 2 6
2 7 6
2 3 7
3 8 7
3 4 8
4 9 8
4 5 9
6 7 10
7 11 10
7 8 11
8 12 11
8 9 12
10 11 13
11 14 13
11 12 14
13 14 15
ZONE N=15, E=16, F=FEPOINT, ET=TRIANGLE
0.467139 -0.786911 0 0 0 0 
0.450869 -0.779159 0 0 0 0 
0.434599 -0.771407 0 0 0 0 
0.41833 -0.763655 0 0 0 0 
0.40206 -0.755903 0 0 0 0 
0.448785 -0.798698 0 0 0 0 
0.432516 -0.790946 0 0 0 0 
0.416246 -0.783195 0 0 0 0 
0.399977 -0.775443 0 0 0 0 
0.430432 -0.810486 0 0 0 0 
0.414162 -0.802734 0 0 0 0 
0.397893 -0.794982 0 0 0 0 
0.412079 -0.822274 0 0 0 0 
0.395809 -0.814522 0 0 0 0 
0.393725 -0.834061 0 0 0 0 
1 2 6
2 7 6
2 3 7
3 8 7
3 4 8
4 9 8
4 5 9
6 7 10
7 11 10
7 8 11
8 12 11
8 9 12
10 11 13
11 14 13
11 12 14
13 14 15
ZONE N=15, E=16, F=FEPOINT, ET=TRIANGLE
0.357348 -0.583225 0 0 0 0 
0.339345 -0.57528 0 0 0 0 
0.321341 -0.567334 0 0 0 0 
0.303338 -0.559388 0 0 0 0 
0.285334 -0.551443 0 0 0 0 
0.34076 -0.593813 0 0 0 0 
0.322757 -0.585867 0 0 0 0 
0.304753 -0.577921 0 0 0 0 
0.286749 -0.569976 0 0 0 0 
0.324172 -0.6044 0 0 0 0 
0.306168 -0.596455 0 0 0 0 
0.288165 -0.588509 0 0 0 0 
0.307584 -0.614988 0 0 0 0 
0.28958 -0.607042 0 0 0 0 
0.290996 -0.625575 0 0 0 0 
1 2 6
2 7 6
2 3 7
3 8 7
3 4 8
4 9 8
4 5 9
6 7 10
7 11 10
7 8 11
8 12 11
8 9 12
10 11 13
11 14 13
11 12 14
13 14 15
ZONE N=15, E=16, F=FEPOINT, ET=TRIANGLE
0.354762 -0.504552 0 0 0 0 
0.352226 -0.486799 0 0 0 0 
0.349691 -0.469046 0 0 0 0 
0.347155 -0.451294 0 0 0 0 
0.344619 -0.433541 0 0 0 0 
0.338187 -0.498721 0 0 0 0 
0.335651 -0.480968 0 0 0 0 
0.333115 -0.463215 0 0 0 0 
0.330579 -0.445463 0 0 0 0 
0.321611 -0.49289 0 0 0 0 
0.319076 -0.475137 0 0 0 0 
0.31654 -0.457384 0 0 0 0 
0.305036 -0.487059 0 0 0 0 
0.3025 -0.469306 0 0 0 0 
0.288461 -0.481228 0 0 0 0 
1 2 6
2 7 6
2 3 7
3 8 7
3 4 8
4 9 8
4 5 9
6 7 10
7 11 10
7 8 11
8 12 11
8 9 12
10 11 13
11 14 13
11 12 14
13 14 15
ZONE N=15, E=16, F=FEPOINT, ET=TRIANGLE
0.239776 -0.430536 0 0 0 0 
0.234343 -0.448284 0 0 0 0 
0.228911 -0.466032 0 0 0 0 
0.223479 -0.483781 0 0 0 0 
0.218047 -0.501529 0 0 0 0 
0.251947 -0.443209 0 0 0 0 
0.246515 -0.460957 0 0 0 0 
0.241082 -0.478705 0 0 0 0 
0.23565 -0.496454 0 0 0 0 
0.264118 -0.455882 0 0 0 0 
0.258686 -0.47363 0 0 0 0 
0.253254 -0.491378 0 0 0 0 
0.276289 -0.468555 0 0 0 0 
0.270857 -0.486303 0 0 0 0 
0.288461 -0.481228 0 0 0 0 
1 2 6
2 7 6
2 3 7
3 8 7
3 4 8
4 9 8
4 5 9
6 7 10
7 11 10
7 8 11
8 12 11
8 9 12
10 11 13
11 14 13
11 12 14
13 14 15
ZONE N=15, E=16, F=FEPOINT, ET=TRIANGLE
0.428926 -0.623798 0 0 0 0 
0.437601 -0.643884 0 0 0 0 
0.446275 -0.66397 0 0 0 0 
0.45495 -0.684056 0 0 0 0 
0.463624 -0.704142 0 0 0 0 
0.449436 -0.625482 0 0 0 0 
0.458111 -0.645568 0 0 0 0 
0.466785 -0.665654 0 0 0 0 
0.47546 -0.68574 0 0 0 0 
0.469947 -0.627167 0 0 0 0 
0.478621 -0.647253 0 0 0 0 
0.487296 -0.667339 0 0 0 0 
0.490457 -0.628851 0 0 0 0 
0.499131 -0.648938 0 0 0 0 
0.510967 -0.630536 0 0 0 0 
1 2 6
2 7 6
2 3 7
3 8 7
3 4 8
4 9 8
4 5 9
6 7 10
7 11 10
7 8 11
8 12 11
8 9 12
10 11 13
11 14 13
11 12 14
13 14 15
ZONE N=15, E=16, F=FEPOINT, ET=TRIANGLE
0.357348 -0.583225 0 0 0 0 
0.362409 -0.609443 0 0 0 0 
0.36747 -0.63566 0 0 0 0 
0.372531 -0.661878 0 0 0 0 
0.377591 -0.688096 0 0 0 0 
0.375243 -0.593368 0 0 0 0 
0.380303 -0.619586 0 0 0 0 
0.385364 -0.645804 0 0 0 0 
0.390425 -0.672021 0 0 0 0 
0.393137 -0.603511 0 0 0 0 
0.398198 -0.629729 0 0 0 0 
0.403259 -0.655947 0 0 0 0 
0.411032 -0.613654 0 0 0 0 
0.416093 -0.639872 0 0 0 0 
0.428926 -0.623798 0 0 0 0 
1 2 6
2 7 6
2 3 7
3 8 7
3 4 8
4 9 8
4 5 9
6 7 10
7 11 10
7 8 11
8 12 11
8 9 12
10 11 13
11 14 13
11 12 14
13 14 15
ZONE N=15, E=16, F=FEPOINT, ET=TRIANGLE
0.271177 -0.697234 0 0 0 0 
0.29778 -0.694949 0 0 0 0 
0.324384 -0.692665 0 0 0 0 
0.350988 -0.69038 0 0 0 0 
0.377591 -0.688096 0 0 0 0 
0.276131 -0.679319 0 0 0 0 
0.302735 -0.677035 0 0 0 0 
0.329339 -0.67475 0 0 0 0 
0.355942 -0.672466 0 0 0 0 
0.281086 -0.661405 0 0 0 0 
0.30769 -0.65912 0 0 0 0 
0.334294 -0.656835 0 0 0 0 
0.286041 -0.64349 0 0 0 0 
0.312645 -0.641205 0 0 0 0 
0.290996 -0.625575 0 0 0 0 
1 2 6
2 7 6
2 3 7
3 8 7
3 4 8
4 9 8
4 5 9
6 7 10
7 11 10
7 8 11
8 12 11
8 9 12
10 11 13
11 14 13
11 12 14
13 14 15
ZONE N=15, E=16, F=FEPOINT, ET=TRIANGLE
0.290996 -0.625575 0 0 0 0 
0.312645 -0.641205 0 0 0 0 
0.334294 -0.656835 0 0 0 0 
0.355942 -0.672466 0 0 0 0 
0.377591 -0.688096 0 0 0 0 
0.307584 -0.614988 0 0 0 0 
0.329233 -0.630618 0 0 0 0 
0.350882 -0.646248 0 0 0 0 
0.372531 -0.661878 0 0 0 0 
0.324172 -0.6044 0 0 0 0 
0.345821 -0.62003 0 0 0 0 
0.36747 -0.63566 0 0 0 0 
0.34076 -0.593813 0 0 0 0 
0.362409 -0.609443 0 0 0 0 
0.357348 -0.583225 0 0 0 0 
1 2 6
2 7 6
2 3 7
3 8 7
3 4 8
4 9 8
4 5 9
6 7 10
7 11 10
7 8 11
8 12 11
8 9 12
10 11 13
11 14 13
11 12 14
13 14 15
ZONE N=15, E=16, F=FEPOINT, ET=TRIANGLE
0.424542 -0.541637 0 0 0 0 
0.407097 -0.532366 0 0 0 0 
0.389652 -0.523095 0 0 0 0 
0.372207 -0.513823 0 0 0 0 
0.354762 -0.504552 0 0 0 0 
0.407743 -0.552034 0 0 0 0 
0.390298 -0.542763 0 0 0 0 
0.372853 -0.533492 0 0 0 0 
0.355409 -0.52422 0 0 0 0 
0.390945 -0.562431 0 0 0 0 
0.3735 -0.55316 0 0 0 0 
0.356055 -0.543889 0 0 0 0 
0.374147 -0.572828 0 0 0 0 
0.356702 -0.563557 0 0 0 0 
0.357348 -0.583225 0 0 0 0 
1 2 6
2 7 6
2 3 7
3 8 7
3 4 8
4 9 8
4 5 9
6 7 10
7 11 10
7 8 11
8 12 11
8 9 12
10 11 13
11 14 13
11 12 14
13 14 15
ZONE N=15, E=16, F=FEPOINT, ET=TRIANGLE
0.40206 -0.755903 0 0 0 0 
0.384047 -0.756467 0 0 0 0 
0.366034 -0.757031 0 0 0 0 
0.348021 -0.757594 0 0 0 0 
0.330008 -0.758158 0 0 0 0 
0.399977 -0.775443 0 0 0 0 
0.381964 -0.776006 0 0 0 0 
0.36395 -0.77657 0 0 0 0 
0.345937 -0.777134 0 0 0 0 
0.397893 -0.794982 0 0 0 0 
0.37988 -0.795546 0 0 0 0 
0.361867 -0.79611 0 0 0 0 
0.395809 -0.814522 0 0 0 0 
0.377796 -0.815085 0 0 0 0 
0.393725 -0.834061 0 0 0 0 
1 2 6
2 7 6
2 3 7
3 8 7
3 4 8
4 9 8
4 5 9
6 7 10
7 11 10
7 8 11
8 12 11
8 9 12
10 11 13
11 14 13
11 12 14
13 14 15
ZONE N=15, E=16, F=FEPOINT, ET=TRIANGLE
0.495801 -0.507482 0 0 0 0 
0.492042 -0.473873 0 0 0 0 
0.488282 -0.440264 0 0 0 0 
0.484523 -0.406656 0 0 0 0 
0.480763 -0.373047 0 0 0 0 
0.480343 -0.498085 0 0 0 0 
0.476584 -0.464476 0 0 0 0 
0.472824 -0.430867 0 0 0 0 
0.469064 -0.397258 0 0 0 0 
0.464885 -0.488687 0 0 0 0 
0.461126 -0.455079 0 0 0 0 
0.457366 -0.42147 0 0 0 0 
0.449427 -0.47929 0 0 0 0 
0.445668 -0.445681 0 0 0 0 
0.433969 -0.469893 0 0 0 0 
1 2 6
2 7 6
2 3 7
3 8 7
3 4 8
4 9 8
4 5 9
6 7 10
7 11 10
7 8 11
8 12 11
8 9 12
10 11 13
11 14 13
11 12 14
13 14 15
ZONE N=15, E=16, F=FEPOINT, ET=TRIANGLE
0.344619 -0.433541 0 0 0 0 
0.366957 -0.442629 0 0 0 0 
0.389294 -0.451717 0 0 0 0 
0.411632 -0.460805 0 0 0 0 
0.433969 -0.469893 0 0 0 0 
0.361647 -0.425335 0 0 0 0 
0.383985 -0.434423 0 0 0 0 
0.406322 -0.443511 0 0 0 0 
0.42866 -0.452599 0 0 0 0 
0.378676 -0.41713 0 0 0 0 
0.401013 -0.426218 0 0 0 0 
0.423351 -0.435306 0 0 0 0 
0.395704 -0.408924 0 0 0 0 
0.418042 -0.418012 0 0 0 0 
0.412732 -0.400718 0 0 0 0 
1 2 6
2 7 6
2 3 7
3 8 7
3 4 8
4 9 8
4 5 9
6 7 10
7 11 10
7 8 11
8 12 11
8 9 12
10 11 13
11 14 13
11 12 14
13 14 15
ZONE N=15, E=16, F=FEPOINT, ET=TRIANGLE
0.377591 -0.688096 0 0 0 0 
0.3991 -0.692107 0 0 0 0 
0.420608 -0.696119 0 0 0 0 
0.442116 -0.70013 0 0 0 0 
0.463624 -0.704142 0 0 0 0 
0.390425 -0.672021 0 0 0 0 
0.411933 -0.676033 0 0 0 0 
0.433441 -0.680044 0 0 0 0 
0.45495 -0.684056 0 0 0 0 
0.403259 -0.655947 0 0 0 0 
0.424767 -0.659958 0 0 0 0 
0.446275 -0.66397 0 0 0 0 
0.416093 -0.639872 0 0 0 0 
0.437601 -0.643884 0 0 0 0 
0.428926 -0.623798 0 0 0 0 
1 2 6
2 7 6
2 3 7
3 8 7
3 4 8
4 9 8
4 5 9
6 7 10
7 11 10
7 8 11
8 12 11
8 9 12
10 11 13
11 14 13
11 12 14
13 14 15
ZONE N=15, E=16, F=FEPOINT, ET=TRIANGLE
0.675351 -0.453808 0 0 0 0 
0.695244 -0.451471 0 0 0 0 
0.715136 -0.449135 0 0 0 0 
0.735028 -0.446799 0 0 0 0 
0.754921 -0.444462 0 0 0 0 
0.687194 -0.437655 0 0 0 0 
0.707087 -0.435319 0 0 0 0 
0.726979 -0.432983 0 0 0 0 
0.746872 -0.430646 0 0 0 0 
0.699038 -0.421503 0 0 0 0 
0.71893 -0.419167 0 0 0 0 
0.738823 -0.41683 0 0 0 0 
0.710881 -0.405351 0 0 0 0 
0.730774 -0.403014 0 0 0 0 
0.722725 -0.389198 0 0 0 0 
1 2 6
2 7 6
2 3 7
3 8 7
3 4 8
4 9 8
4 5 9
6 7 10
7 11 10
7 8 11
8 12 11
8 9 12
10 11 13
11 14 13
11 12 14
13 14 15
ZONE N=15, E=16, F=FEPOINT, ET=TRIANGLE
0.283319 0.188865 0 0 0 0 
0.298426 0.169348 0 0 0 0 
0.313534 0.14983 0 0 0 0 
0.328642 0.130313 0 0 0 0 
0.34375 0.110795 0 0 0 0 
0.299964 0.186144 0 0 0 0 
0.315072 0.166626 0 0 0 0 
0.330179 0.147109 0 0 0 0 
0.345287 0.127591 0 0 0 0 
0.316609 0.183422 0 0 0 0 
0.331717 0.163905 0 0 0 0 
0.346825 0.144387 0 0 0 0 
0.333254 0.180701 0 0 0 0 
0.348362 0.161183 0 0 0 0 
0.349899 0.177979 0 0 0 0 
1 2 6
2 7 6
2 3 7
3 8 7
3 4 8
4 9 8
4 5 9
6 7 10
7 11 10
7 8 11
8 12 11
8 9 12
10 11 13
11 14 13
11 12 14
13 14 15
ZONE N=15, E=16, F=FEPOINT, ET=TRIANGLE
0.310262 0.252078 0 0 0 0 
0.303526 0.236275 0 0 0 0 
0.29679 0.220472 0 0 0 0 
0.290054 0.204669 0 0 0 0 
0.283319 0.188865 0 0 0 0 
0.320171 0.233553 0 0 0 0 
0.313435 0.21775 0 0 0 0 
0.3067 0.201947 0 0 0 0 
0.299964 0.186144 0 0 0 0 
0.330081 0.215029 0 0 0 0 
0.323345 0.199225 0 0 0 0 
0.316609 0.183422 0 0 0 0 
0.33999 0.196504 0 0 0 0 
0.333254 0.180701 0 0 0 0 
0.349899 0.177979 0 0 0 0 
1 2 6
2 7 6
2 3 7
3 8 7
3 4 8
4 9 8
4 5 9
6 7 10
7 11 10
7 8 11
8 12 11
8 9 12
10 11 13
11 14 13
11 12 14
13 14 15
ZONE N=15, E=16, F=FEPOINT, ET=TRIANGLE
0.34375 0.110795 0 0 0 0 
0.373379 0.120154 0 0 0 0 
0.403008 0.129513 0 0 0 0 
0.432637 0.138872 0 0 0 0 
0.462266 0.148231 0 0 0 0 
0.345287 0.127591 0 0 0 0 
0.374916 0.13695 0 0 0 0 
0.404546 0.146309 0 0 0 0 
0.434175 0.155668 0 0 0 0 
0.346825 0.144387 0 0 0 0 
0.376454 0.153746 0 0 0 0 
0.406083 0.163105 0 0 0 0 
0.348362 0.161183 0 0 0 0 
0.377991 0.170542 0 0 0 0 
0.349899 0.177979 0 0 0 0 
1 2 6
2 7 6
2 3 7
3 8 7
3 4 8
4 9 8
4 5 9
6 7 10
7 11 10
7 8 11
8 12 11
8 9 12
10 11 13
11 14 13
11 12 14
13 14 15
ZONE N=15, E=16, F=FEPOINT, ET=TRIANGLE
0.377799 0.239405 0 0 0 0 
0.360914 0.242573 0 0 0 0 
0.34403 0.245742 0 0 0 0 
0.327146 0.24891 0 0 0 0 
0.310262 0.252078 0 0 0 0 
0.370824 0.224049 0 0 0 0 
0.35394 0.227217 0 0 0 0 
0.337055 0.230385 0 0 0 0 
0.320171 0.233553 0 0 0 0 
0.363849 0.208692 0 0 0 0 
0.346965 0.21186 0 0 0 0 
0.330081 0.215029 0 0 0 0 
0.356874 0.193336 0 0 0 0 
0.33999 0.196504 0 0 0 0 
0.349899 0.177979 0 0 0 0 
1 2 6
2 7 6
2 3 7
3 8 7
3 4 8
4 9 8
4 5 9
6 7 10
7 11 10
7 8 11
8 12 11
8 9 12
10 11 13
11 14 13
11 12 14
13 14 15
ZONE N=15, E=16, F=FEPOINT, ET=TRIANGLE
-0.55557 0.83147 0 0 0 0 
-0.554941 0.805202 0 0 0 0 
-0.554311 0.778934 0 0 0 0 
-0.553681 0.752667 0 0 0 0 
-0.553052 0.726399 0 0 0 0 
-0.53503 0.822676 0 0 0 0 
-0.5344 0.796408 0 0 0 0 
-0.53377 0.77014 0 0 0 0 
-0.533141 0.743873 0 0 0 0 
-0.514489 0.813881 0 0 0 0 
-0.513859 0.787614 0 0 0 0 
-0.51323 0.761346 0 0 0 0 
-0.493948 0.805087 0 0 0 0 
-0.493319 0.77882 0 0 0 0 
-0.473408 0.796293 0 0 0 0 
1 2 6
2 7 6
2 3 7
3 8 7
3 4 8
4 9 8
4 5 9
6 7 10
7 11 10
7 8 11
8 12 11
8 9 12
10 11 13
11 14 13
11 12 14
13 14 15
ZONE N=15, E=16, F=FEPOINT, ET=TRIANGLE
-0.663291 0.599881 0 0 0 0 
-0.647527 0.582526 0 0 0 0 
-0.631764 0.56517 0 0 0 0 
-0.616001 0.547814 0 0 0 0 
-0.600237 0.530459 0 0 0 0 
-0.645623 0.603434 0 0 0 0 
-0.629859 0.586078 0 0 0 0 
-0.614096 0.568722 0 0 0 0 
-0.598333 0.551367 0 0 0 0 
-0.627955 0.606986 0 0 0 0 
-0.612192 0.589631 0 0 0 0 
-0.596428 0.572275 0 0 0 0 
-0.610287 0.610539 0 0 0 0 
-0.594524 0.593183 0 0 0 0 
-0.592619 0.614091 0 0 0 0 
1 2 6
2 7 6
2 3 7
3 8 7
3 4 8
4 9 8
4 5 9
6 7 10
7 11 10
7 8 11
8 12 11
8 9 12
10 11 13
11 14 13
11 12 14
13 14 15
ZONE N=15, E=16, F=FEPOINT, ET=TRIANGLE
-0.534684 0.571197 0 0 0 0 
-0.530735 0.591673 0 0 0 0 
-0.526787 0.612149 0 0 0 0 
-0.522839 0.632625 0 0 0 0 
-0.518891 0.653101 0 0 0 0 
-0.549168 0.581921 0 0 0 0 
-0.545219 0.602397 0 0 0 0 
-0.541271 0.622873 0 0 0 0 
-0.537323 0.643349 0 0 0 0 
-0.563651 0.592644 0 0 0 0 
-0.559703 0.61312 0 0 0 0 
-0.555755 0.633596 0 0 0 0 
-0.578135 0.603368 0 0 0 0 
-0.574187 0.623844 0 0 0 0 
-0.592619 0.614091 0 0 0 0 
1 2 6
2 7 6
2 3 7
3 8 7
3 4 8
4 9 8
4 5 9
6 7 10
7 11 10
7 8 11
8 12 11
8 9 12
10 11 13
11 14 13
11 12 14
13 14 15
ZONE N=15, E=16, F=FEPOINT, ET=TRIANGLE
-0.534684 0.571197 0 0 0 0 
-0.518771 0.578747 0 0 0 0 
-0.502858 0.586298 0 0 0 0 
-0.486945 0.593848 0 0 0 0 
-0.471033 0.601398 0 0 0 0 
-0.530735 0.591673 0 0 0 0 
-0.514823 0.599223 0 0 0 0 
-0.49891 0.606774 0 0 0 0 
-0.482997 0.614324 0 0 0 0 
-0.526787 0.612149 0 0 0 0 
-0.510874 0.619699 0 0 0 0 
-0.494962 0.627249 0 0 0 0 
-0.522839 0.632625 0 0 0 0 
-0.506926 0.640175 0 0 0 0 
-0.518891 0.653101 0 0 0 0 
1 2 6
2 7 6
2 3 7
3 8 7
3 4 8
4 9 8
4 5 9
6 7 10
7 11 10
7 8 11
8 12 11
8 9 12
10 11 13
11 14 13
11 12 14
13 14 15
ZONE N=15, E=16, F=FEPOINT, ET=TRIANGLE
-0.553052 0.726399 0 0 0 0 
-0.544511 0.708075 0 0 0 0 
-0.535971 0.68975 0 0 0 0 
-0.527431 0.671426 0 0 0 0 
-0.518891 0.653101 0 0 0 0 
-0.532861 0.72537 0 0 0 0 
-0.524321 0.707045 0 0 0 0 
-0.51578 0.688721 0 0 0 0 
-0.50724 0.670396 0 0 0 0 
-0.51267 0.72434 0 0 0 0 
-0.50413 0.706016 0 0 0 0 
-0.49559 0.687691 0 0 0 0 
-0.492479 0.723311 0 0 0 0 
-0.483939 0.704986 0 0 0 0 
-0.472289 0.722281 0 0 0 0 
1 2 6
2 7 6
2 3 7
3 8 7
3 4 8
4 9 8
4 5 9
6 7 10
7 11 10
7 8 11
8 12 11
8 9 12
10 11 13
11 14 13
11 12 14
13 14 15
ZONE N=15, E=16, F=FEPOINT, ET=TRIANGLE
-0.534684 0.571197 0 0 0 0 
-0.512733 0.562072 0 0 0 0 
-0.490782 0.552947 0 0 0 0 
-0.468831 0.543821 0 0 0 0 
-0.446881 0.534696 0 0 0 0 
-0.518771 0.578747 0 0 0 0 
-0.49682 0.569622 0 0 0 0 
-0.474869 0.560497 0 0 0 0 
-0.452919 0.551371 0 0 0 0 
-0.502858 0.586298 0 0 0 0 
-0.480907 0.577172 0 0 0 0 
-0.458957 0.568047 0 0 0 0 
-0.486945 0.593848 0 0 0 0 
-0.464995 0.584723 0 0 0 0 
-0.471033 0.601398 0 0 0 0 
1 2 6
2 7 6
2 3 7
3 8 7
3 4 8
4 9 8
4 5 9
6 7 10
7 11 10
7 8 11
8 12 11
8 9 12
10 11 13
11 14 13
11 12 14
13 14 15
ZONE N=15, E=16, F=FEPOINT, ET=TRIANGLE
-0.401653 0.613646 0 0 0 0 
-0.419312 0.640805 0 0 0 0 
-0.436971 0.667964 0 0 0 0 
-0.45463 0.695122 0 0 0 0 
-0.472289 0.722281 0 0 0 0 
-0.418998 0.610584 0 0 0 0 
-0.436657 0.637743 0 0 0 0 
-0.454316 0.664902 0 0 0 0 
-0.471975 0.69206 0 0 0 0 
-0.436343 0.607522 0 0 0 0 
-0.454002 0.634681 0 0 0 0 
-0.471661 0.66184 0 0 0 0 
-0.453688 0.60446 0 0 0 0 
-0.471347 0.631619 0 0 0 0 
-0.471033 0.601398 0 0 0 0 
1 2 6
2 7 6
2 3 7
3 8 7
3 4 8
4 9 8
4 5 9
6 7 10
7 11 10
7 8 11
8 12 11
8 9 12
10 11 13
11 14 13
11 12 14
13 14 15
ZONE N=15, E=16, F=FEPOINT, ET=TRIANGLE
-0.473408 0.796293 0 0 0 0 
-0.493319 0.77882 0 0 0 0 
-0.51323 0.761346 0 0 0 0 
-0.533141 0.743873 0 0 0 0 
-0.553052 0.726399 0 0 0 0 
-0.473128 0.77779 0 0 0 0 
-0.493039 0.760317 0 0 0 0 
-0.51295 0.742843 0 0 0 0 
-0.532861 0.72537 0 0 0 0 
-0.472848 0.759287 0 0 0 0 
-0.492759 0.741814 0 0 0 0 
-0.51267 0.72434 0 0 0 0 
-0.472568 0.740784 0 0 0 0 
-0.492479 0.723311 0 0 0 0 
-0.472289 0.722281 0 0 0 0 
1 2 6
2 7 6
2 3 7
3 8 7
3 4 8
4 9 8
4 5 9
6 7 10
7 11 10
7 8 11
8 12 11
8 9 12
10 11 13
11 14 13
11 12 14
13 14 15
ZONE N=15, E=16, F=FEPOINT, ET=TRIANGLE
-0.634393 0.77301 0 0 0 0 
-0.632843 0.748955 0 0 0 0 
-0.631292 0.7249 0 0 0 0 
-0.629742 0.700845 0 0 0 0 
-0.628191 0.676789 0 0 0 0 
-0.614058 0.761358 0 0 0 0 
-0.612507 0.737302 0 0 0 0 
-0.610957 0.713247 0 0 0 0 
-0.609406 0.689192 0 0 0 0 
-0.593722 0.749705 0 0 0 0 
-0.592172 0.72565 0 0 0 0 
-0.590621 0.701594 0 0 0 0 
-0.573387 0.738052 0 0 0 0 
-0.571837 0.713997 0 0 0 0 
-0.553052 0.726399 0 0 0 0 
1 2 6
2 7 6
2 3 7
3 8 7
3 4 8
4 9 8
4 5 9
6 7 10
7 11 10
7 8 11
8 12 11
8 9 12
10 11 13
11 14 13
11 12 14
13 14 15
ZONE N=15, E=16, F=FEPOINT, ET=TRIANGLE
0.420934 0.0727606 0 0 0 0 
0.409451 0.0545704 0 0 0 0 
0.397967 0.0363803 0 0 0 0 
0.386484 0.0181901 0 0 0 0 
0.375 0 0 0 0 0 
0.440701 0.0545704 0 0 0 0 
0.429217 0.0363803 0 0 0 0 
0.417734 0.0181901 0 0 0 0 
0.40625 0 0 0 0 0 
0.460467 0.0363803 0 0 0 0 
0.448984 0.0181901 0 0 0 0 
0.4375 0 0 0 0 0 
0.480234 0.0181901 0 0 0 0 
0.46875 0 0 0 0 0 
0.5 0 0 0 0 0 
1 2 6
2 7 6
2 3 7
3 8 7
3 4 8
4 9 8
4 5 9
6 7 10
7 11 10
7 8 11
8 12 11
8 9 12
10 11 13
11 14 13
11 12 14
13 14 15
ZONE N=15, E=16, F=FEPOINT, ET=TRIANGLE
0.5 0 0 0 0 0 
0.50947 0.0221402 0 0 0 0 
0.51894 0.0442803 0 0 0 0 
0.528409 0.0664205 0 0 0 0 
0.537879 0.0885607 0 0 0 0 
0.480234 0.0181901 0 0 0 0 
0.489703 0.0403303 0 0 0 0 
0.499173 0.0624705 0 0 0 0 
0.508643 0.0846106 0 0 0 0 
0.460467 0.0363803 0 0 0 0 
0.469937 0.0585205 0 0 0 0 
0.479407 0.0806606 0 0 0 0 
0.440701 0.0545704 0 0 0 0 
0.450171 0.0767106 0 0 0 0 
0.420934 0.0727606 0 0 0 0 
1 2 6
2 7 6
2 3 7
3 8 7
3 4 8
4 9 8
4 5 9
6 7 10
7 11 10
7 8 11
8 12 11
8 9 12
10 11 13
11 14 13
11 12 14
13 14 15
ZONE N=15, E=16, F=FEPOINT, ET=TRIANGLE
0.635905 0.688334 0 0 0 0 
0.653705 0.693027 0 0 0 0 
0.671506 0.69772 0 0 0 0 
0.689306 0.702414 0 0 0 0 
0.707107 0.707107 0 0 0 0 
0.635527 0.709503 0 0 0 0 
0.65353 0.714419 0 0 0 0 
0.671534 0.719334 0 0 0 0 
0.689541 0.724247 0 0 0 0 
0.635149 0.730672 0 0 0 0 
0.653352 0.735813 0 0 0 0 
0.671559 0.740951 0 0 0 0 
0.634771 0.751841 0 0 0 0 
0.653173 0.757209 0 0 0 0 
0.634393 0.77301 0 0 0 0 
1 2 6
2 7 6
2 3 7
3 8 7
3 4 8
4 9 8
4 5 9
6 7 10
7 11 10
7 8 11
8 12 11
8 9 12
10 11 13
11 14 13
11 12 14
13 14 15
ZONE N=15, E=16, F=FEPOINT, ET=TRIANGLE
0.635905 0.688334 0 0 0 0 
0.61056 0.690148 0 0 0 0 
0.585216 0.691963 0 0 0 0 
0.559872 0.693777 0 0 0 0 
0.534527 0.695591 0 0 0 0 
0.620381 0.674477 0 0 0 0 
0.595037 0.676292 0 0 0 0 
0.569693 0.678106 0 0 0 0 
0.544348 0.67992 0 0 0 0 
0.604858 0.660621 0 0 0 0 
0.579514 0.662435 0 0 0 0 
0.554169 0.664249 0 0 0 0 
0.589335 0.646764 0 0 0 0 
0.56399 0.648578 0 0 0 0 
0.573811 0.632907 0 0 0 0 
1 2 6
2 7 6
2 3 7
3 8 7
3 4 8
4 9 8
4 5 9
6 7 10
7 11 10
7 8 11
8 12 11
8 9 12
10 11 13
11 14 13
11 12 14
13 14 15
ZONE N=15, E=16, F=FEPOINT, ET=TRIANGLE
0.562196 0.753598 0 0 0 0 
0.580623 0.737282 0 0 0 0 
0.599051 0.720966 0 0 0 0 
0.617478 0.70465 0 0 0 0 
0.635905 0.688334 0 0 0 0 
0.580246 0.758451 0 0 0 0 
0.598673 0.742135 0 0 0 0 
0.6171 0.725819 0 0 0 0 
0.635527 0.709503 0 0 0 0 
0.598295 0.763304 0 0 0 0 
0.616722 0.746988 0 0 0 0 
0.635149 0.730672 0 0 0 0 
0.616344 0.768157 0 0 0 0 
0.634771 0.751841 0 0 0 0 
0.634393 0.77301 0 0 0 0 
1 2 6
2 7 6
2 3 7
3 8 7
3 4 8
4 9 8
4 5 9
6 7 10
7 11 10
7 8 11
8 12 11
8 9 12
10 11 13
11 14 13
11 12 14
13 14 15
ZONE N=15, E=16, F=FEPOINT, ET=TRIANGLE
0.475955 0.800105 0 0 0 0 
0.497515 0.788479 0 0 0 0 
0.519076 0.776852 0 0 0 0 
0.540636 0.765225 0 0 0 0 
0.562196 0.753598 0 0 0 0 
0.495859 0.807946 0 0 0 0 
0.517419 0.79632 0 0 0 0 
0.53898 0.784693 0 0 0 0 
0.56054 0.773066 0 0 0 0 
0.515763 0.815787 0 0 0 0 
0.537323 0.804161 0 0 0 0 
0.558883 0.792534 0 0 0 0 
0.535666 0.823629 0 0 0 0 
0.557227 0.812002 0 0 0 0 
0.55557 0.83147 0 0 0 0 
1 2 6
2 7 6
2 3 7
3 8 7
3 4 8
4 9 8
4 5 9
6 7 10
7 11 10
7 8 11
8 12 11
8 9 12
10 11 13
11 14 13
11 12 14
13 14 15
ZONE N=15, E=16, F=FEPOINT, ET=TRIANGLE
0.534527 0.695591 0 0 0 0 
0.559872 0.693777 0 0 0 0 
0.585216 0.691963 0 0 0 0 
0.61056 0.690148 0 0 0 0 
0.635905 0.688334 0 0 0 0 
0.541445 0.710093 0 0 0 0 
0.566789 0.708279 0 0 0 0 
0.592133 0.706464 0 0 0 0 
0.617478 0.70465 0 0 0 0 
0.548362 0.724595 0 0 0 0 
0.573706 0.72278 0 0 0 0 
0.599051 0.720966 0 0 0 0 
0.555279 0.739096 0 0 0 0 
0.580623 0.737282 0 0 0 0 
0.562196 0.753598 0 0 0 0 
1 2 6
2 7 6
2 3 7
3 8 7
3 4 8
4 9 8
4 5 9
6 7 10
7 11 10
7 8 11
8 12 11
8 9 12
10 11 13
11 14 13
11 12 14
13 14 15
ZONE N=15, E=16, F=FEPOINT, ET=TRIANGLE
0.573811 0.632907 0 0 0 0 
0.567401 0.61556 0 0 0 0 
0.560992 0.598212 0 0 0 0 
0.554582 0.580864 0 0 0 0 
0.548172 0.563516 0 0 0 0 
0.591777 0.628518 0 0 0 0 
0.585367 0.61117 0 0 0 0 
0.578957 0.593822 0 0 0 0 
0.572547 0.576475 0 0 0 0 
0.609743 0.624128 0 0 0 0 
0.603333 0.606781 0 0 0 0 
0.596923 0.589433 0 0 0 0 
0.627708 0.619739 0 0 0 0 
0.621298 0.602391 0 0 0 0 
0.645674 0.615349 0 0 0 0 
1 2 6
2 7 6
2 3 7
3 8 7
3 4 8
4 9 8
4 5 9
6 7 10
7 11 10
7 8 11
8 12 11
8 9 12
10 11 13
11 14 13
11 12 14
13 14 15
ZONE N=15, E=16, F=FEPOINT, ET=TRIANGLE
0.645674 0.615349 0 0 0 0 
0.643232 0.633595 0 0 0 0 
0.640789 0.651842 0 0 0 0 
0.638347 0.670088 0 0 0 0 
0.635905 0.688334 0 0 0 0 
0.627708 0.619739 0 0 0 0 
0.625266 0.637985 0 0 0 0 
0.622824 0.656231 0 0 0 0 
0.620381 0.674477 0 0 0 0 
0.609743 0.624128 0 0 0 0 
0.6073 0.642374 0 0 0 0 
0.604858 0.660621 0 0 0 0 
0.591777 0.628518 0 0 0 0 
0.589335 0.646764 0 0 0 0 
0.573811 0.632907 0 0 0 0 
1 2 6
2 7 6
2 3 7
3 8 7
3 4 8
4 9 8
4 5 9
6 7 10
7 11 10
7 8 11
8 12 11
8 9 12
10 11 13
11 14 13
11 12 14
13 14 15
ZONE N=15, E=16, F=FEPOINT, ET=TRIANGLE
0.647476 0.384123 0 0 0 0 
0.63458 0.366081 0 0 0 0 
0.621683 0.348039 0 0 0 0 
0.608787 0.329998 0 0 0 0 
0.595891 0.311956 0 0 0 0 
0.659614 0.371438 0 0 0 0 
0.646718 0.353396 0 0 0 0 
0.633822 0.335354 0 0 0 0 
0.620925 0.317313 0 0 0 0 
0.671753 0.358753 0 0 0 0 
0.658857 0.340711 0 0 0 0 
0.64596 0.322669 0 0 0 0 
0.683892 0.346068 0 0 0 0 
0.670995 0.328026 0 0 0 0 
0.69603 0.333383 0 0 0 0 
1 2 6
2 7 6
2 3 7
3 8 7
3 4 8
4 9 8
4 5 9
6 7 10
7 11 10
7 8 11
8 12 11
8 9 12
10 11 13
11 14 13
11 12 14
13 14 15
ZONE N=15, E=16, F=FEPOINT, ET=TRIANGLE
0.662248 0.271813 0 0 0 0 
0.681629 0.271239 0 0 0 0 
0.701009 0.270666 0 0 0 0 
0.720389 0.270093 0 0 0 0 
0.73977 0.269519 0 0 0 0 
0.670694 0.287205 0 0 0 0 
0.690074 0.286632 0 0 0 0 
0.709454 0.286059 0 0 0 0 
0.728835 0.285485 0 0 0 0 
0.679139 0.302598 0 0 0 0 
0.698519 0.302024 0 0 0 0 
0.7179 0.301451 0 0 0 0 
0.687585 0.31799 0 0 0 0 
0.706965 0.317417 0 0 0 0 
0.69603 0.333383 0 0 0 0 
1 2 6
2 7 6
2 3 7
3 8 7
3 4 8
4 9 8
4 5 9
6 7 10
7 11 10
7 8 11
8 12 11
8 9 12
10 11 13
11 14 13
11 12 14
13 14 15
ZONE N=15, E=16, F=FEPOINT, ET=TRIANGLE
0.83562 0.387349 0 0 0 0 
0.814943 0.384154 0 0 0 0 
0.794267 0.380959 0 0 0 0 
0.77359 0.377764 0 0 0 0 
0.752913 0.37457 0 0 0 0 
0.830711 0.366867 0 0 0 0 
0.810034 0.363672 0 0 0 0 
0.789357 0.360478 0 0 0 0 
0.768681 0.357283 0 0 0 0 
0.825802 0.346386 0 0 0 0 
0.805125 0.343191 0 0 0 0 
0.784448 0.339996 0 0 0 0 
0.820892 0.325904 0 0 0 0 
0.800216 0.322709 0 0 0 0 
0.815983 0.305422 0 0 0 0 
1 2 6
2 7 6
2 3 7
3 8 7
3 4 8
4 9 8
4 5 9
6 7 10
7 11 10
7 8 11
8 12 11
8 9 12
10 11 13
11 14 13
11 12 14
13 14 15
ZONE N=15, E=16, F=FEPOINT, ET=TRIANGLE
0.897385 0.197334 0 0 0 0 
0.87509 0.203384 0 0 0 0 
0.852794 0.209435 0 0 0 0 
0.830499 0.215485 0 0 0 0 
0.808203 0.221535 0 0 0 0 
0.886191 0.185613 0 0 0 0 
0.863896 0.191663 0 0 0 0 
0.8416 0.197713 0 0 0 0 
0.819304 0.203764 0 0 0 0 
0.874997 0.173891 0 0 0 0 
0.852701 0.179942 0 0 0 0 
0.830406 0.185992 0 0 0 0 
0.863803 0.16217 0 0 0 0 
0.841507 0.16822 0 0 0 0 
0.852609 0.150449 0 0 0 0 
1 2 6
2 7 6
2 3 7
3 8 7
3 4 8
4 9 8
4 5 9
6 7 10
7 11 10
7 8 11
8 12 11
8 9 12
10 11 13
11 14 13
11 12 14
13 14 15
ZONE N=15, E=16, F=FEPOINT, ET=TRIANGLE
0.95694 0.290285 0 0 0 0 
0.949528 0.313682 0 0 0 0 
0.941544 0.33689 0 0 0 0 
0.932993 0.359895 0 0 0 0 
0.92388 0.382683 0 0 0 0 
0.936172 0.282151 0 0 0 0 
0.928475 0.305451 0 0 0 0 
0.920208 0.328555 0 0 0 0 
0.911376 0.35145 0 0 0 0 
0.915404 0.274017 0 0 0 0 
0.907422 0.297218 0 0 0 0 
0.898873 0.320216 0 0 0 0 
0.894635 0.265883 0 0 0 0 
0.88637 0.288983 0 0 0 0 
0.873867 0.257749 0 0 0 0 
1 2 6
2 7 6
2 3 7
3 8 7
3 4 8
4 9 8
4 5 9
6 7 10
7 11 10
7 8 11
8 12 11
8 9 12
10 11 13
11 14 13
11 12 14
13 14 15
ZONE N=15, E=16, F=FEPOINT, ET=TRIANGLE
0.551951 -0.242545 0 0 0 0 
0.579625 -0.240738 0 0 0 0 
0.6073 -0.238931 0 0 0 0 
0.634974 -0.237124 0 0 0 0 
0.662648 -0.235317 0 0 0 0 
0.565049 -0.231318 0 0 0 0 
0.592723 -0.22951 0 0 0 0 
0.620397 -0.227703 0 0 0 0 
0.648071 -0.225896 0 0 0 0 
0.578146 -0.22009 0 0 0 0 
0.60582 -0.218283 0 0 0 0 
0.633494 -0.216476 0 0 0 0 
0.591243 -0.208862 0 0 0 0 
0.618917 -0.207055 0 0 0 0 
0.60434 -0.197634 0 0 0 0 
1 2 6
2 7 6
2 3 7
3 8 7
3 4 8
4 9 8
4 5 9
6 7 10
7 11 10
7 8 11
8 12 11
8 9 12
10 11 13
11 14 13
11 12 14
13 14 15
ZONE N=15, E=16, F=FEPOINT, ET=TRIANGLE
0.678316 -0.302951 0 0 0 0 
0.691289 -0.292504 0 0 0 0 
0.704263 -0.282058 0 0 0 0 
0.717236 -0.271611 0 0 0 0 
0.730209 -0.261165 0 0 0 0 
0.674399 -0.286042 0 0 0 0 
0.687372 -0.275596 0 0 0 0 
0.700345 -0.265149 0 0 0 0 
0.713319 -0.254703 0 0 0 0 
0.670482 -0.269134 0 0 0 0 
0.683455 -0.258687 0 0 0 0 
0.696428 -0.248241 0 0 0 0 
0.666565 -0.252225 0 0 0 0 
0.679538 -0.241779 0 0 0 0 
0.662648 -0.235317 0 0 0 0 
1 2 6
2 7 6
2 3 7
3 8 7
3 4 8
4 9 8
4 5 9
6 7 10
7 11 10
7 8 11
8 12 11
8 9 12
10 11 13
11 14 13
11 12 14
13 14 15
ZONE N=15, E=16, F=FEPOINT, ET=TRIANGLE
0.719458 -0.195412 0 0 0 0 
0.705255 -0.205389 0 0 0 0 
0.691053 -0.215365 0 0 0 0 
0.67685 -0.225341 0 0 0 0 
0.662648 -0.235317 0 0 0 0 
0.722146 -0.21185 0 0 0 0 
0.707943 -0.221827 0 0 0 0 
0.69374 -0.231803 0 0 0 0 
0.679538 -0.241779 0 0 0 0 
0.724833 -0.228288 0 0 0 0 
0.710631 -0.238265 0 0 0 0 
0.696428 -0.248241 0 0 0 0 
0.727521 -0.244727 0 0 0 0 
0.713319 -0.254703 0 0 0 0 
0.730209 -0.261165 0 0 0 0 
1 2 6
2 7 6
2 3 7
3 8 7
3 4 8
4 9 8
4 5 9
6 7 10
7 11 10
7 8 11
8 12 11
8 9 12
10 11 13
11 14 13
11 12 14
13 14 15
ZONE N=15, E=16, F=FEPOINT, ET=TRIANGLE
0.678316 -0.302951 0 0 0 0 
0.694047 -0.309207 0 0 0 0 
0.709778 -0.315464 0 0 0 0 
0.725509 -0.321721 0 0 0 0 
0.741239 -0.327978 0 0 0 0 
0.691289 -0.292504 0 0 0 0 
0.70702 -0.298761 0 0 0 0 
0.722751 -0.305018 0 0 0 0 
0.738482 -0.311275 0 0 0 0 
0.704263 -0.282058 0 0 0 0 
0.719993 -0.288314 0 0 0 0 
0.735724 -0.294571 0 0 0 0 
0.717236 -0.271611 0 0 0 0 
0.732967 -0.277868 0 0 0 0 
0.730209 -0.261165 0 0 0 0 
1 2 6
2 7 6
2 3 7
3 8 7
3 4 8
4 9 8
4 5 9
6 7 10
7 11 10
7 8 11
8 12 11
8 9 12
10 11 13
11 14 13
11 12 14
13 14 15
ZONE N=15, E=16, F=FEPOINT, ET=TRIANGLE
0.678316 -0.302951 0 0 0 0 
0.673821 -0.320991 0 0 0 0 
0.669326 -0.339031 0 0 0 0 
0.664831 -0.357071 0 0 0 0 
0.660337 -0.375111 0 0 0 0 
0.694047 -0.309207 0 0 0 0 
0.689552 -0.327247 0 0 0 0 
0.685057 -0.345288 0 0 0 0 
0.680562 -0.363328 0 0 0 0 
0.709778 -0.315464 0 0 0 0 
0.705283 -0.333504 0 0 0 0 
0.700788 -0.351544 0 0 0 0 
0.725509 -0.321721 0 0 0 0 
0.721014 -0.339761 0 0 0 0 
0.741239 -0.327978 0 0 0 0 
1 2 6
2 7 6
2 3 7
3 8 7
3 4 8
4 9 8
4 5 9
6 7 10
7 11 10
7 8 11
8 12 11
8 9 12
10 11 13
11 14 13
11 12 14
13 14 15
ZONE N=15, E=16, F=FEPOINT, ET=TRIANGLE
0.722725 -0.389198 0 0 0 0 
0.727353 -0.373893 0 0 0 0 
0.731982 -0.358588 0 0 0 0 
0.736611 -0.343283 0 0 0 0 
0.741239 -0.327978 0 0 0 0 
0.707128 -0.385676 0 0 0 0 
0.711756 -0.370371 0 0 0 0 
0.716385 -0.355066 0 0 0 0 
0.721014 -0.339761 0 0 0 0 
0.691531 -0.382154 0 0 0 0 
0.696159 -0.366849 0 0 0 0 
0.700788 -0.351544 0 0 0 0 
0.675934 -0.378633 0 0 0 0 
0.680562 -0.363328 0 0 0 0 
0.660337 -0.375111 0 0 0 0 
1 2 6
2 7 6
2 3 7
3 8 7
3 4 8
4 9 8
4 5 9
6 7 10
7 11 10
7 8 11
8 12 11
8 9 12
10 11 13
11 14 13
11 12 14
13 14 15
ZONE N=15, E=16, F=FEPOINT, ET=TRIANGLE
0.81312 -0.4169 0 0 0 0 
0.84081 -0.408346 0 0 0 0 
0.8685 -0.399792 0 0 0 0 
0.89619 -0.391238 0 0 0 0 
0.92388 -0.382683 0 0 0 0 
0.817968 -0.401548 0 0 0 0 
0.845658 -0.392994 0 0 0 0 
0.873348 -0.38444 0 0 0 0 
0.901037 -0.375886 0 0 0 0 
0.822816 -0.386197 0 0 0 0 
0.850505 -0.377642 0 0 0 0 
0.878195 -0.369088 0 0 0 0 
0.827663 -0.370845 0 0 0 0 
0.855353 -0.362291 0 0 0 0 
0.832511 -0.355493 0 0 0 0 
1 2 6
2 7 6
2 3 7
3 8 7
3 4 8
4 9 8
4 5 9
6 7 10
7 11 10
7 8 11
8 12 11
8 9 12
10 11 13
11 14 13
11 12 14
13 14 15
ZONE N=15, E=16, F=FEPOINT, ET=TRIANGLE
0.81312 -0.4169 0 0 0 0 
0.817968 -0.401548 0 0 0 0 
0.822816 -0.386197 0 0 0 0 
0.827663 -0.370845 0 0 0 0 
0.832511 -0.355493 0 0 0 0 
0.79515 -0.39467 0 0 0 0 
0.799998 -0.379318 0 0 0 0 
0.804845 -0.363966 0 0 0 0 
0.809693 -0.348614 0 0 0 0 
0.77718 -0.372439 0 0 0 0 
0.782028 -0.357087 0 0 0 0 
0.786875 -0.341735 0 0 0 0 
0.75921 -0.350208 0 0 0 0 
0.764057 -0.334857 0 0 0 0 
0.741239 -0.327978 0 0 0 0 
1 2 6
2 7 6
2 3 7
3 8 7
3 4 8
4 9 8
4 5 9
6 7 10
7 11 10
7 8 11
8 12 11
8 9 12
10 11 13
11 14 13
11 12 14
13 14 15
ZONE N=15, E=16, F=FEPOINT, ET=TRIANGLE
0.81312 -0.4169 0 0 0 0 
0.790521 -0.409975 0 0 0 0 
0.767922 -0.403049 0 0 0 0 
0.745324 -0.396124 0 0 0 0 
0.722725 -0.389198 0 0 0 0 
0.79857 -0.423791 0 0 0 0 
0.775971 -0.416865 0 0 0 0 
0.753373 -0.40994 0 0 0 0 
0.730774 -0.403014 0 0 0 0 
0.78402 -0.430681 0 0 0 0 
0.761422 -0.423756 0 0 0 0 
0.738823 -0.41683 0 0 0 0 
0.769471 -0.437572 0 0 0 0 
0.746872 -0.430646 0 0 0 0 
0.754921 -0.444462 0 0 0 0 
1 2 6
2 7 6
2 3 7
3 8 7
3 4 8
4 9 8
4 5 9
6 7 10
7 11 10
7 8 11
8 12 11
8 9 12
10 11 13
11 14 13
11 12 14
13 14 15
ZONE N=15, E=16, F=FEPOINT, ET=TRIANGLE
0.871798 -0.295601 0 0 0 0 
0.884819 -0.317371 0 0 0 0 
0.897839 -0.339142 0 0 0 0 
0.910859 -0.360913 0 0 0 0 
0.92388 -0.382683 0 0 0 0 
0.893084 -0.294272 0 0 0 0 
0.906388 -0.316144 0 0 0 0 
0.919691 -0.338018 0 0 0 0 
0.932993 -0.359895 0 0 0 0 
0.914369 -0.292943 0 0 0 0 
0.927958 -0.314914 0 0 0 0 
0.941544 -0.33689 0 0 0 0 
0.935655 -0.291614 0 0 0 0 
0.949528 -0.313682 0 0 0 0 
0.95694 -0.290285 0 0 0 0 
1 2 6
2 7 6
2 3 7
3 8 7
3 4 8
4 9 8
4 5 9
6 7 10
7 11 10
7 8 11
8 12 11
8 9 12
10 11 13
11 14 13
11 12 14
13 14 15
ZONE N=15, E=16, F=FEPOINT, ET=TRIANGLE
0.553226 -0.385002 0 0 0 0 
0.562962 -0.405946 0 0 0 0 
0.572699 -0.42689 0 0 0 0 
0.582435 -0.447834 0 0 0 0 
0.592171 -0.468778 0 0 0 0 
0.580004 -0.382529 0 0 0 0 
0.58974 -0.403473 0 0 0 0 
0.599476 -0.424417 0 0 0 0 
0.609212 -0.445361 0 0 0 0 
0.606781 -0.380056 0 0 0 0 
0.616518 -0.401001 0 0 0 0 
0.626254 -0.421945 0 0 0 0 
0.633559 -0.377584 0 0 0 0 
0.643295 -0.398528 0 0 0 0 
0.660337 -0.375111 0 0 0 0 
1 2 6
2 7 6
2 3 7
3 8 7
3 4 8
4 9 8
4 5 9
6 7 10
7 11 10
7 8 11
8 12 11
8 9 12
10 11 13
11 14 13
11 12 14
13 14 15
ZONE N=15, E=16, F=FEPOINT, ET=TRIANGLE
0.724766 -0.531131 0 0 0 0 
0.712413 -0.5118 0 0 0 0 
0.700059 -0.492469 0 0 0 0 
0.687705 -0.473139 0 0 0 0 
0.675351 -0.453808 0 0 0 0 
0.708951 -0.527625 0 0 0 0 
0.696597 -0.508294 0 0 0 0 
0.684244 -0.488964 0 0 0 0 
0.67189 -0.469633 0 0 0 0 
0.693136 -0.524119 0 0 0 0 
0.680782 -0.504789 0 0 0 0 
0.668429 -0.485458 0 0 0 0 
0.677321 -0.520613 0 0 0 0 
0.664967 -0.501283 0 0 0 0 
0.661506 -0.517108 0 0 0 0 
1 2 6
2 7 6
2 3 7
3 8 7
3 4 8
4 9 8
4 5 9
6 7 10
7 11 10
7 8 11
8 12 11
8 9 12
10 11 13
11 14 13
11 12 14
13 14 15
ZONE N=15, E=16, F=FEPOINT, ET=TRIANGLE
0.592171 -0.468778 0 0 0 0 
0.595855 -0.489584 0 0 0 0 
0.599539 -0.510389 0 0 0 0 
0.603223 -0.531195 0 0 0 0 
0.606907 -0.552 0 0 0 0 
0.609505 -0.480861 0 0 0 0 
0.613189 -0.501666 0 0 0 0 
0.616873 -0.522472 0 0 0 0 
0.620557 -0.543277 0 0 0 0 
0.626839 -0.492943 0 0 0 0 
0.630523 -0.513748 0 0 0 0 
0.634206 -0.534554 0 0 0 0 
0.644172 -0.505025 0 0 0 0 
0.647856 -0.525831 0 0 0 0 
0.661506 -0.517108 0 0 0 0 
1 2 6
2 7 6
2 3 7
3 8 7
3 4 8
4 9 8
4 5 9
6 7 10
7 11 10
7 8 11
8 12 11
8 9 12
10 11 13
11 14 13
11 12 14
13 14 15
ZONE N=15, E=16, F=FEPOINT, ET=TRIANGLE
0.724766 -0.531131 0 0 0 0 
0.736827 -0.556947 0 0 0 0 
0.748888 -0.582762 0 0 0 0 
0.760949 -0.608578 0 0 0 0 
0.77301 -0.634393 0 0 0 0 
0.751442 -0.537241 0 0 0 0 
0.763745 -0.563236 0 0 0 0 
0.776047 -0.589233 0 0 0 0 
0.788346 -0.615232 0 0 0 0 
0.778118 -0.543351 0 0 0 0 
0.790664 -0.569523 0 0 0 0 
0.803208 -0.595699 0 0 0 0 
0.804794 -0.54946 0 0 0 0 
0.817585 -0.575808 0 0 0 0 
0.83147 -0.55557 0 0 0 0 
1 2 6
2 7 6
2 3 7
3 8 7
3 4 8
4 9 8
4 5 9
6 7 10
7 11 10
7 8 11
8 12 11
8 9 12
10 11 13
11 14 13
11 12 14
13 14 15
ZONE N=15, E=16, F=FEPOINT, ET=TRIANGLE
0.980785 -0.19509 0 0 0 0 
0.953973 -0.174775 0 0 0 0 
0.927161 -0.15446 0 0 0 0 
0.900349 -0.134144 0 0 0 0 
0.873536 -0.113829 0 0 0 0 
0.954815 -0.202356 0 0 0 0 
0.928002 -0.182041 0 0 0 0 
0.90119 -0.161726 0 0 0 0 
0.874378 -0.14141 0 0 0 0 
0.928844 -0.209623 0 0 0 0 
0.902032 -0.189307 0 0 0 0 
0.875219 -0.168992 0 0 0 0 
0.902873 -0.216889 0 0 0 0 
0.876061 -0.196573 0 0 0 0 
0.876902 -0.224155 0 0 0 0 
1 2 6
2 7 6
2 3 7
3 8 7
3 4 8
4 9 8
4 5 9
6 7 10
7 11 10
7 8 11
8 12 11
8 9 12
10 11 13
11 14 13
11 12 14
13 14 15
ZONE N=15, E=16, F=FEPOINT, ET=TRIANGLE
0.881921 -0.471397 0 0 0 0 
0.893224 -0.449611 0 0 0 0 
0.903989 -0.427555 0 0 0 0 
0.91421 -0.405241 0 0 0 0 
0.92388 -0.382683 0 0 0 0 
0.864721 -0.457773 0 0 0 0 
0.875754 -0.435854 0 0 0 0 
0.886246 -0.413671 0 0 0 0 
0.89619 -0.391238 0 0 0 0 
0.847521 -0.444148 0 0 0 0 
0.858283 -0.422099 0 0 0 0 
0.8685 -0.399792 0 0 0 0 
0.830321 -0.430524 0 0 0 0 
0.84081 -0.408346 0 0 0 0 
0.81312 -0.4169 0 0 0 0 
1 2 6
2 7 6
2 3 7
3 8 7
3 4 8
4 9 8
4 5 9
6 7 10
7 11 10
7 8 11
8 12 11
8 9 12
10 11 13
11 14 13
11 12 14
13 14 15
ZONE N=15, E=16, F=FEPOINT, ET=TRIANGLE
0.876902 -0.224155 0 0 0 0 
0.858115 -0.208611 0 0 0 0 
0.839327 -0.193068 0 0 0 0 
0.820539 -0.177524 0 0 0 0 
0.801751 -0.161981 0 0 0 0 
0.856817 -0.234917 0 0 0 0 
0.838029 -0.219373 0 0 0 0 
0.819241 -0.20383 0 0 0 0 
0.800453 -0.188287 0 0 0 0 
0.836731 -0.245679 0 0 0 0 
0.817943 -0.230136 0 0 0 0 
0.799156 -0.214592 0 0 0 0 
0.816646 -0.256441 0 0 0 0 
0.797858 -0.240898 0 0 0 0 
0.79656 -0.267203 0 0 0 0 
1 2 6
2 7 6
2 3 7
3 8 7
3 4 8
4 9 8
4 5 9
6 7 10
7 11 10
7 8 11
8 12 11
8 9 12
10 11 13
11 14 13
11 12 14
13 14 15
ZONE N=15, E=16, F=FEPOINT, ET=TRIANGLE
0.510967 -0.630536 0 0 0 0 
0.517549 -0.61411 0 0 0 0 
0.524131 -0.597683 0 0 0 0 
0.530713 -0.581256 0 0 0 0 
0.537295 -0.56483 0 0 0 0 
0.489361 -0.608311 0 0 0 0 
0.495943 -0.591885 0 0 0 0 
0.502525 -0.575458 0 0 0 0 
0.509106 -0.559032 0 0 0 0 
0.467754 -0.586087 0 0 0 0 
0.474336 -0.56966 0 0 0 0 
0.480918 -0.553234 0 0 0 0 
0.446148 -0.563862 0 0 0 0 
0.45273 -0.547435 0 0 0 0 
0.424542 -0.541637 0 0 0 0 
1 2 6
2 7 6
2 3 7
3 8 7
3 4 8
4 9 8
4 5 9
6 7 10
7 11 10
7 8 11
8 12 11
8 9 12
10 11 13
11 14 13
11 12 14
13 14 15
ZONE N=15, E=16, F=FEPOINT, ET=TRIANGLE
0.428926 -0.623798 0 0 0 0 
0.42783 -0.603257 0 0 0 0 
0.426734 -0.582717 0 0 0 0 
0.425638 -0.562177 0 0 0 0 
0.424542 -0.541637 0 0 0 0 
0.411032 -0.613654 0 0 0 0 
0.409936 -0.593114 0 0 0 0 
0.408839 -0.572574 0 0 0 0 
0.407743 -0.552034 0 0 0 0 
0.393137 -0.603511 0 0 0 0 
0.392041 -0.582971 0 0 0 0 
0.390945 -0.562431 0 0 0 0 
0.375243 -0.593368 0 0 0 0 
0.374147 -0.572828 0 0 0 0 
0.357348 -0.583225 0 0 0 0 
1 2 6
2 7 6
2 3 7
3 8 7
3 4 8
4 9 8
4 5 9
6 7 10
7 11 10
7 8 11
8 12 11
8 9 12
10 11 13
11 14 13
11 12 14
13 14 15
ZONE N=15, E=16, F=FEPOINT, ET=TRIANGLE
0.754921 -0.444462 0 0 0 0 
0.747382 -0.466129 0 0 0 0 
0.739844 -0.487797 0 0 0 0 
0.732305 -0.509464 0 0 0 0 
0.724766 -0.531131 0 0 0 0 
0.768132 -0.453615 0 0 0 0 
0.760593 -0.475282 0 0 0 0 
0.753055 -0.496949 0 0 0 0 
0.745516 -0.518617 0 0 0 0 
0.781343 -0.462768 0 0 0 0 
0.773805 -0.484435 0 0 0 0 
0.766266 -0.506102 0 0 0 0 
0.794554 -0.471921 0 0 0 0 
0.787016 -0.493588 0 0 0 0 
0.807765 -0.481073 0 0 0 0 
1 2 6
2 7 6
2 3 7
3 8 7
3 4 8
4 9 8
4 5 9
6 7 10
7 11 10
7 8 11
8 12 11
8 9 12
10 11 13
11 14 13
11 12 14
13 14 15
ZONE N=15, E=16, F=FEPOINT, ET=TRIANGLE
0.676242 -0.600329 0 0 0 0 
0.688373 -0.58303 0 0 0 0 
0.700504 -0.56573 0 0 0 0 
0.712635 -0.548431 0 0 0 0 
0.724766 -0.531131 0 0 0 0 
0.672558 -0.579524 0 0 0 0 
0.684689 -0.562224 0 0 0 0 
0.69682 -0.544925 0 0 0 0 
0.708951 -0.527625 0 0 0 0 
0.668874 -0.558719 0 0 0 0 
0.681005 -0.541419 0 0 0 0 
0.693136 -0.524119 0 0 0 0 
0.66519 -0.537913 0 0 0 0 
0.677321 -0.520613 0 0 0 0 
0.661506 -0.517108 0 0 0 0 
1 2 6
2 7 6
2 3 7
3 8 7
3 4 8
4 9 8
4 5 9
6 7 10
7 11 10
7 8 11
8 12 11
8 9 12
10 11 13
11 14 13
11 12 14
13 14 15
ZONE N=15, E=16, F=FEPOINT, ET=TRIANGLE
0.807765 -0.481073 0 0 0 0 
0.813691 -0.499698 0 0 0 0 
0.819618 -0.518322 0 0 0 0 
0.825544 -0.536946 0 0 0 0 
0.83147 -0.55557 0 0 0 0 
0.826304 -0.478654 0 0 0 0 
0.832489 -0.497433 0 0 0 0 
0.838672 -0.516214 0 0 0 0 
0.844854 -0.534998 0 0 0 0 
0.844843 -0.476235 0 0 0 0 
0.851287 -0.495167 0 0 0 0 
0.857729 -0.514103 0 0 0 0 
0.863382 -0.473816 0 0 0 0 
0.870087 -0.492898 0 0 0 0 
0.881921 -0.471397 0 0 0 0 
1 2 6
2 7 6
2 3 7
3 8 7
3 4 8
4 9 8
4 5 9
6 7 10
7 11 10
7 8 11
8 12 11
8 9 12
10 11 13
11 14 13
11 12 14
13 14 15
ZONE N=15, E=16, F=FEPOINT, ET=TRIANGLE
0.81312 -0.4169 0 0 0 0 
0.79857 -0.423791 0 0 0 0 
0.78402 -0.430681 0 0 0 0 
0.769471 -0.437572 0 0 0 0 
0.754921 -0.444462 0 0 0 0 
0.811782 -0.432944 0 0 0 0 
0.797232 -0.439834 0 0 0 0 
0.782682 -0.446725 0 0 0 0 
0.768132 -0.453615 0 0 0 0 
0.810443 -0.448987 0 0 0 0 
0.795893 -0.455877 0 0 0 0 
0.781343 -0.462768 0 0 0 0 
0.809104 -0.46503 0 0 0 0 
0.794554 -0.471921 0 0 0 0 
0.807765 -0.481073 0 0 0 0 
1 2 6
2 7 6
2 3 7
3 8 7
3 4 8
4 9 8
4 5 9
6 7 10
7 11 10
7 8 11
8 12 11
8 9 12
10 11 13
11 14 13
11 12 14
13 14 15
ZONE N=15, E=16, F=FEPOINT, ET=TRIANGLE
0.807765 -0.481073 0 0 0 0 
0.826304 -0.478654 0 0 0 0 
0.844843 -0.476235 0 0 0 0 
0.863382 -0.473816 0 0 0 0 
0.881921 -0.471397 0 0 0 0 
0.809104 -0.46503 0 0 0 0 
0.827643 -0.462611 0 0 0 0 
0.846182 -0.460192 0 0 0 0 
0.864721 -0.457773 0 0 0 0 
0.810443 -0.448987 0 0 0 0 
0.828982 -0.446568 0 0 0 0 
0.847521 -0.444148 0 0 0 0 
0.811782 -0.432944 0 0 0 0 
0.830321 -0.430524 0 0 0 0 
0.81312 -0.4169 0 0 0 0 
1 2 6
2 7 6
2 3 7
3 8 7
3 4 8
4 9 8
4 5 9
6 7 10
7 11 10
7 8 11
8 12 11
8 9 12
10 11 13
11 14 13
11 12 14
13 14 15
ZONE N=15, E=16, F=FEPOINT, ET=TRIANGLE
0.871798 -0.295601 0 0 0 0 
0.893084 -0.294272 0 0 0 0 
0.914369 -0.292943 0 0 0 0 
0.935655 -0.291614 0 0 0 0 
0.95694 -0.290285 0 0 0 0 
0.873074 -0.277739 0 0 0 0 
0.89436 -0.27641 0 0 0 0 
0.915645 -0.275081 0 0 0 0 
0.936931 -0.273752 0 0 0 0 
0.87435 -0.259878 0 0 0 0 
0.895636 -0.258549 0 0 0 0 
0.916921 -0.25722 0 0 0 0 
0.875626 -0.242016 0 0 0 0 
0.896912 -0.240687 0 0 0 0 
0.876902 -0.224155 0 0 0 0 
1 2 6
2 7 6
2 3 7
3 8 7
3 4 8
4 9 8
4 5 9
6 7 10
7 11 10
7 8 11
8 12 11
8 9 12
10 11 13
11 14 13
11 12 14
13 14 15
ZONE N=15, E=16, F=FEPOINT, ET=TRIANGLE
0.876902 -0.224155 0 0 0 0 
0.856817 -0.234917 0 0 0 0 
0.836731 -0.245679 0 0 0 0 
0.816646 -0.256441 0 0 0 0 
0.79656 -0.267203 0 0 0 0 
0.875626 -0.242016 0 0 0 0 
0.855541 -0.252778 0 0 0 0 
0.835455 -0.26354 0 0 0 0 
0.81537 -0.274303 0 0 0 0 
0.87435 -0.259878 0 0 0 0 
0.854265 -0.27064 0 0 0 0 
0.834179 -0.281402 0 0 0 0 
0.873074 -0.277739 0 0 0 0 
0.852989 -0.288501 0 0 0 0 
0.871798 -0.295601 0 0 0 0 
1 2 6
2 7 6
2 3 7
3 8 7
3 4 8
4 9 8
4 5 9
6 7 10
7 11 10
7 8 11
8 12 11
8 9 12
10 11 13
11 14 13
11 12 14
13 14 15
ZONE N=15, E=16, F=FEPOINT, ET=TRIANGLE
0.675351 -0.453808 0 0 0 0 
0.654556 -0.45755 0 0 0 0 
0.633761 -0.461293 0 0 0 0 
0.612966 -0.465036 0 0 0 0 
0.592171 -0.468778 0 0 0 0 
0.67189 -0.469633 0 0 0 0 
0.651095 -0.473375 0 0 0 0 
0.6303 -0.477118 0 0 0 0 
0.609505 -0.480861 0 0 0 0 
0.668429 -0.485458 0 0 0 0 
0.647634 -0.4892 0 0 0 0 
0.626839 -0.492943 0 0 0 0 
0.664967 -0.501283 0 0 0 0 
0.644172 -0.505025 0 0 0 0 
0.661506 -0.517108 0 0 0 0 
1 2 6
2 7 6
2 3 7
3 8 7
3 4 8
4 9 8
4 5 9
6 7 10
7 11 10
7 8 11
8 12 11
8 9 12
10 11 13
11 14 13
11 12 14
13 14 15
ZONE N=15, E=16, F=FEPOINT, ET=TRIANGLE
0.606907 -0.552 0 0 0 0 
0.624241 -0.564083 0 0 0 0 
0.641574 -0.576165 0 0 0 0 
0.658908 -0.588247 0 0 0 0 
0.676242 -0.600329 0 0 0 0 
0.620557 -0.543277 0 0 0 0 
0.63789 -0.555359 0 0 0 0 
0.655224 -0.567442 0 0 0 0 
0.672558 -0.579524 0 0 0 0 
0.634206 -0.534554 0 0 0 0 
0.65154 -0.546636 0 0 0 0 
0.668874 -0.558719 0 0 0 0 
0.647856 -0.525831 0 0 0 0 
0.66519 -0.537913 0 0 0 0 
0.661506 -0.517108 0 0 0 0 
1 2 6
2 7 6
2 3 7
3 8 7
3 4 8
4 9 8
4 5 9
6 7 10
7 11 10
7 8 11
8 12 11
8 9 12
10 11 13
11 14 13
11 12 14
13 14 15
ZONE N=15, E=16, F=FEPOINT, ET=TRIANGLE
0.675351 -0.453808 0 0 0 0 
0.671597 -0.434134 0 0 0 0 
0.667844 -0.414459 0 0 0 0 
0.66409 -0.394785 0 0 0 0 
0.660337 -0.375111 0 0 0 0 
0.654556 -0.45755 0 0 0 0 
0.650802 -0.437876 0 0 0 0 
0.647049 -0.418202 0 0 0 0 
0.643295 -0.398528 0 0 0 0 
0.633761 -0.461293 0 0 0 0 
0.630007 -0.441619 0 0 0 0 
0.626254 -0.421945 0 0 0 0 
0.612966 -0.465036 0 0 0 0 
0.609212 -0.445361 0 0 0 0 
0.592171 -0.468778 0 0 0 0 
1 2 6
2 7 6
2 3 7
3 8 7
3 4 8
4 9 8
4 5 9
6 7 10
7 11 10
7 8 11
8 12 11
8 9 12
10 11 13
11 14 13
11 12 14
13 14 15
ZONE N=15, E=16, F=FEPOINT, ET=TRIANGLE
0.553226 -0.385002 0 0 0 0 
0.53887 -0.415622 0 0 0 0 
0.524514 -0.446242 0 0 0 0 
0.510158 -0.476862 0 0 0 0 
0.495801 -0.507482 0 0 0 0 
0.562962 -0.405946 0 0 0 0 
0.548606 -0.436566 0 0 0 0 
0.53425 -0.467186 0 0 0 0 
0.519894 -0.497806 0 0 0 0 
0.572699 -0.42689 0 0 0 0 
0.558342 -0.45751 0 0 0 0 
0.543986 -0.48813 0 0 0 0 
0.582435 -0.447834 0 0 0 0 
0.568079 -0.478454 0 0 0 0 
0.592171 -0.468778 0 0 0 0 
1 2 6
2 7 6
2 3 7
3 8 7
3 4 8
4 9 8
4 5 9
6 7 10
7 11 10
7 8 11
8 12 11
8 9 12
10 11 13
11 14 13
11 12 14
13 14 15
ZONE N=15, E=16, F=FEPOINT, ET=TRIANGLE
0.606907 -0.552 0 0 0 0 
0.603223 -0.531195 0 0 0 0 
0.599539 -0.510389 0 0 0 0 
0.595855 -0.489584 0 0 0 0 
0.592171 -0.468778 0 0 0 0 
0.589504 -0.555208 0 0 0 0 
0.58582 -0.534402 0 0 0 0 
0.582136 -0.513597 0 0 0 0 
0.578452 -0.492791 0 0 0 0 
0.572101 -0.558415 0 0 0 0 
0.568417 -0.53761 0 0 0 0 
0.564733 -0.516804 0 0 0 0 
0.554698 -0.561622 0 0 0 0 
0.551014 -0.540817 0 0 0 0 
0.537295 -0.56483 0 0 0 0 
1 2 6
2 7 6
2 3 7
3 8 7
3 4 8
4 9 8
4 5 9
6 7 10
7 11 10
7 8 11
8 12 11
8 9 12
10 11 13
11 14 13
11 12 14
13 14 15
ZONE N=15, E=16, F=FEPOINT, ET=TRIANGLE
0.676242 -0.600329 0 0 0 0 
0.683958 -0.627024 0 0 0 0 
0.691674 -0.653718 0 0 0 0 
0.699391 -0.680412 0 0 0 0 
0.707107 -0.707107 0 0 0 0 
0.700434 -0.608845 0 0 0 0 
0.708373 -0.635742 0 0 0 0 
0.716311 -0.66264 0 0 0 0 
0.724247 -0.689541 0 0 0 0 
0.724626 -0.617361 0 0 0 0 
0.73279 -0.644458 0 0 0 0 
0.740951 -0.671559 0 0 0 0 
0.748818 -0.625877 0 0 0 0 
0.757209 -0.653173 0 0 0 0 
0.77301 -0.634393 0 0 0 0 
1 2 6
2 7 6
2 3 7
3 8 7
3 4 8
4 9 8
4 5 9
6 7 10
7 11 10
7 8 11
8 12 11
8 9 12
10 11 13
11 14 13
11 12 14
13 14 15
ZONE N=15, E=16, F=FEPOINT, ET=TRIANGLE
0.639518 -0.693741 0 0 0 0 
0.638237 -0.713558 0 0 0 0 
0.636956 -0.733376 0 0 0 0 
0.635674 -0.753193 0 0 0 0 
0.634393 -0.77301 0 0 0 0 
0.656415 -0.697082 0 0 0 0 
0.655336 -0.717123 0 0 0 0 
0.654255 -0.737165 0 0 0 0 
0.653173 -0.757209 0 0 0 0 
0.673312 -0.700424 0 0 0 0 
0.672437 -0.720686 0 0 0 0 
0.671559 -0.740951 0 0 0 0 
0.69021 -0.703765 0 0 0 0 
0.689541 -0.724247 0 0 0 0 
0.707107 -0.707107 0 0 0 0 
1 2 6
2 7 6
2 3 7
3 8 7
3 4 8
4 9 8
4 5 9
6 7 10
7 11 10
7 8 11
8 12 11
8 9 12
10 11 13
11 14 13
11 12 14
13 14 15
ZONE N=15, E=16, F=FEPOINT, ET=TRIANGLE
0.606907 -0.552 0 0 0 0 
0.589504 -0.555208 0 0 0 0 
0.572101 -0.558415 0 0 0 0 
0.554698 -0.561622 0 0 0 0 
0.537295 -0.56483 0 0 0 0 
0.604651 -0.573712 0 0 0 0 
0.587248 -0.576919 0 0 0 0 
0.569845 -0.580126 0 0 0 0 
0.552442 -0.583334 0 0 0 0 
0.602395 -0.595423 0 0 0 0 
0.584992 -0.59863 0 0 0 0 
0.567589 -0.601838 0 0 0 0 
0.600139 -0.617134 0 0 0 0 
0.582736 -0.620342 0 0 0 0 
0.597884 -0.638845 0 0 0 0 
1 2 6
2 7 6
2 3 7
3 8 7
3 4 8
4 9 8
4 5 9
6 7 10
7 11 10
7 8 11
8 12 11
8 9 12
10 11 13
11 14 13
11 12 14
13 14 15
ZONE N=15, E=16, F=FEPOINT, ET=TRIANGLE
0.545997 -0.729355 0 0 0 0 
0.53724 -0.70465 0 0 0 0 
0.528482 -0.679945 0 0 0 0 
0.519725 -0.655241 0 0 0 0 
0.510967 -0.630536 0 0 0 0 
0.525404 -0.723051 0 0 0 0 
0.516647 -0.698347 0 0 0 0 
0.507889 -0.673642 0 0 0 0 
0.499131 -0.648938 0 0 0 0 
0.504811 -0.716748 0 0 0 0 
0.496053 -0.692044 0 0 0 0 
0.487296 -0.667339 0 0 0 0 
0.484218 -0.710445 0 0 0 0 
0.47546 -0.68574 0 0 0 0 
0.463624 -0.704142 0 0 0 0 
1 2 6
2 7 6
2 3 7
3 8 7
3 4 8
4 9 8
4 5 9
6 7 10
7 11 10
7 8 11
8 12 11
8 9 12
10 11 13
11 14 13
11 12 14
13 14 15
ZONE N=15, E=16, F=FEPOINT, ET=TRIANGLE
0.428926 -0.623798 0 0 0 0 
0.449436 -0.625482 0 0 0 0 
0.469947 -0.627167 0 0 0 0 
0.490457 -0.628851 0 0 0 0 
0.510967 -0.630536 0 0 0 0 
0.42783 -0.603257 0 0 0 0 
0.44834 -0.604942 0 0 0 0 
0.468851 -0.606627 0 0 0 0 
0.489361 -0.608311 0 0 0 0 
0.426734 -0.582717 0 0 0 0 
0.447244 -0.584402 0 0 0 0 
0.467754 -0.586087 0 0 0 0 
0.425638 -0.562177 0 0 0 0 
0.446148 -0.563862 0 0 0 0 
0.424542 -0.541637 0 0 0 0 
1 2 6
2 7 6
2 3 7
3 8 7
3 4 8
4 9 8
4 5 9
6 7 10
7 11 10
7 8 11
8 12 11
8 9 12
10 11 13
11 14 13
11 12 14
13 14 15
ZONE N=15, E=16, F=FEPOINT, ET=TRIANGLE
0.639518 -0.693741 0 0 0 0 
0.648699 -0.670388 0 0 0 0 
0.65788 -0.647035 0 0 0 0 
0.667061 -0.623682 0 0 0 0 
0.676242 -0.600329 0 0 0 0 
0.629109 -0.680017 0 0 0 0 
0.63829 -0.656664 0 0 0 0 
0.647471 -0.633311 0 0 0 0 
0.656652 -0.609958 0 0 0 0 
0.618701 -0.666293 0 0 0 0 
0.627882 -0.64294 0 0 0 0 
0.637063 -0.619587 0 0 0 0 
0.608292 -0.652569 0 0 0 0 
0.617473 -0.629216 0 0 0 0 
0.597884 -0.638845 0 0 0 0 
1 2 6
2 7 6
2 3 7
3 8 7
3 4 8
4 9 8
4 5 9
6 7 10
7 11 10
7 8 11
8 12 11
8 9 12
10 11 13
11 14 13
11 12 14
13 14 15
ZONE N=15, E=16, F=FEPOINT, ET=TRIANGLE
0.40206 -0.755903 0 0 0 0 
0.395943 -0.738951 0 0 0 0 
0.389826 -0.721999 0 0 0 0 
0.383709 -0.705048 0 0 0 0 
0.377591 -0.688096 0 0 0 0 
0.384047 -0.756467 0 0 0 0 
0.37793 -0.739515 0 0 0 0 
0.371813 -0.722563 0 0 0 0 
0.365695 -0.705611 0 0 0 0 
0.366034 -0.757031 0 0 0 0 
0.359917 -0.740079 0 0 0 0 
0.3538 -0.723127 0 0 0 0 
0.348021 -0.757594 0 0 0 0 
0.341904 -0.740642 0 0 0 0 
0.330008 -0.758158 0 0 0 0 
1 2 6
2 7 6
2 3 7
3 8 7
3 4 8
4 9 8
4 5 9
6 7 10
7 11 10
7 8 11
8 12 11
8 9 12
10 11 13
11 14 13
11 12 14
13 14 15
ZONE N=15, E=16, F=FEPOINT, ET=TRIANGLE
0.545997 -0.729355 0 0 0 0 
0.548391 -0.754883 0 0 0 0 
0.550784 -0.780412 0 0 0 0 
0.553177 -0.805941 0 0 0 0 
0.55557 -0.83147 0 0 0 0 
0.568096 -0.740269 0 0 0 0 
0.570669 -0.766039 0 0 0 0 
0.57324 -0.791811 0 0 0 0 
0.575808 -0.817585 0 0 0 0 
0.590195 -0.751183 0 0 0 0 
0.592949 -0.777194 0 0 0 0 
0.595699 -0.803208 0 0 0 0 
0.612294 -0.762097 0 0 0 0 
0.615232 -0.788346 0 0 0 0 
0.634393 -0.77301 0 0 0 0 
1 2 6
2 7 6
2 3 7
3 8 7
3 4 8
4 9 8
4 5 9
6 7 10
7 11 10
7 8 11
8 12 11
8 9 12
10 11 13
11 14 13
11 12 14
13 14 15
ZONE N=15, E=16, F=FEPOINT, ET=TRIANGLE
0.271177 -0.697234 0 0 0 0 
0.285885 -0.712465 0 0 0 0 
0.300592 -0.727696 0 0 0 0 
0.3153 -0.742927 0 0 0 0 
0.330008 -0.758158 0 0 0 0 
0.29778 -0.694949 0 0 0 0 
0.312488 -0.71018 0 0 0 0 
0.327196 -0.725411 0 0 0 0 
0.341904 -0.740642 0 0 0 0 
0.324384 -0.692665 0 0 0 0 
0.339092 -0.707896 0 0 0 0 
0.3538 -0.723127 0 0 0 0 
0.350988 -0.69038 0 0 0 0 
0.365695 -0.705611 0 0 0 0 
0.377591 -0.688096 0 0 0 0 
1 2 6
2 7 6
2 3 7
3 8 7
3 4 8
4 9 8
4 5 9
6 7 10
7 11 10
7 8 11
8 12 11
8 9 12
10 11 13
11 14 13
11 12 14
13 14 15
ZONE N=15, E=16, F=FEPOINT, ET=TRIANGLE
0.55557 -0.83147 0 0 0 0 
0.533462 -0.82033 0 0 0 0 
0.511354 -0.80919 0 0 0 0 
0.489246 -0.79805 0 0 0 0 
0.467139 -0.786911 0 0 0 0 
0.534998 -0.844854 0 0 0 0 
0.512731 -0.833458 0 0 0 0 
0.490466 -0.822061 0 0 0 0 
0.468203 -0.810663 0 0 0 0 
0.514103 -0.857729 0 0 0 0 
0.491683 -0.846074 0 0 0 0 
0.469268 -0.834416 0 0 0 0 
0.492898 -0.870087 0 0 0 0 
0.470332 -0.858169 0 0 0 0 
0.471397 -0.881921 0 0 0 0 
1 2 6
2 7 6
2 3 7
3 8 7
3 4 8
4 9 8
4 5 9
6 7 10
7 11 10
7 8 11
8 12 11
8 9 12
10 11 13
11 14 13
11 12 14
13 14 15
ZONE N=15, E=16, F=FEPOINT, ET=TRIANGLE
0.920545 -0.0650585 0 0 0 0 
0.908793 -0.0772511 0 0 0 0 
0.897041 -0.0894437 0 0 0 0 
0.885289 -0.101636 0 0 0 0 
0.873536 -0.113829 0 0 0 0 
0.939205 -0.0732982 0 0 0 0 
0.927453 -0.0854908 0 0 0 0 
0.915701 -0.0976834 0 0 0 0 
0.903949 -0.109876 0 0 0 0 
0.957865 -0.0815378 0 0 0 0 
0.946113 -0.0937304 0 0 0 0 
0.934361 -0.105923 0 0 0 0 
0.976525 -0.0897775 0 0 0 0 
0.964773 -0.10197 0 0 0 0 
0.995185 -0.0980171 0 0 0 0 
1 2 6
2 7 6
2 3 7
3 8 7
3 4 8
4 9 8
4 5 9
6 7 10
7 11 10
7 8 11
8 12 11
8 9 12
10 11 13
11 14 13
11 12 14
13 14 15
ZONE N=15, E=16, F=FEPOINT, ET=TRIANGLE
0.995185 -0.0980171 0 0 0 0 
0.99729 -0.0735646 0 0 0 0 
0.998795 -0.0490677 0 0 0 0 
0.999699 -0.0245412 0 0 0 0 
1 -2.498e-16 0 0 0 0 
0.976525 -0.0897775 0 0 0 0 
0.97833 -0.0653052 0 0 0 0 
0.979534 -0.040796 0 0 0 0 
0.980136 -0.0162646 0 0 0 0 
0.957865 -0.0815378 0 0 0 0 
0.959369 -0.0570483 0 0 0 0 
0.960272 -0.0325293 0 0 0 0 
0.939205 -0.0732982 0 0 0 0 
0.940409 -0.0487939 0 0 0 0 
0.920545 -0.0650585 0 0 0 0 
1 2 6
2 7 6
2 3 7
3 8 7
3 4 8
4 9 8
4 5 9
6 7 10
7 11 10
7 8 11
8 12 11
8 9 12
10 11 13
11 14 13
11 12 14
13 14 15
ZONE N=15, E=16, F=FEPOINT, ET=TRIANGLE
0.377799 0.239405 0 0 0 0 
0.380029 0.259102 0 0 0 0 
0.382259 0.278798 0 0 0 0 
0.38449 0.298495 0 0 0 0 
0.38672 0.318191 0 0 0 0 
0.360914 0.242573 0 0 0 0 
0.363145 0.26227 0 0 0 0 
0.365375 0.281966 0 0 0 0 
0.367605 0.301663 0 0 0 0 
0.34403 0.245742 0 0 0 0 
0.346261 0.265438 0 0 0 0 
0.348491 0.285135 0 0 0 0 
0.327146 0.24891 0 0 0 0 
0.329377 0.268606 0 0 0 0 
0.310262 0.252078 0 0 0 0 
1 2 6
2 7 6
2 3 7
3 8 7
3 4 8
4 9 8
4 5 9
6 7 10
7 11 10
7 8 11
8 12 11
8 9 12
10 11 13
11 14 13
11 12 14
13 14 15
ZONE N=15, E=16, F=FEPOINT, ET=TRIANGLE
0.310262 0.252078 0 0 0 0 
0.297039 0.263044 0 0 0 0 
0.283816 0.27401 0 0 0 0 
0.270592 0.284977 0 0 0 0 
0.257369 0.295943 0 0 0 0 
0.303526 0.236275 0 0 0 0 
0.290303 0.247241 0 0 0 0 
0.27708 0.258207 0 0 0 0 
0.263856 0.269173 0 0 0 0 
0.29679 0.220472 0 0 0 0 
0.283567 0.231438 0 0 0 0 
0.270344 0.242404 0 0 0 0 
0.290054 0.204669 0 0 0 0 
0.276831 0.215635 0 0 0 0 
0.283319 0.188865 0 0 0 0 
1 2 6
2 7 6
2 3 7
3 8 7
3 4 8
4 9 8
4 5 9
6 7 10
7 11 10
7 8 11
8 12 11
8 9 12
10 11 13
11 14 13
11 12 14
13 14 15
ZONE N=15, E=16, F=FEPOINT, ET=TRIANGLE
0.852609 0.150449 0 0 0 0 
0.866013 0.137413 0 0 0 0 
0.879417 0.124377 0 0 0 0 
0.892821 0.111342 0 0 0 0 
0.906226 0.0983061 0 0 0 0 
0.863803 0.16217 0 0 0 0 
0.877207 0.149134 0 0 0 0 
0.890611 0.136099 0 0 0 0 
0.904016 0.123063 0 0 0 0 
0.874997 0.173891 0 0 0 0 
0.888401 0.160856 0 0 0 0 
0.901806 0.14782 0 0 0 0 
0.886191 0.185613 0 0 0 0 
0.899596 0.172577 0 0 0 0 
0.897385 0.197334 0 0 0 0 
1 2 6
2 7 6
2 3 7
3 8 7
3 4 8
4 9 8
4 5 9
6 7 10
7 11 10
7 8 11
8 12 11
8 9 12
10 11 13
11 14 13
11 12 14
13 14 15
ZONE N=15, E=16, F=FEPOINT, ET=TRIANGLE
0.980785 0.19509 0 0 0 0 
0.975702 0.219101 0 0 0 0 
0.970031 0.24298 0 0 0 0 
0.963776 0.266713 0 0 0 0 
0.95694 0.290285 0 0 0 0 
0.959935 0.195651 0 0 0 0 
0.954559 0.219594 0 0 0 0 
0.948596 0.243397 0 0 0 0 
0.942052 0.267047 0 0 0 0 
0.939085 0.196212 0 0 0 0 
0.933416 0.220084 0 0 0 0 
0.927163 0.243809 0 0 0 0 
0.918235 0.196773 0 0 0 0 
0.912274 0.220572 0 0 0 0 
0.897385 0.197334 0 0 0 0 
1 2 6
2 7 6
2 3 7
3 8 7
3 4 8
4 9 8
4 5 9
6 7 10
7 11 10
7 8 11
8 12 11
8 9 12
10 11 13
11 14 13
11 12 14
13 14 15
ZONE N=15, E=16, F=FEPOINT, ET=TRIANGLE
0.495801 -0.507482 0 0 0 0 
0.477986 -0.516021 0 0 0 0 
0.460172 -0.52456 0 0 0 0 
0.442357 -0.533098 0 0 0 0 
0.424542 -0.541637 0 0 0 0 
0.506175 -0.521819 0 0 0 0 
0.48836 -0.530358 0 0 0 0 
0.470545 -0.538897 0 0 0 0 
0.45273 -0.547435 0 0 0 0 
0.516548 -0.536156 0 0 0 0 
0.498733 -0.544695 0 0 0 0 
0.480918 -0.553234 0 0 0 0 
0.526921 -0.550493 0 0 0 0 
0.509106 -0.559032 0 0 0 0 
0.537295 -0.56483 0 0 0 0 
1 2 6
2 7 6
2 3 7
3 8 7
3 4 8
4 9 8
4 5 9
6 7 10
7 11 10
7 8 11
8 12 11
8 9 12
10 11 13
11 14 13
11 12 14
13 14 15
ZONE N=15, E=16, F=FEPOINT, ET=TRIANGLE
0.510967 -0.630536 0 0 0 0 
0.532696 -0.632613 0 0 0 0 
0.554425 -0.634691 0 0 0 0 
0.576154 -0.636768 0 0 0 0 
0.597884 -0.638845 0 0 0 0 
0.517549 -0.61411 0 0 0 0 
0.539278 -0.616187 0 0 0 0 
0.561007 -0.618264 0 0 0 0 
0.582736 -0.620342 0 0 0 0 
0.524131 -0.597683 0 0 0 0 
0.54586 -0.59976 0 0 0 0 
0.567589 -0.601838 0 0 0 0 
0.530713 -0.581256 0 0 0 0 
0.552442 -0.583334 0 0 0 0 
0.537295 -0.56483 0 0 0 0 
1 2 6
2 7 6
2 3 7
3 8 7
3 4 8
4 9 8
4 5 9
6 7 10
7 11 10
7 8 11
8 12 11
8 9 12
10 11 13
11 14 13
11 12 14
13 14 15
ZONE N=15, E=16, F=FEPOINT, ET=TRIANGLE
0.290285 -0.95694 0 0 0 0 
0.274897 -0.942686 0 0 0 0 
0.259509 -0.928432 0 0 0 0 
0.244122 -0.914178 0 0 0 0 
0.228734 -0.899924 0 0 0 0 
0.266713 -0.963776 0 0 0 0 
0.251247 -0.949231 0 0 0 0 
0.235784 -0.934686 0 0 0 0 
0.220323 -0.920139 0 0 0 0 
0.24298 -0.970031 0 0 0 0 
0.227444 -0.955194 0 0 0 0 
0.211912 -0.940355 0 0 0 0 
0.219101 -0.975702 0 0 0 0 
0.203501 -0.96057 0 0 0 0 
0.19509 -0.980785 0 0 0 0 
1 2 6
2 7 6
2 3 7
3 8 7
3 4 8
4 9 8
4 5 9
6 7 10
7 11 10
7 8 11
8 12 11
8 9 12
10 11 13
11 14 13
11 12 14
13 14 15
ZONE N=15, E=16, F=FEPOINT, ET=TRIANGLE
0.271177 -0.697234 0 0 0 0 
0.241597 -0.71208 0 0 0 0 
0.212018 -0.726926 0 0 0 0 
0.182438 -0.741772 0 0 0 0 
0.152858 -0.756618 0 0 0 0 
0.263681 -0.719189 0 0 0 0 
0.234101 -0.734035 0 0 0 0 
0.204522 -0.748881 0 0 0 0 
0.174942 -0.763728 0 0 0 0 
0.256185 -0.741144 0 0 0 0 
0.226605 -0.755991 0 0 0 0 
0.197026 -0.770837 0 0 0 0 
0.248689 -0.7631 0 0 0 0 
0.219109 -0.777946 0 0 0 0 
0.241193 -0.785055 0 0 0 0 
1 2 6
2 7 6
2 3 7
3 8 7
3 4 8
4 9 8
4 5 9
6 7 10
7 11 10
7 8 11
8 12 11
8 9 12
10 11 13
11 14 13
11 12 14
13 14 15
ZONE N=15, E=16, F=FEPOINT, ET=TRIANGLE
0.271177 -0.697234 0 0 0 0 
0.263681 -0.719189 0 0 0 0 
0.256185 -0.741144 0 0 0 0 
0.248689 -0.7631 0 0 0 0 
0.241193 -0.785055 0 0 0 0 
0.285885 -0.712465 0 0 0 0 
0.278389 -0.73442 0 0 0 0 
0.270893 -0.756375 0 0 0 0 
0.263397 -0.778331 0 0 0 0 
0.300592 -0.727696 0 0 0 0 
0.293096 -0.749651 0 0 0 0 
0.2856 -0.771606 0 0 0 0 
0.3153 -0.742927 0 0 0 0 
0.307804 -0.764882 0 0 0 0 
0.330008 -0.758158 0 0 0 0 
1 2 6
2 7 6
2 3 7
3 8 7
3 4 8
4 9 8
4 5 9
6 7 10
7 11 10
7 8 11
8 12 11
8 9 12
10 11 13
11 14 13
11 12 14
13 14 15
ZONE N=15, E=16, F=FEPOINT, ET=TRIANGLE
0.228734 -0.899924 0 0 0 0 
0.231849 -0.871207 0 0 0 0 
0.234963 -0.84249 0 0 0 0 
0.238078 -0.813772 0 0 0 0 
0.241193 -0.785055 0 0 0 0 
0.213632 -0.88994 0 0 0 0 
0.216747 -0.861222 0 0 0 0 
0.219862 -0.832505 0 0 0 0 
0.222976 -0.803788 0 0 0 0 
0.19853 -0.879955 0 0 0 0 
0.201645 -0.851238 0 0 0 0 
0.20476 -0.822521 0 0 0 0 
0.183428 -0.869971 0 0 0 0 
0.186543 -0.841254 0 0 0 0 
0.168326 -0.859986 0 0 0 0 
1 2 6
2 7 6
2 3 7
3 8 7
3 4 8
4 9 8
4 5 9
6 7 10
7 11 10
7 8 11
8 12 11
8 9 12
10 11 13
11 14 13
11 12 14
13 14 15
ZONE N=15, E=16, F=FEPOINT, ET=TRIANGLE
0.55557 -0.83147 0 0 0 0 
0.553177 -0.805941 0 0 0 0 
0.550784 -0.780412 0 0 0 0 
0.548391 -0.754883 0 0 0 0 
0.545997 -0.729355 0 0 0 0 
0.533462 -0.82033 0 0 0 0 
0.531069 -0.794801 0 0 0 0 
0.528676 -0.769272 0 0 0 0 
0.526283 -0.743744 0 0 0 0 
0.511354 -0.80919 0 0 0 0 
0.508961 -0.783661 0 0 0 0 
0.506568 -0.758133 0 0 0 0 
0.489246 -0.79805 0 0 0 0 
0.486853 -0.772522 0 0 0 0 
0.467139 -0.786911 0 0 0 0 
1 2 6
2 7 6
2 3 7
3 8 7
3 4 8
4 9 8
4 5 9
6 7 10
7 11 10
7 8 11
8 12 11
8 9 12
10 11 13
11 14 13
11 12 14
13 14 15
ZONE N=15, E=16, F=FEPOINT, ET=TRIANGLE
0.228734 -0.899924 0 0 0 0 
0.213632 -0.88994 0 0 0 0 
0.19853 -0.879955 0 0 0 0 
0.183428 -0.869971 0 0 0 0 
0.168326 -0.859986 0 0 0 0 
0.204939 -0.905296 0 0 0 0 
0.189837 -0.895311 0 0 0 0 
0.174735 -0.885327 0 0 0 0 
0.159633 -0.875342 0 0 0 0 
0.181143 -0.910668 0 0 0 0 
0.166041 -0.900683 0 0 0 0 
0.150939 -0.890699 0 0 0 0 
0.157347 -0.916039 0 0 0 0 
0.142246 -0.906055 0 0 0 0 
0.133552 -0.921411 0 0 0 0 
1 2 6
2 7 6
2 3 7
3 8 7
3 4 8
4 9 8
4 5 9
6 7 10
7 11 10
7 8 11
8 12 11
8 9 12
10 11 13
11 14 13
11 12 14
13 14 15
ZONE N=15, E=16, F=FEPOINT, ET=TRIANGLE
0.110776 -0.815757 0 0 0 0 
0.0923132 -0.836012 0 0 0 0 
0.07385 -0.856267 0 0 0 0 
0.0553867 -0.876522 0 0 0 0 
0.0369235 -0.896776 0 0 0 0 
0.11647 -0.84217 0 0 0 0 
0.0980071 -0.862425 0 0 0 0 
0.0795438 -0.88268 0 0 0 0 
0.0610806 -0.902935 0 0 0 0 
0.122164 -0.868584 0 0 0 0 
0.103701 -0.888839 0 0 0 0 
0.0852377 -0.909094 0 0 0 0 
0.127858 -0.894997 0 0 0 0 
0.109395 -0.915252 0 0 0 0 
0.133552 -0.921411 0 0 0 0 
1 2 6
2 7 6
2 3 7
3 8 7
3 4 8
4 9 8
4 5 9
6 7 10
7 11 10
7 8 11
8 12 11
8 9 12
10 11 13
11 14 13
11 12 14
13 14 15
ZONE N=15, E=16, F=FEPOINT, ET=TRIANGLE
0.168326 -0.859986 0 0 0 0 
0.164459 -0.834144 0 0 0 0 
0.160592 -0.808302 0 0 0 0 
0.156725 -0.78246 0 0 0 0 
0.152858 -0.756618 0 0 0 0 
0.153939 -0.848929 0 0 0 0 
0.150072 -0.823087 0 0 0 0 
0.146205 -0.797245 0 0 0 0 
0.142338 -0.771403 0 0 0 0 
0.139551 -0.837872 0 0 0 0 
0.135684 -0.81203 0 0 0 0 
0.131817 -0.786188 0 0 0 0 
0.125164 -0.826814 0 0 0 0 
0.121297 -0.800972 0 0 0 0 
0.110776 -0.815757 0 0 0 0 
1 2 6
2 7 6
2 3 7
3 8 7
3 4 8
4 9 8
4 5 9
6 7 10
7 11 10
7 8 11
8 12 11
8 9 12
10 11 13
11 14 13
11 12 14
13 14 15
ZONE N=15, E=16, F=FEPOINT, ET=TRIANGLE
0.228734 -0.899924 0 0 0 0 
0.244122 -0.914178 0 0 0 0 
0.259509 -0.928432 0 0 0 0 
0.274897 -0.942686 0 0 0 0 
0.290285 -0.95694 0 0 0 0 
0.250885 -0.88809 0 0 0 0 
0.266273 -0.902344 0 0 0 0 
0.281661 -0.916598 0 0 0 0 
0.297048 -0.930852 0 0 0 0 
0.273037 -0.876256 0 0 0 0 
0.288424 -0.89051 0 0 0 0 
0.303812 -0.904764 0 0 0 0 
0.295188 -0.864422 0 0 0 0 
0.310575 -0.878676 0 0 0 0 
0.317339 -0.852588 0 0 0 0 
1 2 6
2 7 6
2 3 7
3 8 7
3 4 8
4 9 8
4 5 9
6 7 10
7 11 10
7 8 11
8 12 11
8 9 12
10 11 13
11 14 13
11 12 14
13 14 15
ZONE N=15, E=16, F=FEPOINT, ET=TRIANGLE
0.317339 -0.852588 0 0 0 0 
0.298302 -0.835705 0 0 0 0 
0.279266 -0.818822 0 0 0 0 
0.260229 -0.801938 0 0 0 0 
0.241193 -0.785055 0 0 0 0 
0.295188 -0.864422 0 0 0 0 
0.276151 -0.847539 0 0 0 0 
0.257115 -0.830656 0 0 0 0 
0.238078 -0.813772 0 0 0 0 
0.273037 -0.876256 0 0 0 0 
0.254 -0.859373 0 0 0 0 
0.234963 -0.84249 0 0 0 0 
0.250885 -0.88809 0 0 0 0 
0.231849 -0.871207 0 0 0 0 
0.228734 -0.899924 0 0 0 0 
1 2 6
2 7 6
2 3 7
3 8 7
3 4 8
4 9 8
4 5 9
6 7 10
7 11 10
7 8 11
8 12 11
8 9 12
10 11 13
11 14 13
11 12 14
13 14 15
ZONE N=15, E=16, F=FEPOINT, ET=TRIANGLE
0.152858 -0.756618 0 0 0 0 
0.134462 -0.747467 0 0 0 0 
0.116065 -0.738315 0 0 0 0 
0.097668 -0.729163 0 0 0 0 
0.0792712 -0.720011 0 0 0 0 
0.142338 -0.771403 0 0 0 0 
0.123941 -0.762251 0 0 0 0 
0.105544 -0.753099 0 0 0 0 
0.0871475 -0.743948 0 0 0 0 
0.131817 -0.786188 0 0 0 0 
0.113421 -0.777036 0 0 0 0 
0.0950238 -0.767884 0 0 0 0 
0.121297 -0.800972 0 0 0 0 
0.1029 -0.79182 0 0 0 0 
0.110776 -0.815757 0 0 0 0 
1 2 6
2 7 6
2 3 7
3 8 7
3 4 8
4 9 8
4 5 9
6 7 10
7 11 10
7 8 11
8 12 11
8 9 12
10 11 13
11 14 13
11 12 14
13 14 15
ZONE N=15, E=16, F=FEPOINT, ET=TRIANGLE
0.043973 -0.787375 0 0 0 0 
0.0422106 -0.814725 0 0 0 0 
0.0404482 -0.842076 0 0 0 0 
0.0386858 -0.869426 0 0 0 0 
0.0369235 -0.896776 0 0 0 0 
0.0606738 -0.79447 0 0 0 0 
0.0589115 -0.821821 0 0 0 0 
0.0571491 -0.849171 0 0 0 0 
0.0553867 -0.876522 0 0 0 0 
0.0773747 -0.801566 0 0 0 0 
0.0756123 -0.828916 0 0 0 0 
0.07385 -0.856267 0 0 0 0 
0.0940756 -0.808661 0 0 0 0 
0.0923132 -0.836012 0 0 0 0 
0.110776 -0.815757 0 0 0 0 
1 2 6
2 7 6
2 3 7
3 8 7
3 4 8
4 9 8
4 5 9
6 7 10
7 11 10
7 8 11
8 12 11
8 9 12
10 11 13
11 14 13
11 12 14
13 14 15
ZONE N=15, E=16, F=FEPOINT, ET=TRIANGLE
0.043973 -0.787375 0 0 0 0 
0.0310961 -0.800277 0 0 0 0 
0.0182192 -0.813179 0 0 0 0 
0.00534228 -0.826081 0 0 0 0 
-0.00753461 -0.838984 0 0 0 0 
0.0422106 -0.814725 0 0 0 0 
0.0293337 -0.827627 0 0 0 0 
0.0164568 -0.84053 0 0 0 0 
0.0035799 -0.853432 0 0 0 0 
0.0404482 -0.842076 0 0 0 0 
0.0275713 -0.854978 0 0 0 0 
0.0146944 -0.86788 0 0 0 0 
0.0386858 -0.869426 0 0 0 0 
0.0258089 -0.882328 0 0 0 0 
0.0369235 -0.896776 0 0 0 0 
1 2 6
2 7 6
2 3 7
3 8 7
3 4 8
4 9 8
4 5 9
6 7 10
7 11 10
7 8 11
8 12 11
8 9 12
10 11 13
11 14 13
11 12 14
13 14 15
ZONE N=15, E=16, F=FEPOINT, ET=TRIANGLE
0.133552 -0.921411 0 0 0 0 
0.124668 -0.939854 0 0 0 0 
0.115785 -0.958298 0 0 0 0 
0.106901 -0.976741 0 0 0 0 
0.0980171 -0.995185 0 0 0 0 
0.148937 -0.936255 0 0 0 0 
0.140097 -0.954996 0 0 0 0 
0.131255 -0.973738 0 0 0 0 
0.122411 -0.99248 0 0 0 0 
0.164321 -0.951098 0 0 0 0 
0.155528 -0.970137 0 0 0 0 
0.14673 -0.989177 0 0 0 0 
0.179706 -0.965942 0 0 0 0 
0.170962 -0.985278 0 0 0 0 
0.19509 -0.980785 0 0 0 0 
1 2 6
2 7 6
2 3 7
3 8 7
3 4 8
4 9 8
4 5 9
6 7 10
7 11 10
7 8 11
8 12 11
8 9 12
10 11 13
11 14 13
11 12 14
13 14 15
ZONE N=15, E=16, F=FEPOINT, ET=TRIANGLE
0.19509 -0.980785 0 0 0 0 
0.203501 -0.96057 0 0 0 0 
0.211912 -0.940355 0 0 0 0 
0.220323 -0.920139 0 0 0 0 
0.228734 -0.899924 0 0 0 0 
0.179706 -0.965942 0 0 0 0 
0.188117 -0.945726 0 0 0 0 
0.196528 -0.925511 0 0 0 0 
0.204939 -0.905296 0 0 0 0 
0.164321 -0.951098 0 0 0 0 
0.172732 -0.930883 0 0 0 0 
0.181143 -0.910668 0 0 0 0 
0.148937 -0.936255 0 0 0 0 
0.157347 -0.916039 0 0 0 0 
0.133552 -0.921411 0 0 0 0 
1 2 6
2 7 6
2 3 7
3 8 7
3 4 8
4 9 8
4 5 9
6 7 10
7 11 10
7 8 11
8 12 11
8 9 12
10 11 13
11 14 13
11 12 14
13 14 15
ZONE N=15, E=16, F=FEPOINT, ET=TRIANGLE
0.0980171 -0.995185 0 0 0 0 
0.0827437 -0.970583 0 0 0 0 
0.0674703 -0.945981 0 0 0 0 
0.0521969 -0.921379 0 0 0 0 
0.0369235 -0.896776 0 0 0 0 
0.0735646 -0.99729 0 0 0 0 
0.0582714 -0.972388 0 0 0 0 
0.0429808 -0.947485 0 0 0 0 
0.0276926 -0.922582 0 0 0 0 
0.0490677 -0.998795 0 0 0 0 
0.0337622 -0.973592 0 0 0 0 
0.0184617 -0.948388 0 0 0 0 
0.0245412 -0.999699 0 0 0 0 
0.00923086 -0.974194 0 0 0 0 
-1.80411e-16 -1 0 0 0 0 
1 2 6
2 7 6
2 3 7
3 8 7
3 4 8
4 9 8
4 5 9
6 7 10
7 11 10
7 8 11
8 12 11
8 9 12
10 11 13
11 14 13
11 12 14
13 14 15
ZONE N=15, E=16, F=FEPOINT, ET=TRIANGLE
0.110776 -0.815757 0 0 0 0 
0.11647 -0.84217 0 0 0 0 
0.122164 -0.868584 0 0 0 0 
0.127858 -0.894997 0 0 0 0 
0.133552 -0.921411 0 0 0 0 
0.125164 -0.826814 0 0 0 0 
0.130858 -0.853228 0 0 0 0 
0.136552 -0.879641 0 0 0 0 
0.142246 -0.906055 0 0 0 0 
0.139551 -0.837872 0 0 0 0 
0.145245 -0.864285 0 0 0 0 
0.150939 -0.890699 0 0 0 0 
0.153939 -0.848929 0 0 0 0 
0.159633 -0.875342 0 0 0 0 
0.168326 -0.859986 0 0 0 0 
1 2 6
2 7 6
2 3 7
3 8 7
3 4 8
4 9 8
4 5 9
6 7 10
7 11 10
7 8 11
8 12 11
8 9 12
10 11 13
11 14 13
11 12 14
13 14 15
ZONE N=15, E=16, F=FEPOINT, ET=TRIANGLE
0.40206 -0.755903 0 0 0 0 
0.417451 -0.742963 0 0 0 0 
0.432842 -0.730023 0 0 0 0 
0.448233 -0.717082 0 0 0 0 
0.463624 -0.704142 0 0 0 0 
0.395943 -0.738951 0 0 0 0 
0.411334 -0.726011 0 0 0 0 
0.426725 -0.713071 0 0 0 0 
0.442116 -0.70013 0 0 0 0 
0.389826 -0.721999 0 0 0 0 
0.405217 -0.709059 0 0 0 0 
0.420608 -0.696119 0 0 0 0 
0.383709 -0.705048 0 0 0 0 
0.3991 -0.692107 0 0 0 0 
0.377591 -0.688096 0 0 0 0 
1 2 6
2 7 6
2 3 7
3 8 7
3 4 8
4 9 8
4 5 9
6 7 10
7 11 10
7 8 11
8 12 11
8 9 12
10 11 13
11 14 13
11 12 14
13 14 15
ZONE N=15, E=16, F=FEPOINT, ET=TRIANGLE
0.317339 -0.852588 0 0 0 0 
0.336435 -0.847957 0 0 0 0 
0.355532 -0.843325 0 0 0 0 
0.374629 -0.838693 0 0 0 0 
0.393725 -0.834061 0 0 0 0 
0.320506 -0.828981 0 0 0 0 
0.339603 -0.824349 0 0 0 0 
0.358699 -0.819717 0 0 0 0 
0.377796 -0.815085 0 0 0 0 
0.323674 -0.805373 0 0 0 0 
0.34277 -0.800741 0 0 0 0 
0.361867 -0.79611 0 0 0 0 
0.326841 -0.781766 0 0 0 0 
0.345937 -0.777134 0 0 0 0 
0.330008 -0.758158 0 0 0 0 
1 2 6
2 7 6
2 3 7
3 8 7
3 4 8
4 9 8
4 5 9
6 7 10
7 11 10
7 8 11
8 12 11
8 9 12
10 11 13
11 14 13
11 12 14
13 14 15
ZONE N=15, E=16, F=FEPOINT, ET=TRIANGLE
0.467139 -0.786911 0 0 0 0 
0.46626 -0.766218 0 0 0 0 
0.465381 -0.745526 0 0 0 0 
0.464503 -0.724834 0 0 0 0 
0.463624 -0.704142 0 0 0 0 
0.450869 -0.779159 0 0 0 0 
0.44999 -0.758467 0 0 0 0 
0.449112 -0.737774 0 0 0 0 
0.448233 -0.717082 0 0 0 0 
0.434599 -0.771407 0 0 0 0 
0.433721 -0.750715 0 0 0 0 
0.432842 -0.730023 0 0 0 0 
0.41833 -0.763655 0 0 0 0 
0.417451 -0.742963 0 0 0 0 
0.40206 -0.755903 0 0 0 0 
1 2 6
2 7 6
2 3 7
3 8 7
3 4 8
4 9 8
4 5 9
6 7 10
7 11 10
7 8 11
8 12 11
8 9 12
10 11 13
11 14 13
11 12 14
13 14 15
ZONE N=15, E=16, F=FEPOINT, ET=TRIANGLE
0.043973 -0.787375 0 0 0 0 
0.0323299 -0.772344 0 0 0 0 
0.0206869 -0.757313 0 0 0 0 
0.00904384 -0.742282 0 0 0 0 
-0.0025992 -0.727251 0 0 0 0 
0.0310961 -0.800277 0 0 0 0 
0.019453 -0.785246 0 0 0 0 
0.00780998 -0.770215 0 0 0 0 
-0.00383305 -0.755184 0 0 0 0 
0.0182192 -0.813179 0 0 0 0 
0.00657613 -0.798148 0 0 0 0 
-0.00506691 -0.783117 0 0 0 0 
0.00534228 -0.826081 0 0 0 0 
-0.00630076 -0.811051 0 0 0 0 
-0.00753461 -0.838984 0 0 0 0 
1 2 6
2 7 6
2 3 7
3 8 7
3 4 8
4 9 8
4 5 9
6 7 10
7 11 10
7 8 11
8 12 11
8 9 12
10 11 13
11 14 13
11 12 14
13 14 15
ZONE N=15, E=16, F=FEPOINT, ET=TRIANGLE
-0.0451974 -0.913953 0 0 0 0 
-0.0664131 -0.911429 0 0 0 0 
-0.0876288 -0.908905 0 0 0 0 
-0.108844 -0.906381 0 0 0 0 
-0.13006 -0.903857 0 0 0 0 
-0.0584023 -0.934261 0 0 0 0 
-0.079618 -0.931737 0 0 0 0 
-0.100834 -0.929213 0 0 0 0 
-0.122049 -0.926689 0 0 0 0 
-0.0716072 -0.954569 0 0 0 0 
-0.092823 -0.952045 0 0 0 0 
-0.114039 -0.949521 0 0 0 0 
-0.0848122 -0.974877 0 0 0 0 
-0.106028 -0.972353 0 0 0 0 
-0.0980171 -0.995185 0 0 0 0 
1 2 6
2 7 6
2 3 7
3 8 7
3 4 8
4 9 8
4 5 9
6 7 10
7 11 10
7 8 11
8 12 11
8 9 12
10 11 13
11 14 13
11 12 14
13 14 15
ZONE N=15, E=16, F=FEPOINT, ET=TRIANGLE
-0.0980171 -0.995185 0 0 0 0 
-0.0735646 -0.99729 0 0 0 0 
-0.0490677 -0.998795 0 0 0 0 
-0.0245412 -0.999699 0 0 0 0 
-1.80411e-16 -1 0 0 0 0 
-0.0848122 -0.974877 0 0 0 0 
-0.0603399 -0.976682 0 0 0 0 
-0.0358307 -0.977886 0 0 0 0 
-0.0112993 -0.978488 0 0 0 0 
-0.0716072 -0.954569 0 0 0 0 
-0.0471177 -0.956073 0 0 0 0 
-0.0225987 -0.956976 0 0 0 0 
-0.0584023 -0.934261 0 0 0 0 
-0.033898 -0.935465 0 0 0 0 
-0.0451974 -0.913953 0 0 0 0 
1 2 6
2 7 6
2 3 7
3 8 7
3 4 8
4 9 8
4 5 9
6 7 10
7 11 10
7 8 11
8 12 11
8 9 12
10 11 13
11 14 13
11 12 14
13 14 15
ZONE N=15, E=16, F=FEPOINT, ET=TRIANGLE
-1.83697e-16 -1 0 0 0 0 
0.00923086 -0.974194 0 0 0 0 
0.0184617 -0.948388 0 0 0 0 
0.0276926 -0.922582 0 0 0 0 
0.0369235 -0.896776 0 0 0 0 
-0.0112993 -0.978488 0 0 0 0 
-0.00206847 -0.952682 0 0 0 0 
0.00716239 -0.926876 0 0 0 0 
0.0163933 -0.901071 0 0 0 0 
-0.0225987 -0.956976 0 0 0 0 
-0.0133678 -0.931171 0 0 0 0 
-0.00413695 -0.905365 0 0 0 0 
-0.033898 -0.935465 0 0 0 0 
-0.0246671 -0.909659 0 0 0 0 
-0.0451974 -0.913953 0 0 0 0 
1 2 6
2 7 6
2 3 7
3 8 7
3 4 8
4 9 8
4 5 9
6 7 10
7 11 10
7 8 11
8 12 11
8 9 12
10 11 13
11 14 13
11 12 14
13 14 15
ZONE N=15, E=16, F=FEPOINT, ET=TRIANGLE
-0.19509 -0.980785 0 0 0 0 
-0.178833 -0.961553 0 0 0 0 
-0.162575 -0.942321 0 0 0 0 
-0.146318 -0.923089 0 0 0 0 
-0.13006 -0.903857 0 0 0 0 
-0.199517 -0.94054 0 0 0 0 
-0.183259 -0.921308 0 0 0 0 
-0.167002 -0.902075 0 0 0 0 
-0.150744 -0.882843 0 0 0 0 
-0.203944 -0.900294 0 0 0 0 
-0.187686 -0.881062 0 0 0 0 
-0.171429 -0.86183 0 0 0 0 
-0.20837 -0.860049 0 0 0 0 
-0.192113 -0.840816 0 0 0 0 
-0.212797 -0.819803 0 0 0 0 
1 2 6
2 7 6
2 3 7
3 8 7
3 4 8
4 9 8
4 5 9
6 7 10
7 11 10
7 8 11
8 12 11
8 9 12
10 11 13
11 14 13
11 12 14
13 14 15
ZONE N=15, E=16, F=FEPOINT, ET=TRIANGLE
-0.151661 -0.773725 0 0 0 0 
-0.146261 -0.806258 0 0 0 0 
-0.140861 -0.838791 0 0 0 0 
-0.13546 -0.871324 0 0 0 0 
-0.13006 -0.903857 0 0 0 0 
-0.133839 -0.789192 0 0 0 0 
-0.128438 -0.821725 0 0 0 0 
-0.123038 -0.854258 0 0 0 0 
-0.117638 -0.886791 0 0 0 0 
-0.116016 -0.804659 0 0 0 0 
-0.110615 -0.837192 0 0 0 0 
-0.105215 -0.869725 0 0 0 0 
-0.098193 -0.820126 0 0 0 0 
-0.0927927 -0.852659 0 0 0 0 
-0.0803702 -0.835593 0 0 0 0 
1 2 6
2 7 6
2 3 7
3 8 7
3 4 8
4 9 8
4 5 9
6 7 10
7 11 10
7 8 11
8 12 11
8 9 12
10 11 13
11 14 13
11 12 14
13 14 15
ZONE N=15, E=16, F=FEPOINT, ET=TRIANGLE
-0.13006 -0.903857 0 0 0 0 
-0.146318 -0.923089 0 0 0 0 
-0.162575 -0.942321 0 0 0 0 
-0.178833 -0.961553 0 0 0 0 
-0.19509 -0.980785 0 0 0 0 
-0.122049 -0.926689 0 0 0 0 
-0.138351 -0.946219 0 0 0 0 
-0.154655 -0.965748 0 0 0 0 
-0.170962 -0.985278 0 0 0 0 
-0.114039 -0.949521 0 0 0 0 
-0.130382 -0.969349 0 0 0 0 
-0.14673 -0.989177 0 0 0 0 
-0.106028 -0.972353 0 0 0 0 
-0.122411 -0.99248 0 0 0 0 
-0.0980171 -0.995185 0 0 0 0 
1 2 6
2 7 6
2 3 7
3 8 7
3 4 8
4 9 8
4 5 9
6 7 10
7 11 10
7 8 11
8 12 11
8 9 12
10 11 13
11 14 13
11 12 14
13 14 15
ZONE N=15, E=16, F=FEPOINT, ET=TRIANGLE
-0.798451 -0.47485 0 0 0 0 
-0.803567 -0.451383 0 0 0 0 
-0.808682 -0.427917 0 0 0 0 
-0.813797 -0.40445 0 0 0 0 
-0.818913 -0.380984 0 0 0 0 
-0.819319 -0.473987 0 0 0 0 
-0.824434 -0.45052 0 0 0 0 
-0.829549 -0.427053 0 0 0 0 
-0.834665 -0.403587 0 0 0 0 
-0.840186 -0.473123 0 0 0 0 
-0.845302 -0.449657 0 0 0 0 
-0.850417 -0.42619 0 0 0 0 
-0.861054 -0.47226 0 0 0 0 
-0.866169 -0.448793 0 0 0 0 
-0.881921 -0.471397 0 0 0 0 
1 2 6
2 7 6
2 3 7
3 8 7
3 4 8
4 9 8
4 5 9
6 7 10
7 11 10
7 8 11
8 12 11
8 9 12
10 11 13
11 14 13
11 12 14
13 14 15
ZONE N=15, E=16, F=FEPOINT, ET=TRIANGLE
-0.83147 -0.55557 0 0 0 0 
-0.808273 -0.554735 0 0 0 0 
-0.785076 -0.5539 0 0 0 0 
-0.761879 -0.553065 0 0 0 0 
-0.738683 -0.55223 0 0 0 0 
-0.823215 -0.53539 0 0 0 0 
-0.800018 -0.534555 0 0 0 0 
-0.776822 -0.53372 0 0 0 0 
-0.753625 -0.532885 0 0 0 0 
-0.814961 -0.51521 0 0 0 0 
-0.791764 -0.514375 0 0 0 0 
-0.768567 -0.51354 0 0 0 0 
-0.806706 -0.49503 0 0 0 0 
-0.783509 -0.494195 0 0 0 0 
-0.798451 -0.47485 0 0 0 0 
1 2 6
2 7 6
2 3 7
3 8 7
3 4 8
4 9 8
4 5 9
6 7 10
7 11 10
7 8 11
8 12 11
8 9 12
10 11 13
11 14 13
11 12 14
13 14 15
ZONE N=15, E=16, F=FEPOINT, ET=TRIANGLE
-0.733422 -0.443739 0 0 0 0 
-0.754795 -0.42805 0 0 0 0 
-0.776167 -0.412361 0 0 0 0 
-0.79754 -0.396672 0 0 0 0 
-0.818913 -0.380984 0 0 0 0 
-0.749679 -0.451517 0 0 0 0 
-0.771052 -0.435828 0 0 0 0 
-0.792425 -0.420139 0 0 0 0 
-0.813797 -0.40445 0 0 0 0 
-0.765937 -0.459294 0 0 0 0 
-0.787309 -0.443606 0 0 0 0 
-0.808682 -0.427917 0 0 0 0 
-0.782194 -0.467072 0 0 0 0 
-0.803567 -0.451383 0 0 0 0 
-0.798451 -0.47485 0 0 0 0 
1 2 6
2 7 6
2 3 7
3 8 7
3 4 8
4 9 8
4 5 9
6 7 10
7 11 10
7 8 11
8 12 11
8 9 12
10 11 13
11 14 13
11 12 14
13 14 15
ZONE N=15, E=16, F=FEPOINT, ET=TRIANGLE
0.0270949 -0.337768 0 0 0 0 
0.0151342 -0.363617 0 0 0 0 
0.00317355 -0.389466 0 0 0 0 
-0.00878711 -0.415315 0 0 0 0 
-0.0207478 -0.441164 0 0 0 0 
0.0383722 -0.353425 0 0 0 0 
0.0264116 -0.379274 0 0 0 0 
0.0144509 -0.405123 0 0 0 0 
0.00249026 -0.430971 0 0 0 0 
0.0496496 -0.369081 0 0 0 0 
0.0376889 -0.39493 0 0 0 0 
0.0257283 -0.420779 0 0 0 0 
0.060927 -0.384737 0 0 0 0 
0.0489663 -0.410586 0 0 0 0 
0.0722043 -0.400394 0 0 0 0 
1 2 6
2 7 6
2 3 7
3 8 7
3 4 8
4 9 8
4 5 9
6 7 10
7 11 10
7 8 11
8 12 11
8 9 12
10 11 13
11 14 13
11 12 14
13 14 15
ZONE N=15, E=16, F=FEPOINT, ET=TRIANGLE
0.047451 -0.473497 0 0 0 0 
0.0774762 -0.467186 0 0 0 0 
0.107501 -0.460875 0 0 0 0 
0.137527 -0.454564 0 0 0 0 
0.167552 -0.448252 0 0 0 0 
0.0536393 -0.455221 0 0 0 0 
0.0836645 -0.44891 0 0 0 0 
0.11369 -0.442599 0 0 0 0 
0.143715 -0.436288 0 0 0 0 
0.0598277 -0.436945 0 0 0 0 
0.0898529 -0.430634 0 0 0 0 
0.119878 -0.424323 0 0 0 0 
0.066016 -0.41867 0 0 0 0 
0.0960412 -0.412358 0 0 0 0 
0.0722043 -0.400394 0 0 0 0 
1 2 6
2 7 6
2 3 7
3 8 7
3 4 8
4 9 8
4 5 9
6 7 10
7 11 10
7 8 11
8 12 11
8 9 12
10 11 13
11 14 13
11 12 14
13 14 15
ZONE N=15, E=16, F=FEPOINT, ET=TRIANGLE
-0.0025992 -0.727251 0 0 0 0 
-0.0263482 -0.703579 0 0 0 0 
-0.0500972 -0.679907 0 0 0 0 
-0.0738462 -0.656235 0 0 0 0 
-0.0975952 -0.632563 0 0 0 0 
-0.0212607 -0.734376 0 0 0 0 
-0.0450097 -0.710704 0 0 0 0 
-0.0687587 -0.687033 0 0 0 0 
-0.0925077 -0.663361 0 0 0 0 
-0.0399222 -0.741502 0 0 0 0 
-0.0636712 -0.71783 0 0 0 0 
-0.0874202 -0.694158 0 0 0 0 
-0.0585837 -0.748627 0 0 0 0 
-0.0823327 -0.724955 0 0 0 0 
-0.0772452 -0.755752 0 0 0 0 
1 2 6
2 7 6
2 3 7
3 8 7
3 4 8
4 9 8
4 5 9
6 7 10
7 11 10
7 8 11
8 12 11
8 9 12
10 11 13
11 14 13
11 12 14
13 14 15
ZONE N=15, E=16, F=FEPOINT, ET=TRIANGLE
-0.133779 -0.699287 0 0 0 0 
-0.138249 -0.717896 0 0 0 0 
-0.14272 -0.736506 0 0 0 0 
-0.147191 -0.755115 0 0 0 0 
-0.151661 -0.773725 0 0 0 0 
-0.119645 -0.713403 0 0 0 0 
-0.124116 -0.732013 0 0 0 0 
-0.128587 -0.750622 0 0 0 0 
-0.133057 -0.769232 0 0 0 0 
-0.105512 -0.727519 0 0 0 0 
-0.109983 -0.746129 0 0 0 0 
-0.114453 -0.764738 0 0 0 0 
-0.0913785 -0.741636 0 0 0 0 
-0.0958492 -0.760245 0 0 0 0 
-0.0772452 -0.755752 0 0 0 0 
1 2 6
2 7 6
2 3 7
3 8 7
3 4 8
4 9 8
4 5 9
6 7 10
7 11 10
7 8 11
8 12 11
8 9 12
10 11 13
11 14 13
11 12 14
13 14 15
ZONE N=15, E=16, F=FEPOINT, ET=TRIANGLE
-0.133779 -0.699287 0 0 0 0 
-0.153751 -0.699168 0 0 0 0 
-0.173724 -0.699048 0 0 0 0 
-0.193696 -0.698929 0 0 0 0 
-0.213669 -0.698809 0 0 0 0 
-0.138249 -0.717896 0 0 0 0 
-0.158222 -0.717777 0 0 0 0 
-0.178194 -0.717658 0 0 0 0 
-0.198167 -0.717538 0 0 0 0 
-0.14272 -0.736506 0 0 0 0 
-0.162692 -0.736387 0 0 0 0 
-0.182665 -0.736267 0 0 0 0 
-0.147191 -0.755115 0 0 0 0 
-0.167163 -0.754996 0 0 0 0 
-0.151661 -0.773725 0 0 0 0 
1 2 6
2 7 6
2 3 7
3 8 7
3 4 8
4 9 8
4 5 9
6 7 10
7 11 10
7 8 11
8 12 11
8 9 12
10 11 13
11 14 13
11 12 14
13 14 15
ZONE N=15, E=16, F=FEPOINT, ET=TRIANGLE
-0.13006 -0.903857 0 0 0 0 
-0.13546 -0.871324 0 0 0 0 
-0.140861 -0.838791 0 0 0 0 
-0.146261 -0.806258 0 0 0 0 
-0.151661 -0.773725 0 0 0 0 
-0.150744 -0.882843 0 0 0 0 
-0.156145 -0.85031 0 0 0 0 
-0.161545 -0.817777 0 0 0 0 
-0.166945 -0.785244 0 0 0 0 
-0.171429 -0.86183 0 0 0 0 
-0.176829 -0.829297 0 0 0 0 
-0.182229 -0.796764 0 0 0 0 
-0.192113 -0.840816 0 0 0 0 
-0.197513 -0.808284 0 0 0 0 
-0.212797 -0.819803 0 0 0 0 
1 2 6
2 7 6
2 3 7
3 8 7
3 4 8
4 9 8
4 5 9
6 7 10
7 11 10
7 8 11
8 12 11
8 9 12
10 11 13
11 14 13
11 12 14
13 14 15
ZONE N=15, E=16, F=FEPOINT, ET=TRIANGLE
0.634393 -0.77301 0 0 0 0 
0.635674 -0.753193 0 0 0 0 
0.636956 -0.733376 0 0 0 0 
0.638237 -0.713558 0 0 0 0 
0.639518 -0.693741 0 0 0 0 
0.612294 -0.762097 0 0 0 0 
0.613575 -0.742279 0 0 0 0 
0.614857 -0.722462 0 0 0 0 
0.616138 -0.702644 0 0 0 0 
0.590195 -0.751183 0 0 0 0 
0.591477 -0.731365 0 0 0 0 
0.592758 -0.711548 0 0 0 0 
0.568096 -0.740269 0 0 0 0 
0.569378 -0.720451 0 0 0 0 
0.545997 -0.729355 0 0 0 0 
1 2 6
2 7 6
2 3 7
3 8 7
3 4 8
4 9 8
4 5 9
6 7 10
7 11 10
7 8 11
8 12 11
8 9 12
10 11 13
11 14 13
11 12 14
13 14 15
ZONE N=15, E=16, F=FEPOINT, ET=TRIANGLE
0.467139 -0.786911 0 0 0 0 
0.486853 -0.772522 0 0 0 0 
0.506568 -0.758133 0 0 0 0 
0.526283 -0.743744 0 0 0 0 
0.545997 -0.729355 0 0 0 0 
0.46626 -0.766218 0 0 0 0 
0.485975 -0.751829 0 0 0 0 
0.505689 -0.73744 0 0 0 0 
0.525404 -0.723051 0 0 0 0 
0.465381 -0.745526 0 0 0 0 
0.485096 -0.731137 0 0 0 0 
0.504811 -0.716748 0 0 0 0 
0.464503 -0.724834 0 0 0 0 
0.484218 -0.710445 0 0 0 0 
0.463624 -0.704142 0 0 0 0 
1 2 6
2 7 6
2 3 7
3 8 7
3 4 8
4 9 8
4 5 9
6 7 10
7 11 10
7 8 11
8 12 11
8 9 12
10 11 13
11 14 13
11 12 14
13 14 15
ZONE N=15, E=16, F=FEPOINT, ET=TRIANGLE
0.597884 -0.638845 0 0 0 0 
0.576154 -0.636768 0 0 0 0 
0.554425 -0.634691 0 0 0 0 
0.532696 -0.632613 0 0 0 0 
0.510967 -0.630536 0 0 0 0 
0.584912 -0.661473 0 0 0 0 
0.563183 -0.659395 0 0 0 0 
0.541454 -0.657318 0 0 0 0 
0.519725 -0.655241 0 0 0 0 
0.571941 -0.6841 0 0 0 0 
0.550211 -0.682023 0 0 0 0 
0.528482 -0.679945 0 0 0 0 
0.558969 -0.706727 0 0 0 0 
0.53724 -0.70465 0 0 0 0 
0.545997 -0.729355 0 0 0 0 
1 2 6
2 7 6
2 3 7
3 8 7
3 4 8
4 9 8
4 5 9
6 7 10
7 11 10
7 8 11
8 12 11
8 9 12
10 11 13
11 14 13
11 12 14
13 14 15
ZONE N=15, E=16, F=FEPOINT, ET=TRIANGLE
0.707107 -0.707107 0 0 0 0 
0.699391 -0.680412 0 0 0 0 
0.691674 -0.653718 0 0 0 0 
0.683958 -0.627024 0 0 0 0 
0.676242 -0.600329 0 0 0 0 
0.69021 -0.703765 0 0 0 0 
0.682493 -0.677071 0 0 0 0 
0.674777 -0.650377 0 0 0 0 
0.667061 -0.623682 0 0 0 0 
0.673312 -0.700424 0 0 0 0 
0.665596 -0.67373 0 0 0 0 
0.65788 -0.647035 0 0 0 0 
0.656415 -0.697082 0 0 0 0 
0.648699 -0.670388 0 0 0 0 
0.639518 -0.693741 0 0 0 0 
1 2 6
2 7 6
2 3 7
3 8 7
3 4 8
4 9 8
4 5 9
6 7 10
7 11 10
7 8 11
8 12 11
8 9 12
10 11 13
11 14 13
11 12 14
13 14 15
ZONE N=15, E=16, F=FEPOINT, ET=TRIANGLE
0.597884 -0.638845 0 0 0 0 
0.584912 -0.661473 0 0 0 0 
0.571941 -0.6841 0 0 0 0 
0.558969 -0.706727 0 0 0 0 
0.545997 -0.729355 0 0 0 0 
0.608292 -0.652569 0 0 0 0 
0.595321 -0.675197 0 0 0 0 
0.582349 -0.697824 0 0 0 0 
0.569378 -0.720451 0 0 0 0 
0.618701 -0.666293 0 0 0 0 
0.605729 -0.688921 0 0 0 0 
0.592758 -0.711548 0 0 0 0 
0.629109 -0.680017 0 0 0 0 
0.616138 -0.702644 0 0 0 0 
0.639518 -0.693741 0 0 0 0 
1 2 6
2 7 6
2 3 7
3 8 7
3 4 8
4 9 8
4 5 9
6 7 10
7 11 10
7 8 11
8 12 11
8 9 12
10 11 13
11 14 13
11 12 14
13 14 15
ZONE N=15, E=16, F=FEPOINT, ET=TRIANGLE
0.317339 -0.852588 0 0 0 0 
0.333675 -0.870411 0 0 0 0 
0.350011 -0.888234 0 0 0 0 
0.366347 -0.906057 0 0 0 0 
0.382683 -0.92388 0 0 0 0 
0.336435 -0.847957 0 0 0 0 
0.352772 -0.865779 0 0 0 0 
0.369108 -0.883602 0 0 0 0 
0.385444 -0.901425 0 0 0 0 
0.355532 -0.843325 0 0 0 0 
0.371868 -0.861148 0 0 0 0 
0.388204 -0.87897 0 0 0 0 
0.374629 -0.838693 0 0 0 0 
0.390965 -0.856516 0 0 0 0 
0.393725 -0.834061 0 0 0 0 
1 2 6
2 7 6
2 3 7
3 8 7
3 4 8
4 9 8
4 5 9
6 7 10
7 11 10
7 8 11
8 12 11
8 9 12
10 11 13
11 14 13
11 12 14
13 14 15
ZONE N=15, E=16, F=FEPOINT, ET=TRIANGLE
0.471397 -0.881921 0 0 0 0 
0.470332 -0.858169 0 0 0 0 
0.469268 -0.834416 0 0 0 0 
0.468203 -0.810663 0 0 0 0 
0.467139 -0.786911 0 0 0 0 
0.451979 -0.869956 0 0 0 0 
0.450914 -0.846204 0 0 0 0 
0.44985 -0.822451 0 0 0 0 
0.448785 -0.798698 0 0 0 0 
0.432561 -0.857991 0 0 0 0 
0.431496 -0.834239 0 0 0 0 
0.430432 -0.810486 0 0 0 0 
0.413143 -0.846026 0 0 0 0 
0.412079 -0.822274 0 0 0 0 
0.393725 -0.834061 0 0 0 0 
1 2 6
2 7 6
2 3 7
3 8 7
3 4 8
4 9 8
4 5 9
6 7 10
7 11 10
7 8 11
8 12 11
8 9 12
10 11 13
11 14 13
11 12 14
13 14 15
