<?xml version="1.0"?>
<VTKFile type="UnstructuredGrid" version="0.1" byte_order="LittleEndian" compressor="vtkZLibDataCompressor">
<UnstructuredGrid>
<Piece NumberOfPoints="2040" NumberOfCells="2176">
<Points>
<DataArray type="Float32" NumberOfComponents="3" format="ascii">
-8.189130e-01 -3.809840e-01 0.000000e+00
-8.451540e-01 -3.814090e-01 0.000000e+00
-8.713960e-01 -3.818340e-01 0.000000e+00
-8.976380e-01 -3.822580e-01 0.000000e+00
-9.238800e-01 -3.826830e-01 0.000000e+00
-8.346650e-01 -4.035870e-01 0.000000e+00
-8.611790e-01 -4.041410e-01 0.000000e+00
-8.876940e-01 -4.046920e-01 0.000000e+00
-9.142100e-01 -4.052410e-01 0.000000e+00
-8.504170e-01 -4.261900e-01 0.000000e+00
-8.772020e-01 -4.268750e-01 0.000000e+00
-9.039890e-01 -4.275550e-01 0.000000e+00
-8.661690e-01 -4.487930e-01 0.000000e+00
-8.932240e-01 -4.496110e-01 0.000000e+00
-8.819210e-01 -4.713970e-01 0.000000e+00
-9.375000e-01 3.729610e-02 0.000000e+00
-9.531250e-01 2.797210e-02 0.000000e+00
-9.687500e-01 1.864800e-02 0.000000e+00
-9.843750e-01 9.324020e-03 0.000000e+00
-1.000000e+00 1.224650e-16 0.000000e+00
-9.370230e-01 1.874290e-02 0.000000e+00
-9.526480e-01 9.418870e-03 0.000000e+00
-9.682730e-01 9.485660e-05 0.000000e+00
-9.838980e-01 -9.229160e-03 0.000000e+00
-9.365460e-01 1.897130e-04 0.000000e+00
-9.521710e-01 -9.134300e-03 0.000000e+00
-9.677960e-01 -1.845830e-02 0.000000e+00
-9.360690e-01 -1.836350e-02 0.000000e+00
-9.516940e-01 -2.768750e-02 0.000000e+00
-9.355920e-01 -3.691660e-02 0.000000e+00
-9.375000e-01 3.729610e-02 0.000000e+00
-9.519210e-01 5.247630e-02 0.000000e+00
-9.663420e-01 6.765660e-02 0.000000e+00
-9.807640e-01 8.283690e-02 0.000000e+00
-9.951850e-01 9.801710e-02 0.000000e+00
-9.531250e-01 2.797210e-02 0.000000e+00
-9.678470e-01 4.316710e-02 0.000000e+00
-9.825690e-01 5.836460e-02 0.000000e+00
-9.972900e-01 7.356460e-02 0.000000e+00
-9.687500e-01 1.864800e-02 0.000000e+00
-9.837730e-01 3.385540e-02 0.000000e+00
-9.987950e-01 4.906770e-02 0.000000e+00
-9.843750e-01 9.324020e-03 0.000000e+00
-9.996990e-01 2.454120e-02 0.000000e+00
-1.000000e+00 1.249000e-16 0.000000e+00
-8.886490e-01 2.005460e-01 0.000000e+00
-8.801020e-01 2.301970e-01 0.000000e+00
-8.715550e-01 2.598470e-01 0.000000e+00
-8.630080e-01 2.894970e-01 0.000000e+00
-8.544610e-01 3.191470e-01 0.000000e+00
-9.057220e-01 2.229810e-01 0.000000e+00
-8.971750e-01 2.526310e-01 0.000000e+00
-8.886280e-01 2.822810e-01 0.000000e+00
-8.800810e-01 3.119310e-01 0.000000e+00
-9.227950e-01 2.454150e-01 0.000000e+00
-9.142480e-01 2.750660e-01 0.000000e+00
-9.057010e-01 3.047160e-01 0.000000e+00
-9.398680e-01 2.678500e-01 0.000000e+00
-9.313200e-01 2.975000e-01 0.000000e+00
-9.569400e-01 2.902850e-01 0.000000e+00
-9.375000e-01 3.729610e-02 0.000000e+00
-9.327420e-01 6.121380e-02 0.000000e+00
-9.279850e-01 8.513150e-02 0.000000e+00
-9.232270e-01 1.090490e-01 0.000000e+00
-9.184700e-01 1.329670e-01 0.000000e+00
-9.519210e-01 5.247630e-02 0.000000e+00
-9.471640e-01 7.639410e-02 0.000000e+00
-9.424060e-01 1.003120e-01 0.000000e+00
-9.376490e-01 1.242290e-01 0.000000e+00
-9.663420e-01 6.765660e-02 0.000000e+00
-9.615850e-01 9.157430e-02 0.000000e+00
-9.568270e-01 1.154920e-01 0.000000e+00
-9.807640e-01 8.283690e-02 0.000000e+00
-9.760060e-01 1.067550e-01 0.000000e+00
-9.951850e-01 9.801710e-02 0.000000e+00
-9.951850e-01 -9.801710e-02 0.000000e+00
-9.714220e-01 -1.013130e-01 0.000000e+00
-9.476600e-01 -1.046090e-01 0.000000e+00
-9.238980e-01 -1.079050e-01 0.000000e+00
-9.001350e-01 -1.112010e-01 0.000000e+00
-9.802870e-01 -8.274200e-02 0.000000e+00
-9.565240e-01 -8.603810e-02 0.000000e+00
-9.327620e-01 -8.933420e-02 0.000000e+00
-9.090000e-01 -9.263020e-02 0.000000e+00
-9.653890e-01 -6.746690e-02 0.000000e+00
-9.416260e-01 -7.076300e-02 0.000000e+00
-9.178640e-01 -7.405900e-02 0.000000e+00
-9.504910e-01 -5.219180e-02 0.000000e+00
-9.267280e-01 -5.548780e-02 0.000000e+00
-9.355920e-01 -3.691660e-02 0.000000e+00
-8.886490e-01 2.005460e-01 0.000000e+00
-9.116830e-01 1.991820e-01 0.000000e+00
-9.347170e-01 1.978180e-01 0.000000e+00
-9.577510e-01 1.964540e-01 0.000000e+00
-9.807850e-01 1.950900e-01 0.000000e+00
-8.961040e-01 1.836510e-01 0.000000e+00
-9.191380e-01 1.822870e-01 0.000000e+00
-9.421720e-01 1.809230e-01 0.000000e+00
-9.652060e-01 1.795590e-01 0.000000e+00
-9.035590e-01 1.667570e-01 0.000000e+00
-9.265940e-01 1.653930e-01 0.000000e+00
-9.496280e-01 1.640290e-01 0.000000e+00
-9.110150e-01 1.498620e-01 0.000000e+00
-9.340490e-01 1.484980e-01 0.000000e+00
-9.184700e-01 1.329670e-01 0.000000e+00
-9.355920e-01 -3.691660e-02 0.000000e+00
-9.516940e-01 -2.768750e-02 0.000000e+00
-9.677960e-01 -1.845830e-02 0.000000e+00
-9.838980e-01 -9.229160e-03 0.000000e+00
-1.000000e+00 1.249000e-16 0.000000e+00
-9.504910e-01 -5.219180e-02 0.000000e+00
-9.668930e-01 -4.297740e-02 0.000000e+00
-9.832960e-01 -3.376050e-02 0.000000e+00
-9.996990e-01 -2.454120e-02 0.000000e+00
-9.653890e-01 -6.746690e-02 0.000000e+00
-9.820920e-01 -5.826970e-02 0.000000e+00
-9.987950e-01 -4.906770e-02 0.000000e+00
-9.802870e-01 -8.274200e-02 0.000000e+00
-9.972900e-01 -7.356460e-02 0.000000e+00
-9.951850e-01 -9.801710e-02 0.000000e+00
-9.238800e-01 3.826830e-01 0.000000e+00
-9.065250e-01 3.667990e-01 0.000000e+00
-8.891700e-01 3.509150e-01 0.000000e+00
-8.718150e-01 3.350310e-01 0.000000e+00
-8.544610e-01 3.191470e-01 0.000000e+00
-8.961040e-01 3.785860e-01 0.000000e+00
-8.787490e-01 3.627020e-01 0.000000e+00
-8.613940e-01 3.468180e-01 0.000000e+00
-8.440400e-01 3.309340e-01 0.000000e+00
-8.683280e-01 3.744880e-01 0.000000e+00
-8.509730e-01 3.586040e-01 0.000000e+00
-8.336190e-01 3.427200e-01 0.000000e+00
-8.405520e-01 3.703910e-01 0.000000e+00
-8.231980e-01 3.545070e-01 0.000000e+00
-8.127770e-01 3.662930e-01 0.000000e+00
-9.001350e-01 -1.112010e-01 0.000000e+00
-9.238980e-01 -1.079050e-01 0.000000e+00
-9.476600e-01 -1.046090e-01 0.000000e+00
-9.714220e-01 -1.013130e-01 0.000000e+00
-9.951850e-01 -9.801710e-02 0.000000e+00
-9.202980e-01 -1.321740e-01 0.000000e+00
-9.443580e-01 -1.289220e-01 0.000000e+00
-9.684190e-01 -1.256670e-01 0.000000e+00
-9.924800e-01 -1.224110e-01 0.000000e+00
-9.404600e-01 -1.531460e-01 0.000000e+00
-9.648180e-01 -1.499410e-01 0.000000e+00
-9.891770e-01 -1.467300e-01 0.000000e+00
-9.606230e-01 -1.741180e-01 0.000000e+00
-9.852780e-01 -1.709620e-01 0.000000e+00
-9.807850e-01 -1.950900e-01 0.000000e+00
-8.253470e-01 -2.272220e-01 0.000000e+00
-8.582450e-01 -2.429880e-01 0.000000e+00
-8.911440e-01 -2.587530e-01 0.000000e+00
-9.240420e-01 -2.745190e-01 0.000000e+00
-9.569400e-01 -2.902850e-01 0.000000e+00
-8.405200e-01 -2.517740e-01 0.000000e+00
-8.734180e-01 -2.675390e-01 0.000000e+00
-9.063160e-01 -2.833050e-01 0.000000e+00
-9.392150e-01 -2.990710e-01 0.000000e+00
-8.556920e-01 -2.763250e-01 0.000000e+00
-8.885910e-01 -2.920910e-01 0.000000e+00
-9.214890e-01 -3.078560e-01 0.000000e+00
-8.708650e-01 -3.008770e-01 0.000000e+00
-9.037630e-01 -3.166420e-01 0.000000e+00
-8.860380e-01 -3.254280e-01 0.000000e+00
-9.807850e-01 -1.950900e-01 0.000000e+00
-9.558010e-01 -1.938120e-01 0.000000e+00
-9.308180e-01 -1.925330e-01 0.000000e+00
-9.058340e-01 -1.912550e-01 0.000000e+00
-8.808500e-01 -1.899760e-01 0.000000e+00
-9.606230e-01 -1.741180e-01 0.000000e+00
-9.356390e-01 -1.728400e-01 0.000000e+00
-9.106550e-01 -1.715610e-01 0.000000e+00
-8.856710e-01 -1.702830e-01 0.000000e+00
-9.404600e-01 -1.531460e-01 0.000000e+00
-9.154760e-01 -1.518670e-01 0.000000e+00
-8.904930e-01 -1.505890e-01 0.000000e+00
-9.202980e-01 -1.321740e-01 0.000000e+00
-8.953140e-01 -1.308950e-01 0.000000e+00
-9.001350e-01 -1.112010e-01 0.000000e+00
-8.860380e-01 -3.254280e-01 0.000000e+00
-9.037630e-01 -3.166420e-01 0.000000e+00
-9.214890e-01 -3.078560e-01 0.000000e+00
-9.392150e-01 -2.990710e-01 0.000000e+00
-9.569400e-01 -2.902850e-01 0.000000e+00
-8.954980e-01 -3.397420e-01 0.000000e+00
-9.135070e-01 -3.310580e-01 0.000000e+00
-9.315170e-01 -3.223710e-01 0.000000e+00
-9.495280e-01 -3.136820e-01 0.000000e+00
-9.049590e-01 -3.540560e-01 0.000000e+00
-9.232500e-01 -3.454750e-01 0.000000e+00
-9.415440e-01 -3.368900e-01 0.000000e+00
-9.144190e-01 -3.683700e-01 0.000000e+00
-9.329930e-01 -3.598950e-01 0.000000e+00
-9.238800e-01 -3.826830e-01 0.000000e+00
-9.569400e-01 -2.902850e-01 0.000000e+00
-9.379180e-01 -2.652080e-01 0.000000e+00
-9.188950e-01 -2.401310e-01 0.000000e+00
-8.998730e-01 -2.150530e-01 0.000000e+00
-8.808500e-01 -1.899760e-01 0.000000e+00
-9.637760e-01 -2.667130e-01 0.000000e+00
-9.444630e-01 -2.415580e-01 0.000000e+00
-9.251480e-01 -2.164050e-01 0.000000e+00
-9.058340e-01 -1.912550e-01 0.000000e+00
-9.700310e-01 -2.429800e-01 0.000000e+00
-9.504250e-01 -2.177540e-01 0.000000e+00
-9.308180e-01 -1.925330e-01 0.000000e+00
-9.757020e-01 -2.191010e-01 0.000000e+00
-9.558010e-01 -1.938120e-01 0.000000e+00
-9.807850e-01 -1.950900e-01 0.000000e+00
-9.184700e-01 1.329670e-01 0.000000e+00
-9.340490e-01 1.484980e-01 0.000000e+00
-9.496280e-01 1.640290e-01 0.000000e+00
-9.652060e-01 1.795590e-01 0.000000e+00
-9.807850e-01 1.950900e-01 0.000000e+00
-9.376490e-01 1.242290e-01 0.000000e+00
-9.535250e-01 1.398050e-01 0.000000e+00
-9.694020e-01 1.553820e-01 0.000000e+00
-9.852780e-01 1.709620e-01 0.000000e+00
-9.568270e-01 1.154920e-01 0.000000e+00
-9.730020e-01 1.311090e-01 0.000000e+00
-9.891770e-01 1.467300e-01 0.000000e+00
-9.760060e-01 1.067550e-01 0.000000e+00
-9.924800e-01 1.224110e-01 0.000000e+00
-9.951850e-01 9.801710e-02 0.000000e+00
-8.886490e-01 2.005460e-01 0.000000e+00
-9.057220e-01 2.229810e-01 0.000000e+00
-9.227950e-01 2.454150e-01 0.000000e+00
-9.398680e-01 2.678500e-01 0.000000e+00
-9.569400e-01 2.902850e-01 0.000000e+00
-9.116830e-01 1.991820e-01 0.000000e+00
-9.290480e-01 2.216900e-01 0.000000e+00
-9.464120e-01 2.442000e-01 0.000000e+00
-9.637760e-01 2.667130e-01 0.000000e+00
-9.347170e-01 1.978180e-01 0.000000e+00
-9.523750e-01 2.203970e-01 0.000000e+00
-9.700310e-01 2.429800e-01 0.000000e+00
-9.577510e-01 1.964540e-01 0.000000e+00
-9.757020e-01 2.191010e-01 0.000000e+00
-9.807850e-01 1.950900e-01 0.000000e+00
-8.544610e-01 3.191470e-01 0.000000e+00
-8.718150e-01 3.350310e-01 0.000000e+00
-8.891700e-01 3.509150e-01 0.000000e+00
-9.065250e-01 3.667990e-01 0.000000e+00
-9.238800e-01 3.826830e-01 0.000000e+00
-8.800810e-01 3.119310e-01 0.000000e+00
-8.977190e-01 3.279170e-01 0.000000e+00
-9.153560e-01 3.439050e-01 0.000000e+00
-9.329930e-01 3.598950e-01 0.000000e+00
-9.057010e-01 3.047160e-01 0.000000e+00
-9.236230e-01 3.208010e-01 0.000000e+00
-9.415440e-01 3.368900e-01 0.000000e+00
-9.313200e-01 2.975000e-01 0.000000e+00
-9.495280e-01 3.136820e-01 0.000000e+00
-9.569400e-01 2.902850e-01 0.000000e+00
-8.127770e-01 3.662930e-01 0.000000e+00
-8.300630e-01 3.925690e-01 0.000000e+00
-8.473490e-01 4.188450e-01 0.000000e+00
-8.646350e-01 4.451210e-01 0.000000e+00
-8.819210e-01 4.713970e-01 0.000000e+00
-8.405520e-01 3.703910e-01 0.000000e+00
-8.581110e-01 3.967950e-01 0.000000e+00
-8.756680e-01 4.232020e-01 0.000000e+00
-8.932240e-01 4.496110e-01 0.000000e+00
-8.683280e-01 3.744880e-01 0.000000e+00
-8.861600e-01 4.010200e-01 0.000000e+00
-9.039890e-01 4.275550e-01 0.000000e+00
-8.961040e-01 3.785860e-01 0.000000e+00
-9.142100e-01 4.052410e-01 0.000000e+00
-9.238800e-01 3.826830e-01 0.000000e+00
-8.314700e-01 -5.555700e-01 0.000000e+00
-8.232150e-01 -5.353900e-01 0.000000e+00
-8.149610e-01 -5.152100e-01 0.000000e+00
-8.067060e-01 -4.950300e-01 0.000000e+00
-7.984510e-01 -4.748500e-01 0.000000e+00
-8.448540e-01 -5.349980e-01 0.000000e+00
-8.363430e-01 -5.146590e-01 0.000000e+00
-8.278320e-01 -4.943220e-01 0.000000e+00
-8.193190e-01 -4.739870e-01 0.000000e+00
-8.577290e-01 -5.141030e-01 0.000000e+00
-8.489590e-01 -4.936110e-01 0.000000e+00
-8.401860e-01 -4.731230e-01 0.000000e+00
-8.700870e-01 -4.928980e-01 0.000000e+00
-8.610540e-01 -4.722600e-01 0.000000e+00
-8.819210e-01 -4.713970e-01 0.000000e+00
-8.860380e-01 -3.254280e-01 0.000000e+00
-8.954980e-01 -3.397420e-01 0.000000e+00
-9.049590e-01 -3.540560e-01 0.000000e+00
-9.144190e-01 -3.683700e-01 0.000000e+00
-9.238800e-01 -3.826830e-01 0.000000e+00
-8.692560e-01 -3.393170e-01 0.000000e+00
-8.787170e-01 -3.536310e-01 0.000000e+00
-8.881770e-01 -3.679450e-01 0.000000e+00
-8.976380e-01 -3.822580e-01 0.000000e+00
-8.524750e-01 -3.532060e-01 0.000000e+00
-8.619360e-01 -3.675200e-01 0.000000e+00
-8.713960e-01 -3.818340e-01 0.000000e+00
-8.356940e-01 -3.670950e-01 0.000000e+00
-8.451540e-01 -3.814090e-01 0.000000e+00
-8.189130e-01 -3.809840e-01 0.000000e+00
-7.958580e-01 4.649600e-01 0.000000e+00
-8.047610e-01 4.876130e-01 0.000000e+00
-8.136640e-01 5.102650e-01 0.000000e+00
-8.225670e-01 5.329180e-01 0.000000e+00
-8.314700e-01 5.555700e-01 0.000000e+00
-8.173730e-01 4.665700e-01 0.000000e+00
-8.265350e-01 4.893770e-01 0.000000e+00
-8.356950e-01 5.121860e-01 0.000000e+00
-8.448540e-01 5.349980e-01 0.000000e+00
-8.388890e-01 4.681790e-01 0.000000e+00
-8.483100e-01 4.911390e-01 0.000000e+00
-8.577290e-01 5.141030e-01 0.000000e+00
-8.604050e-01 4.697880e-01 0.000000e+00
-8.700870e-01 4.928980e-01 0.000000e+00
-8.819210e-01 4.713970e-01 0.000000e+00
-8.314700e-01 5.555700e-01 0.000000e+00
-8.042260e-01 5.603460e-01 0.000000e+00
-7.769820e-01 5.651220e-01 0.000000e+00
-7.497380e-01 5.698980e-01 0.000000e+00
-7.224940e-01 5.746740e-01 0.000000e+00
-8.175850e-01 5.758080e-01 0.000000e+00
-7.900960e-01 5.804090e-01 0.000000e+00
-7.626090e-01 5.850070e-01 0.000000e+00
-7.351230e-01 5.896040e-01 0.000000e+00
-8.032080e-01 5.956990e-01 0.000000e+00
-7.754780e-01 6.001190e-01 0.000000e+00
-7.477520e-01 6.045340e-01 0.000000e+00
-7.883460e-01 6.152320e-01 0.000000e+00
-7.603810e-01 6.194640e-01 0.000000e+00
-7.730100e-01 6.343930e-01 0.000000e+00
-7.394450e-01 5.126020e-01 0.000000e+00
-7.352070e-01 5.281200e-01 0.000000e+00
-7.309690e-01 5.436380e-01 0.000000e+00
-7.267310e-01 5.591560e-01 0.000000e+00
-7.224940e-01 5.746740e-01 0.000000e+00
-7.624510e-01 5.233440e-01 0.000000e+00
-7.582130e-01 5.388620e-01 0.000000e+00
-7.539750e-01 5.543800e-01 0.000000e+00
-7.497380e-01 5.698980e-01 0.000000e+00
-7.854570e-01 5.340860e-01 0.000000e+00
-7.812190e-01 5.496040e-01 0.000000e+00
-7.769820e-01 5.651220e-01 0.000000e+00
-8.084630e-01 5.448280e-01 0.000000e+00
-8.042260e-01 5.603460e-01 0.000000e+00
-8.314700e-01 5.555700e-01 0.000000e+00
-7.394450e-01 5.126020e-01 0.000000e+00
-7.624510e-01 5.233440e-01 0.000000e+00
-7.854570e-01 5.340860e-01 0.000000e+00
-8.084630e-01 5.448280e-01 0.000000e+00
-8.314700e-01 5.555700e-01 0.000000e+00
-7.535480e-01 5.006910e-01 0.000000e+00
-7.765540e-01 5.114340e-01 0.000000e+00
-7.995600e-01 5.221760e-01 0.000000e+00
-8.225670e-01 5.329180e-01 0.000000e+00
-7.676510e-01 4.887810e-01 0.000000e+00
-7.906570e-01 4.995230e-01 0.000000e+00
-8.136640e-01 5.102650e-01 0.000000e+00
-7.817540e-01 4.768710e-01 0.000000e+00
-8.047610e-01 4.876130e-01 0.000000e+00
-7.958580e-01 4.649600e-01 0.000000e+00
-7.730100e-01 6.343930e-01 0.000000e+00
-7.455810e-01 6.257650e-01 0.000000e+00
-7.181510e-01 6.171370e-01 0.000000e+00
-6.907210e-01 6.085090e-01 0.000000e+00
-6.632910e-01 5.998810e-01 0.000000e+00
-7.572090e-01 6.531730e-01 0.000000e+00
-7.295520e-01 6.443460e-01 0.000000e+00
-7.018980e-01 6.355180e-01 0.000000e+00
-6.742450e-01 6.266880e-01 0.000000e+00
-7.409510e-01 6.715590e-01 0.000000e+00
-7.130730e-01 6.625280e-01 0.000000e+00
-6.851990e-01 6.534940e-01 0.000000e+00
-7.242470e-01 6.895410e-01 0.000000e+00
-6.961530e-01 6.803000e-01 0.000000e+00
-7.071070e-01 7.071070e-01 0.000000e+00
-7.224940e-01 5.746740e-01 0.000000e+00
-7.076930e-01 5.809760e-01 0.000000e+00
-6.928920e-01 5.872780e-01 0.000000e+00
-6.780910e-01 5.935790e-01 0.000000e+00
-6.632910e-01 5.998810e-01 0.000000e+00
-7.351230e-01 5.896040e-01 0.000000e+00
-7.203220e-01 5.959060e-01 0.000000e+00
-7.055210e-01 6.022080e-01 0.000000e+00
-6.907210e-01 6.085090e-01 0.000000e+00
-7.477520e-01 6.045340e-01 0.000000e+00
-7.329510e-01 6.108360e-01 0.000000e+00
-7.181510e-01 6.171370e-01 0.000000e+00
-7.603810e-01 6.194640e-01 0.000000e+00
-7.455810e-01 6.257650e-01 0.000000e+00
-7.730100e-01 6.343930e-01 0.000000e+00
-5.555700e-01 -8.314700e-01 0.000000e+00
-5.501220e-01 -8.108480e-01 0.000000e+00
-5.446740e-01 -7.902270e-01 0.000000e+00
-5.392260e-01 -7.696060e-01 0.000000e+00
-5.337780e-01 -7.489840e-01 0.000000e+00
-5.758080e-01 -8.175850e-01 0.000000e+00
-5.701850e-01 -7.967190e-01 0.000000e+00
-5.645590e-01 -7.758540e-01 0.000000e+00
-5.589320e-01 -7.549910e-01 0.000000e+00
-5.956990e-01 -8.032080e-01 0.000000e+00
-5.898940e-01 -7.821010e-01 0.000000e+00
-5.840860e-01 -7.609970e-01 0.000000e+00
-6.152320e-01 -7.883460e-01 0.000000e+00
-6.092400e-01 -7.670040e-01 0.000000e+00
-6.343930e-01 -7.730100e-01 0.000000e+00
-6.418440e-01 -6.759250e-01 0.000000e+00
-6.525020e-01 -6.594570e-01 0.000000e+00
-6.631590e-01 -6.429880e-01 0.000000e+00
-6.738170e-01 -6.265200e-01 0.000000e+00
-6.844740e-01 -6.100520e-01 0.000000e+00
-6.581600e-01 -6.837210e-01 0.000000e+00
-6.688170e-01 -6.672520e-01 0.000000e+00
-6.794750e-01 -6.507840e-01 0.000000e+00
-6.901320e-01 -6.343150e-01 0.000000e+00
-6.744760e-01 -6.915160e-01 0.000000e+00
-6.851330e-01 -6.750480e-01 0.000000e+00
-6.957900e-01 -6.585790e-01 0.000000e+00
-6.907910e-01 -6.993110e-01 0.000000e+00
-7.014490e-01 -6.828430e-01 0.000000e+00
-7.071070e-01 -7.071070e-01 0.000000e+00
-5.530520e-01 7.263990e-01 0.000000e+00
-5.536810e-01 7.526670e-01 0.000000e+00
-5.543110e-01 7.789340e-01 0.000000e+00
-5.549410e-01 8.052020e-01 0.000000e+00
-5.555700e-01 8.314700e-01 0.000000e+00
-5.733870e-01 7.380520e-01 0.000000e+00
-5.741960e-01 7.645620e-01 0.000000e+00
-5.750030e-01 7.910720e-01 0.000000e+00
-5.758080e-01 8.175850e-01 0.000000e+00
-5.937220e-01 7.497050e-01 0.000000e+00
-5.947130e-01 7.764550e-01 0.000000e+00
-5.956990e-01 8.032080e-01 0.000000e+00
-6.140580e-01 7.613580e-01 0.000000e+00
-6.152320e-01 7.883460e-01 0.000000e+00
-6.343930e-01 7.730100e-01 0.000000e+00
-2.902850e-01 -9.569400e-01 0.000000e+00
-2.859540e-01 -9.345690e-01 0.000000e+00
-2.816240e-01 -9.121980e-01 0.000000e+00
-2.772940e-01 -8.898270e-01 0.000000e+00
-2.729630e-01 -8.674550e-01 0.000000e+00
-3.051420e-01 -9.346190e-01 0.000000e+00
-3.008120e-01 -9.122480e-01 0.000000e+00
-2.964810e-01 -8.898760e-01 0.000000e+00
-2.921510e-01 -8.675050e-01 0.000000e+00
-3.199990e-01 -9.122970e-01 0.000000e+00
-3.156690e-01 -8.899260e-01 0.000000e+00
-3.113390e-01 -8.675550e-01 0.000000e+00
-3.348570e-01 -8.899760e-01 0.000000e+00
-3.305270e-01 -8.676050e-01 0.000000e+00
-3.497140e-01 -8.676540e-01 0.000000e+00
-2.902850e-01 9.569400e-01 0.000000e+00
-2.946990e-01 9.381630e-01 0.000000e+00
-2.991140e-01 9.193850e-01 0.000000e+00
-3.035280e-01 9.006070e-01 0.000000e+00
-3.079420e-01 8.818290e-01 0.000000e+00
-2.722070e-01 9.385330e-01 0.000000e+00
-2.766210e-01 9.197560e-01 0.000000e+00
-2.810360e-01 9.009780e-01 0.000000e+00
-2.854500e-01 8.822000e-01 0.000000e+00
-2.541290e-01 9.201270e-01 0.000000e+00
-2.585430e-01 9.013490e-01 0.000000e+00
-2.629580e-01 8.825710e-01 0.000000e+00
-2.360510e-01 9.017200e-01 0.000000e+00
-2.404650e-01 8.829420e-01 0.000000e+00
-2.179730e-01 8.833130e-01 0.000000e+00
-1.346380e-01 9.268690e-01 0.000000e+00
-1.254830e-01 9.439480e-01 0.000000e+00
-1.163270e-01 9.610270e-01 0.000000e+00
-1.071720e-01 9.781060e-01 0.000000e+00
-9.801710e-02 9.951850e-01 0.000000e+00
-1.497510e-01 9.403480e-01 0.000000e+00
-1.406400e-01 9.577250e-01 0.000000e+00
-1.315270e-01 9.751020e-01 0.000000e+00
-1.224110e-01 9.924800e-01 0.000000e+00
-1.648640e-01 9.538270e-01 0.000000e+00
-1.558000e-01 9.715020e-01 0.000000e+00
-1.467300e-01 9.891770e-01 0.000000e+00
-1.799770e-01 9.673060e-01 0.000000e+00
-1.709620e-01 9.852780e-01 0.000000e+00
-1.950900e-01 9.807850e-01 0.000000e+00
-3.079420e-01 8.818290e-01 0.000000e+00
-3.266280e-01 8.923420e-01 0.000000e+00
-3.453130e-01 9.028540e-01 0.000000e+00
-3.639980e-01 9.133670e-01 0.000000e+00
-3.826830e-01 9.238800e-01 0.000000e+00
-3.215890e-01 8.732090e-01 0.000000e+00
-3.402750e-01 8.837210e-01 0.000000e+00
-3.589600e-01 8.942340e-01 0.000000e+00
-3.776450e-01 9.047470e-01 0.000000e+00
-3.352360e-01 8.645880e-01 0.000000e+00
-3.539220e-01 8.751010e-01 0.000000e+00
-3.726070e-01 8.856130e-01 0.000000e+00
-3.488830e-01 8.559680e-01 0.000000e+00
-3.675690e-01 8.664800e-01 0.000000e+00
-3.625300e-01 8.473470e-01 0.000000e+00
-8.808500e-01 -1.899760e-01 0.000000e+00
-8.998730e-01 -2.150530e-01 0.000000e+00
-9.188950e-01 -2.401310e-01 0.000000e+00
-9.379180e-01 -2.652080e-01 0.000000e+00
-9.569400e-01 -2.902850e-01 0.000000e+00
-8.669740e-01 -1.992880e-01 0.000000e+00
-8.859970e-01 -2.243650e-01 0.000000e+00
-9.050190e-01 -2.494420e-01 0.000000e+00
-9.240420e-01 -2.745190e-01 0.000000e+00
-8.530990e-01 -2.085990e-01 0.000000e+00
-8.721210e-01 -2.336760e-01 0.000000e+00
-8.911440e-01 -2.587530e-01 0.000000e+00
-8.392230e-01 -2.179110e-01 0.000000e+00
-8.582450e-01 -2.429880e-01 0.000000e+00
-8.253470e-01 -2.272220e-01 0.000000e+00
-3.625300e-01 8.473470e-01 0.000000e+00
-3.897470e-01 8.559910e-01 0.000000e+00
-4.169640e-01 8.646340e-01 0.000000e+00
-4.441800e-01 8.732780e-01 0.000000e+00
-4.713970e-01 8.819210e-01 0.000000e+00
-3.902500e-01 8.345840e-01 0.000000e+00
-4.174660e-01 8.432270e-01 0.000000e+00
-4.446830e-01 8.518710e-01 0.000000e+00
-4.719000e-01 8.605140e-01 0.000000e+00
-4.179690e-01 8.218200e-01 0.000000e+00
-4.451860e-01 8.304640e-01 0.000000e+00
-4.724020e-01 8.391070e-01 0.000000e+00
-4.456880e-01 8.090570e-01 0.000000e+00
-4.729050e-01 8.177000e-01 0.000000e+00
-4.734080e-01 7.962930e-01 0.000000e+00
-6.632910e-01 5.998810e-01 0.000000e+00
-6.545160e-01 6.191080e-01 0.000000e+00
-6.457410e-01 6.383350e-01 0.000000e+00
-6.369660e-01 6.575620e-01 0.000000e+00
-6.281910e-01 6.767890e-01 0.000000e+00
-6.742450e-01 6.266880e-01 0.000000e+00
-6.654700e-01 6.459150e-01 0.000000e+00
-6.566950e-01 6.651420e-01 0.000000e+00
-6.479200e-01 6.843690e-01 0.000000e+00
-6.851990e-01 6.534940e-01 0.000000e+00
-6.764240e-01 6.727210e-01 0.000000e+00
-6.676490e-01 6.919480e-01 0.000000e+00
-6.961530e-01 6.803000e-01 0.000000e+00
-6.873780e-01 6.995270e-01 0.000000e+00
-7.071070e-01 7.071070e-01 0.000000e+00
-8.819210e-01 4.713970e-01 0.000000e+00
-8.646350e-01 4.451210e-01 0.000000e+00
-8.473490e-01 4.188450e-01 0.000000e+00
-8.300630e-01 3.925690e-01 0.000000e+00
-8.127770e-01 3.662930e-01 0.000000e+00
-8.604050e-01 4.697880e-01 0.000000e+00
-8.431190e-01 4.435120e-01 0.000000e+00
-8.258330e-01 4.172360e-01 0.000000e+00
-8.085470e-01 3.909600e-01 0.000000e+00
-8.388890e-01 4.681790e-01 0.000000e+00
-8.216030e-01 4.419030e-01 0.000000e+00
-8.043170e-01 4.156270e-01 0.000000e+00
-8.173730e-01 4.665700e-01 0.000000e+00
-8.000870e-01 4.402940e-01 0.000000e+00
-7.958580e-01 4.649600e-01 0.000000e+00
2.289270e-01 9.008920e-01 0.000000e+00
2.442660e-01 9.149040e-01 0.000000e+00
2.596060e-01 9.289160e-01 0.000000e+00
2.749450e-01 9.429280e-01 0.000000e+00
2.902850e-01 9.569400e-01 0.000000e+00
2.204680e-01 9.208660e-01 0.000000e+00
2.358800e-01 9.351700e-01 0.000000e+00
2.512950e-01 9.494730e-01 0.000000e+00
2.667130e-01 9.637760e-01 0.000000e+00
2.120090e-01 9.408390e-01 0.000000e+00
2.274920e-01 9.554360e-01 0.000000e+00
2.429800e-01 9.700310e-01 0.000000e+00
2.035490e-01 9.608120e-01 0.000000e+00
2.191010e-01 9.757020e-01 0.000000e+00
1.950900e-01 9.807850e-01 0.000000e+00
3.826830e-01 9.238800e-01 0.000000e+00
3.598950e-01 9.329930e-01 0.000000e+00
3.368900e-01 9.415440e-01 0.000000e+00
3.136820e-01 9.495280e-01 0.000000e+00
2.902850e-01 9.569400e-01 0.000000e+00
3.639360e-01 9.045170e-01 0.000000e+00
3.410420e-01 9.133480e-01 0.000000e+00
3.179380e-01 9.216150e-01 0.000000e+00
2.946370e-01 9.293130e-01 0.000000e+00
3.451890e-01 8.851550e-01 0.000000e+00
3.221910e-01 8.937030e-01 0.000000e+00
2.989900e-01 9.016850e-01 0.000000e+00
3.264420e-01 8.657920e-01 0.000000e+00
3.033430e-01 8.740570e-01 0.000000e+00
3.076950e-01 8.464300e-01 0.000000e+00
2.902850e-01 9.569400e-01 0.000000e+00
2.749450e-01 9.429280e-01 0.000000e+00
2.596060e-01 9.289160e-01 0.000000e+00
2.442660e-01 9.149040e-01 0.000000e+00
2.289270e-01 9.008920e-01 0.000000e+00
2.946370e-01 9.293130e-01 0.000000e+00
2.792980e-01 9.153010e-01 0.000000e+00
2.639580e-01 9.012890e-01 0.000000e+00
2.486190e-01 8.872770e-01 0.000000e+00
2.989900e-01 9.016850e-01 0.000000e+00
2.836510e-01 8.876730e-01 0.000000e+00
2.683110e-01 8.736610e-01 0.000000e+00
3.033430e-01 8.740570e-01 0.000000e+00
2.880030e-01 8.600450e-01 0.000000e+00
3.076950e-01 8.464300e-01 0.000000e+00
1.355410e-01 9.314110e-01 0.000000e+00
1.588880e-01 9.237810e-01 0.000000e+00
1.822340e-01 9.161520e-01 0.000000e+00
2.055800e-01 9.085220e-01 0.000000e+00
2.289270e-01 9.008920e-01 0.000000e+00
1.504280e-01 9.437550e-01 0.000000e+00
1.737750e-01 9.361250e-01 0.000000e+00
1.971210e-01 9.284950e-01 0.000000e+00
2.204680e-01 9.208660e-01 0.000000e+00
1.653160e-01 9.560980e-01 0.000000e+00
1.886620e-01 9.484690e-01 0.000000e+00
2.120090e-01 9.408390e-01 0.000000e+00
1.802030e-01 9.684420e-01 0.000000e+00
2.035490e-01 9.608120e-01 0.000000e+00
1.950900e-01 9.807850e-01 0.000000e+00
6.123230e-17 1.000000e+00 0.000000e+00
2.643040e-03 9.737900e-01 0.000000e+00
5.286070e-03 9.475810e-01 0.000000e+00
7.929110e-03 9.213710e-01 0.000000e+00
1.057210e-02 8.951620e-01 0.000000e+00
1.801040e-02 9.802860e-01 0.000000e+00
2.065340e-02 9.540760e-01 0.000000e+00
2.329640e-02 9.278660e-01 0.000000e+00
2.593950e-02 9.016570e-01 0.000000e+00
3.602070e-02 9.605710e-01 0.000000e+00
3.866380e-02 9.343620e-01 0.000000e+00
4.130680e-02 9.081520e-01 0.000000e+00
5.403110e-02 9.408570e-01 0.000000e+00
5.667410e-02 9.146470e-01 0.000000e+00
7.204150e-02 9.211430e-01 0.000000e+00
-3.842450e-02 9.431730e-01 0.000000e+00
-2.617530e-02 9.311700e-01 0.000000e+00
-1.392620e-02 9.191670e-01 0.000000e+00
-1.677010e-03 9.071640e-01 0.000000e+00
1.057210e-02 8.951620e-01 0.000000e+00
-2.881840e-02 9.573800e-01 0.000000e+00
-1.656920e-02 9.453770e-01 0.000000e+00
-4.320050e-03 9.333740e-01 0.000000e+00
7.929110e-03 9.213710e-01 0.000000e+00
-1.921220e-02 9.715860e-01 0.000000e+00
-6.963080e-03 9.595840e-01 0.000000e+00
5.286070e-03 9.475810e-01 0.000000e+00
-9.606120e-03 9.857930e-01 0.000000e+00
2.643040e-03 9.737900e-01 0.000000e+00
6.123230e-17 1.000000e+00 0.000000e+00
-4.741680e-01 -7.931320e-01 0.000000e+00
-4.945180e-01 -8.027160e-01 0.000000e+00
-5.148690e-01 -8.123010e-01 0.000000e+00
-5.352200e-01 -8.218850e-01 0.000000e+00
-5.555700e-01 -8.314700e-01 0.000000e+00
-4.734750e-01 -8.153290e-01 0.000000e+00
-4.939810e-01 -8.251720e-01 0.000000e+00
-5.144880e-01 -8.350130e-01 0.000000e+00
-5.349980e-01 -8.448540e-01 0.000000e+00
-4.727820e-01 -8.375260e-01 0.000000e+00
-4.934400e-01 -8.476290e-01 0.000000e+00
-5.141030e-01 -8.577290e-01 0.000000e+00
-4.720900e-01 -8.597240e-01 0.000000e+00
-4.928980e-01 -8.700870e-01 0.000000e+00
-4.713970e-01 -8.819210e-01 0.000000e+00
-6.418440e-01 -6.759250e-01 0.000000e+00
-6.399820e-01 -7.001970e-01 0.000000e+00
-6.381190e-01 -7.244680e-01 0.000000e+00
-6.362560e-01 -7.487390e-01 0.000000e+00
-6.343930e-01 -7.730100e-01 0.000000e+00
-6.242830e-01 -6.802330e-01 0.000000e+00
-6.224200e-01 -7.045050e-01 0.000000e+00
-6.205570e-01 -7.287760e-01 0.000000e+00
-6.186950e-01 -7.530470e-01 0.000000e+00
-6.067210e-01 -6.845410e-01 0.000000e+00
-6.048590e-01 -7.088130e-01 0.000000e+00
-6.029960e-01 -7.330840e-01 0.000000e+00
-5.891600e-01 -6.888490e-01 0.000000e+00
-5.872970e-01 -7.131210e-01 0.000000e+00
-5.715980e-01 -6.931570e-01 0.000000e+00
-4.741680e-01 -7.931320e-01 0.000000e+00
-4.890700e-01 -7.820950e-01 0.000000e+00
-5.039730e-01 -7.710580e-01 0.000000e+00
-5.188760e-01 -7.600210e-01 0.000000e+00
-5.337780e-01 -7.489840e-01 0.000000e+00
-4.945180e-01 -8.027160e-01 0.000000e+00
-5.094210e-01 -7.916790e-01 0.000000e+00
-5.243240e-01 -7.806430e-01 0.000000e+00
-5.392260e-01 -7.696060e-01 0.000000e+00
-5.148690e-01 -8.123010e-01 0.000000e+00
-5.297720e-01 -8.012640e-01 0.000000e+00
-5.446740e-01 -7.902270e-01 0.000000e+00
-5.352200e-01 -8.218850e-01 0.000000e+00
-5.501220e-01 -8.108480e-01 0.000000e+00
-5.555700e-01 -8.314700e-01 0.000000e+00
-7.071070e-01 -7.071070e-01 0.000000e+00
-7.014490e-01 -6.828430e-01 0.000000e+00
-6.957900e-01 -6.585790e-01 0.000000e+00
-6.901320e-01 -6.343150e-01 0.000000e+00
-6.844740e-01 -6.100520e-01 0.000000e+00
-7.242470e-01 -6.895410e-01 0.000000e+00
-7.183690e-01 -6.650710e-01 0.000000e+00
-7.124890e-01 -6.406030e-01 0.000000e+00
-7.066080e-01 -6.161370e-01 0.000000e+00
-7.409510e-01 -6.715590e-01 0.000000e+00
-7.348480e-01 -6.468890e-01 0.000000e+00
-7.287420e-01 -6.222220e-01 0.000000e+00
-7.572090e-01 -6.531730e-01 0.000000e+00
-7.508760e-01 -6.283080e-01 0.000000e+00
-7.730100e-01 -6.343930e-01 0.000000e+00
-7.071070e-01 -7.071070e-01 0.000000e+00
-6.895410e-01 -7.242470e-01 0.000000e+00
-6.715590e-01 -7.409510e-01 0.000000e+00
-6.531730e-01 -7.572090e-01 0.000000e+00
-6.343930e-01 -7.730100e-01 0.000000e+00
-6.907910e-01 -6.993110e-01 0.000000e+00
-6.730190e-01 -7.162320e-01 0.000000e+00
-6.548370e-01 -7.327110e-01 0.000000e+00
-6.362560e-01 -7.487390e-01 0.000000e+00
-6.744760e-01 -6.915160e-01 0.000000e+00
-6.564990e-01 -7.082150e-01 0.000000e+00
-6.381190e-01 -7.244680e-01 0.000000e+00
-6.581600e-01 -6.837210e-01 0.000000e+00
-6.399820e-01 -7.001970e-01 0.000000e+00
-6.418440e-01 -6.759250e-01 0.000000e+00
-7.386830e-01 -5.522300e-01 0.000000e+00
-7.618790e-01 -5.530650e-01 0.000000e+00
-7.850760e-01 -5.539000e-01 0.000000e+00
-8.082730e-01 -5.547350e-01 0.000000e+00
-8.314700e-01 -5.555700e-01 0.000000e+00
-7.472650e-01 -5.727710e-01 0.000000e+00
-7.707030e-01 -5.737850e-01 0.000000e+00
-7.941430e-01 -5.747980e-01 0.000000e+00
-8.175850e-01 -5.758080e-01 0.000000e+00
-7.558470e-01 -5.933120e-01 0.000000e+00
-7.795260e-01 -5.945070e-01 0.000000e+00
-8.032080e-01 -5.956990e-01 0.000000e+00
-7.644280e-01 -6.138530e-01 0.000000e+00
-7.883460e-01 -6.152320e-01 0.000000e+00
-7.730100e-01 -6.343930e-01 0.000000e+00
-7.730100e-01 -6.343930e-01 0.000000e+00
-7.508760e-01 -6.283080e-01 0.000000e+00
-7.287420e-01 -6.222220e-01 0.000000e+00
-7.066080e-01 -6.161370e-01 0.000000e+00
-6.844740e-01 -6.100520e-01 0.000000e+00
-7.644280e-01 -6.138530e-01 0.000000e+00
-7.422940e-01 -6.077670e-01 0.000000e+00
-7.201600e-01 -6.016820e-01 0.000000e+00
-6.980260e-01 -5.955960e-01 0.000000e+00
-7.558470e-01 -5.933120e-01 0.000000e+00
-7.337120e-01 -5.872260e-01 0.000000e+00
-7.115780e-01 -5.811410e-01 0.000000e+00
-7.472650e-01 -5.727710e-01 0.000000e+00
-7.251300e-01 -5.666860e-01 0.000000e+00
-7.386830e-01 -5.522300e-01 0.000000e+00
-5.715980e-01 -6.931570e-01 0.000000e+00
-5.872970e-01 -7.131210e-01 0.000000e+00
-6.029960e-01 -7.330840e-01 0.000000e+00
-6.186950e-01 -7.530470e-01 0.000000e+00
-6.343930e-01 -7.730100e-01 0.000000e+00
-5.621430e-01 -7.071140e-01 0.000000e+00
-5.778420e-01 -7.270770e-01 0.000000e+00
-5.935410e-01 -7.470410e-01 0.000000e+00
-6.092400e-01 -7.670040e-01 0.000000e+00
-5.526880e-01 -7.210710e-01 0.000000e+00
-5.683870e-01 -7.410340e-01 0.000000e+00
-5.840860e-01 -7.609970e-01 0.000000e+00
-5.432330e-01 -7.350280e-01 0.000000e+00
-5.589320e-01 -7.549910e-01 0.000000e+00
-5.337780e-01 -7.489840e-01 0.000000e+00
-4.741680e-01 -7.931320e-01 0.000000e+00
-4.734750e-01 -8.153290e-01 0.000000e+00
-4.727820e-01 -8.375260e-01 0.000000e+00
-4.720900e-01 -8.597240e-01 0.000000e+00
-4.713970e-01 -8.819210e-01 0.000000e+00
-4.545540e-01 -8.002180e-01 0.000000e+00
-4.538610e-01 -8.224150e-01 0.000000e+00
-4.531680e-01 -8.446130e-01 0.000000e+00
-4.524760e-01 -8.668100e-01 0.000000e+00
-4.349400e-01 -8.073040e-01 0.000000e+00
-4.342470e-01 -8.295010e-01 0.000000e+00
-4.335550e-01 -8.516990e-01 0.000000e+00
-4.153260e-01 -8.143900e-01 0.000000e+00
-4.146330e-01 -8.365870e-01 0.000000e+00
-3.957120e-01 -8.214760e-01 0.000000e+00
-3.957120e-01 -8.214760e-01 0.000000e+00
-4.146330e-01 -8.365870e-01 0.000000e+00
-4.335550e-01 -8.516990e-01 0.000000e+00
-4.524760e-01 -8.668100e-01 0.000000e+00
-4.713970e-01 -8.819210e-01 0.000000e+00
-3.924550e-01 -8.470770e-01 0.000000e+00
-4.115050e-01 -8.624610e-01 0.000000e+00
-4.305570e-01 -8.778430e-01 0.000000e+00
-4.496110e-01 -8.932240e-01 0.000000e+00
-3.891980e-01 -8.726780e-01 0.000000e+00
-4.083740e-01 -8.883350e-01 0.000000e+00
-4.275550e-01 -9.039890e-01 0.000000e+00
-3.859410e-01 -8.982790e-01 0.000000e+00
-4.052410e-01 -9.142100e-01 0.000000e+00
-3.826830e-01 -9.238800e-01 0.000000e+00
-3.826830e-01 -9.238800e-01 0.000000e+00
-3.744410e-01 -9.098230e-01 0.000000e+00
-3.661990e-01 -8.957670e-01 0.000000e+00
-3.579570e-01 -8.817110e-01 0.000000e+00
-3.497140e-01 -8.676540e-01 0.000000e+00
-3.859410e-01 -8.982790e-01 0.000000e+00
-3.776980e-01 -8.842220e-01 0.000000e+00
-3.694560e-01 -8.701660e-01 0.000000e+00
-3.612140e-01 -8.561100e-01 0.000000e+00
-3.891980e-01 -8.726780e-01 0.000000e+00
-3.809560e-01 -8.586220e-01 0.000000e+00
-3.727130e-01 -8.445650e-01 0.000000e+00
-3.924550e-01 -8.470770e-01 0.000000e+00
-3.842130e-01 -8.330210e-01 0.000000e+00
-3.957120e-01 -8.214760e-01 0.000000e+00
-2.127970e-01 -8.198030e-01 0.000000e+00
-2.278390e-01 -8.317160e-01 0.000000e+00
-2.428800e-01 -8.436290e-01 0.000000e+00
-2.579220e-01 -8.555420e-01 0.000000e+00
-2.729630e-01 -8.674550e-01 0.000000e+00
-2.083700e-01 -8.600490e-01 0.000000e+00
-2.234120e-01 -8.719620e-01 0.000000e+00
-2.384540e-01 -8.838750e-01 0.000000e+00
-2.534950e-01 -8.957880e-01 0.000000e+00
-2.039440e-01 -9.002940e-01 0.000000e+00
-2.189850e-01 -9.122070e-01 0.000000e+00
-2.340270e-01 -9.241200e-01 0.000000e+00
-1.995170e-01 -9.405400e-01 0.000000e+00
-2.145590e-01 -9.524530e-01 0.000000e+00
-1.950900e-01 -9.807850e-01 0.000000e+00
-2.902850e-01 -9.569400e-01 0.000000e+00
-3.051420e-01 -9.346190e-01 0.000000e+00
-3.199990e-01 -9.122970e-01 0.000000e+00
-3.348570e-01 -8.899760e-01 0.000000e+00
-3.497140e-01 -8.676540e-01 0.000000e+00
-3.136820e-01 -9.495280e-01 0.000000e+00
-3.284420e-01 -9.269220e-01 0.000000e+00
-3.432010e-01 -9.043160e-01 0.000000e+00
-3.579570e-01 -8.817110e-01 0.000000e+00
-3.368900e-01 -9.415440e-01 0.000000e+00
-3.515470e-01 -9.186550e-01 0.000000e+00
-3.661990e-01 -8.957670e-01 0.000000e+00
-3.598950e-01 -9.329930e-01 0.000000e+00
-3.744410e-01 -9.098230e-01 0.000000e+00
-3.826830e-01 -9.238800e-01 0.000000e+00
-2.902850e-01 -9.569400e-01 0.000000e+00
-2.667130e-01 -9.637760e-01 0.000000e+00
-2.429800e-01 -9.700310e-01 0.000000e+00
-2.191010e-01 -9.757020e-01 0.000000e+00
-1.950900e-01 -9.807850e-01 0.000000e+00
-2.859540e-01 -9.345690e-01 0.000000e+00
-2.623050e-01 -9.411140e-01 0.000000e+00
-2.385010e-01 -9.470760e-01 0.000000e+00
-2.145590e-01 -9.524530e-01 0.000000e+00
-2.816240e-01 -9.121980e-01 0.000000e+00
-2.578990e-01 -9.184510e-01 0.000000e+00
-2.340270e-01 -9.241200e-01 0.000000e+00
-2.772940e-01 -8.898270e-01 0.000000e+00
-2.534950e-01 -8.957880e-01 0.000000e+00
-2.729630e-01 -8.674550e-01 0.000000e+00
7.247660e-01 -5.311310e-01 0.000000e+00
7.126350e-01 -5.484310e-01 0.000000e+00
7.005040e-01 -5.657300e-01 0.000000e+00
6.883730e-01 -5.830300e-01 0.000000e+00
6.762420e-01 -6.003290e-01 0.000000e+00
7.368270e-01 -5.569470e-01 0.000000e+00
7.246960e-01 -5.742460e-01 0.000000e+00
7.125650e-01 -5.915460e-01 0.000000e+00
7.004340e-01 -6.088450e-01 0.000000e+00
7.488880e-01 -5.827620e-01 0.000000e+00
7.367570e-01 -6.000620e-01 0.000000e+00
7.246260e-01 -6.173610e-01 0.000000e+00
7.609490e-01 -6.085780e-01 0.000000e+00
7.488180e-01 -6.258770e-01 0.000000e+00
7.730100e-01 -6.343930e-01 0.000000e+00
8.769020e-01 -2.241550e-01 0.000000e+00
8.969120e-01 -2.406870e-01 0.000000e+00
9.169210e-01 -2.572200e-01 0.000000e+00
9.369310e-01 -2.737520e-01 0.000000e+00
9.569400e-01 -2.902850e-01 0.000000e+00
9.028730e-01 -2.168890e-01 0.000000e+00
9.231750e-01 -2.334940e-01 0.000000e+00
9.434760e-01 -2.501020e-01 0.000000e+00
9.637760e-01 -2.667130e-01 0.000000e+00
9.288440e-01 -2.096230e-01 0.000000e+00
9.494380e-01 -2.262990e-01 0.000000e+00
9.700310e-01 -2.429800e-01 0.000000e+00
9.548150e-01 -2.023560e-01 0.000000e+00
9.757020e-01 -2.191010e-01 0.000000e+00
9.807850e-01 -1.950900e-01 0.000000e+00
8.077650e-01 -4.810730e-01 0.000000e+00
7.870160e-01 -4.935880e-01 0.000000e+00
7.662660e-01 -5.061020e-01 0.000000e+00
7.455160e-01 -5.186170e-01 0.000000e+00
7.247660e-01 -5.311310e-01 0.000000e+00
8.136910e-01 -4.996980e-01 0.000000e+00
7.929420e-01 -5.122120e-01 0.000000e+00
7.721920e-01 -5.247260e-01 0.000000e+00
7.514420e-01 -5.372410e-01 0.000000e+00
8.196180e-01 -5.183220e-01 0.000000e+00
7.988680e-01 -5.308360e-01 0.000000e+00
7.781180e-01 -5.433510e-01 0.000000e+00
8.255440e-01 -5.369460e-01 0.000000e+00
8.047940e-01 -5.494600e-01 0.000000e+00
8.314700e-01 -5.555700e-01 0.000000e+00
-5.555700e-01 8.314700e-01 0.000000e+00
-5.350300e-01 8.226760e-01 0.000000e+00
-5.144890e-01 8.138810e-01 0.000000e+00
-4.939480e-01 8.050870e-01 0.000000e+00
-4.734080e-01 7.962930e-01 0.000000e+00
-5.349980e-01 8.448540e-01 0.000000e+00
-5.142980e-01 8.358040e-01 0.000000e+00
-4.936000e-01 8.267530e-01 0.000000e+00
-4.729050e-01 8.177000e-01 0.000000e+00
-5.141030e-01 8.577290e-01 0.000000e+00
-4.932500e-01 8.484190e-01 0.000000e+00
-4.724020e-01 8.391070e-01 0.000000e+00
-4.928980e-01 8.700870e-01 0.000000e+00
-4.719000e-01 8.605140e-01 0.000000e+00
-4.713970e-01 8.819210e-01 0.000000e+00
-4.713970e-01 8.819210e-01 0.000000e+00
-4.441800e-01 8.732780e-01 0.000000e+00
-4.169640e-01 8.646340e-01 0.000000e+00
-3.897470e-01 8.559910e-01 0.000000e+00
-3.625300e-01 8.473470e-01 0.000000e+00
-4.496110e-01 8.932240e-01 0.000000e+00
-4.222620e-01 8.843110e-01 0.000000e+00
-3.949140e-01 8.753960e-01 0.000000e+00
-3.675690e-01 8.664800e-01 0.000000e+00
-4.275550e-01 9.039890e-01 0.000000e+00
-4.000790e-01 8.948020e-01 0.000000e+00
-3.726070e-01 8.856130e-01 0.000000e+00
-4.052410e-01 9.142100e-01 0.000000e+00
-3.776450e-01 9.047470e-01 0.000000e+00
-3.826830e-01 9.238800e-01 0.000000e+00
-1.950900e-01 9.807850e-01 0.000000e+00
-2.191010e-01 9.757020e-01 0.000000e+00
-2.429800e-01 9.700310e-01 0.000000e+00
-2.667130e-01 9.637760e-01 0.000000e+00
-2.902850e-01 9.569400e-01 0.000000e+00
-2.008110e-01 9.564170e-01 0.000000e+00
-2.247540e-01 9.510410e-01 0.000000e+00
-2.485570e-01 9.450780e-01 0.000000e+00
-2.722070e-01 9.385330e-01 0.000000e+00
-2.065320e-01 9.320490e-01 0.000000e+00
-2.304030e-01 9.263800e-01 0.000000e+00
-2.541290e-01 9.201270e-01 0.000000e+00
-2.122520e-01 9.076810e-01 0.000000e+00
-2.360510e-01 9.017200e-01 0.000000e+00
-2.179730e-01 8.833130e-01 0.000000e+00
-2.902850e-01 9.569400e-01 0.000000e+00
-3.136820e-01 9.495280e-01 0.000000e+00
-3.368900e-01 9.415440e-01 0.000000e+00
-3.598950e-01 9.329930e-01 0.000000e+00
-3.826830e-01 9.238800e-01 0.000000e+00
-2.946990e-01 9.381630e-01 0.000000e+00
-3.179990e-01 9.304650e-01 0.000000e+00
-3.411040e-01 9.221980e-01 0.000000e+00
-3.639980e-01 9.133670e-01 0.000000e+00
-2.991140e-01 9.193850e-01 0.000000e+00
-3.223150e-01 9.114030e-01 0.000000e+00
-3.453130e-01 9.028540e-01 0.000000e+00
-3.035280e-01 9.006070e-01 0.000000e+00
-3.266280e-01 8.923420e-01 0.000000e+00
-3.079420e-01 8.818290e-01 0.000000e+00
-1.950900e-01 9.807850e-01 0.000000e+00
-2.008110e-01 9.564170e-01 0.000000e+00
-2.065320e-01 9.320490e-01 0.000000e+00
-2.122520e-01 9.076810e-01 0.000000e+00
-2.179730e-01 8.833130e-01 0.000000e+00
-1.799770e-01 9.673060e-01 0.000000e+00
-1.856980e-01 9.429380e-01 0.000000e+00
-1.914190e-01 9.185700e-01 0.000000e+00
-1.971390e-01 8.942020e-01 0.000000e+00
-1.648640e-01 9.538270e-01 0.000000e+00
-1.705850e-01 9.294590e-01 0.000000e+00
-1.763050e-01 9.050910e-01 0.000000e+00
-1.497510e-01 9.403480e-01 0.000000e+00
-1.554720e-01 9.159800e-01 0.000000e+00
-1.346380e-01 9.268690e-01 0.000000e+00
-3.842450e-02 9.431730e-01 0.000000e+00
-2.881840e-02 9.573800e-01 0.000000e+00
-1.921220e-02 9.715860e-01 0.000000e+00
-9.606120e-03 9.857930e-01 0.000000e+00
6.245000e-17 1.000000e+00 0.000000e+00
-5.332260e-02 9.561760e-01 0.000000e+00
-4.373130e-02 9.706830e-01 0.000000e+00
-3.413750e-02 9.851910e-01 0.000000e+00
-2.454120e-02 9.996990e-01 0.000000e+00
-6.822080e-02 9.691790e-01 0.000000e+00
-5.864670e-02 9.839870e-01 0.000000e+00
-4.906770e-02 9.987950e-01 0.000000e+00
-8.311900e-02 9.821820e-01 0.000000e+00
-7.356460e-02 9.972900e-01 0.000000e+00
-9.801710e-02 9.951850e-01 0.000000e+00
-1.346380e-01 9.268690e-01 0.000000e+00
-1.105840e-01 9.309450e-01 0.000000e+00
-8.653110e-02 9.350210e-01 0.000000e+00
-6.247780e-02 9.390970e-01 0.000000e+00
-3.842450e-02 9.431730e-01 0.000000e+00
-1.254830e-01 9.439480e-01 0.000000e+00
-1.014290e-01 9.480240e-01 0.000000e+00
-7.737590e-02 9.521000e-01 0.000000e+00
-5.332260e-02 9.561760e-01 0.000000e+00
-1.163270e-01 9.610270e-01 0.000000e+00
-9.227410e-02 9.651030e-01 0.000000e+00
-6.822080e-02 9.691790e-01 0.000000e+00
-1.071720e-01 9.781060e-01 0.000000e+00
-8.311900e-02 9.821820e-01 0.000000e+00
-9.801710e-02 9.951850e-01 0.000000e+00
-7.071070e-01 7.071070e-01 0.000000e+00
-6.873780e-01 6.995270e-01 0.000000e+00
-6.676490e-01 6.919480e-01 0.000000e+00
-6.479200e-01 6.843690e-01 0.000000e+00
-6.281910e-01 6.767890e-01 0.000000e+00
-6.895410e-01 7.242470e-01 0.000000e+00
-6.696060e-01 7.164480e-01 0.000000e+00
-6.496730e-01 7.086470e-01 0.000000e+00
-6.297420e-01 7.008450e-01 0.000000e+00
-6.715590e-01 7.409510e-01 0.000000e+00
-6.514240e-01 7.329270e-01 0.000000e+00
-6.312920e-01 7.249000e-01 0.000000e+00
-6.531730e-01 7.572090e-01 0.000000e+00
-6.328430e-01 7.489550e-01 0.000000e+00
-6.343930e-01 7.730100e-01 0.000000e+00
5.555700e-01 8.314700e-01 0.000000e+00
5.572270e-01 8.120020e-01 0.000000e+00
5.588830e-01 7.925340e-01 0.000000e+00
5.605400e-01 7.730660e-01 0.000000e+00
5.621960e-01 7.535980e-01 0.000000e+00
5.758080e-01 8.175850e-01 0.000000e+00
5.772890e-01 7.978720e-01 0.000000e+00
5.787680e-01 7.781610e-01 0.000000e+00
5.802460e-01 7.584510e-01 0.000000e+00
5.956990e-01 8.032080e-01 0.000000e+00
5.969990e-01 7.832540e-01 0.000000e+00
5.982950e-01 7.633040e-01 0.000000e+00
6.152320e-01 7.883460e-01 0.000000e+00
6.163440e-01 7.681570e-01 0.000000e+00
6.343930e-01 7.730100e-01 0.000000e+00
6.359050e-01 6.883340e-01 0.000000e+00
6.383470e-01 6.700880e-01 0.000000e+00
6.407890e-01 6.518420e-01 0.000000e+00
6.432320e-01 6.335950e-01 0.000000e+00
6.456740e-01 6.153490e-01 0.000000e+00
6.537050e-01 6.930270e-01 0.000000e+00
6.561480e-01 6.747810e-01 0.000000e+00
6.585900e-01 6.565350e-01 0.000000e+00
6.610320e-01 6.382890e-01 0.000000e+00
6.715060e-01 6.977200e-01 0.000000e+00
6.739480e-01 6.794740e-01 0.000000e+00
6.763900e-01 6.612280e-01 0.000000e+00
6.893060e-01 7.024140e-01 0.000000e+00
6.917490e-01 6.841670e-01 0.000000e+00
7.071070e-01 7.071070e-01 0.000000e+00
3.778680e-01 8.535150e-01 0.000000e+00
4.023900e-01 8.401620e-01 0.000000e+00
4.269120e-01 8.268100e-01 0.000000e+00
4.514330e-01 8.134580e-01 0.000000e+00
4.759550e-01 8.001050e-01 0.000000e+00
4.012500e-01 8.606160e-01 0.000000e+00
4.257720e-01 8.472640e-01 0.000000e+00
4.502940e-01 8.339120e-01 0.000000e+00
4.748150e-01 8.205590e-01 0.000000e+00
4.246320e-01 8.677180e-01 0.000000e+00
4.491540e-01 8.543660e-01 0.000000e+00
4.736760e-01 8.410130e-01 0.000000e+00
4.480150e-01 8.748200e-01 0.000000e+00
4.725360e-01 8.614670e-01 0.000000e+00
4.713970e-01 8.819210e-01 0.000000e+00
3.826830e-01 9.238800e-01 0.000000e+00
3.639360e-01 9.045170e-01 0.000000e+00
3.451890e-01 8.851550e-01 0.000000e+00
3.264420e-01 8.657920e-01 0.000000e+00
3.076950e-01 8.464300e-01 0.000000e+00
3.814800e-01 9.062880e-01 0.000000e+00
3.627330e-01 8.869260e-01 0.000000e+00
3.439860e-01 8.675630e-01 0.000000e+00
3.252390e-01 8.482010e-01 0.000000e+00
3.802760e-01 8.886970e-01 0.000000e+00
3.615290e-01 8.693350e-01 0.000000e+00
3.427820e-01 8.499720e-01 0.000000e+00
3.790720e-01 8.711060e-01 0.000000e+00
3.603250e-01 8.517430e-01 0.000000e+00
3.778680e-01 8.535150e-01 0.000000e+00
3.778680e-01 8.535150e-01 0.000000e+00
4.012500e-01 8.606160e-01 0.000000e+00
4.246320e-01 8.677180e-01 0.000000e+00
4.480150e-01 8.748200e-01 0.000000e+00
4.713970e-01 8.819210e-01 0.000000e+00
3.790720e-01 8.711060e-01 0.000000e+00
4.025830e-01 8.784800e-01 0.000000e+00
4.260960e-01 8.858530e-01 0.000000e+00
4.496110e-01 8.932240e-01 0.000000e+00
3.802760e-01 8.886970e-01 0.000000e+00
4.039130e-01 8.963440e-01 0.000000e+00
4.275550e-01 9.039890e-01 0.000000e+00
3.814800e-01 9.062880e-01 0.000000e+00
4.052410e-01 9.142100e-01 0.000000e+00
3.826830e-01 9.238800e-01 0.000000e+00
6.834990e-01 5.451800e-01 0.000000e+00
7.058770e-01 5.674840e-01 0.000000e+00
7.282550e-01 5.897870e-01 0.000000e+00
7.506330e-01 6.120900e-01 0.000000e+00
7.730100e-01 6.343930e-01 0.000000e+00
6.740430e-01 5.627230e-01 0.000000e+00
6.964210e-01 5.850260e-01 0.000000e+00
7.187990e-01 6.073290e-01 0.000000e+00
7.411760e-01 6.296320e-01 0.000000e+00
6.645870e-01 5.802650e-01 0.000000e+00
6.869640e-01 6.025680e-01 0.000000e+00
7.093420e-01 6.248710e-01 0.000000e+00
6.551300e-01 5.978070e-01 0.000000e+00
6.775080e-01 6.201100e-01 0.000000e+00
6.456740e-01 6.153490e-01 0.000000e+00
4.759550e-01 8.001050e-01 0.000000e+00
4.958590e-01 8.079460e-01 0.000000e+00
5.157630e-01 8.157870e-01 0.000000e+00
5.356660e-01 8.236290e-01 0.000000e+00
5.555700e-01 8.314700e-01 0.000000e+00
4.748150e-01 8.205590e-01 0.000000e+00
4.948740e-01 8.286590e-01 0.000000e+00
5.149350e-01 8.367570e-01 0.000000e+00
5.349980e-01 8.448540e-01 0.000000e+00
4.736760e-01 8.410130e-01 0.000000e+00
4.938870e-01 8.493720e-01 0.000000e+00
5.141030e-01 8.577290e-01 0.000000e+00
4.725360e-01 8.614670e-01 0.000000e+00
4.928980e-01 8.700870e-01 0.000000e+00
4.713970e-01 8.819210e-01 0.000000e+00
9.238800e-01 3.826830e-01 0.000000e+00
8.969050e-01 3.633680e-01 0.000000e+00
8.699310e-01 3.440530e-01 0.000000e+00
8.429570e-01 3.247380e-01 0.000000e+00
8.159830e-01 3.054220e-01 0.000000e+00
9.113760e-01 3.514500e-01 0.000000e+00
8.844020e-01 3.321350e-01 0.000000e+00
8.574280e-01 3.128190e-01 0.000000e+00
8.304540e-01 2.935040e-01 0.000000e+00
8.988730e-01 3.202160e-01 0.000000e+00
8.718990e-01 3.009010e-01 0.000000e+00
8.449250e-01 2.815860e-01 0.000000e+00
8.863700e-01 2.889830e-01 0.000000e+00
8.593960e-01 2.696680e-01 0.000000e+00
8.738670e-01 2.577490e-01 0.000000e+00
8.819210e-01 4.713970e-01 0.000000e+00
8.700870e-01 4.928980e-01 0.000000e+00
8.577290e-01 5.141030e-01 0.000000e+00
8.448540e-01 5.349980e-01 0.000000e+00
8.314700e-01 5.555700e-01 0.000000e+00
8.559880e-01 4.656020e-01 0.000000e+00
8.438930e-01 4.869530e-01 0.000000e+00
8.312770e-01 5.080010e-01 0.000000e+00
8.181490e-01 5.287320e-01 0.000000e+00
8.300540e-01 4.598080e-01 0.000000e+00
8.177000e-01 4.810060e-01 0.000000e+00
8.048290e-01 5.018950e-01 0.000000e+00
8.041210e-01 4.540140e-01 0.000000e+00
7.915080e-01 4.750570e-01 0.000000e+00
7.781880e-01 4.482190e-01 0.000000e+00
6.834990e-01 5.451800e-01 0.000000e+00
6.999850e-01 5.390320e-01 0.000000e+00
7.164710e-01 5.328830e-01 0.000000e+00
7.329570e-01 5.267340e-01 0.000000e+00
7.494430e-01 5.205850e-01 0.000000e+00
7.058770e-01 5.674840e-01 0.000000e+00
7.223630e-01 5.613350e-01 0.000000e+00
7.388490e-01 5.551860e-01 0.000000e+00
7.553350e-01 5.490370e-01 0.000000e+00
7.282550e-01 5.897870e-01 0.000000e+00
7.447410e-01 5.836380e-01 0.000000e+00
7.612270e-01 5.774890e-01 0.000000e+00
7.506330e-01 6.120900e-01 0.000000e+00
7.671190e-01 6.059410e-01 0.000000e+00
7.730100e-01 6.343930e-01 0.000000e+00
7.781880e-01 4.482190e-01 0.000000e+00
7.925460e-01 4.330020e-01 0.000000e+00
8.069040e-01 4.177840e-01 0.000000e+00
8.212620e-01 4.025660e-01 0.000000e+00
8.356200e-01 3.873490e-01 0.000000e+00
8.041210e-01 4.540140e-01 0.000000e+00
8.184790e-01 4.387960e-01 0.000000e+00
8.328370e-01 4.235780e-01 0.000000e+00
8.471950e-01 4.083610e-01 0.000000e+00
8.300540e-01 4.598080e-01 0.000000e+00
8.444120e-01 4.445900e-01 0.000000e+00
8.587710e-01 4.293730e-01 0.000000e+00
8.559880e-01 4.656020e-01 0.000000e+00
8.703460e-01 4.503850e-01 0.000000e+00
8.819210e-01 4.713970e-01 0.000000e+00
6.456740e-01 6.153490e-01 0.000000e+00
6.775080e-01 6.201100e-01 0.000000e+00
7.093420e-01 6.248710e-01 0.000000e+00
7.411760e-01 6.296320e-01 0.000000e+00
7.730100e-01 6.343930e-01 0.000000e+00
6.610320e-01 6.382890e-01 0.000000e+00
6.930890e-01 6.432520e-01 0.000000e+00
7.251480e-01 6.482130e-01 0.000000e+00
7.572090e-01 6.531730e-01 0.000000e+00
6.763900e-01 6.612280e-01 0.000000e+00
7.086690e-01 6.663950e-01 0.000000e+00
7.409510e-01 6.715590e-01 0.000000e+00
6.917490e-01 6.841670e-01 0.000000e+00
7.242470e-01 6.895410e-01 0.000000e+00
7.071070e-01 7.071070e-01 0.000000e+00
9.238800e-01 3.826830e-01 0.000000e+00
9.018150e-01 3.838500e-01 0.000000e+00
8.797500e-01 3.850160e-01 0.000000e+00
8.576850e-01 3.861820e-01 0.000000e+00
8.356200e-01 3.873490e-01 0.000000e+00
8.969050e-01 3.633680e-01 0.000000e+00
8.748410e-01 3.645340e-01 0.000000e+00
8.527760e-01 3.657010e-01 0.000000e+00
8.307110e-01 3.668670e-01 0.000000e+00
8.699310e-01 3.440530e-01 0.000000e+00
8.478660e-01 3.452190e-01 0.000000e+00
8.258020e-01 3.463860e-01 0.000000e+00
8.429570e-01 3.247380e-01 0.000000e+00
8.208920e-01 3.259040e-01 0.000000e+00
8.159830e-01 3.054220e-01 0.000000e+00
7.730100e-01 6.343930e-01 0.000000e+00
7.671190e-01 6.059410e-01 0.000000e+00
7.612270e-01 5.774890e-01 0.000000e+00
7.553350e-01 5.490370e-01 0.000000e+00
7.494430e-01 5.205850e-01 0.000000e+00
7.883460e-01 6.152320e-01 0.000000e+00
7.822160e-01 5.865960e-01 0.000000e+00
7.760840e-01 5.579630e-01 0.000000e+00
7.699500e-01 5.293310e-01 0.000000e+00
8.032080e-01 5.956990e-01 0.000000e+00
7.968330e-01 5.668860e-01 0.000000e+00
7.904560e-01 5.380780e-01 0.000000e+00
8.175850e-01 5.758080e-01 0.000000e+00
8.109630e-01 5.468240e-01 0.000000e+00
8.314700e-01 5.555700e-01 0.000000e+00
7.494430e-01 5.205850e-01 0.000000e+00
7.566290e-01 5.024930e-01 0.000000e+00
7.638150e-01 4.844020e-01 0.000000e+00
7.710010e-01 4.663110e-01 0.000000e+00
7.781880e-01 4.482190e-01 0.000000e+00
7.699500e-01 5.293310e-01 0.000000e+00
7.771360e-01 5.112400e-01 0.000000e+00
7.843220e-01 4.931480e-01 0.000000e+00
7.915080e-01 4.750570e-01 0.000000e+00
7.904560e-01 5.380780e-01 0.000000e+00
7.976430e-01 5.199860e-01 0.000000e+00
8.048290e-01 5.018950e-01 0.000000e+00
8.109630e-01 5.468240e-01 0.000000e+00
8.181490e-01 5.287320e-01 0.000000e+00
8.314700e-01 5.555700e-01 0.000000e+00
8.356200e-01 3.873490e-01 0.000000e+00
8.576850e-01 3.861820e-01 0.000000e+00
8.797500e-01 3.850160e-01 0.000000e+00
9.018150e-01 3.838500e-01 0.000000e+00
9.238800e-01 3.826830e-01 0.000000e+00
8.471950e-01 4.083610e-01 0.000000e+00
8.695320e-01 4.073230e-01 0.000000e+00
8.918710e-01 4.062830e-01 0.000000e+00
9.142100e-01 4.052410e-01 0.000000e+00
8.587710e-01 4.293730e-01 0.000000e+00
8.813790e-01 4.284660e-01 0.000000e+00
9.039890e-01 4.275550e-01 0.000000e+00
8.703460e-01 4.503850e-01 0.000000e+00
8.932240e-01 4.496110e-01 0.000000e+00
8.819210e-01 4.713970e-01 0.000000e+00
8.973850e-01 1.973340e-01 0.000000e+00
9.122740e-01 2.205720e-01 0.000000e+00
9.271630e-01 2.438090e-01 0.000000e+00
9.420520e-01 2.670470e-01 0.000000e+00
9.569400e-01 2.902850e-01 0.000000e+00
8.915060e-01 2.124380e-01 0.000000e+00
9.063950e-01 2.356750e-01 0.000000e+00
9.212830e-01 2.589130e-01 0.000000e+00
9.361720e-01 2.821510e-01 0.000000e+00
8.856260e-01 2.275420e-01 0.000000e+00
9.005150e-01 2.507790e-01 0.000000e+00
9.154040e-01 2.740170e-01 0.000000e+00
8.797470e-01 2.426460e-01 0.000000e+00
8.946350e-01 2.658830e-01 0.000000e+00
8.738670e-01 2.577490e-01 0.000000e+00
9.951850e-01 9.801710e-02 0.000000e+00
9.717740e-01 7.350240e-02 0.000000e+00
9.483630e-01 4.898760e-02 0.000000e+00
9.249520e-01 2.447290e-02 0.000000e+00
9.015410e-01 -4.186760e-05 0.000000e+00
9.972900e-01 7.356460e-02 0.000000e+00
9.735790e-01 4.903010e-02 0.000000e+00
9.498670e-01 2.449810e-02 0.000000e+00
9.261550e-01 -3.140070e-05 0.000000e+00
9.987950e-01 4.906770e-02 0.000000e+00
9.747830e-01 2.452090e-02 0.000000e+00
9.507700e-01 -2.093380e-05 0.000000e+00
9.996990e-01 2.454120e-02 0.000000e+00
9.753850e-01 -1.046690e-05 0.000000e+00
1.000000e+00 -2.449280e-16 0.000000e+00
9.062260e-01 9.830610e-02 0.000000e+00
9.248660e-01 1.225020e-01 0.000000e+00
9.435050e-01 1.466980e-01 0.000000e+00
9.621450e-01 1.708940e-01 0.000000e+00
9.807850e-01 1.950900e-01 0.000000e+00
9.040160e-01 1.230630e-01 0.000000e+00
9.226560e-01 1.472590e-01 0.000000e+00
9.412950e-01 1.714550e-01 0.000000e+00
9.599350e-01 1.956510e-01 0.000000e+00
9.018060e-01 1.478200e-01 0.000000e+00
9.204450e-01 1.720160e-01 0.000000e+00
9.390850e-01 1.962120e-01 0.000000e+00
8.995960e-01 1.725770e-01 0.000000e+00
9.182350e-01 1.967730e-01 0.000000e+00
8.973850e-01 1.973340e-01 0.000000e+00
9.015410e-01 -4.186760e-05 0.000000e+00
9.249520e-01 2.447290e-02 0.000000e+00
9.483630e-01 4.898760e-02 0.000000e+00
9.717740e-01 7.350240e-02 0.000000e+00
9.951850e-01 9.801710e-02 0.000000e+00
9.027120e-01 2.454510e-02 0.000000e+00
9.261230e-01 4.905990e-02 0.000000e+00
9.495340e-01 7.357460e-02 0.000000e+00
9.729450e-01 9.808940e-02 0.000000e+00
9.038830e-01 4.913210e-02 0.000000e+00
9.272940e-01 7.364680e-02 0.000000e+00
9.507050e-01 9.816160e-02 0.000000e+00
9.050540e-01 7.371910e-02 0.000000e+00
9.284650e-01 9.823380e-02 0.000000e+00
9.062260e-01 9.830610e-02 0.000000e+00
9.951850e-01 9.801710e-02 0.000000e+00
9.924800e-01 1.224110e-01 0.000000e+00
9.891770e-01 1.467300e-01 0.000000e+00
9.852780e-01 1.709620e-01 0.000000e+00
9.807850e-01 1.950900e-01 0.000000e+00
9.729450e-01 9.808940e-02 0.000000e+00
9.699410e-01 1.224440e-01 0.000000e+00
9.663410e-01 1.467170e-01 0.000000e+00
9.621450e-01 1.708940e-01 0.000000e+00
9.507050e-01 9.816160e-02 0.000000e+00
9.474030e-01 1.224740e-01 0.000000e+00
9.435050e-01 1.466980e-01 0.000000e+00
9.284650e-01 9.823380e-02 0.000000e+00
9.248660e-01 1.225020e-01 0.000000e+00
9.062260e-01 9.830610e-02 0.000000e+00
9.238800e-01 -3.826830e-01 0.000000e+00
9.108590e-01 -3.609130e-01 0.000000e+00
8.978390e-01 -3.391420e-01 0.000000e+00
8.848190e-01 -3.173710e-01 0.000000e+00
8.717980e-01 -2.956010e-01 0.000000e+00
9.010370e-01 -3.758860e-01 0.000000e+00
8.880170e-01 -3.541150e-01 0.000000e+00
8.749970e-01 -3.323440e-01 0.000000e+00
8.619770e-01 -3.105740e-01 0.000000e+00
8.781950e-01 -3.690880e-01 0.000000e+00
8.651750e-01 -3.473170e-01 0.000000e+00
8.521550e-01 -3.255470e-01 0.000000e+00
8.553530e-01 -3.622910e-01 0.000000e+00
8.423330e-01 -3.405200e-01 0.000000e+00
8.325110e-01 -3.554930e-01 0.000000e+00
9.205450e-01 -6.505850e-02 0.000000e+00
9.404090e-01 -4.879390e-02 0.000000e+00
9.602720e-01 -3.252930e-02 0.000000e+00
9.801360e-01 -1.626460e-02 0.000000e+00
1.000000e+00 -2.449290e-16 0.000000e+00
9.157940e-01 -4.880440e-02 0.000000e+00
9.356570e-01 -3.253970e-02 0.000000e+00
9.555210e-01 -1.627510e-02 0.000000e+00
9.753850e-01 -1.046690e-05 0.000000e+00
9.110430e-01 -3.255020e-02 0.000000e+00
9.309060e-01 -1.628560e-02 0.000000e+00
9.507700e-01 -2.093380e-05 0.000000e+00
9.062920e-01 -1.629600e-02 0.000000e+00
9.261550e-01 -3.140070e-05 0.000000e+00
9.015410e-01 -4.186760e-05 0.000000e+00
9.951850e-01 -9.801710e-02 0.000000e+00
9.647730e-01 -1.019700e-01 0.000000e+00
9.343610e-01 -1.059230e-01 0.000000e+00
9.039490e-01 -1.098760e-01 0.000000e+00
8.735360e-01 -1.138290e-01 0.000000e+00
9.924800e-01 -1.224110e-01 0.000000e+00
9.617690e-01 -1.263240e-01 0.000000e+00
9.310590e-01 -1.302360e-01 0.000000e+00
9.003490e-01 -1.341440e-01 0.000000e+00
9.891770e-01 -1.467300e-01 0.000000e+00
9.581680e-01 -1.505970e-01 0.000000e+00
9.271610e-01 -1.544600e-01 0.000000e+00
9.852780e-01 -1.709620e-01 0.000000e+00
9.539730e-01 -1.747750e-01 0.000000e+00
9.807850e-01 -1.950900e-01 0.000000e+00
7.204150e-02 9.211430e-01 0.000000e+00
8.791640e-02 9.237100e-01 0.000000e+00
1.037910e-01 9.262770e-01 0.000000e+00
1.196660e-01 9.288440e-01 0.000000e+00
1.355410e-01 9.314110e-01 0.000000e+00
7.853540e-02 9.396530e-01 0.000000e+00
9.441030e-02 9.422200e-01 0.000000e+00
1.102850e-01 9.447870e-01 0.000000e+00
1.261600e-01 9.473550e-01 0.000000e+00
8.502930e-02 9.581640e-01 0.000000e+00
1.009040e-01 9.607310e-01 0.000000e+00
1.167790e-01 9.632980e-01 0.000000e+00
9.152320e-02 9.766740e-01 0.000000e+00
1.073980e-01 9.792410e-01 0.000000e+00
9.801710e-02 9.951850e-01 0.000000e+00
1.355410e-01 9.314110e-01 0.000000e+00
1.504280e-01 9.437550e-01 0.000000e+00
1.653160e-01 9.560980e-01 0.000000e+00
1.802030e-01 9.684420e-01 0.000000e+00
1.950900e-01 9.807850e-01 0.000000e+00
1.261600e-01 9.473550e-01 0.000000e+00
1.410920e-01 9.599960e-01 0.000000e+00
1.560260e-01 9.726370e-01 0.000000e+00
1.709620e-01 9.852780e-01 0.000000e+00
1.167790e-01 9.632980e-01 0.000000e+00
1.317520e-01 9.762380e-01 0.000000e+00
1.467300e-01 9.891770e-01 0.000000e+00
1.073980e-01 9.792410e-01 0.000000e+00
1.224110e-01 9.924800e-01 0.000000e+00
9.801710e-02 9.951850e-01 0.000000e+00
9.801710e-02 9.951850e-01 0.000000e+00
7.356460e-02 9.972900e-01 0.000000e+00
4.906770e-02 9.987950e-01 0.000000e+00
2.454120e-02 9.996990e-01 0.000000e+00
5.551120e-17 1.000000e+00 0.000000e+00
9.152320e-02 9.766740e-01 0.000000e+00
6.705090e-02 9.784790e-01 0.000000e+00
4.254170e-02 9.796840e-01 0.000000e+00
1.801040e-02 9.802860e-01 0.000000e+00
8.502930e-02 9.581640e-01 0.000000e+00
6.053980e-02 9.596680e-01 0.000000e+00
3.602070e-02 9.605710e-01 0.000000e+00
7.853540e-02 9.396530e-01 0.000000e+00
5.403110e-02 9.408570e-01 0.000000e+00
7.204150e-02 9.211430e-01 0.000000e+00
2.902850e-01 -9.569400e-01 0.000000e+00
3.136820e-01 -9.495280e-01 0.000000e+00
3.368900e-01 -9.415440e-01 0.000000e+00
3.598950e-01 -9.329930e-01 0.000000e+00
3.826830e-01 -9.238800e-01 0.000000e+00
2.970480e-01 -9.308520e-01 0.000000e+00
3.203490e-01 -9.231550e-01 0.000000e+00
3.434530e-01 -9.148880e-01 0.000000e+00
3.663470e-01 -9.060570e-01 0.000000e+00
3.038120e-01 -9.047640e-01 0.000000e+00
3.270130e-01 -8.967830e-01 0.000000e+00
3.500110e-01 -8.882340e-01 0.000000e+00
3.105750e-01 -8.786760e-01 0.000000e+00
3.336750e-01 -8.704110e-01 0.000000e+00
3.173390e-01 -8.525880e-01 0.000000e+00
3.826830e-01 -9.238800e-01 0.000000e+00
4.052410e-01 -9.142100e-01 0.000000e+00
4.275550e-01 -9.039890e-01 0.000000e+00
4.496110e-01 -8.932240e-01 0.000000e+00
4.713970e-01 -8.819210e-01 0.000000e+00
3.854440e-01 -9.014250e-01 0.000000e+00
4.078770e-01 -8.914810e-01 0.000000e+00
4.300600e-01 -8.809890e-01 0.000000e+00
4.519790e-01 -8.699560e-01 0.000000e+00
3.882040e-01 -8.789700e-01 0.000000e+00
4.105110e-01 -8.687530e-01 0.000000e+00
4.325610e-01 -8.579910e-01 0.000000e+00
3.909650e-01 -8.565160e-01 0.000000e+00
4.131430e-01 -8.460260e-01 0.000000e+00
3.937250e-01 -8.340610e-01 0.000000e+00
3.692350e-02 -8.967760e-01 0.000000e+00
5.219690e-02 -9.213790e-01 0.000000e+00
6.747030e-02 -9.459810e-01 0.000000e+00
8.274370e-02 -9.705830e-01 0.000000e+00
9.801710e-02 -9.951850e-01 0.000000e+00
6.108060e-02 -9.029350e-01 0.000000e+00
7.635400e-02 -9.275370e-01 0.000000e+00
9.162740e-02 -9.521390e-01 0.000000e+00
1.069010e-01 -9.767410e-01 0.000000e+00
8.523770e-02 -9.090940e-01 0.000000e+00
1.005110e-01 -9.336960e-01 0.000000e+00
1.157850e-01 -9.582980e-01 0.000000e+00
1.093950e-01 -9.152520e-01 0.000000e+00
1.246680e-01 -9.398540e-01 0.000000e+00
1.335520e-01 -9.214110e-01 0.000000e+00
-5.555700e-01 8.314700e-01 0.000000e+00
-5.549410e-01 8.052020e-01 0.000000e+00
-5.543110e-01 7.789340e-01 0.000000e+00
-5.536810e-01 7.526670e-01 0.000000e+00
-5.530520e-01 7.263990e-01 0.000000e+00
-5.350300e-01 8.226760e-01 0.000000e+00
-5.344000e-01 7.964080e-01 0.000000e+00
-5.337700e-01 7.701400e-01 0.000000e+00
-5.331410e-01 7.438730e-01 0.000000e+00
-5.144890e-01 8.138810e-01 0.000000e+00
-5.138590e-01 7.876140e-01 0.000000e+00
-5.132300e-01 7.613460e-01 0.000000e+00
-4.939480e-01 8.050870e-01 0.000000e+00
-4.933190e-01 7.788200e-01 0.000000e+00
-4.734080e-01 7.962930e-01 0.000000e+00
-6.343930e-01 7.730100e-01 0.000000e+00
-6.328430e-01 7.489550e-01 0.000000e+00
-6.312920e-01 7.249000e-01 0.000000e+00
-6.297420e-01 7.008450e-01 0.000000e+00
-6.281910e-01 6.767890e-01 0.000000e+00
-6.140580e-01 7.613580e-01 0.000000e+00
-6.125070e-01 7.373020e-01 0.000000e+00
-6.109570e-01 7.132470e-01 0.000000e+00
-6.094060e-01 6.891920e-01 0.000000e+00
-5.937220e-01 7.497050e-01 0.000000e+00
-5.921720e-01 7.256500e-01 0.000000e+00
-5.906210e-01 7.015940e-01 0.000000e+00
-5.733870e-01 7.380520e-01 0.000000e+00
-5.718370e-01 7.139970e-01 0.000000e+00
-5.530520e-01 7.263990e-01 0.000000e+00
6.359050e-01 6.883340e-01 0.000000e+00
6.537050e-01 6.930270e-01 0.000000e+00
6.715060e-01 6.977200e-01 0.000000e+00
6.893060e-01 7.024140e-01 0.000000e+00
7.071070e-01 7.071070e-01 0.000000e+00
6.355270e-01 7.095030e-01 0.000000e+00
6.535300e-01 7.144190e-01 0.000000e+00
6.715340e-01 7.193340e-01 0.000000e+00
6.895410e-01 7.242470e-01 0.000000e+00
6.351490e-01 7.306720e-01 0.000000e+00
6.533520e-01 7.358130e-01 0.000000e+00
6.715590e-01 7.409510e-01 0.000000e+00
6.347710e-01 7.518410e-01 0.000000e+00
6.531730e-01 7.572090e-01 0.000000e+00
6.343930e-01 7.730100e-01 0.000000e+00
5.621960e-01 7.535980e-01 0.000000e+00
5.806230e-01 7.372820e-01 0.000000e+00
5.990510e-01 7.209660e-01 0.000000e+00
6.174780e-01 7.046500e-01 0.000000e+00
6.359050e-01 6.883340e-01 0.000000e+00
5.802460e-01 7.584510e-01 0.000000e+00
5.986730e-01 7.421350e-01 0.000000e+00
6.171000e-01 7.258190e-01 0.000000e+00
6.355270e-01 7.095030e-01 0.000000e+00
5.982950e-01 7.633040e-01 0.000000e+00
6.167220e-01 7.469880e-01 0.000000e+00
6.351490e-01 7.306720e-01 0.000000e+00
6.163440e-01 7.681570e-01 0.000000e+00
6.347710e-01 7.518410e-01 0.000000e+00
6.343930e-01 7.730100e-01 0.000000e+00
4.759550e-01 8.001050e-01 0.000000e+00
4.975150e-01 7.884790e-01 0.000000e+00
5.190760e-01 7.768520e-01 0.000000e+00
5.406360e-01 7.652250e-01 0.000000e+00
5.621960e-01 7.535980e-01 0.000000e+00
4.958590e-01 8.079460e-01 0.000000e+00
5.174190e-01 7.963200e-01 0.000000e+00
5.389800e-01 7.846930e-01 0.000000e+00
5.605400e-01 7.730660e-01 0.000000e+00
5.157630e-01 8.157870e-01 0.000000e+00
5.373230e-01 8.041610e-01 0.000000e+00
5.588830e-01 7.925340e-01 0.000000e+00
5.356660e-01 8.236290e-01 0.000000e+00
5.572270e-01 8.120020e-01 0.000000e+00
5.555700e-01 8.314700e-01 0.000000e+00
9.569400e-01 2.902850e-01 0.000000e+00
9.495280e-01 3.136820e-01 0.000000e+00
9.415440e-01 3.368900e-01 0.000000e+00
9.329930e-01 3.598950e-01 0.000000e+00
9.238800e-01 3.826830e-01 0.000000e+00
9.361720e-01 2.821510e-01 0.000000e+00
9.284750e-01 3.054510e-01 0.000000e+00
9.202080e-01 3.285550e-01 0.000000e+00
9.113760e-01 3.514500e-01 0.000000e+00
9.154040e-01 2.740170e-01 0.000000e+00
9.074220e-01 2.972180e-01 0.000000e+00
8.988730e-01 3.202160e-01 0.000000e+00
8.946350e-01 2.658830e-01 0.000000e+00
8.863700e-01 2.889830e-01 0.000000e+00
8.738670e-01 2.577490e-01 0.000000e+00
8.131200e-01 -4.169000e-01 0.000000e+00
8.408100e-01 -4.083460e-01 0.000000e+00
8.685000e-01 -3.997920e-01 0.000000e+00
8.961900e-01 -3.912380e-01 0.000000e+00
9.238800e-01 -3.826830e-01 0.000000e+00
8.179680e-01 -4.015480e-01 0.000000e+00
8.456580e-01 -3.929940e-01 0.000000e+00
8.733480e-01 -3.844400e-01 0.000000e+00
9.010370e-01 -3.758860e-01 0.000000e+00
8.228160e-01 -3.861970e-01 0.000000e+00
8.505050e-01 -3.776420e-01 0.000000e+00
8.781950e-01 -3.690880e-01 0.000000e+00
8.276630e-01 -3.708450e-01 0.000000e+00
8.553530e-01 -3.622910e-01 0.000000e+00
8.325110e-01 -3.554930e-01 0.000000e+00
8.717980e-01 -2.956010e-01 0.000000e+00
8.848190e-01 -3.173710e-01 0.000000e+00
8.978390e-01 -3.391420e-01 0.000000e+00
9.108590e-01 -3.609130e-01 0.000000e+00
9.238800e-01 -3.826830e-01 0.000000e+00
8.930840e-01 -2.942720e-01 0.000000e+00
9.063880e-01 -3.161440e-01 0.000000e+00
9.196910e-01 -3.380180e-01 0.000000e+00
9.329930e-01 -3.598950e-01 0.000000e+00
9.143690e-01 -2.929430e-01 0.000000e+00
9.279580e-01 -3.149140e-01 0.000000e+00
9.415440e-01 -3.368900e-01 0.000000e+00
9.356550e-01 -2.916140e-01 0.000000e+00
9.495280e-01 -3.136820e-01 0.000000e+00
9.569400e-01 -2.902850e-01 0.000000e+00
7.247660e-01 -5.311310e-01 0.000000e+00
7.368270e-01 -5.569470e-01 0.000000e+00
7.488880e-01 -5.827620e-01 0.000000e+00
7.609490e-01 -6.085780e-01 0.000000e+00
7.730100e-01 -6.343930e-01 0.000000e+00
7.514420e-01 -5.372410e-01 0.000000e+00
7.637450e-01 -5.632360e-01 0.000000e+00
7.760470e-01 -5.892330e-01 0.000000e+00
7.883460e-01 -6.152320e-01 0.000000e+00
7.781180e-01 -5.433510e-01 0.000000e+00
7.906640e-01 -5.695230e-01 0.000000e+00
8.032080e-01 -5.956990e-01 0.000000e+00
8.047940e-01 -5.494600e-01 0.000000e+00
8.175850e-01 -5.758080e-01 0.000000e+00
8.314700e-01 -5.555700e-01 0.000000e+00
9.807850e-01 -1.950900e-01 0.000000e+00
9.539730e-01 -1.747750e-01 0.000000e+00
9.271610e-01 -1.544600e-01 0.000000e+00
9.003490e-01 -1.341440e-01 0.000000e+00
8.735360e-01 -1.138290e-01 0.000000e+00
9.548150e-01 -2.023560e-01 0.000000e+00
9.280020e-01 -1.820410e-01 0.000000e+00
9.011900e-01 -1.617260e-01 0.000000e+00
8.743780e-01 -1.414100e-01 0.000000e+00
9.288440e-01 -2.096230e-01 0.000000e+00
9.020320e-01 -1.893070e-01 0.000000e+00
8.752190e-01 -1.689920e-01 0.000000e+00
9.028730e-01 -2.168890e-01 0.000000e+00
8.760610e-01 -1.965730e-01 0.000000e+00
8.769020e-01 -2.241550e-01 0.000000e+00
8.819210e-01 -4.713970e-01 0.000000e+00
8.932240e-01 -4.496110e-01 0.000000e+00
9.039890e-01 -4.275550e-01 0.000000e+00
9.142100e-01 -4.052410e-01 0.000000e+00
9.238800e-01 -3.826830e-01 0.000000e+00
8.647210e-01 -4.577730e-01 0.000000e+00
8.757540e-01 -4.358540e-01 0.000000e+00
8.862460e-01 -4.136710e-01 0.000000e+00
8.961900e-01 -3.912380e-01 0.000000e+00
8.475210e-01 -4.441480e-01 0.000000e+00
8.582830e-01 -4.220990e-01 0.000000e+00
8.685000e-01 -3.997920e-01 0.000000e+00
8.303210e-01 -4.305240e-01 0.000000e+00
8.408100e-01 -4.083460e-01 0.000000e+00
8.131200e-01 -4.169000e-01 0.000000e+00
8.077650e-01 -4.810730e-01 0.000000e+00
8.136910e-01 -4.996980e-01 0.000000e+00
8.196180e-01 -5.183220e-01 0.000000e+00
8.255440e-01 -5.369460e-01 0.000000e+00
8.314700e-01 -5.555700e-01 0.000000e+00
8.263040e-01 -4.786540e-01 0.000000e+00
8.324890e-01 -4.974330e-01 0.000000e+00
8.386720e-01 -5.162140e-01 0.000000e+00
8.448540e-01 -5.349980e-01 0.000000e+00
8.448430e-01 -4.762350e-01 0.000000e+00
8.512870e-01 -4.951670e-01 0.000000e+00
8.577290e-01 -5.141030e-01 0.000000e+00
8.633820e-01 -4.738160e-01 0.000000e+00
8.700870e-01 -4.928980e-01 0.000000e+00
8.819210e-01 -4.713970e-01 0.000000e+00
8.077650e-01 -4.810730e-01 0.000000e+00
8.263040e-01 -4.786540e-01 0.000000e+00
8.448430e-01 -4.762350e-01 0.000000e+00
8.633820e-01 -4.738160e-01 0.000000e+00
8.819210e-01 -4.713970e-01 0.000000e+00
8.091040e-01 -4.650300e-01 0.000000e+00
8.276430e-01 -4.626110e-01 0.000000e+00
8.461820e-01 -4.601920e-01 0.000000e+00
8.647210e-01 -4.577730e-01 0.000000e+00
8.104430e-01 -4.489870e-01 0.000000e+00
8.289820e-01 -4.465680e-01 0.000000e+00
8.475210e-01 -4.441480e-01 0.000000e+00
8.117820e-01 -4.329440e-01 0.000000e+00
8.303210e-01 -4.305240e-01 0.000000e+00
8.131200e-01 -4.169000e-01 0.000000e+00
8.717980e-01 -2.956010e-01 0.000000e+00
8.930840e-01 -2.942720e-01 0.000000e+00
9.143690e-01 -2.929430e-01 0.000000e+00
9.356550e-01 -2.916140e-01 0.000000e+00
9.569400e-01 -2.902850e-01 0.000000e+00
8.730740e-01 -2.777390e-01 0.000000e+00
8.943600e-01 -2.764100e-01 0.000000e+00
9.156450e-01 -2.750810e-01 0.000000e+00
9.369310e-01 -2.737520e-01 0.000000e+00
8.743500e-01 -2.598780e-01 0.000000e+00
8.956360e-01 -2.585490e-01 0.000000e+00
9.169210e-01 -2.572200e-01 0.000000e+00
8.756260e-01 -2.420160e-01 0.000000e+00
8.969120e-01 -2.406870e-01 0.000000e+00
8.769020e-01 -2.241550e-01 0.000000e+00
6.762420e-01 -6.003290e-01 0.000000e+00
6.839580e-01 -6.270240e-01 0.000000e+00
6.916740e-01 -6.537180e-01 0.000000e+00
6.993910e-01 -6.804120e-01 0.000000e+00
7.071070e-01 -7.071070e-01 0.000000e+00
7.004340e-01 -6.088450e-01 0.000000e+00
7.083730e-01 -6.357420e-01 0.000000e+00
7.163110e-01 -6.626400e-01 0.000000e+00
7.242470e-01 -6.895410e-01 0.000000e+00
7.246260e-01 -6.173610e-01 0.000000e+00
7.327900e-01 -6.444580e-01 0.000000e+00
7.409510e-01 -6.715590e-01 0.000000e+00
7.488180e-01 -6.258770e-01 0.000000e+00
7.572090e-01 -6.531730e-01 0.000000e+00
7.730100e-01 -6.343930e-01 0.000000e+00
6.395180e-01 -6.937410e-01 0.000000e+00
6.382370e-01 -7.135580e-01 0.000000e+00
6.369560e-01 -7.333760e-01 0.000000e+00
6.356740e-01 -7.531930e-01 0.000000e+00
6.343930e-01 -7.730100e-01 0.000000e+00
6.564150e-01 -6.970820e-01 0.000000e+00
6.553360e-01 -7.171230e-01 0.000000e+00
6.542550e-01 -7.371650e-01 0.000000e+00
6.531730e-01 -7.572090e-01 0.000000e+00
6.733120e-01 -7.004240e-01 0.000000e+00
6.724370e-01 -7.206860e-01 0.000000e+00
6.715590e-01 -7.409510e-01 0.000000e+00
6.902100e-01 -7.037650e-01 0.000000e+00
6.895410e-01 -7.242470e-01 0.000000e+00
7.071070e-01 -7.071070e-01 0.000000e+00
5.459970e-01 -7.293550e-01 0.000000e+00
5.483910e-01 -7.548830e-01 0.000000e+00
5.507840e-01 -7.804120e-01 0.000000e+00
5.531770e-01 -8.059410e-01 0.000000e+00
5.555700e-01 -8.314700e-01 0.000000e+00
5.680960e-01 -7.402690e-01 0.000000e+00
5.706690e-01 -7.660390e-01 0.000000e+00
5.732400e-01 -7.918110e-01 0.000000e+00
5.758080e-01 -8.175850e-01 0.000000e+00
5.901950e-01 -7.511830e-01 0.000000e+00
5.929490e-01 -7.771940e-01 0.000000e+00
5.956990e-01 -8.032080e-01 0.000000e+00
6.122940e-01 -7.620970e-01 0.000000e+00
6.152320e-01 -7.883460e-01 0.000000e+00
6.343930e-01 -7.730100e-01 0.000000e+00
5.555700e-01 -8.314700e-01 0.000000e+00
5.334620e-01 -8.203300e-01 0.000000e+00
5.113540e-01 -8.091900e-01 0.000000e+00
4.892460e-01 -7.980500e-01 0.000000e+00
4.671390e-01 -7.869110e-01 0.000000e+00
5.349980e-01 -8.448540e-01 0.000000e+00
5.127310e-01 -8.334580e-01 0.000000e+00
4.904660e-01 -8.220610e-01 0.000000e+00
4.682030e-01 -8.106630e-01 0.000000e+00
5.141030e-01 -8.577290e-01 0.000000e+00
4.916830e-01 -8.460740e-01 0.000000e+00
4.692680e-01 -8.344160e-01 0.000000e+00
4.928980e-01 -8.700870e-01 0.000000e+00
4.703320e-01 -8.581690e-01 0.000000e+00
4.713970e-01 -8.819210e-01 0.000000e+00
9.205450e-01 -6.505850e-02 0.000000e+00
9.087930e-01 -7.725110e-02 0.000000e+00
8.970410e-01 -8.944370e-02 0.000000e+00
8.852890e-01 -1.016360e-01 0.000000e+00
8.735360e-01 -1.138290e-01 0.000000e+00
9.392050e-01 -7.329820e-02 0.000000e+00
9.274530e-01 -8.549080e-02 0.000000e+00
9.157010e-01 -9.768340e-02 0.000000e+00
9.039490e-01 -1.098760e-01 0.000000e+00
9.578650e-01 -8.153780e-02 0.000000e+00
9.461130e-01 -9.373040e-02 0.000000e+00
9.343610e-01 -1.059230e-01 0.000000e+00
9.765250e-01 -8.977750e-02 0.000000e+00
9.647730e-01 -1.019700e-01 0.000000e+00
9.951850e-01 -9.801710e-02 0.000000e+00
9.951850e-01 -9.801710e-02 0.000000e+00
9.972900e-01 -7.356460e-02 0.000000e+00
9.987950e-01 -4.906770e-02 0.000000e+00
9.996990e-01 -2.454120e-02 0.000000e+00
1.000000e+00 -2.498000e-16 0.000000e+00
9.765250e-01 -8.977750e-02 0.000000e+00
9.783300e-01 -6.530520e-02 0.000000e+00
9.795340e-01 -4.079600e-02 0.000000e+00
9.801360e-01 -1.626460e-02 0.000000e+00
9.578650e-01 -8.153780e-02 0.000000e+00
9.593690e-01 -5.704830e-02 0.000000e+00
9.602720e-01 -3.252930e-02 0.000000e+00
9.392050e-01 -7.329820e-02 0.000000e+00
9.404090e-01 -4.879390e-02 0.000000e+00
9.205450e-01 -6.505850e-02 0.000000e+00
9.807850e-01 1.950900e-01 0.000000e+00
9.757020e-01 2.191010e-01 0.000000e+00
9.700310e-01 2.429800e-01 0.000000e+00
9.637760e-01 2.667130e-01 0.000000e+00
9.569400e-01 2.902850e-01 0.000000e+00
9.599350e-01 1.956510e-01 0.000000e+00
9.545590e-01 2.195940e-01 0.000000e+00
9.485960e-01 2.433970e-01 0.000000e+00
9.420520e-01 2.670470e-01 0.000000e+00
9.390850e-01 1.962120e-01 0.000000e+00
9.334160e-01 2.200840e-01 0.000000e+00
9.271630e-01 2.438090e-01 0.000000e+00
9.182350e-01 1.967730e-01 0.000000e+00
9.122740e-01 2.205720e-01 0.000000e+00
8.973850e-01 1.973340e-01 0.000000e+00
2.902850e-01 -9.569400e-01 0.000000e+00
2.748970e-01 -9.426860e-01 0.000000e+00
2.595090e-01 -9.284320e-01 0.000000e+00
2.441220e-01 -9.141780e-01 0.000000e+00
2.287340e-01 -8.999240e-01 0.000000e+00
2.667130e-01 -9.637760e-01 0.000000e+00
2.512470e-01 -9.492310e-01 0.000000e+00
2.357840e-01 -9.346860e-01 0.000000e+00
2.203230e-01 -9.201390e-01 0.000000e+00
2.429800e-01 -9.700310e-01 0.000000e+00
2.274440e-01 -9.551940e-01 0.000000e+00
2.119120e-01 -9.403550e-01 0.000000e+00
2.191010e-01 -9.757020e-01 0.000000e+00
2.035010e-01 -9.605700e-01 0.000000e+00
1.950900e-01 -9.807850e-01 0.000000e+00
5.555700e-01 -8.314700e-01 0.000000e+00
5.531770e-01 -8.059410e-01 0.000000e+00
5.507840e-01 -7.804120e-01 0.000000e+00
5.483910e-01 -7.548830e-01 0.000000e+00
5.459970e-01 -7.293550e-01 0.000000e+00
5.334620e-01 -8.203300e-01 0.000000e+00
5.310690e-01 -7.948010e-01 0.000000e+00
5.286760e-01 -7.692720e-01 0.000000e+00
5.262830e-01 -7.437440e-01 0.000000e+00
5.113540e-01 -8.091900e-01 0.000000e+00
5.089610e-01 -7.836610e-01 0.000000e+00
5.065680e-01 -7.581330e-01 0.000000e+00
4.892460e-01 -7.980500e-01 0.000000e+00
4.868530e-01 -7.725220e-01 0.000000e+00
4.671390e-01 -7.869110e-01 0.000000e+00
2.287340e-01 -8.999240e-01 0.000000e+00
2.441220e-01 -9.141780e-01 0.000000e+00
2.595090e-01 -9.284320e-01 0.000000e+00
2.748970e-01 -9.426860e-01 0.000000e+00
2.902850e-01 -9.569400e-01 0.000000e+00
2.508850e-01 -8.880900e-01 0.000000e+00
2.662730e-01 -9.023440e-01 0.000000e+00
2.816610e-01 -9.165980e-01 0.000000e+00
2.970480e-01 -9.308520e-01 0.000000e+00
2.730370e-01 -8.762560e-01 0.000000e+00
2.884240e-01 -8.905100e-01 0.000000e+00
3.038120e-01 -9.047640e-01 0.000000e+00
2.951880e-01 -8.644220e-01 0.000000e+00
3.105750e-01 -8.786760e-01 0.000000e+00
3.173390e-01 -8.525880e-01 0.000000e+00
1.335520e-01 -9.214110e-01 0.000000e+00
1.246680e-01 -9.398540e-01 0.000000e+00
1.157850e-01 -9.582980e-01 0.000000e+00
1.069010e-01 -9.767410e-01 0.000000e+00
9.801710e-02 -9.951850e-01 0.000000e+00
1.489370e-01 -9.362550e-01 0.000000e+00
1.400970e-01 -9.549960e-01 0.000000e+00
1.312550e-01 -9.737380e-01 0.000000e+00
1.224110e-01 -9.924800e-01 0.000000e+00
1.643210e-01 -9.510980e-01 0.000000e+00
1.555280e-01 -9.701370e-01 0.000000e+00
1.467300e-01 -9.891770e-01 0.000000e+00
1.797060e-01 -9.659420e-01 0.000000e+00
1.709620e-01 -9.852780e-01 0.000000e+00
1.950900e-01 -9.807850e-01 0.000000e+00
1.950900e-01 -9.807850e-01 0.000000e+00
2.035010e-01 -9.605700e-01 0.000000e+00
2.119120e-01 -9.403550e-01 0.000000e+00
2.203230e-01 -9.201390e-01 0.000000e+00
2.287340e-01 -8.999240e-01 0.000000e+00
1.797060e-01 -9.659420e-01 0.000000e+00
1.881170e-01 -9.457260e-01 0.000000e+00
1.965280e-01 -9.255110e-01 0.000000e+00
2.049390e-01 -9.052960e-01 0.000000e+00
1.643210e-01 -9.510980e-01 0.000000e+00
1.727320e-01 -9.308830e-01 0.000000e+00
1.811430e-01 -9.106680e-01 0.000000e+00
1.489370e-01 -9.362550e-01 0.000000e+00
1.573470e-01 -9.160390e-01 0.000000e+00
1.335520e-01 -9.214110e-01 0.000000e+00
9.801710e-02 -9.951850e-01 0.000000e+00
8.274370e-02 -9.705830e-01 0.000000e+00
6.747030e-02 -9.459810e-01 0.000000e+00
5.219690e-02 -9.213790e-01 0.000000e+00
3.692350e-02 -8.967760e-01 0.000000e+00
7.356460e-02 -9.972900e-01 0.000000e+00
5.827140e-02 -9.723880e-01 0.000000e+00
4.298080e-02 -9.474850e-01 0.000000e+00
2.769260e-02 -9.225820e-01 0.000000e+00
4.906770e-02 -9.987950e-01 0.000000e+00
3.376220e-02 -9.735920e-01 0.000000e+00
1.846170e-02 -9.483880e-01 0.000000e+00
2.454120e-02 -9.996990e-01 0.000000e+00
9.230860e-03 -9.741940e-01 0.000000e+00
-1.804110e-16 -1.000000e+00 0.000000e+00
-4.519740e-02 -9.139530e-01 0.000000e+00
-6.641310e-02 -9.114290e-01 0.000000e+00
-8.762880e-02 -9.089050e-01 0.000000e+00
-1.088440e-01 -9.063810e-01 0.000000e+00
-1.300600e-01 -9.038570e-01 0.000000e+00
-5.840230e-02 -9.342610e-01 0.000000e+00
-7.961800e-02 -9.317370e-01 0.000000e+00
-1.008340e-01 -9.292130e-01 0.000000e+00
-1.220490e-01 -9.266890e-01 0.000000e+00
-7.160720e-02 -9.545690e-01 0.000000e+00
-9.282300e-02 -9.520450e-01 0.000000e+00
-1.140390e-01 -9.495210e-01 0.000000e+00
-8.481220e-02 -9.748770e-01 0.000000e+00
-1.060280e-01 -9.723530e-01 0.000000e+00
-9.801710e-02 -9.951850e-01 0.000000e+00
-9.801710e-02 -9.951850e-01 0.000000e+00
-7.356460e-02 -9.972900e-01 0.000000e+00
-4.906770e-02 -9.987950e-01 0.000000e+00
-2.454120e-02 -9.996990e-01 0.000000e+00
-1.804110e-16 -1.000000e+00 0.000000e+00
-8.481220e-02 -9.748770e-01 0.000000e+00
-6.033990e-02 -9.766820e-01 0.000000e+00
-3.583070e-02 -9.778860e-01 0.000000e+00
-1.129930e-02 -9.784880e-01 0.000000e+00
-7.160720e-02 -9.545690e-01 0.000000e+00
-4.711770e-02 -9.560730e-01 0.000000e+00
-2.259870e-02 -9.569760e-01 0.000000e+00
-5.840230e-02 -9.342610e-01 0.000000e+00
-3.389800e-02 -9.354650e-01 0.000000e+00
-4.519740e-02 -9.139530e-01 0.000000e+00
-1.836970e-16 -1.000000e+00 0.000000e+00
9.230860e-03 -9.741940e-01 0.000000e+00
1.846170e-02 -9.483880e-01 0.000000e+00
2.769260e-02 -9.225820e-01 0.000000e+00
3.692350e-02 -8.967760e-01 0.000000e+00
-1.129930e-02 -9.784880e-01 0.000000e+00
-2.068470e-03 -9.526820e-01 0.000000e+00
7.162390e-03 -9.268760e-01 0.000000e+00
1.639330e-02 -9.010710e-01 0.000000e+00
-2.259870e-02 -9.569760e-01 0.000000e+00
-1.336780e-02 -9.311710e-01 0.000000e+00
-4.136950e-03 -9.053650e-01 0.000000e+00
-3.389800e-02 -9.354650e-01 0.000000e+00
-2.466710e-02 -9.096590e-01 0.000000e+00
-4.519740e-02 -9.139530e-01 0.000000e+00
-1.950900e-01 -9.807850e-01 0.000000e+00
-1.788330e-01 -9.615530e-01 0.000000e+00
-1.625750e-01 -9.423210e-01 0.000000e+00
-1.463180e-01 -9.230890e-01 0.000000e+00
-1.300600e-01 -9.038570e-01 0.000000e+00
-1.995170e-01 -9.405400e-01 0.000000e+00
-1.832590e-01 -9.213080e-01 0.000000e+00
-1.670020e-01 -9.020750e-01 0.000000e+00
-1.507440e-01 -8.828430e-01 0.000000e+00
-2.039440e-01 -9.002940e-01 0.000000e+00
-1.876860e-01 -8.810620e-01 0.000000e+00
-1.714290e-01 -8.618300e-01 0.000000e+00
-2.083700e-01 -8.600490e-01 0.000000e+00
-1.921130e-01 -8.408160e-01 0.000000e+00
-2.127970e-01 -8.198030e-01 0.000000e+00
-1.300600e-01 -9.038570e-01 0.000000e+00
-1.463180e-01 -9.230890e-01 0.000000e+00
-1.625750e-01 -9.423210e-01 0.000000e+00
-1.788330e-01 -9.615530e-01 0.000000e+00
-1.950900e-01 -9.807850e-01 0.000000e+00
-1.220490e-01 -9.266890e-01 0.000000e+00
-1.383510e-01 -9.462190e-01 0.000000e+00
-1.546550e-01 -9.657480e-01 0.000000e+00
-1.709620e-01 -9.852780e-01 0.000000e+00
-1.140390e-01 -9.495210e-01 0.000000e+00
-1.303820e-01 -9.693490e-01 0.000000e+00
-1.467300e-01 -9.891770e-01 0.000000e+00
-1.060280e-01 -9.723530e-01 0.000000e+00
-1.224110e-01 -9.924800e-01 0.000000e+00
-9.801710e-02 -9.951850e-01 0.000000e+00
-7.984510e-01 -4.748500e-01 0.000000e+00
-8.035670e-01 -4.513830e-01 0.000000e+00
-8.086820e-01 -4.279170e-01 0.000000e+00
-8.137970e-01 -4.044500e-01 0.000000e+00
-8.189130e-01 -3.809840e-01 0.000000e+00
-8.193190e-01 -4.739870e-01 0.000000e+00
-8.244340e-01 -4.505200e-01 0.000000e+00
-8.295490e-01 -4.270530e-01 0.000000e+00
-8.346650e-01 -4.035870e-01 0.000000e+00
-8.401860e-01 -4.731230e-01 0.000000e+00
-8.453020e-01 -4.496570e-01 0.000000e+00
-8.504170e-01 -4.261900e-01 0.000000e+00
-8.610540e-01 -4.722600e-01 0.000000e+00
-8.661690e-01 -4.487930e-01 0.000000e+00
-8.819210e-01 -4.713970e-01 0.000000e+00
-8.314700e-01 -5.555700e-01 0.000000e+00
-8.082730e-01 -5.547350e-01 0.000000e+00
-7.850760e-01 -5.539000e-01 0.000000e+00
-7.618790e-01 -5.530650e-01 0.000000e+00
-7.386830e-01 -5.522300e-01 0.000000e+00
-8.232150e-01 -5.353900e-01 0.000000e+00
-8.000180e-01 -5.345550e-01 0.000000e+00
-7.768220e-01 -5.337200e-01 0.000000e+00
-7.536250e-01 -5.328850e-01 0.000000e+00
-8.149610e-01 -5.152100e-01 0.000000e+00
-7.917640e-01 -5.143750e-01 0.000000e+00
-7.685670e-01 -5.135400e-01 0.000000e+00
-8.067060e-01 -4.950300e-01 0.000000e+00
-7.835090e-01 -4.941950e-01 0.000000e+00
-7.984510e-01 -4.748500e-01 0.000000e+00
6.343930e-01 -7.730100e-01 0.000000e+00
6.356740e-01 -7.531930e-01 0.000000e+00
6.369560e-01 -7.333760e-01 0.000000e+00
6.382370e-01 -7.135580e-01 0.000000e+00
6.395180e-01 -6.937410e-01 0.000000e+00
6.122940e-01 -7.620970e-01 0.000000e+00
6.135750e-01 -7.422790e-01 0.000000e+00
6.148570e-01 -7.224620e-01 0.000000e+00
6.161380e-01 -7.026440e-01 0.000000e+00
5.901950e-01 -7.511830e-01 0.000000e+00
5.914770e-01 -7.313650e-01 0.000000e+00
5.927580e-01 -7.115480e-01 0.000000e+00
5.680960e-01 -7.402690e-01 0.000000e+00
5.693780e-01 -7.204510e-01 0.000000e+00
5.459970e-01 -7.293550e-01 0.000000e+00
7.071070e-01 -7.071070e-01 0.000000e+00
6.993910e-01 -6.804120e-01 0.000000e+00
6.916740e-01 -6.537180e-01 0.000000e+00
6.839580e-01 -6.270240e-01 0.000000e+00
6.762420e-01 -6.003290e-01 0.000000e+00
6.902100e-01 -7.037650e-01 0.000000e+00
6.824930e-01 -6.770710e-01 0.000000e+00
6.747770e-01 -6.503770e-01 0.000000e+00
6.670610e-01 -6.236820e-01 0.000000e+00
6.733120e-01 -7.004240e-01 0.000000e+00
6.655960e-01 -6.737300e-01 0.000000e+00
6.578800e-01 -6.470350e-01 0.000000e+00
6.564150e-01 -6.970820e-01 0.000000e+00
6.486990e-01 -6.703880e-01 0.000000e+00
6.395180e-01 -6.937410e-01 0.000000e+00
3.173390e-01 -8.525880e-01 0.000000e+00
3.336750e-01 -8.704110e-01 0.000000e+00
3.500110e-01 -8.882340e-01 0.000000e+00
3.663470e-01 -9.060570e-01 0.000000e+00
3.826830e-01 -9.238800e-01 0.000000e+00
3.364350e-01 -8.479570e-01 0.000000e+00
3.527720e-01 -8.657790e-01 0.000000e+00
3.691080e-01 -8.836020e-01 0.000000e+00
3.854440e-01 -9.014250e-01 0.000000e+00
3.555320e-01 -8.433250e-01 0.000000e+00
3.718680e-01 -8.611480e-01 0.000000e+00
3.882040e-01 -8.789700e-01 0.000000e+00
3.746290e-01 -8.386930e-01 0.000000e+00
3.909650e-01 -8.565160e-01 0.000000e+00
3.937250e-01 -8.340610e-01 0.000000e+00
4.713970e-01 -8.819210e-01 0.000000e+00
4.703320e-01 -8.581690e-01 0.000000e+00
4.692680e-01 -8.344160e-01 0.000000e+00
4.682030e-01 -8.106630e-01 0.000000e+00
4.671390e-01 -7.869110e-01 0.000000e+00
4.519790e-01 -8.699560e-01 0.000000e+00
4.509140e-01 -8.462040e-01 0.000000e+00
4.498500e-01 -8.224510e-01 0.000000e+00
4.487850e-01 -7.986980e-01 0.000000e+00
4.325610e-01 -8.579910e-01 0.000000e+00
4.314960e-01 -8.342390e-01 0.000000e+00
4.304320e-01 -8.104860e-01 0.000000e+00
4.131430e-01 -8.460260e-01 0.000000e+00
4.120790e-01 -8.222740e-01 0.000000e+00
3.937250e-01 -8.340610e-01 0.000000e+00
</DataArray>
</Points>
<Cells>
<DataArray type="Int32" Name="connectivity" format="ascii">
0 1 5 
1 6 5 
1 2 6 
2 7 6 
2 3 7 
3 8 7 
3 4 8 
5 6 9 
6 10 9 
6 7 10 
7 11 10 
7 8 11 
9 10 12 
10 13 12 
10 11 13 
12 13 14 
15 16 20 
16 21 20 
16 17 21 
17 22 21 
17 18 22 
18 23 22 
18 19 23 
20 21 24 
21 25 24 
21 22 25 
22 26 25 
22 23 26 
24 25 27 
25 28 27 
25 26 28 
27 28 29 
30 31 35 
31 36 35 
31 32 36 
32 37 36 
32 33 37 
33 38 37 
33 34 38 
35 36 39 
36 40 39 
36 37 40 
37 41 40 
37 38 41 
39 40 42 
40 43 42 
40 41 43 
42 43 44 
45 46 50 
46 51 50 
46 47 51 
47 52 51 
47 48 52 
48 53 52 
48 49 53 
50 51 54 
51 55 54 
51 52 55 
52 56 55 
52 53 56 
54 55 57 
55 58 57 
55 56 58 
57 58 59 
60 61 65 
61 66 65 
61 62 66 
62 67 66 
62 63 67 
63 68 67 
63 64 68 
65 66 69 
66 70 69 
66 67 70 
67 71 70 
67 68 71 
69 70 72 
70 73 72 
70 71 73 
72 73 74 
75 76 80 
76 81 80 
76 77 81 
77 82 81 
77 78 82 
78 83 82 
78 79 83 
80 81 84 
81 85 84 
81 82 85 
82 86 85 
82 83 86 
84 85 87 
85 88 87 
85 86 88 
87 88 89 
90 91 95 
91 96 95 
91 92 96 
92 97 96 
92 93 97 
93 98 97 
93 94 98 
95 96 99 
96 100 99 
96 97 100 
97 101 100 
97 98 101 
99 100 102 
100 103 102 
100 101 103 
102 103 104 
105 106 110 
106 111 110 
106 107 111 
107 112 111 
107 108 112 
108 113 112 
108 109 113 
110 111 114 
111 115 114 
111 112 115 
112 116 115 
112 113 116 
114 115 117 
115 118 117 
115 116 118 
117 118 119 
120 121 125 
121 126 125 
121 122 126 
122 127 126 
122 123 127 
123 128 127 
123 124 128 
125 126 129 
126 130 129 
126 127 130 
127 131 130 
127 128 131 
129 130 132 
130 133 132 
130 131 133 
132 133 134 
135 136 140 
136 141 140 
136 137 141 
137 142 141 
137 138 142 
138 143 142 
138 139 143 
140 141 144 
141 145 144 
141 142 145 
142 146 145 
142 143 146 
144 145 147 
145 148 147 
145 146 148 
147 148 149 
150 151 155 
151 156 155 
151 152 156 
152 157 156 
152 153 157 
153 158 157 
153 154 158 
155 156 159 
156 160 159 
156 157 160 
157 161 160 
157 158 161 
159 160 162 
160 163 162 
160 161 163 
162 163 164 
165 166 170 
166 171 170 
166 167 171 
167 172 171 
167 168 172 
168 173 172 
168 169 173 
170 171 174 
171 175 174 
171 172 175 
172 176 175 
172 173 176 
174 175 177 
175 178 177 
175 176 178 
177 178 179 
180 181 185 
181 186 185 
181 182 186 
182 187 186 
182 183 187 
183 188 187 
183 184 188 
185 186 189 
186 190 189 
186 187 190 
187 191 190 
187 188 191 
189 190 192 
190 193 192 
190 191 193 
192 193 194 
195 196 200 
196 201 200 
196 197 201 
197 202 201 
197 198 202 
198 203 202 
198 199 203 
200 201 204 
201 205 204 
201 202 205 
202 206 205 
202 203 206 
204 205 207 
205 208 207 
205 206 208 
207 208 209 
210 211 215 
211 216 215 
211 212 216 
212 217 216 
212 213 217 
213 218 217 
213 214 218 
215 216 219 
216 220 219 
216 217 220 
217 221 220 
217 218 221 
219 220 222 
220 223 222 
220 221 223 
222 223 224 
225 226 230 
226 231 230 
226 227 231 
227 232 231 
227 228 232 
228 233 232 
228 229 233 
230 231 234 
231 235 234 
231 232 235 
232 236 235 
232 233 236 
234 235 237 
235 238 237 
235 236 238 
237 238 239 
240 241 245 
241 246 245 
241 242 246 
242 247 246 
242 243 247 
243 248 247 
243 244 248 
245 246 249 
246 250 249 
246 247 250 
247 251 250 
247 248 251 
249 250 252 
250 253 252 
250 251 253 
252 253 254 
255 256 260 
256 261 260 
256 257 261 
257 262 261 
257 258 262 
258 263 262 
258 259 263 
260 261 264 
261 265 264 
261 262 265 
262 266 265 
262 263 266 
264 265 267 
265 268 267 
265 266 268 
267 268 269 
270 271 275 
271 276 275 
271 272 276 
272 277 276 
272 273 277 
273 278 277 
273 274 278 
275 276 279 
276 280 279 
276 277 280 
277 281 280 
277 278 281 
279 280 282 
280 283 282 
280 281 283 
282 283 284 
285 286 290 
286 291 290 
286 287 291 
287 292 291 
287 288 292 
288 293 292 
288 289 293 
290 291 294 
291 295 294 
291 292 295 
292 296 295 
292 293 296 
294 295 297 
295 298 297 
295 296 298 
297 298 299 
300 301 305 
301 306 305 
301 302 306 
302 307 306 
302 303 307 
303 308 307 
303 304 308 
305 306 309 
306 310 309 
306 307 310 
307 311 310 
307 308 311 
309 310 312 
310 313 312 
310 311 313 
312 313 314 
315 316 320 
316 321 320 
316 317 321 
317 322 321 
317 318 322 
318 323 322 
318 319 323 
320 321 324 
321 325 324 
321 322 325 
322 326 325 
322 323 326 
324 325 327 
325 328 327 
325 326 328 
327 328 329 
330 331 335 
331 336 335 
331 332 336 
332 337 336 
332 333 337 
333 338 337 
333 334 338 
335 336 339 
336 340 339 
336 337 340 
337 341 340 
337 338 341 
339 340 342 
340 343 342 
340 341 343 
342 343 344 
345 346 350 
346 351 350 
346 347 351 
347 352 351 
347 348 352 
348 353 352 
348 349 353 
350 351 354 
351 355 354 
351 352 355 
352 356 355 
352 353 356 
354 355 357 
355 358 357 
355 356 358 
357 358 359 
360 361 365 
361 366 365 
361 362 366 
362 367 366 
362 363 367 
363 368 367 
363 364 368 
365 366 369 
366 370 369 
366 367 370 
367 371 370 
367 368 371 
369 370 372 
370 373 372 
370 371 373 
372 373 374 
375 376 380 
376 381 380 
376 377 381 
377 382 381 
377 378 382 
378 383 382 
378 379 383 
380 381 384 
381 385 384 
381 382 385 
382 386 385 
382 383 386 
384 385 387 
385 388 387 
385 386 388 
387 388 389 
390 391 395 
391 396 395 
391 392 396 
392 397 396 
392 393 397 
393 398 397 
393 394 398 
395 396 399 
396 400 399 
396 397 400 
397 401 400 
397 398 401 
399 400 402 
400 403 402 
400 401 403 
402 403 404 
405 406 410 
406 411 410 
406 407 411 
407 412 411 
407 408 412 
408 413 412 
408 409 413 
410 411 414 
411 415 414 
411 412 415 
412 416 415 
412 413 416 
414 415 417 
415 418 417 
415 416 418 
417 418 419 
420 421 425 
421 426 425 
421 422 426 
422 427 426 
422 423 427 
423 428 427 
423 424 428 
425 426 429 
426 430 429 
426 427 430 
427 431 430 
427 428 431 
429 430 432 
430 433 432 
430 431 433 
432 433 434 
435 436 440 
436 441 440 
436 437 441 
437 442 441 
437 438 442 
438 443 442 
438 439 443 
440 441 444 
441 445 444 
441 442 445 
442 446 445 
442 443 446 
444 445 447 
445 448 447 
445 446 448 
447 448 449 
450 451 455 
451 456 455 
451 452 456 
452 457 456 
452 453 457 
453 458 457 
453 454 458 
455 456 459 
456 460 459 
456 457 460 
457 461 460 
457 458 461 
459 460 462 
460 463 462 
460 461 463 
462 463 464 
465 466 470 
466 471 470 
466 467 471 
467 472 471 
467 468 472 
468 473 472 
468 469 473 
470 471 474 
471 475 474 
471 472 475 
472 476 475 
472 473 476 
474 475 477 
475 478 477 
475 476 478 
477 478 479 
480 481 485 
481 486 485 
481 482 486 
482 487 486 
482 483 487 
483 488 487 
483 484 488 
485 486 489 
486 490 489 
486 487 490 
487 491 490 
487 488 491 
489 490 492 
490 493 492 
490 491 493 
492 493 494 
495 496 500 
496 501 500 
496 497 501 
497 502 501 
497 498 502 
498 503 502 
498 499 503 
500 501 504 
501 505 504 
501 502 505 
502 506 505 
502 503 506 
504 505 507 
505 508 507 
505 506 508 
507 508 509 
510 511 515 
511 516 515 
511 512 516 
512 517 516 
512 513 517 
513 518 517 
513 514 518 
515 516 519 
516 520 519 
516 517 520 
517 521 520 
517 518 521 
519 520 522 
520 523 522 
520 521 523 
522 523 524 
525 526 530 
526 531 530 
526 527 531 
527 532 531 
527 528 532 
528 533 532 
528 529 533 
530 531 534 
531 535 534 
531 532 535 
532 536 535 
532 533 536 
534 535 537 
535 538 537 
535 536 538 
537 538 539 
540 541 545 
541 546 545 
541 542 546 
542 547 546 
542 543 547 
543 548 547 
543 544 548 
545 546 549 
546 550 549 
546 547 550 
547 551 550 
547 548 551 
549 550 552 
550 553 552 
550 551 553 
552 553 554 
555 556 560 
556 561 560 
556 557 561 
557 562 561 
557 558 562 
558 563 562 
558 559 563 
560 561 564 
561 565 564 
561 562 565 
562 566 565 
562 563 566 
564 565 567 
565 568 567 
565 566 568 
567 568 569 
570 571 575 
571 576 575 
571 572 576 
572 577 576 
572 573 577 
573 578 577 
573 574 578 
575 576 579 
576 580 579 
576 577 580 
577 581 580 
577 578 581 
579 580 582 
580 583 582 
580 581 583 
582 583 584 
585 586 590 
586 591 590 
586 587 591 
587 592 591 
587 588 592 
588 593 592 
588 589 593 
590 591 594 
591 595 594 
591 592 595 
592 596 595 
592 593 596 
594 595 597 
595 598 597 
595 596 598 
597 598 599 
600 601 605 
601 606 605 
601 602 606 
602 607 606 
602 603 607 
603 608 607 
603 604 608 
605 606 609 
606 610 609 
606 607 610 
607 611 610 
607 608 611 
609 610 612 
610 613 612 
610 611 613 
612 613 614 
615 616 620 
616 621 620 
616 617 621 
617 622 621 
617 618 622 
618 623 622 
618 619 623 
620 621 624 
621 625 624 
621 622 625 
622 626 625 
622 623 626 
624 625 627 
625 628 627 
625 626 628 
627 628 629 
630 631 635 
631 636 635 
631 632 636 
632 637 636 
632 633 637 
633 638 637 
633 634 638 
635 636 639 
636 640 639 
636 637 640 
637 641 640 
637 638 641 
639 640 642 
640 643 642 
640 641 643 
642 643 644 
645 646 650 
646 651 650 
646 647 651 
647 652 651 
647 648 652 
648 653 652 
648 649 653 
650 651 654 
651 655 654 
651 652 655 
652 656 655 
652 653 656 
654 655 657 
655 658 657 
655 656 658 
657 658 659 
660 661 665 
661 666 665 
661 662 666 
662 667 666 
662 663 667 
663 668 667 
663 664 668 
665 666 669 
666 670 669 
666 667 670 
667 671 670 
667 668 671 
669 670 672 
670 673 672 
670 671 673 
672 673 674 
675 676 680 
676 681 680 
676 677 681 
677 682 681 
677 678 682 
678 683 682 
678 679 683 
680 681 684 
681 685 684 
681 682 685 
682 686 685 
682 683 686 
684 685 687 
685 688 687 
685 686 688 
687 688 689 
690 691 695 
691 696 695 
691 692 696 
692 697 696 
692 693 697 
693 698 697 
693 694 698 
695 696 699 
696 700 699 
696 697 700 
697 701 700 
697 698 701 
699 700 702 
700 703 702 
700 701 703 
702 703 704 
705 706 710 
706 711 710 
706 707 711 
707 712 711 
707 708 712 
708 713 712 
708 709 713 
710 711 714 
711 715 714 
711 712 715 
712 716 715 
712 713 716 
714 715 717 
715 718 717 
715 716 718 
717 718 719 
720 721 725 
721 726 725 
721 722 726 
722 727 726 
722 723 727 
723 728 727 
723 724 728 
725 726 729 
726 730 729 
726 727 730 
727 731 730 
727 728 731 
729 730 732 
730 733 732 
730 731 733 
732 733 734 
735 736 740 
736 741 740 
736 737 741 
737 742 741 
737 738 742 
738 743 742 
738 739 743 
740 741 744 
741 745 744 
741 742 745 
742 746 745 
742 743 746 
744 745 747 
745 748 747 
745 746 748 
747 748 749 
750 751 755 
751 756 755 
751 752 756 
752 757 756 
752 753 757 
753 758 757 
753 754 758 
755 756 759 
756 760 759 
756 757 760 
757 761 760 
757 758 761 
759 760 762 
760 763 762 
760 761 763 
762 763 764 
765 766 770 
766 771 770 
766 767 771 
767 772 771 
767 768 772 
768 773 772 
768 769 773 
770 771 774 
771 775 774 
771 772 775 
772 776 775 
772 773 776 
774 775 777 
775 778 777 
775 776 778 
777 778 779 
780 781 785 
781 786 785 
781 782 786 
782 787 786 
782 783 787 
783 788 787 
783 784 788 
785 786 789 
786 790 789 
786 787 790 
787 791 790 
787 788 791 
789 790 792 
790 793 792 
790 791 793 
792 793 794 
795 796 800 
796 801 800 
796 797 801 
797 802 801 
797 798 802 
798 803 802 
798 799 803 
800 801 804 
801 805 804 
801 802 805 
802 806 805 
802 803 806 
804 805 807 
805 808 807 
805 806 808 
807 808 809 
810 811 815 
811 816 815 
811 812 816 
812 817 816 
812 813 817 
813 818 817 
813 814 818 
815 816 819 
816 820 819 
816 817 820 
817 821 820 
817 818 821 
819 820 822 
820 823 822 
820 821 823 
822 823 824 
825 826 830 
826 831 830 
826 827 831 
827 832 831 
827 828 832 
828 833 832 
828 829 833 
830 831 834 
831 835 834 
831 832 835 
832 836 835 
832 833 836 
834 835 837 
835 838 837 
835 836 838 
837 838 839 
840 841 845 
841 846 845 
841 842 846 
842 847 846 
842 843 847 
843 848 847 
843 844 848 
845 846 849 
846 850 849 
846 847 850 
847 851 850 
847 848 851 
849 850 852 
850 853 852 
850 851 853 
852 853 854 
855 856 860 
856 861 860 
856 857 861 
857 862 861 
857 858 862 
858 863 862 
858 859 863 
860 861 864 
861 865 864 
861 862 865 
862 866 865 
862 863 866 
864 865 867 
865 868 867 
865 866 868 
867 868 869 
870 871 875 
871 876 875 
871 872 876 
872 877 876 
872 873 877 
873 878 877 
873 874 878 
875 876 879 
876 880 879 
876 877 880 
877 881 880 
877 878 881 
879 880 882 
880 883 882 
880 881 883 
882 883 884 
885 886 890 
886 891 890 
886 887 891 
887 892 891 
887 888 892 
888 893 892 
888 889 893 
890 891 894 
891 895 894 
891 892 895 
892 896 895 
892 893 896 
894 895 897 
895 898 897 
895 896 898 
897 898 899 
900 901 905 
901 906 905 
901 902 906 
902 907 906 
902 903 907 
903 908 907 
903 904 908 
905 906 909 
906 910 909 
906 907 910 
907 911 910 
907 908 911 
909 910 912 
910 913 912 
910 911 913 
912 913 914 
915 916 920 
916 921 920 
916 917 921 
917 922 921 
917 918 922 
918 923 922 
918 919 923 
920 921 924 
921 925 924 
921 922 925 
922 926 925 
922 923 926 
924 925 927 
925 928 927 
925 926 928 
927 928 929 
930 931 935 
931 936 935 
931 932 936 
932 937 936 
932 933 937 
933 938 937 
933 934 938 
935 936 939 
936 940 939 
936 937 940 
937 941 940 
937 938 941 
939 940 942 
940 943 942 
940 941 943 
942 943 944 
945 946 950 
946 951 950 
946 947 951 
947 952 951 
947 948 952 
948 953 952 
948 949 953 
950 951 954 
951 955 954 
951 952 955 
952 956 955 
952 953 956 
954 955 957 
955 958 957 
955 956 958 
957 958 959 
960 961 965 
961 966 965 
961 962 966 
962 967 966 
962 963 967 
963 968 967 
963 964 968 
965 966 969 
966 970 969 
966 967 970 
967 971 970 
967 968 971 
969 970 972 
970 973 972 
970 971 973 
972 973 974 
975 976 980 
976 981 980 
976 977 981 
977 982 981 
977 978 982 
978 983 982 
978 979 983 
980 981 984 
981 985 984 
981 982 985 
982 986 985 
982 983 986 
984 985 987 
985 988 987 
985 986 988 
987 988 989 
990 991 995 
991 996 995 
991 992 996 
992 997 996 
992 993 997 
993 998 997 
993 994 998 
995 996 999 
996 1000 999 
996 997 1000 
997 1001 1000 
997 998 1001 
999 1000 1002 
1000 1003 1002 
1000 1001 1003 
1002 1003 1004 
1005 1006 1010 
1006 1011 1010 
1006 1007 1011 
1007 1012 1011 
1007 1008 1012 
1008 1013 1012 
1008 1009 1013 
1010 1011 1014 
1011 1015 1014 
1011 1012 1015 
1012 1016 1015 
1012 1013 1016 
1014 1015 1017 
1015 1018 1017 
1015 1016 1018 
1017 1018 1019 
1020 1021 1025 
1021 1026 1025 
1021 1022 1026 
1022 1027 1026 
1022 1023 1027 
1023 1028 1027 
1023 1024 1028 
1025 1026 1029 
1026 1030 1029 
1026 1027 1030 
1027 1031 1030 
1027 1028 1031 
1029 1030 1032 
1030 1033 1032 
1030 1031 1033 
1032 1033 1034 
1035 1036 1040 
1036 1041 1040 
1036 1037 1041 
1037 1042 1041 
1037 1038 1042 
1038 1043 1042 
1038 1039 1043 
1040 1041 1044 
1041 1045 1044 
1041 1042 1045 
1042 1046 1045 
1042 1043 1046 
1044 1045 1047 
1045 1048 1047 
1045 1046 1048 
1047 1048 1049 
1050 1051 1055 
1051 1056 1055 
1051 1052 1056 
1052 1057 1056 
1052 1053 1057 
1053 1058 1057 
1053 1054 1058 
1055 1056 1059 
1056 1060 1059 
1056 1057 1060 
1057 1061 1060 
1057 1058 1061 
1059 1060 1062 
1060 1063 1062 
1060 1061 1063 
1062 1063 1064 
1065 1066 1070 
1066 1071 1070 
1066 1067 1071 
1067 1072 1071 
1067 1068 1072 
1068 1073 1072 
1068 1069 1073 
1070 1071 1074 
1071 1075 1074 
1071 1072 1075 
1072 1076 1075 
1072 1073 1076 
1074 1075 1077 
1075 1078 1077 
1075 1076 1078 
1077 1078 1079 
1080 1081 1085 
1081 1086 1085 
1081 1082 1086 
1082 1087 1086 
1082 1083 1087 
1083 1088 1087 
1083 1084 1088 
1085 1086 1089 
1086 1090 1089 
1086 1087 1090 
1087 1091 1090 
1087 1088 1091 
1089 1090 1092 
1090 1093 1092 
1090 1091 1093 
1092 1093 1094 
1095 1096 1100 
1096 1101 1100 
1096 1097 1101 
1097 1102 1101 
1097 1098 1102 
1098 1103 1102 
1098 1099 1103 
1100 1101 1104 
1101 1105 1104 
1101 1102 1105 
1102 1106 1105 
1102 1103 1106 
1104 1105 1107 
1105 1108 1107 
1105 1106 1108 
1107 1108 1109 
1110 1111 1115 
1111 1116 1115 
1111 1112 1116 
1112 1117 1116 
1112 1113 1117 
1113 1118 1117 
1113 1114 1118 
1115 1116 1119 
1116 1120 1119 
1116 1117 1120 
1117 1121 1120 
1117 1118 1121 
1119 1120 1122 
1120 1123 1122 
1120 1121 1123 
1122 1123 1124 
1125 1126 1130 
1126 1131 1130 
1126 1127 1131 
1127 1132 1131 
1127 1128 1132 
1128 1133 1132 
1128 1129 1133 
1130 1131 1134 
1131 1135 1134 
1131 1132 1135 
1132 1136 1135 
1132 1133 1136 
1134 1135 1137 
1135 1138 1137 
1135 1136 1138 
1137 1138 1139 
1140 1141 1145 
1141 1146 1145 
1141 1142 1146 
1142 1147 1146 
1142 1143 1147 
1143 1148 1147 
1143 1144 1148 
1145 1146 1149 
1146 1150 1149 
1146 1147 1150 
1147 1151 1150 
1147 1148 1151 
1149 1150 1152 
1150 1153 1152 
1150 1151 1153 
1152 1153 1154 
1155 1156 1160 
1156 1161 1160 
1156 1157 1161 
1157 1162 1161 
1157 1158 1162 
1158 1163 1162 
1158 1159 1163 
1160 1161 1164 
1161 1165 1164 
1161 1162 1165 
1162 1166 1165 
1162 1163 1166 
1164 1165 1167 
1165 1168 1167 
1165 1166 1168 
1167 1168 1169 
1170 1171 1175 
1171 1176 1175 
1171 1172 1176 
1172 1177 1176 
1172 1173 1177 
1173 1178 1177 
1173 1174 1178 
1175 1176 1179 
1176 1180 1179 
1176 1177 1180 
1177 1181 1180 
1177 1178 1181 
1179 1180 1182 
1180 1183 1182 
1180 1181 1183 
1182 1183 1184 
1185 1186 1190 
1186 1191 1190 
1186 1187 1191 
1187 1192 1191 
1187 1188 1192 
1188 1193 1192 
1188 1189 1193 
1190 1191 1194 
1191 1195 1194 
1191 1192 1195 
1192 1196 1195 
1192 1193 1196 
1194 1195 1197 
1195 1198 1197 
1195 1196 1198 
1197 1198 1199 
1200 1201 1205 
1201 1206 1205 
1201 1202 1206 
1202 1207 1206 
1202 1203 1207 
1203 1208 1207 
1203 1204 1208 
1205 1206 1209 
1206 1210 1209 
1206 1207 1210 
1207 1211 1210 
1207 1208 1211 
1209 1210 1212 
1210 1213 1212 
1210 1211 1213 
1212 1213 1214 
1215 1216 1220 
1216 1221 1220 
1216 1217 1221 
1217 1222 1221 
1217 1218 1222 
1218 1223 1222 
1218 1219 1223 
1220 1221 1224 
1221 1225 1224 
1221 1222 1225 
1222 1226 1225 
1222 1223 1226 
1224 1225 1227 
1225 1228 1227 
1225 1226 1228 
1227 1228 1229 
1230 1231 1235 
1231 1236 1235 
1231 1232 1236 
1232 1237 1236 
1232 1233 1237 
1233 1238 1237 
1233 1234 1238 
1235 1236 1239 
1236 1240 1239 
1236 1237 1240 
1237 1241 1240 
1237 1238 1241 
1239 1240 1242 
1240 1243 1242 
1240 1241 1243 
1242 1243 1244 
1245 1246 1250 
1246 1251 1250 
1246 1247 1251 
1247 1252 1251 
1247 1248 1252 
1248 1253 1252 
1248 1249 1253 
1250 1251 1254 
1251 1255 1254 
1251 1252 1255 
1252 1256 1255 
1252 1253 1256 
1254 1255 1257 
1255 1258 1257 
1255 1256 1258 
1257 1258 1259 
1260 1261 1265 
1261 1266 1265 
1261 1262 1266 
1262 1267 1266 
1262 1263 1267 
1263 1268 1267 
1263 1264 1268 
1265 1266 1269 
1266 1270 1269 
1266 1267 1270 
1267 1271 1270 
1267 1268 1271 
1269 1270 1272 
1270 1273 1272 
1270 1271 1273 
1272 1273 1274 
1275 1276 1280 
1276 1281 1280 
1276 1277 1281 
1277 1282 1281 
1277 1278 1282 
1278 1283 1282 
1278 1279 1283 
1280 1281 1284 
1281 1285 1284 
1281 1282 1285 
1282 1286 1285 
1282 1283 1286 
1284 1285 1287 
1285 1288 1287 
1285 1286 1288 
1287 1288 1289 
1290 1291 1295 
1291 1296 1295 
1291 1292 1296 
1292 1297 1296 
1292 1293 1297 
1293 1298 1297 
1293 1294 1298 
1295 1296 1299 
1296 1300 1299 
1296 1297 1300 
1297 1301 1300 
1297 1298 1301 
1299 1300 1302 
1300 1303 1302 
1300 1301 1303 
1302 1303 1304 
1305 1306 1310 
1306 1311 1310 
1306 1307 1311 
1307 1312 1311 
1307 1308 1312 
1308 1313 1312 
1308 1309 1313 
1310 1311 1314 
1311 1315 1314 
1311 1312 1315 
1312 1316 1315 
1312 1313 1316 
1314 1315 1317 
1315 1318 1317 
1315 1316 1318 
1317 1318 1319 
1320 1321 1325 
1321 1326 1325 
1321 1322 1326 
1322 1327 1326 
1322 1323 1327 
1323 1328 1327 
1323 1324 1328 
1325 1326 1329 
1326 1330 1329 
1326 1327 1330 
1327 1331 1330 
1327 1328 1331 
1329 1330 1332 
1330 1333 1332 
1330 1331 1333 
1332 1333 1334 
1335 1336 1340 
1336 1341 1340 
1336 1337 1341 
1337 1342 1341 
1337 1338 1342 
1338 1343 1342 
1338 1339 1343 
1340 1341 1344 
1341 1345 1344 
1341 1342 1345 
1342 1346 1345 
1342 1343 1346 
1344 1345 1347 
1345 1348 1347 
1345 1346 1348 
1347 1348 1349 
1350 1351 1355 
1351 1356 1355 
1351 1352 1356 
1352 1357 1356 
1352 1353 1357 
1353 1358 1357 
1353 1354 1358 
1355 1356 1359 
1356 1360 1359 
1356 1357 1360 
1357 1361 1360 
1357 1358 1361 
1359 1360 1362 
1360 1363 1362 
1360 1361 1363 
1362 1363 1364 
1365 1366 1370 
1366 1371 1370 
1366 1367 1371 
1367 1372 1371 
1367 1368 1372 
1368 1373 1372 
1368 1369 1373 
1370 1371 1374 
1371 1375 1374 
1371 1372 1375 
1372 1376 1375 
1372 1373 1376 
1374 1375 1377 
1375 1378 1377 
1375 1376 1378 
1377 1378 1379 
1380 1381 1385 
1381 1386 1385 
1381 1382 1386 
1382 1387 1386 
1382 1383 1387 
1383 1388 1387 
1383 1384 1388 
1385 1386 1389 
1386 1390 1389 
1386 1387 1390 
1387 1391 1390 
1387 1388 1391 
1389 1390 1392 
1390 1393 1392 
1390 1391 1393 
1392 1393 1394 
1395 1396 1400 
1396 1401 1400 
1396 1397 1401 
1397 1402 1401 
1397 1398 1402 
1398 1403 1402 
1398 1399 1403 
1400 1401 1404 
1401 1405 1404 
1401 1402 1405 
1402 1406 1405 
1402 1403 1406 
1404 1405 1407 
1405 1408 1407 
1405 1406 1408 
1407 1408 1409 
1410 1411 1415 
1411 1416 1415 
1411 1412 1416 
1412 1417 1416 
1412 1413 1417 
1413 1418 1417 
1413 1414 1418 
1415 1416 1419 
1416 1420 1419 
1416 1417 1420 
1417 1421 1420 
1417 1418 1421 
1419 1420 1422 
1420 1423 1422 
1420 1421 1423 
1422 1423 1424 
1425 1426 1430 
1426 1431 1430 
1426 1427 1431 
1427 1432 1431 
1427 1428 1432 
1428 1433 1432 
1428 1429 1433 
1430 1431 1434 
1431 1435 1434 
1431 1432 1435 
1432 1436 1435 
1432 1433 1436 
1434 1435 1437 
1435 1438 1437 
1435 1436 1438 
1437 1438 1439 
1440 1441 1445 
1441 1446 1445 
1441 1442 1446 
1442 1447 1446 
1442 1443 1447 
1443 1448 1447 
1443 1444 1448 
1445 1446 1449 
1446 1450 1449 
1446 1447 1450 
1447 1451 1450 
1447 1448 1451 
1449 1450 1452 
1450 1453 1452 
1450 1451 1453 
1452 1453 1454 
1455 1456 1460 
1456 1461 1460 
1456 1457 1461 
1457 1462 1461 
1457 1458 1462 
1458 1463 1462 
1458 1459 1463 
1460 1461 1464 
1461 1465 1464 
1461 1462 1465 
1462 1466 1465 
1462 1463 1466 
1464 1465 1467 
1465 1468 1467 
1465 1466 1468 
1467 1468 1469 
1470 1471 1475 
1471 1476 1475 
1471 1472 1476 
1472 1477 1476 
1472 1473 1477 
1473 1478 1477 
1473 1474 1478 
1475 1476 1479 
1476 1480 1479 
1476 1477 1480 
1477 1481 1480 
1477 1478 1481 
1479 1480 1482 
1480 1483 1482 
1480 1481 1483 
1482 1483 1484 
1485 1486 1490 
1486 1491 1490 
1486 1487 1491 
1487 1492 1491 
1487 1488 1492 
1488 1493 1492 
1488 1489 1493 
1490 1491 1494 
1491 1495 1494 
1491 1492 1495 
1492 1496 1495 
1492 1493 1496 
1494 1495 1497 
1495 1498 1497 
1495 1496 1498 
1497 1498 1499 
1500 1501 1505 
1501 1506 1505 
1501 1502 1506 
1502 1507 1506 
1502 1503 1507 
1503 1508 1507 
1503 1504 1508 
1505 1506 1509 
1506 1510 1509 
1506 1507 1510 
1507 1511 1510 
1507 1508 1511 
1509 1510 1512 
1510 1513 1512 
1510 1511 1513 
1512 1513 1514 
1515 1516 1520 
1516 1521 1520 
1516 1517 1521 
1517 1522 1521 
1517 1518 1522 
1518 1523 1522 
1518 1519 1523 
1520 1521 1524 
1521 1525 1524 
1521 1522 1525 
1522 1526 1525 
1522 1523 1526 
1524 1525 1527 
1525 1528 1527 
1525 1526 1528 
1527 1528 1529 
1530 1531 1535 
1531 1536 1535 
1531 1532 1536 
1532 1537 1536 
1532 1533 1537 
1533 1538 1537 
1533 1534 1538 
1535 1536 1539 
1536 1540 1539 
1536 1537 1540 
1537 1541 1540 
1537 1538 1541 
1539 1540 1542 
1540 1543 1542 
1540 1541 1543 
1542 1543 1544 
1545 1546 1550 
1546 1551 1550 
1546 1547 1551 
1547 1552 1551 
1547 1548 1552 
1548 1553 1552 
1548 1549 1553 
1550 1551 1554 
1551 1555 1554 
1551 1552 1555 
1552 1556 1555 
1552 1553 1556 
1554 1555 1557 
1555 1558 1557 
1555 1556 1558 
1557 1558 1559 
1560 1561 1565 
1561 1566 1565 
1561 1562 1566 
1562 1567 1566 
1562 1563 1567 
1563 1568 1567 
1563 1564 1568 
1565 1566 1569 
1566 1570 1569 
1566 1567 1570 
1567 1571 1570 
1567 1568 1571 
1569 1570 1572 
1570 1573 1572 
1570 1571 1573 
1572 1573 1574 
1575 1576 1580 
1576 1581 1580 
1576 1577 1581 
1577 1582 1581 
1577 1578 1582 
1578 1583 1582 
1578 1579 1583 
1580 1581 1584 
1581 1585 1584 
1581 1582 1585 
1582 1586 1585 
1582 1583 1586 
1584 1585 1587 
1585 1588 1587 
1585 1586 1588 
1587 1588 1589 
1590 1591 1595 
1591 1596 1595 
1591 1592 1596 
1592 1597 1596 
1592 1593 1597 
1593 1598 1597 
1593 1594 1598 
1595 1596 1599 
1596 1600 1599 
1596 1597 1600 
1597 1601 1600 
1597 1598 1601 
1599 1600 1602 
1600 1603 1602 
1600 1601 1603 
1602 1603 1604 
1605 1606 1610 
1606 1611 1610 
1606 1607 1611 
1607 1612 1611 
1607 1608 1612 
1608 1613 1612 
1608 1609 1613 
1610 1611 1614 
1611 1615 1614 
1611 1612 1615 
1612 1616 1615 
1612 1613 1616 
1614 1615 1617 
1615 1618 1617 
1615 1616 1618 
1617 1618 1619 
1620 1621 1625 
1621 1626 1625 
1621 1622 1626 
1622 1627 1626 
1622 1623 1627 
1623 1628 1627 
1623 1624 1628 
1625 1626 1629 
1626 1630 1629 
1626 1627 1630 
1627 1631 1630 
1627 1628 1631 
1629 1630 1632 
1630 1633 1632 
1630 1631 1633 
1632 1633 1634 
1635 1636 1640 
1636 1641 1640 
1636 1637 1641 
1637 1642 1641 
1637 1638 1642 
1638 1643 1642 
1638 1639 1643 
1640 1641 1644 
1641 1645 1644 
1641 1642 1645 
1642 1646 1645 
1642 1643 1646 
1644 1645 1647 
1645 1648 1647 
1645 1646 1648 
1647 1648 1649 
1650 1651 1655 
1651 1656 1655 
1651 1652 1656 
1652 1657 1656 
1652 1653 1657 
1653 1658 1657 
1653 1654 1658 
1655 1656 1659 
1656 1660 1659 
1656 1657 1660 
1657 1661 1660 
1657 1658 1661 
1659 1660 1662 
1660 1663 1662 
1660 1661 1663 
1662 1663 1664 
1665 1666 1670 
1666 1671 1670 
1666 1667 1671 
1667 1672 1671 
1667 1668 1672 
1668 1673 1672 
1668 1669 1673 
1670 1671 1674 
1671 1675 1674 
1671 1672 1675 
1672 1676 1675 
1672 1673 1676 
1674 1675 1677 
1675 1678 1677 
1675 1676 1678 
1677 1678 1679 
1680 1681 1685 
1681 1686 1685 
1681 1682 1686 
1682 1687 1686 
1682 1683 1687 
1683 1688 1687 
1683 1684 1688 
1685 1686 1689 
1686 1690 1689 
1686 1687 1690 
1687 1691 1690 
1687 1688 1691 
1689 1690 1692 
1690 1693 1692 
1690 1691 1693 
1692 1693 1694 
1695 1696 1700 
1696 1701 1700 
1696 1697 1701 
1697 1702 1701 
1697 1698 1702 
1698 1703 1702 
1698 1699 1703 
1700 1701 1704 
1701 1705 1704 
1701 1702 1705 
1702 1706 1705 
1702 1703 1706 
1704 1705 1707 
1705 1708 1707 
1705 1706 1708 
1707 1708 1709 
1710 1711 1715 
1711 1716 1715 
1711 1712 1716 
1712 1717 1716 
1712 1713 1717 
1713 1718 1717 
1713 1714 1718 
1715 1716 1719 
1716 1720 1719 
1716 1717 1720 
1717 1721 1720 
1717 1718 1721 
1719 1720 1722 
1720 1723 1722 
1720 1721 1723 
1722 1723 1724 
1725 1726 1730 
1726 1731 1730 
1726 1727 1731 
1727 1732 1731 
1727 1728 1732 
1728 1733 1732 
1728 1729 1733 
1730 1731 1734 
1731 1735 1734 
1731 1732 1735 
1732 1736 1735 
1732 1733 1736 
1734 1735 1737 
1735 1738 1737 
1735 1736 1738 
1737 1738 1739 
1740 1741 1745 
1741 1746 1745 
1741 1742 1746 
1742 1747 1746 
1742 1743 1747 
1743 1748 1747 
1743 1744 1748 
1745 1746 1749 
1746 1750 1749 
1746 1747 1750 
1747 1751 1750 
1747 1748 1751 
1749 1750 1752 
1750 1753 1752 
1750 1751 1753 
1752 1753 1754 
1755 1756 1760 
1756 1761 1760 
1756 1757 1761 
1757 1762 1761 
1757 1758 1762 
1758 1763 1762 
1758 1759 1763 
1760 1761 1764 
1761 1765 1764 
1761 1762 1765 
1762 1766 1765 
1762 1763 1766 
1764 1765 1767 
1765 1768 1767 
1765 1766 1768 
1767 1768 1769 
1770 1771 1775 
1771 1776 1775 
1771 1772 1776 
1772 1777 1776 
1772 1773 1777 
1773 1778 1777 
1773 1774 1778 
1775 1776 1779 
1776 1780 1779 
1776 1777 1780 
1777 1781 1780 
1777 1778 1781 
1779 1780 1782 
1780 1783 1782 
1780 1781 1783 
1782 1783 1784 
1785 1786 1790 
1786 1791 1790 
1786 1787 1791 
1787 1792 1791 
1787 1788 1792 
1788 1793 1792 
1788 1789 1793 
1790 1791 1794 
1791 1795 1794 
1791 1792 1795 
1792 1796 1795 
1792 1793 1796 
1794 1795 1797 
1795 1798 1797 
1795 1796 1798 
1797 1798 1799 
1800 1801 1805 
1801 1806 1805 
1801 1802 1806 
1802 1807 1806 
1802 1803 1807 
1803 1808 1807 
1803 1804 1808 
1805 1806 1809 
1806 1810 1809 
1806 1807 1810 
1807 1811 1810 
1807 1808 1811 
1809 1810 1812 
1810 1813 1812 
1810 1811 1813 
1812 1813 1814 
1815 1816 1820 
1816 1821 1820 
1816 1817 1821 
1817 1822 1821 
1817 1818 1822 
1818 1823 1822 
1818 1819 1823 
1820 1821 1824 
1821 1825 1824 
1821 1822 1825 
1822 1826 1825 
1822 1823 1826 
1824 1825 1827 
1825 1828 1827 
1825 1826 1828 
1827 1828 1829 
1830 1831 1835 
1831 1836 1835 
1831 1832 1836 
1832 1837 1836 
1832 1833 1837 
1833 1838 1837 
1833 1834 1838 
1835 1836 1839 
1836 1840 1839 
1836 1837 1840 
1837 1841 1840 
1837 1838 1841 
1839 1840 1842 
1840 1843 1842 
1840 1841 1843 
1842 1843 1844 
1845 1846 1850 
1846 1851 1850 
1846 1847 1851 
1847 1852 1851 
1847 1848 1852 
1848 1853 1852 
1848 1849 1853 
1850 1851 1854 
1851 1855 1854 
1851 1852 1855 
1852 1856 1855 
1852 1853 1856 
1854 1855 1857 
1855 1858 1857 
1855 1856 1858 
1857 1858 1859 
1860 1861 1865 
1861 1866 1865 
1861 1862 1866 
1862 1867 1866 
1862 1863 1867 
1863 1868 1867 
1863 1864 1868 
1865 1866 1869 
1866 1870 1869 
1866 1867 1870 
1867 1871 1870 
1867 1868 1871 
1869 1870 1872 
1870 1873 1872 
1870 1871 1873 
1872 1873 1874 
1875 1876 1880 
1876 1881 1880 
1876 1877 1881 
1877 1882 1881 
1877 1878 1882 
1878 1883 1882 
1878 1879 1883 
1880 1881 1884 
1881 1885 1884 
1881 1882 1885 
1882 1886 1885 
1882 1883 1886 
1884 1885 1887 
1885 1888 1887 
1885 1886 1888 
1887 1888 1889 
1890 1891 1895 
1891 1896 1895 
1891 1892 1896 
1892 1897 1896 
1892 1893 1897 
1893 1898 1897 
1893 1894 1898 
1895 1896 1899 
1896 1900 1899 
1896 1897 1900 
1897 1901 1900 
1897 1898 1901 
1899 1900 1902 
1900 1903 1902 
1900 1901 1903 
1902 1903 1904 
1905 1906 1910 
1906 1911 1910 
1906 1907 1911 
1907 1912 1911 
1907 1908 1912 
1908 1913 1912 
1908 1909 1913 
1910 1911 1914 
1911 1915 1914 
1911 1912 1915 
1912 1916 1915 
1912 1913 1916 
1914 1915 1917 
1915 1918 1917 
1915 1916 1918 
1917 1918 1919 
1920 1921 1925 
1921 1926 1925 
1921 1922 1926 
1922 1927 1926 
1922 1923 1927 
1923 1928 1927 
1923 1924 1928 
1925 1926 1929 
1926 1930 1929 
1926 1927 1930 
1927 1931 1930 
1927 1928 1931 
1929 1930 1932 
1930 1933 1932 
1930 1931 1933 
1932 1933 1934 
1935 1936 1940 
1936 1941 1940 
1936 1937 1941 
1937 1942 1941 
1937 1938 1942 
1938 1943 1942 
1938 1939 1943 
1940 1941 1944 
1941 1945 1944 
1941 1942 1945 
1942 1946 1945 
1942 1943 1946 
1944 1945 1947 
1945 1948 1947 
1945 1946 1948 
1947 1948 1949 
1950 1951 1955 
1951 1956 1955 
1951 1952 1956 
1952 1957 1956 
1952 1953 1957 
1953 1958 1957 
1953 1954 1958 
1955 1956 1959 
1956 1960 1959 
1956 1957 1960 
1957 1961 1960 
1957 1958 1961 
1959 1960 1962 
1960 1963 1962 
1960 1961 1963 
1962 1963 1964 
1965 1966 1970 
1966 1971 1970 
1966 1967 1971 
1967 1972 1971 
1967 1968 1972 
1968 1973 1972 
1968 1969 1973 
1970 1971 1974 
1971 1975 1974 
1971 1972 1975 
1972 1976 1975 
1972 1973 1976 
1974 1975 1977 
1975 1978 1977 
1975 1976 1978 
1977 1978 1979 
1980 1981 1985 
1981 1986 1985 
1981 1982 1986 
1982 1987 1986 
1982 1983 1987 
1983 1988 1987 
1983 1984 1988 
1985 1986 1989 
1986 1990 1989 
1986 1987 1990 
1987 1991 1990 
1987 1988 1991 
1989 1990 1992 
1990 1993 1992 
1990 1991 1993 
1992 1993 1994 
1995 1996 2000 
1996 2001 2000 
1996 1997 2001 
1997 2002 2001 
1997 1998 2002 
1998 2003 2002 
1998 1999 2003 
2000 2001 2004 
2001 2005 2004 
2001 2002 2005 
2002 2006 2005 
2002 2003 2006 
2004 2005 2007 
2005 2008 2007 
2005 2006 2008 
2007 2008 2009 
2010 2011 2015 
2011 2016 2015 
2011 2012 2016 
2012 2017 2016 
2012 2013 2017 
2013 2018 2017 
2013 2014 2018 
2015 2016 2019 
2016 2020 2019 
2016 2017 2020 
2017 2021 2020 
2017 2018 2021 
2019 2020 2022 
2020 2023 2022 
2020 2021 2023 
2022 2023 2024 
2025 2026 2030 
2026 2031 2030 
2026 2027 2031 
2027 2032 2031 
2027 2028 2032 
2028 2033 2032 
2028 2029 2033 
2030 2031 2034 
2031 2035 2034 
2031 2032 2035 
2032 2036 2035 
2032 2033 2036 
2034 2035 2037 
2035 2038 2037 
2035 2036 2038 
2037 2038 2039 
</DataArray>
<DataArray type="Int32" Name="offsets" format="ascii">
3
6
9
12
15
18
21
24
27
30
33
36
39
42
45
48
51
54
57
60
63
66
69
72
75
78
81
84
87
90
93
96
99
102
105
108
111
114
117
120
123
126
129
132
135
138
141
144
147
150
153
156
159
162
165
168
171
174
177
180
183
186
189
192
195
198
201
204
207
210
213
216
219
222
225
228
231
234
237
240
243
246
249
252
255
258
261
264
267
270
273
276
279
282
285
288
291
294
297
300
303
306
309
312
315
318
321
324
327
330
333
336
339
342
345
348
351
354
357
360
363
366
369
372
375
378
381
384
387
390
393
396
399
402
405
408
411
414
417
420
423
426
429
432
435
438
441
444
447
450
453
456
459
462
465
468
471
474
477
480
483
486
489
492
495
498
501
504
507
510
513
516
519
522
525
528
531
534
537
540
543
546
549
552
555
558
561
564
567
570
573
576
579
582
585
588
591
594
597
600
603
606
609
612
615
618
621
624
627
630
633
636
639
642
645
648
651
654
657
660
663
666
669
672
675
678
681
684
687
690
693
696
699
702
705
708
711
714
717
720
723
726
729
732
735
738
741
744
747
750
753
756
759
762
765
768
771
774
777
780
783
786
789
792
795
798
801
804
807
810
813
816
819
822
825
828
831
834
837
840
843
846
849
852
855
858
861
864
867
870
873
876
879
882
885
888
891
894
897
900
903
906
909
912
915
918
921
924
927
930
933
936
939
942
945
948
951
954
957
960
963
966
969
972
975
978
981
984
987
990
993
996
999
1002
1005
1008
1011
1014
1017
1020
1023
1026
1029
1032
1035
1038
1041
1044
1047
1050
1053
1056
1059
1062
1065
1068
1071
1074
1077
1080
1083
1086
1089
1092
1095
1098
1101
1104
1107
1110
1113
1116
1119
1122
1125
1128
1131
1134
1137
1140
1143
1146
1149
1152
1155
1158
1161
1164
1167
1170
1173
1176
1179
1182
1185
1188
1191
1194
1197
1200
1203
1206
1209
1212
1215
1218
1221
1224
1227
1230
1233
1236
1239
1242
1245
1248
1251
1254
1257
1260
1263
1266
1269
1272
1275
1278
1281
1284
1287
1290
1293
1296
1299
1302
1305
1308
1311
1314
1317
1320
1323
1326
1329
1332
1335
1338
1341
1344
1347
1350
1353
1356
1359
1362
1365
1368
1371
1374
1377
1380
1383
1386
1389
1392
1395
1398
1401
1404
1407
1410
1413
1416
1419
1422
1425
1428
1431
1434
1437
1440
1443
1446
1449
1452
1455
1458
1461
1464
1467
1470
1473
1476
1479
1482
1485
1488
1491
1494
1497
1500
1503
1506
1509
1512
1515
1518
1521
1524
1527
1530
1533
1536
1539
1542
1545
1548
1551
1554
1557
1560
1563
1566
1569
1572
1575
1578
1581
1584
1587
1590
1593
1596
1599
1602
1605
1608
1611
1614
1617
1620
1623
1626
1629
1632
1635
1638
1641
1644
1647
1650
1653
1656
1659
1662
1665
1668
1671
1674
1677
1680
1683
1686
1689
1692
1695
1698
1701
1704
1707
1710
1713
1716
1719
1722
1725
1728
1731
1734
1737
1740
1743
1746
1749
1752
1755
1758
1761
1764
1767
1770
1773
1776
1779
1782
1785
1788
1791
1794
1797
1800
1803
1806
1809
1812
1815
1818
1821
1824
1827
1830
1833
1836
1839
1842
1845
1848
1851
1854
1857
1860
1863
1866
1869
1872
1875
1878
1881
1884
1887
1890
1893
1896
1899
1902
1905
1908
1911
1914
1917
1920
1923
1926
1929
1932
1935
1938
1941
1944
1947
1950
1953
1956
1959
1962
1965
1968
1971
1974
1977
1980
1983
1986
1989
1992
1995
1998
2001
2004
2007
2010
2013
2016
2019
2022
2025
2028
2031
2034
2037
2040
2043
2046
2049
2052
2055
2058
2061
2064
2067
2070
2073
2076
2079
2082
2085
2088
2091
2094
2097
2100
2103
2106
2109
2112
2115
2118
2121
2124
2127
2130
2133
2136
2139
2142
2145
2148
2151
2154
2157
2160
2163
2166
2169
2172
2175
2178
2181
2184
2187
2190
2193
2196
2199
2202
2205
2208
2211
2214
2217
2220
2223
2226
2229
2232
2235
2238
2241
2244
2247
2250
2253
2256
2259
2262
2265
2268
2271
2274
2277
2280
2283
2286
2289
2292
2295
2298
2301
2304
2307
2310
2313
2316
2319
2322
2325
2328
2331
2334
2337
2340
2343
2346
2349
2352
2355
2358
2361
2364
2367
2370
2373
2376
2379
2382
2385
2388
2391
2394
2397
2400
2403
2406
2409
2412
2415
2418
2421
2424
2427
2430
2433
2436
2439
2442
2445
2448
2451
2454
2457
2460
2463
2466
2469
2472
2475
2478
2481
2484
2487
2490
2493
2496
2499
2502
2505
2508
2511
2514
2517
2520
2523
2526
2529
2532
2535
2538
2541
2544
2547
2550
2553
2556
2559
2562
2565
2568
2571
2574
2577
2580
2583
2586
2589
2592
2595
2598
2601
2604
2607
2610
2613
2616
2619
2622
2625
2628
2631
2634
2637
2640
2643
2646
2649
2652
2655
2658
2661
2664
2667
2670
2673
2676
2679
2682
2685
2688
2691
2694
2697
2700
2703
2706
2709
2712
2715
2718
2721
2724
2727
2730
2733
2736
2739
2742
2745
2748
2751
2754
2757
2760
2763
2766
2769
2772
2775
2778
2781
2784
2787
2790
2793
2796
2799
2802
2805
2808
2811
2814
2817
2820
2823
2826
2829
2832
2835
2838
2841
2844
2847
2850
2853
2856
2859
2862
2865
2868
2871
2874
2877
2880
2883
2886
2889
2892
2895
2898
2901
2904
2907
2910
2913
2916
2919
2922
2925
2928
2931
2934
2937
2940
2943
2946
2949
2952
2955
2958
2961
2964
2967
2970
2973
2976
2979
2982
2985
2988
2991
2994
2997
3000
3003
3006
3009
3012
3015
3018
3021
3024
3027
3030
3033
3036
3039
3042
3045
3048
3051
3054
3057
3060
3063
3066
3069
3072
3075
3078
3081
3084
3087
3090
3093
3096
3099
3102
3105
3108
3111
3114
3117
3120
3123
3126
3129
3132
3135
3138
3141
3144
3147
3150
3153
3156
3159
3162
3165
3168
3171
3174
3177
3180
3183
3186
3189
3192
3195
3198
3201
3204
3207
3210
3213
3216
3219
3222
3225
3228
3231
3234
3237
3240
3243
3246
3249
3252
3255
3258
3261
3264
3267
3270
3273
3276
3279
3282
3285
3288
3291
3294
3297
3300
3303
3306
3309
3312
3315
3318
3321
3324
3327
3330
3333
3336
3339
3342
3345
3348
3351
3354
3357
3360
3363
3366
3369
3372
3375
3378
3381
3384
3387
3390
3393
3396
3399
3402
3405
3408
3411
3414
3417
3420
3423
3426
3429
3432
3435
3438
3441
3444
3447
3450
3453
3456
3459
3462
3465
3468
3471
3474
3477
3480
3483
3486
3489
3492
3495
3498
3501
3504
3507
3510
3513
3516
3519
3522
3525
3528
3531
3534
3537
3540
3543
3546
3549
3552
3555
3558
3561
3564
3567
3570
3573
3576
3579
3582
3585
3588
3591
3594
3597
3600
3603
3606
3609
3612
3615
3618
3621
3624
3627
3630
3633
3636
3639
3642
3645
3648
3651
3654
3657
3660
3663
3666
3669
3672
3675
3678
3681
3684
3687
3690
3693
3696
3699
3702
3705
3708
3711
3714
3717
3720
3723
3726
3729
3732
3735
3738
3741
3744
3747
3750
3753
3756
3759
3762
3765
3768
3771
3774
3777
3780
3783
3786
3789
3792
3795
3798
3801
3804
3807
3810
3813
3816
3819
3822
3825
3828
3831
3834
3837
3840
3843
3846
3849
3852
3855
3858
3861
3864
3867
3870
3873
3876
3879
3882
3885
3888
3891
3894
3897
3900
3903
3906
3909
3912
3915
3918
3921
3924
3927
3930
3933
3936
3939
3942
3945
3948
3951
3954
3957
3960
3963
3966
3969
3972
3975
3978
3981
3984
3987
3990
3993
3996
3999
4002
4005
4008
4011
4014
4017
4020
4023
4026
4029
4032
4035
4038
4041
4044
4047
4050
4053
4056
4059
4062
4065
4068
4071
4074
4077
4080
4083
4086
4089
4092
4095
4098
4101
4104
4107
4110
4113
4116
4119
4122
4125
4128
4131
4134
4137
4140
4143
4146
4149
4152
4155
4158
4161
4164
4167
4170
4173
4176
4179
4182
4185
4188
4191
4194
4197
4200
4203
4206
4209
4212
4215
4218
4221
4224
4227
4230
4233
4236
4239
4242
4245
4248
4251
4254
4257
4260
4263
4266
4269
4272
4275
4278
4281
4284
4287
4290
4293
4296
4299
4302
4305
4308
4311
4314
4317
4320
4323
4326
4329
4332
4335
4338
4341
4344
4347
4350
4353
4356
4359
4362
4365
4368
4371
4374
4377
4380
4383
4386
4389
4392
4395
4398
4401
4404
4407
4410
4413
4416
4419
4422
4425
4428
4431
4434
4437
4440
4443
4446
4449
4452
4455
4458
4461
4464
4467
4470
4473
4476
4479
4482
4485
4488
4491
4494
4497
4500
4503
4506
4509
4512
4515
4518
4521
4524
4527
4530
4533
4536
4539
4542
4545
4548
4551
4554
4557
4560
4563
4566
4569
4572
4575
4578
4581
4584
4587
4590
4593
4596
4599
4602
4605
4608
4611
4614
4617
4620
4623
4626
4629
4632
4635
4638
4641
4644
4647
4650
4653
4656
4659
4662
4665
4668
4671
4674
4677
4680
4683
4686
4689
4692
4695
4698
4701
4704
4707
4710
4713
4716
4719
4722
4725
4728
4731
4734
4737
4740
4743
4746
4749
4752
4755
4758
4761
4764
4767
4770
4773
4776
4779
4782
4785
4788
4791
4794
4797
4800
4803
4806
4809
4812
4815
4818
4821
4824
4827
4830
4833
4836
4839
4842
4845
4848
4851
4854
4857
4860
4863
4866
4869
4872
4875
4878
4881
4884
4887
4890
4893
4896
4899
4902
4905
4908
4911
4914
4917
4920
4923
4926
4929
4932
4935
4938
4941
4944
4947
4950
4953
4956
4959
4962
4965
4968
4971
4974
4977
4980
4983
4986
4989
4992
4995
4998
5001
5004
5007
5010
5013
5016
5019
5022
5025
5028
5031
5034
5037
5040
5043
5046
5049
5052
5055
5058
5061
5064
5067
5070
5073
5076
5079
5082
5085
5088
5091
5094
5097
5100
5103
5106
5109
5112
5115
5118
5121
5124
5127
5130
5133
5136
5139
5142
5145
5148
5151
5154
5157
5160
5163
5166
5169
5172
5175
5178
5181
5184
5187
5190
5193
5196
5199
5202
5205
5208
5211
5214
5217
5220
5223
5226
5229
5232
5235
5238
5241
5244
5247
5250
5253
5256
5259
5262
5265
5268
5271
5274
5277
5280
5283
5286
5289
5292
5295
5298
5301
5304
5307
5310
5313
5316
5319
5322
5325
5328
5331
5334
5337
5340
5343
5346
5349
5352
5355
5358
5361
5364
5367
5370
5373
5376
5379
5382
5385
5388
5391
5394
5397
5400
5403
5406
5409
5412
5415
5418
5421
5424
5427
5430
5433
5436
5439
5442
5445
5448
5451
5454
5457
5460
5463
5466
5469
5472
5475
5478
5481
5484
5487
5490
5493
5496
5499
5502
5505
5508
5511
5514
5517
5520
5523
5526
5529
5532
5535
5538
5541
5544
5547
5550
5553
5556
5559
5562
5565
5568
5571
5574
5577
5580
5583
5586
5589
5592
5595
5598
5601
5604
5607
5610
5613
5616
5619
5622
5625
5628
5631
5634
5637
5640
5643
5646
5649
5652
5655
5658
5661
5664
5667
5670
5673
5676
5679
5682
5685
5688
5691
5694
5697
5700
5703
5706
5709
5712
5715
5718
5721
5724
5727
5730
5733
5736
5739
5742
5745
5748
5751
5754
5757
5760
5763
5766
5769
5772
5775
5778
5781
5784
5787
5790
5793
5796
5799
5802
5805
5808
5811
5814
5817
5820
5823
5826
5829
5832
5835
5838
5841
5844
5847
5850
5853
5856
5859
5862
5865
5868
5871
5874
5877
5880
5883
5886
5889
5892
5895
5898
5901
5904
5907
5910
5913
5916
5919
5922
5925
5928
5931
5934
5937
5940
5943
5946
5949
5952
5955
5958
5961
5964
5967
5970
5973
5976
5979
5982
5985
5988
5991
5994
5997
6000
6003
6006
6009
6012
6015
6018
6021
6024
6027
6030
6033
6036
6039
6042
6045
6048
6051
6054
6057
6060
6063
6066
6069
6072
6075
6078
6081
6084
6087
6090
6093
6096
6099
6102
6105
6108
6111
6114
6117
6120
6123
6126
6129
6132
6135
6138
6141
6144
6147
6150
6153
6156
6159
6162
6165
6168
6171
6174
6177
6180
6183
6186
6189
6192
6195
6198
6201
6204
6207
6210
6213
6216
6219
6222
6225
6228
6231
6234
6237
6240
6243
6246
6249
6252
6255
6258
6261
6264
6267
6270
6273
6276
6279
6282
6285
6288
6291
6294
6297
6300
6303
6306
6309
6312
6315
6318
6321
6324
6327
6330
6333
6336
6339
6342
6345
6348
6351
6354
6357
6360
6363
6366
6369
6372
6375
6378
6381
6384
6387
6390
6393
6396
6399
6402
6405
6408
6411
6414
6417
6420
6423
6426
6429
6432
6435
6438
6441
6444
6447
6450
6453
6456
6459
6462
6465
6468
6471
6474
6477
6480
6483
6486
6489
6492
6495
6498
6501
6504
6507
6510
6513
6516
6519
6522
6525
6528
</DataArray>
<DataArray type="UInt8" Name="types" format="ascii">
5
5
5
5
5
5
5
5
5
5
5
5
5
5
5
5
5
5
5
5
5
5
5
5
5
5
5
5
5
5
5
5
5
5
5
5
5
5
5
5
5
5
5
5
5
5
5
5
5
5
5
5
5
5
5
5
5
5
5
5
5
5
5
5
5
5
5
5
5
5
5
5
5
5
5
5
5
5
5
5
5
5
5
5
5
5
5
5
5
5
5
5
5
5
5
5
5
5
5
5
5
5
5
5
5
5
5
5
5
5
5
5
5
5
5
5
5
5
5
5
5
5
5
5
5
5
5
5
5
5
5
5
5
5
5
5
5
5
5
5
5
5
5
5
5
5
5
5
5
5
5
5
5
5
5
5
5
5
5
5
5
5
5
5
5
5
5
5
5
5
5
5
5
5
5
5
5
5
5
5
5
5
5
5
5
5
5
5
5
5
5
5
5
5
5
5
5
5
5
5
5
5
5
5
5
5
5
5
5
5
5
5
5
5
5
5
5
5
5
5
5
5
5
5
5
5
5
5
5
5
5
5
5
5
5
5
5
5
5
5
5
5
5
5
5
5
5
5
5
5
5
5
5
5
5
5
5
5
5
5
5
5
5
5
5
5
5
5
5
5
5
5
5
5
5
5
5
5
5
5
5
5
5
5
5
5
5
5
5
5
5
5
5
5
5
5
5
5
5
5
5
5
5
5
5
5
5
5
5
5
5
5
5
5
5
5
5
5
5
5
5
5
5
5
5
5
5
5
5
5
5
5
5
5
5
5
5
5
5
5
5
5
5
5
5
5
5
5
5
5
5
5
5
5
5
5
5
5
5
5
5
5
5
5
5
5
5
5
5
5
5
5
5
5
5
5
5
5
5
5
5
5
5
5
5
5
5
5
5
5
5
5
5
5
5
5
5
5
5
5
5
5
5
5
5
5
5
5
5
5
5
5
5
5
5
5
5
5
5
5
5
5
5
5
5
5
5
5
5
5
5
5
5
5
5
5
5
5
5
5
5
5
5
5
5
5
5
5
5
5
5
5
5
5
5
5
5
5
5
5
5
5
5
5
5
5
5
5
5
5
5
5
5
5
5
5
5
5
5
5
5
5
5
5
5
5
5
5
5
5
5
5
5
5
5
5
5
5
5
5
5
5
5
5
5
5
5
5
5
5
5
5
5
5
5
5
5
5
5
5
5
5
5
5
5
5
5
5
5
5
5
5
5
5
5
5
5
5
5
5
5
5
5
5
5
5
5
5
5
5
5
5
5
5
5
5
5
5
5
5
5
5
5
5
5
5
5
5
5
5
5
5
5
5
5
5
5
5
5
5
5
5
5
5
5
5
5
5
5
5
5
5
5
5
5
5
5
5
5
5
5
5
5
5
5
5
5
5
5
5
5
5
5
5
5
5
5
5
5
5
5
5
5
5
5
5
5
5
5
5
5
5
5
5
5
5
5
5
5
5
5
5
5
5
5
5
5
5
5
5
5
5
5
5
5
5
5
5
5
5
5
5
5
5
5
5
5
5
5
5
5
5
5
5
5
5
5
5
5
5
5
5
5
5
5
5
5
5
5
5
5
5
5
5
5
5
5
5
5
5
5
5
5
5
5
5
5
5
5
5
5
5
5
5
5
5
5
5
5
5
5
5
5
5
5
5
5
5
5
5
5
5
5
5
5
5
5
5
5
5
5
5
5
5
5
5
5
5
5
5
5
5
5
5
5
5
5
5
5
5
5
5
5
5
5
5
5
5
5
5
5
5
5
5
5
5
5
5
5
5
5
5
5
5
5
5
5
5
5
5
5
5
5
5
5
5
5
5
5
5
5
5
5
5
5
5
5
5
5
5
5
5
5
5
5
5
5
5
5
5
5
5
5
5
5
5
5
5
5
5
5
5
5
5
5
5
5
5
5
5
5
5
5
5
5
5
5
5
5
5
5
5
5
5
5
5
5
5
5
5
5
5
5
5
5
5
5
5
5
5
5
5
5
5
5
5
5
5
5
5
5
5
5
5
5
5
5
5
5
5
5
5
5
5
5
5
5
5
5
5
5
5
5
5
5
5
5
5
5
5
5
5
5
5
5
5
5
5
5
5
5
5
5
5
5
5
5
5
5
5
5
5
5
5
5
5
5
5
5
5
5
5
5
5
5
5
5
5
5
5
5
5
5
5
5
5
5
5
5
5
5
5
5
5
5
5
5
5
5
5
5
5
5
5
5
5
5
5
5
5
5
5
5
5
5
5
5
5
5
5
5
5
5
5
5
5
5
5
5
5
5
5
5
5
5
5
5
5
5
5
5
5
5
5
5
5
5
5
5
5
5
5
5
5
5
5
5
5
5
5
5
5
5
5
5
5
5
5
5
5
5
5
5
5
5
5
5
5
5
5
5
5
5
5
5
5
5
5
5
5
5
5
5
5
5
5
5
5
5
5
5
5
5
5
5
5
5
5
5
5
5
5
5
5
5
5
5
5
5
5
5
5
5
5
5
5
5
5
5
5
5
5
5
5
5
5
5
5
5
5
5
5
5
5
5
5
5
5
5
5
5
5
5
5
5
5
5
5
5
5
5
5
5
5
5
5
5
5
5
5
5
5
5
5
5
5
5
5
5
5
5
5
5
5
5
5
5
5
5
5
5
5
5
5
5
5
5
5
5
5
5
5
5
5
5
5
5
5
5
5
5
5
5
5
5
5
5
5
5
5
5
5
5
5
5
5
5
5
5
5
5
5
5
5
5
5
5
5
5
5
5
5
5
5
5
5
5
5
5
5
5
5
5
5
5
5
5
5
5
5
5
5
5
5
5
5
5
5
5
5
5
5
5
5
5
5
5
5
5
5
5
5
5
5
5
5
5
5
5
5
5
5
5
5
5
5
5
5
5
5
5
5
5
5
5
5
5
5
5
5
5
5
5
5
5
5
5
5
5
5
5
5
5
5
5
5
5
5
5
5
5
5
5
5
5
5
5
5
5
5
5
5
5
5
5
5
5
5
5
5
5
5
5
5
5
5
5
5
5
5
5
5
5
5
5
5
5
5
5
5
5
5
5
5
5
5
5
5
5
5
5
5
5
5
5
5
5
5
5
5
5
5
5
5
5
5
5
5
5
5
5
5
5
5
5
5
5
5
5
5
5
5
5
5
5
5
5
5
5
5
5
5
5
5
5
5
5
5
5
5
5
5
5
5
5
5
5
5
5
5
5
5
5
5
5
5
5
5
5
5
5
5
5
5
5
5
5
5
5
5
5
5
5
5
5
5
5
5
5
5
5
5
5
5
5
5
5
5
5
5
5
5
5
5
5
5
5
5
5
5
5
5
5
5
5
5
5
5
5
5
5
5
5
5
5
5
5
5
5
5
5
5
5
5
5
5
5
5
5
5
5
5
5
5
5
5
5
5
5
5
5
5
5
5
5
5
5
5
5
5
5
5
5
5
5
5
5
5
5
5
5
5
5
5
5
5
5
5
5
5
5
5
5
5
5
5
5
5
5
5
5
5
5
5
5
5
5
5
5
5
5
5
5
5
5
5
5
5
5
5
5
5
5
5
5
5
5
5
5
5
5
5
5
5
5
5
5
5
5
5
5
5
5
5
5
5
5
5
5
5
5
5
5
5
5
5
5
5
5
5
5
5
5
5
5
5
5
5
5
5
5
5
5
5
5
5
5
5
5
5
5
5
5
5
5
5
5
5
5
5
5
5
5
5
5
5
5
5
5
5
5
5
5
5
5
5
5
5
5
5
5
5
5
5
5
5
5
5
5
5
5
5
5
5
5
5
5
5
5
5
5
5
5
5
5
5
5
5
5
5
5
5
5
5
5
5
5
5
5
5
5
5
5
5
5
5
5
5
5
5
5
5
5
5
5
5
5
5
5
5
5
5
5
5
5
5
5
5
5
5
5
5
5
5
5
5
5
5
5
5
5
5
5
5
5
5
5
5
5
5
5
5
5
5
5
5
5
5
5
5
5
5
5
5
5
5
5
5
5
5
5
5
5
5
5
5
5
5
5
5
5
5
5
5
5
5
5
5
5
5
5
5
5
5
5
5
5
5
5
5
5
5
5
5
5
5
5
5
5
5
5
5
5
5
5
5
5
5
5
5
5
5
5
5
5
5
5
5
5
5
5
5
5
5
5
5
5
5
5
5
5
5
5
5
5
5
5
5
5
5
5
5
5
5
5
5
5
5
5
5
5
5
5
5
5
5
5
5
5
5
5
5
5
5
5
5
5
5
5
5
5
5
5
5
5
5
5
5
5
5
5
5
5
5
5
5
5
5
5
5
5
5
5
5
5
5
5
5
5
5
5
5
5
5
5
5
5
5
5
5
5
5
5
5
5
5
5
5
5
5
5
5
5
5
5
5
5
5
5
5
5
5
5
5
5
5
5
5
5
5
5
5
5
5
5
5
5
5
5
5
5
5
5
5
5
5
5
5
5
5
5
5
5
5
5
5
5
5
5
5
5
5
5
5
5
5
5
5
5
5
5
5
5
5
5
5
5
5
5
5
5
5
5
5
5
5
5
5
5
5
5
5
5
5
5
5
5
5
5
5
5
5
5
5
5
5
5
5
5
5
5
5
5
5
5
5
5
5
5
5
5
5
5
5
5
5
5
5
5
5
5
5
5
5
5
5
5
5
5
5
5
5
5
5
5
5
5
5
5
5
5
5
5
5
5
5
5
5
5
5
5
5
5
5
5
5
5
5
5
5
5
5
5
5
5
5
5
5
5
5
5
5
5
5
5
5
5
5
5
5
5
5
5
5
5
5
5
5
5
5
5
5
5
5
5
5
5
5
5
5
5
5
5
5
5
5
5
5
5
5
5
5
5
5
5
5
5
5
5
5
5
5
5
5
5
5
5
5
5
5
5
5
5
5
5
5
5
5
5
5
5
5
5
5
5
5
5
5
5
5
5
5
5
5
5
5
</DataArray>
</Cells>
<PointData>
<DataArray type="Float32" Name="V1" format="ascii">
0.000000e+00
0.000000e+00
0.000000e+00
0.000000e+00
0.000000e+00
0.000000e+00
0.000000e+00
0.000000e+00
0.000000e+00
0.000000e+00
0.000000e+00
0.000000e+00
0.000000e+00
0.000000e+00
0.000000e+00
0.000000e+00
0.000000e+00
0.000000e+00
0.000000e+00
0.000000e+00
0.000000e+00
0.000000e+00
0.000000e+00
0.000000e+00
0.000000e+00
0.000000e+00
0.000000e+00
0.000000e+00
0.000000e+00
0.000000e+00
0.000000e+00
0.000000e+00
0.000000e+00
0.000000e+00
0.000000e+00
0.000000e+00
0.000000e+00
0.000000e+00
0.000000e+00
0.000000e+00
0.000000e+00
0.000000e+00
0.000000e+00
0.000000e+00
0.000000e+00
0.000000e+00
0.000000e+00
0.000000e+00
0.000000e+00
0.000000e+00
0.000000e+00
0.000000e+00
0.000000e+00
0.000000e+00
0.000000e+00
0.000000e+00
0.000000e+00
0.000000e+00
0.000000e+00
0.000000e+00
0.000000e+00
0.000000e+00
0.000000e+00
0.000000e+00
0.000000e+00
0.000000e+00
0.000000e+00
0.000000e+00
0.000000e+00
0.000000e+00
0.000000e+00
0.000000e+00
0.000000e+00
0.000000e+00
0.000000e+00
0.000000e+00
0.000000e+00
0.000000e+00
0.000000e+00
0.000000e+00
0.000000e+00
0.000000e+00
0.000000e+00
0.000000e+00
0.000000e+00
0.000000e+00
0.000000e+00
0.000000e+00
0.000000e+00
0.000000e+00
0.000000e+00
0.000000e+00
0.000000e+00
0.000000e+00
0.000000e+00
0.000000e+00
0.000000e+00
0.000000e+00
0.000000e+00
0.000000e+00
0.000000e+00
0.000000e+00
0.000000e+00
0.000000e+00
0.000000e+00
0.000000e+00
0.000000e+00
0.000000e+00
0.000000e+00
0.000000e+00
0.000000e+00
0.000000e+00
0.000000e+00
0.000000e+00
0.000000e+00
0.000000e+00
0.000000e+00
0.000000e+00
0.000000e+00
0.000000e+00
0.000000e+00
0.000000e+00
0.000000e+00
0.000000e+00
0.000000e+00
0.000000e+00
0.000000e+00
0.000000e+00
0.000000e+00
0.000000e+00
0.000000e+00
0.000000e+00
0.000000e+00
0.000000e+00
0.000000e+00
0.000000e+00
0.000000e+00
0.000000e+00
0.000000e+00
0.000000e+00
0.000000e+00
0.000000e+00
0.000000e+00
0.000000e+00
0.000000e+00
0.000000e+00
0.000000e+00
0.000000e+00
0.000000e+00
0.000000e+00
0.000000e+00
0.000000e+00
0.000000e+00
0.000000e+00
0.000000e+00
0.000000e+00
0.000000e+00
0.000000e+00
0.000000e+00
0.000000e+00
0.000000e+00
0.000000e+00
0.000000e+00
0.000000e+00
0.000000e+00
0.000000e+00
0.000000e+00
0.000000e+00
0.000000e+00
0.000000e+00
0.000000e+00
0.000000e+00
0.000000e+00
0.000000e+00
0.000000e+00
0.000000e+00
0.000000e+00
0.000000e+00
0.000000e+00
0.000000e+00
0.000000e+00
0.000000e+00
0.000000e+00
0.000000e+00
0.000000e+00
0.000000e+00
0.000000e+00
0.000000e+00
0.000000e+00
0.000000e+00
0.000000e+00
0.000000e+00
0.000000e+00
0.000000e+00
0.000000e+00
0.000000e+00
0.000000e+00
0.000000e+00
0.000000e+00
0.000000e+00
0.000000e+00
0.000000e+00
0.000000e+00
0.000000e+00
0.000000e+00
0.000000e+00
0.000000e+00
0.000000e+00
0.000000e+00
0.000000e+00
0.000000e+00
0.000000e+00
0.000000e+00
0.000000e+00
0.000000e+00
0.000000e+00
0.000000e+00
0.000000e+00
0.000000e+00
0.000000e+00
0.000000e+00
0.000000e+00
0.000000e+00
0.000000e+00
0.000000e+00
0.000000e+00
0.000000e+00
0.000000e+00
0.000000e+00
0.000000e+00
0.000000e+00
0.000000e+00
0.000000e+00
0.000000e+00
0.000000e+00
0.000000e+00
0.000000e+00
0.000000e+00
0.000000e+00
0.000000e+00
0.000000e+00
0.000000e+00
0.000000e+00
0.000000e+00
0.000000e+00
0.000000e+00
0.000000e+00
0.000000e+00
0.000000e+00
0.000000e+00
0.000000e+00
0.000000e+00
0.000000e+00
0.000000e+00
0.000000e+00
0.000000e+00
0.000000e+00
0.000000e+00
0.000000e+00
0.000000e+00
0.000000e+00
0.000000e+00
0.000000e+00
0.000000e+00
0.000000e+00
0.000000e+00
0.000000e+00
0.000000e+00
0.000000e+00
0.000000e+00
0.000000e+00
0.000000e+00
0.000000e+00
0.000000e+00
0.000000e+00
0.000000e+00
0.000000e+00
0.000000e+00
0.000000e+00
0.000000e+00
0.000000e+00
0.000000e+00
0.000000e+00
0.000000e+00
0.000000e+00
0.000000e+00
0.000000e+00
0.000000e+00
0.000000e+00
0.000000e+00
0.000000e+00
0.000000e+00
0.000000e+00
0.000000e+00
0.000000e+00
0.000000e+00
0.000000e+00
0.000000e+00
0.000000e+00
0.000000e+00
0.000000e+00
0.000000e+00
0.000000e+00
0.000000e+00
0.000000e+00
0.000000e+00
0.000000e+00
0.000000e+00
0.000000e+00
0.000000e+00
0.000000e+00
0.000000e+00
0.000000e+00
0.000000e+00
0.000000e+00
0.000000e+00
0.000000e+00
0.000000e+00
0.000000e+00
0.000000e+00
0.000000e+00
0.000000e+00
0.000000e+00
0.000000e+00
0.000000e+00
0.000000e+00
0.000000e+00
0.000000e+00
0.000000e+00
0.000000e+00
0.000000e+00
0.000000e+00
0.000000e+00
0.000000e+00
0.000000e+00
0.000000e+00
0.000000e+00
0.000000e+00
0.000000e+00
0.000000e+00
0.000000e+00
0.000000e+00
0.000000e+00
0.000000e+00
0.000000e+00
0.000000e+00
0.000000e+00
0.000000e+00
0.000000e+00
0.000000e+00
0.000000e+00
0.000000e+00
0.000000e+00
0.000000e+00
0.000000e+00
0.000000e+00
0.000000e+00
0.000000e+00
0.000000e+00
0.000000e+00
0.000000e+00
0.000000e+00
0.000000e+00
0.000000e+00
0.000000e+00
0.000000e+00
0.000000e+00
0.000000e+00
0.000000e+00
0.000000e+00
0.000000e+00
0.000000e+00
0.000000e+00
0.000000e+00
0.000000e+00
0.000000e+00
0.000000e+00
0.000000e+00
0.000000e+00
0.000000e+00
0.000000e+00
0.000000e+00
0.000000e+00
0.000000e+00
0.000000e+00
0.000000e+00
0.000000e+00
0.000000e+00
0.000000e+00
0.000000e+00
0.000000e+00
0.000000e+00
0.000000e+00
0.000000e+00
0.000000e+00
0.000000e+00
0.000000e+00
0.000000e+00
0.000000e+00
0.000000e+00
0.000000e+00
0.000000e+00
0.000000e+00
0.000000e+00
0.000000e+00
0.000000e+00
0.000000e+00
0.000000e+00
0.000000e+00
0.000000e+00
0.000000e+00
0.000000e+00
0.000000e+00
0.000000e+00
0.000000e+00
0.000000e+00
0.000000e+00
0.000000e+00
0.000000e+00
0.000000e+00
0.000000e+00
0.000000e+00
0.000000e+00
0.000000e+00
0.000000e+00
0.000000e+00
0.000000e+00
0.000000e+00
0.000000e+00
0.000000e+00
0.000000e+00
0.000000e+00
0.000000e+00
0.000000e+00
0.000000e+00
0.000000e+00
0.000000e+00
0.000000e+00
0.000000e+00
0.000000e+00
0.000000e+00
0.000000e+00
0.000000e+00
0.000000e+00
0.000000e+00
0.000000e+00
0.000000e+00
0.000000e+00
0.000000e+00
0.000000e+00
0.000000e+00
0.000000e+00
0.000000e+00
0.000000e+00
0.000000e+00
0.000000e+00
0.000000e+00
0.000000e+00
0.000000e+00
0.000000e+00
0.000000e+00
0.000000e+00
0.000000e+00
0.000000e+00
0.000000e+00
0.000000e+00
0.000000e+00
0.000000e+00
0.000000e+00
0.000000e+00
0.000000e+00
0.000000e+00
0.000000e+00
0.000000e+00
0.000000e+00
0.000000e+00
0.000000e+00
0.000000e+00
0.000000e+00
0.000000e+00
0.000000e+00
0.000000e+00
0.000000e+00
0.000000e+00
0.000000e+00
0.000000e+00
0.000000e+00
0.000000e+00
0.000000e+00
0.000000e+00
0.000000e+00
0.000000e+00
0.000000e+00
0.000000e+00
0.000000e+00
0.000000e+00
0.000000e+00
0.000000e+00
0.000000e+00
0.000000e+00
0.000000e+00
0.000000e+00
0.000000e+00
0.000000e+00
0.000000e+00
0.000000e+00
0.000000e+00
0.000000e+00
0.000000e+00
0.000000e+00
0.000000e+00
0.000000e+00
0.000000e+00
0.000000e+00
0.000000e+00
0.000000e+00
0.000000e+00
0.000000e+00
0.000000e+00
0.000000e+00
0.000000e+00
0.000000e+00
0.000000e+00
0.000000e+00
0.000000e+00
0.000000e+00
0.000000e+00
0.000000e+00
0.000000e+00
0.000000e+00
0.000000e+00
0.000000e+00
0.000000e+00
0.000000e+00
0.000000e+00
0.000000e+00
0.000000e+00
0.000000e+00
0.000000e+00
0.000000e+00
0.000000e+00
0.000000e+00
0.000000e+00
0.000000e+00
0.000000e+00
0.000000e+00
0.000000e+00
0.000000e+00
0.000000e+00
0.000000e+00
0.000000e+00
0.000000e+00
0.000000e+00
0.000000e+00
0.000000e+00
0.000000e+00
0.000000e+00
0.000000e+00
0.000000e+00
0.000000e+00
0.000000e+00
0.000000e+00
0.000000e+00
0.000000e+00
0.000000e+00
0.000000e+00
0.000000e+00
0.000000e+00
0.000000e+00
0.000000e+00
0.000000e+00
0.000000e+00
0.000000e+00
0.000000e+00
0.000000e+00
0.000000e+00
0.000000e+00
0.000000e+00
0.000000e+00
0.000000e+00
0.000000e+00
0.000000e+00
0.000000e+00
0.000000e+00
0.000000e+00
0.000000e+00
0.000000e+00
0.000000e+00
0.000000e+00
0.000000e+00
0.000000e+00
0.000000e+00
0.000000e+00
0.000000e+00
0.000000e+00
0.000000e+00
0.000000e+00
0.000000e+00
0.000000e+00
0.000000e+00
0.000000e+00
0.000000e+00
0.000000e+00
0.000000e+00
0.000000e+00
0.000000e+00
0.000000e+00
0.000000e+00
0.000000e+00
0.000000e+00
0.000000e+00
0.000000e+00
0.000000e+00
0.000000e+00
0.000000e+00
0.000000e+00
0.000000e+00
0.000000e+00
0.000000e+00
0.000000e+00
0.000000e+00
0.000000e+00
0.000000e+00
0.000000e+00
0.000000e+00
0.000000e+00
0.000000e+00
0.000000e+00
0.000000e+00
0.000000e+00
0.000000e+00
0.000000e+00
0.000000e+00
0.000000e+00
0.000000e+00
0.000000e+00
0.000000e+00
0.000000e+00
0.000000e+00
0.000000e+00
0.000000e+00
0.000000e+00
0.000000e+00
0.000000e+00
0.000000e+00
0.000000e+00
0.000000e+00
0.000000e+00
0.000000e+00
0.000000e+00
0.000000e+00
0.000000e+00
0.000000e+00
0.000000e+00
0.000000e+00
0.000000e+00
0.000000e+00
0.000000e+00
0.000000e+00
0.000000e+00
0.000000e+00
0.000000e+00
0.000000e+00
0.000000e+00
0.000000e+00
0.000000e+00
0.000000e+00
0.000000e+00
0.000000e+00
0.000000e+00
0.000000e+00
0.000000e+00
0.000000e+00
0.000000e+00
0.000000e+00
0.000000e+00
0.000000e+00
0.000000e+00
0.000000e+00
0.000000e+00
0.000000e+00
0.000000e+00
0.000000e+00
0.000000e+00
0.000000e+00
0.000000e+00
0.000000e+00
0.000000e+00
0.000000e+00
0.000000e+00
0.000000e+00
0.000000e+00
0.000000e+00
0.000000e+00
0.000000e+00
0.000000e+00
0.000000e+00
0.000000e+00
0.000000e+00
0.000000e+00
0.000000e+00
0.000000e+00
0.000000e+00
0.000000e+00
0.000000e+00
0.000000e+00
0.000000e+00
0.000000e+00
0.000000e+00
0.000000e+00
0.000000e+00
0.000000e+00
0.000000e+00
0.000000e+00
0.000000e+00
0.000000e+00
0.000000e+00
0.000000e+00
0.000000e+00
0.000000e+00
0.000000e+00
0.000000e+00
0.000000e+00
0.000000e+00
0.000000e+00
0.000000e+00
0.000000e+00
0.000000e+00
0.000000e+00
0.000000e+00
0.000000e+00
0.000000e+00
0.000000e+00
0.000000e+00
0.000000e+00
0.000000e+00
0.000000e+00
0.000000e+00
0.000000e+00
0.000000e+00
0.000000e+00
0.000000e+00
0.000000e+00
0.000000e+00
0.000000e+00
0.000000e+00
0.000000e+00
0.000000e+00
0.000000e+00
0.000000e+00
0.000000e+00
0.000000e+00
0.000000e+00
0.000000e+00
0.000000e+00
0.000000e+00
0.000000e+00
0.000000e+00
0.000000e+00
0.000000e+00
0.000000e+00
0.000000e+00
0.000000e+00
0.000000e+00
0.000000e+00
0.000000e+00
0.000000e+00
0.000000e+00
0.000000e+00
0.000000e+00
0.000000e+00
0.000000e+00
0.000000e+00
0.000000e+00
0.000000e+00
0.000000e+00
0.000000e+00
0.000000e+00
0.000000e+00
0.000000e+00
0.000000e+00
0.000000e+00
0.000000e+00
0.000000e+00
0.000000e+00
0.000000e+00
0.000000e+00
0.000000e+00
0.000000e+00
0.000000e+00
0.000000e+00
0.000000e+00
0.000000e+00
0.000000e+00
0.000000e+00
0.000000e+00
0.000000e+00
0.000000e+00
0.000000e+00
0.000000e+00
0.000000e+00
0.000000e+00
0.000000e+00
0.000000e+00
0.000000e+00
0.000000e+00
0.000000e+00
0.000000e+00
0.000000e+00
0.000000e+00
0.000000e+00
0.000000e+00
0.000000e+00
0.000000e+00
0.000000e+00
0.000000e+00
0.000000e+00
0.000000e+00
0.000000e+00
0.000000e+00
0.000000e+00
0.000000e+00
0.000000e+00
0.000000e+00
0.000000e+00
0.000000e+00
0.000000e+00
0.000000e+00
0.000000e+00
0.000000e+00
0.000000e+00
0.000000e+00
0.000000e+00
0.000000e+00
0.000000e+00
0.000000e+00
0.000000e+00
0.000000e+00
0.000000e+00
0.000000e+00
0.000000e+00
0.000000e+00
0.000000e+00
0.000000e+00
0.000000e+00
0.000000e+00
0.000000e+00
0.000000e+00
0.000000e+00
0.000000e+00
0.000000e+00
0.000000e+00
0.000000e+00
0.000000e+00
0.000000e+00
0.000000e+00
0.000000e+00
0.000000e+00
0.000000e+00
0.000000e+00
0.000000e+00
0.000000e+00
0.000000e+00
0.000000e+00
0.000000e+00
0.000000e+00
0.000000e+00
0.000000e+00
0.000000e+00
0.000000e+00
0.000000e+00
0.000000e+00
0.000000e+00
0.000000e+00
0.000000e+00
0.000000e+00
0.000000e+00
0.000000e+00
0.000000e+00
0.000000e+00
0.000000e+00
0.000000e+00
0.000000e+00
0.000000e+00
0.000000e+00
0.000000e+00
0.000000e+00
0.000000e+00
0.000000e+00
0.000000e+00
0.000000e+00
0.000000e+00
0.000000e+00
0.000000e+00
0.000000e+00
0.000000e+00
0.000000e+00
0.000000e+00
0.000000e+00
0.000000e+00
0.000000e+00
0.000000e+00
0.000000e+00
0.000000e+00
0.000000e+00
0.000000e+00
0.000000e+00
0.000000e+00
0.000000e+00
0.000000e+00
0.000000e+00
0.000000e+00
0.000000e+00
0.000000e+00
0.000000e+00
0.000000e+00
0.000000e+00
0.000000e+00
0.000000e+00
0.000000e+00
0.000000e+00
0.000000e+00
0.000000e+00
0.000000e+00
0.000000e+00
0.000000e+00
0.000000e+00
0.000000e+00
0.000000e+00
0.000000e+00
0.000000e+00
0.000000e+00
0.000000e+00
0.000000e+00
0.000000e+00
0.000000e+00
0.000000e+00
0.000000e+00
0.000000e+00
0.000000e+00
0.000000e+00
0.000000e+00
0.000000e+00
0.000000e+00
0.000000e+00
0.000000e+00
0.000000e+00
0.000000e+00
0.000000e+00
0.000000e+00
0.000000e+00
0.000000e+00
0.000000e+00
0.000000e+00
0.000000e+00
0.000000e+00
0.000000e+00
0.000000e+00
0.000000e+00
0.000000e+00
0.000000e+00
0.000000e+00
0.000000e+00
0.000000e+00
0.000000e+00
0.000000e+00
0.000000e+00
0.000000e+00
0.000000e+00
0.000000e+00
0.000000e+00
0.000000e+00
0.000000e+00
0.000000e+00
0.000000e+00
0.000000e+00
0.000000e+00
0.000000e+00
0.000000e+00
0.000000e+00
0.000000e+00
0.000000e+00
0.000000e+00
0.000000e+00
0.000000e+00
0.000000e+00
0.000000e+00
0.000000e+00
0.000000e+00
0.000000e+00
0.000000e+00
0.000000e+00
0.000000e+00
0.000000e+00
0.000000e+00
0.000000e+00
0.000000e+00
0.000000e+00
0.000000e+00
0.000000e+00
0.000000e+00
0.000000e+00
0.000000e+00
0.000000e+00
0.000000e+00
0.000000e+00
0.000000e+00
0.000000e+00
0.000000e+00
0.000000e+00
0.000000e+00
0.000000e+00
0.000000e+00
0.000000e+00
0.000000e+00
0.000000e+00
0.000000e+00
0.000000e+00
0.000000e+00
0.000000e+00
0.000000e+00
0.000000e+00
0.000000e+00
0.000000e+00
0.000000e+00
0.000000e+00
0.000000e+00
0.000000e+00
0.000000e+00
0.000000e+00
0.000000e+00
0.000000e+00
0.000000e+00
0.000000e+00
0.000000e+00
0.000000e+00
0.000000e+00
0.000000e+00
0.000000e+00
0.000000e+00
0.000000e+00
0.000000e+00
0.000000e+00
0.000000e+00
0.000000e+00
0.000000e+00
0.000000e+00
0.000000e+00
0.000000e+00
0.000000e+00
0.000000e+00
0.000000e+00
0.000000e+00
0.000000e+00
0.000000e+00
0.000000e+00
0.000000e+00
0.000000e+00
0.000000e+00
0.000000e+00
0.000000e+00
0.000000e+00
0.000000e+00
0.000000e+00
0.000000e+00
0.000000e+00
0.000000e+00
0.000000e+00
0.000000e+00
0.000000e+00
0.000000e+00
0.000000e+00
0.000000e+00
0.000000e+00
0.000000e+00
0.000000e+00
0.000000e+00
0.000000e+00
0.000000e+00
0.000000e+00
0.000000e+00
0.000000e+00
0.000000e+00
0.000000e+00
0.000000e+00
0.000000e+00
0.000000e+00
0.000000e+00
0.000000e+00
0.000000e+00
0.000000e+00
0.000000e+00
0.000000e+00
0.000000e+00
0.000000e+00
0.000000e+00
0.000000e+00
0.000000e+00
0.000000e+00
0.000000e+00
0.000000e+00
0.000000e+00
0.000000e+00
0.000000e+00
0.000000e+00
0.000000e+00
0.000000e+00
0.000000e+00
0.000000e+00
0.000000e+00
0.000000e+00
0.000000e+00
0.000000e+00
0.000000e+00
0.000000e+00
0.000000e+00
0.000000e+00
0.000000e+00
0.000000e+00
0.000000e+00
0.000000e+00
0.000000e+00
0.000000e+00
0.000000e+00
0.000000e+00
0.000000e+00
0.000000e+00
0.000000e+00
0.000000e+00
0.000000e+00
0.000000e+00
0.000000e+00
0.000000e+00
0.000000e+00
0.000000e+00
0.000000e+00
0.000000e+00
0.000000e+00
0.000000e+00
0.000000e+00
0.000000e+00
0.000000e+00
0.000000e+00
0.000000e+00
0.000000e+00
0.000000e+00
0.000000e+00
0.000000e+00
0.000000e+00
0.000000e+00
0.000000e+00
0.000000e+00
0.000000e+00
0.000000e+00
0.000000e+00
0.000000e+00
0.000000e+00
0.000000e+00
0.000000e+00
0.000000e+00
0.000000e+00
0.000000e+00
0.000000e+00
0.000000e+00
0.000000e+00
0.000000e+00
0.000000e+00
0.000000e+00
0.000000e+00
0.000000e+00
0.000000e+00
0.000000e+00
0.000000e+00
0.000000e+00
0.000000e+00
0.000000e+00
0.000000e+00
0.000000e+00
0.000000e+00
0.000000e+00
0.000000e+00
0.000000e+00
0.000000e+00
0.000000e+00
0.000000e+00
0.000000e+00
0.000000e+00
0.000000e+00
0.000000e+00
0.000000e+00
0.000000e+00
0.000000e+00
0.000000e+00
0.000000e+00
0.000000e+00
0.000000e+00
0.000000e+00
0.000000e+00
0.000000e+00
0.000000e+00
0.000000e+00
0.000000e+00
0.000000e+00
0.000000e+00
0.000000e+00
0.000000e+00
0.000000e+00
0.000000e+00
0.000000e+00
0.000000e+00
0.000000e+00
0.000000e+00
0.000000e+00
0.000000e+00
0.000000e+00
0.000000e+00
0.000000e+00
0.000000e+00
0.000000e+00
0.000000e+00
0.000000e+00
0.000000e+00
0.000000e+00
0.000000e+00
0.000000e+00
0.000000e+00
0.000000e+00
0.000000e+00
0.000000e+00
0.000000e+00
0.000000e+00
0.000000e+00
0.000000e+00
0.000000e+00
0.000000e+00
0.000000e+00
0.000000e+00
0.000000e+00
0.000000e+00
0.000000e+00
0.000000e+00
0.000000e+00
0.000000e+00
0.000000e+00
0.000000e+00
0.000000e+00
0.000000e+00
0.000000e+00
0.000000e+00
0.000000e+00
0.000000e+00
0.000000e+00
0.000000e+00
0.000000e+00
0.000000e+00
0.000000e+00
0.000000e+00
0.000000e+00
0.000000e+00
0.000000e+00
0.000000e+00
0.000000e+00
0.000000e+00
0.000000e+00
0.000000e+00
0.000000e+00
0.000000e+00
0.000000e+00
0.000000e+00
0.000000e+00
0.000000e+00
0.000000e+00
0.000000e+00
0.000000e+00
0.000000e+00
0.000000e+00
0.000000e+00
0.000000e+00
0.000000e+00
0.000000e+00
0.000000e+00
0.000000e+00
0.000000e+00
0.000000e+00
0.000000e+00
0.000000e+00
0.000000e+00
0.000000e+00
0.000000e+00
0.000000e+00
0.000000e+00
0.000000e+00
0.000000e+00
0.000000e+00
0.000000e+00
0.000000e+00
0.000000e+00
0.000000e+00
0.000000e+00
0.000000e+00
0.000000e+00
0.000000e+00
0.000000e+00
0.000000e+00
0.000000e+00
0.000000e+00
0.000000e+00
0.000000e+00
0.000000e+00
0.000000e+00
0.000000e+00
0.000000e+00
0.000000e+00
0.000000e+00
0.000000e+00
0.000000e+00
0.000000e+00
0.000000e+00
0.000000e+00
0.000000e+00
0.000000e+00
0.000000e+00
0.000000e+00
0.000000e+00
0.000000e+00
0.000000e+00
0.000000e+00
0.000000e+00
0.000000e+00
0.000000e+00
0.000000e+00
0.000000e+00
0.000000e+00
0.000000e+00
0.000000e+00
0.000000e+00
0.000000e+00
0.000000e+00
0.000000e+00
0.000000e+00
0.000000e+00
0.000000e+00
0.000000e+00
0.000000e+00
0.000000e+00
0.000000e+00
0.000000e+00
0.000000e+00
0.000000e+00
0.000000e+00
0.000000e+00
0.000000e+00
0.000000e+00
0.000000e+00
0.000000e+00
0.000000e+00
0.000000e+00
0.000000e+00
0.000000e+00
0.000000e+00
0.000000e+00
0.000000e+00
0.000000e+00
0.000000e+00
0.000000e+00
0.000000e+00
0.000000e+00
0.000000e+00
0.000000e+00
0.000000e+00
0.000000e+00
0.000000e+00
0.000000e+00
0.000000e+00
0.000000e+00
0.000000e+00
0.000000e+00
0.000000e+00
0.000000e+00
0.000000e+00
0.000000e+00
0.000000e+00
0.000000e+00
0.000000e+00
0.000000e+00
0.000000e+00
0.000000e+00
0.000000e+00
0.000000e+00
0.000000e+00
0.000000e+00
0.000000e+00
0.000000e+00
0.000000e+00
0.000000e+00
0.000000e+00
0.000000e+00
0.000000e+00
0.000000e+00
0.000000e+00
0.000000e+00
0.000000e+00
0.000000e+00
0.000000e+00
0.000000e+00
0.000000e+00
0.000000e+00
0.000000e+00
0.000000e+00
0.000000e+00
0.000000e+00
0.000000e+00
0.000000e+00
0.000000e+00
0.000000e+00
0.000000e+00
0.000000e+00
0.000000e+00
0.000000e+00
0.000000e+00
0.000000e+00
0.000000e+00
0.000000e+00
0.000000e+00
0.000000e+00
0.000000e+00
0.000000e+00
0.000000e+00
0.000000e+00
0.000000e+00
0.000000e+00
0.000000e+00
0.000000e+00
0.000000e+00
0.000000e+00
0.000000e+00
0.000000e+00
0.000000e+00
0.000000e+00
0.000000e+00
0.000000e+00
0.000000e+00
0.000000e+00
0.000000e+00
0.000000e+00
0.000000e+00
0.000000e+00
0.000000e+00
0.000000e+00
0.000000e+00
0.000000e+00
0.000000e+00
0.000000e+00
0.000000e+00
0.000000e+00
0.000000e+00
0.000000e+00
0.000000e+00
0.000000e+00
0.000000e+00
0.000000e+00
0.000000e+00
0.000000e+00
0.000000e+00
0.000000e+00
0.000000e+00
0.000000e+00
0.000000e+00
0.000000e+00
0.000000e+00
0.000000e+00
0.000000e+00
0.000000e+00
0.000000e+00
0.000000e+00
0.000000e+00
0.000000e+00
0.000000e+00
0.000000e+00
0.000000e+00
0.000000e+00
0.000000e+00
0.000000e+00
0.000000e+00
0.000000e+00
0.000000e+00
0.000000e+00
0.000000e+00
0.000000e+00
0.000000e+00
0.000000e+00
0.000000e+00
0.000000e+00
0.000000e+00
0.000000e+00
0.000000e+00
0.000000e+00
0.000000e+00
0.000000e+00
0.000000e+00
0.000000e+00
0.000000e+00
0.000000e+00
0.000000e+00
0.000000e+00
0.000000e+00
0.000000e+00
0.000000e+00
0.000000e+00
0.000000e+00
0.000000e+00
0.000000e+00
0.000000e+00
0.000000e+00
0.000000e+00
0.000000e+00
0.000000e+00
0.000000e+00
0.000000e+00
0.000000e+00
0.000000e+00
0.000000e+00
0.000000e+00
0.000000e+00
0.000000e+00
0.000000e+00
0.000000e+00
0.000000e+00
0.000000e+00
0.000000e+00
0.000000e+00
0.000000e+00
0.000000e+00
0.000000e+00
0.000000e+00
0.000000e+00
0.000000e+00
0.000000e+00
0.000000e+00
0.000000e+00
0.000000e+00
0.000000e+00
0.000000e+00
0.000000e+00
0.000000e+00
0.000000e+00
0.000000e+00
0.000000e+00
0.000000e+00
0.000000e+00
0.000000e+00
0.000000e+00
0.000000e+00
0.000000e+00
0.000000e+00
0.000000e+00
0.000000e+00
0.000000e+00
0.000000e+00
0.000000e+00
0.000000e+00
0.000000e+00
0.000000e+00
0.000000e+00
0.000000e+00
0.000000e+00
0.000000e+00
0.000000e+00
0.000000e+00
0.000000e+00
0.000000e+00
0.000000e+00
0.000000e+00
0.000000e+00
0.000000e+00
0.000000e+00
0.000000e+00
0.000000e+00
0.000000e+00
0.000000e+00
0.000000e+00
0.000000e+00
0.000000e+00
0.000000e+00
0.000000e+00
0.000000e+00
0.000000e+00
0.000000e+00
0.000000e+00
0.000000e+00
0.000000e+00
0.000000e+00
0.000000e+00
0.000000e+00
0.000000e+00
0.000000e+00
0.000000e+00
0.000000e+00
0.000000e+00
0.000000e+00
0.000000e+00
0.000000e+00
0.000000e+00
0.000000e+00
0.000000e+00
0.000000e+00
0.000000e+00
0.000000e+00
0.000000e+00
0.000000e+00
0.000000e+00
0.000000e+00
0.000000e+00
0.000000e+00
0.000000e+00
0.000000e+00
0.000000e+00
0.000000e+00
0.000000e+00
0.000000e+00
0.000000e+00
0.000000e+00
0.000000e+00
0.000000e+00
0.000000e+00
0.000000e+00
0.000000e+00
0.000000e+00
0.000000e+00
0.000000e+00
0.000000e+00
0.000000e+00
0.000000e+00
0.000000e+00
0.000000e+00
0.000000e+00
0.000000e+00
0.000000e+00
0.000000e+00
0.000000e+00
0.000000e+00
0.000000e+00
0.000000e+00
0.000000e+00
0.000000e+00
0.000000e+00
0.000000e+00
0.000000e+00
0.000000e+00
0.000000e+00
0.000000e+00
0.000000e+00
0.000000e+00
0.000000e+00
0.000000e+00
0.000000e+00
0.000000e+00
0.000000e+00
0.000000e+00
0.000000e+00
0.000000e+00
0.000000e+00
0.000000e+00
0.000000e+00
0.000000e+00
0.000000e+00
0.000000e+00
0.000000e+00
0.000000e+00
0.000000e+00
0.000000e+00
0.000000e+00
0.000000e+00
0.000000e+00
0.000000e+00
0.000000e+00
0.000000e+00
0.000000e+00
0.000000e+00
0.000000e+00
0.000000e+00
0.000000e+00
0.000000e+00
0.000000e+00
0.000000e+00
0.000000e+00
0.000000e+00
0.000000e+00
0.000000e+00
0.000000e+00
0.000000e+00
0.000000e+00
0.000000e+00
0.000000e+00
0.000000e+00
0.000000e+00
0.000000e+00
0.000000e+00
0.000000e+00
0.000000e+00
0.000000e+00
0.000000e+00
0.000000e+00
0.000000e+00
0.000000e+00
0.000000e+00
0.000000e+00
0.000000e+00
0.000000e+00
0.000000e+00
0.000000e+00
0.000000e+00
0.000000e+00
0.000000e+00
0.000000e+00
0.000000e+00
0.000000e+00
0.000000e+00
0.000000e+00
0.000000e+00
0.000000e+00
0.000000e+00
0.000000e+00
0.000000e+00
0.000000e+00
0.000000e+00
0.000000e+00
0.000000e+00
0.000000e+00
0.000000e+00
0.000000e+00
0.000000e+00
0.000000e+00
0.000000e+00
0.000000e+00
0.000000e+00
0.000000e+00
0.000000e+00
0.000000e+00
0.000000e+00
0.000000e+00
0.000000e+00
0.000000e+00
0.000000e+00
0.000000e+00
0.000000e+00
0.000000e+00
0.000000e+00
0.000000e+00
0.000000e+00
0.000000e+00
0.000000e+00
0.000000e+00
0.000000e+00
0.000000e+00
0.000000e+00
0.000000e+00
0.000000e+00
0.000000e+00
0.000000e+00
0.000000e+00
0.000000e+00
0.000000e+00
0.000000e+00
0.000000e+00
0.000000e+00
0.000000e+00
0.000000e+00
0.000000e+00
0.000000e+00
0.000000e+00
0.000000e+00
0.000000e+00
0.000000e+00
0.000000e+00
0.000000e+00
0.000000e+00
0.000000e+00
0.000000e+00
0.000000e+00
0.000000e+00
0.000000e+00
0.000000e+00
0.000000e+00
0.000000e+00
0.000000e+00
0.000000e+00
0.000000e+00
0.000000e+00
0.000000e+00
0.000000e+00
0.000000e+00
0.000000e+00
0.000000e+00
0.000000e+00
0.000000e+00
0.000000e+00
0.000000e+00
0.000000e+00
0.000000e+00
0.000000e+00
0.000000e+00
0.000000e+00
0.000000e+00
0.000000e+00
0.000000e+00
0.000000e+00
0.000000e+00
0.000000e+00
0.000000e+00
0.000000e+00
0.000000e+00
0.000000e+00
0.000000e+00
0.000000e+00
0.000000e+00
0.000000e+00
0.000000e+00
0.000000e+00
0.000000e+00
0.000000e+00
0.000000e+00
0.000000e+00
0.000000e+00
0.000000e+00
0.000000e+00
0.000000e+00
0.000000e+00
0.000000e+00
0.000000e+00
0.000000e+00
0.000000e+00
0.000000e+00
0.000000e+00
0.000000e+00
0.000000e+00
0.000000e+00
0.000000e+00
0.000000e+00
0.000000e+00
0.000000e+00
0.000000e+00
0.000000e+00
0.000000e+00
0.000000e+00
0.000000e+00
0.000000e+00
0.000000e+00
0.000000e+00
0.000000e+00
0.000000e+00
0.000000e+00
0.000000e+00
0.000000e+00
0.000000e+00
0.000000e+00
0.000000e+00
0.000000e+00
0.000000e+00
0.000000e+00
0.000000e+00
0.000000e+00
0.000000e+00
0.000000e+00
0.000000e+00
0.000000e+00
0.000000e+00
0.000000e+00
0.000000e+00
0.000000e+00
0.000000e+00
0.000000e+00
0.000000e+00
0.000000e+00
0.000000e+00
0.000000e+00
0.000000e+00
0.000000e+00
0.000000e+00
0.000000e+00
0.000000e+00
0.000000e+00
0.000000e+00
0.000000e+00
0.000000e+00
0.000000e+00
0.000000e+00
0.000000e+00
0.000000e+00
0.000000e+00
0.000000e+00
0.000000e+00
0.000000e+00
0.000000e+00
0.000000e+00
0.000000e+00
0.000000e+00
0.000000e+00
0.000000e+00
0.000000e+00
0.000000e+00
0.000000e+00
0.000000e+00
0.000000e+00
0.000000e+00
0.000000e+00
0.000000e+00
0.000000e+00
0.000000e+00
0.000000e+00
0.000000e+00
0.000000e+00
0.000000e+00
0.000000e+00
0.000000e+00
0.000000e+00
0.000000e+00
0.000000e+00
0.000000e+00
0.000000e+00
0.000000e+00
0.000000e+00
0.000000e+00
0.000000e+00
0.000000e+00
0.000000e+00
0.000000e+00
0.000000e+00
0.000000e+00
0.000000e+00
0.000000e+00
0.000000e+00
0.000000e+00
0.000000e+00
0.000000e+00
0.000000e+00
0.000000e+00
0.000000e+00
0.000000e+00
0.000000e+00
0.000000e+00
0.000000e+00
0.000000e+00
0.000000e+00
0.000000e+00
0.000000e+00
0.000000e+00
0.000000e+00
0.000000e+00
0.000000e+00
0.000000e+00
0.000000e+00
0.000000e+00
0.000000e+00
0.000000e+00
0.000000e+00
0.000000e+00
0.000000e+00
0.000000e+00
0.000000e+00
0.000000e+00
0.000000e+00
0.000000e+00
0.000000e+00
0.000000e+00
0.000000e+00
0.000000e+00
0.000000e+00
0.000000e+00
0.000000e+00
0.000000e+00
0.000000e+00
0.000000e+00
0.000000e+00
0.000000e+00
0.000000e+00
0.000000e+00
0.000000e+00
0.000000e+00
0.000000e+00
0.000000e+00
0.000000e+00
0.000000e+00
0.000000e+00
0.000000e+00
0.000000e+00
0.000000e+00
0.000000e+00
0.000000e+00
0.000000e+00
0.000000e+00
0.000000e+00
0.000000e+00
0.000000e+00
0.000000e+00
0.000000e+00
0.000000e+00
0.000000e+00
0.000000e+00
0.000000e+00
0.000000e+00
0.000000e+00
0.000000e+00
0.000000e+00
0.000000e+00
0.000000e+00
0.000000e+00
0.000000e+00
0.000000e+00
0.000000e+00
0.000000e+00
0.000000e+00
0.000000e+00
0.000000e+00
0.000000e+00
0.000000e+00
0.000000e+00
0.000000e+00
0.000000e+00
0.000000e+00
0.000000e+00
0.000000e+00
0.000000e+00
0.000000e+00
0.000000e+00
0.000000e+00
0.000000e+00
0.000000e+00
0.000000e+00
0.000000e+00
0.000000e+00
0.000000e+00
0.000000e+00
0.000000e+00
0.000000e+00
0.000000e+00
0.000000e+00
0.000000e+00
0.000000e+00
0.000000e+00
</DataArray>
<DataArray type="Float32" Name="V2" format="ascii">
0.000000e+00
0.000000e+00
0.000000e+00
0.000000e+00
0.000000e+00
0.000000e+00
0.000000e+00
0.000000e+00
0.000000e+00
0.000000e+00
0.000000e+00
0.000000e+00
0.000000e+00
0.000000e+00
0.000000e+00
0.000000e+00
0.000000e+00
0.000000e+00
0.000000e+00
0.000000e+00
0.000000e+00
0.000000e+00
0.000000e+00
0.000000e+00
0.000000e+00
0.000000e+00
0.000000e+00
0.000000e+00
0.000000e+00
0.000000e+00
0.000000e+00
0.000000e+00
0.000000e+00
0.000000e+00
0.000000e+00
0.000000e+00
0.000000e+00
0.000000e+00
0.000000e+00
0.000000e+00
0.000000e+00
0.000000e+00
0.000000e+00
0.000000e+00
0.000000e+00
0.000000e+00
0.000000e+00
0.000000e+00
0.000000e+00
0.000000e+00
0.000000e+00
0.000000e+00
0.000000e+00
0.000000e+00
0.000000e+00
0.000000e+00
0.000000e+00
0.000000e+00
0.000000e+00
0.000000e+00
0.000000e+00
0.000000e+00
0.000000e+00
0.000000e+00
0.000000e+00
0.000000e+00
0.000000e+00
0.000000e+00
0.000000e+00
0.000000e+00
0.000000e+00
0.000000e+00
0.000000e+00
0.000000e+00
0.000000e+00
0.000000e+00
0.000000e+00
0.000000e+00
0.000000e+00
0.000000e+00
0.000000e+00
0.000000e+00
0.000000e+00
0.000000e+00
0.000000e+00
0.000000e+00
0.000000e+00
0.000000e+00
0.000000e+00
0.000000e+00
0.000000e+00
0.000000e+00
0.000000e+00
0.000000e+00
0.000000e+00
0.000000e+00
0.000000e+00
0.000000e+00
0.000000e+00
0.000000e+00
0.000000e+00
0.000000e+00
0.000000e+00
0.000000e+00
0.000000e+00
0.000000e+00
0.000000e+00
0.000000e+00
0.000000e+00
0.000000e+00
0.000000e+00
0.000000e+00
0.000000e+00
0.000000e+00
0.000000e+00
0.000000e+00
0.000000e+00
0.000000e+00
0.000000e+00
0.000000e+00
0.000000e+00
0.000000e+00
0.000000e+00
0.000000e+00
0.000000e+00
0.000000e+00
0.000000e+00
0.000000e+00
0.000000e+00
0.000000e+00
0.000000e+00
0.000000e+00
0.000000e+00
0.000000e+00
0.000000e+00
0.000000e+00
0.000000e+00
0.000000e+00
0.000000e+00
0.000000e+00
0.000000e+00
0.000000e+00
0.000000e+00
0.000000e+00
0.000000e+00
0.000000e+00
0.000000e+00
0.000000e+00
0.000000e+00
0.000000e+00
0.000000e+00
0.000000e+00
0.000000e+00
0.000000e+00
0.000000e+00
0.000000e+00
0.000000e+00
0.000000e+00
0.000000e+00
0.000000e+00
0.000000e+00
0.000000e+00
0.000000e+00
0.000000e+00
0.000000e+00
0.000000e+00
0.000000e+00
0.000000e+00
0.000000e+00
0.000000e+00
0.000000e+00
0.000000e+00
0.000000e+00
0.000000e+00
0.000000e+00
0.000000e+00
0.000000e+00
0.000000e+00
0.000000e+00
0.000000e+00
0.000000e+00
0.000000e+00
0.000000e+00
0.000000e+00
0.000000e+00
0.000000e+00
0.000000e+00
0.000000e+00
0.000000e+00
0.000000e+00
0.000000e+00
0.000000e+00
0.000000e+00
0.000000e+00
0.000000e+00
0.000000e+00
0.000000e+00
0.000000e+00
0.000000e+00
0.000000e+00
0.000000e+00
0.000000e+00
0.000000e+00
0.000000e+00
0.000000e+00
0.000000e+00
0.000000e+00
0.000000e+00
0.000000e+00
0.000000e+00
0.000000e+00
0.000000e+00
0.000000e+00
0.000000e+00
0.000000e+00
0.000000e+00
0.000000e+00
0.000000e+00
0.000000e+00
0.000000e+00
0.000000e+00
0.000000e+00
0.000000e+00
0.000000e+00
0.000000e+00
0.000000e+00
0.000000e+00
0.000000e+00
0.000000e+00
0.000000e+00
0.000000e+00
0.000000e+00
0.000000e+00
0.000000e+00
0.000000e+00
0.000000e+00
0.000000e+00
0.000000e+00
0.000000e+00
0.000000e+00
0.000000e+00
0.000000e+00
0.000000e+00
0.000000e+00
0.000000e+00
0.000000e+00
0.000000e+00
0.000000e+00
0.000000e+00
0.000000e+00
0.000000e+00
0.000000e+00
0.000000e+00
0.000000e+00
0.000000e+00
0.000000e+00
0.000000e+00
0.000000e+00
0.000000e+00
0.000000e+00
0.000000e+00
0.000000e+00
0.000000e+00
0.000000e+00
0.000000e+00
0.000000e+00
0.000000e+00
0.000000e+00
0.000000e+00
0.000000e+00
0.000000e+00
0.000000e+00
0.000000e+00
0.000000e+00
0.000000e+00
0.000000e+00
0.000000e+00
0.000000e+00
0.000000e+00
0.000000e+00
0.000000e+00
0.000000e+00
0.000000e+00
0.000000e+00
0.000000e+00
0.000000e+00
0.000000e+00
0.000000e+00
0.000000e+00
0.000000e+00
0.000000e+00
0.000000e+00
0.000000e+00
0.000000e+00
0.000000e+00
0.000000e+00
0.000000e+00
0.000000e+00
0.000000e+00
0.000000e+00
0.000000e+00
0.000000e+00
0.000000e+00
0.000000e+00
0.000000e+00
0.000000e+00
0.000000e+00
0.000000e+00
0.000000e+00
0.000000e+00
0.000000e+00
0.000000e+00
0.000000e+00
0.000000e+00
0.000000e+00
0.000000e+00
0.000000e+00
0.000000e+00
0.000000e+00
0.000000e+00
0.000000e+00
0.000000e+00
0.000000e+00
0.000000e+00
0.000000e+00
0.000000e+00
0.000000e+00
0.000000e+00
0.000000e+00
0.000000e+00
0.000000e+00
0.000000e+00
0.000000e+00
0.000000e+00
0.000000e+00
0.000000e+00
0.000000e+00
0.000000e+00
0.000000e+00
0.000000e+00
0.000000e+00
0.000000e+00
0.000000e+00
0.000000e+00
0.000000e+00
0.000000e+00
0.000000e+00
0.000000e+00
0.000000e+00
0.000000e+00
0.000000e+00
0.000000e+00
0.000000e+00
0.000000e+00
0.000000e+00
0.000000e+00
0.000000e+00
0.000000e+00
0.000000e+00
0.000000e+00
0.000000e+00
0.000000e+00
0.000000e+00
0.000000e+00
0.000000e+00
0.000000e+00
0.000000e+00
0.000000e+00
0.000000e+00
0.000000e+00
0.000000e+00
0.000000e+00
0.000000e+00
0.000000e+00
0.000000e+00
0.000000e+00
0.000000e+00
0.000000e+00
0.000000e+00
0.000000e+00
0.000000e+00
0.000000e+00
0.000000e+00
0.000000e+00
0.000000e+00
0.000000e+00
0.000000e+00
0.000000e+00
0.000000e+00
0.000000e+00
0.000000e+00
0.000000e+00
0.000000e+00
0.000000e+00
0.000000e+00
0.000000e+00
0.000000e+00
0.000000e+00
0.000000e+00
0.000000e+00
0.000000e+00
0.000000e+00
0.000000e+00
0.000000e+00
0.000000e+00
0.000000e+00
0.000000e+00
0.000000e+00
0.000000e+00
0.000000e+00
0.000000e+00
0.000000e+00
0.000000e+00
0.000000e+00
0.000000e+00
0.000000e+00
0.000000e+00
0.000000e+00
0.000000e+00
0.000000e+00
0.000000e+00
0.000000e+00
0.000000e+00
0.000000e+00
0.000000e+00
0.000000e+00
0.000000e+00
0.000000e+00
0.000000e+00
0.000000e+00
0.000000e+00
0.000000e+00
0.000000e+00
0.000000e+00
0.000000e+00
0.000000e+00
0.000000e+00
0.000000e+00
0.000000e+00
0.000000e+00
0.000000e+00
0.000000e+00
0.000000e+00
0.000000e+00
0.000000e+00
0.000000e+00
0.000000e+00
0.000000e+00
0.000000e+00
0.000000e+00
0.000000e+00
0.000000e+00
0.000000e+00
0.000000e+00
0.000000e+00
0.000000e+00
0.000000e+00
0.000000e+00
0.000000e+00
0.000000e+00
0.000000e+00
0.000000e+00
0.000000e+00
0.000000e+00
0.000000e+00
0.000000e+00
0.000000e+00
0.000000e+00
0.000000e+00
0.000000e+00
0.000000e+00
0.000000e+00
0.000000e+00
0.000000e+00
0.000000e+00
0.000000e+00
0.000000e+00
0.000000e+00
0.000000e+00
0.000000e+00
0.000000e+00
0.000000e+00
0.000000e+00
0.000000e+00
0.000000e+00
0.000000e+00
0.000000e+00
0.000000e+00
0.000000e+00
0.000000e+00
0.000000e+00
0.000000e+00
0.000000e+00
0.000000e+00
0.000000e+00
0.000000e+00
0.000000e+00
0.000000e+00
0.000000e+00
0.000000e+00
0.000000e+00
0.000000e+00
0.000000e+00
0.000000e+00
0.000000e+00
0.000000e+00
0.000000e+00
0.000000e+00
0.000000e+00
0.000000e+00
0.000000e+00
0.000000e+00
0.000000e+00
0.000000e+00
0.000000e+00
0.000000e+00
0.000000e+00
0.000000e+00
0.000000e+00
0.000000e+00
0.000000e+00
0.000000e+00
0.000000e+00
0.000000e+00
0.000000e+00
0.000000e+00
0.000000e+00
0.000000e+00
0.000000e+00
0.000000e+00
0.000000e+00
0.000000e+00
0.000000e+00
0.000000e+00
0.000000e+00
0.000000e+00
0.000000e+00
0.000000e+00
0.000000e+00
0.000000e+00
0.000000e+00
0.000000e+00
0.000000e+00
0.000000e+00
0.000000e+00
0.000000e+00
0.000000e+00
0.000000e+00
0.000000e+00
0.000000e+00
0.000000e+00
0.000000e+00
0.000000e+00
0.000000e+00
0.000000e+00
0.000000e+00
0.000000e+00
0.000000e+00
0.000000e+00
0.000000e+00
0.000000e+00
0.000000e+00
0.000000e+00
0.000000e+00
0.000000e+00
0.000000e+00
0.000000e+00
0.000000e+00
0.000000e+00
0.000000e+00
0.000000e+00
0.000000e+00
0.000000e+00
0.000000e+00
0.000000e+00
0.000000e+00
0.000000e+00
0.000000e+00
0.000000e+00
0.000000e+00
0.000000e+00
0.000000e+00
0.000000e+00
0.000000e+00
0.000000e+00
0.000000e+00
0.000000e+00
0.000000e+00
0.000000e+00
0.000000e+00
0.000000e+00
0.000000e+00
0.000000e+00
0.000000e+00
0.000000e+00
0.000000e+00
0.000000e+00
0.000000e+00
0.000000e+00
0.000000e+00
0.000000e+00
0.000000e+00
0.000000e+00
0.000000e+00
0.000000e+00
0.000000e+00
0.000000e+00
0.000000e+00
0.000000e+00
0.000000e+00
0.000000e+00
0.000000e+00
0.000000e+00
0.000000e+00
0.000000e+00
0.000000e+00
0.000000e+00
0.000000e+00
0.000000e+00
0.000000e+00
0.000000e+00
0.000000e+00
0.000000e+00
0.000000e+00
0.000000e+00
0.000000e+00
0.000000e+00
0.000000e+00
0.000000e+00
0.000000e+00
0.000000e+00
0.000000e+00
0.000000e+00
0.000000e+00
0.000000e+00
0.000000e+00
0.000000e+00
0.000000e+00
0.000000e+00
0.000000e+00
0.000000e+00
0.000000e+00
0.000000e+00
0.000000e+00
0.000000e+00
0.000000e+00
0.000000e+00
0.000000e+00
0.000000e+00
0.000000e+00
0.000000e+00
0.000000e+00
0.000000e+00
0.000000e+00
0.000000e+00
0.000000e+00
0.000000e+00
0.000000e+00
0.000000e+00
0.000000e+00
0.000000e+00
0.000000e+00
0.000000e+00
0.000000e+00
0.000000e+00
0.000000e+00
0.000000e+00
0.000000e+00
0.000000e+00
0.000000e+00
0.000000e+00
0.000000e+00
0.000000e+00
0.000000e+00
0.000000e+00
0.000000e+00
0.000000e+00
0.000000e+00
0.000000e+00
0.000000e+00
0.000000e+00
0.000000e+00
0.000000e+00
0.000000e+00
0.000000e+00
0.000000e+00
0.000000e+00
0.000000e+00
0.000000e+00
0.000000e+00
0.000000e+00
0.000000e+00
0.000000e+00
0.000000e+00
0.000000e+00
0.000000e+00
0.000000e+00
0.000000e+00
0.000000e+00
0.000000e+00
0.000000e+00
0.000000e+00
0.000000e+00
0.000000e+00
0.000000e+00
0.000000e+00
0.000000e+00
0.000000e+00
0.000000e+00
0.000000e+00
0.000000e+00
0.000000e+00
0.000000e+00
0.000000e+00
0.000000e+00
0.000000e+00
0.000000e+00
0.000000e+00
0.000000e+00
0.000000e+00
0.000000e+00
0.000000e+00
0.000000e+00
0.000000e+00
0.000000e+00
0.000000e+00
0.000000e+00
0.000000e+00
0.000000e+00
0.000000e+00
0.000000e+00
0.000000e+00
0.000000e+00
0.000000e+00
0.000000e+00
0.000000e+00
0.000000e+00
0.000000e+00
0.000000e+00
0.000000e+00
0.000000e+00
0.000000e+00
0.000000e+00
0.000000e+00
0.000000e+00
0.000000e+00
0.000000e+00
0.000000e+00
0.000000e+00
0.000000e+00
0.000000e+00
0.000000e+00
0.000000e+00
0.000000e+00
0.000000e+00
0.000000e+00
0.000000e+00
0.000000e+00
0.000000e+00
0.000000e+00
0.000000e+00
0.000000e+00
0.000000e+00
0.000000e+00
0.000000e+00
0.000000e+00
0.000000e+00
0.000000e+00
0.000000e+00
0.000000e+00
0.000000e+00
0.000000e+00
0.000000e+00
0.000000e+00
0.000000e+00
0.000000e+00
0.000000e+00
0.000000e+00
0.000000e+00
0.000000e+00
0.000000e+00
0.000000e+00
0.000000e+00
0.000000e+00
0.000000e+00
0.000000e+00
0.000000e+00
0.000000e+00
0.000000e+00
0.000000e+00
0.000000e+00
0.000000e+00
0.000000e+00
0.000000e+00
0.000000e+00
0.000000e+00
0.000000e+00
0.000000e+00
0.000000e+00
0.000000e+00
0.000000e+00
0.000000e+00
0.000000e+00
0.000000e+00
0.000000e+00
0.000000e+00
0.000000e+00
0.000000e+00
0.000000e+00
0.000000e+00
0.000000e+00
0.000000e+00
0.000000e+00
0.000000e+00
0.000000e+00
0.000000e+00
0.000000e+00
0.000000e+00
0.000000e+00
0.000000e+00
0.000000e+00
0.000000e+00
0.000000e+00
0.000000e+00
0.000000e+00
0.000000e+00
0.000000e+00
0.000000e+00
0.000000e+00
0.000000e+00
0.000000e+00
0.000000e+00
0.000000e+00
0.000000e+00
0.000000e+00
0.000000e+00
0.000000e+00
0.000000e+00
0.000000e+00
0.000000e+00
0.000000e+00
0.000000e+00
0.000000e+00
0.000000e+00
0.000000e+00
0.000000e+00
0.000000e+00
0.000000e+00
0.000000e+00
0.000000e+00
0.000000e+00
0.000000e+00
0.000000e+00
0.000000e+00
0.000000e+00
0.000000e+00
0.000000e+00
0.000000e+00
0.000000e+00
0.000000e+00
0.000000e+00
0.000000e+00
0.000000e+00
0.000000e+00
0.000000e+00
0.000000e+00
0.000000e+00
0.000000e+00
0.000000e+00
0.000000e+00
0.000000e+00
0.000000e+00
0.000000e+00
0.000000e+00
0.000000e+00
0.000000e+00
0.000000e+00
0.000000e+00
0.000000e+00
0.000000e+00
0.000000e+00
0.000000e+00
0.000000e+00
0.000000e+00
0.000000e+00
0.000000e+00
0.000000e+00
0.000000e+00
0.000000e+00
0.000000e+00
0.000000e+00
0.000000e+00
0.000000e+00
0.000000e+00
0.000000e+00
0.000000e+00
0.000000e+00
0.000000e+00
0.000000e+00
0.000000e+00
0.000000e+00
0.000000e+00
0.000000e+00
0.000000e+00
0.000000e+00
0.000000e+00
0.000000e+00
0.000000e+00
0.000000e+00
0.000000e+00
0.000000e+00
0.000000e+00
0.000000e+00
0.000000e+00
0.000000e+00
0.000000e+00
0.000000e+00
0.000000e+00
0.000000e+00
0.000000e+00
0.000000e+00
0.000000e+00
0.000000e+00
0.000000e+00
0.000000e+00
0.000000e+00
0.000000e+00
0.000000e+00
0.000000e+00
0.000000e+00
0.000000e+00
0.000000e+00
0.000000e+00
0.000000e+00
0.000000e+00
0.000000e+00
0.000000e+00
0.000000e+00
0.000000e+00
0.000000e+00
0.000000e+00
0.000000e+00
0.000000e+00
0.000000e+00
0.000000e+00
0.000000e+00
0.000000e+00
0.000000e+00
0.000000e+00
0.000000e+00
0.000000e+00
0.000000e+00
0.000000e+00
0.000000e+00
0.000000e+00
0.000000e+00
0.000000e+00
0.000000e+00
0.000000e+00
0.000000e+00
0.000000e+00
0.000000e+00
0.000000e+00
0.000000e+00
0.000000e+00
0.000000e+00
0.000000e+00
0.000000e+00
0.000000e+00
0.000000e+00
0.000000e+00
0.000000e+00
0.000000e+00
0.000000e+00
0.000000e+00
0.000000e+00
0.000000e+00
0.000000e+00
0.000000e+00
0.000000e+00
0.000000e+00
0.000000e+00
0.000000e+00
0.000000e+00
0.000000e+00
0.000000e+00
0.000000e+00
0.000000e+00
0.000000e+00
0.000000e+00
0.000000e+00
0.000000e+00
0.000000e+00
0.000000e+00
0.000000e+00
0.000000e+00
0.000000e+00
0.000000e+00
0.000000e+00
0.000000e+00
0.000000e+00
0.000000e+00
0.000000e+00
0.000000e+00
0.000000e+00
0.000000e+00
0.000000e+00
0.000000e+00
0.000000e+00
0.000000e+00
0.000000e+00
0.000000e+00
0.000000e+00
0.000000e+00
0.000000e+00
0.000000e+00
0.000000e+00
0.000000e+00
0.000000e+00
0.000000e+00
0.000000e+00
0.000000e+00
0.000000e+00
0.000000e+00
0.000000e+00
0.000000e+00
0.000000e+00
0.000000e+00
0.000000e+00
0.000000e+00
0.000000e+00
0.000000e+00
0.000000e+00
0.000000e+00
0.000000e+00
0.000000e+00
0.000000e+00
0.000000e+00
0.000000e+00
0.000000e+00
0.000000e+00
0.000000e+00
0.000000e+00
0.000000e+00
0.000000e+00
0.000000e+00
0.000000e+00
0.000000e+00
0.000000e+00
0.000000e+00
0.000000e+00
0.000000e+00
0.000000e+00
0.000000e+00
0.000000e+00
0.000000e+00
0.000000e+00
0.000000e+00
0.000000e+00
0.000000e+00
0.000000e+00
0.000000e+00
0.000000e+00
0.000000e+00
0.000000e+00
0.000000e+00
0.000000e+00
0.000000e+00
0.000000e+00
0.000000e+00
0.000000e+00
0.000000e+00
0.000000e+00
0.000000e+00
0.000000e+00
0.000000e+00
0.000000e+00
0.000000e+00
0.000000e+00
0.000000e+00
0.000000e+00
0.000000e+00
0.000000e+00
0.000000e+00
0.000000e+00
0.000000e+00
0.000000e+00
0.000000e+00
0.000000e+00
0.000000e+00
0.000000e+00
0.000000e+00
0.000000e+00
0.000000e+00
0.000000e+00
0.000000e+00
0.000000e+00
0.000000e+00
0.000000e+00
0.000000e+00
0.000000e+00
0.000000e+00
0.000000e+00
0.000000e+00
0.000000e+00
0.000000e+00
0.000000e+00
0.000000e+00
0.000000e+00
0.000000e+00
0.000000e+00
0.000000e+00
0.000000e+00
0.000000e+00
0.000000e+00
0.000000e+00
0.000000e+00
0.000000e+00
0.000000e+00
0.000000e+00
0.000000e+00
0.000000e+00
0.000000e+00
0.000000e+00
0.000000e+00
0.000000e+00
0.000000e+00
0.000000e+00
0.000000e+00
0.000000e+00
0.000000e+00
0.000000e+00
0.000000e+00
0.000000e+00
0.000000e+00
0.000000e+00
0.000000e+00
0.000000e+00
0.000000e+00
0.000000e+00
0.000000e+00
0.000000e+00
0.000000e+00
0.000000e+00
0.000000e+00
0.000000e+00
0.000000e+00
0.000000e+00
0.000000e+00
0.000000e+00
0.000000e+00
0.000000e+00
0.000000e+00
0.000000e+00
0.000000e+00
0.000000e+00
0.000000e+00
0.000000e+00
0.000000e+00
0.000000e+00
0.000000e+00
0.000000e+00
0.000000e+00
0.000000e+00
0.000000e+00
0.000000e+00
0.000000e+00
0.000000e+00
0.000000e+00
0.000000e+00
0.000000e+00
0.000000e+00
0.000000e+00
0.000000e+00
0.000000e+00
0.000000e+00
0.000000e+00
0.000000e+00
0.000000e+00
0.000000e+00
0.000000e+00
0.000000e+00
0.000000e+00
0.000000e+00
0.000000e+00
0.000000e+00
0.000000e+00
0.000000e+00
0.000000e+00
0.000000e+00
0.000000e+00
0.000000e+00
0.000000e+00
0.000000e+00
0.000000e+00
0.000000e+00
0.000000e+00
0.000000e+00
0.000000e+00
0.000000e+00
0.000000e+00
0.000000e+00
0.000000e+00
0.000000e+00
0.000000e+00
0.000000e+00
0.000000e+00
0.000000e+00
0.000000e+00
0.000000e+00
0.000000e+00
0.000000e+00
0.000000e+00
0.000000e+00
0.000000e+00
0.000000e+00
0.000000e+00
0.000000e+00
0.000000e+00
0.000000e+00
0.000000e+00
0.000000e+00
0.000000e+00
0.000000e+00
0.000000e+00
0.000000e+00
0.000000e+00
0.000000e+00
0.000000e+00
0.000000e+00
0.000000e+00
0.000000e+00
0.000000e+00
0.000000e+00
0.000000e+00
0.000000e+00
0.000000e+00
0.000000e+00
0.000000e+00
0.000000e+00
0.000000e+00
0.000000e+00
0.000000e+00
0.000000e+00
0.000000e+00
0.000000e+00
0.000000e+00
0.000000e+00
0.000000e+00
0.000000e+00
0.000000e+00
0.000000e+00
0.000000e+00
0.000000e+00
0.000000e+00
0.000000e+00
0.000000e+00
0.000000e+00
0.000000e+00
0.000000e+00
0.000000e+00
0.000000e+00
0.000000e+00
0.000000e+00
0.000000e+00
0.000000e+00
0.000000e+00
0.000000e+00
0.000000e+00
0.000000e+00
0.000000e+00
0.000000e+00
0.000000e+00
0.000000e+00
0.000000e+00
0.000000e+00
0.000000e+00
0.000000e+00
0.000000e+00
0.000000e+00
0.000000e+00
0.000000e+00
0.000000e+00
0.000000e+00
0.000000e+00
0.000000e+00
0.000000e+00
0.000000e+00
0.000000e+00
0.000000e+00
0.000000e+00
0.000000e+00
0.000000e+00
0.000000e+00
0.000000e+00
0.000000e+00
0.000000e+00
0.000000e+00
0.000000e+00
0.000000e+00
0.000000e+00
0.000000e+00
0.000000e+00
0.000000e+00
0.000000e+00
0.000000e+00
0.000000e+00
0.000000e+00
0.000000e+00
0.000000e+00
0.000000e+00
0.000000e+00
0.000000e+00
0.000000e+00
0.000000e+00
0.000000e+00
0.000000e+00
0.000000e+00
0.000000e+00
0.000000e+00
0.000000e+00
0.000000e+00
0.000000e+00
0.000000e+00
0.000000e+00
0.000000e+00
0.000000e+00
0.000000e+00
0.000000e+00
0.000000e+00
0.000000e+00
0.000000e+00
0.000000e+00
0.000000e+00
0.000000e+00
0.000000e+00
0.000000e+00
0.000000e+00
0.000000e+00
0.000000e+00
0.000000e+00
0.000000e+00
0.000000e+00
0.000000e+00
0.000000e+00
0.000000e+00
0.000000e+00
0.000000e+00
0.000000e+00
0.000000e+00
0.000000e+00
0.000000e+00
0.000000e+00
0.000000e+00
0.000000e+00
0.000000e+00
0.000000e+00
0.000000e+00
0.000000e+00
0.000000e+00
0.000000e+00
0.000000e+00
0.000000e+00
0.000000e+00
0.000000e+00
0.000000e+00
0.000000e+00
0.000000e+00
0.000000e+00
0.000000e+00
0.000000e+00
0.000000e+00
0.000000e+00
0.000000e+00
0.000000e+00
0.000000e+00
0.000000e+00
0.000000e+00
0.000000e+00
0.000000e+00
0.000000e+00
0.000000e+00
0.000000e+00
0.000000e+00
0.000000e+00
0.000000e+00
0.000000e+00
0.000000e+00
0.000000e+00
0.000000e+00
0.000000e+00
0.000000e+00
0.000000e+00
0.000000e+00
0.000000e+00
0.000000e+00
0.000000e+00
0.000000e+00
0.000000e+00
0.000000e+00
0.000000e+00
0.000000e+00
0.000000e+00
0.000000e+00
0.000000e+00
0.000000e+00
0.000000e+00
0.000000e+00
0.000000e+00
0.000000e+00
0.000000e+00
0.000000e+00
0.000000e+00
0.000000e+00
0.000000e+00
0.000000e+00
0.000000e+00
0.000000e+00
0.000000e+00
0.000000e+00
0.000000e+00
0.000000e+00
0.000000e+00
0.000000e+00
0.000000e+00
0.000000e+00
0.000000e+00
0.000000e+00
0.000000e+00
0.000000e+00
0.000000e+00
0.000000e+00
0.000000e+00
0.000000e+00
0.000000e+00
0.000000e+00
0.000000e+00
0.000000e+00
0.000000e+00
0.000000e+00
0.000000e+00
0.000000e+00
0.000000e+00
0.000000e+00
0.000000e+00
0.000000e+00
0.000000e+00
0.000000e+00
0.000000e+00
0.000000e+00
0.000000e+00
0.000000e+00
0.000000e+00
0.000000e+00
0.000000e+00
0.000000e+00
0.000000e+00
0.000000e+00
0.000000e+00
0.000000e+00
0.000000e+00
0.000000e+00
0.000000e+00
0.000000e+00
0.000000e+00
0.000000e+00
0.000000e+00
0.000000e+00
0.000000e+00
0.000000e+00
0.000000e+00
0.000000e+00
0.000000e+00
0.000000e+00
0.000000e+00
0.000000e+00
0.000000e+00
0.000000e+00
0.000000e+00
0.000000e+00
0.000000e+00
0.000000e+00
0.000000e+00
0.000000e+00
0.000000e+00
0.000000e+00
0.000000e+00
0.000000e+00
0.000000e+00
0.000000e+00
0.000000e+00
0.000000e+00
0.000000e+00
0.000000e+00
0.000000e+00
0.000000e+00
0.000000e+00
0.000000e+00
0.000000e+00
0.000000e+00
0.000000e+00
0.000000e+00
0.000000e+00
0.000000e+00
0.000000e+00
0.000000e+00
0.000000e+00
0.000000e+00
0.000000e+00
0.000000e+00
0.000000e+00
0.000000e+00
0.000000e+00
0.000000e+00
0.000000e+00
0.000000e+00
0.000000e+00
0.000000e+00
0.000000e+00
0.000000e+00
0.000000e+00
0.000000e+00
0.000000e+00
0.000000e+00
0.000000e+00
0.000000e+00
0.000000e+00
0.000000e+00
0.000000e+00
0.000000e+00
0.000000e+00
0.000000e+00
0.000000e+00
0.000000e+00
0.000000e+00
0.000000e+00
0.000000e+00
0.000000e+00
0.000000e+00
0.000000e+00
0.000000e+00
0.000000e+00
0.000000e+00
0.000000e+00
0.000000e+00
0.000000e+00
0.000000e+00
0.000000e+00
0.000000e+00
0.000000e+00
0.000000e+00
0.000000e+00
0.000000e+00
0.000000e+00
0.000000e+00
0.000000e+00
0.000000e+00
0.000000e+00
0.000000e+00
0.000000e+00
0.000000e+00
0.000000e+00
0.000000e+00
0.000000e+00
0.000000e+00
0.000000e+00
0.000000e+00
0.000000e+00
0.000000e+00
0.000000e+00
0.000000e+00
0.000000e+00
0.000000e+00
0.000000e+00
0.000000e+00
0.000000e+00
0.000000e+00
0.000000e+00
0.000000e+00
0.000000e+00
0.000000e+00
0.000000e+00
0.000000e+00
0.000000e+00
0.000000e+00
0.000000e+00
0.000000e+00
0.000000e+00
0.000000e+00
0.000000e+00
0.000000e+00
0.000000e+00
0.000000e+00
0.000000e+00
0.000000e+00
0.000000e+00
0.000000e+00
0.000000e+00
0.000000e+00
0.000000e+00
0.000000e+00
0.000000e+00
0.000000e+00
0.000000e+00
0.000000e+00
0.000000e+00
0.000000e+00
0.000000e+00
0.000000e+00
0.000000e+00
0.000000e+00
0.000000e+00
0.000000e+00
0.000000e+00
0.000000e+00
0.000000e+00
0.000000e+00
0.000000e+00
0.000000e+00
0.000000e+00
0.000000e+00
0.000000e+00
0.000000e+00
0.000000e+00
0.000000e+00
0.000000e+00
0.000000e+00
0.000000e+00
0.000000e+00
0.000000e+00
0.000000e+00
0.000000e+00
0.000000e+00
0.000000e+00
0.000000e+00
0.000000e+00
0.000000e+00
0.000000e+00
0.000000e+00
0.000000e+00
0.000000e+00
0.000000e+00
0.000000e+00
0.000000e+00
0.000000e+00
0.000000e+00
0.000000e+00
0.000000e+00
0.000000e+00
0.000000e+00
0.000000e+00
0.000000e+00
0.000000e+00
0.000000e+00
0.000000e+00
0.000000e+00
0.000000e+00
0.000000e+00
0.000000e+00
0.000000e+00
0.000000e+00
0.000000e+00
0.000000e+00
0.000000e+00
0.000000e+00
0.000000e+00
0.000000e+00
0.000000e+00
0.000000e+00
0.000000e+00
0.000000e+00
0.000000e+00
0.000000e+00
0.000000e+00
0.000000e+00
0.000000e+00
0.000000e+00
0.000000e+00
0.000000e+00
0.000000e+00
0.000000e+00
0.000000e+00
0.000000e+00
0.000000e+00
0.000000e+00
0.000000e+00
0.000000e+00
0.000000e+00
0.000000e+00
0.000000e+00
0.000000e+00
0.000000e+00
0.000000e+00
0.000000e+00
0.000000e+00
0.000000e+00
0.000000e+00
0.000000e+00
0.000000e+00
0.000000e+00
0.000000e+00
0.000000e+00
0.000000e+00
0.000000e+00
0.000000e+00
0.000000e+00
0.000000e+00
0.000000e+00
0.000000e+00
0.000000e+00
0.000000e+00
0.000000e+00
0.000000e+00
0.000000e+00
0.000000e+00
0.000000e+00
0.000000e+00
0.000000e+00
0.000000e+00
0.000000e+00
0.000000e+00
0.000000e+00
0.000000e+00
0.000000e+00
0.000000e+00
0.000000e+00
0.000000e+00
0.000000e+00
0.000000e+00
0.000000e+00
0.000000e+00
0.000000e+00
0.000000e+00
0.000000e+00
0.000000e+00
0.000000e+00
0.000000e+00
0.000000e+00
0.000000e+00
0.000000e+00
0.000000e+00
0.000000e+00
0.000000e+00
0.000000e+00
0.000000e+00
0.000000e+00
0.000000e+00
0.000000e+00
0.000000e+00
0.000000e+00
0.000000e+00
0.000000e+00
0.000000e+00
0.000000e+00
0.000000e+00
0.000000e+00
0.000000e+00
0.000000e+00
0.000000e+00
0.000000e+00
0.000000e+00
0.000000e+00
0.000000e+00
0.000000e+00
0.000000e+00
0.000000e+00
0.000000e+00
0.000000e+00
0.000000e+00
0.000000e+00
0.000000e+00
0.000000e+00
0.000000e+00
0.000000e+00
0.000000e+00
0.000000e+00
0.000000e+00
0.000000e+00
0.000000e+00
0.000000e+00
0.000000e+00
0.000000e+00
0.000000e+00
0.000000e+00
0.000000e+00
0.000000e+00
0.000000e+00
0.000000e+00
0.000000e+00
0.000000e+00
0.000000e+00
0.000000e+00
0.000000e+00
0.000000e+00
0.000000e+00
0.000000e+00
0.000000e+00
0.000000e+00
0.000000e+00
0.000000e+00
0.000000e+00
0.000000e+00
0.000000e+00
0.000000e+00
0.000000e+00
0.000000e+00
0.000000e+00
0.000000e+00
0.000000e+00
0.000000e+00
0.000000e+00
0.000000e+00
0.000000e+00
0.000000e+00
0.000000e+00
0.000000e+00
0.000000e+00
0.000000e+00
0.000000e+00
0.000000e+00
0.000000e+00
0.000000e+00
0.000000e+00
0.000000e+00
0.000000e+00
0.000000e+00
0.000000e+00
0.000000e+00
0.000000e+00
0.000000e+00
0.000000e+00
0.000000e+00
0.000000e+00
0.000000e+00
0.000000e+00
0.000000e+00
0.000000e+00
0.000000e+00
0.000000e+00
0.000000e+00
0.000000e+00
0.000000e+00
0.000000e+00
0.000000e+00
0.000000e+00
0.000000e+00
0.000000e+00
0.000000e+00
0.000000e+00
0.000000e+00
0.000000e+00
0.000000e+00
0.000000e+00
0.000000e+00
0.000000e+00
0.000000e+00
0.000000e+00
0.000000e+00
0.000000e+00
0.000000e+00
0.000000e+00
0.000000e+00
0.000000e+00
0.000000e+00
0.000000e+00
0.000000e+00
0.000000e+00
0.000000e+00
0.000000e+00
0.000000e+00
0.000000e+00
0.000000e+00
0.000000e+00
0.000000e+00
0.000000e+00
0.000000e+00
0.000000e+00
0.000000e+00
0.000000e+00
0.000000e+00
0.000000e+00
0.000000e+00
0.000000e+00
0.000000e+00
0.000000e+00
0.000000e+00
0.000000e+00
0.000000e+00
0.000000e+00
0.000000e+00
0.000000e+00
0.000000e+00
0.000000e+00
0.000000e+00
0.000000e+00
0.000000e+00
0.000000e+00
0.000000e+00
0.000000e+00
0.000000e+00
0.000000e+00
0.000000e+00
0.000000e+00
0.000000e+00
0.000000e+00
0.000000e+00
0.000000e+00
0.000000e+00
0.000000e+00
0.000000e+00
0.000000e+00
0.000000e+00
0.000000e+00
0.000000e+00
0.000000e+00
0.000000e+00
0.000000e+00
0.000000e+00
0.000000e+00
0.000000e+00
0.000000e+00
0.000000e+00
0.000000e+00
0.000000e+00
0.000000e+00
0.000000e+00
0.000000e+00
0.000000e+00
0.000000e+00
0.000000e+00
0.000000e+00
0.000000e+00
0.000000e+00
0.000000e+00
0.000000e+00
0.000000e+00
0.000000e+00
0.000000e+00
0.000000e+00
0.000000e+00
0.000000e+00
0.000000e+00
0.000000e+00
0.000000e+00
0.000000e+00
0.000000e+00
0.000000e+00
0.000000e+00
0.000000e+00
0.000000e+00
0.000000e+00
0.000000e+00
0.000000e+00
0.000000e+00
0.000000e+00
0.000000e+00
0.000000e+00
0.000000e+00
0.000000e+00
0.000000e+00
0.000000e+00
0.000000e+00
0.000000e+00
0.000000e+00
0.000000e+00
0.000000e+00
0.000000e+00
0.000000e+00
0.000000e+00
0.000000e+00
0.000000e+00
0.000000e+00
0.000000e+00
0.000000e+00
0.000000e+00
0.000000e+00
0.000000e+00
0.000000e+00
0.000000e+00
0.000000e+00
0.000000e+00
0.000000e+00
0.000000e+00
0.000000e+00
0.000000e+00
0.000000e+00
0.000000e+00
0.000000e+00
0.000000e+00
0.000000e+00
0.000000e+00
0.000000e+00
0.000000e+00
0.000000e+00
0.000000e+00
0.000000e+00
0.000000e+00
0.000000e+00
0.000000e+00
0.000000e+00
0.000000e+00
0.000000e+00
0.000000e+00
0.000000e+00
0.000000e+00
0.000000e+00
0.000000e+00
0.000000e+00
0.000000e+00
0.000000e+00
0.000000e+00
0.000000e+00
0.000000e+00
0.000000e+00
0.000000e+00
0.000000e+00
0.000000e+00
0.000000e+00
0.000000e+00
0.000000e+00
0.000000e+00
0.000000e+00
0.000000e+00
0.000000e+00
0.000000e+00
0.000000e+00
0.000000e+00
0.000000e+00
0.000000e+00
0.000000e+00
0.000000e+00
0.000000e+00
0.000000e+00
0.000000e+00
0.000000e+00
0.000000e+00
0.000000e+00
0.000000e+00
0.000000e+00
0.000000e+00
</DataArray>
<DataArray type="Float32" Name="V3" format="ascii">
0.000000e+00
0.000000e+00
0.000000e+00
0.000000e+00
0.000000e+00
0.000000e+00
0.000000e+00
0.000000e+00
0.000000e+00
0.000000e+00
0.000000e+00
0.000000e+00
0.000000e+00
0.000000e+00
0.000000e+00
0.000000e+00
0.000000e+00
0.000000e+00
0.000000e+00
0.000000e+00
0.000000e+00
0.000000e+00
0.000000e+00
0.000000e+00
0.000000e+00
0.000000e+00
0.000000e+00
0.000000e+00
0.000000e+00
0.000000e+00
0.000000e+00
0.000000e+00
0.000000e+00
0.000000e+00
0.000000e+00
0.000000e+00
0.000000e+00
0.000000e+00
0.000000e+00
0.000000e+00
0.000000e+00
0.000000e+00
0.000000e+00
0.000000e+00
0.000000e+00
0.000000e+00
0.000000e+00
0.000000e+00
0.000000e+00
0.000000e+00
0.000000e+00
0.000000e+00
0.000000e+00
0.000000e+00
0.000000e+00
0.000000e+00
0.000000e+00
0.000000e+00
0.000000e+00
0.000000e+00
0.000000e+00
0.000000e+00
0.000000e+00
0.000000e+00
0.000000e+00
0.000000e+00
0.000000e+00
0.000000e+00
0.000000e+00
0.000000e+00
0.000000e+00
0.000000e+00
0.000000e+00
0.000000e+00
0.000000e+00
0.000000e+00
0.000000e+00
0.000000e+00
0.000000e+00
0.000000e+00
0.000000e+00
0.000000e+00
0.000000e+00
0.000000e+00
0.000000e+00
0.000000e+00
0.000000e+00
0.000000e+00
0.000000e+00
0.000000e+00
0.000000e+00
0.000000e+00
0.000000e+00
0.000000e+00
0.000000e+00
0.000000e+00
0.000000e+00
0.000000e+00
0.000000e+00
0.000000e+00
0.000000e+00
0.000000e+00
0.000000e+00
0.000000e+00
0.000000e+00
0.000000e+00
0.000000e+00
0.000000e+00
0.000000e+00
0.000000e+00
0.000000e+00
0.000000e+00
0.000000e+00
0.000000e+00
0.000000e+00
0.000000e+00
0.000000e+00
0.000000e+00
0.000000e+00
0.000000e+00
0.000000e+00
0.000000e+00
0.000000e+00
0.000000e+00
0.000000e+00
0.000000e+00
0.000000e+00
0.000000e+00
0.000000e+00
0.000000e+00
0.000000e+00
0.000000e+00
0.000000e+00
0.000000e+00
0.000000e+00
0.000000e+00
0.000000e+00
0.000000e+00
0.000000e+00
0.000000e+00
0.000000e+00
0.000000e+00
0.000000e+00
0.000000e+00
0.000000e+00
0.000000e+00
0.000000e+00
0.000000e+00
0.000000e+00
0.000000e+00
0.000000e+00
0.000000e+00
0.000000e+00
0.000000e+00
0.000000e+00
0.000000e+00
0.000000e+00
0.000000e+00
0.000000e+00
0.000000e+00
0.000000e+00
0.000000e+00
0.000000e+00
0.000000e+00
0.000000e+00
0.000000e+00
0.000000e+00
0.000000e+00
0.000000e+00
0.000000e+00
0.000000e+00
0.000000e+00
0.000000e+00
0.000000e+00
0.000000e+00
0.000000e+00
0.000000e+00
0.000000e+00
0.000000e+00
0.000000e+00
0.000000e+00
0.000000e+00
0.000000e+00
0.000000e+00
0.000000e+00
0.000000e+00
0.000000e+00
0.000000e+00
0.000000e+00
0.000000e+00
0.000000e+00
0.000000e+00
0.000000e+00
0.000000e+00
0.000000e+00
0.000000e+00
0.000000e+00
0.000000e+00
0.000000e+00
0.000000e+00
0.000000e+00
0.000000e+00
0.000000e+00
0.000000e+00
0.000000e+00
0.000000e+00
0.000000e+00
0.000000e+00
0.000000e+00
0.000000e+00
0.000000e+00
0.000000e+00
0.000000e+00
0.000000e+00
0.000000e+00
0.000000e+00
0.000000e+00
0.000000e+00
0.000000e+00
0.000000e+00
0.000000e+00
0.000000e+00
0.000000e+00
0.000000e+00
0.000000e+00
0.000000e+00
0.000000e+00
0.000000e+00
0.000000e+00
0.000000e+00
0.000000e+00
0.000000e+00
0.000000e+00
0.000000e+00
0.000000e+00
0.000000e+00
0.000000e+00
0.000000e+00
0.000000e+00
0.000000e+00
0.000000e+00
0.000000e+00
0.000000e+00
0.000000e+00
0.000000e+00
0.000000e+00
0.000000e+00
0.000000e+00
0.000000e+00
0.000000e+00
0.000000e+00
0.000000e+00
0.000000e+00
0.000000e+00
0.000000e+00
0.000000e+00
0.000000e+00
0.000000e+00
0.000000e+00
0.000000e+00
0.000000e+00
0.000000e+00
0.000000e+00
0.000000e+00
0.000000e+00
0.000000e+00
0.000000e+00
0.000000e+00
0.000000e+00
0.000000e+00
0.000000e+00
0.000000e+00
0.000000e+00
0.000000e+00
0.000000e+00
0.000000e+00
0.000000e+00
0.000000e+00
0.000000e+00
0.000000e+00
0.000000e+00
0.000000e+00
0.000000e+00
0.000000e+00
0.000000e+00
0.000000e+00
0.000000e+00
0.000000e+00
0.000000e+00
0.000000e+00
0.000000e+00
0.000000e+00
0.000000e+00
0.000000e+00
0.000000e+00
0.000000e+00
0.000000e+00
0.000000e+00
0.000000e+00
0.000000e+00
0.000000e+00
0.000000e+00
0.000000e+00
0.000000e+00
0.000000e+00
0.000000e+00
0.000000e+00
0.000000e+00
0.000000e+00
0.000000e+00
0.000000e+00
0.000000e+00
0.000000e+00
0.000000e+00
0.000000e+00
0.000000e+00
0.000000e+00
0.000000e+00
0.000000e+00
0.000000e+00
0.000000e+00
0.000000e+00
0.000000e+00
0.000000e+00
0.000000e+00
0.000000e+00
0.000000e+00
0.000000e+00
0.000000e+00
0.000000e+00
0.000000e+00
0.000000e+00
0.000000e+00
0.000000e+00
0.000000e+00
0.000000e+00
0.000000e+00
0.000000e+00
0.000000e+00
0.000000e+00
0.000000e+00
0.000000e+00
0.000000e+00
0.000000e+00
0.000000e+00
0.000000e+00
0.000000e+00
0.000000e+00
0.000000e+00
0.000000e+00
0.000000e+00
0.000000e+00
0.000000e+00
0.000000e+00
0.000000e+00
0.000000e+00
0.000000e+00
0.000000e+00
0.000000e+00
0.000000e+00
0.000000e+00
0.000000e+00
0.000000e+00
0.000000e+00
0.000000e+00
0.000000e+00
0.000000e+00
0.000000e+00
0.000000e+00
0.000000e+00
0.000000e+00
0.000000e+00
0.000000e+00
0.000000e+00
0.000000e+00
0.000000e+00
0.000000e+00
0.000000e+00
0.000000e+00
0.000000e+00
0.000000e+00
0.000000e+00
0.000000e+00
0.000000e+00
0.000000e+00
0.000000e+00
0.000000e+00
0.000000e+00
0.000000e+00
0.000000e+00
0.000000e+00
0.000000e+00
0.000000e+00
0.000000e+00
0.000000e+00
0.000000e+00
0.000000e+00
0.000000e+00
0.000000e+00
0.000000e+00
0.000000e+00
0.000000e+00
0.000000e+00
0.000000e+00
0.000000e+00
0.000000e+00
0.000000e+00
0.000000e+00
0.000000e+00
0.000000e+00
0.000000e+00
0.000000e+00
0.000000e+00
0.000000e+00
0.000000e+00
0.000000e+00
0.000000e+00
0.000000e+00
0.000000e+00
0.000000e+00
0.000000e+00
0.000000e+00
0.000000e+00
0.000000e+00
0.000000e+00
0.000000e+00
0.000000e+00
0.000000e+00
0.000000e+00
0.000000e+00
0.000000e+00
0.000000e+00
0.000000e+00
0.000000e+00
0.000000e+00
0.000000e+00
0.000000e+00
0.000000e+00
0.000000e+00
0.000000e+00
0.000000e+00
0.000000e+00
0.000000e+00
0.000000e+00
0.000000e+00
0.000000e+00
0.000000e+00
0.000000e+00
0.000000e+00
0.000000e+00
0.000000e+00
0.000000e+00
0.000000e+00
0.000000e+00
0.000000e+00
0.000000e+00
0.000000e+00
0.000000e+00
0.000000e+00
0.000000e+00
0.000000e+00
0.000000e+00
0.000000e+00
0.000000e+00
0.000000e+00
0.000000e+00
0.000000e+00
0.000000e+00
0.000000e+00
0.000000e+00
0.000000e+00
0.000000e+00
0.000000e+00
0.000000e+00
0.000000e+00
0.000000e+00
0.000000e+00
0.000000e+00
0.000000e+00
0.000000e+00
0.000000e+00
0.000000e+00
0.000000e+00
0.000000e+00
0.000000e+00
0.000000e+00
0.000000e+00
0.000000e+00
0.000000e+00
0.000000e+00
0.000000e+00
0.000000e+00
0.000000e+00
0.000000e+00
0.000000e+00
0.000000e+00
0.000000e+00
0.000000e+00
0.000000e+00
0.000000e+00
0.000000e+00
0.000000e+00
0.000000e+00
0.000000e+00
0.000000e+00
0.000000e+00
0.000000e+00
0.000000e+00
0.000000e+00
0.000000e+00
0.000000e+00
0.000000e+00
0.000000e+00
0.000000e+00
0.000000e+00
0.000000e+00
0.000000e+00
0.000000e+00
0.000000e+00
0.000000e+00
0.000000e+00
0.000000e+00
0.000000e+00
0.000000e+00
0.000000e+00
0.000000e+00
0.000000e+00
0.000000e+00
0.000000e+00
0.000000e+00
0.000000e+00
0.000000e+00
0.000000e+00
0.000000e+00
0.000000e+00
0.000000e+00
0.000000e+00
0.000000e+00
0.000000e+00
0.000000e+00
0.000000e+00
0.000000e+00
0.000000e+00
0.000000e+00
0.000000e+00
0.000000e+00
0.000000e+00
0.000000e+00
0.000000e+00
0.000000e+00
0.000000e+00
0.000000e+00
0.000000e+00
0.000000e+00
0.000000e+00
0.000000e+00
0.000000e+00
0.000000e+00
0.000000e+00
0.000000e+00
0.000000e+00
0.000000e+00
0.000000e+00
0.000000e+00
0.000000e+00
0.000000e+00
0.000000e+00
0.000000e+00
0.000000e+00
0.000000e+00
0.000000e+00
0.000000e+00
0.000000e+00
0.000000e+00
0.000000e+00
0.000000e+00
0.000000e+00
0.000000e+00
0.000000e+00
0.000000e+00
0.000000e+00
0.000000e+00
0.000000e+00
0.000000e+00
0.000000e+00
0.000000e+00
0.000000e+00
0.000000e+00
0.000000e+00
0.000000e+00
0.000000e+00
0.000000e+00
0.000000e+00
0.000000e+00
0.000000e+00
0.000000e+00
0.000000e+00
0.000000e+00
0.000000e+00
0.000000e+00
0.000000e+00
0.000000e+00
0.000000e+00
0.000000e+00
0.000000e+00
0.000000e+00
0.000000e+00
0.000000e+00
0.000000e+00
0.000000e+00
0.000000e+00
0.000000e+00
0.000000e+00
0.000000e+00
0.000000e+00
0.000000e+00
0.000000e+00
0.000000e+00
0.000000e+00
0.000000e+00
0.000000e+00
0.000000e+00
0.000000e+00
0.000000e+00
0.000000e+00
0.000000e+00
0.000000e+00
0.000000e+00
0.000000e+00
0.000000e+00
0.000000e+00
0.000000e+00
0.000000e+00
0.000000e+00
0.000000e+00
0.000000e+00
0.000000e+00
0.000000e+00
0.000000e+00
0.000000e+00
0.000000e+00
0.000000e+00
0.000000e+00
0.000000e+00
0.000000e+00
0.000000e+00
0.000000e+00
0.000000e+00
0.000000e+00
0.000000e+00
0.000000e+00
0.000000e+00
0.000000e+00
0.000000e+00
0.000000e+00
0.000000e+00
0.000000e+00
0.000000e+00
0.000000e+00
0.000000e+00
0.000000e+00
0.000000e+00
0.000000e+00
0.000000e+00
0.000000e+00
0.000000e+00
0.000000e+00
0.000000e+00
0.000000e+00
0.000000e+00
0.000000e+00
0.000000e+00
0.000000e+00
0.000000e+00
0.000000e+00
0.000000e+00
0.000000e+00
0.000000e+00
0.000000e+00
0.000000e+00
0.000000e+00
0.000000e+00
0.000000e+00
0.000000e+00
0.000000e+00
0.000000e+00
0.000000e+00
0.000000e+00
0.000000e+00
0.000000e+00
0.000000e+00
0.000000e+00
0.000000e+00
0.000000e+00
0.000000e+00
0.000000e+00
0.000000e+00
0.000000e+00
0.000000e+00
0.000000e+00
0.000000e+00
0.000000e+00
0.000000e+00
0.000000e+00
0.000000e+00
0.000000e+00
0.000000e+00
0.000000e+00
0.000000e+00
0.000000e+00
0.000000e+00
0.000000e+00
0.000000e+00
0.000000e+00
0.000000e+00
0.000000e+00
0.000000e+00
0.000000e+00
0.000000e+00
0.000000e+00
0.000000e+00
0.000000e+00
0.000000e+00
0.000000e+00
0.000000e+00
0.000000e+00
0.000000e+00
0.000000e+00
0.000000e+00
0.000000e+00
0.000000e+00
0.000000e+00
0.000000e+00
0.000000e+00
0.000000e+00
0.000000e+00
0.000000e+00
0.000000e+00
0.000000e+00
0.000000e+00
0.000000e+00
0.000000e+00
0.000000e+00
0.000000e+00
0.000000e+00
0.000000e+00
0.000000e+00
0.000000e+00
0.000000e+00
0.000000e+00
0.000000e+00
0.000000e+00
0.000000e+00
0.000000e+00
0.000000e+00
0.000000e+00
0.000000e+00
0.000000e+00
0.000000e+00
0.000000e+00
0.000000e+00
0.000000e+00
0.000000e+00
0.000000e+00
0.000000e+00
0.000000e+00
0.000000e+00
0.000000e+00
0.000000e+00
0.000000e+00
0.000000e+00
0.000000e+00
0.000000e+00
0.000000e+00
0.000000e+00
0.000000e+00
0.000000e+00
0.000000e+00
0.000000e+00
0.000000e+00
0.000000e+00
0.000000e+00
0.000000e+00
0.000000e+00
0.000000e+00
0.000000e+00
0.000000e+00
0.000000e+00
0.000000e+00
0.000000e+00
0.000000e+00
0.000000e+00
0.000000e+00
0.000000e+00
0.000000e+00
0.000000e+00
0.000000e+00
0.000000e+00
0.000000e+00
0.000000e+00
0.000000e+00
0.000000e+00
0.000000e+00
0.000000e+00
0.000000e+00
0.000000e+00
0.000000e+00
0.000000e+00
0.000000e+00
0.000000e+00
0.000000e+00
0.000000e+00
0.000000e+00
0.000000e+00
0.000000e+00
0.000000e+00
0.000000e+00
0.000000e+00
0.000000e+00
0.000000e+00
0.000000e+00
0.000000e+00
0.000000e+00
0.000000e+00
0.000000e+00
0.000000e+00
0.000000e+00
0.000000e+00
0.000000e+00
0.000000e+00
0.000000e+00
0.000000e+00
0.000000e+00
0.000000e+00
0.000000e+00
0.000000e+00
0.000000e+00
0.000000e+00
0.000000e+00
0.000000e+00
0.000000e+00
0.000000e+00
0.000000e+00
0.000000e+00
0.000000e+00
0.000000e+00
0.000000e+00
0.000000e+00
0.000000e+00
0.000000e+00
0.000000e+00
0.000000e+00
0.000000e+00
0.000000e+00
0.000000e+00
0.000000e+00
0.000000e+00
0.000000e+00
0.000000e+00
0.000000e+00
0.000000e+00
0.000000e+00
0.000000e+00
0.000000e+00
0.000000e+00
0.000000e+00
0.000000e+00
0.000000e+00
0.000000e+00
0.000000e+00
0.000000e+00
0.000000e+00
0.000000e+00
0.000000e+00
0.000000e+00
0.000000e+00
0.000000e+00
0.000000e+00
0.000000e+00
0.000000e+00
0.000000e+00
0.000000e+00
0.000000e+00
0.000000e+00
0.000000e+00
0.000000e+00
0.000000e+00
0.000000e+00
0.000000e+00
0.000000e+00
0.000000e+00
0.000000e+00
0.000000e+00
0.000000e+00
0.000000e+00
0.000000e+00
0.000000e+00
0.000000e+00
0.000000e+00
0.000000e+00
0.000000e+00
0.000000e+00
0.000000e+00
0.000000e+00
0.000000e+00
0.000000e+00
0.000000e+00
0.000000e+00
0.000000e+00
0.000000e+00
0.000000e+00
0.000000e+00
0.000000e+00
0.000000e+00
0.000000e+00
0.000000e+00
0.000000e+00
0.000000e+00
0.000000e+00
0.000000e+00
0.000000e+00
0.000000e+00
0.000000e+00
0.000000e+00
0.000000e+00
0.000000e+00
0.000000e+00
0.000000e+00
0.000000e+00
0.000000e+00
0.000000e+00
0.000000e+00
0.000000e+00
0.000000e+00
0.000000e+00
0.000000e+00
0.000000e+00
0.000000e+00
0.000000e+00
0.000000e+00
0.000000e+00
0.000000e+00
0.000000e+00
0.000000e+00
0.000000e+00
0.000000e+00
0.000000e+00
0.000000e+00
0.000000e+00
0.000000e+00
0.000000e+00
0.000000e+00
0.000000e+00
0.000000e+00
0.000000e+00
0.000000e+00
0.000000e+00
0.000000e+00
0.000000e+00
0.000000e+00
0.000000e+00
0.000000e+00
0.000000e+00
0.000000e+00
0.000000e+00
0.000000e+00
0.000000e+00
0.000000e+00
0.000000e+00
0.000000e+00
0.000000e+00
0.000000e+00
0.000000e+00
0.000000e+00
0.000000e+00
0.000000e+00
0.000000e+00
0.000000e+00
0.000000e+00
0.000000e+00
0.000000e+00
0.000000e+00
0.000000e+00
0.000000e+00
0.000000e+00
0.000000e+00
0.000000e+00
0.000000e+00
0.000000e+00
0.000000e+00
0.000000e+00
0.000000e+00
0.000000e+00
0.000000e+00
0.000000e+00
0.000000e+00
0.000000e+00
0.000000e+00
0.000000e+00
0.000000e+00
0.000000e+00
0.000000e+00
0.000000e+00
0.000000e+00
0.000000e+00
0.000000e+00
0.000000e+00
0.000000e+00
0.000000e+00
0.000000e+00
0.000000e+00
0.000000e+00
0.000000e+00
0.000000e+00
0.000000e+00
0.000000e+00
0.000000e+00
0.000000e+00
0.000000e+00
0.000000e+00
0.000000e+00
0.000000e+00
0.000000e+00
0.000000e+00
0.000000e+00
0.000000e+00
0.000000e+00
0.000000e+00
0.000000e+00
0.000000e+00
0.000000e+00
0.000000e+00
0.000000e+00
0.000000e+00
0.000000e+00
0.000000e+00
0.000000e+00
0.000000e+00
0.000000e+00
0.000000e+00
0.000000e+00
0.000000e+00
0.000000e+00
0.000000e+00
0.000000e+00
0.000000e+00
0.000000e+00
0.000000e+00
0.000000e+00
0.000000e+00
0.000000e+00
0.000000e+00
0.000000e+00
0.000000e+00
0.000000e+00
0.000000e+00
0.000000e+00
0.000000e+00
0.000000e+00
0.000000e+00
0.000000e+00
0.000000e+00
0.000000e+00
0.000000e+00
0.000000e+00
0.000000e+00
0.000000e+00
0.000000e+00
0.000000e+00
0.000000e+00
0.000000e+00
0.000000e+00
0.000000e+00
0.000000e+00
0.000000e+00
0.000000e+00
0.000000e+00
0.000000e+00
0.000000e+00
0.000000e+00
0.000000e+00
0.000000e+00
0.000000e+00
0.000000e+00
0.000000e+00
0.000000e+00
0.000000e+00
0.000000e+00
0.000000e+00
0.000000e+00
0.000000e+00
0.000000e+00
0.000000e+00
0.000000e+00
0.000000e+00
0.000000e+00
0.000000e+00
0.000000e+00
0.000000e+00
0.000000e+00
0.000000e+00
0.000000e+00
0.000000e+00
0.000000e+00
0.000000e+00
0.000000e+00
0.000000e+00
0.000000e+00
0.000000e+00
0.000000e+00
0.000000e+00
0.000000e+00
0.000000e+00
0.000000e+00
0.000000e+00
0.000000e+00
0.000000e+00
0.000000e+00
0.000000e+00
0.000000e+00
0.000000e+00
0.000000e+00
0.000000e+00
0.000000e+00
0.000000e+00
0.000000e+00
0.000000e+00
0.000000e+00
0.000000e+00
0.000000e+00
0.000000e+00
0.000000e+00
0.000000e+00
0.000000e+00
0.000000e+00
0.000000e+00
0.000000e+00
0.000000e+00
0.000000e+00
0.000000e+00
0.000000e+00
0.000000e+00
0.000000e+00
0.000000e+00
0.000000e+00
0.000000e+00
0.000000e+00
0.000000e+00
0.000000e+00
0.000000e+00
0.000000e+00
0.000000e+00
0.000000e+00
0.000000e+00
0.000000e+00
0.000000e+00
0.000000e+00
0.000000e+00
0.000000e+00
0.000000e+00
0.000000e+00
0.000000e+00
0.000000e+00
0.000000e+00
0.000000e+00
0.000000e+00
0.000000e+00
0.000000e+00
0.000000e+00
0.000000e+00
0.000000e+00
0.000000e+00
0.000000e+00
0.000000e+00
0.000000e+00
0.000000e+00
0.000000e+00
0.000000e+00
0.000000e+00
0.000000e+00
0.000000e+00
0.000000e+00
0.000000e+00
0.000000e+00
0.000000e+00
0.000000e+00
0.000000e+00
0.000000e+00
0.000000e+00
0.000000e+00
0.000000e+00
0.000000e+00
0.000000e+00
0.000000e+00
0.000000e+00
0.000000e+00
0.000000e+00
0.000000e+00
0.000000e+00
0.000000e+00
0.000000e+00
0.000000e+00
0.000000e+00
0.000000e+00
0.000000e+00
0.000000e+00
0.000000e+00
0.000000e+00
0.000000e+00
0.000000e+00
0.000000e+00
0.000000e+00
0.000000e+00
0.000000e+00
0.000000e+00
0.000000e+00
0.000000e+00
0.000000e+00
0.000000e+00
0.000000e+00
0.000000e+00
0.000000e+00
0.000000e+00
0.000000e+00
0.000000e+00
0.000000e+00
0.000000e+00
0.000000e+00
0.000000e+00
0.000000e+00
0.000000e+00
0.000000e+00
0.000000e+00
0.000000e+00
0.000000e+00
0.000000e+00
0.000000e+00
0.000000e+00
0.000000e+00
0.000000e+00
0.000000e+00
0.000000e+00
0.000000e+00
0.000000e+00
0.000000e+00
0.000000e+00
0.000000e+00
0.000000e+00
0.000000e+00
0.000000e+00
0.000000e+00
0.000000e+00
0.000000e+00
0.000000e+00
0.000000e+00
0.000000e+00
0.000000e+00
0.000000e+00
0.000000e+00
0.000000e+00
0.000000e+00
0.000000e+00
0.000000e+00
0.000000e+00
0.000000e+00
0.000000e+00
0.000000e+00
0.000000e+00
0.000000e+00
0.000000e+00
0.000000e+00
0.000000e+00
0.000000e+00
0.000000e+00
0.000000e+00
0.000000e+00
0.000000e+00
0.000000e+00
0.000000e+00
0.000000e+00
0.000000e+00
0.000000e+00
0.000000e+00
0.000000e+00
0.000000e+00
0.000000e+00
0.000000e+00
0.000000e+00
0.000000e+00
0.000000e+00
0.000000e+00
0.000000e+00
0.000000e+00
0.000000e+00
0.000000e+00
0.000000e+00
0.000000e+00
0.000000e+00
0.000000e+00
0.000000e+00
0.000000e+00
0.000000e+00
0.000000e+00
0.000000e+00
0.000000e+00
0.000000e+00
0.000000e+00
0.000000e+00
0.000000e+00
0.000000e+00
0.000000e+00
0.000000e+00
0.000000e+00
0.000000e+00
0.000000e+00
0.000000e+00
0.000000e+00
0.000000e+00
0.000000e+00
0.000000e+00
0.000000e+00
0.000000e+00
0.000000e+00
0.000000e+00
0.000000e+00
0.000000e+00
0.000000e+00
0.000000e+00
0.000000e+00
0.000000e+00
0.000000e+00
0.000000e+00
0.000000e+00
0.000000e+00
0.000000e+00
0.000000e+00
0.000000e+00
0.000000e+00
0.000000e+00
0.000000e+00
0.000000e+00
0.000000e+00
0.000000e+00
0.000000e+00
0.000000e+00
0.000000e+00
0.000000e+00
0.000000e+00
0.000000e+00
0.000000e+00
0.000000e+00
0.000000e+00
0.000000e+00
0.000000e+00
0.000000e+00
0.000000e+00
0.000000e+00
0.000000e+00
0.000000e+00
0.000000e+00
0.000000e+00
0.000000e+00
0.000000e+00
0.000000e+00
0.000000e+00
0.000000e+00
0.000000e+00
0.000000e+00
0.000000e+00
0.000000e+00
0.000000e+00
0.000000e+00
0.000000e+00
0.000000e+00
0.000000e+00
0.000000e+00
0.000000e+00
0.000000e+00
0.000000e+00
0.000000e+00
0.000000e+00
0.000000e+00
0.000000e+00
0.000000e+00
0.000000e+00
0.000000e+00
0.000000e+00
0.000000e+00
0.000000e+00
0.000000e+00
0.000000e+00
0.000000e+00
0.000000e+00
0.000000e+00
0.000000e+00
0.000000e+00
0.000000e+00
0.000000e+00
0.000000e+00
0.000000e+00
0.000000e+00
0.000000e+00
0.000000e+00
0.000000e+00
0.000000e+00
0.000000e+00
0.000000e+00
0.000000e+00
0.000000e+00
0.000000e+00
0.000000e+00
0.000000e+00
0.000000e+00
0.000000e+00
0.000000e+00
0.000000e+00
0.000000e+00
0.000000e+00
0.000000e+00
0.000000e+00
0.000000e+00
0.000000e+00
0.000000e+00
0.000000e+00
0.000000e+00
0.000000e+00
0.000000e+00
0.000000e+00
0.000000e+00
0.000000e+00
0.000000e+00
0.000000e+00
0.000000e+00
0.000000e+00
0.000000e+00
0.000000e+00
0.000000e+00
0.000000e+00
0.000000e+00
0.000000e+00
0.000000e+00
0.000000e+00
0.000000e+00
0.000000e+00
0.000000e+00
0.000000e+00
0.000000e+00
0.000000e+00
0.000000e+00
0.000000e+00
0.000000e+00
0.000000e+00
0.000000e+00
0.000000e+00
0.000000e+00
0.000000e+00
0.000000e+00
0.000000e+00
0.000000e+00
0.000000e+00
0.000000e+00
0.000000e+00
0.000000e+00
0.000000e+00
0.000000e+00
0.000000e+00
0.000000e+00
0.000000e+00
0.000000e+00
0.000000e+00
0.000000e+00
0.000000e+00
0.000000e+00
0.000000e+00
0.000000e+00
0.000000e+00
0.000000e+00
0.000000e+00
0.000000e+00
0.000000e+00
0.000000e+00
0.000000e+00
0.000000e+00
0.000000e+00
0.000000e+00
0.000000e+00
0.000000e+00
0.000000e+00
0.000000e+00
0.000000e+00
0.000000e+00
0.000000e+00
0.000000e+00
0.000000e+00
0.000000e+00
0.000000e+00
0.000000e+00
0.000000e+00
0.000000e+00
0.000000e+00
0.000000e+00
0.000000e+00
0.000000e+00
0.000000e+00
0.000000e+00
0.000000e+00
0.000000e+00
0.000000e+00
0.000000e+00
0.000000e+00
0.000000e+00
0.000000e+00
0.000000e+00
0.000000e+00
0.000000e+00
0.000000e+00
0.000000e+00
0.000000e+00
0.000000e+00
0.000000e+00
0.000000e+00
0.000000e+00
0.000000e+00
0.000000e+00
0.000000e+00
0.000000e+00
0.000000e+00
0.000000e+00
0.000000e+00
0.000000e+00
0.000000e+00
0.000000e+00
0.000000e+00
0.000000e+00
0.000000e+00
0.000000e+00
0.000000e+00
0.000000e+00
0.000000e+00
0.000000e+00
0.000000e+00
0.000000e+00
0.000000e+00
0.000000e+00
0.000000e+00
0.000000e+00
0.000000e+00
0.000000e+00
0.000000e+00
0.000000e+00
0.000000e+00
0.000000e+00
0.000000e+00
0.000000e+00
0.000000e+00
0.000000e+00
0.000000e+00
0.000000e+00
0.000000e+00
0.000000e+00
0.000000e+00
0.000000e+00
0.000000e+00
0.000000e+00
0.000000e+00
0.000000e+00
0.000000e+00
0.000000e+00
0.000000e+00
0.000000e+00
0.000000e+00
0.000000e+00
0.000000e+00
0.000000e+00
0.000000e+00
0.000000e+00
0.000000e+00
0.000000e+00
0.000000e+00
0.000000e+00
0.000000e+00
0.000000e+00
0.000000e+00
0.000000e+00
0.000000e+00
0.000000e+00
0.000000e+00
0.000000e+00
0.000000e+00
0.000000e+00
0.000000e+00
0.000000e+00
0.000000e+00
0.000000e+00
0.000000e+00
0.000000e+00
0.000000e+00
0.000000e+00
0.000000e+00
0.000000e+00
0.000000e+00
0.000000e+00
0.000000e+00
0.000000e+00
0.000000e+00
0.000000e+00
0.000000e+00
0.000000e+00
0.000000e+00
0.000000e+00
0.000000e+00
0.000000e+00
0.000000e+00
0.000000e+00
0.000000e+00
0.000000e+00
0.000000e+00
0.000000e+00
0.000000e+00
0.000000e+00
0.000000e+00
0.000000e+00
0.000000e+00
0.000000e+00
0.000000e+00
0.000000e+00
0.000000e+00
0.000000e+00
0.000000e+00
0.000000e+00
0.000000e+00
0.000000e+00
0.000000e+00
0.000000e+00
0.000000e+00
0.000000e+00
0.000000e+00
0.000000e+00
0.000000e+00
0.000000e+00
0.000000e+00
0.000000e+00
0.000000e+00
0.000000e+00
0.000000e+00
0.000000e+00
0.000000e+00
0.000000e+00
0.000000e+00
0.000000e+00
0.000000e+00
0.000000e+00
0.000000e+00
0.000000e+00
0.000000e+00
0.000000e+00
0.000000e+00
0.000000e+00
0.000000e+00
0.000000e+00
0.000000e+00
0.000000e+00
0.000000e+00
0.000000e+00
0.000000e+00
0.000000e+00
0.000000e+00
0.000000e+00
0.000000e+00
0.000000e+00
0.000000e+00
0.000000e+00
0.000000e+00
0.000000e+00
0.000000e+00
0.000000e+00
0.000000e+00
0.000000e+00
0.000000e+00
0.000000e+00
0.000000e+00
0.000000e+00
0.000000e+00
0.000000e+00
0.000000e+00
0.000000e+00
0.000000e+00
0.000000e+00
0.000000e+00
0.000000e+00
0.000000e+00
0.000000e+00
0.000000e+00
0.000000e+00
0.000000e+00
0.000000e+00
0.000000e+00
0.000000e+00
0.000000e+00
0.000000e+00
0.000000e+00
0.000000e+00
0.000000e+00
0.000000e+00
0.000000e+00
0.000000e+00
0.000000e+00
0.000000e+00
0.000000e+00
0.000000e+00
0.000000e+00
0.000000e+00
0.000000e+00
0.000000e+00
0.000000e+00
0.000000e+00
0.000000e+00
0.000000e+00
0.000000e+00
0.000000e+00
0.000000e+00
0.000000e+00
0.000000e+00
0.000000e+00
0.000000e+00
0.000000e+00
0.000000e+00
0.000000e+00
0.000000e+00
0.000000e+00
0.000000e+00
0.000000e+00
0.000000e+00
0.000000e+00
0.000000e+00
0.000000e+00
0.000000e+00
0.000000e+00
0.000000e+00
0.000000e+00
0.000000e+00
0.000000e+00
0.000000e+00
0.000000e+00
0.000000e+00
0.000000e+00
0.000000e+00
0.000000e+00
0.000000e+00
0.000000e+00
0.000000e+00
0.000000e+00
0.000000e+00
0.000000e+00
0.000000e+00
0.000000e+00
0.000000e+00
0.000000e+00
0.000000e+00
0.000000e+00
0.000000e+00
0.000000e+00
0.000000e+00
0.000000e+00
0.000000e+00
0.000000e+00
0.000000e+00
0.000000e+00
0.000000e+00
0.000000e+00
0.000000e+00
0.000000e+00
0.000000e+00
0.000000e+00
0.000000e+00
0.000000e+00
0.000000e+00
0.000000e+00
0.000000e+00
0.000000e+00
0.000000e+00
0.000000e+00
0.000000e+00
0.000000e+00
0.000000e+00
0.000000e+00
0.000000e+00
0.000000e+00
0.000000e+00
0.000000e+00
0.000000e+00
0.000000e+00
0.000000e+00
0.000000e+00
0.000000e+00
0.000000e+00
0.000000e+00
0.000000e+00
0.000000e+00
0.000000e+00
0.000000e+00
0.000000e+00
0.000000e+00
0.000000e+00
0.000000e+00
0.000000e+00
0.000000e+00
0.000000e+00
0.000000e+00
0.000000e+00
0.000000e+00
0.000000e+00
0.000000e+00
0.000000e+00
0.000000e+00
0.000000e+00
0.000000e+00
0.000000e+00
0.000000e+00
0.000000e+00
0.000000e+00
0.000000e+00
0.000000e+00
0.000000e+00
0.000000e+00
0.000000e+00
0.000000e+00
0.000000e+00
0.000000e+00
0.000000e+00
0.000000e+00
0.000000e+00
0.000000e+00
0.000000e+00
0.000000e+00
0.000000e+00
0.000000e+00
0.000000e+00
0.000000e+00
0.000000e+00
0.000000e+00
0.000000e+00
0.000000e+00
0.000000e+00
0.000000e+00
0.000000e+00
0.000000e+00
0.000000e+00
0.000000e+00
0.000000e+00
0.000000e+00
0.000000e+00
0.000000e+00
0.000000e+00
0.000000e+00
0.000000e+00
0.000000e+00
0.000000e+00
0.000000e+00
0.000000e+00
0.000000e+00
0.000000e+00
0.000000e+00
0.000000e+00
0.000000e+00
0.000000e+00
0.000000e+00
0.000000e+00
0.000000e+00
0.000000e+00
0.000000e+00
0.000000e+00
0.000000e+00
0.000000e+00
0.000000e+00
0.000000e+00
0.000000e+00
0.000000e+00
0.000000e+00
0.000000e+00
0.000000e+00
0.000000e+00
0.000000e+00
0.000000e+00
0.000000e+00
0.000000e+00
0.000000e+00
0.000000e+00
0.000000e+00
0.000000e+00
0.000000e+00
0.000000e+00
0.000000e+00
0.000000e+00
0.000000e+00
0.000000e+00
0.000000e+00
0.000000e+00
0.000000e+00
0.000000e+00
0.000000e+00
0.000000e+00
0.000000e+00
0.000000e+00
0.000000e+00
0.000000e+00
0.000000e+00
0.000000e+00
0.000000e+00
0.000000e+00
0.000000e+00
0.000000e+00
0.000000e+00
0.000000e+00
0.000000e+00
0.000000e+00
0.000000e+00
0.000000e+00
0.000000e+00
0.000000e+00
0.000000e+00
0.000000e+00
0.000000e+00
0.000000e+00
0.000000e+00
0.000000e+00
0.000000e+00
0.000000e+00
0.000000e+00
0.000000e+00
0.000000e+00
0.000000e+00
0.000000e+00
0.000000e+00
0.000000e+00
0.000000e+00
0.000000e+00
0.000000e+00
0.000000e+00
0.000000e+00
0.000000e+00
0.000000e+00
0.000000e+00
0.000000e+00
0.000000e+00
0.000000e+00
0.000000e+00
0.000000e+00
0.000000e+00
0.000000e+00
0.000000e+00
0.000000e+00
0.000000e+00
0.000000e+00
0.000000e+00
0.000000e+00
0.000000e+00
0.000000e+00
0.000000e+00
0.000000e+00
0.000000e+00
0.000000e+00
0.000000e+00
0.000000e+00
0.000000e+00
0.000000e+00
0.000000e+00
0.000000e+00
0.000000e+00
0.000000e+00
0.000000e+00
0.000000e+00
0.000000e+00
0.000000e+00
0.000000e+00
0.000000e+00
0.000000e+00
0.000000e+00
0.000000e+00
0.000000e+00
0.000000e+00
0.000000e+00
0.000000e+00
0.000000e+00
0.000000e+00
0.000000e+00
0.000000e+00
0.000000e+00
0.000000e+00
0.000000e+00
0.000000e+00
0.000000e+00
0.000000e+00
0.000000e+00
0.000000e+00
0.000000e+00
0.000000e+00
0.000000e+00
0.000000e+00
0.000000e+00
0.000000e+00
0.000000e+00
0.000000e+00
0.000000e+00
0.000000e+00
0.000000e+00
0.000000e+00
0.000000e+00
0.000000e+00
0.000000e+00
0.000000e+00
0.000000e+00
0.000000e+00
0.000000e+00
0.000000e+00
0.000000e+00
0.000000e+00
0.000000e+00
0.000000e+00
0.000000e+00
0.000000e+00
0.000000e+00
0.000000e+00
0.000000e+00
0.000000e+00
0.000000e+00
0.000000e+00
0.000000e+00
0.000000e+00
0.000000e+00
0.000000e+00
0.000000e+00
0.000000e+00
0.000000e+00
0.000000e+00
0.000000e+00
0.000000e+00
0.000000e+00
0.000000e+00
0.000000e+00
</DataArray>
<DataArray type="Float32" Name="V4" format="ascii">
0.000000e+00
0.000000e+00
0.000000e+00
0.000000e+00
0.000000e+00
0.000000e+00
0.000000e+00
0.000000e+00
0.000000e+00
0.000000e+00
0.000000e+00
0.000000e+00
0.000000e+00
0.000000e+00
0.000000e+00
0.000000e+00
0.000000e+00
0.000000e+00
0.000000e+00
0.000000e+00
0.000000e+00
0.000000e+00
0.000000e+00
0.000000e+00
0.000000e+00
0.000000e+00
0.000000e+00
0.000000e+00
0.000000e+00
0.000000e+00
0.000000e+00
0.000000e+00
0.000000e+00
0.000000e+00
0.000000e+00
0.000000e+00
0.000000e+00
0.000000e+00
0.000000e+00
0.000000e+00
0.000000e+00
0.000000e+00
0.000000e+00
0.000000e+00
0.000000e+00
0.000000e+00
0.000000e+00
0.000000e+00
0.000000e+00
0.000000e+00
0.000000e+00
0.000000e+00
0.000000e+00
0.000000e+00
0.000000e+00
0.000000e+00
0.000000e+00
0.000000e+00
0.000000e+00
0.000000e+00
0.000000e+00
0.000000e+00
0.000000e+00
0.000000e+00
0.000000e+00
0.000000e+00
0.000000e+00
0.000000e+00
0.000000e+00
0.000000e+00
0.000000e+00
0.000000e+00
0.000000e+00
0.000000e+00
0.000000e+00
0.000000e+00
0.000000e+00
0.000000e+00
0.000000e+00
0.000000e+00
0.000000e+00
0.000000e+00
0.000000e+00
0.000000e+00
0.000000e+00
0.000000e+00
0.000000e+00
0.000000e+00
0.000000e+00
0.000000e+00
0.000000e+00
0.000000e+00
0.000000e+00
0.000000e+00
0.000000e+00
0.000000e+00
0.000000e+00
0.000000e+00
0.000000e+00
0.000000e+00
0.000000e+00
0.000000e+00
0.000000e+00
0.000000e+00
0.000000e+00
0.000000e+00
0.000000e+00
0.000000e+00
0.000000e+00
0.000000e+00
0.000000e+00
0.000000e+00
0.000000e+00
0.000000e+00
0.000000e+00
0.000000e+00
0.000000e+00
0.000000e+00
0.000000e+00
0.000000e+00
0.000000e+00
0.000000e+00
0.000000e+00
0.000000e+00
0.000000e+00
0.000000e+00
0.000000e+00
0.000000e+00
0.000000e+00
0.000000e+00
0.000000e+00
0.000000e+00
0.000000e+00
0.000000e+00
0.000000e+00
0.000000e+00
0.000000e+00
0.000000e+00
0.000000e+00
0.000000e+00
0.000000e+00
0.000000e+00
0.000000e+00
0.000000e+00
0.000000e+00
0.000000e+00
0.000000e+00
0.000000e+00
0.000000e+00
0.000000e+00
0.000000e+00
0.000000e+00
0.000000e+00
0.000000e+00
0.000000e+00
0.000000e+00
0.000000e+00
0.000000e+00
0.000000e+00
0.000000e+00
0.000000e+00
0.000000e+00
0.000000e+00
0.000000e+00
0.000000e+00
0.000000e+00
0.000000e+00
0.000000e+00
0.000000e+00
0.000000e+00
0.000000e+00
0.000000e+00
0.000000e+00
0.000000e+00
0.000000e+00
0.000000e+00
0.000000e+00
0.000000e+00
0.000000e+00
0.000000e+00
0.000000e+00
0.000000e+00
0.000000e+00
0.000000e+00
0.000000e+00
0.000000e+00
0.000000e+00
0.000000e+00
0.000000e+00
0.000000e+00
0.000000e+00
0.000000e+00
0.000000e+00
0.000000e+00
0.000000e+00
0.000000e+00
0.000000e+00
0.000000e+00
0.000000e+00
0.000000e+00
0.000000e+00
0.000000e+00
0.000000e+00
0.000000e+00
0.000000e+00
0.000000e+00
0.000000e+00
0.000000e+00
0.000000e+00
0.000000e+00
0.000000e+00
0.000000e+00
0.000000e+00
0.000000e+00
0.000000e+00
0.000000e+00
0.000000e+00
0.000000e+00
0.000000e+00
0.000000e+00
0.000000e+00
0.000000e+00
0.000000e+00
0.000000e+00
0.000000e+00
0.000000e+00
0.000000e+00
0.000000e+00
0.000000e+00
0.000000e+00
0.000000e+00
0.000000e+00
0.000000e+00
0.000000e+00
0.000000e+00
0.000000e+00
0.000000e+00
0.000000e+00
0.000000e+00
0.000000e+00
0.000000e+00
0.000000e+00
0.000000e+00
0.000000e+00
0.000000e+00
0.000000e+00
0.000000e+00
0.000000e+00
0.000000e+00
0.000000e+00
0.000000e+00
0.000000e+00
0.000000e+00
0.000000e+00
0.000000e+00
0.000000e+00
0.000000e+00
0.000000e+00
0.000000e+00
0.000000e+00
0.000000e+00
0.000000e+00
0.000000e+00
0.000000e+00
0.000000e+00
0.000000e+00
0.000000e+00
0.000000e+00
0.000000e+00
0.000000e+00
0.000000e+00
0.000000e+00
0.000000e+00
0.000000e+00
0.000000e+00
0.000000e+00
0.000000e+00
0.000000e+00
0.000000e+00
0.000000e+00
0.000000e+00
0.000000e+00
0.000000e+00
0.000000e+00
0.000000e+00
0.000000e+00
0.000000e+00
0.000000e+00
0.000000e+00
0.000000e+00
0.000000e+00
0.000000e+00
0.000000e+00
0.000000e+00
0.000000e+00
0.000000e+00
0.000000e+00
0.000000e+00
0.000000e+00
0.000000e+00
0.000000e+00
0.000000e+00
0.000000e+00
0.000000e+00
0.000000e+00
0.000000e+00
0.000000e+00
0.000000e+00
0.000000e+00
0.000000e+00
0.000000e+00
0.000000e+00
0.000000e+00
0.000000e+00
0.000000e+00
0.000000e+00
0.000000e+00
0.000000e+00
0.000000e+00
0.000000e+00
0.000000e+00
0.000000e+00
0.000000e+00
0.000000e+00
0.000000e+00
0.000000e+00
0.000000e+00
0.000000e+00
0.000000e+00
0.000000e+00
0.000000e+00
0.000000e+00
0.000000e+00
0.000000e+00
0.000000e+00
0.000000e+00
0.000000e+00
0.000000e+00
0.000000e+00
0.000000e+00
0.000000e+00
0.000000e+00
0.000000e+00
0.000000e+00
0.000000e+00
0.000000e+00
0.000000e+00
0.000000e+00
0.000000e+00
0.000000e+00
0.000000e+00
0.000000e+00
0.000000e+00
0.000000e+00
0.000000e+00
0.000000e+00
0.000000e+00
0.000000e+00
0.000000e+00
0.000000e+00
0.000000e+00
0.000000e+00
0.000000e+00
0.000000e+00
0.000000e+00
0.000000e+00
0.000000e+00
0.000000e+00
0.000000e+00
0.000000e+00
0.000000e+00
0.000000e+00
0.000000e+00
0.000000e+00
0.000000e+00
0.000000e+00
0.000000e+00
0.000000e+00
0.000000e+00
0.000000e+00
0.000000e+00
0.000000e+00
0.000000e+00
0.000000e+00
0.000000e+00
0.000000e+00
0.000000e+00
0.000000e+00
0.000000e+00
0.000000e+00
0.000000e+00
0.000000e+00
0.000000e+00
0.000000e+00
0.000000e+00
0.000000e+00
0.000000e+00
0.000000e+00
0.000000e+00
0.000000e+00
0.000000e+00
0.000000e+00
0.000000e+00
0.000000e+00
0.000000e+00
0.000000e+00
0.000000e+00
0.000000e+00
0.000000e+00
0.000000e+00
0.000000e+00
0.000000e+00
0.000000e+00
0.000000e+00
0.000000e+00
0.000000e+00
0.000000e+00
0.000000e+00
0.000000e+00
0.000000e+00
0.000000e+00
0.000000e+00
0.000000e+00
0.000000e+00
0.000000e+00
0.000000e+00
0.000000e+00
0.000000e+00
0.000000e+00
0.000000e+00
0.000000e+00
0.000000e+00
0.000000e+00
0.000000e+00
0.000000e+00
0.000000e+00
0.000000e+00
0.000000e+00
0.000000e+00
0.000000e+00
0.000000e+00
0.000000e+00
0.000000e+00
0.000000e+00
0.000000e+00
0.000000e+00
0.000000e+00
0.000000e+00
0.000000e+00
0.000000e+00
0.000000e+00
0.000000e+00
0.000000e+00
0.000000e+00
0.000000e+00
0.000000e+00
0.000000e+00
0.000000e+00
0.000000e+00
0.000000e+00
0.000000e+00
0.000000e+00
0.000000e+00
0.000000e+00
0.000000e+00
0.000000e+00
0.000000e+00
0.000000e+00
0.000000e+00
0.000000e+00
0.000000e+00
0.000000e+00
0.000000e+00
0.000000e+00
0.000000e+00
0.000000e+00
0.000000e+00
0.000000e+00
0.000000e+00
0.000000e+00
0.000000e+00
0.000000e+00
0.000000e+00
0.000000e+00
0.000000e+00
0.000000e+00
0.000000e+00
0.000000e+00
0.000000e+00
0.000000e+00
0.000000e+00
0.000000e+00
0.000000e+00
0.000000e+00
0.000000e+00
0.000000e+00
0.000000e+00
0.000000e+00
0.000000e+00
0.000000e+00
0.000000e+00
0.000000e+00
0.000000e+00
0.000000e+00
0.000000e+00
0.000000e+00
0.000000e+00
0.000000e+00
0.000000e+00
0.000000e+00
0.000000e+00
0.000000e+00
0.000000e+00
0.000000e+00
0.000000e+00
0.000000e+00
0.000000e+00
0.000000e+00
0.000000e+00
0.000000e+00
0.000000e+00
0.000000e+00
0.000000e+00
0.000000e+00
0.000000e+00
0.000000e+00
0.000000e+00
0.000000e+00
0.000000e+00
0.000000e+00
0.000000e+00
0.000000e+00
0.000000e+00
0.000000e+00
0.000000e+00
0.000000e+00
0.000000e+00
0.000000e+00
0.000000e+00
0.000000e+00
0.000000e+00
0.000000e+00
0.000000e+00
0.000000e+00
0.000000e+00
0.000000e+00
0.000000e+00
0.000000e+00
0.000000e+00
0.000000e+00
0.000000e+00
0.000000e+00
0.000000e+00
0.000000e+00
0.000000e+00
0.000000e+00
0.000000e+00
0.000000e+00
0.000000e+00
0.000000e+00
0.000000e+00
0.000000e+00
0.000000e+00
0.000000e+00
0.000000e+00
0.000000e+00
0.000000e+00
0.000000e+00
0.000000e+00
0.000000e+00
0.000000e+00
0.000000e+00
0.000000e+00
0.000000e+00
0.000000e+00
0.000000e+00
0.000000e+00
0.000000e+00
0.000000e+00
0.000000e+00
0.000000e+00
0.000000e+00
0.000000e+00
0.000000e+00
0.000000e+00
0.000000e+00
0.000000e+00
0.000000e+00
0.000000e+00
0.000000e+00
0.000000e+00
0.000000e+00
0.000000e+00
0.000000e+00
0.000000e+00
0.000000e+00
0.000000e+00
0.000000e+00
0.000000e+00
0.000000e+00
0.000000e+00
0.000000e+00
0.000000e+00
0.000000e+00
0.000000e+00
0.000000e+00
0.000000e+00
0.000000e+00
0.000000e+00
0.000000e+00
0.000000e+00
0.000000e+00
0.000000e+00
0.000000e+00
0.000000e+00
0.000000e+00
0.000000e+00
0.000000e+00
0.000000e+00
0.000000e+00
0.000000e+00
0.000000e+00
0.000000e+00
0.000000e+00
0.000000e+00
0.000000e+00
0.000000e+00
0.000000e+00
0.000000e+00
0.000000e+00
0.000000e+00
0.000000e+00
0.000000e+00
0.000000e+00
0.000000e+00
0.000000e+00
0.000000e+00
0.000000e+00
0.000000e+00
0.000000e+00
0.000000e+00
0.000000e+00
0.000000e+00
0.000000e+00
0.000000e+00
0.000000e+00
0.000000e+00
0.000000e+00
0.000000e+00
0.000000e+00
0.000000e+00
0.000000e+00
0.000000e+00
0.000000e+00
0.000000e+00
0.000000e+00
0.000000e+00
0.000000e+00
0.000000e+00
0.000000e+00
0.000000e+00
0.000000e+00
0.000000e+00
0.000000e+00
0.000000e+00
0.000000e+00
0.000000e+00
0.000000e+00
0.000000e+00
0.000000e+00
0.000000e+00
0.000000e+00
0.000000e+00
0.000000e+00
0.000000e+00
0.000000e+00
0.000000e+00
0.000000e+00
0.000000e+00
0.000000e+00
0.000000e+00
0.000000e+00
0.000000e+00
0.000000e+00
0.000000e+00
0.000000e+00
0.000000e+00
0.000000e+00
0.000000e+00
0.000000e+00
0.000000e+00
0.000000e+00
0.000000e+00
0.000000e+00
0.000000e+00
0.000000e+00
0.000000e+00
0.000000e+00
0.000000e+00
0.000000e+00
0.000000e+00
0.000000e+00
0.000000e+00
0.000000e+00
0.000000e+00
0.000000e+00
0.000000e+00
0.000000e+00
0.000000e+00
0.000000e+00
0.000000e+00
0.000000e+00
0.000000e+00
0.000000e+00
0.000000e+00
0.000000e+00
0.000000e+00
0.000000e+00
0.000000e+00
0.000000e+00
0.000000e+00
0.000000e+00
0.000000e+00
0.000000e+00
0.000000e+00
0.000000e+00
0.000000e+00
0.000000e+00
0.000000e+00
0.000000e+00
0.000000e+00
0.000000e+00
0.000000e+00
0.000000e+00
0.000000e+00
0.000000e+00
0.000000e+00
0.000000e+00
0.000000e+00
0.000000e+00
0.000000e+00
0.000000e+00
0.000000e+00
0.000000e+00
0.000000e+00
0.000000e+00
0.000000e+00
0.000000e+00
0.000000e+00
0.000000e+00
0.000000e+00
0.000000e+00
0.000000e+00
0.000000e+00
0.000000e+00
0.000000e+00
0.000000e+00
0.000000e+00
0.000000e+00
0.000000e+00
0.000000e+00
0.000000e+00
0.000000e+00
0.000000e+00
0.000000e+00
0.000000e+00
0.000000e+00
0.000000e+00
0.000000e+00
0.000000e+00
0.000000e+00
0.000000e+00
0.000000e+00
0.000000e+00
0.000000e+00
0.000000e+00
0.000000e+00
0.000000e+00
0.000000e+00
0.000000e+00
0.000000e+00
0.000000e+00
0.000000e+00
0.000000e+00
0.000000e+00
0.000000e+00
0.000000e+00
0.000000e+00
0.000000e+00
0.000000e+00
0.000000e+00
0.000000e+00
0.000000e+00
0.000000e+00
0.000000e+00
0.000000e+00
0.000000e+00
0.000000e+00
0.000000e+00
0.000000e+00
0.000000e+00
0.000000e+00
0.000000e+00
0.000000e+00
0.000000e+00
0.000000e+00
0.000000e+00
0.000000e+00
0.000000e+00
0.000000e+00
0.000000e+00
0.000000e+00
0.000000e+00
0.000000e+00
0.000000e+00
0.000000e+00
0.000000e+00
0.000000e+00
0.000000e+00
0.000000e+00
0.000000e+00
0.000000e+00
0.000000e+00
0.000000e+00
0.000000e+00
0.000000e+00
0.000000e+00
0.000000e+00
0.000000e+00
0.000000e+00
0.000000e+00
0.000000e+00
0.000000e+00
0.000000e+00
0.000000e+00
0.000000e+00
0.000000e+00
0.000000e+00
0.000000e+00
0.000000e+00
0.000000e+00
0.000000e+00
0.000000e+00
0.000000e+00
0.000000e+00
0.000000e+00
0.000000e+00
0.000000e+00
0.000000e+00
0.000000e+00
0.000000e+00
0.000000e+00
0.000000e+00
0.000000e+00
0.000000e+00
0.000000e+00
0.000000e+00
0.000000e+00
0.000000e+00
0.000000e+00
0.000000e+00
0.000000e+00
0.000000e+00
0.000000e+00
0.000000e+00
0.000000e+00
0.000000e+00
0.000000e+00
0.000000e+00
0.000000e+00
0.000000e+00
0.000000e+00
0.000000e+00
0.000000e+00
0.000000e+00
0.000000e+00
0.000000e+00
0.000000e+00
0.000000e+00
0.000000e+00
0.000000e+00
0.000000e+00
0.000000e+00
0.000000e+00
0.000000e+00
0.000000e+00
0.000000e+00
0.000000e+00
0.000000e+00
0.000000e+00
0.000000e+00
0.000000e+00
0.000000e+00
0.000000e+00
0.000000e+00
0.000000e+00
0.000000e+00
0.000000e+00
0.000000e+00
0.000000e+00
0.000000e+00
0.000000e+00
0.000000e+00
0.000000e+00
0.000000e+00
0.000000e+00
0.000000e+00
0.000000e+00
0.000000e+00
0.000000e+00
0.000000e+00
0.000000e+00
0.000000e+00
0.000000e+00
0.000000e+00
0.000000e+00
0.000000e+00
0.000000e+00
0.000000e+00
0.000000e+00
0.000000e+00
0.000000e+00
0.000000e+00
0.000000e+00
0.000000e+00
0.000000e+00
0.000000e+00
0.000000e+00
0.000000e+00
0.000000e+00
0.000000e+00
0.000000e+00
0.000000e+00
0.000000e+00
0.000000e+00
0.000000e+00
0.000000e+00
0.000000e+00
0.000000e+00
0.000000e+00
0.000000e+00
0.000000e+00
0.000000e+00
0.000000e+00
0.000000e+00
0.000000e+00
0.000000e+00
0.000000e+00
0.000000e+00
0.000000e+00
0.000000e+00
0.000000e+00
0.000000e+00
0.000000e+00
0.000000e+00
0.000000e+00
0.000000e+00
0.000000e+00
0.000000e+00
0.000000e+00
0.000000e+00
0.000000e+00
0.000000e+00
0.000000e+00
0.000000e+00
0.000000e+00
0.000000e+00
0.000000e+00
0.000000e+00
0.000000e+00
0.000000e+00
0.000000e+00
0.000000e+00
0.000000e+00
0.000000e+00
0.000000e+00
0.000000e+00
0.000000e+00
0.000000e+00
0.000000e+00
0.000000e+00
0.000000e+00
0.000000e+00
0.000000e+00
0.000000e+00
0.000000e+00
0.000000e+00
0.000000e+00
0.000000e+00
0.000000e+00
0.000000e+00
0.000000e+00
0.000000e+00
0.000000e+00
0.000000e+00
0.000000e+00
0.000000e+00
0.000000e+00
0.000000e+00
0.000000e+00
0.000000e+00
0.000000e+00
0.000000e+00
0.000000e+00
0.000000e+00
0.000000e+00
0.000000e+00
0.000000e+00
0.000000e+00
0.000000e+00
0.000000e+00
0.000000e+00
0.000000e+00
0.000000e+00
0.000000e+00
0.000000e+00
0.000000e+00
0.000000e+00
0.000000e+00
0.000000e+00
0.000000e+00
0.000000e+00
0.000000e+00
0.000000e+00
0.000000e+00
0.000000e+00
0.000000e+00
0.000000e+00
0.000000e+00
0.000000e+00
0.000000e+00
0.000000e+00
0.000000e+00
0.000000e+00
0.000000e+00
0.000000e+00
0.000000e+00
0.000000e+00
0.000000e+00
0.000000e+00
0.000000e+00
0.000000e+00
0.000000e+00
0.000000e+00
0.000000e+00
0.000000e+00
0.000000e+00
0.000000e+00
0.000000e+00
0.000000e+00
0.000000e+00
0.000000e+00
0.000000e+00
0.000000e+00
0.000000e+00
0.000000e+00
0.000000e+00
0.000000e+00
0.000000e+00
0.000000e+00
0.000000e+00
0.000000e+00
0.000000e+00
0.000000e+00
0.000000e+00
0.000000e+00
0.000000e+00
0.000000e+00
0.000000e+00
0.000000e+00
0.000000e+00
0.000000e+00
0.000000e+00
0.000000e+00
0.000000e+00
0.000000e+00
0.000000e+00
0.000000e+00
0.000000e+00
0.000000e+00
0.000000e+00
0.000000e+00
0.000000e+00
0.000000e+00
0.000000e+00
0.000000e+00
0.000000e+00
0.000000e+00
0.000000e+00
0.000000e+00
0.000000e+00
0.000000e+00
0.000000e+00
0.000000e+00
0.000000e+00
0.000000e+00
0.000000e+00
0.000000e+00
0.000000e+00
0.000000e+00
0.000000e+00
0.000000e+00
0.000000e+00
0.000000e+00
0.000000e+00
0.000000e+00
0.000000e+00
0.000000e+00
0.000000e+00
0.000000e+00
0.000000e+00
0.000000e+00
0.000000e+00
0.000000e+00
0.000000e+00
0.000000e+00
0.000000e+00
0.000000e+00
0.000000e+00
0.000000e+00
0.000000e+00
0.000000e+00
0.000000e+00
0.000000e+00
0.000000e+00
0.000000e+00
0.000000e+00
0.000000e+00
0.000000e+00
0.000000e+00
0.000000e+00
0.000000e+00
0.000000e+00
0.000000e+00
0.000000e+00
0.000000e+00
0.000000e+00
0.000000e+00
0.000000e+00
0.000000e+00
0.000000e+00
0.000000e+00
0.000000e+00
0.000000e+00
0.000000e+00
0.000000e+00
0.000000e+00
0.000000e+00
0.000000e+00
0.000000e+00
0.000000e+00
0.000000e+00
0.000000e+00
0.000000e+00
0.000000e+00
0.000000e+00
0.000000e+00
0.000000e+00
0.000000e+00
0.000000e+00
0.000000e+00
0.000000e+00
0.000000e+00
0.000000e+00
0.000000e+00
0.000000e+00
0.000000e+00
0.000000e+00
0.000000e+00
0.000000e+00
0.000000e+00
0.000000e+00
0.000000e+00
0.000000e+00
0.000000e+00
0.000000e+00
0.000000e+00
0.000000e+00
0.000000e+00
0.000000e+00
0.000000e+00
0.000000e+00
0.000000e+00
0.000000e+00
0.000000e+00
0.000000e+00
0.000000e+00
0.000000e+00
0.000000e+00
0.000000e+00
0.000000e+00
0.000000e+00
0.000000e+00
0.000000e+00
0.000000e+00
0.000000e+00
0.000000e+00
0.000000e+00
0.000000e+00
0.000000e+00
0.000000e+00
0.000000e+00
0.000000e+00
0.000000e+00
0.000000e+00
0.000000e+00
0.000000e+00
0.000000e+00
0.000000e+00
0.000000e+00
0.000000e+00
0.000000e+00
0.000000e+00
0.000000e+00
0.000000e+00
0.000000e+00
0.000000e+00
0.000000e+00
0.000000e+00
0.000000e+00
0.000000e+00
0.000000e+00
0.000000e+00
0.000000e+00
0.000000e+00
0.000000e+00
0.000000e+00
0.000000e+00
0.000000e+00
0.000000e+00
0.000000e+00
0.000000e+00
0.000000e+00
0.000000e+00
0.000000e+00
0.000000e+00
0.000000e+00
0.000000e+00
0.000000e+00
0.000000e+00
0.000000e+00
0.000000e+00
0.000000e+00
0.000000e+00
0.000000e+00
0.000000e+00
0.000000e+00
0.000000e+00
0.000000e+00
0.000000e+00
0.000000e+00
0.000000e+00
0.000000e+00
0.000000e+00
0.000000e+00
0.000000e+00
0.000000e+00
0.000000e+00
0.000000e+00
0.000000e+00
0.000000e+00
0.000000e+00
0.000000e+00
0.000000e+00
0.000000e+00
0.000000e+00
0.000000e+00
0.000000e+00
0.000000e+00
0.000000e+00
0.000000e+00
0.000000e+00
0.000000e+00
0.000000e+00
0.000000e+00
0.000000e+00
0.000000e+00
0.000000e+00
0.000000e+00
0.000000e+00
0.000000e+00
0.000000e+00
0.000000e+00
0.000000e+00
0.000000e+00
0.000000e+00
0.000000e+00
0.000000e+00
0.000000e+00
0.000000e+00
0.000000e+00
0.000000e+00
0.000000e+00
0.000000e+00
0.000000e+00
0.000000e+00
0.000000e+00
0.000000e+00
0.000000e+00
0.000000e+00
0.000000e+00
0.000000e+00
0.000000e+00
0.000000e+00
0.000000e+00
0.000000e+00
0.000000e+00
0.000000e+00
0.000000e+00
0.000000e+00
0.000000e+00
0.000000e+00
0.000000e+00
0.000000e+00
0.000000e+00
0.000000e+00
0.000000e+00
0.000000e+00
0.000000e+00
0.000000e+00
0.000000e+00
0.000000e+00
0.000000e+00
0.000000e+00
0.000000e+00
0.000000e+00
0.000000e+00
0.000000e+00
0.000000e+00
0.000000e+00
0.000000e+00
0.000000e+00
0.000000e+00
0.000000e+00
0.000000e+00
0.000000e+00
0.000000e+00
0.000000e+00
0.000000e+00
0.000000e+00
0.000000e+00
0.000000e+00
0.000000e+00
0.000000e+00
0.000000e+00
0.000000e+00
0.000000e+00
0.000000e+00
0.000000e+00
0.000000e+00
0.000000e+00
0.000000e+00
0.000000e+00
0.000000e+00
0.000000e+00
0.000000e+00
0.000000e+00
0.000000e+00
0.000000e+00
0.000000e+00
0.000000e+00
0.000000e+00
0.000000e+00
0.000000e+00
0.000000e+00
0.000000e+00
0.000000e+00
0.000000e+00
0.000000e+00
0.000000e+00
0.000000e+00
0.000000e+00
0.000000e+00
0.000000e+00
0.000000e+00
0.000000e+00
0.000000e+00
0.000000e+00
0.000000e+00
0.000000e+00
0.000000e+00
0.000000e+00
0.000000e+00
0.000000e+00
0.000000e+00
0.000000e+00
0.000000e+00
0.000000e+00
0.000000e+00
0.000000e+00
0.000000e+00
0.000000e+00
0.000000e+00
0.000000e+00
0.000000e+00
0.000000e+00
0.000000e+00
0.000000e+00
0.000000e+00
0.000000e+00
0.000000e+00
0.000000e+00
0.000000e+00
0.000000e+00
0.000000e+00
0.000000e+00
0.000000e+00
0.000000e+00
0.000000e+00
0.000000e+00
0.000000e+00
0.000000e+00
0.000000e+00
0.000000e+00
0.000000e+00
0.000000e+00
0.000000e+00
0.000000e+00
0.000000e+00
0.000000e+00
0.000000e+00
0.000000e+00
0.000000e+00
0.000000e+00
0.000000e+00
0.000000e+00
0.000000e+00
0.000000e+00
0.000000e+00
0.000000e+00
0.000000e+00
0.000000e+00
0.000000e+00
0.000000e+00
0.000000e+00
0.000000e+00
0.000000e+00
0.000000e+00
0.000000e+00
0.000000e+00
0.000000e+00
0.000000e+00
0.000000e+00
0.000000e+00
0.000000e+00
0.000000e+00
0.000000e+00
0.000000e+00
0.000000e+00
0.000000e+00
0.000000e+00
0.000000e+00
0.000000e+00
0.000000e+00
0.000000e+00
0.000000e+00
0.000000e+00
0.000000e+00
0.000000e+00
0.000000e+00
0.000000e+00
0.000000e+00
0.000000e+00
0.000000e+00
0.000000e+00
0.000000e+00
0.000000e+00
0.000000e+00
0.000000e+00
0.000000e+00
0.000000e+00
0.000000e+00
0.000000e+00
0.000000e+00
0.000000e+00
0.000000e+00
0.000000e+00
0.000000e+00
0.000000e+00
0.000000e+00
0.000000e+00
0.000000e+00
0.000000e+00
0.000000e+00
0.000000e+00
0.000000e+00
0.000000e+00
0.000000e+00
0.000000e+00
0.000000e+00
0.000000e+00
0.000000e+00
0.000000e+00
0.000000e+00
0.000000e+00
0.000000e+00
0.000000e+00
0.000000e+00
0.000000e+00
0.000000e+00
0.000000e+00
0.000000e+00
0.000000e+00
0.000000e+00
0.000000e+00
0.000000e+00
0.000000e+00
0.000000e+00
0.000000e+00
0.000000e+00
0.000000e+00
0.000000e+00
0.000000e+00
0.000000e+00
0.000000e+00
0.000000e+00
0.000000e+00
0.000000e+00
0.000000e+00
0.000000e+00
0.000000e+00
0.000000e+00
0.000000e+00
0.000000e+00
0.000000e+00
0.000000e+00
0.000000e+00
0.000000e+00
0.000000e+00
0.000000e+00
0.000000e+00
0.000000e+00
0.000000e+00
0.000000e+00
0.000000e+00
0.000000e+00
0.000000e+00
0.000000e+00
0.000000e+00
0.000000e+00
0.000000e+00
0.000000e+00
0.000000e+00
0.000000e+00
0.000000e+00
0.000000e+00
0.000000e+00
0.000000e+00
0.000000e+00
0.000000e+00
0.000000e+00
0.000000e+00
0.000000e+00
0.000000e+00
0.000000e+00
0.000000e+00
0.000000e+00
0.000000e+00
0.000000e+00
0.000000e+00
0.000000e+00
0.000000e+00
0.000000e+00
0.000000e+00
0.000000e+00
0.000000e+00
0.000000e+00
0.000000e+00
0.000000e+00
0.000000e+00
0.000000e+00
0.000000e+00
0.000000e+00
0.000000e+00
0.000000e+00
0.000000e+00
0.000000e+00
0.000000e+00
0.000000e+00
0.000000e+00
0.000000e+00
0.000000e+00
0.000000e+00
0.000000e+00
0.000000e+00
0.000000e+00
0.000000e+00
0.000000e+00
0.000000e+00
0.000000e+00
0.000000e+00
0.000000e+00
0.000000e+00
0.000000e+00
0.000000e+00
0.000000e+00
0.000000e+00
0.000000e+00
0.000000e+00
0.000000e+00
0.000000e+00
0.000000e+00
0.000000e+00
0.000000e+00
0.000000e+00
0.000000e+00
0.000000e+00
0.000000e+00
0.000000e+00
0.000000e+00
0.000000e+00
0.000000e+00
0.000000e+00
0.000000e+00
0.000000e+00
0.000000e+00
0.000000e+00
0.000000e+00
0.000000e+00
0.000000e+00
0.000000e+00
0.000000e+00
0.000000e+00
0.000000e+00
0.000000e+00
0.000000e+00
0.000000e+00
0.000000e+00
0.000000e+00
0.000000e+00
0.000000e+00
0.000000e+00
0.000000e+00
0.000000e+00
0.000000e+00
0.000000e+00
0.000000e+00
0.000000e+00
0.000000e+00
0.000000e+00
0.000000e+00
0.000000e+00
0.000000e+00
0.000000e+00
0.000000e+00
0.000000e+00
0.000000e+00
0.000000e+00
0.000000e+00
0.000000e+00
0.000000e+00
0.000000e+00
0.000000e+00
0.000000e+00
0.000000e+00
0.000000e+00
0.000000e+00
0.000000e+00
0.000000e+00
0.000000e+00
0.000000e+00
0.000000e+00
0.000000e+00
0.000000e+00
0.000000e+00
0.000000e+00
0.000000e+00
0.000000e+00
0.000000e+00
0.000000e+00
0.000000e+00
0.000000e+00
0.000000e+00
0.000000e+00
0.000000e+00
0.000000e+00
0.000000e+00
0.000000e+00
0.000000e+00
0.000000e+00
0.000000e+00
0.000000e+00
0.000000e+00
0.000000e+00
0.000000e+00
0.000000e+00
0.000000e+00
0.000000e+00
0.000000e+00
0.000000e+00
0.000000e+00
0.000000e+00
0.000000e+00
0.000000e+00
0.000000e+00
0.000000e+00
0.000000e+00
0.000000e+00
0.000000e+00
0.000000e+00
0.000000e+00
0.000000e+00
0.000000e+00
0.000000e+00
0.000000e+00
0.000000e+00
0.000000e+00
0.000000e+00
0.000000e+00
0.000000e+00
0.000000e+00
0.000000e+00
0.000000e+00
0.000000e+00
0.000000e+00
0.000000e+00
0.000000e+00
0.000000e+00
0.000000e+00
0.000000e+00
0.000000e+00
0.000000e+00
0.000000e+00
0.000000e+00
0.000000e+00
0.000000e+00
0.000000e+00
0.000000e+00
0.000000e+00
0.000000e+00
0.000000e+00
0.000000e+00
0.000000e+00
0.000000e+00
0.000000e+00
0.000000e+00
0.000000e+00
0.000000e+00
0.000000e+00
0.000000e+00
0.000000e+00
0.000000e+00
0.000000e+00
0.000000e+00
0.000000e+00
0.000000e+00
0.000000e+00
0.000000e+00
0.000000e+00
0.000000e+00
0.000000e+00
0.000000e+00
0.000000e+00
0.000000e+00
0.000000e+00
0.000000e+00
0.000000e+00
0.000000e+00
0.000000e+00
0.000000e+00
0.000000e+00
0.000000e+00
0.000000e+00
0.000000e+00
0.000000e+00
0.000000e+00
0.000000e+00
0.000000e+00
0.000000e+00
0.000000e+00
0.000000e+00
0.000000e+00
0.000000e+00
0.000000e+00
0.000000e+00
0.000000e+00
0.000000e+00
0.000000e+00
0.000000e+00
0.000000e+00
0.000000e+00
0.000000e+00
0.000000e+00
0.000000e+00
0.000000e+00
0.000000e+00
0.000000e+00
0.000000e+00
0.000000e+00
0.000000e+00
0.000000e+00
0.000000e+00
0.000000e+00
0.000000e+00
0.000000e+00
0.000000e+00
0.000000e+00
0.000000e+00
0.000000e+00
0.000000e+00
0.000000e+00
0.000000e+00
0.000000e+00
0.000000e+00
0.000000e+00
0.000000e+00
0.000000e+00
0.000000e+00
0.000000e+00
0.000000e+00
0.000000e+00
0.000000e+00
0.000000e+00
0.000000e+00
0.000000e+00
0.000000e+00
0.000000e+00
0.000000e+00
0.000000e+00
0.000000e+00
0.000000e+00
0.000000e+00
0.000000e+00
0.000000e+00
0.000000e+00
0.000000e+00
0.000000e+00
0.000000e+00
0.000000e+00
0.000000e+00
0.000000e+00
0.000000e+00
0.000000e+00
0.000000e+00
0.000000e+00
0.000000e+00
0.000000e+00
0.000000e+00
0.000000e+00
0.000000e+00
0.000000e+00
0.000000e+00
0.000000e+00
0.000000e+00
0.000000e+00
0.000000e+00
0.000000e+00
0.000000e+00
0.000000e+00
0.000000e+00
0.000000e+00
0.000000e+00
0.000000e+00
0.000000e+00
0.000000e+00
0.000000e+00
0.000000e+00
0.000000e+00
0.000000e+00
0.000000e+00
0.000000e+00
0.000000e+00
0.000000e+00
0.000000e+00
0.000000e+00
0.000000e+00
0.000000e+00
0.000000e+00
0.000000e+00
0.000000e+00
0.000000e+00
0.000000e+00
0.000000e+00
0.000000e+00
0.000000e+00
0.000000e+00
0.000000e+00
0.000000e+00
0.000000e+00
0.000000e+00
0.000000e+00
0.000000e+00
0.000000e+00
0.000000e+00
0.000000e+00
0.000000e+00
0.000000e+00
0.000000e+00
0.000000e+00
0.000000e+00
0.000000e+00
0.000000e+00
0.000000e+00
0.000000e+00
0.000000e+00
0.000000e+00
0.000000e+00
0.000000e+00
0.000000e+00
0.000000e+00
0.000000e+00
0.000000e+00
0.000000e+00
0.000000e+00
0.000000e+00
0.000000e+00
0.000000e+00
0.000000e+00
0.000000e+00
0.000000e+00
0.000000e+00
0.000000e+00
0.000000e+00
0.000000e+00
0.000000e+00
0.000000e+00
0.000000e+00
0.000000e+00
0.000000e+00
0.000000e+00
0.000000e+00
0.000000e+00
0.000000e+00
0.000000e+00
0.000000e+00
0.000000e+00
0.000000e+00
0.000000e+00
0.000000e+00
0.000000e+00
0.000000e+00
0.000000e+00
0.000000e+00
0.000000e+00
0.000000e+00
0.000000e+00
0.000000e+00
0.000000e+00
0.000000e+00
0.000000e+00
0.000000e+00
0.000000e+00
0.000000e+00
0.000000e+00
0.000000e+00
0.000000e+00
0.000000e+00
0.000000e+00
0.000000e+00
0.000000e+00
0.000000e+00
0.000000e+00
0.000000e+00
0.000000e+00
0.000000e+00
0.000000e+00
0.000000e+00
0.000000e+00
0.000000e+00
0.000000e+00
0.000000e+00
0.000000e+00
0.000000e+00
0.000000e+00
0.000000e+00
0.000000e+00
0.000000e+00
0.000000e+00
0.000000e+00
0.000000e+00
0.000000e+00
0.000000e+00
0.000000e+00
0.000000e+00
0.000000e+00
0.000000e+00
0.000000e+00
0.000000e+00
0.000000e+00
0.000000e+00
0.000000e+00
0.000000e+00
0.000000e+00
0.000000e+00
0.000000e+00
0.000000e+00
0.000000e+00
0.000000e+00
0.000000e+00
0.000000e+00
0.000000e+00
0.000000e+00
0.000000e+00
0.000000e+00
0.000000e+00
0.000000e+00
0.000000e+00
0.000000e+00
0.000000e+00
0.000000e+00
0.000000e+00
0.000000e+00
0.000000e+00
0.000000e+00
0.000000e+00
0.000000e+00
0.000000e+00
0.000000e+00
0.000000e+00
0.000000e+00
0.000000e+00
0.000000e+00
0.000000e+00
0.000000e+00
0.000000e+00
0.000000e+00
0.000000e+00
0.000000e+00
0.000000e+00
0.000000e+00
0.000000e+00
0.000000e+00
0.000000e+00
0.000000e+00
0.000000e+00
0.000000e+00
0.000000e+00
0.000000e+00
0.000000e+00
0.000000e+00
0.000000e+00
0.000000e+00
0.000000e+00
0.000000e+00
0.000000e+00
0.000000e+00
0.000000e+00
0.000000e+00
0.000000e+00
0.000000e+00
</DataArray>
</PointData>
</Piece></UnstructuredGrid>
</VTKFile>
