0 0 0 
0 0 0 
0 0 0 
0 0 0 
0 0 0 
0 0 0 
0 0 0 
0 0 0 
0 0 0 
0 0 0 
0 0 0 
0 0 0 
0 0 0 
0 0 0 
0 0 0 
0 0 0 
0 0 0 
0 0 0 
0 0 0 
0 0 0 
0 0 0 
0 0 0 
0 0 0 
0 0 0 
0 0 0 
0 0 0 
-0 0 0 
-0 0 0 
-0 0 0 
-0 0 0 
-0 0 0 
-0 0 0 
-0 0 0 
-0 0 0 
-0 0 0 
-0 0 0 
-0 0 0 
-0 0 0 
-0 0 0 
-0 0 0 
-0 0 0 
-0 0 0 
-0 0 0 
-0 0 0 
-0 0 0 
-0 0 0 
-0 0 0 
-0 0 0 
-0 0 0 
-0 0 0 
-0 0 0 
-0 0 0 
-0 -0 0 
-0 -0 0 
-0 -0 0 
-0 -0 0 
-0 -0 0 
-0 -0 0 
-0 -0 0 
-0 -0 0 
-0 -0 0 
-0 -0 0 
-0 -0 0 
-0 -0 0 
-0 -0 0 
-0 -0 0 
-0 -0 0 
-0 -0 0 
-0 -0 0 
-0 -0 0 
-0 -0 0 
-0 -0 0 
-0 -0 0 
-0 -0 0 
-0 -0 0 
-0 -0 0 
-0 -0 0 
-0 -0 0 
-0 -0 0 
0 -0 0 
0 -0 0 
0 -0 0 
0 -0 0 
0 -0 0 
0 -0 0 
0 -0 0 
0 -0 0 
0 -0 0 
0 -0 0 
0 -0 0 
0 -0 0 
0 -0 0 
0 -0 0 
0 -0 0 
0 -0 0 
0 -0 0 
0 -0 0 
0 -0 0 
0 -0 0 
0 -0 0 
0 -0 0 
0 -0 0 
0 -0 0 
0 -0 0 
0 0 0 
0.025641 0 6.57505e-05 
0.0255942 0.00154817 6.57503e-05 
0.0254541 0.00309068 6.57498e-05 
0.025221 0.00462192 6.57489e-05 
0.0248959 0.0061363 6.57478e-05 
0.02448 0.00762828 6.57465e-05 
0.0239748 0.00909243 6.57452e-05 
0.023382 0.0105234 6.5744e-05 
0.022704 0.011916 6.5743e-05 
0.0219431 0.0132651 6.57423e-05 
0.0211022 0.0145658 6.57419e-05 
0.0201842 0.0158133 6.5742e-05 
0.0191926 0.0170031 6.57424e-05 
0.0181309 0.0181309 6.57432e-05 
0.0170031 0.0191926 6.57442e-05 
0.0158133 0.0201842 6.57454e-05 
0.0145658 0.0211022 6.57467e-05 
0.0132651 0.0219431 6.5748e-05 
0.011916 0.022704 6.57491e-05 
0.0105234 0.023382 6.57499e-05 
0.00909243 0.0239748 6.57504e-05 
0.00762828 0.02448 6.57505e-05 
0.0061363 0.0248959 6.57503e-05 
0.00462192 0.025221 6.57496e-05 
0.00309068 0.0254541 6.57487e-05 
0.00154817 0.0255942 6.57475e-05 
-4.12339e-18 0.025641 6.57462e-05 
-0.00154817 0.0255942 6.57449e-05 
-0.00309068 0.0254541 6.57438e-05 
-0.00462192 0.025221 6.57428e-05 
-0.0061363 0.0248959 6.57422e-05 
-0.00762828 0.02448 6.57419e-05 
-0.00909243 0.0239748 6.5742e-05 
-0.0105234 0.023382 6.57425e-05 
-0.011916 0.022704 6.57434e-05 
-0.0132651 0.0219431 6.57444e-05 
-0.0145658 0.0211022 6.57457e-05 
-0.0158133 0.0201842 6.5747e-05 
-0.0170031 0.0191926 6.57482e-05 
-0.0181309 0.0181309 6.57493e-05 
-0.0191926 0.0170031 6.575e-05 
-0.0201842 0.0158133 6.57505e-05 
-0.0211022 0.0145658 6.57505e-05 
-0.0219431 0.0132651 6.57502e-05 
-0.022704 0.011916 6.57495e-05 
-0.023382 0.0105234 6.57485e-05 
-0.0239748 0.00909243 6.57473e-05 
-0.02448 0.00762828 6.5746e-05 
-0.0248959 0.0061363 6.57447e-05 
-0.025221 0.00462192 6.57436e-05 
-0.0254541 0.00309068 6.57427e-05 
-0.0255942 0.00154817 6.57421e-05 
-0.025641 -8.24678e-18 6.57419e-05 
-0.0255942 -0.00154817 6.57421e-05 
-0.0254541 -0.00309068 6.57427e-05 
-0.025221 -0.00462192 6.57436e-05 
-0.0248959 -0.0061363 6.57447e-05 
-0.02448 -0.00762828 6.5746e-05 
-0.0239748 -0.00909243 6.57473e-05 
-0.023382 -0.0105234 6.57485e-05 
-0.022704 -0.011916 6.57495e-05 
-0.0219431 -0.0132651 6.57502e-05 
-0.0211022 -0.0145658 6.57505e-05 
-0.0201842 -0.0158133 6.57505e-05 
-0.0191926 -0.0170031 6.575e-05 
-0.0181309 -0.0181309 6.57493e-05 
-0.0170031 -0.0191926 6.57482e-05 
-0.0158133 -0.0201842 6.5747e-05 
-0.0145658 -0.0211022 6.57457e-05 
-0.0132651 -0.0219431 6.57444e-05 
-0.011916 -0.022704 6.57434e-05 
-0.0105234 -0.023382 6.57425e-05 
-0.00909243 -0.0239748 6.5742e-05 
-0.00762828 -0.02448 6.57419e-05 
-0.0061363 -0.0248959 6.57422e-05 
-0.00462192 -0.025221 6.57428e-05 
-0.00309068 -0.0254541 6.57438e-05 
-0.00154817 -0.0255942 6.57449e-05 
-4.71018e-18 -0.025641 6.57462e-05 
0.00154817 -0.0255942 6.57475e-05 
0.00309068 -0.0254541 6.57487e-05 
0.00462192 -0.025221 6.57496e-05 
0.0061363 -0.0248959 6.57503e-05 
0.00762828 -0.02448 6.57505e-05 
0.00909243 -0.0239748 6.57504e-05 
0.0105234 -0.023382 6.57499e-05 
0.011916 -0.022704 6.57491e-05 
0.0132651 -0.0219431 6.5748e-05 
0.0145658 -0.0211022 6.57467e-05 
0.0158133 -0.0201842 6.57454e-05 
0.0170031 -0.0191926 6.57442e-05 
0.0181309 -0.0181309 6.57432e-05 
0.0191926 -0.0170031 6.57424e-05 
0.0201842 -0.0158133 6.5742e-05 
0.0211022 -0.0145658 6.57419e-05 
0.0219431 -0.0132651 6.57423e-05 
0.022704 -0.011916 6.5743e-05 
0.023382 -0.0105234 6.5744e-05 
0.0239748 -0.00909243 6.57452e-05 
0.02448 -0.00762828 6.57465e-05 
0.0248959 -0.0061363 6.57478e-05 
0.025221 -0.00462192 6.57489e-05 
0.0254541 -0.00309068 6.57498e-05 
0.0255942 -0.00154817 6.57503e-05 
0.025641 1.64936e-17 6.57505e-05 
0.0512821 0 0.000263054 
0.0511885 0.00309633 0.000263051 
0.0509081 0.00618137 0.000263042 
0.050442 0.00924385 0.000263028 
0.0497919 0.0122726 0.000263009 
0.04896 0.0152566 0.000262989 
0.0479496 0.0181849 0.000262968 
0.0467641 0.0210468 0.000262949 
0.045408 0.023832 0.000262933 
0.0438862 0.0265301 0.000262922 
0.0422043 0.0291315 0.000262916 
0.0403684 0.0316266 0.000262917 
0.0383852 0.0340063 0.000262924 
0.0362619 0.0362619 0.000262936 
0.0340063 0.0383852 0.000262953 
0.0316266 0.0403684 0.000262972 
0.0291315 0.0422043 0.000262993 
0.0265301 0.0438862 0.000263013 
0.023832 0.045408 0.000263031 
0.0210468 0.0467641 0.000263044 
0.0181849 0.0479496 0.000263052 
0.0152566 0.04896 0.000263054 
0.0122726 0.0497919 0.00026305 
0.00924385 0.050442 0.000263039 
0.00618137 0.0509081 0.000263024 
0.00309633 0.0511885 0.000263005 
-8.24678e-18 0.0512821 0.000262985 
-0.00309633 0.0511885 0.000262964 
-0.00618137 0.0509081 0.000262946 
-0.00924385 0.050442 0.00026293 
-0.0122726 0.0497919 0.00026292 
-0.0152566 0.04896 0.000262916 
-0.0181849 0.0479496 0.000262918 
-0.0210468 0.0467641 0.000262926 
-0.023832 0.045408 0.000262939 
-0.0265301 0.0438862 0.000262956 
-0.0291315 0.0422043 0.000262977 
-0.0316266 0.0403684 0.000262997 
-0.0340063 0.0383852 0.000263017 
-0.0362619 0.0362619 0.000263034 
-0.0383852 0.0340063 0.000263046 
-0.0403684 0.0316266 0.000263053 
-0.0422043 0.0291315 0.000263054 
-0.0438862 0.0265301 0.000263048 
-0.045408 0.023832 0.000263037 
-0.0467641 0.0210468 0.000263021 
-0.0479496 0.0181849 0.000263001 
-0.04896 0.0152566 0.000262981 
-0.0497919 0.0122726 0.00026296 
-0.050442 0.00924385 0.000262942 
-0.0509081 0.00618137 0.000262928 
-0.0511885 0.00309633 0.000262919 
-0.0512821 -1.64936e-17 0.000262916 
-0.0511885 -0.00309633 0.000262919 
-0.0509081 -0.00618137 0.000262928 
-0.050442 -0.00924385 0.000262942 
-0.0497919 -0.0122726 0.00026296 
-0.04896 -0.0152566 0.000262981 
-0.0479496 -0.0181849 0.000263001 
-0.0467641 -0.0210468 0.000263021 
-0.045408 -0.023832 0.000263037 
-0.0438862 -0.0265301 0.000263048 
-0.0422043 -0.0291315 0.000263054 
-0.0403684 -0.0316266 0.000263053 
-0.0383852 -0.0340063 0.000263046 
-0.0362619 -0.0362619 0.000263034 
-0.0340063 -0.0383852 0.000263017 
-0.0316266 -0.0403684 0.000262997 
-0.0291315 -0.0422043 0.000262977 
-0.0265301 -0.0438862 0.000262956 
-0.023832 -0.045408 0.000262939 
-0.0210468 -0.0467641 0.000262926 
-0.0181849 -0.0479496 0.000262918 
-0.0152566 -0.04896 0.000262916 
-0.0122726 -0.0497919 0.00026292 
-0.00924385 -0.050442 0.00026293 
-0.00618137 -0.0509081 0.000262946 
-0.00309633 -0.0511885 0.000262964 
-9.42036e-18 -0.0512821 0.000262985 
0.00309633 -0.0511885 0.000263005 
0.00618137 -0.0509081 0.000263024 
0.00924385 -0.050442 0.000263039 
0.0122726 -0.0497919 0.00026305 
0.0152566 -0.04896 0.000263054 
0.0181849 -0.0479496 0.000263052 
0.0210468 -0.0467641 0.000263044 
0.023832 -0.045408 0.000263031 
0.0265301 -0.0438862 0.000263013 
0.0291315 -0.0422043 0.000262993 
0.0316266 -0.0403684 0.000262972 
0.0340063 -0.0383852 0.000262953 
0.0362619 -0.0362619 0.000262936 
0.0383852 -0.0340063 0.000262924 
0.0403684 -0.0316266 0.000262917 
0.0422043 -0.0291315 0.000262916 
0.0438862 -0.0265301 0.000262922 
0.045408 -0.023832 0.000262933 
0.0467641 -0.0210468 0.000262949 
0.0479496 -0.0181849 0.000262968 
0.04896 -0.0152566 0.000262989 
0.0497919 -0.0122726 0.000263009 
0.050442 -0.00924385 0.000263028 
0.0509081 -0.00618137 0.000263042 
0.0511885 -0.00309633 0.000263051 
0.0512821 3.29871e-17 0.000263054 
0.0769231 0 0.000592066 
0.0767827 0.0046445 0.00059205 
0.0763622 0.00927205 0.000592004 
0.0756631 0.0138658 0.000591932 
0.0746878 0.0184089 0.00059184 
0.0734401 0.0228849 0.000591737 
0.0719243 0.0272773 0.000591632 
0.0701461 0.0315702 0.000591535 
0.068112 0.0357479 0.000591454 
0.0658293 0.0397952 0.000591397 
0.0633065 0.0436973 0.000591368 
0.0605526 0.0474399 0.000591372 
0.0575777 0.0510094 0.000591406 
0.0543928 0.0543928 0.000591468 
0.0510094 0.0575777 0.000591553 
0.0474399 0.0605526 0.000591653 
0.0436973 0.0633065 0.000591758 
0.0397952 0.0658293 0.00059186 
0.0357479 0.068112 0.000591948 
0.0315702 0.0701461 0.000592016 
0.0272773 0.0719243 0.000592056 
0.0228849 0.0734401 0.000592065 
0.0184089 0.0746878 0.000592043 
0.0138658 0.0756631 0.000591992 
0.00927205 0.0763622 0.000591915 
0.0046445 0.0767827 0.00059182 
-1.23702e-17 0.0769231 0.000591716 
-0.0046445 0.0767827 0.000591612 
-0.00927205 0.0763622 0.000591517 
-0.0138658 0.0756631 0.00059144 
-0.0184089 0.0746878 0.000591389 
-0.0228849 0.0734401 0.000591366 
-0.0272773 0.0719243 0.000591376 
-0.0315702 0.0701461 0.000591416 
-0.0357479 0.068112 0.000591484 
-0.0397952 0.0658293 0.000591572 
-0.0436973 0.0633065 0.000591674 
-0.0474399 0.0605526 0.000591779 
-0.0510094 0.0575777 0.000591879 
-0.0543928 0.0543928 0.000591964 
-0.0575777 0.0510094 0.000592026 
-0.0605526 0.0474399 0.00059206 
-0.0633065 0.0436973 0.000592064 
-0.0658293 0.0397952 0.000592035 
-0.068112 0.0357479 0.000591978 
-0.0701461 0.0315702 0.000591897 
-0.0719243 0.0272773 0.0005918 
-0.0734401 0.0228849 0.000591695 
-0.0746878 0.0184089 0.000591592 
-0.0756631 0.0138658 0.0005915 
-0.0763622 0.00927205 0.000591428 
-0.0767827 0.0046445 0.000591382 
-0.0769231 -2.47403e-17 0.000591366 
-0.0767827 -0.0046445 0.000591382 
-0.0763622 -0.00927205 0.000591428 
-0.0756631 -0.0138658 0.0005915 
-0.0746878 -0.0184089 0.000591592 
-0.0734401 -0.0228849 0.000591695 
-0.0719243 -0.0272773 0.0005918 
-0.0701461 -0.0315702 0.000591897 
-0.068112 -0.0357479 0.000591978 
-0.0658293 -0.0397952 0.000592035 
-0.0633065 -0.0436973 0.000592064 
-0.0605526 -0.0474399 0.00059206 
-0.0575777 -0.0510094 0.000592026 
-0.0543928 -0.0543928 0.000591964 
-0.0510094 -0.0575777 0.000591879 
-0.0474399 -0.0605526 0.000591779 
-0.0436973 -0.0633065 0.000591674 
-0.0397952 -0.0658293 0.000591572 
-0.0357479 -0.068112 0.000591484 
-0.0315702 -0.0701461 0.000591416 
-0.0272773 -0.0719243 0.000591376 
-0.0228849 -0.0734401 0.000591366 
-0.0184089 -0.0746878 0.000591389 
-0.0138658 -0.0756631 0.00059144 
-0.00927205 -0.0763622 0.000591517 
-0.0046445 -0.0767827 0.000591612 
-1.41305e-17 -0.0769231 0.000591716 
0.0046445 -0.0767827 0.00059182 
0.00927205 -0.0763622 0.000591915 
0.0138658 -0.0756631 0.000591992 
0.0184089 -0.0746878 0.000592043 
0.0228849 -0.0734401 0.000592065 
0.0272773 -0.0719243 0.000592056 
0.0315702 -0.0701461 0.000592016 
0.0357479 -0.068112 0.000591948 
0.0397952 -0.0658293 0.00059186 
0.0436973 -0.0633065 0.000591758 
0.0474399 -0.0605526 0.000591653 
0.0510094 -0.0575777 0.000591553 
0.0543928 -0.0543928 0.000591468 
0.0575777 -0.0510094 0.000591406 
0.0605526 -0.0474399 0.000591372 
0.0633065 -0.0436973 0.000591368 
0.0658293 -0.0397952 0.000591397 
0.068112 -0.0357479 0.000591454 
0.0701461 -0.0315702 0.000591535 
0.0719243 -0.0272773 0.000591632 
0.0734401 -0.0228849 0.000591737 
0.0746878 -0.0184089 0.00059184 
0.0756631 -0.0138658 0.000591932 
0.0763622 -0.00927205 0.000592004 
0.0767827 -0.0046445 0.00059205 
0.0769231 4.94807e-17 0.000592066 
0.102564 0 0.00105305 
0.102377 0.00619267 0.001053 
0.101816 0.0123627 0.00105285 
0.100884 0.0184877 0.00105262 
0.0995838 0.0245452 0.00105233 
0.0979201 0.0305131 0.00105201 
0.0958991 0.0363697 0.00105167 
0.0935282 0.0420936 0.00105137 
0.090816 0.0476639 0.00105111 
0.0877724 0.0530603 0.00105093 
0.0844086 0.0582631 0.00105084 
0.0807368 0.0632532 0.00105085 
0.0767703 0.0680126 0.00105096 
0.0725238 0.0725238 0.00105116 
0.0680126 0.0767703 0.00105143 
0.0632532 0.0807368 0.00105174 
0.0582631 0.0844086 0.00105207 
0.0530603 0.0877724 0.00105239 
0.0476639 0.090816 0.00105267 
0.0420936 0.0935282 0.00105289 
0.0363697 0.0958991 0.00105301 
0.0305131 0.0979201 0.00105304 
0.0245452 0.0995838 0.00105297 
0.0184877 0.100884 0.00105281 
0.0123627 0.101816 0.00105257 
0.00619267 0.102377 0.00105227 
-1.64936e-17 0.102564 0.00105194 
-0.00619267 0.102377 0.00105161 
-0.0123627 0.101816 0.00105131 
-0.0184877 0.100884 0.00105107 
-0.0245452 0.0995838 0.0010509 
-0.0305131 0.0979201 0.00105083 
-0.0363697 0.0958991 0.00105087 
-0.0420936 0.0935282 0.00105099 
-0.0476639 0.090816 0.00105121 
-0.0530603 0.0877724 0.00105149 
-0.0582631 0.0844086 0.00105181 
-0.0632532 0.0807368 0.00105214 
-0.0680126 0.0767703 0.00105245 
-0.0725238 0.0725238 0.00105272 
-0.0767703 0.0680126 0.00105292 
-0.0807368 0.0632532 0.00105303 
-0.0844086 0.0582631 0.00105304 
-0.0877724 0.0530603 0.00105295 
-0.090816 0.0476639 0.00105277 
-0.0935282 0.0420936 0.00105251 
-0.0958991 0.0363697 0.0010522 
-0.0979201 0.0305131 0.00105187 
-0.0995838 0.0245452 0.00105155 
-0.100884 0.0184877 0.00105126 
-0.101816 0.0123627 0.00105103 
-0.102377 0.00619267 0.00105088 
-0.102564 -3.29871e-17 0.00105083 
-0.102377 -0.00619267 0.00105088 
-0.101816 -0.0123627 0.00105103 
-0.100884 -0.0184877 0.00105126 
-0.0995838 -0.0245452 0.00105155 
-0.0979201 -0.0305131 0.00105187 
-0.0958991 -0.0363697 0.0010522 
-0.0935282 -0.0420936 0.00105251 
-0.090816 -0.0476639 0.00105277 
-0.0877724 -0.0530603 0.00105295 
-0.0844086 -0.0582631 0.00105304 
-0.0807368 -0.0632532 0.00105303 
-0.0767703 -0.0680126 0.00105292 
-0.0725238 -0.0725238 0.00105272 
-0.0680126 -0.0767703 0.00105245 
-0.0632532 -0.0807368 0.00105214 
-0.0582631 -0.0844086 0.00105181 
-0.0530603 -0.0877724 0.00105149 
-0.0476639 -0.090816 0.00105121 
-0.0420936 -0.0935282 0.00105099 
-0.0363697 -0.0958991 0.00105087 
-0.0305131 -0.0979201 0.00105083 
-0.0245452 -0.0995838 0.0010509 
-0.0184877 -0.100884 0.00105107 
-0.0123627 -0.101816 0.00105131 
-0.00619267 -0.102377 0.00105161 
-1.88407e-17 -0.102564 0.00105194 
0.00619267 -0.102377 0.00105227 
0.0123627 -0.101816 0.00105257 
0.0184877 -0.100884 0.00105281 
0.0245452 -0.0995838 0.00105297 
0.0305131 -0.0979201 0.00105304 
0.0363697 -0.0958991 0.00105301 
0.0420936 -0.0935282 0.00105289 
0.0476639 -0.090816 0.00105267 
0.0530603 -0.0877724 0.00105239 
0.0582631 -0.0844086 0.00105207 
0.0632532 -0.0807368 0.00105174 
0.0680126 -0.0767703 0.00105143 
0.0725238 -0.0725238 0.00105116 
0.0767703 -0.0680126 0.00105096 
0.0807368 -0.0632532 0.00105085 
0.0844086 -0.0582631 0.00105084 
0.0877724 -0.0530603 0.00105093 
0.090816 -0.0476639 0.00105111 
0.0935282 -0.0420936 0.00105137 
0.0958991 -0.0363697 0.00105167 
0.0979201 -0.0305131 0.00105201 
0.0995838 -0.0245452 0.00105233 
0.100884 -0.0184877 0.00105262 
0.101816 -0.0123627 0.00105285 
0.102377 -0.00619267 0.001053 
0.102564 6.59743e-17 0.00105305 
0.128205 0 0.00164636 
0.127971 0.00774083 0.00164623 
0.12727 0.0154534 0.00164588 
0.126105 0.0231096 0.00164532 
0.12448 0.0306815 0.00164461 
0.1224 0.0381414 0.00164382 
0.119874 0.0454622 0.00164301 
0.11691 0.052617 0.00164226 
0.11352 0.0595799 0.00164163 
0.109716 0.0663254 0.00164119 
0.105511 0.0728288 0.00164097 
0.100921 0.0790665 0.001641 
0.0959629 0.0850157 0.00164126 
0.0906547 0.0906547 0.00164175 
0.0850157 0.0959629 0.0016424 
0.0790665 0.100921 0.00164317 
0.0728288 0.105511 0.00164398 
0.0663254 0.109716 0.00164476 
0.0595799 0.11352 0.00164545 
0.052617 0.11691 0.00164597 
0.0454622 0.119874 0.00164628 
0.0381414 0.1224 0.00164635 
0.0306815 0.12448 0.00164618 
0.0231096 0.126105 0.00164578 
0.0154534 0.12727 0.00164519 
0.00774083 0.127971 0.00164446 
-2.0617e-17 0.128205 0.00164366 
-0.00774083 0.127971 0.00164285 
-0.0154534 0.12727 0.00164212 
-0.0231096 0.126105 0.00164153 
-0.0306815 0.12448 0.00164113 
-0.0381414 0.1224 0.00164096 
-0.0454622 0.119874 0.00164103 
-0.052617 0.11691 0.00164134 
-0.0595799 0.11352 0.00164186 
-0.0663254 0.109716 0.00164255 
-0.0728288 0.105511 0.00164333 
-0.0790665 0.100921 0.00164414 
-0.0850157 0.0959629 0.00164491 
-0.0906547 0.0906547 0.00164557 
-0.0959629 0.0850157 0.00164605 
-0.100921 0.0790665 0.00164631 
-0.105511 0.0728288 0.00164634 
-0.109716 0.0663254 0.00164612 
-0.11352 0.0595799 0.00164568 
-0.11691 0.052617 0.00164505 
-0.119874 0.0454622 0.0016443 
-0.1224 0.0381414 0.00164349 
-0.12448 0.0306815 0.0016427 
-0.126105 0.0231096 0.00164199 
-0.12727 0.0154534 0.00164143 
-0.127971 0.00774083 0.00164108 
-0.128205 -4.12339e-17 0.00164095 
-0.127971 -0.00774083 0.00164108 
-0.12727 -0.0154534 0.00164143 
-0.126105 -0.0231096 0.00164199 
-0.12448 -0.0306815 0.0016427 
-0.1224 -0.0381414 0.00164349 
-0.119874 -0.0454622 0.0016443 
-0.11691 -0.052617 0.00164505 
-0.11352 -0.0595799 0.00164568 
-0.109716 -0.0663254 0.00164612 
-0.105511 -0.0728288 0.00164634 
-0.100921 -0.0790665 0.00164631 
-0.0959629 -0.0850157 0.00164605 
-0.0906547 -0.0906547 0.00164557 
-0.0850157 -0.0959629 0.00164491 
-0.0790665 -0.100921 0.00164414 
-0.0728288 -0.105511 0.00164333 
-0.0663254 -0.109716 0.00164255 
-0.0595799 -0.11352 0.00164186 
-0.052617 -0.11691 0.00164134 
-0.0454622 -0.119874 0.00164103 
-0.0381414 -0.1224 0.00164096 
-0.0306815 -0.12448 0.00164113 
-0.0231096 -0.126105 0.00164153 
-0.0154534 -0.12727 0.00164212 
-0.00774083 -0.127971 0.00164285 
-2.35509e-17 -0.128205 0.00164366 
0.00774083 -0.127971 0.00164446 
0.0154534 -0.12727 0.00164519 
0.0231096 -0.126105 0.00164578 
0.0306815 -0.12448 0.00164618 
0.0381414 -0.1224 0.00164635 
0.0454622 -0.119874 0.00164628 
0.052617 -0.11691 0.00164597 
0.0595799 -0.11352 0.00164545 
0.0663254 -0.109716 0.00164476 
0.0728288 -0.105511 0.00164398 
0.0790665 -0.100921 0.00164317 
0.0850157 -0.0959629 0.0016424 
0.0906547 -0.0906547 0.00164175 
0.0959629 -0.0850157 0.00164126 
0.100921 -0.0790665 0.001641 
0.105511 -0.0728288 0.00164097 
0.109716 -0.0663254 0.00164119 
0.11352 -0.0595799 0.00164163 
0.11691 -0.052617 0.00164226 
0.119874 -0.0454622 0.00164301 
0.1224 -0.0381414 0.00164382 
0.12448 -0.0306815 0.00164461 
0.126105 -0.0231096 0.00164532 
0.12727 -0.0154534 0.00164588 
0.127971 -0.00774083 0.00164623 
0.128205 8.24678e-17 0.00164636 
0.153846 0 0.00237247 
0.153565 0.009289 0.00237221 
0.152724 0.0185441 0.00237147 
0.151326 0.0277315 0.00237032 
0.149376 0.0368178 0.00236885 
0.14688 0.0457697 0.0023672 
0.143849 0.0545546 0.00236552 
0.140292 0.0631404 0.00236397 
0.136224 0.0714959 0.00236267 
0.131659 0.0795904 0.00236176 
0.126613 0.0873946 0.0023613 
0.121105 0.0948798 0.00236135 
0.115155 0.102019 0.0023619 
0.108786 0.108786 0.0023629 
0.102019 0.115155 0.00236426 
0.0948798 0.121105 0.00236585 
0.0873946 0.126613 0.00236754 
0.0795904 0.131659 0.00236916 
0.0714959 0.136224 0.00237058 
0.0631404 0.140292 0.00237166 
0.0545546 0.143849 0.0023723 
0.0457697 0.14688 0.00237246 
0.0368178 0.149376 0.0023721 
0.0277315 0.151326 0.00237127 
0.0185441 0.152724 0.00237005 
0.009289 0.153565 0.00236853 
-2.47403e-17 0.153846 0.00236686 
-0.009289 0.153565 0.0023652 
-0.0185441 0.152724 0.00236368 
-0.0277315 0.151326 0.00236245 
-0.0368178 0.149376 0.00236163 
-0.0457697 0.14688 0.00236127 
-0.0545546 0.143849 0.00236142 
-0.0631404 0.140292 0.00236207 
-0.0714959 0.136224 0.00236315 
-0.0795904 0.131659 0.00236456 
-0.0873946 0.126613 0.00236619 
-0.0948798 0.121105 0.00236787 
-0.102019 0.115155 0.00236947 
-0.108786 0.108786 0.00237083 
-0.115155 0.102019 0.00237182 
-0.121105 0.0948798 0.00237237 
-0.126613 0.0873946 0.00237243 
-0.131659 0.0795904 0.00237197 
-0.136224 0.0714959 0.00237106 
-0.140292 0.0631404 0.00236976 
-0.143849 0.0545546 0.0023682 
-0.14688 0.0457697 0.00236653 
-0.149376 0.0368178 0.00236488 
-0.151326 0.0277315 0.00236341 
-0.152724 0.0185441 0.00236225 
-0.153565 0.009289 0.00236152 
-0.153846 -4.94807e-17 0.00236126 
-0.153565 -0.009289 0.00236152 
-0.152724 -0.0185441 0.00236225 
-0.151326 -0.0277315 0.00236341 
-0.149376 -0.0368178 0.00236488 
-0.14688 -0.0457697 0.00236653 
-0.143849 -0.0545546 0.0023682 
-0.140292 -0.0631404 0.00236976 
-0.136224 -0.0714959 0.00237106 
-0.131659 -0.0795904 0.00237197 
-0.126613 -0.0873946 0.00237243 
-0.121105 -0.0948798 0.00237237 
-0.115155 -0.102019 0.00237182 
-0.108786 -0.108786 0.00237083 
-0.102019 -0.115155 0.00236947 
-0.0948798 -0.121105 0.00236787 
-0.0873946 -0.126613 0.00236619 
-0.0795904 -0.131659 0.00236456 
-0.0714959 -0.136224 0.00236315 
-0.0631404 -0.140292 0.00236207 
-0.0545546 -0.143849 0.00236142 
-0.0457697 -0.14688 0.00236127 
-0.0368178 -0.149376 0.00236163 
-0.0277315 -0.151326 0.00236245 
-0.0185441 -0.152724 0.00236368 
-0.009289 -0.153565 0.0023652 
-2.82611e-17 -0.153846 0.00236686 
0.009289 -0.153565 0.00236853 
0.0185441 -0.152724 0.00237005 
0.0277315 -0.151326 0.00237127 
0.0368178 -0.149376 0.0023721 
0.0457697 -0.14688 0.00237246 
0.0545546 -0.143849 0.0023723 
0.0631404 -0.140292 0.00237166 
0.0714959 -0.136224 0.00237058 
0.0795904 -0.131659 0.00236916 
0.0873946 -0.126613 0.00236754 
0.0948798 -0.121105 0.00236585 
0.102019 -0.115155 0.00236426 
0.108786 -0.108786 0.0023629 
0.115155 -0.102019 0.0023619 
0.121105 -0.0948798 0.00236135 
0.126613 -0.0873946 0.0023613 
0.131659 -0.0795904 0.00236176 
0.136224 -0.0714959 0.00236267 
0.140292 -0.0631404 0.00236397 
0.143849 -0.0545546 0.00236552 
0.14688 -0.0457697 0.0023672 
0.149376 -0.0368178 0.00236885 
0.151326 -0.0277315 0.00237032 
0.152724 -0.0185441 0.00237147 
0.153565 -0.009289 0.00237221 
0.153846 9.89614e-17 0.00237247 
0.179487 0 0.00323194 
0.17916 0.0108372 0.00323147 
0.178179 0.0216348 0.00323011 
0.176547 0.0323535 0.00322797 
0.174272 0.0429541 0.00322525 
0.17136 0.053398 0.00322219 
0.167823 0.063647 0.00321908 
0.163674 0.0736638 0.0032162 
0.158928 0.0834119 0.0032138 
0.153602 0.0928555 0.0032121 
0.147715 0.10196 0.00321126 
0.141289 0.110693 0.00321136 
0.134348 0.119022 0.00321238 
0.126917 0.126917 0.00321423 
0.119022 0.134348 0.00321674 
0.110693 0.141289 0.00321969 
0.10196 0.147715 0.00322282 
0.0928555 0.153602 0.00322582 
0.0834119 0.158928 0.00322845 
0.0736638 0.163674 0.00323045 
0.063647 0.167823 0.00323164 
0.053398 0.17136 0.00323192 
0.0429541 0.174272 0.00323127 
0.0323535 0.176547 0.00322973 
0.0216348 0.178179 0.00322746 
0.0108372 0.17916 0.00322465 
-2.88637e-17 0.179487 0.00322156 
-0.0108372 0.17916 0.00321848 
-0.0216348 0.178179 0.00321567 
-0.0323535 0.176547 0.00321339 
-0.0429541 0.174272 0.00321186 
-0.053398 0.17136 0.00321121 
-0.063647 0.167823 0.00321149 
-0.0736638 0.163674 0.00321268 
-0.0834119 0.158928 0.00321468 
-0.0928555 0.153602 0.00321731 
-0.10196 0.147715 0.00322031 
-0.110693 0.141289 0.00322344 
-0.119022 0.134348 0.00322639 
-0.126917 0.126917 0.0032289 
-0.134348 0.119022 0.00323075 
-0.141289 0.110693 0.00323177 
-0.147715 0.10196 0.00323187 
-0.153602 0.0928555 0.00323103 
-0.158928 0.0834119 0.00322933 
-0.163674 0.0736638 0.00322693 
-0.167823 0.063647 0.00322405 
-0.17136 0.053398 0.00322094 
-0.174272 0.0429541 0.00321788 
-0.176547 0.0323535 0.00321516 
-0.178179 0.0216348 0.00321302 
-0.17916 0.0108372 0.00321166 
-0.179487 -5.77275e-17 0.00321119 
-0.17916 -0.0108372 0.00321166 
-0.178179 -0.0216348 0.00321302 
-0.176547 -0.0323535 0.00321516 
-0.174272 -0.0429541 0.00321788 
-0.17136 -0.053398 0.00322094 
-0.167823 -0.063647 0.00322405 
-0.163674 -0.0736638 0.00322693 
-0.158928 -0.0834119 0.00322933 
-0.153602 -0.0928555 0.00323103 
-0.147715 -0.10196 0.00323187 
-0.141289 -0.110693 0.00323177 
-0.134348 -0.119022 0.00323075 
-0.126917 -0.126917 0.0032289 
-0.119022 -0.134348 0.00322639 
-0.110693 -0.141289 0.00322344 
-0.10196 -0.147715 0.00322031 
-0.0928555 -0.153602 0.00321731 
-0.0834119 -0.158928 0.00321468 
-0.0736638 -0.163674 0.00321268 
-0.063647 -0.167823 0.00321149 
-0.053398 -0.17136 0.00321121 
-0.0429541 -0.174272 0.00321186 
-0.0323535 -0.176547 0.00321339 
-0.0216348 -0.178179 0.00321567 
-0.0108372 -0.17916 0.00321848 
-3.29713e-17 -0.179487 0.00322156 
0.0108372 -0.17916 0.00322465 
0.0216348 -0.178179 0.00322746 
0.0323535 -0.176547 0.00322973 
0.0429541 -0.174272 0.00323127 
0.053398 -0.17136 0.00323192 
0.063647 -0.167823 0.00323164 
0.0736638 -0.163674 0.00323045 
0.0834119 -0.158928 0.00322845 
0.0928555 -0.153602 0.00322582 
0.10196 -0.147715 0.00322282 
0.110693 -0.141289 0.00321969 
0.119022 -0.134348 0.00321674 
0.126917 -0.126917 0.00321423 
0.134348 -0.119022 0.00321238 
0.141289 -0.110693 0.00321136 
0.147715 -0.10196 0.00321126 
0.153602 -0.0928555 0.0032121 
0.158928 -0.0834119 0.0032138 
0.163674 -0.0736638 0.0032162 
0.167823 -0.063647 0.00321908 
0.17136 -0.053398 0.00322219 
0.174272 -0.0429541 0.00322525 
0.176547 -0.0323535 0.00322797 
0.178179 -0.0216348 0.00323011 
0.17916 -0.0108372 0.00323147 
0.179487 1.15455e-16 0.00323194 
0.205128 0 0.00422546 
0.204754 0.0123853 0.00422466 
0.203633 0.0247255 0.00422233 
0.201768 0.0369754 0.00421868 
0.199168 0.0490904 0.00421404 
0.19584 0.0610263 0.00420883 
0.191798 0.0727395 0.00420352 
0.187056 0.0841872 0.0041986 
0.181632 0.0953278 0.00419451 
0.175545 0.106121 0.00419161 
0.168817 0.116526 0.00419018 
0.161474 0.126506 0.00419034 
0.153541 0.136025 0.00419208 
0.145048 0.145048 0.00419524 
0.136025 0.153541 0.00419953 
0.126506 0.161474 0.00420457 
0.116526 0.168817 0.00420989 
0.106121 0.175545 0.00421502 
0.0953278 0.181632 0.0042195 
0.0841872 0.187056 0.00422291 
0.0727395 0.191798 0.00422495 
0.0610263 0.19584 0.00422543 
0.0490904 0.199168 0.00422431 
0.0369754 0.201768 0.0042217 
0.0247255 0.203633 0.00421782 
0.0123853 0.204754 0.00421303 
-3.29871e-17 0.205128 0.00420776 
-0.0123853 0.204754 0.00420249 
-0.0247255 0.203633 0.0041977 
-0.0369754 0.201768 0.00419382 
-0.0490904 0.199168 0.0041912 
-0.0610263 0.19584 0.00419009 
-0.0727395 0.191798 0.00419057 
-0.0841872 0.187056 0.00419261 
-0.0953278 0.181632 0.00419602 
-0.106121 0.175545 0.00420049 
-0.116526 0.168817 0.00420562 
-0.126506 0.161474 0.00421095 
-0.136025 0.153541 0.00421599 
-0.145048 0.145048 0.00422028 
-0.153541 0.136025 0.00422344 
-0.161474 0.126506 0.00422517 
-0.168817 0.116526 0.00422533 
-0.175545 0.106121 0.0042239 
-0.181632 0.0953278 0.00422101 
-0.187056 0.0841872 0.00421692 
-0.191798 0.0727395 0.004212 
-0.19584 0.0610263 0.00420669 
-0.199168 0.0490904 0.00420148 
-0.201768 0.0369754 0.00419684 
-0.203633 0.0247255 0.00419319 
-0.204754 0.0123853 0.00419085 
-0.205128 -6.59743e-17 0.00419005 
-0.204754 -0.0123853 0.00419085 
-0.203633 -0.0247255 0.00419319 
-0.201768 -0.0369754 0.00419684 
-0.199168 -0.0490904 0.00420148 
-0.19584 -0.0610263 0.00420669 
-0.191798 -0.0727395 0.004212 
-0.187056 -0.0841872 0.00421692 
-0.181632 -0.0953278 0.00422101 
-0.175545 -0.106121 0.0042239 
-0.168817 -0.116526 0.00422533 
-0.161474 -0.126506 0.00422517 
-0.153541 -0.136025 0.00422344 
-0.145048 -0.145048 0.00422028 
-0.136025 -0.153541 0.00421599 
-0.126506 -0.161474 0.00421095 
-0.116526 -0.168817 0.00420562 
-0.106121 -0.175545 0.00420049 
-0.0953278 -0.181632 0.00419602 
-0.0841872 -0.187056 0.00419261 
-0.0727395 -0.191798 0.00419057 
-0.0610263 -0.19584 0.00419009 
-0.0490904 -0.199168 0.0041912 
-0.0369754 -0.201768 0.00419382 
-0.0247255 -0.203633 0.0041977 
-0.0123853 -0.204754 0.00420249 
-3.76814e-17 -0.205128 0.00420776 
0.0123853 -0.204754 0.00421303 
0.0247255 -0.203633 0.00421782 
0.0369754 -0.201768 0.0042217 
0.0490904 -0.199168 0.00422431 
0.0610263 -0.19584 0.00422543 
0.0727395 -0.191798 0.00422495 
0.0841872 -0.187056 0.00422291 
0.0953278 -0.181632 0.0042195 
0.106121 -0.175545 0.00421502 
0.116526 -0.168817 0.00420989 
0.126506 -0.161474 0.00420457 
0.136025 -0.153541 0.00419953 
0.145048 -0.145048 0.00419524 
0.153541 -0.136025 0.00419208 
0.161474 -0.126506 0.00419034 
0.168817 -0.116526 0.00419018 
0.175545 -0.106121 0.00419161 
0.181632 -0.0953278 0.00419451 
0.187056 -0.0841872 0.0041986 
0.191798 -0.0727395 0.00420352 
0.19584 -0.0610263 0.00420883 
0.199168 -0.0490904 0.00421404 
0.201768 -0.0369754 0.00421868 
0.203633 -0.0247255 0.00422233 
0.204754 -0.0123853 0.00422466 
0.205128 1.31949e-16 0.00422546 
0.230769 0 0.0053538 
0.230348 0.0139335 0.00535252 
0.229087 0.0278162 0.00534878 
0.226989 0.0415973 0.00534293 
0.224063 0.0552267 0.0053355 
0.22032 0.0686546 0.00532716 
0.215773 0.0818319 0.00531866 
0.210438 0.0947106 0.00531077 
0.204336 0.107244 0.00530422 
0.197488 0.119386 0.00529958 
0.189919 0.131092 0.00529729 
0.181658 0.14232 0.00529755 
0.172733 0.153028 0.00530033 
0.163178 0.163178 0.00530539 
0.153028 0.172733 0.00531226 
0.14232 0.181658 0.00532033 
0.131092 0.189919 0.00532886 
0.119386 0.197488 0.00533708 
0.107244 0.204336 0.00534425 
0.0947106 0.210438 0.00534971 
0.0818319 0.215773 0.00535298 
0.0686546 0.22032 0.00535375 
0.0552267 0.224063 0.00535196 
0.0415973 0.226989 0.00534777 
0.0278162 0.229087 0.00534155 
0.0139335 0.230348 0.00533388 
-3.71105e-17 0.230769 0.00532544 
-0.0139335 0.230348 0.00531701 
-0.0278162 0.229087 0.00530933 
-0.0415973 0.226989 0.00530312 
-0.0552267 0.224063 0.00529893 
-0.0686546 0.22032 0.00529714 
-0.0818319 0.215773 0.00529791 
-0.0947106 0.210438 0.00530117 
-0.107244 0.204336 0.00530664 
-0.119386 0.197488 0.0053138 
-0.131092 0.189919 0.00532203 
-0.14232 0.181658 0.00533056 
-0.153028 0.172733 0.00533862 
-0.163178 0.163178 0.0053455 
-0.172733 0.153028 0.00535056 
-0.181658 0.14232 0.00535334 
-0.189919 0.131092 0.0053536 
-0.197488 0.119386 0.00535131 
-0.204336 0.107244 0.00534667 
-0.210438 0.0947106 0.00534012 
-0.215773 0.0818319 0.00533223 
-0.22032 0.0686546 0.00532373 
-0.224063 0.0552267 0.00531539 
-0.226989 0.0415973 0.00530795 
-0.229087 0.0278162 0.0053021 
-0.230348 0.0139335 0.00529837 
-0.230769 -7.4221e-17 0.00529708 
-0.230348 -0.0139335 0.00529837 
-0.229087 -0.0278162 0.0053021 
-0.226989 -0.0415973 0.00530795 
-0.224063 -0.0552267 0.00531539 
-0.22032 -0.0686546 0.00532373 
-0.215773 -0.0818319 0.00533223 
-0.210438 -0.0947106 0.00534012 
-0.204336 -0.107244 0.00534667 
-0.197488 -0.119386 0.00535131 
-0.189919 -0.131092 0.0053536 
-0.181658 -0.14232 0.00535334 
-0.172733 -0.153028 0.00535056 
-0.163178 -0.163178 0.0053455 
-0.153028 -0.172733 0.00533862 
-0.14232 -0.181658 0.00533056 
-0.131092 -0.189919 0.00532203 
-0.119386 -0.197488 0.0053138 
-0.107244 -0.204336 0.00530664 
-0.0947106 -0.210438 0.00530117 
-0.0818319 -0.215773 0.00529791 
-0.0686546 -0.22032 0.00529714 
-0.0552267 -0.224063 0.00529893 
-0.0415973 -0.226989 0.00530312 
-0.0278162 -0.229087 0.00530933 
-0.0139335 -0.230348 0.00531701 
-4.23916e-17 -0.230769 0.00532544 
0.0139335 -0.230348 0.00533388 
0.0278162 -0.229087 0.00534155 
0.0415973 -0.226989 0.00534777 
0.0552267 -0.224063 0.00535196 
0.0686546 -0.22032 0.00535375 
0.0818319 -0.215773 0.00535298 
0.0947106 -0.210438 0.00534971 
0.107244 -0.204336 0.00534425 
0.119386 -0.197488 0.00533708 
0.131092 -0.189919 0.00532886 
0.14232 -0.181658 0.00532033 
0.153028 -0.172733 0.00531226 
0.163178 -0.163178 0.00530539 
0.172733 -0.153028 0.00530033 
0.181658 -0.14232 0.00529755 
0.189919 -0.131092 0.00529729 
0.197488 -0.119386 0.00529958 
0.204336 -0.107244 0.00530422 
0.210438 -0.0947106 0.00531077 
0.215773 -0.0818319 0.00531866 
0.22032 -0.0686546 0.00532716 
0.224063 -0.0552267 0.0053355 
0.226989 -0.0415973 0.00534293 
0.229087 -0.0278162 0.00534878 
0.230348 -0.0139335 0.00535252 
0.230769 1.48442e-16 0.0053538 
0.25641 0 0.00661785 
0.255942 0.0154817 0.00661589 
0.254541 0.0309068 0.0066102 
0.25221 0.0462192 0.00660128 
0.248959 0.061363 0.00658995 
0.2448 0.0762828 0.00657723 
0.239748 0.0909243 0.00656428 
0.23382 0.105234 0.00655226 
0.22704 0.11916 0.00654227 
0.219431 0.132651 0.0065352 
0.211022 0.145658 0.00653171 
0.201842 0.158133 0.0065321 
0.191926 0.170031 0.00653635 
0.181309 0.181309 0.00654406 
0.170031 0.191926 0.00655453 
0.158133 0.201842 0.00656683 
0.145658 0.211022 0.00657983 
0.132651 0.219431 0.00659236 
0.11916 0.22704 0.00660329 
0.105234 0.23382 0.00661161 
0.0909243 0.239748 0.00661659 
0.0762828 0.2448 0.00661777 
0.061363 0.248959 0.00661504 
0.0462192 0.25221 0.00660865 
0.0309068 0.254541 0.00659918 
0.0154817 0.255942 0.00658748 
-4.12339e-17 0.25641 0.00657462 
-0.0154817 0.255942 0.00656176 
-0.0309068 0.254541 0.00655007 
-0.0462192 0.25221 0.0065406 
-0.061363 0.248959 0.00653421 
-0.0762828 0.2448 0.00653148 
-0.0909243 0.239748 0.00653265 
-0.105234 0.23382 0.00653763 
-0.11916 0.22704 0.00654596 
-0.132651 0.219431 0.00655688 
-0.145658 0.211022 0.00656941 
-0.158133 0.201842 0.00658241 
-0.170031 0.191926 0.00659471 
-0.181309 0.181309 0.00660519 
-0.191926 0.170031 0.0066129 
-0.201842 0.158133 0.00661714 
-0.211022 0.145658 0.00661753 
-0.219431 0.132651 0.00661404 
-0.22704 0.11916 0.00660698 
-0.23382 0.105234 0.00659698 
-0.239748 0.0909243 0.00658497 
-0.2448 0.0762828 0.00657201 
-0.248959 0.061363 0.00655929 
-0.25221 0.0462192 0.00654796 
-0.254541 0.0309068 0.00653905 
-0.255942 0.0154817 0.00653335 
-0.25641 -8.24678e-17 0.0065314 
-0.255942 -0.0154817 0.00653335 
-0.254541 -0.0309068 0.00653905 
-0.25221 -0.0462192 0.00654796 
-0.248959 -0.061363 0.00655929 
-0.2448 -0.0762828 0.00657201 
-0.239748 -0.0909243 0.00658497 
-0.23382 -0.105234 0.00659698 
-0.22704 -0.11916 0.00660698 
-0.219431 -0.132651 0.00661404 
-0.211022 -0.145658 0.00661753 
-0.201842 -0.158133 0.00661714 
-0.191926 -0.170031 0.0066129 
-0.181309 -0.181309 0.00660519 
-0.170031 -0.191926 0.00659471 
-0.158133 -0.201842 0.00658241 
-0.145658 -0.211022 0.00656941 
-0.132651 -0.219431 0.00655688 
-0.11916 -0.22704 0.00654596 
-0.105234 -0.23382 0.00653763 
-0.0909243 -0.239748 0.00653265 
-0.0762828 -0.2448 0.00653148 
-0.061363 -0.248959 0.00653421 
-0.0462192 -0.25221 0.0065406 
-0.0309068 -0.254541 0.00655007 
-0.0154817 -0.255942 0.00656176 
-4.71018e-17 -0.25641 0.00657462 
0.0154817 -0.255942 0.00658748 
0.0309068 -0.254541 0.00659918 
0.0462192 -0.25221 0.00660865 
0.061363 -0.248959 0.00661504 
0.0762828 -0.2448 0.00661777 
0.0909243 -0.239748 0.00661659 
0.105234 -0.23382 0.00661161 
0.11916 -0.22704 0.00660329 
0.132651 -0.219431 0.00659236 
0.145658 -0.211022 0.00657983 
0.158133 -0.201842 0.00656683 
0.170031 -0.191926 0.00655453 
0.181309 -0.181309 0.00654406 
0.191926 -0.170031 0.00653635 
0.201842 -0.158133 0.0065321 
0.211022 -0.145658 0.00653171 
0.219431 -0.132651 0.0065352 
0.22704 -0.11916 0.00654227 
0.23382 -0.105234 0.00655226 
0.239748 -0.0909243 0.00656428 
0.2448 -0.0762828 0.00657723 
0.248959 -0.061363 0.00658995 
0.25221 -0.0462192 0.00660128 
0.254541 -0.0309068 0.0066102 
0.255942 -0.0154817 0.00661589 
0.25641 1.64936e-16 0.00661785 
0.282051 0 0.00801858 
0.281537 0.0170298 0.00801571 
0.279995 0.0339975 0.00800738 
0.277431 0.0508412 0.00799432 
0.273855 0.0674993 0.00797773 
0.26928 0.0839111 0.00795911 
0.263723 0.100017 0.00794015 
0.257203 0.115757 0.00792255 
0.249744 0.131076 0.00790792 
0.241374 0.145916 0.00789758 
0.232124 0.160223 0.00789247 
0.222026 0.173946 0.00789304 
0.211118 0.187035 0.00789925 
0.19944 0.19944 0.00791054 
0.187035 0.211118 0.00792588 
0.173946 0.222026 0.00794388 
0.160223 0.232124 0.00796292 
0.145916 0.241374 0.00798127 
0.131076 0.249744 0.00799726 
0.115757 0.257203 0.00800945 
0.100017 0.263723 0.00801674 
0.0839111 0.26928 0.00801846 
0.0674993 0.273855 0.00801447 
0.0508412 0.277431 0.00800511 
0.0339975 0.279995 0.00799124 
0.0170298 0.281537 0.00797412 
-4.53573e-17 0.282051 0.00795529 
-0.0170298 0.281537 0.00793646 
-0.0339975 0.279995 0.00791934 
-0.0508412 0.277431 0.00790547 
-0.0674993 0.273855 0.00789612 
-0.0839111 0.26928 0.00789212 
-0.100017 0.263723 0.00789384 
-0.115757 0.257203 0.00790113 
-0.131076 0.249744 0.00791333 
-0.145916 0.241374 0.00792932 
-0.160223 0.232124 0.00794766 
-0.173946 0.222026 0.0079667 
-0.187035 0.211118 0.0079847 
-0.19944 0.19944 0.00800004 
-0.211118 0.187035 0.00801133 
-0.222026 0.173946 0.00801754 
-0.232124 0.160223 0.00801812 
-0.241374 0.145916 0.008013 
-0.249744 0.131076 0.00800266 
-0.257203 0.115757 0.00798803 
-0.263723 0.100017 0.00797044 
-0.26928 0.0839111 0.00795147 
-0.273855 0.0674993 0.00793285 
-0.277431 0.0508412 0.00791626 
-0.279995 0.0339975 0.00790321 
-0.281537 0.0170298 0.00789487 
-0.282051 -9.07146e-17 0.00789201 
-0.281537 -0.0170298 0.00789487 
-0.279995 -0.0339975 0.00790321 
-0.277431 -0.0508412 0.00791626 
-0.273855 -0.0674993 0.00793285 
-0.26928 -0.0839111 0.00795147 
-0.263723 -0.100017 0.00797044 
-0.257203 -0.115757 0.00798803 
-0.249744 -0.131076 0.00800266 
-0.241374 -0.145916 0.008013 
-0.232124 -0.160223 0.00801812 
-0.222026 -0.173946 0.00801754 
-0.211118 -0.187035 0.00801133 
-0.19944 -0.19944 0.00800004 
-0.187035 -0.211118 0.0079847 
-0.173946 -0.222026 0.0079667 
-0.160223 -0.232124 0.00794766 
-0.145916 -0.241374 0.00792932 
-0.131076 -0.249744 0.00791333 
-0.115757 -0.257203 0.00790113 
-0.100017 -0.263723 0.00789384 
-0.0839111 -0.26928 0.00789212 
-0.0674993 -0.273855 0.00789612 
-0.0508412 -0.277431 0.00790547 
-0.0339975 -0.279995 0.00791934 
-0.0170298 -0.281537 0.00793646 
-5.1812e-17 -0.282051 0.00795529 
0.0170298 -0.281537 0.00797412 
0.0339975 -0.279995 0.00799124 
0.0508412 -0.277431 0.00800511 
0.0674993 -0.273855 0.00801447 
0.0839111 -0.26928 0.00801846 
0.100017 -0.263723 0.00801674 
0.115757 -0.257203 0.00800945 
0.131076 -0.249744 0.00799726 
0.145916 -0.241374 0.00798127 
0.160223 -0.232124 0.00796292 
0.173946 -0.222026 0.00794388 
0.187035 -0.211118 0.00792588 
0.19944 -0.19944 0.00791054 
0.211118 -0.187035 0.00789925 
0.222026 -0.173946 0.00789304 
0.232124 -0.160223 0.00789247 
0.241374 -0.145916 0.00789758 
0.249744 -0.131076 0.00790792 
0.257203 -0.115757 0.00792255 
0.263723 -0.100017 0.00794015 
0.26928 -0.0839111 0.00795911 
0.273855 -0.0674993 0.00797773 
0.277431 -0.0508412 0.00799432 
0.279995 -0.0339975 0.00800738 
0.281537 -0.0170298 0.00801571 
0.282051 1.81429e-16 0.00801858 
0.307692 0 0.00955709 
0.307131 0.018578 0.00955303 
0.305449 0.0370882 0.00954122 
0.302652 0.0554631 0.00952273 
0.298751 0.0736356 0.00949924 
0.29376 0.0915394 0.00947287 
0.287697 0.109109 0.00944601 
0.280585 0.126281 0.00942109 
0.272448 0.142992 0.00940036 
0.263317 0.159181 0.00938572 
0.253226 0.174789 0.00937848 
0.24221 0.18976 0.00937929 
0.230311 0.204038 0.00938809 
0.217571 0.217571 0.00940408 
0.204038 0.230311 0.0094258 
0.18976 0.24221 0.0094513 
0.174789 0.253226 0.00947826 
0.159181 0.263317 0.00950424 
0.142992 0.272448 0.00952689 
0.126281 0.280585 0.00954416 
0.109109 0.287697 0.00955448 
0.0915394 0.29376 0.00955692 
0.0736356 0.298751 0.00955126 
0.0554631 0.302652 0.00953801 
0.0370882 0.305449 0.00951837 
0.018578 0.307131 0.00949412 
-4.94807e-17 0.307692 0.00946746 
-0.018578 0.307131 0.00944079 
-0.0370882 0.305449 0.00941654 
-0.0554631 0.302652 0.0093969 
-0.0736356 0.298751 0.00938365 
-0.0915394 0.29376 0.00937799 
-0.109109 0.287697 0.00938043 
-0.126281 0.280585 0.00939075 
-0.142992 0.272448 0.00940802 
-0.159181 0.263317 0.00943067 
-0.174789 0.253226 0.00945665 
-0.18976 0.24221 0.00948361 
-0.204038 0.230311 0.00950911 
-0.217571 0.217571 0.00953084 
-0.230311 0.204038 0.00954682 
-0.24221 0.18976 0.00955562 
-0.253226 0.174789 0.00955643 
-0.263317 0.159181 0.00954919 
-0.272448 0.142992 0.00953455 
-0.280585 0.126281 0.00951383 
-0.287697 0.109109 0.00948891 
-0.29376 0.0915394 0.00946204 
-0.298751 0.0736356 0.00943567 
-0.302652 0.0554631 0.00941218 
-0.305449 0.0370882 0.00939369 
-0.307131 0.018578 0.00938188 
-0.307692 -9.89614e-17 0.00937782 
-0.307131 -0.018578 0.00938188 
-0.305449 -0.0370882 0.00939369 
-0.302652 -0.0554631 0.00941218 
-0.298751 -0.0736356 0.00943567 
-0.29376 -0.0915394 0.00946204 
-0.287697 -0.109109 0.00948891 
-0.280585 -0.126281 0.00951383 
-0.272448 -0.142992 0.00953455 
-0.263317 -0.159181 0.00954919 
-0.253226 -0.174789 0.00955643 
-0.24221 -0.18976 0.00955562 
-0.230311 -0.204038 0.00954682 
-0.217571 -0.217571 0.00953084 
-0.204038 -0.230311 0.00950911 
-0.18976 -0.24221 0.00948361 
-0.174789 -0.253226 0.00945665 
-0.159181 -0.263317 0.00943067 
-0.142992 -0.272448 0.00940802 
-0.126281 -0.280585 0.00939075 
-0.109109 -0.287697 0.00938043 
-0.0915394 -0.29376 0.00937799 
-0.0736356 -0.298751 0.00938365 
-0.0554631 -0.302652 0.0093969 
-0.0370882 -0.305449 0.00941654 
-0.018578 -0.307131 0.00944079 
-5.65222e-17 -0.307692 0.00946746 
0.018578 -0.307131 0.00949412 
0.0370882 -0.305449 0.00951837 
0.0554631 -0.302652 0.00953801 
0.0736356 -0.298751 0.00955126 
0.0915394 -0.29376 0.00955692 
0.109109 -0.287697 0.00955448 
0.126281 -0.280585 0.00954416 
0.142992 -0.272448 0.00952689 
0.159181 -0.263317 0.00950424 
0.174789 -0.253226 0.00947826 
0.18976 -0.24221 0.0094513 
0.204038 -0.230311 0.0094258 
0.217571 -0.217571 0.00940408 
0.230311 -0.204038 0.00938809 
0.24221 -0.18976 0.00937929 
0.253226 -0.174789 0.00937848 
0.263317 -0.159181 0.00938572 
0.272448 -0.142992 0.00940036 
0.280585 -0.126281 0.00942109 
0.287697 -0.109109 0.00944601 
0.29376 -0.0915394 0.00947287 
0.298751 -0.0736356 0.00949924 
0.302652 -0.0554631 0.00952273 
0.305449 -0.0370882 0.00954122 
0.307131 -0.018578 0.00955303 
0.307692 1.97923e-16 0.00955709 
0.333333 0 0.0112346 
0.332725 0.0201262 0.011229 
0.330903 0.0401789 0.0112127 
0.327873 0.060085 0.0111872 
0.323647 0.0797719 0.0111549 
0.31824 0.0991677 0.0111186 
0.311672 0.118202 0.0110816 
0.303967 0.136804 0.0110472 
0.295152 0.154908 0.0110187 
0.28526 0.172446 0.0109985 
0.274328 0.189355 0.0109886 
0.262394 0.205573 0.0109897 
0.249504 0.221041 0.0110018 
0.235702 0.235702 0.0110238 
0.221041 0.249504 0.0110537 
0.205573 0.262394 0.0110889 
0.189355 0.274328 0.011126 
0.172446 0.28526 0.0111618 
0.154908 0.295152 0.011193 
0.136804 0.303967 0.0112168 
0.118202 0.311672 0.011231 
0.0991677 0.31824 0.0112343 
0.0797719 0.323647 0.0112265 
0.060085 0.327873 0.0112083 
0.0401789 0.330903 0.0111812 
0.0201262 0.332725 0.0111478 
-5.36041e-17 0.333333 0.0111111 
-0.0201262 0.332725 0.0110744 
-0.0401789 0.330903 0.011041 
-0.060085 0.327873 0.0110139 
-0.0797719 0.323647 0.0109957 
-0.0991677 0.31824 0.0109879 
-0.118202 0.311672 0.0109912 
-0.136804 0.303967 0.0110055 
-0.154908 0.295152 0.0110292 
-0.172446 0.28526 0.0110604 
-0.189355 0.274328 0.0110962 
-0.205573 0.262394 0.0111334 
-0.221041 0.249504 0.0111685 
-0.235702 0.235702 0.0111984 
-0.249504 0.221041 0.0112204 
-0.262394 0.205573 0.0112325 
-0.274328 0.189355 0.0112337 
-0.28526 0.172446 0.0112237 
-0.295152 0.154908 0.0112035 
-0.303967 0.136804 0.011175 
-0.311672 0.118202 0.0111407 
-0.31824 0.0991677 0.0111037 
-0.323647 0.0797719 0.0110673 
-0.327873 0.060085 0.011035 
-0.330903 0.0401789 0.0110095 
-0.332725 0.0201262 0.0109932 
-0.333333 -1.07208e-16 0.0109877 
-0.332725 -0.0201262 0.0109932 
-0.330903 -0.0401789 0.0110095 
-0.327873 -0.060085 0.011035 
-0.323647 -0.0797719 0.0110673 
-0.31824 -0.0991677 0.0111037 
-0.311672 -0.118202 0.0111407 
-0.303967 -0.136804 0.011175 
-0.295152 -0.154908 0.0112035 
-0.28526 -0.172446 0.0112237 
-0.274328 -0.189355 0.0112337 
-0.262394 -0.205573 0.0112325 
-0.249504 -0.221041 0.0112204 
-0.235702 -0.235702 0.0111984 
-0.221041 -0.249504 0.0111685 
-0.205573 -0.262394 0.0111334 
-0.189355 -0.274328 0.0110962 
-0.172446 -0.28526 0.0110604 
-0.154908 -0.295152 0.0110292 
-0.136804 -0.303967 0.0110055 
-0.118202 -0.311672 0.0109912 
-0.0991677 -0.31824 0.0109879 
-0.0797719 -0.323647 0.0109957 
-0.060085 -0.327873 0.0110139 
-0.0401789 -0.330903 0.011041 
-0.0201262 -0.332725 0.0110744 
-6.12323e-17 -0.333333 0.0111111 
0.0201262 -0.332725 0.0111478 
0.0401789 -0.330903 0.0111812 
0.060085 -0.327873 0.0112083 
0.0797719 -0.323647 0.0112265 
0.0991677 -0.31824 0.0112343 
0.118202 -0.311672 0.011231 
0.136804 -0.303967 0.0112168 
0.154908 -0.295152 0.011193 
0.172446 -0.28526 0.0111618 
0.189355 -0.274328 0.011126 
0.205573 -0.262394 0.0110889 
0.221041 -0.249504 0.0110537 
0.235702 -0.235702 0.0110238 
0.249504 -0.221041 0.0110018 
0.262394 -0.205573 0.0109897 
0.274328 -0.189355 0.0109886 
0.28526 -0.172446 0.0109985 
0.295152 -0.154908 0.0110187 
0.303967 -0.136804 0.0110472 
0.311672 -0.118202 0.0110816 
0.31824 -0.0991677 0.0111186 
0.323647 -0.0797719 0.0111549 
0.327873 -0.060085 0.0111872 
0.330903 -0.0401789 0.0112127 
0.332725 -0.0201262 0.011229 
0.333333 2.14416e-16 0.0112346 
0.358974 0 0.0130523 
0.358319 0.0216743 0.0130448 
0.356357 0.0432696 0.0130229 
0.353094 0.0647069 0.0129887 
0.348543 0.0859082 0.0129451 
0.34272 0.106796 0.0128963 
0.335647 0.127294 0.0128465 
0.327349 0.147328 0.0128004 
0.317856 0.166824 0.012762 
0.307204 0.185711 0.0127348 
0.29543 0.203921 0.0127214 
0.282579 0.221386 0.0127229 
0.268696 0.238044 0.0127392 
0.253833 0.253833 0.0127688 
0.238044 0.268696 0.0128091 
0.221386 0.282579 0.0128563 
0.203921 0.29543 0.0129063 
0.185711 0.307204 0.0129544 
0.166824 0.317856 0.0129964 
0.147328 0.327349 0.0130284 
0.127294 0.335647 0.0130475 
0.106796 0.34272 0.013052 
0.0859082 0.348543 0.0130415 
0.0647069 0.353094 0.013017 
0.0432696 0.356357 0.0129806 
0.0216743 0.358319 0.0129357 
-5.77275e-17 0.358974 0.0128863 
-0.0216743 0.358319 0.0128369 
-0.0432696 0.356357 0.0127919 
-0.0647069 0.353094 0.0127555 
-0.0859082 0.348543 0.012731 
-0.106796 0.34272 0.0127205 
-0.127294 0.335647 0.012725 
-0.147328 0.327349 0.0127442 
-0.166824 0.317856 0.0127761 
-0.185711 0.307204 0.0128181 
-0.203921 0.29543 0.0128662 
-0.221386 0.282579 0.0129162 
-0.238044 0.268696 0.0129634 
-0.253833 0.253833 0.0130037 
-0.268696 0.238044 0.0130333 
-0.282579 0.221386 0.0130496 
-0.29543 0.203921 0.0130511 
-0.307204 0.185711 0.0130377 
-0.317856 0.166824 0.0130106 
-0.327349 0.147328 0.0129722 
-0.335647 0.127294 0.012926 
-0.34272 0.106796 0.0128762 
-0.348543 0.0859082 0.0128274 
-0.353094 0.0647069 0.0127838 
-0.356357 0.0432696 0.0127496 
-0.358319 0.0216743 0.0127277 
-0.358974 -1.15455e-16 0.0127202 
-0.358319 -0.0216743 0.0127277 
-0.356357 -0.0432696 0.0127496 
-0.353094 -0.0647069 0.0127838 
-0.348543 -0.0859082 0.0128274 
-0.34272 -0.106796 0.0128762 
-0.335647 -0.127294 0.012926 
-0.327349 -0.147328 0.0129722 
-0.317856 -0.166824 0.0130106 
-0.307204 -0.185711 0.0130377 
-0.29543 -0.203921 0.0130511 
-0.282579 -0.221386 0.0130496 
-0.268696 -0.238044 0.0130333 
-0.253833 -0.253833 0.0130037 
-0.238044 -0.268696 0.0129634 
-0.221386 -0.282579 0.0129162 
-0.203921 -0.29543 0.0128662 
-0.185711 -0.307204 0.0128181 
-0.166824 -0.317856 0.0127761 
-0.147328 -0.327349 0.0127442 
-0.127294 -0.335647 0.012725 
-0.106796 -0.34272 0.0127205 
-0.0859082 -0.348543 0.012731 
-0.0647069 -0.353094 0.0127555 
-0.0432696 -0.356357 0.0127919 
-0.0216743 -0.358319 0.0128369 
-6.59425e-17 -0.358974 0.0128863 
0.0216743 -0.358319 0.0129357 
0.0432696 -0.356357 0.0129806 
0.0647069 -0.353094 0.013017 
0.0859082 -0.348543 0.0130415 
0.106796 -0.34272 0.013052 
0.127294 -0.335647 0.0130475 
0.147328 -0.327349 0.0130284 
0.166824 -0.317856 0.0129964 
0.185711 -0.307204 0.0129544 
0.203921 -0.29543 0.0129063 
0.221386 -0.282579 0.0128563 
0.238044 -0.268696 0.0128091 
0.253833 -0.253833 0.0127688 
0.268696 -0.238044 0.0127392 
0.282579 -0.221386 0.0127229 
0.29543 -0.203921 0.0127214 
0.307204 -0.185711 0.0127348 
0.317856 -0.166824 0.012762 
0.327349 -0.147328 0.0128004 
0.335647 -0.127294 0.0128465 
0.34272 -0.106796 0.0128963 
0.348543 -0.0859082 0.0129451 
0.353094 -0.0647069 0.0129887 
0.356357 -0.0432696 0.0130229 
0.358319 -0.0216743 0.0130448 
0.358974 2.3091e-16 0.0130523 
0.384615 0 0.0150117 
0.383914 0.0232225 0.0150018 
0.381811 0.0463603 0.014973 
0.378315 0.0693289 0.0149279 
0.373439 0.0920445 0.0148705 
0.3672 0.114424 0.0148061 
0.359622 0.136386 0.0147405 
0.350731 0.157851 0.0146797 
0.34056 0.17874 0.0146291 
0.329147 0.198976 0.0145933 
0.316532 0.218486 0.0145757 
0.302763 0.2372 0.0145777 
0.287889 0.255047 0.0145991 
0.271964 0.271964 0.0146382 
0.255047 0.287889 0.0146912 
0.2372 0.302763 0.0147535 
0.218486 0.316532 0.0148193 
0.198976 0.329147 0.0148827 
0.17874 0.34056 0.014938 
0.157851 0.350731 0.0149802 
0.136386 0.359622 0.0150054 
0.114424 0.3672 0.0150113 
0.0920445 0.373439 0.0149975 
0.0693289 0.378315 0.0149652 
0.0463603 0.381811 0.0149172 
0.0232225 0.383914 0.014858 
-6.18509e-17 0.384615 0.0147929 
-0.0232225 0.383914 0.0147278 
-0.0463603 0.381811 0.0146686 
-0.0693289 0.378315 0.0146206 
-0.0920445 0.373439 0.0145883 
-0.114424 0.3672 0.0145745 
-0.136386 0.359622 0.0145804 
-0.157851 0.350731 0.0146056 
-0.17874 0.34056 0.0146478 
-0.198976 0.329147 0.0147031 
-0.218486 0.316532 0.0147665 
-0.2372 0.302763 0.0148323 
-0.255047 0.287889 0.0148946 
-0.271964 0.271964 0.0149476 
-0.287889 0.255047 0.0149867 
-0.302763 0.2372 0.0150081 
-0.316532 0.218486 0.0150101 
-0.329147 0.198976 0.0149925 
-0.34056 0.17874 0.0149567 
-0.350731 0.157851 0.0149061 
-0.359622 0.136386 0.0148453 
-0.3672 0.114424 0.0147797 
-0.373439 0.0920445 0.0147153 
-0.378315 0.0693289 0.0146579 
-0.381811 0.0463603 0.0146128 
-0.383914 0.0232225 0.014584 
-0.384615 -1.23702e-16 0.0145741 
-0.383914 -0.0232225 0.014584 
-0.381811 -0.0463603 0.0146128 
-0.378315 -0.0693289 0.0146579 
-0.373439 -0.0920445 0.0147153 
-0.3672 -0.114424 0.0147797 
-0.359622 -0.136386 0.0148453 
-0.350731 -0.157851 0.0149061 
-0.34056 -0.17874 0.0149567 
-0.329147 -0.198976 0.0149925 
-0.316532 -0.218486 0.0150101 
-0.302763 -0.2372 0.0150081 
-0.287889 -0.255047 0.0149867 
-0.271964 -0.271964 0.0149476 
-0.255047 -0.287889 0.0148946 
-0.2372 -0.302763 0.0148323 
-0.218486 -0.316532 0.0147665 
-0.198976 -0.329147 0.0147031 
-0.17874 -0.34056 0.0146478 
-0.157851 -0.350731 0.0146056 
-0.136386 -0.359622 0.0145804 
-0.114424 -0.3672 0.0145745 
-0.0920445 -0.373439 0.0145883 
-0.0693289 -0.378315 0.0146206 
-0.0463603 -0.381811 0.0146686 
-0.0232225 -0.383914 0.0147278 
-7.06527e-17 -0.384615 0.0147929 
0.0232225 -0.383914 0.014858 
0.0463603 -0.381811 0.0149172 
0.0693289 -0.378315 0.0149652 
0.0920445 -0.373439 0.0149975 
0.114424 -0.3672 0.0150113 
0.136386 -0.359622 0.0150054 
0.157851 -0.350731 0.0149802 
0.17874 -0.34056 0.014938 
0.198976 -0.329147 0.0148827 
0.218486 -0.316532 0.0148193 
0.2372 -0.302763 0.0147535 
0.255047 -0.287889 0.0146912 
0.271964 -0.271964 0.0146382 
0.287889 -0.255047 0.0145991 
0.302763 -0.2372 0.0145777 
0.316532 -0.218486 0.0145757 
0.329147 -0.198976 0.0145933 
0.34056 -0.17874 0.0146291 
0.350731 -0.157851 0.0146797 
0.359622 -0.136386 0.0147405 
0.3672 -0.114424 0.0148061 
0.373439 -0.0920445 0.0148705 
0.378315 -0.0693289 0.0149279 
0.381811 -0.0463603 0.014973 
0.383914 -0.0232225 0.0150018 
0.384615 2.47403e-16 0.0150117 
0.410256 0 0.0171143 
0.409508 0.0247707 0.0171015 
0.407265 0.0494509 0.0170642 
0.403536 0.0739508 0.0170057 
0.398335 0.0981808 0.0169315 
0.39168 0.122053 0.0168481 
0.383596 0.145479 0.0167632 
0.374113 0.168374 0.0166845 
0.363264 0.190656 0.016619 
0.35109 0.212241 0.0165727 
0.337634 0.233052 0.0165498 
0.322947 0.253013 0.0165524 
0.307081 0.27205 0.0165802 
0.290095 0.290095 0.0166307 
0.27205 0.307081 0.0166994 
0.253013 0.322947 0.01678 
0.233052 0.337634 0.0168652 
0.212241 0.35109 0.0169473 
0.190656 0.363264 0.0170189 
0.168374 0.374113 0.0170735 
0.145479 0.383596 0.0171061 
0.122053 0.39168 0.0171138 
0.0981808 0.398335 0.0170959 
0.0739508 0.403536 0.017054 
0.0494509 0.407265 0.016992 
0.0247707 0.409508 0.0169153 
-6.59743e-17 0.410256 0.016831 
-0.0247707 0.409508 0.0167468 
-0.0494509 0.407265 0.0166701 
-0.0739508 0.403536 0.016608 
-0.0981808 0.398335 0.0165662 
-0.122053 0.39168 0.0165483 
-0.145479 0.383596 0.016556 
-0.168374 0.374113 0.0165886 
-0.190656 0.363264 0.0166432 
-0.212241 0.35109 0.0167148 
-0.233052 0.337634 0.0167969 
-0.253013 0.322947 0.0168821 
-0.27205 0.307081 0.0169627 
-0.290095 0.290095 0.0170313 
-0.307081 0.27205 0.0170819 
-0.322947 0.253013 0.0171097 
-0.337634 0.233052 0.0171123 
-0.35109 0.212241 0.0170894 
-0.363264 0.190656 0.0170431 
-0.374113 0.168374 0.0169776 
-0.383596 0.145479 0.0168988 
-0.39168 0.122053 0.0168139 
-0.398335 0.0981808 0.0167306 
-0.403536 0.0739508 0.0166563 
-0.407265 0.0494509 0.0165979 
-0.409508 0.0247707 0.0165606 
-0.410256 -1.31949e-16 0.0165477 
-0.409508 -0.0247707 0.0165606 
-0.407265 -0.0494509 0.0165979 
-0.403536 -0.0739508 0.0166563 
-0.398335 -0.0981808 0.0167306 
-0.39168 -0.122053 0.0168139 
-0.383596 -0.145479 0.0168988 
-0.374113 -0.168374 0.0169776 
-0.363264 -0.190656 0.0170431 
-0.35109 -0.212241 0.0170894 
-0.337634 -0.233052 0.0171123 
-0.322947 -0.253013 0.0171097 
-0.307081 -0.27205 0.0170819 
-0.290095 -0.290095 0.0170313 
-0.27205 -0.307081 0.0169627 
-0.253013 -0.322947 0.0168821 
-0.233052 -0.337634 0.0167969 
-0.212241 -0.35109 0.0167148 
-0.190656 -0.363264 0.0166432 
-0.168374 -0.374113 0.0165886 
-0.145479 -0.383596 0.016556 
-0.122053 -0.39168 0.0165483 
-0.0981808 -0.398335 0.0165662 
-0.0739508 -0.403536 0.016608 
-0.0494509 -0.407265 0.0166701 
-0.0247707 -0.409508 0.0167468 
-7.53629e-17 -0.410256 0.016831 
0.0247707 -0.409508 0.0169153 
0.0494509 -0.407265 0.016992 
0.0739508 -0.403536 0.017054 
0.0981808 -0.398335 0.0170959 
0.122053 -0.39168 0.0171138 
0.145479 -0.383596 0.0171061 
0.168374 -0.374113 0.0170735 
0.190656 -0.363264 0.0170189 
0.212241 -0.35109 0.0169473 
0.233052 -0.337634 0.0168652 
0.253013 -0.322947 0.01678 
0.27205 -0.307081 0.0166994 
0.290095 -0.290095 0.0166307 
0.307081 -0.27205 0.0165802 
0.322947 -0.253013 0.0165524 
0.337634 -0.233052 0.0165498 
0.35109 -0.212241 0.0165727 
0.363264 -0.190656 0.016619 
0.374113 -0.168374 0.0166845 
0.383596 -0.145479 0.0167632 
0.39168 -0.122053 0.0168481 
0.398335 -0.0981808 0.0169315 
0.403536 -0.0739508 0.0170057 
0.407265 -0.0494509 0.0170642 
0.409508 -0.0247707 0.0171015 
0.410256 2.63897e-16 0.0171143 
0.435897 0 0.0193617 
0.435102 0.0263188 0.0193453 
0.432719 0.0525416 0.0192978 
0.428757 0.0785727 0.0192233 
0.423231 0.104317 0.0191287 
0.41616 0.129681 0.0190225 
0.407571 0.154571 0.0189143 
0.397495 0.178898 0.0188139 
0.385968 0.202572 0.0187304 
0.373033 0.225506 0.0186714 
0.358737 0.247618 0.0186423 
0.343131 0.268826 0.0186455 
0.326274 0.289053 0.018681 
0.308226 0.308226 0.0187454 
0.289053 0.326274 0.0188329 
0.268826 0.343131 0.0189356 
0.247618 0.358737 0.0190442 
0.225506 0.373033 0.0191488 
0.202572 0.385968 0.0192401 
0.178898 0.397495 0.0193096 
0.154571 0.407571 0.0193512 
0.129681 0.41616 0.019361 
0.104317 0.423231 0.0193382 
0.0785727 0.428757 0.0192849 
0.0525416 0.432719 0.0192057 
0.0263188 0.435102 0.0191081 
-7.00977e-17 0.435897 0.0190007 
-0.0263188 0.435102 0.0188933 
-0.0525416 0.432719 0.0187956 
-0.0785727 0.428757 0.0187165 
-0.104317 0.423231 0.0186631 
-0.129681 0.41616 0.0186403 
-0.154571 0.407571 0.0186501 
-0.178898 0.397495 0.0186917 
-0.202572 0.385968 0.0187613 
-0.225506 0.373033 0.0188525 
-0.247618 0.358737 0.0189571 
-0.268826 0.343131 0.0190657 
-0.289053 0.326274 0.0191684 
-0.308226 0.308226 0.0192559 
-0.326274 0.289053 0.0193203 
-0.343131 0.268826 0.0193558 
-0.358737 0.247618 0.0193591 
-0.373033 0.225506 0.0193299 
-0.385968 0.202572 0.0192709 
-0.397495 0.178898 0.0191874 
-0.407571 0.154571 0.0190871 
-0.41616 0.129681 0.0189789 
-0.423231 0.104317 0.0188726 
-0.428757 0.0785727 0.018778 
-0.432719 0.0525416 0.0187035 
-0.435102 0.0263188 0.018656 
-0.435897 -1.40195e-16 0.0186396 
-0.435102 -0.0263188 0.018656 
-0.432719 -0.0525416 0.0187035 
-0.428757 -0.0785727 0.018778 
-0.423231 -0.104317 0.0188726 
-0.41616 -0.129681 0.0189789 
-0.407571 -0.154571 0.0190871 
-0.397495 -0.178898 0.0191874 
-0.385968 -0.202572 0.0192709 
-0.373033 -0.225506 0.0193299 
-0.358737 -0.247618 0.0193591 
-0.343131 -0.268826 0.0193558 
-0.326274 -0.289053 0.0193203 
-0.308226 -0.308226 0.0192559 
-0.289053 -0.326274 0.0191684 
-0.268826 -0.343131 0.0190657 
-0.247618 -0.358737 0.0189571 
-0.225506 -0.373033 0.0188525 
-0.202572 -0.385968 0.0187613 
-0.178898 -0.397495 0.0186917 
-0.154571 -0.407571 0.0186501 
-0.129681 -0.41616 0.0186403 
-0.104317 -0.423231 0.0186631 
-0.0785727 -0.428757 0.0187165 
-0.0525416 -0.432719 0.0187956 
-0.0263188 -0.435102 0.0188933 
-8.00731e-17 -0.435897 0.0190007 
0.0263188 -0.435102 0.0191081 
0.0525416 -0.432719 0.0192057 
0.0785727 -0.428757 0.0192849 
0.104317 -0.423231 0.0193382 
0.129681 -0.41616 0.019361 
0.154571 -0.407571 0.0193512 
0.178898 -0.397495 0.0193096 
0.202572 -0.385968 0.0192401 
0.225506 -0.373033 0.0191488 
0.247618 -0.358737 0.0190442 
0.268826 -0.343131 0.0189356 
0.289053 -0.326274 0.0188329 
0.308226 -0.308226 0.0187454 
0.326274 -0.289053 0.018681 
0.343131 -0.268826 0.0186455 
0.358737 -0.247618 0.0186423 
0.373033 -0.225506 0.0186714 
0.385968 -0.202572 0.0187304 
0.397495 -0.178898 0.0188139 
0.407571 -0.154571 0.0189143 
0.41616 -0.129681 0.0190225 
0.423231 -0.104317 0.0191287 
0.428757 -0.0785727 0.0192233 
0.432719 -0.0525416 0.0192978 
0.435102 -0.0263188 0.0193453 
0.435897 2.80391e-16 0.0193617 
0.461538 0 0.0217555 
0.460696 0.027867 0.021735 
0.458173 0.0556323 0.0216752 
0.453978 0.0831946 0.0215816 
0.448127 0.110453 0.0214627 
0.44064 0.137309 0.0213292 
0.431546 0.163664 0.0211932 
0.420877 0.189421 0.021067 
0.408672 0.214488 0.0209621 
0.394976 0.238771 0.020888 
0.379839 0.262184 0.0208513 
0.363315 0.284639 0.0208554 
0.345466 0.306057 0.0209 
0.326357 0.326357 0.0209809 
0.306057 0.345466 0.0210909 
0.284639 0.363315 0.02122 
0.262184 0.379839 0.0213565 
0.238771 0.394976 0.021488 
0.214488 0.408672 0.0216027 
0.189421 0.420877 0.0216901 
0.163664 0.431546 0.0217424 
0.137309 0.44064 0.0217547 
0.110453 0.448127 0.0217261 
0.0831946 0.453978 0.021659 
0.0556323 0.458173 0.0215595 
0.027867 0.460696 0.0214368 
-7.4221e-17 0.461538 0.0213018 
-0.027867 0.460696 0.0211668 
-0.0556323 0.458173 0.021044 
-0.0831946 0.453978 0.0209446 
-0.110453 0.448127 0.0208775 
-0.137309 0.44064 0.0208488 
-0.163664 0.431546 0.0208612 
-0.189421 0.420877 0.0209135 
-0.214488 0.408672 0.0210009 
-0.238771 0.394976 0.0211155 
-0.262184 0.379839 0.0212471 
-0.284639 0.363315 0.0213836 
-0.306057 0.345466 0.0215127 
-0.326357 0.326357 0.0216226 
-0.345466 0.306057 0.0217036 
-0.363315 0.284639 0.0217481 
-0.379839 0.262184 0.0217522 
-0.394976 0.238771 0.0217156 
-0.408672 0.214488 0.0216414 
-0.420877 0.189421 0.0215365 
-0.431546 0.163664 0.0214104 
-0.44064 0.137309 0.0212744 
-0.448127 0.110453 0.0211409 
-0.453978 0.0831946 0.0210219 
-0.458173 0.0556323 0.0209283 
-0.460696 0.027867 0.0208686 
-0.461538 -1.48442e-16 0.020848 
-0.460696 -0.027867 0.0208686 
-0.458173 -0.0556323 0.0209283 
-0.453978 -0.0831946 0.0210219 
-0.448127 -0.110453 0.0211409 
-0.44064 -0.137309 0.0212744 
-0.431546 -0.163664 0.0214104 
-0.420877 -0.189421 0.0215365 
-0.408672 -0.214488 0.0216414 
-0.394976 -0.238771 0.0217156 
-0.379839 -0.262184 0.0217522 
-0.363315 -0.284639 0.0217481 
-0.345466 -0.306057 0.0217036 
-0.326357 -0.326357 0.0216226 
-0.306057 -0.345466 0.0215127 
-0.284639 -0.363315 0.0213836 
-0.262184 -0.379839 0.0212471 
-0.238771 -0.394976 0.0211155 
-0.214488 -0.408672 0.0210009 
-0.189421 -0.420877 0.0209135 
-0.163664 -0.431546 0.0208612 
-0.137309 -0.44064 0.0208488 
-0.110453 -0.448127 0.0208775 
-0.0831946 -0.453978 0.0209446 
-0.0556323 -0.458173 0.021044 
-0.027867 -0.460696 0.0211668 
-8.47832e-17 -0.461538 0.0213018 
0.027867 -0.460696 0.0214368 
0.0556323 -0.458173 0.0215595 
0.0831946 -0.453978 0.021659 
0.110453 -0.448127 0.0217261 
0.137309 -0.44064 0.0217547 
0.163664 -0.431546 0.0217424 
0.189421 -0.420877 0.0216901 
0.214488 -0.408672 0.0216027 
0.238771 -0.394976 0.021488 
0.262184 -0.379839 0.0213565 
0.284639 -0.363315 0.02122 
0.306057 -0.345466 0.0210909 
0.326357 -0.326357 0.0209809 
0.345466 -0.306057 0.0209 
0.363315 -0.284639 0.0208554 
0.379839 -0.262184 0.0208513 
0.394976 -0.238771 0.020888 
0.408672 -0.214488 0.0209621 
0.420877 -0.189421 0.021067 
0.431546 -0.163664 0.0211932 
0.44064 -0.137309 0.0213292 
0.448127 -0.110453 0.0214627 
0.453978 -0.0831946 0.0215816 
0.458173 -0.0556323 0.0216752 
0.460696 -0.027867 0.021735 
0.461538 2.96884e-16 0.0217555 
0.487179 0 0.0242977 
0.486291 0.0294152 0.0242722 
0.483627 0.058723 0.024198 
0.479199 0.0878166 0.0240818 
0.473023 0.11659 0.0239341 
0.46512 0.144937 0.0237684 
0.455521 0.172756 0.0235996 
0.444259 0.199945 0.023443 
0.431376 0.226404 0.0233127 
0.416919 0.252036 0.0232207 
0.400941 0.276749 0.0231752 
0.3835 0.300453 0.0231803 
0.364659 0.32306 0.0232356 
0.344488 0.344488 0.0233361 
0.32306 0.364659 0.0234726 
0.300453 0.3835 0.0236328 
0.276749 0.400941 0.0238023 
0.252036 0.416919 0.0239656 
0.226404 0.431376 0.0241079 
0.199945 0.444259 0.0242165 
0.172756 0.455521 0.0242813 
0.144937 0.46512 0.0242967 
0.11659 0.473023 0.0242611 
0.0878166 0.479199 0.0241778 
0.058723 0.483627 0.0240544 
0.0294152 0.486291 0.023902 
-7.83444e-17 0.487179 0.0237344 
-0.0294152 0.486291 0.0235668 
-0.058723 0.483627 0.0234144 
-0.0878166 0.479199 0.0232909 
-0.11659 0.473023 0.0232077 
-0.144937 0.46512 0.0231721 
-0.172756 0.455521 0.0231874 
-0.199945 0.444259 0.0232523 
-0.226404 0.431376 0.0233608 
-0.252036 0.416919 0.0235032 
-0.276749 0.400941 0.0236665 
-0.300453 0.3835 0.0238359 
-0.32306 0.364659 0.0239962 
-0.344488 0.344488 0.0241327 
-0.364659 0.32306 0.0242332 
-0.3835 0.300453 0.0242885 
-0.400941 0.276749 0.0242936 
-0.416919 0.252036 0.0242481 
-0.431376 0.226404 0.024156 
-0.444259 0.199945 0.0240258 
-0.455521 0.172756 0.0238692 
-0.46512 0.144937 0.0237004 
-0.473023 0.11659 0.0235346 
-0.479199 0.0878166 0.023387 
-0.483627 0.058723 0.0232708 
-0.486291 0.0294152 0.0231966 
-0.487179 -1.56689e-16 0.0231711 
-0.486291 -0.0294152 0.0231966 
-0.483627 -0.058723 0.0232708 
-0.479199 -0.0878166 0.023387 
-0.473023 -0.11659 0.0235346 
-0.46512 -0.144937 0.0237004 
-0.455521 -0.172756 0.0238692 
-0.444259 -0.199945 0.0240258 
-0.431376 -0.226404 0.024156 
-0.416919 -0.252036 0.0242481 
-0.400941 -0.276749 0.0242936 
-0.3835 -0.300453 0.0242885 
-0.364659 -0.32306 0.0242332 
-0.344488 -0.344488 0.0241327 
-0.32306 -0.364659 0.0239962 
-0.300453 -0.3835 0.0238359 
-0.276749 -0.400941 0.0236665 
-0.252036 -0.416919 0.0235032 
-0.226404 -0.431376 0.0233608 
-0.199945 -0.444259 0.0232523 
-0.172756 -0.455521 0.0231874 
-0.144937 -0.46512 0.0231721 
-0.11659 -0.473023 0.0232077 
-0.0878166 -0.479199 0.0232909 
-0.058723 -0.483627 0.0234144 
-0.0294152 -0.486291 0.0235668 
-8.94934e-17 -0.487179 0.0237344 
0.0294152 -0.486291 0.023902 
0.058723 -0.483627 0.0240544 
0.0878166 -0.479199 0.0241778 
0.11659 -0.473023 0.0242611 
0.144937 -0.46512 0.0242967 
0.172756 -0.455521 0.0242813 
0.199945 -0.444259 0.0242165 
0.226404 -0.431376 0.0241079 
0.252036 -0.416919 0.0239656 
0.276749 -0.400941 0.0238023 
0.300453 -0.3835 0.0236328 
0.32306 -0.364659 0.0234726 
0.344488 -0.344488 0.0233361 
0.364659 -0.32306 0.0232356 
0.3835 -0.300453 0.0231803 
0.400941 -0.276749 0.0231752 
0.416919 -0.252036 0.0232207 
0.431376 -0.226404 0.0233127 
0.444259 -0.199945 0.023443 
0.455521 -0.172756 0.0235996 
0.46512 -0.144937 0.0237684 
0.473023 -0.11659 0.0239341 
0.479199 -0.0878166 0.0240818 
0.483627 -0.058723 0.024198 
0.486291 -0.0294152 0.0242722 
0.487179 3.13378e-16 0.0242977 
0.512821 0 0.0269901 
0.511885 0.0309633 0.0269588 
0.509081 0.0618137 0.0268677 
0.50442 0.0924385 0.026725 
0.497919 0.122726 0.0265437 
0.4896 0.152566 0.0263402 
0.479496 0.181849 0.026133 
0.467641 0.210468 0.0259407 
0.45408 0.23832 0.0257808 
0.438862 0.265301 0.0256678 
0.422043 0.291315 0.0256119 
0.403684 0.316266 0.0256182 
0.383852 0.340063 0.0256861 
0.362619 0.362619 0.0258094 
0.340063 0.383852 0.0259771 
0.316266 0.403684 0.0261738 
0.291315 0.422043 0.0263819 
0.265301 0.438862 0.0265823 
0.23832 0.45408 0.0267571 
0.210468 0.467641 0.0268904 
0.181849 0.479496 0.02697 
0.152566 0.4896 0.0269888 
0.122726 0.497919 0.0269452 
0.0924385 0.50442 0.0268429 
0.0618137 0.509081 0.0266914 
0.0309633 0.511885 0.0265042 
-8.24678e-17 0.512821 0.0262985 
-0.0309633 0.511885 0.0260927 
-0.0618137 0.509081 0.0259056 
-0.0924385 0.50442 0.0257541 
-0.122726 0.497919 0.0256518 
-0.152566 0.4896 0.0256081 
-0.181849 0.479496 0.025627 
-0.210468 0.467641 0.0257066 
-0.23832 0.45408 0.0258399 
-0.265301 0.438862 0.0260146 
-0.291315 0.422043 0.0262151 
-0.316266 0.403684 0.0264232 
-0.340063 0.383852 0.0266199 
-0.362619 0.362619 0.0267875 
-0.383852 0.340063 0.0269109 
-0.403684 0.316266 0.0269788 
-0.422043 0.291315 0.0269851 
-0.438862 0.265301 0.0269292 
-0.45408 0.23832 0.0268162 
-0.467641 0.210468 0.0266563 
-0.479496 0.181849 0.026464 
-0.4896 0.152566 0.0262567 
-0.497919 0.122726 0.0260532 
-0.50442 0.0924385 0.025872 
-0.509081 0.0618137 0.0257293 
-0.511885 0.0309633 0.0256382 
-0.512821 -1.64936e-16 0.0256069 
-0.511885 -0.0309633 0.0256382 
-0.509081 -0.0618137 0.0257293 
-0.50442 -0.0924385 0.025872 
-0.497919 -0.122726 0.0260532 
-0.4896 -0.152566 0.0262567 
-0.479496 -0.181849 0.026464 
-0.467641 -0.210468 0.0266563 
-0.45408 -0.23832 0.0268162 
-0.438862 -0.265301 0.0269292 
-0.422043 -0.291315 0.0269851 
-0.403684 -0.316266 0.0269788 
-0.383852 -0.340063 0.0269109 
-0.362619 -0.362619 0.0267875 
-0.340063 -0.383852 0.0266199 
-0.316266 -0.403684 0.0264232 
-0.291315 -0.422043 0.0262151 
-0.265301 -0.438862 0.0260146 
-0.23832 -0.45408 0.0258399 
-0.210468 -0.467641 0.0257066 
-0.181849 -0.479496 0.025627 
-0.152566 -0.4896 0.0256081 
-0.122726 -0.497919 0.0256518 
-0.0924385 -0.50442 0.0257541 
-0.0618137 -0.509081 0.0259056 
-0.0309633 -0.511885 0.0260927 
-9.42036e-17 -0.512821 0.0262985 
0.0309633 -0.511885 0.0265042 
0.0618137 -0.509081 0.0266914 
0.0924385 -0.50442 0.0268429 
0.122726 -0.497919 0.0269452 
0.152566 -0.4896 0.0269888 
0.181849 -0.479496 0.02697 
0.210468 -0.467641 0.0268904 
0.23832 -0.45408 0.0267571 
0.265301 -0.438862 0.0265823 
0.291315 -0.422043 0.0263819 
0.316266 -0.403684 0.0261738 
0.340063 -0.383852 0.0259771 
0.362619 -0.362619 0.0258094 
0.383852 -0.340063 0.0256861 
0.403684 -0.316266 0.0256182 
0.422043 -0.291315 0.0256119 
0.438862 -0.265301 0.0256678 
0.45408 -0.23832 0.0257808 
0.467641 -0.210468 0.0259407 
0.479496 -0.181849 0.026133 
0.4896 -0.152566 0.0263402 
0.497919 -0.122726 0.0265437 
0.50442 -0.0924385 0.026725 
0.509081 -0.0618137 0.0268677 
0.511885 -0.0309633 0.0269588 
0.512821 3.29871e-16 0.0269901 
0.538462 0 0.0298347 
0.537479 0.0325115 0.0297967 
0.534536 0.0649044 0.0296859 
0.529641 0.0970604 0.0295125 
0.522815 0.128862 0.0292922 
0.51408 0.160194 0.0290448 
0.50347 0.190941 0.0287929 
0.491023 0.220992 0.0285592 
0.476784 0.250236 0.0283648 
0.460805 0.278567 0.0282275 
0.443145 0.305881 0.0281596 
0.423868 0.332079 0.0281672 
0.403044 0.357066 0.0282497 
0.38075 0.38075 0.0283996 
0.357066 0.403044 0.0286034 
0.332079 0.423868 0.0288426 
0.305881 0.443145 0.0290954 
0.278567 0.460805 0.0293391 
0.250236 0.476784 0.0295515 
0.220992 0.491023 0.0297135 
0.190941 0.50347 0.0298103 
0.160194 0.51408 0.0298332 
0.128862 0.522815 0.0297801 
0.0970604 0.529641 0.0296558 
0.0649044 0.534536 0.0294716 
0.0325115 0.537479 0.0292442 
-8.65912e-17 0.538462 0.0289941 
-0.0325115 0.537479 0.028744 
-0.0649044 0.534536 0.0285165 
-0.0970604 0.529641 0.0283323 
-0.128862 0.522815 0.0282081 
-0.160194 0.51408 0.028155 
-0.190941 0.50347 0.0281779 
-0.220992 0.491023 0.0282747 
-0.250236 0.476784 0.0284366 
-0.278567 0.460805 0.0286491 
-0.305881 0.443145 0.0288928 
-0.332079 0.423868 0.0291456 
-0.357066 0.403044 0.0293848 
-0.38075 0.38075 0.0295885 
-0.403044 0.357066 0.0297384 
-0.423868 0.332079 0.029821 
-0.443145 0.305881 0.0298286 
-0.460805 0.278567 0.0297607 
-0.476784 0.250236 0.0296233 
-0.491023 0.220992 0.029429 
-0.50347 0.190941 0.0291953 
-0.51408 0.160194 0.0289433 
-0.522815 0.128862 0.028696 
-0.529641 0.0970604 0.0284756 
-0.534536 0.0649044 0.0283022 
-0.537479 0.0325115 0.0281915 
-0.538462 -1.73182e-16 0.0281534 
-0.537479 -0.0325115 0.0281915 
-0.534536 -0.0649044 0.0283022 
-0.529641 -0.0970604 0.0284756 
-0.522815 -0.128862 0.028696 
-0.51408 -0.160194 0.0289433 
-0.50347 -0.190941 0.0291953 
-0.491023 -0.220992 0.029429 
-0.476784 -0.250236 0.0296233 
-0.460805 -0.278567 0.0297607 
-0.443145 -0.305881 0.0298286 
-0.423868 -0.332079 0.029821 
-0.403044 -0.357066 0.0297384 
-0.38075 -0.38075 0.0295885 
-0.357066 -0.403044 0.0293848 
-0.332079 -0.423868 0.0291456 
-0.305881 -0.443145 0.0288928 
-0.278567 -0.460805 0.0286491 
-0.250236 -0.476784 0.0284366 
-0.220992 -0.491023 0.0282747 
-0.190941 -0.50347 0.0281779 
-0.160194 -0.51408 0.028155 
-0.128862 -0.522815 0.0282081 
-0.0970604 -0.529641 0.0283323 
-0.0649044 -0.534536 0.0285165 
-0.0325115 -0.537479 0.028744 
-9.89138e-17 -0.538462 0.0289941 
0.0325115 -0.537479 0.0292442 
0.0649044 -0.534536 0.0294716 
0.0970604 -0.529641 0.0296558 
0.128862 -0.522815 0.0297801 
0.160194 -0.51408 0.0298332 
0.190941 -0.50347 0.0298103 
0.220992 -0.491023 0.0297135 
0.250236 -0.476784 0.0295515 
0.278567 -0.460805 0.0293391 
0.305881 -0.443145 0.0290954 
0.332079 -0.423868 0.0288426 
0.357066 -0.403044 0.0286034 
0.38075 -0.38075 0.0283996 
0.403044 -0.357066 0.0282497 
0.423868 -0.332079 0.0281672 
0.443145 -0.305881 0.0281596 
0.460805 -0.278567 0.0282275 
0.476784 -0.250236 0.0283648 
0.491023 -0.220992 0.0285592 
0.50347 -0.190941 0.0287929 
0.51408 -0.160194 0.0290448 
0.522815 -0.128862 0.0292922 
0.529641 -0.0970604 0.0295125 
0.534536 -0.0649044 0.0296859 
0.537479 -0.0325115 0.0297967 
0.538462 3.46365e-16 0.0298347 
0.564103 0 0.0328338 
0.563073 0.0340597 0.0327879 
0.55999 0.0679951 0.0326545 
0.554863 0.101682 0.0324457 
0.547711 0.134999 0.0321802 
0.53856 0.167822 0.0318823 
0.527445 0.200034 0.0315788 
0.514405 0.231515 0.0312973 
0.499488 0.262152 0.0310632 
0.482748 0.291832 0.0308978 
0.464247 0.320447 0.030816 
0.444052 0.347893 0.0308252 
0.422237 0.374069 0.0309246 
0.398881 0.398881 0.0311052 
0.374069 0.422237 0.0313506 
0.347893 0.444052 0.0316386 
0.320447 0.464247 0.0319432 
0.291832 0.482748 0.0322367 
0.262152 0.499488 0.0324926 
0.231515 0.514405 0.0326877 
0.200034 0.527445 0.0328043 
0.167822 0.53856 0.0328319 
0.134999 0.547711 0.032768 
0.101682 0.554863 0.0326183 
0.0679951 0.55999 0.0323964 
0.0340597 0.563073 0.0321224 
-9.07146e-17 0.564103 0.0318212 
-0.0340597 0.563073 0.0315199 
-0.0679951 0.55999 0.031246 
-0.101682 0.554863 0.0310241 
-0.134999 0.547711 0.0308744 
-0.167822 0.53856 0.0308104 
-0.200034 0.527445 0.030838 
-0.231515 0.514405 0.0309546 
-0.262152 0.499488 0.0311497 
-0.291832 0.482748 0.0314056 
-0.320447 0.464247 0.0316991 
-0.347893 0.444052 0.0320037 
-0.374069 0.422237 0.0322917 
-0.398881 0.398881 0.0325372 
-0.422237 0.374069 0.0327178 
-0.444052 0.347893 0.0328172 
-0.464247 0.320447 0.0328264 
-0.482748 0.291832 0.0327445 
-0.499488 0.262152 0.0325791 
-0.514405 0.231515 0.032345 
-0.527445 0.200034 0.0320635 
-0.53856 0.167822 0.03176 
-0.547711 0.134999 0.0314621 
-0.554863 0.101682 0.0311967 
-0.55999 0.0679951 0.0309878 
-0.563073 0.0340597 0.0308544 
-0.564103 -1.81429e-16 0.0308086 
-0.563073 -0.0340597 0.0308544 
-0.55999 -0.0679951 0.0309878 
-0.554863 -0.101682 0.0311967 
-0.547711 -0.134999 0.0314621 
-0.53856 -0.167822 0.03176 
-0.527445 -0.200034 0.0320635 
-0.514405 -0.231515 0.032345 
-0.499488 -0.262152 0.0325791 
-0.482748 -0.291832 0.0327445 
-0.464247 -0.320447 0.0328264 
-0.444052 -0.347893 0.0328172 
-0.422237 -0.374069 0.0327178 
-0.398881 -0.398881 0.0325372 
-0.374069 -0.422237 0.0322917 
-0.347893 -0.444052 0.0320037 
-0.320447 -0.464247 0.0316991 
-0.291832 -0.482748 0.0314056 
-0.262152 -0.499488 0.0311497 
-0.231515 -0.514405 0.0309546 
-0.200034 -0.527445 0.030838 
-0.167822 -0.53856 0.0308104 
-0.134999 -0.547711 0.0308744 
-0.101682 -0.554863 0.0310241 
-0.0679951 -0.55999 0.031246 
-0.0340597 -0.563073 0.0315199 
-1.03624e-16 -0.564103 0.0318212 
0.0340597 -0.563073 0.0321224 
0.0679951 -0.55999 0.0323964 
0.101682 -0.554863 0.0326183 
0.134999 -0.547711 0.032768 
0.167822 -0.53856 0.0328319 
0.200034 -0.527445 0.0328043 
0.231515 -0.514405 0.0326877 
0.262152 -0.499488 0.0324926 
0.291832 -0.482748 0.0322367 
0.320447 -0.464247 0.0319432 
0.347893 -0.444052 0.0316386 
0.374069 -0.422237 0.0313506 
0.398881 -0.398881 0.0311052 
0.422237 -0.374069 0.0309246 
0.444052 -0.347893 0.0308252 
0.464247 -0.320447 0.030816 
0.482748 -0.291832 0.0308978 
0.499488 -0.262152 0.0310632 
0.514405 -0.231515 0.0312973 
0.527445 -0.200034 0.0315788 
0.53856 -0.167822 0.0318823 
0.547711 -0.134999 0.0321802 
0.554863 -0.101682 0.0324457 
0.55999 -0.0679951 0.0326545 
0.563073 -0.0340597 0.0327879 
0.564103 3.62858e-16 0.0328338 
0.589744 0 0.0359894 
0.588668 0.0356078 0.0359346 
0.585444 0.0710857 0.0357753 
0.580084 0.106304 0.0355258 
0.572607 0.141135 0.0352087 
0.563041 0.175451 0.0348528 
0.55142 0.209126 0.0344903 
0.537787 0.242038 0.034154 
0.522192 0.274068 0.0338743 
0.504692 0.305097 0.0336767 
0.485349 0.335013 0.0335789 
0.464236 0.363706 0.0335899 
0.441429 0.391072 0.0337087 
0.417012 0.417012 0.0339244 
0.391072 0.441429 0.0342176 
0.363706 0.464236 0.0345617 
0.335013 0.485349 0.0349256 
0.305097 0.504692 0.0352762 
0.274068 0.522192 0.0355819 
0.242038 0.537787 0.0358149 
0.209126 0.55142 0.0359542 
0.175451 0.563041 0.0359872 
0.141135 0.572607 0.0359108 
0.106304 0.580084 0.035732 
0.0710857 0.585444 0.0354669 
0.0356078 0.588668 0.0351396 
-9.4838e-17 0.589744 0.0347798 
-0.0356078 0.588668 0.0344199 
-0.0710857 0.585444 0.0340926 
-0.106304 0.580084 0.0338275 
-0.141135 0.572607 0.0336487 
-0.175451 0.563041 0.0335723 
-0.209126 0.55142 0.0336053 
-0.242038 0.537787 0.0337446 
-0.274068 0.522192 0.0339776 
-0.305097 0.504692 0.0342833 
-0.335013 0.485349 0.0346339 
-0.363706 0.464236 0.0349978 
-0.391072 0.441429 0.0353419 
-0.417012 0.417012 0.0356351 
-0.441429 0.391072 0.0358508 
-0.464236 0.363706 0.0359696 
-0.485349 0.335013 0.0359806 
-0.504692 0.305097 0.0358828 
-0.522192 0.274068 0.0356852 
-0.537787 0.242038 0.0354055 
-0.55142 0.209126 0.0350692 
-0.563041 0.175451 0.0347067 
-0.572607 0.141135 0.0343508 
-0.580084 0.106304 0.0340337 
-0.585444 0.0710857 0.0337842 
-0.588668 0.0356078 0.0336249 
-0.589744 -1.89676e-16 0.0335701 
-0.588668 -0.0356078 0.0336249 
-0.585444 -0.0710857 0.0337842 
-0.580084 -0.106304 0.0340337 
-0.572607 -0.141135 0.0343508 
-0.563041 -0.175451 0.0347067 
-0.55142 -0.209126 0.0350692 
-0.537787 -0.242038 0.0354055 
-0.522192 -0.274068 0.0356852 
-0.504692 -0.305097 0.0358828 
-0.485349 -0.335013 0.0359806 
-0.464236 -0.363706 0.0359696 
-0.441429 -0.391072 0.0358508 
-0.417012 -0.417012 0.0356351 
-0.391072 -0.441429 0.0353419 
-0.363706 -0.464236 0.0349978 
-0.335013 -0.485349 0.0346339 
-0.305097 -0.504692 0.0342833 
-0.274068 -0.522192 0.0339776 
-0.242038 -0.537787 0.0337446 
-0.209126 -0.55142 0.0336053 
-0.175451 -0.563041 0.0335723 
-0.141135 -0.572607 0.0336487 
-0.106304 -0.580084 0.0338275 
-0.0710857 -0.585444 0.0340926 
-0.0356078 -0.588668 0.0344199 
-1.08334e-16 -0.589744 0.0347798 
0.0356078 -0.588668 0.0351396 
0.0710857 -0.585444 0.0354669 
0.106304 -0.580084 0.035732 
0.141135 -0.572607 0.0359108 
0.175451 -0.563041 0.0359872 
0.209126 -0.55142 0.0359542 
0.242038 -0.537787 0.0358149 
0.274068 -0.522192 0.0355819 
0.305097 -0.504692 0.0352762 
0.335013 -0.485349 0.0349256 
0.363706 -0.464236 0.0345617 
0.391072 -0.441429 0.0342176 
0.417012 -0.417012 0.0339244 
0.441429 -0.391072 0.0337087 
0.464236 -0.363706 0.0335899 
0.485349 -0.335013 0.0335789 
0.504692 -0.305097 0.0336767 
0.522192 -0.274068 0.0338743 
0.537787 -0.242038 0.034154 
0.55142 -0.209126 0.0344903 
0.563041 -0.175451 0.0348528 
0.572607 -0.141135 0.0352087 
0.580084 -0.106304 0.0355258 
0.585444 -0.0710857 0.0357753 
0.588668 -0.0356078 0.0359346 
0.589744 3.79352e-16 0.0359894 
0.615385 0 0.0393039 
0.614262 0.037156 0.039239 
0.610898 0.0741764 0.0390501 
0.605305 0.110926 0.0387543 
0.597503 0.147271 0.0383784 
0.587521 0.183079 0.0379564 
0.575395 0.218218 0.0375266 
0.561169 0.252562 0.0371279 
0.544896 0.285983 0.0367964 
0.526635 0.318362 0.036562 
0.506452 0.349578 0.0364462 
0.484421 0.379519 0.0364592 
0.460622 0.408075 0.0366 
0.435143 0.435143 0.0368557 
0.408075 0.460622 0.0372034 
0.379519 0.484421 0.0376113 
0.349578 0.506452 0.0380427 
0.318362 0.526635 0.0384584 
0.285983 0.544896 0.0388208 
0.252562 0.561169 0.0390971 
0.218218 0.575395 0.0392623 
0.183079 0.587521 0.0393013 
0.147271 0.597503 0.0392108 
0.110926 0.605305 0.0389987 
0.0741764 0.610898 0.0386845 
0.037156 0.614262 0.0382965 
-9.89614e-17 0.615385 0.0378698 
-0.037156 0.614262 0.0374432 
-0.0741764 0.610898 0.0370551 
-0.110926 0.605305 0.0367409 
-0.147271 0.597503 0.0365289 
-0.183079 0.587521 0.0364383 
-0.218218 0.575395 0.0364774 
-0.252562 0.561169 0.0366425 
-0.285983 0.544896 0.0369188 
-0.318362 0.526635 0.0372812 
-0.349578 0.506452 0.037697 
-0.379519 0.484421 0.0381283 
-0.408075 0.460622 0.0385363 
-0.435143 0.435143 0.0388839 
-0.460622 0.408075 0.0391397 
-0.484421 0.379519 0.0392805 
-0.506452 0.349578 0.0392935 
-0.526635 0.318362 0.0391776 
-0.544896 0.285983 0.0389433 
-0.561169 0.252562 0.0386117 
-0.575395 0.218218 0.038213 
-0.587521 0.183079 0.0377832 
-0.597503 0.147271 0.0373613 
-0.605305 0.110926 0.0369854 
-0.610898 0.0741764 0.0366896 
-0.614262 0.037156 0.0365006 
-0.615385 -1.97923e-16 0.0364357 
-0.614262 -0.037156 0.0365006 
-0.610898 -0.0741764 0.0366896 
-0.605305 -0.110926 0.0369854 
-0.597503 -0.147271 0.0373613 
-0.587521 -0.183079 0.0377832 
-0.575395 -0.218218 0.038213 
-0.561169 -0.252562 0.0386117 
-0.544896 -0.285983 0.0389433 
-0.526635 -0.318362 0.0391776 
-0.506452 -0.349578 0.0392935 
-0.484421 -0.379519 0.0392805 
-0.460622 -0.408075 0.0391397 
-0.435143 -0.435143 0.0388839 
-0.408075 -0.460622 0.0385363 
-0.379519 -0.484421 0.0381283 
-0.349578 -0.506452 0.037697 
-0.318362 -0.526635 0.0372812 
-0.285983 -0.544896 0.0369188 
-0.252562 -0.561169 0.0366425 
-0.218218 -0.575395 0.0364774 
-0.183079 -0.587521 0.0364383 
-0.147271 -0.597503 0.0365289 
-0.110926 -0.605305 0.0367409 
-0.0741764 -0.610898 0.0370551 
-0.037156 -0.614262 0.0374432 
-1.13044e-16 -0.615385 0.0378698 
0.037156 -0.614262 0.0382965 
0.0741764 -0.610898 0.0386845 
0.110926 -0.605305 0.0389987 
0.147271 -0.597503 0.0392108 
0.183079 -0.587521 0.0393013 
0.218218 -0.575395 0.0392623 
0.252562 -0.561169 0.0390971 
0.285983 -0.544896 0.0388208 
0.318362 -0.526635 0.0384584 
0.349578 -0.506452 0.0380427 
0.379519 -0.484421 0.0376113 
0.408075 -0.460622 0.0372034 
0.435143 -0.435143 0.0368557 
0.460622 -0.408075 0.0366 
0.484421 -0.379519 0.0364592 
0.506452 -0.349578 0.0364462 
0.526635 -0.318362 0.036562 
0.544896 -0.285983 0.0367964 
0.561169 -0.252562 0.0371279 
0.575395 -0.218218 0.0375266 
0.587521 -0.183079 0.0379564 
0.597503 -0.147271 0.0383784 
0.605305 -0.110926 0.0387543 
0.610898 -0.0741764 0.0390501 
0.614262 -0.037156 0.039239 
0.615385 3.95846e-16 0.0393039 
0.641026 0 0.0427799 
0.639856 0.0387042 0.0427034 
0.636352 0.0772671 0.042481 
0.630526 0.115548 0.0421327 
0.622399 0.153407 0.0416901 
0.612001 0.190707 0.0411933 
0.599369 0.227311 0.0406873 
0.584551 0.263085 0.0402179 
0.5676 0.297899 0.0398275 
0.548578 0.331627 0.0395516 
0.527554 0.364144 0.0394152 
0.504605 0.395333 0.0394305 
0.479815 0.425079 0.0395963 
0.453274 0.453274 0.0398974 
0.425079 0.479815 0.0403067 
0.395333 0.504605 0.040787 
0.364144 0.527554 0.0412949 
0.331627 0.548578 0.0417844 
0.297899 0.5676 0.0422111 
0.263085 0.584551 0.0425364 
0.227311 0.599369 0.0427308 
0.190707 0.612001 0.0427768 
0.153407 0.622399 0.0426702 
0.115548 0.630526 0.0424205 
0.0772671 0.636352 0.0420506 
0.0387042 0.639856 0.0415937 
-1.03085e-16 0.641026 0.0410914 
-0.0387042 0.639856 0.0405891 
-0.0772671 0.636352 0.0401322 
-0.115548 0.630526 0.0397622 
-0.153407 0.622399 0.0395126 
-0.190707 0.612001 0.039406 
-0.227311 0.599369 0.0394519 
-0.263085 0.584551 0.0396464 
-0.297899 0.5676 0.0399717 
-0.331627 0.548578 0.0403984 
-0.364144 0.527554 0.0408879 
-0.395333 0.504605 0.0413957 
-0.425079 0.479815 0.0418761 
-0.453274 0.453274 0.0422853 
-0.479815 0.425079 0.0425865 
-0.504605 0.395333 0.0427522 
-0.527554 0.364144 0.0427676 
-0.548578 0.331627 0.0426311 
-0.5676 0.297899 0.0423552 
-0.584551 0.263085 0.0419649 
-0.599369 0.227311 0.0414955 
-0.612001 0.190707 0.0409894 
-0.622399 0.153407 0.0404926 
-0.630526 0.115548 0.0400501 
-0.636352 0.0772671 0.0397018 
-0.639856 0.0387042 0.0394793 
-0.641026 -2.0617e-16 0.0394029 
-0.639856 -0.0387042 0.0394793 
-0.636352 -0.0772671 0.0397018 
-0.630526 -0.115548 0.0400501 
-0.622399 -0.153407 0.0404926 
-0.612001 -0.190707 0.0409894 
-0.599369 -0.227311 0.0414955 
-0.584551 -0.263085 0.0419649 
-0.5676 -0.297899 0.0423552 
-0.548578 -0.331627 0.0426311 
-0.527554 -0.364144 0.0427676 
-0.504605 -0.395333 0.0427522 
-0.479815 -0.425079 0.0425865 
-0.453274 -0.453274 0.0422853 
-0.425079 -0.479815 0.0418761 
-0.395333 -0.504605 0.0413957 
-0.364144 -0.527554 0.0408879 
-0.331627 -0.548578 0.0403984 
-0.297899 -0.5676 0.0399717 
-0.263085 -0.584551 0.0396464 
-0.227311 -0.599369 0.0394519 
-0.190707 -0.612001 0.039406 
-0.153407 -0.622399 0.0395126 
-0.115548 -0.630526 0.0397622 
-0.0772671 -0.636352 0.0401322 
-0.0387042 -0.639856 0.0405891 
-1.17754e-16 -0.641026 0.0410914 
0.0387042 -0.639856 0.0415937 
0.0772671 -0.636352 0.0420506 
0.115548 -0.630526 0.0424205 
0.153407 -0.622399 0.0426702 
0.190707 -0.612001 0.0427768 
0.227311 -0.599369 0.0427308 
0.263085 -0.584551 0.0425364 
0.297899 -0.5676 0.0422111 
0.331627 -0.548578 0.0417844 
0.364144 -0.527554 0.0412949 
0.395333 -0.504605 0.040787 
0.425079 -0.479815 0.0403067 
0.453274 -0.453274 0.0398974 
0.479815 -0.425079 0.0395963 
0.504605 -0.395333 0.0394305 
0.527554 -0.364144 0.0394152 
0.548578 -0.331627 0.0395516 
0.5676 -0.297899 0.0398275 
0.584551 -0.263085 0.0402179 
0.599369 -0.227311 0.0406873 
0.612001 -0.190707 0.0411933 
0.622399 -0.153407 0.0416901 
0.630526 -0.115548 0.0421327 
0.636352 -0.0772671 0.042481 
0.639856 -0.0387042 0.0427034 
0.641026 4.12339e-16 0.0427799 
0.666667 0 0.0464198 
0.66545 0.0402523 0.0463303 
0.661806 0.0803578 0.0460701 
0.655747 0.12017 0.0456627 
0.647295 0.159544 0.0451449 
0.636481 0.198335 0.0445637 
0.623344 0.236403 0.0439717 
0.607933 0.273609 0.0434225 
0.590304 0.309815 0.0429659 
0.570521 0.344892 0.0426432 
0.548656 0.37871 0.0424835 
0.524789 0.411146 0.0425015 
0.499007 0.442082 0.0426954 
0.471405 0.471405 0.0430477 
0.442082 0.499007 0.0435265 
0.411146 0.524789 0.0440884 
0.37871 0.548656 0.0446825 
0.344892 0.570521 0.0452551 
0.309815 0.590304 0.0457543 
0.273609 0.607933 0.0461349 
0.236403 0.623344 0.0463624 
0.198335 0.636481 0.0464161 
0.159544 0.647295 0.0462914 
0.12017 0.655747 0.0459994 
0.0803578 0.661806 0.0455665 
0.0402523 0.66545 0.0450321 
-1.07208e-16 0.666667 0.0444444 
-0.0402523 0.66545 0.0438568 
-0.0803578 0.661806 0.0433223 
-0.12017 0.655747 0.0428895 
-0.159544 0.647295 0.0425975 
-0.198335 0.636481 0.0424727 
-0.236403 0.623344 0.0425265 
-0.273609 0.607933 0.042754 
-0.309815 0.590304 0.0431346 
-0.344892 0.570521 0.0436338 
-0.37871 0.548656 0.0442063 
-0.411146 0.524789 0.0448005 
-0.442082 0.499007 0.0453624 
-0.471405 0.471405 0.0458412 
-0.499007 0.442082 0.0461935 
-0.524789 0.411146 0.0463874 
-0.548656 0.37871 0.0464054 
-0.570521 0.344892 0.0462457 
-0.590304 0.309815 0.045923 
-0.607933 0.273609 0.0454663 
-0.623344 0.236403 0.0449172 
-0.636481 0.198335 0.0443252 
-0.647295 0.159544 0.043744 
-0.655747 0.12017 0.0432262 
-0.661806 0.0803578 0.0428188 
-0.66545 0.0402523 0.0425586 
-0.666667 -2.14416e-16 0.0424691 
-0.66545 -0.0402523 0.0425586 
-0.661806 -0.0803578 0.0428188 
-0.655747 -0.12017 0.0432262 
-0.647295 -0.159544 0.043744 
-0.636481 -0.198335 0.0443252 
-0.623344 -0.236403 0.0449172 
-0.607933 -0.273609 0.0454663 
-0.590304 -0.309815 0.045923 
-0.570521 -0.344892 0.0462457 
-0.548656 -0.37871 0.0464054 
-0.524789 -0.411146 0.0463874 
-0.499007 -0.442082 0.0461935 
-0.471405 -0.471405 0.0458412 
-0.442082 -0.499007 0.0453624 
-0.411146 -0.524789 0.0448005 
-0.37871 -0.548656 0.0442063 
-0.344892 -0.570521 0.0436338 
-0.309815 -0.590304 0.0431346 
-0.273609 -0.607933 0.042754 
-0.236403 -0.623344 0.0425265 
-0.198335 -0.636481 0.0424727 
-0.159544 -0.647295 0.0425975 
-0.12017 -0.655747 0.0428895 
-0.0803578 -0.661806 0.0433223 
-0.0402523 -0.66545 0.0438568 
-1.22465e-16 -0.666667 0.0444444 
0.0402523 -0.66545 0.0450321 
0.0803578 -0.661806 0.0455665 
0.12017 -0.655747 0.0459994 
0.159544 -0.647295 0.0462914 
0.198335 -0.636481 0.0464161 
0.236403 -0.623344 0.0463624 
0.273609 -0.607933 0.0461349 
0.309815 -0.590304 0.0457543 
0.344892 -0.570521 0.0452551 
0.37871 -0.548656 0.0446825 
0.411146 -0.524789 0.0440884 
0.442082 -0.499007 0.0435265 
0.471405 -0.471405 0.0430477 
0.499007 -0.442082 0.0426954 
0.524789 -0.411146 0.0425015 
0.548656 -0.37871 0.0424835 
0.570521 -0.344892 0.0426432 
0.590304 -0.309815 0.0429659 
0.607933 -0.273609 0.0434225 
0.623344 -0.236403 0.0439717 
0.636481 -0.198335 0.0445637 
0.647295 -0.159544 0.0451449 
0.655747 -0.12017 0.0456627 
0.661806 -0.0803578 0.0460701 
0.66545 -0.0402523 0.0463303 
0.666667 4.28833e-16 0.0464198 
0.692308 0 0.0502262 
0.691045 0.0418005 0.0501222 
0.68726 0.0834485 0.0498195 
0.680968 0.124792 0.0493457 
0.67219 0.16568 0.0487436 
0.660961 0.205964 0.0480677 
0.647319 0.245496 0.0473792 
0.631315 0.284132 0.0467406 
0.613008 0.321731 0.0462095 
0.592464 0.358157 0.0458342 
0.569758 0.393276 0.0456486 
0.544973 0.426959 0.0456694 
0.5182 0.459085 0.0458949 
0.489535 0.489535 0.0463046 
0.459085 0.5182 0.0468614 
0.426959 0.544973 0.0475149 
0.393276 0.569758 0.0482059 
0.358157 0.592464 0.0488718 
0.321731 0.613008 0.0494523 
0.284132 0.631315 0.0498949 
0.245496 0.647319 0.0501594 
0.205964 0.660961 0.050222 
0.16568 0.67219 0.0500769 
0.124792 0.680968 0.0497373 
0.0834485 0.68726 0.0492339 
0.0418005 0.691045 0.0486124 
-1.11332e-16 0.692308 0.047929 
-0.0418005 0.691045 0.0472456 
-0.0834485 0.68726 0.046624 
-0.124792 0.680968 0.0461207 
-0.16568 0.67219 0.0457811 
-0.205964 0.660961 0.045636 
-0.245496 0.647319 0.0456986 
-0.284132 0.631315 0.0459631 
-0.321731 0.613008 0.0464057 
-0.358157 0.592464 0.0469862 
-0.393276 0.569758 0.0476521 
-0.426959 0.544973 0.0483431 
-0.459085 0.5182 0.0489966 
-0.489535 0.489535 0.0495534 
-0.5182 0.459085 0.0499631 
-0.544973 0.426959 0.0501886 
-0.569758 0.393276 0.0502094 
-0.592464 0.358157 0.0500238 
-0.613008 0.321731 0.0496485 
-0.631315 0.284132 0.0491174 
-0.647319 0.245496 0.0484787 
-0.660961 0.205964 0.0477903 
-0.67219 0.16568 0.0471144 
-0.680968 0.124792 0.0465123 
-0.68726 0.0834485 0.0460384 
-0.691045 0.0418005 0.0457358 
-0.692308 -2.22663e-16 0.0456318 
-0.691045 -0.0418005 0.0457358 
-0.68726 -0.0834485 0.0460384 
-0.680968 -0.124792 0.0465123 
-0.67219 -0.16568 0.0471144 
-0.660961 -0.205964 0.0477903 
-0.647319 -0.245496 0.0484787 
-0.631315 -0.284132 0.0491174 
-0.613008 -0.321731 0.0496485 
-0.592464 -0.358157 0.0500238 
-0.569758 -0.393276 0.0502094 
-0.544973 -0.426959 0.0501886 
-0.5182 -0.459085 0.0499631 
-0.489535 -0.489535 0.0495534 
-0.459085 -0.5182 0.0489966 
-0.426959 -0.544973 0.0483431 
-0.393276 -0.569758 0.0476521 
-0.358157 -0.592464 0.0469862 
-0.321731 -0.613008 0.0464057 
-0.284132 -0.631315 0.0459631 
-0.245496 -0.647319 0.0456986 
-0.205964 -0.660961 0.045636 
-0.16568 -0.67219 0.0457811 
-0.124792 -0.680968 0.0461207 
-0.0834485 -0.68726 0.046624 
-0.0418005 -0.691045 0.0472456 
-1.27175e-16 -0.692308 0.047929 
0.0418005 -0.691045 0.0486124 
0.0834485 -0.68726 0.0492339 
0.124792 -0.680968 0.0497373 
0.16568 -0.67219 0.0500769 
0.205964 -0.660961 0.050222 
0.245496 -0.647319 0.0501594 
0.284132 -0.631315 0.0498949 
0.321731 -0.613008 0.0494523 
0.358157 -0.592464 0.0488718 
0.393276 -0.569758 0.0482059 
0.426959 -0.544973 0.0475149 
0.459085 -0.5182 0.0468614 
0.489535 -0.489535 0.0463046 
0.5182 -0.459085 0.0458949 
0.544973 -0.426959 0.0456694 
0.569758 -0.393276 0.0456486 
0.592464 -0.358157 0.0458342 
0.613008 -0.321731 0.0462095 
0.631315 -0.284132 0.0467406 
0.647319 -0.245496 0.0473792 
0.660961 -0.205964 0.0480677 
0.67219 -0.16568 0.0487436 
0.680968 -0.124792 0.0493457 
0.68726 -0.0834485 0.0498195 
0.691045 -0.0418005 0.0501222 
0.692308 4.45326e-16 0.0502262 
0.717949 0 0.0542019 
0.716639 0.0433487 0.0540816 
0.712714 0.0865392 0.0537316 
0.706189 0.129414 0.0531836 
0.697086 0.171816 0.0524872 
0.685441 0.213592 0.0517055 
0.671294 0.254588 0.0509092 
0.654697 0.294655 0.0501705 
0.635712 0.333647 0.0495563 
0.614407 0.371422 0.0491222 
0.59086 0.407841 0.0489075 
0.565157 0.442773 0.0489317 
0.537392 0.476088 0.0491925 
0.507666 0.507666 0.0496663 
0.476088 0.537392 0.0503103 
0.442773 0.565157 0.0510661 
0.407841 0.59086 0.0518653 
0.371422 0.614407 0.0526355 
0.333647 0.635712 0.0533069 
0.294655 0.654697 0.0538188 
0.254588 0.671294 0.0541247 
0.213592 0.685441 0.0541971 
0.171816 0.697086 0.0540293 
0.129414 0.706189 0.0536365 
0.0865392 0.712714 0.0530543 
0.0433487 0.716639 0.0523355 
-1.15455e-16 0.717949 0.051545 
-0.0433487 0.716639 0.0507546 
-0.0865392 0.712714 0.0500358 
-0.129414 0.706189 0.0494536 
-0.171816 0.697086 0.0490608 
-0.213592 0.685441 0.048893 
-0.254588 0.671294 0.0489653 
-0.294655 0.654697 0.0492713 
-0.333647 0.635712 0.0497832 
-0.371422 0.614407 0.0504546 
-0.407841 0.59086 0.0512248 
-0.442773 0.565157 0.052024 
-0.476088 0.537392 0.0527798 
-0.507666 0.507666 0.0534237 
-0.537392 0.476088 0.0538976 
-0.565157 0.442773 0.0541584 
-0.59086 0.407841 0.0541826 
-0.614407 0.371422 0.0539679 
-0.635712 0.333647 0.0535337 
-0.654697 0.294655 0.0529195 
-0.671294 0.254588 0.0521809 
-0.685441 0.213592 0.0513846 
-0.697086 0.171816 0.0506029 
-0.706189 0.129414 0.0499065 
-0.712714 0.0865392 0.0493585 
-0.716639 0.0433487 0.0490084 
-0.717949 -2.3091e-16 0.0488881 
-0.716639 -0.0433487 0.0490084 
-0.712714 -0.0865392 0.0493585 
-0.706189 -0.129414 0.0499065 
-0.697086 -0.171816 0.0506029 
-0.685441 -0.213592 0.0513846 
-0.671294 -0.254588 0.0521809 
-0.654697 -0.294655 0.0529195 
-0.635712 -0.333647 0.0535337 
-0.614407 -0.371422 0.0539679 
-0.59086 -0.407841 0.0541826 
-0.565157 -0.442773 0.0541584 
-0.537392 -0.476088 0.0538976 
-0.507666 -0.507666 0.0534237 
-0.476088 -0.537392 0.0527798 
-0.442773 -0.565157 0.052024 
-0.407841 -0.59086 0.0512248 
-0.371422 -0.614407 0.0504546 
-0.333647 -0.635712 0.0497832 
-0.294655 -0.654697 0.0492713 
-0.254588 -0.671294 0.0489653 
-0.213592 -0.685441 0.048893 
-0.171816 -0.697086 0.0490608 
-0.129414 -0.706189 0.0494536 
-0.0865392 -0.712714 0.0500358 
-0.0433487 -0.716639 0.0507546 
-1.31885e-16 -0.717949 0.051545 
0.0433487 -0.716639 0.0523355 
0.0865392 -0.712714 0.0530543 
0.129414 -0.706189 0.0536365 
0.171816 -0.697086 0.0540293 
0.213592 -0.685441 0.0541971 
0.254588 -0.671294 0.0541247 
0.294655 -0.654697 0.0538188 
0.333647 -0.635712 0.0533069 
0.371422 -0.614407 0.0526355 
0.407841 -0.59086 0.0518653 
0.442773 -0.565157 0.0510661 
0.476088 -0.537392 0.0503103 
0.507666 -0.507666 0.0496663 
0.537392 -0.476088 0.0491925 
0.565157 -0.442773 0.0489317 
0.59086 -0.407841 0.0489075 
0.614407 -0.371422 0.0491222 
0.635712 -0.333647 0.0495563 
0.654697 -0.294655 0.0501705 
0.671294 -0.254588 0.0509092 
0.685441 -0.213592 0.0517055 
0.697086 -0.171816 0.0524872 
0.706189 -0.129414 0.0531836 
0.712714 -0.0865392 0.0537316 
0.716639 -0.0433487 0.0540816 
0.717949 4.6182e-16 0.0542019 
0.74359 0 0.0583498 
0.742233 0.0448968 0.0582114 
0.738168 0.0896298 0.0578087 
0.73141 0.134036 0.057178 
0.721982 0.177953 0.0563767 
0.709921 0.22122 0.0554772 
0.695268 0.263681 0.0545609 
0.678079 0.305179 0.0537109 
0.658416 0.345563 0.0530042 
0.63635 0.384687 0.0525046 
0.611962 0.422407 0.0522576 
0.585342 0.458586 0.0522854 
0.556585 0.493091 0.0525855 
0.525797 0.525797 0.0531308 
0.493091 0.556585 0.0538718 
0.458586 0.585342 0.0547415 
0.422407 0.611962 0.0556611 
0.384687 0.63635 0.0565473 
0.345563 0.658416 0.0573199 
0.305179 0.678079 0.0579089 
0.263681 0.695268 0.058261 
0.22122 0.709921 0.0583443 
0.177953 0.721982 0.0581512 
0.134036 0.73141 0.0576992 
0.0896298 0.738168 0.0570293 
0.0448968 0.742233 0.0562021 
-1.19578e-16 0.74359 0.0552926 
-0.0448968 0.742233 0.054383 
-0.0896298 0.738168 0.0535558 
-0.134036 0.73141 0.0528859 
-0.177953 0.721982 0.052434 
-0.22122 0.709921 0.0522409 
-0.263681 0.695268 0.0523241 
-0.305179 0.678079 0.0526762 
-0.345563 0.658416 0.0532652 
-0.384687 0.63635 0.0540378 
-0.422407 0.611962 0.0549241 
-0.458586 0.585342 0.0558437 
-0.493091 0.556585 0.0567134 
-0.525797 0.525797 0.0574544 
-0.556585 0.493091 0.0579996 
-0.585342 0.458586 0.0582998 
-0.611962 0.422407 0.0583275 
-0.63635 0.384687 0.0580805 
-0.658416 0.345563 0.057581 
-0.678079 0.305179 0.0568742 
-0.695268 0.263681 0.0560242 
-0.709921 0.22122 0.055108 
-0.721982 0.177953 0.0542084 
-0.73141 0.134036 0.0534071 
-0.738168 0.0896298 0.0527765 
-0.742233 0.0448968 0.0523737 
-0.74359 -2.39157e-16 0.0522353 
-0.742233 -0.0448968 0.0523737 
-0.738168 -0.0896298 0.0527765 
-0.73141 -0.134036 0.0534071 
-0.721982 -0.177953 0.0542084 
-0.709921 -0.22122 0.055108 
-0.695268 -0.263681 0.0560242 
-0.678079 -0.305179 0.0568742 
-0.658416 -0.345563 0.057581 
-0.63635 -0.384687 0.0580805 
-0.611962 -0.422407 0.0583275 
-0.585342 -0.458586 0.0582998 
-0.556585 -0.493091 0.0579996 
-0.525797 -0.525797 0.0574544 
-0.493091 -0.556585 0.0567134 
-0.458586 -0.585342 0.0558437 
-0.422407 -0.611962 0.0549241 
-0.384687 -0.63635 0.0540378 
-0.345563 -0.658416 0.0532652 
-0.305179 -0.678079 0.0526762 
-0.263681 -0.695268 0.0523241 
-0.22122 -0.709921 0.0522409 
-0.177953 -0.721982 0.052434 
-0.134036 -0.73141 0.0528859 
-0.0896298 -0.738168 0.0535558 
-0.0448968 -0.742233 0.054383 
-1.36595e-16 -0.74359 0.0552926 
0.0448968 -0.742233 0.0562021 
0.0896298 -0.738168 0.0570293 
0.134036 -0.73141 0.0576992 
0.177953 -0.721982 0.0581512 
0.22122 -0.709921 0.0583443 
0.263681 -0.695268 0.058261 
0.305179 -0.678079 0.0579089 
0.345563 -0.658416 0.0573199 
0.384687 -0.63635 0.0565473 
0.422407 -0.611962 0.0556611 
0.458586 -0.585342 0.0547415 
0.493091 -0.556585 0.0538718 
0.525797 -0.525797 0.0531308 
0.556585 -0.493091 0.0525855 
0.585342 -0.458586 0.0522854 
0.611962 -0.422407 0.0522576 
0.63635 -0.384687 0.0525046 
0.658416 -0.345563 0.0530042 
0.678079 -0.305179 0.0537109 
0.695268 -0.263681 0.0545609 
0.709921 -0.22122 0.0554772 
0.721982 -0.177953 0.0563767 
0.73141 -0.134036 0.057178 
0.738168 -0.0896298 0.0578087 
0.742233 -0.0448968 0.0582114 
0.74359 4.78313e-16 0.0583498 
0.769231 0 0.0626729 
0.767827 0.046445 0.0625143 
0.763622 0.0927205 0.0620531 
0.756631 0.138658 0.0613309 
0.746878 0.184089 0.0604132 
0.734401 0.228849 0.059383 
0.719243 0.272773 0.0583337 
0.701461 0.315702 0.0573603 
0.68112 0.357479 0.0565509 
0.658293 0.397952 0.0559788 
0.633065 0.436973 0.0556958 
0.605526 0.474399 0.0557277 
0.575777 0.510094 0.0560714 
0.543928 0.543928 0.0566958 
0.510094 0.575777 0.0575445 
0.474399 0.605526 0.0585405 
0.436973 0.633065 0.0595936 
0.397952 0.658293 0.0606086 
0.357479 0.68112 0.0614934 
0.315702 0.701461 0.0621679 
0.272773 0.719243 0.0625711 
0.228849 0.734401 0.0626665 
0.184089 0.746878 0.0624453 
0.138658 0.756631 0.0619277 
0.0927205 0.763622 0.0611606 
0.046445 0.767827 0.0602132 
-1.23702e-16 0.769231 0.0591716 
-0.046445 0.767827 0.05813 
-0.0927205 0.763622 0.0571826 
-0.138658 0.756631 0.0564154 
-0.184089 0.746878 0.0558978 
-0.228849 0.734401 0.0556767 
-0.272773 0.719243 0.0557721 
-0.315702 0.701461 0.0561753 
-0.357479 0.68112 0.0568498 
-0.397952 0.658293 0.0577346 
-0.436973 0.633065 0.0587496 
-0.474399 0.605526 0.0598027 
-0.510094 0.575777 0.0607987 
-0.543928 0.543928 0.0616474 
-0.575777 0.510094 0.0622718 
-0.605526 0.474399 0.0626155 
-0.633065 0.436973 0.0626473 
-0.658293 0.397952 0.0623644 
-0.68112 0.357479 0.0617923 
-0.701461 0.315702 0.0609829 
-0.719243 0.272773 0.0600095 
-0.734401 0.228849 0.0589602 
-0.746878 0.184089 0.05793 
-0.756631 0.138658 0.0570123 
-0.763622 0.0927205 0.0562901 
-0.767827 0.046445 0.0558289 
-0.769231 -2.47403e-16 0.0556703 
-0.767827 -0.046445 0.0558289 
-0.763622 -0.0927205 0.0562901 
-0.756631 -0.138658 0.0570123 
-0.746878 -0.184089 0.05793 
-0.734401 -0.228849 0.0589602 
-0.719243 -0.272773 0.0600095 
-0.701461 -0.315702 0.0609829 
-0.68112 -0.357479 0.0617923 
-0.658293 -0.397952 0.0623644 
-0.633065 -0.436973 0.0626473 
-0.605526 -0.474399 0.0626155 
-0.575777 -0.510094 0.0622718 
-0.543928 -0.543928 0.0616474 
-0.510094 -0.575777 0.0607987 
-0.474399 -0.605526 0.0598027 
-0.436973 -0.633065 0.0587496 
-0.397952 -0.658293 0.0577346 
-0.357479 -0.68112 0.0568498 
-0.315702 -0.701461 0.0561753 
-0.272773 -0.719243 0.0557721 
-0.228849 -0.734401 0.0556767 
-0.184089 -0.746878 0.0558978 
-0.138658 -0.756631 0.0564154 
-0.0927205 -0.763622 0.0571826 
-0.046445 -0.767827 0.05813 
-1.41305e-16 -0.769231 0.0591716 
0.046445 -0.767827 0.0602132 
0.0927205 -0.763622 0.0611606 
0.138658 -0.756631 0.0619277 
0.184089 -0.746878 0.0624453 
0.228849 -0.734401 0.0626665 
0.272773 -0.719243 0.0625711 
0.315702 -0.701461 0.0621679 
0.357479 -0.68112 0.0614934 
0.397952 -0.658293 0.0606086 
0.436973 -0.633065 0.0595936 
0.474399 -0.605526 0.0585405 
0.510094 -0.575777 0.0575445 
0.543928 -0.543928 0.0566958 
0.575777 -0.510094 0.0560714 
0.605526 -0.474399 0.0557277 
0.633065 -0.436973 0.0556958 
0.658293 -0.397952 0.0559788 
0.68112 -0.357479 0.0565509 
0.701461 -0.315702 0.0573603 
0.719243 -0.272773 0.0583337 
0.734401 -0.228849 0.059383 
0.746878 -0.184089 0.0604132 
0.756631 -0.138658 0.0613309 
0.763622 -0.0927205 0.0620531 
0.767827 -0.046445 0.0625143 
0.769231 4.94807e-16 0.0626729 
0.794872 0 0.0671741 
0.793422 0.0479932 0.0669933 
0.789076 0.0958112 0.0664675 
0.781852 0.14328 0.065644 
0.771774 0.190225 0.0645977 
0.758881 0.236477 0.0634231 
0.743218 0.281865 0.0622268 
0.724843 0.326226 0.0611169 
0.703824 0.369395 0.0601941 
0.680236 0.411217 0.0595418 
0.654167 0.451539 0.0592192 
0.62571 0.490212 0.0592555 
0.59497 0.527097 0.0596474 
0.562059 0.562059 0.0603594 
0.527097 0.59497 0.061327 
0.490212 0.62571 0.0624625 
0.451539 0.654167 0.0636633 
0.411217 0.680236 0.0648205 
0.369395 0.703824 0.0658293 
0.326226 0.724843 0.0665984 
0.281865 0.743218 0.0670581 
0.236477 0.758881 0.0671668 
0.190225 0.771774 0.0669147 
0.14328 0.781852 0.0663245 
0.0958112 0.789076 0.0654498 
0.0479932 0.793422 0.0643697 
-1.27825e-16 0.794872 0.0631821 
-0.0479932 0.793422 0.0619945 
-0.0958112 0.789076 0.0609144 
-0.14328 0.781852 0.0600397 
-0.190225 0.771774 0.0594496 
-0.236477 0.758881 0.0591974 
-0.281865 0.743218 0.0593061 
-0.326226 0.724843 0.0597659 
-0.369395 0.703824 0.0605349 
-0.411217 0.680236 0.0615438 
-0.451539 0.654167 0.0627009 
-0.490212 0.62571 0.0639017 
-0.527097 0.59497 0.0650373 
-0.562059 0.562059 0.0660049 
-0.59497 0.527097 0.0667168 
-0.62571 0.490212 0.0671087 
-0.654167 0.451539 0.067145 
-0.680236 0.411217 0.0668224 
-0.703824 0.369395 0.0661702 
-0.724843 0.326226 0.0652473 
-0.743218 0.281865 0.0641375 
-0.758881 0.236477 0.0629411 
-0.771774 0.190225 0.0617665 
-0.781852 0.14328 0.0607202 
-0.789076 0.0958112 0.0598968 
-0.793422 0.0479932 0.0593709 
-0.794872 -2.5565e-16 0.0591901 
-0.793422 -0.0479932 0.0593709 
-0.789076 -0.0958112 0.0598968 
-0.781852 -0.14328 0.0607202 
-0.771774 -0.190225 0.0617665 
-0.758881 -0.236477 0.0629411 
-0.743218 -0.281865 0.0641375 
-0.724843 -0.326226 0.0652473 
-0.703824 -0.369395 0.0661702 
-0.680236 -0.411217 0.0668224 
-0.654167 -0.451539 0.067145 
-0.62571 -0.490212 0.0671087 
-0.59497 -0.527097 0.0667168 
-0.562059 -0.562059 0.0660049 
-0.527097 -0.59497 0.0650373 
-0.490212 -0.62571 0.0639017 
-0.451539 -0.654167 0.0627009 
-0.411217 -0.680236 0.0615438 
-0.369395 -0.703824 0.0605349 
-0.326226 -0.724843 0.0597659 
-0.281865 -0.743218 0.0593061 
-0.236477 -0.758881 0.0591974 
-0.190225 -0.771774 0.0594496 
-0.14328 -0.781852 0.0600397 
-0.0958112 -0.789076 0.0609144 
-0.0479932 -0.793422 0.0619945 
-1.46016e-16 -0.794872 0.0631821 
0.0479932 -0.793422 0.0643697 
0.0958112 -0.789076 0.0654498 
0.14328 -0.781852 0.0663245 
0.190225 -0.771774 0.0669147 
0.236477 -0.758881 0.0671668 
0.281865 -0.743218 0.0670581 
0.326226 -0.724843 0.0665984 
0.369395 -0.703824 0.0658293 
0.411217 -0.680236 0.0648205 
0.451539 -0.654167 0.0636633 
0.490212 -0.62571 0.0624625 
0.527097 -0.59497 0.061327 
0.562059 -0.562059 0.0603594 
0.59497 -0.527097 0.0596474 
0.62571 -0.490212 0.0592555 
0.654167 -0.451539 0.0592192 
0.680236 -0.411217 0.0595418 
0.703824 -0.369395 0.0601941 
0.724843 -0.326226 0.0611169 
0.743218 -0.281865 0.0622268 
0.758881 -0.236477 0.0634231 
0.771774 -0.190225 0.0645977 
0.781852 -0.14328 0.065644 
0.789076 -0.0958112 0.0664675 
0.793422 -0.0479932 0.0669933 
0.794872 5.11301e-16 0.0671741 
0.820513 0 0.0718567 
0.819016 0.0495413 0.0716514 
0.81453 0.0989019 0.0710543 
0.807073 0.147902 0.0701194 
0.79667 0.196362 0.0689314 
0.783361 0.244105 0.0675978 
0.767193 0.290958 0.0662394 
0.748226 0.336749 0.0649793 
0.726528 0.381311 0.0639315 
0.70218 0.424482 0.0631909 
0.675269 0.466104 0.0628246 
0.645894 0.506026 0.0628658 
0.614163 0.544101 0.0633108 
0.58019 0.58019 0.0641191 
0.544101 0.614163 0.0652178 
0.506026 0.645894 0.0665071 
0.466104 0.675269 0.0678705 
0.424482 0.70218 0.0691843 
0.381311 0.726528 0.0703298 
0.336749 0.748226 0.071203 
0.290958 0.767193 0.071725 
0.244105 0.783361 0.0718484 
0.196362 0.79667 0.0715621 
0.147902 0.807073 0.0708921 
0.0989019 0.81453 0.0698989 
0.0495413 0.819016 0.0686726 
-1.31949e-16 0.820513 0.0673241 
-0.0495413 0.819016 0.0659757 
-0.0989019 0.81453 0.0647494 
-0.147902 0.807073 0.0637562 
-0.196362 0.79667 0.0630861 
-0.244105 0.783361 0.0627999 
-0.290958 0.767193 0.0629233 
-0.336749 0.748226 0.0634453 
-0.381311 0.726528 0.0643185 
-0.424482 0.70218 0.0654639 
-0.466104 0.675269 0.0667778 
-0.506026 0.645894 0.0681411 
-0.544101 0.614163 0.0694305 
-0.58019 0.58019 0.0705291 
-0.614163 0.544101 0.0713375 
-0.645894 0.506026 0.0717824 
-0.675269 0.466104 0.0718236 
-0.70218 0.424482 0.0714573 
-0.726528 0.381311 0.0707168 
-0.748226 0.336749 0.069669 
-0.767193 0.290958 0.0684088 
-0.783361 0.244105 0.0670505 
-0.79667 0.196362 0.0657169 
-0.807073 0.147902 0.0645288 
-0.81453 0.0989019 0.0635939 
-0.819016 0.0495413 0.0629968 
-0.820513 -2.63897e-16 0.0627916 
-0.819016 -0.0495413 0.0629968 
-0.81453 -0.0989019 0.0635939 
-0.807073 -0.147902 0.0645288 
-0.79667 -0.196362 0.0657169 
-0.783361 -0.244105 0.0670505 
-0.767193 -0.290958 0.0684088 
-0.748226 -0.336749 0.069669 
-0.726528 -0.381311 0.0707168 
-0.70218 -0.424482 0.0714573 
-0.675269 -0.466104 0.0718236 
-0.645894 -0.506026 0.0717824 
-0.614163 -0.544101 0.0713375 
-0.58019 -0.58019 0.0705291 
-0.544101 -0.614163 0.0694305 
-0.506026 -0.645894 0.0681411 
-0.466104 -0.675269 0.0667778 
-0.424482 -0.70218 0.0654639 
-0.381311 -0.726528 0.0643185 
-0.336749 -0.748226 0.0634453 
-0.290958 -0.767193 0.0629233 
-0.244105 -0.783361 0.0627999 
-0.196362 -0.79667 0.0630861 
-0.147902 -0.807073 0.0637562 
-0.0989019 -0.81453 0.0647494 
-0.0495413 -0.819016 0.0659757 
-1.50726e-16 -0.820513 0.0673241 
0.0495413 -0.819016 0.0686726 
0.0989019 -0.81453 0.0698989 
0.147902 -0.807073 0.0708921 
0.196362 -0.79667 0.0715621 
0.244105 -0.783361 0.0718484 
0.290958 -0.767193 0.071725 
0.336749 -0.748226 0.071203 
0.381311 -0.726528 0.0703298 
0.424482 -0.70218 0.0691843 
0.466104 -0.675269 0.0678705 
0.506026 -0.645894 0.0665071 
0.544101 -0.614163 0.0652178 
0.58019 -0.58019 0.0641191 
0.614163 -0.544101 0.0633108 
0.645894 -0.506026 0.0628658 
0.675269 -0.466104 0.0628246 
0.70218 -0.424482 0.0631909 
0.726528 -0.381311 0.0639315 
0.748226 -0.336749 0.0649793 
0.767193 -0.290958 0.0662394 
0.783361 -0.244105 0.0675978 
0.79667 -0.196362 0.0689314 
0.807073 -0.147902 0.0701194 
0.81453 -0.0989019 0.0710543 
0.819016 -0.0495413 0.0716514 
0.820513 5.27794e-16 0.0718567 
0.846154 0 0.0767239 
0.84461 0.0510895 0.0764917 
0.839984 0.101993 0.0758164 
0.832294 0.152523 0.0747591 
0.821566 0.202498 0.0734154 
0.807841 0.251733 0.0719071 
0.791168 0.30005 0.0703708 
0.771608 0.347272 0.0689456 
0.749232 0.393227 0.0677606 
0.724123 0.437747 0.066923 
0.696371 0.48067 0.0665088 
0.666078 0.521839 0.0665554 
0.633355 0.561104 0.0670586 
0.598321 0.598321 0.0679728 
0.561104 0.633355 0.0692154 
0.521839 0.666078 0.0706736 
0.48067 0.696371 0.0722155 
0.437747 0.724123 0.0737015 
0.393227 0.749232 0.0749969 
0.347272 0.771608 0.0759846 
0.30005 0.791168 0.0765749 
0.251733 0.807841 0.0767145 
0.202498 0.821566 0.0763907 
0.152523 0.832294 0.0756329 
0.101993 0.839984 0.0745097 
0.0510895 0.84461 0.0731227 
-1.36072e-16 0.846154 0.0715976 
-0.0510895 0.84461 0.0700726 
-0.101993 0.839984 0.0686856 
-0.152523 0.832294 0.0675624 
-0.202498 0.821566 0.0668045 
-0.251733 0.807841 0.0664808 
-0.30005 0.791168 0.0666204 
-0.347272 0.771608 0.0672107 
-0.393227 0.749232 0.0681983 
-0.437747 0.724123 0.0694938 
-0.48067 0.696371 0.0709797 
-0.521839 0.666078 0.0725217 
-0.561104 0.633355 0.0739799 
-0.598321 0.598321 0.0752224 
-0.633355 0.561104 0.0761367 
-0.666078 0.521839 0.0766399 
-0.696371 0.48067 0.0766865 
-0.724123 0.437747 0.0762722 
-0.749232 0.393227 0.0754347 
-0.771608 0.347272 0.0742496 
-0.791168 0.30005 0.0728244 
-0.807841 0.251733 0.0712881 
-0.821566 0.202498 0.0697799 
-0.832294 0.152523 0.0684362 
-0.839984 0.101993 0.0673788 
-0.84461 0.0510895 0.0667035 
-0.846154 -2.72144e-16 0.0664714 
-0.84461 -0.0510895 0.0667035 
-0.839984 -0.101993 0.0673788 
-0.832294 -0.152523 0.0684362 
-0.821566 -0.202498 0.0697799 
-0.807841 -0.251733 0.0712881 
-0.791168 -0.30005 0.0728244 
-0.771608 -0.347272 0.0742496 
-0.749232 -0.393227 0.0754347 
-0.724123 -0.437747 0.0762722 
-0.696371 -0.48067 0.0766865 
-0.666078 -0.521839 0.0766399 
-0.633355 -0.561104 0.0761367 
-0.598321 -0.598321 0.0752224 
-0.561104 -0.633355 0.0739799 
-0.521839 -0.666078 0.0725217 
-0.48067 -0.696371 0.0709797 
-0.437747 -0.724123 0.0694938 
-0.393227 -0.749232 0.0681983 
-0.347272 -0.771608 0.0672107 
-0.30005 -0.791168 0.0666204 
-0.251733 -0.807841 0.0664808 
-0.202498 -0.821566 0.0668045 
-0.152523 -0.832294 0.0675624 
-0.101993 -0.839984 0.0686856 
-0.0510895 -0.84461 0.0700726 
-1.55436e-16 -0.846154 0.0715976 
0.0510895 -0.84461 0.0731227 
0.101993 -0.839984 0.0745097 
0.152523 -0.832294 0.0756329 
0.202498 -0.821566 0.0763907 
0.251733 -0.807841 0.0767145 
0.30005 -0.791168 0.0765749 
0.347272 -0.771608 0.0759846 
0.393227 -0.749232 0.0749969 
0.437747 -0.724123 0.0737015 
0.48067 -0.696371 0.0722155 
0.521839 -0.666078 0.0706736 
0.561104 -0.633355 0.0692154 
0.598321 -0.598321 0.0679728 
0.633355 -0.561104 0.0670586 
0.666078 -0.521839 0.0665554 
0.696371 -0.48067 0.0665088 
0.724123 -0.437747 0.066923 
0.749232 -0.393227 0.0677606 
0.771608 -0.347272 0.0689456 
0.791168 -0.30005 0.0703708 
0.807841 -0.251733 0.0719071 
0.821566 -0.202498 0.0734154 
0.832294 -0.152523 0.0747591 
0.839984 -0.101993 0.0758164 
0.84461 -0.0510895 0.0764917 
0.846154 5.44288e-16 0.0767239 
0.871795 0 0.081779 
0.870204 0.0526377 0.0815175 
0.865439 0.105083 0.0807565 
0.857515 0.157145 0.079565 
0.846462 0.208634 0.078051 
0.832321 0.259362 0.0763514 
0.815142 0.309143 0.0746202 
0.79499 0.357796 0.0730143 
0.771936 0.405143 0.0716789 
0.746066 0.451012 0.0707351 
0.717473 0.495236 0.0702683 
0.686263 0.537652 0.0703208 
0.652548 0.578107 0.0708879 
0.616452 0.616452 0.0719181 
0.578107 0.652548 0.0733182 
0.537652 0.686263 0.0749614 
0.495236 0.717473 0.0766989 
0.451012 0.746066 0.0783733 
0.405143 0.771936 0.0798331 
0.357796 0.79499 0.080946 
0.309143 0.815142 0.0816112 
0.259362 0.832321 0.0817685 
0.208634 0.846462 0.0814037 
0.157145 0.857515 0.0805497 
0.105083 0.865439 0.079284 
0.0526377 0.870204 0.0777211 
-1.40195e-16 0.871795 0.0760026 
-0.0526377 0.870204 0.0742841 
-0.105083 0.865439 0.0727213 
-0.157145 0.857515 0.0714555 
-0.208634 0.846462 0.0706016 
-0.259362 0.832321 0.0702368 
-0.309143 0.815142 0.0703941 
-0.357796 0.79499 0.0710593 
-0.405143 0.771936 0.0721722 
-0.451012 0.746066 0.0736319 
-0.495236 0.717473 0.0753064 
-0.537652 0.686263 0.0770439 
-0.578107 0.652548 0.0786871 
-0.616452 0.616452 0.0800872 
-0.652548 0.578107 0.0811174 
-0.686263 0.537652 0.0816844 
-0.717473 0.495236 0.0817369 
-0.746066 0.451012 0.0812701 
-0.771936 0.405143 0.0803263 
-0.79499 0.357796 0.078991 
-0.815142 0.309143 0.077385 
-0.832321 0.259362 0.0756539 
-0.846462 0.208634 0.0739543 
-0.857515 0.157145 0.0724402 
-0.865439 0.105083 0.0712487 
-0.870204 0.0526377 0.0704878 
-0.871795 -2.80391e-16 0.0702262 
-0.870204 -0.0526377 0.0704878 
-0.865439 -0.105083 0.0712487 
-0.857515 -0.157145 0.0724402 
-0.846462 -0.208634 0.0739543 
-0.832321 -0.259362 0.0756539 
-0.815142 -0.309143 0.077385 
-0.79499 -0.357796 0.078991 
-0.771936 -0.405143 0.0803263 
-0.746066 -0.451012 0.0812701 
-0.717473 -0.495236 0.0817369 
-0.686263 -0.537652 0.0816844 
-0.652548 -0.578107 0.0811174 
-0.616452 -0.616452 0.0800872 
-0.578107 -0.652548 0.0786871 
-0.537652 -0.686263 0.0770439 
-0.495236 -0.717473 0.0753064 
-0.451012 -0.746066 0.0736319 
-0.405143 -0.771936 0.0721722 
-0.357796 -0.79499 0.0710593 
-0.309143 -0.815142 0.0703941 
-0.259362 -0.832321 0.0702368 
-0.208634 -0.846462 0.0706016 
-0.157145 -0.857515 0.0714555 
-0.105083 -0.865439 0.0727213 
-0.0526377 -0.870204 0.0742841 
-1.60146e-16 -0.871795 0.0760026 
0.0526377 -0.870204 0.0777211 
0.105083 -0.865439 0.079284 
0.157145 -0.857515 0.0805497 
0.208634 -0.846462 0.0814037 
0.259362 -0.832321 0.0817685 
0.309143 -0.815142 0.0816112 
0.357796 -0.79499 0.080946 
0.405143 -0.771936 0.0798331 
0.451012 -0.746066 0.0783733 
0.495236 -0.717473 0.0766989 
0.537652 -0.686263 0.0749614 
0.578107 -0.652548 0.0733182 
0.616452 -0.616452 0.0719181 
0.652548 -0.578107 0.0708879 
0.686263 -0.537652 0.0703208 
0.717473 -0.495236 0.0702683 
0.746066 -0.451012 0.0707351 
0.771936 -0.405143 0.0716789 
0.79499 -0.357796 0.0730143 
0.815142 -0.309143 0.0746202 
0.832321 -0.259362 0.0763514 
0.846462 -0.208634 0.078051 
0.857515 -0.157145 0.079565 
0.865439 -0.105083 0.0807565 
0.870204 -0.0526377 0.0815175 
0.871795 5.60781e-16 0.081779 
0.897436 0 0.0870257 
0.895799 0.0541858 0.086732 
0.890893 0.108174 0.0858774 
0.882736 0.161767 0.0845395 
0.871358 0.21477 0.0828393 
0.856801 0.26699 0.0809308 
0.839117 0.318235 0.0789868 
0.818372 0.368319 0.0771834 
0.79464 0.417059 0.0756839 
0.768009 0.464278 0.074624 
0.738575 0.509802 0.0740999 
0.706447 0.553466 0.0741588 
0.67174 0.59511 0.0747956 
0.634583 0.634583 0.0759524 
0.59511 0.67174 0.0775247 
0.553466 0.706447 0.0793699 
0.509802 0.738575 0.081321 
0.464278 0.768009 0.0832013 
0.417059 0.79464 0.0848405 
0.368319 0.818372 0.0860902 
0.318235 0.839117 0.0868372 
0.26699 0.856801 0.0870138 
0.21477 0.871358 0.0866041 
0.161767 0.882736 0.0856452 
0.108174 0.890893 0.0842239 
0.0541858 0.895799 0.0824689 
-1.44319e-16 0.897436 0.0805391 
-0.0541858 0.895799 0.0786094 
-0.108174 0.890893 0.0768543 
-0.161767 0.882736 0.075433 
-0.21477 0.871358 0.0744741 
-0.26699 0.856801 0.0740644 
-0.318235 0.839117 0.0742411 
-0.368319 0.818372 0.0749881 
-0.417059 0.79464 0.0762377 
-0.464278 0.768009 0.077877 
-0.509802 0.738575 0.0797573 
-0.553466 0.706447 0.0817084 
-0.59511 0.67174 0.0835536 
-0.634583 0.634583 0.0851258 
-0.67174 0.59511 0.0862827 
-0.706447 0.553466 0.0869194 
-0.738575 0.509802 0.0869784 
-0.768009 0.464278 0.0864542 
-0.79464 0.417059 0.0853944 
-0.818372 0.368319 0.0838949 
-0.839117 0.318235 0.0820915 
-0.856801 0.26699 0.0801475 
-0.871358 0.21477 0.078239 
-0.882736 0.161767 0.0765387 
-0.890893 0.108174 0.0752008 
-0.895799 0.0541858 0.0743463 
-0.897436 -2.88637e-16 0.0740526 
-0.895799 -0.0541858 0.0743463 
-0.890893 -0.108174 0.0752008 
-0.882736 -0.161767 0.0765387 
-0.871358 -0.21477 0.078239 
-0.856801 -0.26699 0.0801475 
-0.839117 -0.318235 0.0820915 
-0.818372 -0.368319 0.0838949 
-0.79464 -0.417059 0.0853944 
-0.768009 -0.464278 0.0864542 
-0.738575 -0.509802 0.0869784 
-0.706447 -0.553466 0.0869194 
-0.67174 -0.59511 0.0862827 
-0.634583 -0.634583 0.0851258 
-0.59511 -0.67174 0.0835536 
-0.553466 -0.706447 0.0817084 
-0.509802 -0.738575 0.0797573 
-0.464278 -0.768009 0.077877 
-0.417059 -0.79464 0.0762377 
-0.368319 -0.818372 0.0749881 
-0.318235 -0.839117 0.0742411 
-0.26699 -0.856801 0.0740644 
-0.21477 -0.871358 0.0744741 
-0.161767 -0.882736 0.075433 
-0.108174 -0.890893 0.0768543 
-0.0541858 -0.895799 0.0786094 
-1.64856e-16 -0.897436 0.0805391 
0.0541858 -0.895799 0.0824689 
0.108174 -0.890893 0.0842239 
0.161767 -0.882736 0.0856452 
0.21477 -0.871358 0.0866041 
0.26699 -0.856801 0.0870138 
0.318235 -0.839117 0.0868372 
0.368319 -0.818372 0.0860902 
0.417059 -0.79464 0.0848405 
0.464278 -0.768009 0.0832013 
0.509802 -0.738575 0.081321 
0.553466 -0.706447 0.0793699 
0.59511 -0.67174 0.0775247 
0.634583 -0.634583 0.0759524 
0.67174 -0.59511 0.0747956 
0.706447 -0.553466 0.0741588 
0.738575 -0.509802 0.0740999 
0.768009 -0.464278 0.074624 
0.79464 -0.417059 0.0756839 
0.818372 -0.368319 0.0771834 
0.839117 -0.318235 0.0789868 
0.856801 -0.26699 0.0809308 
0.871358 -0.21477 0.0828393 
0.882736 -0.161767 0.0845395 
0.890893 -0.108174 0.0858774 
0.895799 -0.0541858 0.086732 
0.897436 5.77275e-16 0.0870257 
0.923077 0 0.0924674 
0.921393 0.055734 0.0921386 
0.916347 0.111265 0.0911822 
0.907957 0.166389 0.0896846 
0.896254 0.220907 0.0877816 
0.881281 0.274618 0.0856455 
0.863092 0.327328 0.0834696 
0.841754 0.378843 0.0814511 
0.817344 0.428975 0.0797727 
0.789952 0.477543 0.0785865 
0.759677 0.524367 0.0779998 
0.726631 0.569279 0.0780658 
0.690933 0.612113 0.0787785 
0.652714 0.652714 0.0800733 
0.612113 0.690933 0.0818331 
0.569279 0.726631 0.0838984 
0.524367 0.759677 0.0860822 
0.477543 0.789952 0.0881868 
0.428975 0.817344 0.0900215 
0.378843 0.841754 0.0914203 
0.327328 0.863092 0.0922564 
0.274618 0.881281 0.0924541 
0.220907 0.896254 0.0919956 
0.166389 0.907957 0.0909222 
0.111265 0.916347 0.0893314 
0.055734 0.921393 0.087367 
-1.48442e-16 0.923077 0.0852071 
-0.055734 0.921393 0.0830472 
-0.111265 0.916347 0.0810828 
-0.166389 0.907957 0.079492 
-0.220907 0.896254 0.0784186 
-0.274618 0.881281 0.0779601 
-0.327328 0.863092 0.0781578 
-0.378843 0.841754 0.0789939 
-0.428975 0.817344 0.0803927 
-0.477543 0.789952 0.0822274 
-0.524367 0.759677 0.084332 
-0.569279 0.726631 0.0865158 
-0.612113 0.690933 0.0885811 
-0.652714 0.652714 0.0903409 
-0.690933 0.612113 0.0916357 
-0.726631 0.569279 0.0923484 
-0.759677 0.524367 0.0924144 
-0.789952 0.477543 0.0918277 
-0.817344 0.428975 0.0906415 
-0.841754 0.378843 0.0889631 
-0.863092 0.327328 0.0869446 
-0.881281 0.274618 0.0847687 
-0.896254 0.220907 0.0826326 
-0.907957 0.166389 0.0807296 
-0.916347 0.111265 0.079232 
-0.921393 0.055734 0.0782756 
-0.923077 -2.96884e-16 0.0779469 
-0.921393 -0.055734 0.0782756 
-0.916347 -0.111265 0.079232 
-0.907957 -0.166389 0.0807296 
-0.896254 -0.220907 0.0826326 
-0.881281 -0.274618 0.0847687 
-0.863092 -0.327328 0.0869446 
-0.841754 -0.378843 0.0889631 
-0.817344 -0.428975 0.0906415 
-0.789952 -0.477543 0.0918277 
-0.759677 -0.524367 0.0924144 
-0.726631 -0.569279 0.0923484 
-0.690933 -0.612113 0.0916357 
-0.652714 -0.652714 0.0903409 
-0.612113 -0.690933 0.0885811 
-0.569279 -0.726631 0.0865158 
-0.524367 -0.759677 0.084332 
-0.477543 -0.789952 0.0822274 
-0.428975 -0.817344 0.0803927 
-0.378843 -0.841754 0.0789939 
-0.327328 -0.863092 0.0781578 
-0.274618 -0.881281 0.0779601 
-0.220907 -0.896254 0.0784186 
-0.166389 -0.907957 0.079492 
-0.111265 -0.916347 0.0810828 
-0.055734 -0.921393 0.0830472 
-1.69566e-16 -0.923077 0.0852071 
0.055734 -0.921393 0.087367 
0.111265 -0.916347 0.0893314 
0.166389 -0.907957 0.0909222 
0.220907 -0.896254 0.0919956 
0.274618 -0.881281 0.0924541 
0.327328 -0.863092 0.0922564 
0.378843 -0.841754 0.0914203 
0.428975 -0.817344 0.0900215 
0.477543 -0.789952 0.0881868 
0.524367 -0.759677 0.0860822 
0.569279 -0.726631 0.0838984 
0.612113 -0.690933 0.0818331 
0.652714 -0.652714 0.0800733 
0.690933 -0.612113 0.0787785 
0.726631 -0.569279 0.0780658 
0.759677 -0.524367 0.0779998 
0.789952 -0.477543 0.0785865 
0.817344 -0.428975 0.0797727 
0.841754 -0.378843 0.0814511 
0.863092 -0.327328 0.0834696 
0.881281 -0.274618 0.0856455 
0.896254 -0.220907 0.0877816 
0.907957 -0.166389 0.0896846 
0.916347 -0.111265 0.0911822 
0.921393 -0.055734 0.0921386 
0.923077 5.93768e-16 0.0924674 
0.948718 0 0.0981078 
0.946987 0.0572822 0.0977409 
0.941801 0.114355 0.0966737 
0.933178 0.171011 0.0950027 
0.92115 0.227043 0.0928793 
0.905761 0.282246 0.0904957 
0.887067 0.33642 0.0880678 
0.865136 0.389366 0.0858155 
0.840048 0.440891 0.0839428 
0.811895 0.490808 0.0826191 
0.78078 0.538933 0.0819645 
0.746815 0.585092 0.0820381 
0.710126 0.629116 0.0828333 
0.670845 0.670845 0.0842782 
0.629116 0.710126 0.0862418 
0.585092 0.746815 0.0885463 
0.538933 0.78078 0.0909831 
0.490808 0.811895 0.0933314 
0.440891 0.840048 0.0953787 
0.389366 0.865136 0.0969394 
0.33642 0.887067 0.0978724 
0.282246 0.905761 0.098093 
0.227043 0.92115 0.0975813 
0.171011 0.933178 0.0963837 
0.114355 0.941801 0.0946086 
0.0572822 0.946987 0.0924167 
-1.52565e-16 0.948718 0.0900066 
-0.0572822 0.946987 0.0875964 
-0.114355 0.941801 0.0854046 
-0.171011 0.933178 0.0836295 
-0.227043 0.92115 0.0824318 
-0.282246 0.905761 0.0819202 
-0.33642 0.887067 0.0821408 
-0.389366 0.865136 0.0830737 
-0.440891 0.840048 0.0846345 
-0.490808 0.811895 0.0866817 
-0.538933 0.78078 0.0890301 
-0.585092 0.746815 0.0914669 
-0.629116 0.710126 0.0937714 
-0.670845 0.670845 0.095735 
-0.710126 0.629116 0.0971798 
-0.746815 0.585092 0.0979751 
-0.78078 0.538933 0.0980487 
-0.811895 0.490808 0.097394 
-0.840048 0.440891 0.0960704 
-0.865136 0.389366 0.0941976 
-0.887067 0.33642 0.0919453 
-0.905761 0.282246 0.0895174 
-0.92115 0.227043 0.0871339 
-0.933178 0.171011 0.0850104 
-0.941801 0.114355 0.0833394 
-0.946987 0.0572822 0.0822722 
-0.948718 -3.05131e-16 0.0819054 
-0.946987 -0.0572822 0.0822722 
-0.941801 -0.114355 0.0833394 
-0.933178 -0.171011 0.0850104 
-0.92115 -0.227043 0.0871339 
-0.905761 -0.282246 0.0895174 
-0.887067 -0.33642 0.0919453 
-0.865136 -0.389366 0.0941976 
-0.840048 -0.440891 0.0960704 
-0.811895 -0.490808 0.097394 
-0.78078 -0.538933 0.0980487 
-0.746815 -0.585092 0.0979751 
-0.710126 -0.629116 0.0971798 
-0.670845 -0.670845 0.095735 
-0.629116 -0.710126 0.0937714 
-0.585092 -0.746815 0.0914669 
-0.538933 -0.78078 0.0890301 
-0.490808 -0.811895 0.0866817 
-0.440891 -0.840048 0.0846345 
-0.389366 -0.865136 0.0830737 
-0.33642 -0.887067 0.0821408 
-0.282246 -0.905761 0.0819202 
-0.227043 -0.92115 0.0824318 
-0.171011 -0.933178 0.0836295 
-0.114355 -0.941801 0.0854046 
-0.0572822 -0.946987 0.0875964 
-1.74277e-16 -0.948718 0.0900066 
0.0572822 -0.946987 0.0924167 
0.114355 -0.941801 0.0946086 
0.171011 -0.933178 0.0963837 
0.227043 -0.92115 0.0975813 
0.282246 -0.905761 0.098093 
0.33642 -0.887067 0.0978724 
0.389366 -0.865136 0.0969394 
0.440891 -0.840048 0.0953787 
0.490808 -0.811895 0.0933314 
0.538933 -0.78078 0.0909831 
0.585092 -0.746815 0.0885463 
0.629116 -0.710126 0.0862418 
0.670845 -0.670845 0.0842782 
0.710126 -0.629116 0.0828333 
0.746815 -0.585092 0.0820381 
0.78078 -0.538933 0.0819645 
0.811895 -0.490808 0.0826191 
0.840048 -0.440891 0.0839428 
0.865136 -0.389366 0.0858155 
0.887067 -0.33642 0.0880678 
0.905761 -0.282246 0.0904957 
0.92115 -0.227043 0.0928793 
0.933178 -0.171011 0.0950027 
0.941801 -0.114355 0.0966737 
0.946987 -0.0572822 0.0977409 
0.948718 6.10262e-16 0.0981078 
0.974359 0 0.103951 
0.972581 0.0588303 0.103543 
0.967255 0.117446 0.102355 
0.958399 0.175633 0.100496 
0.946046 0.233179 0.0981336 
0.930241 0.289875 0.0954817 
0.911041 0.345512 0.0927806 
0.888518 0.399889 0.0902747 
0.862752 0.452807 0.0881911 
0.833838 0.504073 0.0867185 
0.801882 0.553499 0.0859901 
0.766999 0.600906 0.086072 
0.729318 0.64612 0.0869568 
0.688976 0.688976 0.0885643 
0.64612 0.729318 0.0907489 
0.600906 0.766999 0.0933129 
0.553499 0.801882 0.096024 
0.504073 0.833838 0.0986366 
0.452807 0.862752 0.100914 
0.399889 0.888518 0.102651 
0.345512 0.911041 0.103689 
0.289875 0.930241 0.103934 
0.233179 0.946046 0.103365 
0.175633 0.958399 0.102033 
0.117446 0.967255 0.100058 
0.0588303 0.972581 0.097619 
-1.56689e-16 0.974359 0.0949375 
-0.0588303 0.972581 0.0922561 
-0.117446 0.967255 0.0898175 
-0.175633 0.958399 0.0878425 
-0.233179 0.946046 0.0865101 
-0.289875 0.930241 0.0859408 
-0.345512 0.911041 0.0861863 
-0.399889 0.888518 0.0872243 
-0.452807 0.862752 0.0889607 
-0.504073 0.833838 0.0912384 
-0.553499 0.801882 0.0938511 
-0.600906 0.766999 0.0965622 
-0.64612 0.729318 0.0991262 
-0.688976 0.688976 0.101311 
-0.729318 0.64612 0.102918 
-0.766999 0.600906 0.103803 
-0.801882 0.553499 0.103885 
-0.833838 0.504073 0.103157 
-0.862752 0.452807 0.101684 
-0.888518 0.399889 0.0996004 
-0.911041 0.345512 0.0970945 
-0.930241 0.289875 0.0943933 
-0.946046 0.233179 0.0917414 
-0.958399 0.175633 0.089379 
-0.967255 0.117446 0.0875199 
-0.972581 0.0588303 0.0863325 
-0.974359 -3.13378e-16 0.0859244 
-0.972581 -0.0588303 0.0863325 
-0.967255 -0.117446 0.0875199 
-0.958399 -0.175633 0.089379 
-0.946046 -0.233179 0.0917414 
-0.930241 -0.289875 0.0943933 
-0.911041 -0.345512 0.0970945 
-0.888518 -0.399889 0.0996004 
-0.862752 -0.452807 0.101684 
-0.833838 -0.504073 0.103157 
-0.801882 -0.553499 0.103885 
-0.766999 -0.600906 0.103803 
-0.729318 -0.64612 0.102918 
-0.688976 -0.688976 0.101311 
-0.64612 -0.729318 0.0991262 
-0.600906 -0.766999 0.0965622 
-0.553499 -0.801882 0.0938511 
-0.504073 -0.833838 0.0912384 
-0.452807 -0.862752 0.0889607 
-0.399889 -0.888518 0.0872243 
-0.345512 -0.911041 0.0861863 
-0.289875 -0.930241 0.0859408 
-0.233179 -0.946046 0.0865101 
-0.175633 -0.958399 0.0878425 
-0.117446 -0.967255 0.0898175 
-0.0588303 -0.972581 0.0922561 
-1.78987e-16 -0.974359 0.0949375 
0.0588303 -0.972581 0.097619 
0.117446 -0.967255 0.100058 
0.175633 -0.958399 0.102033 
0.233179 -0.946046 0.103365 
0.289875 -0.930241 0.103934 
0.345512 -0.911041 0.103689 
0.399889 -0.888518 0.102651 
0.452807 -0.862752 0.100914 
0.504073 -0.833838 0.0986366 
0.553499 -0.801882 0.096024 
0.600906 -0.766999 0.0933129 
0.64612 -0.729318 0.0907489 
0.688976 -0.688976 0.0885643 
0.729318 -0.64612 0.0869568 
0.766999 -0.600906 0.086072 
0.801882 -0.553499 0.0859901 
0.833838 -0.504073 0.0867185 
0.862752 -0.452807 0.0881911 
0.888518 -0.399889 0.0902747 
0.911041 -0.345512 0.0927806 
0.930241 -0.289875 0.0954817 
0.946046 -0.233179 0.0981336 
0.958399 -0.175633 0.100496 
0.967255 -0.117446 0.102355 
0.972581 -0.0588303 0.103543 
0.974359 6.26755e-16 0.103951 
1 0 0.11 
0.998176 0.0603785 0.109547 
0.992709 0.120537 0.10823 
0.98362 0.180255 0.106167 
0.970942 0.239316 0.103546 
0.954721 0.297503 0.100604 
0.935016 0.354605 0.0976068 
0.9119 0.410413 0.0948266 
0.885456 0.464723 0.0925149 
0.855781 0.517338 0.090881 
0.822984 0.568065 0.0900729 
0.787183 0.616719 0.0901638 
0.748511 0.663123 0.0911454 
0.707107 0.707107 0.0929289 
0.663123 0.748511 0.0953528 
0.616719 0.787183 0.0981974 
0.568065 0.822984 0.101205 
0.517338 0.855781 0.104104 
0.464723 0.885456 0.106631 
0.410413 0.9119 0.108558 
0.354605 0.935016 0.109709 
0.297503 0.954721 0.109982 
0.239316 0.970942 0.10935 
0.180255 0.98362 0.107872 
0.120537 0.992709 0.105681 
0.0603785 0.998176 0.102975 
-1.60812e-16 1 0.1 
-0.0603785 0.998176 0.097025 
-0.120537 0.992709 0.0943194 
-0.180255 0.98362 0.0921282 
-0.239316 0.970942 0.0906498 
-0.297503 0.954721 0.0900182 
-0.354605 0.935016 0.0902906 
-0.410413 0.9119 0.0914422 
-0.464723 0.885456 0.0933688 
-0.517338 0.855781 0.0958959 
-0.568065 0.822984 0.0987946 
-0.616719 0.787183 0.101803 
-0.663123 0.748511 0.104647 
-0.707107 0.707107 0.107071 
-0.748511 0.663123 0.108855 
-0.787183 0.616719 0.109836 
-0.822984 0.568065 0.109927 
-0.855781 0.517338 0.109119 
-0.885456 0.464723 0.107485 
-0.9119 0.410413 0.105173 
-0.935016 0.354605 0.102393 
-0.954721 0.297503 0.0993962 
-0.970942 0.239316 0.096454 
-0.98362 0.180255 0.0938328 
-0.992709 0.120537 0.0917702 
-0.998176 0.0603785 0.0904528 
-1 -3.21625e-16 0.09 
-0.998176 -0.0603785 0.0904528 
-0.992709 -0.120537 0.0917702 
-0.98362 -0.180255 0.0938328 
-0.970942 -0.239316 0.096454 
-0.954721 -0.297503 0.0993962 
-0.935016 -0.354605 0.102393 
-0.9119 -0.410413 0.105173 
-0.885456 -0.464723 0.107485 
-0.855781 -0.517338 0.109119 
-0.822984 -0.568065 0.109927 
-0.787183 -0.616719 0.109836 
-0.748511 -0.663123 0.108855 
-0.707107 -0.707107 0.107071 
-0.663123 -0.748511 0.104647 
-0.616719 -0.787183 0.101803 
-0.568065 -0.822984 0.0987946 
-0.517338 -0.855781 0.0958959 
-0.464723 -0.885456 0.0933688 
-0.410413 -0.9119 0.0914422 
-0.354605 -0.935016 0.0902906 
-0.297503 -0.954721 0.0900182 
-0.239316 -0.970942 0.0906498 
-0.180255 -0.98362 0.0921282 
-0.120537 -0.992709 0.0943194 
-0.0603785 -0.998176 0.097025 
-1.83697e-16 -1 0.1 
0.0603785 -0.998176 0.102975 
0.120537 -0.992709 0.105681 
0.180255 -0.98362 0.107872 
0.239316 -0.970942 0.10935 
0.297503 -0.954721 0.109982 
0.354605 -0.935016 0.109709 
0.410413 -0.9119 0.108558 
0.464723 -0.885456 0.106631 
0.517338 -0.855781 0.104104 
0.568065 -0.822984 0.101205 
0.616719 -0.787183 0.0981974 
0.663123 -0.748511 0.0953528 
0.707107 -0.707107 0.0929289 
0.748511 -0.663123 0.0911454 
0.787183 -0.616719 0.0901638 
0.822984 -0.568065 0.0900729 
0.855781 -0.517338 0.090881 
0.885456 -0.464723 0.0925149 
0.9119 -0.410413 0.0948266 
0.935016 -0.354605 0.0976068 
0.954721 -0.297503 0.100604 
0.970942 -0.239316 0.103546 
0.98362 -0.180255 0.106167 
0.992709 -0.120537 0.10823 
0.998176 -0.0603785 0.109547 
1 6.43249e-16 0.11 
