ZONE I=40, J=105
0 0 0 -0
0.025641 0 6.57505e-05 -0.000131497
0.0512821 0 0.000263054 -0.000526039
0.0769231 0 0.000592066 -0.00118378
0.102564 0 0.00105305 -0.00210499
0.128205 0 0.00164636 -0.00329001
0.153846 0 0.00237247 -0.00473933
0.179487 0 0.00323194 -0.00645351
0.205128 0 0.00422546 -0.00843322
0.230769 0 0.0053538 -0.0106792
0.25641 0 0.00661785 -0.0131925
0.282051 0 0.00801858 -0.0159739
0.307692 0 0.00955709 -0.0190245
0.333333 0 0.0112346 -0.0223457
0.358974 0 0.0130523 -0.0259386
0.384615 0 0.0150117 -0.0298046
0.410256 0 0.0171143 -0.0339453
0.435897 0 0.0193617 -0.0383623
0.461538 0 0.0217555 -0.0430573
0.487179 0 0.0242977 -0.0480321
0.512821 0 0.0269901 -0.0532886
0.538462 0 0.0298347 -0.0588288
0.564103 0 0.0328338 -0.0646549
0.589744 0 0.0359894 -0.0707691
0.615385 0 0.0393039 -0.0771738
0.641026 0 0.0427799 -0.0838713
0.666667 0 0.0464198 -0.0908642
0.692308 0 0.0502262 -0.0981552
0.717949 0 0.0542019 -0.105747
0.74359 0 0.0583498 -0.113642
0.769231 0 0.0626729 -0.121844
0.794872 0 0.0671741 -0.130356
0.820513 0 0.0718567 -0.139181
0.846154 0 0.0767239 -0.148321
0.871795 0 0.081779 -0.157782
0.897436 0 0.0870257 -0.167565
0.923077 0 0.0924674 -0.177674
0.948718 0 0.0981078 -0.188114
0.974359 0 0.103951 -0.198888
1 0 0.11 -0.21
0 0 0 -0
0.0255942 0.00154817 6.57503e-05 -0.000131497
0.0511885 0.00309633 0.000263051 -0.000526036
0.0767827 0.0046445 0.00059205 -0.00118377
0.102377 0.00619267 0.001053 -0.00210494
0.127971 0.00774083 0.00164623 -0.00328989
0.153565 0.009289 0.00237221 -0.00473908
0.17916 0.0108372 0.00323147 -0.00645304
0.204754 0.0123853 0.00422466 -0.00843242
0.230348 0.0139335 0.00535252 -0.010678
0.255942 0.0154817 0.00661589 -0.0131905
0.281537 0.0170298 0.00801571 -0.015971
0.307131 0.018578 0.00955303 -0.0190205
0.332725 0.0201262 0.011229 -0.0223401
0.358319 0.0216743 0.0130448 -0.0259311
0.383914 0.0232225 0.0150018 -0.0297947
0.409508 0.0247707 0.0171015 -0.0339325
0.435102 0.0263188 0.0193453 -0.038346
0.460696 0.027867 0.021735 -0.0430368
0.486291 0.0294152 0.0242722 -0.0480066
0.511885 0.0309633 0.0269588 -0.0532573
0.537479 0.0325115 0.0297967 -0.0587908
0.563073 0.0340597 0.0327879 -0.0646091
0.588668 0.0356078 0.0359346 -0.0707144
0.614262 0.037156 0.039239 -0.0771088
0.639856 0.0387042 0.0427034 -0.0837948
0.66545 0.0402523 0.0463303 -0.0907748
0.691045 0.0418005 0.0501222 -0.0980512
0.716639 0.0433487 0.0540816 -0.105627
0.742233 0.0448968 0.0582114 -0.113504
0.767827 0.046445 0.0625143 -0.121686
0.793422 0.0479932 0.0669933 -0.130175
0.819016 0.0495413 0.0716514 -0.138976
0.84461 0.0510895 0.0764917 -0.148089
0.870204 0.0526377 0.0815175 -0.15752
0.895799 0.0541858 0.086732 -0.167271
0.921393 0.055734 0.0921386 -0.177346
0.946987 0.0572822 0.0977409 -0.187748
0.972581 0.0588303 0.103543 -0.19848
0.998176 0.0603785 0.109547 -0.209547
0 0 0 -0
0.0254541 0.00309068 6.57498e-05 -0.000131496
0.0509081 0.00618137 0.000263042 -0.000526027
0.0763622 0.00927205 0.000592004 -0.00118372
0.101816 0.0123627 0.00105285 -0.00210479
0.12727 0.0154534 0.00164588 -0.00328953
0.152724 0.0185441 0.00237147 -0.00473834
0.178179 0.0216348 0.00323011 -0.00645167
0.203633 0.0247255 0.00422233 -0.00843009
0.229087 0.0278162 0.00534878 -0.0106742
0.254541 0.0309068 0.0066102 -0.0131848
0.279995 0.0339975 0.00800738 -0.0159627
0.305449 0.0370882 0.00954122 -0.0190087
0.330903 0.0401789 0.0112127 -0.0223238
0.356357 0.0432696 0.0130229 -0.0259092
0.381811 0.0463603 0.014973 -0.0297659
0.407265 0.0494509 0.0170642 -0.0338952
0.432719 0.0525416 0.0192978 -0.0382984
0.458173 0.0556323 0.0216752 -0.042977
0.483627 0.058723 0.024198 -0.0479324
0.509081 0.0618137 0.0268677 -0.0531662
0.534536 0.0649044 0.0296859 -0.05868
0.55999 0.0679951 0.0326545 -0.0644757
0.585444 0.0710857 0.0357753 -0.070555
0.610898 0.0741764 0.0390501 -0.0769199
0.636352 0.0772671 0.042481 -0.0835724
0.661806 0.0803578 0.0460701 -0.0905145
0.68726 0.0834485 0.0498195 -0.0977485
0.712714 0.0865392 0.0537316 -0.105277
0.738168 0.0896298 0.0578087 -0.113101
0.763622 0.0927205 0.0620531 -0.121225
0.789076 0.0958112 0.0664675 -0.12965
0.81453 0.0989019 0.0710543 -0.138378
0.839984 0.101993 0.0758164 -0.147414
0.865439 0.105083 0.0807565 -0.156759
0.890893 0.108174 0.0858774 -0.166417
0.916347 0.111265 0.0911822 -0.176389
0.941801 0.114355 0.0966737 -0.18668
0.967255 0.117446 0.102355 -0.197293
0.992709 0.120537 0.10823 -0.20823
0 0 0 -0
0.025221 0.00462192 6.57489e-05 -0.000131495
0.050442 0.00924385 0.000263028 -0.000526012
0.0756631 0.0138658 0.000591932 -0.00118365
0.100884 0.0184877 0.00105262 -0.00210456
0.126105 0.0231096 0.00164532 -0.00328898
0.151326 0.0277315 0.00237032 -0.00473718
0.176547 0.0323535 0.00322797 -0.00644953
0.201768 0.0369754 0.00421868 -0.00842644
0.226989 0.0415973 0.00534293 -0.0106684
0.25221 0.0462192 0.00660128 -0.0131759
0.277431 0.0508412 0.00799432 -0.0159496
0.302652 0.0554631 0.00952273 -0.0189902
0.327873 0.060085 0.0111872 -0.0222984
0.353094 0.0647069 0.0129887 -0.0258749
0.378315 0.0693289 0.0149279 -0.0297208
0.403536 0.0739508 0.0170057 -0.0338368
0.428757 0.0785727 0.0192233 -0.038224
0.453978 0.0831946 0.0215816 -0.0428834
0.479199 0.0878166 0.0240818 -0.0478162
0.50442 0.0924385 0.026725 -0.0530235
0.529641 0.0970604 0.0295125 -0.0585066
0.554863 0.101682 0.0324457 -0.0642668
0.580084 0.106304 0.0355258 -0.0703055
0.605305 0.110926 0.0387543 -0.0766241
0.630526 0.115548 0.0421327 -0.0832241
0.655747 0.12017 0.0456627 -0.0901071
0.680968 0.124792 0.0493457 -0.0972747
0.706189 0.129414 0.0531836 -0.104729
0.73141 0.134036 0.057178 -0.112471
0.756631 0.138658 0.0613309 -0.120502
0.781852 0.14328 0.065644 -0.128826
0.807073 0.147902 0.0701194 -0.137444
0.832294 0.152523 0.0747591 -0.146357
0.857515 0.157145 0.079565 -0.155568
0.882736 0.161767 0.0845395 -0.165079
0.907957 0.166389 0.0896846 -0.174892
0.933178 0.171011 0.0950027 -0.185009
0.958399 0.175633 0.100496 -0.195434
0.98362 0.180255 0.106167 -0.206167
0 0 0 -0
0.0248959 0.0061363 6.57478e-05 -0.000131494
0.0497919 0.0122726 0.000263009 -0.000525994
0.0746878 0.0184089 0.00059184 -0.00118356
0.0995838 0.0245452 0.00105233 -0.00210427
0.12448 0.0306815 0.00164461 -0.00328827
0.149376 0.0368178 0.00236885 -0.00473571
0.174272 0.0429541 0.00322525 -0.00644681
0.199168 0.0490904 0.00421404 -0.00842179
0.224063 0.0552267 0.0053355 -0.0106609
0.248959 0.061363 0.00658995 -0.0131646
0.273855 0.0674993 0.00797773 -0.015933
0.298751 0.0736356 0.00949924 -0.0189667
0.323647 0.0797719 0.0111549 -0.022266
0.348543 0.0859082 0.0129451 -0.0258314
0.373439 0.0920445 0.0148705 -0.0296634
0.398335 0.0981808 0.0169315 -0.0337625
0.423231 0.104317 0.0191287 -0.0381293
0.448127 0.110453 0.0214627 -0.0427645
0.473023 0.11659 0.0239341 -0.0476685
0.497919 0.122726 0.0265437 -0.0528422
0.522815 0.128862 0.0292922 -0.0582863
0.547711 0.134999 0.0321802 -0.0640014
0.572607 0.141135 0.0352087 -0.0699884
0.597503 0.147271 0.0383784 -0.0762482
0.622399 0.153407 0.0416901 -0.0827815
0.647295 0.159544 0.0451449 -0.0895893
0.67219 0.16568 0.0487436 -0.0966726
0.697086 0.171816 0.0524872 -0.104032
0.721982 0.177953 0.0563767 -0.111669
0.746878 0.184089 0.0604132 -0.119585
0.771774 0.190225 0.0645977 -0.12778
0.79667 0.196362 0.0689314 -0.136256
0.821566 0.202498 0.0734154 -0.145013
0.846462 0.208634 0.078051 -0.154054
0.871358 0.21477 0.0828393 -0.163378
0.896254 0.220907 0.0877816 -0.172989
0.92115 0.227043 0.0928793 -0.182886
0.946046 0.233179 0.0981336 -0.193071
0.970942 0.239316 0.103546 -0.203546
0 0 0 -0
0.02448 0.00762828 6.57465e-05 -0.000131493
0.04896 0.0152566 0.000262989 -0.000525974
0.0734401 0.0228849 0.000591737 -0.00118345
0.0979201 0.0305131 0.00105201 -0.00210395
0.1224 0.0381414 0.00164382 -0.00328747
0.14688 0.0457697 0.0023672 -0.00473407
0.17136 0.053398 0.00322219 -0.00644376
0.19584 0.0610263 0.00420883 -0.00841659
0.22032 0.0686546 0.00532716 -0.0106526
0.2448 0.0762828 0.00657723 -0.0131519
0.26928 0.0839111 0.00795911 -0.0159144
0.29376 0.0915394 0.00947287 -0.0189403
0.31824 0.0991677 0.0111186 -0.0222297
0.34272 0.106796 0.0128963 -0.0257825
0.3672 0.114424 0.0148061 -0.029599
0.39168 0.122053 0.0168481 -0.0336792
0.41616 0.129681 0.0190225 -0.0380231
0.44064 0.137309 0.0213292 -0.0426309
0.46512 0.144937 0.0237684 -0.0475028
0.4896 0.152566 0.0263402 -0.0526387
0.51408 0.160194 0.0290448 -0.0580389
0.53856 0.167822 0.0318823 -0.0637035
0.563041 0.175451 0.0348528 -0.0696325
0.587521 0.183079 0.0379564 -0.0758262
0.612001 0.190707 0.0411933 -0.0822847
0.636481 0.198335 0.0445637 -0.0890082
0.660961 0.205964 0.0480677 -0.0959967
0.685441 0.213592 0.0517055 -0.10325
0.709921 0.22122 0.0554772 -0.11077
0.734401 0.228849 0.059383 -0.118555
0.758881 0.236477 0.0634231 -0.126605
0.783361 0.244105 0.0675978 -0.134922
0.807841 0.251733 0.0719071 -0.143505
0.832321 0.259362 0.0763514 -0.152354
0.856801 0.26699 0.0809308 -0.16147
0.881281 0.274618 0.0856455 -0.170853
0.905761 0.282246 0.0904957 -0.180502
0.930241 0.289875 0.0954817 -0.190419
0.954721 0.297503 0.100604 -0.200604
0 0 0 0
0.0239748 0.00909243 6.57452e-05 -0.000131491
0.0479496 0.0181849 0.000262968 -0.000525953
0.0719243 0.0272773 0.000591632 -0.00118335
0.0958991 0.0363697 0.00105167 -0.00210361
0.119874 0.0454622 0.00164301 -0.00328666
0.143849 0.0545546 0.00236552 -0.00473239
0.167823 0.063647 0.00321908 -0.00644065
0.191798 0.0727395 0.00420352 -0.00841128
0.215773 0.0818319 0.00531866 -0.0106441
0.239748 0.0909243 0.00656428 -0.0131389
0.263723 0.100017 0.00794015 -0.0158954
0.287697 0.109109 0.00944601 -0.0189135
0.311672 0.118202 0.0110816 -0.0221927
0.335647 0.127294 0.0128465 -0.0257328
0.359622 0.136386 0.0147405 -0.0295334
0.383596 0.145479 0.0167632 -0.0335943
0.407571 0.154571 0.0189143 -0.0379149
0.431546 0.163664 0.0211932 -0.042495
0.455521 0.172756 0.0235996 -0.047334
0.479496 0.181849 0.026133 -0.0524315
0.50347 0.190941 0.0287929 -0.057787
0.527445 0.200034 0.0315788 -0.0634
0.55142 0.209126 0.0344903 -0.06927
0.575395 0.218218 0.0375266 -0.0753964
0.599369 0.227311 0.0406873 -0.0817787
0.623344 0.236403 0.0439717 -0.0884162
0.647319 0.245496 0.0473792 -0.0953082
0.671294 0.254588 0.0509092 -0.102454
0.695268 0.263681 0.0545609 -0.109853
0.719243 0.272773 0.0583337 -0.117505
0.743218 0.281865 0.0622268 -0.125409
0.767193 0.290958 0.0662394 -0.133564
0.791168 0.30005 0.0703708 -0.141968
0.815142 0.309143 0.0746202 -0.150623
0.839117 0.318235 0.0789868 -0.159526
0.863092 0.327328 0.0834696 -0.168677
0.887067 0.33642 0.0880678 -0.178074
0.911041 0.345512 0.0927806 -0.187718
0.935016 0.354605 0.0976068 -0.197607
0 0 0 0
0.023382 0.0105234 6.5744e-05 -0.00013149
0.0467641 0.0210468 0.000262949 -0.000525934
0.0701461 0.0315702 0.000591535 -0.00118325
0.0935282 0.0420936 0.00105137 -0.00210331
0.11691 0.052617 0.00164226 -0.00328591
0.140292 0.0631404 0.00236397 -0.00473083
0.163674 0.0736638 0.0032162 -0.00643776
0.187056 0.0841872 0.0041986 -0.00840636
0.210438 0.0947106 0.00531077 -0.0106362
0.23382 0.105234 0.00655226 -0.0131269
0.257203 0.115757 0.00792255 -0.0158778
0.280585 0.126281 0.00942109 -0.0188885
0.303967 0.136804 0.0110472 -0.0221584
0.327349 0.147328 0.0128004 -0.0256866
0.350731 0.157851 0.0146797 -0.0294726
0.374113 0.168374 0.0166845 -0.0335155
0.397495 0.178898 0.0188139 -0.0378145
0.420877 0.189421 0.021067 -0.0423688
0.444259 0.199945 0.023443 -0.0471773
0.467641 0.210468 0.0259407 -0.0522392
0.491023 0.220992 0.0285592 -0.0575533
0.514405 0.231515 0.0312973 -0.0631185
0.537787 0.242038 0.034154 -0.0689337
0.561169 0.252562 0.0371279 -0.0749977
0.584551 0.263085 0.0402179 -0.0813092
0.607933 0.273609 0.0434225 -0.087867
0.631315 0.284132 0.0467406 -0.0946696
0.654697 0.294655 0.0501705 -0.101716
0.678079 0.305179 0.0537109 -0.109004
0.701461 0.315702 0.0573603 -0.116532
0.724843 0.326226 0.0611169 -0.124299
0.748226 0.336749 0.0649793 -0.132303
0.771608 0.347272 0.0689456 -0.140543
0.79499 0.357796 0.0730143 -0.149017
0.818372 0.368319 0.0771834 -0.157723
0.841754 0.378843 0.0814511 -0.166658
0.865136 0.389366 0.0858155 -0.175822
0.888518 0.399889 0.0902747 -0.185212
0.9119 0.410413 0.0948266 -0.194827
0 0 0 0
0.022704 0.011916 6.5743e-05 -0.000131489
0.045408 0.023832 0.000262933 -0.000525918
0.068112 0.0357479 0.000591454 -0.00118317
0.090816 0.0476639 0.00105111 -0.00210305
0.11352 0.0595799 0.00164163 -0.00328529
0.136224 0.0714959 0.00236267 -0.00472953
0.158928 0.0834119 0.0032138 -0.00643536
0.181632 0.0953278 0.00419451 -0.00840226
0.204336 0.107244 0.00530422 -0.0106297
0.22704 0.11916 0.00654227 -0.0131169
0.249744 0.131076 0.00790792 -0.0158632
0.272448 0.142992 0.00940036 -0.0188678
0.295152 0.154908 0.0110187 -0.0221298
0.317856 0.166824 0.012762 -0.0256482
0.34056 0.17874 0.0146291 -0.029422
0.363264 0.190656 0.016619 -0.03345
0.385968 0.202572 0.0187304 -0.0377311
0.408672 0.214488 0.0209621 -0.0422639
0.431376 0.226404 0.0233127 -0.0470471
0.45408 0.23832 0.0257808 -0.0520793
0.476784 0.250236 0.0283648 -0.0573589
0.499488 0.262152 0.0310632 -0.0628844
0.522192 0.274068 0.0338743 -0.0686541
0.544896 0.285983 0.0367964 -0.0746662
0.5676 0.297899 0.0398275 -0.0809189
0.590304 0.309815 0.0429659 -0.0874103
0.613008 0.321731 0.0462095 -0.0941385
0.635712 0.333647 0.0495563 -0.101101
0.658416 0.345563 0.0530042 -0.108297
0.68112 0.357479 0.0565509 -0.115722
0.703824 0.369395 0.0601941 -0.123376
0.726528 0.381311 0.0639315 -0.131256
0.749232 0.393227 0.0677606 -0.139358
0.771936 0.405143 0.0716789 -0.147682
0.79464 0.417059 0.0756839 -0.156223
0.817344 0.428975 0.0797727 -0.16498
0.840048 0.440891 0.0839428 -0.173949
0.862752 0.452807 0.0881911 -0.183129
0.885456 0.464723 0.0925149 -0.192515
0 0 0 0
0.0219431 0.0132651 6.57423e-05 -0.000131488
0.0438862 0.0265301 0.000262922 -0.000525907
0.0658293 0.0397952 0.000591397 -0.00118311
0.0877724 0.0530603 0.00105093 -0.00210287
0.109716 0.0663254 0.00164119 -0.00328485
0.131659 0.0795904 0.00236176 -0.00472862
0.153602 0.0928555 0.0032121 -0.00643367
0.175545 0.106121 0.00419161 -0.00839937
0.197488 0.119386 0.00529958 -0.010625
0.219431 0.132651 0.0065352 -0.0131098
0.241374 0.145916 0.00789758 -0.0158529
0.263317 0.159181 0.00938572 -0.0188532
0.28526 0.172446 0.0109985 -0.0221096
0.307204 0.185711 0.0127348 -0.0256211
0.329147 0.198976 0.0145933 -0.0293862
0.35109 0.212241 0.0165727 -0.0334037
0.373033 0.225506 0.0186714 -0.0376721
0.394976 0.238771 0.020888 -0.0421898
0.416919 0.252036 0.0232207 -0.0469551
0.438862 0.265301 0.0256678 -0.0519663
0.460805 0.278567 0.0282275 -0.0572216
0.482748 0.291832 0.0308978 -0.062719
0.504692 0.305097 0.0336767 -0.0684564
0.526635 0.318362 0.036562 -0.0744319
0.548578 0.331627 0.0395516 -0.080643
0.570521 0.344892 0.0426432 -0.0870876
0.592464 0.358157 0.0458342 -0.0937632
0.614407 0.371422 0.0491222 -0.100667
0.63635 0.384687 0.0525046 -0.107797
0.658293 0.397952 0.0559788 -0.11515
0.680236 0.411217 0.0595418 -0.122724
0.70218 0.424482 0.0631909 -0.130515
0.724123 0.437747 0.066923 -0.138521
0.746066 0.451012 0.0707351 -0.146738
0.768009 0.464278 0.074624 -0.155163
0.789952 0.477543 0.0785865 -0.163794
0.811895 0.490808 0.0826191 -0.172626
0.833838 0.504073 0.0867185 -0.181656
0.855781 0.517338 0.090881 -0.190881
0 0 0 0
0.0211022 0.0145658 6.57419e-05 -0.000131488
0.0422043 0.0291315 0.000262916 -0.000525901
0.0633065 0.0436973 0.000591368 -0.00118308
0.0844086 0.0582631 0.00105084 -0.00210278
0.105511 0.0728288 0.00164097 -0.00328463
0.126613 0.0873946 0.0023613 -0.00472817
0.147715 0.10196 0.00321126 -0.00643283
0.168817 0.116526 0.00419018 -0.00839794
0.189919 0.131092 0.00529729 -0.0106227
0.211022 0.145658 0.00653171 -0.0131063
0.232124 0.160223 0.00789247 -0.0158478
0.253226 0.174789 0.00937848 -0.0188459
0.274328 0.189355 0.0109886 -0.0220997
0.29543 0.203921 0.0127214 -0.0256077
0.316532 0.218486 0.0145757 -0.0293686
0.337634 0.233052 0.0165498 -0.0333808
0.358737 0.247618 0.0186423 -0.0376429
0.379839 0.262184 0.0208513 -0.0421531
0.400941 0.276749 0.0231752 -0.0469096
0.422043 0.291315 0.0256119 -0.0519104
0.443145 0.305881 0.0281596 -0.0571536
0.464247 0.320447 0.030816 -0.0626371
0.485349 0.335013 0.0335789 -0.0683587
0.506452 0.349578 0.0364462 -0.074316
0.527554 0.364144 0.0394152 -0.0805066
0.548656 0.37871 0.0424835 -0.086928
0.569758 0.393276 0.0456486 -0.0935775
0.59086 0.407841 0.0489075 -0.100453
0.611962 0.422407 0.0522576 -0.10755
0.633065 0.436973 0.0556958 -0.114867
0.654167 0.451539 0.0592192 -0.122401
0.675269 0.466104 0.0628246 -0.130149
0.696371 0.48067 0.0665088 -0.138106
0.717473 0.495236 0.0702683 -0.146271
0.738575 0.509802 0.0740999 -0.154639
0.759677 0.524367 0.0779998 -0.163207
0.78078 0.538933 0.0819645 -0.171971
0.801882 0.553499 0.0859901 -0.180928
0.822984 0.568065 0.0900729 -0.190073
0 0 0 0
0.0201842 0.0158133 6.5742e-05 -0.000131488
0.0403684 0.0316266 0.000262917 -0.000525902
0.0605526 0.0474399 0.000591372 -0.00118309
0.0807368 0.0632532 0.00105085 -0.00210279
0.100921 0.0790665 0.001641 -0.00328465
0.121105 0.0948798 0.00236135 -0.00472822
0.141289 0.110693 0.00321136 -0.00643292
0.161474 0.126506 0.00419034 -0.0083981
0.181658 0.14232 0.00529755 -0.010623
0.201842 0.158133 0.0065321 -0.0131067
0.222026 0.173946 0.00789304 -0.0158483
0.24221 0.18976 0.00937929 -0.0188467
0.262394 0.205573 0.0109897 -0.0221008
0.282579 0.221386 0.0127229 -0.0256092
0.302763 0.2372 0.0145777 -0.0293706
0.322947 0.253013 0.0165524 -0.0333834
0.343131 0.268826 0.0186455 -0.0376462
0.363315 0.284639 0.0208554 -0.0421572
0.3835 0.300453 0.0231803 -0.0469147
0.403684 0.316266 0.0256182 -0.0519167
0.423868 0.332079 0.0281672 -0.0571613
0.444052 0.347893 0.0308252 -0.0626463
0.464236 0.363706 0.0335899 -0.0683697
0.484421 0.379519 0.0364592 -0.074329
0.504605 0.395333 0.0394305 -0.0805219
0.524789 0.411146 0.0425015 -0.0869459
0.544973 0.426959 0.0456694 -0.0935984
0.565157 0.442773 0.0489317 -0.100477
0.585342 0.458586 0.0522854 -0.107578
0.605526 0.474399 0.0557277 -0.114899
0.62571 0.490212 0.0592555 -0.122438
0.645894 0.506026 0.0628658 -0.13019
0.666078 0.521839 0.0665554 -0.138153
0.686263 0.537652 0.0703208 -0.146323
0.706447 0.553466 0.0741588 -0.154698
0.726631 0.569279 0.0780658 -0.163273
0.746815 0.585092 0.0820381 -0.172045
0.766999 0.600906 0.086072 -0.18101
0.787183 0.616719 0.0901638 -0.190164
0 0 0 0
0.0191926 0.0170031 6.57424e-05 -0.000131489
0.0383852 0.0340063 0.000262924 -0.000525909
0.0575777 0.0510094 0.000591406 -0.00118312
0.0767703 0.0680126 0.00105096 -0.0021029
0.0959629 0.0850157 0.00164126 -0.00328492
0.115155 0.102019 0.0023619 -0.00472877
0.134348 0.119022 0.00321238 -0.00643394
0.153541 0.136025 0.00419208 -0.00839984
0.172733 0.153028 0.00530033 -0.0106258
0.191926 0.170031 0.00653635 -0.013111
0.211118 0.187035 0.00789925 -0.0158545
0.230311 0.204038 0.00938809 -0.0188555
0.249504 0.221041 0.0110018 -0.0221129
0.268696 0.238044 0.0127392 -0.0256255
0.287889 0.255047 0.0145991 -0.029392
0.307081 0.27205 0.0165802 -0.0334112
0.326274 0.289053 0.018681 -0.0376816
0.345466 0.306057 0.0209 -0.0422018
0.364659 0.32306 0.0232356 -0.04697
0.383852 0.340063 0.0256861 -0.0519846
0.403044 0.357066 0.0282497 -0.0572438
0.422237 0.374069 0.0309246 -0.0627457
0.441429 0.391072 0.0337087 -0.0684884
0.460622 0.408075 0.0366 -0.0744698
0.479815 0.425079 0.0395963 -0.0806877
0.499007 0.442082 0.0426954 -0.0871398
0.5182 0.459085 0.0458949 -0.0938239
0.537392 0.476088 0.0491925 -0.100738
0.556585 0.493091 0.0525855 -0.107878
0.575777 0.510094 0.0560714 -0.115243
0.59497 0.527097 0.0596474 -0.12283
0.614163 0.544101 0.0633108 -0.130635
0.633355 0.561104 0.0670586 -0.138656
0.652548 0.578107 0.0708879 -0.146891
0.67174 0.59511 0.0747956 -0.155335
0.690933 0.612113 0.0787785 -0.163986
0.710126 0.629116 0.0828333 -0.17284
0.729318 0.64612 0.0869568 -0.181894
0.748511 0.663123 0.0911454 -0.191145
0 0 0 0
0.0181309 0.0181309 6.57432e-05 -0.000131489
0.0362619 0.0362619 0.000262936 -0.000525921
0.0543928 0.0543928 0.000591468 -0.00118318
0.0725238 0.0725238 0.00105116 -0.0021031
0.0906547 0.0906547 0.00164175 -0.0032854
0.108786 0.108786 0.0023629 -0.00472977
0.126917 0.126917 0.00321423 -0.00643579
0.145048 0.145048 0.00419524 -0.008403
0.163178 0.163178 0.00530539 -0.0106308
0.181309 0.181309 0.00654406 -0.0131187
0.19944 0.19944 0.00791054 -0.0158658
0.217571 0.217571 0.00940408 -0.0188715
0.235702 0.235702 0.0110238 -0.0221349
0.253833 0.253833 0.0127688 -0.0256551
0.271964 0.271964 0.0146382 -0.0294311
0.290095 0.290095 0.0166307 -0.0334618
0.308226 0.308226 0.0187454 -0.037746
0.326357 0.326357 0.0209809 -0.0422827
0.344488 0.344488 0.0233361 -0.0470704
0.362619 0.362619 0.0258094 -0.0521079
0.38075 0.38075 0.0283996 -0.0573937
0.398881 0.398881 0.0311052 -0.0629263
0.417012 0.417012 0.0339244 -0.0687042
0.435143 0.435143 0.0368557 -0.0747256
0.453274 0.453274 0.0398974 -0.0809888
0.471405 0.471405 0.0430477 -0.0874921
0.489535 0.489535 0.0463046 -0.0942336
0.507666 0.507666 0.0496663 -0.101211
0.525797 0.525797 0.0531308 -0.108423
0.543928 0.543928 0.0566958 -0.115867
0.562059 0.562059 0.0603594 -0.123541
0.58019 0.58019 0.0641191 -0.131443
0.598321 0.598321 0.0679728 -0.13957
0.616452 0.616452 0.0719181 -0.147921
0.634583 0.634583 0.0759524 -0.156492
0.652714 0.652714 0.0800733 -0.16528
0.670845 0.670845 0.0842782 -0.174285
0.688976 0.688976 0.0885643 -0.183502
0.707107 0.707107 0.0929289 -0.192929
0 0 0 0
0.0170031 0.0191926 6.57442e-05 -0.00013149
0.0340063 0.0383852 0.000262953 -0.000525938
0.0510094 0.0575777 0.000591553 -0.00118327
0.0680126 0.0767703 0.00105143 -0.00210336
0.0850157 0.0959629 0.0016424 -0.00328606
0.102019 0.115155 0.00236426 -0.00473112
0.119022 0.134348 0.00321674 -0.00643831
0.136025 0.153541 0.00419953 -0.00840729
0.153028 0.172733 0.00531226 -0.0106377
0.170031 0.191926 0.00655453 -0.0131292
0.187035 0.211118 0.00792588 -0.0158812
0.204038 0.230311 0.0094258 -0.0188933
0.221041 0.249504 0.0110537 -0.0221648
0.238044 0.268696 0.0128091 -0.0256953
0.255047 0.287889 0.0146912 -0.0294841
0.27205 0.307081 0.0166994 -0.0335304
0.289053 0.326274 0.0188329 -0.0378335
0.306057 0.345466 0.0210909 -0.0423927
0.32306 0.364659 0.0234726 -0.047207
0.340063 0.383852 0.0259771 -0.0522756
0.357066 0.403044 0.0286034 -0.0575975
0.374069 0.422237 0.0313506 -0.0631718
0.391072 0.441429 0.0342176 -0.0689974
0.408075 0.460622 0.0372034 -0.0750732
0.425079 0.479815 0.0403067 -0.0813981
0.442082 0.499007 0.0435265 -0.0879709
0.459085 0.5182 0.0468614 -0.0947904
0.476088 0.537392 0.0503103 -0.101855
0.493091 0.556585 0.0538718 -0.109164
0.510094 0.575777 0.0575445 -0.116716
0.527097 0.59497 0.061327 -0.124509
0.544101 0.614163 0.0652178 -0.132542
0.561104 0.633355 0.0692154 -0.140813
0.578107 0.652548 0.0733182 -0.149321
0.59511 0.67174 0.0775247 -0.158064
0.612113 0.690933 0.0818331 -0.16704
0.629116 0.710126 0.0862418 -0.176248
0.64612 0.729318 0.0907489 -0.185686
0.663123 0.748511 0.0953528 -0.195353
0 0 0 0
0.0158133 0.0201842 6.57454e-05 -0.000131492
0.0316266 0.0403684 0.000262972 -0.000525957
0.0474399 0.0605526 0.000591653 -0.00118337
0.0632532 0.0807368 0.00105174 -0.00210368
0.0790665 0.100921 0.00164317 -0.00328682
0.0948798 0.121105 0.00236585 -0.00473272
0.110693 0.141289 0.00321969 -0.00644126
0.126506 0.161474 0.00420457 -0.00841232
0.14232 0.181658 0.00532033 -0.0106458
0.158133 0.201842 0.00656683 -0.0131415
0.173946 0.222026 0.00794388 -0.0158992
0.18976 0.24221 0.0094513 -0.0189188
0.205573 0.262394 0.0110889 -0.0222
0.221386 0.282579 0.0128563 -0.0257426
0.2372 0.302763 0.0147535 -0.0295464
0.253013 0.322947 0.01678 -0.033611
0.268826 0.343131 0.0189356 -0.0379362
0.284639 0.363315 0.02122 -0.0425218
0.300453 0.3835 0.0236328 -0.0473672
0.316266 0.403684 0.0261738 -0.0524723
0.332079 0.423868 0.0288426 -0.0578366
0.347893 0.444052 0.0316386 -0.0634598
0.363706 0.464236 0.0345617 -0.0693415
0.379519 0.484421 0.0376113 -0.0754811
0.395333 0.504605 0.040787 -0.0818784
0.411146 0.524789 0.0440884 -0.0885328
0.426959 0.544973 0.0475149 -0.0954439
0.442773 0.565157 0.0510661 -0.102611
0.458586 0.585342 0.0547415 -0.110034
0.474399 0.605526 0.0585405 -0.117712
0.490212 0.62571 0.0624625 -0.125645
0.506026 0.645894 0.0665071 -0.133831
0.521839 0.666078 0.0706736 -0.142271
0.537652 0.686263 0.0749614 -0.150964
0.553466 0.706447 0.0793699 -0.159909
0.569279 0.726631 0.0838984 -0.169106
0.585092 0.746815 0.0885463 -0.178553
0.600906 0.766999 0.0933129 -0.18825
0.616719 0.787183 0.0981974 -0.198197
0 0 0 -0
0.0145658 0.0211022 6.57467e-05 -0.000131493
0.0291315 0.0422043 0.000262993 -0.000525978
0.0436973 0.0633065 0.000591758 -0.00118347
0.0582631 0.0844086 0.00105207 -0.00210401
0.0728288 0.105511 0.00164398 -0.00328764
0.0873946 0.126613 0.00236754 -0.0047344
0.10196 0.147715 0.00322282 -0.00644438
0.116526 0.168817 0.00420989 -0.00841765
0.131092 0.189919 0.00532886 -0.0106543
0.145658 0.211022 0.00657983 -0.0131545
0.160223 0.232124 0.00796292 -0.0159182
0.174789 0.253226 0.00947826 -0.0189457
0.189355 0.274328 0.011126 -0.0222371
0.203921 0.29543 0.0129063 -0.0257925
0.218486 0.316532 0.0148193 -0.0296122
0.233052 0.337634 0.0168652 -0.0336962
0.247618 0.358737 0.0190442 -0.0380448
0.262184 0.379839 0.0213565 -0.0426582
0.276749 0.400941 0.0238023 -0.0475367
0.291315 0.422043 0.0263819 -0.0526803
0.305881 0.443145 0.0290954 -0.0580895
0.320447 0.464247 0.0319432 -0.0637644
0.335013 0.485349 0.0349256 -0.0697053
0.349578 0.506452 0.0380427 -0.0759125
0.364144 0.527554 0.0412949 -0.0823863
0.37871 0.548656 0.0446825 -0.089127
0.393276 0.569758 0.0482059 -0.0961349
0.407841 0.59086 0.0518653 -0.10341
0.422407 0.611962 0.0556611 -0.110954
0.436973 0.633065 0.0595936 -0.118765
0.451539 0.654167 0.0636633 -0.126845
0.466104 0.675269 0.0678705 -0.135195
0.48067 0.696371 0.0722155 -0.143813
0.495236 0.717473 0.0766989 -0.152702
0.509802 0.738575 0.081321 -0.16186
0.524367 0.759677 0.0860822 -0.171289
0.538933 0.78078 0.0909831 -0.18099
0.553499 0.801882 0.096024 -0.190961
0.568065 0.822984 0.101205 -0.201205
0 0 0 -0
0.0132651 0.0219431 6.5748e-05 -0.000131494
0.0265301 0.0438862 0.000263013 -0.000525998
0.0397952 0.0658293 0.00059186 -0.00118358
0.0530603 0.0877724 0.00105239 -0.00210433
0.0663254 0.109716 0.00164476 -0.00328842
0.0795904 0.131659 0.00236916 -0.00473603
0.0928555 0.153602 0.00322582 -0.00644739
0.106121 0.175545 0.00421502 -0.00842278
0.119386 0.197488 0.00533708 -0.0106625
0.132651 0.219431 0.00659236 -0.013167
0.145916 0.241374 0.00798127 -0.0159366
0.159181 0.263317 0.00950424 -0.0189717
0.172446 0.28526 0.0111618 -0.0222729
0.185711 0.307204 0.0129544 -0.0258407
0.198976 0.329147 0.0148827 -0.0296756
0.212241 0.35109 0.0169473 -0.0337783
0.225506 0.373033 0.0191488 -0.0381495
0.238771 0.394976 0.021488 -0.0427898
0.252036 0.416919 0.0239656 -0.0477
0.265301 0.438862 0.0265823 -0.0528808
0.278567 0.460805 0.0293391 -0.0583332
0.291832 0.482748 0.0322367 -0.0640579
0.305097 0.504692 0.0352762 -0.0700559
0.318362 0.526635 0.0384584 -0.0763282
0.331627 0.548578 0.0417844 -0.0828758
0.344892 0.570521 0.0452551 -0.0896996
0.358157 0.592464 0.0488718 -0.0968008
0.371422 0.614407 0.0526355 -0.10418
0.384687 0.63635 0.0565473 -0.11184
0.397952 0.658293 0.0606086 -0.11978
0.411217 0.680236 0.0648205 -0.128003
0.424482 0.70218 0.0691843 -0.136508
0.437747 0.724123 0.0737015 -0.145299
0.451012 0.746066 0.0783733 -0.154376
0.464278 0.768009 0.0832013 -0.16374
0.477543 0.789952 0.0881868 -0.173394
0.490808 0.811895 0.0933314 -0.183338
0.504073 0.833838 0.0986366 -0.193574
0.517338 0.855781 0.104104 -0.204104
0 0 0 -0
0.011916 0.022704 6.57491e-05 -0.000131495
0.023832 0.045408 0.000263031 -0.000526016
0.0357479 0.068112 0.000591948 -0.00118366
0.0476639 0.090816 0.00105267 -0.00210461
0.0595799 0.11352 0.00164545 -0.0032891
0.0714959 0.136224 0.00237058 -0.00473744
0.0834119 0.158928 0.00322845 -0.00645001
0.0953278 0.181632 0.0042195 -0.00842726
0.107244 0.204336 0.00534425 -0.0106697
0.11916 0.22704 0.00660329 -0.0131779
0.131076 0.249744 0.00799726 -0.0159526
0.142992 0.272448 0.00952689 -0.0189943
0.154908 0.295152 0.011193 -0.0223041
0.166824 0.317856 0.0129964 -0.0258826
0.17874 0.34056 0.014938 -0.0297309
0.190656 0.363264 0.0170189 -0.0338499
0.202572 0.385968 0.0192401 -0.0382407
0.214488 0.408672 0.0216027 -0.0429045
0.226404 0.431376 0.0241079 -0.0478423
0.23832 0.45408 0.0267571 -0.0530556
0.250236 0.476784 0.0295515 -0.0585456
0.262152 0.499488 0.0324926 -0.0643138
0.274068 0.522192 0.0355819 -0.0703616
0.285983 0.544896 0.0388208 -0.0766906
0.297899 0.5676 0.0422111 -0.0833025
0.309815 0.590304 0.0457543 -0.0901988
0.321731 0.613008 0.0494523 -0.0973813
0.333647 0.635712 0.0533069 -0.104852
0.345563 0.658416 0.0573199 -0.112612
0.357479 0.68112 0.0614934 -0.120665
0.369395 0.703824 0.0658293 -0.129011
0.381311 0.726528 0.0703298 -0.137654
0.393227 0.749232 0.0749969 -0.146595
0.405143 0.771936 0.0798331 -0.155836
0.417059 0.79464 0.0848405 -0.16538
0.428975 0.817344 0.0900215 -0.175229
0.440891 0.840048 0.0953787 -0.185385
0.452807 0.862752 0.100914 -0.195852
0.464723 0.885456 0.106631 -0.206631
0 0 0 -0
0.0105234 0.023382 6.57499e-05 -0.000131496
0.0210468 0.0467641 0.000263044 -0.000526029
0.0315702 0.0701461 0.000592016 -0.00118373
0.0420936 0.0935282 0.00105289 -0.00210483
0.052617 0.11691 0.00164597 -0.00328962
0.0631404 0.140292 0.00237166 -0.00473852
0.0736638 0.163674 0.00323045 -0.00645201
0.0841872 0.187056 0.00422291 -0.00843067
0.0947106 0.210438 0.00534971 -0.0106752
0.105234 0.23382 0.00661161 -0.0131862
0.115757 0.257203 0.00800945 -0.0159647
0.126281 0.280585 0.00954416 -0.0190116
0.136804 0.303967 0.0112168 -0.0223279
0.147328 0.327349 0.0130284 -0.0259146
0.157851 0.350731 0.0149802 -0.0297731
0.168374 0.374113 0.0170735 -0.0339045
0.178898 0.397495 0.0193096 -0.0383103
0.189421 0.420877 0.0216901 -0.0429919
0.199945 0.444259 0.0242165 -0.0479509
0.210468 0.467641 0.0268904 -0.0531888
0.220992 0.491023 0.0297135 -0.0587076
0.231515 0.514405 0.0326877 -0.0645089
0.242038 0.537787 0.0358149 -0.0705947
0.252562 0.561169 0.0390971 -0.0769669
0.263085 0.584551 0.0425364 -0.0836278
0.273609 0.607933 0.0461349 -0.0905793
0.284132 0.631315 0.0498949 -0.0978239
0.294655 0.654697 0.0538188 -0.105364
0.305179 0.678079 0.0579089 -0.113201
0.315702 0.701461 0.0621679 -0.12134
0.326226 0.724843 0.0665984 -0.12978
0.336749 0.748226 0.071203 -0.138527
0.347272 0.771608 0.0759846 -0.147582
0.357796 0.79499 0.080946 -0.156949
0.368319 0.818372 0.0860902 -0.166629
0.378843 0.841754 0.0914203 -0.176627
0.389366 0.865136 0.0969394 -0.186946
0.399889 0.888518 0.102651 -0.197588
0.410413 0.9119 0.108558 -0.208558
0 0 0 -0
0.00909243 0.0239748 6.57504e-05 -0.000131497
0.0181849 0.0479496 0.000263052 -0.000526037
0.0272773 0.0719243 0.000592056 -0.00118377
0.0363697 0.0958991 0.00105301 -0.00210495
0.0454622 0.119874 0.00164628 -0.00328993
0.0545546 0.143849 0.0023723 -0.00473917
0.063647 0.167823 0.00323164 -0.00645321
0.0727395 0.191798 0.00422495 -0.00843271
0.0818319 0.215773 0.00535298 -0.0106784
0.0909243 0.239748 0.00661659 -0.0131912
0.100017 0.263723 0.00801674 -0.015972
0.109109 0.287697 0.00955448 -0.0190219
0.118202 0.311672 0.011231 -0.0223421
0.127294 0.335647 0.0130475 -0.0259337
0.136386 0.359622 0.0150054 -0.0297983
0.145479 0.383596 0.0171061 -0.0339371
0.154571 0.407571 0.0193512 -0.0383518
0.163664 0.431546 0.0217424 -0.0430441
0.172756 0.455521 0.0242813 -0.0480157
0.181849 0.479496 0.02697 -0.0532685
0.190941 0.50347 0.0298103 -0.0588044
0.200034 0.527445 0.0328043 -0.0646255
0.209126 0.55142 0.0359542 -0.070734
0.218218 0.575395 0.0392623 -0.0771321
0.227311 0.599369 0.0427308 -0.0838222
0.236403 0.623344 0.0463624 -0.0908068
0.245496 0.647319 0.0501594 -0.0980884
0.254588 0.671294 0.0541247 -0.10567
0.263681 0.695268 0.058261 -0.113554
0.272773 0.719243 0.0625711 -0.121743
0.281865 0.743218 0.0670581 -0.13024
0.290958 0.767193 0.071725 -0.139049
0.30005 0.791168 0.0765749 -0.148173
0.309143 0.815142 0.0816112 -0.157614
0.318235 0.839117 0.0868372 -0.167376
0.327328 0.863092 0.0922564 -0.177463
0.33642 0.887067 0.0978724 -0.187879
0.345512 0.911041 0.103689 -0.198626
0.354605 0.935016 0.109709 -0.209709
0 0 0 -0
0.00762828 0.02448 6.57505e-05 -0.000131497
0.0152566 0.04896 0.000263054 -0.000526039
0.0228849 0.0734401 0.000592065 -0.00118378
0.0305131 0.0979201 0.00105304 -0.00210498
0.0381414 0.1224 0.00164635 -0.00329001
0.0457697 0.14688 0.00237246 -0.00473932
0.053398 0.17136 0.00323192 -0.00645349
0.0610263 0.19584 0.00422543 -0.00843319
0.0686546 0.22032 0.00535375 -0.0106792
0.0762828 0.2448 0.00661777 -0.0131924
0.0839111 0.26928 0.00801846 -0.0159738
0.0915394 0.29376 0.00955692 -0.0190244
0.0991677 0.31824 0.0112343 -0.0223455
0.106796 0.34272 0.013052 -0.0259383
0.114424 0.3672 0.0150113 -0.0298042
0.122053 0.39168 0.0171138 -0.0339448
0.129681 0.41616 0.019361 -0.0383617
0.137309 0.44064 0.0217547 -0.0430565
0.144937 0.46512 0.0242967 -0.0480311
0.152566 0.4896 0.0269888 -0.0532873
0.160194 0.51408 0.0298332 -0.0588273
0.167822 0.53856 0.0328319 -0.0646531
0.175451 0.563041 0.0359872 -0.0707669
0.183079 0.587521 0.0393013 -0.0771712
0.190707 0.612001 0.0427768 -0.0838682
0.198335 0.636481 0.0464161 -0.0908606
0.205964 0.660961 0.050222 -0.098151
0.213592 0.685441 0.0541971 -0.105742
0.22122 0.709921 0.0583443 -0.113637
0.228849 0.734401 0.0626665 -0.121838
0.236477 0.758881 0.0671668 -0.130349
0.244105 0.783361 0.0718484 -0.139173
0.251733 0.807841 0.0767145 -0.148312
0.259362 0.832321 0.0817685 -0.157771
0.26699 0.856801 0.0870138 -0.167553
0.274618 0.881281 0.0924541 -0.177661
0.282246 0.905761 0.098093 -0.1881
0.289875 0.930241 0.103934 -0.198872
0.297503 0.954721 0.109982 -0.209982
0 0 0 -0
0.0061363 0.0248959 6.57503e-05 -0.000131496
0.0122726 0.0497919 0.00026305 -0.000526034
0.0184089 0.0746878 0.000592043 -0.00118376
0.0245452 0.0995838 0.00105297 -0.00210491
0.0306815 0.12448 0.00164618 -0.00328984
0.0368178 0.149376 0.0023721 -0.00473897
0.0429541 0.174272 0.00323127 -0.00645283
0.0490904 0.199168 0.00422431 -0.00843207
0.0552267 0.224063 0.00535196 -0.0106774
0.061363 0.248959 0.00661504 -0.0131897
0.0674993 0.273855 0.00801447 -0.0159698
0.0736356 0.298751 0.00955126 -0.0190187
0.0797719 0.323647 0.0112265 -0.0223377
0.0859082 0.348543 0.0130415 -0.0259278
0.0920445 0.373439 0.0149975 -0.0297904
0.0981808 0.398335 0.0170959 -0.0339269
0.104317 0.423231 0.0193382 -0.0383389
0.110453 0.448127 0.0217261 -0.0430278
0.11659 0.473023 0.0242611 -0.0479955
0.122726 0.497919 0.0269452 -0.0532436
0.128862 0.522815 0.0297801 -0.0587742
0.134999 0.547711 0.032768 -0.0645891
0.141135 0.572607 0.0359108 -0.0706905
0.147271 0.597503 0.0392108 -0.0770806
0.153407 0.622399 0.0426702 -0.0837616
0.159544 0.647295 0.0462914 -0.0907358
0.16568 0.67219 0.0500769 -0.0980059
0.171816 0.697086 0.0540293 -0.105574
0.177953 0.721982 0.0581512 -0.113444
0.184089 0.746878 0.0624453 -0.121617
0.190225 0.771774 0.0669147 -0.130097
0.196362 0.79667 0.0715621 -0.138886
0.202498 0.821566 0.0763907 -0.147988
0.208634 0.846462 0.0814037 -0.157406
0.21477 0.871358 0.0866041 -0.167143
0.220907 0.896254 0.0919956 -0.177203
0.227043 0.92115 0.0975813 -0.187588
0.233179 0.946046 0.103365 -0.198303
0.239316 0.970942 0.10935 -0.20935
0 0 0 -0
0.00462192 0.025221 6.57496e-05 -0.000131496
0.00924385 0.050442 0.000263039 -0.000526024
0.0138658 0.0756631 0.000591992 -0.00118371
0.0184877 0.100884 0.00105281 -0.00210475
0.0231096 0.126105 0.00164578 -0.00328944
0.0277315 0.151326 0.00237127 -0.00473814
0.0323535 0.176547 0.00322973 -0.0064513
0.0369754 0.201768 0.0042217 -0.00842945
0.0415973 0.226989 0.00534777 -0.0106732
0.0462192 0.25221 0.00660865 -0.0131833
0.0508412 0.277431 0.00800511 -0.0159604
0.0554631 0.302652 0.00953801 -0.0190055
0.060085 0.327873 0.0112083 -0.0223194
0.0647069 0.353094 0.013017 -0.0259032
0.0693289 0.378315 0.0149652 -0.0297581
0.0739508 0.403536 0.017054 -0.0338851
0.0785727 0.428757 0.0192849 -0.0382855
0.0831946 0.453978 0.021659 -0.0429607
0.0878166 0.479199 0.0241778 -0.0479122
0.0924385 0.50442 0.0268429 -0.0531414
0.0970604 0.529641 0.0296558 -0.0586499
0.101682 0.554863 0.0326183 -0.0644394
0.106304 0.580084 0.035732 -0.0705117
0.110926 0.605305 0.0389987 -0.0768686
0.115548 0.630526 0.0424205 -0.0835119
0.12017 0.655747 0.0459994 -0.0904438
0.124792 0.680968 0.0497373 -0.0976663
0.129414 0.706189 0.0536365 -0.105182
0.134036 0.73141 0.0576992 -0.112992
0.138658 0.756631 0.0619277 -0.121099
0.14328 0.781852 0.0663245 -0.129507
0.147902 0.807073 0.0708921 -0.138216
0.152523 0.832294 0.0756329 -0.147231
0.157145 0.857515 0.0805497 -0.156552
0.161767 0.882736 0.0856452 -0.166184
0.166389 0.907957 0.0909222 -0.176129
0.171011 0.933178 0.0963837 -0.18639
0.175633 0.958399 0.102033 -0.19697
0.180255 0.98362 0.107872 -0.207872
0 0 0 -0
0.00309068 0.0254541 6.57487e-05 -0.000131495
0.00618137 0.0509081 0.000263024 -0.000526009
0.00927205 0.0763622 0.000591915 -0.00118363
0.0123627 0.101816 0.00105257 -0.00210451
0.0154534 0.12727 0.00164519 -0.00328885
0.0185441 0.152724 0.00237005 -0.00473691
0.0216348 0.178179 0.00322746 -0.00644903
0.0247255 0.203633 0.00421782 -0.00842557
0.0278162 0.229087 0.00534155 -0.010667
0.0309068 0.254541 0.00659918 -0.0131738
0.0339975 0.279995 0.00799124 -0.0159465
0.0370882 0.305449 0.00951837 -0.0189858
0.0401789 0.330903 0.0111812 -0.0222924
0.0432696 0.356357 0.0129806 -0.0258668
0.0463603 0.381811 0.0149172 -0.0297101
0.0494509 0.407265 0.016992 -0.033823
0.0525416 0.432719 0.0192057 -0.0382064
0.0556323 0.458173 0.0215595 -0.0428613
0.058723 0.483627 0.0240544 -0.0477888
0.0618137 0.509081 0.0266914 -0.0529899
0.0649044 0.534536 0.0294716 -0.0584657
0.0679951 0.55999 0.0323964 -0.0642176
0.0710857 0.585444 0.0354669 -0.0702466
0.0741764 0.610898 0.0386845 -0.0765543
0.0772671 0.636352 0.0420506 -0.083142
0.0803578 0.661806 0.0455665 -0.090011
0.0834485 0.68726 0.0492339 -0.0971629
0.0865392 0.712714 0.0530543 -0.104599
0.0896298 0.738168 0.0570293 -0.112322
0.0927205 0.763622 0.0611606 -0.120332
0.0958112 0.789076 0.0654498 -0.128632
0.0989019 0.81453 0.0698989 -0.137223
0.101993 0.839984 0.0745097 -0.146107
0.105083 0.865439 0.079284 -0.155287
0.108174 0.890893 0.0842239 -0.164763
0.111265 0.916347 0.0893314 -0.174538
0.114355 0.941801 0.0946086 -0.184615
0.117446 0.967255 0.100058 -0.194995
0.120537 0.992709 0.105681 -0.205681
0 0 0 -0
0.00154817 0.0255942 6.57475e-05 -0.000131494
0.00309633 0.0511885 0.000263005 -0.00052599
0.0046445 0.0767827 0.00059182 -0.00118354
0.00619267 0.102377 0.00105227 -0.00210421
0.00774083 0.127971 0.00164446 -0.00328811
0.009289 0.153565 0.00236853 -0.00473539
0.0108372 0.17916 0.00322465 -0.00644622
0.0123853 0.204754 0.00421303 -0.00842078
0.0139335 0.230348 0.00533388 -0.0106593
0.0154817 0.255942 0.00658748 -0.0131621
0.0170298 0.281537 0.00797412 -0.0159294
0.018578 0.307131 0.00949412 -0.0189616
0.0201262 0.332725 0.0111478 -0.022259
0.0216743 0.358319 0.0129357 -0.0258219
0.0232225 0.383914 0.014858 -0.0296509
0.0247707 0.409508 0.0169153 -0.0337463
0.0263188 0.435102 0.0191081 -0.0381087
0.027867 0.460696 0.0214368 -0.0427385
0.0294152 0.486291 0.023902 -0.0476364
0.0309633 0.511885 0.0265042 -0.0528027
0.0325115 0.537479 0.0292442 -0.0582383
0.0340597 0.563073 0.0321224 -0.0639436
0.0356078 0.588668 0.0351396 -0.0699194
0.037156 0.614262 0.0382965 -0.0761663
0.0387042 0.639856 0.0415937 -0.0826851
0.0402523 0.66545 0.0450321 -0.0894765
0.0418005 0.691045 0.0486124 -0.0965414
0.0433487 0.716639 0.0523355 -0.103881
0.0448968 0.742233 0.0562021 -0.111495
0.046445 0.767827 0.0602132 -0.119385
0.0479932 0.793422 0.0643697 -0.127552
0.0495413 0.819016 0.0686726 -0.135997
0.0510895 0.84461 0.0731227 -0.14472
0.0526377 0.870204 0.0777211 -0.153724
0.0541858 0.895799 0.0824689 -0.163008
0.055734 0.921393 0.087367 -0.172574
0.0572822 0.946987 0.0924167 -0.182423
0.0588303 0.972581 0.097619 -0.192557
0.0603785 0.998176 0.102975 -0.202975
-0 0 0 0
-4.12339e-18 0.025641 6.57462e-05 -0.000131492
-8.24678e-18 0.0512821 0.000262985 -0.00052597
-1.23702e-17 0.0769231 0.000591716 -0.00118343
-1.64936e-17 0.102564 0.00105194 -0.00210388
-2.0617e-17 0.128205 0.00164366 -0.00328731
-2.47403e-17 0.153846 0.00236686 -0.00473373
-2.88637e-17 0.179487 0.00322156 -0.00644313
-3.29871e-17 0.205128 0.00420776 -0.00841552
-3.71105e-17 0.230769 0.00532544 -0.0106509
-4.12339e-17 0.25641 0.00657462 -0.0131492
-4.53573e-17 0.282051 0.00795529 -0.0159106
-4.94807e-17 0.307692 0.00946746 -0.0189349
-5.36041e-17 0.333333 0.0111111 -0.0222222
-5.77275e-17 0.358974 0.0128863 -0.0257725
-6.18509e-17 0.384615 0.0147929 -0.0295858
-6.59743e-17 0.410256 0.016831 -0.0336621
-7.00977e-17 0.435897 0.0190007 -0.0380013
-7.4221e-17 0.461538 0.0213018 -0.0426036
-7.83444e-17 0.487179 0.0237344 -0.0474688
-8.24678e-17 0.512821 0.0262985 -0.052597
-8.65912e-17 0.538462 0.0289941 -0.0579882
-9.07146e-17 0.564103 0.0318212 -0.0636423
-9.4838e-17 0.589744 0.0347798 -0.0695595
-9.89614e-17 0.615385 0.0378698 -0.0757396
-1.03085e-16 0.641026 0.0410914 -0.0821828
-1.07208e-16 0.666667 0.0444444 -0.0888889
-1.11332e-16 0.692308 0.047929 -0.095858
-1.15455e-16 0.717949 0.051545 -0.10309
-1.19578e-16 0.74359 0.0552926 -0.110585
-1.23702e-16 0.769231 0.0591716 -0.118343
-1.27825e-16 0.794872 0.0631821 -0.126364
-1.31949e-16 0.820513 0.0673241 -0.134648
-1.36072e-16 0.846154 0.0715976 -0.143195
-1.40195e-16 0.871795 0.0760026 -0.152005
-1.44319e-16 0.897436 0.0805391 -0.161078
-1.48442e-16 0.923077 0.0852071 -0.170414
-1.52565e-16 0.948718 0.0900066 -0.180013
-1.56689e-16 0.974359 0.0949375 -0.189875
-1.60812e-16 1 0.1 -0.2
-0 0 0 0
-0.00154817 0.0255942 6.57449e-05 -0.000131491
-0.00309633 0.0511885 0.000262964 -0.000525949
-0.0046445 0.0767827 0.000591612 -0.00118333
-0.00619267 0.102377 0.00105161 -0.00210355
-0.00774083 0.127971 0.00164285 -0.00328651
-0.009289 0.153565 0.0023652 -0.00473206
-0.0108372 0.17916 0.00321848 -0.00644004
-0.0123853 0.204754 0.00420249 -0.00841025
-0.0139335 0.230348 0.00531701 -0.0106425
-0.0154817 0.255942 0.00656176 -0.0131364
-0.0170298 0.281537 0.00793646 -0.0158918
-0.018578 0.307131 0.00944079 -0.0189082
-0.0201262 0.332725 0.0110744 -0.0221855
-0.0216743 0.358319 0.0128369 -0.0257231
-0.0232225 0.383914 0.0147278 -0.0295207
-0.0247707 0.409508 0.0167468 -0.0335778
-0.0263188 0.435102 0.0188933 -0.0378939
-0.027867 0.460696 0.0211668 -0.0424686
-0.0294152 0.486291 0.0235668 -0.0473012
-0.0309633 0.511885 0.0260927 -0.0523912
-0.0325115 0.537479 0.028744 -0.0577381
-0.0340597 0.563073 0.0315199 -0.0633411
-0.0356078 0.588668 0.0344199 -0.0691996
-0.037156 0.614262 0.0374432 -0.075313
-0.0387042 0.639856 0.0405891 -0.0816804
-0.0402523 0.66545 0.0438568 -0.0883012
-0.0418005 0.691045 0.0472456 -0.0951746
-0.0433487 0.716639 0.0507546 -0.1023
-0.0448968 0.742233 0.054383 -0.109676
-0.046445 0.767827 0.05813 -0.117302
-0.0479932 0.793422 0.0619945 -0.125177
-0.0495413 0.819016 0.0659757 -0.1333
-0.0510895 0.84461 0.0700726 -0.14167
-0.0526377 0.870204 0.0742841 -0.150287
-0.0541858 0.895799 0.0786094 -0.159148
-0.055734 0.921393 0.0830472 -0.168254
-0.0572822 0.946987 0.0875964 -0.177603
-0.0588303 0.972581 0.0922561 -0.187194
-0.0603785 0.998176 0.097025 -0.197025
-0 0 0 0
-0.00309068 0.0254541 6.57438e-05 -0.00013149
-0.00618137 0.0509081 0.000262946 -0.00052593
-0.00927205 0.0763622 0.000591517 -0.00118323
-0.0123627 0.101816 0.00105131 -0.00210325
-0.0154534 0.12727 0.00164212 -0.00328578
-0.0185441 0.152724 0.00236368 -0.00473055
-0.0216348 0.178179 0.00321567 -0.00643723
-0.0247255 0.203633 0.0041977 -0.00840546
-0.0278162 0.229087 0.00530933 -0.0106348
-0.0309068 0.254541 0.00655007 -0.0131247
-0.0339975 0.279995 0.00791934 -0.0158746
-0.0370882 0.305449 0.00941654 -0.018884
-0.0401789 0.330903 0.011041 -0.0221521
-0.0432696 0.356357 0.0127919 -0.0256782
-0.0463603 0.381811 0.0146686 -0.0294615
-0.0494509 0.407265 0.0166701 -0.0335011
-0.0525416 0.432719 0.0187956 -0.0377962
-0.0556323 0.458173 0.021044 -0.0423458
-0.058723 0.483627 0.0234144 -0.0471488
-0.0618137 0.509081 0.0259056 -0.0522041
-0.0649044 0.534536 0.0285165 -0.0575106
-0.0679951 0.55999 0.031246 -0.0630671
-0.0710857 0.585444 0.0340926 -0.0688724
-0.0741764 0.610898 0.0370551 -0.074925
-0.0772671 0.636352 0.0401322 -0.0812236
-0.0803578 0.661806 0.0433223 -0.0877668
-0.0834485 0.68726 0.046624 -0.094553
-0.0865392 0.712714 0.0500358 -0.101581
-0.0896298 0.738168 0.0535558 -0.108848
-0.0927205 0.763622 0.0571826 -0.116354
-0.0958112 0.789076 0.0609144 -0.124097
-0.0989019 0.81453 0.0647494 -0.132073
-0.101993 0.839984 0.0686856 -0.140283
-0.105083 0.865439 0.0727213 -0.148724
-0.108174 0.890893 0.0768543 -0.157393
-0.111265 0.916347 0.0810828 -0.16629
-0.114355 0.941801 0.0854046 -0.175411
-0.117446 0.967255 0.0898175 -0.184755
-0.120537 0.992709 0.0943194 -0.194319
-0 0 0 0
-0.00462192 0.025221 6.57428e-05 -0.000131489
-0.00924385 0.050442 0.00026293 -0.000525915
-0.0138658 0.0756631 0.00059144 -0.00118316
-0.0184877 0.100884 0.00105107 -0.00210301
-0.0231096 0.126105 0.00164153 -0.00328518
-0.0277315 0.151326 0.00236245 -0.00472932
-0.0323535 0.176547 0.00321339 -0.00643496
-0.0369754 0.201768 0.00419382 -0.00840158
-0.0415973 0.226989 0.00530312 -0.0106286
-0.0462192 0.25221 0.0065406 -0.0131152
-0.0508412 0.277431 0.00790547 -0.0158608
-0.0554631 0.302652 0.0093969 -0.0188644
-0.060085 0.327873 0.0110139 -0.022125
-0.0647069 0.353094 0.0127555 -0.0256418
-0.0693289 0.378315 0.0146206 -0.0294135
-0.0739508 0.403536 0.016608 -0.0334391
-0.0785727 0.428757 0.0187165 -0.0377171
-0.0831946 0.453978 0.0209446 -0.0422464
-0.0878166 0.479199 0.0232909 -0.0470253
-0.0924385 0.50442 0.0257541 -0.0520526
-0.0970604 0.529641 0.0283323 -0.0573264
-0.101682 0.554863 0.0310241 -0.0628452
-0.106304 0.580084 0.0338275 -0.0686073
-0.110926 0.605305 0.0367409 -0.0746107
-0.115548 0.630526 0.0397622 -0.0808536
-0.12017 0.655747 0.0428895 -0.087334
-0.124792 0.680968 0.0461207 -0.0940497
-0.129414 0.706189 0.0494536 -0.100999
-0.134036 0.73141 0.0528859 -0.108179
-0.138658 0.756631 0.0564154 -0.115587
-0.14328 0.781852 0.0600397 -0.123222
-0.147902 0.807073 0.0637562 -0.13108
-0.152523 0.832294 0.0675624 -0.13916
-0.157145 0.857515 0.0714555 -0.147458
-0.161767 0.882736 0.075433 -0.155972
-0.166389 0.907957 0.079492 -0.164699
-0.171011 0.933178 0.0836295 -0.173636
-0.175633 0.958399 0.0878425 -0.18278
-0.180255 0.98362 0.0921282 -0.192128
-0 0 0 0
-0.0061363 0.0248959 6.57422e-05 -0.000131488
-0.0122726 0.0497919 0.00026292 -0.000525905
-0.0184089 0.0746878 0.000591389 -0.0011831
-0.0245452 0.0995838 0.0010509 -0.00210284
-0.0306815 0.12448 0.00164113 -0.00328478
-0.0368178 0.149376 0.00236163 -0.00472849
-0.0429541 0.174272 0.00321186 -0.00643343
-0.0490904 0.199168 0.0041912 -0.00839896
-0.0552267 0.224063 0.00529893 -0.0106244
-0.061363 0.248959 0.00653421 -0.0131088
-0.0674993 0.273855 0.00789612 -0.0158514
-0.0736356 0.298751 0.00938365 -0.0188511
-0.0797719 0.323647 0.0109957 -0.0221068
-0.0859082 0.348543 0.012731 -0.0256173
-0.0920445 0.373439 0.0145883 -0.0293812
-0.0981808 0.398335 0.0165662 -0.0333972
-0.104317 0.423231 0.0186631 -0.0376638
-0.110453 0.448127 0.0208775 -0.0421793
-0.11659 0.473023 0.0232077 -0.0469421
-0.122726 0.497919 0.0256518 -0.0519503
-0.128862 0.522815 0.0282081 -0.0572021
-0.134999 0.547711 0.0308744 -0.0626956
-0.141135 0.572607 0.0336487 -0.0684285
-0.147271 0.597503 0.0365289 -0.0743987
-0.153407 0.622399 0.0395126 -0.080604
-0.159544 0.647295 0.0425975 -0.0870419
-0.16568 0.67219 0.0457811 -0.0937101
-0.171816 0.697086 0.0490608 -0.100606
-0.177953 0.721982 0.052434 -0.107727
-0.184089 0.746878 0.0558978 -0.115069
-0.190225 0.771774 0.0594496 -0.122632
-0.196362 0.79667 0.0630861 -0.13041
-0.202498 0.821566 0.0668045 -0.138402
-0.208634 0.846462 0.0706016 -0.146604
-0.21477 0.871358 0.0744741 -0.155013
-0.220907 0.896254 0.0784186 -0.163626
-0.227043 0.92115 0.0824318 -0.172438
-0.233179 0.946046 0.0865101 -0.181448
-0.239316 0.970942 0.0906498 -0.19065
-0 0 0 0
-0.00762828 0.02448 6.57419e-05 -0.000131488
-0.0152566 0.04896 0.000262916 -0.000525901
-0.0228849 0.0734401 0.000591366 -0.00118308
-0.0305131 0.0979201 0.00105083 -0.00210277
-0.0381414 0.1224 0.00164096 -0.00328461
-0.0457697 0.14688 0.00236127 -0.00472814
-0.053398 0.17136 0.00321121 -0.00643277
-0.0610263 0.19584 0.00419009 -0.00839784
-0.0686546 0.22032 0.00529714 -0.0106226
-0.0762828 0.2448 0.00653148 -0.0131061
-0.0839111 0.26928 0.00789212 -0.0158474
-0.0915394 0.29376 0.00937799 -0.0188454
-0.0991677 0.31824 0.0109879 -0.022099
-0.106796 0.34272 0.0127205 -0.0256068
-0.114424 0.3672 0.0145745 -0.0293674
-0.122053 0.39168 0.0165483 -0.0333793
-0.129681 0.41616 0.0186403 -0.0376409
-0.137309 0.44064 0.0208488 -0.0421506
-0.144937 0.46512 0.0231721 -0.0469065
-0.152566 0.4896 0.0256081 -0.0519066
-0.160194 0.51408 0.028155 -0.057149
-0.167822 0.53856 0.0308104 -0.0626316
-0.175451 0.563041 0.0335723 -0.0683521
-0.183079 0.587521 0.0364383 -0.0743081
-0.190707 0.612001 0.039406 -0.0804974
-0.198335 0.636481 0.0424727 -0.0869172
-0.205964 0.660961 0.045636 -0.093565
-0.213592 0.685441 0.048893 -0.100438
-0.22122 0.709921 0.0522409 -0.107533
-0.228849 0.734401 0.0556767 -0.114848
-0.236477 0.758881 0.0591974 -0.12238
-0.244105 0.783361 0.0627999 -0.130124
-0.251733 0.807841 0.0664808 -0.138078
-0.259362 0.832321 0.0702368 -0.146239
-0.26699 0.856801 0.0740644 -0.154604
-0.274618 0.881281 0.0779601 -0.163167
-0.282246 0.905761 0.0819202 -0.171927
-0.289875 0.930241 0.0859408 -0.180878
-0.297503 0.954721 0.0900182 -0.190018
-0 0 0 0
-0.00909243 0.0239748 6.5742e-05 -0.000131488
-0.0181849 0.0479496 0.000262918 -0.000525903
-0.0272773 0.0719243 0.000591376 -0.00118309
-0.0363697 0.0958991 0.00105087 -0.0021028
-0.0454622 0.119874 0.00164103 -0.00328469
-0.0545546 0.143849 0.00236142 -0.00472829
-0.063647 0.167823 0.00321149 -0.00643305
-0.0727395 0.191798 0.00419057 -0.00839833
-0.0818319 0.215773 0.00529791 -0.0106234
-0.0909243 0.239748 0.00653265 -0.0131073
-0.100017 0.263723 0.00789384 -0.0158491
-0.109109 0.287697 0.00938043 -0.0188479
-0.118202 0.311672 0.0109912 -0.0221024
-0.127294 0.335647 0.012725 -0.0256113
-0.136386 0.359622 0.0145804 -0.0293733
-0.145479 0.383596 0.016556 -0.033387
-0.154571 0.407571 0.0186501 -0.0376508
-0.163664 0.431546 0.0208612 -0.042163
-0.172756 0.455521 0.0231874 -0.0469218
-0.181849 0.479496 0.025627 -0.0519255
-0.190941 0.50347 0.0281779 -0.0571719
-0.200034 0.527445 0.030838 -0.0626592
-0.209126 0.55142 0.0336053 -0.068385
-0.218218 0.575395 0.0364774 -0.0743472
-0.227311 0.599369 0.0394519 -0.0805433
-0.236403 0.623344 0.0425265 -0.086971
-0.245496 0.647319 0.0456986 -0.0936276
-0.254588 0.671294 0.0489653 -0.10051
-0.263681 0.695268 0.0523241 -0.107617
-0.272773 0.719243 0.0557721 -0.114944
-0.281865 0.743218 0.0593061 -0.122488
-0.290958 0.767193 0.0629233 -0.130247
-0.30005 0.791168 0.0666204 -0.138218
-0.309143 0.815142 0.0703941 -0.146397
-0.318235 0.839117 0.0742411 -0.15478
-0.327328 0.863092 0.0781578 -0.163365
-0.33642 0.887067 0.0821408 -0.172147
-0.345512 0.911041 0.0861863 -0.181124
-0.354605 0.935016 0.0902906 -0.190291
-0 0 0 0
-0.0105234 0.023382 6.57425e-05 -0.000131489
-0.0210468 0.0467641 0.000262926 -0.000525911
-0.0315702 0.0701461 0.000591416 -0.00118313
-0.0420936 0.0935282 0.00105099 -0.00210293
-0.052617 0.11691 0.00164134 -0.003285
-0.0631404 0.140292 0.00236207 -0.00472893
-0.0736638 0.163674 0.00321268 -0.00643425
-0.0841872 0.187056 0.00419261 -0.00840036
-0.0947106 0.210438 0.00530117 -0.0106266
-0.105234 0.23382 0.00653763 -0.0131123
-0.115757 0.257203 0.00790113 -0.0158564
-0.126281 0.280585 0.00939075 -0.0188582
-0.136804 0.303967 0.0110055 -0.0221166
-0.147328 0.327349 0.0127442 -0.0256304
-0.157851 0.350731 0.0146056 -0.0293985
-0.168374 0.374113 0.0165886 -0.0334196
-0.178898 0.397495 0.0186917 -0.0376924
-0.189421 0.420877 0.0209135 -0.0422152
-0.199945 0.444259 0.0232523 -0.0469867
-0.210468 0.467641 0.0257066 -0.0520051
-0.220992 0.491023 0.0282747 -0.0572687
-0.231515 0.514405 0.0309546 -0.0627758
-0.242038 0.537787 0.0337446 -0.0685243
-0.252562 0.561169 0.0366425 -0.0745123
-0.263085 0.584551 0.0396464 -0.0807378
-0.273609 0.607933 0.042754 -0.0871985
-0.284132 0.631315 0.0459631 -0.0938921
-0.294655 0.654697 0.0492713 -0.100816
-0.305179 0.678079 0.0526762 -0.107969
-0.315702 0.701461 0.0561753 -0.115347
-0.326226 0.724843 0.0597659 -0.122948
-0.336749 0.748226 0.0634453 -0.130769
-0.347272 0.771608 0.0672107 -0.138808
-0.357796 0.79499 0.0710593 -0.147062
-0.368319 0.818372 0.0749881 -0.155527
-0.378843 0.841754 0.0789939 -0.164201
-0.389366 0.865136 0.0830737 -0.17308
-0.399889 0.888518 0.0872243 -0.182162
-0.410413 0.9119 0.0914422 -0.191442
-0 0 0 0
-0.011916 0.022704 6.57434e-05 -0.00013149
-0.023832 0.045408 0.000262939 -0.000525924
-0.0357479 0.068112 0.000591484 -0.0011832
-0.0476639 0.090816 0.00105121 -0.00210315
-0.0595799 0.11352 0.00164186 -0.00328552
-0.0714959 0.136224 0.00236315 -0.00473001
-0.0834119 0.158928 0.00321468 -0.00643625
-0.0953278 0.181632 0.00419602 -0.00840378
-0.107244 0.204336 0.00530664 -0.0106321
-0.11916 0.22704 0.00654596 -0.0131206
-0.131076 0.249744 0.00791333 -0.0158686
-0.142992 0.272448 0.00940802 -0.0188755
-0.154908 0.295152 0.0110292 -0.0221404
-0.166824 0.317856 0.0127761 -0.0256624
-0.17874 0.34056 0.0146478 -0.0294407
-0.190656 0.363264 0.0166432 -0.0334742
-0.202572 0.385968 0.0187613 -0.0377619
-0.214488 0.408672 0.0210009 -0.0423026
-0.226404 0.431376 0.0233608 -0.0470952
-0.23832 0.45408 0.0258399 -0.0521384
-0.250236 0.476784 0.0284366 -0.0574307
-0.262152 0.499488 0.0311497 -0.0629709
-0.274068 0.522192 0.0339776 -0.0687574
-0.285983 0.544896 0.0369188 -0.0747886
-0.297899 0.5676 0.0399717 -0.0810631
-0.309815 0.590304 0.0431346 -0.087579
-0.321731 0.613008 0.0464057 -0.0943347
-0.333647 0.635712 0.0497832 -0.101328
-0.345563 0.658416 0.0532652 -0.108558
-0.357479 0.68112 0.0568498 -0.116021
-0.369395 0.703824 0.0605349 -0.123717
-0.381311 0.726528 0.0643185 -0.131643
-0.393227 0.749232 0.0681983 -0.139796
-0.405143 0.771936 0.0721722 -0.148175
-0.417059 0.79464 0.0762377 -0.156777
-0.428975 0.817344 0.0803927 -0.1656
-0.440891 0.840048 0.0846345 -0.174641
-0.452807 0.862752 0.0889607 -0.183898
-0.464723 0.885456 0.0933688 -0.193369
-0 0 0 0
-0.0132651 0.0219431 6.57444e-05 -0.000131491
-0.0265301 0.0438862 0.000262956 -0.000525941
-0.0397952 0.0658293 0.000591572 -0.00118329
-0.0530603 0.0877724 0.00105149 -0.00210342
-0.0663254 0.109716 0.00164255 -0.0032862
-0.0795904 0.131659 0.00236456 -0.00473143
-0.0928555 0.153602 0.00321731 -0.00643887
-0.106121 0.175545 0.00420049 -0.00840825
-0.119386 0.197488 0.0053138 -0.0106392
-0.132651 0.219431 0.00655688 -0.0131315
-0.145916 0.241374 0.00792932 -0.0158846
-0.159181 0.263317 0.00943067 -0.0188981
-0.172446 0.28526 0.0110604 -0.0221716
-0.185711 0.307204 0.0128181 -0.0257044
-0.198976 0.329147 0.0147031 -0.029496
-0.212241 0.35109 0.0167148 -0.0335458
-0.225506 0.373033 0.0188525 -0.0378531
-0.238771 0.394976 0.0211155 -0.0424173
-0.252036 0.416919 0.0235032 -0.0472376
-0.265301 0.438862 0.0260146 -0.0523131
-0.278567 0.460805 0.0286491 -0.0576431
-0.291832 0.482748 0.0314056 -0.0632268
-0.305097 0.504692 0.0342833 -0.0690631
-0.318362 0.526635 0.0372812 -0.0751511
-0.331627 0.548578 0.0403984 -0.0814898
-0.344892 0.570521 0.0436338 -0.0880782
-0.358157 0.592464 0.0469862 -0.0949152
-0.371422 0.614407 0.0504546 -0.102
-0.384687 0.63635 0.0540378 -0.10933
-0.397952 0.658293 0.0577346 -0.116906
-0.411217 0.680236 0.0615438 -0.124726
-0.424482 0.70218 0.0654639 -0.132788
-0.437747 0.724123 0.0694938 -0.141091
-0.451012 0.746066 0.0736319 -0.149635
-0.464278 0.768009 0.077877 -0.158416
-0.477543 0.789952 0.0822274 -0.167435
-0.490808 0.811895 0.0866817 -0.176688
-0.504073 0.833838 0.0912384 -0.186176
-0.517338 0.855781 0.0958959 -0.195896
-0 0 0 0
-0.0145658 0.0211022 6.57457e-05 -0.000131492
-0.0291315 0.0422043 0.000262977 -0.000525961
-0.0436973 0.0633065 0.000591674 -0.00118339
-0.0582631 0.0844086 0.00105181 -0.00210375
-0.0728288 0.105511 0.00164333 -0.00328699
-0.0873946 0.126613 0.00236619 -0.00473305
-0.10196 0.147715 0.00322031 -0.00644188
-0.116526 0.168817 0.00420562 -0.00841338
-0.131092 0.189919 0.00532203 -0.0106475
-0.145658 0.211022 0.00656941 -0.013144
-0.160223 0.232124 0.00794766 -0.015903
-0.174789 0.253226 0.00945665 -0.0189241
-0.189355 0.274328 0.0110962 -0.0222073
-0.203921 0.29543 0.0128662 -0.0257525
-0.218486 0.316532 0.0147665 -0.0295594
-0.233052 0.337634 0.0167969 -0.0336279
-0.247618 0.358737 0.0189571 -0.0379578
-0.262184 0.379839 0.0212471 -0.0425489
-0.276749 0.400941 0.0236665 -0.0474009
-0.291315 0.422043 0.0262151 -0.0525136
-0.305881 0.443145 0.0288928 -0.0578868
-0.320447 0.464247 0.0316991 -0.0635203
-0.335013 0.485349 0.0346339 -0.0694137
-0.349578 0.506452 0.037697 -0.0755668
-0.364144 0.527554 0.0408879 -0.0819792
-0.37871 0.548656 0.0442063 -0.0886508
-0.393276 0.569758 0.0476521 -0.0955811
-0.407841 0.59086 0.0512248 -0.10277
-0.422407 0.611962 0.0549241 -0.110217
-0.436973 0.633065 0.0587496 -0.117921
-0.451539 0.654167 0.0627009 -0.125883
-0.466104 0.675269 0.0667778 -0.134102
-0.48067 0.696371 0.0709797 -0.142577
-0.495236 0.717473 0.0753064 -0.151309
-0.509802 0.738575 0.0797573 -0.160296
-0.524367 0.759677 0.084332 -0.169539
-0.538933 0.78078 0.0890301 -0.179037
-0.553499 0.801882 0.0938511 -0.188789
-0.568065 0.822984 0.0987946 -0.198795
-0 0 0 -0
-0.0158133 0.0201842 6.5747e-05 -0.000131493
-0.0316266 0.0403684 0.000262997 -0.000525982
-0.0474399 0.0605526 0.000591779 -0.0011835
-0.0632532 0.0807368 0.00105214 -0.00210408
-0.0790665 0.100921 0.00164414 -0.0032878
-0.0948798 0.121105 0.00236787 -0.00473474
-0.110693 0.141289 0.00322344 -0.006445
-0.126506 0.161474 0.00421095 -0.00841871
-0.14232 0.181658 0.00533056 -0.010656
-0.158133 0.201842 0.00658241 -0.013157
-0.173946 0.222026 0.0079667 -0.015922
-0.18976 0.24221 0.00948361 -0.0189511
-0.205573 0.262394 0.0111334 -0.0222445
-0.221386 0.282579 0.0129162 -0.0258025
-0.2372 0.302763 0.0148323 -0.0296252
-0.253013 0.322947 0.0168821 -0.0337131
-0.268826 0.343131 0.0190657 -0.0380664
-0.284639 0.363315 0.0213836 -0.0426853
-0.300453 0.3835 0.0238359 -0.0475703
-0.316266 0.403684 0.0264232 -0.0527216
-0.332079 0.423868 0.0291456 -0.0581397
-0.347893 0.444052 0.0320037 -0.0638249
-0.363706 0.464236 0.0349978 -0.0697775
-0.379519 0.484421 0.0381283 -0.0759982
-0.395333 0.504605 0.0413957 -0.0824871
-0.411146 0.524789 0.0448005 -0.0892449
-0.426959 0.544973 0.0483431 -0.0962721
-0.442773 0.565157 0.052024 -0.103569
-0.458586 0.585342 0.0558437 -0.111136
-0.474399 0.605526 0.0598027 -0.118974
-0.490212 0.62571 0.0639017 -0.127084
-0.506026 0.645894 0.0681411 -0.135465
-0.521839 0.666078 0.0725217 -0.144119
-0.537652 0.686263 0.0770439 -0.153046
-0.553466 0.706447 0.0817084 -0.162247
-0.569279 0.726631 0.0865158 -0.171723
-0.585092 0.746815 0.0914669 -0.181473
-0.600906 0.766999 0.0965622 -0.1915
-0.616719 0.787183 0.101803 -0.201803
-0 0 0 -0
-0.0170031 0.0191926 6.57482e-05 -0.000131494
-0.0340063 0.0383852 0.000263017 -0.000526002
-0.0510094 0.0575777 0.000591879 -0.00118359
-0.0680126 0.0767703 0.00105245 -0.00210439
-0.0850157 0.0959629 0.00164491 -0.00328857
-0.102019 0.115155 0.00236947 -0.00473633
-0.119022 0.134348 0.00322639 -0.00644795
-0.136025 0.153541 0.00421599 -0.00842374
-0.153028 0.172733 0.00533862 -0.0106641
-0.170031 0.191926 0.00659471 -0.0131693
-0.187035 0.211118 0.0079847 -0.01594
-0.204038 0.230311 0.00950911 -0.0189766
-0.221041 0.249504 0.0111685 -0.0222796
-0.238044 0.268696 0.0129634 -0.0258497
-0.255047 0.287889 0.0148946 -0.0296875
-0.27205 0.307081 0.0169627 -0.0337937
-0.289053 0.326274 0.0191684 -0.0381691
-0.306057 0.345466 0.0215127 -0.0428144
-0.32306 0.364659 0.0239962 -0.0477306
-0.340063 0.383852 0.0266199 -0.0529184
-0.357066 0.403044 0.0293848 -0.0583788
-0.374069 0.422237 0.0322917 -0.0641129
-0.391072 0.441429 0.0353419 -0.0701216
-0.408075 0.460622 0.0385363 -0.0764061
-0.425079 0.479815 0.0418761 -0.0829675
-0.442082 0.499007 0.0453624 -0.0898069
-0.459085 0.5182 0.0489966 -0.0969255
-0.476088 0.537392 0.0527798 -0.104325
-0.493091 0.556585 0.0567134 -0.112006
-0.510094 0.575777 0.0607987 -0.11997
-0.527097 0.59497 0.0650373 -0.128219
-0.544101 0.614163 0.0694305 -0.136755
-0.561104 0.633355 0.0739799 -0.145578
-0.578107 0.652548 0.0786871 -0.15469
-0.59511 0.67174 0.0835536 -0.164093
-0.612113 0.690933 0.0885811 -0.173788
-0.629116 0.710126 0.0937714 -0.183778
-0.64612 0.729318 0.0991262 -0.194064
-0.663123 0.748511 0.104647 -0.204647
-0 0 0 -0
-0.0181309 0.0181309 6.57493e-05 -0.000131495
-0.0362619 0.0362619 0.000263034 -0.000526019
-0.0543928 0.0543928 0.000591964 -0.00118368
-0.0725238 0.0725238 0.00105272 -0.00210466
-0.0906547 0.0906547 0.00164557 -0.00328922
-0.108786 0.108786 0.00237083 -0.00473769
-0.126917 0.126917 0.0032289 -0.00645047
-0.145048 0.145048 0.00422028 -0.00842804
-0.163178 0.163178 0.0053455 -0.0106709
-0.181309 0.181309 0.00660519 -0.0131798
-0.19944 0.19944 0.00800004 -0.0159553
-0.217571 0.217571 0.00953084 -0.0189983
-0.235702 0.235702 0.0111984 -0.0223095
-0.253833 0.253833 0.0130037 -0.0258899
-0.271964 0.271964 0.0149476 -0.0297405
-0.290095 0.290095 0.0170313 -0.0338624
-0.308226 0.308226 0.0192559 -0.0382566
-0.326357 0.326357 0.0216226 -0.0429244
-0.344488 0.344488 0.0241327 -0.0478671
-0.362619 0.362619 0.0267875 -0.053086
-0.38075 0.38075 0.0295885 -0.0585826
-0.398881 0.398881 0.0325372 -0.0643583
-0.417012 0.417012 0.0356351 -0.0704148
-0.435143 0.435143 0.0388839 -0.0767537
-0.453274 0.453274 0.0422853 -0.0833767
-0.471405 0.471405 0.0458412 -0.0902856
-0.489535 0.489535 0.0495534 -0.0974823
-0.507666 0.507666 0.0534237 -0.104969
-0.525797 0.525797 0.0574544 -0.112747
-0.543928 0.543928 0.0616474 -0.120819
-0.562059 0.562059 0.0660049 -0.129187
-0.58019 0.58019 0.0705291 -0.137853
-0.598321 0.598321 0.0752224 -0.14682
-0.616452 0.616452 0.0800872 -0.15609
-0.634583 0.634583 0.0851258 -0.165665
-0.652714 0.652714 0.0903409 -0.175548
-0.670845 0.670845 0.095735 -0.185742
-0.688976 0.688976 0.101311 -0.196248
-0.707107 0.707107 0.107071 -0.207071
-0 0 0 -0
-0.0191926 0.0170031 6.575e-05 -0.000131496
-0.0383852 0.0340063 0.000263046 -0.000526031
-0.0575777 0.0510094 0.000592026 -0.00118374
-0.0767703 0.0680126 0.00105292 -0.00210486
-0.0959629 0.0850157 0.00164605 -0.0032897
-0.115155 0.102019 0.00237182 -0.00473869
-0.134348 0.119022 0.00323075 -0.00645232
-0.153541 0.136025 0.00422344 -0.00843119
-0.172733 0.153028 0.00535056 -0.010676
-0.191926 0.170031 0.0066129 -0.0131875
-0.211118 0.187035 0.00801133 -0.0159666
-0.230311 0.204038 0.00954682 -0.0190143
-0.249504 0.221041 0.0112204 -0.0223315
-0.268696 0.238044 0.0130333 -0.0259196
-0.287889 0.255047 0.0149867 -0.0297796
-0.307081 0.27205 0.0170819 -0.0339129
-0.326274 0.289053 0.0193203 -0.038321
-0.345466 0.306057 0.0217036 -0.0430053
-0.364659 0.32306 0.0242332 -0.0479676
-0.383852 0.340063 0.0269109 -0.0532094
-0.403044 0.357066 0.0297384 -0.0587325
-0.422237 0.374069 0.0327178 -0.0645389
-0.441429 0.391072 0.0358508 -0.0706306
-0.460622 0.408075 0.0391397 -0.0770095
-0.479815 0.425079 0.0425865 -0.0836779
-0.499007 0.442082 0.0461935 -0.0906379
-0.5182 0.459085 0.0499631 -0.097892
-0.537392 0.476088 0.0538976 -0.105443
-0.556585 0.493091 0.0579996 -0.113292
-0.575777 0.510094 0.0622718 -0.121443
-0.59497 0.527097 0.0667168 -0.129899
-0.614163 0.544101 0.0713375 -0.138662
-0.633355 0.561104 0.0761367 -0.147734
-0.652548 0.578107 0.0811174 -0.15712
-0.67174 0.59511 0.0862827 -0.166822
-0.690933 0.612113 0.0916357 -0.176843
-0.710126 0.629116 0.0971798 -0.187186
-0.729318 0.64612 0.102918 -0.197856
-0.748511 0.663123 0.108855 -0.208855
-0 0 0 -0
-0.0201842 0.0158133 6.57505e-05 -0.000131497
-0.0403684 0.0316266 0.000263053 -0.000526038
-0.0605526 0.0474399 0.00059206 -0.00118378
-0.0807368 0.0632532 0.00105303 -0.00210497
-0.100921 0.0790665 0.00164631 -0.00328997
-0.121105 0.0948798 0.00237237 -0.00473924
-0.141289 0.110693 0.00323177 -0.00645334
-0.161474 0.126506 0.00422517 -0.00843293
-0.181658 0.14232 0.00535334 -0.0106788
-0.201842 0.158133 0.00661714 -0.0131918
-0.222026 0.173946 0.00801754 -0.0159728
-0.24221 0.18976 0.00955562 -0.0190231
-0.262394 0.205573 0.0112325 -0.0223437
-0.282579 0.221386 0.0130496 -0.0259359
-0.302763 0.2372 0.0150081 -0.029801
-0.322947 0.253013 0.0171097 -0.0339407
-0.343131 0.268826 0.0193558 -0.0383564
-0.363315 0.284639 0.0217481 -0.0430499
-0.3835 0.300453 0.0242885 -0.0480229
-0.403684 0.316266 0.0269788 -0.0532773
-0.423868 0.332079 0.029821 -0.0588151
-0.444052 0.347893 0.0328172 -0.0646383
-0.464236 0.363706 0.0359696 -0.0707493
-0.484421 0.379519 0.0392805 -0.0771503
-0.504605 0.395333 0.0427522 -0.0838436
-0.524789 0.411146 0.0463874 -0.0908318
-0.544973 0.426959 0.0501886 -0.0981175
-0.565157 0.442773 0.0541584 -0.105703
-0.585342 0.458586 0.0582998 -0.113592
-0.605526 0.474399 0.0626155 -0.121787
-0.62571 0.490212 0.0671087 -0.130291
-0.645894 0.506026 0.0717824 -0.139107
-0.666078 0.521839 0.0766399 -0.148238
-0.686263 0.537652 0.0816844 -0.157687
-0.706447 0.553466 0.0869194 -0.167459
-0.726631 0.569279 0.0923484 -0.177556
-0.746815 0.585092 0.0979751 -0.187982
-0.766999 0.600906 0.103803 -0.198741
-0.787183 0.616719 0.109836 -0.209836
-0 0 0 -0
-0.0211022 0.0145658 6.57505e-05 -0.000131497
-0.0422043 0.0291315 0.000263054 -0.000526038
-0.0633065 0.0436973 0.000592064 -0.00118378
-0.0844086 0.0582631 0.00105304 -0.00210498
-0.105511 0.0728288 0.00164634 -0.00328999
-0.126613 0.0873946 0.00237243 -0.00473929
-0.147715 0.10196 0.00323187 -0.00645343
-0.168817 0.116526 0.00422533 -0.00843309
-0.189919 0.131092 0.0053536 -0.010679
-0.211022 0.145658 0.00661753 -0.0131922
-0.232124 0.160223 0.00801812 -0.0159734
-0.253226 0.174789 0.00955643 -0.0190239
-0.274328 0.189355 0.0112337 -0.0223448
-0.29543 0.203921 0.0130511 -0.0259374
-0.316532 0.218486 0.0150101 -0.029803
-0.337634 0.233052 0.0171123 -0.0339433
-0.358737 0.247618 0.0193591 -0.0383597
-0.379839 0.262184 0.0217522 -0.043054
-0.400941 0.276749 0.0242936 -0.048028
-0.422043 0.291315 0.0269851 -0.0532835
-0.443145 0.305881 0.0298286 -0.0588227
-0.464247 0.320447 0.0328264 -0.0646475
-0.485349 0.335013 0.0359806 -0.0707603
-0.506452 0.349578 0.0392935 -0.0771633
-0.527554 0.364144 0.0427676 -0.083859
-0.548656 0.37871 0.0464054 -0.0908498
-0.569758 0.393276 0.0502094 -0.0981384
-0.59086 0.407841 0.0541826 -0.105728
-0.611962 0.422407 0.0583275 -0.11362
-0.633065 0.436973 0.0626473 -0.121819
-0.654167 0.451539 0.067145 -0.130327
-0.675269 0.466104 0.0718236 -0.139148
-0.696371 0.48067 0.0766865 -0.148284
-0.717473 0.495236 0.0817369 -0.15774
-0.738575 0.509802 0.0869784 -0.167517
-0.759677 0.524367 0.0924144 -0.177622
-0.78078 0.538933 0.0980487 -0.188055
-0.801882 0.553499 0.103885 -0.198823
-0.822984 0.568065 0.109927 -0.209927
-0 0 0 -0
-0.0219431 0.0132651 6.57502e-05 -0.000131496
-0.0438862 0.0265301 0.000263048 -0.000526033
-0.0658293 0.0397952 0.000592035 -0.00118375
-0.0877724 0.0530603 0.00105295 -0.00210489
-0.109716 0.0663254 0.00164612 -0.00328977
-0.131659 0.0795904 0.00237197 -0.00473884
-0.153602 0.0928555 0.00323103 -0.00645259
-0.175545 0.106121 0.0042239 -0.00843166
-0.197488 0.119386 0.00535131 -0.0106767
-0.219431 0.132651 0.00661404 -0.0131887
-0.241374 0.145916 0.008013 -0.0159683
-0.263317 0.159181 0.00954919 -0.0190166
-0.28526 0.172446 0.0112237 -0.0223348
-0.307204 0.185711 0.0130377 -0.0259239
-0.329147 0.198976 0.0149925 -0.0297853
-0.35109 0.212241 0.0170894 -0.0339204
-0.373033 0.225506 0.0193299 -0.0383305
-0.394976 0.238771 0.0217156 -0.0430173
-0.416919 0.252036 0.0242481 -0.0479825
-0.438862 0.265301 0.0269292 -0.0532277
-0.460805 0.278567 0.0297607 -0.0587548
-0.482748 0.291832 0.0327445 -0.0645657
-0.504692 0.305097 0.0358828 -0.0706626
-0.526635 0.318362 0.0391776 -0.0770474
-0.548578 0.331627 0.0426311 -0.0837225
-0.570521 0.344892 0.0462457 -0.0906902
-0.592464 0.358157 0.0500238 -0.0979528
-0.614407 0.371422 0.0539679 -0.105513
-0.63635 0.384687 0.0580805 -0.113373
-0.658293 0.397952 0.0623644 -0.121536
-0.680236 0.411217 0.0668224 -0.130005
-0.70218 0.424482 0.0714573 -0.138781
-0.724123 0.437747 0.0762722 -0.14787
-0.746066 0.451012 0.0812701 -0.157273
-0.768009 0.464278 0.0864542 -0.166993
-0.789952 0.477543 0.0918277 -0.177035
-0.811895 0.490808 0.097394 -0.187401
-0.833838 0.504073 0.103157 -0.198094
-0.855781 0.517338 0.109119 -0.209119
-0 0 0 -0
-0.022704 0.011916 6.57495e-05 -0.000131496
-0.045408 0.023832 0.000263037 -0.000526022
-0.068112 0.0357479 0.000591978 -0.00118369
-0.090816 0.0476639 0.00105277 -0.00210471
-0.11352 0.0595799 0.00164568 -0.00328933
-0.136224 0.0714959 0.00237106 -0.00473792
-0.158928 0.0834119 0.00322933 -0.0064509
-0.181632 0.0953278 0.00422101 -0.00842877
-0.204336 0.107244 0.00534667 -0.0106721
-0.22704 0.11916 0.00660698 -0.0131816
-0.249744 0.131076 0.00800266 -0.015958
-0.272448 0.142992 0.00953455 -0.019002
-0.295152 0.154908 0.0112035 -0.0223146
-0.317856 0.166824 0.0130106 -0.0258968
-0.34056 0.17874 0.0149567 -0.0297496
-0.363264 0.190656 0.0170431 -0.0338741
-0.385968 0.202572 0.0192709 -0.0382715
-0.408672 0.214488 0.0216414 -0.0429432
-0.431376 0.226404 0.024156 -0.0478904
-0.45408 0.23832 0.0268162 -0.0531147
-0.476784 0.250236 0.0296233 -0.0586174
-0.499488 0.262152 0.0325791 -0.0644003
-0.522192 0.274068 0.0356852 -0.0704649
-0.544896 0.285983 0.0389433 -0.0768131
-0.5676 0.297899 0.0423552 -0.0834466
-0.590304 0.309815 0.045923 -0.0903674
-0.613008 0.321731 0.0496485 -0.0975775
-0.635712 0.333647 0.0535337 -0.105079
-0.658416 0.345563 0.057581 -0.112874
-0.68112 0.357479 0.0617923 -0.120964
-0.703824 0.369395 0.0661702 -0.129352
-0.726528 0.381311 0.0707168 -0.138041
-0.749232 0.393227 0.0754347 -0.147032
-0.771936 0.405143 0.0803263 -0.156329
-0.79464 0.417059 0.0853944 -0.165933
-0.817344 0.428975 0.0906415 -0.175849
-0.840048 0.440891 0.0960704 -0.186077
-0.862752 0.452807 0.101684 -0.196622
-0.885456 0.464723 0.107485 -0.207485
-0 0 0 -0
-0.023382 0.0105234 6.57485e-05 -0.000131495
-0.0467641 0.0210468 0.000263021 -0.000526006
-0.0701461 0.0315702 0.000591897 -0.00118361
-0.0935282 0.0420936 0.00105251 -0.00210445
-0.11691 0.052617 0.00164505 -0.00328871
-0.140292 0.0631404 0.00236976 -0.00473663
-0.163674 0.0736638 0.00322693 -0.0064485
-0.187056 0.0841872 0.00421692 -0.00842468
-0.210438 0.0947106 0.00534012 -0.0106656
-0.23382 0.105234 0.00659698 -0.0131716
-0.257203 0.115757 0.00798803 -0.0159433
-0.280585 0.126281 0.00951383 -0.0189813
-0.303967 0.136804 0.011175 -0.0222861
-0.327349 0.147328 0.0129722 -0.0258584
-0.350731 0.157851 0.0149061 -0.029699
-0.374113 0.168374 0.0169776 -0.0338086
-0.397495 0.178898 0.0191874 -0.0381881
-0.420877 0.189421 0.0215365 -0.0428383
-0.444259 0.199945 0.0240258 -0.0477602
-0.467641 0.210468 0.0266563 -0.0529548
-0.491023 0.220992 0.029429 -0.0584231
-0.514405 0.231515 0.032345 -0.0641662
-0.537787 0.242038 0.0354055 -0.0701853
-0.561169 0.252562 0.0386117 -0.0764816
-0.584551 0.263085 0.0419649 -0.0830563
-0.607933 0.273609 0.0454663 -0.0899108
-0.631315 0.284132 0.0491174 -0.0970464
-0.654697 0.294655 0.0529195 -0.104465
-0.678079 0.305179 0.0568742 -0.112167
-0.701461 0.315702 0.0609829 -0.120155
-0.724843 0.326226 0.0652473 -0.128429
-0.748226 0.336749 0.069669 -0.136993
-0.771608 0.347272 0.0742496 -0.145847
-0.79499 0.357796 0.078991 -0.154994
-0.818372 0.368319 0.0838949 -0.164434
-0.841754 0.378843 0.0889631 -0.17417
-0.865136 0.389366 0.0941976 -0.184204
-0.888518 0.399889 0.0996004 -0.194538
-0.9119 0.410413 0.105173 -0.205173
-0 0 0 -0
-0.0239748 0.00909243 6.57473e-05 -0.000131493
-0.0479496 0.0181849 0.000263001 -0.000525986
-0.0719243 0.0272773 0.0005918 -0.00118352
-0.0958991 0.0363697 0.0010522 -0.00210414
-0.119874 0.0454622 0.0016443 -0.00328796
-0.143849 0.0545546 0.0023682 -0.00473507
-0.167823 0.063647 0.00322405 -0.00644561
-0.191798 0.0727395 0.004212 -0.00841975
-0.215773 0.0818319 0.00533223 -0.0106577
-0.239748 0.0909243 0.00658497 -0.0131596
-0.263723 0.100017 0.00797044 -0.0159257
-0.287697 0.109109 0.00948891 -0.0189564
-0.311672 0.118202 0.0111407 -0.0222518
-0.335647 0.127294 0.012926 -0.0258123
-0.359622 0.136386 0.0148453 -0.0296382
-0.383596 0.145479 0.0168988 -0.0337299
-0.407571 0.154571 0.0190871 -0.0380877
-0.431546 0.163664 0.0214104 -0.0427121
-0.455521 0.172756 0.0238692 -0.0476036
-0.479496 0.181849 0.026464 -0.0527625
-0.50347 0.190941 0.0291953 -0.0581893
-0.527445 0.200034 0.0320635 -0.0638847
-0.55142 0.209126 0.0350692 -0.069849
-0.575395 0.218218 0.038213 -0.0760829
-0.599369 0.227311 0.0414955 -0.0825869
-0.623344 0.236403 0.0449172 -0.0893616
-0.647319 0.245496 0.0484787 -0.0964077
-0.671294 0.254588 0.0521809 -0.103726
-0.695268 0.263681 0.0560242 -0.111317
-0.719243 0.272773 0.0600095 -0.119181
-0.743218 0.281865 0.0641375 -0.12732
-0.767193 0.290958 0.0684088 -0.135733
-0.791168 0.30005 0.0728244 -0.144422
-0.815142 0.309143 0.077385 -0.153388
-0.839117 0.318235 0.0820915 -0.162631
-0.863092 0.327328 0.0869446 -0.172152
-0.887067 0.33642 0.0919453 -0.181952
-0.911041 0.345512 0.0970945 -0.192032
-0.935016 0.354605 0.102393 -0.202393
-0 0 0 0
-0.02448 0.00762828 6.5746e-05 -0.000131492
-0.04896 0.0152566 0.000262981 -0.000525966
-0.0734401 0.0228849 0.000591695 -0.00118341
-0.0979201 0.0305131 0.00105187 -0.00210381
-0.1224 0.0381414 0.00164349 -0.00328715
-0.14688 0.0457697 0.00236653 -0.00473339
-0.17136 0.053398 0.00322094 -0.0064425
-0.19584 0.0610263 0.00420669 -0.00841445
-0.22032 0.0686546 0.00532373 -0.0106492
-0.2448 0.0762828 0.00657201 -0.0131466
-0.26928 0.0839111 0.00795147 -0.0159068
-0.29376 0.0915394 0.00946204 -0.0189295
-0.31824 0.0991677 0.0111037 -0.0222148
-0.34272 0.106796 0.0128762 -0.0257625
-0.3672 0.114424 0.0147797 -0.0295726
-0.39168 0.122053 0.0168139 -0.033645
-0.41616 0.129681 0.0189789 -0.0379795
-0.44064 0.137309 0.0212744 -0.0425762
-0.46512 0.144937 0.0237004 -0.0474348
-0.4896 0.152566 0.0262567 -0.0525552
-0.51408 0.160194 0.0289433 -0.0579374
-0.53856 0.167822 0.03176 -0.0635812
-0.563041 0.175451 0.0347067 -0.0694865
-0.587521 0.183079 0.0377832 -0.0756531
-0.612001 0.190707 0.0409894 -0.0820808
-0.636481 0.198335 0.0443252 -0.0887696
-0.660961 0.205964 0.0477903 -0.0957193
-0.685441 0.213592 0.0513846 -0.10293
-0.709921 0.22122 0.055108 -0.110401
-0.734401 0.228849 0.0589602 -0.118132
-0.758881 0.236477 0.0629411 -0.126123
-0.783361 0.244105 0.0670505 -0.134375
-0.807841 0.251733 0.0712881 -0.142886
-0.832321 0.259362 0.0756539 -0.151656
-0.856801 0.26699 0.0801475 -0.160687
-0.881281 0.274618 0.0847687 -0.169976
-0.905761 0.282246 0.0895174 -0.179524
-0.930241 0.289875 0.0943933 -0.189331
-0.954721 0.297503 0.0993962 -0.199396
-0 0 0 0
-0.0248959 0.0061363 6.57447e-05 -0.000131491
-0.0497919 0.0122726 0.00026296 -0.000525945
-0.0746878 0.0184089 0.000591592 -0.00118331
-0.0995838 0.0245452 0.00105155 -0.00210349
-0.12448 0.0306815 0.0016427 -0.00328635
-0.149376 0.0368178 0.00236488 -0.00473174
-0.174272 0.0429541 0.00321788 -0.00643945
-0.199168 0.0490904 0.00420148 -0.00840924
-0.224063 0.0552267 0.00531539 -0.0106408
-0.248959 0.061363 0.00655929 -0.0131339
-0.273855 0.0674993 0.00793285 -0.0158881
-0.298751 0.0736356 0.00943567 -0.0189031
-0.323647 0.0797719 0.0110673 -0.0221784
-0.348543 0.0859082 0.0128274 -0.0257136
-0.373439 0.0920445 0.0147153 -0.0295082
-0.398335 0.0981808 0.0167306 -0.0335616
-0.423231 0.104317 0.0188726 -0.0378733
-0.448127 0.110453 0.0211409 -0.0424426
-0.473023 0.11659 0.0235346 -0.047269
-0.497919 0.122726 0.0260532 -0.0523517
-0.522815 0.128862 0.028696 -0.0576901
-0.547711 0.134999 0.0314621 -0.0632833
-0.572607 0.141135 0.0343508 -0.0691306
-0.597503 0.147271 0.0373613 -0.0752311
-0.622399 0.153407 0.0404926 -0.081584
-0.647295 0.159544 0.043744 -0.0881884
-0.67219 0.16568 0.0471144 -0.0950434
-0.697086 0.171816 0.0506029 -0.102148
-0.721982 0.177953 0.0542084 -0.109501
-0.746878 0.184089 0.05793 -0.117102
-0.771774 0.190225 0.0617665 -0.124949
-0.79667 0.196362 0.0657169 -0.133041
-0.821566 0.202498 0.0697799 -0.141377
-0.846462 0.208634 0.0739543 -0.149957
-0.871358 0.21477 0.078239 -0.158778
-0.896254 0.220907 0.0826326 -0.16784
-0.92115 0.227043 0.0871339 -0.17714
-0.946046 0.233179 0.0917414 -0.186679
-0.970942 0.239316 0.096454 -0.196454
-0 0 0 0
-0.025221 0.00462192 6.57436e-05 -0.00013149
-0.050442 0.00924385 0.000262942 -0.000525927
-0.0756631 0.0138658 0.0005915 -0.00118322
-0.100884 0.0184877 0.00105126 -0.0021032
-0.126105 0.0231096 0.00164199 -0.00328564
-0.151326 0.0277315 0.00236341 -0.00473027
-0.176547 0.0323535 0.00321516 -0.00643673
-0.201768 0.0369754 0.00419684 -0.0084046
-0.226989 0.0415973 0.00530795 -0.0106334
-0.25221 0.0462192 0.00654796 -0.0131226
-0.277431 0.0508412 0.00791626 -0.0158716
-0.302652 0.0554631 0.00941218 -0.0188796
-0.327873 0.060085 0.011035 -0.0221461
-0.353094 0.0647069 0.0127838 -0.0256701
-0.378315 0.0693289 0.0146579 -0.0294508
-0.403536 0.0739508 0.0166563 -0.0334874
-0.428757 0.0785727 0.018778 -0.0377787
-0.453978 0.0831946 0.0210219 -0.0423237
-0.479199 0.0878166 0.023387 -0.0471214
-0.50442 0.0924385 0.025872 -0.0521704
-0.529641 0.0970604 0.0284756 -0.0574697
-0.554863 0.101682 0.0311967 -0.0630179
-0.580084 0.106304 0.0340337 -0.0688135
-0.605305 0.110926 0.0369854 -0.0748552
-0.630526 0.115548 0.0400501 -0.0811414
-0.655747 0.12017 0.0432262 -0.0876707
-0.680968 0.124792 0.0465123 -0.0944413
-0.706189 0.129414 0.0499065 -0.101452
-0.73141 0.134036 0.0534071 -0.1087
-0.756631 0.138658 0.0570123 -0.116184
-0.781852 0.14328 0.0607202 -0.123902
-0.807073 0.147902 0.0645288 -0.131853
-0.832294 0.152523 0.0684362 -0.140034
-0.857515 0.157145 0.0724402 -0.148443
-0.882736 0.161767 0.0765387 -0.157078
-0.907957 0.166389 0.0807296 -0.165937
-0.933178 0.171011 0.0850104 -0.175017
-0.958399 0.175633 0.089379 -0.184317
-0.98362 0.180255 0.0938328 -0.193833
-0 0 0 0
-0.0254541 0.00309068 6.57427e-05 -0.000131489
-0.0509081 0.00618137 0.000262928 -0.000525913
-0.0763622 0.00927205 0.000591428 -0.00118314
-0.101816 0.0123627 0.00105103 -0.00210297
-0.12727 0.0154534 0.00164143 -0.00328509
-0.152724 0.0185441 0.00236225 -0.00472912
-0.178179 0.0216348 0.00321302 -0.00643459
-0.203633 0.0247255 0.00419319 -0.00840094
-0.229087 0.0278162 0.0053021 -0.0106275
-0.254541 0.0309068 0.00653905 -0.0131137
-0.279995 0.0339975 0.00790321 -0.0158585
-0.305449 0.0370882 0.00939369 -0.0188611
-0.330903 0.0401789 0.0110095 -0.0221206
-0.356357 0.0432696 0.0127496 -0.0256359
-0.381811 0.0463603 0.0146128 -0.0294057
-0.407265 0.0494509 0.0165979 -0.0334289
-0.432719 0.0525416 0.0187035 -0.0377042
-0.458173 0.0556323 0.0209283 -0.0422301
-0.483627 0.058723 0.0232708 -0.0470052
-0.509081 0.0618137 0.0257293 -0.0520278
-0.534536 0.0649044 0.0283022 -0.0572963
-0.55999 0.0679951 0.0309878 -0.062809
-0.585444 0.0710857 0.0337842 -0.068564
-0.610898 0.0741764 0.0366896 -0.0745594
-0.636352 0.0772671 0.0397018 -0.0807932
-0.661806 0.0803578 0.0428188 -0.0872632
-0.68726 0.0834485 0.0460384 -0.0939674
-0.712714 0.0865392 0.0493585 -0.100903
-0.738168 0.0896298 0.0527765 -0.108069
-0.763622 0.0927205 0.0562901 -0.115462
-0.789076 0.0958112 0.0598968 -0.123079
-0.81453 0.0989019 0.0635939 -0.130918
-0.839984 0.101993 0.0673788 -0.138976
-0.865439 0.105083 0.0712487 -0.147251
-0.890893 0.108174 0.0752008 -0.15574
-0.916347 0.111265 0.079232 -0.164439
-0.941801 0.114355 0.0833394 -0.173346
-0.967255 0.117446 0.0875199 -0.182457
-0.992709 0.120537 0.0917702 -0.19177
-0 0 0 0
-0.0255942 0.00154817 6.57421e-05 -0.000131488
-0.0511885 0.00309633 0.000262919 -0.000525904
-0.0767827 0.0046445 0.000591382 -0.0011831
-0.102377 0.00619267 0.00105088 -0.00210282
-0.127971 0.00774083 0.00164108 -0.00328473
-0.153565 0.009289 0.00236152 -0.00472838
-0.17916 0.0108372 0.00321166 -0.00643322
-0.204754 0.0123853 0.00419085 -0.00839861
-0.230348 0.0139335 0.00529837 -0.0106238
-0.255942 0.0154817 0.00653335 -0.013108
-0.281537 0.0170298 0.00789487 -0.0158502
-0.307131 0.018578 0.00938188 -0.0188493
-0.332725 0.0201262 0.0109932 -0.0221044
-0.358319 0.0216743 0.0127277 -0.025614
-0.383914 0.0232225 0.014584 -0.0293769
-0.409508 0.0247707 0.0165606 -0.0333916
-0.435102 0.0263188 0.018656 -0.0376566
-0.460696 0.027867 0.0208686 -0.0421703
-0.486291 0.0294152 0.0231966 -0.046931
-0.511885 0.0309633 0.0256382 -0.0519367
-0.537479 0.0325115 0.0281915 -0.0571856
-0.563073 0.0340597 0.0308544 -0.0626756
-0.588668 0.0356078 0.0336249 -0.0684046
-0.614262 0.037156 0.0365006 -0.0743705
-0.639856 0.0387042 0.0394793 -0.0805707
-0.66545 0.0402523 0.0425586 -0.087003
-0.691045 0.0418005 0.0457358 -0.0936648
-0.716639 0.0433487 0.0490084 -0.100553
-0.742233 0.0448968 0.0523737 -0.107666
-0.767827 0.046445 0.0558289 -0.115
-0.793422 0.0479932 0.0593709 -0.122553
-0.819016 0.0495413 0.0629968 -0.130321
-0.84461 0.0510895 0.0667035 -0.138301
-0.870204 0.0526377 0.0704878 -0.14649
-0.895799 0.0541858 0.0743463 -0.154885
-0.921393 0.055734 0.0782756 -0.163483
-0.946987 0.0572822 0.0822722 -0.172279
-0.972581 0.0588303 0.0863325 -0.18127
-0.998176 0.0603785 0.0904528 -0.190453
-0 -0 0 0
-0.025641 -8.24678e-18 6.57419e-05 -0.000131488
-0.0512821 -1.64936e-17 0.000262916 -0.000525901
-0.0769231 -2.47403e-17 0.000591366 -0.00118308
-0.102564 -3.29871e-17 0.00105083 -0.00210277
-0.128205 -4.12339e-17 0.00164095 -0.00328461
-0.153846 -4.94807e-17 0.00236126 -0.00472813
-0.179487 -5.77275e-17 0.00321119 -0.00643275
-0.205128 -6.59743e-17 0.00419005 -0.00839781
-0.230769 -7.4221e-17 0.00529708 -0.0106225
-0.25641 -8.24678e-17 0.0065314 -0.013106
-0.282051 -9.07146e-17 0.00789201 -0.0158473
-0.307692 -9.89614e-17 0.00937782 -0.0188453
-0.333333 -1.07208e-16 0.0109877 -0.0220988
-0.358974 -1.15455e-16 0.0127202 -0.0256065
-0.384615 -1.23702e-16 0.0145741 -0.029367
-0.410256 -1.31949e-16 0.0165477 -0.0333788
-0.435897 -1.40195e-16 0.0186396 -0.0376403
-0.461538 -1.48442e-16 0.020848 -0.0421498
-0.487179 -1.56689e-16 0.0231711 -0.0469054
-0.512821 -1.64936e-16 0.0256069 -0.0519054
-0.538462 -1.73182e-16 0.0281534 -0.0571475
-0.564103 -1.81429e-16 0.0308086 -0.0626298
-0.589744 -1.89676e-16 0.0335701 -0.0683499
-0.615385 -1.97923e-16 0.0364357 -0.0743055
-0.641026 -2.0617e-16 0.0394029 -0.0804943
-0.666667 -2.14416e-16 0.0424691 -0.0869136
-0.692308 -2.22663e-16 0.0456318 -0.0935608
-0.717949 -2.3091e-16 0.0488881 -0.100433
-0.74359 -2.39157e-16 0.0522353 -0.107528
-0.769231 -2.47403e-16 0.0556703 -0.114842
-0.794872 -2.5565e-16 0.0591901 -0.122372
-0.820513 -2.63897e-16 0.0627916 -0.130116
-0.846154 -2.72144e-16 0.0664714 -0.138069
-0.871795 -2.80391e-16 0.0702262 -0.146229
-0.897436 -2.88637e-16 0.0740526 -0.154592
-0.923077 -2.96884e-16 0.0779469 -0.163154
-0.948718 -3.05131e-16 0.0819054 -0.171912
-0.974359 -3.13378e-16 0.0859244 -0.180862
-1 -3.21625e-16 0.09 -0.19
-0 -0 0 0
-0.0255942 -0.00154817 6.57421e-05 -0.000131488
-0.0511885 -0.00309633 0.000262919 -0.000525904
-0.0767827 -0.0046445 0.000591382 -0.0011831
-0.102377 -0.00619267 0.00105088 -0.00210282
-0.127971 -0.00774083 0.00164108 -0.00328473
-0.153565 -0.009289 0.00236152 -0.00472838
-0.17916 -0.0108372 0.00321166 -0.00643322
-0.204754 -0.0123853 0.00419085 -0.00839861
-0.230348 -0.0139335 0.00529837 -0.0106238
-0.255942 -0.0154817 0.00653335 -0.013108
-0.281537 -0.0170298 0.00789487 -0.0158502
-0.307131 -0.018578 0.00938188 -0.0188493
-0.332725 -0.0201262 0.0109932 -0.0221044
-0.358319 -0.0216743 0.0127277 -0.025614
-0.383914 -0.0232225 0.014584 -0.0293769
-0.409508 -0.0247707 0.0165606 -0.0333916
-0.435102 -0.0263188 0.018656 -0.0376566
-0.460696 -0.027867 0.0208686 -0.0421703
-0.486291 -0.0294152 0.0231966 -0.046931
-0.511885 -0.0309633 0.0256382 -0.0519367
-0.537479 -0.0325115 0.0281915 -0.0571856
-0.563073 -0.0340597 0.0308544 -0.0626756
-0.588668 -0.0356078 0.0336249 -0.0684046
-0.614262 -0.037156 0.0365006 -0.0743705
-0.639856 -0.0387042 0.0394793 -0.0805707
-0.66545 -0.0402523 0.0425586 -0.087003
-0.691045 -0.0418005 0.0457358 -0.0936648
-0.716639 -0.0433487 0.0490084 -0.100553
-0.742233 -0.0448968 0.0523737 -0.107666
-0.767827 -0.046445 0.0558289 -0.115
-0.793422 -0.0479932 0.0593709 -0.122553
-0.819016 -0.0495413 0.0629968 -0.130321
-0.84461 -0.0510895 0.0667035 -0.138301
-0.870204 -0.0526377 0.0704878 -0.14649
-0.895799 -0.0541858 0.0743463 -0.154885
-0.921393 -0.055734 0.0782756 -0.163483
-0.946987 -0.0572822 0.0822722 -0.172279
-0.972581 -0.0588303 0.0863325 -0.18127
-0.998176 -0.0603785 0.0904528 -0.190453
-0 -0 0 0
-0.0254541 -0.00309068 6.57427e-05 -0.000131489
-0.0509081 -0.00618137 0.000262928 -0.000525913
-0.0763622 -0.00927205 0.000591428 -0.00118314
-0.101816 -0.0123627 0.00105103 -0.00210297
-0.12727 -0.0154534 0.00164143 -0.00328509
-0.152724 -0.0185441 0.00236225 -0.00472912
-0.178179 -0.0216348 0.00321302 -0.00643459
-0.203633 -0.0247255 0.00419319 -0.00840094
-0.229087 -0.0278162 0.0053021 -0.0106275
-0.254541 -0.0309068 0.00653905 -0.0131137
-0.279995 -0.0339975 0.00790321 -0.0158585
-0.305449 -0.0370882 0.00939369 -0.0188611
-0.330903 -0.0401789 0.0110095 -0.0221206
-0.356357 -0.0432696 0.0127496 -0.0256359
-0.381811 -0.0463603 0.0146128 -0.0294057
-0.407265 -0.0494509 0.0165979 -0.0334289
-0.432719 -0.0525416 0.0187035 -0.0377042
-0.458173 -0.0556323 0.0209283 -0.0422301
-0.483627 -0.058723 0.0232708 -0.0470052
-0.509081 -0.0618137 0.0257293 -0.0520278
-0.534536 -0.0649044 0.0283022 -0.0572963
-0.55999 -0.0679951 0.0309878 -0.062809
-0.585444 -0.0710857 0.0337842 -0.068564
-0.610898 -0.0741764 0.0366896 -0.0745594
-0.636352 -0.0772671 0.0397018 -0.0807932
-0.661806 -0.0803578 0.0428188 -0.0872632
-0.68726 -0.0834485 0.0460384 -0.0939674
-0.712714 -0.0865392 0.0493585 -0.100903
-0.738168 -0.0896298 0.0527765 -0.108069
-0.763622 -0.0927205 0.0562901 -0.115462
-0.789076 -0.0958112 0.0598968 -0.123079
-0.81453 -0.0989019 0.0635939 -0.130918
-0.839984 -0.101993 0.0673788 -0.138976
-0.865439 -0.105083 0.0712487 -0.147251
-0.890893 -0.108174 0.0752008 -0.15574
-0.916347 -0.111265 0.079232 -0.164439
-0.941801 -0.114355 0.0833394 -0.173346
-0.967255 -0.117446 0.0875199 -0.182457
-0.992709 -0.120537 0.0917702 -0.19177
-0 -0 0 0
-0.025221 -0.00462192 6.57436e-05 -0.00013149
-0.050442 -0.00924385 0.000262942 -0.000525927
-0.0756631 -0.0138658 0.0005915 -0.00118322
-0.100884 -0.0184877 0.00105126 -0.0021032
-0.126105 -0.0231096 0.00164199 -0.00328564
-0.151326 -0.0277315 0.00236341 -0.00473027
-0.176547 -0.0323535 0.00321516 -0.00643673
-0.201768 -0.0369754 0.00419684 -0.0084046
-0.226989 -0.0415973 0.00530795 -0.0106334
-0.25221 -0.0462192 0.00654796 -0.0131226
-0.277431 -0.0508412 0.00791626 -0.0158716
-0.302652 -0.0554631 0.00941218 -0.0188796
-0.327873 -0.060085 0.011035 -0.0221461
-0.353094 -0.0647069 0.0127838 -0.0256701
-0.378315 -0.0693289 0.0146579 -0.0294508
-0.403536 -0.0739508 0.0166563 -0.0334874
-0.428757 -0.0785727 0.018778 -0.0377787
-0.453978 -0.0831946 0.0210219 -0.0423237
-0.479199 -0.0878166 0.023387 -0.0471214
-0.50442 -0.0924385 0.025872 -0.0521704
-0.529641 -0.0970604 0.0284756 -0.0574697
-0.554863 -0.101682 0.0311967 -0.0630179
-0.580084 -0.106304 0.0340337 -0.0688135
-0.605305 -0.110926 0.0369854 -0.0748552
-0.630526 -0.115548 0.0400501 -0.0811414
-0.655747 -0.12017 0.0432262 -0.0876707
-0.680968 -0.124792 0.0465123 -0.0944413
-0.706189 -0.129414 0.0499065 -0.101452
-0.73141 -0.134036 0.0534071 -0.1087
-0.756631 -0.138658 0.0570123 -0.116184
-0.781852 -0.14328 0.0607202 -0.123902
-0.807073 -0.147902 0.0645288 -0.131853
-0.832294 -0.152523 0.0684362 -0.140034
-0.857515 -0.157145 0.0724402 -0.148443
-0.882736 -0.161767 0.0765387 -0.157078
-0.907957 -0.166389 0.0807296 -0.165937
-0.933178 -0.171011 0.0850104 -0.175017
-0.958399 -0.175633 0.089379 -0.184317
-0.98362 -0.180255 0.0938328 -0.193833
-0 -0 0 0
-0.0248959 -0.0061363 6.57447e-05 -0.000131491
-0.0497919 -0.0122726 0.00026296 -0.000525945
-0.0746878 -0.0184089 0.000591592 -0.00118331
-0.0995838 -0.0245452 0.00105155 -0.00210349
-0.12448 -0.0306815 0.0016427 -0.00328635
-0.149376 -0.0368178 0.00236488 -0.00473174
-0.174272 -0.0429541 0.00321788 -0.00643945
-0.199168 -0.0490904 0.00420148 -0.00840924
-0.224063 -0.0552267 0.00531539 -0.0106408
-0.248959 -0.061363 0.00655929 -0.0131339
-0.273855 -0.0674993 0.00793285 -0.0158881
-0.298751 -0.0736356 0.00943567 -0.0189031
-0.323647 -0.0797719 0.0110673 -0.0221784
-0.348543 -0.0859082 0.0128274 -0.0257136
-0.373439 -0.0920445 0.0147153 -0.0295082
-0.398335 -0.0981808 0.0167306 -0.0335616
-0.423231 -0.104317 0.0188726 -0.0378733
-0.448127 -0.110453 0.0211409 -0.0424426
-0.473023 -0.11659 0.0235346 -0.047269
-0.497919 -0.122726 0.0260532 -0.0523517
-0.522815 -0.128862 0.028696 -0.0576901
-0.547711 -0.134999 0.0314621 -0.0632833
-0.572607 -0.141135 0.0343508 -0.0691306
-0.597503 -0.147271 0.0373613 -0.0752311
-0.622399 -0.153407 0.0404926 -0.081584
-0.647295 -0.159544 0.043744 -0.0881884
-0.67219 -0.16568 0.0471144 -0.0950434
-0.697086 -0.171816 0.0506029 -0.102148
-0.721982 -0.177953 0.0542084 -0.109501
-0.746878 -0.184089 0.05793 -0.117102
-0.771774 -0.190225 0.0617665 -0.124949
-0.79667 -0.196362 0.0657169 -0.133041
-0.821566 -0.202498 0.0697799 -0.141377
-0.846462 -0.208634 0.0739543 -0.149957
-0.871358 -0.21477 0.078239 -0.158778
-0.896254 -0.220907 0.0826326 -0.16784
-0.92115 -0.227043 0.0871339 -0.17714
-0.946046 -0.233179 0.0917414 -0.186679
-0.970942 -0.239316 0.096454 -0.196454
-0 -0 0 0
-0.02448 -0.00762828 6.5746e-05 -0.000131492
-0.04896 -0.0152566 0.000262981 -0.000525966
-0.0734401 -0.0228849 0.000591695 -0.00118341
-0.0979201 -0.0305131 0.00105187 -0.00210381
-0.1224 -0.0381414 0.00164349 -0.00328715
-0.14688 -0.0457697 0.00236653 -0.00473339
-0.17136 -0.053398 0.00322094 -0.0064425
-0.19584 -0.0610263 0.00420669 -0.00841445
-0.22032 -0.0686546 0.00532373 -0.0106492
-0.2448 -0.0762828 0.00657201 -0.0131466
-0.26928 -0.0839111 0.00795147 -0.0159068
-0.29376 -0.0915394 0.00946204 -0.0189295
-0.31824 -0.0991677 0.0111037 -0.0222148
-0.34272 -0.106796 0.0128762 -0.0257625
-0.3672 -0.114424 0.0147797 -0.0295726
-0.39168 -0.122053 0.0168139 -0.033645
-0.41616 -0.129681 0.0189789 -0.0379795
-0.44064 -0.137309 0.0212744 -0.0425762
-0.46512 -0.144937 0.0237004 -0.0474348
-0.4896 -0.152566 0.0262567 -0.0525552
-0.51408 -0.160194 0.0289433 -0.0579374
-0.53856 -0.167822 0.03176 -0.0635812
-0.563041 -0.175451 0.0347067 -0.0694865
-0.587521 -0.183079 0.0377832 -0.0756531
-0.612001 -0.190707 0.0409894 -0.0820808
-0.636481 -0.198335 0.0443252 -0.0887696
-0.660961 -0.205964 0.0477903 -0.0957193
-0.685441 -0.213592 0.0513846 -0.10293
-0.709921 -0.22122 0.055108 -0.110401
-0.734401 -0.228849 0.0589602 -0.118132
-0.758881 -0.236477 0.0629411 -0.126123
-0.783361 -0.244105 0.0670505 -0.134375
-0.807841 -0.251733 0.0712881 -0.142886
-0.832321 -0.259362 0.0756539 -0.151656
-0.856801 -0.26699 0.0801475 -0.160687
-0.881281 -0.274618 0.0847687 -0.169976
-0.905761 -0.282246 0.0895174 -0.179524
-0.930241 -0.289875 0.0943933 -0.189331
-0.954721 -0.297503 0.0993962 -0.199396
-0 -0 0 -0
-0.0239748 -0.00909243 6.57473e-05 -0.000131493
-0.0479496 -0.0181849 0.000263001 -0.000525986
-0.0719243 -0.0272773 0.0005918 -0.00118352
-0.0958991 -0.0363697 0.0010522 -0.00210414
-0.119874 -0.0454622 0.0016443 -0.00328796
-0.143849 -0.0545546 0.0023682 -0.00473507
-0.167823 -0.063647 0.00322405 -0.00644561
-0.191798 -0.0727395 0.004212 -0.00841975
-0.215773 -0.0818319 0.00533223 -0.0106577
-0.239748 -0.0909243 0.00658497 -0.0131596
-0.263723 -0.100017 0.00797044 -0.0159257
-0.287697 -0.109109 0.00948891 -0.0189564
-0.311672 -0.118202 0.0111407 -0.0222518
-0.335647 -0.127294 0.012926 -0.0258123
-0.359622 -0.136386 0.0148453 -0.0296382
-0.383596 -0.145479 0.0168988 -0.0337299
-0.407571 -0.154571 0.0190871 -0.0380877
-0.431546 -0.163664 0.0214104 -0.0427121
-0.455521 -0.172756 0.0238692 -0.0476036
-0.479496 -0.181849 0.026464 -0.0527625
-0.50347 -0.190941 0.0291953 -0.0581893
-0.527445 -0.200034 0.0320635 -0.0638847
-0.55142 -0.209126 0.0350692 -0.069849
-0.575395 -0.218218 0.038213 -0.0760829
-0.599369 -0.227311 0.0414955 -0.0825869
-0.623344 -0.236403 0.0449172 -0.0893616
-0.647319 -0.245496 0.0484787 -0.0964077
-0.671294 -0.254588 0.0521809 -0.103726
-0.695268 -0.263681 0.0560242 -0.111317
-0.719243 -0.272773 0.0600095 -0.119181
-0.743218 -0.281865 0.0641375 -0.12732
-0.767193 -0.290958 0.0684088 -0.135733
-0.791168 -0.30005 0.0728244 -0.144422
-0.815142 -0.309143 0.077385 -0.153388
-0.839117 -0.318235 0.0820915 -0.162631
-0.863092 -0.327328 0.0869446 -0.172152
-0.887067 -0.33642 0.0919453 -0.181952
-0.911041 -0.345512 0.0970945 -0.192032
-0.935016 -0.354605 0.102393 -0.202393
-0 -0 0 -0
-0.023382 -0.0105234 6.57485e-05 -0.000131495
-0.0467641 -0.0210468 0.000263021 -0.000526006
-0.0701461 -0.0315702 0.000591897 -0.00118361
-0.0935282 -0.0420936 0.00105251 -0.00210445
-0.11691 -0.052617 0.00164505 -0.00328871
-0.140292 -0.0631404 0.00236976 -0.00473663
-0.163674 -0.0736638 0.00322693 -0.0064485
-0.187056 -0.0841872 0.00421692 -0.00842468
-0.210438 -0.0947106 0.00534012 -0.0106656
-0.23382 -0.105234 0.00659698 -0.0131716
-0.257203 -0.115757 0.00798803 -0.0159433
-0.280585 -0.126281 0.00951383 -0.0189813
-0.303967 -0.136804 0.011175 -0.0222861
-0.327349 -0.147328 0.0129722 -0.0258584
-0.350731 -0.157851 0.0149061 -0.029699
-0.374113 -0.168374 0.0169776 -0.0338086
-0.397495 -0.178898 0.0191874 -0.0381881
-0.420877 -0.189421 0.0215365 -0.0428383
-0.444259 -0.199945 0.0240258 -0.0477602
-0.467641 -0.210468 0.0266563 -0.0529548
-0.491023 -0.220992 0.029429 -0.0584231
-0.514405 -0.231515 0.032345 -0.0641662
-0.537787 -0.242038 0.0354055 -0.0701853
-0.561169 -0.252562 0.0386117 -0.0764816
-0.584551 -0.263085 0.0419649 -0.0830563
-0.607933 -0.273609 0.0454663 -0.0899108
-0.631315 -0.284132 0.0491174 -0.0970464
-0.654697 -0.294655 0.0529195 -0.104465
-0.678079 -0.305179 0.0568742 -0.112167
-0.701461 -0.315702 0.0609829 -0.120155
-0.724843 -0.326226 0.0652473 -0.128429
-0.748226 -0.336749 0.069669 -0.136993
-0.771608 -0.347272 0.0742496 -0.145847
-0.79499 -0.357796 0.078991 -0.154994
-0.818372 -0.368319 0.0838949 -0.164434
-0.841754 -0.378843 0.0889631 -0.17417
-0.865136 -0.389366 0.0941976 -0.184204
-0.888518 -0.399889 0.0996004 -0.194538
-0.9119 -0.410413 0.105173 -0.205173
-0 -0 0 -0
-0.022704 -0.011916 6.57495e-05 -0.000131496
-0.045408 -0.023832 0.000263037 -0.000526022
-0.068112 -0.0357479 0.000591978 -0.00118369
-0.090816 -0.0476639 0.00105277 -0.00210471
-0.11352 -0.0595799 0.00164568 -0.00328933
-0.136224 -0.0714959 0.00237106 -0.00473792
-0.158928 -0.0834119 0.00322933 -0.0064509
-0.181632 -0.0953278 0.00422101 -0.00842877
-0.204336 -0.107244 0.00534667 -0.0106721
-0.22704 -0.11916 0.00660698 -0.0131816
-0.249744 -0.131076 0.00800266 -0.015958
-0.272448 -0.142992 0.00953455 -0.019002
-0.295152 -0.154908 0.0112035 -0.0223146
-0.317856 -0.166824 0.0130106 -0.0258968
-0.34056 -0.17874 0.0149567 -0.0297496
-0.363264 -0.190656 0.0170431 -0.0338741
-0.385968 -0.202572 0.0192709 -0.0382715
-0.408672 -0.214488 0.0216414 -0.0429432
-0.431376 -0.226404 0.024156 -0.0478904
-0.45408 -0.23832 0.0268162 -0.0531147
-0.476784 -0.250236 0.0296233 -0.0586174
-0.499488 -0.262152 0.0325791 -0.0644003
-0.522192 -0.274068 0.0356852 -0.0704649
-0.544896 -0.285983 0.0389433 -0.0768131
-0.5676 -0.297899 0.0423552 -0.0834466
-0.590304 -0.309815 0.045923 -0.0903674
-0.613008 -0.321731 0.0496485 -0.0975775
-0.635712 -0.333647 0.0535337 -0.105079
-0.658416 -0.345563 0.057581 -0.112874
-0.68112 -0.357479 0.0617923 -0.120964
-0.703824 -0.369395 0.0661702 -0.129352
-0.726528 -0.381311 0.0707168 -0.138041
-0.749232 -0.393227 0.0754347 -0.147032
-0.771936 -0.405143 0.0803263 -0.156329
-0.79464 -0.417059 0.0853944 -0.165933
-0.817344 -0.428975 0.0906415 -0.175849
-0.840048 -0.440891 0.0960704 -0.186077
-0.862752 -0.452807 0.101684 -0.196622
-0.885456 -0.464723 0.107485 -0.207485
-0 -0 0 -0
-0.0219431 -0.0132651 6.57502e-05 -0.000131496
-0.0438862 -0.0265301 0.000263048 -0.000526033
-0.0658293 -0.0397952 0.000592035 -0.00118375
-0.0877724 -0.0530603 0.00105295 -0.00210489
-0.109716 -0.0663254 0.00164612 -0.00328977
-0.131659 -0.0795904 0.00237197 -0.00473884
-0.153602 -0.0928555 0.00323103 -0.00645259
-0.175545 -0.106121 0.0042239 -0.00843166
-0.197488 -0.119386 0.00535131 -0.0106767
-0.219431 -0.132651 0.00661404 -0.0131887
-0.241374 -0.145916 0.008013 -0.0159683
-0.263317 -0.159181 0.00954919 -0.0190166
-0.28526 -0.172446 0.0112237 -0.0223348
-0.307204 -0.185711 0.0130377 -0.0259239
-0.329147 -0.198976 0.0149925 -0.0297853
-0.35109 -0.212241 0.0170894 -0.0339204
-0.373033 -0.225506 0.0193299 -0.0383305
-0.394976 -0.238771 0.0217156 -0.0430173
-0.416919 -0.252036 0.0242481 -0.0479825
-0.438862 -0.265301 0.0269292 -0.0532277
-0.460805 -0.278567 0.0297607 -0.0587548
-0.482748 -0.291832 0.0327445 -0.0645657
-0.504692 -0.305097 0.0358828 -0.0706626
-0.526635 -0.318362 0.0391776 -0.0770474
-0.548578 -0.331627 0.0426311 -0.0837225
-0.570521 -0.344892 0.0462457 -0.0906902
-0.592464 -0.358157 0.0500238 -0.0979528
-0.614407 -0.371422 0.0539679 -0.105513
-0.63635 -0.384687 0.0580805 -0.113373
-0.658293 -0.397952 0.0623644 -0.121536
-0.680236 -0.411217 0.0668224 -0.130005
-0.70218 -0.424482 0.0714573 -0.138781
-0.724123 -0.437747 0.0762722 -0.14787
-0.746066 -0.451012 0.0812701 -0.157273
-0.768009 -0.464278 0.0864542 -0.166993
-0.789952 -0.477543 0.0918277 -0.177035
-0.811895 -0.490808 0.097394 -0.187401
-0.833838 -0.504073 0.103157 -0.198094
-0.855781 -0.517338 0.109119 -0.209119
-0 -0 0 -0
-0.0211022 -0.0145658 6.57505e-05 -0.000131497
-0.0422043 -0.0291315 0.000263054 -0.000526038
-0.0633065 -0.0436973 0.000592064 -0.00118378
-0.0844086 -0.0582631 0.00105304 -0.00210498
-0.105511 -0.0728288 0.00164634 -0.00328999
-0.126613 -0.0873946 0.00237243 -0.00473929
-0.147715 -0.10196 0.00323187 -0.00645343
-0.168817 -0.116526 0.00422533 -0.00843309
-0.189919 -0.131092 0.0053536 -0.010679
-0.211022 -0.145658 0.00661753 -0.0131922
-0.232124 -0.160223 0.00801812 -0.0159734
-0.253226 -0.174789 0.00955643 -0.0190239
-0.274328 -0.189355 0.0112337 -0.0223448
-0.29543 -0.203921 0.0130511 -0.0259374
-0.316532 -0.218486 0.0150101 -0.029803
-0.337634 -0.233052 0.0171123 -0.0339433
-0.358737 -0.247618 0.0193591 -0.0383597
-0.379839 -0.262184 0.0217522 -0.043054
-0.400941 -0.276749 0.0242936 -0.048028
-0.422043 -0.291315 0.0269851 -0.0532835
-0.443145 -0.305881 0.0298286 -0.0588227
-0.464247 -0.320447 0.0328264 -0.0646475
-0.485349 -0.335013 0.0359806 -0.0707603
-0.506452 -0.349578 0.0392935 -0.0771633
-0.527554 -0.364144 0.0427676 -0.083859
-0.548656 -0.37871 0.0464054 -0.0908498
-0.569758 -0.393276 0.0502094 -0.0981384
-0.59086 -0.407841 0.0541826 -0.105728
-0.611962 -0.422407 0.0583275 -0.11362
-0.633065 -0.436973 0.0626473 -0.121819
-0.654167 -0.451539 0.067145 -0.130327
-0.675269 -0.466104 0.0718236 -0.139148
-0.696371 -0.48067 0.0766865 -0.148284
-0.717473 -0.495236 0.0817369 -0.15774
-0.738575 -0.509802 0.0869784 -0.167517
-0.759677 -0.524367 0.0924144 -0.177622
-0.78078 -0.538933 0.0980487 -0.188055
-0.801882 -0.553499 0.103885 -0.198823
-0.822984 -0.568065 0.109927 -0.209927
-0 -0 0 -0
-0.0201842 -0.0158133 6.57505e-05 -0.000131497
-0.0403684 -0.0316266 0.000263053 -0.000526038
-0.0605526 -0.0474399 0.00059206 -0.00118378
-0.0807368 -0.0632532 0.00105303 -0.00210497
-0.100921 -0.0790665 0.00164631 -0.00328997
-0.121105 -0.0948798 0.00237237 -0.00473924
-0.141289 -0.110693 0.00323177 -0.00645334
-0.161474 -0.126506 0.00422517 -0.00843293
-0.181658 -0.14232 0.00535334 -0.0106788
-0.201842 -0.158133 0.00661714 -0.0131918
-0.222026 -0.173946 0.00801754 -0.0159728
-0.24221 -0.18976 0.00955562 -0.0190231
-0.262394 -0.205573 0.0112325 -0.0223437
-0.282579 -0.221386 0.0130496 -0.0259359
-0.302763 -0.2372 0.0150081 -0.029801
-0.322947 -0.253013 0.0171097 -0.0339407
-0.343131 -0.268826 0.0193558 -0.0383564
-0.363315 -0.284639 0.0217481 -0.0430499
-0.3835 -0.300453 0.0242885 -0.0480229
-0.403684 -0.316266 0.0269788 -0.0532773
-0.423868 -0.332079 0.029821 -0.0588151
-0.444052 -0.347893 0.0328172 -0.0646383
-0.464236 -0.363706 0.0359696 -0.0707493
-0.484421 -0.379519 0.0392805 -0.0771503
-0.504605 -0.395333 0.0427522 -0.0838436
-0.524789 -0.411146 0.0463874 -0.0908318
-0.544973 -0.426959 0.0501886 -0.0981175
-0.565157 -0.442773 0.0541584 -0.105703
-0.585342 -0.458586 0.0582998 -0.113592
-0.605526 -0.474399 0.0626155 -0.121787
-0.62571 -0.490212 0.0671087 -0.130291
-0.645894 -0.506026 0.0717824 -0.139107
-0.666078 -0.521839 0.0766399 -0.148238
-0.686263 -0.537652 0.0816844 -0.157687
-0.706447 -0.553466 0.0869194 -0.167459
-0.726631 -0.569279 0.0923484 -0.177556
-0.746815 -0.585092 0.0979751 -0.187982
-0.766999 -0.600906 0.103803 -0.198741
-0.787183 -0.616719 0.109836 -0.209836
-0 -0 0 -0
-0.0191926 -0.0170031 6.575e-05 -0.000131496
-0.0383852 -0.0340063 0.000263046 -0.000526031
-0.0575777 -0.0510094 0.000592026 -0.00118374
-0.0767703 -0.0680126 0.00105292 -0.00210486
-0.0959629 -0.0850157 0.00164605 -0.0032897
-0.115155 -0.102019 0.00237182 -0.00473869
-0.134348 -0.119022 0.00323075 -0.00645232
-0.153541 -0.136025 0.00422344 -0.00843119
-0.172733 -0.153028 0.00535056 -0.010676
-0.191926 -0.170031 0.0066129 -0.0131875
-0.211118 -0.187035 0.00801133 -0.0159666
-0.230311 -0.204038 0.00954682 -0.0190143
-0.249504 -0.221041 0.0112204 -0.0223315
-0.268696 -0.238044 0.0130333 -0.0259196
-0.287889 -0.255047 0.0149867 -0.0297796
-0.307081 -0.27205 0.0170819 -0.0339129
-0.326274 -0.289053 0.0193203 -0.038321
-0.345466 -0.306057 0.0217036 -0.0430053
-0.364659 -0.32306 0.0242332 -0.0479676
-0.383852 -0.340063 0.0269109 -0.0532094
-0.403044 -0.357066 0.0297384 -0.0587325
-0.422237 -0.374069 0.0327178 -0.0645389
-0.441429 -0.391072 0.0358508 -0.0706306
-0.460622 -0.408075 0.0391397 -0.0770095
-0.479815 -0.425079 0.0425865 -0.0836779
-0.499007 -0.442082 0.0461935 -0.0906379
-0.5182 -0.459085 0.0499631 -0.097892
-0.537392 -0.476088 0.0538976 -0.105443
-0.556585 -0.493091 0.0579996 -0.113292
-0.575777 -0.510094 0.0622718 -0.121443
-0.59497 -0.527097 0.0667168 -0.129899
-0.614163 -0.544101 0.0713375 -0.138662
-0.633355 -0.561104 0.0761367 -0.147734
-0.652548 -0.578107 0.0811174 -0.15712
-0.67174 -0.59511 0.0862827 -0.166822
-0.690933 -0.612113 0.0916357 -0.176843
-0.710126 -0.629116 0.0971798 -0.187186
-0.729318 -0.64612 0.102918 -0.197856
-0.748511 -0.663123 0.108855 -0.208855
-0 -0 0 -0
-0.0181309 -0.0181309 6.57493e-05 -0.000131495
-0.0362619 -0.0362619 0.000263034 -0.000526019
-0.0543928 -0.0543928 0.000591964 -0.00118368
-0.0725238 -0.0725238 0.00105272 -0.00210466
-0.0906547 -0.0906547 0.00164557 -0.00328922
-0.108786 -0.108786 0.00237083 -0.00473769
-0.126917 -0.126917 0.0032289 -0.00645047
-0.145048 -0.145048 0.00422028 -0.00842804
-0.163178 -0.163178 0.0053455 -0.0106709
-0.181309 -0.181309 0.00660519 -0.0131798
-0.19944 -0.19944 0.00800004 -0.0159553
-0.217571 -0.217571 0.00953084 -0.0189983
-0.235702 -0.235702 0.0111984 -0.0223095
-0.253833 -0.253833 0.0130037 -0.0258899
-0.271964 -0.271964 0.0149476 -0.0297405
-0.290095 -0.290095 0.0170313 -0.0338624
-0.308226 -0.308226 0.0192559 -0.0382566
-0.326357 -0.326357 0.0216226 -0.0429244
-0.344488 -0.344488 0.0241327 -0.0478671
-0.362619 -0.362619 0.0267875 -0.053086
-0.38075 -0.38075 0.0295885 -0.0585826
-0.398881 -0.398881 0.0325372 -0.0643583
-0.417012 -0.417012 0.0356351 -0.0704148
-0.435143 -0.435143 0.0388839 -0.0767537
-0.453274 -0.453274 0.0422853 -0.0833767
-0.471405 -0.471405 0.0458412 -0.0902856
-0.489535 -0.489535 0.0495534 -0.0974823
-0.507666 -0.507666 0.0534237 -0.104969
-0.525797 -0.525797 0.0574544 -0.112747
-0.543928 -0.543928 0.0616474 -0.120819
-0.562059 -0.562059 0.0660049 -0.129187
-0.58019 -0.58019 0.0705291 -0.137853
-0.598321 -0.598321 0.0752224 -0.14682
-0.616452 -0.616452 0.0800872 -0.15609
-0.634583 -0.634583 0.0851258 -0.165665
-0.652714 -0.652714 0.0903409 -0.175548
-0.670845 -0.670845 0.095735 -0.185742
-0.688976 -0.688976 0.101311 -0.196248
-0.707107 -0.707107 0.107071 -0.207071
-0 -0 0 -0
-0.0170031 -0.0191926 6.57482e-05 -0.000131494
-0.0340063 -0.0383852 0.000263017 -0.000526002
-0.0510094 -0.0575777 0.000591879 -0.00118359
-0.0680126 -0.0767703 0.00105245 -0.00210439
-0.0850157 -0.0959629 0.00164491 -0.00328857
-0.102019 -0.115155 0.00236947 -0.00473633
-0.119022 -0.134348 0.00322639 -0.00644795
-0.136025 -0.153541 0.00421599 -0.00842374
-0.153028 -0.172733 0.00533862 -0.0106641
-0.170031 -0.191926 0.00659471 -0.0131693
-0.187035 -0.211118 0.0079847 -0.01594
-0.204038 -0.230311 0.00950911 -0.0189766
-0.221041 -0.249504 0.0111685 -0.0222796
-0.238044 -0.268696 0.0129634 -0.0258497
-0.255047 -0.287889 0.0148946 -0.0296875
-0.27205 -0.307081 0.0169627 -0.0337937
-0.289053 -0.326274 0.0191684 -0.0381691
-0.306057 -0.345466 0.0215127 -0.0428144
-0.32306 -0.364659 0.0239962 -0.0477306
-0.340063 -0.383852 0.0266199 -0.0529184
-0.357066 -0.403044 0.0293848 -0.0583788
-0.374069 -0.422237 0.0322917 -0.0641129
-0.391072 -0.441429 0.0353419 -0.0701216
-0.408075 -0.460622 0.0385363 -0.0764061
-0.425079 -0.479815 0.0418761 -0.0829675
-0.442082 -0.499007 0.0453624 -0.0898069
-0.459085 -0.5182 0.0489966 -0.0969255
-0.476088 -0.537392 0.0527798 -0.104325
-0.493091 -0.556585 0.0567134 -0.112006
-0.510094 -0.575777 0.0607987 -0.11997
-0.527097 -0.59497 0.0650373 -0.128219
-0.544101 -0.614163 0.0694305 -0.136755
-0.561104 -0.633355 0.0739799 -0.145578
-0.578107 -0.652548 0.0786871 -0.15469
-0.59511 -0.67174 0.0835536 -0.164093
-0.612113 -0.690933 0.0885811 -0.173788
-0.629116 -0.710126 0.0937714 -0.183778
-0.64612 -0.729318 0.0991262 -0.194064
-0.663123 -0.748511 0.104647 -0.204647
-0 -0 0 -0
-0.0158133 -0.0201842 6.5747e-05 -0.000131493
-0.0316266 -0.0403684 0.000262997 -0.000525982
-0.0474399 -0.0605526 0.000591779 -0.0011835
-0.0632532 -0.0807368 0.00105214 -0.00210408
-0.0790665 -0.100921 0.00164414 -0.0032878
-0.0948798 -0.121105 0.00236787 -0.00473474
-0.110693 -0.141289 0.00322344 -0.006445
-0.126506 -0.161474 0.00421095 -0.00841871
-0.14232 -0.181658 0.00533056 -0.010656
-0.158133 -0.201842 0.00658241 -0.013157
-0.173946 -0.222026 0.0079667 -0.015922
-0.18976 -0.24221 0.00948361 -0.0189511
-0.205573 -0.262394 0.0111334 -0.0222445
-0.221386 -0.282579 0.0129162 -0.0258025
-0.2372 -0.302763 0.0148323 -0.0296252
-0.253013 -0.322947 0.0168821 -0.0337131
-0.268826 -0.343131 0.0190657 -0.0380664
-0.284639 -0.363315 0.0213836 -0.0426853
-0.300453 -0.3835 0.0238359 -0.0475703
-0.316266 -0.403684 0.0264232 -0.0527216
-0.332079 -0.423868 0.0291456 -0.0581397
-0.347893 -0.444052 0.0320037 -0.0638249
-0.363706 -0.464236 0.0349978 -0.0697775
-0.379519 -0.484421 0.0381283 -0.0759982
-0.395333 -0.504605 0.0413957 -0.0824871
-0.411146 -0.524789 0.0448005 -0.0892449
-0.426959 -0.544973 0.0483431 -0.0962721
-0.442773 -0.565157 0.052024 -0.103569
-0.458586 -0.585342 0.0558437 -0.111136
-0.474399 -0.605526 0.0598027 -0.118974
-0.490212 -0.62571 0.0639017 -0.127084
-0.506026 -0.645894 0.0681411 -0.135465
-0.521839 -0.666078 0.0725217 -0.144119
-0.537652 -0.686263 0.0770439 -0.153046
-0.553466 -0.706447 0.0817084 -0.162247
-0.569279 -0.726631 0.0865158 -0.171723
-0.585092 -0.746815 0.0914669 -0.181473
-0.600906 -0.766999 0.0965622 -0.1915
-0.616719 -0.787183 0.101803 -0.201803
-0 -0 0 0
-0.0145658 -0.0211022 6.57457e-05 -0.000131492
-0.0291315 -0.0422043 0.000262977 -0.000525961
-0.0436973 -0.0633065 0.000591674 -0.00118339
-0.0582631 -0.0844086 0.00105181 -0.00210375
-0.0728288 -0.105511 0.00164333 -0.00328699
-0.0873946 -0.126613 0.00236619 -0.00473305
-0.10196 -0.147715 0.00322031 -0.00644188
-0.116526 -0.168817 0.00420562 -0.00841338
-0.131092 -0.189919 0.00532203 -0.0106475
-0.145658 -0.211022 0.00656941 -0.013144
-0.160223 -0.232124 0.00794766 -0.015903
-0.174789 -0.253226 0.00945665 -0.0189241
-0.189355 -0.274328 0.0110962 -0.0222073
-0.203921 -0.29543 0.0128662 -0.0257525
-0.218486 -0.316532 0.0147665 -0.0295594
-0.233052 -0.337634 0.0167969 -0.0336279
-0.247618 -0.358737 0.0189571 -0.0379578
-0.262184 -0.379839 0.0212471 -0.0425489
-0.276749 -0.400941 0.0236665 -0.0474009
-0.291315 -0.422043 0.0262151 -0.0525136
-0.305881 -0.443145 0.0288928 -0.0578868
-0.320447 -0.464247 0.0316991 -0.0635203
-0.335013 -0.485349 0.0346339 -0.0694137
-0.349578 -0.506452 0.037697 -0.0755668
-0.364144 -0.527554 0.0408879 -0.0819792
-0.37871 -0.548656 0.0442063 -0.0886508
-0.393276 -0.569758 0.0476521 -0.0955811
-0.407841 -0.59086 0.0512248 -0.10277
-0.422407 -0.611962 0.0549241 -0.110217
-0.436973 -0.633065 0.0587496 -0.117921
-0.451539 -0.654167 0.0627009 -0.125883
-0.466104 -0.675269 0.0667778 -0.134102
-0.48067 -0.696371 0.0709797 -0.142577
-0.495236 -0.717473 0.0753064 -0.151309
-0.509802 -0.738575 0.0797573 -0.160296
-0.524367 -0.759677 0.084332 -0.169539
-0.538933 -0.78078 0.0890301 -0.179037
-0.553499 -0.801882 0.0938511 -0.188789
-0.568065 -0.822984 0.0987946 -0.198795
-0 -0 0 0
-0.0132651 -0.0219431 6.57444e-05 -0.000131491
-0.0265301 -0.0438862 0.000262956 -0.000525941
-0.0397952 -0.0658293 0.000591572 -0.00118329
-0.0530603 -0.0877724 0.00105149 -0.00210342
-0.0663254 -0.109716 0.00164255 -0.0032862
-0.0795904 -0.131659 0.00236456 -0.00473143
-0.0928555 -0.153602 0.00321731 -0.00643887
-0.106121 -0.175545 0.00420049 -0.00840825
-0.119386 -0.197488 0.0053138 -0.0106392
-0.132651 -0.219431 0.00655688 -0.0131315
-0.145916 -0.241374 0.00792932 -0.0158846
-0.159181 -0.263317 0.00943067 -0.0188981
-0.172446 -0.28526 0.0110604 -0.0221716
-0.185711 -0.307204 0.0128181 -0.0257044
-0.198976 -0.329147 0.0147031 -0.029496
-0.212241 -0.35109 0.0167148 -0.0335458
-0.225506 -0.373033 0.0188525 -0.0378531
-0.238771 -0.394976 0.0211155 -0.0424173
-0.252036 -0.416919 0.0235032 -0.0472376
-0.265301 -0.438862 0.0260146 -0.0523131
-0.278567 -0.460805 0.0286491 -0.0576431
-0.291832 -0.482748 0.0314056 -0.0632268
-0.305097 -0.504692 0.0342833 -0.0690631
-0.318362 -0.526635 0.0372812 -0.0751511
-0.331627 -0.548578 0.0403984 -0.0814898
-0.344892 -0.570521 0.0436338 -0.0880782
-0.358157 -0.592464 0.0469862 -0.0949152
-0.371422 -0.614407 0.0504546 -0.102
-0.384687 -0.63635 0.0540378 -0.10933
-0.397952 -0.658293 0.0577346 -0.116906
-0.411217 -0.680236 0.0615438 -0.124726
-0.424482 -0.70218 0.0654639 -0.132788
-0.437747 -0.724123 0.0694938 -0.141091
-0.451012 -0.746066 0.0736319 -0.149635
-0.464278 -0.768009 0.077877 -0.158416
-0.477543 -0.789952 0.0822274 -0.167435
-0.490808 -0.811895 0.0866817 -0.176688
-0.504073 -0.833838 0.0912384 -0.186176
-0.517338 -0.855781 0.0958959 -0.195896
-0 -0 0 0
-0.011916 -0.022704 6.57434e-05 -0.00013149
-0.023832 -0.045408 0.000262939 -0.000525924
-0.0357479 -0.068112 0.000591484 -0.0011832
-0.0476639 -0.090816 0.00105121 -0.00210315
-0.0595799 -0.11352 0.00164186 -0.00328552
-0.0714959 -0.136224 0.00236315 -0.00473001
-0.0834119 -0.158928 0.00321468 -0.00643625
-0.0953278 -0.181632 0.00419602 -0.00840378
-0.107244 -0.204336 0.00530664 -0.0106321
-0.11916 -0.22704 0.00654596 -0.0131206
-0.131076 -0.249744 0.00791333 -0.0158686
-0.142992 -0.272448 0.00940802 -0.0188755
-0.154908 -0.295152 0.0110292 -0.0221404
-0.166824 -0.317856 0.0127761 -0.0256624
-0.17874 -0.34056 0.0146478 -0.0294407
-0.190656 -0.363264 0.0166432 -0.0334742
-0.202572 -0.385968 0.0187613 -0.0377619
-0.214488 -0.408672 0.0210009 -0.0423026
-0.226404 -0.431376 0.0233608 -0.0470952
-0.23832 -0.45408 0.0258399 -0.0521384
-0.250236 -0.476784 0.0284366 -0.0574307
-0.262152 -0.499488 0.0311497 -0.0629709
-0.274068 -0.522192 0.0339776 -0.0687574
-0.285983 -0.544896 0.0369188 -0.0747886
-0.297899 -0.5676 0.0399717 -0.0810631
-0.309815 -0.590304 0.0431346 -0.087579
-0.321731 -0.613008 0.0464057 -0.0943347
-0.333647 -0.635712 0.0497832 -0.101328
-0.345563 -0.658416 0.0532652 -0.108558
-0.357479 -0.68112 0.0568498 -0.116021
-0.369395 -0.703824 0.0605349 -0.123717
-0.381311 -0.726528 0.0643185 -0.131643
-0.393227 -0.749232 0.0681983 -0.139796
-0.405143 -0.771936 0.0721722 -0.148175
-0.417059 -0.79464 0.0762377 -0.156777
-0.428975 -0.817344 0.0803927 -0.1656
-0.440891 -0.840048 0.0846345 -0.174641
-0.452807 -0.862752 0.0889607 -0.183898
-0.464723 -0.885456 0.0933688 -0.193369
-0 -0 0 0
-0.0105234 -0.023382 6.57425e-05 -0.000131489
-0.0210468 -0.0467641 0.000262926 -0.000525911
-0.0315702 -0.0701461 0.000591416 -0.00118313
-0.0420936 -0.0935282 0.00105099 -0.00210293
-0.052617 -0.11691 0.00164134 -0.003285
-0.0631404 -0.140292 0.00236207 -0.00472893
-0.0736638 -0.163674 0.00321268 -0.00643425
-0.0841872 -0.187056 0.00419261 -0.00840036
-0.0947106 -0.210438 0.00530117 -0.0106266
-0.105234 -0.23382 0.00653763 -0.0131123
-0.115757 -0.257203 0.00790113 -0.0158564
-0.126281 -0.280585 0.00939075 -0.0188582
-0.136804 -0.303967 0.0110055 -0.0221166
-0.147328 -0.327349 0.0127442 -0.0256304
-0.157851 -0.350731 0.0146056 -0.0293985
-0.168374 -0.374113 0.0165886 -0.0334196
-0.178898 -0.397495 0.0186917 -0.0376924
-0.189421 -0.420877 0.0209135 -0.0422152
-0.199945 -0.444259 0.0232523 -0.0469867
-0.210468 -0.467641 0.0257066 -0.0520051
-0.220992 -0.491023 0.0282747 -0.0572687
-0.231515 -0.514405 0.0309546 -0.0627758
-0.242038 -0.537787 0.0337446 -0.0685243
-0.252562 -0.561169 0.0366425 -0.0745123
-0.263085 -0.584551 0.0396464 -0.0807378
-0.273609 -0.607933 0.042754 -0.0871985
-0.284132 -0.631315 0.0459631 -0.0938921
-0.294655 -0.654697 0.0492713 -0.100816
-0.305179 -0.678079 0.0526762 -0.107969
-0.315702 -0.701461 0.0561753 -0.115347
-0.326226 -0.724843 0.0597659 -0.122948
-0.336749 -0.748226 0.0634453 -0.130769
-0.347272 -0.771608 0.0672107 -0.138808
-0.357796 -0.79499 0.0710593 -0.147062
-0.368319 -0.818372 0.0749881 -0.155527
-0.378843 -0.841754 0.0789939 -0.164201
-0.389366 -0.865136 0.0830737 -0.17308
-0.399889 -0.888518 0.0872243 -0.182162
-0.410413 -0.9119 0.0914422 -0.191442
-0 -0 0 0
-0.00909243 -0.0239748 6.5742e-05 -0.000131488
-0.0181849 -0.0479496 0.000262918 -0.000525903
-0.0272773 -0.0719243 0.000591376 -0.00118309
-0.0363697 -0.0958991 0.00105087 -0.0021028
-0.0454622 -0.119874 0.00164103 -0.00328469
-0.0545546 -0.143849 0.00236142 -0.00472829
-0.063647 -0.167823 0.00321149 -0.00643305
-0.0727395 -0.191798 0.00419057 -0.00839833
-0.0818319 -0.215773 0.00529791 -0.0106234
-0.0909243 -0.239748 0.00653265 -0.0131073
-0.100017 -0.263723 0.00789384 -0.0158491
-0.109109 -0.287697 0.00938043 -0.0188479
-0.118202 -0.311672 0.0109912 -0.0221024
-0.127294 -0.335647 0.012725 -0.0256113
-0.136386 -0.359622 0.0145804 -0.0293733
-0.145479 -0.383596 0.016556 -0.033387
-0.154571 -0.407571 0.0186501 -0.0376508
-0.163664 -0.431546 0.0208612 -0.042163
-0.172756 -0.455521 0.0231874 -0.0469218
-0.181849 -0.479496 0.025627 -0.0519255
-0.190941 -0.50347 0.0281779 -0.0571719
-0.200034 -0.527445 0.030838 -0.0626592
-0.209126 -0.55142 0.0336053 -0.068385
-0.218218 -0.575395 0.0364774 -0.0743472
-0.227311 -0.599369 0.0394519 -0.0805433
-0.236403 -0.623344 0.0425265 -0.086971
-0.245496 -0.647319 0.0456986 -0.0936276
-0.254588 -0.671294 0.0489653 -0.10051
-0.263681 -0.695268 0.0523241 -0.107617
-0.272773 -0.719243 0.0557721 -0.114944
-0.281865 -0.743218 0.0593061 -0.122488
-0.290958 -0.767193 0.0629233 -0.130247
-0.30005 -0.791168 0.0666204 -0.138218
-0.309143 -0.815142 0.0703941 -0.146397
-0.318235 -0.839117 0.0742411 -0.15478
-0.327328 -0.863092 0.0781578 -0.163365
-0.33642 -0.887067 0.0821408 -0.172147
-0.345512 -0.911041 0.0861863 -0.181124
-0.354605 -0.935016 0.0902906 -0.190291
-0 -0 0 0
-0.00762828 -0.02448 6.57419e-05 -0.000131488
-0.0152566 -0.04896 0.000262916 -0.000525901
-0.0228849 -0.0734401 0.000591366 -0.00118308
-0.0305131 -0.0979201 0.00105083 -0.00210277
-0.0381414 -0.1224 0.00164096 -0.00328461
-0.0457697 -0.14688 0.00236127 -0.00472814
-0.053398 -0.17136 0.00321121 -0.00643277
-0.0610263 -0.19584 0.00419009 -0.00839784
-0.0686546 -0.22032 0.00529714 -0.0106226
-0.0762828 -0.2448 0.00653148 -0.0131061
-0.0839111 -0.26928 0.00789212 -0.0158474
-0.0915394 -0.29376 0.00937799 -0.0188454
-0.0991677 -0.31824 0.0109879 -0.022099
-0.106796 -0.34272 0.0127205 -0.0256068
-0.114424 -0.3672 0.0145745 -0.0293674
-0.122053 -0.39168 0.0165483 -0.0333793
-0.129681 -0.41616 0.0186403 -0.0376409
-0.137309 -0.44064 0.0208488 -0.0421506
-0.144937 -0.46512 0.0231721 -0.0469065
-0.152566 -0.4896 0.0256081 -0.0519066
-0.160194 -0.51408 0.028155 -0.057149
-0.167822 -0.53856 0.0308104 -0.0626316
-0.175451 -0.563041 0.0335723 -0.0683521
-0.183079 -0.587521 0.0364383 -0.0743081
-0.190707 -0.612001 0.039406 -0.0804974
-0.198335 -0.636481 0.0424727 -0.0869172
-0.205964 -0.660961 0.045636 -0.093565
-0.213592 -0.685441 0.048893 -0.100438
-0.22122 -0.709921 0.0522409 -0.107533
-0.228849 -0.734401 0.0556767 -0.114848
-0.236477 -0.758881 0.0591974 -0.12238
-0.244105 -0.783361 0.0627999 -0.130124
-0.251733 -0.807841 0.0664808 -0.138078
-0.259362 -0.832321 0.0702368 -0.146239
-0.26699 -0.856801 0.0740644 -0.154604
-0.274618 -0.881281 0.0779601 -0.163167
-0.282246 -0.905761 0.0819202 -0.171927
-0.289875 -0.930241 0.0859408 -0.180878
-0.297503 -0.954721 0.0900182 -0.190018
-0 -0 0 0
-0.0061363 -0.0248959 6.57422e-05 -0.000131488
-0.0122726 -0.0497919 0.00026292 -0.000525905
-0.0184089 -0.0746878 0.000591389 -0.0011831
-0.0245452 -0.0995838 0.0010509 -0.00210284
-0.0306815 -0.12448 0.00164113 -0.00328478
-0.0368178 -0.149376 0.00236163 -0.00472849
-0.0429541 -0.174272 0.00321186 -0.00643343
-0.0490904 -0.199168 0.0041912 -0.00839896
-0.0552267 -0.224063 0.00529893 -0.0106244
-0.061363 -0.248959 0.00653421 -0.0131088
-0.0674993 -0.273855 0.00789612 -0.0158514
-0.0736356 -0.298751 0.00938365 -0.0188511
-0.0797719 -0.323647 0.0109957 -0.0221068
-0.0859082 -0.348543 0.012731 -0.0256173
-0.0920445 -0.373439 0.0145883 -0.0293812
-0.0981808 -0.398335 0.0165662 -0.0333972
-0.104317 -0.423231 0.0186631 -0.0376638
-0.110453 -0.448127 0.0208775 -0.0421793
-0.11659 -0.473023 0.0232077 -0.0469421
-0.122726 -0.497919 0.0256518 -0.0519503
-0.128862 -0.522815 0.0282081 -0.0572021
-0.134999 -0.547711 0.0308744 -0.0626956
-0.141135 -0.572607 0.0336487 -0.0684285
-0.147271 -0.597503 0.0365289 -0.0743987
-0.153407 -0.622399 0.0395126 -0.080604
-0.159544 -0.647295 0.0425975 -0.0870419
-0.16568 -0.67219 0.0457811 -0.0937101
-0.171816 -0.697086 0.0490608 -0.100606
-0.177953 -0.721982 0.052434 -0.107727
-0.184089 -0.746878 0.0558978 -0.115069
-0.190225 -0.771774 0.0594496 -0.122632
-0.196362 -0.79667 0.0630861 -0.13041
-0.202498 -0.821566 0.0668045 -0.138402
-0.208634 -0.846462 0.0706016 -0.146604
-0.21477 -0.871358 0.0744741 -0.155013
-0.220907 -0.896254 0.0784186 -0.163626
-0.227043 -0.92115 0.0824318 -0.172438
-0.233179 -0.946046 0.0865101 -0.181448
-0.239316 -0.970942 0.0906498 -0.19065
-0 -0 0 0
-0.00462192 -0.025221 6.57428e-05 -0.000131489
-0.00924385 -0.050442 0.00026293 -0.000525915
-0.0138658 -0.0756631 0.00059144 -0.00118316
-0.0184877 -0.100884 0.00105107 -0.00210301
-0.0231096 -0.126105 0.00164153 -0.00328518
-0.0277315 -0.151326 0.00236245 -0.00472932
-0.0323535 -0.176547 0.00321339 -0.00643496
-0.0369754 -0.201768 0.00419382 -0.00840158
-0.0415973 -0.226989 0.00530312 -0.0106286
-0.0462192 -0.25221 0.0065406 -0.0131152
-0.0508412 -0.277431 0.00790547 -0.0158608
-0.0554631 -0.302652 0.0093969 -0.0188644
-0.060085 -0.327873 0.0110139 -0.022125
-0.0647069 -0.353094 0.0127555 -0.0256418
-0.0693289 -0.378315 0.0146206 -0.0294135
-0.0739508 -0.403536 0.016608 -0.0334391
-0.0785727 -0.428757 0.0187165 -0.0377171
-0.0831946 -0.453978 0.0209446 -0.0422464
-0.0878166 -0.479199 0.0232909 -0.0470253
-0.0924385 -0.50442 0.0257541 -0.0520526
-0.0970604 -0.529641 0.0283323 -0.0573264
-0.101682 -0.554863 0.0310241 -0.0628452
-0.106304 -0.580084 0.0338275 -0.0686073
-0.110926 -0.605305 0.0367409 -0.0746107
-0.115548 -0.630526 0.0397622 -0.0808536
-0.12017 -0.655747 0.0428895 -0.087334
-0.124792 -0.680968 0.0461207 -0.0940497
-0.129414 -0.706189 0.0494536 -0.100999
-0.134036 -0.73141 0.0528859 -0.108179
-0.138658 -0.756631 0.0564154 -0.115587
-0.14328 -0.781852 0.0600397 -0.123222
-0.147902 -0.807073 0.0637562 -0.13108
-0.152523 -0.832294 0.0675624 -0.13916
-0.157145 -0.857515 0.0714555 -0.147458
-0.161767 -0.882736 0.075433 -0.155972
-0.166389 -0.907957 0.079492 -0.164699
-0.171011 -0.933178 0.0836295 -0.173636
-0.175633 -0.958399 0.0878425 -0.18278
-0.180255 -0.98362 0.0921282 -0.192128
-0 -0 0 0
-0.00309068 -0.0254541 6.57438e-05 -0.00013149
-0.00618137 -0.0509081 0.000262946 -0.00052593
-0.00927205 -0.0763622 0.000591517 -0.00118323
-0.0123627 -0.101816 0.00105131 -0.00210325
-0.0154534 -0.12727 0.00164212 -0.00328578
-0.0185441 -0.152724 0.00236368 -0.00473055
-0.0216348 -0.178179 0.00321567 -0.00643723
-0.0247255 -0.203633 0.0041977 -0.00840546
-0.0278162 -0.229087 0.00530933 -0.0106348
-0.0309068 -0.254541 0.00655007 -0.0131247
-0.0339975 -0.279995 0.00791934 -0.0158746
-0.0370882 -0.305449 0.00941654 -0.018884
-0.0401789 -0.330903 0.011041 -0.0221521
-0.0432696 -0.356357 0.0127919 -0.0256782
-0.0463603 -0.381811 0.0146686 -0.0294615
-0.0494509 -0.407265 0.0166701 -0.0335011
-0.0525416 -0.432719 0.0187956 -0.0377962
-0.0556323 -0.458173 0.021044 -0.0423458
-0.058723 -0.483627 0.0234144 -0.0471488
-0.0618137 -0.509081 0.0259056 -0.0522041
-0.0649044 -0.534536 0.0285165 -0.0575106
-0.0679951 -0.55999 0.031246 -0.0630671
-0.0710857 -0.585444 0.0340926 -0.0688724
-0.0741764 -0.610898 0.0370551 -0.074925
-0.0772671 -0.636352 0.0401322 -0.0812236
-0.0803578 -0.661806 0.0433223 -0.0877668
-0.0834485 -0.68726 0.046624 -0.094553
-0.0865392 -0.712714 0.0500358 -0.101581
-0.0896298 -0.738168 0.0535558 -0.108848
-0.0927205 -0.763622 0.0571826 -0.116354
-0.0958112 -0.789076 0.0609144 -0.124097
-0.0989019 -0.81453 0.0647494 -0.132073
-0.101993 -0.839984 0.0686856 -0.140283
-0.105083 -0.865439 0.0727213 -0.148724
-0.108174 -0.890893 0.0768543 -0.157393
-0.111265 -0.916347 0.0810828 -0.16629
-0.114355 -0.941801 0.0854046 -0.175411
-0.117446 -0.967255 0.0898175 -0.184755
-0.120537 -0.992709 0.0943194 -0.194319
-0 -0 0 0
-0.00154817 -0.0255942 6.57449e-05 -0.000131491
-0.00309633 -0.0511885 0.000262964 -0.000525949
-0.0046445 -0.0767827 0.000591612 -0.00118333
-0.00619267 -0.102377 0.00105161 -0.00210355
-0.00774083 -0.127971 0.00164285 -0.00328651
-0.009289 -0.153565 0.0023652 -0.00473206
-0.0108372 -0.17916 0.00321848 -0.00644004
-0.0123853 -0.204754 0.00420249 -0.00841025
-0.0139335 -0.230348 0.00531701 -0.0106425
-0.0154817 -0.255942 0.00656176 -0.0131364
-0.0170298 -0.281537 0.00793646 -0.0158918
-0.018578 -0.307131 0.00944079 -0.0189082
-0.0201262 -0.332725 0.0110744 -0.0221855
-0.0216743 -0.358319 0.0128369 -0.0257231
-0.0232225 -0.383914 0.0147278 -0.0295207
-0.0247707 -0.409508 0.0167468 -0.0335778
-0.0263188 -0.435102 0.0188933 -0.0378939
-0.027867 -0.460696 0.0211668 -0.0424686
-0.0294152 -0.486291 0.0235668 -0.0473012
-0.0309633 -0.511885 0.0260927 -0.0523912
-0.0325115 -0.537479 0.028744 -0.0577381
-0.0340597 -0.563073 0.0315199 -0.0633411
-0.0356078 -0.588668 0.0344199 -0.0691996
-0.037156 -0.614262 0.0374432 -0.075313
-0.0387042 -0.639856 0.0405891 -0.0816804
-0.0402523 -0.66545 0.0438568 -0.0883012
-0.0418005 -0.691045 0.0472456 -0.0951746
-0.0433487 -0.716639 0.0507546 -0.1023
-0.0448968 -0.742233 0.054383 -0.109676
-0.046445 -0.767827 0.05813 -0.117302
-0.0479932 -0.793422 0.0619945 -0.125177
-0.0495413 -0.819016 0.0659757 -0.1333
-0.0510895 -0.84461 0.0700726 -0.14167
-0.0526377 -0.870204 0.0742841 -0.150287
-0.0541858 -0.895799 0.0786094 -0.159148
-0.055734 -0.921393 0.0830472 -0.168254
-0.0572822 -0.946987 0.0875964 -0.177603
-0.0588303 -0.972581 0.0922561 -0.187194
-0.0603785 -0.998176 0.097025 -0.197025
-0 -0 0 0
-4.71018e-18 -0.025641 6.57462e-05 -0.000131492
-9.42036e-18 -0.0512821 0.000262985 -0.00052597
-1.41305e-17 -0.0769231 0.000591716 -0.00118343
-1.88407e-17 -0.102564 0.00105194 -0.00210388
-2.35509e-17 -0.128205 0.00164366 -0.00328731
-2.82611e-17 -0.153846 0.00236686 -0.00473373
-3.29713e-17 -0.179487 0.00322156 -0.00644313
-3.76814e-17 -0.205128 0.00420776 -0.00841552
-4.23916e-17 -0.230769 0.00532544 -0.0106509
-4.71018e-17 -0.25641 0.00657462 -0.0131492
-5.1812e-17 -0.282051 0.00795529 -0.0159106
-5.65222e-17 -0.307692 0.00946746 -0.0189349
-6.12323e-17 -0.333333 0.0111111 -0.0222222
-6.59425e-17 -0.358974 0.0128863 -0.0257725
-7.06527e-17 -0.384615 0.0147929 -0.0295858
-7.53629e-17 -0.410256 0.016831 -0.0336621
-8.00731e-17 -0.435897 0.0190007 -0.0380013
-8.47832e-17 -0.461538 0.0213018 -0.0426036
-8.94934e-17 -0.487179 0.0237344 -0.0474688
-9.42036e-17 -0.512821 0.0262985 -0.052597
-9.89138e-17 -0.538462 0.0289941 -0.0579882
-1.03624e-16 -0.564103 0.0318212 -0.0636423
-1.08334e-16 -0.589744 0.0347798 -0.0695595
-1.13044e-16 -0.615385 0.0378698 -0.0757396
-1.17754e-16 -0.641026 0.0410914 -0.0821828
-1.22465e-16 -0.666667 0.0444444 -0.0888889
-1.27175e-16 -0.692308 0.047929 -0.095858
-1.31885e-16 -0.717949 0.051545 -0.10309
-1.36595e-16 -0.74359 0.0552926 -0.110585
-1.41305e-16 -0.769231 0.0591716 -0.118343
-1.46016e-16 -0.794872 0.0631821 -0.126364
-1.50726e-16 -0.820513 0.0673241 -0.134648
-1.55436e-16 -0.846154 0.0715976 -0.143195
-1.60146e-16 -0.871795 0.0760026 -0.152005
-1.64856e-16 -0.897436 0.0805391 -0.161078
-1.69566e-16 -0.923077 0.0852071 -0.170414
-1.74277e-16 -0.948718 0.0900066 -0.180013
-1.78987e-16 -0.974359 0.0949375 -0.189875
-1.83697e-16 -1 0.1 -0.2
0 -0 0 -0
0.00154817 -0.0255942 6.57475e-05 -0.000131494
0.00309633 -0.0511885 0.000263005 -0.00052599
0.0046445 -0.0767827 0.00059182 -0.00118354
0.00619267 -0.102377 0.00105227 -0.00210421
0.00774083 -0.127971 0.00164446 -0.00328811
0.009289 -0.153565 0.00236853 -0.00473539
0.0108372 -0.17916 0.00322465 -0.00644622
0.0123853 -0.204754 0.00421303 -0.00842078
0.0139335 -0.230348 0.00533388 -0.0106593
0.0154817 -0.255942 0.00658748 -0.0131621
0.0170298 -0.281537 0.00797412 -0.0159294
0.018578 -0.307131 0.00949412 -0.0189616
0.0201262 -0.332725 0.0111478 -0.022259
0.0216743 -0.358319 0.0129357 -0.0258219
0.0232225 -0.383914 0.014858 -0.0296509
0.0247707 -0.409508 0.0169153 -0.0337463
0.0263188 -0.435102 0.0191081 -0.0381087
0.027867 -0.460696 0.0214368 -0.0427385
0.0294152 -0.486291 0.023902 -0.0476364
0.0309633 -0.511885 0.0265042 -0.0528027
0.0325115 -0.537479 0.0292442 -0.0582383
0.0340597 -0.563073 0.0321224 -0.0639436
0.0356078 -0.588668 0.0351396 -0.0699194
0.037156 -0.614262 0.0382965 -0.0761663
0.0387042 -0.639856 0.0415937 -0.0826851
0.0402523 -0.66545 0.0450321 -0.0894765
0.0418005 -0.691045 0.0486124 -0.0965414
0.0433487 -0.716639 0.0523355 -0.103881
0.0448968 -0.742233 0.0562021 -0.111495
0.046445 -0.767827 0.0602132 -0.119385
0.0479932 -0.793422 0.0643697 -0.127552
0.0495413 -0.819016 0.0686726 -0.135997
0.0510895 -0.84461 0.0731227 -0.14472
0.0526377 -0.870204 0.0777211 -0.153724
0.0541858 -0.895799 0.0824689 -0.163008
0.055734 -0.921393 0.087367 -0.172574
0.0572822 -0.946987 0.0924167 -0.182423
0.0588303 -0.972581 0.097619 -0.192557
0.0603785 -0.998176 0.102975 -0.202975
0 -0 0 -0
0.00309068 -0.0254541 6.57487e-05 -0.000131495
0.00618137 -0.0509081 0.000263024 -0.000526009
0.00927205 -0.0763622 0.000591915 -0.00118363
0.0123627 -0.101816 0.00105257 -0.00210451
0.0154534 -0.12727 0.00164519 -0.00328885
0.0185441 -0.152724 0.00237005 -0.00473691
0.0216348 -0.178179 0.00322746 -0.00644903
0.0247255 -0.203633 0.00421782 -0.00842557
0.0278162 -0.229087 0.00534155 -0.010667
0.0309068 -0.254541 0.00659918 -0.0131738
0.0339975 -0.279995 0.00799124 -0.0159465
0.0370882 -0.305449 0.00951837 -0.0189858
0.0401789 -0.330903 0.0111812 -0.0222924
0.0432696 -0.356357 0.0129806 -0.0258668
0.0463603 -0.381811 0.0149172 -0.0297101
0.0494509 -0.407265 0.016992 -0.033823
0.0525416 -0.432719 0.0192057 -0.0382064
0.0556323 -0.458173 0.0215595 -0.0428613
0.058723 -0.483627 0.0240544 -0.0477888
0.0618137 -0.509081 0.0266914 -0.0529899
0.0649044 -0.534536 0.0294716 -0.0584657
0.0679951 -0.55999 0.0323964 -0.0642176
0.0710857 -0.585444 0.0354669 -0.0702466
0.0741764 -0.610898 0.0386845 -0.0765543
0.0772671 -0.636352 0.0420506 -0.083142
0.0803578 -0.661806 0.0455665 -0.090011
0.0834485 -0.68726 0.0492339 -0.0971629
0.0865392 -0.712714 0.0530543 -0.104599
0.0896298 -0.738168 0.0570293 -0.112322
0.0927205 -0.763622 0.0611606 -0.120332
0.0958112 -0.789076 0.0654498 -0.128632
0.0989019 -0.81453 0.0698989 -0.137223
0.101993 -0.839984 0.0745097 -0.146107
0.105083 -0.865439 0.079284 -0.155287
0.108174 -0.890893 0.0842239 -0.164763
0.111265 -0.916347 0.0893314 -0.174538
0.114355 -0.941801 0.0946086 -0.184615
0.117446 -0.967255 0.100058 -0.194995
0.120537 -0.992709 0.105681 -0.205681
0 -0 0 -0
0.00462192 -0.025221 6.57496e-05 -0.000131496
0.00924385 -0.050442 0.000263039 -0.000526024
0.0138658 -0.0756631 0.000591992 -0.00118371
0.0184877 -0.100884 0.00105281 -0.00210475
0.0231096 -0.126105 0.00164578 -0.00328944
0.0277315 -0.151326 0.00237127 -0.00473814
0.0323535 -0.176547 0.00322973 -0.0064513
0.0369754 -0.201768 0.0042217 -0.00842945
0.0415973 -0.226989 0.00534777 -0.0106732
0.0462192 -0.25221 0.00660865 -0.0131833
0.0508412 -0.277431 0.00800511 -0.0159604
0.0554631 -0.302652 0.00953801 -0.0190055
0.060085 -0.327873 0.0112083 -0.0223194
0.0647069 -0.353094 0.013017 -0.0259032
0.0693289 -0.378315 0.0149652 -0.0297581
0.0739508 -0.403536 0.017054 -0.0338851
0.0785727 -0.428757 0.0192849 -0.0382855
0.0831946 -0.453978 0.021659 -0.0429607
0.0878166 -0.479199 0.0241778 -0.0479122
0.0924385 -0.50442 0.0268429 -0.0531414
0.0970604 -0.529641 0.0296558 -0.0586499
0.101682 -0.554863 0.0326183 -0.0644394
0.106304 -0.580084 0.035732 -0.0705117
0.110926 -0.605305 0.0389987 -0.0768686
0.115548 -0.630526 0.0424205 -0.0835119
0.12017 -0.655747 0.0459994 -0.0904438
0.124792 -0.680968 0.0497373 -0.0976663
0.129414 -0.706189 0.0536365 -0.105182
0.134036 -0.73141 0.0576992 -0.112992
0.138658 -0.756631 0.0619277 -0.121099
0.14328 -0.781852 0.0663245 -0.129507
0.147902 -0.807073 0.0708921 -0.138216
0.152523 -0.832294 0.0756329 -0.147231
0.157145 -0.857515 0.0805497 -0.156552
0.161767 -0.882736 0.0856452 -0.166184
0.166389 -0.907957 0.0909222 -0.176129
0.171011 -0.933178 0.0963837 -0.18639
0.175633 -0.958399 0.102033 -0.19697
0.180255 -0.98362 0.107872 -0.207872
0 -0 0 -0
0.0061363 -0.0248959 6.57503e-05 -0.000131496
0.0122726 -0.0497919 0.00026305 -0.000526034
0.0184089 -0.0746878 0.000592043 -0.00118376
0.0245452 -0.0995838 0.00105297 -0.00210491
0.0306815 -0.12448 0.00164618 -0.00328984
0.0368178 -0.149376 0.0023721 -0.00473897
0.0429541 -0.174272 0.00323127 -0.00645283
0.0490904 -0.199168 0.00422431 -0.00843207
0.0552267 -0.224063 0.00535196 -0.0106774
0.061363 -0.248959 0.00661504 -0.0131897
0.0674993 -0.273855 0.00801447 -0.0159698
0.0736356 -0.298751 0.00955126 -0.0190187
0.0797719 -0.323647 0.0112265 -0.0223377
0.0859082 -0.348543 0.0130415 -0.0259278
0.0920445 -0.373439 0.0149975 -0.0297904
0.0981808 -0.398335 0.0170959 -0.0339269
0.104317 -0.423231 0.0193382 -0.0383389
0.110453 -0.448127 0.0217261 -0.0430278
0.11659 -0.473023 0.0242611 -0.0479955
0.122726 -0.497919 0.0269452 -0.0532436
0.128862 -0.522815 0.0297801 -0.0587742
0.134999 -0.547711 0.032768 -0.0645891
0.141135 -0.572607 0.0359108 -0.0706905
0.147271 -0.597503 0.0392108 -0.0770806
0.153407 -0.622399 0.0426702 -0.0837616
0.159544 -0.647295 0.0462914 -0.0907358
0.16568 -0.67219 0.0500769 -0.0980059
0.171816 -0.697086 0.0540293 -0.105574
0.177953 -0.721982 0.0581512 -0.113444
0.184089 -0.746878 0.0624453 -0.121617
0.190225 -0.771774 0.0669147 -0.130097
0.196362 -0.79667 0.0715621 -0.138886
0.202498 -0.821566 0.0763907 -0.147988
0.208634 -0.846462 0.0814037 -0.157406
0.21477 -0.871358 0.0866041 -0.167143
0.220907 -0.896254 0.0919956 -0.177203
0.227043 -0.92115 0.0975813 -0.187588
0.233179 -0.946046 0.103365 -0.198303
0.239316 -0.970942 0.10935 -0.20935
0 -0 0 -0
0.00762828 -0.02448 6.57505e-05 -0.000131497
0.0152566 -0.04896 0.000263054 -0.000526039
0.0228849 -0.0734401 0.000592065 -0.00118378
0.0305131 -0.0979201 0.00105304 -0.00210498
0.0381414 -0.1224 0.00164635 -0.00329001
0.0457697 -0.14688 0.00237246 -0.00473932
0.053398 -0.17136 0.00323192 -0.00645349
0.0610263 -0.19584 0.00422543 -0.00843319
0.0686546 -0.22032 0.00535375 -0.0106792
0.0762828 -0.2448 0.00661777 -0.0131924
0.0839111 -0.26928 0.00801846 -0.0159738
0.0915394 -0.29376 0.00955692 -0.0190244
0.0991677 -0.31824 0.0112343 -0.0223455
0.106796 -0.34272 0.013052 -0.0259383
0.114424 -0.3672 0.0150113 -0.0298042
0.122053 -0.39168 0.0171138 -0.0339448
0.129681 -0.41616 0.019361 -0.0383617
0.137309 -0.44064 0.0217547 -0.0430565
0.144937 -0.46512 0.0242967 -0.0480311
0.152566 -0.4896 0.0269888 -0.0532873
0.160194 -0.51408 0.0298332 -0.0588273
0.167822 -0.53856 0.0328319 -0.0646531
0.175451 -0.563041 0.0359872 -0.0707669
0.183079 -0.587521 0.0393013 -0.0771712
0.190707 -0.612001 0.0427768 -0.0838682
0.198335 -0.636481 0.0464161 -0.0908606
0.205964 -0.660961 0.050222 -0.098151
0.213592 -0.685441 0.0541971 -0.105742
0.22122 -0.709921 0.0583443 -0.113637
0.228849 -0.734401 0.0626665 -0.121838
0.236477 -0.758881 0.0671668 -0.130349
0.244105 -0.783361 0.0718484 -0.139173
0.251733 -0.807841 0.0767145 -0.148312
0.259362 -0.832321 0.0817685 -0.157771
0.26699 -0.856801 0.0870138 -0.167553
0.274618 -0.881281 0.0924541 -0.177661
0.282246 -0.905761 0.098093 -0.1881
0.289875 -0.930241 0.103934 -0.198872
0.297503 -0.954721 0.109982 -0.209982
0 -0 0 -0
0.00909243 -0.0239748 6.57504e-05 -0.000131497
0.0181849 -0.0479496 0.000263052 -0.000526037
0.0272773 -0.0719243 0.000592056 -0.00118377
0.0363697 -0.0958991 0.00105301 -0.00210495
0.0454622 -0.119874 0.00164628 -0.00328993
0.0545546 -0.143849 0.0023723 -0.00473917
0.063647 -0.167823 0.00323164 -0.00645321
0.0727395 -0.191798 0.00422495 -0.00843271
0.0818319 -0.215773 0.00535298 -0.0106784
0.0909243 -0.239748 0.00661659 -0.0131912
0.100017 -0.263723 0.00801674 -0.015972
0.109109 -0.287697 0.00955448 -0.0190219
0.118202 -0.311672 0.011231 -0.0223421
0.127294 -0.335647 0.0130475 -0.0259337
0.136386 -0.359622 0.0150054 -0.0297983
0.145479 -0.383596 0.0171061 -0.0339371
0.154571 -0.407571 0.0193512 -0.0383518
0.163664 -0.431546 0.0217424 -0.0430441
0.172756 -0.455521 0.0242813 -0.0480157
0.181849 -0.479496 0.02697 -0.0532685
0.190941 -0.50347 0.0298103 -0.0588044
0.200034 -0.527445 0.0328043 -0.0646255
0.209126 -0.55142 0.0359542 -0.070734
0.218218 -0.575395 0.0392623 -0.0771321
0.227311 -0.599369 0.0427308 -0.0838222
0.236403 -0.623344 0.0463624 -0.0908068
0.245496 -0.647319 0.0501594 -0.0980884
0.254588 -0.671294 0.0541247 -0.10567
0.263681 -0.695268 0.058261 -0.113554
0.272773 -0.719243 0.0625711 -0.121743
0.281865 -0.743218 0.0670581 -0.13024
0.290958 -0.767193 0.071725 -0.139049
0.30005 -0.791168 0.0765749 -0.148173
0.309143 -0.815142 0.0816112 -0.157614
0.318235 -0.839117 0.0868372 -0.167376
0.327328 -0.863092 0.0922564 -0.177463
0.33642 -0.887067 0.0978724 -0.187879
0.345512 -0.911041 0.103689 -0.198626
0.354605 -0.935016 0.109709 -0.209709
0 -0 0 -0
0.0105234 -0.023382 6.57499e-05 -0.000131496
0.0210468 -0.0467641 0.000263044 -0.000526029
0.0315702 -0.0701461 0.000592016 -0.00118373
0.0420936 -0.0935282 0.00105289 -0.00210483
0.052617 -0.11691 0.00164597 -0.00328962
0.0631404 -0.140292 0.00237166 -0.00473852
0.0736638 -0.163674 0.00323045 -0.00645201
0.0841872 -0.187056 0.00422291 -0.00843067
0.0947106 -0.210438 0.00534971 -0.0106752
0.105234 -0.23382 0.00661161 -0.0131862
0.115757 -0.257203 0.00800945 -0.0159647
0.126281 -0.280585 0.00954416 -0.0190116
0.136804 -0.303967 0.0112168 -0.0223279
0.147328 -0.327349 0.0130284 -0.0259146
0.157851 -0.350731 0.0149802 -0.0297731
0.168374 -0.374113 0.0170735 -0.0339045
0.178898 -0.397495 0.0193096 -0.0383103
0.189421 -0.420877 0.0216901 -0.0429919
0.199945 -0.444259 0.0242165 -0.0479509
0.210468 -0.467641 0.0268904 -0.0531888
0.220992 -0.491023 0.0297135 -0.0587076
0.231515 -0.514405 0.0326877 -0.0645089
0.242038 -0.537787 0.0358149 -0.0705947
0.252562 -0.561169 0.0390971 -0.0769669
0.263085 -0.584551 0.0425364 -0.0836278
0.273609 -0.607933 0.0461349 -0.0905793
0.284132 -0.631315 0.0498949 -0.0978239
0.294655 -0.654697 0.0538188 -0.105364
0.305179 -0.678079 0.0579089 -0.113201
0.315702 -0.701461 0.0621679 -0.12134
0.326226 -0.724843 0.0665984 -0.12978
0.336749 -0.748226 0.071203 -0.138527
0.347272 -0.771608 0.0759846 -0.147582
0.357796 -0.79499 0.080946 -0.156949
0.368319 -0.818372 0.0860902 -0.166629
0.378843 -0.841754 0.0914203 -0.176627
0.389366 -0.865136 0.0969394 -0.186946
0.399889 -0.888518 0.102651 -0.197588
0.410413 -0.9119 0.108558 -0.208558
0 -0 0 -0
0.011916 -0.022704 6.57491e-05 -0.000131495
0.023832 -0.045408 0.000263031 -0.000526016
0.0357479 -0.068112 0.000591948 -0.00118366
0.0476639 -0.090816 0.00105267 -0.00210461
0.0595799 -0.11352 0.00164545 -0.0032891
0.0714959 -0.136224 0.00237058 -0.00473744
0.0834119 -0.158928 0.00322845 -0.00645001
0.0953278 -0.181632 0.0042195 -0.00842726
0.107244 -0.204336 0.00534425 -0.0106697
0.11916 -0.22704 0.00660329 -0.0131779
0.131076 -0.249744 0.00799726 -0.0159526
0.142992 -0.272448 0.00952689 -0.0189943
0.154908 -0.295152 0.011193 -0.0223041
0.166824 -0.317856 0.0129964 -0.0258826
0.17874 -0.34056 0.014938 -0.0297309
0.190656 -0.363264 0.0170189 -0.0338499
0.202572 -0.385968 0.0192401 -0.0382407
0.214488 -0.408672 0.0216027 -0.0429045
0.226404 -0.431376 0.0241079 -0.0478423
0.23832 -0.45408 0.0267571 -0.0530556
0.250236 -0.476784 0.0295515 -0.0585456
0.262152 -0.499488 0.0324926 -0.0643138
0.274068 -0.522192 0.0355819 -0.0703616
0.285983 -0.544896 0.0388208 -0.0766906
0.297899 -0.5676 0.0422111 -0.0833025
0.309815 -0.590304 0.0457543 -0.0901988
0.321731 -0.613008 0.0494523 -0.0973813
0.333647 -0.635712 0.0533069 -0.104852
0.345563 -0.658416 0.0573199 -0.112612
0.357479 -0.68112 0.0614934 -0.120665
0.369395 -0.703824 0.0658293 -0.129011
0.381311 -0.726528 0.0703298 -0.137654
0.393227 -0.749232 0.0749969 -0.146595
0.405143 -0.771936 0.0798331 -0.155836
0.417059 -0.79464 0.0848405 -0.16538
0.428975 -0.817344 0.0900215 -0.175229
0.440891 -0.840048 0.0953787 -0.185385
0.452807 -0.862752 0.100914 -0.195852
0.464723 -0.885456 0.106631 -0.206631
0 -0 0 -0
0.0132651 -0.0219431 6.5748e-05 -0.000131494
0.0265301 -0.0438862 0.000263013 -0.000525998
0.0397952 -0.0658293 0.00059186 -0.00118358
0.0530603 -0.0877724 0.00105239 -0.00210433
0.0663254 -0.109716 0.00164476 -0.00328842
0.0795904 -0.131659 0.00236916 -0.00473603
0.0928555 -0.153602 0.00322582 -0.00644739
0.106121 -0.175545 0.00421502 -0.00842278
0.119386 -0.197488 0.00533708 -0.0106625
0.132651 -0.219431 0.00659236 -0.013167
0.145916 -0.241374 0.00798127 -0.0159366
0.159181 -0.263317 0.00950424 -0.0189717
0.172446 -0.28526 0.0111618 -0.0222729
0.185711 -0.307204 0.0129544 -0.0258407
0.198976 -0.329147 0.0148827 -0.0296756
0.212241 -0.35109 0.0169473 -0.0337783
0.225506 -0.373033 0.0191488 -0.0381495
0.238771 -0.394976 0.021488 -0.0427898
0.252036 -0.416919 0.0239656 -0.0477
0.265301 -0.438862 0.0265823 -0.0528808
0.278567 -0.460805 0.0293391 -0.0583332
0.291832 -0.482748 0.0322367 -0.0640579
0.305097 -0.504692 0.0352762 -0.0700559
0.318362 -0.526635 0.0384584 -0.0763282
0.331627 -0.548578 0.0417844 -0.0828758
0.344892 -0.570521 0.0452551 -0.0896996
0.358157 -0.592464 0.0488718 -0.0968008
0.371422 -0.614407 0.0526355 -0.10418
0.384687 -0.63635 0.0565473 -0.11184
0.397952 -0.658293 0.0606086 -0.11978
0.411217 -0.680236 0.0648205 -0.128003
0.424482 -0.70218 0.0691843 -0.136508
0.437747 -0.724123 0.0737015 -0.145299
0.451012 -0.746066 0.0783733 -0.154376
0.464278 -0.768009 0.0832013 -0.16374
0.477543 -0.789952 0.0881868 -0.173394
0.490808 -0.811895 0.0933314 -0.183338
0.504073 -0.833838 0.0986366 -0.193574
0.517338 -0.855781 0.104104 -0.204104
0 -0 0 -0
0.0145658 -0.0211022 6.57467e-05 -0.000131493
0.0291315 -0.0422043 0.000262993 -0.000525978
0.0436973 -0.0633065 0.000591758 -0.00118347
0.0582631 -0.0844086 0.00105207 -0.00210401
0.0728288 -0.105511 0.00164398 -0.00328764
0.0873946 -0.126613 0.00236754 -0.0047344
0.10196 -0.147715 0.00322282 -0.00644438
0.116526 -0.168817 0.00420989 -0.00841765
0.131092 -0.189919 0.00532886 -0.0106543
0.145658 -0.211022 0.00657983 -0.0131545
0.160223 -0.232124 0.00796292 -0.0159182
0.174789 -0.253226 0.00947826 -0.0189457
0.189355 -0.274328 0.011126 -0.0222371
0.203921 -0.29543 0.0129063 -0.0257925
0.218486 -0.316532 0.0148193 -0.0296122
0.233052 -0.337634 0.0168652 -0.0336962
0.247618 -0.358737 0.0190442 -0.0380448
0.262184 -0.379839 0.0213565 -0.0426582
0.276749 -0.400941 0.0238023 -0.0475367
0.291315 -0.422043 0.0263819 -0.0526803
0.305881 -0.443145 0.0290954 -0.0580895
0.320447 -0.464247 0.0319432 -0.0637644
0.335013 -0.485349 0.0349256 -0.0697053
0.349578 -0.506452 0.0380427 -0.0759125
0.364144 -0.527554 0.0412949 -0.0823863
0.37871 -0.548656 0.0446825 -0.089127
0.393276 -0.569758 0.0482059 -0.0961349
0.407841 -0.59086 0.0518653 -0.10341
0.422407 -0.611962 0.0556611 -0.110954
0.436973 -0.633065 0.0595936 -0.118765
0.451539 -0.654167 0.0636633 -0.126845
0.466104 -0.675269 0.0678705 -0.135195
0.48067 -0.696371 0.0722155 -0.143813
0.495236 -0.717473 0.0766989 -0.152702
0.509802 -0.738575 0.081321 -0.16186
0.524367 -0.759677 0.0860822 -0.171289
0.538933 -0.78078 0.0909831 -0.18099
0.553499 -0.801882 0.096024 -0.190961
0.568065 -0.822984 0.101205 -0.201205
0 -0 0 0
0.0158133 -0.0201842 6.57454e-05 -0.000131492
0.0316266 -0.0403684 0.000262972 -0.000525957
0.0474399 -0.0605526 0.000591653 -0.00118337
0.0632532 -0.0807368 0.00105174 -0.00210368
0.0790665 -0.100921 0.00164317 -0.00328682
0.0948798 -0.121105 0.00236585 -0.00473272
0.110693 -0.141289 0.00321969 -0.00644126
0.126506 -0.161474 0.00420457 -0.00841232
0.14232 -0.181658 0.00532033 -0.0106458
0.158133 -0.201842 0.00656683 -0.0131415
0.173946 -0.222026 0.00794388 -0.0158992
0.18976 -0.24221 0.0094513 -0.0189188
0.205573 -0.262394 0.0110889 -0.0222
0.221386 -0.282579 0.0128563 -0.0257426
0.2372 -0.302763 0.0147535 -0.0295464
0.253013 -0.322947 0.01678 -0.033611
0.268826 -0.343131 0.0189356 -0.0379362
0.284639 -0.363315 0.02122 -0.0425218
0.300453 -0.3835 0.0236328 -0.0473672
0.316266 -0.403684 0.0261738 -0.0524723
0.332079 -0.423868 0.0288426 -0.0578366
0.347893 -0.444052 0.0316386 -0.0634598
0.363706 -0.464236 0.0345617 -0.0693415
0.379519 -0.484421 0.0376113 -0.0754811
0.395333 -0.504605 0.040787 -0.0818784
0.411146 -0.524789 0.0440884 -0.0885328
0.426959 -0.544973 0.0475149 -0.0954439
0.442773 -0.565157 0.0510661 -0.102611
0.458586 -0.585342 0.0547415 -0.110034
0.474399 -0.605526 0.0585405 -0.117712
0.490212 -0.62571 0.0624625 -0.125645
0.506026 -0.645894 0.0665071 -0.133831
0.521839 -0.666078 0.0706736 -0.142271
0.537652 -0.686263 0.0749614 -0.150964
0.553466 -0.706447 0.0793699 -0.159909
0.569279 -0.726631 0.0838984 -0.169106
0.585092 -0.746815 0.0885463 -0.178553
0.600906 -0.766999 0.0933129 -0.18825
0.616719 -0.787183 0.0981974 -0.198197
0 -0 0 0
0.0170031 -0.0191926 6.57442e-05 -0.00013149
0.0340063 -0.0383852 0.000262953 -0.000525938
0.0510094 -0.0575777 0.000591553 -0.00118327
0.0680126 -0.0767703 0.00105143 -0.00210336
0.0850157 -0.0959629 0.0016424 -0.00328606
0.102019 -0.115155 0.00236426 -0.00473112
0.119022 -0.134348 0.00321674 -0.00643831
0.136025 -0.153541 0.00419953 -0.00840729
0.153028 -0.172733 0.00531226 -0.0106377
0.170031 -0.191926 0.00655453 -0.0131292
0.187035 -0.211118 0.00792588 -0.0158812
0.204038 -0.230311 0.0094258 -0.0188933
0.221041 -0.249504 0.0110537 -0.0221648
0.238044 -0.268696 0.0128091 -0.0256953
0.255047 -0.287889 0.0146912 -0.0294841
0.27205 -0.307081 0.0166994 -0.0335304
0.289053 -0.326274 0.0188329 -0.0378335
0.306057 -0.345466 0.0210909 -0.0423927
0.32306 -0.364659 0.0234726 -0.047207
0.340063 -0.383852 0.0259771 -0.0522756
0.357066 -0.403044 0.0286034 -0.0575975
0.374069 -0.422237 0.0313506 -0.0631718
0.391072 -0.441429 0.0342176 -0.0689974
0.408075 -0.460622 0.0372034 -0.0750732
0.425079 -0.479815 0.0403067 -0.0813981
0.442082 -0.499007 0.0435265 -0.0879709
0.459085 -0.5182 0.0468614 -0.0947904
0.476088 -0.537392 0.0503103 -0.101855
0.493091 -0.556585 0.0538718 -0.109164
0.510094 -0.575777 0.0575445 -0.116716
0.527097 -0.59497 0.061327 -0.124509
0.544101 -0.614163 0.0652178 -0.132542
0.561104 -0.633355 0.0692154 -0.140813
0.578107 -0.652548 0.0733182 -0.149321
0.59511 -0.67174 0.0775247 -0.158064
0.612113 -0.690933 0.0818331 -0.16704
0.629116 -0.710126 0.0862418 -0.176248
0.64612 -0.729318 0.0907489 -0.185686
0.663123 -0.748511 0.0953528 -0.195353
0 -0 0 0
0.0181309 -0.0181309 6.57432e-05 -0.000131489
0.0362619 -0.0362619 0.000262936 -0.000525921
0.0543928 -0.0543928 0.000591468 -0.00118318
0.0725238 -0.0725238 0.00105116 -0.0021031
0.0906547 -0.0906547 0.00164175 -0.0032854
0.108786 -0.108786 0.0023629 -0.00472977
0.126917 -0.126917 0.00321423 -0.00643579
0.145048 -0.145048 0.00419524 -0.008403
0.163178 -0.163178 0.00530539 -0.0106308
0.181309 -0.181309 0.00654406 -0.0131187
0.19944 -0.19944 0.00791054 -0.0158658
0.217571 -0.217571 0.00940408 -0.0188715
0.235702 -0.235702 0.0110238 -0.0221349
0.253833 -0.253833 0.0127688 -0.0256551
0.271964 -0.271964 0.0146382 -0.0294311
0.290095 -0.290095 0.0166307 -0.0334618
0.308226 -0.308226 0.0187454 -0.037746
0.326357 -0.326357 0.0209809 -0.0422827
0.344488 -0.344488 0.0233361 -0.0470704
0.362619 -0.362619 0.0258094 -0.0521079
0.38075 -0.38075 0.0283996 -0.0573937
0.398881 -0.398881 0.0311052 -0.0629263
0.417012 -0.417012 0.0339244 -0.0687042
0.435143 -0.435143 0.0368557 -0.0747256
0.453274 -0.453274 0.0398974 -0.0809888
0.471405 -0.471405 0.0430477 -0.0874921
0.489535 -0.489535 0.0463046 -0.0942336
0.507666 -0.507666 0.0496663 -0.101211
0.525797 -0.525797 0.0531308 -0.108423
0.543928 -0.543928 0.0566958 -0.115867
0.562059 -0.562059 0.0603594 -0.123541
0.58019 -0.58019 0.0641191 -0.131443
0.598321 -0.598321 0.0679728 -0.13957
0.616452 -0.616452 0.0719181 -0.147921
0.634583 -0.634583 0.0759524 -0.156492
0.652714 -0.652714 0.0800733 -0.16528
0.670845 -0.670845 0.0842782 -0.174285
0.688976 -0.688976 0.0885643 -0.183502
0.707107 -0.707107 0.0929289 -0.192929
0 -0 0 0
0.0191926 -0.0170031 6.57424e-05 -0.000131489
0.0383852 -0.0340063 0.000262924 -0.000525909
0.0575777 -0.0510094 0.000591406 -0.00118312
0.0767703 -0.0680126 0.00105096 -0.0021029
0.0959629 -0.0850157 0.00164126 -0.00328492
0.115155 -0.102019 0.0023619 -0.00472877
0.134348 -0.119022 0.00321238 -0.00643394
0.153541 -0.136025 0.00419208 -0.00839984
0.172733 -0.153028 0.00530033 -0.0106258
0.191926 -0.170031 0.00653635 -0.013111
0.211118 -0.187035 0.00789925 -0.0158545
0.230311 -0.204038 0.00938809 -0.0188555
0.249504 -0.221041 0.0110018 -0.0221129
0.268696 -0.238044 0.0127392 -0.0256255
0.287889 -0.255047 0.0145991 -0.029392
0.307081 -0.27205 0.0165802 -0.0334112
0.326274 -0.289053 0.018681 -0.0376816
0.345466 -0.306057 0.0209 -0.0422018
0.364659 -0.32306 0.0232356 -0.04697
0.383852 -0.340063 0.0256861 -0.0519846
0.403044 -0.357066 0.0282497 -0.0572438
0.422237 -0.374069 0.0309246 -0.0627457
0.441429 -0.391072 0.0337087 -0.0684884
0.460622 -0.408075 0.0366 -0.0744698
0.479815 -0.425079 0.0395963 -0.0806877
0.499007 -0.442082 0.0426954 -0.0871398
0.5182 -0.459085 0.0458949 -0.0938239
0.537392 -0.476088 0.0491925 -0.100738
0.556585 -0.493091 0.0525855 -0.107878
0.575777 -0.510094 0.0560714 -0.115243
0.59497 -0.527097 0.0596474 -0.12283
0.614163 -0.544101 0.0633108 -0.130635
0.633355 -0.561104 0.0670586 -0.138656
0.652548 -0.578107 0.0708879 -0.146891
0.67174 -0.59511 0.0747956 -0.155335
0.690933 -0.612113 0.0787785 -0.163986
0.710126 -0.629116 0.0828333 -0.17284
0.729318 -0.64612 0.0869568 -0.181894
0.748511 -0.663123 0.0911454 -0.191145
0 -0 0 0
0.0201842 -0.0158133 6.5742e-05 -0.000131488
0.0403684 -0.0316266 0.000262917 -0.000525902
0.0605526 -0.0474399 0.000591372 -0.00118309
0.0807368 -0.0632532 0.00105085 -0.00210279
0.100921 -0.0790665 0.001641 -0.00328465
0.121105 -0.0948798 0.00236135 -0.00472822
0.141289 -0.110693 0.00321136 -0.00643292
0.161474 -0.126506 0.00419034 -0.0083981
0.181658 -0.14232 0.00529755 -0.010623
0.201842 -0.158133 0.0065321 -0.0131067
0.222026 -0.173946 0.00789304 -0.0158483
0.24221 -0.18976 0.00937929 -0.0188467
0.262394 -0.205573 0.0109897 -0.0221008
0.282579 -0.221386 0.0127229 -0.0256092
0.302763 -0.2372 0.0145777 -0.0293706
0.322947 -0.253013 0.0165524 -0.0333834
0.343131 -0.268826 0.0186455 -0.0376462
0.363315 -0.284639 0.0208554 -0.0421572
0.3835 -0.300453 0.0231803 -0.0469147
0.403684 -0.316266 0.0256182 -0.0519167
0.423868 -0.332079 0.0281672 -0.0571613
0.444052 -0.347893 0.0308252 -0.0626463
0.464236 -0.363706 0.0335899 -0.0683697
0.484421 -0.379519 0.0364592 -0.074329
0.504605 -0.395333 0.0394305 -0.0805219
0.524789 -0.411146 0.0425015 -0.0869459
0.544973 -0.426959 0.0456694 -0.0935984
0.565157 -0.442773 0.0489317 -0.100477
0.585342 -0.458586 0.0522854 -0.107578
0.605526 -0.474399 0.0557277 -0.114899
0.62571 -0.490212 0.0592555 -0.122438
0.645894 -0.506026 0.0628658 -0.13019
0.666078 -0.521839 0.0665554 -0.138153
0.686263 -0.537652 0.0703208 -0.146323
0.706447 -0.553466 0.0741588 -0.154698
0.726631 -0.569279 0.0780658 -0.163273
0.746815 -0.585092 0.0820381 -0.172045
0.766999 -0.600906 0.086072 -0.18101
0.787183 -0.616719 0.0901638 -0.190164
0 -0 0 0
0.0211022 -0.0145658 6.57419e-05 -0.000131488
0.0422043 -0.0291315 0.000262916 -0.000525901
0.0633065 -0.0436973 0.000591368 -0.00118308
0.0844086 -0.0582631 0.00105084 -0.00210278
0.105511 -0.0728288 0.00164097 -0.00328463
0.126613 -0.0873946 0.0023613 -0.00472817
0.147715 -0.10196 0.00321126 -0.00643283
0.168817 -0.116526 0.00419018 -0.00839794
0.189919 -0.131092 0.00529729 -0.0106227
0.211022 -0.145658 0.00653171 -0.0131063
0.232124 -0.160223 0.00789247 -0.0158478
0.253226 -0.174789 0.00937848 -0.0188459
0.274328 -0.189355 0.0109886 -0.0220997
0.29543 -0.203921 0.0127214 -0.0256077
0.316532 -0.218486 0.0145757 -0.0293686
0.337634 -0.233052 0.0165498 -0.0333808
0.358737 -0.247618 0.0186423 -0.0376429
0.379839 -0.262184 0.0208513 -0.0421531
0.400941 -0.276749 0.0231752 -0.0469096
0.422043 -0.291315 0.0256119 -0.0519104
0.443145 -0.305881 0.0281596 -0.0571536
0.464247 -0.320447 0.030816 -0.0626371
0.485349 -0.335013 0.0335789 -0.0683587
0.506452 -0.349578 0.0364462 -0.074316
0.527554 -0.364144 0.0394152 -0.0805066
0.548656 -0.37871 0.0424835 -0.086928
0.569758 -0.393276 0.0456486 -0.0935775
0.59086 -0.407841 0.0489075 -0.100453
0.611962 -0.422407 0.0522576 -0.10755
0.633065 -0.436973 0.0556958 -0.114867
0.654167 -0.451539 0.0592192 -0.122401
0.675269 -0.466104 0.0628246 -0.130149
0.696371 -0.48067 0.0665088 -0.138106
0.717473 -0.495236 0.0702683 -0.146271
0.738575 -0.509802 0.0740999 -0.154639
0.759677 -0.524367 0.0779998 -0.163207
0.78078 -0.538933 0.0819645 -0.171971
0.801882 -0.553499 0.0859901 -0.180928
0.822984 -0.568065 0.0900729 -0.190073
0 -0 0 0
0.0219431 -0.0132651 6.57423e-05 -0.000131488
0.0438862 -0.0265301 0.000262922 -0.000525907
0.0658293 -0.0397952 0.000591397 -0.00118311
0.0877724 -0.0530603 0.00105093 -0.00210287
0.109716 -0.0663254 0.00164119 -0.00328485
0.131659 -0.0795904 0.00236176 -0.00472862
0.153602 -0.0928555 0.0032121 -0.00643367
0.175545 -0.106121 0.00419161 -0.00839937
0.197488 -0.119386 0.00529958 -0.010625
0.219431 -0.132651 0.0065352 -0.0131098
0.241374 -0.145916 0.00789758 -0.0158529
0.263317 -0.159181 0.00938572 -0.0188532
0.28526 -0.172446 0.0109985 -0.0221096
0.307204 -0.185711 0.0127348 -0.0256211
0.329147 -0.198976 0.0145933 -0.0293862
0.35109 -0.212241 0.0165727 -0.0334037
0.373033 -0.225506 0.0186714 -0.0376721
0.394976 -0.238771 0.020888 -0.0421898
0.416919 -0.252036 0.0232207 -0.0469551
0.438862 -0.265301 0.0256678 -0.0519663
0.460805 -0.278567 0.0282275 -0.0572216
0.482748 -0.291832 0.0308978 -0.062719
0.504692 -0.305097 0.0336767 -0.0684564
0.526635 -0.318362 0.036562 -0.0744319
0.548578 -0.331627 0.0395516 -0.080643
0.570521 -0.344892 0.0426432 -0.0870876
0.592464 -0.358157 0.0458342 -0.0937632
0.614407 -0.371422 0.0491222 -0.100667
0.63635 -0.384687 0.0525046 -0.107797
0.658293 -0.397952 0.0559788 -0.11515
0.680236 -0.411217 0.0595418 -0.122724
0.70218 -0.424482 0.0631909 -0.130515
0.724123 -0.437747 0.066923 -0.138521
0.746066 -0.451012 0.0707351 -0.146738
0.768009 -0.464278 0.074624 -0.155163
0.789952 -0.477543 0.0785865 -0.163794
0.811895 -0.490808 0.0826191 -0.172626
0.833838 -0.504073 0.0867185 -0.181656
0.855781 -0.517338 0.090881 -0.190881
0 -0 0 0
0.022704 -0.011916 6.5743e-05 -0.000131489
0.045408 -0.023832 0.000262933 -0.000525918
0.068112 -0.0357479 0.000591454 -0.00118317
0.090816 -0.0476639 0.00105111 -0.00210305
0.11352 -0.0595799 0.00164163 -0.00328529
0.136224 -0.0714959 0.00236267 -0.00472953
0.158928 -0.0834119 0.0032138 -0.00643536
0.181632 -0.0953278 0.00419451 -0.00840226
0.204336 -0.107244 0.00530422 -0.0106297
0.22704 -0.11916 0.00654227 -0.0131169
0.249744 -0.131076 0.00790792 -0.0158632
0.272448 -0.142992 0.00940036 -0.0188678
0.295152 -0.154908 0.0110187 -0.0221298
0.317856 -0.166824 0.012762 -0.0256482
0.34056 -0.17874 0.0146291 -0.029422
0.363264 -0.190656 0.016619 -0.03345
0.385968 -0.202572 0.0187304 -0.0377311
0.408672 -0.214488 0.0209621 -0.0422639
0.431376 -0.226404 0.0233127 -0.0470471
0.45408 -0.23832 0.0257808 -0.0520793
0.476784 -0.250236 0.0283648 -0.0573589
0.499488 -0.262152 0.0310632 -0.0628844
0.522192 -0.274068 0.0338743 -0.0686541
0.544896 -0.285983 0.0367964 -0.0746662
0.5676 -0.297899 0.0398275 -0.0809189
0.590304 -0.309815 0.0429659 -0.0874103
0.613008 -0.321731 0.0462095 -0.0941385
0.635712 -0.333647 0.0495563 -0.101101
0.658416 -0.345563 0.0530042 -0.108297
0.68112 -0.357479 0.0565509 -0.115722
0.703824 -0.369395 0.0601941 -0.123376
0.726528 -0.381311 0.0639315 -0.131256
0.749232 -0.393227 0.0677606 -0.139358
0.771936 -0.405143 0.0716789 -0.147682
0.79464 -0.417059 0.0756839 -0.156223
0.817344 -0.428975 0.0797727 -0.16498
0.840048 -0.440891 0.0839428 -0.173949
0.862752 -0.452807 0.0881911 -0.183129
0.885456 -0.464723 0.0925149 -0.192515
0 -0 0 0
0.023382 -0.0105234 6.5744e-05 -0.00013149
0.0467641 -0.0210468 0.000262949 -0.000525934
0.0701461 -0.0315702 0.000591535 -0.00118325
0.0935282 -0.0420936 0.00105137 -0.00210331
0.11691 -0.052617 0.00164226 -0.00328591
0.140292 -0.0631404 0.00236397 -0.00473083
0.163674 -0.0736638 0.0032162 -0.00643776
0.187056 -0.0841872 0.0041986 -0.00840636
0.210438 -0.0947106 0.00531077 -0.0106362
0.23382 -0.105234 0.00655226 -0.0131269
0.257203 -0.115757 0.00792255 -0.0158778
0.280585 -0.126281 0.00942109 -0.0188885
0.303967 -0.136804 0.0110472 -0.0221584
0.327349 -0.147328 0.0128004 -0.0256866
0.350731 -0.157851 0.0146797 -0.0294726
0.374113 -0.168374 0.0166845 -0.0335155
0.397495 -0.178898 0.0188139 -0.0378145
0.420877 -0.189421 0.021067 -0.0423688
0.444259 -0.199945 0.023443 -0.0471773
0.467641 -0.210468 0.0259407 -0.0522392
0.491023 -0.220992 0.0285592 -0.0575533
0.514405 -0.231515 0.0312973 -0.0631185
0.537787 -0.242038 0.034154 -0.0689337
0.561169 -0.252562 0.0371279 -0.0749977
0.584551 -0.263085 0.0402179 -0.0813092
0.607933 -0.273609 0.0434225 -0.087867
0.631315 -0.284132 0.0467406 -0.0946696
0.654697 -0.294655 0.0501705 -0.101716
0.678079 -0.305179 0.0537109 -0.109004
0.701461 -0.315702 0.0573603 -0.116532
0.724843 -0.326226 0.0611169 -0.124299
0.748226 -0.336749 0.0649793 -0.132303
0.771608 -0.347272 0.0689456 -0.140543
0.79499 -0.357796 0.0730143 -0.149017
0.818372 -0.368319 0.0771834 -0.157723
0.841754 -0.378843 0.0814511 -0.166658
0.865136 -0.389366 0.0858155 -0.175822
0.888518 -0.399889 0.0902747 -0.185212
0.9119 -0.410413 0.0948266 -0.194827
0 -0 0 0
0.0239748 -0.00909243 6.57452e-05 -0.000131491
0.0479496 -0.0181849 0.000262968 -0.000525953
0.0719243 -0.0272773 0.000591632 -0.00118335
0.0958991 -0.0363697 0.00105167 -0.00210361
0.119874 -0.0454622 0.00164301 -0.00328666
0.143849 -0.0545546 0.00236552 -0.00473239
0.167823 -0.063647 0.00321908 -0.00644065
0.191798 -0.0727395 0.00420352 -0.00841128
0.215773 -0.0818319 0.00531866 -0.0106441
0.239748 -0.0909243 0.00656428 -0.0131389
0.263723 -0.100017 0.00794015 -0.0158954
0.287697 -0.109109 0.00944601 -0.0189135
0.311672 -0.118202 0.0110816 -0.0221927
0.335647 -0.127294 0.0128465 -0.0257328
0.359622 -0.136386 0.0147405 -0.0295334
0.383596 -0.145479 0.0167632 -0.0335943
0.407571 -0.154571 0.0189143 -0.0379149
0.431546 -0.163664 0.0211932 -0.042495
0.455521 -0.172756 0.0235996 -0.047334
0.479496 -0.181849 0.026133 -0.0524315
0.50347 -0.190941 0.0287929 -0.057787
0.527445 -0.200034 0.0315788 -0.0634
0.55142 -0.209126 0.0344903 -0.06927
0.575395 -0.218218 0.0375266 -0.0753964
0.599369 -0.227311 0.0406873 -0.0817787
0.623344 -0.236403 0.0439717 -0.0884162
0.647319 -0.245496 0.0473792 -0.0953082
0.671294 -0.254588 0.0509092 -0.102454
0.695268 -0.263681 0.0545609 -0.109853
0.719243 -0.272773 0.0583337 -0.117505
0.743218 -0.281865 0.0622268 -0.125409
0.767193 -0.290958 0.0662394 -0.133564
0.791168 -0.30005 0.0703708 -0.141968
0.815142 -0.309143 0.0746202 -0.150623
0.839117 -0.318235 0.0789868 -0.159526
0.863092 -0.327328 0.0834696 -0.168677
0.887067 -0.33642 0.0880678 -0.178074
0.911041 -0.345512 0.0927806 -0.187718
0.935016 -0.354605 0.0976068 -0.197607
0 -0 0 -0
0.02448 -0.00762828 6.57465e-05 -0.000131493
0.04896 -0.0152566 0.000262989 -0.000525974
0.0734401 -0.0228849 0.000591737 -0.00118345
0.0979201 -0.0305131 0.00105201 -0.00210395
0.1224 -0.0381414 0.00164382 -0.00328747
0.14688 -0.0457697 0.0023672 -0.00473407
0.17136 -0.053398 0.00322219 -0.00644376
0.19584 -0.0610263 0.00420883 -0.00841659
0.22032 -0.0686546 0.00532716 -0.0106526
0.2448 -0.0762828 0.00657723 -0.0131519
0.26928 -0.0839111 0.00795911 -0.0159144
0.29376 -0.0915394 0.00947287 -0.0189403
0.31824 -0.0991677 0.0111186 -0.0222297
0.34272 -0.106796 0.0128963 -0.0257825
0.3672 -0.114424 0.0148061 -0.029599
0.39168 -0.122053 0.0168481 -0.0336792
0.41616 -0.129681 0.0190225 -0.0380231
0.44064 -0.137309 0.0213292 -0.0426309
0.46512 -0.144937 0.0237684 -0.0475028
0.4896 -0.152566 0.0263402 -0.0526387
0.51408 -0.160194 0.0290448 -0.0580389
0.53856 -0.167822 0.0318823 -0.0637035
0.563041 -0.175451 0.0348528 -0.0696325
0.587521 -0.183079 0.0379564 -0.0758262
0.612001 -0.190707 0.0411933 -0.0822847
0.636481 -0.198335 0.0445637 -0.0890082
0.660961 -0.205964 0.0480677 -0.0959967
0.685441 -0.213592 0.0517055 -0.10325
0.709921 -0.22122 0.0554772 -0.11077
0.734401 -0.228849 0.059383 -0.118555
0.758881 -0.236477 0.0634231 -0.126605
0.783361 -0.244105 0.0675978 -0.134922
0.807841 -0.251733 0.0719071 -0.143505
0.832321 -0.259362 0.0763514 -0.152354
0.856801 -0.26699 0.0809308 -0.16147
0.881281 -0.274618 0.0856455 -0.170853
0.905761 -0.282246 0.0904957 -0.180502
0.930241 -0.289875 0.0954817 -0.190419
0.954721 -0.297503 0.100604 -0.200604
0 -0 0 -0
0.0248959 -0.0061363 6.57478e-05 -0.000131494
0.0497919 -0.0122726 0.000263009 -0.000525994
0.0746878 -0.0184089 0.00059184 -0.00118356
0.0995838 -0.0245452 0.00105233 -0.00210427
0.12448 -0.0306815 0.00164461 -0.00328827
0.149376 -0.0368178 0.00236885 -0.00473571
0.174272 -0.0429541 0.00322525 -0.00644681
0.199168 -0.0490904 0.00421404 -0.00842179
0.224063 -0.0552267 0.0053355 -0.0106609
0.248959 -0.061363 0.00658995 -0.0131646
0.273855 -0.0674993 0.00797773 -0.015933
0.298751 -0.0736356 0.00949924 -0.0189667
0.323647 -0.0797719 0.0111549 -0.022266
0.348543 -0.0859082 0.0129451 -0.0258314
0.373439 -0.0920445 0.0148705 -0.0296634
0.398335 -0.0981808 0.0169315 -0.0337625
0.423231 -0.104317 0.0191287 -0.0381293
0.448127 -0.110453 0.0214627 -0.0427645
0.473023 -0.11659 0.0239341 -0.0476685
0.497919 -0.122726 0.0265437 -0.0528422
0.522815 -0.128862 0.0292922 -0.0582863
0.547711 -0.134999 0.0321802 -0.0640014
0.572607 -0.141135 0.0352087 -0.0699884
0.597503 -0.147271 0.0383784 -0.0762482
0.622399 -0.153407 0.0416901 -0.0827815
0.647295 -0.159544 0.0451449 -0.0895893
0.67219 -0.16568 0.0487436 -0.0966726
0.697086 -0.171816 0.0524872 -0.104032
0.721982 -0.177953 0.0563767 -0.111669
0.746878 -0.184089 0.0604132 -0.119585
0.771774 -0.190225 0.0645977 -0.12778
0.79667 -0.196362 0.0689314 -0.136256
0.821566 -0.202498 0.0734154 -0.145013
0.846462 -0.208634 0.078051 -0.154054
0.871358 -0.21477 0.0828393 -0.163378
0.896254 -0.220907 0.0877816 -0.172989
0.92115 -0.227043 0.0928793 -0.182886
0.946046 -0.233179 0.0981336 -0.193071
0.970942 -0.239316 0.103546 -0.203546
0 -0 0 -0
0.025221 -0.00462192 6.57489e-05 -0.000131495
0.050442 -0.00924385 0.000263028 -0.000526012
0.0756631 -0.0138658 0.000591932 -0.00118365
0.100884 -0.0184877 0.00105262 -0.00210456
0.126105 -0.0231096 0.00164532 -0.00328898
0.151326 -0.0277315 0.00237032 -0.00473718
0.176547 -0.0323535 0.00322797 -0.00644953
0.201768 -0.0369754 0.00421868 -0.00842644
0.226989 -0.0415973 0.00534293 -0.0106684
0.25221 -0.0462192 0.00660128 -0.0131759
0.277431 -0.0508412 0.00799432 -0.0159496
0.302652 -0.0554631 0.00952273 -0.0189902
0.327873 -0.060085 0.0111872 -0.0222984
0.353094 -0.0647069 0.0129887 -0.0258749
0.378315 -0.0693289 0.0149279 -0.0297208
0.403536 -0.0739508 0.0170057 -0.0338368
0.428757 -0.0785727 0.0192233 -0.038224
0.453978 -0.0831946 0.0215816 -0.0428834
0.479199 -0.0878166 0.0240818 -0.0478162
0.50442 -0.0924385 0.026725 -0.0530235
0.529641 -0.0970604 0.0295125 -0.0585066
0.554863 -0.101682 0.0324457 -0.0642668
0.580084 -0.106304 0.0355258 -0.0703055
0.605305 -0.110926 0.0387543 -0.0766241
0.630526 -0.115548 0.0421327 -0.0832241
0.655747 -0.12017 0.0456627 -0.0901071
0.680968 -0.124792 0.0493457 -0.0972747
0.706189 -0.129414 0.0531836 -0.104729
0.73141 -0.134036 0.057178 -0.112471
0.756631 -0.138658 0.0613309 -0.120502
0.781852 -0.14328 0.065644 -0.128826
0.807073 -0.147902 0.0701194 -0.137444
0.832294 -0.152523 0.0747591 -0.146357
0.857515 -0.157145 0.079565 -0.155568
0.882736 -0.161767 0.0845395 -0.165079
0.907957 -0.166389 0.0896846 -0.174892
0.933178 -0.171011 0.0950027 -0.185009
0.958399 -0.175633 0.100496 -0.195434
0.98362 -0.180255 0.106167 -0.206167
0 -0 0 -0
0.0254541 -0.00309068 6.57498e-05 -0.000131496
0.0509081 -0.00618137 0.000263042 -0.000526027
0.0763622 -0.00927205 0.000592004 -0.00118372
0.101816 -0.0123627 0.00105285 -0.00210479
0.12727 -0.0154534 0.00164588 -0.00328953
0.152724 -0.0185441 0.00237147 -0.00473834
0.178179 -0.0216348 0.00323011 -0.00645167
0.203633 -0.0247255 0.00422233 -0.00843009
0.229087 -0.0278162 0.00534878 -0.0106742
0.254541 -0.0309068 0.0066102 -0.0131848
0.279995 -0.0339975 0.00800738 -0.0159627
0.305449 -0.0370882 0.00954122 -0.0190087
0.330903 -0.0401789 0.0112127 -0.0223238
0.356357 -0.0432696 0.0130229 -0.0259092
0.381811 -0.0463603 0.014973 -0.0297659
0.407265 -0.0494509 0.0170642 -0.0338952
0.432719 -0.0525416 0.0192978 -0.0382984
0.458173 -0.0556323 0.0216752 -0.042977
0.483627 -0.058723 0.024198 -0.0479324
0.509081 -0.0618137 0.0268677 -0.0531662
0.534536 -0.0649044 0.0296859 -0.05868
0.55999 -0.0679951 0.0326545 -0.0644757
0.585444 -0.0710857 0.0357753 -0.070555
0.610898 -0.0741764 0.0390501 -0.0769199
0.636352 -0.0772671 0.042481 -0.0835724
0.661806 -0.0803578 0.0460701 -0.0905145
0.68726 -0.0834485 0.0498195 -0.0977485
0.712714 -0.0865392 0.0537316 -0.105277
0.738168 -0.0896298 0.0578087 -0.113101
0.763622 -0.0927205 0.0620531 -0.121225
0.789076 -0.0958112 0.0664675 -0.12965
0.81453 -0.0989019 0.0710543 -0.138378
0.839984 -0.101993 0.0758164 -0.147414
0.865439 -0.105083 0.0807565 -0.156759
0.890893 -0.108174 0.0858774 -0.166417
0.916347 -0.111265 0.0911822 -0.176389
0.941801 -0.114355 0.0966737 -0.18668
0.967255 -0.117446 0.102355 -0.197293
0.992709 -0.120537 0.10823 -0.20823
0 -0 0 -0
0.0255942 -0.00154817 6.57503e-05 -0.000131497
0.0511885 -0.00309633 0.000263051 -0.000526036
0.0767827 -0.0046445 0.00059205 -0.00118377
0.102377 -0.00619267 0.001053 -0.00210494
0.127971 -0.00774083 0.00164623 -0.00328989
0.153565 -0.009289 0.00237221 -0.00473908
0.17916 -0.0108372 0.00323147 -0.00645304
0.204754 -0.0123853 0.00422466 -0.00843242
0.230348 -0.0139335 0.00535252 -0.010678
0.255942 -0.0154817 0.00661589 -0.0131905
0.281537 -0.0170298 0.00801571 -0.015971
0.307131 -0.018578 0.00955303 -0.0190205
0.332725 -0.0201262 0.011229 -0.0223401
0.358319 -0.0216743 0.0130448 -0.0259311
0.383914 -0.0232225 0.0150018 -0.0297947
0.409508 -0.0247707 0.0171015 -0.0339325
0.435102 -0.0263188 0.0193453 -0.038346
0.460696 -0.027867 0.021735 -0.0430368
0.486291 -0.0294152 0.0242722 -0.0480066
0.511885 -0.0309633 0.0269588 -0.0532573
0.537479 -0.0325115 0.0297967 -0.0587908
0.563073 -0.0340597 0.0327879 -0.0646091
0.588668 -0.0356078 0.0359346 -0.0707144
0.614262 -0.037156 0.039239 -0.0771088
0.639856 -0.0387042 0.0427034 -0.0837948
0.66545 -0.0402523 0.0463303 -0.0907748
0.691045 -0.0418005 0.0501222 -0.0980512
0.716639 -0.0433487 0.0540816 -0.105627
0.742233 -0.0448968 0.0582114 -0.113504
0.767827 -0.046445 0.0625143 -0.121686
0.793422 -0.0479932 0.0669933 -0.130175
0.819016 -0.0495413 0.0716514 -0.138976
0.84461 -0.0510895 0.0764917 -0.148089
0.870204 -0.0526377 0.0815175 -0.15752
0.895799 -0.0541858 0.086732 -0.167271
0.921393 -0.055734 0.0921386 -0.177346
0.946987 -0.0572822 0.0977409 -0.187748
0.972581 -0.0588303 0.103543 -0.19848
0.998176 -0.0603785 0.109547 -0.209547
0 0 0 -0
0.025641 1.64936e-17 6.57505e-05 -0.000131497
0.0512821 3.29871e-17 0.000263054 -0.000526039
0.0769231 4.94807e-17 0.000592066 -0.00118378
0.102564 6.59743e-17 0.00105305 -0.00210499
0.128205 8.24678e-17 0.00164636 -0.00329001
0.153846 9.89614e-17 0.00237247 -0.00473933
0.179487 1.15455e-16 0.00323194 -0.00645351
0.205128 1.31949e-16 0.00422546 -0.00843322
0.230769 1.48442e-16 0.0053538 -0.0106792
0.25641 1.64936e-16 0.00661785 -0.0131925
0.282051 1.81429e-16 0.00801858 -0.0159739
0.307692 1.97923e-16 0.00955709 -0.0190245
0.333333 2.14416e-16 0.0112346 -0.0223457
0.358974 2.3091e-16 0.0130523 -0.0259386
0.384615 2.47403e-16 0.0150117 -0.0298046
0.410256 2.63897e-16 0.0171143 -0.0339453
0.435897 2.80391e-16 0.0193617 -0.0383623
0.461538 2.96884e-16 0.0217555 -0.0430573
0.487179 3.13378e-16 0.0242977 -0.0480321
0.512821 3.29871e-16 0.0269901 -0.0532886
0.538462 3.46365e-16 0.0298347 -0.0588288
0.564103 3.62858e-16 0.0328338 -0.0646549
0.589744 3.79352e-16 0.0359894 -0.0707691
0.615385 3.95846e-16 0.0393039 -0.0771738
0.641026 4.12339e-16 0.0427799 -0.0838713
0.666667 4.28833e-16 0.0464198 -0.0908642
0.692308 4.45326e-16 0.0502262 -0.0981552
0.717949 4.6182e-16 0.0542019 -0.105747
0.74359 4.78313e-16 0.0583498 -0.113642
0.769231 4.94807e-16 0.0626729 -0.121844
0.794872 5.11301e-16 0.0671741 -0.130356
0.820513 5.27794e-16 0.0718567 -0.139181
0.846154 5.44288e-16 0.0767239 -0.148321
0.871795 5.60781e-16 0.081779 -0.157782
0.897436 5.77275e-16 0.0870257 -0.167565
0.923077 5.93768e-16 0.0924674 -0.177674
0.948718 6.10262e-16 0.0981078 -0.188114
0.974359 6.26755e-16 0.103951 -0.198888
1 6.43249e-16 0.11 -0.21
