<?xml version="1.0"?>
<VTKFile type="UnstructuredGrid" version="0.1" byte_order="LittleEndian" compressor="vtkZLibDataCompressor">
<UnstructuredGrid>
<Piece NumberOfPoints="4200" NumberOfCells="4056">
<Points>
<DataArray type="Float32" NumberOfComponents="3" format="ascii">
0.000000e+00 0.000000e+00 0.000000e+00
2.564100e-02 0.000000e+00 0.000000e+00
5.128210e-02 0.000000e+00 0.000000e+00
7.692310e-02 0.000000e+00 0.000000e+00
1.025640e-01 0.000000e+00 0.000000e+00
1.282050e-01 0.000000e+00 0.000000e+00
1.538460e-01 0.000000e+00 0.000000e+00
1.794870e-01 0.000000e+00 0.000000e+00
2.051280e-01 0.000000e+00 0.000000e+00
2.307690e-01 0.000000e+00 0.000000e+00
2.564100e-01 0.000000e+00 0.000000e+00
2.820510e-01 0.000000e+00 0.000000e+00
3.076920e-01 0.000000e+00 0.000000e+00
3.333330e-01 0.000000e+00 0.000000e+00
3.589740e-01 0.000000e+00 0.000000e+00
3.846150e-01 0.000000e+00 0.000000e+00
4.102560e-01 0.000000e+00 0.000000e+00
4.358970e-01 0.000000e+00 0.000000e+00
4.615380e-01 0.000000e+00 0.000000e+00
4.871790e-01 0.000000e+00 0.000000e+00
5.128210e-01 0.000000e+00 0.000000e+00
5.384620e-01 0.000000e+00 0.000000e+00
5.641030e-01 0.000000e+00 0.000000e+00
5.897440e-01 0.000000e+00 0.000000e+00
6.153850e-01 0.000000e+00 0.000000e+00
6.410260e-01 0.000000e+00 0.000000e+00
6.666670e-01 0.000000e+00 0.000000e+00
6.923080e-01 0.000000e+00 0.000000e+00
7.179490e-01 0.000000e+00 0.000000e+00
7.435900e-01 0.000000e+00 0.000000e+00
7.692310e-01 0.000000e+00 0.000000e+00
7.948720e-01 0.000000e+00 0.000000e+00
8.205130e-01 0.000000e+00 0.000000e+00
8.461540e-01 0.000000e+00 0.000000e+00
8.717950e-01 0.000000e+00 0.000000e+00
8.974360e-01 0.000000e+00 0.000000e+00
9.230770e-01 0.000000e+00 0.000000e+00
9.487180e-01 0.000000e+00 0.000000e+00
9.743590e-01 0.000000e+00 0.000000e+00
1.000000e+00 0.000000e+00 0.000000e+00
0.000000e+00 0.000000e+00 0.000000e+00
2.559420e-02 1.548170e-03 0.000000e+00
5.118850e-02 3.096330e-03 0.000000e+00
7.678270e-02 4.644500e-03 0.000000e+00
1.023770e-01 6.192670e-03 0.000000e+00
1.279710e-01 7.740830e-03 0.000000e+00
1.535650e-01 9.289000e-03 0.000000e+00
1.791600e-01 1.083720e-02 0.000000e+00
2.047540e-01 1.238530e-02 0.000000e+00
2.303480e-01 1.393350e-02 0.000000e+00
2.559420e-01 1.548170e-02 0.000000e+00
2.815370e-01 1.702980e-02 0.000000e+00
3.071310e-01 1.857800e-02 0.000000e+00
3.327250e-01 2.012620e-02 0.000000e+00
3.583190e-01 2.167430e-02 0.000000e+00
3.839140e-01 2.322250e-02 0.000000e+00
4.095080e-01 2.477070e-02 0.000000e+00
4.351020e-01 2.631880e-02 0.000000e+00
4.606960e-01 2.786700e-02 0.000000e+00
4.862910e-01 2.941520e-02 0.000000e+00
5.118850e-01 3.096330e-02 0.000000e+00
5.374790e-01 3.251150e-02 0.000000e+00
5.630730e-01 3.405970e-02 0.000000e+00
5.886680e-01 3.560780e-02 0.000000e+00
6.142620e-01 3.715600e-02 0.000000e+00
6.398560e-01 3.870420e-02 0.000000e+00
6.654500e-01 4.025230e-02 0.000000e+00
6.910450e-01 4.180050e-02 0.000000e+00
7.166390e-01 4.334870e-02 0.000000e+00
7.422330e-01 4.489680e-02 0.000000e+00
7.678270e-01 4.644500e-02 0.000000e+00
7.934220e-01 4.799320e-02 0.000000e+00
8.190160e-01 4.954130e-02 0.000000e+00
8.446100e-01 5.108950e-02 0.000000e+00
8.702040e-01 5.263770e-02 0.000000e+00
8.957990e-01 5.418580e-02 0.000000e+00
9.213930e-01 5.573400e-02 0.000000e+00
9.469870e-01 5.728220e-02 0.000000e+00
9.725810e-01 5.883030e-02 0.000000e+00
9.981760e-01 6.037850e-02 0.000000e+00
0.000000e+00 0.000000e+00 0.000000e+00
2.545410e-02 3.090680e-03 0.000000e+00
5.090810e-02 6.181370e-03 0.000000e+00
7.636220e-02 9.272050e-03 0.000000e+00
1.018160e-01 1.236270e-02 0.000000e+00
1.272700e-01 1.545340e-02 0.000000e+00
1.527240e-01 1.854410e-02 0.000000e+00
1.781790e-01 2.163480e-02 0.000000e+00
2.036330e-01 2.472550e-02 0.000000e+00
2.290870e-01 2.781620e-02 0.000000e+00
2.545410e-01 3.090680e-02 0.000000e+00
2.799950e-01 3.399750e-02 0.000000e+00
3.054490e-01 3.708820e-02 0.000000e+00
3.309030e-01 4.017890e-02 0.000000e+00
3.563570e-01 4.326960e-02 0.000000e+00
3.818110e-01 4.636030e-02 0.000000e+00
4.072650e-01 4.945090e-02 0.000000e+00
4.327190e-01 5.254160e-02 0.000000e+00
4.581730e-01 5.563230e-02 0.000000e+00
4.836270e-01 5.872300e-02 0.000000e+00
5.090810e-01 6.181370e-02 0.000000e+00
5.345360e-01 6.490440e-02 0.000000e+00
5.599900e-01 6.799510e-02 0.000000e+00
5.854440e-01 7.108570e-02 0.000000e+00
6.108980e-01 7.417640e-02 0.000000e+00
6.363520e-01 7.726710e-02 0.000000e+00
6.618060e-01 8.035780e-02 0.000000e+00
6.872600e-01 8.344850e-02 0.000000e+00
7.127140e-01 8.653920e-02 0.000000e+00
7.381680e-01 8.962980e-02 0.000000e+00
7.636220e-01 9.272050e-02 0.000000e+00
7.890760e-01 9.581120e-02 0.000000e+00
8.145300e-01 9.890190e-02 0.000000e+00
8.399840e-01 1.019930e-01 0.000000e+00
8.654390e-01 1.050830e-01 0.000000e+00
8.908930e-01 1.081740e-01 0.000000e+00
9.163470e-01 1.112650e-01 0.000000e+00
9.418010e-01 1.143550e-01 0.000000e+00
9.672550e-01 1.174460e-01 0.000000e+00
9.927090e-01 1.205370e-01 0.000000e+00
0.000000e+00 0.000000e+00 0.000000e+00
2.522100e-02 4.621920e-03 0.000000e+00
5.044200e-02 9.243850e-03 0.000000e+00
7.566310e-02 1.386580e-02 0.000000e+00
1.008840e-01 1.848770e-02 0.000000e+00
1.261050e-01 2.310960e-02 0.000000e+00
1.513260e-01 2.773150e-02 0.000000e+00
1.765470e-01 3.235350e-02 0.000000e+00
2.017680e-01 3.697540e-02 0.000000e+00
2.269890e-01 4.159730e-02 0.000000e+00
2.522100e-01 4.621920e-02 0.000000e+00
2.774310e-01 5.084120e-02 0.000000e+00
3.026520e-01 5.546310e-02 0.000000e+00
3.278730e-01 6.008500e-02 0.000000e+00
3.530940e-01 6.470690e-02 0.000000e+00
3.783150e-01 6.932890e-02 0.000000e+00
4.035360e-01 7.395080e-02 0.000000e+00
4.287570e-01 7.857270e-02 0.000000e+00
4.539780e-01 8.319460e-02 0.000000e+00
4.791990e-01 8.781660e-02 0.000000e+00
5.044200e-01 9.243850e-02 0.000000e+00
5.296410e-01 9.706040e-02 0.000000e+00
5.548630e-01 1.016820e-01 0.000000e+00
5.800840e-01 1.063040e-01 0.000000e+00
6.053050e-01 1.109260e-01 0.000000e+00
6.305260e-01 1.155480e-01 0.000000e+00
6.557470e-01 1.201700e-01 0.000000e+00
6.809680e-01 1.247920e-01 0.000000e+00
7.061890e-01 1.294140e-01 0.000000e+00
7.314100e-01 1.340360e-01 0.000000e+00
7.566310e-01 1.386580e-01 0.000000e+00
7.818520e-01 1.432800e-01 0.000000e+00
8.070730e-01 1.479020e-01 0.000000e+00
8.322940e-01 1.525230e-01 0.000000e+00
8.575150e-01 1.571450e-01 0.000000e+00
8.827360e-01 1.617670e-01 0.000000e+00
9.079570e-01 1.663890e-01 0.000000e+00
9.331780e-01 1.710110e-01 0.000000e+00
9.583990e-01 1.756330e-01 0.000000e+00
9.836200e-01 1.802550e-01 0.000000e+00
0.000000e+00 0.000000e+00 0.000000e+00
2.489590e-02 6.136300e-03 0.000000e+00
4.979190e-02 1.227260e-02 0.000000e+00
7.468780e-02 1.840890e-02 0.000000e+00
9.958380e-02 2.454520e-02 0.000000e+00
1.244800e-01 3.068150e-02 0.000000e+00
1.493760e-01 3.681780e-02 0.000000e+00
1.742720e-01 4.295410e-02 0.000000e+00
1.991680e-01 4.909040e-02 0.000000e+00
2.240630e-01 5.522670e-02 0.000000e+00
2.489590e-01 6.136300e-02 0.000000e+00
2.738550e-01 6.749930e-02 0.000000e+00
2.987510e-01 7.363560e-02 0.000000e+00
3.236470e-01 7.977190e-02 0.000000e+00
3.485430e-01 8.590820e-02 0.000000e+00
3.734390e-01 9.204450e-02 0.000000e+00
3.983350e-01 9.818080e-02 0.000000e+00
4.232310e-01 1.043170e-01 0.000000e+00
4.481270e-01 1.104530e-01 0.000000e+00
4.730230e-01 1.165900e-01 0.000000e+00
4.979190e-01 1.227260e-01 0.000000e+00
5.228150e-01 1.288620e-01 0.000000e+00
5.477110e-01 1.349990e-01 0.000000e+00
5.726070e-01 1.411350e-01 0.000000e+00
5.975030e-01 1.472710e-01 0.000000e+00
6.223990e-01 1.534070e-01 0.000000e+00
6.472950e-01 1.595440e-01 0.000000e+00
6.721900e-01 1.656800e-01 0.000000e+00
6.970860e-01 1.718160e-01 0.000000e+00
7.219820e-01 1.779530e-01 0.000000e+00
7.468780e-01 1.840890e-01 0.000000e+00
7.717740e-01 1.902250e-01 0.000000e+00
7.966700e-01 1.963620e-01 0.000000e+00
8.215660e-01 2.024980e-01 0.000000e+00
8.464620e-01 2.086340e-01 0.000000e+00
8.713580e-01 2.147700e-01 0.000000e+00
8.962540e-01 2.209070e-01 0.000000e+00
9.211500e-01 2.270430e-01 0.000000e+00
9.460460e-01 2.331790e-01 0.000000e+00
9.709420e-01 2.393160e-01 0.000000e+00
0.000000e+00 0.000000e+00 0.000000e+00
2.448000e-02 7.628280e-03 0.000000e+00
4.896000e-02 1.525660e-02 0.000000e+00
7.344010e-02 2.288490e-02 0.000000e+00
9.792010e-02 3.051310e-02 0.000000e+00
1.224000e-01 3.814140e-02 0.000000e+00
1.468800e-01 4.576970e-02 0.000000e+00
1.713600e-01 5.339800e-02 0.000000e+00
1.958400e-01 6.102630e-02 0.000000e+00
2.203200e-01 6.865460e-02 0.000000e+00
2.448000e-01 7.628280e-02 0.000000e+00
2.692800e-01 8.391110e-02 0.000000e+00
2.937600e-01 9.153940e-02 0.000000e+00
3.182400e-01 9.916770e-02 0.000000e+00
3.427200e-01 1.067960e-01 0.000000e+00
3.672000e-01 1.144240e-01 0.000000e+00
3.916800e-01 1.220530e-01 0.000000e+00
4.161600e-01 1.296810e-01 0.000000e+00
4.406400e-01 1.373090e-01 0.000000e+00
4.651200e-01 1.449370e-01 0.000000e+00
4.896000e-01 1.525660e-01 0.000000e+00
5.140800e-01 1.601940e-01 0.000000e+00
5.385600e-01 1.678220e-01 0.000000e+00
5.630410e-01 1.754510e-01 0.000000e+00
5.875210e-01 1.830790e-01 0.000000e+00
6.120010e-01 1.907070e-01 0.000000e+00
6.364810e-01 1.983350e-01 0.000000e+00
6.609610e-01 2.059640e-01 0.000000e+00
6.854410e-01 2.135920e-01 0.000000e+00
7.099210e-01 2.212200e-01 0.000000e+00
7.344010e-01 2.288490e-01 0.000000e+00
7.588810e-01 2.364770e-01 0.000000e+00
7.833610e-01 2.441050e-01 0.000000e+00
8.078410e-01 2.517330e-01 0.000000e+00
8.323210e-01 2.593620e-01 0.000000e+00
8.568010e-01 2.669900e-01 0.000000e+00
8.812810e-01 2.746180e-01 0.000000e+00
9.057610e-01 2.822460e-01 0.000000e+00
9.302410e-01 2.898750e-01 0.000000e+00
9.547210e-01 2.975030e-01 0.000000e+00
0.000000e+00 0.000000e+00 0.000000e+00
2.397480e-02 9.092430e-03 0.000000e+00
4.794960e-02 1.818490e-02 0.000000e+00
7.192430e-02 2.727730e-02 0.000000e+00
9.589910e-02 3.636970e-02 0.000000e+00
1.198740e-01 4.546220e-02 0.000000e+00
1.438490e-01 5.455460e-02 0.000000e+00
1.678230e-01 6.364700e-02 0.000000e+00
1.917980e-01 7.273950e-02 0.000000e+00
2.157730e-01 8.183190e-02 0.000000e+00
2.397480e-01 9.092430e-02 0.000000e+00
2.637230e-01 1.000170e-01 0.000000e+00
2.876970e-01 1.091090e-01 0.000000e+00
3.116720e-01 1.182020e-01 0.000000e+00
3.356470e-01 1.272940e-01 0.000000e+00
3.596220e-01 1.363860e-01 0.000000e+00
3.835960e-01 1.454790e-01 0.000000e+00
4.075710e-01 1.545710e-01 0.000000e+00
4.315460e-01 1.636640e-01 0.000000e+00
4.555210e-01 1.727560e-01 0.000000e+00
4.794960e-01 1.818490e-01 0.000000e+00
5.034700e-01 1.909410e-01 0.000000e+00
5.274450e-01 2.000340e-01 0.000000e+00
5.514200e-01 2.091260e-01 0.000000e+00
5.753950e-01 2.182180e-01 0.000000e+00
5.993690e-01 2.273110e-01 0.000000e+00
6.233440e-01 2.364030e-01 0.000000e+00
6.473190e-01 2.454960e-01 0.000000e+00
6.712940e-01 2.545880e-01 0.000000e+00
6.952680e-01 2.636810e-01 0.000000e+00
7.192430e-01 2.727730e-01 0.000000e+00
7.432180e-01 2.818650e-01 0.000000e+00
7.671930e-01 2.909580e-01 0.000000e+00
7.911680e-01 3.000500e-01 0.000000e+00
8.151420e-01 3.091430e-01 0.000000e+00
8.391170e-01 3.182350e-01 0.000000e+00
8.630920e-01 3.273280e-01 0.000000e+00
8.870670e-01 3.364200e-01 0.000000e+00
9.110410e-01 3.455120e-01 0.000000e+00
9.350160e-01 3.546050e-01 0.000000e+00
0.000000e+00 0.000000e+00 0.000000e+00
2.338200e-02 1.052340e-02 0.000000e+00
4.676410e-02 2.104680e-02 0.000000e+00
7.014610e-02 3.157020e-02 0.000000e+00
9.352820e-02 4.209360e-02 0.000000e+00
1.169100e-01 5.261700e-02 0.000000e+00
1.402920e-01 6.314040e-02 0.000000e+00
1.636740e-01 7.366380e-02 0.000000e+00
1.870560e-01 8.418720e-02 0.000000e+00
2.104380e-01 9.471060e-02 0.000000e+00
2.338200e-01 1.052340e-01 0.000000e+00
2.572030e-01 1.157570e-01 0.000000e+00
2.805850e-01 1.262810e-01 0.000000e+00
3.039670e-01 1.368040e-01 0.000000e+00
3.273490e-01 1.473280e-01 0.000000e+00
3.507310e-01 1.578510e-01 0.000000e+00
3.741130e-01 1.683740e-01 0.000000e+00
3.974950e-01 1.788980e-01 0.000000e+00
4.208770e-01 1.894210e-01 0.000000e+00
4.442590e-01 1.999450e-01 0.000000e+00
4.676410e-01 2.104680e-01 0.000000e+00
4.910230e-01 2.209920e-01 0.000000e+00
5.144050e-01 2.315150e-01 0.000000e+00
5.377870e-01 2.420380e-01 0.000000e+00
5.611690e-01 2.525620e-01 0.000000e+00
5.845510e-01 2.630850e-01 0.000000e+00
6.079330e-01 2.736090e-01 0.000000e+00
6.313150e-01 2.841320e-01 0.000000e+00
6.546970e-01 2.946550e-01 0.000000e+00
6.780790e-01 3.051790e-01 0.000000e+00
7.014610e-01 3.157020e-01 0.000000e+00
7.248430e-01 3.262260e-01 0.000000e+00
7.482260e-01 3.367490e-01 0.000000e+00
7.716080e-01 3.472720e-01 0.000000e+00
7.949900e-01 3.577960e-01 0.000000e+00
8.183720e-01 3.683190e-01 0.000000e+00
8.417540e-01 3.788430e-01 0.000000e+00
8.651360e-01 3.893660e-01 0.000000e+00
8.885180e-01 3.998890e-01 0.000000e+00
9.119000e-01 4.104130e-01 0.000000e+00
0.000000e+00 0.000000e+00 0.000000e+00
2.270400e-02 1.191600e-02 0.000000e+00
4.540800e-02 2.383200e-02 0.000000e+00
6.811200e-02 3.574790e-02 0.000000e+00
9.081600e-02 4.766390e-02 0.000000e+00
1.135200e-01 5.957990e-02 0.000000e+00
1.362240e-01 7.149590e-02 0.000000e+00
1.589280e-01 8.341190e-02 0.000000e+00
1.816320e-01 9.532780e-02 0.000000e+00
2.043360e-01 1.072440e-01 0.000000e+00
2.270400e-01 1.191600e-01 0.000000e+00
2.497440e-01 1.310760e-01 0.000000e+00
2.724480e-01 1.429920e-01 0.000000e+00
2.951520e-01 1.549080e-01 0.000000e+00
3.178560e-01 1.668240e-01 0.000000e+00
3.405600e-01 1.787400e-01 0.000000e+00
3.632640e-01 1.906560e-01 0.000000e+00
3.859680e-01 2.025720e-01 0.000000e+00
4.086720e-01 2.144880e-01 0.000000e+00
4.313760e-01 2.264040e-01 0.000000e+00
4.540800e-01 2.383200e-01 0.000000e+00
4.767840e-01 2.502360e-01 0.000000e+00
4.994880e-01 2.621520e-01 0.000000e+00
5.221920e-01 2.740680e-01 0.000000e+00
5.448960e-01 2.859830e-01 0.000000e+00
5.676000e-01 2.978990e-01 0.000000e+00
5.903040e-01 3.098150e-01 0.000000e+00
6.130080e-01 3.217310e-01 0.000000e+00
6.357120e-01 3.336470e-01 0.000000e+00
6.584160e-01 3.455630e-01 0.000000e+00
6.811200e-01 3.574790e-01 0.000000e+00
7.038240e-01 3.693950e-01 0.000000e+00
7.265280e-01 3.813110e-01 0.000000e+00
7.492320e-01 3.932270e-01 0.000000e+00
7.719360e-01 4.051430e-01 0.000000e+00
7.946400e-01 4.170590e-01 0.000000e+00
8.173440e-01 4.289750e-01 0.000000e+00
8.400480e-01 4.408910e-01 0.000000e+00
8.627520e-01 4.528070e-01 0.000000e+00
8.854560e-01 4.647230e-01 0.000000e+00
0.000000e+00 0.000000e+00 0.000000e+00
2.194310e-02 1.326510e-02 0.000000e+00
4.388620e-02 2.653010e-02 0.000000e+00
6.582930e-02 3.979520e-02 0.000000e+00
8.777240e-02 5.306030e-02 0.000000e+00
1.097160e-01 6.632540e-02 0.000000e+00
1.316590e-01 7.959040e-02 0.000000e+00
1.536020e-01 9.285550e-02 0.000000e+00
1.755450e-01 1.061210e-01 0.000000e+00
1.974880e-01 1.193860e-01 0.000000e+00
2.194310e-01 1.326510e-01 0.000000e+00
2.413740e-01 1.459160e-01 0.000000e+00
2.633170e-01 1.591810e-01 0.000000e+00
2.852600e-01 1.724460e-01 0.000000e+00
3.072040e-01 1.857110e-01 0.000000e+00
3.291470e-01 1.989760e-01 0.000000e+00
3.510900e-01 2.122410e-01 0.000000e+00
3.730330e-01 2.255060e-01 0.000000e+00
3.949760e-01 2.387710e-01 0.000000e+00
4.169190e-01 2.520360e-01 0.000000e+00
4.388620e-01 2.653010e-01 0.000000e+00
4.608050e-01 2.785670e-01 0.000000e+00
4.827480e-01 2.918320e-01 0.000000e+00
5.046920e-01 3.050970e-01 0.000000e+00
5.266350e-01 3.183620e-01 0.000000e+00
5.485780e-01 3.316270e-01 0.000000e+00
5.705210e-01 3.448920e-01 0.000000e+00
5.924640e-01 3.581570e-01 0.000000e+00
6.144070e-01 3.714220e-01 0.000000e+00
6.363500e-01 3.846870e-01 0.000000e+00
6.582930e-01 3.979520e-01 0.000000e+00
6.802360e-01 4.112170e-01 0.000000e+00
7.021800e-01 4.244820e-01 0.000000e+00
7.241230e-01 4.377470e-01 0.000000e+00
7.460660e-01 4.510120e-01 0.000000e+00
7.680090e-01 4.642780e-01 0.000000e+00
7.899520e-01 4.775430e-01 0.000000e+00
8.118950e-01 4.908080e-01 0.000000e+00
8.338380e-01 5.040730e-01 0.000000e+00
8.557810e-01 5.173380e-01 0.000000e+00
0.000000e+00 0.000000e+00 0.000000e+00
2.110220e-02 1.456580e-02 0.000000e+00
4.220430e-02 2.913150e-02 0.000000e+00
6.330650e-02 4.369730e-02 0.000000e+00
8.440860e-02 5.826310e-02 0.000000e+00
1.055110e-01 7.282880e-02 0.000000e+00
1.266130e-01 8.739460e-02 0.000000e+00
1.477150e-01 1.019600e-01 0.000000e+00
1.688170e-01 1.165260e-01 0.000000e+00
1.899190e-01 1.310920e-01 0.000000e+00
2.110220e-01 1.456580e-01 0.000000e+00
2.321240e-01 1.602230e-01 0.000000e+00
2.532260e-01 1.747890e-01 0.000000e+00
2.743280e-01 1.893550e-01 0.000000e+00
2.954300e-01 2.039210e-01 0.000000e+00
3.165320e-01 2.184860e-01 0.000000e+00
3.376340e-01 2.330520e-01 0.000000e+00
3.587370e-01 2.476180e-01 0.000000e+00
3.798390e-01 2.621840e-01 0.000000e+00
4.009410e-01 2.767490e-01 0.000000e+00
4.220430e-01 2.913150e-01 0.000000e+00
4.431450e-01 3.058810e-01 0.000000e+00
4.642470e-01 3.204470e-01 0.000000e+00
4.853490e-01 3.350130e-01 0.000000e+00
5.064520e-01 3.495780e-01 0.000000e+00
5.275540e-01 3.641440e-01 0.000000e+00
5.486560e-01 3.787100e-01 0.000000e+00
5.697580e-01 3.932760e-01 0.000000e+00
5.908600e-01 4.078410e-01 0.000000e+00
6.119620e-01 4.224070e-01 0.000000e+00
6.330650e-01 4.369730e-01 0.000000e+00
6.541670e-01 4.515390e-01 0.000000e+00
6.752690e-01 4.661040e-01 0.000000e+00
6.963710e-01 4.806700e-01 0.000000e+00
7.174730e-01 4.952360e-01 0.000000e+00
7.385750e-01 5.098020e-01 0.000000e+00
7.596770e-01 5.243670e-01 0.000000e+00
7.807800e-01 5.389330e-01 0.000000e+00
8.018820e-01 5.534990e-01 0.000000e+00
8.229840e-01 5.680650e-01 0.000000e+00
0.000000e+00 0.000000e+00 0.000000e+00
2.018420e-02 1.581330e-02 0.000000e+00
4.036840e-02 3.162660e-02 0.000000e+00
6.055260e-02 4.743990e-02 0.000000e+00
8.073680e-02 6.325320e-02 0.000000e+00
1.009210e-01 7.906650e-02 0.000000e+00
1.211050e-01 9.487980e-02 0.000000e+00
1.412890e-01 1.106930e-01 0.000000e+00
1.614740e-01 1.265060e-01 0.000000e+00
1.816580e-01 1.423200e-01 0.000000e+00
2.018420e-01 1.581330e-01 0.000000e+00
2.220260e-01 1.739460e-01 0.000000e+00
2.422100e-01 1.897600e-01 0.000000e+00
2.623940e-01 2.055730e-01 0.000000e+00
2.825790e-01 2.213860e-01 0.000000e+00
3.027630e-01 2.372000e-01 0.000000e+00
3.229470e-01 2.530130e-01 0.000000e+00
3.431310e-01 2.688260e-01 0.000000e+00
3.633150e-01 2.846390e-01 0.000000e+00
3.835000e-01 3.004530e-01 0.000000e+00
4.036840e-01 3.162660e-01 0.000000e+00
4.238680e-01 3.320790e-01 0.000000e+00
4.440520e-01 3.478930e-01 0.000000e+00
4.642360e-01 3.637060e-01 0.000000e+00
4.844210e-01 3.795190e-01 0.000000e+00
5.046050e-01 3.953330e-01 0.000000e+00
5.247890e-01 4.111460e-01 0.000000e+00
5.449730e-01 4.269590e-01 0.000000e+00
5.651570e-01 4.427730e-01 0.000000e+00
5.853420e-01 4.585860e-01 0.000000e+00
6.055260e-01 4.743990e-01 0.000000e+00
6.257100e-01 4.902120e-01 0.000000e+00
6.458940e-01 5.060260e-01 0.000000e+00
6.660780e-01 5.218390e-01 0.000000e+00
6.862630e-01 5.376520e-01 0.000000e+00
7.064470e-01 5.534660e-01 0.000000e+00
7.266310e-01 5.692790e-01 0.000000e+00
7.468150e-01 5.850920e-01 0.000000e+00
7.669990e-01 6.009060e-01 0.000000e+00
7.871830e-01 6.167190e-01 0.000000e+00
0.000000e+00 0.000000e+00 0.000000e+00
1.919260e-02 1.700310e-02 0.000000e+00
3.838520e-02 3.400630e-02 0.000000e+00
5.757770e-02 5.100940e-02 0.000000e+00
7.677030e-02 6.801260e-02 0.000000e+00
9.596290e-02 8.501570e-02 0.000000e+00
1.151550e-01 1.020190e-01 0.000000e+00
1.343480e-01 1.190220e-01 0.000000e+00
1.535410e-01 1.360250e-01 0.000000e+00
1.727330e-01 1.530280e-01 0.000000e+00
1.919260e-01 1.700310e-01 0.000000e+00
2.111180e-01 1.870350e-01 0.000000e+00
2.303110e-01 2.040380e-01 0.000000e+00
2.495040e-01 2.210410e-01 0.000000e+00
2.686960e-01 2.380440e-01 0.000000e+00
2.878890e-01 2.550470e-01 0.000000e+00
3.070810e-01 2.720500e-01 0.000000e+00
3.262740e-01 2.890530e-01 0.000000e+00
3.454660e-01 3.060570e-01 0.000000e+00
3.646590e-01 3.230600e-01 0.000000e+00
3.838520e-01 3.400630e-01 0.000000e+00
4.030440e-01 3.570660e-01 0.000000e+00
4.222370e-01 3.740690e-01 0.000000e+00
4.414290e-01 3.910720e-01 0.000000e+00
4.606220e-01 4.080750e-01 0.000000e+00
4.798150e-01 4.250790e-01 0.000000e+00
4.990070e-01 4.420820e-01 0.000000e+00
5.182000e-01 4.590850e-01 0.000000e+00
5.373920e-01 4.760880e-01 0.000000e+00
5.565850e-01 4.930910e-01 0.000000e+00
5.757770e-01 5.100940e-01 0.000000e+00
5.949700e-01 5.270970e-01 0.000000e+00
6.141630e-01 5.441010e-01 0.000000e+00
6.333550e-01 5.611040e-01 0.000000e+00
6.525480e-01 5.781070e-01 0.000000e+00
6.717400e-01 5.951100e-01 0.000000e+00
6.909330e-01 6.121130e-01 0.000000e+00
7.101260e-01 6.291160e-01 0.000000e+00
7.293180e-01 6.461200e-01 0.000000e+00
7.485110e-01 6.631230e-01 0.000000e+00
0.000000e+00 0.000000e+00 0.000000e+00
1.813090e-02 1.813090e-02 0.000000e+00
3.626190e-02 3.626190e-02 0.000000e+00
5.439280e-02 5.439280e-02 0.000000e+00
7.252380e-02 7.252380e-02 0.000000e+00
9.065470e-02 9.065470e-02 0.000000e+00
1.087860e-01 1.087860e-01 0.000000e+00
1.269170e-01 1.269170e-01 0.000000e+00
1.450480e-01 1.450480e-01 0.000000e+00
1.631780e-01 1.631780e-01 0.000000e+00
1.813090e-01 1.813090e-01 0.000000e+00
1.994400e-01 1.994400e-01 0.000000e+00
2.175710e-01 2.175710e-01 0.000000e+00
2.357020e-01 2.357020e-01 0.000000e+00
2.538330e-01 2.538330e-01 0.000000e+00
2.719640e-01 2.719640e-01 0.000000e+00
2.900950e-01 2.900950e-01 0.000000e+00
3.082260e-01 3.082260e-01 0.000000e+00
3.263570e-01 3.263570e-01 0.000000e+00
3.444880e-01 3.444880e-01 0.000000e+00
3.626190e-01 3.626190e-01 0.000000e+00
3.807500e-01 3.807500e-01 0.000000e+00
3.988810e-01 3.988810e-01 0.000000e+00
4.170120e-01 4.170120e-01 0.000000e+00
4.351430e-01 4.351430e-01 0.000000e+00
4.532740e-01 4.532740e-01 0.000000e+00
4.714050e-01 4.714050e-01 0.000000e+00
4.895350e-01 4.895350e-01 0.000000e+00
5.076660e-01 5.076660e-01 0.000000e+00
5.257970e-01 5.257970e-01 0.000000e+00
5.439280e-01 5.439280e-01 0.000000e+00
5.620590e-01 5.620590e-01 0.000000e+00
5.801900e-01 5.801900e-01 0.000000e+00
5.983210e-01 5.983210e-01 0.000000e+00
6.164520e-01 6.164520e-01 0.000000e+00
6.345830e-01 6.345830e-01 0.000000e+00
6.527140e-01 6.527140e-01 0.000000e+00
6.708450e-01 6.708450e-01 0.000000e+00
6.889760e-01 6.889760e-01 0.000000e+00
7.071070e-01 7.071070e-01 0.000000e+00
0.000000e+00 0.000000e+00 0.000000e+00
1.700310e-02 1.919260e-02 0.000000e+00
3.400630e-02 3.838520e-02 0.000000e+00
5.100940e-02 5.757770e-02 0.000000e+00
6.801260e-02 7.677030e-02 0.000000e+00
8.501570e-02 9.596290e-02 0.000000e+00
1.020190e-01 1.151550e-01 0.000000e+00
1.190220e-01 1.343480e-01 0.000000e+00
1.360250e-01 1.535410e-01 0.000000e+00
1.530280e-01 1.727330e-01 0.000000e+00
1.700310e-01 1.919260e-01 0.000000e+00
1.870350e-01 2.111180e-01 0.000000e+00
2.040380e-01 2.303110e-01 0.000000e+00
2.210410e-01 2.495040e-01 0.000000e+00
2.380440e-01 2.686960e-01 0.000000e+00
2.550470e-01 2.878890e-01 0.000000e+00
2.720500e-01 3.070810e-01 0.000000e+00
2.890530e-01 3.262740e-01 0.000000e+00
3.060570e-01 3.454660e-01 0.000000e+00
3.230600e-01 3.646590e-01 0.000000e+00
3.400630e-01 3.838520e-01 0.000000e+00
3.570660e-01 4.030440e-01 0.000000e+00
3.740690e-01 4.222370e-01 0.000000e+00
3.910720e-01 4.414290e-01 0.000000e+00
4.080750e-01 4.606220e-01 0.000000e+00
4.250790e-01 4.798150e-01 0.000000e+00
4.420820e-01 4.990070e-01 0.000000e+00
4.590850e-01 5.182000e-01 0.000000e+00
4.760880e-01 5.373920e-01 0.000000e+00
4.930910e-01 5.565850e-01 0.000000e+00
5.100940e-01 5.757770e-01 0.000000e+00
5.270970e-01 5.949700e-01 0.000000e+00
5.441010e-01 6.141630e-01 0.000000e+00
5.611040e-01 6.333550e-01 0.000000e+00
5.781070e-01 6.525480e-01 0.000000e+00
5.951100e-01 6.717400e-01 0.000000e+00
6.121130e-01 6.909330e-01 0.000000e+00
6.291160e-01 7.101260e-01 0.000000e+00
6.461200e-01 7.293180e-01 0.000000e+00
6.631230e-01 7.485110e-01 0.000000e+00
0.000000e+00 0.000000e+00 0.000000e+00
1.581330e-02 2.018420e-02 0.000000e+00
3.162660e-02 4.036840e-02 0.000000e+00
4.743990e-02 6.055260e-02 0.000000e+00
6.325320e-02 8.073680e-02 0.000000e+00
7.906650e-02 1.009210e-01 0.000000e+00
9.487980e-02 1.211050e-01 0.000000e+00
1.106930e-01 1.412890e-01 0.000000e+00
1.265060e-01 1.614740e-01 0.000000e+00
1.423200e-01 1.816580e-01 0.000000e+00
1.581330e-01 2.018420e-01 0.000000e+00
1.739460e-01 2.220260e-01 0.000000e+00
1.897600e-01 2.422100e-01 0.000000e+00
2.055730e-01 2.623940e-01 0.000000e+00
2.213860e-01 2.825790e-01 0.000000e+00
2.372000e-01 3.027630e-01 0.000000e+00
2.530130e-01 3.229470e-01 0.000000e+00
2.688260e-01 3.431310e-01 0.000000e+00
2.846390e-01 3.633150e-01 0.000000e+00
3.004530e-01 3.835000e-01 0.000000e+00
3.162660e-01 4.036840e-01 0.000000e+00
3.320790e-01 4.238680e-01 0.000000e+00
3.478930e-01 4.440520e-01 0.000000e+00
3.637060e-01 4.642360e-01 0.000000e+00
3.795190e-01 4.844210e-01 0.000000e+00
3.953330e-01 5.046050e-01 0.000000e+00
4.111460e-01 5.247890e-01 0.000000e+00
4.269590e-01 5.449730e-01 0.000000e+00
4.427730e-01 5.651570e-01 0.000000e+00
4.585860e-01 5.853420e-01 0.000000e+00
4.743990e-01 6.055260e-01 0.000000e+00
4.902120e-01 6.257100e-01 0.000000e+00
5.060260e-01 6.458940e-01 0.000000e+00
5.218390e-01 6.660780e-01 0.000000e+00
5.376520e-01 6.862630e-01 0.000000e+00
5.534660e-01 7.064470e-01 0.000000e+00
5.692790e-01 7.266310e-01 0.000000e+00
5.850920e-01 7.468150e-01 0.000000e+00
6.009060e-01 7.669990e-01 0.000000e+00
6.167190e-01 7.871830e-01 0.000000e+00
0.000000e+00 0.000000e+00 0.000000e+00
1.456580e-02 2.110220e-02 0.000000e+00
2.913150e-02 4.220430e-02 0.000000e+00
4.369730e-02 6.330650e-02 0.000000e+00
5.826310e-02 8.440860e-02 0.000000e+00
7.282880e-02 1.055110e-01 0.000000e+00
8.739460e-02 1.266130e-01 0.000000e+00
1.019600e-01 1.477150e-01 0.000000e+00
1.165260e-01 1.688170e-01 0.000000e+00
1.310920e-01 1.899190e-01 0.000000e+00
1.456580e-01 2.110220e-01 0.000000e+00
1.602230e-01 2.321240e-01 0.000000e+00
1.747890e-01 2.532260e-01 0.000000e+00
1.893550e-01 2.743280e-01 0.000000e+00
2.039210e-01 2.954300e-01 0.000000e+00
2.184860e-01 3.165320e-01 0.000000e+00
2.330520e-01 3.376340e-01 0.000000e+00
2.476180e-01 3.587370e-01 0.000000e+00
2.621840e-01 3.798390e-01 0.000000e+00
2.767490e-01 4.009410e-01 0.000000e+00
2.913150e-01 4.220430e-01 0.000000e+00
3.058810e-01 4.431450e-01 0.000000e+00
3.204470e-01 4.642470e-01 0.000000e+00
3.350130e-01 4.853490e-01 0.000000e+00
3.495780e-01 5.064520e-01 0.000000e+00
3.641440e-01 5.275540e-01 0.000000e+00
3.787100e-01 5.486560e-01 0.000000e+00
3.932760e-01 5.697580e-01 0.000000e+00
4.078410e-01 5.908600e-01 0.000000e+00
4.224070e-01 6.119620e-01 0.000000e+00
4.369730e-01 6.330650e-01 0.000000e+00
4.515390e-01 6.541670e-01 0.000000e+00
4.661040e-01 6.752690e-01 0.000000e+00
4.806700e-01 6.963710e-01 0.000000e+00
4.952360e-01 7.174730e-01 0.000000e+00
5.098020e-01 7.385750e-01 0.000000e+00
5.243670e-01 7.596770e-01 0.000000e+00
5.389330e-01 7.807800e-01 0.000000e+00
5.534990e-01 8.018820e-01 0.000000e+00
5.680650e-01 8.229840e-01 0.000000e+00
0.000000e+00 0.000000e+00 0.000000e+00
1.326510e-02 2.194310e-02 0.000000e+00
2.653010e-02 4.388620e-02 0.000000e+00
3.979520e-02 6.582930e-02 0.000000e+00
5.306030e-02 8.777240e-02 0.000000e+00
6.632540e-02 1.097160e-01 0.000000e+00
7.959040e-02 1.316590e-01 0.000000e+00
9.285550e-02 1.536020e-01 0.000000e+00
1.061210e-01 1.755450e-01 0.000000e+00
1.193860e-01 1.974880e-01 0.000000e+00
1.326510e-01 2.194310e-01 0.000000e+00
1.459160e-01 2.413740e-01 0.000000e+00
1.591810e-01 2.633170e-01 0.000000e+00
1.724460e-01 2.852600e-01 0.000000e+00
1.857110e-01 3.072040e-01 0.000000e+00
1.989760e-01 3.291470e-01 0.000000e+00
2.122410e-01 3.510900e-01 0.000000e+00
2.255060e-01 3.730330e-01 0.000000e+00
2.387710e-01 3.949760e-01 0.000000e+00
2.520360e-01 4.169190e-01 0.000000e+00
2.653010e-01 4.388620e-01 0.000000e+00
2.785670e-01 4.608050e-01 0.000000e+00
2.918320e-01 4.827480e-01 0.000000e+00
3.050970e-01 5.046920e-01 0.000000e+00
3.183620e-01 5.266350e-01 0.000000e+00
3.316270e-01 5.485780e-01 0.000000e+00
3.448920e-01 5.705210e-01 0.000000e+00
3.581570e-01 5.924640e-01 0.000000e+00
3.714220e-01 6.144070e-01 0.000000e+00
3.846870e-01 6.363500e-01 0.000000e+00
3.979520e-01 6.582930e-01 0.000000e+00
4.112170e-01 6.802360e-01 0.000000e+00
4.244820e-01 7.021800e-01 0.000000e+00
4.377470e-01 7.241230e-01 0.000000e+00
4.510120e-01 7.460660e-01 0.000000e+00
4.642780e-01 7.680090e-01 0.000000e+00
4.775430e-01 7.899520e-01 0.000000e+00
4.908080e-01 8.118950e-01 0.000000e+00
5.040730e-01 8.338380e-01 0.000000e+00
5.173380e-01 8.557810e-01 0.000000e+00
0.000000e+00 0.000000e+00 0.000000e+00
1.191600e-02 2.270400e-02 0.000000e+00
2.383200e-02 4.540800e-02 0.000000e+00
3.574790e-02 6.811200e-02 0.000000e+00
4.766390e-02 9.081600e-02 0.000000e+00
5.957990e-02 1.135200e-01 0.000000e+00
7.149590e-02 1.362240e-01 0.000000e+00
8.341190e-02 1.589280e-01 0.000000e+00
9.532780e-02 1.816320e-01 0.000000e+00
1.072440e-01 2.043360e-01 0.000000e+00
1.191600e-01 2.270400e-01 0.000000e+00
1.310760e-01 2.497440e-01 0.000000e+00
1.429920e-01 2.724480e-01 0.000000e+00
1.549080e-01 2.951520e-01 0.000000e+00
1.668240e-01 3.178560e-01 0.000000e+00
1.787400e-01 3.405600e-01 0.000000e+00
1.906560e-01 3.632640e-01 0.000000e+00
2.025720e-01 3.859680e-01 0.000000e+00
2.144880e-01 4.086720e-01 0.000000e+00
2.264040e-01 4.313760e-01 0.000000e+00
2.383200e-01 4.540800e-01 0.000000e+00
2.502360e-01 4.767840e-01 0.000000e+00
2.621520e-01 4.994880e-01 0.000000e+00
2.740680e-01 5.221920e-01 0.000000e+00
2.859830e-01 5.448960e-01 0.000000e+00
2.978990e-01 5.676000e-01 0.000000e+00
3.098150e-01 5.903040e-01 0.000000e+00
3.217310e-01 6.130080e-01 0.000000e+00
3.336470e-01 6.357120e-01 0.000000e+00
3.455630e-01 6.584160e-01 0.000000e+00
3.574790e-01 6.811200e-01 0.000000e+00
3.693950e-01 7.038240e-01 0.000000e+00
3.813110e-01 7.265280e-01 0.000000e+00
3.932270e-01 7.492320e-01 0.000000e+00
4.051430e-01 7.719360e-01 0.000000e+00
4.170590e-01 7.946400e-01 0.000000e+00
4.289750e-01 8.173440e-01 0.000000e+00
4.408910e-01 8.400480e-01 0.000000e+00
4.528070e-01 8.627520e-01 0.000000e+00
4.647230e-01 8.854560e-01 0.000000e+00
0.000000e+00 0.000000e+00 0.000000e+00
1.052340e-02 2.338200e-02 0.000000e+00
2.104680e-02 4.676410e-02 0.000000e+00
3.157020e-02 7.014610e-02 0.000000e+00
4.209360e-02 9.352820e-02 0.000000e+00
5.261700e-02 1.169100e-01 0.000000e+00
6.314040e-02 1.402920e-01 0.000000e+00
7.366380e-02 1.636740e-01 0.000000e+00
8.418720e-02 1.870560e-01 0.000000e+00
9.471060e-02 2.104380e-01 0.000000e+00
1.052340e-01 2.338200e-01 0.000000e+00
1.157570e-01 2.572030e-01 0.000000e+00
1.262810e-01 2.805850e-01 0.000000e+00
1.368040e-01 3.039670e-01 0.000000e+00
1.473280e-01 3.273490e-01 0.000000e+00
1.578510e-01 3.507310e-01 0.000000e+00
1.683740e-01 3.741130e-01 0.000000e+00
1.788980e-01 3.974950e-01 0.000000e+00
1.894210e-01 4.208770e-01 0.000000e+00
1.999450e-01 4.442590e-01 0.000000e+00
2.104680e-01 4.676410e-01 0.000000e+00
2.209920e-01 4.910230e-01 0.000000e+00
2.315150e-01 5.144050e-01 0.000000e+00
2.420380e-01 5.377870e-01 0.000000e+00
2.525620e-01 5.611690e-01 0.000000e+00
2.630850e-01 5.845510e-01 0.000000e+00
2.736090e-01 6.079330e-01 0.000000e+00
2.841320e-01 6.313150e-01 0.000000e+00
2.946550e-01 6.546970e-01 0.000000e+00
3.051790e-01 6.780790e-01 0.000000e+00
3.157020e-01 7.014610e-01 0.000000e+00
3.262260e-01 7.248430e-01 0.000000e+00
3.367490e-01 7.482260e-01 0.000000e+00
3.472720e-01 7.716080e-01 0.000000e+00
3.577960e-01 7.949900e-01 0.000000e+00
3.683190e-01 8.183720e-01 0.000000e+00
3.788430e-01 8.417540e-01 0.000000e+00
3.893660e-01 8.651360e-01 0.000000e+00
3.998890e-01 8.885180e-01 0.000000e+00
4.104130e-01 9.119000e-01 0.000000e+00
0.000000e+00 0.000000e+00 0.000000e+00
9.092430e-03 2.397480e-02 0.000000e+00
1.818490e-02 4.794960e-02 0.000000e+00
2.727730e-02 7.192430e-02 0.000000e+00
3.636970e-02 9.589910e-02 0.000000e+00
4.546220e-02 1.198740e-01 0.000000e+00
5.455460e-02 1.438490e-01 0.000000e+00
6.364700e-02 1.678230e-01 0.000000e+00
7.273950e-02 1.917980e-01 0.000000e+00
8.183190e-02 2.157730e-01 0.000000e+00
9.092430e-02 2.397480e-01 0.000000e+00
1.000170e-01 2.637230e-01 0.000000e+00
1.091090e-01 2.876970e-01 0.000000e+00
1.182020e-01 3.116720e-01 0.000000e+00
1.272940e-01 3.356470e-01 0.000000e+00
1.363860e-01 3.596220e-01 0.000000e+00
1.454790e-01 3.835960e-01 0.000000e+00
1.545710e-01 4.075710e-01 0.000000e+00
1.636640e-01 4.315460e-01 0.000000e+00
1.727560e-01 4.555210e-01 0.000000e+00
1.818490e-01 4.794960e-01 0.000000e+00
1.909410e-01 5.034700e-01 0.000000e+00
2.000340e-01 5.274450e-01 0.000000e+00
2.091260e-01 5.514200e-01 0.000000e+00
2.182180e-01 5.753950e-01 0.000000e+00
2.273110e-01 5.993690e-01 0.000000e+00
2.364030e-01 6.233440e-01 0.000000e+00
2.454960e-01 6.473190e-01 0.000000e+00
2.545880e-01 6.712940e-01 0.000000e+00
2.636810e-01 6.952680e-01 0.000000e+00
2.727730e-01 7.192430e-01 0.000000e+00
2.818650e-01 7.432180e-01 0.000000e+00
2.909580e-01 7.671930e-01 0.000000e+00
3.000500e-01 7.911680e-01 0.000000e+00
3.091430e-01 8.151420e-01 0.000000e+00
3.182350e-01 8.391170e-01 0.000000e+00
3.273280e-01 8.630920e-01 0.000000e+00
3.364200e-01 8.870670e-01 0.000000e+00
3.455120e-01 9.110410e-01 0.000000e+00
3.546050e-01 9.350160e-01 0.000000e+00
0.000000e+00 0.000000e+00 0.000000e+00
7.628280e-03 2.448000e-02 0.000000e+00
1.525660e-02 4.896000e-02 0.000000e+00
2.288490e-02 7.344010e-02 0.000000e+00
3.051310e-02 9.792010e-02 0.000000e+00
3.814140e-02 1.224000e-01 0.000000e+00
4.576970e-02 1.468800e-01 0.000000e+00
5.339800e-02 1.713600e-01 0.000000e+00
6.102630e-02 1.958400e-01 0.000000e+00
6.865460e-02 2.203200e-01 0.000000e+00
7.628280e-02 2.448000e-01 0.000000e+00
8.391110e-02 2.692800e-01 0.000000e+00
9.153940e-02 2.937600e-01 0.000000e+00
9.916770e-02 3.182400e-01 0.000000e+00
1.067960e-01 3.427200e-01 0.000000e+00
1.144240e-01 3.672000e-01 0.000000e+00
1.220530e-01 3.916800e-01 0.000000e+00
1.296810e-01 4.161600e-01 0.000000e+00
1.373090e-01 4.406400e-01 0.000000e+00
1.449370e-01 4.651200e-01 0.000000e+00
1.525660e-01 4.896000e-01 0.000000e+00
1.601940e-01 5.140800e-01 0.000000e+00
1.678220e-01 5.385600e-01 0.000000e+00
1.754510e-01 5.630410e-01 0.000000e+00
1.830790e-01 5.875210e-01 0.000000e+00
1.907070e-01 6.120010e-01 0.000000e+00
1.983350e-01 6.364810e-01 0.000000e+00
2.059640e-01 6.609610e-01 0.000000e+00
2.135920e-01 6.854410e-01 0.000000e+00
2.212200e-01 7.099210e-01 0.000000e+00
2.288490e-01 7.344010e-01 0.000000e+00
2.364770e-01 7.588810e-01 0.000000e+00
2.441050e-01 7.833610e-01 0.000000e+00
2.517330e-01 8.078410e-01 0.000000e+00
2.593620e-01 8.323210e-01 0.000000e+00
2.669900e-01 8.568010e-01 0.000000e+00
2.746180e-01 8.812810e-01 0.000000e+00
2.822460e-01 9.057610e-01 0.000000e+00
2.898750e-01 9.302410e-01 0.000000e+00
2.975030e-01 9.547210e-01 0.000000e+00
0.000000e+00 0.000000e+00 0.000000e+00
6.136300e-03 2.489590e-02 0.000000e+00
1.227260e-02 4.979190e-02 0.000000e+00
1.840890e-02 7.468780e-02 0.000000e+00
2.454520e-02 9.958380e-02 0.000000e+00
3.068150e-02 1.244800e-01 0.000000e+00
3.681780e-02 1.493760e-01 0.000000e+00
4.295410e-02 1.742720e-01 0.000000e+00
4.909040e-02 1.991680e-01 0.000000e+00
5.522670e-02 2.240630e-01 0.000000e+00
6.136300e-02 2.489590e-01 0.000000e+00
6.749930e-02 2.738550e-01 0.000000e+00
7.363560e-02 2.987510e-01 0.000000e+00
7.977190e-02 3.236470e-01 0.000000e+00
8.590820e-02 3.485430e-01 0.000000e+00
9.204450e-02 3.734390e-01 0.000000e+00
9.818080e-02 3.983350e-01 0.000000e+00
1.043170e-01 4.232310e-01 0.000000e+00
1.104530e-01 4.481270e-01 0.000000e+00
1.165900e-01 4.730230e-01 0.000000e+00
1.227260e-01 4.979190e-01 0.000000e+00
1.288620e-01 5.228150e-01 0.000000e+00
1.349990e-01 5.477110e-01 0.000000e+00
1.411350e-01 5.726070e-01 0.000000e+00
1.472710e-01 5.975030e-01 0.000000e+00
1.534070e-01 6.223990e-01 0.000000e+00
1.595440e-01 6.472950e-01 0.000000e+00
1.656800e-01 6.721900e-01 0.000000e+00
1.718160e-01 6.970860e-01 0.000000e+00
1.779530e-01 7.219820e-01 0.000000e+00
1.840890e-01 7.468780e-01 0.000000e+00
1.902250e-01 7.717740e-01 0.000000e+00
1.963620e-01 7.966700e-01 0.000000e+00
2.024980e-01 8.215660e-01 0.000000e+00
2.086340e-01 8.464620e-01 0.000000e+00
2.147700e-01 8.713580e-01 0.000000e+00
2.209070e-01 8.962540e-01 0.000000e+00
2.270430e-01 9.211500e-01 0.000000e+00
2.331790e-01 9.460460e-01 0.000000e+00
2.393160e-01 9.709420e-01 0.000000e+00
0.000000e+00 0.000000e+00 0.000000e+00
4.621920e-03 2.522100e-02 0.000000e+00
9.243850e-03 5.044200e-02 0.000000e+00
1.386580e-02 7.566310e-02 0.000000e+00
1.848770e-02 1.008840e-01 0.000000e+00
2.310960e-02 1.261050e-01 0.000000e+00
2.773150e-02 1.513260e-01 0.000000e+00
3.235350e-02 1.765470e-01 0.000000e+00
3.697540e-02 2.017680e-01 0.000000e+00
4.159730e-02 2.269890e-01 0.000000e+00
4.621920e-02 2.522100e-01 0.000000e+00
5.084120e-02 2.774310e-01 0.000000e+00
5.546310e-02 3.026520e-01 0.000000e+00
6.008500e-02 3.278730e-01 0.000000e+00
6.470690e-02 3.530940e-01 0.000000e+00
6.932890e-02 3.783150e-01 0.000000e+00
7.395080e-02 4.035360e-01 0.000000e+00
7.857270e-02 4.287570e-01 0.000000e+00
8.319460e-02 4.539780e-01 0.000000e+00
8.781660e-02 4.791990e-01 0.000000e+00
9.243850e-02 5.044200e-01 0.000000e+00
9.706040e-02 5.296410e-01 0.000000e+00
1.016820e-01 5.548630e-01 0.000000e+00
1.063040e-01 5.800840e-01 0.000000e+00
1.109260e-01 6.053050e-01 0.000000e+00
1.155480e-01 6.305260e-01 0.000000e+00
1.201700e-01 6.557470e-01 0.000000e+00
1.247920e-01 6.809680e-01 0.000000e+00
1.294140e-01 7.061890e-01 0.000000e+00
1.340360e-01 7.314100e-01 0.000000e+00
1.386580e-01 7.566310e-01 0.000000e+00
1.432800e-01 7.818520e-01 0.000000e+00
1.479020e-01 8.070730e-01 0.000000e+00
1.525230e-01 8.322940e-01 0.000000e+00
1.571450e-01 8.575150e-01 0.000000e+00
1.617670e-01 8.827360e-01 0.000000e+00
1.663890e-01 9.079570e-01 0.000000e+00
1.710110e-01 9.331780e-01 0.000000e+00
1.756330e-01 9.583990e-01 0.000000e+00
1.802550e-01 9.836200e-01 0.000000e+00
0.000000e+00 0.000000e+00 0.000000e+00
3.090680e-03 2.545410e-02 0.000000e+00
6.181370e-03 5.090810e-02 0.000000e+00
9.272050e-03 7.636220e-02 0.000000e+00
1.236270e-02 1.018160e-01 0.000000e+00
1.545340e-02 1.272700e-01 0.000000e+00
1.854410e-02 1.527240e-01 0.000000e+00
2.163480e-02 1.781790e-01 0.000000e+00
2.472550e-02 2.036330e-01 0.000000e+00
2.781620e-02 2.290870e-01 0.000000e+00
3.090680e-02 2.545410e-01 0.000000e+00
3.399750e-02 2.799950e-01 0.000000e+00
3.708820e-02 3.054490e-01 0.000000e+00
4.017890e-02 3.309030e-01 0.000000e+00
4.326960e-02 3.563570e-01 0.000000e+00
4.636030e-02 3.818110e-01 0.000000e+00
4.945090e-02 4.072650e-01 0.000000e+00
5.254160e-02 4.327190e-01 0.000000e+00
5.563230e-02 4.581730e-01 0.000000e+00
5.872300e-02 4.836270e-01 0.000000e+00
6.181370e-02 5.090810e-01 0.000000e+00
6.490440e-02 5.345360e-01 0.000000e+00
6.799510e-02 5.599900e-01 0.000000e+00
7.108570e-02 5.854440e-01 0.000000e+00
7.417640e-02 6.108980e-01 0.000000e+00
7.726710e-02 6.363520e-01 0.000000e+00
8.035780e-02 6.618060e-01 0.000000e+00
8.344850e-02 6.872600e-01 0.000000e+00
8.653920e-02 7.127140e-01 0.000000e+00
8.962980e-02 7.381680e-01 0.000000e+00
9.272050e-02 7.636220e-01 0.000000e+00
9.581120e-02 7.890760e-01 0.000000e+00
9.890190e-02 8.145300e-01 0.000000e+00
1.019930e-01 8.399840e-01 0.000000e+00
1.050830e-01 8.654390e-01 0.000000e+00
1.081740e-01 8.908930e-01 0.000000e+00
1.112650e-01 9.163470e-01 0.000000e+00
1.143550e-01 9.418010e-01 0.000000e+00
1.174460e-01 9.672550e-01 0.000000e+00
1.205370e-01 9.927090e-01 0.000000e+00
0.000000e+00 0.000000e+00 0.000000e+00
1.548170e-03 2.559420e-02 0.000000e+00
3.096330e-03 5.118850e-02 0.000000e+00
4.644500e-03 7.678270e-02 0.000000e+00
6.192670e-03 1.023770e-01 0.000000e+00
7.740830e-03 1.279710e-01 0.000000e+00
9.289000e-03 1.535650e-01 0.000000e+00
1.083720e-02 1.791600e-01 0.000000e+00
1.238530e-02 2.047540e-01 0.000000e+00
1.393350e-02 2.303480e-01 0.000000e+00
1.548170e-02 2.559420e-01 0.000000e+00
1.702980e-02 2.815370e-01 0.000000e+00
1.857800e-02 3.071310e-01 0.000000e+00
2.012620e-02 3.327250e-01 0.000000e+00
2.167430e-02 3.583190e-01 0.000000e+00
2.322250e-02 3.839140e-01 0.000000e+00
2.477070e-02 4.095080e-01 0.000000e+00
2.631880e-02 4.351020e-01 0.000000e+00
2.786700e-02 4.606960e-01 0.000000e+00
2.941520e-02 4.862910e-01 0.000000e+00
3.096330e-02 5.118850e-01 0.000000e+00
3.251150e-02 5.374790e-01 0.000000e+00
3.405970e-02 5.630730e-01 0.000000e+00
3.560780e-02 5.886680e-01 0.000000e+00
3.715600e-02 6.142620e-01 0.000000e+00
3.870420e-02 6.398560e-01 0.000000e+00
4.025230e-02 6.654500e-01 0.000000e+00
4.180050e-02 6.910450e-01 0.000000e+00
4.334870e-02 7.166390e-01 0.000000e+00
4.489680e-02 7.422330e-01 0.000000e+00
4.644500e-02 7.678270e-01 0.000000e+00
4.799320e-02 7.934220e-01 0.000000e+00
4.954130e-02 8.190160e-01 0.000000e+00
5.108950e-02 8.446100e-01 0.000000e+00
5.263770e-02 8.702040e-01 0.000000e+00
5.418580e-02 8.957990e-01 0.000000e+00
5.573400e-02 9.213930e-01 0.000000e+00
5.728220e-02 9.469870e-01 0.000000e+00
5.883030e-02 9.725810e-01 0.000000e+00
6.037850e-02 9.981760e-01 0.000000e+00
-0.000000e+00 0.000000e+00 0.000000e+00
-4.123390e-18 2.564100e-02 0.000000e+00
-8.246780e-18 5.128210e-02 0.000000e+00
-1.237020e-17 7.692310e-02 0.000000e+00
-1.649360e-17 1.025640e-01 0.000000e+00
-2.061700e-17 1.282050e-01 0.000000e+00
-2.474030e-17 1.538460e-01 0.000000e+00
-2.886370e-17 1.794870e-01 0.000000e+00
-3.298710e-17 2.051280e-01 0.000000e+00
-3.711050e-17 2.307690e-01 0.000000e+00
-4.123390e-17 2.564100e-01 0.000000e+00
-4.535730e-17 2.820510e-01 0.000000e+00
-4.948070e-17 3.076920e-01 0.000000e+00
-5.360410e-17 3.333330e-01 0.000000e+00
-5.772750e-17 3.589740e-01 0.000000e+00
-6.185090e-17 3.846150e-01 0.000000e+00
-6.597430e-17 4.102560e-01 0.000000e+00
-7.009770e-17 4.358970e-01 0.000000e+00
-7.422100e-17 4.615380e-01 0.000000e+00
-7.834440e-17 4.871790e-01 0.000000e+00
-8.246780e-17 5.128210e-01 0.000000e+00
-8.659120e-17 5.384620e-01 0.000000e+00
-9.071460e-17 5.641030e-01 0.000000e+00
-9.483800e-17 5.897440e-01 0.000000e+00
-9.896140e-17 6.153850e-01 0.000000e+00
-1.030850e-16 6.410260e-01 0.000000e+00
-1.072080e-16 6.666670e-01 0.000000e+00
-1.113320e-16 6.923080e-01 0.000000e+00
-1.154550e-16 7.179490e-01 0.000000e+00
-1.195780e-16 7.435900e-01 0.000000e+00
-1.237020e-16 7.692310e-01 0.000000e+00
-1.278250e-16 7.948720e-01 0.000000e+00
-1.319490e-16 8.205130e-01 0.000000e+00
-1.360720e-16 8.461540e-01 0.000000e+00
-1.401950e-16 8.717950e-01 0.000000e+00
-1.443190e-16 8.974360e-01 0.000000e+00
-1.484420e-16 9.230770e-01 0.000000e+00
-1.525650e-16 9.487180e-01 0.000000e+00
-1.566890e-16 9.743590e-01 0.000000e+00
-1.608120e-16 1.000000e+00 0.000000e+00
-0.000000e+00 0.000000e+00 0.000000e+00
-1.548170e-03 2.559420e-02 0.000000e+00
-3.096330e-03 5.118850e-02 0.000000e+00
-4.644500e-03 7.678270e-02 0.000000e+00
-6.192670e-03 1.023770e-01 0.000000e+00
-7.740830e-03 1.279710e-01 0.000000e+00
-9.289000e-03 1.535650e-01 0.000000e+00
-1.083720e-02 1.791600e-01 0.000000e+00
-1.238530e-02 2.047540e-01 0.000000e+00
-1.393350e-02 2.303480e-01 0.000000e+00
-1.548170e-02 2.559420e-01 0.000000e+00
-1.702980e-02 2.815370e-01 0.000000e+00
-1.857800e-02 3.071310e-01 0.000000e+00
-2.012620e-02 3.327250e-01 0.000000e+00
-2.167430e-02 3.583190e-01 0.000000e+00
-2.322250e-02 3.839140e-01 0.000000e+00
-2.477070e-02 4.095080e-01 0.000000e+00
-2.631880e-02 4.351020e-01 0.000000e+00
-2.786700e-02 4.606960e-01 0.000000e+00
-2.941520e-02 4.862910e-01 0.000000e+00
-3.096330e-02 5.118850e-01 0.000000e+00
-3.251150e-02 5.374790e-01 0.000000e+00
-3.405970e-02 5.630730e-01 0.000000e+00
-3.560780e-02 5.886680e-01 0.000000e+00
-3.715600e-02 6.142620e-01 0.000000e+00
-3.870420e-02 6.398560e-01 0.000000e+00
-4.025230e-02 6.654500e-01 0.000000e+00
-4.180050e-02 6.910450e-01 0.000000e+00
-4.334870e-02 7.166390e-01 0.000000e+00
-4.489680e-02 7.422330e-01 0.000000e+00
-4.644500e-02 7.678270e-01 0.000000e+00
-4.799320e-02 7.934220e-01 0.000000e+00
-4.954130e-02 8.190160e-01 0.000000e+00
-5.108950e-02 8.446100e-01 0.000000e+00
-5.263770e-02 8.702040e-01 0.000000e+00
-5.418580e-02 8.957990e-01 0.000000e+00
-5.573400e-02 9.213930e-01 0.000000e+00
-5.728220e-02 9.469870e-01 0.000000e+00
-5.883030e-02 9.725810e-01 0.000000e+00
-6.037850e-02 9.981760e-01 0.000000e+00
-0.000000e+00 0.000000e+00 0.000000e+00
-3.090680e-03 2.545410e-02 0.000000e+00
-6.181370e-03 5.090810e-02 0.000000e+00
-9.272050e-03 7.636220e-02 0.000000e+00
-1.236270e-02 1.018160e-01 0.000000e+00
-1.545340e-02 1.272700e-01 0.000000e+00
-1.854410e-02 1.527240e-01 0.000000e+00
-2.163480e-02 1.781790e-01 0.000000e+00
-2.472550e-02 2.036330e-01 0.000000e+00
-2.781620e-02 2.290870e-01 0.000000e+00
-3.090680e-02 2.545410e-01 0.000000e+00
-3.399750e-02 2.799950e-01 0.000000e+00
-3.708820e-02 3.054490e-01 0.000000e+00
-4.017890e-02 3.309030e-01 0.000000e+00
-4.326960e-02 3.563570e-01 0.000000e+00
-4.636030e-02 3.818110e-01 0.000000e+00
-4.945090e-02 4.072650e-01 0.000000e+00
-5.254160e-02 4.327190e-01 0.000000e+00
-5.563230e-02 4.581730e-01 0.000000e+00
-5.872300e-02 4.836270e-01 0.000000e+00
-6.181370e-02 5.090810e-01 0.000000e+00
-6.490440e-02 5.345360e-01 0.000000e+00
-6.799510e-02 5.599900e-01 0.000000e+00
-7.108570e-02 5.854440e-01 0.000000e+00
-7.417640e-02 6.108980e-01 0.000000e+00
-7.726710e-02 6.363520e-01 0.000000e+00
-8.035780e-02 6.618060e-01 0.000000e+00
-8.344850e-02 6.872600e-01 0.000000e+00
-8.653920e-02 7.127140e-01 0.000000e+00
-8.962980e-02 7.381680e-01 0.000000e+00
-9.272050e-02 7.636220e-01 0.000000e+00
-9.581120e-02 7.890760e-01 0.000000e+00
-9.890190e-02 8.145300e-01 0.000000e+00
-1.019930e-01 8.399840e-01 0.000000e+00
-1.050830e-01 8.654390e-01 0.000000e+00
-1.081740e-01 8.908930e-01 0.000000e+00
-1.112650e-01 9.163470e-01 0.000000e+00
-1.143550e-01 9.418010e-01 0.000000e+00
-1.174460e-01 9.672550e-01 0.000000e+00
-1.205370e-01 9.927090e-01 0.000000e+00
-0.000000e+00 0.000000e+00 0.000000e+00
-4.621920e-03 2.522100e-02 0.000000e+00
-9.243850e-03 5.044200e-02 0.000000e+00
-1.386580e-02 7.566310e-02 0.000000e+00
-1.848770e-02 1.008840e-01 0.000000e+00
-2.310960e-02 1.261050e-01 0.000000e+00
-2.773150e-02 1.513260e-01 0.000000e+00
-3.235350e-02 1.765470e-01 0.000000e+00
-3.697540e-02 2.017680e-01 0.000000e+00
-4.159730e-02 2.269890e-01 0.000000e+00
-4.621920e-02 2.522100e-01 0.000000e+00
-5.084120e-02 2.774310e-01 0.000000e+00
-5.546310e-02 3.026520e-01 0.000000e+00
-6.008500e-02 3.278730e-01 0.000000e+00
-6.470690e-02 3.530940e-01 0.000000e+00
-6.932890e-02 3.783150e-01 0.000000e+00
-7.395080e-02 4.035360e-01 0.000000e+00
-7.857270e-02 4.287570e-01 0.000000e+00
-8.319460e-02 4.539780e-01 0.000000e+00
-8.781660e-02 4.791990e-01 0.000000e+00
-9.243850e-02 5.044200e-01 0.000000e+00
-9.706040e-02 5.296410e-01 0.000000e+00
-1.016820e-01 5.548630e-01 0.000000e+00
-1.063040e-01 5.800840e-01 0.000000e+00
-1.109260e-01 6.053050e-01 0.000000e+00
-1.155480e-01 6.305260e-01 0.000000e+00
-1.201700e-01 6.557470e-01 0.000000e+00
-1.247920e-01 6.809680e-01 0.000000e+00
-1.294140e-01 7.061890e-01 0.000000e+00
-1.340360e-01 7.314100e-01 0.000000e+00
-1.386580e-01 7.566310e-01 0.000000e+00
-1.432800e-01 7.818520e-01 0.000000e+00
-1.479020e-01 8.070730e-01 0.000000e+00
-1.525230e-01 8.322940e-01 0.000000e+00
-1.571450e-01 8.575150e-01 0.000000e+00
-1.617670e-01 8.827360e-01 0.000000e+00
-1.663890e-01 9.079570e-01 0.000000e+00
-1.710110e-01 9.331780e-01 0.000000e+00
-1.756330e-01 9.583990e-01 0.000000e+00
-1.802550e-01 9.836200e-01 0.000000e+00
-0.000000e+00 0.000000e+00 0.000000e+00
-6.136300e-03 2.489590e-02 0.000000e+00
-1.227260e-02 4.979190e-02 0.000000e+00
-1.840890e-02 7.468780e-02 0.000000e+00
-2.454520e-02 9.958380e-02 0.000000e+00
-3.068150e-02 1.244800e-01 0.000000e+00
-3.681780e-02 1.493760e-01 0.000000e+00
-4.295410e-02 1.742720e-01 0.000000e+00
-4.909040e-02 1.991680e-01 0.000000e+00
-5.522670e-02 2.240630e-01 0.000000e+00
-6.136300e-02 2.489590e-01 0.000000e+00
-6.749930e-02 2.738550e-01 0.000000e+00
-7.363560e-02 2.987510e-01 0.000000e+00
-7.977190e-02 3.236470e-01 0.000000e+00
-8.590820e-02 3.485430e-01 0.000000e+00
-9.204450e-02 3.734390e-01 0.000000e+00
-9.818080e-02 3.983350e-01 0.000000e+00
-1.043170e-01 4.232310e-01 0.000000e+00
-1.104530e-01 4.481270e-01 0.000000e+00
-1.165900e-01 4.730230e-01 0.000000e+00
-1.227260e-01 4.979190e-01 0.000000e+00
-1.288620e-01 5.228150e-01 0.000000e+00
-1.349990e-01 5.477110e-01 0.000000e+00
-1.411350e-01 5.726070e-01 0.000000e+00
-1.472710e-01 5.975030e-01 0.000000e+00
-1.534070e-01 6.223990e-01 0.000000e+00
-1.595440e-01 6.472950e-01 0.000000e+00
-1.656800e-01 6.721900e-01 0.000000e+00
-1.718160e-01 6.970860e-01 0.000000e+00
-1.779530e-01 7.219820e-01 0.000000e+00
-1.840890e-01 7.468780e-01 0.000000e+00
-1.902250e-01 7.717740e-01 0.000000e+00
-1.963620e-01 7.966700e-01 0.000000e+00
-2.024980e-01 8.215660e-01 0.000000e+00
-2.086340e-01 8.464620e-01 0.000000e+00
-2.147700e-01 8.713580e-01 0.000000e+00
-2.209070e-01 8.962540e-01 0.000000e+00
-2.270430e-01 9.211500e-01 0.000000e+00
-2.331790e-01 9.460460e-01 0.000000e+00
-2.393160e-01 9.709420e-01 0.000000e+00
-0.000000e+00 0.000000e+00 0.000000e+00
-7.628280e-03 2.448000e-02 0.000000e+00
-1.525660e-02 4.896000e-02 0.000000e+00
-2.288490e-02 7.344010e-02 0.000000e+00
-3.051310e-02 9.792010e-02 0.000000e+00
-3.814140e-02 1.224000e-01 0.000000e+00
-4.576970e-02 1.468800e-01 0.000000e+00
-5.339800e-02 1.713600e-01 0.000000e+00
-6.102630e-02 1.958400e-01 0.000000e+00
-6.865460e-02 2.203200e-01 0.000000e+00
-7.628280e-02 2.448000e-01 0.000000e+00
-8.391110e-02 2.692800e-01 0.000000e+00
-9.153940e-02 2.937600e-01 0.000000e+00
-9.916770e-02 3.182400e-01 0.000000e+00
-1.067960e-01 3.427200e-01 0.000000e+00
-1.144240e-01 3.672000e-01 0.000000e+00
-1.220530e-01 3.916800e-01 0.000000e+00
-1.296810e-01 4.161600e-01 0.000000e+00
-1.373090e-01 4.406400e-01 0.000000e+00
-1.449370e-01 4.651200e-01 0.000000e+00
-1.525660e-01 4.896000e-01 0.000000e+00
-1.601940e-01 5.140800e-01 0.000000e+00
-1.678220e-01 5.385600e-01 0.000000e+00
-1.754510e-01 5.630410e-01 0.000000e+00
-1.830790e-01 5.875210e-01 0.000000e+00
-1.907070e-01 6.120010e-01 0.000000e+00
-1.983350e-01 6.364810e-01 0.000000e+00
-2.059640e-01 6.609610e-01 0.000000e+00
-2.135920e-01 6.854410e-01 0.000000e+00
-2.212200e-01 7.099210e-01 0.000000e+00
-2.288490e-01 7.344010e-01 0.000000e+00
-2.364770e-01 7.588810e-01 0.000000e+00
-2.441050e-01 7.833610e-01 0.000000e+00
-2.517330e-01 8.078410e-01 0.000000e+00
-2.593620e-01 8.323210e-01 0.000000e+00
-2.669900e-01 8.568010e-01 0.000000e+00
-2.746180e-01 8.812810e-01 0.000000e+00
-2.822460e-01 9.057610e-01 0.000000e+00
-2.898750e-01 9.302410e-01 0.000000e+00
-2.975030e-01 9.547210e-01 0.000000e+00
-0.000000e+00 0.000000e+00 0.000000e+00
-9.092430e-03 2.397480e-02 0.000000e+00
-1.818490e-02 4.794960e-02 0.000000e+00
-2.727730e-02 7.192430e-02 0.000000e+00
-3.636970e-02 9.589910e-02 0.000000e+00
-4.546220e-02 1.198740e-01 0.000000e+00
-5.455460e-02 1.438490e-01 0.000000e+00
-6.364700e-02 1.678230e-01 0.000000e+00
-7.273950e-02 1.917980e-01 0.000000e+00
-8.183190e-02 2.157730e-01 0.000000e+00
-9.092430e-02 2.397480e-01 0.000000e+00
-1.000170e-01 2.637230e-01 0.000000e+00
-1.091090e-01 2.876970e-01 0.000000e+00
-1.182020e-01 3.116720e-01 0.000000e+00
-1.272940e-01 3.356470e-01 0.000000e+00
-1.363860e-01 3.596220e-01 0.000000e+00
-1.454790e-01 3.835960e-01 0.000000e+00
-1.545710e-01 4.075710e-01 0.000000e+00
-1.636640e-01 4.315460e-01 0.000000e+00
-1.727560e-01 4.555210e-01 0.000000e+00
-1.818490e-01 4.794960e-01 0.000000e+00
-1.909410e-01 5.034700e-01 0.000000e+00
-2.000340e-01 5.274450e-01 0.000000e+00
-2.091260e-01 5.514200e-01 0.000000e+00
-2.182180e-01 5.753950e-01 0.000000e+00
-2.273110e-01 5.993690e-01 0.000000e+00
-2.364030e-01 6.233440e-01 0.000000e+00
-2.454960e-01 6.473190e-01 0.000000e+00
-2.545880e-01 6.712940e-01 0.000000e+00
-2.636810e-01 6.952680e-01 0.000000e+00
-2.727730e-01 7.192430e-01 0.000000e+00
-2.818650e-01 7.432180e-01 0.000000e+00
-2.909580e-01 7.671930e-01 0.000000e+00
-3.000500e-01 7.911680e-01 0.000000e+00
-3.091430e-01 8.151420e-01 0.000000e+00
-3.182350e-01 8.391170e-01 0.000000e+00
-3.273280e-01 8.630920e-01 0.000000e+00
-3.364200e-01 8.870670e-01 0.000000e+00
-3.455120e-01 9.110410e-01 0.000000e+00
-3.546050e-01 9.350160e-01 0.000000e+00
-0.000000e+00 0.000000e+00 0.000000e+00
-1.052340e-02 2.338200e-02 0.000000e+00
-2.104680e-02 4.676410e-02 0.000000e+00
-3.157020e-02 7.014610e-02 0.000000e+00
-4.209360e-02 9.352820e-02 0.000000e+00
-5.261700e-02 1.169100e-01 0.000000e+00
-6.314040e-02 1.402920e-01 0.000000e+00
-7.366380e-02 1.636740e-01 0.000000e+00
-8.418720e-02 1.870560e-01 0.000000e+00
-9.471060e-02 2.104380e-01 0.000000e+00
-1.052340e-01 2.338200e-01 0.000000e+00
-1.157570e-01 2.572030e-01 0.000000e+00
-1.262810e-01 2.805850e-01 0.000000e+00
-1.368040e-01 3.039670e-01 0.000000e+00
-1.473280e-01 3.273490e-01 0.000000e+00
-1.578510e-01 3.507310e-01 0.000000e+00
-1.683740e-01 3.741130e-01 0.000000e+00
-1.788980e-01 3.974950e-01 0.000000e+00
-1.894210e-01 4.208770e-01 0.000000e+00
-1.999450e-01 4.442590e-01 0.000000e+00
-2.104680e-01 4.676410e-01 0.000000e+00
-2.209920e-01 4.910230e-01 0.000000e+00
-2.315150e-01 5.144050e-01 0.000000e+00
-2.420380e-01 5.377870e-01 0.000000e+00
-2.525620e-01 5.611690e-01 0.000000e+00
-2.630850e-01 5.845510e-01 0.000000e+00
-2.736090e-01 6.079330e-01 0.000000e+00
-2.841320e-01 6.313150e-01 0.000000e+00
-2.946550e-01 6.546970e-01 0.000000e+00
-3.051790e-01 6.780790e-01 0.000000e+00
-3.157020e-01 7.014610e-01 0.000000e+00
-3.262260e-01 7.248430e-01 0.000000e+00
-3.367490e-01 7.482260e-01 0.000000e+00
-3.472720e-01 7.716080e-01 0.000000e+00
-3.577960e-01 7.949900e-01 0.000000e+00
-3.683190e-01 8.183720e-01 0.000000e+00
-3.788430e-01 8.417540e-01 0.000000e+00
-3.893660e-01 8.651360e-01 0.000000e+00
-3.998890e-01 8.885180e-01 0.000000e+00
-4.104130e-01 9.119000e-01 0.000000e+00
-0.000000e+00 0.000000e+00 0.000000e+00
-1.191600e-02 2.270400e-02 0.000000e+00
-2.383200e-02 4.540800e-02 0.000000e+00
-3.574790e-02 6.811200e-02 0.000000e+00
-4.766390e-02 9.081600e-02 0.000000e+00
-5.957990e-02 1.135200e-01 0.000000e+00
-7.149590e-02 1.362240e-01 0.000000e+00
-8.341190e-02 1.589280e-01 0.000000e+00
-9.532780e-02 1.816320e-01 0.000000e+00
-1.072440e-01 2.043360e-01 0.000000e+00
-1.191600e-01 2.270400e-01 0.000000e+00
-1.310760e-01 2.497440e-01 0.000000e+00
-1.429920e-01 2.724480e-01 0.000000e+00
-1.549080e-01 2.951520e-01 0.000000e+00
-1.668240e-01 3.178560e-01 0.000000e+00
-1.787400e-01 3.405600e-01 0.000000e+00
-1.906560e-01 3.632640e-01 0.000000e+00
-2.025720e-01 3.859680e-01 0.000000e+00
-2.144880e-01 4.086720e-01 0.000000e+00
-2.264040e-01 4.313760e-01 0.000000e+00
-2.383200e-01 4.540800e-01 0.000000e+00
-2.502360e-01 4.767840e-01 0.000000e+00
-2.621520e-01 4.994880e-01 0.000000e+00
-2.740680e-01 5.221920e-01 0.000000e+00
-2.859830e-01 5.448960e-01 0.000000e+00
-2.978990e-01 5.676000e-01 0.000000e+00
-3.098150e-01 5.903040e-01 0.000000e+00
-3.217310e-01 6.130080e-01 0.000000e+00
-3.336470e-01 6.357120e-01 0.000000e+00
-3.455630e-01 6.584160e-01 0.000000e+00
-3.574790e-01 6.811200e-01 0.000000e+00
-3.693950e-01 7.038240e-01 0.000000e+00
-3.813110e-01 7.265280e-01 0.000000e+00
-3.932270e-01 7.492320e-01 0.000000e+00
-4.051430e-01 7.719360e-01 0.000000e+00
-4.170590e-01 7.946400e-01 0.000000e+00
-4.289750e-01 8.173440e-01 0.000000e+00
-4.408910e-01 8.400480e-01 0.000000e+00
-4.528070e-01 8.627520e-01 0.000000e+00
-4.647230e-01 8.854560e-01 0.000000e+00
-0.000000e+00 0.000000e+00 0.000000e+00
-1.326510e-02 2.194310e-02 0.000000e+00
-2.653010e-02 4.388620e-02 0.000000e+00
-3.979520e-02 6.582930e-02 0.000000e+00
-5.306030e-02 8.777240e-02 0.000000e+00
-6.632540e-02 1.097160e-01 0.000000e+00
-7.959040e-02 1.316590e-01 0.000000e+00
-9.285550e-02 1.536020e-01 0.000000e+00
-1.061210e-01 1.755450e-01 0.000000e+00
-1.193860e-01 1.974880e-01 0.000000e+00
-1.326510e-01 2.194310e-01 0.000000e+00
-1.459160e-01 2.413740e-01 0.000000e+00
-1.591810e-01 2.633170e-01 0.000000e+00
-1.724460e-01 2.852600e-01 0.000000e+00
-1.857110e-01 3.072040e-01 0.000000e+00
-1.989760e-01 3.291470e-01 0.000000e+00
-2.122410e-01 3.510900e-01 0.000000e+00
-2.255060e-01 3.730330e-01 0.000000e+00
-2.387710e-01 3.949760e-01 0.000000e+00
-2.520360e-01 4.169190e-01 0.000000e+00
-2.653010e-01 4.388620e-01 0.000000e+00
-2.785670e-01 4.608050e-01 0.000000e+00
-2.918320e-01 4.827480e-01 0.000000e+00
-3.050970e-01 5.046920e-01 0.000000e+00
-3.183620e-01 5.266350e-01 0.000000e+00
-3.316270e-01 5.485780e-01 0.000000e+00
-3.448920e-01 5.705210e-01 0.000000e+00
-3.581570e-01 5.924640e-01 0.000000e+00
-3.714220e-01 6.144070e-01 0.000000e+00
-3.846870e-01 6.363500e-01 0.000000e+00
-3.979520e-01 6.582930e-01 0.000000e+00
-4.112170e-01 6.802360e-01 0.000000e+00
-4.244820e-01 7.021800e-01 0.000000e+00
-4.377470e-01 7.241230e-01 0.000000e+00
-4.510120e-01 7.460660e-01 0.000000e+00
-4.642780e-01 7.680090e-01 0.000000e+00
-4.775430e-01 7.899520e-01 0.000000e+00
-4.908080e-01 8.118950e-01 0.000000e+00
-5.040730e-01 8.338380e-01 0.000000e+00
-5.173380e-01 8.557810e-01 0.000000e+00
-0.000000e+00 0.000000e+00 0.000000e+00
-1.456580e-02 2.110220e-02 0.000000e+00
-2.913150e-02 4.220430e-02 0.000000e+00
-4.369730e-02 6.330650e-02 0.000000e+00
-5.826310e-02 8.440860e-02 0.000000e+00
-7.282880e-02 1.055110e-01 0.000000e+00
-8.739460e-02 1.266130e-01 0.000000e+00
-1.019600e-01 1.477150e-01 0.000000e+00
-1.165260e-01 1.688170e-01 0.000000e+00
-1.310920e-01 1.899190e-01 0.000000e+00
-1.456580e-01 2.110220e-01 0.000000e+00
-1.602230e-01 2.321240e-01 0.000000e+00
-1.747890e-01 2.532260e-01 0.000000e+00
-1.893550e-01 2.743280e-01 0.000000e+00
-2.039210e-01 2.954300e-01 0.000000e+00
-2.184860e-01 3.165320e-01 0.000000e+00
-2.330520e-01 3.376340e-01 0.000000e+00
-2.476180e-01 3.587370e-01 0.000000e+00
-2.621840e-01 3.798390e-01 0.000000e+00
-2.767490e-01 4.009410e-01 0.000000e+00
-2.913150e-01 4.220430e-01 0.000000e+00
-3.058810e-01 4.431450e-01 0.000000e+00
-3.204470e-01 4.642470e-01 0.000000e+00
-3.350130e-01 4.853490e-01 0.000000e+00
-3.495780e-01 5.064520e-01 0.000000e+00
-3.641440e-01 5.275540e-01 0.000000e+00
-3.787100e-01 5.486560e-01 0.000000e+00
-3.932760e-01 5.697580e-01 0.000000e+00
-4.078410e-01 5.908600e-01 0.000000e+00
-4.224070e-01 6.119620e-01 0.000000e+00
-4.369730e-01 6.330650e-01 0.000000e+00
-4.515390e-01 6.541670e-01 0.000000e+00
-4.661040e-01 6.752690e-01 0.000000e+00
-4.806700e-01 6.963710e-01 0.000000e+00
-4.952360e-01 7.174730e-01 0.000000e+00
-5.098020e-01 7.385750e-01 0.000000e+00
-5.243670e-01 7.596770e-01 0.000000e+00
-5.389330e-01 7.807800e-01 0.000000e+00
-5.534990e-01 8.018820e-01 0.000000e+00
-5.680650e-01 8.229840e-01 0.000000e+00
-0.000000e+00 0.000000e+00 0.000000e+00
-1.581330e-02 2.018420e-02 0.000000e+00
-3.162660e-02 4.036840e-02 0.000000e+00
-4.743990e-02 6.055260e-02 0.000000e+00
-6.325320e-02 8.073680e-02 0.000000e+00
-7.906650e-02 1.009210e-01 0.000000e+00
-9.487980e-02 1.211050e-01 0.000000e+00
-1.106930e-01 1.412890e-01 0.000000e+00
-1.265060e-01 1.614740e-01 0.000000e+00
-1.423200e-01 1.816580e-01 0.000000e+00
-1.581330e-01 2.018420e-01 0.000000e+00
-1.739460e-01 2.220260e-01 0.000000e+00
-1.897600e-01 2.422100e-01 0.000000e+00
-2.055730e-01 2.623940e-01 0.000000e+00
-2.213860e-01 2.825790e-01 0.000000e+00
-2.372000e-01 3.027630e-01 0.000000e+00
-2.530130e-01 3.229470e-01 0.000000e+00
-2.688260e-01 3.431310e-01 0.000000e+00
-2.846390e-01 3.633150e-01 0.000000e+00
-3.004530e-01 3.835000e-01 0.000000e+00
-3.162660e-01 4.036840e-01 0.000000e+00
-3.320790e-01 4.238680e-01 0.000000e+00
-3.478930e-01 4.440520e-01 0.000000e+00
-3.637060e-01 4.642360e-01 0.000000e+00
-3.795190e-01 4.844210e-01 0.000000e+00
-3.953330e-01 5.046050e-01 0.000000e+00
-4.111460e-01 5.247890e-01 0.000000e+00
-4.269590e-01 5.449730e-01 0.000000e+00
-4.427730e-01 5.651570e-01 0.000000e+00
-4.585860e-01 5.853420e-01 0.000000e+00
-4.743990e-01 6.055260e-01 0.000000e+00
-4.902120e-01 6.257100e-01 0.000000e+00
-5.060260e-01 6.458940e-01 0.000000e+00
-5.218390e-01 6.660780e-01 0.000000e+00
-5.376520e-01 6.862630e-01 0.000000e+00
-5.534660e-01 7.064470e-01 0.000000e+00
-5.692790e-01 7.266310e-01 0.000000e+00
-5.850920e-01 7.468150e-01 0.000000e+00
-6.009060e-01 7.669990e-01 0.000000e+00
-6.167190e-01 7.871830e-01 0.000000e+00
-0.000000e+00 0.000000e+00 0.000000e+00
-1.700310e-02 1.919260e-02 0.000000e+00
-3.400630e-02 3.838520e-02 0.000000e+00
-5.100940e-02 5.757770e-02 0.000000e+00
-6.801260e-02 7.677030e-02 0.000000e+00
-8.501570e-02 9.596290e-02 0.000000e+00
-1.020190e-01 1.151550e-01 0.000000e+00
-1.190220e-01 1.343480e-01 0.000000e+00
-1.360250e-01 1.535410e-01 0.000000e+00
-1.530280e-01 1.727330e-01 0.000000e+00
-1.700310e-01 1.919260e-01 0.000000e+00
-1.870350e-01 2.111180e-01 0.000000e+00
-2.040380e-01 2.303110e-01 0.000000e+00
-2.210410e-01 2.495040e-01 0.000000e+00
-2.380440e-01 2.686960e-01 0.000000e+00
-2.550470e-01 2.878890e-01 0.000000e+00
-2.720500e-01 3.070810e-01 0.000000e+00
-2.890530e-01 3.262740e-01 0.000000e+00
-3.060570e-01 3.454660e-01 0.000000e+00
-3.230600e-01 3.646590e-01 0.000000e+00
-3.400630e-01 3.838520e-01 0.000000e+00
-3.570660e-01 4.030440e-01 0.000000e+00
-3.740690e-01 4.222370e-01 0.000000e+00
-3.910720e-01 4.414290e-01 0.000000e+00
-4.080750e-01 4.606220e-01 0.000000e+00
-4.250790e-01 4.798150e-01 0.000000e+00
-4.420820e-01 4.990070e-01 0.000000e+00
-4.590850e-01 5.182000e-01 0.000000e+00
-4.760880e-01 5.373920e-01 0.000000e+00
-4.930910e-01 5.565850e-01 0.000000e+00
-5.100940e-01 5.757770e-01 0.000000e+00
-5.270970e-01 5.949700e-01 0.000000e+00
-5.441010e-01 6.141630e-01 0.000000e+00
-5.611040e-01 6.333550e-01 0.000000e+00
-5.781070e-01 6.525480e-01 0.000000e+00
-5.951100e-01 6.717400e-01 0.000000e+00
-6.121130e-01 6.909330e-01 0.000000e+00
-6.291160e-01 7.101260e-01 0.000000e+00
-6.461200e-01 7.293180e-01 0.000000e+00
-6.631230e-01 7.485110e-01 0.000000e+00
-0.000000e+00 0.000000e+00 0.000000e+00
-1.813090e-02 1.813090e-02 0.000000e+00
-3.626190e-02 3.626190e-02 0.000000e+00
-5.439280e-02 5.439280e-02 0.000000e+00
-7.252380e-02 7.252380e-02 0.000000e+00
-9.065470e-02 9.065470e-02 0.000000e+00
-1.087860e-01 1.087860e-01 0.000000e+00
-1.269170e-01 1.269170e-01 0.000000e+00
-1.450480e-01 1.450480e-01 0.000000e+00
-1.631780e-01 1.631780e-01 0.000000e+00
-1.813090e-01 1.813090e-01 0.000000e+00
-1.994400e-01 1.994400e-01 0.000000e+00
-2.175710e-01 2.175710e-01 0.000000e+00
-2.357020e-01 2.357020e-01 0.000000e+00
-2.538330e-01 2.538330e-01 0.000000e+00
-2.719640e-01 2.719640e-01 0.000000e+00
-2.900950e-01 2.900950e-01 0.000000e+00
-3.082260e-01 3.082260e-01 0.000000e+00
-3.263570e-01 3.263570e-01 0.000000e+00
-3.444880e-01 3.444880e-01 0.000000e+00
-3.626190e-01 3.626190e-01 0.000000e+00
-3.807500e-01 3.807500e-01 0.000000e+00
-3.988810e-01 3.988810e-01 0.000000e+00
-4.170120e-01 4.170120e-01 0.000000e+00
-4.351430e-01 4.351430e-01 0.000000e+00
-4.532740e-01 4.532740e-01 0.000000e+00
-4.714050e-01 4.714050e-01 0.000000e+00
-4.895350e-01 4.895350e-01 0.000000e+00
-5.076660e-01 5.076660e-01 0.000000e+00
-5.257970e-01 5.257970e-01 0.000000e+00
-5.439280e-01 5.439280e-01 0.000000e+00
-5.620590e-01 5.620590e-01 0.000000e+00
-5.801900e-01 5.801900e-01 0.000000e+00
-5.983210e-01 5.983210e-01 0.000000e+00
-6.164520e-01 6.164520e-01 0.000000e+00
-6.345830e-01 6.345830e-01 0.000000e+00
-6.527140e-01 6.527140e-01 0.000000e+00
-6.708450e-01 6.708450e-01 0.000000e+00
-6.889760e-01 6.889760e-01 0.000000e+00
-7.071070e-01 7.071070e-01 0.000000e+00
-0.000000e+00 0.000000e+00 0.000000e+00
-1.919260e-02 1.700310e-02 0.000000e+00
-3.838520e-02 3.400630e-02 0.000000e+00
-5.757770e-02 5.100940e-02 0.000000e+00
-7.677030e-02 6.801260e-02 0.000000e+00
-9.596290e-02 8.501570e-02 0.000000e+00
-1.151550e-01 1.020190e-01 0.000000e+00
-1.343480e-01 1.190220e-01 0.000000e+00
-1.535410e-01 1.360250e-01 0.000000e+00
-1.727330e-01 1.530280e-01 0.000000e+00
-1.919260e-01 1.700310e-01 0.000000e+00
-2.111180e-01 1.870350e-01 0.000000e+00
-2.303110e-01 2.040380e-01 0.000000e+00
-2.495040e-01 2.210410e-01 0.000000e+00
-2.686960e-01 2.380440e-01 0.000000e+00
-2.878890e-01 2.550470e-01 0.000000e+00
-3.070810e-01 2.720500e-01 0.000000e+00
-3.262740e-01 2.890530e-01 0.000000e+00
-3.454660e-01 3.060570e-01 0.000000e+00
-3.646590e-01 3.230600e-01 0.000000e+00
-3.838520e-01 3.400630e-01 0.000000e+00
-4.030440e-01 3.570660e-01 0.000000e+00
-4.222370e-01 3.740690e-01 0.000000e+00
-4.414290e-01 3.910720e-01 0.000000e+00
-4.606220e-01 4.080750e-01 0.000000e+00
-4.798150e-01 4.250790e-01 0.000000e+00
-4.990070e-01 4.420820e-01 0.000000e+00
-5.182000e-01 4.590850e-01 0.000000e+00
-5.373920e-01 4.760880e-01 0.000000e+00
-5.565850e-01 4.930910e-01 0.000000e+00
-5.757770e-01 5.100940e-01 0.000000e+00
-5.949700e-01 5.270970e-01 0.000000e+00
-6.141630e-01 5.441010e-01 0.000000e+00
-6.333550e-01 5.611040e-01 0.000000e+00
-6.525480e-01 5.781070e-01 0.000000e+00
-6.717400e-01 5.951100e-01 0.000000e+00
-6.909330e-01 6.121130e-01 0.000000e+00
-7.101260e-01 6.291160e-01 0.000000e+00
-7.293180e-01 6.461200e-01 0.000000e+00
-7.485110e-01 6.631230e-01 0.000000e+00
-0.000000e+00 0.000000e+00 0.000000e+00
-2.018420e-02 1.581330e-02 0.000000e+00
-4.036840e-02 3.162660e-02 0.000000e+00
-6.055260e-02 4.743990e-02 0.000000e+00
-8.073680e-02 6.325320e-02 0.000000e+00
-1.009210e-01 7.906650e-02 0.000000e+00
-1.211050e-01 9.487980e-02 0.000000e+00
-1.412890e-01 1.106930e-01 0.000000e+00
-1.614740e-01 1.265060e-01 0.000000e+00
-1.816580e-01 1.423200e-01 0.000000e+00
-2.018420e-01 1.581330e-01 0.000000e+00
-2.220260e-01 1.739460e-01 0.000000e+00
-2.422100e-01 1.897600e-01 0.000000e+00
-2.623940e-01 2.055730e-01 0.000000e+00
-2.825790e-01 2.213860e-01 0.000000e+00
-3.027630e-01 2.372000e-01 0.000000e+00
-3.229470e-01 2.530130e-01 0.000000e+00
-3.431310e-01 2.688260e-01 0.000000e+00
-3.633150e-01 2.846390e-01 0.000000e+00
-3.835000e-01 3.004530e-01 0.000000e+00
-4.036840e-01 3.162660e-01 0.000000e+00
-4.238680e-01 3.320790e-01 0.000000e+00
-4.440520e-01 3.478930e-01 0.000000e+00
-4.642360e-01 3.637060e-01 0.000000e+00
-4.844210e-01 3.795190e-01 0.000000e+00
-5.046050e-01 3.953330e-01 0.000000e+00
-5.247890e-01 4.111460e-01 0.000000e+00
-5.449730e-01 4.269590e-01 0.000000e+00
-5.651570e-01 4.427730e-01 0.000000e+00
-5.853420e-01 4.585860e-01 0.000000e+00
-6.055260e-01 4.743990e-01 0.000000e+00
-6.257100e-01 4.902120e-01 0.000000e+00
-6.458940e-01 5.060260e-01 0.000000e+00
-6.660780e-01 5.218390e-01 0.000000e+00
-6.862630e-01 5.376520e-01 0.000000e+00
-7.064470e-01 5.534660e-01 0.000000e+00
-7.266310e-01 5.692790e-01 0.000000e+00
-7.468150e-01 5.850920e-01 0.000000e+00
-7.669990e-01 6.009060e-01 0.000000e+00
-7.871830e-01 6.167190e-01 0.000000e+00
-0.000000e+00 0.000000e+00 0.000000e+00
-2.110220e-02 1.456580e-02 0.000000e+00
-4.220430e-02 2.913150e-02 0.000000e+00
-6.330650e-02 4.369730e-02 0.000000e+00
-8.440860e-02 5.826310e-02 0.000000e+00
-1.055110e-01 7.282880e-02 0.000000e+00
-1.266130e-01 8.739460e-02 0.000000e+00
-1.477150e-01 1.019600e-01 0.000000e+00
-1.688170e-01 1.165260e-01 0.000000e+00
-1.899190e-01 1.310920e-01 0.000000e+00
-2.110220e-01 1.456580e-01 0.000000e+00
-2.321240e-01 1.602230e-01 0.000000e+00
-2.532260e-01 1.747890e-01 0.000000e+00
-2.743280e-01 1.893550e-01 0.000000e+00
-2.954300e-01 2.039210e-01 0.000000e+00
-3.165320e-01 2.184860e-01 0.000000e+00
-3.376340e-01 2.330520e-01 0.000000e+00
-3.587370e-01 2.476180e-01 0.000000e+00
-3.798390e-01 2.621840e-01 0.000000e+00
-4.009410e-01 2.767490e-01 0.000000e+00
-4.220430e-01 2.913150e-01 0.000000e+00
-4.431450e-01 3.058810e-01 0.000000e+00
-4.642470e-01 3.204470e-01 0.000000e+00
-4.853490e-01 3.350130e-01 0.000000e+00
-5.064520e-01 3.495780e-01 0.000000e+00
-5.275540e-01 3.641440e-01 0.000000e+00
-5.486560e-01 3.787100e-01 0.000000e+00
-5.697580e-01 3.932760e-01 0.000000e+00
-5.908600e-01 4.078410e-01 0.000000e+00
-6.119620e-01 4.224070e-01 0.000000e+00
-6.330650e-01 4.369730e-01 0.000000e+00
-6.541670e-01 4.515390e-01 0.000000e+00
-6.752690e-01 4.661040e-01 0.000000e+00
-6.963710e-01 4.806700e-01 0.000000e+00
-7.174730e-01 4.952360e-01 0.000000e+00
-7.385750e-01 5.098020e-01 0.000000e+00
-7.596770e-01 5.243670e-01 0.000000e+00
-7.807800e-01 5.389330e-01 0.000000e+00
-8.018820e-01 5.534990e-01 0.000000e+00
-8.229840e-01 5.680650e-01 0.000000e+00
-0.000000e+00 0.000000e+00 0.000000e+00
-2.194310e-02 1.326510e-02 0.000000e+00
-4.388620e-02 2.653010e-02 0.000000e+00
-6.582930e-02 3.979520e-02 0.000000e+00
-8.777240e-02 5.306030e-02 0.000000e+00
-1.097160e-01 6.632540e-02 0.000000e+00
-1.316590e-01 7.959040e-02 0.000000e+00
-1.536020e-01 9.285550e-02 0.000000e+00
-1.755450e-01 1.061210e-01 0.000000e+00
-1.974880e-01 1.193860e-01 0.000000e+00
-2.194310e-01 1.326510e-01 0.000000e+00
-2.413740e-01 1.459160e-01 0.000000e+00
-2.633170e-01 1.591810e-01 0.000000e+00
-2.852600e-01 1.724460e-01 0.000000e+00
-3.072040e-01 1.857110e-01 0.000000e+00
-3.291470e-01 1.989760e-01 0.000000e+00
-3.510900e-01 2.122410e-01 0.000000e+00
-3.730330e-01 2.255060e-01 0.000000e+00
-3.949760e-01 2.387710e-01 0.000000e+00
-4.169190e-01 2.520360e-01 0.000000e+00
-4.388620e-01 2.653010e-01 0.000000e+00
-4.608050e-01 2.785670e-01 0.000000e+00
-4.827480e-01 2.918320e-01 0.000000e+00
-5.046920e-01 3.050970e-01 0.000000e+00
-5.266350e-01 3.183620e-01 0.000000e+00
-5.485780e-01 3.316270e-01 0.000000e+00
-5.705210e-01 3.448920e-01 0.000000e+00
-5.924640e-01 3.581570e-01 0.000000e+00
-6.144070e-01 3.714220e-01 0.000000e+00
-6.363500e-01 3.846870e-01 0.000000e+00
-6.582930e-01 3.979520e-01 0.000000e+00
-6.802360e-01 4.112170e-01 0.000000e+00
-7.021800e-01 4.244820e-01 0.000000e+00
-7.241230e-01 4.377470e-01 0.000000e+00
-7.460660e-01 4.510120e-01 0.000000e+00
-7.680090e-01 4.642780e-01 0.000000e+00
-7.899520e-01 4.775430e-01 0.000000e+00
-8.118950e-01 4.908080e-01 0.000000e+00
-8.338380e-01 5.040730e-01 0.000000e+00
-8.557810e-01 5.173380e-01 0.000000e+00
-0.000000e+00 0.000000e+00 0.000000e+00
-2.270400e-02 1.191600e-02 0.000000e+00
-4.540800e-02 2.383200e-02 0.000000e+00
-6.811200e-02 3.574790e-02 0.000000e+00
-9.081600e-02 4.766390e-02 0.000000e+00
-1.135200e-01 5.957990e-02 0.000000e+00
-1.362240e-01 7.149590e-02 0.000000e+00
-1.589280e-01 8.341190e-02 0.000000e+00
-1.816320e-01 9.532780e-02 0.000000e+00
-2.043360e-01 1.072440e-01 0.000000e+00
-2.270400e-01 1.191600e-01 0.000000e+00
-2.497440e-01 1.310760e-01 0.000000e+00
-2.724480e-01 1.429920e-01 0.000000e+00
-2.951520e-01 1.549080e-01 0.000000e+00
-3.178560e-01 1.668240e-01 0.000000e+00
-3.405600e-01 1.787400e-01 0.000000e+00
-3.632640e-01 1.906560e-01 0.000000e+00
-3.859680e-01 2.025720e-01 0.000000e+00
-4.086720e-01 2.144880e-01 0.000000e+00
-4.313760e-01 2.264040e-01 0.000000e+00
-4.540800e-01 2.383200e-01 0.000000e+00
-4.767840e-01 2.502360e-01 0.000000e+00
-4.994880e-01 2.621520e-01 0.000000e+00
-5.221920e-01 2.740680e-01 0.000000e+00
-5.448960e-01 2.859830e-01 0.000000e+00
-5.676000e-01 2.978990e-01 0.000000e+00
-5.903040e-01 3.098150e-01 0.000000e+00
-6.130080e-01 3.217310e-01 0.000000e+00
-6.357120e-01 3.336470e-01 0.000000e+00
-6.584160e-01 3.455630e-01 0.000000e+00
-6.811200e-01 3.574790e-01 0.000000e+00
-7.038240e-01 3.693950e-01 0.000000e+00
-7.265280e-01 3.813110e-01 0.000000e+00
-7.492320e-01 3.932270e-01 0.000000e+00
-7.719360e-01 4.051430e-01 0.000000e+00
-7.946400e-01 4.170590e-01 0.000000e+00
-8.173440e-01 4.289750e-01 0.000000e+00
-8.400480e-01 4.408910e-01 0.000000e+00
-8.627520e-01 4.528070e-01 0.000000e+00
-8.854560e-01 4.647230e-01 0.000000e+00
-0.000000e+00 0.000000e+00 0.000000e+00
-2.338200e-02 1.052340e-02 0.000000e+00
-4.676410e-02 2.104680e-02 0.000000e+00
-7.014610e-02 3.157020e-02 0.000000e+00
-9.352820e-02 4.209360e-02 0.000000e+00
-1.169100e-01 5.261700e-02 0.000000e+00
-1.402920e-01 6.314040e-02 0.000000e+00
-1.636740e-01 7.366380e-02 0.000000e+00
-1.870560e-01 8.418720e-02 0.000000e+00
-2.104380e-01 9.471060e-02 0.000000e+00
-2.338200e-01 1.052340e-01 0.000000e+00
-2.572030e-01 1.157570e-01 0.000000e+00
-2.805850e-01 1.262810e-01 0.000000e+00
-3.039670e-01 1.368040e-01 0.000000e+00
-3.273490e-01 1.473280e-01 0.000000e+00
-3.507310e-01 1.578510e-01 0.000000e+00
-3.741130e-01 1.683740e-01 0.000000e+00
-3.974950e-01 1.788980e-01 0.000000e+00
-4.208770e-01 1.894210e-01 0.000000e+00
-4.442590e-01 1.999450e-01 0.000000e+00
-4.676410e-01 2.104680e-01 0.000000e+00
-4.910230e-01 2.209920e-01 0.000000e+00
-5.144050e-01 2.315150e-01 0.000000e+00
-5.377870e-01 2.420380e-01 0.000000e+00
-5.611690e-01 2.525620e-01 0.000000e+00
-5.845510e-01 2.630850e-01 0.000000e+00
-6.079330e-01 2.736090e-01 0.000000e+00
-6.313150e-01 2.841320e-01 0.000000e+00
-6.546970e-01 2.946550e-01 0.000000e+00
-6.780790e-01 3.051790e-01 0.000000e+00
-7.014610e-01 3.157020e-01 0.000000e+00
-7.248430e-01 3.262260e-01 0.000000e+00
-7.482260e-01 3.367490e-01 0.000000e+00
-7.716080e-01 3.472720e-01 0.000000e+00
-7.949900e-01 3.577960e-01 0.000000e+00
-8.183720e-01 3.683190e-01 0.000000e+00
-8.417540e-01 3.788430e-01 0.000000e+00
-8.651360e-01 3.893660e-01 0.000000e+00
-8.885180e-01 3.998890e-01 0.000000e+00
-9.119000e-01 4.104130e-01 0.000000e+00
-0.000000e+00 0.000000e+00 0.000000e+00
-2.397480e-02 9.092430e-03 0.000000e+00
-4.794960e-02 1.818490e-02 0.000000e+00
-7.192430e-02 2.727730e-02 0.000000e+00
-9.589910e-02 3.636970e-02 0.000000e+00
-1.198740e-01 4.546220e-02 0.000000e+00
-1.438490e-01 5.455460e-02 0.000000e+00
-1.678230e-01 6.364700e-02 0.000000e+00
-1.917980e-01 7.273950e-02 0.000000e+00
-2.157730e-01 8.183190e-02 0.000000e+00
-2.397480e-01 9.092430e-02 0.000000e+00
-2.637230e-01 1.000170e-01 0.000000e+00
-2.876970e-01 1.091090e-01 0.000000e+00
-3.116720e-01 1.182020e-01 0.000000e+00
-3.356470e-01 1.272940e-01 0.000000e+00
-3.596220e-01 1.363860e-01 0.000000e+00
-3.835960e-01 1.454790e-01 0.000000e+00
-4.075710e-01 1.545710e-01 0.000000e+00
-4.315460e-01 1.636640e-01 0.000000e+00
-4.555210e-01 1.727560e-01 0.000000e+00
-4.794960e-01 1.818490e-01 0.000000e+00
-5.034700e-01 1.909410e-01 0.000000e+00
-5.274450e-01 2.000340e-01 0.000000e+00
-5.514200e-01 2.091260e-01 0.000000e+00
-5.753950e-01 2.182180e-01 0.000000e+00
-5.993690e-01 2.273110e-01 0.000000e+00
-6.233440e-01 2.364030e-01 0.000000e+00
-6.473190e-01 2.454960e-01 0.000000e+00
-6.712940e-01 2.545880e-01 0.000000e+00
-6.952680e-01 2.636810e-01 0.000000e+00
-7.192430e-01 2.727730e-01 0.000000e+00
-7.432180e-01 2.818650e-01 0.000000e+00
-7.671930e-01 2.909580e-01 0.000000e+00
-7.911680e-01 3.000500e-01 0.000000e+00
-8.151420e-01 3.091430e-01 0.000000e+00
-8.391170e-01 3.182350e-01 0.000000e+00
-8.630920e-01 3.273280e-01 0.000000e+00
-8.870670e-01 3.364200e-01 0.000000e+00
-9.110410e-01 3.455120e-01 0.000000e+00
-9.350160e-01 3.546050e-01 0.000000e+00
-0.000000e+00 0.000000e+00 0.000000e+00
-2.448000e-02 7.628280e-03 0.000000e+00
-4.896000e-02 1.525660e-02 0.000000e+00
-7.344010e-02 2.288490e-02 0.000000e+00
-9.792010e-02 3.051310e-02 0.000000e+00
-1.224000e-01 3.814140e-02 0.000000e+00
-1.468800e-01 4.576970e-02 0.000000e+00
-1.713600e-01 5.339800e-02 0.000000e+00
-1.958400e-01 6.102630e-02 0.000000e+00
-2.203200e-01 6.865460e-02 0.000000e+00
-2.448000e-01 7.628280e-02 0.000000e+00
-2.692800e-01 8.391110e-02 0.000000e+00
-2.937600e-01 9.153940e-02 0.000000e+00
-3.182400e-01 9.916770e-02 0.000000e+00
-3.427200e-01 1.067960e-01 0.000000e+00
-3.672000e-01 1.144240e-01 0.000000e+00
-3.916800e-01 1.220530e-01 0.000000e+00
-4.161600e-01 1.296810e-01 0.000000e+00
-4.406400e-01 1.373090e-01 0.000000e+00
-4.651200e-01 1.449370e-01 0.000000e+00
-4.896000e-01 1.525660e-01 0.000000e+00
-5.140800e-01 1.601940e-01 0.000000e+00
-5.385600e-01 1.678220e-01 0.000000e+00
-5.630410e-01 1.754510e-01 0.000000e+00
-5.875210e-01 1.830790e-01 0.000000e+00
-6.120010e-01 1.907070e-01 0.000000e+00
-6.364810e-01 1.983350e-01 0.000000e+00
-6.609610e-01 2.059640e-01 0.000000e+00
-6.854410e-01 2.135920e-01 0.000000e+00
-7.099210e-01 2.212200e-01 0.000000e+00
-7.344010e-01 2.288490e-01 0.000000e+00
-7.588810e-01 2.364770e-01 0.000000e+00
-7.833610e-01 2.441050e-01 0.000000e+00
-8.078410e-01 2.517330e-01 0.000000e+00
-8.323210e-01 2.593620e-01 0.000000e+00
-8.568010e-01 2.669900e-01 0.000000e+00
-8.812810e-01 2.746180e-01 0.000000e+00
-9.057610e-01 2.822460e-01 0.000000e+00
-9.302410e-01 2.898750e-01 0.000000e+00
-9.547210e-01 2.975030e-01 0.000000e+00
-0.000000e+00 0.000000e+00 0.000000e+00
-2.489590e-02 6.136300e-03 0.000000e+00
-4.979190e-02 1.227260e-02 0.000000e+00
-7.468780e-02 1.840890e-02 0.000000e+00
-9.958380e-02 2.454520e-02 0.000000e+00
-1.244800e-01 3.068150e-02 0.000000e+00
-1.493760e-01 3.681780e-02 0.000000e+00
-1.742720e-01 4.295410e-02 0.000000e+00
-1.991680e-01 4.909040e-02 0.000000e+00
-2.240630e-01 5.522670e-02 0.000000e+00
-2.489590e-01 6.136300e-02 0.000000e+00
-2.738550e-01 6.749930e-02 0.000000e+00
-2.987510e-01 7.363560e-02 0.000000e+00
-3.236470e-01 7.977190e-02 0.000000e+00
-3.485430e-01 8.590820e-02 0.000000e+00
-3.734390e-01 9.204450e-02 0.000000e+00
-3.983350e-01 9.818080e-02 0.000000e+00
-4.232310e-01 1.043170e-01 0.000000e+00
-4.481270e-01 1.104530e-01 0.000000e+00
-4.730230e-01 1.165900e-01 0.000000e+00
-4.979190e-01 1.227260e-01 0.000000e+00
-5.228150e-01 1.288620e-01 0.000000e+00
-5.477110e-01 1.349990e-01 0.000000e+00
-5.726070e-01 1.411350e-01 0.000000e+00
-5.975030e-01 1.472710e-01 0.000000e+00
-6.223990e-01 1.534070e-01 0.000000e+00
-6.472950e-01 1.595440e-01 0.000000e+00
-6.721900e-01 1.656800e-01 0.000000e+00
-6.970860e-01 1.718160e-01 0.000000e+00
-7.219820e-01 1.779530e-01 0.000000e+00
-7.468780e-01 1.840890e-01 0.000000e+00
-7.717740e-01 1.902250e-01 0.000000e+00
-7.966700e-01 1.963620e-01 0.000000e+00
-8.215660e-01 2.024980e-01 0.000000e+00
-8.464620e-01 2.086340e-01 0.000000e+00
-8.713580e-01 2.147700e-01 0.000000e+00
-8.962540e-01 2.209070e-01 0.000000e+00
-9.211500e-01 2.270430e-01 0.000000e+00
-9.460460e-01 2.331790e-01 0.000000e+00
-9.709420e-01 2.393160e-01 0.000000e+00
-0.000000e+00 0.000000e+00 0.000000e+00
-2.522100e-02 4.621920e-03 0.000000e+00
-5.044200e-02 9.243850e-03 0.000000e+00
-7.566310e-02 1.386580e-02 0.000000e+00
-1.008840e-01 1.848770e-02 0.000000e+00
-1.261050e-01 2.310960e-02 0.000000e+00
-1.513260e-01 2.773150e-02 0.000000e+00
-1.765470e-01 3.235350e-02 0.000000e+00
-2.017680e-01 3.697540e-02 0.000000e+00
-2.269890e-01 4.159730e-02 0.000000e+00
-2.522100e-01 4.621920e-02 0.000000e+00
-2.774310e-01 5.084120e-02 0.000000e+00
-3.026520e-01 5.546310e-02 0.000000e+00
-3.278730e-01 6.008500e-02 0.000000e+00
-3.530940e-01 6.470690e-02 0.000000e+00
-3.783150e-01 6.932890e-02 0.000000e+00
-4.035360e-01 7.395080e-02 0.000000e+00
-4.287570e-01 7.857270e-02 0.000000e+00
-4.539780e-01 8.319460e-02 0.000000e+00
-4.791990e-01 8.781660e-02 0.000000e+00
-5.044200e-01 9.243850e-02 0.000000e+00
-5.296410e-01 9.706040e-02 0.000000e+00
-5.548630e-01 1.016820e-01 0.000000e+00
-5.800840e-01 1.063040e-01 0.000000e+00
-6.053050e-01 1.109260e-01 0.000000e+00
-6.305260e-01 1.155480e-01 0.000000e+00
-6.557470e-01 1.201700e-01 0.000000e+00
-6.809680e-01 1.247920e-01 0.000000e+00
-7.061890e-01 1.294140e-01 0.000000e+00
-7.314100e-01 1.340360e-01 0.000000e+00
-7.566310e-01 1.386580e-01 0.000000e+00
-7.818520e-01 1.432800e-01 0.000000e+00
-8.070730e-01 1.479020e-01 0.000000e+00
-8.322940e-01 1.525230e-01 0.000000e+00
-8.575150e-01 1.571450e-01 0.000000e+00
-8.827360e-01 1.617670e-01 0.000000e+00
-9.079570e-01 1.663890e-01 0.000000e+00
-9.331780e-01 1.710110e-01 0.000000e+00
-9.583990e-01 1.756330e-01 0.000000e+00
-9.836200e-01 1.802550e-01 0.000000e+00
-0.000000e+00 0.000000e+00 0.000000e+00
-2.545410e-02 3.090680e-03 0.000000e+00
-5.090810e-02 6.181370e-03 0.000000e+00
-7.636220e-02 9.272050e-03 0.000000e+00
-1.018160e-01 1.236270e-02 0.000000e+00
-1.272700e-01 1.545340e-02 0.000000e+00
-1.527240e-01 1.854410e-02 0.000000e+00
-1.781790e-01 2.163480e-02 0.000000e+00
-2.036330e-01 2.472550e-02 0.000000e+00
-2.290870e-01 2.781620e-02 0.000000e+00
-2.545410e-01 3.090680e-02 0.000000e+00
-2.799950e-01 3.399750e-02 0.000000e+00
-3.054490e-01 3.708820e-02 0.000000e+00
-3.309030e-01 4.017890e-02 0.000000e+00
-3.563570e-01 4.326960e-02 0.000000e+00
-3.818110e-01 4.636030e-02 0.000000e+00
-4.072650e-01 4.945090e-02 0.000000e+00
-4.327190e-01 5.254160e-02 0.000000e+00
-4.581730e-01 5.563230e-02 0.000000e+00
-4.836270e-01 5.872300e-02 0.000000e+00
-5.090810e-01 6.181370e-02 0.000000e+00
-5.345360e-01 6.490440e-02 0.000000e+00
-5.599900e-01 6.799510e-02 0.000000e+00
-5.854440e-01 7.108570e-02 0.000000e+00
-6.108980e-01 7.417640e-02 0.000000e+00
-6.363520e-01 7.726710e-02 0.000000e+00
-6.618060e-01 8.035780e-02 0.000000e+00
-6.872600e-01 8.344850e-02 0.000000e+00
-7.127140e-01 8.653920e-02 0.000000e+00
-7.381680e-01 8.962980e-02 0.000000e+00
-7.636220e-01 9.272050e-02 0.000000e+00
-7.890760e-01 9.581120e-02 0.000000e+00
-8.145300e-01 9.890190e-02 0.000000e+00
-8.399840e-01 1.019930e-01 0.000000e+00
-8.654390e-01 1.050830e-01 0.000000e+00
-8.908930e-01 1.081740e-01 0.000000e+00
-9.163470e-01 1.112650e-01 0.000000e+00
-9.418010e-01 1.143550e-01 0.000000e+00
-9.672550e-01 1.174460e-01 0.000000e+00
-9.927090e-01 1.205370e-01 0.000000e+00
-0.000000e+00 0.000000e+00 0.000000e+00
-2.559420e-02 1.548170e-03 0.000000e+00
-5.118850e-02 3.096330e-03 0.000000e+00
-7.678270e-02 4.644500e-03 0.000000e+00
-1.023770e-01 6.192670e-03 0.000000e+00
-1.279710e-01 7.740830e-03 0.000000e+00
-1.535650e-01 9.289000e-03 0.000000e+00
-1.791600e-01 1.083720e-02 0.000000e+00
-2.047540e-01 1.238530e-02 0.000000e+00
-2.303480e-01 1.393350e-02 0.000000e+00
-2.559420e-01 1.548170e-02 0.000000e+00
-2.815370e-01 1.702980e-02 0.000000e+00
-3.071310e-01 1.857800e-02 0.000000e+00
-3.327250e-01 2.012620e-02 0.000000e+00
-3.583190e-01 2.167430e-02 0.000000e+00
-3.839140e-01 2.322250e-02 0.000000e+00
-4.095080e-01 2.477070e-02 0.000000e+00
-4.351020e-01 2.631880e-02 0.000000e+00
-4.606960e-01 2.786700e-02 0.000000e+00
-4.862910e-01 2.941520e-02 0.000000e+00
-5.118850e-01 3.096330e-02 0.000000e+00
-5.374790e-01 3.251150e-02 0.000000e+00
-5.630730e-01 3.405970e-02 0.000000e+00
-5.886680e-01 3.560780e-02 0.000000e+00
-6.142620e-01 3.715600e-02 0.000000e+00
-6.398560e-01 3.870420e-02 0.000000e+00
-6.654500e-01 4.025230e-02 0.000000e+00
-6.910450e-01 4.180050e-02 0.000000e+00
-7.166390e-01 4.334870e-02 0.000000e+00
-7.422330e-01 4.489680e-02 0.000000e+00
-7.678270e-01 4.644500e-02 0.000000e+00
-7.934220e-01 4.799320e-02 0.000000e+00
-8.190160e-01 4.954130e-02 0.000000e+00
-8.446100e-01 5.108950e-02 0.000000e+00
-8.702040e-01 5.263770e-02 0.000000e+00
-8.957990e-01 5.418580e-02 0.000000e+00
-9.213930e-01 5.573400e-02 0.000000e+00
-9.469870e-01 5.728220e-02 0.000000e+00
-9.725810e-01 5.883030e-02 0.000000e+00
-9.981760e-01 6.037850e-02 0.000000e+00
-0.000000e+00 -0.000000e+00 0.000000e+00
-2.564100e-02 -8.246780e-18 0.000000e+00
-5.128210e-02 -1.649360e-17 0.000000e+00
-7.692310e-02 -2.474030e-17 0.000000e+00
-1.025640e-01 -3.298710e-17 0.000000e+00
-1.282050e-01 -4.123390e-17 0.000000e+00
-1.538460e-01 -4.948070e-17 0.000000e+00
-1.794870e-01 -5.772750e-17 0.000000e+00
-2.051280e-01 -6.597430e-17 0.000000e+00
-2.307690e-01 -7.422100e-17 0.000000e+00
-2.564100e-01 -8.246780e-17 0.000000e+00
-2.820510e-01 -9.071460e-17 0.000000e+00
-3.076920e-01 -9.896140e-17 0.000000e+00
-3.333330e-01 -1.072080e-16 0.000000e+00
-3.589740e-01 -1.154550e-16 0.000000e+00
-3.846150e-01 -1.237020e-16 0.000000e+00
-4.102560e-01 -1.319490e-16 0.000000e+00
-4.358970e-01 -1.401950e-16 0.000000e+00
-4.615380e-01 -1.484420e-16 0.000000e+00
-4.871790e-01 -1.566890e-16 0.000000e+00
-5.128210e-01 -1.649360e-16 0.000000e+00
-5.384620e-01 -1.731820e-16 0.000000e+00
-5.641030e-01 -1.814290e-16 0.000000e+00
-5.897440e-01 -1.896760e-16 0.000000e+00
-6.153850e-01 -1.979230e-16 0.000000e+00
-6.410260e-01 -2.061700e-16 0.000000e+00
-6.666670e-01 -2.144160e-16 0.000000e+00
-6.923080e-01 -2.226630e-16 0.000000e+00
-7.179490e-01 -2.309100e-16 0.000000e+00
-7.435900e-01 -2.391570e-16 0.000000e+00
-7.692310e-01 -2.474030e-16 0.000000e+00
-7.948720e-01 -2.556500e-16 0.000000e+00
-8.205130e-01 -2.638970e-16 0.000000e+00
-8.461540e-01 -2.721440e-16 0.000000e+00
-8.717950e-01 -2.803910e-16 0.000000e+00
-8.974360e-01 -2.886370e-16 0.000000e+00
-9.230770e-01 -2.968840e-16 0.000000e+00
-9.487180e-01 -3.051310e-16 0.000000e+00
-9.743590e-01 -3.133780e-16 0.000000e+00
-1.000000e+00 -3.216250e-16 0.000000e+00
-0.000000e+00 -0.000000e+00 0.000000e+00
-2.559420e-02 -1.548170e-03 0.000000e+00
-5.118850e-02 -3.096330e-03 0.000000e+00
-7.678270e-02 -4.644500e-03 0.000000e+00
-1.023770e-01 -6.192670e-03 0.000000e+00
-1.279710e-01 -7.740830e-03 0.000000e+00
-1.535650e-01 -9.289000e-03 0.000000e+00
-1.791600e-01 -1.083720e-02 0.000000e+00
-2.047540e-01 -1.238530e-02 0.000000e+00
-2.303480e-01 -1.393350e-02 0.000000e+00
-2.559420e-01 -1.548170e-02 0.000000e+00
-2.815370e-01 -1.702980e-02 0.000000e+00
-3.071310e-01 -1.857800e-02 0.000000e+00
-3.327250e-01 -2.012620e-02 0.000000e+00
-3.583190e-01 -2.167430e-02 0.000000e+00
-3.839140e-01 -2.322250e-02 0.000000e+00
-4.095080e-01 -2.477070e-02 0.000000e+00
-4.351020e-01 -2.631880e-02 0.000000e+00
-4.606960e-01 -2.786700e-02 0.000000e+00
-4.862910e-01 -2.941520e-02 0.000000e+00
-5.118850e-01 -3.096330e-02 0.000000e+00
-5.374790e-01 -3.251150e-02 0.000000e+00
-5.630730e-01 -3.405970e-02 0.000000e+00
-5.886680e-01 -3.560780e-02 0.000000e+00
-6.142620e-01 -3.715600e-02 0.000000e+00
-6.398560e-01 -3.870420e-02 0.000000e+00
-6.654500e-01 -4.025230e-02 0.000000e+00
-6.910450e-01 -4.180050e-02 0.000000e+00
-7.166390e-01 -4.334870e-02 0.000000e+00
-7.422330e-01 -4.489680e-02 0.000000e+00
-7.678270e-01 -4.644500e-02 0.000000e+00
-7.934220e-01 -4.799320e-02 0.000000e+00
-8.190160e-01 -4.954130e-02 0.000000e+00
-8.446100e-01 -5.108950e-02 0.000000e+00
-8.702040e-01 -5.263770e-02 0.000000e+00
-8.957990e-01 -5.418580e-02 0.000000e+00
-9.213930e-01 -5.573400e-02 0.000000e+00
-9.469870e-01 -5.728220e-02 0.000000e+00
-9.725810e-01 -5.883030e-02 0.000000e+00
-9.981760e-01 -6.037850e-02 0.000000e+00
-0.000000e+00 -0.000000e+00 0.000000e+00
-2.545410e-02 -3.090680e-03 0.000000e+00
-5.090810e-02 -6.181370e-03 0.000000e+00
-7.636220e-02 -9.272050e-03 0.000000e+00
-1.018160e-01 -1.236270e-02 0.000000e+00
-1.272700e-01 -1.545340e-02 0.000000e+00
-1.527240e-01 -1.854410e-02 0.000000e+00
-1.781790e-01 -2.163480e-02 0.000000e+00
-2.036330e-01 -2.472550e-02 0.000000e+00
-2.290870e-01 -2.781620e-02 0.000000e+00
-2.545410e-01 -3.090680e-02 0.000000e+00
-2.799950e-01 -3.399750e-02 0.000000e+00
-3.054490e-01 -3.708820e-02 0.000000e+00
-3.309030e-01 -4.017890e-02 0.000000e+00
-3.563570e-01 -4.326960e-02 0.000000e+00
-3.818110e-01 -4.636030e-02 0.000000e+00
-4.072650e-01 -4.945090e-02 0.000000e+00
-4.327190e-01 -5.254160e-02 0.000000e+00
-4.581730e-01 -5.563230e-02 0.000000e+00
-4.836270e-01 -5.872300e-02 0.000000e+00
-5.090810e-01 -6.181370e-02 0.000000e+00
-5.345360e-01 -6.490440e-02 0.000000e+00
-5.599900e-01 -6.799510e-02 0.000000e+00
-5.854440e-01 -7.108570e-02 0.000000e+00
-6.108980e-01 -7.417640e-02 0.000000e+00
-6.363520e-01 -7.726710e-02 0.000000e+00
-6.618060e-01 -8.035780e-02 0.000000e+00
-6.872600e-01 -8.344850e-02 0.000000e+00
-7.127140e-01 -8.653920e-02 0.000000e+00
-7.381680e-01 -8.962980e-02 0.000000e+00
-7.636220e-01 -9.272050e-02 0.000000e+00
-7.890760e-01 -9.581120e-02 0.000000e+00
-8.145300e-01 -9.890190e-02 0.000000e+00
-8.399840e-01 -1.019930e-01 0.000000e+00
-8.654390e-01 -1.050830e-01 0.000000e+00
-8.908930e-01 -1.081740e-01 0.000000e+00
-9.163470e-01 -1.112650e-01 0.000000e+00
-9.418010e-01 -1.143550e-01 0.000000e+00
-9.672550e-01 -1.174460e-01 0.000000e+00
-9.927090e-01 -1.205370e-01 0.000000e+00
-0.000000e+00 -0.000000e+00 0.000000e+00
-2.522100e-02 -4.621920e-03 0.000000e+00
-5.044200e-02 -9.243850e-03 0.000000e+00
-7.566310e-02 -1.386580e-02 0.000000e+00
-1.008840e-01 -1.848770e-02 0.000000e+00
-1.261050e-01 -2.310960e-02 0.000000e+00
-1.513260e-01 -2.773150e-02 0.000000e+00
-1.765470e-01 -3.235350e-02 0.000000e+00
-2.017680e-01 -3.697540e-02 0.000000e+00
-2.269890e-01 -4.159730e-02 0.000000e+00
-2.522100e-01 -4.621920e-02 0.000000e+00
-2.774310e-01 -5.084120e-02 0.000000e+00
-3.026520e-01 -5.546310e-02 0.000000e+00
-3.278730e-01 -6.008500e-02 0.000000e+00
-3.530940e-01 -6.470690e-02 0.000000e+00
-3.783150e-01 -6.932890e-02 0.000000e+00
-4.035360e-01 -7.395080e-02 0.000000e+00
-4.287570e-01 -7.857270e-02 0.000000e+00
-4.539780e-01 -8.319460e-02 0.000000e+00
-4.791990e-01 -8.781660e-02 0.000000e+00
-5.044200e-01 -9.243850e-02 0.000000e+00
-5.296410e-01 -9.706040e-02 0.000000e+00
-5.548630e-01 -1.016820e-01 0.000000e+00
-5.800840e-01 -1.063040e-01 0.000000e+00
-6.053050e-01 -1.109260e-01 0.000000e+00
-6.305260e-01 -1.155480e-01 0.000000e+00
-6.557470e-01 -1.201700e-01 0.000000e+00
-6.809680e-01 -1.247920e-01 0.000000e+00
-7.061890e-01 -1.294140e-01 0.000000e+00
-7.314100e-01 -1.340360e-01 0.000000e+00
-7.566310e-01 -1.386580e-01 0.000000e+00
-7.818520e-01 -1.432800e-01 0.000000e+00
-8.070730e-01 -1.479020e-01 0.000000e+00
-8.322940e-01 -1.525230e-01 0.000000e+00
-8.575150e-01 -1.571450e-01 0.000000e+00
-8.827360e-01 -1.617670e-01 0.000000e+00
-9.079570e-01 -1.663890e-01 0.000000e+00
-9.331780e-01 -1.710110e-01 0.000000e+00
-9.583990e-01 -1.756330e-01 0.000000e+00
-9.836200e-01 -1.802550e-01 0.000000e+00
-0.000000e+00 -0.000000e+00 0.000000e+00
-2.489590e-02 -6.136300e-03 0.000000e+00
-4.979190e-02 -1.227260e-02 0.000000e+00
-7.468780e-02 -1.840890e-02 0.000000e+00
-9.958380e-02 -2.454520e-02 0.000000e+00
-1.244800e-01 -3.068150e-02 0.000000e+00
-1.493760e-01 -3.681780e-02 0.000000e+00
-1.742720e-01 -4.295410e-02 0.000000e+00
-1.991680e-01 -4.909040e-02 0.000000e+00
-2.240630e-01 -5.522670e-02 0.000000e+00
-2.489590e-01 -6.136300e-02 0.000000e+00
-2.738550e-01 -6.749930e-02 0.000000e+00
-2.987510e-01 -7.363560e-02 0.000000e+00
-3.236470e-01 -7.977190e-02 0.000000e+00
-3.485430e-01 -8.590820e-02 0.000000e+00
-3.734390e-01 -9.204450e-02 0.000000e+00
-3.983350e-01 -9.818080e-02 0.000000e+00
-4.232310e-01 -1.043170e-01 0.000000e+00
-4.481270e-01 -1.104530e-01 0.000000e+00
-4.730230e-01 -1.165900e-01 0.000000e+00
-4.979190e-01 -1.227260e-01 0.000000e+00
-5.228150e-01 -1.288620e-01 0.000000e+00
-5.477110e-01 -1.349990e-01 0.000000e+00
-5.726070e-01 -1.411350e-01 0.000000e+00
-5.975030e-01 -1.472710e-01 0.000000e+00
-6.223990e-01 -1.534070e-01 0.000000e+00
-6.472950e-01 -1.595440e-01 0.000000e+00
-6.721900e-01 -1.656800e-01 0.000000e+00
-6.970860e-01 -1.718160e-01 0.000000e+00
-7.219820e-01 -1.779530e-01 0.000000e+00
-7.468780e-01 -1.840890e-01 0.000000e+00
-7.717740e-01 -1.902250e-01 0.000000e+00
-7.966700e-01 -1.963620e-01 0.000000e+00
-8.215660e-01 -2.024980e-01 0.000000e+00
-8.464620e-01 -2.086340e-01 0.000000e+00
-8.713580e-01 -2.147700e-01 0.000000e+00
-8.962540e-01 -2.209070e-01 0.000000e+00
-9.211500e-01 -2.270430e-01 0.000000e+00
-9.460460e-01 -2.331790e-01 0.000000e+00
-9.709420e-01 -2.393160e-01 0.000000e+00
-0.000000e+00 -0.000000e+00 0.000000e+00
-2.448000e-02 -7.628280e-03 0.000000e+00
-4.896000e-02 -1.525660e-02 0.000000e+00
-7.344010e-02 -2.288490e-02 0.000000e+00
-9.792010e-02 -3.051310e-02 0.000000e+00
-1.224000e-01 -3.814140e-02 0.000000e+00
-1.468800e-01 -4.576970e-02 0.000000e+00
-1.713600e-01 -5.339800e-02 0.000000e+00
-1.958400e-01 -6.102630e-02 0.000000e+00
-2.203200e-01 -6.865460e-02 0.000000e+00
-2.448000e-01 -7.628280e-02 0.000000e+00
-2.692800e-01 -8.391110e-02 0.000000e+00
-2.937600e-01 -9.153940e-02 0.000000e+00
-3.182400e-01 -9.916770e-02 0.000000e+00
-3.427200e-01 -1.067960e-01 0.000000e+00
-3.672000e-01 -1.144240e-01 0.000000e+00
-3.916800e-01 -1.220530e-01 0.000000e+00
-4.161600e-01 -1.296810e-01 0.000000e+00
-4.406400e-01 -1.373090e-01 0.000000e+00
-4.651200e-01 -1.449370e-01 0.000000e+00
-4.896000e-01 -1.525660e-01 0.000000e+00
-5.140800e-01 -1.601940e-01 0.000000e+00
-5.385600e-01 -1.678220e-01 0.000000e+00
-5.630410e-01 -1.754510e-01 0.000000e+00
-5.875210e-01 -1.830790e-01 0.000000e+00
-6.120010e-01 -1.907070e-01 0.000000e+00
-6.364810e-01 -1.983350e-01 0.000000e+00
-6.609610e-01 -2.059640e-01 0.000000e+00
-6.854410e-01 -2.135920e-01 0.000000e+00
-7.099210e-01 -2.212200e-01 0.000000e+00
-7.344010e-01 -2.288490e-01 0.000000e+00
-7.588810e-01 -2.364770e-01 0.000000e+00
-7.833610e-01 -2.441050e-01 0.000000e+00
-8.078410e-01 -2.517330e-01 0.000000e+00
-8.323210e-01 -2.593620e-01 0.000000e+00
-8.568010e-01 -2.669900e-01 0.000000e+00
-8.812810e-01 -2.746180e-01 0.000000e+00
-9.057610e-01 -2.822460e-01 0.000000e+00
-9.302410e-01 -2.898750e-01 0.000000e+00
-9.547210e-01 -2.975030e-01 0.000000e+00
-0.000000e+00 -0.000000e+00 0.000000e+00
-2.397480e-02 -9.092430e-03 0.000000e+00
-4.794960e-02 -1.818490e-02 0.000000e+00
-7.192430e-02 -2.727730e-02 0.000000e+00
-9.589910e-02 -3.636970e-02 0.000000e+00
-1.198740e-01 -4.546220e-02 0.000000e+00
-1.438490e-01 -5.455460e-02 0.000000e+00
-1.678230e-01 -6.364700e-02 0.000000e+00
-1.917980e-01 -7.273950e-02 0.000000e+00
-2.157730e-01 -8.183190e-02 0.000000e+00
-2.397480e-01 -9.092430e-02 0.000000e+00
-2.637230e-01 -1.000170e-01 0.000000e+00
-2.876970e-01 -1.091090e-01 0.000000e+00
-3.116720e-01 -1.182020e-01 0.000000e+00
-3.356470e-01 -1.272940e-01 0.000000e+00
-3.596220e-01 -1.363860e-01 0.000000e+00
-3.835960e-01 -1.454790e-01 0.000000e+00
-4.075710e-01 -1.545710e-01 0.000000e+00
-4.315460e-01 -1.636640e-01 0.000000e+00
-4.555210e-01 -1.727560e-01 0.000000e+00
-4.794960e-01 -1.818490e-01 0.000000e+00
-5.034700e-01 -1.909410e-01 0.000000e+00
-5.274450e-01 -2.000340e-01 0.000000e+00
-5.514200e-01 -2.091260e-01 0.000000e+00
-5.753950e-01 -2.182180e-01 0.000000e+00
-5.993690e-01 -2.273110e-01 0.000000e+00
-6.233440e-01 -2.364030e-01 0.000000e+00
-6.473190e-01 -2.454960e-01 0.000000e+00
-6.712940e-01 -2.545880e-01 0.000000e+00
-6.952680e-01 -2.636810e-01 0.000000e+00
-7.192430e-01 -2.727730e-01 0.000000e+00
-7.432180e-01 -2.818650e-01 0.000000e+00
-7.671930e-01 -2.909580e-01 0.000000e+00
-7.911680e-01 -3.000500e-01 0.000000e+00
-8.151420e-01 -3.091430e-01 0.000000e+00
-8.391170e-01 -3.182350e-01 0.000000e+00
-8.630920e-01 -3.273280e-01 0.000000e+00
-8.870670e-01 -3.364200e-01 0.000000e+00
-9.110410e-01 -3.455120e-01 0.000000e+00
-9.350160e-01 -3.546050e-01 0.000000e+00
-0.000000e+00 -0.000000e+00 0.000000e+00
-2.338200e-02 -1.052340e-02 0.000000e+00
-4.676410e-02 -2.104680e-02 0.000000e+00
-7.014610e-02 -3.157020e-02 0.000000e+00
-9.352820e-02 -4.209360e-02 0.000000e+00
-1.169100e-01 -5.261700e-02 0.000000e+00
-1.402920e-01 -6.314040e-02 0.000000e+00
-1.636740e-01 -7.366380e-02 0.000000e+00
-1.870560e-01 -8.418720e-02 0.000000e+00
-2.104380e-01 -9.471060e-02 0.000000e+00
-2.338200e-01 -1.052340e-01 0.000000e+00
-2.572030e-01 -1.157570e-01 0.000000e+00
-2.805850e-01 -1.262810e-01 0.000000e+00
-3.039670e-01 -1.368040e-01 0.000000e+00
-3.273490e-01 -1.473280e-01 0.000000e+00
-3.507310e-01 -1.578510e-01 0.000000e+00
-3.741130e-01 -1.683740e-01 0.000000e+00
-3.974950e-01 -1.788980e-01 0.000000e+00
-4.208770e-01 -1.894210e-01 0.000000e+00
-4.442590e-01 -1.999450e-01 0.000000e+00
-4.676410e-01 -2.104680e-01 0.000000e+00
-4.910230e-01 -2.209920e-01 0.000000e+00
-5.144050e-01 -2.315150e-01 0.000000e+00
-5.377870e-01 -2.420380e-01 0.000000e+00
-5.611690e-01 -2.525620e-01 0.000000e+00
-5.845510e-01 -2.630850e-01 0.000000e+00
-6.079330e-01 -2.736090e-01 0.000000e+00
-6.313150e-01 -2.841320e-01 0.000000e+00
-6.546970e-01 -2.946550e-01 0.000000e+00
-6.780790e-01 -3.051790e-01 0.000000e+00
-7.014610e-01 -3.157020e-01 0.000000e+00
-7.248430e-01 -3.262260e-01 0.000000e+00
-7.482260e-01 -3.367490e-01 0.000000e+00
-7.716080e-01 -3.472720e-01 0.000000e+00
-7.949900e-01 -3.577960e-01 0.000000e+00
-8.183720e-01 -3.683190e-01 0.000000e+00
-8.417540e-01 -3.788430e-01 0.000000e+00
-8.651360e-01 -3.893660e-01 0.000000e+00
-8.885180e-01 -3.998890e-01 0.000000e+00
-9.119000e-01 -4.104130e-01 0.000000e+00
-0.000000e+00 -0.000000e+00 0.000000e+00
-2.270400e-02 -1.191600e-02 0.000000e+00
-4.540800e-02 -2.383200e-02 0.000000e+00
-6.811200e-02 -3.574790e-02 0.000000e+00
-9.081600e-02 -4.766390e-02 0.000000e+00
-1.135200e-01 -5.957990e-02 0.000000e+00
-1.362240e-01 -7.149590e-02 0.000000e+00
-1.589280e-01 -8.341190e-02 0.000000e+00
-1.816320e-01 -9.532780e-02 0.000000e+00
-2.043360e-01 -1.072440e-01 0.000000e+00
-2.270400e-01 -1.191600e-01 0.000000e+00
-2.497440e-01 -1.310760e-01 0.000000e+00
-2.724480e-01 -1.429920e-01 0.000000e+00
-2.951520e-01 -1.549080e-01 0.000000e+00
-3.178560e-01 -1.668240e-01 0.000000e+00
-3.405600e-01 -1.787400e-01 0.000000e+00
-3.632640e-01 -1.906560e-01 0.000000e+00
-3.859680e-01 -2.025720e-01 0.000000e+00
-4.086720e-01 -2.144880e-01 0.000000e+00
-4.313760e-01 -2.264040e-01 0.000000e+00
-4.540800e-01 -2.383200e-01 0.000000e+00
-4.767840e-01 -2.502360e-01 0.000000e+00
-4.994880e-01 -2.621520e-01 0.000000e+00
-5.221920e-01 -2.740680e-01 0.000000e+00
-5.448960e-01 -2.859830e-01 0.000000e+00
-5.676000e-01 -2.978990e-01 0.000000e+00
-5.903040e-01 -3.098150e-01 0.000000e+00
-6.130080e-01 -3.217310e-01 0.000000e+00
-6.357120e-01 -3.336470e-01 0.000000e+00
-6.584160e-01 -3.455630e-01 0.000000e+00
-6.811200e-01 -3.574790e-01 0.000000e+00
-7.038240e-01 -3.693950e-01 0.000000e+00
-7.265280e-01 -3.813110e-01 0.000000e+00
-7.492320e-01 -3.932270e-01 0.000000e+00
-7.719360e-01 -4.051430e-01 0.000000e+00
-7.946400e-01 -4.170590e-01 0.000000e+00
-8.173440e-01 -4.289750e-01 0.000000e+00
-8.400480e-01 -4.408910e-01 0.000000e+00
-8.627520e-01 -4.528070e-01 0.000000e+00
-8.854560e-01 -4.647230e-01 0.000000e+00
-0.000000e+00 -0.000000e+00 0.000000e+00
-2.194310e-02 -1.326510e-02 0.000000e+00
-4.388620e-02 -2.653010e-02 0.000000e+00
-6.582930e-02 -3.979520e-02 0.000000e+00
-8.777240e-02 -5.306030e-02 0.000000e+00
-1.097160e-01 -6.632540e-02 0.000000e+00
-1.316590e-01 -7.959040e-02 0.000000e+00
-1.536020e-01 -9.285550e-02 0.000000e+00
-1.755450e-01 -1.061210e-01 0.000000e+00
-1.974880e-01 -1.193860e-01 0.000000e+00
-2.194310e-01 -1.326510e-01 0.000000e+00
-2.413740e-01 -1.459160e-01 0.000000e+00
-2.633170e-01 -1.591810e-01 0.000000e+00
-2.852600e-01 -1.724460e-01 0.000000e+00
-3.072040e-01 -1.857110e-01 0.000000e+00
-3.291470e-01 -1.989760e-01 0.000000e+00
-3.510900e-01 -2.122410e-01 0.000000e+00
-3.730330e-01 -2.255060e-01 0.000000e+00
-3.949760e-01 -2.387710e-01 0.000000e+00
-4.169190e-01 -2.520360e-01 0.000000e+00
-4.388620e-01 -2.653010e-01 0.000000e+00
-4.608050e-01 -2.785670e-01 0.000000e+00
-4.827480e-01 -2.918320e-01 0.000000e+00
-5.046920e-01 -3.050970e-01 0.000000e+00
-5.266350e-01 -3.183620e-01 0.000000e+00
-5.485780e-01 -3.316270e-01 0.000000e+00
-5.705210e-01 -3.448920e-01 0.000000e+00
-5.924640e-01 -3.581570e-01 0.000000e+00
-6.144070e-01 -3.714220e-01 0.000000e+00
-6.363500e-01 -3.846870e-01 0.000000e+00
-6.582930e-01 -3.979520e-01 0.000000e+00
-6.802360e-01 -4.112170e-01 0.000000e+00
-7.021800e-01 -4.244820e-01 0.000000e+00
-7.241230e-01 -4.377470e-01 0.000000e+00
-7.460660e-01 -4.510120e-01 0.000000e+00
-7.680090e-01 -4.642780e-01 0.000000e+00
-7.899520e-01 -4.775430e-01 0.000000e+00
-8.118950e-01 -4.908080e-01 0.000000e+00
-8.338380e-01 -5.040730e-01 0.000000e+00
-8.557810e-01 -5.173380e-01 0.000000e+00
-0.000000e+00 -0.000000e+00 0.000000e+00
-2.110220e-02 -1.456580e-02 0.000000e+00
-4.220430e-02 -2.913150e-02 0.000000e+00
-6.330650e-02 -4.369730e-02 0.000000e+00
-8.440860e-02 -5.826310e-02 0.000000e+00
-1.055110e-01 -7.282880e-02 0.000000e+00
-1.266130e-01 -8.739460e-02 0.000000e+00
-1.477150e-01 -1.019600e-01 0.000000e+00
-1.688170e-01 -1.165260e-01 0.000000e+00
-1.899190e-01 -1.310920e-01 0.000000e+00
-2.110220e-01 -1.456580e-01 0.000000e+00
-2.321240e-01 -1.602230e-01 0.000000e+00
-2.532260e-01 -1.747890e-01 0.000000e+00
-2.743280e-01 -1.893550e-01 0.000000e+00
-2.954300e-01 -2.039210e-01 0.000000e+00
-3.165320e-01 -2.184860e-01 0.000000e+00
-3.376340e-01 -2.330520e-01 0.000000e+00
-3.587370e-01 -2.476180e-01 0.000000e+00
-3.798390e-01 -2.621840e-01 0.000000e+00
-4.009410e-01 -2.767490e-01 0.000000e+00
-4.220430e-01 -2.913150e-01 0.000000e+00
-4.431450e-01 -3.058810e-01 0.000000e+00
-4.642470e-01 -3.204470e-01 0.000000e+00
-4.853490e-01 -3.350130e-01 0.000000e+00
-5.064520e-01 -3.495780e-01 0.000000e+00
-5.275540e-01 -3.641440e-01 0.000000e+00
-5.486560e-01 -3.787100e-01 0.000000e+00
-5.697580e-01 -3.932760e-01 0.000000e+00
-5.908600e-01 -4.078410e-01 0.000000e+00
-6.119620e-01 -4.224070e-01 0.000000e+00
-6.330650e-01 -4.369730e-01 0.000000e+00
-6.541670e-01 -4.515390e-01 0.000000e+00
-6.752690e-01 -4.661040e-01 0.000000e+00
-6.963710e-01 -4.806700e-01 0.000000e+00
-7.174730e-01 -4.952360e-01 0.000000e+00
-7.385750e-01 -5.098020e-01 0.000000e+00
-7.596770e-01 -5.243670e-01 0.000000e+00
-7.807800e-01 -5.389330e-01 0.000000e+00
-8.018820e-01 -5.534990e-01 0.000000e+00
-8.229840e-01 -5.680650e-01 0.000000e+00
-0.000000e+00 -0.000000e+00 0.000000e+00
-2.018420e-02 -1.581330e-02 0.000000e+00
-4.036840e-02 -3.162660e-02 0.000000e+00
-6.055260e-02 -4.743990e-02 0.000000e+00
-8.073680e-02 -6.325320e-02 0.000000e+00
-1.009210e-01 -7.906650e-02 0.000000e+00
-1.211050e-01 -9.487980e-02 0.000000e+00
-1.412890e-01 -1.106930e-01 0.000000e+00
-1.614740e-01 -1.265060e-01 0.000000e+00
-1.816580e-01 -1.423200e-01 0.000000e+00
-2.018420e-01 -1.581330e-01 0.000000e+00
-2.220260e-01 -1.739460e-01 0.000000e+00
-2.422100e-01 -1.897600e-01 0.000000e+00
-2.623940e-01 -2.055730e-01 0.000000e+00
-2.825790e-01 -2.213860e-01 0.000000e+00
-3.027630e-01 -2.372000e-01 0.000000e+00
-3.229470e-01 -2.530130e-01 0.000000e+00
-3.431310e-01 -2.688260e-01 0.000000e+00
-3.633150e-01 -2.846390e-01 0.000000e+00
-3.835000e-01 -3.004530e-01 0.000000e+00
-4.036840e-01 -3.162660e-01 0.000000e+00
-4.238680e-01 -3.320790e-01 0.000000e+00
-4.440520e-01 -3.478930e-01 0.000000e+00
-4.642360e-01 -3.637060e-01 0.000000e+00
-4.844210e-01 -3.795190e-01 0.000000e+00
-5.046050e-01 -3.953330e-01 0.000000e+00
-5.247890e-01 -4.111460e-01 0.000000e+00
-5.449730e-01 -4.269590e-01 0.000000e+00
-5.651570e-01 -4.427730e-01 0.000000e+00
-5.853420e-01 -4.585860e-01 0.000000e+00
-6.055260e-01 -4.743990e-01 0.000000e+00
-6.257100e-01 -4.902120e-01 0.000000e+00
-6.458940e-01 -5.060260e-01 0.000000e+00
-6.660780e-01 -5.218390e-01 0.000000e+00
-6.862630e-01 -5.376520e-01 0.000000e+00
-7.064470e-01 -5.534660e-01 0.000000e+00
-7.266310e-01 -5.692790e-01 0.000000e+00
-7.468150e-01 -5.850920e-01 0.000000e+00
-7.669990e-01 -6.009060e-01 0.000000e+00
-7.871830e-01 -6.167190e-01 0.000000e+00
-0.000000e+00 -0.000000e+00 0.000000e+00
-1.919260e-02 -1.700310e-02 0.000000e+00
-3.838520e-02 -3.400630e-02 0.000000e+00
-5.757770e-02 -5.100940e-02 0.000000e+00
-7.677030e-02 -6.801260e-02 0.000000e+00
-9.596290e-02 -8.501570e-02 0.000000e+00
-1.151550e-01 -1.020190e-01 0.000000e+00
-1.343480e-01 -1.190220e-01 0.000000e+00
-1.535410e-01 -1.360250e-01 0.000000e+00
-1.727330e-01 -1.530280e-01 0.000000e+00
-1.919260e-01 -1.700310e-01 0.000000e+00
-2.111180e-01 -1.870350e-01 0.000000e+00
-2.303110e-01 -2.040380e-01 0.000000e+00
-2.495040e-01 -2.210410e-01 0.000000e+00
-2.686960e-01 -2.380440e-01 0.000000e+00
-2.878890e-01 -2.550470e-01 0.000000e+00
-3.070810e-01 -2.720500e-01 0.000000e+00
-3.262740e-01 -2.890530e-01 0.000000e+00
-3.454660e-01 -3.060570e-01 0.000000e+00
-3.646590e-01 -3.230600e-01 0.000000e+00
-3.838520e-01 -3.400630e-01 0.000000e+00
-4.030440e-01 -3.570660e-01 0.000000e+00
-4.222370e-01 -3.740690e-01 0.000000e+00
-4.414290e-01 -3.910720e-01 0.000000e+00
-4.606220e-01 -4.080750e-01 0.000000e+00
-4.798150e-01 -4.250790e-01 0.000000e+00
-4.990070e-01 -4.420820e-01 0.000000e+00
-5.182000e-01 -4.590850e-01 0.000000e+00
-5.373920e-01 -4.760880e-01 0.000000e+00
-5.565850e-01 -4.930910e-01 0.000000e+00
-5.757770e-01 -5.100940e-01 0.000000e+00
-5.949700e-01 -5.270970e-01 0.000000e+00
-6.141630e-01 -5.441010e-01 0.000000e+00
-6.333550e-01 -5.611040e-01 0.000000e+00
-6.525480e-01 -5.781070e-01 0.000000e+00
-6.717400e-01 -5.951100e-01 0.000000e+00
-6.909330e-01 -6.121130e-01 0.000000e+00
-7.101260e-01 -6.291160e-01 0.000000e+00
-7.293180e-01 -6.461200e-01 0.000000e+00
-7.485110e-01 -6.631230e-01 0.000000e+00
-0.000000e+00 -0.000000e+00 0.000000e+00
-1.813090e-02 -1.813090e-02 0.000000e+00
-3.626190e-02 -3.626190e-02 0.000000e+00
-5.439280e-02 -5.439280e-02 0.000000e+00
-7.252380e-02 -7.252380e-02 0.000000e+00
-9.065470e-02 -9.065470e-02 0.000000e+00
-1.087860e-01 -1.087860e-01 0.000000e+00
-1.269170e-01 -1.269170e-01 0.000000e+00
-1.450480e-01 -1.450480e-01 0.000000e+00
-1.631780e-01 -1.631780e-01 0.000000e+00
-1.813090e-01 -1.813090e-01 0.000000e+00
-1.994400e-01 -1.994400e-01 0.000000e+00
-2.175710e-01 -2.175710e-01 0.000000e+00
-2.357020e-01 -2.357020e-01 0.000000e+00
-2.538330e-01 -2.538330e-01 0.000000e+00
-2.719640e-01 -2.719640e-01 0.000000e+00
-2.900950e-01 -2.900950e-01 0.000000e+00
-3.082260e-01 -3.082260e-01 0.000000e+00
-3.263570e-01 -3.263570e-01 0.000000e+00
-3.444880e-01 -3.444880e-01 0.000000e+00
-3.626190e-01 -3.626190e-01 0.000000e+00
-3.807500e-01 -3.807500e-01 0.000000e+00
-3.988810e-01 -3.988810e-01 0.000000e+00
-4.170120e-01 -4.170120e-01 0.000000e+00
-4.351430e-01 -4.351430e-01 0.000000e+00
-4.532740e-01 -4.532740e-01 0.000000e+00
-4.714050e-01 -4.714050e-01 0.000000e+00
-4.895350e-01 -4.895350e-01 0.000000e+00
-5.076660e-01 -5.076660e-01 0.000000e+00
-5.257970e-01 -5.257970e-01 0.000000e+00
-5.439280e-01 -5.439280e-01 0.000000e+00
-5.620590e-01 -5.620590e-01 0.000000e+00
-5.801900e-01 -5.801900e-01 0.000000e+00
-5.983210e-01 -5.983210e-01 0.000000e+00
-6.164520e-01 -6.164520e-01 0.000000e+00
-6.345830e-01 -6.345830e-01 0.000000e+00
-6.527140e-01 -6.527140e-01 0.000000e+00
-6.708450e-01 -6.708450e-01 0.000000e+00
-6.889760e-01 -6.889760e-01 0.000000e+00
-7.071070e-01 -7.071070e-01 0.000000e+00
-0.000000e+00 -0.000000e+00 0.000000e+00
-1.700310e-02 -1.919260e-02 0.000000e+00
-3.400630e-02 -3.838520e-02 0.000000e+00
-5.100940e-02 -5.757770e-02 0.000000e+00
-6.801260e-02 -7.677030e-02 0.000000e+00
-8.501570e-02 -9.596290e-02 0.000000e+00
-1.020190e-01 -1.151550e-01 0.000000e+00
-1.190220e-01 -1.343480e-01 0.000000e+00
-1.360250e-01 -1.535410e-01 0.000000e+00
-1.530280e-01 -1.727330e-01 0.000000e+00
-1.700310e-01 -1.919260e-01 0.000000e+00
-1.870350e-01 -2.111180e-01 0.000000e+00
-2.040380e-01 -2.303110e-01 0.000000e+00
-2.210410e-01 -2.495040e-01 0.000000e+00
-2.380440e-01 -2.686960e-01 0.000000e+00
-2.550470e-01 -2.878890e-01 0.000000e+00
-2.720500e-01 -3.070810e-01 0.000000e+00
-2.890530e-01 -3.262740e-01 0.000000e+00
-3.060570e-01 -3.454660e-01 0.000000e+00
-3.230600e-01 -3.646590e-01 0.000000e+00
-3.400630e-01 -3.838520e-01 0.000000e+00
-3.570660e-01 -4.030440e-01 0.000000e+00
-3.740690e-01 -4.222370e-01 0.000000e+00
-3.910720e-01 -4.414290e-01 0.000000e+00
-4.080750e-01 -4.606220e-01 0.000000e+00
-4.250790e-01 -4.798150e-01 0.000000e+00
-4.420820e-01 -4.990070e-01 0.000000e+00
-4.590850e-01 -5.182000e-01 0.000000e+00
-4.760880e-01 -5.373920e-01 0.000000e+00
-4.930910e-01 -5.565850e-01 0.000000e+00
-5.100940e-01 -5.757770e-01 0.000000e+00
-5.270970e-01 -5.949700e-01 0.000000e+00
-5.441010e-01 -6.141630e-01 0.000000e+00
-5.611040e-01 -6.333550e-01 0.000000e+00
-5.781070e-01 -6.525480e-01 0.000000e+00
-5.951100e-01 -6.717400e-01 0.000000e+00
-6.121130e-01 -6.909330e-01 0.000000e+00
-6.291160e-01 -7.101260e-01 0.000000e+00
-6.461200e-01 -7.293180e-01 0.000000e+00
-6.631230e-01 -7.485110e-01 0.000000e+00
-0.000000e+00 -0.000000e+00 0.000000e+00
-1.581330e-02 -2.018420e-02 0.000000e+00
-3.162660e-02 -4.036840e-02 0.000000e+00
-4.743990e-02 -6.055260e-02 0.000000e+00
-6.325320e-02 -8.073680e-02 0.000000e+00
-7.906650e-02 -1.009210e-01 0.000000e+00
-9.487980e-02 -1.211050e-01 0.000000e+00
-1.106930e-01 -1.412890e-01 0.000000e+00
-1.265060e-01 -1.614740e-01 0.000000e+00
-1.423200e-01 -1.816580e-01 0.000000e+00
-1.581330e-01 -2.018420e-01 0.000000e+00
-1.739460e-01 -2.220260e-01 0.000000e+00
-1.897600e-01 -2.422100e-01 0.000000e+00
-2.055730e-01 -2.623940e-01 0.000000e+00
-2.213860e-01 -2.825790e-01 0.000000e+00
-2.372000e-01 -3.027630e-01 0.000000e+00
-2.530130e-01 -3.229470e-01 0.000000e+00
-2.688260e-01 -3.431310e-01 0.000000e+00
-2.846390e-01 -3.633150e-01 0.000000e+00
-3.004530e-01 -3.835000e-01 0.000000e+00
-3.162660e-01 -4.036840e-01 0.000000e+00
-3.320790e-01 -4.238680e-01 0.000000e+00
-3.478930e-01 -4.440520e-01 0.000000e+00
-3.637060e-01 -4.642360e-01 0.000000e+00
-3.795190e-01 -4.844210e-01 0.000000e+00
-3.953330e-01 -5.046050e-01 0.000000e+00
-4.111460e-01 -5.247890e-01 0.000000e+00
-4.269590e-01 -5.449730e-01 0.000000e+00
-4.427730e-01 -5.651570e-01 0.000000e+00
-4.585860e-01 -5.853420e-01 0.000000e+00
-4.743990e-01 -6.055260e-01 0.000000e+00
-4.902120e-01 -6.257100e-01 0.000000e+00
-5.060260e-01 -6.458940e-01 0.000000e+00
-5.218390e-01 -6.660780e-01 0.000000e+00
-5.376520e-01 -6.862630e-01 0.000000e+00
-5.534660e-01 -7.064470e-01 0.000000e+00
-5.692790e-01 -7.266310e-01 0.000000e+00
-5.850920e-01 -7.468150e-01 0.000000e+00
-6.009060e-01 -7.669990e-01 0.000000e+00
-6.167190e-01 -7.871830e-01 0.000000e+00
-0.000000e+00 -0.000000e+00 0.000000e+00
-1.456580e-02 -2.110220e-02 0.000000e+00
-2.913150e-02 -4.220430e-02 0.000000e+00
-4.369730e-02 -6.330650e-02 0.000000e+00
-5.826310e-02 -8.440860e-02 0.000000e+00
-7.282880e-02 -1.055110e-01 0.000000e+00
-8.739460e-02 -1.266130e-01 0.000000e+00
-1.019600e-01 -1.477150e-01 0.000000e+00
-1.165260e-01 -1.688170e-01 0.000000e+00
-1.310920e-01 -1.899190e-01 0.000000e+00
-1.456580e-01 -2.110220e-01 0.000000e+00
-1.602230e-01 -2.321240e-01 0.000000e+00
-1.747890e-01 -2.532260e-01 0.000000e+00
-1.893550e-01 -2.743280e-01 0.000000e+00
-2.039210e-01 -2.954300e-01 0.000000e+00
-2.184860e-01 -3.165320e-01 0.000000e+00
-2.330520e-01 -3.376340e-01 0.000000e+00
-2.476180e-01 -3.587370e-01 0.000000e+00
-2.621840e-01 -3.798390e-01 0.000000e+00
-2.767490e-01 -4.009410e-01 0.000000e+00
-2.913150e-01 -4.220430e-01 0.000000e+00
-3.058810e-01 -4.431450e-01 0.000000e+00
-3.204470e-01 -4.642470e-01 0.000000e+00
-3.350130e-01 -4.853490e-01 0.000000e+00
-3.495780e-01 -5.064520e-01 0.000000e+00
-3.641440e-01 -5.275540e-01 0.000000e+00
-3.787100e-01 -5.486560e-01 0.000000e+00
-3.932760e-01 -5.697580e-01 0.000000e+00
-4.078410e-01 -5.908600e-01 0.000000e+00
-4.224070e-01 -6.119620e-01 0.000000e+00
-4.369730e-01 -6.330650e-01 0.000000e+00
-4.515390e-01 -6.541670e-01 0.000000e+00
-4.661040e-01 -6.752690e-01 0.000000e+00
-4.806700e-01 -6.963710e-01 0.000000e+00
-4.952360e-01 -7.174730e-01 0.000000e+00
-5.098020e-01 -7.385750e-01 0.000000e+00
-5.243670e-01 -7.596770e-01 0.000000e+00
-5.389330e-01 -7.807800e-01 0.000000e+00
-5.534990e-01 -8.018820e-01 0.000000e+00
-5.680650e-01 -8.229840e-01 0.000000e+00
-0.000000e+00 -0.000000e+00 0.000000e+00
-1.326510e-02 -2.194310e-02 0.000000e+00
-2.653010e-02 -4.388620e-02 0.000000e+00
-3.979520e-02 -6.582930e-02 0.000000e+00
-5.306030e-02 -8.777240e-02 0.000000e+00
-6.632540e-02 -1.097160e-01 0.000000e+00
-7.959040e-02 -1.316590e-01 0.000000e+00
-9.285550e-02 -1.536020e-01 0.000000e+00
-1.061210e-01 -1.755450e-01 0.000000e+00
-1.193860e-01 -1.974880e-01 0.000000e+00
-1.326510e-01 -2.194310e-01 0.000000e+00
-1.459160e-01 -2.413740e-01 0.000000e+00
-1.591810e-01 -2.633170e-01 0.000000e+00
-1.724460e-01 -2.852600e-01 0.000000e+00
-1.857110e-01 -3.072040e-01 0.000000e+00
-1.989760e-01 -3.291470e-01 0.000000e+00
-2.122410e-01 -3.510900e-01 0.000000e+00
-2.255060e-01 -3.730330e-01 0.000000e+00
-2.387710e-01 -3.949760e-01 0.000000e+00
-2.520360e-01 -4.169190e-01 0.000000e+00
-2.653010e-01 -4.388620e-01 0.000000e+00
-2.785670e-01 -4.608050e-01 0.000000e+00
-2.918320e-01 -4.827480e-01 0.000000e+00
-3.050970e-01 -5.046920e-01 0.000000e+00
-3.183620e-01 -5.266350e-01 0.000000e+00
-3.316270e-01 -5.485780e-01 0.000000e+00
-3.448920e-01 -5.705210e-01 0.000000e+00
-3.581570e-01 -5.924640e-01 0.000000e+00
-3.714220e-01 -6.144070e-01 0.000000e+00
-3.846870e-01 -6.363500e-01 0.000000e+00
-3.979520e-01 -6.582930e-01 0.000000e+00
-4.112170e-01 -6.802360e-01 0.000000e+00
-4.244820e-01 -7.021800e-01 0.000000e+00
-4.377470e-01 -7.241230e-01 0.000000e+00
-4.510120e-01 -7.460660e-01 0.000000e+00
-4.642780e-01 -7.680090e-01 0.000000e+00
-4.775430e-01 -7.899520e-01 0.000000e+00
-4.908080e-01 -8.118950e-01 0.000000e+00
-5.040730e-01 -8.338380e-01 0.000000e+00
-5.173380e-01 -8.557810e-01 0.000000e+00
-0.000000e+00 -0.000000e+00 0.000000e+00
-1.191600e-02 -2.270400e-02 0.000000e+00
-2.383200e-02 -4.540800e-02 0.000000e+00
-3.574790e-02 -6.811200e-02 0.000000e+00
-4.766390e-02 -9.081600e-02 0.000000e+00
-5.957990e-02 -1.135200e-01 0.000000e+00
-7.149590e-02 -1.362240e-01 0.000000e+00
-8.341190e-02 -1.589280e-01 0.000000e+00
-9.532780e-02 -1.816320e-01 0.000000e+00
-1.072440e-01 -2.043360e-01 0.000000e+00
-1.191600e-01 -2.270400e-01 0.000000e+00
-1.310760e-01 -2.497440e-01 0.000000e+00
-1.429920e-01 -2.724480e-01 0.000000e+00
-1.549080e-01 -2.951520e-01 0.000000e+00
-1.668240e-01 -3.178560e-01 0.000000e+00
-1.787400e-01 -3.405600e-01 0.000000e+00
-1.906560e-01 -3.632640e-01 0.000000e+00
-2.025720e-01 -3.859680e-01 0.000000e+00
-2.144880e-01 -4.086720e-01 0.000000e+00
-2.264040e-01 -4.313760e-01 0.000000e+00
-2.383200e-01 -4.540800e-01 0.000000e+00
-2.502360e-01 -4.767840e-01 0.000000e+00
-2.621520e-01 -4.994880e-01 0.000000e+00
-2.740680e-01 -5.221920e-01 0.000000e+00
-2.859830e-01 -5.448960e-01 0.000000e+00
-2.978990e-01 -5.676000e-01 0.000000e+00
-3.098150e-01 -5.903040e-01 0.000000e+00
-3.217310e-01 -6.130080e-01 0.000000e+00
-3.336470e-01 -6.357120e-01 0.000000e+00
-3.455630e-01 -6.584160e-01 0.000000e+00
-3.574790e-01 -6.811200e-01 0.000000e+00
-3.693950e-01 -7.038240e-01 0.000000e+00
-3.813110e-01 -7.265280e-01 0.000000e+00
-3.932270e-01 -7.492320e-01 0.000000e+00
-4.051430e-01 -7.719360e-01 0.000000e+00
-4.170590e-01 -7.946400e-01 0.000000e+00
-4.289750e-01 -8.173440e-01 0.000000e+00
-4.408910e-01 -8.400480e-01 0.000000e+00
-4.528070e-01 -8.627520e-01 0.000000e+00
-4.647230e-01 -8.854560e-01 0.000000e+00
-0.000000e+00 -0.000000e+00 0.000000e+00
-1.052340e-02 -2.338200e-02 0.000000e+00
-2.104680e-02 -4.676410e-02 0.000000e+00
-3.157020e-02 -7.014610e-02 0.000000e+00
-4.209360e-02 -9.352820e-02 0.000000e+00
-5.261700e-02 -1.169100e-01 0.000000e+00
-6.314040e-02 -1.402920e-01 0.000000e+00
-7.366380e-02 -1.636740e-01 0.000000e+00
-8.418720e-02 -1.870560e-01 0.000000e+00
-9.471060e-02 -2.104380e-01 0.000000e+00
-1.052340e-01 -2.338200e-01 0.000000e+00
-1.157570e-01 -2.572030e-01 0.000000e+00
-1.262810e-01 -2.805850e-01 0.000000e+00
-1.368040e-01 -3.039670e-01 0.000000e+00
-1.473280e-01 -3.273490e-01 0.000000e+00
-1.578510e-01 -3.507310e-01 0.000000e+00
-1.683740e-01 -3.741130e-01 0.000000e+00
-1.788980e-01 -3.974950e-01 0.000000e+00
-1.894210e-01 -4.208770e-01 0.000000e+00
-1.999450e-01 -4.442590e-01 0.000000e+00
-2.104680e-01 -4.676410e-01 0.000000e+00
-2.209920e-01 -4.910230e-01 0.000000e+00
-2.315150e-01 -5.144050e-01 0.000000e+00
-2.420380e-01 -5.377870e-01 0.000000e+00
-2.525620e-01 -5.611690e-01 0.000000e+00
-2.630850e-01 -5.845510e-01 0.000000e+00
-2.736090e-01 -6.079330e-01 0.000000e+00
-2.841320e-01 -6.313150e-01 0.000000e+00
-2.946550e-01 -6.546970e-01 0.000000e+00
-3.051790e-01 -6.780790e-01 0.000000e+00
-3.157020e-01 -7.014610e-01 0.000000e+00
-3.262260e-01 -7.248430e-01 0.000000e+00
-3.367490e-01 -7.482260e-01 0.000000e+00
-3.472720e-01 -7.716080e-01 0.000000e+00
-3.577960e-01 -7.949900e-01 0.000000e+00
-3.683190e-01 -8.183720e-01 0.000000e+00
-3.788430e-01 -8.417540e-01 0.000000e+00
-3.893660e-01 -8.651360e-01 0.000000e+00
-3.998890e-01 -8.885180e-01 0.000000e+00
-4.104130e-01 -9.119000e-01 0.000000e+00
-0.000000e+00 -0.000000e+00 0.000000e+00
-9.092430e-03 -2.397480e-02 0.000000e+00
-1.818490e-02 -4.794960e-02 0.000000e+00
-2.727730e-02 -7.192430e-02 0.000000e+00
-3.636970e-02 -9.589910e-02 0.000000e+00
-4.546220e-02 -1.198740e-01 0.000000e+00
-5.455460e-02 -1.438490e-01 0.000000e+00
-6.364700e-02 -1.678230e-01 0.000000e+00
-7.273950e-02 -1.917980e-01 0.000000e+00
-8.183190e-02 -2.157730e-01 0.000000e+00
-9.092430e-02 -2.397480e-01 0.000000e+00
-1.000170e-01 -2.637230e-01 0.000000e+00
-1.091090e-01 -2.876970e-01 0.000000e+00
-1.182020e-01 -3.116720e-01 0.000000e+00
-1.272940e-01 -3.356470e-01 0.000000e+00
-1.363860e-01 -3.596220e-01 0.000000e+00
-1.454790e-01 -3.835960e-01 0.000000e+00
-1.545710e-01 -4.075710e-01 0.000000e+00
-1.636640e-01 -4.315460e-01 0.000000e+00
-1.727560e-01 -4.555210e-01 0.000000e+00
-1.818490e-01 -4.794960e-01 0.000000e+00
-1.909410e-01 -5.034700e-01 0.000000e+00
-2.000340e-01 -5.274450e-01 0.000000e+00
-2.091260e-01 -5.514200e-01 0.000000e+00
-2.182180e-01 -5.753950e-01 0.000000e+00
-2.273110e-01 -5.993690e-01 0.000000e+00
-2.364030e-01 -6.233440e-01 0.000000e+00
-2.454960e-01 -6.473190e-01 0.000000e+00
-2.545880e-01 -6.712940e-01 0.000000e+00
-2.636810e-01 -6.952680e-01 0.000000e+00
-2.727730e-01 -7.192430e-01 0.000000e+00
-2.818650e-01 -7.432180e-01 0.000000e+00
-2.909580e-01 -7.671930e-01 0.000000e+00
-3.000500e-01 -7.911680e-01 0.000000e+00
-3.091430e-01 -8.151420e-01 0.000000e+00
-3.182350e-01 -8.391170e-01 0.000000e+00
-3.273280e-01 -8.630920e-01 0.000000e+00
-3.364200e-01 -8.870670e-01 0.000000e+00
-3.455120e-01 -9.110410e-01 0.000000e+00
-3.546050e-01 -9.350160e-01 0.000000e+00
-0.000000e+00 -0.000000e+00 0.000000e+00
-7.628280e-03 -2.448000e-02 0.000000e+00
-1.525660e-02 -4.896000e-02 0.000000e+00
-2.288490e-02 -7.344010e-02 0.000000e+00
-3.051310e-02 -9.792010e-02 0.000000e+00
-3.814140e-02 -1.224000e-01 0.000000e+00
-4.576970e-02 -1.468800e-01 0.000000e+00
-5.339800e-02 -1.713600e-01 0.000000e+00
-6.102630e-02 -1.958400e-01 0.000000e+00
-6.865460e-02 -2.203200e-01 0.000000e+00
-7.628280e-02 -2.448000e-01 0.000000e+00
-8.391110e-02 -2.692800e-01 0.000000e+00
-9.153940e-02 -2.937600e-01 0.000000e+00
-9.916770e-02 -3.182400e-01 0.000000e+00
-1.067960e-01 -3.427200e-01 0.000000e+00
-1.144240e-01 -3.672000e-01 0.000000e+00
-1.220530e-01 -3.916800e-01 0.000000e+00
-1.296810e-01 -4.161600e-01 0.000000e+00
-1.373090e-01 -4.406400e-01 0.000000e+00
-1.449370e-01 -4.651200e-01 0.000000e+00
-1.525660e-01 -4.896000e-01 0.000000e+00
-1.601940e-01 -5.140800e-01 0.000000e+00
-1.678220e-01 -5.385600e-01 0.000000e+00
-1.754510e-01 -5.630410e-01 0.000000e+00
-1.830790e-01 -5.875210e-01 0.000000e+00
-1.907070e-01 -6.120010e-01 0.000000e+00
-1.983350e-01 -6.364810e-01 0.000000e+00
-2.059640e-01 -6.609610e-01 0.000000e+00
-2.135920e-01 -6.854410e-01 0.000000e+00
-2.212200e-01 -7.099210e-01 0.000000e+00
-2.288490e-01 -7.344010e-01 0.000000e+00
-2.364770e-01 -7.588810e-01 0.000000e+00
-2.441050e-01 -7.833610e-01 0.000000e+00
-2.517330e-01 -8.078410e-01 0.000000e+00
-2.593620e-01 -8.323210e-01 0.000000e+00
-2.669900e-01 -8.568010e-01 0.000000e+00
-2.746180e-01 -8.812810e-01 0.000000e+00
-2.822460e-01 -9.057610e-01 0.000000e+00
-2.898750e-01 -9.302410e-01 0.000000e+00
-2.975030e-01 -9.547210e-01 0.000000e+00
-0.000000e+00 -0.000000e+00 0.000000e+00
-6.136300e-03 -2.489590e-02 0.000000e+00
-1.227260e-02 -4.979190e-02 0.000000e+00
-1.840890e-02 -7.468780e-02 0.000000e+00
-2.454520e-02 -9.958380e-02 0.000000e+00
-3.068150e-02 -1.244800e-01 0.000000e+00
-3.681780e-02 -1.493760e-01 0.000000e+00
-4.295410e-02 -1.742720e-01 0.000000e+00
-4.909040e-02 -1.991680e-01 0.000000e+00
-5.522670e-02 -2.240630e-01 0.000000e+00
-6.136300e-02 -2.489590e-01 0.000000e+00
-6.749930e-02 -2.738550e-01 0.000000e+00
-7.363560e-02 -2.987510e-01 0.000000e+00
-7.977190e-02 -3.236470e-01 0.000000e+00
-8.590820e-02 -3.485430e-01 0.000000e+00
-9.204450e-02 -3.734390e-01 0.000000e+00
-9.818080e-02 -3.983350e-01 0.000000e+00
-1.043170e-01 -4.232310e-01 0.000000e+00
-1.104530e-01 -4.481270e-01 0.000000e+00
-1.165900e-01 -4.730230e-01 0.000000e+00
-1.227260e-01 -4.979190e-01 0.000000e+00
-1.288620e-01 -5.228150e-01 0.000000e+00
-1.349990e-01 -5.477110e-01 0.000000e+00
-1.411350e-01 -5.726070e-01 0.000000e+00
-1.472710e-01 -5.975030e-01 0.000000e+00
-1.534070e-01 -6.223990e-01 0.000000e+00
-1.595440e-01 -6.472950e-01 0.000000e+00
-1.656800e-01 -6.721900e-01 0.000000e+00
-1.718160e-01 -6.970860e-01 0.000000e+00
-1.779530e-01 -7.219820e-01 0.000000e+00
-1.840890e-01 -7.468780e-01 0.000000e+00
-1.902250e-01 -7.717740e-01 0.000000e+00
-1.963620e-01 -7.966700e-01 0.000000e+00
-2.024980e-01 -8.215660e-01 0.000000e+00
-2.086340e-01 -8.464620e-01 0.000000e+00
-2.147700e-01 -8.713580e-01 0.000000e+00
-2.209070e-01 -8.962540e-01 0.000000e+00
-2.270430e-01 -9.211500e-01 0.000000e+00
-2.331790e-01 -9.460460e-01 0.000000e+00
-2.393160e-01 -9.709420e-01 0.000000e+00
-0.000000e+00 -0.000000e+00 0.000000e+00
-4.621920e-03 -2.522100e-02 0.000000e+00
-9.243850e-03 -5.044200e-02 0.000000e+00
-1.386580e-02 -7.566310e-02 0.000000e+00
-1.848770e-02 -1.008840e-01 0.000000e+00
-2.310960e-02 -1.261050e-01 0.000000e+00
-2.773150e-02 -1.513260e-01 0.000000e+00
-3.235350e-02 -1.765470e-01 0.000000e+00
-3.697540e-02 -2.017680e-01 0.000000e+00
-4.159730e-02 -2.269890e-01 0.000000e+00
-4.621920e-02 -2.522100e-01 0.000000e+00
-5.084120e-02 -2.774310e-01 0.000000e+00
-5.546310e-02 -3.026520e-01 0.000000e+00
-6.008500e-02 -3.278730e-01 0.000000e+00
-6.470690e-02 -3.530940e-01 0.000000e+00
-6.932890e-02 -3.783150e-01 0.000000e+00
-7.395080e-02 -4.035360e-01 0.000000e+00
-7.857270e-02 -4.287570e-01 0.000000e+00
-8.319460e-02 -4.539780e-01 0.000000e+00
-8.781660e-02 -4.791990e-01 0.000000e+00
-9.243850e-02 -5.044200e-01 0.000000e+00
-9.706040e-02 -5.296410e-01 0.000000e+00
-1.016820e-01 -5.548630e-01 0.000000e+00
-1.063040e-01 -5.800840e-01 0.000000e+00
-1.109260e-01 -6.053050e-01 0.000000e+00
-1.155480e-01 -6.305260e-01 0.000000e+00
-1.201700e-01 -6.557470e-01 0.000000e+00
-1.247920e-01 -6.809680e-01 0.000000e+00
-1.294140e-01 -7.061890e-01 0.000000e+00
-1.340360e-01 -7.314100e-01 0.000000e+00
-1.386580e-01 -7.566310e-01 0.000000e+00
-1.432800e-01 -7.818520e-01 0.000000e+00
-1.479020e-01 -8.070730e-01 0.000000e+00
-1.525230e-01 -8.322940e-01 0.000000e+00
-1.571450e-01 -8.575150e-01 0.000000e+00
-1.617670e-01 -8.827360e-01 0.000000e+00
-1.663890e-01 -9.079570e-01 0.000000e+00
-1.710110e-01 -9.331780e-01 0.000000e+00
-1.756330e-01 -9.583990e-01 0.000000e+00
-1.802550e-01 -9.836200e-01 0.000000e+00
-0.000000e+00 -0.000000e+00 0.000000e+00
-3.090680e-03 -2.545410e-02 0.000000e+00
-6.181370e-03 -5.090810e-02 0.000000e+00
-9.272050e-03 -7.636220e-02 0.000000e+00
-1.236270e-02 -1.018160e-01 0.000000e+00
-1.545340e-02 -1.272700e-01 0.000000e+00
-1.854410e-02 -1.527240e-01 0.000000e+00
-2.163480e-02 -1.781790e-01 0.000000e+00
-2.472550e-02 -2.036330e-01 0.000000e+00
-2.781620e-02 -2.290870e-01 0.000000e+00
-3.090680e-02 -2.545410e-01 0.000000e+00
-3.399750e-02 -2.799950e-01 0.000000e+00
-3.708820e-02 -3.054490e-01 0.000000e+00
-4.017890e-02 -3.309030e-01 0.000000e+00
-4.326960e-02 -3.563570e-01 0.000000e+00
-4.636030e-02 -3.818110e-01 0.000000e+00
-4.945090e-02 -4.072650e-01 0.000000e+00
-5.254160e-02 -4.327190e-01 0.000000e+00
-5.563230e-02 -4.581730e-01 0.000000e+00
-5.872300e-02 -4.836270e-01 0.000000e+00
-6.181370e-02 -5.090810e-01 0.000000e+00
-6.490440e-02 -5.345360e-01 0.000000e+00
-6.799510e-02 -5.599900e-01 0.000000e+00
-7.108570e-02 -5.854440e-01 0.000000e+00
-7.417640e-02 -6.108980e-01 0.000000e+00
-7.726710e-02 -6.363520e-01 0.000000e+00
-8.035780e-02 -6.618060e-01 0.000000e+00
-8.344850e-02 -6.872600e-01 0.000000e+00
-8.653920e-02 -7.127140e-01 0.000000e+00
-8.962980e-02 -7.381680e-01 0.000000e+00
-9.272050e-02 -7.636220e-01 0.000000e+00
-9.581120e-02 -7.890760e-01 0.000000e+00
-9.890190e-02 -8.145300e-01 0.000000e+00
-1.019930e-01 -8.399840e-01 0.000000e+00
-1.050830e-01 -8.654390e-01 0.000000e+00
-1.081740e-01 -8.908930e-01 0.000000e+00
-1.112650e-01 -9.163470e-01 0.000000e+00
-1.143550e-01 -9.418010e-01 0.000000e+00
-1.174460e-01 -9.672550e-01 0.000000e+00
-1.205370e-01 -9.927090e-01 0.000000e+00
-0.000000e+00 -0.000000e+00 0.000000e+00
-1.548170e-03 -2.559420e-02 0.000000e+00
-3.096330e-03 -5.118850e-02 0.000000e+00
-4.644500e-03 -7.678270e-02 0.000000e+00
-6.192670e-03 -1.023770e-01 0.000000e+00
-7.740830e-03 -1.279710e-01 0.000000e+00
-9.289000e-03 -1.535650e-01 0.000000e+00
-1.083720e-02 -1.791600e-01 0.000000e+00
-1.238530e-02 -2.047540e-01 0.000000e+00
-1.393350e-02 -2.303480e-01 0.000000e+00
-1.548170e-02 -2.559420e-01 0.000000e+00
-1.702980e-02 -2.815370e-01 0.000000e+00
-1.857800e-02 -3.071310e-01 0.000000e+00
-2.012620e-02 -3.327250e-01 0.000000e+00
-2.167430e-02 -3.583190e-01 0.000000e+00
-2.322250e-02 -3.839140e-01 0.000000e+00
-2.477070e-02 -4.095080e-01 0.000000e+00
-2.631880e-02 -4.351020e-01 0.000000e+00
-2.786700e-02 -4.606960e-01 0.000000e+00
-2.941520e-02 -4.862910e-01 0.000000e+00
-3.096330e-02 -5.118850e-01 0.000000e+00
-3.251150e-02 -5.374790e-01 0.000000e+00
-3.405970e-02 -5.630730e-01 0.000000e+00
-3.560780e-02 -5.886680e-01 0.000000e+00
-3.715600e-02 -6.142620e-01 0.000000e+00
-3.870420e-02 -6.398560e-01 0.000000e+00
-4.025230e-02 -6.654500e-01 0.000000e+00
-4.180050e-02 -6.910450e-01 0.000000e+00
-4.334870e-02 -7.166390e-01 0.000000e+00
-4.489680e-02 -7.422330e-01 0.000000e+00
-4.644500e-02 -7.678270e-01 0.000000e+00
-4.799320e-02 -7.934220e-01 0.000000e+00
-4.954130e-02 -8.190160e-01 0.000000e+00
-5.108950e-02 -8.446100e-01 0.000000e+00
-5.263770e-02 -8.702040e-01 0.000000e+00
-5.418580e-02 -8.957990e-01 0.000000e+00
-5.573400e-02 -9.213930e-01 0.000000e+00
-5.728220e-02 -9.469870e-01 0.000000e+00
-5.883030e-02 -9.725810e-01 0.000000e+00
-6.037850e-02 -9.981760e-01 0.000000e+00
-0.000000e+00 -0.000000e+00 0.000000e+00
-4.710180e-18 -2.564100e-02 0.000000e+00
-9.420360e-18 -5.128210e-02 0.000000e+00
-1.413050e-17 -7.692310e-02 0.000000e+00
-1.884070e-17 -1.025640e-01 0.000000e+00
-2.355090e-17 -1.282050e-01 0.000000e+00
-2.826110e-17 -1.538460e-01 0.000000e+00
-3.297130e-17 -1.794870e-01 0.000000e+00
-3.768140e-17 -2.051280e-01 0.000000e+00
-4.239160e-17 -2.307690e-01 0.000000e+00
-4.710180e-17 -2.564100e-01 0.000000e+00
-5.181200e-17 -2.820510e-01 0.000000e+00
-5.652220e-17 -3.076920e-01 0.000000e+00
-6.123230e-17 -3.333330e-01 0.000000e+00
-6.594250e-17 -3.589740e-01 0.000000e+00
-7.065270e-17 -3.846150e-01 0.000000e+00
-7.536290e-17 -4.102560e-01 0.000000e+00
-8.007310e-17 -4.358970e-01 0.000000e+00
-8.478320e-17 -4.615380e-01 0.000000e+00
-8.949340e-17 -4.871790e-01 0.000000e+00
-9.420360e-17 -5.128210e-01 0.000000e+00
-9.891380e-17 -5.384620e-01 0.000000e+00
-1.036240e-16 -5.641030e-01 0.000000e+00
-1.083340e-16 -5.897440e-01 0.000000e+00
-1.130440e-16 -6.153850e-01 0.000000e+00
-1.177540e-16 -6.410260e-01 0.000000e+00
-1.224650e-16 -6.666670e-01 0.000000e+00
-1.271750e-16 -6.923080e-01 0.000000e+00
-1.318850e-16 -7.179490e-01 0.000000e+00
-1.365950e-16 -7.435900e-01 0.000000e+00
-1.413050e-16 -7.692310e-01 0.000000e+00
-1.460160e-16 -7.948720e-01 0.000000e+00
-1.507260e-16 -8.205130e-01 0.000000e+00
-1.554360e-16 -8.461540e-01 0.000000e+00
-1.601460e-16 -8.717950e-01 0.000000e+00
-1.648560e-16 -8.974360e-01 0.000000e+00
-1.695660e-16 -9.230770e-01 0.000000e+00
-1.742770e-16 -9.487180e-01 0.000000e+00
-1.789870e-16 -9.743590e-01 0.000000e+00
-1.836970e-16 -1.000000e+00 0.000000e+00
0.000000e+00 -0.000000e+00 0.000000e+00
1.548170e-03 -2.559420e-02 0.000000e+00
3.096330e-03 -5.118850e-02 0.000000e+00
4.644500e-03 -7.678270e-02 0.000000e+00
6.192670e-03 -1.023770e-01 0.000000e+00
7.740830e-03 -1.279710e-01 0.000000e+00
9.289000e-03 -1.535650e-01 0.000000e+00
1.083720e-02 -1.791600e-01 0.000000e+00
1.238530e-02 -2.047540e-01 0.000000e+00
1.393350e-02 -2.303480e-01 0.000000e+00
1.548170e-02 -2.559420e-01 0.000000e+00
1.702980e-02 -2.815370e-01 0.000000e+00
1.857800e-02 -3.071310e-01 0.000000e+00
2.012620e-02 -3.327250e-01 0.000000e+00
2.167430e-02 -3.583190e-01 0.000000e+00
2.322250e-02 -3.839140e-01 0.000000e+00
2.477070e-02 -4.095080e-01 0.000000e+00
2.631880e-02 -4.351020e-01 0.000000e+00
2.786700e-02 -4.606960e-01 0.000000e+00
2.941520e-02 -4.862910e-01 0.000000e+00
3.096330e-02 -5.118850e-01 0.000000e+00
3.251150e-02 -5.374790e-01 0.000000e+00
3.405970e-02 -5.630730e-01 0.000000e+00
3.560780e-02 -5.886680e-01 0.000000e+00
3.715600e-02 -6.142620e-01 0.000000e+00
3.870420e-02 -6.398560e-01 0.000000e+00
4.025230e-02 -6.654500e-01 0.000000e+00
4.180050e-02 -6.910450e-01 0.000000e+00
4.334870e-02 -7.166390e-01 0.000000e+00
4.489680e-02 -7.422330e-01 0.000000e+00
4.644500e-02 -7.678270e-01 0.000000e+00
4.799320e-02 -7.934220e-01 0.000000e+00
4.954130e-02 -8.190160e-01 0.000000e+00
5.108950e-02 -8.446100e-01 0.000000e+00
5.263770e-02 -8.702040e-01 0.000000e+00
5.418580e-02 -8.957990e-01 0.000000e+00
5.573400e-02 -9.213930e-01 0.000000e+00
5.728220e-02 -9.469870e-01 0.000000e+00
5.883030e-02 -9.725810e-01 0.000000e+00
6.037850e-02 -9.981760e-01 0.000000e+00
0.000000e+00 -0.000000e+00 0.000000e+00
3.090680e-03 -2.545410e-02 0.000000e+00
6.181370e-03 -5.090810e-02 0.000000e+00
9.272050e-03 -7.636220e-02 0.000000e+00
1.236270e-02 -1.018160e-01 0.000000e+00
1.545340e-02 -1.272700e-01 0.000000e+00
1.854410e-02 -1.527240e-01 0.000000e+00
2.163480e-02 -1.781790e-01 0.000000e+00
2.472550e-02 -2.036330e-01 0.000000e+00
2.781620e-02 -2.290870e-01 0.000000e+00
3.090680e-02 -2.545410e-01 0.000000e+00
3.399750e-02 -2.799950e-01 0.000000e+00
3.708820e-02 -3.054490e-01 0.000000e+00
4.017890e-02 -3.309030e-01 0.000000e+00
4.326960e-02 -3.563570e-01 0.000000e+00
4.636030e-02 -3.818110e-01 0.000000e+00
4.945090e-02 -4.072650e-01 0.000000e+00
5.254160e-02 -4.327190e-01 0.000000e+00
5.563230e-02 -4.581730e-01 0.000000e+00
5.872300e-02 -4.836270e-01 0.000000e+00
6.181370e-02 -5.090810e-01 0.000000e+00
6.490440e-02 -5.345360e-01 0.000000e+00
6.799510e-02 -5.599900e-01 0.000000e+00
7.108570e-02 -5.854440e-01 0.000000e+00
7.417640e-02 -6.108980e-01 0.000000e+00
7.726710e-02 -6.363520e-01 0.000000e+00
8.035780e-02 -6.618060e-01 0.000000e+00
8.344850e-02 -6.872600e-01 0.000000e+00
8.653920e-02 -7.127140e-01 0.000000e+00
8.962980e-02 -7.381680e-01 0.000000e+00
9.272050e-02 -7.636220e-01 0.000000e+00
9.581120e-02 -7.890760e-01 0.000000e+00
9.890190e-02 -8.145300e-01 0.000000e+00
1.019930e-01 -8.399840e-01 0.000000e+00
1.050830e-01 -8.654390e-01 0.000000e+00
1.081740e-01 -8.908930e-01 0.000000e+00
1.112650e-01 -9.163470e-01 0.000000e+00
1.143550e-01 -9.418010e-01 0.000000e+00
1.174460e-01 -9.672550e-01 0.000000e+00
1.205370e-01 -9.927090e-01 0.000000e+00
0.000000e+00 -0.000000e+00 0.000000e+00
4.621920e-03 -2.522100e-02 0.000000e+00
9.243850e-03 -5.044200e-02 0.000000e+00
1.386580e-02 -7.566310e-02 0.000000e+00
1.848770e-02 -1.008840e-01 0.000000e+00
2.310960e-02 -1.261050e-01 0.000000e+00
2.773150e-02 -1.513260e-01 0.000000e+00
3.235350e-02 -1.765470e-01 0.000000e+00
3.697540e-02 -2.017680e-01 0.000000e+00
4.159730e-02 -2.269890e-01 0.000000e+00
4.621920e-02 -2.522100e-01 0.000000e+00
5.084120e-02 -2.774310e-01 0.000000e+00
5.546310e-02 -3.026520e-01 0.000000e+00
6.008500e-02 -3.278730e-01 0.000000e+00
6.470690e-02 -3.530940e-01 0.000000e+00
6.932890e-02 -3.783150e-01 0.000000e+00
7.395080e-02 -4.035360e-01 0.000000e+00
7.857270e-02 -4.287570e-01 0.000000e+00
8.319460e-02 -4.539780e-01 0.000000e+00
8.781660e-02 -4.791990e-01 0.000000e+00
9.243850e-02 -5.044200e-01 0.000000e+00
9.706040e-02 -5.296410e-01 0.000000e+00
1.016820e-01 -5.548630e-01 0.000000e+00
1.063040e-01 -5.800840e-01 0.000000e+00
1.109260e-01 -6.053050e-01 0.000000e+00
1.155480e-01 -6.305260e-01 0.000000e+00
1.201700e-01 -6.557470e-01 0.000000e+00
1.247920e-01 -6.809680e-01 0.000000e+00
1.294140e-01 -7.061890e-01 0.000000e+00
1.340360e-01 -7.314100e-01 0.000000e+00
1.386580e-01 -7.566310e-01 0.000000e+00
1.432800e-01 -7.818520e-01 0.000000e+00
1.479020e-01 -8.070730e-01 0.000000e+00
1.525230e-01 -8.322940e-01 0.000000e+00
1.571450e-01 -8.575150e-01 0.000000e+00
1.617670e-01 -8.827360e-01 0.000000e+00
1.663890e-01 -9.079570e-01 0.000000e+00
1.710110e-01 -9.331780e-01 0.000000e+00
1.756330e-01 -9.583990e-01 0.000000e+00
1.802550e-01 -9.836200e-01 0.000000e+00
0.000000e+00 -0.000000e+00 0.000000e+00
6.136300e-03 -2.489590e-02 0.000000e+00
1.227260e-02 -4.979190e-02 0.000000e+00
1.840890e-02 -7.468780e-02 0.000000e+00
2.454520e-02 -9.958380e-02 0.000000e+00
3.068150e-02 -1.244800e-01 0.000000e+00
3.681780e-02 -1.493760e-01 0.000000e+00
4.295410e-02 -1.742720e-01 0.000000e+00
4.909040e-02 -1.991680e-01 0.000000e+00
5.522670e-02 -2.240630e-01 0.000000e+00
6.136300e-02 -2.489590e-01 0.000000e+00
6.749930e-02 -2.738550e-01 0.000000e+00
7.363560e-02 -2.987510e-01 0.000000e+00
7.977190e-02 -3.236470e-01 0.000000e+00
8.590820e-02 -3.485430e-01 0.000000e+00
9.204450e-02 -3.734390e-01 0.000000e+00
9.818080e-02 -3.983350e-01 0.000000e+00
1.043170e-01 -4.232310e-01 0.000000e+00
1.104530e-01 -4.481270e-01 0.000000e+00
1.165900e-01 -4.730230e-01 0.000000e+00
1.227260e-01 -4.979190e-01 0.000000e+00
1.288620e-01 -5.228150e-01 0.000000e+00
1.349990e-01 -5.477110e-01 0.000000e+00
1.411350e-01 -5.726070e-01 0.000000e+00
1.472710e-01 -5.975030e-01 0.000000e+00
1.534070e-01 -6.223990e-01 0.000000e+00
1.595440e-01 -6.472950e-01 0.000000e+00
1.656800e-01 -6.721900e-01 0.000000e+00
1.718160e-01 -6.970860e-01 0.000000e+00
1.779530e-01 -7.219820e-01 0.000000e+00
1.840890e-01 -7.468780e-01 0.000000e+00
1.902250e-01 -7.717740e-01 0.000000e+00
1.963620e-01 -7.966700e-01 0.000000e+00
2.024980e-01 -8.215660e-01 0.000000e+00
2.086340e-01 -8.464620e-01 0.000000e+00
2.147700e-01 -8.713580e-01 0.000000e+00
2.209070e-01 -8.962540e-01 0.000000e+00
2.270430e-01 -9.211500e-01 0.000000e+00
2.331790e-01 -9.460460e-01 0.000000e+00
2.393160e-01 -9.709420e-01 0.000000e+00
0.000000e+00 -0.000000e+00 0.000000e+00
7.628280e-03 -2.448000e-02 0.000000e+00
1.525660e-02 -4.896000e-02 0.000000e+00
2.288490e-02 -7.344010e-02 0.000000e+00
3.051310e-02 -9.792010e-02 0.000000e+00
3.814140e-02 -1.224000e-01 0.000000e+00
4.576970e-02 -1.468800e-01 0.000000e+00
5.339800e-02 -1.713600e-01 0.000000e+00
6.102630e-02 -1.958400e-01 0.000000e+00
6.865460e-02 -2.203200e-01 0.000000e+00
7.628280e-02 -2.448000e-01 0.000000e+00
8.391110e-02 -2.692800e-01 0.000000e+00
9.153940e-02 -2.937600e-01 0.000000e+00
9.916770e-02 -3.182400e-01 0.000000e+00
1.067960e-01 -3.427200e-01 0.000000e+00
1.144240e-01 -3.672000e-01 0.000000e+00
1.220530e-01 -3.916800e-01 0.000000e+00
1.296810e-01 -4.161600e-01 0.000000e+00
1.373090e-01 -4.406400e-01 0.000000e+00
1.449370e-01 -4.651200e-01 0.000000e+00
1.525660e-01 -4.896000e-01 0.000000e+00
1.601940e-01 -5.140800e-01 0.000000e+00
1.678220e-01 -5.385600e-01 0.000000e+00
1.754510e-01 -5.630410e-01 0.000000e+00
1.830790e-01 -5.875210e-01 0.000000e+00
1.907070e-01 -6.120010e-01 0.000000e+00
1.983350e-01 -6.364810e-01 0.000000e+00
2.059640e-01 -6.609610e-01 0.000000e+00
2.135920e-01 -6.854410e-01 0.000000e+00
2.212200e-01 -7.099210e-01 0.000000e+00
2.288490e-01 -7.344010e-01 0.000000e+00
2.364770e-01 -7.588810e-01 0.000000e+00
2.441050e-01 -7.833610e-01 0.000000e+00
2.517330e-01 -8.078410e-01 0.000000e+00
2.593620e-01 -8.323210e-01 0.000000e+00
2.669900e-01 -8.568010e-01 0.000000e+00
2.746180e-01 -8.812810e-01 0.000000e+00
2.822460e-01 -9.057610e-01 0.000000e+00
2.898750e-01 -9.302410e-01 0.000000e+00
2.975030e-01 -9.547210e-01 0.000000e+00
0.000000e+00 -0.000000e+00 0.000000e+00
9.092430e-03 -2.397480e-02 0.000000e+00
1.818490e-02 -4.794960e-02 0.000000e+00
2.727730e-02 -7.192430e-02 0.000000e+00
3.636970e-02 -9.589910e-02 0.000000e+00
4.546220e-02 -1.198740e-01 0.000000e+00
5.455460e-02 -1.438490e-01 0.000000e+00
6.364700e-02 -1.678230e-01 0.000000e+00
7.273950e-02 -1.917980e-01 0.000000e+00
8.183190e-02 -2.157730e-01 0.000000e+00
9.092430e-02 -2.397480e-01 0.000000e+00
1.000170e-01 -2.637230e-01 0.000000e+00
1.091090e-01 -2.876970e-01 0.000000e+00
1.182020e-01 -3.116720e-01 0.000000e+00
1.272940e-01 -3.356470e-01 0.000000e+00
1.363860e-01 -3.596220e-01 0.000000e+00
1.454790e-01 -3.835960e-01 0.000000e+00
1.545710e-01 -4.075710e-01 0.000000e+00
1.636640e-01 -4.315460e-01 0.000000e+00
1.727560e-01 -4.555210e-01 0.000000e+00
1.818490e-01 -4.794960e-01 0.000000e+00
1.909410e-01 -5.034700e-01 0.000000e+00
2.000340e-01 -5.274450e-01 0.000000e+00
2.091260e-01 -5.514200e-01 0.000000e+00
2.182180e-01 -5.753950e-01 0.000000e+00
2.273110e-01 -5.993690e-01 0.000000e+00
2.364030e-01 -6.233440e-01 0.000000e+00
2.454960e-01 -6.473190e-01 0.000000e+00
2.545880e-01 -6.712940e-01 0.000000e+00
2.636810e-01 -6.952680e-01 0.000000e+00
2.727730e-01 -7.192430e-01 0.000000e+00
2.818650e-01 -7.432180e-01 0.000000e+00
2.909580e-01 -7.671930e-01 0.000000e+00
3.000500e-01 -7.911680e-01 0.000000e+00
3.091430e-01 -8.151420e-01 0.000000e+00
3.182350e-01 -8.391170e-01 0.000000e+00
3.273280e-01 -8.630920e-01 0.000000e+00
3.364200e-01 -8.870670e-01 0.000000e+00
3.455120e-01 -9.110410e-01 0.000000e+00
3.546050e-01 -9.350160e-01 0.000000e+00
0.000000e+00 -0.000000e+00 0.000000e+00
1.052340e-02 -2.338200e-02 0.000000e+00
2.104680e-02 -4.676410e-02 0.000000e+00
3.157020e-02 -7.014610e-02 0.000000e+00
4.209360e-02 -9.352820e-02 0.000000e+00
5.261700e-02 -1.169100e-01 0.000000e+00
6.314040e-02 -1.402920e-01 0.000000e+00
7.366380e-02 -1.636740e-01 0.000000e+00
8.418720e-02 -1.870560e-01 0.000000e+00
9.471060e-02 -2.104380e-01 0.000000e+00
1.052340e-01 -2.338200e-01 0.000000e+00
1.157570e-01 -2.572030e-01 0.000000e+00
1.262810e-01 -2.805850e-01 0.000000e+00
1.368040e-01 -3.039670e-01 0.000000e+00
1.473280e-01 -3.273490e-01 0.000000e+00
1.578510e-01 -3.507310e-01 0.000000e+00
1.683740e-01 -3.741130e-01 0.000000e+00
1.788980e-01 -3.974950e-01 0.000000e+00
1.894210e-01 -4.208770e-01 0.000000e+00
1.999450e-01 -4.442590e-01 0.000000e+00
2.104680e-01 -4.676410e-01 0.000000e+00
2.209920e-01 -4.910230e-01 0.000000e+00
2.315150e-01 -5.144050e-01 0.000000e+00
2.420380e-01 -5.377870e-01 0.000000e+00
2.525620e-01 -5.611690e-01 0.000000e+00
2.630850e-01 -5.845510e-01 0.000000e+00
2.736090e-01 -6.079330e-01 0.000000e+00
2.841320e-01 -6.313150e-01 0.000000e+00
2.946550e-01 -6.546970e-01 0.000000e+00
3.051790e-01 -6.780790e-01 0.000000e+00
3.157020e-01 -7.014610e-01 0.000000e+00
3.262260e-01 -7.248430e-01 0.000000e+00
3.367490e-01 -7.482260e-01 0.000000e+00
3.472720e-01 -7.716080e-01 0.000000e+00
3.577960e-01 -7.949900e-01 0.000000e+00
3.683190e-01 -8.183720e-01 0.000000e+00
3.788430e-01 -8.417540e-01 0.000000e+00
3.893660e-01 -8.651360e-01 0.000000e+00
3.998890e-01 -8.885180e-01 0.000000e+00
4.104130e-01 -9.119000e-01 0.000000e+00
0.000000e+00 -0.000000e+00 0.000000e+00
1.191600e-02 -2.270400e-02 0.000000e+00
2.383200e-02 -4.540800e-02 0.000000e+00
3.574790e-02 -6.811200e-02 0.000000e+00
4.766390e-02 -9.081600e-02 0.000000e+00
5.957990e-02 -1.135200e-01 0.000000e+00
7.149590e-02 -1.362240e-01 0.000000e+00
8.341190e-02 -1.589280e-01 0.000000e+00
9.532780e-02 -1.816320e-01 0.000000e+00
1.072440e-01 -2.043360e-01 0.000000e+00
1.191600e-01 -2.270400e-01 0.000000e+00
1.310760e-01 -2.497440e-01 0.000000e+00
1.429920e-01 -2.724480e-01 0.000000e+00
1.549080e-01 -2.951520e-01 0.000000e+00
1.668240e-01 -3.178560e-01 0.000000e+00
1.787400e-01 -3.405600e-01 0.000000e+00
1.906560e-01 -3.632640e-01 0.000000e+00
2.025720e-01 -3.859680e-01 0.000000e+00
2.144880e-01 -4.086720e-01 0.000000e+00
2.264040e-01 -4.313760e-01 0.000000e+00
2.383200e-01 -4.540800e-01 0.000000e+00
2.502360e-01 -4.767840e-01 0.000000e+00
2.621520e-01 -4.994880e-01 0.000000e+00
2.740680e-01 -5.221920e-01 0.000000e+00
2.859830e-01 -5.448960e-01 0.000000e+00
2.978990e-01 -5.676000e-01 0.000000e+00
3.098150e-01 -5.903040e-01 0.000000e+00
3.217310e-01 -6.130080e-01 0.000000e+00
3.336470e-01 -6.357120e-01 0.000000e+00
3.455630e-01 -6.584160e-01 0.000000e+00
3.574790e-01 -6.811200e-01 0.000000e+00
3.693950e-01 -7.038240e-01 0.000000e+00
3.813110e-01 -7.265280e-01 0.000000e+00
3.932270e-01 -7.492320e-01 0.000000e+00
4.051430e-01 -7.719360e-01 0.000000e+00
4.170590e-01 -7.946400e-01 0.000000e+00
4.289750e-01 -8.173440e-01 0.000000e+00
4.408910e-01 -8.400480e-01 0.000000e+00
4.528070e-01 -8.627520e-01 0.000000e+00
4.647230e-01 -8.854560e-01 0.000000e+00
0.000000e+00 -0.000000e+00 0.000000e+00
1.326510e-02 -2.194310e-02 0.000000e+00
2.653010e-02 -4.388620e-02 0.000000e+00
3.979520e-02 -6.582930e-02 0.000000e+00
5.306030e-02 -8.777240e-02 0.000000e+00
6.632540e-02 -1.097160e-01 0.000000e+00
7.959040e-02 -1.316590e-01 0.000000e+00
9.285550e-02 -1.536020e-01 0.000000e+00
1.061210e-01 -1.755450e-01 0.000000e+00
1.193860e-01 -1.974880e-01 0.000000e+00
1.326510e-01 -2.194310e-01 0.000000e+00
1.459160e-01 -2.413740e-01 0.000000e+00
1.591810e-01 -2.633170e-01 0.000000e+00
1.724460e-01 -2.852600e-01 0.000000e+00
1.857110e-01 -3.072040e-01 0.000000e+00
1.989760e-01 -3.291470e-01 0.000000e+00
2.122410e-01 -3.510900e-01 0.000000e+00
2.255060e-01 -3.730330e-01 0.000000e+00
2.387710e-01 -3.949760e-01 0.000000e+00
2.520360e-01 -4.169190e-01 0.000000e+00
2.653010e-01 -4.388620e-01 0.000000e+00
2.785670e-01 -4.608050e-01 0.000000e+00
2.918320e-01 -4.827480e-01 0.000000e+00
3.050970e-01 -5.046920e-01 0.000000e+00
3.183620e-01 -5.266350e-01 0.000000e+00
3.316270e-01 -5.485780e-01 0.000000e+00
3.448920e-01 -5.705210e-01 0.000000e+00
3.581570e-01 -5.924640e-01 0.000000e+00
3.714220e-01 -6.144070e-01 0.000000e+00
3.846870e-01 -6.363500e-01 0.000000e+00
3.979520e-01 -6.582930e-01 0.000000e+00
4.112170e-01 -6.802360e-01 0.000000e+00
4.244820e-01 -7.021800e-01 0.000000e+00
4.377470e-01 -7.241230e-01 0.000000e+00
4.510120e-01 -7.460660e-01 0.000000e+00
4.642780e-01 -7.680090e-01 0.000000e+00
4.775430e-01 -7.899520e-01 0.000000e+00
4.908080e-01 -8.118950e-01 0.000000e+00
5.040730e-01 -8.338380e-01 0.000000e+00
5.173380e-01 -8.557810e-01 0.000000e+00
0.000000e+00 -0.000000e+00 0.000000e+00
1.456580e-02 -2.110220e-02 0.000000e+00
2.913150e-02 -4.220430e-02 0.000000e+00
4.369730e-02 -6.330650e-02 0.000000e+00
5.826310e-02 -8.440860e-02 0.000000e+00
7.282880e-02 -1.055110e-01 0.000000e+00
8.739460e-02 -1.266130e-01 0.000000e+00
1.019600e-01 -1.477150e-01 0.000000e+00
1.165260e-01 -1.688170e-01 0.000000e+00
1.310920e-01 -1.899190e-01 0.000000e+00
1.456580e-01 -2.110220e-01 0.000000e+00
1.602230e-01 -2.321240e-01 0.000000e+00
1.747890e-01 -2.532260e-01 0.000000e+00
1.893550e-01 -2.743280e-01 0.000000e+00
2.039210e-01 -2.954300e-01 0.000000e+00
2.184860e-01 -3.165320e-01 0.000000e+00
2.330520e-01 -3.376340e-01 0.000000e+00
2.476180e-01 -3.587370e-01 0.000000e+00
2.621840e-01 -3.798390e-01 0.000000e+00
2.767490e-01 -4.009410e-01 0.000000e+00
2.913150e-01 -4.220430e-01 0.000000e+00
3.058810e-01 -4.431450e-01 0.000000e+00
3.204470e-01 -4.642470e-01 0.000000e+00
3.350130e-01 -4.853490e-01 0.000000e+00
3.495780e-01 -5.064520e-01 0.000000e+00
3.641440e-01 -5.275540e-01 0.000000e+00
3.787100e-01 -5.486560e-01 0.000000e+00
3.932760e-01 -5.697580e-01 0.000000e+00
4.078410e-01 -5.908600e-01 0.000000e+00
4.224070e-01 -6.119620e-01 0.000000e+00
4.369730e-01 -6.330650e-01 0.000000e+00
4.515390e-01 -6.541670e-01 0.000000e+00
4.661040e-01 -6.752690e-01 0.000000e+00
4.806700e-01 -6.963710e-01 0.000000e+00
4.952360e-01 -7.174730e-01 0.000000e+00
5.098020e-01 -7.385750e-01 0.000000e+00
5.243670e-01 -7.596770e-01 0.000000e+00
5.389330e-01 -7.807800e-01 0.000000e+00
5.534990e-01 -8.018820e-01 0.000000e+00
5.680650e-01 -8.229840e-01 0.000000e+00
0.000000e+00 -0.000000e+00 0.000000e+00
1.581330e-02 -2.018420e-02 0.000000e+00
3.162660e-02 -4.036840e-02 0.000000e+00
4.743990e-02 -6.055260e-02 0.000000e+00
6.325320e-02 -8.073680e-02 0.000000e+00
7.906650e-02 -1.009210e-01 0.000000e+00
9.487980e-02 -1.211050e-01 0.000000e+00
1.106930e-01 -1.412890e-01 0.000000e+00
1.265060e-01 -1.614740e-01 0.000000e+00
1.423200e-01 -1.816580e-01 0.000000e+00
1.581330e-01 -2.018420e-01 0.000000e+00
1.739460e-01 -2.220260e-01 0.000000e+00
1.897600e-01 -2.422100e-01 0.000000e+00
2.055730e-01 -2.623940e-01 0.000000e+00
2.213860e-01 -2.825790e-01 0.000000e+00
2.372000e-01 -3.027630e-01 0.000000e+00
2.530130e-01 -3.229470e-01 0.000000e+00
2.688260e-01 -3.431310e-01 0.000000e+00
2.846390e-01 -3.633150e-01 0.000000e+00
3.004530e-01 -3.835000e-01 0.000000e+00
3.162660e-01 -4.036840e-01 0.000000e+00
3.320790e-01 -4.238680e-01 0.000000e+00
3.478930e-01 -4.440520e-01 0.000000e+00
3.637060e-01 -4.642360e-01 0.000000e+00
3.795190e-01 -4.844210e-01 0.000000e+00
3.953330e-01 -5.046050e-01 0.000000e+00
4.111460e-01 -5.247890e-01 0.000000e+00
4.269590e-01 -5.449730e-01 0.000000e+00
4.427730e-01 -5.651570e-01 0.000000e+00
4.585860e-01 -5.853420e-01 0.000000e+00
4.743990e-01 -6.055260e-01 0.000000e+00
4.902120e-01 -6.257100e-01 0.000000e+00
5.060260e-01 -6.458940e-01 0.000000e+00
5.218390e-01 -6.660780e-01 0.000000e+00
5.376520e-01 -6.862630e-01 0.000000e+00
5.534660e-01 -7.064470e-01 0.000000e+00
5.692790e-01 -7.266310e-01 0.000000e+00
5.850920e-01 -7.468150e-01 0.000000e+00
6.009060e-01 -7.669990e-01 0.000000e+00
6.167190e-01 -7.871830e-01 0.000000e+00
0.000000e+00 -0.000000e+00 0.000000e+00
1.700310e-02 -1.919260e-02 0.000000e+00
3.400630e-02 -3.838520e-02 0.000000e+00
5.100940e-02 -5.757770e-02 0.000000e+00
6.801260e-02 -7.677030e-02 0.000000e+00
8.501570e-02 -9.596290e-02 0.000000e+00
1.020190e-01 -1.151550e-01 0.000000e+00
1.190220e-01 -1.343480e-01 0.000000e+00
1.360250e-01 -1.535410e-01 0.000000e+00
1.530280e-01 -1.727330e-01 0.000000e+00
1.700310e-01 -1.919260e-01 0.000000e+00
1.870350e-01 -2.111180e-01 0.000000e+00
2.040380e-01 -2.303110e-01 0.000000e+00
2.210410e-01 -2.495040e-01 0.000000e+00
2.380440e-01 -2.686960e-01 0.000000e+00
2.550470e-01 -2.878890e-01 0.000000e+00
2.720500e-01 -3.070810e-01 0.000000e+00
2.890530e-01 -3.262740e-01 0.000000e+00
3.060570e-01 -3.454660e-01 0.000000e+00
3.230600e-01 -3.646590e-01 0.000000e+00
3.400630e-01 -3.838520e-01 0.000000e+00
3.570660e-01 -4.030440e-01 0.000000e+00
3.740690e-01 -4.222370e-01 0.000000e+00
3.910720e-01 -4.414290e-01 0.000000e+00
4.080750e-01 -4.606220e-01 0.000000e+00
4.250790e-01 -4.798150e-01 0.000000e+00
4.420820e-01 -4.990070e-01 0.000000e+00
4.590850e-01 -5.182000e-01 0.000000e+00
4.760880e-01 -5.373920e-01 0.000000e+00
4.930910e-01 -5.565850e-01 0.000000e+00
5.100940e-01 -5.757770e-01 0.000000e+00
5.270970e-01 -5.949700e-01 0.000000e+00
5.441010e-01 -6.141630e-01 0.000000e+00
5.611040e-01 -6.333550e-01 0.000000e+00
5.781070e-01 -6.525480e-01 0.000000e+00
5.951100e-01 -6.717400e-01 0.000000e+00
6.121130e-01 -6.909330e-01 0.000000e+00
6.291160e-01 -7.101260e-01 0.000000e+00
6.461200e-01 -7.293180e-01 0.000000e+00
6.631230e-01 -7.485110e-01 0.000000e+00
0.000000e+00 -0.000000e+00 0.000000e+00
1.813090e-02 -1.813090e-02 0.000000e+00
3.626190e-02 -3.626190e-02 0.000000e+00
5.439280e-02 -5.439280e-02 0.000000e+00
7.252380e-02 -7.252380e-02 0.000000e+00
9.065470e-02 -9.065470e-02 0.000000e+00
1.087860e-01 -1.087860e-01 0.000000e+00
1.269170e-01 -1.269170e-01 0.000000e+00
1.450480e-01 -1.450480e-01 0.000000e+00
1.631780e-01 -1.631780e-01 0.000000e+00
1.813090e-01 -1.813090e-01 0.000000e+00
1.994400e-01 -1.994400e-01 0.000000e+00
2.175710e-01 -2.175710e-01 0.000000e+00
2.357020e-01 -2.357020e-01 0.000000e+00
2.538330e-01 -2.538330e-01 0.000000e+00
2.719640e-01 -2.719640e-01 0.000000e+00
2.900950e-01 -2.900950e-01 0.000000e+00
3.082260e-01 -3.082260e-01 0.000000e+00
3.263570e-01 -3.263570e-01 0.000000e+00
3.444880e-01 -3.444880e-01 0.000000e+00
3.626190e-01 -3.626190e-01 0.000000e+00
3.807500e-01 -3.807500e-01 0.000000e+00
3.988810e-01 -3.988810e-01 0.000000e+00
4.170120e-01 -4.170120e-01 0.000000e+00
4.351430e-01 -4.351430e-01 0.000000e+00
4.532740e-01 -4.532740e-01 0.000000e+00
4.714050e-01 -4.714050e-01 0.000000e+00
4.895350e-01 -4.895350e-01 0.000000e+00
5.076660e-01 -5.076660e-01 0.000000e+00
5.257970e-01 -5.257970e-01 0.000000e+00
5.439280e-01 -5.439280e-01 0.000000e+00
5.620590e-01 -5.620590e-01 0.000000e+00
5.801900e-01 -5.801900e-01 0.000000e+00
5.983210e-01 -5.983210e-01 0.000000e+00
6.164520e-01 -6.164520e-01 0.000000e+00
6.345830e-01 -6.345830e-01 0.000000e+00
6.527140e-01 -6.527140e-01 0.000000e+00
6.708450e-01 -6.708450e-01 0.000000e+00
6.889760e-01 -6.889760e-01 0.000000e+00
7.071070e-01 -7.071070e-01 0.000000e+00
0.000000e+00 -0.000000e+00 0.000000e+00
1.919260e-02 -1.700310e-02 0.000000e+00
3.838520e-02 -3.400630e-02 0.000000e+00
5.757770e-02 -5.100940e-02 0.000000e+00
7.677030e-02 -6.801260e-02 0.000000e+00
9.596290e-02 -8.501570e-02 0.000000e+00
1.151550e-01 -1.020190e-01 0.000000e+00
1.343480e-01 -1.190220e-01 0.000000e+00
1.535410e-01 -1.360250e-01 0.000000e+00
1.727330e-01 -1.530280e-01 0.000000e+00
1.919260e-01 -1.700310e-01 0.000000e+00
2.111180e-01 -1.870350e-01 0.000000e+00
2.303110e-01 -2.040380e-01 0.000000e+00
2.495040e-01 -2.210410e-01 0.000000e+00
2.686960e-01 -2.380440e-01 0.000000e+00
2.878890e-01 -2.550470e-01 0.000000e+00
3.070810e-01 -2.720500e-01 0.000000e+00
3.262740e-01 -2.890530e-01 0.000000e+00
3.454660e-01 -3.060570e-01 0.000000e+00
3.646590e-01 -3.230600e-01 0.000000e+00
3.838520e-01 -3.400630e-01 0.000000e+00
4.030440e-01 -3.570660e-01 0.000000e+00
4.222370e-01 -3.740690e-01 0.000000e+00
4.414290e-01 -3.910720e-01 0.000000e+00
4.606220e-01 -4.080750e-01 0.000000e+00
4.798150e-01 -4.250790e-01 0.000000e+00
4.990070e-01 -4.420820e-01 0.000000e+00
5.182000e-01 -4.590850e-01 0.000000e+00
5.373920e-01 -4.760880e-01 0.000000e+00
5.565850e-01 -4.930910e-01 0.000000e+00
5.757770e-01 -5.100940e-01 0.000000e+00
5.949700e-01 -5.270970e-01 0.000000e+00
6.141630e-01 -5.441010e-01 0.000000e+00
6.333550e-01 -5.611040e-01 0.000000e+00
6.525480e-01 -5.781070e-01 0.000000e+00
6.717400e-01 -5.951100e-01 0.000000e+00
6.909330e-01 -6.121130e-01 0.000000e+00
7.101260e-01 -6.291160e-01 0.000000e+00
7.293180e-01 -6.461200e-01 0.000000e+00
7.485110e-01 -6.631230e-01 0.000000e+00
0.000000e+00 -0.000000e+00 0.000000e+00
2.018420e-02 -1.581330e-02 0.000000e+00
4.036840e-02 -3.162660e-02 0.000000e+00
6.055260e-02 -4.743990e-02 0.000000e+00
8.073680e-02 -6.325320e-02 0.000000e+00
1.009210e-01 -7.906650e-02 0.000000e+00
1.211050e-01 -9.487980e-02 0.000000e+00
1.412890e-01 -1.106930e-01 0.000000e+00
1.614740e-01 -1.265060e-01 0.000000e+00
1.816580e-01 -1.423200e-01 0.000000e+00
2.018420e-01 -1.581330e-01 0.000000e+00
2.220260e-01 -1.739460e-01 0.000000e+00
2.422100e-01 -1.897600e-01 0.000000e+00
2.623940e-01 -2.055730e-01 0.000000e+00
2.825790e-01 -2.213860e-01 0.000000e+00
3.027630e-01 -2.372000e-01 0.000000e+00
3.229470e-01 -2.530130e-01 0.000000e+00
3.431310e-01 -2.688260e-01 0.000000e+00
3.633150e-01 -2.846390e-01 0.000000e+00
3.835000e-01 -3.004530e-01 0.000000e+00
4.036840e-01 -3.162660e-01 0.000000e+00
4.238680e-01 -3.320790e-01 0.000000e+00
4.440520e-01 -3.478930e-01 0.000000e+00
4.642360e-01 -3.637060e-01 0.000000e+00
4.844210e-01 -3.795190e-01 0.000000e+00
5.046050e-01 -3.953330e-01 0.000000e+00
5.247890e-01 -4.111460e-01 0.000000e+00
5.449730e-01 -4.269590e-01 0.000000e+00
5.651570e-01 -4.427730e-01 0.000000e+00
5.853420e-01 -4.585860e-01 0.000000e+00
6.055260e-01 -4.743990e-01 0.000000e+00
6.257100e-01 -4.902120e-01 0.000000e+00
6.458940e-01 -5.060260e-01 0.000000e+00
6.660780e-01 -5.218390e-01 0.000000e+00
6.862630e-01 -5.376520e-01 0.000000e+00
7.064470e-01 -5.534660e-01 0.000000e+00
7.266310e-01 -5.692790e-01 0.000000e+00
7.468150e-01 -5.850920e-01 0.000000e+00
7.669990e-01 -6.009060e-01 0.000000e+00
7.871830e-01 -6.167190e-01 0.000000e+00
0.000000e+00 -0.000000e+00 0.000000e+00
2.110220e-02 -1.456580e-02 0.000000e+00
4.220430e-02 -2.913150e-02 0.000000e+00
6.330650e-02 -4.369730e-02 0.000000e+00
8.440860e-02 -5.826310e-02 0.000000e+00
1.055110e-01 -7.282880e-02 0.000000e+00
1.266130e-01 -8.739460e-02 0.000000e+00
1.477150e-01 -1.019600e-01 0.000000e+00
1.688170e-01 -1.165260e-01 0.000000e+00
1.899190e-01 -1.310920e-01 0.000000e+00
2.110220e-01 -1.456580e-01 0.000000e+00
2.321240e-01 -1.602230e-01 0.000000e+00
2.532260e-01 -1.747890e-01 0.000000e+00
2.743280e-01 -1.893550e-01 0.000000e+00
2.954300e-01 -2.039210e-01 0.000000e+00
3.165320e-01 -2.184860e-01 0.000000e+00
3.376340e-01 -2.330520e-01 0.000000e+00
3.587370e-01 -2.476180e-01 0.000000e+00
3.798390e-01 -2.621840e-01 0.000000e+00
4.009410e-01 -2.767490e-01 0.000000e+00
4.220430e-01 -2.913150e-01 0.000000e+00
4.431450e-01 -3.058810e-01 0.000000e+00
4.642470e-01 -3.204470e-01 0.000000e+00
4.853490e-01 -3.350130e-01 0.000000e+00
5.064520e-01 -3.495780e-01 0.000000e+00
5.275540e-01 -3.641440e-01 0.000000e+00
5.486560e-01 -3.787100e-01 0.000000e+00
5.697580e-01 -3.932760e-01 0.000000e+00
5.908600e-01 -4.078410e-01 0.000000e+00
6.119620e-01 -4.224070e-01 0.000000e+00
6.330650e-01 -4.369730e-01 0.000000e+00
6.541670e-01 -4.515390e-01 0.000000e+00
6.752690e-01 -4.661040e-01 0.000000e+00
6.963710e-01 -4.806700e-01 0.000000e+00
7.174730e-01 -4.952360e-01 0.000000e+00
7.385750e-01 -5.098020e-01 0.000000e+00
7.596770e-01 -5.243670e-01 0.000000e+00
7.807800e-01 -5.389330e-01 0.000000e+00
8.018820e-01 -5.534990e-01 0.000000e+00
8.229840e-01 -5.680650e-01 0.000000e+00
0.000000e+00 -0.000000e+00 0.000000e+00
2.194310e-02 -1.326510e-02 0.000000e+00
4.388620e-02 -2.653010e-02 0.000000e+00
6.582930e-02 -3.979520e-02 0.000000e+00
8.777240e-02 -5.306030e-02 0.000000e+00
1.097160e-01 -6.632540e-02 0.000000e+00
1.316590e-01 -7.959040e-02 0.000000e+00
1.536020e-01 -9.285550e-02 0.000000e+00
1.755450e-01 -1.061210e-01 0.000000e+00
1.974880e-01 -1.193860e-01 0.000000e+00
2.194310e-01 -1.326510e-01 0.000000e+00
2.413740e-01 -1.459160e-01 0.000000e+00
2.633170e-01 -1.591810e-01 0.000000e+00
2.852600e-01 -1.724460e-01 0.000000e+00
3.072040e-01 -1.857110e-01 0.000000e+00
3.291470e-01 -1.989760e-01 0.000000e+00
3.510900e-01 -2.122410e-01 0.000000e+00
3.730330e-01 -2.255060e-01 0.000000e+00
3.949760e-01 -2.387710e-01 0.000000e+00
4.169190e-01 -2.520360e-01 0.000000e+00
4.388620e-01 -2.653010e-01 0.000000e+00
4.608050e-01 -2.785670e-01 0.000000e+00
4.827480e-01 -2.918320e-01 0.000000e+00
5.046920e-01 -3.050970e-01 0.000000e+00
5.266350e-01 -3.183620e-01 0.000000e+00
5.485780e-01 -3.316270e-01 0.000000e+00
5.705210e-01 -3.448920e-01 0.000000e+00
5.924640e-01 -3.581570e-01 0.000000e+00
6.144070e-01 -3.714220e-01 0.000000e+00
6.363500e-01 -3.846870e-01 0.000000e+00
6.582930e-01 -3.979520e-01 0.000000e+00
6.802360e-01 -4.112170e-01 0.000000e+00
7.021800e-01 -4.244820e-01 0.000000e+00
7.241230e-01 -4.377470e-01 0.000000e+00
7.460660e-01 -4.510120e-01 0.000000e+00
7.680090e-01 -4.642780e-01 0.000000e+00
7.899520e-01 -4.775430e-01 0.000000e+00
8.118950e-01 -4.908080e-01 0.000000e+00
8.338380e-01 -5.040730e-01 0.000000e+00
8.557810e-01 -5.173380e-01 0.000000e+00
0.000000e+00 -0.000000e+00 0.000000e+00
2.270400e-02 -1.191600e-02 0.000000e+00
4.540800e-02 -2.383200e-02 0.000000e+00
6.811200e-02 -3.574790e-02 0.000000e+00
9.081600e-02 -4.766390e-02 0.000000e+00
1.135200e-01 -5.957990e-02 0.000000e+00
1.362240e-01 -7.149590e-02 0.000000e+00
1.589280e-01 -8.341190e-02 0.000000e+00
1.816320e-01 -9.532780e-02 0.000000e+00
2.043360e-01 -1.072440e-01 0.000000e+00
2.270400e-01 -1.191600e-01 0.000000e+00
2.497440e-01 -1.310760e-01 0.000000e+00
2.724480e-01 -1.429920e-01 0.000000e+00
2.951520e-01 -1.549080e-01 0.000000e+00
3.178560e-01 -1.668240e-01 0.000000e+00
3.405600e-01 -1.787400e-01 0.000000e+00
3.632640e-01 -1.906560e-01 0.000000e+00
3.859680e-01 -2.025720e-01 0.000000e+00
4.086720e-01 -2.144880e-01 0.000000e+00
4.313760e-01 -2.264040e-01 0.000000e+00
4.540800e-01 -2.383200e-01 0.000000e+00
4.767840e-01 -2.502360e-01 0.000000e+00
4.994880e-01 -2.621520e-01 0.000000e+00
5.221920e-01 -2.740680e-01 0.000000e+00
5.448960e-01 -2.859830e-01 0.000000e+00
5.676000e-01 -2.978990e-01 0.000000e+00
5.903040e-01 -3.098150e-01 0.000000e+00
6.130080e-01 -3.217310e-01 0.000000e+00
6.357120e-01 -3.336470e-01 0.000000e+00
6.584160e-01 -3.455630e-01 0.000000e+00
6.811200e-01 -3.574790e-01 0.000000e+00
7.038240e-01 -3.693950e-01 0.000000e+00
7.265280e-01 -3.813110e-01 0.000000e+00
7.492320e-01 -3.932270e-01 0.000000e+00
7.719360e-01 -4.051430e-01 0.000000e+00
7.946400e-01 -4.170590e-01 0.000000e+00
8.173440e-01 -4.289750e-01 0.000000e+00
8.400480e-01 -4.408910e-01 0.000000e+00
8.627520e-01 -4.528070e-01 0.000000e+00
8.854560e-01 -4.647230e-01 0.000000e+00
0.000000e+00 -0.000000e+00 0.000000e+00
2.338200e-02 -1.052340e-02 0.000000e+00
4.676410e-02 -2.104680e-02 0.000000e+00
7.014610e-02 -3.157020e-02 0.000000e+00
9.352820e-02 -4.209360e-02 0.000000e+00
1.169100e-01 -5.261700e-02 0.000000e+00
1.402920e-01 -6.314040e-02 0.000000e+00
1.636740e-01 -7.366380e-02 0.000000e+00
1.870560e-01 -8.418720e-02 0.000000e+00
2.104380e-01 -9.471060e-02 0.000000e+00
2.338200e-01 -1.052340e-01 0.000000e+00
2.572030e-01 -1.157570e-01 0.000000e+00
2.805850e-01 -1.262810e-01 0.000000e+00
3.039670e-01 -1.368040e-01 0.000000e+00
3.273490e-01 -1.473280e-01 0.000000e+00
3.507310e-01 -1.578510e-01 0.000000e+00
3.741130e-01 -1.683740e-01 0.000000e+00
3.974950e-01 -1.788980e-01 0.000000e+00
4.208770e-01 -1.894210e-01 0.000000e+00
4.442590e-01 -1.999450e-01 0.000000e+00
4.676410e-01 -2.104680e-01 0.000000e+00
4.910230e-01 -2.209920e-01 0.000000e+00
5.144050e-01 -2.315150e-01 0.000000e+00
5.377870e-01 -2.420380e-01 0.000000e+00
5.611690e-01 -2.525620e-01 0.000000e+00
5.845510e-01 -2.630850e-01 0.000000e+00
6.079330e-01 -2.736090e-01 0.000000e+00
6.313150e-01 -2.841320e-01 0.000000e+00
6.546970e-01 -2.946550e-01 0.000000e+00
6.780790e-01 -3.051790e-01 0.000000e+00
7.014610e-01 -3.157020e-01 0.000000e+00
7.248430e-01 -3.262260e-01 0.000000e+00
7.482260e-01 -3.367490e-01 0.000000e+00
7.716080e-01 -3.472720e-01 0.000000e+00
7.949900e-01 -3.577960e-01 0.000000e+00
8.183720e-01 -3.683190e-01 0.000000e+00
8.417540e-01 -3.788430e-01 0.000000e+00
8.651360e-01 -3.893660e-01 0.000000e+00
8.885180e-01 -3.998890e-01 0.000000e+00
9.119000e-01 -4.104130e-01 0.000000e+00
0.000000e+00 -0.000000e+00 0.000000e+00
2.397480e-02 -9.092430e-03 0.000000e+00
4.794960e-02 -1.818490e-02 0.000000e+00
7.192430e-02 -2.727730e-02 0.000000e+00
9.589910e-02 -3.636970e-02 0.000000e+00
1.198740e-01 -4.546220e-02 0.000000e+00
1.438490e-01 -5.455460e-02 0.000000e+00
1.678230e-01 -6.364700e-02 0.000000e+00
1.917980e-01 -7.273950e-02 0.000000e+00
2.157730e-01 -8.183190e-02 0.000000e+00
2.397480e-01 -9.092430e-02 0.000000e+00
2.637230e-01 -1.000170e-01 0.000000e+00
2.876970e-01 -1.091090e-01 0.000000e+00
3.116720e-01 -1.182020e-01 0.000000e+00
3.356470e-01 -1.272940e-01 0.000000e+00
3.596220e-01 -1.363860e-01 0.000000e+00
3.835960e-01 -1.454790e-01 0.000000e+00
4.075710e-01 -1.545710e-01 0.000000e+00
4.315460e-01 -1.636640e-01 0.000000e+00
4.555210e-01 -1.727560e-01 0.000000e+00
4.794960e-01 -1.818490e-01 0.000000e+00
5.034700e-01 -1.909410e-01 0.000000e+00
5.274450e-01 -2.000340e-01 0.000000e+00
5.514200e-01 -2.091260e-01 0.000000e+00
5.753950e-01 -2.182180e-01 0.000000e+00
5.993690e-01 -2.273110e-01 0.000000e+00
6.233440e-01 -2.364030e-01 0.000000e+00
6.473190e-01 -2.454960e-01 0.000000e+00
6.712940e-01 -2.545880e-01 0.000000e+00
6.952680e-01 -2.636810e-01 0.000000e+00
7.192430e-01 -2.727730e-01 0.000000e+00
7.432180e-01 -2.818650e-01 0.000000e+00
7.671930e-01 -2.909580e-01 0.000000e+00
7.911680e-01 -3.000500e-01 0.000000e+00
8.151420e-01 -3.091430e-01 0.000000e+00
8.391170e-01 -3.182350e-01 0.000000e+00
8.630920e-01 -3.273280e-01 0.000000e+00
8.870670e-01 -3.364200e-01 0.000000e+00
9.110410e-01 -3.455120e-01 0.000000e+00
9.350160e-01 -3.546050e-01 0.000000e+00
0.000000e+00 -0.000000e+00 0.000000e+00
2.448000e-02 -7.628280e-03 0.000000e+00
4.896000e-02 -1.525660e-02 0.000000e+00
7.344010e-02 -2.288490e-02 0.000000e+00
9.792010e-02 -3.051310e-02 0.000000e+00
1.224000e-01 -3.814140e-02 0.000000e+00
1.468800e-01 -4.576970e-02 0.000000e+00
1.713600e-01 -5.339800e-02 0.000000e+00
1.958400e-01 -6.102630e-02 0.000000e+00
2.203200e-01 -6.865460e-02 0.000000e+00
2.448000e-01 -7.628280e-02 0.000000e+00
2.692800e-01 -8.391110e-02 0.000000e+00
2.937600e-01 -9.153940e-02 0.000000e+00
3.182400e-01 -9.916770e-02 0.000000e+00
3.427200e-01 -1.067960e-01 0.000000e+00
3.672000e-01 -1.144240e-01 0.000000e+00
3.916800e-01 -1.220530e-01 0.000000e+00
4.161600e-01 -1.296810e-01 0.000000e+00
4.406400e-01 -1.373090e-01 0.000000e+00
4.651200e-01 -1.449370e-01 0.000000e+00
4.896000e-01 -1.525660e-01 0.000000e+00
5.140800e-01 -1.601940e-01 0.000000e+00
5.385600e-01 -1.678220e-01 0.000000e+00
5.630410e-01 -1.754510e-01 0.000000e+00
5.875210e-01 -1.830790e-01 0.000000e+00
6.120010e-01 -1.907070e-01 0.000000e+00
6.364810e-01 -1.983350e-01 0.000000e+00
6.609610e-01 -2.059640e-01 0.000000e+00
6.854410e-01 -2.135920e-01 0.000000e+00
7.099210e-01 -2.212200e-01 0.000000e+00
7.344010e-01 -2.288490e-01 0.000000e+00
7.588810e-01 -2.364770e-01 0.000000e+00
7.833610e-01 -2.441050e-01 0.000000e+00
8.078410e-01 -2.517330e-01 0.000000e+00
8.323210e-01 -2.593620e-01 0.000000e+00
8.568010e-01 -2.669900e-01 0.000000e+00
8.812810e-01 -2.746180e-01 0.000000e+00
9.057610e-01 -2.822460e-01 0.000000e+00
9.302410e-01 -2.898750e-01 0.000000e+00
9.547210e-01 -2.975030e-01 0.000000e+00
0.000000e+00 -0.000000e+00 0.000000e+00
2.489590e-02 -6.136300e-03 0.000000e+00
4.979190e-02 -1.227260e-02 0.000000e+00
7.468780e-02 -1.840890e-02 0.000000e+00
9.958380e-02 -2.454520e-02 0.000000e+00
1.244800e-01 -3.068150e-02 0.000000e+00
1.493760e-01 -3.681780e-02 0.000000e+00
1.742720e-01 -4.295410e-02 0.000000e+00
1.991680e-01 -4.909040e-02 0.000000e+00
2.240630e-01 -5.522670e-02 0.000000e+00
2.489590e-01 -6.136300e-02 0.000000e+00
2.738550e-01 -6.749930e-02 0.000000e+00
2.987510e-01 -7.363560e-02 0.000000e+00
3.236470e-01 -7.977190e-02 0.000000e+00
3.485430e-01 -8.590820e-02 0.000000e+00
3.734390e-01 -9.204450e-02 0.000000e+00
3.983350e-01 -9.818080e-02 0.000000e+00
4.232310e-01 -1.043170e-01 0.000000e+00
4.481270e-01 -1.104530e-01 0.000000e+00
4.730230e-01 -1.165900e-01 0.000000e+00
4.979190e-01 -1.227260e-01 0.000000e+00
5.228150e-01 -1.288620e-01 0.000000e+00
5.477110e-01 -1.349990e-01 0.000000e+00
5.726070e-01 -1.411350e-01 0.000000e+00
5.975030e-01 -1.472710e-01 0.000000e+00
6.223990e-01 -1.534070e-01 0.000000e+00
6.472950e-01 -1.595440e-01 0.000000e+00
6.721900e-01 -1.656800e-01 0.000000e+00
6.970860e-01 -1.718160e-01 0.000000e+00
7.219820e-01 -1.779530e-01 0.000000e+00
7.468780e-01 -1.840890e-01 0.000000e+00
7.717740e-01 -1.902250e-01 0.000000e+00
7.966700e-01 -1.963620e-01 0.000000e+00
8.215660e-01 -2.024980e-01 0.000000e+00
8.464620e-01 -2.086340e-01 0.000000e+00
8.713580e-01 -2.147700e-01 0.000000e+00
8.962540e-01 -2.209070e-01 0.000000e+00
9.211500e-01 -2.270430e-01 0.000000e+00
9.460460e-01 -2.331790e-01 0.000000e+00
9.709420e-01 -2.393160e-01 0.000000e+00
0.000000e+00 -0.000000e+00 0.000000e+00
2.522100e-02 -4.621920e-03 0.000000e+00
5.044200e-02 -9.243850e-03 0.000000e+00
7.566310e-02 -1.386580e-02 0.000000e+00
1.008840e-01 -1.848770e-02 0.000000e+00
1.261050e-01 -2.310960e-02 0.000000e+00
1.513260e-01 -2.773150e-02 0.000000e+00
1.765470e-01 -3.235350e-02 0.000000e+00
2.017680e-01 -3.697540e-02 0.000000e+00
2.269890e-01 -4.159730e-02 0.000000e+00
2.522100e-01 -4.621920e-02 0.000000e+00
2.774310e-01 -5.084120e-02 0.000000e+00
3.026520e-01 -5.546310e-02 0.000000e+00
3.278730e-01 -6.008500e-02 0.000000e+00
3.530940e-01 -6.470690e-02 0.000000e+00
3.783150e-01 -6.932890e-02 0.000000e+00
4.035360e-01 -7.395080e-02 0.000000e+00
4.287570e-01 -7.857270e-02 0.000000e+00
4.539780e-01 -8.319460e-02 0.000000e+00
4.791990e-01 -8.781660e-02 0.000000e+00
5.044200e-01 -9.243850e-02 0.000000e+00
5.296410e-01 -9.706040e-02 0.000000e+00
5.548630e-01 -1.016820e-01 0.000000e+00
5.800840e-01 -1.063040e-01 0.000000e+00
6.053050e-01 -1.109260e-01 0.000000e+00
6.305260e-01 -1.155480e-01 0.000000e+00
6.557470e-01 -1.201700e-01 0.000000e+00
6.809680e-01 -1.247920e-01 0.000000e+00
7.061890e-01 -1.294140e-01 0.000000e+00
7.314100e-01 -1.340360e-01 0.000000e+00
7.566310e-01 -1.386580e-01 0.000000e+00
7.818520e-01 -1.432800e-01 0.000000e+00
8.070730e-01 -1.479020e-01 0.000000e+00
8.322940e-01 -1.525230e-01 0.000000e+00
8.575150e-01 -1.571450e-01 0.000000e+00
8.827360e-01 -1.617670e-01 0.000000e+00
9.079570e-01 -1.663890e-01 0.000000e+00
9.331780e-01 -1.710110e-01 0.000000e+00
9.583990e-01 -1.756330e-01 0.000000e+00
9.836200e-01 -1.802550e-01 0.000000e+00
0.000000e+00 -0.000000e+00 0.000000e+00
2.545410e-02 -3.090680e-03 0.000000e+00
5.090810e-02 -6.181370e-03 0.000000e+00
7.636220e-02 -9.272050e-03 0.000000e+00
1.018160e-01 -1.236270e-02 0.000000e+00
1.272700e-01 -1.545340e-02 0.000000e+00
1.527240e-01 -1.854410e-02 0.000000e+00
1.781790e-01 -2.163480e-02 0.000000e+00
2.036330e-01 -2.472550e-02 0.000000e+00
2.290870e-01 -2.781620e-02 0.000000e+00
2.545410e-01 -3.090680e-02 0.000000e+00
2.799950e-01 -3.399750e-02 0.000000e+00
3.054490e-01 -3.708820e-02 0.000000e+00
3.309030e-01 -4.017890e-02 0.000000e+00
3.563570e-01 -4.326960e-02 0.000000e+00
3.818110e-01 -4.636030e-02 0.000000e+00
4.072650e-01 -4.945090e-02 0.000000e+00
4.327190e-01 -5.254160e-02 0.000000e+00
4.581730e-01 -5.563230e-02 0.000000e+00
4.836270e-01 -5.872300e-02 0.000000e+00
5.090810e-01 -6.181370e-02 0.000000e+00
5.345360e-01 -6.490440e-02 0.000000e+00
5.599900e-01 -6.799510e-02 0.000000e+00
5.854440e-01 -7.108570e-02 0.000000e+00
6.108980e-01 -7.417640e-02 0.000000e+00
6.363520e-01 -7.726710e-02 0.000000e+00
6.618060e-01 -8.035780e-02 0.000000e+00
6.872600e-01 -8.344850e-02 0.000000e+00
7.127140e-01 -8.653920e-02 0.000000e+00
7.381680e-01 -8.962980e-02 0.000000e+00
7.636220e-01 -9.272050e-02 0.000000e+00
7.890760e-01 -9.581120e-02 0.000000e+00
8.145300e-01 -9.890190e-02 0.000000e+00
8.399840e-01 -1.019930e-01 0.000000e+00
8.654390e-01 -1.050830e-01 0.000000e+00
8.908930e-01 -1.081740e-01 0.000000e+00
9.163470e-01 -1.112650e-01 0.000000e+00
9.418010e-01 -1.143550e-01 0.000000e+00
9.672550e-01 -1.174460e-01 0.000000e+00
9.927090e-01 -1.205370e-01 0.000000e+00
0.000000e+00 -0.000000e+00 0.000000e+00
2.559420e-02 -1.548170e-03 0.000000e+00
5.118850e-02 -3.096330e-03 0.000000e+00
7.678270e-02 -4.644500e-03 0.000000e+00
1.023770e-01 -6.192670e-03 0.000000e+00
1.279710e-01 -7.740830e-03 0.000000e+00
1.535650e-01 -9.289000e-03 0.000000e+00
1.791600e-01 -1.083720e-02 0.000000e+00
2.047540e-01 -1.238530e-02 0.000000e+00
2.303480e-01 -1.393350e-02 0.000000e+00
2.559420e-01 -1.548170e-02 0.000000e+00
2.815370e-01 -1.702980e-02 0.000000e+00
3.071310e-01 -1.857800e-02 0.000000e+00
3.327250e-01 -2.012620e-02 0.000000e+00
3.583190e-01 -2.167430e-02 0.000000e+00
3.839140e-01 -2.322250e-02 0.000000e+00
4.095080e-01 -2.477070e-02 0.000000e+00
4.351020e-01 -2.631880e-02 0.000000e+00
4.606960e-01 -2.786700e-02 0.000000e+00
4.862910e-01 -2.941520e-02 0.000000e+00
5.118850e-01 -3.096330e-02 0.000000e+00
5.374790e-01 -3.251150e-02 0.000000e+00
5.630730e-01 -3.405970e-02 0.000000e+00
5.886680e-01 -3.560780e-02 0.000000e+00
6.142620e-01 -3.715600e-02 0.000000e+00
6.398560e-01 -3.870420e-02 0.000000e+00
6.654500e-01 -4.025230e-02 0.000000e+00
6.910450e-01 -4.180050e-02 0.000000e+00
7.166390e-01 -4.334870e-02 0.000000e+00
7.422330e-01 -4.489680e-02 0.000000e+00
7.678270e-01 -4.644500e-02 0.000000e+00
7.934220e-01 -4.799320e-02 0.000000e+00
8.190160e-01 -4.954130e-02 0.000000e+00
8.446100e-01 -5.108950e-02 0.000000e+00
8.702040e-01 -5.263770e-02 0.000000e+00
8.957990e-01 -5.418580e-02 0.000000e+00
9.213930e-01 -5.573400e-02 0.000000e+00
9.469870e-01 -5.728220e-02 0.000000e+00
9.725810e-01 -5.883030e-02 0.000000e+00
9.981760e-01 -6.037850e-02 0.000000e+00
0.000000e+00 0.000000e+00 0.000000e+00
2.564100e-02 1.649360e-17 0.000000e+00
5.128210e-02 3.298710e-17 0.000000e+00
7.692310e-02 4.948070e-17 0.000000e+00
1.025640e-01 6.597430e-17 0.000000e+00
1.282050e-01 8.246780e-17 0.000000e+00
1.538460e-01 9.896140e-17 0.000000e+00
1.794870e-01 1.154550e-16 0.000000e+00
2.051280e-01 1.319490e-16 0.000000e+00
2.307690e-01 1.484420e-16 0.000000e+00
2.564100e-01 1.649360e-16 0.000000e+00
2.820510e-01 1.814290e-16 0.000000e+00
3.076920e-01 1.979230e-16 0.000000e+00
3.333330e-01 2.144160e-16 0.000000e+00
3.589740e-01 2.309100e-16 0.000000e+00
3.846150e-01 2.474030e-16 0.000000e+00
4.102560e-01 2.638970e-16 0.000000e+00
4.358970e-01 2.803910e-16 0.000000e+00
4.615380e-01 2.968840e-16 0.000000e+00
4.871790e-01 3.133780e-16 0.000000e+00
5.128210e-01 3.298710e-16 0.000000e+00
5.384620e-01 3.463650e-16 0.000000e+00
5.641030e-01 3.628580e-16 0.000000e+00
5.897440e-01 3.793520e-16 0.000000e+00
6.153850e-01 3.958460e-16 0.000000e+00
6.410260e-01 4.123390e-16 0.000000e+00
6.666670e-01 4.288330e-16 0.000000e+00
6.923080e-01 4.453260e-16 0.000000e+00
7.179490e-01 4.618200e-16 0.000000e+00
7.435900e-01 4.783130e-16 0.000000e+00
7.692310e-01 4.948070e-16 0.000000e+00
7.948720e-01 5.113010e-16 0.000000e+00
8.205130e-01 5.277940e-16 0.000000e+00
8.461540e-01 5.442880e-16 0.000000e+00
8.717950e-01 5.607810e-16 0.000000e+00
8.974360e-01 5.772750e-16 0.000000e+00
9.230770e-01 5.937680e-16 0.000000e+00
9.487180e-01 6.102620e-16 0.000000e+00
9.743590e-01 6.267550e-16 0.000000e+00
1.000000e+00 6.432490e-16 0.000000e+00
</DataArray>
</Points>
<Cells>
<DataArray type="Int32" Name="connectivity" format="ascii">
0 1 41 40
1 2 42 41
2 3 43 42
3 4 44 43
4 5 45 44
5 6 46 45
6 7 47 46
7 8 48 47
8 9 49 48
9 10 50 49
10 11 51 50
11 12 52 51
12 13 53 52
13 14 54 53
14 15 55 54
15 16 56 55
16 17 57 56
17 18 58 57
18 19 59 58
19 20 60 59
20 21 61 60
21 22 62 61
22 23 63 62
23 24 64 63
24 25 65 64
25 26 66 65
26 27 67 66
27 28 68 67
28 29 69 68
29 30 70 69
30 31 71 70
31 32 72 71
32 33 73 72
33 34 74 73
34 35 75 74
35 36 76 75
36 37 77 76
37 38 78 77
38 39 79 78
40 41 81 80
41 42 82 81
42 43 83 82
43 44 84 83
44 45 85 84
45 46 86 85
46 47 87 86
47 48 88 87
48 49 89 88
49 50 90 89
50 51 91 90
51 52 92 91
52 53 93 92
53 54 94 93
54 55 95 94
55 56 96 95
56 57 97 96
57 58 98 97
58 59 99 98
59 60 100 99
60 61 101 100
61 62 102 101
62 63 103 102
63 64 104 103
64 65 105 104
65 66 106 105
66 67 107 106
67 68 108 107
68 69 109 108
69 70 110 109
70 71 111 110
71 72 112 111
72 73 113 112
73 74 114 113
74 75 115 114
75 76 116 115
76 77 117 116
77 78 118 117
78 79 119 118
80 81 121 120
81 82 122 121
82 83 123 122
83 84 124 123
84 85 125 124
85 86 126 125
86 87 127 126
87 88 128 127
88 89 129 128
89 90 130 129
90 91 131 130
91 92 132 131
92 93 133 132
93 94 134 133
94 95 135 134
95 96 136 135
96 97 137 136
97 98 138 137
98 99 139 138
99 100 140 139
100 101 141 140
101 102 142 141
102 103 143 142
103 104 144 143
104 105 145 144
105 106 146 145
106 107 147 146
107 108 148 147
108 109 149 148
109 110 150 149
110 111 151 150
111 112 152 151
112 113 153 152
113 114 154 153
114 115 155 154
115 116 156 155
116 117 157 156
117 118 158 157
118 119 159 158
120 121 161 160
121 122 162 161
122 123 163 162
123 124 164 163
124 125 165 164
125 126 166 165
126 127 167 166
127 128 168 167
128 129 169 168
129 130 170 169
130 131 171 170
131 132 172 171
132 133 173 172
133 134 174 173
134 135 175 174
135 136 176 175
136 137 177 176
137 138 178 177
138 139 179 178
139 140 180 179
140 141 181 180
141 142 182 181
142 143 183 182
143 144 184 183
144 145 185 184
145 146 186 185
146 147 187 186
147 148 188 187
148 149 189 188
149 150 190 189
150 151 191 190
151 152 192 191
152 153 193 192
153 154 194 193
154 155 195 194
155 156 196 195
156 157 197 196
157 158 198 197
158 159 199 198
160 161 201 200
161 162 202 201
162 163 203 202
163 164 204 203
164 165 205 204
165 166 206 205
166 167 207 206
167 168 208 207
168 169 209 208
169 170 210 209
170 171 211 210
171 172 212 211
172 173 213 212
173 174 214 213
174 175 215 214
175 176 216 215
176 177 217 216
177 178 218 217
178 179 219 218
179 180 220 219
180 181 221 220
181 182 222 221
182 183 223 222
183 184 224 223
184 185 225 224
185 186 226 225
186 187 227 226
187 188 228 227
188 189 229 228
189 190 230 229
190 191 231 230
191 192 232 231
192 193 233 232
193 194 234 233
194 195 235 234
195 196 236 235
196 197 237 236
197 198 238 237
198 199 239 238
200 201 241 240
201 202 242 241
202 203 243 242
203 204 244 243
204 205 245 244
205 206 246 245
206 207 247 246
207 208 248 247
208 209 249 248
209 210 250 249
210 211 251 250
211 212 252 251
212 213 253 252
213 214 254 253
214 215 255 254
215 216 256 255
216 217 257 256
217 218 258 257
218 219 259 258
219 220 260 259
220 221 261 260
221 222 262 261
222 223 263 262
223 224 264 263
224 225 265 264
225 226 266 265
226 227 267 266
227 228 268 267
228 229 269 268
229 230 270 269
230 231 271 270
231 232 272 271
232 233 273 272
233 234 274 273
234 235 275 274
235 236 276 275
236 237 277 276
237 238 278 277
238 239 279 278
240 241 281 280
241 242 282 281
242 243 283 282
243 244 284 283
244 245 285 284
245 246 286 285
246 247 287 286
247 248 288 287
248 249 289 288
249 250 290 289
250 251 291 290
251 252 292 291
252 253 293 292
253 254 294 293
254 255 295 294
255 256 296 295
256 257 297 296
257 258 298 297
258 259 299 298
259 260 300 299
260 261 301 300
261 262 302 301
262 263 303 302
263 264 304 303
264 265 305 304
265 266 306 305
266 267 307 306
267 268 308 307
268 269 309 308
269 270 310 309
270 271 311 310
271 272 312 311
272 273 313 312
273 274 314 313
274 275 315 314
275 276 316 315
276 277 317 316
277 278 318 317
278 279 319 318
280 281 321 320
281 282 322 321
282 283 323 322
283 284 324 323
284 285 325 324
285 286 326 325
286 287 327 326
287 288 328 327
288 289 329 328
289 290 330 329
290 291 331 330
291 292 332 331
292 293 333 332
293 294 334 333
294 295 335 334
295 296 336 335
296 297 337 336
297 298 338 337
298 299 339 338
299 300 340 339
300 301 341 340
301 302 342 341
302 303 343 342
303 304 344 343
304 305 345 344
305 306 346 345
306 307 347 346
307 308 348 347
308 309 349 348
309 310 350 349
310 311 351 350
311 312 352 351
312 313 353 352
313 314 354 353
314 315 355 354
315 316 356 355
316 317 357 356
317 318 358 357
318 319 359 358
320 321 361 360
321 322 362 361
322 323 363 362
323 324 364 363
324 325 365 364
325 326 366 365
326 327 367 366
327 328 368 367
328 329 369 368
329 330 370 369
330 331 371 370
331 332 372 371
332 333 373 372
333 334 374 373
334 335 375 374
335 336 376 375
336 337 377 376
337 338 378 377
338 339 379 378
339 340 380 379
340 341 381 380
341 342 382 381
342 343 383 382
343 344 384 383
344 345 385 384
345 346 386 385
346 347 387 386
347 348 388 387
348 349 389 388
349 350 390 389
350 351 391 390
351 352 392 391
352 353 393 392
353 354 394 393
354 355 395 394
355 356 396 395
356 357 397 396
357 358 398 397
358 359 399 398
360 361 401 400
361 362 402 401
362 363 403 402
363 364 404 403
364 365 405 404
365 366 406 405
366 367 407 406
367 368 408 407
368 369 409 408
369 370 410 409
370 371 411 410
371 372 412 411
372 373 413 412
373 374 414 413
374 375 415 414
375 376 416 415
376 377 417 416
377 378 418 417
378 379 419 418
379 380 420 419
380 381 421 420
381 382 422 421
382 383 423 422
383 384 424 423
384 385 425 424
385 386 426 425
386 387 427 426
387 388 428 427
388 389 429 428
389 390 430 429
390 391 431 430
391 392 432 431
392 393 433 432
393 394 434 433
394 395 435 434
395 396 436 435
396 397 437 436
397 398 438 437
398 399 439 438
400 401 441 440
401 402 442 441
402 403 443 442
403 404 444 443
404 405 445 444
405 406 446 445
406 407 447 446
407 408 448 447
408 409 449 448
409 410 450 449
410 411 451 450
411 412 452 451
412 413 453 452
413 414 454 453
414 415 455 454
415 416 456 455
416 417 457 456
417 418 458 457
418 419 459 458
419 420 460 459
420 421 461 460
421 422 462 461
422 423 463 462
423 424 464 463
424 425 465 464
425 426 466 465
426 427 467 466
427 428 468 467
428 429 469 468
429 430 470 469
430 431 471 470
431 432 472 471
432 433 473 472
433 434 474 473
434 435 475 474
435 436 476 475
436 437 477 476
437 438 478 477
438 439 479 478
440 441 481 480
441 442 482 481
442 443 483 482
443 444 484 483
444 445 485 484
445 446 486 485
446 447 487 486
447 448 488 487
448 449 489 488
449 450 490 489
450 451 491 490
451 452 492 491
452 453 493 492
453 454 494 493
454 455 495 494
455 456 496 495
456 457 497 496
457 458 498 497
458 459 499 498
459 460 500 499
460 461 501 500
461 462 502 501
462 463 503 502
463 464 504 503
464 465 505 504
465 466 506 505
466 467 507 506
467 468 508 507
468 469 509 508
469 470 510 509
470 471 511 510
471 472 512 511
472 473 513 512
473 474 514 513
474 475 515 514
475 476 516 515
476 477 517 516
477 478 518 517
478 479 519 518
480 481 521 520
481 482 522 521
482 483 523 522
483 484 524 523
484 485 525 524
485 486 526 525
486 487 527 526
487 488 528 527
488 489 529 528
489 490 530 529
490 491 531 530
491 492 532 531
492 493 533 532
493 494 534 533
494 495 535 534
495 496 536 535
496 497 537 536
497 498 538 537
498 499 539 538
499 500 540 539
500 501 541 540
501 502 542 541
502 503 543 542
503 504 544 543
504 505 545 544
505 506 546 545
506 507 547 546
507 508 548 547
508 509 549 548
509 510 550 549
510 511 551 550
511 512 552 551
512 513 553 552
513 514 554 553
514 515 555 554
515 516 556 555
516 517 557 556
517 518 558 557
518 519 559 558
520 521 561 560
521 522 562 561
522 523 563 562
523 524 564 563
524 525 565 564
525 526 566 565
526 527 567 566
527 528 568 567
528 529 569 568
529 530 570 569
530 531 571 570
531 532 572 571
532 533 573 572
533 534 574 573
534 535 575 574
535 536 576 575
536 537 577 576
537 538 578 577
538 539 579 578
539 540 580 579
540 541 581 580
541 542 582 581
542 543 583 582
543 544 584 583
544 545 585 584
545 546 586 585
546 547 587 586
547 548 588 587
548 549 589 588
549 550 590 589
550 551 591 590
551 552 592 591
552 553 593 592
553 554 594 593
554 555 595 594
555 556 596 595
556 557 597 596
557 558 598 597
558 559 599 598
560 561 601 600
561 562 602 601
562 563 603 602
563 564 604 603
564 565 605 604
565 566 606 605
566 567 607 606
567 568 608 607
568 569 609 608
569 570 610 609
570 571 611 610
571 572 612 611
572 573 613 612
573 574 614 613
574 575 615 614
575 576 616 615
576 577 617 616
577 578 618 617
578 579 619 618
579 580 620 619
580 581 621 620
581 582 622 621
582 583 623 622
583 584 624 623
584 585 625 624
585 586 626 625
586 587 627 626
587 588 628 627
588 589 629 628
589 590 630 629
590 591 631 630
591 592 632 631
592 593 633 632
593 594 634 633
594 595 635 634
595 596 636 635
596 597 637 636
597 598 638 637
598 599 639 638
600 601 641 640
601 602 642 641
602 603 643 642
603 604 644 643
604 605 645 644
605 606 646 645
606 607 647 646
607 608 648 647
608 609 649 648
609 610 650 649
610 611 651 650
611 612 652 651
612 613 653 652
613 614 654 653
614 615 655 654
615 616 656 655
616 617 657 656
617 618 658 657
618 619 659 658
619 620 660 659
620 621 661 660
621 622 662 661
622 623 663 662
623 624 664 663
624 625 665 664
625 626 666 665
626 627 667 666
627 628 668 667
628 629 669 668
629 630 670 669
630 631 671 670
631 632 672 671
632 633 673 672
633 634 674 673
634 635 675 674
635 636 676 675
636 637 677 676
637 638 678 677
638 639 679 678
640 641 681 680
641 642 682 681
642 643 683 682
643 644 684 683
644 645 685 684
645 646 686 685
646 647 687 686
647 648 688 687
648 649 689 688
649 650 690 689
650 651 691 690
651 652 692 691
652 653 693 692
653 654 694 693
654 655 695 694
655 656 696 695
656 657 697 696
657 658 698 697
658 659 699 698
659 660 700 699
660 661 701 700
661 662 702 701
662 663 703 702
663 664 704 703
664 665 705 704
665 666 706 705
666 667 707 706
667 668 708 707
668 669 709 708
669 670 710 709
670 671 711 710
671 672 712 711
672 673 713 712
673 674 714 713
674 675 715 714
675 676 716 715
676 677 717 716
677 678 718 717
678 679 719 718
680 681 721 720
681 682 722 721
682 683 723 722
683 684 724 723
684 685 725 724
685 686 726 725
686 687 727 726
687 688 728 727
688 689 729 728
689 690 730 729
690 691 731 730
691 692 732 731
692 693 733 732
693 694 734 733
694 695 735 734
695 696 736 735
696 697 737 736
697 698 738 737
698 699 739 738
699 700 740 739
700 701 741 740
701 702 742 741
702 703 743 742
703 704 744 743
704 705 745 744
705 706 746 745
706 707 747 746
707 708 748 747
708 709 749 748
709 710 750 749
710 711 751 750
711 712 752 751
712 713 753 752
713 714 754 753
714 715 755 754
715 716 756 755
716 717 757 756
717 718 758 757
718 719 759 758
720 721 761 760
721 722 762 761
722 723 763 762
723 724 764 763
724 725 765 764
725 726 766 765
726 727 767 766
727 728 768 767
728 729 769 768
729 730 770 769
730 731 771 770
731 732 772 771
732 733 773 772
733 734 774 773
734 735 775 774
735 736 776 775
736 737 777 776
737 738 778 777
738 739 779 778
739 740 780 779
740 741 781 780
741 742 782 781
742 743 783 782
743 744 784 783
744 745 785 784
745 746 786 785
746 747 787 786
747 748 788 787
748 749 789 788
749 750 790 789
750 751 791 790
751 752 792 791
752 753 793 792
753 754 794 793
754 755 795 794
755 756 796 795
756 757 797 796
757 758 798 797
758 759 799 798
760 761 801 800
761 762 802 801
762 763 803 802
763 764 804 803
764 765 805 804
765 766 806 805
766 767 807 806
767 768 808 807
768 769 809 808
769 770 810 809
770 771 811 810
771 772 812 811
772 773 813 812
773 774 814 813
774 775 815 814
775 776 816 815
776 777 817 816
777 778 818 817
778 779 819 818
779 780 820 819
780 781 821 820
781 782 822 821
782 783 823 822
783 784 824 823
784 785 825 824
785 786 826 825
786 787 827 826
787 788 828 827
788 789 829 828
789 790 830 829
790 791 831 830
791 792 832 831
792 793 833 832
793 794 834 833
794 795 835 834
795 796 836 835
796 797 837 836
797 798 838 837
798 799 839 838
800 801 841 840
801 802 842 841
802 803 843 842
803 804 844 843
804 805 845 844
805 806 846 845
806 807 847 846
807 808 848 847
808 809 849 848
809 810 850 849
810 811 851 850
811 812 852 851
812 813 853 852
813 814 854 853
814 815 855 854
815 816 856 855
816 817 857 856
817 818 858 857
818 819 859 858
819 820 860 859
820 821 861 860
821 822 862 861
822 823 863 862
823 824 864 863
824 825 865 864
825 826 866 865
826 827 867 866
827 828 868 867
828 829 869 868
829 830 870 869
830 831 871 870
831 832 872 871
832 833 873 872
833 834 874 873
834 835 875 874
835 836 876 875
836 837 877 876
837 838 878 877
838 839 879 878
840 841 881 880
841 842 882 881
842 843 883 882
843 844 884 883
844 845 885 884
845 846 886 885
846 847 887 886
847 848 888 887
848 849 889 888
849 850 890 889
850 851 891 890
851 852 892 891
852 853 893 892
853 854 894 893
854 855 895 894
855 856 896 895
856 857 897 896
857 858 898 897
858 859 899 898
859 860 900 899
860 861 901 900
861 862 902 901
862 863 903 902
863 864 904 903
864 865 905 904
865 866 906 905
866 867 907 906
867 868 908 907
868 869 909 908
869 870 910 909
870 871 911 910
871 872 912 911
872 873 913 912
873 874 914 913
874 875 915 914
875 876 916 915
876 877 917 916
877 878 918 917
878 879 919 918
880 881 921 920
881 882 922 921
882 883 923 922
883 884 924 923
884 885 925 924
885 886 926 925
886 887 927 926
887 888 928 927
888 889 929 928
889 890 930 929
890 891 931 930
891 892 932 931
892 893 933 932
893 894 934 933
894 895 935 934
895 896 936 935
896 897 937 936
897 898 938 937
898 899 939 938
899 900 940 939
900 901 941 940
901 902 942 941
902 903 943 942
903 904 944 943
904 905 945 944
905 906 946 945
906 907 947 946
907 908 948 947
908 909 949 948
909 910 950 949
910 911 951 950
911 912 952 951
912 913 953 952
913 914 954 953
914 915 955 954
915 916 956 955
916 917 957 956
917 918 958 957
918 919 959 958
920 921 961 960
921 922 962 961
922 923 963 962
923 924 964 963
924 925 965 964
925 926 966 965
926 927 967 966
927 928 968 967
928 929 969 968
929 930 970 969
930 931 971 970
931 932 972 971
932 933 973 972
933 934 974 973
934 935 975 974
935 936 976 975
936 937 977 976
937 938 978 977
938 939 979 978
939 940 980 979
940 941 981 980
941 942 982 981
942 943 983 982
943 944 984 983
944 945 985 984
945 946 986 985
946 947 987 986
947 948 988 987
948 949 989 988
949 950 990 989
950 951 991 990
951 952 992 991
952 953 993 992
953 954 994 993
954 955 995 994
955 956 996 995
956 957 997 996
957 958 998 997
958 959 999 998
960 961 1001 1000
961 962 1002 1001
962 963 1003 1002
963 964 1004 1003
964 965 1005 1004
965 966 1006 1005
966 967 1007 1006
967 968 1008 1007
968 969 1009 1008
969 970 1010 1009
970 971 1011 1010
971 972 1012 1011
972 973 1013 1012
973 974 1014 1013
974 975 1015 1014
975 976 1016 1015
976 977 1017 1016
977 978 1018 1017
978 979 1019 1018
979 980 1020 1019
980 981 1021 1020
981 982 1022 1021
982 983 1023 1022
983 984 1024 1023
984 985 1025 1024
985 986 1026 1025
986 987 1027 1026
987 988 1028 1027
988 989 1029 1028
989 990 1030 1029
990 991 1031 1030
991 992 1032 1031
992 993 1033 1032
993 994 1034 1033
994 995 1035 1034
995 996 1036 1035
996 997 1037 1036
997 998 1038 1037
998 999 1039 1038
1000 1001 1041 1040
1001 1002 1042 1041
1002 1003 1043 1042
1003 1004 1044 1043
1004 1005 1045 1044
1005 1006 1046 1045
1006 1007 1047 1046
1007 1008 1048 1047
1008 1009 1049 1048
1009 1010 1050 1049
1010 1011 1051 1050
1011 1012 1052 1051
1012 1013 1053 1052
1013 1014 1054 1053
1014 1015 1055 1054
1015 1016 1056 1055
1016 1017 1057 1056
1017 1018 1058 1057
1018 1019 1059 1058
1019 1020 1060 1059
1020 1021 1061 1060
1021 1022 1062 1061
1022 1023 1063 1062
1023 1024 1064 1063
1024 1025 1065 1064
1025 1026 1066 1065
1026 1027 1067 1066
1027 1028 1068 1067
1028 1029 1069 1068
1029 1030 1070 1069
1030 1031 1071 1070
1031 1032 1072 1071
1032 1033 1073 1072
1033 1034 1074 1073
1034 1035 1075 1074
1035 1036 1076 1075
1036 1037 1077 1076
1037 1038 1078 1077
1038 1039 1079 1078
1040 1041 1081 1080
1041 1042 1082 1081
1042 1043 1083 1082
1043 1044 1084 1083
1044 1045 1085 1084
1045 1046 1086 1085
1046 1047 1087 1086
1047 1048 1088 1087
1048 1049 1089 1088
1049 1050 1090 1089
1050 1051 1091 1090
1051 1052 1092 1091
1052 1053 1093 1092
1053 1054 1094 1093
1054 1055 1095 1094
1055 1056 1096 1095
1056 1057 1097 1096
1057 1058 1098 1097
1058 1059 1099 1098
1059 1060 1100 1099
1060 1061 1101 1100
1061 1062 1102 1101
1062 1063 1103 1102
1063 1064 1104 1103
1064 1065 1105 1104
1065 1066 1106 1105
1066 1067 1107 1106
1067 1068 1108 1107
1068 1069 1109 1108
1069 1070 1110 1109
1070 1071 1111 1110
1071 1072 1112 1111
1072 1073 1113 1112
1073 1074 1114 1113
1074 1075 1115 1114
1075 1076 1116 1115
1076 1077 1117 1116
1077 1078 1118 1117
1078 1079 1119 1118
1080 1081 1121 1120
1081 1082 1122 1121
1082 1083 1123 1122
1083 1084 1124 1123
1084 1085 1125 1124
1085 1086 1126 1125
1086 1087 1127 1126
1087 1088 1128 1127
1088 1089 1129 1128
1089 1090 1130 1129
1090 1091 1131 1130
1091 1092 1132 1131
1092 1093 1133 1132
1093 1094 1134 1133
1094 1095 1135 1134
1095 1096 1136 1135
1096 1097 1137 1136
1097 1098 1138 1137
1098 1099 1139 1138
1099 1100 1140 1139
1100 1101 1141 1140
1101 1102 1142 1141
1102 1103 1143 1142
1103 1104 1144 1143
1104 1105 1145 1144
1105 1106 1146 1145
1106 1107 1147 1146
1107 1108 1148 1147
1108 1109 1149 1148
1109 1110 1150 1149
1110 1111 1151 1150
1111 1112 1152 1151
1112 1113 1153 1152
1113 1114 1154 1153
1114 1115 1155 1154
1115 1116 1156 1155
1116 1117 1157 1156
1117 1118 1158 1157
1118 1119 1159 1158
1120 1121 1161 1160
1121 1122 1162 1161
1122 1123 1163 1162
1123 1124 1164 1163
1124 1125 1165 1164
1125 1126 1166 1165
1126 1127 1167 1166
1127 1128 1168 1167
1128 1129 1169 1168
1129 1130 1170 1169
1130 1131 1171 1170
1131 1132 1172 1171
1132 1133 1173 1172
1133 1134 1174 1173
1134 1135 1175 1174
1135 1136 1176 1175
1136 1137 1177 1176
1137 1138 1178 1177
1138 1139 1179 1178
1139 1140 1180 1179
1140 1141 1181 1180
1141 1142 1182 1181
1142 1143 1183 1182
1143 1144 1184 1183
1144 1145 1185 1184
1145 1146 1186 1185
1146 1147 1187 1186
1147 1148 1188 1187
1148 1149 1189 1188
1149 1150 1190 1189
1150 1151 1191 1190
1151 1152 1192 1191
1152 1153 1193 1192
1153 1154 1194 1193
1154 1155 1195 1194
1155 1156 1196 1195
1156 1157 1197 1196
1157 1158 1198 1197
1158 1159 1199 1198
1160 1161 1201 1200
1161 1162 1202 1201
1162 1163 1203 1202
1163 1164 1204 1203
1164 1165 1205 1204
1165 1166 1206 1205
1166 1167 1207 1206
1167 1168 1208 1207
1168 1169 1209 1208
1169 1170 1210 1209
1170 1171 1211 1210
1171 1172 1212 1211
1172 1173 1213 1212
1173 1174 1214 1213
1174 1175 1215 1214
1175 1176 1216 1215
1176 1177 1217 1216
1177 1178 1218 1217
1178 1179 1219 1218
1179 1180 1220 1219
1180 1181 1221 1220
1181 1182 1222 1221
1182 1183 1223 1222
1183 1184 1224 1223
1184 1185 1225 1224
1185 1186 1226 1225
1186 1187 1227 1226
1187 1188 1228 1227
1188 1189 1229 1228
1189 1190 1230 1229
1190 1191 1231 1230
1191 1192 1232 1231
1192 1193 1233 1232
1193 1194 1234 1233
1194 1195 1235 1234
1195 1196 1236 1235
1196 1197 1237 1236
1197 1198 1238 1237
1198 1199 1239 1238
1200 1201 1241 1240
1201 1202 1242 1241
1202 1203 1243 1242
1203 1204 1244 1243
1204 1205 1245 1244
1205 1206 1246 1245
1206 1207 1247 1246
1207 1208 1248 1247
1208 1209 1249 1248
1209 1210 1250 1249
1210 1211 1251 1250
1211 1212 1252 1251
1212 1213 1253 1252
1213 1214 1254 1253
1214 1215 1255 1254
1215 1216 1256 1255
1216 1217 1257 1256
1217 1218 1258 1257
1218 1219 1259 1258
1219 1220 1260 1259
1220 1221 1261 1260
1221 1222 1262 1261
1222 1223 1263 1262
1223 1224 1264 1263
1224 1225 1265 1264
1225 1226 1266 1265
1226 1227 1267 1266
1227 1228 1268 1267
1228 1229 1269 1268
1229 1230 1270 1269
1230 1231 1271 1270
1231 1232 1272 1271
1232 1233 1273 1272
1233 1234 1274 1273
1234 1235 1275 1274
1235 1236 1276 1275
1236 1237 1277 1276
1237 1238 1278 1277
1238 1239 1279 1278
1240 1241 1281 1280
1241 1242 1282 1281
1242 1243 1283 1282
1243 1244 1284 1283
1244 1245 1285 1284
1245 1246 1286 1285
1246 1247 1287 1286
1247 1248 1288 1287
1248 1249 1289 1288
1249 1250 1290 1289
1250 1251 1291 1290
1251 1252 1292 1291
1252 1253 1293 1292
1253 1254 1294 1293
1254 1255 1295 1294
1255 1256 1296 1295
1256 1257 1297 1296
1257 1258 1298 1297
1258 1259 1299 1298
1259 1260 1300 1299
1260 1261 1301 1300
1261 1262 1302 1301
1262 1263 1303 1302
1263 1264 1304 1303
1264 1265 1305 1304
1265 1266 1306 1305
1266 1267 1307 1306
1267 1268 1308 1307
1268 1269 1309 1308
1269 1270 1310 1309
1270 1271 1311 1310
1271 1272 1312 1311
1272 1273 1313 1312
1273 1274 1314 1313
1274 1275 1315 1314
1275 1276 1316 1315
1276 1277 1317 1316
1277 1278 1318 1317
1278 1279 1319 1318
1280 1281 1321 1320
1281 1282 1322 1321
1282 1283 1323 1322
1283 1284 1324 1323
1284 1285 1325 1324
1285 1286 1326 1325
1286 1287 1327 1326
1287 1288 1328 1327
1288 1289 1329 1328
1289 1290 1330 1329
1290 1291 1331 1330
1291 1292 1332 1331
1292 1293 1333 1332
1293 1294 1334 1333
1294 1295 1335 1334
1295 1296 1336 1335
1296 1297 1337 1336
1297 1298 1338 1337
1298 1299 1339 1338
1299 1300 1340 1339
1300 1301 1341 1340
1301 1302 1342 1341
1302 1303 1343 1342
1303 1304 1344 1343
1304 1305 1345 1344
1305 1306 1346 1345
1306 1307 1347 1346
1307 1308 1348 1347
1308 1309 1349 1348
1309 1310 1350 1349
1310 1311 1351 1350
1311 1312 1352 1351
1312 1313 1353 1352
1313 1314 1354 1353
1314 1315 1355 1354
1315 1316 1356 1355
1316 1317 1357 1356
1317 1318 1358 1357
1318 1319 1359 1358
1320 1321 1361 1360
1321 1322 1362 1361
1322 1323 1363 1362
1323 1324 1364 1363
1324 1325 1365 1364
1325 1326 1366 1365
1326 1327 1367 1366
1327 1328 1368 1367
1328 1329 1369 1368
1329 1330 1370 1369
1330 1331 1371 1370
1331 1332 1372 1371
1332 1333 1373 1372
1333 1334 1374 1373
1334 1335 1375 1374
1335 1336 1376 1375
1336 1337 1377 1376
1337 1338 1378 1377
1338 1339 1379 1378
1339 1340 1380 1379
1340 1341 1381 1380
1341 1342 1382 1381
1342 1343 1383 1382
1343 1344 1384 1383
1344 1345 1385 1384
1345 1346 1386 1385
1346 1347 1387 1386
1347 1348 1388 1387
1348 1349 1389 1388
1349 1350 1390 1389
1350 1351 1391 1390
1351 1352 1392 1391
1352 1353 1393 1392
1353 1354 1394 1393
1354 1355 1395 1394
1355 1356 1396 1395
1356 1357 1397 1396
1357 1358 1398 1397
1358 1359 1399 1398
1360 1361 1401 1400
1361 1362 1402 1401
1362 1363 1403 1402
1363 1364 1404 1403
1364 1365 1405 1404
1365 1366 1406 1405
1366 1367 1407 1406
1367 1368 1408 1407
1368 1369 1409 1408
1369 1370 1410 1409
1370 1371 1411 1410
1371 1372 1412 1411
1372 1373 1413 1412
1373 1374 1414 1413
1374 1375 1415 1414
1375 1376 1416 1415
1376 1377 1417 1416
1377 1378 1418 1417
1378 1379 1419 1418
1379 1380 1420 1419
1380 1381 1421 1420
1381 1382 1422 1421
1382 1383 1423 1422
1383 1384 1424 1423
1384 1385 1425 1424
1385 1386 1426 1425
1386 1387 1427 1426
1387 1388 1428 1427
1388 1389 1429 1428
1389 1390 1430 1429
1390 1391 1431 1430
1391 1392 1432 1431
1392 1393 1433 1432
1393 1394 1434 1433
1394 1395 1435 1434
1395 1396 1436 1435
1396 1397 1437 1436
1397 1398 1438 1437
1398 1399 1439 1438
1400 1401 1441 1440
1401 1402 1442 1441
1402 1403 1443 1442
1403 1404 1444 1443
1404 1405 1445 1444
1405 1406 1446 1445
1406 1407 1447 1446
1407 1408 1448 1447
1408 1409 1449 1448
1409 1410 1450 1449
1410 1411 1451 1450
1411 1412 1452 1451
1412 1413 1453 1452
1413 1414 1454 1453
1414 1415 1455 1454
1415 1416 1456 1455
1416 1417 1457 1456
1417 1418 1458 1457
1418 1419 1459 1458
1419 1420 1460 1459
1420 1421 1461 1460
1421 1422 1462 1461
1422 1423 1463 1462
1423 1424 1464 1463
1424 1425 1465 1464
1425 1426 1466 1465
1426 1427 1467 1466
1427 1428 1468 1467
1428 1429 1469 1468
1429 1430 1470 1469
1430 1431 1471 1470
1431 1432 1472 1471
1432 1433 1473 1472
1433 1434 1474 1473
1434 1435 1475 1474
1435 1436 1476 1475
1436 1437 1477 1476
1437 1438 1478 1477
1438 1439 1479 1478
1440 1441 1481 1480
1441 1442 1482 1481
1442 1443 1483 1482
1443 1444 1484 1483
1444 1445 1485 1484
1445 1446 1486 1485
1446 1447 1487 1486
1447 1448 1488 1487
1448 1449 1489 1488
1449 1450 1490 1489
1450 1451 1491 1490
1451 1452 1492 1491
1452 1453 1493 1492
1453 1454 1494 1493
1454 1455 1495 1494
1455 1456 1496 1495
1456 1457 1497 1496
1457 1458 1498 1497
1458 1459 1499 1498
1459 1460 1500 1499
1460 1461 1501 1500
1461 1462 1502 1501
1462 1463 1503 1502
1463 1464 1504 1503
1464 1465 1505 1504
1465 1466 1506 1505
1466 1467 1507 1506
1467 1468 1508 1507
1468 1469 1509 1508
1469 1470 1510 1509
1470 1471 1511 1510
1471 1472 1512 1511
1472 1473 1513 1512
1473 1474 1514 1513
1474 1475 1515 1514
1475 1476 1516 1515
1476 1477 1517 1516
1477 1478 1518 1517
1478 1479 1519 1518
1480 1481 1521 1520
1481 1482 1522 1521
1482 1483 1523 1522
1483 1484 1524 1523
1484 1485 1525 1524
1485 1486 1526 1525
1486 1487 1527 1526
1487 1488 1528 1527
1488 1489 1529 1528
1489 1490 1530 1529
1490 1491 1531 1530
1491 1492 1532 1531
1492 1493 1533 1532
1493 1494 1534 1533
1494 1495 1535 1534
1495 1496 1536 1535
1496 1497 1537 1536
1497 1498 1538 1537
1498 1499 1539 1538
1499 1500 1540 1539
1500 1501 1541 1540
1501 1502 1542 1541
1502 1503 1543 1542
1503 1504 1544 1543
1504 1505 1545 1544
1505 1506 1546 1545
1506 1507 1547 1546
1507 1508 1548 1547
1508 1509 1549 1548
1509 1510 1550 1549
1510 1511 1551 1550
1511 1512 1552 1551
1512 1513 1553 1552
1513 1514 1554 1553
1514 1515 1555 1554
1515 1516 1556 1555
1516 1517 1557 1556
1517 1518 1558 1557
1518 1519 1559 1558
1520 1521 1561 1560
1521 1522 1562 1561
1522 1523 1563 1562
1523 1524 1564 1563
1524 1525 1565 1564
1525 1526 1566 1565
1526 1527 1567 1566
1527 1528 1568 1567
1528 1529 1569 1568
1529 1530 1570 1569
1530 1531 1571 1570
1531 1532 1572 1571
1532 1533 1573 1572
1533 1534 1574 1573
1534 1535 1575 1574
1535 1536 1576 1575
1536 1537 1577 1576
1537 1538 1578 1577
1538 1539 1579 1578
1539 1540 1580 1579
1540 1541 1581 1580
1541 1542 1582 1581
1542 1543 1583 1582
1543 1544 1584 1583
1544 1545 1585 1584
1545 1546 1586 1585
1546 1547 1587 1586
1547 1548 1588 1587
1548 1549 1589 1588
1549 1550 1590 1589
1550 1551 1591 1590
1551 1552 1592 1591
1552 1553 1593 1592
1553 1554 1594 1593
1554 1555 1595 1594
1555 1556 1596 1595
1556 1557 1597 1596
1557 1558 1598 1597
1558 1559 1599 1598
1560 1561 1601 1600
1561 1562 1602 1601
1562 1563 1603 1602
1563 1564 1604 1603
1564 1565 1605 1604
1565 1566 1606 1605
1566 1567 1607 1606
1567 1568 1608 1607
1568 1569 1609 1608
1569 1570 1610 1609
1570 1571 1611 1610
1571 1572 1612 1611
1572 1573 1613 1612
1573 1574 1614 1613
1574 1575 1615 1614
1575 1576 1616 1615
1576 1577 1617 1616
1577 1578 1618 1617
1578 1579 1619 1618
1579 1580 1620 1619
1580 1581 1621 1620
1581 1582 1622 1621
1582 1583 1623 1622
1583 1584 1624 1623
1584 1585 1625 1624
1585 1586 1626 1625
1586 1587 1627 1626
1587 1588 1628 1627
1588 1589 1629 1628
1589 1590 1630 1629
1590 1591 1631 1630
1591 1592 1632 1631
1592 1593 1633 1632
1593 1594 1634 1633
1594 1595 1635 1634
1595 1596 1636 1635
1596 1597 1637 1636
1597 1598 1638 1637
1598 1599 1639 1638
1600 1601 1641 1640
1601 1602 1642 1641
1602 1603 1643 1642
1603 1604 1644 1643
1604 1605 1645 1644
1605 1606 1646 1645
1606 1607 1647 1646
1607 1608 1648 1647
1608 1609 1649 1648
1609 1610 1650 1649
1610 1611 1651 1650
1611 1612 1652 1651
1612 1613 1653 1652
1613 1614 1654 1653
1614 1615 1655 1654
1615 1616 1656 1655
1616 1617 1657 1656
1617 1618 1658 1657
1618 1619 1659 1658
1619 1620 1660 1659
1620 1621 1661 1660
1621 1622 1662 1661
1622 1623 1663 1662
1623 1624 1664 1663
1624 1625 1665 1664
1625 1626 1666 1665
1626 1627 1667 1666
1627 1628 1668 1667
1628 1629 1669 1668
1629 1630 1670 1669
1630 1631 1671 1670
1631 1632 1672 1671
1632 1633 1673 1672
1633 1634 1674 1673
1634 1635 1675 1674
1635 1636 1676 1675
1636 1637 1677 1676
1637 1638 1678 1677
1638 1639 1679 1678
1640 1641 1681 1680
1641 1642 1682 1681
1642 1643 1683 1682
1643 1644 1684 1683
1644 1645 1685 1684
1645 1646 1686 1685
1646 1647 1687 1686
1647 1648 1688 1687
1648 1649 1689 1688
1649 1650 1690 1689
1650 1651 1691 1690
1651 1652 1692 1691
1652 1653 1693 1692
1653 1654 1694 1693
1654 1655 1695 1694
1655 1656 1696 1695
1656 1657 1697 1696
1657 1658 1698 1697
1658 1659 1699 1698
1659 1660 1700 1699
1660 1661 1701 1700
1661 1662 1702 1701
1662 1663 1703 1702
1663 1664 1704 1703
1664 1665 1705 1704
1665 1666 1706 1705
1666 1667 1707 1706
1667 1668 1708 1707
1668 1669 1709 1708
1669 1670 1710 1709
1670 1671 1711 1710
1671 1672 1712 1711
1672 1673 1713 1712
1673 1674 1714 1713
1674 1675 1715 1714
1675 1676 1716 1715
1676 1677 1717 1716
1677 1678 1718 1717
1678 1679 1719 1718
1680 1681 1721 1720
1681 1682 1722 1721
1682 1683 1723 1722
1683 1684 1724 1723
1684 1685 1725 1724
1685 1686 1726 1725
1686 1687 1727 1726
1687 1688 1728 1727
1688 1689 1729 1728
1689 1690 1730 1729
1690 1691 1731 1730
1691 1692 1732 1731
1692 1693 1733 1732
1693 1694 1734 1733
1694 1695 1735 1734
1695 1696 1736 1735
1696 1697 1737 1736
1697 1698 1738 1737
1698 1699 1739 1738
1699 1700 1740 1739
1700 1701 1741 1740
1701 1702 1742 1741
1702 1703 1743 1742
1703 1704 1744 1743
1704 1705 1745 1744
1705 1706 1746 1745
1706 1707 1747 1746
1707 1708 1748 1747
1708 1709 1749 1748
1709 1710 1750 1749
1710 1711 1751 1750
1711 1712 1752 1751
1712 1713 1753 1752
1713 1714 1754 1753
1714 1715 1755 1754
1715 1716 1756 1755
1716 1717 1757 1756
1717 1718 1758 1757
1718 1719 1759 1758
1720 1721 1761 1760
1721 1722 1762 1761
1722 1723 1763 1762
1723 1724 1764 1763
1724 1725 1765 1764
1725 1726 1766 1765
1726 1727 1767 1766
1727 1728 1768 1767
1728 1729 1769 1768
1729 1730 1770 1769
1730 1731 1771 1770
1731 1732 1772 1771
1732 1733 1773 1772
1733 1734 1774 1773
1734 1735 1775 1774
1735 1736 1776 1775
1736 1737 1777 1776
1737 1738 1778 1777
1738 1739 1779 1778
1739 1740 1780 1779
1740 1741 1781 1780
1741 1742 1782 1781
1742 1743 1783 1782
1743 1744 1784 1783
1744 1745 1785 1784
1745 1746 1786 1785
1746 1747 1787 1786
1747 1748 1788 1787
1748 1749 1789 1788
1749 1750 1790 1789
1750 1751 1791 1790
1751 1752 1792 1791
1752 1753 1793 1792
1753 1754 1794 1793
1754 1755 1795 1794
1755 1756 1796 1795
1756 1757 1797 1796
1757 1758 1798 1797
1758 1759 1799 1798
1760 1761 1801 1800
1761 1762 1802 1801
1762 1763 1803 1802
1763 1764 1804 1803
1764 1765 1805 1804
1765 1766 1806 1805
1766 1767 1807 1806
1767 1768 1808 1807
1768 1769 1809 1808
1769 1770 1810 1809
1770 1771 1811 1810
1771 1772 1812 1811
1772 1773 1813 1812
1773 1774 1814 1813
1774 1775 1815 1814
1775 1776 1816 1815
1776 1777 1817 1816
1777 1778 1818 1817
1778 1779 1819 1818
1779 1780 1820 1819
1780 1781 1821 1820
1781 1782 1822 1821
1782 1783 1823 1822
1783 1784 1824 1823
1784 1785 1825 1824
1785 1786 1826 1825
1786 1787 1827 1826
1787 1788 1828 1827
1788 1789 1829 1828
1789 1790 1830 1829
1790 1791 1831 1830
1791 1792 1832 1831
1792 1793 1833 1832
1793 1794 1834 1833
1794 1795 1835 1834
1795 1796 1836 1835
1796 1797 1837 1836
1797 1798 1838 1837
1798 1799 1839 1838
1800 1801 1841 1840
1801 1802 1842 1841
1802 1803 1843 1842
1803 1804 1844 1843
1804 1805 1845 1844
1805 1806 1846 1845
1806 1807 1847 1846
1807 1808 1848 1847
1808 1809 1849 1848
1809 1810 1850 1849
1810 1811 1851 1850
1811 1812 1852 1851
1812 1813 1853 1852
1813 1814 1854 1853
1814 1815 1855 1854
1815 1816 1856 1855
1816 1817 1857 1856
1817 1818 1858 1857
1818 1819 1859 1858
1819 1820 1860 1859
1820 1821 1861 1860
1821 1822 1862 1861
1822 1823 1863 1862
1823 1824 1864 1863
1824 1825 1865 1864
1825 1826 1866 1865
1826 1827 1867 1866
1827 1828 1868 1867
1828 1829 1869 1868
1829 1830 1870 1869
1830 1831 1871 1870
1831 1832 1872 1871
1832 1833 1873 1872
1833 1834 1874 1873
1834 1835 1875 1874
1835 1836 1876 1875
1836 1837 1877 1876
1837 1838 1878 1877
1838 1839 1879 1878
1840 1841 1881 1880
1841 1842 1882 1881
1842 1843 1883 1882
1843 1844 1884 1883
1844 1845 1885 1884
1845 1846 1886 1885
1846 1847 1887 1886
1847 1848 1888 1887
1848 1849 1889 1888
1849 1850 1890 1889
1850 1851 1891 1890
1851 1852 1892 1891
1852 1853 1893 1892
1853 1854 1894 1893
1854 1855 1895 1894
1855 1856 1896 1895
1856 1857 1897 1896
1857 1858 1898 1897
1858 1859 1899 1898
1859 1860 1900 1899
1860 1861 1901 1900
1861 1862 1902 1901
1862 1863 1903 1902
1863 1864 1904 1903
1864 1865 1905 1904
1865 1866 1906 1905
1866 1867 1907 1906
1867 1868 1908 1907
1868 1869 1909 1908
1869 1870 1910 1909
1870 1871 1911 1910
1871 1872 1912 1911
1872 1873 1913 1912
1873 1874 1914 1913
1874 1875 1915 1914
1875 1876 1916 1915
1876 1877 1917 1916
1877 1878 1918 1917
1878 1879 1919 1918
1880 1881 1921 1920
1881 1882 1922 1921
1882 1883 1923 1922
1883 1884 1924 1923
1884 1885 1925 1924
1885 1886 1926 1925
1886 1887 1927 1926
1887 1888 1928 1927
1888 1889 1929 1928
1889 1890 1930 1929
1890 1891 1931 1930
1891 1892 1932 1931
1892 1893 1933 1932
1893 1894 1934 1933
1894 1895 1935 1934
1895 1896 1936 1935
1896 1897 1937 1936
1897 1898 1938 1937
1898 1899 1939 1938
1899 1900 1940 1939
1900 1901 1941 1940
1901 1902 1942 1941
1902 1903 1943 1942
1903 1904 1944 1943
1904 1905 1945 1944
1905 1906 1946 1945
1906 1907 1947 1946
1907 1908 1948 1947
1908 1909 1949 1948
1909 1910 1950 1949
1910 1911 1951 1950
1911 1912 1952 1951
1912 1913 1953 1952
1913 1914 1954 1953
1914 1915 1955 1954
1915 1916 1956 1955
1916 1917 1957 1956
1917 1918 1958 1957
1918 1919 1959 1958
1920 1921 1961 1960
1921 1922 1962 1961
1922 1923 1963 1962
1923 1924 1964 1963
1924 1925 1965 1964
1925 1926 1966 1965
1926 1927 1967 1966
1927 1928 1968 1967
1928 1929 1969 1968
1929 1930 1970 1969
1930 1931 1971 1970
1931 1932 1972 1971
1932 1933 1973 1972
1933 1934 1974 1973
1934 1935 1975 1974
1935 1936 1976 1975
1936 1937 1977 1976
1937 1938 1978 1977
1938 1939 1979 1978
1939 1940 1980 1979
1940 1941 1981 1980
1941 1942 1982 1981
1942 1943 1983 1982
1943 1944 1984 1983
1944 1945 1985 1984
1945 1946 1986 1985
1946 1947 1987 1986
1947 1948 1988 1987
1948 1949 1989 1988
1949 1950 1990 1989
1950 1951 1991 1990
1951 1952 1992 1991
1952 1953 1993 1992
1953 1954 1994 1993
1954 1955 1995 1994
1955 1956 1996 1995
1956 1957 1997 1996
1957 1958 1998 1997
1958 1959 1999 1998
1960 1961 2001 2000
1961 1962 2002 2001
1962 1963 2003 2002
1963 1964 2004 2003
1964 1965 2005 2004
1965 1966 2006 2005
1966 1967 2007 2006
1967 1968 2008 2007
1968 1969 2009 2008
1969 1970 2010 2009
1970 1971 2011 2010
1971 1972 2012 2011
1972 1973 2013 2012
1973 1974 2014 2013
1974 1975 2015 2014
1975 1976 2016 2015
1976 1977 2017 2016
1977 1978 2018 2017
1978 1979 2019 2018
1979 1980 2020 2019
1980 1981 2021 2020
1981 1982 2022 2021
1982 1983 2023 2022
1983 1984 2024 2023
1984 1985 2025 2024
1985 1986 2026 2025
1986 1987 2027 2026
1987 1988 2028 2027
1988 1989 2029 2028
1989 1990 2030 2029
1990 1991 2031 2030
1991 1992 2032 2031
1992 1993 2033 2032
1993 1994 2034 2033
1994 1995 2035 2034
1995 1996 2036 2035
1996 1997 2037 2036
1997 1998 2038 2037
1998 1999 2039 2038
2000 2001 2041 2040
2001 2002 2042 2041
2002 2003 2043 2042
2003 2004 2044 2043
2004 2005 2045 2044
2005 2006 2046 2045
2006 2007 2047 2046
2007 2008 2048 2047
2008 2009 2049 2048
2009 2010 2050 2049
2010 2011 2051 2050
2011 2012 2052 2051
2012 2013 2053 2052
2013 2014 2054 2053
2014 2015 2055 2054
2015 2016 2056 2055
2016 2017 2057 2056
2017 2018 2058 2057
2018 2019 2059 2058
2019 2020 2060 2059
2020 2021 2061 2060
2021 2022 2062 2061
2022 2023 2063 2062
2023 2024 2064 2063
2024 2025 2065 2064
2025 2026 2066 2065
2026 2027 2067 2066
2027 2028 2068 2067
2028 2029 2069 2068
2029 2030 2070 2069
2030 2031 2071 2070
2031 2032 2072 2071
2032 2033 2073 2072
2033 2034 2074 2073
2034 2035 2075 2074
2035 2036 2076 2075
2036 2037 2077 2076
2037 2038 2078 2077
2038 2039 2079 2078
2040 2041 2081 2080
2041 2042 2082 2081
2042 2043 2083 2082
2043 2044 2084 2083
2044 2045 2085 2084
2045 2046 2086 2085
2046 2047 2087 2086
2047 2048 2088 2087
2048 2049 2089 2088
2049 2050 2090 2089
2050 2051 2091 2090
2051 2052 2092 2091
2052 2053 2093 2092
2053 2054 2094 2093
2054 2055 2095 2094
2055 2056 2096 2095
2056 2057 2097 2096
2057 2058 2098 2097
2058 2059 2099 2098
2059 2060 2100 2099
2060 2061 2101 2100
2061 2062 2102 2101
2062 2063 2103 2102
2063 2064 2104 2103
2064 2065 2105 2104
2065 2066 2106 2105
2066 2067 2107 2106
2067 2068 2108 2107
2068 2069 2109 2108
2069 2070 2110 2109
2070 2071 2111 2110
2071 2072 2112 2111
2072 2073 2113 2112
2073 2074 2114 2113
2074 2075 2115 2114
2075 2076 2116 2115
2076 2077 2117 2116
2077 2078 2118 2117
2078 2079 2119 2118
2080 2081 2121 2120
2081 2082 2122 2121
2082 2083 2123 2122
2083 2084 2124 2123
2084 2085 2125 2124
2085 2086 2126 2125
2086 2087 2127 2126
2087 2088 2128 2127
2088 2089 2129 2128
2089 2090 2130 2129
2090 2091 2131 2130
2091 2092 2132 2131
2092 2093 2133 2132
2093 2094 2134 2133
2094 2095 2135 2134
2095 2096 2136 2135
2096 2097 2137 2136
2097 2098 2138 2137
2098 2099 2139 2138
2099 2100 2140 2139
2100 2101 2141 2140
2101 2102 2142 2141
2102 2103 2143 2142
2103 2104 2144 2143
2104 2105 2145 2144
2105 2106 2146 2145
2106 2107 2147 2146
2107 2108 2148 2147
2108 2109 2149 2148
2109 2110 2150 2149
2110 2111 2151 2150
2111 2112 2152 2151
2112 2113 2153 2152
2113 2114 2154 2153
2114 2115 2155 2154
2115 2116 2156 2155
2116 2117 2157 2156
2117 2118 2158 2157
2118 2119 2159 2158
2120 2121 2161 2160
2121 2122 2162 2161
2122 2123 2163 2162
2123 2124 2164 2163
2124 2125 2165 2164
2125 2126 2166 2165
2126 2127 2167 2166
2127 2128 2168 2167
2128 2129 2169 2168
2129 2130 2170 2169
2130 2131 2171 2170
2131 2132 2172 2171
2132 2133 2173 2172
2133 2134 2174 2173
2134 2135 2175 2174
2135 2136 2176 2175
2136 2137 2177 2176
2137 2138 2178 2177
2138 2139 2179 2178
2139 2140 2180 2179
2140 2141 2181 2180
2141 2142 2182 2181
2142 2143 2183 2182
2143 2144 2184 2183
2144 2145 2185 2184
2145 2146 2186 2185
2146 2147 2187 2186
2147 2148 2188 2187
2148 2149 2189 2188
2149 2150 2190 2189
2150 2151 2191 2190
2151 2152 2192 2191
2152 2153 2193 2192
2153 2154 2194 2193
2154 2155 2195 2194
2155 2156 2196 2195
2156 2157 2197 2196
2157 2158 2198 2197
2158 2159 2199 2198
2160 2161 2201 2200
2161 2162 2202 2201
2162 2163 2203 2202
2163 2164 2204 2203
2164 2165 2205 2204
2165 2166 2206 2205
2166 2167 2207 2206
2167 2168 2208 2207
2168 2169 2209 2208
2169 2170 2210 2209
2170 2171 2211 2210
2171 2172 2212 2211
2172 2173 2213 2212
2173 2174 2214 2213
2174 2175 2215 2214
2175 2176 2216 2215
2176 2177 2217 2216
2177 2178 2218 2217
2178 2179 2219 2218
2179 2180 2220 2219
2180 2181 2221 2220
2181 2182 2222 2221
2182 2183 2223 2222
2183 2184 2224 2223
2184 2185 2225 2224
2185 2186 2226 2225
2186 2187 2227 2226
2187 2188 2228 2227
2188 2189 2229 2228
2189 2190 2230 2229
2190 2191 2231 2230
2191 2192 2232 2231
2192 2193 2233 2232
2193 2194 2234 2233
2194 2195 2235 2234
2195 2196 2236 2235
2196 2197 2237 2236
2197 2198 2238 2237
2198 2199 2239 2238
2200 2201 2241 2240
2201 2202 2242 2241
2202 2203 2243 2242
2203 2204 2244 2243
2204 2205 2245 2244
2205 2206 2246 2245
2206 2207 2247 2246
2207 2208 2248 2247
2208 2209 2249 2248
2209 2210 2250 2249
2210 2211 2251 2250
2211 2212 2252 2251
2212 2213 2253 2252
2213 2214 2254 2253
2214 2215 2255 2254
2215 2216 2256 2255
2216 2217 2257 2256
2217 2218 2258 2257
2218 2219 2259 2258
2219 2220 2260 2259
2220 2221 2261 2260
2221 2222 2262 2261
2222 2223 2263 2262
2223 2224 2264 2263
2224 2225 2265 2264
2225 2226 2266 2265
2226 2227 2267 2266
2227 2228 2268 2267
2228 2229 2269 2268
2229 2230 2270 2269
2230 2231 2271 2270
2231 2232 2272 2271
2232 2233 2273 2272
2233 2234 2274 2273
2234 2235 2275 2274
2235 2236 2276 2275
2236 2237 2277 2276
2237 2238 2278 2277
2238 2239 2279 2278
2240 2241 2281 2280
2241 2242 2282 2281
2242 2243 2283 2282
2243 2244 2284 2283
2244 2245 2285 2284
2245 2246 2286 2285
2246 2247 2287 2286
2247 2248 2288 2287
2248 2249 2289 2288
2249 2250 2290 2289
2250 2251 2291 2290
2251 2252 2292 2291
2252 2253 2293 2292
2253 2254 2294 2293
2254 2255 2295 2294
2255 2256 2296 2295
2256 2257 2297 2296
2257 2258 2298 2297
2258 2259 2299 2298
2259 2260 2300 2299
2260 2261 2301 2300
2261 2262 2302 2301
2262 2263 2303 2302
2263 2264 2304 2303
2264 2265 2305 2304
2265 2266 2306 2305
2266 2267 2307 2306
2267 2268 2308 2307
2268 2269 2309 2308
2269 2270 2310 2309
2270 2271 2311 2310
2271 2272 2312 2311
2272 2273 2313 2312
2273 2274 2314 2313
2274 2275 2315 2314
2275 2276 2316 2315
2276 2277 2317 2316
2277 2278 2318 2317
2278 2279 2319 2318
2280 2281 2321 2320
2281 2282 2322 2321
2282 2283 2323 2322
2283 2284 2324 2323
2284 2285 2325 2324
2285 2286 2326 2325
2286 2287 2327 2326
2287 2288 2328 2327
2288 2289 2329 2328
2289 2290 2330 2329
2290 2291 2331 2330
2291 2292 2332 2331
2292 2293 2333 2332
2293 2294 2334 2333
2294 2295 2335 2334
2295 2296 2336 2335
2296 2297 2337 2336
2297 2298 2338 2337
2298 2299 2339 2338
2299 2300 2340 2339
2300 2301 2341 2340
2301 2302 2342 2341
2302 2303 2343 2342
2303 2304 2344 2343
2304 2305 2345 2344
2305 2306 2346 2345
2306 2307 2347 2346
2307 2308 2348 2347
2308 2309 2349 2348
2309 2310 2350 2349
2310 2311 2351 2350
2311 2312 2352 2351
2312 2313 2353 2352
2313 2314 2354 2353
2314 2315 2355 2354
2315 2316 2356 2355
2316 2317 2357 2356
2317 2318 2358 2357
2318 2319 2359 2358
2320 2321 2361 2360
2321 2322 2362 2361
2322 2323 2363 2362
2323 2324 2364 2363
2324 2325 2365 2364
2325 2326 2366 2365
2326 2327 2367 2366
2327 2328 2368 2367
2328 2329 2369 2368
2329 2330 2370 2369
2330 2331 2371 2370
2331 2332 2372 2371
2332 2333 2373 2372
2333 2334 2374 2373
2334 2335 2375 2374
2335 2336 2376 2375
2336 2337 2377 2376
2337 2338 2378 2377
2338 2339 2379 2378
2339 2340 2380 2379
2340 2341 2381 2380
2341 2342 2382 2381
2342 2343 2383 2382
2343 2344 2384 2383
2344 2345 2385 2384
2345 2346 2386 2385
2346 2347 2387 2386
2347 2348 2388 2387
2348 2349 2389 2388
2349 2350 2390 2389
2350 2351 2391 2390
2351 2352 2392 2391
2352 2353 2393 2392
2353 2354 2394 2393
2354 2355 2395 2394
2355 2356 2396 2395
2356 2357 2397 2396
2357 2358 2398 2397
2358 2359 2399 2398
2360 2361 2401 2400
2361 2362 2402 2401
2362 2363 2403 2402
2363 2364 2404 2403
2364 2365 2405 2404
2365 2366 2406 2405
2366 2367 2407 2406
2367 2368 2408 2407
2368 2369 2409 2408
2369 2370 2410 2409
2370 2371 2411 2410
2371 2372 2412 2411
2372 2373 2413 2412
2373 2374 2414 2413
2374 2375 2415 2414
2375 2376 2416 2415
2376 2377 2417 2416
2377 2378 2418 2417
2378 2379 2419 2418
2379 2380 2420 2419
2380 2381 2421 2420
2381 2382 2422 2421
2382 2383 2423 2422
2383 2384 2424 2423
2384 2385 2425 2424
2385 2386 2426 2425
2386 2387 2427 2426
2387 2388 2428 2427
2388 2389 2429 2428
2389 2390 2430 2429
2390 2391 2431 2430
2391 2392 2432 2431
2392 2393 2433 2432
2393 2394 2434 2433
2394 2395 2435 2434
2395 2396 2436 2435
2396 2397 2437 2436
2397 2398 2438 2437
2398 2399 2439 2438
2400 2401 2441 2440
2401 2402 2442 2441
2402 2403 2443 2442
2403 2404 2444 2443
2404 2405 2445 2444
2405 2406 2446 2445
2406 2407 2447 2446
2407 2408 2448 2447
2408 2409 2449 2448
2409 2410 2450 2449
2410 2411 2451 2450
2411 2412 2452 2451
2412 2413 2453 2452
2413 2414 2454 2453
2414 2415 2455 2454
2415 2416 2456 2455
2416 2417 2457 2456
2417 2418 2458 2457
2418 2419 2459 2458
2419 2420 2460 2459
2420 2421 2461 2460
2421 2422 2462 2461
2422 2423 2463 2462
2423 2424 2464 2463
2424 2425 2465 2464
2425 2426 2466 2465
2426 2427 2467 2466
2427 2428 2468 2467
2428 2429 2469 2468
2429 2430 2470 2469
2430 2431 2471 2470
2431 2432 2472 2471
2432 2433 2473 2472
2433 2434 2474 2473
2434 2435 2475 2474
2435 2436 2476 2475
2436 2437 2477 2476
2437 2438 2478 2477
2438 2439 2479 2478
2440 2441 2481 2480
2441 2442 2482 2481
2442 2443 2483 2482
2443 2444 2484 2483
2444 2445 2485 2484
2445 2446 2486 2485
2446 2447 2487 2486
2447 2448 2488 2487
2448 2449 2489 2488
2449 2450 2490 2489
2450 2451 2491 2490
2451 2452 2492 2491
2452 2453 2493 2492
2453 2454 2494 2493
2454 2455 2495 2494
2455 2456 2496 2495
2456 2457 2497 2496
2457 2458 2498 2497
2458 2459 2499 2498
2459 2460 2500 2499
2460 2461 2501 2500
2461 2462 2502 2501
2462 2463 2503 2502
2463 2464 2504 2503
2464 2465 2505 2504
2465 2466 2506 2505
2466 2467 2507 2506
2467 2468 2508 2507
2468 2469 2509 2508
2469 2470 2510 2509
2470 2471 2511 2510
2471 2472 2512 2511
2472 2473 2513 2512
2473 2474 2514 2513
2474 2475 2515 2514
2475 2476 2516 2515
2476 2477 2517 2516
2477 2478 2518 2517
2478 2479 2519 2518
2480 2481 2521 2520
2481 2482 2522 2521
2482 2483 2523 2522
2483 2484 2524 2523
2484 2485 2525 2524
2485 2486 2526 2525
2486 2487 2527 2526
2487 2488 2528 2527
2488 2489 2529 2528
2489 2490 2530 2529
2490 2491 2531 2530
2491 2492 2532 2531
2492 2493 2533 2532
2493 2494 2534 2533
2494 2495 2535 2534
2495 2496 2536 2535
2496 2497 2537 2536
2497 2498 2538 2537
2498 2499 2539 2538
2499 2500 2540 2539
2500 2501 2541 2540
2501 2502 2542 2541
2502 2503 2543 2542
2503 2504 2544 2543
2504 2505 2545 2544
2505 2506 2546 2545
2506 2507 2547 2546
2507 2508 2548 2547
2508 2509 2549 2548
2509 2510 2550 2549
2510 2511 2551 2550
2511 2512 2552 2551
2512 2513 2553 2552
2513 2514 2554 2553
2514 2515 2555 2554
2515 2516 2556 2555
2516 2517 2557 2556
2517 2518 2558 2557
2518 2519 2559 2558
2520 2521 2561 2560
2521 2522 2562 2561
2522 2523 2563 2562
2523 2524 2564 2563
2524 2525 2565 2564
2525 2526 2566 2565
2526 2527 2567 2566
2527 2528 2568 2567
2528 2529 2569 2568
2529 2530 2570 2569
2530 2531 2571 2570
2531 2532 2572 2571
2532 2533 2573 2572
2533 2534 2574 2573
2534 2535 2575 2574
2535 2536 2576 2575
2536 2537 2577 2576
2537 2538 2578 2577
2538 2539 2579 2578
2539 2540 2580 2579
2540 2541 2581 2580
2541 2542 2582 2581
2542 2543 2583 2582
2543 2544 2584 2583
2544 2545 2585 2584
2545 2546 2586 2585
2546 2547 2587 2586
2547 2548 2588 2587
2548 2549 2589 2588
2549 2550 2590 2589
2550 2551 2591 2590
2551 2552 2592 2591
2552 2553 2593 2592
2553 2554 2594 2593
2554 2555 2595 2594
2555 2556 2596 2595
2556 2557 2597 2596
2557 2558 2598 2597
2558 2559 2599 2598
2560 2561 2601 2600
2561 2562 2602 2601
2562 2563 2603 2602
2563 2564 2604 2603
2564 2565 2605 2604
2565 2566 2606 2605
2566 2567 2607 2606
2567 2568 2608 2607
2568 2569 2609 2608
2569 2570 2610 2609
2570 2571 2611 2610
2571 2572 2612 2611
2572 2573 2613 2612
2573 2574 2614 2613
2574 2575 2615 2614
2575 2576 2616 2615
2576 2577 2617 2616
2577 2578 2618 2617
2578 2579 2619 2618
2579 2580 2620 2619
2580 2581 2621 2620
2581 2582 2622 2621
2582 2583 2623 2622
2583 2584 2624 2623
2584 2585 2625 2624
2585 2586 2626 2625
2586 2587 2627 2626
2587 2588 2628 2627
2588 2589 2629 2628
2589 2590 2630 2629
2590 2591 2631 2630
2591 2592 2632 2631
2592 2593 2633 2632
2593 2594 2634 2633
2594 2595 2635 2634
2595 2596 2636 2635
2596 2597 2637 2636
2597 2598 2638 2637
2598 2599 2639 2638
2600 2601 2641 2640
2601 2602 2642 2641
2602 2603 2643 2642
2603 2604 2644 2643
2604 2605 2645 2644
2605 2606 2646 2645
2606 2607 2647 2646
2607 2608 2648 2647
2608 2609 2649 2648
2609 2610 2650 2649
2610 2611 2651 2650
2611 2612 2652 2651
2612 2613 2653 2652
2613 2614 2654 2653
2614 2615 2655 2654
2615 2616 2656 2655
2616 2617 2657 2656
2617 2618 2658 2657
2618 2619 2659 2658
2619 2620 2660 2659
2620 2621 2661 2660
2621 2622 2662 2661
2622 2623 2663 2662
2623 2624 2664 2663
2624 2625 2665 2664
2625 2626 2666 2665
2626 2627 2667 2666
2627 2628 2668 2667
2628 2629 2669 2668
2629 2630 2670 2669
2630 2631 2671 2670
2631 2632 2672 2671
2632 2633 2673 2672
2633 2634 2674 2673
2634 2635 2675 2674
2635 2636 2676 2675
2636 2637 2677 2676
2637 2638 2678 2677
2638 2639 2679 2678
2640 2641 2681 2680
2641 2642 2682 2681
2642 2643 2683 2682
2643 2644 2684 2683
2644 2645 2685 2684
2645 2646 2686 2685
2646 2647 2687 2686
2647 2648 2688 2687
2648 2649 2689 2688
2649 2650 2690 2689
2650 2651 2691 2690
2651 2652 2692 2691
2652 2653 2693 2692
2653 2654 2694 2693
2654 2655 2695 2694
2655 2656 2696 2695
2656 2657 2697 2696
2657 2658 2698 2697
2658 2659 2699 2698
2659 2660 2700 2699
2660 2661 2701 2700
2661 2662 2702 2701
2662 2663 2703 2702
2663 2664 2704 2703
2664 2665 2705 2704
2665 2666 2706 2705
2666 2667 2707 2706
2667 2668 2708 2707
2668 2669 2709 2708
2669 2670 2710 2709
2670 2671 2711 2710
2671 2672 2712 2711
2672 2673 2713 2712
2673 2674 2714 2713
2674 2675 2715 2714
2675 2676 2716 2715
2676 2677 2717 2716
2677 2678 2718 2717
2678 2679 2719 2718
2680 2681 2721 2720
2681 2682 2722 2721
2682 2683 2723 2722
2683 2684 2724 2723
2684 2685 2725 2724
2685 2686 2726 2725
2686 2687 2727 2726
2687 2688 2728 2727
2688 2689 2729 2728
2689 2690 2730 2729
2690 2691 2731 2730
2691 2692 2732 2731
2692 2693 2733 2732
2693 2694 2734 2733
2694 2695 2735 2734
2695 2696 2736 2735
2696 2697 2737 2736
2697 2698 2738 2737
2698 2699 2739 2738
2699 2700 2740 2739
2700 2701 2741 2740
2701 2702 2742 2741
2702 2703 2743 2742
2703 2704 2744 2743
2704 2705 2745 2744
2705 2706 2746 2745
2706 2707 2747 2746
2707 2708 2748 2747
2708 2709 2749 2748
2709 2710 2750 2749
2710 2711 2751 2750
2711 2712 2752 2751
2712 2713 2753 2752
2713 2714 2754 2753
2714 2715 2755 2754
2715 2716 2756 2755
2716 2717 2757 2756
2717 2718 2758 2757
2718 2719 2759 2758
2720 2721 2761 2760
2721 2722 2762 2761
2722 2723 2763 2762
2723 2724 2764 2763
2724 2725 2765 2764
2725 2726 2766 2765
2726 2727 2767 2766
2727 2728 2768 2767
2728 2729 2769 2768
2729 2730 2770 2769
2730 2731 2771 2770
2731 2732 2772 2771
2732 2733 2773 2772
2733 2734 2774 2773
2734 2735 2775 2774
2735 2736 2776 2775
2736 2737 2777 2776
2737 2738 2778 2777
2738 2739 2779 2778
2739 2740 2780 2779
2740 2741 2781 2780
2741 2742 2782 2781
2742 2743 2783 2782
2743 2744 2784 2783
2744 2745 2785 2784
2745 2746 2786 2785
2746 2747 2787 2786
2747 2748 2788 2787
2748 2749 2789 2788
2749 2750 2790 2789
2750 2751 2791 2790
2751 2752 2792 2791
2752 2753 2793 2792
2753 2754 2794 2793
2754 2755 2795 2794
2755 2756 2796 2795
2756 2757 2797 2796
2757 2758 2798 2797
2758 2759 2799 2798
2760 2761 2801 2800
2761 2762 2802 2801
2762 2763 2803 2802
2763 2764 2804 2803
2764 2765 2805 2804
2765 2766 2806 2805
2766 2767 2807 2806
2767 2768 2808 2807
2768 2769 2809 2808
2769 2770 2810 2809
2770 2771 2811 2810
2771 2772 2812 2811
2772 2773 2813 2812
2773 2774 2814 2813
2774 2775 2815 2814
2775 2776 2816 2815
2776 2777 2817 2816
2777 2778 2818 2817
2778 2779 2819 2818
2779 2780 2820 2819
2780 2781 2821 2820
2781 2782 2822 2821
2782 2783 2823 2822
2783 2784 2824 2823
2784 2785 2825 2824
2785 2786 2826 2825
2786 2787 2827 2826
2787 2788 2828 2827
2788 2789 2829 2828
2789 2790 2830 2829
2790 2791 2831 2830
2791 2792 2832 2831
2792 2793 2833 2832
2793 2794 2834 2833
2794 2795 2835 2834
2795 2796 2836 2835
2796 2797 2837 2836
2797 2798 2838 2837
2798 2799 2839 2838
2800 2801 2841 2840
2801 2802 2842 2841
2802 2803 2843 2842
2803 2804 2844 2843
2804 2805 2845 2844
2805 2806 2846 2845
2806 2807 2847 2846
2807 2808 2848 2847
2808 2809 2849 2848
2809 2810 2850 2849
2810 2811 2851 2850
2811 2812 2852 2851
2812 2813 2853 2852
2813 2814 2854 2853
2814 2815 2855 2854
2815 2816 2856 2855
2816 2817 2857 2856
2817 2818 2858 2857
2818 2819 2859 2858
2819 2820 2860 2859
2820 2821 2861 2860
2821 2822 2862 2861
2822 2823 2863 2862
2823 2824 2864 2863
2824 2825 2865 2864
2825 2826 2866 2865
2826 2827 2867 2866
2827 2828 2868 2867
2828 2829 2869 2868
2829 2830 2870 2869
2830 2831 2871 2870
2831 2832 2872 2871
2832 2833 2873 2872
2833 2834 2874 2873
2834 2835 2875 2874
2835 2836 2876 2875
2836 2837 2877 2876
2837 2838 2878 2877
2838 2839 2879 2878
2840 2841 2881 2880
2841 2842 2882 2881
2842 2843 2883 2882
2843 2844 2884 2883
2844 2845 2885 2884
2845 2846 2886 2885
2846 2847 2887 2886
2847 2848 2888 2887
2848 2849 2889 2888
2849 2850 2890 2889
2850 2851 2891 2890
2851 2852 2892 2891
2852 2853 2893 2892
2853 2854 2894 2893
2854 2855 2895 2894
2855 2856 2896 2895
2856 2857 2897 2896
2857 2858 2898 2897
2858 2859 2899 2898
2859 2860 2900 2899
2860 2861 2901 2900
2861 2862 2902 2901
2862 2863 2903 2902
2863 2864 2904 2903
2864 2865 2905 2904
2865 2866 2906 2905
2866 2867 2907 2906
2867 2868 2908 2907
2868 2869 2909 2908
2869 2870 2910 2909
2870 2871 2911 2910
2871 2872 2912 2911
2872 2873 2913 2912
2873 2874 2914 2913
2874 2875 2915 2914
2875 2876 2916 2915
2876 2877 2917 2916
2877 2878 2918 2917
2878 2879 2919 2918
2880 2881 2921 2920
2881 2882 2922 2921
2882 2883 2923 2922
2883 2884 2924 2923
2884 2885 2925 2924
2885 2886 2926 2925
2886 2887 2927 2926
2887 2888 2928 2927
2888 2889 2929 2928
2889 2890 2930 2929
2890 2891 2931 2930
2891 2892 2932 2931
2892 2893 2933 2932
2893 2894 2934 2933
2894 2895 2935 2934
2895 2896 2936 2935
2896 2897 2937 2936
2897 2898 2938 2937
2898 2899 2939 2938
2899 2900 2940 2939
2900 2901 2941 2940
2901 2902 2942 2941
2902 2903 2943 2942
2903 2904 2944 2943
2904 2905 2945 2944
2905 2906 2946 2945
2906 2907 2947 2946
2907 2908 2948 2947
2908 2909 2949 2948
2909 2910 2950 2949
2910 2911 2951 2950
2911 2912 2952 2951
2912 2913 2953 2952
2913 2914 2954 2953
2914 2915 2955 2954
2915 2916 2956 2955
2916 2917 2957 2956
2917 2918 2958 2957
2918 2919 2959 2958
2920 2921 2961 2960
2921 2922 2962 2961
2922 2923 2963 2962
2923 2924 2964 2963
2924 2925 2965 2964
2925 2926 2966 2965
2926 2927 2967 2966
2927 2928 2968 2967
2928 2929 2969 2968
2929 2930 2970 2969
2930 2931 2971 2970
2931 2932 2972 2971
2932 2933 2973 2972
2933 2934 2974 2973
2934 2935 2975 2974
2935 2936 2976 2975
2936 2937 2977 2976
2937 2938 2978 2977
2938 2939 2979 2978
2939 2940 2980 2979
2940 2941 2981 2980
2941 2942 2982 2981
2942 2943 2983 2982
2943 2944 2984 2983
2944 2945 2985 2984
2945 2946 2986 2985
2946 2947 2987 2986
2947 2948 2988 2987
2948 2949 2989 2988
2949 2950 2990 2989
2950 2951 2991 2990
2951 2952 2992 2991
2952 2953 2993 2992
2953 2954 2994 2993
2954 2955 2995 2994
2955 2956 2996 2995
2956 2957 2997 2996
2957 2958 2998 2997
2958 2959 2999 2998
2960 2961 3001 3000
2961 2962 3002 3001
2962 2963 3003 3002
2963 2964 3004 3003
2964 2965 3005 3004
2965 2966 3006 3005
2966 2967 3007 3006
2967 2968 3008 3007
2968 2969 3009 3008
2969 2970 3010 3009
2970 2971 3011 3010
2971 2972 3012 3011
2972 2973 3013 3012
2973 2974 3014 3013
2974 2975 3015 3014
2975 2976 3016 3015
2976 2977 3017 3016
2977 2978 3018 3017
2978 2979 3019 3018
2979 2980 3020 3019
2980 2981 3021 3020
2981 2982 3022 3021
2982 2983 3023 3022
2983 2984 3024 3023
2984 2985 3025 3024
2985 2986 3026 3025
2986 2987 3027 3026
2987 2988 3028 3027
2988 2989 3029 3028
2989 2990 3030 3029
2990 2991 3031 3030
2991 2992 3032 3031
2992 2993 3033 3032
2993 2994 3034 3033
2994 2995 3035 3034
2995 2996 3036 3035
2996 2997 3037 3036
2997 2998 3038 3037
2998 2999 3039 3038
3000 3001 3041 3040
3001 3002 3042 3041
3002 3003 3043 3042
3003 3004 3044 3043
3004 3005 3045 3044
3005 3006 3046 3045
3006 3007 3047 3046
3007 3008 3048 3047
3008 3009 3049 3048
3009 3010 3050 3049
3010 3011 3051 3050
3011 3012 3052 3051
3012 3013 3053 3052
3013 3014 3054 3053
3014 3015 3055 3054
3015 3016 3056 3055
3016 3017 3057 3056
3017 3018 3058 3057
3018 3019 3059 3058
3019 3020 3060 3059
3020 3021 3061 3060
3021 3022 3062 3061
3022 3023 3063 3062
3023 3024 3064 3063
3024 3025 3065 3064
3025 3026 3066 3065
3026 3027 3067 3066
3027 3028 3068 3067
3028 3029 3069 3068
3029 3030 3070 3069
3030 3031 3071 3070
3031 3032 3072 3071
3032 3033 3073 3072
3033 3034 3074 3073
3034 3035 3075 3074
3035 3036 3076 3075
3036 3037 3077 3076
3037 3038 3078 3077
3038 3039 3079 3078
3040 3041 3081 3080
3041 3042 3082 3081
3042 3043 3083 3082
3043 3044 3084 3083
3044 3045 3085 3084
3045 3046 3086 3085
3046 3047 3087 3086
3047 3048 3088 3087
3048 3049 3089 3088
3049 3050 3090 3089
3050 3051 3091 3090
3051 3052 3092 3091
3052 3053 3093 3092
3053 3054 3094 3093
3054 3055 3095 3094
3055 3056 3096 3095
3056 3057 3097 3096
3057 3058 3098 3097
3058 3059 3099 3098
3059 3060 3100 3099
3060 3061 3101 3100
3061 3062 3102 3101
3062 3063 3103 3102
3063 3064 3104 3103
3064 3065 3105 3104
3065 3066 3106 3105
3066 3067 3107 3106
3067 3068 3108 3107
3068 3069 3109 3108
3069 3070 3110 3109
3070 3071 3111 3110
3071 3072 3112 3111
3072 3073 3113 3112
3073 3074 3114 3113
3074 3075 3115 3114
3075 3076 3116 3115
3076 3077 3117 3116
3077 3078 3118 3117
3078 3079 3119 3118
3080 3081 3121 3120
3081 3082 3122 3121
3082 3083 3123 3122
3083 3084 3124 3123
3084 3085 3125 3124
3085 3086 3126 3125
3086 3087 3127 3126
3087 3088 3128 3127
3088 3089 3129 3128
3089 3090 3130 3129
3090 3091 3131 3130
3091 3092 3132 3131
3092 3093 3133 3132
3093 3094 3134 3133
3094 3095 3135 3134
3095 3096 3136 3135
3096 3097 3137 3136
3097 3098 3138 3137
3098 3099 3139 3138
3099 3100 3140 3139
3100 3101 3141 3140
3101 3102 3142 3141
3102 3103 3143 3142
3103 3104 3144 3143
3104 3105 3145 3144
3105 3106 3146 3145
3106 3107 3147 3146
3107 3108 3148 3147
3108 3109 3149 3148
3109 3110 3150 3149
3110 3111 3151 3150
3111 3112 3152 3151
3112 3113 3153 3152
3113 3114 3154 3153
3114 3115 3155 3154
3115 3116 3156 3155
3116 3117 3157 3156
3117 3118 3158 3157
3118 3119 3159 3158
3120 3121 3161 3160
3121 3122 3162 3161
3122 3123 3163 3162
3123 3124 3164 3163
3124 3125 3165 3164
3125 3126 3166 3165
3126 3127 3167 3166
3127 3128 3168 3167
3128 3129 3169 3168
3129 3130 3170 3169
3130 3131 3171 3170
3131 3132 3172 3171
3132 3133 3173 3172
3133 3134 3174 3173
3134 3135 3175 3174
3135 3136 3176 3175
3136 3137 3177 3176
3137 3138 3178 3177
3138 3139 3179 3178
3139 3140 3180 3179
3140 3141 3181 3180
3141 3142 3182 3181
3142 3143 3183 3182
3143 3144 3184 3183
3144 3145 3185 3184
3145 3146 3186 3185
3146 3147 3187 3186
3147 3148 3188 3187
3148 3149 3189 3188
3149 3150 3190 3189
3150 3151 3191 3190
3151 3152 3192 3191
3152 3153 3193 3192
3153 3154 3194 3193
3154 3155 3195 3194
3155 3156 3196 3195
3156 3157 3197 3196
3157 3158 3198 3197
3158 3159 3199 3198
3160 3161 3201 3200
3161 3162 3202 3201
3162 3163 3203 3202
3163 3164 3204 3203
3164 3165 3205 3204
3165 3166 3206 3205
3166 3167 3207 3206
3167 3168 3208 3207
3168 3169 3209 3208
3169 3170 3210 3209
3170 3171 3211 3210
3171 3172 3212 3211
3172 3173 3213 3212
3173 3174 3214 3213
3174 3175 3215 3214
3175 3176 3216 3215
3176 3177 3217 3216
3177 3178 3218 3217
3178 3179 3219 3218
3179 3180 3220 3219
3180 3181 3221 3220
3181 3182 3222 3221
3182 3183 3223 3222
3183 3184 3224 3223
3184 3185 3225 3224
3185 3186 3226 3225
3186 3187 3227 3226
3187 3188 3228 3227
3188 3189 3229 3228
3189 3190 3230 3229
3190 3191 3231 3230
3191 3192 3232 3231
3192 3193 3233 3232
3193 3194 3234 3233
3194 3195 3235 3234
3195 3196 3236 3235
3196 3197 3237 3236
3197 3198 3238 3237
3198 3199 3239 3238
3200 3201 3241 3240
3201 3202 3242 3241
3202 3203 3243 3242
3203 3204 3244 3243
3204 3205 3245 3244
3205 3206 3246 3245
3206 3207 3247 3246
3207 3208 3248 3247
3208 3209 3249 3248
3209 3210 3250 3249
3210 3211 3251 3250
3211 3212 3252 3251
3212 3213 3253 3252
3213 3214 3254 3253
3214 3215 3255 3254
3215 3216 3256 3255
3216 3217 3257 3256
3217 3218 3258 3257
3218 3219 3259 3258
3219 3220 3260 3259
3220 3221 3261 3260
3221 3222 3262 3261
3222 3223 3263 3262
3223 3224 3264 3263
3224 3225 3265 3264
3225 3226 3266 3265
3226 3227 3267 3266
3227 3228 3268 3267
3228 3229 3269 3268
3229 3230 3270 3269
3230 3231 3271 3270
3231 3232 3272 3271
3232 3233 3273 3272
3233 3234 3274 3273
3234 3235 3275 3274
3235 3236 3276 3275
3236 3237 3277 3276
3237 3238 3278 3277
3238 3239 3279 3278
3240 3241 3281 3280
3241 3242 3282 3281
3242 3243 3283 3282
3243 3244 3284 3283
3244 3245 3285 3284
3245 3246 3286 3285
3246 3247 3287 3286
3247 3248 3288 3287
3248 3249 3289 3288
3249 3250 3290 3289
3250 3251 3291 3290
3251 3252 3292 3291
3252 3253 3293 3292
3253 3254 3294 3293
3254 3255 3295 3294
3255 3256 3296 3295
3256 3257 3297 3296
3257 3258 3298 3297
3258 3259 3299 3298
3259 3260 3300 3299
3260 3261 3301 3300
3261 3262 3302 3301
3262 3263 3303 3302
3263 3264 3304 3303
3264 3265 3305 3304
3265 3266 3306 3305
3266 3267 3307 3306
3267 3268 3308 3307
3268 3269 3309 3308
3269 3270 3310 3309
3270 3271 3311 3310
3271 3272 3312 3311
3272 3273 3313 3312
3273 3274 3314 3313
3274 3275 3315 3314
3275 3276 3316 3315
3276 3277 3317 3316
3277 3278 3318 3317
3278 3279 3319 3318
3280 3281 3321 3320
3281 3282 3322 3321
3282 3283 3323 3322
3283 3284 3324 3323
3284 3285 3325 3324
3285 3286 3326 3325
3286 3287 3327 3326
3287 3288 3328 3327
3288 3289 3329 3328
3289 3290 3330 3329
3290 3291 3331 3330
3291 3292 3332 3331
3292 3293 3333 3332
3293 3294 3334 3333
3294 3295 3335 3334
3295 3296 3336 3335
3296 3297 3337 3336
3297 3298 3338 3337
3298 3299 3339 3338
3299 3300 3340 3339
3300 3301 3341 3340
3301 3302 3342 3341
3302 3303 3343 3342
3303 3304 3344 3343
3304 3305 3345 3344
3305 3306 3346 3345
3306 3307 3347 3346
3307 3308 3348 3347
3308 3309 3349 3348
3309 3310 3350 3349
3310 3311 3351 3350
3311 3312 3352 3351
3312 3313 3353 3352
3313 3314 3354 3353
3314 3315 3355 3354
3315 3316 3356 3355
3316 3317 3357 3356
3317 3318 3358 3357
3318 3319 3359 3358
3320 3321 3361 3360
3321 3322 3362 3361
3322 3323 3363 3362
3323 3324 3364 3363
3324 3325 3365 3364
3325 3326 3366 3365
3326 3327 3367 3366
3327 3328 3368 3367
3328 3329 3369 3368
3329 3330 3370 3369
3330 3331 3371 3370
3331 3332 3372 3371
3332 3333 3373 3372
3333 3334 3374 3373
3334 3335 3375 3374
3335 3336 3376 3375
3336 3337 3377 3376
3337 3338 3378 3377
3338 3339 3379 3378
3339 3340 3380 3379
3340 3341 3381 3380
3341 3342 3382 3381
3342 3343 3383 3382
3343 3344 3384 3383
3344 3345 3385 3384
3345 3346 3386 3385
3346 3347 3387 3386
3347 3348 3388 3387
3348 3349 3389 3388
3349 3350 3390 3389
3350 3351 3391 3390
3351 3352 3392 3391
3352 3353 3393 3392
3353 3354 3394 3393
3354 3355 3395 3394
3355 3356 3396 3395
3356 3357 3397 3396
3357 3358 3398 3397
3358 3359 3399 3398
3360 3361 3401 3400
3361 3362 3402 3401
3362 3363 3403 3402
3363 3364 3404 3403
3364 3365 3405 3404
3365 3366 3406 3405
3366 3367 3407 3406
3367 3368 3408 3407
3368 3369 3409 3408
3369 3370 3410 3409
3370 3371 3411 3410
3371 3372 3412 3411
3372 3373 3413 3412
3373 3374 3414 3413
3374 3375 3415 3414
3375 3376 3416 3415
3376 3377 3417 3416
3377 3378 3418 3417
3378 3379 3419 3418
3379 3380 3420 3419
3380 3381 3421 3420
3381 3382 3422 3421
3382 3383 3423 3422
3383 3384 3424 3423
3384 3385 3425 3424
3385 3386 3426 3425
3386 3387 3427 3426
3387 3388 3428 3427
3388 3389 3429 3428
3389 3390 3430 3429
3390 3391 3431 3430
3391 3392 3432 3431
3392 3393 3433 3432
3393 3394 3434 3433
3394 3395 3435 3434
3395 3396 3436 3435
3396 3397 3437 3436
3397 3398 3438 3437
3398 3399 3439 3438
3400 3401 3441 3440
3401 3402 3442 3441
3402 3403 3443 3442
3403 3404 3444 3443
3404 3405 3445 3444
3405 3406 3446 3445
3406 3407 3447 3446
3407 3408 3448 3447
3408 3409 3449 3448
3409 3410 3450 3449
3410 3411 3451 3450
3411 3412 3452 3451
3412 3413 3453 3452
3413 3414 3454 3453
3414 3415 3455 3454
3415 3416 3456 3455
3416 3417 3457 3456
3417 3418 3458 3457
3418 3419 3459 3458
3419 3420 3460 3459
3420 3421 3461 3460
3421 3422 3462 3461
3422 3423 3463 3462
3423 3424 3464 3463
3424 3425 3465 3464
3425 3426 3466 3465
3426 3427 3467 3466
3427 3428 3468 3467
3428 3429 3469 3468
3429 3430 3470 3469
3430 3431 3471 3470
3431 3432 3472 3471
3432 3433 3473 3472
3433 3434 3474 3473
3434 3435 3475 3474
3435 3436 3476 3475
3436 3437 3477 3476
3437 3438 3478 3477
3438 3439 3479 3478
3440 3441 3481 3480
3441 3442 3482 3481
3442 3443 3483 3482
3443 3444 3484 3483
3444 3445 3485 3484
3445 3446 3486 3485
3446 3447 3487 3486
3447 3448 3488 3487
3448 3449 3489 3488
3449 3450 3490 3489
3450 3451 3491 3490
3451 3452 3492 3491
3452 3453 3493 3492
3453 3454 3494 3493
3454 3455 3495 3494
3455 3456 3496 3495
3456 3457 3497 3496
3457 3458 3498 3497
3458 3459 3499 3498
3459 3460 3500 3499
3460 3461 3501 3500
3461 3462 3502 3501
3462 3463 3503 3502
3463 3464 3504 3503
3464 3465 3505 3504
3465 3466 3506 3505
3466 3467 3507 3506
3467 3468 3508 3507
3468 3469 3509 3508
3469 3470 3510 3509
3470 3471 3511 3510
3471 3472 3512 3511
3472 3473 3513 3512
3473 3474 3514 3513
3474 3475 3515 3514
3475 3476 3516 3515
3476 3477 3517 3516
3477 3478 3518 3517
3478 3479 3519 3518
3480 3481 3521 3520
3481 3482 3522 3521
3482 3483 3523 3522
3483 3484 3524 3523
3484 3485 3525 3524
3485 3486 3526 3525
3486 3487 3527 3526
3487 3488 3528 3527
3488 3489 3529 3528
3489 3490 3530 3529
3490 3491 3531 3530
3491 3492 3532 3531
3492 3493 3533 3532
3493 3494 3534 3533
3494 3495 3535 3534
3495 3496 3536 3535
3496 3497 3537 3536
3497 3498 3538 3537
3498 3499 3539 3538
3499 3500 3540 3539
3500 3501 3541 3540
3501 3502 3542 3541
3502 3503 3543 3542
3503 3504 3544 3543
3504 3505 3545 3544
3505 3506 3546 3545
3506 3507 3547 3546
3507 3508 3548 3547
3508 3509 3549 3548
3509 3510 3550 3549
3510 3511 3551 3550
3511 3512 3552 3551
3512 3513 3553 3552
3513 3514 3554 3553
3514 3515 3555 3554
3515 3516 3556 3555
3516 3517 3557 3556
3517 3518 3558 3557
3518 3519 3559 3558
3520 3521 3561 3560
3521 3522 3562 3561
3522 3523 3563 3562
3523 3524 3564 3563
3524 3525 3565 3564
3525 3526 3566 3565
3526 3527 3567 3566
3527 3528 3568 3567
3528 3529 3569 3568
3529 3530 3570 3569
3530 3531 3571 3570
3531 3532 3572 3571
3532 3533 3573 3572
3533 3534 3574 3573
3534 3535 3575 3574
3535 3536 3576 3575
3536 3537 3577 3576
3537 3538 3578 3577
3538 3539 3579 3578
3539 3540 3580 3579
3540 3541 3581 3580
3541 3542 3582 3581
3542 3543 3583 3582
3543 3544 3584 3583
3544 3545 3585 3584
3545 3546 3586 3585
3546 3547 3587 3586
3547 3548 3588 3587
3548 3549 3589 3588
3549 3550 3590 3589
3550 3551 3591 3590
3551 3552 3592 3591
3552 3553 3593 3592
3553 3554 3594 3593
3554 3555 3595 3594
3555 3556 3596 3595
3556 3557 3597 3596
3557 3558 3598 3597
3558 3559 3599 3598
3560 3561 3601 3600
3561 3562 3602 3601
3562 3563 3603 3602
3563 3564 3604 3603
3564 3565 3605 3604
3565 3566 3606 3605
3566 3567 3607 3606
3567 3568 3608 3607
3568 3569 3609 3608
3569 3570 3610 3609
3570 3571 3611 3610
3571 3572 3612 3611
3572 3573 3613 3612
3573 3574 3614 3613
3574 3575 3615 3614
3575 3576 3616 3615
3576 3577 3617 3616
3577 3578 3618 3617
3578 3579 3619 3618
3579 3580 3620 3619
3580 3581 3621 3620
3581 3582 3622 3621
3582 3583 3623 3622
3583 3584 3624 3623
3584 3585 3625 3624
3585 3586 3626 3625
3586 3587 3627 3626
3587 3588 3628 3627
3588 3589 3629 3628
3589 3590 3630 3629
3590 3591 3631 3630
3591 3592 3632 3631
3592 3593 3633 3632
3593 3594 3634 3633
3594 3595 3635 3634
3595 3596 3636 3635
3596 3597 3637 3636
3597 3598 3638 3637
3598 3599 3639 3638
3600 3601 3641 3640
3601 3602 3642 3641
3602 3603 3643 3642
3603 3604 3644 3643
3604 3605 3645 3644
3605 3606 3646 3645
3606 3607 3647 3646
3607 3608 3648 3647
3608 3609 3649 3648
3609 3610 3650 3649
3610 3611 3651 3650
3611 3612 3652 3651
3612 3613 3653 3652
3613 3614 3654 3653
3614 3615 3655 3654
3615 3616 3656 3655
3616 3617 3657 3656
3617 3618 3658 3657
3618 3619 3659 3658
3619 3620 3660 3659
3620 3621 3661 3660
3621 3622 3662 3661
3622 3623 3663 3662
3623 3624 3664 3663
3624 3625 3665 3664
3625 3626 3666 3665
3626 3627 3667 3666
3627 3628 3668 3667
3628 3629 3669 3668
3629 3630 3670 3669
3630 3631 3671 3670
3631 3632 3672 3671
3632 3633 3673 3672
3633 3634 3674 3673
3634 3635 3675 3674
3635 3636 3676 3675
3636 3637 3677 3676
3637 3638 3678 3677
3638 3639 3679 3678
3640 3641 3681 3680
3641 3642 3682 3681
3642 3643 3683 3682
3643 3644 3684 3683
3644 3645 3685 3684
3645 3646 3686 3685
3646 3647 3687 3686
3647 3648 3688 3687
3648 3649 3689 3688
3649 3650 3690 3689
3650 3651 3691 3690
3651 3652 3692 3691
3652 3653 3693 3692
3653 3654 3694 3693
3654 3655 3695 3694
3655 3656 3696 3695
3656 3657 3697 3696
3657 3658 3698 3697
3658 3659 3699 3698
3659 3660 3700 3699
3660 3661 3701 3700
3661 3662 3702 3701
3662 3663 3703 3702
3663 3664 3704 3703
3664 3665 3705 3704
3665 3666 3706 3705
3666 3667 3707 3706
3667 3668 3708 3707
3668 3669 3709 3708
3669 3670 3710 3709
3670 3671 3711 3710
3671 3672 3712 3711
3672 3673 3713 3712
3673 3674 3714 3713
3674 3675 3715 3714
3675 3676 3716 3715
3676 3677 3717 3716
3677 3678 3718 3717
3678 3679 3719 3718
3680 3681 3721 3720
3681 3682 3722 3721
3682 3683 3723 3722
3683 3684 3724 3723
3684 3685 3725 3724
3685 3686 3726 3725
3686 3687 3727 3726
3687 3688 3728 3727
3688 3689 3729 3728
3689 3690 3730 3729
3690 3691 3731 3730
3691 3692 3732 3731
3692 3693 3733 3732
3693 3694 3734 3733
3694 3695 3735 3734
3695 3696 3736 3735
3696 3697 3737 3736
3697 3698 3738 3737
3698 3699 3739 3738
3699 3700 3740 3739
3700 3701 3741 3740
3701 3702 3742 3741
3702 3703 3743 3742
3703 3704 3744 3743
3704 3705 3745 3744
3705 3706 3746 3745
3706 3707 3747 3746
3707 3708 3748 3747
3708 3709 3749 3748
3709 3710 3750 3749
3710 3711 3751 3750
3711 3712 3752 3751
3712 3713 3753 3752
3713 3714 3754 3753
3714 3715 3755 3754
3715 3716 3756 3755
3716 3717 3757 3756
3717 3718 3758 3757
3718 3719 3759 3758
3720 3721 3761 3760
3721 3722 3762 3761
3722 3723 3763 3762
3723 3724 3764 3763
3724 3725 3765 3764
3725 3726 3766 3765
3726 3727 3767 3766
3727 3728 3768 3767
3728 3729 3769 3768
3729 3730 3770 3769
3730 3731 3771 3770
3731 3732 3772 3771
3732 3733 3773 3772
3733 3734 3774 3773
3734 3735 3775 3774
3735 3736 3776 3775
3736 3737 3777 3776
3737 3738 3778 3777
3738 3739 3779 3778
3739 3740 3780 3779
3740 3741 3781 3780
3741 3742 3782 3781
3742 3743 3783 3782
3743 3744 3784 3783
3744 3745 3785 3784
3745 3746 3786 3785
3746 3747 3787 3786
3747 3748 3788 3787
3748 3749 3789 3788
3749 3750 3790 3789
3750 3751 3791 3790
3751 3752 3792 3791
3752 3753 3793 3792
3753 3754 3794 3793
3754 3755 3795 3794
3755 3756 3796 3795
3756 3757 3797 3796
3757 3758 3798 3797
3758 3759 3799 3798
3760 3761 3801 3800
3761 3762 3802 3801
3762 3763 3803 3802
3763 3764 3804 3803
3764 3765 3805 3804
3765 3766 3806 3805
3766 3767 3807 3806
3767 3768 3808 3807
3768 3769 3809 3808
3769 3770 3810 3809
3770 3771 3811 3810
3771 3772 3812 3811
3772 3773 3813 3812
3773 3774 3814 3813
3774 3775 3815 3814
3775 3776 3816 3815
3776 3777 3817 3816
3777 3778 3818 3817
3778 3779 3819 3818
3779 3780 3820 3819
3780 3781 3821 3820
3781 3782 3822 3821
3782 3783 3823 3822
3783 3784 3824 3823
3784 3785 3825 3824
3785 3786 3826 3825
3786 3787 3827 3826
3787 3788 3828 3827
3788 3789 3829 3828
3789 3790 3830 3829
3790 3791 3831 3830
3791 3792 3832 3831
3792 3793 3833 3832
3793 3794 3834 3833
3794 3795 3835 3834
3795 3796 3836 3835
3796 3797 3837 3836
3797 3798 3838 3837
3798 3799 3839 3838
3800 3801 3841 3840
3801 3802 3842 3841
3802 3803 3843 3842
3803 3804 3844 3843
3804 3805 3845 3844
3805 3806 3846 3845
3806 3807 3847 3846
3807 3808 3848 3847
3808 3809 3849 3848
3809 3810 3850 3849
3810 3811 3851 3850
3811 3812 3852 3851
3812 3813 3853 3852
3813 3814 3854 3853
3814 3815 3855 3854
3815 3816 3856 3855
3816 3817 3857 3856
3817 3818 3858 3857
3818 3819 3859 3858
3819 3820 3860 3859
3820 3821 3861 3860
3821 3822 3862 3861
3822 3823 3863 3862
3823 3824 3864 3863
3824 3825 3865 3864
3825 3826 3866 3865
3826 3827 3867 3866
3827 3828 3868 3867
3828 3829 3869 3868
3829 3830 3870 3869
3830 3831 3871 3870
3831 3832 3872 3871
3832 3833 3873 3872
3833 3834 3874 3873
3834 3835 3875 3874
3835 3836 3876 3875
3836 3837 3877 3876
3837 3838 3878 3877
3838 3839 3879 3878
3840 3841 3881 3880
3841 3842 3882 3881
3842 3843 3883 3882
3843 3844 3884 3883
3844 3845 3885 3884
3845 3846 3886 3885
3846 3847 3887 3886
3847 3848 3888 3887
3848 3849 3889 3888
3849 3850 3890 3889
3850 3851 3891 3890
3851 3852 3892 3891
3852 3853 3893 3892
3853 3854 3894 3893
3854 3855 3895 3894
3855 3856 3896 3895
3856 3857 3897 3896
3857 3858 3898 3897
3858 3859 3899 3898
3859 3860 3900 3899
3860 3861 3901 3900
3861 3862 3902 3901
3862 3863 3903 3902
3863 3864 3904 3903
3864 3865 3905 3904
3865 3866 3906 3905
3866 3867 3907 3906
3867 3868 3908 3907
3868 3869 3909 3908
3869 3870 3910 3909
3870 3871 3911 3910
3871 3872 3912 3911
3872 3873 3913 3912
3873 3874 3914 3913
3874 3875 3915 3914
3875 3876 3916 3915
3876 3877 3917 3916
3877 3878 3918 3917
3878 3879 3919 3918
3880 3881 3921 3920
3881 3882 3922 3921
3882 3883 3923 3922
3883 3884 3924 3923
3884 3885 3925 3924
3885 3886 3926 3925
3886 3887 3927 3926
3887 3888 3928 3927
3888 3889 3929 3928
3889 3890 3930 3929
3890 3891 3931 3930
3891 3892 3932 3931
3892 3893 3933 3932
3893 3894 3934 3933
3894 3895 3935 3934
3895 3896 3936 3935
3896 3897 3937 3936
3897 3898 3938 3937
3898 3899 3939 3938
3899 3900 3940 3939
3900 3901 3941 3940
3901 3902 3942 3941
3902 3903 3943 3942
3903 3904 3944 3943
3904 3905 3945 3944
3905 3906 3946 3945
3906 3907 3947 3946
3907 3908 3948 3947
3908 3909 3949 3948
3909 3910 3950 3949
3910 3911 3951 3950
3911 3912 3952 3951
3912 3913 3953 3952
3913 3914 3954 3953
3914 3915 3955 3954
3915 3916 3956 3955
3916 3917 3957 3956
3917 3918 3958 3957
3918 3919 3959 3958
3920 3921 3961 3960
3921 3922 3962 3961
3922 3923 3963 3962
3923 3924 3964 3963
3924 3925 3965 3964
3925 3926 3966 3965
3926 3927 3967 3966
3927 3928 3968 3967
3928 3929 3969 3968
3929 3930 3970 3969
3930 3931 3971 3970
3931 3932 3972 3971
3932 3933 3973 3972
3933 3934 3974 3973
3934 3935 3975 3974
3935 3936 3976 3975
3936 3937 3977 3976
3937 3938 3978 3977
3938 3939 3979 3978
3939 3940 3980 3979
3940 3941 3981 3980
3941 3942 3982 3981
3942 3943 3983 3982
3943 3944 3984 3983
3944 3945 3985 3984
3945 3946 3986 3985
3946 3947 3987 3986
3947 3948 3988 3987
3948 3949 3989 3988
3949 3950 3990 3989
3950 3951 3991 3990
3951 3952 3992 3991
3952 3953 3993 3992
3953 3954 3994 3993
3954 3955 3995 3994
3955 3956 3996 3995
3956 3957 3997 3996
3957 3958 3998 3997
3958 3959 3999 3998
3960 3961 4001 4000
3961 3962 4002 4001
3962 3963 4003 4002
3963 3964 4004 4003
3964 3965 4005 4004
3965 3966 4006 4005
3966 3967 4007 4006
3967 3968 4008 4007
3968 3969 4009 4008
3969 3970 4010 4009
3970 3971 4011 4010
3971 3972 4012 4011
3972 3973 4013 4012
3973 3974 4014 4013
3974 3975 4015 4014
3975 3976 4016 4015
3976 3977 4017 4016
3977 3978 4018 4017
3978 3979 4019 4018
3979 3980 4020 4019
3980 3981 4021 4020
3981 3982 4022 4021
3982 3983 4023 4022
3983 3984 4024 4023
3984 3985 4025 4024
3985 3986 4026 4025
3986 3987 4027 4026
3987 3988 4028 4027
3988 3989 4029 4028
3989 3990 4030 4029
3990 3991 4031 4030
3991 3992 4032 4031
3992 3993 4033 4032
3993 3994 4034 4033
3994 3995 4035 4034
3995 3996 4036 4035
3996 3997 4037 4036
3997 3998 4038 4037
3998 3999 4039 4038
4000 4001 4041 4040
4001 4002 4042 4041
4002 4003 4043 4042
4003 4004 4044 4043
4004 4005 4045 4044
4005 4006 4046 4045
4006 4007 4047 4046
4007 4008 4048 4047
4008 4009 4049 4048
4009 4010 4050 4049
4010 4011 4051 4050
4011 4012 4052 4051
4012 4013 4053 4052
4013 4014 4054 4053
4014 4015 4055 4054
4015 4016 4056 4055
4016 4017 4057 4056
4017 4018 4058 4057
4018 4019 4059 4058
4019 4020 4060 4059
4020 4021 4061 4060
4021 4022 4062 4061
4022 4023 4063 4062
4023 4024 4064 4063
4024 4025 4065 4064
4025 4026 4066 4065
4026 4027 4067 4066
4027 4028 4068 4067
4028 4029 4069 4068
4029 4030 4070 4069
4030 4031 4071 4070
4031 4032 4072 4071
4032 4033 4073 4072
4033 4034 4074 4073
4034 4035 4075 4074
4035 4036 4076 4075
4036 4037 4077 4076
4037 4038 4078 4077
4038 4039 4079 4078
4040 4041 4081 4080
4041 4042 4082 4081
4042 4043 4083 4082
4043 4044 4084 4083
4044 4045 4085 4084
4045 4046 4086 4085
4046 4047 4087 4086
4047 4048 4088 4087
4048 4049 4089 4088
4049 4050 4090 4089
4050 4051 4091 4090
4051 4052 4092 4091
4052 4053 4093 4092
4053 4054 4094 4093
4054 4055 4095 4094
4055 4056 4096 4095
4056 4057 4097 4096
4057 4058 4098 4097
4058 4059 4099 4098
4059 4060 4100 4099
4060 4061 4101 4100
4061 4062 4102 4101
4062 4063 4103 4102
4063 4064 4104 4103
4064 4065 4105 4104
4065 4066 4106 4105
4066 4067 4107 4106
4067 4068 4108 4107
4068 4069 4109 4108
4069 4070 4110 4109
4070 4071 4111 4110
4071 4072 4112 4111
4072 4073 4113 4112
4073 4074 4114 4113
4074 4075 4115 4114
4075 4076 4116 4115
4076 4077 4117 4116
4077 4078 4118 4117
4078 4079 4119 4118
4080 4081 4121 4120
4081 4082 4122 4121
4082 4083 4123 4122
4083 4084 4124 4123
4084 4085 4125 4124
4085 4086 4126 4125
4086 4087 4127 4126
4087 4088 4128 4127
4088 4089 4129 4128
4089 4090 4130 4129
4090 4091 4131 4130
4091 4092 4132 4131
4092 4093 4133 4132
4093 4094 4134 4133
4094 4095 4135 4134
4095 4096 4136 4135
4096 4097 4137 4136
4097 4098 4138 4137
4098 4099 4139 4138
4099 4100 4140 4139
4100 4101 4141 4140
4101 4102 4142 4141
4102 4103 4143 4142
4103 4104 4144 4143
4104 4105 4145 4144
4105 4106 4146 4145
4106 4107 4147 4146
4107 4108 4148 4147
4108 4109 4149 4148
4109 4110 4150 4149
4110 4111 4151 4150
4111 4112 4152 4151
4112 4113 4153 4152
4113 4114 4154 4153
4114 4115 4155 4154
4115 4116 4156 4155
4116 4117 4157 4156
4117 4118 4158 4157
4118 4119 4159 4158
4120 4121 4161 4160
4121 4122 4162 4161
4122 4123 4163 4162
4123 4124 4164 4163
4124 4125 4165 4164
4125 4126 4166 4165
4126 4127 4167 4166
4127 4128 4168 4167
4128 4129 4169 4168
4129 4130 4170 4169
4130 4131 4171 4170
4131 4132 4172 4171
4132 4133 4173 4172
4133 4134 4174 4173
4134 4135 4175 4174
4135 4136 4176 4175
4136 4137 4177 4176
4137 4138 4178 4177
4138 4139 4179 4178
4139 4140 4180 4179
4140 4141 4181 4180
4141 4142 4182 4181
4142 4143 4183 4182
4143 4144 4184 4183
4144 4145 4185 4184
4145 4146 4186 4185
4146 4147 4187 4186
4147 4148 4188 4187
4148 4149 4189 4188
4149 4150 4190 4189
4150 4151 4191 4190
4151 4152 4192 4191
4152 4153 4193 4192
4153 4154 4194 4193
4154 4155 4195 4194
4155 4156 4196 4195
4156 4157 4197 4196
4157 4158 4198 4197
4158 4159 4199 4198
</DataArray>
<DataArray type="Int32" Name="offsets" format="ascii">
4
8
12
16
20
24
28
32
36
40
44
48
52
56
60
64
68
72
76
80
84
88
92
96
100
104
108
112
116
120
124
128
132
136
140
144
148
152
156
160
164
168
172
176
180
184
188
192
196
200
204
208
212
216
220
224
228
232
236
240
244
248
252
256
260
264
268
272
276
280
284
288
292
296
300
304
308
312
316
320
324
328
332
336
340
344
348
352
356
360
364
368
372
376
380
384
388
392
396
400
404
408
412
416
420
424
428
432
436
440
444
448
452
456
460
464
468
472
476
480
484
488
492
496
500
504
508
512
516
520
524
528
532
536
540
544
548
552
556
560
564
568
572
576
580
584
588
592
596
600
604
608
612
616
620
624
628
632
636
640
644
648
652
656
660
664
668
672
676
680
684
688
692
696
700
704
708
712
716
720
724
728
732
736
740
744
748
752
756
760
764
768
772
776
780
784
788
792
796
800
804
808
812
816
820
824
828
832
836
840
844
848
852
856
860
864
868
872
876
880
884
888
892
896
900
904
908
912
916
920
924
928
932
936
940
944
948
952
956
960
964
968
972
976
980
984
988
992
996
1000
1004
1008
1012
1016
1020
1024
1028
1032
1036
1040
1044
1048
1052
1056
1060
1064
1068
1072
1076
1080
1084
1088
1092
1096
1100
1104
1108
1112
1116
1120
1124
1128
1132
1136
1140
1144
1148
1152
1156
1160
1164
1168
1172
1176
1180
1184
1188
1192
1196
1200
1204
1208
1212
1216
1220
1224
1228
1232
1236
1240
1244
1248
1252
1256
1260
1264
1268
1272
1276
1280
1284
1288
1292
1296
1300
1304
1308
1312
1316
1320
1324
1328
1332
1336
1340
1344
1348
1352
1356
1360
1364
1368
1372
1376
1380
1384
1388
1392
1396
1400
1404
1408
1412
1416
1420
1424
1428
1432
1436
1440
1444
1448
1452
1456
1460
1464
1468
1472
1476
1480
1484
1488
1492
1496
1500
1504
1508
1512
1516
1520
1524
1528
1532
1536
1540
1544
1548
1552
1556
1560
1564
1568
1572
1576
1580
1584
1588
1592
1596
1600
1604
1608
1612
1616
1620
1624
1628
1632
1636
1640
1644
1648
1652
1656
1660
1664
1668
1672
1676
1680
1684
1688
1692
1696
1700
1704
1708
1712
1716
1720
1724
1728
1732
1736
1740
1744
1748
1752
1756
1760
1764
1768
1772
1776
1780
1784
1788
1792
1796
1800
1804
1808
1812
1816
1820
1824
1828
1832
1836
1840
1844
1848
1852
1856
1860
1864
1868
1872
1876
1880
1884
1888
1892
1896
1900
1904
1908
1912
1916
1920
1924
1928
1932
1936
1940
1944
1948
1952
1956
1960
1964
1968
1972
1976
1980
1984
1988
1992
1996
2000
2004
2008
2012
2016
2020
2024
2028
2032
2036
2040
2044
2048
2052
2056
2060
2064
2068
2072
2076
2080
2084
2088
2092
2096
2100
2104
2108
2112
2116
2120
2124
2128
2132
2136
2140
2144
2148
2152
2156
2160
2164
2168
2172
2176
2180
2184
2188
2192
2196
2200
2204
2208
2212
2216
2220
2224
2228
2232
2236
2240
2244
2248
2252
2256
2260
2264
2268
2272
2276
2280
2284
2288
2292
2296
2300
2304
2308
2312
2316
2320
2324
2328
2332
2336
2340
2344
2348
2352
2356
2360
2364
2368
2372
2376
2380
2384
2388
2392
2396
2400
2404
2408
2412
2416
2420
2424
2428
2432
2436
2440
2444
2448
2452
2456
2460
2464
2468
2472
2476
2480
2484
2488
2492
2496
2500
2504
2508
2512
2516
2520
2524
2528
2532
2536
2540
2544
2548
2552
2556
2560
2564
2568
2572
2576
2580
2584
2588
2592
2596
2600
2604
2608
2612
2616
2620
2624
2628
2632
2636
2640
2644
2648
2652
2656
2660
2664
2668
2672
2676
2680
2684
2688
2692
2696
2700
2704
2708
2712
2716
2720
2724
2728
2732
2736
2740
2744
2748
2752
2756
2760
2764
2768
2772
2776
2780
2784
2788
2792
2796
2800
2804
2808
2812
2816
2820
2824
2828
2832
2836
2840
2844
2848
2852
2856
2860
2864
2868
2872
2876
2880
2884
2888
2892
2896
2900
2904
2908
2912
2916
2920
2924
2928
2932
2936
2940
2944
2948
2952
2956
2960
2964
2968
2972
2976
2980
2984
2988
2992
2996
3000
3004
3008
3012
3016
3020
3024
3028
3032
3036
3040
3044
3048
3052
3056
3060
3064
3068
3072
3076
3080
3084
3088
3092
3096
3100
3104
3108
3112
3116
3120
3124
3128
3132
3136
3140
3144
3148
3152
3156
3160
3164
3168
3172
3176
3180
3184
3188
3192
3196
3200
3204
3208
3212
3216
3220
3224
3228
3232
3236
3240
3244
3248
3252
3256
3260
3264
3268
3272
3276
3280
3284
3288
3292
3296
3300
3304
3308
3312
3316
3320
3324
3328
3332
3336
3340
3344
3348
3352
3356
3360
3364
3368
3372
3376
3380
3384
3388
3392
3396
3400
3404
3408
3412
3416
3420
3424
3428
3432
3436
3440
3444
3448
3452
3456
3460
3464
3468
3472
3476
3480
3484
3488
3492
3496
3500
3504
3508
3512
3516
3520
3524
3528
3532
3536
3540
3544
3548
3552
3556
3560
3564
3568
3572
3576
3580
3584
3588
3592
3596
3600
3604
3608
3612
3616
3620
3624
3628
3632
3636
3640
3644
3648
3652
3656
3660
3664
3668
3672
3676
3680
3684
3688
3692
3696
3700
3704
3708
3712
3716
3720
3724
3728
3732
3736
3740
3744
3748
3752
3756
3760
3764
3768
3772
3776
3780
3784
3788
3792
3796
3800
3804
3808
3812
3816
3820
3824
3828
3832
3836
3840
3844
3848
3852
3856
3860
3864
3868
3872
3876
3880
3884
3888
3892
3896
3900
3904
3908
3912
3916
3920
3924
3928
3932
3936
3940
3944
3948
3952
3956
3960
3964
3968
3972
3976
3980
3984
3988
3992
3996
4000
4004
4008
4012
4016
4020
4024
4028
4032
4036
4040
4044
4048
4052
4056
4060
4064
4068
4072
4076
4080
4084
4088
4092
4096
4100
4104
4108
4112
4116
4120
4124
4128
4132
4136
4140
4144
4148
4152
4156
4160
4164
4168
4172
4176
4180
4184
4188
4192
4196
4200
4204
4208
4212
4216
4220
4224
4228
4232
4236
4240
4244
4248
4252
4256
4260
4264
4268
4272
4276
4280
4284
4288
4292
4296
4300
4304
4308
4312
4316
4320
4324
4328
4332
4336
4340
4344
4348
4352
4356
4360
4364
4368
4372
4376
4380
4384
4388
4392
4396
4400
4404
4408
4412
4416
4420
4424
4428
4432
4436
4440
4444
4448
4452
4456
4460
4464
4468
4472
4476
4480
4484
4488
4492
4496
4500
4504
4508
4512
4516
4520
4524
4528
4532
4536
4540
4544
4548
4552
4556
4560
4564
4568
4572
4576
4580
4584
4588
4592
4596
4600
4604
4608
4612
4616
4620
4624
4628
4632
4636
4640
4644
4648
4652
4656
4660
4664
4668
4672
4676
4680
4684
4688
4692
4696
4700
4704
4708
4712
4716
4720
4724
4728
4732
4736
4740
4744
4748
4752
4756
4760
4764
4768
4772
4776
4780
4784
4788
4792
4796
4800
4804
4808
4812
4816
4820
4824
4828
4832
4836
4840
4844
4848
4852
4856
4860
4864
4868
4872
4876
4880
4884
4888
4892
4896
4900
4904
4908
4912
4916
4920
4924
4928
4932
4936
4940
4944
4948
4952
4956
4960
4964
4968
4972
4976
4980
4984
4988
4992
4996
5000
5004
5008
5012
5016
5020
5024
5028
5032
5036
5040
5044
5048
5052
5056
5060
5064
5068
5072
5076
5080
5084
5088
5092
5096
5100
5104
5108
5112
5116
5120
5124
5128
5132
5136
5140
5144
5148
5152
5156
5160
5164
5168
5172
5176
5180
5184
5188
5192
5196
5200
5204
5208
5212
5216
5220
5224
5228
5232
5236
5240
5244
5248
5252
5256
5260
5264
5268
5272
5276
5280
5284
5288
5292
5296
5300
5304
5308
5312
5316
5320
5324
5328
5332
5336
5340
5344
5348
5352
5356
5360
5364
5368
5372
5376
5380
5384
5388
5392
5396
5400
5404
5408
5412
5416
5420
5424
5428
5432
5436
5440
5444
5448
5452
5456
5460
5464
5468
5472
5476
5480
5484
5488
5492
5496
5500
5504
5508
5512
5516
5520
5524
5528
5532
5536
5540
5544
5548
5552
5556
5560
5564
5568
5572
5576
5580
5584
5588
5592
5596
5600
5604
5608
5612
5616
5620
5624
5628
5632
5636
5640
5644
5648
5652
5656
5660
5664
5668
5672
5676
5680
5684
5688
5692
5696
5700
5704
5708
5712
5716
5720
5724
5728
5732
5736
5740
5744
5748
5752
5756
5760
5764
5768
5772
5776
5780
5784
5788
5792
5796
5800
5804
5808
5812
5816
5820
5824
5828
5832
5836
5840
5844
5848
5852
5856
5860
5864
5868
5872
5876
5880
5884
5888
5892
5896
5900
5904
5908
5912
5916
5920
5924
5928
5932
5936
5940
5944
5948
5952
5956
5960
5964
5968
5972
5976
5980
5984
5988
5992
5996
6000
6004
6008
6012
6016
6020
6024
6028
6032
6036
6040
6044
6048
6052
6056
6060
6064
6068
6072
6076
6080
6084
6088
6092
6096
6100
6104
6108
6112
6116
6120
6124
6128
6132
6136
6140
6144
6148
6152
6156
6160
6164
6168
6172
6176
6180
6184
6188
6192
6196
6200
6204
6208
6212
6216
6220
6224
6228
6232
6236
6240
6244
6248
6252
6256
6260
6264
6268
6272
6276
6280
6284
6288
6292
6296
6300
6304
6308
6312
6316
6320
6324
6328
6332
6336
6340
6344
6348
6352
6356
6360
6364
6368
6372
6376
6380
6384
6388
6392
6396
6400
6404
6408
6412
6416
6420
6424
6428
6432
6436
6440
6444
6448
6452
6456
6460
6464
6468
6472
6476
6480
6484
6488
6492
6496
6500
6504
6508
6512
6516
6520
6524
6528
6532
6536
6540
6544
6548
6552
6556
6560
6564
6568
6572
6576
6580
6584
6588
6592
6596
6600
6604
6608
6612
6616
6620
6624
6628
6632
6636
6640
6644
6648
6652
6656
6660
6664
6668
6672
6676
6680
6684
6688
6692
6696
6700
6704
6708
6712
6716
6720
6724
6728
6732
6736
6740
6744
6748
6752
6756
6760
6764
6768
6772
6776
6780
6784
6788
6792
6796
6800
6804
6808
6812
6816
6820
6824
6828
6832
6836
6840
6844
6848
6852
6856
6860
6864
6868
6872
6876
6880
6884
6888
6892
6896
6900
6904
6908
6912
6916
6920
6924
6928
6932
6936
6940
6944
6948
6952
6956
6960
6964
6968
6972
6976
6980
6984
6988
6992
6996
7000
7004
7008
7012
7016
7020
7024
7028
7032
7036
7040
7044
7048
7052
7056
7060
7064
7068
7072
7076
7080
7084
7088
7092
7096
7100
7104
7108
7112
7116
7120
7124
7128
7132
7136
7140
7144
7148
7152
7156
7160
7164
7168
7172
7176
7180
7184
7188
7192
7196
7200
7204
7208
7212
7216
7220
7224
7228
7232
7236
7240
7244
7248
7252
7256
7260
7264
7268
7272
7276
7280
7284
7288
7292
7296
7300
7304
7308
7312
7316
7320
7324
7328
7332
7336
7340
7344
7348
7352
7356
7360
7364
7368
7372
7376
7380
7384
7388
7392
7396
7400
7404
7408
7412
7416
7420
7424
7428
7432
7436
7440
7444
7448
7452
7456
7460
7464
7468
7472
7476
7480
7484
7488
7492
7496
7500
7504
7508
7512
7516
7520
7524
7528
7532
7536
7540
7544
7548
7552
7556
7560
7564
7568
7572
7576
7580
7584
7588
7592
7596
7600
7604
7608
7612
7616
7620
7624
7628
7632
7636
7640
7644
7648
7652
7656
7660
7664
7668
7672
7676
7680
7684
7688
7692
7696
7700
7704
7708
7712
7716
7720
7724
7728
7732
7736
7740
7744
7748
7752
7756
7760
7764
7768
7772
7776
7780
7784
7788
7792
7796
7800
7804
7808
7812
7816
7820
7824
7828
7832
7836
7840
7844
7848
7852
7856
7860
7864
7868
7872
7876
7880
7884
7888
7892
7896
7900
7904
7908
7912
7916
7920
7924
7928
7932
7936
7940
7944
7948
7952
7956
7960
7964
7968
7972
7976
7980
7984
7988
7992
7996
8000
8004
8008
8012
8016
8020
8024
8028
8032
8036
8040
8044
8048
8052
8056
8060
8064
8068
8072
8076
8080
8084
8088
8092
8096
8100
8104
8108
8112
8116
8120
8124
8128
8132
8136
8140
8144
8148
8152
8156
8160
8164
8168
8172
8176
8180
8184
8188
8192
8196
8200
8204
8208
8212
8216
8220
8224
8228
8232
8236
8240
8244
8248
8252
8256
8260
8264
8268
8272
8276
8280
8284
8288
8292
8296
8300
8304
8308
8312
8316
8320
8324
8328
8332
8336
8340
8344
8348
8352
8356
8360
8364
8368
8372
8376
8380
8384
8388
8392
8396
8400
8404
8408
8412
8416
8420
8424
8428
8432
8436
8440
8444
8448
8452
8456
8460
8464
8468
8472
8476
8480
8484
8488
8492
8496
8500
8504
8508
8512
8516
8520
8524
8528
8532
8536
8540
8544
8548
8552
8556
8560
8564
8568
8572
8576
8580
8584
8588
8592
8596
8600
8604
8608
8612
8616
8620
8624
8628
8632
8636
8640
8644
8648
8652
8656
8660
8664
8668
8672
8676
8680
8684
8688
8692
8696
8700
8704
8708
8712
8716
8720
8724
8728
8732
8736
8740
8744
8748
8752
8756
8760
8764
8768
8772
8776
8780
8784
8788
8792
8796
8800
8804
8808
8812
8816
8820
8824
8828
8832
8836
8840
8844
8848
8852
8856
8860
8864
8868
8872
8876
8880
8884
8888
8892
8896
8900
8904
8908
8912
8916
8920
8924
8928
8932
8936
8940
8944
8948
8952
8956
8960
8964
8968
8972
8976
8980
8984
8988
8992
8996
9000
9004
9008
9012
9016
9020
9024
9028
9032
9036
9040
9044
9048
9052
9056
9060
9064
9068
9072
9076
9080
9084
9088
9092
9096
9100
9104
9108
9112
9116
9120
9124
9128
9132
9136
9140
9144
9148
9152
9156
9160
9164
9168
9172
9176
9180
9184
9188
9192
9196
9200
9204
9208
9212
9216
9220
9224
9228
9232
9236
9240
9244
9248
9252
9256
9260
9264
9268
9272
9276
9280
9284
9288
9292
9296
9300
9304
9308
9312
9316
9320
9324
9328
9332
9336
9340
9344
9348
9352
9356
9360
9364
9368
9372
9376
9380
9384
9388
9392
9396
9400
9404
9408
9412
9416
9420
9424
9428
9432
9436
9440
9444
9448
9452
9456
9460
9464
9468
9472
9476
9480
9484
9488
9492
9496
9500
9504
9508
9512
9516
9520
9524
9528
9532
9536
9540
9544
9548
9552
9556
9560
9564
9568
9572
9576
9580
9584
9588
9592
9596
9600
9604
9608
9612
9616
9620
9624
9628
9632
9636
9640
9644
9648
9652
9656
9660
9664
9668
9672
9676
9680
9684
9688
9692
9696
9700
9704
9708
9712
9716
9720
9724
9728
9732
9736
9740
9744
9748
9752
9756
9760
9764
9768
9772
9776
9780
9784
9788
9792
9796
9800
9804
9808
9812
9816
9820
9824
9828
9832
9836
9840
9844
9848
9852
9856
9860
9864
9868
9872
9876
9880
9884
9888
9892
9896
9900
9904
9908
9912
9916
9920
9924
9928
9932
9936
9940
9944
9948
9952
9956
9960
9964
9968
9972
9976
9980
9984
9988
9992
9996
10000
10004
10008
10012
10016
10020
10024
10028
10032
10036
10040
10044
10048
10052
10056
10060
10064
10068
10072
10076
10080
10084
10088
10092
10096
10100
10104
10108
10112
10116
10120
10124
10128
10132
10136
10140
10144
10148
10152
10156
10160
10164
10168
10172
10176
10180
10184
10188
10192
10196
10200
10204
10208
10212
10216
10220
10224
10228
10232
10236
10240
10244
10248
10252
10256
10260
10264
10268
10272
10276
10280
10284
10288
10292
10296
10300
10304
10308
10312
10316
10320
10324
10328
10332
10336
10340
10344
10348
10352
10356
10360
10364
10368
10372
10376
10380
10384
10388
10392
10396
10400
10404
10408
10412
10416
10420
10424
10428
10432
10436
10440
10444
10448
10452
10456
10460
10464
10468
10472
10476
10480
10484
10488
10492
10496
10500
10504
10508
10512
10516
10520
10524
10528
10532
10536
10540
10544
10548
10552
10556
10560
10564
10568
10572
10576
10580
10584
10588
10592
10596
10600
10604
10608
10612
10616
10620
10624
10628
10632
10636
10640
10644
10648
10652
10656
10660
10664
10668
10672
10676
10680
10684
10688
10692
10696
10700
10704
10708
10712
10716
10720
10724
10728
10732
10736
10740
10744
10748
10752
10756
10760
10764
10768
10772
10776
10780
10784
10788
10792
10796
10800
10804
10808
10812
10816
10820
10824
10828
10832
10836
10840
10844
10848
10852
10856
10860
10864
10868
10872
10876
10880
10884
10888
10892
10896
10900
10904
10908
10912
10916
10920
10924
10928
10932
10936
10940
10944
10948
10952
10956
10960
10964
10968
10972
10976
10980
10984
10988
10992
10996
11000
11004
11008
11012
11016
11020
11024
11028
11032
11036
11040
11044
11048
11052
11056
11060
11064
11068
11072
11076
11080
11084
11088
11092
11096
11100
11104
11108
11112
11116
11120
11124
11128
11132
11136
11140
11144
11148
11152
11156
11160
11164
11168
11172
11176
11180
11184
11188
11192
11196
11200
11204
11208
11212
11216
11220
11224
11228
11232
11236
11240
11244
11248
11252
11256
11260
11264
11268
11272
11276
11280
11284
11288
11292
11296
11300
11304
11308
11312
11316
11320
11324
11328
11332
11336
11340
11344
11348
11352
11356
11360
11364
11368
11372
11376
11380
11384
11388
11392
11396
11400
11404
11408
11412
11416
11420
11424
11428
11432
11436
11440
11444
11448
11452
11456
11460
11464
11468
11472
11476
11480
11484
11488
11492
11496
11500
11504
11508
11512
11516
11520
11524
11528
11532
11536
11540
11544
11548
11552
11556
11560
11564
11568
11572
11576
11580
11584
11588
11592
11596
11600
11604
11608
11612
11616
11620
11624
11628
11632
11636
11640
11644
11648
11652
11656
11660
11664
11668
11672
11676
11680
11684
11688
11692
11696
11700
11704
11708
11712
11716
11720
11724
11728
11732
11736
11740
11744
11748
11752
11756
11760
11764
11768
11772
11776
11780
11784
11788
11792
11796
11800
11804
11808
11812
11816
11820
11824
11828
11832
11836
11840
11844
11848
11852
11856
11860
11864
11868
11872
11876
11880
11884
11888
11892
11896
11900
11904
11908
11912
11916
11920
11924
11928
11932
11936
11940
11944
11948
11952
11956
11960
11964
11968
11972
11976
11980
11984
11988
11992
11996
12000
12004
12008
12012
12016
12020
12024
12028
12032
12036
12040
12044
12048
12052
12056
12060
12064
12068
12072
12076
12080
12084
12088
12092
12096
12100
12104
12108
12112
12116
12120
12124
12128
12132
12136
12140
12144
12148
12152
12156
12160
12164
12168
12172
12176
12180
12184
12188
12192
12196
12200
12204
12208
12212
12216
12220
12224
12228
12232
12236
12240
12244
12248
12252
12256
12260
12264
12268
12272
12276
12280
12284
12288
12292
12296
12300
12304
12308
12312
12316
12320
12324
12328
12332
12336
12340
12344
12348
12352
12356
12360
12364
12368
12372
12376
12380
12384
12388
12392
12396
12400
12404
12408
12412
12416
12420
12424
12428
12432
12436
12440
12444
12448
12452
12456
12460
12464
12468
12472
12476
12480
12484
12488
12492
12496
12500
12504
12508
12512
12516
12520
12524
12528
12532
12536
12540
12544
12548
12552
12556
12560
12564
12568
12572
12576
12580
12584
12588
12592
12596
12600
12604
12608
12612
12616
12620
12624
12628
12632
12636
12640
12644
12648
12652
12656
12660
12664
12668
12672
12676
12680
12684
12688
12692
12696
12700
12704
12708
12712
12716
12720
12724
12728
12732
12736
12740
12744
12748
12752
12756
12760
12764
12768
12772
12776
12780
12784
12788
12792
12796
12800
12804
12808
12812
12816
12820
12824
12828
12832
12836
12840
12844
12848
12852
12856
12860
12864
12868
12872
12876
12880
12884
12888
12892
12896
12900
12904
12908
12912
12916
12920
12924
12928
12932
12936
12940
12944
12948
12952
12956
12960
12964
12968
12972
12976
12980
12984
12988
12992
12996
13000
13004
13008
13012
13016
13020
13024
13028
13032
13036
13040
13044
13048
13052
13056
13060
13064
13068
13072
13076
13080
13084
13088
13092
13096
13100
13104
13108
13112
13116
13120
13124
13128
13132
13136
13140
13144
13148
13152
13156
13160
13164
13168
13172
13176
13180
13184
13188
13192
13196
13200
13204
13208
13212
13216
13220
13224
13228
13232
13236
13240
13244
13248
13252
13256
13260
13264
13268
13272
13276
13280
13284
13288
13292
13296
13300
13304
13308
13312
13316
13320
13324
13328
13332
13336
13340
13344
13348
13352
13356
13360
13364
13368
13372
13376
13380
13384
13388
13392
13396
13400
13404
13408
13412
13416
13420
13424
13428
13432
13436
13440
13444
13448
13452
13456
13460
13464
13468
13472
13476
13480
13484
13488
13492
13496
13500
13504
13508
13512
13516
13520
13524
13528
13532
13536
13540
13544
13548
13552
13556
13560
13564
13568
13572
13576
13580
13584
13588
13592
13596
13600
13604
13608
13612
13616
13620
13624
13628
13632
13636
13640
13644
13648
13652
13656
13660
13664
13668
13672
13676
13680
13684
13688
13692
13696
13700
13704
13708
13712
13716
13720
13724
13728
13732
13736
13740
13744
13748
13752
13756
13760
13764
13768
13772
13776
13780
13784
13788
13792
13796
13800
13804
13808
13812
13816
13820
13824
13828
13832
13836
13840
13844
13848
13852
13856
13860
13864
13868
13872
13876
13880
13884
13888
13892
13896
13900
13904
13908
13912
13916
13920
13924
13928
13932
13936
13940
13944
13948
13952
13956
13960
13964
13968
13972
13976
13980
13984
13988
13992
13996
14000
14004
14008
14012
14016
14020
14024
14028
14032
14036
14040
14044
14048
14052
14056
14060
14064
14068
14072
14076
14080
14084
14088
14092
14096
14100
14104
14108
14112
14116
14120
14124
14128
14132
14136
14140
14144
14148
14152
14156
14160
14164
14168
14172
14176
14180
14184
14188
14192
14196
14200
14204
14208
14212
14216
14220
14224
14228
14232
14236
14240
14244
14248
14252
14256
14260
14264
14268
14272
14276
14280
14284
14288
14292
14296
14300
14304
14308
14312
14316
14320
14324
14328
14332
14336
14340
14344
14348
14352
14356
14360
14364
14368
14372
14376
14380
14384
14388
14392
14396
14400
14404
14408
14412
14416
14420
14424
14428
14432
14436
14440
14444
14448
14452
14456
14460
14464
14468
14472
14476
14480
14484
14488
14492
14496
14500
14504
14508
14512
14516
14520
14524
14528
14532
14536
14540
14544
14548
14552
14556
14560
14564
14568
14572
14576
14580
14584
14588
14592
14596
14600
14604
14608
14612
14616
14620
14624
14628
14632
14636
14640
14644
14648
14652
14656
14660
14664
14668
14672
14676
14680
14684
14688
14692
14696
14700
14704
14708
14712
14716
14720
14724
14728
14732
14736
14740
14744
14748
14752
14756
14760
14764
14768
14772
14776
14780
14784
14788
14792
14796
14800
14804
14808
14812
14816
14820
14824
14828
14832
14836
14840
14844
14848
14852
14856
14860
14864
14868
14872
14876
14880
14884
14888
14892
14896
14900
14904
14908
14912
14916
14920
14924
14928
14932
14936
14940
14944
14948
14952
14956
14960
14964
14968
14972
14976
14980
14984
14988
14992
14996
15000
15004
15008
15012
15016
15020
15024
15028
15032
15036
15040
15044
15048
15052
15056
15060
15064
15068
15072
15076
15080
15084
15088
15092
15096
15100
15104
15108
15112
15116
15120
15124
15128
15132
15136
15140
15144
15148
15152
15156
15160
15164
15168
15172
15176
15180
15184
15188
15192
15196
15200
15204
15208
15212
15216
15220
15224
15228
15232
15236
15240
15244
15248
15252
15256
15260
15264
15268
15272
15276
15280
15284
15288
15292
15296
15300
15304
15308
15312
15316
15320
15324
15328
15332
15336
15340
15344
15348
15352
15356
15360
15364
15368
15372
15376
15380
15384
15388
15392
15396
15400
15404
15408
15412
15416
15420
15424
15428
15432
15436
15440
15444
15448
15452
15456
15460
15464
15468
15472
15476
15480
15484
15488
15492
15496
15500
15504
15508
15512
15516
15520
15524
15528
15532
15536
15540
15544
15548
15552
15556
15560
15564
15568
15572
15576
15580
15584
15588
15592
15596
15600
15604
15608
15612
15616
15620
15624
15628
15632
15636
15640
15644
15648
15652
15656
15660
15664
15668
15672
15676
15680
15684
15688
15692
15696
15700
15704
15708
15712
15716
15720
15724
15728
15732
15736
15740
15744
15748
15752
15756
15760
15764
15768
15772
15776
15780
15784
15788
15792
15796
15800
15804
15808
15812
15816
15820
15824
15828
15832
15836
15840
15844
15848
15852
15856
15860
15864
15868
15872
15876
15880
15884
15888
15892
15896
15900
15904
15908
15912
15916
15920
15924
15928
15932
15936
15940
15944
15948
15952
15956
15960
15964
15968
15972
15976
15980
15984
15988
15992
15996
16000
16004
16008
16012
16016
16020
16024
16028
16032
16036
16040
16044
16048
16052
16056
16060
16064
16068
16072
16076
16080
16084
16088
16092
16096
16100
16104
16108
16112
16116
16120
16124
16128
16132
16136
16140
16144
16148
16152
16156
16160
16164
16168
16172
16176
16180
16184
16188
16192
16196
16200
16204
16208
16212
16216
16220
16224
</DataArray>
<DataArray type="UInt8" Name="types" format="ascii">
9
9
9
9
9
9
9
9
9
9
9
9
9
9
9
9
9
9
9
9
9
9
9
9
9
9
9
9
9
9
9
9
9
9
9
9
9
9
9
9
9
9
9
9
9
9
9
9
9
9
9
9
9
9
9
9
9
9
9
9
9
9
9
9
9
9
9
9
9
9
9
9
9
9
9
9
9
9
9
9
9
9
9
9
9
9
9
9
9
9
9
9
9
9
9
9
9
9
9
9
9
9
9
9
9
9
9
9
9
9
9
9
9
9
9
9
9
9
9
9
9
9
9
9
9
9
9
9
9
9
9
9
9
9
9
9
9
9
9
9
9
9
9
9
9
9
9
9
9
9
9
9
9
9
9
9
9
9
9
9
9
9
9
9
9
9
9
9
9
9
9
9
9
9
9
9
9
9
9
9
9
9
9
9
9
9
9
9
9
9
9
9
9
9
9
9
9
9
9
9
9
9
9
9
9
9
9
9
9
9
9
9
9
9
9
9
9
9
9
9
9
9
9
9
9
9
9
9
9
9
9
9
9
9
9
9
9
9
9
9
9
9
9
9
9
9
9
9
9
9
9
9
9
9
9
9
9
9
9
9
9
9
9
9
9
9
9
9
9
9
9
9
9
9
9
9
9
9
9
9
9
9
9
9
9
9
9
9
9
9
9
9
9
9
9
9
9
9
9
9
9
9
9
9
9
9
9
9
9
9
9
9
9
9
9
9
9
9
9
9
9
9
9
9
9
9
9
9
9
9
9
9
9
9
9
9
9
9
9
9
9
9
9
9
9
9
9
9
9
9
9
9
9
9
9
9
9
9
9
9
9
9
9
9
9
9
9
9
9
9
9
9
9
9
9
9
9
9
9
9
9
9
9
9
9
9
9
9
9
9
9
9
9
9
9
9
9
9
9
9
9
9
9
9
9
9
9
9
9
9
9
9
9
9
9
9
9
9
9
9
9
9
9
9
9
9
9
9
9
9
9
9
9
9
9
9
9
9
9
9
9
9
9
9
9
9
9
9
9
9
9
9
9
9
9
9
9
9
9
9
9
9
9
9
9
9
9
9
9
9
9
9
9
9
9
9
9
9
9
9
9
9
9
9
9
9
9
9
9
9
9
9
9
9
9
9
9
9
9
9
9
9
9
9
9
9
9
9
9
9
9
9
9
9
9
9
9
9
9
9
9
9
9
9
9
9
9
9
9
9
9
9
9
9
9
9
9
9
9
9
9
9
9
9
9
9
9
9
9
9
9
9
9
9
9
9
9
9
9
9
9
9
9
9
9
9
9
9
9
9
9
9
9
9
9
9
9
9
9
9
9
9
9
9
9
9
9
9
9
9
9
9
9
9
9
9
9
9
9
9
9
9
9
9
9
9
9
9
9
9
9
9
9
9
9
9
9
9
9
9
9
9
9
9
9
9
9
9
9
9
9
9
9
9
9
9
9
9
9
9
9
9
9
9
9
9
9
9
9
9
9
9
9
9
9
9
9
9
9
9
9
9
9
9
9
9
9
9
9
9
9
9
9
9
9
9
9
9
9
9
9
9
9
9
9
9
9
9
9
9
9
9
9
9
9
9
9
9
9
9
9
9
9
9
9
9
9
9
9
9
9
9
9
9
9
9
9
9
9
9
9
9
9
9
9
9
9
9
9
9
9
9
9
9
9
9
9
9
9
9
9
9
9
9
9
9
9
9
9
9
9
9
9
9
9
9
9
9
9
9
9
9
9
9
9
9
9
9
9
9
9
9
9
9
9
9
9
9
9
9
9
9
9
9
9
9
9
9
9
9
9
9
9
9
9
9
9
9
9
9
9
9
9
9
9
9
9
9
9
9
9
9
9
9
9
9
9
9
9
9
9
9
9
9
9
9
9
9
9
9
9
9
9
9
9
9
9
9
9
9
9
9
9
9
9
9
9
9
9
9
9
9
9
9
9
9
9
9
9
9
9
9
9
9
9
9
9
9
9
9
9
9
9
9
9
9
9
9
9
9
9
9
9
9
9
9
9
9
9
9
9
9
9
9
9
9
9
9
9
9
9
9
9
9
9
9
9
9
9
9
9
9
9
9
9
9
9
9
9
9
9
9
9
9
9
9
9
9
9
9
9
9
9
9
9
9
9
9
9
9
9
9
9
9
9
9
9
9
9
9
9
9
9
9
9
9
9
9
9
9
9
9
9
9
9
9
9
9
9
9
9
9
9
9
9
9
9
9
9
9
9
9
9
9
9
9
9
9
9
9
9
9
9
9
9
9
9
9
9
9
9
9
9
9
9
9
9
9
9
9
9
9
9
9
9
9
9
9
9
9
9
9
9
9
9
9
9
9
9
9
9
9
9
9
9
9
9
9
9
9
9
9
9
9
9
9
9
9
9
9
9
9
9
9
9
9
9
9
9
9
9
9
9
9
9
9
9
9
9
9
9
9
9
9
9
9
9
9
9
9
9
9
9
9
9
9
9
9
9
9
9
9
9
9
9
9
9
9
9
9
9
9
9
9
9
9
9
9
9
9
9
9
9
9
9
9
9
9
9
9
9
9
9
9
9
9
9
9
9
9
9
9
9
9
9
9
9
9
9
9
9
9
9
9
9
9
9
9
9
9
9
9
9
9
9
9
9
9
9
9
9
9
9
9
9
9
9
9
9
9
9
9
9
9
9
9
9
9
9
9
9
9
9
9
9
9
9
9
9
9
9
9
9
9
9
9
9
9
9
9
9
9
9
9
9
9
9
9
9
9
9
9
9
9
9
9
9
9
9
9
9
9
9
9
9
9
9
9
9
9
9
9
9
9
9
9
9
9
9
9
9
9
9
9
9
9
9
9
9
9
9
9
9
9
9
9
9
9
9
9
9
9
9
9
9
9
9
9
9
9
9
9
9
9
9
9
9
9
9
9
9
9
9
9
9
9
9
9
9
9
9
9
9
9
9
9
9
9
9
9
9
9
9
9
9
9
9
9
9
9
9
9
9
9
9
9
9
9
9
9
9
9
9
9
9
9
9
9
9
9
9
9
9
9
9
9
9
9
9
9
9
9
9
9
9
9
9
9
9
9
9
9
9
9
9
9
9
9
9
9
9
9
9
9
9
9
9
9
9
9
9
9
9
9
9
9
9
9
9
9
9
9
9
9
9
9
9
9
9
9
9
9
9
9
9
9
9
9
9
9
9
9
9
9
9
9
9
9
9
9
9
9
9
9
9
9
9
9
9
9
9
9
9
9
9
9
9
9
9
9
9
9
9
9
9
9
9
9
9
9
9
9
9
9
9
9
9
9
9
9
9
9
9
9
9
9
9
9
9
9
9
9
9
9
9
9
9
9
9
9
9
9
9
9
9
9
9
9
9
9
9
9
9
9
9
9
9
9
9
9
9
9
9
9
9
9
9
9
9
9
9
9
9
9
9
9
9
9
9
9
9
9
9
9
9
9
9
9
9
9
9
9
9
9
9
9
9
9
9
9
9
9
9
9
9
9
9
9
9
9
9
9
9
9
9
9
9
9
9
9
9
9
9
9
9
9
9
9
9
9
9
9
9
9
9
9
9
9
9
9
9
9
9
9
9
9
9
9
9
9
9
9
9
9
9
9
9
9
9
9
9
9
9
9
9
9
9
9
9
9
9
9
9
9
9
9
9
9
9
9
9
9
9
9
9
9
9
9
9
9
9
9
9
9
9
9
9
9
9
9
9
9
9
9
9
9
9
9
9
9
9
9
9
9
9
9
9
9
9
9
9
9
9
9
9
9
9
9
9
9
9
9
9
9
9
9
9
9
9
9
9
9
9
9
9
9
9
9
9
9
9
9
9
9
9
9
9
9
9
9
9
9
9
9
9
9
9
9
9
9
9
9
9
9
9
9
9
9
9
9
9
9
9
9
9
9
9
9
9
9
9
9
9
9
9
9
9
9
9
9
9
9
9
9
9
9
9
9
9
9
9
9
9
9
9
9
9
9
9
9
9
9
9
9
9
9
9
9
9
9
9
9
9
9
9
9
9
9
9
9
9
9
9
9
9
9
9
9
9
9
9
9
9
9
9
9
9
9
9
9
9
9
9
9
9
9
9
9
9
9
9
9
9
9
9
9
9
9
9
9
9
9
9
9
9
9
9
9
9
9
9
9
9
9
9
9
9
9
9
9
9
9
9
9
9
9
9
9
9
9
9
9
9
9
9
9
9
9
9
9
9
9
9
9
9
9
9
9
9
9
9
9
9
9
9
9
9
9
9
9
9
9
9
9
9
9
9
9
9
9
9
9
9
9
9
9
9
9
9
9
9
9
9
9
9
9
9
9
9
9
9
9
9
9
9
9
9
9
9
9
9
9
9
9
9
9
9
9
9
9
9
9
9
9
9
9
9
9
9
9
9
9
9
9
9
9
9
9
9
9
9
9
9
9
9
9
9
9
9
9
9
9
9
9
9
9
9
9
9
9
9
9
9
9
9
9
9
9
9
9
9
9
9
9
9
9
9
9
9
9
9
9
9
9
9
9
9
9
9
9
9
9
9
9
9
9
9
9
9
9
9
9
9
9
9
9
9
9
9
9
9
9
9
9
9
9
9
9
9
9
9
9
9
9
9
9
9
9
9
9
9
9
9
9
9
9
9
9
9
9
9
9
9
9
9
9
9
9
9
9
9
9
9
9
9
9
9
9
9
9
9
9
9
9
9
9
9
9
9
9
9
9
9
9
9
9
9
9
9
9
9
9
9
9
9
9
9
9
9
9
9
9
9
9
9
9
9
9
9
9
9
9
9
9
9
9
9
9
9
9
9
9
9
9
9
9
9
9
9
9
9
9
9
9
9
9
9
9
9
9
9
9
9
9
9
9
9
9
9
9
9
9
9
9
9
9
9
9
9
9
9
9
9
9
9
9
9
9
9
9
9
9
9
9
9
9
9
9
9
9
9
9
9
9
9
9
9
9
9
9
9
9
9
9
9
9
9
9
9
9
9
9
9
9
9
9
9
9
9
9
9
9
9
9
9
9
9
9
9
9
9
9
9
9
9
9
9
9
9
9
9
9
9
9
9
9
9
9
9
9
9
9
9
9
9
9
9
9
9
9
9
9
9
9
9
9
9
9
9
9
9
9
9
9
9
9
9
9
9
9
9
9
9
9
9
9
9
9
9
9
9
9
9
9
9
9
9
9
9
9
9
9
9
9
9
9
9
9
9
9
9
9
9
9
9
9
9
9
9
9
9
9
9
9
9
9
9
9
9
9
9
9
9
9
9
9
9
9
9
9
9
9
9
9
9
9
9
9
9
9
9
9
9
9
9
9
9
9
9
9
9
9
9
9
9
9
9
9
9
9
9
9
9
9
9
9
9
9
9
9
9
9
9
9
9
9
9
9
9
9
9
9
9
9
9
9
9
9
9
9
9
9
9
9
9
9
9
9
9
9
9
9
9
9
9
9
9
9
9
9
9
9
9
9
9
9
9
9
9
9
9
9
9
9
9
9
9
9
9
9
9
9
9
9
9
9
9
9
9
9
9
9
9
9
9
9
9
9
9
9
9
9
9
9
9
9
9
9
9
9
9
9
9
9
9
9
9
9
9
9
9
9
9
9
9
9
9
9
9
9
9
9
9
9
9
9
9
9
9
9
9
9
9
9
9
9
9
9
9
9
9
9
9
9
9
9
9
9
9
9
9
9
9
9
9
9
9
9
9
9
9
9
9
9
9
9
9
9
9
9
9
9
9
9
9
9
9
9
9
9
9
9
9
9
9
9
9
9
9
9
9
9
9
9
9
9
9
9
9
9
9
9
9
9
9
9
9
9
9
9
9
9
9
9
9
9
9
9
9
9
9
9
9
9
9
9
9
9
9
9
9
9
9
9
9
9
9
9
9
9
9
9
9
9
9
9
9
9
9
9
9
9
9
9
9
9
9
9
9
9
9
9
9
9
9
9
9
9
9
9
9
9
9
9
9
9
9
9
9
9
9
9
9
9
9
9
9
9
9
9
9
9
9
9
9
9
9
9
9
9
9
9
9
9
9
9
9
9
9
9
9
9
9
9
9
9
9
9
9
9
9
9
9
9
9
9
9
9
9
9
9
9
9
9
9
9
9
9
9
9
9
9
9
9
9
9
9
9
9
9
9
9
9
9
9
9
9
9
9
9
9
9
9
9
9
9
9
9
9
9
9
9
9
9
9
9
9
9
9
9
9
9
9
9
9
9
9
9
9
9
9
9
9
9
9
9
9
9
9
9
9
9
9
9
9
9
9
9
9
9
9
9
9
9
9
9
9
9
9
9
9
9
9
9
9
9
9
9
9
9
9
9
9
9
9
9
9
9
9
9
9
9
9
9
9
9
9
9
9
9
9
9
9
9
9
9
9
9
9
9
9
9
9
9
9
9
9
9
9
9
9
9
9
9
9
9
9
9
9
9
9
9
9
9
9
9
9
9
9
9
9
9
9
9
9
9
9
9
9
9
9
9
9
9
9
9
9
9
9
9
9
9
9
9
9
9
9
9
9
9
9
9
9
9
9
9
9
9
9
9
9
9
9
9
9
9
9
9
9
9
9
9
9
9
9
9
9
9
9
9
9
9
9
9
9
9
9
9
9
9
9
9
9
9
9
9
9
9
9
9
9
9
9
9
9
9
9
9
9
9
9
9
9
9
9
9
9
9
9
9
9
9
9
9
9
9
9
9
9
9
9
9
9
9
9
9
9
9
9
9
9
9
9
9
9
9
9
9
9
9
9
9
9
9
9
9
9
9
9
9
9
9
9
9
9
9
9
9
9
9
9
9
9
9
9
9
9
9
9
9
9
9
9
9
9
9
9
9
9
9
9
9
9
9
9
9
9
9
9
9
9
9
9
9
9
9
9
9
9
9
9
9
9
9
9
9
9
9
9
9
9
9
9
9
9
9
9
9
9
9
9
9
9
9
9
9
9
9
9
9
9
9
9
9
9
9
9
9
9
9
9
9
9
9
9
9
9
9
9
9
9
9
9
9
9
9
9
9
9
9
9
9
9
9
9
9
9
9
9
9
9
9
9
9
9
9
9
9
9
9
9
9
9
9
9
9
9
9
9
9
9
9
9
9
9
9
9
9
9
9
9
9
9
9
9
9
9
9
9
9
9
9
9
9
9
9
9
9
9
9
9
9
9
9
9
9
9
9
9
9
9
9
9
9
9
9
9
9
9
9
9
9
9
9
9
9
9
9
9
9
9
9
9
9
9
9
9
9
9
9
9
9
9
9
9
9
9
9
9
9
9
9
9
9
9
9
9
9
9
9
9
9
9
9
9
9
9
9
9
9
9
9
9
9
9
9
9
9
9
9
9
9
9
9
9
9
9
9
9
9
9
9
9
9
9
9
9
9
9
9
9
9
9
9
9
9
9
9
9
9
9
9
9
9
9
9
9
9
9
9
9
9
9
9
9
9
9
9
9
9
9
9
9
9
9
9
9
9
9
9
9
9
9
9
9
9
9
9
9
9
9
9
9
9
9
9
9
9
9
9
9
9
9
9
9
9
9
9
9
9
9
9
9
9
9
9
9
9
9
9
9
9
9
9
9
9
9
9
9
9
9
9
9
9
9
9
9
9
9
9
9
9
9
9
9
9
9
9
9
9
9
9
9
9
9
9
9
9
9
9
9
9
9
9
9
9
9
9
9
9
9
9
9
9
9
9
9
9
9
9
9
9
9
9
9
9
9
9
9
9
9
9
9
9
9
9
9
9
9
9
9
9
9
9
9
9
9
9
9
9
9
9
9
9
9
9
9
9
9
9
9
9
9
9
9
9
9
9
9
9
9
9
9
9
9
9
9
9
9
9
9
9
9
9
9
9
9
9
9
9
9
9
9
9
9
9
9
9
9
9
9
9
9
9
9
9
9
9
9
9
9
9
9
9
9
9
9
9
9
9
9
9
9
9
9
9
9
9
9
9
9
9
9
9
9
9
9
9
9
9
9
9
9
9
9
9
9
9
9
9
9
9
9
9
9
9
9
9
9
9
9
9
9
9
9
9
9
9
9
9
9
9
9
9
9
9
9
9
9
9
9
9
9
9
9
9
9
9
9
9
9
9
9
9
9
9
9
9
9
9
9
9
9
9
9
9
9
9
9
9
9
9
9
9
9
9
9
9
9
9
9
9
9
9
9
9
9
9
9
9
9
9
9
9
9
9
9
9
9
9
9
9
9
9
9
9
9
9
9
9
9
9
9
9
9
9
9
9
9
9
9
9
9
9
9
9
9
9
9
9
9
9
9
9
9
9
9
9
9
9
9
9
9
9
9
9
9
9
9
9
9
9
9
9
9
9
9
9
9
9
9
9
9
9
9
9
9
9
9
9
9
9
9
9
9
9
9
9
9
9
9
9
9
9
9
9
9
9
9
9
9
9
9
9
9
9
9
9
9
9
9
9
9
9
9
9
9
9
9
9
9
9
9
9
9
9
9
9
9
9
9
9
9
9
9
9
9
9
9
9
9
9
9
9
9
9
9
9
9
9
9
9
9
9
9
9
9
9
9
9
9
9
9
9
9
9
9
9
9
9
9
9
9
9
9
9
9
9
9
9
9
9
9
9
9
9
9
9
9
9
9
9
9
9
9
9
9
9
9
9
9
9
9
9
9
9
9
9
9
9
9
9
9
9
9
9
9
9
9
9
9
9
9
9
9
9
9
9
9
9
9
9
9
9
9
9
9
9
9
9
9
9
9
9
9
9
9
9
9
9
9
9
9
9
9
9
9
9
9
9
9
9
9
9
9
9
9
9
9
9
9
9
9
9
9
9
9
9
9
9
9
9
9
9
9
9
9
9
9
9
9
9
9
9
9
9
9
9
9
9
9
9
9
9
9
9
9
9
9
9
9
9
9
9
9
9
9
9
9
9
9
9
9
9
9
9
9
9
9
9
9
9
9
9
9
9
9
9
9
9
9
9
9
9
9
9
9
9
9
9
9
9
9
9
9
9
9
9
9
9
9
9
9
9
9
9
9
9
9
9
9
9
9
9
9
9
9
9
9
9
9
9
9
9
9
9
9
9
9
9
9
9
9
9
9
9
9
9
9
9
9
9
9
9
9
9
9
9
9
9
9
9
9
9
9
9
9
9
9
9
9
9
9
9
9
9
9
9
9
9
9
9
9
9
9
9
9
9
9
9
9
9
9
9
9
9
9
9
9
9
9
9
9
9
9
9
</DataArray>
</Cells>
<PointData>
<DataArray type="Float32" Name="V1" format="ascii">
0.000000e+00
6.575050e-05
2.630540e-04
5.920660e-04
1.053050e-03
1.646360e-03
2.372470e-03
3.231940e-03
4.225460e-03
5.353800e-03
6.617850e-03
8.018580e-03
9.557090e-03
1.123460e-02
1.305230e-02
1.501170e-02
1.711430e-02
1.936170e-02
2.175550e-02
2.429770e-02
2.699010e-02
2.983470e-02
3.283380e-02
3.598940e-02
3.930390e-02
4.277990e-02
4.641980e-02
5.022620e-02
5.420190e-02
5.834980e-02
6.267290e-02
6.717410e-02
7.185670e-02
7.672390e-02
8.177900e-02
8.702570e-02
9.246740e-02
9.810780e-02
1.039510e-01
1.100000e-01
0.000000e+00
6.575030e-05
2.630510e-04
5.920500e-04
1.053000e-03
1.646230e-03
2.372210e-03
3.231470e-03
4.224660e-03
5.352520e-03
6.615890e-03
8.015710e-03
9.553030e-03
1.122900e-02
1.304480e-02
1.500180e-02
1.710150e-02
1.934530e-02
2.173500e-02
2.427220e-02
2.695880e-02
2.979670e-02
3.278790e-02
3.593460e-02
3.923900e-02
4.270340e-02
4.633030e-02
5.012220e-02
5.408160e-02
5.821140e-02
6.251430e-02
6.699330e-02
7.165140e-02
7.649170e-02
8.151750e-02
8.673200e-02
9.213860e-02
9.774090e-02
1.035430e-01
1.095470e-01
0.000000e+00
6.574980e-05
2.630420e-04
5.920040e-04
1.052850e-03
1.645880e-03
2.371470e-03
3.230110e-03
4.222330e-03
5.348780e-03
6.610200e-03
8.007380e-03
9.541220e-03
1.121270e-02
1.302290e-02
1.497300e-02
1.706420e-02
1.929780e-02
2.167520e-02
2.419800e-02
2.686770e-02
2.968590e-02
3.265450e-02
3.577530e-02
3.905010e-02
4.248100e-02
4.607010e-02
4.981950e-02
5.373160e-02
5.780870e-02
6.205310e-02
6.646750e-02
7.105430e-02
7.581640e-02
8.075650e-02
8.587740e-02
9.118220e-02
9.667370e-02
1.023550e-01
1.082300e-01
0.000000e+00
6.574890e-05
2.630280e-04
5.919320e-04
1.052620e-03
1.645320e-03
2.370320e-03
3.227970e-03
4.218680e-03
5.342930e-03
6.601280e-03
7.994320e-03
9.522730e-03
1.118720e-02
1.298870e-02
1.492790e-02
1.700570e-02
1.922330e-02
2.158160e-02
2.408180e-02
2.672500e-02
2.951250e-02
3.244570e-02
3.552580e-02
3.875430e-02
4.213270e-02
4.566270e-02
4.934570e-02
5.318360e-02
5.717800e-02
6.133090e-02
6.564400e-02
7.011940e-02
7.475910e-02
7.956500e-02
8.453950e-02
8.968460e-02
9.500270e-02
1.004960e-01
1.061670e-01
0.000000e+00
6.574780e-05
2.630090e-04
5.918400e-04
1.052330e-03
1.644610e-03
2.368850e-03
3.225250e-03
4.214040e-03
5.335500e-03
6.589950e-03
7.977730e-03
9.499240e-03
1.115490e-02
1.294510e-02
1.487050e-02
1.693150e-02
1.912870e-02
2.146270e-02
2.393410e-02
2.654370e-02
2.929220e-02
3.218020e-02
3.520870e-02
3.837840e-02
4.169010e-02
4.514490e-02
4.874360e-02
5.248720e-02
5.637670e-02
6.041320e-02
6.459770e-02
6.893140e-02
7.341540e-02
7.805100e-02
8.283930e-02
8.778160e-02
9.287930e-02
9.813360e-02
1.035460e-01
0.000000e+00
6.574650e-05
2.629890e-04
5.917370e-04
1.052010e-03
1.643820e-03
2.367200e-03
3.222190e-03
4.208830e-03
5.327160e-03
6.577230e-03
7.959110e-03
9.472870e-03
1.111860e-02
1.289630e-02
1.480610e-02
1.684810e-02
1.902250e-02
2.132920e-02
2.376840e-02
2.634020e-02
2.904480e-02
3.188230e-02
3.485280e-02
3.795640e-02
4.119330e-02
4.456370e-02
4.806770e-02
5.170550e-02
5.547720e-02
5.938300e-02
6.342310e-02
6.759780e-02
7.190710e-02
7.635140e-02
8.093080e-02
8.564550e-02
9.049570e-02
9.548170e-02
1.006040e-01
0.000000e+00
6.574520e-05
2.629680e-04
5.916320e-04
1.051670e-03
1.643010e-03
2.365520e-03
3.219080e-03
4.203520e-03
5.318660e-03
6.564280e-03
7.940150e-03
9.446010e-03
1.108160e-02
1.284650e-02
1.474050e-02
1.676320e-02
1.891430e-02
2.119320e-02
2.359960e-02
2.613300e-02
2.879290e-02
3.157880e-02
3.449030e-02
3.752660e-02
4.068730e-02
4.397170e-02
4.737920e-02
5.090920e-02
5.456090e-02
5.833370e-02
6.222680e-02
6.623940e-02
7.037080e-02
7.462020e-02
7.898680e-02
8.346960e-02
8.806780e-02
9.278060e-02
9.760680e-02
0.000000e+00
6.574400e-05
2.629490e-04
5.915350e-04
1.051370e-03
1.642260e-03
2.363970e-03
3.216200e-03
4.198600e-03
5.310770e-03
6.552260e-03
7.922550e-03
9.421090e-03
1.104720e-02
1.280040e-02
1.467970e-02
1.668450e-02
1.881390e-02
2.106700e-02
2.344300e-02
2.594070e-02
2.855920e-02
3.129730e-02
3.415400e-02
3.712790e-02
4.021790e-02
4.342250e-02
4.674060e-02
5.017050e-02
5.371090e-02
5.736030e-02
6.111690e-02
6.497930e-02
6.894560e-02
7.301430e-02
7.718340e-02
8.145110e-02
8.581550e-02
9.027470e-02
9.482660e-02
0.000000e+00
6.574300e-05
2.629330e-04
5.914540e-04
1.051110e-03
1.641630e-03
2.362670e-03
3.213800e-03
4.194510e-03
5.304220e-03
6.542270e-03
7.907920e-03
9.400360e-03
1.101870e-02
1.276200e-02
1.462910e-02
1.661900e-02
1.873040e-02
2.096210e-02
2.331270e-02
2.578080e-02
2.836480e-02
3.106320e-02
3.387430e-02
3.679640e-02
3.982750e-02
4.296590e-02
4.620950e-02
4.955630e-02
5.300420e-02
5.655090e-02
6.019410e-02
6.393150e-02
6.776060e-02
7.167890e-02
7.568390e-02
7.977270e-02
8.394280e-02
8.819110e-02
9.251490e-02
0.000000e+00
6.574230e-05
2.629220e-04
5.913970e-04
1.050930e-03
1.641190e-03
2.361760e-03
3.212100e-03
4.191610e-03
5.299580e-03
6.535200e-03
7.897580e-03
9.385720e-03
1.099850e-02
1.273480e-02
1.459330e-02
1.657270e-02
1.867140e-02
2.088800e-02
2.322070e-02
2.566780e-02
2.822750e-02
3.089780e-02
3.367670e-02
3.656200e-02
3.955160e-02
4.264320e-02
4.583420e-02
4.912220e-02
5.250460e-02
5.597880e-02
5.954180e-02
6.319090e-02
6.692300e-02
7.073510e-02
7.462400e-02
7.858650e-02
8.261910e-02
8.671850e-02
9.088100e-02
0.000000e+00
6.574190e-05
2.629160e-04
5.913680e-04
1.050840e-03
1.640970e-03
2.361300e-03
3.211260e-03
4.190180e-03
5.297290e-03
6.531710e-03
7.892470e-03
9.378480e-03
1.098860e-02
1.272140e-02
1.457570e-02
1.654980e-02
1.864230e-02
2.085130e-02
2.317520e-02
2.561190e-02
2.815960e-02
3.081600e-02
3.357890e-02
3.644620e-02
3.941520e-02
4.248350e-02
4.564860e-02
4.890750e-02
5.225760e-02
5.569580e-02
5.921920e-02
6.282460e-02
6.650880e-02
7.026830e-02
7.409990e-02
7.799980e-02
8.196450e-02
8.599010e-02
9.007290e-02
0.000000e+00
6.574200e-05
2.629170e-04
5.913720e-04
1.050850e-03
1.641000e-03
2.361350e-03
3.211360e-03
4.190340e-03
5.297550e-03
6.532100e-03
7.893040e-03
9.379290e-03
1.098970e-02
1.272290e-02
1.457770e-02
1.655240e-02
1.864550e-02
2.085540e-02
2.318030e-02
2.561820e-02
2.816720e-02
3.082520e-02
3.358990e-02
3.645920e-02
3.943050e-02
4.250150e-02
4.566940e-02
4.893170e-02
5.228540e-02
5.572770e-02
5.925550e-02
6.286580e-02
6.655540e-02
7.032080e-02
7.415880e-02
7.806580e-02
8.203810e-02
8.607200e-02
9.016380e-02
0.000000e+00
6.574240e-05
2.629240e-04
5.914060e-04
1.050960e-03
1.641260e-03
2.361900e-03
3.212380e-03
4.192080e-03
5.300330e-03
6.536350e-03
7.899250e-03
9.388090e-03
1.100180e-02
1.273920e-02
1.459910e-02
1.658020e-02
1.868100e-02
2.090000e-02
2.323560e-02
2.568610e-02
2.824970e-02
3.092460e-02
3.370870e-02
3.660000e-02
3.959630e-02
4.269540e-02
4.589490e-02
4.919250e-02
5.258550e-02
5.607140e-02
5.964740e-02
6.331080e-02
6.705860e-02
7.088790e-02
7.479560e-02
7.877850e-02
8.283330e-02
8.695680e-02
9.114540e-02
0.000000e+00
6.574320e-05
2.629360e-04
5.914680e-04
1.051160e-03
1.641750e-03
2.362900e-03
3.214230e-03
4.195240e-03
5.305390e-03
6.544060e-03
7.910540e-03
9.404080e-03
1.102380e-02
1.276880e-02
1.463820e-02
1.663070e-02
1.874540e-02
2.098090e-02
2.333610e-02
2.580940e-02
2.839960e-02
3.110520e-02
3.392440e-02
3.685570e-02
3.989740e-02
4.304770e-02
4.630460e-02
4.966630e-02
5.313080e-02
5.669580e-02
6.035940e-02
6.411910e-02
6.797280e-02
7.191810e-02
7.595240e-02
8.007330e-02
8.427820e-02
8.856430e-02
9.292890e-02
0.000000e+00
6.574420e-05
2.629530e-04
5.915530e-04
1.051430e-03
1.642400e-03
2.364260e-03
3.216740e-03
4.199530e-03
5.312260e-03
6.554530e-03
7.925880e-03
9.425800e-03
1.105370e-02
1.280910e-02
1.469120e-02
1.669940e-02
1.883290e-02
2.109090e-02
2.347260e-02
2.597710e-02
2.860340e-02
3.135060e-02
3.421760e-02
3.720340e-02
4.030670e-02
4.352650e-02
4.686140e-02
5.031030e-02
5.387180e-02
5.754450e-02
6.132700e-02
6.521780e-02
6.921540e-02
7.331820e-02
7.752470e-02
8.183310e-02
8.624180e-02
9.074890e-02
9.535280e-02
0.000000e+00
6.574540e-05
2.629720e-04
5.916530e-04
1.051740e-03
1.643170e-03
2.365850e-03
3.219690e-03
4.204570e-03
5.320330e-03
6.566830e-03
7.943880e-03
9.451300e-03
1.108890e-02
1.285630e-02
1.475350e-02
1.678000e-02
1.893560e-02
2.122000e-02
2.363280e-02
2.617380e-02
2.884260e-02
3.163860e-02
3.456170e-02
3.761130e-02
4.078700e-02
4.408840e-02
4.751490e-02
5.106610e-02
5.474150e-02
5.854050e-02
6.246250e-02
6.650710e-02
7.067360e-02
7.496140e-02
7.936990e-02
8.389840e-02
8.854630e-02
9.331290e-02
9.819740e-02
0.000000e+00
6.574670e-05
2.629930e-04
5.917580e-04
1.052070e-03
1.643980e-03
2.367540e-03
3.222820e-03
4.209890e-03
5.328860e-03
6.579830e-03
7.962920e-03
9.478260e-03
1.112600e-02
1.290630e-02
1.481930e-02
1.686520e-02
1.904420e-02
2.135650e-02
2.380230e-02
2.638190e-02
2.909540e-02
3.194320e-02
3.492560e-02
3.804270e-02
4.129490e-02
4.468250e-02
4.820590e-02
5.186530e-02
5.566110e-02
5.959360e-02
6.366330e-02
6.787050e-02
7.221550e-02
7.669890e-02
8.132100e-02
8.608220e-02
9.098310e-02
9.602400e-02
1.012050e-01
0.000000e+00
6.574800e-05
2.630130e-04
5.918600e-04
1.052390e-03
1.644760e-03
2.369160e-03
3.225820e-03
4.215020e-03
5.337080e-03
6.592360e-03
7.981270e-03
9.504240e-03
1.116180e-02
1.295440e-02
1.488270e-02
1.694730e-02
1.914880e-02
2.148800e-02
2.396560e-02
2.658230e-02
2.933910e-02
3.223670e-02
3.527620e-02
3.845840e-02
4.178440e-02
4.525510e-02
4.887180e-02
5.263550e-02
5.654730e-02
6.060860e-02
6.482050e-02
6.918430e-02
7.370150e-02
7.837330e-02
8.320130e-02
8.818680e-02
9.333140e-02
9.863660e-02
1.041040e-01
0.000000e+00
6.574910e-05
2.630310e-04
5.919480e-04
1.052670e-03
1.645450e-03
2.370580e-03
3.228450e-03
4.219500e-03
5.344250e-03
6.603290e-03
7.997260e-03
9.526890e-03
1.119300e-02
1.299640e-02
1.493800e-02
1.701890e-02
1.924010e-02
2.160270e-02
2.410790e-02
2.675710e-02
2.955150e-02
3.249260e-02
3.558190e-02
3.882080e-02
4.221110e-02
4.575430e-02
4.945230e-02
5.330690e-02
5.731990e-02
6.149340e-02
6.582930e-02
7.032980e-02
7.499690e-02
7.983310e-02
8.484050e-02
9.002150e-02
9.537870e-02
1.009140e-01
1.066310e-01
0.000000e+00
6.574990e-05
2.630440e-04
5.920160e-04
1.052890e-03
1.645970e-03
2.371660e-03
3.230450e-03
4.222910e-03
5.349710e-03
6.611610e-03
8.009450e-03
9.544160e-03
1.121680e-02
1.302840e-02
1.498020e-02
1.707350e-02
1.930960e-02
2.169010e-02
2.421650e-02
2.689040e-02
2.971350e-02
3.268770e-02
3.581490e-02
3.909710e-02
4.253640e-02
4.613490e-02
4.989490e-02
5.381880e-02
5.790890e-02
6.216790e-02
6.659840e-02
7.120300e-02
7.598460e-02
8.094600e-02
8.609020e-02
9.142030e-02
9.693940e-02
1.026510e-01
1.085580e-01
0.000000e+00
6.575040e-05
2.630520e-04
5.920560e-04
1.053010e-03
1.646280e-03
2.372300e-03
3.231640e-03
4.224950e-03
5.352980e-03
6.616590e-03
8.016740e-03
9.554480e-03
1.123100e-02
1.304750e-02
1.500540e-02
1.710610e-02
1.935120e-02
2.174240e-02
2.428130e-02
2.697000e-02
2.981030e-02
3.280430e-02
3.595420e-02
3.926230e-02
4.273080e-02
4.636240e-02
5.015940e-02
5.412470e-02
5.826100e-02
6.257110e-02
6.705810e-02
7.172500e-02
7.657490e-02
8.161120e-02
8.683720e-02
9.225640e-02
9.787240e-02
1.036890e-01
1.097090e-01
0.000000e+00
6.575050e-05
2.630540e-04
5.920650e-04
1.053040e-03
1.646350e-03
2.372460e-03
3.231920e-03
4.225430e-03
5.353750e-03
6.617770e-03
8.018460e-03
9.556920e-03
1.123430e-02
1.305200e-02
1.501130e-02
1.711380e-02
1.936100e-02
2.175470e-02
2.429670e-02
2.698880e-02
2.983320e-02
3.283190e-02
3.598720e-02
3.930130e-02
4.277680e-02
4.641610e-02
5.022200e-02
5.419710e-02
5.834430e-02
6.266650e-02
6.716680e-02
7.184840e-02
7.671450e-02
8.176850e-02
8.701380e-02
9.245410e-02
9.809300e-02
1.039340e-01
1.099820e-01
0.000000e+00
6.575030e-05
2.630500e-04
5.920430e-04
1.052970e-03
1.646180e-03
2.372100e-03
3.231270e-03
4.224310e-03
5.351960e-03
6.615040e-03
8.014470e-03
9.551260e-03
1.122650e-02
1.304150e-02
1.499750e-02
1.709590e-02
1.933820e-02
2.172610e-02
2.426110e-02
2.694520e-02
2.978010e-02
3.276800e-02
3.591080e-02
3.921080e-02
4.267020e-02
4.629140e-02
5.007690e-02
5.402930e-02
5.815120e-02
6.244530e-02
6.691470e-02
7.156210e-02
7.639070e-02
8.140370e-02
8.660410e-02
9.199560e-02
9.758130e-02
1.033650e-01
1.093500e-01
0.000000e+00
6.574960e-05
2.630390e-04
5.919920e-04
1.052810e-03
1.645780e-03
2.371270e-03
3.229730e-03
4.221700e-03
5.347770e-03
6.608650e-03
8.005110e-03
9.538010e-03
1.120830e-02
1.301700e-02
1.496520e-02
1.705400e-02
1.928490e-02
2.165900e-02
2.417780e-02
2.684290e-02
2.965580e-02
3.261830e-02
3.573200e-02
3.899870e-02
4.242050e-02
4.599940e-02
4.973730e-02
5.363650e-02
5.769920e-02
6.192770e-02
6.632450e-02
7.089210e-02
7.563290e-02
8.054970e-02
8.564520e-02
9.092220e-02
9.638370e-02
1.020330e-01
1.078720e-01
0.000000e+00
6.574870e-05
2.630240e-04
5.919150e-04
1.052570e-03
1.645190e-03
2.370050e-03
3.227460e-03
4.217820e-03
5.341550e-03
6.599180e-03
7.991240e-03
9.518370e-03
1.118120e-02
1.298060e-02
1.491720e-02
1.699200e-02
1.920570e-02
2.155950e-02
2.405440e-02
2.669140e-02
2.947160e-02
3.239640e-02
3.546690e-02
3.868450e-02
4.205060e-02
4.556650e-02
4.923390e-02
5.305430e-02
5.702930e-02
6.116060e-02
6.544980e-02
6.989890e-02
7.450970e-02
7.928400e-02
8.422390e-02
8.933140e-02
9.460860e-02
1.000580e-01
1.056810e-01
0.000000e+00
6.574750e-05
2.630050e-04
5.918200e-04
1.052270e-03
1.644460e-03
2.368530e-03
3.224650e-03
4.213030e-03
5.333880e-03
6.587480e-03
7.974120e-03
9.494120e-03
1.114780e-02
1.293570e-02
1.485800e-02
1.691530e-02
1.910810e-02
2.143680e-02
2.390200e-02
2.650420e-02
2.924420e-02
3.212240e-02
3.513960e-02
3.829650e-02
4.159370e-02
4.503210e-02
4.861240e-02
5.233550e-02
5.620210e-02
6.021320e-02
6.436970e-02
6.867260e-02
7.312270e-02
7.772110e-02
8.246890e-02
8.736700e-02
9.241670e-02
9.761900e-02
1.029750e-01
0.000000e+00
6.574620e-05
2.629850e-04
5.917160e-04
1.051940e-03
1.643660e-03
2.366860e-03
3.221560e-03
4.207760e-03
5.325440e-03
6.574620e-03
7.955290e-03
9.467460e-03
1.111110e-02
1.288630e-02
1.479290e-02
1.683100e-02
1.900070e-02
2.130180e-02
2.373440e-02
2.629850e-02
2.899410e-02
3.182120e-02
3.477980e-02
3.786980e-02
4.109140e-02
4.444440e-02
4.792900e-02
5.154500e-02
5.529260e-02
5.917160e-02
6.318210e-02
6.732410e-02
7.159760e-02
7.600260e-02
8.053910e-02
8.520710e-02
9.000660e-02
9.493750e-02
1.000000e-01
0.000000e+00
6.574490e-05
2.629640e-04
5.916120e-04
1.051610e-03
1.642850e-03
2.365200e-03
3.218480e-03
4.202490e-03
5.317010e-03
6.561760e-03
7.936460e-03
9.440790e-03
1.107440e-02
1.283690e-02
1.472780e-02
1.674680e-02
1.889330e-02
2.116680e-02
2.356680e-02
2.609270e-02
2.874400e-02
3.151990e-02
3.441990e-02
3.744320e-02
4.058910e-02
4.385680e-02
4.724560e-02
5.075460e-02
5.438300e-02
5.813000e-02
6.199450e-02
6.597570e-02
7.007260e-02
7.428410e-02
7.860940e-02
8.304720e-02
8.759640e-02
9.225610e-02
9.702500e-02
0.000000e+00
6.574380e-05
2.629460e-04
5.915170e-04
1.051310e-03
1.642120e-03
2.363680e-03
3.215670e-03
4.197700e-03
5.309330e-03
6.550070e-03
7.919340e-03
9.416540e-03
1.104100e-02
1.279190e-02
1.466860e-02
1.667010e-02
1.879560e-02
2.104400e-02
2.341440e-02
2.590560e-02
2.851650e-02
3.124600e-02
3.409260e-02
3.705510e-02
4.013220e-02
4.332230e-02
4.662400e-02
5.003580e-02
5.355580e-02
5.718260e-02
6.091440e-02
6.474940e-02
6.868560e-02
7.272130e-02
7.685430e-02
8.108280e-02
8.540460e-02
8.981750e-02
9.431940e-02
0.000000e+00
6.574280e-05
2.629300e-04
5.914400e-04
1.051070e-03
1.641530e-03
2.362450e-03
3.213390e-03
4.193820e-03
5.303120e-03
6.540600e-03
7.905470e-03
9.396900e-03
1.101390e-02
1.275550e-02
1.462060e-02
1.660800e-02
1.871650e-02
2.094460e-02
2.329090e-02
2.575410e-02
2.833230e-02
3.102410e-02
3.382750e-02
3.674090e-02
3.976220e-02
4.288950e-02
4.612070e-02
4.945360e-02
5.288590e-02
5.641540e-02
6.003970e-02
6.375620e-02
6.756240e-02
7.145550e-02
7.543300e-02
7.949200e-02
8.362950e-02
8.784250e-02
9.212820e-02
0.000000e+00
6.574220e-05
2.629200e-04
5.913890e-04
1.050900e-03
1.641130e-03
2.361630e-03
3.211860e-03
4.191200e-03
5.298930e-03
6.534210e-03
7.896120e-03
9.383650e-03
1.099570e-02
1.273100e-02
1.458830e-02
1.656620e-02
1.866310e-02
2.087750e-02
2.320770e-02
2.565180e-02
2.820810e-02
3.087440e-02
3.364870e-02
3.652890e-02
3.951260e-02
4.259750e-02
4.578110e-02
4.906080e-02
5.243400e-02
5.589780e-02
5.944960e-02
6.308610e-02
6.680450e-02
7.060160e-02
7.447410e-02
7.841860e-02
8.243180e-02
8.651010e-02
9.064980e-02
0.000000e+00
6.574190e-05
2.629160e-04
5.913660e-04
1.050830e-03
1.640960e-03
2.361270e-03
3.211210e-03
4.190090e-03
5.297140e-03
6.531480e-03
7.892120e-03
9.377990e-03
1.098790e-02
1.272050e-02
1.457450e-02
1.654830e-02
1.864030e-02
2.084880e-02
2.317210e-02
2.560810e-02
2.815500e-02
3.081040e-02
3.357230e-02
3.643830e-02
3.940600e-02
4.247270e-02
4.563600e-02
4.889300e-02
5.224090e-02
5.567670e-02
5.919740e-02
6.279990e-02
6.648080e-02
7.023680e-02
7.406440e-02
7.796010e-02
8.192020e-02
8.594080e-02
9.001820e-02
0.000000e+00
6.574200e-05
2.629180e-04
5.913760e-04
1.050870e-03
1.641030e-03
2.361420e-03
3.211490e-03
4.190570e-03
5.297910e-03
6.532650e-03
7.893840e-03
9.380430e-03
1.099120e-02
1.272500e-02
1.458040e-02
1.655600e-02
1.865010e-02
2.086120e-02
2.318740e-02
2.562700e-02
2.817790e-02
3.083800e-02
3.360530e-02
3.647740e-02
3.945190e-02
4.252650e-02
4.569860e-02
4.896530e-02
5.232410e-02
5.577210e-02
5.930610e-02
6.292330e-02
6.662040e-02
7.039410e-02
7.424110e-02
7.815780e-02
8.214080e-02
8.618630e-02
9.029060e-02
0.000000e+00
6.574250e-05
2.629260e-04
5.914160e-04
1.050990e-03
1.641340e-03
2.362070e-03
3.212680e-03
4.192610e-03
5.301170e-03
6.537630e-03
7.901130e-03
9.390750e-03
1.100550e-02
1.274420e-02
1.460560e-02
1.658860e-02
1.869170e-02
2.091350e-02
2.325230e-02
2.570660e-02
2.827470e-02
3.095460e-02
3.374460e-02
3.664250e-02
3.964640e-02
4.275400e-02
4.596310e-02
4.927130e-02
5.267620e-02
5.617530e-02
5.976590e-02
6.344530e-02
6.721070e-02
7.105930e-02
7.498810e-02
7.899390e-02
8.307370e-02
8.722430e-02
9.144220e-02
0.000000e+00
6.574340e-05
2.629390e-04
5.914840e-04
1.051210e-03
1.641860e-03
2.363150e-03
3.214680e-03
4.196020e-03
5.306640e-03
6.545960e-03
7.913330e-03
9.408020e-03
1.102920e-02
1.277610e-02
1.464780e-02
1.664320e-02
1.876130e-02
2.100090e-02
2.336080e-02
2.583990e-02
2.843660e-02
3.114970e-02
3.397760e-02
3.691880e-02
3.997170e-02
4.313460e-02
4.640570e-02
4.978320e-02
5.326520e-02
5.684980e-02
6.053490e-02
6.431850e-02
6.819830e-02
7.217220e-02
7.623770e-02
8.039270e-02
8.463450e-02
8.896070e-02
9.336880e-02
0.000000e+00
6.574440e-05
2.629560e-04
5.915720e-04
1.051490e-03
1.642550e-03
2.364560e-03
3.217310e-03
4.200490e-03
5.313800e-03
6.556880e-03
7.929320e-03
9.430670e-03
1.106040e-02
1.281810e-02
1.470310e-02
1.671480e-02
1.885250e-02
2.111550e-02
2.350320e-02
2.601460e-02
2.864910e-02
3.140560e-02
3.428330e-02
3.728120e-02
4.039840e-02
4.363380e-02
4.698620e-02
5.045460e-02
5.403780e-02
5.773460e-02
6.154380e-02
6.546390e-02
6.949380e-02
7.363190e-02
7.787700e-02
8.222740e-02
8.668170e-02
9.123840e-02
9.589590e-02
0.000000e+00
6.574570e-05
2.629770e-04
5.916740e-04
1.051810e-03
1.643330e-03
2.366190e-03
3.220310e-03
4.205620e-03
5.322030e-03
6.569410e-03
7.947660e-03
9.456650e-03
1.109620e-02
1.286620e-02
1.476650e-02
1.679690e-02
1.895710e-02
2.124710e-02
2.366650e-02
2.621510e-02
2.889280e-02
3.169910e-02
3.463390e-02
3.769700e-02
4.088790e-02
4.420630e-02
4.765210e-02
5.122480e-02
5.492410e-02
5.874960e-02
6.270090e-02
6.677780e-02
7.097970e-02
7.530640e-02
7.975730e-02
8.433200e-02
8.903010e-02
9.385110e-02
9.879460e-02
0.000000e+00
6.574700e-05
2.629970e-04
5.917790e-04
1.052140e-03
1.644140e-03
2.367870e-03
3.223440e-03
4.210950e-03
5.330560e-03
6.582410e-03
7.966700e-03
9.483610e-03
1.113340e-02
1.291620e-02
1.483230e-02
1.688210e-02
1.906570e-02
2.138360e-02
2.383590e-02
2.642320e-02
2.914560e-02
3.200370e-02
3.499780e-02
3.812830e-02
4.139570e-02
4.480050e-02
4.834310e-02
5.202400e-02
5.584370e-02
5.980270e-02
6.390170e-02
6.814110e-02
7.252170e-02
7.704390e-02
8.170840e-02
8.651580e-02
9.146690e-02
9.656220e-02
1.018030e-01
0.000000e+00
6.574820e-05
2.630170e-04
5.918790e-04
1.052450e-03
1.644910e-03
2.369470e-03
3.226390e-03
4.215990e-03
5.338620e-03
6.594710e-03
7.984700e-03
9.509110e-03
1.116850e-02
1.296340e-02
1.489460e-02
1.696270e-02
1.916840e-02
2.151270e-02
2.399620e-02
2.661990e-02
2.938480e-02
3.229170e-02
3.534190e-02
3.853630e-02
4.187610e-02
4.536240e-02
4.899660e-02
5.277980e-02
5.671340e-02
6.079870e-02
6.503730e-02
6.943050e-02
7.397990e-02
7.868710e-02
8.355360e-02
8.858110e-02
9.377140e-02
9.912620e-02
1.046470e-01
0.000000e+00
6.574930e-05
2.630340e-04
5.919640e-04
1.052720e-03
1.645570e-03
2.370830e-03
3.228900e-03
4.220280e-03
5.345500e-03
6.605190e-03
8.000040e-03
9.530840e-03
1.119840e-02
1.300370e-02
1.494760e-02
1.703130e-02
1.925590e-02
2.162260e-02
2.413270e-02
2.678750e-02
2.958850e-02
3.253720e-02
3.563510e-02
3.888390e-02
4.228530e-02
4.584120e-02
4.955340e-02
5.342370e-02
5.745440e-02
6.164740e-02
6.600490e-02
7.052910e-02
7.522240e-02
8.008720e-02
8.512580e-02
9.034090e-02
9.573500e-02
1.013110e-01
1.070710e-01
0.000000e+00
6.575000e-05
2.630460e-04
5.920260e-04
1.052920e-03
1.646050e-03
2.371820e-03
3.230750e-03
4.223440e-03
5.350560e-03
6.612900e-03
8.011330e-03
9.546820e-03
1.122040e-02
1.303330e-02
1.498670e-02
1.708190e-02
1.932030e-02
2.170360e-02
2.423320e-02
2.691090e-02
2.973840e-02
3.271780e-02
3.585080e-02
3.913970e-02
4.258650e-02
4.619350e-02
4.996310e-02
5.389760e-02
5.799960e-02
6.227180e-02
6.671680e-02
7.133750e-02
7.613670e-02
8.111740e-02
8.628270e-02
9.163570e-02
9.717980e-02
1.029180e-01
1.088550e-01
0.000000e+00
6.575050e-05
2.630530e-04
5.920600e-04
1.053030e-03
1.646310e-03
2.372370e-03
3.231770e-03
4.225170e-03
5.353340e-03
6.617140e-03
8.017540e-03
9.555620e-03
1.123250e-02
1.304960e-02
1.500810e-02
1.710970e-02
1.935580e-02
2.174810e-02
2.428850e-02
2.697880e-02
2.982100e-02
3.281720e-02
3.596960e-02
3.928050e-02
4.275220e-02
4.638740e-02
5.018860e-02
5.415840e-02
5.829980e-02
6.261550e-02
6.710870e-02
7.178240e-02
7.663990e-02
8.168440e-02
8.691940e-02
9.234840e-02
9.797510e-02
1.038030e-01
1.098360e-01
0.000000e+00
6.575050e-05
2.630540e-04
5.920640e-04
1.053040e-03
1.646340e-03
2.372430e-03
3.231870e-03
4.225330e-03
5.353600e-03
6.617530e-03
8.018120e-03
9.556430e-03
1.123370e-02
1.305110e-02
1.501010e-02
1.711230e-02
1.935910e-02
2.175220e-02
2.429360e-02
2.698510e-02
2.982860e-02
3.282640e-02
3.598060e-02
3.929350e-02
4.276760e-02
4.640540e-02
5.020940e-02
5.418260e-02
5.832750e-02
6.264730e-02
6.714500e-02
7.182360e-02
7.668650e-02
8.173690e-02
8.697840e-02
9.241440e-02
9.804870e-02
1.038850e-01
1.099270e-01
0.000000e+00
6.575020e-05
2.630480e-04
5.920350e-04
1.052950e-03
1.646120e-03
2.371970e-03
3.231030e-03
4.223900e-03
5.351310e-03
6.614040e-03
8.013000e-03
9.549190e-03
1.122370e-02
1.303770e-02
1.499250e-02
1.708940e-02
1.932990e-02
2.171560e-02
2.424810e-02
2.692920e-02
2.976070e-02
3.274450e-02
3.588280e-02
3.917760e-02
4.263110e-02
4.624570e-02
5.002380e-02
5.396790e-02
5.808050e-02
6.236440e-02
6.682240e-02
7.145730e-02
7.627220e-02
8.127010e-02
8.645420e-02
9.182770e-02
9.739400e-02
1.031570e-01
1.091190e-01
0.000000e+00
6.574950e-05
2.630370e-04
5.919780e-04
1.052770e-03
1.645680e-03
2.371060e-03
3.229330e-03
4.221010e-03
5.346670e-03
6.606980e-03
8.002660e-03
9.534550e-03
1.120350e-02
1.301060e-02
1.495670e-02
1.704310e-02
1.927090e-02
2.164140e-02
2.415600e-02
2.681620e-02
2.962330e-02
3.257910e-02
3.568520e-02
3.894330e-02
4.235520e-02
4.592300e-02
4.964850e-02
5.353370e-02
5.758100e-02
6.179230e-02
6.617020e-02
7.071680e-02
7.543470e-02
8.032630e-02
8.539440e-02
9.064150e-02
9.607040e-02
1.016840e-01
1.074850e-01
0.000000e+00
6.574850e-05
2.630210e-04
5.918970e-04
1.052510e-03
1.645050e-03
2.369760e-03
3.226930e-03
4.216920e-03
5.340120e-03
6.596980e-03
7.988030e-03
9.513830e-03
1.117500e-02
1.297220e-02
1.490610e-02
1.697760e-02
1.918740e-02
2.153650e-02
2.402580e-02
2.665630e-02
2.942900e-02
3.234500e-02
3.540550e-02
3.861170e-02
4.196490e-02
4.546630e-02
4.911740e-02
5.291950e-02
5.687420e-02
6.098290e-02
6.524730e-02
6.966900e-02
7.424960e-02
7.899100e-02
8.389490e-02
8.896310e-02
9.419760e-02
9.960040e-02
1.051730e-01
0.000000e+00
6.574730e-05
2.630010e-04
5.918000e-04
1.052200e-03
1.644300e-03
2.368200e-03
3.224050e-03
4.212000e-03
5.332230e-03
6.584970e-03
7.970440e-03
9.488910e-03
1.114070e-02
1.292600e-02
1.484530e-02
1.689880e-02
1.908710e-02
2.141040e-02
2.386920e-02
2.646400e-02
2.919530e-02
3.206350e-02
3.506920e-02
3.821300e-02
4.149550e-02
4.491720e-02
4.847870e-02
5.218090e-02
5.602420e-02
6.000950e-02
6.413750e-02
6.840880e-02
7.282440e-02
7.738500e-02
8.209150e-02
8.694460e-02
9.194530e-02
9.709450e-02
1.023930e-01
0.000000e+00
6.574600e-05
2.629810e-04
5.916950e-04
1.051870e-03
1.643490e-03
2.366530e-03
3.220940e-03
4.206690e-03
5.323730e-03
6.572010e-03
7.951470e-03
9.462040e-03
1.110370e-02
1.287620e-02
1.477970e-02
1.681390e-02
1.897890e-02
2.127440e-02
2.370040e-02
2.625670e-02
2.894330e-02
3.176000e-02
3.470670e-02
3.778320e-02
4.098940e-02
4.432520e-02
4.779030e-02
5.138460e-02
5.510800e-02
5.896020e-02
6.294110e-02
6.705050e-02
7.128810e-02
7.565390e-02
8.014750e-02
8.476870e-02
8.951740e-02
9.439330e-02
9.939620e-02
0.000000e+00
6.574470e-05
2.629600e-04
5.915920e-04
1.051550e-03
1.642700e-03
2.364880e-03
3.217880e-03
4.201480e-03
5.315390e-03
6.559290e-03
7.932850e-03
9.435670e-03
1.106730e-02
1.282740e-02
1.471530e-02
1.673060e-02
1.887260e-02
2.114090e-02
2.353460e-02
2.605320e-02
2.869600e-02
3.146210e-02
3.435080e-02
3.736130e-02
4.049260e-02
4.374400e-02
4.711440e-02
5.060290e-02
5.420840e-02
5.793000e-02
6.176650e-02
6.571690e-02
6.977990e-02
7.395430e-02
7.823900e-02
8.263260e-02
8.713390e-02
9.174140e-02
9.645400e-02
0.000000e+00
6.574360e-05
2.629420e-04
5.915000e-04
1.051260e-03
1.641990e-03
2.363410e-03
3.215160e-03
4.196840e-03
5.307950e-03
6.547960e-03
7.916260e-03
9.412180e-03
1.103500e-02
1.278380e-02
1.465790e-02
1.665630e-02
1.877800e-02
2.102190e-02
2.338700e-02
2.587200e-02
2.847560e-02
3.119670e-02
3.403370e-02
3.698540e-02
4.005010e-02
4.322620e-02
4.651230e-02
4.990650e-02
5.340710e-02
5.701230e-02
6.072020e-02
6.452880e-02
6.843620e-02
7.244020e-02
7.653870e-02
8.072960e-02
8.501040e-02
8.937900e-02
9.383280e-02
0.000000e+00
6.574270e-05
2.629280e-04
5.914280e-04
1.051030e-03
1.641430e-03
2.362250e-03
3.213020e-03
4.193190e-03
5.302100e-03
6.539050e-03
7.903210e-03
9.393690e-03
1.100950e-02
1.274960e-02
1.461280e-02
1.659790e-02
1.870350e-02
2.092830e-02
2.327080e-02
2.572930e-02
2.830220e-02
3.098780e-02
3.378420e-02
3.668960e-02
3.970180e-02
4.281880e-02
4.603840e-02
4.935850e-02
5.277650e-02
5.629010e-02
5.989680e-02
6.359390e-02
6.737880e-02
7.124870e-02
7.520080e-02
7.923200e-02
8.333940e-02
8.751990e-02
9.177020e-02
0.000000e+00
6.574210e-05
2.629190e-04
5.913820e-04
1.050880e-03
1.641080e-03
2.361520e-03
3.211660e-03
4.190850e-03
5.298370e-03
6.533350e-03
7.894870e-03
9.381880e-03
1.099320e-02
1.272770e-02
1.458400e-02
1.656060e-02
1.865600e-02
2.086860e-02
2.319660e-02
2.563820e-02
2.819150e-02
3.085440e-02
3.362490e-02
3.650060e-02
3.947930e-02
4.255860e-02
4.573580e-02
4.900840e-02
5.237370e-02
5.582890e-02
5.937090e-02
6.299680e-02
6.670350e-02
7.048780e-02
7.434630e-02
7.827560e-02
8.227220e-02
8.633250e-02
9.045280e-02
0.000000e+00
6.574190e-05
2.629160e-04
5.913660e-04
1.050830e-03
1.640950e-03
2.361260e-03
3.211190e-03
4.190050e-03
5.297080e-03
6.531400e-03
7.892010e-03
9.377820e-03
1.098770e-02
1.272020e-02
1.457410e-02
1.654770e-02
1.863960e-02
2.084800e-02
2.317110e-02
2.560690e-02
2.815340e-02
3.080860e-02
3.357010e-02
3.643570e-02
3.940290e-02
4.246910e-02
4.563180e-02
4.888810e-02
5.223530e-02
5.567030e-02
5.919010e-02
6.279160e-02
6.647140e-02
7.022620e-02
7.405260e-02
7.794690e-02
8.190540e-02
8.592440e-02
9.000000e-02
0.000000e+00
6.574210e-05
2.629190e-04
5.913820e-04
1.050880e-03
1.641080e-03
2.361520e-03
3.211660e-03
4.190850e-03
5.298370e-03
6.533350e-03
7.894870e-03
9.381880e-03
1.099320e-02
1.272770e-02
1.458400e-02
1.656060e-02
1.865600e-02
2.086860e-02
2.319660e-02
2.563820e-02
2.819150e-02
3.085440e-02
3.362490e-02
3.650060e-02
3.947930e-02
4.255860e-02
4.573580e-02
4.900840e-02
5.237370e-02
5.582890e-02
5.937090e-02
6.299680e-02
6.670350e-02
7.048780e-02
7.434630e-02
7.827560e-02
8.227220e-02
8.633250e-02
9.045280e-02
0.000000e+00
6.574270e-05
2.629280e-04
5.914280e-04
1.051030e-03
1.641430e-03
2.362250e-03
3.213020e-03
4.193190e-03
5.302100e-03
6.539050e-03
7.903210e-03
9.393690e-03
1.100950e-02
1.274960e-02
1.461280e-02
1.659790e-02
1.870350e-02
2.092830e-02
2.327080e-02
2.572930e-02
2.830220e-02
3.098780e-02
3.378420e-02
3.668960e-02
3.970180e-02
4.281880e-02
4.603840e-02
4.935850e-02
5.277650e-02
5.629010e-02
5.989680e-02
6.359390e-02
6.737880e-02
7.124870e-02
7.520080e-02
7.923200e-02
8.333940e-02
8.751990e-02
9.177020e-02
0.000000e+00
6.574360e-05
2.629420e-04
5.915000e-04
1.051260e-03
1.641990e-03
2.363410e-03
3.215160e-03
4.196840e-03
5.307950e-03
6.547960e-03
7.916260e-03
9.412180e-03
1.103500e-02
1.278380e-02
1.465790e-02
1.665630e-02
1.877800e-02
2.102190e-02
2.338700e-02
2.587200e-02
2.847560e-02
3.119670e-02
3.403370e-02
3.698540e-02
4.005010e-02
4.322620e-02
4.651230e-02
4.990650e-02
5.340710e-02
5.701230e-02
6.072020e-02
6.452880e-02
6.843620e-02
7.244020e-02
7.653870e-02
8.072960e-02
8.501040e-02
8.937900e-02
9.383280e-02
0.000000e+00
6.574470e-05
2.629600e-04
5.915920e-04
1.051550e-03
1.642700e-03
2.364880e-03
3.217880e-03
4.201480e-03
5.315390e-03
6.559290e-03
7.932850e-03
9.435670e-03
1.106730e-02
1.282740e-02
1.471530e-02
1.673060e-02
1.887260e-02
2.114090e-02
2.353460e-02
2.605320e-02
2.869600e-02
3.146210e-02
3.435080e-02
3.736130e-02
4.049260e-02
4.374400e-02
4.711440e-02
5.060290e-02
5.420840e-02
5.793000e-02
6.176650e-02
6.571690e-02
6.977990e-02
7.395430e-02
7.823900e-02
8.263260e-02
8.713390e-02
9.174140e-02
9.645400e-02
0.000000e+00
6.574600e-05
2.629810e-04
5.916950e-04
1.051870e-03
1.643490e-03
2.366530e-03
3.220940e-03
4.206690e-03
5.323730e-03
6.572010e-03
7.951470e-03
9.462040e-03
1.110370e-02
1.287620e-02
1.477970e-02
1.681390e-02
1.897890e-02
2.127440e-02
2.370040e-02
2.625670e-02
2.894330e-02
3.176000e-02
3.470670e-02
3.778320e-02
4.098940e-02
4.432520e-02
4.779030e-02
5.138460e-02
5.510800e-02
5.896020e-02
6.294110e-02
6.705050e-02
7.128810e-02
7.565390e-02
8.014750e-02
8.476870e-02
8.951740e-02
9.439330e-02
9.939620e-02
0.000000e+00
6.574730e-05
2.630010e-04
5.918000e-04
1.052200e-03
1.644300e-03
2.368200e-03
3.224050e-03
4.212000e-03
5.332230e-03
6.584970e-03
7.970440e-03
9.488910e-03
1.114070e-02
1.292600e-02
1.484530e-02
1.689880e-02
1.908710e-02
2.141040e-02
2.386920e-02
2.646400e-02
2.919530e-02
3.206350e-02
3.506920e-02
3.821300e-02
4.149550e-02
4.491720e-02
4.847870e-02
5.218090e-02
5.602420e-02
6.000950e-02
6.413750e-02
6.840880e-02
7.282440e-02
7.738500e-02
8.209150e-02
8.694460e-02
9.194530e-02
9.709450e-02
1.023930e-01
0.000000e+00
6.574850e-05
2.630210e-04
5.918970e-04
1.052510e-03
1.645050e-03
2.369760e-03
3.226930e-03
4.216920e-03
5.340120e-03
6.596980e-03
7.988030e-03
9.513830e-03
1.117500e-02
1.297220e-02
1.490610e-02
1.697760e-02
1.918740e-02
2.153650e-02
2.402580e-02
2.665630e-02
2.942900e-02
3.234500e-02
3.540550e-02
3.861170e-02
4.196490e-02
4.546630e-02
4.911740e-02
5.291950e-02
5.687420e-02
6.098290e-02
6.524730e-02
6.966900e-02
7.424960e-02
7.899100e-02
8.389490e-02
8.896310e-02
9.419760e-02
9.960040e-02
1.051730e-01
0.000000e+00
6.574950e-05
2.630370e-04
5.919780e-04
1.052770e-03
1.645680e-03
2.371060e-03
3.229330e-03
4.221010e-03
5.346670e-03
6.606980e-03
8.002660e-03
9.534550e-03
1.120350e-02
1.301060e-02
1.495670e-02
1.704310e-02
1.927090e-02
2.164140e-02
2.415600e-02
2.681620e-02
2.962330e-02
3.257910e-02
3.568520e-02
3.894330e-02
4.235520e-02
4.592300e-02
4.964850e-02
5.353370e-02
5.758100e-02
6.179230e-02
6.617020e-02
7.071680e-02
7.543470e-02
8.032630e-02
8.539440e-02
9.064150e-02
9.607040e-02
1.016840e-01
1.074850e-01
0.000000e+00
6.575020e-05
2.630480e-04
5.920350e-04
1.052950e-03
1.646120e-03
2.371970e-03
3.231030e-03
4.223900e-03
5.351310e-03
6.614040e-03
8.013000e-03
9.549190e-03
1.122370e-02
1.303770e-02
1.499250e-02
1.708940e-02
1.932990e-02
2.171560e-02
2.424810e-02
2.692920e-02
2.976070e-02
3.274450e-02
3.588280e-02
3.917760e-02
4.263110e-02
4.624570e-02
5.002380e-02
5.396790e-02
5.808050e-02
6.236440e-02
6.682240e-02
7.145730e-02
7.627220e-02
8.127010e-02
8.645420e-02
9.182770e-02
9.739400e-02
1.031570e-01
1.091190e-01
0.000000e+00
6.575050e-05
2.630540e-04
5.920640e-04
1.053040e-03
1.646340e-03
2.372430e-03
3.231870e-03
4.225330e-03
5.353600e-03
6.617530e-03
8.018120e-03
9.556430e-03
1.123370e-02
1.305110e-02
1.501010e-02
1.711230e-02
1.935910e-02
2.175220e-02
2.429360e-02
2.698510e-02
2.982860e-02
3.282640e-02
3.598060e-02
3.929350e-02
4.276760e-02
4.640540e-02
5.020940e-02
5.418260e-02
5.832750e-02
6.264730e-02
6.714500e-02
7.182360e-02
7.668650e-02
8.173690e-02
8.697840e-02
9.241440e-02
9.804870e-02
1.038850e-01
1.099270e-01
0.000000e+00
6.575050e-05
2.630530e-04
5.920600e-04
1.053030e-03
1.646310e-03
2.372370e-03
3.231770e-03
4.225170e-03
5.353340e-03
6.617140e-03
8.017540e-03
9.555620e-03
1.123250e-02
1.304960e-02
1.500810e-02
1.710970e-02
1.935580e-02
2.174810e-02
2.428850e-02
2.697880e-02
2.982100e-02
3.281720e-02
3.596960e-02
3.928050e-02
4.275220e-02
4.638740e-02
5.018860e-02
5.415840e-02
5.829980e-02
6.261550e-02
6.710870e-02
7.178240e-02
7.663990e-02
8.168440e-02
8.691940e-02
9.234840e-02
9.797510e-02
1.038030e-01
1.098360e-01
0.000000e+00
6.575000e-05
2.630460e-04
5.920260e-04
1.052920e-03
1.646050e-03
2.371820e-03
3.230750e-03
4.223440e-03
5.350560e-03
6.612900e-03
8.011330e-03
9.546820e-03
1.122040e-02
1.303330e-02
1.498670e-02
1.708190e-02
1.932030e-02
2.170360e-02
2.423320e-02
2.691090e-02
2.973840e-02
3.271780e-02
3.585080e-02
3.913970e-02
4.258650e-02
4.619350e-02
4.996310e-02
5.389760e-02
5.799960e-02
6.227180e-02
6.671680e-02
7.133750e-02
7.613670e-02
8.111740e-02
8.628270e-02
9.163570e-02
9.717980e-02
1.029180e-01
1.088550e-01
0.000000e+00
6.574930e-05
2.630340e-04
5.919640e-04
1.052720e-03
1.645570e-03
2.370830e-03
3.228900e-03
4.220280e-03
5.345500e-03
6.605190e-03
8.000040e-03
9.530840e-03
1.119840e-02
1.300370e-02
1.494760e-02
1.703130e-02
1.925590e-02
2.162260e-02
2.413270e-02
2.678750e-02
2.958850e-02
3.253720e-02
3.563510e-02
3.888390e-02
4.228530e-02
4.584120e-02
4.955340e-02
5.342370e-02
5.745440e-02
6.164740e-02
6.600490e-02
7.052910e-02
7.522240e-02
8.008720e-02
8.512580e-02
9.034090e-02
9.573500e-02
1.013110e-01
1.070710e-01
0.000000e+00
6.574820e-05
2.630170e-04
5.918790e-04
1.052450e-03
1.644910e-03
2.369470e-03
3.226390e-03
4.215990e-03
5.338620e-03
6.594710e-03
7.984700e-03
9.509110e-03
1.116850e-02
1.296340e-02
1.489460e-02
1.696270e-02
1.916840e-02
2.151270e-02
2.399620e-02
2.661990e-02
2.938480e-02
3.229170e-02
3.534190e-02
3.853630e-02
4.187610e-02
4.536240e-02
4.899660e-02
5.277980e-02
5.671340e-02
6.079870e-02
6.503730e-02
6.943050e-02
7.397990e-02
7.868710e-02
8.355360e-02
8.858110e-02
9.377140e-02
9.912620e-02
1.046470e-01
0.000000e+00
6.574700e-05
2.629970e-04
5.917790e-04
1.052140e-03
1.644140e-03
2.367870e-03
3.223440e-03
4.210950e-03
5.330560e-03
6.582410e-03
7.966700e-03
9.483610e-03
1.113340e-02
1.291620e-02
1.483230e-02
1.688210e-02
1.906570e-02
2.138360e-02
2.383590e-02
2.642320e-02
2.914560e-02
3.200370e-02
3.499780e-02
3.812830e-02
4.139570e-02
4.480050e-02
4.834310e-02
5.202400e-02
5.584370e-02
5.980270e-02
6.390170e-02
6.814110e-02
7.252170e-02
7.704390e-02
8.170840e-02
8.651580e-02
9.146690e-02
9.656220e-02
1.018030e-01
0.000000e+00
6.574570e-05
2.629770e-04
5.916740e-04
1.051810e-03
1.643330e-03
2.366190e-03
3.220310e-03
4.205620e-03
5.322030e-03
6.569410e-03
7.947660e-03
9.456650e-03
1.109620e-02
1.286620e-02
1.476650e-02
1.679690e-02
1.895710e-02
2.124710e-02
2.366650e-02
2.621510e-02
2.889280e-02
3.169910e-02
3.463390e-02
3.769700e-02
4.088790e-02
4.420630e-02
4.765210e-02
5.122480e-02
5.492410e-02
5.874960e-02
6.270090e-02
6.677780e-02
7.097970e-02
7.530640e-02
7.975730e-02
8.433200e-02
8.903010e-02
9.385110e-02
9.879460e-02
0.000000e+00
6.574440e-05
2.629560e-04
5.915720e-04
1.051490e-03
1.642550e-03
2.364560e-03
3.217310e-03
4.200490e-03
5.313800e-03
6.556880e-03
7.929320e-03
9.430670e-03
1.106040e-02
1.281810e-02
1.470310e-02
1.671480e-02
1.885250e-02
2.111550e-02
2.350320e-02
2.601460e-02
2.864910e-02
3.140560e-02
3.428330e-02
3.728120e-02
4.039840e-02
4.363380e-02
4.698620e-02
5.045460e-02
5.403780e-02
5.773460e-02
6.154380e-02
6.546390e-02
6.949380e-02
7.363190e-02
7.787700e-02
8.222740e-02
8.668170e-02
9.123840e-02
9.589590e-02
0.000000e+00
6.574340e-05
2.629390e-04
5.914840e-04
1.051210e-03
1.641860e-03
2.363150e-03
3.214680e-03
4.196020e-03
5.306640e-03
6.545960e-03
7.913330e-03
9.408020e-03
1.102920e-02
1.277610e-02
1.464780e-02
1.664320e-02
1.876130e-02
2.100090e-02
2.336080e-02
2.583990e-02
2.843660e-02
3.114970e-02
3.397760e-02
3.691880e-02
3.997170e-02
4.313460e-02
4.640570e-02
4.978320e-02
5.326520e-02
5.684980e-02
6.053490e-02
6.431850e-02
6.819830e-02
7.217220e-02
7.623770e-02
8.039270e-02
8.463450e-02
8.896070e-02
9.336880e-02
0.000000e+00
6.574250e-05
2.629260e-04
5.914160e-04
1.050990e-03
1.641340e-03
2.362070e-03
3.212680e-03
4.192610e-03
5.301170e-03
6.537630e-03
7.901130e-03
9.390750e-03
1.100550e-02
1.274420e-02
1.460560e-02
1.658860e-02
1.869170e-02
2.091350e-02
2.325230e-02
2.570660e-02
2.827470e-02
3.095460e-02
3.374460e-02
3.664250e-02
3.964640e-02
4.275400e-02
4.596310e-02
4.927130e-02
5.267620e-02
5.617530e-02
5.976590e-02
6.344530e-02
6.721070e-02
7.105930e-02
7.498810e-02
7.899390e-02
8.307370e-02
8.722430e-02
9.144220e-02
0.000000e+00
6.574200e-05
2.629180e-04
5.913760e-04
1.050870e-03
1.641030e-03
2.361420e-03
3.211490e-03
4.190570e-03
5.297910e-03
6.532650e-03
7.893840e-03
9.380430e-03
1.099120e-02
1.272500e-02
1.458040e-02
1.655600e-02
1.865010e-02
2.086120e-02
2.318740e-02
2.562700e-02
2.817790e-02
3.083800e-02
3.360530e-02
3.647740e-02
3.945190e-02
4.252650e-02
4.569860e-02
4.896530e-02
5.232410e-02
5.577210e-02
5.930610e-02
6.292330e-02
6.662040e-02
7.039410e-02
7.424110e-02
7.815780e-02
8.214080e-02
8.618630e-02
9.029060e-02
0.000000e+00
6.574190e-05
2.629160e-04
5.913660e-04
1.050830e-03
1.640960e-03
2.361270e-03
3.211210e-03
4.190090e-03
5.297140e-03
6.531480e-03
7.892120e-03
9.377990e-03
1.098790e-02
1.272050e-02
1.457450e-02
1.654830e-02
1.864030e-02
2.084880e-02
2.317210e-02
2.560810e-02
2.815500e-02
3.081040e-02
3.357230e-02
3.643830e-02
3.940600e-02
4.247270e-02
4.563600e-02
4.889300e-02
5.224090e-02
5.567670e-02
5.919740e-02
6.279990e-02
6.648080e-02
7.023680e-02
7.406440e-02
7.796010e-02
8.192020e-02
8.594080e-02
9.001820e-02
0.000000e+00
6.574220e-05
2.629200e-04
5.913890e-04
1.050900e-03
1.641130e-03
2.361630e-03
3.211860e-03
4.191200e-03
5.298930e-03
6.534210e-03
7.896120e-03
9.383650e-03
1.099570e-02
1.273100e-02
1.458830e-02
1.656620e-02
1.866310e-02
2.087750e-02
2.320770e-02
2.565180e-02
2.820810e-02
3.087440e-02
3.364870e-02
3.652890e-02
3.951260e-02
4.259750e-02
4.578110e-02
4.906080e-02
5.243400e-02
5.589780e-02
5.944960e-02
6.308610e-02
6.680450e-02
7.060160e-02
7.447410e-02
7.841860e-02
8.243180e-02
8.651010e-02
9.064980e-02
0.000000e+00
6.574280e-05
2.629300e-04
5.914400e-04
1.051070e-03
1.641530e-03
2.362450e-03
3.213390e-03
4.193820e-03
5.303120e-03
6.540600e-03
7.905470e-03
9.396900e-03
1.101390e-02
1.275550e-02
1.462060e-02
1.660800e-02
1.871650e-02
2.094460e-02
2.329090e-02
2.575410e-02
2.833230e-02
3.102410e-02
3.382750e-02
3.674090e-02
3.976220e-02
4.288950e-02
4.612070e-02
4.945360e-02
5.288590e-02
5.641540e-02
6.003970e-02
6.375620e-02
6.756240e-02
7.145550e-02
7.543300e-02
7.949200e-02
8.362950e-02
8.784250e-02
9.212820e-02
0.000000e+00
6.574380e-05
2.629460e-04
5.915170e-04
1.051310e-03
1.642120e-03
2.363680e-03
3.215670e-03
4.197700e-03
5.309330e-03
6.550070e-03
7.919340e-03
9.416540e-03
1.104100e-02
1.279190e-02
1.466860e-02
1.667010e-02
1.879560e-02
2.104400e-02
2.341440e-02
2.590560e-02
2.851650e-02
3.124600e-02
3.409260e-02
3.705510e-02
4.013220e-02
4.332230e-02
4.662400e-02
5.003580e-02
5.355580e-02
5.718260e-02
6.091440e-02
6.474940e-02
6.868560e-02
7.272130e-02
7.685430e-02
8.108280e-02
8.540460e-02
8.981750e-02
9.431940e-02
0.000000e+00
6.574490e-05
2.629640e-04
5.916120e-04
1.051610e-03
1.642850e-03
2.365200e-03
3.218480e-03
4.202490e-03
5.317010e-03
6.561760e-03
7.936460e-03
9.440790e-03
1.107440e-02
1.283690e-02
1.472780e-02
1.674680e-02
1.889330e-02
2.116680e-02
2.356680e-02
2.609270e-02
2.874400e-02
3.151990e-02
3.441990e-02
3.744320e-02
4.058910e-02
4.385680e-02
4.724560e-02
5.075460e-02
5.438300e-02
5.813000e-02
6.199450e-02
6.597570e-02
7.007260e-02
7.428410e-02
7.860940e-02
8.304720e-02
8.759640e-02
9.225610e-02
9.702500e-02
0.000000e+00
6.574620e-05
2.629850e-04
5.917160e-04
1.051940e-03
1.643660e-03
2.366860e-03
3.221560e-03
4.207760e-03
5.325440e-03
6.574620e-03
7.955290e-03
9.467460e-03
1.111110e-02
1.288630e-02
1.479290e-02
1.683100e-02
1.900070e-02
2.130180e-02
2.373440e-02
2.629850e-02
2.899410e-02
3.182120e-02
3.477980e-02
3.786980e-02
4.109140e-02
4.444440e-02
4.792900e-02
5.154500e-02
5.529260e-02
5.917160e-02
6.318210e-02
6.732410e-02
7.159760e-02
7.600260e-02
8.053910e-02
8.520710e-02
9.000660e-02
9.493750e-02
1.000000e-01
0.000000e+00
6.574750e-05
2.630050e-04
5.918200e-04
1.052270e-03
1.644460e-03
2.368530e-03
3.224650e-03
4.213030e-03
5.333880e-03
6.587480e-03
7.974120e-03
9.494120e-03
1.114780e-02
1.293570e-02
1.485800e-02
1.691530e-02
1.910810e-02
2.143680e-02
2.390200e-02
2.650420e-02
2.924420e-02
3.212240e-02
3.513960e-02
3.829650e-02
4.159370e-02
4.503210e-02
4.861240e-02
5.233550e-02
5.620210e-02
6.021320e-02
6.436970e-02
6.867260e-02
7.312270e-02
7.772110e-02
8.246890e-02
8.736700e-02
9.241670e-02
9.761900e-02
1.029750e-01
0.000000e+00
6.574870e-05
2.630240e-04
5.919150e-04
1.052570e-03
1.645190e-03
2.370050e-03
3.227460e-03
4.217820e-03
5.341550e-03
6.599180e-03
7.991240e-03
9.518370e-03
1.118120e-02
1.298060e-02
1.491720e-02
1.699200e-02
1.920570e-02
2.155950e-02
2.405440e-02
2.669140e-02
2.947160e-02
3.239640e-02
3.546690e-02
3.868450e-02
4.205060e-02
4.556650e-02
4.923390e-02
5.305430e-02
5.702930e-02
6.116060e-02
6.544980e-02
6.989890e-02
7.450970e-02
7.928400e-02
8.422390e-02
8.933140e-02
9.460860e-02
1.000580e-01
1.056810e-01
0.000000e+00
6.574960e-05
2.630390e-04
5.919920e-04
1.052810e-03
1.645780e-03
2.371270e-03
3.229730e-03
4.221700e-03
5.347770e-03
6.608650e-03
8.005110e-03
9.538010e-03
1.120830e-02
1.301700e-02
1.496520e-02
1.705400e-02
1.928490e-02
2.165900e-02
2.417780e-02
2.684290e-02
2.965580e-02
3.261830e-02
3.573200e-02
3.899870e-02
4.242050e-02
4.599940e-02
4.973730e-02
5.363650e-02
5.769920e-02
6.192770e-02
6.632450e-02
7.089210e-02
7.563290e-02
8.054970e-02
8.564520e-02
9.092220e-02
9.638370e-02
1.020330e-01
1.078720e-01
0.000000e+00
6.575030e-05
2.630500e-04
5.920430e-04
1.052970e-03
1.646180e-03
2.372100e-03
3.231270e-03
4.224310e-03
5.351960e-03
6.615040e-03
8.014470e-03
9.551260e-03
1.122650e-02
1.304150e-02
1.499750e-02
1.709590e-02
1.933820e-02
2.172610e-02
2.426110e-02
2.694520e-02
2.978010e-02
3.276800e-02
3.591080e-02
3.921080e-02
4.267020e-02
4.629140e-02
5.007690e-02
5.402930e-02
5.815120e-02
6.244530e-02
6.691470e-02
7.156210e-02
7.639070e-02
8.140370e-02
8.660410e-02
9.199560e-02
9.758130e-02
1.033650e-01
1.093500e-01
0.000000e+00
6.575050e-05
2.630540e-04
5.920650e-04
1.053040e-03
1.646350e-03
2.372460e-03
3.231920e-03
4.225430e-03
5.353750e-03
6.617770e-03
8.018460e-03
9.556920e-03
1.123430e-02
1.305200e-02
1.501130e-02
1.711380e-02
1.936100e-02
2.175470e-02
2.429670e-02
2.698880e-02
2.983320e-02
3.283190e-02
3.598720e-02
3.930130e-02
4.277680e-02
4.641610e-02
5.022200e-02
5.419710e-02
5.834430e-02
6.266650e-02
6.716680e-02
7.184840e-02
7.671450e-02
8.176850e-02
8.701380e-02
9.245410e-02
9.809300e-02
1.039340e-01
1.099820e-01
0.000000e+00
6.575040e-05
2.630520e-04
5.920560e-04
1.053010e-03
1.646280e-03
2.372300e-03
3.231640e-03
4.224950e-03
5.352980e-03
6.616590e-03
8.016740e-03
9.554480e-03
1.123100e-02
1.304750e-02
1.500540e-02
1.710610e-02
1.935120e-02
2.174240e-02
2.428130e-02
2.697000e-02
2.981030e-02
3.280430e-02
3.595420e-02
3.926230e-02
4.273080e-02
4.636240e-02
5.015940e-02
5.412470e-02
5.826100e-02
6.257110e-02
6.705810e-02
7.172500e-02
7.657490e-02
8.161120e-02
8.683720e-02
9.225640e-02
9.787240e-02
1.036890e-01
1.097090e-01
0.000000e+00
6.574990e-05
2.630440e-04
5.920160e-04
1.052890e-03
1.645970e-03
2.371660e-03
3.230450e-03
4.222910e-03
5.349710e-03
6.611610e-03
8.009450e-03
9.544160e-03
1.121680e-02
1.302840e-02
1.498020e-02
1.707350e-02
1.930960e-02
2.169010e-02
2.421650e-02
2.689040e-02
2.971350e-02
3.268770e-02
3.581490e-02
3.909710e-02
4.253640e-02
4.613490e-02
4.989490e-02
5.381880e-02
5.790890e-02
6.216790e-02
6.659840e-02
7.120300e-02
7.598460e-02
8.094600e-02
8.609020e-02
9.142030e-02
9.693940e-02
1.026510e-01
1.085580e-01
0.000000e+00
6.574910e-05
2.630310e-04
5.919480e-04
1.052670e-03
1.645450e-03
2.370580e-03
3.228450e-03
4.219500e-03
5.344250e-03
6.603290e-03
7.997260e-03
9.526890e-03
1.119300e-02
1.299640e-02
1.493800e-02
1.701890e-02
1.924010e-02
2.160270e-02
2.410790e-02
2.675710e-02
2.955150e-02
3.249260e-02
3.558190e-02
3.882080e-02
4.221110e-02
4.575430e-02
4.945230e-02
5.330690e-02
5.731990e-02
6.149340e-02
6.582930e-02
7.032980e-02
7.499690e-02
7.983310e-02
8.484050e-02
9.002150e-02
9.537870e-02
1.009140e-01
1.066310e-01
0.000000e+00
6.574800e-05
2.630130e-04
5.918600e-04
1.052390e-03
1.644760e-03
2.369160e-03
3.225820e-03
4.215020e-03
5.337080e-03
6.592360e-03
7.981270e-03
9.504240e-03
1.116180e-02
1.295440e-02
1.488270e-02
1.694730e-02
1.914880e-02
2.148800e-02
2.396560e-02
2.658230e-02
2.933910e-02
3.223670e-02
3.527620e-02
3.845840e-02
4.178440e-02
4.525510e-02
4.887180e-02
5.263550e-02
5.654730e-02
6.060860e-02
6.482050e-02
6.918430e-02
7.370150e-02
7.837330e-02
8.320130e-02
8.818680e-02
9.333140e-02
9.863660e-02
1.041040e-01
0.000000e+00
6.574670e-05
2.629930e-04
5.917580e-04
1.052070e-03
1.643980e-03
2.367540e-03
3.222820e-03
4.209890e-03
5.328860e-03
6.579830e-03
7.962920e-03
9.478260e-03
1.112600e-02
1.290630e-02
1.481930e-02
1.686520e-02
1.904420e-02
2.135650e-02
2.380230e-02
2.638190e-02
2.909540e-02
3.194320e-02
3.492560e-02
3.804270e-02
4.129490e-02
4.468250e-02
4.820590e-02
5.186530e-02
5.566110e-02
5.959360e-02
6.366330e-02
6.787050e-02
7.221550e-02
7.669890e-02
8.132100e-02
8.608220e-02
9.098310e-02
9.602400e-02
1.012050e-01
0.000000e+00
6.574540e-05
2.629720e-04
5.916530e-04
1.051740e-03
1.643170e-03
2.365850e-03
3.219690e-03
4.204570e-03
5.320330e-03
6.566830e-03
7.943880e-03
9.451300e-03
1.108890e-02
1.285630e-02
1.475350e-02
1.678000e-02
1.893560e-02
2.122000e-02
2.363280e-02
2.617380e-02
2.884260e-02
3.163860e-02
3.456170e-02
3.761130e-02
4.078700e-02
4.408840e-02
4.751490e-02
5.106610e-02
5.474150e-02
5.854050e-02
6.246250e-02
6.650710e-02
7.067360e-02
7.496140e-02
7.936990e-02
8.389840e-02
8.854630e-02
9.331290e-02
9.819740e-02
0.000000e+00
6.574420e-05
2.629530e-04
5.915530e-04
1.051430e-03
1.642400e-03
2.364260e-03
3.216740e-03
4.199530e-03
5.312260e-03
6.554530e-03
7.925880e-03
9.425800e-03
1.105370e-02
1.280910e-02
1.469120e-02
1.669940e-02
1.883290e-02
2.109090e-02
2.347260e-02
2.597710e-02
2.860340e-02
3.135060e-02
3.421760e-02
3.720340e-02
4.030670e-02
4.352650e-02
4.686140e-02
5.031030e-02
5.387180e-02
5.754450e-02
6.132700e-02
6.521780e-02
6.921540e-02
7.331820e-02
7.752470e-02
8.183310e-02
8.624180e-02
9.074890e-02
9.535280e-02
0.000000e+00
6.574320e-05
2.629360e-04
5.914680e-04
1.051160e-03
1.641750e-03
2.362900e-03
3.214230e-03
4.195240e-03
5.305390e-03
6.544060e-03
7.910540e-03
9.404080e-03
1.102380e-02
1.276880e-02
1.463820e-02
1.663070e-02
1.874540e-02
2.098090e-02
2.333610e-02
2.580940e-02
2.839960e-02
3.110520e-02
3.392440e-02
3.685570e-02
3.989740e-02
4.304770e-02
4.630460e-02
4.966630e-02
5.313080e-02
5.669580e-02
6.035940e-02
6.411910e-02
6.797280e-02
7.191810e-02
7.595240e-02
8.007330e-02
8.427820e-02
8.856430e-02
9.292890e-02
0.000000e+00
6.574240e-05
2.629240e-04
5.914060e-04
1.050960e-03
1.641260e-03
2.361900e-03
3.212380e-03
4.192080e-03
5.300330e-03
6.536350e-03
7.899250e-03
9.388090e-03
1.100180e-02
1.273920e-02
1.459910e-02
1.658020e-02
1.868100e-02
2.090000e-02
2.323560e-02
2.568610e-02
2.824970e-02
3.092460e-02
3.370870e-02
3.660000e-02
3.959630e-02
4.269540e-02
4.589490e-02
4.919250e-02
5.258550e-02
5.607140e-02
5.964740e-02
6.331080e-02
6.705860e-02
7.088790e-02
7.479560e-02
7.877850e-02
8.283330e-02
8.695680e-02
9.114540e-02
0.000000e+00
6.574200e-05
2.629170e-04
5.913720e-04
1.050850e-03
1.641000e-03
2.361350e-03
3.211360e-03
4.190340e-03
5.297550e-03
6.532100e-03
7.893040e-03
9.379290e-03
1.098970e-02
1.272290e-02
1.457770e-02
1.655240e-02
1.864550e-02
2.085540e-02
2.318030e-02
2.561820e-02
2.816720e-02
3.082520e-02
3.358990e-02
3.645920e-02
3.943050e-02
4.250150e-02
4.566940e-02
4.893170e-02
5.228540e-02
5.572770e-02
5.925550e-02
6.286580e-02
6.655540e-02
7.032080e-02
7.415880e-02
7.806580e-02
8.203810e-02
8.607200e-02
9.016380e-02
0.000000e+00
6.574190e-05
2.629160e-04
5.913680e-04
1.050840e-03
1.640970e-03
2.361300e-03
3.211260e-03
4.190180e-03
5.297290e-03
6.531710e-03
7.892470e-03
9.378480e-03
1.098860e-02
1.272140e-02
1.457570e-02
1.654980e-02
1.864230e-02
2.085130e-02
2.317520e-02
2.561190e-02
2.815960e-02
3.081600e-02
3.357890e-02
3.644620e-02
3.941520e-02
4.248350e-02
4.564860e-02
4.890750e-02
5.225760e-02
5.569580e-02
5.921920e-02
6.282460e-02
6.650880e-02
7.026830e-02
7.409990e-02
7.799980e-02
8.196450e-02
8.599010e-02
9.007290e-02
0.000000e+00
6.574230e-05
2.629220e-04
5.913970e-04
1.050930e-03
1.641190e-03
2.361760e-03
3.212100e-03
4.191610e-03
5.299580e-03
6.535200e-03
7.897580e-03
9.385720e-03
1.099850e-02
1.273480e-02
1.459330e-02
1.657270e-02
1.867140e-02
2.088800e-02
2.322070e-02
2.566780e-02
2.822750e-02
3.089780e-02
3.367670e-02
3.656200e-02
3.955160e-02
4.264320e-02
4.583420e-02
4.912220e-02
5.250460e-02
5.597880e-02
5.954180e-02
6.319090e-02
6.692300e-02
7.073510e-02
7.462400e-02
7.858650e-02
8.261910e-02
8.671850e-02
9.088100e-02
0.000000e+00
6.574300e-05
2.629330e-04
5.914540e-04
1.051110e-03
1.641630e-03
2.362670e-03
3.213800e-03
4.194510e-03
5.304220e-03
6.542270e-03
7.907920e-03
9.400360e-03
1.101870e-02
1.276200e-02
1.462910e-02
1.661900e-02
1.873040e-02
2.096210e-02
2.331270e-02
2.578080e-02
2.836480e-02
3.106320e-02
3.387430e-02
3.679640e-02
3.982750e-02
4.296590e-02
4.620950e-02
4.955630e-02
5.300420e-02
5.655090e-02
6.019410e-02
6.393150e-02
6.776060e-02
7.167890e-02
7.568390e-02
7.977270e-02
8.394280e-02
8.819110e-02
9.251490e-02
0.000000e+00
6.574400e-05
2.629490e-04
5.915350e-04
1.051370e-03
1.642260e-03
2.363970e-03
3.216200e-03
4.198600e-03
5.310770e-03
6.552260e-03
7.922550e-03
9.421090e-03
1.104720e-02
1.280040e-02
1.467970e-02
1.668450e-02
1.881390e-02
2.106700e-02
2.344300e-02
2.594070e-02
2.855920e-02
3.129730e-02
3.415400e-02
3.712790e-02
4.021790e-02
4.342250e-02
4.674060e-02
5.017050e-02
5.371090e-02
5.736030e-02
6.111690e-02
6.497930e-02
6.894560e-02
7.301430e-02
7.718340e-02
8.145110e-02
8.581550e-02
9.027470e-02
9.482660e-02
0.000000e+00
6.574520e-05
2.629680e-04
5.916320e-04
1.051670e-03
1.643010e-03
2.365520e-03
3.219080e-03
4.203520e-03
5.318660e-03
6.564280e-03
7.940150e-03
9.446010e-03
1.108160e-02
1.284650e-02
1.474050e-02
1.676320e-02
1.891430e-02
2.119320e-02
2.359960e-02
2.613300e-02
2.879290e-02
3.157880e-02
3.449030e-02
3.752660e-02
4.068730e-02
4.397170e-02
4.737920e-02
5.090920e-02
5.456090e-02
5.833370e-02
6.222680e-02
6.623940e-02
7.037080e-02
7.462020e-02
7.898680e-02
8.346960e-02
8.806780e-02
9.278060e-02
9.760680e-02
0.000000e+00
6.574650e-05
2.629890e-04
5.917370e-04
1.052010e-03
1.643820e-03
2.367200e-03
3.222190e-03
4.208830e-03
5.327160e-03
6.577230e-03
7.959110e-03
9.472870e-03
1.111860e-02
1.289630e-02
1.480610e-02
1.684810e-02
1.902250e-02
2.132920e-02
2.376840e-02
2.634020e-02
2.904480e-02
3.188230e-02
3.485280e-02
3.795640e-02
4.119330e-02
4.456370e-02
4.806770e-02
5.170550e-02
5.547720e-02
5.938300e-02
6.342310e-02
6.759780e-02
7.190710e-02
7.635140e-02
8.093080e-02
8.564550e-02
9.049570e-02
9.548170e-02
1.006040e-01
0.000000e+00
6.574780e-05
2.630090e-04
5.918400e-04
1.052330e-03
1.644610e-03
2.368850e-03
3.225250e-03
4.214040e-03
5.335500e-03
6.589950e-03
7.977730e-03
9.499240e-03
1.115490e-02
1.294510e-02
1.487050e-02
1.693150e-02
1.912870e-02
2.146270e-02
2.393410e-02
2.654370e-02
2.929220e-02
3.218020e-02
3.520870e-02
3.837840e-02
4.169010e-02
4.514490e-02
4.874360e-02
5.248720e-02
5.637670e-02
6.041320e-02
6.459770e-02
6.893140e-02
7.341540e-02
7.805100e-02
8.283930e-02
8.778160e-02
9.287930e-02
9.813360e-02
1.035460e-01
0.000000e+00
6.574890e-05
2.630280e-04
5.919320e-04
1.052620e-03
1.645320e-03
2.370320e-03
3.227970e-03
4.218680e-03
5.342930e-03
6.601280e-03
7.994320e-03
9.522730e-03
1.118720e-02
1.298870e-02
1.492790e-02
1.700570e-02
1.922330e-02
2.158160e-02
2.408180e-02
2.672500e-02
2.951250e-02
3.244570e-02
3.552580e-02
3.875430e-02
4.213270e-02
4.566270e-02
4.934570e-02
5.318360e-02
5.717800e-02
6.133090e-02
6.564400e-02
7.011940e-02
7.475910e-02
7.956500e-02
8.453950e-02
8.968460e-02
9.500270e-02
1.004960e-01
1.061670e-01
0.000000e+00
6.574980e-05
2.630420e-04
5.920040e-04
1.052850e-03
1.645880e-03
2.371470e-03
3.230110e-03
4.222330e-03
5.348780e-03
6.610200e-03
8.007380e-03
9.541220e-03
1.121270e-02
1.302290e-02
1.497300e-02
1.706420e-02
1.929780e-02
2.167520e-02
2.419800e-02
2.686770e-02
2.968590e-02
3.265450e-02
3.577530e-02
3.905010e-02
4.248100e-02
4.607010e-02
4.981950e-02
5.373160e-02
5.780870e-02
6.205310e-02
6.646750e-02
7.105430e-02
7.581640e-02
8.075650e-02
8.587740e-02
9.118220e-02
9.667370e-02
1.023550e-01
1.082300e-01
0.000000e+00
6.575030e-05
2.630510e-04
5.920500e-04
1.053000e-03
1.646230e-03
2.372210e-03
3.231470e-03
4.224660e-03
5.352520e-03
6.615890e-03
8.015710e-03
9.553030e-03
1.122900e-02
1.304480e-02
1.500180e-02
1.710150e-02
1.934530e-02
2.173500e-02
2.427220e-02
2.695880e-02
2.979670e-02
3.278790e-02
3.593460e-02
3.923900e-02
4.270340e-02
4.633030e-02
5.012220e-02
5.408160e-02
5.821140e-02
6.251430e-02
6.699330e-02
7.165140e-02
7.649170e-02
8.151750e-02
8.673200e-02
9.213860e-02
9.774090e-02
1.035430e-01
1.095470e-01
0.000000e+00
6.575050e-05
2.630540e-04
5.920660e-04
1.053050e-03
1.646360e-03
2.372470e-03
3.231940e-03
4.225460e-03
5.353800e-03
6.617850e-03
8.018580e-03
9.557090e-03
1.123460e-02
1.305230e-02
1.501170e-02
1.711430e-02
1.936170e-02
2.175550e-02
2.429770e-02
2.699010e-02
2.983470e-02
3.283380e-02
3.598940e-02
3.930390e-02
4.277990e-02
4.641980e-02
5.022620e-02
5.420190e-02
5.834980e-02
6.267290e-02
6.717410e-02
7.185670e-02
7.672390e-02
8.177900e-02
8.702570e-02
9.246740e-02
9.810780e-02
1.039510e-01
1.100000e-01
</DataArray>
<DataArray type="Float32" Name="V2" format="ascii">
-0.000000e+00
-1.314970e-04
-5.260390e-04
-1.183780e-03
-2.104990e-03
-3.290010e-03
-4.739330e-03
-6.453510e-03
-8.433220e-03
-1.067920e-02
-1.319250e-02
-1.597390e-02
-1.902450e-02
-2.234570e-02
-2.593860e-02
-2.980460e-02
-3.394530e-02
-3.836230e-02
-4.305730e-02
-4.803210e-02
-5.328860e-02
-5.882880e-02
-6.465490e-02
-7.076910e-02
-7.717380e-02
-8.387130e-02
-9.086420e-02
-9.815520e-02
-1.057470e-01
-1.136420e-01
-1.218440e-01
-1.303560e-01
-1.391810e-01
-1.483210e-01
-1.577820e-01
-1.675650e-01
-1.776740e-01
-1.881140e-01
-1.988880e-01
-2.100000e-01
-0.000000e+00
-1.314970e-04
-5.260360e-04
-1.183770e-03
-2.104940e-03
-3.289890e-03
-4.739080e-03
-6.453040e-03
-8.432420e-03
-1.067800e-02
-1.319050e-02
-1.597100e-02
-1.902050e-02
-2.234010e-02
-2.593110e-02
-2.979470e-02
-3.393250e-02
-3.834600e-02
-4.303680e-02
-4.800660e-02
-5.325730e-02
-5.879080e-02
-6.460910e-02
-7.071440e-02
-7.710880e-02
-8.379480e-02
-9.077480e-02
-9.805120e-02
-1.056270e-01
-1.135040e-01
-1.216860e-01
-1.301750e-01
-1.389760e-01
-1.480890e-01
-1.575200e-01
-1.672710e-01
-1.773460e-01
-1.877480e-01
-1.984800e-01
-2.095470e-01
-0.000000e+00
-1.314960e-04
-5.260270e-04
-1.183720e-03
-2.104790e-03
-3.289530e-03
-4.738340e-03
-6.451670e-03
-8.430090e-03
-1.067420e-02
-1.318480e-02
-1.596270e-02
-1.900870e-02
-2.232380e-02
-2.590920e-02
-2.976590e-02
-3.389520e-02
-3.829840e-02
-4.297700e-02
-4.793240e-02
-5.316620e-02
-5.868000e-02
-6.447570e-02
-7.055500e-02
-7.691990e-02
-8.357240e-02
-9.051450e-02
-9.774850e-02
-1.052770e-01
-1.131010e-01
-1.212250e-01
-1.296500e-01
-1.383780e-01
-1.474140e-01
-1.567590e-01
-1.664170e-01
-1.763890e-01
-1.866800e-01
-1.972930e-01
-2.082300e-01
-0.000000e+00
-1.314950e-04
-5.260120e-04
-1.183650e-03
-2.104560e-03
-3.288980e-03
-4.737180e-03
-6.449530e-03
-8.426440e-03
-1.066840e-02
-1.317590e-02
-1.594960e-02
-1.899020e-02
-2.229840e-02
-2.587490e-02
-2.972080e-02
-3.383680e-02
-3.822400e-02
-4.288340e-02
-4.781620e-02
-5.302350e-02
-5.850660e-02
-6.426680e-02
-7.030550e-02
-7.662410e-02
-8.322410e-02
-9.010710e-02
-9.727470e-02
-1.047290e-01
-1.124710e-01
-1.205020e-01
-1.288260e-01
-1.374440e-01
-1.463570e-01
-1.555680e-01
-1.650790e-01
-1.748920e-01
-1.850090e-01
-1.954340e-01
-2.061670e-01
-0.000000e+00
-1.314940e-04
-5.259940e-04
-1.183560e-03
-2.104270e-03
-3.288270e-03
-4.735710e-03
-6.446810e-03
-8.421790e-03
-1.066090e-02
-1.316460e-02
-1.593300e-02
-1.896670e-02
-2.226600e-02
-2.583140e-02
-2.966340e-02
-3.376250e-02
-3.812930e-02
-4.276450e-02
-4.766850e-02
-5.284220e-02
-5.828630e-02
-6.400140e-02
-6.998840e-02
-7.624820e-02
-8.278150e-02
-8.958930e-02
-9.667260e-02
-1.040320e-01
-1.116690e-01
-1.195850e-01
-1.277800e-01
-1.362560e-01
-1.450130e-01
-1.540540e-01
-1.633780e-01
-1.729890e-01
-1.828860e-01
-1.930710e-01
-2.035460e-01
-0.000000e+00
-1.314930e-04
-5.259740e-04
-1.183450e-03
-2.103950e-03
-3.287470e-03
-4.734070e-03
-6.443760e-03
-8.416590e-03
-1.065260e-02
-1.315190e-02
-1.591440e-02
-1.894030e-02
-2.222970e-02
-2.578250e-02
-2.959900e-02
-3.367920e-02
-3.802310e-02
-4.263090e-02
-4.750280e-02
-5.263870e-02
-5.803890e-02
-6.370350e-02
-6.963250e-02
-7.582620e-02
-8.228470e-02
-8.900820e-02
-9.599670e-02
-1.032500e-01
-1.107700e-01
-1.185550e-01
-1.266050e-01
-1.349220e-01
-1.435050e-01
-1.523540e-01
-1.614700e-01
-1.708530e-01
-1.805020e-01
-1.904190e-01
-2.006040e-01
0.000000e+00
-1.314910e-04
-5.259530e-04
-1.183350e-03
-2.103610e-03
-3.286660e-03
-4.732390e-03
-6.440650e-03
-8.411280e-03
-1.064410e-02
-1.313890e-02
-1.589540e-02
-1.891350e-02
-2.219270e-02
-2.573280e-02
-2.953340e-02
-3.359430e-02
-3.791490e-02
-4.249500e-02
-4.733400e-02
-5.243150e-02
-5.778700e-02
-6.340000e-02
-6.927000e-02
-7.539640e-02
-8.177870e-02
-8.841620e-02
-9.530820e-02
-1.024540e-01
-1.098530e-01
-1.175050e-01
-1.254090e-01
-1.335640e-01
-1.419680e-01
-1.506230e-01
-1.595260e-01
-1.686770e-01
-1.780740e-01
-1.877180e-01
-1.976070e-01
0.000000e+00
-1.314900e-04
-5.259340e-04
-1.183250e-03
-2.103310e-03
-3.285910e-03
-4.730830e-03
-6.437760e-03
-8.406360e-03
-1.063620e-02
-1.312690e-02
-1.587780e-02
-1.888850e-02
-2.215840e-02
-2.568660e-02
-2.947260e-02
-3.351550e-02
-3.781450e-02
-4.236880e-02
-4.717730e-02
-5.223920e-02
-5.755330e-02
-6.311850e-02
-6.893370e-02
-7.499770e-02
-8.130920e-02
-8.786700e-02
-9.466960e-02
-1.017160e-01
-1.090040e-01
-1.165320e-01
-1.242990e-01
-1.323030e-01
-1.405430e-01
-1.490170e-01
-1.577230e-01
-1.666580e-01
-1.758220e-01
-1.852120e-01
-1.948270e-01
0.000000e+00
-1.314890e-04
-5.259180e-04
-1.183170e-03
-2.103050e-03
-3.285290e-03
-4.729530e-03
-6.435360e-03
-8.402260e-03
-1.062970e-02
-1.311690e-02
-1.586320e-02
-1.886780e-02
-2.212980e-02
-2.564820e-02
-2.942200e-02
-3.345000e-02
-3.773110e-02
-4.226390e-02
-4.704710e-02
-5.207930e-02
-5.735890e-02
-6.288440e-02
-6.865410e-02
-7.466620e-02
-8.091890e-02
-8.741030e-02
-9.413850e-02
-1.011010e-01
-1.082970e-01
-1.157220e-01
-1.233760e-01
-1.312560e-01
-1.393580e-01
-1.476820e-01
-1.562230e-01
-1.649800e-01
-1.739490e-01
-1.831290e-01
-1.925150e-01
0.000000e+00
-1.314880e-04
-5.259070e-04
-1.183110e-03
-2.102870e-03
-3.284850e-03
-4.728620e-03
-6.433670e-03
-8.399370e-03
-1.062500e-02
-1.310980e-02
-1.585290e-02
-1.885320e-02
-2.210960e-02
-2.562110e-02
-2.938620e-02
-3.340370e-02
-3.767210e-02
-4.218980e-02
-4.695510e-02
-5.196630e-02
-5.722160e-02
-6.271900e-02
-6.845640e-02
-7.443190e-02
-8.064300e-02
-8.708760e-02
-9.376320e-02
-1.006670e-01
-1.077970e-01
-1.151500e-01
-1.227240e-01
-1.305150e-01
-1.385210e-01
-1.467380e-01
-1.551630e-01
-1.637940e-01
-1.726260e-01
-1.816560e-01
-1.908810e-01
0.000000e+00
-1.314880e-04
-5.259010e-04
-1.183080e-03
-2.102780e-03
-3.284630e-03
-4.728170e-03
-6.432830e-03
-8.397940e-03
-1.062270e-02
-1.310630e-02
-1.584780e-02
-1.884590e-02
-2.209970e-02
-2.560770e-02
-2.936860e-02
-3.338080e-02
-3.764290e-02
-4.215310e-02
-4.690960e-02
-5.191040e-02
-5.715360e-02
-6.263710e-02
-6.835870e-02
-7.431600e-02
-8.050660e-02
-8.692800e-02
-9.357750e-02
-1.004530e-01
-1.075500e-01
-1.148670e-01
-1.224010e-01
-1.301490e-01
-1.381060e-01
-1.462710e-01
-1.546390e-01
-1.632070e-01
-1.719710e-01
-1.809280e-01
-1.900730e-01
0.000000e+00
-1.314880e-04
-5.259020e-04
-1.183090e-03
-2.102790e-03
-3.284650e-03
-4.728220e-03
-6.432920e-03
-8.398100e-03
-1.062300e-02
-1.310670e-02
-1.584830e-02
-1.884670e-02
-2.210080e-02
-2.560920e-02
-2.937060e-02
-3.338340e-02
-3.764620e-02
-4.215720e-02
-4.691470e-02
-5.191670e-02
-5.716130e-02
-6.264630e-02
-6.836970e-02
-7.432900e-02
-8.052190e-02
-8.694590e-02
-9.359840e-02
-1.004770e-01
-1.075780e-01
-1.148990e-01
-1.224380e-01
-1.301900e-01
-1.381530e-01
-1.463230e-01
-1.546980e-01
-1.632730e-01
-1.720450e-01
-1.810100e-01
-1.901640e-01
0.000000e+00
-1.314890e-04
-5.259090e-04
-1.183120e-03
-2.102900e-03
-3.284920e-03
-4.728770e-03
-6.433940e-03
-8.399840e-03
-1.062580e-02
-1.311100e-02
-1.585450e-02
-1.885550e-02
-2.211290e-02
-2.562550e-02
-2.939200e-02
-3.341120e-02
-3.768160e-02
-4.220180e-02
-4.697000e-02
-5.198460e-02
-5.724380e-02
-6.274570e-02
-6.848840e-02
-7.446980e-02
-8.068770e-02
-8.713980e-02
-9.382390e-02
-1.007380e-01
-1.078780e-01
-1.152430e-01
-1.228300e-01
-1.306350e-01
-1.386560e-01
-1.468910e-01
-1.553350e-01
-1.639860e-01
-1.728400e-01
-1.818940e-01
-1.911450e-01
0.000000e+00
-1.314890e-04
-5.259210e-04
-1.183180e-03
-2.103100e-03
-3.285400e-03
-4.729770e-03
-6.435790e-03
-8.403000e-03
-1.063080e-02
-1.311870e-02
-1.586580e-02
-1.887150e-02
-2.213490e-02
-2.565510e-02
-2.943110e-02
-3.346180e-02
-3.774600e-02
-4.228270e-02
-4.707040e-02
-5.210790e-02
-5.739370e-02
-6.292630e-02
-6.870420e-02
-7.472560e-02
-8.098880e-02
-8.749210e-02
-9.423360e-02
-1.012110e-01
-1.084230e-01
-1.158670e-01
-1.235410e-01
-1.314430e-01
-1.395700e-01
-1.479210e-01
-1.564920e-01
-1.652800e-01
-1.742850e-01
-1.835020e-01
-1.929290e-01
0.000000e+00
-1.314900e-04
-5.259380e-04
-1.183270e-03
-2.103360e-03
-3.286060e-03
-4.731120e-03
-6.438310e-03
-8.407290e-03
-1.063770e-02
-1.312920e-02
-1.588120e-02
-1.889330e-02
-2.216480e-02
-2.569530e-02
-2.948410e-02
-3.353040e-02
-3.783350e-02
-4.239270e-02
-4.720700e-02
-5.227560e-02
-5.759750e-02
-6.317180e-02
-6.899740e-02
-7.507320e-02
-8.139810e-02
-8.797090e-02
-9.479040e-02
-1.018550e-01
-1.091640e-01
-1.167160e-01
-1.245090e-01
-1.325420e-01
-1.408130e-01
-1.493210e-01
-1.580640e-01
-1.670400e-01
-1.762480e-01
-1.856860e-01
-1.953530e-01
0.000000e+00
-1.314920e-04
-5.259570e-04
-1.183370e-03
-2.103680e-03
-3.286820e-03
-4.732720e-03
-6.441260e-03
-8.412320e-03
-1.064580e-02
-1.314150e-02
-1.589920e-02
-1.891880e-02
-2.220000e-02
-2.574260e-02
-2.954640e-02
-3.361100e-02
-3.793620e-02
-4.252180e-02
-4.736720e-02
-5.247230e-02
-5.783660e-02
-6.345980e-02
-6.934150e-02
-7.548110e-02
-8.187840e-02
-8.853280e-02
-9.544390e-02
-1.026110e-01
-1.100340e-01
-1.177120e-01
-1.256450e-01
-1.338310e-01
-1.422710e-01
-1.509640e-01
-1.599090e-01
-1.691060e-01
-1.785530e-01
-1.882500e-01
-1.981970e-01
-0.000000e+00
-1.314930e-04
-5.259780e-04
-1.183470e-03
-2.104010e-03
-3.287640e-03
-4.734400e-03
-6.444380e-03
-8.417650e-03
-1.065430e-02
-1.315450e-02
-1.591820e-02
-1.894570e-02
-2.223710e-02
-2.579250e-02
-2.961220e-02
-3.369620e-02
-3.804480e-02
-4.265820e-02
-4.753670e-02
-5.268030e-02
-5.808950e-02
-6.376440e-02
-6.970530e-02
-7.591250e-02
-8.238630e-02
-8.912700e-02
-9.613490e-02
-1.034100e-01
-1.109540e-01
-1.187650e-01
-1.268450e-01
-1.351950e-01
-1.438130e-01
-1.527020e-01
-1.618600e-01
-1.712890e-01
-1.809900e-01
-1.909610e-01
-2.012050e-01
-0.000000e+00
-1.314940e-04
-5.259980e-04
-1.183580e-03
-2.104330e-03
-3.288420e-03
-4.736030e-03
-6.447390e-03
-8.422780e-03
-1.066250e-02
-1.316700e-02
-1.593660e-02
-1.897170e-02
-2.227290e-02
-2.584070e-02
-2.967560e-02
-3.377830e-02
-3.814950e-02
-4.278980e-02
-4.770000e-02
-5.288080e-02
-5.833320e-02
-6.405790e-02
-7.005590e-02
-7.632820e-02
-8.287580e-02
-8.969960e-02
-9.680080e-02
-1.041800e-01
-1.118400e-01
-1.197800e-01
-1.280030e-01
-1.365080e-01
-1.452990e-01
-1.543760e-01
-1.637400e-01
-1.733940e-01
-1.833380e-01
-1.935740e-01
-2.041040e-01
-0.000000e+00
-1.314950e-04
-5.260160e-04
-1.183660e-03
-2.104610e-03
-3.289100e-03
-4.737440e-03
-6.450010e-03
-8.427260e-03
-1.066970e-02
-1.317790e-02
-1.595260e-02
-1.899430e-02
-2.230410e-02
-2.588260e-02
-2.973090e-02
-3.384990e-02
-3.824070e-02
-4.290450e-02
-4.784230e-02
-5.305560e-02
-5.854560e-02
-6.431380e-02
-7.036160e-02
-7.669060e-02
-8.330250e-02
-9.019880e-02
-9.738130e-02
-1.048520e-01
-1.126120e-01
-1.206650e-01
-1.290110e-01
-1.376540e-01
-1.465950e-01
-1.558360e-01
-1.653800e-01
-1.752290e-01
-1.853850e-01
-1.958520e-01
-2.066310e-01
-0.000000e+00
-1.314960e-04
-5.260290e-04
-1.183730e-03
-2.104830e-03
-3.289620e-03
-4.738520e-03
-6.452010e-03
-8.430670e-03
-1.067520e-02
-1.318620e-02
-1.596470e-02
-1.901160e-02
-2.232790e-02
-2.591460e-02
-2.977310e-02
-3.390450e-02
-3.831030e-02
-4.299190e-02
-4.795090e-02
-5.318880e-02
-5.870760e-02
-6.450890e-02
-7.059470e-02
-7.696690e-02
-8.362780e-02
-9.057930e-02
-9.782390e-02
-1.053640e-01
-1.132010e-01
-1.213400e-01
-1.297800e-01
-1.385270e-01
-1.475820e-01
-1.569490e-01
-1.666290e-01
-1.766270e-01
-1.869460e-01
-1.975880e-01
-2.085580e-01
-0.000000e+00
-1.314970e-04
-5.260370e-04
-1.183770e-03
-2.104950e-03
-3.289930e-03
-4.739170e-03
-6.453210e-03
-8.432710e-03
-1.067840e-02
-1.319120e-02
-1.597200e-02
-1.902190e-02
-2.234210e-02
-2.593370e-02
-2.979830e-02
-3.393710e-02
-3.835180e-02
-4.304410e-02
-4.801570e-02
-5.326850e-02
-5.880440e-02
-6.462550e-02
-7.073400e-02
-7.713210e-02
-8.382220e-02
-9.080680e-02
-9.808840e-02
-1.056700e-01
-1.135540e-01
-1.217430e-01
-1.302400e-01
-1.390490e-01
-1.481730e-01
-1.576140e-01
-1.673760e-01
-1.774630e-01
-1.878790e-01
-1.986260e-01
-2.097090e-01
-0.000000e+00
-1.314970e-04
-5.260390e-04
-1.183780e-03
-2.104980e-03
-3.290010e-03
-4.739320e-03
-6.453490e-03
-8.433190e-03
-1.067920e-02
-1.319240e-02
-1.597380e-02
-1.902440e-02
-2.234550e-02
-2.593830e-02
-2.980420e-02
-3.394480e-02
-3.836170e-02
-4.305650e-02
-4.803110e-02
-5.328730e-02
-5.882730e-02
-6.465310e-02
-7.076690e-02
-7.717120e-02
-8.386820e-02
-9.086060e-02
-9.815100e-02
-1.057420e-01
-1.136370e-01
-1.218380e-01
-1.303490e-01
-1.391730e-01
-1.483120e-01
-1.577710e-01
-1.675530e-01
-1.776610e-01
-1.881000e-01
-1.988720e-01
-2.099820e-01
-0.000000e+00
-1.314960e-04
-5.260340e-04
-1.183760e-03
-2.104910e-03
-3.289840e-03
-4.738970e-03
-6.452830e-03
-8.432070e-03
-1.067740e-02
-1.318970e-02
-1.596980e-02
-1.901870e-02
-2.233770e-02
-2.592780e-02
-2.979040e-02
-3.392690e-02
-3.833890e-02
-4.302780e-02
-4.799550e-02
-5.324360e-02
-5.877420e-02
-6.458910e-02
-7.069050e-02
-7.708060e-02
-8.376160e-02
-9.073580e-02
-9.800590e-02
-1.055740e-01
-1.134440e-01
-1.216170e-01
-1.300970e-01
-1.388860e-01
-1.479880e-01
-1.574060e-01
-1.671430e-01
-1.772030e-01
-1.875880e-01
-1.983030e-01
-2.093500e-01
-0.000000e+00
-1.314960e-04
-5.260240e-04
-1.183710e-03
-2.104750e-03
-3.289440e-03
-4.738140e-03
-6.451300e-03
-8.429450e-03
-1.067320e-02
-1.318330e-02
-1.596040e-02
-1.900550e-02
-2.231940e-02
-2.590320e-02
-2.975810e-02
-3.388510e-02
-3.828550e-02
-4.296070e-02
-4.791220e-02
-5.314140e-02
-5.864990e-02
-6.443940e-02
-7.051170e-02
-7.686860e-02
-8.351190e-02
-9.044380e-02
-9.766630e-02
-1.051820e-01
-1.129920e-01
-1.210990e-01
-1.295070e-01
-1.382160e-01
-1.472310e-01
-1.565520e-01
-1.661840e-01
-1.761290e-01
-1.863900e-01
-1.969700e-01
-2.078720e-01
-0.000000e+00
-1.314950e-04
-5.260090e-04
-1.183630e-03
-2.104510e-03
-3.288850e-03
-4.736910e-03
-6.449030e-03
-8.425570e-03
-1.066700e-02
-1.317380e-02
-1.594650e-02
-1.898580e-02
-2.229240e-02
-2.586680e-02
-2.971010e-02
-3.382300e-02
-3.820640e-02
-4.286130e-02
-4.778880e-02
-5.298990e-02
-5.846570e-02
-6.421760e-02
-7.024660e-02
-7.655430e-02
-8.314200e-02
-9.001100e-02
-9.716290e-02
-1.045990e-01
-1.123220e-01
-1.203320e-01
-1.286320e-01
-1.372230e-01
-1.461070e-01
-1.552870e-01
-1.647630e-01
-1.745380e-01
-1.846150e-01
-1.949950e-01
-2.056810e-01
-0.000000e+00
-1.314940e-04
-5.259900e-04
-1.183540e-03
-2.104210e-03
-3.288110e-03
-4.735390e-03
-6.446220e-03
-8.420780e-03
-1.065930e-02
-1.316210e-02
-1.592940e-02
-1.896160e-02
-2.225900e-02
-2.582190e-02
-2.965090e-02
-3.374630e-02
-3.810870e-02
-4.273850e-02
-4.763640e-02
-5.280270e-02
-5.823830e-02
-6.394360e-02
-6.991940e-02
-7.616630e-02
-8.268510e-02
-8.947650e-02
-9.654140e-02
-1.038810e-01
-1.114950e-01
-1.193850e-01
-1.275520e-01
-1.359970e-01
-1.447200e-01
-1.537240e-01
-1.630080e-01
-1.725740e-01
-1.824230e-01
-1.925570e-01
-2.029750e-01
0.000000e+00
-1.314920e-04
-5.259700e-04
-1.183430e-03
-2.103880e-03
-3.287310e-03
-4.733730e-03
-6.443130e-03
-8.415520e-03
-1.065090e-02
-1.314920e-02
-1.591060e-02
-1.893490e-02
-2.222220e-02
-2.577250e-02
-2.958580e-02
-3.366210e-02
-3.800130e-02
-4.260360e-02
-4.746880e-02
-5.259700e-02
-5.798820e-02
-6.364230e-02
-6.955950e-02
-7.573960e-02
-8.218280e-02
-8.888890e-02
-9.585800e-02
-1.030900e-01
-1.105850e-01
-1.183430e-01
-1.263640e-01
-1.346480e-01
-1.431950e-01
-1.520050e-01
-1.610780e-01
-1.704140e-01
-1.800130e-01
-1.898750e-01
-2.000000e-01
0.000000e+00
-1.314910e-04
-5.259490e-04
-1.183330e-03
-2.103550e-03
-3.286510e-03
-4.732060e-03
-6.440040e-03
-8.410250e-03
-1.064250e-02
-1.313640e-02
-1.589180e-02
-1.890820e-02
-2.218550e-02
-2.572310e-02
-2.952070e-02
-3.357780e-02
-3.789390e-02
-4.246860e-02
-4.730120e-02
-5.239120e-02
-5.773810e-02
-6.334110e-02
-6.919960e-02
-7.531300e-02
-8.168040e-02
-8.830120e-02
-9.517460e-02
-1.023000e-01
-1.096760e-01
-1.173020e-01
-1.251770e-01
-1.333000e-01
-1.416700e-01
-1.502870e-01
-1.591480e-01
-1.682540e-01
-1.776030e-01
-1.871940e-01
-1.970250e-01
0.000000e+00
-1.314900e-04
-5.259300e-04
-1.183230e-03
-2.103250e-03
-3.285780e-03
-4.730550e-03
-6.437230e-03
-8.405460e-03
-1.063480e-02
-1.312470e-02
-1.587460e-02
-1.888400e-02
-2.215210e-02
-2.567820e-02
-2.946150e-02
-3.350110e-02
-3.779620e-02
-4.234580e-02
-4.714880e-02
-5.220410e-02
-5.751060e-02
-6.306710e-02
-6.887240e-02
-7.492500e-02
-8.122360e-02
-8.776680e-02
-9.455300e-02
-1.015810e-01
-1.088480e-01
-1.163540e-01
-1.240970e-01
-1.320730e-01
-1.402830e-01
-1.487240e-01
-1.573930e-01
-1.662900e-01
-1.754110e-01
-1.847550e-01
-1.943190e-01
0.000000e+00
-1.314890e-04
-5.259150e-04
-1.183160e-03
-2.103010e-03
-3.285180e-03
-4.729320e-03
-6.434960e-03
-8.401580e-03
-1.062860e-02
-1.311520e-02
-1.586080e-02
-1.886440e-02
-2.212500e-02
-2.564180e-02
-2.941350e-02
-3.343910e-02
-3.771710e-02
-4.224640e-02
-4.702530e-02
-5.205260e-02
-5.732640e-02
-6.284520e-02
-6.860730e-02
-7.461070e-02
-8.085360e-02
-8.733400e-02
-9.404970e-02
-1.009990e-01
-1.081790e-01
-1.155870e-01
-1.232220e-01
-1.310800e-01
-1.391600e-01
-1.474580e-01
-1.559720e-01
-1.646990e-01
-1.736360e-01
-1.827800e-01
-1.921280e-01
0.000000e+00
-1.314880e-04
-5.259050e-04
-1.183100e-03
-2.102840e-03
-3.284780e-03
-4.728490e-03
-6.433430e-03
-8.398960e-03
-1.062440e-02
-1.310880e-02
-1.585140e-02
-1.885110e-02
-2.210680e-02
-2.561730e-02
-2.938120e-02
-3.339720e-02
-3.766380e-02
-4.217930e-02
-4.694210e-02
-5.195030e-02
-5.720210e-02
-6.269560e-02
-6.842850e-02
-7.439870e-02
-8.060400e-02
-8.704190e-02
-9.371010e-02
-1.006060e-01
-1.077270e-01
-1.150690e-01
-1.226320e-01
-1.304100e-01
-1.384020e-01
-1.466040e-01
-1.550130e-01
-1.636260e-01
-1.724380e-01
-1.814480e-01
-1.906500e-01
0.000000e+00
-1.314880e-04
-5.259010e-04
-1.183080e-03
-2.102770e-03
-3.284610e-03
-4.728140e-03
-6.432770e-03
-8.397840e-03
-1.062260e-02
-1.310610e-02
-1.584740e-02
-1.884540e-02
-2.209900e-02
-2.560680e-02
-2.936740e-02
-3.337930e-02
-3.764090e-02
-4.215060e-02
-4.690650e-02
-5.190660e-02
-5.714900e-02
-6.263160e-02
-6.835210e-02
-7.430810e-02
-8.049740e-02
-8.691720e-02
-9.356500e-02
-1.004380e-01
-1.075330e-01
-1.148480e-01
-1.223800e-01
-1.301240e-01
-1.380780e-01
-1.462390e-01
-1.546040e-01
-1.631670e-01
-1.719270e-01
-1.808780e-01
-1.900180e-01
0.000000e+00
-1.314880e-04
-5.259030e-04
-1.183090e-03
-2.102800e-03
-3.284690e-03
-4.728290e-03
-6.433050e-03
-8.398330e-03
-1.062340e-02
-1.310730e-02
-1.584910e-02
-1.884790e-02
-2.210240e-02
-2.561130e-02
-2.937330e-02
-3.338700e-02
-3.765080e-02
-4.216300e-02
-4.692180e-02
-5.192550e-02
-5.717190e-02
-6.265920e-02
-6.838500e-02
-7.434720e-02
-8.054330e-02
-8.697100e-02
-9.362760e-02
-1.005100e-01
-1.076170e-01
-1.149440e-01
-1.224880e-01
-1.302470e-01
-1.382180e-01
-1.463970e-01
-1.547800e-01
-1.633650e-01
-1.721470e-01
-1.811240e-01
-1.902910e-01
0.000000e+00
-1.314890e-04
-5.259110e-04
-1.183130e-03
-2.102930e-03
-3.285000e-03
-4.728930e-03
-6.434250e-03
-8.400360e-03
-1.062660e-02
-1.311230e-02
-1.585640e-02
-1.885820e-02
-2.211660e-02
-2.563040e-02
-2.939850e-02
-3.341960e-02
-3.769240e-02
-4.221520e-02
-4.698670e-02
-5.200510e-02
-5.726870e-02
-6.277580e-02
-6.852430e-02
-7.451230e-02
-8.073780e-02
-8.719850e-02
-9.389210e-02
-1.008160e-01
-1.079690e-01
-1.153470e-01
-1.229480e-01
-1.307690e-01
-1.388080e-01
-1.470620e-01
-1.555270e-01
-1.642010e-01
-1.730800e-01
-1.821620e-01
-1.914420e-01
0.000000e+00
-1.314900e-04
-5.259240e-04
-1.183200e-03
-2.103150e-03
-3.285520e-03
-4.730010e-03
-6.436250e-03
-8.403780e-03
-1.063210e-02
-1.312060e-02
-1.586860e-02
-1.887550e-02
-2.214040e-02
-2.566240e-02
-2.944070e-02
-3.347420e-02
-3.776190e-02
-4.230260e-02
-4.709520e-02
-5.213840e-02
-5.743070e-02
-6.297090e-02
-6.875740e-02
-7.478860e-02
-8.106310e-02
-8.757900e-02
-9.433470e-02
-1.013280e-01
-1.085580e-01
-1.160210e-01
-1.237170e-01
-1.316430e-01
-1.397960e-01
-1.481750e-01
-1.567770e-01
-1.656000e-01
-1.746410e-01
-1.838980e-01
-1.933690e-01
0.000000e+00
-1.314910e-04
-5.259410e-04
-1.183290e-03
-2.103420e-03
-3.286200e-03
-4.731430e-03
-6.438870e-03
-8.408250e-03
-1.063920e-02
-1.313150e-02
-1.588460e-02
-1.889810e-02
-2.217160e-02
-2.570440e-02
-2.949600e-02
-3.354580e-02
-3.785310e-02
-4.241730e-02
-4.723760e-02
-5.231310e-02
-5.764310e-02
-6.322680e-02
-6.906310e-02
-7.515110e-02
-8.148980e-02
-8.807820e-02
-9.491520e-02
-1.020000e-01
-1.093300e-01
-1.169060e-01
-1.247260e-01
-1.327880e-01
-1.410910e-01
-1.496350e-01
-1.584160e-01
-1.674350e-01
-1.766880e-01
-1.861760e-01
-1.958960e-01
0.000000e+00
-1.314920e-04
-5.259610e-04
-1.183390e-03
-2.103750e-03
-3.286990e-03
-4.733050e-03
-6.441880e-03
-8.413380e-03
-1.064750e-02
-1.314400e-02
-1.590300e-02
-1.892410e-02
-2.220730e-02
-2.575250e-02
-2.955940e-02
-3.362790e-02
-3.795780e-02
-4.254890e-02
-4.740090e-02
-5.251360e-02
-5.788680e-02
-6.352030e-02
-6.941370e-02
-7.556680e-02
-8.197920e-02
-8.865080e-02
-9.558110e-02
-1.027700e-01
-1.102170e-01
-1.179210e-01
-1.258830e-01
-1.341020e-01
-1.425770e-01
-1.513090e-01
-1.602960e-01
-1.695390e-01
-1.790370e-01
-1.887890e-01
-1.987950e-01
-0.000000e+00
-1.314930e-04
-5.259820e-04
-1.183500e-03
-2.104080e-03
-3.287800e-03
-4.734740e-03
-6.445000e-03
-8.418710e-03
-1.065600e-02
-1.315700e-02
-1.592200e-02
-1.895110e-02
-2.224450e-02
-2.580250e-02
-2.962520e-02
-3.371310e-02
-3.806640e-02
-4.268530e-02
-4.757030e-02
-5.272160e-02
-5.813970e-02
-6.382490e-02
-6.977750e-02
-7.599820e-02
-8.248710e-02
-8.924490e-02
-9.627210e-02
-1.035690e-01
-1.111360e-01
-1.189740e-01
-1.270840e-01
-1.354650e-01
-1.441190e-01
-1.530460e-01
-1.622470e-01
-1.717230e-01
-1.814730e-01
-1.915000e-01
-2.018030e-01
-0.000000e+00
-1.314940e-04
-5.260020e-04
-1.183590e-03
-2.104390e-03
-3.288570e-03
-4.736330e-03
-6.447950e-03
-8.423740e-03
-1.066410e-02
-1.316930e-02
-1.594000e-02
-1.897660e-02
-2.227960e-02
-2.584970e-02
-2.968750e-02
-3.379370e-02
-3.816910e-02
-4.281440e-02
-4.773060e-02
-5.291840e-02
-5.837880e-02
-6.411290e-02
-7.012160e-02
-7.640610e-02
-8.296750e-02
-8.980690e-02
-9.692550e-02
-1.043250e-01
-1.120060e-01
-1.199700e-01
-1.282190e-01
-1.367550e-01
-1.455780e-01
-1.546900e-01
-1.640930e-01
-1.737880e-01
-1.837780e-01
-1.940640e-01
-2.046470e-01
-0.000000e+00
-1.314950e-04
-5.260190e-04
-1.183680e-03
-2.104660e-03
-3.289220e-03
-4.737690e-03
-6.450470e-03
-8.428040e-03
-1.067090e-02
-1.317980e-02
-1.595530e-02
-1.899830e-02
-2.230950e-02
-2.588990e-02
-2.974050e-02
-3.386240e-02
-3.825660e-02
-4.292440e-02
-4.786710e-02
-5.308600e-02
-5.858260e-02
-6.435830e-02
-7.041480e-02
-7.675370e-02
-8.337670e-02
-9.028560e-02
-9.748230e-02
-1.049690e-01
-1.127470e-01
-1.208190e-01
-1.291870e-01
-1.378530e-01
-1.468200e-01
-1.560900e-01
-1.656650e-01
-1.755480e-01
-1.857420e-01
-1.962480e-01
-2.070710e-01
-0.000000e+00
-1.314960e-04
-5.260310e-04
-1.183740e-03
-2.104860e-03
-3.289700e-03
-4.738690e-03
-6.452320e-03
-8.431190e-03
-1.067600e-02
-1.318750e-02
-1.596660e-02
-1.901430e-02
-2.233150e-02
-2.591960e-02
-2.977960e-02
-3.391290e-02
-3.832100e-02
-4.300530e-02
-4.796760e-02
-5.320940e-02
-5.873250e-02
-6.453890e-02
-7.063060e-02
-7.700950e-02
-8.367790e-02
-9.063790e-02
-9.789200e-02
-1.054430e-01
-1.132920e-01
-1.214430e-01
-1.298990e-01
-1.386620e-01
-1.477340e-01
-1.571200e-01
-1.668220e-01
-1.768430e-01
-1.871860e-01
-1.978560e-01
-2.088550e-01
-0.000000e+00
-1.314970e-04
-5.260380e-04
-1.183780e-03
-2.104970e-03
-3.289970e-03
-4.739240e-03
-6.453340e-03
-8.432930e-03
-1.067880e-02
-1.319180e-02
-1.597280e-02
-1.902310e-02
-2.234370e-02
-2.593590e-02
-2.980100e-02
-3.394070e-02
-3.835640e-02
-4.304990e-02
-4.802290e-02
-5.327730e-02
-5.881510e-02
-6.463830e-02
-7.074930e-02
-7.715030e-02
-8.384360e-02
-9.083180e-02
-9.811750e-02
-1.057030e-01
-1.135920e-01
-1.217870e-01
-1.302910e-01
-1.391070e-01
-1.482380e-01
-1.576870e-01
-1.674590e-01
-1.775560e-01
-1.879820e-01
-1.987410e-01
-2.098360e-01
-0.000000e+00
-1.314970e-04
-5.260380e-04
-1.183780e-03
-2.104980e-03
-3.289990e-03
-4.739290e-03
-6.453430e-03
-8.433090e-03
-1.067900e-02
-1.319220e-02
-1.597340e-02
-1.902390e-02
-2.234480e-02
-2.593740e-02
-2.980300e-02
-3.394330e-02
-3.835970e-02
-4.305400e-02
-4.802800e-02
-5.328350e-02
-5.882270e-02
-6.464750e-02
-7.076030e-02
-7.716330e-02
-8.385900e-02
-9.084980e-02
-9.813840e-02
-1.057280e-01
-1.136200e-01
-1.218190e-01
-1.303270e-01
-1.391480e-01
-1.482840e-01
-1.577400e-01
-1.675170e-01
-1.776220e-01
-1.880550e-01
-1.988230e-01
-2.099270e-01
-0.000000e+00
-1.314960e-04
-5.260330e-04
-1.183750e-03
-2.104890e-03
-3.289770e-03
-4.738840e-03
-6.452590e-03
-8.431660e-03
-1.067670e-02
-1.318870e-02
-1.596830e-02
-1.901660e-02
-2.233480e-02
-2.592390e-02
-2.978530e-02
-3.392040e-02
-3.833050e-02
-4.301730e-02
-4.798250e-02
-5.322770e-02
-5.875480e-02
-6.456570e-02
-7.066260e-02
-7.704740e-02
-8.372250e-02
-9.069020e-02
-9.795280e-02
-1.055130e-01
-1.133730e-01
-1.215360e-01
-1.300050e-01
-1.387810e-01
-1.478700e-01
-1.572730e-01
-1.669930e-01
-1.770350e-01
-1.874010e-01
-1.980940e-01
-2.091190e-01
-0.000000e+00
-1.314960e-04
-5.260220e-04
-1.183690e-03
-2.104710e-03
-3.289330e-03
-4.737920e-03
-6.450900e-03
-8.428770e-03
-1.067210e-02
-1.318160e-02
-1.595800e-02
-1.900200e-02
-2.231460e-02
-2.589680e-02
-2.974960e-02
-3.387410e-02
-3.827150e-02
-4.294320e-02
-4.789040e-02
-5.311470e-02
-5.861740e-02
-6.440030e-02
-7.046490e-02
-7.681310e-02
-8.344660e-02
-9.036740e-02
-9.757750e-02
-1.050790e-01
-1.128740e-01
-1.209640e-01
-1.293520e-01
-1.380410e-01
-1.470320e-01
-1.563290e-01
-1.659330e-01
-1.758490e-01
-1.860770e-01
-1.966220e-01
-2.074850e-01
-0.000000e+00
-1.314950e-04
-5.260060e-04
-1.183610e-03
-2.104450e-03
-3.288710e-03
-4.736630e-03
-6.448500e-03
-8.424680e-03
-1.066560e-02
-1.317160e-02
-1.594330e-02
-1.898130e-02
-2.228610e-02
-2.585840e-02
-2.969900e-02
-3.380860e-02
-3.818810e-02
-4.283830e-02
-4.776020e-02
-5.295480e-02
-5.842310e-02
-6.416620e-02
-7.018530e-02
-7.648160e-02
-8.305630e-02
-8.991080e-02
-9.704640e-02
-1.044650e-01
-1.121670e-01
-1.201550e-01
-1.284290e-01
-1.369930e-01
-1.458470e-01
-1.549940e-01
-1.644340e-01
-1.741700e-01
-1.842040e-01
-1.945380e-01
-2.051730e-01
-0.000000e+00
-1.314930e-04
-5.259860e-04
-1.183520e-03
-2.104140e-03
-3.287960e-03
-4.735070e-03
-6.445610e-03
-8.419750e-03
-1.065770e-02
-1.315960e-02
-1.592570e-02
-1.895640e-02
-2.225180e-02
-2.581230e-02
-2.963820e-02
-3.372990e-02
-3.808770e-02
-4.271210e-02
-4.760360e-02
-5.276250e-02
-5.818930e-02
-6.388470e-02
-6.984900e-02
-7.608290e-02
-8.258690e-02
-8.936160e-02
-9.640770e-02
-1.037260e-01
-1.113170e-01
-1.191810e-01
-1.273200e-01
-1.357330e-01
-1.444220e-01
-1.533880e-01
-1.626310e-01
-1.721520e-01
-1.819520e-01
-1.920320e-01
-2.023930e-01
0.000000e+00
-1.314920e-04
-5.259660e-04
-1.183410e-03
-2.103810e-03
-3.287150e-03
-4.733390e-03
-6.442500e-03
-8.414450e-03
-1.064920e-02
-1.314660e-02
-1.590680e-02
-1.892950e-02
-2.221480e-02
-2.576250e-02
-2.957260e-02
-3.364500e-02
-3.797950e-02
-4.257620e-02
-4.743480e-02
-5.255520e-02
-5.793740e-02
-6.358120e-02
-6.948650e-02
-7.565310e-02
-8.208080e-02
-8.876960e-02
-9.571930e-02
-1.029300e-01
-1.104010e-01
-1.181320e-01
-1.261230e-01
-1.343750e-01
-1.428860e-01
-1.516560e-01
-1.606870e-01
-1.699760e-01
-1.795240e-01
-1.893310e-01
-1.993960e-01
0.000000e+00
-1.314910e-04
-5.259450e-04
-1.183310e-03
-2.103490e-03
-3.286350e-03
-4.731740e-03
-6.439450e-03
-8.409240e-03
-1.064080e-02
-1.313390e-02
-1.588810e-02
-1.890310e-02
-2.217840e-02
-2.571360e-02
-2.950820e-02
-3.356160e-02
-3.787330e-02
-4.244260e-02
-4.726900e-02
-5.235170e-02
-5.769010e-02
-6.328330e-02
-6.913060e-02
-7.523110e-02
-8.158400e-02
-8.818840e-02
-9.504340e-02
-1.021480e-01
-1.095010e-01
-1.171020e-01
-1.249490e-01
-1.330410e-01
-1.413770e-01
-1.499570e-01
-1.587780e-01
-1.678400e-01
-1.771400e-01
-1.866790e-01
-1.964540e-01
0.000000e+00
-1.314900e-04
-5.259270e-04
-1.183220e-03
-2.103200e-03
-3.285640e-03
-4.730270e-03
-6.436730e-03
-8.404600e-03
-1.063340e-02
-1.312260e-02
-1.587160e-02
-1.887960e-02
-2.214610e-02
-2.567010e-02
-2.945080e-02
-3.348740e-02
-3.777870e-02
-4.232370e-02
-4.712140e-02
-5.217040e-02
-5.746970e-02
-6.301790e-02
-6.881350e-02
-7.485520e-02
-8.114140e-02
-8.767070e-02
-9.444130e-02
-1.014520e-01
-1.087000e-01
-1.161840e-01
-1.239020e-01
-1.318530e-01
-1.400340e-01
-1.484430e-01
-1.570780e-01
-1.659370e-01
-1.750170e-01
-1.843170e-01
-1.938330e-01
0.000000e+00
-1.314890e-04
-5.259130e-04
-1.183140e-03
-2.102970e-03
-3.285090e-03
-4.729120e-03
-6.434590e-03
-8.400940e-03
-1.062750e-02
-1.311370e-02
-1.585850e-02
-1.886110e-02
-2.212060e-02
-2.563590e-02
-2.940570e-02
-3.342890e-02
-3.770420e-02
-4.223010e-02
-4.700520e-02
-5.202780e-02
-5.729630e-02
-6.280900e-02
-6.856400e-02
-7.455940e-02
-8.079320e-02
-8.726320e-02
-9.396740e-02
-1.009030e-01
-1.080690e-01
-1.154620e-01
-1.230790e-01
-1.309180e-01
-1.389760e-01
-1.472510e-01
-1.557400e-01
-1.644390e-01
-1.733460e-01
-1.824570e-01
-1.917700e-01
0.000000e+00
-1.314880e-04
-5.259040e-04
-1.183100e-03
-2.102820e-03
-3.284730e-03
-4.728380e-03
-6.433220e-03
-8.398610e-03
-1.062380e-02
-1.310800e-02
-1.585020e-02
-1.884930e-02
-2.210440e-02
-2.561400e-02
-2.937690e-02
-3.339160e-02
-3.765660e-02
-4.217030e-02
-4.693100e-02
-5.193670e-02
-5.718560e-02
-6.267560e-02
-6.840460e-02
-7.437050e-02
-8.057070e-02
-8.700300e-02
-9.366480e-02
-1.005530e-01
-1.076660e-01
-1.150000e-01
-1.225530e-01
-1.303210e-01
-1.383010e-01
-1.464900e-01
-1.548850e-01
-1.634830e-01
-1.722790e-01
-1.812700e-01
-1.904530e-01
0.000000e+00
-1.314880e-04
-5.259010e-04
-1.183080e-03
-2.102770e-03
-3.284610e-03
-4.728130e-03
-6.432750e-03
-8.397810e-03
-1.062250e-02
-1.310600e-02
-1.584730e-02
-1.884530e-02
-2.209880e-02
-2.560650e-02
-2.936700e-02
-3.337880e-02
-3.764030e-02
-4.214980e-02
-4.690540e-02
-5.190540e-02
-5.714750e-02
-6.262980e-02
-6.834990e-02
-7.430550e-02
-8.049430e-02
-8.691360e-02
-9.356080e-02
-1.004330e-01
-1.075280e-01
-1.148420e-01
-1.223720e-01
-1.301160e-01
-1.380690e-01
-1.462290e-01
-1.545920e-01
-1.631540e-01
-1.719120e-01
-1.808620e-01
-1.900000e-01
0.000000e+00
-1.314880e-04
-5.259040e-04
-1.183100e-03
-2.102820e-03
-3.284730e-03
-4.728380e-03
-6.433220e-03
-8.398610e-03
-1.062380e-02
-1.310800e-02
-1.585020e-02
-1.884930e-02
-2.210440e-02
-2.561400e-02
-2.937690e-02
-3.339160e-02
-3.765660e-02
-4.217030e-02
-4.693100e-02
-5.193670e-02
-5.718560e-02
-6.267560e-02
-6.840460e-02
-7.437050e-02
-8.057070e-02
-8.700300e-02
-9.366480e-02
-1.005530e-01
-1.076660e-01
-1.150000e-01
-1.225530e-01
-1.303210e-01
-1.383010e-01
-1.464900e-01
-1.548850e-01
-1.634830e-01
-1.722790e-01
-1.812700e-01
-1.904530e-01
0.000000e+00
-1.314890e-04
-5.259130e-04
-1.183140e-03
-2.102970e-03
-3.285090e-03
-4.729120e-03
-6.434590e-03
-8.400940e-03
-1.062750e-02
-1.311370e-02
-1.585850e-02
-1.886110e-02
-2.212060e-02
-2.563590e-02
-2.940570e-02
-3.342890e-02
-3.770420e-02
-4.223010e-02
-4.700520e-02
-5.202780e-02
-5.729630e-02
-6.280900e-02
-6.856400e-02
-7.455940e-02
-8.079320e-02
-8.726320e-02
-9.396740e-02
-1.009030e-01
-1.080690e-01
-1.154620e-01
-1.230790e-01
-1.309180e-01
-1.389760e-01
-1.472510e-01
-1.557400e-01
-1.644390e-01
-1.733460e-01
-1.824570e-01
-1.917700e-01
0.000000e+00
-1.314900e-04
-5.259270e-04
-1.183220e-03
-2.103200e-03
-3.285640e-03
-4.730270e-03
-6.436730e-03
-8.404600e-03
-1.063340e-02
-1.312260e-02
-1.587160e-02
-1.887960e-02
-2.214610e-02
-2.567010e-02
-2.945080e-02
-3.348740e-02
-3.777870e-02
-4.232370e-02
-4.712140e-02
-5.217040e-02
-5.746970e-02
-6.301790e-02
-6.881350e-02
-7.485520e-02
-8.114140e-02
-8.767070e-02
-9.444130e-02
-1.014520e-01
-1.087000e-01
-1.161840e-01
-1.239020e-01
-1.318530e-01
-1.400340e-01
-1.484430e-01
-1.570780e-01
-1.659370e-01
-1.750170e-01
-1.843170e-01
-1.938330e-01
0.000000e+00
-1.314910e-04
-5.259450e-04
-1.183310e-03
-2.103490e-03
-3.286350e-03
-4.731740e-03
-6.439450e-03
-8.409240e-03
-1.064080e-02
-1.313390e-02
-1.588810e-02
-1.890310e-02
-2.217840e-02
-2.571360e-02
-2.950820e-02
-3.356160e-02
-3.787330e-02
-4.244260e-02
-4.726900e-02
-5.235170e-02
-5.769010e-02
-6.328330e-02
-6.913060e-02
-7.523110e-02
-8.158400e-02
-8.818840e-02
-9.504340e-02
-1.021480e-01
-1.095010e-01
-1.171020e-01
-1.249490e-01
-1.330410e-01
-1.413770e-01
-1.499570e-01
-1.587780e-01
-1.678400e-01
-1.771400e-01
-1.866790e-01
-1.964540e-01
0.000000e+00
-1.314920e-04
-5.259660e-04
-1.183410e-03
-2.103810e-03
-3.287150e-03
-4.733390e-03
-6.442500e-03
-8.414450e-03
-1.064920e-02
-1.314660e-02
-1.590680e-02
-1.892950e-02
-2.221480e-02
-2.576250e-02
-2.957260e-02
-3.364500e-02
-3.797950e-02
-4.257620e-02
-4.743480e-02
-5.255520e-02
-5.793740e-02
-6.358120e-02
-6.948650e-02
-7.565310e-02
-8.208080e-02
-8.876960e-02
-9.571930e-02
-1.029300e-01
-1.104010e-01
-1.181320e-01
-1.261230e-01
-1.343750e-01
-1.428860e-01
-1.516560e-01
-1.606870e-01
-1.699760e-01
-1.795240e-01
-1.893310e-01
-1.993960e-01
-0.000000e+00
-1.314930e-04
-5.259860e-04
-1.183520e-03
-2.104140e-03
-3.287960e-03
-4.735070e-03
-6.445610e-03
-8.419750e-03
-1.065770e-02
-1.315960e-02
-1.592570e-02
-1.895640e-02
-2.225180e-02
-2.581230e-02
-2.963820e-02
-3.372990e-02
-3.808770e-02
-4.271210e-02
-4.760360e-02
-5.276250e-02
-5.818930e-02
-6.388470e-02
-6.984900e-02
-7.608290e-02
-8.258690e-02
-8.936160e-02
-9.640770e-02
-1.037260e-01
-1.113170e-01
-1.191810e-01
-1.273200e-01
-1.357330e-01
-1.444220e-01
-1.533880e-01
-1.626310e-01
-1.721520e-01
-1.819520e-01
-1.920320e-01
-2.023930e-01
-0.000000e+00
-1.314950e-04
-5.260060e-04
-1.183610e-03
-2.104450e-03
-3.288710e-03
-4.736630e-03
-6.448500e-03
-8.424680e-03
-1.066560e-02
-1.317160e-02
-1.594330e-02
-1.898130e-02
-2.228610e-02
-2.585840e-02
-2.969900e-02
-3.380860e-02
-3.818810e-02
-4.283830e-02
-4.776020e-02
-5.295480e-02
-5.842310e-02
-6.416620e-02
-7.018530e-02
-7.648160e-02
-8.305630e-02
-8.991080e-02
-9.704640e-02
-1.044650e-01
-1.121670e-01
-1.201550e-01
-1.284290e-01
-1.369930e-01
-1.458470e-01
-1.549940e-01
-1.644340e-01
-1.741700e-01
-1.842040e-01
-1.945380e-01
-2.051730e-01
-0.000000e+00
-1.314960e-04
-5.260220e-04
-1.183690e-03
-2.104710e-03
-3.289330e-03
-4.737920e-03
-6.450900e-03
-8.428770e-03
-1.067210e-02
-1.318160e-02
-1.595800e-02
-1.900200e-02
-2.231460e-02
-2.589680e-02
-2.974960e-02
-3.387410e-02
-3.827150e-02
-4.294320e-02
-4.789040e-02
-5.311470e-02
-5.861740e-02
-6.440030e-02
-7.046490e-02
-7.681310e-02
-8.344660e-02
-9.036740e-02
-9.757750e-02
-1.050790e-01
-1.128740e-01
-1.209640e-01
-1.293520e-01
-1.380410e-01
-1.470320e-01
-1.563290e-01
-1.659330e-01
-1.758490e-01
-1.860770e-01
-1.966220e-01
-2.074850e-01
-0.000000e+00
-1.314960e-04
-5.260330e-04
-1.183750e-03
-2.104890e-03
-3.289770e-03
-4.738840e-03
-6.452590e-03
-8.431660e-03
-1.067670e-02
-1.318870e-02
-1.596830e-02
-1.901660e-02
-2.233480e-02
-2.592390e-02
-2.978530e-02
-3.392040e-02
-3.833050e-02
-4.301730e-02
-4.798250e-02
-5.322770e-02
-5.875480e-02
-6.456570e-02
-7.066260e-02
-7.704740e-02
-8.372250e-02
-9.069020e-02
-9.795280e-02
-1.055130e-01
-1.133730e-01
-1.215360e-01
-1.300050e-01
-1.387810e-01
-1.478700e-01
-1.572730e-01
-1.669930e-01
-1.770350e-01
-1.874010e-01
-1.980940e-01
-2.091190e-01
-0.000000e+00
-1.314970e-04
-5.260380e-04
-1.183780e-03
-2.104980e-03
-3.289990e-03
-4.739290e-03
-6.453430e-03
-8.433090e-03
-1.067900e-02
-1.319220e-02
-1.597340e-02
-1.902390e-02
-2.234480e-02
-2.593740e-02
-2.980300e-02
-3.394330e-02
-3.835970e-02
-4.305400e-02
-4.802800e-02
-5.328350e-02
-5.882270e-02
-6.464750e-02
-7.076030e-02
-7.716330e-02
-8.385900e-02
-9.084980e-02
-9.813840e-02
-1.057280e-01
-1.136200e-01
-1.218190e-01
-1.303270e-01
-1.391480e-01
-1.482840e-01
-1.577400e-01
-1.675170e-01
-1.776220e-01
-1.880550e-01
-1.988230e-01
-2.099270e-01
-0.000000e+00
-1.314970e-04
-5.260380e-04
-1.183780e-03
-2.104970e-03
-3.289970e-03
-4.739240e-03
-6.453340e-03
-8.432930e-03
-1.067880e-02
-1.319180e-02
-1.597280e-02
-1.902310e-02
-2.234370e-02
-2.593590e-02
-2.980100e-02
-3.394070e-02
-3.835640e-02
-4.304990e-02
-4.802290e-02
-5.327730e-02
-5.881510e-02
-6.463830e-02
-7.074930e-02
-7.715030e-02
-8.384360e-02
-9.083180e-02
-9.811750e-02
-1.057030e-01
-1.135920e-01
-1.217870e-01
-1.302910e-01
-1.391070e-01
-1.482380e-01
-1.576870e-01
-1.674590e-01
-1.775560e-01
-1.879820e-01
-1.987410e-01
-2.098360e-01
-0.000000e+00
-1.314960e-04
-5.260310e-04
-1.183740e-03
-2.104860e-03
-3.289700e-03
-4.738690e-03
-6.452320e-03
-8.431190e-03
-1.067600e-02
-1.318750e-02
-1.596660e-02
-1.901430e-02
-2.233150e-02
-2.591960e-02
-2.977960e-02
-3.391290e-02
-3.832100e-02
-4.300530e-02
-4.796760e-02
-5.320940e-02
-5.873250e-02
-6.453890e-02
-7.063060e-02
-7.700950e-02
-8.367790e-02
-9.063790e-02
-9.789200e-02
-1.054430e-01
-1.132920e-01
-1.214430e-01
-1.298990e-01
-1.386620e-01
-1.477340e-01
-1.571200e-01
-1.668220e-01
-1.768430e-01
-1.871860e-01
-1.978560e-01
-2.088550e-01
-0.000000e+00
-1.314950e-04
-5.260190e-04
-1.183680e-03
-2.104660e-03
-3.289220e-03
-4.737690e-03
-6.450470e-03
-8.428040e-03
-1.067090e-02
-1.317980e-02
-1.595530e-02
-1.899830e-02
-2.230950e-02
-2.588990e-02
-2.974050e-02
-3.386240e-02
-3.825660e-02
-4.292440e-02
-4.786710e-02
-5.308600e-02
-5.858260e-02
-6.435830e-02
-7.041480e-02
-7.675370e-02
-8.337670e-02
-9.028560e-02
-9.748230e-02
-1.049690e-01
-1.127470e-01
-1.208190e-01
-1.291870e-01
-1.378530e-01
-1.468200e-01
-1.560900e-01
-1.656650e-01
-1.755480e-01
-1.857420e-01
-1.962480e-01
-2.070710e-01
-0.000000e+00
-1.314940e-04
-5.260020e-04
-1.183590e-03
-2.104390e-03
-3.288570e-03
-4.736330e-03
-6.447950e-03
-8.423740e-03
-1.066410e-02
-1.316930e-02
-1.594000e-02
-1.897660e-02
-2.227960e-02
-2.584970e-02
-2.968750e-02
-3.379370e-02
-3.816910e-02
-4.281440e-02
-4.773060e-02
-5.291840e-02
-5.837880e-02
-6.411290e-02
-7.012160e-02
-7.640610e-02
-8.296750e-02
-8.980690e-02
-9.692550e-02
-1.043250e-01
-1.120060e-01
-1.199700e-01
-1.282190e-01
-1.367550e-01
-1.455780e-01
-1.546900e-01
-1.640930e-01
-1.737880e-01
-1.837780e-01
-1.940640e-01
-2.046470e-01
-0.000000e+00
-1.314930e-04
-5.259820e-04
-1.183500e-03
-2.104080e-03
-3.287800e-03
-4.734740e-03
-6.445000e-03
-8.418710e-03
-1.065600e-02
-1.315700e-02
-1.592200e-02
-1.895110e-02
-2.224450e-02
-2.580250e-02
-2.962520e-02
-3.371310e-02
-3.806640e-02
-4.268530e-02
-4.757030e-02
-5.272160e-02
-5.813970e-02
-6.382490e-02
-6.977750e-02
-7.599820e-02
-8.248710e-02
-8.924490e-02
-9.627210e-02
-1.035690e-01
-1.111360e-01
-1.189740e-01
-1.270840e-01
-1.354650e-01
-1.441190e-01
-1.530460e-01
-1.622470e-01
-1.717230e-01
-1.814730e-01
-1.915000e-01
-2.018030e-01
0.000000e+00
-1.314920e-04
-5.259610e-04
-1.183390e-03
-2.103750e-03
-3.286990e-03
-4.733050e-03
-6.441880e-03
-8.413380e-03
-1.064750e-02
-1.314400e-02
-1.590300e-02
-1.892410e-02
-2.220730e-02
-2.575250e-02
-2.955940e-02
-3.362790e-02
-3.795780e-02
-4.254890e-02
-4.740090e-02
-5.251360e-02
-5.788680e-02
-6.352030e-02
-6.941370e-02
-7.556680e-02
-8.197920e-02
-8.865080e-02
-9.558110e-02
-1.027700e-01
-1.102170e-01
-1.179210e-01
-1.258830e-01
-1.341020e-01
-1.425770e-01
-1.513090e-01
-1.602960e-01
-1.695390e-01
-1.790370e-01
-1.887890e-01
-1.987950e-01
0.000000e+00
-1.314910e-04
-5.259410e-04
-1.183290e-03
-2.103420e-03
-3.286200e-03
-4.731430e-03
-6.438870e-03
-8.408250e-03
-1.063920e-02
-1.313150e-02
-1.588460e-02
-1.889810e-02
-2.217160e-02
-2.570440e-02
-2.949600e-02
-3.354580e-02
-3.785310e-02
-4.241730e-02
-4.723760e-02
-5.231310e-02
-5.764310e-02
-6.322680e-02
-6.906310e-02
-7.515110e-02
-8.148980e-02
-8.807820e-02
-9.491520e-02
-1.020000e-01
-1.093300e-01
-1.169060e-01
-1.247260e-01
-1.327880e-01
-1.410910e-01
-1.496350e-01
-1.584160e-01
-1.674350e-01
-1.766880e-01
-1.861760e-01
-1.958960e-01
0.000000e+00
-1.314900e-04
-5.259240e-04
-1.183200e-03
-2.103150e-03
-3.285520e-03
-4.730010e-03
-6.436250e-03
-8.403780e-03
-1.063210e-02
-1.312060e-02
-1.586860e-02
-1.887550e-02
-2.214040e-02
-2.566240e-02
-2.944070e-02
-3.347420e-02
-3.776190e-02
-4.230260e-02
-4.709520e-02
-5.213840e-02
-5.743070e-02
-6.297090e-02
-6.875740e-02
-7.478860e-02
-8.106310e-02
-8.757900e-02
-9.433470e-02
-1.013280e-01
-1.085580e-01
-1.160210e-01
-1.237170e-01
-1.316430e-01
-1.397960e-01
-1.481750e-01
-1.567770e-01
-1.656000e-01
-1.746410e-01
-1.838980e-01
-1.933690e-01
0.000000e+00
-1.314890e-04
-5.259110e-04
-1.183130e-03
-2.102930e-03
-3.285000e-03
-4.728930e-03
-6.434250e-03
-8.400360e-03
-1.062660e-02
-1.311230e-02
-1.585640e-02
-1.885820e-02
-2.211660e-02
-2.563040e-02
-2.939850e-02
-3.341960e-02
-3.769240e-02
-4.221520e-02
-4.698670e-02
-5.200510e-02
-5.726870e-02
-6.277580e-02
-6.852430e-02
-7.451230e-02
-8.073780e-02
-8.719850e-02
-9.389210e-02
-1.008160e-01
-1.079690e-01
-1.153470e-01
-1.229480e-01
-1.307690e-01
-1.388080e-01
-1.470620e-01
-1.555270e-01
-1.642010e-01
-1.730800e-01
-1.821620e-01
-1.914420e-01
0.000000e+00
-1.314880e-04
-5.259030e-04
-1.183090e-03
-2.102800e-03
-3.284690e-03
-4.728290e-03
-6.433050e-03
-8.398330e-03
-1.062340e-02
-1.310730e-02
-1.584910e-02
-1.884790e-02
-2.210240e-02
-2.561130e-02
-2.937330e-02
-3.338700e-02
-3.765080e-02
-4.216300e-02
-4.692180e-02
-5.192550e-02
-5.717190e-02
-6.265920e-02
-6.838500e-02
-7.434720e-02
-8.054330e-02
-8.697100e-02
-9.362760e-02
-1.005100e-01
-1.076170e-01
-1.149440e-01
-1.224880e-01
-1.302470e-01
-1.382180e-01
-1.463970e-01
-1.547800e-01
-1.633650e-01
-1.721470e-01
-1.811240e-01
-1.902910e-01
0.000000e+00
-1.314880e-04
-5.259010e-04
-1.183080e-03
-2.102770e-03
-3.284610e-03
-4.728140e-03
-6.432770e-03
-8.397840e-03
-1.062260e-02
-1.310610e-02
-1.584740e-02
-1.884540e-02
-2.209900e-02
-2.560680e-02
-2.936740e-02
-3.337930e-02
-3.764090e-02
-4.215060e-02
-4.690650e-02
-5.190660e-02
-5.714900e-02
-6.263160e-02
-6.835210e-02
-7.430810e-02
-8.049740e-02
-8.691720e-02
-9.356500e-02
-1.004380e-01
-1.075330e-01
-1.148480e-01
-1.223800e-01
-1.301240e-01
-1.380780e-01
-1.462390e-01
-1.546040e-01
-1.631670e-01
-1.719270e-01
-1.808780e-01
-1.900180e-01
0.000000e+00
-1.314880e-04
-5.259050e-04
-1.183100e-03
-2.102840e-03
-3.284780e-03
-4.728490e-03
-6.433430e-03
-8.398960e-03
-1.062440e-02
-1.310880e-02
-1.585140e-02
-1.885110e-02
-2.210680e-02
-2.561730e-02
-2.938120e-02
-3.339720e-02
-3.766380e-02
-4.217930e-02
-4.694210e-02
-5.195030e-02
-5.720210e-02
-6.269560e-02
-6.842850e-02
-7.439870e-02
-8.060400e-02
-8.704190e-02
-9.371010e-02
-1.006060e-01
-1.077270e-01
-1.150690e-01
-1.226320e-01
-1.304100e-01
-1.384020e-01
-1.466040e-01
-1.550130e-01
-1.636260e-01
-1.724380e-01
-1.814480e-01
-1.906500e-01
0.000000e+00
-1.314890e-04
-5.259150e-04
-1.183160e-03
-2.103010e-03
-3.285180e-03
-4.729320e-03
-6.434960e-03
-8.401580e-03
-1.062860e-02
-1.311520e-02
-1.586080e-02
-1.886440e-02
-2.212500e-02
-2.564180e-02
-2.941350e-02
-3.343910e-02
-3.771710e-02
-4.224640e-02
-4.702530e-02
-5.205260e-02
-5.732640e-02
-6.284520e-02
-6.860730e-02
-7.461070e-02
-8.085360e-02
-8.733400e-02
-9.404970e-02
-1.009990e-01
-1.081790e-01
-1.155870e-01
-1.232220e-01
-1.310800e-01
-1.391600e-01
-1.474580e-01
-1.559720e-01
-1.646990e-01
-1.736360e-01
-1.827800e-01
-1.921280e-01
0.000000e+00
-1.314900e-04
-5.259300e-04
-1.183230e-03
-2.103250e-03
-3.285780e-03
-4.730550e-03
-6.437230e-03
-8.405460e-03
-1.063480e-02
-1.312470e-02
-1.587460e-02
-1.888400e-02
-2.215210e-02
-2.567820e-02
-2.946150e-02
-3.350110e-02
-3.779620e-02
-4.234580e-02
-4.714880e-02
-5.220410e-02
-5.751060e-02
-6.306710e-02
-6.887240e-02
-7.492500e-02
-8.122360e-02
-8.776680e-02
-9.455300e-02
-1.015810e-01
-1.088480e-01
-1.163540e-01
-1.240970e-01
-1.320730e-01
-1.402830e-01
-1.487240e-01
-1.573930e-01
-1.662900e-01
-1.754110e-01
-1.847550e-01
-1.943190e-01
0.000000e+00
-1.314910e-04
-5.259490e-04
-1.183330e-03
-2.103550e-03
-3.286510e-03
-4.732060e-03
-6.440040e-03
-8.410250e-03
-1.064250e-02
-1.313640e-02
-1.589180e-02
-1.890820e-02
-2.218550e-02
-2.572310e-02
-2.952070e-02
-3.357780e-02
-3.789390e-02
-4.246860e-02
-4.730120e-02
-5.239120e-02
-5.773810e-02
-6.334110e-02
-6.919960e-02
-7.531300e-02
-8.168040e-02
-8.830120e-02
-9.517460e-02
-1.023000e-01
-1.096760e-01
-1.173020e-01
-1.251770e-01
-1.333000e-01
-1.416700e-01
-1.502870e-01
-1.591480e-01
-1.682540e-01
-1.776030e-01
-1.871940e-01
-1.970250e-01
0.000000e+00
-1.314920e-04
-5.259700e-04
-1.183430e-03
-2.103880e-03
-3.287310e-03
-4.733730e-03
-6.443130e-03
-8.415520e-03
-1.065090e-02
-1.314920e-02
-1.591060e-02
-1.893490e-02
-2.222220e-02
-2.577250e-02
-2.958580e-02
-3.366210e-02
-3.800130e-02
-4.260360e-02
-4.746880e-02
-5.259700e-02
-5.798820e-02
-6.364230e-02
-6.955950e-02
-7.573960e-02
-8.218280e-02
-8.888890e-02
-9.585800e-02
-1.030900e-01
-1.105850e-01
-1.183430e-01
-1.263640e-01
-1.346480e-01
-1.431950e-01
-1.520050e-01
-1.610780e-01
-1.704140e-01
-1.800130e-01
-1.898750e-01
-2.000000e-01
-0.000000e+00
-1.314940e-04
-5.259900e-04
-1.183540e-03
-2.104210e-03
-3.288110e-03
-4.735390e-03
-6.446220e-03
-8.420780e-03
-1.065930e-02
-1.316210e-02
-1.592940e-02
-1.896160e-02
-2.225900e-02
-2.582190e-02
-2.965090e-02
-3.374630e-02
-3.810870e-02
-4.273850e-02
-4.763640e-02
-5.280270e-02
-5.823830e-02
-6.394360e-02
-6.991940e-02
-7.616630e-02
-8.268510e-02
-8.947650e-02
-9.654140e-02
-1.038810e-01
-1.114950e-01
-1.193850e-01
-1.275520e-01
-1.359970e-01
-1.447200e-01
-1.537240e-01
-1.630080e-01
-1.725740e-01
-1.824230e-01
-1.925570e-01
-2.029750e-01
-0.000000e+00
-1.314950e-04
-5.260090e-04
-1.183630e-03
-2.104510e-03
-3.288850e-03
-4.736910e-03
-6.449030e-03
-8.425570e-03
-1.066700e-02
-1.317380e-02
-1.594650e-02
-1.898580e-02
-2.229240e-02
-2.586680e-02
-2.971010e-02
-3.382300e-02
-3.820640e-02
-4.286130e-02
-4.778880e-02
-5.298990e-02
-5.846570e-02
-6.421760e-02
-7.024660e-02
-7.655430e-02
-8.314200e-02
-9.001100e-02
-9.716290e-02
-1.045990e-01
-1.123220e-01
-1.203320e-01
-1.286320e-01
-1.372230e-01
-1.461070e-01
-1.552870e-01
-1.647630e-01
-1.745380e-01
-1.846150e-01
-1.949950e-01
-2.056810e-01
-0.000000e+00
-1.314960e-04
-5.260240e-04
-1.183710e-03
-2.104750e-03
-3.289440e-03
-4.738140e-03
-6.451300e-03
-8.429450e-03
-1.067320e-02
-1.318330e-02
-1.596040e-02
-1.900550e-02
-2.231940e-02
-2.590320e-02
-2.975810e-02
-3.388510e-02
-3.828550e-02
-4.296070e-02
-4.791220e-02
-5.314140e-02
-5.864990e-02
-6.443940e-02
-7.051170e-02
-7.686860e-02
-8.351190e-02
-9.044380e-02
-9.766630e-02
-1.051820e-01
-1.129920e-01
-1.210990e-01
-1.295070e-01
-1.382160e-01
-1.472310e-01
-1.565520e-01
-1.661840e-01
-1.761290e-01
-1.863900e-01
-1.969700e-01
-2.078720e-01
-0.000000e+00
-1.314960e-04
-5.260340e-04
-1.183760e-03
-2.104910e-03
-3.289840e-03
-4.738970e-03
-6.452830e-03
-8.432070e-03
-1.067740e-02
-1.318970e-02
-1.596980e-02
-1.901870e-02
-2.233770e-02
-2.592780e-02
-2.979040e-02
-3.392690e-02
-3.833890e-02
-4.302780e-02
-4.799550e-02
-5.324360e-02
-5.877420e-02
-6.458910e-02
-7.069050e-02
-7.708060e-02
-8.376160e-02
-9.073580e-02
-9.800590e-02
-1.055740e-01
-1.134440e-01
-1.216170e-01
-1.300970e-01
-1.388860e-01
-1.479880e-01
-1.574060e-01
-1.671430e-01
-1.772030e-01
-1.875880e-01
-1.983030e-01
-2.093500e-01
-0.000000e+00
-1.314970e-04
-5.260390e-04
-1.183780e-03
-2.104980e-03
-3.290010e-03
-4.739320e-03
-6.453490e-03
-8.433190e-03
-1.067920e-02
-1.319240e-02
-1.597380e-02
-1.902440e-02
-2.234550e-02
-2.593830e-02
-2.980420e-02
-3.394480e-02
-3.836170e-02
-4.305650e-02
-4.803110e-02
-5.328730e-02
-5.882730e-02
-6.465310e-02
-7.076690e-02
-7.717120e-02
-8.386820e-02
-9.086060e-02
-9.815100e-02
-1.057420e-01
-1.136370e-01
-1.218380e-01
-1.303490e-01
-1.391730e-01
-1.483120e-01
-1.577710e-01
-1.675530e-01
-1.776610e-01
-1.881000e-01
-1.988720e-01
-2.099820e-01
-0.000000e+00
-1.314970e-04
-5.260370e-04
-1.183770e-03
-2.104950e-03
-3.289930e-03
-4.739170e-03
-6.453210e-03
-8.432710e-03
-1.067840e-02
-1.319120e-02
-1.597200e-02
-1.902190e-02
-2.234210e-02
-2.593370e-02
-2.979830e-02
-3.393710e-02
-3.835180e-02
-4.304410e-02
-4.801570e-02
-5.326850e-02
-5.880440e-02
-6.462550e-02
-7.073400e-02
-7.713210e-02
-8.382220e-02
-9.080680e-02
-9.808840e-02
-1.056700e-01
-1.135540e-01
-1.217430e-01
-1.302400e-01
-1.390490e-01
-1.481730e-01
-1.576140e-01
-1.673760e-01
-1.774630e-01
-1.878790e-01
-1.986260e-01
-2.097090e-01
-0.000000e+00
-1.314960e-04
-5.260290e-04
-1.183730e-03
-2.104830e-03
-3.289620e-03
-4.738520e-03
-6.452010e-03
-8.430670e-03
-1.067520e-02
-1.318620e-02
-1.596470e-02
-1.901160e-02
-2.232790e-02
-2.591460e-02
-2.977310e-02
-3.390450e-02
-3.831030e-02
-4.299190e-02
-4.795090e-02
-5.318880e-02
-5.870760e-02
-6.450890e-02
-7.059470e-02
-7.696690e-02
-8.362780e-02
-9.057930e-02
-9.782390e-02
-1.053640e-01
-1.132010e-01
-1.213400e-01
-1.297800e-01
-1.385270e-01
-1.475820e-01
-1.569490e-01
-1.666290e-01
-1.766270e-01
-1.869460e-01
-1.975880e-01
-2.085580e-01
-0.000000e+00
-1.314950e-04
-5.260160e-04
-1.183660e-03
-2.104610e-03
-3.289100e-03
-4.737440e-03
-6.450010e-03
-8.427260e-03
-1.066970e-02
-1.317790e-02
-1.595260e-02
-1.899430e-02
-2.230410e-02
-2.588260e-02
-2.973090e-02
-3.384990e-02
-3.824070e-02
-4.290450e-02
-4.784230e-02
-5.305560e-02
-5.854560e-02
-6.431380e-02
-7.036160e-02
-7.669060e-02
-8.330250e-02
-9.019880e-02
-9.738130e-02
-1.048520e-01
-1.126120e-01
-1.206650e-01
-1.290110e-01
-1.376540e-01
-1.465950e-01
-1.558360e-01
-1.653800e-01
-1.752290e-01
-1.853850e-01
-1.958520e-01
-2.066310e-01
-0.000000e+00
-1.314940e-04
-5.259980e-04
-1.183580e-03
-2.104330e-03
-3.288420e-03
-4.736030e-03
-6.447390e-03
-8.422780e-03
-1.066250e-02
-1.316700e-02
-1.593660e-02
-1.897170e-02
-2.227290e-02
-2.584070e-02
-2.967560e-02
-3.377830e-02
-3.814950e-02
-4.278980e-02
-4.770000e-02
-5.288080e-02
-5.833320e-02
-6.405790e-02
-7.005590e-02
-7.632820e-02
-8.287580e-02
-8.969960e-02
-9.680080e-02
-1.041800e-01
-1.118400e-01
-1.197800e-01
-1.280030e-01
-1.365080e-01
-1.452990e-01
-1.543760e-01
-1.637400e-01
-1.733940e-01
-1.833380e-01
-1.935740e-01
-2.041040e-01
-0.000000e+00
-1.314930e-04
-5.259780e-04
-1.183470e-03
-2.104010e-03
-3.287640e-03
-4.734400e-03
-6.444380e-03
-8.417650e-03
-1.065430e-02
-1.315450e-02
-1.591820e-02
-1.894570e-02
-2.223710e-02
-2.579250e-02
-2.961220e-02
-3.369620e-02
-3.804480e-02
-4.265820e-02
-4.753670e-02
-5.268030e-02
-5.808950e-02
-6.376440e-02
-6.970530e-02
-7.591250e-02
-8.238630e-02
-8.912700e-02
-9.613490e-02
-1.034100e-01
-1.109540e-01
-1.187650e-01
-1.268450e-01
-1.351950e-01
-1.438130e-01
-1.527020e-01
-1.618600e-01
-1.712890e-01
-1.809900e-01
-1.909610e-01
-2.012050e-01
0.000000e+00
-1.314920e-04
-5.259570e-04
-1.183370e-03
-2.103680e-03
-3.286820e-03
-4.732720e-03
-6.441260e-03
-8.412320e-03
-1.064580e-02
-1.314150e-02
-1.589920e-02
-1.891880e-02
-2.220000e-02
-2.574260e-02
-2.954640e-02
-3.361100e-02
-3.793620e-02
-4.252180e-02
-4.736720e-02
-5.247230e-02
-5.783660e-02
-6.345980e-02
-6.934150e-02
-7.548110e-02
-8.187840e-02
-8.853280e-02
-9.544390e-02
-1.026110e-01
-1.100340e-01
-1.177120e-01
-1.256450e-01
-1.338310e-01
-1.422710e-01
-1.509640e-01
-1.599090e-01
-1.691060e-01
-1.785530e-01
-1.882500e-01
-1.981970e-01
0.000000e+00
-1.314900e-04
-5.259380e-04
-1.183270e-03
-2.103360e-03
-3.286060e-03
-4.731120e-03
-6.438310e-03
-8.407290e-03
-1.063770e-02
-1.312920e-02
-1.588120e-02
-1.889330e-02
-2.216480e-02
-2.569530e-02
-2.948410e-02
-3.353040e-02
-3.783350e-02
-4.239270e-02
-4.720700e-02
-5.227560e-02
-5.759750e-02
-6.317180e-02
-6.899740e-02
-7.507320e-02
-8.139810e-02
-8.797090e-02
-9.479040e-02
-1.018550e-01
-1.091640e-01
-1.167160e-01
-1.245090e-01
-1.325420e-01
-1.408130e-01
-1.493210e-01
-1.580640e-01
-1.670400e-01
-1.762480e-01
-1.856860e-01
-1.953530e-01
0.000000e+00
-1.314890e-04
-5.259210e-04
-1.183180e-03
-2.103100e-03
-3.285400e-03
-4.729770e-03
-6.435790e-03
-8.403000e-03
-1.063080e-02
-1.311870e-02
-1.586580e-02
-1.887150e-02
-2.213490e-02
-2.565510e-02
-2.943110e-02
-3.346180e-02
-3.774600e-02
-4.228270e-02
-4.707040e-02
-5.210790e-02
-5.739370e-02
-6.292630e-02
-6.870420e-02
-7.472560e-02
-8.098880e-02
-8.749210e-02
-9.423360e-02
-1.012110e-01
-1.084230e-01
-1.158670e-01
-1.235410e-01
-1.314430e-01
-1.395700e-01
-1.479210e-01
-1.564920e-01
-1.652800e-01
-1.742850e-01
-1.835020e-01
-1.929290e-01
0.000000e+00
-1.314890e-04
-5.259090e-04
-1.183120e-03
-2.102900e-03
-3.284920e-03
-4.728770e-03
-6.433940e-03
-8.399840e-03
-1.062580e-02
-1.311100e-02
-1.585450e-02
-1.885550e-02
-2.211290e-02
-2.562550e-02
-2.939200e-02
-3.341120e-02
-3.768160e-02
-4.220180e-02
-4.697000e-02
-5.198460e-02
-5.724380e-02
-6.274570e-02
-6.848840e-02
-7.446980e-02
-8.068770e-02
-8.713980e-02
-9.382390e-02
-1.007380e-01
-1.078780e-01
-1.152430e-01
-1.228300e-01
-1.306350e-01
-1.386560e-01
-1.468910e-01
-1.553350e-01
-1.639860e-01
-1.728400e-01
-1.818940e-01
-1.911450e-01
0.000000e+00
-1.314880e-04
-5.259020e-04
-1.183090e-03
-2.102790e-03
-3.284650e-03
-4.728220e-03
-6.432920e-03
-8.398100e-03
-1.062300e-02
-1.310670e-02
-1.584830e-02
-1.884670e-02
-2.210080e-02
-2.560920e-02
-2.937060e-02
-3.338340e-02
-3.764620e-02
-4.215720e-02
-4.691470e-02
-5.191670e-02
-5.716130e-02
-6.264630e-02
-6.836970e-02
-7.432900e-02
-8.052190e-02
-8.694590e-02
-9.359840e-02
-1.004770e-01
-1.075780e-01
-1.148990e-01
-1.224380e-01
-1.301900e-01
-1.381530e-01
-1.463230e-01
-1.546980e-01
-1.632730e-01
-1.720450e-01
-1.810100e-01
-1.901640e-01
0.000000e+00
-1.314880e-04
-5.259010e-04
-1.183080e-03
-2.102780e-03
-3.284630e-03
-4.728170e-03
-6.432830e-03
-8.397940e-03
-1.062270e-02
-1.310630e-02
-1.584780e-02
-1.884590e-02
-2.209970e-02
-2.560770e-02
-2.936860e-02
-3.338080e-02
-3.764290e-02
-4.215310e-02
-4.690960e-02
-5.191040e-02
-5.715360e-02
-6.263710e-02
-6.835870e-02
-7.431600e-02
-8.050660e-02
-8.692800e-02
-9.357750e-02
-1.004530e-01
-1.075500e-01
-1.148670e-01
-1.224010e-01
-1.301490e-01
-1.381060e-01
-1.462710e-01
-1.546390e-01
-1.632070e-01
-1.719710e-01
-1.809280e-01
-1.900730e-01
0.000000e+00
-1.314880e-04
-5.259070e-04
-1.183110e-03
-2.102870e-03
-3.284850e-03
-4.728620e-03
-6.433670e-03
-8.399370e-03
-1.062500e-02
-1.310980e-02
-1.585290e-02
-1.885320e-02
-2.210960e-02
-2.562110e-02
-2.938620e-02
-3.340370e-02
-3.767210e-02
-4.218980e-02
-4.695510e-02
-5.196630e-02
-5.722160e-02
-6.271900e-02
-6.845640e-02
-7.443190e-02
-8.064300e-02
-8.708760e-02
-9.376320e-02
-1.006670e-01
-1.077970e-01
-1.151500e-01
-1.227240e-01
-1.305150e-01
-1.385210e-01
-1.467380e-01
-1.551630e-01
-1.637940e-01
-1.726260e-01
-1.816560e-01
-1.908810e-01
0.000000e+00
-1.314890e-04
-5.259180e-04
-1.183170e-03
-2.103050e-03
-3.285290e-03
-4.729530e-03
-6.435360e-03
-8.402260e-03
-1.062970e-02
-1.311690e-02
-1.586320e-02
-1.886780e-02
-2.212980e-02
-2.564820e-02
-2.942200e-02
-3.345000e-02
-3.773110e-02
-4.226390e-02
-4.704710e-02
-5.207930e-02
-5.735890e-02
-6.288440e-02
-6.865410e-02
-7.466620e-02
-8.091890e-02
-8.741030e-02
-9.413850e-02
-1.011010e-01
-1.082970e-01
-1.157220e-01
-1.233760e-01
-1.312560e-01
-1.393580e-01
-1.476820e-01
-1.562230e-01
-1.649800e-01
-1.739490e-01
-1.831290e-01
-1.925150e-01
0.000000e+00
-1.314900e-04
-5.259340e-04
-1.183250e-03
-2.103310e-03
-3.285910e-03
-4.730830e-03
-6.437760e-03
-8.406360e-03
-1.063620e-02
-1.312690e-02
-1.587780e-02
-1.888850e-02
-2.215840e-02
-2.568660e-02
-2.947260e-02
-3.351550e-02
-3.781450e-02
-4.236880e-02
-4.717730e-02
-5.223920e-02
-5.755330e-02
-6.311850e-02
-6.893370e-02
-7.499770e-02
-8.130920e-02
-8.786700e-02
-9.466960e-02
-1.017160e-01
-1.090040e-01
-1.165320e-01
-1.242990e-01
-1.323030e-01
-1.405430e-01
-1.490170e-01
-1.577230e-01
-1.666580e-01
-1.758220e-01
-1.852120e-01
-1.948270e-01
0.000000e+00
-1.314910e-04
-5.259530e-04
-1.183350e-03
-2.103610e-03
-3.286660e-03
-4.732390e-03
-6.440650e-03
-8.411280e-03
-1.064410e-02
-1.313890e-02
-1.589540e-02
-1.891350e-02
-2.219270e-02
-2.573280e-02
-2.953340e-02
-3.359430e-02
-3.791490e-02
-4.249500e-02
-4.733400e-02
-5.243150e-02
-5.778700e-02
-6.340000e-02
-6.927000e-02
-7.539640e-02
-8.177870e-02
-8.841620e-02
-9.530820e-02
-1.024540e-01
-1.098530e-01
-1.175050e-01
-1.254090e-01
-1.335640e-01
-1.419680e-01
-1.506230e-01
-1.595260e-01
-1.686770e-01
-1.780740e-01
-1.877180e-01
-1.976070e-01
-0.000000e+00
-1.314930e-04
-5.259740e-04
-1.183450e-03
-2.103950e-03
-3.287470e-03
-4.734070e-03
-6.443760e-03
-8.416590e-03
-1.065260e-02
-1.315190e-02
-1.591440e-02
-1.894030e-02
-2.222970e-02
-2.578250e-02
-2.959900e-02
-3.367920e-02
-3.802310e-02
-4.263090e-02
-4.750280e-02
-5.263870e-02
-5.803890e-02
-6.370350e-02
-6.963250e-02
-7.582620e-02
-8.228470e-02
-8.900820e-02
-9.599670e-02
-1.032500e-01
-1.107700e-01
-1.185550e-01
-1.266050e-01
-1.349220e-01
-1.435050e-01
-1.523540e-01
-1.614700e-01
-1.708530e-01
-1.805020e-01
-1.904190e-01
-2.006040e-01
-0.000000e+00
-1.314940e-04
-5.259940e-04
-1.183560e-03
-2.104270e-03
-3.288270e-03
-4.735710e-03
-6.446810e-03
-8.421790e-03
-1.066090e-02
-1.316460e-02
-1.593300e-02
-1.896670e-02
-2.226600e-02
-2.583140e-02
-2.966340e-02
-3.376250e-02
-3.812930e-02
-4.276450e-02
-4.766850e-02
-5.284220e-02
-5.828630e-02
-6.400140e-02
-6.998840e-02
-7.624820e-02
-8.278150e-02
-8.958930e-02
-9.667260e-02
-1.040320e-01
-1.116690e-01
-1.195850e-01
-1.277800e-01
-1.362560e-01
-1.450130e-01
-1.540540e-01
-1.633780e-01
-1.729890e-01
-1.828860e-01
-1.930710e-01
-2.035460e-01
-0.000000e+00
-1.314950e-04
-5.260120e-04
-1.183650e-03
-2.104560e-03
-3.288980e-03
-4.737180e-03
-6.449530e-03
-8.426440e-03
-1.066840e-02
-1.317590e-02
-1.594960e-02
-1.899020e-02
-2.229840e-02
-2.587490e-02
-2.972080e-02
-3.383680e-02
-3.822400e-02
-4.288340e-02
-4.781620e-02
-5.302350e-02
-5.850660e-02
-6.426680e-02
-7.030550e-02
-7.662410e-02
-8.322410e-02
-9.010710e-02
-9.727470e-02
-1.047290e-01
-1.124710e-01
-1.205020e-01
-1.288260e-01
-1.374440e-01
-1.463570e-01
-1.555680e-01
-1.650790e-01
-1.748920e-01
-1.850090e-01
-1.954340e-01
-2.061670e-01
-0.000000e+00
-1.314960e-04
-5.260270e-04
-1.183720e-03
-2.104790e-03
-3.289530e-03
-4.738340e-03
-6.451670e-03
-8.430090e-03
-1.067420e-02
-1.318480e-02
-1.596270e-02
-1.900870e-02
-2.232380e-02
-2.590920e-02
-2.976590e-02
-3.389520e-02
-3.829840e-02
-4.297700e-02
-4.793240e-02
-5.316620e-02
-5.868000e-02
-6.447570e-02
-7.055500e-02
-7.691990e-02
-8.357240e-02
-9.051450e-02
-9.774850e-02
-1.052770e-01
-1.131010e-01
-1.212250e-01
-1.296500e-01
-1.383780e-01
-1.474140e-01
-1.567590e-01
-1.664170e-01
-1.763890e-01
-1.866800e-01
-1.972930e-01
-2.082300e-01
-0.000000e+00
-1.314970e-04
-5.260360e-04
-1.183770e-03
-2.104940e-03
-3.289890e-03
-4.739080e-03
-6.453040e-03
-8.432420e-03
-1.067800e-02
-1.319050e-02
-1.597100e-02
-1.902050e-02
-2.234010e-02
-2.593110e-02
-2.979470e-02
-3.393250e-02
-3.834600e-02
-4.303680e-02
-4.800660e-02
-5.325730e-02
-5.879080e-02
-6.460910e-02
-7.071440e-02
-7.710880e-02
-8.379480e-02
-9.077480e-02
-9.805120e-02
-1.056270e-01
-1.135040e-01
-1.216860e-01
-1.301750e-01
-1.389760e-01
-1.480890e-01
-1.575200e-01
-1.672710e-01
-1.773460e-01
-1.877480e-01
-1.984800e-01
-2.095470e-01
-0.000000e+00
-1.314970e-04
-5.260390e-04
-1.183780e-03
-2.104990e-03
-3.290010e-03
-4.739330e-03
-6.453510e-03
-8.433220e-03
-1.067920e-02
-1.319250e-02
-1.597390e-02
-1.902450e-02
-2.234570e-02
-2.593860e-02
-2.980460e-02
-3.394530e-02
-3.836230e-02
-4.305730e-02
-4.803210e-02
-5.328860e-02
-5.882880e-02
-6.465490e-02
-7.076910e-02
-7.717380e-02
-8.387130e-02
-9.086420e-02
-9.815520e-02
-1.057470e-01
-1.136420e-01
-1.218440e-01
-1.303560e-01
-1.391810e-01
-1.483210e-01
-1.577820e-01
-1.675650e-01
-1.776740e-01
-1.881140e-01
-1.988880e-01
-2.100000e-01
</DataArray>
</PointData>
</Piece></UnstructuredGrid>
</VTKFile>
