-2.01363e-10 3.01361e-10 -1.17884e-13 3.44121e-13 1.35229e-19 
0.0204082 2.54957e-10 1.19011e-05 1.82275e-13 0.000422062 
0.0408163 1.69991e-10 1.66306e-05 2.98486e-14 0.00155866 
0.0612245 8.5025e-11 1.36419e-05 -6.96924e-14 0.00323731 
0.0816327 -2.5367e-10 2.38849e-06 -7.62867e-14 0.00531313 
0.102041 -2.70935e-11 -1.76763e-05 -1.39709e-13 0.00766674 
0.122449 8.87053e-10 -4.70991e-05 -8.80662e-13 0.0102022 
0.142857 5.47189e-10 -8.64264e-05 -8.17718e-13 0.0128449 
0.163265 2.07325e-10 -0.000136205 -5.47975e-13 0.0155397 
0.183673 -5.55112e-17 -0.000196981 -2.97278e-13 0.0182486 
0.204082 -5.55112e-17 -0.000269301 -3.30199e-13 0.0209488 
0.22449 1.50681e-10 -0.000353713 -6.97226e-13 0.0236307 
0.244898 1.50681e-10 -0.000450762 -7.65193e-13 0.0262957 
0.265306 -2.77556e-17 -0.000560994 -4.08765e-13 0.0289542 
0.285714 5.55112e-17 -0.000684958 -4.25649e-13 0.0316236 
0.306122 1.67947e-11 -0.000823199 -4.92132e-13 0.0343262 
0.326531 2.43371e-10 -0.000976263 -1.30758e-12 0.037087 
0.346939 -1.04335e-10 -0.0011447 -3.9989e-14 0.0399319 
0.367347 -1.60979e-10 -0.00132905 2.26647e-13 0.0428854 
0.387755 -2.17623e-10 -0.00152987 5.28808e-13 0.0459686 
0.408163 1.50681e-10 -0.00174769 -1.05735e-12 0.0491973 
0.428571 1.50681e-10 -0.00198307 -1.05084e-12 0.0525798 
0.44898 -5.70361e-10 -0.00223656 2.55726e-12 0.0561146 
0.469388 -8.81903e-10 -0.00250869 4.36452e-12 0.0597888 
0.489796 -1.19345e-09 -0.00280003 6.31405e-12 0.0635757 
0.510204 -2.72848e-09 -0.00311679 4.43231e-12 0.0674346 
0.530612 -4.90463e-10 -0.00345693 6.16916e-13 0.0713441 
0.55102 -5.0307e-11 -0.00381311 -7.88887e-14 0.075311 
0.571429 -1.28994e-09 -0.00418435 1.51971e-12 0.0793401 
0.591837 -4.09031e-09 -0.00456964 4.56491e-12 0.0834334 
0.612245 -8.33145e-09 -0.00496799 8.19709e-12 0.0875906 
0.632653 -3.72649e-11 -0.00537837 1.21725e-14 0.0918091 
0.653061 -3.37239e-10 -0.00579981 2.73955e-13 0.0960844 
0.673469 -1.92416e-09 -0.00623129 1.07181e-12 0.100411 
0.693878 -4.68539e-09 -0.00667181 1.65189e-12 0.10478 
0.714286 -8.50766e-09 -0.00712038 1.28381e-12 0.109186 
0.734694 -1.14967e-16 -0.00757598 4.35672e-13 0.113619 
0.755102 -6.4653e-10 -0.00803762 3.63604e-13 0.118071 
0.77551 -2.23997e-09 -0.0085043 -4.67762e-13 0.122532 
0.795918 -4.65288e-09 -0.00897501 -2.6205e-12 0.126996 
0.816327 -1.36158e-12 -0.00944875 9.52191e-13 0.131455 
0.836735 -4.39881e-11 -0.00992452 1.04271e-12 0.135902 
0.857143 -7.79145e-10 -0.0104013 1.02231e-13 0.140334 
0.877551 -2.11573e-09 -0.0108782 -2.25022e-12 0.144747 
0.897959 -3.96244e-09 -0.011354 -6.33243e-12 0.149142 
0.918367 -2.04941e-16 -0.0118279 1.68874e-12 0.153519 
0.938776 -6.57557e-11 -0.0122988 1.67029e-12 0.157883 
0.959184 -6.4793e-10 -0.0127657 1.48205e-13 0.162243 
0.979592 -1.56638e-09 -0.0132276 -2.7791e-12 0.166609 
1 -2.74431e-09 -0.0136836 -7.17307e-12 0.170997 
-2.01363e-10 3.01361e-10 -1.17884e-13 3.44121e-13 1.35229e-19 
0.0203709 0.00123221 1.14071e-05 1.00318e-06 0.000422308 
0.0407419 0.00246443 1.5116e-05 1.21706e-06 0.00156116 
0.0611128 0.00369664 1.07823e-05 6.69326e-07 0.00324568 
0.0814837 0.00492886 -1.93855e-06 -6.12333e-07 0.00533116 
0.101855 0.00616107 -2.3391e-05 -2.60024e-06 0.00769708 
0.122226 0.00739329 -5.39195e-05 -5.26671e-06 0.0102454 
0.142597 0.0086255 -9.38685e-05 -8.58405e-06 0.0128994 
0.162967 0.00985771 -0.000143583 -1.25246e-05 0.0156016 
0.183338 0.0110899 -0.000203406 -1.70607e-05 0.0183128 
0.203709 0.0123221 -0.000273684 -2.21645e-05 0.02101 
0.22408 0.0135544 -0.000354759 -2.78086e-05 0.0236842 
0.244451 0.0147866 -0.000446978 -3.39651e-05 0.0263379 
0.264822 0.0160188 -0.000550684 -4.06064e-05 0.0289832 
0.285193 0.017251 -0.000666222 -4.77048e-05 0.0316385 
0.305564 0.0184832 -0.000793937 -5.52326e-05 0.0343263 
0.325935 0.0197154 -0.000934172 -6.31621e-05 0.0370708 
0.346306 0.0209476 -0.00108727 -7.14657e-05 0.0398951 
0.366677 0.0221799 -0.00125358 -8.01156e-05 0.0428198 
0.387048 0.0234121 -0.00143345 -8.90843e-05 0.0458614 
0.407419 0.0246443 -0.00162721 -9.83439e-05 0.0490312 
0.42779 0.0258765 -0.00183522 -0.000107867 0.0523352 
0.44816 0.0271087 -0.00205781 -0.000117625 0.0557745 
0.468531 0.0283409 -0.00229533 -0.000127592 0.0593461 
0.488902 0.0295731 -0.00255832 -0.00013316 0.0630444 
0.509273 0.0308054 -0.00291708 -0.000106524 0.0668278 
0.529644 0.0320376 -0.00329943 -8.37322e-05 0.0706665 
0.550015 0.0332698 -0.0036573 -7.89735e-05 0.0745578 
0.570386 0.034502 -0.00400948 -8.07261e-05 0.0785123 
0.590757 0.0357342 -0.004375 -8.22628e-05 0.0825301 
0.611128 0.0369664 -0.00475294 -8.35704e-05 0.0866083 
0.631499 0.0381986 -0.00514234 -8.46362e-05 0.0907421 
0.65187 0.0394309 -0.00554228 -8.54473e-05 0.0949255 
0.672241 0.0406631 -0.00595184 -8.59911e-05 0.0991517 
0.692612 0.0418953 -0.00637009 -8.62549e-05 0.103413 
0.712983 0.0431275 -0.00679611 -8.62263e-05 0.107703 
0.733353 0.0443597 -0.00722899 -8.58929e-05 0.112012 
0.753724 0.0455919 -0.00766782 -8.52423e-05 0.116336 
0.774095 0.0468241 -0.00811171 -8.42623e-05 0.120667 
0.794466 0.0480564 -0.00855974 -8.29408e-05 0.125001 
0.814837 0.0492886 -0.00901102 -8.12658e-05 0.129332 
0.835208 0.0505208 -0.00946466 -7.92253e-05 0.133657 
0.855579 0.051753 -0.00991978 -7.68074e-05 0.137974 
0.87595 0.0529852 -0.0103755 -7.40004e-05 0.142282 
0.896321 0.0542174 -0.0108309 -7.07926e-05 0.146581 
0.916692 0.0554496 -0.0112852 -6.71724e-05 0.15087 
0.937063 0.0566819 -0.0117374 -6.31283e-05 0.155152 
0.957434 0.0579141 -0.0121868 -5.8649e-05 0.15943 
0.977805 0.0591463 -0.0126324 -5.37231e-05 0.163707 
0.998176 0.0603785 -0.0130734 -4.83394e-05 0.167986 
-2.01363e-10 3.01361e-10 -1.17884e-13 3.44121e-13 1.35229e-19 
0.0202594 0.00245993 1.09174e-05 2.019e-06 0.000422409 
0.0405187 0.00491986 1.37222e-05 2.50388e-06 0.00156388 
0.0607781 0.0073798 8.26147e-06 1.5233e-06 0.00325584 
0.0810375 0.00983973 -5.61768e-06 -8.54028e-07 0.00535314 
0.101297 0.0122997 -2.80682e-05 -4.55943e-06 0.00773214 
0.121556 0.0147596 -5.92429e-05 -9.52421e-06 0.0102902 
0.141816 0.0172195 -9.92948e-05 -1.56797e-05 0.0129457 
0.162075 0.0196795 -0.000148377 -2.29572e-05 0.0156382 
0.182334 0.0221394 -0.000206642 -3.1288e-05 0.0183271 
0.202594 0.0245993 -0.000274242 -4.06034e-05 0.0209907 
0.222853 0.0270593 -0.000351332 -5.08348e-05 0.0236231 
0.243112 0.0295192 -0.000438063 -6.19134e-05 0.0262315 
0.263372 0.0319791 -0.000534589 -7.37706e-05 0.0288319 
0.283631 0.0344391 -0.000641062 -8.63377e-05 0.0314453 
0.30389 0.036899 -0.000757635 -9.9546e-05 0.0340941 
0.32415 0.0393589 -0.000884462 -0.000113327 0.0367985 
0.344409 0.0418188 -0.00102169 -0.000127611 0.0395743 
0.364669 0.0442788 -0.00116949 -0.000142331 0.0424319 
0.384928 0.0467387 -0.00132799 -0.000157417 0.0453772 
0.405187 0.0491986 -0.00149736 -0.000172801 0.0484133 
0.425447 0.0516586 -0.00167775 -0.000188414 0.0515448 
0.445706 0.0541185 -0.0018693 -0.000204187 0.0547831 
0.465965 0.0565784 -0.00207219 -0.000220053 0.0581529 
0.486225 0.0590384 -0.00232559 -0.000218693 0.06167 
0.506484 0.0614983 -0.0026191 -0.000209833 0.0652575 
0.526743 0.0639582 -0.00293013 -0.000205309 0.0689027 
0.547003 0.0664182 -0.00325849 -0.00020596 0.0726006 
0.567262 0.0688781 -0.003604 -0.000212626 0.0763451 
0.587522 0.071338 -0.00394803 -0.00022399 0.0801334 
0.607781 0.073798 -0.0042846 -0.000235106 0.0839826 
0.62804 0.0762579 -0.00463092 -0.000246445 0.0878859 
0.6483 0.0787178 -0.00498612 -0.00025801 0.0918319 
0.668559 0.0811778 -0.00534929 -0.000269798 0.0958099 
0.688818 0.0836377 -0.00571956 -0.000281813 0.099811 
0.709078 0.0860976 -0.00609606 -0.000294052 0.103828 
0.729337 0.0885576 -0.00647792 -0.000306518 0.107854 
0.749596 0.0910175 -0.00686429 -0.000319212 0.111886 
0.769856 0.0934774 -0.00725432 -0.000332133 0.115922 
0.790115 0.0959374 -0.00764716 -0.000345284 0.119958 
0.810375 0.0983973 -0.00804199 -0.000358666 0.123996 
0.830634 0.100857 -0.00843798 -0.00037228 0.128032 
0.850893 0.103317 -0.00883431 -0.000386129 0.132066 
0.871153 0.105777 -0.00923016 -0.000400213 0.136096 
0.891412 0.108237 -0.00962472 -0.000414536 0.140118 
0.911671 0.110697 -0.0100172 -0.0004291 0.144129 
0.931931 0.113157 -0.0104068 -0.000443908 0.148124 
0.95219 0.115617 -0.0107928 -0.000458962 0.152101 
0.97245 0.118077 -0.0111743 -0.000474265 0.156059 
0.992709 0.120537 -0.0115506 -0.000489822 0.160003 
-2.01363e-10 3.01361e-10 -1.17884e-13 3.44121e-13 1.35229e-19 
0.0200739 0.00367867 1.04362e-05 3.04726e-06 0.000422305 
0.0401478 0.00735735 1.24601e-05 3.8664e-06 0.00156624 
0.0602216 0.011036 6.09349e-06 2.57537e-06 0.00326588 
0.0802955 0.0147147 -8.64176e-06 -7.07865e-07 0.00537521 
0.100369 0.0183934 -3.17238e-05 -5.86536e-06 0.00776633 
0.120443 0.022072 -6.31307e-05 -1.27792e-05 0.0103307 
0.140517 0.0257507 -0.000102841 -2.13313e-05 0.0129812 
0.160591 0.0294294 -0.000150832 -3.14039e-05 0.0156537 
0.180665 0.0331081 -0.000207082 -4.28789e-05 0.0183071 
0.200739 0.0367867 -0.00027157 -5.56384e-05 0.020922 
0.220813 0.0404654 -0.000344274 -6.95644e-05 0.0234971 
0.240887 0.0441441 -0.000425171 -8.45391e-05 0.0260449 
0.26096 0.0478228 -0.00051424 -0.000100444 0.0285855 
0.281034 0.0515014 -0.00061146 -0.000117162 0.0311418 
0.301108 0.0551801 -0.000716807 -0.000134575 0.0337335 
0.321182 0.0588588 -0.000830261 -0.000152564 0.0363746 
0.341256 0.0625375 -0.000951799 -0.000171013 0.0390706 
0.36133 0.0662161 -0.0010814 -0.000189802 0.0418205 
0.381404 0.0698948 -0.00121904 -0.000208814 0.0446201 
0.401478 0.0735735 -0.0013647 -0.000227931 0.047468 
0.421551 0.0772522 -0.00151836 -0.000247035 0.0503744 
0.441625 0.0809308 -0.00167999 -0.000266008 0.0533697 
0.461699 0.0846095 -0.00185056 -0.000284258 0.0565136 
0.481773 0.0882882 -0.00206975 -0.000285522 0.0597819 
0.501847 0.0919669 -0.00230154 -0.000290362 0.0631024 
0.521921 0.0956455 -0.00254565 -0.000299514 0.0664733 
0.541995 0.0993242 -0.00280174 -0.000313713 0.0698916 
0.562069 0.103003 -0.00306953 -0.000333695 0.0733536 
0.582142 0.106682 -0.0033487 -0.000360195 0.0768544 
0.602216 0.11036 -0.00363894 -0.000393949 0.0803886 
0.62229 0.114039 -0.00393994 -0.000435693 0.08395 
0.642364 0.117718 -0.00423998 -0.000468474 0.0875423 
0.662438 0.121396 -0.00454243 -0.000497483 0.0911767 
0.682512 0.125075 -0.00484977 -0.000527705 0.0948373 
0.702586 0.128754 -0.00516115 -0.000559168 0.0985109 
0.72266 0.132432 -0.00547574 -0.000591899 0.102189 
0.742733 0.136111 -0.00579272 -0.000625928 0.105865 
0.762807 0.13979 -0.00611128 -0.00066128 0.109537 
0.782881 0.143468 -0.00643061 -0.000697984 0.113204 
0.802955 0.147147 -0.00674993 -0.000736069 0.116866 
0.823029 0.150826 -0.00706845 -0.000775561 0.12052 
0.843103 0.154504 -0.0073854 -0.000816489 0.124164 
0.863177 0.158183 -0.0077 -0.00085888 0.127793 
0.883251 0.161862 -0.00801151 -0.000902762 0.131399 
0.903324 0.16554 -0.00831918 -0.000948163 0.134972 
0.923398 0.169219 -0.00862227 -0.000995112 0.138505 
0.943472 0.172898 -0.00892004 -0.00104364 0.141996 
0.963546 0.176576 -0.00921178 -0.00109376 0.145451 
0.98362 0.180255 -0.00949676 -0.00114553 0.148897 
-2.01363e-10 3.01361e-10 -1.17884e-13 3.44121e-13 1.35229e-19 
0.0198151 0.00488399 9.96706e-06 4.08738e-06 0.00042195 
0.0396303 0.00976799 1.1338e-05 5.30898e-06 0.00156773 
0.0594454 0.014652 4.28714e-06 3.8349e-06 0.00327417 
0.0792606 0.019536 -1.10114e-05 -1.64736e-07 0.00539415 
0.0990757 0.02442 -3.43835e-05 -6.51984e-06 0.00779525 
0.118891 0.029304 -6.56549e-05 -1.50603e-05 0.0103628 
0.138706 0.034188 -0.000104651 -2.5616e-05 0.0130042 
0.158521 0.0390719 -0.000151199 -3.80168e-05 0.0156521 
0.178336 0.0439559 -0.000205123 -5.20927e-05 0.0182654 
0.198151 0.0488399 -0.000266249 -6.76735e-05 0.0208274 
0.217967 0.0537239 -0.000334404 -8.45891e-05 0.0233415 
0.237782 0.0586079 -0.000409413 -0.000102669 0.0258248 
0.257597 0.0634919 -0.000491102 -0.000121744 0.0283009 
0.277412 0.0683759 -0.000579297 -0.000141644 0.0307923 
0.297227 0.0732599 -0.000673823 -0.000162198 0.033315 
0.317042 0.0781439 -0.000774507 -0.000183236 0.0358752 
0.336857 0.0830279 -0.000881173 -0.000204588 0.0384688 
0.356673 0.0879119 -0.000993649 -0.000226084 0.0410852 
0.376488 0.0927959 -0.00111176 -0.000247555 0.0437143 
0.396303 0.0976799 -0.00123533 -0.000268829 0.0463562 
0.416118 0.102564 -0.00136419 -0.000289737 0.0490315 
0.435933 0.107448 -0.00149816 -0.000310108 0.0517903 
0.455748 0.112332 -0.00164411 -0.000326771 0.0547033 
0.475563 0.117216 -0.00181173 -0.000338999 0.0576927 
0.495378 0.1221 -0.00198789 -0.000354509 0.0607206 
0.515194 0.126984 -0.00217221 -0.000373909 0.063787 
0.535009 0.131868 -0.00236432 -0.000397809 0.0668904 
0.554824 0.136752 -0.00256385 -0.000426818 0.0700284 
0.574639 0.141636 -0.00277044 -0.000461544 0.0731979 
0.594454 0.14652 -0.0029837 -0.000502598 0.0763951 
0.614269 0.151404 -0.00320327 -0.000550588 0.0796153 
0.634084 0.156288 -0.00342878 -0.000606122 0.0828536 
0.6539 0.161172 -0.00365986 -0.000669811 0.0861048 
0.673715 0.166056 -0.00389613 -0.000742264 0.0893632 
0.69353 0.17094 -0.00413721 -0.000814731 0.0926245 
0.713345 0.175824 -0.00438043 -0.00086945 0.0959002 
0.73316 0.180708 -0.00462391 -0.000926744 0.099183 
0.752975 0.185592 -0.00486685 -0.000986674 0.102463 
0.77279 0.190476 -0.0051085 -0.0010493 0.105733 
0.792606 0.19536 -0.0053481 -0.00111468 0.108989 
0.812421 0.200244 -0.0055849 -0.00118287 0.112229 
0.832236 0.205128 -0.00581819 -0.00125393 0.115446 
0.852051 0.210012 -0.00604722 -0.00132792 0.118634 
0.871866 0.214896 -0.0062713 -0.0014049 0.121783 
0.891681 0.21978 -0.00648972 -0.00148491 0.124881 
0.911496 0.224664 -0.00670178 -0.00156803 0.127917 
0.931312 0.229548 -0.00690681 -0.0016543 0.130891 
0.951127 0.234432 -0.00710414 -0.00174378 0.133814 
0.970942 0.239316 -0.00729309 -0.00183653 0.136729 
-2.01363e-10 3.01361e-10 -1.17884e-13 3.44121e-13 1.35229e-19 
0.0194841 0.00607149 9.51276e-06 5.13846e-06 0.000421303 
0.0389682 0.012143 1.03618e-05 6.83438e-06 0.00156793 
0.0584523 0.0182145 2.84642e-06 5.30739e-06 0.00327932 
0.0779364 0.024286 -1.27341e-05 7.77182e-07 0.00540738 
0.0974205 0.0303575 -3.60805e-05 -6.5366e-06 0.00781549 
0.116905 0.0364289 -6.68934e-05 -1.64143e-05 0.0103835 
0.136389 0.0425004 -0.000104874 -2.86362e-05 0.013014 
0.155873 0.0485719 -0.000149722 -4.29828e-05 0.0156371 
0.175357 0.0546434 -0.000201139 -5.92342e-05 0.0182118 
0.194841 0.0607149 -0.000258825 -7.7171e-05 0.0207241 
0.214325 0.0667864 -0.000322481 -9.65733e-05 0.0231812 
0.233809 0.0728579 -0.000391808 -0.000117222 0.0256039 
0.253293 0.0789294 -0.000466507 -0.000138896 0.0280175 
0.272777 0.0850009 -0.000546278 -0.000161377 0.0304433 
0.292261 0.0910724 -0.000630822 -0.000184445 0.0328931 
0.311746 0.0971439 -0.000719839 -0.000207881 0.0353659 
0.33123 0.103215 -0.000813031 -0.000231464 0.03785 
0.350714 0.109287 -0.000910098 -0.000254975 0.0403291 
0.370198 0.115358 -0.00101074 -0.000278194 0.0427918 
0.389682 0.12143 -0.00111466 -0.000300903 0.0452434 
0.409166 0.127501 -0.00122156 -0.00032288 0.0477154 
0.42865 0.133573 -0.00133113 -0.000343906 0.050269 
0.448134 0.139644 -0.00144639 -0.000363885 0.0529557 
0.467618 0.145716 -0.00156943 -0.000385497 0.0556818 
0.487102 0.151787 -0.00169807 -0.000409852 0.0584325 
0.506587 0.157859 -0.00183193 -0.000437417 0.0612089 
0.526071 0.16393 -0.00197067 -0.000468658 0.0640109 
0.545555 0.170002 -0.0021139 -0.000504042 0.0668375 
0.565039 0.176073 -0.00226127 -0.000544037 0.0696869 
0.584523 0.182145 -0.00241241 -0.000589108 0.0725564 
0.604007 0.188216 -0.00256696 -0.000639722 0.075443 
0.623491 0.194288 -0.00272455 -0.000696347 0.0783427 
0.642975 0.200359 -0.00288483 -0.000759449 0.0812516 
0.662459 0.206431 -0.00304742 -0.000829494 0.084165 
0.681943 0.212502 -0.00321196 -0.00090695 0.0870781 
0.701428 0.218574 -0.00337809 -0.000992283 0.0899862 
0.720912 0.224645 -0.00354545 -0.00108596 0.0928843 
0.740396 0.230717 -0.00371366 -0.00118845 0.0957676 
0.75988 0.236788 -0.00388237 -0.00130021 0.0986315 
0.779364 0.24286 -0.00405226 -0.00139425 0.101478 
0.798848 0.248931 -0.0042186 -0.00148659 0.104312 
0.818332 0.255003 -0.00438013 -0.00158314 0.107125 
0.837816 0.261074 -0.00453617 -0.00168399 0.109911 
0.8573 0.267146 -0.00468605 -0.00178921 0.11266 
0.876784 0.273217 -0.00482914 -0.0018989 0.115361 
0.896269 0.279289 -0.0049648 -0.00201313 0.118003 
0.915753 0.28536 -0.0050924 -0.00213198 0.120581 
0.935237 0.291432 -0.00521132 -0.00225555 0.123099 
0.954721 0.297503 -0.00532095 -0.0023839 0.125587 
-2.01363e-10 3.01361e-10 -1.17884e-13 3.44121e-13 1.35229e-19 
0.019082 0.00723683 9.07547e-06 6.19923e-06 0.000420341 
0.0381639 0.0144737 9.53464e-06 8.44374e-06 0.00156652 
0.0572459 0.0217105 1.77082e-06 6.99473e-06 0.00328032 
0.0763279 0.0289473 -1.38227e-05 2.1134e-06 0.00541297 
0.0954098 0.0361842 -3.68526e-05 -5.93906e-06 0.00782463 
0.114492 0.043421 -6.69256e-05 -1.69014e-05 0.0103908 
0.133574 0.0506578 -0.000103648 -3.05125e-05 0.0130105 
0.152656 0.0578947 -0.000146628 -4.65112e-05 0.0156117 
0.171738 0.0651315 -0.00019547 -6.46361e-05 0.0181537 
0.19082 0.0723683 -0.000249782 -8.46262e-05 0.0206245 
0.209902 0.0796052 -0.000309171 -0.00010622 0.023034 
0.228984 0.086842 -0.000373243 -0.000129157 0.0254052 
0.248066 0.0940788 -0.000441605 -0.000153175 0.0277642 
0.267147 0.101316 -0.000513864 -0.000178014 0.030131 
0.286229 0.108553 -0.000589626 -0.000203412 0.0325132 
0.305311 0.115789 -0.000668498 -0.000229107 0.0349051 
0.324393 0.123026 -0.000750087 -0.00025484 0.0372901 
0.343475 0.130263 -0.000833999 -0.000280348 0.0396496 
0.362557 0.1375 -0.000919841 -0.00030537 0.0419739 
0.381639 0.144737 -0.00100722 -0.000329646 0.0442744 
0.400721 0.151974 -0.00109574 -0.000352913 0.0465899 
0.419803 0.15921 -0.00118502 -0.000374911 0.0489818 
0.438885 0.166447 -0.00127036 -0.000401427 0.0514738 
0.457967 0.173684 -0.00135721 -0.000432014 0.0539828 
0.477049 0.180921 -0.00144794 -0.000464701 0.0565049 
0.496131 0.188158 -0.00154225 -0.000499805 0.0590426 
0.515213 0.195395 -0.00163987 -0.00053764 0.061597 
0.534295 0.202631 -0.00174049 -0.000578524 0.0641685 
0.553377 0.209868 -0.00184385 -0.000622772 0.0667567 
0.572459 0.217105 -0.00194965 -0.000670701 0.0693603 
0.591541 0.224342 -0.00205762 -0.000722626 0.0719774 
0.610623 0.231579 -0.00216745 -0.000778865 0.0746056 
0.629705 0.238816 -0.00227887 -0.000839732 0.0772419 
0.648787 0.246052 -0.0023916 -0.000905544 0.0798829 
0.667869 0.253289 -0.00250534 -0.000976617 0.0825249 
0.686951 0.260526 -0.00261981 -0.00105327 0.0851637 
0.706033 0.267763 -0.00273473 -0.00113581 0.0877953 
0.725115 0.275 -0.00284981 -0.00122457 0.0904154 
0.744197 0.282237 -0.00296476 -0.00131984 0.0930196 
0.763279 0.289473 -0.00307931 -0.00142197 0.0956037 
0.782361 0.29671 -0.00319316 -0.00153125 0.0981636 
0.801442 0.303947 -0.00330603 -0.001648 0.100695 
0.820524 0.311184 -0.00341763 -0.00177254 0.103196 
0.839606 0.318421 -0.00352767 -0.00190519 0.105661 
0.858688 0.325658 -0.00363589 -0.00204626 0.108089 
0.87777 0.332894 -0.00373086 -0.00218067 0.110479 
0.896852 0.340131 -0.00381616 -0.00231757 0.11283 
0.915934 0.347368 -0.00389328 -0.00246023 0.115135 
0.935016 0.354605 -0.00396168 -0.00260873 0.117393 
-2.01363e-10 3.01361e-10 -1.17884e-13 3.44121e-13 1.35229e-19 
0.0186102 0.00837577 8.65664e-06 7.26799e-06 0.000419051 
0.0372204 0.0167515 8.85739e-06 1.01366e-05 0.00156329 
0.0558306 0.0251273 1.05575e-06 8.8955e-06 0.00327644 
0.0744408 0.0335031 -1.42948e-05 3.83415e-06 0.00540962 
0.093051 0.0418789 -3.67407e-05 -4.75785e-06 0.00782107 
0.111661 0.0502546 -6.58286e-05 -1.65909e-05 0.0103836 
0.130271 0.0586304 -0.000101105 -3.13755e-05 0.0129938 
0.148882 0.0670062 -0.000142116 -4.8822e-05 0.0155783 
0.167492 0.0753819 -0.000188409 -6.86408e-05 0.0180965 
0.186102 0.0837577 -0.00023953 -9.05425e-05 0.0205373 
0.204712 0.0921335 -0.000295025 -0.000114237 0.0229121 
0.223322 0.100509 -0.000354441 -0.000139436 0.0252452 
0.241933 0.108885 -0.000417325 -0.000165849 0.0275626 
0.260543 0.117261 -0.000483222 -0.000193186 0.0298833 
0.279153 0.125637 -0.00055168 -0.000221158 0.0322127 
0.297763 0.134012 -0.000622246 -0.000249475 0.0345422 
0.316373 0.142388 -0.000694464 -0.000277848 0.0368533 
0.334984 0.150764 -0.000767883 -0.000305988 0.0391274 
0.353594 0.15914 -0.000842048 -0.000333604 0.0413574 
0.372204 0.167515 -0.000916507 -0.000360407 0.0435591 
0.390814 0.175891 -0.000990805 -0.000386108 0.0457741 
0.409424 0.184267 -0.00106449 -0.000410417 0.0480571 
0.428035 0.192643 -0.00112567 -0.000445384 0.0504121 
0.446645 0.201019 -0.00118559 -0.000485747 0.0527726 
0.465255 0.209394 -0.00124891 -0.000527606 0.0551396 
0.483865 0.21777 -0.00131549 -0.000571127 0.0575167 
0.502475 0.226146 -0.0013852 -0.000616474 0.0599067 
0.521086 0.234522 -0.0014579 -0.000663812 0.0623114 
0.539696 0.242897 -0.00153345 -0.000713307 0.0647319 
0.558306 0.251273 -0.00161172 -0.000765124 0.0671685 
0.576916 0.259649 -0.00169257 -0.000819427 0.069621 
0.595526 0.268025 -0.00177587 -0.000876381 0.0720883 
0.614137 0.2764 -0.00186148 -0.000936152 0.074569 
0.632747 0.284776 -0.00194926 -0.000998905 0.0770611 
0.651357 0.293152 -0.00203908 -0.00106481 0.0795623 
0.669967 0.301528 -0.0021308 -0.00113402 0.0820698 
0.688577 0.309904 -0.00222429 -0.0012067 0.0845805 
0.707188 0.318279 -0.00231941 -0.00128304 0.0870911 
0.725798 0.326655 -0.00241602 -0.00136317 0.0895983 
0.744408 0.335031 -0.00251399 -0.00144728 0.0920984 
0.763018 0.343407 -0.00261319 -0.00153553 0.0945878 
0.781628 0.351782 -0.00271347 -0.00162808 0.097063 
0.800239 0.360158 -0.0028147 -0.00172509 0.0995203 
0.818849 0.368534 -0.00291675 -0.00182674 0.101956 
0.837459 0.37691 -0.00301947 -0.00193318 0.104368 
0.856069 0.385285 -0.00312274 -0.00204459 0.106753 
0.874679 0.393661 -0.00324143 -0.00214081 0.109103 
0.89329 0.402037 -0.00337037 -0.00221914 0.111408 
0.9119 0.410413 -0.00349963 -0.00228925 0.113671 
-2.01363e-10 3.01361e-10 -1.17884e-13 3.44121e-13 1.35229e-19 
0.0180705 0.00948415 8.25702e-06 8.34268e-06 0.000417437 
0.0361411 0.0189683 8.32854e-06 1.19111e-05 0.00155815 
0.0542116 0.0284524 6.92862e-07 1.10053e-05 0.00326736 
0.0722821 0.0379366 -1.41717e-05 5.92547e-06 0.0053967 
0.0903527 0.0474207 -3.5787e-05 -3.02843e-06 0.00780404 
0.108423 0.0569049 -6.36746e-05 -1.55563e-05 0.0103614 
0.126494 0.066389 -9.73562e-05 -3.13581e-05 0.0129643 
0.144564 0.0758732 -0.000136354 -5.01337e-05 0.0155388 
0.162635 0.0853573 -0.000180188 -7.1583e-05 0.0180438 
0.180705 0.0948415 -0.000228383 -9.5406e-05 0.0204684 
0.198776 0.104326 -0.000280458 -0.000121303 0.022824 
0.216846 0.11381 -0.000335935 -0.000148973 0.0251352 
0.234917 0.123294 -0.000394337 -0.000178116 0.0274279 
0.252987 0.132778 -0.000455185 -0.000208433 0.0297207 
0.271058 0.142262 -0.000518001 -0.000239624 0.0320189 
0.289128 0.151746 -0.000582306 -0.000271387 0.0343134 
0.307199 0.16123 -0.000647622 -0.000303424 0.0365862 
0.32527 0.170715 -0.000713472 -0.000335434 0.0388194 
0.34334 0.180199 -0.000779376 -0.000367116 0.0410078 
0.361411 0.189683 -0.000844856 -0.000398172 0.0431686 
0.379481 0.199167 -0.000909434 -0.000428301 0.0453428 
0.397552 0.208651 -0.000972632 -0.000457202 0.047578 
0.415622 0.218135 -0.00101854 -0.00050153 0.0498701 
0.433693 0.22762 -0.0010611 -0.000553655 0.052165 
0.451763 0.237104 -0.00110781 -0.000606855 0.0544654 
0.469834 0.246588 -0.00115874 -0.000661151 0.0567765 
0.487904 0.256072 -0.00121399 -0.000716565 0.0591026 
0.505975 0.265556 -0.00127362 -0.000773118 0.0614474 
0.524045 0.27504 -0.00133772 -0.00083083 0.0638136 
0.542116 0.284524 -0.00140637 -0.000889724 0.0662035 
0.560186 0.294009 -0.00147966 -0.000949821 0.0686185 
0.578257 0.303493 -0.00155765 -0.00101114 0.0710596 
0.596328 0.312977 -0.00164044 -0.00107371 0.0735272 
0.614398 0.322461 -0.0017281 -0.00113754 0.0760212 
0.632469 0.331945 -0.00182072 -0.00120266 0.078541 
0.650539 0.341429 -0.00191837 -0.00126909 0.0810857 
0.66861 0.350913 -0.00202114 -0.00133685 0.0836539 
0.68668 0.360398 -0.0021291 -0.00140596 0.086244 
0.704751 0.369882 -0.00224235 -0.00147645 0.088854 
0.722821 0.379366 -0.00236095 -0.00154833 0.0914819 
0.740892 0.38885 -0.002485 -0.00162162 0.0941252 
0.758962 0.398334 -0.00261456 -0.00169635 0.0967816 
0.777033 0.407818 -0.00274317 -0.00179122 0.0994318 
0.795103 0.417302 -0.00287358 -0.00188195 0.102042 
0.813174 0.426787 -0.00300542 -0.00196668 0.104607 
0.831244 0.436271 -0.00313812 -0.0020442 0.107132 
0.849315 0.445755 -0.00327115 -0.00211332 0.109623 
0.867386 0.455239 -0.00340397 -0.00217288 0.112075 
0.885456 0.464723 -0.00353604 -0.00222169 0.114479 
-2.01363e-10 3.01361e-10 -1.17884e-13 3.44121e-13 1.35229e-19 
0.0174649 0.0105579 7.8767e-06 9.4208e-06 0.000415521 
0.0349298 0.0211158 7.94435e-06 1.37637e-05 0.00155113 
0.0523948 0.0316737 6.7033e-07 1.33173e-05 0.00325307 
0.0698597 0.0422317 -1.3478e-05 8.37028e-06 0.00537416 
0.0873246 0.0527896 -3.40332e-05 -7.88785e-07 0.00777357 
0.10479 0.0633475 -6.0528e-05 -1.38713e-05 0.0103244 
0.122254 0.0739054 -9.2495e-05 -3.05885e-05 0.0129227 
0.139719 0.0844633 -0.000129467 -5.0652e-05 0.0154945 
0.157184 0.0950212 -0.000170976 -7.3773e-05 0.0179981 
0.174649 0.105579 -0.000216555 -9.96629e-05 0.0204214 
0.192114 0.116137 -0.000265737 -0.000128033 0.0227749 
0.209579 0.126695 -0.000318055 -0.000158595 0.0250823 
0.227044 0.137253 -0.00037304 -0.00019106 0.0273696 
0.244509 0.147811 -0.000430226 -0.000225139 0.0296559 
0.261974 0.158369 -0.000489145 -0.000260545 0.0319481 
0.279439 0.168927 -0.00054933 -0.000296987 0.0342392 
0.296904 0.179485 -0.000610313 -0.000334178 0.0365131 
0.314369 0.190042 -0.000671628 -0.000371829 0.0387537 
0.331834 0.2006 -0.000732806 -0.000409651 0.0409557 
0.349298 0.211158 -0.000793381 -0.000447356 0.0431347 
0.366763 0.221716 -0.000852884 -0.000484655 0.0453282 
0.384228 0.232274 -0.000910849 -0.00052126 0.0475798 
0.401693 0.242832 -0.000951732 -0.000575049 0.0498891 
0.419158 0.25339 -0.000986285 -0.000642028 0.0522064 
0.436623 0.263948 -0.00102688 -0.000709979 0.0545341 
0.454088 0.274506 -0.00107387 -0.000778793 0.056879 
0.471553 0.285064 -0.00112761 -0.000848365 0.0592471 
0.489018 0.295622 -0.00118847 -0.000918585 0.0616439 
0.506483 0.30618 -0.00125681 -0.000989346 0.0640743 
0.523948 0.316737 -0.00133297 -0.00106054 0.0665423 
0.541413 0.327295 -0.00141733 -0.00113206 0.0690516 
0.558878 0.337853 -0.00151025 -0.0012038 0.0716054 
0.576342 0.348411 -0.00161207 -0.00127565 0.0742062 
0.593807 0.358969 -0.00172316 -0.0013475 0.0768562 
0.611272 0.369527 -0.00184388 -0.00141925 0.079557 
0.628737 0.380085 -0.00197459 -0.00149079 0.0823099 
0.646202 0.390643 -0.00211564 -0.00156201 0.0851158 
0.663667 0.401201 -0.00226741 -0.00163279 0.0879753 
0.681132 0.411759 -0.002417 -0.00172628 0.0908899 
0.698597 0.422317 -0.00255665 -0.00184752 0.0938438 
0.716062 0.432874 -0.0026999 -0.00196733 0.0967894 
0.733527 0.443432 -0.0028461 -0.00208436 0.0997021 
0.750992 0.45399 -0.0029946 -0.00219724 0.102576 
0.768457 0.464548 -0.00314475 -0.00230464 0.105414 
0.785922 0.475106 -0.0032959 -0.00240521 0.108215 
0.803387 0.485664 -0.00344741 -0.0024976 0.110971 
0.820851 0.496222 -0.00359864 -0.00258048 0.113671 
0.838316 0.50678 -0.00374895 -0.00265253 0.116311 
0.855781 0.517338 -0.00389771 -0.0027124 0.118926 
-2.01363e-10 3.01361e-10 -1.17884e-13 3.44121e-13 1.35229e-19 
0.0167956 0.0115932 7.51508e-06 1.04995e-05 0.000413336 
0.0335912 0.0231863 7.6989e-06 1.56896e-05 0.00154241 
0.0503868 0.0347795 9.73125e-07 1.58222e-05 0.00323395 
0.0671824 0.0463726 -1.22406e-05 1.11493e-05 0.00534263 
0.0839779 0.0579658 -3.15206e-05 1.92278e-06 0.00773048 
0.100774 0.0695589 -5.64452e-05 -1.16055e-05 0.0102735 
0.117569 0.0811521 -8.65928e-05 -2.91837e-05 0.01287 
0.134365 0.0927453 -0.000121542 -5.05599e-05 0.0154465 
0.15116 0.104338 -0.00016087 -7.54822e-05 0.0179605 
0.167956 0.115932 -0.000204157 -0.000103699 0.0203979 
0.184751 0.127525 -0.00025098 -0.000134957 0.022767 
0.201547 0.139118 -0.000300917 -0.000169007 0.0250896 
0.218343 0.150711 -0.000353548 -0.000205594 0.0273913 
0.235138 0.162304 -0.00040845 -0.000244468 0.0296929 
0.251934 0.173897 -0.000465201 -0.000285377 0.0320042 
0.268729 0.185491 -0.000523381 -0.000328069 0.0343225 
0.285525 0.197084 -0.000582567 -0.000372292 0.0366355 
0.302321 0.208677 -0.000642338 -0.000417794 0.0389292 
0.319116 0.22027 -0.000702272 -0.000464323 0.0411972 
0.335912 0.231863 -0.000761947 -0.000511627 0.0434509 
0.352707 0.243456 -0.000820942 -0.000559455 0.0457216 
0.369503 0.255049 -0.000878835 -0.000607554 0.0480508 
0.386299 0.266643 -0.000924738 -0.00067018 0.0504521 
0.403094 0.278236 -0.000959902 -0.000756073 0.0528763 
0.41989 0.289829 -0.00100401 -0.000843277 0.0553208 
0.436685 0.301422 -0.00105776 -0.000931576 0.0577938 
0.453481 0.313015 -0.00112184 -0.00102076 0.0603033 
0.470276 0.324608 -0.00119693 -0.0011106 0.0628564 
0.487072 0.336202 -0.00128373 -0.0012009 0.06546 
0.503868 0.347795 -0.00138293 -0.00129143 0.0681203 
0.520663 0.359388 -0.00149523 -0.00138199 0.0708431 
0.537459 0.370981 -0.0016213 -0.00147235 0.0736337 
0.554254 0.382574 -0.00176183 -0.0015623 0.0764973 
0.57105 0.394167 -0.00191753 -0.00165163 0.0794382 
0.587846 0.405761 -0.00208908 -0.00174012 0.0824606 
0.604641 0.417354 -0.0022642 -0.00184557 0.0855695 
0.621437 0.428947 -0.00241643 -0.00199973 0.0887712 
0.638232 0.44054 -0.00257465 -0.00215766 0.0920264 
0.655028 0.452133 -0.00273813 -0.00231788 0.0952964 
0.671824 0.463726 -0.0029061 -0.00247894 0.0985582 
0.688619 0.475319 -0.00307783 -0.00263937 0.101802 
0.705415 0.486913 -0.00325255 -0.00279771 0.105025 
0.72221 0.498506 -0.00342952 -0.00295248 0.108224 
0.739006 0.510099 -0.00360797 -0.00310221 0.11139 
0.755802 0.521692 -0.00378717 -0.00324541 0.114504 
0.772597 0.533285 -0.00396634 -0.00338061 0.117547 
0.789393 0.544878 -0.00414473 -0.00350632 0.120506 
0.806188 0.556472 -0.00432159 -0.00362105 0.123405 
0.822984 0.568065 -0.00449615 -0.00372329 0.126332 
-2.01363e-10 3.01361e-10 -1.17884e-13 3.44121e-13 1.35229e-19 
0.016065 0.0125861 7.17096e-06 1.15753e-05 0.000410935 
0.0321299 0.0251722 7.58427e-06 1.76825e-05 0.00153226 
0.0481949 0.0377583 1.58321e-06 1.85089e-05 0.00321075 
0.0642599 0.0503444 -1.04889e-05 1.42421e-05 0.0053034 
0.0803248 0.0629305 -2.82889e-05 5.0694e-06 0.00767645 
0.0963898 0.0755166 -5.14734e-05 -8.82164e-06 0.0102106 
0.112455 0.0881027 -7.96992e-05 -2.72436e-05 0.0128075 
0.12852 0.100689 -0.000112623 -5.0009e-05 0.0153955 
0.144585 0.113275 -0.000149901 -7.69305e-05 0.0179311 
0.16065 0.125861 -0.000191191 -0.00010782 0.0203973 
0.176715 0.138447 -0.00023615 -0.000142492 0.0227992 
0.19278 0.151033 -0.000284433 -0.000180756 0.0251556 
0.208845 0.163619 -0.000335697 -0.000222427 0.0274911 
0.22491 0.176205 -0.0003896 -0.000267317 0.0298278 
0.240975 0.188791 -0.000445798 -0.000315238 0.0321799 
0.25704 0.201378 -0.000503948 -0.000366003 0.0345502 
0.273104 0.213964 -0.000563706 -0.000419424 0.0369326 
0.289169 0.22655 -0.00062473 -0.000475314 0.0393162 
0.305234 0.239136 -0.000686675 -0.000533486 0.0416943 
0.321299 0.251722 -0.0007492 -0.000593752 0.0440723 
0.337364 0.264308 -0.000811959 -0.000655924 0.0464733 
0.353429 0.276894 -0.000874611 -0.000719815 0.0489342 
0.369494 0.28948 -0.00093402 -0.000789896 0.0514855 
0.385559 0.302066 -0.000977227 -0.000899546 0.0540898 
0.401624 0.314652 -0.00103314 -0.00101139 0.0567275 
0.417689 0.327239 -0.00110281 -0.00112514 0.0594082 
0.433754 0.339825 -0.00118732 -0.0012405 0.0621411 
0.449819 0.352411 -0.00128772 -0.00135717 0.0649354 
0.465884 0.364997 -0.00140508 -0.00147486 0.0677993 
0.481949 0.377583 -0.00154047 -0.00159328 0.0707412 
0.498014 0.390169 -0.00169494 -0.00171213 0.0737687 
0.514079 0.402755 -0.00186957 -0.00183112 0.0768895 
0.530144 0.415341 -0.00206541 -0.00194995 0.0801105 
0.546209 0.427927 -0.00224611 -0.00210777 0.0834349 
0.562274 0.440513 -0.00241446 -0.00229896 0.0868514 
0.578339 0.4531 -0.00259101 -0.00249909 0.0903461 
0.594404 0.465686 -0.00277492 -0.00270669 0.0938951 
0.610469 0.478272 -0.00296534 -0.00292023 0.0974763 
0.626534 0.490858 -0.00316143 -0.0031382 0.101075 
0.642599 0.503444 -0.00336234 -0.00335905 0.104681 
0.658664 0.51603 -0.0035672 -0.00358124 0.108291 
0.674729 0.528616 -0.00377514 -0.00380321 0.111897 
0.690794 0.541202 -0.0039853 -0.00402337 0.115488 
0.706859 0.553788 -0.00419678 -0.00424013 0.119048 
0.722924 0.566374 -0.00440871 -0.00445189 0.122555 
0.738989 0.578961 -0.00462019 -0.00465703 0.125993 
0.755054 0.591547 -0.00483032 -0.00485391 0.12936 
0.771119 0.604133 -0.00503819 -0.00504088 0.13269 
0.787183 0.616719 -0.00524289 -0.00521629 0.136072 
-2.01363e-10 3.01361e-10 -1.17884e-13 3.44121e-13 1.35229e-19 
0.0152757 0.0135331 6.84252e-06 1.26448e-05 0.000408381 
0.0305515 0.0270662 7.59058e-06 1.9735e-05 0.00152109 
0.0458272 0.0405993 2.4797e-06 2.13647e-05 0.00318455 
0.0611029 0.0541325 -8.25466e-06 1.76274e-05 0.00525839 
0.0763786 0.0676656 -2.4377e-05 8.61725e-06 0.00761403 
0.0916544 0.0811987 -4.56518e-05 -5.57207e-06 0.0101381 
0.10693 0.0947318 -7.18436e-05 -2.48467e-05 0.0127373 
0.122206 0.108265 -0.000102717 -4.91128e-05 0.0153422 
0.137482 0.121798 -0.000138036 -7.82765e-05 0.0179087 
0.152757 0.135331 -0.000177566 -0.000112244 0.0204168 
0.168033 0.148864 -0.000221071 -0.000150921 0.0228671 
0.183309 0.162397 -0.000268316 -0.000194215 0.0252742 
0.198584 0.175931 -0.000319064 -0.000242031 0.0276605 
0.21386 0.189464 -0.000373081 -0.000294275 0.0300489 
0.229136 0.202997 -0.000430131 -0.000350854 0.0324574 
0.244412 0.21653 -0.000489979 -0.000411673 0.0348958 
0.259687 0.230063 -0.000552389 -0.000476639 0.0373653 
0.274963 0.243596 -0.000617125 -0.000545659 0.0398612 
0.290239 0.257129 -0.000683953 -0.000618637 0.0423782 
0.305515 0.270662 -0.000752636 -0.000695481 0.0449174 
0.32079 0.284195 -0.000822939 -0.000776097 0.0474923 
0.336066 0.297729 -0.000894627 -0.00086039 0.0501306 
0.351342 0.311262 -0.000967464 -0.000948267 0.0528675 
0.366618 0.324795 -0.00103053 -0.00107443 0.0557037 
0.381893 0.338328 -0.00110473 -0.00121695 0.0585903 
0.397169 0.351861 -0.00119749 -0.00136283 0.0615348 
0.412445 0.365394 -0.00131029 -0.00151175 0.0645476 
0.42772 0.378927 -0.00144459 -0.00166337 0.0676386 
0.442996 0.39246 -0.00160187 -0.00181734 0.0708177 
0.458272 0.405993 -0.00178359 -0.00197332 0.0740944 
0.473548 0.419527 -0.00199122 -0.00213097 0.077478 
0.488823 0.43306 -0.00218773 -0.00231838 0.0809639 
0.504099 0.446593 -0.00236744 -0.00254245 0.0845186 
0.519375 0.460126 -0.00255788 -0.00278179 0.0881701 
0.534651 0.473659 -0.00275814 -0.00303494 0.0919175 
0.549926 0.487192 -0.00296729 -0.00330041 0.0957441 
0.565202 0.500725 -0.0031844 -0.00357669 0.099631 
0.580478 0.514258 -0.00340851 -0.00386227 0.103563 
0.595753 0.527792 -0.00363865 -0.00415557 0.107531 
0.611029 0.541325 -0.00387386 -0.00445502 0.111528 
0.626305 0.554858 -0.00411313 -0.00475902 0.115547 
0.641581 0.568391 -0.00435545 -0.00506594 0.11958 
0.656856 0.581924 -0.00459981 -0.0053741 0.123616 
0.672132 0.595457 -0.00484517 -0.00568184 0.127639 
0.687408 0.60899 -0.00509047 -0.00598744 0.131638 
0.702684 0.622523 -0.00533464 -0.00628917 0.135602 
0.717959 0.636056 -0.0055766 -0.00658526 0.139533 
0.733235 0.64959 -0.00581525 -0.00687391 0.143448 
0.748511 0.663123 -0.00604946 -0.00715331 0.147381 
-2.01363e-10 3.01361e-10 -1.17884e-13 3.44121e-13 1.35229e-19 
0.0144308 0.0144308 6.52739e-06 1.37037e-05 0.000405754 
0.0288615 0.0288615 7.70617e-06 2.18385e-05 0.00150941 
0.0432923 0.0432923 3.63894e-06 2.43752e-05 0.00315682 
0.057723 0.057723 -5.5717e-06 2.12843e-05 0.00521026 
0.0721538 0.0721538 -1.98232e-05 1.25366e-05 0.00754677 
0.0865845 0.0865845 -3.90128e-05 -1.89749e-06 0.0100598 
0.101015 0.101015 -6.30381e-05 -2.20472e-05 0.0126619 
0.115446 0.115446 -9.17964e-05 -4.79418e-05 0.0152868 
0.129877 0.129877 -0.000125185 -7.96108e-05 0.0178906 
0.144308 0.144308 -0.000163102 -0.000117084 0.0204502 
0.158738 0.158738 -0.000205443 -0.000160389 0.0229611 
0.173169 0.173169 -0.000252108 -0.000209558 0.0254328 
0.1876 0.1876 -0.000302992 -0.000264618 0.0278836 
0.202031 0.202031 -0.000357994 -0.000325599 0.0303356 
0.216461 0.216461 -0.000417011 -0.00039253 0.0328097 
0.230892 0.230892 -0.00047994 -0.000465442 0.0353219 
0.245323 0.245323 -0.000546678 -0.000544363 0.0378819 
0.259754 0.259754 -0.000617124 -0.000629322 0.0404934 
0.274184 0.274184 -0.000691174 -0.000720349 0.0431565 
0.288615 0.288615 -0.000768725 -0.000817474 0.0458719 
0.303046 0.303046 -0.000849676 -0.000920725 0.0486461 
0.317477 0.317477 -0.000933924 -0.00103013 0.0514949 
0.331907 0.331907 -0.00102137 -0.00114573 0.0544448 
0.346338 0.346338 -0.00110965 -0.0012807 0.057524 
0.360769 0.360769 -0.00120651 -0.00146024 0.0606888 
0.3752 0.3752 -0.00132715 -0.00164536 0.0639239 
0.38963 0.38963 -0.00147347 -0.0018357 0.0672399 
0.404061 0.404061 -0.00164735 -0.00203091 0.0706472 
0.418492 0.418492 -0.0018507 -0.00223065 0.0741561 
0.432923 0.432923 -0.00207318 -0.00243894 0.0777744 
0.447353 0.447353 -0.00225632 -0.00268438 0.0814424 
0.461784 0.461784 -0.00245295 -0.00295214 0.0851981 
0.476215 0.476215 -0.0026621 -0.0032409 0.0890779 
0.490646 0.490646 -0.00288276 -0.00354928 0.0930797 
0.505076 0.505076 -0.00311393 -0.00387591 0.0971874 
0.519507 0.519507 -0.00335456 -0.00421935 0.101384 
0.533938 0.533938 -0.0036036 -0.00457814 0.105656 
0.548369 0.548369 -0.00385996 -0.00495077 0.109993 
0.562799 0.562799 -0.00412254 -0.00533571 0.114388 
0.57723 0.57723 -0.00439019 -0.00573139 0.118832 
0.591661 0.591661 -0.00466177 -0.00613618 0.123314 
0.606092 0.606092 -0.00493609 -0.00654845 0.127822 
0.620522 0.620522 -0.00521194 -0.00696649 0.132342 
0.634953 0.634953 -0.00548807 -0.00738859 0.136861 
0.649384 0.649384 -0.00576321 -0.00781296 0.141368 
0.663815 0.663815 -0.00603607 -0.00823779 0.145854 
0.678245 0.678245 -0.0063053 -0.00866123 0.150314 
0.692676 0.692676 -0.00656953 -0.00908138 0.154745 
0.707107 0.707107 -0.00682737 -0.00949628 0.159143 
-2.01363e-10 3.01361e-10 -1.17884e-13 3.44121e-13 1.35229e-19 
0.0135331 0.0152757 6.22271e-06 1.47476e-05 0.000403138 
0.0270662 0.0305515 7.91766e-06 2.39832e-05 0.00149784 
0.0405993 0.0458272 5.03462e-06 2.75251e-05 0.00312932 
0.0541325 0.0611029 -2.4766e-06 2.5192e-05 0.00516231 
0.0676656 0.0763786 -1.46662e-05 1.68023e-05 0.00747927 
0.0811987 0.0916544 -3.15845e-05 2.17443e-06 0.00998048 
0.0947318 0.10693 -5.32816e-05 -1.8873e-05 0.0125847 
0.108265 0.122206 -7.98078e-05 -4.65216e-05 0.0152297 
0.121798 0.137482 -0.000111213 -8.09527e-05 0.0178722 
0.135331 0.152757 -0.000147548 -0.000122348 0.020487 
0.148864 0.168033 -0.000188863 -0.000170889 0.0230645 
0.162397 0.183309 -0.000235207 -0.000226757 0.0256084 
0.175931 0.198584 -0.000286632 -0.000290134 0.0281321 
0.189464 0.21386 -0.000343187 -0.0003612 0.0306544 
0.202997 0.229136 -0.000404923 -0.000440139 0.0331969 
0.21653 0.244412 -0.000471889 -0.00052713 0.0357799 
0.230063 0.259687 -0.000544137 -0.000622356 0.0384209 
0.243596 0.274963 -0.000621716 -0.000725999 0.0411328 
0.257129 0.290239 -0.000704676 -0.000838239 0.0439246 
0.270662 0.305515 -0.000793067 -0.000959258 0.046802 
0.284195 0.32079 -0.000886941 -0.00108924 0.0497705 
0.297729 0.336066 -0.000986347 -0.00122836 0.0528374 
0.311262 0.351342 -0.00109133 -0.00137681 0.056015 
0.324795 0.366618 -0.00120196 -0.00153476 0.059321 
0.338328 0.381893 -0.0013242 -0.00173908 0.0627575 
0.351861 0.397169 -0.00147487 -0.00197057 0.066276 
0.365394 0.412445 -0.00165702 -0.00221027 0.0698814 
0.378927 0.42772 -0.00187295 -0.00245786 0.0735836 
0.39246 0.442996 -0.0020824 -0.00271271 0.0773741 
0.405993 0.458272 -0.00227515 -0.00299158 0.0812201 
0.419527 0.473548 -0.00248322 -0.00329901 0.0851902 
0.43306 0.488823 -0.00270557 -0.00363386 0.0893053 
0.446593 0.504099 -0.00294112 -0.00399497 0.0935578 
0.460126 0.519375 -0.00318877 -0.0043811 0.0979336 
0.473659 0.534651 -0.00344738 -0.00479102 0.10242 
0.487192 0.549926 -0.00371578 -0.0052234 0.107005 
0.500725 0.565202 -0.00399276 -0.0056769 0.11168 
0.514258 0.580478 -0.00427707 -0.00615012 0.116429 
0.527792 0.595753 -0.00457107 -0.00663644 0.12124 
0.541325 0.611029 -0.00487313 -0.00713047 0.126102 
0.554858 0.626305 -0.00517926 -0.00763285 0.130999 
0.568391 0.641581 -0.00548818 -0.00814157 0.135915 
0.581924 0.656856 -0.00579864 -0.00865465 0.140834 
0.595457 0.672132 -0.0061094 -0.00917015 0.145743 
0.60899 0.687408 -0.00641926 -0.00968616 0.15063 
0.622523 0.702684 -0.00672702 -0.0102008 0.155484 
0.636056 0.717959 -0.00703153 -0.0107123 0.1603 
0.64959 0.733235 -0.00733163 -0.0112187 0.165073 
0.663123 0.748511 -0.00762621 -0.0117184 0.169804 
-2.01363e-10 3.01361e-10 -1.17884e-13 3.44121e-13 1.35229e-19 
0.0125861 0.016065 5.92515e-06 1.57719e-05 0.00040063 
0.0251722 0.0321299 8.21009e-06 2.61581e-05 0.00148707 
0.0377583 0.0481949 6.63777e-06 3.07978e-05 0.00310413 
0.0503444 0.0642599 9.91108e-07 2.93302e-05 0.00511857 
0.0629305 0.0803248 -8.94694e-06 2.13942e-05 0.00741735 
0.0755166 0.0963898 -2.33934e-05 6.6291e-06 0.00990653 
0.0881027 0.112455 -4.25654e-05 -1.53261e-05 0.0125105 
0.100689 0.12852 -6.668e-05 -4.48321e-05 0.0151711 
0.113275 0.144585 -9.59542e-05 -8.225e-05 0.0178465 
0.125861 0.16065 -0.000130605 -0.000127941 0.0205103 
0.138447 0.176715 -0.00017085 -0.000182265 0.0231495 
0.151033 0.19278 -0.000216905 -0.000245583 0.0257623 
0.163619 0.208845 -0.000268989 -0.000318257 0.0283569 
0.176205 0.22491 -0.000327317 -0.000400648 0.0309479 
0.188791 0.240975 -0.000392107 -0.000493115 0.033555 
0.201378 0.25704 -0.000463576 -0.00059602 0.0361999 
0.213964 0.273104 -0.000541942 -0.000709724 0.0389048 
0.22655 0.289169 -0.00062742 -0.000834588 0.0416903 
0.239136 0.305234 -0.000720229 -0.000970973 0.0445745 
0.251722 0.321299 -0.000820585 -0.00111924 0.0475715 
0.264308 0.337364 -0.000928705 -0.00127975 0.0506921 
0.276894 0.353429 -0.00104481 -0.00145286 0.0539429 
0.28948 0.369494 -0.00116911 -0.00163893 0.0573274 
0.302066 0.385559 -0.00130182 -0.00183834 0.0608464 
0.314652 0.401624 -0.00144317 -0.00205142 0.0644981 
0.327239 0.417689 -0.00162245 -0.00233333 0.0682566 
0.339825 0.433754 -0.00183966 -0.00263001 0.0720983 
0.352411 0.449819 -0.00204022 -0.00291365 0.0760188 
0.364997 0.465884 -0.00223568 -0.0032175 0.0800307 
0.377583 0.481949 -0.00244818 -0.00355648 0.0841742 
0.390169 0.498014 -0.00267661 -0.00392975 0.0884471 
0.402755 0.514079 -0.00291942 -0.00433091 0.0928363 
0.415341 0.530144 -0.00317623 -0.0047467 0.0973534 
0.427927 0.546209 -0.00344736 -0.00518672 0.101997 
0.440513 0.562274 -0.00373134 -0.00564867 0.106755 
0.4531 0.578339 -0.00402672 -0.00613027 0.111613 
0.465686 0.594404 -0.00433209 -0.00662929 0.116554 
0.478272 0.610469 -0.00464606 -0.00714356 0.121565 
0.490858 0.626534 -0.00496727 -0.00767095 0.126631 
0.503444 0.642599 -0.0052944 -0.00820937 0.131739 
0.51603 0.658664 -0.00562614 -0.00875678 0.136878 
0.528616 0.674729 -0.00596122 -0.00931117 0.142037 
0.541202 0.690794 -0.00629839 -0.00987058 0.147206 
0.553788 0.706859 -0.00663642 -0.0104331 0.152377 
0.566374 0.722924 -0.00697412 -0.0109968 0.157541 
0.578961 0.738989 -0.00731031 -0.0115599 0.16269 
0.591547 0.755054 -0.00764384 -0.0121205 0.167817 
0.604133 0.771119 -0.00797359 -0.012677 0.172907 
0.616719 0.787183 -0.00829843 -0.0132274 0.177944 
-2.01363e-10 3.01361e-10 -1.17884e-13 3.44121e-13 1.35229e-19 
0.0115932 0.0167956 5.63101e-06 1.67713e-05 0.000398326 
0.0231863 0.0335912 8.5671e-06 2.83515e-05 0.00147782 
0.0347795 0.0503868 8.41676e-06 3.41756e-05 0.00308358 
0.0463726 0.0671824 4.78846e-06 3.3679e-05 0.00508379 
0.0579658 0.0839779 -2.70931e-06 2.62969e-05 0.00736812 
0.0695589 0.100774 -1.44681e-05 1.14644e-05 0.00984616 
0.0811521 0.117569 -3.08793e-05 -1.13832e-05 0.0124458 
0.0927453 0.134365 -5.23346e-05 -4.28106e-05 0.0151118 
0.104338 0.15116 -7.92255e-05 -8.33827e-05 0.0178039 
0.115932 0.167956 -0.000111943 -0.000133664 0.0204956 
0.127525 0.184751 -0.00015088 -0.00019422 0.0231724 
0.139118 0.201547 -0.000196427 -0.000265615 0.0258302 
0.150711 0.218343 -0.000248975 -0.000348413 0.0284736 
0.162304 0.235138 -0.000308916 -0.00044318 0.0311144 
0.173897 0.251934 -0.000376642 -0.000550481 0.0337697 
0.185491 0.268729 -0.000452544 -0.000670879 0.0364608 
0.197084 0.285525 -0.000537014 -0.00080494 0.0392109 
0.208677 0.302321 -0.000630444 -0.000953229 0.042044 
0.22027 0.319116 -0.000733223 -0.00111631 0.0449829 
0.231863 0.335912 -0.000845746 -0.00129475 0.0480479 
0.243456 0.352707 -0.000968402 -0.00148911 0.0512553 
0.255049 0.369503 -0.00110158 -0.00169996 0.0546154 
0.266643 0.386299 -0.00124568 -0.00192786 0.0581316 
0.278236 0.403094 -0.00140109 -0.00217337 0.0617984 
0.289829 0.41989 -0.00156819 -0.00243707 0.0656003 
0.301422 0.436685 -0.00175137 -0.00272553 0.0695103 
0.313015 0.453481 -0.00194691 -0.00303376 0.0734963 
0.324608 0.470276 -0.00212212 -0.00331449 0.0775647 
0.336202 0.487072 -0.00231867 -0.00362911 0.0817382 
0.347795 0.503868 -0.00253639 -0.003978 0.0860334 
0.359388 0.520663 -0.00277366 -0.00435863 0.0904585 
0.370981 0.537459 -0.0030289 -0.00476851 0.0950139 
0.382574 0.554254 -0.00330057 -0.00520521 0.0996937 
0.394167 0.57105 -0.00358716 -0.00566635 0.104488 
0.405761 0.587846 -0.00388719 -0.00614961 0.109385 
0.417354 0.604641 -0.00419922 -0.00665273 0.11437 
0.428947 0.621437 -0.00452184 -0.00717346 0.119432 
0.44054 0.638232 -0.00485366 -0.00770963 0.124559 
0.452133 0.655028 -0.00519332 -0.00825911 0.129738 
0.463726 0.671824 -0.0055395 -0.00881982 0.134962 
0.475319 0.688619 -0.0058909 -0.0093897 0.14022 
0.486913 0.705415 -0.00624626 -0.00996677 0.145507 
0.498506 0.72221 -0.00660432 -0.0105491 0.150814 
0.510099 0.739006 -0.00696387 -0.0111346 0.156137 
0.521692 0.755802 -0.00732372 -0.0117217 0.161468 
0.533285 0.772597 -0.00768269 -0.0123082 0.1668 
0.544878 0.789393 -0.00803964 -0.0128926 0.172122 
0.556472 0.806188 -0.00839345 -0.013473 0.177413 
0.568065 0.822984 -0.00874302 -0.0140477 0.182641 
-2.01363e-10 3.01361e-10 -1.17884e-13 3.44121e-13 1.35229e-19 
0.0105579 0.0174649 5.15314e-06 1.71478e-05 0.000396299 
0.0211158 0.0349298 8.00233e-06 2.83898e-05 0.00147054 
0.0316737 0.0523948 8.17495e-06 3.32528e-05 0.00306893 
0.0422317 0.0698597 5.29837e-06 3.12637e-05 0.00506067 
0.0527896 0.0873246 -1.00003e-06 2.19494e-05 0.00733637 
0.0633475 0.10479 -1.10929e-05 4.8366e-06 0.00980643 
0.0739054 0.122254 -2.53528e-05 -2.05478e-05 0.0123995 
0.0844633 0.139719 -4.41523e-05 -5.46769e-05 0.0150607 
0.0950212 0.157184 -6.78642e-05 -9.80239e-05 0.0177504 
0.105579 0.174649 -9.6861e-05 -0.000151062 0.0204422 
0.116137 0.192114 -0.000131515 -0.000214264 0.0231218 
0.126695 0.209579 -0.0001722 -0.000288104 0.0257848 
0.137253 0.227044 -0.000219287 -0.000373054 0.0284358 
0.147811 0.244509 -0.00027315 -0.000469588 0.0310862 
0.158369 0.261974 -0.000334161 -0.000578178 0.033753 
0.168927 0.279439 -0.000402692 -0.000699299 0.036457 
0.179485 0.296904 -0.000479117 -0.000833423 0.0392214 
0.190042 0.314369 -0.000563807 -0.000981023 0.0420701 
0.2006 0.331834 -0.000657136 -0.00114257 0.0450259 
0.211158 0.349298 -0.000759476 -0.00131854 0.0481093 
0.221716 0.366763 -0.0008712 -0.00150941 0.0513366 
0.232274 0.384228 -0.000992681 -0.00171565 0.0547186 
0.242832 0.401693 -0.00112429 -0.00193773 0.0582586 
0.25339 0.419158 -0.0012664 -0.00217612 0.0619511 
0.263948 0.436623 -0.00141939 -0.0024313 0.0657803 
0.274506 0.454088 -0.00162951 -0.00274935 0.0697168 
0.285064 0.471553 -0.00186168 -0.00311074 0.0737338 
0.295622 0.489018 -0.00204696 -0.0034159 0.0778397 
0.30618 0.506483 -0.00225591 -0.00375602 0.0820499 
0.316737 0.523948 -0.00247963 -0.00411204 0.0863698 
0.327295 0.541413 -0.00272154 -0.00449526 0.0908188 
0.337853 0.558878 -0.00298192 -0.0049076 0.0953993 
0.348411 0.576342 -0.00325921 -0.00534663 0.100106 
0.358969 0.593807 -0.00355192 -0.00580997 0.10493 
0.369527 0.611272 -0.00385857 -0.00629529 0.109859 
0.380085 0.628737 -0.00417772 -0.00680031 0.114879 
0.390643 0.646202 -0.00450794 -0.00732279 0.119977 
0.401201 0.663667 -0.00484786 -0.00786056 0.12514 
0.411759 0.681132 -0.00519613 -0.00841148 0.130356 
0.422317 0.698597 -0.00555141 -0.00897344 0.135614 
0.432874 0.716062 -0.0059124 -0.0095444 0.140905 
0.443432 0.733527 -0.00627785 -0.0101224 0.146219 
0.45399 0.750992 -0.0066465 -0.0107053 0.151549 
0.464548 0.768457 -0.00701712 -0.0112914 0.156888 
0.475106 0.785922 -0.00738854 -0.0118787 0.16223 
0.485664 0.803387 -0.00775957 -0.0124654 0.167568 
0.496222 0.820851 -0.00812906 -0.0130496 0.172894 
0.50678 0.838316 -0.00849591 -0.0136296 0.178193 
0.517338 0.855781 -0.00885899 -0.0142037 0.18344 
-2.01363e-10 3.01361e-10 -1.17884e-13 3.44121e-13 1.35229e-19 
0.00948415 0.0180705 4.60519e-06 1.72931e-05 0.000394528 
0.0189683 0.0361411 7.11787e-06 2.77194e-05 0.00146465 
0.0284524 0.0542116 7.24058e-06 3.10034e-05 0.00305799 
0.0379366 0.0722821 4.6759e-06 2.68695e-05 0.00504476 
0.0474207 0.0903527 -8.73626e-07 1.50418e-05 0.00731611 
0.0569049 0.108423 -9.70544e-06 -4.75514e-06 0.00978268 
0.066389 0.126494 -2.2117e-05 -3.27971e-05 0.012373 
0.0758732 0.144564 -3.84057e-05 -6.93596e-05 0.015032 
0.0853573 0.162635 -5.88691e-05 -0.000114718 0.0177193 
0.0948415 0.180705 -8.38045e-05 -0.000169149 0.0204078 
0.104326 0.198776 -0.000113509 -0.000232927 0.0230824 
0.11381 0.216846 -0.000148281 -0.000306329 0.0257377 
0.123294 0.234917 -0.000188417 -0.000389629 0.0283773 
0.132778 0.252987 -0.000234216 -0.000483104 0.0310116 
0.142262 0.271058 -0.000285973 -0.00058703 0.0336568 
0.151746 0.289128 -0.000343987 -0.000701681 0.0363329 
0.16123 0.307199 -0.000408555 -0.000827333 0.0390622 
0.170715 0.32527 -0.000479975 -0.000964263 0.0418683 
0.180199 0.34334 -0.000558544 -0.00111275 0.0447737 
0.189683 0.361411 -0.00064456 -0.00127306 0.047799 
0.199167 0.379481 -0.000738319 -0.00144547 0.0509609 
0.208651 0.397552 -0.00084012 -0.00163027 0.0542708 
0.218135 0.415622 -0.000950259 -0.00182772 0.0577332 
0.22762 0.433693 -0.00106904 -0.0020381 0.0613444 
0.237104 0.451763 -0.00122799 -0.00228656 0.0650872 
0.246588 0.469834 -0.00142897 -0.00259185 0.0689252 
0.256072 0.487904 -0.00163214 -0.00293039 0.0728542 
0.265556 0.505975 -0.00183338 -0.00329167 0.0768753 
0.27504 0.524045 -0.00202693 -0.00360715 0.0809929 
0.284524 0.542116 -0.0022425 -0.00395421 0.0852393 
0.294009 0.560186 -0.00247897 -0.00433102 0.0896215 
0.303493 0.578257 -0.00273514 -0.00473569 0.0941295 
0.312977 0.596328 -0.00300981 -0.00516625 0.0987513 
0.322461 0.614398 -0.0033017 -0.00562066 0.103477 
0.331945 0.632469 -0.00360747 -0.00609488 0.1083 
0.341429 0.650539 -0.00392091 -0.00658301 0.113222 
0.350913 0.66861 -0.00424566 -0.00708814 0.118232 
0.360398 0.68668 -0.00458031 -0.00760809 0.123315 
0.369882 0.704751 -0.00492352 -0.0081407 0.128454 
0.379366 0.722821 -0.00527395 -0.00868387 0.133635 
0.38885 0.740892 -0.00563029 -0.00923553 0.138843 
0.398334 0.758962 -0.00599127 -0.00979366 0.144068 
0.407818 0.777033 -0.00635562 -0.0103563 0.149297 
0.417302 0.795103 -0.00672211 -0.0109214 0.15452 
0.426787 0.813174 -0.00708955 -0.0114872 0.15973 
0.436271 0.831244 -0.00745673 -0.0120518 0.164921 
0.445755 0.849315 -0.00782252 -0.0126133 0.170088 
0.455239 0.867386 -0.00818575 -0.0131699 0.175228 
0.464723 0.885456 -0.00854533 -0.0137198 0.180336 
-2.01363e-10 3.01361e-10 -1.17884e-13 3.44121e-13 1.35229e-19 
0.00837577 0.0186102 4.04837e-06 1.74089e-05 0.000393001 
0.0167515 0.0372204 6.23172e-06 2.708e-05 0.00145995 
0.0251273 0.0558306 6.31764e-06 2.89321e-05 0.00305005 
0.0335031 0.0744408 4.07373e-06 2.28838e-05 0.00503439 
0.0418789 0.093051 -7.32394e-07 8.85397e-06 0.00730447 
0.0502546 0.111661 -8.33314e-06 -1.32387e-05 0.00977072 
0.0586304 0.130271 -1.89609e-05 -4.34754e-05 0.012361 
0.0670062 0.148882 -3.28481e-05 -8.19375e-05 0.0150193 
0.0753819 0.167492 -5.02271e-05 -0.000128706 0.0177039 
0.0837577 0.186102 -7.13303e-05 -0.000183863 0.0203863 
0.0921335 0.204712 -9.63901e-05 -0.000247488 0.0230496 
0.100509 0.223322 -0.000125639 -0.000319664 0.0256868 
0.108885 0.241933 -0.000159309 -0.000400471 0.0282998 
0.117261 0.260543 -0.000197633 -0.000489991 0.0308975 
0.125637 0.279153 -0.000240843 -0.000588306 0.0334946 
0.134012 0.297763 -0.000289172 -0.000695495 0.0361097 
0.142388 0.316373 -0.000342852 -0.000811641 0.0387647 
0.150764 0.334984 -0.000402115 -0.000936825 0.0414822 
0.15914 0.353594 -0.000467194 -0.00107113 0.044285 
0.167515 0.372204 -0.000538321 -0.00121463 0.0471942 
0.175891 0.390814 -0.000615729 -0.00136742 0.0502274 
0.184267 0.409424 -0.00069965 -0.00152956 0.0533981 
0.192643 0.428035 -0.000790316 -0.00170116 0.0567134 
0.201019 0.446645 -0.000898216 -0.00188823 0.060172 
0.209394 0.465255 -0.00106116 -0.00212424 0.0637354 
0.21777 0.483865 -0.00122518 -0.00238716 0.0673874 
0.226146 0.502475 -0.00138925 -0.00267796 0.0711314 
0.234522 0.521086 -0.00155233 -0.00299758 0.0749703 
0.242897 0.539696 -0.0017134 -0.00334699 0.0789062 
0.251273 0.558306 -0.00189787 -0.00366505 0.082938 
0.259649 0.576916 -0.00210418 -0.00400239 0.0870906 
0.268025 0.595526 -0.00232893 -0.00436576 0.0913819 
0.2764 0.614137 -0.00257097 -0.00475334 0.0958046 
0.284776 0.632747 -0.0028291 -0.00516324 0.100343 
0.293152 0.651357 -0.00310211 -0.00559353 0.10498 
0.301528 0.669967 -0.00338874 -0.00604223 0.109704 
0.309904 0.688577 -0.00368769 -0.00650731 0.114503 
0.318279 0.707188 -0.00399764 -0.00698667 0.119368 
0.326655 0.725798 -0.00431723 -0.00747817 0.124287 
0.335031 0.744408 -0.00464506 -0.00797959 0.129247 
0.343407 0.763018 -0.00497968 -0.00848868 0.134232 
0.351782 0.781628 -0.00531962 -0.00900309 0.139226 
0.360158 0.800239 -0.00566336 -0.00952044 0.144214 
0.368534 0.818849 -0.00600582 -0.0100439 0.149189 
0.37691 0.837459 -0.0063486 -0.0105674 0.154149 
0.385285 0.856069 -0.00669069 -0.0110886 0.159087 
0.393661 0.874679 -0.0070309 -0.0116058 0.163998 
0.402037 0.89329 -0.00736807 -0.0121171 0.168882 
0.410413 0.9119 -0.00770104 -0.0126206 0.173743 
-2.01363e-10 3.01361e-10 -1.17884e-13 3.44121e-13 1.35229e-19 
0.00723683 0.019082 3.48391e-06 1.74998e-05 0.000391709 
0.0144737 0.0381639 5.34415e-06 2.64893e-05 0.00145628 
0.0217105 0.0572459 5.40342e-06 2.70717e-05 0.00304451 
0.0289473 0.0763279 3.48444e-06 1.93503e-05 0.00502827 
0.0361842 0.0954098 -5.90103e-07 3.4286e-06 0.00729915 
0.043421 0.114492 -6.99748e-06 -2.05902e-05 0.00976704 
0.0506578 0.133574 -1.5915e-05 -5.26027e-05 0.0123588 
0.0578947 0.152656 -2.75199e-05 -9.25057e-05 0.0150169 
0.0651315 0.171738 -4.19896e-05 -0.000140196 0.0176979 
0.0723683 0.19082 -5.95012e-05 -0.000195569 0.0203714 
0.0796052 0.209902 -8.02322e-05 -0.000258524 0.0230182 
0.086842 0.228984 -0.00010436 -0.000328955 0.0256293 
0.0940788 0.248066 -0.000132061 -0.00040676 0.0282044 
0.101316 0.267147 -0.000163514 -0.000491835 0.0307506 
0.108553 0.286229 -0.000198895 -0.000584078 0.0332807 
0.115789 0.305311 -0.000238382 -0.000683384 0.0358124 
0.123026 0.324393 -0.000282152 -0.000789651 0.0383664 
0.130263 0.343475 -0.000330382 -0.000902775 0.0409652 
0.1375 0.362557 -0.00038325 -0.00102265 0.0436319 
0.144737 0.381639 -0.000440932 -0.00114918 0.0463886 
0.151974 0.400721 -0.000503607 -0.00128226 0.049255 
0.15921 0.419803 -0.000571452 -0.00142178 0.0522472 
0.166447 0.438885 -0.000644643 -0.00156763 0.0553764 
0.173684 0.457967 -0.000762359 -0.00173943 0.0586275 
0.180921 0.477049 -0.000893675 -0.00193703 0.0619564 
0.188158 0.496131 -0.00102453 -0.00215654 0.0653658 
0.195395 0.515213 -0.00115394 -0.00239866 0.0688599 
0.202631 0.534295 -0.00128094 -0.00266406 0.072442 
0.209868 0.553377 -0.00140455 -0.0029534 0.076115 
0.217105 0.572459 -0.0015238 -0.00326738 0.079881 
0.224342 0.591541 -0.00166095 -0.00358696 0.0837424 
0.231579 0.610623 -0.00184374 -0.00390011 0.087714 
0.238816 0.629705 -0.00204193 -0.00423542 0.091809 
0.246052 0.648787 -0.00225438 -0.00459114 0.0960199 
0.253289 0.667869 -0.00247991 -0.00496549 0.10033 
0.260526 0.686951 -0.00271736 -0.00535667 0.104722 
0.267763 0.706033 -0.00296549 -0.00576284 0.109182 
0.275 0.725115 -0.0032231 -0.00618211 0.113698 
0.282237 0.744197 -0.00348892 -0.00661258 0.118261 
0.289473 0.763279 -0.00376167 -0.00705231 0.122864 
0.29671 0.782361 -0.00404006 -0.0074993 0.127496 
0.303947 0.801442 -0.00432276 -0.00795154 0.13215 
0.311184 0.820524 -0.00460841 -0.00840697 0.136812 
0.318421 0.839606 -0.00489564 -0.00886349 0.141471 
0.325658 0.858688 -0.00518305 -0.00931897 0.146116 
0.332894 0.87777 -0.0054692 -0.00977121 0.150737 
0.340131 0.896852 -0.00575264 -0.010218 0.155332 
0.347368 0.915934 -0.00603188 -0.0106571 0.159902 
0.354605 0.935016 -0.00630539 -0.0110861 0.164455 
-2.01363e-10 3.01361e-10 -1.17884e-13 3.44121e-13 1.35229e-19 
0.00607149 0.0194841 2.91298e-06 1.75697e-05 0.00039064 
0.012143 0.0389682 4.45537e-06 2.59626e-05 0.00145348 
0.0182145 0.0584523 4.49563e-06 2.54504e-05 0.00304082 
0.024286 0.0779364 2.90221e-06 1.63049e-05 0.00502519 
0.0303575 0.0974205 -4.56424e-07 -1.20223e-06 0.00729809 
0.0364289 0.116905 -5.71182e-06 -2.67993e-05 0.00976868 
0.0425004 0.136389 -1.29955e-05 -6.02146e-05 0.0123626 
0.0485719 0.155873 -2.24391e-05 -0.000101176 0.0150205 
0.0546434 0.175357 -3.4174e-05 -0.000149413 0.017697 
0.0607149 0.194841 -4.83319e-05 -0.000204652 0.0203595 
0.0667864 0.214325 -6.50443e-05 -0.000266623 0.0229864 
0.0728579 0.233809 -8.44426e-05 -0.000335054 0.0255666 
0.0789294 0.253293 -0.000106659 -0.000409672 0.0280974 
0.0850009 0.272777 -0.000131824 -0.000490207 0.0305838 
0.0910724 0.292261 -0.000160069 -0.000576386 0.0330373 
0.0971439 0.311746 -0.000191527 -0.000667937 0.035474 
0.103215 0.33123 -0.000226329 -0.00076459 0.0379142 
0.109287 0.350714 -0.000264606 -0.000866072 0.0403801 
0.115358 0.370198 -0.000306489 -0.000972112 0.0428958 
0.12143 0.389682 -0.000352112 -0.00108244 0.0454847 
0.127501 0.409166 -0.000401604 -0.00119678 0.0481692 
0.133573 0.42865 -0.000455097 -0.00131486 0.050969 
0.139644 0.448134 -0.000523185 -0.00143891 0.0538977 
0.145716 0.467618 -0.000626742 -0.0015825 0.0569078 
0.151787 0.487102 -0.000729747 -0.00174292 0.0599804 
0.157859 0.506587 -0.000831325 -0.0019206 0.0631207 
0.16393 0.526071 -0.000930602 -0.00211596 0.0663326 
0.170002 0.545555 -0.0010267 -0.00232941 0.0696196 
0.176073 0.565039 -0.00111875 -0.00256139 0.0729843 
0.182145 0.584523 -0.00120588 -0.0028123 0.076429 
0.188216 0.604007 -0.0012872 -0.00308257 0.0799553 
0.194288 0.623491 -0.00136186 -0.00337262 0.0835647 
0.200359 0.642975 -0.0014816 -0.00366243 0.0872679 
0.206431 0.662459 -0.00164151 -0.00395835 0.0910938 
0.212502 0.681943 -0.00181228 -0.00427094 0.0950232 
0.218574 0.701428 -0.00199277 -0.00459855 0.0990324 
0.224645 0.720912 -0.00218184 -0.00493951 0.103103 
0.230717 0.740396 -0.00237832 -0.00529212 0.107221 
0.236788 0.75988 -0.00258104 -0.00565466 0.111379 
0.24286 0.779364 -0.00278882 -0.00602542 0.115571 
0.248931 0.798848 -0.00300044 -0.00640263 0.11979 
0.255003 0.818332 -0.0032147 -0.00678453 0.124026 
0.261074 0.837816 -0.00343037 -0.00716933 0.128268 
0.267146 0.8573 -0.0036462 -0.00755521 0.1325 
0.273217 0.876784 -0.00386094 -0.00794035 0.136708 
0.279289 0.896269 -0.00407331 -0.00832289 0.14088 
0.28536 0.915753 -0.00428203 -0.00870096 0.145016 
0.291432 0.935237 -0.0044858 -0.00907267 0.149132 
0.297503 0.954721 -0.00468329 -0.0094361 0.153271 
-2.01363e-10 3.01361e-10 -1.17884e-13 3.44121e-13 1.35229e-19 
0.00488399 0.0198151 2.33671e-06 1.7622e-05 0.000389782 
0.00976799 0.0396303 3.56557e-06 2.55133e-05 0.0014514 
0.014652 0.0594454 3.59237e-06 2.40921e-05 0.0030385 
0.019536 0.0792606 2.3229e-06 1.37765e-05 0.00502414 
0.02442 0.0990757 -3.37045e-07 -5.01529e-06 0.00729958 
0.029304 0.118891 -4.48168e-06 -3.18652e-05 0.00977319 
0.034188 0.138706 -1.02052e-05 -6.63552e-05 0.0123692 
0.0390719 0.158521 -1.76019e-05 -0.000108067 0.0150267 
0.0439559 0.178336 -2.67658e-05 -0.000156582 0.0176983 
0.0488399 0.198151 -3.77913e-05 -0.000211484 0.020349 
0.0537239 0.217967 -5.07725e-05 -0.000272352 0.0229551 
0.0586079 0.237782 -6.58037e-05 -0.00033877 0.0255031 
0.0634919 0.257597 -8.2979e-05 -0.000410319 0.0279884 
0.0683759 0.277412 -0.000102393 -0.000486581 0.0304141 
0.0732599 0.297227 -0.000124139 -0.000567139 0.03279 
0.0781439 0.317042 -0.000148312 -0.000651573 0.0351313 
0.0830279 0.336857 -0.000175006 -0.000739465 0.0374578 
0.0879119 0.356673 -0.000204315 -0.000830398 0.039792 
0.0927959 0.376488 -0.000236334 -0.000923954 0.0421588 
0.0976799 0.396303 -0.000271156 -0.00101971 0.0445835 
0.102564 0.416118 -0.000308876 -0.00111726 0.0470915 
0.107448 0.435933 -0.000349588 -0.00121617 0.0497064 
0.112332 0.455748 -0.000414955 -0.00131816 0.0524305 
0.117216 0.475563 -0.000493958 -0.00143192 0.0552037 
0.1221 0.495378 -0.000571851 -0.0015586 0.0580246 
0.126984 0.515194 -0.000647892 -0.00169842 0.0608979 
0.131868 0.535009 -0.000721338 -0.00185155 0.0638273 
0.136752 0.554824 -0.000791446 -0.0020182 0.0668157 
0.141636 0.574639 -0.000857475 -0.00219858 0.0698655 
0.14652 0.594454 -0.00091868 -0.00239286 0.0729781 
0.151404 0.614269 -0.000974319 -0.00260126 0.0761548 
0.156288 0.634084 -0.00102365 -0.00282396 0.0793962 
0.161172 0.6539 -0.00106593 -0.00306118 0.0827025 
0.166056 0.673715 -0.00110041 -0.00331309 0.0860739 
0.17094 0.69353 -0.00117266 -0.00357104 0.0895216 
0.175824 0.713345 -0.00129429 -0.0038336 0.0930909 
0.180708 0.73316 -0.00142218 -0.00410783 0.0967432 
0.185592 0.752975 -0.00155522 -0.0043922 0.100444 
0.190476 0.77279 -0.00169232 -0.00468516 0.104174 
0.19536 0.792606 -0.00183234 -0.00498517 0.107925 
0.200244 0.812421 -0.00197418 -0.00529068 0.111691 
0.205128 0.832236 -0.00211669 -0.00560012 0.115465 
0.210012 0.852051 -0.00225875 -0.00591192 0.119237 
0.214896 0.871866 -0.00239922 -0.00622451 0.122987 
0.21978 0.891681 -0.00253694 -0.00653631 0.126695 
0.224664 0.911496 -0.00267078 -0.00684572 0.130342 
0.229548 0.931312 -0.00279956 -0.00715115 0.133926 
0.234432 0.951127 -0.00292214 -0.00745098 0.13748 
0.239316 0.970942 -0.00303733 -0.00774361 0.141094 
-2.01363e-10 3.01361e-10 -1.17884e-13 3.44121e-13 1.35229e-19 
0.00367867 0.0200739 1.75621e-06 1.76596e-05 0.000389127 
0.00735735 0.0401478 2.67493e-06 2.51523e-05 0.00144992 
0.011036 0.0602216 2.69216e-06 2.30159e-05 0.00303715 
0.0147147 0.0802955 1.74385e-06 1.17878e-05 0.00502423 
0.0183934 0.100369 -2.34005e-07 -7.99437e-06 0.0073022 
0.022072 0.120443 -3.30544e-06 -3.57931e-05 0.00977863 
0.0257507 0.140517 -7.53447e-06 -7.10709e-05 0.0123766 
0.0294294 0.160591 -1.29851e-05 -0.00011329 0.0150335 
0.0331081 0.180665 -1.97214e-05 -0.000161913 0.0177002 
0.0367867 0.200739 -2.78074e-05 -0.000216403 0.0203397 
0.0404654 0.220813 -3.73071e-05 -0.000276221 0.0229265 
0.0441441 0.240887 -4.82845e-05 -0.000340831 0.0254449 
0.0478228 0.26096 -6.08037e-05 -0.000409694 0.0278885 
0.0515014 0.281034 -7.49286e-05 -0.000482274 0.030259 
0.0551801 0.301108 -9.07234e-05 -0.000558032 0.0325648 
0.0588588 0.321182 -0.000108252 -0.000636432 0.0348204 
0.0625375 0.341256 -0.000127578 -0.000716934 0.0370452 
0.0662161 0.36133 -0.000148767 -0.000799003 0.0392621 
0.0698948 0.381404 -0.000171881 -0.0008821 0.041497 
0.0735735 0.401478 -0.000196985 -0.000965689 0.0437773 
0.0772522 0.421551 -0.000224143 -0.00104923 0.0461309 
0.0809308 0.441625 -0.000253419 -0.00113219 0.0485854 
0.0846095 0.461699 -0.000308369 -0.00121186 0.0511209 
0.0882882 0.481773 -0.000365247 -0.00130047 0.0536851 
0.0919669 0.501847 -0.000420889 -0.00139877 0.0562826 
0.0956455 0.521921 -0.000474714 -0.00150679 0.0589175 
0.0993242 0.541995 -0.000526136 -0.00162453 0.0615932 
0.103003 0.562069 -0.000574575 -0.00175201 0.0643119 
0.106682 0.582142 -0.000619447 -0.00188925 0.0670752 
0.11036 0.602216 -0.000660168 -0.00203625 0.069884 
0.114039 0.62229 -0.000696157 -0.00219304 0.0727386 
0.117718 0.642364 -0.00072683 -0.00235963 0.0756388 
0.121396 0.662438 -0.000751603 -0.00253604 0.0785838 
0.125075 0.682512 -0.000769895 -0.00272227 0.0815728 
0.128754 0.702586 -0.000781123 -0.00291835 0.0846044 
0.132432 0.72266 -0.000784702 -0.00312428 0.0876773 
0.136111 0.742733 -0.000780051 -0.00334009 0.09079 
0.13979 0.762807 -0.000848753 -0.00356002 0.0939776 
0.143468 0.782881 -0.000924515 -0.00378701 0.0972411 
0.147147 0.802955 -0.00100116 -0.00402001 0.100532 
0.150826 0.823029 -0.00107763 -0.00425763 0.103828 
0.154504 0.843103 -0.00115287 -0.0044985 0.107117 
0.158183 0.863177 -0.00122583 -0.00474123 0.110393 
0.161862 0.883251 -0.00129546 -0.00498445 0.113645 
0.16554 0.903324 -0.0013607 -0.00522678 0.116856 
0.169219 0.923398 -0.00142051 -0.00546684 0.120007 
0.172898 0.943472 -0.00147382 -0.00570326 0.12309 
0.176576 0.963546 -0.00151959 -0.00593466 0.126128 
0.180255 0.98362 -0.00155676 -0.00615969 0.12921 
-2.01363e-10 3.01361e-10 -1.17884e-13 3.44121e-13 1.35229e-19 
0.00245993 0.0202594 1.17255e-06 1.76847e-05 0.000388666 
0.00491986 0.0405187 1.78365e-06 2.48883e-05 0.00144894 
0.0073798 0.0607781 1.79387e-06 2.22367e-05 0.00303642 
0.00983973 0.0810375 1.16374e-06 1.03557e-05 0.00502479 
0.0122997 0.101297 -1.46186e-07 -1.01287e-05 0.00730485 
0.0147596 0.121556 -2.17536e-06 -3.85908e-05 0.00978353 
0.0172195 0.141816 -4.96323e-06 -7.44045e-05 0.0123829 
0.0196795 0.162075 -8.54925e-06 -0.000116944 0.0150392 
0.0221394 0.182334 -1.29729e-05 -0.000165584 0.0177018 
0.0245993 0.202594 -1.82736e-05 -0.000219697 0.0203323 
0.0270593 0.222853 -2.44907e-05 -0.000278659 0.0229033 
0.0295192 0.243112 -3.16639e-05 -0.000341843 0.025398 
0.0319791 0.263372 -3.98324e-05 -0.000408623 0.0278083 
0.0344391 0.283631 -4.90358e-05 -0.000478374 0.0301349 
0.036899 0.30389 -5.93136e-05 -0.000550469 0.0323852 
0.0393589 0.32415 -7.0705e-05 -0.000624283 0.0345731 
0.0418188 0.344409 -8.32498e-05 -0.00069919 0.0367179 
0.0442788 0.364669 -9.69871e-05 -0.000774564 0.0388429 
0.0467387 0.384928 -0.000111957 -0.00084978 0.040975 
0.0491986 0.405187 -0.000128198 -0.00092421 0.043143 
0.0516586 0.425447 -0.00014575 -0.000997229 0.0453774 
0.0541185 0.445706 -0.00016659 -0.00106694 0.0477081 
0.0565784 0.465965 -0.000203949 -0.0011291 0.0500923 
0.0590384 0.486225 -0.000240689 -0.00119867 0.0524933 
0.0614983 0.506484 -0.000276408 -0.00127553 0.0549158 
0.0639582 0.526743 -0.000310705 -0.00135954 0.0573634 
0.0664182 0.547003 -0.000343179 -0.00145059 0.0598388 
0.0688781 0.567262 -0.000373429 -0.00154857 0.0623438 
0.071338 0.587522 -0.000401053 -0.00165334 0.0648793 
0.073798 0.607781 -0.00042565 -0.0017648 0.0674454 
0.0762579 0.62804 -0.00044682 -0.00188281 0.0700418 
0.0787178 0.6483 -0.00046416 -0.00200727 0.0726673 
0.0811778 0.668559 -0.00047727 -0.00213804 0.0753205 
0.0836377 0.688818 -0.000485748 -0.002275 0.0779992 
0.0860976 0.709078 -0.000489194 -0.00241805 0.0807014 
0.0885576 0.729337 -0.000487205 -0.00256705 0.0834245 
0.0910175 0.749596 -0.000479382 -0.00272188 0.0861657 
0.0934774 0.769856 -0.000465322 -0.00288244 0.0889225 
0.0959374 0.790115 -0.000444624 -0.00304858 0.0916919 
0.0983973 0.810375 -0.000416888 -0.0032202 0.0944715 
0.100857 0.830634 -0.000428913 -0.00339892 0.0972732 
0.103317 0.850893 -0.0004491 -0.00358109 0.100096 
0.105777 0.871153 -0.000465525 -0.0037649 0.102909 
0.108237 0.891412 -0.000477214 -0.00394915 0.105698 
0.110697 0.911671 -0.000483197 -0.00413265 0.108455 
0.113157 0.931931 -0.00048251 -0.00431421 0.111174 
0.115617 0.95219 -0.000474191 -0.00449263 0.113846 
0.118077 0.97245 -0.000457284 -0.00466675 0.116473 
0.120537 0.992709 -0.000430838 -0.00483539 0.119093 
-2.01363e-10 3.01361e-10 -1.17884e-13 3.44121e-13 1.35229e-19 
0.00123221 0.0203709 5.86795e-07 1.76992e-05 0.000388392 
0.00246443 0.0407419 8.91937e-07 2.47275e-05 0.00144839 
0.00369664 0.0611128 8.96685e-07 2.1765e-05 0.00303608 
0.00492886 0.0814837 5.82296e-07 9.49189e-06 0.00502532 
0.00616107 0.101855 -6.99704e-08 -1.14117e-05 0.00730675 
0.00739329 0.122226 -1.07886e-06 -4.02657e-05 0.00978688 
0.0086255 0.142597 -2.4631e-06 -7.639e-05 0.0123871 
0.00985771 0.162967 -4.24145e-06 -0.000119104 0.015043 
0.0110899 0.183338 -6.43265e-06 -0.000167729 0.0177028 
0.0123221 0.203709 -9.05543e-06 -0.000221583 0.0203273 
0.0135544 0.22408 -1.21285e-05 -0.000279987 0.0228882 
0.0147866 0.244451 -1.56707e-05 -0.000342261 0.0253675 
0.0160188 0.264822 -1.97007e-05 -0.000407724 0.0277565 
0.017251 0.285193 -2.42373e-05 -0.000475697 0.0300548 
0.0184832 0.305564 -2.92991e-05 -0.000545499 0.0322695 
0.0197154 0.325935 -3.4905e-05 -0.00061645 0.0344143 
0.0209476 0.346306 -4.10736e-05 -0.00068787 0.0365081 
0.0221799 0.366677 -4.78238e-05 -0.000759079 0.0385747 
0.0234121 0.387048 -5.51742e-05 -0.000829397 0.0406415 
0.0246443 0.407419 -6.31437e-05 -0.000898143 0.0427386 
0.0258765 0.42779 -7.17508e-05 -0.000964638 0.0448978 
0.0271087 0.44816 -8.30567e-05 -0.00102494 0.047149 
0.0283409 0.468531 -0.000101429 -0.00107666 0.049437 
0.0295731 0.488902 -0.000119436 -0.00113437 0.0517343 
0.0308054 0.509273 -0.000136872 -0.00119787 0.0540454 
0.0320376 0.529644 -0.000153533 -0.00126696 0.0563735 
0.0332698 0.550015 -0.000169214 -0.00134143 0.058721 
0.034502 0.570386 -0.000183712 -0.00142108 0.0610891 
0.0357342 0.590757 -0.000196822 -0.0015057 0.0634783 
0.0369664 0.611128 -0.000208339 -0.0015951 0.0658883 
0.0381986 0.631499 -0.000218058 -0.00168907 0.0683181 
0.0394309 0.65187 -0.000225777 -0.0017874 0.0707661 
0.0406631 0.672241 -0.000231289 -0.0018899 0.07323 
0.0418953 0.692612 -0.000234391 -0.00199635 0.0757074 
0.0431275 0.712983 -0.000234878 -0.00210655 0.0781951 
0.0443597 0.733353 -0.000232546 -0.00222031 0.08069 
0.0455919 0.753724 -0.00022719 -0.00233741 0.0831885 
0.0468241 0.774095 -0.000218606 -0.00245765 0.085687 
0.0480564 0.794466 -0.000206589 -0.00258084 0.0881819 
0.0492886 0.814837 -0.000190936 -0.00270675 0.0906695 
0.0505208 0.835208 -0.000171441 -0.0028352 0.0931465 
0.051753 0.855579 -0.000147901 -0.00296598 0.0956094 
0.0529852 0.87595 -0.00012011 -0.00309889 0.0980554 
0.0542174 0.896321 -8.78641e-05 -0.00323371 0.100482 
0.0554496 0.916692 -5.59258e-05 -0.00337523 0.102885 
0.0566819 0.937063 -1.72422e-05 -0.00351613 0.105259 
0.0579141 0.957434 2.95909e-05 -0.00365486 0.107602 
0.0591463 0.977805 8.54409e-05 -0.00379042 0.109912 
0.0603785 0.998176 0.000151167 -0.0039218 0.112189 
-2.01363e-10 3.01361e-10 -1.17884e-13 3.44121e-13 1.35229e-19 
-2.59142e-10 0.0204082 -8.11641e-14 1.77039e-05 0.000388301 
-1.7134e-10 0.0408163 2.29414e-14 2.46734e-05 0.00144821 
-8.35385e-11 0.0612245 1.08e-13 2.16071e-05 0.00303599 
4.26349e-12 0.0816327 1.72806e-13 9.20319e-06 0.00502554 
9.20655e-11 0.102041 2.16156e-13 -1.18398e-05 0.00730744 
1.79867e-10 0.122449 2.36843e-13 -4.08234e-05 0.00978806 
-1.13028e-10 0.142857 3.42033e-13 -7.70493e-05 0.0123886 
-4.91722e-11 0.163265 3.78951e-13 -0.000119819 0.0150443 
1.82266e-10 0.183673 3.0176e-13 -0.000168434 0.0177032 
1.1841e-10 0.204082 3.71033e-13 -0.000222196 0.0203256 
5.45539e-11 0.22449 4.61189e-13 -0.000280407 0.022883 
-9.30217e-12 0.244898 5.73286e-13 -0.000342368 0.0253569 
-7.31583e-11 0.265306 7.08384e-13 -0.000407381 0.0277385 
-1.37014e-10 0.285714 8.67543e-13 -0.000474747 0.0300271 
1.47968e-10 0.306122 5.01461e-13 -0.000543769 0.0322296 
5.21838e-11 0.326531 7.03973e-13 -0.000613747 0.0343595 
3.52129e-10 0.346939 1.72095e-13 -0.000683982 0.0364358 
2.24417e-10 0.367347 4.43e-13 -0.000753778 0.0384824 
9.6705e-11 0.387755 7.65285e-13 -0.000822435 0.0405269 
-3.10072e-11 0.408163 1.14096e-12 -0.000889255 0.0425997 
-1.58719e-10 0.428571 1.57205e-12 -0.00095354 0.0447334 
-1.12569e-10 0.44898 1.53726e-12 -0.00101054 0.046957 
-6.16733e-11 0.469388 1.43221e-12 -0.00105871 0.0492121 
-1.07774e-11 0.489796 1.28292e-12 -0.00111239 0.0514739 
4.01184e-11 0.510204 1.09692e-12 -0.00117136 0.0537468 
9.10142e-11 0.530612 8.81723e-13 -0.00123538 0.0560339 
1.4191e-10 0.55102 6.44834e-13 -0.00130423 0.0583374 
-5.53737e-11 0.571429 1.70711e-12 -0.00137766 0.0606583 
-5.53736e-11 0.591837 1.77182e-12 -0.00145546 0.0629971 
-5.53735e-11 0.612245 1.836e-12 -0.00153739 0.0653533 
7.95768e-11 0.632653 1.13516e-12 -0.00162321 0.0677256 
5.4129e-11 0.653061 1.33814e-12 -0.00171269 0.0701122 
2.86811e-11 0.673469 1.54287e-12 -0.00180561 0.0725107 
3.23329e-12 0.693878 1.74413e-12 -0.00190173 0.0749183 
-2.22146e-11 0.714286 1.9367e-12 -0.00200081 0.0773317 
-4.76624e-11 0.734694 2.11535e-12 -0.00210264 0.0797474 
-7.31103e-11 0.755102 2.27486e-12 -0.00220696 0.0821616 
-9.87252e-11 0.77551 2.41078e-12 -0.00231357 0.0845704 
-1.75069e-10 0.795918 2.72933e-12 -0.00242221 0.0869698 
-2.51412e-10 0.816327 2.96886e-12 -0.00253267 0.0893558 
2.9033e-10 0.836735 1.09949e-12 -0.0026447 0.0917246 
1.94901e-10 0.857143 1.52882e-12 -0.00275808 0.0940726 
9.94711e-11 0.877551 1.84943e-12 -0.00287257 0.0963963 
4.04158e-12 0.897959 2.04441e-12 -0.00298795 0.0986926 
-9.1388e-11 0.918367 2.09686e-12 -0.00310398 0.100959 
-1.86817e-10 0.938776 1.98988e-12 -0.00322043 0.103193 
-2.82247e-10 0.959184 1.70657e-12 -0.00333707 0.105394 
-3.77677e-10 0.979592 1.23004e-12 -0.00345366 0.10756 
-3.21513e-08 1 -3.07305e-10 -0.00356998 0.109692 
-2.01363e-10 3.01361e-10 -1.17884e-13 3.44121e-13 1.35229e-19 
-0.00123221 0.0203709 -5.86795e-07 1.76992e-05 0.000388392 
-0.00246443 0.0407419 -8.91937e-07 2.47275e-05 0.00144839 
-0.00369664 0.0611128 -8.96685e-07 2.1765e-05 0.00303608 
-0.00492886 0.0814837 -5.82296e-07 9.49189e-06 0.00502532 
-0.00616107 0.101855 6.99708e-08 -1.14117e-05 0.00730675 
-0.00739329 0.122226 1.07886e-06 -4.02657e-05 0.00978688 
-0.0086255 0.142597 2.46311e-06 -7.639e-05 0.0123871 
-0.00985771 0.162967 4.24146e-06 -0.000119104 0.015043 
-0.0110899 0.183338 6.43265e-06 -0.000167729 0.0177028 
-0.0123221 0.203709 9.05543e-06 -0.000221583 0.0203273 
-0.0135544 0.22408 1.21285e-05 -0.000279987 0.0228882 
-0.0147866 0.244451 1.56707e-05 -0.000342261 0.0253675 
-0.0160188 0.264822 1.97007e-05 -0.000407724 0.0277565 
-0.017251 0.285193 2.42373e-05 -0.000475697 0.0300548 
-0.0184832 0.305564 2.92991e-05 -0.000545499 0.0322695 
-0.0197154 0.325935 3.4905e-05 -0.00061645 0.0344143 
-0.0209476 0.346306 4.10736e-05 -0.00068787 0.0365081 
-0.0221799 0.366677 4.78238e-05 -0.000759079 0.0385747 
-0.0234121 0.387048 5.51742e-05 -0.000829397 0.0406415 
-0.0246443 0.407419 6.31437e-05 -0.000898143 0.0427386 
-0.0258765 0.42779 7.17508e-05 -0.000964638 0.0448978 
-0.0271087 0.44816 8.30567e-05 -0.00102494 0.047149 
-0.0283409 0.468531 0.000101429 -0.00107666 0.049437 
-0.0295731 0.488902 0.000119436 -0.00113437 0.0517343 
-0.0308054 0.509273 0.000136872 -0.00119787 0.0540454 
-0.0320376 0.529644 0.000153533 -0.00126696 0.0563735 
-0.0332698 0.550015 0.000169214 -0.00134143 0.058721 
-0.034502 0.570386 0.000183712 -0.00142108 0.0610891 
-0.0357342 0.590757 0.000196822 -0.0015057 0.0634783 
-0.0369664 0.611128 0.000208339 -0.0015951 0.0658883 
-0.0381986 0.631499 0.000218058 -0.00168907 0.0683181 
-0.0394309 0.65187 0.000225777 -0.0017874 0.0707661 
-0.0406631 0.672241 0.000231289 -0.0018899 0.07323 
-0.0418953 0.692612 0.000234391 -0.00199635 0.0757074 
-0.0431275 0.712983 0.000234878 -0.00210655 0.0781951 
-0.0443597 0.733353 0.000232546 -0.00222031 0.08069 
-0.0455919 0.753724 0.00022719 -0.00233741 0.0831885 
-0.0468241 0.774095 0.000218606 -0.00245765 0.085687 
-0.0480564 0.794466 0.000206589 -0.00258084 0.0881819 
-0.0492886 0.814837 0.000190936 -0.00270675 0.0906695 
-0.0505208 0.835208 0.000171441 -0.0028352 0.0931465 
-0.051753 0.855579 0.000147901 -0.00296598 0.0956094 
-0.0529852 0.87595 0.00012011 -0.00309889 0.0980554 
-0.0542174 0.896321 8.78641e-05 -0.00323371 0.100482 
-0.0554496 0.916692 5.59258e-05 -0.00337523 0.102885 
-0.0566819 0.937063 1.72422e-05 -0.00351613 0.105259 
-0.0579141 0.957434 -2.95909e-05 -0.00365486 0.107602 
-0.0591463 0.977805 -8.54409e-05 -0.00379042 0.109912 
-0.0603785 0.998176 -0.000151167 -0.0039218 0.112189 
-2.01363e-10 3.01361e-10 -1.17884e-13 3.44121e-13 1.35229e-19 
-0.00245993 0.0202594 -1.17255e-06 1.76847e-05 0.000388666 
-0.00491986 0.0405187 -1.78365e-06 2.48883e-05 0.00144894 
-0.0073798 0.0607781 -1.79387e-06 2.22367e-05 0.00303642 
-0.00983973 0.0810375 -1.16374e-06 1.03557e-05 0.00502479 
-0.0122997 0.101297 1.46187e-07 -1.01287e-05 0.00730485 
-0.0147596 0.121556 2.17536e-06 -3.85908e-05 0.00978353 
-0.0172195 0.141816 4.96323e-06 -7.44045e-05 0.0123829 
-0.0196795 0.162075 8.54925e-06 -0.000116944 0.0150392 
-0.0221394 0.182334 1.29729e-05 -0.000165584 0.0177018 
-0.0245993 0.202594 1.82736e-05 -0.000219697 0.0203323 
-0.0270593 0.222853 2.44907e-05 -0.000278659 0.0229033 
-0.0295192 0.243112 3.16639e-05 -0.000341843 0.025398 
-0.0319791 0.263372 3.98324e-05 -0.000408623 0.0278083 
-0.0344391 0.283631 4.90358e-05 -0.000478374 0.0301349 
-0.036899 0.30389 5.93136e-05 -0.000550469 0.0323852 
-0.0393589 0.32415 7.07051e-05 -0.000624283 0.0345731 
-0.0418188 0.344409 8.32498e-05 -0.00069919 0.0367179 
-0.0442788 0.364669 9.69871e-05 -0.000774564 0.0388429 
-0.0467387 0.384928 0.000111957 -0.00084978 0.040975 
-0.0491986 0.405187 0.000128198 -0.00092421 0.043143 
-0.0516586 0.425447 0.00014575 -0.000997229 0.0453774 
-0.0541185 0.445706 0.00016659 -0.00106694 0.0477081 
-0.0565784 0.465965 0.000203949 -0.0011291 0.0500923 
-0.0590384 0.486225 0.000240689 -0.00119867 0.0524933 
-0.0614983 0.506484 0.000276408 -0.00127553 0.0549158 
-0.0639582 0.526743 0.000310705 -0.00135954 0.0573634 
-0.0664182 0.547003 0.000343179 -0.00145059 0.0598388 
-0.0688781 0.567262 0.000373429 -0.00154857 0.0623438 
-0.071338 0.587522 0.000401053 -0.00165334 0.0648793 
-0.073798 0.607781 0.00042565 -0.0017648 0.0674454 
-0.0762579 0.62804 0.00044682 -0.00188281 0.0700418 
-0.0787178 0.6483 0.00046416 -0.00200727 0.0726673 
-0.0811778 0.668559 0.00047727 -0.00213804 0.0753205 
-0.0836377 0.688818 0.000485748 -0.002275 0.0779992 
-0.0860976 0.709078 0.000489194 -0.00241805 0.0807014 
-0.0885576 0.729337 0.000487205 -0.00256705 0.0834245 
-0.0910175 0.749596 0.000479382 -0.00272188 0.0861657 
-0.0934774 0.769856 0.000465322 -0.00288244 0.0889225 
-0.0959374 0.790115 0.000444624 -0.00304858 0.0916919 
-0.0983973 0.810375 0.000416888 -0.0032202 0.0944715 
-0.100857 0.830634 0.000428913 -0.00339892 0.0972732 
-0.103317 0.850893 0.0004491 -0.00358109 0.100096 
-0.105777 0.871153 0.000465525 -0.0037649 0.102909 
-0.108237 0.891412 0.000477214 -0.00394915 0.105698 
-0.110697 0.911671 0.000483197 -0.00413265 0.108455 
-0.113157 0.931931 0.00048251 -0.00431421 0.111174 
-0.115617 0.95219 0.000474191 -0.00449263 0.113846 
-0.118077 0.97245 0.000457284 -0.00466675 0.116473 
-0.120537 0.992709 0.000430838 -0.00483539 0.119093 
-2.01363e-10 3.01361e-10 -1.17884e-13 3.44121e-13 1.35229e-19 
-0.00367867 0.0200739 -1.75621e-06 1.76596e-05 0.000389127 
-0.00735735 0.0401478 -2.67493e-06 2.51523e-05 0.00144992 
-0.011036 0.0602216 -2.69216e-06 2.30159e-05 0.00303715 
-0.0147147 0.0802955 -1.74385e-06 1.17878e-05 0.00502423 
-0.0183934 0.100369 2.34005e-07 -7.99437e-06 0.0073022 
-0.022072 0.120443 3.30544e-06 -3.57931e-05 0.00977863 
-0.0257507 0.140517 7.53448e-06 -7.10709e-05 0.0123766 
-0.0294294 0.160591 1.29851e-05 -0.00011329 0.0150335 
-0.0331081 0.180665 1.97214e-05 -0.000161913 0.0177002 
-0.0367867 0.200739 2.78074e-05 -0.000216403 0.0203397 
-0.0404654 0.220813 3.73071e-05 -0.000276221 0.0229265 
-0.0441441 0.240887 4.82845e-05 -0.000340831 0.0254449 
-0.0478228 0.26096 6.08037e-05 -0.000409694 0.0278885 
-0.0515014 0.281034 7.49286e-05 -0.000482274 0.030259 
-0.0551801 0.301108 9.07234e-05 -0.000558032 0.0325648 
-0.0588588 0.321182 0.000108252 -0.000636432 0.0348204 
-0.0625375 0.341256 0.000127578 -0.000716934 0.0370452 
-0.0662161 0.36133 0.000148767 -0.000799003 0.0392621 
-0.0698948 0.381404 0.000171881 -0.0008821 0.041497 
-0.0735735 0.401478 0.000196985 -0.000965689 0.0437773 
-0.0772522 0.421551 0.000224143 -0.00104923 0.0461309 
-0.0809308 0.441625 0.000253419 -0.00113219 0.0485854 
-0.0846095 0.461699 0.000308369 -0.00121186 0.0511209 
-0.0882882 0.481773 0.000365247 -0.00130047 0.0536851 
-0.0919669 0.501847 0.000420889 -0.00139877 0.0562826 
-0.0956455 0.521921 0.000474714 -0.00150679 0.0589175 
-0.0993242 0.541995 0.000526136 -0.00162453 0.0615932 
-0.103003 0.562069 0.000574575 -0.00175201 0.0643119 
-0.106682 0.582142 0.000619447 -0.00188925 0.0670752 
-0.11036 0.602216 0.000660168 -0.00203625 0.069884 
-0.114039 0.62229 0.000696157 -0.00219304 0.0727386 
-0.117718 0.642364 0.00072683 -0.00235963 0.0756388 
-0.121396 0.662438 0.000751603 -0.00253604 0.0785838 
-0.125075 0.682512 0.000769895 -0.00272227 0.0815728 
-0.128754 0.702586 0.000781123 -0.00291835 0.0846044 
-0.132432 0.72266 0.000784702 -0.00312428 0.0876773 
-0.136111 0.742733 0.000780051 -0.00334009 0.09079 
-0.13979 0.762807 0.000848753 -0.00356002 0.0939776 
-0.143468 0.782881 0.000924515 -0.00378701 0.0972411 
-0.147147 0.802955 0.00100116 -0.00402001 0.100532 
-0.150826 0.823029 0.00107763 -0.00425763 0.103828 
-0.154504 0.843103 0.00115287 -0.0044985 0.107117 
-0.158183 0.863177 0.00122583 -0.00474123 0.110393 
-0.161862 0.883251 0.00129546 -0.00498445 0.113645 
-0.16554 0.903324 0.0013607 -0.00522678 0.116856 
-0.169219 0.923398 0.00142051 -0.00546684 0.120007 
-0.172898 0.943472 0.00147382 -0.00570326 0.12309 
-0.176576 0.963546 0.00151959 -0.00593466 0.126128 
-0.180255 0.98362 0.00155676 -0.00615969 0.12921 
-2.01363e-10 3.01361e-10 -1.17884e-13 3.44121e-13 1.35229e-19 
-0.00488399 0.0198151 -2.33671e-06 1.7622e-05 0.000389782 
-0.00976799 0.0396303 -3.56557e-06 2.55133e-05 0.0014514 
-0.014652 0.0594454 -3.59237e-06 2.40921e-05 0.0030385 
-0.019536 0.0792606 -2.3229e-06 1.37765e-05 0.00502414 
-0.02442 0.0990757 3.37045e-07 -5.01529e-06 0.00729958 
-0.029304 0.118891 4.48168e-06 -3.18652e-05 0.00977319 
-0.034188 0.138706 1.02052e-05 -6.63552e-05 0.0123692 
-0.0390719 0.158521 1.76019e-05 -0.000108067 0.0150267 
-0.0439559 0.178336 2.67658e-05 -0.000156582 0.0176983 
-0.0488399 0.198151 3.77913e-05 -0.000211484 0.020349 
-0.0537239 0.217967 5.07725e-05 -0.000272352 0.0229551 
-0.0586079 0.237782 6.58037e-05 -0.00033877 0.0255031 
-0.0634919 0.257597 8.2979e-05 -0.000410319 0.0279884 
-0.0683759 0.277412 0.000102393 -0.000486581 0.0304141 
-0.0732599 0.297227 0.000124139 -0.000567139 0.03279 
-0.0781439 0.317042 0.000148312 -0.000651573 0.0351313 
-0.0830279 0.336857 0.000175006 -0.000739465 0.0374578 
-0.0879119 0.356673 0.000204315 -0.000830398 0.039792 
-0.0927959 0.376488 0.000236334 -0.000923954 0.0421588 
-0.0976799 0.396303 0.000271156 -0.00101971 0.0445835 
-0.102564 0.416118 0.000308876 -0.00111726 0.0470915 
-0.107448 0.435933 0.000349588 -0.00121617 0.0497064 
-0.112332 0.455748 0.000414955 -0.00131816 0.0524305 
-0.117216 0.475563 0.000493958 -0.00143192 0.0552037 
-0.1221 0.495378 0.000571851 -0.0015586 0.0580246 
-0.126984 0.515194 0.000647892 -0.00169842 0.0608979 
-0.131868 0.535009 0.000721338 -0.00185155 0.0638273 
-0.136752 0.554824 0.000791446 -0.0020182 0.0668157 
-0.141636 0.574639 0.000857475 -0.00219858 0.0698655 
-0.14652 0.594454 0.00091868 -0.00239286 0.0729781 
-0.151404 0.614269 0.000974319 -0.00260126 0.0761548 
-0.156288 0.634084 0.00102365 -0.00282396 0.0793962 
-0.161172 0.6539 0.00106593 -0.00306118 0.0827025 
-0.166056 0.673715 0.00110041 -0.00331309 0.0860739 
-0.17094 0.69353 0.00117266 -0.00357104 0.0895216 
-0.175824 0.713345 0.00129429 -0.0038336 0.0930909 
-0.180708 0.73316 0.00142218 -0.00410783 0.0967432 
-0.185592 0.752975 0.00155522 -0.0043922 0.100444 
-0.190476 0.77279 0.00169232 -0.00468516 0.104174 
-0.19536 0.792606 0.00183234 -0.00498517 0.107925 
-0.200244 0.812421 0.00197418 -0.00529068 0.111691 
-0.205128 0.832236 0.00211669 -0.00560012 0.115465 
-0.210012 0.852051 0.00225875 -0.00591192 0.119237 
-0.214896 0.871866 0.00239922 -0.00622451 0.122987 
-0.21978 0.891681 0.00253694 -0.00653631 0.126695 
-0.224664 0.911496 0.00267078 -0.00684572 0.130342 
-0.229548 0.931312 0.00279956 -0.00715115 0.133926 
-0.234432 0.951127 0.00292214 -0.00745098 0.13748 
-0.239316 0.970942 0.00303733 -0.00774361 0.141094 
-2.01363e-10 3.01361e-10 -1.17884e-13 3.44121e-13 1.35229e-19 
-0.00607149 0.0194841 -2.91298e-06 1.75697e-05 0.00039064 
-0.012143 0.0389682 -4.45537e-06 2.59626e-05 0.00145348 
-0.0182145 0.0584523 -4.49563e-06 2.54504e-05 0.00304082 
-0.024286 0.0779364 -2.90221e-06 1.63049e-05 0.00502519 
-0.0303575 0.0974205 4.56424e-07 -1.20223e-06 0.00729809 
-0.0364289 0.116905 5.71182e-06 -2.67993e-05 0.00976868 
-0.0425004 0.136389 1.29955e-05 -6.02146e-05 0.0123626 
-0.0485719 0.155873 2.24391e-05 -0.000101176 0.0150205 
-0.0546434 0.175357 3.4174e-05 -0.000149413 0.017697 
-0.0607149 0.194841 4.83319e-05 -0.000204652 0.0203595 
-0.0667864 0.214325 6.50443e-05 -0.000266623 0.0229864 
-0.0728579 0.233809 8.44426e-05 -0.000335054 0.0255666 
-0.0789294 0.253293 0.000106659 -0.000409672 0.0280974 
-0.0850009 0.272777 0.000131824 -0.000490207 0.0305838 
-0.0910724 0.292261 0.000160069 -0.000576386 0.0330373 
-0.0971439 0.311746 0.000191527 -0.000667937 0.035474 
-0.103215 0.33123 0.000226329 -0.00076459 0.0379142 
-0.109287 0.350714 0.000264606 -0.000866072 0.0403801 
-0.115358 0.370198 0.000306489 -0.000972112 0.0428958 
-0.12143 0.389682 0.000352112 -0.00108244 0.0454847 
-0.127501 0.409166 0.000401604 -0.00119678 0.0481692 
-0.133573 0.42865 0.000455097 -0.00131486 0.050969 
-0.139644 0.448134 0.000523185 -0.00143891 0.0538977 
-0.145716 0.467618 0.000626742 -0.0015825 0.0569078 
-0.151787 0.487102 0.000729747 -0.00174292 0.0599804 
-0.157859 0.506587 0.000831325 -0.0019206 0.0631207 
-0.16393 0.526071 0.000930602 -0.00211596 0.0663326 
-0.170002 0.545555 0.0010267 -0.00232941 0.0696196 
-0.176073 0.565039 0.00111875 -0.00256139 0.0729843 
-0.182145 0.584523 0.00120588 -0.0028123 0.076429 
-0.188216 0.604007 0.0012872 -0.00308257 0.0799553 
-0.194288 0.623491 0.00136186 -0.00337262 0.0835647 
-0.200359 0.642975 0.0014816 -0.00366243 0.0872679 
-0.206431 0.662459 0.00164151 -0.00395835 0.0910938 
-0.212502 0.681943 0.00181228 -0.00427094 0.0950232 
-0.218574 0.701428 0.00199277 -0.00459855 0.0990324 
-0.224645 0.720912 0.00218184 -0.00493951 0.103103 
-0.230717 0.740396 0.00237832 -0.00529212 0.107221 
-0.236788 0.75988 0.00258104 -0.00565466 0.111379 
-0.24286 0.779364 0.00278882 -0.00602542 0.115571 
-0.248931 0.798848 0.00300044 -0.00640263 0.11979 
-0.255003 0.818332 0.0032147 -0.00678453 0.124026 
-0.261074 0.837816 0.00343037 -0.00716933 0.128268 
-0.267146 0.8573 0.0036462 -0.00755521 0.1325 
-0.273217 0.876784 0.00386094 -0.00794035 0.136708 
-0.279289 0.896269 0.00407331 -0.00832289 0.14088 
-0.28536 0.915753 0.00428203 -0.00870096 0.145016 
-0.291432 0.935237 0.0044858 -0.00907267 0.149132 
-0.297503 0.954721 0.00468329 -0.0094361 0.153271 
-2.01363e-10 3.01361e-10 -1.17884e-13 3.44121e-13 1.35229e-19 
-0.00723683 0.019082 -3.48391e-06 1.74998e-05 0.000391709 
-0.0144737 0.0381639 -5.34415e-06 2.64893e-05 0.00145628 
-0.0217105 0.0572459 -5.40342e-06 2.70717e-05 0.00304451 
-0.0289473 0.0763279 -3.48443e-06 1.93503e-05 0.00502827 
-0.0361842 0.0954098 5.90104e-07 3.4286e-06 0.00729915 
-0.043421 0.114492 6.99748e-06 -2.05902e-05 0.00976704 
-0.0506578 0.133574 1.5915e-05 -5.26027e-05 0.0123588 
-0.0578947 0.152656 2.75199e-05 -9.25057e-05 0.0150169 
-0.0651315 0.171738 4.19896e-05 -0.000140196 0.0176979 
-0.0723683 0.19082 5.95012e-05 -0.000195569 0.0203714 
-0.0796052 0.209902 8.02322e-05 -0.000258524 0.0230182 
-0.086842 0.228984 0.00010436 -0.000328955 0.0256293 
-0.0940788 0.248066 0.000132061 -0.00040676 0.0282044 
-0.101316 0.267147 0.000163514 -0.000491835 0.0307506 
-0.108553 0.286229 0.000198895 -0.000584078 0.0332807 
-0.115789 0.305311 0.000238382 -0.000683384 0.0358124 
-0.123026 0.324393 0.000282152 -0.000789651 0.0383664 
-0.130263 0.343475 0.000330382 -0.000902775 0.0409652 
-0.1375 0.362557 0.00038325 -0.00102265 0.0436319 
-0.144737 0.381639 0.000440932 -0.00114918 0.0463886 
-0.151974 0.400721 0.000503607 -0.00128226 0.049255 
-0.15921 0.419803 0.000571452 -0.00142178 0.0522472 
-0.166447 0.438885 0.000644643 -0.00156763 0.0553764 
-0.173684 0.457967 0.000762359 -0.00173943 0.0586275 
-0.180921 0.477049 0.000893675 -0.00193703 0.0619564 
-0.188158 0.496131 0.00102453 -0.00215654 0.0653658 
-0.195395 0.515213 0.00115394 -0.00239866 0.0688599 
-0.202631 0.534295 0.00128094 -0.00266406 0.072442 
-0.209868 0.553377 0.00140455 -0.0029534 0.076115 
-0.217105 0.572459 0.0015238 -0.00326738 0.079881 
-0.224342 0.591541 0.00166095 -0.00358696 0.0837424 
-0.231579 0.610623 0.00184374 -0.00390011 0.087714 
-0.238816 0.629705 0.00204193 -0.00423542 0.091809 
-0.246052 0.648787 0.00225438 -0.00459114 0.0960199 
-0.253289 0.667869 0.00247991 -0.00496549 0.10033 
-0.260526 0.686951 0.00271736 -0.00535667 0.104722 
-0.267763 0.706033 0.00296549 -0.00576284 0.109182 
-0.275 0.725115 0.0032231 -0.00618211 0.113698 
-0.282237 0.744197 0.00348892 -0.00661258 0.118261 
-0.289473 0.763279 0.00376167 -0.00705231 0.122864 
-0.29671 0.782361 0.00404006 -0.0074993 0.127496 
-0.303947 0.801442 0.00432276 -0.00795154 0.13215 
-0.311184 0.820524 0.00460841 -0.00840697 0.136812 
-0.318421 0.839606 0.00489564 -0.00886349 0.141471 
-0.325658 0.858688 0.00518305 -0.00931897 0.146116 
-0.332894 0.87777 0.0054692 -0.00977121 0.150737 
-0.340131 0.896852 0.00575264 -0.010218 0.155332 
-0.347368 0.915934 0.00603188 -0.0106571 0.159902 
-0.354605 0.935016 0.00630539 -0.0110861 0.164455 
-2.01363e-10 3.01361e-10 -1.17884e-13 3.44121e-13 1.35229e-19 
-0.00837577 0.0186102 -4.04837e-06 1.74089e-05 0.000393001 
-0.0167515 0.0372204 -6.23172e-06 2.708e-05 0.00145995 
-0.0251273 0.0558306 -6.31764e-06 2.89321e-05 0.00305005 
-0.0335031 0.0744408 -4.07373e-06 2.28838e-05 0.00503439 
-0.0418789 0.093051 7.32394e-07 8.85397e-06 0.00730447 
-0.0502546 0.111661 8.33314e-06 -1.32387e-05 0.00977072 
-0.0586304 0.130271 1.89609e-05 -4.34754e-05 0.012361 
-0.0670062 0.148882 3.28481e-05 -8.19375e-05 0.0150193 
-0.0753819 0.167492 5.02271e-05 -0.000128706 0.0177039 
-0.0837577 0.186102 7.13303e-05 -0.000183863 0.0203863 
-0.0921335 0.204712 9.63901e-05 -0.000247488 0.0230496 
-0.100509 0.223322 0.000125639 -0.000319664 0.0256868 
-0.108885 0.241933 0.000159309 -0.000400471 0.0282998 
-0.117261 0.260543 0.000197633 -0.000489991 0.0308975 
-0.125637 0.279153 0.000240843 -0.000588306 0.0334946 
-0.134012 0.297763 0.000289172 -0.000695495 0.0361097 
-0.142388 0.316373 0.000342852 -0.000811641 0.0387647 
-0.150764 0.334984 0.000402115 -0.000936825 0.0414822 
-0.15914 0.353594 0.000467194 -0.00107113 0.044285 
-0.167515 0.372204 0.000538321 -0.00121463 0.0471942 
-0.175891 0.390814 0.000615729 -0.00136742 0.0502274 
-0.184267 0.409424 0.00069965 -0.00152956 0.0533981 
-0.192643 0.428035 0.000790316 -0.00170116 0.0567134 
-0.201019 0.446645 0.000898216 -0.00188823 0.060172 
-0.209394 0.465255 0.00106116 -0.00212424 0.0637354 
-0.21777 0.483865 0.00122518 -0.00238716 0.0673874 
-0.226146 0.502475 0.00138925 -0.00267796 0.0711314 
-0.234522 0.521086 0.00155233 -0.00299758 0.0749703 
-0.242897 0.539696 0.0017134 -0.00334699 0.0789062 
-0.251273 0.558306 0.00189787 -0.00366505 0.082938 
-0.259649 0.576916 0.00210418 -0.00400239 0.0870906 
-0.268025 0.595526 0.00232893 -0.00436576 0.0913819 
-0.2764 0.614137 0.00257097 -0.00475334 0.0958046 
-0.284776 0.632747 0.0028291 -0.00516324 0.100343 
-0.293152 0.651357 0.00310211 -0.00559353 0.10498 
-0.301528 0.669967 0.00338874 -0.00604223 0.109704 
-0.309904 0.688577 0.00368769 -0.00650731 0.114503 
-0.318279 0.707188 0.00399764 -0.00698667 0.119368 
-0.326655 0.725798 0.00431723 -0.00747817 0.124287 
-0.335031 0.744408 0.00464506 -0.00797959 0.129247 
-0.343407 0.763018 0.00497968 -0.00848868 0.134232 
-0.351782 0.781628 0.00531962 -0.00900309 0.139226 
-0.360158 0.800239 0.00566336 -0.00952044 0.144214 
-0.368534 0.818849 0.00600582 -0.0100439 0.149189 
-0.37691 0.837459 0.0063486 -0.0105674 0.154149 
-0.385285 0.856069 0.00669069 -0.0110886 0.159087 
-0.393661 0.874679 0.0070309 -0.0116058 0.163998 
-0.402037 0.89329 0.00736807 -0.0121171 0.168882 
-0.410413 0.9119 0.00770104 -0.0126206 0.173743 
-2.01363e-10 3.01361e-10 -1.17884e-13 3.44121e-13 1.35229e-19 
-0.00948415 0.0180705 -4.60519e-06 1.72931e-05 0.000394528 
-0.0189683 0.0361411 -7.11786e-06 2.77194e-05 0.00146465 
-0.0284524 0.0542116 -7.24058e-06 3.10034e-05 0.00305799 
-0.0379366 0.0722821 -4.6759e-06 2.68695e-05 0.00504476 
-0.0474207 0.0903527 8.73627e-07 1.50418e-05 0.00731611 
-0.0569049 0.108423 9.70544e-06 -4.75514e-06 0.00978268 
-0.066389 0.126494 2.2117e-05 -3.27971e-05 0.012373 
-0.0758732 0.144564 3.84057e-05 -6.93596e-05 0.015032 
-0.0853573 0.162635 5.88691e-05 -0.000114718 0.0177193 
-0.0948415 0.180705 8.38045e-05 -0.000169149 0.0204078 
-0.104326 0.198776 0.000113509 -0.000232927 0.0230824 
-0.11381 0.216846 0.000148281 -0.000306329 0.0257377 
-0.123294 0.234917 0.000188417 -0.000389629 0.0283773 
-0.132778 0.252987 0.000234216 -0.000483104 0.0310116 
-0.142262 0.271058 0.000285973 -0.00058703 0.0336568 
-0.151746 0.289128 0.000343987 -0.000701681 0.0363329 
-0.16123 0.307199 0.000408555 -0.000827333 0.0390622 
-0.170715 0.32527 0.000479975 -0.000964263 0.0418683 
-0.180199 0.34334 0.000558544 -0.00111275 0.0447737 
-0.189683 0.361411 0.00064456 -0.00127306 0.047799 
-0.199167 0.379481 0.000738319 -0.00144547 0.0509609 
-0.208651 0.397552 0.00084012 -0.00163027 0.0542708 
-0.218135 0.415622 0.000950259 -0.00182772 0.0577332 
-0.22762 0.433693 0.00106904 -0.0020381 0.0613444 
-0.237104 0.451763 0.00122799 -0.00228656 0.0650872 
-0.246588 0.469834 0.00142897 -0.00259185 0.0689252 
-0.256072 0.487904 0.00163214 -0.00293039 0.0728542 
-0.265556 0.505975 0.00183338 -0.00329167 0.0768753 
-0.27504 0.524045 0.00202693 -0.00360715 0.0809929 
-0.284524 0.542116 0.0022425 -0.00395421 0.0852393 
-0.294009 0.560186 0.00247897 -0.00433102 0.0896215 
-0.303493 0.578257 0.00273514 -0.00473569 0.0941295 
-0.312977 0.596328 0.00300981 -0.00516625 0.0987513 
-0.322461 0.614398 0.0033017 -0.00562066 0.103477 
-0.331945 0.632469 0.00360747 -0.00609488 0.1083 
-0.341429 0.650539 0.00392091 -0.00658301 0.113222 
-0.350913 0.66861 0.00424566 -0.00708814 0.118232 
-0.360398 0.68668 0.00458031 -0.00760809 0.123315 
-0.369882 0.704751 0.00492352 -0.0081407 0.128454 
-0.379366 0.722821 0.00527395 -0.00868387 0.133635 
-0.38885 0.740892 0.00563029 -0.00923553 0.138843 
-0.398334 0.758962 0.00599127 -0.00979366 0.144068 
-0.407818 0.777033 0.00635562 -0.0103563 0.149297 
-0.417302 0.795103 0.00672211 -0.0109214 0.15452 
-0.426787 0.813174 0.00708955 -0.0114872 0.15973 
-0.436271 0.831244 0.00745673 -0.0120518 0.164921 
-0.445755 0.849315 0.00782252 -0.0126133 0.170088 
-0.455239 0.867386 0.00818575 -0.0131699 0.175228 
-0.464723 0.885456 0.00854533 -0.0137198 0.180336 
-2.01363e-10 3.01361e-10 -1.17884e-13 3.44121e-13 1.35229e-19 
-0.0105579 0.0174649 -5.15314e-06 1.71478e-05 0.000396299 
-0.0211158 0.0349298 -8.00233e-06 2.83898e-05 0.00147054 
-0.0316737 0.0523948 -8.17495e-06 3.32528e-05 0.00306893 
-0.0422317 0.0698597 -5.29837e-06 3.12637e-05 0.00506067 
-0.0527896 0.0873246 1.00003e-06 2.19494e-05 0.00733637 
-0.0633475 0.10479 1.10929e-05 4.8366e-06 0.00980643 
-0.0739054 0.122254 2.53528e-05 -2.05478e-05 0.0123995 
-0.0844633 0.139719 4.41523e-05 -5.46769e-05 0.0150607 
-0.0950212 0.157184 6.78642e-05 -9.80239e-05 0.0177504 
-0.105579 0.174649 9.6861e-05 -0.000151062 0.0204422 
-0.116137 0.192114 0.000131515 -0.000214264 0.0231218 
-0.126695 0.209579 0.0001722 -0.000288104 0.0257848 
-0.137253 0.227044 0.000219287 -0.000373054 0.0284358 
-0.147811 0.244509 0.00027315 -0.000469588 0.0310862 
-0.158369 0.261974 0.000334161 -0.000578178 0.033753 
-0.168927 0.279439 0.000402692 -0.000699299 0.036457 
-0.179485 0.296904 0.000479117 -0.000833423 0.0392214 
-0.190042 0.314369 0.000563807 -0.000981023 0.0420701 
-0.2006 0.331834 0.000657136 -0.00114257 0.0450259 
-0.211158 0.349298 0.000759476 -0.00131854 0.0481093 
-0.221716 0.366763 0.0008712 -0.00150941 0.0513366 
-0.232274 0.384228 0.000992681 -0.00171565 0.0547186 
-0.242832 0.401693 0.00112429 -0.00193773 0.0582586 
-0.25339 0.419158 0.0012664 -0.00217612 0.0619511 
-0.263948 0.436623 0.00141939 -0.0024313 0.0657803 
-0.274506 0.454088 0.00162951 -0.00274935 0.0697168 
-0.285064 0.471553 0.00186168 -0.00311074 0.0737338 
-0.295622 0.489018 0.00204696 -0.0034159 0.0778397 
-0.30618 0.506483 0.00225591 -0.00375602 0.0820499 
-0.316737 0.523948 0.00247963 -0.00411204 0.0863698 
-0.327295 0.541413 0.00272154 -0.00449526 0.0908188 
-0.337853 0.558878 0.00298192 -0.0049076 0.0953993 
-0.348411 0.576342 0.00325921 -0.00534663 0.100106 
-0.358969 0.593807 0.00355192 -0.00580997 0.10493 
-0.369527 0.611272 0.00385857 -0.00629529 0.109859 
-0.380085 0.628737 0.00417772 -0.00680031 0.114879 
-0.390643 0.646202 0.00450794 -0.00732279 0.119977 
-0.401201 0.663667 0.00484786 -0.00786056 0.12514 
-0.411759 0.681132 0.00519613 -0.00841148 0.130356 
-0.422317 0.698597 0.00555141 -0.00897344 0.135614 
-0.432874 0.716062 0.0059124 -0.0095444 0.140905 
-0.443432 0.733527 0.00627785 -0.0101224 0.146219 
-0.45399 0.750992 0.0066465 -0.0107053 0.151549 
-0.464548 0.768457 0.00701712 -0.0112914 0.156888 
-0.475106 0.785922 0.00738854 -0.0118787 0.16223 
-0.485664 0.803387 0.00775957 -0.0124654 0.167568 
-0.496222 0.820851 0.00812906 -0.0130496 0.172894 
-0.50678 0.838316 0.00849591 -0.0136296 0.178193 
-0.517338 0.855781 0.00885899 -0.0142037 0.18344 
-2.01363e-10 3.01361e-10 -1.17884e-13 3.44121e-13 1.35229e-19 
-0.0115932 0.0167956 -5.63101e-06 1.67713e-05 0.000398326 
-0.0231863 0.0335912 -8.5671e-06 2.83515e-05 0.00147782 
-0.0347795 0.0503868 -8.41676e-06 3.41756e-05 0.00308358 
-0.0463726 0.0671824 -4.78846e-06 3.3679e-05 0.00508379 
-0.0579658 0.0839779 2.70931e-06 2.62969e-05 0.00736812 
-0.0695589 0.100774 1.44681e-05 1.14644e-05 0.00984616 
-0.0811521 0.117569 3.08793e-05 -1.13832e-05 0.0124458 
-0.0927453 0.134365 5.23346e-05 -4.28106e-05 0.0151118 
-0.104338 0.15116 7.92255e-05 -8.33827e-05 0.0178039 
-0.115932 0.167956 0.000111943 -0.000133664 0.0204956 
-0.127525 0.184751 0.00015088 -0.00019422 0.0231724 
-0.139118 0.201547 0.000196427 -0.000265615 0.0258302 
-0.150711 0.218343 0.000248975 -0.000348413 0.0284736 
-0.162304 0.235138 0.000308916 -0.00044318 0.0311144 
-0.173897 0.251934 0.000376642 -0.000550481 0.0337697 
-0.185491 0.268729 0.000452544 -0.000670879 0.0364608 
-0.197084 0.285525 0.000537014 -0.00080494 0.0392109 
-0.208677 0.302321 0.000630444 -0.000953229 0.042044 
-0.22027 0.319116 0.000733223 -0.00111631 0.0449829 
-0.231863 0.335912 0.000845746 -0.00129475 0.0480479 
-0.243456 0.352707 0.000968402 -0.00148911 0.0512553 
-0.255049 0.369503 0.00110158 -0.00169996 0.0546154 
-0.266643 0.386299 0.00124568 -0.00192786 0.0581316 
-0.278236 0.403094 0.00140109 -0.00217337 0.0617984 
-0.289829 0.41989 0.00156819 -0.00243707 0.0656003 
-0.301422 0.436685 0.00175137 -0.00272553 0.0695103 
-0.313015 0.453481 0.00194691 -0.00303376 0.0734963 
-0.324608 0.470276 0.00212212 -0.00331449 0.0775647 
-0.336202 0.487072 0.00231867 -0.00362911 0.0817382 
-0.347795 0.503868 0.00253639 -0.003978 0.0860334 
-0.359388 0.520663 0.00277366 -0.00435863 0.0904585 
-0.370981 0.537459 0.0030289 -0.00476851 0.0950139 
-0.382574 0.554254 0.00330057 -0.00520521 0.0996937 
-0.394167 0.57105 0.00358716 -0.00566635 0.104488 
-0.405761 0.587846 0.00388719 -0.00614961 0.109385 
-0.417354 0.604641 0.00419922 -0.00665273 0.11437 
-0.428947 0.621437 0.00452184 -0.00717346 0.119432 
-0.44054 0.638232 0.00485366 -0.00770963 0.124559 
-0.452133 0.655028 0.00519332 -0.00825911 0.129738 
-0.463726 0.671824 0.0055395 -0.00881982 0.134962 
-0.475319 0.688619 0.0058909 -0.0093897 0.14022 
-0.486913 0.705415 0.00624626 -0.00996677 0.145507 
-0.498506 0.72221 0.00660432 -0.0105491 0.150814 
-0.510099 0.739006 0.00696387 -0.0111346 0.156137 
-0.521692 0.755802 0.00732372 -0.0117217 0.161468 
-0.533285 0.772597 0.00768269 -0.0123082 0.1668 
-0.544878 0.789393 0.00803964 -0.0128926 0.172122 
-0.556472 0.806188 0.00839345 -0.013473 0.177413 
-0.568065 0.822984 0.00874302 -0.0140477 0.182641 
-2.01363e-10 3.01361e-10 -1.17884e-13 3.44121e-13 1.35229e-19 
-0.0125861 0.016065 -5.92515e-06 1.57719e-05 0.00040063 
-0.0251722 0.0321299 -8.21009e-06 2.61581e-05 0.00148707 
-0.0377583 0.0481949 -6.63777e-06 3.07978e-05 0.00310413 
-0.0503444 0.0642599 -9.91108e-07 2.93302e-05 0.00511857 
-0.0629305 0.0803248 8.94694e-06 2.13942e-05 0.00741735 
-0.0755166 0.0963898 2.33934e-05 6.6291e-06 0.00990653 
-0.0881027 0.112455 4.25654e-05 -1.53261e-05 0.0125105 
-0.100689 0.12852 6.668e-05 -4.48321e-05 0.0151711 
-0.113275 0.144585 9.59542e-05 -8.225e-05 0.0178465 
-0.125861 0.16065 0.000130605 -0.000127941 0.0205103 
-0.138447 0.176715 0.00017085 -0.000182265 0.0231495 
-0.151033 0.19278 0.000216905 -0.000245583 0.0257623 
-0.163619 0.208845 0.000268989 -0.000318257 0.0283569 
-0.176205 0.22491 0.000327317 -0.000400648 0.0309479 
-0.188791 0.240975 0.000392107 -0.000493115 0.033555 
-0.201378 0.25704 0.000463576 -0.00059602 0.0361999 
-0.213964 0.273104 0.000541942 -0.000709724 0.0389048 
-0.22655 0.289169 0.00062742 -0.000834588 0.0416903 
-0.239136 0.305234 0.000720229 -0.000970973 0.0445745 
-0.251722 0.321299 0.000820585 -0.00111924 0.0475715 
-0.264308 0.337364 0.000928705 -0.00127975 0.0506921 
-0.276894 0.353429 0.00104481 -0.00145286 0.0539429 
-0.28948 0.369494 0.00116911 -0.00163893 0.0573274 
-0.302066 0.385559 0.00130182 -0.00183834 0.0608464 
-0.314652 0.401624 0.00144317 -0.00205142 0.0644981 
-0.327239 0.417689 0.00162245 -0.00233333 0.0682566 
-0.339825 0.433754 0.00183966 -0.00263001 0.0720983 
-0.352411 0.449819 0.00204022 -0.00291365 0.0760188 
-0.364997 0.465884 0.00223568 -0.0032175 0.0800307 
-0.377583 0.481949 0.00244818 -0.00355648 0.0841742 
-0.390169 0.498014 0.00267661 -0.00392975 0.0884471 
-0.402755 0.514079 0.00291942 -0.00433091 0.0928363 
-0.415341 0.530144 0.00317623 -0.0047467 0.0973534 
-0.427927 0.546209 0.00344736 -0.00518672 0.101997 
-0.440513 0.562274 0.00373134 -0.00564867 0.106755 
-0.4531 0.578339 0.00402672 -0.00613027 0.111613 
-0.465686 0.594404 0.00433209 -0.00662929 0.116554 
-0.478272 0.610469 0.00464606 -0.00714356 0.121565 
-0.490858 0.626534 0.00496727 -0.00767095 0.126631 
-0.503444 0.642599 0.0052944 -0.00820937 0.131739 
-0.51603 0.658664 0.00562614 -0.00875678 0.136878 
-0.528616 0.674729 0.00596122 -0.00931117 0.142037 
-0.541202 0.690794 0.00629839 -0.00987058 0.147206 
-0.553788 0.706859 0.00663642 -0.0104331 0.152377 
-0.566374 0.722924 0.00697412 -0.0109968 0.157541 
-0.578961 0.738989 0.00731031 -0.0115599 0.16269 
-0.591547 0.755054 0.00764384 -0.0121205 0.167817 
-0.604133 0.771119 0.00797359 -0.012677 0.172907 
-0.616719 0.787183 0.00829843 -0.0132274 0.177944 
-2.01363e-10 3.01361e-10 -1.17884e-13 3.44121e-13 1.35229e-19 
-0.0135331 0.0152757 -6.22271e-06 1.47476e-05 0.000403138 
-0.0270662 0.0305515 -7.91766e-06 2.39832e-05 0.00149784 
-0.0405993 0.0458272 -5.03462e-06 2.75251e-05 0.00312932 
-0.0541325 0.0611029 2.4766e-06 2.5192e-05 0.00516231 
-0.0676656 0.0763786 1.46662e-05 1.68023e-05 0.00747927 
-0.0811987 0.0916544 3.15845e-05 2.17443e-06 0.00998048 
-0.0947318 0.10693 5.32816e-05 -1.8873e-05 0.0125847 
-0.108265 0.122206 7.98078e-05 -4.65216e-05 0.0152297 
-0.121798 0.137482 0.000111213 -8.09527e-05 0.0178722 
-0.135331 0.152757 0.000147548 -0.000122348 0.020487 
-0.148864 0.168033 0.000188863 -0.000170889 0.0230645 
-0.162397 0.183309 0.000235207 -0.000226757 0.0256084 
-0.175931 0.198584 0.000286632 -0.000290134 0.0281321 
-0.189464 0.21386 0.000343187 -0.0003612 0.0306544 
-0.202997 0.229136 0.000404923 -0.000440139 0.0331969 
-0.21653 0.244412 0.000471889 -0.00052713 0.0357799 
-0.230063 0.259687 0.000544137 -0.000622356 0.0384209 
-0.243596 0.274963 0.000621716 -0.000725999 0.0411328 
-0.257129 0.290239 0.000704676 -0.000838239 0.0439246 
-0.270662 0.305515 0.000793067 -0.000959258 0.046802 
-0.284195 0.32079 0.000886941 -0.00108924 0.0497705 
-0.297729 0.336066 0.000986347 -0.00122836 0.0528374 
-0.311262 0.351342 0.00109133 -0.00137681 0.056015 
-0.324795 0.366618 0.00120196 -0.00153476 0.059321 
-0.338328 0.381893 0.0013242 -0.00173908 0.0627575 
-0.351861 0.397169 0.00147487 -0.00197057 0.066276 
-0.365394 0.412445 0.00165702 -0.00221027 0.0698814 
-0.378927 0.42772 0.00187295 -0.00245786 0.0735836 
-0.39246 0.442996 0.0020824 -0.00271271 0.0773741 
-0.405993 0.458272 0.00227515 -0.00299158 0.0812201 
-0.419527 0.473548 0.00248322 -0.00329901 0.0851902 
-0.43306 0.488823 0.00270557 -0.00363386 0.0893053 
-0.446593 0.504099 0.00294112 -0.00399497 0.0935578 
-0.460126 0.519375 0.00318877 -0.0043811 0.0979336 
-0.473659 0.534651 0.00344738 -0.00479102 0.10242 
-0.487192 0.549926 0.00371578 -0.0052234 0.107005 
-0.500725 0.565202 0.00399276 -0.0056769 0.11168 
-0.514258 0.580478 0.00427707 -0.00615012 0.116429 
-0.527792 0.595753 0.00457107 -0.00663644 0.12124 
-0.541325 0.611029 0.00487313 -0.00713047 0.126102 
-0.554858 0.626305 0.00517926 -0.00763285 0.130999 
-0.568391 0.641581 0.00548818 -0.00814157 0.135915 
-0.581924 0.656856 0.00579864 -0.00865465 0.140834 
-0.595457 0.672132 0.0061094 -0.00917015 0.145743 
-0.60899 0.687408 0.00641926 -0.00968616 0.15063 
-0.622523 0.702684 0.00672702 -0.0102008 0.155484 
-0.636056 0.717959 0.00703153 -0.0107123 0.1603 
-0.64959 0.733235 0.00733163 -0.0112187 0.165073 
-0.663123 0.748511 0.00762621 -0.0117184 0.169804 
-2.01363e-10 3.01361e-10 -1.17884e-13 3.44121e-13 1.35229e-19 
-0.0144308 0.0144308 -6.52739e-06 1.37037e-05 0.000405754 
-0.0288615 0.0288615 -7.70617e-06 2.18385e-05 0.00150941 
-0.0432923 0.0432923 -3.63894e-06 2.43752e-05 0.00315682 
-0.057723 0.057723 5.5717e-06 2.12843e-05 0.00521026 
-0.0721538 0.0721538 1.98232e-05 1.25366e-05 0.00754677 
-0.0865845 0.0865845 3.90128e-05 -1.89749e-06 0.0100598 
-0.101015 0.101015 6.30381e-05 -2.20472e-05 0.0126619 
-0.115446 0.115446 9.17964e-05 -4.79418e-05 0.0152868 
-0.129877 0.129877 0.000125185 -7.96108e-05 0.0178906 
-0.144308 0.144308 0.000163102 -0.000117084 0.0204502 
-0.158738 0.158738 0.000205443 -0.000160389 0.0229611 
-0.173169 0.173169 0.000252108 -0.000209558 0.0254328 
-0.1876 0.1876 0.000302992 -0.000264618 0.0278836 
-0.202031 0.202031 0.000357994 -0.000325599 0.0303356 
-0.216461 0.216461 0.000417011 -0.00039253 0.0328097 
-0.230892 0.230892 0.00047994 -0.000465442 0.0353219 
-0.245323 0.245323 0.000546678 -0.000544363 0.0378819 
-0.259754 0.259754 0.000617124 -0.000629322 0.0404934 
-0.274184 0.274184 0.000691174 -0.000720349 0.0431565 
-0.288615 0.288615 0.000768725 -0.000817474 0.0458719 
-0.303046 0.303046 0.000849676 -0.000920725 0.0486461 
-0.317477 0.317477 0.000933924 -0.00103013 0.0514949 
-0.331907 0.331907 0.00102137 -0.00114573 0.0544448 
-0.346338 0.346338 0.00110965 -0.0012807 0.057524 
-0.360769 0.360769 0.00120651 -0.00146024 0.0606888 
-0.3752 0.3752 0.00132715 -0.00164536 0.0639239 
-0.38963 0.38963 0.00147347 -0.0018357 0.0672399 
-0.404061 0.404061 0.00164735 -0.00203091 0.0706472 
-0.418492 0.418492 0.0018507 -0.00223065 0.0741561 
-0.432923 0.432923 0.00207318 -0.00243894 0.0777744 
-0.447353 0.447353 0.00225632 -0.00268438 0.0814424 
-0.461784 0.461784 0.00245295 -0.00295214 0.0851981 
-0.476215 0.476215 0.0026621 -0.0032409 0.0890779 
-0.490646 0.490646 0.00288276 -0.00354928 0.0930797 
-0.505076 0.505076 0.00311393 -0.00387591 0.0971874 
-0.519507 0.519507 0.00335456 -0.00421935 0.101384 
-0.533938 0.533938 0.0036036 -0.00457814 0.105656 
-0.548369 0.548369 0.00385996 -0.00495077 0.109993 
-0.562799 0.562799 0.00412254 -0.00533571 0.114388 
-0.57723 0.57723 0.00439019 -0.00573139 0.118832 
-0.591661 0.591661 0.00466177 -0.00613618 0.123314 
-0.606092 0.606092 0.00493609 -0.00654845 0.127822 
-0.620522 0.620522 0.00521194 -0.00696649 0.132342 
-0.634953 0.634953 0.00548807 -0.00738859 0.136861 
-0.649384 0.649384 0.00576321 -0.00781296 0.141368 
-0.663815 0.663815 0.00603607 -0.00823779 0.145854 
-0.678245 0.678245 0.0063053 -0.00866123 0.150314 
-0.692676 0.692676 0.00656953 -0.00908138 0.154745 
-0.707107 0.707107 0.00682737 -0.00949628 0.159143 
-2.01363e-10 3.01361e-10 -1.17884e-13 3.44121e-13 1.35229e-19 
-0.0152757 0.0135331 -6.84252e-06 1.26448e-05 0.000408381 
-0.0305515 0.0270662 -7.59058e-06 1.9735e-05 0.00152109 
-0.0458272 0.0405993 -2.4797e-06 2.13647e-05 0.00318455 
-0.0611029 0.0541325 8.25466e-06 1.76274e-05 0.00525839 
-0.0763786 0.0676656 2.4377e-05 8.61725e-06 0.00761403 
-0.0916544 0.0811987 4.56518e-05 -5.57207e-06 0.0101381 
-0.10693 0.0947318 7.18436e-05 -2.48467e-05 0.0127373 
-0.122206 0.108265 0.000102717 -4.91128e-05 0.0153422 
-0.137482 0.121798 0.000138036 -7.82765e-05 0.0179087 
-0.152757 0.135331 0.000177566 -0.000112244 0.0204168 
-0.168033 0.148864 0.000221071 -0.000150921 0.0228671 
-0.183309 0.162397 0.000268316 -0.000194215 0.0252742 
-0.198584 0.175931 0.000319064 -0.000242031 0.0276605 
-0.21386 0.189464 0.000373081 -0.000294275 0.0300489 
-0.229136 0.202997 0.000430131 -0.000350854 0.0324574 
-0.244412 0.21653 0.000489979 -0.000411673 0.0348958 
-0.259687 0.230063 0.000552389 -0.000476639 0.0373653 
-0.274963 0.243596 0.000617125 -0.000545659 0.0398612 
-0.290239 0.257129 0.000683953 -0.000618637 0.0423782 
-0.305515 0.270662 0.000752636 -0.000695481 0.0449174 
-0.32079 0.284195 0.000822939 -0.000776097 0.0474923 
-0.336066 0.297729 0.000894627 -0.00086039 0.0501306 
-0.351342 0.311262 0.000967464 -0.000948267 0.0528675 
-0.366618 0.324795 0.00103053 -0.00107443 0.0557037 
-0.381893 0.338328 0.00110473 -0.00121695 0.0585903 
-0.397169 0.351861 0.00119749 -0.00136283 0.0615348 
-0.412445 0.365394 0.00131029 -0.00151175 0.0645476 
-0.42772 0.378927 0.00144459 -0.00166337 0.0676386 
-0.442996 0.39246 0.00160187 -0.00181734 0.0708177 
-0.458272 0.405993 0.00178359 -0.00197332 0.0740944 
-0.473548 0.419527 0.00199122 -0.00213097 0.077478 
-0.488823 0.43306 0.00218773 -0.00231838 0.0809639 
-0.504099 0.446593 0.00236744 -0.00254245 0.0845186 
-0.519375 0.460126 0.00255788 -0.00278179 0.0881701 
-0.534651 0.473659 0.00275814 -0.00303494 0.0919175 
-0.549926 0.487192 0.00296729 -0.00330041 0.0957441 
-0.565202 0.500725 0.0031844 -0.00357669 0.099631 
-0.580478 0.514258 0.00340851 -0.00386227 0.103563 
-0.595753 0.527792 0.00363865 -0.00415557 0.107531 
-0.611029 0.541325 0.00387386 -0.00445502 0.111528 
-0.626305 0.554858 0.00411313 -0.00475902 0.115547 
-0.641581 0.568391 0.00435545 -0.00506594 0.11958 
-0.656856 0.581924 0.00459981 -0.0053741 0.123616 
-0.672132 0.595457 0.00484517 -0.00568184 0.127639 
-0.687408 0.60899 0.00509047 -0.00598744 0.131638 
-0.702684 0.622523 0.00533464 -0.00628917 0.135602 
-0.717959 0.636056 0.0055766 -0.00658526 0.139533 
-0.733235 0.64959 0.00581525 -0.00687391 0.143448 
-0.748511 0.663123 0.00604946 -0.00715331 0.147381 
-2.01363e-10 3.01361e-10 -1.17884e-13 3.44121e-13 1.35229e-19 
-0.016065 0.0125861 -7.17096e-06 1.15753e-05 0.000410935 
-0.0321299 0.0251722 -7.58427e-06 1.76825e-05 0.00153226 
-0.0481949 0.0377583 -1.58321e-06 1.85089e-05 0.00321075 
-0.0642599 0.0503444 1.04889e-05 1.42421e-05 0.0053034 
-0.0803248 0.0629305 2.82889e-05 5.0694e-06 0.00767645 
-0.0963898 0.0755166 5.14734e-05 -8.82164e-06 0.0102106 
-0.112455 0.0881027 7.96992e-05 -2.72436e-05 0.0128075 
-0.12852 0.100689 0.000112623 -5.0009e-05 0.0153955 
-0.144585 0.113275 0.000149901 -7.69305e-05 0.0179311 
-0.16065 0.125861 0.000191191 -0.00010782 0.0203973 
-0.176715 0.138447 0.00023615 -0.000142492 0.0227992 
-0.19278 0.151033 0.000284433 -0.000180756 0.0251556 
-0.208845 0.163619 0.000335697 -0.000222427 0.0274911 
-0.22491 0.176205 0.0003896 -0.000267317 0.0298278 
-0.240975 0.188791 0.000445798 -0.000315238 0.0321799 
-0.25704 0.201378 0.000503948 -0.000366003 0.0345502 
-0.273104 0.213964 0.000563706 -0.000419424 0.0369326 
-0.289169 0.22655 0.00062473 -0.000475314 0.0393162 
-0.305234 0.239136 0.000686675 -0.000533486 0.0416943 
-0.321299 0.251722 0.0007492 -0.000593752 0.0440723 
-0.337364 0.264308 0.000811959 -0.000655924 0.0464733 
-0.353429 0.276894 0.000874611 -0.000719815 0.0489342 
-0.369494 0.28948 0.00093402 -0.000789896 0.0514855 
-0.385559 0.302066 0.000977227 -0.000899546 0.0540898 
-0.401624 0.314652 0.00103314 -0.00101139 0.0567275 
-0.417689 0.327239 0.00110281 -0.00112514 0.0594082 
-0.433754 0.339825 0.00118732 -0.0012405 0.0621411 
-0.449819 0.352411 0.00128772 -0.00135717 0.0649354 
-0.465884 0.364997 0.00140508 -0.00147486 0.0677993 
-0.481949 0.377583 0.00154047 -0.00159328 0.0707412 
-0.498014 0.390169 0.00169494 -0.00171213 0.0737687 
-0.514079 0.402755 0.00186957 -0.00183112 0.0768895 
-0.530144 0.415341 0.00206541 -0.00194995 0.0801105 
-0.546209 0.427927 0.00224611 -0.00210777 0.0834349 
-0.562274 0.440513 0.00241446 -0.00229896 0.0868514 
-0.578339 0.4531 0.00259101 -0.00249909 0.0903461 
-0.594404 0.465686 0.00277492 -0.00270669 0.0938951 
-0.610469 0.478272 0.00296534 -0.00292023 0.0974763 
-0.626534 0.490858 0.00316143 -0.0031382 0.101075 
-0.642599 0.503444 0.00336234 -0.00335905 0.104681 
-0.658664 0.51603 0.0035672 -0.00358124 0.108291 
-0.674729 0.528616 0.00377514 -0.00380321 0.111897 
-0.690794 0.541202 0.0039853 -0.00402337 0.115488 
-0.706859 0.553788 0.00419678 -0.00424013 0.119048 
-0.722924 0.566374 0.00440871 -0.00445189 0.122555 
-0.738989 0.578961 0.00462019 -0.00465703 0.125993 
-0.755054 0.591547 0.00483032 -0.00485391 0.12936 
-0.771119 0.604133 0.00503819 -0.00504088 0.13269 
-0.787183 0.616719 0.00524289 -0.00521629 0.136072 
-2.01363e-10 3.01361e-10 -1.17884e-13 3.44121e-13 1.35229e-19 
-0.0167956 0.0115932 -7.51508e-06 1.04995e-05 0.000413336 
-0.0335912 0.0231863 -7.6989e-06 1.56896e-05 0.00154241 
-0.0503868 0.0347795 -9.73125e-07 1.58222e-05 0.00323395 
-0.0671824 0.0463726 1.22406e-05 1.11493e-05 0.00534263 
-0.0839779 0.0579658 3.15206e-05 1.92278e-06 0.00773048 
-0.100774 0.0695589 5.64452e-05 -1.16055e-05 0.0102735 
-0.117569 0.0811521 8.65928e-05 -2.91837e-05 0.01287 
-0.134365 0.0927453 0.000121542 -5.05599e-05 0.0154465 
-0.15116 0.104338 0.00016087 -7.54822e-05 0.0179605 
-0.167956 0.115932 0.000204157 -0.000103699 0.0203979 
-0.184751 0.127525 0.00025098 -0.000134957 0.022767 
-0.201547 0.139118 0.000300917 -0.000169007 0.0250896 
-0.218343 0.150711 0.000353548 -0.000205594 0.0273913 
-0.235138 0.162304 0.00040845 -0.000244468 0.0296929 
-0.251934 0.173897 0.000465201 -0.000285377 0.0320042 
-0.268729 0.185491 0.000523381 -0.000328069 0.0343225 
-0.285525 0.197084 0.000582567 -0.000372292 0.0366355 
-0.302321 0.208677 0.000642338 -0.000417794 0.0389292 
-0.319116 0.22027 0.000702272 -0.000464323 0.0411972 
-0.335912 0.231863 0.000761947 -0.000511627 0.0434509 
-0.352707 0.243456 0.000820942 -0.000559455 0.0457216 
-0.369503 0.255049 0.000878835 -0.000607554 0.0480508 
-0.386299 0.266643 0.000924738 -0.00067018 0.0504521 
-0.403094 0.278236 0.000959902 -0.000756073 0.0528763 
-0.41989 0.289829 0.00100401 -0.000843277 0.0553208 
-0.436685 0.301422 0.00105776 -0.000931576 0.0577938 
-0.453481 0.313015 0.00112184 -0.00102076 0.0603033 
-0.470276 0.324608 0.00119693 -0.0011106 0.0628564 
-0.487072 0.336202 0.00128373 -0.0012009 0.06546 
-0.503868 0.347795 0.00138293 -0.00129143 0.0681203 
-0.520663 0.359388 0.00149523 -0.00138199 0.0708431 
-0.537459 0.370981 0.0016213 -0.00147235 0.0736337 
-0.554254 0.382574 0.00176183 -0.0015623 0.0764973 
-0.57105 0.394167 0.00191753 -0.00165163 0.0794382 
-0.587846 0.405761 0.00208908 -0.00174012 0.0824606 
-0.604641 0.417354 0.0022642 -0.00184557 0.0855695 
-0.621437 0.428947 0.00241643 -0.00199973 0.0887712 
-0.638232 0.44054 0.00257465 -0.00215766 0.0920264 
-0.655028 0.452133 0.00273813 -0.00231788 0.0952964 
-0.671824 0.463726 0.0029061 -0.00247894 0.0985582 
-0.688619 0.475319 0.00307783 -0.00263937 0.101802 
-0.705415 0.486913 0.00325255 -0.00279771 0.105025 
-0.72221 0.498506 0.00342952 -0.00295248 0.108224 
-0.739006 0.510099 0.00360797 -0.00310221 0.11139 
-0.755802 0.521692 0.00378717 -0.00324541 0.114504 
-0.772597 0.533285 0.00396634 -0.00338061 0.117547 
-0.789393 0.544878 0.00414473 -0.00350632 0.120506 
-0.806188 0.556472 0.00432159 -0.00362105 0.123405 
-0.822984 0.568065 0.00449615 -0.00372329 0.126332 
-2.01363e-10 3.01361e-10 -1.17884e-13 3.44121e-13 1.35229e-19 
-0.0174649 0.0105579 -7.8767e-06 9.4208e-06 0.000415521 
-0.0349298 0.0211158 -7.94435e-06 1.37637e-05 0.00155113 
-0.0523948 0.0316737 -6.7033e-07 1.33173e-05 0.00325307 
-0.0698597 0.0422317 1.3478e-05 8.37028e-06 0.00537416 
-0.0873246 0.0527896 3.40332e-05 -7.88784e-07 0.00777357 
-0.10479 0.0633475 6.0528e-05 -1.38713e-05 0.0103244 
-0.122254 0.0739054 9.2495e-05 -3.05885e-05 0.0129227 
-0.139719 0.0844633 0.000129467 -5.0652e-05 0.0154945 
-0.157184 0.0950212 0.000170976 -7.3773e-05 0.0179981 
-0.174649 0.105579 0.000216555 -9.96629e-05 0.0204214 
-0.192114 0.116137 0.000265737 -0.000128033 0.0227749 
-0.209579 0.126695 0.000318055 -0.000158595 0.0250823 
-0.227044 0.137253 0.00037304 -0.00019106 0.0273696 
-0.244509 0.147811 0.000430226 -0.000225139 0.0296559 
-0.261974 0.158369 0.000489145 -0.000260545 0.0319481 
-0.279439 0.168927 0.00054933 -0.000296987 0.0342392 
-0.296904 0.179485 0.000610313 -0.000334178 0.0365131 
-0.314369 0.190042 0.000671628 -0.000371829 0.0387537 
-0.331834 0.2006 0.000732806 -0.000409651 0.0409557 
-0.349298 0.211158 0.000793381 -0.000447356 0.0431347 
-0.366763 0.221716 0.000852884 -0.000484655 0.0453282 
-0.384228 0.232274 0.000910849 -0.00052126 0.0475798 
-0.401693 0.242832 0.000951732 -0.000575049 0.0498891 
-0.419158 0.25339 0.000986285 -0.000642028 0.0522064 
-0.436623 0.263948 0.00102688 -0.000709979 0.0545341 
-0.454088 0.274506 0.00107387 -0.000778793 0.056879 
-0.471553 0.285064 0.00112761 -0.000848365 0.0592471 
-0.489018 0.295622 0.00118847 -0.000918585 0.0616439 
-0.506483 0.30618 0.00125681 -0.000989346 0.0640743 
-0.523948 0.316737 0.00133297 -0.00106054 0.0665423 
-0.541413 0.327295 0.00141733 -0.00113206 0.0690516 
-0.558878 0.337853 0.00151025 -0.0012038 0.0716054 
-0.576342 0.348411 0.00161207 -0.00127565 0.0742062 
-0.593807 0.358969 0.00172316 -0.0013475 0.0768562 
-0.611272 0.369527 0.00184388 -0.00141925 0.079557 
-0.628737 0.380085 0.00197459 -0.00149079 0.0823099 
-0.646202 0.390643 0.00211564 -0.00156201 0.0851158 
-0.663667 0.401201 0.00226741 -0.00163279 0.0879753 
-0.681132 0.411759 0.002417 -0.00172628 0.0908899 
-0.698597 0.422317 0.00255665 -0.00184752 0.0938438 
-0.716062 0.432874 0.0026999 -0.00196733 0.0967894 
-0.733527 0.443432 0.0028461 -0.00208436 0.0997021 
-0.750992 0.45399 0.0029946 -0.00219724 0.102576 
-0.768457 0.464548 0.00314475 -0.00230464 0.105414 
-0.785922 0.475106 0.0032959 -0.00240521 0.108215 
-0.803387 0.485664 0.00344741 -0.0024976 0.110971 
-0.820851 0.496222 0.00359864 -0.00258048 0.113671 
-0.838316 0.50678 0.00374895 -0.00265253 0.116311 
-0.855781 0.517338 0.00389771 -0.0027124 0.118926 
-2.01363e-10 3.01361e-10 -1.17884e-13 3.44121e-13 1.35229e-19 
-0.0180705 0.00948415 -8.25702e-06 8.34268e-06 0.000417437 
-0.0361411 0.0189683 -8.32854e-06 1.19111e-05 0.00155815 
-0.0542116 0.0284524 -6.92862e-07 1.10053e-05 0.00326736 
-0.0722821 0.0379366 1.41717e-05 5.92547e-06 0.0053967 
-0.0903527 0.0474207 3.5787e-05 -3.02843e-06 0.00780404 
-0.108423 0.0569049 6.36746e-05 -1.55563e-05 0.0103614 
-0.126494 0.066389 9.73562e-05 -3.13581e-05 0.0129643 
-0.144564 0.0758732 0.000136354 -5.01337e-05 0.0155388 
-0.162635 0.0853573 0.000180188 -7.1583e-05 0.0180438 
-0.180705 0.0948415 0.000228383 -9.5406e-05 0.0204684 
-0.198776 0.104326 0.000280458 -0.000121303 0.022824 
-0.216846 0.11381 0.000335935 -0.000148973 0.0251352 
-0.234917 0.123294 0.000394337 -0.000178116 0.0274279 
-0.252987 0.132778 0.000455185 -0.000208433 0.0297207 
-0.271058 0.142262 0.000518001 -0.000239624 0.0320189 
-0.289128 0.151746 0.000582306 -0.000271387 0.0343134 
-0.307199 0.16123 0.000647622 -0.000303424 0.0365862 
-0.32527 0.170715 0.000713472 -0.000335434 0.0388194 
-0.34334 0.180199 0.000779376 -0.000367116 0.0410078 
-0.361411 0.189683 0.000844856 -0.000398172 0.0431686 
-0.379481 0.199167 0.000909434 -0.000428301 0.0453428 
-0.397552 0.208651 0.000972632 -0.000457202 0.047578 
-0.415622 0.218135 0.00101854 -0.00050153 0.0498701 
-0.433693 0.22762 0.0010611 -0.000553655 0.052165 
-0.451763 0.237104 0.00110781 -0.000606855 0.0544654 
-0.469834 0.246588 0.00115874 -0.000661151 0.0567765 
-0.487904 0.256072 0.00121399 -0.000716565 0.0591026 
-0.505975 0.265556 0.00127362 -0.000773118 0.0614474 
-0.524045 0.27504 0.00133772 -0.00083083 0.0638136 
-0.542116 0.284524 0.00140637 -0.000889724 0.0662035 
-0.560186 0.294009 0.00147966 -0.000949821 0.0686185 
-0.578257 0.303493 0.00155765 -0.00101114 0.0710596 
-0.596328 0.312977 0.00164044 -0.00107371 0.0735272 
-0.614398 0.322461 0.0017281 -0.00113754 0.0760212 
-0.632469 0.331945 0.00182072 -0.00120266 0.078541 
-0.650539 0.341429 0.00191837 -0.00126909 0.0810857 
-0.66861 0.350913 0.00202114 -0.00133685 0.0836539 
-0.68668 0.360398 0.0021291 -0.00140596 0.086244 
-0.704751 0.369882 0.00224235 -0.00147645 0.088854 
-0.722821 0.379366 0.00236095 -0.00154833 0.0914819 
-0.740892 0.38885 0.002485 -0.00162162 0.0941252 
-0.758962 0.398334 0.00261456 -0.00169635 0.0967816 
-0.777033 0.407818 0.00274317 -0.00179122 0.0994318 
-0.795103 0.417302 0.00287358 -0.00188195 0.102042 
-0.813174 0.426787 0.00300542 -0.00196668 0.104607 
-0.831244 0.436271 0.00313812 -0.0020442 0.107132 
-0.849315 0.445755 0.00327115 -0.00211332 0.109623 
-0.867386 0.455239 0.00340397 -0.00217288 0.112075 
-0.885456 0.464723 0.00353604 -0.00222169 0.114479 
-2.01363e-10 3.01361e-10 -1.17884e-13 3.44121e-13 1.35229e-19 
-0.0186102 0.00837577 -8.65664e-06 7.26799e-06 0.000419051 
-0.0372204 0.0167515 -8.85739e-06 1.01366e-05 0.00156329 
-0.0558306 0.0251273 -1.05575e-06 8.8955e-06 0.00327644 
-0.0744408 0.0335031 1.42948e-05 3.83415e-06 0.00540962 
-0.093051 0.0418789 3.67407e-05 -4.75785e-06 0.00782107 
-0.111661 0.0502546 6.58286e-05 -1.65909e-05 0.0103836 
-0.130271 0.0586304 0.000101105 -3.13755e-05 0.0129938 
-0.148882 0.0670062 0.000142116 -4.8822e-05 0.0155783 
-0.167492 0.0753819 0.000188409 -6.86408e-05 0.0180965 
-0.186102 0.0837577 0.00023953 -9.05425e-05 0.0205373 
-0.204712 0.0921335 0.000295025 -0.000114237 0.0229121 
-0.223322 0.100509 0.000354441 -0.000139436 0.0252452 
-0.241933 0.108885 0.000417325 -0.000165849 0.0275626 
-0.260543 0.117261 0.000483222 -0.000193186 0.0298833 
-0.279153 0.125637 0.00055168 -0.000221158 0.0322127 
-0.297763 0.134012 0.000622246 -0.000249475 0.0345422 
-0.316373 0.142388 0.000694464 -0.000277848 0.0368533 
-0.334984 0.150764 0.000767883 -0.000305988 0.0391274 
-0.353594 0.15914 0.000842048 -0.000333604 0.0413574 
-0.372204 0.167515 0.000916507 -0.000360407 0.0435591 
-0.390814 0.175891 0.000990805 -0.000386108 0.0457741 
-0.409424 0.184267 0.00106449 -0.000410417 0.0480571 
-0.428035 0.192643 0.00112567 -0.000445384 0.0504121 
-0.446645 0.201019 0.00118559 -0.000485747 0.0527726 
-0.465255 0.209394 0.00124891 -0.000527606 0.0551396 
-0.483865 0.21777 0.00131549 -0.000571127 0.0575167 
-0.502475 0.226146 0.0013852 -0.000616474 0.0599067 
-0.521086 0.234522 0.0014579 -0.000663812 0.0623114 
-0.539696 0.242897 0.00153345 -0.000713307 0.0647319 
-0.558306 0.251273 0.00161172 -0.000765124 0.0671685 
-0.576916 0.259649 0.00169257 -0.000819427 0.069621 
-0.595526 0.268025 0.00177587 -0.000876381 0.0720883 
-0.614137 0.2764 0.00186148 -0.000936152 0.074569 
-0.632747 0.284776 0.00194926 -0.000998905 0.0770611 
-0.651357 0.293152 0.00203908 -0.00106481 0.0795623 
-0.669967 0.301528 0.0021308 -0.00113402 0.0820698 
-0.688577 0.309904 0.00222429 -0.0012067 0.0845805 
-0.707188 0.318279 0.00231941 -0.00128304 0.0870911 
-0.725798 0.326655 0.00241602 -0.00136317 0.0895983 
-0.744408 0.335031 0.00251399 -0.00144728 0.0920984 
-0.763018 0.343407 0.00261319 -0.00153553 0.0945878 
-0.781628 0.351782 0.00271347 -0.00162808 0.097063 
-0.800239 0.360158 0.0028147 -0.00172509 0.0995203 
-0.818849 0.368534 0.00291675 -0.00182674 0.101956 
-0.837459 0.37691 0.00301947 -0.00193318 0.104368 
-0.856069 0.385285 0.00312274 -0.00204459 0.106753 
-0.874679 0.393661 0.00324143 -0.00214081 0.109103 
-0.89329 0.402037 0.00337037 -0.00221914 0.111408 
-0.9119 0.410413 0.00349963 -0.00228925 0.113671 
-2.01363e-10 3.01361e-10 -1.17884e-13 3.44121e-13 1.35229e-19 
-0.019082 0.00723683 -9.07547e-06 6.19923e-06 0.000420341 
-0.0381639 0.0144737 -9.53464e-06 8.44374e-06 0.00156652 
-0.0572459 0.0217105 -1.77082e-06 6.99473e-06 0.00328032 
-0.0763279 0.0289473 1.38227e-05 2.1134e-06 0.00541297 
-0.0954098 0.0361842 3.68526e-05 -5.93906e-06 0.00782463 
-0.114492 0.043421 6.69256e-05 -1.69014e-05 0.0103908 
-0.133574 0.0506578 0.000103648 -3.05125e-05 0.0130105 
-0.152656 0.0578947 0.000146628 -4.65112e-05 0.0156117 
-0.171738 0.0651315 0.00019547 -6.46361e-05 0.0181537 
-0.19082 0.0723683 0.000249782 -8.46262e-05 0.0206245 
-0.209902 0.0796052 0.000309171 -0.00010622 0.023034 
-0.228984 0.086842 0.000373243 -0.000129157 0.0254052 
-0.248066 0.0940788 0.000441605 -0.000153175 0.0277642 
-0.267147 0.101316 0.000513864 -0.000178014 0.030131 
-0.286229 0.108553 0.000589626 -0.000203412 0.0325132 
-0.305311 0.115789 0.000668498 -0.000229107 0.0349051 
-0.324393 0.123026 0.000750087 -0.00025484 0.0372901 
-0.343475 0.130263 0.000833999 -0.000280348 0.0396496 
-0.362557 0.1375 0.000919841 -0.00030537 0.0419739 
-0.381639 0.144737 0.00100722 -0.000329646 0.0442744 
-0.400721 0.151974 0.00109574 -0.000352913 0.0465899 
-0.419803 0.15921 0.00118502 -0.000374911 0.0489818 
-0.438885 0.166447 0.00127036 -0.000401427 0.0514738 
-0.457967 0.173684 0.00135721 -0.000432014 0.0539828 
-0.477049 0.180921 0.00144794 -0.000464701 0.0565049 
-0.496131 0.188158 0.00154225 -0.000499805 0.0590426 
-0.515213 0.195395 0.00163987 -0.00053764 0.061597 
-0.534295 0.202631 0.00174049 -0.000578524 0.0641685 
-0.553377 0.209868 0.00184385 -0.000622772 0.0667567 
-0.572459 0.217105 0.00194965 -0.000670701 0.0693603 
-0.591541 0.224342 0.00205762 -0.000722626 0.0719774 
-0.610623 0.231579 0.00216745 -0.000778865 0.0746056 
-0.629705 0.238816 0.00227887 -0.000839732 0.0772419 
-0.648787 0.246052 0.0023916 -0.000905544 0.0798829 
-0.667869 0.253289 0.00250534 -0.000976617 0.0825249 
-0.686951 0.260526 0.00261981 -0.00105327 0.0851637 
-0.706033 0.267763 0.00273473 -0.00113581 0.0877953 
-0.725115 0.275 0.00284981 -0.00122457 0.0904154 
-0.744197 0.282237 0.00296476 -0.00131984 0.0930196 
-0.763279 0.289473 0.00307931 -0.00142197 0.0956037 
-0.782361 0.29671 0.00319316 -0.00153125 0.0981636 
-0.801442 0.303947 0.00330603 -0.001648 0.100695 
-0.820524 0.311184 0.00341763 -0.00177254 0.103196 
-0.839606 0.318421 0.00352767 -0.00190519 0.105661 
-0.858688 0.325658 0.00363589 -0.00204626 0.108089 
-0.87777 0.332894 0.00373086 -0.00218067 0.110479 
-0.896852 0.340131 0.00381616 -0.00231757 0.11283 
-0.915934 0.347368 0.00389328 -0.00246023 0.115135 
-0.935016 0.354605 0.00396168 -0.00260873 0.117393 
-2.01363e-10 3.01361e-10 -1.17884e-13 3.44121e-13 1.35229e-19 
-0.0194841 0.00607149 -9.51276e-06 5.13846e-06 0.000421303 
-0.0389682 0.012143 -1.03618e-05 6.83438e-06 0.00156793 
-0.0584523 0.0182145 -2.84642e-06 5.30739e-06 0.00327932 
-0.0779364 0.024286 1.27341e-05 7.77182e-07 0.00540738 
-0.0974205 0.0303575 3.60805e-05 -6.5366e-06 0.00781549 
-0.116905 0.0364289 6.68934e-05 -1.64143e-05 0.0103835 
-0.136389 0.0425004 0.000104874 -2.86362e-05 0.013014 
-0.155873 0.0485719 0.000149722 -4.29828e-05 0.0156371 
-0.175357 0.0546434 0.000201139 -5.92342e-05 0.0182118 
-0.194841 0.0607149 0.000258825 -7.7171e-05 0.0207241 
-0.214325 0.0667864 0.000322481 -9.65733e-05 0.0231812 
-0.233809 0.0728579 0.000391808 -0.000117222 0.0256039 
-0.253293 0.0789294 0.000466507 -0.000138896 0.0280175 
-0.272777 0.0850009 0.000546278 -0.000161377 0.0304433 
-0.292261 0.0910724 0.000630822 -0.000184445 0.0328931 
-0.311746 0.0971439 0.000719839 -0.000207881 0.0353659 
-0.33123 0.103215 0.000813031 -0.000231464 0.03785 
-0.350714 0.109287 0.000910098 -0.000254975 0.0403291 
-0.370198 0.115358 0.00101074 -0.000278194 0.0427918 
-0.389682 0.12143 0.00111466 -0.000300903 0.0452434 
-0.409166 0.127501 0.00122156 -0.00032288 0.0477154 
-0.42865 0.133573 0.00133113 -0.000343906 0.050269 
-0.448134 0.139644 0.00144639 -0.000363885 0.0529557 
-0.467618 0.145716 0.00156943 -0.000385497 0.0556818 
-0.487102 0.151787 0.00169807 -0.000409852 0.0584325 
-0.506587 0.157859 0.00183193 -0.000437417 0.0612089 
-0.526071 0.16393 0.00197067 -0.000468658 0.0640109 
-0.545555 0.170002 0.0021139 -0.000504042 0.0668375 
-0.565039 0.176073 0.00226127 -0.000544037 0.0696869 
-0.584523 0.182145 0.00241241 -0.000589108 0.0725564 
-0.604007 0.188216 0.00256696 -0.000639722 0.075443 
-0.623491 0.194288 0.00272455 -0.000696347 0.0783427 
-0.642975 0.200359 0.00288483 -0.000759449 0.0812516 
-0.662459 0.206431 0.00304742 -0.000829494 0.084165 
-0.681943 0.212502 0.00321196 -0.00090695 0.0870781 
-0.701428 0.218574 0.00337809 -0.000992283 0.0899862 
-0.720912 0.224645 0.00354545 -0.00108596 0.0928843 
-0.740396 0.230717 0.00371366 -0.00118845 0.0957676 
-0.75988 0.236788 0.00388237 -0.00130021 0.0986315 
-0.779364 0.24286 0.00405226 -0.00139425 0.101478 
-0.798848 0.248931 0.0042186 -0.00148659 0.104312 
-0.818332 0.255003 0.00438013 -0.00158314 0.107125 
-0.837816 0.261074 0.00453617 -0.00168399 0.109911 
-0.8573 0.267146 0.00468605 -0.00178921 0.11266 
-0.876784 0.273217 0.00482914 -0.0018989 0.115361 
-0.896269 0.279289 0.0049648 -0.00201313 0.118003 
-0.915753 0.28536 0.0050924 -0.00213198 0.120581 
-0.935237 0.291432 0.00521132 -0.00225555 0.123099 
-0.954721 0.297503 0.00532095 -0.0023839 0.125587 
-2.01363e-10 3.01361e-10 -1.17884e-13 3.44121e-13 1.35229e-19 
-0.0198151 0.00488399 -9.96706e-06 4.08738e-06 0.00042195 
-0.0396303 0.00976799 -1.1338e-05 5.30898e-06 0.00156773 
-0.0594454 0.014652 -4.28714e-06 3.8349e-06 0.00327417 
-0.0792606 0.019536 1.10114e-05 -1.64736e-07 0.00539415 
-0.0990757 0.02442 3.43835e-05 -6.51984e-06 0.00779525 
-0.118891 0.029304 6.56549e-05 -1.50603e-05 0.0103628 
-0.138706 0.034188 0.000104651 -2.5616e-05 0.0130042 
-0.158521 0.0390719 0.000151199 -3.80168e-05 0.0156521 
-0.178336 0.0439559 0.000205123 -5.20927e-05 0.0182654 
-0.198151 0.0488399 0.000266249 -6.76735e-05 0.0208274 
-0.217967 0.0537239 0.000334404 -8.45891e-05 0.0233415 
-0.237782 0.0586079 0.000409413 -0.000102669 0.0258248 
-0.257597 0.0634919 0.000491102 -0.000121744 0.0283009 
-0.277412 0.0683759 0.000579297 -0.000141644 0.0307923 
-0.297227 0.0732599 0.000673823 -0.000162198 0.033315 
-0.317042 0.0781439 0.000774507 -0.000183236 0.0358752 
-0.336857 0.0830279 0.000881173 -0.000204588 0.0384688 
-0.356673 0.0879119 0.000993649 -0.000226084 0.0410852 
-0.376488 0.0927959 0.00111176 -0.000247555 0.0437143 
-0.396303 0.0976799 0.00123533 -0.000268829 0.0463562 
-0.416118 0.102564 0.00136419 -0.000289737 0.0490315 
-0.435933 0.107448 0.00149816 -0.000310108 0.0517903 
-0.455748 0.112332 0.00164411 -0.000326771 0.0547033 
-0.475563 0.117216 0.00181173 -0.000338999 0.0576927 
-0.495378 0.1221 0.00198789 -0.000354509 0.0607206 
-0.515194 0.126984 0.00217221 -0.000373909 0.063787 
-0.535009 0.131868 0.00236432 -0.000397809 0.0668904 
-0.554824 0.136752 0.00256385 -0.000426818 0.0700284 
-0.574639 0.141636 0.00277044 -0.000461544 0.0731979 
-0.594454 0.14652 0.0029837 -0.000502598 0.0763951 
-0.614269 0.151404 0.00320327 -0.000550588 0.0796153 
-0.634084 0.156288 0.00342878 -0.000606122 0.0828536 
-0.6539 0.161172 0.00365986 -0.000669811 0.0861048 
-0.673715 0.166056 0.00389613 -0.000742264 0.0893632 
-0.69353 0.17094 0.00413721 -0.000814731 0.0926245 
-0.713345 0.175824 0.00438043 -0.00086945 0.0959002 
-0.73316 0.180708 0.00462391 -0.000926744 0.099183 
-0.752975 0.185592 0.00486685 -0.000986674 0.102463 
-0.77279 0.190476 0.0051085 -0.0010493 0.105733 
-0.792606 0.19536 0.0053481 -0.00111468 0.108989 
-0.812421 0.200244 0.0055849 -0.00118287 0.112229 
-0.832236 0.205128 0.00581819 -0.00125393 0.115446 
-0.852051 0.210012 0.00604722 -0.00132792 0.118634 
-0.871866 0.214896 0.0062713 -0.0014049 0.121783 
-0.891681 0.21978 0.00648972 -0.00148491 0.124881 
-0.911496 0.224664 0.00670178 -0.00156803 0.127917 
-0.931312 0.229548 0.00690681 -0.0016543 0.130891 
-0.951127 0.234432 0.00710414 -0.00174378 0.133814 
-0.970942 0.239316 0.00729309 -0.00183653 0.136729 
-2.01363e-10 3.01361e-10 -1.17884e-13 3.44121e-13 1.35229e-19 
-0.0200739 0.00367867 -1.04362e-05 3.04726e-06 0.000422305 
-0.0401478 0.00735735 -1.24601e-05 3.8664e-06 0.00156624 
-0.0602216 0.011036 -6.09349e-06 2.57537e-06 0.00326588 
-0.0802955 0.0147147 8.64176e-06 -7.07865e-07 0.00537521 
-0.100369 0.0183934 3.17238e-05 -5.86536e-06 0.00776633 
-0.120443 0.022072 6.31307e-05 -1.27792e-05 0.0103307 
-0.140517 0.0257507 0.000102841 -2.13313e-05 0.0129812 
-0.160591 0.0294294 0.000150832 -3.14039e-05 0.0156537 
-0.180665 0.0331081 0.000207082 -4.28789e-05 0.0183071 
-0.200739 0.0367867 0.00027157 -5.56384e-05 0.020922 
-0.220813 0.0404654 0.000344274 -6.95644e-05 0.0234971 
-0.240887 0.0441441 0.000425171 -8.45391e-05 0.0260449 
-0.26096 0.0478228 0.00051424 -0.000100444 0.0285855 
-0.281034 0.0515014 0.00061146 -0.000117162 0.0311418 
-0.301108 0.0551801 0.000716807 -0.000134575 0.0337335 
-0.321182 0.0588588 0.000830261 -0.000152564 0.0363746 
-0.341256 0.0625375 0.000951799 -0.000171013 0.0390706 
-0.36133 0.0662161 0.0010814 -0.000189802 0.0418205 
-0.381404 0.0698948 0.00121904 -0.000208814 0.0446201 
-0.401478 0.0735735 0.0013647 -0.000227931 0.047468 
-0.421551 0.0772522 0.00151836 -0.000247035 0.0503744 
-0.441625 0.0809308 0.00167999 -0.000266008 0.0533697 
-0.461699 0.0846095 0.00185056 -0.000284258 0.0565136 
-0.481773 0.0882882 0.00206975 -0.000285522 0.0597819 
-0.501847 0.0919669 0.00230154 -0.000290362 0.0631024 
-0.521921 0.0956455 0.00254565 -0.000299514 0.0664733 
-0.541995 0.0993242 0.00280174 -0.000313713 0.0698916 
-0.562069 0.103003 0.00306953 -0.000333695 0.0733536 
-0.582142 0.106682 0.0033487 -0.000360195 0.0768544 
-0.602216 0.11036 0.00363894 -0.000393949 0.0803886 
-0.62229 0.114039 0.00393994 -0.000435693 0.08395 
-0.642364 0.117718 0.00423998 -0.000468474 0.0875423 
-0.662438 0.121396 0.00454243 -0.000497483 0.0911767 
-0.682512 0.125075 0.00484977 -0.000527705 0.0948373 
-0.702586 0.128754 0.00516115 -0.000559168 0.0985109 
-0.72266 0.132432 0.00547574 -0.000591899 0.102189 
-0.742733 0.136111 0.00579272 -0.000625928 0.105865 
-0.762807 0.13979 0.00611128 -0.00066128 0.109537 
-0.782881 0.143468 0.00643061 -0.000697984 0.113204 
-0.802955 0.147147 0.00674993 -0.000736069 0.116866 
-0.823029 0.150826 0.00706845 -0.000775561 0.12052 
-0.843103 0.154504 0.0073854 -0.000816489 0.124164 
-0.863177 0.158183 0.0077 -0.00085888 0.127793 
-0.883251 0.161862 0.00801151 -0.000902762 0.131399 
-0.903324 0.16554 0.00831918 -0.000948163 0.134972 
-0.923398 0.169219 0.00862227 -0.000995112 0.138505 
-0.943472 0.172898 0.00892004 -0.00104364 0.141996 
-0.963546 0.176576 0.00921178 -0.00109376 0.145451 
-0.98362 0.180255 0.00949676 -0.00114552 0.148897 
-2.01363e-10 3.01361e-10 -1.17884e-13 3.44121e-13 1.35229e-19 
-0.0202594 0.00245993 -1.09174e-05 2.019e-06 0.000422409 
-0.0405187 0.00491986 -1.37222e-05 2.50388e-06 0.00156388 
-0.0607781 0.0073798 -8.26147e-06 1.5233e-06 0.00325584 
-0.0810375 0.00983973 5.61768e-06 -8.54028e-07 0.00535314 
-0.101297 0.0122997 2.80682e-05 -4.55943e-06 0.00773214 
-0.121556 0.0147596 5.92429e-05 -9.52421e-06 0.0102902 
-0.141816 0.0172195 9.92948e-05 -1.56797e-05 0.0129457 
-0.162075 0.0196795 0.000148377 -2.29572e-05 0.0156382 
-0.182334 0.0221394 0.000206642 -3.1288e-05 0.0183271 
-0.202594 0.0245993 0.000274242 -4.06034e-05 0.0209907 
-0.222853 0.0270593 0.000351332 -5.08348e-05 0.0236231 
-0.243112 0.0295192 0.000438063 -6.19134e-05 0.0262315 
-0.263372 0.0319791 0.000534589 -7.37706e-05 0.0288319 
-0.283631 0.0344391 0.000641062 -8.63377e-05 0.0314453 
-0.30389 0.036899 0.000757635 -9.9546e-05 0.0340942 
-0.32415 0.0393589 0.000884462 -0.000113327 0.0367985 
-0.344409 0.0418188 0.00102169 -0.000127611 0.0395743 
-0.364669 0.0442788 0.00116949 -0.000142331 0.0424319 
-0.384928 0.0467387 0.00132799 -0.000157417 0.0453772 
-0.405187 0.0491986 0.00149736 -0.000172801 0.0484133 
-0.425447 0.0516586 0.00167775 -0.000188414 0.0515448 
-0.445706 0.0541185 0.0018693 -0.000204187 0.0547831 
-0.465965 0.0565784 0.00207219 -0.000220053 0.0581529 
-0.486225 0.0590384 0.00232559 -0.000218693 0.06167 
-0.506484 0.0614983 0.0026191 -0.000209833 0.0652575 
-0.526743 0.0639582 0.00293013 -0.000205309 0.0689027 
-0.547003 0.0664182 0.00325849 -0.00020596 0.0726006 
-0.567262 0.0688781 0.003604 -0.000212626 0.0763451 
-0.587522 0.071338 0.00394803 -0.00022399 0.0801334 
-0.607781 0.073798 0.0042846 -0.000235106 0.0839826 
-0.62804 0.0762579 0.00463092 -0.000246445 0.0878859 
-0.6483 0.0787178 0.00498612 -0.00025801 0.0918319 
-0.668559 0.0811778 0.00534929 -0.000269798 0.0958099 
-0.688818 0.0836377 0.00571956 -0.000281813 0.099811 
-0.709078 0.0860976 0.00609606 -0.000294052 0.103828 
-0.729337 0.0885576 0.00647792 -0.000306518 0.107854 
-0.749596 0.0910175 0.00686429 -0.000319212 0.111886 
-0.769856 0.0934774 0.00725432 -0.000332133 0.115922 
-0.790115 0.0959374 0.00764716 -0.000345284 0.119958 
-0.810375 0.0983973 0.00804199 -0.000358666 0.123996 
-0.830634 0.100857 0.00843798 -0.00037228 0.128032 
-0.850893 0.103317 0.00883431 -0.000386129 0.132066 
-0.871153 0.105777 0.00923016 -0.000400213 0.136096 
-0.891412 0.108237 0.00962472 -0.000414536 0.140118 
-0.911671 0.110697 0.0100172 -0.0004291 0.144129 
-0.931931 0.113157 0.0104068 -0.000443908 0.148124 
-0.95219 0.115617 0.0107928 -0.000458962 0.152101 
-0.97245 0.118077 0.0111743 -0.000474265 0.156059 
-0.992709 0.120537 0.0115506 -0.000489822 0.160003 
-2.01363e-10 3.01361e-10 -1.17884e-13 3.44121e-13 1.35229e-19 
-0.0203709 0.00123221 -1.14071e-05 1.00318e-06 0.000422308 
-0.0407419 0.00246443 -1.5116e-05 1.21706e-06 0.00156116 
-0.0611128 0.00369664 -1.07823e-05 6.69326e-07 0.00324568 
-0.0814837 0.00492886 1.93855e-06 -6.12333e-07 0.00533116 
-0.101855 0.00616107 2.3391e-05 -2.60024e-06 0.00769708 
-0.122226 0.00739329 5.39195e-05 -5.26671e-06 0.0102454 
-0.142597 0.0086255 9.38685e-05 -8.58405e-06 0.0128994 
-0.162967 0.00985771 0.000143583 -1.25246e-05 0.0156016 
-0.183338 0.0110899 0.000203406 -1.70607e-05 0.0183128 
-0.203709 0.0123221 0.000273684 -2.21645e-05 0.02101 
-0.22408 0.0135544 0.000354759 -2.78086e-05 0.0236842 
-0.244451 0.0147866 0.000446978 -3.39651e-05 0.0263379 
-0.264822 0.0160188 0.000550684 -4.06064e-05 0.0289832 
-0.285193 0.017251 0.000666222 -4.77048e-05 0.0316385 
-0.305564 0.0184832 0.000793937 -5.52326e-05 0.0343263 
-0.325935 0.0197154 0.000934172 -6.31621e-05 0.0370708 
-0.346306 0.0209476 0.00108727 -7.14657e-05 0.0398951 
-0.366677 0.0221799 0.00125358 -8.01156e-05 0.0428198 
-0.387048 0.0234121 0.00143345 -8.90843e-05 0.0458614 
-0.407419 0.0246443 0.00162721 -9.83439e-05 0.0490312 
-0.42779 0.0258765 0.00183522 -0.000107867 0.0523352 
-0.44816 0.0271087 0.00205781 -0.000117625 0.0557745 
-0.468531 0.0283409 0.00229533 -0.000127592 0.0593461 
-0.488902 0.0295731 0.00255832 -0.00013316 0.0630444 
-0.509273 0.0308054 0.00291708 -0.000106524 0.0668278 
-0.529644 0.0320376 0.00329943 -8.37322e-05 0.0706665 
-0.550015 0.0332698 0.0036573 -7.89735e-05 0.0745578 
-0.570386 0.034502 0.00400948 -8.07261e-05 0.0785123 
-0.590757 0.0357342 0.004375 -8.22628e-05 0.0825301 
-0.611128 0.0369664 0.00475294 -8.35704e-05 0.0866083 
-0.631499 0.0381986 0.00514234 -8.46362e-05 0.0907421 
-0.65187 0.0394309 0.00554228 -8.54473e-05 0.0949255 
-0.672241 0.0406631 0.00595184 -8.59911e-05 0.0991517 
-0.692612 0.0418953 0.00637009 -8.62549e-05 0.103413 
-0.712983 0.0431275 0.00679611 -8.62263e-05 0.107703 
-0.733353 0.0443597 0.00722899 -8.58929e-05 0.112012 
-0.753724 0.0455919 0.00766782 -8.52423e-05 0.116336 
-0.774095 0.0468241 0.00811171 -8.42623e-05 0.120667 
-0.794466 0.0480564 0.00855974 -8.29408e-05 0.125001 
-0.814837 0.0492886 0.00901102 -8.12658e-05 0.129332 
-0.835208 0.0505208 0.00946466 -7.92253e-05 0.133657 
-0.855579 0.051753 0.00991978 -7.68074e-05 0.137974 
-0.87595 0.0529852 0.0103755 -7.40004e-05 0.142282 
-0.896321 0.0542174 0.0108309 -7.07926e-05 0.146581 
-0.916692 0.0554496 0.0112852 -6.71724e-05 0.15087 
-0.937063 0.0566819 0.0117374 -6.31283e-05 0.155152 
-0.957434 0.0579141 0.0121868 -5.8649e-05 0.15943 
-0.977805 0.0591463 0.0126324 -5.37231e-05 0.163707 
-0.998176 0.0603785 0.0130734 -4.83393e-05 0.167986 
-2.01363e-10 3.01361e-10 -1.17884e-13 3.44121e-13 1.35229e-19 
-0.0204082 -2.54957e-10 -1.19011e-05 -1.82283e-13 0.000422062 
-0.0408163 -1.69991e-10 -1.66306e-05 -2.99724e-14 0.00155866 
-0.0612245 -8.50247e-11 -1.36419e-05 6.93158e-14 0.00323731 
-0.0816327 1.5068e-10 -2.38849e-06 9.19814e-14 0.00531313 
-0.102041 1.5068e-10 1.76763e-05 7.98995e-14 0.00766674 
-0.122449 -1.89301e-10 4.70991e-05 3.34436e-13 0.0102022 
-0.142857 -1.32657e-10 8.64264e-05 3.66057e-13 0.0128449 
-0.163265 1.5068e-10 0.000136205 4.9868e-14 0.0155397 
-0.183673 1.5068e-10 0.000196981 3.92545e-14 0.0182486 
-0.204082 1.5068e-10 0.000269301 2.70026e-14 0.0209488 
-0.22449 -2.77556e-17 0.000353713 3.49267e-13 0.0236307 
-0.244898 -5.55112e-17 0.000450762 3.72852e-13 0.0262957 
-0.265306 1.5068e-10 0.000560994 -2.76073e-14 0.0289542 
-0.285714 1.50681e-10 0.000684958 -5.44363e-14 0.0316236 
-0.306122 0 0.000823199 4.11372e-13 0.0343262 
-0.326531 5.55112e-17 0.000976263 4.10792e-13 0.037087 
-0.346939 5.79903e-11 0.0011447 1.81183e-13 0.0399319 
-0.367347 1.71278e-10 0.00132905 -3.09792e-13 0.0428854 
-0.387755 2.84566e-10 0.00152987 -8.64209e-13 0.0459686 
-0.408163 5.55112e-17 0.00174769 3.19984e-13 0.0491973 
-0.428571 0 0.00198307 2.71149e-13 0.0525798 
-0.44898 1.27508e-10 0.00223656 -4.24501e-13 0.0561146 
-0.469388 2.12474e-10 0.00250869 -9.67489e-13 0.0597888 
-0.489796 2.9744e-10 0.00280003 -1.55957e-12 0.0635757 
-0.510204 2.72851e-09 0.00311679 -4.52979e-12 0.0674346 
-0.530612 4.90476e-10 0.00345693 -7.16943e-13 0.0713441 
-0.55102 5.03039e-11 0.00381311 -2.53993e-14 0.075311 
-0.571429 1.28992e-09 0.00418435 -1.62982e-12 0.0793401 
-0.591837 4.09028e-09 0.00456964 -4.68225e-12 0.0834334 
-0.612245 8.33141e-09 0.00496799 -8.32294e-12 0.0875906 
-0.632653 3.72727e-11 0.00537837 -1.47693e-13 0.0918091 
-0.653061 3.37229e-10 0.00579981 -4.20051e-13 0.0960844 
-0.673469 1.92414e-09 0.00623129 -1.22931e-12 0.100411 
-0.693878 4.68535e-09 0.00667181 -1.82147e-12 0.10478 
-0.714286 8.50763e-09 0.00712038 -1.46601e-12 0.109186 
-0.734694 5.74834e-17 0.00757598 -6.30854e-13 0.113619 
-0.755102 6.46522e-10 0.00803762 -5.72003e-13 0.118071 
-0.77551 2.23996e-09 0.0085043 2.46059e-13 0.122532 
-0.795918 4.65286e-09 0.00897501 2.38555e-12 0.126996 
-0.816327 1.36966e-12 0.00944875 -1.20014e-12 0.131455 
-0.836735 4.39873e-11 0.00992452 -1.30333e-12 0.135902 
-0.857143 7.79138e-10 0.0104013 -3.7502e-13 0.140334 
-0.877551 2.11572e-09 0.0108782 1.96591e-12 0.144747 
-0.897959 3.96244e-09 0.011354 6.03741e-12 0.149142 
-0.918367 1.0247e-16 0.0118279 -1.99351e-12 0.153519 
-0.938776 6.57548e-11 0.0122988 -1.98372e-12 0.157883 
-0.959184 6.47926e-10 0.0127657 -4.69078e-13 0.162243 
-0.979592 1.56638e-09 0.0132276 2.45219e-12 0.166609 
-1 -1.22436e-08 0.0136836 -4.4728e-11 0.170997 
-2.01363e-10 3.01361e-10 -1.17884e-13 3.44121e-13 1.35229e-19 
-0.0203709 -0.00123221 -1.14071e-05 -1.00318e-06 0.000422308 
-0.0407419 -0.00246443 -1.5116e-05 -1.21706e-06 0.00156116 
-0.0611128 -0.00369664 -1.07823e-05 -6.69326e-07 0.00324568 
-0.0814837 -0.00492886 1.93855e-06 6.12333e-07 0.00533116 
-0.101855 -0.00616107 2.3391e-05 2.60024e-06 0.00769708 
-0.122226 -0.00739329 5.39195e-05 5.26671e-06 0.0102454 
-0.142597 -0.0086255 9.38685e-05 8.58405e-06 0.0128994 
-0.162967 -0.00985771 0.000143583 1.25246e-05 0.0156016 
-0.183338 -0.0110899 0.000203406 1.70607e-05 0.0183128 
-0.203709 -0.0123221 0.000273684 2.21645e-05 0.02101 
-0.22408 -0.0135544 0.000354759 2.78086e-05 0.0236842 
-0.244451 -0.0147866 0.000446978 3.39651e-05 0.0263379 
-0.264822 -0.0160188 0.000550684 4.06064e-05 0.0289832 
-0.285193 -0.017251 0.000666222 4.77048e-05 0.0316385 
-0.305564 -0.0184832 0.000793937 5.52326e-05 0.0343263 
-0.325935 -0.0197154 0.000934172 6.31621e-05 0.0370708 
-0.346306 -0.0209476 0.00108727 7.14657e-05 0.0398951 
-0.366677 -0.0221799 0.00125358 8.01156e-05 0.0428198 
-0.387048 -0.0234121 0.00143345 8.90843e-05 0.0458614 
-0.407419 -0.0246443 0.00162721 9.83439e-05 0.0490312 
-0.42779 -0.0258765 0.00183522 0.000107867 0.0523352 
-0.44816 -0.0271087 0.00205781 0.000117625 0.0557745 
-0.468531 -0.0283409 0.00229533 0.000127592 0.0593461 
-0.488902 -0.0295731 0.00255832 0.00013316 0.0630444 
-0.509273 -0.0308054 0.00291708 0.000106524 0.0668278 
-0.529644 -0.0320376 0.00329943 8.37322e-05 0.0706665 
-0.550015 -0.0332698 0.0036573 7.89735e-05 0.0745578 
-0.570386 -0.034502 0.00400948 8.07261e-05 0.0785123 
-0.590757 -0.0357342 0.004375 8.22628e-05 0.0825301 
-0.611128 -0.0369664 0.00475294 8.35704e-05 0.0866083 
-0.631499 -0.0381986 0.00514234 8.46362e-05 0.0907421 
-0.65187 -0.0394309 0.00554228 8.54473e-05 0.0949255 
-0.672241 -0.0406631 0.00595184 8.59911e-05 0.0991517 
-0.692612 -0.0418953 0.00637009 8.62549e-05 0.103413 
-0.712983 -0.0431275 0.00679611 8.62263e-05 0.107703 
-0.733353 -0.0443597 0.00722899 8.58929e-05 0.112012 
-0.753724 -0.0455919 0.00766782 8.52423e-05 0.116336 
-0.774095 -0.0468241 0.00811171 8.42623e-05 0.120667 
-0.794466 -0.0480564 0.00855974 8.29408e-05 0.125001 
-0.814837 -0.0492886 0.00901102 8.12658e-05 0.129332 
-0.835208 -0.0505208 0.00946466 7.92253e-05 0.133657 
-0.855579 -0.051753 0.00991978 7.68074e-05 0.137974 
-0.87595 -0.0529852 0.0103755 7.40004e-05 0.142282 
-0.896321 -0.0542174 0.0108309 7.07926e-05 0.146581 
-0.916692 -0.0554496 0.0112852 6.71724e-05 0.15087 
-0.937063 -0.0566819 0.0117374 6.31283e-05 0.155152 
-0.957434 -0.0579141 0.0121868 5.8649e-05 0.15943 
-0.977805 -0.0591463 0.0126324 5.37231e-05 0.163707 
-0.998176 -0.0603785 0.0130734 4.83393e-05 0.167986 
-2.01363e-10 3.01361e-10 -1.17884e-13 3.44121e-13 1.35229e-19 
-0.0202594 -0.00245993 -1.09174e-05 -2.019e-06 0.000422409 
-0.0405187 -0.00491986 -1.37222e-05 -2.50388e-06 0.00156388 
-0.0607781 -0.0073798 -8.26147e-06 -1.5233e-06 0.00325584 
-0.0810375 -0.00983973 5.61768e-06 8.54028e-07 0.00535314 
-0.101297 -0.0122997 2.80682e-05 4.55943e-06 0.00773214 
-0.121556 -0.0147596 5.92429e-05 9.52421e-06 0.0102902 
-0.141816 -0.0172195 9.92948e-05 1.56797e-05 0.0129457 
-0.162075 -0.0196795 0.000148377 2.29572e-05 0.0156382 
-0.182334 -0.0221394 0.000206642 3.1288e-05 0.0183271 
-0.202594 -0.0245993 0.000274242 4.06034e-05 0.0209907 
-0.222853 -0.0270593 0.000351332 5.08348e-05 0.0236231 
-0.243112 -0.0295192 0.000438063 6.19134e-05 0.0262315 
-0.263372 -0.0319791 0.000534589 7.37706e-05 0.0288319 
-0.283631 -0.0344391 0.000641062 8.63377e-05 0.0314453 
-0.30389 -0.036899 0.000757635 9.9546e-05 0.0340941 
-0.32415 -0.0393589 0.000884462 0.000113327 0.0367985 
-0.344409 -0.0418188 0.00102169 0.000127611 0.0395743 
-0.364669 -0.0442788 0.00116949 0.000142331 0.0424319 
-0.384928 -0.0467387 0.00132799 0.000157417 0.0453772 
-0.405187 -0.0491986 0.00149736 0.000172801 0.0484133 
-0.425447 -0.0516586 0.00167775 0.000188414 0.0515448 
-0.445706 -0.0541185 0.0018693 0.000204187 0.0547831 
-0.465965 -0.0565784 0.00207219 0.000220053 0.0581529 
-0.486225 -0.0590384 0.00232559 0.000218693 0.06167 
-0.506484 -0.0614983 0.0026191 0.000209833 0.0652575 
-0.526743 -0.0639582 0.00293013 0.000205309 0.0689027 
-0.547003 -0.0664182 0.00325849 0.00020596 0.0726006 
-0.567262 -0.0688781 0.003604 0.000212626 0.0763451 
-0.587522 -0.071338 0.00394803 0.00022399 0.0801334 
-0.607781 -0.073798 0.0042846 0.000235106 0.0839826 
-0.62804 -0.0762579 0.00463092 0.000246445 0.0878859 
-0.6483 -0.0787178 0.00498612 0.00025801 0.0918319 
-0.668559 -0.0811778 0.00534929 0.000269798 0.0958099 
-0.688818 -0.0836377 0.00571956 0.000281813 0.099811 
-0.709078 -0.0860976 0.00609606 0.000294052 0.103828 
-0.729337 -0.0885576 0.00647792 0.000306518 0.107854 
-0.749596 -0.0910175 0.00686429 0.000319212 0.111886 
-0.769856 -0.0934774 0.00725432 0.000332133 0.115922 
-0.790115 -0.0959374 0.00764716 0.000345284 0.119958 
-0.810375 -0.0983973 0.00804199 0.000358666 0.123996 
-0.830634 -0.100857 0.00843798 0.00037228 0.128032 
-0.850893 -0.103317 0.00883431 0.000386129 0.132066 
-0.871153 -0.105777 0.00923016 0.000400213 0.136096 
-0.891412 -0.108237 0.00962472 0.000414536 0.140118 
-0.911671 -0.110697 0.0100172 0.0004291 0.144129 
-0.931931 -0.113157 0.0104068 0.000443908 0.148124 
-0.95219 -0.115617 0.0107928 0.000458962 0.152101 
-0.97245 -0.118077 0.0111743 0.000474265 0.156059 
-0.992709 -0.120537 0.0115506 0.000489822 0.160003 
-2.01363e-10 3.01361e-10 -1.17884e-13 3.44121e-13 1.35229e-19 
-0.0200739 -0.00367867 -1.04362e-05 -3.04726e-06 0.000422305 
-0.0401478 -0.00735735 -1.24601e-05 -3.8664e-06 0.00156624 
-0.0602216 -0.011036 -6.09349e-06 -2.57537e-06 0.00326588 
-0.0802955 -0.0147147 8.64176e-06 7.07865e-07 0.00537521 
-0.100369 -0.0183934 3.17238e-05 5.86536e-06 0.00776633 
-0.120443 -0.022072 6.31307e-05 1.27792e-05 0.0103307 
-0.140517 -0.0257507 0.000102841 2.13313e-05 0.0129812 
-0.160591 -0.0294294 0.000150832 3.14039e-05 0.0156537 
-0.180665 -0.0331081 0.000207082 4.28789e-05 0.0183071 
-0.200739 -0.0367867 0.00027157 5.56384e-05 0.020922 
-0.220813 -0.0404654 0.000344274 6.95644e-05 0.0234971 
-0.240887 -0.0441441 0.000425171 8.45391e-05 0.0260449 
-0.26096 -0.0478228 0.00051424 0.000100444 0.0285855 
-0.281034 -0.0515014 0.00061146 0.000117162 0.0311418 
-0.301108 -0.0551801 0.000716807 0.000134575 0.0337335 
-0.321182 -0.0588588 0.000830261 0.000152564 0.0363746 
-0.341256 -0.0625375 0.000951799 0.000171013 0.0390706 
-0.36133 -0.0662161 0.0010814 0.000189802 0.0418205 
-0.381404 -0.0698948 0.00121904 0.000208814 0.0446201 
-0.401478 -0.0735735 0.0013647 0.000227931 0.047468 
-0.421551 -0.0772522 0.00151836 0.000247035 0.0503744 
-0.441625 -0.0809308 0.00167999 0.000266008 0.0533697 
-0.461699 -0.0846095 0.00185056 0.000284258 0.0565136 
-0.481773 -0.0882882 0.00206975 0.000285522 0.0597819 
-0.501847 -0.0919669 0.00230154 0.000290362 0.0631024 
-0.521921 -0.0956455 0.00254565 0.000299514 0.0664733 
-0.541995 -0.0993242 0.00280174 0.000313713 0.0698916 
-0.562069 -0.103003 0.00306953 0.000333695 0.0733536 
-0.582142 -0.106682 0.0033487 0.000360195 0.0768544 
-0.602216 -0.11036 0.00363894 0.000393949 0.0803886 
-0.62229 -0.114039 0.00393994 0.000435693 0.08395 
-0.642364 -0.117718 0.00423998 0.000468474 0.0875423 
-0.662438 -0.121396 0.00454243 0.000497483 0.0911767 
-0.682512 -0.125075 0.00484977 0.000527705 0.0948373 
-0.702586 -0.128754 0.00516115 0.000559168 0.0985109 
-0.72266 -0.132432 0.00547574 0.000591899 0.102189 
-0.742733 -0.136111 0.00579272 0.000625928 0.105865 
-0.762807 -0.13979 0.00611128 0.00066128 0.109537 
-0.782881 -0.143468 0.00643061 0.000697984 0.113204 
-0.802955 -0.147147 0.00674993 0.000736069 0.116866 
-0.823029 -0.150826 0.00706845 0.000775561 0.12052 
-0.843103 -0.154504 0.0073854 0.000816489 0.124164 
-0.863177 -0.158183 0.0077 0.00085888 0.127793 
-0.883251 -0.161862 0.00801151 0.000902762 0.131399 
-0.903324 -0.16554 0.00831918 0.000948163 0.134972 
-0.923398 -0.169219 0.00862227 0.000995112 0.138505 
-0.943472 -0.172898 0.00892004 0.00104364 0.141996 
-0.963546 -0.176576 0.00921178 0.00109376 0.145451 
-0.98362 -0.180255 0.00949676 0.00114552 0.148897 
-2.01363e-10 3.01361e-10 -1.17884e-13 3.44121e-13 1.35229e-19 
-0.0198151 -0.00488399 -9.96706e-06 -4.08738e-06 0.00042195 
-0.0396303 -0.00976799 -1.1338e-05 -5.30898e-06 0.00156773 
-0.0594454 -0.014652 -4.28714e-06 -3.8349e-06 0.00327417 
-0.0792606 -0.019536 1.10114e-05 1.64736e-07 0.00539415 
-0.0990757 -0.02442 3.43835e-05 6.51984e-06 0.00779525 
-0.118891 -0.029304 6.56549e-05 1.50603e-05 0.0103628 
-0.138706 -0.034188 0.000104651 2.5616e-05 0.0130042 
-0.158521 -0.0390719 0.000151199 3.80168e-05 0.0156521 
-0.178336 -0.0439559 0.000205123 5.20927e-05 0.0182654 
-0.198151 -0.0488399 0.000266249 6.76735e-05 0.0208274 
-0.217967 -0.0537239 0.000334404 8.45891e-05 0.0233415 
-0.237782 -0.0586079 0.000409413 0.000102669 0.0258248 
-0.257597 -0.0634919 0.000491102 0.000121744 0.0283009 
-0.277412 -0.0683759 0.000579297 0.000141644 0.0307923 
-0.297227 -0.0732599 0.000673823 0.000162198 0.033315 
-0.317042 -0.0781439 0.000774507 0.000183236 0.0358752 
-0.336857 -0.0830279 0.000881173 0.000204588 0.0384688 
-0.356673 -0.0879119 0.000993649 0.000226084 0.0410852 
-0.376488 -0.0927959 0.00111176 0.000247555 0.0437143 
-0.396303 -0.0976799 0.00123533 0.000268829 0.0463562 
-0.416118 -0.102564 0.00136419 0.000289737 0.0490315 
-0.435933 -0.107448 0.00149816 0.000310108 0.0517903 
-0.455748 -0.112332 0.00164411 0.000326771 0.0547033 
-0.475563 -0.117216 0.00181173 0.000338999 0.0576927 
-0.495378 -0.1221 0.00198789 0.000354509 0.0607206 
-0.515194 -0.126984 0.00217221 0.000373909 0.063787 
-0.535009 -0.131868 0.00236432 0.000397809 0.0668904 
-0.554824 -0.136752 0.00256385 0.000426818 0.0700284 
-0.574639 -0.141636 0.00277044 0.000461544 0.0731979 
-0.594454 -0.14652 0.0029837 0.000502598 0.0763951 
-0.614269 -0.151404 0.00320327 0.000550588 0.0796153 
-0.634084 -0.156288 0.00342878 0.000606122 0.0828536 
-0.6539 -0.161172 0.00365986 0.000669811 0.0861048 
-0.673715 -0.166056 0.00389613 0.000742264 0.0893632 
-0.69353 -0.17094 0.00413721 0.000814731 0.0926245 
-0.713345 -0.175824 0.00438043 0.00086945 0.0959002 
-0.73316 -0.180708 0.00462391 0.000926744 0.099183 
-0.752975 -0.185592 0.00486685 0.000986674 0.102463 
-0.77279 -0.190476 0.0051085 0.0010493 0.105733 
-0.792606 -0.19536 0.0053481 0.00111468 0.108989 
-0.812421 -0.200244 0.0055849 0.00118287 0.112229 
-0.832236 -0.205128 0.00581819 0.00125393 0.115446 
-0.852051 -0.210012 0.00604722 0.00132792 0.118634 
-0.871866 -0.214896 0.0062713 0.0014049 0.121783 
-0.891681 -0.21978 0.00648972 0.00148491 0.124881 
-0.911496 -0.224664 0.00670178 0.00156803 0.127917 
-0.931312 -0.229548 0.00690681 0.0016543 0.130891 
-0.951127 -0.234432 0.00710414 0.00174378 0.133814 
-0.970942 -0.239316 0.00729309 0.00183653 0.136729 
-2.01363e-10 3.01361e-10 -1.17884e-13 3.44121e-13 1.35229e-19 
-0.0194841 -0.00607149 -9.51276e-06 -5.13846e-06 0.000421303 
-0.0389682 -0.012143 -1.03618e-05 -6.83438e-06 0.00156793 
-0.0584523 -0.0182145 -2.84642e-06 -5.30739e-06 0.00327932 
-0.0779364 -0.024286 1.27341e-05 -7.77182e-07 0.00540738 
-0.0974205 -0.0303575 3.60805e-05 6.5366e-06 0.00781549 
-0.116905 -0.0364289 6.68934e-05 1.64143e-05 0.0103835 
-0.136389 -0.0425004 0.000104874 2.86362e-05 0.013014 
-0.155873 -0.0485719 0.000149722 4.29828e-05 0.0156371 
-0.175357 -0.0546434 0.000201139 5.92342e-05 0.0182118 
-0.194841 -0.0607149 0.000258825 7.7171e-05 0.0207241 
-0.214325 -0.0667864 0.000322481 9.65733e-05 0.0231812 
-0.233809 -0.0728579 0.000391808 0.000117222 0.0256039 
-0.253293 -0.0789294 0.000466507 0.000138896 0.0280175 
-0.272777 -0.0850009 0.000546278 0.000161377 0.0304433 
-0.292261 -0.0910724 0.000630822 0.000184445 0.0328931 
-0.311746 -0.0971439 0.000719839 0.000207881 0.0353659 
-0.33123 -0.103215 0.000813031 0.000231464 0.03785 
-0.350714 -0.109287 0.000910098 0.000254975 0.0403291 
-0.370198 -0.115358 0.00101074 0.000278194 0.0427918 
-0.389682 -0.12143 0.00111466 0.000300903 0.0452434 
-0.409166 -0.127501 0.00122156 0.00032288 0.0477154 
-0.42865 -0.133573 0.00133113 0.000343906 0.050269 
-0.448134 -0.139644 0.00144639 0.000363885 0.0529557 
-0.467618 -0.145716 0.00156943 0.000385497 0.0556818 
-0.487102 -0.151787 0.00169807 0.000409852 0.0584325 
-0.506587 -0.157859 0.00183193 0.000437417 0.0612089 
-0.526071 -0.16393 0.00197067 0.000468658 0.0640109 
-0.545555 -0.170002 0.0021139 0.000504042 0.0668375 
-0.565039 -0.176073 0.00226127 0.000544037 0.0696869 
-0.584523 -0.182145 0.00241241 0.000589108 0.0725564 
-0.604007 -0.188216 0.00256696 0.000639722 0.075443 
-0.623491 -0.194288 0.00272455 0.000696347 0.0783427 
-0.642975 -0.200359 0.00288483 0.000759449 0.0812516 
-0.662459 -0.206431 0.00304742 0.000829494 0.084165 
-0.681943 -0.212502 0.00321196 0.00090695 0.0870781 
-0.701428 -0.218574 0.00337809 0.000992283 0.0899862 
-0.720912 -0.224645 0.00354545 0.00108596 0.0928843 
-0.740396 -0.230717 0.00371366 0.00118845 0.0957676 
-0.75988 -0.236788 0.00388237 0.00130021 0.0986315 
-0.779364 -0.24286 0.00405226 0.00139425 0.101478 
-0.798848 -0.248931 0.0042186 0.00148659 0.104312 
-0.818332 -0.255003 0.00438013 0.00158314 0.107125 
-0.837816 -0.261074 0.00453617 0.00168399 0.109911 
-0.8573 -0.267146 0.00468605 0.00178921 0.11266 
-0.876784 -0.273217 0.00482914 0.0018989 0.115361 
-0.896269 -0.279289 0.0049648 0.00201313 0.118003 
-0.915753 -0.28536 0.0050924 0.00213198 0.120581 
-0.935237 -0.291432 0.00521132 0.00225555 0.123099 
-0.954721 -0.297503 0.00532095 0.0023839 0.125587 
-2.01363e-10 3.01361e-10 -1.17884e-13 3.44121e-13 1.35229e-19 
-0.019082 -0.00723683 -9.07547e-06 -6.19923e-06 0.000420341 
-0.0381639 -0.0144737 -9.53464e-06 -8.44374e-06 0.00156652 
-0.0572459 -0.0217105 -1.77082e-06 -6.99473e-06 0.00328032 
-0.0763279 -0.0289473 1.38227e-05 -2.1134e-06 0.00541297 
-0.0954098 -0.0361842 3.68526e-05 5.93906e-06 0.00782463 
-0.114492 -0.043421 6.69256e-05 1.69014e-05 0.0103908 
-0.133574 -0.0506578 0.000103648 3.05125e-05 0.0130105 
-0.152656 -0.0578947 0.000146628 4.65112e-05 0.0156117 
-0.171738 -0.0651315 0.00019547 6.46361e-05 0.0181537 
-0.19082 -0.0723683 0.000249782 8.46262e-05 0.0206245 
-0.209902 -0.0796052 0.000309171 0.00010622 0.023034 
-0.228984 -0.086842 0.000373243 0.000129157 0.0254052 
-0.248066 -0.0940788 0.000441605 0.000153175 0.0277642 
-0.267147 -0.101316 0.000513864 0.000178014 0.030131 
-0.286229 -0.108553 0.000589626 0.000203412 0.0325132 
-0.305311 -0.115789 0.000668498 0.000229107 0.0349051 
-0.324393 -0.123026 0.000750087 0.00025484 0.0372901 
-0.343475 -0.130263 0.000833999 0.000280348 0.0396496 
-0.362557 -0.1375 0.000919841 0.00030537 0.0419739 
-0.381639 -0.144737 0.00100722 0.000329646 0.0442744 
-0.400721 -0.151974 0.00109574 0.000352913 0.0465899 
-0.419803 -0.15921 0.00118502 0.000374911 0.0489818 
-0.438885 -0.166447 0.00127036 0.000401427 0.0514738 
-0.457967 -0.173684 0.00135721 0.000432014 0.0539828 
-0.477049 -0.180921 0.00144794 0.000464701 0.0565049 
-0.496131 -0.188158 0.00154225 0.000499805 0.0590426 
-0.515213 -0.195395 0.00163987 0.00053764 0.061597 
-0.534295 -0.202631 0.00174049 0.000578524 0.0641685 
-0.553377 -0.209868 0.00184385 0.000622772 0.0667567 
-0.572459 -0.217105 0.00194965 0.000670701 0.0693603 
-0.591541 -0.224342 0.00205762 0.000722626 0.0719774 
-0.610623 -0.231579 0.00216745 0.000778865 0.0746056 
-0.629705 -0.238816 0.00227887 0.000839732 0.0772419 
-0.648787 -0.246052 0.0023916 0.000905544 0.0798829 
-0.667869 -0.253289 0.00250534 0.000976617 0.0825249 
-0.686951 -0.260526 0.00261981 0.00105327 0.0851637 
-0.706033 -0.267763 0.00273473 0.00113581 0.0877953 
-0.725115 -0.275 0.00284981 0.00122457 0.0904154 
-0.744197 -0.282237 0.00296476 0.00131984 0.0930196 
-0.763279 -0.289473 0.00307931 0.00142197 0.0956037 
-0.782361 -0.29671 0.00319316 0.00153125 0.0981636 
-0.801442 -0.303947 0.00330603 0.001648 0.100695 
-0.820524 -0.311184 0.00341763 0.00177254 0.103196 
-0.839606 -0.318421 0.00352767 0.00190519 0.105661 
-0.858688 -0.325658 0.00363589 0.00204626 0.108089 
-0.87777 -0.332894 0.00373086 0.00218067 0.110479 
-0.896852 -0.340131 0.00381616 0.00231757 0.11283 
-0.915934 -0.347368 0.00389328 0.00246023 0.115135 
-0.935016 -0.354605 0.00396168 0.00260873 0.117393 
-2.01363e-10 3.01361e-10 -1.17884e-13 3.44121e-13 1.35229e-19 
-0.0186102 -0.00837577 -8.65664e-06 -7.26799e-06 0.000419051 
-0.0372204 -0.0167515 -8.85739e-06 -1.01366e-05 0.00156329 
-0.0558306 -0.0251273 -1.05575e-06 -8.8955e-06 0.00327644 
-0.0744408 -0.0335031 1.42948e-05 -3.83415e-06 0.00540962 
-0.093051 -0.0418789 3.67407e-05 4.75785e-06 0.00782107 
-0.111661 -0.0502546 6.58286e-05 1.65909e-05 0.0103836 
-0.130271 -0.0586304 0.000101105 3.13755e-05 0.0129938 
-0.148882 -0.0670062 0.000142116 4.8822e-05 0.0155783 
-0.167492 -0.0753819 0.000188409 6.86408e-05 0.0180965 
-0.186102 -0.0837577 0.00023953 9.05425e-05 0.0205373 
-0.204712 -0.0921335 0.000295025 0.000114237 0.0229121 
-0.223322 -0.100509 0.000354441 0.000139436 0.0252452 
-0.241933 -0.108885 0.000417325 0.000165849 0.0275626 
-0.260543 -0.117261 0.000483222 0.000193186 0.0298833 
-0.279153 -0.125637 0.00055168 0.000221158 0.0322127 
-0.297763 -0.134012 0.000622246 0.000249475 0.0345422 
-0.316373 -0.142388 0.000694464 0.000277848 0.0368533 
-0.334984 -0.150764 0.000767883 0.000305988 0.0391274 
-0.353594 -0.15914 0.000842048 0.000333604 0.0413574 
-0.372204 -0.167515 0.000916507 0.000360407 0.0435591 
-0.390814 -0.175891 0.000990805 0.000386108 0.0457741 
-0.409424 -0.184267 0.00106449 0.000410417 0.0480571 
-0.428035 -0.192643 0.00112567 0.000445384 0.0504121 
-0.446645 -0.201019 0.00118559 0.000485747 0.0527726 
-0.465255 -0.209394 0.00124891 0.000527606 0.0551396 
-0.483865 -0.21777 0.00131549 0.000571127 0.0575167 
-0.502475 -0.226146 0.0013852 0.000616474 0.0599067 
-0.521086 -0.234522 0.0014579 0.000663812 0.0623114 
-0.539696 -0.242897 0.00153345 0.000713307 0.0647319 
-0.558306 -0.251273 0.00161172 0.000765124 0.0671685 
-0.576916 -0.259649 0.00169257 0.000819427 0.069621 
-0.595526 -0.268025 0.00177587 0.000876381 0.0720883 
-0.614137 -0.2764 0.00186148 0.000936152 0.074569 
-0.632747 -0.284776 0.00194926 0.000998905 0.0770611 
-0.651357 -0.293152 0.00203908 0.00106481 0.0795623 
-0.669967 -0.301528 0.0021308 0.00113402 0.0820698 
-0.688577 -0.309904 0.00222429 0.0012067 0.0845805 
-0.707188 -0.318279 0.00231941 0.00128304 0.0870911 
-0.725798 -0.326655 0.00241602 0.00136317 0.0895983 
-0.744408 -0.335031 0.00251399 0.00144728 0.0920984 
-0.763018 -0.343407 0.00261319 0.00153553 0.0945878 
-0.781628 -0.351782 0.00271347 0.00162808 0.097063 
-0.800239 -0.360158 0.0028147 0.00172509 0.0995203 
-0.818849 -0.368534 0.00291675 0.00182674 0.101956 
-0.837459 -0.37691 0.00301947 0.00193318 0.104368 
-0.856069 -0.385285 0.00312274 0.00204459 0.106753 
-0.874679 -0.393661 0.00324143 0.00214081 0.109103 
-0.89329 -0.402037 0.00337037 0.00221914 0.111408 
-0.9119 -0.410413 0.00349963 0.00228925 0.113671 
-2.01363e-10 3.01361e-10 -1.17884e-13 3.44121e-13 1.35229e-19 
-0.0180705 -0.00948415 -8.25702e-06 -8.34268e-06 0.000417437 
-0.0361411 -0.0189683 -8.32854e-06 -1.19111e-05 0.00155815 
-0.0542116 -0.0284524 -6.92862e-07 -1.10053e-05 0.00326736 
-0.0722821 -0.0379366 1.41717e-05 -5.92547e-06 0.0053967 
-0.0903527 -0.0474207 3.5787e-05 3.02843e-06 0.00780404 
-0.108423 -0.0569049 6.36746e-05 1.55563e-05 0.0103614 
-0.126494 -0.066389 9.73562e-05 3.13581e-05 0.0129643 
-0.144564 -0.0758732 0.000136354 5.01337e-05 0.0155388 
-0.162635 -0.0853573 0.000180188 7.1583e-05 0.0180438 
-0.180705 -0.0948415 0.000228383 9.5406e-05 0.0204684 
-0.198776 -0.104326 0.000280458 0.000121303 0.022824 
-0.216846 -0.11381 0.000335935 0.000148973 0.0251352 
-0.234917 -0.123294 0.000394337 0.000178116 0.0274279 
-0.252987 -0.132778 0.000455185 0.000208433 0.0297207 
-0.271058 -0.142262 0.000518001 0.000239624 0.0320189 
-0.289128 -0.151746 0.000582306 0.000271387 0.0343134 
-0.307199 -0.16123 0.000647622 0.000303424 0.0365862 
-0.32527 -0.170715 0.000713472 0.000335434 0.0388194 
-0.34334 -0.180199 0.000779376 0.000367116 0.0410078 
-0.361411 -0.189683 0.000844856 0.000398172 0.0431686 
-0.379481 -0.199167 0.000909434 0.000428301 0.0453428 
-0.397552 -0.208651 0.000972632 0.000457202 0.047578 
-0.415622 -0.218135 0.00101854 0.00050153 0.0498701 
-0.433693 -0.22762 0.0010611 0.000553655 0.052165 
-0.451763 -0.237104 0.00110781 0.000606855 0.0544654 
-0.469834 -0.246588 0.00115874 0.000661151 0.0567765 
-0.487904 -0.256072 0.00121399 0.000716565 0.0591026 
-0.505975 -0.265556 0.00127362 0.000773118 0.0614474 
-0.524045 -0.27504 0.00133772 0.00083083 0.0638136 
-0.542116 -0.284524 0.00140637 0.000889724 0.0662035 
-0.560186 -0.294009 0.00147966 0.000949821 0.0686185 
-0.578257 -0.303493 0.00155765 0.00101114 0.0710596 
-0.596328 -0.312977 0.00164044 0.00107371 0.0735272 
-0.614398 -0.322461 0.0017281 0.00113754 0.0760212 
-0.632469 -0.331945 0.00182072 0.00120266 0.078541 
-0.650539 -0.341429 0.00191837 0.00126909 0.0810857 
-0.66861 -0.350913 0.00202114 0.00133685 0.0836539 
-0.68668 -0.360398 0.0021291 0.00140596 0.086244 
-0.704751 -0.369882 0.00224235 0.00147645 0.088854 
-0.722821 -0.379366 0.00236095 0.00154833 0.0914819 
-0.740892 -0.38885 0.002485 0.00162162 0.0941252 
-0.758962 -0.398334 0.00261456 0.00169635 0.0967816 
-0.777033 -0.407818 0.00274317 0.00179122 0.0994318 
-0.795103 -0.417302 0.00287358 0.00188195 0.102042 
-0.813174 -0.426787 0.00300542 0.00196668 0.104607 
-0.831244 -0.436271 0.00313812 0.0020442 0.107132 
-0.849315 -0.445755 0.00327115 0.00211332 0.109623 
-0.867386 -0.455239 0.00340397 0.00217288 0.112075 
-0.885456 -0.464723 0.00353604 0.00222169 0.114479 
-2.01363e-10 3.01361e-10 -1.17884e-13 3.44121e-13 1.35229e-19 
-0.0174649 -0.0105579 -7.8767e-06 -9.4208e-06 0.000415521 
-0.0349298 -0.0211158 -7.94435e-06 -1.37637e-05 0.00155113 
-0.0523948 -0.0316737 -6.7033e-07 -1.33173e-05 0.00325307 
-0.0698597 -0.0422317 1.3478e-05 -8.37028e-06 0.00537416 
-0.0873246 -0.0527896 3.40332e-05 7.88785e-07 0.00777357 
-0.10479 -0.0633475 6.0528e-05 1.38713e-05 0.0103244 
-0.122254 -0.0739054 9.2495e-05 3.05885e-05 0.0129227 
-0.139719 -0.0844633 0.000129467 5.0652e-05 0.0154945 
-0.157184 -0.0950212 0.000170976 7.3773e-05 0.0179981 
-0.174649 -0.105579 0.000216555 9.96629e-05 0.0204214 
-0.192114 -0.116137 0.000265737 0.000128033 0.0227749 
-0.209579 -0.126695 0.000318055 0.000158595 0.0250823 
-0.227044 -0.137253 0.00037304 0.00019106 0.0273696 
-0.244509 -0.147811 0.000430226 0.000225139 0.0296559 
-0.261974 -0.158369 0.000489145 0.000260545 0.0319481 
-0.279439 -0.168927 0.00054933 0.000296987 0.0342392 
-0.296904 -0.179485 0.000610313 0.000334178 0.0365131 
-0.314369 -0.190042 0.000671628 0.000371829 0.0387537 
-0.331834 -0.2006 0.000732806 0.000409651 0.0409557 
-0.349298 -0.211158 0.000793381 0.000447356 0.0431347 
-0.366763 -0.221716 0.000852884 0.000484655 0.0453282 
-0.384228 -0.232274 0.000910849 0.00052126 0.0475798 
-0.401693 -0.242832 0.000951732 0.000575049 0.0498891 
-0.419158 -0.25339 0.000986285 0.000642028 0.0522064 
-0.436623 -0.263948 0.00102688 0.000709979 0.0545341 
-0.454088 -0.274506 0.00107387 0.000778793 0.056879 
-0.471553 -0.285064 0.00112761 0.000848365 0.0592471 
-0.489018 -0.295622 0.00118847 0.000918585 0.0616439 
-0.506483 -0.30618 0.00125681 0.000989346 0.0640743 
-0.523948 -0.316737 0.00133297 0.00106054 0.0665423 
-0.541413 -0.327295 0.00141733 0.00113206 0.0690516 
-0.558878 -0.337853 0.00151025 0.0012038 0.0716054 
-0.576342 -0.348411 0.00161207 0.00127565 0.0742062 
-0.593807 -0.358969 0.00172316 0.0013475 0.0768562 
-0.611272 -0.369527 0.00184388 0.00141925 0.079557 
-0.628737 -0.380085 0.00197459 0.00149079 0.0823099 
-0.646202 -0.390643 0.00211564 0.00156201 0.0851158 
-0.663667 -0.401201 0.00226741 0.00163279 0.0879753 
-0.681132 -0.411759 0.002417 0.00172628 0.0908899 
-0.698597 -0.422317 0.00255665 0.00184752 0.0938438 
-0.716062 -0.432874 0.0026999 0.00196733 0.0967894 
-0.733527 -0.443432 0.0028461 0.00208436 0.0997021 
-0.750992 -0.45399 0.0029946 0.00219724 0.102576 
-0.768457 -0.464548 0.00314475 0.00230464 0.105414 
-0.785922 -0.475106 0.0032959 0.00240521 0.108215 
-0.803387 -0.485664 0.00344741 0.0024976 0.110971 
-0.820851 -0.496222 0.00359864 0.00258048 0.113671 
-0.838316 -0.50678 0.00374895 0.00265253 0.116311 
-0.855781 -0.517338 0.00389771 0.0027124 0.118926 
-2.01363e-10 3.01361e-10 -1.17884e-13 3.44121e-13 1.35229e-19 
-0.0167956 -0.0115932 -7.51508e-06 -1.04995e-05 0.000413336 
-0.0335912 -0.0231863 -7.6989e-06 -1.56896e-05 0.00154241 
-0.0503868 -0.0347795 -9.73125e-07 -1.58222e-05 0.00323395 
-0.0671824 -0.0463726 1.22406e-05 -1.11493e-05 0.00534263 
-0.0839779 -0.0579658 3.15206e-05 -1.92278e-06 0.00773048 
-0.100774 -0.0695589 5.64452e-05 1.16055e-05 0.0102735 
-0.117569 -0.0811521 8.65928e-05 2.91837e-05 0.01287 
-0.134365 -0.0927453 0.000121542 5.05599e-05 0.0154465 
-0.15116 -0.104338 0.00016087 7.54822e-05 0.0179605 
-0.167956 -0.115932 0.000204157 0.000103699 0.0203979 
-0.184751 -0.127525 0.00025098 0.000134957 0.022767 
-0.201547 -0.139118 0.000300917 0.000169007 0.0250896 
-0.218343 -0.150711 0.000353548 0.000205594 0.0273913 
-0.235138 -0.162304 0.00040845 0.000244468 0.0296929 
-0.251934 -0.173897 0.000465201 0.000285377 0.0320042 
-0.268729 -0.185491 0.000523381 0.000328069 0.0343225 
-0.285525 -0.197084 0.000582567 0.000372292 0.0366355 
-0.302321 -0.208677 0.000642338 0.000417794 0.0389292 
-0.319116 -0.22027 0.000702272 0.000464323 0.0411972 
-0.335912 -0.231863 0.000761947 0.000511627 0.0434509 
-0.352707 -0.243456 0.000820942 0.000559455 0.0457216 
-0.369503 -0.255049 0.000878835 0.000607554 0.0480508 
-0.386299 -0.266643 0.000924738 0.00067018 0.0504521 
-0.403094 -0.278236 0.000959902 0.000756073 0.0528763 
-0.41989 -0.289829 0.00100401 0.000843277 0.0553208 
-0.436685 -0.301422 0.00105776 0.000931576 0.0577938 
-0.453481 -0.313015 0.00112184 0.00102076 0.0603033 
-0.470276 -0.324608 0.00119693 0.0011106 0.0628564 
-0.487072 -0.336202 0.00128373 0.0012009 0.06546 
-0.503868 -0.347795 0.00138293 0.00129143 0.0681203 
-0.520663 -0.359388 0.00149523 0.00138199 0.0708431 
-0.537459 -0.370981 0.0016213 0.00147235 0.0736337 
-0.554254 -0.382574 0.00176183 0.0015623 0.0764973 
-0.57105 -0.394167 0.00191753 0.00165163 0.0794382 
-0.587846 -0.405761 0.00208908 0.00174012 0.0824606 
-0.604641 -0.417354 0.0022642 0.00184557 0.0855695 
-0.621437 -0.428947 0.00241643 0.00199973 0.0887712 
-0.638232 -0.44054 0.00257465 0.00215766 0.0920264 
-0.655028 -0.452133 0.00273813 0.00231788 0.0952964 
-0.671824 -0.463726 0.0029061 0.00247894 0.0985582 
-0.688619 -0.475319 0.00307783 0.00263937 0.101802 
-0.705415 -0.486913 0.00325255 0.00279771 0.105025 
-0.72221 -0.498506 0.00342952 0.00295248 0.108224 
-0.739006 -0.510099 0.00360797 0.00310221 0.11139 
-0.755802 -0.521692 0.00378717 0.00324541 0.114504 
-0.772597 -0.533285 0.00396634 0.00338061 0.117547 
-0.789393 -0.544878 0.00414473 0.00350632 0.120506 
-0.806188 -0.556472 0.00432159 0.00362105 0.123405 
-0.822984 -0.568065 0.00449615 0.00372329 0.126332 
-2.01363e-10 3.01361e-10 -1.17884e-13 3.44121e-13 1.35229e-19 
-0.016065 -0.0125861 -7.17096e-06 -1.15753e-05 0.000410935 
-0.0321299 -0.0251722 -7.58427e-06 -1.76825e-05 0.00153226 
-0.0481949 -0.0377583 -1.58321e-06 -1.85089e-05 0.00321075 
-0.0642599 -0.0503444 1.04889e-05 -1.42421e-05 0.0053034 
-0.0803248 -0.0629305 2.82889e-05 -5.0694e-06 0.00767645 
-0.0963898 -0.0755166 5.14734e-05 8.82164e-06 0.0102106 
-0.112455 -0.0881027 7.96992e-05 2.72436e-05 0.0128075 
-0.12852 -0.100689 0.000112623 5.0009e-05 0.0153955 
-0.144585 -0.113275 0.000149901 7.69305e-05 0.0179311 
-0.16065 -0.125861 0.000191191 0.00010782 0.0203973 
-0.176715 -0.138447 0.00023615 0.000142492 0.0227992 
-0.19278 -0.151033 0.000284433 0.000180756 0.0251556 
-0.208845 -0.163619 0.000335697 0.000222427 0.0274911 
-0.22491 -0.176205 0.0003896 0.000267317 0.0298278 
-0.240975 -0.188791 0.000445798 0.000315238 0.0321799 
-0.25704 -0.201378 0.000503948 0.000366003 0.0345502 
-0.273104 -0.213964 0.000563706 0.000419424 0.0369326 
-0.289169 -0.22655 0.00062473 0.000475314 0.0393162 
-0.305234 -0.239136 0.000686675 0.000533486 0.0416943 
-0.321299 -0.251722 0.0007492 0.000593752 0.0440723 
-0.337364 -0.264308 0.000811959 0.000655924 0.0464733 
-0.353429 -0.276894 0.000874611 0.000719815 0.0489342 
-0.369494 -0.28948 0.00093402 0.000789896 0.0514855 
-0.385559 -0.302066 0.000977227 0.000899546 0.0540898 
-0.401624 -0.314652 0.00103314 0.00101139 0.0567275 
-0.417689 -0.327239 0.00110281 0.00112514 0.0594082 
-0.433754 -0.339825 0.00118732 0.0012405 0.0621411 
-0.449819 -0.352411 0.00128772 0.00135717 0.0649354 
-0.465884 -0.364997 0.00140508 0.00147486 0.0677993 
-0.481949 -0.377583 0.00154047 0.00159328 0.0707412 
-0.498014 -0.390169 0.00169494 0.00171213 0.0737687 
-0.514079 -0.402755 0.00186957 0.00183112 0.0768895 
-0.530144 -0.415341 0.00206541 0.00194995 0.0801105 
-0.546209 -0.427927 0.00224611 0.00210777 0.0834349 
-0.562274 -0.440513 0.00241446 0.00229896 0.0868514 
-0.578339 -0.4531 0.00259101 0.00249909 0.0903461 
-0.594404 -0.465686 0.00277492 0.00270669 0.0938951 
-0.610469 -0.478272 0.00296534 0.00292023 0.0974763 
-0.626534 -0.490858 0.00316143 0.0031382 0.101075 
-0.642599 -0.503444 0.00336234 0.00335905 0.104681 
-0.658664 -0.51603 0.0035672 0.00358124 0.108291 
-0.674729 -0.528616 0.00377514 0.00380321 0.111897 
-0.690794 -0.541202 0.0039853 0.00402337 0.115488 
-0.706859 -0.553788 0.00419678 0.00424013 0.119048 
-0.722924 -0.566374 0.00440871 0.00445189 0.122555 
-0.738989 -0.578961 0.00462019 0.00465703 0.125993 
-0.755054 -0.591547 0.00483032 0.00485391 0.12936 
-0.771119 -0.604133 0.00503819 0.00504088 0.13269 
-0.787183 -0.616719 0.00524289 0.00521629 0.136072 
-2.01363e-10 3.01361e-10 -1.17884e-13 3.44121e-13 1.35229e-19 
-0.0152757 -0.0135331 -6.84252e-06 -1.26448e-05 0.000408381 
-0.0305515 -0.0270662 -7.59058e-06 -1.9735e-05 0.00152109 
-0.0458272 -0.0405993 -2.4797e-06 -2.13647e-05 0.00318455 
-0.0611029 -0.0541325 8.25466e-06 -1.76274e-05 0.00525839 
-0.0763786 -0.0676656 2.4377e-05 -8.61725e-06 0.00761403 
-0.0916544 -0.0811987 4.56518e-05 5.57207e-06 0.0101381 
-0.10693 -0.0947318 7.18436e-05 2.48467e-05 0.0127373 
-0.122206 -0.108265 0.000102717 4.91128e-05 0.0153422 
-0.137482 -0.121798 0.000138036 7.82765e-05 0.0179087 
-0.152757 -0.135331 0.000177566 0.000112244 0.0204168 
-0.168033 -0.148864 0.000221071 0.000150921 0.0228671 
-0.183309 -0.162397 0.000268316 0.000194215 0.0252742 
-0.198584 -0.175931 0.000319064 0.000242031 0.0276605 
-0.21386 -0.189464 0.000373081 0.000294275 0.0300489 
-0.229136 -0.202997 0.000430131 0.000350854 0.0324574 
-0.244412 -0.21653 0.000489979 0.000411673 0.0348958 
-0.259687 -0.230063 0.000552389 0.000476639 0.0373653 
-0.274963 -0.243596 0.000617125 0.000545659 0.0398612 
-0.290239 -0.257129 0.000683953 0.000618637 0.0423782 
-0.305515 -0.270662 0.000752636 0.000695481 0.0449174 
-0.32079 -0.284195 0.000822939 0.000776097 0.0474923 
-0.336066 -0.297729 0.000894627 0.00086039 0.0501306 
-0.351342 -0.311262 0.000967464 0.000948267 0.0528675 
-0.366618 -0.324795 0.00103053 0.00107443 0.0557037 
-0.381893 -0.338328 0.00110473 0.00121695 0.0585903 
-0.397169 -0.351861 0.00119749 0.00136283 0.0615348 
-0.412445 -0.365394 0.00131029 0.00151175 0.0645476 
-0.42772 -0.378927 0.00144459 0.00166337 0.0676386 
-0.442996 -0.39246 0.00160187 0.00181734 0.0708177 
-0.458272 -0.405993 0.00178359 0.00197332 0.0740944 
-0.473548 -0.419527 0.00199122 0.00213097 0.077478 
-0.488823 -0.43306 0.00218773 0.00231838 0.0809639 
-0.504099 -0.446593 0.00236744 0.00254245 0.0845186 
-0.519375 -0.460126 0.00255788 0.00278179 0.0881701 
-0.534651 -0.473659 0.00275814 0.00303494 0.0919175 
-0.549926 -0.487192 0.00296729 0.00330041 0.0957441 
-0.565202 -0.500725 0.0031844 0.00357669 0.099631 
-0.580478 -0.514258 0.00340851 0.00386227 0.103563 
-0.595753 -0.527792 0.00363865 0.00415557 0.107531 
-0.611029 -0.541325 0.00387386 0.00445502 0.111528 
-0.626305 -0.554858 0.00411313 0.00475902 0.115547 
-0.641581 -0.568391 0.00435545 0.00506594 0.11958 
-0.656856 -0.581924 0.00459981 0.0053741 0.123616 
-0.672132 -0.595457 0.00484517 0.00568184 0.127639 
-0.687408 -0.60899 0.00509047 0.00598744 0.131638 
-0.702684 -0.622523 0.00533464 0.00628917 0.135602 
-0.717959 -0.636056 0.0055766 0.00658526 0.139533 
-0.733235 -0.64959 0.00581525 0.00687391 0.143448 
-0.748511 -0.663123 0.00604946 0.00715331 0.147381 
-2.01363e-10 3.01361e-10 -1.17884e-13 3.44121e-13 1.35229e-19 
-0.0144308 -0.0144308 -6.52739e-06 -1.37037e-05 0.000405754 
-0.0288615 -0.0288615 -7.70617e-06 -2.18385e-05 0.00150941 
-0.0432923 -0.0432923 -3.63894e-06 -2.43752e-05 0.00315682 
-0.057723 -0.057723 5.5717e-06 -2.12843e-05 0.00521026 
-0.0721538 -0.0721538 1.98232e-05 -1.25366e-05 0.00754677 
-0.0865845 -0.0865845 3.90128e-05 1.89749e-06 0.0100598 
-0.101015 -0.101015 6.30381e-05 2.20472e-05 0.0126619 
-0.115446 -0.115446 9.17964e-05 4.79418e-05 0.0152868 
-0.129877 -0.129877 0.000125185 7.96108e-05 0.0178906 
-0.144308 -0.144308 0.000163102 0.000117084 0.0204502 
-0.158738 -0.158738 0.000205443 0.000160389 0.0229611 
-0.173169 -0.173169 0.000252108 0.000209558 0.0254328 
-0.1876 -0.1876 0.000302992 0.000264618 0.0278836 
-0.202031 -0.202031 0.000357994 0.000325599 0.0303356 
-0.216461 -0.216461 0.000417011 0.00039253 0.0328097 
-0.230892 -0.230892 0.00047994 0.000465442 0.0353219 
-0.245323 -0.245323 0.000546678 0.000544363 0.0378819 
-0.259754 -0.259754 0.000617124 0.000629322 0.0404934 
-0.274184 -0.274184 0.000691174 0.000720349 0.0431565 
-0.288615 -0.288615 0.000768725 0.000817474 0.0458719 
-0.303046 -0.303046 0.000849676 0.000920725 0.0486461 
-0.317477 -0.317477 0.000933924 0.00103013 0.0514949 
-0.331907 -0.331907 0.00102137 0.00114573 0.0544448 
-0.346338 -0.346338 0.00110965 0.0012807 0.057524 
-0.360769 -0.360769 0.00120651 0.00146024 0.0606888 
-0.3752 -0.3752 0.00132715 0.00164536 0.0639239 
-0.38963 -0.38963 0.00147347 0.0018357 0.0672399 
-0.404061 -0.404061 0.00164735 0.00203091 0.0706472 
-0.418492 -0.418492 0.0018507 0.00223065 0.0741561 
-0.432923 -0.432923 0.00207318 0.00243894 0.0777744 
-0.447353 -0.447353 0.00225632 0.00268438 0.0814424 
-0.461784 -0.461784 0.00245295 0.00295214 0.0851981 
-0.476215 -0.476215 0.0026621 0.0032409 0.0890779 
-0.490646 -0.490646 0.00288276 0.00354928 0.0930797 
-0.505076 -0.505076 0.00311393 0.00387591 0.0971874 
-0.519507 -0.519507 0.00335456 0.00421935 0.101384 
-0.533938 -0.533938 0.0036036 0.00457814 0.105656 
-0.548369 -0.548369 0.00385996 0.00495077 0.109993 
-0.562799 -0.562799 0.00412254 0.00533571 0.114388 
-0.57723 -0.57723 0.00439019 0.00573139 0.118832 
-0.591661 -0.591661 0.00466177 0.00613618 0.123314 
-0.606092 -0.606092 0.00493609 0.00654845 0.127822 
-0.620522 -0.620522 0.00521194 0.00696649 0.132342 
-0.634953 -0.634953 0.00548807 0.00738859 0.136861 
-0.649384 -0.649384 0.00576321 0.00781296 0.141368 
-0.663815 -0.663815 0.00603607 0.00823779 0.145854 
-0.678245 -0.678245 0.0063053 0.00866123 0.150314 
-0.692676 -0.692676 0.00656953 0.00908138 0.154745 
-0.707107 -0.707107 0.00682737 0.00949628 0.159143 
-2.01363e-10 3.01361e-10 -1.17884e-13 3.44121e-13 1.35229e-19 
-0.0135331 -0.0152757 -6.22271e-06 -1.47476e-05 0.000403138 
-0.0270662 -0.0305515 -7.91766e-06 -2.39832e-05 0.00149784 
-0.0405993 -0.0458272 -5.03462e-06 -2.75251e-05 0.00312932 
-0.0541325 -0.0611029 2.4766e-06 -2.5192e-05 0.00516231 
-0.0676656 -0.0763786 1.46662e-05 -1.68023e-05 0.00747927 
-0.0811987 -0.0916544 3.15845e-05 -2.17443e-06 0.00998048 
-0.0947318 -0.10693 5.32816e-05 1.8873e-05 0.0125847 
-0.108265 -0.122206 7.98078e-05 4.65216e-05 0.0152297 
-0.121798 -0.137482 0.000111213 8.09527e-05 0.0178722 
-0.135331 -0.152757 0.000147548 0.000122348 0.020487 
-0.148864 -0.168033 0.000188863 0.000170889 0.0230645 
-0.162397 -0.183309 0.000235207 0.000226757 0.0256084 
-0.175931 -0.198584 0.000286632 0.000290134 0.0281321 
-0.189464 -0.21386 0.000343187 0.0003612 0.0306544 
-0.202997 -0.229136 0.000404923 0.000440139 0.0331969 
-0.21653 -0.244412 0.000471889 0.00052713 0.0357799 
-0.230063 -0.259687 0.000544137 0.000622356 0.0384209 
-0.243596 -0.274963 0.000621716 0.000725999 0.0411328 
-0.257129 -0.290239 0.000704676 0.000838239 0.0439246 
-0.270662 -0.305515 0.000793067 0.000959258 0.046802 
-0.284195 -0.32079 0.000886941 0.00108924 0.0497705 
-0.297729 -0.336066 0.000986347 0.00122836 0.0528374 
-0.311262 -0.351342 0.00109133 0.00137681 0.056015 
-0.324795 -0.366618 0.00120196 0.00153476 0.059321 
-0.338328 -0.381893 0.0013242 0.00173908 0.0627575 
-0.351861 -0.397169 0.00147487 0.00197057 0.066276 
-0.365394 -0.412445 0.00165702 0.00221027 0.0698814 
-0.378927 -0.42772 0.00187295 0.00245786 0.0735836 
-0.39246 -0.442996 0.0020824 0.00271271 0.0773741 
-0.405993 -0.458272 0.00227515 0.00299158 0.0812201 
-0.419527 -0.473548 0.00248322 0.00329901 0.0851902 
-0.43306 -0.488823 0.00270557 0.00363386 0.0893053 
-0.446593 -0.504099 0.00294112 0.00399497 0.0935578 
-0.460126 -0.519375 0.00318877 0.0043811 0.0979336 
-0.473659 -0.534651 0.00344738 0.00479102 0.10242 
-0.487192 -0.549926 0.00371578 0.0052234 0.107005 
-0.500725 -0.565202 0.00399276 0.0056769 0.11168 
-0.514258 -0.580478 0.00427707 0.00615012 0.116429 
-0.527792 -0.595753 0.00457107 0.00663644 0.12124 
-0.541325 -0.611029 0.00487313 0.00713047 0.126102 
-0.554858 -0.626305 0.00517926 0.00763285 0.130999 
-0.568391 -0.641581 0.00548818 0.00814157 0.135915 
-0.581924 -0.656856 0.00579864 0.00865465 0.140834 
-0.595457 -0.672132 0.0061094 0.00917015 0.145743 
-0.60899 -0.687408 0.00641926 0.00968616 0.15063 
-0.622523 -0.702684 0.00672702 0.0102008 0.155484 
-0.636056 -0.717959 0.00703153 0.0107123 0.1603 
-0.64959 -0.733235 0.00733163 0.0112187 0.165073 
-0.663123 -0.748511 0.00762621 0.0117184 0.169804 
-2.01363e-10 3.01361e-10 -1.17884e-13 3.44121e-13 1.35229e-19 
-0.0125861 -0.016065 -5.92515e-06 -1.57719e-05 0.00040063 
-0.0251722 -0.0321299 -8.21009e-06 -2.61581e-05 0.00148707 
-0.0377583 -0.0481949 -6.63777e-06 -3.07978e-05 0.00310413 
-0.0503444 -0.0642599 -9.91108e-07 -2.93302e-05 0.00511857 
-0.0629305 -0.0803248 8.94694e-06 -2.13942e-05 0.00741735 
-0.0755166 -0.0963898 2.33934e-05 -6.6291e-06 0.00990653 
-0.0881027 -0.112455 4.25654e-05 1.53261e-05 0.0125105 
-0.100689 -0.12852 6.668e-05 4.48321e-05 0.0151711 
-0.113275 -0.144585 9.59542e-05 8.225e-05 0.0178465 
-0.125861 -0.16065 0.000130605 0.000127941 0.0205103 
-0.138447 -0.176715 0.00017085 0.000182265 0.0231495 
-0.151033 -0.19278 0.000216905 0.000245583 0.0257623 
-0.163619 -0.208845 0.000268989 0.000318257 0.0283569 
-0.176205 -0.22491 0.000327317 0.000400648 0.0309479 
-0.188791 -0.240975 0.000392107 0.000493115 0.033555 
-0.201378 -0.25704 0.000463576 0.00059602 0.0361999 
-0.213964 -0.273104 0.000541942 0.000709724 0.0389048 
-0.22655 -0.289169 0.00062742 0.000834588 0.0416903 
-0.239136 -0.305234 0.000720229 0.000970973 0.0445745 
-0.251722 -0.321299 0.000820585 0.00111924 0.0475715 
-0.264308 -0.337364 0.000928705 0.00127975 0.0506921 
-0.276894 -0.353429 0.00104481 0.00145286 0.0539429 
-0.28948 -0.369494 0.00116911 0.00163893 0.0573274 
-0.302066 -0.385559 0.00130182 0.00183834 0.0608464 
-0.314652 -0.401624 0.00144317 0.00205142 0.0644981 
-0.327239 -0.417689 0.00162245 0.00233333 0.0682566 
-0.339825 -0.433754 0.00183966 0.00263001 0.0720983 
-0.352411 -0.449819 0.00204022 0.00291365 0.0760188 
-0.364997 -0.465884 0.00223568 0.0032175 0.0800307 
-0.377583 -0.481949 0.00244818 0.00355648 0.0841742 
-0.390169 -0.498014 0.00267661 0.00392975 0.0884471 
-0.402755 -0.514079 0.00291942 0.00433091 0.0928363 
-0.415341 -0.530144 0.00317623 0.0047467 0.0973534 
-0.427927 -0.546209 0.00344736 0.00518672 0.101997 
-0.440513 -0.562274 0.00373134 0.00564867 0.106755 
-0.4531 -0.578339 0.00402672 0.00613027 0.111613 
-0.465686 -0.594404 0.00433209 0.00662929 0.116554 
-0.478272 -0.610469 0.00464606 0.00714356 0.121565 
-0.490858 -0.626534 0.00496727 0.00767095 0.126631 
-0.503444 -0.642599 0.0052944 0.00820937 0.131739 
-0.51603 -0.658664 0.00562614 0.00875678 0.136878 
-0.528616 -0.674729 0.00596122 0.00931117 0.142037 
-0.541202 -0.690794 0.00629839 0.00987058 0.147206 
-0.553788 -0.706859 0.00663642 0.0104331 0.152377 
-0.566374 -0.722924 0.00697412 0.0109968 0.157541 
-0.578961 -0.738989 0.00731031 0.0115599 0.16269 
-0.591547 -0.755054 0.00764384 0.0121205 0.167817 
-0.604133 -0.771119 0.00797359 0.012677 0.172907 
-0.616719 -0.787183 0.00829843 0.0132274 0.177944 
-2.01363e-10 3.01361e-10 -1.17884e-13 3.44121e-13 1.35229e-19 
-0.0115932 -0.0167956 -5.63101e-06 -1.67713e-05 0.000398326 
-0.0231863 -0.0335912 -8.5671e-06 -2.83515e-05 0.00147782 
-0.0347795 -0.0503868 -8.41676e-06 -3.41756e-05 0.00308358 
-0.0463726 -0.0671824 -4.78846e-06 -3.3679e-05 0.00508379 
-0.0579658 -0.0839779 2.70931e-06 -2.62969e-05 0.00736812 
-0.0695589 -0.100774 1.44681e-05 -1.14644e-05 0.00984616 
-0.0811521 -0.117569 3.08793e-05 1.13832e-05 0.0124458 
-0.0927453 -0.134365 5.23346e-05 4.28106e-05 0.0151118 
-0.104338 -0.15116 7.92255e-05 8.33827e-05 0.0178039 
-0.115932 -0.167956 0.000111943 0.000133664 0.0204956 
-0.127525 -0.184751 0.00015088 0.00019422 0.0231724 
-0.139118 -0.201547 0.000196427 0.000265615 0.0258302 
-0.150711 -0.218343 0.000248975 0.000348413 0.0284736 
-0.162304 -0.235138 0.000308916 0.00044318 0.0311144 
-0.173897 -0.251934 0.000376642 0.000550481 0.0337697 
-0.185491 -0.268729 0.000452544 0.000670879 0.0364608 
-0.197084 -0.285525 0.000537014 0.00080494 0.0392109 
-0.208677 -0.302321 0.000630444 0.000953229 0.042044 
-0.22027 -0.319116 0.000733223 0.00111631 0.0449829 
-0.231863 -0.335912 0.000845746 0.00129475 0.0480479 
-0.243456 -0.352707 0.000968402 0.00148911 0.0512553 
-0.255049 -0.369503 0.00110158 0.00169996 0.0546154 
-0.266643 -0.386299 0.00124568 0.00192786 0.0581316 
-0.278236 -0.403094 0.00140109 0.00217337 0.0617984 
-0.289829 -0.41989 0.00156819 0.00243707 0.0656003 
-0.301422 -0.436685 0.00175137 0.00272553 0.0695103 
-0.313015 -0.453481 0.00194691 0.00303376 0.0734963 
-0.324608 -0.470276 0.00212212 0.00331449 0.0775647 
-0.336202 -0.487072 0.00231867 0.00362911 0.0817382 
-0.347795 -0.503868 0.00253639 0.003978 0.0860334 
-0.359388 -0.520663 0.00277366 0.00435863 0.0904585 
-0.370981 -0.537459 0.0030289 0.00476851 0.0950139 
-0.382574 -0.554254 0.00330057 0.00520521 0.0996937 
-0.394167 -0.57105 0.00358716 0.00566635 0.104488 
-0.405761 -0.587846 0.00388719 0.00614961 0.109385 
-0.417354 -0.604641 0.00419922 0.00665273 0.11437 
-0.428947 -0.621437 0.00452184 0.00717346 0.119432 
-0.44054 -0.638232 0.00485366 0.00770963 0.124559 
-0.452133 -0.655028 0.00519332 0.00825911 0.129738 
-0.463726 -0.671824 0.0055395 0.00881982 0.134962 
-0.475319 -0.688619 0.0058909 0.0093897 0.14022 
-0.486913 -0.705415 0.00624626 0.00996677 0.145507 
-0.498506 -0.72221 0.00660432 0.0105491 0.150814 
-0.510099 -0.739006 0.00696387 0.0111346 0.156137 
-0.521692 -0.755802 0.00732372 0.0117217 0.161468 
-0.533285 -0.772597 0.00768269 0.0123082 0.1668 
-0.544878 -0.789393 0.00803964 0.0128926 0.172122 
-0.556472 -0.806188 0.00839345 0.013473 0.177413 
-0.568065 -0.822984 0.00874302 0.0140477 0.182641 
-2.01363e-10 3.01361e-10 -1.17884e-13 3.44121e-13 1.35229e-19 
-0.0105579 -0.0174649 -5.15314e-06 -1.71478e-05 0.000396299 
-0.0211158 -0.0349298 -8.00233e-06 -2.83898e-05 0.00147054 
-0.0316737 -0.0523948 -8.17495e-06 -3.32528e-05 0.00306893 
-0.0422317 -0.0698597 -5.29837e-06 -3.12637e-05 0.00506067 
-0.0527896 -0.0873246 1.00003e-06 -2.19494e-05 0.00733637 
-0.0633475 -0.10479 1.10929e-05 -4.8366e-06 0.00980643 
-0.0739054 -0.122254 2.53528e-05 2.05478e-05 0.0123995 
-0.0844633 -0.139719 4.41523e-05 5.46769e-05 0.0150607 
-0.0950212 -0.157184 6.78642e-05 9.80239e-05 0.0177504 
-0.105579 -0.174649 9.6861e-05 0.000151062 0.0204422 
-0.116137 -0.192114 0.000131515 0.000214264 0.0231218 
-0.126695 -0.209579 0.0001722 0.000288104 0.0257848 
-0.137253 -0.227044 0.000219287 0.000373054 0.0284358 
-0.147811 -0.244509 0.00027315 0.000469588 0.0310862 
-0.158369 -0.261974 0.000334161 0.000578178 0.033753 
-0.168927 -0.279439 0.000402692 0.000699299 0.036457 
-0.179485 -0.296904 0.000479117 0.000833423 0.0392214 
-0.190042 -0.314369 0.000563807 0.000981023 0.0420701 
-0.2006 -0.331834 0.000657136 0.00114257 0.0450259 
-0.211158 -0.349298 0.000759476 0.00131854 0.0481093 
-0.221716 -0.366763 0.0008712 0.00150941 0.0513366 
-0.232274 -0.384228 0.000992681 0.00171565 0.0547186 
-0.242832 -0.401693 0.00112429 0.00193773 0.0582586 
-0.25339 -0.419158 0.0012664 0.00217612 0.0619511 
-0.263948 -0.436623 0.00141939 0.0024313 0.0657803 
-0.274506 -0.454088 0.00162951 0.00274935 0.0697168 
-0.285064 -0.471553 0.00186168 0.00311074 0.0737338 
-0.295622 -0.489018 0.00204696 0.0034159 0.0778397 
-0.30618 -0.506483 0.00225591 0.00375602 0.0820499 
-0.316737 -0.523948 0.00247963 0.00411204 0.0863698 
-0.327295 -0.541413 0.00272154 0.00449526 0.0908188 
-0.337853 -0.558878 0.00298192 0.0049076 0.0953993 
-0.348411 -0.576342 0.00325921 0.00534663 0.100106 
-0.358969 -0.593807 0.00355192 0.00580997 0.10493 
-0.369527 -0.611272 0.00385857 0.00629529 0.109859 
-0.380085 -0.628737 0.00417772 0.00680031 0.114879 
-0.390643 -0.646202 0.00450794 0.00732279 0.119977 
-0.401201 -0.663667 0.00484786 0.00786056 0.12514 
-0.411759 -0.681132 0.00519613 0.00841148 0.130356 
-0.422317 -0.698597 0.00555141 0.00897344 0.135614 
-0.432874 -0.716062 0.0059124 0.0095444 0.140905 
-0.443432 -0.733527 0.00627785 0.0101224 0.146219 
-0.45399 -0.750992 0.0066465 0.0107053 0.151549 
-0.464548 -0.768457 0.00701712 0.0112914 0.156888 
-0.475106 -0.785922 0.00738854 0.0118787 0.16223 
-0.485664 -0.803387 0.00775957 0.0124654 0.167568 
-0.496222 -0.820851 0.00812906 0.0130496 0.172894 
-0.50678 -0.838316 0.00849591 0.0136296 0.178193 
-0.517338 -0.855781 0.00885899 0.0142037 0.18344 
-2.01363e-10 3.01361e-10 -1.17884e-13 3.44121e-13 1.35229e-19 
-0.00948415 -0.0180705 -4.60519e-06 -1.72931e-05 0.000394528 
-0.0189683 -0.0361411 -7.11787e-06 -2.77194e-05 0.00146465 
-0.0284524 -0.0542116 -7.24058e-06 -3.10034e-05 0.00305799 
-0.0379366 -0.0722821 -4.6759e-06 -2.68695e-05 0.00504476 
-0.0474207 -0.0903527 8.73626e-07 -1.50418e-05 0.00731611 
-0.0569049 -0.108423 9.70544e-06 4.75513e-06 0.00978268 
-0.066389 -0.126494 2.2117e-05 3.27971e-05 0.012373 
-0.0758732 -0.144564 3.84057e-05 6.93596e-05 0.015032 
-0.0853573 -0.162635 5.88691e-05 0.000114718 0.0177193 
-0.0948415 -0.180705 8.38045e-05 0.000169149 0.0204078 
-0.104326 -0.198776 0.000113509 0.000232927 0.0230824 
-0.11381 -0.216846 0.000148281 0.000306329 0.0257377 
-0.123294 -0.234917 0.000188417 0.000389629 0.0283773 
-0.132778 -0.252987 0.000234216 0.000483104 0.0310116 
-0.142262 -0.271058 0.000285973 0.00058703 0.0336568 
-0.151746 -0.289128 0.000343987 0.000701681 0.0363329 
-0.16123 -0.307199 0.000408555 0.000827333 0.0390622 
-0.170715 -0.32527 0.000479975 0.000964263 0.0418683 
-0.180199 -0.34334 0.000558544 0.00111275 0.0447737 
-0.189683 -0.361411 0.00064456 0.00127306 0.047799 
-0.199167 -0.379481 0.000738319 0.00144547 0.0509609 
-0.208651 -0.397552 0.00084012 0.00163027 0.0542708 
-0.218135 -0.415622 0.000950259 0.00182772 0.0577332 
-0.22762 -0.433693 0.00106904 0.0020381 0.0613444 
-0.237104 -0.451763 0.00122799 0.00228656 0.0650872 
-0.246588 -0.469834 0.00142897 0.00259185 0.0689252 
-0.256072 -0.487904 0.00163214 0.00293039 0.0728542 
-0.265556 -0.505975 0.00183338 0.00329167 0.0768753 
-0.27504 -0.524045 0.00202693 0.00360715 0.0809929 
-0.284524 -0.542116 0.0022425 0.00395421 0.0852393 
-0.294009 -0.560186 0.00247897 0.00433102 0.0896215 
-0.303493 -0.578257 0.00273514 0.00473569 0.0941295 
-0.312977 -0.596328 0.00300981 0.00516625 0.0987513 
-0.322461 -0.614398 0.0033017 0.00562066 0.103477 
-0.331945 -0.632469 0.00360747 0.00609488 0.1083 
-0.341429 -0.650539 0.00392091 0.00658301 0.113222 
-0.350913 -0.66861 0.00424566 0.00708814 0.118232 
-0.360398 -0.68668 0.00458031 0.00760809 0.123315 
-0.369882 -0.704751 0.00492352 0.0081407 0.128454 
-0.379366 -0.722821 0.00527395 0.00868387 0.133635 
-0.38885 -0.740892 0.00563029 0.00923553 0.138843 
-0.398334 -0.758962 0.00599127 0.00979366 0.144068 
-0.407818 -0.777033 0.00635562 0.0103563 0.149297 
-0.417302 -0.795103 0.00672211 0.0109214 0.15452 
-0.426787 -0.813174 0.00708955 0.0114872 0.15973 
-0.436271 -0.831244 0.00745673 0.0120518 0.164921 
-0.445755 -0.849315 0.00782252 0.0126133 0.170088 
-0.455239 -0.867386 0.00818575 0.0131699 0.175228 
-0.464723 -0.885456 0.00854533 0.0137198 0.180336 
-2.01363e-10 3.01361e-10 -1.17884e-13 3.44121e-13 1.35229e-19 
-0.00837577 -0.0186102 -4.04837e-06 -1.74089e-05 0.000393001 
-0.0167515 -0.0372204 -6.23172e-06 -2.708e-05 0.00145995 
-0.0251273 -0.0558306 -6.31764e-06 -2.89321e-05 0.00305005 
-0.0335031 -0.0744408 -4.07373e-06 -2.28838e-05 0.00503439 
-0.0418789 -0.093051 7.32394e-07 -8.85397e-06 0.00730447 
-0.0502546 -0.111661 8.33314e-06 1.32387e-05 0.00977072 
-0.0586304 -0.130271 1.89609e-05 4.34754e-05 0.012361 
-0.0670062 -0.148882 3.28481e-05 8.19375e-05 0.0150193 
-0.0753819 -0.167492 5.02271e-05 0.000128706 0.0177039 
-0.0837577 -0.186102 7.13303e-05 0.000183863 0.0203863 
-0.0921335 -0.204712 9.63901e-05 0.000247488 0.0230496 
-0.100509 -0.223322 0.000125639 0.000319664 0.0256868 
-0.108885 -0.241933 0.000159309 0.000400471 0.0282998 
-0.117261 -0.260543 0.000197633 0.000489991 0.0308975 
-0.125637 -0.279153 0.000240843 0.000588306 0.0334946 
-0.134012 -0.297763 0.000289172 0.000695495 0.0361097 
-0.142388 -0.316373 0.000342852 0.000811641 0.0387647 
-0.150764 -0.334984 0.000402115 0.000936825 0.0414822 
-0.15914 -0.353594 0.000467194 0.00107113 0.044285 
-0.167515 -0.372204 0.000538321 0.00121463 0.0471942 
-0.175891 -0.390814 0.000615729 0.00136742 0.0502274 
-0.184267 -0.409424 0.00069965 0.00152956 0.0533981 
-0.192643 -0.428035 0.000790316 0.00170116 0.0567134 
-0.201019 -0.446645 0.000898216 0.00188823 0.060172 
-0.209394 -0.465255 0.00106116 0.00212424 0.0637354 
-0.21777 -0.483865 0.00122518 0.00238716 0.0673874 
-0.226146 -0.502475 0.00138925 0.00267796 0.0711314 
-0.234522 -0.521086 0.00155233 0.00299758 0.0749703 
-0.242897 -0.539696 0.0017134 0.00334699 0.0789062 
-0.251273 -0.558306 0.00189787 0.00366505 0.082938 
-0.259649 -0.576916 0.00210418 0.00400239 0.0870906 
-0.268025 -0.595526 0.00232893 0.00436576 0.0913819 
-0.2764 -0.614137 0.00257097 0.00475334 0.0958046 
-0.284776 -0.632747 0.0028291 0.00516324 0.100343 
-0.293152 -0.651357 0.00310211 0.00559353 0.10498 
-0.301528 -0.669967 0.00338874 0.00604223 0.109704 
-0.309904 -0.688577 0.00368769 0.00650731 0.114503 
-0.318279 -0.707188 0.00399764 0.00698667 0.119368 
-0.326655 -0.725798 0.00431723 0.00747817 0.124287 
-0.335031 -0.744408 0.00464506 0.00797959 0.129247 
-0.343407 -0.763018 0.00497968 0.00848868 0.134232 
-0.351782 -0.781628 0.00531962 0.00900309 0.139226 
-0.360158 -0.800239 0.00566336 0.00952044 0.144214 
-0.368534 -0.818849 0.00600582 0.0100439 0.149189 
-0.37691 -0.837459 0.0063486 0.0105674 0.154149 
-0.385285 -0.856069 0.00669069 0.0110886 0.159087 
-0.393661 -0.874679 0.0070309 0.0116058 0.163998 
-0.402037 -0.89329 0.00736807 0.0121171 0.168882 
-0.410413 -0.9119 0.00770104 0.0126206 0.173743 
-2.01363e-10 3.01361e-10 -1.17884e-13 3.44121e-13 1.35229e-19 
-0.00723683 -0.019082 -3.48391e-06 -1.74998e-05 0.000391709 
-0.0144737 -0.0381639 -5.34415e-06 -2.64893e-05 0.00145628 
-0.0217105 -0.0572459 -5.40342e-06 -2.70717e-05 0.00304451 
-0.0289473 -0.0763279 -3.48444e-06 -1.93503e-05 0.00502827 
-0.0361842 -0.0954098 5.90103e-07 -3.4286e-06 0.00729915 
-0.043421 -0.114492 6.99748e-06 2.05902e-05 0.00976704 
-0.0506578 -0.133574 1.5915e-05 5.26027e-05 0.0123588 
-0.0578947 -0.152656 2.75199e-05 9.25057e-05 0.0150169 
-0.0651315 -0.171738 4.19896e-05 0.000140196 0.0176979 
-0.0723683 -0.19082 5.95012e-05 0.000195569 0.0203714 
-0.0796052 -0.209902 8.02322e-05 0.000258524 0.0230182 
-0.086842 -0.228984 0.00010436 0.000328955 0.0256293 
-0.0940788 -0.248066 0.000132061 0.00040676 0.0282044 
-0.101316 -0.267147 0.000163514 0.000491835 0.0307506 
-0.108553 -0.286229 0.000198895 0.000584078 0.0332807 
-0.115789 -0.305311 0.000238382 0.000683384 0.0358124 
-0.123026 -0.324393 0.000282152 0.000789651 0.0383664 
-0.130263 -0.343475 0.000330382 0.000902775 0.0409652 
-0.1375 -0.362557 0.00038325 0.00102265 0.0436319 
-0.144737 -0.381639 0.000440932 0.00114918 0.0463886 
-0.151974 -0.400721 0.000503607 0.00128226 0.049255 
-0.15921 -0.419803 0.000571452 0.00142178 0.0522472 
-0.166447 -0.438885 0.000644643 0.00156763 0.0553764 
-0.173684 -0.457967 0.000762359 0.00173943 0.0586275 
-0.180921 -0.477049 0.000893675 0.00193703 0.0619564 
-0.188158 -0.496131 0.00102453 0.00215654 0.0653658 
-0.195395 -0.515213 0.00115394 0.00239866 0.0688599 
-0.202631 -0.534295 0.00128094 0.00266406 0.072442 
-0.209868 -0.553377 0.00140455 0.0029534 0.076115 
-0.217105 -0.572459 0.0015238 0.00326738 0.079881 
-0.224342 -0.591541 0.00166095 0.00358696 0.0837424 
-0.231579 -0.610623 0.00184374 0.00390011 0.087714 
-0.238816 -0.629705 0.00204193 0.00423542 0.091809 
-0.246052 -0.648787 0.00225438 0.00459114 0.0960199 
-0.253289 -0.667869 0.00247991 0.00496549 0.10033 
-0.260526 -0.686951 0.00271736 0.00535667 0.104722 
-0.267763 -0.706033 0.00296549 0.00576284 0.109182 
-0.275 -0.725115 0.0032231 0.00618211 0.113698 
-0.282237 -0.744197 0.00348892 0.00661258 0.118261 
-0.289473 -0.763279 0.00376167 0.00705231 0.122864 
-0.29671 -0.782361 0.00404006 0.0074993 0.127496 
-0.303947 -0.801442 0.00432276 0.00795154 0.13215 
-0.311184 -0.820524 0.00460841 0.00840697 0.136812 
-0.318421 -0.839606 0.00489564 0.00886349 0.141471 
-0.325658 -0.858688 0.00518305 0.00931897 0.146116 
-0.332894 -0.87777 0.0054692 0.00977121 0.150737 
-0.340131 -0.896852 0.00575264 0.010218 0.155332 
-0.347368 -0.915934 0.00603188 0.0106571 0.159902 
-0.354605 -0.935016 0.00630539 0.0110861 0.164455 
-2.01363e-10 3.01361e-10 -1.17884e-13 3.44121e-13 1.35229e-19 
-0.00607149 -0.0194841 -2.91298e-06 -1.75697e-05 0.00039064 
-0.012143 -0.0389682 -4.45537e-06 -2.59626e-05 0.00145348 
-0.0182145 -0.0584523 -4.49563e-06 -2.54504e-05 0.00304082 
-0.024286 -0.0779364 -2.90221e-06 -1.63049e-05 0.00502519 
-0.0303575 -0.0974205 4.56424e-07 1.20223e-06 0.00729809 
-0.0364289 -0.116905 5.71182e-06 2.67993e-05 0.00976868 
-0.0425004 -0.136389 1.29955e-05 6.02146e-05 0.0123626 
-0.0485719 -0.155873 2.24391e-05 0.000101176 0.0150205 
-0.0546434 -0.175357 3.4174e-05 0.000149413 0.017697 
-0.0607149 -0.194841 4.83319e-05 0.000204652 0.0203595 
-0.0667864 -0.214325 6.50443e-05 0.000266623 0.0229864 
-0.0728579 -0.233809 8.44426e-05 0.000335054 0.0255666 
-0.0789294 -0.253293 0.000106659 0.000409672 0.0280974 
-0.0850009 -0.272777 0.000131824 0.000490207 0.0305838 
-0.0910724 -0.292261 0.000160069 0.000576386 0.0330373 
-0.0971439 -0.311746 0.000191527 0.000667937 0.035474 
-0.103215 -0.33123 0.000226329 0.00076459 0.0379142 
-0.109287 -0.350714 0.000264606 0.000866072 0.0403801 
-0.115358 -0.370198 0.000306489 0.000972112 0.0428958 
-0.12143 -0.389682 0.000352112 0.00108244 0.0454847 
-0.127501 -0.409166 0.000401604 0.00119678 0.0481692 
-0.133573 -0.42865 0.000455097 0.00131486 0.050969 
-0.139644 -0.448134 0.000523185 0.00143891 0.0538977 
-0.145716 -0.467618 0.000626742 0.0015825 0.0569078 
-0.151787 -0.487102 0.000729747 0.00174292 0.0599804 
-0.157859 -0.506587 0.000831325 0.0019206 0.0631207 
-0.16393 -0.526071 0.000930602 0.00211596 0.0663326 
-0.170002 -0.545555 0.0010267 0.00232941 0.0696196 
-0.176073 -0.565039 0.00111875 0.00256139 0.0729843 
-0.182145 -0.584523 0.00120588 0.0028123 0.076429 
-0.188216 -0.604007 0.0012872 0.00308257 0.0799553 
-0.194288 -0.623491 0.00136186 0.00337262 0.0835647 
-0.200359 -0.642975 0.0014816 0.00366243 0.0872679 
-0.206431 -0.662459 0.00164151 0.00395835 0.0910938 
-0.212502 -0.681943 0.00181228 0.00427094 0.0950232 
-0.218574 -0.701428 0.00199277 0.00459855 0.0990324 
-0.224645 -0.720912 0.00218184 0.00493951 0.103103 
-0.230717 -0.740396 0.00237832 0.00529212 0.107221 
-0.236788 -0.75988 0.00258104 0.00565466 0.111379 
-0.24286 -0.779364 0.00278882 0.00602542 0.115571 
-0.248931 -0.798848 0.00300044 0.00640263 0.11979 
-0.255003 -0.818332 0.0032147 0.00678453 0.124026 
-0.261074 -0.837816 0.00343037 0.00716933 0.128268 
-0.267146 -0.8573 0.0036462 0.00755521 0.1325 
-0.273217 -0.876784 0.00386094 0.00794035 0.136708 
-0.279289 -0.896269 0.00407331 0.00832289 0.14088 
-0.28536 -0.915753 0.00428203 0.00870096 0.145016 
-0.291432 -0.935237 0.0044858 0.00907267 0.149132 
-0.297503 -0.954721 0.00468329 0.0094361 0.153271 
-2.01363e-10 3.01361e-10 -1.17884e-13 3.44121e-13 1.35229e-19 
-0.00488399 -0.0198151 -2.33671e-06 -1.7622e-05 0.000389782 
-0.00976799 -0.0396303 -3.56557e-06 -2.55133e-05 0.0014514 
-0.014652 -0.0594454 -3.59237e-06 -2.40921e-05 0.0030385 
-0.019536 -0.0792606 -2.3229e-06 -1.37765e-05 0.00502414 
-0.02442 -0.0990757 3.37045e-07 5.01529e-06 0.00729958 
-0.029304 -0.118891 4.48168e-06 3.18652e-05 0.00977319 
-0.034188 -0.138706 1.02052e-05 6.63552e-05 0.0123692 
-0.0390719 -0.158521 1.76019e-05 0.000108067 0.0150267 
-0.0439559 -0.178336 2.67658e-05 0.000156582 0.0176983 
-0.0488399 -0.198151 3.77913e-05 0.000211484 0.020349 
-0.0537239 -0.217967 5.07725e-05 0.000272352 0.0229551 
-0.0586079 -0.237782 6.58037e-05 0.00033877 0.0255031 
-0.0634919 -0.257597 8.2979e-05 0.000410319 0.0279884 
-0.0683759 -0.277412 0.000102393 0.000486581 0.0304141 
-0.0732599 -0.297227 0.000124139 0.000567139 0.03279 
-0.0781439 -0.317042 0.000148312 0.000651573 0.0351313 
-0.0830279 -0.336857 0.000175006 0.000739465 0.0374578 
-0.0879119 -0.356673 0.000204315 0.000830398 0.039792 
-0.0927959 -0.376488 0.000236334 0.000923954 0.0421588 
-0.0976799 -0.396303 0.000271156 0.00101971 0.0445835 
-0.102564 -0.416118 0.000308876 0.00111726 0.0470915 
-0.107448 -0.435933 0.000349588 0.00121617 0.0497064 
-0.112332 -0.455748 0.000414955 0.00131816 0.0524305 
-0.117216 -0.475563 0.000493958 0.00143192 0.0552037 
-0.1221 -0.495378 0.000571851 0.0015586 0.0580246 
-0.126984 -0.515194 0.000647892 0.00169842 0.0608979 
-0.131868 -0.535009 0.000721338 0.00185155 0.0638273 
-0.136752 -0.554824 0.000791446 0.0020182 0.0668157 
-0.141636 -0.574639 0.000857475 0.00219858 0.0698655 
-0.14652 -0.594454 0.00091868 0.00239286 0.0729781 
-0.151404 -0.614269 0.000974319 0.00260126 0.0761548 
-0.156288 -0.634084 0.00102365 0.00282396 0.0793962 
-0.161172 -0.6539 0.00106593 0.00306118 0.0827025 
-0.166056 -0.673715 0.00110041 0.00331309 0.0860739 
-0.17094 -0.69353 0.00117266 0.00357104 0.0895216 
-0.175824 -0.713345 0.00129429 0.0038336 0.0930909 
-0.180708 -0.73316 0.00142218 0.00410783 0.0967432 
-0.185592 -0.752975 0.00155522 0.0043922 0.100444 
-0.190476 -0.77279 0.00169232 0.00468516 0.104174 
-0.19536 -0.792606 0.00183234 0.00498517 0.107925 
-0.200244 -0.812421 0.00197418 0.00529068 0.111691 
-0.205128 -0.832236 0.00211669 0.00560012 0.115465 
-0.210012 -0.852051 0.00225875 0.00591192 0.119237 
-0.214896 -0.871866 0.00239922 0.00622451 0.122987 
-0.21978 -0.891681 0.00253694 0.00653631 0.126695 
-0.224664 -0.911496 0.00267078 0.00684572 0.130342 
-0.229548 -0.931312 0.00279956 0.00715115 0.133926 
-0.234432 -0.951127 0.00292214 0.00745098 0.13748 
-0.239316 -0.970942 0.00303733 0.00774361 0.141094 
-2.01363e-10 3.01361e-10 -1.17884e-13 3.44121e-13 1.35229e-19 
-0.00367867 -0.0200739 -1.75621e-06 -1.76596e-05 0.000389127 
-0.00735735 -0.0401478 -2.67493e-06 -2.51523e-05 0.00144992 
-0.011036 -0.0602216 -2.69216e-06 -2.30159e-05 0.00303715 
-0.0147147 -0.0802955 -1.74385e-06 -1.17878e-05 0.00502423 
-0.0183934 -0.100369 2.34005e-07 7.99437e-06 0.0073022 
-0.022072 -0.120443 3.30544e-06 3.57931e-05 0.00977863 
-0.0257507 -0.140517 7.53447e-06 7.10709e-05 0.0123766 
-0.0294294 -0.160591 1.29851e-05 0.00011329 0.0150335 
-0.0331081 -0.180665 1.97214e-05 0.000161913 0.0177002 
-0.0367867 -0.200739 2.78074e-05 0.000216403 0.0203397 
-0.0404654 -0.220813 3.73071e-05 0.000276221 0.0229265 
-0.0441441 -0.240887 4.82845e-05 0.000340831 0.0254449 
-0.0478228 -0.26096 6.08037e-05 0.000409694 0.0278885 
-0.0515014 -0.281034 7.49286e-05 0.000482274 0.030259 
-0.0551801 -0.301108 9.07234e-05 0.000558032 0.0325648 
-0.0588588 -0.321182 0.000108252 0.000636432 0.0348204 
-0.0625375 -0.341256 0.000127578 0.000716934 0.0370452 
-0.0662161 -0.36133 0.000148767 0.000799003 0.0392621 
-0.0698948 -0.381404 0.000171881 0.0008821 0.041497 
-0.0735735 -0.401478 0.000196985 0.000965689 0.0437773 
-0.0772522 -0.421551 0.000224143 0.00104923 0.0461309 
-0.0809308 -0.441625 0.000253419 0.00113219 0.0485854 
-0.0846095 -0.461699 0.000308369 0.00121186 0.0511209 
-0.0882882 -0.481773 0.000365247 0.00130047 0.0536851 
-0.0919669 -0.501847 0.000420889 0.00139877 0.0562826 
-0.0956455 -0.521921 0.000474714 0.00150679 0.0589175 
-0.0993242 -0.541995 0.000526136 0.00162453 0.0615932 
-0.103003 -0.562069 0.000574575 0.00175201 0.0643119 
-0.106682 -0.582142 0.000619447 0.00188925 0.0670752 
-0.11036 -0.602216 0.000660168 0.00203625 0.069884 
-0.114039 -0.62229 0.000696157 0.00219304 0.0727386 
-0.117718 -0.642364 0.00072683 0.00235963 0.0756388 
-0.121396 -0.662438 0.000751603 0.00253604 0.0785838 
-0.125075 -0.682512 0.000769895 0.00272227 0.0815728 
-0.128754 -0.702586 0.000781123 0.00291835 0.0846044 
-0.132432 -0.72266 0.000784702 0.00312428 0.0876773 
-0.136111 -0.742733 0.000780051 0.00334009 0.09079 
-0.13979 -0.762807 0.000848753 0.00356002 0.0939776 
-0.143468 -0.782881 0.000924515 0.00378701 0.0972411 
-0.147147 -0.802955 0.00100116 0.00402001 0.100532 
-0.150826 -0.823029 0.00107763 0.00425763 0.103828 
-0.154504 -0.843103 0.00115287 0.0044985 0.107117 
-0.158183 -0.863177 0.00122583 0.00474123 0.110393 
-0.161862 -0.883251 0.00129546 0.00498445 0.113645 
-0.16554 -0.903324 0.0013607 0.00522678 0.116856 
-0.169219 -0.923398 0.00142051 0.00546684 0.120007 
-0.172898 -0.943472 0.00147382 0.00570326 0.12309 
-0.176576 -0.963546 0.00151959 0.00593466 0.126128 
-0.180255 -0.98362 0.00155675 0.00615968 0.12921 
-2.01363e-10 3.01361e-10 -1.17884e-13 3.44121e-13 1.35229e-19 
-0.00245993 -0.0202594 -1.17255e-06 -1.76847e-05 0.000388666 
-0.00491986 -0.0405187 -1.78365e-06 -2.48883e-05 0.00144894 
-0.0073798 -0.0607781 -1.79387e-06 -2.22367e-05 0.00303642 
-0.00983973 -0.0810375 -1.16374e-06 -1.03557e-05 0.00502479 
-0.0122997 -0.101297 1.46187e-07 1.01287e-05 0.00730485 
-0.0147596 -0.121556 2.17536e-06 3.85908e-05 0.00978353 
-0.0172195 -0.141816 4.96323e-06 7.44045e-05 0.0123829 
-0.0196795 -0.162075 8.54925e-06 0.000116944 0.0150392 
-0.0221394 -0.182334 1.29729e-05 0.000165584 0.0177018 
-0.0245993 -0.202594 1.82736e-05 0.000219697 0.0203323 
-0.0270593 -0.222853 2.44907e-05 0.000278659 0.0229033 
-0.0295192 -0.243112 3.16639e-05 0.000341843 0.025398 
-0.0319791 -0.263372 3.98324e-05 0.000408623 0.0278083 
-0.0344391 -0.283631 4.90358e-05 0.000478374 0.0301349 
-0.036899 -0.30389 5.93136e-05 0.000550469 0.0323852 
-0.0393589 -0.32415 7.0705e-05 0.000624283 0.0345731 
-0.0418188 -0.344409 8.32498e-05 0.00069919 0.0367179 
-0.0442788 -0.364669 9.69871e-05 0.000774564 0.0388429 
-0.0467387 -0.384928 0.000111957 0.00084978 0.040975 
-0.0491986 -0.405187 0.000128198 0.00092421 0.043143 
-0.0516586 -0.425447 0.00014575 0.000997229 0.0453774 
-0.0541185 -0.445706 0.00016659 0.00106694 0.0477081 
-0.0565784 -0.465965 0.000203949 0.0011291 0.0500923 
-0.0590384 -0.486225 0.000240689 0.00119867 0.0524933 
-0.0614983 -0.506484 0.000276408 0.00127553 0.0549158 
-0.0639582 -0.526743 0.000310705 0.00135954 0.0573634 
-0.0664182 -0.547003 0.000343179 0.00145059 0.0598388 
-0.0688781 -0.567262 0.000373429 0.00154857 0.0623438 
-0.071338 -0.587522 0.000401053 0.00165334 0.0648793 
-0.073798 -0.607781 0.00042565 0.0017648 0.0674454 
-0.0762579 -0.62804 0.00044682 0.00188281 0.0700418 
-0.0787178 -0.6483 0.00046416 0.00200727 0.0726673 
-0.0811778 -0.668559 0.00047727 0.00213804 0.0753205 
-0.0836377 -0.688818 0.000485748 0.002275 0.0779992 
-0.0860976 -0.709078 0.000489194 0.00241805 0.0807014 
-0.0885576 -0.729337 0.000487205 0.00256705 0.0834245 
-0.0910175 -0.749596 0.000479382 0.00272188 0.0861657 
-0.0934774 -0.769856 0.000465322 0.00288244 0.0889225 
-0.0959374 -0.790115 0.000444624 0.00304858 0.0916919 
-0.0983973 -0.810375 0.000416888 0.0032202 0.0944715 
-0.100857 -0.830634 0.000428913 0.00339892 0.0972732 
-0.103317 -0.850893 0.0004491 0.00358109 0.100096 
-0.105777 -0.871153 0.000465525 0.0037649 0.102909 
-0.108237 -0.891412 0.000477214 0.00394915 0.105698 
-0.110697 -0.911671 0.000483197 0.00413265 0.108455 
-0.113157 -0.931931 0.00048251 0.00431421 0.111174 
-0.115617 -0.95219 0.000474191 0.00449263 0.113846 
-0.118077 -0.97245 0.000457284 0.00466675 0.116473 
-0.120537 -0.992709 0.000430837 0.00483539 0.119093 
-2.01363e-10 3.01361e-10 -1.17884e-13 3.44121e-13 1.35229e-19 
-0.00123221 -0.0203709 -5.86795e-07 -1.76992e-05 0.000388392 
-0.00246443 -0.0407419 -8.91937e-07 -2.47275e-05 0.00144839 
-0.00369664 -0.0611128 -8.96685e-07 -2.1765e-05 0.00303608 
-0.00492886 -0.0814837 -5.82296e-07 -9.49189e-06 0.00502532 
-0.00616107 -0.101855 6.99704e-08 1.14117e-05 0.00730675 
-0.00739329 -0.122226 1.07886e-06 4.02657e-05 0.00978688 
-0.0086255 -0.142597 2.4631e-06 7.639e-05 0.0123871 
-0.00985771 -0.162967 4.24146e-06 0.000119104 0.015043 
-0.0110899 -0.183338 6.43265e-06 0.000167729 0.0177028 
-0.0123221 -0.203709 9.05543e-06 0.000221583 0.0203273 
-0.0135544 -0.22408 1.21285e-05 0.000279987 0.0228882 
-0.0147866 -0.244451 1.56707e-05 0.000342261 0.0253675 
-0.0160188 -0.264822 1.97007e-05 0.000407724 0.0277565 
-0.017251 -0.285193 2.42373e-05 0.000475697 0.0300548 
-0.0184832 -0.305564 2.92991e-05 0.000545499 0.0322695 
-0.0197154 -0.325935 3.4905e-05 0.00061645 0.0344143 
-0.0209476 -0.346306 4.10736e-05 0.00068787 0.0365081 
-0.0221799 -0.366677 4.78238e-05 0.000759079 0.0385747 
-0.0234121 -0.387048 5.51742e-05 0.000829397 0.0406415 
-0.0246443 -0.407419 6.31437e-05 0.000898143 0.0427386 
-0.0258765 -0.42779 7.17508e-05 0.000964638 0.0448978 
-0.0271087 -0.44816 8.30567e-05 0.00102494 0.047149 
-0.0283409 -0.468531 0.000101429 0.00107666 0.049437 
-0.0295731 -0.488902 0.000119436 0.00113437 0.0517343 
-0.0308054 -0.509273 0.000136872 0.00119787 0.0540454 
-0.0320376 -0.529644 0.000153533 0.00126696 0.0563735 
-0.0332698 -0.550015 0.000169214 0.00134143 0.058721 
-0.034502 -0.570386 0.000183712 0.00142108 0.0610891 
-0.0357342 -0.590757 0.000196822 0.0015057 0.0634783 
-0.0369664 -0.611128 0.000208339 0.0015951 0.0658883 
-0.0381986 -0.631499 0.000218058 0.00168907 0.0683181 
-0.0394309 -0.65187 0.000225777 0.0017874 0.0707661 
-0.0406631 -0.672241 0.000231289 0.0018899 0.07323 
-0.0418953 -0.692612 0.000234391 0.00199635 0.0757074 
-0.0431275 -0.712983 0.000234878 0.00210655 0.0781951 
-0.0443597 -0.733353 0.000232546 0.00222031 0.08069 
-0.0455919 -0.753724 0.00022719 0.00233741 0.0831885 
-0.0468241 -0.774095 0.000218606 0.00245765 0.085687 
-0.0480564 -0.794466 0.000206589 0.00258084 0.0881819 
-0.0492886 -0.814837 0.000190936 0.00270675 0.0906695 
-0.0505208 -0.835208 0.000171441 0.0028352 0.0931465 
-0.051753 -0.855579 0.000147901 0.00296598 0.0956094 
-0.0529852 -0.87595 0.00012011 0.00309889 0.0980554 
-0.0542174 -0.896321 8.78641e-05 0.00323371 0.100482 
-0.0554496 -0.916692 5.59258e-05 0.00337523 0.102885 
-0.0566819 -0.937063 1.72422e-05 0.00351613 0.105259 
-0.0579141 -0.957434 -2.95909e-05 0.00365486 0.107602 
-0.0591463 -0.977805 -8.54409e-05 0.00379042 0.109912 
-0.0603785 -0.998176 -0.000151167 0.0039218 0.112189 
-2.01363e-10 3.01361e-10 -1.17884e-13 3.44121e-13 1.35229e-19 
-3.35987e-15 -0.0204082 -3.87714e-14 -1.77039e-05 0.000388301 
-2.23028e-15 -0.0408163 -7.85257e-14 -2.46734e-05 0.00144821 
-1.09722e-15 -0.0612245 -1.19334e-13 -2.16071e-05 0.00303599 
3.93122e-17 -0.0816327 -1.61265e-13 -9.20319e-06 0.00502554 
1.17237e-15 -0.102041 -2.04388e-13 1.18398e-05 0.00730744 
2.3089e-15 -0.122449 -2.48771e-13 4.08234e-05 0.00978806 
5.53709e-11 -0.142857 -3.10243e-13 7.70493e-05 0.0123886 
5.53721e-11 -0.163265 -3.65336e-13 0.000119819 0.0150443 
-3.27431e-15 -0.183673 -3.90159e-13 0.000168434 0.0177032 
-2.15166e-15 -0.204082 -4.40266e-13 0.000222196 0.0203256 
-1.01512e-15 -0.22449 -4.91976e-13 0.000280407 0.022883 
1.21406e-16 -0.244898 -5.45357e-13 0.000342368 0.0253569 
1.25794e-15 -0.265306 -6.00478e-13 0.000407381 0.0277385 
2.39447e-15 -0.285714 -6.57407e-13 0.000474747 0.0300271 
-9.65173e-11 -0.306122 -5.63933e-13 0.000543769 0.0322296 
-6.45881e-11 -0.326531 -6.63171e-13 0.000613747 0.0343595 
-3.20262e-15 -0.346939 -8.39715e-13 0.000683982 0.0364358 
-2.07997e-15 -0.367347 -9.04563e-13 0.000753778 0.0384824 
-9.29562e-16 -0.387755 -9.71561e-13 0.000822435 0.0405269 
1.93091e-16 -0.408163 -1.04078e-12 0.000889255 0.0425997 
1.3435e-15 -0.428571 -1.11229e-12 0.00095354 0.0447334 
-2.25136e-10 -0.44898 -4.81753e-13 0.00101054 0.046957 
-1.23345e-10 -0.469388 -7.51183e-13 0.00105871 0.0492121 
-2.15548e-11 -0.489796 -1.1337e-12 0.00111239 0.0514739 
8.02358e-11 -0.510204 -1.61139e-12 0.00117136 0.0537468 
1.82026e-10 -0.530612 -2.16636e-12 0.00123538 0.0560339 
2.83817e-10 -0.55102 -2.78069e-12 0.00130423 0.0583374 
1.51776e-10 -0.571429 -2.19907e-12 0.00137766 0.0606583 
1.77223e-10 -0.591837 -2.41935e-12 0.00145546 0.0629971 
2.0267e-10 -0.612245 -2.63966e-12 0.00153739 0.0653533 
-1.59151e-10 -0.632653 -6.63805e-13 0.00162321 0.0677256 
-1.08256e-10 -0.653061 -1.00879e-12 0.00171269 0.0701122 
-5.73614e-11 -0.673469 -1.35755e-12 0.00180561 0.0725107 
-6.46648e-12 -0.693878 -1.70068e-12 0.00190173 0.0749183 
4.44284e-11 -0.714286 -2.02876e-12 0.00200081 0.0773317 
9.53232e-11 -0.734694 -2.33238e-12 0.00210264 0.0797474 
1.46218e-10 -0.755102 -2.60212e-12 0.00220696 0.0821616 
2.64345e-10 -0.77551 -3.13546e-12 0.00231357 0.0845704 
1.88e-10 -0.795918 -2.75112e-12 0.00242221 0.0869698 
1.11655e-10 -0.816327 -2.41142e-12 0.00253267 0.0893558 
1.74201e-10 -0.836735 -2.58123e-12 0.0026447 0.0917246 
1.16942e-10 -0.857143 -2.34235e-12 0.00275808 0.0940726 
5.96835e-11 -0.877551 -2.15287e-12 0.00287257 0.0963963 
2.4248e-12 -0.897959 -2.02145e-12 0.00298795 0.0986926 
-5.48339e-11 -0.918367 -1.9567e-12 0.00310398 0.100959 
-1.12093e-10 -0.938776 -1.96725e-12 0.00322043 0.103193 
-1.69351e-10 -0.959184 -2.06174e-12 0.00333707 0.105394 
-2.2661e-10 -0.979592 -2.2488e-12 0.00345366 0.10756 
-1.42059e-08 -1 -1.3836e-10 0.00356998 0.109692 
-2.01363e-10 3.01361e-10 -1.17884e-13 3.44121e-13 1.35229e-19 
0.00123221 -0.0203709 5.86795e-07 -1.76992e-05 0.000388392 
0.00246443 -0.0407419 8.91937e-07 -2.47275e-05 0.00144839 
0.00369664 -0.0611128 8.96685e-07 -2.1765e-05 0.00303608 
0.00492886 -0.0814837 5.82296e-07 -9.49189e-06 0.00502532 
0.00616107 -0.101855 -6.99708e-08 1.14117e-05 0.00730675 
0.00739329 -0.122226 -1.07886e-06 4.02657e-05 0.00978688 
0.0086255 -0.142597 -2.4631e-06 7.639e-05 0.0123871 
0.00985771 -0.162967 -4.24146e-06 0.000119104 0.015043 
0.0110899 -0.183338 -6.43265e-06 0.000167729 0.0177028 
0.0123221 -0.203709 -9.05543e-06 0.000221583 0.0203273 
0.0135544 -0.22408 -1.21285e-05 0.000279987 0.0228882 
0.0147866 -0.244451 -1.56707e-05 0.000342261 0.0253675 
0.0160188 -0.264822 -1.97007e-05 0.000407724 0.0277565 
0.017251 -0.285193 -2.42373e-05 0.000475697 0.0300548 
0.0184832 -0.305564 -2.92991e-05 0.000545499 0.0322695 
0.0197154 -0.325935 -3.4905e-05 0.00061645 0.0344143 
0.0209476 -0.346306 -4.10736e-05 0.00068787 0.0365081 
0.0221799 -0.366677 -4.78238e-05 0.000759079 0.0385747 
0.0234121 -0.387048 -5.51742e-05 0.000829397 0.0406415 
0.0246443 -0.407419 -6.31437e-05 0.000898143 0.0427386 
0.0258765 -0.42779 -7.17508e-05 0.000964638 0.0448978 
0.0271087 -0.44816 -8.30567e-05 0.00102494 0.047149 
0.0283409 -0.468531 -0.000101429 0.00107666 0.049437 
0.0295731 -0.488902 -0.000119436 0.00113437 0.0517343 
0.0308054 -0.509273 -0.000136872 0.00119787 0.0540454 
0.0320376 -0.529644 -0.000153533 0.00126696 0.0563735 
0.0332698 -0.550015 -0.000169214 0.00134143 0.058721 
0.034502 -0.570386 -0.000183712 0.00142108 0.0610891 
0.0357342 -0.590757 -0.000196822 0.0015057 0.0634783 
0.0369664 -0.611128 -0.000208339 0.0015951 0.0658883 
0.0381986 -0.631499 -0.000218058 0.00168907 0.0683181 
0.0394309 -0.65187 -0.000225777 0.0017874 0.0707661 
0.0406631 -0.672241 -0.000231289 0.0018899 0.07323 
0.0418953 -0.692612 -0.000234391 0.00199635 0.0757074 
0.0431275 -0.712983 -0.000234878 0.00210655 0.0781951 
0.0443597 -0.733353 -0.000232546 0.00222031 0.08069 
0.0455919 -0.753724 -0.00022719 0.00233741 0.0831885 
0.0468241 -0.774095 -0.000218606 0.00245765 0.085687 
0.0480564 -0.794466 -0.000206589 0.00258084 0.0881819 
0.0492886 -0.814837 -0.000190936 0.00270675 0.0906695 
0.0505208 -0.835208 -0.000171441 0.0028352 0.0931465 
0.051753 -0.855579 -0.000147901 0.00296598 0.0956094 
0.0529852 -0.87595 -0.00012011 0.00309889 0.0980554 
0.0542174 -0.896321 -8.78641e-05 0.00323371 0.100482 
0.0554496 -0.916692 -5.59258e-05 0.00337523 0.102885 
0.0566819 -0.937063 -1.72422e-05 0.00351613 0.105259 
0.0579141 -0.957434 2.95909e-05 0.00365486 0.107602 
0.0591463 -0.977805 8.54409e-05 0.00379042 0.109912 
0.0603785 -0.998176 0.000151167 0.0039218 0.112189 
-2.01363e-10 3.01361e-10 -1.17884e-13 3.44121e-13 1.35229e-19 
0.00245993 -0.0202594 1.17255e-06 -1.76847e-05 0.000388666 
0.00491986 -0.0405187 1.78365e-06 -2.48883e-05 0.00144894 
0.0073798 -0.0607781 1.79387e-06 -2.22367e-05 0.00303642 
0.00983973 -0.0810375 1.16374e-06 -1.03557e-05 0.00502479 
0.0122997 -0.101297 -1.46187e-07 1.01287e-05 0.00730485 
0.0147596 -0.121556 -2.17536e-06 3.85908e-05 0.00978353 
0.0172195 -0.141816 -4.96323e-06 7.44045e-05 0.0123829 
0.0196795 -0.162075 -8.54925e-06 0.000116944 0.0150392 
0.0221394 -0.182334 -1.29729e-05 0.000165584 0.0177018 
0.0245993 -0.202594 -1.82736e-05 0.000219697 0.0203323 
0.0270593 -0.222853 -2.44907e-05 0.000278659 0.0229033 
0.0295192 -0.243112 -3.16639e-05 0.000341843 0.025398 
0.0319791 -0.263372 -3.98324e-05 0.000408623 0.0278083 
0.0344391 -0.283631 -4.90358e-05 0.000478374 0.0301349 
0.036899 -0.30389 -5.93136e-05 0.000550469 0.0323852 
0.0393589 -0.32415 -7.07051e-05 0.000624283 0.0345731 
0.0418188 -0.344409 -8.32498e-05 0.00069919 0.0367179 
0.0442788 -0.364669 -9.69871e-05 0.000774564 0.0388429 
0.0467387 -0.384928 -0.000111957 0.00084978 0.040975 
0.0491986 -0.405187 -0.000128198 0.00092421 0.043143 
0.0516586 -0.425447 -0.00014575 0.000997229 0.0453774 
0.0541185 -0.445706 -0.00016659 0.00106694 0.0477081 
0.0565784 -0.465965 -0.000203949 0.0011291 0.0500923 
0.0590384 -0.486225 -0.000240689 0.00119867 0.0524933 
0.0614983 -0.506484 -0.000276408 0.00127553 0.0549158 
0.0639582 -0.526743 -0.000310705 0.00135954 0.0573634 
0.0664182 -0.547003 -0.000343179 0.00145059 0.0598388 
0.0688781 -0.567262 -0.000373429 0.00154857 0.0623438 
0.071338 -0.587522 -0.000401053 0.00165334 0.0648793 
0.073798 -0.607781 -0.00042565 0.0017648 0.0674454 
0.0762579 -0.62804 -0.00044682 0.00188281 0.0700418 
0.0787178 -0.6483 -0.00046416 0.00200727 0.0726673 
0.0811778 -0.668559 -0.00047727 0.00213804 0.0753205 
0.0836377 -0.688818 -0.000485748 0.002275 0.0779992 
0.0860976 -0.709078 -0.000489194 0.00241805 0.0807014 
0.0885576 -0.729337 -0.000487205 0.00256705 0.0834245 
0.0910175 -0.749596 -0.000479382 0.00272188 0.0861657 
0.0934774 -0.769856 -0.000465322 0.00288244 0.0889225 
0.0959374 -0.790115 -0.000444624 0.00304858 0.0916919 
0.0983973 -0.810375 -0.000416888 0.0032202 0.0944715 
0.100857 -0.830634 -0.000428913 0.00339892 0.0972732 
0.103317 -0.850893 -0.0004491 0.00358109 0.100096 
0.105777 -0.871153 -0.000465525 0.0037649 0.102909 
0.108237 -0.891412 -0.000477214 0.00394915 0.105698 
0.110697 -0.911671 -0.000483197 0.00413265 0.108455 
0.113157 -0.931931 -0.00048251 0.00431421 0.111174 
0.115617 -0.95219 -0.000474191 0.00449263 0.113846 
0.118077 -0.97245 -0.000457284 0.00466675 0.116473 
0.120537 -0.992709 -0.000430838 0.00483539 0.119093 
-2.01363e-10 3.01361e-10 -1.17884e-13 3.44121e-13 1.35229e-19 
0.00367867 -0.0200739 1.75621e-06 -1.76596e-05 0.000389127 
0.00735735 -0.0401478 2.67493e-06 -2.51523e-05 0.00144992 
0.011036 -0.0602216 2.69216e-06 -2.30159e-05 0.00303715 
0.0147147 -0.0802955 1.74385e-06 -1.17878e-05 0.00502423 
0.0183934 -0.100369 -2.34005e-07 7.99437e-06 0.0073022 
0.022072 -0.120443 -3.30544e-06 3.57931e-05 0.00977863 
0.0257507 -0.140517 -7.53448e-06 7.10709e-05 0.0123766 
0.0294294 -0.160591 -1.29851e-05 0.00011329 0.0150335 
0.0331081 -0.180665 -1.97214e-05 0.000161913 0.0177002 
0.0367867 -0.200739 -2.78074e-05 0.000216403 0.0203397 
0.0404654 -0.220813 -3.73071e-05 0.000276221 0.0229265 
0.0441441 -0.240887 -4.82845e-05 0.000340831 0.0254449 
0.0478228 -0.26096 -6.08037e-05 0.000409694 0.0278885 
0.0515014 -0.281034 -7.49286e-05 0.000482274 0.030259 
0.0551801 -0.301108 -9.07234e-05 0.000558032 0.0325648 
0.0588588 -0.321182 -0.000108252 0.000636432 0.0348204 
0.0625375 -0.341256 -0.000127578 0.000716934 0.0370452 
0.0662161 -0.36133 -0.000148767 0.000799003 0.0392621 
0.0698948 -0.381404 -0.000171881 0.0008821 0.041497 
0.0735735 -0.401478 -0.000196985 0.000965689 0.0437773 
0.0772522 -0.421551 -0.000224143 0.00104923 0.0461309 
0.0809308 -0.441625 -0.000253419 0.00113219 0.0485854 
0.0846095 -0.461699 -0.000308369 0.00121186 0.0511209 
0.0882882 -0.481773 -0.000365247 0.00130047 0.0536851 
0.0919669 -0.501847 -0.000420889 0.00139877 0.0562826 
0.0956455 -0.521921 -0.000474714 0.00150679 0.0589175 
0.0993242 -0.541995 -0.000526136 0.00162453 0.0615932 
0.103003 -0.562069 -0.000574575 0.00175201 0.0643119 
0.106682 -0.582142 -0.000619447 0.00188925 0.0670752 
0.11036 -0.602216 -0.000660168 0.00203625 0.069884 
0.114039 -0.62229 -0.000696157 0.00219304 0.0727386 
0.117718 -0.642364 -0.00072683 0.00235963 0.0756388 
0.121396 -0.662438 -0.000751603 0.00253604 0.0785838 
0.125075 -0.682512 -0.000769895 0.00272227 0.0815728 
0.128754 -0.702586 -0.000781123 0.00291835 0.0846044 
0.132432 -0.72266 -0.000784702 0.00312428 0.0876773 
0.136111 -0.742733 -0.000780051 0.00334009 0.09079 
0.13979 -0.762807 -0.000848753 0.00356002 0.0939776 
0.143468 -0.782881 -0.000924515 0.00378701 0.0972411 
0.147147 -0.802955 -0.00100116 0.00402001 0.100532 
0.150826 -0.823029 -0.00107763 0.00425763 0.103828 
0.154504 -0.843103 -0.00115287 0.0044985 0.107117 
0.158183 -0.863177 -0.00122583 0.00474123 0.110393 
0.161862 -0.883251 -0.00129546 0.00498445 0.113645 
0.16554 -0.903324 -0.0013607 0.00522678 0.116856 
0.169219 -0.923398 -0.00142051 0.00546684 0.120007 
0.172898 -0.943472 -0.00147382 0.00570326 0.12309 
0.176576 -0.963546 -0.00151959 0.00593466 0.126128 
0.180255 -0.98362 -0.00155676 0.00615969 0.12921 
-2.01363e-10 3.01361e-10 -1.17884e-13 3.44121e-13 1.35229e-19 
0.00488399 -0.0198151 2.33671e-06 -1.7622e-05 0.000389782 
0.00976799 -0.0396303 3.56557e-06 -2.55133e-05 0.0014514 
0.014652 -0.0594454 3.59237e-06 -2.40921e-05 0.0030385 
0.019536 -0.0792606 2.3229e-06 -1.37765e-05 0.00502414 
0.02442 -0.0990757 -3.37045e-07 5.01529e-06 0.00729958 
0.029304 -0.118891 -4.48168e-06 3.18652e-05 0.00977319 
0.034188 -0.138706 -1.02052e-05 6.63552e-05 0.0123692 
0.0390719 -0.158521 -1.76019e-05 0.000108067 0.0150267 
0.0439559 -0.178336 -2.67658e-05 0.000156582 0.0176983 
0.0488399 -0.198151 -3.77913e-05 0.000211484 0.020349 
0.0537239 -0.217967 -5.07725e-05 0.000272352 0.0229551 
0.0586079 -0.237782 -6.58037e-05 0.00033877 0.0255031 
0.0634919 -0.257597 -8.2979e-05 0.000410319 0.0279884 
0.0683759 -0.277412 -0.000102393 0.000486581 0.0304141 
0.0732599 -0.297227 -0.000124139 0.000567139 0.03279 
0.0781439 -0.317042 -0.000148312 0.000651573 0.0351313 
0.0830279 -0.336857 -0.000175006 0.000739465 0.0374578 
0.0879119 -0.356673 -0.000204315 0.000830398 0.039792 
0.0927959 -0.376488 -0.000236334 0.000923954 0.0421588 
0.0976799 -0.396303 -0.000271156 0.00101971 0.0445835 
0.102564 -0.416118 -0.000308876 0.00111726 0.0470915 
0.107448 -0.435933 -0.000349588 0.00121617 0.0497064 
0.112332 -0.455748 -0.000414955 0.00131816 0.0524305 
0.117216 -0.475563 -0.000493958 0.00143192 0.0552037 
0.1221 -0.495378 -0.000571851 0.0015586 0.0580246 
0.126984 -0.515194 -0.000647892 0.00169842 0.0608979 
0.131868 -0.535009 -0.000721338 0.00185155 0.0638273 
0.136752 -0.554824 -0.000791446 0.0020182 0.0668157 
0.141636 -0.574639 -0.000857475 0.00219858 0.0698655 
0.14652 -0.594454 -0.00091868 0.00239286 0.0729781 
0.151404 -0.614269 -0.000974319 0.00260126 0.0761548 
0.156288 -0.634084 -0.00102365 0.00282396 0.0793962 
0.161172 -0.6539 -0.00106593 0.00306118 0.0827025 
0.166056 -0.673715 -0.00110041 0.00331309 0.0860739 
0.17094 -0.69353 -0.00117266 0.00357104 0.0895216 
0.175824 -0.713345 -0.00129429 0.0038336 0.0930909 
0.180708 -0.73316 -0.00142218 0.00410783 0.0967432 
0.185592 -0.752975 -0.00155522 0.0043922 0.100444 
0.190476 -0.77279 -0.00169232 0.00468516 0.104174 
0.19536 -0.792606 -0.00183234 0.00498517 0.107925 
0.200244 -0.812421 -0.00197418 0.00529068 0.111691 
0.205128 -0.832236 -0.00211669 0.00560012 0.115465 
0.210012 -0.852051 -0.00225875 0.00591192 0.119237 
0.214896 -0.871866 -0.00239922 0.00622451 0.122987 
0.21978 -0.891681 -0.00253694 0.00653631 0.126695 
0.224664 -0.911496 -0.00267078 0.00684572 0.130342 
0.229548 -0.931312 -0.00279956 0.00715115 0.133926 
0.234432 -0.951127 -0.00292214 0.00745098 0.13748 
0.239316 -0.970942 -0.00303733 0.00774361 0.141094 
-2.01363e-10 3.01361e-10 -1.17884e-13 3.44121e-13 1.35229e-19 
0.00607149 -0.0194841 2.91298e-06 -1.75697e-05 0.00039064 
0.012143 -0.0389682 4.45537e-06 -2.59626e-05 0.00145348 
0.0182145 -0.0584523 4.49563e-06 -2.54504e-05 0.00304082 
0.024286 -0.0779364 2.90221e-06 -1.63049e-05 0.00502519 
0.0303575 -0.0974205 -4.56424e-07 1.20223e-06 0.00729809 
0.0364289 -0.116905 -5.71182e-06 2.67993e-05 0.00976868 
0.0425004 -0.136389 -1.29955e-05 6.02146e-05 0.0123626 
0.0485719 -0.155873 -2.24391e-05 0.000101176 0.0150205 
0.0546434 -0.175357 -3.4174e-05 0.000149413 0.017697 
0.0607149 -0.194841 -4.83319e-05 0.000204652 0.0203595 
0.0667864 -0.214325 -6.50443e-05 0.000266623 0.0229864 
0.0728579 -0.233809 -8.44426e-05 0.000335054 0.0255666 
0.0789294 -0.253293 -0.000106659 0.000409672 0.0280974 
0.0850009 -0.272777 -0.000131824 0.000490207 0.0305838 
0.0910724 -0.292261 -0.000160069 0.000576386 0.0330373 
0.0971439 -0.311746 -0.000191527 0.000667937 0.035474 
0.103215 -0.33123 -0.000226329 0.00076459 0.0379142 
0.109287 -0.350714 -0.000264606 0.000866072 0.0403801 
0.115358 -0.370198 -0.000306489 0.000972112 0.0428958 
0.12143 -0.389682 -0.000352112 0.00108244 0.0454847 
0.127501 -0.409166 -0.000401604 0.00119678 0.0481692 
0.133573 -0.42865 -0.000455097 0.00131486 0.050969 
0.139644 -0.448134 -0.000523185 0.00143891 0.0538977 
0.145716 -0.467618 -0.000626742 0.0015825 0.0569078 
0.151787 -0.487102 -0.000729747 0.00174292 0.0599804 
0.157859 -0.506587 -0.000831325 0.0019206 0.0631207 
0.16393 -0.526071 -0.000930602 0.00211596 0.0663326 
0.170002 -0.545555 -0.0010267 0.00232941 0.0696196 
0.176073 -0.565039 -0.00111875 0.00256139 0.0729843 
0.182145 -0.584523 -0.00120588 0.0028123 0.076429 
0.188216 -0.604007 -0.0012872 0.00308257 0.0799553 
0.194288 -0.623491 -0.00136186 0.00337262 0.0835647 
0.200359 -0.642975 -0.0014816 0.00366243 0.0872679 
0.206431 -0.662459 -0.00164151 0.00395835 0.0910938 
0.212502 -0.681943 -0.00181228 0.00427094 0.0950232 
0.218574 -0.701428 -0.00199277 0.00459855 0.0990324 
0.224645 -0.720912 -0.00218184 0.00493951 0.103103 
0.230717 -0.740396 -0.00237832 0.00529212 0.107221 
0.236788 -0.75988 -0.00258104 0.00565466 0.111379 
0.24286 -0.779364 -0.00278882 0.00602542 0.115571 
0.248931 -0.798848 -0.00300044 0.00640263 0.11979 
0.255003 -0.818332 -0.0032147 0.00678453 0.124026 
0.261074 -0.837816 -0.00343037 0.00716933 0.128268 
0.267146 -0.8573 -0.0036462 0.00755521 0.1325 
0.273217 -0.876784 -0.00386094 0.00794035 0.136708 
0.279289 -0.896269 -0.00407331 0.00832289 0.14088 
0.28536 -0.915753 -0.00428203 0.00870096 0.145016 
0.291432 -0.935237 -0.0044858 0.00907267 0.149132 
0.297503 -0.954721 -0.00468329 0.0094361 0.153271 
-2.01363e-10 3.01361e-10 -1.17884e-13 3.44121e-13 1.35229e-19 
0.00723683 -0.019082 3.48391e-06 -1.74998e-05 0.000391709 
0.0144737 -0.0381639 5.34415e-06 -2.64893e-05 0.00145628 
0.0217105 -0.0572459 5.40342e-06 -2.70717e-05 0.00304451 
0.0289473 -0.0763279 3.48444e-06 -1.93503e-05 0.00502827 
0.0361842 -0.0954098 -5.90104e-07 -3.4286e-06 0.00729915 
0.043421 -0.114492 -6.99748e-06 2.05902e-05 0.00976704 
0.0506578 -0.133574 -1.5915e-05 5.26027e-05 0.0123588 
0.0578947 -0.152656 -2.75199e-05 9.25057e-05 0.0150169 
0.0651315 -0.171738 -4.19896e-05 0.000140196 0.0176979 
0.0723683 -0.19082 -5.95012e-05 0.000195569 0.0203714 
0.0796052 -0.209902 -8.02322e-05 0.000258524 0.0230182 
0.086842 -0.228984 -0.00010436 0.000328955 0.0256293 
0.0940788 -0.248066 -0.000132061 0.00040676 0.0282044 
0.101316 -0.267147 -0.000163514 0.000491835 0.0307506 
0.108553 -0.286229 -0.000198895 0.000584078 0.0332807 
0.115789 -0.305311 -0.000238382 0.000683384 0.0358124 
0.123026 -0.324393 -0.000282152 0.000789651 0.0383664 
0.130263 -0.343475 -0.000330382 0.000902775 0.0409652 
0.1375 -0.362557 -0.00038325 0.00102265 0.0436319 
0.144737 -0.381639 -0.000440932 0.00114918 0.0463886 
0.151974 -0.400721 -0.000503607 0.00128226 0.049255 
0.15921 -0.419803 -0.000571452 0.00142178 0.0522472 
0.166447 -0.438885 -0.000644643 0.00156763 0.0553764 
0.173684 -0.457967 -0.000762359 0.00173943 0.0586275 
0.180921 -0.477049 -0.000893675 0.00193703 0.0619564 
0.188158 -0.496131 -0.00102453 0.00215654 0.0653658 
0.195395 -0.515213 -0.00115394 0.00239866 0.0688599 
0.202631 -0.534295 -0.00128094 0.00266406 0.072442 
0.209868 -0.553377 -0.00140455 0.0029534 0.076115 
0.217105 -0.572459 -0.0015238 0.00326738 0.079881 
0.224342 -0.591541 -0.00166095 0.00358696 0.0837424 
0.231579 -0.610623 -0.00184374 0.00390011 0.087714 
0.238816 -0.629705 -0.00204193 0.00423542 0.091809 
0.246052 -0.648787 -0.00225438 0.00459114 0.0960199 
0.253289 -0.667869 -0.00247991 0.00496549 0.10033 
0.260526 -0.686951 -0.00271736 0.00535667 0.104722 
0.267763 -0.706033 -0.00296549 0.00576284 0.109182 
0.275 -0.725115 -0.0032231 0.00618211 0.113698 
0.282237 -0.744197 -0.00348892 0.00661258 0.118261 
0.289473 -0.763279 -0.00376167 0.00705231 0.122864 
0.29671 -0.782361 -0.00404006 0.0074993 0.127496 
0.303947 -0.801442 -0.00432276 0.00795154 0.13215 
0.311184 -0.820524 -0.00460841 0.00840697 0.136812 
0.318421 -0.839606 -0.00489564 0.00886349 0.141471 
0.325658 -0.858688 -0.00518305 0.00931897 0.146116 
0.332894 -0.87777 -0.0054692 0.00977121 0.150737 
0.340131 -0.896852 -0.00575264 0.010218 0.155332 
0.347368 -0.915934 -0.00603188 0.0106571 0.159902 
0.354605 -0.935016 -0.00630539 0.0110861 0.164455 
-2.01363e-10 3.01361e-10 -1.17884e-13 3.44121e-13 1.35229e-19 
0.00837577 -0.0186102 4.04837e-06 -1.74089e-05 0.000393001 
0.0167515 -0.0372204 6.23172e-06 -2.708e-05 0.00145995 
0.0251273 -0.0558306 6.31764e-06 -2.89321e-05 0.00305005 
0.0335031 -0.0744408 4.07373e-06 -2.28838e-05 0.00503439 
0.0418789 -0.093051 -7.32394e-07 -8.85397e-06 0.00730447 
0.0502546 -0.111661 -8.33314e-06 1.32387e-05 0.00977072 
0.0586304 -0.130271 -1.89609e-05 4.34754e-05 0.012361 
0.0670062 -0.148882 -3.28481e-05 8.19375e-05 0.0150193 
0.0753819 -0.167492 -5.02271e-05 0.000128706 0.0177039 
0.0837577 -0.186102 -7.13303e-05 0.000183863 0.0203863 
0.0921335 -0.204712 -9.63901e-05 0.000247488 0.0230496 
0.100509 -0.223322 -0.000125639 0.000319664 0.0256868 
0.108885 -0.241933 -0.000159309 0.000400471 0.0282998 
0.117261 -0.260543 -0.000197633 0.000489991 0.0308975 
0.125637 -0.279153 -0.000240843 0.000588306 0.0334946 
0.134012 -0.297763 -0.000289172 0.000695495 0.0361097 
0.142388 -0.316373 -0.000342852 0.000811641 0.0387647 
0.150764 -0.334984 -0.000402115 0.000936825 0.0414822 
0.15914 -0.353594 -0.000467194 0.00107113 0.044285 
0.167515 -0.372204 -0.000538321 0.00121463 0.0471942 
0.175891 -0.390814 -0.000615729 0.00136742 0.0502274 
0.184267 -0.409424 -0.00069965 0.00152956 0.0533981 
0.192643 -0.428035 -0.000790316 0.00170116 0.0567134 
0.201019 -0.446645 -0.000898216 0.00188823 0.060172 
0.209394 -0.465255 -0.00106116 0.00212424 0.0637354 
0.21777 -0.483865 -0.00122518 0.00238716 0.0673874 
0.226146 -0.502475 -0.00138925 0.00267796 0.0711314 
0.234522 -0.521086 -0.00155233 0.00299758 0.0749703 
0.242897 -0.539696 -0.0017134 0.00334699 0.0789062 
0.251273 -0.558306 -0.00189787 0.00366505 0.082938 
0.259649 -0.576916 -0.00210418 0.00400239 0.0870906 
0.268025 -0.595526 -0.00232893 0.00436576 0.0913819 
0.2764 -0.614137 -0.00257097 0.00475334 0.0958046 
0.284776 -0.632747 -0.0028291 0.00516324 0.100343 
0.293152 -0.651357 -0.00310211 0.00559353 0.10498 
0.301528 -0.669967 -0.00338874 0.00604223 0.109704 
0.309904 -0.688577 -0.00368769 0.00650731 0.114503 
0.318279 -0.707188 -0.00399764 0.00698667 0.119368 
0.326655 -0.725798 -0.00431723 0.00747817 0.124287 
0.335031 -0.744408 -0.00464506 0.00797959 0.129247 
0.343407 -0.763018 -0.00497968 0.00848868 0.134232 
0.351782 -0.781628 -0.00531962 0.00900309 0.139226 
0.360158 -0.800239 -0.00566336 0.00952044 0.144214 
0.368534 -0.818849 -0.00600582 0.0100439 0.149189 
0.37691 -0.837459 -0.0063486 0.0105674 0.154149 
0.385285 -0.856069 -0.00669069 0.0110886 0.159087 
0.393661 -0.874679 -0.0070309 0.0116058 0.163998 
0.402037 -0.89329 -0.00736807 0.0121171 0.168882 
0.410413 -0.9119 -0.00770104 0.0126206 0.173743 
-2.01363e-10 3.01361e-10 -1.17884e-13 3.44121e-13 1.35229e-19 
0.00948415 -0.0180705 4.60519e-06 -1.72931e-05 0.000394528 
0.0189683 -0.0361411 7.11786e-06 -2.77194e-05 0.00146465 
0.0284524 -0.0542116 7.24058e-06 -3.10034e-05 0.00305799 
0.0379366 -0.0722821 4.6759e-06 -2.68695e-05 0.00504476 
0.0474207 -0.0903527 -8.73627e-07 -1.50418e-05 0.00731611 
0.0569049 -0.108423 -9.70544e-06 4.75513e-06 0.00978268 
0.066389 -0.126494 -2.2117e-05 3.27971e-05 0.012373 
0.0758732 -0.144564 -3.84057e-05 6.93596e-05 0.015032 
0.0853573 -0.162635 -5.88691e-05 0.000114718 0.0177193 
0.0948415 -0.180705 -8.38045e-05 0.000169149 0.0204078 
0.104326 -0.198776 -0.000113509 0.000232927 0.0230824 
0.11381 -0.216846 -0.000148281 0.000306329 0.0257377 
0.123294 -0.234917 -0.000188417 0.000389629 0.0283773 
0.132778 -0.252987 -0.000234216 0.000483104 0.0310116 
0.142262 -0.271058 -0.000285973 0.00058703 0.0336568 
0.151746 -0.289128 -0.000343987 0.000701681 0.0363329 
0.16123 -0.307199 -0.000408555 0.000827333 0.0390622 
0.170715 -0.32527 -0.000479975 0.000964263 0.0418683 
0.180199 -0.34334 -0.000558544 0.00111275 0.0447737 
0.189683 -0.361411 -0.00064456 0.00127306 0.047799 
0.199167 -0.379481 -0.000738319 0.00144547 0.0509609 
0.208651 -0.397552 -0.00084012 0.00163027 0.0542708 
0.218135 -0.415622 -0.000950259 0.00182772 0.0577332 
0.22762 -0.433693 -0.00106904 0.0020381 0.0613444 
0.237104 -0.451763 -0.00122799 0.00228656 0.0650872 
0.246588 -0.469834 -0.00142897 0.00259185 0.0689252 
0.256072 -0.487904 -0.00163214 0.00293039 0.0728542 
0.265556 -0.505975 -0.00183338 0.00329167 0.0768753 
0.27504 -0.524045 -0.00202693 0.00360715 0.0809929 
0.284524 -0.542116 -0.0022425 0.00395421 0.0852393 
0.294009 -0.560186 -0.00247897 0.00433102 0.0896215 
0.303493 -0.578257 -0.00273514 0.00473569 0.0941295 
0.312977 -0.596328 -0.00300981 0.00516625 0.0987513 
0.322461 -0.614398 -0.0033017 0.00562066 0.103477 
0.331945 -0.632469 -0.00360747 0.00609488 0.1083 
0.341429 -0.650539 -0.00392091 0.00658301 0.113222 
0.350913 -0.66861 -0.00424566 0.00708814 0.118232 
0.360398 -0.68668 -0.00458031 0.00760809 0.123315 
0.369882 -0.704751 -0.00492352 0.0081407 0.128454 
0.379366 -0.722821 -0.00527395 0.00868387 0.133635 
0.38885 -0.740892 -0.00563029 0.00923553 0.138843 
0.398334 -0.758962 -0.00599127 0.00979366 0.144068 
0.407818 -0.777033 -0.00635562 0.0103563 0.149297 
0.417302 -0.795103 -0.00672211 0.0109214 0.15452 
0.426787 -0.813174 -0.00708955 0.0114872 0.15973 
0.436271 -0.831244 -0.00745673 0.0120518 0.164921 
0.445755 -0.849315 -0.00782252 0.0126133 0.170088 
0.455239 -0.867386 -0.00818575 0.0131699 0.175228 
0.464723 -0.885456 -0.00854533 0.0137198 0.180336 
-2.01363e-10 3.01361e-10 -1.17884e-13 3.44121e-13 1.35229e-19 
0.0105579 -0.0174649 5.15314e-06 -1.71478e-05 0.000396299 
0.0211158 -0.0349298 8.00233e-06 -2.83898e-05 0.00147054 
0.0316737 -0.0523948 8.17495e-06 -3.32528e-05 0.00306893 
0.0422317 -0.0698597 5.29837e-06 -3.12637e-05 0.00506067 
0.0527896 -0.0873246 -1.00003e-06 -2.19494e-05 0.00733637 
0.0633475 -0.10479 -1.10929e-05 -4.8366e-06 0.00980643 
0.0739054 -0.122254 -2.53528e-05 2.05478e-05 0.0123995 
0.0844633 -0.139719 -4.41523e-05 5.46769e-05 0.0150607 
0.0950212 -0.157184 -6.78642e-05 9.80239e-05 0.0177504 
0.105579 -0.174649 -9.6861e-05 0.000151062 0.0204422 
0.116137 -0.192114 -0.000131515 0.000214264 0.0231218 
0.126695 -0.209579 -0.0001722 0.000288104 0.0257848 
0.137253 -0.227044 -0.000219287 0.000373054 0.0284358 
0.147811 -0.244509 -0.00027315 0.000469588 0.0310862 
0.158369 -0.261974 -0.000334161 0.000578178 0.033753 
0.168927 -0.279439 -0.000402692 0.000699299 0.036457 
0.179485 -0.296904 -0.000479117 0.000833423 0.0392214 
0.190042 -0.314369 -0.000563807 0.000981023 0.0420701 
0.2006 -0.331834 -0.000657136 0.00114257 0.0450259 
0.211158 -0.349298 -0.000759476 0.00131854 0.0481093 
0.221716 -0.366763 -0.0008712 0.00150941 0.0513366 
0.232274 -0.384228 -0.000992681 0.00171565 0.0547186 
0.242832 -0.401693 -0.00112429 0.00193773 0.0582586 
0.25339 -0.419158 -0.0012664 0.00217612 0.0619511 
0.263948 -0.436623 -0.00141939 0.0024313 0.0657803 
0.274506 -0.454088 -0.00162951 0.00274935 0.0697168 
0.285064 -0.471553 -0.00186168 0.00311074 0.0737338 
0.295622 -0.489018 -0.00204696 0.0034159 0.0778397 
0.30618 -0.506483 -0.00225591 0.00375602 0.0820499 
0.316737 -0.523948 -0.00247963 0.00411204 0.0863698 
0.327295 -0.541413 -0.00272154 0.00449526 0.0908188 
0.337853 -0.558878 -0.00298192 0.0049076 0.0953993 
0.348411 -0.576342 -0.00325921 0.00534663 0.100106 
0.358969 -0.593807 -0.00355192 0.00580997 0.10493 
0.369527 -0.611272 -0.00385857 0.00629529 0.109859 
0.380085 -0.628737 -0.00417772 0.00680031 0.114879 
0.390643 -0.646202 -0.00450794 0.00732279 0.119977 
0.401201 -0.663667 -0.00484786 0.00786056 0.12514 
0.411759 -0.681132 -0.00519613 0.00841148 0.130356 
0.422317 -0.698597 -0.00555141 0.00897344 0.135614 
0.432874 -0.716062 -0.0059124 0.0095444 0.140905 
0.443432 -0.733527 -0.00627785 0.0101224 0.146219 
0.45399 -0.750992 -0.0066465 0.0107053 0.151549 
0.464548 -0.768457 -0.00701712 0.0112914 0.156888 
0.475106 -0.785922 -0.00738854 0.0118787 0.16223 
0.485664 -0.803387 -0.00775957 0.0124654 0.167568 
0.496222 -0.820851 -0.00812906 0.0130496 0.172894 
0.50678 -0.838316 -0.00849591 0.0136296 0.178193 
0.517338 -0.855781 -0.00885899 0.0142037 0.18344 
-2.01363e-10 3.01361e-10 -1.17884e-13 3.44121e-13 1.35229e-19 
0.0115932 -0.0167956 5.63101e-06 -1.67713e-05 0.000398326 
0.0231863 -0.0335912 8.5671e-06 -2.83515e-05 0.00147782 
0.0347795 -0.0503868 8.41675e-06 -3.41756e-05 0.00308358 
0.0463726 -0.0671824 4.78846e-06 -3.3679e-05 0.00508379 
0.0579658 -0.0839779 -2.70931e-06 -2.62969e-05 0.00736812 
0.0695589 -0.100774 -1.44681e-05 -1.14644e-05 0.00984616 
0.0811521 -0.117569 -3.08793e-05 1.13832e-05 0.0124458 
0.0927453 -0.134365 -5.23346e-05 4.28106e-05 0.0151118 
0.104338 -0.15116 -7.92255e-05 8.33827e-05 0.0178039 
0.115932 -0.167956 -0.000111943 0.000133664 0.0204956 
0.127525 -0.184751 -0.00015088 0.00019422 0.0231724 
0.139118 -0.201547 -0.000196427 0.000265615 0.0258302 
0.150711 -0.218343 -0.000248975 0.000348413 0.0284736 
0.162304 -0.235138 -0.000308916 0.00044318 0.0311144 
0.173897 -0.251934 -0.000376642 0.000550481 0.0337697 
0.185491 -0.268729 -0.000452544 0.000670879 0.0364608 
0.197084 -0.285525 -0.000537014 0.00080494 0.0392109 
0.208677 -0.302321 -0.000630444 0.000953229 0.042044 
0.22027 -0.319116 -0.000733223 0.00111631 0.0449829 
0.231863 -0.335912 -0.000845746 0.00129475 0.0480479 
0.243456 -0.352707 -0.000968402 0.00148911 0.0512553 
0.255049 -0.369503 -0.00110158 0.00169996 0.0546154 
0.266643 -0.386299 -0.00124568 0.00192786 0.0581316 
0.278236 -0.403094 -0.00140109 0.00217337 0.0617984 
0.289829 -0.41989 -0.00156819 0.00243707 0.0656003 
0.301422 -0.436685 -0.00175137 0.00272553 0.0695103 
0.313015 -0.453481 -0.00194691 0.00303376 0.0734963 
0.324608 -0.470276 -0.00212212 0.00331449 0.0775647 
0.336202 -0.487072 -0.00231867 0.00362911 0.0817382 
0.347795 -0.503868 -0.00253639 0.003978 0.0860334 
0.359388 -0.520663 -0.00277366 0.00435863 0.0904585 
0.370981 -0.537459 -0.0030289 0.00476851 0.0950139 
0.382574 -0.554254 -0.00330057 0.00520521 0.0996937 
0.394167 -0.57105 -0.00358716 0.00566635 0.104488 
0.405761 -0.587846 -0.00388719 0.00614961 0.109385 
0.417354 -0.604641 -0.00419922 0.00665273 0.11437 
0.428947 -0.621437 -0.00452184 0.00717346 0.119432 
0.44054 -0.638232 -0.00485366 0.00770963 0.124559 
0.452133 -0.655028 -0.00519332 0.00825911 0.129738 
0.463726 -0.671824 -0.0055395 0.00881982 0.134962 
0.475319 -0.688619 -0.0058909 0.0093897 0.14022 
0.486913 -0.705415 -0.00624626 0.00996677 0.145507 
0.498506 -0.72221 -0.00660432 0.0105491 0.150814 
0.510099 -0.739006 -0.00696387 0.0111346 0.156137 
0.521692 -0.755802 -0.00732372 0.0117217 0.161468 
0.533285 -0.772597 -0.00768269 0.0123082 0.1668 
0.544878 -0.789393 -0.00803964 0.0128926 0.172122 
0.556472 -0.806188 -0.00839345 0.013473 0.177413 
0.568065 -0.822984 -0.00874302 0.0140477 0.182641 
-2.01363e-10 3.01361e-10 -1.17884e-13 3.44121e-13 1.35229e-19 
0.0125861 -0.016065 5.92515e-06 -1.57719e-05 0.00040063 
0.0251722 -0.0321299 8.21009e-06 -2.61581e-05 0.00148707 
0.0377583 -0.0481949 6.63777e-06 -3.07978e-05 0.00310413 
0.0503444 -0.0642599 9.91107e-07 -2.93302e-05 0.00511857 
0.0629305 -0.0803248 -8.94694e-06 -2.13942e-05 0.00741735 
0.0755166 -0.0963898 -2.33934e-05 -6.6291e-06 0.00990653 
0.0881027 -0.112455 -4.25654e-05 1.53261e-05 0.0125105 
0.100689 -0.12852 -6.668e-05 4.48321e-05 0.0151711 
0.113275 -0.144585 -9.59542e-05 8.225e-05 0.0178465 
0.125861 -0.16065 -0.000130605 0.000127941 0.0205103 
0.138447 -0.176715 -0.00017085 0.000182265 0.0231495 
0.151033 -0.19278 -0.000216905 0.000245583 0.0257623 
0.163619 -0.208845 -0.000268989 0.000318257 0.0283569 
0.176205 -0.22491 -0.000327317 0.000400648 0.0309479 
0.188791 -0.240975 -0.000392107 0.000493115 0.033555 
0.201378 -0.25704 -0.000463576 0.00059602 0.0361999 
0.213964 -0.273104 -0.000541942 0.000709724 0.0389048 
0.22655 -0.289169 -0.00062742 0.000834588 0.0416903 
0.239136 -0.305234 -0.000720229 0.000970973 0.0445745 
0.251722 -0.321299 -0.000820585 0.00111924 0.0475715 
0.264308 -0.337364 -0.000928705 0.00127975 0.0506921 
0.276894 -0.353429 -0.00104481 0.00145286 0.0539429 
0.28948 -0.369494 -0.00116911 0.00163893 0.0573274 
0.302066 -0.385559 -0.00130182 0.00183834 0.0608464 
0.314652 -0.401624 -0.00144317 0.00205142 0.0644981 
0.327239 -0.417689 -0.00162245 0.00233333 0.0682566 
0.339825 -0.433754 -0.00183966 0.00263001 0.0720983 
0.352411 -0.449819 -0.00204022 0.00291365 0.0760188 
0.364997 -0.465884 -0.00223568 0.0032175 0.0800307 
0.377583 -0.481949 -0.00244818 0.00355648 0.0841742 
0.390169 -0.498014 -0.00267661 0.00392975 0.0884471 
0.402755 -0.514079 -0.00291942 0.00433091 0.0928363 
0.415341 -0.530144 -0.00317623 0.0047467 0.0973534 
0.427927 -0.546209 -0.00344736 0.00518672 0.101997 
0.440513 -0.562274 -0.00373134 0.00564867 0.106755 
0.4531 -0.578339 -0.00402672 0.00613027 0.111613 
0.465686 -0.594404 -0.00433209 0.00662929 0.116554 
0.478272 -0.610469 -0.00464606 0.00714356 0.121565 
0.490858 -0.626534 -0.00496727 0.00767095 0.126631 
0.503444 -0.642599 -0.0052944 0.00820937 0.131739 
0.51603 -0.658664 -0.00562614 0.00875678 0.136878 
0.528616 -0.674729 -0.00596122 0.00931117 0.142037 
0.541202 -0.690794 -0.00629839 0.00987058 0.147206 
0.553788 -0.706859 -0.00663642 0.0104331 0.152377 
0.566374 -0.722924 -0.00697412 0.0109968 0.157541 
0.578961 -0.738989 -0.00731031 0.0115599 0.16269 
0.591547 -0.755054 -0.00764384 0.0121205 0.167817 
0.604133 -0.771119 -0.00797359 0.012677 0.172907 
0.616719 -0.787183 -0.00829843 0.0132274 0.177944 
-2.01363e-10 3.01361e-10 -1.17884e-13 3.44121e-13 1.35229e-19 
0.0135331 -0.0152757 6.22271e-06 -1.47476e-05 0.000403138 
0.0270662 -0.0305515 7.91766e-06 -2.39832e-05 0.00149784 
0.0405993 -0.0458272 5.03462e-06 -2.75251e-05 0.00312932 
0.0541325 -0.0611029 -2.4766e-06 -2.5192e-05 0.00516231 
0.0676656 -0.0763786 -1.46662e-05 -1.68023e-05 0.00747927 
0.0811987 -0.0916544 -3.15845e-05 -2.17443e-06 0.00998048 
0.0947318 -0.10693 -5.32816e-05 1.8873e-05 0.0125847 
0.108265 -0.122206 -7.98078e-05 4.65216e-05 0.0152297 
0.121798 -0.137482 -0.000111213 8.09527e-05 0.0178722 
0.135331 -0.152757 -0.000147548 0.000122348 0.020487 
0.148864 -0.168033 -0.000188863 0.000170889 0.0230645 
0.162397 -0.183309 -0.000235207 0.000226757 0.0256084 
0.175931 -0.198584 -0.000286632 0.000290134 0.0281321 
0.189464 -0.21386 -0.000343187 0.0003612 0.0306544 
0.202997 -0.229136 -0.000404923 0.000440139 0.0331969 
0.21653 -0.244412 -0.000471889 0.00052713 0.0357799 
0.230063 -0.259687 -0.000544137 0.000622356 0.0384209 
0.243596 -0.274963 -0.000621716 0.000725999 0.0411328 
0.257129 -0.290239 -0.000704676 0.000838239 0.0439246 
0.270662 -0.305515 -0.000793067 0.000959258 0.046802 
0.284195 -0.32079 -0.000886941 0.00108924 0.0497705 
0.297729 -0.336066 -0.000986347 0.00122836 0.0528374 
0.311262 -0.351342 -0.00109133 0.00137681 0.056015 
0.324795 -0.366618 -0.00120196 0.00153476 0.059321 
0.338328 -0.381893 -0.0013242 0.00173908 0.0627575 
0.351861 -0.397169 -0.00147487 0.00197057 0.066276 
0.365394 -0.412445 -0.00165702 0.00221027 0.0698814 
0.378927 -0.42772 -0.00187295 0.00245786 0.0735836 
0.39246 -0.442996 -0.0020824 0.00271271 0.0773741 
0.405993 -0.458272 -0.00227515 0.00299158 0.0812201 
0.419527 -0.473548 -0.00248322 0.00329901 0.0851902 
0.43306 -0.488823 -0.00270557 0.00363386 0.0893053 
0.446593 -0.504099 -0.00294112 0.00399497 0.0935578 
0.460126 -0.519375 -0.00318877 0.0043811 0.0979336 
0.473659 -0.534651 -0.00344738 0.00479102 0.10242 
0.487192 -0.549926 -0.00371578 0.0052234 0.107005 
0.500725 -0.565202 -0.00399276 0.0056769 0.11168 
0.514258 -0.580478 -0.00427707 0.00615012 0.116429 
0.527792 -0.595753 -0.00457107 0.00663644 0.12124 
0.541325 -0.611029 -0.00487313 0.00713047 0.126102 
0.554858 -0.626305 -0.00517926 0.00763285 0.130999 
0.568391 -0.641581 -0.00548818 0.00814157 0.135915 
0.581924 -0.656856 -0.00579864 0.00865465 0.140834 
0.595457 -0.672132 -0.0061094 0.00917015 0.145743 
0.60899 -0.687408 -0.00641926 0.00968616 0.15063 
0.622523 -0.702684 -0.00672702 0.0102008 0.155484 
0.636056 -0.717959 -0.00703153 0.0107123 0.1603 
0.64959 -0.733235 -0.00733163 0.0112187 0.165073 
0.663123 -0.748511 -0.00762621 0.0117184 0.169804 
-2.01363e-10 3.01361e-10 -1.17884e-13 3.44121e-13 1.35229e-19 
0.0144308 -0.0144308 6.52739e-06 -1.37037e-05 0.000405754 
0.0288615 -0.0288615 7.70617e-06 -2.18385e-05 0.00150941 
0.0432923 -0.0432923 3.63894e-06 -2.43752e-05 0.00315682 
0.057723 -0.057723 -5.5717e-06 -2.12843e-05 0.00521026 
0.0721538 -0.0721538 -1.98232e-05 -1.25366e-05 0.00754677 
0.0865845 -0.0865845 -3.90128e-05 1.89749e-06 0.0100598 
0.101015 -0.101015 -6.30381e-05 2.20472e-05 0.0126619 
0.115446 -0.115446 -9.17964e-05 4.79418e-05 0.0152868 
0.129877 -0.129877 -0.000125185 7.96108e-05 0.0178906 
0.144308 -0.144308 -0.000163102 0.000117084 0.0204502 
0.158738 -0.158738 -0.000205443 0.000160389 0.0229611 
0.173169 -0.173169 -0.000252108 0.000209558 0.0254328 
0.1876 -0.1876 -0.000302992 0.000264618 0.0278836 
0.202031 -0.202031 -0.000357994 0.000325599 0.0303356 
0.216461 -0.216461 -0.000417011 0.00039253 0.0328097 
0.230892 -0.230892 -0.00047994 0.000465442 0.0353219 
0.245323 -0.245323 -0.000546678 0.000544363 0.0378819 
0.259754 -0.259754 -0.000617124 0.000629322 0.0404934 
0.274184 -0.274184 -0.000691174 0.000720349 0.0431565 
0.288615 -0.288615 -0.000768725 0.000817474 0.0458719 
0.303046 -0.303046 -0.000849676 0.000920725 0.0486461 
0.317477 -0.317477 -0.000933924 0.00103013 0.0514949 
0.331907 -0.331907 -0.00102137 0.00114573 0.0544448 
0.346338 -0.346338 -0.00110965 0.0012807 0.057524 
0.360769 -0.360769 -0.00120651 0.00146024 0.0606888 
0.3752 -0.3752 -0.00132715 0.00164536 0.0639239 
0.38963 -0.38963 -0.00147347 0.0018357 0.0672399 
0.404061 -0.404061 -0.00164735 0.00203091 0.0706472 
0.418492 -0.418492 -0.0018507 0.00223065 0.0741561 
0.432923 -0.432923 -0.00207318 0.00243894 0.0777744 
0.447353 -0.447353 -0.00225632 0.00268438 0.0814424 
0.461784 -0.461784 -0.00245295 0.00295214 0.0851981 
0.476215 -0.476215 -0.0026621 0.0032409 0.0890779 
0.490646 -0.490646 -0.00288276 0.00354928 0.0930797 
0.505076 -0.505076 -0.00311393 0.00387591 0.0971874 
0.519507 -0.519507 -0.00335456 0.00421935 0.101384 
0.533938 -0.533938 -0.0036036 0.00457814 0.105656 
0.548369 -0.548369 -0.00385996 0.00495077 0.109993 
0.562799 -0.562799 -0.00412254 0.00533571 0.114388 
0.57723 -0.57723 -0.00439019 0.00573139 0.118832 
0.591661 -0.591661 -0.00466177 0.00613618 0.123314 
0.606092 -0.606092 -0.00493609 0.00654845 0.127822 
0.620522 -0.620522 -0.00521194 0.00696649 0.132342 
0.634953 -0.634953 -0.00548807 0.00738859 0.136861 
0.649384 -0.649384 -0.00576321 0.00781296 0.141368 
0.663815 -0.663815 -0.00603607 0.00823779 0.145854 
0.678245 -0.678245 -0.0063053 0.00866123 0.150314 
0.692676 -0.692676 -0.00656953 0.00908138 0.154745 
0.707107 -0.707107 -0.00682737 0.00949628 0.159143 
-2.01363e-10 3.01361e-10 -1.17884e-13 3.44121e-13 1.35229e-19 
0.0152757 -0.0135331 6.84252e-06 -1.26448e-05 0.000408381 
0.0305515 -0.0270662 7.59058e-06 -1.9735e-05 0.00152109 
0.0458272 -0.0405993 2.4797e-06 -2.13647e-05 0.00318455 
0.0611029 -0.0541325 -8.25466e-06 -1.76274e-05 0.00525839 
0.0763786 -0.0676656 -2.4377e-05 -8.61725e-06 0.00761403 
0.0916544 -0.0811987 -4.56518e-05 5.57207e-06 0.0101381 
0.10693 -0.0947318 -7.18436e-05 2.48467e-05 0.0127373 
0.122206 -0.108265 -0.000102717 4.91128e-05 0.0153422 
0.137482 -0.121798 -0.000138036 7.82765e-05 0.0179087 
0.152757 -0.135331 -0.000177566 0.000112244 0.0204168 
0.168033 -0.148864 -0.000221071 0.000150921 0.0228671 
0.183309 -0.162397 -0.000268316 0.000194215 0.0252742 
0.198584 -0.175931 -0.000319064 0.000242031 0.0276605 
0.21386 -0.189464 -0.000373081 0.000294275 0.0300489 
0.229136 -0.202997 -0.000430131 0.000350854 0.0324574 
0.244412 -0.21653 -0.000489979 0.000411673 0.0348958 
0.259687 -0.230063 -0.000552389 0.000476639 0.0373653 
0.274963 -0.243596 -0.000617125 0.000545659 0.0398612 
0.290239 -0.257129 -0.000683953 0.000618637 0.0423782 
0.305515 -0.270662 -0.000752636 0.000695481 0.0449174 
0.32079 -0.284195 -0.000822939 0.000776097 0.0474923 
0.336066 -0.297729 -0.000894627 0.00086039 0.0501306 
0.351342 -0.311262 -0.000967464 0.000948267 0.0528675 
0.366618 -0.324795 -0.00103053 0.00107443 0.0557037 
0.381893 -0.338328 -0.00110473 0.00121695 0.0585903 
0.397169 -0.351861 -0.00119749 0.00136283 0.0615348 
0.412445 -0.365394 -0.00131029 0.00151175 0.0645476 
0.42772 -0.378927 -0.00144459 0.00166337 0.0676386 
0.442996 -0.39246 -0.00160187 0.00181734 0.0708177 
0.458272 -0.405993 -0.00178359 0.00197332 0.0740944 
0.473548 -0.419527 -0.00199122 0.00213097 0.077478 
0.488823 -0.43306 -0.00218773 0.00231838 0.0809639 
0.504099 -0.446593 -0.00236744 0.00254245 0.0845186 
0.519375 -0.460126 -0.00255788 0.00278179 0.0881701 
0.534651 -0.473659 -0.00275814 0.00303494 0.0919175 
0.549926 -0.487192 -0.00296729 0.00330041 0.0957441 
0.565202 -0.500725 -0.0031844 0.00357669 0.099631 
0.580478 -0.514258 -0.00340851 0.00386227 0.103563 
0.595753 -0.527792 -0.00363865 0.00415557 0.107531 
0.611029 -0.541325 -0.00387386 0.00445502 0.111528 
0.626305 -0.554858 -0.00411313 0.00475902 0.115547 
0.641581 -0.568391 -0.00435545 0.00506594 0.11958 
0.656856 -0.581924 -0.00459981 0.0053741 0.123616 
0.672132 -0.595457 -0.00484517 0.00568184 0.127639 
0.687408 -0.60899 -0.00509047 0.00598744 0.131638 
0.702684 -0.622523 -0.00533464 0.00628917 0.135602 
0.717959 -0.636056 -0.0055766 0.00658526 0.139533 
0.733235 -0.64959 -0.00581525 0.00687391 0.143448 
0.748511 -0.663123 -0.00604946 0.00715331 0.147381 
-2.01363e-10 3.01361e-10 -1.17884e-13 3.44121e-13 1.35229e-19 
0.016065 -0.0125861 7.17096e-06 -1.15753e-05 0.000410935 
0.0321299 -0.0251722 7.58427e-06 -1.76825e-05 0.00153226 
0.0481949 -0.0377583 1.58321e-06 -1.85089e-05 0.00321075 
0.0642599 -0.0503444 -1.04889e-05 -1.42421e-05 0.0053034 
0.0803248 -0.0629305 -2.82889e-05 -5.0694e-06 0.00767645 
0.0963898 -0.0755166 -5.14734e-05 8.82164e-06 0.0102106 
0.112455 -0.0881027 -7.96992e-05 2.72436e-05 0.0128075 
0.12852 -0.100689 -0.000112623 5.0009e-05 0.0153955 
0.144585 -0.113275 -0.000149901 7.69305e-05 0.0179311 
0.16065 -0.125861 -0.000191191 0.00010782 0.0203973 
0.176715 -0.138447 -0.00023615 0.000142492 0.0227992 
0.19278 -0.151033 -0.000284433 0.000180756 0.0251556 
0.208845 -0.163619 -0.000335697 0.000222427 0.0274911 
0.22491 -0.176205 -0.0003896 0.000267317 0.0298278 
0.240975 -0.188791 -0.000445798 0.000315238 0.0321799 
0.25704 -0.201378 -0.000503948 0.000366003 0.0345502 
0.273104 -0.213964 -0.000563706 0.000419424 0.0369326 
0.289169 -0.22655 -0.00062473 0.000475314 0.0393162 
0.305234 -0.239136 -0.000686675 0.000533486 0.0416943 
0.321299 -0.251722 -0.0007492 0.000593752 0.0440723 
0.337364 -0.264308 -0.000811959 0.000655924 0.0464733 
0.353429 -0.276894 -0.000874611 0.000719815 0.0489342 
0.369494 -0.28948 -0.00093402 0.000789896 0.0514855 
0.385559 -0.302066 -0.000977227 0.000899546 0.0540898 
0.401624 -0.314652 -0.00103314 0.00101139 0.0567275 
0.417689 -0.327239 -0.00110281 0.00112514 0.0594082 
0.433754 -0.339825 -0.00118732 0.0012405 0.0621411 
0.449819 -0.352411 -0.00128772 0.00135717 0.0649354 
0.465884 -0.364997 -0.00140508 0.00147486 0.0677993 
0.481949 -0.377583 -0.00154047 0.00159328 0.0707412 
0.498014 -0.390169 -0.00169494 0.00171213 0.0737687 
0.514079 -0.402755 -0.00186957 0.00183112 0.0768895 
0.530144 -0.415341 -0.00206541 0.00194995 0.0801105 
0.546209 -0.427927 -0.00224611 0.00210777 0.0834349 
0.562274 -0.440513 -0.00241446 0.00229896 0.0868514 
0.578339 -0.4531 -0.00259101 0.00249909 0.0903461 
0.594404 -0.465686 -0.00277492 0.00270669 0.0938951 
0.610469 -0.478272 -0.00296534 0.00292023 0.0974763 
0.626534 -0.490858 -0.00316143 0.0031382 0.101075 
0.642599 -0.503444 -0.00336234 0.00335905 0.104681 
0.658664 -0.51603 -0.0035672 0.00358124 0.108291 
0.674729 -0.528616 -0.00377514 0.00380321 0.111897 
0.690794 -0.541202 -0.0039853 0.00402337 0.115488 
0.706859 -0.553788 -0.00419678 0.00424013 0.119048 
0.722924 -0.566374 -0.00440871 0.00445189 0.122555 
0.738989 -0.578961 -0.00462019 0.00465703 0.125993 
0.755054 -0.591547 -0.00483032 0.00485391 0.12936 
0.771119 -0.604133 -0.00503819 0.00504088 0.13269 
0.787183 -0.616719 -0.00524289 0.00521629 0.136072 
-2.01363e-10 3.01361e-10 -1.17884e-13 3.44121e-13 1.35229e-19 
0.0167956 -0.0115932 7.51508e-06 -1.04995e-05 0.000413336 
0.0335912 -0.0231863 7.6989e-06 -1.56896e-05 0.00154241 
0.0503868 -0.0347795 9.73124e-07 -1.58222e-05 0.00323395 
0.0671824 -0.0463726 -1.22406e-05 -1.11493e-05 0.00534263 
0.0839779 -0.0579658 -3.15206e-05 -1.92278e-06 0.00773048 
0.100774 -0.0695589 -5.64452e-05 1.16055e-05 0.0102735 
0.117569 -0.0811521 -8.65928e-05 2.91837e-05 0.01287 
0.134365 -0.0927453 -0.000121542 5.05599e-05 0.0154465 
0.15116 -0.104338 -0.00016087 7.54822e-05 0.0179605 
0.167956 -0.115932 -0.000204157 0.000103699 0.0203979 
0.184751 -0.127525 -0.00025098 0.000134957 0.022767 
0.201547 -0.139118 -0.000300917 0.000169007 0.0250896 
0.218343 -0.150711 -0.000353548 0.000205594 0.0273913 
0.235138 -0.162304 -0.00040845 0.000244468 0.0296929 
0.251934 -0.173897 -0.000465201 0.000285377 0.0320042 
0.268729 -0.185491 -0.000523381 0.000328069 0.0343225 
0.285525 -0.197084 -0.000582567 0.000372292 0.0366355 
0.302321 -0.208677 -0.000642338 0.000417794 0.0389292 
0.319116 -0.22027 -0.000702272 0.000464323 0.0411972 
0.335912 -0.231863 -0.000761947 0.000511627 0.0434509 
0.352707 -0.243456 -0.000820942 0.000559455 0.0457216 
0.369503 -0.255049 -0.000878835 0.000607554 0.0480508 
0.386299 -0.266643 -0.000924738 0.00067018 0.0504521 
0.403094 -0.278236 -0.000959902 0.000756073 0.0528763 
0.41989 -0.289829 -0.00100401 0.000843277 0.0553208 
0.436685 -0.301422 -0.00105776 0.000931576 0.0577938 
0.453481 -0.313015 -0.00112184 0.00102076 0.0603033 
0.470276 -0.324608 -0.00119693 0.0011106 0.0628564 
0.487072 -0.336202 -0.00128373 0.0012009 0.06546 
0.503868 -0.347795 -0.00138293 0.00129143 0.0681203 
0.520663 -0.359388 -0.00149523 0.00138199 0.0708431 
0.537459 -0.370981 -0.0016213 0.00147235 0.0736337 
0.554254 -0.382574 -0.00176183 0.0015623 0.0764973 
0.57105 -0.394167 -0.00191753 0.00165163 0.0794382 
0.587846 -0.405761 -0.00208908 0.00174012 0.0824606 
0.604641 -0.417354 -0.0022642 0.00184557 0.0855695 
0.621437 -0.428947 -0.00241643 0.00199973 0.0887712 
0.638232 -0.44054 -0.00257465 0.00215766 0.0920264 
0.655028 -0.452133 -0.00273813 0.00231788 0.0952964 
0.671824 -0.463726 -0.0029061 0.00247894 0.0985582 
0.688619 -0.475319 -0.00307783 0.00263937 0.101802 
0.705415 -0.486913 -0.00325255 0.00279771 0.105025 
0.72221 -0.498506 -0.00342952 0.00295248 0.108224 
0.739006 -0.510099 -0.00360797 0.00310221 0.11139 
0.755802 -0.521692 -0.00378717 0.00324541 0.114504 
0.772597 -0.533285 -0.00396634 0.00338061 0.117547 
0.789393 -0.544878 -0.00414473 0.00350632 0.120506 
0.806188 -0.556472 -0.00432159 0.00362105 0.123405 
0.822984 -0.568065 -0.00449615 0.00372329 0.126332 
-2.01363e-10 3.01361e-10 -1.17884e-13 3.44121e-13 1.35229e-19 
0.0174649 -0.0105579 7.8767e-06 -9.4208e-06 0.000415521 
0.0349298 -0.0211158 7.94435e-06 -1.37637e-05 0.00155113 
0.0523948 -0.0316737 6.7033e-07 -1.33173e-05 0.00325307 
0.0698597 -0.0422317 -1.3478e-05 -8.37028e-06 0.00537416 
0.0873246 -0.0527896 -3.40332e-05 7.88784e-07 0.00777357 
0.10479 -0.0633475 -6.0528e-05 1.38713e-05 0.0103244 
0.122254 -0.0739054 -9.2495e-05 3.05885e-05 0.0129227 
0.139719 -0.0844633 -0.000129467 5.0652e-05 0.0154945 
0.157184 -0.0950212 -0.000170976 7.3773e-05 0.0179981 
0.174649 -0.105579 -0.000216555 9.96629e-05 0.0204214 
0.192114 -0.116137 -0.000265737 0.000128033 0.0227749 
0.209579 -0.126695 -0.000318055 0.000158595 0.0250823 
0.227044 -0.137253 -0.00037304 0.00019106 0.0273696 
0.244509 -0.147811 -0.000430226 0.000225139 0.0296559 
0.261974 -0.158369 -0.000489145 0.000260545 0.0319481 
0.279439 -0.168927 -0.00054933 0.000296987 0.0342392 
0.296904 -0.179485 -0.000610313 0.000334178 0.0365131 
0.314369 -0.190042 -0.000671628 0.000371829 0.0387537 
0.331834 -0.2006 -0.000732806 0.000409651 0.0409557 
0.349298 -0.211158 -0.000793381 0.000447356 0.0431347 
0.366763 -0.221716 -0.000852884 0.000484655 0.0453282 
0.384228 -0.232274 -0.000910849 0.00052126 0.0475798 
0.401693 -0.242832 -0.000951732 0.000575049 0.0498891 
0.419158 -0.25339 -0.000986285 0.000642028 0.0522064 
0.436623 -0.263948 -0.00102688 0.000709979 0.0545341 
0.454088 -0.274506 -0.00107387 0.000778793 0.056879 
0.471553 -0.285064 -0.00112761 0.000848365 0.0592471 
0.489018 -0.295622 -0.00118847 0.000918585 0.0616439 
0.506483 -0.30618 -0.00125681 0.000989346 0.0640743 
0.523948 -0.316737 -0.00133297 0.00106054 0.0665423 
0.541413 -0.327295 -0.00141733 0.00113206 0.0690516 
0.558878 -0.337853 -0.00151025 0.0012038 0.0716054 
0.576342 -0.348411 -0.00161207 0.00127565 0.0742062 
0.593807 -0.358969 -0.00172316 0.0013475 0.0768562 
0.611272 -0.369527 -0.00184388 0.00141925 0.079557 
0.628737 -0.380085 -0.00197459 0.00149079 0.0823099 
0.646202 -0.390643 -0.00211564 0.00156201 0.0851158 
0.663667 -0.401201 -0.00226741 0.00163279 0.0879753 
0.681132 -0.411759 -0.002417 0.00172628 0.0908899 
0.698597 -0.422317 -0.00255665 0.00184752 0.0938438 
0.716062 -0.432874 -0.0026999 0.00196733 0.0967894 
0.733527 -0.443432 -0.0028461 0.00208436 0.0997021 
0.750992 -0.45399 -0.0029946 0.00219724 0.102576 
0.768457 -0.464548 -0.00314475 0.00230464 0.105414 
0.785922 -0.475106 -0.0032959 0.00240521 0.108215 
0.803387 -0.485664 -0.00344741 0.0024976 0.110971 
0.820851 -0.496222 -0.00359864 0.00258048 0.113671 
0.838316 -0.50678 -0.00374895 0.00265253 0.116311 
0.855781 -0.517338 -0.00389771 0.0027124 0.118926 
-2.01363e-10 3.01361e-10 -1.17884e-13 3.44121e-13 1.35229e-19 
0.0180705 -0.00948415 8.25702e-06 -8.34268e-06 0.000417438 
0.0361411 -0.0189683 8.32854e-06 -1.19111e-05 0.00155815 
0.0542116 -0.0284524 6.92862e-07 -1.10053e-05 0.00326736 
0.0722821 -0.0379366 -1.41717e-05 -5.92547e-06 0.0053967 
0.0903527 -0.0474207 -3.5787e-05 3.02843e-06 0.00780404 
0.108423 -0.0569049 -6.36746e-05 1.55563e-05 0.0103614 
0.126494 -0.066389 -9.73562e-05 3.13581e-05 0.0129643 
0.144564 -0.0758732 -0.000136354 5.01337e-05 0.0155388 
0.162635 -0.0853573 -0.000180188 7.1583e-05 0.0180438 
0.180705 -0.0948415 -0.000228383 9.5406e-05 0.0204684 
0.198776 -0.104326 -0.000280458 0.000121303 0.022824 
0.216846 -0.11381 -0.000335935 0.000148973 0.0251352 
0.234917 -0.123294 -0.000394337 0.000178116 0.0274279 
0.252987 -0.132778 -0.000455185 0.000208433 0.0297207 
0.271058 -0.142262 -0.000518001 0.000239624 0.0320189 
0.289128 -0.151746 -0.000582306 0.000271387 0.0343134 
0.307199 -0.16123 -0.000647622 0.000303424 0.0365862 
0.32527 -0.170715 -0.000713472 0.000335434 0.0388194 
0.34334 -0.180199 -0.000779376 0.000367116 0.0410078 
0.361411 -0.189683 -0.000844856 0.000398172 0.0431686 
0.379481 -0.199167 -0.000909434 0.000428301 0.0453428 
0.397552 -0.208651 -0.000972632 0.000457202 0.047578 
0.415622 -0.218135 -0.00101854 0.00050153 0.0498701 
0.433693 -0.22762 -0.0010611 0.000553655 0.052165 
0.451763 -0.237104 -0.00110781 0.000606855 0.0544654 
0.469834 -0.246588 -0.00115874 0.000661151 0.0567765 
0.487904 -0.256072 -0.00121399 0.000716565 0.0591026 
0.505975 -0.265556 -0.00127362 0.000773118 0.0614474 
0.524045 -0.27504 -0.00133772 0.00083083 0.0638136 
0.542116 -0.284524 -0.00140637 0.000889724 0.0662035 
0.560186 -0.294009 -0.00147966 0.000949821 0.0686185 
0.578257 -0.303493 -0.00155765 0.00101114 0.0710596 
0.596328 -0.312977 -0.00164044 0.00107371 0.0735272 
0.614398 -0.322461 -0.0017281 0.00113754 0.0760212 
0.632469 -0.331945 -0.00182072 0.00120266 0.078541 
0.650539 -0.341429 -0.00191837 0.00126909 0.0810857 
0.66861 -0.350913 -0.00202114 0.00133685 0.0836539 
0.68668 -0.360398 -0.0021291 0.00140596 0.086244 
0.704751 -0.369882 -0.00224235 0.00147645 0.088854 
0.722821 -0.379366 -0.00236095 0.00154833 0.0914819 
0.740892 -0.38885 -0.002485 0.00162162 0.0941252 
0.758962 -0.398334 -0.00261456 0.00169635 0.0967816 
0.777033 -0.407818 -0.00274317 0.00179122 0.0994318 
0.795103 -0.417302 -0.00287358 0.00188195 0.102042 
0.813174 -0.426787 -0.00300542 0.00196668 0.104607 
0.831244 -0.436271 -0.00313812 0.0020442 0.107132 
0.849315 -0.445755 -0.00327115 0.00211332 0.109623 
0.867386 -0.455239 -0.00340397 0.00217288 0.112075 
0.885456 -0.464723 -0.00353604 0.00222169 0.114479 
-2.01363e-10 3.01361e-10 -1.17884e-13 3.44121e-13 1.35229e-19 
0.0186102 -0.00837577 8.65664e-06 -7.26799e-06 0.000419051 
0.0372204 -0.0167515 8.85739e-06 -1.01366e-05 0.00156329 
0.0558306 -0.0251273 1.05575e-06 -8.8955e-06 0.00327644 
0.0744408 -0.0335031 -1.42948e-05 -3.83415e-06 0.00540962 
0.093051 -0.0418789 -3.67407e-05 4.75785e-06 0.00782107 
0.111661 -0.0502546 -6.58286e-05 1.65909e-05 0.0103836 
0.130271 -0.0586304 -0.000101105 3.13755e-05 0.0129938 
0.148882 -0.0670062 -0.000142116 4.8822e-05 0.0155783 
0.167492 -0.0753819 -0.000188409 6.86408e-05 0.0180965 
0.186102 -0.0837577 -0.00023953 9.05425e-05 0.0205373 
0.204712 -0.0921335 -0.000295025 0.000114237 0.0229121 
0.223322 -0.100509 -0.000354441 0.000139436 0.0252452 
0.241933 -0.108885 -0.000417325 0.000165849 0.0275626 
0.260543 -0.117261 -0.000483222 0.000193186 0.0298833 
0.279153 -0.125637 -0.00055168 0.000221158 0.0322127 
0.297763 -0.134012 -0.000622246 0.000249475 0.0345422 
0.316373 -0.142388 -0.000694464 0.000277848 0.0368533 
0.334984 -0.150764 -0.000767883 0.000305988 0.0391274 
0.353594 -0.15914 -0.000842048 0.000333604 0.0413574 
0.372204 -0.167515 -0.000916507 0.000360407 0.0435591 
0.390814 -0.175891 -0.000990805 0.000386108 0.0457741 
0.409424 -0.184267 -0.00106449 0.000410417 0.0480571 
0.428035 -0.192643 -0.00112567 0.000445384 0.0504121 
0.446645 -0.201019 -0.00118559 0.000485747 0.0527726 
0.465255 -0.209394 -0.00124891 0.000527606 0.0551396 
0.483865 -0.21777 -0.00131549 0.000571127 0.0575167 
0.502475 -0.226146 -0.0013852 0.000616474 0.0599067 
0.521086 -0.234522 -0.0014579 0.000663812 0.0623114 
0.539696 -0.242897 -0.00153345 0.000713307 0.0647319 
0.558306 -0.251273 -0.00161172 0.000765124 0.0671685 
0.576916 -0.259649 -0.00169257 0.000819427 0.069621 
0.595526 -0.268025 -0.00177587 0.000876381 0.0720883 
0.614137 -0.2764 -0.00186148 0.000936152 0.074569 
0.632747 -0.284776 -0.00194926 0.000998905 0.0770611 
0.651357 -0.293152 -0.00203908 0.00106481 0.0795623 
0.669967 -0.301528 -0.0021308 0.00113402 0.0820698 
0.688577 -0.309904 -0.00222429 0.0012067 0.0845805 
0.707188 -0.318279 -0.00231941 0.00128304 0.0870911 
0.725798 -0.326655 -0.00241602 0.00136317 0.0895983 
0.744408 -0.335031 -0.00251399 0.00144728 0.0920984 
0.763018 -0.343407 -0.00261319 0.00153553 0.0945878 
0.781628 -0.351782 -0.00271347 0.00162808 0.097063 
0.800239 -0.360158 -0.0028147 0.00172509 0.0995203 
0.818849 -0.368534 -0.00291675 0.00182674 0.101956 
0.837459 -0.37691 -0.00301947 0.00193318 0.104368 
0.856069 -0.385285 -0.00312274 0.00204459 0.106753 
0.874679 -0.393661 -0.00324143 0.00214081 0.109103 
0.89329 -0.402037 -0.00337037 0.00221914 0.111408 
0.9119 -0.410413 -0.00349963 0.00228925 0.113671 
-2.01363e-10 3.01361e-10 -1.17884e-13 3.44121e-13 1.35229e-19 
0.019082 -0.00723684 9.07547e-06 -6.19923e-06 0.000420341 
0.0381639 -0.0144737 9.53464e-06 -8.44374e-06 0.00156652 
0.0572459 -0.0217105 1.77082e-06 -6.99473e-06 0.00328032 
0.0763279 -0.0289473 -1.38227e-05 -2.1134e-06 0.00541297 
0.0954098 -0.0361842 -3.68526e-05 5.93906e-06 0.00782463 
0.114492 -0.043421 -6.69256e-05 1.69014e-05 0.0103908 
0.133574 -0.0506578 -0.000103648 3.05125e-05 0.0130105 
0.152656 -0.0578947 -0.000146628 4.65112e-05 0.0156117 
0.171738 -0.0651315 -0.00019547 6.46361e-05 0.0181537 
0.19082 -0.0723683 -0.000249782 8.46262e-05 0.0206245 
0.209902 -0.0796052 -0.000309171 0.00010622 0.023034 
0.228984 -0.086842 -0.000373243 0.000129157 0.0254052 
0.248066 -0.0940788 -0.000441605 0.000153175 0.0277642 
0.267147 -0.101316 -0.000513864 0.000178014 0.030131 
0.286229 -0.108553 -0.000589626 0.000203412 0.0325132 
0.305311 -0.115789 -0.000668498 0.000229107 0.0349051 
0.324393 -0.123026 -0.000750087 0.00025484 0.0372901 
0.343475 -0.130263 -0.000833999 0.000280348 0.0396496 
0.362557 -0.1375 -0.000919841 0.00030537 0.0419739 
0.381639 -0.144737 -0.00100722 0.000329646 0.0442744 
0.400721 -0.151974 -0.00109574 0.000352913 0.0465899 
0.419803 -0.15921 -0.00118502 0.000374911 0.0489818 
0.438885 -0.166447 -0.00127036 0.000401427 0.0514738 
0.457967 -0.173684 -0.00135721 0.000432014 0.0539828 
0.477049 -0.180921 -0.00144794 0.000464701 0.0565049 
0.496131 -0.188158 -0.00154225 0.000499805 0.0590426 
0.515213 -0.195395 -0.00163987 0.00053764 0.061597 
0.534295 -0.202631 -0.00174049 0.000578524 0.0641685 
0.553377 -0.209868 -0.00184385 0.000622772 0.0667567 
0.572459 -0.217105 -0.00194965 0.000670701 0.0693603 
0.591541 -0.224342 -0.00205762 0.000722626 0.0719774 
0.610623 -0.231579 -0.00216745 0.000778865 0.0746056 
0.629705 -0.238816 -0.00227887 0.000839732 0.0772419 
0.648787 -0.246052 -0.0023916 0.000905544 0.0798829 
0.667869 -0.253289 -0.00250534 0.000976617 0.0825249 
0.686951 -0.260526 -0.00261981 0.00105327 0.0851637 
0.706033 -0.267763 -0.00273473 0.00113581 0.0877953 
0.725115 -0.275 -0.00284981 0.00122457 0.0904154 
0.744197 -0.282237 -0.00296476 0.00131984 0.0930196 
0.763279 -0.289473 -0.00307931 0.00142197 0.0956037 
0.782361 -0.29671 -0.00319316 0.00153125 0.0981636 
0.801442 -0.303947 -0.00330603 0.001648 0.100695 
0.820524 -0.311184 -0.00341763 0.00177254 0.103196 
0.839606 -0.318421 -0.00352767 0.00190519 0.105661 
0.858688 -0.325658 -0.00363589 0.00204626 0.108089 
0.87777 -0.332894 -0.00373086 0.00218067 0.110479 
0.896852 -0.340131 -0.00381616 0.00231757 0.11283 
0.915934 -0.347368 -0.00389328 0.00246023 0.115135 
0.935016 -0.354605 -0.00396168 0.00260873 0.117393 
-2.01363e-10 3.01361e-10 -1.17884e-13 3.44121e-13 1.35229e-19 
0.0194841 -0.00607149 9.51276e-06 -5.13847e-06 0.000421303 
0.0389682 -0.012143 1.03618e-05 -6.83438e-06 0.00156793 
0.0584523 -0.0182145 2.84642e-06 -5.30739e-06 0.00327932 
0.0779364 -0.024286 -1.27341e-05 -7.77182e-07 0.00540738 
0.0974205 -0.0303575 -3.60805e-05 6.5366e-06 0.00781549 
0.116905 -0.0364289 -6.68934e-05 1.64143e-05 0.0103835 
0.136389 -0.0425004 -0.000104874 2.86362e-05 0.013014 
0.155873 -0.0485719 -0.000149722 4.29828e-05 0.0156371 
0.175357 -0.0546434 -0.000201139 5.92342e-05 0.0182118 
0.194841 -0.0607149 -0.000258825 7.7171e-05 0.0207241 
0.214325 -0.0667864 -0.000322481 9.65733e-05 0.0231812 
0.233809 -0.0728579 -0.000391808 0.000117222 0.0256039 
0.253293 -0.0789294 -0.000466507 0.000138896 0.0280175 
0.272777 -0.0850009 -0.000546278 0.000161377 0.0304433 
0.292261 -0.0910724 -0.000630822 0.000184445 0.0328931 
0.311746 -0.0971439 -0.000719839 0.000207881 0.0353659 
0.33123 -0.103215 -0.000813031 0.000231464 0.03785 
0.350714 -0.109287 -0.000910098 0.000254975 0.0403291 
0.370198 -0.115358 -0.00101074 0.000278194 0.0427918 
0.389682 -0.12143 -0.00111466 0.000300903 0.0452434 
0.409166 -0.127501 -0.00122156 0.00032288 0.0477154 
0.42865 -0.133573 -0.00133113 0.000343906 0.050269 
0.448134 -0.139644 -0.00144639 0.000363885 0.0529557 
0.467618 -0.145716 -0.00156943 0.000385497 0.0556818 
0.487102 -0.151787 -0.00169807 0.000409852 0.0584325 
0.506587 -0.157859 -0.00183193 0.000437417 0.0612089 
0.526071 -0.16393 -0.00197067 0.000468658 0.0640109 
0.545555 -0.170002 -0.0021139 0.000504042 0.0668375 
0.565039 -0.176073 -0.00226127 0.000544037 0.0696869 
0.584523 -0.182145 -0.00241241 0.000589108 0.0725564 
0.604007 -0.188216 -0.00256696 0.000639722 0.075443 
0.623491 -0.194288 -0.00272455 0.000696347 0.0783427 
0.642975 -0.200359 -0.00288483 0.000759449 0.0812516 
0.662459 -0.206431 -0.00304742 0.000829494 0.084165 
0.681943 -0.212502 -0.00321196 0.00090695 0.0870781 
0.701428 -0.218574 -0.00337809 0.000992283 0.0899862 
0.720912 -0.224645 -0.00354545 0.00108596 0.0928843 
0.740396 -0.230717 -0.00371366 0.00118845 0.0957676 
0.75988 -0.236788 -0.00388237 0.00130021 0.0986315 
0.779364 -0.24286 -0.00405226 0.00139425 0.101478 
0.798848 -0.248931 -0.0042186 0.00148659 0.104312 
0.818332 -0.255003 -0.00438013 0.00158314 0.107125 
0.837816 -0.261074 -0.00453617 0.00168399 0.109911 
0.8573 -0.267146 -0.00468605 0.00178921 0.11266 
0.876784 -0.273217 -0.00482914 0.0018989 0.115361 
0.896269 -0.279289 -0.0049648 0.00201313 0.118003 
0.915753 -0.28536 -0.0050924 0.00213198 0.120581 
0.935237 -0.291432 -0.00521132 0.00225555 0.123099 
0.954721 -0.297503 -0.00532095 0.0023839 0.125587 
-2.01363e-10 3.01361e-10 -1.17884e-13 3.44121e-13 1.35229e-19 
0.0198151 -0.00488399 9.96706e-06 -4.08738e-06 0.00042195 
0.0396303 -0.00976799 1.1338e-05 -5.30898e-06 0.00156773 
0.0594454 -0.014652 4.28714e-06 -3.8349e-06 0.00327417 
0.0792606 -0.019536 -1.10114e-05 1.64736e-07 0.00539415 
0.0990757 -0.02442 -3.43835e-05 6.51984e-06 0.00779525 
0.118891 -0.029304 -6.56549e-05 1.50603e-05 0.0103628 
0.138706 -0.034188 -0.000104651 2.5616e-05 0.0130042 
0.158521 -0.0390719 -0.000151199 3.80168e-05 0.0156521 
0.178336 -0.0439559 -0.000205123 5.20927e-05 0.0182654 
0.198151 -0.0488399 -0.000266249 6.76735e-05 0.0208274 
0.217967 -0.0537239 -0.000334404 8.45891e-05 0.0233415 
0.237782 -0.0586079 -0.000409413 0.000102669 0.0258248 
0.257597 -0.0634919 -0.000491102 0.000121744 0.0283009 
0.277412 -0.0683759 -0.000579297 0.000141644 0.0307923 
0.297227 -0.0732599 -0.000673823 0.000162198 0.033315 
0.317042 -0.0781439 -0.000774507 0.000183236 0.0358752 
0.336857 -0.0830279 -0.000881173 0.000204588 0.0384688 
0.356673 -0.0879119 -0.000993649 0.000226084 0.0410852 
0.376488 -0.0927959 -0.00111176 0.000247555 0.0437143 
0.396303 -0.0976799 -0.00123533 0.000268829 0.0463562 
0.416118 -0.102564 -0.00136419 0.000289737 0.0490315 
0.435933 -0.107448 -0.00149816 0.000310108 0.0517903 
0.455748 -0.112332 -0.00164411 0.000326771 0.0547033 
0.475563 -0.117216 -0.00181173 0.000338999 0.0576927 
0.495378 -0.1221 -0.00198789 0.000354509 0.0607206 
0.515194 -0.126984 -0.00217221 0.000373909 0.063787 
0.535009 -0.131868 -0.00236432 0.000397809 0.0668904 
0.554824 -0.136752 -0.00256385 0.000426818 0.0700284 
0.574639 -0.141636 -0.00277044 0.000461544 0.0731979 
0.594454 -0.14652 -0.0029837 0.000502598 0.0763951 
0.614269 -0.151404 -0.00320327 0.000550588 0.0796153 
0.634084 -0.156288 -0.00342878 0.000606122 0.0828536 
0.6539 -0.161172 -0.00365986 0.000669811 0.0861048 
0.673715 -0.166056 -0.00389613 0.000742264 0.0893632 
0.69353 -0.17094 -0.00413721 0.000814731 0.0926245 
0.713345 -0.175824 -0.00438043 0.00086945 0.0959002 
0.73316 -0.180708 -0.00462391 0.000926744 0.099183 
0.752975 -0.185592 -0.00486685 0.000986674 0.102463 
0.77279 -0.190476 -0.0051085 0.0010493 0.105733 
0.792606 -0.19536 -0.0053481 0.00111468 0.108989 
0.812421 -0.200244 -0.0055849 0.00118287 0.112229 
0.832236 -0.205128 -0.00581819 0.00125393 0.115446 
0.852051 -0.210012 -0.00604722 0.00132792 0.118634 
0.871866 -0.214896 -0.0062713 0.0014049 0.121783 
0.891681 -0.21978 -0.00648972 0.00148491 0.124881 
0.911496 -0.224664 -0.00670178 0.00156803 0.127917 
0.931312 -0.229548 -0.00690681 0.0016543 0.130891 
0.951127 -0.234432 -0.00710414 0.00174378 0.133814 
0.970942 -0.239316 -0.00729309 0.00183653 0.136729 
-2.01363e-10 3.01361e-10 -1.17884e-13 3.44121e-13 1.35229e-19 
0.0200739 -0.00367868 1.04362e-05 -3.04726e-06 0.000422305 
0.0401478 -0.00735735 1.24601e-05 -3.8664e-06 0.00156624 
0.0602216 -0.011036 6.09349e-06 -2.57537e-06 0.00326588 
0.0802955 -0.0147147 -8.64176e-06 7.07865e-07 0.00537521 
0.100369 -0.0183934 -3.17238e-05 5.86536e-06 0.00776633 
0.120443 -0.022072 -6.31307e-05 1.27792e-05 0.0103307 
0.140517 -0.0257507 -0.000102841 2.13313e-05 0.0129812 
0.160591 -0.0294294 -0.000150832 3.14039e-05 0.0156537 
0.180665 -0.0331081 -0.000207082 4.28789e-05 0.0183071 
0.200739 -0.0367867 -0.00027157 5.56384e-05 0.020922 
0.220813 -0.0404654 -0.000344274 6.95644e-05 0.0234971 
0.240887 -0.0441441 -0.000425171 8.45391e-05 0.0260449 
0.26096 -0.0478228 -0.00051424 0.000100444 0.0285855 
0.281034 -0.0515014 -0.00061146 0.000117162 0.0311418 
0.301108 -0.0551801 -0.000716807 0.000134575 0.0337335 
0.321182 -0.0588588 -0.000830261 0.000152564 0.0363746 
0.341256 -0.0625375 -0.000951799 0.000171013 0.0390706 
0.36133 -0.0662161 -0.0010814 0.000189802 0.0418205 
0.381404 -0.0698948 -0.00121904 0.000208814 0.0446201 
0.401478 -0.0735735 -0.0013647 0.000227931 0.047468 
0.421551 -0.0772522 -0.00151836 0.000247035 0.0503744 
0.441625 -0.0809308 -0.00167999 0.000266008 0.0533697 
0.461699 -0.0846095 -0.00185056 0.000284258 0.0565136 
0.481773 -0.0882882 -0.00206975 0.000285522 0.0597819 
0.501847 -0.0919669 -0.00230154 0.000290362 0.0631024 
0.521921 -0.0956455 -0.00254565 0.000299514 0.0664733 
0.541995 -0.0993242 -0.00280174 0.000313713 0.0698916 
0.562069 -0.103003 -0.00306953 0.000333695 0.0733536 
0.582142 -0.106682 -0.0033487 0.000360195 0.0768544 
0.602216 -0.11036 -0.00363894 0.000393949 0.0803886 
0.62229 -0.114039 -0.00393994 0.000435693 0.08395 
0.642364 -0.117718 -0.00423998 0.000468474 0.0875423 
0.662438 -0.121396 -0.00454243 0.000497483 0.0911767 
0.682512 -0.125075 -0.00484977 0.000527705 0.0948373 
0.702586 -0.128754 -0.00516115 0.000559168 0.0985109 
0.72266 -0.132432 -0.00547574 0.000591899 0.102189 
0.742733 -0.136111 -0.00579272 0.000625928 0.105865 
0.762807 -0.13979 -0.00611128 0.00066128 0.109537 
0.782881 -0.143468 -0.00643061 0.000697984 0.113204 
0.802955 -0.147147 -0.00674993 0.000736069 0.116866 
0.823029 -0.150826 -0.00706845 0.000775561 0.12052 
0.843103 -0.154504 -0.0073854 0.000816489 0.124164 
0.863177 -0.158183 -0.0077 0.00085888 0.127793 
0.883251 -0.161862 -0.00801151 0.000902762 0.131399 
0.903324 -0.16554 -0.00831918 0.000948163 0.134972 
0.923398 -0.169219 -0.00862227 0.000995112 0.138505 
0.943472 -0.172898 -0.00892004 0.00104364 0.141996 
0.963546 -0.176576 -0.00921178 0.00109376 0.145451 
0.98362 -0.180255 -0.00949676 0.00114553 0.148897 
-2.01363e-10 3.01361e-10 -1.17884e-13 3.44121e-13 1.35229e-19 
0.0202594 -0.00245993 1.09174e-05 -2.01901e-06 0.000422409 
0.0405187 -0.00491987 1.37222e-05 -2.50388e-06 0.00156388 
0.0607781 -0.0073798 8.26147e-06 -1.5233e-06 0.00325584 
0.0810375 -0.00983973 -5.61768e-06 8.54028e-07 0.00535314 
0.101297 -0.0122997 -2.80682e-05 4.55943e-06 0.00773214 
0.121556 -0.0147596 -5.92429e-05 9.52421e-06 0.0102902 
0.141816 -0.0172195 -9.92948e-05 1.56797e-05 0.0129457 
0.162075 -0.0196795 -0.000148377 2.29572e-05 0.0156382 
0.182334 -0.0221394 -0.000206642 3.1288e-05 0.0183271 
0.202594 -0.0245993 -0.000274242 4.06034e-05 0.0209907 
0.222853 -0.0270593 -0.000351332 5.08348e-05 0.0236231 
0.243112 -0.0295192 -0.000438063 6.19134e-05 0.0262315 
0.263372 -0.0319791 -0.000534589 7.37706e-05 0.0288319 
0.283631 -0.0344391 -0.000641062 8.63377e-05 0.0314453 
0.30389 -0.036899 -0.000757635 9.9546e-05 0.0340942 
0.32415 -0.0393589 -0.000884462 0.000113327 0.0367985 
0.344409 -0.0418188 -0.00102169 0.000127611 0.0395743 
0.364669 -0.0442788 -0.00116949 0.000142331 0.0424319 
0.384928 -0.0467387 -0.00132799 0.000157417 0.0453772 
0.405187 -0.0491986 -0.00149736 0.000172801 0.0484133 
0.425447 -0.0516586 -0.00167775 0.000188414 0.0515448 
0.445706 -0.0541185 -0.0018693 0.000204187 0.0547831 
0.465965 -0.0565784 -0.00207219 0.000220053 0.0581529 
0.486225 -0.0590384 -0.00232559 0.000218693 0.06167 
0.506484 -0.0614983 -0.0026191 0.000209833 0.0652575 
0.526743 -0.0639582 -0.00293013 0.000205309 0.0689027 
0.547003 -0.0664182 -0.00325849 0.00020596 0.0726006 
0.567262 -0.0688781 -0.003604 0.000212626 0.0763451 
0.587522 -0.071338 -0.00394803 0.00022399 0.0801334 
0.607781 -0.073798 -0.0042846 0.000235106 0.0839826 
0.62804 -0.0762579 -0.00463092 0.000246445 0.0878859 
0.6483 -0.0787178 -0.00498612 0.00025801 0.0918319 
0.668559 -0.0811778 -0.00534929 0.000269798 0.0958099 
0.688818 -0.0836377 -0.00571956 0.000281813 0.099811 
0.709078 -0.0860976 -0.00609606 0.000294052 0.103828 
0.729337 -0.0885576 -0.00647792 0.000306518 0.107854 
0.749596 -0.0910175 -0.00686429 0.000319212 0.111886 
0.769856 -0.0934774 -0.00725432 0.000332133 0.115922 
0.790115 -0.0959374 -0.00764716 0.000345284 0.119958 
0.810375 -0.0983973 -0.00804199 0.000358666 0.123996 
0.830634 -0.100857 -0.00843798 0.00037228 0.128032 
0.850893 -0.103317 -0.00883431 0.000386129 0.132066 
0.871153 -0.105777 -0.00923016 0.000400213 0.136096 
0.891412 -0.108237 -0.00962472 0.000414536 0.140118 
0.911671 -0.110697 -0.0100172 0.0004291 0.144129 
0.931931 -0.113157 -0.0104068 0.000443908 0.148124 
0.95219 -0.115617 -0.0107928 0.000458962 0.152101 
0.97245 -0.118077 -0.0111743 0.000474265 0.156059 
0.992709 -0.120537 -0.0115506 0.000489822 0.160003 
-2.01363e-10 3.01361e-10 -1.17884e-13 3.44121e-13 1.35229e-19 
0.0203709 -0.00123222 1.14071e-05 -1.00318e-06 0.000422309 
0.0407419 -0.00246443 1.5116e-05 -1.21706e-06 0.00156116 
0.0611128 -0.00369664 1.07823e-05 -6.69326e-07 0.00324568 
0.0814837 -0.00492886 -1.93855e-06 6.12333e-07 0.00533116 
0.101855 -0.00616107 -2.3391e-05 2.60024e-06 0.00769708 
0.122226 -0.00739329 -5.39195e-05 5.26671e-06 0.0102454 
0.142597 -0.0086255 -9.38685e-05 8.58405e-06 0.0128994 
0.162967 -0.00985771 -0.000143583 1.25246e-05 0.0156016 
0.183338 -0.0110899 -0.000203406 1.70607e-05 0.0183128 
0.203709 -0.0123221 -0.000273684 2.21645e-05 0.02101 
0.22408 -0.0135544 -0.000354759 2.78086e-05 0.0236842 
0.244451 -0.0147866 -0.000446978 3.39651e-05 0.0263379 
0.264822 -0.0160188 -0.000550684 4.06064e-05 0.0289832 
0.285193 -0.017251 -0.000666222 4.77048e-05 0.0316385 
0.305564 -0.0184832 -0.000793937 5.52326e-05 0.0343263 
0.325935 -0.0197154 -0.000934172 6.31621e-05 0.0370708 
0.346306 -0.0209476 -0.00108727 7.14657e-05 0.0398951 
0.366677 -0.0221799 -0.00125358 8.01156e-05 0.0428198 
0.387048 -0.0234121 -0.00143345 8.90843e-05 0.0458614 
0.407419 -0.0246443 -0.00162721 9.83439e-05 0.0490312 
0.42779 -0.0258765 -0.00183522 0.000107867 0.0523352 
0.44816 -0.0271087 -0.00205781 0.000117625 0.0557745 
0.468531 -0.0283409 -0.00229533 0.000127592 0.0593461 
0.488902 -0.0295731 -0.00255832 0.00013316 0.0630444 
0.509273 -0.0308054 -0.00291708 0.000106524 0.0668278 
0.529644 -0.0320376 -0.00329943 8.37322e-05 0.0706665 
0.550015 -0.0332698 -0.0036573 7.89735e-05 0.0745578 
0.570386 -0.034502 -0.00400948 8.07261e-05 0.0785123 
0.590757 -0.0357342 -0.004375 8.22628e-05 0.0825301 
0.611128 -0.0369664 -0.00475294 8.35704e-05 0.0866083 
0.631499 -0.0381986 -0.00514234 8.46362e-05 0.0907421 
0.65187 -0.0394309 -0.00554228 8.54473e-05 0.0949255 
0.672241 -0.0406631 -0.00595184 8.59911e-05 0.0991517 
0.692612 -0.0418953 -0.00637009 8.62549e-05 0.103413 
0.712983 -0.0431275 -0.00679611 8.62263e-05 0.107703 
0.733353 -0.0443597 -0.00722899 8.58929e-05 0.112012 
0.753724 -0.0455919 -0.00766782 8.52423e-05 0.116336 
0.774095 -0.0468241 -0.00811171 8.42623e-05 0.120667 
0.794466 -0.0480564 -0.00855974 8.29408e-05 0.125001 
0.814837 -0.0492886 -0.00901102 8.12658e-05 0.129332 
0.835208 -0.0505208 -0.00946466 7.92253e-05 0.133657 
0.855579 -0.051753 -0.00991978 7.68074e-05 0.137974 
0.87595 -0.0529852 -0.0103755 7.40004e-05 0.142282 
0.896321 -0.0542174 -0.0108309 7.07926e-05 0.146581 
0.916692 -0.0554496 -0.0112852 6.71724e-05 0.15087 
0.937063 -0.0566819 -0.0117374 6.31283e-05 0.155152 
0.957434 -0.0579141 -0.0121868 5.8649e-05 0.15943 
0.977805 -0.0591463 -0.0126324 5.37231e-05 0.163707 
0.998176 -0.0603785 -0.0130734 4.83394e-05 0.167986 
-2.01363e-10 3.01361e-10 -1.17884e-13 3.44121e-13 1.35229e-19 
0.0204082 2.54957e-10 1.19011e-05 1.82275e-13 0.000422062 
0.0408163 1.69991e-10 1.66306e-05 2.98486e-14 0.00155866 
0.0612245 8.5025e-11 1.36419e-05 -6.96924e-14 0.00323731 
0.0816327 -2.5367e-10 2.38849e-06 -7.62867e-14 0.00531313 
0.102041 -2.70936e-11 -1.76763e-05 -1.39709e-13 0.00766674 
0.122449 8.87053e-10 -4.70991e-05 -8.80662e-13 0.0102022 
0.142857 5.47189e-10 -8.64264e-05 -8.17718e-13 0.0128449 
0.163265 0 -0.000136205 -2.62277e-13 0.0155397 
0.183673 0 -0.000196981 -2.97278e-13 0.0182486 
0.204082 0 -0.000269301 -3.30199e-13 0.0209488 
0.22449 1.5068e-10 -0.000353713 -6.97226e-13 0.0236307 
0.244898 1.5068e-10 -0.000450762 -7.65193e-13 0.0262957 
0.265306 0 -0.000560994 -4.08765e-13 0.0289542 
0.285714 -2.77556e-17 -0.000684958 -4.25649e-13 0.0316236 
0.306122 1.67946e-11 -0.000823199 -4.92132e-13 0.0343262 
0.326531 2.43371e-10 -0.000976263 -1.30758e-12 0.037087 
0.346939 -1.04335e-10 -0.0011447 -3.99887e-14 0.0399319 
0.367347 -1.6098e-10 -0.00132905 2.26647e-13 0.0428854 
0.387755 -2.17624e-10 -0.00152987 5.28808e-13 0.0459686 
0.408163 1.5068e-10 -0.00174769 -1.05735e-12 0.0491973 
0.428571 1.5068e-10 -0.00198307 -1.05084e-12 0.0525798 
0.44898 -5.70361e-10 -0.00223656 2.55726e-12 0.0561146 
0.469388 -8.81904e-10 -0.00250869 4.36452e-12 0.0597888 
0.489796 -1.19345e-09 -0.00280003 6.31405e-12 0.0635757 
0.510204 -2.72848e-09 -0.00311679 4.43231e-12 0.0674346 
0.530612 -4.90463e-10 -0.00345693 6.16916e-13 0.0713441 
0.55102 -5.03071e-11 -0.00381311 -7.88885e-14 0.075311 
0.571429 -1.28994e-09 -0.00418435 1.51971e-12 0.0793401 
0.591837 -4.09031e-09 -0.00456964 4.56491e-12 0.0834334 
0.612245 -8.33145e-09 -0.00496799 8.19709e-12 0.0875906 
0.632653 -3.72651e-11 -0.00537837 1.21726e-14 0.0918091 
0.653061 -3.37239e-10 -0.00579981 2.73955e-13 0.0960844 
0.673469 -1.92416e-09 -0.00623129 1.07181e-12 0.100411 
0.693878 -4.68538e-09 -0.00667181 1.65189e-12 0.10478 
0.714286 -8.50767e-09 -0.00712038 1.28381e-12 0.109186 
0.734694 -1.14967e-16 -0.00757598 4.35672e-13 0.113619 
0.755102 -6.4653e-10 -0.00803762 3.63604e-13 0.118071 
0.77551 -2.23997e-09 -0.0085043 -4.67762e-13 0.122532 
0.795918 -4.65288e-09 -0.00897501 -2.6205e-12 0.126996 
0.816327 -1.36178e-12 -0.00944875 9.5219e-13 0.131455 
0.836735 -4.39883e-11 -0.00992452 1.04271e-12 0.135902 
0.857143 -7.79144e-10 -0.0104013 1.02231e-13 0.140334 
0.877551 -2.11573e-09 -0.0108782 -2.25022e-12 0.144747 
0.897959 -3.96245e-09 -0.011354 -6.33243e-12 0.149142 
0.918367 -2.04941e-16 -0.0118279 1.68874e-12 0.153519 
0.938776 -6.57559e-11 -0.0122988 1.67029e-12 0.157883 
0.959184 -6.4793e-10 -0.0127657 1.48204e-13 0.162243 
0.979592 -1.56638e-09 -0.0132276 -2.77911e-12 0.166609 
1 -2.74431e-09 -0.0136836 -7.17307e-12 0.170997 
