ZONE N=15, E=16, F=FEPOINT, ET=TRIANGLE
-0.670917 -0.302216 0 0 0 0 
-0.64114 -0.318839 0 0 0 0 
-0.611364 -0.335462 0 0 0 0 
-0.581588 -0.352085 0 0 0 0 
-0.551811 -0.368708 0 0 0 0 
-0.654861 -0.281377 0 0 0 0 
-0.625085 -0.298 0 0 0 0 
-0.595308 -0.314623 0 0 0 0 
-0.565532 -0.331247 0 0 0 0 
-0.638805 -0.260539 0 0 0 0 
-0.609029 -0.277162 0 0 0 0 
-0.579252 -0.293785 0 0 0 0 
-0.622749 -0.2397 0 0 0 0 
-0.592973 -0.256323 0 0 0 0 
-0.606693 -0.218861 0 0 0 0 
1 2 6
2 7 6
2 3 7
3 8 7
3 4 8
4 9 8
4 5 9
6 7 10
7 11 10
7 8 11
8 12 11
8 9 12
10 11 13
11 14 13
11 12 14
13 14 15
ZONE N=15, E=16, F=FEPOINT, ET=TRIANGLE
-0.84927 0.318115 0 0 0 0 
-0.867922 0.334257 0 0 0 0 
-0.886575 0.350399 0 0 0 0 
-0.905227 0.366541 0 0 0 0 
-0.92388 0.382683 0 0 0 0 
-0.876187 0.311157 0 0 0 0 
-0.89484 0.327299 0 0 0 0 
-0.913492 0.343442 0 0 0 0 
-0.932145 0.359584 0 0 0 0 
-0.903105 0.3042 0 0 0 0 
-0.921757 0.320342 0 0 0 0 
-0.94041 0.336484 0 0 0 0 
-0.930023 0.297242 0 0 0 0 
-0.948675 0.313384 0 0 0 0 
-0.95694 0.290285 0 0 0 0 
1 2 6
2 7 6
2 3 7
3 8 7
3 4 8
4 9 8
4 5 9
6 7 10
7 11 10
7 8 11
8 12 11
8 9 12
10 11 13
11 14 13
11 12 14
13 14 15
ZONE N=15, E=16, F=FEPOINT, ET=TRIANGLE
-0.871185 -0.0738333 0 0 0 0 
-0.872139 -0.0367269 0 0 0 0 
-0.873092 0.000379426 0 0 0 0 
-0.874046 0.0374858 0 0 0 0 
-0.875 0.0745921 0 0 0 0 
-0.903389 -0.055375 0 0 0 0 
-0.904342 -0.0182686 0 0 0 0 
-0.905296 0.0188377 0 0 0 0 
-0.90625 0.0559441 0 0 0 0 
-0.935592 -0.0369166 0 0 0 0 
-0.936546 0.000189713 0 0 0 0 
-0.9375 0.0372961 0 0 0 0 
-0.967796 -0.0184583 0 0 0 0 
-0.96875 0.018648 0 0 0 0 
-1 1.22465e-16 0 0 0 0 
1 2 6
2 7 6
2 3 7
3 8 7
3 4 8
4 9 8
4 5 9
6 7 10
7 11 10
7 8 11
8 12 11
8 9 12
10 11 13
11 14 13
11 12 14
13 14 15
ZONE N=15, E=16, F=FEPOINT, ET=TRIANGLE
-0.531249 0.416959 0 0 0 0 
-0.557848 0.403769 0 0 0 0 
-0.584447 0.39058 0 0 0 0 
-0.611045 0.37739 0 0 0 0 
-0.637644 0.3642 0 0 0 0 
-0.533201 0.387479 0 0 0 0 
-0.559799 0.374289 0 0 0 0 
-0.586398 0.3611 0 0 0 0 
-0.612996 0.34791 0 0 0 0 
-0.535152 0.357999 0 0 0 0 
-0.56175 0.344809 0 0 0 0 
-0.588349 0.33162 0 0 0 0 
-0.537103 0.328519 0 0 0 0 
-0.563701 0.315329 0 0 0 0 
-0.539054 0.299039 0 0 0 0 
1 2 6
2 7 6
2 3 7
3 8 7
3 4 8
4 9 8
4 5 9
6 7 10
7 11 10
7 8 11
8 12 11
8 9 12
10 11 13
11 14 13
11 12 14
13 14 15
ZONE N=15, E=16, F=FEPOINT, ET=TRIANGLE
-0.92388 0.382683 0 0 0 0 
-0.905227 0.366541 0 0 0 0 
-0.886575 0.350399 0 0 0 0 
-0.867922 0.334257 0 0 0 0 
-0.84927 0.318115 0 0 0 0 
-0.897462 0.394361 0 0 0 0 
-0.87881 0.378219 0 0 0 0 
-0.860157 0.362077 0 0 0 0 
-0.841505 0.345934 0 0 0 0 
-0.871045 0.406039 0 0 0 0 
-0.852393 0.389897 0 0 0 0 
-0.83374 0.373754 0 0 0 0 
-0.844628 0.417717 0 0 0 0 
-0.825975 0.401574 0 0 0 0 
-0.81821 0.429394 0 0 0 0 
1 2 6
2 7 6
2 3 7
3 8 7
3 4 8
4 9 8
4 5 9
6 7 10
7 11 10
7 8 11
8 12 11
8 9 12
10 11 13
11 14 13
11 12 14
13 14 15
ZONE N=15, E=16, F=FEPOINT, ET=TRIANGLE
-0.25 0 0 0 0 0 
-0.234375 -0.0254953 0 0 0 0 
-0.21875 -0.0509906 0 0 0 0 
-0.203125 -0.0764859 0 0 0 0 
-0.1875 -0.101981 0 0 0 0 
-0.21875 0 0 0 0 0 
-0.203125 -0.0254953 0 0 0 0 
-0.1875 -0.0509906 0 0 0 0 
-0.171875 -0.0764859 0 0 0 0 
-0.1875 0 0 0 0 0 
-0.171875 -0.0254953 0 0 0 0 
-0.15625 -0.0509906 0 0 0 0 
-0.15625 0 0 0 0 0 
-0.140625 -0.0254953 0 0 0 0 
-0.125 0 0 0 0 0 
1 2 6
2 7 6
2 3 7
3 8 7
3 4 8
4 9 8
4 5 9
6 7 10
7 11 10
7 8 11
8 12 11
8 9 12
10 11 13
11 14 13
11 12 14
13 14 15
ZONE N=15, E=16, F=FEPOINT, ET=TRIANGLE
-0.616222 -0.451148 0 0 0 0 
-0.60012 -0.430538 0 0 0 0 
-0.584017 -0.409928 0 0 0 0 
-0.567914 -0.389318 0 0 0 0 
-0.551811 -0.368708 0 0 0 0 
-0.629896 -0.413915 0 0 0 0 
-0.613793 -0.393305 0 0 0 0 
-0.59769 -0.372695 0 0 0 0 
-0.581588 -0.352085 0 0 0 0 
-0.64357 -0.376682 0 0 0 0 
-0.627467 -0.356072 0 0 0 0 
-0.611364 -0.335462 0 0 0 0 
-0.657243 -0.339449 0 0 0 0 
-0.64114 -0.318839 0 0 0 0 
-0.670917 -0.302216 0 0 0 0 
1 2 6
2 7 6
2 3 7
3 8 7
3 4 8
4 9 8
4 5 9
6 7 10
7 11 10
7 8 11
8 12 11
8 9 12
10 11 13
11 14 13
11 12 14
13 14 15
ZONE N=15, E=16, F=FEPOINT, ET=TRIANGLE
-0.875 0.0745921 0 0 0 0 
-0.905046 0.0804484 0 0 0 0 
-0.935092 0.0863046 0 0 0 0 
-0.965139 0.0921609 0 0 0 0 
-0.995185 0.0980171 0 0 0 0 
-0.90625 0.0559441 0 0 0 0 
-0.936296 0.0618004 0 0 0 0 
-0.966342 0.0676566 0 0 0 0 
-0.996389 0.0735129 0 0 0 0 
-0.9375 0.0372961 0 0 0 0 
-0.967546 0.0431523 0 0 0 0 
-0.997592 0.0490086 0 0 0 0 
-0.96875 0.018648 0 0 0 0 
-0.998796 0.0245043 0 0 0 0 
-1 1.22465e-16 0 0 0 0 
1 2 6
2 7 6
2 3 7
3 8 7
3 4 8
4 9 8
4 5 9
6 7 10
7 11 10
7 8 11
8 12 11
8 9 12
10 11 13
11 14 13
11 12 14
13 14 15
ZONE N=15, E=16, F=FEPOINT, ET=TRIANGLE
-0.83147 0.55557 0 0 0 0 
-0.80683 0.53797 0 0 0 0 
-0.78219 0.52037 0 0 0 0 
-0.757551 0.50277 0 0 0 0 
-0.732911 0.48517 0 0 0 0 
-0.793462 0.564533 0 0 0 0 
-0.768822 0.546933 0 0 0 0 
-0.744183 0.529333 0 0 0 0 
-0.719543 0.511733 0 0 0 0 
-0.755454 0.573496 0 0 0 0 
-0.730815 0.555896 0 0 0 0 
-0.706175 0.538296 0 0 0 0 
-0.717447 0.582459 0 0 0 0 
-0.692807 0.564858 0 0 0 0 
-0.679439 0.591421 0 0 0 0 
1 2 6
2 7 6
2 3 7
3 8 7
3 4 8
4 9 8
4 5 9
6 7 10
7 11 10
7 8 11
8 12 11
8 9 12
10 11 13
11 14 13
11 12 14
13 14 15
ZONE N=15, E=16, F=FEPOINT, ET=TRIANGLE
-0.81821 0.429394 0 0 0 0 
-0.821525 0.460938 0 0 0 0 
-0.82484 0.492482 0 0 0 0 
-0.828155 0.524026 0 0 0 0 
-0.83147 0.55557 0 0 0 0 
-0.844628 0.417717 0 0 0 0 
-0.847943 0.449261 0 0 0 0 
-0.851257 0.480805 0 0 0 0 
-0.854572 0.512349 0 0 0 0 
-0.871045 0.406039 0 0 0 0 
-0.87436 0.437583 0 0 0 0 
-0.877675 0.469127 0 0 0 0 
-0.897462 0.394361 0 0 0 0 
-0.900777 0.425905 0 0 0 0 
-0.92388 0.382683 0 0 0 0 
1 2 6
2 7 6
2 3 7
3 8 7
3 4 8
4 9 8
4 5 9
6 7 10
7 11 10
7 8 11
8 12 11
8 9 12
10 11 13
11 14 13
11 12 14
13 14 15
ZONE N=15, E=16, F=FEPOINT, ET=TRIANGLE
-0.566968 0.692206 0 0 0 0 
-0.595086 0.66701 0 0 0 0 
-0.623204 0.641814 0 0 0 0 
-0.651321 0.616618 0 0 0 0 
-0.679439 0.591421 0 0 0 0 
-0.564924 0.660961 0 0 0 0 
-0.593042 0.635765 0 0 0 0 
-0.621159 0.610569 0 0 0 0 
-0.649277 0.585372 0 0 0 0 
-0.56288 0.629716 0 0 0 0 
-0.590997 0.60452 0 0 0 0 
-0.619115 0.579324 0 0 0 0 
-0.560835 0.598471 0 0 0 0 
-0.588953 0.573275 0 0 0 0 
-0.558791 0.567226 0 0 0 0 
1 2 6
2 7 6
2 3 7
3 8 7
3 4 8
4 9 8
4 5 9
6 7 10
7 11 10
7 8 11
8 12 11
8 9 12
10 11 13
11 14 13
11 12 14
13 14 15
ZONE N=15, E=16, F=FEPOINT, ET=TRIANGLE
-0.871185 -0.0738333 0 0 0 0 
-0.840359 -0.0544755 0 0 0 0 
-0.809532 -0.0351177 0 0 0 0 
-0.778706 -0.01576 0 0 0 0 
-0.747879 0.00359781 0 0 0 0 
-0.872139 -0.0367269 0 0 0 0 
-0.841312 -0.0173692 0 0 0 0 
-0.810486 0.00198862 0 0 0 0 
-0.779659 0.0213464 0 0 0 0 
-0.873092 0.000379426 0 0 0 0 
-0.842266 0.0197372 0 0 0 0 
-0.81144 0.039095 0 0 0 0 
-0.874046 0.0374858 0 0 0 0 
-0.84322 0.0568436 0 0 0 0 
-0.875 0.0745921 0 0 0 0 
1 2 6
2 7 6
2 3 7
3 8 7
3 4 8
4 9 8
4 5 9
6 7 10
7 11 10
7 8 11
8 12 11
8 9 12
10 11 13
11 14 13
11 12 14
13 14 15
ZONE N=15, E=16, F=FEPOINT, ET=TRIANGLE
-0.539054 0.299039 0 0 0 0 
-0.569799 0.2843 0 0 0 0 
-0.600544 0.26956 0 0 0 0 
-0.631289 0.254821 0 0 0 0 
-0.662034 0.240082 0 0 0 0 
-0.544964 0.273267 0 0 0 0 
-0.575709 0.258528 0 0 0 0 
-0.606454 0.243788 0 0 0 0 
-0.637199 0.229049 0 0 0 0 
-0.550873 0.247495 0 0 0 0 
-0.581618 0.232756 0 0 0 0 
-0.612363 0.218017 0 0 0 0 
-0.556783 0.221723 0 0 0 0 
-0.587528 0.206984 0 0 0 0 
-0.562692 0.195951 0 0 0 0 
1 2 6
2 7 6
2 3 7
3 8 7
3 4 8
4 9 8
4 5 9
6 7 10
7 11 10
7 8 11
8 12 11
8 9 12
10 11 13
11 14 13
11 12 14
13 14 15
ZONE N=15, E=16, F=FEPOINT, ET=TRIANGLE
-0.1875 -0.221591 0 0 0 0 
-0.189852 -0.247032 0 0 0 0 
-0.192203 -0.272473 0 0 0 0 
-0.194555 -0.297914 0 0 0 0 
-0.196906 -0.323356 0 0 0 0 
-0.164837 -0.236515 0 0 0 0 
-0.167189 -0.261956 0 0 0 0 
-0.169541 -0.287397 0 0 0 0 
-0.171892 -0.312838 0 0 0 0 
-0.142175 -0.251439 0 0 0 0 
-0.144526 -0.27688 0 0 0 0 
-0.146878 -0.302321 0 0 0 0 
-0.119512 -0.266363 0 0 0 0 
-0.121864 -0.291804 0 0 0 0 
-0.0968492 -0.281287 0 0 0 0 
1 2 6
2 7 6
2 3 7
3 8 7
3 4 8
4 9 8
4 5 9
6 7 10
7 11 10
7 8 11
8 12 11
8 9 12
10 11 13
11 14 13
11 12 14
13 14 15
ZONE N=15, E=16, F=FEPOINT, ET=TRIANGLE
-0.1875 -0.101981 0 0 0 0 
-0.148997 -0.116932 0 0 0 0 
-0.110494 -0.131883 0 0 0 0 
-0.0719914 -0.146835 0 0 0 0 
-0.0334885 -0.161786 0 0 0 0 
-0.15625 -0.0943413 0 0 0 0 
-0.117747 -0.109292 0 0 0 0 
-0.0792443 -0.124244 0 0 0 0 
-0.0407414 -0.139195 0 0 0 0 
-0.125 -0.0867015 0 0 0 0 
-0.0864971 -0.101653 0 0 0 0 
-0.0479943 -0.116604 0 0 0 0 
-0.09375 -0.0790616 0 0 0 0 
-0.0552471 -0.0940128 0 0 0 0 
-0.0625 -0.0714218 0 0 0 0 
1 2 6
2 7 6
2 3 7
3 8 7
3 4 8
4 9 8
4 5 9
6 7 10
7 11 10
7 8 11
8 12 11
8 9 12
10 11 13
11 14 13
11 12 14
13 14 15
ZONE N=15, E=16, F=FEPOINT, ET=TRIANGLE
-0.751285 0.329719 0 0 0 0 
-0.775781 0.326818 0 0 0 0 
-0.800277 0.323917 0 0 0 0 
-0.824773 0.321016 0 0 0 0 
-0.84927 0.318115 0 0 0 0 
-0.776916 0.292568 0 0 0 0 
-0.801412 0.289667 0 0 0 0 
-0.825909 0.286766 0 0 0 0 
-0.850405 0.283865 0 0 0 0 
-0.802548 0.255417 0 0 0 0 
-0.827044 0.252516 0 0 0 0 
-0.85154 0.249615 0 0 0 0 
-0.828179 0.218267 0 0 0 0 
-0.852676 0.215366 0 0 0 0 
-0.853811 0.181116 0 0 0 0 
1 2 6
2 7 6
2 3 7
3 8 7
3 4 8
4 9 8
4 5 9
6 7 10
7 11 10
7 8 11
8 12 11
8 9 12
10 11 13
11 14 13
11 12 14
13 14 15
ZONE N=15, E=16, F=FEPOINT, ET=TRIANGLE
-0.125 0 0 0 0 0 
-0.109375 -0.0178554 0 0 0 0 
-0.09375 -0.0357109 0 0 0 0 
-0.078125 -0.0535663 0 0 0 0 
-0.0625 -0.0714218 0 0 0 0 
-0.09375 0 0 0 0 0 
-0.078125 -0.0178554 0 0 0 0 
-0.0625 -0.0357109 0 0 0 0 
-0.046875 -0.0535663 0 0 0 0 
-0.0625 0 0 0 0 0 
-0.046875 -0.0178554 0 0 0 0 
-0.03125 -0.0357109 0 0 0 0 
-0.03125 0 0 0 0 0 
-0.015625 -0.0178554 0 0 0 0 
0 0 0 0 0 0 
1 2 6
2 7 6
2 3 7
3 8 7
3 4 8
4 9 8
4 5 9
6 7 10
7 11 10
7 8 11
8 12 11
8 9 12
10 11 13
11 14 13
11 12 14
13 14 15
ZONE N=15, E=16, F=FEPOINT, ET=TRIANGLE
0.369909 -0.412422 0 0 0 0 
0.370118 -0.382556 0 0 0 0 
0.370327 -0.35269 0 0 0 0 
0.370536 -0.322823 0 0 0 0 
0.370745 -0.292957 0 0 0 0 
0.343392 -0.398679 0 0 0 0 
0.343601 -0.368813 0 0 0 0 
0.34381 -0.338946 0 0 0 0 
0.344019 -0.30908 0 0 0 0 
0.316874 -0.384936 0 0 0 0 
0.317083 -0.35507 0 0 0 0 
0.317293 -0.325203 0 0 0 0 
0.290357 -0.371193 0 0 0 0 
0.290566 -0.341327 0 0 0 0 
0.26384 -0.35745 0 0 0 0 
1 2 6
2 7 6
2 3 7
3 8 7
3 4 8
4 9 8
4 5 9
6 7 10
7 11 10
7 8 11
8 12 11
8 9 12
10 11 13
11 14 13
11 12 14
13 14 15
ZONE N=15, E=16, F=FEPOINT, ET=TRIANGLE
0.370745 -0.292957 0 0 0 0 
0.393439 -0.283541 0 0 0 0 
0.416133 -0.274126 0 0 0 0 
0.438826 -0.264711 0 0 0 0 
0.46152 -0.255295 0 0 0 0 
0.366061 -0.252047 0 0 0 0 
0.388755 -0.242632 0 0 0 0 
0.411448 -0.233216 0 0 0 0 
0.434142 -0.223801 0 0 0 0 
0.361376 -0.211137 0 0 0 0 
0.38407 -0.201722 0 0 0 0 
0.406764 -0.192307 0 0 0 0 
0.356692 -0.170228 0 0 0 0 
0.379386 -0.160812 0 0 0 0 
0.352007 -0.129318 0 0 0 0 
1 2 6
2 7 6
2 3 7
3 8 7
3 4 8
4 9 8
4 5 9
6 7 10
7 11 10
7 8 11
8 12 11
8 9 12
10 11 13
11 14 13
11 12 14
13 14 15
ZONE N=15, E=16, F=FEPOINT, ET=TRIANGLE
-0.75 0.149184 0 0 0 0 
-0.736509 0.131179 0 0 0 0 
-0.723018 0.113173 0 0 0 0 
-0.709527 0.0951674 0 0 0 0 
-0.696035 0.0771617 0 0 0 0 
-0.714812 0.137135 0 0 0 0 
-0.701321 0.119129 0 0 0 0 
-0.68783 0.101124 0 0 0 0 
-0.674339 0.083118 0 0 0 0 
-0.679625 0.125085 0 0 0 0 
-0.666134 0.10708 0 0 0 0 
-0.652642 0.0890742 0 0 0 0 
-0.644437 0.113036 0 0 0 0 
-0.630946 0.0950305 0 0 0 0 
-0.609249 0.100987 0 0 0 0 
1 2 6
2 7 6
2 3 7
3 8 7
3 4 8
4 9 8
4 5 9
6 7 10
7 11 10
7 8 11
8 12 11
8 9 12
10 11 13
11 14 13
11 12 14
13 14 15
ZONE N=15, E=16, F=FEPOINT, ET=TRIANGLE
-0.995185 0.0980171 0 0 0 0 
-0.965139 0.0921609 0 0 0 0 
-0.935092 0.0863046 0 0 0 0 
-0.905046 0.0804484 0 0 0 0 
-0.875 0.0745921 0 0 0 0 
-0.991585 0.122285 0 0 0 0 
-0.961539 0.116429 0 0 0 0 
-0.931493 0.110573 0 0 0 0 
-0.901446 0.104717 0 0 0 0 
-0.987985 0.146554 0 0 0 0 
-0.957939 0.140697 0 0 0 0 
-0.927893 0.134841 0 0 0 0 
-0.984385 0.170822 0 0 0 0 
-0.954339 0.164966 0 0 0 0 
-0.980785 0.19509 0 0 0 0 
1 2 6
2 7 6
2 3 7
3 8 7
3 4 8
4 9 8
4 5 9
6 7 10
7 11 10
7 8 11
8 12 11
8 9 12
10 11 13
11 14 13
11 12 14
13 14 15
ZONE N=15, E=16, F=FEPOINT, ET=TRIANGLE
0.0625 0.109397 0 0 0 0 
0.078125 0.0820475 0 0 0 0 
0.09375 0.0546983 0 0 0 0 
0.109375 0.0273492 0 0 0 0 
0.125 0 0 0 0 0 
0.09375 0.109112 0 0 0 0 
0.109375 0.0817631 0 0 0 0 
0.125 0.054414 0 0 0 0 
0.140625 0.0270648 0 0 0 0 
0.125 0.108828 0 0 0 0 
0.140625 0.0814787 0 0 0 0 
0.15625 0.0541296 0 0 0 0 
0.15625 0.108544 0 0 0 0 
0.171875 0.0811944 0 0 0 0 
0.1875 0.108259 0 0 0 0 
1 2 6
2 7 6
2 3 7
3 8 7
3 4 8
4 9 8
4 5 9
6 7 10
7 11 10
7 8 11
8 12 11
8 9 12
10 11 13
11 14 13
11 12 14
13 14 15
ZONE N=15, E=16, F=FEPOINT, ET=TRIANGLE
-0.75 0.149184 0 0 0 0 
-0.750321 0.194318 0 0 0 0 
-0.750642 0.239451 0 0 0 0 
-0.750963 0.284585 0 0 0 0 
-0.751285 0.329719 0 0 0 0 
-0.775953 0.157167 0 0 0 0 
-0.776274 0.202301 0 0 0 0 
-0.776595 0.247434 0 0 0 0 
-0.776916 0.292568 0 0 0 0 
-0.801906 0.16515 0 0 0 0 
-0.802227 0.210284 0 0 0 0 
-0.802548 0.255417 0 0 0 0 
-0.827858 0.173133 0 0 0 0 
-0.828179 0.218267 0 0 0 0 
-0.853811 0.181116 0 0 0 0 
1 2 6
2 7 6
2 3 7
3 8 7
3 4 8
4 9 8
4 5 9
6 7 10
7 11 10
7 8 11
8 12 11
8 9 12
10 11 13
11 14 13
11 12 14
13 14 15
ZONE N=15, E=16, F=FEPOINT, ET=TRIANGLE
0.626708 -0.0742356 0 0 0 0 
0.649378 -0.0631032 0 0 0 0 
0.672048 -0.0519708 0 0 0 0 
0.694719 -0.0408384 0 0 0 0 
0.717389 -0.029706 0 0 0 0 
0.6237 -0.0376457 0 0 0 0 
0.64637 -0.0265133 0 0 0 0 
0.66904 -0.0153809 0 0 0 0 
0.69171 -0.00424853 0 0 0 0 
0.620691 -0.0010559 0 0 0 0 
0.643361 0.0100765 0 0 0 0 
0.666031 0.0212089 0 0 0 0 
0.617682 0.0355339 0 0 0 0 
0.640352 0.0466663 0 0 0 0 
0.614674 0.0721238 0 0 0 0 
1 2 6
2 7 6
2 3 7
3 8 7
3 4 8
4 9 8
4 5 9
6 7 10
7 11 10
7 8 11
8 12 11
8 9 12
10 11 13
11 14 13
11 12 14
13 14 15
ZONE N=15, E=16, F=FEPOINT, ET=TRIANGLE
-0.562692 0.195951 0 0 0 0 
-0.574332 0.17221 0 0 0 0 
-0.585971 0.148469 0 0 0 0 
-0.59761 0.124728 0 0 0 0 
-0.609249 0.100987 0 0 0 0 
-0.547539 0.173798 0 0 0 0 
-0.559178 0.150057 0 0 0 0 
-0.570817 0.126316 0 0 0 0 
-0.582456 0.102575 0 0 0 0 
-0.532385 0.151646 0 0 0 0 
-0.544024 0.127904 0 0 0 0 
-0.555663 0.104163 0 0 0 0 
-0.517231 0.129493 0 0 0 0 
-0.528871 0.105752 0 0 0 0 
-0.502078 0.10734 0 0 0 0 
1 2 6
2 7 6
2 3 7
3 8 7
3 4 8
4 9 8
4 5 9
6 7 10
7 11 10
7 8 11
8 12 11
8 9 12
10 11 13
11 14 13
11 12 14
13 14 15
ZONE N=15, E=16, F=FEPOINT, ET=TRIANGLE
-0.106416 0.319583 0 0 0 0 
-0.089171 0.33594 0 0 0 0 
-0.0719265 0.352296 0 0 0 0 
-0.0546819 0.368653 0 0 0 0 
-0.0374373 0.38501 0 0 0 0 
-0.105856 0.352649 0 0 0 0 
-0.0886116 0.369006 0 0 0 0 
-0.071367 0.385362 0 0 0 0 
-0.0541224 0.401719 0 0 0 0 
-0.105297 0.385715 0 0 0 0 
-0.0880521 0.402072 0 0 0 0 
-0.0708075 0.418429 0 0 0 0 
-0.104737 0.418781 0 0 0 0 
-0.0874926 0.435138 0 0 0 0 
-0.104178 0.451848 0 0 0 0 
1 2 6
2 7 6
2 3 7
3 8 7
3 4 8
4 9 8
4 5 9
6 7 10
7 11 10
7 8 11
8 12 11
8 9 12
10 11 13
11 14 13
11 12 14
13 14 15
ZONE N=15, E=16, F=FEPOINT, ET=TRIANGLE
0.560129 0.539011 0 0 0 0 
0.543878 0.561619 0 0 0 0 
0.527628 0.584228 0 0 0 0 
0.511377 0.606837 0 0 0 0 
0.495126 0.629446 0 0 0 0 
0.513467 0.534995 0 0 0 0 
0.497216 0.557603 0 0 0 0 
0.480965 0.580212 0 0 0 0 
0.464714 0.602821 0 0 0 0 
0.466804 0.530978 0 0 0 0 
0.450553 0.553587 0 0 0 0 
0.434302 0.576196 0 0 0 0 
0.420141 0.526962 0 0 0 0 
0.40389 0.549571 0 0 0 0 
0.373478 0.522946 0 0 0 0 
1 2 6
2 7 6
2 3 7
3 8 7
3 4 8
4 9 8
4 5 9
6 7 10
7 11 10
7 8 11
8 12 11
8 9 12
10 11 13
11 14 13
11 12 14
13 14 15
ZONE N=15, E=16, F=FEPOINT, ET=TRIANGLE
0.68978 0.231102 0 0 0 0 
0.72296 0.220382 0 0 0 0 
0.75614 0.209663 0 0 0 0 
0.78932 0.198943 0 0 0 0 
0.8225 0.188224 0 0 0 0 
0.722644 0.251461 0 0 0 0 
0.755824 0.240741 0 0 0 0 
0.789004 0.230022 0 0 0 0 
0.822184 0.219302 0 0 0 0 
0.755508 0.27182 0 0 0 0 
0.788688 0.261101 0 0 0 0 
0.821868 0.250381 0 0 0 0 
0.788373 0.292179 0 0 0 0 
0.821553 0.28146 0 0 0 0 
0.821237 0.312538 0 0 0 0 
1 2 6
2 7 6
2 3 7
3 8 7
3 4 8
4 9 8
4 5 9
6 7 10
7 11 10
7 8 11
8 12 11
8 9 12
10 11 13
11 14 13
11 12 14
13 14 15
ZONE N=15, E=16, F=FEPOINT, ET=TRIANGLE
-0.75 0.149184 0 0 0 0 
-0.775953 0.157167 0 0 0 0 
-0.801906 0.16515 0 0 0 0 
-0.827858 0.173133 0 0 0 0 
-0.853811 0.181116 0 0 0 0 
-0.78125 0.130536 0 0 0 0 
-0.807203 0.138519 0 0 0 0 
-0.833156 0.146502 0 0 0 0 
-0.859108 0.154485 0 0 0 0 
-0.8125 0.111888 0 0 0 0 
-0.838453 0.119871 0 0 0 0 
-0.864406 0.127854 0 0 0 0 
-0.84375 0.0932402 0 0 0 0 
-0.869703 0.101223 0 0 0 0 
-0.875 0.0745921 0 0 0 0 
1 2 6
2 7 6
2 3 7
3 8 7
3 4 8
4 9 8
4 5 9
6 7 10
7 11 10
7 8 11
8 12 11
8 9 12
10 11 13
11 14 13
11 12 14
13 14 15
ZONE N=15, E=16, F=FEPOINT, ET=TRIANGLE
0.0625 0.109397 0 0 0 0 
0.03125 0.113341 0 0 0 0 
-6.93889e-18 0.117285 0 0 0 0 
-0.03125 0.121229 0 0 0 0 
-0.0625 0.125173 0 0 0 0 
0.046875 0.0820475 0 0 0 0 
0.015625 0.0859915 0 0 0 0 
-0.015625 0.0899356 0 0 0 0 
-0.046875 0.0938796 0 0 0 0 
0.03125 0.0546983 0 0 0 0 
-3.46945e-18 0.0586424 0 0 0 0 
-0.03125 0.0625864 0 0 0 0 
0.015625 0.0273492 0 0 0 0 
-0.015625 0.0312932 0 0 0 0 
0 0 0 0 0 0 
1 2 6
2 7 6
2 3 7
3 8 7
3 4 8
4 9 8
4 5 9
6 7 10
7 11 10
7 8 11
8 12 11
8 9 12
10 11 13
11 14 13
11 12 14
13 14 15
ZONE N=15, E=16, F=FEPOINT, ET=TRIANGLE
-0.0165269 0.250907 0 0 0 0 
-0.0217545 0.284432 0 0 0 0 
-0.0269821 0.317958 0 0 0 0 
-0.0322097 0.351484 0 0 0 0 
-0.0374373 0.38501 0 0 0 0 
-0.0389991 0.268076 0 0 0 0 
-0.0442267 0.301602 0 0 0 0 
-0.0494543 0.335127 0 0 0 0 
-0.0546819 0.368653 0 0 0 0 
-0.0614713 0.285245 0 0 0 0 
-0.0666989 0.318771 0 0 0 0 
-0.0719265 0.352296 0 0 0 0 
-0.0839434 0.302414 0 0 0 0 
-0.089171 0.33594 0 0 0 0 
-0.106416 0.319583 0 0 0 0 
1 2 6
2 7 6
2 3 7
3 8 7
3 4 8
4 9 8
4 5 9
6 7 10
7 11 10
7 8 11
8 12 11
8 9 12
10 11 13
11 14 13
11 12 14
13 14 15
ZONE N=15, E=16, F=FEPOINT, ET=TRIANGLE
-0.875 0.0745921 0 0 0 0 
-0.869703 0.101223 0 0 0 0 
-0.864406 0.127854 0 0 0 0 
-0.859108 0.154485 0 0 0 0 
-0.853811 0.181116 0 0 0 0 
-0.901446 0.104717 0 0 0 0 
-0.896149 0.131348 0 0 0 0 
-0.890852 0.157979 0 0 0 0 
-0.885555 0.18461 0 0 0 0 
-0.927893 0.134841 0 0 0 0 
-0.922595 0.161472 0 0 0 0 
-0.917298 0.188103 0 0 0 0 
-0.954339 0.164966 0 0 0 0 
-0.949042 0.191597 0 0 0 0 
-0.980785 0.19509 0 0 0 0 
1 2 6
2 7 6
2 3 7
3 8 7
3 4 8
4 9 8
4 5 9
6 7 10
7 11 10
7 8 11
8 12 11
8 9 12
10 11 13
11 14 13
11 12 14
13 14 15
ZONE N=15, E=16, F=FEPOINT, ET=TRIANGLE
-0.624378 -0.0283888 0 0 0 0 
-0.620596 0.00395505 0 0 0 0 
-0.616814 0.0362989 0 0 0 0 
-0.613031 0.0686428 0 0 0 0 
-0.609249 0.100987 0 0 0 0 
-0.642292 -0.00200118 0 0 0 0 
-0.63851 0.0303427 0 0 0 0 
-0.634728 0.0626866 0 0 0 0 
-0.630946 0.0950305 0 0 0 0 
-0.660207 0.0243865 0 0 0 0 
-0.656424 0.0567303 0 0 0 0 
-0.652642 0.0890742 0 0 0 0 
-0.678121 0.0507741 0 0 0 0 
-0.674339 0.083118 0 0 0 0 
-0.696035 0.0771617 0 0 0 0 
1 2 6
2 7 6
2 3 7
3 8 7
3 4 8
4 9 8
4 5 9
6 7 10
7 11 10
7 8 11
8 12 11
8 9 12
10 11 13
11 14 13
11 12 14
13 14 15
ZONE N=15, E=16, F=FEPOINT, ET=TRIANGLE
-0.462627 0.622925 0 0 0 0 
-0.441275 0.609099 0 0 0 0 
-0.419923 0.595273 0 0 0 0 
-0.39857 0.581446 0 0 0 0 
-0.377218 0.56762 0 0 0 0 
-0.427441 0.653854 0 0 0 0 
-0.406089 0.640028 0 0 0 0 
-0.384736 0.626201 0 0 0 0 
-0.363384 0.612375 0 0 0 0 
-0.392255 0.684783 0 0 0 0 
-0.370902 0.670957 0 0 0 0 
-0.34955 0.65713 0 0 0 0 
-0.357068 0.715712 0 0 0 0 
-0.335716 0.701885 0 0 0 0 
-0.321882 0.74664 0 0 0 0 
1 2 6
2 7 6
2 3 7
3 8 7
3 4 8
4 9 8
4 5 9
6 7 10
7 11 10
7 8 11
8 12 11
8 9 12
10 11 13
11 14 13
11 12 14
13 14 15
ZONE N=15, E=16, F=FEPOINT, ET=TRIANGLE
-0.853811 0.181116 0 0 0 0 
-0.879593 0.208408 0 0 0 0 
-0.905376 0.235701 0 0 0 0 
-0.931158 0.262993 0 0 0 0 
-0.95694 0.290285 0 0 0 0 
-0.885555 0.18461 0 0 0 0 
-0.911337 0.211902 0 0 0 0 
-0.937119 0.239194 0 0 0 0 
-0.962902 0.266486 0 0 0 0 
-0.917298 0.188103 0 0 0 0 
-0.94308 0.215395 0 0 0 0 
-0.968863 0.242687 0 0 0 0 
-0.949042 0.191597 0 0 0 0 
-0.974824 0.218889 0 0 0 0 
-0.980785 0.19509 0 0 0 0 
1 2 6
2 7 6
2 3 7
3 8 7
3 4 8
4 9 8
4 5 9
6 7 10
7 11 10
7 8 11
8 12 11
8 9 12
10 11 13
11 14 13
11 12 14
13 14 15
ZONE N=15, E=16, F=FEPOINT, ET=TRIANGLE
-0.558791 0.567226 0 0 0 0 
-0.588953 0.573275 0 0 0 0 
-0.619115 0.579324 0 0 0 0 
-0.649277 0.585372 0 0 0 0 
-0.679439 0.591421 0 0 0 0 
-0.576849 0.546113 0 0 0 0 
-0.607011 0.552161 0 0 0 0 
-0.637173 0.55821 0 0 0 0 
-0.667335 0.564259 0 0 0 0 
-0.594907 0.524999 0 0 0 0 
-0.625069 0.531048 0 0 0 0 
-0.655231 0.537097 0 0 0 0 
-0.612965 0.503886 0 0 0 0 
-0.643127 0.509935 0 0 0 0 
-0.631023 0.482773 0 0 0 0 
1 2 6
2 7 6
2 3 7
3 8 7
3 4 8
4 9 8
4 5 9
6 7 10
7 11 10
7 8 11
8 12 11
8 9 12
10 11 13
11 14 13
11 12 14
13 14 15
ZONE N=15, E=16, F=FEPOINT, ET=TRIANGLE
-0.95694 0.290285 0 0 0 0 
-0.931158 0.262993 0 0 0 0 
-0.905376 0.235701 0 0 0 0 
-0.879593 0.208408 0 0 0 0 
-0.853811 0.181116 0 0 0 0 
-0.930023 0.297242 0 0 0 0 
-0.90424 0.26995 0 0 0 0 
-0.878458 0.242658 0 0 0 0 
-0.852676 0.215366 0 0 0 0 
-0.903105 0.3042 0 0 0 0 
-0.877323 0.276908 0 0 0 0 
-0.85154 0.249615 0 0 0 0 
-0.876187 0.311157 0 0 0 0 
-0.850405 0.283865 0 0 0 0 
-0.84927 0.318115 0 0 0 0 
1 2 6
2 7 6
2 3 7
3 8 7
3 4 8
4 9 8
4 5 9
6 7 10
7 11 10
7 8 11
8 12 11
8 9 12
10 11 13
11 14 13
11 12 14
13 14 15
ZONE N=15, E=16, F=FEPOINT, ET=TRIANGLE
-0.81821 0.429394 0 0 0 0 
-0.825975 0.401574 0 0 0 0 
-0.83374 0.373754 0 0 0 0 
-0.841505 0.345934 0 0 0 0 
-0.84927 0.318115 0 0 0 0 
-0.801479 0.404475 0 0 0 0 
-0.809244 0.376655 0 0 0 0 
-0.817009 0.348835 0 0 0 0 
-0.824773 0.321016 0 0 0 0 
-0.784748 0.379556 0 0 0 0 
-0.792512 0.351736 0 0 0 0 
-0.800277 0.323917 0 0 0 0 
-0.768016 0.354637 0 0 0 0 
-0.775781 0.326818 0 0 0 0 
-0.751285 0.329719 0 0 0 0 
1 2 6
2 7 6
2 3 7
3 8 7
3 4 8
4 9 8
4 5 9
6 7 10
7 11 10
7 8 11
8 12 11
8 9 12
10 11 13
11 14 13
11 12 14
13 14 15
ZONE N=15, E=16, F=FEPOINT, ET=TRIANGLE
-0.732911 0.48517 0 0 0 0 
-0.757551 0.50277 0 0 0 0 
-0.78219 0.52037 0 0 0 0 
-0.80683 0.53797 0 0 0 0 
-0.83147 0.55557 0 0 0 0 
-0.754236 0.471226 0 0 0 0 
-0.778876 0.488826 0 0 0 0 
-0.803515 0.506426 0 0 0 0 
-0.828155 0.524026 0 0 0 0 
-0.775561 0.457282 0 0 0 0 
-0.8002 0.474882 0 0 0 0 
-0.82484 0.492482 0 0 0 0 
-0.796886 0.443338 0 0 0 0 
-0.821525 0.460938 0 0 0 0 
-0.81821 0.429394 0 0 0 0 
1 2 6
2 7 6
2 3 7
3 8 7
3 4 8
4 9 8
4 5 9
6 7 10
7 11 10
7 8 11
8 12 11
8 9 12
10 11 13
11 14 13
11 12 14
13 14 15
ZONE N=15, E=16, F=FEPOINT, ET=TRIANGLE
-0.732911 0.48517 0 0 0 0 
-0.737504 0.446307 0 0 0 0 
-0.742098 0.407444 0 0 0 0 
-0.746691 0.368581 0 0 0 0 
-0.751285 0.329719 0 0 0 0 
-0.709094 0.454927 0 0 0 0 
-0.713688 0.416065 0 0 0 0 
-0.718281 0.377202 0 0 0 0 
-0.722874 0.338339 0 0 0 0 
-0.685277 0.424685 0 0 0 0 
-0.689871 0.385822 0 0 0 0 
-0.694464 0.34696 0 0 0 0 
-0.661461 0.394443 0 0 0 0 
-0.666054 0.35558 0 0 0 0 
-0.637644 0.3642 0 0 0 0 
1 2 6
2 7 6
2 3 7
3 8 7
3 4 8
4 9 8
4 5 9
6 7 10
7 11 10
7 8 11
8 12 11
8 9 12
10 11 13
11 14 13
11 12 14
13 14 15
ZONE N=15, E=16, F=FEPOINT, ET=TRIANGLE
-0.637644 0.3642 0 0 0 0 
-0.666054 0.35558 0 0 0 0 
-0.694464 0.34696 0 0 0 0 
-0.722874 0.338339 0 0 0 0 
-0.751285 0.329719 0 0 0 0 
-0.643741 0.333171 0 0 0 0 
-0.672152 0.32455 0 0 0 0 
-0.700562 0.31593 0 0 0 0 
-0.728972 0.307309 0 0 0 0 
-0.649839 0.302141 0 0 0 0 
-0.678249 0.293521 0 0 0 0 
-0.70666 0.2849 0 0 0 0 
-0.655937 0.271112 0 0 0 0 
-0.684347 0.262491 0 0 0 0 
-0.662034 0.240082 0 0 0 0 
1 2 6
2 7 6
2 3 7
3 8 7
3 4 8
4 9 8
4 5 9
6 7 10
7 11 10
7 8 11
8 12 11
8 9 12
10 11 13
11 14 13
11 12 14
13 14 15
ZONE N=15, E=16, F=FEPOINT, ET=TRIANGLE
-0.558791 0.567226 0 0 0 0 
-0.53541 0.554575 0 0 0 0 
-0.512029 0.541923 0 0 0 0 
-0.488647 0.529272 0 0 0 0 
-0.465266 0.516621 0 0 0 0 
-0.53475 0.581151 0 0 0 0 
-0.511369 0.568499 0 0 0 0 
-0.487988 0.555848 0 0 0 0 
-0.464607 0.543197 0 0 0 0 
-0.510709 0.595076 0 0 0 0 
-0.487328 0.582424 0 0 0 0 
-0.463947 0.569773 0 0 0 0 
-0.486668 0.609001 0 0 0 0 
-0.463287 0.596349 0 0 0 0 
-0.462627 0.622925 0 0 0 0 
1 2 6
2 7 6
2 3 7
3 8 7
3 4 8
4 9 8
4 5 9
6 7 10
7 11 10
7 8 11
8 12 11
8 9 12
10 11 13
11 14 13
11 12 14
13 14 15
ZONE N=15, E=16, F=FEPOINT, ET=TRIANGLE
-0.81821 0.429394 0 0 0 0 
-0.801479 0.404475 0 0 0 0 
-0.784748 0.379556 0 0 0 0 
-0.768016 0.354637 0 0 0 0 
-0.751285 0.329719 0 0 0 0 
-0.796886 0.443338 0 0 0 0 
-0.780154 0.418419 0 0 0 0 
-0.763423 0.3935 0 0 0 0 
-0.746691 0.368581 0 0 0 0 
-0.775561 0.457282 0 0 0 0 
-0.758829 0.432363 0 0 0 0 
-0.742098 0.407444 0 0 0 0 
-0.754236 0.471226 0 0 0 0 
-0.737504 0.446307 0 0 0 0 
-0.732911 0.48517 0 0 0 0 
1 2 6
2 7 6
2 3 7
3 8 7
3 4 8
4 9 8
4 5 9
6 7 10
7 11 10
7 8 11
8 12 11
8 9 12
10 11 13
11 14 13
11 12 14
13 14 15
ZONE N=15, E=16, F=FEPOINT, ET=TRIANGLE
-0.631023 0.482773 0 0 0 0 
-0.643127 0.509935 0 0 0 0 
-0.655231 0.537097 0 0 0 0 
-0.667335 0.564259 0 0 0 0 
-0.679439 0.591421 0 0 0 0 
-0.656495 0.483372 0 0 0 0 
-0.668599 0.510534 0 0 0 0 
-0.680703 0.537696 0 0 0 0 
-0.692807 0.564858 0 0 0 0 
-0.681967 0.483971 0 0 0 0 
-0.694071 0.511133 0 0 0 0 
-0.706175 0.538296 0 0 0 0 
-0.707439 0.484571 0 0 0 0 
-0.719543 0.511733 0 0 0 0 
-0.732911 0.48517 0 0 0 0 
1 2 6
2 7 6
2 3 7
3 8 7
3 4 8
4 9 8
4 5 9
6 7 10
7 11 10
7 8 11
8 12 11
8 9 12
10 11 13
11 14 13
11 12 14
13 14 15
ZONE N=15, E=16, F=FEPOINT, ET=TRIANGLE
-0.462627 0.622925 0 0 0 0 
-0.457676 0.654823 0 0 0 0 
-0.452724 0.686721 0 0 0 0 
-0.447772 0.718619 0 0 0 0 
-0.442821 0.750516 0 0 0 0 
-0.488712 0.640246 0 0 0 0 
-0.483761 0.672143 0 0 0 0 
-0.478809 0.704041 0 0 0 0 
-0.473858 0.735939 0 0 0 0 
-0.514798 0.657566 0 0 0 0 
-0.509846 0.689463 0 0 0 0 
-0.504895 0.721361 0 0 0 0 
-0.540883 0.674886 0 0 0 0 
-0.535932 0.706784 0 0 0 0 
-0.566968 0.692206 0 0 0 0 
1 2 6
2 7 6
2 3 7
3 8 7
3 4 8
4 9 8
4 5 9
6 7 10
7 11 10
7 8 11
8 12 11
8 9 12
10 11 13
11 14 13
11 12 14
13 14 15
ZONE N=15, E=16, F=FEPOINT, ET=TRIANGLE
-0.707107 0.707107 0 0 0 0 
-0.738197 0.669223 0 0 0 0 
-0.769288 0.631339 0 0 0 0 
-0.800379 0.593454 0 0 0 0 
-0.83147 0.55557 0 0 0 0 
-0.70019 0.678185 0 0 0 0 
-0.731281 0.640301 0 0 0 0 
-0.762371 0.602417 0 0 0 0 
-0.793462 0.564533 0 0 0 0 
-0.693273 0.649264 0 0 0 0 
-0.724364 0.61138 0 0 0 0 
-0.755454 0.573496 0 0 0 0 
-0.686356 0.620343 0 0 0 0 
-0.717447 0.582459 0 0 0 0 
-0.679439 0.591421 0 0 0 0 
1 2 6
2 7 6
2 3 7
3 8 7
3 4 8
4 9 8
4 5 9
6 7 10
7 11 10
7 8 11
8 12 11
8 9 12
10 11 13
11 14 13
11 12 14
13 14 15
ZONE N=15, E=16, F=FEPOINT, ET=TRIANGLE
-0.465266 0.516621 0 0 0 0 
-0.481762 0.491705 0 0 0 0 
-0.498258 0.46679 0 0 0 0 
-0.514754 0.441874 0 0 0 0 
-0.531249 0.416959 0 0 0 0 
-0.451942 0.493617 0 0 0 0 
-0.468438 0.468701 0 0 0 0 
-0.484934 0.443786 0 0 0 0 
-0.501429 0.41887 0 0 0 0 
-0.438618 0.470613 0 0 0 0 
-0.455113 0.445697 0 0 0 0 
-0.471609 0.420782 0 0 0 0 
-0.425293 0.447608 0 0 0 0 
-0.441789 0.422693 0 0 0 0 
-0.411969 0.424604 0 0 0 0 
1 2 6
2 7 6
2 3 7
3 8 7
3 4 8
4 9 8
4 5 9
6 7 10
7 11 10
7 8 11
8 12 11
8 9 12
10 11 13
11 14 13
11 12 14
13 14 15
ZONE N=15, E=16, F=FEPOINT, ET=TRIANGLE
-0.465266 0.516621 0 0 0 0 
-0.443254 0.529371 0 0 0 0 
-0.421242 0.54212 0 0 0 0 
-0.39923 0.55487 0 0 0 0 
-0.377218 0.56762 0 0 0 0 
-0.464607 0.543197 0 0 0 0 
-0.442595 0.555947 0 0 0 0 
-0.420583 0.568696 0 0 0 0 
-0.39857 0.581446 0 0 0 0 
-0.463947 0.569773 0 0 0 0 
-0.441935 0.582523 0 0 0 0 
-0.419923 0.595273 0 0 0 0 
-0.463287 0.596349 0 0 0 0 
-0.441275 0.609099 0 0 0 0 
-0.462627 0.622925 0 0 0 0 
1 2 6
2 7 6
2 3 7
3 8 7
3 4 8
4 9 8
4 5 9
6 7 10
7 11 10
7 8 11
8 12 11
8 9 12
10 11 13
11 14 13
11 12 14
13 14 15
ZONE N=15, E=16, F=FEPOINT, ET=TRIANGLE
-0.325956 0.844291 0 0 0 0 
-0.362316 0.853699 0 0 0 0 
-0.398676 0.863106 0 0 0 0 
-0.435037 0.872514 0 0 0 0 
-0.471397 0.881921 0 0 0 0 
-0.355172 0.820848 0 0 0 0 
-0.391532 0.830255 0 0 0 0 
-0.427893 0.839663 0 0 0 0 
-0.464253 0.84907 0 0 0 0 
-0.384388 0.797404 0 0 0 0 
-0.420749 0.806811 0 0 0 0 
-0.457109 0.816219 0 0 0 0 
-0.413605 0.77396 0 0 0 0 
-0.449965 0.783368 0 0 0 0 
-0.442821 0.750516 0 0 0 0 
1 2 6
2 7 6
2 3 7
3 8 7
3 4 8
4 9 8
4 5 9
6 7 10
7 11 10
7 8 11
8 12 11
8 9 12
10 11 13
11 14 13
11 12 14
13 14 15
ZONE N=15, E=16, F=FEPOINT, ET=TRIANGLE
-0.566968 0.692206 0 0 0 0 
-0.564924 0.660961 0 0 0 0 
-0.56288 0.629716 0 0 0 0 
-0.560835 0.598471 0 0 0 0 
-0.558791 0.567226 0 0 0 0 
-0.540883 0.674886 0 0 0 0 
-0.538839 0.643641 0 0 0 0 
-0.536794 0.612396 0 0 0 0 
-0.53475 0.581151 0 0 0 0 
-0.514798 0.657566 0 0 0 0 
-0.512753 0.626321 0 0 0 0 
-0.510709 0.595076 0 0 0 0 
-0.488712 0.640246 0 0 0 0 
-0.486668 0.609001 0 0 0 0 
-0.462627 0.622925 0 0 0 0 
1 2 6
2 7 6
2 3 7
3 8 7
3 4 8
4 9 8
4 5 9
6 7 10
7 11 10
7 8 11
8 12 11
8 9 12
10 11 13
11 14 13
11 12 14
13 14 15
ZONE N=15, E=16, F=FEPOINT, ET=TRIANGLE
-0.871185 -0.0738333 0 0 0 0 
-0.898585 -0.104148 0 0 0 0 
-0.925985 -0.134462 0 0 0 0 
-0.953385 -0.164776 0 0 0 0 
-0.980785 -0.19509 0 0 0 0 
-0.866138 -0.101181 0 0 0 0 
-0.893538 -0.131495 0 0 0 0 
-0.920938 -0.16181 0 0 0 0 
-0.948339 -0.192124 0 0 0 0 
-0.861092 -0.128529 0 0 0 0 
-0.888492 -0.158843 0 0 0 0 
-0.915892 -0.189157 0 0 0 0 
-0.856045 -0.155877 0 0 0 0 
-0.883445 -0.186191 0 0 0 0 
-0.850998 -0.183224 0 0 0 0 
1 2 6
2 7 6
2 3 7
3 8 7
3 4 8
4 9 8
4 5 9
6 7 10
7 11 10
7 8 11
8 12 11
8 9 12
10 11 13
11 14 13
11 12 14
13 14 15
ZONE N=15, E=16, F=FEPOINT, ET=TRIANGLE
-0.871185 -0.0738333 0 0 0 0 
-0.902185 -0.0798792 0 0 0 0 
-0.933185 -0.0859252 0 0 0 0 
-0.964185 -0.0919712 0 0 0 0 
-0.995185 -0.0980171 0 0 0 0 
-0.898585 -0.104148 0 0 0 0 
-0.929585 -0.110194 0 0 0 0 
-0.960585 -0.116239 0 0 0 0 
-0.991585 -0.122285 0 0 0 0 
-0.925985 -0.134462 0 0 0 0 
-0.956985 -0.140508 0 0 0 0 
-0.987985 -0.146554 0 0 0 0 
-0.953385 -0.164776 0 0 0 0 
-0.984385 -0.170822 0 0 0 0 
-0.980785 -0.19509 0 0 0 0 
1 2 6
2 7 6
2 3 7
3 8 7
3 4 8
4 9 8
4 5 9
6 7 10
7 11 10
7 8 11
8 12 11
8 9 12
10 11 13
11 14 13
11 12 14
13 14 15
ZONE N=15, E=16, F=FEPOINT, ET=TRIANGLE
-0.558791 0.567226 0 0 0 0 
-0.551905 0.529659 0 0 0 0 
-0.54502 0.492092 0 0 0 0 
-0.538135 0.454525 0 0 0 0 
-0.531249 0.416959 0 0 0 0 
-0.53541 0.554575 0 0 0 0 
-0.528524 0.517008 0 0 0 0 
-0.521639 0.479441 0 0 0 0 
-0.514754 0.441874 0 0 0 0 
-0.512029 0.541923 0 0 0 0 
-0.505143 0.504357 0 0 0 0 
-0.498258 0.46679 0 0 0 0 
-0.488647 0.529272 0 0 0 0 
-0.481762 0.491705 0 0 0 0 
-0.465266 0.516621 0 0 0 0 
1 2 6
2 7 6
2 3 7
3 8 7
3 4 8
4 9 8
4 5 9
6 7 10
7 11 10
7 8 11
8 12 11
8 9 12
10 11 13
11 14 13
11 12 14
13 14 15
ZONE N=15, E=16, F=FEPOINT, ET=TRIANGLE
-0.325956 0.844291 0 0 0 0 
-0.355172 0.820848 0 0 0 0 
-0.384388 0.797404 0 0 0 0 
-0.413605 0.77396 0 0 0 0 
-0.442821 0.750516 0 0 0 0 
-0.324938 0.819879 0 0 0 0 
-0.354154 0.796435 0 0 0 0 
-0.38337 0.772991 0 0 0 0 
-0.412586 0.749547 0 0 0 0 
-0.323919 0.795466 0 0 0 0 
-0.353135 0.772022 0 0 0 0 
-0.382351 0.748578 0 0 0 0 
-0.322901 0.771053 0 0 0 0 
-0.352117 0.747609 0 0 0 0 
-0.321882 0.74664 0 0 0 0 
1 2 6
2 7 6
2 3 7
3 8 7
3 4 8
4 9 8
4 5 9
6 7 10
7 11 10
7 8 11
8 12 11
8 9 12
10 11 13
11 14 13
11 12 14
13 14 15
ZONE N=15, E=16, F=FEPOINT, ET=TRIANGLE
-0.411969 0.424604 0 0 0 0 
-0.441789 0.422693 0 0 0 0 
-0.471609 0.420782 0 0 0 0 
-0.501429 0.41887 0 0 0 0 
-0.531249 0.416959 0 0 0 0 
-0.417047 0.397971 0 0 0 0 
-0.446868 0.396059 0 0 0 0 
-0.476688 0.394148 0 0 0 0 
-0.506508 0.392237 0 0 0 0 
-0.422126 0.371337 0 0 0 0 
-0.451946 0.369426 0 0 0 0 
-0.481766 0.367514 0 0 0 0 
-0.427205 0.344704 0 0 0 0 
-0.457025 0.342792 0 0 0 0 
-0.432283 0.31807 0 0 0 0 
1 2 6
2 7 6
2 3 7
3 8 7
3 4 8
4 9 8
4 5 9
6 7 10
7 11 10
7 8 11
8 12 11
8 9 12
10 11 13
11 14 13
11 12 14
13 14 15
ZONE N=15, E=16, F=FEPOINT, ET=TRIANGLE
-0.566968 0.692206 0 0 0 0 
-0.564119 0.727022 0 0 0 0 
-0.561269 0.761838 0 0 0 0 
-0.55842 0.796654 0 0 0 0 
-0.55557 0.83147 0 0 0 0 
-0.602003 0.695931 0 0 0 0 
-0.599154 0.730747 0 0 0 0 
-0.596304 0.765563 0 0 0 0 
-0.593454 0.800379 0 0 0 0 
-0.637038 0.699656 0 0 0 0 
-0.634188 0.734472 0 0 0 0 
-0.631339 0.769288 0 0 0 0 
-0.672072 0.703382 0 0 0 0 
-0.669223 0.738197 0 0 0 0 
-0.707107 0.707107 0 0 0 0 
1 2 6
2 7 6
2 3 7
3 8 7
3 4 8
4 9 8
4 5 9
6 7 10
7 11 10
7 8 11
8 12 11
8 9 12
10 11 13
11 14 13
11 12 14
13 14 15
ZONE N=15, E=16, F=FEPOINT, ET=TRIANGLE
-0.631023 0.482773 0 0 0 0 
-0.60608 0.466319 0 0 0 0 
-0.581136 0.449866 0 0 0 0 
-0.556193 0.433412 0 0 0 0 
-0.531249 0.416959 0 0 0 0 
-0.612965 0.503886 0 0 0 0 
-0.588021 0.487433 0 0 0 0 
-0.563078 0.470979 0 0 0 0 
-0.538135 0.454525 0 0 0 0 
-0.594907 0.524999 0 0 0 0 
-0.569963 0.508546 0 0 0 0 
-0.54502 0.492092 0 0 0 0 
-0.576849 0.546113 0 0 0 0 
-0.551905 0.529659 0 0 0 0 
-0.558791 0.567226 0 0 0 0 
1 2 6
2 7 6
2 3 7
3 8 7
3 4 8
4 9 8
4 5 9
6 7 10
7 11 10
7 8 11
8 12 11
8 9 12
10 11 13
11 14 13
11 12 14
13 14 15
ZONE N=15, E=16, F=FEPOINT, ET=TRIANGLE
-0.377218 0.56762 0 0 0 0 
-0.385906 0.531866 0 0 0 0 
-0.394594 0.496112 0 0 0 0 
-0.403281 0.460358 0 0 0 0 
-0.411969 0.424604 0 0 0 0 
-0.360113 0.540943 0 0 0 0 
-0.368801 0.505189 0 0 0 0 
-0.377488 0.469435 0 0 0 0 
-0.386176 0.433681 0 0 0 0 
-0.343008 0.514266 0 0 0 0 
-0.351696 0.478513 0 0 0 0 
-0.360383 0.442759 0 0 0 0 
-0.325903 0.48759 0 0 0 0 
-0.33459 0.451836 0 0 0 0 
-0.308798 0.460913 0 0 0 0 
1 2 6
2 7 6
2 3 7
3 8 7
3 4 8
4 9 8
4 5 9
6 7 10
7 11 10
7 8 11
8 12 11
8 9 12
10 11 13
11 14 13
11 12 14
13 14 15
ZONE N=15, E=16, F=FEPOINT, ET=TRIANGLE
-0.732911 0.48517 0 0 0 0 
-0.709094 0.454927 0 0 0 0 
-0.685277 0.424685 0 0 0 0 
-0.661461 0.394443 0 0 0 0 
-0.637644 0.3642 0 0 0 0 
-0.707439 0.484571 0 0 0 0 
-0.683622 0.454328 0 0 0 0 
-0.659805 0.424086 0 0 0 0 
-0.635989 0.393844 0 0 0 0 
-0.681967 0.483971 0 0 0 0 
-0.65815 0.453729 0 0 0 0 
-0.634333 0.423487 0 0 0 0 
-0.656495 0.483372 0 0 0 0 
-0.632678 0.45313 0 0 0 0 
-0.631023 0.482773 0 0 0 0 
1 2 6
2 7 6
2 3 7
3 8 7
3 4 8
4 9 8
4 5 9
6 7 10
7 11 10
7 8 11
8 12 11
8 9 12
10 11 13
11 14 13
11 12 14
13 14 15
ZONE N=15, E=16, F=FEPOINT, ET=TRIANGLE
-0.637644 0.3642 0 0 0 0 
-0.611045 0.37739 0 0 0 0 
-0.584447 0.39058 0 0 0 0 
-0.557848 0.403769 0 0 0 0 
-0.531249 0.416959 0 0 0 0 
-0.635989 0.393844 0 0 0 0 
-0.60939 0.407033 0 0 0 0 
-0.582791 0.420223 0 0 0 0 
-0.556193 0.433412 0 0 0 0 
-0.634333 0.423487 0 0 0 0 
-0.607735 0.436676 0 0 0 0 
-0.581136 0.449866 0 0 0 0 
-0.632678 0.45313 0 0 0 0 
-0.60608 0.466319 0 0 0 0 
-0.631023 0.482773 0 0 0 0 
1 2 6
2 7 6
2 3 7
3 8 7
3 4 8
4 9 8
4 5 9
6 7 10
7 11 10
7 8 11
8 12 11
8 9 12
10 11 13
11 14 13
11 12 14
13 14 15
ZONE N=15, E=16, F=FEPOINT, ET=TRIANGLE
-0.323513 0.352534 0 0 0 0 
-0.350705 0.343918 0 0 0 0 
-0.377898 0.335302 0 0 0 0 
-0.40509 0.326686 0 0 0 0 
-0.432283 0.31807 0 0 0 0 
-0.332479 0.325454 0 0 0 0 
-0.359671 0.316839 0 0 0 0 
-0.386864 0.308223 0 0 0 0 
-0.414056 0.299607 0 0 0 0 
-0.341445 0.298375 0 0 0 0 
-0.368637 0.289759 0 0 0 0 
-0.39583 0.281144 0 0 0 0 
-0.350411 0.271296 0 0 0 0 
-0.377603 0.26268 0 0 0 0 
-0.359377 0.244217 0 0 0 0 
1 2 6
2 7 6
2 3 7
3 8 7
3 4 8
4 9 8
4 5 9
6 7 10
7 11 10
7 8 11
8 12 11
8 9 12
10 11 13
11 14 13
11 12 14
13 14 15
ZONE N=15, E=16, F=FEPOINT, ET=TRIANGLE
-0.308798 0.460913 0 0 0 0 
-0.274884 0.442511 0 0 0 0 
-0.240969 0.424109 0 0 0 0 
-0.207055 0.405707 0 0 0 0 
-0.173141 0.387306 0 0 0 0 
-0.280355 0.470839 0 0 0 0 
-0.246441 0.452438 0 0 0 0 
-0.212527 0.434036 0 0 0 0 
-0.178613 0.415634 0 0 0 0 
-0.251913 0.480766 0 0 0 0 
-0.217999 0.462364 0 0 0 0 
-0.184085 0.443962 0 0 0 0 
-0.223471 0.490692 0 0 0 0 
-0.189557 0.47229 0 0 0 0 
-0.195028 0.500619 0 0 0 0 
1 2 6
2 7 6
2 3 7
3 8 7
3 4 8
4 9 8
4 5 9
6 7 10
7 11 10
7 8 11
8 12 11
8 9 12
10 11 13
11 14 13
11 12 14
13 14 15
ZONE N=15, E=16, F=FEPOINT, ET=TRIANGLE
-0.751285 0.329719 0 0 0 0 
-0.750963 0.284585 0 0 0 0 
-0.750642 0.239451 0 0 0 0 
-0.750321 0.194318 0 0 0 0 
-0.75 0.149184 0 0 0 0 
-0.728972 0.307309 0 0 0 0 
-0.728651 0.262176 0 0 0 0 
-0.72833 0.217042 0 0 0 0 
-0.728009 0.171909 0 0 0 0 
-0.70666 0.2849 0 0 0 0 
-0.706338 0.239767 0 0 0 0 
-0.706017 0.194633 0 0 0 0 
-0.684347 0.262491 0 0 0 0 
-0.684026 0.217358 0 0 0 0 
-0.662034 0.240082 0 0 0 0 
1 2 6
2 7 6
2 3 7
3 8 7
3 4 8
4 9 8
4 5 9
6 7 10
7 11 10
7 8 11
8 12 11
8 9 12
10 11 13
11 14 13
11 12 14
13 14 15
ZONE N=15, E=16, F=FEPOINT, ET=TRIANGLE
-0.562692 0.195951 0 0 0 0 
-0.536588 0.200158 0 0 0 0 
-0.510484 0.204364 0 0 0 0 
-0.48438 0.208571 0 0 0 0 
-0.458276 0.212777 0 0 0 0 
-0.556783 0.221723 0 0 0 0 
-0.530679 0.22593 0 0 0 0 
-0.504575 0.230136 0 0 0 0 
-0.478471 0.234343 0 0 0 0 
-0.550873 0.247495 0 0 0 0 
-0.524769 0.251702 0 0 0 0 
-0.498665 0.255908 0 0 0 0 
-0.544964 0.273267 0 0 0 0 
-0.51886 0.277473 0 0 0 0 
-0.539054 0.299039 0 0 0 0 
1 2 6
2 7 6
2 3 7
3 8 7
3 4 8
4 9 8
4 5 9
6 7 10
7 11 10
7 8 11
8 12 11
8 9 12
10 11 13
11 14 13
11 12 14
13 14 15
ZONE N=15, E=16, F=FEPOINT, ET=TRIANGLE
-0.149429 0.234798 0 0 0 0 
-0.150432 0.199196 0 0 0 0 
-0.151434 0.163594 0 0 0 0 
-0.152437 0.127992 0 0 0 0 
-0.153439 0.0923897 0 0 0 0 
-0.127697 0.207392 0 0 0 0 
-0.128699 0.17179 0 0 0 0 
-0.129702 0.136188 0 0 0 0 
-0.130704 0.100585 0 0 0 0 
-0.105965 0.179985 0 0 0 0 
-0.106967 0.144383 0 0 0 0 
-0.107969 0.108781 0 0 0 0 
-0.0842324 0.152579 0 0 0 0 
-0.0852347 0.116977 0 0 0 0 
-0.0625 0.125173 0 0 0 0 
1 2 6
2 7 6
2 3 7
3 8 7
3 4 8
4 9 8
4 5 9
6 7 10
7 11 10
7 8 11
8 12 11
8 9 12
10 11 13
11 14 13
11 12 14
13 14 15
ZONE N=15, E=16, F=FEPOINT, ET=TRIANGLE
-0.531249 0.416959 0 0 0 0 
-0.533201 0.387479 0 0 0 0 
-0.535152 0.357999 0 0 0 0 
-0.537103 0.328519 0 0 0 0 
-0.539054 0.299039 0 0 0 0 
-0.506508 0.392237 0 0 0 0 
-0.508459 0.362757 0 0 0 0 
-0.51041 0.333277 0 0 0 0 
-0.512361 0.303797 0 0 0 0 
-0.481766 0.367514 0 0 0 0 
-0.483717 0.338034 0 0 0 0 
-0.485668 0.308554 0 0 0 0 
-0.457025 0.342792 0 0 0 0 
-0.458976 0.313312 0 0 0 0 
-0.432283 0.31807 0 0 0 0 
1 2 6
2 7 6
2 3 7
3 8 7
3 4 8
4 9 8
4 5 9
6 7 10
7 11 10
7 8 11
8 12 11
8 9 12
10 11 13
11 14 13
11 12 14
13 14 15
ZONE N=15, E=16, F=FEPOINT, ET=TRIANGLE
-0.465266 0.516621 0 0 0 0 
-0.451942 0.493617 0 0 0 0 
-0.438618 0.470613 0 0 0 0 
-0.425293 0.447608 0 0 0 0 
-0.411969 0.424604 0 0 0 0 
-0.443254 0.529371 0 0 0 0 
-0.42993 0.506366 0 0 0 0 
-0.416606 0.483362 0 0 0 0 
-0.403281 0.460358 0 0 0 0 
-0.421242 0.54212 0 0 0 0 
-0.407918 0.519116 0 0 0 0 
-0.394594 0.496112 0 0 0 0 
-0.39923 0.55487 0 0 0 0 
-0.385906 0.531866 0 0 0 0 
-0.377218 0.56762 0 0 0 0 
1 2 6
2 7 6
2 3 7
3 8 7
3 4 8
4 9 8
4 5 9
6 7 10
7 11 10
7 8 11
8 12 11
8 9 12
10 11 13
11 14 13
11 12 14
13 14 15
ZONE N=15, E=16, F=FEPOINT, ET=TRIANGLE
-0.377218 0.56762 0 0 0 0 
-0.351788 0.566988 0 0 0 0 
-0.326358 0.566357 0 0 0 0 
-0.300928 0.565726 0 0 0 0 
-0.275498 0.565094 0 0 0 0 
-0.350394 0.591519 0 0 0 0 
-0.324964 0.590888 0 0 0 0 
-0.299534 0.590257 0 0 0 0 
-0.274104 0.589625 0 0 0 0 
-0.32357 0.615419 0 0 0 0 
-0.29814 0.614787 0 0 0 0 
-0.27271 0.614156 0 0 0 0 
-0.296746 0.639318 0 0 0 0 
-0.271316 0.638687 0 0 0 0 
-0.269921 0.663218 0 0 0 0 
1 2 6
2 7 6
2 3 7
3 8 7
3 4 8
4 9 8
4 5 9
6 7 10
7 11 10
7 8 11
8 12 11
8 9 12
10 11 13
11 14 13
11 12 14
13 14 15
ZONE N=15, E=16, F=FEPOINT, ET=TRIANGLE
-0.195028 0.500619 0 0 0 0 
-0.172316 0.488426 0 0 0 0 
-0.149603 0.476233 0 0 0 0 
-0.12689 0.46404 0 0 0 0 
-0.104178 0.451848 0 0 0 0 
-0.171916 0.512036 0 0 0 0 
-0.149204 0.499843 0 0 0 0 
-0.126491 0.48765 0 0 0 0 
-0.103778 0.475458 0 0 0 0 
-0.148804 0.523453 0 0 0 0 
-0.126091 0.511261 0 0 0 0 
-0.103379 0.499068 0 0 0 0 
-0.125692 0.534871 0 0 0 0 
-0.102979 0.522678 0 0 0 0 
-0.10258 0.546288 0 0 0 0 
1 2 6
2 7 6
2 3 7
3 8 7
3 4 8
4 9 8
4 5 9
6 7 10
7 11 10
7 8 11
8 12 11
8 9 12
10 11 13
11 14 13
11 12 14
13 14 15
ZONE N=15, E=16, F=FEPOINT, ET=TRIANGLE
-0.105625 0.880116 0 0 0 0 
-0.136338 0.869394 0 0 0 0 
-0.16705 0.858673 0 0 0 0 
-0.197763 0.847952 0 0 0 0 
-0.228476 0.837231 0 0 0 0 
-0.10109 0.85084 0 0 0 0 
-0.131802 0.840118 0 0 0 0 
-0.162515 0.829397 0 0 0 0 
-0.193227 0.818676 0 0 0 0 
-0.0965541 0.821564 0 0 0 0 
-0.127267 0.810842 0 0 0 0 
-0.157979 0.800121 0 0 0 0 
-0.0920185 0.792288 0 0 0 0 
-0.122731 0.781566 0 0 0 0 
-0.0874829 0.763012 0 0 0 0 
1 2 6
2 7 6
2 3 7
3 8 7
3 4 8
4 9 8
4 5 9
6 7 10
7 11 10
7 8 11
8 12 11
8 9 12
10 11 13
11 14 13
11 12 14
13 14 15
ZONE N=15, E=16, F=FEPOINT, ET=TRIANGLE
-0.75 0.149184 0 0 0 0 
-0.714812 0.137135 0 0 0 0 
-0.679625 0.125085 0 0 0 0 
-0.644437 0.113036 0 0 0 0 
-0.609249 0.100987 0 0 0 0 
-0.728009 0.171909 0 0 0 0 
-0.692821 0.159859 0 0 0 0 
-0.657633 0.14781 0 0 0 0 
-0.622446 0.135761 0 0 0 0 
-0.706017 0.194633 0 0 0 0 
-0.67083 0.182584 0 0 0 0 
-0.635642 0.170534 0 0 0 0 
-0.684026 0.217358 0 0 0 0 
-0.648838 0.205308 0 0 0 0 
-0.662034 0.240082 0 0 0 0 
1 2 6
2 7 6
2 3 7
3 8 7
3 4 8
4 9 8
4 5 9
6 7 10
7 11 10
7 8 11
8 12 11
8 9 12
10 11 13
11 14 13
11 12 14
13 14 15
ZONE N=15, E=16, F=FEPOINT, ET=TRIANGLE
-0.662034 0.240082 0 0 0 0 
-0.648838 0.205308 0 0 0 0 
-0.635642 0.170534 0 0 0 0 
-0.622446 0.135761 0 0 0 0 
-0.609249 0.100987 0 0 0 0 
-0.637199 0.229049 0 0 0 0 
-0.624003 0.194275 0 0 0 0 
-0.610806 0.159502 0 0 0 0 
-0.59761 0.124728 0 0 0 0 
-0.612363 0.218017 0 0 0 0 
-0.599167 0.183243 0 0 0 0 
-0.585971 0.148469 0 0 0 0 
-0.587528 0.206984 0 0 0 0 
-0.574332 0.17221 0 0 0 0 
-0.562692 0.195951 0 0 0 0 
1 2 6
2 7 6
2 3 7
3 8 7
3 4 8
4 9 8
4 5 9
6 7 10
7 11 10
7 8 11
8 12 11
8 9 12
10 11 13
11 14 13
11 12 14
13 14 15
ZONE N=15, E=16, F=FEPOINT, ET=TRIANGLE
-0.637644 0.3642 0 0 0 0 
-0.643741 0.333171 0 0 0 0 
-0.649839 0.302141 0 0 0 0 
-0.655937 0.271112 0 0 0 0 
-0.662034 0.240082 0 0 0 0 
-0.612996 0.34791 0 0 0 0 
-0.619094 0.31688 0 0 0 0 
-0.625192 0.285851 0 0 0 0 
-0.631289 0.254821 0 0 0 0 
-0.588349 0.33162 0 0 0 0 
-0.594447 0.30059 0 0 0 0 
-0.600544 0.26956 0 0 0 0 
-0.563701 0.315329 0 0 0 0 
-0.569799 0.2843 0 0 0 0 
-0.539054 0.299039 0 0 0 0 
1 2 6
2 7 6
2 3 7
3 8 7
3 4 8
4 9 8
4 5 9
6 7 10
7 11 10
7 8 11
8 12 11
8 9 12
10 11 13
11 14 13
11 12 14
13 14 15
ZONE N=15, E=16, F=FEPOINT, ET=TRIANGLE
-0.432283 0.31807 0 0 0 0 
-0.458976 0.313312 0 0 0 0 
-0.485668 0.308554 0 0 0 0 
-0.512361 0.303797 0 0 0 0 
-0.539054 0.299039 0 0 0 0 
-0.438781 0.291747 0 0 0 0 
-0.465474 0.286989 0 0 0 0 
-0.492167 0.282231 0 0 0 0 
-0.51886 0.277473 0 0 0 0 
-0.44528 0.265424 0 0 0 0 
-0.471972 0.260666 0 0 0 0 
-0.498665 0.255908 0 0 0 0 
-0.451778 0.239101 0 0 0 0 
-0.478471 0.234343 0 0 0 0 
-0.458276 0.212777 0 0 0 0 
1 2 6
2 7 6
2 3 7
3 8 7
3 4 8
4 9 8
4 5 9
6 7 10
7 11 10
7 8 11
8 12 11
8 9 12
10 11 13
11 14 13
11 12 14
13 14 15
ZONE N=15, E=16, F=FEPOINT, ET=TRIANGLE
-0.375169 0.122619 0 0 0 0 
-0.406896 0.118799 0 0 0 0 
-0.438623 0.114979 0 0 0 0 
-0.47035 0.11116 0 0 0 0 
-0.502078 0.10734 0 0 0 0 
-0.375126 0.0919643 0 0 0 0 
-0.406854 0.0881445 0 0 0 0 
-0.438581 0.0843247 0 0 0 0 
-0.470308 0.0805049 0 0 0 0 
-0.375084 0.0613095 0 0 0 0 
-0.406812 0.0574897 0 0 0 0 
-0.438539 0.0536699 0 0 0 0 
-0.375042 0.0306548 0 0 0 0 
-0.406769 0.026835 0 0 0 0 
-0.375 0 0 0 0 0 
1 2 6
2 7 6
2 3 7
3 8 7
3 4 8
4 9 8
4 5 9
6 7 10
7 11 10
7 8 11
8 12 11
8 9 12
10 11 13
11 14 13
11 12 14
13 14 15
ZONE N=15, E=16, F=FEPOINT, ET=TRIANGLE
-0.359377 0.244217 0 0 0 0 
-0.377603 0.26268 0 0 0 0 
-0.39583 0.281144 0 0 0 0 
-0.414056 0.299607 0 0 0 0 
-0.432283 0.31807 0 0 0 0 
-0.384102 0.236357 0 0 0 0 
-0.402328 0.25482 0 0 0 0 
-0.420555 0.273284 0 0 0 0 
-0.438781 0.291747 0 0 0 0 
-0.408827 0.228497 0 0 0 0 
-0.427053 0.24696 0 0 0 0 
-0.44528 0.265424 0 0 0 0 
-0.433552 0.220637 0 0 0 0 
-0.451778 0.239101 0 0 0 0 
-0.458276 0.212777 0 0 0 0 
1 2 6
2 7 6
2 3 7
3 8 7
3 4 8
4 9 8
4 5 9
6 7 10
7 11 10
7 8 11
8 12 11
8 9 12
10 11 13
11 14 13
11 12 14
13 14 15
ZONE N=15, E=16, F=FEPOINT, ET=TRIANGLE
-0.377218 0.56762 0 0 0 0 
-0.360113 0.540943 0 0 0 0 
-0.343008 0.514266 0 0 0 0 
-0.325903 0.48759 0 0 0 0 
-0.308798 0.460913 0 0 0 0 
-0.351788 0.566988 0 0 0 0 
-0.334683 0.540312 0 0 0 0 
-0.317578 0.513635 0 0 0 0 
-0.300473 0.486958 0 0 0 0 
-0.326358 0.566357 0 0 0 0 
-0.309253 0.53968 0 0 0 0 
-0.292148 0.513004 0 0 0 0 
-0.300928 0.565726 0 0 0 0 
-0.283823 0.539049 0 0 0 0 
-0.275498 0.565094 0 0 0 0 
1 2 6
2 7 6
2 3 7
3 8 7
3 4 8
4 9 8
4 5 9
6 7 10
7 11 10
7 8 11
8 12 11
8 9 12
10 11 13
11 14 13
11 12 14
13 14 15
ZONE N=15, E=16, F=FEPOINT, ET=TRIANGLE
-0.323513 0.352534 0 0 0 0 
-0.345627 0.370551 0 0 0 0 
-0.367741 0.388569 0 0 0 0 
-0.389855 0.406587 0 0 0 0 
-0.411969 0.424604 0 0 0 0 
-0.350705 0.343918 0 0 0 0 
-0.372819 0.361935 0 0 0 0 
-0.394933 0.379953 0 0 0 0 
-0.417047 0.397971 0 0 0 0 
-0.377898 0.335302 0 0 0 0 
-0.400012 0.35332 0 0 0 0 
-0.422126 0.371337 0 0 0 0 
-0.40509 0.326686 0 0 0 0 
-0.427205 0.344704 0 0 0 0 
-0.432283 0.31807 0 0 0 0 
1 2 6
2 7 6
2 3 7
3 8 7
3 4 8
4 9 8
4 5 9
6 7 10
7 11 10
7 8 11
8 12 11
8 9 12
10 11 13
11 14 13
11 12 14
13 14 15
ZONE N=15, E=16, F=FEPOINT, ET=TRIANGLE
-0.253075 0.269116 0 0 0 0 
-0.249687 0.235928 0 0 0 0 
-0.2463 0.20274 0 0 0 0 
-0.242913 0.169552 0 0 0 0 
-0.239525 0.136364 0 0 0 0 
-0.227163 0.260536 0 0 0 0 
-0.223776 0.227348 0 0 0 0 
-0.220389 0.194161 0 0 0 0 
-0.217001 0.160973 0 0 0 0 
-0.201252 0.251957 0 0 0 0 
-0.197865 0.218769 0 0 0 0 
-0.194477 0.185581 0 0 0 0 
-0.175341 0.243378 0 0 0 0 
-0.171953 0.21019 0 0 0 0 
-0.149429 0.234798 0 0 0 0 
1 2 6
2 7 6
2 3 7
3 8 7
3 4 8
4 9 8
4 5 9
6 7 10
7 11 10
7 8 11
8 12 11
8 9 12
10 11 13
11 14 13
11 12 14
13 14 15
ZONE N=15, E=16, F=FEPOINT, ET=TRIANGLE
-0.272315 -0.161786 0 0 0 0 
-0.251111 -0.176737 0 0 0 0 
-0.229908 -0.191688 0 0 0 0 
-0.208704 -0.206639 0 0 0 0 
-0.1875 -0.221591 0 0 0 0 
-0.251111 -0.146835 0 0 0 0 
-0.229908 -0.161786 0 0 0 0 
-0.208704 -0.176737 0 0 0 0 
-0.1875 -0.191688 0 0 0 0 
-0.229908 -0.131883 0 0 0 0 
-0.208704 -0.146835 0 0 0 0 
-0.1875 -0.161786 0 0 0 0 
-0.208704 -0.116932 0 0 0 0 
-0.1875 -0.131883 0 0 0 0 
-0.1875 -0.101981 0 0 0 0 
1 2 6
2 7 6
2 3 7
3 8 7
3 4 8
4 9 8
4 5 9
6 7 10
7 11 10
7 8 11
8 12 11
8 9 12
10 11 13
11 14 13
11 12 14
13 14 15
ZONE N=15, E=16, F=FEPOINT, ET=TRIANGLE
-0.323513 0.352534 0 0 0 0 
-0.305903 0.331679 0 0 0 0 
-0.288294 0.310825 0 0 0 0 
-0.270684 0.28997 0 0 0 0 
-0.253075 0.269116 0 0 0 0 
-0.28592 0.361227 0 0 0 0 
-0.26831 0.340372 0 0 0 0 
-0.250701 0.319518 0 0 0 0 
-0.233091 0.298663 0 0 0 0 
-0.248327 0.36992 0 0 0 0 
-0.230717 0.349065 0 0 0 0 
-0.213108 0.328211 0 0 0 0 
-0.210734 0.378613 0 0 0 0 
-0.193125 0.357758 0 0 0 0 
-0.173141 0.387306 0 0 0 0 
1 2 6
2 7 6
2 3 7
3 8 7
3 4 8
4 9 8
4 5 9
6 7 10
7 11 10
7 8 11
8 12 11
8 9 12
10 11 13
11 14 13
11 12 14
13 14 15
ZONE N=15, E=16, F=FEPOINT, ET=TRIANGLE
-0.239525 0.136364 0 0 0 0 
-0.242913 0.169552 0 0 0 0 
-0.2463 0.20274 0 0 0 0 
-0.249687 0.235928 0 0 0 0 
-0.253075 0.269116 0 0 0 0 
-0.269488 0.163327 0 0 0 0 
-0.272876 0.196515 0 0 0 0 
-0.276263 0.229703 0 0 0 0 
-0.27965 0.262891 0 0 0 0 
-0.299451 0.190291 0 0 0 0 
-0.302838 0.223478 0 0 0 0 
-0.306226 0.256666 0 0 0 0 
-0.329414 0.217254 0 0 0 0 
-0.332801 0.250442 0 0 0 0 
-0.359377 0.244217 0 0 0 0 
1 2 6
2 7 6
2 3 7
3 8 7
3 4 8
4 9 8
4 5 9
6 7 10
7 11 10
7 8 11
8 12 11
8 9 12
10 11 13
11 14 13
11 12 14
13 14 15
ZONE N=15, E=16, F=FEPOINT, ET=TRIANGLE
-0.239525 0.136364 0 0 0 0 
-0.273436 0.132928 0 0 0 0 
-0.307347 0.129492 0 0 0 0 
-0.341258 0.126055 0 0 0 0 
-0.375169 0.122619 0 0 0 0 
-0.242144 0.102273 0 0 0 0 
-0.276055 0.0988369 0 0 0 0 
-0.309966 0.0954006 0 0 0 0 
-0.343876 0.0919643 0 0 0 0 
-0.244763 0.0681821 0 0 0 0 
-0.278673 0.0647458 0 0 0 0 
-0.312584 0.0613095 0 0 0 0 
-0.247381 0.0340911 0 0 0 0 
-0.281292 0.0306548 0 0 0 0 
-0.25 0 0 0 0 0 
1 2 6
2 7 6
2 3 7
3 8 7
3 4 8
4 9 8
4 5 9
6 7 10
7 11 10
7 8 11
8 12 11
8 9 12
10 11 13
11 14 13
11 12 14
13 14 15
ZONE N=15, E=16, F=FEPOINT, ET=TRIANGLE
-0.502078 0.10734 0 0 0 0 
-0.501558 0.0805049 0 0 0 0 
-0.501039 0.0536699 0 0 0 0 
-0.500519 0.026835 0 0 0 0 
-0.5 0 0 0 0 0 
-0.470308 0.0805049 0 0 0 0 
-0.469789 0.0536699 0 0 0 0 
-0.469269 0.026835 0 0 0 0 
-0.46875 0 0 0 0 0 
-0.438539 0.0536699 0 0 0 0 
-0.438019 0.026835 0 0 0 0 
-0.4375 0 0 0 0 0 
-0.406769 0.026835 0 0 0 0 
-0.40625 0 0 0 0 0 
-0.375 0 0 0 0 0 
1 2 6
2 7 6
2 3 7
3 8 7
3 4 8
4 9 8
4 5 9
6 7 10
7 11 10
7 8 11
8 12 11
8 9 12
10 11 13
11 14 13
11 12 14
13 14 15
ZONE N=15, E=16, F=FEPOINT, ET=TRIANGLE
-0.308798 0.460913 0 0 0 0 
-0.33459 0.451836 0 0 0 0 
-0.360383 0.442759 0 0 0 0 
-0.386176 0.433681 0 0 0 0 
-0.411969 0.424604 0 0 0 0 
-0.312476 0.433818 0 0 0 0 
-0.338269 0.424741 0 0 0 0 
-0.364062 0.415664 0 0 0 0 
-0.389855 0.406587 0 0 0 0 
-0.316155 0.406723 0 0 0 0 
-0.341948 0.397646 0 0 0 0 
-0.367741 0.388569 0 0 0 0 
-0.319834 0.379628 0 0 0 0 
-0.345627 0.370551 0 0 0 0 
-0.323513 0.352534 0 0 0 0 
1 2 6
2 7 6
2 3 7
3 8 7
3 4 8
4 9 8
4 5 9
6 7 10
7 11 10
7 8 11
8 12 11
8 9 12
10 11 13
11 14 13
11 12 14
13 14 15
ZONE N=15, E=16, F=FEPOINT, ET=TRIANGLE
-0.253075 0.269116 0 0 0 0 
-0.270684 0.28997 0 0 0 0 
-0.288294 0.310825 0 0 0 0 
-0.305903 0.331679 0 0 0 0 
-0.323513 0.352534 0 0 0 0 
-0.27965 0.262891 0 0 0 0 
-0.29726 0.283745 0 0 0 0 
-0.314869 0.3046 0 0 0 0 
-0.332479 0.325454 0 0 0 0 
-0.306226 0.256666 0 0 0 0 
-0.323835 0.277521 0 0 0 0 
-0.341445 0.298375 0 0 0 0 
-0.332801 0.250442 0 0 0 0 
-0.350411 0.271296 0 0 0 0 
-0.359377 0.244217 0 0 0 0 
1 2 6
2 7 6
2 3 7
3 8 7
3 4 8
4 9 8
4 5 9
6 7 10
7 11 10
7 8 11
8 12 11
8 9 12
10 11 13
11 14 13
11 12 14
13 14 15
ZONE N=15, E=16, F=FEPOINT, ET=TRIANGLE
-0.153439 0.0923897 0 0 0 0 
-0.152437 0.127992 0 0 0 0 
-0.151434 0.163594 0 0 0 0 
-0.150432 0.199196 0 0 0 0 
-0.149429 0.234798 0 0 0 0 
-0.174961 0.103383 0 0 0 0 
-0.173958 0.138985 0 0 0 0 
-0.172956 0.174588 0 0 0 0 
-0.171953 0.21019 0 0 0 0 
-0.196482 0.114377 0 0 0 0 
-0.19548 0.149979 0 0 0 0 
-0.194477 0.185581 0 0 0 0 
-0.218004 0.125371 0 0 0 0 
-0.217001 0.160973 0 0 0 0 
-0.239525 0.136364 0 0 0 0 
1 2 6
2 7 6
2 3 7
3 8 7
3 4 8
4 9 8
4 5 9
6 7 10
7 11 10
7 8 11
8 12 11
8 9 12
10 11 13
11 14 13
11 12 14
13 14 15
ZONE N=15, E=16, F=FEPOINT, ET=TRIANGLE
-0.308798 0.460913 0 0 0 0 
-0.312476 0.433818 0 0 0 0 
-0.316155 0.406723 0 0 0 0 
-0.319834 0.379628 0 0 0 0 
-0.323513 0.352534 0 0 0 0 
-0.274884 0.442511 0 0 0 0 
-0.278562 0.415416 0 0 0 0 
-0.282241 0.388321 0 0 0 0 
-0.28592 0.361227 0 0 0 0 
-0.240969 0.424109 0 0 0 0 
-0.244648 0.397014 0 0 0 0 
-0.248327 0.36992 0 0 0 0 
-0.207055 0.405707 0 0 0 0 
-0.210734 0.378613 0 0 0 0 
-0.173141 0.387306 0 0 0 0 
1 2 6
2 7 6
2 3 7
3 8 7
3 4 8
4 9 8
4 5 9
6 7 10
7 11 10
7 8 11
8 12 11
8 9 12
10 11 13
11 14 13
11 12 14
13 14 15
ZONE N=15, E=16, F=FEPOINT, ET=TRIANGLE
0.179797 0.280993 0 0 0 0 
0.15694 0.294267 0 0 0 0 
0.134084 0.30754 0 0 0 0 
0.111227 0.320814 0 0 0 0 
0.088371 0.334087 0 0 0 0 
0.158271 0.265655 0 0 0 0 
0.135415 0.278928 0 0 0 0 
0.112559 0.292202 0 0 0 0 
0.0897022 0.305475 0 0 0 0 
0.136746 0.250316 0 0 0 0 
0.11389 0.26359 0 0 0 0 
0.0910333 0.276863 0 0 0 0 
0.115221 0.234978 0 0 0 0 
0.0923645 0.248252 0 0 0 0 
0.0936957 0.21964 0 0 0 0 
1 2 6
2 7 6
2 3 7
3 8 7
3 4 8
4 9 8
4 5 9
6 7 10
7 11 10
7 8 11
8 12 11
8 9 12
10 11 13
11 14 13
11 12 14
13 14 15
ZONE N=15, E=16, F=FEPOINT, ET=TRIANGLE
-0.106416 0.319583 0 0 0 0 
-0.105856 0.352649 0 0 0 0 
-0.105297 0.385715 0 0 0 0 
-0.104737 0.418781 0 0 0 0 
-0.104178 0.451848 0 0 0 0 
-0.123097 0.336514 0 0 0 0 
-0.122538 0.36958 0 0 0 0 
-0.121978 0.402646 0 0 0 0 
-0.121419 0.435712 0 0 0 0 
-0.139778 0.353444 0 0 0 0 
-0.139219 0.38651 0 0 0 0 
-0.138659 0.419577 0 0 0 0 
-0.15646 0.370375 0 0 0 0 
-0.1559 0.403441 0 0 0 0 
-0.173141 0.387306 0 0 0 0 
1 2 6
2 7 6
2 3 7
3 8 7
3 4 8
4 9 8
4 5 9
6 7 10
7 11 10
7 8 11
8 12 11
8 9 12
10 11 13
11 14 13
11 12 14
13 14 15
ZONE N=15, E=16, F=FEPOINT, ET=TRIANGLE
-0.458276 0.212777 0 0 0 0 
-0.4375 0.190238 0 0 0 0 
-0.416723 0.167698 0 0 0 0 
-0.395946 0.145159 0 0 0 0 
-0.375169 0.122619 0 0 0 0 
-0.433552 0.220637 0 0 0 0 
-0.412775 0.198098 0 0 0 0 
-0.391998 0.175558 0 0 0 0 
-0.371221 0.153019 0 0 0 0 
-0.408827 0.228497 0 0 0 0 
-0.38805 0.205958 0 0 0 0 
-0.367273 0.183418 0 0 0 0 
-0.384102 0.236357 0 0 0 0 
-0.363325 0.213817 0 0 0 0 
-0.359377 0.244217 0 0 0 0 
1 2 6
2 7 6
2 3 7
3 8 7
3 4 8
4 9 8
4 5 9
6 7 10
7 11 10
7 8 11
8 12 11
8 9 12
10 11 13
11 14 13
11 12 14
13 14 15
ZONE N=15, E=16, F=FEPOINT, ET=TRIANGLE
-0.106416 0.319583 0 0 0 0 
-0.14308 0.306966 0 0 0 0 
-0.179745 0.294349 0 0 0 0 
-0.21641 0.281732 0 0 0 0 
-0.253075 0.269116 0 0 0 0 
-0.117169 0.298387 0 0 0 0 
-0.153834 0.28577 0 0 0 0 
-0.190499 0.273153 0 0 0 0 
-0.227163 0.260536 0 0 0 0 
-0.127923 0.277191 0 0 0 0 
-0.164587 0.264574 0 0 0 0 
-0.201252 0.251957 0 0 0 0 
-0.138676 0.255994 0 0 0 0 
-0.175341 0.243378 0 0 0 0 
-0.149429 0.234798 0 0 0 0 
1 2 6
2 7 6
2 3 7
3 8 7
3 4 8
4 9 8
4 5 9
6 7 10
7 11 10
7 8 11
8 12 11
8 9 12
10 11 13
11 14 13
11 12 14
13 14 15
ZONE N=15, E=16, F=FEPOINT, ET=TRIANGLE
-0.359377 0.244217 0 0 0 0 
-0.363325 0.213817 0 0 0 0 
-0.367273 0.183418 0 0 0 0 
-0.371221 0.153019 0 0 0 0 
-0.375169 0.122619 0 0 0 0 
-0.329414 0.217254 0 0 0 0 
-0.333362 0.186854 0 0 0 0 
-0.33731 0.156455 0 0 0 0 
-0.341258 0.126055 0 0 0 0 
-0.299451 0.190291 0 0 0 0 
-0.303399 0.159891 0 0 0 0 
-0.307347 0.129492 0 0 0 0 
-0.269488 0.163327 0 0 0 0 
-0.273436 0.132928 0 0 0 0 
-0.239525 0.136364 0 0 0 0 
1 2 6
2 7 6
2 3 7
3 8 7
3 4 8
4 9 8
4 5 9
6 7 10
7 11 10
7 8 11
8 12 11
8 9 12
10 11 13
11 14 13
11 12 14
13 14 15
ZONE N=15, E=16, F=FEPOINT, ET=TRIANGLE
-0.0625 0.125173 0 0 0 0 
-0.078125 0.0938796 0 0 0 0 
-0.09375 0.0625864 0 0 0 0 
-0.109375 0.0312932 0 0 0 0 
-0.125 0 0 0 0 0 
-0.046875 0.0938796 0 0 0 0 
-0.0625 0.0625864 0 0 0 0 
-0.078125 0.0312932 0 0 0 0 
-0.09375 0 0 0 0 0 
-0.03125 0.0625864 0 0 0 0 
-0.046875 0.0312932 0 0 0 0 
-0.0625 0 0 0 0 0 
-0.015625 0.0312932 0 0 0 0 
-0.03125 0 0 0 0 0 
0 0 0 0 0 0 
1 2 6
2 7 6
2 3 7
3 8 7
3 4 8
4 9 8
4 5 9
6 7 10
7 11 10
7 8 11
8 12 11
8 9 12
10 11 13
11 14 13
11 12 14
13 14 15
ZONE N=15, E=16, F=FEPOINT, ET=TRIANGLE
-0.707107 0.707107 0 0 0 0 
-0.70019 0.678185 0 0 0 0 
-0.693273 0.649264 0 0 0 0 
-0.686356 0.620343 0 0 0 0 
-0.679439 0.591421 0 0 0 0 
-0.672072 0.703382 0 0 0 0 
-0.665155 0.67446 0 0 0 0 
-0.658238 0.645539 0 0 0 0 
-0.651321 0.616618 0 0 0 0 
-0.637038 0.699656 0 0 0 0 
-0.630121 0.670735 0 0 0 0 
-0.623204 0.641814 0 0 0 0 
-0.602003 0.695931 0 0 0 0 
-0.595086 0.66701 0 0 0 0 
-0.566968 0.692206 0 0 0 0 
1 2 6
2 7 6
2 3 7
3 8 7
3 4 8
4 9 8
4 5 9
6 7 10
7 11 10
7 8 11
8 12 11
8 9 12
10 11 13
11 14 13
11 12 14
13 14 15
ZONE N=15, E=16, F=FEPOINT, ET=TRIANGLE
-0.5 0 0 0 0 0 
-0.500519 0.026835 0 0 0 0 
-0.501039 0.0536699 0 0 0 0 
-0.501558 0.0805049 0 0 0 0 
-0.502078 0.10734 0 0 0 0 
-0.527312 0.0252467 0 0 0 0 
-0.527832 0.0520816 0 0 0 0 
-0.528351 0.0789166 0 0 0 0 
-0.528871 0.105752 0 0 0 0 
-0.554625 0.0504934 0 0 0 0 
-0.555144 0.0773283 0 0 0 0 
-0.555663 0.104163 0 0 0 0 
-0.581937 0.07574 0 0 0 0 
-0.582456 0.102575 0 0 0 0 
-0.609249 0.100987 0 0 0 0 
1 2 6
2 7 6
2 3 7
3 8 7
3 4 8
4 9 8
4 5 9
6 7 10
7 11 10
7 8 11
8 12 11
8 9 12
10 11 13
11 14 13
11 12 14
13 14 15
ZONE N=15, E=16, F=FEPOINT, ET=TRIANGLE
-0.375 0 0 0 0 0 
-0.375 -0.0366874 0 0 0 0 
-0.375 -0.0733748 0 0 0 0 
-0.375 -0.110062 0 0 0 0 
-0.375 -0.14675 0 0 0 0 
-0.34375 0 0 0 0 0 
-0.34375 -0.0366874 0 0 0 0 
-0.34375 -0.0733748 0 0 0 0 
-0.34375 -0.110062 0 0 0 0 
-0.3125 0 0 0 0 0 
-0.3125 -0.0366874 0 0 0 0 
-0.3125 -0.0733748 0 0 0 0 
-0.28125 0 0 0 0 0 
-0.28125 -0.0366874 0 0 0 0 
-0.25 0 0 0 0 0 
1 2 6
2 7 6
2 3 7
3 8 7
3 4 8
4 9 8
4 5 9
6 7 10
7 11 10
7 8 11
8 12 11
8 9 12
10 11 13
11 14 13
11 12 14
13 14 15
ZONE N=15, E=16, F=FEPOINT, ET=TRIANGLE
-0.502078 0.10734 0 0 0 0 
-0.491127 0.133699 0 0 0 0 
-0.480177 0.160059 0 0 0 0 
-0.469227 0.186418 0 0 0 0 
-0.458276 0.212777 0 0 0 0 
-0.517231 0.129493 0 0 0 0 
-0.506281 0.155852 0 0 0 0 
-0.495331 0.182211 0 0 0 0 
-0.48438 0.208571 0 0 0 0 
-0.532385 0.151646 0 0 0 0 
-0.521435 0.178005 0 0 0 0 
-0.510484 0.204364 0 0 0 0 
-0.547539 0.173798 0 0 0 0 
-0.536588 0.200158 0 0 0 0 
-0.562692 0.195951 0 0 0 0 
1 2 6
2 7 6
2 3 7
3 8 7
3 4 8
4 9 8
4 5 9
6 7 10
7 11 10
7 8 11
8 12 11
8 9 12
10 11 13
11 14 13
11 12 14
13 14 15
ZONE N=15, E=16, F=FEPOINT, ET=TRIANGLE
-0.153439 0.0923897 0 0 0 0 
-0.177579 0.0692923 0 0 0 0 
-0.201719 0.0461948 0 0 0 0 
-0.22586 0.0230974 0 0 0 0 
-0.25 0 0 0 0 0 
-0.146329 0.0692923 0 0 0 0 
-0.170469 0.0461948 0 0 0 0 
-0.19461 0.0230974 0 0 0 0 
-0.21875 0 0 0 0 0 
-0.139219 0.0461948 0 0 0 0 
-0.16336 0.0230974 0 0 0 0 
-0.1875 0 0 0 0 0 
-0.13211 0.0230974 0 0 0 0 
-0.15625 0 0 0 0 0 
-0.125 0 0 0 0 0 
1 2 6
2 7 6
2 3 7
3 8 7
3 4 8
4 9 8
4 5 9
6 7 10
7 11 10
7 8 11
8 12 11
8 9 12
10 11 13
11 14 13
11 12 14
13 14 15
ZONE N=15, E=16, F=FEPOINT, ET=TRIANGLE
-0.375 -0.14675 0 0 0 0 
-0.349329 -0.150509 0 0 0 0 
-0.323658 -0.154268 0 0 0 0 
-0.297986 -0.158027 0 0 0 0 
-0.272315 -0.161786 0 0 0 0 
-0.34375 -0.110062 0 0 0 0 
-0.318079 -0.113821 0 0 0 0 
-0.292408 -0.11758 0 0 0 0 
-0.266736 -0.121339 0 0 0 0 
-0.3125 -0.0733748 0 0 0 0 
-0.286829 -0.0771339 0 0 0 0 
-0.261158 -0.0808929 0 0 0 0 
-0.28125 -0.0366874 0 0 0 0 
-0.255579 -0.0404465 0 0 0 0 
-0.25 0 0 0 0 0 
1 2 6
2 7 6
2 3 7
3 8 7
3 4 8
4 9 8
4 5 9
6 7 10
7 11 10
7 8 11
8 12 11
8 9 12
10 11 13
11 14 13
11 12 14
13 14 15
ZONE N=15, E=16, F=FEPOINT, ET=TRIANGLE
-0.850998 -0.183224 0 0 0 0 
-0.877484 -0.209989 0 0 0 0 
-0.903969 -0.236754 0 0 0 0 
-0.930455 -0.26352 0 0 0 0 
-0.95694 -0.290285 0 0 0 0 
-0.849104 -0.216656 0 0 0 0 
-0.875589 -0.243421 0 0 0 0 
-0.902075 -0.270186 0 0 0 0 
-0.92856 -0.296951 0 0 0 0 
-0.847209 -0.250088 0 0 0 0 
-0.873695 -0.276853 0 0 0 0 
-0.90018 -0.303618 0 0 0 0 
-0.845314 -0.283519 0 0 0 0 
-0.8718 -0.310284 0 0 0 0 
-0.84342 -0.316951 0 0 0 0 
1 2 6
2 7 6
2 3 7
3 8 7
3 4 8
4 9 8
4 5 9
6 7 10
7 11 10
7 8 11
8 12 11
8 9 12
10 11 13
11 14 13
11 12 14
13 14 15
ZONE N=15, E=16, F=FEPOINT, ET=TRIANGLE
-0.875 0.0745921 0 0 0 0 
-0.84322 0.0568436 0 0 0 0 
-0.81144 0.039095 0 0 0 0 
-0.779659 0.0213464 0 0 0 0 
-0.747879 0.00359781 0 0 0 0 
-0.84375 0.0932402 0 0 0 0 
-0.81197 0.0754916 0 0 0 0 
-0.78019 0.057743 0 0 0 0 
-0.748409 0.0399944 0 0 0 0 
-0.8125 0.111888 0 0 0 0 
-0.78072 0.0941396 0 0 0 0 
-0.74894 0.076391 0 0 0 0 
-0.78125 0.130536 0 0 0 0 
-0.74947 0.112788 0 0 0 0 
-0.75 0.149184 0 0 0 0 
1 2 6
2 7 6
2 3 7
3 8 7
3 4 8
4 9 8
4 5 9
6 7 10
7 11 10
7 8 11
8 12 11
8 9 12
10 11 13
11 14 13
11 12 14
13 14 15
ZONE N=15, E=16, F=FEPOINT, ET=TRIANGLE
0.125 0 0 0 0 0 
0.109375 0.0273492 0 0 0 0 
0.09375 0.0546983 0 0 0 0 
0.078125 0.0820475 0 0 0 0 
0.0625 0.109397 0 0 0 0 
0.09375 0 0 0 0 0 
0.078125 0.0273492 0 0 0 0 
0.0625 0.0546983 0 0 0 0 
0.046875 0.0820475 0 0 0 0 
0.0625 0 0 0 0 0 
0.046875 0.0273492 0 0 0 0 
0.03125 0.0546983 0 0 0 0 
0.03125 0 0 0 0 0 
0.015625 0.0273492 0 0 0 0 
0 0 0 0 0 0 
1 2 6
2 7 6
2 3 7
3 8 7
3 4 8
4 9 8
4 5 9
6 7 10
7 11 10
7 8 11
8 12 11
8 9 12
10 11 13
11 14 13
11 12 14
13 14 15
ZONE N=15, E=16, F=FEPOINT, ET=TRIANGLE
0.125 0 0 0 0 0 
0.140625 -0.0302984 0 0 0 0 
0.15625 -0.0605968 0 0 0 0 
0.171875 -0.0908951 0 0 0 0 
0.1875 -0.121194 0 0 0 0 
0.15625 0 0 0 0 0 
0.171875 -0.0302984 0 0 0 0 
0.1875 -0.0605968 0 0 0 0 
0.203125 -0.0908951 0 0 0 0 
0.1875 0 0 0 0 0 
0.203125 -0.0302984 0 0 0 0 
0.21875 -0.0605968 0 0 0 0 
0.21875 0 0 0 0 0 
0.234375 -0.0302984 0 0 0 0 
0.25 0 0 0 0 0 
1 2 6
2 7 6
2 3 7
3 8 7
3 4 8
4 9 8
4 5 9
6 7 10
7 11 10
7 8 11
8 12 11
8 9 12
10 11 13
11 14 13
11 12 14
13 14 15
ZONE N=15, E=16, F=FEPOINT, ET=TRIANGLE
-0.272315 -0.161786 0 0 0 0 
-0.299025 -0.182258 0 0 0 0 
-0.325734 -0.202729 0 0 0 0 
-0.352443 -0.223201 0 0 0 0 
-0.379152 -0.243673 0 0 0 0 
-0.274178 -0.187222 0 0 0 0 
-0.300887 -0.207694 0 0 0 0 
-0.327596 -0.228166 0 0 0 0 
-0.354306 -0.248638 0 0 0 0 
-0.276041 -0.212659 0 0 0 0 
-0.30275 -0.23313 0 0 0 0 
-0.329459 -0.253602 0 0 0 0 
-0.277903 -0.238095 0 0 0 0 
-0.304612 -0.258567 0 0 0 0 
-0.279766 -0.263531 0 0 0 0 
1 2 6
2 7 6
2 3 7
3 8 7
3 4 8
4 9 8
4 5 9
6 7 10
7 11 10
7 8 11
8 12 11
8 9 12
10 11 13
11 14 13
11 12 14
13 14 15
ZONE N=15, E=16, F=FEPOINT, ET=TRIANGLE
-0.0968492 -0.281287 0 0 0 0 
-0.0770686 -0.299862 0 0 0 0 
-0.0572879 -0.318438 0 0 0 0 
-0.0375073 -0.337014 0 0 0 0 
-0.0177266 -0.355589 0 0 0 0 
-0.0642547 -0.267421 0 0 0 0 
-0.0444741 -0.285997 0 0 0 0 
-0.0246934 -0.304572 0 0 0 0 
-0.00491277 -0.323148 0 0 0 0 
-0.0316602 -0.253556 0 0 0 0 
-0.0118796 -0.272131 0 0 0 0 
0.00790108 -0.290707 0 0 0 0 
0.000934278 -0.23969 0 0 0 0 
0.0207149 -0.258266 0 0 0 0 
0.0335288 -0.225825 0 0 0 0 
1 2 6
2 7 6
2 3 7
3 8 7
3 4 8
4 9 8
4 5 9
6 7 10
7 11 10
7 8 11
8 12 11
8 9 12
10 11 13
11 14 13
11 12 14
13 14 15
ZONE N=15, E=16, F=FEPOINT, ET=TRIANGLE
-0.707893 -0.400733 0 0 0 0 
-0.72166 -0.363354 0 0 0 0 
-0.735426 -0.325976 0 0 0 0 
-0.749193 -0.288597 0 0 0 0 
-0.76296 -0.251218 0 0 0 0 
-0.741774 -0.379788 0 0 0 0 
-0.755541 -0.342409 0 0 0 0 
-0.769308 -0.30503 0 0 0 0 
-0.783075 -0.267652 0 0 0 0 
-0.775656 -0.358842 0 0 0 0 
-0.789423 -0.321463 0 0 0 0 
-0.80319 -0.284085 0 0 0 0 
-0.809538 -0.337896 0 0 0 0 
-0.823305 -0.300518 0 0 0 0 
-0.84342 -0.316951 0 0 0 0 
1 2 6
2 7 6
2 3 7
3 8 7
3 4 8
4 9 8
4 5 9
6 7 10
7 11 10
7 8 11
8 12 11
8 9 12
10 11 13
11 14 13
11 12 14
13 14 15
ZONE N=15, E=16, F=FEPOINT, ET=TRIANGLE
-0.995185 -0.0980171 0 0 0 0 
-0.964185 -0.0919712 0 0 0 0 
-0.933185 -0.0859252 0 0 0 0 
-0.902185 -0.0798792 0 0 0 0 
-0.871185 -0.0738333 0 0 0 0 
-0.996389 -0.0735129 0 0 0 0 
-0.965389 -0.0674669 0 0 0 0 
-0.934389 -0.0614209 0 0 0 0 
-0.903389 -0.055375 0 0 0 0 
-0.997592 -0.0490086 0 0 0 0 
-0.966592 -0.0429626 0 0 0 0 
-0.935592 -0.0369166 0 0 0 0 
-0.998796 -0.0245043 0 0 0 0 
-0.967796 -0.0184583 0 0 0 0 
-1 1.22465e-16 0 0 0 0 
1 2 6
2 7 6
2 3 7
3 8 7
3 4 8
4 9 8
4 5 9
6 7 10
7 11 10
7 8 11
8 12 11
8 9 12
10 11 13
11 14 13
11 12 14
13 14 15
ZONE N=15, E=16, F=FEPOINT, ET=TRIANGLE
-0.624378 -0.0283888 0 0 0 0 
-0.602993 -0.0504176 0 0 0 0 
-0.581607 -0.0724463 0 0 0 0 
-0.560222 -0.0944751 0 0 0 0 
-0.538837 -0.116504 0 0 0 0 
-0.593283 -0.0212916 0 0 0 0 
-0.571898 -0.0433204 0 0 0 0 
-0.550513 -0.0653491 0 0 0 0 
-0.529128 -0.0873779 0 0 0 0 
-0.562189 -0.0141944 0 0 0 0 
-0.540804 -0.0362232 0 0 0 0 
-0.519419 -0.0582519 0 0 0 0 
-0.531094 -0.00709721 0 0 0 0 
-0.509709 -0.029126 0 0 0 0 
-0.5 0 0 0 0 0 
1 2 6
2 7 6
2 3 7
3 8 7
3 4 8
4 9 8
4 5 9
6 7 10
7 11 10
7 8 11
8 12 11
8 9 12
10 11 13
11 14 13
11 12 14
13 14 15
ZONE N=15, E=16, F=FEPOINT, ET=TRIANGLE
-0.850998 -0.183224 0 0 0 0 
-0.822183 -0.168662 0 0 0 0 
-0.793367 -0.1541 0 0 0 0 
-0.764551 -0.139538 0 0 0 0 
-0.735735 -0.124975 0 0 0 0 
-0.856045 -0.155877 0 0 0 0 
-0.827229 -0.141314 0 0 0 0 
-0.798413 -0.126752 0 0 0 0 
-0.769598 -0.11219 0 0 0 0 
-0.861092 -0.128529 0 0 0 0 
-0.832276 -0.113967 0 0 0 0 
-0.80346 -0.0994043 0 0 0 0 
-0.866138 -0.101181 0 0 0 0 
-0.837323 -0.0866188 0 0 0 0 
-0.871185 -0.0738333 0 0 0 0 
1 2 6
2 7 6
2 3 7
3 8 7
3 4 8
4 9 8
4 5 9
6 7 10
7 11 10
7 8 11
8 12 11
8 9 12
10 11 13
11 14 13
11 12 14
13 14 15
ZONE N=15, E=16, F=FEPOINT, ET=TRIANGLE
-0.747879 0.00359781 0 0 0 0 
-0.778706 -0.01576 0 0 0 0 
-0.809532 -0.0351177 0 0 0 0 
-0.840359 -0.0544755 0 0 0 0 
-0.871185 -0.0738333 0 0 0 0 
-0.744843 -0.0285455 0 0 0 0 
-0.77567 -0.0479032 0 0 0 0 
-0.806496 -0.067261 0 0 0 0 
-0.837323 -0.0866188 0 0 0 0 
-0.741807 -0.0606887 0 0 0 0 
-0.772634 -0.0800465 0 0 0 0 
-0.80346 -0.0994043 0 0 0 0 
-0.738771 -0.092832 0 0 0 0 
-0.769598 -0.11219 0 0 0 0 
-0.735735 -0.124975 0 0 0 0 
1 2 6
2 7 6
2 3 7
3 8 7
3 4 8
4 9 8
4 5 9
6 7 10
7 11 10
7 8 11
8 12 11
8 9 12
10 11 13
11 14 13
11 12 14
13 14 15
ZONE N=15, E=16, F=FEPOINT, ET=TRIANGLE
-0.239525 0.136364 0 0 0 0 
-0.242144 0.102273 0 0 0 0 
-0.244763 0.0681821 0 0 0 0 
-0.247381 0.0340911 0 0 0 0 
-0.25 0 0 0 0 0 
-0.218004 0.125371 0 0 0 0 
-0.220622 0.0912796 0 0 0 0 
-0.223241 0.0571885 0 0 0 0 
-0.22586 0.0230974 0 0 0 0 
-0.196482 0.114377 0 0 0 0 
-0.199101 0.0802859 0 0 0 0 
-0.201719 0.0461948 0 0 0 0 
-0.174961 0.103383 0 0 0 0 
-0.177579 0.0692923 0 0 0 0 
-0.153439 0.0923897 0 0 0 0 
1 2 6
2 7 6
2 3 7
3 8 7
3 4 8
4 9 8
4 5 9
6 7 10
7 11 10
7 8 11
8 12 11
8 9 12
10 11 13
11 14 13
11 12 14
13 14 15
ZONE N=15, E=16, F=FEPOINT, ET=TRIANGLE
-0.153439 0.0923897 0 0 0 0 
-0.146329 0.0692923 0 0 0 0 
-0.139219 0.0461948 0 0 0 0 
-0.13211 0.0230974 0 0 0 0 
-0.125 0 0 0 0 0 
-0.130704 0.100585 0 0 0 0 
-0.123594 0.077488 0 0 0 0 
-0.116485 0.0543906 0 0 0 0 
-0.109375 0.0312932 0 0 0 0 
-0.107969 0.108781 0 0 0 0 
-0.10086 0.0856838 0 0 0 0 
-0.09375 0.0625864 0 0 0 0 
-0.0852347 0.116977 0 0 0 0 
-0.078125 0.0938796 0 0 0 0 
-0.0625 0.125173 0 0 0 0 
1 2 6
2 7 6
2 3 7
3 8 7
3 4 8
4 9 8
4 5 9
6 7 10
7 11 10
7 8 11
8 12 11
8 9 12
10 11 13
11 14 13
11 12 14
13 14 15
ZONE N=15, E=16, F=FEPOINT, ET=TRIANGLE
0.141676 0.413902 0 0 0 0 
0.151206 0.380675 0 0 0 0 
0.160736 0.347448 0 0 0 0 
0.170266 0.31422 0 0 0 0 
0.179797 0.280993 0 0 0 0 
0.162698 0.401951 0 0 0 0 
0.172228 0.368724 0 0 0 0 
0.181758 0.335497 0 0 0 0 
0.191289 0.30227 0 0 0 0 
0.18372 0.39 0 0 0 0 
0.19325 0.356773 0 0 0 0 
0.20278 0.323546 0 0 0 0 
0.204742 0.37805 0 0 0 0 
0.214272 0.344822 0 0 0 0 
0.225764 0.366099 0 0 0 0 
1 2 6
2 7 6
2 3 7
3 8 7
3 4 8
4 9 8
4 5 9
6 7 10
7 11 10
7 8 11
8 12 11
8 9 12
10 11 13
11 14 13
11 12 14
13 14 15
ZONE N=15, E=16, F=FEPOINT, ET=TRIANGLE
-0.0165269 0.250907 0 0 0 0 
-0.0497525 0.24688 0 0 0 0 
-0.0829782 0.242853 0 0 0 0 
-0.116204 0.238825 0 0 0 0 
-0.149429 0.234798 0 0 0 0 
-0.0280202 0.219473 0 0 0 0 
-0.0612458 0.215446 0 0 0 0 
-0.0944714 0.211419 0 0 0 0 
-0.127697 0.207392 0 0 0 0 
-0.0395134 0.18804 0 0 0 0 
-0.0727391 0.184013 0 0 0 0 
-0.105965 0.179985 0 0 0 0 
-0.0510067 0.156606 0 0 0 0 
-0.0842324 0.152579 0 0 0 0 
-0.0625 0.125173 0 0 0 0 
1 2 6
2 7 6
2 3 7
3 8 7
3 4 8
4 9 8
4 5 9
6 7 10
7 11 10
7 8 11
8 12 11
8 9 12
10 11 13
11 14 13
11 12 14
13 14 15
ZONE N=15, E=16, F=FEPOINT, ET=TRIANGLE
-0.375 0 0 0 0 0 
-0.40625 0 0 0 0 0 
-0.4375 0 0 0 0 0 
-0.46875 0 0 0 0 0 
-0.5 0 0 0 0 0 
-0.393195 -0.0205331 0 0 0 0 
-0.424445 -0.0205331 0 0 0 0 
-0.455695 -0.0205331 0 0 0 0 
-0.486945 -0.0205331 0 0 0 0 
-0.411391 -0.0410662 0 0 0 0 
-0.442641 -0.0410662 0 0 0 0 
-0.473891 -0.0410662 0 0 0 0 
-0.429586 -0.0615993 0 0 0 0 
-0.460836 -0.0615993 0 0 0 0 
-0.447781 -0.0821325 0 0 0 0 
1 2 6
2 7 6
2 3 7
3 8 7
3 4 8
4 9 8
4 5 9
6 7 10
7 11 10
7 8 11
8 12 11
8 9 12
10 11 13
11 14 13
11 12 14
13 14 15
ZONE N=15, E=16, F=FEPOINT, ET=TRIANGLE
-0.0334885 -0.161786 0 0 0 0 
-0.0719914 -0.146835 0 0 0 0 
-0.110494 -0.131883 0 0 0 0 
-0.148997 -0.116932 0 0 0 0 
-0.1875 -0.101981 0 0 0 0 
-0.0719914 -0.176737 0 0 0 0 
-0.110494 -0.161786 0 0 0 0 
-0.148997 -0.146835 0 0 0 0 
-0.1875 -0.131883 0 0 0 0 
-0.110494 -0.191688 0 0 0 0 
-0.148997 -0.176737 0 0 0 0 
-0.1875 -0.161786 0 0 0 0 
-0.148997 -0.206639 0 0 0 0 
-0.1875 -0.191688 0 0 0 0 
-0.1875 -0.221591 0 0 0 0 
1 2 6
2 7 6
2 3 7
3 8 7
3 4 8
4 9 8
4 5 9
6 7 10
7 11 10
7 8 11
8 12 11
8 9 12
10 11 13
11 14 13
11 12 14
13 14 15
ZONE N=15, E=16, F=FEPOINT, ET=TRIANGLE
-0.624378 -0.0283888 0 0 0 0 
-0.627675 -0.0527092 0 0 0 0 
-0.630972 -0.0770296 0 0 0 0 
-0.634269 -0.10135 0 0 0 0 
-0.637566 -0.12567 0 0 0 0 
-0.602993 -0.0504176 0 0 0 0 
-0.60629 -0.074738 0 0 0 0 
-0.609587 -0.0990583 0 0 0 0 
-0.612884 -0.123379 0 0 0 0 
-0.581607 -0.0724463 0 0 0 0 
-0.584905 -0.0967667 0 0 0 0 
-0.588202 -0.121087 0 0 0 0 
-0.560222 -0.0944751 0 0 0 0 
-0.563519 -0.118795 0 0 0 0 
-0.538837 -0.116504 0 0 0 0 
1 2 6
2 7 6
2 3 7
3 8 7
3 4 8
4 9 8
4 5 9
6 7 10
7 11 10
7 8 11
8 12 11
8 9 12
10 11 13
11 14 13
11 12 14
13 14 15
ZONE N=15, E=16, F=FEPOINT, ET=TRIANGLE
-0.375 -0.14675 0 0 0 0 
-0.376038 -0.170981 0 0 0 0 
-0.377076 -0.195211 0 0 0 0 
-0.378114 -0.219442 0 0 0 0 
-0.379152 -0.243673 0 0 0 0 
-0.349329 -0.150509 0 0 0 0 
-0.350367 -0.17474 0 0 0 0 
-0.351405 -0.19897 0 0 0 0 
-0.352443 -0.223201 0 0 0 0 
-0.323658 -0.154268 0 0 0 0 
-0.324696 -0.178499 0 0 0 0 
-0.325734 -0.202729 0 0 0 0 
-0.297986 -0.158027 0 0 0 0 
-0.299025 -0.182258 0 0 0 0 
-0.272315 -0.161786 0 0 0 0 
1 2 6
2 7 6
2 3 7
3 8 7
3 4 8
4 9 8
4 5 9
6 7 10
7 11 10
7 8 11
8 12 11
8 9 12
10 11 13
11 14 13
11 12 14
13 14 15
ZONE N=15, E=16, F=FEPOINT, ET=TRIANGLE
-0.196906 -0.323356 0 0 0 0 
-0.194555 -0.297914 0 0 0 0 
-0.192203 -0.272473 0 0 0 0 
-0.189852 -0.247032 0 0 0 0 
-0.1875 -0.221591 0 0 0 0 
-0.217621 -0.3084 0 0 0 0 
-0.21527 -0.282958 0 0 0 0 
-0.212918 -0.257517 0 0 0 0 
-0.210566 -0.232076 0 0 0 0 
-0.238336 -0.293444 0 0 0 0 
-0.235985 -0.268002 0 0 0 0 
-0.233633 -0.242561 0 0 0 0 
-0.259051 -0.278487 0 0 0 0 
-0.256699 -0.253046 0 0 0 0 
-0.279766 -0.263531 0 0 0 0 
1 2 6
2 7 6
2 3 7
3 8 7
3 4 8
4 9 8
4 5 9
6 7 10
7 11 10
7 8 11
8 12 11
8 9 12
10 11 13
11 14 13
11 12 14
13 14 15
ZONE N=15, E=16, F=FEPOINT, ET=TRIANGLE
-0.0625 -0.0714218 0 0 0 0 
-0.0552471 -0.0940128 0 0 0 0 
-0.0479943 -0.116604 0 0 0 0 
-0.0407414 -0.139195 0 0 0 0 
-0.0334885 -0.161786 0 0 0 0 
-0.0389039 -0.076306 0 0 0 0 
-0.031651 -0.098897 0 0 0 0 
-0.0243982 -0.121488 0 0 0 0 
-0.0171453 -0.144079 0 0 0 0 
-0.0153078 -0.0811902 0 0 0 0 
-0.00805496 -0.103781 0 0 0 0 
-0.000802087 -0.126372 0 0 0 0 
0.00828826 -0.0860745 0 0 0 0 
0.0155411 -0.108665 0 0 0 0 
0.0318843 -0.0909587 0 0 0 0 
1 2 6
2 7 6
2 3 7
3 8 7
3 4 8
4 9 8
4 5 9
6 7 10
7 11 10
7 8 11
8 12 11
8 9 12
10 11 13
11 14 13
11 12 14
13 14 15
ZONE N=15, E=16, F=FEPOINT, ET=TRIANGLE
-0.1875 -0.101981 0 0 0 0 
-0.203125 -0.0764859 0 0 0 0 
-0.21875 -0.0509906 0 0 0 0 
-0.234375 -0.0254953 0 0 0 0 
-0.25 0 0 0 0 0 
-0.208704 -0.116932 0 0 0 0 
-0.224329 -0.091437 0 0 0 0 
-0.239954 -0.0659417 0 0 0 0 
-0.255579 -0.0404465 0 0 0 0 
-0.229908 -0.131883 0 0 0 0 
-0.245533 -0.106388 0 0 0 0 
-0.261158 -0.0808929 0 0 0 0 
-0.251111 -0.146835 0 0 0 0 
-0.266736 -0.121339 0 0 0 0 
-0.272315 -0.161786 0 0 0 0 
1 2 6
2 7 6
2 3 7
3 8 7
3 4 8
4 9 8
4 5 9
6 7 10
7 11 10
7 8 11
8 12 11
8 9 12
10 11 13
11 14 13
11 12 14
13 14 15
ZONE N=15, E=16, F=FEPOINT, ET=TRIANGLE
-0.379152 -0.243673 0 0 0 0 
-0.403234 -0.240799 0 0 0 0 
-0.427317 -0.237924 0 0 0 0 
-0.451399 -0.23505 0 0 0 0 
-0.475481 -0.232176 0 0 0 0 
-0.397884 -0.266191 0 0 0 0 
-0.421966 -0.263316 0 0 0 0 
-0.446048 -0.260442 0 0 0 0 
-0.47013 -0.257568 0 0 0 0 
-0.416616 -0.288708 0 0 0 0 
-0.440698 -0.285834 0 0 0 0 
-0.46478 -0.28296 0 0 0 0 
-0.435347 -0.311226 0 0 0 0 
-0.45943 -0.308352 0 0 0 0 
-0.454079 -0.333744 0 0 0 0 
1 2 6
2 7 6
2 3 7
3 8 7
3 4 8
4 9 8
4 5 9
6 7 10
7 11 10
7 8 11
8 12 11
8 9 12
10 11 13
11 14 13
11 12 14
13 14 15
ZONE N=15, E=16, F=FEPOINT, ET=TRIANGLE
-0.454079 -0.333744 0 0 0 0 
-0.478512 -0.342485 0 0 0 0 
-0.502945 -0.351226 0 0 0 0 
-0.527378 -0.359967 0 0 0 0 
-0.551811 -0.368708 0 0 0 0 
-0.453945 -0.372636 0 0 0 0 
-0.478378 -0.381377 0 0 0 0 
-0.502811 -0.390118 0 0 0 0 
-0.527244 -0.39886 0 0 0 0 
-0.453811 -0.411528 0 0 0 0 
-0.478244 -0.42027 0 0 0 0 
-0.502677 -0.429011 0 0 0 0 
-0.453677 -0.450421 0 0 0 0 
-0.47811 -0.459162 0 0 0 0 
-0.453543 -0.489313 0 0 0 0 
1 2 6
2 7 6
2 3 7
3 8 7
3 4 8
4 9 8
4 5 9
6 7 10
7 11 10
7 8 11
8 12 11
8 9 12
10 11 13
11 14 13
11 12 14
13 14 15
ZONE N=15, E=16, F=FEPOINT, ET=TRIANGLE
0.108119 -0.591328 0 0 0 0 
0.0871908 -0.630346 0 0 0 0 
0.0662631 -0.669364 0 0 0 0 
0.0453354 -0.708382 0 0 0 0 
0.0244078 -0.7474 0 0 0 0 
0.125026 -0.614203 0 0 0 0 
0.104098 -0.653221 0 0 0 0 
0.0831702 -0.692239 0 0 0 0 
0.0622425 -0.731257 0 0 0 0 
0.141933 -0.637079 0 0 0 0 
0.121005 -0.676097 0 0 0 0 
0.100077 -0.715115 0 0 0 0 
0.15884 -0.659954 0 0 0 0 
0.137912 -0.698972 0 0 0 0 
0.175747 -0.682829 0 0 0 0 
1 2 6
2 7 6
2 3 7
3 8 7
3 4 8
4 9 8
4 5 9
6 7 10
7 11 10
7 8 11
8 12 11
8 9 12
10 11 13
11 14 13
11 12 14
13 14 15
ZONE N=15, E=16, F=FEPOINT, ET=TRIANGLE
-0.92388 -0.382683 0 0 0 0 
-0.903765 -0.36625 0 0 0 0 
-0.88365 -0.349817 0 0 0 0 
-0.863535 -0.333384 0 0 0 0 
-0.84342 -0.316951 0 0 0 0 
-0.932145 -0.359584 0 0 0 0 
-0.91203 -0.343151 0 0 0 0 
-0.891915 -0.326717 0 0 0 0 
-0.8718 -0.310284 0 0 0 0 
-0.94041 -0.336484 0 0 0 0 
-0.920295 -0.320051 0 0 0 0 
-0.90018 -0.303618 0 0 0 0 
-0.948675 -0.313384 0 0 0 0 
-0.92856 -0.296951 0 0 0 0 
-0.95694 -0.290285 0 0 0 0 
1 2 6
2 7 6
2 3 7
3 8 7
3 4 8
4 9 8
4 5 9
6 7 10
7 11 10
7 8 11
8 12 11
8 9 12
10 11 13
11 14 13
11 12 14
13 14 15
ZONE N=15, E=16, F=FEPOINT, ET=TRIANGLE
-0.735735 -0.124975 0 0 0 0 
-0.764551 -0.139538 0 0 0 0 
-0.793367 -0.1541 0 0 0 0 
-0.822183 -0.168662 0 0 0 0 
-0.850998 -0.183224 0 0 0 0 
-0.742541 -0.156536 0 0 0 0 
-0.771357 -0.171098 0 0 0 0 
-0.800173 -0.185661 0 0 0 0 
-0.828989 -0.200223 0 0 0 0 
-0.749348 -0.188097 0 0 0 0 
-0.778163 -0.202659 0 0 0 0 
-0.806979 -0.217221 0 0 0 0 
-0.756154 -0.219658 0 0 0 0 
-0.78497 -0.23422 0 0 0 0 
-0.76296 -0.251218 0 0 0 0 
1 2 6
2 7 6
2 3 7
3 8 7
3 4 8
4 9 8
4 5 9
6 7 10
7 11 10
7 8 11
8 12 11
8 9 12
10 11 13
11 14 13
11 12 14
13 14 15
ZONE N=15, E=16, F=FEPOINT, ET=TRIANGLE
-0.707893 -0.400733 0 0 0 0 
-0.708252 -0.428524 0 0 0 0 
-0.708611 -0.456315 0 0 0 0 
-0.708971 -0.484106 0 0 0 0 
-0.70933 -0.511897 0 0 0 0 
-0.684975 -0.413337 0 0 0 0 
-0.685334 -0.441128 0 0 0 0 
-0.685694 -0.468919 0 0 0 0 
-0.686053 -0.49671 0 0 0 0 
-0.662058 -0.42594 0 0 0 0 
-0.662417 -0.453731 0 0 0 0 
-0.662776 -0.481522 0 0 0 0 
-0.63914 -0.438544 0 0 0 0 
-0.639499 -0.466335 0 0 0 0 
-0.616222 -0.451148 0 0 0 0 
1 2 6
2 7 6
2 3 7
3 8 7
3 4 8
4 9 8
4 5 9
6 7 10
7 11 10
7 8 11
8 12 11
8 9 12
10 11 13
11 14 13
11 12 14
13 14 15
ZONE N=15, E=16, F=FEPOINT, ET=TRIANGLE
-0.95694 -0.290285 0 0 0 0 
-0.930455 -0.26352 0 0 0 0 
-0.903969 -0.236754 0 0 0 0 
-0.877484 -0.209989 0 0 0 0 
-0.850998 -0.183224 0 0 0 0 
-0.962902 -0.266486 0 0 0 0 
-0.936416 -0.239721 0 0 0 0 
-0.909931 -0.212956 0 0 0 0 
-0.883445 -0.186191 0 0 0 0 
-0.968863 -0.242687 0 0 0 0 
-0.942377 -0.215922 0 0 0 0 
-0.915892 -0.189157 0 0 0 0 
-0.974824 -0.218889 0 0 0 0 
-0.948339 -0.192124 0 0 0 0 
-0.980785 -0.19509 0 0 0 0 
1 2 6
2 7 6
2 3 7
3 8 7
3 4 8
4 9 8
4 5 9
6 7 10
7 11 10
7 8 11
8 12 11
8 9 12
10 11 13
11 14 13
11 12 14
13 14 15
ZONE N=15, E=16, F=FEPOINT, ET=TRIANGLE
-0.76296 -0.251218 0 0 0 0 
-0.78497 -0.23422 0 0 0 0 
-0.806979 -0.217221 0 0 0 0 
-0.828989 -0.200223 0 0 0 0 
-0.850998 -0.183224 0 0 0 0 
-0.783075 -0.267652 0 0 0 0 
-0.805085 -0.250653 0 0 0 0 
-0.827094 -0.233654 0 0 0 0 
-0.849104 -0.216656 0 0 0 0 
-0.80319 -0.284085 0 0 0 0 
-0.8252 -0.267086 0 0 0 0 
-0.847209 -0.250088 0 0 0 0 
-0.823305 -0.300518 0 0 0 0 
-0.845314 -0.283519 0 0 0 0 
-0.84342 -0.316951 0 0 0 0 
1 2 6
2 7 6
2 3 7
3 8 7
3 4 8
4 9 8
4 5 9
6 7 10
7 11 10
7 8 11
8 12 11
8 9 12
10 11 13
11 14 13
11 12 14
13 14 15
ZONE N=15, E=16, F=FEPOINT, ET=TRIANGLE
-0.92388 -0.382683 0 0 0 0 
-0.897659 -0.394251 0 0 0 0 
-0.871439 -0.405818 0 0 0 0 
-0.845219 -0.417386 0 0 0 0 
-0.818999 -0.428953 0 0 0 0 
-0.903765 -0.36625 0 0 0 0 
-0.877544 -0.377818 0 0 0 0 
-0.851324 -0.389385 0 0 0 0 
-0.825104 -0.400953 0 0 0 0 
-0.88365 -0.349817 0 0 0 0 
-0.857429 -0.361385 0 0 0 0 
-0.831209 -0.372952 0 0 0 0 
-0.863535 -0.333384 0 0 0 0 
-0.837315 -0.344951 0 0 0 0 
-0.84342 -0.316951 0 0 0 0 
1 2 6
2 7 6
2 3 7
3 8 7
3 4 8
4 9 8
4 5 9
6 7 10
7 11 10
7 8 11
8 12 11
8 9 12
10 11 13
11 14 13
11 12 14
13 14 15
ZONE N=15, E=16, F=FEPOINT, ET=TRIANGLE
-0.84342 -0.316951 0 0 0 0 
-0.837315 -0.344951 0 0 0 0 
-0.831209 -0.372952 0 0 0 0 
-0.825104 -0.400953 0 0 0 0 
-0.818999 -0.428953 0 0 0 0 
-0.809538 -0.337896 0 0 0 0 
-0.803433 -0.365897 0 0 0 0 
-0.797327 -0.393898 0 0 0 0 
-0.791222 -0.421898 0 0 0 0 
-0.775656 -0.358842 0 0 0 0 
-0.769551 -0.386843 0 0 0 0 
-0.763446 -0.414843 0 0 0 0 
-0.741774 -0.379788 0 0 0 0 
-0.735669 -0.407788 0 0 0 0 
-0.707893 -0.400733 0 0 0 0 
1 2 6
2 7 6
2 3 7
3 8 7
3 4 8
4 9 8
4 5 9
6 7 10
7 11 10
7 8 11
8 12 11
8 9 12
10 11 13
11 14 13
11 12 14
13 14 15
ZONE N=15, E=16, F=FEPOINT, ET=TRIANGLE
-0.77301 -0.634393 0 0 0 0 
-0.733034 -0.640323 0 0 0 0 
-0.693058 -0.646253 0 0 0 0 
-0.653081 -0.652182 0 0 0 0 
-0.613105 -0.658112 0 0 0 0 
-0.75709 -0.603769 0 0 0 0 
-0.717114 -0.609699 0 0 0 0 
-0.677137 -0.615629 0 0 0 0 
-0.637161 -0.621558 0 0 0 0 
-0.74117 -0.573145 0 0 0 0 
-0.701194 -0.579075 0 0 0 0 
-0.661217 -0.585004 0 0 0 0 
-0.72525 -0.542521 0 0 0 0 
-0.685274 -0.548451 0 0 0 0 
-0.70933 -0.511897 0 0 0 0 
1 2 6
2 7 6
2 3 7
3 8 7
3 4 8
4 9 8
4 5 9
6 7 10
7 11 10
7 8 11
8 12 11
8 9 12
10 11 13
11 14 13
11 12 14
13 14 15
ZONE N=15, E=16, F=FEPOINT, ET=TRIANGLE
-0.818999 -0.428953 0 0 0 0 
-0.845219 -0.417386 0 0 0 0 
-0.871439 -0.405818 0 0 0 0 
-0.897659 -0.394251 0 0 0 0 
-0.92388 -0.382683 0 0 0 0 
-0.822116 -0.460607 0 0 0 0 
-0.848337 -0.44904 0 0 0 0 
-0.874557 -0.437473 0 0 0 0 
-0.900777 -0.425905 0 0 0 0 
-0.825234 -0.492262 0 0 0 0 
-0.851454 -0.480694 0 0 0 0 
-0.877675 -0.469127 0 0 0 0 
-0.828352 -0.523916 0 0 0 0 
-0.854572 -0.512349 0 0 0 0 
-0.83147 -0.55557 0 0 0 0 
1 2 6
2 7 6
2 3 7
3 8 7
3 4 8
4 9 8
4 5 9
6 7 10
7 11 10
7 8 11
8 12 11
8 9 12
10 11 13
11 14 13
11 12 14
13 14 15
ZONE N=15, E=16, F=FEPOINT, ET=TRIANGLE
-0.83147 -0.55557 0 0 0 0 
-0.800935 -0.544652 0 0 0 0 
-0.7704 -0.533734 0 0 0 0 
-0.739865 -0.522815 0 0 0 0 
-0.70933 -0.511897 0 0 0 0 
-0.828352 -0.523916 0 0 0 0 
-0.797817 -0.512998 0 0 0 0 
-0.767282 -0.502079 0 0 0 0 
-0.736747 -0.491161 0 0 0 0 
-0.825234 -0.492262 0 0 0 0 
-0.794699 -0.481343 0 0 0 0 
-0.764164 -0.470425 0 0 0 0 
-0.822116 -0.460607 0 0 0 0 
-0.791581 -0.449689 0 0 0 0 
-0.818999 -0.428953 0 0 0 0 
1 2 6
2 7 6
2 3 7
3 8 7
3 4 8
4 9 8
4 5 9
6 7 10
7 11 10
7 8 11
8 12 11
8 9 12
10 11 13
11 14 13
11 12 14
13 14 15
ZONE N=15, E=16, F=FEPOINT, ET=TRIANGLE
-0.670917 -0.302216 0 0 0 0 
-0.693928 -0.289467 0 0 0 0 
-0.716939 -0.276717 0 0 0 0 
-0.739949 -0.263968 0 0 0 0 
-0.76296 -0.251218 0 0 0 0 
-0.680161 -0.326845 0 0 0 0 
-0.703172 -0.314096 0 0 0 0 
-0.726182 -0.301347 0 0 0 0 
-0.749193 -0.288597 0 0 0 0 
-0.689405 -0.351475 0 0 0 0 
-0.712416 -0.338725 0 0 0 0 
-0.735426 -0.325976 0 0 0 0 
-0.698649 -0.376104 0 0 0 0 
-0.72166 -0.363354 0 0 0 0 
-0.707893 -0.400733 0 0 0 0 
1 2 6
2 7 6
2 3 7
3 8 7
3 4 8
4 9 8
4 5 9
6 7 10
7 11 10
7 8 11
8 12 11
8 9 12
10 11 13
11 14 13
11 12 14
13 14 15
ZONE N=15, E=16, F=FEPOINT, ET=TRIANGLE
-0.609249 0.100987 0 0 0 0 
-0.613031 0.0686428 0 0 0 0 
-0.616814 0.0362989 0 0 0 0 
-0.620596 0.00395505 0 0 0 0 
-0.624378 -0.0283888 0 0 0 0 
-0.581937 0.07574 0 0 0 0 
-0.585719 0.0433961 0 0 0 0 
-0.589501 0.0110523 0 0 0 0 
-0.593283 -0.0212916 0 0 0 0 
-0.554625 0.0504934 0 0 0 0 
-0.558407 0.0181495 0 0 0 0 
-0.562189 -0.0141944 0 0 0 0 
-0.527312 0.0252467 0 0 0 0 
-0.531094 -0.00709721 0 0 0 0 
-0.5 0 0 0 0 0 
1 2 6
2 7 6
2 3 7
3 8 7
3 4 8
4 9 8
4 5 9
6 7 10
7 11 10
7 8 11
8 12 11
8 9 12
10 11 13
11 14 13
11 12 14
13 14 15
ZONE N=15, E=16, F=FEPOINT, ET=TRIANGLE
-0.696035 0.0771617 0 0 0 0 
-0.709527 0.0951674 0 0 0 0 
-0.723018 0.113173 0 0 0 0 
-0.736509 0.131179 0 0 0 0 
-0.75 0.149184 0 0 0 0 
-0.708996 0.0587708 0 0 0 0 
-0.722487 0.0767764 0 0 0 0 
-0.735979 0.094782 0 0 0 0 
-0.74947 0.112788 0 0 0 0 
-0.721957 0.0403798 0 0 0 0 
-0.735448 0.0583854 0 0 0 0 
-0.74894 0.076391 0 0 0 0 
-0.734918 0.0219888 0 0 0 0 
-0.748409 0.0399944 0 0 0 0 
-0.747879 0.00359781 0 0 0 0 
1 2 6
2 7 6
2 3 7
3 8 7
3 4 8
4 9 8
4 5 9
6 7 10
7 11 10
7 8 11
8 12 11
8 9 12
10 11 13
11 14 13
11 12 14
13 14 15
ZONE N=15, E=16, F=FEPOINT, ET=TRIANGLE
-0.624378 -0.0283888 0 0 0 0 
-0.642292 -0.00200118 0 0 0 0 
-0.660207 0.0243865 0 0 0 0 
-0.678121 0.0507741 0 0 0 0 
-0.696035 0.0771617 0 0 0 0 
-0.655253 -0.0203922 0 0 0 0 
-0.673167 0.00599548 0 0 0 0 
-0.691082 0.0323831 0 0 0 0 
-0.708996 0.0587708 0 0 0 0 
-0.686128 -0.0123955 0 0 0 0 
-0.704043 0.0139921 0 0 0 0 
-0.721957 0.0403798 0 0 0 0 
-0.717004 -0.00439885 0 0 0 0 
-0.734918 0.0219888 0 0 0 0 
-0.747879 0.00359781 0 0 0 0 
1 2 6
2 7 6
2 3 7
3 8 7
3 4 8
4 9 8
4 5 9
6 7 10
7 11 10
7 8 11
8 12 11
8 9 12
10 11 13
11 14 13
11 12 14
13 14 15
ZONE N=15, E=16, F=FEPOINT, ET=TRIANGLE
-0.624378 -0.0283888 0 0 0 0 
-0.655253 -0.0203922 0 0 0 0 
-0.686128 -0.0123955 0 0 0 0 
-0.717004 -0.00439885 0 0 0 0 
-0.747879 0.00359781 0 0 0 0 
-0.652217 -0.0525354 0 0 0 0 
-0.683092 -0.0445388 0 0 0 0 
-0.713968 -0.0365421 0 0 0 0 
-0.744843 -0.0285455 0 0 0 0 
-0.680056 -0.0766821 0 0 0 0 
-0.710932 -0.0686854 0 0 0 0 
-0.741807 -0.0606887 0 0 0 0 
-0.707896 -0.100829 0 0 0 0 
-0.738771 -0.092832 0 0 0 0 
-0.735735 -0.124975 0 0 0 0 
1 2 6
2 7 6
2 3 7
3 8 7
3 4 8
4 9 8
4 5 9
6 7 10
7 11 10
7 8 11
8 12 11
8 9 12
10 11 13
11 14 13
11 12 14
13 14 15
ZONE N=15, E=16, F=FEPOINT, ET=TRIANGLE
-0.606693 -0.218861 0 0 0 0 
-0.638954 -0.19539 0 0 0 0 
-0.671214 -0.171918 0 0 0 0 
-0.703475 -0.148447 0 0 0 0 
-0.735735 -0.124975 0 0 0 0 
-0.64576 -0.22695 0 0 0 0 
-0.678021 -0.203479 0 0 0 0 
-0.710281 -0.180007 0 0 0 0 
-0.742541 -0.156536 0 0 0 0 
-0.684827 -0.23504 0 0 0 0 
-0.717087 -0.211568 0 0 0 0 
-0.749348 -0.188097 0 0 0 0 
-0.723894 -0.243129 0 0 0 0 
-0.756154 -0.219658 0 0 0 0 
-0.76296 -0.251218 0 0 0 0 
1 2 6
2 7 6
2 3 7
3 8 7
3 4 8
4 9 8
4 5 9
6 7 10
7 11 10
7 8 11
8 12 11
8 9 12
10 11 13
11 14 13
11 12 14
13 14 15
ZONE N=15, E=16, F=FEPOINT, ET=TRIANGLE
0.100587 -0.152942 0 0 0 0 
0.10669 -0.114706 0 0 0 0 
0.112793 -0.0764709 0 0 0 0 
0.118897 -0.0382355 0 0 0 0 
0.125 0 0 0 0 0 
0.083411 -0.137446 0 0 0 0 
0.0895144 -0.0992106 0 0 0 0 
0.0956177 -0.0609751 0 0 0 0 
0.101721 -0.0227397 0 0 0 0 
0.0662355 -0.12195 0 0 0 0 
0.0723388 -0.0837148 0 0 0 0 
0.0784422 -0.0454793 0 0 0 0 
0.0490599 -0.106454 0 0 0 0 
0.0551633 -0.068219 0 0 0 0 
0.0318843 -0.0909587 0 0 0 0 
1 2 6
2 7 6
2 3 7
3 8 7
3 4 8
4 9 8
4 5 9
6 7 10
7 11 10
7 8 11
8 12 11
8 9 12
10 11 13
11 14 13
11 12 14
13 14 15
ZONE N=15, E=16, F=FEPOINT, ET=TRIANGLE
0.0335288 -0.225825 0 0 0 0 
0.0502932 -0.207604 0 0 0 0 
0.0670577 -0.189383 0 0 0 0 
0.0838221 -0.171163 0 0 0 0 
0.100587 -0.152942 0 0 0 0 
0.0167745 -0.209815 0 0 0 0 
0.0335389 -0.191594 0 0 0 0 
0.0503033 -0.173374 0 0 0 0 
0.0670678 -0.155153 0 0 0 0 
2.0131e-05 -0.193805 0 0 0 0 
0.0167846 -0.175585 0 0 0 0 
0.033549 -0.157364 0 0 0 0 
-0.0167342 -0.177796 0 0 0 0 
3.02452e-05 -0.159575 0 0 0 0 
-0.0334885 -0.161786 0 0 0 0 
1 2 6
2 7 6
2 3 7
3 8 7
3 4 8
4 9 8
4 5 9
6 7 10
7 11 10
7 8 11
8 12 11
8 9 12
10 11 13
11 14 13
11 12 14
13 14 15
ZONE N=15, E=16, F=FEPOINT, ET=TRIANGLE
-0.125 0 0 0 0 0 
-0.140625 -0.0254953 0 0 0 0 
-0.15625 -0.0509906 0 0 0 0 
-0.171875 -0.0764859 0 0 0 0 
-0.1875 -0.101981 0 0 0 0 
-0.109375 -0.0178554 0 0 0 0 
-0.125 -0.0433507 0 0 0 0 
-0.140625 -0.068846 0 0 0 0 
-0.15625 -0.0943413 0 0 0 0 
-0.09375 -0.0357109 0 0 0 0 
-0.109375 -0.0612062 0 0 0 0 
-0.125 -0.0867015 0 0 0 0 
-0.078125 -0.0535663 0 0 0 0 
-0.09375 -0.0790616 0 0 0 0 
-0.0625 -0.0714218 0 0 0 0 
1 2 6
2 7 6
2 3 7
3 8 7
3 4 8
4 9 8
4 5 9
6 7 10
7 11 10
7 8 11
8 12 11
8 9 12
10 11 13
11 14 13
11 12 14
13 14 15
ZONE N=15, E=16, F=FEPOINT, ET=TRIANGLE
-0.0625 -0.0714218 0 0 0 0 
-0.0389039 -0.076306 0 0 0 0 
-0.0153078 -0.0811902 0 0 0 0 
0.00828826 -0.0860745 0 0 0 0 
0.0318843 -0.0909587 0 0 0 0 
-0.046875 -0.0535663 0 0 0 0 
-0.0232789 -0.0584506 0 0 0 0 
0.000317175 -0.0633348 0 0 0 0 
0.0239133 -0.068219 0 0 0 0 
-0.03125 -0.0357109 0 0 0 0 
-0.00765391 -0.0405951 0 0 0 0 
0.0159422 -0.0454793 0 0 0 0 
-0.015625 -0.0178554 0 0 0 0 
0.00797109 -0.0227397 0 0 0 0 
0 0 0 0 0 0 
1 2 6
2 7 6
2 3 7
3 8 7
3 4 8
4 9 8
4 5 9
6 7 10
7 11 10
7 8 11
8 12 11
8 9 12
10 11 13
11 14 13
11 12 14
13 14 15
ZONE N=15, E=16, F=FEPOINT, ET=TRIANGLE
-0.196906 -0.323356 0 0 0 0 
-0.19419 -0.348761 0 0 0 0 
-0.191474 -0.374165 0 0 0 0 
-0.188758 -0.39957 0 0 0 0 
-0.186042 -0.424975 0 0 0 0 
-0.171892 -0.312838 0 0 0 0 
-0.169176 -0.338243 0 0 0 0 
-0.16646 -0.363648 0 0 0 0 
-0.163744 -0.389053 0 0 0 0 
-0.146878 -0.302321 0 0 0 0 
-0.144162 -0.327726 0 0 0 0 
-0.141445 -0.353131 0 0 0 0 
-0.121864 -0.291804 0 0 0 0 
-0.119147 -0.317209 0 0 0 0 
-0.0968492 -0.281287 0 0 0 0 
1 2 6
2 7 6
2 3 7
3 8 7
3 4 8
4 9 8
4 5 9
6 7 10
7 11 10
7 8 11
8 12 11
8 9 12
10 11 13
11 14 13
11 12 14
13 14 15
ZONE N=15, E=16, F=FEPOINT, ET=TRIANGLE
0.125 0 0 0 0 0 
0.09375 0 0 0 0 0 
0.0625 0 0 0 0 0 
0.03125 0 0 0 0 0 
0 0 0 0 0 0 
0.101721 -0.0227397 0 0 0 0 
0.0704711 -0.0227397 0 0 0 0 
0.0392211 -0.0227397 0 0 0 0 
0.00797109 -0.0227397 0 0 0 0 
0.0784422 -0.0454793 0 0 0 0 
0.0471922 -0.0454793 0 0 0 0 
0.0159422 -0.0454793 0 0 0 0 
0.0551633 -0.068219 0 0 0 0 
0.0239133 -0.068219 0 0 0 0 
0.0318843 -0.0909587 0 0 0 0 
1 2 6
2 7 6
2 3 7
3 8 7
3 4 8
4 9 8
4 5 9
6 7 10
7 11 10
7 8 11
8 12 11
8 9 12
10 11 13
11 14 13
11 12 14
13 14 15
ZONE N=15, E=16, F=FEPOINT, ET=TRIANGLE
0.1875 -0.121194 0 0 0 0 
0.208525 -0.112858 0 0 0 0 
0.22955 -0.104523 0 0 0 0 
0.250576 -0.0961876 0 0 0 0 
0.271601 -0.0878522 0 0 0 0 
0.203125 -0.0908951 0 0 0 0 
0.22415 -0.0825598 0 0 0 0 
0.245175 -0.0742245 0 0 0 0 
0.266201 -0.0658892 0 0 0 0 
0.21875 -0.0605968 0 0 0 0 
0.239775 -0.0522614 0 0 0 0 
0.2608 -0.0439261 0 0 0 0 
0.234375 -0.0302984 0 0 0 0 
0.2554 -0.0219631 0 0 0 0 
0.25 0 0 0 0 0 
1 2 6
2 7 6
2 3 7
3 8 7
3 4 8
4 9 8
4 5 9
6 7 10
7 11 10
7 8 11
8 12 11
8 9 12
10 11 13
11 14 13
11 12 14
13 14 15
ZONE N=15, E=16, F=FEPOINT, ET=TRIANGLE
0.1875 -0.121194 0 0 0 0 
0.171875 -0.0908951 0 0 0 0 
0.15625 -0.0605968 0 0 0 0 
0.140625 -0.0302984 0 0 0 0 
0.125 0 0 0 0 0 
0.165772 -0.129131 0 0 0 0 
0.150147 -0.0988322 0 0 0 0 
0.134522 -0.0685338 0 0 0 0 
0.118897 -0.0382355 0 0 0 0 
0.144043 -0.137068 0 0 0 0 
0.128418 -0.106769 0 0 0 0 
0.112793 -0.0764709 0 0 0 0 
0.122315 -0.145005 0 0 0 0 
0.10669 -0.114706 0 0 0 0 
0.100587 -0.152942 0 0 0 0 
1 2 6
2 7 6
2 3 7
3 8 7
3 4 8
4 9 8
4 5 9
6 7 10
7 11 10
7 8 11
8 12 11
8 9 12
10 11 13
11 14 13
11 12 14
13 14 15
ZONE N=15, E=16, F=FEPOINT, ET=TRIANGLE
-0.458276 0.212777 0 0 0 0 
-0.469227 0.186418 0 0 0 0 
-0.480177 0.160059 0 0 0 0 
-0.491127 0.133699 0 0 0 0 
-0.502078 0.10734 0 0 0 0 
-0.4375 0.190238 0 0 0 0 
-0.44845 0.163878 0 0 0 0 
-0.4594 0.137519 0 0 0 0 
-0.47035 0.11116 0 0 0 0 
-0.416723 0.167698 0 0 0 0 
-0.427673 0.141339 0 0 0 0 
-0.438623 0.114979 0 0 0 0 
-0.395946 0.145159 0 0 0 0 
-0.406896 0.118799 0 0 0 0 
-0.375169 0.122619 0 0 0 0 
1 2 6
2 7 6
2 3 7
3 8 7
3 4 8
4 9 8
4 5 9
6 7 10
7 11 10
7 8 11
8 12 11
8 9 12
10 11 13
11 14 13
11 12 14
13 14 15
ZONE N=15, E=16, F=FEPOINT, ET=TRIANGLE
-0.637566 -0.12567 0 0 0 0 
-0.634269 -0.10135 0 0 0 0 
-0.630972 -0.0770296 0 0 0 0 
-0.627675 -0.0527092 0 0 0 0 
-0.624378 -0.0283888 0 0 0 0 
-0.662109 -0.125497 0 0 0 0 
-0.658811 -0.101176 0 0 0 0 
-0.655514 -0.0768558 0 0 0 0 
-0.652217 -0.0525354 0 0 0 0 
-0.686651 -0.125323 0 0 0 0 
-0.683354 -0.101002 0 0 0 0 
-0.680056 -0.0766821 0 0 0 0 
-0.711193 -0.125149 0 0 0 0 
-0.707896 -0.100829 0 0 0 0 
-0.735735 -0.124975 0 0 0 0 
1 2 6
2 7 6
2 3 7
3 8 7
3 4 8
4 9 8
4 5 9
6 7 10
7 11 10
7 8 11
8 12 11
8 9 12
10 11 13
11 14 13
11 12 14
13 14 15
ZONE N=15, E=16, F=FEPOINT, ET=TRIANGLE
0.354078 0.132257 0 0 0 0 
0.312433 0.126257 0 0 0 0 
0.270789 0.120258 0 0 0 0 
0.229144 0.114259 0 0 0 0 
0.1875 0.108259 0 0 0 0 
0.328058 0.0991926 0 0 0 0 
0.286414 0.0931932 0 0 0 0 
0.244769 0.0871938 0 0 0 0 
0.203125 0.0811944 0 0 0 0 
0.302039 0.0661284 0 0 0 0 
0.260394 0.060129 0 0 0 0 
0.21875 0.0541296 0 0 0 0 
0.276019 0.0330642 0 0 0 0 
0.234375 0.0270648 0 0 0 0 
0.25 0 0 0 0 0 
1 2 6
2 7 6
2 3 7
3 8 7
3 4 8
4 9 8
4 5 9
6 7 10
7 11 10
7 8 11
8 12 11
8 9 12
10 11 13
11 14 13
11 12 14
13 14 15
ZONE N=15, E=16, F=FEPOINT, ET=TRIANGLE
-0.0374373 0.38501 0 0 0 0 
-0.032962 0.413169 0 0 0 0 
-0.0284866 0.441329 0 0 0 0 
-0.0240112 0.469489 0 0 0 0 
-0.0195359 0.497649 0 0 0 0 
-0.0541224 0.401719 0 0 0 0 
-0.0496471 0.429879 0 0 0 0 
-0.0451717 0.458039 0 0 0 0 
-0.0406963 0.486199 0 0 0 0 
-0.0708075 0.418429 0 0 0 0 
-0.0663322 0.446588 0 0 0 0 
-0.0618568 0.474748 0 0 0 0 
-0.0874926 0.435138 0 0 0 0 
-0.0830173 0.463298 0 0 0 0 
-0.104178 0.451848 0 0 0 0 
1 2 6
2 7 6
2 3 7
3 8 7
3 4 8
4 9 8
4 5 9
6 7 10
7 11 10
7 8 11
8 12 11
8 9 12
10 11 13
11 14 13
11 12 14
13 14 15
ZONE N=15, E=16, F=FEPOINT, ET=TRIANGLE
0.124755 -0.24226 0 0 0 0 
0.157291 -0.239925 0 0 0 0 
0.189827 -0.237589 0 0 0 0 
0.222363 -0.235253 0 0 0 0 
0.2549 -0.232917 0 0 0 0 
0.140441 -0.211994 0 0 0 0 
0.172977 -0.209658 0 0 0 0 
0.205514 -0.207322 0 0 0 0 
0.23805 -0.204986 0 0 0 0 
0.156127 -0.181727 0 0 0 0 
0.188664 -0.179391 0 0 0 0 
0.2212 -0.177056 0 0 0 0 
0.171814 -0.15146 0 0 0 0 
0.20435 -0.149125 0 0 0 0 
0.1875 -0.121194 0 0 0 0 
1 2 6
2 7 6
2 3 7
3 8 7
3 4 8
4 9 8
4 5 9
6 7 10
7 11 10
7 8 11
8 12 11
8 9 12
10 11 13
11 14 13
11 12 14
13 14 15
ZONE N=15, E=16, F=FEPOINT, ET=TRIANGLE
0.2549 -0.232917 0 0 0 0 
0.279177 -0.207018 0 0 0 0 
0.303454 -0.181118 0 0 0 0 
0.32773 -0.155218 0 0 0 0 
0.352007 -0.129318 0 0 0 0 
0.259075 -0.196651 0 0 0 0 
0.283352 -0.170751 0 0 0 0 
0.307629 -0.144852 0 0 0 0 
0.331906 -0.118952 0 0 0 0 
0.26325 -0.160385 0 0 0 0 
0.287527 -0.134485 0 0 0 0 
0.311804 -0.108585 0 0 0 0 
0.267426 -0.124119 0 0 0 0 
0.291703 -0.0982187 0 0 0 0 
0.271601 -0.0878522 0 0 0 0 
1 2 6
2 7 6
2 3 7
3 8 7
3 4 8
4 9 8
4 5 9
6 7 10
7 11 10
7 8 11
8 12 11
8 9 12
10 11 13
11 14 13
11 12 14
13 14 15
ZONE N=15, E=16, F=FEPOINT, ET=TRIANGLE
0.25 0 0 0 0 0 
0.234375 0.0270648 0 0 0 0 
0.21875 0.0541296 0 0 0 0 
0.203125 0.0811944 0 0 0 0 
0.1875 0.108259 0 0 0 0 
0.21875 0 0 0 0 0 
0.203125 0.0270648 0 0 0 0 
0.1875 0.0541296 0 0 0 0 
0.171875 0.0811944 0 0 0 0 
0.1875 0 0 0 0 0 
0.171875 0.0270648 0 0 0 0 
0.15625 0.0541296 0 0 0 0 
0.15625 0 0 0 0 0 
0.140625 0.0270648 0 0 0 0 
0.125 0 0 0 0 0 
1 2 6
2 7 6
2 3 7
3 8 7
3 4 8
4 9 8
4 5 9
6 7 10
7 11 10
7 8 11
8 12 11
8 9 12
10 11 13
11 14 13
11 12 14
13 14 15
ZONE N=15, E=16, F=FEPOINT, ET=TRIANGLE
-0.0165269 0.250907 0 0 0 0 
0.00322983 0.215529 0 0 0 0 
0.0229866 0.180152 0 0 0 0 
0.0427433 0.144774 0 0 0 0 
0.0625 0.109397 0 0 0 0 
0.0110288 0.24309 0 0 0 0 
0.0307855 0.207712 0 0 0 0 
0.0505422 0.172335 0 0 0 0 
0.0702989 0.136957 0 0 0 0 
0.0385844 0.235273 0 0 0 0 
0.0583411 0.199896 0 0 0 0 
0.0780979 0.164518 0 0 0 0 
0.0661401 0.227456 0 0 0 0 
0.0858968 0.192079 0 0 0 0 
0.0936957 0.21964 0 0 0 0 
1 2 6
2 7 6
2 3 7
3 8 7
3 4 8
4 9 8
4 5 9
6 7 10
7 11 10
7 8 11
8 12 11
8 9 12
10 11 13
11 14 13
11 12 14
13 14 15
ZONE N=15, E=16, F=FEPOINT, ET=TRIANGLE
-0.606693 -0.218861 0 0 0 0 
-0.57389 -0.22219 0 0 0 0 
-0.541087 -0.225518 0 0 0 0 
-0.508284 -0.228847 0 0 0 0 
-0.475481 -0.232176 0 0 0 0 
-0.589729 -0.193272 0 0 0 0 
-0.556926 -0.1966 0 0 0 0 
-0.524123 -0.199929 0 0 0 0 
-0.49132 -0.203258 0 0 0 0 
-0.572765 -0.167682 0 0 0 0 
-0.539962 -0.171011 0 0 0 0 
-0.507159 -0.17434 0 0 0 0 
-0.555801 -0.142093 0 0 0 0 
-0.522998 -0.145422 0 0 0 0 
-0.538837 -0.116504 0 0 0 0 
1 2 6
2 7 6
2 3 7
3 8 7
3 4 8
4 9 8
4 5 9
6 7 10
7 11 10
7 8 11
8 12 11
8 9 12
10 11 13
11 14 13
11 12 14
13 14 15
ZONE N=15, E=16, F=FEPOINT, ET=TRIANGLE
-0.447781 -0.0821325 0 0 0 0 
-0.454706 -0.119643 0 0 0 0 
-0.461631 -0.157154 0 0 0 0 
-0.468556 -0.194665 0 0 0 0 
-0.475481 -0.232176 0 0 0 0 
-0.429586 -0.0982868 0 0 0 0 
-0.436511 -0.135798 0 0 0 0 
-0.443436 -0.173308 0 0 0 0 
-0.450361 -0.210819 0 0 0 0 
-0.411391 -0.114441 0 0 0 0 
-0.418316 -0.151952 0 0 0 0 
-0.42524 -0.189463 0 0 0 0 
-0.393195 -0.130595 0 0 0 0 
-0.40012 -0.168106 0 0 0 0 
-0.375 -0.14675 0 0 0 0 
1 2 6
2 7 6
2 3 7
3 8 7
3 4 8
4 9 8
4 5 9
6 7 10
7 11 10
7 8 11
8 12 11
8 9 12
10 11 13
11 14 13
11 12 14
13 14 15
ZONE N=15, E=16, F=FEPOINT, ET=TRIANGLE
-0.475481 -0.232176 0 0 0 0 
-0.508284 -0.228847 0 0 0 0 
-0.541087 -0.225518 0 0 0 0 
-0.57389 -0.22219 0 0 0 0 
-0.606693 -0.218861 0 0 0 0 
-0.494563 -0.266309 0 0 0 0 
-0.527367 -0.26298 0 0 0 0 
-0.56017 -0.259652 0 0 0 0 
-0.592973 -0.256323 0 0 0 0 
-0.513646 -0.300442 0 0 0 0 
-0.546449 -0.297113 0 0 0 0 
-0.579252 -0.293785 0 0 0 0 
-0.532729 -0.334575 0 0 0 0 
-0.565532 -0.331247 0 0 0 0 
-0.551811 -0.368708 0 0 0 0 
1 2 6
2 7 6
2 3 7
3 8 7
3 4 8
4 9 8
4 5 9
6 7 10
7 11 10
7 8 11
8 12 11
8 9 12
10 11 13
11 14 13
11 12 14
13 14 15
ZONE N=15, E=16, F=FEPOINT, ET=TRIANGLE
-0.551811 -0.368708 0 0 0 0 
-0.527378 -0.359967 0 0 0 0 
-0.502945 -0.351226 0 0 0 0 
-0.478512 -0.342485 0 0 0 0 
-0.454079 -0.333744 0 0 0 0 
-0.532729 -0.334575 0 0 0 0 
-0.508296 -0.325834 0 0 0 0 
-0.483863 -0.317093 0 0 0 0 
-0.45943 -0.308352 0 0 0 0 
-0.513646 -0.300442 0 0 0 0 
-0.489213 -0.291701 0 0 0 0 
-0.46478 -0.28296 0 0 0 0 
-0.494563 -0.266309 0 0 0 0 
-0.47013 -0.257568 0 0 0 0 
-0.475481 -0.232176 0 0 0 0 
1 2 6
2 7 6
2 3 7
3 8 7
3 4 8
4 9 8
4 5 9
6 7 10
7 11 10
7 8 11
8 12 11
8 9 12
10 11 13
11 14 13
11 12 14
13 14 15
ZONE N=15, E=16, F=FEPOINT, ET=TRIANGLE
-0.25 0 0 0 0 0 
-0.281292 0.0306548 0 0 0 0 
-0.312584 0.0613095 0 0 0 0 
-0.343876 0.0919643 0 0 0 0 
-0.375169 0.122619 0 0 0 0 
-0.28125 0 0 0 0 0 
-0.312542 0.0306548 0 0 0 0 
-0.343834 0.0613095 0 0 0 0 
-0.375126 0.0919643 0 0 0 0 
-0.3125 0 0 0 0 0 
-0.343792 0.0306548 0 0 0 0 
-0.375084 0.0613095 0 0 0 0 
-0.34375 0 0 0 0 0 
-0.375042 0.0306548 0 0 0 0 
-0.375 0 0 0 0 0 
1 2 6
2 7 6
2 3 7
3 8 7
3 4 8
4 9 8
4 5 9
6 7 10
7 11 10
7 8 11
8 12 11
8 9 12
10 11 13
11 14 13
11 12 14
13 14 15
ZONE N=15, E=16, F=FEPOINT, ET=TRIANGLE
-0.538837 -0.116504 0 0 0 0 
-0.522998 -0.145422 0 0 0 0 
-0.507159 -0.17434 0 0 0 0 
-0.49132 -0.203258 0 0 0 0 
-0.475481 -0.232176 0 0 0 0 
-0.516073 -0.107911 0 0 0 0 
-0.500234 -0.136829 0 0 0 0 
-0.484395 -0.165747 0 0 0 0 
-0.468556 -0.194665 0 0 0 0 
-0.493309 -0.0993182 0 0 0 0 
-0.47747 -0.128236 0 0 0 0 
-0.461631 -0.157154 0 0 0 0 
-0.470545 -0.0907253 0 0 0 0 
-0.454706 -0.119643 0 0 0 0 
-0.447781 -0.0821325 0 0 0 0 
1 2 6
2 7 6
2 3 7
3 8 7
3 4 8
4 9 8
4 5 9
6 7 10
7 11 10
7 8 11
8 12 11
8 9 12
10 11 13
11 14 13
11 12 14
13 14 15
ZONE N=15, E=16, F=FEPOINT, ET=TRIANGLE
-0.447781 -0.0821325 0 0 0 0 
-0.460836 -0.0615993 0 0 0 0 
-0.473891 -0.0410662 0 0 0 0 
-0.486945 -0.0205331 0 0 0 0 
-0.5 0 0 0 0 0 
-0.470545 -0.0907253 0 0 0 0 
-0.4836 -0.0701922 0 0 0 0 
-0.496655 -0.0496591 0 0 0 0 
-0.509709 -0.029126 0 0 0 0 
-0.493309 -0.0993182 0 0 0 0 
-0.506364 -0.078785 0 0 0 0 
-0.519419 -0.0582519 0 0 0 0 
-0.516073 -0.107911 0 0 0 0 
-0.529128 -0.0873779 0 0 0 0 
-0.538837 -0.116504 0 0 0 0 
1 2 6
2 7 6
2 3 7
3 8 7
3 4 8
4 9 8
4 5 9
6 7 10
7 11 10
7 8 11
8 12 11
8 9 12
10 11 13
11 14 13
11 12 14
13 14 15
ZONE N=15, E=16, F=FEPOINT, ET=TRIANGLE
-0.375 -0.14675 0 0 0 0 
-0.375 -0.110062 0 0 0 0 
-0.375 -0.0733748 0 0 0 0 
-0.375 -0.0366874 0 0 0 0 
-0.375 0 0 0 0 0 
-0.393195 -0.130595 0 0 0 0 
-0.393195 -0.093908 0 0 0 0 
-0.393195 -0.0572205 0 0 0 0 
-0.393195 -0.0205331 0 0 0 0 
-0.411391 -0.114441 0 0 0 0 
-0.411391 -0.0777537 0 0 0 0 
-0.411391 -0.0410662 0 0 0 0 
-0.429586 -0.0982868 0 0 0 0 
-0.429586 -0.0615993 0 0 0 0 
-0.447781 -0.0821325 0 0 0 0 
1 2 6
2 7 6
2 3 7
3 8 7
3 4 8
4 9 8
4 5 9
6 7 10
7 11 10
7 8 11
8 12 11
8 9 12
10 11 13
11 14 13
11 12 14
13 14 15
ZONE N=15, E=16, F=FEPOINT, ET=TRIANGLE
-0.637566 -0.12567 0 0 0 0 
-0.662109 -0.125497 0 0 0 0 
-0.686651 -0.125323 0 0 0 0 
-0.711193 -0.125149 0 0 0 0 
-0.735735 -0.124975 0 0 0 0 
-0.629848 -0.148968 0 0 0 0 
-0.65439 -0.148794 0 0 0 0 
-0.678933 -0.14862 0 0 0 0 
-0.703475 -0.148447 0 0 0 0 
-0.62213 -0.172266 0 0 0 0 
-0.646672 -0.172092 0 0 0 0 
-0.671214 -0.171918 0 0 0 0 
-0.614412 -0.195563 0 0 0 0 
-0.638954 -0.19539 0 0 0 0 
-0.606693 -0.218861 0 0 0 0 
1 2 6
2 7 6
2 3 7
3 8 7
3 4 8
4 9 8
4 5 9
6 7 10
7 11 10
7 8 11
8 12 11
8 9 12
10 11 13
11 14 13
11 12 14
13 14 15
ZONE N=15, E=16, F=FEPOINT, ET=TRIANGLE
-0.606693 -0.218861 0 0 0 0 
-0.589729 -0.193272 0 0 0 0 
-0.572765 -0.167682 0 0 0 0 
-0.555801 -0.142093 0 0 0 0 
-0.538837 -0.116504 0 0 0 0 
-0.614412 -0.195563 0 0 0 0 
-0.597448 -0.169974 0 0 0 0 
-0.580483 -0.144385 0 0 0 0 
-0.563519 -0.118795 0 0 0 0 
-0.62213 -0.172266 0 0 0 0 
-0.605166 -0.146676 0 0 0 0 
-0.588202 -0.121087 0 0 0 0 
-0.629848 -0.148968 0 0 0 0 
-0.612884 -0.123379 0 0 0 0 
-0.637566 -0.12567 0 0 0 0 
1 2 6
2 7 6
2 3 7
3 8 7
3 4 8
4 9 8
4 5 9
6 7 10
7 11 10
7 8 11
8 12 11
8 9 12
10 11 13
11 14 13
11 12 14
13 14 15
ZONE N=15, E=16, F=FEPOINT, ET=TRIANGLE
-0.0625 0.125173 0 0 0 0 
-0.03125 0.121229 0 0 0 0 
-6.93889e-18 0.117285 0 0 0 0 
0.03125 0.113341 0 0 0 0 
0.0625 0.109397 0 0 0 0 
-0.0510067 0.156606 0 0 0 0 
-0.0197567 0.152662 0 0 0 0 
0.0114933 0.148718 0 0 0 0 
0.0427433 0.144774 0 0 0 0 
-0.0395134 0.18804 0 0 0 0 
-0.00826345 0.184096 0 0 0 0 
0.0229866 0.180152 0 0 0 0 
-0.0280202 0.219473 0 0 0 0 
0.00322983 0.215529 0 0 0 0 
-0.0165269 0.250907 0 0 0 0 
1 2 6
2 7 6
2 3 7
3 8 7
3 4 8
4 9 8
4 5 9
6 7 10
7 11 10
7 8 11
8 12 11
8 9 12
10 11 13
11 14 13
11 12 14
13 14 15
ZONE N=15, E=16, F=FEPOINT, ET=TRIANGLE
-0.0374373 0.38501 0 0 0 0 
-0.0322097 0.351484 0 0 0 0 
-0.0269821 0.317958 0 0 0 0 
-0.0217545 0.284432 0 0 0 0 
-0.0165269 0.250907 0 0 0 0 
-0.00598524 0.372279 0 0 0 0 
-0.000757636 0.338753 0 0 0 0 
0.00446997 0.305228 0 0 0 0 
0.00969758 0.271702 0 0 0 0 
0.0254668 0.359548 0 0 0 0 
0.0306944 0.326023 0 0 0 0 
0.035922 0.292497 0 0 0 0 
0.0569189 0.346818 0 0 0 0 
0.0621465 0.313292 0 0 0 0 
0.088371 0.334087 0 0 0 0 
1 2 6
2 7 6
2 3 7
3 8 7
3 4 8
4 9 8
4 5 9
6 7 10
7 11 10
7 8 11
8 12 11
8 9 12
10 11 13
11 14 13
11 12 14
13 14 15
ZONE N=15, E=16, F=FEPOINT, ET=TRIANGLE
0.0318843 -0.0909587 0 0 0 0 
0.0155411 -0.108665 0 0 0 0 
-0.000802087 -0.126372 0 0 0 0 
-0.0171453 -0.144079 0 0 0 0 
-0.0334885 -0.161786 0 0 0 0 
0.0490599 -0.106454 0 0 0 0 
0.0327167 -0.124161 0 0 0 0 
0.0163735 -0.141868 0 0 0 0 
3.02452e-05 -0.159575 0 0 0 0 
0.0662355 -0.12195 0 0 0 0 
0.0498922 -0.139657 0 0 0 0 
0.033549 -0.157364 0 0 0 0 
0.083411 -0.137446 0 0 0 0 
0.0670678 -0.155153 0 0 0 0 
0.100587 -0.152942 0 0 0 0 
1 2 6
2 7 6
2 3 7
3 8 7
3 4 8
4 9 8
4 5 9
6 7 10
7 11 10
7 8 11
8 12 11
8 9 12
10 11 13
11 14 13
11 12 14
13 14 15
ZONE N=15, E=16, F=FEPOINT, ET=TRIANGLE
0.100587 -0.152942 0 0 0 0 
0.106629 -0.175271 0 0 0 0 
0.112671 -0.197601 0 0 0 0 
0.118713 -0.219931 0 0 0 0 
0.124755 -0.24226 0 0 0 0 
0.122315 -0.145005 0 0 0 0 
0.128357 -0.167334 0 0 0 0 
0.134399 -0.189664 0 0 0 0 
0.140441 -0.211994 0 0 0 0 
0.144043 -0.137068 0 0 0 0 
0.150085 -0.159397 0 0 0 0 
0.156127 -0.181727 0 0 0 0 
0.165772 -0.129131 0 0 0 0 
0.171814 -0.15146 0 0 0 0 
0.1875 -0.121194 0 0 0 0 
1 2 6
2 7 6
2 3 7
3 8 7
3 4 8
4 9 8
4 5 9
6 7 10
7 11 10
7 8 11
8 12 11
8 9 12
10 11 13
11 14 13
11 12 14
13 14 15
ZONE N=15, E=16, F=FEPOINT, ET=TRIANGLE
0.26384 -0.35745 0 0 0 0 
0.233146 -0.35912 0 0 0 0 
0.202452 -0.360791 0 0 0 0 
0.171758 -0.362461 0 0 0 0 
0.141064 -0.364131 0 0 0 0 
0.249477 -0.385162 0 0 0 0 
0.218783 -0.386833 0 0 0 0 
0.188089 -0.388503 0 0 0 0 
0.157395 -0.390173 0 0 0 0 
0.235115 -0.412875 0 0 0 0 
0.204421 -0.414545 0 0 0 0 
0.173727 -0.416216 0 0 0 0 
0.220752 -0.440587 0 0 0 0 
0.190058 -0.442258 0 0 0 0 
0.20639 -0.4683 0 0 0 0 
1 2 6
2 7 6
2 3 7
3 8 7
3 4 8
4 9 8
4 5 9
6 7 10
7 11 10
7 8 11
8 12 11
8 9 12
10 11 13
11 14 13
11 12 14
13 14 15
ZONE N=15, E=16, F=FEPOINT, ET=TRIANGLE
0.370745 -0.292957 0 0 0 0 
0.370536 -0.322823 0 0 0 0 
0.370327 -0.35269 0 0 0 0 
0.370118 -0.382556 0 0 0 0 
0.369909 -0.412422 0 0 0 0 
0.395007 -0.30806 0 0 0 0 
0.394798 -0.337927 0 0 0 0 
0.394589 -0.367793 0 0 0 0 
0.39438 -0.39766 0 0 0 0 
0.419269 -0.323164 0 0 0 0 
0.41906 -0.353031 0 0 0 0 
0.418851 -0.382897 0 0 0 0 
0.443531 -0.338268 0 0 0 0 
0.443322 -0.368134 0 0 0 0 
0.467793 -0.353372 0 0 0 0 
1 2 6
2 7 6
2 3 7
3 8 7
3 4 8
4 9 8
4 5 9
6 7 10
7 11 10
7 8 11
8 12 11
8 9 12
10 11 13
11 14 13
11 12 14
13 14 15
ZONE N=15, E=16, F=FEPOINT, ET=TRIANGLE
0.261728 0.183153 0 0 0 0 
0.284815 0.170429 0 0 0 0 
0.307903 0.157705 0 0 0 0 
0.33099 0.144981 0 0 0 0 
0.354078 0.132257 0 0 0 0 
0.289833 0.195715 0 0 0 0 
0.312921 0.18299 0 0 0 0 
0.336008 0.170266 0 0 0 0 
0.359096 0.157542 0 0 0 0 
0.317939 0.208276 0 0 0 0 
0.341026 0.195552 0 0 0 0 
0.364114 0.182827 0 0 0 0 
0.346044 0.220837 0 0 0 0 
0.369131 0.208113 0 0 0 0 
0.374149 0.233398 0 0 0 0 
1 2 6
2 7 6
2 3 7
3 8 7
3 4 8
4 9 8
4 5 9
6 7 10
7 11 10
7 8 11
8 12 11
8 9 12
10 11 13
11 14 13
11 12 14
13 14 15
ZONE N=15, E=16, F=FEPOINT, ET=TRIANGLE
0.088371 0.334087 0 0 0 0 
0.0621465 0.313292 0 0 0 0 
0.035922 0.292497 0 0 0 0 
0.00969758 0.271702 0 0 0 0 
-0.0165269 0.250907 0 0 0 0 
0.0897022 0.305475 0 0 0 0 
0.0634777 0.28468 0 0 0 0 
0.0372532 0.263885 0 0 0 0 
0.0110288 0.24309 0 0 0 0 
0.0910333 0.276863 0 0 0 0 
0.0648089 0.256068 0 0 0 0 
0.0385844 0.235273 0 0 0 0 
0.0923645 0.248252 0 0 0 0 
0.0661401 0.227456 0 0 0 0 
0.0936957 0.21964 0 0 0 0 
1 2 6
2 7 6
2 3 7
3 8 7
3 4 8
4 9 8
4 5 9
6 7 10
7 11 10
7 8 11
8 12 11
8 9 12
10 11 13
11 14 13
11 12 14
13 14 15
ZONE N=15, E=16, F=FEPOINT, ET=TRIANGLE
-0.279766 -0.263531 0 0 0 0 
-0.304612 -0.258567 0 0 0 0 
-0.329459 -0.253602 0 0 0 0 
-0.354306 -0.248638 0 0 0 0 
-0.379152 -0.243673 0 0 0 0 
-0.297403 -0.281723 0 0 0 0 
-0.322249 -0.276759 0 0 0 0 
-0.347096 -0.271794 0 0 0 0 
-0.371942 -0.26683 0 0 0 0 
-0.315039 -0.299915 0 0 0 0 
-0.339886 -0.294951 0 0 0 0 
-0.364732 -0.289986 0 0 0 0 
-0.332676 -0.318107 0 0 0 0 
-0.357522 -0.313143 0 0 0 0 
-0.350313 -0.336299 0 0 0 0 
1 2 6
2 7 6
2 3 7
3 8 7
3 4 8
4 9 8
4 5 9
6 7 10
7 11 10
7 8 11
8 12 11
8 9 12
10 11 13
11 14 13
11 12 14
13 14 15
ZONE N=15, E=16, F=FEPOINT, ET=TRIANGLE
-0.379152 -0.243673 0 0 0 0 
-0.378114 -0.219442 0 0 0 0 
-0.377076 -0.195211 0 0 0 0 
-0.376038 -0.170981 0 0 0 0 
-0.375 -0.14675 0 0 0 0 
-0.403234 -0.240799 0 0 0 0 
-0.402196 -0.216568 0 0 0 0 
-0.401158 -0.192337 0 0 0 0 
-0.40012 -0.168106 0 0 0 0 
-0.427317 -0.237924 0 0 0 0 
-0.426278 -0.213694 0 0 0 0 
-0.42524 -0.189463 0 0 0 0 
-0.451399 -0.23505 0 0 0 0 
-0.450361 -0.210819 0 0 0 0 
-0.475481 -0.232176 0 0 0 0 
1 2 6
2 7 6
2 3 7
3 8 7
3 4 8
4 9 8
4 5 9
6 7 10
7 11 10
7 8 11
8 12 11
8 9 12
10 11 13
11 14 13
11 12 14
13 14 15
ZONE N=15, E=16, F=FEPOINT, ET=TRIANGLE
-0.186042 -0.424975 0 0 0 0 
-0.188758 -0.39957 0 0 0 0 
-0.191474 -0.374165 0 0 0 0 
-0.19419 -0.348761 0 0 0 0 
-0.196906 -0.323356 0 0 0 0 
-0.227109 -0.402806 0 0 0 0 
-0.229826 -0.377401 0 0 0 0 
-0.232542 -0.351996 0 0 0 0 
-0.235258 -0.326592 0 0 0 0 
-0.268177 -0.380637 0 0 0 0 
-0.270893 -0.355232 0 0 0 0 
-0.273609 -0.329828 0 0 0 0 
-0.309245 -0.358468 0 0 0 0 
-0.311961 -0.333063 0 0 0 0 
-0.350313 -0.336299 0 0 0 0 
1 2 6
2 7 6
2 3 7
3 8 7
3 4 8
4 9 8
4 5 9
6 7 10
7 11 10
7 8 11
8 12 11
8 9 12
10 11 13
11 14 13
11 12 14
13 14 15
ZONE N=15, E=16, F=FEPOINT, ET=TRIANGLE
-0.1875 -0.221591 0 0 0 0 
-0.208704 -0.206639 0 0 0 0 
-0.229908 -0.191688 0 0 0 0 
-0.251111 -0.176737 0 0 0 0 
-0.272315 -0.161786 0 0 0 0 
-0.210566 -0.232076 0 0 0 0 
-0.23177 -0.217125 0 0 0 0 
-0.252974 -0.202173 0 0 0 0 
-0.274178 -0.187222 0 0 0 0 
-0.233633 -0.242561 0 0 0 0 
-0.254837 -0.22761 0 0 0 0 
-0.276041 -0.212659 0 0 0 0 
-0.256699 -0.253046 0 0 0 0 
-0.277903 -0.238095 0 0 0 0 
-0.279766 -0.263531 0 0 0 0 
1 2 6
2 7 6
2 3 7
3 8 7
3 4 8
4 9 8
4 5 9
6 7 10
7 11 10
7 8 11
8 12 11
8 9 12
10 11 13
11 14 13
11 12 14
13 14 15
ZONE N=15, E=16, F=FEPOINT, ET=TRIANGLE
-0.453543 -0.489313 0 0 0 0 
-0.427735 -0.45106 0 0 0 0 
-0.401928 -0.412806 0 0 0 0 
-0.37612 -0.374553 0 0 0 0 
-0.350313 -0.336299 0 0 0 0 
-0.453677 -0.450421 0 0 0 0 
-0.427869 -0.412167 0 0 0 0 
-0.402062 -0.373914 0 0 0 0 
-0.376254 -0.33566 0 0 0 0 
-0.453811 -0.411528 0 0 0 0 
-0.428003 -0.373275 0 0 0 0 
-0.402196 -0.335022 0 0 0 0 
-0.453945 -0.372636 0 0 0 0 
-0.428138 -0.334383 0 0 0 0 
-0.454079 -0.333744 0 0 0 0 
1 2 6
2 7 6
2 3 7
3 8 7
3 4 8
4 9 8
4 5 9
6 7 10
7 11 10
7 8 11
8 12 11
8 9 12
10 11 13
11 14 13
11 12 14
13 14 15
ZONE N=15, E=16, F=FEPOINT, ET=TRIANGLE
0.20639 -0.4683 0 0 0 0 
0.210123 -0.496196 0 0 0 0 
0.213856 -0.524093 0 0 0 0 
0.217589 -0.551989 0 0 0 0 
0.221322 -0.579886 0 0 0 0 
0.233285 -0.480207 0 0 0 0 
0.237018 -0.508104 0 0 0 0 
0.240752 -0.536 0 0 0 0 
0.244485 -0.563897 0 0 0 0 
0.260181 -0.492115 0 0 0 0 
0.263914 -0.520011 0 0 0 0 
0.267647 -0.547908 0 0 0 0 
0.287077 -0.504022 0 0 0 0 
0.29081 -0.531919 0 0 0 0 
0.313972 -0.515929 0 0 0 0 
1 2 6
2 7 6
2 3 7
3 8 7
3 4 8
4 9 8
4 5 9
6 7 10
7 11 10
7 8 11
8 12 11
8 9 12
10 11 13
11 14 13
11 12 14
13 14 15
ZONE N=15, E=16, F=FEPOINT, ET=TRIANGLE
-0.279766 -0.263531 0 0 0 0 
-0.297403 -0.281723 0 0 0 0 
-0.315039 -0.299915 0 0 0 0 
-0.332676 -0.318107 0 0 0 0 
-0.350313 -0.336299 0 0 0 0 
-0.259051 -0.278487 0 0 0 0 
-0.276688 -0.296679 0 0 0 0 
-0.294324 -0.314871 0 0 0 0 
-0.311961 -0.333063 0 0 0 0 
-0.238336 -0.293444 0 0 0 0 
-0.255973 -0.311636 0 0 0 0 
-0.273609 -0.329828 0 0 0 0 
-0.217621 -0.3084 0 0 0 0 
-0.235258 -0.326592 0 0 0 0 
-0.196906 -0.323356 0 0 0 0 
1 2 6
2 7 6
2 3 7
3 8 7
3 4 8
4 9 8
4 5 9
6 7 10
7 11 10
7 8 11
8 12 11
8 9 12
10 11 13
11 14 13
11 12 14
13 14 15
ZONE N=15, E=16, F=FEPOINT, ET=TRIANGLE
-0.186042 -0.424975 0 0 0 0 
-0.143963 -0.407629 0 0 0 0 
-0.101884 -0.390282 0 0 0 0 
-0.0598054 -0.372936 0 0 0 0 
-0.0177266 -0.355589 0 0 0 0 
-0.163744 -0.389053 0 0 0 0 
-0.121665 -0.371707 0 0 0 0 
-0.079586 -0.35436 0 0 0 0 
-0.0375073 -0.337014 0 0 0 0 
-0.141445 -0.353131 0 0 0 0 
-0.0993667 -0.335785 0 0 0 0 
-0.0572879 -0.318438 0 0 0 0 
-0.119147 -0.317209 0 0 0 0 
-0.0770686 -0.299862 0 0 0 0 
-0.0968492 -0.281287 0 0 0 0 
1 2 6
2 7 6
2 3 7
3 8 7
3 4 8
4 9 8
4 5 9
6 7 10
7 11 10
7 8 11
8 12 11
8 9 12
10 11 13
11 14 13
11 12 14
13 14 15
ZONE N=15, E=16, F=FEPOINT, ET=TRIANGLE
0.0594375 -0.401335 0 0 0 0 
0.0961756 -0.418076 0 0 0 0 
0.132914 -0.434817 0 0 0 0 
0.169652 -0.451558 0 0 0 0 
0.20639 -0.4683 0 0 0 0 
0.0798441 -0.392034 0 0 0 0 
0.116582 -0.408775 0 0 0 0 
0.15332 -0.425516 0 0 0 0 
0.190058 -0.442258 0 0 0 0 
0.100251 -0.382733 0 0 0 0 
0.136989 -0.399474 0 0 0 0 
0.173727 -0.416216 0 0 0 0 
0.120657 -0.373432 0 0 0 0 
0.157395 -0.390173 0 0 0 0 
0.141064 -0.364131 0 0 0 0 
1 2 6
2 7 6
2 3 7
3 8 7
3 4 8
4 9 8
4 5 9
6 7 10
7 11 10
7 8 11
8 12 11
8 9 12
10 11 13
11 14 13
11 12 14
13 14 15
ZONE N=15, E=16, F=FEPOINT, ET=TRIANGLE
0.2549 -0.232917 0 0 0 0 
0.257135 -0.264051 0 0 0 0 
0.25937 -0.295184 0 0 0 0 
0.261605 -0.326317 0 0 0 0 
0.26384 -0.35745 0 0 0 0 
0.283861 -0.247927 0 0 0 0 
0.286096 -0.27906 0 0 0 0 
0.288331 -0.310193 0 0 0 0 
0.290566 -0.341327 0 0 0 0 
0.312823 -0.262937 0 0 0 0 
0.315058 -0.29407 0 0 0 0 
0.317293 -0.325203 0 0 0 0 
0.341784 -0.277947 0 0 0 0 
0.344019 -0.30908 0 0 0 0 
0.370745 -0.292957 0 0 0 0 
1 2 6
2 7 6
2 3 7
3 8 7
3 4 8
4 9 8
4 5 9
6 7 10
7 11 10
7 8 11
8 12 11
8 9 12
10 11 13
11 14 13
11 12 14
13 14 15
ZONE N=15, E=16, F=FEPOINT, ET=TRIANGLE
0.0679611 -0.311887 0 0 0 0 
0.059353 -0.290372 0 0 0 0 
0.0507449 -0.268856 0 0 0 0 
0.0421369 -0.247341 0 0 0 0 
0.0335288 -0.225825 0 0 0 0 
0.0465391 -0.322813 0 0 0 0 
0.0379311 -0.301297 0 0 0 0 
0.029323 -0.279782 0 0 0 0 
0.0207149 -0.258266 0 0 0 0 
0.0251172 -0.333738 0 0 0 0 
0.0165092 -0.312223 0 0 0 0 
0.00790108 -0.290707 0 0 0 0 
0.0036953 -0.344664 0 0 0 0 
-0.00491277 -0.323148 0 0 0 0 
-0.0177266 -0.355589 0 0 0 0 
1 2 6
2 7 6
2 3 7
3 8 7
3 4 8
4 9 8
4 5 9
6 7 10
7 11 10
7 8 11
8 12 11
8 9 12
10 11 13
11 14 13
11 12 14
13 14 15
ZONE N=15, E=16, F=FEPOINT, ET=TRIANGLE
-0.0968492 -0.281287 0 0 0 0 
-0.0810091 -0.251412 0 0 0 0 
-0.0651689 -0.221536 0 0 0 0 
-0.0493287 -0.191661 0 0 0 0 
-0.0334885 -0.161786 0 0 0 0 
-0.119512 -0.266363 0 0 0 0 
-0.103672 -0.236488 0 0 0 0 
-0.0878316 -0.206612 0 0 0 0 
-0.0719914 -0.176737 0 0 0 0 
-0.142175 -0.251439 0 0 0 0 
-0.126334 -0.221563 0 0 0 0 
-0.110494 -0.191688 0 0 0 0 
-0.164837 -0.236515 0 0 0 0 
-0.148997 -0.206639 0 0 0 0 
-0.1875 -0.221591 0 0 0 0 
1 2 6
2 7 6
2 3 7
3 8 7
3 4 8
4 9 8
4 5 9
6 7 10
7 11 10
7 8 11
8 12 11
8 9 12
10 11 13
11 14 13
11 12 14
13 14 15
ZONE N=15, E=16, F=FEPOINT, ET=TRIANGLE
0.0936957 0.21964 0 0 0 0 
0.0858968 0.192079 0 0 0 0 
0.0780979 0.164518 0 0 0 0 
0.0702989 0.136957 0 0 0 0 
0.0625 0.109397 0 0 0 0 
0.117147 0.191794 0 0 0 0 
0.109348 0.164234 0 0 0 0 
0.101549 0.136673 0 0 0 0 
0.09375 0.109112 0 0 0 0 
0.140598 0.163949 0 0 0 0 
0.132799 0.136389 0 0 0 0 
0.125 0.108828 0 0 0 0 
0.164049 0.136104 0 0 0 0 
0.15625 0.108544 0 0 0 0 
0.1875 0.108259 0 0 0 0 
1 2 6
2 7 6
2 3 7
3 8 7
3 4 8
4 9 8
4 5 9
6 7 10
7 11 10
7 8 11
8 12 11
8 9 12
10 11 13
11 14 13
11 12 14
13 14 15
ZONE N=15, E=16, F=FEPOINT, ET=TRIANGLE
0.0936957 0.21964 0 0 0 0 
0.135704 0.210518 0 0 0 0 
0.177712 0.201396 0 0 0 0 
0.21972 0.192275 0 0 0 0 
0.261728 0.183153 0 0 0 0 
0.115221 0.234978 0 0 0 0 
0.157229 0.225856 0 0 0 0 
0.199237 0.216735 0 0 0 0 
0.241245 0.207613 0 0 0 0 
0.136746 0.250316 0 0 0 0 
0.178754 0.241195 0 0 0 0 
0.220762 0.232073 0 0 0 0 
0.158271 0.265655 0 0 0 0 
0.200279 0.256533 0 0 0 0 
0.179797 0.280993 0 0 0 0 
1 2 6
2 7 6
2 3 7
3 8 7
3 4 8
4 9 8
4 5 9
6 7 10
7 11 10
7 8 11
8 12 11
8 9 12
10 11 13
11 14 13
11 12 14
13 14 15
ZONE N=15, E=16, F=FEPOINT, ET=TRIANGLE
0.537833 0.319572 0 0 0 0 
0.50572 0.346625 0 0 0 0 
0.473607 0.373677 0 0 0 0 
0.441494 0.40073 0 0 0 0 
0.409382 0.427782 0 0 0 0 
0.496057 0.323793 0 0 0 0 
0.463944 0.350845 0 0 0 0 
0.431831 0.377898 0 0 0 0 
0.399718 0.404951 0 0 0 0 
0.45428 0.328014 0 0 0 0 
0.422167 0.355066 0 0 0 0 
0.390055 0.382119 0 0 0 0 
0.412504 0.332234 0 0 0 0 
0.380391 0.359287 0 0 0 0 
0.370728 0.336455 0 0 0 0 
1 2 6
2 7 6
2 3 7
3 8 7
3 4 8
4 9 8
4 5 9
6 7 10
7 11 10
7 8 11
8 12 11
8 9 12
10 11 13
11 14 13
11 12 14
13 14 15
ZONE N=15, E=16, F=FEPOINT, ET=TRIANGLE
0.253691 0.817288 0 0 0 0 
0.246674 0.778539 0 0 0 0 
0.239656 0.73979 0 0 0 0 
0.232638 0.701041 0 0 0 0 
0.22562 0.662292 0 0 0 0 
0.271355 0.794079 0 0 0 0 
0.264337 0.75533 0 0 0 0 
0.257319 0.716581 0 0 0 0 
0.250301 0.677832 0 0 0 0 
0.289018 0.77087 0 0 0 0 
0.282 0.732121 0 0 0 0 
0.274982 0.693372 0 0 0 0 
0.306681 0.747661 0 0 0 0 
0.299663 0.708912 0 0 0 0 
0.324344 0.724452 0 0 0 0 
1 2 6
2 7 6
2 3 7
3 8 7
3 4 8
4 9 8
4 5 9
6 7 10
7 11 10
7 8 11
8 12 11
8 9 12
10 11 13
11 14 13
11 12 14
13 14 15
ZONE N=15, E=16, F=FEPOINT, ET=TRIANGLE
0.1875 0.108259 0 0 0 0 
0.206057 0.126983 0 0 0 0 
0.224614 0.145706 0 0 0 0 
0.243171 0.16443 0 0 0 0 
0.261728 0.183153 0 0 0 0 
0.164049 0.136104 0 0 0 0 
0.182606 0.154828 0 0 0 0 
0.201163 0.173551 0 0 0 0 
0.21972 0.192275 0 0 0 0 
0.140598 0.163949 0 0 0 0 
0.159155 0.182673 0 0 0 0 
0.177712 0.201396 0 0 0 0 
0.117147 0.191794 0 0 0 0 
0.135704 0.210518 0 0 0 0 
0.0936957 0.21964 0 0 0 0 
1 2 6
2 7 6
2 3 7
3 8 7
3 4 8
4 9 8
4 5 9
6 7 10
7 11 10
7 8 11
8 12 11
8 9 12
10 11 13
11 14 13
11 12 14
13 14 15
ZONE N=15, E=16, F=FEPOINT, ET=TRIANGLE
0.224257 0.462813 0 0 0 0 
0.203611 0.450586 0 0 0 0 
0.182966 0.438358 0 0 0 0 
0.162321 0.42613 0 0 0 0 
0.141676 0.413902 0 0 0 0 
0.224634 0.438635 0 0 0 0 
0.203988 0.426407 0 0 0 0 
0.183343 0.414179 0 0 0 0 
0.162698 0.401951 0 0 0 0 
0.225011 0.414456 0 0 0 0 
0.204365 0.402228 0 0 0 0 
0.18372 0.39 0 0 0 0 
0.225387 0.390277 0 0 0 0 
0.204742 0.37805 0 0 0 0 
0.225764 0.366099 0 0 0 0 
1 2 6
2 7 6
2 3 7
3 8 7
3 4 8
4 9 8
4 5 9
6 7 10
7 11 10
7 8 11
8 12 11
8 9 12
10 11 13
11 14 13
11 12 14
13 14 15
ZONE N=15, E=16, F=FEPOINT, ET=TRIANGLE
0.281319 0.56598 0 0 0 0 
0.304359 0.555221 0 0 0 0 
0.327399 0.544463 0 0 0 0 
0.350439 0.533705 0 0 0 0 
0.373478 0.522946 0 0 0 0 
0.30696 0.580516 0 0 0 0 
0.329999 0.569758 0 0 0 0 
0.353039 0.558999 0 0 0 0 
0.376079 0.548241 0 0 0 0 
0.3326 0.595052 0 0 0 0 
0.35564 0.584294 0 0 0 0 
0.378679 0.573535 0 0 0 0 
0.35824 0.609588 0 0 0 0 
0.38128 0.59883 0 0 0 0 
0.38388 0.624124 0 0 0 0 
1 2 6
2 7 6
2 3 7
3 8 7
3 4 8
4 9 8
4 5 9
6 7 10
7 11 10
7 8 11
8 12 11
8 9 12
10 11 13
11 14 13
11 12 14
13 14 15
ZONE N=15, E=16, F=FEPOINT, ET=TRIANGLE
0.0251656 0.669183 0 0 0 0 
0.0597472 0.644386 0 0 0 0 
0.0943287 0.61959 0 0 0 0 
0.12891 0.594793 0 0 0 0 
0.163492 0.569997 0 0 0 0 
0.0507162 0.682685 0 0 0 0 
0.0852977 0.657889 0 0 0 0 
0.119879 0.633092 0 0 0 0 
0.154461 0.608295 0 0 0 0 
0.0762668 0.696187 0 0 0 0 
0.110848 0.671391 0 0 0 0 
0.14543 0.646594 0 0 0 0 
0.101817 0.70969 0 0 0 0 
0.136399 0.684893 0 0 0 0 
0.127368 0.723192 0 0 0 0 
1 2 6
2 7 6
2 3 7
3 8 7
3 4 8
4 9 8
4 5 9
6 7 10
7 11 10
7 8 11
8 12 11
8 9 12
10 11 13
11 14 13
11 12 14
13 14 15
ZONE N=15, E=16, F=FEPOINT, ET=TRIANGLE
0.088371 0.334087 0 0 0 0 
0.101697 0.354041 0 0 0 0 
0.115024 0.373995 0 0 0 0 
0.12835 0.393948 0 0 0 0 
0.141676 0.413902 0 0 0 0 
0.0851957 0.371461 0 0 0 0 
0.098522 0.391414 0 0 0 0 
0.111848 0.411368 0 0 0 0 
0.125175 0.431322 0 0 0 0 
0.0820203 0.408834 0 0 0 0 
0.0953466 0.428787 0 0 0 0 
0.108673 0.448741 0 0 0 0 
0.078845 0.446207 0 0 0 0 
0.0921713 0.46616 0 0 0 0 
0.0756697 0.48358 0 0 0 0 
1 2 6
2 7 6
2 3 7
3 8 7
3 4 8
4 9 8
4 5 9
6 7 10
7 11 10
7 8 11
8 12 11
8 9 12
10 11 13
11 14 13
11 12 14
13 14 15
ZONE N=15, E=16, F=FEPOINT, ET=TRIANGLE
-0.0374373 0.38501 0 0 0 0 
-0.00598524 0.372279 0 0 0 0 
0.0254668 0.359548 0 0 0 0 
0.0569189 0.346818 0 0 0 0 
0.088371 0.334087 0 0 0 0 
-0.00916056 0.409652 0 0 0 0 
0.0222915 0.396922 0 0 0 0 
0.0537436 0.384191 0 0 0 0 
0.0851957 0.371461 0 0 0 0 
0.0191162 0.434295 0 0 0 0 
0.0505683 0.421564 0 0 0 0 
0.0820203 0.408834 0 0 0 0 
0.0473929 0.458937 0 0 0 0 
0.078845 0.446207 0 0 0 0 
0.0756697 0.48358 0 0 0 0 
1 2 6
2 7 6
2 3 7
3 8 7
3 4 8
4 9 8
4 5 9
6 7 10
7 11 10
7 8 11
8 12 11
8 9 12
10 11 13
11 14 13
11 12 14
13 14 15
ZONE N=15, E=16, F=FEPOINT, ET=TRIANGLE
0.46152 -0.255295 0 0 0 0 
0.438826 -0.264711 0 0 0 0 
0.416133 -0.274126 0 0 0 0 
0.393439 -0.283541 0 0 0 0 
0.370745 -0.292957 0 0 0 0 
0.463088 -0.279814 0 0 0 0 
0.440395 -0.28923 0 0 0 0 
0.417701 -0.298645 0 0 0 0 
0.395007 -0.30806 0 0 0 0 
0.464657 -0.304333 0 0 0 0 
0.441963 -0.313749 0 0 0 0 
0.419269 -0.323164 0 0 0 0 
0.466225 -0.328853 0 0 0 0 
0.443531 -0.338268 0 0 0 0 
0.467793 -0.353372 0 0 0 0 
1 2 6
2 7 6
2 3 7
3 8 7
3 4 8
4 9 8
4 5 9
6 7 10
7 11 10
7 8 11
8 12 11
8 9 12
10 11 13
11 14 13
11 12 14
13 14 15
ZONE N=15, E=16, F=FEPOINT, ET=TRIANGLE
0.375 0 0 0 0 0 
0.34375 0 0 0 0 0 
0.3125 0 0 0 0 0 
0.28125 0 0 0 0 0 
0.25 0 0 0 0 0 
0.34915 -0.0219631 0 0 0 0 
0.3179 -0.0219631 0 0 0 0 
0.28665 -0.0219631 0 0 0 0 
0.2554 -0.0219631 0 0 0 0 
0.3233 -0.0439261 0 0 0 0 
0.29205 -0.0439261 0 0 0 0 
0.2608 -0.0439261 0 0 0 0 
0.297451 -0.0658892 0 0 0 0 
0.266201 -0.0658892 0 0 0 0 
0.271601 -0.0878522 0 0 0 0 
1 2 6
2 7 6
2 3 7
3 8 7
3 4 8
4 9 8
4 5 9
6 7 10
7 11 10
7 8 11
8 12 11
8 9 12
10 11 13
11 14 13
11 12 14
13 14 15
ZONE N=15, E=16, F=FEPOINT, ET=TRIANGLE
0.2549 -0.232917 0 0 0 0 
0.226441 -0.265721 0 0 0 0 
0.197982 -0.298524 0 0 0 0 
0.169523 -0.331328 0 0 0 0 
0.141064 -0.364131 0 0 0 0 
0.257135 -0.264051 0 0 0 0 
0.228676 -0.296854 0 0 0 0 
0.200217 -0.329657 0 0 0 0 
0.171758 -0.362461 0 0 0 0 
0.25937 -0.295184 0 0 0 0 
0.230911 -0.327987 0 0 0 0 
0.202452 -0.360791 0 0 0 0 
0.261605 -0.326317 0 0 0 0 
0.233146 -0.35912 0 0 0 0 
0.26384 -0.35745 0 0 0 0 
1 2 6
2 7 6
2 3 7
3 8 7
3 4 8
4 9 8
4 5 9
6 7 10
7 11 10
7 8 11
8 12 11
8 9 12
10 11 13
11 14 13
11 12 14
13 14 15
ZONE N=15, E=16, F=FEPOINT, ET=TRIANGLE
0.370745 -0.292957 0 0 0 0 
0.366061 -0.252047 0 0 0 0 
0.361376 -0.211137 0 0 0 0 
0.356692 -0.170228 0 0 0 0 
0.352007 -0.129318 0 0 0 0 
0.341784 -0.277947 0 0 0 0 
0.3371 -0.237037 0 0 0 0 
0.332415 -0.196128 0 0 0 0 
0.32773 -0.155218 0 0 0 0 
0.312823 -0.262937 0 0 0 0 
0.308138 -0.222027 0 0 0 0 
0.303454 -0.181118 0 0 0 0 
0.283861 -0.247927 0 0 0 0 
0.279177 -0.207018 0 0 0 0 
0.2549 -0.232917 0 0 0 0 
1 2 6
2 7 6
2 3 7
3 8 7
3 4 8
4 9 8
4 5 9
6 7 10
7 11 10
7 8 11
8 12 11
8 9 12
10 11 13
11 14 13
11 12 14
13 14 15
ZONE N=15, E=16, F=FEPOINT, ET=TRIANGLE
0.354078 0.132257 0 0 0 0 
0.328058 0.0991926 0 0 0 0 
0.302039 0.0661284 0 0 0 0 
0.276019 0.0330642 0 0 0 0 
0.25 0 0 0 0 0 
0.359308 0.0991926 0 0 0 0 
0.333289 0.0661284 0 0 0 0 
0.307269 0.0330642 0 0 0 0 
0.28125 0 0 0 0 0 
0.364539 0.0661284 0 0 0 0 
0.338519 0.0330642 0 0 0 0 
0.3125 0 0 0 0 0 
0.369769 0.0330642 0 0 0 0 
0.34375 0 0 0 0 0 
0.375 0 0 0 0 0 
1 2 6
2 7 6
2 3 7
3 8 7
3 4 8
4 9 8
4 5 9
6 7 10
7 11 10
7 8 11
8 12 11
8 9 12
10 11 13
11 14 13
11 12 14
13 14 15
ZONE N=15, E=16, F=FEPOINT, ET=TRIANGLE
0.370728 0.336455 0 0 0 0 
0.371583 0.310691 0 0 0 0 
0.372438 0.284927 0 0 0 0 
0.373294 0.259162 0 0 0 0 
0.374149 0.233398 0 0 0 0 
0.395998 0.313952 0 0 0 0 
0.396853 0.288188 0 0 0 0 
0.397708 0.262424 0 0 0 0 
0.398564 0.236659 0 0 0 0 
0.421267 0.291449 0 0 0 0 
0.422123 0.265685 0 0 0 0 
0.422978 0.239921 0 0 0 0 
0.446537 0.268946 0 0 0 0 
0.447393 0.243182 0 0 0 0 
0.471807 0.246443 0 0 0 0 
1 2 6
2 7 6
2 3 7
3 8 7
3 4 8
4 9 8
4 5 9
6 7 10
7 11 10
7 8 11
8 12 11
8 9 12
10 11 13
11 14 13
11 12 14
13 14 15
ZONE N=15, E=16, F=FEPOINT, ET=TRIANGLE
-0.173141 0.387306 0 0 0 0 
-0.193125 0.357758 0 0 0 0 
-0.213108 0.328211 0 0 0 0 
-0.233091 0.298663 0 0 0 0 
-0.253075 0.269116 0 0 0 0 
-0.15646 0.370375 0 0 0 0 
-0.176443 0.340827 0 0 0 0 
-0.196427 0.31128 0 0 0 0 
-0.21641 0.281732 0 0 0 0 
-0.139778 0.353444 0 0 0 0 
-0.159762 0.323897 0 0 0 0 
-0.179745 0.294349 0 0 0 0 
-0.123097 0.336514 0 0 0 0 
-0.14308 0.306966 0 0 0 0 
-0.106416 0.319583 0 0 0 0 
1 2 6
2 7 6
2 3 7
3 8 7
3 4 8
4 9 8
4 5 9
6 7 10
7 11 10
7 8 11
8 12 11
8 9 12
10 11 13
11 14 13
11 12 14
13 14 15
ZONE N=15, E=16, F=FEPOINT, ET=TRIANGLE
-0.149429 0.234798 0 0 0 0 
-0.116204 0.238825 0 0 0 0 
-0.0829782 0.242853 0 0 0 0 
-0.0497525 0.24688 0 0 0 0 
-0.0165269 0.250907 0 0 0 0 
-0.138676 0.255994 0 0 0 0 
-0.10545 0.260022 0 0 0 0 
-0.0722247 0.264049 0 0 0 0 
-0.0389991 0.268076 0 0 0 0 
-0.127923 0.277191 0 0 0 0 
-0.0946969 0.281218 0 0 0 0 
-0.0614713 0.285245 0 0 0 0 
-0.117169 0.298387 0 0 0 0 
-0.0839434 0.302414 0 0 0 0 
-0.106416 0.319583 0 0 0 0 
1 2 6
2 7 6
2 3 7
3 8 7
3 4 8
4 9 8
4 5 9
6 7 10
7 11 10
7 8 11
8 12 11
8 9 12
10 11 13
11 14 13
11 12 14
13 14 15
ZONE N=15, E=16, F=FEPOINT, ET=TRIANGLE
0.0251656 0.669183 0 0 0 0 
0.0289582 0.645297 0 0 0 0 
0.0327509 0.62141 0 0 0 0 
0.0365435 0.597524 0 0 0 0 
0.0403361 0.573638 0 0 0 0 
0.0597472 0.644386 0 0 0 0 
0.0635398 0.6205 0 0 0 0 
0.0673324 0.596614 0 0 0 0 
0.071125 0.572728 0 0 0 0 
0.0943287 0.61959 0 0 0 0 
0.0981213 0.595703 0 0 0 0 
0.101914 0.571817 0 0 0 0 
0.12891 0.594793 0 0 0 0 
0.132703 0.570907 0 0 0 0 
0.163492 0.569997 0 0 0 0 
1 2 6
2 7 6
2 3 7
3 8 7
3 4 8
4 9 8
4 5 9
6 7 10
7 11 10
7 8 11
8 12 11
8 9 12
10 11 13
11 14 13
11 12 14
13 14 15
ZONE N=15, E=16, F=FEPOINT, ET=TRIANGLE
-0.321882 0.74664 0 0 0 0 
-0.308892 0.725785 0 0 0 0 
-0.295902 0.704929 0 0 0 0 
-0.282912 0.684073 0 0 0 0 
-0.269921 0.663218 0 0 0 0 
-0.285086 0.731867 0 0 0 0 
-0.272096 0.711011 0 0 0 0 
-0.259106 0.690156 0 0 0 0 
-0.246116 0.6693 0 0 0 0 
-0.24829 0.717093 0 0 0 0 
-0.2353 0.696238 0 0 0 0 
-0.22231 0.675382 0 0 0 0 
-0.211495 0.70232 0 0 0 0 
-0.198504 0.681464 0 0 0 0 
-0.174699 0.687547 0 0 0 0 
1 2 6
2 7 6
2 3 7
3 8 7
3 4 8
4 9 8
4 5 9
6 7 10
7 11 10
7 8 11
8 12 11
8 9 12
10 11 13
11 14 13
11 12 14
13 14 15
ZONE N=15, E=16, F=FEPOINT, ET=TRIANGLE
-0.10258 0.546288 0 0 0 0 
-0.0818188 0.534128 0 0 0 0 
-0.0610578 0.521969 0 0 0 0 
-0.0402969 0.509809 0 0 0 0 
-0.0195359 0.497649 0 0 0 0 
-0.0668508 0.553126 0 0 0 0 
-0.0460899 0.540966 0 0 0 0 
-0.0253289 0.528806 0 0 0 0 
-0.00456787 0.516646 0 0 0 0 
-0.0311219 0.559963 0 0 0 0 
-0.0103609 0.547803 0 0 0 0 
0.0104001 0.535644 0 0 0 0 
0.00460712 0.566801 0 0 0 0 
0.0253681 0.554641 0 0 0 0 
0.0403361 0.573638 0 0 0 0 
1 2 6
2 7 6
2 3 7
3 8 7
3 4 8
4 9 8
4 5 9
6 7 10
7 11 10
7 8 11
8 12 11
8 9 12
10 11 13
11 14 13
11 12 14
13 14 15
ZONE N=15, E=16, F=FEPOINT, ET=TRIANGLE
-0.275498 0.565094 0 0 0 0 
-0.255381 0.548975 0 0 0 0 
-0.235263 0.532856 0 0 0 0 
-0.215146 0.516737 0 0 0 0 
-0.195028 0.500619 0 0 0 0 
-0.250298 0.595707 0 0 0 0 
-0.230181 0.579588 0 0 0 0 
-0.210063 0.563469 0 0 0 0 
-0.189946 0.547351 0 0 0 0 
-0.225098 0.62632 0 0 0 0 
-0.204981 0.610201 0 0 0 0 
-0.184864 0.594083 0 0 0 0 
-0.199899 0.656933 0 0 0 0 
-0.179781 0.640815 0 0 0 0 
-0.174699 0.687547 0 0 0 0 
1 2 6
2 7 6
2 3 7
3 8 7
3 4 8
4 9 8
4 5 9
6 7 10
7 11 10
7 8 11
8 12 11
8 9 12
10 11 13
11 14 13
11 12 14
13 14 15
ZONE N=15, E=16, F=FEPOINT, ET=TRIANGLE
0.1875 -0.121194 0 0 0 0 
0.20435 -0.149125 0 0 0 0 
0.2212 -0.177056 0 0 0 0 
0.23805 -0.204986 0 0 0 0 
0.2549 -0.232917 0 0 0 0 
0.208525 -0.112858 0 0 0 0 
0.225375 -0.140789 0 0 0 0 
0.242225 -0.16872 0 0 0 0 
0.259075 -0.196651 0 0 0 0 
0.22955 -0.104523 0 0 0 0 
0.2464 -0.132454 0 0 0 0 
0.26325 -0.160385 0 0 0 0 
0.250576 -0.0961876 0 0 0 0 
0.267426 -0.124119 0 0 0 0 
0.271601 -0.0878522 0 0 0 0 
1 2 6
2 7 6
2 3 7
3 8 7
3 4 8
4 9 8
4 5 9
6 7 10
7 11 10
7 8 11
8 12 11
8 9 12
10 11 13
11 14 13
11 12 14
13 14 15
ZONE N=15, E=16, F=FEPOINT, ET=TRIANGLE
0.352007 -0.129318 0 0 0 0 
0.357756 -0.0969886 0 0 0 0 
0.363504 -0.0646591 0 0 0 0 
0.369252 -0.0323295 0 0 0 0 
0.375 0 0 0 0 0 
0.331906 -0.118952 0 0 0 0 
0.337654 -0.0866221 0 0 0 0 
0.343402 -0.0542926 0 0 0 0 
0.34915 -0.0219631 0 0 0 0 
0.311804 -0.108585 0 0 0 0 
0.317552 -0.0762557 0 0 0 0 
0.3233 -0.0439261 0 0 0 0 
0.291703 -0.0982187 0 0 0 0 
0.297451 -0.0658892 0 0 0 0 
0.271601 -0.0878522 0 0 0 0 
1 2 6
2 7 6
2 3 7
3 8 7
3 4 8
4 9 8
4 5 9
6 7 10
7 11 10
7 8 11
8 12 11
8 9 12
10 11 13
11 14 13
11 12 14
13 14 15
ZONE N=15, E=16, F=FEPOINT, ET=TRIANGLE
0.533748 -0.0876502 0 0 0 0 
0.525311 -0.0657377 0 0 0 0 
0.516874 -0.0438251 0 0 0 0 
0.508437 -0.0219126 0 0 0 0 
0.5 0 0 0 0 0 
0.509686 -0.0843343 0 0 0 0 
0.501249 -0.0624218 0 0 0 0 
0.492812 -0.0405092 0 0 0 0 
0.484375 -0.0185967 0 0 0 0 
0.485624 -0.0810185 0 0 0 0 
0.477187 -0.0591059 0 0 0 0 
0.46875 -0.0371934 0 0 0 0 
0.461562 -0.0777026 0 0 0 0 
0.453125 -0.0557901 0 0 0 0 
0.4375 -0.0743868 0 0 0 0 
1 2 6
2 7 6
2 3 7
3 8 7
3 4 8
4 9 8
4 5 9
6 7 10
7 11 10
7 8 11
8 12 11
8 9 12
10 11 13
11 14 13
11 12 14
13 14 15
ZONE N=15, E=16, F=FEPOINT, ET=TRIANGLE
0.5 0 0 0 0 0 
0.484938 0.020039 0 0 0 0 
0.469876 0.0400781 0 0 0 0 
0.454815 0.0601171 0 0 0 0 
0.439753 0.0801562 0 0 0 0 
0.46875 0 0 0 0 0 
0.453688 0.020039 0 0 0 0 
0.438626 0.0400781 0 0 0 0 
0.423565 0.0601171 0 0 0 0 
0.4375 0 0 0 0 0 
0.422438 0.020039 0 0 0 0 
0.407376 0.0400781 0 0 0 0 
0.40625 0 0 0 0 0 
0.391188 0.020039 0 0 0 0 
0.375 0 0 0 0 0 
1 2 6
2 7 6
2 3 7
3 8 7
3 4 8
4 9 8
4 5 9
6 7 10
7 11 10
7 8 11
8 12 11
8 9 12
10 11 13
11 14 13
11 12 14
13 14 15
ZONE N=15, E=16, F=FEPOINT, ET=TRIANGLE
-0.0177266 -0.355589 0 0 0 0 
-0.0598054 -0.372936 0 0 0 0 
-0.101884 -0.390282 0 0 0 0 
-0.143963 -0.407629 0 0 0 0 
-0.186042 -0.424975 0 0 0 0 
-0.0312197 -0.386641 0 0 0 0 
-0.0732985 -0.403988 0 0 0 0 
-0.115377 -0.421334 0 0 0 0 
-0.157456 -0.438681 0 0 0 0 
-0.0447128 -0.417693 0 0 0 0 
-0.0867916 -0.43504 0 0 0 0 
-0.12887 -0.452386 0 0 0 0 
-0.0582059 -0.448745 0 0 0 0 
-0.100285 -0.466092 0 0 0 0 
-0.071699 -0.479797 0 0 0 0 
1 2 6
2 7 6
2 3 7
3 8 7
3 4 8
4 9 8
4 5 9
6 7 10
7 11 10
7 8 11
8 12 11
8 9 12
10 11 13
11 14 13
11 12 14
13 14 15
ZONE N=15, E=16, F=FEPOINT, ET=TRIANGLE
0.360411 -0.816093 0 0 0 0 
0.365979 -0.84304 0 0 0 0 
0.371547 -0.869987 0 0 0 0 
0.377115 -0.896933 0 0 0 0 
0.382683 -0.92388 0 0 0 0 
0.383437 -0.805247 0 0 0 0 
0.389005 -0.832193 0 0 0 0 
0.394573 -0.85914 0 0 0 0 
0.400141 -0.886086 0 0 0 0 
0.406462 -0.7944 0 0 0 0 
0.41203 -0.821347 0 0 0 0 
0.417598 -0.848293 0 0 0 0 
0.429487 -0.783554 0 0 0 0 
0.435056 -0.8105 0 0 0 0 
0.452513 -0.772707 0 0 0 0 
1 2 6
2 7 6
2 3 7
3 8 7
3 4 8
4 9 8
4 5 9
6 7 10
7 11 10
7 8 11
8 12 11
8 9 12
10 11 13
11 14 13
11 12 14
13 14 15
ZONE N=15, E=16, F=FEPOINT, ET=TRIANGLE
0.0756697 0.48358 0 0 0 0 
0.0518683 0.487097 0 0 0 0 
0.0280669 0.490615 0 0 0 0 
0.00426552 0.494132 0 0 0 0 
-0.0195359 0.497649 0 0 0 0 
0.0473929 0.458937 0 0 0 0 
0.0235916 0.462455 0 0 0 0 
-0.000209838 0.465972 0 0 0 0 
-0.0240112 0.469489 0 0 0 0 
0.0191162 0.434295 0 0 0 0 
-0.0046852 0.437812 0 0 0 0 
-0.0284866 0.441329 0 0 0 0 
-0.00916056 0.409652 0 0 0 0 
-0.032962 0.413169 0 0 0 0 
-0.0374373 0.38501 0 0 0 0 
1 2 6
2 7 6
2 3 7
3 8 7
3 4 8
4 9 8
4 5 9
6 7 10
7 11 10
7 8 11
8 12 11
8 9 12
10 11 13
11 14 13
11 12 14
13 14 15
ZONE N=15, E=16, F=FEPOINT, ET=TRIANGLE
-0.195028 0.500619 0 0 0 0 
-0.171916 0.512036 0 0 0 0 
-0.148804 0.523453 0 0 0 0 
-0.125692 0.534871 0 0 0 0 
-0.10258 0.546288 0 0 0 0 
-0.189946 0.547351 0 0 0 0 
-0.166834 0.558768 0 0 0 0 
-0.143722 0.570185 0 0 0 0 
-0.12061 0.581603 0 0 0 0 
-0.184864 0.594083 0 0 0 0 
-0.161751 0.6055 0 0 0 0 
-0.138639 0.616917 0 0 0 0 
-0.179781 0.640815 0 0 0 0 
-0.156669 0.652232 0 0 0 0 
-0.174699 0.687547 0 0 0 0 
1 2 6
2 7 6
2 3 7
3 8 7
3 4 8
4 9 8
4 5 9
6 7 10
7 11 10
7 8 11
8 12 11
8 9 12
10 11 13
11 14 13
11 12 14
13 14 15
ZONE N=15, E=16, F=FEPOINT, ET=TRIANGLE
0.0756697 0.48358 0 0 0 0 
0.0668363 0.506094 0 0 0 0 
0.0580029 0.528609 0 0 0 0 
0.0491695 0.551123 0 0 0 0 
0.0403361 0.573638 0 0 0 0 
0.0518683 0.487097 0 0 0 0 
0.0430349 0.509612 0 0 0 0 
0.0342015 0.532126 0 0 0 0 
0.0253681 0.554641 0 0 0 0 
0.0280669 0.490615 0 0 0 0 
0.0192335 0.513129 0 0 0 0 
0.0104001 0.535644 0 0 0 0 
0.00426552 0.494132 0 0 0 0 
-0.00456787 0.516646 0 0 0 0 
-0.0195359 0.497649 0 0 0 0 
1 2 6
2 7 6
2 3 7
3 8 7
3 4 8
4 9 8
4 5 9
6 7 10
7 11 10
7 8 11
8 12 11
8 9 12
10 11 13
11 14 13
11 12 14
13 14 15
ZONE N=15, E=16, F=FEPOINT, ET=TRIANGLE
-0.0195359 0.497649 0 0 0 0 
-0.0402969 0.509809 0 0 0 0 
-0.0610578 0.521969 0 0 0 0 
-0.0818188 0.534128 0 0 0 0 
-0.10258 0.546288 0 0 0 0 
-0.0406963 0.486199 0 0 0 0 
-0.0614573 0.498359 0 0 0 0 
-0.0822183 0.510518 0 0 0 0 
-0.102979 0.522678 0 0 0 0 
-0.0618568 0.474748 0 0 0 0 
-0.0826178 0.486908 0 0 0 0 
-0.103379 0.499068 0 0 0 0 
-0.0830173 0.463298 0 0 0 0 
-0.103778 0.475458 0 0 0 0 
-0.104178 0.451848 0 0 0 0 
1 2 6
2 7 6
2 3 7
3 8 7
3 4 8
4 9 8
4 5 9
6 7 10
7 11 10
7 8 11
8 12 11
8 9 12
10 11 13
11 14 13
11 12 14
13 14 15
ZONE N=15, E=16, F=FEPOINT, ET=TRIANGLE
-0.275498 0.565094 0 0 0 0 
-0.283823 0.539049 0 0 0 0 
-0.292148 0.513004 0 0 0 0 
-0.300473 0.486958 0 0 0 0 
-0.308798 0.460913 0 0 0 0 
-0.255381 0.548975 0 0 0 0 
-0.263706 0.52293 0 0 0 0 
-0.27203 0.496885 0 0 0 0 
-0.280355 0.470839 0 0 0 0 
-0.235263 0.532856 0 0 0 0 
-0.243588 0.506811 0 0 0 0 
-0.251913 0.480766 0 0 0 0 
-0.215146 0.516737 0 0 0 0 
-0.223471 0.490692 0 0 0 0 
-0.195028 0.500619 0 0 0 0 
1 2 6
2 7 6
2 3 7
3 8 7
3 4 8
4 9 8
4 5 9
6 7 10
7 11 10
7 8 11
8 12 11
8 9 12
10 11 13
11 14 13
11 12 14
13 14 15
ZONE N=15, E=16, F=FEPOINT, ET=TRIANGLE
-0.195028 0.500619 0 0 0 0 
-0.189557 0.47229 0 0 0 0 
-0.184085 0.443962 0 0 0 0 
-0.178613 0.415634 0 0 0 0 
-0.173141 0.387306 0 0 0 0 
-0.172316 0.488426 0 0 0 0 
-0.166844 0.460098 0 0 0 0 
-0.161372 0.431769 0 0 0 0 
-0.1559 0.403441 0 0 0 0 
-0.149603 0.476233 0 0 0 0 
-0.144131 0.447905 0 0 0 0 
-0.138659 0.419577 0 0 0 0 
-0.12689 0.46404 0 0 0 0 
-0.121419 0.435712 0 0 0 0 
-0.104178 0.451848 0 0 0 0 
1 2 6
2 7 6
2 3 7
3 8 7
3 4 8
4 9 8
4 5 9
6 7 10
7 11 10
7 8 11
8 12 11
8 9 12
10 11 13
11 14 13
11 12 14
13 14 15
ZONE N=15, E=16, F=FEPOINT, ET=TRIANGLE
0.0756697 0.48358 0 0 0 0 
0.0976252 0.505184 0 0 0 0 
0.119581 0.526788 0 0 0 0 
0.141536 0.548392 0 0 0 0 
0.163492 0.569997 0 0 0 0 
0.0668363 0.506094 0 0 0 0 
0.0887918 0.527699 0 0 0 0 
0.110747 0.549303 0 0 0 0 
0.132703 0.570907 0 0 0 0 
0.0580029 0.528609 0 0 0 0 
0.0799584 0.550213 0 0 0 0 
0.101914 0.571817 0 0 0 0 
0.0491695 0.551123 0 0 0 0 
0.071125 0.572728 0 0 0 0 
0.0403361 0.573638 0 0 0 0 
1 2 6
2 7 6
2 3 7
3 8 7
3 4 8
4 9 8
4 5 9
6 7 10
7 11 10
7 8 11
8 12 11
8 9 12
10 11 13
11 14 13
11 12 14
13 14 15
ZONE N=15, E=16, F=FEPOINT, ET=TRIANGLE
0.00349201 0.8339 0 0 0 0 
0.00891041 0.792721 0 0 0 0 
0.0143288 0.751541 0 0 0 0 
0.0197472 0.710362 0 0 0 0 
0.0251656 0.669183 0 0 0 0 
0.034461 0.806223 0 0 0 0 
0.0398794 0.765044 0 0 0 0 
0.0452978 0.723864 0 0 0 0 
0.0507162 0.682685 0 0 0 0 
0.06543 0.778546 0 0 0 0 
0.0708484 0.737367 0 0 0 0 
0.0762668 0.696187 0 0 0 0 
0.096399 0.750869 0 0 0 0 
0.101817 0.70969 0 0 0 0 
0.127368 0.723192 0 0 0 0 
1 2 6
2 7 6
2 3 7
3 8 7
3 4 8
4 9 8
4 5 9
6 7 10
7 11 10
7 8 11
8 12 11
8 9 12
10 11 13
11 14 13
11 12 14
13 14 15
ZONE N=15, E=16, F=FEPOINT, ET=TRIANGLE
0.224257 0.462813 0 0 0 0 
0.209065 0.489609 0 0 0 0 
0.193874 0.516405 0 0 0 0 
0.178683 0.543201 0 0 0 0 
0.163492 0.569997 0 0 0 0 
0.18711 0.468005 0 0 0 0 
0.171919 0.494801 0 0 0 0 
0.156727 0.521597 0 0 0 0 
0.141536 0.548392 0 0 0 0 
0.149963 0.473197 0 0 0 0 
0.134772 0.499992 0 0 0 0 
0.119581 0.526788 0 0 0 0 
0.112816 0.478388 0 0 0 0 
0.0976252 0.505184 0 0 0 0 
0.0756697 0.48358 0 0 0 0 
1 2 6
2 7 6
2 3 7
3 8 7
3 4 8
4 9 8
4 5 9
6 7 10
7 11 10
7 8 11
8 12 11
8 9 12
10 11 13
11 14 13
11 12 14
13 14 15
ZONE N=15, E=16, F=FEPOINT, ET=TRIANGLE
-0.0775466 0.648108 0 0 0 0 
-0.0480759 0.62949 0 0 0 0 
-0.0186052 0.610873 0 0 0 0 
0.0108654 0.592256 0 0 0 0 
0.0403361 0.573638 0 0 0 0 
-0.0518685 0.653377 0 0 0 0 
-0.0223979 0.634759 0 0 0 0 
0.00707281 0.616142 0 0 0 0 
0.0365435 0.597524 0 0 0 0 
-0.0261905 0.658645 0 0 0 0 
0.00328019 0.640028 0 0 0 0 
0.0327509 0.62141 0 0 0 0 
-0.000512431 0.663914 0 0 0 0 
0.0289582 0.645297 0 0 0 0 
0.0251656 0.669183 0 0 0 0 
1 2 6
2 7 6
2 3 7
3 8 7
3 4 8
4 9 8
4 5 9
6 7 10
7 11 10
7 8 11
8 12 11
8 9 12
10 11 13
11 14 13
11 12 14
13 14 15
ZONE N=15, E=16, F=FEPOINT, ET=TRIANGLE
0.224257 0.462813 0 0 0 0 
0.238522 0.488605 0 0 0 0 
0.252788 0.514397 0 0 0 0 
0.267054 0.540188 0 0 0 0 
0.281319 0.56598 0 0 0 0 
0.209065 0.489609 0 0 0 0 
0.223331 0.515401 0 0 0 0 
0.237597 0.541192 0 0 0 0 
0.251863 0.566984 0 0 0 0 
0.193874 0.516405 0 0 0 0 
0.20814 0.542197 0 0 0 0 
0.222406 0.567988 0 0 0 0 
0.178683 0.543201 0 0 0 0 
0.192949 0.568992 0 0 0 0 
0.163492 0.569997 0 0 0 0 
1 2 6
2 7 6
2 3 7
3 8 7
3 4 8
4 9 8
4 5 9
6 7 10
7 11 10
7 8 11
8 12 11
8 9 12
10 11 13
11 14 13
11 12 14
13 14 15
ZONE N=15, E=16, F=FEPOINT, ET=TRIANGLE
0.281319 0.56598 0 0 0 0 
0.267395 0.590058 0 0 0 0 
0.25347 0.614136 0 0 0 0 
0.239545 0.638214 0 0 0 0 
0.22562 0.662292 0 0 0 0 
0.251863 0.566984 0 0 0 0 
0.237938 0.591062 0 0 0 0 
0.224013 0.61514 0 0 0 0 
0.210088 0.639218 0 0 0 0 
0.222406 0.567988 0 0 0 0 
0.208481 0.592066 0 0 0 0 
0.194556 0.616144 0 0 0 0 
0.192949 0.568992 0 0 0 0 
0.179024 0.593071 0 0 0 0 
0.163492 0.569997 0 0 0 0 
1 2 6
2 7 6
2 3 7
3 8 7
3 4 8
4 9 8
4 5 9
6 7 10
7 11 10
7 8 11
8 12 11
8 9 12
10 11 13
11 14 13
11 12 14
13 14 15
ZONE N=15, E=16, F=FEPOINT, ET=TRIANGLE
0.373478 0.522946 0 0 0 0 
0.350439 0.533705 0 0 0 0 
0.327399 0.544463 0 0 0 0 
0.304359 0.555221 0 0 0 0 
0.281319 0.56598 0 0 0 0 
0.357918 0.49616 0 0 0 0 
0.334878 0.506918 0 0 0 0 
0.311839 0.517677 0 0 0 0 
0.288799 0.528435 0 0 0 0 
0.342358 0.469373 0 0 0 0 
0.319318 0.480132 0 0 0 0 
0.296278 0.49089 0 0 0 0 
0.326798 0.442587 0 0 0 0 
0.303758 0.453345 0 0 0 0 
0.311237 0.415801 0 0 0 0 
1 2 6
2 7 6
2 3 7
3 8 7
3 4 8
4 9 8
4 5 9
6 7 10
7 11 10
7 8 11
8 12 11
8 9 12
10 11 13
11 14 13
11 12 14
13 14 15
ZONE N=15, E=16, F=FEPOINT, ET=TRIANGLE
0.450505 0.731489 0 0 0 0 
0.455728 0.769097 0 0 0 0 
0.460951 0.806705 0 0 0 0 
0.466174 0.844313 0 0 0 0 
0.471397 0.881921 0 0 0 0 
0.430691 0.753361 0 0 0 0 
0.435914 0.790969 0 0 0 0 
0.441137 0.828577 0 0 0 0 
0.44636 0.866185 0 0 0 0 
0.410877 0.775234 0 0 0 0 
0.4161 0.812842 0 0 0 0 
0.421323 0.85045 0 0 0 0 
0.391063 0.797106 0 0 0 0 
0.396286 0.834714 0 0 0 0 
0.371249 0.818978 0 0 0 0 
1 2 6
2 7 6
2 3 7
3 8 7
3 4 8
4 9 8
4 5 9
6 7 10
7 11 10
7 8 11
8 12 11
8 9 12
10 11 13
11 14 13
11 12 14
13 14 15
ZONE N=15, E=16, F=FEPOINT, ET=TRIANGLE
0.373478 0.522946 0 0 0 0 
0.357918 0.49616 0 0 0 0 
0.342358 0.469373 0 0 0 0 
0.326798 0.442587 0 0 0 0 
0.311237 0.415801 0 0 0 0 
0.382454 0.499155 0 0 0 0 
0.366894 0.472369 0 0 0 0 
0.351334 0.445582 0 0 0 0 
0.335773 0.418796 0 0 0 0 
0.39143 0.475364 0 0 0 0 
0.37587 0.448578 0 0 0 0 
0.36031 0.421791 0 0 0 0 
0.400406 0.451573 0 0 0 0 
0.384846 0.424787 0 0 0 0 
0.409382 0.427782 0 0 0 0 
1 2 6
2 7 6
2 3 7
3 8 7
3 4 8
4 9 8
4 5 9
6 7 10
7 11 10
7 8 11
8 12 11
8 9 12
10 11 13
11 14 13
11 12 14
13 14 15
ZONE N=15, E=16, F=FEPOINT, ET=TRIANGLE
-0.228476 0.837231 0 0 0 0 
-0.243928 0.867158 0 0 0 0 
-0.25938 0.897085 0 0 0 0 
-0.274832 0.927013 0 0 0 0 
-0.290285 0.95694 0 0 0 0 
-0.252846 0.838996 0 0 0 0 
-0.268298 0.868923 0 0 0 0 
-0.28375 0.898851 0 0 0 0 
-0.299203 0.928778 0 0 0 0 
-0.277216 0.840761 0 0 0 0 
-0.292668 0.870688 0 0 0 0 
-0.30812 0.900616 0 0 0 0 
-0.301586 0.842526 0 0 0 0 
-0.317038 0.872454 0 0 0 0 
-0.325956 0.844291 0 0 0 0 
1 2 6
2 7 6
2 3 7
3 8 7
3 4 8
4 9 8
4 5 9
6 7 10
7 11 10
7 8 11
8 12 11
8 9 12
10 11 13
11 14 13
11 12 14
13 14 15
ZONE N=15, E=16, F=FEPOINT, ET=TRIANGLE
0.370728 0.336455 0 0 0 0 
0.380391 0.359287 0 0 0 0 
0.390055 0.382119 0 0 0 0 
0.399718 0.404951 0 0 0 0 
0.409382 0.427782 0 0 0 0 
0.355855 0.356291 0 0 0 0 
0.365519 0.379123 0 0 0 0 
0.375182 0.401955 0 0 0 0 
0.384846 0.424787 0 0 0 0 
0.340983 0.376128 0 0 0 0 
0.350646 0.39896 0 0 0 0 
0.36031 0.421791 0 0 0 0 
0.32611 0.395964 0 0 0 0 
0.335773 0.418796 0 0 0 0 
0.311237 0.415801 0 0 0 0 
1 2 6
2 7 6
2 3 7
3 8 7
3 4 8
4 9 8
4 5 9
6 7 10
7 11 10
7 8 11
8 12 11
8 9 12
10 11 13
11 14 13
11 12 14
13 14 15
ZONE N=15, E=16, F=FEPOINT, ET=TRIANGLE
0.495126 0.629446 0 0 0 0 
0.523887 0.632974 0 0 0 0 
0.552649 0.636503 0 0 0 0 
0.58141 0.640031 0 0 0 0 
0.610171 0.64356 0 0 0 0 
0.507352 0.650181 0 0 0 0 
0.536113 0.653709 0 0 0 0 
0.564875 0.657238 0 0 0 0 
0.593636 0.660766 0 0 0 0 
0.519578 0.670916 0 0 0 0 
0.548339 0.674444 0 0 0 0 
0.577101 0.677973 0 0 0 0 
0.531804 0.691651 0 0 0 0 
0.560565 0.69518 0 0 0 0 
0.54403 0.712386 0 0 0 0 
1 2 6
2 7 6
2 3 7
3 8 7
3 4 8
4 9 8
4 5 9
6 7 10
7 11 10
7 8 11
8 12 11
8 9 12
10 11 13
11 14 13
11 12 14
13 14 15
ZONE N=15, E=16, F=FEPOINT, ET=TRIANGLE
0.129737 0.850502 0 0 0 0 
0.121807 0.886673 0 0 0 0 
0.113877 0.922843 0 0 0 0 
0.105947 0.959014 0 0 0 0 
0.0980171 0.995185 0 0 0 0 
0.0981759 0.846352 0 0 0 0 
0.0902459 0.882522 0 0 0 0 
0.0823159 0.918693 0 0 0 0 
0.0743859 0.954864 0 0 0 0 
0.0666146 0.842201 0 0 0 0 
0.0586846 0.878372 0 0 0 0 
0.0507546 0.914542 0 0 0 0 
0.0350533 0.83805 0 0 0 0 
0.0271233 0.874221 0 0 0 0 
0.00349201 0.8339 0 0 0 0 
1 2 6
2 7 6
2 3 7
3 8 7
3 4 8
4 9 8
4 5 9
6 7 10
7 11 10
7 8 11
8 12 11
8 9 12
10 11 13
11 14 13
11 12 14
13 14 15
ZONE N=15, E=16, F=FEPOINT, ET=TRIANGLE
0.163492 0.569997 0 0 0 0 
0.179024 0.593071 0 0 0 0 
0.194556 0.616144 0 0 0 0 
0.210088 0.639218 0 0 0 0 
0.22562 0.662292 0 0 0 0 
0.154461 0.608295 0 0 0 0 
0.169993 0.631369 0 0 0 0 
0.185525 0.654443 0 0 0 0 
0.201057 0.677517 0 0 0 0 
0.14543 0.646594 0 0 0 0 
0.160962 0.669668 0 0 0 0 
0.176494 0.692742 0 0 0 0 
0.136399 0.684893 0 0 0 0 
0.151931 0.707967 0 0 0 0 
0.127368 0.723192 0 0 0 0 
1 2 6
2 7 6
2 3 7
3 8 7
3 4 8
4 9 8
4 5 9
6 7 10
7 11 10
7 8 11
8 12 11
8 9 12
10 11 13
11 14 13
11 12 14
13 14 15
ZONE N=15, E=16, F=FEPOINT, ET=TRIANGLE
0.224257 0.462813 0 0 0 0 
0.246002 0.45106 0 0 0 0 
0.267747 0.439307 0 0 0 0 
0.289492 0.427554 0 0 0 0 
0.311237 0.415801 0 0 0 0 
0.238522 0.488605 0 0 0 0 
0.260267 0.476852 0 0 0 0 
0.282013 0.465099 0 0 0 0 
0.303758 0.453345 0 0 0 0 
0.252788 0.514397 0 0 0 0 
0.274533 0.502643 0 0 0 0 
0.296278 0.49089 0 0 0 0 
0.267054 0.540188 0 0 0 0 
0.288799 0.528435 0 0 0 0 
0.281319 0.56598 0 0 0 0 
1 2 6
2 7 6
2 3 7
3 8 7
3 4 8
4 9 8
4 5 9
6 7 10
7 11 10
7 8 11
8 12 11
8 9 12
10 11 13
11 14 13
11 12 14
13 14 15
ZONE N=15, E=16, F=FEPOINT, ET=TRIANGLE
0.373478 0.522946 0 0 0 0 
0.382454 0.499155 0 0 0 0 
0.39143 0.475364 0 0 0 0 
0.400406 0.451573 0 0 0 0 
0.409382 0.427782 0 0 0 0 
0.410786 0.5002 0 0 0 0 
0.419761 0.476409 0 0 0 0 
0.428737 0.452618 0 0 0 0 
0.437713 0.428827 0 0 0 0 
0.448093 0.477454 0 0 0 0 
0.457069 0.453663 0 0 0 0 
0.466044 0.429872 0 0 0 0 
0.4854 0.454707 0 0 0 0 
0.494376 0.430916 0 0 0 0 
0.522707 0.431961 0 0 0 0 
1 2 6
2 7 6
2 3 7
3 8 7
3 4 8
4 9 8
4 5 9
6 7 10
7 11 10
7 8 11
8 12 11
8 9 12
10 11 13
11 14 13
11 12 14
13 14 15
ZONE N=15, E=16, F=FEPOINT, ET=TRIANGLE
0.471807 0.246443 0 0 0 0 
0.447393 0.243182 0 0 0 0 
0.422978 0.239921 0 0 0 0 
0.398564 0.236659 0 0 0 0 
0.374149 0.233398 0 0 0 0 
0.480628 0.223446 0 0 0 0 
0.456214 0.220185 0 0 0 0 
0.431799 0.216923 0 0 0 0 
0.407385 0.213662 0 0 0 0 
0.48945 0.200448 0 0 0 0 
0.465035 0.197187 0 0 0 0 
0.440621 0.193926 0 0 0 0 
0.498271 0.177451 0 0 0 0 
0.473857 0.17419 0 0 0 0 
0.507093 0.154454 0 0 0 0 
1 2 6
2 7 6
2 3 7
3 8 7
3 4 8
4 9 8
4 5 9
6 7 10
7 11 10
7 8 11
8 12 11
8 9 12
10 11 13
11 14 13
11 12 14
13 14 15
ZONE N=15, E=16, F=FEPOINT, ET=TRIANGLE
0.707107 0.707107 0 0 0 0 
0.682873 0.69122 0 0 0 0 
0.658639 0.675333 0 0 0 0 
0.634405 0.659446 0 0 0 0 
0.610171 0.64356 0 0 0 0 
0.70843 0.678662 0 0 0 0 
0.684196 0.662775 0 0 0 0 
0.659962 0.646888 0 0 0 0 
0.635728 0.631001 0 0 0 0 
0.709753 0.650217 0 0 0 0 
0.685519 0.63433 0 0 0 0 
0.661285 0.618443 0 0 0 0 
0.711076 0.621772 0 0 0 0 
0.686842 0.605885 0 0 0 0 
0.712399 0.593327 0 0 0 0 
1 2 6
2 7 6
2 3 7
3 8 7
3 4 8
4 9 8
4 5 9
6 7 10
7 11 10
7 8 11
8 12 11
8 9 12
10 11 13
11 14 13
11 12 14
13 14 15
ZONE N=15, E=16, F=FEPOINT, ET=TRIANGLE
0.281319 0.56598 0 0 0 0 
0.30696 0.580516 0 0 0 0 
0.3326 0.595052 0 0 0 0 
0.35824 0.609588 0 0 0 0 
0.38388 0.624124 0 0 0 0 
0.267395 0.590058 0 0 0 0 
0.293035 0.604594 0 0 0 0 
0.318675 0.61913 0 0 0 0 
0.344315 0.633666 0 0 0 0 
0.25347 0.614136 0 0 0 0 
0.27911 0.628672 0 0 0 0 
0.30475 0.643208 0 0 0 0 
0.239545 0.638214 0 0 0 0 
0.265185 0.65275 0 0 0 0 
0.22562 0.662292 0 0 0 0 
1 2 6
2 7 6
2 3 7
3 8 7
3 4 8
4 9 8
4 5 9
6 7 10
7 11 10
7 8 11
8 12 11
8 9 12
10 11 13
11 14 13
11 12 14
13 14 15
ZONE N=15, E=16, F=FEPOINT, ET=TRIANGLE
0.129737 0.850502 0 0 0 0 
0.160726 0.842199 0 0 0 0 
0.191714 0.833895 0 0 0 0 
0.222703 0.825591 0 0 0 0 
0.253691 0.817288 0 0 0 0 
0.146075 0.883073 0 0 0 0 
0.177064 0.874769 0 0 0 0 
0.208053 0.866466 0 0 0 0 
0.239041 0.858162 0 0 0 0 
0.162414 0.915644 0 0 0 0 
0.193402 0.90734 0 0 0 0 
0.224391 0.899037 0 0 0 0 
0.178752 0.948214 0 0 0 0 
0.209741 0.939911 0 0 0 0 
0.19509 0.980785 0 0 0 0 
1 2 6
2 7 6
2 3 7
3 8 7
3 4 8
4 9 8
4 5 9
6 7 10
7 11 10
7 8 11
8 12 11
8 9 12
10 11 13
11 14 13
11 12 14
13 14 15
ZONE N=15, E=16, F=FEPOINT, ET=TRIANGLE
0.22562 0.662292 0 0 0 0 
0.232638 0.701041 0 0 0 0 
0.239656 0.73979 0 0 0 0 
0.246674 0.778539 0 0 0 0 
0.253691 0.817288 0 0 0 0 
0.201057 0.677517 0 0 0 0 
0.208075 0.716266 0 0 0 0 
0.215093 0.755015 0 0 0 0 
0.22211 0.793764 0 0 0 0 
0.176494 0.692742 0 0 0 0 
0.183512 0.731491 0 0 0 0 
0.19053 0.77024 0 0 0 0 
0.151931 0.707967 0 0 0 0 
0.158949 0.746716 0 0 0 0 
0.127368 0.723192 0 0 0 0 
1 2 6
2 7 6
2 3 7
3 8 7
3 4 8
4 9 8
4 5 9
6 7 10
7 11 10
7 8 11
8 12 11
8 9 12
10 11 13
11 14 13
11 12 14
13 14 15
ZONE N=15, E=16, F=FEPOINT, ET=TRIANGLE
0.00349201 0.8339 0 0 0 0 
0.034461 0.806223 0 0 0 0 
0.06543 0.778546 0 0 0 0 
0.096399 0.750869 0 0 0 0 
0.127368 0.723192 0 0 0 0 
0.0350533 0.83805 0 0 0 0 
0.0660223 0.810373 0 0 0 0 
0.0969913 0.782697 0 0 0 0 
0.12796 0.75502 0 0 0 0 
0.0666146 0.842201 0 0 0 0 
0.0975836 0.814524 0 0 0 0 
0.128553 0.786847 0 0 0 0 
0.0981759 0.846352 0 0 0 0 
0.129145 0.818675 0 0 0 0 
0.129737 0.850502 0 0 0 0 
1 2 6
2 7 6
2 3 7
3 8 7
3 4 8
4 9 8
4 5 9
6 7 10
7 11 10
7 8 11
8 12 11
8 9 12
10 11 13
11 14 13
11 12 14
13 14 15
ZONE N=15, E=16, F=FEPOINT, ET=TRIANGLE
0.38388 0.624124 0 0 0 0 
0.368996 0.649206 0 0 0 0 
0.354112 0.674288 0 0 0 0 
0.339228 0.69937 0 0 0 0 
0.324344 0.724452 0 0 0 0 
0.344315 0.633666 0 0 0 0 
0.329431 0.658748 0 0 0 0 
0.314547 0.68383 0 0 0 0 
0.299663 0.708912 0 0 0 0 
0.30475 0.643208 0 0 0 0 
0.289866 0.66829 0 0 0 0 
0.274982 0.693372 0 0 0 0 
0.265185 0.65275 0 0 0 0 
0.250301 0.677832 0 0 0 0 
0.22562 0.662292 0 0 0 0 
1 2 6
2 7 6
2 3 7
3 8 7
3 4 8
4 9 8
4 5 9
6 7 10
7 11 10
7 8 11
8 12 11
8 9 12
10 11 13
11 14 13
11 12 14
13 14 15
ZONE N=15, E=16, F=FEPOINT, ET=TRIANGLE
-0.0775466 0.648108 0 0 0 0 
-0.0800306 0.676834 0 0 0 0 
-0.0825147 0.70556 0 0 0 0 
-0.0849988 0.734286 0 0 0 0 
-0.0874829 0.763012 0 0 0 0 
-0.101835 0.657968 0 0 0 0 
-0.104319 0.686694 0 0 0 0 
-0.106803 0.715419 0 0 0 0 
-0.109287 0.744145 0 0 0 0 
-0.126123 0.667827 0 0 0 0 
-0.128607 0.696553 0 0 0 0 
-0.131091 0.725279 0 0 0 0 
-0.150411 0.677687 0 0 0 0 
-0.152895 0.706413 0 0 0 0 
-0.174699 0.687547 0 0 0 0 
1 2 6
2 7 6
2 3 7
3 8 7
3 4 8
4 9 8
4 5 9
6 7 10
7 11 10
7 8 11
8 12 11
8 9 12
10 11 13
11 14 13
11 12 14
13 14 15
ZONE N=15, E=16, F=FEPOINT, ET=TRIANGLE
0.253691 0.817288 0 0 0 0 
0.26284 0.852201 0 0 0 0 
0.271988 0.887114 0 0 0 0 
0.281136 0.922027 0 0 0 0 
0.290285 0.95694 0 0 0 0 
0.239041 0.858162 0 0 0 0 
0.248189 0.893075 0 0 0 0 
0.257338 0.927988 0 0 0 0 
0.266486 0.962902 0 0 0 0 
0.224391 0.899037 0 0 0 0 
0.233539 0.93395 0 0 0 0 
0.242687 0.968863 0 0 0 0 
0.209741 0.939911 0 0 0 0 
0.218889 0.974824 0 0 0 0 
0.19509 0.980785 0 0 0 0 
1 2 6
2 7 6
2 3 7
3 8 7
3 4 8
4 9 8
4 5 9
6 7 10
7 11 10
7 8 11
8 12 11
8 9 12
10 11 13
11 14 13
11 12 14
13 14 15
ZONE N=15, E=16, F=FEPOINT, ET=TRIANGLE
0.124755 -0.24226 0 0 0 0 
0.128832 -0.272728 0 0 0 0 
0.132909 -0.303196 0 0 0 0 
0.136987 -0.333664 0 0 0 0 
0.141064 -0.364131 0 0 0 0 
0.157291 -0.239925 0 0 0 0 
0.161368 -0.270392 0 0 0 0 
0.165446 -0.30086 0 0 0 0 
0.169523 -0.331328 0 0 0 0 
0.189827 -0.237589 0 0 0 0 
0.193905 -0.268057 0 0 0 0 
0.197982 -0.298524 0 0 0 0 
0.222363 -0.235253 0 0 0 0 
0.226441 -0.265721 0 0 0 0 
0.2549 -0.232917 0 0 0 0 
1 2 6
2 7 6
2 3 7
3 8 7
3 4 8
4 9 8
4 5 9
6 7 10
7 11 10
7 8 11
8 12 11
8 9 12
10 11 13
11 14 13
11 12 14
13 14 15
ZONE N=15, E=16, F=FEPOINT, ET=TRIANGLE
0.26384 -0.35745 0 0 0 0 
0.276373 -0.39707 0 0 0 0 
0.288906 -0.43669 0 0 0 0 
0.301439 -0.47631 0 0 0 0 
0.313972 -0.515929 0 0 0 0 
0.290357 -0.371193 0 0 0 0 
0.30289 -0.410813 0 0 0 0 
0.315423 -0.450433 0 0 0 0 
0.327957 -0.490053 0 0 0 0 
0.316874 -0.384936 0 0 0 0 
0.329408 -0.424556 0 0 0 0 
0.341941 -0.464176 0 0 0 0 
0.343392 -0.398679 0 0 0 0 
0.355925 -0.438299 0 0 0 0 
0.369909 -0.412422 0 0 0 0 
1 2 6
2 7 6
2 3 7
3 8 7
3 4 8
4 9 8
4 5 9
6 7 10
7 11 10
7 8 11
8 12 11
8 9 12
10 11 13
11 14 13
11 12 14
13 14 15
ZONE N=15, E=16, F=FEPOINT, ET=TRIANGLE
0.0679611 -0.311887 0 0 0 0 
0.0658302 -0.334249 0 0 0 0 
0.0636993 -0.356611 0 0 0 0 
0.0615684 -0.378973 0 0 0 0 
0.0594375 -0.401335 0 0 0 0 
0.0862368 -0.324948 0 0 0 0 
0.0841059 -0.34731 0 0 0 0 
0.081975 -0.369672 0 0 0 0 
0.0798441 -0.392034 0 0 0 0 
0.104513 -0.338009 0 0 0 0 
0.102382 -0.360371 0 0 0 0 
0.100251 -0.382733 0 0 0 0 
0.122788 -0.35107 0 0 0 0 
0.120657 -0.373432 0 0 0 0 
0.141064 -0.364131 0 0 0 0 
1 2 6
2 7 6
2 3 7
3 8 7
3 4 8
4 9 8
4 5 9
6 7 10
7 11 10
7 8 11
8 12 11
8 9 12
10 11 13
11 14 13
11 12 14
13 14 15
ZONE N=15, E=16, F=FEPOINT, ET=TRIANGLE
0.0546188 -0.49091 0 0 0 0 
0.0925615 -0.485257 0 0 0 0 
0.130504 -0.479605 0 0 0 0 
0.168447 -0.473952 0 0 0 0 
0.20639 -0.4683 0 0 0 0 
0.0558235 -0.468516 0 0 0 0 
0.0937662 -0.462864 0 0 0 0 
0.131709 -0.457211 0 0 0 0 
0.169652 -0.451558 0 0 0 0 
0.0570282 -0.446122 0 0 0 0 
0.0949709 -0.44047 0 0 0 0 
0.132914 -0.434817 0 0 0 0 
0.0582329 -0.423728 0 0 0 0 
0.0961756 -0.418076 0 0 0 0 
0.0594375 -0.401335 0 0 0 0 
1 2 6
2 7 6
2 3 7
3 8 7
3 4 8
4 9 8
4 5 9
6 7 10
7 11 10
7 8 11
8 12 11
8 9 12
10 11 13
11 14 13
11 12 14
13 14 15
ZONE N=15, E=16, F=FEPOINT, ET=TRIANGLE
0.313972 -0.515929 0 0 0 0 
0.343385 -0.515627 0 0 0 0 
0.372797 -0.515324 0 0 0 0 
0.402209 -0.515021 0 0 0 0 
0.431621 -0.514718 0 0 0 0 
0.327957 -0.490053 0 0 0 0 
0.357369 -0.48975 0 0 0 0 
0.386781 -0.489447 0 0 0 0 
0.416193 -0.489144 0 0 0 0 
0.341941 -0.464176 0 0 0 0 
0.371353 -0.463873 0 0 0 0 
0.400765 -0.46357 0 0 0 0 
0.355925 -0.438299 0 0 0 0 
0.385337 -0.437996 0 0 0 0 
0.369909 -0.412422 0 0 0 0 
1 2 6
2 7 6
2 3 7
3 8 7
3 4 8
4 9 8
4 5 9
6 7 10
7 11 10
7 8 11
8 12 11
8 9 12
10 11 13
11 14 13
11 12 14
13 14 15
ZONE N=15, E=16, F=FEPOINT, ET=TRIANGLE
0.694621 -0.545466 0 0 0 0 
0.685989 -0.516507 0 0 0 0 
0.677356 -0.487547 0 0 0 0 
0.668724 -0.458588 0 0 0 0 
0.660091 -0.429629 0 0 0 0 
0.666236 -0.535102 0 0 0 0 
0.657603 -0.506143 0 0 0 0 
0.648971 -0.477184 0 0 0 0 
0.640338 -0.448224 0 0 0 0 
0.63785 -0.524738 0 0 0 0 
0.629218 -0.495779 0 0 0 0 
0.620585 -0.46682 0 0 0 0 
0.609465 -0.514374 0 0 0 0 
0.600832 -0.485415 0 0 0 0 
0.581079 -0.50401 0 0 0 0 
1 2 6
2 7 6
2 3 7
3 8 7
3 4 8
4 9 8
4 5 9
6 7 10
7 11 10
7 8 11
8 12 11
8 9 12
10 11 13
11 14 13
11 12 14
13 14 15
ZONE N=15, E=16, F=FEPOINT, ET=TRIANGLE
0.108119 -0.591328 0 0 0 0 
0.0947436 -0.566224 0 0 0 0 
0.0813687 -0.541119 0 0 0 0 
0.0679937 -0.516014 0 0 0 0 
0.0546188 -0.49091 0 0 0 0 
0.0809495 -0.589688 0 0 0 0 
0.0675746 -0.564583 0 0 0 0 
0.0541997 -0.539479 0 0 0 0 
0.0408248 -0.514374 0 0 0 0 
0.0537805 -0.588047 0 0 0 0 
0.0404056 -0.562943 0 0 0 0 
0.0270307 -0.537838 0 0 0 0 
0.0266116 -0.586407 0 0 0 0 
0.0132366 -0.561302 0 0 0 0 
-0.000557426 -0.584767 0 0 0 0 
1 2 6
2 7 6
2 3 7
3 8 7
3 4 8
4 9 8
4 5 9
6 7 10
7 11 10
7 8 11
8 12 11
8 9 12
10 11 13
11 14 13
11 12 14
13 14 15
ZONE N=15, E=16, F=FEPOINT, ET=TRIANGLE
0.313972 -0.515929 0 0 0 0 
0.328902 -0.537477 0 0 0 0 
0.343832 -0.559025 0 0 0 0 
0.358761 -0.580572 0 0 0 0 
0.373691 -0.60212 0 0 0 0 
0.343385 -0.515627 0 0 0 0 
0.358314 -0.537174 0 0 0 0 
0.373244 -0.558722 0 0 0 0 
0.388173 -0.580269 0 0 0 0 
0.372797 -0.515324 0 0 0 0 
0.387726 -0.536871 0 0 0 0 
0.402656 -0.558419 0 0 0 0 
0.402209 -0.515021 0 0 0 0 
0.417138 -0.536568 0 0 0 0 
0.431621 -0.514718 0 0 0 0 
1 2 6
2 7 6
2 3 7
3 8 7
3 4 8
4 9 8
4 5 9
6 7 10
7 11 10
7 8 11
8 12 11
8 9 12
10 11 13
11 14 13
11 12 14
13 14 15
ZONE N=15, E=16, F=FEPOINT, ET=TRIANGLE
0.20639 -0.4683 0 0 0 0 
0.233285 -0.480207 0 0 0 0 
0.260181 -0.492115 0 0 0 0 
0.287077 -0.504022 0 0 0 0 
0.313972 -0.515929 0 0 0 0 
0.220752 -0.440587 0 0 0 0 
0.247648 -0.452495 0 0 0 0 
0.274544 -0.464402 0 0 0 0 
0.301439 -0.47631 0 0 0 0 
0.235115 -0.412875 0 0 0 0 
0.26201 -0.424782 0 0 0 0 
0.288906 -0.43669 0 0 0 0 
0.249477 -0.385162 0 0 0 0 
0.276373 -0.39707 0 0 0 0 
0.26384 -0.35745 0 0 0 0 
1 2 6
2 7 6
2 3 7
3 8 7
3 4 8
4 9 8
4 5 9
6 7 10
7 11 10
7 8 11
8 12 11
8 9 12
10 11 13
11 14 13
11 12 14
13 14 15
ZONE N=15, E=16, F=FEPOINT, ET=TRIANGLE
0.369909 -0.412422 0 0 0 0 
0.402879 -0.420747 0 0 0 0 
0.43585 -0.429072 0 0 0 0 
0.46882 -0.437397 0 0 0 0 
0.50179 -0.445721 0 0 0 0 
0.39438 -0.39766 0 0 0 0 
0.42735 -0.405984 0 0 0 0 
0.460321 -0.414309 0 0 0 0 
0.493291 -0.422634 0 0 0 0 
0.418851 -0.382897 0 0 0 0 
0.451821 -0.391222 0 0 0 0 
0.484792 -0.399547 0 0 0 0 
0.443322 -0.368134 0 0 0 0 
0.476292 -0.376459 0 0 0 0 
0.467793 -0.353372 0 0 0 0 
1 2 6
2 7 6
2 3 7
3 8 7
3 4 8
4 9 8
4 5 9
6 7 10
7 11 10
7 8 11
8 12 11
8 9 12
10 11 13
11 14 13
11 12 14
13 14 15
ZONE N=15, E=16, F=FEPOINT, ET=TRIANGLE
0.20639 -0.4683 0 0 0 0 
0.181822 -0.499057 0 0 0 0 
0.157254 -0.529814 0 0 0 0 
0.132686 -0.560571 0 0 0 0 
0.108119 -0.591328 0 0 0 0 
0.210123 -0.496196 0 0 0 0 
0.185555 -0.526953 0 0 0 0 
0.160987 -0.55771 0 0 0 0 
0.136419 -0.588468 0 0 0 0 
0.213856 -0.524093 0 0 0 0 
0.189288 -0.55485 0 0 0 0 
0.16472 -0.585607 0 0 0 0 
0.217589 -0.551989 0 0 0 0 
0.193021 -0.582746 0 0 0 0 
0.221322 -0.579886 0 0 0 0 
1 2 6
2 7 6
2 3 7
3 8 7
3 4 8
4 9 8
4 5 9
6 7 10
7 11 10
7 8 11
8 12 11
8 9 12
10 11 13
11 14 13
11 12 14
13 14 15
ZONE N=15, E=16, F=FEPOINT, ET=TRIANGLE
0.278663 -0.666833 0 0 0 0 
0.30242 -0.650654 0 0 0 0 
0.326177 -0.634476 0 0 0 0 
0.349934 -0.618298 0 0 0 0 
0.373691 -0.60212 0 0 0 0 
0.264328 -0.645096 0 0 0 0 
0.288085 -0.628918 0 0 0 0 
0.311842 -0.612739 0 0 0 0 
0.335599 -0.596561 0 0 0 0 
0.249993 -0.623359 0 0 0 0 
0.27375 -0.607181 0 0 0 0 
0.297506 -0.591003 0 0 0 0 
0.235658 -0.601623 0 0 0 0 
0.259414 -0.585444 0 0 0 0 
0.221322 -0.579886 0 0 0 0 
1 2 6
2 7 6
2 3 7
3 8 7
3 4 8
4 9 8
4 5 9
6 7 10
7 11 10
7 8 11
8 12 11
8 9 12
10 11 13
11 14 13
11 12 14
13 14 15
ZONE N=15, E=16, F=FEPOINT, ET=TRIANGLE
0.536313 -0.647008 0 0 0 0 
0.495658 -0.635786 0 0 0 0 
0.455002 -0.624564 0 0 0 0 
0.414346 -0.613342 0 0 0 0 
0.373691 -0.60212 0 0 0 0 
0.495927 -0.661998 0 0 0 0 
0.455272 -0.650776 0 0 0 0 
0.414616 -0.639554 0 0 0 0 
0.373961 -0.628332 0 0 0 0 
0.455542 -0.676989 0 0 0 0 
0.414886 -0.665767 0 0 0 0 
0.374231 -0.654545 0 0 0 0 
0.415156 -0.69198 0 0 0 0 
0.3745 -0.680758 0 0 0 0 
0.37477 -0.706971 0 0 0 0 
1 2 6
2 7 6
2 3 7
3 8 7
3 4 8
4 9 8
4 5 9
6 7 10
7 11 10
7 8 11
8 12 11
8 9 12
10 11 13
11 14 13
11 12 14
13 14 15
ZONE N=15, E=16, F=FEPOINT, ET=TRIANGLE
0.615362 -0.164323 0 0 0 0 
0.638897 -0.155847 0 0 0 0 
0.662432 -0.147372 0 0 0 0 
0.685967 -0.138897 0 0 0 0 
0.709502 -0.130422 0 0 0 0 
0.618198 -0.141801 0 0 0 0 
0.641733 -0.133326 0 0 0 0 
0.665268 -0.12485 0 0 0 0 
0.688803 -0.116375 0 0 0 0 
0.621035 -0.119279 0 0 0 0 
0.64457 -0.110804 0 0 0 0 
0.668105 -0.102329 0 0 0 0 
0.623872 -0.0967574 0 0 0 0 
0.647407 -0.0882821 0 0 0 0 
0.626708 -0.0742356 0 0 0 0 
1 2 6
2 7 6
2 3 7
3 8 7
3 4 8
4 9 8
4 5 9
6 7 10
7 11 10
7 8 11
8 12 11
8 9 12
10 11 13
11 14 13
11 12 14
13 14 15
ZONE N=15, E=16, F=FEPOINT, ET=TRIANGLE
0.221322 -0.579886 0 0 0 0 
0.193021 -0.582746 0 0 0 0 
0.16472 -0.585607 0 0 0 0 
0.136419 -0.588468 0 0 0 0 
0.108119 -0.591328 0 0 0 0 
0.209928 -0.605622 0 0 0 0 
0.181627 -0.608482 0 0 0 0 
0.153326 -0.611343 0 0 0 0 
0.125026 -0.614203 0 0 0 0 
0.198534 -0.631358 0 0 0 0 
0.170234 -0.634218 0 0 0 0 
0.141933 -0.637079 0 0 0 0 
0.187141 -0.657093 0 0 0 0 
0.15884 -0.659954 0 0 0 0 
0.175747 -0.682829 0 0 0 0 
1 2 6
2 7 6
2 3 7
3 8 7
3 4 8
4 9 8
4 5 9
6 7 10
7 11 10
7 8 11
8 12 11
8 9 12
10 11 13
11 14 13
11 12 14
13 14 15
ZONE N=15, E=16, F=FEPOINT, ET=TRIANGLE
0.360411 -0.816093 0 0 0 0 
0.364001 -0.788813 0 0 0 0 
0.367591 -0.761532 0 0 0 0 
0.371181 -0.734252 0 0 0 0 
0.37477 -0.706971 0 0 0 0 
0.331306 -0.80778 0 0 0 0 
0.334896 -0.780499 0 0 0 0 
0.338486 -0.753218 0 0 0 0 
0.342076 -0.725938 0 0 0 0 
0.302202 -0.799466 0 0 0 0 
0.305792 -0.772185 0 0 0 0 
0.309382 -0.744904 0 0 0 0 
0.273097 -0.791152 0 0 0 0 
0.276687 -0.763871 0 0 0 0 
0.243993 -0.782838 0 0 0 0 
1 2 6
2 7 6
2 3 7
3 8 7
3 4 8
4 9 8
4 5 9
6 7 10
7 11 10
7 8 11
8 12 11
8 9 12
10 11 13
11 14 13
11 12 14
13 14 15
ZONE N=15, E=16, F=FEPOINT, ET=TRIANGLE
0.431621 -0.514718 0 0 0 0 
0.449163 -0.497469 0 0 0 0 
0.466706 -0.48022 0 0 0 0 
0.484248 -0.46297 0 0 0 0 
0.50179 -0.445721 0 0 0 0 
0.416193 -0.489144 0 0 0 0 
0.433735 -0.471895 0 0 0 0 
0.451278 -0.454646 0 0 0 0 
0.46882 -0.437397 0 0 0 0 
0.400765 -0.46357 0 0 0 0 
0.418307 -0.446321 0 0 0 0 
0.43585 -0.429072 0 0 0 0 
0.385337 -0.437996 0 0 0 0 
0.402879 -0.420747 0 0 0 0 
0.369909 -0.412422 0 0 0 0 
1 2 6
2 7 6
2 3 7
3 8 7
3 4 8
4 9 8
4 5 9
6 7 10
7 11 10
7 8 11
8 12 11
8 9 12
10 11 13
11 14 13
11 12 14
13 14 15
ZONE N=15, E=16, F=FEPOINT, ET=TRIANGLE
0.586783 -0.257154 0 0 0 0 
0.555467 -0.256689 0 0 0 0 
0.524151 -0.256225 0 0 0 0 
0.492836 -0.25576 0 0 0 0 
0.46152 -0.255295 0 0 0 0 
0.557035 -0.281208 0 0 0 0 
0.52572 -0.280744 0 0 0 0 
0.494404 -0.280279 0 0 0 0 
0.463088 -0.279814 0 0 0 0 
0.527288 -0.305263 0 0 0 0 
0.495972 -0.304798 0 0 0 0 
0.464657 -0.304333 0 0 0 0 
0.497541 -0.329317 0 0 0 0 
0.466225 -0.328853 0 0 0 0 
0.467793 -0.353372 0 0 0 0 
1 2 6
2 7 6
2 3 7
3 8 7
3 4 8
4 9 8
4 5 9
6 7 10
7 11 10
7 8 11
8 12 11
8 9 12
10 11 13
11 14 13
11 12 14
13 14 15
ZONE N=15, E=16, F=FEPOINT, ET=TRIANGLE
0.175747 -0.682829 0 0 0 0 
0.192808 -0.707831 0 0 0 0 
0.20987 -0.732833 0 0 0 0 
0.226931 -0.757836 0 0 0 0 
0.243993 -0.782838 0 0 0 0 
0.201476 -0.67883 0 0 0 0 
0.218537 -0.703832 0 0 0 0 
0.235599 -0.728834 0 0 0 0 
0.25266 -0.753836 0 0 0 0 
0.227205 -0.674831 0 0 0 0 
0.244266 -0.699833 0 0 0 0 
0.261328 -0.724835 0 0 0 0 
0.252934 -0.670832 0 0 0 0 
0.269996 -0.695834 0 0 0 0 
0.278663 -0.666833 0 0 0 0 
1 2 6
2 7 6
2 3 7
3 8 7
3 4 8
4 9 8
4 5 9
6 7 10
7 11 10
7 8 11
8 12 11
8 9 12
10 11 13
11 14 13
11 12 14
13 14 15
ZONE N=15, E=16, F=FEPOINT, ET=TRIANGLE
0.509997 -0.560263 0 0 0 0 
0.47592 -0.570727 0 0 0 0 
0.441844 -0.581191 0 0 0 0 
0.407767 -0.591655 0 0 0 0 
0.373691 -0.60212 0 0 0 0 
0.516576 -0.581949 0 0 0 0 
0.482499 -0.592413 0 0 0 0 
0.448423 -0.602877 0 0 0 0 
0.414346 -0.613342 0 0 0 0 
0.523155 -0.603635 0 0 0 0 
0.489078 -0.6141 0 0 0 0 
0.455002 -0.624564 0 0 0 0 
0.529734 -0.625322 0 0 0 0 
0.495658 -0.635786 0 0 0 0 
0.536313 -0.647008 0 0 0 0 
1 2 6
2 7 6
2 3 7
3 8 7
3 4 8
4 9 8
4 5 9
6 7 10
7 11 10
7 8 11
8 12 11
8 9 12
10 11 13
11 14 13
11 12 14
13 14 15
ZONE N=15, E=16, F=FEPOINT, ET=TRIANGLE
0.0546188 -0.49091 0 0 0 0 
0.0679937 -0.516014 0 0 0 0 
0.0813687 -0.541119 0 0 0 0 
0.0947436 -0.566224 0 0 0 0 
0.108119 -0.591328 0 0 0 0 
0.0925615 -0.485257 0 0 0 0 
0.105936 -0.510362 0 0 0 0 
0.119311 -0.535466 0 0 0 0 
0.132686 -0.560571 0 0 0 0 
0.130504 -0.479605 0 0 0 0 
0.143879 -0.504709 0 0 0 0 
0.157254 -0.529814 0 0 0 0 
0.168447 -0.473952 0 0 0 0 
0.181822 -0.499057 0 0 0 0 
0.20639 -0.4683 0 0 0 0 
1 2 6
2 7 6
2 3 7
3 8 7
3 4 8
4 9 8
4 5 9
6 7 10
7 11 10
7 8 11
8 12 11
8 9 12
10 11 13
11 14 13
11 12 14
13 14 15
ZONE N=15, E=16, F=FEPOINT, ET=TRIANGLE
0.175747 -0.682829 0 0 0 0 
0.201476 -0.67883 0 0 0 0 
0.227205 -0.674831 0 0 0 0 
0.252934 -0.670832 0 0 0 0 
0.278663 -0.666833 0 0 0 0 
0.187141 -0.657093 0 0 0 0 
0.21287 -0.653094 0 0 0 0 
0.238599 -0.649095 0 0 0 0 
0.264328 -0.645096 0 0 0 0 
0.198534 -0.631358 0 0 0 0 
0.224264 -0.627358 0 0 0 0 
0.249993 -0.623359 0 0 0 0 
0.209928 -0.605622 0 0 0 0 
0.235658 -0.601623 0 0 0 0 
0.221322 -0.579886 0 0 0 0 
1 2 6
2 7 6
2 3 7
3 8 7
3 4 8
4 9 8
4 5 9
6 7 10
7 11 10
7 8 11
8 12 11
8 9 12
10 11 13
11 14 13
11 12 14
13 14 15
ZONE N=15, E=16, F=FEPOINT, ET=TRIANGLE
0.615362 -0.164323 0 0 0 0 
0.618198 -0.141801 0 0 0 0 
0.621035 -0.119279 0 0 0 0 
0.623872 -0.0967574 0 0 0 0 
0.626708 -0.0742356 0 0 0 0 
0.594958 -0.145155 0 0 0 0 
0.597795 -0.122633 0 0 0 0 
0.600632 -0.100111 0 0 0 0 
0.603468 -0.0775892 0 0 0 0 
0.574555 -0.125986 0 0 0 0 
0.577392 -0.103465 0 0 0 0 
0.580228 -0.0809429 0 0 0 0 
0.554152 -0.106818 0 0 0 0 
0.556988 -0.0842965 0 0 0 0 
0.533748 -0.0876502 0 0 0 0 
1 2 6
2 7 6
2 3 7
3 8 7
3 4 8
4 9 8
4 5 9
6 7 10
7 11 10
7 8 11
8 12 11
8 9 12
10 11 13
11 14 13
11 12 14
13 14 15
ZONE N=15, E=16, F=FEPOINT, ET=TRIANGLE
0.4375 -0.0743868 0 0 0 0 
0.459664 -0.101107 0 0 0 0 
0.481829 -0.127826 0 0 0 0 
0.503993 -0.154546 0 0 0 0 
0.526158 -0.181266 0 0 0 0 
0.461562 -0.0777026 0 0 0 0 
0.483726 -0.104422 0 0 0 0 
0.505891 -0.131142 0 0 0 0 
0.528055 -0.157862 0 0 0 0 
0.485624 -0.0810185 0 0 0 0 
0.507789 -0.107738 0 0 0 0 
0.529953 -0.134458 0 0 0 0 
0.509686 -0.0843343 0 0 0 0 
0.531851 -0.111054 0 0 0 0 
0.533748 -0.0876502 0 0 0 0 
1 2 6
2 7 6
2 3 7
3 8 7
3 4 8
4 9 8
4 5 9
6 7 10
7 11 10
7 8 11
8 12 11
8 9 12
10 11 13
11 14 13
11 12 14
13 14 15
ZONE N=15, E=16, F=FEPOINT, ET=TRIANGLE
0.313972 -0.515929 0 0 0 0 
0.29081 -0.531919 0 0 0 0 
0.267647 -0.547908 0 0 0 0 
0.244485 -0.563897 0 0 0 0 
0.221322 -0.579886 0 0 0 0 
0.328902 -0.537477 0 0 0 0 
0.305739 -0.553466 0 0 0 0 
0.282577 -0.569455 0 0 0 0 
0.259414 -0.585444 0 0 0 0 
0.343832 -0.559025 0 0 0 0 
0.320669 -0.575014 0 0 0 0 
0.297506 -0.591003 0 0 0 0 
0.358761 -0.580572 0 0 0 0 
0.335599 -0.596561 0 0 0 0 
0.373691 -0.60212 0 0 0 0 
1 2 6
2 7 6
2 3 7
3 8 7
3 4 8
4 9 8
4 5 9
6 7 10
7 11 10
7 8 11
8 12 11
8 9 12
10 11 13
11 14 13
11 12 14
13 14 15
ZONE N=15, E=16, F=FEPOINT, ET=TRIANGLE
0.634393 -0.77301 0 0 0 0 
0.652572 -0.756535 0 0 0 0 
0.67075 -0.740059 0 0 0 0 
0.688928 -0.723583 0 0 0 0 
0.707107 -0.707107 0 0 0 0 
0.635261 -0.737546 0 0 0 0 
0.653439 -0.72107 0 0 0 0 
0.671617 -0.704594 0 0 0 0 
0.689796 -0.688118 0 0 0 0 
0.636128 -0.702082 0 0 0 0 
0.654306 -0.685606 0 0 0 0 
0.672485 -0.66913 0 0 0 0 
0.636996 -0.666617 0 0 0 0 
0.655174 -0.650141 0 0 0 0 
0.637863 -0.631153 0 0 0 0 
1 2 6
2 7 6
2 3 7
3 8 7
3 4 8
4 9 8
4 5 9
6 7 10
7 11 10
7 8 11
8 12 11
8 9 12
10 11 13
11 14 13
11 12 14
13 14 15
ZONE N=15, E=16, F=FEPOINT, ET=TRIANGLE
0.581079 -0.50401 0 0 0 0 
0.561257 -0.489438 0 0 0 0 
0.541435 -0.474866 0 0 0 0 
0.521612 -0.460293 0 0 0 0 
0.50179 -0.445721 0 0 0 0 
0.563309 -0.518073 0 0 0 0 
0.543486 -0.503501 0 0 0 0 
0.523664 -0.488929 0 0 0 0 
0.503842 -0.474357 0 0 0 0 
0.545538 -0.532136 0 0 0 0 
0.525716 -0.517564 0 0 0 0 
0.505894 -0.502992 0 0 0 0 
0.527767 -0.5462 0 0 0 0 
0.507945 -0.531628 0 0 0 0 
0.509997 -0.560263 0 0 0 0 
1 2 6
2 7 6
2 3 7
3 8 7
3 4 8
4 9 8
4 5 9
6 7 10
7 11 10
7 8 11
8 12 11
8 9 12
10 11 13
11 14 13
11 12 14
13 14 15
ZONE N=15, E=16, F=FEPOINT, ET=TRIANGLE
0.536313 -0.647008 0 0 0 0 
0.495927 -0.661998 0 0 0 0 
0.455542 -0.676989 0 0 0 0 
0.415156 -0.69198 0 0 0 0 
0.37477 -0.706971 0 0 0 0 
0.515363 -0.678432 0 0 0 0 
0.474977 -0.693423 0 0 0 0 
0.434592 -0.708414 0 0 0 0 
0.394206 -0.723405 0 0 0 0 
0.494413 -0.709857 0 0 0 0 
0.454027 -0.724848 0 0 0 0 
0.413642 -0.739839 0 0 0 0 
0.473463 -0.741282 0 0 0 0 
0.433077 -0.756273 0 0 0 0 
0.452513 -0.772707 0 0 0 0 
1 2 6
2 7 6
2 3 7
3 8 7
3 4 8
4 9 8
4 5 9
6 7 10
7 11 10
7 8 11
8 12 11
8 9 12
10 11 13
11 14 13
11 12 14
13 14 15
ZONE N=15, E=16, F=FEPOINT, ET=TRIANGLE
-0.071699 -0.479797 0 0 0 0 
-0.0852505 -0.497651 0 0 0 0 
-0.098802 -0.515504 0 0 0 0 
-0.112353 -0.533358 0 0 0 0 
-0.125905 -0.551212 0 0 0 0 
-0.0539136 -0.50604 0 0 0 0 
-0.0674651 -0.523893 0 0 0 0 
-0.0810166 -0.541747 0 0 0 0 
-0.0945681 -0.5596 0 0 0 0 
-0.0361282 -0.532282 0 0 0 0 
-0.0496797 -0.550136 0 0 0 0 
-0.0632312 -0.567989 0 0 0 0 
-0.0183428 -0.558524 0 0 0 0 
-0.0318943 -0.576378 0 0 0 0 
-0.000557426 -0.584767 0 0 0 0 
1 2 6
2 7 6
2 3 7
3 8 7
3 4 8
4 9 8
4 5 9
6 7 10
7 11 10
7 8 11
8 12 11
8 9 12
10 11 13
11 14 13
11 12 14
13 14 15
ZONE N=15, E=16, F=FEPOINT, ET=TRIANGLE
0.108119 -0.591328 0 0 0 0 
0.0809495 -0.589688 0 0 0 0 
0.0537805 -0.588047 0 0 0 0 
0.0266116 -0.586407 0 0 0 0 
-0.000557426 -0.584767 0 0 0 0 
0.0871908 -0.630346 0 0 0 0 
0.0600218 -0.628706 0 0 0 0 
0.0328529 -0.627065 0 0 0 0 
0.00568387 -0.625425 0 0 0 0 
0.0662631 -0.669364 0 0 0 0 
0.0390941 -0.667724 0 0 0 0 
0.0119252 -0.666083 0 0 0 0 
0.0453354 -0.708382 0 0 0 0 
0.0181665 -0.706742 0 0 0 0 
0.0244078 -0.7474 0 0 0 0 
1 2 6
2 7 6
2 3 7
3 8 7
3 4 8
4 9 8
4 5 9
6 7 10
7 11 10
7 8 11
8 12 11
8 9 12
10 11 13
11 14 13
11 12 14
13 14 15
ZONE N=15, E=16, F=FEPOINT, ET=TRIANGLE
0.0825181 -0.914846 0 0 0 0 
0.104734 -0.90083 0 0 0 0 
0.12695 -0.886814 0 0 0 0 
0.149166 -0.872798 0 0 0 0 
0.171382 -0.858782 0 0 0 0 
0.0927152 -0.878524 0 0 0 0 
0.114931 -0.864508 0 0 0 0 
0.137147 -0.850492 0 0 0 0 
0.159363 -0.836476 0 0 0 0 
0.102912 -0.842203 0 0 0 0 
0.125128 -0.828187 0 0 0 0 
0.147344 -0.81417 0 0 0 0 
0.113109 -0.805881 0 0 0 0 
0.135325 -0.791865 0 0 0 0 
0.123307 -0.769559 0 0 0 0 
1 2 6
2 7 6
2 3 7
3 8 7
3 4 8
4 9 8
4 5 9
6 7 10
7 11 10
7 8 11
8 12 11
8 9 12
10 11 13
11 14 13
11 12 14
13 14 15
ZONE N=15, E=16, F=FEPOINT, ET=TRIANGLE
0.37477 -0.706971 0 0 0 0 
0.3745 -0.680758 0 0 0 0 
0.374231 -0.654545 0 0 0 0 
0.373961 -0.628332 0 0 0 0 
0.373691 -0.60212 0 0 0 0 
0.350744 -0.696936 0 0 0 0 
0.350474 -0.670724 0 0 0 0 
0.350204 -0.644511 0 0 0 0 
0.349934 -0.618298 0 0 0 0 
0.326717 -0.686902 0 0 0 0 
0.326447 -0.660689 0 0 0 0 
0.326177 -0.634476 0 0 0 0 
0.30269 -0.676867 0 0 0 0 
0.30242 -0.650654 0 0 0 0 
0.278663 -0.666833 0 0 0 0 
1 2 6
2 7 6
2 3 7
3 8 7
3 4 8
4 9 8
4 5 9
6 7 10
7 11 10
7 8 11
8 12 11
8 9 12
10 11 13
11 14 13
11 12 14
13 14 15
ZONE N=15, E=16, F=FEPOINT, ET=TRIANGLE
-0.0272066 -0.869892 0 0 0 0 
-0.014303 -0.839269 0 0 0 0 
-0.0013994 -0.808646 0 0 0 0 
0.0115042 -0.778023 0 0 0 0 
0.0244078 -0.7474 0 0 0 0 
-0.0441133 -0.841284 0 0 0 0 
-0.0312098 -0.810661 0 0 0 0 
-0.0183062 -0.780038 0 0 0 0 
-0.00540262 -0.749415 0 0 0 0 
-0.0610201 -0.812675 0 0 0 0 
-0.0481166 -0.782052 0 0 0 0 
-0.035213 -0.751429 0 0 0 0 
-0.0779269 -0.784067 0 0 0 0 
-0.0650234 -0.753444 0 0 0 0 
-0.0948337 -0.755459 0 0 0 0 
1 2 6
2 7 6
2 3 7
3 8 7
3 4 8
4 9 8
4 5 9
6 7 10
7 11 10
7 8 11
8 12 11
8 9 12
10 11 13
11 14 13
11 12 14
13 14 15
ZONE N=15, E=16, F=FEPOINT, ET=TRIANGLE
0.290285 -0.95694 0 0 0 0 
0.307816 -0.921729 0 0 0 0 
0.325348 -0.886517 0 0 0 0 
0.342879 -0.851305 0 0 0 0 
0.360411 -0.816093 0 0 0 0 
0.278712 -0.913415 0 0 0 0 
0.296243 -0.878203 0 0 0 0 
0.313775 -0.842991 0 0 0 0 
0.331306 -0.80778 0 0 0 0 
0.267139 -0.869889 0 0 0 0 
0.28467 -0.834677 0 0 0 0 
0.302202 -0.799466 0 0 0 0 
0.255566 -0.826363 0 0 0 0 
0.273097 -0.791152 0 0 0 0 
0.243993 -0.782838 0 0 0 0 
1 2 6
2 7 6
2 3 7
3 8 7
3 4 8
4 9 8
4 5 9
6 7 10
7 11 10
7 8 11
8 12 11
8 9 12
10 11 13
11 14 13
11 12 14
13 14 15
ZONE N=15, E=16, F=FEPOINT, ET=TRIANGLE
0.582107 -0.354172 0 0 0 0 
0.583276 -0.329918 0 0 0 0 
0.584445 -0.305663 0 0 0 0 
0.585614 -0.281408 0 0 0 0 
0.586783 -0.257154 0 0 0 0 
0.553528 -0.353972 0 0 0 0 
0.554697 -0.329717 0 0 0 0 
0.555866 -0.305463 0 0 0 0 
0.557035 -0.281208 0 0 0 0 
0.52495 -0.353772 0 0 0 0 
0.526119 -0.329517 0 0 0 0 
0.527288 -0.305263 0 0 0 0 
0.496372 -0.353572 0 0 0 0 
0.497541 -0.329317 0 0 0 0 
0.467793 -0.353372 0 0 0 0 
1 2 6
2 7 6
2 3 7
3 8 7
3 4 8
4 9 8
4 5 9
6 7 10
7 11 10
7 8 11
8 12 11
8 9 12
10 11 13
11 14 13
11 12 14
13 14 15
ZONE N=15, E=16, F=FEPOINT, ET=TRIANGLE
0.526158 -0.181266 0 0 0 0 
0.48262 -0.168279 0 0 0 0 
0.439083 -0.155292 0 0 0 0 
0.395545 -0.142305 0 0 0 0 
0.352007 -0.129318 0 0 0 0 
0.509998 -0.199773 0 0 0 0 
0.466461 -0.186786 0 0 0 0 
0.422923 -0.173799 0 0 0 0 
0.379386 -0.160812 0 0 0 0 
0.493839 -0.21828 0 0 0 0 
0.450301 -0.205294 0 0 0 0 
0.406764 -0.192307 0 0 0 0 
0.477679 -0.236788 0 0 0 0 
0.434142 -0.223801 0 0 0 0 
0.46152 -0.255295 0 0 0 0 
1 2 6
2 7 6
2 3 7
3 8 7
3 4 8
4 9 8
4 5 9
6 7 10
7 11 10
7 8 11
8 12 11
8 9 12
10 11 13
11 14 13
11 12 14
13 14 15
ZONE N=15, E=16, F=FEPOINT, ET=TRIANGLE
-0.613105 -0.658112 0 0 0 0 
-0.598721 -0.701451 0 0 0 0 
-0.584337 -0.744791 0 0 0 0 
-0.569954 -0.78813 0 0 0 0 
-0.55557 -0.83147 0 0 0 0 
-0.586855 -0.66175 0 0 0 0 
-0.572471 -0.70509 0 0 0 0 
-0.558087 -0.748429 0 0 0 0 
-0.543704 -0.791768 0 0 0 0 
-0.560604 -0.665388 0 0 0 0 
-0.546221 -0.708728 0 0 0 0 
-0.531837 -0.752067 0 0 0 0 
-0.534354 -0.669026 0 0 0 0 
-0.519971 -0.712366 0 0 0 0 
-0.508104 -0.672665 0 0 0 0 
1 2 6
2 7 6
2 3 7
3 8 7
3 4 8
4 9 8
4 5 9
6 7 10
7 11 10
7 8 11
8 12 11
8 9 12
10 11 13
11 14 13
11 12 14
13 14 15
ZONE N=15, E=16, F=FEPOINT, ET=TRIANGLE
0.0244078 -0.7474 0 0 0 0 
-0.00585546 -0.71954 0 0 0 0 
-0.0361187 -0.69168 0 0 0 0 
-0.0663819 -0.663819 0 0 0 0 
-0.0966451 -0.635959 0 0 0 0 
-0.00540262 -0.749415 0 0 0 0 
-0.0356658 -0.721554 0 0 0 0 
-0.065929 -0.693694 0 0 0 0 
-0.0961922 -0.665834 0 0 0 0 
-0.035213 -0.751429 0 0 0 0 
-0.0654762 -0.723569 0 0 0 0 
-0.0957394 -0.695709 0 0 0 0 
-0.0650234 -0.753444 0 0 0 0 
-0.0952866 -0.725584 0 0 0 0 
-0.0948337 -0.755459 0 0 0 0 
1 2 6
2 7 6
2 3 7
3 8 7
3 4 8
4 9 8
4 5 9
6 7 10
7 11 10
7 8 11
8 12 11
8 9 12
10 11 13
11 14 13
11 12 14
13 14 15
ZONE N=15, E=16, F=FEPOINT, ET=TRIANGLE
0.0546188 -0.49091 0 0 0 0 
0.0230394 -0.488132 0 0 0 0 
-0.00854009 -0.485354 0 0 0 0 
-0.0401195 -0.482575 0 0 0 0 
-0.071699 -0.479797 0 0 0 0 
0.0408248 -0.514374 0 0 0 0 
0.00924531 -0.511596 0 0 0 0 
-0.0223342 -0.508818 0 0 0 0 
-0.0539136 -0.50604 0 0 0 0 
0.0270307 -0.537838 0 0 0 0 
-0.00454876 -0.53506 0 0 0 0 
-0.0361282 -0.532282 0 0 0 0 
0.0132366 -0.561302 0 0 0 0 
-0.0183428 -0.558524 0 0 0 0 
-0.000557426 -0.584767 0 0 0 0 
1 2 6
2 7 6
2 3 7
3 8 7
3 4 8
4 9 8
4 5 9
6 7 10
7 11 10
7 8 11
8 12 11
8 9 12
10 11 13
11 14 13
11 12 14
13 14 15
ZONE N=15, E=16, F=FEPOINT, ET=TRIANGLE
0.0244078 -0.7474 0 0 0 0 
0.0181665 -0.706742 0 0 0 0 
0.0119252 -0.666083 0 0 0 0 
0.00568387 -0.625425 0 0 0 0 
-0.000557426 -0.584767 0 0 0 0 
-0.00585546 -0.71954 0 0 0 0 
-0.0120968 -0.678881 0 0 0 0 
-0.018338 -0.638223 0 0 0 0 
-0.0245793 -0.597565 0 0 0 0 
-0.0361187 -0.69168 0 0 0 0 
-0.04236 -0.651021 0 0 0 0 
-0.0486013 -0.610363 0 0 0 0 
-0.0663819 -0.663819 0 0 0 0 
-0.0726232 -0.623161 0 0 0 0 
-0.0966451 -0.635959 0 0 0 0 
1 2 6
2 7 6
2 3 7
3 8 7
3 4 8
4 9 8
4 5 9
6 7 10
7 11 10
7 8 11
8 12 11
8 9 12
10 11 13
11 14 13
11 12 14
13 14 15
ZONE N=15, E=16, F=FEPOINT, ET=TRIANGLE
0.0594375 -0.401335 0 0 0 0 
0.0266534 -0.42095 0 0 0 0 
-0.00613073 -0.440566 0 0 0 0 
-0.0389149 -0.460182 0 0 0 0 
-0.071699 -0.479797 0 0 0 0 
0.0582329 -0.423728 0 0 0 0 
0.0254487 -0.443344 0 0 0 0 
-0.00733541 -0.46296 0 0 0 0 
-0.0401195 -0.482575 0 0 0 0 
0.0570282 -0.446122 0 0 0 0 
0.024244 -0.465738 0 0 0 0 
-0.00854009 -0.485354 0 0 0 0 
0.0558235 -0.468516 0 0 0 0 
0.0230394 -0.488132 0 0 0 0 
0.0546188 -0.49091 0 0 0 0 
1 2 6
2 7 6
2 3 7
3 8 7
3 4 8
4 9 8
4 5 9
6 7 10
7 11 10
7 8 11
8 12 11
8 9 12
10 11 13
11 14 13
11 12 14
13 14 15
ZONE N=15, E=16, F=FEPOINT, ET=TRIANGLE
-0.125905 -0.551212 0 0 0 0 
-0.140939 -0.519653 0 0 0 0 
-0.155973 -0.488093 0 0 0 0 
-0.171007 -0.456534 0 0 0 0 
-0.186042 -0.424975 0 0 0 0 
-0.148166 -0.553823 0 0 0 0 
-0.163201 -0.522264 0 0 0 0 
-0.178235 -0.490705 0 0 0 0 
-0.193269 -0.459145 0 0 0 0 
-0.170428 -0.556434 0 0 0 0 
-0.185462 -0.524875 0 0 0 0 
-0.200496 -0.493316 0 0 0 0 
-0.19269 -0.559045 0 0 0 0 
-0.207724 -0.527486 0 0 0 0 
-0.214951 -0.561656 0 0 0 0 
1 2 6
2 7 6
2 3 7
3 8 7
3 4 8
4 9 8
4 5 9
6 7 10
7 11 10
7 8 11
8 12 11
8 9 12
10 11 13
11 14 13
11 12 14
13 14 15
ZONE N=15, E=16, F=FEPOINT, ET=TRIANGLE
-0.365386 -0.609463 0 0 0 0 
-0.327777 -0.597511 0 0 0 0 
-0.290168 -0.585559 0 0 0 0 
-0.25256 -0.573608 0 0 0 0 
-0.214951 -0.561656 0 0 0 0 
-0.352998 -0.574327 0 0 0 0 
-0.315389 -0.562376 0 0 0 0 
-0.27778 -0.550424 0 0 0 0 
-0.240172 -0.538472 0 0 0 0 
-0.34061 -0.539192 0 0 0 0 
-0.303001 -0.52724 0 0 0 0 
-0.265392 -0.515288 0 0 0 0 
-0.328222 -0.504056 0 0 0 0 
-0.290613 -0.492104 0 0 0 0 
-0.315834 -0.46892 0 0 0 0 
1 2 6
2 7 6
2 3 7
3 8 7
3 4 8
4 9 8
4 5 9
6 7 10
7 11 10
7 8 11
8 12 11
8 9 12
10 11 13
11 14 13
11 12 14
13 14 15
ZONE N=15, E=16, F=FEPOINT, ET=TRIANGLE
0.0244078 -0.7474 0 0 0 0 
0.0491324 -0.75294 0 0 0 0 
0.0738571 -0.758479 0 0 0 0 
0.0985818 -0.764019 0 0 0 0 
0.123307 -0.769559 0 0 0 0 
0.0622425 -0.731257 0 0 0 0 
0.0869672 -0.736797 0 0 0 0 
0.111692 -0.742337 0 0 0 0 
0.136417 -0.747876 0 0 0 0 
0.100077 -0.715115 0 0 0 0 
0.124802 -0.720654 0 0 0 0 
0.149527 -0.726194 0 0 0 0 
0.137912 -0.698972 0 0 0 0 
0.162637 -0.704512 0 0 0 0 
0.175747 -0.682829 0 0 0 0 
1 2 6
2 7 6
2 3 7
3 8 7
3 4 8
4 9 8
4 5 9
6 7 10
7 11 10
7 8 11
8 12 11
8 9 12
10 11 13
11 14 13
11 12 14
13 14 15
ZONE N=15, E=16, F=FEPOINT, ET=TRIANGLE
-0.396821 -0.769462 0 0 0 0 
-0.393287 -0.808066 0 0 0 0 
-0.389752 -0.846671 0 0 0 0 
-0.386218 -0.885275 0 0 0 0 
-0.382683 -0.92388 0 0 0 0 
-0.365206 -0.791896 0 0 0 0 
-0.361672 -0.8305 0 0 0 0 
-0.358137 -0.869105 0 0 0 0 
-0.354603 -0.907709 0 0 0 0 
-0.333591 -0.81433 0 0 0 0 
-0.330057 -0.852934 0 0 0 0 
-0.326522 -0.891539 0 0 0 0 
-0.301976 -0.836764 0 0 0 0 
-0.298442 -0.875369 0 0 0 0 
-0.270361 -0.859198 0 0 0 0 
1 2 6
2 7 6
2 3 7
3 8 7
3 4 8
4 9 8
4 5 9
6 7 10
7 11 10
7 8 11
8 12 11
8 9 12
10 11 13
11 14 13
11 12 14
13 14 15
ZONE N=15, E=16, F=FEPOINT, ET=TRIANGLE
-0.19509 -0.980785 0 0 0 0 
-0.181505 -0.950537 0 0 0 0 
-0.167919 -0.920289 0 0 0 0 
-0.154334 -0.890041 0 0 0 0 
-0.140748 -0.859793 0 0 0 0 
-0.213908 -0.950389 0 0 0 0 
-0.200323 -0.92014 0 0 0 0 
-0.186737 -0.889892 0 0 0 0 
-0.173152 -0.859644 0 0 0 0 
-0.232726 -0.919992 0 0 0 0 
-0.21914 -0.889744 0 0 0 0 
-0.205555 -0.859496 0 0 0 0 
-0.251544 -0.889595 0 0 0 0 
-0.237958 -0.859347 0 0 0 0 
-0.270361 -0.859198 0 0 0 0 
1 2 6
2 7 6
2 3 7
3 8 7
3 4 8
4 9 8
4 5 9
6 7 10
7 11 10
7 8 11
8 12 11
8 9 12
10 11 13
11 14 13
11 12 14
13 14 15
ZONE N=15, E=16, F=FEPOINT, ET=TRIANGLE
-0.616222 -0.451148 0 0 0 0 
-0.629896 -0.413915 0 0 0 0 
-0.64357 -0.376682 0 0 0 0 
-0.657243 -0.339449 0 0 0 0 
-0.670917 -0.302216 0 0 0 0 
-0.63914 -0.438544 0 0 0 0 
-0.652814 -0.401311 0 0 0 0 
-0.666487 -0.364078 0 0 0 0 
-0.680161 -0.326845 0 0 0 0 
-0.662058 -0.42594 0 0 0 0 
-0.675731 -0.388708 0 0 0 0 
-0.689405 -0.351475 0 0 0 0 
-0.684975 -0.413337 0 0 0 0 
-0.698649 -0.376104 0 0 0 0 
-0.707893 -0.400733 0 0 0 0 
1 2 6
2 7 6
2 3 7
3 8 7
3 4 8
4 9 8
4 5 9
6 7 10
7 11 10
7 8 11
8 12 11
8 9 12
10 11 13
11 14 13
11 12 14
13 14 15
ZONE N=15, E=16, F=FEPOINT, ET=TRIANGLE
-0.670917 -0.302216 0 0 0 0 
-0.654861 -0.281377 0 0 0 0 
-0.638805 -0.260539 0 0 0 0 
-0.622749 -0.2397 0 0 0 0 
-0.606693 -0.218861 0 0 0 0 
-0.693928 -0.289467 0 0 0 0 
-0.677872 -0.268628 0 0 0 0 
-0.661816 -0.247789 0 0 0 0 
-0.64576 -0.22695 0 0 0 0 
-0.716939 -0.276717 0 0 0 0 
-0.700883 -0.255879 0 0 0 0 
-0.684827 -0.23504 0 0 0 0 
-0.739949 -0.263968 0 0 0 0 
-0.723894 -0.243129 0 0 0 0 
-0.76296 -0.251218 0 0 0 0 
1 2 6
2 7 6
2 3 7
3 8 7
3 4 8
4 9 8
4 5 9
6 7 10
7 11 10
7 8 11
8 12 11
8 9 12
10 11 13
11 14 13
11 12 14
13 14 15
ZONE N=15, E=16, F=FEPOINT, ET=TRIANGLE
-0.453543 -0.489313 0 0 0 0 
-0.47811 -0.459162 0 0 0 0 
-0.502677 -0.429011 0 0 0 0 
-0.527244 -0.39886 0 0 0 0 
-0.551811 -0.368708 0 0 0 0 
-0.494213 -0.479772 0 0 0 0 
-0.51878 -0.449621 0 0 0 0 
-0.543347 -0.419469 0 0 0 0 
-0.567914 -0.389318 0 0 0 0 
-0.534883 -0.470231 0 0 0 0 
-0.55945 -0.440079 0 0 0 0 
-0.584017 -0.409928 0 0 0 0 
-0.575553 -0.460689 0 0 0 0 
-0.60012 -0.430538 0 0 0 0 
-0.616222 -0.451148 0 0 0 0 
1 2 6
2 7 6
2 3 7
3 8 7
3 4 8
4 9 8
4 5 9
6 7 10
7 11 10
7 8 11
8 12 11
8 9 12
10 11 13
11 14 13
11 12 14
13 14 15
ZONE N=15, E=16, F=FEPOINT, ET=TRIANGLE
-0.350313 -0.336299 0 0 0 0 
-0.357522 -0.313143 0 0 0 0 
-0.364732 -0.289986 0 0 0 0 
-0.371942 -0.26683 0 0 0 0 
-0.379152 -0.243673 0 0 0 0 
-0.376254 -0.33566 0 0 0 0 
-0.383464 -0.312504 0 0 0 0 
-0.390674 -0.289347 0 0 0 0 
-0.397884 -0.266191 0 0 0 0 
-0.402196 -0.335022 0 0 0 0 
-0.409406 -0.311865 0 0 0 0 
-0.416616 -0.288708 0 0 0 0 
-0.428138 -0.334383 0 0 0 0 
-0.435347 -0.311226 0 0 0 0 
-0.454079 -0.333744 0 0 0 0 
1 2 6
2 7 6
2 3 7
3 8 7
3 4 8
4 9 8
4 5 9
6 7 10
7 11 10
7 8 11
8 12 11
8 9 12
10 11 13
11 14 13
11 12 14
13 14 15
ZONE N=15, E=16, F=FEPOINT, ET=TRIANGLE
-0.396821 -0.769462 0 0 0 0 
-0.365206 -0.791896 0 0 0 0 
-0.333591 -0.81433 0 0 0 0 
-0.301976 -0.836764 0 0 0 0 
-0.270361 -0.859198 0 0 0 0 
-0.373433 -0.769996 0 0 0 0 
-0.341818 -0.79243 0 0 0 0 
-0.310203 -0.814864 0 0 0 0 
-0.278588 -0.837298 0 0 0 0 
-0.350045 -0.770529 0 0 0 0 
-0.31843 -0.792964 0 0 0 0 
-0.286815 -0.815398 0 0 0 0 
-0.326656 -0.771063 0 0 0 0 
-0.295041 -0.793498 0 0 0 0 
-0.303268 -0.771597 0 0 0 0 
1 2 6
2 7 6
2 3 7
3 8 7
3 4 8
4 9 8
4 5 9
6 7 10
7 11 10
7 8 11
8 12 11
8 9 12
10 11 13
11 14 13
11 12 14
13 14 15
ZONE N=15, E=16, F=FEPOINT, ET=TRIANGLE
-0.186042 -0.424975 0 0 0 0 
-0.21849 -0.435962 0 0 0 0 
-0.250938 -0.446948 0 0 0 0 
-0.283386 -0.457934 0 0 0 0 
-0.315834 -0.46892 0 0 0 0 
-0.193269 -0.459145 0 0 0 0 
-0.225717 -0.470132 0 0 0 0 
-0.258165 -0.481118 0 0 0 0 
-0.290613 -0.492104 0 0 0 0 
-0.200496 -0.493316 0 0 0 0 
-0.232944 -0.504302 0 0 0 0 
-0.265392 -0.515288 0 0 0 0 
-0.207724 -0.527486 0 0 0 0 
-0.240172 -0.538472 0 0 0 0 
-0.214951 -0.561656 0 0 0 0 
1 2 6
2 7 6
2 3 7
3 8 7
3 4 8
4 9 8
4 5 9
6 7 10
7 11 10
7 8 11
8 12 11
8 9 12
10 11 13
11 14 13
11 12 14
13 14 15
ZONE N=15, E=16, F=FEPOINT, ET=TRIANGLE
0.285407 0.285907 0 0 0 0 
0.259004 0.284678 0 0 0 0 
0.232602 0.28345 0 0 0 0 
0.206199 0.282222 0 0 0 0 
0.179797 0.280993 0 0 0 0 
0.279487 0.260218 0 0 0 0 
0.253084 0.25899 0 0 0 0 
0.226682 0.257762 0 0 0 0 
0.200279 0.256533 0 0 0 0 
0.273567 0.23453 0 0 0 0 
0.247165 0.233302 0 0 0 0 
0.220762 0.232073 0 0 0 0 
0.267648 0.208842 0 0 0 0 
0.241245 0.207613 0 0 0 0 
0.261728 0.183153 0 0 0 0 
1 2 6
2 7 6
2 3 7
3 8 7
3 4 8
4 9 8
4 5 9
6 7 10
7 11 10
7 8 11
8 12 11
8 9 12
10 11 13
11 14 13
11 12 14
13 14 15
ZONE N=15, E=16, F=FEPOINT, ET=TRIANGLE
0.261728 0.183153 0 0 0 0 
0.243171 0.16443 0 0 0 0 
0.224614 0.145706 0 0 0 0 
0.206057 0.126983 0 0 0 0 
0.1875 0.108259 0 0 0 0 
0.284815 0.170429 0 0 0 0 
0.266258 0.151706 0 0 0 0 
0.247701 0.132982 0 0 0 0 
0.229144 0.114259 0 0 0 0 
0.307903 0.157705 0 0 0 0 
0.289346 0.138982 0 0 0 0 
0.270789 0.120258 0 0 0 0 
0.33099 0.144981 0 0 0 0 
0.312433 0.126257 0 0 0 0 
0.354078 0.132257 0 0 0 0 
1 2 6
2 7 6
2 3 7
3 8 7
3 4 8
4 9 8
4 5 9
6 7 10
7 11 10
7 8 11
8 12 11
8 9 12
10 11 13
11 14 13
11 12 14
13 14 15
ZONE N=15, E=16, F=FEPOINT, ET=TRIANGLE
0.088371 0.334087 0 0 0 0 
0.111227 0.320814 0 0 0 0 
0.134084 0.30754 0 0 0 0 
0.15694 0.294267 0 0 0 0 
0.179797 0.280993 0 0 0 0 
0.101697 0.354041 0 0 0 0 
0.124554 0.340768 0 0 0 0 
0.14741 0.327494 0 0 0 0 
0.170266 0.31422 0 0 0 0 
0.115024 0.373995 0 0 0 0 
0.13788 0.360721 0 0 0 0 
0.160736 0.347448 0 0 0 0 
0.12835 0.393948 0 0 0 0 
0.151206 0.380675 0 0 0 0 
0.141676 0.413902 0 0 0 0 
1 2 6
2 7 6
2 3 7
3 8 7
3 4 8
4 9 8
4 5 9
6 7 10
7 11 10
7 8 11
8 12 11
8 9 12
10 11 13
11 14 13
11 12 14
13 14 15
ZONE N=15, E=16, F=FEPOINT, ET=TRIANGLE
0.141676 0.413902 0 0 0 0 
0.162321 0.42613 0 0 0 0 
0.182966 0.438358 0 0 0 0 
0.203611 0.450586 0 0 0 0 
0.224257 0.462813 0 0 0 0 
0.125175 0.431322 0 0 0 0 
0.14582 0.443549 0 0 0 0 
0.166465 0.455777 0 0 0 0 
0.18711 0.468005 0 0 0 0 
0.108673 0.448741 0 0 0 0 
0.129318 0.460969 0 0 0 0 
0.149963 0.473197 0 0 0 0 
0.0921713 0.46616 0 0 0 0 
0.112816 0.478388 0 0 0 0 
0.0756697 0.48358 0 0 0 0 
1 2 6
2 7 6
2 3 7
3 8 7
3 4 8
4 9 8
4 5 9
6 7 10
7 11 10
7 8 11
8 12 11
8 9 12
10 11 13
11 14 13
11 12 14
13 14 15
ZONE N=15, E=16, F=FEPOINT, ET=TRIANGLE
0.225764 0.366099 0 0 0 0 
0.214272 0.344822 0 0 0 0 
0.20278 0.323546 0 0 0 0 
0.191289 0.30227 0 0 0 0 
0.179797 0.280993 0 0 0 0 
0.240675 0.346051 0 0 0 0 
0.229183 0.324774 0 0 0 0 
0.217691 0.303498 0 0 0 0 
0.206199 0.282222 0 0 0 0 
0.255586 0.326003 0 0 0 0 
0.244094 0.304726 0 0 0 0 
0.232602 0.28345 0 0 0 0 
0.270496 0.305955 0 0 0 0 
0.259004 0.284678 0 0 0 0 
0.285407 0.285907 0 0 0 0 
1 2 6
2 7 6
2 3 7
3 8 7
3 4 8
4 9 8
4 5 9
6 7 10
7 11 10
7 8 11
8 12 11
8 9 12
10 11 13
11 14 13
11 12 14
13 14 15
ZONE N=15, E=16, F=FEPOINT, ET=TRIANGLE
0.311237 0.415801 0 0 0 0 
0.30478 0.383327 0 0 0 0 
0.298322 0.350854 0 0 0 0 
0.291864 0.31838 0 0 0 0 
0.285407 0.285907 0 0 0 0 
0.32611 0.395964 0 0 0 0 
0.319652 0.363491 0 0 0 0 
0.313195 0.331017 0 0 0 0 
0.306737 0.298544 0 0 0 0 
0.340983 0.376128 0 0 0 0 
0.334525 0.343654 0 0 0 0 
0.328067 0.311181 0 0 0 0 
0.355855 0.356291 0 0 0 0 
0.349397 0.323818 0 0 0 0 
0.370728 0.336455 0 0 0 0 
1 2 6
2 7 6
2 3 7
3 8 7
3 4 8
4 9 8
4 5 9
6 7 10
7 11 10
7 8 11
8 12 11
8 9 12
10 11 13
11 14 13
11 12 14
13 14 15
ZONE N=15, E=16, F=FEPOINT, ET=TRIANGLE
0.311237 0.415801 0 0 0 0 
0.289492 0.427554 0 0 0 0 
0.267747 0.439307 0 0 0 0 
0.246002 0.45106 0 0 0 0 
0.224257 0.462813 0 0 0 0 
0.289869 0.403375 0 0 0 0 
0.268124 0.415128 0 0 0 0 
0.246379 0.426882 0 0 0 0 
0.224634 0.438635 0 0 0 0 
0.268501 0.39095 0 0 0 0 
0.246756 0.402703 0 0 0 0 
0.225011 0.414456 0 0 0 0 
0.247133 0.378524 0 0 0 0 
0.225387 0.390277 0 0 0 0 
0.225764 0.366099 0 0 0 0 
1 2 6
2 7 6
2 3 7
3 8 7
3 4 8
4 9 8
4 5 9
6 7 10
7 11 10
7 8 11
8 12 11
8 9 12
10 11 13
11 14 13
11 12 14
13 14 15
ZONE N=15, E=16, F=FEPOINT, ET=TRIANGLE
0.225764 0.366099 0 0 0 0 
0.240675 0.346051 0 0 0 0 
0.255586 0.326003 0 0 0 0 
0.270496 0.305955 0 0 0 0 
0.285407 0.285907 0 0 0 0 
0.247133 0.378524 0 0 0 0 
0.262043 0.358476 0 0 0 0 
0.276954 0.338428 0 0 0 0 
0.291864 0.31838 0 0 0 0 
0.268501 0.39095 0 0 0 0 
0.283411 0.370902 0 0 0 0 
0.298322 0.350854 0 0 0 0 
0.289869 0.403375 0 0 0 0 
0.30478 0.383327 0 0 0 0 
0.311237 0.415801 0 0 0 0 
1 2 6
2 7 6
2 3 7
3 8 7
3 4 8
4 9 8
4 5 9
6 7 10
7 11 10
7 8 11
8 12 11
8 9 12
10 11 13
11 14 13
11 12 14
13 14 15
ZONE N=15, E=16, F=FEPOINT, ET=TRIANGLE
0.261728 0.183153 0 0 0 0 
0.289833 0.195715 0 0 0 0 
0.317939 0.208276 0 0 0 0 
0.346044 0.220837 0 0 0 0 
0.374149 0.233398 0 0 0 0 
0.267648 0.208842 0 0 0 0 
0.295753 0.221403 0 0 0 0 
0.323858 0.233964 0 0 0 0 
0.351964 0.246525 0 0 0 0 
0.273567 0.23453 0 0 0 0 
0.301673 0.247091 0 0 0 0 
0.329778 0.259652 0 0 0 0 
0.279487 0.260218 0 0 0 0 
0.307592 0.27278 0 0 0 0 
0.285407 0.285907 0 0 0 0 
1 2 6
2 7 6
2 3 7
3 8 7
3 4 8
4 9 8
4 5 9
6 7 10
7 11 10
7 8 11
8 12 11
8 9 12
10 11 13
11 14 13
11 12 14
13 14 15
ZONE N=15, E=16, F=FEPOINT, ET=TRIANGLE
0.374149 0.233398 0 0 0 0 
0.373294 0.259162 0 0 0 0 
0.372438 0.284927 0 0 0 0 
0.371583 0.310691 0 0 0 0 
0.370728 0.336455 0 0 0 0 
0.351964 0.246525 0 0 0 0 
0.351108 0.27229 0 0 0 0 
0.350253 0.298054 0 0 0 0 
0.349397 0.323818 0 0 0 0 
0.329778 0.259652 0 0 0 0 
0.328923 0.285417 0 0 0 0 
0.328067 0.311181 0 0 0 0 
0.307592 0.27278 0 0 0 0 
0.306737 0.298544 0 0 0 0 
0.285407 0.285907 0 0 0 0 
1 2 6
2 7 6
2 3 7
3 8 7
3 4 8
4 9 8
4 5 9
6 7 10
7 11 10
7 8 11
8 12 11
8 9 12
10 11 13
11 14 13
11 12 14
13 14 15
ZONE N=15, E=16, F=FEPOINT, ET=TRIANGLE
0.354078 0.132257 0 0 0 0 
0.375497 0.119232 0 0 0 0 
0.396915 0.106206 0 0 0 0 
0.418334 0.0931813 0 0 0 0 
0.439753 0.0801562 0 0 0 0 
0.392332 0.137806 0 0 0 0 
0.41375 0.124781 0 0 0 0 
0.435169 0.111756 0 0 0 0 
0.456588 0.0987305 0 0 0 0 
0.430585 0.143355 0 0 0 0 
0.452004 0.13033 0 0 0 0 
0.473423 0.117305 0 0 0 0 
0.468839 0.148904 0 0 0 0 
0.490258 0.135879 0 0 0 0 
0.507093 0.154454 0 0 0 0 
1 2 6
2 7 6
2 3 7
3 8 7
3 4 8
4 9 8
4 5 9
6 7 10
7 11 10
7 8 11
8 12 11
8 9 12
10 11 13
11 14 13
11 12 14
13 14 15
ZONE N=15, E=16, F=FEPOINT, ET=TRIANGLE
0.507093 0.154454 0 0 0 0 
0.473857 0.17419 0 0 0 0 
0.440621 0.193926 0 0 0 0 
0.407385 0.213662 0 0 0 0 
0.374149 0.233398 0 0 0 0 
0.468839 0.148904 0 0 0 0 
0.435603 0.16864 0 0 0 0 
0.402367 0.188377 0 0 0 0 
0.369131 0.208113 0 0 0 0 
0.430585 0.143355 0 0 0 0 
0.397349 0.163091 0 0 0 0 
0.364114 0.182827 0 0 0 0 
0.392332 0.137806 0 0 0 0 
0.359096 0.157542 0 0 0 0 
0.354078 0.132257 0 0 0 0 
1 2 6
2 7 6
2 3 7
3 8 7
3 4 8
4 9 8
4 5 9
6 7 10
7 11 10
7 8 11
8 12 11
8 9 12
10 11 13
11 14 13
11 12 14
13 14 15
ZONE N=15, E=16, F=FEPOINT, ET=TRIANGLE
0.5 0 0 0 0 0 
0.528668 0.0180309 0 0 0 0 
0.557337 0.0360619 0 0 0 0 
0.586005 0.0540928 0 0 0 0 
0.614674 0.0721238 0 0 0 0 
0.501773 0.0386134 0 0 0 0 
0.530442 0.0566443 0 0 0 0 
0.55911 0.0746753 0 0 0 0 
0.587778 0.0927062 0 0 0 0 
0.503546 0.0772268 0 0 0 0 
0.532215 0.0952577 0 0 0 0 
0.560883 0.113289 0 0 0 0 
0.505319 0.11584 0 0 0 0 
0.533988 0.133871 0 0 0 0 
0.507093 0.154454 0 0 0 0 
1 2 6
2 7 6
2 3 7
3 8 7
3 4 8
4 9 8
4 5 9
6 7 10
7 11 10
7 8 11
8 12 11
8 9 12
10 11 13
11 14 13
11 12 14
13 14 15
ZONE N=15, E=16, F=FEPOINT, ET=TRIANGLE
0.373478 0.522946 0 0 0 0 
0.410786 0.5002 0 0 0 0 
0.448093 0.477454 0 0 0 0 
0.4854 0.454707 0 0 0 0 
0.522707 0.431961 0 0 0 0 
0.420141 0.526962 0 0 0 0 
0.457448 0.504216 0 0 0 0 
0.494755 0.48147 0 0 0 0 
0.532063 0.458724 0 0 0 0 
0.466804 0.530978 0 0 0 0 
0.504111 0.508232 0 0 0 0 
0.541418 0.485486 0 0 0 0 
0.513467 0.534995 0 0 0 0 
0.550774 0.512248 0 0 0 0 
0.560129 0.539011 0 0 0 0 
1 2 6
2 7 6
2 3 7
3 8 7
3 4 8
4 9 8
4 5 9
6 7 10
7 11 10
7 8 11
8 12 11
8 9 12
10 11 13
11 14 13
11 12 14
13 14 15
ZONE N=15, E=16, F=FEPOINT, ET=TRIANGLE
0.537833 0.319572 0 0 0 0 
0.521326 0.30129 0 0 0 0 
0.50482 0.283008 0 0 0 0 
0.488313 0.264726 0 0 0 0 
0.471807 0.246443 0 0 0 0 
0.555044 0.282962 0 0 0 0 
0.538538 0.26468 0 0 0 0 
0.522031 0.246397 0 0 0 0 
0.505525 0.228115 0 0 0 0 
0.572256 0.246351 0 0 0 0 
0.55575 0.228069 0 0 0 0 
0.539243 0.209787 0 0 0 0 
0.589468 0.209741 0 0 0 0 
0.572961 0.191459 0 0 0 0 
0.606679 0.173131 0 0 0 0 
1 2 6
2 7 6
2 3 7
3 8 7
3 4 8
4 9 8
4 5 9
6 7 10
7 11 10
7 8 11
8 12 11
8 9 12
10 11 13
11 14 13
11 12 14
13 14 15
ZONE N=15, E=16, F=FEPOINT, ET=TRIANGLE
0.712399 0.593327 0 0 0 0 
0.698449 0.572285 0 0 0 0 
0.684499 0.551244 0 0 0 0 
0.670549 0.530203 0 0 0 0 
0.656599 0.509161 0 0 0 0 
0.742167 0.583888 0 0 0 0 
0.728217 0.562846 0 0 0 0 
0.714267 0.541805 0 0 0 0 
0.700317 0.520763 0 0 0 0 
0.771935 0.574448 0 0 0 0 
0.757985 0.553407 0 0 0 0 
0.744034 0.532366 0 0 0 0 
0.801702 0.565009 0 0 0 0 
0.787752 0.543968 0 0 0 0 
0.83147 0.55557 0 0 0 0 
1 2 6
2 7 6
2 3 7
3 8 7
3 4 8
4 9 8
4 5 9
6 7 10
7 11 10
7 8 11
8 12 11
8 9 12
10 11 13
11 14 13
11 12 14
13 14 15
ZONE N=15, E=16, F=FEPOINT, ET=TRIANGLE
-0.174699 0.687547 0 0 0 0 
-0.156669 0.652232 0 0 0 0 
-0.138639 0.616917 0 0 0 0 
-0.12061 0.581603 0 0 0 0 
-0.10258 0.546288 0 0 0 0 
-0.150411 0.677687 0 0 0 0 
-0.132381 0.642372 0 0 0 0 
-0.114351 0.607058 0 0 0 0 
-0.0963215 0.571743 0 0 0 0 
-0.126123 0.667827 0 0 0 0 
-0.108093 0.632513 0 0 0 0 
-0.0900632 0.597198 0 0 0 0 
-0.101835 0.657968 0 0 0 0 
-0.0838049 0.622653 0 0 0 0 
-0.0775466 0.648108 0 0 0 0 
1 2 6
2 7 6
2 3 7
3 8 7
3 4 8
4 9 8
4 5 9
6 7 10
7 11 10
7 8 11
8 12 11
8 9 12
10 11 13
11 14 13
11 12 14
13 14 15
ZONE N=15, E=16, F=FEPOINT, ET=TRIANGLE
-0.0775466 0.648108 0 0 0 0 
-0.0518685 0.653377 0 0 0 0 
-0.0261905 0.658645 0 0 0 0 
-0.000512431 0.663914 0 0 0 0 
0.0251656 0.669183 0 0 0 0 
-0.0800306 0.676834 0 0 0 0 
-0.0543526 0.682103 0 0 0 0 
-0.0286746 0.687371 0 0 0 0 
-0.00299652 0.69264 0 0 0 0 
-0.0825147 0.70556 0 0 0 0 
-0.0568367 0.710828 0 0 0 0 
-0.0311586 0.716097 0 0 0 0 
-0.0849988 0.734286 0 0 0 0 
-0.0593208 0.739554 0 0 0 0 
-0.0874829 0.763012 0 0 0 0 
1 2 6
2 7 6
2 3 7
3 8 7
3 4 8
4 9 8
4 5 9
6 7 10
7 11 10
7 8 11
8 12 11
8 9 12
10 11 13
11 14 13
11 12 14
13 14 15
ZONE N=15, E=16, F=FEPOINT, ET=TRIANGLE
0.127368 0.723192 0 0 0 0 
0.158949 0.746716 0 0 0 0 
0.19053 0.77024 0 0 0 0 
0.22211 0.793764 0 0 0 0 
0.253691 0.817288 0 0 0 0 
0.12796 0.75502 0 0 0 0 
0.159541 0.778544 0 0 0 0 
0.191122 0.802068 0 0 0 0 
0.222703 0.825591 0 0 0 0 
0.128553 0.786847 0 0 0 0 
0.160133 0.810371 0 0 0 0 
0.191714 0.833895 0 0 0 0 
0.129145 0.818675 0 0 0 0 
0.160726 0.842199 0 0 0 0 
0.129737 0.850502 0 0 0 0 
1 2 6
2 7 6
2 3 7
3 8 7
3 4 8
4 9 8
4 5 9
6 7 10
7 11 10
7 8 11
8 12 11
8 9 12
10 11 13
11 14 13
11 12 14
13 14 15
ZONE N=15, E=16, F=FEPOINT, ET=TRIANGLE
6.12323e-17 1 0 0 0 0 
0.000873002 0.958475 0 0 0 0 
0.001746 0.91695 0 0 0 0 
0.00261901 0.875425 0 0 0 0 
0.00349201 0.8339 0 0 0 0 
0.0245043 0.998796 0 0 0 0 
0.0253773 0.957271 0 0 0 0 
0.0262503 0.915746 0 0 0 0 
0.0271233 0.874221 0 0 0 0 
0.0490086 0.997592 0 0 0 0 
0.0498816 0.956067 0 0 0 0 
0.0507546 0.914542 0 0 0 0 
0.0735129 0.996389 0 0 0 0 
0.0743859 0.954864 0 0 0 0 
0.0980171 0.995185 0 0 0 0 
1 2 6
2 7 6
2 3 7
3 8 7
3 4 8
4 9 8
4 5 9
6 7 10
7 11 10
7 8 11
8 12 11
8 9 12
10 11 13
11 14 13
11 12 14
13 14 15
ZONE N=15, E=16, F=FEPOINT, ET=TRIANGLE
0.55557 0.83147 0 0 0 0 
0.552685 0.801699 0 0 0 0 
0.5498 0.771928 0 0 0 0 
0.546915 0.742157 0 0 0 0 
0.54403 0.712386 0 0 0 0 
0.575276 0.816855 0 0 0 0 
0.572391 0.787084 0 0 0 0 
0.569506 0.757313 0 0 0 0 
0.566621 0.727542 0 0 0 0 
0.594982 0.80224 0 0 0 0 
0.592097 0.772469 0 0 0 0 
0.589212 0.742698 0 0 0 0 
0.614688 0.787625 0 0 0 0 
0.611802 0.757854 0 0 0 0 
0.634393 0.77301 0 0 0 0 
1 2 6
2 7 6
2 3 7
3 8 7
3 4 8
4 9 8
4 5 9
6 7 10
7 11 10
7 8 11
8 12 11
8 9 12
10 11 13
11 14 13
11 12 14
13 14 15
ZONE N=15, E=16, F=FEPOINT, ET=TRIANGLE
0.0980171 0.995185 0 0 0 0 
0.105947 0.959014 0 0 0 0 
0.113877 0.922843 0 0 0 0 
0.121807 0.886673 0 0 0 0 
0.129737 0.850502 0 0 0 0 
0.122285 0.991585 0 0 0 0 
0.130215 0.955414 0 0 0 0 
0.138145 0.919244 0 0 0 0 
0.146075 0.883073 0 0 0 0 
0.146554 0.987985 0 0 0 0 
0.154484 0.951814 0 0 0 0 
0.162414 0.915644 0 0 0 0 
0.170822 0.984385 0 0 0 0 
0.178752 0.948214 0 0 0 0 
0.19509 0.980785 0 0 0 0 
1 2 6
2 7 6
2 3 7
3 8 7
3 4 8
4 9 8
4 5 9
6 7 10
7 11 10
7 8 11
8 12 11
8 9 12
10 11 13
11 14 13
11 12 14
13 14 15
ZONE N=15, E=16, F=FEPOINT, ET=TRIANGLE
-0.105625 0.880116 0 0 0 0 
-0.079219 0.910087 0 0 0 0 
-0.0528127 0.940058 0 0 0 0 
-0.0264063 0.970029 0 0 0 0 
6.12323e-17 1 0 0 0 0 
-0.127992 0.905283 0 0 0 0 
-0.101585 0.935254 0 0 0 0 
-0.0751789 0.965225 0 0 0 0 
-0.0487726 0.995196 0 0 0 0 
-0.150358 0.93045 0 0 0 0 
-0.123951 0.960422 0 0 0 0 
-0.0975452 0.990393 0 0 0 0 
-0.172724 0.955618 0 0 0 0 
-0.146318 0.985589 0 0 0 0 
-0.19509 0.980785 0 0 0 0 
1 2 6
2 7 6
2 3 7
3 8 7
3 4 8
4 9 8
4 5 9
6 7 10
7 11 10
7 8 11
8 12 11
8 9 12
10 11 13
11 14 13
11 12 14
13 14 15
ZONE N=15, E=16, F=FEPOINT, ET=TRIANGLE
0.371249 0.818978 0 0 0 0 
0.341859 0.818555 0 0 0 0 
0.31247 0.818133 0 0 0 0 
0.283081 0.81771 0 0 0 0 
0.253691 0.817288 0 0 0 0 
0.359523 0.795347 0 0 0 0 
0.330133 0.794924 0 0 0 0 
0.300744 0.794502 0 0 0 0 
0.271355 0.794079 0 0 0 0 
0.347797 0.771715 0 0 0 0 
0.318407 0.771293 0 0 0 0 
0.289018 0.77087 0 0 0 0 
0.33607 0.748084 0 0 0 0 
0.306681 0.747661 0 0 0 0 
0.324344 0.724452 0 0 0 0 
1 2 6
2 7 6
2 3 7
3 8 7
3 4 8
4 9 8
4 5 9
6 7 10
7 11 10
7 8 11
8 12 11
8 9 12
10 11 13
11 14 13
11 12 14
13 14 15
ZONE N=15, E=16, F=FEPOINT, ET=TRIANGLE
0.38388 0.624124 0 0 0 0 
0.411692 0.625455 0 0 0 0 
0.439503 0.626785 0 0 0 0 
0.467314 0.628115 0 0 0 0 
0.495126 0.629446 0 0 0 0 
0.400537 0.650965 0 0 0 0 
0.428348 0.652296 0 0 0 0 
0.456159 0.653626 0 0 0 0 
0.483971 0.654956 0 0 0 0 
0.417193 0.677807 0 0 0 0 
0.445004 0.679137 0 0 0 0 
0.472816 0.680467 0 0 0 0 
0.433849 0.704648 0 0 0 0 
0.46166 0.705978 0 0 0 0 
0.450505 0.731489 0 0 0 0 
1 2 6
2 7 6
2 3 7
3 8 7
3 4 8
4 9 8
4 5 9
6 7 10
7 11 10
7 8 11
8 12 11
8 9 12
10 11 13
11 14 13
11 12 14
13 14 15
ZONE N=15, E=16, F=FEPOINT, ET=TRIANGLE
0.324344 0.724452 0 0 0 0 
0.339228 0.69937 0 0 0 0 
0.354112 0.674288 0 0 0 0 
0.368996 0.649206 0 0 0 0 
0.38388 0.624124 0 0 0 0 
0.355885 0.726212 0 0 0 0 
0.370769 0.70113 0 0 0 0 
0.385653 0.676047 0 0 0 0 
0.400537 0.650965 0 0 0 0 
0.387425 0.727971 0 0 0 0 
0.402309 0.702889 0 0 0 0 
0.417193 0.677807 0 0 0 0 
0.418965 0.72973 0 0 0 0 
0.433849 0.704648 0 0 0 0 
0.450505 0.731489 0 0 0 0 
1 2 6
2 7 6
2 3 7
3 8 7
3 4 8
4 9 8
4 5 9
6 7 10
7 11 10
7 8 11
8 12 11
8 9 12
10 11 13
11 14 13
11 12 14
13 14 15
ZONE N=15, E=16, F=FEPOINT, ET=TRIANGLE
0.382683 0.92388 0 0 0 0 
0.379825 0.897654 0 0 0 0 
0.376966 0.871429 0 0 0 0 
0.374107 0.845203 0 0 0 0 
0.371249 0.818978 0 0 0 0 
0.404862 0.91339 0 0 0 0 
0.402003 0.887165 0 0 0 0 
0.399144 0.860939 0 0 0 0 
0.396286 0.834714 0 0 0 0 
0.42704 0.9029 0 0 0 0 
0.424181 0.876675 0 0 0 0 
0.421323 0.85045 0 0 0 0 
0.449218 0.892411 0 0 0 0 
0.44636 0.866185 0 0 0 0 
0.471397 0.881921 0 0 0 0 
1 2 6
2 7 6
2 3 7
3 8 7
3 4 8
4 9 8
4 5 9
6 7 10
7 11 10
7 8 11
8 12 11
8 9 12
10 11 13
11 14 13
11 12 14
13 14 15
ZONE N=15, E=16, F=FEPOINT, ET=TRIANGLE
0.38388 0.624124 0 0 0 0 
0.38128 0.59883 0 0 0 0 
0.378679 0.573535 0 0 0 0 
0.376079 0.548241 0 0 0 0 
0.373478 0.522946 0 0 0 0 
0.411692 0.625455 0 0 0 0 
0.409091 0.60016 0 0 0 0 
0.406491 0.574865 0 0 0 0 
0.40389 0.549571 0 0 0 0 
0.439503 0.626785 0 0 0 0 
0.436903 0.60149 0 0 0 0 
0.434302 0.576196 0 0 0 0 
0.467314 0.628115 0 0 0 0 
0.464714 0.602821 0 0 0 0 
0.495126 0.629446 0 0 0 0 
1 2 6
2 7 6
2 3 7
3 8 7
3 4 8
4 9 8
4 5 9
6 7 10
7 11 10
7 8 11
8 12 11
8 9 12
10 11 13
11 14 13
11 12 14
13 14 15
ZONE N=15, E=16, F=FEPOINT, ET=TRIANGLE
0.560129 0.539011 0 0 0 0 
0.57264 0.565148 0 0 0 0 
0.58515 0.591285 0 0 0 0 
0.597661 0.617422 0 0 0 0 
0.610171 0.64356 0 0 0 0 
0.543878 0.561619 0 0 0 0 
0.556389 0.587757 0 0 0 0 
0.568899 0.613894 0 0 0 0 
0.58141 0.640031 0 0 0 0 
0.527628 0.584228 0 0 0 0 
0.540138 0.610365 0 0 0 0 
0.552649 0.636503 0 0 0 0 
0.511377 0.606837 0 0 0 0 
0.523887 0.632974 0 0 0 0 
0.495126 0.629446 0 0 0 0 
1 2 6
2 7 6
2 3 7
3 8 7
3 4 8
4 9 8
4 5 9
6 7 10
7 11 10
7 8 11
8 12 11
8 9 12
10 11 13
11 14 13
11 12 14
13 14 15
ZONE N=15, E=16, F=FEPOINT, ET=TRIANGLE
0.712399 0.593327 0 0 0 0 
0.686842 0.605885 0 0 0 0 
0.661285 0.618443 0 0 0 0 
0.635728 0.631001 0 0 0 0 
0.610171 0.64356 0 0 0 0 
0.698449 0.572285 0 0 0 0 
0.672892 0.584844 0 0 0 0 
0.647335 0.597402 0 0 0 0 
0.621778 0.60996 0 0 0 0 
0.684499 0.551244 0 0 0 0 
0.658942 0.563802 0 0 0 0 
0.633385 0.57636 0 0 0 0 
0.670549 0.530203 0 0 0 0 
0.644992 0.542761 0 0 0 0 
0.656599 0.509161 0 0 0 0 
1 2 6
2 7 6
2 3 7
3 8 7
3 4 8
4 9 8
4 5 9
6 7 10
7 11 10
7 8 11
8 12 11
8 9 12
10 11 13
11 14 13
11 12 14
13 14 15
ZONE N=15, E=16, F=FEPOINT, ET=TRIANGLE
0.450505 0.731489 0 0 0 0 
0.473887 0.726713 0 0 0 0 
0.497268 0.721938 0 0 0 0 
0.520649 0.717162 0 0 0 0 
0.54403 0.712386 0 0 0 0 
0.476772 0.756484 0 0 0 0 
0.500153 0.751709 0 0 0 0 
0.523534 0.746933 0 0 0 0 
0.546915 0.742157 0 0 0 0 
0.503038 0.781479 0 0 0 0 
0.526419 0.776704 0 0 0 0 
0.5498 0.771928 0 0 0 0 
0.529304 0.806474 0 0 0 0 
0.552685 0.801699 0 0 0 0 
0.55557 0.83147 0 0 0 0 
1 2 6
2 7 6
2 3 7
3 8 7
3 4 8
4 9 8
4 5 9
6 7 10
7 11 10
7 8 11
8 12 11
8 9 12
10 11 13
11 14 13
11 12 14
13 14 15
ZONE N=15, E=16, F=FEPOINT, ET=TRIANGLE
0.610171 0.64356 0 0 0 0 
0.597661 0.617422 0 0 0 0 
0.58515 0.591285 0 0 0 0 
0.57264 0.565148 0 0 0 0 
0.560129 0.539011 0 0 0 0 
0.621778 0.60996 0 0 0 0 
0.609268 0.583823 0 0 0 0 
0.596757 0.557686 0 0 0 0 
0.584247 0.531548 0 0 0 0 
0.633385 0.57636 0 0 0 0 
0.620875 0.550223 0 0 0 0 
0.608364 0.524086 0 0 0 0 
0.644992 0.542761 0 0 0 0 
0.632482 0.516624 0 0 0 0 
0.656599 0.509161 0 0 0 0 
1 2 6
2 7 6
2 3 7
3 8 7
3 4 8
4 9 8
4 5 9
6 7 10
7 11 10
7 8 11
8 12 11
8 9 12
10 11 13
11 14 13
11 12 14
13 14 15
ZONE N=15, E=16, F=FEPOINT, ET=TRIANGLE
0.712399 0.593327 0 0 0 0 
0.742167 0.583888 0 0 0 0 
0.771935 0.574448 0 0 0 0 
0.801702 0.565009 0 0 0 0 
0.83147 0.55557 0 0 0 0 
0.711076 0.621772 0 0 0 0 
0.740844 0.612333 0 0 0 0 
0.770611 0.602893 0 0 0 0 
0.800379 0.593454 0 0 0 0 
0.709753 0.650217 0 0 0 0 
0.739521 0.640778 0 0 0 0 
0.769288 0.631339 0 0 0 0 
0.70843 0.678662 0 0 0 0 
0.738197 0.669223 0 0 0 0 
0.707107 0.707107 0 0 0 0 
1 2 6
2 7 6
2 3 7
3 8 7
3 4 8
4 9 8
4 5 9
6 7 10
7 11 10
7 8 11
8 12 11
8 9 12
10 11 13
11 14 13
11 12 14
13 14 15
ZONE N=15, E=16, F=FEPOINT, ET=TRIANGLE
0.634393 0.77301 0 0 0 0 
0.628338 0.740648 0 0 0 0 
0.622282 0.708285 0 0 0 0 
0.616227 0.675922 0 0 0 0 
0.610171 0.64356 0 0 0 0 
0.652572 0.756535 0 0 0 0 
0.646516 0.724172 0 0 0 0 
0.640461 0.691809 0 0 0 0 
0.634405 0.659446 0 0 0 0 
0.67075 0.740059 0 0 0 0 
0.664695 0.707696 0 0 0 0 
0.658639 0.675333 0 0 0 0 
0.688928 0.723583 0 0 0 0 
0.682873 0.69122 0 0 0 0 
0.707107 0.707107 0 0 0 0 
1 2 6
2 7 6
2 3 7
3 8 7
3 4 8
4 9 8
4 5 9
6 7 10
7 11 10
7 8 11
8 12 11
8 9 12
10 11 13
11 14 13
11 12 14
13 14 15
ZONE N=15, E=16, F=FEPOINT, ET=TRIANGLE
0.656599 0.509161 0 0 0 0 
0.623126 0.489861 0 0 0 0 
0.589653 0.470561 0 0 0 0 
0.55618 0.451261 0 0 0 0 
0.522707 0.431961 0 0 0 0 
0.665254 0.485445 0 0 0 0 
0.631781 0.466145 0 0 0 0 
0.598308 0.446845 0 0 0 0 
0.564835 0.427545 0 0 0 0 
0.673909 0.46173 0 0 0 0 
0.640436 0.442429 0 0 0 0 
0.606962 0.423129 0 0 0 0 
0.682563 0.438014 0 0 0 0 
0.64909 0.418714 0 0 0 0 
0.691218 0.414298 0 0 0 0 
1 2 6
2 7 6
2 3 7
3 8 7
3 4 8
4 9 8
4 5 9
6 7 10
7 11 10
7 8 11
8 12 11
8 9 12
10 11 13
11 14 13
11 12 14
13 14 15
ZONE N=15, E=16, F=FEPOINT, ET=TRIANGLE
0.450505 0.731489 0 0 0 0 
0.46166 0.705978 0 0 0 0 
0.472816 0.680467 0 0 0 0 
0.483971 0.654956 0 0 0 0 
0.495126 0.629446 0 0 0 0 
0.473887 0.726713 0 0 0 0 
0.485042 0.701202 0 0 0 0 
0.496197 0.675692 0 0 0 0 
0.507352 0.650181 0 0 0 0 
0.497268 0.721938 0 0 0 0 
0.508423 0.696427 0 0 0 0 
0.519578 0.670916 0 0 0 0 
0.520649 0.717162 0 0 0 0 
0.531804 0.691651 0 0 0 0 
0.54403 0.712386 0 0 0 0 
1 2 6
2 7 6
2 3 7
3 8 7
3 4 8
4 9 8
4 5 9
6 7 10
7 11 10
7 8 11
8 12 11
8 9 12
10 11 13
11 14 13
11 12 14
13 14 15
ZONE N=15, E=16, F=FEPOINT, ET=TRIANGLE
0.54403 0.712386 0 0 0 0 
0.560565 0.69518 0 0 0 0 
0.577101 0.677973 0 0 0 0 
0.593636 0.660766 0 0 0 0 
0.610171 0.64356 0 0 0 0 
0.566621 0.727542 0 0 0 0 
0.583156 0.710336 0 0 0 0 
0.599692 0.693129 0 0 0 0 
0.616227 0.675922 0 0 0 0 
0.589212 0.742698 0 0 0 0 
0.605747 0.725492 0 0 0 0 
0.622282 0.708285 0 0 0 0 
0.611802 0.757854 0 0 0 0 
0.628338 0.740648 0 0 0 0 
0.634393 0.77301 0 0 0 0 
1 2 6
2 7 6
2 3 7
3 8 7
3 4 8
4 9 8
4 5 9
6 7 10
7 11 10
7 8 11
8 12 11
8 9 12
10 11 13
11 14 13
11 12 14
13 14 15
ZONE N=15, E=16, F=FEPOINT, ET=TRIANGLE
0.606679 0.173131 0 0 0 0 
0.581782 0.168461 0 0 0 0 
0.556886 0.163792 0 0 0 0 
0.531989 0.159123 0 0 0 0 
0.507093 0.154454 0 0 0 0 
0.608678 0.147879 0 0 0 0 
0.583781 0.14321 0 0 0 0 
0.558884 0.13854 0 0 0 0 
0.533988 0.133871 0 0 0 0 
0.610676 0.122627 0 0 0 0 
0.58578 0.117958 0 0 0 0 
0.560883 0.113289 0 0 0 0 
0.612675 0.0973755 0 0 0 0 
0.587778 0.0927062 0 0 0 0 
0.614674 0.0721238 0 0 0 0 
1 2 6
2 7 6
2 3 7
3 8 7
3 4 8
4 9 8
4 5 9
6 7 10
7 11 10
7 8 11
8 12 11
8 9 12
10 11 13
11 14 13
11 12 14
13 14 15
ZONE N=15, E=16, F=FEPOINT, ET=TRIANGLE
0.92388 0.382683 0 0 0 0 
0.897198 0.394184 0 0 0 0 
0.870516 0.405685 0 0 0 0 
0.843834 0.417186 0 0 0 0 
0.817152 0.428687 0 0 0 0 
0.898219 0.365147 0 0 0 0 
0.871537 0.376648 0 0 0 0 
0.844855 0.388149 0 0 0 0 
0.818173 0.39965 0 0 0 0 
0.872558 0.347611 0 0 0 0 
0.845876 0.359112 0 0 0 0 
0.819194 0.370613 0 0 0 0 
0.846898 0.330075 0 0 0 0 
0.820216 0.341576 0 0 0 0 
0.821237 0.312538 0 0 0 0 
1 2 6
2 7 6
2 3 7
3 8 7
3 4 8
4 9 8
4 5 9
6 7 10
7 11 10
7 8 11
8 12 11
8 9 12
10 11 13
11 14 13
11 12 14
13 14 15
ZONE N=15, E=16, F=FEPOINT, ET=TRIANGLE
0.290285 0.95694 0 0 0 0 
0.310526 0.92245 0 0 0 0 
0.330767 0.887959 0 0 0 0 
0.351008 0.853469 0 0 0 0 
0.371249 0.818978 0 0 0 0 
0.313384 0.948675 0 0 0 0 
0.333625 0.914185 0 0 0 0 
0.353866 0.879694 0 0 0 0 
0.374107 0.845203 0 0 0 0 
0.336484 0.94041 0 0 0 0 
0.356725 0.905919 0 0 0 0 
0.376966 0.871429 0 0 0 0 
0.359584 0.932145 0 0 0 0 
0.379825 0.897654 0 0 0 0 
0.382683 0.92388 0 0 0 0 
1 2 6
2 7 6
2 3 7
3 8 7
3 4 8
4 9 8
4 5 9
6 7 10
7 11 10
7 8 11
8 12 11
8 9 12
10 11 13
11 14 13
11 12 14
13 14 15
ZONE N=15, E=16, F=FEPOINT, ET=TRIANGLE
0.471397 0.881921 0 0 0 0 
0.466174 0.844313 0 0 0 0 
0.460951 0.806705 0 0 0 0 
0.455728 0.769097 0 0 0 0 
0.450505 0.731489 0 0 0 0 
0.49244 0.869308 0 0 0 0 
0.487217 0.8317 0 0 0 0 
0.481994 0.794092 0 0 0 0 
0.476772 0.756484 0 0 0 0 
0.513483 0.856695 0 0 0 0 
0.508261 0.819087 0 0 0 0 
0.503038 0.781479 0 0 0 0 
0.534527 0.844083 0 0 0 0 
0.529304 0.806474 0 0 0 0 
0.55557 0.83147 0 0 0 0 
1 2 6
2 7 6
2 3 7
3 8 7
3 4 8
4 9 8
4 5 9
6 7 10
7 11 10
7 8 11
8 12 11
8 9 12
10 11 13
11 14 13
11 12 14
13 14 15
ZONE N=15, E=16, F=FEPOINT, ET=TRIANGLE
0.324344 0.724452 0 0 0 0 
0.355885 0.726212 0 0 0 0 
0.387425 0.727971 0 0 0 0 
0.418965 0.72973 0 0 0 0 
0.450505 0.731489 0 0 0 0 
0.33607 0.748084 0 0 0 0 
0.367611 0.749843 0 0 0 0 
0.399151 0.751602 0 0 0 0 
0.430691 0.753361 0 0 0 0 
0.347797 0.771715 0 0 0 0 
0.379337 0.773474 0 0 0 0 
0.410877 0.775234 0 0 0 0 
0.359523 0.795347 0 0 0 0 
0.391063 0.797106 0 0 0 0 
0.371249 0.818978 0 0 0 0 
1 2 6
2 7 6
2 3 7
3 8 7
3 4 8
4 9 8
4 5 9
6 7 10
7 11 10
7 8 11
8 12 11
8 9 12
10 11 13
11 14 13
11 12 14
13 14 15
ZONE N=15, E=16, F=FEPOINT, ET=TRIANGLE
0.124755 -0.24226 0 0 0 0 
0.110556 -0.259667 0 0 0 0 
0.096358 -0.277074 0 0 0 0 
0.0821595 -0.294481 0 0 0 0 
0.0679611 -0.311887 0 0 0 0 
0.128832 -0.272728 0 0 0 0 
0.114634 -0.290135 0 0 0 0 
0.100435 -0.307542 0 0 0 0 
0.0862368 -0.324948 0 0 0 0 
0.132909 -0.303196 0 0 0 0 
0.118711 -0.320603 0 0 0 0 
0.104513 -0.338009 0 0 0 0 
0.136987 -0.333664 0 0 0 0 
0.122788 -0.35107 0 0 0 0 
0.141064 -0.364131 0 0 0 0 
1 2 6
2 7 6
2 3 7
3 8 7
3 4 8
4 9 8
4 5 9
6 7 10
7 11 10
7 8 11
8 12 11
8 9 12
10 11 13
11 14 13
11 12 14
13 14 15
ZONE N=15, E=16, F=FEPOINT, ET=TRIANGLE
0.253691 0.817288 0 0 0 0 
0.283081 0.81771 0 0 0 0 
0.31247 0.818133 0 0 0 0 
0.341859 0.818555 0 0 0 0 
0.371249 0.818978 0 0 0 0 
0.26284 0.852201 0 0 0 0 
0.292229 0.852624 0 0 0 0 
0.321618 0.853046 0 0 0 0 
0.351008 0.853469 0 0 0 0 
0.271988 0.887114 0 0 0 0 
0.301377 0.887537 0 0 0 0 
0.330767 0.887959 0 0 0 0 
0.281136 0.922027 0 0 0 0 
0.310526 0.92245 0 0 0 0 
0.290285 0.95694 0 0 0 0 
1 2 6
2 7 6
2 3 7
3 8 7
3 4 8
4 9 8
4 5 9
6 7 10
7 11 10
7 8 11
8 12 11
8 9 12
10 11 13
11 14 13
11 12 14
13 14 15
ZONE N=15, E=16, F=FEPOINT, ET=TRIANGLE
-0.0177266 -0.355589 0 0 0 0 
-0.0312197 -0.386641 0 0 0 0 
-0.0447128 -0.417693 0 0 0 0 
-0.0582059 -0.448745 0 0 0 0 
-0.071699 -0.479797 0 0 0 0 
0.00156442 -0.367025 0 0 0 0 
-0.0119287 -0.398078 0 0 0 0 
-0.0254218 -0.42913 0 0 0 0 
-0.0389149 -0.460182 0 0 0 0 
0.0208555 -0.378462 0 0 0 0 
0.00736236 -0.409514 0 0 0 0 
-0.00613073 -0.440566 0 0 0 0 
0.0401465 -0.389898 0 0 0 0 
0.0266534 -0.42095 0 0 0 0 
0.0594375 -0.401335 0 0 0 0 
1 2 6
2 7 6
2 3 7
3 8 7
3 4 8
4 9 8
4 5 9
6 7 10
7 11 10
7 8 11
8 12 11
8 9 12
10 11 13
11 14 13
11 12 14
13 14 15
ZONE N=15, E=16, F=FEPOINT, ET=TRIANGLE
0.124755 -0.24226 0 0 0 0 
0.101948 -0.238151 0 0 0 0 
0.0791418 -0.234043 0 0 0 0 
0.0563353 -0.229934 0 0 0 0 
0.0335288 -0.225825 0 0 0 0 
0.110556 -0.259667 0 0 0 0 
0.0877499 -0.255558 0 0 0 0 
0.0649434 -0.251449 0 0 0 0 
0.0421369 -0.247341 0 0 0 0 
0.096358 -0.277074 0 0 0 0 
0.0735514 -0.272965 0 0 0 0 
0.0507449 -0.268856 0 0 0 0 
0.0821595 -0.294481 0 0 0 0 
0.059353 -0.290372 0 0 0 0 
0.0679611 -0.311887 0 0 0 0 
1 2 6
2 7 6
2 3 7
3 8 7
3 4 8
4 9 8
4 5 9
6 7 10
7 11 10
7 8 11
8 12 11
8 9 12
10 11 13
11 14 13
11 12 14
13 14 15
ZONE N=15, E=16, F=FEPOINT, ET=TRIANGLE
0.0679611 -0.311887 0 0 0 0 
0.0465391 -0.322813 0 0 0 0 
0.0251172 -0.333738 0 0 0 0 
0.0036953 -0.344664 0 0 0 0 
-0.0177266 -0.355589 0 0 0 0 
0.0658302 -0.334249 0 0 0 0 
0.0444083 -0.345175 0 0 0 0 
0.0229863 -0.3561 0 0 0 0 
0.00156442 -0.367025 0 0 0 0 
0.0636993 -0.356611 0 0 0 0 
0.0422774 -0.367536 0 0 0 0 
0.0208555 -0.378462 0 0 0 0 
0.0615684 -0.378973 0 0 0 0 
0.0401465 -0.389898 0 0 0 0 
0.0594375 -0.401335 0 0 0 0 
1 2 6
2 7 6
2 3 7
3 8 7
3 4 8
4 9 8
4 5 9
6 7 10
7 11 10
7 8 11
8 12 11
8 9 12
10 11 13
11 14 13
11 12 14
13 14 15
ZONE N=15, E=16, F=FEPOINT, ET=TRIANGLE
0.124755 -0.24226 0 0 0 0 
0.118713 -0.219931 0 0 0 0 
0.112671 -0.197601 0 0 0 0 
0.106629 -0.175271 0 0 0 0 
0.100587 -0.152942 0 0 0 0 
0.101948 -0.238151 0 0 0 0 
0.0959063 -0.215822 0 0 0 0 
0.0898642 -0.193492 0 0 0 0 
0.0838221 -0.171163 0 0 0 0 
0.0791418 -0.234043 0 0 0 0 
0.0730998 -0.211713 0 0 0 0 
0.0670577 -0.189383 0 0 0 0 
0.0563353 -0.229934 0 0 0 0 
0.0502932 -0.207604 0 0 0 0 
0.0335288 -0.225825 0 0 0 0 
1 2 6
2 7 6
2 3 7
3 8 7
3 4 8
4 9 8
4 5 9
6 7 10
7 11 10
7 8 11
8 12 11
8 9 12
10 11 13
11 14 13
11 12 14
13 14 15
ZONE N=15, E=16, F=FEPOINT, ET=TRIANGLE
-0.0334885 -0.161786 0 0 0 0 
-0.0493287 -0.191661 0 0 0 0 
-0.0651689 -0.221536 0 0 0 0 
-0.0810091 -0.251412 0 0 0 0 
-0.0968492 -0.281287 0 0 0 0 
-0.0167342 -0.177796 0 0 0 0 
-0.0325744 -0.207671 0 0 0 0 
-0.0484146 -0.237546 0 0 0 0 
-0.0642547 -0.267421 0 0 0 0 
2.0131e-05 -0.193805 0 0 0 0 
-0.01582 -0.223681 0 0 0 0 
-0.0316602 -0.253556 0 0 0 0 
0.0167745 -0.209815 0 0 0 0 
0.000934278 -0.23969 0 0 0 0 
0.0335288 -0.225825 0 0 0 0 
1 2 6
2 7 6
2 3 7
3 8 7
3 4 8
4 9 8
4 5 9
6 7 10
7 11 10
7 8 11
8 12 11
8 9 12
10 11 13
11 14 13
11 12 14
13 14 15
ZONE N=15, E=16, F=FEPOINT, ET=TRIANGLE
0.55557 -0.83147 0 0 0 0 
0.529806 -0.816779 0 0 0 0 
0.504042 -0.802088 0 0 0 0 
0.478277 -0.787398 0 0 0 0 
0.452513 -0.772707 0 0 0 0 
0.512349 -0.854572 0 0 0 0 
0.486584 -0.839881 0 0 0 0 
0.46082 -0.825191 0 0 0 0 
0.435056 -0.8105 0 0 0 0 
0.469127 -0.877675 0 0 0 0 
0.443362 -0.862984 0 0 0 0 
0.417598 -0.848293 0 0 0 0 
0.425905 -0.900777 0 0 0 0 
0.400141 -0.886086 0 0 0 0 
0.382683 -0.92388 0 0 0 0 
1 2 6
2 7 6
2 3 7
3 8 7
3 4 8
4 9 8
4 5 9
6 7 10
7 11 10
7 8 11
8 12 11
8 9 12
10 11 13
11 14 13
11 12 14
13 14 15
ZONE N=15, E=16, F=FEPOINT, ET=TRIANGLE
0.50179 -0.445721 0 0 0 0 
0.521869 -0.422834 0 0 0 0 
0.541949 -0.399947 0 0 0 0 
0.562028 -0.377059 0 0 0 0 
0.582107 -0.354172 0 0 0 0 
0.493291 -0.422634 0 0 0 0 
0.51337 -0.399747 0 0 0 0 
0.533449 -0.376859 0 0 0 0 
0.553528 -0.353972 0 0 0 0 
0.484792 -0.399547 0 0 0 0 
0.504871 -0.376659 0 0 0 0 
0.52495 -0.353772 0 0 0 0 
0.476292 -0.376459 0 0 0 0 
0.496372 -0.353572 0 0 0 0 
0.467793 -0.353372 0 0 0 0 
1 2 6
2 7 6
2 3 7
3 8 7
3 4 8
4 9 8
4 5 9
6 7 10
7 11 10
7 8 11
8 12 11
8 9 12
10 11 13
11 14 13
11 12 14
13 14 15
ZONE N=15, E=16, F=FEPOINT, ET=TRIANGLE
0.278663 -0.666833 0 0 0 0 
0.269996 -0.695834 0 0 0 0 
0.261328 -0.724835 0 0 0 0 
0.25266 -0.753836 0 0 0 0 
0.243993 -0.782838 0 0 0 0 
0.30269 -0.676867 0 0 0 0 
0.294022 -0.705869 0 0 0 0 
0.285355 -0.73487 0 0 0 0 
0.276687 -0.763871 0 0 0 0 
0.326717 -0.686902 0 0 0 0 
0.318049 -0.715903 0 0 0 0 
0.309382 -0.744904 0 0 0 0 
0.350744 -0.696936 0 0 0 0 
0.342076 -0.725938 0 0 0 0 
0.37477 -0.706971 0 0 0 0 
1 2 6
2 7 6
2 3 7
3 8 7
3 4 8
4 9 8
4 5 9
6 7 10
7 11 10
7 8 11
8 12 11
8 9 12
10 11 13
11 14 13
11 12 14
13 14 15
ZONE N=15, E=16, F=FEPOINT, ET=TRIANGLE
0.55557 -0.83147 0 0 0 0 
0.550756 -0.785354 0 0 0 0 
0.545942 -0.739239 0 0 0 0 
0.541127 -0.693123 0 0 0 0 
0.536313 -0.647008 0 0 0 0 
0.529806 -0.816779 0 0 0 0 
0.524992 -0.770663 0 0 0 0 
0.520177 -0.724548 0 0 0 0 
0.515363 -0.678432 0 0 0 0 
0.504042 -0.802088 0 0 0 0 
0.499227 -0.755973 0 0 0 0 
0.494413 -0.709857 0 0 0 0 
0.478277 -0.787398 0 0 0 0 
0.473463 -0.741282 0 0 0 0 
0.452513 -0.772707 0 0 0 0 
1 2 6
2 7 6
2 3 7
3 8 7
3 4 8
4 9 8
4 5 9
6 7 10
7 11 10
7 8 11
8 12 11
8 9 12
10 11 13
11 14 13
11 12 14
13 14 15
ZONE N=15, E=16, F=FEPOINT, ET=TRIANGLE
0.452513 -0.772707 0 0 0 0 
0.433077 -0.756273 0 0 0 0 
0.413642 -0.739839 0 0 0 0 
0.394206 -0.723405 0 0 0 0 
0.37477 -0.706971 0 0 0 0 
0.429487 -0.783554 0 0 0 0 
0.410052 -0.76712 0 0 0 0 
0.390616 -0.750686 0 0 0 0 
0.371181 -0.734252 0 0 0 0 
0.406462 -0.7944 0 0 0 0 
0.387026 -0.777966 0 0 0 0 
0.367591 -0.761532 0 0 0 0 
0.383437 -0.805247 0 0 0 0 
0.364001 -0.788813 0 0 0 0 
0.360411 -0.816093 0 0 0 0 
1 2 6
2 7 6
2 3 7
3 8 7
3 4 8
4 9 8
4 5 9
6 7 10
7 11 10
7 8 11
8 12 11
8 9 12
10 11 13
11 14 13
11 12 14
13 14 15
ZONE N=15, E=16, F=FEPOINT, ET=TRIANGLE
0.382683 -0.92388 0 0 0 0 
0.377115 -0.896933 0 0 0 0 
0.371547 -0.869987 0 0 0 0 
0.365979 -0.84304 0 0 0 0 
0.360411 -0.816093 0 0 0 0 
0.359584 -0.932145 0 0 0 0 
0.354016 -0.905198 0 0 0 0 
0.348448 -0.878252 0 0 0 0 
0.342879 -0.851305 0 0 0 0 
0.336484 -0.94041 0 0 0 0 
0.330916 -0.913463 0 0 0 0 
0.325348 -0.886517 0 0 0 0 
0.313384 -0.948675 0 0 0 0 
0.307816 -0.921729 0 0 0 0 
0.290285 -0.95694 0 0 0 0 
1 2 6
2 7 6
2 3 7
3 8 7
3 4 8
4 9 8
4 5 9
6 7 10
7 11 10
7 8 11
8 12 11
8 9 12
10 11 13
11 14 13
11 12 14
13 14 15
ZONE N=15, E=16, F=FEPOINT, ET=TRIANGLE
-0.0980171 -0.995185 0 0 0 0 
-0.0735129 -0.996389 0 0 0 0 
-0.0490086 -0.997592 0 0 0 0 
-0.0245043 -0.998796 0 0 0 0 
-1.83697e-16 -1 0 0 0 0 
-0.0803145 -0.963862 0 0 0 0 
-0.0558102 -0.965065 0 0 0 0 
-0.0313059 -0.966269 0 0 0 0 
-0.00680164 -0.967473 0 0 0 0 
-0.0626118 -0.932538 0 0 0 0 
-0.0381076 -0.933742 0 0 0 0 
-0.0136033 -0.934946 0 0 0 0 
-0.0449092 -0.901215 0 0 0 0 
-0.0204049 -0.902419 0 0 0 0 
-0.0272066 -0.869892 0 0 0 0 
1 2 6
2 7 6
2 3 7
3 8 7
3 4 8
4 9 8
4 5 9
6 7 10
7 11 10
7 8 11
8 12 11
8 9 12
10 11 13
11 14 13
11 12 14
13 14 15
ZONE N=15, E=16, F=FEPOINT, ET=TRIANGLE
0.243993 -0.782838 0 0 0 0 
0.22584 -0.801824 0 0 0 0 
0.207687 -0.82081 0 0 0 0 
0.189534 -0.839796 0 0 0 0 
0.171382 -0.858782 0 0 0 0 
0.255566 -0.826363 0 0 0 0 
0.237413 -0.845349 0 0 0 0 
0.21926 -0.864336 0 0 0 0 
0.201107 -0.883322 0 0 0 0 
0.267139 -0.869889 0 0 0 0 
0.248986 -0.888875 0 0 0 0 
0.230833 -0.907861 0 0 0 0 
0.278712 -0.913415 0 0 0 0 
0.260559 -0.932401 0 0 0 0 
0.290285 -0.95694 0 0 0 0 
1 2 6
2 7 6
2 3 7
3 8 7
3 4 8
4 9 8
4 5 9
6 7 10
7 11 10
7 8 11
8 12 11
8 9 12
10 11 13
11 14 13
11 12 14
13 14 15
ZONE N=15, E=16, F=FEPOINT, ET=TRIANGLE
-0.19509 -0.980785 0 0 0 0 
-0.213908 -0.950389 0 0 0 0 
-0.232726 -0.919992 0 0 0 0 
-0.251544 -0.889595 0 0 0 0 
-0.270361 -0.859198 0 0 0 0 
-0.241989 -0.966559 0 0 0 0 
-0.260806 -0.936162 0 0 0 0 
-0.279624 -0.905765 0 0 0 0 
-0.298442 -0.875369 0 0 0 0 
-0.288887 -0.952332 0 0 0 0 
-0.307705 -0.921936 0 0 0 0 
-0.326522 -0.891539 0 0 0 0 
-0.335785 -0.938106 0 0 0 0 
-0.354603 -0.907709 0 0 0 0 
-0.382683 -0.92388 0 0 0 0 
1 2 6
2 7 6
2 3 7
3 8 7
3 4 8
4 9 8
4 5 9
6 7 10
7 11 10
7 8 11
8 12 11
8 9 12
10 11 13
11 14 13
11 12 14
13 14 15
ZONE N=15, E=16, F=FEPOINT, ET=TRIANGLE
-0.70933 -0.511897 0 0 0 0 
-0.708971 -0.484106 0 0 0 0 
-0.708611 -0.456315 0 0 0 0 
-0.708252 -0.428524 0 0 0 0 
-0.707893 -0.400733 0 0 0 0 
-0.736747 -0.491161 0 0 0 0 
-0.736388 -0.46337 0 0 0 0 
-0.736029 -0.435579 0 0 0 0 
-0.735669 -0.407788 0 0 0 0 
-0.764164 -0.470425 0 0 0 0 
-0.763805 -0.442634 0 0 0 0 
-0.763446 -0.414843 0 0 0 0 
-0.791581 -0.449689 0 0 0 0 
-0.791222 -0.421898 0 0 0 0 
-0.818999 -0.428953 0 0 0 0 
1 2 6
2 7 6
2 3 7
3 8 7
3 4 8
4 9 8
4 5 9
6 7 10
7 11 10
7 8 11
8 12 11
8 9 12
10 11 13
11 14 13
11 12 14
13 14 15
ZONE N=15, E=16, F=FEPOINT, ET=TRIANGLE
-0.595195 -0.553632 0 0 0 0 
-0.559782 -0.537552 0 0 0 0 
-0.524369 -0.521473 0 0 0 0 
-0.488956 -0.505393 0 0 0 0 
-0.453543 -0.489313 0 0 0 0 
-0.600452 -0.528011 0 0 0 0 
-0.565039 -0.511931 0 0 0 0 
-0.529626 -0.495852 0 0 0 0 
-0.494213 -0.479772 0 0 0 0 
-0.605709 -0.50239 0 0 0 0 
-0.570296 -0.48631 0 0 0 0 
-0.534883 -0.470231 0 0 0 0 
-0.610966 -0.476769 0 0 0 0 
-0.575553 -0.460689 0 0 0 0 
-0.616222 -0.451148 0 0 0 0 
1 2 6
2 7 6
2 3 7
3 8 7
3 4 8
4 9 8
4 5 9
6 7 10
7 11 10
7 8 11
8 12 11
8 9 12
10 11 13
11 14 13
11 12 14
13 14 15
ZONE N=15, E=16, F=FEPOINT, ET=TRIANGLE
-0.613105 -0.658112 0 0 0 0 
-0.653081 -0.652182 0 0 0 0 
-0.693058 -0.646253 0 0 0 0 
-0.733034 -0.640323 0 0 0 0 
-0.77301 -0.634393 0 0 0 0 
-0.636605 -0.670361 0 0 0 0 
-0.676582 -0.664431 0 0 0 0 
-0.716558 -0.658501 0 0 0 0 
-0.756535 -0.652572 0 0 0 0 
-0.660106 -0.682609 0 0 0 0 
-0.700082 -0.67668 0 0 0 0 
-0.740059 -0.67075 0 0 0 0 
-0.683606 -0.694858 0 0 0 0 
-0.723583 -0.688928 0 0 0 0 
-0.707107 -0.707107 0 0 0 0 
1 2 6
2 7 6
2 3 7
3 8 7
3 4 8
4 9 8
4 5 9
6 7 10
7 11 10
7 8 11
8 12 11
8 9 12
10 11 13
11 14 13
11 12 14
13 14 15
ZONE N=15, E=16, F=FEPOINT, ET=TRIANGLE
-0.70933 -0.511897 0 0 0 0 
-0.680796 -0.522331 0 0 0 0 
-0.652262 -0.532764 0 0 0 0 
-0.623729 -0.543198 0 0 0 0 
-0.595195 -0.553632 0 0 0 0 
-0.686053 -0.49671 0 0 0 0 
-0.657519 -0.507143 0 0 0 0 
-0.628986 -0.517577 0 0 0 0 
-0.600452 -0.528011 0 0 0 0 
-0.662776 -0.481522 0 0 0 0 
-0.634242 -0.491956 0 0 0 0 
-0.605709 -0.50239 0 0 0 0 
-0.639499 -0.466335 0 0 0 0 
-0.610966 -0.476769 0 0 0 0 
-0.616222 -0.451148 0 0 0 0 
1 2 6
2 7 6
2 3 7
3 8 7
3 4 8
4 9 8
4 5 9
6 7 10
7 11 10
7 8 11
8 12 11
8 9 12
10 11 13
11 14 13
11 12 14
13 14 15
ZONE N=15, E=16, F=FEPOINT, ET=TRIANGLE
0.533748 -0.0876502 0 0 0 0 
0.556988 -0.0842965 0 0 0 0 
0.580228 -0.0809429 0 0 0 0 
0.603468 -0.0775892 0 0 0 0 
0.626708 -0.0742356 0 0 0 0 
0.525311 -0.0657377 0 0 0 0 
0.548551 -0.062384 0 0 0 0 
0.571791 -0.0590303 0 0 0 0 
0.595031 -0.0556767 0 0 0 0 
0.516874 -0.0438251 0 0 0 0 
0.540114 -0.0404714 0 0 0 0 
0.563354 -0.0371178 0 0 0 0 
0.508437 -0.0219126 0 0 0 0 
0.531677 -0.0185589 0 0 0 0 
0.5 0 0 0 0 0 
1 2 6
2 7 6
2 3 7
3 8 7
3 4 8
4 9 8
4 5 9
6 7 10
7 11 10
7 8 11
8 12 11
8 9 12
10 11 13
11 14 13
11 12 14
13 14 15
ZONE N=15, E=16, F=FEPOINT, ET=TRIANGLE
-0.77301 -0.634393 0 0 0 0 
-0.75709 -0.603769 0 0 0 0 
-0.74117 -0.573145 0 0 0 0 
-0.72525 -0.542521 0 0 0 0 
-0.70933 -0.511897 0 0 0 0 
-0.787625 -0.614688 0 0 0 0 
-0.771705 -0.584063 0 0 0 0 
-0.755785 -0.553439 0 0 0 0 
-0.739865 -0.522815 0 0 0 0 
-0.80224 -0.594982 0 0 0 0 
-0.78632 -0.564358 0 0 0 0 
-0.7704 -0.533734 0 0 0 0 
-0.816855 -0.575276 0 0 0 0 
-0.800935 -0.544652 0 0 0 0 
-0.83147 -0.55557 0 0 0 0 
1 2 6
2 7 6
2 3 7
3 8 7
3 4 8
4 9 8
4 5 9
6 7 10
7 11 10
7 8 11
8 12 11
8 9 12
10 11 13
11 14 13
11 12 14
13 14 15
ZONE N=15, E=16, F=FEPOINT, ET=TRIANGLE
-0.2455 -0.697979 0 0 0 0 
-0.23543 -0.720164 0 0 0 0 
-0.225361 -0.742348 0 0 0 0 
-0.215291 -0.764532 0 0 0 0 
-0.205221 -0.786717 0 0 0 0 
-0.207833 -0.712349 0 0 0 0 
-0.197764 -0.734534 0 0 0 0 
-0.187694 -0.756718 0 0 0 0 
-0.177624 -0.778902 0 0 0 0 
-0.170167 -0.726719 0 0 0 0 
-0.160097 -0.748903 0 0 0 0 
-0.150027 -0.771088 0 0 0 0 
-0.1325 -0.741089 0 0 0 0 
-0.122431 -0.763273 0 0 0 0 
-0.0948337 -0.755459 0 0 0 0 
1 2 6
2 7 6
2 3 7
3 8 7
3 4 8
4 9 8
4 5 9
6 7 10
7 11 10
7 8 11
8 12 11
8 9 12
10 11 13
11 14 13
11 12 14
13 14 15
ZONE N=15, E=16, F=FEPOINT, ET=TRIANGLE
0.354078 0.132257 0 0 0 0 
0.359308 0.0991926 0 0 0 0 
0.364539 0.0661284 0 0 0 0 
0.369769 0.0330642 0 0 0 0 
0.375 0 0 0 0 0 
0.375497 0.119232 0 0 0 0 
0.380727 0.0861675 0 0 0 0 
0.385958 0.0531032 0 0 0 0 
0.391188 0.020039 0 0 0 0 
0.396915 0.106206 0 0 0 0 
0.402146 0.0731423 0 0 0 0 
0.407376 0.0400781 0 0 0 0 
0.418334 0.0931813 0 0 0 0 
0.423565 0.0601171 0 0 0 0 
0.439753 0.0801562 0 0 0 0 
1 2 6
2 7 6
2 3 7
3 8 7
3 4 8
4 9 8
4 5 9
6 7 10
7 11 10
7 8 11
8 12 11
8 9 12
10 11 13
11 14 13
11 12 14
13 14 15
ZONE N=15, E=16, F=FEPOINT, ET=TRIANGLE
0.439753 0.0801562 0 0 0 0 
0.454815 0.0601171 0 0 0 0 
0.469876 0.0400781 0 0 0 0 
0.484938 0.020039 0 0 0 0 
0.5 0 0 0 0 0 
0.456588 0.0987305 0 0 0 0 
0.47165 0.0786915 0 0 0 0 
0.486711 0.0586524 0 0 0 0 
0.501773 0.0386134 0 0 0 0 
0.473423 0.117305 0 0 0 0 
0.488485 0.0972658 0 0 0 0 
0.503546 0.0772268 0 0 0 0 
0.490258 0.135879 0 0 0 0 
0.505319 0.11584 0 0 0 0 
0.507093 0.154454 0 0 0 0 
1 2 6
2 7 6
2 3 7
3 8 7
3 4 8
4 9 8
4 5 9
6 7 10
7 11 10
7 8 11
8 12 11
8 9 12
10 11 13
11 14 13
11 12 14
13 14 15
ZONE N=15, E=16, F=FEPOINT, ET=TRIANGLE
0.614674 0.0721238 0 0 0 0 
0.586005 0.0540928 0 0 0 0 
0.557337 0.0360619 0 0 0 0 
0.528668 0.0180309 0 0 0 0 
0.5 0 0 0 0 0 
0.617682 0.0355339 0 0 0 0 
0.589014 0.017503 0 0 0 0 
0.560345 -0.000527952 0 0 0 0 
0.531677 -0.0185589 0 0 0 0 
0.620691 -0.0010559 0 0 0 0 
0.592022 -0.0190868 0 0 0 0 
0.563354 -0.0371178 0 0 0 0 
0.6237 -0.0376457 0 0 0 0 
0.595031 -0.0556767 0 0 0 0 
0.626708 -0.0742356 0 0 0 0 
1 2 6
2 7 6
2 3 7
3 8 7
3 4 8
4 9 8
4 5 9
6 7 10
7 11 10
7 8 11
8 12 11
8 9 12
10 11 13
11 14 13
11 12 14
13 14 15
ZONE N=15, E=16, F=FEPOINT, ET=TRIANGLE
0.95694 0.290285 0 0 0 0 
0.923015 0.295848 0 0 0 0 
0.889089 0.301412 0 0 0 0 
0.855163 0.306975 0 0 0 0 
0.821237 0.312538 0 0 0 0 
0.92333 0.264769 0 0 0 0 
0.889404 0.270333 0 0 0 0 
0.855479 0.275896 0 0 0 0 
0.821553 0.28146 0 0 0 0 
0.88972 0.239254 0 0 0 0 
0.855794 0.244818 0 0 0 0 
0.821868 0.250381 0 0 0 0 
0.85611 0.213739 0 0 0 0 
0.822184 0.219302 0 0 0 0 
0.8225 0.188224 0 0 0 0 
1 2 6
2 7 6
2 3 7
3 8 7
3 4 8
4 9 8
4 5 9
6 7 10
7 11 10
7 8 11
8 12 11
8 9 12
10 11 13
11 14 13
11 12 14
13 14 15
ZONE N=15, E=16, F=FEPOINT, ET=TRIANGLE
0.522707 0.431961 0 0 0 0 
0.494376 0.430916 0 0 0 0 
0.466044 0.429872 0 0 0 0 
0.437713 0.428827 0 0 0 0 
0.409382 0.427782 0 0 0 0 
0.526488 0.403864 0 0 0 0 
0.498157 0.402819 0 0 0 0 
0.469826 0.401774 0 0 0 0 
0.441494 0.40073 0 0 0 0 
0.53027 0.375767 0 0 0 0 
0.501939 0.374722 0 0 0 0 
0.473607 0.373677 0 0 0 0 
0.534051 0.347669 0 0 0 0 
0.50572 0.346625 0 0 0 0 
0.537833 0.319572 0 0 0 0 
1 2 6
2 7 6
2 3 7
3 8 7
3 4 8
4 9 8
4 5 9
6 7 10
7 11 10
7 8 11
8 12 11
8 9 12
10 11 13
11 14 13
11 12 14
13 14 15
ZONE N=15, E=16, F=FEPOINT, ET=TRIANGLE
0.641607 0.323084 0 0 0 0 
0.611882 0.350303 0 0 0 0 
0.582157 0.377522 0 0 0 0 
0.552432 0.404742 0 0 0 0 
0.522707 0.431961 0 0 0 0 
0.615663 0.322206 0 0 0 0 
0.585938 0.349425 0 0 0 0 
0.556213 0.376644 0 0 0 0 
0.526488 0.403864 0 0 0 0 
0.58972 0.321328 0 0 0 0 
0.559995 0.348547 0 0 0 0 
0.53027 0.375767 0 0 0 0 
0.563776 0.32045 0 0 0 0 
0.534051 0.347669 0 0 0 0 
0.537833 0.319572 0 0 0 0 
1 2 6
2 7 6
2 3 7
3 8 7
3 4 8
4 9 8
4 5 9
6 7 10
7 11 10
7 8 11
8 12 11
8 9 12
10 11 13
11 14 13
11 12 14
13 14 15
ZONE N=15, E=16, F=FEPOINT, ET=TRIANGLE
0.507093 0.154454 0 0 0 0 
0.531989 0.159123 0 0 0 0 
0.556886 0.163792 0 0 0 0 
0.581782 0.168461 0 0 0 0 
0.606679 0.173131 0 0 0 0 
0.498271 0.177451 0 0 0 0 
0.523168 0.18212 0 0 0 0 
0.548064 0.18679 0 0 0 0 
0.572961 0.191459 0 0 0 0 
0.48945 0.200448 0 0 0 0 
0.514346 0.205118 0 0 0 0 
0.539243 0.209787 0 0 0 0 
0.480628 0.223446 0 0 0 0 
0.505525 0.228115 0 0 0 0 
0.471807 0.246443 0 0 0 0 
1 2 6
2 7 6
2 3 7
3 8 7
3 4 8
4 9 8
4 5 9
6 7 10
7 11 10
7 8 11
8 12 11
8 9 12
10 11 13
11 14 13
11 12 14
13 14 15
ZONE N=15, E=16, F=FEPOINT, ET=TRIANGLE
0.537833 0.319572 0 0 0 0 
0.496057 0.323793 0 0 0 0 
0.45428 0.328014 0 0 0 0 
0.412504 0.332234 0 0 0 0 
0.370728 0.336455 0 0 0 0 
0.521326 0.30129 0 0 0 0 
0.47955 0.305511 0 0 0 0 
0.437774 0.309731 0 0 0 0 
0.395998 0.313952 0 0 0 0 
0.50482 0.283008 0 0 0 0 
0.463044 0.287228 0 0 0 0 
0.421267 0.291449 0 0 0 0 
0.488313 0.264726 0 0 0 0 
0.446537 0.268946 0 0 0 0 
0.471807 0.246443 0 0 0 0 
1 2 6
2 7 6
2 3 7
3 8 7
3 4 8
4 9 8
4 5 9
6 7 10
7 11 10
7 8 11
8 12 11
8 9 12
10 11 13
11 14 13
11 12 14
13 14 15
ZONE N=15, E=16, F=FEPOINT, ET=TRIANGLE
-0.321882 0.74664 0 0 0 0 
-0.335716 0.701885 0 0 0 0 
-0.34955 0.65713 0 0 0 0 
-0.363384 0.612375 0 0 0 0 
-0.377218 0.56762 0 0 0 0 
-0.308892 0.725785 0 0 0 0 
-0.322726 0.68103 0 0 0 0 
-0.33656 0.636274 0 0 0 0 
-0.350394 0.591519 0 0 0 0 
-0.295902 0.704929 0 0 0 0 
-0.309736 0.660174 0 0 0 0 
-0.32357 0.615419 0 0 0 0 
-0.282912 0.684073 0 0 0 0 
-0.296746 0.639318 0 0 0 0 
-0.269921 0.663218 0 0 0 0 
1 2 6
2 7 6
2 3 7
3 8 7
3 4 8
4 9 8
4 5 9
6 7 10
7 11 10
7 8 11
8 12 11
8 9 12
10 11 13
11 14 13
11 12 14
13 14 15
ZONE N=15, E=16, F=FEPOINT, ET=TRIANGLE
-0.269921 0.663218 0 0 0 0 
-0.271316 0.638687 0 0 0 0 
-0.27271 0.614156 0 0 0 0 
-0.274104 0.589625 0 0 0 0 
-0.275498 0.565094 0 0 0 0 
-0.246116 0.6693 0 0 0 0 
-0.24751 0.644769 0 0 0 0 
-0.248904 0.620238 0 0 0 0 
-0.250298 0.595707 0 0 0 0 
-0.22231 0.675382 0 0 0 0 
-0.223704 0.650851 0 0 0 0 
-0.225098 0.62632 0 0 0 0 
-0.198504 0.681464 0 0 0 0 
-0.199899 0.656933 0 0 0 0 
-0.174699 0.687547 0 0 0 0 
1 2 6
2 7 6
2 3 7
3 8 7
3 4 8
4 9 8
4 5 9
6 7 10
7 11 10
7 8 11
8 12 11
8 9 12
10 11 13
11 14 13
11 12 14
13 14 15
ZONE N=15, E=16, F=FEPOINT, ET=TRIANGLE
-0.10258 0.546288 0 0 0 0 
-0.0668508 0.553126 0 0 0 0 
-0.0311219 0.559963 0 0 0 0 
0.00460712 0.566801 0 0 0 0 
0.0403361 0.573638 0 0 0 0 
-0.0963215 0.571743 0 0 0 0 
-0.0605925 0.578581 0 0 0 0 
-0.0248635 0.585418 0 0 0 0 
0.0108654 0.592256 0 0 0 0 
-0.0900632 0.597198 0 0 0 0 
-0.0543342 0.604036 0 0 0 0 
-0.0186052 0.610873 0 0 0 0 
-0.0838049 0.622653 0 0 0 0 
-0.0480759 0.62949 0 0 0 0 
-0.0775466 0.648108 0 0 0 0 
1 2 6
2 7 6
2 3 7
3 8 7
3 4 8
4 9 8
4 5 9
6 7 10
7 11 10
7 8 11
8 12 11
8 9 12
10 11 13
11 14 13
11 12 14
13 14 15
ZONE N=15, E=16, F=FEPOINT, ET=TRIANGLE
0.00349201 0.8339 0 0 0 0 
-0.0192517 0.816178 0 0 0 0 
-0.0419954 0.798456 0 0 0 0 
-0.0647392 0.780734 0 0 0 0 
-0.0874829 0.763012 0 0 0 0 
0.00891041 0.792721 0 0 0 0 
-0.0138333 0.774999 0 0 0 0 
-0.036577 0.757276 0 0 0 0 
-0.0593208 0.739554 0 0 0 0 
0.0143288 0.751541 0 0 0 0 
-0.00841492 0.733819 0 0 0 0 
-0.0311586 0.716097 0 0 0 0 
0.0197472 0.710362 0 0 0 0 
-0.00299652 0.69264 0 0 0 0 
0.0251656 0.669183 0 0 0 0 
1 2 6
2 7 6
2 3 7
3 8 7
3 4 8
4 9 8
4 5 9
6 7 10
7 11 10
7 8 11
8 12 11
8 9 12
10 11 13
11 14 13
11 12 14
13 14 15
ZONE N=15, E=16, F=FEPOINT, ET=TRIANGLE
-0.0874829 0.763012 0 0 0 0 
-0.0647392 0.780734 0 0 0 0 
-0.0419954 0.798456 0 0 0 0 
-0.0192517 0.816178 0 0 0 0 
0.00349201 0.8339 0 0 0 0 
-0.0920185 0.792288 0 0 0 0 
-0.0692748 0.81001 0 0 0 0 
-0.0465311 0.827732 0 0 0 0 
-0.0237873 0.845454 0 0 0 0 
-0.0965541 0.821564 0 0 0 0 
-0.0738104 0.839286 0 0 0 0 
-0.0510667 0.857008 0 0 0 0 
-0.10109 0.85084 0 0 0 0 
-0.078346 0.868562 0 0 0 0 
-0.105625 0.880116 0 0 0 0 
1 2 6
2 7 6
2 3 7
3 8 7
3 4 8
4 9 8
4 5 9
6 7 10
7 11 10
7 8 11
8 12 11
8 9 12
10 11 13
11 14 13
11 12 14
13 14 15
ZONE N=15, E=16, F=FEPOINT, ET=TRIANGLE
-0.228476 0.837231 0 0 0 0 
-0.215031 0.79981 0 0 0 0 
-0.201587 0.762389 0 0 0 0 
-0.188143 0.724968 0 0 0 0 
-0.174699 0.687547 0 0 0 0 
-0.193227 0.818676 0 0 0 0 
-0.179783 0.781255 0 0 0 0 
-0.166339 0.743834 0 0 0 0 
-0.152895 0.706413 0 0 0 0 
-0.157979 0.800121 0 0 0 0 
-0.144535 0.7627 0 0 0 0 
-0.131091 0.725279 0 0 0 0 
-0.122731 0.781566 0 0 0 0 
-0.109287 0.744145 0 0 0 0 
-0.0874829 0.763012 0 0 0 0 
1 2 6
2 7 6
2 3 7
3 8 7
3 4 8
4 9 8
4 5 9
6 7 10
7 11 10
7 8 11
8 12 11
8 9 12
10 11 13
11 14 13
11 12 14
13 14 15
ZONE N=15, E=16, F=FEPOINT, ET=TRIANGLE
0.00349201 0.8339 0 0 0 0 
0.00261901 0.875425 0 0 0 0 
0.001746 0.91695 0 0 0 0 
0.000873002 0.958475 0 0 0 0 
6.12323e-17 1 0 0 0 0 
-0.0237873 0.845454 0 0 0 0 
-0.0246603 0.886979 0 0 0 0 
-0.0255333 0.928504 0 0 0 0 
-0.0264063 0.970029 0 0 0 0 
-0.0510667 0.857008 0 0 0 0 
-0.0519397 0.898533 0 0 0 0 
-0.0528127 0.940058 0 0 0 0 
-0.078346 0.868562 0 0 0 0 
-0.079219 0.910087 0 0 0 0 
-0.105625 0.880116 0 0 0 0 
1 2 6
2 7 6
2 3 7
3 8 7
3 4 8
4 9 8
4 5 9
6 7 10
7 11 10
7 8 11
8 12 11
8 9 12
10 11 13
11 14 13
11 12 14
13 14 15
ZONE N=15, E=16, F=FEPOINT, ET=TRIANGLE
-0.19509 0.980785 0 0 0 0 
-0.203437 0.944897 0 0 0 0 
-0.211783 0.909008 0 0 0 0 
-0.220129 0.873119 0 0 0 0 
-0.228476 0.837231 0 0 0 0 
-0.172724 0.955618 0 0 0 0 
-0.18107 0.919729 0 0 0 0 
-0.189417 0.88384 0 0 0 0 
-0.197763 0.847952 0 0 0 0 
-0.150358 0.93045 0 0 0 0 
-0.158704 0.894562 0 0 0 0 
-0.16705 0.858673 0 0 0 0 
-0.127992 0.905283 0 0 0 0 
-0.136338 0.869394 0 0 0 0 
-0.105625 0.880116 0 0 0 0 
1 2 6
2 7 6
2 3 7
3 8 7
3 4 8
4 9 8
4 5 9
6 7 10
7 11 10
7 8 11
8 12 11
8 9 12
10 11 13
11 14 13
11 12 14
13 14 15
ZONE N=15, E=16, F=FEPOINT, ET=TRIANGLE
-0.382683 0.92388 0 0 0 0 
-0.368502 0.903982 0 0 0 0 
-0.35432 0.884085 0 0 0 0 
-0.340138 0.864188 0 0 0 0 
-0.325956 0.844291 0 0 0 0 
-0.359584 0.932145 0 0 0 0 
-0.345402 0.912248 0 0 0 0 
-0.33122 0.892351 0 0 0 0 
-0.317038 0.872454 0 0 0 0 
-0.336484 0.94041 0 0 0 0 
-0.322302 0.920513 0 0 0 0 
-0.30812 0.900616 0 0 0 0 
-0.313384 0.948675 0 0 0 0 
-0.299203 0.928778 0 0 0 0 
-0.290285 0.95694 0 0 0 0 
1 2 6
2 7 6
2 3 7
3 8 7
3 4 8
4 9 8
4 5 9
6 7 10
7 11 10
7 8 11
8 12 11
8 9 12
10 11 13
11 14 13
11 12 14
13 14 15
ZONE N=15, E=16, F=FEPOINT, ET=TRIANGLE
-0.321882 0.74664 0 0 0 0 
-0.285086 0.731867 0 0 0 0 
-0.24829 0.717093 0 0 0 0 
-0.211495 0.70232 0 0 0 0 
-0.174699 0.687547 0 0 0 0 
-0.29853 0.769288 0 0 0 0 
-0.261735 0.754514 0 0 0 0 
-0.224939 0.739741 0 0 0 0 
-0.188143 0.724968 0 0 0 0 
-0.275179 0.791936 0 0 0 0 
-0.238383 0.777162 0 0 0 0 
-0.201587 0.762389 0 0 0 0 
-0.251827 0.814583 0 0 0 0 
-0.215031 0.79981 0 0 0 0 
-0.228476 0.837231 0 0 0 0 
1 2 6
2 7 6
2 3 7
3 8 7
3 4 8
4 9 8
4 5 9
6 7 10
7 11 10
7 8 11
8 12 11
8 9 12
10 11 13
11 14 13
11 12 14
13 14 15
ZONE N=15, E=16, F=FEPOINT, ET=TRIANGLE
-0.442821 0.750516 0 0 0 0 
-0.449965 0.783368 0 0 0 0 
-0.457109 0.816219 0 0 0 0 
-0.464253 0.84907 0 0 0 0 
-0.471397 0.881921 0 0 0 0 
-0.471008 0.770755 0 0 0 0 
-0.478152 0.803606 0 0 0 0 
-0.485296 0.836457 0 0 0 0 
-0.49244 0.869308 0 0 0 0 
-0.499195 0.790993 0 0 0 0 
-0.506339 0.823844 0 0 0 0 
-0.513483 0.856695 0 0 0 0 
-0.527383 0.811231 0 0 0 0 
-0.534527 0.844083 0 0 0 0 
-0.55557 0.83147 0 0 0 0 
1 2 6
2 7 6
2 3 7
3 8 7
3 4 8
4 9 8
4 5 9
6 7 10
7 11 10
7 8 11
8 12 11
8 9 12
10 11 13
11 14 13
11 12 14
13 14 15
ZONE N=15, E=16, F=FEPOINT, ET=TRIANGLE
-0.290285 0.95694 0 0 0 0 
-0.274832 0.927013 0 0 0 0 
-0.25938 0.897085 0 0 0 0 
-0.243928 0.867158 0 0 0 0 
-0.228476 0.837231 0 0 0 0 
-0.266486 0.962902 0 0 0 0 
-0.251034 0.932974 0 0 0 0 
-0.235582 0.903047 0 0 0 0 
-0.220129 0.873119 0 0 0 0 
-0.242687 0.968863 0 0 0 0 
-0.227235 0.938935 0 0 0 0 
-0.211783 0.909008 0 0 0 0 
-0.218889 0.974824 0 0 0 0 
-0.203437 0.944897 0 0 0 0 
-0.19509 0.980785 0 0 0 0 
1 2 6
2 7 6
2 3 7
3 8 7
3 4 8
4 9 8
4 5 9
6 7 10
7 11 10
7 8 11
8 12 11
8 9 12
10 11 13
11 14 13
11 12 14
13 14 15
ZONE N=15, E=16, F=FEPOINT, ET=TRIANGLE
-0.325956 0.844291 0 0 0 0 
-0.324938 0.819879 0 0 0 0 
-0.323919 0.795466 0 0 0 0 
-0.322901 0.771053 0 0 0 0 
-0.321882 0.74664 0 0 0 0 
-0.301586 0.842526 0 0 0 0 
-0.300567 0.818113 0 0 0 0 
-0.299549 0.793701 0 0 0 0 
-0.29853 0.769288 0 0 0 0 
-0.277216 0.840761 0 0 0 0 
-0.276197 0.816348 0 0 0 0 
-0.275179 0.791936 0 0 0 0 
-0.252846 0.838996 0 0 0 0 
-0.251827 0.814583 0 0 0 0 
-0.228476 0.837231 0 0 0 0 
1 2 6
2 7 6
2 3 7
3 8 7
3 4 8
4 9 8
4 5 9
6 7 10
7 11 10
7 8 11
8 12 11
8 9 12
10 11 13
11 14 13
11 12 14
13 14 15
ZONE N=15, E=16, F=FEPOINT, ET=TRIANGLE
-0.55557 0.83147 0 0 0 0 
-0.55842 0.796654 0 0 0 0 
-0.561269 0.761838 0 0 0 0 
-0.564119 0.727022 0 0 0 0 
-0.566968 0.692206 0 0 0 0 
-0.527383 0.811231 0 0 0 0 
-0.530232 0.776415 0 0 0 0 
-0.533082 0.7416 0 0 0 0 
-0.535932 0.706784 0 0 0 0 
-0.499195 0.790993 0 0 0 0 
-0.502045 0.756177 0 0 0 0 
-0.504895 0.721361 0 0 0 0 
-0.471008 0.770755 0 0 0 0 
-0.473858 0.735939 0 0 0 0 
-0.442821 0.750516 0 0 0 0 
1 2 6
2 7 6
2 3 7
3 8 7
3 4 8
4 9 8
4 5 9
6 7 10
7 11 10
7 8 11
8 12 11
8 9 12
10 11 13
11 14 13
11 12 14
13 14 15
ZONE N=15, E=16, F=FEPOINT, ET=TRIANGLE
-0.471397 0.881921 0 0 0 0 
-0.435037 0.872514 0 0 0 0 
-0.398676 0.863106 0 0 0 0 
-0.362316 0.853699 0 0 0 0 
-0.325956 0.844291 0 0 0 0 
-0.449218 0.892411 0 0 0 0 
-0.412858 0.883003 0 0 0 0 
-0.376498 0.873596 0 0 0 0 
-0.340138 0.864188 0 0 0 0 
-0.42704 0.9029 0 0 0 0 
-0.39068 0.893493 0 0 0 0 
-0.35432 0.884085 0 0 0 0 
-0.404862 0.91339 0 0 0 0 
-0.368502 0.903982 0 0 0 0 
-0.382683 0.92388 0 0 0 0 
1 2 6
2 7 6
2 3 7
3 8 7
3 4 8
4 9 8
4 5 9
6 7 10
7 11 10
7 8 11
8 12 11
8 9 12
10 11 13
11 14 13
11 12 14
13 14 15
ZONE N=15, E=16, F=FEPOINT, ET=TRIANGLE
-0.442821 0.750516 0 0 0 0 
-0.447772 0.718619 0 0 0 0 
-0.452724 0.686721 0 0 0 0 
-0.457676 0.654823 0 0 0 0 
-0.462627 0.622925 0 0 0 0 
-0.412586 0.749547 0 0 0 0 
-0.417538 0.71765 0 0 0 0 
-0.422489 0.685752 0 0 0 0 
-0.427441 0.653854 0 0 0 0 
-0.382351 0.748578 0 0 0 0 
-0.387303 0.716681 0 0 0 0 
-0.392255 0.684783 0 0 0 0 
-0.352117 0.747609 0 0 0 0 
-0.357068 0.715712 0 0 0 0 
-0.321882 0.74664 0 0 0 0 
1 2 6
2 7 6
2 3 7
3 8 7
3 4 8
4 9 8
4 5 9
6 7 10
7 11 10
7 8 11
8 12 11
8 9 12
10 11 13
11 14 13
11 12 14
13 14 15
ZONE N=15, E=16, F=FEPOINT, ET=TRIANGLE
0.560129 0.539011 0 0 0 0 
0.550774 0.512248 0 0 0 0 
0.541418 0.485486 0 0 0 0 
0.532063 0.458724 0 0 0 0 
0.522707 0.431961 0 0 0 0 
0.584247 0.531548 0 0 0 0 
0.574891 0.504786 0 0 0 0 
0.565536 0.478024 0 0 0 0 
0.55618 0.451261 0 0 0 0 
0.608364 0.524086 0 0 0 0 
0.599009 0.497324 0 0 0 0 
0.589653 0.470561 0 0 0 0 
0.632482 0.516624 0 0 0 0 
0.623126 0.489861 0 0 0 0 
0.656599 0.509161 0 0 0 0 
1 2 6
2 7 6
2 3 7
3 8 7
3 4 8
4 9 8
4 5 9
6 7 10
7 11 10
7 8 11
8 12 11
8 9 12
10 11 13
11 14 13
11 12 14
13 14 15
ZONE N=15, E=16, F=FEPOINT, ET=TRIANGLE
0.691218 0.414298 0 0 0 0 
0.726281 0.449616 0 0 0 0 
0.761344 0.484934 0 0 0 0 
0.796407 0.520252 0 0 0 0 
0.83147 0.55557 0 0 0 0 
0.682563 0.438014 0 0 0 0 
0.717626 0.473332 0 0 0 0 
0.752689 0.50865 0 0 0 0 
0.787752 0.543968 0 0 0 0 
0.673909 0.46173 0 0 0 0 
0.708972 0.497048 0 0 0 0 
0.744034 0.532366 0 0 0 0 
0.665254 0.485445 0 0 0 0 
0.700317 0.520763 0 0 0 0 
0.656599 0.509161 0 0 0 0 
1 2 6
2 7 6
2 3 7
3 8 7
3 4 8
4 9 8
4 5 9
6 7 10
7 11 10
7 8 11
8 12 11
8 9 12
10 11 13
11 14 13
11 12 14
13 14 15
ZONE N=15, E=16, F=FEPOINT, ET=TRIANGLE
0.634393 -0.77301 0 0 0 0 
0.635261 -0.737546 0 0 0 0 
0.636128 -0.702082 0 0 0 0 
0.636996 -0.666617 0 0 0 0 
0.637863 -0.631153 0 0 0 0 
0.609873 -0.74151 0 0 0 0 
0.610741 -0.706045 0 0 0 0 
0.611608 -0.670581 0 0 0 0 
0.612476 -0.635116 0 0 0 0 
0.585353 -0.710009 0 0 0 0 
0.586221 -0.674545 0 0 0 0 
0.587088 -0.63908 0 0 0 0 
0.560833 -0.678508 0 0 0 0 
0.561701 -0.643044 0 0 0 0 
0.536313 -0.647008 0 0 0 0 
1 2 6
2 7 6
2 3 7
3 8 7
3 4 8
4 9 8
4 5 9
6 7 10
7 11 10
7 8 11
8 12 11
8 9 12
10 11 13
11 14 13
11 12 14
13 14 15
ZONE N=15, E=16, F=FEPOINT, ET=TRIANGLE
0.634393 -0.77301 0 0 0 0 
0.609873 -0.74151 0 0 0 0 
0.585353 -0.710009 0 0 0 0 
0.560833 -0.678508 0 0 0 0 
0.536313 -0.647008 0 0 0 0 
0.614688 -0.787625 0 0 0 0 
0.590167 -0.756125 0 0 0 0 
0.565647 -0.724624 0 0 0 0 
0.541127 -0.693123 0 0 0 0 
0.594982 -0.80224 0 0 0 0 
0.570462 -0.770739 0 0 0 0 
0.545942 -0.739239 0 0 0 0 
0.575276 -0.816855 0 0 0 0 
0.550756 -0.785354 0 0 0 0 
0.55557 -0.83147 0 0 0 0 
1 2 6
2 7 6
2 3 7
3 8 7
3 4 8
4 9 8
4 5 9
6 7 10
7 11 10
7 8 11
8 12 11
8 9 12
10 11 13
11 14 13
11 12 14
13 14 15
ZONE N=15, E=16, F=FEPOINT, ET=TRIANGLE
0.881921 -0.471397 0 0 0 0 
0.873839 -0.433092 0 0 0 0 
0.865757 -0.394788 0 0 0 0 
0.857675 -0.356483 0 0 0 0 
0.849593 -0.318179 0 0 0 0 
0.852011 -0.45037 0 0 0 0 
0.843929 -0.412065 0 0 0 0 
0.835847 -0.373761 0 0 0 0 
0.827765 -0.335456 0 0 0 0 
0.822101 -0.429343 0 0 0 0 
0.814019 -0.391038 0 0 0 0 
0.805937 -0.352734 0 0 0 0 
0.792191 -0.408316 0 0 0 0 
0.784109 -0.370011 0 0 0 0 
0.762281 -0.387289 0 0 0 0 
1 2 6
2 7 6
2 3 7
3 8 7
3 4 8
4 9 8
4 5 9
6 7 10
7 11 10
7 8 11
8 12 11
8 9 12
10 11 13
11 14 13
11 12 14
13 14 15
ZONE N=15, E=16, F=FEPOINT, ET=TRIANGLE
-0.0966451 -0.635959 0 0 0 0 
-0.133859 -0.651464 0 0 0 0 
-0.171073 -0.666969 0 0 0 0 
-0.208286 -0.682474 0 0 0 0 
-0.2455 -0.697979 0 0 0 0 
-0.0961922 -0.665834 0 0 0 0 
-0.133406 -0.681339 0 0 0 0 
-0.17062 -0.696844 0 0 0 0 
-0.207833 -0.712349 0 0 0 0 
-0.0957394 -0.695709 0 0 0 0 
-0.132953 -0.711214 0 0 0 0 
-0.170167 -0.726719 0 0 0 0 
-0.0952866 -0.725584 0 0 0 0 
-0.1325 -0.741089 0 0 0 0 
-0.0948337 -0.755459 0 0 0 0 
1 2 6
2 7 6
2 3 7
3 8 7
3 4 8
4 9 8
4 5 9
6 7 10
7 11 10
7 8 11
8 12 11
8 9 12
10 11 13
11 14 13
11 12 14
13 14 15
ZONE N=15, E=16, F=FEPOINT, ET=TRIANGLE
-0.0948337 -0.755459 0 0 0 0 
-0.106312 -0.781542 0 0 0 0 
-0.117791 -0.807626 0 0 0 0 
-0.12927 -0.833709 0 0 0 0 
-0.140748 -0.859793 0 0 0 0 
-0.0779269 -0.784067 0 0 0 0 
-0.0894056 -0.810151 0 0 0 0 
-0.100884 -0.836234 0 0 0 0 
-0.112363 -0.862318 0 0 0 0 
-0.0610201 -0.812675 0 0 0 0 
-0.0724988 -0.838759 0 0 0 0 
-0.0839774 -0.864842 0 0 0 0 
-0.0441133 -0.841284 0 0 0 0 
-0.055592 -0.867367 0 0 0 0 
-0.0272066 -0.869892 0 0 0 0 
1 2 6
2 7 6
2 3 7
3 8 7
3 4 8
4 9 8
4 5 9
6 7 10
7 11 10
7 8 11
8 12 11
8 9 12
10 11 13
11 14 13
11 12 14
13 14 15
ZONE N=15, E=16, F=FEPOINT, ET=TRIANGLE
-0.0966451 -0.635959 0 0 0 0 
-0.126222 -0.617383 0 0 0 0 
-0.155798 -0.598807 0 0 0 0 
-0.185375 -0.580232 0 0 0 0 
-0.214951 -0.561656 0 0 0 0 
-0.133859 -0.651464 0 0 0 0 
-0.163435 -0.632888 0 0 0 0 
-0.193012 -0.614312 0 0 0 0 
-0.222588 -0.595737 0 0 0 0 
-0.171073 -0.666969 0 0 0 0 
-0.200649 -0.648393 0 0 0 0 
-0.230226 -0.629817 0 0 0 0 
-0.208286 -0.682474 0 0 0 0 
-0.237863 -0.663898 0 0 0 0 
-0.2455 -0.697979 0 0 0 0 
1 2 6
2 7 6
2 3 7
3 8 7
3 4 8
4 9 8
4 5 9
6 7 10
7 11 10
7 8 11
8 12 11
8 9 12
10 11 13
11 14 13
11 12 14
13 14 15
ZONE N=15, E=16, F=FEPOINT, ET=TRIANGLE
-0.365386 -0.609463 0 0 0 0 
-0.335414 -0.631592 0 0 0 0 
-0.305443 -0.653721 0 0 0 0 
-0.275472 -0.67585 0 0 0 0 
-0.2455 -0.697979 0 0 0 0 
-0.327777 -0.597511 0 0 0 0 
-0.297806 -0.61964 0 0 0 0 
-0.267834 -0.641769 0 0 0 0 
-0.237863 -0.663898 0 0 0 0 
-0.290168 -0.585559 0 0 0 0 
-0.260197 -0.607688 0 0 0 0 
-0.230226 -0.629817 0 0 0 0 
-0.25256 -0.573608 0 0 0 0 
-0.222588 -0.595737 0 0 0 0 
-0.214951 -0.561656 0 0 0 0 
1 2 6
2 7 6
2 3 7
3 8 7
3 4 8
4 9 8
4 5 9
6 7 10
7 11 10
7 8 11
8 12 11
8 9 12
10 11 13
11 14 13
11 12 14
13 14 15
ZONE N=15, E=16, F=FEPOINT, ET=TRIANGLE
0.19509 -0.980785 0 0 0 0 
0.166947 -0.964301 0 0 0 0 
0.138804 -0.947816 0 0 0 0 
0.110661 -0.931331 0 0 0 0 
0.0825181 -0.914846 0 0 0 0 
0.146318 -0.985589 0 0 0 0 
0.118175 -0.969104 0 0 0 0 
0.0900316 -0.952619 0 0 0 0 
0.0618885 -0.936135 0 0 0 0 
0.0975452 -0.990393 0 0 0 0 
0.0694021 -0.973908 0 0 0 0 
0.041259 -0.957423 0 0 0 0 
0.0487726 -0.995196 0 0 0 0 
0.0206295 -0.978712 0 0 0 0 
-1.83697e-16 -1 0 0 0 0 
1 2 6
2 7 6
2 3 7
3 8 7
3 4 8
4 9 8
4 5 9
6 7 10
7 11 10
7 8 11
8 12 11
8 9 12
10 11 13
11 14 13
11 12 14
13 14 15
ZONE N=15, E=16, F=FEPOINT, ET=TRIANGLE
-1.83697e-16 -1 0 0 0 0 
0.0206295 -0.978712 0 0 0 0 
0.041259 -0.957423 0 0 0 0 
0.0618885 -0.936135 0 0 0 0 
0.0825181 -0.914846 0 0 0 0 
-0.00680164 -0.967473 0 0 0 0 
0.0138279 -0.946185 0 0 0 0 
0.0344574 -0.924896 0 0 0 0 
0.0550869 -0.903608 0 0 0 0 
-0.0136033 -0.934946 0 0 0 0 
0.00702623 -0.913657 0 0 0 0 
0.0276557 -0.892369 0 0 0 0 
-0.0204049 -0.902419 0 0 0 0 
0.000224594 -0.88113 0 0 0 0 
-0.0272066 -0.869892 0 0 0 0 
1 2 6
2 7 6
2 3 7
3 8 7
3 4 8
4 9 8
4 5 9
6 7 10
7 11 10
7 8 11
8 12 11
8 9 12
10 11 13
11 14 13
11 12 14
13 14 15
ZONE N=15, E=16, F=FEPOINT, ET=TRIANGLE
-0.19509 -0.980785 0 0 0 0 
-0.170822 -0.984385 0 0 0 0 
-0.146554 -0.987985 0 0 0 0 
-0.122285 -0.991585 0 0 0 0 
-0.0980171 -0.995185 0 0 0 0 
-0.181505 -0.950537 0 0 0 0 
-0.157237 -0.954137 0 0 0 0 
-0.132968 -0.957737 0 0 0 0 
-0.1087 -0.961337 0 0 0 0 
-0.167919 -0.920289 0 0 0 0 
-0.143651 -0.923889 0 0 0 0 
-0.119383 -0.927489 0 0 0 0 
-0.154334 -0.890041 0 0 0 0 
-0.130065 -0.893641 0 0 0 0 
-0.140748 -0.859793 0 0 0 0 
1 2 6
2 7 6
2 3 7
3 8 7
3 4 8
4 9 8
4 5 9
6 7 10
7 11 10
7 8 11
8 12 11
8 9 12
10 11 13
11 14 13
11 12 14
13 14 15
ZONE N=15, E=16, F=FEPOINT, ET=TRIANGLE
-0.270361 -0.859198 0 0 0 0 
-0.237958 -0.859347 0 0 0 0 
-0.205555 -0.859496 0 0 0 0 
-0.173152 -0.859644 0 0 0 0 
-0.140748 -0.859793 0 0 0 0 
-0.254076 -0.841078 0 0 0 0 
-0.221673 -0.841227 0 0 0 0 
-0.18927 -0.841375 0 0 0 0 
-0.156866 -0.841524 0 0 0 0 
-0.237791 -0.822958 0 0 0 0 
-0.205388 -0.823106 0 0 0 0 
-0.172985 -0.823255 0 0 0 0 
-0.221506 -0.804837 0 0 0 0 
-0.189103 -0.804986 0 0 0 0 
-0.205221 -0.786717 0 0 0 0 
1 2 6
2 7 6
2 3 7
3 8 7
3 4 8
4 9 8
4 5 9
6 7 10
7 11 10
7 8 11
8 12 11
8 9 12
10 11 13
11 14 13
11 12 14
13 14 15
ZONE N=15, E=16, F=FEPOINT, ET=TRIANGLE
-0.613105 -0.658112 0 0 0 0 
-0.586855 -0.66175 0 0 0 0 
-0.560604 -0.665388 0 0 0 0 
-0.534354 -0.669026 0 0 0 0 
-0.508104 -0.672665 0 0 0 0 
-0.608627 -0.631992 0 0 0 0 
-0.582377 -0.63563 0 0 0 0 
-0.556127 -0.639268 0 0 0 0 
-0.529877 -0.642906 0 0 0 0 
-0.60415 -0.605872 0 0 0 0 
-0.5779 -0.60951 0 0 0 0 
-0.55165 -0.613148 0 0 0 0 
-0.599672 -0.579752 0 0 0 0 
-0.573422 -0.58339 0 0 0 0 
-0.595195 -0.553632 0 0 0 0 
1 2 6
2 7 6
2 3 7
3 8 7
3 4 8
4 9 8
4 5 9
6 7 10
7 11 10
7 8 11
8 12 11
8 9 12
10 11 13
11 14 13
11 12 14
13 14 15
ZONE N=15, E=16, F=FEPOINT, ET=TRIANGLE
0.19509 -0.980785 0 0 0 0 
0.189163 -0.950284 0 0 0 0 
0.183236 -0.919784 0 0 0 0 
0.177309 -0.889283 0 0 0 0 
0.171382 -0.858782 0 0 0 0 
0.166947 -0.964301 0 0 0 0 
0.16102 -0.9338 0 0 0 0 
0.155093 -0.903299 0 0 0 0 
0.149166 -0.872798 0 0 0 0 
0.138804 -0.947816 0 0 0 0 
0.132877 -0.917315 0 0 0 0 
0.12695 -0.886814 0 0 0 0 
0.110661 -0.931331 0 0 0 0 
0.104734 -0.90083 0 0 0 0 
0.0825181 -0.914846 0 0 0 0 
1 2 6
2 7 6
2 3 7
3 8 7
3 4 8
4 9 8
4 5 9
6 7 10
7 11 10
7 8 11
8 12 11
8 9 12
10 11 13
11 14 13
11 12 14
13 14 15
ZONE N=15, E=16, F=FEPOINT, ET=TRIANGLE
-0.0272066 -0.869892 0 0 0 0 
-0.055592 -0.867367 0 0 0 0 
-0.0839774 -0.864842 0 0 0 0 
-0.112363 -0.862318 0 0 0 0 
-0.140748 -0.859793 0 0 0 0 
-0.0449092 -0.901215 0 0 0 0 
-0.0732946 -0.89869 0 0 0 0 
-0.10168 -0.896166 0 0 0 0 
-0.130065 -0.893641 0 0 0 0 
-0.0626118 -0.932538 0 0 0 0 
-0.0909973 -0.930014 0 0 0 0 
-0.119383 -0.927489 0 0 0 0 
-0.0803145 -0.963862 0 0 0 0 
-0.1087 -0.961337 0 0 0 0 
-0.0980171 -0.995185 0 0 0 0 
1 2 6
2 7 6
2 3 7
3 8 7
3 4 8
4 9 8
4 5 9
6 7 10
7 11 10
7 8 11
8 12 11
8 9 12
10 11 13
11 14 13
11 12 14
13 14 15
ZONE N=15, E=16, F=FEPOINT, ET=TRIANGLE
0.0825181 -0.914846 0 0 0 0 
0.0679905 -0.872985 0 0 0 0 
0.0534629 -0.831123 0 0 0 0 
0.0389353 -0.789261 0 0 0 0 
0.0244078 -0.7474 0 0 0 0 
0.0550869 -0.903608 0 0 0 0 
0.0405593 -0.861746 0 0 0 0 
0.0260317 -0.819884 0 0 0 0 
0.0115042 -0.778023 0 0 0 0 
0.0276557 -0.892369 0 0 0 0 
0.0131282 -0.850507 0 0 0 0 
-0.0013994 -0.808646 0 0 0 0 
0.000224594 -0.88113 0 0 0 0 
-0.014303 -0.839269 0 0 0 0 
-0.0272066 -0.869892 0 0 0 0 
1 2 6
2 7 6
2 3 7
3 8 7
3 4 8
4 9 8
4 5 9
6 7 10
7 11 10
7 8 11
8 12 11
8 9 12
10 11 13
11 14 13
11 12 14
13 14 15
ZONE N=15, E=16, F=FEPOINT, ET=TRIANGLE
0.19509 -0.980785 0 0 0 0 
0.218889 -0.974824 0 0 0 0 
0.242687 -0.968863 0 0 0 0 
0.266486 -0.962902 0 0 0 0 
0.290285 -0.95694 0 0 0 0 
0.189163 -0.950284 0 0 0 0 
0.212962 -0.944323 0 0 0 0 
0.23676 -0.938362 0 0 0 0 
0.260559 -0.932401 0 0 0 0 
0.183236 -0.919784 0 0 0 0 
0.207035 -0.913822 0 0 0 0 
0.230833 -0.907861 0 0 0 0 
0.177309 -0.889283 0 0 0 0 
0.201107 -0.883322 0 0 0 0 
0.171382 -0.858782 0 0 0 0 
1 2 6
2 7 6
2 3 7
3 8 7
3 4 8
4 9 8
4 5 9
6 7 10
7 11 10
7 8 11
8 12 11
8 9 12
10 11 13
11 14 13
11 12 14
13 14 15
ZONE N=15, E=16, F=FEPOINT, ET=TRIANGLE
0.123307 -0.769559 0 0 0 0 
0.153478 -0.772879 0 0 0 0 
0.18365 -0.776198 0 0 0 0 
0.213821 -0.779518 0 0 0 0 
0.243993 -0.782838 0 0 0 0 
0.136417 -0.747876 0 0 0 0 
0.166588 -0.751196 0 0 0 0 
0.19676 -0.754516 0 0 0 0 
0.226931 -0.757836 0 0 0 0 
0.149527 -0.726194 0 0 0 0 
0.179698 -0.729514 0 0 0 0 
0.20987 -0.732833 0 0 0 0 
0.162637 -0.704512 0 0 0 0 
0.192808 -0.707831 0 0 0 0 
0.175747 -0.682829 0 0 0 0 
1 2 6
2 7 6
2 3 7
3 8 7
3 4 8
4 9 8
4 5 9
6 7 10
7 11 10
7 8 11
8 12 11
8 9 12
10 11 13
11 14 13
11 12 14
13 14 15
ZONE N=15, E=16, F=FEPOINT, ET=TRIANGLE
-0.140748 -0.859793 0 0 0 0 
-0.12927 -0.833709 0 0 0 0 
-0.117791 -0.807626 0 0 0 0 
-0.106312 -0.781542 0 0 0 0 
-0.0948337 -0.755459 0 0 0 0 
-0.156866 -0.841524 0 0 0 0 
-0.145388 -0.81544 0 0 0 0 
-0.133909 -0.789357 0 0 0 0 
-0.122431 -0.763273 0 0 0 0 
-0.172985 -0.823255 0 0 0 0 
-0.161506 -0.797171 0 0 0 0 
-0.150027 -0.771088 0 0 0 0 
-0.189103 -0.804986 0 0 0 0 
-0.177624 -0.778902 0 0 0 0 
-0.205221 -0.786717 0 0 0 0 
1 2 6
2 7 6
2 3 7
3 8 7
3 4 8
4 9 8
4 5 9
6 7 10
7 11 10
7 8 11
8 12 11
8 9 12
10 11 13
11 14 13
11 12 14
13 14 15
ZONE N=15, E=16, F=FEPOINT, ET=TRIANGLE
-0.455134 -0.599539 0 0 0 0 
-0.468377 -0.61782 0 0 0 0 
-0.481619 -0.636102 0 0 0 0 
-0.494862 -0.654383 0 0 0 0 
-0.508104 -0.672665 0 0 0 0 
-0.445994 -0.620179 0 0 0 0 
-0.459236 -0.638461 0 0 0 0 
-0.472479 -0.656742 0 0 0 0 
-0.485721 -0.675024 0 0 0 0 
-0.436853 -0.64082 0 0 0 0 
-0.450096 -0.659101 0 0 0 0 
-0.463338 -0.677383 0 0 0 0 
-0.427713 -0.66146 0 0 0 0 
-0.440955 -0.679742 0 0 0 0 
-0.418572 -0.682101 0 0 0 0 
1 2 6
2 7 6
2 3 7
3 8 7
3 4 8
4 9 8
4 5 9
6 7 10
7 11 10
7 8 11
8 12 11
8 9 12
10 11 13
11 14 13
11 12 14
13 14 15
ZONE N=15, E=16, F=FEPOINT, ET=TRIANGLE
-0.396821 -0.769462 0 0 0 0 
-0.415465 -0.797577 0 0 0 0 
-0.434109 -0.825691 0 0 0 0 
-0.452753 -0.853806 0 0 0 0 
-0.471397 -0.881921 0 0 0 0 
-0.393287 -0.808066 0 0 0 0 
-0.411931 -0.836181 0 0 0 0 
-0.430575 -0.864296 0 0 0 0 
-0.449218 -0.892411 0 0 0 0 
-0.389752 -0.846671 0 0 0 0 
-0.408396 -0.874785 0 0 0 0 
-0.42704 -0.9029 0 0 0 0 
-0.386218 -0.885275 0 0 0 0 
-0.404862 -0.91339 0 0 0 0 
-0.382683 -0.92388 0 0 0 0 
1 2 6
2 7 6
2 3 7
3 8 7
3 4 8
4 9 8
4 5 9
6 7 10
7 11 10
7 8 11
8 12 11
8 9 12
10 11 13
11 14 13
11 12 14
13 14 15
ZONE N=15, E=16, F=FEPOINT, ET=TRIANGLE
-0.303268 -0.771597 0 0 0 0 
-0.278756 -0.775377 0 0 0 0 
-0.254244 -0.779157 0 0 0 0 
-0.229733 -0.782937 0 0 0 0 
-0.205221 -0.786717 0 0 0 0 
-0.288826 -0.753193 0 0 0 0 
-0.264314 -0.756973 0 0 0 0 
-0.239802 -0.760753 0 0 0 0 
-0.215291 -0.764532 0 0 0 0 
-0.274384 -0.734788 0 0 0 0 
-0.249872 -0.738568 0 0 0 0 
-0.225361 -0.742348 0 0 0 0 
-0.259942 -0.716384 0 0 0 0 
-0.23543 -0.720164 0 0 0 0 
-0.2455 -0.697979 0 0 0 0 
1 2 6
2 7 6
2 3 7
3 8 7
3 4 8
4 9 8
4 5 9
6 7 10
7 11 10
7 8 11
8 12 11
8 9 12
10 11 13
11 14 13
11 12 14
13 14 15
ZONE N=15, E=16, F=FEPOINT, ET=TRIANGLE
0.606679 0.173131 0 0 0 0 
0.642509 0.146325 0 0 0 0 
0.67834 0.11952 0 0 0 0 
0.71417 0.0927149 0 0 0 0 
0.75 0.0659095 0 0 0 0 
0.627454 0.187624 0 0 0 0 
0.663285 0.160818 0 0 0 0 
0.699115 0.134013 0 0 0 0 
0.734945 0.107208 0 0 0 0 
0.648229 0.202116 0 0 0 0 
0.68406 0.175311 0 0 0 0 
0.71989 0.148506 0 0 0 0 
0.669005 0.216609 0 0 0 0 
0.704835 0.189804 0 0 0 0 
0.68978 0.231102 0 0 0 0 
1 2 6
2 7 6
2 3 7
3 8 7
3 4 8
4 9 8
4 5 9
6 7 10
7 11 10
7 8 11
8 12 11
8 9 12
10 11 13
11 14 13
11 12 14
13 14 15
ZONE N=15, E=16, F=FEPOINT, ET=TRIANGLE
0.615362 -0.164323 0 0 0 0 
0.608217 -0.187531 0 0 0 0 
0.601072 -0.210738 0 0 0 0 
0.593927 -0.233946 0 0 0 0 
0.586783 -0.257154 0 0 0 0 
0.631906 -0.179865 0 0 0 0 
0.624761 -0.203073 0 0 0 0 
0.617616 -0.226281 0 0 0 0 
0.610472 -0.249489 0 0 0 0 
0.64845 -0.195408 0 0 0 0 
0.641305 -0.218616 0 0 0 0 
0.63416 -0.241823 0 0 0 0 
0.664994 -0.21095 0 0 0 0 
0.657849 -0.234158 0 0 0 0 
0.681538 -0.226493 0 0 0 0 
1 2 6
2 7 6
2 3 7
3 8 7
3 4 8
4 9 8
4 5 9
6 7 10
7 11 10
7 8 11
8 12 11
8 9 12
10 11 13
11 14 13
11 12 14
13 14 15
ZONE N=15, E=16, F=FEPOINT, ET=TRIANGLE
0.717389 -0.029706 0 0 0 0 
0.725541 -0.00580209 0 0 0 0 
0.733694 0.0181018 0 0 0 0 
0.741847 0.0420057 0 0 0 0 
0.75 0.0659095 0 0 0 0 
0.69171 -0.00424853 0 0 0 0 
0.699863 0.0196553 0 0 0 0 
0.708016 0.0435592 0 0 0 0 
0.716168 0.0674631 0 0 0 0 
0.666031 0.0212089 0 0 0 0 
0.674184 0.0451128 0 0 0 0 
0.682337 0.0690166 0 0 0 0 
0.640352 0.0466663 0 0 0 0 
0.648505 0.0705702 0 0 0 0 
0.614674 0.0721238 0 0 0 0 
1 2 6
2 7 6
2 3 7
3 8 7
3 4 8
4 9 8
4 5 9
6 7 10
7 11 10
7 8 11
8 12 11
8 9 12
10 11 13
11 14 13
11 12 14
13 14 15
ZONE N=15, E=16, F=FEPOINT, ET=TRIANGLE
0.75 0.0659095 0 0 0 0 
0.790771 0.069974 0 0 0 0 
0.831541 0.0740384 0 0 0 0 
0.872312 0.0781029 0 0 0 0 
0.913083 0.0821673 0 0 0 0 
0.768125 0.096488 0 0 0 0 
0.808896 0.100552 0 0 0 0 
0.849666 0.104617 0 0 0 0 
0.890437 0.108681 0 0 0 0 
0.78625 0.127067 0 0 0 0 
0.827021 0.131131 0 0 0 0 
0.867791 0.135195 0 0 0 0 
0.804375 0.157645 0 0 0 0 
0.845146 0.161709 0 0 0 0 
0.8225 0.188224 0 0 0 0 
1 2 6
2 7 6
2 3 7
3 8 7
3 4 8
4 9 8
4 5 9
6 7 10
7 11 10
7 8 11
8 12 11
8 9 12
10 11 13
11 14 13
11 12 14
13 14 15
ZONE N=15, E=16, F=FEPOINT, ET=TRIANGLE
0.691218 0.414298 0 0 0 0 
0.64909 0.418714 0 0 0 0 
0.606962 0.423129 0 0 0 0 
0.564835 0.427545 0 0 0 0 
0.522707 0.431961 0 0 0 0 
0.678815 0.391494 0 0 0 0 
0.636687 0.39591 0 0 0 0 
0.59456 0.400326 0 0 0 0 
0.552432 0.404742 0 0 0 0 
0.666412 0.368691 0 0 0 0 
0.624284 0.373107 0 0 0 0 
0.582157 0.377522 0 0 0 0 
0.654009 0.345887 0 0 0 0 
0.611882 0.350303 0 0 0 0 
0.641607 0.323084 0 0 0 0 
1 2 6
2 7 6
2 3 7
3 8 7
3 4 8
4 9 8
4 5 9
6 7 10
7 11 10
7 8 11
8 12 11
8 9 12
10 11 13
11 14 13
11 12 14
13 14 15
ZONE N=15, E=16, F=FEPOINT, ET=TRIANGLE
0.4375 -0.0743868 0 0 0 0 
0.453125 -0.0557901 0 0 0 0 
0.46875 -0.0371934 0 0 0 0 
0.484375 -0.0185967 0 0 0 0 
0.5 0 0 0 0 0 
0.421875 -0.0557901 0 0 0 0 
0.4375 -0.0371934 0 0 0 0 
0.453125 -0.0185967 0 0 0 0 
0.46875 0 0 0 0 0 
0.40625 -0.0371934 0 0 0 0 
0.421875 -0.0185967 0 0 0 0 
0.4375 0 0 0 0 0 
0.390625 -0.0185967 0 0 0 0 
0.40625 0 0 0 0 0 
0.375 0 0 0 0 0 
1 2 6
2 7 6
2 3 7
3 8 7
3 4 8
4 9 8
4 5 9
6 7 10
7 11 10
7 8 11
8 12 11
8 9 12
10 11 13
11 14 13
11 12 14
13 14 15
ZONE N=15, E=16, F=FEPOINT, ET=TRIANGLE
0.526158 -0.181266 0 0 0 0 
0.548459 -0.17703 0 0 0 0 
0.57076 -0.172794 0 0 0 0 
0.593061 -0.168558 0 0 0 0 
0.615362 -0.164323 0 0 0 0 
0.528055 -0.157862 0 0 0 0 
0.550356 -0.153626 0 0 0 0 
0.572657 -0.14939 0 0 0 0 
0.594958 -0.145155 0 0 0 0 
0.529953 -0.134458 0 0 0 0 
0.552254 -0.130222 0 0 0 0 
0.574555 -0.125986 0 0 0 0 
0.531851 -0.111054 0 0 0 0 
0.554152 -0.106818 0 0 0 0 
0.533748 -0.0876502 0 0 0 0 
1 2 6
2 7 6
2 3 7
3 8 7
3 4 8
4 9 8
4 5 9
6 7 10
7 11 10
7 8 11
8 12 11
8 9 12
10 11 13
11 14 13
11 12 14
13 14 15
ZONE N=15, E=16, F=FEPOINT, ET=TRIANGLE
0.4375 -0.0743868 0 0 0 0 
0.421875 -0.0557901 0 0 0 0 
0.40625 -0.0371934 0 0 0 0 
0.390625 -0.0185967 0 0 0 0 
0.375 0 0 0 0 0 
0.416127 -0.0881196 0 0 0 0 
0.400502 -0.0695229 0 0 0 0 
0.384877 -0.0509262 0 0 0 0 
0.369252 -0.0323295 0 0 0 0 
0.394754 -0.101852 0 0 0 0 
0.379129 -0.0832558 0 0 0 0 
0.363504 -0.0646591 0 0 0 0 
0.373381 -0.115585 0 0 0 0 
0.357756 -0.0969886 0 0 0 0 
0.352007 -0.129318 0 0 0 0 
1 2 6
2 7 6
2 3 7
3 8 7
3 4 8
4 9 8
4 5 9
6 7 10
7 11 10
7 8 11
8 12 11
8 9 12
10 11 13
11 14 13
11 12 14
13 14 15
ZONE N=15, E=16, F=FEPOINT, ET=TRIANGLE
0.352007 -0.129318 0 0 0 0 
0.395545 -0.142305 0 0 0 0 
0.439083 -0.155292 0 0 0 0 
0.48262 -0.168279 0 0 0 0 
0.526158 -0.181266 0 0 0 0 
0.373381 -0.115585 0 0 0 0 
0.416918 -0.128572 0 0 0 0 
0.460456 -0.141559 0 0 0 0 
0.503993 -0.154546 0 0 0 0 
0.394754 -0.101852 0 0 0 0 
0.438291 -0.114839 0 0 0 0 
0.481829 -0.127826 0 0 0 0 
0.416127 -0.0881196 0 0 0 0 
0.459664 -0.101107 0 0 0 0 
0.4375 -0.0743868 0 0 0 0 
1 2 6
2 7 6
2 3 7
3 8 7
3 4 8
4 9 8
4 5 9
6 7 10
7 11 10
7 8 11
8 12 11
8 9 12
10 11 13
11 14 13
11 12 14
13 14 15
ZONE N=15, E=16, F=FEPOINT, ET=TRIANGLE
0.95694 -0.290285 0 0 0 0 
0.930103 -0.297258 0 0 0 0 
0.903267 -0.304232 0 0 0 0 
0.87643 -0.311205 0 0 0 0 
0.849593 -0.318179 0 0 0 0 
0.948675 -0.313384 0 0 0 0 
0.921838 -0.320358 0 0 0 0 
0.895001 -0.327331 0 0 0 0 
0.868165 -0.334305 0 0 0 0 
0.94041 -0.336484 0 0 0 0 
0.913573 -0.343458 0 0 0 0 
0.886736 -0.350431 0 0 0 0 
0.932145 -0.359584 0 0 0 0 
0.905308 -0.366557 0 0 0 0 
0.92388 -0.382683 0 0 0 0 
1 2 6
2 7 6
2 3 7
3 8 7
3 4 8
4 9 8
4 5 9
6 7 10
7 11 10
7 8 11
8 12 11
8 9 12
10 11 13
11 14 13
11 12 14
13 14 15
ZONE N=15, E=16, F=FEPOINT, ET=TRIANGLE
1 -2.44929e-16 0 0 0 0 
0.978271 0.0205418 0 0 0 0 
0.956541 0.0410836 0 0 0 0 
0.934812 0.0616255 0 0 0 0 
0.913083 0.0821673 0 0 0 0 
0.964937 -0.0062229 0 0 0 0 
0.943208 0.0143189 0 0 0 0 
0.921479 0.0348607 0 0 0 0 
0.89975 0.0554026 0 0 0 0 
0.929875 -0.0124458 0 0 0 0 
0.908145 0.00809602 0 0 0 0 
0.886416 0.0286378 0 0 0 0 
0.894812 -0.0186687 0 0 0 0 
0.873083 0.00187312 0 0 0 0 
0.859749 -0.0248916 0 0 0 0 
1 2 6
2 7 6
2 3 7
3 8 7
3 4 8
4 9 8
4 5 9
6 7 10
7 11 10
7 8 11
8 12 11
8 9 12
10 11 13
11 14 13
11 12 14
13 14 15
ZONE N=15, E=16, F=FEPOINT, ET=TRIANGLE
0.614674 0.0721238 0 0 0 0 
0.648505 0.0705702 0 0 0 0 
0.682337 0.0690166 0 0 0 0 
0.716168 0.0674631 0 0 0 0 
0.75 0.0659095 0 0 0 0 
0.612675 0.0973755 0 0 0 0 
0.646507 0.095822 0 0 0 0 
0.680338 0.0942684 0 0 0 0 
0.71417 0.0927149 0 0 0 0 
0.610676 0.122627 0 0 0 0 
0.644508 0.121074 0 0 0 0 
0.67834 0.11952 0 0 0 0 
0.608678 0.147879 0 0 0 0 
0.642509 0.146325 0 0 0 0 
0.606679 0.173131 0 0 0 0 
1 2 6
2 7 6
2 3 7
3 8 7
3 4 8
4 9 8
4 5 9
6 7 10
7 11 10
7 8 11
8 12 11
8 9 12
10 11 13
11 14 13
11 12 14
13 14 15
ZONE N=15, E=16, F=FEPOINT, ET=TRIANGLE
0.641607 0.323084 0 0 0 0 
0.632875 0.285595 0 0 0 0 
0.624143 0.248107 0 0 0 0 
0.615411 0.210619 0 0 0 0 
0.606679 0.173131 0 0 0 0 
0.65365 0.300088 0 0 0 0 
0.644918 0.2626 0 0 0 0 
0.636186 0.225112 0 0 0 0 
0.627454 0.187624 0 0 0 0 
0.665693 0.277093 0 0 0 0 
0.656961 0.239604 0 0 0 0 
0.648229 0.202116 0 0 0 0 
0.677736 0.254097 0 0 0 0 
0.669005 0.216609 0 0 0 0 
0.68978 0.231102 0 0 0 0 
1 2 6
2 7 6
2 3 7
3 8 7
3 4 8
4 9 8
4 5 9
6 7 10
7 11 10
7 8 11
8 12 11
8 9 12
10 11 13
11 14 13
11 12 14
13 14 15
ZONE N=15, E=16, F=FEPOINT, ET=TRIANGLE
0.526158 -0.181266 0 0 0 0 
0.541314 -0.200238 0 0 0 0 
0.55647 -0.21921 0 0 0 0 
0.571626 -0.238182 0 0 0 0 
0.586783 -0.257154 0 0 0 0 
0.548459 -0.17703 0 0 0 0 
0.563615 -0.196002 0 0 0 0 
0.578771 -0.214974 0 0 0 0 
0.593927 -0.233946 0 0 0 0 
0.57076 -0.172794 0 0 0 0 
0.585916 -0.191766 0 0 0 0 
0.601072 -0.210738 0 0 0 0 
0.593061 -0.168558 0 0 0 0 
0.608217 -0.187531 0 0 0 0 
0.615362 -0.164323 0 0 0 0 
1 2 6
2 7 6
2 3 7
3 8 7
3 4 8
4 9 8
4 5 9
6 7 10
7 11 10
7 8 11
8 12 11
8 9 12
10 11 13
11 14 13
11 12 14
13 14 15
ZONE N=15, E=16, F=FEPOINT, ET=TRIANGLE
0.681538 -0.226493 0 0 0 0 
0.688529 -0.202475 0 0 0 0 
0.69552 -0.178457 0 0 0 0 
0.702511 -0.154439 0 0 0 0 
0.709502 -0.130422 0 0 0 0 
0.664994 -0.21095 0 0 0 0 
0.671985 -0.186932 0 0 0 0 
0.678976 -0.162915 0 0 0 0 
0.685967 -0.138897 0 0 0 0 
0.64845 -0.195408 0 0 0 0 
0.655441 -0.17139 0 0 0 0 
0.662432 -0.147372 0 0 0 0 
0.631906 -0.179865 0 0 0 0 
0.638897 -0.155847 0 0 0 0 
0.615362 -0.164323 0 0 0 0 
1 2 6
2 7 6
2 3 7
3 8 7
3 4 8
4 9 8
4 5 9
6 7 10
7 11 10
7 8 11
8 12 11
8 9 12
10 11 13
11 14 13
11 12 14
13 14 15
ZONE N=15, E=16, F=FEPOINT, ET=TRIANGLE
0.526158 -0.181266 0 0 0 0 
0.509998 -0.199773 0 0 0 0 
0.493839 -0.21828 0 0 0 0 
0.477679 -0.236788 0 0 0 0 
0.46152 -0.255295 0 0 0 0 
0.541314 -0.200238 0 0 0 0 
0.525154 -0.218745 0 0 0 0 
0.508995 -0.237253 0 0 0 0 
0.492836 -0.25576 0 0 0 0 
0.55647 -0.21921 0 0 0 0 
0.540311 -0.237717 0 0 0 0 
0.524151 -0.256225 0 0 0 0 
0.571626 -0.238182 0 0 0 0 
0.555467 -0.256689 0 0 0 0 
0.586783 -0.257154 0 0 0 0 
1 2 6
2 7 6
2 3 7
3 8 7
3 4 8
4 9 8
4 5 9
6 7 10
7 11 10
7 8 11
8 12 11
8 9 12
10 11 13
11 14 13
11 12 14
13 14 15
ZONE N=15, E=16, F=FEPOINT, ET=TRIANGLE
0.672224 -0.321796 0 0 0 0 
0.650864 -0.305635 0 0 0 0 
0.629503 -0.289475 0 0 0 0 
0.608143 -0.273314 0 0 0 0 
0.586783 -0.257154 0 0 0 0 
0.649695 -0.32989 0 0 0 0 
0.628334 -0.313729 0 0 0 0 
0.606974 -0.297569 0 0 0 0 
0.585614 -0.281408 0 0 0 0 
0.627166 -0.337984 0 0 0 0 
0.605805 -0.321823 0 0 0 0 
0.584445 -0.305663 0 0 0 0 
0.604636 -0.346078 0 0 0 0 
0.583276 -0.329918 0 0 0 0 
0.582107 -0.354172 0 0 0 0 
1 2 6
2 7 6
2 3 7
3 8 7
3 4 8
4 9 8
4 5 9
6 7 10
7 11 10
7 8 11
8 12 11
8 9 12
10 11 13
11 14 13
11 12 14
13 14 15
ZONE N=15, E=16, F=FEPOINT, ET=TRIANGLE
0.882139 -0.12574 0 0 0 0 
0.9068 -0.143078 0 0 0 0 
0.931462 -0.160415 0 0 0 0 
0.956124 -0.177753 0 0 0 0 
0.980785 -0.19509 0 0 0 0 
0.9104 -0.118809 0 0 0 0 
0.935062 -0.136147 0 0 0 0 
0.959724 -0.153485 0 0 0 0 
0.984385 -0.170822 0 0 0 0 
0.938662 -0.111879 0 0 0 0 
0.963323 -0.129216 0 0 0 0 
0.987985 -0.146554 0 0 0 0 
0.966923 -0.104948 0 0 0 0 
0.991585 -0.122285 0 0 0 0 
0.995185 -0.0980171 0 0 0 0 
1 2 6
2 7 6
2 3 7
3 8 7
3 4 8
4 9 8
4 5 9
6 7 10
7 11 10
7 8 11
8 12 11
8 9 12
10 11 13
11 14 13
11 12 14
13 14 15
ZONE N=15, E=16, F=FEPOINT, ET=TRIANGLE
0.75 0.0659095 0 0 0 0 
0.741847 0.0420057 0 0 0 0 
0.733694 0.0181018 0 0 0 0 
0.725541 -0.00580209 0 0 0 0 
0.717389 -0.029706 0 0 0 0 
0.777437 0.0432093 0 0 0 0 
0.769285 0.0193054 0 0 0 0 
0.761132 -0.0045985 0 0 0 0 
0.752979 -0.0285024 0 0 0 0 
0.804875 0.020509 0 0 0 0 
0.796722 -0.00339491 0 0 0 0 
0.788569 -0.0272988 0 0 0 0 
0.832312 -0.00219132 0 0 0 0 
0.824159 -0.0260952 0 0 0 0 
0.859749 -0.0248916 0 0 0 0 
1 2 6
2 7 6
2 3 7
3 8 7
3 4 8
4 9 8
4 5 9
6 7 10
7 11 10
7 8 11
8 12 11
8 9 12
10 11 13
11 14 13
11 12 14
13 14 15
ZONE N=15, E=16, F=FEPOINT, ET=TRIANGLE
0.717389 -0.029706 0 0 0 0 
0.694719 -0.0408384 0 0 0 0 
0.672048 -0.0519708 0 0 0 0 
0.649378 -0.0631032 0 0 0 0 
0.626708 -0.0742356 0 0 0 0 
0.715417 -0.0548849 0 0 0 0 
0.692747 -0.0660173 0 0 0 0 
0.670077 -0.0771497 0 0 0 0 
0.647407 -0.0882821 0 0 0 0 
0.713445 -0.0800637 0 0 0 0 
0.690775 -0.0911961 0 0 0 0 
0.668105 -0.102329 0 0 0 0 
0.711474 -0.105243 0 0 0 0 
0.688803 -0.116375 0 0 0 0 
0.709502 -0.130422 0 0 0 0 
1 2 6
2 7 6
2 3 7
3 8 7
3 4 8
4 9 8
4 5 9
6 7 10
7 11 10
7 8 11
8 12 11
8 9 12
10 11 13
11 14 13
11 12 14
13 14 15
ZONE N=15, E=16, F=FEPOINT, ET=TRIANGLE
0.822556 -0.215434 0 0 0 0 
0.837452 -0.19301 0 0 0 0 
0.852347 -0.170587 0 0 0 0 
0.867243 -0.148164 0 0 0 0 
0.882139 -0.12574 0 0 0 0 
0.794292 -0.194181 0 0 0 0 
0.809188 -0.171757 0 0 0 0 
0.824084 -0.149334 0 0 0 0 
0.83898 -0.126911 0 0 0 0 
0.766029 -0.172928 0 0 0 0 
0.780925 -0.150504 0 0 0 0 
0.79582 -0.128081 0 0 0 0 
0.737765 -0.151675 0 0 0 0 
0.752661 -0.129251 0 0 0 0 
0.709502 -0.130422 0 0 0 0 
1 2 6
2 7 6
2 3 7
3 8 7
3 4 8
4 9 8
4 5 9
6 7 10
7 11 10
7 8 11
8 12 11
8 9 12
10 11 13
11 14 13
11 12 14
13 14 15
ZONE N=15, E=16, F=FEPOINT, ET=TRIANGLE
0.717389 -0.029706 0 0 0 0 
0.715417 -0.0548849 0 0 0 0 
0.713445 -0.0800637 0 0 0 0 
0.711474 -0.105243 0 0 0 0 
0.709502 -0.130422 0 0 0 0 
0.752979 -0.0285024 0 0 0 0 
0.751007 -0.0536813 0 0 0 0 
0.749035 -0.0788602 0 0 0 0 
0.747064 -0.104039 0 0 0 0 
0.788569 -0.0272988 0 0 0 0 
0.786597 -0.0524777 0 0 0 0 
0.784626 -0.0776566 0 0 0 0 
0.824159 -0.0260952 0 0 0 0 
0.822188 -0.0512741 0 0 0 0 
0.859749 -0.0248916 0 0 0 0 
1 2 6
2 7 6
2 3 7
3 8 7
3 4 8
4 9 8
4 5 9
6 7 10
7 11 10
7 8 11
8 12 11
8 9 12
10 11 13
11 14 13
11 12 14
13 14 15
ZONE N=15, E=16, F=FEPOINT, ET=TRIANGLE
0.681538 -0.226493 0 0 0 0 
0.716793 -0.223728 0 0 0 0 
0.752047 -0.220963 0 0 0 0 
0.787301 -0.218199 0 0 0 0 
0.822556 -0.215434 0 0 0 0 
0.688529 -0.202475 0 0 0 0 
0.723784 -0.19971 0 0 0 0 
0.759038 -0.196945 0 0 0 0 
0.794292 -0.194181 0 0 0 0 
0.69552 -0.178457 0 0 0 0 
0.730774 -0.175692 0 0 0 0 
0.766029 -0.172928 0 0 0 0 
0.702511 -0.154439 0 0 0 0 
0.737765 -0.151675 0 0 0 0 
0.709502 -0.130422 0 0 0 0 
1 2 6
2 7 6
2 3 7
3 8 7
3 4 8
4 9 8
4 5 9
6 7 10
7 11 10
7 8 11
8 12 11
8 9 12
10 11 13
11 14 13
11 12 14
13 14 15
ZONE N=15, E=16, F=FEPOINT, ET=TRIANGLE
0.859749 -0.0248916 0 0 0 0 
0.893608 -0.043173 0 0 0 0 
0.927467 -0.0614544 0 0 0 0 
0.961326 -0.0797358 0 0 0 0 
0.995185 -0.0980171 0 0 0 0 
0.894812 -0.0186687 0 0 0 0 
0.928671 -0.0369501 0 0 0 0 
0.96253 -0.0552315 0 0 0 0 
0.996389 -0.0735129 0 0 0 0 
0.929875 -0.0124458 0 0 0 0 
0.963734 -0.0307272 0 0 0 0 
0.997592 -0.0490086 0 0 0 0 
0.964937 -0.0062229 0 0 0 0 
0.998796 -0.0245043 0 0 0 0 
1 -2.44929e-16 0 0 0 0 
1 2 6
2 7 6
2 3 7
3 8 7
3 4 8
4 9 8
4 5 9
6 7 10
7 11 10
7 8 11
8 12 11
8 9 12
10 11 13
11 14 13
11 12 14
13 14 15
ZONE N=15, E=16, F=FEPOINT, ET=TRIANGLE
0.681538 -0.226493 0 0 0 0 
0.700246 -0.238893 0 0 0 0 
0.718954 -0.251293 0 0 0 0 
0.737662 -0.263692 0 0 0 0 
0.75637 -0.276092 0 0 0 0 
0.716793 -0.223728 0 0 0 0 
0.735501 -0.236128 0 0 0 0 
0.754209 -0.248528 0 0 0 0 
0.772917 -0.260928 0 0 0 0 
0.752047 -0.220963 0 0 0 0 
0.770755 -0.233363 0 0 0 0 
0.789463 -0.245763 0 0 0 0 
0.787301 -0.218199 0 0 0 0 
0.80601 -0.230598 0 0 0 0 
0.822556 -0.215434 0 0 0 0 
1 2 6
2 7 6
2 3 7
3 8 7
3 4 8
4 9 8
4 5 9
6 7 10
7 11 10
7 8 11
8 12 11
8 9 12
10 11 13
11 14 13
11 12 14
13 14 15
ZONE N=15, E=16, F=FEPOINT, ET=TRIANGLE
0.822556 -0.215434 0 0 0 0 
0.856152 -0.234146 0 0 0 0 
0.889748 -0.252859 0 0 0 0 
0.923344 -0.271572 0 0 0 0 
0.95694 -0.290285 0 0 0 0 
0.862113 -0.210348 0 0 0 0 
0.895709 -0.229061 0 0 0 0 
0.929305 -0.247773 0 0 0 0 
0.962902 -0.266486 0 0 0 0 
0.901671 -0.205262 0 0 0 0 
0.935267 -0.223975 0 0 0 0 
0.968863 -0.242687 0 0 0 0 
0.941228 -0.200176 0 0 0 0 
0.974824 -0.218889 0 0 0 0 
0.980785 -0.19509 0 0 0 0 
1 2 6
2 7 6
2 3 7
3 8 7
3 4 8
4 9 8
4 5 9
6 7 10
7 11 10
7 8 11
8 12 11
8 9 12
10 11 13
11 14 13
11 12 14
13 14 15
ZONE N=15, E=16, F=FEPOINT, ET=TRIANGLE
0.859749 -0.0248916 0 0 0 0 
0.822188 -0.0512741 0 0 0 0 
0.784626 -0.0776566 0 0 0 0 
0.747064 -0.104039 0 0 0 0 
0.709502 -0.130422 0 0 0 0 
0.865347 -0.0501038 0 0 0 0 
0.827785 -0.0764862 0 0 0 0 
0.790223 -0.102869 0 0 0 0 
0.752661 -0.129251 0 0 0 0 
0.870944 -0.0753159 0 0 0 0 
0.833382 -0.101698 0 0 0 0 
0.79582 -0.128081 0 0 0 0 
0.876542 -0.100528 0 0 0 0 
0.83898 -0.126911 0 0 0 0 
0.882139 -0.12574 0 0 0 0 
1 2 6
2 7 6
2 3 7
3 8 7
3 4 8
4 9 8
4 5 9
6 7 10
7 11 10
7 8 11
8 12 11
8 9 12
10 11 13
11 14 13
11 12 14
13 14 15
ZONE N=15, E=16, F=FEPOINT, ET=TRIANGLE
0.859749 -0.0248916 0 0 0 0 
0.873083 0.00187312 0 0 0 0 
0.886416 0.0286378 0 0 0 0 
0.89975 0.0554026 0 0 0 0 
0.913083 0.0821673 0 0 0 0 
0.832312 -0.00219132 0 0 0 0 
0.845645 0.0245734 0 0 0 0 
0.858979 0.0513381 0 0 0 0 
0.872312 0.0781029 0 0 0 0 
0.804875 0.020509 0 0 0 0 
0.818208 0.0472737 0 0 0 0 
0.831541 0.0740384 0 0 0 0 
0.777437 0.0432093 0 0 0 0 
0.790771 0.069974 0 0 0 0 
0.75 0.0659095 0 0 0 0 
1 2 6
2 7 6
2 3 7
3 8 7
3 4 8
4 9 8
4 5 9
6 7 10
7 11 10
7 8 11
8 12 11
8 9 12
10 11 13
11 14 13
11 12 14
13 14 15
ZONE N=15, E=16, F=FEPOINT, ET=TRIANGLE
0.859749 -0.0248916 0 0 0 0 
0.865347 -0.0501038 0 0 0 0 
0.870944 -0.0753159 0 0 0 0 
0.876542 -0.100528 0 0 0 0 
0.882139 -0.12574 0 0 0 0 
0.893608 -0.043173 0 0 0 0 
0.899206 -0.0683851 0 0 0 0 
0.904803 -0.0935973 0 0 0 0 
0.9104 -0.118809 0 0 0 0 
0.927467 -0.0614544 0 0 0 0 
0.933064 -0.0866665 0 0 0 0 
0.938662 -0.111879 0 0 0 0 
0.961326 -0.0797358 0 0 0 0 
0.966923 -0.104948 0 0 0 0 
0.995185 -0.0980171 0 0 0 0 
1 2 6
2 7 6
2 3 7
3 8 7
3 4 8
4 9 8
4 5 9
6 7 10
7 11 10
7 8 11
8 12 11
8 9 12
10 11 13
11 14 13
11 12 14
13 14 15
ZONE N=15, E=16, F=FEPOINT, ET=TRIANGLE
0.882139 -0.12574 0 0 0 0 
0.867243 -0.148164 0 0 0 0 
0.852347 -0.170587 0 0 0 0 
0.837452 -0.19301 0 0 0 0 
0.822556 -0.215434 0 0 0 0 
0.9068 -0.143078 0 0 0 0 
0.891905 -0.165501 0 0 0 0 
0.877009 -0.187925 0 0 0 0 
0.862113 -0.210348 0 0 0 0 
0.931462 -0.160415 0 0 0 0 
0.916566 -0.182839 0 0 0 0 
0.901671 -0.205262 0 0 0 0 
0.956124 -0.177753 0 0 0 0 
0.941228 -0.200176 0 0 0 0 
0.980785 -0.19509 0 0 0 0 
1 2 6
2 7 6
2 3 7
3 8 7
3 4 8
4 9 8
4 5 9
6 7 10
7 11 10
7 8 11
8 12 11
8 9 12
10 11 13
11 14 13
11 12 14
13 14 15
ZONE N=15, E=16, F=FEPOINT, ET=TRIANGLE
0.681538 -0.226493 0 0 0 0 
0.67921 -0.250318 0 0 0 0 
0.676881 -0.274144 0 0 0 0 
0.674553 -0.29797 0 0 0 0 
0.672224 -0.321796 0 0 0 0 
0.700246 -0.238893 0 0 0 0 
0.697918 -0.262718 0 0 0 0 
0.695589 -0.286544 0 0 0 0 
0.693261 -0.31037 0 0 0 0 
0.718954 -0.251293 0 0 0 0 
0.716626 -0.275118 0 0 0 0 
0.714297 -0.298944 0 0 0 0 
0.737662 -0.263692 0 0 0 0 
0.735334 -0.287518 0 0 0 0 
0.75637 -0.276092 0 0 0 0 
1 2 6
2 7 6
2 3 7
3 8 7
3 4 8
4 9 8
4 5 9
6 7 10
7 11 10
7 8 11
8 12 11
8 9 12
10 11 13
11 14 13
11 12 14
13 14 15
ZONE N=15, E=16, F=FEPOINT, ET=TRIANGLE
0.582107 -0.354172 0 0 0 0 
0.58185 -0.391631 0 0 0 0 
0.581593 -0.429091 0 0 0 0 
0.581336 -0.46655 0 0 0 0 
0.581079 -0.50401 0 0 0 0 
0.601603 -0.373036 0 0 0 0 
0.601346 -0.410496 0 0 0 0 
0.601089 -0.447955 0 0 0 0 
0.600832 -0.485415 0 0 0 0 
0.621099 -0.391901 0 0 0 0 
0.620842 -0.42936 0 0 0 0 
0.620585 -0.46682 0 0 0 0 
0.640595 -0.410765 0 0 0 0 
0.640338 -0.448224 0 0 0 0 
0.660091 -0.429629 0 0 0 0 
1 2 6
2 7 6
2 3 7
3 8 7
3 4 8
4 9 8
4 5 9
6 7 10
7 11 10
7 8 11
8 12 11
8 9 12
10 11 13
11 14 13
11 12 14
13 14 15
ZONE N=15, E=16, F=FEPOINT, ET=TRIANGLE
0.849593 -0.318179 0 0 0 0 
0.87643 -0.311205 0 0 0 0 
0.903267 -0.304232 0 0 0 0 
0.930103 -0.297258 0 0 0 0 
0.95694 -0.290285 0 0 0 0 
0.842834 -0.292493 0 0 0 0 
0.869671 -0.285519 0 0 0 0 
0.896507 -0.278545 0 0 0 0 
0.923344 -0.271572 0 0 0 0 
0.836074 -0.266806 0 0 0 0 
0.862911 -0.259833 0 0 0 0 
0.889748 -0.252859 0 0 0 0 
0.829315 -0.24112 0 0 0 0 
0.856152 -0.234146 0 0 0 0 
0.822556 -0.215434 0 0 0 0 
1 2 6
2 7 6
2 3 7
3 8 7
3 4 8
4 9 8
4 5 9
6 7 10
7 11 10
7 8 11
8 12 11
8 9 12
10 11 13
11 14 13
11 12 14
13 14 15
ZONE N=15, E=16, F=FEPOINT, ET=TRIANGLE
0.849593 -0.318179 0 0 0 0 
0.826287 -0.307657 0 0 0 0 
0.802982 -0.297136 0 0 0 0 
0.779676 -0.286614 0 0 0 0 
0.75637 -0.276092 0 0 0 0 
0.827765 -0.335456 0 0 0 0 
0.804459 -0.324935 0 0 0 0 
0.781154 -0.314413 0 0 0 0 
0.757848 -0.303892 0 0 0 0 
0.805937 -0.352734 0 0 0 0 
0.782631 -0.342212 0 0 0 0 
0.759326 -0.331691 0 0 0 0 
0.784109 -0.370011 0 0 0 0 
0.760803 -0.35949 0 0 0 0 
0.762281 -0.387289 0 0 0 0 
1 2 6
2 7 6
2 3 7
3 8 7
3 4 8
4 9 8
4 5 9
6 7 10
7 11 10
7 8 11
8 12 11
8 9 12
10 11 13
11 14 13
11 12 14
13 14 15
ZONE N=15, E=16, F=FEPOINT, ET=TRIANGLE
0.822556 -0.215434 0 0 0 0 
0.80601 -0.230598 0 0 0 0 
0.789463 -0.245763 0 0 0 0 
0.772917 -0.260928 0 0 0 0 
0.75637 -0.276092 0 0 0 0 
0.829315 -0.24112 0 0 0 0 
0.812769 -0.256285 0 0 0 0 
0.796222 -0.271449 0 0 0 0 
0.779676 -0.286614 0 0 0 0 
0.836074 -0.266806 0 0 0 0 
0.819528 -0.281971 0 0 0 0 
0.802982 -0.297136 0 0 0 0 
0.842834 -0.292493 0 0 0 0 
0.826287 -0.307657 0 0 0 0 
0.849593 -0.318179 0 0 0 0 
1 2 6
2 7 6
2 3 7
3 8 7
3 4 8
4 9 8
4 5 9
6 7 10
7 11 10
7 8 11
8 12 11
8 9 12
10 11 13
11 14 13
11 12 14
13 14 15
ZONE N=15, E=16, F=FEPOINT, ET=TRIANGLE
0.913083 0.0821673 0 0 0 0 
0.934812 0.0616255 0 0 0 0 
0.956541 0.0410836 0 0 0 0 
0.978271 0.0205418 0 0 0 0 
1 -2.44929e-16 0 0 0 0 
0.930008 0.110398 0 0 0 0 
0.951738 0.0898562 0 0 0 0 
0.973467 0.0693144 0 0 0 0 
0.995196 0.0487726 0 0 0 0 
0.946934 0.138629 0 0 0 0 
0.968663 0.118087 0 0 0 0 
0.990393 0.0975452 0 0 0 0 
0.96386 0.16686 0 0 0 0 
0.985589 0.146318 0 0 0 0 
0.980785 0.19509 0 0 0 0 
1 2 6
2 7 6
2 3 7
3 8 7
3 4 8
4 9 8
4 5 9
6 7 10
7 11 10
7 8 11
8 12 11
8 9 12
10 11 13
11 14 13
11 12 14
13 14 15
ZONE N=15, E=16, F=FEPOINT, ET=TRIANGLE
0.8225 0.188224 0 0 0 0 
0.845146 0.161709 0 0 0 0 
0.867791 0.135195 0 0 0 0 
0.890437 0.108681 0 0 0 0 
0.913083 0.0821673 0 0 0 0 
0.862071 0.18994 0 0 0 0 
0.884717 0.163426 0 0 0 0 
0.907363 0.136912 0 0 0 0 
0.930008 0.110398 0 0 0 0 
0.901643 0.191657 0 0 0 0 
0.924288 0.165143 0 0 0 0 
0.946934 0.138629 0 0 0 0 
0.941214 0.193374 0 0 0 0 
0.96386 0.16686 0 0 0 0 
0.980785 0.19509 0 0 0 0 
1 2 6
2 7 6
2 3 7
3 8 7
3 4 8
4 9 8
4 5 9
6 7 10
7 11 10
7 8 11
8 12 11
8 9 12
10 11 13
11 14 13
11 12 14
13 14 15
ZONE N=15, E=16, F=FEPOINT, ET=TRIANGLE
0.92388 0.382683 0 0 0 0 
0.898219 0.365147 0 0 0 0 
0.872558 0.347611 0 0 0 0 
0.846898 0.330075 0 0 0 0 
0.821237 0.312538 0 0 0 0 
0.932145 0.359584 0 0 0 0 
0.906484 0.342048 0 0 0 0 
0.880823 0.324511 0 0 0 0 
0.855163 0.306975 0 0 0 0 
0.94041 0.336484 0 0 0 0 
0.914749 0.318948 0 0 0 0 
0.889089 0.301412 0 0 0 0 
0.948675 0.313384 0 0 0 0 
0.923015 0.295848 0 0 0 0 
0.95694 0.290285 0 0 0 0 
1 2 6
2 7 6
2 3 7
3 8 7
3 4 8
4 9 8
4 5 9
6 7 10
7 11 10
7 8 11
8 12 11
8 9 12
10 11 13
11 14 13
11 12 14
13 14 15
ZONE N=15, E=16, F=FEPOINT, ET=TRIANGLE
0.68978 0.231102 0 0 0 0 
0.704835 0.189804 0 0 0 0 
0.71989 0.148506 0 0 0 0 
0.734945 0.107208 0 0 0 0 
0.75 0.0659095 0 0 0 0 
0.72296 0.220382 0 0 0 0 
0.738015 0.179084 0 0 0 0 
0.75307 0.137786 0 0 0 0 
0.768125 0.096488 0 0 0 0 
0.75614 0.209663 0 0 0 0 
0.771195 0.168365 0 0 0 0 
0.78625 0.127067 0 0 0 0 
0.78932 0.198943 0 0 0 0 
0.804375 0.157645 0 0 0 0 
0.8225 0.188224 0 0 0 0 
1 2 6
2 7 6
2 3 7
3 8 7
3 4 8
4 9 8
4 5 9
6 7 10
7 11 10
7 8 11
8 12 11
8 9 12
10 11 13
11 14 13
11 12 14
13 14 15
ZONE N=15, E=16, F=FEPOINT, ET=TRIANGLE
0.672224 -0.321796 0 0 0 0 
0.674553 -0.29797 0 0 0 0 
0.676881 -0.274144 0 0 0 0 
0.67921 -0.250318 0 0 0 0 
0.681538 -0.226493 0 0 0 0 
0.650864 -0.305635 0 0 0 0 
0.653192 -0.281809 0 0 0 0 
0.655521 -0.257984 0 0 0 0 
0.657849 -0.234158 0 0 0 0 
0.629503 -0.289475 0 0 0 0 
0.631832 -0.265649 0 0 0 0 
0.63416 -0.241823 0 0 0 0 
0.608143 -0.273314 0 0 0 0 
0.610472 -0.249489 0 0 0 0 
0.586783 -0.257154 0 0 0 0 
1 2 6
2 7 6
2 3 7
3 8 7
3 4 8
4 9 8
4 5 9
6 7 10
7 11 10
7 8 11
8 12 11
8 9 12
10 11 13
11 14 13
11 12 14
13 14 15
ZONE N=15, E=16, F=FEPOINT, ET=TRIANGLE
0.672224 -0.321796 0 0 0 0 
0.694738 -0.338169 0 0 0 0 
0.717253 -0.354542 0 0 0 0 
0.739767 -0.370916 0 0 0 0 
0.762281 -0.387289 0 0 0 0 
0.693261 -0.31037 0 0 0 0 
0.715775 -0.326743 0 0 0 0 
0.738289 -0.343116 0 0 0 0 
0.760803 -0.35949 0 0 0 0 
0.714297 -0.298944 0 0 0 0 
0.736811 -0.315317 0 0 0 0 
0.759326 -0.331691 0 0 0 0 
0.735334 -0.287518 0 0 0 0 
0.757848 -0.303892 0 0 0 0 
0.75637 -0.276092 0 0 0 0 
1 2 6
2 7 6
2 3 7
3 8 7
3 4 8
4 9 8
4 5 9
6 7 10
7 11 10
7 8 11
8 12 11
8 9 12
10 11 13
11 14 13
11 12 14
13 14 15
ZONE N=15, E=16, F=FEPOINT, ET=TRIANGLE
0.694621 -0.545466 0 0 0 0 
0.728833 -0.547992 0 0 0 0 
0.763045 -0.550518 0 0 0 0 
0.797257 -0.553044 0 0 0 0 
0.83147 -0.55557 0 0 0 0 
0.711536 -0.505921 0 0 0 0 
0.745748 -0.508448 0 0 0 0 
0.77996 -0.510974 0 0 0 0 
0.814172 -0.5135 0 0 0 0 
0.728451 -0.466377 0 0 0 0 
0.762663 -0.468903 0 0 0 0 
0.796875 -0.47143 0 0 0 0 
0.745366 -0.426833 0 0 0 0 
0.779578 -0.429359 0 0 0 0 
0.762281 -0.387289 0 0 0 0 
1 2 6
2 7 6
2 3 7
3 8 7
3 4 8
4 9 8
4 5 9
6 7 10
7 11 10
7 8 11
8 12 11
8 9 12
10 11 13
11 14 13
11 12 14
13 14 15
ZONE N=15, E=16, F=FEPOINT, ET=TRIANGLE
0.660091 -0.429629 0 0 0 0 
0.668724 -0.458588 0 0 0 0 
0.677356 -0.487547 0 0 0 0 
0.685989 -0.516507 0 0 0 0 
0.694621 -0.545466 0 0 0 0 
0.685639 -0.419044 0 0 0 0 
0.694271 -0.448003 0 0 0 0 
0.702904 -0.476962 0 0 0 0 
0.711536 -0.505921 0 0 0 0 
0.711186 -0.408459 0 0 0 0 
0.719818 -0.437418 0 0 0 0 
0.728451 -0.466377 0 0 0 0 
0.736733 -0.397874 0 0 0 0 
0.745366 -0.426833 0 0 0 0 
0.762281 -0.387289 0 0 0 0 
1 2 6
2 7 6
2 3 7
3 8 7
3 4 8
4 9 8
4 5 9
6 7 10
7 11 10
7 8 11
8 12 11
8 9 12
10 11 13
11 14 13
11 12 14
13 14 15
ZONE N=15, E=16, F=FEPOINT, ET=TRIANGLE
0.582107 -0.354172 0 0 0 0 
0.601603 -0.373036 0 0 0 0 
0.621099 -0.391901 0 0 0 0 
0.640595 -0.410765 0 0 0 0 
0.660091 -0.429629 0 0 0 0 
0.604636 -0.346078 0 0 0 0 
0.624132 -0.364942 0 0 0 0 
0.643628 -0.383807 0 0 0 0 
0.663124 -0.402671 0 0 0 0 
0.627166 -0.337984 0 0 0 0 
0.646662 -0.356848 0 0 0 0 
0.666158 -0.375712 0 0 0 0 
0.649695 -0.32989 0 0 0 0 
0.669191 -0.348754 0 0 0 0 
0.672224 -0.321796 0 0 0 0 
1 2 6
2 7 6
2 3 7
3 8 7
3 4 8
4 9 8
4 5 9
6 7 10
7 11 10
7 8 11
8 12 11
8 9 12
10 11 13
11 14 13
11 12 14
13 14 15
ZONE N=15, E=16, F=FEPOINT, ET=TRIANGLE
0.92388 -0.382683 0 0 0 0 
0.905308 -0.366557 0 0 0 0 
0.886736 -0.350431 0 0 0 0 
0.868165 -0.334305 0 0 0 0 
0.849593 -0.318179 0 0 0 0 
0.91339 -0.404862 0 0 0 0 
0.894818 -0.388736 0 0 0 0 
0.876247 -0.372609 0 0 0 0 
0.857675 -0.356483 0 0 0 0 
0.9029 -0.42704 0 0 0 0 
0.884329 -0.410914 0 0 0 0 
0.865757 -0.394788 0 0 0 0 
0.892411 -0.449218 0 0 0 0 
0.873839 -0.433092 0 0 0 0 
0.881921 -0.471397 0 0 0 0 
1 2 6
2 7 6
2 3 7
3 8 7
3 4 8
4 9 8
4 5 9
6 7 10
7 11 10
7 8 11
8 12 11
8 9 12
10 11 13
11 14 13
11 12 14
13 14 15
ZONE N=15, E=16, F=FEPOINT, ET=TRIANGLE
0.637863 -0.631153 0 0 0 0 
0.623667 -0.599367 0 0 0 0 
0.609471 -0.567581 0 0 0 0 
0.595275 -0.535795 0 0 0 0 
0.581079 -0.50401 0 0 0 0 
0.605896 -0.61343 0 0 0 0 
0.5917 -0.581645 0 0 0 0 
0.577504 -0.549859 0 0 0 0 
0.563309 -0.518073 0 0 0 0 
0.57393 -0.595708 0 0 0 0 
0.559734 -0.563922 0 0 0 0 
0.545538 -0.532136 0 0 0 0 
0.541963 -0.577986 0 0 0 0 
0.527767 -0.5462 0 0 0 0 
0.509997 -0.560263 0 0 0 0 
1 2 6
2 7 6
2 3 7
3 8 7
3 4 8
4 9 8
4 5 9
6 7 10
7 11 10
7 8 11
8 12 11
8 9 12
10 11 13
11 14 13
11 12 14
13 14 15
ZONE N=15, E=16, F=FEPOINT, ET=TRIANGLE
0.660091 -0.429629 0 0 0 0 
0.685639 -0.419044 0 0 0 0 
0.711186 -0.408459 0 0 0 0 
0.736733 -0.397874 0 0 0 0 
0.762281 -0.387289 0 0 0 0 
0.663124 -0.402671 0 0 0 0 
0.688672 -0.392086 0 0 0 0 
0.714219 -0.381501 0 0 0 0 
0.739767 -0.370916 0 0 0 0 
0.666158 -0.375712 0 0 0 0 
0.691705 -0.365127 0 0 0 0 
0.717253 -0.354542 0 0 0 0 
0.669191 -0.348754 0 0 0 0 
0.694738 -0.338169 0 0 0 0 
0.672224 -0.321796 0 0 0 0 
1 2 6
2 7 6
2 3 7
3 8 7
3 4 8
4 9 8
4 5 9
6 7 10
7 11 10
7 8 11
8 12 11
8 9 12
10 11 13
11 14 13
11 12 14
13 14 15
ZONE N=15, E=16, F=FEPOINT, ET=TRIANGLE
0.694621 -0.545466 0 0 0 0 
0.697743 -0.585876 0 0 0 0 
0.700864 -0.626286 0 0 0 0 
0.703985 -0.666697 0 0 0 0 
0.707107 -0.707107 0 0 0 0 
0.728833 -0.547992 0 0 0 0 
0.731955 -0.588402 0 0 0 0 
0.735076 -0.628812 0 0 0 0 
0.738197 -0.669223 0 0 0 0 
0.763045 -0.550518 0 0 0 0 
0.766167 -0.590928 0 0 0 0 
0.769288 -0.631339 0 0 0 0 
0.797257 -0.553044 0 0 0 0 
0.800379 -0.593454 0 0 0 0 
0.83147 -0.55557 0 0 0 0 
1 2 6
2 7 6
2 3 7
3 8 7
3 4 8
4 9 8
4 5 9
6 7 10
7 11 10
7 8 11
8 12 11
8 9 12
10 11 13
11 14 13
11 12 14
13 14 15
ZONE N=15, E=16, F=FEPOINT, ET=TRIANGLE
0.83147 0.55557 0 0 0 0 
0.82789 0.523849 0 0 0 0 
0.824311 0.492129 0 0 0 0 
0.820731 0.460408 0 0 0 0 
0.817152 0.428687 0 0 0 0 
0.854572 0.512349 0 0 0 0 
0.850993 0.480628 0 0 0 0 
0.847413 0.448907 0 0 0 0 
0.843834 0.417186 0 0 0 0 
0.877675 0.469127 0 0 0 0 
0.874095 0.437406 0 0 0 0 
0.870516 0.405685 0 0 0 0 
0.900777 0.425905 0 0 0 0 
0.897198 0.394184 0 0 0 0 
0.92388 0.382683 0 0 0 0 
1 2 6
2 7 6
2 3 7
3 8 7
3 4 8
4 9 8
4 5 9
6 7 10
7 11 10
7 8 11
8 12 11
8 9 12
10 11 13
11 14 13
11 12 14
13 14 15
ZONE N=15, E=16, F=FEPOINT, ET=TRIANGLE
0.95694 0.290285 0 0 0 0 
0.92333 0.264769 0 0 0 0 
0.88972 0.239254 0 0 0 0 
0.85611 0.213739 0 0 0 0 
0.8225 0.188224 0 0 0 0 
0.962902 0.266486 0 0 0 0 
0.929291 0.240971 0 0 0 0 
0.895681 0.215456 0 0 0 0 
0.862071 0.18994 0 0 0 0 
0.968863 0.242687 0 0 0 0 
0.935253 0.217172 0 0 0 0 
0.901643 0.191657 0 0 0 0 
0.974824 0.218889 0 0 0 0 
0.941214 0.193374 0 0 0 0 
0.980785 0.19509 0 0 0 0 
1 2 6
2 7 6
2 3 7
3 8 7
3 4 8
4 9 8
4 5 9
6 7 10
7 11 10
7 8 11
8 12 11
8 9 12
10 11 13
11 14 13
11 12 14
13 14 15
ZONE N=15, E=16, F=FEPOINT, ET=TRIANGLE
0.641607 0.323084 0 0 0 0 
0.686514 0.320447 0 0 0 0 
0.731422 0.317811 0 0 0 0 
0.776329 0.315175 0 0 0 0 
0.821237 0.312538 0 0 0 0 
0.654009 0.345887 0 0 0 0 
0.698917 0.343251 0 0 0 0 
0.743825 0.340615 0 0 0 0 
0.788732 0.337978 0 0 0 0 
0.666412 0.368691 0 0 0 0 
0.71132 0.366054 0 0 0 0 
0.756227 0.363418 0 0 0 0 
0.678815 0.391494 0 0 0 0 
0.723723 0.388858 0 0 0 0 
0.691218 0.414298 0 0 0 0 
1 2 6
2 7 6
2 3 7
3 8 7
3 4 8
4 9 8
4 5 9
6 7 10
7 11 10
7 8 11
8 12 11
8 9 12
10 11 13
11 14 13
11 12 14
13 14 15
ZONE N=15, E=16, F=FEPOINT, ET=TRIANGLE
0.817152 0.428687 0 0 0 0 
0.820731 0.460408 0 0 0 0 
0.824311 0.492129 0 0 0 0 
0.82789 0.523849 0 0 0 0 
0.83147 0.55557 0 0 0 0 
0.785668 0.42509 0 0 0 0 
0.789248 0.45681 0 0 0 0 
0.792827 0.488531 0 0 0 0 
0.796407 0.520252 0 0 0 0 
0.754185 0.421492 0 0 0 0 
0.757764 0.453213 0 0 0 0 
0.761344 0.484934 0 0 0 0 
0.722701 0.417895 0 0 0 0 
0.726281 0.449616 0 0 0 0 
0.691218 0.414298 0 0 0 0 
1 2 6
2 7 6
2 3 7
3 8 7
3 4 8
4 9 8
4 5 9
6 7 10
7 11 10
7 8 11
8 12 11
8 9 12
10 11 13
11 14 13
11 12 14
13 14 15
ZONE N=15, E=16, F=FEPOINT, ET=TRIANGLE
0.817152 0.428687 0 0 0 0 
0.785668 0.42509 0 0 0 0 
0.754185 0.421492 0 0 0 0 
0.722701 0.417895 0 0 0 0 
0.691218 0.414298 0 0 0 0 
0.818173 0.39965 0 0 0 0 
0.78669 0.396052 0 0 0 0 
0.755206 0.392455 0 0 0 0 
0.723723 0.388858 0 0 0 0 
0.819194 0.370613 0 0 0 0 
0.787711 0.367015 0 0 0 0 
0.756227 0.363418 0 0 0 0 
0.820216 0.341576 0 0 0 0 
0.788732 0.337978 0 0 0 0 
0.821237 0.312538 0 0 0 0 
1 2 6
2 7 6
2 3 7
3 8 7
3 4 8
4 9 8
4 5 9
6 7 10
7 11 10
7 8 11
8 12 11
8 9 12
10 11 13
11 14 13
11 12 14
13 14 15
ZONE N=15, E=16, F=FEPOINT, ET=TRIANGLE
0.431621 -0.514718 0 0 0 0 
0.451215 -0.526104 0 0 0 0 
0.470809 -0.537491 0 0 0 0 
0.490403 -0.548877 0 0 0 0 
0.509997 -0.560263 0 0 0 0 
0.449163 -0.497469 0 0 0 0 
0.468757 -0.508855 0 0 0 0 
0.488351 -0.520241 0 0 0 0 
0.507945 -0.531628 0 0 0 0 
0.466706 -0.48022 0 0 0 0 
0.4863 -0.491606 0 0 0 0 
0.505894 -0.502992 0 0 0 0 
0.484248 -0.46297 0 0 0 0 
0.503842 -0.474357 0 0 0 0 
0.50179 -0.445721 0 0 0 0 
1 2 6
2 7 6
2 3 7
3 8 7
3 4 8
4 9 8
4 5 9
6 7 10
7 11 10
7 8 11
8 12 11
8 9 12
10 11 13
11 14 13
11 12 14
13 14 15
ZONE N=15, E=16, F=FEPOINT, ET=TRIANGLE
0.581079 -0.50401 0 0 0 0 
0.581336 -0.46655 0 0 0 0 
0.581593 -0.429091 0 0 0 0 
0.58185 -0.391631 0 0 0 0 
0.582107 -0.354172 0 0 0 0 
0.561257 -0.489438 0 0 0 0 
0.561514 -0.451978 0 0 0 0 
0.561771 -0.414519 0 0 0 0 
0.562028 -0.377059 0 0 0 0 
0.541435 -0.474866 0 0 0 0 
0.541692 -0.437406 0 0 0 0 
0.541949 -0.399947 0 0 0 0 
0.521612 -0.460293 0 0 0 0 
0.521869 -0.422834 0 0 0 0 
0.50179 -0.445721 0 0 0 0 
1 2 6
2 7 6
2 3 7
3 8 7
3 4 8
4 9 8
4 5 9
6 7 10
7 11 10
7 8 11
8 12 11
8 9 12
10 11 13
11 14 13
11 12 14
13 14 15
ZONE N=15, E=16, F=FEPOINT, ET=TRIANGLE
0.431621 -0.514718 0 0 0 0 
0.417138 -0.536568 0 0 0 0 
0.402656 -0.558419 0 0 0 0 
0.388173 -0.580269 0 0 0 0 
0.373691 -0.60212 0 0 0 0 
0.451215 -0.526104 0 0 0 0 
0.436732 -0.547955 0 0 0 0 
0.42225 -0.569805 0 0 0 0 
0.407767 -0.591655 0 0 0 0 
0.470809 -0.537491 0 0 0 0 
0.456326 -0.559341 0 0 0 0 
0.441844 -0.581191 0 0 0 0 
0.490403 -0.548877 0 0 0 0 
0.47592 -0.570727 0 0 0 0 
0.509997 -0.560263 0 0 0 0 
1 2 6
2 7 6
2 3 7
3 8 7
3 4 8
4 9 8
4 5 9
6 7 10
7 11 10
7 8 11
8 12 11
8 9 12
10 11 13
11 14 13
11 12 14
13 14 15
ZONE N=15, E=16, F=FEPOINT, ET=TRIANGLE
0.536313 -0.647008 0 0 0 0 
0.561701 -0.643044 0 0 0 0 
0.587088 -0.63908 0 0 0 0 
0.612476 -0.635116 0 0 0 0 
0.637863 -0.631153 0 0 0 0 
0.529734 -0.625322 0 0 0 0 
0.555122 -0.621358 0 0 0 0 
0.580509 -0.617394 0 0 0 0 
0.605896 -0.61343 0 0 0 0 
0.523155 -0.603635 0 0 0 0 
0.548542 -0.599672 0 0 0 0 
0.57393 -0.595708 0 0 0 0 
0.516576 -0.581949 0 0 0 0 
0.541963 -0.577986 0 0 0 0 
0.509997 -0.560263 0 0 0 0 
1 2 6
2 7 6
2 3 7
3 8 7
3 4 8
4 9 8
4 5 9
6 7 10
7 11 10
7 8 11
8 12 11
8 9 12
10 11 13
11 14 13
11 12 14
13 14 15
ZONE N=15, E=16, F=FEPOINT, ET=TRIANGLE
-0.0966451 -0.635959 0 0 0 0 
-0.10396 -0.614772 0 0 0 0 
-0.111275 -0.593585 0 0 0 0 
-0.11859 -0.572399 0 0 0 0 
-0.125905 -0.551212 0 0 0 0 
-0.126222 -0.617383 0 0 0 0 
-0.133537 -0.596196 0 0 0 0 
-0.140852 -0.57501 0 0 0 0 
-0.148166 -0.553823 0 0 0 0 
-0.155798 -0.598807 0 0 0 0 
-0.163113 -0.577621 0 0 0 0 
-0.170428 -0.556434 0 0 0 0 
-0.185375 -0.580232 0 0 0 0 
-0.19269 -0.559045 0 0 0 0 
-0.214951 -0.561656 0 0 0 0 
1 2 6
2 7 6
2 3 7
3 8 7
3 4 8
4 9 8
4 5 9
6 7 10
7 11 10
7 8 11
8 12 11
8 9 12
10 11 13
11 14 13
11 12 14
13 14 15
ZONE N=15, E=16, F=FEPOINT, ET=TRIANGLE
-0.315834 -0.46892 0 0 0 0 
-0.283386 -0.457934 0 0 0 0 
-0.250938 -0.446948 0 0 0 0 
-0.21849 -0.435962 0 0 0 0 
-0.186042 -0.424975 0 0 0 0 
-0.324453 -0.435765 0 0 0 0 
-0.292005 -0.424779 0 0 0 0 
-0.259557 -0.413793 0 0 0 0 
-0.227109 -0.402806 0 0 0 0 
-0.333073 -0.40261 0 0 0 0 
-0.300625 -0.391624 0 0 0 0 
-0.268177 -0.380637 0 0 0 0 
-0.341693 -0.369455 0 0 0 0 
-0.309245 -0.358468 0 0 0 0 
-0.350313 -0.336299 0 0 0 0 
1 2 6
2 7 6
2 3 7
3 8 7
3 4 8
4 9 8
4 5 9
6 7 10
7 11 10
7 8 11
8 12 11
8 9 12
10 11 13
11 14 13
11 12 14
13 14 15
ZONE N=15, E=16, F=FEPOINT, ET=TRIANGLE
-0.0966451 -0.635959 0 0 0 0 
-0.0726232 -0.623161 0 0 0 0 
-0.0486013 -0.610363 0 0 0 0 
-0.0245793 -0.597565 0 0 0 0 
-0.000557426 -0.584767 0 0 0 0 
-0.10396 -0.614772 0 0 0 0 
-0.0799381 -0.601974 0 0 0 0 
-0.0559162 -0.589176 0 0 0 0 
-0.0318943 -0.576378 0 0 0 0 
-0.111275 -0.593585 0 0 0 0 
-0.0872531 -0.580787 0 0 0 0 
-0.0632312 -0.567989 0 0 0 0 
-0.11859 -0.572399 0 0 0 0 
-0.0945681 -0.5596 0 0 0 0 
-0.125905 -0.551212 0 0 0 0 
1 2 6
2 7 6
2 3 7
3 8 7
3 4 8
4 9 8
4 5 9
6 7 10
7 11 10
7 8 11
8 12 11
8 9 12
10 11 13
11 14 13
11 12 14
13 14 15
ZONE N=15, E=16, F=FEPOINT, ET=TRIANGLE
-0.071699 -0.479797 0 0 0 0 
-0.100285 -0.466092 0 0 0 0 
-0.12887 -0.452386 0 0 0 0 
-0.157456 -0.438681 0 0 0 0 
-0.186042 -0.424975 0 0 0 0 
-0.0852505 -0.497651 0 0 0 0 
-0.113836 -0.483945 0 0 0 0 
-0.142422 -0.47024 0 0 0 0 
-0.171007 -0.456534 0 0 0 0 
-0.098802 -0.515504 0 0 0 0 
-0.127388 -0.501799 0 0 0 0 
-0.155973 -0.488093 0 0 0 0 
-0.112353 -0.533358 0 0 0 0 
-0.140939 -0.519653 0 0 0 0 
-0.125905 -0.551212 0 0 0 0 
1 2 6
2 7 6
2 3 7
3 8 7
3 4 8
4 9 8
4 5 9
6 7 10
7 11 10
7 8 11
8 12 11
8 9 12
10 11 13
11 14 13
11 12 14
13 14 15
ZONE N=15, E=16, F=FEPOINT, ET=TRIANGLE
-0.315834 -0.46892 0 0 0 0 
-0.324453 -0.435765 0 0 0 0 
-0.333073 -0.40261 0 0 0 0 
-0.341693 -0.369455 0 0 0 0 
-0.350313 -0.336299 0 0 0 0 
-0.350261 -0.474019 0 0 0 0 
-0.358881 -0.440863 0 0 0 0 
-0.3675 -0.407708 0 0 0 0 
-0.37612 -0.374553 0 0 0 0 
-0.384688 -0.479117 0 0 0 0 
-0.393308 -0.445962 0 0 0 0 
-0.401928 -0.412806 0 0 0 0 
-0.419116 -0.484215 0 0 0 0 
-0.427735 -0.45106 0 0 0 0 
-0.453543 -0.489313 0 0 0 0 
1 2 6
2 7 6
2 3 7
3 8 7
3 4 8
4 9 8
4 5 9
6 7 10
7 11 10
7 8 11
8 12 11
8 9 12
10 11 13
11 14 13
11 12 14
13 14 15
ZONE N=15, E=16, F=FEPOINT, ET=TRIANGLE
-0.365386 -0.609463 0 0 0 0 
-0.352998 -0.574327 0 0 0 0 
-0.34061 -0.539192 0 0 0 0 
-0.328222 -0.504056 0 0 0 0 
-0.315834 -0.46892 0 0 0 0 
-0.387425 -0.579426 0 0 0 0 
-0.375037 -0.54429 0 0 0 0 
-0.362649 -0.509154 0 0 0 0 
-0.350261 -0.474019 0 0 0 0 
-0.409464 -0.549388 0 0 0 0 
-0.397076 -0.514253 0 0 0 0 
-0.384688 -0.479117 0 0 0 0 
-0.431504 -0.519351 0 0 0 0 
-0.419116 -0.484215 0 0 0 0 
-0.453543 -0.489313 0 0 0 0 
1 2 6
2 7 6
2 3 7
3 8 7
3 4 8
4 9 8
4 5 9
6 7 10
7 11 10
7 8 11
8 12 11
8 9 12
10 11 13
11 14 13
11 12 14
13 14 15
ZONE N=15, E=16, F=FEPOINT, ET=TRIANGLE
-0.508104 -0.672665 0 0 0 0 
-0.494862 -0.654383 0 0 0 0 
-0.481619 -0.636102 0 0 0 0 
-0.468377 -0.61782 0 0 0 0 
-0.455134 -0.599539 0 0 0 0 
-0.529877 -0.642906 0 0 0 0 
-0.516634 -0.624625 0 0 0 0 
-0.503392 -0.606344 0 0 0 0 
-0.490149 -0.588062 0 0 0 0 
-0.55165 -0.613148 0 0 0 0 
-0.538407 -0.594867 0 0 0 0 
-0.525164 -0.576585 0 0 0 0 
-0.573422 -0.58339 0 0 0 0 
-0.56018 -0.565109 0 0 0 0 
-0.595195 -0.553632 0 0 0 0 
1 2 6
2 7 6
2 3 7
3 8 7
3 4 8
4 9 8
4 5 9
6 7 10
7 11 10
7 8 11
8 12 11
8 9 12
10 11 13
11 14 13
11 12 14
13 14 15
ZONE N=15, E=16, F=FEPOINT, ET=TRIANGLE
-0.303268 -0.771597 0 0 0 0 
-0.318797 -0.731064 0 0 0 0 
-0.334327 -0.69053 0 0 0 0 
-0.349856 -0.649997 0 0 0 0 
-0.365386 -0.609463 0 0 0 0 
-0.332094 -0.749223 0 0 0 0 
-0.347624 -0.70869 0 0 0 0 
-0.363153 -0.668156 0 0 0 0 
-0.378682 -0.627623 0 0 0 0 
-0.36092 -0.726849 0 0 0 0 
-0.37645 -0.686316 0 0 0 0 
-0.391979 -0.645782 0 0 0 0 
-0.389746 -0.704475 0 0 0 0 
-0.405276 -0.663941 0 0 0 0 
-0.418572 -0.682101 0 0 0 0 
1 2 6
2 7 6
2 3 7
3 8 7
3 4 8
4 9 8
4 5 9
6 7 10
7 11 10
7 8 11
8 12 11
8 9 12
10 11 13
11 14 13
11 12 14
13 14 15
ZONE N=15, E=16, F=FEPOINT, ET=TRIANGLE
0.0244078 -0.7474 0 0 0 0 
0.0389353 -0.789261 0 0 0 0 
0.0534629 -0.831123 0 0 0 0 
0.0679905 -0.872985 0 0 0 0 
0.0825181 -0.914846 0 0 0 0 
0.0491324 -0.75294 0 0 0 0 
0.06366 -0.794801 0 0 0 0 
0.0781876 -0.836663 0 0 0 0 
0.0927152 -0.878524 0 0 0 0 
0.0738571 -0.758479 0 0 0 0 
0.0883847 -0.800341 0 0 0 0 
0.102912 -0.842203 0 0 0 0 
0.0985818 -0.764019 0 0 0 0 
0.113109 -0.805881 0 0 0 0 
0.123307 -0.769559 0 0 0 0 
1 2 6
2 7 6
2 3 7
3 8 7
3 4 8
4 9 8
4 5 9
6 7 10
7 11 10
7 8 11
8 12 11
8 9 12
10 11 13
11 14 13
11 12 14
13 14 15
ZONE N=15, E=16, F=FEPOINT, ET=TRIANGLE
0.171382 -0.858782 0 0 0 0 
0.189534 -0.839796 0 0 0 0 
0.207687 -0.82081 0 0 0 0 
0.22584 -0.801824 0 0 0 0 
0.243993 -0.782838 0 0 0 0 
0.159363 -0.836476 0 0 0 0 
0.177516 -0.81749 0 0 0 0 
0.195668 -0.798504 0 0 0 0 
0.213821 -0.779518 0 0 0 0 
0.147344 -0.81417 0 0 0 0 
0.165497 -0.795184 0 0 0 0 
0.18365 -0.776198 0 0 0 0 
0.135325 -0.791865 0 0 0 0 
0.153478 -0.772879 0 0 0 0 
0.123307 -0.769559 0 0 0 0 
1 2 6
2 7 6
2 3 7
3 8 7
3 4 8
4 9 8
4 5 9
6 7 10
7 11 10
7 8 11
8 12 11
8 9 12
10 11 13
11 14 13
11 12 14
13 14 15
ZONE N=15, E=16, F=FEPOINT, ET=TRIANGLE
-0.270361 -0.859198 0 0 0 0 
-0.254076 -0.841078 0 0 0 0 
-0.237791 -0.822958 0 0 0 0 
-0.221506 -0.804837 0 0 0 0 
-0.205221 -0.786717 0 0 0 0 
-0.278588 -0.837298 0 0 0 0 
-0.262303 -0.819178 0 0 0 0 
-0.246018 -0.801057 0 0 0 0 
-0.229733 -0.782937 0 0 0 0 
-0.286815 -0.815398 0 0 0 0 
-0.27053 -0.797277 0 0 0 0 
-0.254244 -0.779157 0 0 0 0 
-0.295041 -0.793498 0 0 0 0 
-0.278756 -0.775377 0 0 0 0 
-0.303268 -0.771597 0 0 0 0 
1 2 6
2 7 6
2 3 7
3 8 7
3 4 8
4 9 8
4 5 9
6 7 10
7 11 10
7 8 11
8 12 11
8 9 12
10 11 13
11 14 13
11 12 14
13 14 15
ZONE N=15, E=16, F=FEPOINT, ET=TRIANGLE
-0.471397 -0.881921 0 0 0 0 
-0.452753 -0.853806 0 0 0 0 
-0.434109 -0.825691 0 0 0 0 
-0.415465 -0.797577 0 0 0 0 
-0.396821 -0.769462 0 0 0 0 
-0.49244 -0.869308 0 0 0 0 
-0.473796 -0.841193 0 0 0 0 
-0.455152 -0.813079 0 0 0 0 
-0.436508 -0.784964 0 0 0 0 
-0.513483 -0.856695 0 0 0 0 
-0.49484 -0.828581 0 0 0 0 
-0.476196 -0.800466 0 0 0 0 
-0.534527 -0.844083 0 0 0 0 
-0.515883 -0.815968 0 0 0 0 
-0.55557 -0.83147 0 0 0 0 
1 2 6
2 7 6
2 3 7
3 8 7
3 4 8
4 9 8
4 5 9
6 7 10
7 11 10
7 8 11
8 12 11
8 9 12
10 11 13
11 14 13
11 12 14
13 14 15
ZONE N=15, E=16, F=FEPOINT, ET=TRIANGLE
-0.2455 -0.697979 0 0 0 0 
-0.275472 -0.67585 0 0 0 0 
-0.305443 -0.653721 0 0 0 0 
-0.335414 -0.631592 0 0 0 0 
-0.365386 -0.609463 0 0 0 0 
-0.259942 -0.716384 0 0 0 0 
-0.289913 -0.694255 0 0 0 0 
-0.319885 -0.672126 0 0 0 0 
-0.349856 -0.649997 0 0 0 0 
-0.274384 -0.734788 0 0 0 0 
-0.304355 -0.712659 0 0 0 0 
-0.334327 -0.69053 0 0 0 0 
-0.288826 -0.753193 0 0 0 0 
-0.318797 -0.731064 0 0 0 0 
-0.303268 -0.771597 0 0 0 0 
1 2 6
2 7 6
2 3 7
3 8 7
3 4 8
4 9 8
4 5 9
6 7 10
7 11 10
7 8 11
8 12 11
8 9 12
10 11 13
11 14 13
11 12 14
13 14 15
ZONE N=15, E=16, F=FEPOINT, ET=TRIANGLE
-0.508104 -0.672665 0 0 0 0 
-0.519971 -0.712366 0 0 0 0 
-0.531837 -0.752067 0 0 0 0 
-0.543704 -0.791768 0 0 0 0 
-0.55557 -0.83147 0 0 0 0 
-0.480283 -0.696864 0 0 0 0 
-0.49215 -0.736565 0 0 0 0 
-0.504016 -0.776266 0 0 0 0 
-0.515883 -0.815968 0 0 0 0 
-0.452463 -0.721063 0 0 0 0 
-0.464329 -0.760764 0 0 0 0 
-0.476196 -0.800466 0 0 0 0 
-0.424642 -0.745262 0 0 0 0 
-0.436508 -0.784964 0 0 0 0 
-0.396821 -0.769462 0 0 0 0 
1 2 6
2 7 6
2 3 7
3 8 7
3 4 8
4 9 8
4 5 9
6 7 10
7 11 10
7 8 11
8 12 11
8 9 12
10 11 13
11 14 13
11 12 14
13 14 15
ZONE N=15, E=16, F=FEPOINT, ET=TRIANGLE
-0.396821 -0.769462 0 0 0 0 
-0.402259 -0.747621 0 0 0 0 
-0.407697 -0.725781 0 0 0 0 
-0.413134 -0.703941 0 0 0 0 
-0.418572 -0.682101 0 0 0 0 
-0.424642 -0.745262 0 0 0 0 
-0.43008 -0.723422 0 0 0 0 
-0.435517 -0.701582 0 0 0 0 
-0.440955 -0.679742 0 0 0 0 
-0.452463 -0.721063 0 0 0 0 
-0.4579 -0.699223 0 0 0 0 
-0.463338 -0.677383 0 0 0 0 
-0.480283 -0.696864 0 0 0 0 
-0.485721 -0.675024 0 0 0 0 
-0.508104 -0.672665 0 0 0 0 
1 2 6
2 7 6
2 3 7
3 8 7
3 4 8
4 9 8
4 5 9
6 7 10
7 11 10
7 8 11
8 12 11
8 9 12
10 11 13
11 14 13
11 12 14
13 14 15
ZONE N=15, E=16, F=FEPOINT, ET=TRIANGLE
-0.70933 -0.511897 0 0 0 0 
-0.685274 -0.548451 0 0 0 0 
-0.661217 -0.585004 0 0 0 0 
-0.637161 -0.621558 0 0 0 0 
-0.613105 -0.658112 0 0 0 0 
-0.680796 -0.522331 0 0 0 0 
-0.65674 -0.558884 0 0 0 0 
-0.632684 -0.595438 0 0 0 0 
-0.608627 -0.631992 0 0 0 0 
-0.652262 -0.532764 0 0 0 0 
-0.628206 -0.569318 0 0 0 0 
-0.60415 -0.605872 0 0 0 0 
-0.623729 -0.543198 0 0 0 0 
-0.599672 -0.579752 0 0 0 0 
-0.595195 -0.553632 0 0 0 0 
1 2 6
2 7 6
2 3 7
3 8 7
3 4 8
4 9 8
4 5 9
6 7 10
7 11 10
7 8 11
8 12 11
8 9 12
10 11 13
11 14 13
11 12 14
13 14 15
ZONE N=15, E=16, F=FEPOINT, ET=TRIANGLE
-0.707107 -0.707107 0 0 0 0 
-0.669223 -0.738197 0 0 0 0 
-0.631339 -0.769288 0 0 0 0 
-0.593454 -0.800379 0 0 0 0 
-0.55557 -0.83147 0 0 0 0 
-0.683606 -0.694858 0 0 0 0 
-0.645722 -0.725949 0 0 0 0 
-0.607838 -0.75704 0 0 0 0 
-0.569954 -0.78813 0 0 0 0 
-0.660106 -0.682609 0 0 0 0 
-0.622222 -0.7137 0 0 0 0 
-0.584337 -0.744791 0 0 0 0 
-0.636605 -0.670361 0 0 0 0 
-0.598721 -0.701451 0 0 0 0 
-0.613105 -0.658112 0 0 0 0 
1 2 6
2 7 6
2 3 7
3 8 7
3 4 8
4 9 8
4 5 9
6 7 10
7 11 10
7 8 11
8 12 11
8 9 12
10 11 13
11 14 13
11 12 14
13 14 15
ZONE N=15, E=16, F=FEPOINT, ET=TRIANGLE
-0.396821 -0.769462 0 0 0 0 
-0.373433 -0.769996 0 0 0 0 
-0.350045 -0.770529 0 0 0 0 
-0.326656 -0.771063 0 0 0 0 
-0.303268 -0.771597 0 0 0 0 
-0.402259 -0.747621 0 0 0 0 
-0.378871 -0.748155 0 0 0 0 
-0.355482 -0.748689 0 0 0 0 
-0.332094 -0.749223 0 0 0 0 
-0.407697 -0.725781 0 0 0 0 
-0.384308 -0.726315 0 0 0 0 
-0.36092 -0.726849 0 0 0 0 
-0.413134 -0.703941 0 0 0 0 
-0.389746 -0.704475 0 0 0 0 
-0.418572 -0.682101 0 0 0 0 
1 2 6
2 7 6
2 3 7
3 8 7
3 4 8
4 9 8
4 5 9
6 7 10
7 11 10
7 8 11
8 12 11
8 9 12
10 11 13
11 14 13
11 12 14
13 14 15
ZONE N=15, E=16, F=FEPOINT, ET=TRIANGLE
-0.365386 -0.609463 0 0 0 0 
-0.387823 -0.606982 0 0 0 0 
-0.41026 -0.604501 0 0 0 0 
-0.432697 -0.60202 0 0 0 0 
-0.455134 -0.599539 0 0 0 0 
-0.378682 -0.627623 0 0 0 0 
-0.401119 -0.625141 0 0 0 0 
-0.423556 -0.62266 0 0 0 0 
-0.445994 -0.620179 0 0 0 0 
-0.391979 -0.645782 0 0 0 0 
-0.414416 -0.643301 0 0 0 0 
-0.436853 -0.64082 0 0 0 0 
-0.405276 -0.663941 0 0 0 0 
-0.427713 -0.66146 0 0 0 0 
-0.418572 -0.682101 0 0 0 0 
1 2 6
2 7 6
2 3 7
3 8 7
3 4 8
4 9 8
4 5 9
6 7 10
7 11 10
7 8 11
8 12 11
8 9 12
10 11 13
11 14 13
11 12 14
13 14 15
ZONE N=15, E=16, F=FEPOINT, ET=TRIANGLE
-0.455134 -0.599539 0 0 0 0 
-0.432697 -0.60202 0 0 0 0 
-0.41026 -0.604501 0 0 0 0 
-0.387823 -0.606982 0 0 0 0 
-0.365386 -0.609463 0 0 0 0 
-0.454736 -0.571983 0 0 0 0 
-0.432299 -0.574464 0 0 0 0 
-0.409862 -0.576945 0 0 0 0 
-0.387425 -0.579426 0 0 0 0 
-0.454338 -0.544426 0 0 0 0 
-0.431901 -0.546907 0 0 0 0 
-0.409464 -0.549388 0 0 0 0 
-0.453941 -0.51687 0 0 0 0 
-0.431504 -0.519351 0 0 0 0 
-0.453543 -0.489313 0 0 0 0 
1 2 6
2 7 6
2 3 7
3 8 7
3 4 8
4 9 8
4 5 9
6 7 10
7 11 10
7 8 11
8 12 11
8 9 12
10 11 13
11 14 13
11 12 14
13 14 15
ZONE N=15, E=16, F=FEPOINT, ET=TRIANGLE
-0.453543 -0.489313 0 0 0 0 
-0.488956 -0.505393 0 0 0 0 
-0.524369 -0.521473 0 0 0 0 
-0.559782 -0.537552 0 0 0 0 
-0.595195 -0.553632 0 0 0 0 
-0.453941 -0.51687 0 0 0 0 
-0.489354 -0.532949 0 0 0 0 
-0.524767 -0.549029 0 0 0 0 
-0.56018 -0.565109 0 0 0 0 
-0.454338 -0.544426 0 0 0 0 
-0.489751 -0.560506 0 0 0 0 
-0.525164 -0.576585 0 0 0 0 
-0.454736 -0.571983 0 0 0 0 
-0.490149 -0.588062 0 0 0 0 
-0.455134 -0.599539 0 0 0 0 
1 2 6
2 7 6
2 3 7
3 8 7
3 4 8
4 9 8
4 5 9
6 7 10
7 11 10
7 8 11
8 12 11
8 9 12
10 11 13
11 14 13
11 12 14
13 14 15
ZONE N=15, E=16, F=FEPOINT, ET=TRIANGLE
0.537833 0.319572 0 0 0 0 
0.555044 0.282962 0 0 0 0 
0.572256 0.246351 0 0 0 0 
0.589468 0.209741 0 0 0 0 
0.606679 0.173131 0 0 0 0 
0.563776 0.32045 0 0 0 0 
0.580988 0.28384 0 0 0 0 
0.598199 0.247229 0 0 0 0 
0.615411 0.210619 0 0 0 0 
0.58972 0.321328 0 0 0 0 
0.606931 0.284718 0 0 0 0 
0.624143 0.248107 0 0 0 0 
0.615663 0.322206 0 0 0 0 
0.632875 0.285595 0 0 0 0 
0.641607 0.323084 0 0 0 0 
1 2 6
2 7 6
2 3 7
3 8 7
3 4 8
4 9 8
4 5 9
6 7 10
7 11 10
7 8 11
8 12 11
8 9 12
10 11 13
11 14 13
11 12 14
13 14 15
ZONE N=15, E=16, F=FEPOINT, ET=TRIANGLE
0.68978 0.231102 0 0 0 0 
0.722644 0.251461 0 0 0 0 
0.755508 0.27182 0 0 0 0 
0.788373 0.292179 0 0 0 0 
0.821237 0.312538 0 0 0 0 
0.677736 0.254097 0 0 0 0 
0.710601 0.274456 0 0 0 0 
0.743465 0.294816 0 0 0 0 
0.776329 0.315175 0 0 0 0 
0.665693 0.277093 0 0 0 0 
0.698557 0.297452 0 0 0 0 
0.731422 0.317811 0 0 0 0 
0.65365 0.300088 0 0 0 0 
0.686514 0.320447 0 0 0 0 
0.641607 0.323084 0 0 0 0 
1 2 6
2 7 6
2 3 7
3 8 7
3 4 8
4 9 8
4 5 9
6 7 10
7 11 10
7 8 11
8 12 11
8 9 12
10 11 13
11 14 13
11 12 14
13 14 15
ZONE N=15, E=16, F=FEPOINT, ET=TRIANGLE
0.637863 -0.631153 0 0 0 0 
0.655174 -0.650141 0 0 0 0 
0.672485 -0.66913 0 0 0 0 
0.689796 -0.688118 0 0 0 0 
0.707107 -0.707107 0 0 0 0 
0.652052 -0.609731 0 0 0 0 
0.669363 -0.628719 0 0 0 0 
0.686674 -0.647708 0 0 0 0 
0.703985 -0.666697 0 0 0 0 
0.666242 -0.588309 0 0 0 0 
0.683553 -0.607298 0 0 0 0 
0.700864 -0.626286 0 0 0 0 
0.680432 -0.566887 0 0 0 0 
0.697743 -0.585876 0 0 0 0 
0.694621 -0.545466 0 0 0 0 
1 2 6
2 7 6
2 3 7
3 8 7
3 4 8
4 9 8
4 5 9
6 7 10
7 11 10
7 8 11
8 12 11
8 9 12
10 11 13
11 14 13
11 12 14
13 14 15
ZONE N=15, E=16, F=FEPOINT, ET=TRIANGLE
0.881921 -0.471397 0 0 0 0 
0.852011 -0.45037 0 0 0 0 
0.822101 -0.429343 0 0 0 0 
0.792191 -0.408316 0 0 0 0 
0.762281 -0.387289 0 0 0 0 
0.869308 -0.49244 0 0 0 0 
0.839398 -0.471413 0 0 0 0 
0.809488 -0.450386 0 0 0 0 
0.779578 -0.429359 0 0 0 0 
0.856695 -0.513483 0 0 0 0 
0.826785 -0.492457 0 0 0 0 
0.796875 -0.47143 0 0 0 0 
0.844083 -0.534527 0 0 0 0 
0.814172 -0.5135 0 0 0 0 
0.83147 -0.55557 0 0 0 0 
1 2 6
2 7 6
2 3 7
3 8 7
3 4 8
4 9 8
4 5 9
6 7 10
7 11 10
7 8 11
8 12 11
8 9 12
10 11 13
11 14 13
11 12 14
13 14 15
ZONE N=15, E=16, F=FEPOINT, ET=TRIANGLE
0.694621 -0.545466 0 0 0 0 
0.666236 -0.535102 0 0 0 0 
0.63785 -0.524738 0 0 0 0 
0.609465 -0.514374 0 0 0 0 
0.581079 -0.50401 0 0 0 0 
0.680432 -0.566887 0 0 0 0 
0.652046 -0.556523 0 0 0 0 
0.623661 -0.546159 0 0 0 0 
0.595275 -0.535795 0 0 0 0 
0.666242 -0.588309 0 0 0 0 
0.637857 -0.577945 0 0 0 0 
0.609471 -0.567581 0 0 0 0 
0.652052 -0.609731 0 0 0 0 
0.623667 -0.599367 0 0 0 0 
0.637863 -0.631153 0 0 0 0 
1 2 6
2 7 6
2 3 7
3 8 7
3 4 8
4 9 8
4 5 9
6 7 10
7 11 10
7 8 11
8 12 11
8 9 12
10 11 13
11 14 13
11 12 14
13 14 15
