ZONE N=15, E=16, F=FEPOINT, ET=TRIANGLE
-0.926906 0.0905582 0 0 0 0 
-0.942473 0.104601 0 0 0 0 
-0.958041 0.118644 0 0 0 0 
-0.973609 0.132687 0 0 0 0 
-0.989177 0.14673 0 0 0 0 
-0.943975 0.0924229 0 0 0 0 
-0.959618 0.106475 0 0 0 0 
-0.97526 0.120528 0 0 0 0 
-0.990903 0.134581 0 0 0 0 
-0.961045 0.0942877 0 0 0 0 
-0.976762 0.108349 0 0 0 0 
-0.99248 0.122411 0 0 0 0 
-0.978115 0.0961524 0 0 0 0 
-0.993907 0.110222 0 0 0 0 
-0.995185 0.0980171 0 0 0 0 
1 2 6
2 7 6
2 3 7
3 8 7
3 4 8
4 9 8
4 5 9
6 7 10
7 11 10
7 8 11
8 12 11
8 9 12
10 11 13
11 14 13
11 12 14
13 14 15
ZONE N=15, E=16, F=FEPOINT, ET=TRIANGLE
-0.9375 0.0372961 0 0 0 0 
-0.952824 0.040239 0 0 0 0 
-0.968148 0.0431819 0 0 0 0 
-0.983472 0.0461248 0 0 0 0 
-0.998795 0.0490677 0 0 0 0 
-0.953125 0.0279721 0 0 0 0 
-0.968524 0.0309168 0 0 0 0 
-0.983923 0.0338619 0 0 0 0 
-0.999322 0.0368072 0 0 0 0 
-0.96875 0.018648 0 0 0 0 
-0.984224 0.0215943 0 0 0 0 
-0.999699 0.0245412 0 0 0 0 
-0.984375 0.00932402 0 0 0 0 
-0.999925 0.0122715 0 0 0 0 
-1 1.249e-16 0 0 0 0 
1 2 6
2 7 6
2 3 7
3 8 7
3 4 8
4 9 8
4 5 9
6 7 10
7 11 10
7 8 11
8 12 11
8 9 12
10 11 13
11 14 13
11 12 14
13 14 15
ZONE N=15, E=16, F=FEPOINT, ET=TRIANGLE
-0.970031 0.24298 0 0 0 0 
-0.946825 0.244939 0 0 0 0 
-0.923618 0.246899 0 0 0 0 
-0.900412 0.248858 0 0 0 0 
-0.877205 0.250817 0 0 0 0 
-0.966976 0.254866 0 0 0 0 
-0.943697 0.256805 0 0 0 0 
-0.920418 0.258745 0 0 0 0 
-0.897139 0.260684 0 0 0 0 
-0.963776 0.266713 0 0 0 0 
-0.940424 0.268632 0 0 0 0 
-0.917073 0.270551 0 0 0 0 
-0.960431 0.27852 0 0 0 0 
-0.937007 0.280418 0 0 0 0 
-0.95694 0.290285 0 0 0 0 
1 2 6
2 7 6
2 3 7
3 8 7
3 4 8
4 9 8
4 5 9
6 7 10
7 11 10
7 8 11
8 12 11
8 9 12
10 11 13
11 14 13
11 12 14
13 14 15
ZONE N=15, E=16, F=FEPOINT, ET=TRIANGLE
-0.9375 0.0372961 0 0 0 0 
-0.934851 0.0506116 0 0 0 0 
-0.932203 0.0639271 0 0 0 0 
-0.929554 0.0772427 0 0 0 0 
-0.926906 0.0905582 0 0 0 0 
-0.951921 0.0524763 0 0 0 0 
-0.949273 0.0657919 0 0 0 0 
-0.946624 0.0791074 0 0 0 0 
-0.943975 0.0924229 0 0 0 0 
-0.966342 0.0676566 0 0 0 0 
-0.963694 0.0809721 0 0 0 0 
-0.961045 0.0942877 0 0 0 0 
-0.980764 0.0828369 0 0 0 0 
-0.978115 0.0961524 0 0 0 0 
-0.995185 0.0980171 0 0 0 0 
1 2 6
2 7 6
2 3 7
3 8 7
3 4 8
4 9 8
4 5 9
6 7 10
7 11 10
7 8 11
8 12 11
8 9 12
10 11 13
11 14 13
11 12 14
13 14 15
ZONE N=15, E=16, F=FEPOINT, ET=TRIANGLE
-0.92799 -0.0122586 0 0 0 0 
-0.945992 -0.00919399 0 0 0 0 
-0.963995 -0.00612932 0 0 0 0 
-0.981997 -0.00306466 0 0 0 0 
-1 1.23165e-16 0 0 0 0 
-0.945691 -0.0214609 0 0 0 0 
-0.963769 -0.0183981 0 0 0 0 
-0.981847 -0.015335 0 0 0 0 
-0.999925 -0.0122715 0 0 0 0 
-0.963392 -0.0306632 0 0 0 0 
-0.981546 -0.0276025 0 0 0 0 
-0.999699 -0.0245412 0 0 0 0 
-0.981094 -0.0398654 0 0 0 0 
-0.999322 -0.0368072 0 0 0 0 
-0.998795 -0.0490677 0 0 0 0 
1 2 6
2 7 6
2 3 7
3 8 7
3 4 8
4 9 8
4 5 9
6 7 10
7 11 10
7 8 11
8 12 11
8 9 12
10 11 13
11 14 13
11 12 14
13 14 15
ZONE N=15, E=16, F=FEPOINT, ET=TRIANGLE
-0.998795 0.0490677 0 0 0 0 
-0.983472 0.0461248 0 0 0 0 
-0.968148 0.0431819 0 0 0 0 
-0.952824 0.040239 0 0 0 0 
-0.9375 0.0372961 0 0 0 0 
-0.998118 0.0613207 0 0 0 0 
-0.982719 0.0583729 0 0 0 0 
-0.96732 0.0554248 0 0 0 0 
-0.951921 0.0524763 0 0 0 0 
-0.99729 0.0735646 0 0 0 0 
-0.981816 0.0706109 0 0 0 0 
-0.966342 0.0676566 0 0 0 0 
-0.996313 0.0857973 0 0 0 0 
-0.980764 0.0828369 0 0 0 0 
-0.995185 0.0980171 0 0 0 0 
1 2 6
2 7 6
2 3 7
3 8 7
3 4 8
4 9 8
4 5 9
6 7 10
7 11 10
7 8 11
8 12 11
8 9 12
10 11 13
11 14 13
11 12 14
13 14 15
ZONE N=15, E=16, F=FEPOINT, ET=TRIANGLE
-0.924635 0.159057 0 0 0 0 
-0.938672 0.168066 0 0 0 0 
-0.95271 0.177074 0 0 0 0 
-0.966748 0.186082 0 0 0 0 
-0.980785 0.19509 0 0 0 0 
-0.94077 0.155976 0 0 0 0 
-0.954882 0.164997 0 0 0 0 
-0.968994 0.174018 0 0 0 0 
-0.983105 0.18304 0 0 0 0 
-0.956906 0.152894 0 0 0 0 
-0.971092 0.161928 0 0 0 0 
-0.985278 0.170962 0 0 0 0 
-0.973041 0.149812 0 0 0 0 
-0.987301 0.158858 0 0 0 0 
-0.989177 0.14673 0 0 0 0 
1 2 6
2 7 6
2 3 7
3 8 7
3 4 8
4 9 8
4 5 9
6 7 10
7 11 10
7 8 11
8 12 11
8 9 12
10 11 13
11 14 13
11 12 14
13 14 15
ZONE N=15, E=16, F=FEPOINT, ET=TRIANGLE
-0.989177 0.14673 0 0 0 0 
-0.973609 0.132687 0 0 0 0 
-0.958041 0.118644 0 0 0 0 
-0.942473 0.104601 0 0 0 0 
-0.926906 0.0905582 0 0 0 0 
-0.973041 0.149812 0 0 0 0 
-0.957473 0.135769 0 0 0 0 
-0.941906 0.121726 0 0 0 0 
-0.926338 0.107683 0 0 0 0 
-0.956906 0.152894 0 0 0 0 
-0.941338 0.138851 0 0 0 0 
-0.92577 0.124808 0 0 0 0 
-0.94077 0.155976 0 0 0 0 
-0.925203 0.141932 0 0 0 0 
-0.924635 0.159057 0 0 0 0 
1 2 6
2 7 6
2 3 7
3 8 7
3 4 8
4 9 8
4 5 9
6 7 10
7 11 10
7 8 11
8 12 11
8 9 12
10 11 13
11 14 13
11 12 14
13 14 15
ZONE N=15, E=16, F=FEPOINT, ET=TRIANGLE
-0.980785 0.19509 0 0 0 0 
-0.966748 0.186082 0 0 0 0 
-0.95271 0.177074 0 0 0 0 
-0.938672 0.168066 0 0 0 0 
-0.924635 0.159057 0 0 0 0 
-0.962267 0.200683 0 0 0 0 
-0.948229 0.191675 0 0 0 0 
-0.934192 0.182667 0 0 0 0 
-0.920154 0.173659 0 0 0 0 
-0.943749 0.206277 0 0 0 0 
-0.929711 0.197268 0 0 0 0 
-0.915673 0.18826 0 0 0 0 
-0.92523 0.21187 0 0 0 0 
-0.911193 0.202861 0 0 0 0 
-0.906712 0.217463 0 0 0 0 
1 2 6
2 7 6
2 3 7
3 8 7
3 4 8
4 9 8
4 5 9
6 7 10
7 11 10
7 8 11
8 12 11
8 9 12
10 11 13
11 14 13
11 12 14
13 14 15
ZONE N=15, E=16, F=FEPOINT, ET=TRIANGLE
-0.906712 0.217463 0 0 0 0 
-0.922542 0.223842 0 0 0 0 
-0.938372 0.230221 0 0 0 0 
-0.954201 0.236601 0 0 0 0 
-0.970031 0.24298 0 0 0 0 
-0.92523 0.21187 0 0 0 0 
-0.941133 0.218265 0 0 0 0 
-0.957037 0.224662 0 0 0 0 
-0.97294 0.231058 0 0 0 0 
-0.943749 0.206277 0 0 0 0 
-0.959725 0.212689 0 0 0 0 
-0.975702 0.219101 0 0 0 0 
-0.962267 0.200683 0 0 0 0 
-0.978317 0.207111 0 0 0 0 
-0.980785 0.19509 0 0 0 0 
1 2 6
2 7 6
2 3 7
3 8 7
3 4 8
4 9 8
4 5 9
6 7 10
7 11 10
7 8 11
8 12 11
8 9 12
10 11 13
11 14 13
11 12 14
13 14 15
ZONE N=15, E=16, F=FEPOINT, ET=TRIANGLE
-0.906712 0.217463 0 0 0 0 
-0.899335 0.225801 0 0 0 0 
-0.891959 0.23414 0 0 0 0 
-0.884582 0.242478 0 0 0 0 
-0.877205 0.250817 0 0 0 0 
-0.922542 0.223842 0 0 0 0 
-0.915165 0.232181 0 0 0 0 
-0.907788 0.240519 0 0 0 0 
-0.900412 0.248858 0 0 0 0 
-0.938372 0.230221 0 0 0 0 
-0.930995 0.23856 0 0 0 0 
-0.923618 0.246899 0 0 0 0 
-0.954201 0.236601 0 0 0 0 
-0.946825 0.244939 0 0 0 0 
-0.970031 0.24298 0 0 0 0 
1 2 6
2 7 6
2 3 7
3 8 7
3 4 8
4 9 8
4 5 9
6 7 10
7 11 10
7 8 11
8 12 11
8 9 12
10 11 13
11 14 13
11 12 14
13 14 15
ZONE N=15, E=16, F=FEPOINT, ET=TRIANGLE
-0.876427 0.380306 0 0 0 0 
-0.866917 0.38441 0 0 0 0 
-0.857406 0.388514 0 0 0 0 
-0.847896 0.392618 0 0 0 0 
-0.838385 0.396722 0 0 0 0 
-0.883318 0.392118 0 0 0 0 
-0.873807 0.396222 0 0 0 0 
-0.864297 0.400326 0 0 0 0 
-0.854786 0.40443 0 0 0 0 
-0.890208 0.403931 0 0 0 0 
-0.880698 0.408034 0 0 0 0 
-0.871187 0.412138 0 0 0 0 
-0.897099 0.415743 0 0 0 0 
-0.887588 0.419847 0 0 0 0 
-0.903989 0.427555 0 0 0 0 
1 2 6
2 7 6
2 3 7
3 8 7
3 4 8
4 9 8
4 5 9
6 7 10
7 11 10
7 8 11
8 12 11
8 9 12
10 11 13
11 14 13
11 12 14
13 14 15
ZONE N=15, E=16, F=FEPOINT, ET=TRIANGLE
-0.863905 0.293317 0 0 0 0 
-0.887163 0.292559 0 0 0 0 
-0.910422 0.291801 0 0 0 0 
-0.933681 0.291043 0 0 0 0 
-0.95694 0.290285 0 0 0 0 
-0.86723 0.282692 0 0 0 0 
-0.890489 0.281934 0 0 0 0 
-0.913748 0.281176 0 0 0 0 
-0.937007 0.280418 0 0 0 0 
-0.870555 0.272067 0 0 0 0 
-0.893814 0.271309 0 0 0 0 
-0.917073 0.270551 0 0 0 0 
-0.87388 0.261442 0 0 0 0 
-0.897139 0.260684 0 0 0 0 
-0.877205 0.250817 0 0 0 0 
1 2 6
2 7 6
2 3 7
3 8 7
3 4 8
4 9 8
4 5 9
6 7 10
7 11 10
7 8 11
8 12 11
8 9 12
10 11 13
11 14 13
11 12 14
13 14 15
ZONE N=15, E=16, F=FEPOINT, ET=TRIANGLE
-0.989177 -0.14673 0 0 0 0 
-0.969466 -0.156985 0 0 0 0 
-0.949756 -0.167239 0 0 0 0 
-0.930046 -0.177494 0 0 0 0 
-0.910336 -0.187748 0 0 0 0 
-0.973904 -0.138755 0 0 0 0 
-0.954194 -0.14901 0 0 0 0 
-0.934484 -0.159264 0 0 0 0 
-0.914774 -0.169519 0 0 0 0 
-0.958631 -0.13078 0 0 0 0 
-0.938921 -0.141035 0 0 0 0 
-0.919211 -0.151289 0 0 0 0 
-0.943359 -0.122805 0 0 0 0 
-0.923649 -0.13306 0 0 0 0 
-0.928086 -0.11483 0 0 0 0 
1 2 6
2 7 6
2 3 7
3 8 7
3 4 8
4 9 8
4 5 9
6 7 10
7 11 10
7 8 11
8 12 11
8 9 12
10 11 13
11 14 13
11 12 14
13 14 15
ZONE N=15, E=16, F=FEPOINT, ET=TRIANGLE
-0.980785 -0.19509 0 0 0 0 
-0.978317 -0.207111 0 0 0 0 
-0.975702 -0.219101 0 0 0 0 
-0.97294 -0.231058 0 0 0 0 
-0.970031 -0.24298 0 0 0 0 
-0.963173 -0.193255 0 0 0 0 
-0.960631 -0.20526 0 0 0 0 
-0.957943 -0.217233 0 0 0 0 
-0.955107 -0.229172 0 0 0 0 
-0.945561 -0.191419 0 0 0 0 
-0.942946 -0.203408 0 0 0 0 
-0.940184 -0.215364 0 0 0 0 
-0.927948 -0.189584 0 0 0 0 
-0.92526 -0.201556 0 0 0 0 
-0.910336 -0.187748 0 0 0 0 
1 2 6
2 7 6
2 3 7
3 8 7
3 4 8
4 9 8
4 5 9
6 7 10
7 11 10
7 8 11
8 12 11
8 9 12
10 11 13
11 14 13
11 12 14
13 14 15
ZONE N=15, E=16, F=FEPOINT, ET=TRIANGLE
-0.995185 -0.0980171 0 0 0 0 
-0.97841 -0.10222 0 0 0 0 
-0.961635 -0.106424 0 0 0 0 
-0.944861 -0.110627 0 0 0 0 
-0.928086 -0.11483 0 0 0 0 
-0.981064 -0.0889047 0 0 0 0 
-0.964289 -0.093108 0 0 0 0 
-0.947515 -0.0973113 0 0 0 0 
-0.93074 -0.101515 0 0 0 0 
-0.966943 -0.0797923 0 0 0 0 
-0.950169 -0.0839956 0 0 0 0 
-0.933394 -0.0881989 0 0 0 0 
-0.952823 -0.0706799 0 0 0 0 
-0.936048 -0.0748832 0 0 0 0 
-0.938702 -0.0615675 0 0 0 0 
1 2 6
2 7 6
2 3 7
3 8 7
3 4 8
4 9 8
4 5 9
6 7 10
7 11 10
7 8 11
8 12 11
8 9 12
10 11 13
11 14 13
11 12 14
13 14 15
ZONE N=15, E=16, F=FEPOINT, ET=TRIANGLE
-0.910336 -0.187748 0 0 0 0 
-0.930046 -0.177494 0 0 0 0 
-0.949756 -0.167239 0 0 0 0 
-0.969466 -0.156985 0 0 0 0 
-0.989177 -0.14673 0 0 0 0 
-0.927948 -0.189584 0 0 0 0 
-0.947733 -0.179342 0 0 0 0 
-0.967517 -0.1691 0 0 0 0 
-0.987301 -0.158858 0 0 0 0 
-0.945561 -0.191419 0 0 0 0 
-0.965419 -0.181191 0 0 0 0 
-0.985278 -0.170962 0 0 0 0 
-0.963173 -0.193255 0 0 0 0 
-0.983105 -0.18304 0 0 0 0 
-0.980785 -0.19509 0 0 0 0 
1 2 6
2 7 6
2 3 7
3 8 7
3 4 8
4 9 8
4 5 9
6 7 10
7 11 10
7 8 11
8 12 11
8 9 12
10 11 13
11 14 13
11 12 14
13 14 15
ZONE N=15, E=16, F=FEPOINT, ET=TRIANGLE
-0.888595 -0.249859 0 0 0 0 
-0.908954 -0.24814 0 0 0 0 
-0.929313 -0.24642 0 0 0 0 
-0.949672 -0.2447 0 0 0 0 
-0.970031 -0.24298 0 0 0 0 
-0.905681 -0.259966 0 0 0 0 
-0.926113 -0.258266 0 0 0 0 
-0.946545 -0.256566 0 0 0 0 
-0.966976 -0.254866 0 0 0 0 
-0.922768 -0.270072 0 0 0 0 
-0.943272 -0.268393 0 0 0 0 
-0.963776 -0.266713 0 0 0 0 
-0.939854 -0.280178 0 0 0 0 
-0.960431 -0.27852 0 0 0 0 
-0.95694 -0.290285 0 0 0 0 
1 2 6
2 7 6
2 3 7
3 8 7
3 4 8
4 9 8
4 5 9
6 7 10
7 11 10
7 8 11
8 12 11
8 9 12
10 11 13
11 14 13
11 12 14
13 14 15
ZONE N=15, E=16, F=FEPOINT, ET=TRIANGLE
-0.938702 -0.0615675 0 0 0 0 
-0.953725 -0.0584426 0 0 0 0 
-0.968749 -0.0553176 0 0 0 0 
-0.983772 -0.0521926 0 0 0 0 
-0.998795 -0.0490677 0 0 0 0 
-0.952823 -0.0706799 0 0 0 0 
-0.967921 -0.0675605 0 0 0 0 
-0.98302 -0.0644408 0 0 0 0 
-0.998118 -0.0613207 0 0 0 0 
-0.966943 -0.0797923 0 0 0 0 
-0.982117 -0.0766788 0 0 0 0 
-0.99729 -0.0735646 0 0 0 0 
-0.981064 -0.0889047 0 0 0 0 
-0.996313 -0.0857973 0 0 0 0 
-0.995185 -0.0980171 0 0 0 0 
1 2 6
2 7 6
2 3 7
3 8 7
3 4 8
4 9 8
4 5 9
6 7 10
7 11 10
7 8 11
8 12 11
8 9 12
10 11 13
11 14 13
11 12 14
13 14 15
ZONE N=15, E=16, F=FEPOINT, ET=TRIANGLE
-0.989177 -0.14673 0 0 0 0 
-0.973904 -0.138755 0 0 0 0 
-0.958631 -0.13078 0 0 0 0 
-0.943359 -0.122805 0 0 0 0 
-0.928086 -0.11483 0 0 0 0 
-0.990903 -0.134581 0 0 0 0 
-0.975555 -0.126596 0 0 0 0 
-0.960208 -0.118611 0 0 0 0 
-0.944861 -0.110627 0 0 0 0 
-0.99248 -0.122411 0 0 0 0 
-0.977057 -0.114417 0 0 0 0 
-0.961635 -0.106424 0 0 0 0 
-0.993907 -0.110222 0 0 0 0 
-0.97841 -0.10222 0 0 0 0 
-0.995185 -0.0980171 0 0 0 0 
1 2 6
2 7 6
2 3 7
3 8 7
3 4 8
4 9 8
4 5 9
6 7 10
7 11 10
7 8 11
8 12 11
8 9 12
10 11 13
11 14 13
11 12 14
13 14 15
ZONE N=15, E=16, F=FEPOINT, ET=TRIANGLE
-0.9375 0.0372961 0 0 0 0 
-0.953125 0.0279721 0 0 0 0 
-0.96875 0.018648 0 0 0 0 
-0.984375 0.00932402 0 0 0 0 
-1 1.22465e-16 0 0 0 0 
-0.935122 0.0249074 0 0 0 0 
-0.950747 0.0155834 0 0 0 0 
-0.966372 0.00625936 0 0 0 0 
-0.981997 -0.00306466 0 0 0 0 
-0.932745 0.0125187 0 0 0 0 
-0.94837 0.00319469 0 0 0 0 
-0.963995 -0.00612932 0 0 0 0 
-0.930367 0.000130032 0 0 0 0 
-0.945992 -0.00919399 0 0 0 0 
-0.92799 -0.0122586 0 0 0 0 
1 2 6
2 7 6
2 3 7
3 8 7
3 4 8
4 9 8
4 5 9
6 7 10
7 11 10
7 8 11
8 12 11
8 9 12
10 11 13
11 14 13
11 12 14
13 14 15
ZONE N=15, E=16, F=FEPOINT, ET=TRIANGLE
-0.938702 -0.0615675 0 0 0 0 
-0.936024 -0.0492403 0 0 0 0 
-0.933346 -0.0369131 0 0 0 0 
-0.930668 -0.0245859 0 0 0 0 
-0.92799 -0.0122586 0 0 0 0 
-0.953725 -0.0584426 0 0 0 0 
-0.951047 -0.0461153 0 0 0 0 
-0.948369 -0.0337881 0 0 0 0 
-0.945691 -0.0214609 0 0 0 0 
-0.968749 -0.0553176 0 0 0 0 
-0.966071 -0.0429904 0 0 0 0 
-0.963392 -0.0306632 0 0 0 0 
-0.983772 -0.0521926 0 0 0 0 
-0.981094 -0.0398654 0 0 0 0 
-0.998795 -0.0490677 0 0 0 0 
1 2 6
2 7 6
2 3 7
3 8 7
3 4 8
4 9 8
4 5 9
6 7 10
7 11 10
7 8 11
8 12 11
8 9 12
10 11 13
11 14 13
11 12 14
13 14 15
ZONE N=15, E=16, F=FEPOINT, ET=TRIANGLE
-0.890821 -0.304883 0 0 0 0 
-0.890265 -0.291127 0 0 0 0 
-0.889708 -0.277371 0 0 0 0 
-0.889152 -0.263615 0 0 0 0 
-0.888595 -0.249859 0 0 0 0 
-0.907351 -0.301233 0 0 0 0 
-0.906794 -0.287477 0 0 0 0 
-0.906238 -0.273722 0 0 0 0 
-0.905681 -0.259966 0 0 0 0 
-0.923881 -0.297584 0 0 0 0 
-0.923324 -0.283828 0 0 0 0 
-0.922768 -0.270072 0 0 0 0 
-0.940411 -0.293934 0 0 0 0 
-0.939854 -0.280178 0 0 0 0 
-0.95694 -0.290285 0 0 0 0 
1 2 6
2 7 6
2 3 7
3 8 7
3 4 8
4 9 8
4 5 9
6 7 10
7 11 10
7 8 11
8 12 11
8 9 12
10 11 13
11 14 13
11 12 14
13 14 15
ZONE N=15, E=16, F=FEPOINT, ET=TRIANGLE
-0.941544 -0.33689 0 0 0 0 
-0.937339 -0.348419 0 0 0 0 
-0.932993 -0.359895 0 0 0 0 
-0.928506 -0.371317 0 0 0 0 
-0.92388 -0.382683 0 0 0 0 
-0.92797 -0.340749 0 0 0 0 
-0.923695 -0.352251 0 0 0 0 
-0.919278 -0.3637 0 0 0 0 
-0.914722 -0.375094 0 0 0 0 
-0.914397 -0.344607 0 0 0 0 
-0.910051 -0.356083 0 0 0 0 
-0.905564 -0.367504 0 0 0 0 
-0.900823 -0.348466 0 0 0 0 
-0.896407 -0.359914 0 0 0 0 
-0.887249 -0.352324 0 0 0 0 
1 2 6
2 7 6
2 3 7
3 8 7
3 4 8
4 9 8
4 5 9
6 7 10
7 11 10
7 8 11
8 12 11
8 9 12
10 11 13
11 14 13
11 12 14
13 14 15
ZONE N=15, E=16, F=FEPOINT, ET=TRIANGLE
-0.941544 -0.33689 0 0 0 0 
-0.928863 -0.328888 0 0 0 0 
-0.916183 -0.320886 0 0 0 0 
-0.903502 -0.312885 0 0 0 0 
-0.890821 -0.304883 0 0 0 0 
-0.945607 -0.32531 0 0 0 0 
-0.932855 -0.317284 0 0 0 0 
-0.920103 -0.309259 0 0 0 0 
-0.907351 -0.301233 0 0 0 0 
-0.949528 -0.313682 0 0 0 0 
-0.936705 -0.305632 0 0 0 0 
-0.923881 -0.297584 0 0 0 0 
-0.953306 -0.302006 0 0 0 0 
-0.940411 -0.293934 0 0 0 0 
-0.95694 -0.290285 0 0 0 0 
1 2 6
2 7 6
2 3 7
3 8 7
3 4 8
4 9 8
4 5 9
6 7 10
7 11 10
7 8 11
8 12 11
8 9 12
10 11 13
11 14 13
11 12 14
13 14 15
ZONE N=15, E=16, F=FEPOINT, ET=TRIANGLE
-0.890821 -0.304883 0 0 0 0 
-0.903502 -0.312885 0 0 0 0 
-0.916183 -0.320886 0 0 0 0 
-0.928863 -0.328888 0 0 0 0 
-0.941544 -0.33689 0 0 0 0 
-0.889928 -0.316743 0 0 0 0 
-0.902609 -0.324745 0 0 0 0 
-0.91529 -0.332747 0 0 0 0 
-0.92797 -0.340749 0 0 0 0 
-0.889035 -0.328604 0 0 0 0 
-0.901716 -0.336605 0 0 0 0 
-0.914397 -0.344607 0 0 0 0 
-0.888142 -0.340464 0 0 0 0 
-0.900823 -0.348466 0 0 0 0 
-0.887249 -0.352324 0 0 0 0 
1 2 6
2 7 6
2 3 7
3 8 7
3 4 8
4 9 8
4 5 9
6 7 10
7 11 10
7 8 11
8 12 11
8 9 12
10 11 13
11 14 13
11 12 14
13 14 15
ZONE N=15, E=16, F=FEPOINT, ET=TRIANGLE
-0.825087 -0.445819 0 0 0 0 
-0.830621 -0.435148 0 0 0 0 
-0.836155 -0.424477 0 0 0 0 
-0.841688 -0.413805 0 0 0 0 
-0.847222 -0.403134 0 0 0 0 
-0.839296 -0.452214 0 0 0 0 
-0.844829 -0.441542 0 0 0 0 
-0.850363 -0.430871 0 0 0 0 
-0.855897 -0.420199 0 0 0 0 
-0.853504 -0.458608 0 0 0 0 
-0.859038 -0.447937 0 0 0 0 
-0.864572 -0.437265 0 0 0 0 
-0.867713 -0.465002 0 0 0 0 
-0.873246 -0.454331 0 0 0 0 
-0.881921 -0.471397 0 0 0 0 
1 2 6
2 7 6
2 3 7
3 8 7
3 4 8
4 9 8
4 5 9
6 7 10
7 11 10
7 8 11
8 12 11
8 9 12
10 11 13
11 14 13
11 12 14
13 14 15
ZONE N=15, E=16, F=FEPOINT, ET=TRIANGLE
-0.857729 -0.514103 0 0 0 0 
-0.840845 -0.512317 0 0 0 0 
-0.823961 -0.510532 0 0 0 0 
-0.807077 -0.508747 0 0 0 0 
-0.790193 -0.506961 0 0 0 0 
-0.849568 -0.497032 0 0 0 0 
-0.832684 -0.495246 0 0 0 0 
-0.8158 -0.493461 0 0 0 0 
-0.798916 -0.491676 0 0 0 0 
-0.841408 -0.479961 0 0 0 0 
-0.824524 -0.478176 0 0 0 0 
-0.80764 -0.47639 0 0 0 0 
-0.833247 -0.46289 0 0 0 0 
-0.816363 -0.461105 0 0 0 0 
-0.825087 -0.445819 0 0 0 0 
1 2 6
2 7 6
2 3 7
3 8 7
3 4 8
4 9 8
4 5 9
6 7 10
7 11 10
7 8 11
8 12 11
8 9 12
10 11 13
11 14 13
11 12 14
13 14 15
ZONE N=15, E=16, F=FEPOINT, ET=TRIANGLE
-0.887249 -0.352324 0 0 0 0 
-0.896407 -0.359914 0 0 0 0 
-0.905564 -0.367504 0 0 0 0 
-0.914722 -0.375094 0 0 0 0 
-0.92388 -0.382683 0 0 0 0 
-0.891434 -0.371132 0 0 0 0 
-0.900661 -0.378752 0 0 0 0 
-0.909887 -0.386372 0 0 0 0 
-0.919114 -0.393992 0 0 0 0 
-0.895619 -0.38994 0 0 0 0 
-0.904914 -0.397591 0 0 0 0 
-0.91421 -0.405241 0 0 0 0 
-0.899804 -0.408747 0 0 0 0 
-0.909168 -0.41643 0 0 0 0 
-0.903989 -0.427555 0 0 0 0 
1 2 6
2 7 6
2 3 7
3 8 7
3 4 8
4 9 8
4 5 9
6 7 10
7 11 10
7 8 11
8 12 11
8 9 12
10 11 13
11 14 13
11 12 14
13 14 15
ZONE N=15, E=16, F=FEPOINT, ET=TRIANGLE
-0.847222 -0.403134 0 0 0 0 
-0.861414 -0.409239 0 0 0 0 
-0.875606 -0.415344 0 0 0 0 
-0.889798 -0.42145 0 0 0 0 
-0.903989 -0.427555 0 0 0 0 
-0.855897 -0.420199 0 0 0 0 
-0.870156 -0.426339 0 0 0 0 
-0.884415 -0.432478 0 0 0 0 
-0.898674 -0.438616 0 0 0 0 
-0.864572 -0.437265 0 0 0 0 
-0.878898 -0.443439 0 0 0 0 
-0.893224 -0.449611 0 0 0 0 
-0.873246 -0.454331 0 0 0 0 
-0.88764 -0.460539 0 0 0 0 
-0.881921 -0.471397 0 0 0 0 
1 2 6
2 7 6
2 3 7
3 8 7
3 4 8
4 9 8
4 5 9
6 7 10
7 11 10
7 8 11
8 12 11
8 9 12
10 11 13
11 14 13
11 12 14
13 14 15
ZONE N=15, E=16, F=FEPOINT, ET=TRIANGLE
-0.888595 -0.249859 0 0 0 0 
-0.89403 -0.234332 0 0 0 0 
-0.899465 -0.218804 0 0 0 0 
-0.904901 -0.203276 0 0 0 0 
-0.910336 -0.187748 0 0 0 0 
-0.908954 -0.24814 0 0 0 0 
-0.914389 -0.232612 0 0 0 0 
-0.919825 -0.217084 0 0 0 0 
-0.92526 -0.201556 0 0 0 0 
-0.929313 -0.24642 0 0 0 0 
-0.934748 -0.230892 0 0 0 0 
-0.940184 -0.215364 0 0 0 0 
-0.949672 -0.2447 0 0 0 0 
-0.955107 -0.229172 0 0 0 0 
-0.970031 -0.24298 0 0 0 0 
1 2 6
2 7 6
2 3 7
3 8 7
3 4 8
4 9 8
4 5 9
6 7 10
7 11 10
7 8 11
8 12 11
8 9 12
10 11 13
11 14 13
11 12 14
13 14 15
ZONE N=15, E=16, F=FEPOINT, ET=TRIANGLE
-0.847222 -0.403134 0 0 0 0 
-0.857229 -0.390431 0 0 0 0 
-0.867236 -0.377729 0 0 0 0 
-0.877242 -0.365027 0 0 0 0 
-0.887249 -0.352324 0 0 0 0 
-0.861414 -0.409239 0 0 0 0 
-0.871421 -0.396537 0 0 0 0 
-0.881427 -0.383834 0 0 0 0 
-0.891434 -0.371132 0 0 0 0 
-0.875606 -0.415344 0 0 0 0 
-0.885612 -0.402642 0 0 0 0 
-0.895619 -0.38994 0 0 0 0 
-0.889798 -0.42145 0 0 0 0 
-0.899804 -0.408747 0 0 0 0 
-0.903989 -0.427555 0 0 0 0 
1 2 6
2 7 6
2 3 7
3 8 7
3 4 8
4 9 8
4 5 9
6 7 10
7 11 10
7 8 11
8 12 11
8 9 12
10 11 13
11 14 13
11 12 14
13 14 15
ZONE N=15, E=16, F=FEPOINT, ET=TRIANGLE
-0.790193 -0.506961 0 0 0 0 
-0.807077 -0.508747 0 0 0 0 
-0.823961 -0.510532 0 0 0 0 
-0.840845 -0.512317 0 0 0 0 
-0.857729 -0.514103 0 0 0 0 
-0.800512 -0.519113 0 0 0 0 
-0.81746 -0.520939 0 0 0 0 
-0.834407 -0.522765 0 0 0 0 
-0.851355 -0.52459 0 0 0 0 
-0.810831 -0.531266 0 0 0 0 
-0.827842 -0.533132 0 0 0 0 
-0.844854 -0.534998 0 0 0 0 
-0.82115 -0.543418 0 0 0 0 
-0.838225 -0.545325 0 0 0 0 
-0.83147 -0.55557 0 0 0 0 
1 2 6
2 7 6
2 3 7
3 8 7
3 4 8
4 9 8
4 5 9
6 7 10
7 11 10
7 8 11
8 12 11
8 9 12
10 11 13
11 14 13
11 12 14
13 14 15
ZONE N=15, E=16, F=FEPOINT, ET=TRIANGLE
-0.857729 -0.514103 0 0 0 0 
-0.849568 -0.497032 0 0 0 0 
-0.841408 -0.479961 0 0 0 0 
-0.833247 -0.46289 0 0 0 0 
-0.825087 -0.445819 0 0 0 0 
-0.863973 -0.503538 0 0 0 0 
-0.855747 -0.48643 0 0 0 0 
-0.847521 -0.469322 0 0 0 0 
-0.839296 -0.452214 0 0 0 0 
-0.870087 -0.492898 0 0 0 0 
-0.861796 -0.475753 0 0 0 0 
-0.853504 -0.458608 0 0 0 0 
-0.87607 -0.482184 0 0 0 0 
-0.867713 -0.465002 0 0 0 0 
-0.881921 -0.471397 0 0 0 0 
1 2 6
2 7 6
2 3 7
3 8 7
3 4 8
4 9 8
4 5 9
6 7 10
7 11 10
7 8 11
8 12 11
8 9 12
10 11 13
11 14 13
11 12 14
13 14 15
ZONE N=15, E=16, F=FEPOINT, ET=TRIANGLE
-0.725895 0.57057 0 0 0 0 
-0.72187 0.582897 0 0 0 0 
-0.717846 0.595223 0 0 0 0 
-0.713821 0.607549 0 0 0 0 
-0.709796 0.619876 0 0 0 0 
-0.737674 0.586526 0 0 0 0 
-0.733649 0.598852 0 0 0 0 
-0.729624 0.611179 0 0 0 0 
-0.725599 0.623505 0 0 0 0 
-0.749453 0.602482 0 0 0 0 
-0.745428 0.614808 0 0 0 0 
-0.741403 0.627134 0 0 0 0 
-0.761232 0.618438 0 0 0 0 
-0.757207 0.630764 0 0 0 0 
-0.77301 0.634393 0 0 0 0 
1 2 6
2 7 6
2 3 7
3 8 7
3 4 8
4 9 8
4 5 9
6 7 10
7 11 10
7 8 11
8 12 11
8 9 12
10 11 13
11 14 13
11 12 14
13 14 15
ZONE N=15, E=16, F=FEPOINT, ET=TRIANGLE
-0.803208 0.595699 0 0 0 0 
-0.783879 0.589417 0 0 0 0 
-0.764551 0.583135 0 0 0 0 
-0.745223 0.576853 0 0 0 0 
-0.725895 0.57057 0 0 0 0 
-0.795837 0.605511 0 0 0 0 
-0.776449 0.599183 0 0 0 0 
-0.757062 0.592855 0 0 0 0 
-0.737674 0.586526 0 0 0 0 
-0.788346 0.615232 0 0 0 0 
-0.768899 0.608857 0 0 0 0 
-0.749453 0.602482 0 0 0 0 
-0.780737 0.624859 0 0 0 0 
-0.761232 0.618438 0 0 0 0 
-0.77301 0.634393 0 0 0 0 
1 2 6
2 7 6
2 3 7
3 8 7
3 4 8
4 9 8
4 5 9
6 7 10
7 11 10
7 8 11
8 12 11
8 9 12
10 11 13
11 14 13
11 12 14
13 14 15
ZONE N=15, E=16, F=FEPOINT, ET=TRIANGLE
-0.761744 0.515426 0 0 0 0 
-0.779175 0.525462 0 0 0 0 
-0.796607 0.535498 0 0 0 0 
-0.814038 0.545534 0 0 0 0 
-0.83147 0.55557 0 0 0 0 
-0.775623 0.50893 0 0 0 0 
-0.793055 0.518966 0 0 0 0 
-0.810486 0.529002 0 0 0 0 
-0.827917 0.539038 0 0 0 0 
-0.789503 0.502433 0 0 0 0 
-0.806934 0.512469 0 0 0 0 
-0.824365 0.522505 0 0 0 0 
-0.803382 0.495937 0 0 0 0 
-0.820813 0.505973 0 0 0 0 
-0.817261 0.48944 0 0 0 0 
1 2 6
2 7 6
2 3 7
3 8 7
3 4 8
4 9 8
4 5 9
6 7 10
7 11 10
7 8 11
8 12 11
8 9 12
10 11 13
11 14 13
11 12 14
13 14 15
ZONE N=15, E=16, F=FEPOINT, ET=TRIANGLE
-0.90173 0.33274 0 0 0 0 
-0.915533 0.322126 0 0 0 0 
-0.929335 0.311512 0 0 0 0 
-0.943138 0.300898 0 0 0 0 
-0.95694 0.290285 0 0 0 0 
-0.892274 0.322884 0 0 0 0 
-0.906076 0.31227 0 0 0 0 
-0.919879 0.301656 0 0 0 0 
-0.933681 0.291043 0 0 0 0 
-0.882817 0.313028 0 0 0 0 
-0.89662 0.302415 0 0 0 0 
-0.910422 0.291801 0 0 0 0 
-0.873361 0.303173 0 0 0 0 
-0.887163 0.292559 0 0 0 0 
-0.863905 0.293317 0 0 0 0 
1 2 6
2 7 6
2 3 7
3 8 7
3 4 8
4 9 8
4 5 9
6 7 10
7 11 10
7 8 11
8 12 11
8 9 12
10 11 13
11 14 13
11 12 14
13 14 15
ZONE N=15, E=16, F=FEPOINT, ET=TRIANGLE
-0.83843 0.438155 0 0 0 0 
-0.833138 0.450976 0 0 0 0 
-0.827846 0.463798 0 0 0 0 
-0.822553 0.476619 0 0 0 0 
-0.817261 0.48944 0 0 0 0 
-0.849303 0.446465 0 0 0 0 
-0.844011 0.459287 0 0 0 0 
-0.838718 0.472108 0 0 0 0 
-0.833426 0.48493 0 0 0 0 
-0.860176 0.454776 0 0 0 0 
-0.854883 0.467597 0 0 0 0 
-0.849591 0.480419 0 0 0 0 
-0.871048 0.463086 0 0 0 0 
-0.865756 0.475908 0 0 0 0 
-0.881921 0.471397 0 0 0 0 
1 2 6
2 7 6
2 3 7
3 8 7
3 4 8
4 9 8
4 5 9
6 7 10
7 11 10
7 8 11
8 12 11
8 9 12
10 11 13
11 14 13
11 12 14
13 14 15
ZONE N=15, E=16, F=FEPOINT, ET=TRIANGLE
-0.90173 0.33274 0 0 0 0 
-0.907268 0.345226 0 0 0 0 
-0.912805 0.357712 0 0 0 0 
-0.918342 0.370198 0 0 0 0 
-0.92388 0.382683 0 0 0 0 
-0.915533 0.322126 0 0 0 0 
-0.921354 0.334713 0 0 0 0 
-0.927174 0.347303 0 0 0 0 
-0.932993 0.359895 0 0 0 0 
-0.929335 0.311512 0 0 0 0 
-0.935441 0.324199 0 0 0 0 
-0.941544 0.33689 0 0 0 0 
-0.943138 0.300898 0 0 0 0 
-0.949528 0.313682 0 0 0 0 
-0.95694 0.290285 0 0 0 0 
1 2 6
2 7 6
2 3 7
3 8 7
3 4 8
4 9 8
4 5 9
6 7 10
7 11 10
7 8 11
8 12 11
8 9 12
10 11 13
11 14 13
11 12 14
13 14 15
ZONE N=15, E=16, F=FEPOINT, ET=TRIANGLE
-0.903989 0.427555 0 0 0 0 
-0.887599 0.430205 0 0 0 0 
-0.87121 0.432855 0 0 0 0 
-0.85482 0.435505 0 0 0 0 
-0.83843 0.438155 0 0 0 0 
-0.898674 0.438616 0 0 0 0 
-0.882217 0.441233 0 0 0 0 
-0.86576 0.443849 0 0 0 0 
-0.849303 0.446465 0 0 0 0 
-0.893224 0.449611 0 0 0 0 
-0.8767 0.452194 0 0 0 0 
-0.860176 0.454776 0 0 0 0 
-0.88764 0.460539 0 0 0 0 
-0.871048 0.463086 0 0 0 0 
-0.881921 0.471397 0 0 0 0 
1 2 6
2 7 6
2 3 7
3 8 7
3 4 8
4 9 8
4 5 9
6 7 10
7 11 10
7 8 11
8 12 11
8 9 12
10 11 13
11 14 13
11 12 14
13 14 15
ZONE N=15, E=16, F=FEPOINT, ET=TRIANGLE
-0.92388 0.382683 0 0 0 0 
-0.912016 0.382089 0 0 0 0 
-0.900153 0.381495 0 0 0 0 
-0.88829 0.3809 0 0 0 0 
-0.876427 0.380306 0 0 0 0 
-0.919114 0.393992 0 0 0 0 
-0.907182 0.393368 0 0 0 0 
-0.89525 0.392743 0 0 0 0 
-0.883318 0.392118 0 0 0 0 
-0.91421 0.405241 0 0 0 0 
-0.902209 0.404586 0 0 0 0 
-0.890208 0.403931 0 0 0 0 
-0.909168 0.41643 0 0 0 0 
-0.897099 0.415743 0 0 0 0 
-0.903989 0.427555 0 0 0 0 
1 2 6
2 7 6
2 3 7
3 8 7
3 4 8
4 9 8
4 5 9
6 7 10
7 11 10
7 8 11
8 12 11
8 9 12
10 11 13
11 14 13
11 12 14
13 14 15
ZONE N=15, E=16, F=FEPOINT, ET=TRIANGLE
-0.92388 0.382683 0 0 0 0 
-0.918342 0.370198 0 0 0 0 
-0.912805 0.357712 0 0 0 0 
-0.907268 0.345226 0 0 0 0 
-0.90173 0.33274 0 0 0 0 
-0.912016 0.382089 0 0 0 0 
-0.906479 0.369603 0 0 0 0 
-0.900942 0.357117 0 0 0 0 
-0.895405 0.344631 0 0 0 0 
-0.900153 0.381495 0 0 0 0 
-0.894616 0.369009 0 0 0 0 
-0.889079 0.356523 0 0 0 0 
-0.88829 0.3809 0 0 0 0 
-0.882753 0.368414 0 0 0 0 
-0.876427 0.380306 0 0 0 0 
1 2 6
2 7 6
2 3 7
3 8 7
3 4 8
4 9 8
4 5 9
6 7 10
7 11 10
7 8 11
8 12 11
8 9 12
10 11 13
11 14 13
11 12 14
13 14 15
ZONE N=15, E=16, F=FEPOINT, ET=TRIANGLE
-0.83147 0.55557 0 0 0 0 
-0.844854 0.534998 0 0 0 0 
-0.857729 0.514103 0 0 0 0 
-0.870087 0.492898 0 0 0 0 
-0.881921 0.471397 0 0 0 0 
-0.827917 0.539038 0 0 0 0 
-0.841046 0.518306 0 0 0 0 
-0.853661 0.497259 0 0 0 0 
-0.865756 0.475908 0 0 0 0 
-0.824365 0.522505 0 0 0 0 
-0.837237 0.501617 0 0 0 0 
-0.849591 0.480419 0 0 0 0 
-0.820813 0.505973 0 0 0 0 
-0.833426 0.48493 0 0 0 0 
-0.817261 0.48944 0 0 0 0 
1 2 6
2 7 6
2 3 7
3 8 7
3 4 8
4 9 8
4 5 9
6 7 10
7 11 10
7 8 11
8 12 11
8 9 12
10 11 13
11 14 13
11 12 14
13 14 15
ZONE N=15, E=16, F=FEPOINT, ET=TRIANGLE
-0.761744 0.515426 0 0 0 0 
-0.752782 0.529212 0 0 0 0 
-0.74382 0.542998 0 0 0 0 
-0.734857 0.556784 0 0 0 0 
-0.725895 0.57057 0 0 0 0 
-0.77211 0.535494 0 0 0 0 
-0.763148 0.54928 0 0 0 0 
-0.754186 0.563067 0 0 0 0 
-0.745223 0.576853 0 0 0 0 
-0.782476 0.555563 0 0 0 0 
-0.773514 0.569349 0 0 0 0 
-0.764551 0.583135 0 0 0 0 
-0.792842 0.575631 0 0 0 0 
-0.783879 0.589417 0 0 0 0 
-0.803208 0.595699 0 0 0 0 
1 2 6
2 7 6
2 3 7
3 8 7
3 4 8
4 9 8
4 5 9
6 7 10
7 11 10
7 8 11
8 12 11
8 9 12
10 11 13
11 14 13
11 12 14
13 14 15
ZONE N=15, E=16, F=FEPOINT, ET=TRIANGLE
-0.77301 0.634393 0 0 0 0 
-0.757207 0.630764 0 0 0 0 
-0.741403 0.627134 0 0 0 0 
-0.725599 0.623505 0 0 0 0 
-0.709796 0.619876 0 0 0 0 
-0.765167 0.643832 0 0 0 0 
-0.749306 0.640153 0 0 0 0 
-0.733445 0.636475 0 0 0 0 
-0.717585 0.632796 0 0 0 0 
-0.757209 0.653173 0 0 0 0 
-0.741291 0.649445 0 0 0 0 
-0.725373 0.645717 0 0 0 0 
-0.749136 0.662416 0 0 0 0 
-0.733162 0.658638 0 0 0 0 
-0.740951 0.671559 0 0 0 0 
1 2 6
2 7 6
2 3 7
3 8 7
3 4 8
4 9 8
4 5 9
6 7 10
7 11 10
7 8 11
8 12 11
8 9 12
10 11 13
11 14 13
11 12 14
13 14 15
ZONE N=15, E=16, F=FEPOINT, ET=TRIANGLE
-0.803208 0.595699 0 0 0 0 
-0.810457 0.585798 0 0 0 0 
-0.817585 0.575808 0 0 0 0 
-0.824589 0.565732 0 0 0 0 
-0.83147 0.55557 0 0 0 0 
-0.792842 0.575631 0 0 0 0 
-0.80003 0.565686 0 0 0 0 
-0.807096 0.555653 0 0 0 0 
-0.814038 0.545534 0 0 0 0 
-0.782476 0.555563 0 0 0 0 
-0.789603 0.545574 0 0 0 0 
-0.796607 0.535498 0 0 0 0 
-0.77211 0.535494 0 0 0 0 
-0.779175 0.525462 0 0 0 0 
-0.761744 0.515426 0 0 0 0 
1 2 6
2 7 6
2 3 7
3 8 7
3 4 8
4 9 8
4 5 9
6 7 10
7 11 10
7 8 11
8 12 11
8 9 12
10 11 13
11 14 13
11 12 14
13 14 15
ZONE N=15, E=16, F=FEPOINT, ET=TRIANGLE
-0.740951 0.671559 0 0 0 0 
-0.722186 0.665716 0 0 0 0 
-0.70342 0.659873 0 0 0 0 
-0.684654 0.65403 0 0 0 0 
-0.665889 0.648186 0 0 0 0 
-0.722754 0.676288 0 0 0 0 
-0.703988 0.670445 0 0 0 0 
-0.685222 0.664601 0 0 0 0 
-0.666457 0.658758 0 0 0 0 
-0.704556 0.681016 0 0 0 0 
-0.685791 0.675173 0 0 0 0 
-0.667025 0.66933 0 0 0 0 
-0.686359 0.685745 0 0 0 0 
-0.667593 0.679902 0 0 0 0 
-0.668161 0.690474 0 0 0 0 
1 2 6
2 7 6
2 3 7
3 8 7
3 4 8
4 9 8
4 5 9
6 7 10
7 11 10
7 8 11
8 12 11
8 9 12
10 11 13
11 14 13
11 12 14
13 14 15
ZONE N=15, E=16, F=FEPOINT, ET=TRIANGLE
-0.709796 0.619876 0 0 0 0 
-0.698819 0.626953 0 0 0 0 
-0.687842 0.634031 0 0 0 0 
-0.676866 0.641109 0 0 0 0 
-0.665889 0.648186 0 0 0 0 
-0.717585 0.632796 0 0 0 0 
-0.706608 0.639874 0 0 0 0 
-0.695631 0.646952 0 0 0 0 
-0.684654 0.65403 0 0 0 0 
-0.725373 0.645717 0 0 0 0 
-0.714397 0.652795 0 0 0 0 
-0.70342 0.659873 0 0 0 0 
-0.733162 0.658638 0 0 0 0 
-0.722186 0.665716 0 0 0 0 
-0.740951 0.671559 0 0 0 0 
1 2 6
2 7 6
2 3 7
3 8 7
3 4 8
4 9 8
4 5 9
6 7 10
7 11 10
7 8 11
8 12 11
8 9 12
10 11 13
11 14 13
11 12 14
13 14 15
ZONE N=15, E=16, F=FEPOINT, ET=TRIANGLE
-0.626464 0.697874 0 0 0 0 
-0.618678 0.705745 0 0 0 0 
-0.610891 0.713617 0 0 0 0 
-0.603105 0.721489 0 0 0 0 
-0.595318 0.729361 0 0 0 0 
-0.628447 0.716658 0 0 0 0 
-0.62066 0.72453 0 0 0 0 
-0.612874 0.732402 0 0 0 0 
-0.605087 0.740273 0 0 0 0 
-0.630429 0.735442 0 0 0 0 
-0.622642 0.743314 0 0 0 0 
-0.614856 0.751186 0 0 0 0 
-0.632411 0.754226 0 0 0 0 
-0.624625 0.762098 0 0 0 0 
-0.634393 0.77301 0 0 0 0 
1 2 6
2 7 6
2 3 7
3 8 7
3 4 8
4 9 8
4 5 9
6 7 10
7 11 10
7 8 11
8 12 11
8 9 12
10 11 13
11 14 13
11 12 14
13 14 15
ZONE N=15, E=16, F=FEPOINT, ET=TRIANGLE
-0.83843 0.438155 0 0 0 0 
-0.85482 0.435505 0 0 0 0 
-0.87121 0.432855 0 0 0 0 
-0.887599 0.430205 0 0 0 0 
-0.903989 0.427555 0 0 0 0 
-0.838419 0.427796 0 0 0 0 
-0.854809 0.425147 0 0 0 0 
-0.871198 0.422497 0 0 0 0 
-0.887588 0.419847 0 0 0 0 
-0.838407 0.417438 0 0 0 0 
-0.854797 0.414788 0 0 0 0 
-0.871187 0.412138 0 0 0 0 
-0.838396 0.40708 0 0 0 0 
-0.854786 0.40443 0 0 0 0 
-0.838385 0.396722 0 0 0 0 
1 2 6
2 7 6
2 3 7
3 8 7
3 4 8
4 9 8
4 5 9
6 7 10
7 11 10
7 8 11
8 12 11
8 9 12
10 11 13
11 14 13
11 12 14
13 14 15
ZONE N=15, E=16, F=FEPOINT, ET=TRIANGLE
-0.668161 0.690474 0 0 0 0 
-0.677898 0.694632 0 0 0 0 
-0.687634 0.69879 0 0 0 0 
-0.69737 0.702949 0 0 0 0 
-0.707107 0.707107 0 0 0 0 
-0.686359 0.685745 0 0 0 0 
-0.69615 0.689955 0 0 0 0 
-0.70594 0.694166 0 0 0 0 
-0.715731 0.698376 0 0 0 0 
-0.704556 0.681016 0 0 0 0 
-0.714402 0.685278 0 0 0 0 
-0.724247 0.689541 0 0 0 0 
-0.722754 0.676288 0 0 0 0 
-0.732654 0.680601 0 0 0 0 
-0.740951 0.671559 0 0 0 0 
1 2 6
2 7 6
2 3 7
3 8 7
3 4 8
4 9 8
4 5 9
6 7 10
7 11 10
7 8 11
8 12 11
8 9 12
10 11 13
11 14 13
11 12 14
13 14 15
ZONE N=15, E=16, F=FEPOINT, ET=TRIANGLE
-0.707107 0.707107 0 0 0 0 
-0.69737 0.702949 0 0 0 0 
-0.687634 0.69879 0 0 0 0 
-0.677898 0.694632 0 0 0 0 
-0.668161 0.690474 0 0 0 0 
-0.698376 0.715731 0 0 0 0 
-0.688588 0.711519 0 0 0 0 
-0.678799 0.707306 0 0 0 0 
-0.669011 0.703093 0 0 0 0 
-0.689541 0.724247 0 0 0 0 
-0.6797 0.71998 0 0 0 0 
-0.66986 0.715713 0 0 0 0 
-0.680601 0.732654 0 0 0 0 
-0.67071 0.728332 0 0 0 0 
-0.671559 0.740951 0 0 0 0 
1 2 6
2 7 6
2 3 7
3 8 7
3 4 8
4 9 8
4 5 9
6 7 10
7 11 10
7 8 11
8 12 11
8 9 12
10 11 13
11 14 13
11 12 14
13 14 15
ZONE N=15, E=16, F=FEPOINT, ET=TRIANGLE
-0.514103 0.857729 0 0 0 0 
-0.511 0.843315 0 0 0 0 
-0.507898 0.828902 0 0 0 0 
-0.504796 0.814489 0 0 0 0 
-0.501693 0.800075 0 0 0 0 
-0.495828 0.849987 0 0 0 0 
-0.492726 0.835574 0 0 0 0 
-0.489624 0.821161 0 0 0 0 
-0.486521 0.806747 0 0 0 0 
-0.477554 0.842246 0 0 0 0 
-0.474452 0.827833 0 0 0 0 
-0.471349 0.813419 0 0 0 0 
-0.45928 0.834504 0 0 0 0 
-0.456177 0.820091 0 0 0 0 
-0.441006 0.826763 0 0 0 0 
1 2 6
2 7 6
2 3 7
3 8 7
3 4 8
4 9 8
4 5 9
6 7 10
7 11 10
7 8 11
8 12 11
8 9 12
10 11 13
11 14 13
11 12 14
13 14 15
ZONE N=15, E=16, F=FEPOINT, ET=TRIANGLE
-0.471397 0.881921 0 0 0 0 
-0.454905 0.875191 0 0 0 0 
-0.438412 0.86846 0 0 0 0 
-0.42192 0.86173 0 0 0 0 
-0.405428 0.854999 0 0 0 0 
-0.460539 0.88764 0 0 0 0 
-0.444012 0.880842 0 0 0 0 
-0.427486 0.874044 0 0 0 0 
-0.41096 0.867247 0 0 0 0 
-0.449611 0.893224 0 0 0 0 
-0.433051 0.886359 0 0 0 0 
-0.416491 0.879494 0 0 0 0 
-0.438616 0.898674 0 0 0 0 
-0.422023 0.891742 0 0 0 0 
-0.427555 0.903989 0 0 0 0 
1 2 6
2 7 6
2 3 7
3 8 7
3 4 8
4 9 8
4 5 9
6 7 10
7 11 10
7 8 11
8 12 11
8 9 12
10 11 13
11 14 13
11 12 14
13 14 15
ZONE N=15, E=16, F=FEPOINT, ET=TRIANGLE
-0.595699 0.803208 0 0 0 0 
-0.584655 0.786393 0 0 0 0 
-0.573611 0.769578 0 0 0 0 
-0.562566 0.752763 0 0 0 0 
-0.551522 0.735948 0 0 0 0 
-0.58075 0.79608 0 0 0 0 
-0.569706 0.779265 0 0 0 0 
-0.558662 0.76245 0 0 0 0 
-0.547617 0.745635 0 0 0 0 
-0.565801 0.788952 0 0 0 0 
-0.554757 0.772137 0 0 0 0 
-0.543713 0.755322 0 0 0 0 
-0.550853 0.781824 0 0 0 0 
-0.539808 0.765009 0 0 0 0 
-0.535904 0.774696 0 0 0 0 
1 2 6
2 7 6
2 3 7
3 8 7
3 4 8
4 9 8
4 5 9
6 7 10
7 11 10
7 8 11
8 12 11
8 9 12
10 11 13
11 14 13
11 12 14
13 14 15
ZONE N=15, E=16, F=FEPOINT, ET=TRIANGLE
-0.595318 0.729361 0 0 0 0 
-0.595414 0.747823 0 0 0 0 
-0.595509 0.766284 0 0 0 0 
-0.595604 0.784746 0 0 0 0 
-0.595699 0.803208 0 0 0 0 
-0.605087 0.740273 0 0 0 0 
-0.605229 0.758794 0 0 0 0 
-0.60537 0.777316 0 0 0 0 
-0.605511 0.795837 0 0 0 0 
-0.614856 0.751186 0 0 0 0 
-0.615044 0.769766 0 0 0 0 
-0.615232 0.788346 0 0 0 0 
-0.624625 0.762098 0 0 0 0 
-0.624859 0.780737 0 0 0 0 
-0.634393 0.77301 0 0 0 0 
1 2 6
2 7 6
2 3 7
3 8 7
3 4 8
4 9 8
4 5 9
6 7 10
7 11 10
7 8 11
8 12 11
8 9 12
10 11 13
11 14 13
11 12 14
13 14 15
ZONE N=15, E=16, F=FEPOINT, ET=TRIANGLE
-0.595699 0.803208 0 0 0 0 
-0.58075 0.79608 0 0 0 0 
-0.565801 0.788952 0 0 0 0 
-0.550853 0.781824 0 0 0 0 
-0.535904 0.774696 0 0 0 0 
-0.585798 0.810457 0 0 0 0 
-0.570805 0.803268 0 0 0 0 
-0.555813 0.796079 0 0 0 0 
-0.54082 0.788889 0 0 0 0 
-0.575808 0.817585 0 0 0 0 
-0.560772 0.810334 0 0 0 0 
-0.545737 0.803083 0 0 0 0 
-0.565732 0.824589 0 0 0 0 
-0.550654 0.817276 0 0 0 0 
-0.55557 0.83147 0 0 0 0 
1 2 6
2 7 6
2 3 7
3 8 7
3 4 8
4 9 8
4 5 9
6 7 10
7 11 10
7 8 11
8 12 11
8 9 12
10 11 13
11 14 13
11 12 14
13 14 15
ZONE N=15, E=16, F=FEPOINT, ET=TRIANGLE
-0.55557 0.83147 0 0 0 0 
-0.550654 0.817276 0 0 0 0 
-0.545737 0.803083 0 0 0 0 
-0.54082 0.788889 0 0 0 0 
-0.535904 0.774696 0 0 0 0 
-0.542101 0.823621 0 0 0 0 
-0.537184 0.809428 0 0 0 0 
-0.532268 0.795234 0 0 0 0 
-0.527351 0.781041 0 0 0 0 
-0.528632 0.815772 0 0 0 0 
-0.523715 0.801579 0 0 0 0 
-0.518798 0.787385 0 0 0 0 
-0.515162 0.807924 0 0 0 0 
-0.510246 0.79373 0 0 0 0 
-0.501693 0.800075 0 0 0 0 
1 2 6
2 7 6
2 3 7
3 8 7
3 4 8
4 9 8
4 5 9
6 7 10
7 11 10
7 8 11
8 12 11
8 9 12
10 11 13
11 14 13
11 12 14
13 14 15
ZONE N=15, E=16, F=FEPOINT, ET=TRIANGLE
-0.355091 0.888964 0 0 0 0 
-0.373207 0.892721 0 0 0 0 
-0.391323 0.896477 0 0 0 0 
-0.409439 0.900233 0 0 0 0 
-0.427555 0.903989 0 0 0 0 
-0.367676 0.880473 0 0 0 0 
-0.385791 0.884229 0 0 0 0 
-0.403907 0.887985 0 0 0 0 
-0.422023 0.891742 0 0 0 0 
-0.38026 0.871982 0 0 0 0 
-0.398376 0.875738 0 0 0 0 
-0.416491 0.879494 0 0 0 0 
-0.392844 0.86349 0 0 0 0 
-0.41096 0.867247 0 0 0 0 
-0.405428 0.854999 0 0 0 0 
1 2 6
2 7 6
2 3 7
3 8 7
3 4 8
4 9 8
4 5 9
6 7 10
7 11 10
7 8 11
8 12 11
8 9 12
10 11 13
11 14 13
11 12 14
13 14 15
ZONE N=15, E=16, F=FEPOINT, ET=TRIANGLE
-0.514103 0.857729 0 0 0 0 
-0.52459 0.851355 0 0 0 0 
-0.534998 0.844854 0 0 0 0 
-0.545325 0.838225 0 0 0 0 
-0.55557 0.83147 0 0 0 0 
-0.511 0.843315 0 0 0 0 
-0.521448 0.836878 0 0 0 0 
-0.531815 0.830313 0 0 0 0 
-0.542101 0.823621 0 0 0 0 
-0.507898 0.828902 0 0 0 0 
-0.518305 0.822401 0 0 0 0 
-0.528632 0.815772 0 0 0 0 
-0.504796 0.814489 0 0 0 0 
-0.515162 0.807924 0 0 0 0 
-0.501693 0.800075 0 0 0 0 
1 2 6
2 7 6
2 3 7
3 8 7
3 4 8
4 9 8
4 5 9
6 7 10
7 11 10
7 8 11
8 12 11
8 9 12
10 11 13
11 14 13
11 12 14
13 14 15
ZONE N=15, E=16, F=FEPOINT, ET=TRIANGLE
-0.471397 0.881921 0 0 0 0 
-0.482184 0.87607 0 0 0 0 
-0.492898 0.870087 0 0 0 0 
-0.503538 0.863973 0 0 0 0 
-0.514103 0.857729 0 0 0 0 
-0.463799 0.868132 0 0 0 0 
-0.474549 0.862215 0 0 0 0 
-0.485226 0.856166 0 0 0 0 
-0.495828 0.849987 0 0 0 0 
-0.456201 0.854342 0 0 0 0 
-0.466915 0.84836 0 0 0 0 
-0.477554 0.842246 0 0 0 0 
-0.448603 0.840553 0 0 0 0 
-0.45928 0.834504 0 0 0 0 
-0.441006 0.826763 0 0 0 0 
1 2 6
2 7 6
2 3 7
3 8 7
3 4 8
4 9 8
4 5 9
6 7 10
7 11 10
7 8 11
8 12 11
8 9 12
10 11 13
11 14 13
11 12 14
13 14 15
ZONE N=15, E=16, F=FEPOINT, ET=TRIANGLE
-0.471397 0.881921 0 0 0 0 
-0.463799 0.868132 0 0 0 0 
-0.456201 0.854342 0 0 0 0 
-0.448603 0.840553 0 0 0 0 
-0.441006 0.826763 0 0 0 0 
-0.454905 0.875191 0 0 0 0 
-0.447307 0.861401 0 0 0 0 
-0.439709 0.847612 0 0 0 0 
-0.432111 0.833822 0 0 0 0 
-0.438412 0.86846 0 0 0 0 
-0.430814 0.854671 0 0 0 0 
-0.423217 0.840881 0 0 0 0 
-0.42192 0.86173 0 0 0 0 
-0.414322 0.84794 0 0 0 0 
-0.405428 0.854999 0 0 0 0 
1 2 6
2 7 6
2 3 7
3 8 7
3 4 8
4 9 8
4 5 9
6 7 10
7 11 10
7 8 11
8 12 11
8 9 12
10 11 13
11 14 13
11 12 14
13 14 15
ZONE N=15, E=16, F=FEPOINT, ET=TRIANGLE
-0.671559 0.740951 0 0 0 0 
-0.660285 0.730182 0 0 0 0 
-0.649012 0.719412 0 0 0 0 
-0.637738 0.708643 0 0 0 0 
-0.626464 0.697874 0 0 0 0 
-0.662416 0.749136 0 0 0 0 
-0.651092 0.73831 0 0 0 0 
-0.639769 0.727484 0 0 0 0 
-0.628447 0.716658 0 0 0 0 
-0.653173 0.757209 0 0 0 0 
-0.641801 0.746326 0 0 0 0 
-0.630429 0.735442 0 0 0 0 
-0.643832 0.765167 0 0 0 0 
-0.632411 0.754226 0 0 0 0 
-0.634393 0.77301 0 0 0 0 
1 2 6
2 7 6
2 3 7
3 8 7
3 4 8
4 9 8
4 5 9
6 7 10
7 11 10
7 8 11
8 12 11
8 9 12
10 11 13
11 14 13
11 12 14
13 14 15
ZONE N=15, E=16, F=FEPOINT, ET=TRIANGLE
-0.626464 0.697874 0 0 0 0 
-0.637738 0.708643 0 0 0 0 
-0.649012 0.719412 0 0 0 0 
-0.660285 0.730182 0 0 0 0 
-0.671559 0.740951 0 0 0 0 
-0.636889 0.696024 0 0 0 0 
-0.648162 0.706793 0 0 0 0 
-0.659436 0.717562 0 0 0 0 
-0.67071 0.728332 0 0 0 0 
-0.647313 0.694174 0 0 0 0 
-0.658586 0.704943 0 0 0 0 
-0.66986 0.715713 0 0 0 0 
-0.657737 0.692324 0 0 0 0 
-0.669011 0.703093 0 0 0 0 
-0.668161 0.690474 0 0 0 0 
1 2 6
2 7 6
2 3 7
3 8 7
3 4 8
4 9 8
4 5 9
6 7 10
7 11 10
7 8 11
8 12 11
8 9 12
10 11 13
11 14 13
11 12 14
13 14 15
ZONE N=15, E=16, F=FEPOINT, ET=TRIANGLE
-0.675643 -0.62102 0 0 0 0 
-0.684156 -0.615134 0 0 0 0 
-0.69267 -0.609248 0 0 0 0 
-0.701184 -0.603362 0 0 0 0 
-0.709698 -0.597476 0 0 0 0 
-0.69197 -0.633655 0 0 0 0 
-0.700483 -0.627769 0 0 0 0 
-0.708997 -0.621883 0 0 0 0 
-0.717511 -0.615997 0 0 0 0 
-0.708297 -0.646289 0 0 0 0 
-0.716811 -0.640404 0 0 0 0 
-0.725324 -0.634518 0 0 0 0 
-0.724624 -0.658924 0 0 0 0 
-0.733138 -0.653038 0 0 0 0 
-0.740951 -0.671559 0 0 0 0 
1 2 6
2 7 6
2 3 7
3 8 7
3 4 8
4 9 8
4 5 9
6 7 10
7 11 10
7 8 11
8 12 11
8 9 12
10 11 13
11 14 13
11 12 14
13 14 15
ZONE N=15, E=16, F=FEPOINT, ET=TRIANGLE
-0.551522 0.735948 0 0 0 0 
-0.562566 0.752763 0 0 0 0 
-0.573611 0.769578 0 0 0 0 
-0.584655 0.786393 0 0 0 0 
-0.595699 0.803208 0 0 0 0 
-0.562471 0.734301 0 0 0 0 
-0.573515 0.751116 0 0 0 0 
-0.58456 0.767931 0 0 0 0 
-0.595604 0.784746 0 0 0 0 
-0.57342 0.732655 0 0 0 0 
-0.584464 0.749469 0 0 0 0 
-0.595509 0.766284 0 0 0 0 
-0.584369 0.731008 0 0 0 0 
-0.595414 0.747823 0 0 0 0 
-0.595318 0.729361 0 0 0 0 
1 2 6
2 7 6
2 3 7
3 8 7
3 4 8
4 9 8
4 5 9
6 7 10
7 11 10
7 8 11
8 12 11
8 9 12
10 11 13
11 14 13
11 12 14
13 14 15
ZONE N=15, E=16, F=FEPOINT, ET=TRIANGLE
-0.77301 -0.634393 0 0 0 0 
-0.757182 -0.625164 0 0 0 0 
-0.741354 -0.615935 0 0 0 0 
-0.725526 -0.606706 0 0 0 0 
-0.709698 -0.597476 0 0 0 0 
-0.769725 -0.617708 0 0 0 0 
-0.753897 -0.608479 0 0 0 0 
-0.738068 -0.59925 0 0 0 0 
-0.72224 -0.590021 0 0 0 0 
-0.766439 -0.601023 0 0 0 0 
-0.750611 -0.591794 0 0 0 0 
-0.734783 -0.582565 0 0 0 0 
-0.763154 -0.584338 0 0 0 0 
-0.747326 -0.575109 0 0 0 0 
-0.759868 -0.567653 0 0 0 0 
1 2 6
2 7 6
2 3 7
3 8 7
3 4 8
4 9 8
4 5 9
6 7 10
7 11 10
7 8 11
8 12 11
8 9 12
10 11 13
11 14 13
11 12 14
13 14 15
ZONE N=15, E=16, F=FEPOINT, ET=TRIANGLE
-0.83147 -0.55557 0 0 0 0 
-0.813569 -0.558591 0 0 0 0 
-0.795669 -0.561612 0 0 0 0 
-0.777769 -0.564633 0 0 0 0 
-0.759868 -0.567653 0 0 0 0 
-0.82115 -0.543418 0 0 0 0 
-0.80325 -0.546439 0 0 0 0 
-0.78535 -0.54946 0 0 0 0 
-0.767449 -0.55248 0 0 0 0 
-0.810831 -0.531266 0 0 0 0 
-0.792931 -0.534286 0 0 0 0 
-0.775031 -0.537307 0 0 0 0 
-0.800512 -0.519113 0 0 0 0 
-0.782612 -0.522134 0 0 0 0 
-0.790193 -0.506961 0 0 0 0 
1 2 6
2 7 6
2 3 7
3 8 7
3 4 8
4 9 8
4 5 9
6 7 10
7 11 10
7 8 11
8 12 11
8 9 12
10 11 13
11 14 13
11 12 14
13 14 15
ZONE N=15, E=16, F=FEPOINT, ET=TRIANGLE
-0.707107 -0.707107 0 0 0 0 
-0.696873 -0.695661 0 0 0 0 
-0.686639 -0.684215 0 0 0 0 
-0.676405 -0.672769 0 0 0 0 
-0.666171 -0.661323 0 0 0 0 
-0.715731 -0.698376 0 0 0 0 
-0.705443 -0.686878 0 0 0 0 
-0.695155 -0.67538 0 0 0 0 
-0.684866 -0.663882 0 0 0 0 
-0.724247 -0.689541 0 0 0 0 
-0.713904 -0.677991 0 0 0 0 
-0.703561 -0.666441 0 0 0 0 
-0.732654 -0.680601 0 0 0 0 
-0.722256 -0.669 0 0 0 0 
-0.740951 -0.671559 0 0 0 0 
1 2 6
2 7 6
2 3 7
3 8 7
3 4 8
4 9 8
4 5 9
6 7 10
7 11 10
7 8 11
8 12 11
8 9 12
10 11 13
11 14 13
11 12 14
13 14 15
ZONE N=15, E=16, F=FEPOINT, ET=TRIANGLE
-0.62133 -0.710416 0 0 0 0 
-0.624596 -0.726064 0 0 0 0 
-0.627862 -0.741713 0 0 0 0 
-0.631128 -0.757362 0 0 0 0 
-0.634393 -0.77301 0 0 0 0 
-0.608571 -0.711041 0 0 0 0 
-0.611837 -0.72669 0 0 0 0 
-0.615103 -0.742339 0 0 0 0 
-0.618368 -0.757987 0 0 0 0 
-0.595812 -0.711667 0 0 0 0 
-0.599078 -0.727316 0 0 0 0 
-0.602343 -0.742964 0 0 0 0 
-0.583053 -0.712293 0 0 0 0 
-0.586318 -0.727941 0 0 0 0 
-0.570293 -0.712918 0 0 0 0 
1 2 6
2 7 6
2 3 7
3 8 7
3 4 8
4 9 8
4 5 9
6 7 10
7 11 10
7 8 11
8 12 11
8 9 12
10 11 13
11 14 13
11 12 14
13 14 15
ZONE N=15, E=16, F=FEPOINT, ET=TRIANGLE
-0.666171 -0.661323 0 0 0 0 
-0.667518 -0.68123 0 0 0 0 
-0.668865 -0.701137 0 0 0 0 
-0.670212 -0.721044 0 0 0 0 
-0.671559 -0.740951 0 0 0 0 
-0.654961 -0.673596 0 0 0 0 
-0.656308 -0.693503 0 0 0 0 
-0.657655 -0.71341 0 0 0 0 
-0.659002 -0.733317 0 0 0 0 
-0.643751 -0.685869 0 0 0 0 
-0.645098 -0.705776 0 0 0 0 
-0.646445 -0.725683 0 0 0 0 
-0.63254 -0.698142 0 0 0 0 
-0.633887 -0.718049 0 0 0 0 
-0.62133 -0.710416 0 0 0 0 
1 2 6
2 7 6
2 3 7
3 8 7
3 4 8
4 9 8
4 5 9
6 7 10
7 11 10
7 8 11
8 12 11
8 9 12
10 11 13
11 14 13
11 12 14
13 14 15
ZONE N=15, E=16, F=FEPOINT, ET=TRIANGLE
-0.595699 -0.803208 0 0 0 0 
-0.585798 -0.810457 0 0 0 0 
-0.575808 -0.817585 0 0 0 0 
-0.565732 -0.824589 0 0 0 0 
-0.55557 -0.83147 0 0 0 0 
-0.580889 -0.792149 0 0 0 0 
-0.570944 -0.799337 0 0 0 0 
-0.560911 -0.806403 0 0 0 0 
-0.550792 -0.813345 0 0 0 0 
-0.566079 -0.78109 0 0 0 0 
-0.55609 -0.788217 0 0 0 0 
-0.546014 -0.795221 0 0 0 0 
-0.551269 -0.770031 0 0 0 0 
-0.541236 -0.777097 0 0 0 0 
-0.536458 -0.758972 0 0 0 0 
1 2 6
2 7 6
2 3 7
3 8 7
3 4 8
4 9 8
4 5 9
6 7 10
7 11 10
7 8 11
8 12 11
8 9 12
10 11 13
11 14 13
11 12 14
13 14 15
ZONE N=15, E=16, F=FEPOINT, ET=TRIANGLE
-0.671559 -0.740951 0 0 0 0 
-0.662416 -0.749136 0 0 0 0 
-0.653173 -0.757209 0 0 0 0 
-0.643832 -0.765167 0 0 0 0 
-0.634393 -0.77301 0 0 0 0 
-0.659002 -0.733317 0 0 0 0 
-0.649809 -0.741446 0 0 0 0 
-0.640517 -0.749461 0 0 0 0 
-0.631128 -0.757362 0 0 0 0 
-0.646445 -0.725683 0 0 0 0 
-0.637202 -0.733755 0 0 0 0 
-0.627862 -0.741713 0 0 0 0 
-0.633887 -0.718049 0 0 0 0 
-0.624596 -0.726064 0 0 0 0 
-0.62133 -0.710416 0 0 0 0 
1 2 6
2 7 6
2 3 7
3 8 7
3 4 8
4 9 8
4 5 9
6 7 10
7 11 10
7 8 11
8 12 11
8 9 12
10 11 13
11 14 13
11 12 14
13 14 15
ZONE N=15, E=16, F=FEPOINT, ET=TRIANGLE
-0.759868 -0.567653 0 0 0 0 
-0.777769 -0.564633 0 0 0 0 
-0.795669 -0.561612 0 0 0 0 
-0.813569 -0.558591 0 0 0 0 
-0.83147 -0.55557 0 0 0 0 
-0.763154 -0.584338 0 0 0 0 
-0.781296 -0.581497 0 0 0 0 
-0.79944 -0.578654 0 0 0 0 
-0.817585 -0.575808 0 0 0 0 
-0.766439 -0.601023 0 0 0 0 
-0.784822 -0.598363 0 0 0 0 
-0.803208 -0.595699 0 0 0 0 
-0.769725 -0.617708 0 0 0 0 
-0.788346 -0.615232 0 0 0 0 
-0.77301 -0.634393 0 0 0 0 
1 2 6
2 7 6
2 3 7
3 8 7
3 4 8
4 9 8
4 5 9
6 7 10
7 11 10
7 8 11
8 12 11
8 9 12
10 11 13
11 14 13
11 12 14
13 14 15
ZONE N=15, E=16, F=FEPOINT, ET=TRIANGLE
-0.77301 -0.634393 0 0 0 0 
-0.765167 -0.643832 0 0 0 0 
-0.757209 -0.653173 0 0 0 0 
-0.749136 -0.662416 0 0 0 0 
-0.740951 -0.671559 0 0 0 0 
-0.757182 -0.625164 0 0 0 0 
-0.749282 -0.634554 0 0 0 0 
-0.741266 -0.643845 0 0 0 0 
-0.733138 -0.653038 0 0 0 0 
-0.741354 -0.615935 0 0 0 0 
-0.733396 -0.625275 0 0 0 0 
-0.725324 -0.634518 0 0 0 0 
-0.725526 -0.606706 0 0 0 0 
-0.717511 -0.615997 0 0 0 0 
-0.709698 -0.597476 0 0 0 0 
1 2 6
2 7 6
2 3 7
3 8 7
3 4 8
4 9 8
4 5 9
6 7 10
7 11 10
7 8 11
8 12 11
8 9 12
10 11 13
11 14 13
11 12 14
13 14 15
ZONE N=15, E=16, F=FEPOINT, ET=TRIANGLE
-0.666171 -0.661323 0 0 0 0 
-0.668539 -0.651247 0 0 0 0 
-0.670907 -0.641171 0 0 0 0 
-0.673275 -0.631096 0 0 0 0 
-0.675643 -0.62102 0 0 0 0 
-0.684866 -0.663882 0 0 0 0 
-0.687234 -0.653806 0 0 0 0 
-0.689602 -0.64373 0 0 0 0 
-0.69197 -0.633655 0 0 0 0 
-0.703561 -0.666441 0 0 0 0 
-0.705929 -0.656365 0 0 0 0 
-0.708297 -0.646289 0 0 0 0 
-0.722256 -0.669 0 0 0 0 
-0.724624 -0.658924 0 0 0 0 
-0.740951 -0.671559 0 0 0 0 
1 2 6
2 7 6
2 3 7
3 8 7
3 4 8
4 9 8
4 5 9
6 7 10
7 11 10
7 8 11
8 12 11
8 9 12
10 11 13
11 14 13
11 12 14
13 14 15
ZONE N=15, E=16, F=FEPOINT, ET=TRIANGLE
-0.536458 -0.758972 0 0 0 0 
-0.544917 -0.747459 0 0 0 0 
-0.553376 -0.735945 0 0 0 0 
-0.561835 -0.724432 0 0 0 0 
-0.570293 -0.712918 0 0 0 0 
-0.551269 -0.770031 0 0 0 0 
-0.559727 -0.758518 0 0 0 0 
-0.568186 -0.747004 0 0 0 0 
-0.576645 -0.735491 0 0 0 0 
-0.566079 -0.78109 0 0 0 0 
-0.574538 -0.769576 0 0 0 0 
-0.582996 -0.758063 0 0 0 0 
-0.580889 -0.792149 0 0 0 0 
-0.589348 -0.780635 0 0 0 0 
-0.595699 -0.803208 0 0 0 0 
1 2 6
2 7 6
2 3 7
3 8 7
3 4 8
4 9 8
4 5 9
6 7 10
7 11 10
7 8 11
8 12 11
8 9 12
10 11 13
11 14 13
11 12 14
13 14 15
ZONE N=15, E=16, F=FEPOINT, ET=TRIANGLE
-0.671559 -0.740951 0 0 0 0 
-0.670212 -0.721044 0 0 0 0 
-0.668865 -0.701137 0 0 0 0 
-0.667518 -0.68123 0 0 0 0 
-0.666171 -0.661323 0 0 0 0 
-0.680601 -0.732654 0 0 0 0 
-0.679203 -0.712692 0 0 0 0 
-0.677804 -0.69273 0 0 0 0 
-0.676405 -0.672769 0 0 0 0 
-0.689541 -0.724247 0 0 0 0 
-0.68809 -0.704231 0 0 0 0 
-0.686639 -0.684215 0 0 0 0 
-0.698376 -0.715731 0 0 0 0 
-0.696873 -0.695661 0 0 0 0 
-0.707107 -0.707107 0 0 0 0 
1 2 6
2 7 6
2 3 7
3 8 7
3 4 8
4 9 8
4 5 9
6 7 10
7 11 10
7 8 11
8 12 11
8 9 12
10 11 13
11 14 13
11 12 14
13 14 15
ZONE N=15, E=16, F=FEPOINT, ET=TRIANGLE
-0.471397 -0.881921 0 0 0 0 
-0.462142 -0.871964 0 0 0 0 
-0.452888 -0.862007 0 0 0 0 
-0.443633 -0.852049 0 0 0 0 
-0.434379 -0.842092 0 0 0 0 
-0.476024 -0.863331 0 0 0 0 
-0.46677 -0.853374 0 0 0 0 
-0.457515 -0.843417 0 0 0 0 
-0.448261 -0.833459 0 0 0 0 
-0.480652 -0.844741 0 0 0 0 
-0.471398 -0.834784 0 0 0 0 
-0.462143 -0.824827 0 0 0 0 
-0.48528 -0.826151 0 0 0 0 
-0.476025 -0.816194 0 0 0 0 
-0.489908 -0.807561 0 0 0 0 
1 2 6
2 7 6
2 3 7
3 8 7
3 4 8
4 9 8
4 5 9
6 7 10
7 11 10
7 8 11
8 12 11
8 9 12
10 11 13
11 14 13
11 12 14
13 14 15
ZONE N=15, E=16, F=FEPOINT, ET=TRIANGLE
0.14455 -0.889026 0 0 0 0 
0.136481 -0.899477 0 0 0 0 
0.128412 -0.909929 0 0 0 0 
0.120343 -0.92038 0 0 0 0 
0.112274 -0.930831 0 0 0 0 
0.145095 -0.914063 0 0 0 0 
0.137026 -0.924515 0 0 0 0 
0.128957 -0.934966 0 0 0 0 
0.120888 -0.945418 0 0 0 0 
0.14564 -0.939101 0 0 0 0 
0.137571 -0.949553 0 0 0 0 
0.129502 -0.960004 0 0 0 0 
0.146185 -0.964139 0 0 0 0 
0.138116 -0.97459 0 0 0 0 
0.14673 -0.989177 0 0 0 0 
1 2 6
2 7 6
2 3 7
3 8 7
3 4 8
4 9 8
4 5 9
6 7 10
7 11 10
7 8 11
8 12 11
8 9 12
10 11 13
11 14 13
11 12 14
13 14 15
ZONE N=15, E=16, F=FEPOINT, ET=TRIANGLE
-0.379055 -0.874555 0 0 0 0 
-0.39118 -0.881914 0 0 0 0 
-0.403305 -0.889272 0 0 0 0 
-0.41543 -0.896631 0 0 0 0 
-0.427555 -0.903989 0 0 0 0 
-0.379962 -0.886886 0 0 0 0 
-0.392118 -0.894314 0 0 0 0 
-0.404273 -0.901741 0 0 0 0 
-0.41643 -0.909168 0 0 0 0 
-0.380869 -0.899217 0 0 0 0 
-0.393055 -0.906714 0 0 0 0 
-0.405241 -0.91421 0 0 0 0 
-0.381776 -0.911548 0 0 0 0 
-0.393992 -0.919114 0 0 0 0 
-0.382683 -0.92388 0 0 0 0 
1 2 6
2 7 6
2 3 7
3 8 7
3 4 8
4 9 8
4 5 9
6 7 10
7 11 10
7 8 11
8 12 11
8 9 12
10 11 13
11 14 13
11 12 14
13 14 15
ZONE N=15, E=16, F=FEPOINT, ET=TRIANGLE
-0.595699 -0.803208 0 0 0 0 
-0.589348 -0.780635 0 0 0 0 
-0.582996 -0.758063 0 0 0 0 
-0.576645 -0.735491 0 0 0 0 
-0.570293 -0.712918 0 0 0 0 
-0.605511 -0.795837 0 0 0 0 
-0.599114 -0.773205 0 0 0 0 
-0.592716 -0.750573 0 0 0 0 
-0.586318 -0.727941 0 0 0 0 
-0.615232 -0.788346 0 0 0 0 
-0.608788 -0.765655 0 0 0 0 
-0.602343 -0.742964 0 0 0 0 
-0.624859 -0.780737 0 0 0 0 
-0.618368 -0.757987 0 0 0 0 
-0.634393 -0.77301 0 0 0 0 
1 2 6
2 7 6
2 3 7
3 8 7
3 4 8
4 9 8
4 5 9
6 7 10
7 11 10
7 8 11
8 12 11
8 9 12
10 11 13
11 14 13
11 12 14
13 14 15
ZONE N=15, E=16, F=FEPOINT, ET=TRIANGLE
-0.301721 -0.891856 0 0 0 0 
-0.310513 -0.904278 0 0 0 0 
-0.319306 -0.9167 0 0 0 0 
-0.328098 -0.929122 0 0 0 0 
-0.33689 -0.941544 0 0 0 0 
-0.298862 -0.908127 0 0 0 0 
-0.307678 -0.92062 0 0 0 0 
-0.316494 -0.933114 0 0 0 0 
-0.32531 -0.945607 0 0 0 0 
-0.296003 -0.924398 0 0 0 0 
-0.304842 -0.936963 0 0 0 0 
-0.313682 -0.949528 0 0 0 0 
-0.293144 -0.940669 0 0 0 0 
-0.302006 -0.953306 0 0 0 0 
-0.290285 -0.95694 0 0 0 0 
1 2 6
2 7 6
2 3 7
3 8 7
3 4 8
4 9 8
4 5 9
6 7 10
7 11 10
7 8 11
8 12 11
8 9 12
10 11 13
11 14 13
11 12 14
13 14 15
ZONE N=15, E=16, F=FEPOINT, ET=TRIANGLE
-0.301721 -0.891856 0 0 0 0 
-0.321055 -0.887531 0 0 0 0 
-0.340388 -0.883205 0 0 0 0 
-0.359722 -0.87888 0 0 0 0 
-0.379055 -0.874555 0 0 0 0 
-0.310513 -0.904278 0 0 0 0 
-0.329847 -0.899953 0 0 0 0 
-0.34918 -0.895627 0 0 0 0 
-0.368514 -0.891302 0 0 0 0 
-0.319306 -0.9167 0 0 0 0 
-0.338639 -0.912375 0 0 0 0 
-0.357972 -0.90805 0 0 0 0 
-0.328098 -0.929122 0 0 0 0 
-0.347431 -0.924797 0 0 0 0 
-0.33689 -0.941544 0 0 0 0 
1 2 6
2 7 6
2 3 7
3 8 7
3 4 8
4 9 8
4 5 9
6 7 10
7 11 10
7 8 11
8 12 11
8 9 12
10 11 13
11 14 13
11 12 14
13 14 15
ZONE N=15, E=16, F=FEPOINT, ET=TRIANGLE
-0.206358 -0.91243 0 0 0 0 
-0.216543 -0.904458 0 0 0 0 
-0.226729 -0.896486 0 0 0 0 
-0.236914 -0.888514 0 0 0 0 
-0.247099 -0.880543 0 0 0 0 
-0.215513 -0.92683 0 0 0 0 
-0.225699 -0.918858 0 0 0 0 
-0.235884 -0.910887 0 0 0 0 
-0.24607 -0.902915 0 0 0 0 
-0.224669 -0.941231 0 0 0 0 
-0.234854 -0.933259 0 0 0 0 
-0.24504 -0.925287 0 0 0 0 
-0.233825 -0.955631 0 0 0 0 
-0.24401 -0.947659 0 0 0 0 
-0.24298 -0.970031 0 0 0 0 
1 2 6
2 7 6
2 3 7
3 8 7
3 4 8
4 9 8
4 5 9
6 7 10
7 11 10
7 8 11
8 12 11
8 9 12
10 11 13
11 14 13
11 12 14
13 14 15
ZONE N=15, E=16, F=FEPOINT, ET=TRIANGLE
-0.33689 -0.941544 0 0 0 0 
-0.347431 -0.924797 0 0 0 0 
-0.357972 -0.90805 0 0 0 0 
-0.368514 -0.891302 0 0 0 0 
-0.379055 -0.874555 0 0 0 0 
-0.348419 -0.937339 0 0 0 0 
-0.358933 -0.920521 0 0 0 0 
-0.369448 -0.903704 0 0 0 0 
-0.379962 -0.886886 0 0 0 0 
-0.359895 -0.932993 0 0 0 0 
-0.370382 -0.916105 0 0 0 0 
-0.380869 -0.899217 0 0 0 0 
-0.371317 -0.928506 0 0 0 0 
-0.381776 -0.911548 0 0 0 0 
-0.382683 -0.92388 0 0 0 0 
1 2 6
2 7 6
2 3 7
3 8 7
3 4 8
4 9 8
4 5 9
6 7 10
7 11 10
7 8 11
8 12 11
8 9 12
10 11 13
11 14 13
11 12 14
13 14 15
ZONE N=15, E=16, F=FEPOINT, ET=TRIANGLE
0.55557 0.83147 0 0 0 0 
0.536926 0.821536 0 0 0 0 
0.518282 0.811603 0 0 0 0 
0.499637 0.80167 0 0 0 0 
0.480993 0.791737 0 0 0 0 
0.548549 0.814727 0 0 0 0 
0.529905 0.804793 0 0 0 0 
0.511261 0.79486 0 0 0 0 
0.492616 0.784927 0 0 0 0 
0.541528 0.797984 0 0 0 0 
0.522884 0.78805 0 0 0 0 
0.50424 0.778117 0 0 0 0 
0.534507 0.781241 0 0 0 0 
0.515863 0.771307 0 0 0 0 
0.527486 0.764498 0 0 0 0 
1 2 6
2 7 6
2 3 7
3 8 7
3 4 8
4 9 8
4 5 9
6 7 10
7 11 10
7 8 11
8 12 11
8 9 12
10 11 13
11 14 13
11 12 14
13 14 15
ZONE N=15, E=16, F=FEPOINT, ET=TRIANGLE
-0.382683 0.92388 0 0 0 0 
-0.393992 0.919114 0 0 0 0 
-0.405241 0.91421 0 0 0 0 
-0.41643 0.909168 0 0 0 0 
-0.427555 0.903989 0 0 0 0 
-0.375785 0.915151 0 0 0 0 
-0.387064 0.910316 0 0 0 0 
-0.398283 0.905343 0 0 0 0 
-0.409439 0.900233 0 0 0 0 
-0.368887 0.906422 0 0 0 0 
-0.380136 0.901518 0 0 0 0 
-0.391323 0.896477 0 0 0 0 
-0.361989 0.897693 0 0 0 0 
-0.373207 0.892721 0 0 0 0 
-0.355091 0.888964 0 0 0 0 
1 2 6
2 7 6
2 3 7
3 8 7
3 4 8
4 9 8
4 5 9
6 7 10
7 11 10
7 8 11
8 12 11
8 9 12
10 11 13
11 14 13
11 12 14
13 14 15
ZONE N=15, E=16, F=FEPOINT, ET=TRIANGLE
-0.22781 0.910344 0 0 0 0 
-0.21963 0.927955 0 0 0 0 
-0.21145 0.945565 0 0 0 0 
-0.20327 0.963175 0 0 0 0 
-0.19509 0.980785 0 0 0 0 
-0.231603 0.925266 0 0 0 0 
-0.223439 0.94295 0 0 0 0 
-0.215275 0.960634 0 0 0 0 
-0.207111 0.978317 0 0 0 0 
-0.235395 0.940188 0 0 0 0 
-0.227249 0.957945 0 0 0 0 
-0.219101 0.975702 0 0 0 0 
-0.239188 0.95511 0 0 0 0 
-0.231058 0.97294 0 0 0 0 
-0.24298 0.970031 0 0 0 0 
1 2 6
2 7 6
2 3 7
3 8 7
3 4 8
4 9 8
4 5 9
6 7 10
7 11 10
7 8 11
8 12 11
8 9 12
10 11 13
11 14 13
11 12 14
13 14 15
ZONE N=15, E=16, F=FEPOINT, ET=TRIANGLE
-0.312103 0.877459 0 0 0 0 
-0.297395 0.876836 0 0 0 0 
-0.282688 0.876213 0 0 0 0 
-0.267981 0.87559 0 0 0 0 
-0.253273 0.874966 0 0 0 0 
-0.306648 0.897329 0 0 0 0 
-0.291941 0.896706 0 0 0 0 
-0.277233 0.896083 0 0 0 0 
-0.262526 0.89546 0 0 0 0 
-0.301194 0.9172 0 0 0 0 
-0.286486 0.916577 0 0 0 0 
-0.271779 0.915953 0 0 0 0 
-0.295739 0.93707 0 0 0 0 
-0.281032 0.936447 0 0 0 0 
-0.290285 0.95694 0 0 0 0 
1 2 6
2 7 6
2 3 7
3 8 7
3 4 8
4 9 8
4 5 9
6 7 10
7 11 10
7 8 11
8 12 11
8 9 12
10 11 13
11 14 13
11 12 14
13 14 15
ZONE N=15, E=16, F=FEPOINT, ET=TRIANGLE
-0.55557 -0.83147 0 0 0 0 
-0.539155 -0.825493 0 0 0 0 
-0.522739 -0.819515 0 0 0 0 
-0.506323 -0.813538 0 0 0 0 
-0.489908 -0.807561 0 0 0 0 
-0.550792 -0.813345 0 0 0 0 
-0.534377 -0.807368 0 0 0 0 
-0.517961 -0.801391 0 0 0 0 
-0.501545 -0.795414 0 0 0 0 
-0.546014 -0.795221 0 0 0 0 
-0.529599 -0.789244 0 0 0 0 
-0.513183 -0.783267 0 0 0 0 
-0.541236 -0.777097 0 0 0 0 
-0.524821 -0.77112 0 0 0 0 
-0.536458 -0.758972 0 0 0 0 
1 2 6
2 7 6
2 3 7
3 8 7
3 4 8
4 9 8
4 5 9
6 7 10
7 11 10
7 8 11
8 12 11
8 9 12
10 11 13
11 14 13
11 12 14
13 14 15
ZONE N=15, E=16, F=FEPOINT, ET=TRIANGLE
-0.427555 -0.903989 0 0 0 0 
-0.429261 -0.888515 0 0 0 0 
-0.430967 -0.873041 0 0 0 0 
-0.432673 -0.857566 0 0 0 0 
-0.434379 -0.842092 0 0 0 0 
-0.438616 -0.898674 0 0 0 0 
-0.440289 -0.883133 0 0 0 0 
-0.441961 -0.867591 0 0 0 0 
-0.443633 -0.852049 0 0 0 0 
-0.449611 -0.893224 0 0 0 0 
-0.45125 -0.877615 0 0 0 0 
-0.452888 -0.862007 0 0 0 0 
-0.460539 -0.88764 0 0 0 0 
-0.462142 -0.871964 0 0 0 0 
-0.471397 -0.881921 0 0 0 0 
1 2 6
2 7 6
2 3 7
3 8 7
3 4 8
4 9 8
4 5 9
6 7 10
7 11 10
7 8 11
8 12 11
8 9 12
10 11 13
11 14 13
11 12 14
13 14 15
ZONE N=15, E=16, F=FEPOINT, ET=TRIANGLE
-0.55557 -0.83147 0 0 0 0 
-0.534998 -0.844854 0 0 0 0 
-0.514103 -0.857729 0 0 0 0 
-0.492898 -0.870087 0 0 0 0 
-0.471397 -0.881921 0 0 0 0 
-0.539155 -0.825493 0 0 0 0 
-0.518423 -0.838621 0 0 0 0 
-0.497375 -0.851236 0 0 0 0 
-0.476024 -0.863331 0 0 0 0 
-0.522739 -0.819515 0 0 0 0 
-0.50185 -0.832387 0 0 0 0 
-0.480652 -0.844741 0 0 0 0 
-0.506323 -0.813538 0 0 0 0 
-0.48528 -0.826151 0 0 0 0 
-0.489908 -0.807561 0 0 0 0 
1 2 6
2 7 6
2 3 7
3 8 7
3 4 8
4 9 8
4 5 9
6 7 10
7 11 10
7 8 11
8 12 11
8 9 12
10 11 13
11 14 13
11 12 14
13 14 15
ZONE N=15, E=16, F=FEPOINT, ET=TRIANGLE
-0.290285 -0.95694 0 0 0 0 
-0.279488 -0.937841 0 0 0 0 
-0.268692 -0.918741 0 0 0 0 
-0.257896 -0.899642 0 0 0 0 
-0.247099 -0.880543 0 0 0 0 
-0.293144 -0.940669 0 0 0 0 
-0.282348 -0.92157 0 0 0 0 
-0.271551 -0.90247 0 0 0 0 
-0.260755 -0.883371 0 0 0 0 
-0.296003 -0.924398 0 0 0 0 
-0.285207 -0.905299 0 0 0 0 
-0.27441 -0.886199 0 0 0 0 
-0.298862 -0.908127 0 0 0 0 
-0.288066 -0.889027 0 0 0 0 
-0.301721 -0.891856 0 0 0 0 
1 2 6
2 7 6
2 3 7
3 8 7
3 4 8
4 9 8
4 5 9
6 7 10
7 11 10
7 8 11
8 12 11
8 9 12
10 11 13
11 14 13
11 12 14
13 14 15
ZONE N=15, E=16, F=FEPOINT, ET=TRIANGLE
-0.0636215 -0.918517 0 0 0 0 
-0.073527 -0.923296 0 0 0 0 
-0.0834325 -0.928075 0 0 0 0 
-0.093338 -0.932854 0 0 0 0 
-0.103244 -0.937634 0 0 0 0 
-0.0722204 -0.937684 0 0 0 0 
-0.0821259 -0.942463 0 0 0 0 
-0.0920314 -0.947242 0 0 0 0 
-0.101937 -0.952021 0 0 0 0 
-0.0808193 -0.956851 0 0 0 0 
-0.0907248 -0.96163 0 0 0 0 
-0.10063 -0.966409 0 0 0 0 
-0.0894182 -0.976018 0 0 0 0 
-0.0993237 -0.980797 0 0 0 0 
-0.0980171 -0.995185 0 0 0 0 
1 2 6
2 7 6
2 3 7
3 8 7
3 4 8
4 9 8
4 5 9
6 7 10
7 11 10
7 8 11
8 12 11
8 9 12
10 11 13
11 14 13
11 12 14
13 14 15
ZONE N=15, E=16, F=FEPOINT, ET=TRIANGLE
0.480993 0.791737 0 0 0 0 
0.48927 0.808235 0 0 0 0 
0.497548 0.824733 0 0 0 0 
0.505825 0.841231 0 0 0 0 
0.514103 0.857729 0 0 0 0 
0.471601 0.801213 0 0 0 0 
0.479878 0.817711 0 0 0 0 
0.488155 0.834209 0 0 0 0 
0.496433 0.850707 0 0 0 0 
0.462208 0.81069 0 0 0 0 
0.470486 0.827188 0 0 0 0 
0.478763 0.843686 0 0 0 0 
0.452816 0.820166 0 0 0 0 
0.461093 0.836664 0 0 0 0 
0.443423 0.829642 0 0 0 0 
1 2 6
2 7 6
2 3 7
3 8 7
3 4 8
4 9 8
4 5 9
6 7 10
7 11 10
7 8 11
8 12 11
8 9 12
10 11 13
11 14 13
11 12 14
13 14 15
ZONE N=15, E=16, F=FEPOINT, ET=TRIANGLE
0.22975 0.889896 0 0 0 0 
0.233057 0.90993 0 0 0 0 
0.236365 0.929963 0 0 0 0 
0.239673 0.949997 0 0 0 0 
0.24298 0.970031 0 0 0 0 
0.221085 0.912618 0 0 0 0 
0.224409 0.932725 0 0 0 0 
0.227733 0.952833 0 0 0 0 
0.231058 0.97294 0 0 0 0 
0.21242 0.93534 0 0 0 0 
0.21576 0.955521 0 0 0 0 
0.219101 0.975702 0 0 0 0 
0.203755 0.958063 0 0 0 0 
0.207111 0.978317 0 0 0 0 
0.19509 0.980785 0 0 0 0 
1 2 6
2 7 6
2 3 7
3 8 7
3 4 8
4 9 8
4 5 9
6 7 10
7 11 10
7 8 11
8 12 11
8 9 12
10 11 13
11 14 13
11 12 14
13 14 15
ZONE N=15, E=16, F=FEPOINT, ET=TRIANGLE
-0.22781 0.910344 0 0 0 0 
-0.243429 0.921993 0 0 0 0 
-0.259048 0.933642 0 0 0 0 
-0.274666 0.945291 0 0 0 0 
-0.290285 0.95694 0 0 0 0 
-0.234176 0.9015 0 0 0 0 
-0.249795 0.913149 0 0 0 0 
-0.265413 0.924798 0 0 0 0 
-0.281032 0.936447 0 0 0 0 
-0.240542 0.892655 0 0 0 0 
-0.25616 0.904304 0 0 0 0 
-0.271779 0.915953 0 0 0 0 
-0.246907 0.883811 0 0 0 0 
-0.262526 0.89546 0 0 0 0 
-0.253273 0.874966 0 0 0 0 
1 2 6
2 7 6
2 3 7
3 8 7
3 4 8
4 9 8
4 5 9
6 7 10
7 11 10
7 8 11
8 12 11
8 9 12
10 11 13
11 14 13
11 12 14
13 14 15
ZONE N=15, E=16, F=FEPOINT, ET=TRIANGLE
0.744518 0.586992 0 0 0 0 
0.751641 0.598843 0 0 0 0 
0.758764 0.610693 0 0 0 0 
0.765887 0.622543 0 0 0 0 
0.77301 0.634393 0 0 0 0 
0.735181 0.602367 0 0 0 0 
0.742304 0.614217 0 0 0 0 
0.749427 0.626067 0 0 0 0 
0.75655 0.637917 0 0 0 0 
0.725843 0.617741 0 0 0 0 
0.732966 0.629591 0 0 0 0 
0.740089 0.641441 0 0 0 0 
0.716505 0.633115 0 0 0 0 
0.723628 0.644965 0 0 0 0 
0.707168 0.648489 0 0 0 0 
1 2 6
2 7 6
2 3 7
3 8 7
3 4 8
4 9 8
4 5 9
6 7 10
7 11 10
7 8 11
8 12 11
8 9 12
10 11 13
11 14 13
11 12 14
13 14 15
ZONE N=15, E=16, F=FEPOINT, ET=TRIANGLE
-0.382683 0.92388 0 0 0 0 
-0.375785 0.915151 0 0 0 0 
-0.368887 0.906422 0 0 0 0 
-0.361989 0.897693 0 0 0 0 
-0.355091 0.888964 0 0 0 0 
-0.371317 0.928506 0 0 0 0 
-0.364392 0.919707 0 0 0 0 
-0.357466 0.910908 0 0 0 0 
-0.350541 0.902109 0 0 0 0 
-0.359895 0.932993 0 0 0 0 
-0.352943 0.924124 0 0 0 0 
-0.345991 0.915254 0 0 0 0 
-0.348419 0.937339 0 0 0 0 
-0.34144 0.928399 0 0 0 0 
-0.33689 0.941544 0 0 0 0 
1 2 6
2 7 6
2 3 7
3 8 7
3 4 8
4 9 8
4 5 9
6 7 10
7 11 10
7 8 11
8 12 11
8 9 12
10 11 13
11 14 13
11 12 14
13 14 15
ZONE N=15, E=16, F=FEPOINT, ET=TRIANGLE
-0.290285 0.95694 0 0 0 0 
-0.302006 0.953306 0 0 0 0 
-0.313682 0.949528 0 0 0 0 
-0.32531 0.945607 0 0 0 0 
-0.33689 0.941544 0 0 0 0 
-0.295739 0.93707 0 0 0 0 
-0.307437 0.933364 0 0 0 0 
-0.319089 0.929515 0 0 0 0 
-0.330693 0.925523 0 0 0 0 
-0.301194 0.9172 0 0 0 0 
-0.312869 0.913422 0 0 0 0 
-0.324496 0.909501 0 0 0 0 
-0.306648 0.897329 0 0 0 0 
-0.3183 0.89348 0 0 0 0 
-0.312103 0.877459 0 0 0 0 
1 2 6
2 7 6
2 3 7
3 8 7
3 4 8
4 9 8
4 5 9
6 7 10
7 11 10
7 8 11
8 12 11
8 9 12
10 11 13
11 14 13
11 12 14
13 14 15
ZONE N=15, E=16, F=FEPOINT, ET=TRIANGLE
-0.355091 0.888964 0 0 0 0 
-0.344344 0.886088 0 0 0 0 
-0.333597 0.883212 0 0 0 0 
-0.32285 0.880335 0 0 0 0 
-0.312103 0.877459 0 0 0 0 
-0.350541 0.902109 0 0 0 0 
-0.339794 0.899233 0 0 0 0 
-0.329047 0.896357 0 0 0 0 
-0.3183 0.89348 0 0 0 0 
-0.345991 0.915254 0 0 0 0 
-0.335243 0.912378 0 0 0 0 
-0.324496 0.909501 0 0 0 0 
-0.34144 0.928399 0 0 0 0 
-0.330693 0.925523 0 0 0 0 
-0.33689 0.941544 0 0 0 0 
1 2 6
2 7 6
2 3 7
3 8 7
3 4 8
4 9 8
4 5 9
6 7 10
7 11 10
7 8 11
8 12 11
8 9 12
10 11 13
11 14 13
11 12 14
13 14 15
ZONE N=15, E=16, F=FEPOINT, ET=TRIANGLE
-0.427555 -0.903989 0 0 0 0 
-0.41543 -0.896631 0 0 0 0 
-0.403305 -0.889272 0 0 0 0 
-0.39118 -0.881914 0 0 0 0 
-0.379055 -0.874555 0 0 0 0 
-0.429261 -0.888515 0 0 0 0 
-0.417136 -0.881156 0 0 0 0 
-0.405011 -0.873798 0 0 0 0 
-0.392886 -0.866439 0 0 0 0 
-0.430967 -0.873041 0 0 0 0 
-0.418842 -0.865682 0 0 0 0 
-0.406717 -0.858324 0 0 0 0 
-0.432673 -0.857566 0 0 0 0 
-0.420548 -0.850208 0 0 0 0 
-0.434379 -0.842092 0 0 0 0 
1 2 6
2 7 6
2 3 7
3 8 7
3 4 8
4 9 8
4 5 9
6 7 10
7 11 10
7 8 11
8 12 11
8 9 12
10 11 13
11 14 13
11 12 14
13 14 15
ZONE N=15, E=16, F=FEPOINT, ET=TRIANGLE
-0.206358 -0.91243 0 0 0 0 
-0.215513 -0.92683 0 0 0 0 
-0.224669 -0.941231 0 0 0 0 
-0.233825 -0.955631 0 0 0 0 
-0.24298 -0.970031 0 0 0 0 
-0.203541 -0.929519 0 0 0 0 
-0.212713 -0.943993 0 0 0 0 
-0.221885 -0.958466 0 0 0 0 
-0.231058 -0.97294 0 0 0 0 
-0.200724 -0.946608 0 0 0 0 
-0.209912 -0.961155 0 0 0 0 
-0.219101 -0.975702 0 0 0 0 
-0.197907 -0.963696 0 0 0 0 
-0.207111 -0.978317 0 0 0 0 
-0.19509 -0.980785 0 0 0 0 
1 2 6
2 7 6
2 3 7
3 8 7
3 4 8
4 9 8
4 5 9
6 7 10
7 11 10
7 8 11
8 12 11
8 9 12
10 11 13
11 14 13
11 12 14
13 14 15
ZONE N=15, E=16, F=FEPOINT, ET=TRIANGLE
0.00884932 -0.957369 0 0 0 0 
0.0189039 -0.967726 0 0 0 0 
0.0289585 -0.978082 0 0 0 0 
0.0390131 -0.988439 0 0 0 0 
0.0490677 -0.998795 0 0 0 0 
0.0203659 -0.947299 0 0 0 0 
0.0304205 -0.957656 0 0 0 0 
0.0404751 -0.968012 0 0 0 0 
0.0505297 -0.978369 0 0 0 0 
0.0318825 -0.937229 0 0 0 0 
0.0419371 -0.947585 0 0 0 0 
0.0519917 -0.957942 0 0 0 0 
0.0433991 -0.927159 0 0 0 0 
0.0534537 -0.937515 0 0 0 0 
0.0549157 -0.917088 0 0 0 0 
1 2 6
2 7 6
2 3 7
3 8 7
3 4 8
4 9 8
4 5 9
6 7 10
7 11 10
7 8 11
8 12 11
8 9 12
10 11 13
11 14 13
11 12 14
13 14 15
ZONE N=15, E=16, F=FEPOINT, ET=TRIANGLE
-0.0340165 -0.949738 0 0 0 0 
-0.0500166 -0.9611 0 0 0 0 
-0.0660168 -0.972462 0 0 0 0 
-0.082017 -0.983823 0 0 0 0 
-0.0980171 -0.995185 0 0 0 0 
-0.0377793 -0.962003 0 0 0 0 
-0.053785 -0.973439 0 0 0 0 
-0.069791 -0.984876 0 0 0 0 
-0.0857973 -0.996313 0 0 0 0 
-0.0415421 -0.974267 0 0 0 0 
-0.057553 -0.985779 0 0 0 0 
-0.0735646 -0.99729 0 0 0 0 
-0.0453049 -0.986531 0 0 0 0 
-0.0613207 -0.998118 0 0 0 0 
-0.0490677 -0.998795 0 0 0 0 
1 2 6
2 7 6
2 3 7
3 8 7
3 4 8
4 9 8
4 5 9
6 7 10
7 11 10
7 8 11
8 12 11
8 9 12
10 11 13
11 14 13
11 12 14
13 14 15
ZONE N=15, E=16, F=FEPOINT, ET=TRIANGLE
0.290285 -0.95694 0 0 0 0 
0.278632 -0.944327 0 0 0 0 
0.266979 -0.931713 0 0 0 0 
0.255326 -0.919099 0 0 0 0 
0.243674 -0.906485 0 0 0 0 
0.27852 -0.960431 0 0 0 0 
0.266846 -0.947744 0 0 0 0 
0.255173 -0.935058 0 0 0 0 
0.2435 -0.922372 0 0 0 0 
0.266713 -0.963776 0 0 0 0 
0.25502 -0.951017 0 0 0 0 
0.243327 -0.938258 0 0 0 0 
0.254866 -0.966976 0 0 0 0 
0.243154 -0.954145 0 0 0 0 
0.24298 -0.970031 0 0 0 0 
1 2 6
2 7 6
2 3 7
3 8 7
3 4 8
4 9 8
4 5 9
6 7 10
7 11 10
7 8 11
8 12 11
8 9 12
10 11 13
11 14 13
11 12 14
13 14 15
ZONE N=15, E=16, F=FEPOINT, ET=TRIANGLE
0.0980171 -0.995185 0 0 0 0 
0.101581 -0.979096 0 0 0 0 
0.105145 -0.963008 0 0 0 0 
0.108709 -0.94692 0 0 0 0 
0.112274 -0.930831 0 0 0 0 
0.0872418 -0.975661 0 0 0 0 
0.0908059 -0.959572 0 0 0 0 
0.09437 -0.943484 0 0 0 0 
0.0979341 -0.927396 0 0 0 0 
0.0764664 -0.956137 0 0 0 0 
0.0800305 -0.940048 0 0 0 0 
0.0835946 -0.92396 0 0 0 0 
0.065691 -0.936613 0 0 0 0 
0.0692551 -0.920524 0 0 0 0 
0.0549157 -0.917088 0 0 0 0 
1 2 6
2 7 6
2 3 7
3 8 7
3 4 8
4 9 8
4 5 9
6 7 10
7 11 10
7 8 11
8 12 11
8 9 12
10 11 13
11 14 13
11 12 14
13 14 15
ZONE N=15, E=16, F=FEPOINT, ET=TRIANGLE
0.19509 -0.980785 0 0 0 0 
0.182455 -0.957845 0 0 0 0 
0.16982 -0.934906 0 0 0 0 
0.157185 -0.911966 0 0 0 0 
0.14455 -0.889026 0 0 0 0 
0.18304 -0.983105 0 0 0 0 
0.170391 -0.960092 0 0 0 0 
0.157743 -0.937078 0 0 0 0 
0.145095 -0.914063 0 0 0 0 
0.170962 -0.985278 0 0 0 0 
0.158301 -0.962189 0 0 0 0 
0.14564 -0.939101 0 0 0 0 
0.158858 -0.987301 0 0 0 0 
0.146185 -0.964139 0 0 0 0 
0.14673 -0.989177 0 0 0 0 
1 2 6
2 7 6
2 3 7
3 8 7
3 4 8
4 9 8
4 5 9
6 7 10
7 11 10
7 8 11
8 12 11
8 9 12
10 11 13
11 14 13
11 12 14
13 14 15
ZONE N=15, E=16, F=FEPOINT, ET=TRIANGLE
0.14455 -0.889026 0 0 0 0 
0.157185 -0.911966 0 0 0 0 
0.16982 -0.934906 0 0 0 0 
0.182455 -0.957845 0 0 0 0 
0.19509 -0.980785 0 0 0 0 
0.157791 -0.893396 0 0 0 0 
0.170426 -0.916336 0 0 0 0 
0.183061 -0.939276 0 0 0 0 
0.195696 -0.962216 0 0 0 0 
0.171032 -0.897767 0 0 0 0 
0.183667 -0.920707 0 0 0 0 
0.196302 -0.943647 0 0 0 0 
0.184273 -0.902137 0 0 0 0 
0.196908 -0.925077 0 0 0 0 
0.197514 -0.906508 0 0 0 0 
1 2 6
2 7 6
2 3 7
3 8 7
3 4 8
4 9 8
4 5 9
6 7 10
7 11 10
7 8 11
8 12 11
8 9 12
10 11 13
11 14 13
11 12 14
13 14 15
ZONE N=15, E=16, F=FEPOINT, ET=TRIANGLE
0.278192 -0.875839 0 0 0 0 
0.269562 -0.883501 0 0 0 0 
0.260933 -0.891162 0 0 0 0 
0.252303 -0.898824 0 0 0 0 
0.243674 -0.906485 0 0 0 0 
0.281215 -0.896115 0 0 0 0 
0.272585 -0.903776 0 0 0 0 
0.263956 -0.911437 0 0 0 0 
0.255326 -0.919099 0 0 0 0 
0.284238 -0.91639 0 0 0 0 
0.275609 -0.924051 0 0 0 0 
0.266979 -0.931713 0 0 0 0 
0.287261 -0.936665 0 0 0 0 
0.278632 -0.944327 0 0 0 0 
0.290285 -0.95694 0 0 0 0 
1 2 6
2 7 6
2 3 7
3 8 7
3 4 8
4 9 8
4 5 9
6 7 10
7 11 10
7 8 11
8 12 11
8 9 12
10 11 13
11 14 13
11 12 14
13 14 15
ZONE N=15, E=16, F=FEPOINT, ET=TRIANGLE
0.00884932 -0.957369 0 0 0 0 
-0.00186713 -0.955461 0 0 0 0 
-0.0125836 -0.953554 0 0 0 0 
-0.0233 -0.951646 0 0 0 0 
-0.0340165 -0.949738 0 0 0 0 
0.00663699 -0.968027 0 0 0 0 
-0.00407946 -0.966119 0 0 0 0 
-0.0147959 -0.964211 0 0 0 0 
-0.0255123 -0.962304 0 0 0 0 
0.00442466 -0.978685 0 0 0 0 
-0.00629179 -0.976777 0 0 0 0 
-0.0170082 -0.974869 0 0 0 0 
0.00221233 -0.989342 0 0 0 0 
-0.00850411 -0.987435 0 0 0 0 
-1.83697e-16 -1 0 0 0 0 
1 2 6
2 7 6
2 3 7
3 8 7
3 4 8
4 9 8
4 5 9
6 7 10
7 11 10
7 8 11
8 12 11
8 9 12
10 11 13
11 14 13
11 12 14
13 14 15
ZONE N=15, E=16, F=FEPOINT, ET=TRIANGLE
0.14673 -0.989177 0 0 0 0 
0.138116 -0.97459 0 0 0 0 
0.129502 -0.960004 0 0 0 0 
0.120888 -0.945418 0 0 0 0 
0.112274 -0.930831 0 0 0 0 
0.134581 -0.990903 0 0 0 0 
0.125957 -0.976242 0 0 0 0 
0.117333 -0.961581 0 0 0 0 
0.108709 -0.94692 0 0 0 0 
0.122411 -0.99248 0 0 0 0 
0.113778 -0.977744 0 0 0 0 
0.105145 -0.963008 0 0 0 0 
0.110222 -0.993907 0 0 0 0 
0.101581 -0.979096 0 0 0 0 
0.0980171 -0.995185 0 0 0 0 
1 2 6
2 7 6
2 3 7
3 8 7
3 4 8
4 9 8
4 5 9
6 7 10
7 11 10
7 8 11
8 12 11
8 9 12
10 11 13
11 14 13
11 12 14
13 14 15
ZONE N=15, E=16, F=FEPOINT, ET=TRIANGLE
-0.0636215 -0.918517 0 0 0 0 
-0.0722204 -0.937684 0 0 0 0 
-0.0808193 -0.956851 0 0 0 0 
-0.0894182 -0.976018 0 0 0 0 
-0.0980171 -0.995185 0 0 0 0 
-0.0562202 -0.926322 0 0 0 0 
-0.0648191 -0.945489 0 0 0 0 
-0.0734181 -0.964656 0 0 0 0 
-0.082017 -0.983823 0 0 0 0 
-0.048819 -0.934128 0 0 0 0 
-0.0574179 -0.953295 0 0 0 0 
-0.0660168 -0.972462 0 0 0 0 
-0.0414177 -0.941933 0 0 0 0 
-0.0500166 -0.9611 0 0 0 0 
-0.0340165 -0.949738 0 0 0 0 
1 2 6
2 7 6
2 3 7
3 8 7
3 4 8
4 9 8
4 5 9
6 7 10
7 11 10
7 8 11
8 12 11
8 9 12
10 11 13
11 14 13
11 12 14
13 14 15
ZONE N=15, E=16, F=FEPOINT, ET=TRIANGLE
-0.0490677 -0.998795 0 0 0 0 
-0.0368072 -0.999322 0 0 0 0 
-0.0245412 -0.999699 0 0 0 0 
-0.0122715 -0.999925 0 0 0 0 
-1.80411e-16 -1 0 0 0 0 
-0.0453049 -0.986531 0 0 0 0 
-0.033042 -0.986983 0 0 0 0 
-0.0207744 -0.987284 0 0 0 0 
-0.00850411 -0.987435 0 0 0 0 
-0.0415421 -0.974267 0 0 0 0 
-0.029277 -0.974643 0 0 0 0 
-0.0170082 -0.974869 0 0 0 0 
-0.0377793 -0.962003 0 0 0 0 
-0.0255123 -0.962304 0 0 0 0 
-0.0340165 -0.949738 0 0 0 0 
1 2 6
2 7 6
2 3 7
3 8 7
3 4 8
4 9 8
4 5 9
6 7 10
7 11 10
7 8 11
8 12 11
8 9 12
10 11 13
11 14 13
11 12 14
13 14 15
ZONE N=15, E=16, F=FEPOINT, ET=TRIANGLE
0.0980171 -0.995185 0 0 0 0 
0.0872418 -0.975661 0 0 0 0 
0.0764664 -0.956137 0 0 0 0 
0.065691 -0.936613 0 0 0 0 
0.0549157 -0.917088 0 0 0 0 
0.0857973 -0.996313 0 0 0 0 
0.0750158 -0.976713 0 0 0 0 
0.0642346 -0.957114 0 0 0 0 
0.0534537 -0.937515 0 0 0 0 
0.0735646 -0.99729 0 0 0 0 
0.0627778 -0.977616 0 0 0 0 
0.0519917 -0.957942 0 0 0 0 
0.0613207 -0.998118 0 0 0 0 
0.0505297 -0.978369 0 0 0 0 
0.0490677 -0.998795 0 0 0 0 
1 2 6
2 7 6
2 3 7
3 8 7
3 4 8
4 9 8
4 5 9
6 7 10
7 11 10
7 8 11
8 12 11
8 9 12
10 11 13
11 14 13
11 12 14
13 14 15
ZONE N=15, E=16, F=FEPOINT, ET=TRIANGLE
0.0490677 -0.998795 0 0 0 0 
0.0390131 -0.988439 0 0 0 0 
0.0289585 -0.978082 0 0 0 0 
0.0189039 -0.967726 0 0 0 0 
0.00884932 -0.957369 0 0 0 0 
0.0368072 -0.999322 0 0 0 0 
0.0267502 -0.988891 0 0 0 0 
0.0166934 -0.978459 0 0 0 0 
0.00663699 -0.968027 0 0 0 0 
0.0245412 -0.999699 0 0 0 0 
0.0144826 -0.989192 0 0 0 0 
0.00442466 -0.978685 0 0 0 0 
0.0122715 -0.999925 0 0 0 0 
0.00221233 -0.989342 0 0 0 0 
-1.83881e-16 -1 0 0 0 0 
1 2 6
2 7 6
2 3 7
3 8 7
3 4 8
4 9 8
4 5 9
6 7 10
7 11 10
7 8 11
8 12 11
8 9 12
10 11 13
11 14 13
11 12 14
13 14 15
ZONE N=15, E=16, F=FEPOINT, ET=TRIANGLE
0.24298 -0.970031 0 0 0 0 
0.231614 -0.95415 0 0 0 0 
0.220247 -0.93827 0 0 0 0 
0.208881 -0.922389 0 0 0 0 
0.197514 -0.906508 0 0 0 0 
0.231058 -0.97294 0 0 0 0 
0.219675 -0.956986 0 0 0 0 
0.208291 -0.941032 0 0 0 0 
0.196908 -0.925077 0 0 0 0 
0.219101 -0.975702 0 0 0 0 
0.207701 -0.959674 0 0 0 0 
0.196302 -0.943647 0 0 0 0 
0.207111 -0.978317 0 0 0 0 
0.195696 -0.962216 0 0 0 0 
0.19509 -0.980785 0 0 0 0 
1 2 6
2 7 6
2 3 7
3 8 7
3 4 8
4 9 8
4 5 9
6 7 10
7 11 10
7 8 11
8 12 11
8 9 12
10 11 13
11 14 13
11 12 14
13 14 15
ZONE N=15, E=16, F=FEPOINT, ET=TRIANGLE
0.243674 -0.906485 0 0 0 0 
0.232134 -0.906491 0 0 0 0 
0.220594 -0.906496 0 0 0 0 
0.209054 -0.906502 0 0 0 0 
0.197514 -0.906508 0 0 0 0 
0.2435 -0.922372 0 0 0 0 
0.23196 -0.922377 0 0 0 0 
0.220421 -0.922383 0 0 0 0 
0.208881 -0.922389 0 0 0 0 
0.243327 -0.938258 0 0 0 0 
0.231787 -0.938264 0 0 0 0 
0.220247 -0.93827 0 0 0 0 
0.243154 -0.954145 0 0 0 0 
0.231614 -0.95415 0 0 0 0 
0.24298 -0.970031 0 0 0 0 
1 2 6
2 7 6
2 3 7
3 8 7
3 4 8
4 9 8
4 5 9
6 7 10
7 11 10
7 8 11
8 12 11
8 9 12
10 11 13
11 14 13
11 12 14
13 14 15
ZONE N=15, E=16, F=FEPOINT, ET=TRIANGLE
0.385734 -0.841634 0 0 0 0 
0.396189 -0.857223 0 0 0 0 
0.406644 -0.872812 0 0 0 0 
0.4171 -0.8884 0 0 0 0 
0.427555 -0.903989 0 0 0 0 
0.395873 -0.8356 0 0 0 0 
0.406329 -0.851189 0 0 0 0 
0.416784 -0.866778 0 0 0 0 
0.427239 -0.882367 0 0 0 0 
0.406013 -0.829567 0 0 0 0 
0.416468 -0.845156 0 0 0 0 
0.426923 -0.860745 0 0 0 0 
0.416152 -0.823534 0 0 0 0 
0.426608 -0.839123 0 0 0 0 
0.426292 -0.8175 0 0 0 0 
1 2 6
2 7 6
2 3 7
3 8 7
3 4 8
4 9 8
4 5 9
6 7 10
7 11 10
7 8 11
8 12 11
8 9 12
10 11 13
11 14 13
11 12 14
13 14 15
ZONE N=15, E=16, F=FEPOINT, ET=TRIANGLE
0.382683 0.92388 0 0 0 0 
0.371906 0.916736 0 0 0 0 
0.361128 0.909593 0 0 0 0 
0.35035 0.90245 0 0 0 0 
0.339572 0.895307 0 0 0 0 
0.381861 0.908485 0 0 0 0 
0.371083 0.901342 0 0 0 0 
0.360305 0.894199 0 0 0 0 
0.349527 0.887056 0 0 0 0 
0.381038 0.893091 0 0 0 0 
0.370261 0.885948 0 0 0 0 
0.359483 0.878805 0 0 0 0 
0.380216 0.877697 0 0 0 0 
0.369438 0.870554 0 0 0 0 
0.379394 0.862303 0 0 0 0 
1 2 6
2 7 6
2 3 7
3 8 7
3 4 8
4 9 8
4 5 9
6 7 10
7 11 10
7 8 11
8 12 11
8 9 12
10 11 13
11 14 13
11 12 14
13 14 15
ZONE N=15, E=16, F=FEPOINT, ET=TRIANGLE
0.290285 0.95694 0 0 0 0 
0.275151 0.940179 0 0 0 0 
0.260017 0.923418 0 0 0 0 
0.244884 0.906657 0 0 0 0 
0.22975 0.889896 0 0 0 0 
0.290019 0.938578 0 0 0 0 
0.274885 0.921816 0 0 0 0 
0.259751 0.905055 0 0 0 0 
0.244617 0.888294 0 0 0 0 
0.289752 0.920215 0 0 0 0 
0.274619 0.903454 0 0 0 0 
0.259485 0.886692 0 0 0 0 
0.289486 0.901852 0 0 0 0 
0.274353 0.885091 0 0 0 0 
0.28922 0.883489 0 0 0 0 
1 2 6
2 7 6
2 3 7
3 8 7
3 4 8
4 9 8
4 5 9
6 7 10
7 11 10
7 8 11
8 12 11
8 9 12
10 11 13
11 14 13
11 12 14
13 14 15
ZONE N=15, E=16, F=FEPOINT, ET=TRIANGLE
0.28922 0.883489 0 0 0 0 
0.301808 0.886444 0 0 0 0 
0.314396 0.889398 0 0 0 0 
0.326984 0.892352 0 0 0 0 
0.339572 0.895307 0 0 0 0 
0.289486 0.901852 0 0 0 0 
0.302074 0.904806 0 0 0 0 
0.314662 0.907761 0 0 0 0 
0.32725 0.910715 0 0 0 0 
0.289752 0.920215 0 0 0 0 
0.30234 0.923169 0 0 0 0 
0.314928 0.926124 0 0 0 0 
0.290019 0.938578 0 0 0 0 
0.302607 0.941532 0 0 0 0 
0.290285 0.95694 0 0 0 0 
1 2 6
2 7 6
2 3 7
3 8 7
3 4 8
4 9 8
4 5 9
6 7 10
7 11 10
7 8 11
8 12 11
8 9 12
10 11 13
11 14 13
11 12 14
13 14 15
ZONE N=15, E=16, F=FEPOINT, ET=TRIANGLE
0.379394 0.862303 0 0 0 0 
0.391434 0.872725 0 0 0 0 
0.403474 0.883146 0 0 0 0 
0.415515 0.893568 0 0 0 0 
0.427555 0.903989 0 0 0 0 
0.380216 0.877697 0 0 0 0 
0.392287 0.888188 0 0 0 0 
0.404358 0.898678 0 0 0 0 
0.41643 0.909168 0 0 0 0 
0.381038 0.893091 0 0 0 0 
0.39314 0.903651 0 0 0 0 
0.405241 0.91421 0 0 0 0 
0.381861 0.908485 0 0 0 0 
0.393992 0.919114 0 0 0 0 
0.382683 0.92388 0 0 0 0 
1 2 6
2 7 6
2 3 7
3 8 7
3 4 8
4 9 8
4 5 9
6 7 10
7 11 10
7 8 11
8 12 11
8 9 12
10 11 13
11 14 13
11 12 14
13 14 15
ZONE N=15, E=16, F=FEPOINT, ET=TRIANGLE
0.427555 0.903989 0 0 0 0 
0.431522 0.885403 0 0 0 0 
0.435489 0.866816 0 0 0 0 
0.439456 0.848229 0 0 0 0 
0.443423 0.829642 0 0 0 0 
0.438616 0.898674 0 0 0 0 
0.44255 0.88002 0 0 0 0 
0.446483 0.861366 0 0 0 0 
0.450417 0.842712 0 0 0 0 
0.449611 0.893224 0 0 0 0 
0.453511 0.874503 0 0 0 0 
0.45741 0.855782 0 0 0 0 
0.460539 0.88764 0 0 0 0 
0.464403 0.868852 0 0 0 0 
0.471397 0.881921 0 0 0 0 
1 2 6
2 7 6
2 3 7
3 8 7
3 4 8
4 9 8
4 5 9
6 7 10
7 11 10
7 8 11
8 12 11
8 9 12
10 11 13
11 14 13
11 12 14
13 14 15
ZONE N=15, E=16, F=FEPOINT, ET=TRIANGLE
0.471397 0.881921 0 0 0 0 
0.464403 0.868852 0 0 0 0 
0.45741 0.855782 0 0 0 0 
0.450417 0.842712 0 0 0 0 
0.443423 0.829642 0 0 0 0 
0.482184 0.87607 0 0 0 0 
0.475154 0.862935 0 0 0 0 
0.468124 0.849799 0 0 0 0 
0.461093 0.836664 0 0 0 0 
0.492898 0.870087 0 0 0 0 
0.485831 0.856886 0 0 0 0 
0.478763 0.843686 0 0 0 0 
0.503538 0.863973 0 0 0 0 
0.496433 0.850707 0 0 0 0 
0.514103 0.857729 0 0 0 0 
1 2 6
2 7 6
2 3 7
3 8 7
3 4 8
4 9 8
4 5 9
6 7 10
7 11 10
7 8 11
8 12 11
8 9 12
10 11 13
11 14 13
11 12 14
13 14 15
ZONE N=15, E=16, F=FEPOINT, ET=TRIANGLE
0.382683 0.92388 0 0 0 0 
0.359895 0.932993 0 0 0 0 
0.33689 0.941544 0 0 0 0 
0.313682 0.949528 0 0 0 0 
0.290285 0.95694 0 0 0 0 
0.371906 0.916736 0 0 0 0 
0.349011 0.925568 0 0 0 0 
0.325907 0.933835 0 0 0 0 
0.302607 0.941532 0 0 0 0 
0.361128 0.909593 0 0 0 0 
0.33813 0.918142 0 0 0 0 
0.314928 0.926124 0 0 0 0 
0.35035 0.90245 0 0 0 0 
0.32725 0.910715 0 0 0 0 
0.339572 0.895307 0 0 0 0 
1 2 6
2 7 6
2 3 7
3 8 7
3 4 8
4 9 8
4 5 9
6 7 10
7 11 10
7 8 11
8 12 11
8 9 12
10 11 13
11 14 13
11 12 14
13 14 15
ZONE N=15, E=16, F=FEPOINT, ET=TRIANGLE
0.379394 0.862303 0 0 0 0 
0.395401 0.854138 0 0 0 0 
0.411408 0.845973 0 0 0 0 
0.427416 0.837808 0 0 0 0 
0.443423 0.829642 0 0 0 0 
0.391434 0.872725 0 0 0 0 
0.407441 0.86456 0 0 0 0 
0.423449 0.856394 0 0 0 0 
0.439456 0.848229 0 0 0 0 
0.403474 0.883146 0 0 0 0 
0.419482 0.874981 0 0 0 0 
0.435489 0.866816 0 0 0 0 
0.415515 0.893568 0 0 0 0 
0.431522 0.885403 0 0 0 0 
0.427555 0.903989 0 0 0 0 
1 2 6
2 7 6
2 3 7
3 8 7
3 4 8
4 9 8
4 5 9
6 7 10
7 11 10
7 8 11
8 12 11
8 9 12
10 11 13
11 14 13
11 12 14
13 14 15
ZONE N=15, E=16, F=FEPOINT, ET=TRIANGLE
0.55557 0.83147 0 0 0 0 
0.548549 0.814727 0 0 0 0 
0.541528 0.797984 0 0 0 0 
0.534507 0.781241 0 0 0 0 
0.527486 0.764498 0 0 0 0 
0.565732 0.824589 0 0 0 0 
0.558668 0.807784 0 0 0 0 
0.551604 0.79098 0 0 0 0 
0.54454 0.774175 0 0 0 0 
0.575808 0.817585 0 0 0 0 
0.568701 0.800718 0 0 0 0 
0.561593 0.783853 0 0 0 0 
0.585798 0.810457 0 0 0 0 
0.578646 0.79353 0 0 0 0 
0.595699 0.803208 0 0 0 0 
1 2 6
2 7 6
2 3 7
3 8 7
3 4 8
4 9 8
4 5 9
6 7 10
7 11 10
7 8 11
8 12 11
8 9 12
10 11 13
11 14 13
11 12 14
13 14 15
ZONE N=15, E=16, F=FEPOINT, ET=TRIANGLE
0.571764 0.739348 0 0 0 0 
0.587421 0.747764 0 0 0 0 
0.603079 0.756179 0 0 0 0 
0.618736 0.764595 0 0 0 0 
0.634393 0.77301 0 0 0 0 
0.577748 0.755313 0 0 0 0 
0.593451 0.763788 0 0 0 0 
0.609155 0.772263 0 0 0 0 
0.624859 0.780737 0 0 0 0 
0.583732 0.771278 0 0 0 0 
0.599481 0.779812 0 0 0 0 
0.615232 0.788346 0 0 0 0 
0.589715 0.787243 0 0 0 0 
0.605511 0.795837 0 0 0 0 
0.595699 0.803208 0 0 0 0 
1 2 6
2 7 6
2 3 7
3 8 7
3 4 8
4 9 8
4 5 9
6 7 10
7 11 10
7 8 11
8 12 11
8 9 12
10 11 13
11 14 13
11 12 14
13 14 15
ZONE N=15, E=16, F=FEPOINT, ET=TRIANGLE
0.527486 0.764498 0 0 0 0 
0.538556 0.75821 0 0 0 0 
0.549625 0.751923 0 0 0 0 
0.560695 0.745635 0 0 0 0 
0.571764 0.739348 0 0 0 0 
0.54454 0.774175 0 0 0 0 
0.555609 0.767888 0 0 0 0 
0.566678 0.7616 0 0 0 0 
0.577748 0.755313 0 0 0 0 
0.561593 0.783853 0 0 0 0 
0.572662 0.777565 0 0 0 0 
0.583732 0.771278 0 0 0 0 
0.578646 0.79353 0 0 0 0 
0.589715 0.787243 0 0 0 0 
0.595699 0.803208 0 0 0 0 
1 2 6
2 7 6
2 3 7
3 8 7
3 4 8
4 9 8
4 5 9
6 7 10
7 11 10
7 8 11
8 12 11
8 9 12
10 11 13
11 14 13
11 12 14
13 14 15
ZONE N=15, E=16, F=FEPOINT, ET=TRIANGLE
-0.24298 0.970031 0 0 0 0 
-0.254866 0.966976 0 0 0 0 
-0.266713 0.963776 0 0 0 0 
-0.27852 0.960431 0 0 0 0 
-0.290285 0.95694 0 0 0 0 
-0.239188 0.95511 0 0 0 0 
-0.251054 0.951982 0 0 0 0 
-0.26288 0.948709 0 0 0 0 
-0.274666 0.945291 0 0 0 0 
-0.235395 0.940188 0 0 0 0 
-0.247241 0.936988 0 0 0 0 
-0.259048 0.933642 0 0 0 0 
-0.231603 0.925266 0 0 0 0 
-0.243429 0.921993 0 0 0 0 
-0.22781 0.910344 0 0 0 0 
1 2 6
2 7 6
2 3 7
3 8 7
3 4 8
4 9 8
4 5 9
6 7 10
7 11 10
7 8 11
8 12 11
8 9 12
10 11 13
11 14 13
11 12 14
13 14 15
ZONE N=15, E=16, F=FEPOINT, ET=TRIANGLE
-0.19509 -0.980785 0 0 0 0 
-0.182256 -0.965707 0 0 0 0 
-0.169421 -0.95063 0 0 0 0 
-0.156586 -0.935552 0 0 0 0 
-0.143752 -0.920474 0 0 0 0 
-0.197907 -0.963696 0 0 0 0 
-0.185073 -0.948619 0 0 0 0 
-0.172238 -0.933541 0 0 0 0 
-0.159403 -0.918463 0 0 0 0 
-0.200724 -0.946608 0 0 0 0 
-0.187889 -0.93153 0 0 0 0 
-0.175055 -0.916452 0 0 0 0 
-0.203541 -0.929519 0 0 0 0 
-0.190706 -0.914441 0 0 0 0 
-0.206358 -0.91243 0 0 0 0 
1 2 6
2 7 6
2 3 7
3 8 7
3 4 8
4 9 8
4 5 9
6 7 10
7 11 10
7 8 11
8 12 11
8 9 12
10 11 13
11 14 13
11 12 14
13 14 15
ZONE N=15, E=16, F=FEPOINT, ET=TRIANGLE
-0.24298 -0.970031 0 0 0 0 
-0.24401 -0.947659 0 0 0 0 
-0.24504 -0.925287 0 0 0 0 
-0.24607 -0.902915 0 0 0 0 
-0.247099 -0.880543 0 0 0 0 
-0.254866 -0.966976 0 0 0 0 
-0.255876 -0.944532 0 0 0 0 
-0.256886 -0.922087 0 0 0 0 
-0.257896 -0.899642 0 0 0 0 
-0.266713 -0.963776 0 0 0 0 
-0.267703 -0.941259 0 0 0 0 
-0.268692 -0.918741 0 0 0 0 
-0.27852 -0.960431 0 0 0 0 
-0.279488 -0.937841 0 0 0 0 
-0.290285 -0.95694 0 0 0 0 
1 2 6
2 7 6
2 3 7
3 8 7
3 4 8
4 9 8
4 5 9
6 7 10
7 11 10
7 8 11
8 12 11
8 9 12
10 11 13
11 14 13
11 12 14
13 14 15
ZONE N=15, E=16, F=FEPOINT, ET=TRIANGLE
-0.0980171 -0.995185 0 0 0 0 
-0.0993237 -0.980797 0 0 0 0 
-0.10063 -0.966409 0 0 0 0 
-0.101937 -0.952021 0 0 0 0 
-0.103244 -0.937634 0 0 0 0 
-0.110222 -0.993907 0 0 0 0 
-0.11152 -0.979444 0 0 0 0 
-0.112818 -0.964982 0 0 0 0 
-0.114115 -0.950519 0 0 0 0 
-0.122411 -0.99248 0 0 0 0 
-0.123699 -0.977942 0 0 0 0 
-0.124987 -0.963405 0 0 0 0 
-0.134581 -0.990903 0 0 0 0 
-0.135859 -0.976291 0 0 0 0 
-0.14673 -0.989177 0 0 0 0 
1 2 6
2 7 6
2 3 7
3 8 7
3 4 8
4 9 8
4 5 9
6 7 10
7 11 10
7 8 11
8 12 11
8 9 12
10 11 13
11 14 13
11 12 14
13 14 15
ZONE N=15, E=16, F=FEPOINT, ET=TRIANGLE
0.83147 -0.55557 0 0 0 0 
0.822614 -0.536549 0 0 0 0 
0.813759 -0.517528 0 0 0 0 
0.804903 -0.498507 0 0 0 0 
0.796048 -0.479487 0 0 0 0 
0.814433 -0.551519 0 0 0 0 
0.805578 -0.532498 0 0 0 0 
0.796722 -0.513477 0 0 0 0 
0.787867 -0.494456 0 0 0 0 
0.797397 -0.547468 0 0 0 0 
0.788541 -0.528447 0 0 0 0 
0.779686 -0.509426 0 0 0 0 
0.78036 -0.543417 0 0 0 0 
0.771505 -0.524396 0 0 0 0 
0.763324 -0.539366 0 0 0 0 
1 2 6
2 7 6
2 3 7
3 8 7
3 4 8
4 9 8
4 5 9
6 7 10
7 11 10
7 8 11
8 12 11
8 9 12
10 11 13
11 14 13
11 12 14
13 14 15
ZONE N=15, E=16, F=FEPOINT, ET=TRIANGLE
0.67311 -0.662111 0 0 0 0 
0.69007 -0.664473 0 0 0 0 
0.70703 -0.666835 0 0 0 0 
0.723991 -0.669197 0 0 0 0 
0.740951 -0.671559 0 0 0 0 
0.678409 -0.649046 0 0 0 0 
0.695369 -0.651408 0 0 0 0 
0.71233 -0.65377 0 0 0 0 
0.72929 -0.656132 0 0 0 0 
0.683708 -0.635981 0 0 0 0 
0.700669 -0.638343 0 0 0 0 
0.717629 -0.640705 0 0 0 0 
0.689008 -0.622916 0 0 0 0 
0.705968 -0.625278 0 0 0 0 
0.694307 -0.609851 0 0 0 0 
1 2 6
2 7 6
2 3 7
3 8 7
3 4 8
4 9 8
4 5 9
6 7 10
7 11 10
7 8 11
8 12 11
8 9 12
10 11 13
11 14 13
11 12 14
13 14 15
ZONE N=15, E=16, F=FEPOINT, ET=TRIANGLE
0.763324 -0.539366 0 0 0 0 
0.749671 -0.544879 0 0 0 0 
0.736018 -0.550391 0 0 0 0 
0.722365 -0.555904 0 0 0 0 
0.708711 -0.561417 0 0 0 0 
0.773295 -0.553449 0 0 0 0 
0.759642 -0.558962 0 0 0 0 
0.745989 -0.564475 0 0 0 0 
0.732335 -0.569987 0 0 0 0 
0.783266 -0.567533 0 0 0 0 
0.769613 -0.573045 0 0 0 0 
0.755959 -0.578558 0 0 0 0 
0.793237 -0.581616 0 0 0 0 
0.779584 -0.587129 0 0 0 0 
0.803208 -0.595699 0 0 0 0 
1 2 6
2 7 6
2 3 7
3 8 7
3 4 8
4 9 8
4 5 9
6 7 10
7 11 10
7 8 11
8 12 11
8 9 12
10 11 13
11 14 13
11 12 14
13 14 15
ZONE N=15, E=16, F=FEPOINT, ET=TRIANGLE
0.803208 -0.595699 0 0 0 0 
0.779584 -0.587129 0 0 0 0 
0.755959 -0.578558 0 0 0 0 
0.732335 -0.569987 0 0 0 0 
0.708711 -0.561417 0 0 0 0 
0.795837 -0.605511 0 0 0 0 
0.772153 -0.596895 0 0 0 0 
0.74847 -0.588278 0 0 0 0 
0.724786 -0.579661 0 0 0 0 
0.788346 -0.615232 0 0 0 0 
0.764603 -0.606569 0 0 0 0 
0.740861 -0.597905 0 0 0 0 
0.780737 -0.624859 0 0 0 0 
0.756936 -0.616149 0 0 0 0 
0.77301 -0.634393 0 0 0 0 
1 2 6
2 7 6
2 3 7
3 8 7
3 4 8
4 9 8
4 5 9
6 7 10
7 11 10
7 8 11
8 12 11
8 9 12
10 11 13
11 14 13
11 12 14
13 14 15
ZONE N=15, E=16, F=FEPOINT, ET=TRIANGLE
0.857729 -0.514103 0 0 0 0 
0.863973 -0.503538 0 0 0 0 
0.870087 -0.492898 0 0 0 0 
0.87607 -0.482184 0 0 0 0 
0.881921 -0.471397 0 0 0 0 
0.845683 -0.495185 0 0 0 0 
0.851862 -0.484583 0 0 0 0 
0.85791 -0.473906 0 0 0 0 
0.863827 -0.463155 0 0 0 0 
0.833637 -0.476267 0 0 0 0 
0.839751 -0.465628 0 0 0 0 
0.845734 -0.454914 0 0 0 0 
0.821592 -0.457349 0 0 0 0 
0.82764 -0.446673 0 0 0 0 
0.809546 -0.438431 0 0 0 0 
1 2 6
2 7 6
2 3 7
3 8 7
3 4 8
4 9 8
4 5 9
6 7 10
7 11 10
7 8 11
8 12 11
8 9 12
10 11 13
11 14 13
11 12 14
13 14 15
ZONE N=15, E=16, F=FEPOINT, ET=TRIANGLE
0.694307 -0.609851 0 0 0 0 
0.713983 -0.615987 0 0 0 0 
0.733659 -0.622122 0 0 0 0 
0.753335 -0.628258 0 0 0 0 
0.77301 -0.634393 0 0 0 0 
0.697908 -0.597743 0 0 0 0 
0.717584 -0.603878 0 0 0 0 
0.73726 -0.610014 0 0 0 0 
0.756936 -0.616149 0 0 0 0 
0.701509 -0.585634 0 0 0 0 
0.721185 -0.591769 0 0 0 0 
0.740861 -0.597905 0 0 0 0 
0.70511 -0.573525 0 0 0 0 
0.724786 -0.579661 0 0 0 0 
0.708711 -0.561417 0 0 0 0 
1 2 6
2 7 6
2 3 7
3 8 7
3 4 8
4 9 8
4 5 9
6 7 10
7 11 10
7 8 11
8 12 11
8 9 12
10 11 13
11 14 13
11 12 14
13 14 15
ZONE N=15, E=16, F=FEPOINT, ET=TRIANGLE
0.83147 -0.55557 0 0 0 0 
0.814433 -0.551519 0 0 0 0 
0.797397 -0.547468 0 0 0 0 
0.78036 -0.543417 0 0 0 0 
0.763324 -0.539366 0 0 0 0 
0.824589 -0.565732 0 0 0 0 
0.807491 -0.561638 0 0 0 0 
0.790393 -0.557544 0 0 0 0 
0.773295 -0.553449 0 0 0 0 
0.817585 -0.575808 0 0 0 0 
0.800425 -0.571671 0 0 0 0 
0.783266 -0.567533 0 0 0 0 
0.810457 -0.585798 0 0 0 0 
0.793237 -0.581616 0 0 0 0 
0.803208 -0.595699 0 0 0 0 
1 2 6
2 7 6
2 3 7
3 8 7
3 4 8
4 9 8
4 5 9
6 7 10
7 11 10
7 8 11
8 12 11
8 9 12
10 11 13
11 14 13
11 12 14
13 14 15
ZONE N=15, E=16, F=FEPOINT, ET=TRIANGLE
0.838194 -0.406074 0 0 0 0 
0.831032 -0.414163 0 0 0 0 
0.82387 -0.422253 0 0 0 0 
0.816708 -0.430342 0 0 0 0 
0.809546 -0.438431 0 0 0 0 
0.849126 -0.422405 0 0 0 0 
0.841964 -0.430494 0 0 0 0 
0.834802 -0.438583 0 0 0 0 
0.82764 -0.446673 0 0 0 0 
0.860058 -0.438735 0 0 0 0 
0.852896 -0.446825 0 0 0 0 
0.845734 -0.454914 0 0 0 0 
0.870989 -0.455066 0 0 0 0 
0.863827 -0.463155 0 0 0 0 
0.881921 -0.471397 0 0 0 0 
1 2 6
2 7 6
2 3 7
3 8 7
3 4 8
4 9 8
4 5 9
6 7 10
7 11 10
7 8 11
8 12 11
8 9 12
10 11 13
11 14 13
11 12 14
13 14 15
ZONE N=15, E=16, F=FEPOINT, ET=TRIANGLE
0.92388 -0.382683 0 0 0 0 
0.932993 -0.359895 0 0 0 0 
0.941544 -0.33689 0 0 0 0 
0.949528 -0.313682 0 0 0 0 
0.95694 -0.290285 0 0 0 0 
0.918279 -0.369137 0 0 0 0 
0.927111 -0.346243 0 0 0 0 
0.935377 -0.323139 0 0 0 0 
0.943075 -0.299838 0 0 0 0 
0.912679 -0.355591 0 0 0 0 
0.921227 -0.332593 0 0 0 0 
0.929209 -0.309392 0 0 0 0 
0.907078 -0.342045 0 0 0 0 
0.915344 -0.318946 0 0 0 0 
0.901478 -0.328499 0 0 0 0 
1 2 6
2 7 6
2 3 7
3 8 7
3 4 8
4 9 8
4 5 9
6 7 10
7 11 10
7 8 11
8 12 11
8 9 12
10 11 13
11 14 13
11 12 14
13 14 15
ZONE N=15, E=16, F=FEPOINT, ET=TRIANGLE
0.290285 -0.95694 0 0 0 0 
0.302006 -0.953306 0 0 0 0 
0.313682 -0.949528 0 0 0 0 
0.32531 -0.945607 0 0 0 0 
0.33689 -0.941544 0 0 0 0 
0.296742 -0.941499 0 0 0 0 
0.30844 -0.937793 0 0 0 0 
0.320092 -0.933944 0 0 0 0 
0.331695 -0.929952 0 0 0 0 
0.303198 -0.926057 0 0 0 0 
0.314873 -0.92228 0 0 0 0 
0.326501 -0.918359 0 0 0 0 
0.309655 -0.910616 0 0 0 0 
0.321307 -0.906767 0 0 0 0 
0.316112 -0.895175 0 0 0 0 
1 2 6
2 7 6
2 3 7
3 8 7
3 4 8
4 9 8
4 5 9
6 7 10
7 11 10
7 8 11
8 12 11
8 9 12
10 11 13
11 14 13
11 12 14
13 14 15
ZONE N=15, E=16, F=FEPOINT, ET=TRIANGLE
0.316112 -0.895175 0 0 0 0 
0.332755 -0.902351 0 0 0 0 
0.349398 -0.909527 0 0 0 0 
0.366041 -0.916703 0 0 0 0 
0.382683 -0.92388 0 0 0 0 
0.322936 -0.88701 0 0 0 0 
0.339579 -0.894186 0 0 0 0 
0.356222 -0.901362 0 0 0 0 
0.372865 -0.908538 0 0 0 0 
0.329761 -0.878845 0 0 0 0 
0.346403 -0.886021 0 0 0 0 
0.363046 -0.893197 0 0 0 0 
0.336585 -0.87068 0 0 0 0 
0.353228 -0.877856 0 0 0 0 
0.343409 -0.862514 0 0 0 0 
1 2 6
2 7 6
2 3 7
3 8 7
3 4 8
4 9 8
4 5 9
6 7 10
7 11 10
7 8 11
8 12 11
8 9 12
10 11 13
11 14 13
11 12 14
13 14 15
ZONE N=15, E=16, F=FEPOINT, ET=TRIANGLE
-0.0980171 0.995185 0 0 0 0 
-0.110222 0.993907 0 0 0 0 
-0.122411 0.99248 0 0 0 0 
-0.134581 0.990903 0 0 0 0 
-0.14673 0.989177 0 0 0 0 
-0.102834 0.975296 0 0 0 0 
-0.11503 0.973943 0 0 0 0 
-0.127209 0.972441 0 0 0 0 
-0.139369 0.97079 0 0 0 0 
-0.107651 0.955407 0 0 0 0 
-0.119838 0.95398 0 0 0 0 
-0.132007 0.952403 0 0 0 0 
-0.112467 0.935518 0 0 0 0 
-0.124646 0.934016 0 0 0 0 
-0.117284 0.915629 0 0 0 0 
1 2 6
2 7 6
2 3 7
3 8 7
3 4 8
4 9 8
4 5 9
6 7 10
7 11 10
7 8 11
8 12 11
8 9 12
10 11 13
11 14 13
11 12 14
13 14 15
ZONE N=15, E=16, F=FEPOINT, ET=TRIANGLE
0.18244 0.875913 0 0 0 0 
0.185603 0.902131 0 0 0 0 
0.188765 0.928349 0 0 0 0 
0.191928 0.954567 0 0 0 0 
0.19509 0.980785 0 0 0 0 
0.174281 0.885161 0 0 0 0 
0.177444 0.91138 0 0 0 0 
0.180606 0.937598 0 0 0 0 
0.183769 0.963816 0 0 0 0 
0.166122 0.89441 0 0 0 0 
0.169285 0.920628 0 0 0 0 
0.172447 0.946846 0 0 0 0 
0.157963 0.903659 0 0 0 0 
0.161126 0.929877 0 0 0 0 
0.149804 0.912908 0 0 0 0 
1 2 6
2 7 6
2 3 7
3 8 7
3 4 8
4 9 8
4 5 9
6 7 10
7 11 10
7 8 11
8 12 11
8 9 12
10 11 13
11 14 13
11 12 14
13 14 15
ZONE N=15, E=16, F=FEPOINT, ET=TRIANGLE
0.0490677 0.998795 0 0 0 0 
0.0328277 0.983574 0 0 0 0 
0.0165878 0.968353 0 0 0 0 
0.000347794 0.953131 0 0 0 0 
-0.0158922 0.93791 0 0 0 0 
0.0487852 0.982126 0 0 0 0 
0.0325452 0.966905 0 0 0 0 
0.0163053 0.951683 0 0 0 0 
6.52953e-05 0.936462 0 0 0 0 
0.0485027 0.965457 0 0 0 0 
0.0322627 0.950236 0 0 0 0 
0.0160228 0.935014 0 0 0 0 
0.0482202 0.948788 0 0 0 0 
0.0319802 0.933566 0 0 0 0 
0.0479377 0.932119 0 0 0 0 
1 2 6
2 7 6
2 3 7
3 8 7
3 4 8
4 9 8
4 5 9
6 7 10
7 11 10
7 8 11
8 12 11
8 9 12
10 11 13
11 14 13
11 12 14
13 14 15
ZONE N=15, E=16, F=FEPOINT, ET=TRIANGLE
0.632099 0.70878 0 0 0 0 
0.637395 0.699477 0 0 0 0 
0.642692 0.690174 0 0 0 0 
0.647988 0.680872 0 0 0 0 
0.653285 0.671569 0 0 0 0 
0.641964 0.716823 0 0 0 0 
0.64726 0.70752 0 0 0 0 
0.652557 0.698217 0 0 0 0 
0.657854 0.688915 0 0 0 0 
0.651829 0.724865 0 0 0 0 
0.657125 0.715563 0 0 0 0 
0.662422 0.70626 0 0 0 0 
0.661694 0.732908 0 0 0 0 
0.66699 0.723606 0 0 0 0 
0.671559 0.740951 0 0 0 0 
1 2 6
2 7 6
2 3 7
3 8 7
3 4 8
4 9 8
4 5 9
6 7 10
7 11 10
7 8 11
8 12 11
8 9 12
10 11 13
11 14 13
11 12 14
13 14 15
ZONE N=15, E=16, F=FEPOINT, ET=TRIANGLE
0.100079 0.928917 0 0 0 0 
0.0995633 0.945484 0 0 0 0 
0.0990479 0.962051 0 0 0 0 
0.0985325 0.978618 0 0 0 0 
0.0980171 0.995185 0 0 0 0 
0.0870434 0.929717 0 0 0 0 
0.086528 0.946284 0 0 0 0 
0.0860126 0.962851 0 0 0 0 
0.0854973 0.979418 0 0 0 0 
0.0740082 0.930518 0 0 0 0 
0.0734928 0.947085 0 0 0 0 
0.0729774 0.963652 0 0 0 0 
0.0609729 0.931318 0 0 0 0 
0.0604575 0.947885 0 0 0 0 
0.0479377 0.932119 0 0 0 0 
1 2 6
2 7 6
2 3 7
3 8 7
3 4 8
4 9 8
4 5 9
6 7 10
7 11 10
7 8 11
8 12 11
8 9 12
10 11 13
11 14 13
11 12 14
13 14 15
ZONE N=15, E=16, F=FEPOINT, ET=TRIANGLE
0.0490677 0.998795 0 0 0 0 
0.0368072 0.999322 0 0 0 0 
0.0245412 0.999699 0 0 0 0 
0.0122715 0.999925 0 0 0 0 
6.245e-17 1 0 0 0 0 
0.0328277 0.983574 0 0 0 0 
0.0205648 0.984026 0 0 0 0 
0.00829726 0.984327 0 0 0 0 
-0.00397304 0.984477 0 0 0 0 
0.0165878 0.968353 0 0 0 0 
0.00432268 0.968729 0 0 0 0 
-0.00794608 0.968955 0 0 0 0 
0.000347794 0.953131 0 0 0 0 
-0.0119191 0.953432 0 0 0 0 
-0.0158922 0.93791 0 0 0 0 
1 2 6
2 7 6
2 3 7
3 8 7
3 4 8
4 9 8
4 5 9
6 7 10
7 11 10
7 8 11
8 12 11
8 9 12
10 11 13
11 14 13
11 12 14
13 14 15
ZONE N=15, E=16, F=FEPOINT, ET=TRIANGLE
0.0980171 0.995185 0 0 0 0 
0.0985325 0.978618 0 0 0 0 
0.0990479 0.962051 0 0 0 0 
0.0995633 0.945484 0 0 0 0 
0.100079 0.928917 0 0 0 0 
0.110222 0.993907 0 0 0 0 
0.110729 0.977265 0 0 0 0 
0.111235 0.960624 0 0 0 0 
0.111742 0.943982 0 0 0 0 
0.122411 0.99248 0 0 0 0 
0.122908 0.975763 0 0 0 0 
0.123405 0.959047 0 0 0 0 
0.134581 0.990903 0 0 0 0 
0.135068 0.974112 0 0 0 0 
0.14673 0.989177 0 0 0 0 
1 2 6
2 7 6
2 3 7
3 8 7
3 4 8
4 9 8
4 5 9
6 7 10
7 11 10
7 8 11
8 12 11
8 9 12
10 11 13
11 14 13
11 12 14
13 14 15
ZONE N=15, E=16, F=FEPOINT, ET=TRIANGLE
0.514103 0.857729 0 0 0 0 
0.505825 0.841231 0 0 0 0 
0.497548 0.824733 0 0 0 0 
0.48927 0.808235 0 0 0 0 
0.480993 0.791737 0 0 0 0 
0.52459 0.851355 0 0 0 0 
0.516272 0.834793 0 0 0 0 
0.507955 0.818232 0 0 0 0 
0.499637 0.80167 0 0 0 0 
0.534998 0.844854 0 0 0 0 
0.52664 0.828228 0 0 0 0 
0.518282 0.811603 0 0 0 0 
0.545325 0.838225 0 0 0 0 
0.536926 0.821536 0 0 0 0 
0.55557 0.83147 0 0 0 0 
1 2 6
2 7 6
2 3 7
3 8 7
3 4 8
4 9 8
4 5 9
6 7 10
7 11 10
7 8 11
8 12 11
8 9 12
10 11 13
11 14 13
11 12 14
13 14 15
ZONE N=15, E=16, F=FEPOINT, ET=TRIANGLE
0.632099 0.70878 0 0 0 0 
0.632673 0.724838 0 0 0 0 
0.633246 0.740895 0 0 0 0 
0.63382 0.756953 0 0 0 0 
0.634393 0.77301 0 0 0 0 
0.617015 0.716422 0 0 0 0 
0.617589 0.73248 0 0 0 0 
0.618162 0.748537 0 0 0 0 
0.618736 0.764595 0 0 0 0 
0.601931 0.724064 0 0 0 0 
0.602505 0.740122 0 0 0 0 
0.603079 0.756179 0 0 0 0 
0.586848 0.731706 0 0 0 0 
0.587421 0.747764 0 0 0 0 
0.571764 0.739348 0 0 0 0 
1 2 6
2 7 6
2 3 7
3 8 7
3 4 8
4 9 8
4 5 9
6 7 10
7 11 10
7 8 11
8 12 11
8 9 12
10 11 13
11 14 13
11 12 14
13 14 15
ZONE N=15, E=16, F=FEPOINT, ET=TRIANGLE
0.653285 0.671569 0 0 0 0 
0.666756 0.665799 0 0 0 0 
0.680226 0.660029 0 0 0 0 
0.693697 0.654259 0 0 0 0 
0.707168 0.648489 0 0 0 0 
0.66674 0.680453 0 0 0 0 
0.680211 0.674684 0 0 0 0 
0.693682 0.668914 0 0 0 0 
0.707152 0.663144 0 0 0 0 
0.680196 0.689338 0 0 0 0 
0.693667 0.683568 0 0 0 0 
0.707137 0.677798 0 0 0 0 
0.693651 0.698222 0 0 0 0 
0.707122 0.692452 0 0 0 0 
0.707107 0.707107 0 0 0 0 
1 2 6
2 7 6
2 3 7
3 8 7
3 4 8
4 9 8
4 5 9
6 7 10
7 11 10
7 8 11
8 12 11
8 9 12
10 11 13
11 14 13
11 12 14
13 14 15
ZONE N=15, E=16, F=FEPOINT, ET=TRIANGLE
0.792793 0.500398 0 0 0 0 
0.795204 0.488145 0 0 0 0 
0.797616 0.475892 0 0 0 0 
0.800027 0.463639 0 0 0 0 
0.802438 0.451385 0 0 0 0 
0.809027 0.503824 0 0 0 0 
0.811438 0.491571 0 0 0 0 
0.813849 0.479318 0 0 0 0 
0.816261 0.467065 0 0 0 0 
0.825261 0.50725 0 0 0 0 
0.827672 0.494997 0 0 0 0 
0.830083 0.482744 0 0 0 0 
0.841495 0.510677 0 0 0 0 
0.843906 0.498423 0 0 0 0 
0.857729 0.514103 0 0 0 0 
1 2 6
2 7 6
2 3 7
3 8 7
3 4 8
4 9 8
4 5 9
6 7 10
7 11 10
7 8 11
8 12 11
8 9 12
10 11 13
11 14 13
11 12 14
13 14 15
ZONE N=15, E=16, F=FEPOINT, ET=TRIANGLE
0.707107 0.707107 0 0 0 0 
0.707122 0.692452 0 0 0 0 
0.707137 0.677798 0 0 0 0 
0.707152 0.663144 0 0 0 0 
0.707168 0.648489 0 0 0 0 
0.724247 0.689541 0 0 0 0 
0.724043 0.67468 0 0 0 0 
0.723836 0.659822 0 0 0 0 
0.723628 0.644965 0 0 0 0 
0.740951 0.671559 0 0 0 0 
0.740522 0.656498 0 0 0 0 
0.740089 0.641441 0 0 0 0 
0.757209 0.653173 0 0 0 0 
0.75655 0.637917 0 0 0 0 
0.77301 0.634393 0 0 0 0 
1 2 6
2 7 6
2 3 7
3 8 7
3 4 8
4 9 8
4 5 9
6 7 10
7 11 10
7 8 11
8 12 11
8 9 12
10 11 13
11 14 13
11 12 14
13 14 15
ZONE N=15, E=16, F=FEPOINT, ET=TRIANGLE
-0.14673 -0.989177 0 0 0 0 
-0.145986 -0.972001 0 0 0 0 
-0.145241 -0.954825 0 0 0 0 
-0.144496 -0.93765 0 0 0 0 
-0.143752 -0.920474 0 0 0 0 
-0.158858 -0.987301 0 0 0 0 
-0.158101 -0.970052 0 0 0 0 
-0.157344 -0.952802 0 0 0 0 
-0.156586 -0.935552 0 0 0 0 
-0.170962 -0.985278 0 0 0 0 
-0.170192 -0.967954 0 0 0 0 
-0.169421 -0.95063 0 0 0 0 
-0.18304 -0.983105 0 0 0 0 
-0.182256 -0.965707 0 0 0 0 
-0.19509 -0.980785 0 0 0 0 
1 2 6
2 7 6
2 3 7
3 8 7
3 4 8
4 9 8
4 5 9
6 7 10
7 11 10
7 8 11
8 12 11
8 9 12
10 11 13
11 14 13
11 12 14
13 14 15
ZONE N=15, E=16, F=FEPOINT, ET=TRIANGLE
-0.143752 -0.920474 0 0 0 0 
-0.144496 -0.93765 0 0 0 0 
-0.145241 -0.954825 0 0 0 0 
-0.145986 -0.972001 0 0 0 0 
-0.14673 -0.989177 0 0 0 0 
-0.133625 -0.924764 0 0 0 0 
-0.134369 -0.94194 0 0 0 0 
-0.135114 -0.959115 0 0 0 0 
-0.135859 -0.976291 0 0 0 0 
-0.123498 -0.929054 0 0 0 0 
-0.124242 -0.94623 0 0 0 0 
-0.124987 -0.963405 0 0 0 0 
-0.113371 -0.933344 0 0 0 0 
-0.114115 -0.950519 0 0 0 0 
-0.103244 -0.937634 0 0 0 0 
1 2 6
2 7 6
2 3 7
3 8 7
3 4 8
4 9 8
4 5 9
6 7 10
7 11 10
7 8 11
8 12 11
8 9 12
10 11 13
11 14 13
11 12 14
13 14 15
ZONE N=15, E=16, F=FEPOINT, ET=TRIANGLE
0.510178 -0.784715 0 0 0 0 
0.521526 -0.796404 0 0 0 0 
0.532874 -0.808092 0 0 0 0 
0.544222 -0.819781 0 0 0 0 
0.55557 -0.83147 0 0 0 0 
0.523678 -0.776947 0 0 0 0 
0.535025 -0.788635 0 0 0 0 
0.546373 -0.800324 0 0 0 0 
0.557721 -0.812013 0 0 0 0 
0.537177 -0.769178 0 0 0 0 
0.548524 -0.780867 0 0 0 0 
0.559872 -0.792556 0 0 0 0 
0.550676 -0.76141 0 0 0 0 
0.562024 -0.773099 0 0 0 0 
0.564175 -0.753642 0 0 0 0 
1 2 6
2 7 6
2 3 7
3 8 7
3 4 8
4 9 8
4 5 9
6 7 10
7 11 10
7 8 11
8 12 11
8 9 12
10 11 13
11 14 13
11 12 14
13 14 15
ZONE N=15, E=16, F=FEPOINT, ET=TRIANGLE
0.77301 -0.634393 0 0 0 0 
0.753335 -0.628258 0 0 0 0 
0.733659 -0.622122 0 0 0 0 
0.713983 -0.615987 0 0 0 0 
0.694307 -0.609851 0 0 0 0 
0.765167 -0.643832 0 0 0 0 
0.745434 -0.637647 0 0 0 0 
0.725701 -0.631463 0 0 0 0 
0.705968 -0.625278 0 0 0 0 
0.757209 -0.653173 0 0 0 0 
0.737419 -0.646939 0 0 0 0 
0.717629 -0.640705 0 0 0 0 
0.749136 -0.662416 0 0 0 0 
0.72929 -0.656132 0 0 0 0 
0.740951 -0.671559 0 0 0 0 
1 2 6
2 7 6
2 3 7
3 8 7
3 4 8
4 9 8
4 5 9
6 7 10
7 11 10
7 8 11
8 12 11
8 9 12
10 11 13
11 14 13
11 12 14
13 14 15
ZONE N=15, E=16, F=FEPOINT, ET=TRIANGLE
0.630582 -0.671928 0 0 0 0 
0.640826 -0.689184 0 0 0 0 
0.65107 -0.70644 0 0 0 0 
0.661315 -0.723695 0 0 0 0 
0.671559 -0.740951 0 0 0 0 
0.641214 -0.669474 0 0 0 0 
0.651458 -0.68673 0 0 0 0 
0.661702 -0.703985 0 0 0 0 
0.671947 -0.721241 0 0 0 0 
0.651846 -0.66702 0 0 0 0 
0.66209 -0.684275 0 0 0 0 
0.672334 -0.701531 0 0 0 0 
0.662478 -0.664565 0 0 0 0 
0.672722 -0.681821 0 0 0 0 
0.67311 -0.662111 0 0 0 0 
1 2 6
2 7 6
2 3 7
3 8 7
3 4 8
4 9 8
4 5 9
6 7 10
7 11 10
7 8 11
8 12 11
8 9 12
10 11 13
11 14 13
11 12 14
13 14 15
ZONE N=15, E=16, F=FEPOINT, ET=TRIANGLE
0.740951 -0.671559 0 0 0 0 
0.723991 -0.669197 0 0 0 0 
0.70703 -0.666835 0 0 0 0 
0.69007 -0.664473 0 0 0 0 
0.67311 -0.662111 0 0 0 0 
0.732654 -0.680601 0 0 0 0 
0.715639 -0.678188 0 0 0 0 
0.698624 -0.675774 0 0 0 0 
0.681609 -0.67336 0 0 0 0 
0.724247 -0.689541 0 0 0 0 
0.707177 -0.687075 0 0 0 0 
0.690108 -0.684609 0 0 0 0 
0.715731 -0.698376 0 0 0 0 
0.698608 -0.695858 0 0 0 0 
0.707107 -0.707107 0 0 0 0 
1 2 6
2 7 6
2 3 7
3 8 7
3 4 8
4 9 8
4 5 9
6 7 10
7 11 10
7 8 11
8 12 11
8 9 12
10 11 13
11 14 13
11 12 14
13 14 15
ZONE N=15, E=16, F=FEPOINT, ET=TRIANGLE
0.857729 -0.514103 0 0 0 0 
0.842308 -0.505449 0 0 0 0 
0.826888 -0.496795 0 0 0 0 
0.811468 -0.488141 0 0 0 0 
0.796048 -0.479487 0 0 0 0 
0.851355 -0.52459 0 0 0 0 
0.835871 -0.515896 0 0 0 0 
0.820387 -0.507202 0 0 0 0 
0.804903 -0.498507 0 0 0 0 
0.844854 -0.534998 0 0 0 0 
0.829306 -0.526263 0 0 0 0 
0.813759 -0.517528 0 0 0 0 
0.838225 -0.545325 0 0 0 0 
0.822614 -0.536549 0 0 0 0 
0.83147 -0.55557 0 0 0 0 
1 2 6
2 7 6
2 3 7
3 8 7
3 4 8
4 9 8
4 5 9
6 7 10
7 11 10
7 8 11
8 12 11
8 9 12
10 11 13
11 14 13
11 12 14
13 14 15
ZONE N=15, E=16, F=FEPOINT, ET=TRIANGLE
0.857729 -0.514103 0 0 0 0 
0.845683 -0.495185 0 0 0 0 
0.833637 -0.476267 0 0 0 0 
0.821592 -0.457349 0 0 0 0 
0.809546 -0.438431 0 0 0 0 
0.842308 -0.505449 0 0 0 0 
0.830263 -0.486531 0 0 0 0 
0.818217 -0.467613 0 0 0 0 
0.806172 -0.448695 0 0 0 0 
0.826888 -0.496795 0 0 0 0 
0.814843 -0.477877 0 0 0 0 
0.802797 -0.458959 0 0 0 0 
0.811468 -0.488141 0 0 0 0 
0.799422 -0.469223 0 0 0 0 
0.796048 -0.479487 0 0 0 0 
1 2 6
2 7 6
2 3 7
3 8 7
3 4 8
4 9 8
4 5 9
6 7 10
7 11 10
7 8 11
8 12 11
8 9 12
10 11 13
11 14 13
11 12 14
13 14 15
ZONE N=15, E=16, F=FEPOINT, ET=TRIANGLE
0.903989 -0.427555 0 0 0 0 
0.897268 -0.416123 0 0 0 0 
0.890547 -0.40469 0 0 0 0 
0.883826 -0.393258 0 0 0 0 
0.877105 -0.381826 0 0 0 0 
0.88754 -0.422185 0 0 0 0 
0.880819 -0.410752 0 0 0 0 
0.874098 -0.39932 0 0 0 0 
0.867377 -0.387888 0 0 0 0 
0.871092 -0.416814 0 0 0 0 
0.864371 -0.405382 0 0 0 0 
0.85765 -0.39395 0 0 0 0 
0.854643 -0.411444 0 0 0 0 
0.847922 -0.400012 0 0 0 0 
0.838194 -0.406074 0 0 0 0 
1 2 6
2 7 6
2 3 7
3 8 7
3 4 8
4 9 8
4 5 9
6 7 10
7 11 10
7 8 11
8 12 11
8 9 12
10 11 13
11 14 13
11 12 14
13 14 15
ZONE N=15, E=16, F=FEPOINT, ET=TRIANGLE
0.903989 -0.427555 0 0 0 0 
0.88754 -0.422185 0 0 0 0 
0.871092 -0.416814 0 0 0 0 
0.854643 -0.411444 0 0 0 0 
0.838194 -0.406074 0 0 0 0 
0.898674 -0.438616 0 0 0 0 
0.882158 -0.433213 0 0 0 0 
0.865642 -0.427809 0 0 0 0 
0.849126 -0.422405 0 0 0 0 
0.893224 -0.449611 0 0 0 0 
0.876641 -0.444174 0 0 0 0 
0.860058 -0.438735 0 0 0 0 
0.88764 -0.460539 0 0 0 0 
0.870989 -0.455066 0 0 0 0 
0.881921 -0.471397 0 0 0 0 
1 2 6
2 7 6
2 3 7
3 8 7
3 4 8
4 9 8
4 5 9
6 7 10
7 11 10
7 8 11
8 12 11
8 9 12
10 11 13
11 14 13
11 12 14
13 14 15
ZONE N=15, E=16, F=FEPOINT, ET=TRIANGLE
0.95694 -0.290285 0 0 0 0 
0.938948 -0.28536 0 0 0 0 
0.920957 -0.280435 0 0 0 0 
0.902965 -0.27551 0 0 0 0 
0.884973 -0.270584 0 0 0 0 
0.943075 -0.299838 0 0 0 0 
0.925083 -0.294913 0 0 0 0 
0.907091 -0.289988 0 0 0 0 
0.889099 -0.285063 0 0 0 0 
0.929209 -0.309392 0 0 0 0 
0.911217 -0.304467 0 0 0 0 
0.893225 -0.299542 0 0 0 0 
0.915344 -0.318946 0 0 0 0 
0.897352 -0.314021 0 0 0 0 
0.901478 -0.328499 0 0 0 0 
1 2 6
2 7 6
2 3 7
3 8 7
3 4 8
4 9 8
4 5 9
6 7 10
7 11 10
7 8 11
8 12 11
8 9 12
10 11 13
11 14 13
11 12 14
13 14 15
ZONE N=15, E=16, F=FEPOINT, ET=TRIANGLE
0.877105 -0.381826 0 0 0 0 
0.883826 -0.393258 0 0 0 0 
0.890547 -0.40469 0 0 0 0 
0.897268 -0.416123 0 0 0 0 
0.903989 -0.427555 0 0 0 0 
0.888799 -0.38204 0 0 0 0 
0.895589 -0.393503 0 0 0 0 
0.902378 -0.404966 0 0 0 0 
0.909168 -0.41643 0 0 0 0 
0.900492 -0.382255 0 0 0 0 
0.907351 -0.393748 0 0 0 0 
0.91421 -0.405241 0 0 0 0 
0.912186 -0.382469 0 0 0 0 
0.919114 -0.393992 0 0 0 0 
0.92388 -0.382683 0 0 0 0 
1 2 6
2 7 6
2 3 7
3 8 7
3 4 8
4 9 8
4 5 9
6 7 10
7 11 10
7 8 11
8 12 11
8 9 12
10 11 13
11 14 13
11 12 14
13 14 15
ZONE N=15, E=16, F=FEPOINT, ET=TRIANGLE
0.877105 -0.381826 0 0 0 0 
0.888799 -0.38204 0 0 0 0 
0.900492 -0.382255 0 0 0 0 
0.912186 -0.382469 0 0 0 0 
0.92388 -0.382683 0 0 0 0 
0.883198 -0.368494 0 0 0 0 
0.894892 -0.368709 0 0 0 0 
0.906586 -0.368923 0 0 0 0 
0.918279 -0.369137 0 0 0 0 
0.889292 -0.355163 0 0 0 0 
0.900985 -0.355377 0 0 0 0 
0.912679 -0.355591 0 0 0 0 
0.895385 -0.341831 0 0 0 0 
0.907078 -0.342045 0 0 0 0 
0.901478 -0.328499 0 0 0 0 
1 2 6
2 7 6
2 3 7
3 8 7
3 4 8
4 9 8
4 5 9
6 7 10
7 11 10
7 8 11
8 12 11
8 9 12
10 11 13
11 14 13
11 12 14
13 14 15
ZONE N=15, E=16, F=FEPOINT, ET=TRIANGLE
0.980785 -0.19509 0 0 0 0 
0.959199 -0.197012 0 0 0 0 
0.937612 -0.198935 0 0 0 0 
0.916025 -0.200857 0 0 0 0 
0.894439 -0.202779 0 0 0 0 
0.963502 -0.206254 0 0 0 0 
0.941915 -0.208176 0 0 0 0 
0.920329 -0.210098 0 0 0 0 
0.898742 -0.212021 0 0 0 0 
0.946218 -0.217418 0 0 0 0 
0.924632 -0.21934 0 0 0 0 
0.903045 -0.221262 0 0 0 0 
0.928935 -0.228582 0 0 0 0 
0.907348 -0.230504 0 0 0 0 
0.911651 -0.239745 0 0 0 0 
1 2 6
2 7 6
2 3 7
3 8 7
3 4 8
4 9 8
4 5 9
6 7 10
7 11 10
7 8 11
8 12 11
8 9 12
10 11 13
11 14 13
11 12 14
13 14 15
ZONE N=15, E=16, F=FEPOINT, ET=TRIANGLE
0.911651 -0.239745 0 0 0 0 
0.922974 -0.25238 0 0 0 0 
0.934296 -0.265015 0 0 0 0 
0.945618 -0.27765 0 0 0 0 
0.95694 -0.290285 0 0 0 0 
0.926246 -0.240554 0 0 0 0 
0.937641 -0.253209 0 0 0 0 
0.949036 -0.265864 0 0 0 0 
0.960431 -0.27852 0 0 0 0 
0.940841 -0.241363 0 0 0 0 
0.952309 -0.254037 0 0 0 0 
0.963776 -0.266713 0 0 0 0 
0.955436 -0.242171 0 0 0 0 
0.966976 -0.254866 0 0 0 0 
0.970031 -0.24298 0 0 0 0 
1 2 6
2 7 6
2 3 7
3 8 7
3 4 8
4 9 8
4 5 9
6 7 10
7 11 10
7 8 11
8 12 11
8 9 12
10 11 13
11 14 13
11 12 14
13 14 15
ZONE N=15, E=16, F=FEPOINT, ET=TRIANGLE
-0.0490677 0.998795 0 0 0 0 
-0.0613207 0.998118 0 0 0 0 
-0.0735646 0.99729 0 0 0 0 
-0.0857973 0.996313 0 0 0 0 
-0.0980171 0.995185 0 0 0 0 
-0.0534939 0.983866 0 0 0 0 
-0.065742 0.983113 0 0 0 0 
-0.07798 0.98221 0 0 0 0 
-0.090206 0.981158 0 0 0 0 
-0.0579201 0.968936 0 0 0 0 
-0.070163 0.968108 0 0 0 0 
-0.0823948 0.967131 0 0 0 0 
-0.0623463 0.954006 0 0 0 0 
-0.0745837 0.953104 0 0 0 0 
-0.0667725 0.939076 0 0 0 0 
1 2 6
2 7 6
2 3 7
3 8 7
3 4 8
4 9 8
4 5 9
6 7 10
7 11 10
7 8 11
8 12 11
8 9 12
10 11 13
11 14 13
11 12 14
13 14 15
ZONE N=15, E=16, F=FEPOINT, ET=TRIANGLE
0.278192 -0.875839 0 0 0 0 
0.281215 -0.896115 0 0 0 0 
0.284238 -0.91639 0 0 0 0 
0.287261 -0.936665 0 0 0 0 
0.290285 -0.95694 0 0 0 0 
0.287672 -0.880673 0 0 0 0 
0.290695 -0.900948 0 0 0 0 
0.293718 -0.921224 0 0 0 0 
0.296742 -0.941499 0 0 0 0 
0.297152 -0.885507 0 0 0 0 
0.300175 -0.905782 0 0 0 0 
0.303198 -0.926057 0 0 0 0 
0.306632 -0.890341 0 0 0 0 
0.309655 -0.910616 0 0 0 0 
0.316112 -0.895175 0 0 0 0 
1 2 6
2 7 6
2 3 7
3 8 7
3 4 8
4 9 8
4 5 9
6 7 10
7 11 10
7 8 11
8 12 11
8 9 12
10 11 13
11 14 13
11 12 14
13 14 15
ZONE N=15, E=16, F=FEPOINT, ET=TRIANGLE
0.33689 -0.941544 0 0 0 0 
0.348419 -0.937339 0 0 0 0 
0.359895 -0.932993 0 0 0 0 
0.371317 -0.928506 0 0 0 0 
0.382683 -0.92388 0 0 0 0 
0.331695 -0.929952 0 0 0 0 
0.343198 -0.925676 0 0 0 0 
0.354647 -0.92126 0 0 0 0 
0.366041 -0.916703 0 0 0 0 
0.326501 -0.918359 0 0 0 0 
0.337977 -0.914013 0 0 0 0 
0.349398 -0.909527 0 0 0 0 
0.321307 -0.906767 0 0 0 0 
0.332755 -0.902351 0 0 0 0 
0.316112 -0.895175 0 0 0 0 
1 2 6
2 7 6
2 3 7
3 8 7
3 4 8
4 9 8
4 5 9
6 7 10
7 11 10
7 8 11
8 12 11
8 9 12
10 11 13
11 14 13
11 12 14
13 14 15
ZONE N=15, E=16, F=FEPOINT, ET=TRIANGLE
0.514103 -0.857729 0 0 0 0 
0.52459 -0.851355 0 0 0 0 
0.534998 -0.844854 0 0 0 0 
0.545325 -0.838225 0 0 0 0 
0.55557 -0.83147 0 0 0 0 
0.513122 -0.839475 0 0 0 0 
0.523569 -0.833038 0 0 0 0 
0.533936 -0.826473 0 0 0 0 
0.544222 -0.819781 0 0 0 0 
0.512141 -0.821222 0 0 0 0 
0.522548 -0.814721 0 0 0 0 
0.532874 -0.808092 0 0 0 0 
0.51116 -0.802969 0 0 0 0 
0.521526 -0.796404 0 0 0 0 
0.510178 -0.784715 0 0 0 0 
1 2 6
2 7 6
2 3 7
3 8 7
3 4 8
4 9 8
4 5 9
6 7 10
7 11 10
7 8 11
8 12 11
8 9 12
10 11 13
11 14 13
11 12 14
13 14 15
ZONE N=15, E=16, F=FEPOINT, ET=TRIANGLE
0.471397 -0.881921 0 0 0 0 
0.482184 -0.87607 0 0 0 0 
0.492898 -0.870087 0 0 0 0 
0.503538 -0.863973 0 0 0 0 
0.514103 -0.857729 0 0 0 0 
0.46012 -0.865816 0 0 0 0 
0.470871 -0.859899 0 0 0 0 
0.481548 -0.853851 0 0 0 0 
0.49215 -0.847672 0 0 0 0 
0.448844 -0.849711 0 0 0 0 
0.459558 -0.843728 0 0 0 0 
0.470197 -0.837614 0 0 0 0 
0.437568 -0.833606 0 0 0 0 
0.448244 -0.827557 0 0 0 0 
0.426292 -0.8175 0 0 0 0 
1 2 6
2 7 6
2 3 7
3 8 7
3 4 8
4 9 8
4 5 9
6 7 10
7 11 10
7 8 11
8 12 11
8 9 12
10 11 13
11 14 13
11 12 14
13 14 15
ZONE N=15, E=16, F=FEPOINT, ET=TRIANGLE
0.634393 -0.77301 0 0 0 0 
0.616839 -0.768168 0 0 0 0 
0.599284 -0.763326 0 0 0 0 
0.581729 -0.758484 0 0 0 0 
0.564175 -0.753642 0 0 0 0 
0.615232 -0.788346 0 0 0 0 
0.597494 -0.783265 0 0 0 0 
0.579758 -0.778183 0 0 0 0 
0.562024 -0.773099 0 0 0 0 
0.595699 -0.803208 0 0 0 0 
0.577784 -0.797883 0 0 0 0 
0.559872 -0.792556 0 0 0 0 
0.575808 -0.817585 0 0 0 0 
0.557721 -0.812013 0 0 0 0 
0.55557 -0.83147 0 0 0 0 
1 2 6
2 7 6
2 3 7
3 8 7
3 4 8
4 9 8
4 5 9
6 7 10
7 11 10
7 8 11
8 12 11
8 9 12
10 11 13
11 14 13
11 12 14
13 14 15
ZONE N=15, E=16, F=FEPOINT, ET=TRIANGLE
0.514103 -0.857729 0 0 0 0 
0.50158 -0.838326 0 0 0 0 
0.489057 -0.818923 0 0 0 0 
0.476534 -0.799521 0 0 0 0 
0.464011 -0.780118 0 0 0 0 
0.49215 -0.847672 0 0 0 0 
0.479627 -0.828269 0 0 0 0 
0.467104 -0.808866 0 0 0 0 
0.454582 -0.789463 0 0 0 0 
0.470197 -0.837614 0 0 0 0 
0.457674 -0.818212 0 0 0 0 
0.445152 -0.798809 0 0 0 0 
0.448244 -0.827557 0 0 0 0 
0.435722 -0.808155 0 0 0 0 
0.426292 -0.8175 0 0 0 0 
1 2 6
2 7 6
2 3 7
3 8 7
3 4 8
4 9 8
4 5 9
6 7 10
7 11 10
7 8 11
8 12 11
8 9 12
10 11 13
11 14 13
11 12 14
13 14 15
ZONE N=15, E=16, F=FEPOINT, ET=TRIANGLE
0.510178 -0.784715 0 0 0 0 
0.498637 -0.783566 0 0 0 0 
0.487095 -0.782416 0 0 0 0 
0.475553 -0.781267 0 0 0 0 
0.464011 -0.780118 0 0 0 0 
0.51116 -0.802969 0 0 0 0 
0.499618 -0.801819 0 0 0 0 
0.488076 -0.80067 0 0 0 0 
0.476534 -0.799521 0 0 0 0 
0.512141 -0.821222 0 0 0 0 
0.500599 -0.820073 0 0 0 0 
0.489057 -0.818923 0 0 0 0 
0.513122 -0.839475 0 0 0 0 
0.50158 -0.838326 0 0 0 0 
0.514103 -0.857729 0 0 0 0 
1 2 6
2 7 6
2 3 7
3 8 7
3 4 8
4 9 8
4 5 9
6 7 10
7 11 10
7 8 11
8 12 11
8 9 12
10 11 13
11 14 13
11 12 14
13 14 15
ZONE N=15, E=16, F=FEPOINT, ET=TRIANGLE
0.634393 -0.77301 0 0 0 0 
0.626275 -0.75597 0 0 0 0 
0.618158 -0.738929 0 0 0 0 
0.61004 -0.721888 0 0 0 0 
0.601922 -0.704847 0 0 0 0 
0.616839 -0.768168 0 0 0 0 
0.608721 -0.751127 0 0 0 0 
0.600603 -0.734087 0 0 0 0 
0.592485 -0.717046 0 0 0 0 
0.599284 -0.763326 0 0 0 0 
0.591166 -0.746285 0 0 0 0 
0.583048 -0.729245 0 0 0 0 
0.581729 -0.758484 0 0 0 0 
0.573611 -0.741443 0 0 0 0 
0.564175 -0.753642 0 0 0 0 
1 2 6
2 7 6
2 3 7
3 8 7
3 4 8
4 9 8
4 5 9
6 7 10
7 11 10
7 8 11
8 12 11
8 9 12
10 11 13
11 14 13
11 12 14
13 14 15
ZONE N=15, E=16, F=FEPOINT, ET=TRIANGLE
0.707107 -0.707107 0 0 0 0 
0.698608 -0.695858 0 0 0 0 
0.690108 -0.684609 0 0 0 0 
0.681609 -0.67336 0 0 0 0 
0.67311 -0.662111 0 0 0 0 
0.698376 -0.715731 0 0 0 0 
0.689825 -0.704428 0 0 0 0 
0.681273 -0.693125 0 0 0 0 
0.672722 -0.681821 0 0 0 0 
0.689541 -0.724247 0 0 0 0 
0.680937 -0.712889 0 0 0 0 
0.672334 -0.701531 0 0 0 0 
0.680601 -0.732654 0 0 0 0 
0.671947 -0.721241 0 0 0 0 
0.671559 -0.740951 0 0 0 0 
1 2 6
2 7 6
2 3 7
3 8 7
3 4 8
4 9 8
4 5 9
6 7 10
7 11 10
7 8 11
8 12 11
8 9 12
10 11 13
11 14 13
11 12 14
13 14 15
ZONE N=15, E=16, F=FEPOINT, ET=TRIANGLE
0.671559 -0.740951 0 0 0 0 
0.65415 -0.731925 0 0 0 0 
0.63674 -0.722899 0 0 0 0 
0.619331 -0.713873 0 0 0 0 
0.601922 -0.704847 0 0 0 0 
0.662416 -0.749136 0 0 0 0 
0.644957 -0.740054 0 0 0 0 
0.627498 -0.730971 0 0 0 0 
0.61004 -0.721888 0 0 0 0 
0.653173 -0.757209 0 0 0 0 
0.635665 -0.748069 0 0 0 0 
0.618158 -0.738929 0 0 0 0 
0.643832 -0.765167 0 0 0 0 
0.626275 -0.75597 0 0 0 0 
0.634393 -0.77301 0 0 0 0 
1 2 6
2 7 6
2 3 7
3 8 7
3 4 8
4 9 8
4 5 9
6 7 10
7 11 10
7 8 11
8 12 11
8 9 12
10 11 13
11 14 13
11 12 14
13 14 15
ZONE N=15, E=16, F=FEPOINT, ET=TRIANGLE
0.601922 -0.704847 0 0 0 0 
0.619331 -0.713873 0 0 0 0 
0.63674 -0.722899 0 0 0 0 
0.65415 -0.731925 0 0 0 0 
0.671559 -0.740951 0 0 0 0 
0.609087 -0.696618 0 0 0 0 
0.626496 -0.705644 0 0 0 0 
0.643905 -0.714669 0 0 0 0 
0.661315 -0.723695 0 0 0 0 
0.616252 -0.688388 0 0 0 0 
0.633661 -0.697414 0 0 0 0 
0.65107 -0.70644 0 0 0 0 
0.623417 -0.680158 0 0 0 0 
0.640826 -0.689184 0 0 0 0 
0.630582 -0.671928 0 0 0 0 
1 2 6
2 7 6
2 3 7
3 8 7
3 4 8
4 9 8
4 5 9
6 7 10
7 11 10
7 8 11
8 12 11
8 9 12
10 11 13
11 14 13
11 12 14
13 14 15
ZONE N=15, E=16, F=FEPOINT, ET=TRIANGLE
0.0490677 0.998795 0 0 0 0 
0.0487852 0.982126 0 0 0 0 
0.0485027 0.965457 0 0 0 0 
0.0482202 0.948788 0 0 0 0 
0.0479377 0.932119 0 0 0 0 
0.0613207 0.998118 0 0 0 0 
0.0610333 0.981374 0 0 0 0 
0.0607456 0.964629 0 0 0 0 
0.0604575 0.947885 0 0 0 0 
0.0735646 0.99729 0 0 0 0 
0.0732713 0.980471 0 0 0 0 
0.0729774 0.963652 0 0 0 0 
0.0857973 0.996313 0 0 0 0 
0.0854973 0.979418 0 0 0 0 
0.0980171 0.995185 0 0 0 0 
1 2 6
2 7 6
2 3 7
3 8 7
3 4 8
4 9 8
4 5 9
6 7 10
7 11 10
7 8 11
8 12 11
8 9 12
10 11 13
11 14 13
11 12 14
13 14 15
ZONE N=15, E=16, F=FEPOINT, ET=TRIANGLE
0.22975 0.889896 0 0 0 0 
0.221085 0.912618 0 0 0 0 
0.21242 0.93534 0 0 0 0 
0.203755 0.958063 0 0 0 0 
0.19509 0.980785 0 0 0 0 
0.217922 0.8864 0 0 0 0 
0.209258 0.909122 0 0 0 0 
0.200593 0.931845 0 0 0 0 
0.191928 0.954567 0 0 0 0 
0.206095 0.882904 0 0 0 0 
0.19743 0.905627 0 0 0 0 
0.188765 0.928349 0 0 0 0 
0.194268 0.879408 0 0 0 0 
0.185603 0.902131 0 0 0 0 
0.18244 0.875913 0 0 0 0 
1 2 6
2 7 6
2 3 7
3 8 7
3 4 8
4 9 8
4 5 9
6 7 10
7 11 10
7 8 11
8 12 11
8 9 12
10 11 13
11 14 13
11 12 14
13 14 15
ZONE N=15, E=16, F=FEPOINT, ET=TRIANGLE
0.14673 0.989177 0 0 0 0 
0.147499 0.970109 0 0 0 0 
0.148267 0.951042 0 0 0 0 
0.149036 0.931975 0 0 0 0 
0.149804 0.912908 0 0 0 0 
0.158858 0.987301 0 0 0 0 
0.159614 0.96816 0 0 0 0 
0.16037 0.949018 0 0 0 0 
0.161126 0.929877 0 0 0 0 
0.170962 0.985278 0 0 0 0 
0.171705 0.966062 0 0 0 0 
0.172447 0.946846 0 0 0 0 
0.18304 0.983105 0 0 0 0 
0.183769 0.963816 0 0 0 0 
0.19509 0.980785 0 0 0 0 
1 2 6
2 7 6
2 3 7
3 8 7
3 4 8
4 9 8
4 5 9
6 7 10
7 11 10
7 8 11
8 12 11
8 9 12
10 11 13
11 14 13
11 12 14
13 14 15
ZONE N=15, E=16, F=FEPOINT, ET=TRIANGLE
0.149804 0.912908 0 0 0 0 
0.149036 0.931975 0 0 0 0 
0.148267 0.951042 0 0 0 0 
0.147499 0.970109 0 0 0 0 
0.14673 0.989177 0 0 0 0 
0.137373 0.91691 0 0 0 0 
0.136604 0.935977 0 0 0 0 
0.135836 0.955044 0 0 0 0 
0.135068 0.974112 0 0 0 0 
0.124941 0.920912 0 0 0 0 
0.124173 0.93998 0 0 0 0 
0.123405 0.959047 0 0 0 0 
0.11251 0.924915 0 0 0 0 
0.111742 0.943982 0 0 0 0 
0.100079 0.928917 0 0 0 0 
1 2 6
2 7 6
2 3 7
3 8 7
3 4 8
4 9 8
4 5 9
6 7 10
7 11 10
7 8 11
8 12 11
8 9 12
10 11 13
11 14 13
11 12 14
13 14 15
ZONE N=15, E=16, F=FEPOINT, ET=TRIANGLE
0.884973 -0.270584 0 0 0 0 
0.902965 -0.27551 0 0 0 0 
0.920957 -0.280435 0 0 0 0 
0.938948 -0.28536 0 0 0 0 
0.95694 -0.290285 0 0 0 0 
0.891642 -0.262875 0 0 0 0 
0.909634 -0.2678 0 0 0 0 
0.927626 -0.272725 0 0 0 0 
0.945618 -0.27765 0 0 0 0 
0.898312 -0.255165 0 0 0 0 
0.916304 -0.26009 0 0 0 0 
0.934296 -0.265015 0 0 0 0 
0.904982 -0.247455 0 0 0 0 
0.922974 -0.25238 0 0 0 0 
0.911651 -0.239745 0 0 0 0 
1 2 6
2 7 6
2 3 7
3 8 7
3 4 8
4 9 8
4 5 9
6 7 10
7 11 10
7 8 11
8 12 11
8 9 12
10 11 13
11 14 13
11 12 14
13 14 15
ZONE N=15, E=16, F=FEPOINT, ET=TRIANGLE
0.671559 0.740951 0 0 0 0 
0.66699 0.723606 0 0 0 0 
0.662422 0.70626 0 0 0 0 
0.657854 0.688915 0 0 0 0 
0.653285 0.671569 0 0 0 0 
0.680601 0.732654 0 0 0 0 
0.675981 0.715254 0 0 0 0 
0.671361 0.697854 0 0 0 0 
0.66674 0.680453 0 0 0 0 
0.689541 0.724247 0 0 0 0 
0.684868 0.706792 0 0 0 0 
0.680196 0.689338 0 0 0 0 
0.698376 0.715731 0 0 0 0 
0.693651 0.698222 0 0 0 0 
0.707107 0.707107 0 0 0 0 
1 2 6
2 7 6
2 3 7
3 8 7
3 4 8
4 9 8
4 5 9
6 7 10
7 11 10
7 8 11
8 12 11
8 9 12
10 11 13
11 14 13
11 12 14
13 14 15
ZONE N=15, E=16, F=FEPOINT, ET=TRIANGLE
0.970031 -0.24298 0 0 0 0 
0.97294 -0.231058 0 0 0 0 
0.975702 -0.219101 0 0 0 0 
0.978317 -0.207111 0 0 0 0 
0.980785 -0.19509 0 0 0 0 
0.955436 -0.242171 0 0 0 0 
0.958272 -0.230232 0 0 0 0 
0.96096 -0.218259 0 0 0 0 
0.963502 -0.206254 0 0 0 0 
0.940841 -0.241363 0 0 0 0 
0.943603 -0.229407 0 0 0 0 
0.946218 -0.217418 0 0 0 0 
0.926246 -0.240554 0 0 0 0 
0.928935 -0.228582 0 0 0 0 
0.911651 -0.239745 0 0 0 0 
1 2 6
2 7 6
2 3 7
3 8 7
3 4 8
4 9 8
4 5 9
6 7 10
7 11 10
7 8 11
8 12 11
8 9 12
10 11 13
11 14 13
11 12 14
13 14 15
ZONE N=15, E=16, F=FEPOINT, ET=TRIANGLE
0.894439 -0.202779 0 0 0 0 
0.916025 -0.200857 0 0 0 0 
0.937612 -0.198935 0 0 0 0 
0.959199 -0.197012 0 0 0 0 
0.980785 -0.19509 0 0 0 0 
0.893742 -0.188177 0 0 0 0 
0.915329 -0.186255 0 0 0 0 
0.936915 -0.184333 0 0 0 0 
0.958502 -0.182411 0 0 0 0 
0.893045 -0.173576 0 0 0 0 
0.914632 -0.171654 0 0 0 0 
0.936218 -0.169731 0 0 0 0 
0.892348 -0.158974 0 0 0 0 
0.913935 -0.157052 0 0 0 0 
0.891651 -0.144373 0 0 0 0 
1 2 6
2 7 6
2 3 7
3 8 7
3 4 8
4 9 8
4 5 9
6 7 10
7 11 10
7 8 11
8 12 11
8 9 12
10 11 13
11 14 13
11 12 14
13 14 15
ZONE N=15, E=16, F=FEPOINT, ET=TRIANGLE
0.995185 -0.0980171 0 0 0 0 
0.976646 -0.0916133 0 0 0 0 
0.958108 -0.0852095 0 0 0 0 
0.93957 -0.0788056 0 0 0 0 
0.921032 -0.0724018 0 0 0 0 
0.979226 -0.103142 0 0 0 0 
0.960687 -0.0967381 0 0 0 0 
0.942149 -0.0903342 0 0 0 0 
0.923611 -0.0839304 0 0 0 0 
0.963267 -0.108267 0 0 0 0 
0.944729 -0.101863 0 0 0 0 
0.92619 -0.095459 0 0 0 0 
0.947308 -0.113391 0 0 0 0 
0.92877 -0.106988 0 0 0 0 
0.931349 -0.118516 0 0 0 0 
1 2 6
2 7 6
2 3 7
3 8 7
3 4 8
4 9 8
4 5 9
6 7 10
7 11 10
7 8 11
8 12 11
8 9 12
10 11 13
11 14 13
11 12 14
13 14 15
ZONE N=15, E=16, F=FEPOINT, ET=TRIANGLE
0.385734 -0.841634 0 0 0 0 
0.375153 -0.846854 0 0 0 0 
0.364571 -0.852074 0 0 0 0 
0.35399 -0.857294 0 0 0 0 
0.343409 -0.862514 0 0 0 0 
0.384971 -0.862195 0 0 0 0 
0.37439 -0.867415 0 0 0 0 
0.363809 -0.872636 0 0 0 0 
0.353228 -0.877856 0 0 0 0 
0.384209 -0.882757 0 0 0 0 
0.373627 -0.887977 0 0 0 0 
0.363046 -0.893197 0 0 0 0 
0.383446 -0.903318 0 0 0 0 
0.372865 -0.908538 0 0 0 0 
0.382683 -0.92388 0 0 0 0 
1 2 6
2 7 6
2 3 7
3 8 7
3 4 8
4 9 8
4 5 9
6 7 10
7 11 10
7 8 11
8 12 11
8 9 12
10 11 13
11 14 13
11 12 14
13 14 15
ZONE N=15, E=16, F=FEPOINT, ET=TRIANGLE
0.471397 -0.881921 0 0 0 0 
0.46012 -0.865816 0 0 0 0 
0.448844 -0.849711 0 0 0 0 
0.437568 -0.833606 0 0 0 0 
0.426292 -0.8175 0 0 0 0 
0.460539 -0.88764 0 0 0 0 
0.449228 -0.871467 0 0 0 0 
0.437918 -0.855295 0 0 0 0 
0.426608 -0.839123 0 0 0 0 
0.449611 -0.893224 0 0 0 0 
0.438267 -0.876985 0 0 0 0 
0.426923 -0.860745 0 0 0 0 
0.438616 -0.898674 0 0 0 0 
0.427239 -0.882367 0 0 0 0 
0.427555 -0.903989 0 0 0 0 
1 2 6
2 7 6
2 3 7
3 8 7
3 4 8
4 9 8
4 5 9
6 7 10
7 11 10
7 8 11
8 12 11
8 9 12
10 11 13
11 14 13
11 12 14
13 14 15
ZONE N=15, E=16, F=FEPOINT, ET=TRIANGLE
0.902843 0.266223 0 0 0 0 
0.916367 0.272239 0 0 0 0 
0.929892 0.278254 0 0 0 0 
0.943416 0.284269 0 0 0 0 
0.95694 0.290285 0 0 0 0 
0.896763 0.275731 0 0 0 0 
0.910288 0.281746 0 0 0 0 
0.923812 0.287761 0 0 0 0 
0.937337 0.293777 0 0 0 0 
0.890684 0.285238 0 0 0 0 
0.904208 0.291253 0 0 0 0 
0.917733 0.297268 0 0 0 0 
0.884605 0.294745 0 0 0 0 
0.898129 0.30076 0 0 0 0 
0.878525 0.304252 0 0 0 0 
1 2 6
2 7 6
2 3 7
3 8 7
3 4 8
4 9 8
4 5 9
6 7 10
7 11 10
7 8 11
8 12 11
8 9 12
10 11 13
11 14 13
11 12 14
13 14 15
ZONE N=15, E=16, F=FEPOINT, ET=TRIANGLE
0.671559 0.740951 0 0 0 0 
0.662416 0.749136 0 0 0 0 
0.653173 0.757209 0 0 0 0 
0.643832 0.765167 0 0 0 0 
0.634393 0.77301 0 0 0 0 
0.661694 0.732908 0 0 0 0 
0.652501 0.741037 0 0 0 0 
0.643209 0.749052 0 0 0 0 
0.63382 0.756953 0 0 0 0 
0.651829 0.724865 0 0 0 0 
0.642587 0.732937 0 0 0 0 
0.633246 0.740895 0 0 0 0 
0.641964 0.716823 0 0 0 0 
0.632673 0.724838 0 0 0 0 
0.632099 0.70878 0 0 0 0 
1 2 6
2 7 6
2 3 7
3 8 7
3 4 8
4 9 8
4 5 9
6 7 10
7 11 10
7 8 11
8 12 11
8 9 12
10 11 13
11 14 13
11 12 14
13 14 15
ZONE N=15, E=16, F=FEPOINT, ET=TRIANGLE
0.980785 -0.19509 0 0 0 0 
0.968426 -0.175947 0 0 0 0 
0.956067 -0.156803 0 0 0 0 
0.943708 -0.13766 0 0 0 0 
0.931349 -0.118516 0 0 0 0 
0.958502 -0.182411 0 0 0 0 
0.946143 -0.163267 0 0 0 0 
0.933784 -0.144124 0 0 0 0 
0.921425 -0.12498 0 0 0 0 
0.936218 -0.169731 0 0 0 0 
0.923859 -0.150588 0 0 0 0 
0.9115 -0.131444 0 0 0 0 
0.913935 -0.157052 0 0 0 0 
0.901576 -0.137908 0 0 0 0 
0.891651 -0.144373 0 0 0 0 
1 2 6
2 7 6
2 3 7
3 8 7
3 4 8
4 9 8
4 5 9
6 7 10
7 11 10
7 8 11
8 12 11
8 9 12
10 11 13
11 14 13
11 12 14
13 14 15
ZONE N=15, E=16, F=FEPOINT, ET=TRIANGLE
0.953444 0.0359145 0 0 0 0 
0.965083 0.0269359 0 0 0 0 
0.976722 0.0179572 0 0 0 0 
0.988361 0.00897862 0 0 0 0 
1 -2.42861e-16 0 0 0 0 
0.963879 0.0514401 0 0 0 0 
0.975819 0.0424763 0 0 0 0 
0.987759 0.03351 0 0 0 0 
0.999699 0.0245412 0 0 0 0 
0.974314 0.0669658 0 0 0 0 
0.986555 0.0580192 0 0 0 0 
0.998795 0.0490677 0 0 0 0 
0.98475 0.0824915 0 0 0 0 
0.99729 0.0735646 0 0 0 0 
0.995185 0.0980171 0 0 0 0 
1 2 6
2 7 6
2 3 7
3 8 7
3 4 8
4 9 8
4 5 9
6 7 10
7 11 10
7 8 11
8 12 11
8 9 12
10 11 13
11 14 13
11 12 14
13 14 15
ZONE N=15, E=16, F=FEPOINT, ET=TRIANGLE
0.889625 0.223063 0 0 0 0 
0.897281 0.215945 0 0 0 0 
0.904938 0.208827 0 0 0 0 
0.912594 0.201709 0 0 0 0 
0.920251 0.194591 0 0 0 0 
0.909727 0.228042 0 0 0 0 
0.917383 0.220924 0 0 0 0 
0.925039 0.213807 0 0 0 0 
0.932696 0.206689 0 0 0 0 
0.929828 0.233022 0 0 0 0 
0.937485 0.225904 0 0 0 0 
0.945141 0.218786 0 0 0 0 
0.94993 0.238001 0 0 0 0 
0.957586 0.230883 0 0 0 0 
0.970031 0.24298 0 0 0 0 
1 2 6
2 7 6
2 3 7
3 8 7
3 4 8
4 9 8
4 5 9
6 7 10
7 11 10
7 8 11
8 12 11
8 9 12
10 11 13
11 14 13
11 12 14
13 14 15
ZONE N=15, E=16, F=FEPOINT, ET=TRIANGLE
0.77301 0.634393 0 0 0 0 
0.765887 0.622543 0 0 0 0 
0.758764 0.610693 0 0 0 0 
0.751641 0.598843 0 0 0 0 
0.744518 0.586992 0 0 0 0 
0.780737 0.624859 0 0 0 0 
0.773555 0.612962 0 0 0 0 
0.766373 0.601066 0 0 0 0 
0.759191 0.589169 0 0 0 0 
0.788346 0.615232 0 0 0 0 
0.781105 0.603288 0 0 0 0 
0.773863 0.591346 0 0 0 0 
0.795837 0.605511 0 0 0 0 
0.788535 0.593523 0 0 0 0 
0.803208 0.595699 0 0 0 0 
1 2 6
2 7 6
2 3 7
3 8 7
3 4 8
4 9 8
4 5 9
6 7 10
7 11 10
7 8 11
8 12 11
8 9 12
10 11 13
11 14 13
11 12 14
13 14 15
ZONE N=15, E=16, F=FEPOINT, ET=TRIANGLE
0.995185 0.0980171 0 0 0 0 
0.98271 0.0924856 0 0 0 0 
0.970235 0.086954 0 0 0 0 
0.95776 0.0814224 0 0 0 0 
0.945285 0.0758908 0 0 0 0 
0.98475 0.0824915 0 0 0 0 
0.972275 0.0769599 0 0 0 0 
0.9598 0.0714283 0 0 0 0 
0.947325 0.0658967 0 0 0 0 
0.974314 0.0669658 0 0 0 0 
0.961839 0.0614342 0 0 0 0 
0.949364 0.0559026 0 0 0 0 
0.963879 0.0514401 0 0 0 0 
0.951404 0.0459086 0 0 0 0 
0.953444 0.0359145 0 0 0 0 
1 2 6
2 7 6
2 3 7
3 8 7
3 4 8
4 9 8
4 5 9
6 7 10
7 11 10
7 8 11
8 12 11
8 9 12
10 11 13
11 14 13
11 12 14
13 14 15
ZONE N=15, E=16, F=FEPOINT, ET=TRIANGLE
0.947758 -0.0375019 0 0 0 0 
0.960819 -0.0281264 0 0 0 0 
0.973879 -0.0187509 0 0 0 0 
0.98694 -0.00937547 0 0 0 0 
1 -2.44929e-16 0 0 0 0 
0.94918 -0.0191478 0 0 0 0 
0.96224 -0.00977232 0 0 0 0 
0.975301 -0.000396853 0 0 0 0 
0.988361 0.00897862 0 0 0 0 
0.950601 -0.000793706 0 0 0 0 
0.963662 0.00858177 0 0 0 0 
0.976722 0.0179572 0 0 0 0 
0.952023 0.0175604 0 0 0 0 
0.965083 0.0269359 0 0 0 0 
0.953444 0.0359145 0 0 0 0 
1 2 6
2 7 6
2 3 7
3 8 7
3 4 8
4 9 8
4 5 9
6 7 10
7 11 10
7 8 11
8 12 11
8 9 12
10 11 13
11 14 13
11 12 14
13 14 15
ZONE N=15, E=16, F=FEPOINT, ET=TRIANGLE
0.931349 -0.118516 0 0 0 0 
0.943708 -0.13766 0 0 0 0 
0.956067 -0.156803 0 0 0 0 
0.968426 -0.175947 0 0 0 0 
0.980785 -0.19509 0 0 0 0 
0.945806 -0.12557 0 0 0 0 
0.958239 -0.144726 0 0 0 0 
0.970672 -0.163883 0 0 0 0 
0.983105 -0.18304 0 0 0 0 
0.960263 -0.132623 0 0 0 0 
0.97277 -0.151792 0 0 0 0 
0.985278 -0.170962 0 0 0 0 
0.97472 -0.139677 0 0 0 0 
0.987301 -0.158858 0 0 0 0 
0.989177 -0.14673 0 0 0 0 
1 2 6
2 7 6
2 3 7
3 8 7
3 4 8
4 9 8
4 5 9
6 7 10
7 11 10
7 8 11
8 12 11
8 9 12
10 11 13
11 14 13
11 12 14
13 14 15
ZONE N=15, E=16, F=FEPOINT, ET=TRIANGLE
0.989177 -0.14673 0 0 0 0 
0.990903 -0.134581 0 0 0 0 
0.99248 -0.122411 0 0 0 0 
0.993907 -0.110222 0 0 0 0 
0.995185 -0.0980171 0 0 0 0 
0.97472 -0.139677 0 0 0 0 
0.976371 -0.127517 0 0 0 0 
0.977873 -0.115338 0 0 0 0 
0.979226 -0.103142 0 0 0 0 
0.960263 -0.132623 0 0 0 0 
0.96184 -0.120454 0 0 0 0 
0.963267 -0.108267 0 0 0 0 
0.945806 -0.12557 0 0 0 0 
0.947308 -0.113391 0 0 0 0 
0.931349 -0.118516 0 0 0 0 
1 2 6
2 7 6
2 3 7
3 8 7
3 4 8
4 9 8
4 5 9
6 7 10
7 11 10
7 8 11
8 12 11
8 9 12
10 11 13
11 14 13
11 12 14
13 14 15
ZONE N=15, E=16, F=FEPOINT, ET=TRIANGLE
-0.0490677 0.998795 0 0 0 0 
-0.0407738 0.983574 0 0 0 0 
-0.0324799 0.968353 0 0 0 0 
-0.024186 0.953131 0 0 0 0 
-0.0158922 0.93791 0 0 0 0 
-0.0368072 0.999322 0 0 0 0 
-0.0285109 0.984026 0 0 0 0 
-0.0202148 0.968729 0 0 0 0 
-0.0119191 0.953432 0 0 0 0 
-0.0245412 0.999699 0 0 0 0 
-0.0162433 0.984327 0 0 0 0 
-0.00794608 0.968955 0 0 0 0 
-0.0122715 0.999925 0 0 0 0 
-0.00397304 0.984477 0 0 0 0 
6.245e-17 1 0 0 0 0 
1 2 6
2 7 6
2 3 7
3 8 7
3 4 8
4 9 8
4 5 9
6 7 10
7 11 10
7 8 11
8 12 11
8 9 12
10 11 13
11 14 13
11 12 14
13 14 15
ZONE N=15, E=16, F=FEPOINT, ET=TRIANGLE
-0.0158922 0.93791 0 0 0 0 
-0.024186 0.953131 0 0 0 0 
-0.0324799 0.968353 0 0 0 0 
-0.0407738 0.983574 0 0 0 0 
-0.0490677 0.998795 0 0 0 0 
-0.0286123 0.938201 0 0 0 0 
-0.0369061 0.953423 0 0 0 0 
-0.0452 0.968644 0 0 0 0 
-0.0534939 0.983866 0 0 0 0 
-0.0413324 0.938493 0 0 0 0 
-0.0496262 0.953714 0 0 0 0 
-0.0579201 0.968936 0 0 0 0 
-0.0540524 0.938785 0 0 0 0 
-0.0623463 0.954006 0 0 0 0 
-0.0667725 0.939076 0 0 0 0 
1 2 6
2 7 6
2 3 7
3 8 7
3 4 8
4 9 8
4 5 9
6 7 10
7 11 10
7 8 11
8 12 11
8 9 12
10 11 13
11 14 13
11 12 14
13 14 15
ZONE N=15, E=16, F=FEPOINT, ET=TRIANGLE
-0.22781 0.910344 0 0 0 0 
-0.211572 0.913734 0 0 0 0 
-0.195335 0.917124 0 0 0 0 
-0.179097 0.920513 0 0 0 0 
-0.162859 0.923903 0 0 0 0 
-0.21963 0.927955 0 0 0 0 
-0.203392 0.931344 0 0 0 0 
-0.187155 0.934734 0 0 0 0 
-0.170917 0.938123 0 0 0 0 
-0.21145 0.945565 0 0 0 0 
-0.195212 0.948954 0 0 0 0 
-0.178975 0.952344 0 0 0 0 
-0.20327 0.963175 0 0 0 0 
-0.187032 0.966565 0 0 0 0 
-0.19509 0.980785 0 0 0 0 
1 2 6
2 7 6
2 3 7
3 8 7
3 4 8
4 9 8
4 5 9
6 7 10
7 11 10
7 8 11
8 12 11
8 9 12
10 11 13
11 14 13
11 12 14
13 14 15
ZONE N=15, E=16, F=FEPOINT, ET=TRIANGLE
-0.14673 0.989177 0 0 0 0 
-0.150763 0.972858 0 0 0 0 
-0.154795 0.95654 0 0 0 0 
-0.158827 0.940221 0 0 0 0 
-0.162859 0.923903 0 0 0 0 
-0.139369 0.97079 0 0 0 0 
-0.143401 0.954471 0 0 0 0 
-0.147433 0.938153 0 0 0 0 
-0.151465 0.921834 0 0 0 0 
-0.132007 0.952403 0 0 0 0 
-0.136039 0.936084 0 0 0 0 
-0.140071 0.919766 0 0 0 0 
-0.124646 0.934016 0 0 0 0 
-0.128678 0.917697 0 0 0 0 
-0.117284 0.915629 0 0 0 0 
1 2 6
2 7 6
2 3 7
3 8 7
3 4 8
4 9 8
4 5 9
6 7 10
7 11 10
7 8 11
8 12 11
8 9 12
10 11 13
11 14 13
11 12 14
13 14 15
ZONE N=15, E=16, F=FEPOINT, ET=TRIANGLE
0.803208 0.595699 0 0 0 0 
0.790593 0.583108 0 0 0 0 
0.777979 0.570516 0 0 0 0 
0.765365 0.557925 0 0 0 0 
0.752751 0.545333 0 0 0 0 
0.810457 0.585798 0 0 0 0 
0.797782 0.573162 0 0 0 0 
0.785106 0.560527 0 0 0 0 
0.772431 0.547892 0 0 0 0 
0.817585 0.575808 0 0 0 0 
0.804848 0.56313 0 0 0 0 
0.79211 0.550452 0 0 0 0 
0.824589 0.565732 0 0 0 0 
0.81179 0.553011 0 0 0 0 
0.83147 0.55557 0 0 0 0 
1 2 6
2 7 6
2 3 7
3 8 7
3 4 8
4 9 8
4 5 9
6 7 10
7 11 10
7 8 11
8 12 11
8 9 12
10 11 13
11 14 13
11 12 14
13 14 15
ZONE N=15, E=16, F=FEPOINT, ET=TRIANGLE
0.752751 0.545333 0 0 0 0 
0.765365 0.557925 0 0 0 0 
0.777979 0.570516 0 0 0 0 
0.790593 0.583108 0 0 0 0 
0.803208 0.595699 0 0 0 0 
0.750693 0.555748 0 0 0 0 
0.763307 0.568339 0 0 0 0 
0.775921 0.580931 0 0 0 0 
0.788535 0.593523 0 0 0 0 
0.748635 0.566163 0 0 0 0 
0.761249 0.578754 0 0 0 0 
0.773863 0.591346 0 0 0 0 
0.746577 0.576578 0 0 0 0 
0.759191 0.589169 0 0 0 0 
0.744518 0.586992 0 0 0 0 
1 2 6
2 7 6
2 3 7
3 8 7
3 4 8
4 9 8
4 5 9
6 7 10
7 11 10
7 8 11
8 12 11
8 9 12
10 11 13
11 14 13
11 12 14
13 14 15
ZONE N=15, E=16, F=FEPOINT, ET=TRIANGLE
0.945285 0.0758908 0 0 0 0 
0.95776 0.0814224 0 0 0 0 
0.970235 0.086954 0 0 0 0 
0.98271 0.0924856 0 0 0 0 
0.995185 0.0980171 0 0 0 0 
0.937581 0.0825762 0 0 0 0 
0.950056 0.0881078 0 0 0 0 
0.962531 0.0936394 0 0 0 0 
0.975006 0.0991709 0 0 0 0 
0.929877 0.0892616 0 0 0 0 
0.942352 0.0947931 0 0 0 0 
0.954827 0.100325 0 0 0 0 
0.922173 0.0959469 0 0 0 0 
0.934648 0.101479 0 0 0 0 
0.914469 0.102632 0 0 0 0 
1 2 6
2 7 6
2 3 7
3 8 7
3 4 8
4 9 8
4 5 9
6 7 10
7 11 10
7 8 11
8 12 11
8 9 12
10 11 13
11 14 13
11 12 14
13 14 15
ZONE N=15, E=16, F=FEPOINT, ET=TRIANGLE
0.989177 0.14673 0 0 0 0 
0.9705 0.135706 0 0 0 0 
0.951823 0.124681 0 0 0 0 
0.933146 0.113657 0 0 0 0 
0.914469 0.102632 0 0 0 0 
0.990903 0.134581 0 0 0 0 
0.972151 0.123546 0 0 0 0 
0.9534 0.112512 0 0 0 0 
0.934648 0.101479 0 0 0 0 
0.99248 0.122411 0 0 0 0 
0.973653 0.111367 0 0 0 0 
0.954827 0.100325 0 0 0 0 
0.993907 0.110222 0 0 0 0 
0.975006 0.0991709 0 0 0 0 
0.995185 0.0980171 0 0 0 0 
1 2 6
2 7 6
2 3 7
3 8 7
3 4 8
4 9 8
4 5 9
6 7 10
7 11 10
7 8 11
8 12 11
8 9 12
10 11 13
11 14 13
11 12 14
13 14 15
ZONE N=15, E=16, F=FEPOINT, ET=TRIANGLE
-0.162859 0.923903 0 0 0 0 
-0.158827 0.940221 0 0 0 0 
-0.154795 0.95654 0 0 0 0 
-0.150763 0.972858 0 0 0 0 
-0.14673 0.989177 0 0 0 0 
-0.170917 0.938123 0 0 0 0 
-0.166898 0.954516 0 0 0 0 
-0.162878 0.970909 0 0 0 0 
-0.158858 0.987301 0 0 0 0 
-0.178975 0.952344 0 0 0 0 
-0.174969 0.968811 0 0 0 0 
-0.170962 0.985278 0 0 0 0 
-0.187032 0.966565 0 0 0 0 
-0.18304 0.983105 0 0 0 0 
-0.19509 0.980785 0 0 0 0 
1 2 6
2 7 6
2 3 7
3 8 7
3 4 8
4 9 8
4 5 9
6 7 10
7 11 10
7 8 11
8 12 11
8 9 12
10 11 13
11 14 13
11 12 14
13 14 15
ZONE N=15, E=16, F=FEPOINT, ET=TRIANGLE
0.947758 -0.0375019 0 0 0 0 
0.959615 -0.0526307 0 0 0 0 
0.971472 -0.0677595 0 0 0 0 
0.983328 -0.0828883 0 0 0 0 
0.995185 -0.0980171 0 0 0 0 
0.960518 -0.0403933 0 0 0 0 
0.972449 -0.0555277 0 0 0 0 
0.984381 -0.0706623 0 0 0 0 
0.996313 -0.0857973 0 0 0 0 
0.973277 -0.0432848 0 0 0 0 
0.985284 -0.0584244 0 0 0 0 
0.99729 -0.0735646 0 0 0 0 
0.986036 -0.0461762 0 0 0 0 
0.998118 -0.0613207 0 0 0 0 
0.998795 -0.0490677 0 0 0 0 
1 2 6
2 7 6
2 3 7
3 8 7
3 4 8
4 9 8
4 5 9
6 7 10
7 11 10
7 8 11
8 12 11
8 9 12
10 11 13
11 14 13
11 12 14
13 14 15
ZONE N=15, E=16, F=FEPOINT, ET=TRIANGLE
-0.0980171 0.995185 0 0 0 0 
-0.102834 0.975296 0 0 0 0 
-0.107651 0.955407 0 0 0 0 
-0.112467 0.935518 0 0 0 0 
-0.117284 0.915629 0 0 0 0 
-0.090206 0.981158 0 0 0 0 
-0.0950227 0.961269 0 0 0 0 
-0.0998395 0.94138 0 0 0 0 
-0.104656 0.921491 0 0 0 0 
-0.0823948 0.967131 0 0 0 0 
-0.0872116 0.947242 0 0 0 0 
-0.0920283 0.927353 0 0 0 0 
-0.0745837 0.953104 0 0 0 0 
-0.0794004 0.933215 0 0 0 0 
-0.0667725 0.939076 0 0 0 0 
1 2 6
2 7 6
2 3 7
3 8 7
3 4 8
4 9 8
4 5 9
6 7 10
7 11 10
7 8 11
8 12 11
8 9 12
10 11 13
11 14 13
11 12 14
13 14 15
ZONE N=15, E=16, F=FEPOINT, ET=TRIANGLE
0.92773 0.144306 0 0 0 0 
0.924415 0.133888 0 0 0 0 
0.9211 0.123469 0 0 0 0 
0.917784 0.113051 0 0 0 0 
0.914469 0.102632 0 0 0 0 
0.943091 0.144912 0 0 0 0 
0.939776 0.134494 0 0 0 0 
0.936461 0.124075 0 0 0 0 
0.933146 0.113657 0 0 0 0 
0.958453 0.145518 0 0 0 0 
0.955138 0.1351 0 0 0 0 
0.951823 0.124681 0 0 0 0 
0.973815 0.146124 0 0 0 0 
0.9705 0.135706 0 0 0 0 
0.989177 0.14673 0 0 0 0 
1 2 6
2 7 6
2 3 7
3 8 7
3 4 8
4 9 8
4 5 9
6 7 10
7 11 10
7 8 11
8 12 11
8 9 12
10 11 13
11 14 13
11 12 14
13 14 15
ZONE N=15, E=16, F=FEPOINT, ET=TRIANGLE
0.903989 0.427555 0 0 0 0 
0.898674 0.438616 0 0 0 0 
0.893224 0.449611 0 0 0 0 
0.88764 0.460539 0 0 0 0 
0.881921 0.471397 0 0 0 0 
0.886281 0.424281 0 0 0 0 
0.880899 0.435308 0 0 0 0 
0.875382 0.446269 0 0 0 0 
0.86973 0.457162 0 0 0 0 
0.868574 0.421006 0 0 0 0 
0.863124 0.432 0 0 0 0 
0.85754 0.442927 0 0 0 0 
0.850866 0.417731 0 0 0 0 
0.845349 0.428692 0 0 0 0 
0.833158 0.414457 0 0 0 0 
1 2 6
2 7 6
2 3 7
3 8 7
3 4 8
4 9 8
4 5 9
6 7 10
7 11 10
7 8 11
8 12 11
8 9 12
10 11 13
11 14 13
11 12 14
13 14 15
ZONE N=15, E=16, F=FEPOINT, ET=TRIANGLE
0.989177 0.14673 0 0 0 0 
0.987301 0.158858 0 0 0 0 
0.985278 0.170962 0 0 0 0 
0.983105 0.18304 0 0 0 0 
0.980785 0.19509 0 0 0 0 
0.973815 0.146124 0 0 0 0 
0.971865 0.15824 0 0 0 0 
0.969767 0.17033 0 0 0 0 
0.967521 0.182394 0 0 0 0 
0.958453 0.145518 0 0 0 0 
0.956429 0.157621 0 0 0 0 
0.954257 0.169698 0 0 0 0 
0.943091 0.144912 0 0 0 0 
0.940994 0.157002 0 0 0 0 
0.92773 0.144306 0 0 0 0 
1 2 6
2 7 6
2 3 7
3 8 7
3 4 8
4 9 8
4 5 9
6 7 10
7 11 10
7 8 11
8 12 11
8 9 12
10 11 13
11 14 13
11 12 14
13 14 15
ZONE N=15, E=16, F=FEPOINT, ET=TRIANGLE
0.921032 -0.0724018 0 0 0 0 
0.93957 -0.0788056 0 0 0 0 
0.958108 -0.0852095 0 0 0 0 
0.976646 -0.0916133 0 0 0 0 
0.995185 -0.0980171 0 0 0 0 
0.927713 -0.0636768 0 0 0 0 
0.946252 -0.0700807 0 0 0 0 
0.96479 -0.0764845 0 0 0 0 
0.983328 -0.0828883 0 0 0 0 
0.934395 -0.0549518 0 0 0 0 
0.952933 -0.0613557 0 0 0 0 
0.971472 -0.0677595 0 0 0 0 
0.941077 -0.0462269 0 0 0 0 
0.959615 -0.0526307 0 0 0 0 
0.947758 -0.0375019 0 0 0 0 
1 2 6
2 7 6
2 3 7
3 8 7
3 4 8
4 9 8
4 5 9
6 7 10
7 11 10
7 8 11
8 12 11
8 9 12
10 11 13
11 14 13
11 12 14
13 14 15
ZONE N=15, E=16, F=FEPOINT, ET=TRIANGLE
0.998795 -0.0490677 0 0 0 0 
0.999322 -0.0368072 0 0 0 0 
0.999699 -0.0245412 0 0 0 0 
0.999925 -0.0122715 0 0 0 0 
1 -2.42861e-16 0 0 0 0 
0.986036 -0.0461762 0 0 0 0 
0.986488 -0.0339133 0 0 0 0 
0.986789 -0.0216458 0 0 0 0 
0.98694 -0.00937547 0 0 0 0 
0.973277 -0.0432848 0 0 0 0 
0.973653 -0.0310197 0 0 0 0 
0.973879 -0.0187509 0 0 0 0 
0.960518 -0.0403933 0 0 0 0 
0.960819 -0.0281264 0 0 0 0 
0.947758 -0.0375019 0 0 0 0 
1 2 6
2 7 6
2 3 7
3 8 7
3 4 8
4 9 8
4 5 9
6 7 10
7 11 10
7 8 11
8 12 11
8 9 12
10 11 13
11 14 13
11 12 14
13 14 15
ZONE N=15, E=16, F=FEPOINT, ET=TRIANGLE
0.83147 0.55557 0 0 0 0 
0.8218 0.541777 0 0 0 0 
0.812131 0.527984 0 0 0 0 
0.802462 0.514191 0 0 0 0 
0.792793 0.500398 0 0 0 0 
0.838225 0.545325 0 0 0 0 
0.828492 0.531491 0 0 0 0 
0.81876 0.517658 0 0 0 0 
0.809027 0.503824 0 0 0 0 
0.844854 0.534998 0 0 0 0 
0.835057 0.521124 0 0 0 0 
0.825261 0.50725 0 0 0 0 
0.851355 0.52459 0 0 0 0 
0.841495 0.510677 0 0 0 0 
0.857729 0.514103 0 0 0 0 
1 2 6
2 7 6
2 3 7
3 8 7
3 4 8
4 9 8
4 5 9
6 7 10
7 11 10
7 8 11
8 12 11
8 9 12
10 11 13
11 14 13
11 12 14
13 14 15
ZONE N=15, E=16, F=FEPOINT, ET=TRIANGLE
0.903989 0.427555 0 0 0 0 
0.894501 0.411397 0 0 0 0 
0.885012 0.39524 0 0 0 0 
0.875523 0.379082 0 0 0 0 
0.866034 0.362924 0 0 0 0 
0.909168 0.41643 0 0 0 0 
0.899611 0.400241 0 0 0 0 
0.890053 0.384052 0 0 0 0 
0.880496 0.367864 0 0 0 0 
0.91421 0.405241 0 0 0 0 
0.904583 0.389022 0 0 0 0 
0.894957 0.372804 0 0 0 0 
0.919114 0.393992 0 0 0 0 
0.909418 0.377744 0 0 0 0 
0.92388 0.382683 0 0 0 0 
1 2 6
2 7 6
2 3 7
3 8 7
3 4 8
4 9 8
4 5 9
6 7 10
7 11 10
7 8 11
8 12 11
8 9 12
10 11 13
11 14 13
11 12 14
13 14 15
ZONE N=15, E=16, F=FEPOINT, ET=TRIANGLE
0.83147 0.55557 0 0 0 0 
0.81179 0.553011 0 0 0 0 
0.79211 0.550452 0 0 0 0 
0.772431 0.547892 0 0 0 0 
0.752751 0.545333 0 0 0 0 
0.8218 0.541777 0 0 0 0 
0.802121 0.539218 0 0 0 0 
0.782441 0.536659 0 0 0 0 
0.762762 0.534099 0 0 0 0 
0.812131 0.527984 0 0 0 0 
0.792452 0.525425 0 0 0 0 
0.772772 0.522866 0 0 0 0 
0.802462 0.514191 0 0 0 0 
0.782782 0.511632 0 0 0 0 
0.792793 0.500398 0 0 0 0 
1 2 6
2 7 6
2 3 7
3 8 7
3 4 8
4 9 8
4 5 9
6 7 10
7 11 10
7 8 11
8 12 11
8 9 12
10 11 13
11 14 13
11 12 14
13 14 15
ZONE N=15, E=16, F=FEPOINT, ET=TRIANGLE
0.857729 0.514103 0 0 0 0 
0.843906 0.498423 0 0 0 0 
0.830083 0.482744 0 0 0 0 
0.816261 0.467065 0 0 0 0 
0.802438 0.451385 0 0 0 0 
0.863973 0.503538 0 0 0 0 
0.850085 0.487821 0 0 0 0 
0.836197 0.472105 0 0 0 0 
0.822309 0.456388 0 0 0 0 
0.870087 0.492898 0 0 0 0 
0.856134 0.477144 0 0 0 0 
0.84218 0.461391 0 0 0 0 
0.87607 0.482184 0 0 0 0 
0.86205 0.466394 0 0 0 0 
0.881921 0.471397 0 0 0 0 
1 2 6
2 7 6
2 3 7
3 8 7
3 4 8
4 9 8
4 5 9
6 7 10
7 11 10
7 8 11
8 12 11
8 9 12
10 11 13
11 14 13
11 12 14
13 14 15
ZONE N=15, E=16, F=FEPOINT, ET=TRIANGLE
0.833158 0.414457 0 0 0 0 
0.845349 0.428692 0 0 0 0 
0.85754 0.442927 0 0 0 0 
0.86973 0.457162 0 0 0 0 
0.881921 0.471397 0 0 0 0 
0.825478 0.423689 0 0 0 0 
0.837669 0.437924 0 0 0 0 
0.84986 0.452159 0 0 0 0 
0.86205 0.466394 0 0 0 0 
0.817798 0.432921 0 0 0 0 
0.829989 0.447156 0 0 0 0 
0.84218 0.461391 0 0 0 0 
0.810118 0.442153 0 0 0 0 
0.822309 0.456388 0 0 0 0 
0.802438 0.451385 0 0 0 0 
1 2 6
2 7 6
2 3 7
3 8 7
3 4 8
4 9 8
4 5 9
6 7 10
7 11 10
7 8 11
8 12 11
8 9 12
10 11 13
11 14 13
11 12 14
13 14 15
ZONE N=15, E=16, F=FEPOINT, ET=TRIANGLE
0.833158 0.414457 0 0 0 0 
0.841377 0.401574 0 0 0 0 
0.849596 0.38869 0 0 0 0 
0.857815 0.375807 0 0 0 0 
0.866034 0.362924 0 0 0 0 
0.850866 0.417731 0 0 0 0 
0.859085 0.404848 0 0 0 0 
0.867304 0.391965 0 0 0 0 
0.875523 0.379082 0 0 0 0 
0.868574 0.421006 0 0 0 0 
0.876793 0.408123 0 0 0 0 
0.885012 0.39524 0 0 0 0 
0.886281 0.424281 0 0 0 0 
0.894501 0.411397 0 0 0 0 
0.903989 0.427555 0 0 0 0 
1 2 6
2 7 6
2 3 7
3 8 7
3 4 8
4 9 8
4 5 9
6 7 10
7 11 10
7 8 11
8 12 11
8 9 12
10 11 13
11 14 13
11 12 14
13 14 15
ZONE N=15, E=16, F=FEPOINT, ET=TRIANGLE
0.92388 0.382683 0 0 0 0 
0.909418 0.377744 0 0 0 0 
0.894957 0.372804 0 0 0 0 
0.880496 0.367864 0 0 0 0 
0.866034 0.362924 0 0 0 0 
0.928506 0.371317 0 0 0 0 
0.913975 0.36635 0 0 0 0 
0.899443 0.361382 0 0 0 0 
0.884912 0.356415 0 0 0 0 
0.932993 0.359895 0 0 0 0 
0.918391 0.354901 0 0 0 0 
0.903789 0.349907 0 0 0 0 
0.937339 0.348419 0 0 0 0 
0.922667 0.343398 0 0 0 0 
0.941544 0.33689 0 0 0 0 
1 2 6
2 7 6
2 3 7
3 8 7
3 4 8
4 9 8
4 5 9
6 7 10
7 11 10
7 8 11
8 12 11
8 9 12
10 11 13
11 14 13
11 12 14
13 14 15
ZONE N=15, E=16, F=FEPOINT, ET=TRIANGLE
0.866034 0.362924 0 0 0 0 
0.869157 0.348256 0 0 0 0 
0.87228 0.333588 0 0 0 0 
0.875402 0.31892 0 0 0 0 
0.878525 0.304252 0 0 0 0 
0.884912 0.356415 0 0 0 0 
0.888034 0.341747 0 0 0 0 
0.891157 0.327079 0 0 0 0 
0.89428 0.312412 0 0 0 0 
0.903789 0.349907 0 0 0 0 
0.906912 0.335239 0 0 0 0 
0.910035 0.320571 0 0 0 0 
0.922667 0.343398 0 0 0 0 
0.925789 0.32873 0 0 0 0 
0.941544 0.33689 0 0 0 0 
1 2 6
2 7 6
2 3 7
3 8 7
3 4 8
4 9 8
4 5 9
6 7 10
7 11 10
7 8 11
8 12 11
8 9 12
10 11 13
11 14 13
11 12 14
13 14 15
ZONE N=15, E=16, F=FEPOINT, ET=TRIANGLE
0.980785 0.19509 0 0 0 0 
0.965652 0.194966 0 0 0 0 
0.950518 0.194841 0 0 0 0 
0.935384 0.194716 0 0 0 0 
0.920251 0.194591 0 0 0 0 
0.967521 0.182394 0 0 0 0 
0.952388 0.18227 0 0 0 0 
0.937254 0.182145 0 0 0 0 
0.92212 0.18202 0 0 0 0 
0.954257 0.169698 0 0 0 0 
0.939124 0.169573 0 0 0 0 
0.92399 0.169449 0 0 0 0 
0.940994 0.157002 0 0 0 0 
0.92586 0.156877 0 0 0 0 
0.92773 0.144306 0 0 0 0 
1 2 6
2 7 6
2 3 7
3 8 7
3 4 8
4 9 8
4 5 9
6 7 10
7 11 10
7 8 11
8 12 11
8 9 12
10 11 13
11 14 13
11 12 14
13 14 15
ZONE N=15, E=16, F=FEPOINT, ET=TRIANGLE
0.902843 0.266223 0 0 0 0 
0.91964 0.260413 0 0 0 0 
0.936437 0.254602 0 0 0 0 
0.953234 0.248791 0 0 0 0 
0.970031 0.24298 0 0 0 0 
0.916367 0.272239 0 0 0 0 
0.933237 0.266448 0 0 0 0 
0.950107 0.260657 0 0 0 0 
0.966976 0.254866 0 0 0 0 
0.929892 0.278254 0 0 0 0 
0.946834 0.272484 0 0 0 0 
0.963776 0.266713 0 0 0 0 
0.943416 0.284269 0 0 0 0 
0.960431 0.27852 0 0 0 0 
0.95694 0.290285 0 0 0 0 
1 2 6
2 7 6
2 3 7
3 8 7
3 4 8
4 9 8
4 5 9
6 7 10
7 11 10
7 8 11
8 12 11
8 9 12
10 11 13
11 14 13
11 12 14
13 14 15
ZONE N=15, E=16, F=FEPOINT, ET=TRIANGLE
0.970031 0.24298 0 0 0 0 
0.957586 0.230883 0 0 0 0 
0.945141 0.218786 0 0 0 0 
0.932696 0.206689 0 0 0 0 
0.920251 0.194591 0 0 0 0 
0.97294 0.231058 0 0 0 0 
0.960421 0.218944 0 0 0 0 
0.947903 0.20683 0 0 0 0 
0.935384 0.194716 0 0 0 0 
0.975702 0.219101 0 0 0 0 
0.96311 0.206971 0 0 0 0 
0.950518 0.194841 0 0 0 0 
0.978317 0.207111 0 0 0 0 
0.965652 0.194966 0 0 0 0 
0.980785 0.19509 0 0 0 0 
1 2 6
2 7 6
2 3 7
3 8 7
3 4 8
4 9 8
4 5 9
6 7 10
7 11 10
7 8 11
8 12 11
8 9 12
10 11 13
11 14 13
11 12 14
13 14 15
ZONE N=15, E=16, F=FEPOINT, ET=TRIANGLE
0.941544 0.33689 0 0 0 0 
0.925789 0.32873 0 0 0 0 
0.910035 0.320571 0 0 0 0 
0.89428 0.312412 0 0 0 0 
0.878525 0.304252 0 0 0 0 
0.945607 0.32531 0 0 0 0 
0.929781 0.317127 0 0 0 0 
0.913955 0.308943 0 0 0 0 
0.898129 0.30076 0 0 0 0 
0.949528 0.313682 0 0 0 0 
0.933631 0.305475 0 0 0 0 
0.917733 0.297268 0 0 0 0 
0.953306 0.302006 0 0 0 0 
0.937337 0.293777 0 0 0 0 
0.95694 0.290285 0 0 0 0 
1 2 6
2 7 6
2 3 7
3 8 7
3 4 8
4 9 8
4 5 9
6 7 10
7 11 10
7 8 11
8 12 11
8 9 12
10 11 13
11 14 13
11 12 14
13 14 15
ZONE N=15, E=16, F=FEPOINT, ET=TRIANGLE
0.889625 0.223063 0 0 0 0 
0.909727 0.228042 0 0 0 0 
0.929828 0.233022 0 0 0 0 
0.94993 0.238001 0 0 0 0 
0.970031 0.24298 0 0 0 0 
0.89293 0.233853 0 0 0 0 
0.913031 0.238832 0 0 0 0 
0.933133 0.243812 0 0 0 0 
0.953234 0.248791 0 0 0 0 
0.896234 0.244643 0 0 0 0 
0.916336 0.249623 0 0 0 0 
0.936437 0.254602 0 0 0 0 
0.899538 0.255433 0 0 0 0 
0.91964 0.260413 0 0 0 0 
0.902843 0.266223 0 0 0 0 
1 2 6
2 7 6
2 3 7
3 8 7
3 4 8
4 9 8
4 5 9
6 7 10
7 11 10
7 8 11
8 12 11
8 9 12
10 11 13
11 14 13
11 12 14
13 14 15
ZONE N=15, E=16, F=FEPOINT, ET=TRIANGLE
0.24298 0.970031 0 0 0 0 
0.239673 0.949997 0 0 0 0 
0.236365 0.929963 0 0 0 0 
0.233057 0.90993 0 0 0 0 
0.22975 0.889896 0 0 0 0 
0.254866 0.966976 0 0 0 0 
0.251539 0.94687 0 0 0 0 
0.248211 0.926763 0 0 0 0 
0.244884 0.906657 0 0 0 0 
0.266713 0.963776 0 0 0 0 
0.263365 0.943597 0 0 0 0 
0.260017 0.923418 0 0 0 0 
0.27852 0.960431 0 0 0 0 
0.275151 0.940179 0 0 0 0 
0.290285 0.95694 0 0 0 0 
1 2 6
2 7 6
2 3 7
3 8 7
3 4 8
4 9 8
4 5 9
6 7 10
7 11 10
7 8 11
8 12 11
8 9 12
10 11 13
11 14 13
11 12 14
13 14 15
ZONE N=15, E=16, F=FEPOINT, ET=TRIANGLE
0.427555 -0.903989 0 0 0 0 
0.4171 -0.8884 0 0 0 0 
0.406644 -0.872812 0 0 0 0 
0.396189 -0.857223 0 0 0 0 
0.385734 -0.841634 0 0 0 0 
0.41643 -0.909168 0 0 0 0 
0.405943 -0.893511 0 0 0 0 
0.395457 -0.877853 0 0 0 0 
0.384971 -0.862195 0 0 0 0 
0.405241 -0.91421 0 0 0 0 
0.394725 -0.898483 0 0 0 0 
0.384209 -0.882757 0 0 0 0 
0.393992 -0.919114 0 0 0 0 
0.383446 -0.903318 0 0 0 0 
0.382683 -0.92388 0 0 0 0 
1 2 6
2 7 6
2 3 7
3 8 7
3 4 8
4 9 8
4 5 9
6 7 10
7 11 10
7 8 11
8 12 11
8 9 12
10 11 13
11 14 13
11 12 14
13 14 15
