<?xml version="1.0"?>
<VTKFile type="UnstructuredGrid" version="0.1" byte_order="LittleEndian" compressor="vtkZLibDataCompressor">
<UnstructuredGrid>
<Piece NumberOfPoints="1320" NumberOfCells="1408">
<Points>
<DataArray type="Float32" NumberOfComponents="3" format="ascii">
4.713970e-01 8.819210e-01 0.000000e+00
4.496110e-01 8.932240e-01 0.000000e+00
4.275550e-01 9.039890e-01 0.000000e+00
4.052410e-01 9.142100e-01 0.000000e+00
3.826830e-01 9.238800e-01 0.000000e+00
4.505130e-01 8.724010e-01 0.000000e+00
4.285940e-01 8.834340e-01 0.000000e+00
4.064110e-01 8.939250e-01 0.000000e+00
3.839780e-01 9.038700e-01 0.000000e+00
4.296290e-01 8.628800e-01 0.000000e+00
4.075790e-01 8.736420e-01 0.000000e+00
3.852720e-01 8.838600e-01 0.000000e+00
4.087450e-01 8.533600e-01 0.000000e+00
3.865660e-01 8.638500e-01 0.000000e+00
3.878610e-01 8.438400e-01 0.000000e+00
2.289270e-01 9.008920e-01 0.000000e+00
2.442660e-01 9.149040e-01 0.000000e+00
2.596060e-01 9.289160e-01 0.000000e+00
2.749450e-01 9.429280e-01 0.000000e+00
2.902850e-01 9.569400e-01 0.000000e+00
2.204680e-01 9.208660e-01 0.000000e+00
2.358800e-01 9.351700e-01 0.000000e+00
2.512950e-01 9.494730e-01 0.000000e+00
2.667130e-01 9.637760e-01 0.000000e+00
2.120090e-01 9.408390e-01 0.000000e+00
2.274920e-01 9.554360e-01 0.000000e+00
2.429800e-01 9.700310e-01 0.000000e+00
2.035490e-01 9.608120e-01 0.000000e+00
2.191010e-01 9.757020e-01 0.000000e+00
1.950900e-01 9.807850e-01 0.000000e+00
3.826830e-01 9.238800e-01 0.000000e+00
3.598950e-01 9.329930e-01 0.000000e+00
3.368900e-01 9.415440e-01 0.000000e+00
3.136820e-01 9.495280e-01 0.000000e+00
2.902850e-01 9.569400e-01 0.000000e+00
3.639360e-01 9.045170e-01 0.000000e+00
3.410420e-01 9.133480e-01 0.000000e+00
3.179380e-01 9.216150e-01 0.000000e+00
2.946370e-01 9.293130e-01 0.000000e+00
3.451890e-01 8.851550e-01 0.000000e+00
3.221910e-01 8.937030e-01 0.000000e+00
2.989900e-01 9.016850e-01 0.000000e+00
3.264420e-01 8.657920e-01 0.000000e+00
3.033430e-01 8.740570e-01 0.000000e+00
3.076950e-01 8.464300e-01 0.000000e+00
7.071070e-01 7.071070e-01 0.000000e+00
6.895410e-01 7.242470e-01 0.000000e+00
6.715590e-01 7.409510e-01 0.000000e+00
6.531730e-01 7.572090e-01 0.000000e+00
6.343930e-01 7.730100e-01 0.000000e+00
6.878060e-01 7.000130e-01 0.000000e+00
6.700340e-01 7.169330e-01 0.000000e+00
6.518520e-01 7.334130e-01 0.000000e+00
6.332710e-01 7.494410e-01 0.000000e+00
6.685060e-01 6.929190e-01 0.000000e+00
6.505300e-01 7.096180e-01 0.000000e+00
6.321490e-01 7.258710e-01 0.000000e+00
6.492060e-01 6.858250e-01 0.000000e+00
6.310270e-01 7.023010e-01 0.000000e+00
6.299050e-01 6.787310e-01 0.000000e+00
1.355410e-01 9.314110e-01 0.000000e+00
1.504280e-01 9.437550e-01 0.000000e+00
1.653160e-01 9.560980e-01 0.000000e+00
1.802030e-01 9.684420e-01 0.000000e+00
1.950900e-01 9.807850e-01 0.000000e+00
1.261600e-01 9.473550e-01 0.000000e+00
1.410920e-01 9.599960e-01 0.000000e+00
1.560260e-01 9.726370e-01 0.000000e+00
1.709620e-01 9.852780e-01 0.000000e+00
1.167790e-01 9.632980e-01 0.000000e+00
1.317520e-01 9.762380e-01 0.000000e+00
1.467300e-01 9.891770e-01 0.000000e+00
1.073980e-01 9.792410e-01 0.000000e+00
1.224110e-01 9.924800e-01 0.000000e+00
9.801710e-02 9.951850e-01 0.000000e+00
9.801710e-02 9.951850e-01 0.000000e+00
7.356460e-02 9.972900e-01 0.000000e+00
4.906770e-02 9.987950e-01 0.000000e+00
2.454120e-02 9.996990e-01 0.000000e+00
5.551120e-17 1.000000e+00 0.000000e+00
9.152320e-02 9.766740e-01 0.000000e+00
6.705090e-02 9.784790e-01 0.000000e+00
4.254170e-02 9.796840e-01 0.000000e+00
1.801040e-02 9.802860e-01 0.000000e+00
8.502930e-02 9.581640e-01 0.000000e+00
6.053980e-02 9.596680e-01 0.000000e+00
3.602070e-02 9.605710e-01 0.000000e+00
7.853540e-02 9.396530e-01 0.000000e+00
5.403110e-02 9.408570e-01 0.000000e+00
7.204150e-02 9.211430e-01 0.000000e+00
4.454250e-01 7.991860e-01 0.000000e+00
4.729610e-01 8.072570e-01 0.000000e+00
5.004970e-01 8.153280e-01 0.000000e+00
5.280340e-01 8.233990e-01 0.000000e+00
5.555700e-01 8.314700e-01 0.000000e+00
4.519180e-01 8.198700e-01 0.000000e+00
4.796090e-01 8.281990e-01 0.000000e+00
5.073020e-01 8.365270e-01 0.000000e+00
5.349980e-01 8.448540e-01 0.000000e+00
4.584110e-01 8.405540e-01 0.000000e+00
4.862550e-01 8.491420e-01 0.000000e+00
5.141030e-01 8.577290e-01 0.000000e+00
4.649040e-01 8.612380e-01 0.000000e+00
4.928980e-01 8.700870e-01 0.000000e+00
4.713970e-01 8.819210e-01 0.000000e+00
6.343930e-01 7.730100e-01 0.000000e+00
6.152320e-01 7.883460e-01 0.000000e+00
5.956990e-01 8.032080e-01 0.000000e+00
5.758080e-01 8.175850e-01 0.000000e+00
5.555700e-01 8.314700e-01 0.000000e+00
6.151880e-01 7.592290e-01 0.000000e+00
5.958430e-01 7.743260e-01 0.000000e+00
5.761330e-01 7.889440e-01 0.000000e+00
5.560700e-01 8.030730e-01 0.000000e+00
5.959820e-01 7.454470e-01 0.000000e+00
5.764560e-01 7.603040e-01 0.000000e+00
5.565710e-01 7.746770e-01 0.000000e+00
5.767770e-01 7.316660e-01 0.000000e+00
5.570710e-01 7.462800e-01 0.000000e+00
5.575710e-01 7.178840e-01 0.000000e+00
8.314700e-01 5.555700e-01 0.000000e+00
8.167160e-01 5.357460e-01 0.000000e+00
8.019620e-01 5.159210e-01 0.000000e+00
7.872090e-01 4.960970e-01 0.000000e+00
7.724550e-01 4.762730e-01 0.000000e+00
8.448540e-01 5.349980e-01 0.000000e+00
8.298440e-01 5.150140e-01 0.000000e+00
8.148340e-01 4.950330e-01 0.000000e+00
7.998220e-01 4.750540e-01 0.000000e+00
8.577290e-01 5.141030e-01 0.000000e+00
8.424600e-01 4.939670e-01 0.000000e+00
8.271880e-01 4.738350e-01 0.000000e+00
8.700870e-01 4.928980e-01 0.000000e+00
8.545550e-01 4.726160e-01 0.000000e+00
8.819210e-01 4.713970e-01 0.000000e+00
7.730100e-01 6.343930e-01 0.000000e+00
7.572090e-01 6.531730e-01 0.000000e+00
7.409510e-01 6.715590e-01 0.000000e+00
7.242470e-01 6.895410e-01 0.000000e+00
7.071070e-01 7.071070e-01 0.000000e+00
7.526220e-01 6.318380e-01 0.000000e+00
7.365940e-01 6.504190e-01 0.000000e+00
7.201150e-01 6.686010e-01 0.000000e+00
7.031950e-01 6.863740e-01 0.000000e+00
7.322340e-01 6.292840e-01 0.000000e+00
7.159810e-01 6.476640e-01 0.000000e+00
6.992820e-01 6.656400e-01 0.000000e+00
7.118460e-01 6.267290e-01 0.000000e+00
6.953700e-01 6.449070e-01 0.000000e+00
6.914580e-01 6.241740e-01 0.000000e+00
8.314700e-01 5.555700e-01 0.000000e+00
8.175850e-01 5.758080e-01 0.000000e+00
8.032080e-01 5.956990e-01 0.000000e+00
7.883460e-01 6.152320e-01 0.000000e+00
7.730100e-01 6.343930e-01 0.000000e+00
8.027390e-01 5.503990e-01 0.000000e+00
7.886090e-01 5.704620e-01 0.000000e+00
7.739920e-01 5.901710e-01 0.000000e+00
7.588940e-01 6.095160e-01 0.000000e+00
7.740080e-01 5.452280e-01 0.000000e+00
7.596350e-01 5.651130e-01 0.000000e+00
7.447780e-01 5.846400e-01 0.000000e+00
7.452770e-01 5.400570e-01 0.000000e+00
7.306620e-01 5.597630e-01 0.000000e+00
7.165460e-01 5.348860e-01 0.000000e+00
8.489270e-01 3.912600e-01 0.000000e+00
8.676650e-01 3.891160e-01 0.000000e+00
8.864030e-01 3.869720e-01 0.000000e+00
9.051420e-01 3.848280e-01 0.000000e+00
9.238800e-01 3.826830e-01 0.000000e+00
8.571760e-01 4.112940e-01 0.000000e+00
8.761860e-01 4.092790e-01 0.000000e+00
8.951970e-01 4.072610e-01 0.000000e+00
9.142100e-01 4.052410e-01 0.000000e+00
8.654240e-01 4.313290e-01 0.000000e+00
8.847060e-01 4.294440e-01 0.000000e+00
9.039890e-01 4.275550e-01 0.000000e+00
8.736730e-01 4.513630e-01 0.000000e+00
8.932240e-01 4.496110e-01 0.000000e+00
8.819210e-01 4.713970e-01 0.000000e+00
9.569400e-01 2.902850e-01 0.000000e+00
9.424870e-01 2.748570e-01 0.000000e+00
9.280340e-01 2.594300e-01 0.000000e+00
9.135810e-01 2.440030e-01 0.000000e+00
8.991270e-01 2.285760e-01 0.000000e+00
9.637760e-01 2.667130e-01 0.000000e+00
9.490320e-01 2.512080e-01 0.000000e+00
9.342870e-01 2.357050e-01 0.000000e+00
9.195420e-01 2.202040e-01 0.000000e+00
9.700310e-01 2.429800e-01 0.000000e+00
9.549940e-01 2.274040e-01 0.000000e+00
9.399560e-01 2.118330e-01 0.000000e+00
9.757020e-01 2.191010e-01 0.000000e+00
9.603710e-01 2.034620e-01 0.000000e+00
9.807850e-01 1.950900e-01 0.000000e+00
9.569400e-01 2.902850e-01 0.000000e+00
9.495280e-01 3.136820e-01 0.000000e+00
9.415440e-01 3.368900e-01 0.000000e+00
9.329930e-01 3.598950e-01 0.000000e+00
9.238800e-01 3.826830e-01 0.000000e+00
9.337610e-01 2.928000e-01 0.000000e+00
9.260630e-01 3.161010e-01 0.000000e+00
9.177960e-01 3.392050e-01 0.000000e+00
9.089650e-01 3.621000e-01 0.000000e+00
9.105810e-01 2.953160e-01 0.000000e+00
9.025990e-01 3.185170e-01 0.000000e+00
8.940500e-01 3.415160e-01 0.000000e+00
8.874010e-01 2.978320e-01 0.000000e+00
8.791360e-01 3.209320e-01 0.000000e+00
8.642210e-01 3.003480e-01 0.000000e+00
9.951850e-01 9.801710e-02 0.000000e+00
9.798340e-01 7.557960e-02 0.000000e+00
9.644830e-01 5.314200e-02 0.000000e+00
9.491330e-01 3.070440e-02 0.000000e+00
9.337820e-01 8.266820e-03 0.000000e+00
9.972900e-01 7.356460e-02 0.000000e+00
9.816390e-01 5.110730e-02 0.000000e+00
9.659880e-01 2.865250e-02 0.000000e+00
9.503360e-01 6.200110e-03 0.000000e+00
9.987950e-01 4.906770e-02 0.000000e+00
9.828430e-01 2.659810e-02 0.000000e+00
9.668910e-01 4.133410e-03 0.000000e+00
9.996990e-01 2.454120e-02 0.000000e+00
9.834450e-01 2.066700e-03 0.000000e+00
1.000000e+00 -2.445960e-16 0.000000e+00
9.951850e-01 9.801710e-02 0.000000e+00
9.924800e-01 1.224110e-01 0.000000e+00
9.891770e-01 1.467300e-01 0.000000e+00
9.852780e-01 1.709620e-01 0.000000e+00
9.807850e-01 1.950900e-01 0.000000e+00
9.724600e-01 1.005960e-01 0.000000e+00
9.694560e-01 1.249510e-01 0.000000e+00
9.658550e-01 1.492240e-01 0.000000e+00
9.616600e-01 1.734010e-01 0.000000e+00
9.497350e-01 1.031760e-01 0.000000e+00
9.464330e-01 1.274880e-01 0.000000e+00
9.425350e-01 1.517120e-01 0.000000e+00
9.270100e-01 1.057550e-01 0.000000e+00
9.234100e-01 1.300240e-01 0.000000e+00
9.042850e-01 1.083350e-01 0.000000e+00
-9.375000e-01 3.729610e-02 0.000000e+00
-9.519210e-01 5.247630e-02 0.000000e+00
-9.663420e-01 6.765660e-02 0.000000e+00
-9.807640e-01 8.283690e-02 0.000000e+00
-9.951850e-01 9.801710e-02 0.000000e+00
-9.531250e-01 2.797210e-02 0.000000e+00
-9.678470e-01 4.316710e-02 0.000000e+00
-9.825690e-01 5.836460e-02 0.000000e+00
-9.972900e-01 7.356460e-02 0.000000e+00
-9.687500e-01 1.864800e-02 0.000000e+00
-9.837730e-01 3.385540e-02 0.000000e+00
-9.987950e-01 4.906770e-02 0.000000e+00
-9.843750e-01 9.324020e-03 0.000000e+00
-9.996990e-01 2.454120e-02 0.000000e+00
-1.000000e+00 1.249000e-16 0.000000e+00
-9.184700e-01 1.329670e-01 0.000000e+00
-9.340490e-01 1.484980e-01 0.000000e+00
-9.496280e-01 1.640290e-01 0.000000e+00
-9.652060e-01 1.795590e-01 0.000000e+00
-9.807850e-01 1.950900e-01 0.000000e+00
-9.376490e-01 1.242290e-01 0.000000e+00
-9.535250e-01 1.398050e-01 0.000000e+00
-9.694020e-01 1.553820e-01 0.000000e+00
-9.852780e-01 1.709620e-01 0.000000e+00
-9.568270e-01 1.154920e-01 0.000000e+00
-9.730020e-01 1.311090e-01 0.000000e+00
-9.891770e-01 1.467300e-01 0.000000e+00
-9.760060e-01 1.067550e-01 0.000000e+00
-9.924800e-01 1.224110e-01 0.000000e+00
-9.951850e-01 9.801710e-02 0.000000e+00
-8.886490e-01 2.005460e-01 0.000000e+00
-9.057220e-01 2.229810e-01 0.000000e+00
-9.227950e-01 2.454150e-01 0.000000e+00
-9.398680e-01 2.678500e-01 0.000000e+00
-9.569400e-01 2.902850e-01 0.000000e+00
-9.116830e-01 1.991820e-01 0.000000e+00
-9.290480e-01 2.216900e-01 0.000000e+00
-9.464120e-01 2.442000e-01 0.000000e+00
-9.637760e-01 2.667130e-01 0.000000e+00
-9.347170e-01 1.978180e-01 0.000000e+00
-9.523750e-01 2.203970e-01 0.000000e+00
-9.700310e-01 2.429800e-01 0.000000e+00
-9.577510e-01 1.964540e-01 0.000000e+00
-9.757020e-01 2.191010e-01 0.000000e+00
-9.807850e-01 1.950900e-01 0.000000e+00
-8.544610e-01 3.191470e-01 0.000000e+00
-8.718150e-01 3.350310e-01 0.000000e+00
-8.891700e-01 3.509150e-01 0.000000e+00
-9.065250e-01 3.667990e-01 0.000000e+00
-9.238800e-01 3.826830e-01 0.000000e+00
-8.800810e-01 3.119310e-01 0.000000e+00
-8.977190e-01 3.279170e-01 0.000000e+00
-9.153560e-01 3.439050e-01 0.000000e+00
-9.329930e-01 3.598950e-01 0.000000e+00
-9.057010e-01 3.047160e-01 0.000000e+00
-9.236230e-01 3.208010e-01 0.000000e+00
-9.415440e-01 3.368900e-01 0.000000e+00
-9.313200e-01 2.975000e-01 0.000000e+00
-9.495280e-01 3.136820e-01 0.000000e+00
-9.569400e-01 2.902850e-01 0.000000e+00
-8.127770e-01 3.662930e-01 0.000000e+00
-8.300630e-01 3.925690e-01 0.000000e+00
-8.473490e-01 4.188450e-01 0.000000e+00
-8.646350e-01 4.451210e-01 0.000000e+00
-8.819210e-01 4.713970e-01 0.000000e+00
-8.405520e-01 3.703910e-01 0.000000e+00
-8.581110e-01 3.967950e-01 0.000000e+00
-8.756680e-01 4.232020e-01 0.000000e+00
-8.932240e-01 4.496110e-01 0.000000e+00
-8.683280e-01 3.744880e-01 0.000000e+00
-8.861600e-01 4.010200e-01 0.000000e+00
-9.039890e-01 4.275550e-01 0.000000e+00
-8.961040e-01 3.785860e-01 0.000000e+00
-9.142100e-01 4.052410e-01 0.000000e+00
-9.238800e-01 3.826830e-01 0.000000e+00
-7.958580e-01 4.649600e-01 0.000000e+00
-8.047610e-01 4.876130e-01 0.000000e+00
-8.136640e-01 5.102650e-01 0.000000e+00
-8.225670e-01 5.329180e-01 0.000000e+00
-8.314700e-01 5.555700e-01 0.000000e+00
-8.173730e-01 4.665700e-01 0.000000e+00
-8.265350e-01 4.893770e-01 0.000000e+00
-8.356950e-01 5.121860e-01 0.000000e+00
-8.448540e-01 5.349980e-01 0.000000e+00
-8.388890e-01 4.681790e-01 0.000000e+00
-8.483100e-01 4.911390e-01 0.000000e+00
-8.577290e-01 5.141030e-01 0.000000e+00
-8.604050e-01 4.697880e-01 0.000000e+00
-8.700870e-01 4.928980e-01 0.000000e+00
-8.819210e-01 4.713970e-01 0.000000e+00
-8.314700e-01 5.555700e-01 0.000000e+00
-8.042260e-01 5.603460e-01 0.000000e+00
-7.769820e-01 5.651220e-01 0.000000e+00
-7.497380e-01 5.698980e-01 0.000000e+00
-7.224940e-01 5.746740e-01 0.000000e+00
-8.175850e-01 5.758080e-01 0.000000e+00
-7.900960e-01 5.804090e-01 0.000000e+00
-7.626090e-01 5.850070e-01 0.000000e+00
-7.351230e-01 5.896040e-01 0.000000e+00
-8.032080e-01 5.956990e-01 0.000000e+00
-7.754780e-01 6.001190e-01 0.000000e+00
-7.477520e-01 6.045340e-01 0.000000e+00
-7.883460e-01 6.152320e-01 0.000000e+00
-7.603810e-01 6.194640e-01 0.000000e+00
-7.730100e-01 6.343930e-01 0.000000e+00
-7.730100e-01 6.343930e-01 0.000000e+00
-7.455810e-01 6.257650e-01 0.000000e+00
-7.181510e-01 6.171370e-01 0.000000e+00
-6.907210e-01 6.085090e-01 0.000000e+00
-6.632910e-01 5.998810e-01 0.000000e+00
-7.572090e-01 6.531730e-01 0.000000e+00
-7.295520e-01 6.443460e-01 0.000000e+00
-7.018980e-01 6.355180e-01 0.000000e+00
-6.742450e-01 6.266880e-01 0.000000e+00
-7.409510e-01 6.715590e-01 0.000000e+00
-7.130730e-01 6.625280e-01 0.000000e+00
-6.851990e-01 6.534940e-01 0.000000e+00
-7.242470e-01 6.895410e-01 0.000000e+00
-6.961530e-01 6.803000e-01 0.000000e+00
-7.071070e-01 7.071070e-01 0.000000e+00
-5.530520e-01 7.263990e-01 0.000000e+00
-5.536810e-01 7.526670e-01 0.000000e+00
-5.543110e-01 7.789340e-01 0.000000e+00
-5.549410e-01 8.052020e-01 0.000000e+00
-5.555700e-01 8.314700e-01 0.000000e+00
-5.733870e-01 7.380520e-01 0.000000e+00
-5.741960e-01 7.645620e-01 0.000000e+00
-5.750030e-01 7.910720e-01 0.000000e+00
-5.758080e-01 8.175850e-01 0.000000e+00
-5.937220e-01 7.497050e-01 0.000000e+00
-5.947130e-01 7.764550e-01 0.000000e+00
-5.956990e-01 8.032080e-01 0.000000e+00
-6.140580e-01 7.613580e-01 0.000000e+00
-6.152320e-01 7.883460e-01 0.000000e+00
-6.343930e-01 7.730100e-01 0.000000e+00
-1.346380e-01 9.268690e-01 0.000000e+00
-1.254830e-01 9.439480e-01 0.000000e+00
-1.163270e-01 9.610270e-01 0.000000e+00
-1.071720e-01 9.781060e-01 0.000000e+00
-9.801710e-02 9.951850e-01 0.000000e+00
-1.497510e-01 9.403480e-01 0.000000e+00
-1.406400e-01 9.577250e-01 0.000000e+00
-1.315270e-01 9.751020e-01 0.000000e+00
-1.224110e-01 9.924800e-01 0.000000e+00
-1.648640e-01 9.538270e-01 0.000000e+00
-1.558000e-01 9.715020e-01 0.000000e+00
-1.467300e-01 9.891770e-01 0.000000e+00
-1.799770e-01 9.673060e-01 0.000000e+00
-1.709620e-01 9.852780e-01 0.000000e+00
-1.950900e-01 9.807850e-01 0.000000e+00
-5.555700e-01 8.314700e-01 0.000000e+00
-5.350300e-01 8.226760e-01 0.000000e+00
-5.144890e-01 8.138810e-01 0.000000e+00
-4.939480e-01 8.050870e-01 0.000000e+00
-4.734080e-01 7.962930e-01 0.000000e+00
-5.349980e-01 8.448540e-01 0.000000e+00
-5.142980e-01 8.358040e-01 0.000000e+00
-4.936000e-01 8.267530e-01 0.000000e+00
-4.729050e-01 8.177000e-01 0.000000e+00
-5.141030e-01 8.577290e-01 0.000000e+00
-4.932500e-01 8.484190e-01 0.000000e+00
-4.724020e-01 8.391070e-01 0.000000e+00
-4.928980e-01 8.700870e-01 0.000000e+00
-4.719000e-01 8.605140e-01 0.000000e+00
-4.713970e-01 8.819210e-01 0.000000e+00
-4.713970e-01 8.819210e-01 0.000000e+00
-4.441800e-01 8.732780e-01 0.000000e+00
-4.169640e-01 8.646340e-01 0.000000e+00
-3.897470e-01 8.559910e-01 0.000000e+00
-3.625300e-01 8.473470e-01 0.000000e+00
-4.496110e-01 8.932240e-01 0.000000e+00
-4.222620e-01 8.843110e-01 0.000000e+00
-3.949140e-01 8.753960e-01 0.000000e+00
-3.675690e-01 8.664800e-01 0.000000e+00
-4.275550e-01 9.039890e-01 0.000000e+00
-4.000790e-01 8.948020e-01 0.000000e+00
-3.726070e-01 8.856130e-01 0.000000e+00
-4.052410e-01 9.142100e-01 0.000000e+00
-3.776450e-01 9.047470e-01 0.000000e+00
-3.826830e-01 9.238800e-01 0.000000e+00
-1.950900e-01 9.807850e-01 0.000000e+00
-2.191010e-01 9.757020e-01 0.000000e+00
-2.429800e-01 9.700310e-01 0.000000e+00
-2.667130e-01 9.637760e-01 0.000000e+00
-2.902850e-01 9.569400e-01 0.000000e+00
-2.008110e-01 9.564170e-01 0.000000e+00
-2.247540e-01 9.510410e-01 0.000000e+00
-2.485570e-01 9.450780e-01 0.000000e+00
-2.722070e-01 9.385330e-01 0.000000e+00
-2.065320e-01 9.320490e-01 0.000000e+00
-2.304030e-01 9.263800e-01 0.000000e+00
-2.541290e-01 9.201270e-01 0.000000e+00
-2.122520e-01 9.076810e-01 0.000000e+00
-2.360510e-01 9.017200e-01 0.000000e+00
-2.179730e-01 8.833130e-01 0.000000e+00
-2.902850e-01 9.569400e-01 0.000000e+00
-3.136820e-01 9.495280e-01 0.000000e+00
-3.368900e-01 9.415440e-01 0.000000e+00
-3.598950e-01 9.329930e-01 0.000000e+00
-3.826830e-01 9.238800e-01 0.000000e+00
-2.946990e-01 9.381630e-01 0.000000e+00
-3.179990e-01 9.304650e-01 0.000000e+00
-3.411040e-01 9.221980e-01 0.000000e+00
-3.639980e-01 9.133670e-01 0.000000e+00
-2.991140e-01 9.193850e-01 0.000000e+00
-3.223150e-01 9.114030e-01 0.000000e+00
-3.453130e-01 9.028540e-01 0.000000e+00
-3.035280e-01 9.006070e-01 0.000000e+00
-3.266280e-01 8.923420e-01 0.000000e+00
-3.079420e-01 8.818290e-01 0.000000e+00
-3.842450e-02 9.431730e-01 0.000000e+00
-2.881840e-02 9.573800e-01 0.000000e+00
-1.921220e-02 9.715860e-01 0.000000e+00
-9.606120e-03 9.857930e-01 0.000000e+00
6.245000e-17 1.000000e+00 0.000000e+00
-5.332260e-02 9.561760e-01 0.000000e+00
-4.373130e-02 9.706830e-01 0.000000e+00
-3.413750e-02 9.851910e-01 0.000000e+00
-2.454120e-02 9.996990e-01 0.000000e+00
-6.822080e-02 9.691790e-01 0.000000e+00
-5.864670e-02 9.839870e-01 0.000000e+00
-4.906770e-02 9.987950e-01 0.000000e+00
-8.311900e-02 9.821820e-01 0.000000e+00
-7.356460e-02 9.972900e-01 0.000000e+00
-9.801710e-02 9.951850e-01 0.000000e+00
-7.071070e-01 7.071070e-01 0.000000e+00
-6.873780e-01 6.995270e-01 0.000000e+00
-6.676490e-01 6.919480e-01 0.000000e+00
-6.479200e-01 6.843690e-01 0.000000e+00
-6.281910e-01 6.767890e-01 0.000000e+00
-6.895410e-01 7.242470e-01 0.000000e+00
-6.696060e-01 7.164480e-01 0.000000e+00
-6.496730e-01 7.086470e-01 0.000000e+00
-6.297420e-01 7.008450e-01 0.000000e+00
-6.715590e-01 7.409510e-01 0.000000e+00
-6.514240e-01 7.329270e-01 0.000000e+00
-6.312920e-01 7.249000e-01 0.000000e+00
-6.531730e-01 7.572090e-01 0.000000e+00
-6.328430e-01 7.489550e-01 0.000000e+00
-6.343930e-01 7.730100e-01 0.000000e+00
-8.189130e-01 -3.809840e-01 0.000000e+00
-8.451540e-01 -3.814090e-01 0.000000e+00
-8.713960e-01 -3.818340e-01 0.000000e+00
-8.976380e-01 -3.822580e-01 0.000000e+00
-9.238800e-01 -3.826830e-01 0.000000e+00
-8.346650e-01 -4.035870e-01 0.000000e+00
-8.611790e-01 -4.041410e-01 0.000000e+00
-8.876940e-01 -4.046920e-01 0.000000e+00
-9.142100e-01 -4.052410e-01 0.000000e+00
-8.504170e-01 -4.261900e-01 0.000000e+00
-8.772020e-01 -4.268750e-01 0.000000e+00
-9.039890e-01 -4.275550e-01 0.000000e+00
-8.661690e-01 -4.487930e-01 0.000000e+00
-8.932240e-01 -4.496110e-01 0.000000e+00
-8.819210e-01 -4.713970e-01 0.000000e+00
-9.355920e-01 -3.691660e-02 0.000000e+00
-9.516940e-01 -2.768750e-02 0.000000e+00
-9.677960e-01 -1.845830e-02 0.000000e+00
-9.838980e-01 -9.229160e-03 0.000000e+00
-1.000000e+00 1.249000e-16 0.000000e+00
-9.504910e-01 -5.219180e-02 0.000000e+00
-9.668930e-01 -4.297740e-02 0.000000e+00
-9.832960e-01 -3.376050e-02 0.000000e+00
-9.996990e-01 -2.454120e-02 0.000000e+00
-9.653890e-01 -6.746690e-02 0.000000e+00
-9.820920e-01 -5.826970e-02 0.000000e+00
-9.987950e-01 -4.906770e-02 0.000000e+00
-9.802870e-01 -8.274200e-02 0.000000e+00
-9.972900e-01 -7.356460e-02 0.000000e+00
-9.951850e-01 -9.801710e-02 0.000000e+00
-9.001350e-01 -1.112010e-01 0.000000e+00
-9.238980e-01 -1.079050e-01 0.000000e+00
-9.476600e-01 -1.046090e-01 0.000000e+00
-9.714220e-01 -1.013130e-01 0.000000e+00
-9.951850e-01 -9.801710e-02 0.000000e+00
-9.202980e-01 -1.321740e-01 0.000000e+00
-9.443580e-01 -1.289220e-01 0.000000e+00
-9.684190e-01 -1.256670e-01 0.000000e+00
-9.924800e-01 -1.224110e-01 0.000000e+00
-9.404600e-01 -1.531460e-01 0.000000e+00
-9.648180e-01 -1.499410e-01 0.000000e+00
-9.891770e-01 -1.467300e-01 0.000000e+00
-9.606230e-01 -1.741180e-01 0.000000e+00
-9.852780e-01 -1.709620e-01 0.000000e+00
-9.807850e-01 -1.950900e-01 0.000000e+00
-8.860380e-01 -3.254280e-01 0.000000e+00
-9.037630e-01 -3.166420e-01 0.000000e+00
-9.214890e-01 -3.078560e-01 0.000000e+00
-9.392150e-01 -2.990710e-01 0.000000e+00
-9.569400e-01 -2.902850e-01 0.000000e+00
-8.954980e-01 -3.397420e-01 0.000000e+00
-9.135070e-01 -3.310580e-01 0.000000e+00
-9.315170e-01 -3.223710e-01 0.000000e+00
-9.495280e-01 -3.136820e-01 0.000000e+00
-9.049590e-01 -3.540560e-01 0.000000e+00
-9.232500e-01 -3.454750e-01 0.000000e+00
-9.415440e-01 -3.368900e-01 0.000000e+00
-9.144190e-01 -3.683700e-01 0.000000e+00
-9.329930e-01 -3.598950e-01 0.000000e+00
-9.238800e-01 -3.826830e-01 0.000000e+00
-9.569400e-01 -2.902850e-01 0.000000e+00
-9.379180e-01 -2.652080e-01 0.000000e+00
-9.188950e-01 -2.401310e-01 0.000000e+00
-8.998730e-01 -2.150530e-01 0.000000e+00
-8.808500e-01 -1.899760e-01 0.000000e+00
-9.637760e-01 -2.667130e-01 0.000000e+00
-9.444630e-01 -2.415580e-01 0.000000e+00
-9.251480e-01 -2.164050e-01 0.000000e+00
-9.058340e-01 -1.912550e-01 0.000000e+00
-9.700310e-01 -2.429800e-01 0.000000e+00
-9.504250e-01 -2.177540e-01 0.000000e+00
-9.308180e-01 -1.925330e-01 0.000000e+00
-9.757020e-01 -2.191010e-01 0.000000e+00
-9.558010e-01 -1.938120e-01 0.000000e+00
-9.807850e-01 -1.950900e-01 0.000000e+00
-8.314700e-01 -5.555700e-01 0.000000e+00
-8.232150e-01 -5.353900e-01 0.000000e+00
-8.149610e-01 -5.152100e-01 0.000000e+00
-8.067060e-01 -4.950300e-01 0.000000e+00
-7.984510e-01 -4.748500e-01 0.000000e+00
-8.448540e-01 -5.349980e-01 0.000000e+00
-8.363430e-01 -5.146590e-01 0.000000e+00
-8.278320e-01 -4.943220e-01 0.000000e+00
-8.193190e-01 -4.739870e-01 0.000000e+00
-8.577290e-01 -5.141030e-01 0.000000e+00
-8.489590e-01 -4.936110e-01 0.000000e+00
-8.401860e-01 -4.731230e-01 0.000000e+00
-8.700870e-01 -4.928980e-01 0.000000e+00
-8.610540e-01 -4.722600e-01 0.000000e+00
-8.819210e-01 -4.713970e-01 0.000000e+00
-5.555700e-01 -8.314700e-01 0.000000e+00
-5.501220e-01 -8.108480e-01 0.000000e+00
-5.446740e-01 -7.902270e-01 0.000000e+00
-5.392260e-01 -7.696060e-01 0.000000e+00
-5.337780e-01 -7.489840e-01 0.000000e+00
-5.758080e-01 -8.175850e-01 0.000000e+00
-5.701850e-01 -7.967190e-01 0.000000e+00
-5.645590e-01 -7.758540e-01 0.000000e+00
-5.589320e-01 -7.549910e-01 0.000000e+00
-5.956990e-01 -8.032080e-01 0.000000e+00
-5.898940e-01 -7.821010e-01 0.000000e+00
-5.840860e-01 -7.609970e-01 0.000000e+00
-6.152320e-01 -7.883460e-01 0.000000e+00
-6.092400e-01 -7.670040e-01 0.000000e+00
-6.343930e-01 -7.730100e-01 0.000000e+00
-4.741680e-01 -7.931320e-01 0.000000e+00
-4.945180e-01 -8.027160e-01 0.000000e+00
-5.148690e-01 -8.123010e-01 0.000000e+00
-5.352200e-01 -8.218850e-01 0.000000e+00
-5.555700e-01 -8.314700e-01 0.000000e+00
-4.734750e-01 -8.153290e-01 0.000000e+00
-4.939810e-01 -8.251720e-01 0.000000e+00
-5.144880e-01 -8.350130e-01 0.000000e+00
-5.349980e-01 -8.448540e-01 0.000000e+00
-4.727820e-01 -8.375260e-01 0.000000e+00
-4.934400e-01 -8.476290e-01 0.000000e+00
-5.141030e-01 -8.577290e-01 0.000000e+00
-4.720900e-01 -8.597240e-01 0.000000e+00
-4.928980e-01 -8.700870e-01 0.000000e+00
-4.713970e-01 -8.819210e-01 0.000000e+00
-7.071070e-01 -7.071070e-01 0.000000e+00
-7.014490e-01 -6.828430e-01 0.000000e+00
-6.957900e-01 -6.585790e-01 0.000000e+00
-6.901320e-01 -6.343150e-01 0.000000e+00
-6.844740e-01 -6.100520e-01 0.000000e+00
-7.242470e-01 -6.895410e-01 0.000000e+00
-7.183690e-01 -6.650710e-01 0.000000e+00
-7.124890e-01 -6.406030e-01 0.000000e+00
-7.066080e-01 -6.161370e-01 0.000000e+00
-7.409510e-01 -6.715590e-01 0.000000e+00
-7.348480e-01 -6.468890e-01 0.000000e+00
-7.287420e-01 -6.222220e-01 0.000000e+00
-7.572090e-01 -6.531730e-01 0.000000e+00
-7.508760e-01 -6.283080e-01 0.000000e+00
-7.730100e-01 -6.343930e-01 0.000000e+00
-7.071070e-01 -7.071070e-01 0.000000e+00
-6.895410e-01 -7.242470e-01 0.000000e+00
-6.715590e-01 -7.409510e-01 0.000000e+00
-6.531730e-01 -7.572090e-01 0.000000e+00
-6.343930e-01 -7.730100e-01 0.000000e+00
-6.907910e-01 -6.993110e-01 0.000000e+00
-6.730190e-01 -7.162320e-01 0.000000e+00
-6.548370e-01 -7.327110e-01 0.000000e+00
-6.362560e-01 -7.487390e-01 0.000000e+00
-6.744760e-01 -6.915160e-01 0.000000e+00
-6.564990e-01 -7.082150e-01 0.000000e+00
-6.381190e-01 -7.244680e-01 0.000000e+00
-6.581600e-01 -6.837210e-01 0.000000e+00
-6.399820e-01 -7.001970e-01 0.000000e+00
-6.418440e-01 -6.759250e-01 0.000000e+00
-7.386830e-01 -5.522300e-01 0.000000e+00
-7.618790e-01 -5.530650e-01 0.000000e+00
-7.850760e-01 -5.539000e-01 0.000000e+00
-8.082730e-01 -5.547350e-01 0.000000e+00
-8.314700e-01 -5.555700e-01 0.000000e+00
-7.472650e-01 -5.727710e-01 0.000000e+00
-7.707030e-01 -5.737850e-01 0.000000e+00
-7.941430e-01 -5.747980e-01 0.000000e+00
-8.175850e-01 -5.758080e-01 0.000000e+00
-7.558470e-01 -5.933120e-01 0.000000e+00
-7.795260e-01 -5.945070e-01 0.000000e+00
-8.032080e-01 -5.956990e-01 0.000000e+00
-7.644280e-01 -6.138530e-01 0.000000e+00
-7.883460e-01 -6.152320e-01 0.000000e+00
-7.730100e-01 -6.343930e-01 0.000000e+00
-3.957120e-01 -8.214760e-01 0.000000e+00
-4.146330e-01 -8.365870e-01 0.000000e+00
-4.335550e-01 -8.516990e-01 0.000000e+00
-4.524760e-01 -8.668100e-01 0.000000e+00
-4.713970e-01 -8.819210e-01 0.000000e+00
-3.924550e-01 -8.470770e-01 0.000000e+00
-4.115050e-01 -8.624610e-01 0.000000e+00
-4.305570e-01 -8.778430e-01 0.000000e+00
-4.496110e-01 -8.932240e-01 0.000000e+00
-3.891980e-01 -8.726780e-01 0.000000e+00
-4.083740e-01 -8.883350e-01 0.000000e+00
-4.275550e-01 -9.039890e-01 0.000000e+00
-3.859410e-01 -8.982790e-01 0.000000e+00
-4.052410e-01 -9.142100e-01 0.000000e+00
-3.826830e-01 -9.238800e-01 0.000000e+00
-2.902850e-01 -9.569400e-01 0.000000e+00
-3.051420e-01 -9.346190e-01 0.000000e+00
-3.199990e-01 -9.122970e-01 0.000000e+00
-3.348570e-01 -8.899760e-01 0.000000e+00
-3.497140e-01 -8.676540e-01 0.000000e+00
-3.136820e-01 -9.495280e-01 0.000000e+00
-3.284420e-01 -9.269220e-01 0.000000e+00
-3.432010e-01 -9.043160e-01 0.000000e+00
-3.579570e-01 -8.817110e-01 0.000000e+00
-3.368900e-01 -9.415440e-01 0.000000e+00
-3.515470e-01 -9.186550e-01 0.000000e+00
-3.661990e-01 -8.957670e-01 0.000000e+00
-3.598950e-01 -9.329930e-01 0.000000e+00
-3.744410e-01 -9.098230e-01 0.000000e+00
-3.826830e-01 -9.238800e-01 0.000000e+00
-1.950900e-01 -9.807850e-01 0.000000e+00
-1.988470e-01 -9.595040e-01 0.000000e+00
-2.026030e-01 -9.382230e-01 0.000000e+00
-2.063600e-01 -9.169420e-01 0.000000e+00
-2.101170e-01 -8.956610e-01 0.000000e+00
-2.191010e-01 -9.757020e-01 0.000000e+00
-2.227890e-01 -9.541280e-01 0.000000e+00
-2.264750e-01 -9.325540e-01 0.000000e+00
-2.301590e-01 -9.109810e-01 0.000000e+00
-2.429800e-01 -9.700310e-01 0.000000e+00
-2.465930e-01 -9.481650e-01 0.000000e+00
-2.502010e-01 -9.263010e-01 0.000000e+00
-2.667130e-01 -9.637760e-01 0.000000e+00
-2.702430e-01 -9.416210e-01 0.000000e+00
-2.902850e-01 -9.569400e-01 0.000000e+00
-3.701380e-02 -9.360810e-01 0.000000e+00
-5.226460e-02 -9.508570e-01 0.000000e+00
-6.751550e-02 -9.656330e-01 0.000000e+00
-8.276630e-02 -9.804090e-01 0.000000e+00
-9.801710e-02 -9.951850e-01 0.000000e+00
-2.776040e-02 -9.520610e-01 0.000000e+00
-4.302600e-02 -9.671370e-01 0.000000e+00
-5.829400e-02 -9.822140e-01 0.000000e+00
-7.356460e-02 -9.972900e-01 0.000000e+00
-1.850690e-02 -9.680400e-01 0.000000e+00
-3.378480e-02 -9.834180e-01 0.000000e+00
-4.906770e-02 -9.987950e-01 0.000000e+00
-9.253450e-03 -9.840200e-01 0.000000e+00
-2.454120e-02 -9.996990e-01 0.000000e+00
-1.804110e-16 -1.000000e+00 0.000000e+00
-9.801710e-02 -9.951850e-01 0.000000e+00
-1.088250e-01 -9.698960e-01 0.000000e+00
-1.196330e-01 -9.446070e-01 0.000000e+00
-1.304420e-01 -9.193180e-01 0.000000e+00
-1.412500e-01 -8.940290e-01 0.000000e+00
-1.224110e-01 -9.924800e-01 0.000000e+00
-1.331800e-01 -9.668920e-01 0.000000e+00
-1.439460e-01 -9.413050e-01 0.000000e+00
-1.547100e-01 -9.157180e-01 0.000000e+00
-1.467300e-01 -9.891770e-01 0.000000e+00
-1.574530e-01 -9.632910e-01 0.000000e+00
-1.681700e-01 -9.374070e-01 0.000000e+00
-1.709620e-01 -9.852780e-01 0.000000e+00
-1.816300e-01 -9.590960e-01 0.000000e+00
-1.950900e-01 -9.807850e-01 0.000000e+00
6.343930e-01 -7.730100e-01 0.000000e+00
6.531730e-01 -7.572090e-01 0.000000e+00
6.715590e-01 -7.409510e-01 0.000000e+00
6.895410e-01 -7.242470e-01 0.000000e+00
7.071070e-01 -7.071070e-01 0.000000e+00
6.235600e-01 -7.491800e-01 0.000000e+00
6.421410e-01 -7.331520e-01 0.000000e+00
6.603230e-01 -7.166730e-01 0.000000e+00
6.780950e-01 -6.997520e-01 0.000000e+00
6.127260e-01 -7.253490e-01 0.000000e+00
6.311070e-01 -7.090960e-01 0.000000e+00
6.490830e-01 -6.923970e-01 0.000000e+00
6.018930e-01 -7.015180e-01 0.000000e+00
6.200710e-01 -6.850430e-01 0.000000e+00
5.910590e-01 -6.776880e-01 0.000000e+00
9.164680e-01 -1.325690e-01 0.000000e+00
9.325470e-01 -1.481990e-01 0.000000e+00
9.486260e-01 -1.638290e-01 0.000000e+00
9.647060e-01 -1.794600e-01 0.000000e+00
9.807850e-01 -1.950900e-01 0.000000e+00
9.361470e-01 -1.239310e-01 0.000000e+00
9.525240e-01 -1.396050e-01 0.000000e+00
9.689010e-01 -1.552820e-01 0.000000e+00
9.852780e-01 -1.709620e-01 0.000000e+00
9.558260e-01 -1.152930e-01 0.000000e+00
9.725020e-01 -1.310090e-01 0.000000e+00
9.891770e-01 -1.467300e-01 0.000000e+00
9.755050e-01 -1.066550e-01 0.000000e+00
9.924800e-01 -1.224110e-01 0.000000e+00
9.951850e-01 -9.801710e-02 0.000000e+00
9.238800e-01 -3.826830e-01 0.000000e+00
9.329930e-01 -3.598950e-01 0.000000e+00
9.415440e-01 -3.368900e-01 0.000000e+00
9.495280e-01 -3.136820e-01 0.000000e+00
9.569400e-01 -2.902850e-01 0.000000e+00
9.069170e-01 -3.643480e-01 0.000000e+00
9.157480e-01 -3.414540e-01 0.000000e+00
9.240150e-01 -3.183500e-01 0.000000e+00
9.317120e-01 -2.950490e-01 0.000000e+00
8.899540e-01 -3.460130e-01 0.000000e+00
8.985030e-01 -3.230150e-01 0.000000e+00
9.064850e-01 -2.998140e-01 0.000000e+00
8.729920e-01 -3.276780e-01 0.000000e+00
8.812570e-01 -3.045780e-01 0.000000e+00
8.560290e-01 -3.093430e-01 0.000000e+00
8.823880e-01 -2.217120e-01 0.000000e+00
9.010260e-01 -2.388550e-01 0.000000e+00
9.196640e-01 -2.559980e-01 0.000000e+00
9.383020e-01 -2.731420e-01 0.000000e+00
9.569400e-01 -2.902850e-01 0.000000e+00
9.069880e-01 -2.150570e-01 0.000000e+00
9.259180e-01 -2.322730e-01 0.000000e+00
9.448470e-01 -2.494920e-01 0.000000e+00
9.637760e-01 -2.667130e-01 0.000000e+00
9.315870e-01 -2.084010e-01 0.000000e+00
9.508100e-01 -2.256880e-01 0.000000e+00
9.700310e-01 -2.429800e-01 0.000000e+00
9.561860e-01 -2.017460e-01 0.000000e+00
9.757020e-01 -2.191010e-01 0.000000e+00
9.807850e-01 -1.950900e-01 0.000000e+00
9.951850e-01 -9.801710e-02 0.000000e+00
9.972900e-01 -7.356460e-02 0.000000e+00
9.987950e-01 -4.906770e-02 0.000000e+00
9.996990e-01 -2.454120e-02 0.000000e+00
1.000000e+00 -2.445960e-16 0.000000e+00
9.798340e-01 -7.144620e-02 0.000000e+00
9.816390e-01 -4.697390e-02 0.000000e+00
9.828430e-01 -2.246470e-02 0.000000e+00
9.834450e-01 2.066700e-03 0.000000e+00
9.644830e-01 -4.487520e-02 0.000000e+00
9.659880e-01 -2.038570e-02 0.000000e+00
9.668910e-01 4.133410e-03 0.000000e+00
9.491330e-01 -1.830420e-02 0.000000e+00
9.503360e-01 6.200110e-03 0.000000e+00
9.337820e-01 8.266820e-03 0.000000e+00
4.713970e-01 -8.819210e-01 0.000000e+00
4.928980e-01 -8.700870e-01 0.000000e+00
5.141030e-01 -8.577290e-01 0.000000e+00
5.349980e-01 -8.448540e-01 0.000000e+00
5.555700e-01 -8.314700e-01 0.000000e+00
4.592460e-01 -8.626750e-01 0.000000e+00
4.805970e-01 -8.505800e-01 0.000000e+00
5.016450e-01 -8.379640e-01 0.000000e+00
5.223760e-01 -8.248360e-01 0.000000e+00
4.470960e-01 -8.434280e-01 0.000000e+00
4.682940e-01 -8.310740e-01 0.000000e+00
4.891830e-01 -8.182020e-01 0.000000e+00
4.349460e-01 -8.241820e-01 0.000000e+00
4.559890e-01 -8.115690e-01 0.000000e+00
4.227950e-01 -8.049350e-01 0.000000e+00
3.826830e-01 -9.238800e-01 0.000000e+00
3.786110e-01 -9.059470e-01 0.000000e+00
3.745380e-01 -8.880150e-01 0.000000e+00
3.704660e-01 -8.700830e-01 0.000000e+00
3.663930e-01 -8.521500e-01 0.000000e+00
3.598950e-01 -9.329930e-01 0.000000e+00
3.557160e-01 -9.147790e-01 0.000000e+00
3.515400e-01 -8.965640e-01 0.000000e+00
3.473660e-01 -8.783480e-01 0.000000e+00
3.368900e-01 -9.415440e-01 0.000000e+00
3.326120e-01 -9.230450e-01 0.000000e+00
3.283390e-01 -9.045450e-01 0.000000e+00
3.136820e-01 -9.495280e-01 0.000000e+00
3.093120e-01 -9.307430e-01 0.000000e+00
2.902850e-01 -9.569400e-01 0.000000e+00
2.902850e-01 -9.569400e-01 0.000000e+00
2.777460e-01 -9.403290e-01 0.000000e+00
2.652060e-01 -9.237180e-01 0.000000e+00
2.526670e-01 -9.071070e-01 0.000000e+00
2.401280e-01 -8.904950e-01 0.000000e+00
2.667130e-01 -9.637760e-01 0.000000e+00
2.540960e-01 -9.468740e-01 0.000000e+00
2.414810e-01 -9.299710e-01 0.000000e+00
2.288690e-01 -9.130680e-01 0.000000e+00
2.429800e-01 -9.700310e-01 0.000000e+00
2.302920e-01 -9.528360e-01 0.000000e+00
2.176090e-01 -9.356400e-01 0.000000e+00
2.191010e-01 -9.757020e-01 0.000000e+00
2.063500e-01 -9.582130e-01 0.000000e+00
1.950900e-01 -9.807850e-01 0.000000e+00
9.801710e-02 -9.951850e-01 0.000000e+00
7.944310e-02 -9.699000e-01 0.000000e+00
6.086910e-02 -9.446150e-01 0.000000e+00
4.229510e-02 -9.193310e-01 0.000000e+00
2.372110e-02 -8.940460e-01 0.000000e+00
7.356460e-02 -9.972900e-01 0.000000e+00
5.497090e-02 -9.717050e-01 0.000000e+00
3.637960e-02 -9.461200e-01 0.000000e+00
1.779080e-02 -9.205350e-01 0.000000e+00
4.906770e-02 -9.987950e-01 0.000000e+00
3.046160e-02 -9.729090e-01 0.000000e+00
1.186050e-02 -9.470230e-01 0.000000e+00
2.454120e-02 -9.996990e-01 0.000000e+00
5.930270e-03 -9.735120e-01 0.000000e+00
-1.838810e-16 -1.000000e+00 0.000000e+00
6.343930e-01 -7.730100e-01 0.000000e+00
6.081590e-01 -7.657950e-01 0.000000e+00
5.819250e-01 -7.585790e-01 0.000000e+00
5.556900e-01 -7.513630e-01 0.000000e+00
5.294560e-01 -7.441480e-01 0.000000e+00
6.152320e-01 -7.883460e-01 0.000000e+00
5.888140e-01 -7.808920e-01 0.000000e+00
5.623980e-01 -7.734360e-01 0.000000e+00
5.359840e-01 -7.659780e-01 0.000000e+00
5.956990e-01 -8.032080e-01 0.000000e+00
5.691040e-01 -7.955100e-01 0.000000e+00
5.425130e-01 -7.878090e-01 0.000000e+00
5.758080e-01 -8.175850e-01 0.000000e+00
5.490420e-01 -8.096390e-01 0.000000e+00
5.555700e-01 -8.314700e-01 0.000000e+00
6.664710e-01 -6.238100e-01 0.000000e+00
6.766300e-01 -6.446340e-01 0.000000e+00
6.867890e-01 -6.654580e-01 0.000000e+00
6.969480e-01 -6.862830e-01 0.000000e+00
7.071070e-01 -7.071070e-01 0.000000e+00
6.931060e-01 -6.264560e-01 0.000000e+00
7.034880e-01 -6.474820e-01 0.000000e+00
7.138680e-01 -6.685100e-01 0.000000e+00
7.242470e-01 -6.895410e-01 0.000000e+00
7.197400e-01 -6.291020e-01 0.000000e+00
7.303470e-01 -6.503280e-01 0.000000e+00
7.409510e-01 -6.715590e-01 0.000000e+00
7.463750e-01 -6.317470e-01 0.000000e+00
7.572090e-01 -6.531730e-01 0.000000e+00
7.730100e-01 -6.343930e-01 0.000000e+00
3.826830e-01 -9.238800e-01 0.000000e+00
4.052410e-01 -9.142100e-01 0.000000e+00
4.275550e-01 -9.039890e-01 0.000000e+00
4.496110e-01 -8.932240e-01 0.000000e+00
4.713970e-01 -8.819210e-01 0.000000e+00
3.786110e-01 -9.059470e-01 0.000000e+00
4.010440e-01 -8.960030e-01 0.000000e+00
4.232270e-01 -8.855110e-01 0.000000e+00
4.451460e-01 -8.744780e-01 0.000000e+00
3.745380e-01 -8.880150e-01 0.000000e+00
3.968450e-01 -8.777970e-01 0.000000e+00
4.188950e-01 -8.670360e-01 0.000000e+00
3.704660e-01 -8.700830e-01 0.000000e+00
3.926440e-01 -8.595930e-01 0.000000e+00
3.663930e-01 -8.521500e-01 0.000000e+00
7.408080e-01 -5.536510e-01 0.000000e+00
7.488590e-01 -5.738360e-01 0.000000e+00
7.569090e-01 -5.940220e-01 0.000000e+00
7.649600e-01 -6.142080e-01 0.000000e+00
7.730100e-01 -6.343930e-01 0.000000e+00
7.634740e-01 -5.541300e-01 0.000000e+00
7.717660e-01 -5.744960e-01 0.000000e+00
7.800570e-01 -5.948630e-01 0.000000e+00
7.883460e-01 -6.152320e-01 0.000000e+00
7.861390e-01 -5.546100e-01 0.000000e+00
7.946750e-01 -5.751530e-01 0.000000e+00
8.032080e-01 -5.956990e-01 0.000000e+00
8.088040e-01 -5.550900e-01 0.000000e+00
8.175850e-01 -5.758080e-01 0.000000e+00
8.314700e-01 -5.555700e-01 0.000000e+00
8.528320e-01 -3.803570e-01 0.000000e+00
8.601040e-01 -4.031170e-01 0.000000e+00
8.673770e-01 -4.258770e-01 0.000000e+00
8.746490e-01 -4.486370e-01 0.000000e+00
8.819210e-01 -4.713970e-01 0.000000e+00
8.705940e-01 -3.809380e-01 0.000000e+00
8.781380e-01 -4.038270e-01 0.000000e+00
8.856820e-01 -4.267180e-01 0.000000e+00
8.932240e-01 -4.496110e-01 0.000000e+00
8.883560e-01 -3.815200e-01 0.000000e+00
8.961740e-01 -4.045350e-01 0.000000e+00
9.039890e-01 -4.275550e-01 0.000000e+00
9.061180e-01 -3.821020e-01 0.000000e+00
9.142100e-01 -4.052410e-01 0.000000e+00
9.238800e-01 -3.826830e-01 0.000000e+00
8.314700e-01 -5.555700e-01 0.000000e+00
8.448540e-01 -5.349980e-01 0.000000e+00
8.577290e-01 -5.141030e-01 0.000000e+00
8.700870e-01 -4.928980e-01 0.000000e+00
8.819210e-01 -4.713970e-01 0.000000e+00
8.188130e-01 -5.387010e-01 0.000000e+00
8.319410e-01 -5.179700e-01 0.000000e+00
8.445560e-01 -4.969220e-01 0.000000e+00
8.566520e-01 -4.755710e-01 0.000000e+00
8.061560e-01 -5.218320e-01 0.000000e+00
8.190270e-01 -5.009440e-01 0.000000e+00
8.313820e-01 -4.797460e-01 0.000000e+00
7.934990e-01 -5.049630e-01 0.000000e+00
8.061120e-01 -4.839200e-01 0.000000e+00
7.808420e-01 -4.880950e-01 0.000000e+00
1.950900e-01 -9.807850e-01 0.000000e+00
1.700700e-01 -9.626580e-01 0.000000e+00
1.450510e-01 -9.445310e-01 0.000000e+00
1.200310e-01 -9.264040e-01 0.000000e+00
9.501080e-02 -9.082770e-01 0.000000e+00
1.709620e-01 -9.852780e-01 0.000000e+00
1.458930e-01 -9.668530e-01 0.000000e+00
1.208260e-01 -9.484290e-01 0.000000e+00
9.576240e-02 -9.300040e-01 0.000000e+00
1.467300e-01 -9.891770e-01 0.000000e+00
1.216200e-01 -9.704540e-01 0.000000e+00
9.651400e-02 -9.517310e-01 0.000000e+00
1.224110e-01 -9.924800e-01 0.000000e+00
9.726560e-02 -9.734580e-01 0.000000e+00
9.801710e-02 -9.951850e-01 0.000000e+00
-3.750000e-01 0.000000e+00 0.000000e+00
-3.593750e-01 -1.747220e-02 0.000000e+00
-3.437500e-01 -3.494430e-02 0.000000e+00
-3.281250e-01 -5.241650e-02 0.000000e+00
-3.125000e-01 -6.988870e-02 0.000000e+00
-3.437500e-01 0.000000e+00 0.000000e+00
-3.281250e-01 -1.747220e-02 0.000000e+00
-3.125000e-01 -3.494430e-02 0.000000e+00
-2.968750e-01 -5.241650e-02 0.000000e+00
-3.125000e-01 0.000000e+00 0.000000e+00
-2.968750e-01 -1.747220e-02 0.000000e+00
-2.812500e-01 -3.494430e-02 0.000000e+00
-2.812500e-01 -3.469450e-18 0.000000e+00
-2.656250e-01 -1.747220e-02 0.000000e+00
-2.500000e-01 0.000000e+00 0.000000e+00
-1.562500e-01 -6.417480e-02 0.000000e+00
-1.484370e-01 -4.813110e-02 0.000000e+00
-1.406250e-01 -3.208740e-02 0.000000e+00
-1.328120e-01 -1.604370e-02 0.000000e+00
-1.250000e-01 0.000000e+00 0.000000e+00
-1.640620e-01 -4.813110e-02 0.000000e+00
-1.562500e-01 -3.208740e-02 0.000000e+00
-1.484370e-01 -1.604370e-02 0.000000e+00
-1.406250e-01 -3.469450e-18 0.000000e+00
-1.718750e-01 -3.208740e-02 0.000000e+00
-1.640620e-01 -1.604370e-02 0.000000e+00
-1.562500e-01 0.000000e+00 0.000000e+00
-1.796870e-01 -1.604370e-02 0.000000e+00
-1.718750e-01 0.000000e+00 0.000000e+00
-1.875000e-01 0.000000e+00 0.000000e+00
-1.250000e-01 0.000000e+00 0.000000e+00
-1.093750e-01 -1.753260e-02 0.000000e+00
-9.375000e-02 -3.506520e-02 0.000000e+00
-7.812500e-02 -5.259780e-02 0.000000e+00
-6.250000e-02 -7.013050e-02 0.000000e+00
-9.375000e-02 0.000000e+00 0.000000e+00
-7.812500e-02 -1.753260e-02 0.000000e+00
-6.250000e-02 -3.506520e-02 0.000000e+00
-4.687500e-02 -5.259780e-02 0.000000e+00
-6.250000e-02 0.000000e+00 0.000000e+00
-4.687500e-02 -1.753260e-02 0.000000e+00
-3.125000e-02 -3.506520e-02 0.000000e+00
-3.125000e-02 3.469450e-18 0.000000e+00
-1.562500e-02 -1.753260e-02 0.000000e+00
3.330670e-16 0.000000e+00 0.000000e+00
-4.375000e-01 0.000000e+00 0.000000e+00
-4.296870e-01 -1.715470e-02 0.000000e+00
-4.218750e-01 -3.430940e-02 0.000000e+00
-4.140620e-01 -5.146410e-02 0.000000e+00
-4.062500e-01 -6.861880e-02 0.000000e+00
-4.218750e-01 0.000000e+00 0.000000e+00
-4.140620e-01 -1.715470e-02 0.000000e+00
-4.062500e-01 -3.430940e-02 0.000000e+00
-3.984370e-01 -5.146410e-02 0.000000e+00
-4.062500e-01 0.000000e+00 0.000000e+00
-3.984370e-01 -1.715470e-02 0.000000e+00
-3.906250e-01 -3.430940e-02 0.000000e+00
-3.906250e-01 3.469450e-18 0.000000e+00
-3.828120e-01 -1.715470e-02 0.000000e+00
-3.750000e-01 0.000000e+00 0.000000e+00
-4.904520e-01 8.099900e-02 0.000000e+00
-4.928390e-01 6.074930e-02 0.000000e+00
-4.952260e-01 4.049950e-02 0.000000e+00
-4.976130e-01 2.024980e-02 0.000000e+00
-5.000000e-01 0.000000e+00 0.000000e+00
-4.772140e-01 6.074930e-02 0.000000e+00
-4.796010e-01 4.049950e-02 0.000000e+00
-4.819880e-01 2.024980e-02 0.000000e+00
-4.843750e-01 -3.469450e-18 0.000000e+00
-4.639760e-01 4.049950e-02 0.000000e+00
-4.663630e-01 2.024980e-02 0.000000e+00
-4.687500e-01 0.000000e+00 0.000000e+00
-4.507380e-01 2.024980e-02 0.000000e+00
-4.531250e-01 0.000000e+00 0.000000e+00
-4.375000e-01 0.000000e+00 0.000000e+00
-5.000000e-01 0.000000e+00 0.000000e+00
-5.060410e-01 -1.665520e-02 0.000000e+00
-5.120830e-01 -3.331040e-02 0.000000e+00
-5.181240e-01 -4.996560e-02 0.000000e+00
-5.241660e-01 -6.662070e-02 0.000000e+00
-4.843750e-01 0.000000e+00 0.000000e+00
-4.904160e-01 -1.665520e-02 0.000000e+00
-4.964580e-01 -3.331040e-02 0.000000e+00
-5.024990e-01 -4.996560e-02 0.000000e+00
-4.687500e-01 0.000000e+00 0.000000e+00
-4.747910e-01 -1.665520e-02 0.000000e+00
-4.808330e-01 -3.331040e-02 0.000000e+00
-4.531250e-01 0.000000e+00 0.000000e+00
-4.591660e-01 -1.665520e-02 0.000000e+00
-4.375000e-01 0.000000e+00 0.000000e+00
-4.022520e-01 8.393530e-02 0.000000e+00
-4.110640e-01 6.295150e-02 0.000000e+00
-4.198760e-01 4.196760e-02 0.000000e+00
-4.286880e-01 2.098380e-02 0.000000e+00
-4.375000e-01 0.000000e+00 0.000000e+00
-3.954390e-01 6.295150e-02 0.000000e+00
-4.042510e-01 4.196760e-02 0.000000e+00
-4.130630e-01 2.098380e-02 0.000000e+00
-4.218750e-01 0.000000e+00 0.000000e+00
-3.886260e-01 4.196760e-02 0.000000e+00
-3.974380e-01 2.098380e-02 0.000000e+00
-4.062500e-01 0.000000e+00 0.000000e+00
-3.818130e-01 2.098380e-02 0.000000e+00
-3.906250e-01 0.000000e+00 0.000000e+00
-3.750000e-01 0.000000e+00 0.000000e+00
-2.500000e-01 0.000000e+00 0.000000e+00
-2.656250e-01 1.667110e-02 0.000000e+00
-2.812500e-01 3.334220e-02 0.000000e+00
-2.968750e-01 5.001330e-02 0.000000e+00
-3.125000e-01 6.668440e-02 0.000000e+00
-2.812500e-01 0.000000e+00 0.000000e+00
-2.968750e-01 1.667110e-02 0.000000e+00
-3.125000e-01 3.334220e-02 0.000000e+00
-3.281250e-01 5.001330e-02 0.000000e+00
-3.125000e-01 0.000000e+00 0.000000e+00
-3.281250e-01 1.667110e-02 0.000000e+00
-3.437500e-01 3.334220e-02 0.000000e+00
-3.437500e-01 0.000000e+00 0.000000e+00
-3.593750e-01 1.667110e-02 0.000000e+00
-3.750000e-01 0.000000e+00 0.000000e+00
-1.562500e-01 6.270260e-02 0.000000e+00
-1.640620e-01 4.702690e-02 0.000000e+00
-1.718750e-01 3.135130e-02 0.000000e+00
-1.796870e-01 1.567560e-02 0.000000e+00
-1.875000e-01 0.000000e+00 0.000000e+00
-1.484370e-01 4.702690e-02 0.000000e+00
-1.562500e-01 3.135130e-02 0.000000e+00
-1.640620e-01 1.567560e-02 0.000000e+00
-1.718750e-01 3.469450e-18 0.000000e+00
-1.406250e-01 3.135130e-02 0.000000e+00
-1.484370e-01 1.567560e-02 0.000000e+00
-1.562500e-01 0.000000e+00 0.000000e+00
-1.328120e-01 1.567560e-02 0.000000e+00
-1.406250e-01 0.000000e+00 0.000000e+00
-1.250000e-01 0.000000e+00 0.000000e+00
-1.875000e-01 0.000000e+00 0.000000e+00
-1.958130e-01 2.251060e-02 0.000000e+00
-2.041270e-01 4.502130e-02 0.000000e+00
-2.124400e-01 6.753190e-02 0.000000e+00
-2.207540e-01 9.004260e-02 0.000000e+00
-2.031250e-01 0.000000e+00 0.000000e+00
-2.114380e-01 2.251060e-02 0.000000e+00
-2.197520e-01 4.502130e-02 0.000000e+00
-2.280650e-01 6.753190e-02 0.000000e+00
-2.187500e-01 0.000000e+00 0.000000e+00
-2.270630e-01 2.251060e-02 0.000000e+00
-2.353770e-01 4.502130e-02 0.000000e+00
-2.343750e-01 0.000000e+00 0.000000e+00
-2.426880e-01 2.251060e-02 0.000000e+00
-2.500000e-01 0.000000e+00 0.000000e+00
-1.875000e-01 0.000000e+00 0.000000e+00
-2.031250e-01 -6.938890e-18 0.000000e+00
-2.187500e-01 0.000000e+00 0.000000e+00
-2.343750e-01 0.000000e+00 0.000000e+00
-2.500000e-01 0.000000e+00 0.000000e+00
-1.966830e-01 -2.148370e-02 0.000000e+00
-2.123080e-01 -2.148370e-02 0.000000e+00
-2.279330e-01 -2.148370e-02 0.000000e+00
-2.435580e-01 -2.148370e-02 0.000000e+00
-2.058660e-01 -4.296750e-02 0.000000e+00
-2.214910e-01 -4.296750e-02 0.000000e+00
-2.371160e-01 -4.296750e-02 0.000000e+00
-2.150490e-01 -6.445120e-02 0.000000e+00
-2.306740e-01 -6.445120e-02 0.000000e+00
-2.242310e-01 -8.593490e-02 0.000000e+00
3.330670e-16 0.000000e+00 0.000000e+00
-1.562500e-02 1.757190e-02 0.000000e+00
-3.125000e-02 3.514380e-02 0.000000e+00
-4.687500e-02 5.271570e-02 0.000000e+00
-6.250000e-02 7.028760e-02 0.000000e+00
-3.125000e-02 0.000000e+00 0.000000e+00
-4.687500e-02 1.757190e-02 0.000000e+00
-6.250000e-02 3.514380e-02 0.000000e+00
-7.812500e-02 5.271570e-02 0.000000e+00
-6.250000e-02 0.000000e+00 0.000000e+00
-7.812500e-02 1.757190e-02 0.000000e+00
-9.375000e-02 3.514380e-02 0.000000e+00
-9.375000e-02 0.000000e+00 0.000000e+00
-1.093750e-01 1.757190e-02 0.000000e+00
-1.250000e-01 0.000000e+00 0.000000e+00
9.375000e-02 -5.888130e-02 0.000000e+00
1.015630e-01 -4.416100e-02 0.000000e+00
1.093750e-01 -2.944060e-02 0.000000e+00
1.171880e-01 -1.472030e-02 0.000000e+00
1.250000e-01 0.000000e+00 0.000000e+00
8.593750e-02 -4.416100e-02 0.000000e+00
9.375000e-02 -2.944060e-02 0.000000e+00
1.015630e-01 -1.472030e-02 0.000000e+00
1.093750e-01 1.734720e-18 0.000000e+00
7.812500e-02 -2.944060e-02 0.000000e+00
8.593750e-02 -1.472030e-02 0.000000e+00
9.375000e-02 0.000000e+00 0.000000e+00
7.031250e-02 -1.472030e-02 0.000000e+00
7.812500e-02 0.000000e+00 0.000000e+00
6.250000e-02 0.000000e+00 0.000000e+00
6.250000e-02 0.000000e+00 0.000000e+00
5.468750e-02 1.402990e-02 0.000000e+00
4.687500e-02 2.805980e-02 0.000000e+00
3.906250e-02 4.208970e-02 0.000000e+00
3.125000e-02 5.611970e-02 0.000000e+00
4.687500e-02 0.000000e+00 0.000000e+00
3.906250e-02 1.402990e-02 0.000000e+00
3.125000e-02 2.805980e-02 0.000000e+00
2.343750e-02 4.208970e-02 0.000000e+00
3.125000e-02 0.000000e+00 0.000000e+00
2.343750e-02 1.402990e-02 0.000000e+00
1.562500e-02 2.805980e-02 0.000000e+00
1.562500e-02 -1.734720e-18 0.000000e+00
7.812500e-03 1.402990e-02 0.000000e+00
3.330670e-16 0.000000e+00 0.000000e+00
2.500000e-01 0.000000e+00 0.000000e+00
2.656250e-01 0.000000e+00 0.000000e+00
2.812500e-01 0.000000e+00 0.000000e+00
2.968750e-01 0.000000e+00 0.000000e+00
3.125000e-01 0.000000e+00 0.000000e+00
2.578130e-01 1.564530e-02 0.000000e+00
2.734380e-01 1.564530e-02 0.000000e+00
2.890630e-01 1.564530e-02 0.000000e+00
3.046880e-01 1.564530e-02 0.000000e+00
2.656250e-01 3.129060e-02 0.000000e+00
2.812500e-01 3.129060e-02 0.000000e+00
2.968750e-01 3.129060e-02 0.000000e+00
2.734380e-01 4.693600e-02 0.000000e+00
2.890630e-01 4.693600e-02 0.000000e+00
2.812500e-01 6.258130e-02 0.000000e+00
3.330670e-16 0.000000e+00 0.000000e+00
1.014070e-02 -2.476620e-02 0.000000e+00
2.028150e-02 -4.953230e-02 0.000000e+00
3.042220e-02 -7.429850e-02 0.000000e+00
4.056300e-02 -9.906470e-02 0.000000e+00
1.562500e-02 0.000000e+00 0.000000e+00
2.576570e-02 -2.476620e-02 0.000000e+00
3.590650e-02 -4.953230e-02 0.000000e+00
4.604720e-02 -7.429850e-02 0.000000e+00
3.125000e-02 0.000000e+00 0.000000e+00
4.139070e-02 -2.476620e-02 0.000000e+00
5.153150e-02 -4.953230e-02 0.000000e+00
4.687500e-02 0.000000e+00 0.000000e+00
5.701570e-02 -2.476620e-02 0.000000e+00
6.250000e-02 0.000000e+00 0.000000e+00
2.500000e-01 0.000000e+00 0.000000e+00
2.544090e-01 -2.295040e-02 0.000000e+00
2.588180e-01 -4.590080e-02 0.000000e+00
2.632260e-01 -6.885130e-02 0.000000e+00
2.676350e-01 -9.180170e-02 0.000000e+00
2.656250e-01 0.000000e+00 0.000000e+00
2.700340e-01 -2.295040e-02 0.000000e+00
2.744430e-01 -4.590080e-02 0.000000e+00
2.788510e-01 -6.885130e-02 0.000000e+00
2.812500e-01 0.000000e+00 0.000000e+00
2.856590e-01 -2.295040e-02 0.000000e+00
2.900680e-01 -4.590080e-02 0.000000e+00
2.968750e-01 -3.469450e-18 0.000000e+00
3.012840e-01 -2.295040e-02 0.000000e+00
3.125000e-01 0.000000e+00 0.000000e+00
1.250000e-01 0.000000e+00 0.000000e+00
1.171880e-01 1.773570e-02 0.000000e+00
1.093750e-01 3.547150e-02 0.000000e+00
1.015630e-01 5.320720e-02 0.000000e+00
9.375000e-02 7.094290e-02 0.000000e+00
1.093750e-01 0.000000e+00 0.000000e+00
1.015630e-01 1.773570e-02 0.000000e+00
9.375000e-02 3.547150e-02 0.000000e+00
8.593750e-02 5.320720e-02 0.000000e+00
9.375000e-02 0.000000e+00 0.000000e+00
8.593750e-02 1.773570e-02 0.000000e+00
7.812500e-02 3.547150e-02 0.000000e+00
7.812500e-02 0.000000e+00 0.000000e+00
7.031250e-02 1.773570e-02 0.000000e+00
6.250000e-02 0.000000e+00 0.000000e+00
1.250000e-01 0.000000e+00 0.000000e+00
1.562500e-01 -3.469450e-18 0.000000e+00
1.875000e-01 0.000000e+00 0.000000e+00
2.187500e-01 0.000000e+00 0.000000e+00
2.500000e-01 0.000000e+00 0.000000e+00
1.358050e-01 1.534790e-02 0.000000e+00
1.670550e-01 1.534790e-02 0.000000e+00
1.983050e-01 1.534790e-02 0.000000e+00
2.295550e-01 1.534790e-02 0.000000e+00
1.466090e-01 3.069580e-02 0.000000e+00
1.778590e-01 3.069580e-02 0.000000e+00
2.091090e-01 3.069580e-02 0.000000e+00
1.574140e-01 4.604370e-02 0.000000e+00
1.886640e-01 4.604370e-02 0.000000e+00
1.682180e-01 6.139160e-02 0.000000e+00
1.875000e-01 -4.366760e-02 0.000000e+00
2.031250e-01 -3.275070e-02 0.000000e+00
2.187500e-01 -2.183380e-02 0.000000e+00
2.343750e-01 -1.091690e-02 0.000000e+00
2.500000e-01 0.000000e+00 0.000000e+00
1.718750e-01 -3.275070e-02 0.000000e+00
1.875000e-01 -2.183380e-02 0.000000e+00
2.031250e-01 -1.091690e-02 0.000000e+00
2.187500e-01 0.000000e+00 0.000000e+00
1.562500e-01 -2.183380e-02 0.000000e+00
1.718750e-01 -1.091690e-02 0.000000e+00
1.875000e-01 0.000000e+00 0.000000e+00
1.406250e-01 -1.091690e-02 0.000000e+00
1.562500e-01 0.000000e+00 0.000000e+00
1.250000e-01 0.000000e+00 0.000000e+00
3.437500e-01 -7.213610e-02 0.000000e+00
3.515630e-01 -5.410210e-02 0.000000e+00
3.593750e-01 -3.606810e-02 0.000000e+00
3.671880e-01 -1.803400e-02 0.000000e+00
3.750000e-01 0.000000e+00 0.000000e+00
3.359380e-01 -5.410210e-02 0.000000e+00
3.437500e-01 -3.606810e-02 0.000000e+00
3.515630e-01 -1.803400e-02 0.000000e+00
3.593750e-01 0.000000e+00 0.000000e+00
3.281250e-01 -3.606810e-02 0.000000e+00
3.359380e-01 -1.803400e-02 0.000000e+00
3.437500e-01 0.000000e+00 0.000000e+00
3.203130e-01 -1.803400e-02 0.000000e+00
3.281250e-01 0.000000e+00 0.000000e+00
3.125000e-01 0.000000e+00 0.000000e+00
3.125000e-01 0.000000e+00 0.000000e+00
3.281250e-01 -1.734720e-18 0.000000e+00
3.437500e-01 0.000000e+00 0.000000e+00
3.593750e-01 0.000000e+00 0.000000e+00
3.750000e-01 0.000000e+00 0.000000e+00
3.203130e-01 1.367440e-02 0.000000e+00
3.359380e-01 1.367440e-02 0.000000e+00
3.515630e-01 1.367440e-02 0.000000e+00
3.671880e-01 1.367440e-02 0.000000e+00
3.281250e-01 2.734880e-02 0.000000e+00
3.437500e-01 2.734880e-02 0.000000e+00
3.593750e-01 2.734880e-02 0.000000e+00
3.359380e-01 4.102330e-02 0.000000e+00
3.515630e-01 4.102330e-02 0.000000e+00
3.437500e-01 5.469770e-02 0.000000e+00
5.000000e-01 0.000000e+00 0.000000e+00
4.843750e-01 1.799580e-02 0.000000e+00
4.687500e-01 3.599170e-02 0.000000e+00
4.531250e-01 5.398750e-02 0.000000e+00
4.375000e-01 7.198340e-02 0.000000e+00
4.687500e-01 0.000000e+00 0.000000e+00
4.531250e-01 1.799580e-02 0.000000e+00
4.375000e-01 3.599170e-02 0.000000e+00
4.218750e-01 5.398750e-02 0.000000e+00
4.375000e-01 0.000000e+00 0.000000e+00
4.218750e-01 1.799580e-02 0.000000e+00
4.062500e-01 3.599170e-02 0.000000e+00
4.062500e-01 0.000000e+00 0.000000e+00
3.906250e-01 1.799580e-02 0.000000e+00
3.750000e-01 0.000000e+00 0.000000e+00
5.000000e-01 0.000000e+00 0.000000e+00
4.687500e-01 3.469450e-18 0.000000e+00
4.375000e-01 0.000000e+00 0.000000e+00
4.062500e-01 0.000000e+00 0.000000e+00
3.750000e-01 0.000000e+00 0.000000e+00
4.843750e-01 -1.747810e-02 0.000000e+00
4.531250e-01 -1.747810e-02 0.000000e+00
4.218750e-01 -1.747810e-02 0.000000e+00
3.906250e-01 -1.747810e-02 0.000000e+00
4.687500e-01 -3.495620e-02 0.000000e+00
4.375000e-01 -3.495620e-02 0.000000e+00
4.062500e-01 -3.495620e-02 0.000000e+00
4.531250e-01 -5.243440e-02 0.000000e+00
4.218750e-01 -5.243440e-02 0.000000e+00
4.375000e-01 -6.991250e-02 0.000000e+00
</DataArray>
</Points>
<Cells>
<DataArray type="Int32" Name="connectivity" format="ascii">
0 1 5 
1 6 5 
1 2 6 
2 7 6 
2 3 7 
3 8 7 
3 4 8 
5 6 9 
6 10 9 
6 7 10 
7 11 10 
7 8 11 
9 10 12 
10 13 12 
10 11 13 
12 13 14 
15 16 20 
16 21 20 
16 17 21 
17 22 21 
17 18 22 
18 23 22 
18 19 23 
20 21 24 
21 25 24 
21 22 25 
22 26 25 
22 23 26 
24 25 27 
25 28 27 
25 26 28 
27 28 29 
30 31 35 
31 36 35 
31 32 36 
32 37 36 
32 33 37 
33 38 37 
33 34 38 
35 36 39 
36 40 39 
36 37 40 
37 41 40 
37 38 41 
39 40 42 
40 43 42 
40 41 43 
42 43 44 
45 46 50 
46 51 50 
46 47 51 
47 52 51 
47 48 52 
48 53 52 
48 49 53 
50 51 54 
51 55 54 
51 52 55 
52 56 55 
52 53 56 
54 55 57 
55 58 57 
55 56 58 
57 58 59 
60 61 65 
61 66 65 
61 62 66 
62 67 66 
62 63 67 
63 68 67 
63 64 68 
65 66 69 
66 70 69 
66 67 70 
67 71 70 
67 68 71 
69 70 72 
70 73 72 
70 71 73 
72 73 74 
75 76 80 
76 81 80 
76 77 81 
77 82 81 
77 78 82 
78 83 82 
78 79 83 
80 81 84 
81 85 84 
81 82 85 
82 86 85 
82 83 86 
84 85 87 
85 88 87 
85 86 88 
87 88 89 
90 91 95 
91 96 95 
91 92 96 
92 97 96 
92 93 97 
93 98 97 
93 94 98 
95 96 99 
96 100 99 
96 97 100 
97 101 100 
97 98 101 
99 100 102 
100 103 102 
100 101 103 
102 103 104 
105 106 110 
106 111 110 
106 107 111 
107 112 111 
107 108 112 
108 113 112 
108 109 113 
110 111 114 
111 115 114 
111 112 115 
112 116 115 
112 113 116 
114 115 117 
115 118 117 
115 116 118 
117 118 119 
120 121 125 
121 126 125 
121 122 126 
122 127 126 
122 123 127 
123 128 127 
123 124 128 
125 126 129 
126 130 129 
126 127 130 
127 131 130 
127 128 131 
129 130 132 
130 133 132 
130 131 133 
132 133 134 
135 136 140 
136 141 140 
136 137 141 
137 142 141 
137 138 142 
138 143 142 
138 139 143 
140 141 144 
141 145 144 
141 142 145 
142 146 145 
142 143 146 
144 145 147 
145 148 147 
145 146 148 
147 148 149 
150 151 155 
151 156 155 
151 152 156 
152 157 156 
152 153 157 
153 158 157 
153 154 158 
155 156 159 
156 160 159 
156 157 160 
157 161 160 
157 158 161 
159 160 162 
160 163 162 
160 161 163 
162 163 164 
165 166 170 
166 171 170 
166 167 171 
167 172 171 
167 168 172 
168 173 172 
168 169 173 
170 171 174 
171 175 174 
171 172 175 
172 176 175 
172 173 176 
174 175 177 
175 178 177 
175 176 178 
177 178 179 
180 181 185 
181 186 185 
181 182 186 
182 187 186 
182 183 187 
183 188 187 
183 184 188 
185 186 189 
186 190 189 
186 187 190 
187 191 190 
187 188 191 
189 190 192 
190 193 192 
190 191 193 
192 193 194 
195 196 200 
196 201 200 
196 197 201 
197 202 201 
197 198 202 
198 203 202 
198 199 203 
200 201 204 
201 205 204 
201 202 205 
202 206 205 
202 203 206 
204 205 207 
205 208 207 
205 206 208 
207 208 209 
210 211 215 
211 216 215 
211 212 216 
212 217 216 
212 213 217 
213 218 217 
213 214 218 
215 216 219 
216 220 219 
216 217 220 
217 221 220 
217 218 221 
219 220 222 
220 223 222 
220 221 223 
222 223 224 
225 226 230 
226 231 230 
226 227 231 
227 232 231 
227 228 232 
228 233 232 
228 229 233 
230 231 234 
231 235 234 
231 232 235 
232 236 235 
232 233 236 
234 235 237 
235 238 237 
235 236 238 
237 238 239 
240 241 245 
241 246 245 
241 242 246 
242 247 246 
242 243 247 
243 248 247 
243 244 248 
245 246 249 
246 250 249 
246 247 250 
247 251 250 
247 248 251 
249 250 252 
250 253 252 
250 251 253 
252 253 254 
255 256 260 
256 261 260 
256 257 261 
257 262 261 
257 258 262 
258 263 262 
258 259 263 
260 261 264 
261 265 264 
261 262 265 
262 266 265 
262 263 266 
264 265 267 
265 268 267 
265 266 268 
267 268 269 
270 271 275 
271 276 275 
271 272 276 
272 277 276 
272 273 277 
273 278 277 
273 274 278 
275 276 279 
276 280 279 
276 277 280 
277 281 280 
277 278 281 
279 280 282 
280 283 282 
280 281 283 
282 283 284 
285 286 290 
286 291 290 
286 287 291 
287 292 291 
287 288 292 
288 293 292 
288 289 293 
290 291 294 
291 295 294 
291 292 295 
292 296 295 
292 293 296 
294 295 297 
295 298 297 
295 296 298 
297 298 299 
300 301 305 
301 306 305 
301 302 306 
302 307 306 
302 303 307 
303 308 307 
303 304 308 
305 306 309 
306 310 309 
306 307 310 
307 311 310 
307 308 311 
309 310 312 
310 313 312 
310 311 313 
312 313 314 
315 316 320 
316 321 320 
316 317 321 
317 322 321 
317 318 322 
318 323 322 
318 319 323 
320 321 324 
321 325 324 
321 322 325 
322 326 325 
322 323 326 
324 325 327 
325 328 327 
325 326 328 
327 328 329 
330 331 335 
331 336 335 
331 332 336 
332 337 336 
332 333 337 
333 338 337 
333 334 338 
335 336 339 
336 340 339 
336 337 340 
337 341 340 
337 338 341 
339 340 342 
340 343 342 
340 341 343 
342 343 344 
345 346 350 
346 351 350 
346 347 351 
347 352 351 
347 348 352 
348 353 352 
348 349 353 
350 351 354 
351 355 354 
351 352 355 
352 356 355 
352 353 356 
354 355 357 
355 358 357 
355 356 358 
357 358 359 
360 361 365 
361 366 365 
361 362 366 
362 367 366 
362 363 367 
363 368 367 
363 364 368 
365 366 369 
366 370 369 
366 367 370 
367 371 370 
367 368 371 
369 370 372 
370 373 372 
370 371 373 
372 373 374 
375 376 380 
376 381 380 
376 377 381 
377 382 381 
377 378 382 
378 383 382 
378 379 383 
380 381 384 
381 385 384 
381 382 385 
382 386 385 
382 383 386 
384 385 387 
385 388 387 
385 386 388 
387 388 389 
390 391 395 
391 396 395 
391 392 396 
392 397 396 
392 393 397 
393 398 397 
393 394 398 
395 396 399 
396 400 399 
396 397 400 
397 401 400 
397 398 401 
399 400 402 
400 403 402 
400 401 403 
402 403 404 
405 406 410 
406 411 410 
406 407 411 
407 412 411 
407 408 412 
408 413 412 
408 409 413 
410 411 414 
411 415 414 
411 412 415 
412 416 415 
412 413 416 
414 415 417 
415 418 417 
415 416 418 
417 418 419 
420 421 425 
421 426 425 
421 422 426 
422 427 426 
422 423 427 
423 428 427 
423 424 428 
425 426 429 
426 430 429 
426 427 430 
427 431 430 
427 428 431 
429 430 432 
430 433 432 
430 431 433 
432 433 434 
435 436 440 
436 441 440 
436 437 441 
437 442 441 
437 438 442 
438 443 442 
438 439 443 
440 441 444 
441 445 444 
441 442 445 
442 446 445 
442 443 446 
444 445 447 
445 448 447 
445 446 448 
447 448 449 
450 451 455 
451 456 455 
451 452 456 
452 457 456 
452 453 457 
453 458 457 
453 454 458 
455 456 459 
456 460 459 
456 457 460 
457 461 460 
457 458 461 
459 460 462 
460 463 462 
460 461 463 
462 463 464 
465 466 470 
466 471 470 
466 467 471 
467 472 471 
467 468 472 
468 473 472 
468 469 473 
470 471 474 
471 475 474 
471 472 475 
472 476 475 
472 473 476 
474 475 477 
475 478 477 
475 476 478 
477 478 479 
480 481 485 
481 486 485 
481 482 486 
482 487 486 
482 483 487 
483 488 487 
483 484 488 
485 486 489 
486 490 489 
486 487 490 
487 491 490 
487 488 491 
489 490 492 
490 493 492 
490 491 493 
492 493 494 
495 496 500 
496 501 500 
496 497 501 
497 502 501 
497 498 502 
498 503 502 
498 499 503 
500 501 504 
501 505 504 
501 502 505 
502 506 505 
502 503 506 
504 505 507 
505 508 507 
505 506 508 
507 508 509 
510 511 515 
511 516 515 
511 512 516 
512 517 516 
512 513 517 
513 518 517 
513 514 518 
515 516 519 
516 520 519 
516 517 520 
517 521 520 
517 518 521 
519 520 522 
520 523 522 
520 521 523 
522 523 524 
525 526 530 
526 531 530 
526 527 531 
527 532 531 
527 528 532 
528 533 532 
528 529 533 
530 531 534 
531 535 534 
531 532 535 
532 536 535 
532 533 536 
534 535 537 
535 538 537 
535 536 538 
537 538 539 
540 541 545 
541 546 545 
541 542 546 
542 547 546 
542 543 547 
543 548 547 
543 544 548 
545 546 549 
546 550 549 
546 547 550 
547 551 550 
547 548 551 
549 550 552 
550 553 552 
550 551 553 
552 553 554 
555 556 560 
556 561 560 
556 557 561 
557 562 561 
557 558 562 
558 563 562 
558 559 563 
560 561 564 
561 565 564 
561 562 565 
562 566 565 
562 563 566 
564 565 567 
565 568 567 
565 566 568 
567 568 569 
570 571 575 
571 576 575 
571 572 576 
572 577 576 
572 573 577 
573 578 577 
573 574 578 
575 576 579 
576 580 579 
576 577 580 
577 581 580 
577 578 581 
579 580 582 
580 583 582 
580 581 583 
582 583 584 
585 586 590 
586 591 590 
586 587 591 
587 592 591 
587 588 592 
588 593 592 
588 589 593 
590 591 594 
591 595 594 
591 592 595 
592 596 595 
592 593 596 
594 595 597 
595 598 597 
595 596 598 
597 598 599 
600 601 605 
601 606 605 
601 602 606 
602 607 606 
602 603 607 
603 608 607 
603 604 608 
605 606 609 
606 610 609 
606 607 610 
607 611 610 
607 608 611 
609 610 612 
610 613 612 
610 611 613 
612 613 614 
615 616 620 
616 621 620 
616 617 621 
617 622 621 
617 618 622 
618 623 622 
618 619 623 
620 621 624 
621 625 624 
621 622 625 
622 626 625 
622 623 626 
624 625 627 
625 628 627 
625 626 628 
627 628 629 
630 631 635 
631 636 635 
631 632 636 
632 637 636 
632 633 637 
633 638 637 
633 634 638 
635 636 639 
636 640 639 
636 637 640 
637 641 640 
637 638 641 
639 640 642 
640 643 642 
640 641 643 
642 643 644 
645 646 650 
646 651 650 
646 647 651 
647 652 651 
647 648 652 
648 653 652 
648 649 653 
650 651 654 
651 655 654 
651 652 655 
652 656 655 
652 653 656 
654 655 657 
655 658 657 
655 656 658 
657 658 659 
660 661 665 
661 666 665 
661 662 666 
662 667 666 
662 663 667 
663 668 667 
663 664 668 
665 666 669 
666 670 669 
666 667 670 
667 671 670 
667 668 671 
669 670 672 
670 673 672 
670 671 673 
672 673 674 
675 676 680 
676 681 680 
676 677 681 
677 682 681 
677 678 682 
678 683 682 
678 679 683 
680 681 684 
681 685 684 
681 682 685 
682 686 685 
682 683 686 
684 685 687 
685 688 687 
685 686 688 
687 688 689 
690 691 695 
691 696 695 
691 692 696 
692 697 696 
692 693 697 
693 698 697 
693 694 698 
695 696 699 
696 700 699 
696 697 700 
697 701 700 
697 698 701 
699 700 702 
700 703 702 
700 701 703 
702 703 704 
705 706 710 
706 711 710 
706 707 711 
707 712 711 
707 708 712 
708 713 712 
708 709 713 
710 711 714 
711 715 714 
711 712 715 
712 716 715 
712 713 716 
714 715 717 
715 718 717 
715 716 718 
717 718 719 
720 721 725 
721 726 725 
721 722 726 
722 727 726 
722 723 727 
723 728 727 
723 724 728 
725 726 729 
726 730 729 
726 727 730 
727 731 730 
727 728 731 
729 730 732 
730 733 732 
730 731 733 
732 733 734 
735 736 740 
736 741 740 
736 737 741 
737 742 741 
737 738 742 
738 743 742 
738 739 743 
740 741 744 
741 745 744 
741 742 745 
742 746 745 
742 743 746 
744 745 747 
745 748 747 
745 746 748 
747 748 749 
750 751 755 
751 756 755 
751 752 756 
752 757 756 
752 753 757 
753 758 757 
753 754 758 
755 756 759 
756 760 759 
756 757 760 
757 761 760 
757 758 761 
759 760 762 
760 763 762 
760 761 763 
762 763 764 
765 766 770 
766 771 770 
766 767 771 
767 772 771 
767 768 772 
768 773 772 
768 769 773 
770 771 774 
771 775 774 
771 772 775 
772 776 775 
772 773 776 
774 775 777 
775 778 777 
775 776 778 
777 778 779 
780 781 785 
781 786 785 
781 782 786 
782 787 786 
782 783 787 
783 788 787 
783 784 788 
785 786 789 
786 790 789 
786 787 790 
787 791 790 
787 788 791 
789 790 792 
790 793 792 
790 791 793 
792 793 794 
795 796 800 
796 801 800 
796 797 801 
797 802 801 
797 798 802 
798 803 802 
798 799 803 
800 801 804 
801 805 804 
801 802 805 
802 806 805 
802 803 806 
804 805 807 
805 808 807 
805 806 808 
807 808 809 
810 811 815 
811 816 815 
811 812 816 
812 817 816 
812 813 817 
813 818 817 
813 814 818 
815 816 819 
816 820 819 
816 817 820 
817 821 820 
817 818 821 
819 820 822 
820 823 822 
820 821 823 
822 823 824 
825 826 830 
826 831 830 
826 827 831 
827 832 831 
827 828 832 
828 833 832 
828 829 833 
830 831 834 
831 835 834 
831 832 835 
832 836 835 
832 833 836 
834 835 837 
835 838 837 
835 836 838 
837 838 839 
840 841 845 
841 846 845 
841 842 846 
842 847 846 
842 843 847 
843 848 847 
843 844 848 
845 846 849 
846 850 849 
846 847 850 
847 851 850 
847 848 851 
849 850 852 
850 853 852 
850 851 853 
852 853 854 
855 856 860 
856 861 860 
856 857 861 
857 862 861 
857 858 862 
858 863 862 
858 859 863 
860 861 864 
861 865 864 
861 862 865 
862 866 865 
862 863 866 
864 865 867 
865 868 867 
865 866 868 
867 868 869 
870 871 875 
871 876 875 
871 872 876 
872 877 876 
872 873 877 
873 878 877 
873 874 878 
875 876 879 
876 880 879 
876 877 880 
877 881 880 
877 878 881 
879 880 882 
880 883 882 
880 881 883 
882 883 884 
885 886 890 
886 891 890 
886 887 891 
887 892 891 
887 888 892 
888 893 892 
888 889 893 
890 891 894 
891 895 894 
891 892 895 
892 896 895 
892 893 896 
894 895 897 
895 898 897 
895 896 898 
897 898 899 
900 901 905 
901 906 905 
901 902 906 
902 907 906 
902 903 907 
903 908 907 
903 904 908 
905 906 909 
906 910 909 
906 907 910 
907 911 910 
907 908 911 
909 910 912 
910 913 912 
910 911 913 
912 913 914 
915 916 920 
916 921 920 
916 917 921 
917 922 921 
917 918 922 
918 923 922 
918 919 923 
920 921 924 
921 925 924 
921 922 925 
922 926 925 
922 923 926 
924 925 927 
925 928 927 
925 926 928 
927 928 929 
930 931 935 
931 936 935 
931 932 936 
932 937 936 
932 933 937 
933 938 937 
933 934 938 
935 936 939 
936 940 939 
936 937 940 
937 941 940 
937 938 941 
939 940 942 
940 943 942 
940 941 943 
942 943 944 
945 946 950 
946 951 950 
946 947 951 
947 952 951 
947 948 952 
948 953 952 
948 949 953 
950 951 954 
951 955 954 
951 952 955 
952 956 955 
952 953 956 
954 955 957 
955 958 957 
955 956 958 
957 958 959 
960 961 965 
961 966 965 
961 962 966 
962 967 966 
962 963 967 
963 968 967 
963 964 968 
965 966 969 
966 970 969 
966 967 970 
967 971 970 
967 968 971 
969 970 972 
970 973 972 
970 971 973 
972 973 974 
975 976 980 
976 981 980 
976 977 981 
977 982 981 
977 978 982 
978 983 982 
978 979 983 
980 981 984 
981 985 984 
981 982 985 
982 986 985 
982 983 986 
984 985 987 
985 988 987 
985 986 988 
987 988 989 
990 991 995 
991 996 995 
991 992 996 
992 997 996 
992 993 997 
993 998 997 
993 994 998 
995 996 999 
996 1000 999 
996 997 1000 
997 1001 1000 
997 998 1001 
999 1000 1002 
1000 1003 1002 
1000 1001 1003 
1002 1003 1004 
1005 1006 1010 
1006 1011 1010 
1006 1007 1011 
1007 1012 1011 
1007 1008 1012 
1008 1013 1012 
1008 1009 1013 
1010 1011 1014 
1011 1015 1014 
1011 1012 1015 
1012 1016 1015 
1012 1013 1016 
1014 1015 1017 
1015 1018 1017 
1015 1016 1018 
1017 1018 1019 
1020 1021 1025 
1021 1026 1025 
1021 1022 1026 
1022 1027 1026 
1022 1023 1027 
1023 1028 1027 
1023 1024 1028 
1025 1026 1029 
1026 1030 1029 
1026 1027 1030 
1027 1031 1030 
1027 1028 1031 
1029 1030 1032 
1030 1033 1032 
1030 1031 1033 
1032 1033 1034 
1035 1036 1040 
1036 1041 1040 
1036 1037 1041 
1037 1042 1041 
1037 1038 1042 
1038 1043 1042 
1038 1039 1043 
1040 1041 1044 
1041 1045 1044 
1041 1042 1045 
1042 1046 1045 
1042 1043 1046 
1044 1045 1047 
1045 1048 1047 
1045 1046 1048 
1047 1048 1049 
1050 1051 1055 
1051 1056 1055 
1051 1052 1056 
1052 1057 1056 
1052 1053 1057 
1053 1058 1057 
1053 1054 1058 
1055 1056 1059 
1056 1060 1059 
1056 1057 1060 
1057 1061 1060 
1057 1058 1061 
1059 1060 1062 
1060 1063 1062 
1060 1061 1063 
1062 1063 1064 
1065 1066 1070 
1066 1071 1070 
1066 1067 1071 
1067 1072 1071 
1067 1068 1072 
1068 1073 1072 
1068 1069 1073 
1070 1071 1074 
1071 1075 1074 
1071 1072 1075 
1072 1076 1075 
1072 1073 1076 
1074 1075 1077 
1075 1078 1077 
1075 1076 1078 
1077 1078 1079 
1080 1081 1085 
1081 1086 1085 
1081 1082 1086 
1082 1087 1086 
1082 1083 1087 
1083 1088 1087 
1083 1084 1088 
1085 1086 1089 
1086 1090 1089 
1086 1087 1090 
1087 1091 1090 
1087 1088 1091 
1089 1090 1092 
1090 1093 1092 
1090 1091 1093 
1092 1093 1094 
1095 1096 1100 
1096 1101 1100 
1096 1097 1101 
1097 1102 1101 
1097 1098 1102 
1098 1103 1102 
1098 1099 1103 
1100 1101 1104 
1101 1105 1104 
1101 1102 1105 
1102 1106 1105 
1102 1103 1106 
1104 1105 1107 
1105 1108 1107 
1105 1106 1108 
1107 1108 1109 
1110 1111 1115 
1111 1116 1115 
1111 1112 1116 
1112 1117 1116 
1112 1113 1117 
1113 1118 1117 
1113 1114 1118 
1115 1116 1119 
1116 1120 1119 
1116 1117 1120 
1117 1121 1120 
1117 1118 1121 
1119 1120 1122 
1120 1123 1122 
1120 1121 1123 
1122 1123 1124 
1125 1126 1130 
1126 1131 1130 
1126 1127 1131 
1127 1132 1131 
1127 1128 1132 
1128 1133 1132 
1128 1129 1133 
1130 1131 1134 
1131 1135 1134 
1131 1132 1135 
1132 1136 1135 
1132 1133 1136 
1134 1135 1137 
1135 1138 1137 
1135 1136 1138 
1137 1138 1139 
1140 1141 1145 
1141 1146 1145 
1141 1142 1146 
1142 1147 1146 
1142 1143 1147 
1143 1148 1147 
1143 1144 1148 
1145 1146 1149 
1146 1150 1149 
1146 1147 1150 
1147 1151 1150 
1147 1148 1151 
1149 1150 1152 
1150 1153 1152 
1150 1151 1153 
1152 1153 1154 
1155 1156 1160 
1156 1161 1160 
1156 1157 1161 
1157 1162 1161 
1157 1158 1162 
1158 1163 1162 
1158 1159 1163 
1160 1161 1164 
1161 1165 1164 
1161 1162 1165 
1162 1166 1165 
1162 1163 1166 
1164 1165 1167 
1165 1168 1167 
1165 1166 1168 
1167 1168 1169 
1170 1171 1175 
1171 1176 1175 
1171 1172 1176 
1172 1177 1176 
1172 1173 1177 
1173 1178 1177 
1173 1174 1178 
1175 1176 1179 
1176 1180 1179 
1176 1177 1180 
1177 1181 1180 
1177 1178 1181 
1179 1180 1182 
1180 1183 1182 
1180 1181 1183 
1182 1183 1184 
1185 1186 1190 
1186 1191 1190 
1186 1187 1191 
1187 1192 1191 
1187 1188 1192 
1188 1193 1192 
1188 1189 1193 
1190 1191 1194 
1191 1195 1194 
1191 1192 1195 
1192 1196 1195 
1192 1193 1196 
1194 1195 1197 
1195 1198 1197 
1195 1196 1198 
1197 1198 1199 
1200 1201 1205 
1201 1206 1205 
1201 1202 1206 
1202 1207 1206 
1202 1203 1207 
1203 1208 1207 
1203 1204 1208 
1205 1206 1209 
1206 1210 1209 
1206 1207 1210 
1207 1211 1210 
1207 1208 1211 
1209 1210 1212 
1210 1213 1212 
1210 1211 1213 
1212 1213 1214 
1215 1216 1220 
1216 1221 1220 
1216 1217 1221 
1217 1222 1221 
1217 1218 1222 
1218 1223 1222 
1218 1219 1223 
1220 1221 1224 
1221 1225 1224 
1221 1222 1225 
1222 1226 1225 
1222 1223 1226 
1224 1225 1227 
1225 1228 1227 
1225 1226 1228 
1227 1228 1229 
1230 1231 1235 
1231 1236 1235 
1231 1232 1236 
1232 1237 1236 
1232 1233 1237 
1233 1238 1237 
1233 1234 1238 
1235 1236 1239 
1236 1240 1239 
1236 1237 1240 
1237 1241 1240 
1237 1238 1241 
1239 1240 1242 
1240 1243 1242 
1240 1241 1243 
1242 1243 1244 
1245 1246 1250 
1246 1251 1250 
1246 1247 1251 
1247 1252 1251 
1247 1248 1252 
1248 1253 1252 
1248 1249 1253 
1250 1251 1254 
1251 1255 1254 
1251 1252 1255 
1252 1256 1255 
1252 1253 1256 
1254 1255 1257 
1255 1258 1257 
1255 1256 1258 
1257 1258 1259 
1260 1261 1265 
1261 1266 1265 
1261 1262 1266 
1262 1267 1266 
1262 1263 1267 
1263 1268 1267 
1263 1264 1268 
1265 1266 1269 
1266 1270 1269 
1266 1267 1270 
1267 1271 1270 
1267 1268 1271 
1269 1270 1272 
1270 1273 1272 
1270 1271 1273 
1272 1273 1274 
1275 1276 1280 
1276 1281 1280 
1276 1277 1281 
1277 1282 1281 
1277 1278 1282 
1278 1283 1282 
1278 1279 1283 
1280 1281 1284 
1281 1285 1284 
1281 1282 1285 
1282 1286 1285 
1282 1283 1286 
1284 1285 1287 
1285 1288 1287 
1285 1286 1288 
1287 1288 1289 
1290 1291 1295 
1291 1296 1295 
1291 1292 1296 
1292 1297 1296 
1292 1293 1297 
1293 1298 1297 
1293 1294 1298 
1295 1296 1299 
1296 1300 1299 
1296 1297 1300 
1297 1301 1300 
1297 1298 1301 
1299 1300 1302 
1300 1303 1302 
1300 1301 1303 
1302 1303 1304 
1305 1306 1310 
1306 1311 1310 
1306 1307 1311 
1307 1312 1311 
1307 1308 1312 
1308 1313 1312 
1308 1309 1313 
1310 1311 1314 
1311 1315 1314 
1311 1312 1315 
1312 1316 1315 
1312 1313 1316 
1314 1315 1317 
1315 1318 1317 
1315 1316 1318 
1317 1318 1319 
</DataArray>
<DataArray type="Int32" Name="offsets" format="ascii">
3
6
9
12
15
18
21
24
27
30
33
36
39
42
45
48
51
54
57
60
63
66
69
72
75
78
81
84
87
90
93
96
99
102
105
108
111
114
117
120
123
126
129
132
135
138
141
144
147
150
153
156
159
162
165
168
171
174
177
180
183
186
189
192
195
198
201
204
207
210
213
216
219
222
225
228
231
234
237
240
243
246
249
252
255
258
261
264
267
270
273
276
279
282
285
288
291
294
297
300
303
306
309
312
315
318
321
324
327
330
333
336
339
342
345
348
351
354
357
360
363
366
369
372
375
378
381
384
387
390
393
396
399
402
405
408
411
414
417
420
423
426
429
432
435
438
441
444
447
450
453
456
459
462
465
468
471
474
477
480
483
486
489
492
495
498
501
504
507
510
513
516
519
522
525
528
531
534
537
540
543
546
549
552
555
558
561
564
567
570
573
576
579
582
585
588
591
594
597
600
603
606
609
612
615
618
621
624
627
630
633
636
639
642
645
648
651
654
657
660
663
666
669
672
675
678
681
684
687
690
693
696
699
702
705
708
711
714
717
720
723
726
729
732
735
738
741
744
747
750
753
756
759
762
765
768
771
774
777
780
783
786
789
792
795
798
801
804
807
810
813
816
819
822
825
828
831
834
837
840
843
846
849
852
855
858
861
864
867
870
873
876
879
882
885
888
891
894
897
900
903
906
909
912
915
918
921
924
927
930
933
936
939
942
945
948
951
954
957
960
963
966
969
972
975
978
981
984
987
990
993
996
999
1002
1005
1008
1011
1014
1017
1020
1023
1026
1029
1032
1035
1038
1041
1044
1047
1050
1053
1056
1059
1062
1065
1068
1071
1074
1077
1080
1083
1086
1089
1092
1095
1098
1101
1104
1107
1110
1113
1116
1119
1122
1125
1128
1131
1134
1137
1140
1143
1146
1149
1152
1155
1158
1161
1164
1167
1170
1173
1176
1179
1182
1185
1188
1191
1194
1197
1200
1203
1206
1209
1212
1215
1218
1221
1224
1227
1230
1233
1236
1239
1242
1245
1248
1251
1254
1257
1260
1263
1266
1269
1272
1275
1278
1281
1284
1287
1290
1293
1296
1299
1302
1305
1308
1311
1314
1317
1320
1323
1326
1329
1332
1335
1338
1341
1344
1347
1350
1353
1356
1359
1362
1365
1368
1371
1374
1377
1380
1383
1386
1389
1392
1395
1398
1401
1404
1407
1410
1413
1416
1419
1422
1425
1428
1431
1434
1437
1440
1443
1446
1449
1452
1455
1458
1461
1464
1467
1470
1473
1476
1479
1482
1485
1488
1491
1494
1497
1500
1503
1506
1509
1512
1515
1518
1521
1524
1527
1530
1533
1536
1539
1542
1545
1548
1551
1554
1557
1560
1563
1566
1569
1572
1575
1578
1581
1584
1587
1590
1593
1596
1599
1602
1605
1608
1611
1614
1617
1620
1623
1626
1629
1632
1635
1638
1641
1644
1647
1650
1653
1656
1659
1662
1665
1668
1671
1674
1677
1680
1683
1686
1689
1692
1695
1698
1701
1704
1707
1710
1713
1716
1719
1722
1725
1728
1731
1734
1737
1740
1743
1746
1749
1752
1755
1758
1761
1764
1767
1770
1773
1776
1779
1782
1785
1788
1791
1794
1797
1800
1803
1806
1809
1812
1815
1818
1821
1824
1827
1830
1833
1836
1839
1842
1845
1848
1851
1854
1857
1860
1863
1866
1869
1872
1875
1878
1881
1884
1887
1890
1893
1896
1899
1902
1905
1908
1911
1914
1917
1920
1923
1926
1929
1932
1935
1938
1941
1944
1947
1950
1953
1956
1959
1962
1965
1968
1971
1974
1977
1980
1983
1986
1989
1992
1995
1998
2001
2004
2007
2010
2013
2016
2019
2022
2025
2028
2031
2034
2037
2040
2043
2046
2049
2052
2055
2058
2061
2064
2067
2070
2073
2076
2079
2082
2085
2088
2091
2094
2097
2100
2103
2106
2109
2112
2115
2118
2121
2124
2127
2130
2133
2136
2139
2142
2145
2148
2151
2154
2157
2160
2163
2166
2169
2172
2175
2178
2181
2184
2187
2190
2193
2196
2199
2202
2205
2208
2211
2214
2217
2220
2223
2226
2229
2232
2235
2238
2241
2244
2247
2250
2253
2256
2259
2262
2265
2268
2271
2274
2277
2280
2283
2286
2289
2292
2295
2298
2301
2304
2307
2310
2313
2316
2319
2322
2325
2328
2331
2334
2337
2340
2343
2346
2349
2352
2355
2358
2361
2364
2367
2370
2373
2376
2379
2382
2385
2388
2391
2394
2397
2400
2403
2406
2409
2412
2415
2418
2421
2424
2427
2430
2433
2436
2439
2442
2445
2448
2451
2454
2457
2460
2463
2466
2469
2472
2475
2478
2481
2484
2487
2490
2493
2496
2499
2502
2505
2508
2511
2514
2517
2520
2523
2526
2529
2532
2535
2538
2541
2544
2547
2550
2553
2556
2559
2562
2565
2568
2571
2574
2577
2580
2583
2586
2589
2592
2595
2598
2601
2604
2607
2610
2613
2616
2619
2622
2625
2628
2631
2634
2637
2640
2643
2646
2649
2652
2655
2658
2661
2664
2667
2670
2673
2676
2679
2682
2685
2688
2691
2694
2697
2700
2703
2706
2709
2712
2715
2718
2721
2724
2727
2730
2733
2736
2739
2742
2745
2748
2751
2754
2757
2760
2763
2766
2769
2772
2775
2778
2781
2784
2787
2790
2793
2796
2799
2802
2805
2808
2811
2814
2817
2820
2823
2826
2829
2832
2835
2838
2841
2844
2847
2850
2853
2856
2859
2862
2865
2868
2871
2874
2877
2880
2883
2886
2889
2892
2895
2898
2901
2904
2907
2910
2913
2916
2919
2922
2925
2928
2931
2934
2937
2940
2943
2946
2949
2952
2955
2958
2961
2964
2967
2970
2973
2976
2979
2982
2985
2988
2991
2994
2997
3000
3003
3006
3009
3012
3015
3018
3021
3024
3027
3030
3033
3036
3039
3042
3045
3048
3051
3054
3057
3060
3063
3066
3069
3072
3075
3078
3081
3084
3087
3090
3093
3096
3099
3102
3105
3108
3111
3114
3117
3120
3123
3126
3129
3132
3135
3138
3141
3144
3147
3150
3153
3156
3159
3162
3165
3168
3171
3174
3177
3180
3183
3186
3189
3192
3195
3198
3201
3204
3207
3210
3213
3216
3219
3222
3225
3228
3231
3234
3237
3240
3243
3246
3249
3252
3255
3258
3261
3264
3267
3270
3273
3276
3279
3282
3285
3288
3291
3294
3297
3300
3303
3306
3309
3312
3315
3318
3321
3324
3327
3330
3333
3336
3339
3342
3345
3348
3351
3354
3357
3360
3363
3366
3369
3372
3375
3378
3381
3384
3387
3390
3393
3396
3399
3402
3405
3408
3411
3414
3417
3420
3423
3426
3429
3432
3435
3438
3441
3444
3447
3450
3453
3456
3459
3462
3465
3468
3471
3474
3477
3480
3483
3486
3489
3492
3495
3498
3501
3504
3507
3510
3513
3516
3519
3522
3525
3528
3531
3534
3537
3540
3543
3546
3549
3552
3555
3558
3561
3564
3567
3570
3573
3576
3579
3582
3585
3588
3591
3594
3597
3600
3603
3606
3609
3612
3615
3618
3621
3624
3627
3630
3633
3636
3639
3642
3645
3648
3651
3654
3657
3660
3663
3666
3669
3672
3675
3678
3681
3684
3687
3690
3693
3696
3699
3702
3705
3708
3711
3714
3717
3720
3723
3726
3729
3732
3735
3738
3741
3744
3747
3750
3753
3756
3759
3762
3765
3768
3771
3774
3777
3780
3783
3786
3789
3792
3795
3798
3801
3804
3807
3810
3813
3816
3819
3822
3825
3828
3831
3834
3837
3840
3843
3846
3849
3852
3855
3858
3861
3864
3867
3870
3873
3876
3879
3882
3885
3888
3891
3894
3897
3900
3903
3906
3909
3912
3915
3918
3921
3924
3927
3930
3933
3936
3939
3942
3945
3948
3951
3954
3957
3960
3963
3966
3969
3972
3975
3978
3981
3984
3987
3990
3993
3996
3999
4002
4005
4008
4011
4014
4017
4020
4023
4026
4029
4032
4035
4038
4041
4044
4047
4050
4053
4056
4059
4062
4065
4068
4071
4074
4077
4080
4083
4086
4089
4092
4095
4098
4101
4104
4107
4110
4113
4116
4119
4122
4125
4128
4131
4134
4137
4140
4143
4146
4149
4152
4155
4158
4161
4164
4167
4170
4173
4176
4179
4182
4185
4188
4191
4194
4197
4200
4203
4206
4209
4212
4215
4218
4221
4224
</DataArray>
<DataArray type="UInt8" Name="types" format="ascii">
5
5
5
5
5
5
5
5
5
5
5
5
5
5
5
5
5
5
5
5
5
5
5
5
5
5
5
5
5
5
5
5
5
5
5
5
5
5
5
5
5
5
5
5
5
5
5
5
5
5
5
5
5
5
5
5
5
5
5
5
5
5
5
5
5
5
5
5
5
5
5
5
5
5
5
5
5
5
5
5
5
5
5
5
5
5
5
5
5
5
5
5
5
5
5
5
5
5
5
5
5
5
5
5
5
5
5
5
5
5
5
5
5
5
5
5
5
5
5
5
5
5
5
5
5
5
5
5
5
5
5
5
5
5
5
5
5
5
5
5
5
5
5
5
5
5
5
5
5
5
5
5
5
5
5
5
5
5
5
5
5
5
5
5
5
5
5
5
5
5
5
5
5
5
5
5
5
5
5
5
5
5
5
5
5
5
5
5
5
5
5
5
5
5
5
5
5
5
5
5
5
5
5
5
5
5
5
5
5
5
5
5
5
5
5
5
5
5
5
5
5
5
5
5
5
5
5
5
5
5
5
5
5
5
5
5
5
5
5
5
5
5
5
5
5
5
5
5
5
5
5
5
5
5
5
5
5
5
5
5
5
5
5
5
5
5
5
5
5
5
5
5
5
5
5
5
5
5
5
5
5
5
5
5
5
5
5
5
5
5
5
5
5
5
5
5
5
5
5
5
5
5
5
5
5
5
5
5
5
5
5
5
5
5
5
5
5
5
5
5
5
5
5
5
5
5
5
5
5
5
5
5
5
5
5
5
5
5
5
5
5
5
5
5
5
5
5
5
5
5
5
5
5
5
5
5
5
5
5
5
5
5
5
5
5
5
5
5
5
5
5
5
5
5
5
5
5
5
5
5
5
5
5
5
5
5
5
5
5
5
5
5
5
5
5
5
5
5
5
5
5
5
5
5
5
5
5
5
5
5
5
5
5
5
5
5
5
5
5
5
5
5
5
5
5
5
5
5
5
5
5
5
5
5
5
5
5
5
5
5
5
5
5
5
5
5
5
5
5
5
5
5
5
5
5
5
5
5
5
5
5
5
5
5
5
5
5
5
5
5
5
5
5
5
5
5
5
5
5
5
5
5
5
5
5
5
5
5
5
5
5
5
5
5
5
5
5
5
5
5
5
5
5
5
5
5
5
5
5
5
5
5
5
5
5
5
5
5
5
5
5
5
5
5
5
5
5
5
5
5
5
5
5
5
5
5
5
5
5
5
5
5
5
5
5
5
5
5
5
5
5
5
5
5
5
5
5
5
5
5
5
5
5
5
5
5
5
5
5
5
5
5
5
5
5
5
5
5
5
5
5
5
5
5
5
5
5
5
5
5
5
5
5
5
5
5
5
5
5
5
5
5
5
5
5
5
5
5
5
5
5
5
5
5
5
5
5
5
5
5
5
5
5
5
5
5
5
5
5
5
5
5
5
5
5
5
5
5
5
5
5
5
5
5
5
5
5
5
5
5
5
5
5
5
5
5
5
5
5
5
5
5
5
5
5
5
5
5
5
5
5
5
5
5
5
5
5
5
5
5
5
5
5
5
5
5
5
5
5
5
5
5
5
5
5
5
5
5
5
5
5
5
5
5
5
5
5
5
5
5
5
5
5
5
5
5
5
5
5
5
5
5
5
5
5
5
5
5
5
5
5
5
5
5
5
5
5
5
5
5
5
5
5
5
5
5
5
5
5
5
5
5
5
5
5
5
5
5
5
5
5
5
5
5
5
5
5
5
5
5
5
5
5
5
5
5
5
5
5
5
5
5
5
5
5
5
5
5
5
5
5
5
5
5
5
5
5
5
5
5
5
5
5
5
5
5
5
5
5
5
5
5
5
5
5
5
5
5
5
5
5
5
5
5
5
5
5
5
5
5
5
5
5
5
5
5
5
5
5
5
5
5
5
5
5
5
5
5
5
5
5
5
5
5
5
5
5
5
5
5
5
5
5
5
5
5
5
5
5
5
5
5
5
5
5
5
5
5
5
5
5
5
5
5
5
5
5
5
5
5
5
5
5
5
5
5
5
5
5
5
5
5
5
5
5
5
5
5
5
5
5
5
5
5
5
5
5
5
5
5
5
5
5
5
5
5
5
5
5
5
5
5
5
5
5
5
5
5
5
5
5
5
5
5
5
5
5
5
5
5
5
5
5
5
5
5
5
5
5
5
5
5
5
5
5
5
5
5
5
5
5
5
5
5
5
5
5
5
5
5
5
5
5
5
5
5
5
5
5
5
5
5
5
5
5
5
5
5
5
5
5
5
5
5
5
5
5
5
5
5
5
5
5
5
5
5
5
5
5
5
5
5
5
5
5
5
5
5
5
5
5
5
5
5
5
5
5
5
5
5
5
5
5
5
5
5
5
5
5
5
5
5
5
5
5
5
5
5
5
5
5
5
5
5
5
5
5
5
5
5
5
5
5
5
5
5
5
5
5
5
5
5
5
5
5
5
5
5
5
5
5
5
5
5
5
5
5
5
5
5
5
5
5
5
5
5
5
5
5
5
5
5
5
5
5
5
5
5
5
5
5
5
5
5
5
5
5
5
5
5
5
5
5
5
5
5
5
5
5
5
5
5
5
5
5
5
5
5
5
5
5
5
5
5
5
5
5
5
5
5
5
5
5
5
5
5
5
5
5
5
5
5
5
5
5
5
5
5
5
5
5
5
5
5
5
5
5
5
5
5
5
5
5
5
5
5
5
5
5
5
5
5
5
5
5
5
5
5
5
5
5
5
5
5
5
5
5
5
5
5
5
5
5
5
5
5
5
5
5
5
5
5
5
5
5
5
5
5
5
5
5
5
5
5
5
5
5
5
5
5
5
5
5
5
5
5
5
5
5
5
5
5
5
5
5
5
5
5
5
5
5
5
5
5
5
5
5
5
5
5
5
5
5
5
5
5
5
5
5
5
5
5
5
5
5
5
5
5
5
5
5
5
5
5
5
5
5
5
5
5
5
5
5
5
5
5
5
5
5
5
5
5
5
5
5
5
5
5
5
5
5
5
5
5
5
5
5
5
5
5
5
5
5
5
5
5
5
5
5
5
5
5
5
5
5
5
5
5
5
5
5
5
5
5
5
5
5
5
5
5
5
5
5
5
5
5
5
5
5
5
5
5
5
5
5
5
5
5
5
5
5
5
5
5
5
5
5
5
5
5
5
5
5
5
5
5
5
5
</DataArray>
</Cells>
<PointData>
<DataArray type="Float32" Name="V1" format="ascii">
0.000000e+00
0.000000e+00
0.000000e+00
0.000000e+00
0.000000e+00
0.000000e+00
0.000000e+00
0.000000e+00
0.000000e+00
0.000000e+00
0.000000e+00
0.000000e+00
0.000000e+00
0.000000e+00
0.000000e+00
0.000000e+00
0.000000e+00
0.000000e+00
0.000000e+00
0.000000e+00
0.000000e+00
0.000000e+00
0.000000e+00
0.000000e+00
0.000000e+00
0.000000e+00
0.000000e+00
0.000000e+00
0.000000e+00
0.000000e+00
0.000000e+00
0.000000e+00
0.000000e+00
0.000000e+00
0.000000e+00
0.000000e+00
0.000000e+00
0.000000e+00
0.000000e+00
0.000000e+00
0.000000e+00
0.000000e+00
0.000000e+00
0.000000e+00
0.000000e+00
0.000000e+00
0.000000e+00
0.000000e+00
0.000000e+00
0.000000e+00
0.000000e+00
0.000000e+00
0.000000e+00
0.000000e+00
0.000000e+00
0.000000e+00
0.000000e+00
0.000000e+00
0.000000e+00
0.000000e+00
0.000000e+00
0.000000e+00
0.000000e+00
0.000000e+00
0.000000e+00
0.000000e+00
0.000000e+00
0.000000e+00
0.000000e+00
0.000000e+00
0.000000e+00
0.000000e+00
0.000000e+00
0.000000e+00
0.000000e+00
0.000000e+00
0.000000e+00
0.000000e+00
0.000000e+00
0.000000e+00
0.000000e+00
0.000000e+00
0.000000e+00
0.000000e+00
0.000000e+00
0.000000e+00
0.000000e+00
0.000000e+00
0.000000e+00
0.000000e+00
0.000000e+00
0.000000e+00
0.000000e+00
0.000000e+00
0.000000e+00
0.000000e+00
0.000000e+00
0.000000e+00
0.000000e+00
0.000000e+00
0.000000e+00
0.000000e+00
0.000000e+00
0.000000e+00
0.000000e+00
0.000000e+00
0.000000e+00
0.000000e+00
0.000000e+00
0.000000e+00
0.000000e+00
0.000000e+00
0.000000e+00
0.000000e+00
0.000000e+00
0.000000e+00
0.000000e+00
0.000000e+00
0.000000e+00
0.000000e+00
0.000000e+00
0.000000e+00
0.000000e+00
0.000000e+00
0.000000e+00
0.000000e+00
0.000000e+00
0.000000e+00
0.000000e+00
0.000000e+00
0.000000e+00
0.000000e+00
0.000000e+00
0.000000e+00
0.000000e+00
0.000000e+00
0.000000e+00
0.000000e+00
0.000000e+00
0.000000e+00
0.000000e+00
0.000000e+00
0.000000e+00
0.000000e+00
0.000000e+00
0.000000e+00
0.000000e+00
0.000000e+00
0.000000e+00
0.000000e+00
0.000000e+00
0.000000e+00
0.000000e+00
0.000000e+00
0.000000e+00
0.000000e+00
0.000000e+00
0.000000e+00
0.000000e+00
0.000000e+00
0.000000e+00
0.000000e+00
0.000000e+00
0.000000e+00
0.000000e+00
0.000000e+00
0.000000e+00
0.000000e+00
0.000000e+00
0.000000e+00
0.000000e+00
0.000000e+00
0.000000e+00
0.000000e+00
0.000000e+00
0.000000e+00
0.000000e+00
0.000000e+00
0.000000e+00
0.000000e+00
0.000000e+00
0.000000e+00
0.000000e+00
0.000000e+00
0.000000e+00
0.000000e+00
0.000000e+00
0.000000e+00
0.000000e+00
0.000000e+00
0.000000e+00
0.000000e+00
0.000000e+00
0.000000e+00
0.000000e+00
0.000000e+00
0.000000e+00
0.000000e+00
0.000000e+00
0.000000e+00
0.000000e+00
0.000000e+00
0.000000e+00
0.000000e+00
0.000000e+00
0.000000e+00
0.000000e+00
0.000000e+00
0.000000e+00
0.000000e+00
0.000000e+00
0.000000e+00
0.000000e+00
0.000000e+00
0.000000e+00
0.000000e+00
0.000000e+00
0.000000e+00
0.000000e+00
0.000000e+00
0.000000e+00
0.000000e+00
0.000000e+00
0.000000e+00
0.000000e+00
0.000000e+00
0.000000e+00
0.000000e+00
0.000000e+00
0.000000e+00
0.000000e+00
0.000000e+00
0.000000e+00
0.000000e+00
0.000000e+00
0.000000e+00
0.000000e+00
0.000000e+00
0.000000e+00
0.000000e+00
0.000000e+00
0.000000e+00
0.000000e+00
0.000000e+00
0.000000e+00
0.000000e+00
0.000000e+00
0.000000e+00
0.000000e+00
0.000000e+00
0.000000e+00
0.000000e+00
0.000000e+00
0.000000e+00
0.000000e+00
0.000000e+00
0.000000e+00
0.000000e+00
0.000000e+00
0.000000e+00
0.000000e+00
0.000000e+00
0.000000e+00
0.000000e+00
0.000000e+00
0.000000e+00
0.000000e+00
0.000000e+00
0.000000e+00
0.000000e+00
0.000000e+00
0.000000e+00
0.000000e+00
0.000000e+00
0.000000e+00
0.000000e+00
0.000000e+00
0.000000e+00
0.000000e+00
0.000000e+00
0.000000e+00
0.000000e+00
0.000000e+00
0.000000e+00
0.000000e+00
0.000000e+00
0.000000e+00
0.000000e+00
0.000000e+00
0.000000e+00
0.000000e+00
0.000000e+00
0.000000e+00
0.000000e+00
0.000000e+00
0.000000e+00
0.000000e+00
0.000000e+00
0.000000e+00
0.000000e+00
0.000000e+00
0.000000e+00
0.000000e+00
0.000000e+00
0.000000e+00
0.000000e+00
0.000000e+00
0.000000e+00
0.000000e+00
0.000000e+00
0.000000e+00
0.000000e+00
0.000000e+00
0.000000e+00
0.000000e+00
0.000000e+00
0.000000e+00
0.000000e+00
0.000000e+00
0.000000e+00
0.000000e+00
0.000000e+00
0.000000e+00
0.000000e+00
0.000000e+00
0.000000e+00
0.000000e+00
0.000000e+00
0.000000e+00
0.000000e+00
0.000000e+00
0.000000e+00
0.000000e+00
0.000000e+00
0.000000e+00
0.000000e+00
0.000000e+00
0.000000e+00
0.000000e+00
0.000000e+00
0.000000e+00
0.000000e+00
0.000000e+00
0.000000e+00
0.000000e+00
0.000000e+00
0.000000e+00
0.000000e+00
0.000000e+00
0.000000e+00
0.000000e+00
0.000000e+00
0.000000e+00
0.000000e+00
0.000000e+00
0.000000e+00
0.000000e+00
0.000000e+00
0.000000e+00
0.000000e+00
0.000000e+00
0.000000e+00
0.000000e+00
0.000000e+00
0.000000e+00
0.000000e+00
0.000000e+00
0.000000e+00
0.000000e+00
0.000000e+00
0.000000e+00
0.000000e+00
0.000000e+00
0.000000e+00
0.000000e+00
0.000000e+00
0.000000e+00
0.000000e+00
0.000000e+00
0.000000e+00
0.000000e+00
0.000000e+00
0.000000e+00
0.000000e+00
0.000000e+00
0.000000e+00
0.000000e+00
0.000000e+00
0.000000e+00
0.000000e+00
0.000000e+00
0.000000e+00
0.000000e+00
0.000000e+00
0.000000e+00
0.000000e+00
0.000000e+00
0.000000e+00
0.000000e+00
0.000000e+00
0.000000e+00
0.000000e+00
0.000000e+00
0.000000e+00
0.000000e+00
0.000000e+00
0.000000e+00
0.000000e+00
0.000000e+00
0.000000e+00
0.000000e+00
0.000000e+00
0.000000e+00
0.000000e+00
0.000000e+00
0.000000e+00
0.000000e+00
0.000000e+00
0.000000e+00
0.000000e+00
0.000000e+00
0.000000e+00
0.000000e+00
0.000000e+00
0.000000e+00
0.000000e+00
0.000000e+00
0.000000e+00
0.000000e+00
0.000000e+00
0.000000e+00
0.000000e+00
0.000000e+00
0.000000e+00
0.000000e+00
0.000000e+00
0.000000e+00
0.000000e+00
0.000000e+00
0.000000e+00
0.000000e+00
0.000000e+00
0.000000e+00
0.000000e+00
0.000000e+00
0.000000e+00
0.000000e+00
0.000000e+00
0.000000e+00
0.000000e+00
0.000000e+00
0.000000e+00
0.000000e+00
0.000000e+00
0.000000e+00
0.000000e+00
0.000000e+00
0.000000e+00
0.000000e+00
0.000000e+00
0.000000e+00
0.000000e+00
0.000000e+00
0.000000e+00
0.000000e+00
0.000000e+00
0.000000e+00
0.000000e+00
0.000000e+00
0.000000e+00
0.000000e+00
0.000000e+00
0.000000e+00
0.000000e+00
0.000000e+00
0.000000e+00
0.000000e+00
0.000000e+00
0.000000e+00
0.000000e+00
0.000000e+00
0.000000e+00
0.000000e+00
0.000000e+00
0.000000e+00
0.000000e+00
0.000000e+00
0.000000e+00
0.000000e+00
0.000000e+00
0.000000e+00
0.000000e+00
0.000000e+00
0.000000e+00
0.000000e+00
0.000000e+00
0.000000e+00
0.000000e+00
0.000000e+00
0.000000e+00
0.000000e+00
0.000000e+00
0.000000e+00
0.000000e+00
0.000000e+00
0.000000e+00
0.000000e+00
0.000000e+00
0.000000e+00
0.000000e+00
0.000000e+00
0.000000e+00
0.000000e+00
0.000000e+00
0.000000e+00
0.000000e+00
0.000000e+00
0.000000e+00
0.000000e+00
0.000000e+00
0.000000e+00
0.000000e+00
0.000000e+00
0.000000e+00
0.000000e+00
0.000000e+00
0.000000e+00
0.000000e+00
0.000000e+00
0.000000e+00
0.000000e+00
0.000000e+00
0.000000e+00
0.000000e+00
0.000000e+00
0.000000e+00
0.000000e+00
0.000000e+00
0.000000e+00
0.000000e+00
0.000000e+00
0.000000e+00
0.000000e+00
0.000000e+00
0.000000e+00
0.000000e+00
0.000000e+00
0.000000e+00
0.000000e+00
0.000000e+00
0.000000e+00
0.000000e+00
0.000000e+00
0.000000e+00
0.000000e+00
0.000000e+00
0.000000e+00
0.000000e+00
0.000000e+00
0.000000e+00
0.000000e+00
0.000000e+00
0.000000e+00
0.000000e+00
0.000000e+00
0.000000e+00
0.000000e+00
0.000000e+00
0.000000e+00
0.000000e+00
0.000000e+00
0.000000e+00
0.000000e+00
0.000000e+00
0.000000e+00
0.000000e+00
0.000000e+00
0.000000e+00
0.000000e+00
0.000000e+00
0.000000e+00
0.000000e+00
0.000000e+00
0.000000e+00
0.000000e+00
0.000000e+00
0.000000e+00
0.000000e+00
0.000000e+00
0.000000e+00
0.000000e+00
0.000000e+00
0.000000e+00
0.000000e+00
0.000000e+00
0.000000e+00
0.000000e+00
0.000000e+00
0.000000e+00
0.000000e+00
0.000000e+00
0.000000e+00
0.000000e+00
0.000000e+00
0.000000e+00
0.000000e+00
0.000000e+00
0.000000e+00
0.000000e+00
0.000000e+00
0.000000e+00
0.000000e+00
0.000000e+00
0.000000e+00
0.000000e+00
0.000000e+00
0.000000e+00
0.000000e+00
0.000000e+00
0.000000e+00
0.000000e+00
0.000000e+00
0.000000e+00
0.000000e+00
0.000000e+00
0.000000e+00
0.000000e+00
0.000000e+00
0.000000e+00
0.000000e+00
0.000000e+00
0.000000e+00
0.000000e+00
0.000000e+00
0.000000e+00
0.000000e+00
0.000000e+00
0.000000e+00
0.000000e+00
0.000000e+00
0.000000e+00
0.000000e+00
0.000000e+00
0.000000e+00
0.000000e+00
0.000000e+00
0.000000e+00
0.000000e+00
0.000000e+00
0.000000e+00
0.000000e+00
0.000000e+00
0.000000e+00
0.000000e+00
0.000000e+00
0.000000e+00
0.000000e+00
0.000000e+00
0.000000e+00
0.000000e+00
0.000000e+00
0.000000e+00
0.000000e+00
0.000000e+00
0.000000e+00
0.000000e+00
0.000000e+00
0.000000e+00
0.000000e+00
0.000000e+00
0.000000e+00
0.000000e+00
0.000000e+00
0.000000e+00
0.000000e+00
0.000000e+00
0.000000e+00
0.000000e+00
0.000000e+00
0.000000e+00
0.000000e+00
0.000000e+00
0.000000e+00
0.000000e+00
0.000000e+00
0.000000e+00
0.000000e+00
0.000000e+00
0.000000e+00
0.000000e+00
0.000000e+00
0.000000e+00
0.000000e+00
0.000000e+00
0.000000e+00
0.000000e+00
0.000000e+00
0.000000e+00
0.000000e+00
0.000000e+00
0.000000e+00
0.000000e+00
0.000000e+00
0.000000e+00
0.000000e+00
0.000000e+00
0.000000e+00
0.000000e+00
0.000000e+00
0.000000e+00
0.000000e+00
0.000000e+00
0.000000e+00
0.000000e+00
0.000000e+00
0.000000e+00
0.000000e+00
0.000000e+00
0.000000e+00
0.000000e+00
0.000000e+00
0.000000e+00
0.000000e+00
0.000000e+00
0.000000e+00
0.000000e+00
0.000000e+00
0.000000e+00
0.000000e+00
0.000000e+00
0.000000e+00
0.000000e+00
0.000000e+00
0.000000e+00
0.000000e+00
0.000000e+00
0.000000e+00
0.000000e+00
0.000000e+00
0.000000e+00
0.000000e+00
0.000000e+00
0.000000e+00
0.000000e+00
0.000000e+00
0.000000e+00
0.000000e+00
0.000000e+00
0.000000e+00
0.000000e+00
0.000000e+00
0.000000e+00
0.000000e+00
0.000000e+00
0.000000e+00
0.000000e+00
0.000000e+00
0.000000e+00
0.000000e+00
0.000000e+00
0.000000e+00
0.000000e+00
0.000000e+00
0.000000e+00
0.000000e+00
0.000000e+00
0.000000e+00
0.000000e+00
0.000000e+00
0.000000e+00
0.000000e+00
0.000000e+00
0.000000e+00
0.000000e+00
0.000000e+00
0.000000e+00
0.000000e+00
0.000000e+00
0.000000e+00
0.000000e+00
0.000000e+00
0.000000e+00
0.000000e+00
0.000000e+00
0.000000e+00
0.000000e+00
0.000000e+00
0.000000e+00
0.000000e+00
0.000000e+00
0.000000e+00
0.000000e+00
0.000000e+00
0.000000e+00
0.000000e+00
0.000000e+00
0.000000e+00
0.000000e+00
0.000000e+00
0.000000e+00
0.000000e+00
0.000000e+00
0.000000e+00
0.000000e+00
0.000000e+00
0.000000e+00
0.000000e+00
0.000000e+00
0.000000e+00
0.000000e+00
0.000000e+00
0.000000e+00
0.000000e+00
0.000000e+00
0.000000e+00
0.000000e+00
0.000000e+00
0.000000e+00
0.000000e+00
0.000000e+00
0.000000e+00
0.000000e+00
0.000000e+00
0.000000e+00
0.000000e+00
0.000000e+00
0.000000e+00
0.000000e+00
0.000000e+00
0.000000e+00
0.000000e+00
0.000000e+00
0.000000e+00
0.000000e+00
0.000000e+00
0.000000e+00
0.000000e+00
0.000000e+00
0.000000e+00
0.000000e+00
0.000000e+00
0.000000e+00
0.000000e+00
0.000000e+00
0.000000e+00
0.000000e+00
0.000000e+00
0.000000e+00
0.000000e+00
0.000000e+00
0.000000e+00
0.000000e+00
0.000000e+00
0.000000e+00
0.000000e+00
0.000000e+00
0.000000e+00
0.000000e+00
0.000000e+00
0.000000e+00
0.000000e+00
0.000000e+00
0.000000e+00
0.000000e+00
0.000000e+00
0.000000e+00
0.000000e+00
0.000000e+00
0.000000e+00
0.000000e+00
0.000000e+00
0.000000e+00
0.000000e+00
0.000000e+00
0.000000e+00
0.000000e+00
0.000000e+00
0.000000e+00
0.000000e+00
0.000000e+00
0.000000e+00
0.000000e+00
0.000000e+00
0.000000e+00
0.000000e+00
0.000000e+00
0.000000e+00
0.000000e+00
0.000000e+00
0.000000e+00
0.000000e+00
0.000000e+00
0.000000e+00
0.000000e+00
0.000000e+00
0.000000e+00
0.000000e+00
0.000000e+00
0.000000e+00
0.000000e+00
0.000000e+00
0.000000e+00
0.000000e+00
0.000000e+00
0.000000e+00
0.000000e+00
0.000000e+00
0.000000e+00
0.000000e+00
0.000000e+00
0.000000e+00
0.000000e+00
0.000000e+00
0.000000e+00
0.000000e+00
0.000000e+00
0.000000e+00
0.000000e+00
0.000000e+00
0.000000e+00
0.000000e+00
0.000000e+00
0.000000e+00
0.000000e+00
0.000000e+00
0.000000e+00
0.000000e+00
0.000000e+00
0.000000e+00
0.000000e+00
0.000000e+00
0.000000e+00
0.000000e+00
0.000000e+00
0.000000e+00
0.000000e+00
0.000000e+00
0.000000e+00
0.000000e+00
0.000000e+00
0.000000e+00
0.000000e+00
0.000000e+00
0.000000e+00
0.000000e+00
0.000000e+00
0.000000e+00
0.000000e+00
0.000000e+00
0.000000e+00
0.000000e+00
0.000000e+00
0.000000e+00
0.000000e+00
0.000000e+00
0.000000e+00
0.000000e+00
0.000000e+00
0.000000e+00
0.000000e+00
0.000000e+00
0.000000e+00
0.000000e+00
0.000000e+00
0.000000e+00
0.000000e+00
0.000000e+00
0.000000e+00
0.000000e+00
0.000000e+00
0.000000e+00
0.000000e+00
0.000000e+00
0.000000e+00
0.000000e+00
0.000000e+00
0.000000e+00
0.000000e+00
0.000000e+00
0.000000e+00
0.000000e+00
0.000000e+00
0.000000e+00
0.000000e+00
0.000000e+00
0.000000e+00
0.000000e+00
0.000000e+00
0.000000e+00
0.000000e+00
0.000000e+00
0.000000e+00
0.000000e+00
0.000000e+00
0.000000e+00
0.000000e+00
0.000000e+00
0.000000e+00
0.000000e+00
0.000000e+00
0.000000e+00
0.000000e+00
0.000000e+00
0.000000e+00
0.000000e+00
0.000000e+00
0.000000e+00
0.000000e+00
0.000000e+00
0.000000e+00
0.000000e+00
0.000000e+00
0.000000e+00
0.000000e+00
0.000000e+00
0.000000e+00
0.000000e+00
0.000000e+00
0.000000e+00
0.000000e+00
0.000000e+00
0.000000e+00
0.000000e+00
0.000000e+00
0.000000e+00
0.000000e+00
0.000000e+00
0.000000e+00
0.000000e+00
0.000000e+00
0.000000e+00
0.000000e+00
0.000000e+00
0.000000e+00
0.000000e+00
0.000000e+00
0.000000e+00
0.000000e+00
0.000000e+00
0.000000e+00
0.000000e+00
0.000000e+00
0.000000e+00
0.000000e+00
0.000000e+00
0.000000e+00
0.000000e+00
0.000000e+00
0.000000e+00
0.000000e+00
0.000000e+00
0.000000e+00
0.000000e+00
0.000000e+00
0.000000e+00
0.000000e+00
0.000000e+00
0.000000e+00
0.000000e+00
0.000000e+00
0.000000e+00
0.000000e+00
0.000000e+00
0.000000e+00
0.000000e+00
0.000000e+00
0.000000e+00
0.000000e+00
0.000000e+00
0.000000e+00
0.000000e+00
0.000000e+00
0.000000e+00
0.000000e+00
0.000000e+00
0.000000e+00
0.000000e+00
0.000000e+00
0.000000e+00
0.000000e+00
0.000000e+00
0.000000e+00
0.000000e+00
0.000000e+00
0.000000e+00
0.000000e+00
0.000000e+00
0.000000e+00
0.000000e+00
0.000000e+00
0.000000e+00
0.000000e+00
0.000000e+00
0.000000e+00
0.000000e+00
0.000000e+00
0.000000e+00
0.000000e+00
0.000000e+00
0.000000e+00
0.000000e+00
0.000000e+00
0.000000e+00
0.000000e+00
0.000000e+00
0.000000e+00
0.000000e+00
0.000000e+00
0.000000e+00
0.000000e+00
0.000000e+00
0.000000e+00
0.000000e+00
0.000000e+00
0.000000e+00
0.000000e+00
0.000000e+00
0.000000e+00
0.000000e+00
0.000000e+00
0.000000e+00
0.000000e+00
0.000000e+00
0.000000e+00
0.000000e+00
0.000000e+00
0.000000e+00
0.000000e+00
0.000000e+00
0.000000e+00
0.000000e+00
0.000000e+00
0.000000e+00
0.000000e+00
0.000000e+00
0.000000e+00
0.000000e+00
0.000000e+00
0.000000e+00
0.000000e+00
0.000000e+00
0.000000e+00
0.000000e+00
0.000000e+00
0.000000e+00
0.000000e+00
0.000000e+00
0.000000e+00
0.000000e+00
0.000000e+00
0.000000e+00
0.000000e+00
0.000000e+00
0.000000e+00
0.000000e+00
0.000000e+00
0.000000e+00
0.000000e+00
0.000000e+00
0.000000e+00
0.000000e+00
0.000000e+00
0.000000e+00
0.000000e+00
0.000000e+00
0.000000e+00
0.000000e+00
0.000000e+00
0.000000e+00
0.000000e+00
0.000000e+00
0.000000e+00
0.000000e+00
0.000000e+00
0.000000e+00
0.000000e+00
0.000000e+00
0.000000e+00
0.000000e+00
0.000000e+00
0.000000e+00
0.000000e+00
0.000000e+00
0.000000e+00
0.000000e+00
0.000000e+00
0.000000e+00
0.000000e+00
0.000000e+00
0.000000e+00
0.000000e+00
0.000000e+00
0.000000e+00
0.000000e+00
0.000000e+00
0.000000e+00
0.000000e+00
0.000000e+00
0.000000e+00
0.000000e+00
0.000000e+00
0.000000e+00
0.000000e+00
0.000000e+00
0.000000e+00
0.000000e+00
0.000000e+00
0.000000e+00
0.000000e+00
0.000000e+00
0.000000e+00
0.000000e+00
0.000000e+00
0.000000e+00
0.000000e+00
0.000000e+00
0.000000e+00
0.000000e+00
0.000000e+00
0.000000e+00
0.000000e+00
0.000000e+00
0.000000e+00
0.000000e+00
0.000000e+00
0.000000e+00
0.000000e+00
0.000000e+00
0.000000e+00
0.000000e+00
0.000000e+00
0.000000e+00
0.000000e+00
0.000000e+00
0.000000e+00
0.000000e+00
0.000000e+00
0.000000e+00
0.000000e+00
0.000000e+00
0.000000e+00
0.000000e+00
0.000000e+00
0.000000e+00
0.000000e+00
0.000000e+00
0.000000e+00
0.000000e+00
0.000000e+00
0.000000e+00
0.000000e+00
0.000000e+00
0.000000e+00
0.000000e+00
0.000000e+00
0.000000e+00
0.000000e+00
0.000000e+00
0.000000e+00
0.000000e+00
0.000000e+00
0.000000e+00
0.000000e+00
0.000000e+00
0.000000e+00
0.000000e+00
0.000000e+00
0.000000e+00
0.000000e+00
0.000000e+00
0.000000e+00
0.000000e+00
0.000000e+00
0.000000e+00
0.000000e+00
0.000000e+00
0.000000e+00
0.000000e+00
0.000000e+00
0.000000e+00
0.000000e+00
0.000000e+00
0.000000e+00
0.000000e+00
0.000000e+00
0.000000e+00
0.000000e+00
0.000000e+00
0.000000e+00
0.000000e+00
0.000000e+00
0.000000e+00
0.000000e+00
0.000000e+00
0.000000e+00
0.000000e+00
0.000000e+00
0.000000e+00
0.000000e+00
0.000000e+00
0.000000e+00
0.000000e+00
0.000000e+00
0.000000e+00
0.000000e+00
0.000000e+00
0.000000e+00
0.000000e+00
0.000000e+00
0.000000e+00
0.000000e+00
0.000000e+00
0.000000e+00
0.000000e+00
0.000000e+00
0.000000e+00
0.000000e+00
0.000000e+00
0.000000e+00
0.000000e+00
</DataArray>
<DataArray type="Float32" Name="V2" format="ascii">
0.000000e+00
0.000000e+00
0.000000e+00
0.000000e+00
0.000000e+00
0.000000e+00
0.000000e+00
0.000000e+00
0.000000e+00
0.000000e+00
0.000000e+00
0.000000e+00
0.000000e+00
0.000000e+00
0.000000e+00
0.000000e+00
0.000000e+00
0.000000e+00
0.000000e+00
0.000000e+00
0.000000e+00
0.000000e+00
0.000000e+00
0.000000e+00
0.000000e+00
0.000000e+00
0.000000e+00
0.000000e+00
0.000000e+00
0.000000e+00
0.000000e+00
0.000000e+00
0.000000e+00
0.000000e+00
0.000000e+00
0.000000e+00
0.000000e+00
0.000000e+00
0.000000e+00
0.000000e+00
0.000000e+00
0.000000e+00
0.000000e+00
0.000000e+00
0.000000e+00
0.000000e+00
0.000000e+00
0.000000e+00
0.000000e+00
0.000000e+00
0.000000e+00
0.000000e+00
0.000000e+00
0.000000e+00
0.000000e+00
0.000000e+00
0.000000e+00
0.000000e+00
0.000000e+00
0.000000e+00
0.000000e+00
0.000000e+00
0.000000e+00
0.000000e+00
0.000000e+00
0.000000e+00
0.000000e+00
0.000000e+00
0.000000e+00
0.000000e+00
0.000000e+00
0.000000e+00
0.000000e+00
0.000000e+00
0.000000e+00
0.000000e+00
0.000000e+00
0.000000e+00
0.000000e+00
0.000000e+00
0.000000e+00
0.000000e+00
0.000000e+00
0.000000e+00
0.000000e+00
0.000000e+00
0.000000e+00
0.000000e+00
0.000000e+00
0.000000e+00
0.000000e+00
0.000000e+00
0.000000e+00
0.000000e+00
0.000000e+00
0.000000e+00
0.000000e+00
0.000000e+00
0.000000e+00
0.000000e+00
0.000000e+00
0.000000e+00
0.000000e+00
0.000000e+00
0.000000e+00
0.000000e+00
0.000000e+00
0.000000e+00
0.000000e+00
0.000000e+00
0.000000e+00
0.000000e+00
0.000000e+00
0.000000e+00
0.000000e+00
0.000000e+00
0.000000e+00
0.000000e+00
0.000000e+00
0.000000e+00
0.000000e+00
0.000000e+00
0.000000e+00
0.000000e+00
0.000000e+00
0.000000e+00
0.000000e+00
0.000000e+00
0.000000e+00
0.000000e+00
0.000000e+00
0.000000e+00
0.000000e+00
0.000000e+00
0.000000e+00
0.000000e+00
0.000000e+00
0.000000e+00
0.000000e+00
0.000000e+00
0.000000e+00
0.000000e+00
0.000000e+00
0.000000e+00
0.000000e+00
0.000000e+00
0.000000e+00
0.000000e+00
0.000000e+00
0.000000e+00
0.000000e+00
0.000000e+00
0.000000e+00
0.000000e+00
0.000000e+00
0.000000e+00
0.000000e+00
0.000000e+00
0.000000e+00
0.000000e+00
0.000000e+00
0.000000e+00
0.000000e+00
0.000000e+00
0.000000e+00
0.000000e+00
0.000000e+00
0.000000e+00
0.000000e+00
0.000000e+00
0.000000e+00
0.000000e+00
0.000000e+00
0.000000e+00
0.000000e+00
0.000000e+00
0.000000e+00
0.000000e+00
0.000000e+00
0.000000e+00
0.000000e+00
0.000000e+00
0.000000e+00
0.000000e+00
0.000000e+00
0.000000e+00
0.000000e+00
0.000000e+00
0.000000e+00
0.000000e+00
0.000000e+00
0.000000e+00
0.000000e+00
0.000000e+00
0.000000e+00
0.000000e+00
0.000000e+00
0.000000e+00
0.000000e+00
0.000000e+00
0.000000e+00
0.000000e+00
0.000000e+00
0.000000e+00
0.000000e+00
0.000000e+00
0.000000e+00
0.000000e+00
0.000000e+00
0.000000e+00
0.000000e+00
0.000000e+00
0.000000e+00
0.000000e+00
0.000000e+00
0.000000e+00
0.000000e+00
0.000000e+00
0.000000e+00
0.000000e+00
0.000000e+00
0.000000e+00
0.000000e+00
0.000000e+00
0.000000e+00
0.000000e+00
0.000000e+00
0.000000e+00
0.000000e+00
0.000000e+00
0.000000e+00
0.000000e+00
0.000000e+00
0.000000e+00
0.000000e+00
0.000000e+00
0.000000e+00
0.000000e+00
0.000000e+00
0.000000e+00
0.000000e+00
0.000000e+00
0.000000e+00
0.000000e+00
0.000000e+00
0.000000e+00
0.000000e+00
0.000000e+00
0.000000e+00
0.000000e+00
0.000000e+00
0.000000e+00
0.000000e+00
0.000000e+00
0.000000e+00
0.000000e+00
0.000000e+00
0.000000e+00
0.000000e+00
0.000000e+00
0.000000e+00
0.000000e+00
0.000000e+00
0.000000e+00
0.000000e+00
0.000000e+00
0.000000e+00
0.000000e+00
0.000000e+00
0.000000e+00
0.000000e+00
0.000000e+00
0.000000e+00
0.000000e+00
0.000000e+00
0.000000e+00
0.000000e+00
0.000000e+00
0.000000e+00
0.000000e+00
0.000000e+00
0.000000e+00
0.000000e+00
0.000000e+00
0.000000e+00
0.000000e+00
0.000000e+00
0.000000e+00
0.000000e+00
0.000000e+00
0.000000e+00
0.000000e+00
0.000000e+00
0.000000e+00
0.000000e+00
0.000000e+00
0.000000e+00
0.000000e+00
0.000000e+00
0.000000e+00
0.000000e+00
0.000000e+00
0.000000e+00
0.000000e+00
0.000000e+00
0.000000e+00
0.000000e+00
0.000000e+00
0.000000e+00
0.000000e+00
0.000000e+00
0.000000e+00
0.000000e+00
0.000000e+00
0.000000e+00
0.000000e+00
0.000000e+00
0.000000e+00
0.000000e+00
0.000000e+00
0.000000e+00
0.000000e+00
0.000000e+00
0.000000e+00
0.000000e+00
0.000000e+00
0.000000e+00
0.000000e+00
0.000000e+00
0.000000e+00
0.000000e+00
0.000000e+00
0.000000e+00
0.000000e+00
0.000000e+00
0.000000e+00
0.000000e+00
0.000000e+00
0.000000e+00
0.000000e+00
0.000000e+00
0.000000e+00
0.000000e+00
0.000000e+00
0.000000e+00
0.000000e+00
0.000000e+00
0.000000e+00
0.000000e+00
0.000000e+00
0.000000e+00
0.000000e+00
0.000000e+00
0.000000e+00
0.000000e+00
0.000000e+00
0.000000e+00
0.000000e+00
0.000000e+00
0.000000e+00
0.000000e+00
0.000000e+00
0.000000e+00
0.000000e+00
0.000000e+00
0.000000e+00
0.000000e+00
0.000000e+00
0.000000e+00
0.000000e+00
0.000000e+00
0.000000e+00
0.000000e+00
0.000000e+00
0.000000e+00
0.000000e+00
0.000000e+00
0.000000e+00
0.000000e+00
0.000000e+00
0.000000e+00
0.000000e+00
0.000000e+00
0.000000e+00
0.000000e+00
0.000000e+00
0.000000e+00
0.000000e+00
0.000000e+00
0.000000e+00
0.000000e+00
0.000000e+00
0.000000e+00
0.000000e+00
0.000000e+00
0.000000e+00
0.000000e+00
0.000000e+00
0.000000e+00
0.000000e+00
0.000000e+00
0.000000e+00
0.000000e+00
0.000000e+00
0.000000e+00
0.000000e+00
0.000000e+00
0.000000e+00
0.000000e+00
0.000000e+00
0.000000e+00
0.000000e+00
0.000000e+00
0.000000e+00
0.000000e+00
0.000000e+00
0.000000e+00
0.000000e+00
0.000000e+00
0.000000e+00
0.000000e+00
0.000000e+00
0.000000e+00
0.000000e+00
0.000000e+00
0.000000e+00
0.000000e+00
0.000000e+00
0.000000e+00
0.000000e+00
0.000000e+00
0.000000e+00
0.000000e+00
0.000000e+00
0.000000e+00
0.000000e+00
0.000000e+00
0.000000e+00
0.000000e+00
0.000000e+00
0.000000e+00
0.000000e+00
0.000000e+00
0.000000e+00
0.000000e+00
0.000000e+00
0.000000e+00
0.000000e+00
0.000000e+00
0.000000e+00
0.000000e+00
0.000000e+00
0.000000e+00
0.000000e+00
0.000000e+00
0.000000e+00
0.000000e+00
0.000000e+00
0.000000e+00
0.000000e+00
0.000000e+00
0.000000e+00
0.000000e+00
0.000000e+00
0.000000e+00
0.000000e+00
0.000000e+00
0.000000e+00
0.000000e+00
0.000000e+00
0.000000e+00
0.000000e+00
0.000000e+00
0.000000e+00
0.000000e+00
0.000000e+00
0.000000e+00
0.000000e+00
0.000000e+00
0.000000e+00
0.000000e+00
0.000000e+00
0.000000e+00
0.000000e+00
0.000000e+00
0.000000e+00
0.000000e+00
0.000000e+00
0.000000e+00
0.000000e+00
0.000000e+00
0.000000e+00
0.000000e+00
0.000000e+00
0.000000e+00
0.000000e+00
0.000000e+00
0.000000e+00
0.000000e+00
0.000000e+00
0.000000e+00
0.000000e+00
0.000000e+00
0.000000e+00
0.000000e+00
0.000000e+00
0.000000e+00
0.000000e+00
0.000000e+00
0.000000e+00
0.000000e+00
0.000000e+00
0.000000e+00
0.000000e+00
0.000000e+00
0.000000e+00
0.000000e+00
0.000000e+00
0.000000e+00
0.000000e+00
0.000000e+00
0.000000e+00
0.000000e+00
0.000000e+00
0.000000e+00
0.000000e+00
0.000000e+00
0.000000e+00
0.000000e+00
0.000000e+00
0.000000e+00
0.000000e+00
0.000000e+00
0.000000e+00
0.000000e+00
0.000000e+00
0.000000e+00
0.000000e+00
0.000000e+00
0.000000e+00
0.000000e+00
0.000000e+00
0.000000e+00
0.000000e+00
0.000000e+00
0.000000e+00
0.000000e+00
0.000000e+00
0.000000e+00
0.000000e+00
0.000000e+00
0.000000e+00
0.000000e+00
0.000000e+00
0.000000e+00
0.000000e+00
0.000000e+00
0.000000e+00
0.000000e+00
0.000000e+00
0.000000e+00
0.000000e+00
0.000000e+00
0.000000e+00
0.000000e+00
0.000000e+00
0.000000e+00
0.000000e+00
0.000000e+00
0.000000e+00
0.000000e+00
0.000000e+00
0.000000e+00
0.000000e+00
0.000000e+00
0.000000e+00
0.000000e+00
0.000000e+00
0.000000e+00
0.000000e+00
0.000000e+00
0.000000e+00
0.000000e+00
0.000000e+00
0.000000e+00
0.000000e+00
0.000000e+00
0.000000e+00
0.000000e+00
0.000000e+00
0.000000e+00
0.000000e+00
0.000000e+00
0.000000e+00
0.000000e+00
0.000000e+00
0.000000e+00
0.000000e+00
0.000000e+00
0.000000e+00
0.000000e+00
0.000000e+00
0.000000e+00
0.000000e+00
0.000000e+00
0.000000e+00
0.000000e+00
0.000000e+00
0.000000e+00
0.000000e+00
0.000000e+00
0.000000e+00
0.000000e+00
0.000000e+00
0.000000e+00
0.000000e+00
0.000000e+00
0.000000e+00
0.000000e+00
0.000000e+00
0.000000e+00
0.000000e+00
0.000000e+00
0.000000e+00
0.000000e+00
0.000000e+00
0.000000e+00
0.000000e+00
0.000000e+00
0.000000e+00
0.000000e+00
0.000000e+00
0.000000e+00
0.000000e+00
0.000000e+00
0.000000e+00
0.000000e+00
0.000000e+00
0.000000e+00
0.000000e+00
0.000000e+00
0.000000e+00
0.000000e+00
0.000000e+00
0.000000e+00
0.000000e+00
0.000000e+00
0.000000e+00
0.000000e+00
0.000000e+00
0.000000e+00
0.000000e+00
0.000000e+00
0.000000e+00
0.000000e+00
0.000000e+00
0.000000e+00
0.000000e+00
0.000000e+00
0.000000e+00
0.000000e+00
0.000000e+00
0.000000e+00
0.000000e+00
0.000000e+00
0.000000e+00
0.000000e+00
0.000000e+00
0.000000e+00
0.000000e+00
0.000000e+00
0.000000e+00
0.000000e+00
0.000000e+00
0.000000e+00
0.000000e+00
0.000000e+00
0.000000e+00
0.000000e+00
0.000000e+00
0.000000e+00
0.000000e+00
0.000000e+00
0.000000e+00
0.000000e+00
0.000000e+00
0.000000e+00
0.000000e+00
0.000000e+00
0.000000e+00
0.000000e+00
0.000000e+00
0.000000e+00
0.000000e+00
0.000000e+00
0.000000e+00
0.000000e+00
0.000000e+00
0.000000e+00
0.000000e+00
0.000000e+00
0.000000e+00
0.000000e+00
0.000000e+00
0.000000e+00
0.000000e+00
0.000000e+00
0.000000e+00
0.000000e+00
0.000000e+00
0.000000e+00
0.000000e+00
0.000000e+00
0.000000e+00
0.000000e+00
0.000000e+00
0.000000e+00
0.000000e+00
0.000000e+00
0.000000e+00
0.000000e+00
0.000000e+00
0.000000e+00
0.000000e+00
0.000000e+00
0.000000e+00
0.000000e+00
0.000000e+00
0.000000e+00
0.000000e+00
0.000000e+00
0.000000e+00
0.000000e+00
0.000000e+00
0.000000e+00
0.000000e+00
0.000000e+00
0.000000e+00
0.000000e+00
0.000000e+00
0.000000e+00
0.000000e+00
0.000000e+00
0.000000e+00
0.000000e+00
0.000000e+00
0.000000e+00
0.000000e+00
0.000000e+00
0.000000e+00
0.000000e+00
0.000000e+00
0.000000e+00
0.000000e+00
0.000000e+00
0.000000e+00
0.000000e+00
0.000000e+00
0.000000e+00
0.000000e+00
0.000000e+00
0.000000e+00
0.000000e+00
0.000000e+00
0.000000e+00
0.000000e+00
0.000000e+00
0.000000e+00
0.000000e+00
0.000000e+00
0.000000e+00
0.000000e+00
0.000000e+00
0.000000e+00
0.000000e+00
0.000000e+00
0.000000e+00
0.000000e+00
0.000000e+00
0.000000e+00
0.000000e+00
0.000000e+00
0.000000e+00
0.000000e+00
0.000000e+00
0.000000e+00
0.000000e+00
0.000000e+00
0.000000e+00
0.000000e+00
0.000000e+00
0.000000e+00
0.000000e+00
0.000000e+00
0.000000e+00
0.000000e+00
0.000000e+00
0.000000e+00
0.000000e+00
0.000000e+00
0.000000e+00
0.000000e+00
0.000000e+00
0.000000e+00
0.000000e+00
0.000000e+00
0.000000e+00
0.000000e+00
0.000000e+00
0.000000e+00
0.000000e+00
0.000000e+00
0.000000e+00
0.000000e+00
0.000000e+00
0.000000e+00
0.000000e+00
0.000000e+00
0.000000e+00
0.000000e+00
0.000000e+00
0.000000e+00
0.000000e+00
0.000000e+00
0.000000e+00
0.000000e+00
0.000000e+00
0.000000e+00
0.000000e+00
0.000000e+00
0.000000e+00
0.000000e+00
0.000000e+00
0.000000e+00
0.000000e+00
0.000000e+00
0.000000e+00
0.000000e+00
0.000000e+00
0.000000e+00
0.000000e+00
0.000000e+00
0.000000e+00
0.000000e+00
0.000000e+00
0.000000e+00
0.000000e+00
0.000000e+00
0.000000e+00
0.000000e+00
0.000000e+00
0.000000e+00
0.000000e+00
0.000000e+00
0.000000e+00
0.000000e+00
0.000000e+00
0.000000e+00
0.000000e+00
0.000000e+00
0.000000e+00
0.000000e+00
0.000000e+00
0.000000e+00
0.000000e+00
0.000000e+00
0.000000e+00
0.000000e+00
0.000000e+00
0.000000e+00
0.000000e+00
0.000000e+00
0.000000e+00
0.000000e+00
0.000000e+00
0.000000e+00
0.000000e+00
0.000000e+00
0.000000e+00
0.000000e+00
0.000000e+00
0.000000e+00
0.000000e+00
0.000000e+00
0.000000e+00
0.000000e+00
0.000000e+00
0.000000e+00
0.000000e+00
0.000000e+00
0.000000e+00
0.000000e+00
0.000000e+00
0.000000e+00
0.000000e+00
0.000000e+00
0.000000e+00
0.000000e+00
0.000000e+00
0.000000e+00
0.000000e+00
0.000000e+00
0.000000e+00
0.000000e+00
0.000000e+00
0.000000e+00
0.000000e+00
0.000000e+00
0.000000e+00
0.000000e+00
0.000000e+00
0.000000e+00
0.000000e+00
0.000000e+00
0.000000e+00
0.000000e+00
0.000000e+00
0.000000e+00
0.000000e+00
0.000000e+00
0.000000e+00
0.000000e+00
0.000000e+00
0.000000e+00
0.000000e+00
0.000000e+00
0.000000e+00
0.000000e+00
0.000000e+00
0.000000e+00
0.000000e+00
0.000000e+00
0.000000e+00
0.000000e+00
0.000000e+00
0.000000e+00
0.000000e+00
0.000000e+00
0.000000e+00
0.000000e+00
0.000000e+00
0.000000e+00
0.000000e+00
0.000000e+00
0.000000e+00
0.000000e+00
0.000000e+00
0.000000e+00
0.000000e+00
0.000000e+00
0.000000e+00
0.000000e+00
0.000000e+00
0.000000e+00
0.000000e+00
0.000000e+00
0.000000e+00
0.000000e+00
0.000000e+00
0.000000e+00
0.000000e+00
0.000000e+00
0.000000e+00
0.000000e+00
0.000000e+00
0.000000e+00
0.000000e+00
0.000000e+00
0.000000e+00
0.000000e+00
0.000000e+00
0.000000e+00
0.000000e+00
0.000000e+00
0.000000e+00
0.000000e+00
0.000000e+00
0.000000e+00
0.000000e+00
0.000000e+00
0.000000e+00
0.000000e+00
0.000000e+00
0.000000e+00
0.000000e+00
0.000000e+00
0.000000e+00
0.000000e+00
0.000000e+00
0.000000e+00
0.000000e+00
0.000000e+00
0.000000e+00
0.000000e+00
0.000000e+00
0.000000e+00
0.000000e+00
0.000000e+00
0.000000e+00
0.000000e+00
0.000000e+00
0.000000e+00
0.000000e+00
0.000000e+00
0.000000e+00
0.000000e+00
0.000000e+00
0.000000e+00
0.000000e+00
0.000000e+00
0.000000e+00
0.000000e+00
0.000000e+00
0.000000e+00
0.000000e+00
0.000000e+00
0.000000e+00
0.000000e+00
0.000000e+00
0.000000e+00
0.000000e+00
0.000000e+00
0.000000e+00
0.000000e+00
0.000000e+00
0.000000e+00
0.000000e+00
0.000000e+00
0.000000e+00
0.000000e+00
0.000000e+00
0.000000e+00
0.000000e+00
0.000000e+00
0.000000e+00
0.000000e+00
0.000000e+00
0.000000e+00
0.000000e+00
0.000000e+00
0.000000e+00
0.000000e+00
0.000000e+00
0.000000e+00
0.000000e+00
0.000000e+00
0.000000e+00
0.000000e+00
0.000000e+00
0.000000e+00
0.000000e+00
0.000000e+00
0.000000e+00
0.000000e+00
0.000000e+00
0.000000e+00
0.000000e+00
0.000000e+00
0.000000e+00
0.000000e+00
0.000000e+00
0.000000e+00
0.000000e+00
0.000000e+00
0.000000e+00
0.000000e+00
0.000000e+00
0.000000e+00
0.000000e+00
0.000000e+00
0.000000e+00
0.000000e+00
0.000000e+00
0.000000e+00
0.000000e+00
0.000000e+00
0.000000e+00
0.000000e+00
0.000000e+00
0.000000e+00
0.000000e+00
0.000000e+00
0.000000e+00
0.000000e+00
0.000000e+00
0.000000e+00
0.000000e+00
0.000000e+00
0.000000e+00
0.000000e+00
0.000000e+00
0.000000e+00
0.000000e+00
0.000000e+00
0.000000e+00
0.000000e+00
0.000000e+00
0.000000e+00
0.000000e+00
0.000000e+00
0.000000e+00
0.000000e+00
0.000000e+00
0.000000e+00
0.000000e+00
0.000000e+00
0.000000e+00
0.000000e+00
0.000000e+00
0.000000e+00
0.000000e+00
0.000000e+00
0.000000e+00
0.000000e+00
0.000000e+00
0.000000e+00
0.000000e+00
0.000000e+00
0.000000e+00
0.000000e+00
0.000000e+00
0.000000e+00
0.000000e+00
0.000000e+00
0.000000e+00
0.000000e+00
0.000000e+00
0.000000e+00
0.000000e+00
0.000000e+00
0.000000e+00
0.000000e+00
0.000000e+00
0.000000e+00
0.000000e+00
0.000000e+00
0.000000e+00
0.000000e+00
0.000000e+00
0.000000e+00
0.000000e+00
0.000000e+00
0.000000e+00
0.000000e+00
0.000000e+00
0.000000e+00
0.000000e+00
0.000000e+00
0.000000e+00
0.000000e+00
0.000000e+00
0.000000e+00
0.000000e+00
0.000000e+00
0.000000e+00
0.000000e+00
0.000000e+00
0.000000e+00
0.000000e+00
0.000000e+00
0.000000e+00
0.000000e+00
0.000000e+00
0.000000e+00
0.000000e+00
0.000000e+00
0.000000e+00
0.000000e+00
0.000000e+00
0.000000e+00
0.000000e+00
0.000000e+00
0.000000e+00
0.000000e+00
0.000000e+00
0.000000e+00
0.000000e+00
0.000000e+00
0.000000e+00
0.000000e+00
0.000000e+00
0.000000e+00
0.000000e+00
0.000000e+00
0.000000e+00
0.000000e+00
0.000000e+00
0.000000e+00
0.000000e+00
0.000000e+00
0.000000e+00
0.000000e+00
0.000000e+00
0.000000e+00
0.000000e+00
0.000000e+00
0.000000e+00
0.000000e+00
0.000000e+00
0.000000e+00
0.000000e+00
0.000000e+00
0.000000e+00
0.000000e+00
0.000000e+00
0.000000e+00
0.000000e+00
0.000000e+00
0.000000e+00
0.000000e+00
0.000000e+00
0.000000e+00
0.000000e+00
0.000000e+00
0.000000e+00
0.000000e+00
0.000000e+00
0.000000e+00
0.000000e+00
0.000000e+00
0.000000e+00
0.000000e+00
0.000000e+00
0.000000e+00
0.000000e+00
0.000000e+00
0.000000e+00
0.000000e+00
0.000000e+00
0.000000e+00
0.000000e+00
0.000000e+00
0.000000e+00
0.000000e+00
0.000000e+00
0.000000e+00
0.000000e+00
0.000000e+00
0.000000e+00
0.000000e+00
0.000000e+00
0.000000e+00
0.000000e+00
0.000000e+00
0.000000e+00
0.000000e+00
0.000000e+00
0.000000e+00
0.000000e+00
0.000000e+00
0.000000e+00
0.000000e+00
0.000000e+00
0.000000e+00
0.000000e+00
0.000000e+00
0.000000e+00
0.000000e+00
0.000000e+00
0.000000e+00
0.000000e+00
0.000000e+00
0.000000e+00
0.000000e+00
0.000000e+00
0.000000e+00
0.000000e+00
0.000000e+00
0.000000e+00
0.000000e+00
0.000000e+00
0.000000e+00
0.000000e+00
0.000000e+00
0.000000e+00
0.000000e+00
0.000000e+00
0.000000e+00
0.000000e+00
0.000000e+00
0.000000e+00
0.000000e+00
0.000000e+00
0.000000e+00
0.000000e+00
0.000000e+00
0.000000e+00
0.000000e+00
0.000000e+00
0.000000e+00
0.000000e+00
0.000000e+00
0.000000e+00
0.000000e+00
0.000000e+00
0.000000e+00
0.000000e+00
0.000000e+00
0.000000e+00
0.000000e+00
0.000000e+00
0.000000e+00
0.000000e+00
0.000000e+00
0.000000e+00
0.000000e+00
0.000000e+00
0.000000e+00
0.000000e+00
0.000000e+00
0.000000e+00
0.000000e+00
0.000000e+00
0.000000e+00
0.000000e+00
0.000000e+00
0.000000e+00
0.000000e+00
0.000000e+00
0.000000e+00
</DataArray>
<DataArray type="Float32" Name="V3" format="ascii">
0.000000e+00
0.000000e+00
0.000000e+00
0.000000e+00
0.000000e+00
0.000000e+00
0.000000e+00
0.000000e+00
0.000000e+00
0.000000e+00
0.000000e+00
0.000000e+00
0.000000e+00
0.000000e+00
0.000000e+00
0.000000e+00
0.000000e+00
0.000000e+00
0.000000e+00
0.000000e+00
0.000000e+00
0.000000e+00
0.000000e+00
0.000000e+00
0.000000e+00
0.000000e+00
0.000000e+00
0.000000e+00
0.000000e+00
0.000000e+00
0.000000e+00
0.000000e+00
0.000000e+00
0.000000e+00
0.000000e+00
0.000000e+00
0.000000e+00
0.000000e+00
0.000000e+00
0.000000e+00
0.000000e+00
0.000000e+00
0.000000e+00
0.000000e+00
0.000000e+00
0.000000e+00
0.000000e+00
0.000000e+00
0.000000e+00
0.000000e+00
0.000000e+00
0.000000e+00
0.000000e+00
0.000000e+00
0.000000e+00
0.000000e+00
0.000000e+00
0.000000e+00
0.000000e+00
0.000000e+00
0.000000e+00
0.000000e+00
0.000000e+00
0.000000e+00
0.000000e+00
0.000000e+00
0.000000e+00
0.000000e+00
0.000000e+00
0.000000e+00
0.000000e+00
0.000000e+00
0.000000e+00
0.000000e+00
0.000000e+00
0.000000e+00
0.000000e+00
0.000000e+00
0.000000e+00
0.000000e+00
0.000000e+00
0.000000e+00
0.000000e+00
0.000000e+00
0.000000e+00
0.000000e+00
0.000000e+00
0.000000e+00
0.000000e+00
0.000000e+00
0.000000e+00
0.000000e+00
0.000000e+00
0.000000e+00
0.000000e+00
0.000000e+00
0.000000e+00
0.000000e+00
0.000000e+00
0.000000e+00
0.000000e+00
0.000000e+00
0.000000e+00
0.000000e+00
0.000000e+00
0.000000e+00
0.000000e+00
0.000000e+00
0.000000e+00
0.000000e+00
0.000000e+00
0.000000e+00
0.000000e+00
0.000000e+00
0.000000e+00
0.000000e+00
0.000000e+00
0.000000e+00
0.000000e+00
0.000000e+00
0.000000e+00
0.000000e+00
0.000000e+00
0.000000e+00
0.000000e+00
0.000000e+00
0.000000e+00
0.000000e+00
0.000000e+00
0.000000e+00
0.000000e+00
0.000000e+00
0.000000e+00
0.000000e+00
0.000000e+00
0.000000e+00
0.000000e+00
0.000000e+00
0.000000e+00
0.000000e+00
0.000000e+00
0.000000e+00
0.000000e+00
0.000000e+00
0.000000e+00
0.000000e+00
0.000000e+00
0.000000e+00
0.000000e+00
0.000000e+00
0.000000e+00
0.000000e+00
0.000000e+00
0.000000e+00
0.000000e+00
0.000000e+00
0.000000e+00
0.000000e+00
0.000000e+00
0.000000e+00
0.000000e+00
0.000000e+00
0.000000e+00
0.000000e+00
0.000000e+00
0.000000e+00
0.000000e+00
0.000000e+00
0.000000e+00
0.000000e+00
0.000000e+00
0.000000e+00
0.000000e+00
0.000000e+00
0.000000e+00
0.000000e+00
0.000000e+00
0.000000e+00
0.000000e+00
0.000000e+00
0.000000e+00
0.000000e+00
0.000000e+00
0.000000e+00
0.000000e+00
0.000000e+00
0.000000e+00
0.000000e+00
0.000000e+00
0.000000e+00
0.000000e+00
0.000000e+00
0.000000e+00
0.000000e+00
0.000000e+00
0.000000e+00
0.000000e+00
0.000000e+00
0.000000e+00
0.000000e+00
0.000000e+00
0.000000e+00
0.000000e+00
0.000000e+00
0.000000e+00
0.000000e+00
0.000000e+00
0.000000e+00
0.000000e+00
0.000000e+00
0.000000e+00
0.000000e+00
0.000000e+00
0.000000e+00
0.000000e+00
0.000000e+00
0.000000e+00
0.000000e+00
0.000000e+00
0.000000e+00
0.000000e+00
0.000000e+00
0.000000e+00
0.000000e+00
0.000000e+00
0.000000e+00
0.000000e+00
0.000000e+00
0.000000e+00
0.000000e+00
0.000000e+00
0.000000e+00
0.000000e+00
0.000000e+00
0.000000e+00
0.000000e+00
0.000000e+00
0.000000e+00
0.000000e+00
0.000000e+00
0.000000e+00
0.000000e+00
0.000000e+00
0.000000e+00
0.000000e+00
0.000000e+00
0.000000e+00
0.000000e+00
0.000000e+00
0.000000e+00
0.000000e+00
0.000000e+00
0.000000e+00
0.000000e+00
0.000000e+00
0.000000e+00
0.000000e+00
0.000000e+00
0.000000e+00
0.000000e+00
0.000000e+00
0.000000e+00
0.000000e+00
0.000000e+00
0.000000e+00
0.000000e+00
0.000000e+00
0.000000e+00
0.000000e+00
0.000000e+00
0.000000e+00
0.000000e+00
0.000000e+00
0.000000e+00
0.000000e+00
0.000000e+00
0.000000e+00
0.000000e+00
0.000000e+00
0.000000e+00
0.000000e+00
0.000000e+00
0.000000e+00
0.000000e+00
0.000000e+00
0.000000e+00
0.000000e+00
0.000000e+00
0.000000e+00
0.000000e+00
0.000000e+00
0.000000e+00
0.000000e+00
0.000000e+00
0.000000e+00
0.000000e+00
0.000000e+00
0.000000e+00
0.000000e+00
0.000000e+00
0.000000e+00
0.000000e+00
0.000000e+00
0.000000e+00
0.000000e+00
0.000000e+00
0.000000e+00
0.000000e+00
0.000000e+00
0.000000e+00
0.000000e+00
0.000000e+00
0.000000e+00
0.000000e+00
0.000000e+00
0.000000e+00
0.000000e+00
0.000000e+00
0.000000e+00
0.000000e+00
0.000000e+00
0.000000e+00
0.000000e+00
0.000000e+00
0.000000e+00
0.000000e+00
0.000000e+00
0.000000e+00
0.000000e+00
0.000000e+00
0.000000e+00
0.000000e+00
0.000000e+00
0.000000e+00
0.000000e+00
0.000000e+00
0.000000e+00
0.000000e+00
0.000000e+00
0.000000e+00
0.000000e+00
0.000000e+00
0.000000e+00
0.000000e+00
0.000000e+00
0.000000e+00
0.000000e+00
0.000000e+00
0.000000e+00
0.000000e+00
0.000000e+00
0.000000e+00
0.000000e+00
0.000000e+00
0.000000e+00
0.000000e+00
0.000000e+00
0.000000e+00
0.000000e+00
0.000000e+00
0.000000e+00
0.000000e+00
0.000000e+00
0.000000e+00
0.000000e+00
0.000000e+00
0.000000e+00
0.000000e+00
0.000000e+00
0.000000e+00
0.000000e+00
0.000000e+00
0.000000e+00
0.000000e+00
0.000000e+00
0.000000e+00
0.000000e+00
0.000000e+00
0.000000e+00
0.000000e+00
0.000000e+00
0.000000e+00
0.000000e+00
0.000000e+00
0.000000e+00
0.000000e+00
0.000000e+00
0.000000e+00
0.000000e+00
0.000000e+00
0.000000e+00
0.000000e+00
0.000000e+00
0.000000e+00
0.000000e+00
0.000000e+00
0.000000e+00
0.000000e+00
0.000000e+00
0.000000e+00
0.000000e+00
0.000000e+00
0.000000e+00
0.000000e+00
0.000000e+00
0.000000e+00
0.000000e+00
0.000000e+00
0.000000e+00
0.000000e+00
0.000000e+00
0.000000e+00
0.000000e+00
0.000000e+00
0.000000e+00
0.000000e+00
0.000000e+00
0.000000e+00
0.000000e+00
0.000000e+00
0.000000e+00
0.000000e+00
0.000000e+00
0.000000e+00
0.000000e+00
0.000000e+00
0.000000e+00
0.000000e+00
0.000000e+00
0.000000e+00
0.000000e+00
0.000000e+00
0.000000e+00
0.000000e+00
0.000000e+00
0.000000e+00
0.000000e+00
0.000000e+00
0.000000e+00
0.000000e+00
0.000000e+00
0.000000e+00
0.000000e+00
0.000000e+00
0.000000e+00
0.000000e+00
0.000000e+00
0.000000e+00
0.000000e+00
0.000000e+00
0.000000e+00
0.000000e+00
0.000000e+00
0.000000e+00
0.000000e+00
0.000000e+00
0.000000e+00
0.000000e+00
0.000000e+00
0.000000e+00
0.000000e+00
0.000000e+00
0.000000e+00
0.000000e+00
0.000000e+00
0.000000e+00
0.000000e+00
0.000000e+00
0.000000e+00
0.000000e+00
0.000000e+00
0.000000e+00
0.000000e+00
0.000000e+00
0.000000e+00
0.000000e+00
0.000000e+00
0.000000e+00
0.000000e+00
0.000000e+00
0.000000e+00
0.000000e+00
0.000000e+00
0.000000e+00
0.000000e+00
0.000000e+00
0.000000e+00
0.000000e+00
0.000000e+00
0.000000e+00
0.000000e+00
0.000000e+00
0.000000e+00
0.000000e+00
0.000000e+00
0.000000e+00
0.000000e+00
0.000000e+00
0.000000e+00
0.000000e+00
0.000000e+00
0.000000e+00
0.000000e+00
0.000000e+00
0.000000e+00
0.000000e+00
0.000000e+00
0.000000e+00
0.000000e+00
0.000000e+00
0.000000e+00
0.000000e+00
0.000000e+00
0.000000e+00
0.000000e+00
0.000000e+00
0.000000e+00
0.000000e+00
0.000000e+00
0.000000e+00
0.000000e+00
0.000000e+00
0.000000e+00
0.000000e+00
0.000000e+00
0.000000e+00
0.000000e+00
0.000000e+00
0.000000e+00
0.000000e+00
0.000000e+00
0.000000e+00
0.000000e+00
0.000000e+00
0.000000e+00
0.000000e+00
0.000000e+00
0.000000e+00
0.000000e+00
0.000000e+00
0.000000e+00
0.000000e+00
0.000000e+00
0.000000e+00
0.000000e+00
0.000000e+00
0.000000e+00
0.000000e+00
0.000000e+00
0.000000e+00
0.000000e+00
0.000000e+00
0.000000e+00
0.000000e+00
0.000000e+00
0.000000e+00
0.000000e+00
0.000000e+00
0.000000e+00
0.000000e+00
0.000000e+00
0.000000e+00
0.000000e+00
0.000000e+00
0.000000e+00
0.000000e+00
0.000000e+00
0.000000e+00
0.000000e+00
0.000000e+00
0.000000e+00
0.000000e+00
0.000000e+00
0.000000e+00
0.000000e+00
0.000000e+00
0.000000e+00
0.000000e+00
0.000000e+00
0.000000e+00
0.000000e+00
0.000000e+00
0.000000e+00
0.000000e+00
0.000000e+00
0.000000e+00
0.000000e+00
0.000000e+00
0.000000e+00
0.000000e+00
0.000000e+00
0.000000e+00
0.000000e+00
0.000000e+00
0.000000e+00
0.000000e+00
0.000000e+00
0.000000e+00
0.000000e+00
0.000000e+00
0.000000e+00
0.000000e+00
0.000000e+00
0.000000e+00
0.000000e+00
0.000000e+00
0.000000e+00
0.000000e+00
0.000000e+00
0.000000e+00
0.000000e+00
0.000000e+00
0.000000e+00
0.000000e+00
0.000000e+00
0.000000e+00
0.000000e+00
0.000000e+00
0.000000e+00
0.000000e+00
0.000000e+00
0.000000e+00
0.000000e+00
0.000000e+00
0.000000e+00
0.000000e+00
0.000000e+00
0.000000e+00
0.000000e+00
0.000000e+00
0.000000e+00
0.000000e+00
0.000000e+00
0.000000e+00
0.000000e+00
0.000000e+00
0.000000e+00
0.000000e+00
0.000000e+00
0.000000e+00
0.000000e+00
0.000000e+00
0.000000e+00
0.000000e+00
0.000000e+00
0.000000e+00
0.000000e+00
0.000000e+00
0.000000e+00
0.000000e+00
0.000000e+00
0.000000e+00
0.000000e+00
0.000000e+00
0.000000e+00
0.000000e+00
0.000000e+00
0.000000e+00
0.000000e+00
0.000000e+00
0.000000e+00
0.000000e+00
0.000000e+00
0.000000e+00
0.000000e+00
0.000000e+00
0.000000e+00
0.000000e+00
0.000000e+00
0.000000e+00
0.000000e+00
0.000000e+00
0.000000e+00
0.000000e+00
0.000000e+00
0.000000e+00
0.000000e+00
0.000000e+00
0.000000e+00
0.000000e+00
0.000000e+00
0.000000e+00
0.000000e+00
0.000000e+00
0.000000e+00
0.000000e+00
0.000000e+00
0.000000e+00
0.000000e+00
0.000000e+00
0.000000e+00
0.000000e+00
0.000000e+00
0.000000e+00
0.000000e+00
0.000000e+00
0.000000e+00
0.000000e+00
0.000000e+00
0.000000e+00
0.000000e+00
0.000000e+00
0.000000e+00
0.000000e+00
0.000000e+00
0.000000e+00
0.000000e+00
0.000000e+00
0.000000e+00
0.000000e+00
0.000000e+00
0.000000e+00
0.000000e+00
0.000000e+00
0.000000e+00
0.000000e+00
0.000000e+00
0.000000e+00
0.000000e+00
0.000000e+00
0.000000e+00
0.000000e+00
0.000000e+00
0.000000e+00
0.000000e+00
0.000000e+00
0.000000e+00
0.000000e+00
0.000000e+00
0.000000e+00
0.000000e+00
0.000000e+00
0.000000e+00
0.000000e+00
0.000000e+00
0.000000e+00
0.000000e+00
0.000000e+00
0.000000e+00
0.000000e+00
0.000000e+00
0.000000e+00
0.000000e+00
0.000000e+00
0.000000e+00
0.000000e+00
0.000000e+00
0.000000e+00
0.000000e+00
0.000000e+00
0.000000e+00
0.000000e+00
0.000000e+00
0.000000e+00
0.000000e+00
0.000000e+00
0.000000e+00
0.000000e+00
0.000000e+00
0.000000e+00
0.000000e+00
0.000000e+00
0.000000e+00
0.000000e+00
0.000000e+00
0.000000e+00
0.000000e+00
0.000000e+00
0.000000e+00
0.000000e+00
0.000000e+00
0.000000e+00
0.000000e+00
0.000000e+00
0.000000e+00
0.000000e+00
0.000000e+00
0.000000e+00
0.000000e+00
0.000000e+00
0.000000e+00
0.000000e+00
0.000000e+00
0.000000e+00
0.000000e+00
0.000000e+00
0.000000e+00
0.000000e+00
0.000000e+00
0.000000e+00
0.000000e+00
0.000000e+00
0.000000e+00
0.000000e+00
0.000000e+00
0.000000e+00
0.000000e+00
0.000000e+00
0.000000e+00
0.000000e+00
0.000000e+00
0.000000e+00
0.000000e+00
0.000000e+00
0.000000e+00
0.000000e+00
0.000000e+00
0.000000e+00
0.000000e+00
0.000000e+00
0.000000e+00
0.000000e+00
0.000000e+00
0.000000e+00
0.000000e+00
0.000000e+00
0.000000e+00
0.000000e+00
0.000000e+00
0.000000e+00
0.000000e+00
0.000000e+00
0.000000e+00
0.000000e+00
0.000000e+00
0.000000e+00
0.000000e+00
0.000000e+00
0.000000e+00
0.000000e+00
0.000000e+00
0.000000e+00
0.000000e+00
0.000000e+00
0.000000e+00
0.000000e+00
0.000000e+00
0.000000e+00
0.000000e+00
0.000000e+00
0.000000e+00
0.000000e+00
0.000000e+00
0.000000e+00
0.000000e+00
0.000000e+00
0.000000e+00
0.000000e+00
0.000000e+00
0.000000e+00
0.000000e+00
0.000000e+00
0.000000e+00
0.000000e+00
0.000000e+00
0.000000e+00
0.000000e+00
0.000000e+00
0.000000e+00
0.000000e+00
0.000000e+00
0.000000e+00
0.000000e+00
0.000000e+00
0.000000e+00
0.000000e+00
0.000000e+00
0.000000e+00
0.000000e+00
0.000000e+00
0.000000e+00
0.000000e+00
0.000000e+00
0.000000e+00
0.000000e+00
0.000000e+00
0.000000e+00
0.000000e+00
0.000000e+00
0.000000e+00
0.000000e+00
0.000000e+00
0.000000e+00
0.000000e+00
0.000000e+00
0.000000e+00
0.000000e+00
0.000000e+00
0.000000e+00
0.000000e+00
0.000000e+00
0.000000e+00
0.000000e+00
0.000000e+00
0.000000e+00
0.000000e+00
0.000000e+00
0.000000e+00
0.000000e+00
0.000000e+00
0.000000e+00
0.000000e+00
0.000000e+00
0.000000e+00
0.000000e+00
0.000000e+00
0.000000e+00
0.000000e+00
0.000000e+00
0.000000e+00
0.000000e+00
0.000000e+00
0.000000e+00
0.000000e+00
0.000000e+00
0.000000e+00
0.000000e+00
0.000000e+00
0.000000e+00
0.000000e+00
0.000000e+00
0.000000e+00
0.000000e+00
0.000000e+00
0.000000e+00
0.000000e+00
0.000000e+00
0.000000e+00
0.000000e+00
0.000000e+00
0.000000e+00
0.000000e+00
0.000000e+00
0.000000e+00
0.000000e+00
0.000000e+00
0.000000e+00
0.000000e+00
0.000000e+00
0.000000e+00
0.000000e+00
0.000000e+00
0.000000e+00
0.000000e+00
0.000000e+00
0.000000e+00
0.000000e+00
0.000000e+00
0.000000e+00
0.000000e+00
0.000000e+00
0.000000e+00
0.000000e+00
0.000000e+00
0.000000e+00
0.000000e+00
0.000000e+00
0.000000e+00
0.000000e+00
0.000000e+00
0.000000e+00
0.000000e+00
0.000000e+00
0.000000e+00
0.000000e+00
0.000000e+00
0.000000e+00
0.000000e+00
0.000000e+00
0.000000e+00
0.000000e+00
0.000000e+00
0.000000e+00
0.000000e+00
0.000000e+00
0.000000e+00
0.000000e+00
0.000000e+00
0.000000e+00
0.000000e+00
0.000000e+00
0.000000e+00
0.000000e+00
0.000000e+00
0.000000e+00
0.000000e+00
0.000000e+00
0.000000e+00
0.000000e+00
0.000000e+00
0.000000e+00
0.000000e+00
0.000000e+00
0.000000e+00
0.000000e+00
0.000000e+00
0.000000e+00
0.000000e+00
0.000000e+00
0.000000e+00
0.000000e+00
0.000000e+00
0.000000e+00
0.000000e+00
0.000000e+00
0.000000e+00
0.000000e+00
0.000000e+00
0.000000e+00
0.000000e+00
0.000000e+00
0.000000e+00
0.000000e+00
0.000000e+00
0.000000e+00
0.000000e+00
0.000000e+00
0.000000e+00
0.000000e+00
0.000000e+00
0.000000e+00
0.000000e+00
0.000000e+00
0.000000e+00
0.000000e+00
0.000000e+00
0.000000e+00
0.000000e+00
0.000000e+00
0.000000e+00
0.000000e+00
0.000000e+00
0.000000e+00
0.000000e+00
0.000000e+00
0.000000e+00
0.000000e+00
0.000000e+00
0.000000e+00
0.000000e+00
0.000000e+00
0.000000e+00
0.000000e+00
0.000000e+00
0.000000e+00
0.000000e+00
0.000000e+00
0.000000e+00
0.000000e+00
0.000000e+00
0.000000e+00
0.000000e+00
0.000000e+00
0.000000e+00
0.000000e+00
0.000000e+00
0.000000e+00
0.000000e+00
0.000000e+00
0.000000e+00
0.000000e+00
0.000000e+00
0.000000e+00
0.000000e+00
0.000000e+00
0.000000e+00
0.000000e+00
0.000000e+00
0.000000e+00
0.000000e+00
0.000000e+00
0.000000e+00
0.000000e+00
0.000000e+00
0.000000e+00
0.000000e+00
0.000000e+00
0.000000e+00
0.000000e+00
0.000000e+00
0.000000e+00
0.000000e+00
0.000000e+00
0.000000e+00
0.000000e+00
0.000000e+00
0.000000e+00
0.000000e+00
0.000000e+00
0.000000e+00
0.000000e+00
0.000000e+00
0.000000e+00
0.000000e+00
0.000000e+00
0.000000e+00
0.000000e+00
0.000000e+00
0.000000e+00
0.000000e+00
0.000000e+00
0.000000e+00
0.000000e+00
0.000000e+00
0.000000e+00
0.000000e+00
0.000000e+00
0.000000e+00
0.000000e+00
0.000000e+00
0.000000e+00
0.000000e+00
0.000000e+00
0.000000e+00
0.000000e+00
0.000000e+00
0.000000e+00
0.000000e+00
0.000000e+00
0.000000e+00
0.000000e+00
0.000000e+00
0.000000e+00
0.000000e+00
0.000000e+00
0.000000e+00
0.000000e+00
0.000000e+00
0.000000e+00
0.000000e+00
0.000000e+00
0.000000e+00
0.000000e+00
0.000000e+00
0.000000e+00
0.000000e+00
0.000000e+00
0.000000e+00
0.000000e+00
0.000000e+00
0.000000e+00
0.000000e+00
0.000000e+00
0.000000e+00
0.000000e+00
0.000000e+00
0.000000e+00
0.000000e+00
0.000000e+00
0.000000e+00
0.000000e+00
0.000000e+00
0.000000e+00
0.000000e+00
0.000000e+00
0.000000e+00
0.000000e+00
0.000000e+00
0.000000e+00
0.000000e+00
0.000000e+00
0.000000e+00
0.000000e+00
0.000000e+00
0.000000e+00
0.000000e+00
0.000000e+00
0.000000e+00
0.000000e+00
0.000000e+00
0.000000e+00
0.000000e+00
0.000000e+00
0.000000e+00
0.000000e+00
0.000000e+00
0.000000e+00
0.000000e+00
0.000000e+00
0.000000e+00
0.000000e+00
0.000000e+00
0.000000e+00
0.000000e+00
0.000000e+00
0.000000e+00
0.000000e+00
0.000000e+00
0.000000e+00
0.000000e+00
0.000000e+00
0.000000e+00
0.000000e+00
0.000000e+00
0.000000e+00
0.000000e+00
0.000000e+00
0.000000e+00
0.000000e+00
0.000000e+00
0.000000e+00
0.000000e+00
0.000000e+00
0.000000e+00
0.000000e+00
0.000000e+00
0.000000e+00
0.000000e+00
0.000000e+00
0.000000e+00
0.000000e+00
0.000000e+00
0.000000e+00
0.000000e+00
0.000000e+00
0.000000e+00
0.000000e+00
0.000000e+00
0.000000e+00
0.000000e+00
0.000000e+00
0.000000e+00
0.000000e+00
0.000000e+00
0.000000e+00
0.000000e+00
0.000000e+00
0.000000e+00
0.000000e+00
0.000000e+00
0.000000e+00
0.000000e+00
0.000000e+00
0.000000e+00
0.000000e+00
0.000000e+00
0.000000e+00
0.000000e+00
0.000000e+00
0.000000e+00
0.000000e+00
0.000000e+00
0.000000e+00
0.000000e+00
0.000000e+00
0.000000e+00
0.000000e+00
0.000000e+00
0.000000e+00
0.000000e+00
0.000000e+00
0.000000e+00
0.000000e+00
0.000000e+00
0.000000e+00
0.000000e+00
0.000000e+00
0.000000e+00
0.000000e+00
0.000000e+00
0.000000e+00
0.000000e+00
0.000000e+00
0.000000e+00
0.000000e+00
0.000000e+00
0.000000e+00
0.000000e+00
0.000000e+00
0.000000e+00
0.000000e+00
0.000000e+00
0.000000e+00
0.000000e+00
0.000000e+00
0.000000e+00
0.000000e+00
0.000000e+00
0.000000e+00
0.000000e+00
0.000000e+00
0.000000e+00
0.000000e+00
0.000000e+00
0.000000e+00
0.000000e+00
0.000000e+00
0.000000e+00
0.000000e+00
0.000000e+00
0.000000e+00
0.000000e+00
0.000000e+00
0.000000e+00
0.000000e+00
0.000000e+00
0.000000e+00
0.000000e+00
0.000000e+00
0.000000e+00
0.000000e+00
0.000000e+00
0.000000e+00
0.000000e+00
0.000000e+00
0.000000e+00
0.000000e+00
0.000000e+00
0.000000e+00
0.000000e+00
0.000000e+00
0.000000e+00
0.000000e+00
0.000000e+00
0.000000e+00
0.000000e+00
0.000000e+00
0.000000e+00
0.000000e+00
0.000000e+00
</DataArray>
<DataArray type="Float32" Name="V4" format="ascii">
0.000000e+00
0.000000e+00
0.000000e+00
0.000000e+00
0.000000e+00
0.000000e+00
0.000000e+00
0.000000e+00
0.000000e+00
0.000000e+00
0.000000e+00
0.000000e+00
0.000000e+00
0.000000e+00
0.000000e+00
0.000000e+00
0.000000e+00
0.000000e+00
0.000000e+00
0.000000e+00
0.000000e+00
0.000000e+00
0.000000e+00
0.000000e+00
0.000000e+00
0.000000e+00
0.000000e+00
0.000000e+00
0.000000e+00
0.000000e+00
0.000000e+00
0.000000e+00
0.000000e+00
0.000000e+00
0.000000e+00
0.000000e+00
0.000000e+00
0.000000e+00
0.000000e+00
0.000000e+00
0.000000e+00
0.000000e+00
0.000000e+00
0.000000e+00
0.000000e+00
0.000000e+00
0.000000e+00
0.000000e+00
0.000000e+00
0.000000e+00
0.000000e+00
0.000000e+00
0.000000e+00
0.000000e+00
0.000000e+00
0.000000e+00
0.000000e+00
0.000000e+00
0.000000e+00
0.000000e+00
0.000000e+00
0.000000e+00
0.000000e+00
0.000000e+00
0.000000e+00
0.000000e+00
0.000000e+00
0.000000e+00
0.000000e+00
0.000000e+00
0.000000e+00
0.000000e+00
0.000000e+00
0.000000e+00
0.000000e+00
0.000000e+00
0.000000e+00
0.000000e+00
0.000000e+00
0.000000e+00
0.000000e+00
0.000000e+00
0.000000e+00
0.000000e+00
0.000000e+00
0.000000e+00
0.000000e+00
0.000000e+00
0.000000e+00
0.000000e+00
0.000000e+00
0.000000e+00
0.000000e+00
0.000000e+00
0.000000e+00
0.000000e+00
0.000000e+00
0.000000e+00
0.000000e+00
0.000000e+00
0.000000e+00
0.000000e+00
0.000000e+00
0.000000e+00
0.000000e+00
0.000000e+00
0.000000e+00
0.000000e+00
0.000000e+00
0.000000e+00
0.000000e+00
0.000000e+00
0.000000e+00
0.000000e+00
0.000000e+00
0.000000e+00
0.000000e+00
0.000000e+00
0.000000e+00
0.000000e+00
0.000000e+00
0.000000e+00
0.000000e+00
0.000000e+00
0.000000e+00
0.000000e+00
0.000000e+00
0.000000e+00
0.000000e+00
0.000000e+00
0.000000e+00
0.000000e+00
0.000000e+00
0.000000e+00
0.000000e+00
0.000000e+00
0.000000e+00
0.000000e+00
0.000000e+00
0.000000e+00
0.000000e+00
0.000000e+00
0.000000e+00
0.000000e+00
0.000000e+00
0.000000e+00
0.000000e+00
0.000000e+00
0.000000e+00
0.000000e+00
0.000000e+00
0.000000e+00
0.000000e+00
0.000000e+00
0.000000e+00
0.000000e+00
0.000000e+00
0.000000e+00
0.000000e+00
0.000000e+00
0.000000e+00
0.000000e+00
0.000000e+00
0.000000e+00
0.000000e+00
0.000000e+00
0.000000e+00
0.000000e+00
0.000000e+00
0.000000e+00
0.000000e+00
0.000000e+00
0.000000e+00
0.000000e+00
0.000000e+00
0.000000e+00
0.000000e+00
0.000000e+00
0.000000e+00
0.000000e+00
0.000000e+00
0.000000e+00
0.000000e+00
0.000000e+00
0.000000e+00
0.000000e+00
0.000000e+00
0.000000e+00
0.000000e+00
0.000000e+00
0.000000e+00
0.000000e+00
0.000000e+00
0.000000e+00
0.000000e+00
0.000000e+00
0.000000e+00
0.000000e+00
0.000000e+00
0.000000e+00
0.000000e+00
0.000000e+00
0.000000e+00
0.000000e+00
0.000000e+00
0.000000e+00
0.000000e+00
0.000000e+00
0.000000e+00
0.000000e+00
0.000000e+00
0.000000e+00
0.000000e+00
0.000000e+00
0.000000e+00
0.000000e+00
0.000000e+00
0.000000e+00
0.000000e+00
0.000000e+00
0.000000e+00
0.000000e+00
0.000000e+00
0.000000e+00
0.000000e+00
0.000000e+00
0.000000e+00
0.000000e+00
0.000000e+00
0.000000e+00
0.000000e+00
0.000000e+00
0.000000e+00
0.000000e+00
0.000000e+00
0.000000e+00
0.000000e+00
0.000000e+00
0.000000e+00
0.000000e+00
0.000000e+00
0.000000e+00
0.000000e+00
0.000000e+00
0.000000e+00
0.000000e+00
0.000000e+00
0.000000e+00
0.000000e+00
0.000000e+00
0.000000e+00
0.000000e+00
0.000000e+00
0.000000e+00
0.000000e+00
0.000000e+00
0.000000e+00
0.000000e+00
0.000000e+00
0.000000e+00
0.000000e+00
0.000000e+00
0.000000e+00
0.000000e+00
0.000000e+00
0.000000e+00
0.000000e+00
0.000000e+00
0.000000e+00
0.000000e+00
0.000000e+00
0.000000e+00
0.000000e+00
0.000000e+00
0.000000e+00
0.000000e+00
0.000000e+00
0.000000e+00
0.000000e+00
0.000000e+00
0.000000e+00
0.000000e+00
0.000000e+00
0.000000e+00
0.000000e+00
0.000000e+00
0.000000e+00
0.000000e+00
0.000000e+00
0.000000e+00
0.000000e+00
0.000000e+00
0.000000e+00
0.000000e+00
0.000000e+00
0.000000e+00
0.000000e+00
0.000000e+00
0.000000e+00
0.000000e+00
0.000000e+00
0.000000e+00
0.000000e+00
0.000000e+00
0.000000e+00
0.000000e+00
0.000000e+00
0.000000e+00
0.000000e+00
0.000000e+00
0.000000e+00
0.000000e+00
0.000000e+00
0.000000e+00
0.000000e+00
0.000000e+00
0.000000e+00
0.000000e+00
0.000000e+00
0.000000e+00
0.000000e+00
0.000000e+00
0.000000e+00
0.000000e+00
0.000000e+00
0.000000e+00
0.000000e+00
0.000000e+00
0.000000e+00
0.000000e+00
0.000000e+00
0.000000e+00
0.000000e+00
0.000000e+00
0.000000e+00
0.000000e+00
0.000000e+00
0.000000e+00
0.000000e+00
0.000000e+00
0.000000e+00
0.000000e+00
0.000000e+00
0.000000e+00
0.000000e+00
0.000000e+00
0.000000e+00
0.000000e+00
0.000000e+00
0.000000e+00
0.000000e+00
0.000000e+00
0.000000e+00
0.000000e+00
0.000000e+00
0.000000e+00
0.000000e+00
0.000000e+00
0.000000e+00
0.000000e+00
0.000000e+00
0.000000e+00
0.000000e+00
0.000000e+00
0.000000e+00
0.000000e+00
0.000000e+00
0.000000e+00
0.000000e+00
0.000000e+00
0.000000e+00
0.000000e+00
0.000000e+00
0.000000e+00
0.000000e+00
0.000000e+00
0.000000e+00
0.000000e+00
0.000000e+00
0.000000e+00
0.000000e+00
0.000000e+00
0.000000e+00
0.000000e+00
0.000000e+00
0.000000e+00
0.000000e+00
0.000000e+00
0.000000e+00
0.000000e+00
0.000000e+00
0.000000e+00
0.000000e+00
0.000000e+00
0.000000e+00
0.000000e+00
0.000000e+00
0.000000e+00
0.000000e+00
0.000000e+00
0.000000e+00
0.000000e+00
0.000000e+00
0.000000e+00
0.000000e+00
0.000000e+00
0.000000e+00
0.000000e+00
0.000000e+00
0.000000e+00
0.000000e+00
0.000000e+00
0.000000e+00
0.000000e+00
0.000000e+00
0.000000e+00
0.000000e+00
0.000000e+00
0.000000e+00
0.000000e+00
0.000000e+00
0.000000e+00
0.000000e+00
0.000000e+00
0.000000e+00
0.000000e+00
0.000000e+00
0.000000e+00
0.000000e+00
0.000000e+00
0.000000e+00
0.000000e+00
0.000000e+00
0.000000e+00
0.000000e+00
0.000000e+00
0.000000e+00
0.000000e+00
0.000000e+00
0.000000e+00
0.000000e+00
0.000000e+00
0.000000e+00
0.000000e+00
0.000000e+00
0.000000e+00
0.000000e+00
0.000000e+00
0.000000e+00
0.000000e+00
0.000000e+00
0.000000e+00
0.000000e+00
0.000000e+00
0.000000e+00
0.000000e+00
0.000000e+00
0.000000e+00
0.000000e+00
0.000000e+00
0.000000e+00
0.000000e+00
0.000000e+00
0.000000e+00
0.000000e+00
0.000000e+00
0.000000e+00
0.000000e+00
0.000000e+00
0.000000e+00
0.000000e+00
0.000000e+00
0.000000e+00
0.000000e+00
0.000000e+00
0.000000e+00
0.000000e+00
0.000000e+00
0.000000e+00
0.000000e+00
0.000000e+00
0.000000e+00
0.000000e+00
0.000000e+00
0.000000e+00
0.000000e+00
0.000000e+00
0.000000e+00
0.000000e+00
0.000000e+00
0.000000e+00
0.000000e+00
0.000000e+00
0.000000e+00
0.000000e+00
0.000000e+00
0.000000e+00
0.000000e+00
0.000000e+00
0.000000e+00
0.000000e+00
0.000000e+00
0.000000e+00
0.000000e+00
0.000000e+00
0.000000e+00
0.000000e+00
0.000000e+00
0.000000e+00
0.000000e+00
0.000000e+00
0.000000e+00
0.000000e+00
0.000000e+00
0.000000e+00
0.000000e+00
0.000000e+00
0.000000e+00
0.000000e+00
0.000000e+00
0.000000e+00
0.000000e+00
0.000000e+00
0.000000e+00
0.000000e+00
0.000000e+00
0.000000e+00
0.000000e+00
0.000000e+00
0.000000e+00
0.000000e+00
0.000000e+00
0.000000e+00
0.000000e+00
0.000000e+00
0.000000e+00
0.000000e+00
0.000000e+00
0.000000e+00
0.000000e+00
0.000000e+00
0.000000e+00
0.000000e+00
0.000000e+00
0.000000e+00
0.000000e+00
0.000000e+00
0.000000e+00
0.000000e+00
0.000000e+00
0.000000e+00
0.000000e+00
0.000000e+00
0.000000e+00
0.000000e+00
0.000000e+00
0.000000e+00
0.000000e+00
0.000000e+00
0.000000e+00
0.000000e+00
0.000000e+00
0.000000e+00
0.000000e+00
0.000000e+00
0.000000e+00
0.000000e+00
0.000000e+00
0.000000e+00
0.000000e+00
0.000000e+00
0.000000e+00
0.000000e+00
0.000000e+00
0.000000e+00
0.000000e+00
0.000000e+00
0.000000e+00
0.000000e+00
0.000000e+00
0.000000e+00
0.000000e+00
0.000000e+00
0.000000e+00
0.000000e+00
0.000000e+00
0.000000e+00
0.000000e+00
0.000000e+00
0.000000e+00
0.000000e+00
0.000000e+00
0.000000e+00
0.000000e+00
0.000000e+00
0.000000e+00
0.000000e+00
0.000000e+00
0.000000e+00
0.000000e+00
0.000000e+00
0.000000e+00
0.000000e+00
0.000000e+00
0.000000e+00
0.000000e+00
0.000000e+00
0.000000e+00
0.000000e+00
0.000000e+00
0.000000e+00
0.000000e+00
0.000000e+00
0.000000e+00
0.000000e+00
0.000000e+00
0.000000e+00
0.000000e+00
0.000000e+00
0.000000e+00
0.000000e+00
0.000000e+00
0.000000e+00
0.000000e+00
0.000000e+00
0.000000e+00
0.000000e+00
0.000000e+00
0.000000e+00
0.000000e+00
0.000000e+00
0.000000e+00
0.000000e+00
0.000000e+00
0.000000e+00
0.000000e+00
0.000000e+00
0.000000e+00
0.000000e+00
0.000000e+00
0.000000e+00
0.000000e+00
0.000000e+00
0.000000e+00
0.000000e+00
0.000000e+00
0.000000e+00
0.000000e+00
0.000000e+00
0.000000e+00
0.000000e+00
0.000000e+00
0.000000e+00
0.000000e+00
0.000000e+00
0.000000e+00
0.000000e+00
0.000000e+00
0.000000e+00
0.000000e+00
0.000000e+00
0.000000e+00
0.000000e+00
0.000000e+00
0.000000e+00
0.000000e+00
0.000000e+00
0.000000e+00
0.000000e+00
0.000000e+00
0.000000e+00
0.000000e+00
0.000000e+00
0.000000e+00
0.000000e+00
0.000000e+00
0.000000e+00
0.000000e+00
0.000000e+00
0.000000e+00
0.000000e+00
0.000000e+00
0.000000e+00
0.000000e+00
0.000000e+00
0.000000e+00
0.000000e+00
0.000000e+00
0.000000e+00
0.000000e+00
0.000000e+00
0.000000e+00
0.000000e+00
0.000000e+00
0.000000e+00
0.000000e+00
0.000000e+00
0.000000e+00
0.000000e+00
0.000000e+00
0.000000e+00
0.000000e+00
0.000000e+00
0.000000e+00
0.000000e+00
0.000000e+00
0.000000e+00
0.000000e+00
0.000000e+00
0.000000e+00
0.000000e+00
0.000000e+00
0.000000e+00
0.000000e+00
0.000000e+00
0.000000e+00
0.000000e+00
0.000000e+00
0.000000e+00
0.000000e+00
0.000000e+00
0.000000e+00
0.000000e+00
0.000000e+00
0.000000e+00
0.000000e+00
0.000000e+00
0.000000e+00
0.000000e+00
0.000000e+00
0.000000e+00
0.000000e+00
0.000000e+00
0.000000e+00
0.000000e+00
0.000000e+00
0.000000e+00
0.000000e+00
0.000000e+00
0.000000e+00
0.000000e+00
0.000000e+00
0.000000e+00
0.000000e+00
0.000000e+00
0.000000e+00
0.000000e+00
0.000000e+00
0.000000e+00
0.000000e+00
0.000000e+00
0.000000e+00
0.000000e+00
0.000000e+00
0.000000e+00
0.000000e+00
0.000000e+00
0.000000e+00
0.000000e+00
0.000000e+00
0.000000e+00
0.000000e+00
0.000000e+00
0.000000e+00
0.000000e+00
0.000000e+00
0.000000e+00
0.000000e+00
0.000000e+00
0.000000e+00
0.000000e+00
0.000000e+00
0.000000e+00
0.000000e+00
0.000000e+00
0.000000e+00
0.000000e+00
0.000000e+00
0.000000e+00
0.000000e+00
0.000000e+00
0.000000e+00
0.000000e+00
0.000000e+00
0.000000e+00
0.000000e+00
0.000000e+00
0.000000e+00
0.000000e+00
0.000000e+00
0.000000e+00
0.000000e+00
0.000000e+00
0.000000e+00
0.000000e+00
0.000000e+00
0.000000e+00
0.000000e+00
0.000000e+00
0.000000e+00
0.000000e+00
0.000000e+00
0.000000e+00
0.000000e+00
0.000000e+00
0.000000e+00
0.000000e+00
0.000000e+00
0.000000e+00
0.000000e+00
0.000000e+00
0.000000e+00
0.000000e+00
0.000000e+00
0.000000e+00
0.000000e+00
0.000000e+00
0.000000e+00
0.000000e+00
0.000000e+00
0.000000e+00
0.000000e+00
0.000000e+00
0.000000e+00
0.000000e+00
0.000000e+00
0.000000e+00
0.000000e+00
0.000000e+00
0.000000e+00
0.000000e+00
0.000000e+00
0.000000e+00
0.000000e+00
0.000000e+00
0.000000e+00
0.000000e+00
0.000000e+00
0.000000e+00
0.000000e+00
0.000000e+00
0.000000e+00
0.000000e+00
0.000000e+00
0.000000e+00
0.000000e+00
0.000000e+00
0.000000e+00
0.000000e+00
0.000000e+00
0.000000e+00
0.000000e+00
0.000000e+00
0.000000e+00
0.000000e+00
0.000000e+00
0.000000e+00
0.000000e+00
0.000000e+00
0.000000e+00
0.000000e+00
0.000000e+00
0.000000e+00
0.000000e+00
0.000000e+00
0.000000e+00
0.000000e+00
0.000000e+00
0.000000e+00
0.000000e+00
0.000000e+00
0.000000e+00
0.000000e+00
0.000000e+00
0.000000e+00
0.000000e+00
0.000000e+00
0.000000e+00
0.000000e+00
0.000000e+00
0.000000e+00
0.000000e+00
0.000000e+00
0.000000e+00
0.000000e+00
0.000000e+00
0.000000e+00
0.000000e+00
0.000000e+00
0.000000e+00
0.000000e+00
0.000000e+00
0.000000e+00
0.000000e+00
0.000000e+00
0.000000e+00
0.000000e+00
0.000000e+00
0.000000e+00
0.000000e+00
0.000000e+00
0.000000e+00
0.000000e+00
0.000000e+00
0.000000e+00
0.000000e+00
0.000000e+00
0.000000e+00
0.000000e+00
0.000000e+00
0.000000e+00
0.000000e+00
0.000000e+00
0.000000e+00
0.000000e+00
0.000000e+00
0.000000e+00
0.000000e+00
0.000000e+00
0.000000e+00
0.000000e+00
0.000000e+00
0.000000e+00
0.000000e+00
0.000000e+00
0.000000e+00
0.000000e+00
0.000000e+00
0.000000e+00
0.000000e+00
0.000000e+00
0.000000e+00
0.000000e+00
0.000000e+00
0.000000e+00
0.000000e+00
0.000000e+00
0.000000e+00
0.000000e+00
0.000000e+00
0.000000e+00
0.000000e+00
0.000000e+00
0.000000e+00
0.000000e+00
0.000000e+00
0.000000e+00
0.000000e+00
0.000000e+00
0.000000e+00
0.000000e+00
0.000000e+00
0.000000e+00
0.000000e+00
0.000000e+00
0.000000e+00
0.000000e+00
0.000000e+00
0.000000e+00
0.000000e+00
0.000000e+00
0.000000e+00
0.000000e+00
0.000000e+00
0.000000e+00
0.000000e+00
0.000000e+00
0.000000e+00
0.000000e+00
0.000000e+00
0.000000e+00
0.000000e+00
0.000000e+00
0.000000e+00
0.000000e+00
0.000000e+00
0.000000e+00
0.000000e+00
0.000000e+00
0.000000e+00
0.000000e+00
0.000000e+00
0.000000e+00
0.000000e+00
0.000000e+00
0.000000e+00
0.000000e+00
0.000000e+00
0.000000e+00
0.000000e+00
0.000000e+00
0.000000e+00
0.000000e+00
0.000000e+00
0.000000e+00
0.000000e+00
0.000000e+00
0.000000e+00
0.000000e+00
0.000000e+00
0.000000e+00
0.000000e+00
0.000000e+00
0.000000e+00
0.000000e+00
0.000000e+00
0.000000e+00
0.000000e+00
0.000000e+00
0.000000e+00
0.000000e+00
0.000000e+00
0.000000e+00
0.000000e+00
0.000000e+00
0.000000e+00
0.000000e+00
0.000000e+00
0.000000e+00
0.000000e+00
0.000000e+00
0.000000e+00
0.000000e+00
0.000000e+00
0.000000e+00
0.000000e+00
0.000000e+00
0.000000e+00
0.000000e+00
0.000000e+00
0.000000e+00
0.000000e+00
0.000000e+00
0.000000e+00
0.000000e+00
0.000000e+00
0.000000e+00
0.000000e+00
0.000000e+00
0.000000e+00
0.000000e+00
0.000000e+00
0.000000e+00
0.000000e+00
0.000000e+00
0.000000e+00
0.000000e+00
0.000000e+00
0.000000e+00
0.000000e+00
0.000000e+00
0.000000e+00
0.000000e+00
0.000000e+00
0.000000e+00
0.000000e+00
0.000000e+00
0.000000e+00
0.000000e+00
0.000000e+00
0.000000e+00
0.000000e+00
0.000000e+00
0.000000e+00
0.000000e+00
0.000000e+00
0.000000e+00
0.000000e+00
0.000000e+00
0.000000e+00
0.000000e+00
0.000000e+00
0.000000e+00
0.000000e+00
0.000000e+00
0.000000e+00
0.000000e+00
0.000000e+00
0.000000e+00
0.000000e+00
0.000000e+00
0.000000e+00
0.000000e+00
0.000000e+00
0.000000e+00
0.000000e+00
0.000000e+00
0.000000e+00
0.000000e+00
0.000000e+00
0.000000e+00
0.000000e+00
0.000000e+00
0.000000e+00
0.000000e+00
0.000000e+00
0.000000e+00
0.000000e+00
0.000000e+00
0.000000e+00
0.000000e+00
0.000000e+00
0.000000e+00
0.000000e+00
0.000000e+00
0.000000e+00
0.000000e+00
0.000000e+00
0.000000e+00
0.000000e+00
0.000000e+00
0.000000e+00
0.000000e+00
0.000000e+00
0.000000e+00
0.000000e+00
0.000000e+00
0.000000e+00
0.000000e+00
0.000000e+00
0.000000e+00
0.000000e+00
0.000000e+00
0.000000e+00
0.000000e+00
0.000000e+00
0.000000e+00
0.000000e+00
0.000000e+00
0.000000e+00
0.000000e+00
0.000000e+00
0.000000e+00
0.000000e+00
0.000000e+00
0.000000e+00
0.000000e+00
0.000000e+00
0.000000e+00
0.000000e+00
0.000000e+00
0.000000e+00
0.000000e+00
0.000000e+00
0.000000e+00
0.000000e+00
0.000000e+00
0.000000e+00
0.000000e+00
0.000000e+00
0.000000e+00
0.000000e+00
0.000000e+00
0.000000e+00
0.000000e+00
0.000000e+00
0.000000e+00
0.000000e+00
0.000000e+00
0.000000e+00
0.000000e+00
0.000000e+00
0.000000e+00
0.000000e+00
0.000000e+00
0.000000e+00
0.000000e+00
0.000000e+00
0.000000e+00
0.000000e+00
0.000000e+00
0.000000e+00
0.000000e+00
0.000000e+00
0.000000e+00
0.000000e+00
0.000000e+00
0.000000e+00
0.000000e+00
0.000000e+00
0.000000e+00
0.000000e+00
0.000000e+00
0.000000e+00
0.000000e+00
0.000000e+00
0.000000e+00
0.000000e+00
0.000000e+00
0.000000e+00
0.000000e+00
0.000000e+00
0.000000e+00
0.000000e+00
0.000000e+00
0.000000e+00
0.000000e+00
0.000000e+00
0.000000e+00
0.000000e+00
0.000000e+00
0.000000e+00
0.000000e+00
0.000000e+00
0.000000e+00
0.000000e+00
0.000000e+00
0.000000e+00
0.000000e+00
0.000000e+00
0.000000e+00
0.000000e+00
0.000000e+00
0.000000e+00
0.000000e+00
0.000000e+00
0.000000e+00
0.000000e+00
0.000000e+00
0.000000e+00
0.000000e+00
0.000000e+00
0.000000e+00
0.000000e+00
0.000000e+00
0.000000e+00
0.000000e+00
0.000000e+00
0.000000e+00
0.000000e+00
0.000000e+00
0.000000e+00
0.000000e+00
0.000000e+00
0.000000e+00
0.000000e+00
0.000000e+00
0.000000e+00
0.000000e+00
0.000000e+00
0.000000e+00
0.000000e+00
0.000000e+00
0.000000e+00
0.000000e+00
0.000000e+00
0.000000e+00
0.000000e+00
0.000000e+00
0.000000e+00
0.000000e+00
0.000000e+00
0.000000e+00
0.000000e+00
0.000000e+00
0.000000e+00
0.000000e+00
0.000000e+00
0.000000e+00
0.000000e+00
0.000000e+00
0.000000e+00
0.000000e+00
0.000000e+00
0.000000e+00
0.000000e+00
0.000000e+00
0.000000e+00
0.000000e+00
0.000000e+00
0.000000e+00
0.000000e+00
0.000000e+00
0.000000e+00
0.000000e+00
0.000000e+00
0.000000e+00
0.000000e+00
0.000000e+00
0.000000e+00
0.000000e+00
0.000000e+00
0.000000e+00
0.000000e+00
0.000000e+00
0.000000e+00
0.000000e+00
0.000000e+00
0.000000e+00
0.000000e+00
0.000000e+00
0.000000e+00
0.000000e+00
0.000000e+00
0.000000e+00
0.000000e+00
0.000000e+00
0.000000e+00
0.000000e+00
0.000000e+00
0.000000e+00
0.000000e+00
0.000000e+00
0.000000e+00
0.000000e+00
0.000000e+00
0.000000e+00
0.000000e+00
0.000000e+00
0.000000e+00
0.000000e+00
0.000000e+00
0.000000e+00
0.000000e+00
0.000000e+00
0.000000e+00
0.000000e+00
0.000000e+00
0.000000e+00
0.000000e+00
</DataArray>
</PointData>
</Piece></UnstructuredGrid>
</VTKFile>
