ZONE N=15, E=16, F=FEPOINT, ET=TRIANGLE
-0.818913 -0.380984 0 0 0 0 
-0.845154 -0.381409 0 0 0 0 
-0.871396 -0.381834 0 0 0 0 
-0.897638 -0.382258 0 0 0 0 
-0.92388 -0.382683 0 0 0 0 
-0.834665 -0.403587 0 0 0 0 
-0.860906 -0.404012 0 0 0 0 
-0.887148 -0.404437 0 0 0 0 
-0.91339 -0.404862 0 0 0 0 
-0.850417 -0.42619 0 0 0 0 
-0.876659 -0.426615 0 0 0 0 
-0.9029 -0.42704 0 0 0 0 
-0.866169 -0.448793 0 0 0 0 
-0.892411 -0.449218 0 0 0 0 
-0.881921 -0.471397 0 0 0 0 
1 2 6
2 7 6
2 3 7
3 8 7
3 4 8
4 9 8
4 5 9
6 7 10
7 11 10
7 8 11
8 12 11
8 9 12
10 11 13
11 14 13
11 12 14
13 14 15
ZONE N=15, E=16, F=FEPOINT, ET=TRIANGLE
-0.9375 0.0372961 0 0 0 0 
-0.953125 0.0279721 0 0 0 0 
-0.96875 0.018648 0 0 0 0 
-0.984375 0.00932402 0 0 0 0 
-1 1.22465e-16 0 0 0 0 
-0.937023 0.0187429 0 0 0 0 
-0.952648 0.00941887 0 0 0 0 
-0.968273 9.48566e-05 0 0 0 0 
-0.983898 -0.00922916 0 0 0 0 
-0.936546 0.000189713 0 0 0 0 
-0.952171 -0.0091343 0 0 0 0 
-0.967796 -0.0184583 0 0 0 0 
-0.936069 -0.0183635 0 0 0 0 
-0.951694 -0.0276875 0 0 0 0 
-0.935592 -0.0369166 0 0 0 0 
1 2 6
2 7 6
2 3 7
3 8 7
3 4 8
4 9 8
4 5 9
6 7 10
7 11 10
7 8 11
8 12 11
8 9 12
10 11 13
11 14 13
11 12 14
13 14 15
ZONE N=15, E=16, F=FEPOINT, ET=TRIANGLE
-0.9375 0.0372961 0 0 0 0 
-0.937023 0.0187429 0 0 0 0 
-0.936546 0.000189713 0 0 0 0 
-0.936069 -0.0183635 0 0 0 0 
-0.935592 -0.0369166 0 0 0 0 
-0.910693 0.0322777 0 0 0 0 
-0.910216 0.0137246 0 0 0 0 
-0.909739 -0.00482862 0 0 0 0 
-0.909262 -0.0233818 0 0 0 0 
-0.883886 0.0272594 0 0 0 0 
-0.883409 0.00870622 0 0 0 0 
-0.882932 -0.00984696 0 0 0 0 
-0.857078 0.0222411 0 0 0 0 
-0.856601 0.00368788 0 0 0 0 
-0.830271 0.0172227 0 0 0 0 
1 2 6
2 7 6
2 3 7
3 8 7
3 4 8
4 9 8
4 5 9
6 7 10
7 11 10
7 8 11
8 12 11
8 9 12
10 11 13
11 14 13
11 12 14
13 14 15
ZONE N=15, E=16, F=FEPOINT, ET=TRIANGLE
-0.754423 0.0339661 0 0 0 0 
-0.766892 0.0467683 0 0 0 0 
-0.779362 0.0595705 0 0 0 0 
-0.791832 0.0723728 0 0 0 0 
-0.804302 0.085175 0 0 0 0 
-0.773385 0.0297802 0 0 0 0 
-0.785855 0.0425825 0 0 0 0 
-0.798324 0.0553847 0 0 0 0 
-0.810794 0.0681869 0 0 0 0 
-0.792347 0.0255944 0 0 0 0 
-0.804817 0.0383966 0 0 0 0 
-0.817286 0.0511989 0 0 0 0 
-0.811309 0.0214086 0 0 0 0 
-0.823779 0.0342108 0 0 0 0 
-0.830271 0.0172227 0 0 0 0 
1 2 6
2 7 6
2 3 7
3 8 7
3 4 8
4 9 8
4 5 9
6 7 10
7 11 10
7 8 11
8 12 11
8 9 12
10 11 13
11 14 13
11 12 14
13 14 15
ZONE N=15, E=16, F=FEPOINT, ET=TRIANGLE
-0.935592 -0.0369166 0 0 0 0 
-0.926728 -0.0554878 0 0 0 0 
-0.917864 -0.074059 0 0 0 0 
-0.909 -0.0926302 0 0 0 0 
-0.900135 -0.111201 0 0 0 0 
-0.911728 -0.0414003 0 0 0 0 
-0.902864 -0.0599715 0 0 0 0 
-0.893999 -0.0785427 0 0 0 0 
-0.885135 -0.0971138 0 0 0 0 
-0.887863 -0.0458839 0 0 0 0 
-0.878999 -0.0644551 0 0 0 0 
-0.870135 -0.0830263 0 0 0 0 
-0.863999 -0.0503675 0 0 0 0 
-0.855135 -0.0689387 0 0 0 0 
-0.840134 -0.0548512 0 0 0 0 
1 2 6
2 7 6
2 3 7
3 8 7
3 4 8
4 9 8
4 5 9
6 7 10
7 11 10
7 8 11
8 12 11
8 9 12
10 11 13
11 14 13
11 12 14
13 14 15
ZONE N=15, E=16, F=FEPOINT, ET=TRIANGLE
-0.375 0 0 0 0 0 
-0.359375 -0.0174722 0 0 0 0 
-0.34375 -0.0349443 0 0 0 0 
-0.328125 -0.0524165 0 0 0 0 
-0.3125 -0.0698887 0 0 0 0 
-0.34375 0 0 0 0 0 
-0.328125 -0.0174722 0 0 0 0 
-0.3125 -0.0349443 0 0 0 0 
-0.296875 -0.0524165 0 0 0 0 
-0.3125 0 0 0 0 0 
-0.296875 -0.0174722 0 0 0 0 
-0.28125 -0.0349443 0 0 0 0 
-0.28125 0 0 0 0 0 
-0.265625 -0.0174722 0 0 0 0 
-0.25 0 0 0 0 0 
1 2 6
2 7 6
2 3 7
3 8 7
3 4 8
4 9 8
4 5 9
6 7 10
7 11 10
7 8 11
8 12 11
8 9 12
10 11 13
11 14 13
11 12 14
13 14 15
ZONE N=15, E=16, F=FEPOINT, ET=TRIANGLE
-0.42247 -0.385173 0 0 0 0 
-0.440574 -0.398324 0 0 0 0 
-0.458677 -0.411476 0 0 0 0 
-0.476781 -0.424627 0 0 0 0 
-0.494885 -0.437779 0 0 0 0 
-0.415203 -0.414212 0 0 0 0 
-0.433307 -0.427363 0 0 0 0 
-0.451411 -0.440515 0 0 0 0 
-0.469514 -0.453666 0 0 0 0 
-0.407937 -0.443251 0 0 0 0 
-0.42604 -0.456402 0 0 0 0 
-0.444144 -0.469554 0 0 0 0 
-0.40067 -0.47229 0 0 0 0 
-0.418773 -0.485441 0 0 0 0 
-0.393403 -0.501329 0 0 0 0 
1 2 6
2 7 6
2 3 7
3 8 7
3 4 8
4 9 8
4 5 9
6 7 10
7 11 10
7 8 11
8 12 11
8 9 12
10 11 13
11 14 13
11 12 14
13 14 15
ZONE N=15, E=16, F=FEPOINT, ET=TRIANGLE
-0.9375 0.0372961 0 0 0 0 
-0.951921 0.0524763 0 0 0 0 
-0.966342 0.0676566 0 0 0 0 
-0.980764 0.0828369 0 0 0 0 
-0.995185 0.0980171 0 0 0 0 
-0.953125 0.0279721 0 0 0 0 
-0.967546 0.0431523 0 0 0 0 
-0.981967 0.0583326 0 0 0 0 
-0.996389 0.0735129 0 0 0 0 
-0.96875 0.018648 0 0 0 0 
-0.983171 0.0338283 0 0 0 0 
-0.997592 0.0490086 0 0 0 0 
-0.984375 0.00932402 0 0 0 0 
-0.998796 0.0245043 0 0 0 0 
-1 1.22465e-16 0 0 0 0 
1 2 6
2 7 6
2 3 7
3 8 7
3 4 8
4 9 8
4 5 9
6 7 10
7 11 10
7 8 11
8 12 11
8 9 12
10 11 13
11 14 13
11 12 14
13 14 15
ZONE N=15, E=16, F=FEPOINT, ET=TRIANGLE
-0.854461 0.319147 0 0 0 0 
-0.838827 0.301566 0 0 0 0 
-0.823194 0.283985 0 0 0 0 
-0.80756 0.266405 0 0 0 0 
-0.791927 0.248824 0 0 0 0 
-0.829121 0.325939 0 0 0 0 
-0.813487 0.308358 0 0 0 0 
-0.797854 0.290777 0 0 0 0 
-0.78222 0.273196 0 0 0 0 
-0.803781 0.332731 0 0 0 0 
-0.788147 0.31515 0 0 0 0 
-0.772514 0.297569 0 0 0 0 
-0.778441 0.339522 0 0 0 0 
-0.762808 0.321942 0 0 0 0 
-0.753101 0.346314 0 0 0 0 
1 2 6
2 7 6
2 3 7
3 8 7
3 4 8
4 9 8
4 5 9
6 7 10
7 11 10
7 8 11
8 12 11
8 9 12
10 11 13
11 14 13
11 12 14
13 14 15
ZONE N=15, E=16, F=FEPOINT, ET=TRIANGLE
-0.888649 0.200546 0 0 0 0 
-0.880102 0.230197 0 0 0 0 
-0.871555 0.259847 0 0 0 0 
-0.863008 0.289497 0 0 0 0 
-0.854461 0.319147 0 0 0 0 
-0.905722 0.222981 0 0 0 0 
-0.897175 0.252631 0 0 0 0 
-0.888628 0.282281 0 0 0 0 
-0.880081 0.311931 0 0 0 0 
-0.922795 0.245415 0 0 0 0 
-0.914248 0.275066 0 0 0 0 
-0.905701 0.304716 0 0 0 0 
-0.939868 0.26785 0 0 0 0 
-0.93132 0.2975 0 0 0 0 
-0.95694 0.290285 0 0 0 0 
1 2 6
2 7 6
2 3 7
3 8 7
3 4 8
4 9 8
4 5 9
6 7 10
7 11 10
7 8 11
8 12 11
8 9 12
10 11 13
11 14 13
11 12 14
13 14 15
ZONE N=15, E=16, F=FEPOINT, ET=TRIANGLE
-0.721752 0.277353 0 0 0 0 
-0.704248 0.295712 0 0 0 0 
-0.686744 0.31407 0 0 0 0 
-0.66924 0.332429 0 0 0 0 
-0.651736 0.350788 0 0 0 0 
-0.729589 0.294593 0 0 0 0 
-0.712085 0.312952 0 0 0 0 
-0.694581 0.331311 0 0 0 0 
-0.677078 0.34967 0 0 0 0 
-0.737426 0.311834 0 0 0 0 
-0.719923 0.330192 0 0 0 0 
-0.702419 0.348551 0 0 0 0 
-0.745264 0.329074 0 0 0 0 
-0.72776 0.347433 0 0 0 0 
-0.753101 0.346314 0 0 0 0 
1 2 6
2 7 6
2 3 7
3 8 7
3 4 8
4 9 8
4 5 9
6 7 10
7 11 10
7 8 11
8 12 11
8 9 12
10 11 13
11 14 13
11 12 14
13 14 15
ZONE N=15, E=16, F=FEPOINT, ET=TRIANGLE
-0.830271 0.0172227 0 0 0 0 
-0.815009 -0.00717872 0 0 0 0 
-0.799748 -0.0315802 0 0 0 0 
-0.784486 -0.0559816 0 0 0 0 
-0.769224 -0.080383 0 0 0 0 
-0.811309 0.0214086 0 0 0 0 
-0.796047 -0.00299289 0 0 0 0 
-0.780786 -0.0273943 0 0 0 0 
-0.765524 -0.0517958 0 0 0 0 
-0.792347 0.0255944 0 0 0 0 
-0.777085 0.00119295 0 0 0 0 
-0.761823 -0.0232085 0 0 0 0 
-0.773385 0.0297802 0 0 0 0 
-0.758123 0.00537878 0 0 0 0 
-0.754423 0.0339661 0 0 0 0 
1 2 6
2 7 6
2 3 7
3 8 7
3 4 8
4 9 8
4 5 9
6 7 10
7 11 10
7 8 11
8 12 11
8 9 12
10 11 13
11 14 13
11 12 14
13 14 15
ZONE N=15, E=16, F=FEPOINT, ET=TRIANGLE
-0.769224 -0.080383 0 0 0 0 
-0.786952 -0.0740001 0 0 0 0 
-0.804679 -0.0676171 0 0 0 0 
-0.822407 -0.0612341 0 0 0 0 
-0.840134 -0.0548512 0 0 0 0 
-0.782958 -0.0932818 0 0 0 0 
-0.800686 -0.0868988 0 0 0 0 
-0.818414 -0.0805158 0 0 0 0 
-0.836141 -0.0741328 0 0 0 0 
-0.796693 -0.10618 0 0 0 0 
-0.81442 -0.0997975 0 0 0 0 
-0.832148 -0.0934145 0 0 0 0 
-0.810427 -0.119079 0 0 0 0 
-0.828155 -0.112696 0 0 0 0 
-0.824161 -0.131978 0 0 0 0 
1 2 6
2 7 6
2 3 7
3 8 7
3 4 8
4 9 8
4 5 9
6 7 10
7 11 10
7 8 11
8 12 11
8 9 12
10 11 13
11 14 13
11 12 14
13 14 15
ZONE N=15, E=16, F=FEPOINT, ET=TRIANGLE
-0.362733 -0.200502 0 0 0 0 
-0.344323 -0.210215 0 0 0 0 
-0.325913 -0.219928 0 0 0 0 
-0.307503 -0.229641 0 0 0 0 
-0.289093 -0.239354 0 0 0 0 
-0.342706 -0.189463 0 0 0 0 
-0.324296 -0.199176 0 0 0 0 
-0.305886 -0.208889 0 0 0 0 
-0.287475 -0.218602 0 0 0 0 
-0.322678 -0.178424 0 0 0 0 
-0.304268 -0.188137 0 0 0 0 
-0.285858 -0.19785 0 0 0 0 
-0.302651 -0.167384 0 0 0 0 
-0.284241 -0.177097 0 0 0 0 
-0.282624 -0.156345 0 0 0 0 
1 2 6
2 7 6
2 3 7
3 8 7
3 4 8
4 9 8
4 5 9
6 7 10
7 11 10
7 8 11
8 12 11
8 9 12
10 11 13
11 14 13
11 12 14
13 14 15
ZONE N=15, E=16, F=FEPOINT, ET=TRIANGLE
-0.15625 -0.0641748 0 0 0 0 
-0.148437 -0.0481311 0 0 0 0 
-0.140625 -0.0320874 0 0 0 0 
-0.132812 -0.0160437 0 0 0 0 
-0.125 0 0 0 0 0 
-0.164062 -0.0481311 0 0 0 0 
-0.15625 -0.0320874 0 0 0 0 
-0.148437 -0.0160437 0 0 0 0 
-0.140625 0 0 0 0 0 
-0.171875 -0.0320874 0 0 0 0 
-0.164062 -0.0160437 0 0 0 0 
-0.15625 0 0 0 0 0 
-0.179687 -0.0160437 0 0 0 0 
-0.171875 0 0 0 0 0 
-0.1875 0 0 0 0 0 
1 2 6
2 7 6
2 3 7
3 8 7
3 4 8
4 9 8
4 5 9
6 7 10
7 11 10
7 8 11
8 12 11
8 9 12
10 11 13
11 14 13
11 12 14
13 14 15
ZONE N=15, E=16, F=FEPOINT, ET=TRIANGLE
-0.840134 -0.0548512 0 0 0 0 
-0.837669 -0.0368327 0 0 0 0 
-0.835203 -0.0188142 0 0 0 0 
-0.832737 -0.00079575 0 0 0 0 
-0.830271 0.0172227 0 0 0 0 
-0.863999 -0.0503675 0 0 0 0 
-0.861533 -0.0323491 0 0 0 0 
-0.859067 -0.0143306 0 0 0 0 
-0.856601 0.00368788 0 0 0 0 
-0.887863 -0.0458839 0 0 0 0 
-0.885398 -0.0278654 0 0 0 0 
-0.882932 -0.00984696 0 0 0 0 
-0.911728 -0.0414003 0 0 0 0 
-0.909262 -0.0233818 0 0 0 0 
-0.935592 -0.0369166 0 0 0 0 
1 2 6
2 7 6
2 3 7
3 8 7
3 4 8
4 9 8
4 5 9
6 7 10
7 11 10
7 8 11
8 12 11
8 9 12
10 11 13
11 14 13
11 12 14
13 14 15
ZONE N=15, E=16, F=FEPOINT, ET=TRIANGLE
-0.125 0 0 0 0 0 
-0.109375 -0.0175326 0 0 0 0 
-0.09375 -0.0350652 0 0 0 0 
-0.078125 -0.0525978 0 0 0 0 
-0.0625 -0.0701305 0 0 0 0 
-0.09375 0 0 0 0 0 
-0.078125 -0.0175326 0 0 0 0 
-0.0625 -0.0350652 0 0 0 0 
-0.046875 -0.0525978 0 0 0 0 
-0.0625 0 0 0 0 0 
-0.046875 -0.0175326 0 0 0 0 
-0.03125 -0.0350652 0 0 0 0 
-0.03125 0 0 0 0 0 
-0.015625 -0.0175326 0 0 0 0 
3.33067e-16 0 0 0 0 0 
1 2 6
2 7 6
2 3 7
3 8 7
3 4 8
4 9 8
4 5 9
6 7 10
7 11 10
7 8 11
8 12 11
8 9 12
10 11 13
11 14 13
11 12 14
13 14 15
ZONE N=15, E=16, F=FEPOINT, ET=TRIANGLE
-0.0900918 -0.132821 0 0 0 0 
-0.096632 -0.16099 0 0 0 0 
-0.103172 -0.189159 0 0 0 0 
-0.109712 -0.217328 0 0 0 0 
-0.116252 -0.245496 0 0 0 0 
-0.0764654 -0.143191 0 0 0 0 
-0.0830055 -0.17136 0 0 0 0 
-0.0895456 -0.199529 0 0 0 0 
-0.0960857 -0.227698 0 0 0 0 
-0.062839 -0.153561 0 0 0 0 
-0.0693791 -0.18173 0 0 0 0 
-0.0759192 -0.209899 0 0 0 0 
-0.0492125 -0.163931 0 0 0 0 
-0.0557526 -0.1921 0 0 0 0 
-0.0355861 -0.174301 0 0 0 0 
1 2 6
2 7 6
2 3 7
3 8 7
3 4 8
4 9 8
4 5 9
6 7 10
7 11 10
7 8 11
8 12 11
8 9 12
10 11 13
11 14 13
11 12 14
13 14 15
ZONE N=15, E=16, F=FEPOINT, ET=TRIANGLE
0.392073 -0.132066 0 0 0 0 
0.381246 -0.147978 0 0 0 0 
0.370419 -0.163891 0 0 0 0 
0.359593 -0.179803 0 0 0 0 
0.348766 -0.195715 0 0 0 0 
0.399605 -0.14883 0 0 0 0 
0.388778 -0.164742 0 0 0 0 
0.377951 -0.180655 0 0 0 0 
0.367124 -0.196567 0 0 0 0 
0.407136 -0.165594 0 0 0 0 
0.39631 -0.181506 0 0 0 0 
0.385483 -0.197419 0 0 0 0 
0.414668 -0.182358 0 0 0 0 
0.403841 -0.19827 0 0 0 0 
0.4222 -0.199122 0 0 0 0 
1 2 6
2 7 6
2 3 7
3 8 7
3 4 8
4 9 8
4 5 9
6 7 10
7 11 10
7 8 11
8 12 11
8 9 12
10 11 13
11 14 13
11 12 14
13 14 15
ZONE N=15, E=16, F=FEPOINT, ET=TRIANGLE
-0.875 0.0745921 0 0 0 0 
-0.885867 0.0891858 0 0 0 0 
-0.896735 0.10378 0 0 0 0 
-0.907602 0.118373 0 0 0 0 
-0.91847 0.132967 0 0 0 0 
-0.890625 0.0652681 0 0 0 0 
-0.901492 0.0798618 0 0 0 0 
-0.91236 0.0944555 0 0 0 0 
-0.923227 0.109049 0 0 0 0 
-0.90625 0.0559441 0 0 0 0 
-0.917117 0.0705378 0 0 0 0 
-0.927985 0.0851315 0 0 0 0 
-0.921875 0.0466201 0 0 0 0 
-0.932742 0.0612138 0 0 0 0 
-0.9375 0.0372961 0 0 0 0 
1 2 6
2 7 6
2 3 7
3 8 7
3 4 8
4 9 8
4 5 9
6 7 10
7 11 10
7 8 11
8 12 11
8 9 12
10 11 13
11 14 13
11 12 14
13 14 15
ZONE N=15, E=16, F=FEPOINT, ET=TRIANGLE
-0.9375 0.0372961 0 0 0 0 
-0.932742 0.0612138 0 0 0 0 
-0.927985 0.0851315 0 0 0 0 
-0.923227 0.109049 0 0 0 0 
-0.91847 0.132967 0 0 0 0 
-0.951921 0.0524763 0 0 0 0 
-0.947164 0.0763941 0 0 0 0 
-0.942406 0.100312 0 0 0 0 
-0.937649 0.124229 0 0 0 0 
-0.966342 0.0676566 0 0 0 0 
-0.961585 0.0915743 0 0 0 0 
-0.956827 0.115492 0 0 0 0 
-0.980764 0.0828369 0 0 0 0 
-0.976006 0.106755 0 0 0 0 
-0.995185 0.0980171 0 0 0 0 
1 2 6
2 7 6
2 3 7
3 8 7
3 4 8
4 9 8
4 5 9
6 7 10
7 11 10
7 8 11
8 12 11
8 9 12
10 11 13
11 14 13
11 12 14
13 14 15
ZONE N=15, E=16, F=FEPOINT, ET=TRIANGLE
-0.184088 -0.267227 0 0 0 0 
-0.162655 -0.280198 0 0 0 0 
-0.141222 -0.29317 0 0 0 0 
-0.119788 -0.306141 0 0 0 0 
-0.0983553 -0.319112 0 0 0 0 
-0.167129 -0.261794 0 0 0 0 
-0.145696 -0.274766 0 0 0 0 
-0.124263 -0.287737 0 0 0 0 
-0.10283 -0.300708 0 0 0 0 
-0.15017 -0.256362 0 0 0 0 
-0.128737 -0.269333 0 0 0 0 
-0.107304 -0.282304 0 0 0 0 
-0.133211 -0.250929 0 0 0 0 
-0.111778 -0.2639 0 0 0 0 
-0.116252 -0.245496 0 0 0 0 
1 2 6
2 7 6
2 3 7
3 8 7
3 4 8
4 9 8
4 5 9
6 7 10
7 11 10
7 8 11
8 12 11
8 9 12
10 11 13
11 14 13
11 12 14
13 14 15
ZONE N=15, E=16, F=FEPOINT, ET=TRIANGLE
-0.824161 -0.131978 0 0 0 0 
-0.824458 -0.155789 0 0 0 0 
-0.824754 -0.1796 0 0 0 0 
-0.825051 -0.203411 0 0 0 0 
-0.825347 -0.227222 0 0 0 0 
-0.810681 -0.146331 0 0 0 0 
-0.810978 -0.170142 0 0 0 0 
-0.811274 -0.193953 0 0 0 0 
-0.811571 -0.217764 0 0 0 0 
-0.797201 -0.160685 0 0 0 0 
-0.797498 -0.184496 0 0 0 0 
-0.797794 -0.208307 0 0 0 0 
-0.783721 -0.175038 0 0 0 0 
-0.784018 -0.198849 0 0 0 0 
-0.770241 -0.189391 0 0 0 0 
1 2 6
2 7 6
2 3 7
3 8 7
3 4 8
4 9 8
4 5 9
6 7 10
7 11 10
7 8 11
8 12 11
8 9 12
10 11 13
11 14 13
11 12 14
13 14 15
ZONE N=15, E=16, F=FEPOINT, ET=TRIANGLE
0.481275 -0.149585 0 0 0 0 
0.481701 -0.172308 0 0 0 0 
0.482127 -0.19503 0 0 0 0 
0.482553 -0.217753 0 0 0 0 
0.482978 -0.240476 0 0 0 0 
0.498944 -0.172825 0 0 0 0 
0.49937 -0.195548 0 0 0 0 
0.499796 -0.21827 0 0 0 0 
0.500222 -0.240993 0 0 0 0 
0.516613 -0.196065 0 0 0 0 
0.517039 -0.218788 0 0 0 0 
0.517465 -0.24151 0 0 0 0 
0.534282 -0.219305 0 0 0 0 
0.534708 -0.242028 0 0 0 0 
0.551951 -0.242545 0 0 0 0 
1 2 6
2 7 6
2 3 7
3 8 7
3 4 8
4 9 8
4 5 9
6 7 10
7 11 10
7 8 11
8 12 11
8 9 12
10 11 13
11 14 13
11 12 14
13 14 15
ZONE N=15, E=16, F=FEPOINT, ET=TRIANGLE
-0.995185 -0.0980171 0 0 0 0 
-0.971422 -0.101313 0 0 0 0 
-0.94766 -0.104609 0 0 0 0 
-0.923898 -0.107905 0 0 0 0 
-0.900135 -0.111201 0 0 0 0 
-0.980287 -0.082742 0 0 0 0 
-0.956524 -0.0860381 0 0 0 0 
-0.932762 -0.0893342 0 0 0 0 
-0.909 -0.0926302 0 0 0 0 
-0.965389 -0.0674669 0 0 0 0 
-0.941626 -0.070763 0 0 0 0 
-0.917864 -0.074059 0 0 0 0 
-0.950491 -0.0521918 0 0 0 0 
-0.926728 -0.0554878 0 0 0 0 
-0.935592 -0.0369166 0 0 0 0 
1 2 6
2 7 6
2 3 7
3 8 7
3 4 8
4 9 8
4 5 9
6 7 10
7 11 10
7 8 11
8 12 11
8 9 12
10 11 13
11 14 13
11 12 14
13 14 15
ZONE N=15, E=16, F=FEPOINT, ET=TRIANGLE
-0.127305 0.760459 0 0 0 0 
-0.147304 0.758626 0 0 0 0 
-0.167303 0.756794 0 0 0 0 
-0.187302 0.754961 0 0 0 0 
-0.2073 0.753128 0 0 0 0 
-0.13475 0.741808 0 0 0 0 
-0.154749 0.739975 0 0 0 0 
-0.174747 0.738142 0 0 0 0 
-0.194746 0.736309 0 0 0 0 
-0.142195 0.723156 0 0 0 0 
-0.162193 0.721323 0 0 0 0 
-0.182192 0.71949 0 0 0 0 
-0.149639 0.704504 0 0 0 0 
-0.169638 0.702671 0 0 0 0 
-0.157084 0.685852 0 0 0 0 
1 2 6
2 7 6
2 3 7
3 8 7
3 4 8
4 9 8
4 5 9
6 7 10
7 11 10
7 8 11
8 12 11
8 9 12
10 11 13
11 14 13
11 12 14
13 14 15
ZONE N=15, E=16, F=FEPOINT, ET=TRIANGLE
0.337603 0.536101 0 0 0 0 
0.340107 0.5166 0 0 0 0 
0.342611 0.497099 0 0 0 0 
0.345115 0.477598 0 0 0 0 
0.347619 0.458097 0 0 0 0 
0.354765 0.528393 0 0 0 0 
0.357269 0.508892 0 0 0 0 
0.359773 0.489391 0 0 0 0 
0.362277 0.46989 0 0 0 0 
0.371927 0.520686 0 0 0 0 
0.374431 0.501185 0 0 0 0 
0.376935 0.481684 0 0 0 0 
0.389089 0.512978 0 0 0 0 
0.391593 0.493477 0 0 0 0 
0.406251 0.50527 0 0 0 0 
1 2 6
2 7 6
2 3 7
3 8 7
3 4 8
4 9 8
4 5 9
6 7 10
7 11 10
7 8 11
8 12 11
8 9 12
10 11 13
11 14 13
11 12 14
13 14 15
ZONE N=15, E=16, F=FEPOINT, ET=TRIANGLE
0.610709 0.0606897 0 0 0 0 
0.626475 0.0743791 0 0 0 0 
0.642242 0.0880685 0 0 0 0 
0.658009 0.101758 0 0 0 0 
0.673775 0.115447 0 0 0 0 
0.607121 0.082214 0 0 0 0 
0.622887 0.0959034 0 0 0 0 
0.638654 0.109593 0 0 0 0 
0.654421 0.123282 0 0 0 0 
0.603533 0.103738 0 0 0 0 
0.619299 0.117428 0 0 0 0 
0.635066 0.131117 0 0 0 0 
0.599945 0.125263 0 0 0 0 
0.615711 0.138952 0 0 0 0 
0.596357 0.146787 0 0 0 0 
1 2 6
2 7 6
2 3 7
3 8 7
3 4 8
4 9 8
4 5 9
6 7 10
7 11 10
7 8 11
8 12 11
8 9 12
10 11 13
11 14 13
11 12 14
13 14 15
ZONE N=15, E=16, F=FEPOINT, ET=TRIANGLE
-0.835065 0.149703 0 0 0 0 
-0.855917 0.145519 0 0 0 0 
-0.876768 0.141335 0 0 0 0 
-0.897619 0.137151 0 0 0 0 
-0.91847 0.132967 0 0 0 0 
-0.845049 0.130925 0 0 0 0 
-0.8659 0.126741 0 0 0 0 
-0.886751 0.122557 0 0 0 0 
-0.907602 0.118373 0 0 0 0 
-0.855033 0.112148 0 0 0 0 
-0.875884 0.107964 0 0 0 0 
-0.896735 0.10378 0 0 0 0 
-0.865016 0.0933698 0 0 0 0 
-0.885867 0.0891858 0 0 0 0 
-0.875 0.0745921 0 0 0 0 
1 2 6
2 7 6
2 3 7
3 8 7
3 4 8
4 9 8
4 5 9
6 7 10
7 11 10
7 8 11
8 12 11
8 9 12
10 11 13
11 14 13
11 12 14
13 14 15
ZONE N=15, E=16, F=FEPOINT, ET=TRIANGLE
-0.114267 0.352054 0 0 0 0 
-0.12156 0.375139 0 0 0 0 
-0.128853 0.398223 0 0 0 0 
-0.136147 0.421308 0 0 0 0 
-0.14344 0.444393 0 0 0 0 
-0.134325 0.365068 0 0 0 0 
-0.141619 0.388153 0 0 0 0 
-0.148912 0.411238 0 0 0 0 
-0.156205 0.434323 0 0 0 0 
-0.154384 0.378082 0 0 0 0 
-0.161678 0.401167 0 0 0 0 
-0.168971 0.424252 0 0 0 0 
-0.174443 0.391097 0 0 0 0 
-0.181736 0.414182 0 0 0 0 
-0.194502 0.404111 0 0 0 0 
1 2 6
2 7 6
2 3 7
3 8 7
3 4 8
4 9 8
4 5 9
6 7 10
7 11 10
7 8 11
8 12 11
8 9 12
10 11 13
11 14 13
11 12 14
13 14 15
ZONE N=15, E=16, F=FEPOINT, ET=TRIANGLE
-0.0489762 0.53051 0 0 0 0 
-0.0622138 0.54374 0 0 0 0 
-0.0754514 0.55697 0 0 0 0 
-0.088689 0.5702 0 0 0 0 
-0.101927 0.58343 0 0 0 0 
-0.0659381 0.525399 0 0 0 0 
-0.0791757 0.538629 0 0 0 0 
-0.0924133 0.551859 0 0 0 0 
-0.105651 0.565089 0 0 0 0 
-0.0829 0.520288 0 0 0 0 
-0.0961376 0.533518 0 0 0 0 
-0.109375 0.546748 0 0 0 0 
-0.0998619 0.515177 0 0 0 0 
-0.1131 0.528407 0 0 0 0 
-0.116824 0.510065 0 0 0 0 
1 2 6
2 7 6
2 3 7
3 8 7
3 4 8
4 9 8
4 5 9
6 7 10
7 11 10
7 8 11
8 12 11
8 9 12
10 11 13
11 14 13
11 12 14
13 14 15
ZONE N=15, E=16, F=FEPOINT, ET=TRIANGLE
-0.888649 0.200546 0 0 0 0 
-0.911683 0.199182 0 0 0 0 
-0.934717 0.197818 0 0 0 0 
-0.957751 0.196454 0 0 0 0 
-0.980785 0.19509 0 0 0 0 
-0.896104 0.183651 0 0 0 0 
-0.919138 0.182287 0 0 0 0 
-0.942172 0.180923 0 0 0 0 
-0.965206 0.179559 0 0 0 0 
-0.903559 0.166757 0 0 0 0 
-0.926594 0.165393 0 0 0 0 
-0.949628 0.164029 0 0 0 0 
-0.911015 0.149862 0 0 0 0 
-0.934049 0.148498 0 0 0 0 
-0.91847 0.132967 0 0 0 0 
1 2 6
2 7 6
2 3 7
3 8 7
3 4 8
4 9 8
4 5 9
6 7 10
7 11 10
7 8 11
8 12 11
8 9 12
10 11 13
11 14 13
11 12 14
13 14 15
ZONE N=15, E=16, F=FEPOINT, ET=TRIANGLE
-0.46875 -0.110795 0 0 0 0 
-0.495732 -0.114277 0 0 0 0 
-0.522713 -0.117759 0 0 0 0 
-0.549695 -0.121241 0 0 0 0 
-0.576677 -0.124723 0 0 0 0 
-0.488292 -0.131592 0 0 0 0 
-0.515273 -0.135074 0 0 0 0 
-0.542255 -0.138556 0 0 0 0 
-0.569237 -0.142038 0 0 0 0 
-0.507833 -0.152388 0 0 0 0 
-0.534815 -0.15587 0 0 0 0 
-0.561797 -0.159352 0 0 0 0 
-0.527375 -0.173184 0 0 0 0 
-0.554357 -0.176666 0 0 0 0 
-0.546916 -0.19398 0 0 0 0 
1 2 6
2 7 6
2 3 7
3 8 7
3 4 8
4 9 8
4 5 9
6 7 10
7 11 10
7 8 11
8 12 11
8 9 12
10 11 13
11 14 13
11 12 14
13 14 15
ZONE N=15, E=16, F=FEPOINT, ET=TRIANGLE
-0.3119 0.191519 0 0 0 0 
-0.299407 0.218955 0 0 0 0 
-0.286914 0.246392 0 0 0 0 
-0.274421 0.273829 0 0 0 0 
-0.261927 0.301265 0 0 0 0 
-0.325183 0.203321 0 0 0 0 
-0.31269 0.230758 0 0 0 0 
-0.300197 0.258195 0 0 0 0 
-0.287704 0.285631 0 0 0 0 
-0.338467 0.215124 0 0 0 0 
-0.325974 0.242561 0 0 0 0 
-0.31348 0.269997 0 0 0 0 
-0.35175 0.226927 0 0 0 0 
-0.339257 0.254363 0 0 0 0 
-0.365033 0.238729 0 0 0 0 
1 2 6
2 7 6
2 3 7
3 8 7
3 4 8
4 9 8
4 5 9
6 7 10
7 11 10
7 8 11
8 12 11
8 9 12
10 11 13
11 14 13
11 12 14
13 14 15
ZONE N=15, E=16, F=FEPOINT, ET=TRIANGLE
-0.935592 -0.0369166 0 0 0 0 
-0.951694 -0.0276875 0 0 0 0 
-0.967796 -0.0184583 0 0 0 0 
-0.983898 -0.00922916 0 0 0 0 
-1 1.22465e-16 0 0 0 0 
-0.950491 -0.0521918 0 0 0 0 
-0.966592 -0.0429626 0 0 0 0 
-0.982694 -0.0337334 0 0 0 0 
-0.998796 -0.0245043 0 0 0 0 
-0.965389 -0.0674669 0 0 0 0 
-0.98149 -0.0582377 0 0 0 0 
-0.997592 -0.0490086 0 0 0 0 
-0.980287 -0.082742 0 0 0 0 
-0.996389 -0.0735129 0 0 0 0 
-0.995185 -0.0980171 0 0 0 0 
1 2 6
2 7 6
2 3 7
3 8 7
3 4 8
4 9 8
4 5 9
6 7 10
7 11 10
7 8 11
8 12 11
8 9 12
10 11 13
11 14 13
11 12 14
13 14 15
ZONE N=15, E=16, F=FEPOINT, ET=TRIANGLE
-0.92388 0.382683 0 0 0 0 
-0.906525 0.366799 0 0 0 0 
-0.88917 0.350915 0 0 0 0 
-0.871815 0.335031 0 0 0 0 
-0.854461 0.319147 0 0 0 0 
-0.896104 0.378586 0 0 0 0 
-0.878749 0.362702 0 0 0 0 
-0.861394 0.346818 0 0 0 0 
-0.84404 0.330934 0 0 0 0 
-0.868328 0.374488 0 0 0 0 
-0.850973 0.358604 0 0 0 0 
-0.833619 0.34272 0 0 0 0 
-0.840552 0.370391 0 0 0 0 
-0.823198 0.354507 0 0 0 0 
-0.812777 0.366293 0 0 0 0 
1 2 6
2 7 6
2 3 7
3 8 7
3 4 8
4 9 8
4 5 9
6 7 10
7 11 10
7 8 11
8 12 11
8 9 12
10 11 13
11 14 13
11 12 14
13 14 15
ZONE N=15, E=16, F=FEPOINT, ET=TRIANGLE
-0.900135 -0.111201 0 0 0 0 
-0.923898 -0.107905 0 0 0 0 
-0.94766 -0.104609 0 0 0 0 
-0.971422 -0.101313 0 0 0 0 
-0.995185 -0.0980171 0 0 0 0 
-0.920298 -0.132174 0 0 0 0 
-0.94406 -0.128878 0 0 0 0 
-0.967822 -0.125582 0 0 0 0 
-0.991585 -0.122285 0 0 0 0 
-0.94046 -0.153146 0 0 0 0 
-0.964223 -0.14985 0 0 0 0 
-0.987985 -0.146554 0 0 0 0 
-0.960623 -0.174118 0 0 0 0 
-0.984385 -0.170822 0 0 0 0 
-0.980785 -0.19509 0 0 0 0 
1 2 6
2 7 6
2 3 7
3 8 7
3 4 8
4 9 8
4 5 9
6 7 10
7 11 10
7 8 11
8 12 11
8 9 12
10 11 13
11 14 13
11 12 14
13 14 15
ZONE N=15, E=16, F=FEPOINT, ET=TRIANGLE
-0.825347 -0.227222 0 0 0 0 
-0.858245 -0.242988 0 0 0 0 
-0.891144 -0.258753 0 0 0 0 
-0.924042 -0.274519 0 0 0 0 
-0.95694 -0.290285 0 0 0 0 
-0.84052 -0.251774 0 0 0 0 
-0.873418 -0.267539 0 0 0 0 
-0.906316 -0.283305 0 0 0 0 
-0.939215 -0.299071 0 0 0 0 
-0.855692 -0.276325 0 0 0 0 
-0.888591 -0.292091 0 0 0 0 
-0.921489 -0.307856 0 0 0 0 
-0.870865 -0.300877 0 0 0 0 
-0.903763 -0.316642 0 0 0 0 
-0.886038 -0.325428 0 0 0 0 
1 2 6
2 7 6
2 3 7
3 8 7
3 4 8
4 9 8
4 5 9
6 7 10
7 11 10
7 8 11
8 12 11
8 9 12
10 11 13
11 14 13
11 12 14
13 14 15
ZONE N=15, E=16, F=FEPOINT, ET=TRIANGLE
-0.824161 -0.131978 0 0 0 0 
-0.828155 -0.112696 0 0 0 0 
-0.832148 -0.0934145 0 0 0 0 
-0.836141 -0.0741328 0 0 0 0 
-0.840134 -0.0548512 0 0 0 0 
-0.843155 -0.126784 0 0 0 0 
-0.847148 -0.107502 0 0 0 0 
-0.851141 -0.0882204 0 0 0 0 
-0.855135 -0.0689387 0 0 0 0 
-0.862148 -0.12159 0 0 0 0 
-0.866142 -0.102308 0 0 0 0 
-0.870135 -0.0830263 0 0 0 0 
-0.881142 -0.116396 0 0 0 0 
-0.885135 -0.0971138 0 0 0 0 
-0.900135 -0.111201 0 0 0 0 
1 2 6
2 7 6
2 3 7
3 8 7
3 4 8
4 9 8
4 5 9
6 7 10
7 11 10
7 8 11
8 12 11
8 9 12
10 11 13
11 14 13
11 12 14
13 14 15
ZONE N=15, E=16, F=FEPOINT, ET=TRIANGLE
-0.824161 -0.131978 0 0 0 0 
-0.843155 -0.126784 0 0 0 0 
-0.862148 -0.12159 0 0 0 0 
-0.881142 -0.116396 0 0 0 0 
-0.900135 -0.111201 0 0 0 0 
-0.838334 -0.146478 0 0 0 0 
-0.857327 -0.141283 0 0 0 0 
-0.87632 -0.136089 0 0 0 0 
-0.895314 -0.130895 0 0 0 0 
-0.852506 -0.160977 0 0 0 0 
-0.871499 -0.155783 0 0 0 0 
-0.890493 -0.150589 0 0 0 0 
-0.866678 -0.175477 0 0 0 0 
-0.885671 -0.170283 0 0 0 0 
-0.88085 -0.189976 0 0 0 0 
1 2 6
2 7 6
2 3 7
3 8 7
3 4 8
4 9 8
4 5 9
6 7 10
7 11 10
7 8 11
8 12 11
8 9 12
10 11 13
11 14 13
11 12 14
13 14 15
ZONE N=15, E=16, F=FEPOINT, ET=TRIANGLE
-0.980785 -0.19509 0 0 0 0 
-0.955801 -0.193812 0 0 0 0 
-0.930818 -0.192533 0 0 0 0 
-0.905834 -0.191255 0 0 0 0 
-0.88085 -0.189976 0 0 0 0 
-0.960623 -0.174118 0 0 0 0 
-0.935639 -0.17284 0 0 0 0 
-0.910655 -0.171561 0 0 0 0 
-0.885671 -0.170283 0 0 0 0 
-0.94046 -0.153146 0 0 0 0 
-0.915476 -0.151867 0 0 0 0 
-0.890493 -0.150589 0 0 0 0 
-0.920298 -0.132174 0 0 0 0 
-0.895314 -0.130895 0 0 0 0 
-0.900135 -0.111201 0 0 0 0 
1 2 6
2 7 6
2 3 7
3 8 7
3 4 8
4 9 8
4 5 9
6 7 10
7 11 10
7 8 11
8 12 11
8 9 12
10 11 13
11 14 13
11 12 14
13 14 15
ZONE N=15, E=16, F=FEPOINT, ET=TRIANGLE
-0.770241 -0.189391 0 0 0 0 
-0.751738 -0.186846 0 0 0 0 
-0.733234 -0.184302 0 0 0 0 
-0.714731 -0.181757 0 0 0 0 
-0.696227 -0.179212 0 0 0 0 
-0.769987 -0.162139 0 0 0 0 
-0.751484 -0.159594 0 0 0 0 
-0.73298 -0.15705 0 0 0 0 
-0.714477 -0.154505 0 0 0 0 
-0.769733 -0.134887 0 0 0 0 
-0.751229 -0.132342 0 0 0 0 
-0.732726 -0.129798 0 0 0 0 
-0.769478 -0.107635 0 0 0 0 
-0.750975 -0.10509 0 0 0 0 
-0.769224 -0.080383 0 0 0 0 
1 2 6
2 7 6
2 3 7
3 8 7
3 4 8
4 9 8
4 5 9
6 7 10
7 11 10
7 8 11
8 12 11
8 9 12
10 11 13
11 14 13
11 12 14
13 14 15
ZONE N=15, E=16, F=FEPOINT, ET=TRIANGLE
-0.886038 -0.325428 0 0 0 0 
-0.903763 -0.316642 0 0 0 0 
-0.921489 -0.307856 0 0 0 0 
-0.939215 -0.299071 0 0 0 0 
-0.95694 -0.290285 0 0 0 0 
-0.895498 -0.339742 0 0 0 0 
-0.913224 -0.330956 0 0 0 0 
-0.930949 -0.32217 0 0 0 0 
-0.948675 -0.313384 0 0 0 0 
-0.904959 -0.354056 0 0 0 0 
-0.922684 -0.34527 0 0 0 0 
-0.94041 -0.336484 0 0 0 0 
-0.914419 -0.36837 0 0 0 0 
-0.932145 -0.359584 0 0 0 0 
-0.92388 -0.382683 0 0 0 0 
1 2 6
2 7 6
2 3 7
3 8 7
3 4 8
4 9 8
4 5 9
6 7 10
7 11 10
7 8 11
8 12 11
8 9 12
10 11 13
11 14 13
11 12 14
13 14 15
ZONE N=15, E=16, F=FEPOINT, ET=TRIANGLE
-0.825347 -0.227222 0 0 0 0 
-0.825051 -0.203411 0 0 0 0 
-0.824754 -0.1796 0 0 0 0 
-0.824458 -0.155789 0 0 0 0 
-0.824161 -0.131978 0 0 0 0 
-0.839223 -0.217911 0 0 0 0 
-0.838926 -0.1941 0 0 0 0 
-0.83863 -0.170289 0 0 0 0 
-0.838334 -0.146478 0 0 0 0 
-0.853099 -0.208599 0 0 0 0 
-0.852802 -0.184788 0 0 0 0 
-0.852506 -0.160977 0 0 0 0 
-0.866974 -0.199288 0 0 0 0 
-0.866678 -0.175477 0 0 0 0 
-0.88085 -0.189976 0 0 0 0 
1 2 6
2 7 6
2 3 7
3 8 7
3 4 8
4 9 8
4 5 9
6 7 10
7 11 10
7 8 11
8 12 11
8 9 12
10 11 13
11 14 13
11 12 14
13 14 15
ZONE N=15, E=16, F=FEPOINT, ET=TRIANGLE
-0.488929 -0.242143 0 0 0 0 
-0.503426 -0.230102 0 0 0 0 
-0.517923 -0.218062 0 0 0 0 
-0.53242 -0.206021 0 0 0 0 
-0.546916 -0.19398 0 0 0 0 
-0.514438 -0.251652 0 0 0 0 
-0.528935 -0.239611 0 0 0 0 
-0.543432 -0.227571 0 0 0 0 
-0.557929 -0.21553 0 0 0 0 
-0.539947 -0.261161 0 0 0 0 
-0.554444 -0.24912 0 0 0 0 
-0.568941 -0.23708 0 0 0 0 
-0.565456 -0.27067 0 0 0 0 
-0.579953 -0.258629 0 0 0 0 
-0.590965 -0.280179 0 0 0 0 
1 2 6
2 7 6
2 3 7
3 8 7
3 4 8
4 9 8
4 5 9
6 7 10
7 11 10
7 8 11
8 12 11
8 9 12
10 11 13
11 14 13
11 12 14
13 14 15
ZONE N=15, E=16, F=FEPOINT, ET=TRIANGLE
-0.588481 0.0685116 0 0 0 0 
-0.563974 0.0716334 0 0 0 0 
-0.539467 0.0747553 0 0 0 0 
-0.514959 0.0778772 0 0 0 0 
-0.490452 0.080999 0 0 0 0 
-0.574668 0.0889942 0 0 0 0 
-0.55016 0.092116 0 0 0 0 
-0.525653 0.0952379 0 0 0 0 
-0.501146 0.0983598 0 0 0 0 
-0.560854 0.109477 0 0 0 0 
-0.536347 0.112599 0 0 0 0 
-0.511839 0.115721 0 0 0 0 
-0.54704 0.129959 0 0 0 0 
-0.522533 0.133081 0 0 0 0 
-0.533227 0.150442 0 0 0 0 
1 2 6
2 7 6
2 3 7
3 8 7
3 4 8
4 9 8
4 5 9
6 7 10
7 11 10
7 8 11
8 12 11
8 9 12
10 11 13
11 14 13
11 12 14
13 14 15
ZONE N=15, E=16, F=FEPOINT, ET=TRIANGLE
-0.824161 -0.131978 0 0 0 0 
-0.810681 -0.146331 0 0 0 0 
-0.797201 -0.160685 0 0 0 0 
-0.783721 -0.175038 0 0 0 0 
-0.770241 -0.189391 0 0 0 0 
-0.810427 -0.119079 0 0 0 0 
-0.796947 -0.133433 0 0 0 0 
-0.783467 -0.147786 0 0 0 0 
-0.769987 -0.162139 0 0 0 0 
-0.796693 -0.10618 0 0 0 0 
-0.783213 -0.120534 0 0 0 0 
-0.769733 -0.134887 0 0 0 0 
-0.782958 -0.0932818 0 0 0 0 
-0.769478 -0.107635 0 0 0 0 
-0.769224 -0.080383 0 0 0 0 
1 2 6
2 7 6
2 3 7
3 8 7
3 4 8
4 9 8
4 5 9
6 7 10
7 11 10
7 8 11
8 12 11
8 9 12
10 11 13
11 14 13
11 12 14
13 14 15
ZONE N=15, E=16, F=FEPOINT, ET=TRIANGLE
-0.95694 -0.290285 0 0 0 0 
-0.937918 -0.265208 0 0 0 0 
-0.918895 -0.240131 0 0 0 0 
-0.899873 -0.215053 0 0 0 0 
-0.88085 -0.189976 0 0 0 0 
-0.962902 -0.266486 0 0 0 0 
-0.943879 -0.241409 0 0 0 0 
-0.924856 -0.216332 0 0 0 0 
-0.905834 -0.191255 0 0 0 0 
-0.968863 -0.242687 0 0 0 0 
-0.94984 -0.21761 0 0 0 0 
-0.930818 -0.192533 0 0 0 0 
-0.974824 -0.218889 0 0 0 0 
-0.955801 -0.193812 0 0 0 0 
-0.980785 -0.19509 0 0 0 0 
1 2 6
2 7 6
2 3 7
3 8 7
3 4 8
4 9 8
4 5 9
6 7 10
7 11 10
7 8 11
8 12 11
8 9 12
10 11 13
11 14 13
11 12 14
13 14 15
ZONE N=15, E=16, F=FEPOINT, ET=TRIANGLE
-0.695423 -0.065099 0 0 0 0 
-0.710173 -0.0403327 0 0 0 0 
-0.724923 -0.0155665 0 0 0 0 
-0.739673 0.0091998 0 0 0 0 
-0.754423 0.0339661 0 0 0 0 
-0.713874 -0.06892 0 0 0 0 
-0.728623 -0.0441537 0 0 0 0 
-0.743373 -0.0193875 0 0 0 0 
-0.758123 0.00537878 0 0 0 0 
-0.732324 -0.072741 0 0 0 0 
-0.747074 -0.0479748 0 0 0 0 
-0.761823 -0.0232085 0 0 0 0 
-0.750774 -0.076562 0 0 0 0 
-0.765524 -0.0517958 0 0 0 0 
-0.769224 -0.080383 0 0 0 0 
1 2 6
2 7 6
2 3 7
3 8 7
3 4 8
4 9 8
4 5 9
6 7 10
7 11 10
7 8 11
8 12 11
8 9 12
10 11 13
11 14 13
11 12 14
13 14 15
ZONE N=15, E=16, F=FEPOINT, ET=TRIANGLE
-0.588481 0.0685116 0 0 0 0 
-0.582252 0.0537079 0 0 0 0 
-0.576024 0.0389043 0 0 0 0 
-0.569795 0.0241006 0 0 0 0 
-0.563566 0.00929698 0 0 0 0 
-0.563974 0.0716334 0 0 0 0 
-0.557745 0.0568298 0 0 0 0 
-0.551516 0.0420261 0 0 0 0 
-0.545288 0.0272225 0 0 0 0 
-0.539467 0.0747553 0 0 0 0 
-0.533238 0.0599516 0 0 0 0 
-0.527009 0.045148 0 0 0 0 
-0.514959 0.0778772 0 0 0 0 
-0.508731 0.0630735 0 0 0 0 
-0.490452 0.080999 0 0 0 0 
1 2 6
2 7 6
2 3 7
3 8 7
3 4 8
4 9 8
4 5 9
6 7 10
7 11 10
7 8 11
8 12 11
8 9 12
10 11 13
11 14 13
11 12 14
13 14 15
ZONE N=15, E=16, F=FEPOINT, ET=TRIANGLE
-0.804302 0.085175 0 0 0 0 
-0.790726 0.101177 0 0 0 0 
-0.777151 0.11718 0 0 0 0 
-0.763575 0.133182 0 0 0 0 
-0.75 0.149184 0 0 0 0 
-0.811993 0.101307 0 0 0 0 
-0.798417 0.117309 0 0 0 0 
-0.784842 0.133312 0 0 0 0 
-0.771266 0.149314 0 0 0 0 
-0.819684 0.117439 0 0 0 0 
-0.806108 0.133441 0 0 0 0 
-0.792533 0.149444 0 0 0 0 
-0.827374 0.133571 0 0 0 0 
-0.813799 0.149573 0 0 0 0 
-0.835065 0.149703 0 0 0 0 
1 2 6
2 7 6
2 3 7
3 8 7
3 4 8
4 9 8
4 5 9
6 7 10
7 11 10
7 8 11
8 12 11
8 9 12
10 11 13
11 14 13
11 12 14
13 14 15
ZONE N=15, E=16, F=FEPOINT, ET=TRIANGLE
-0.835065 0.149703 0 0 0 0 
-0.845049 0.130925 0 0 0 0 
-0.855033 0.112148 0 0 0 0 
-0.865016 0.0933698 0 0 0 0 
-0.875 0.0745921 0 0 0 0 
-0.827374 0.133571 0 0 0 0 
-0.837358 0.114793 0 0 0 0 
-0.847342 0.0960155 0 0 0 0 
-0.857325 0.0772379 0 0 0 0 
-0.819684 0.117439 0 0 0 0 
-0.829667 0.0986613 0 0 0 0 
-0.839651 0.0798836 0 0 0 0 
-0.811993 0.101307 0 0 0 0 
-0.821976 0.0825293 0 0 0 0 
-0.804302 0.085175 0 0 0 0 
1 2 6
2 7 6
2 3 7
3 8 7
3 4 8
4 9 8
4 5 9
6 7 10
7 11 10
7 8 11
8 12 11
8 9 12
10 11 13
11 14 13
11 12 14
13 14 15
ZONE N=15, E=16, F=FEPOINT, ET=TRIANGLE
-0.91847 0.132967 0 0 0 0 
-0.934049 0.148498 0 0 0 0 
-0.949628 0.164029 0 0 0 0 
-0.965206 0.179559 0 0 0 0 
-0.980785 0.19509 0 0 0 0 
-0.937649 0.124229 0 0 0 0 
-0.953227 0.13976 0 0 0 0 
-0.968806 0.155291 0 0 0 0 
-0.984385 0.170822 0 0 0 0 
-0.956827 0.115492 0 0 0 0 
-0.972406 0.131023 0 0 0 0 
-0.987985 0.146554 0 0 0 0 
-0.976006 0.106755 0 0 0 0 
-0.991585 0.122285 0 0 0 0 
-0.995185 0.0980171 0 0 0 0 
1 2 6
2 7 6
2 3 7
3 8 7
3 4 8
4 9 8
4 5 9
6 7 10
7 11 10
7 8 11
8 12 11
8 9 12
10 11 13
11 14 13
11 12 14
13 14 15
ZONE N=15, E=16, F=FEPOINT, ET=TRIANGLE
-0.835065 0.149703 0 0 0 0 
-0.824281 0.174483 0 0 0 0 
-0.813496 0.199263 0 0 0 0 
-0.802711 0.224044 0 0 0 0 
-0.791927 0.248824 0 0 0 0 
-0.848461 0.162414 0 0 0 0 
-0.837677 0.187194 0 0 0 0 
-0.826892 0.211974 0 0 0 0 
-0.816107 0.236754 0 0 0 0 
-0.861857 0.175125 0 0 0 0 
-0.851073 0.199905 0 0 0 0 
-0.840288 0.224685 0 0 0 0 
-0.875253 0.187835 0 0 0 0 
-0.864468 0.212616 0 0 0 0 
-0.888649 0.200546 0 0 0 0 
1 2 6
2 7 6
2 3 7
3 8 7
3 4 8
4 9 8
4 5 9
6 7 10
7 11 10
7 8 11
8 12 11
8 9 12
10 11 13
11 14 13
11 12 14
13 14 15
ZONE N=15, E=16, F=FEPOINT, ET=TRIANGLE
-0.888649 0.200546 0 0 0 0 
-0.896104 0.183651 0 0 0 0 
-0.903559 0.166757 0 0 0 0 
-0.911015 0.149862 0 0 0 0 
-0.91847 0.132967 0 0 0 0 
-0.875253 0.187835 0 0 0 0 
-0.882708 0.170941 0 0 0 0 
-0.890164 0.154046 0 0 0 0 
-0.897619 0.137151 0 0 0 0 
-0.861857 0.175125 0 0 0 0 
-0.869312 0.15823 0 0 0 0 
-0.876768 0.141335 0 0 0 0 
-0.848461 0.162414 0 0 0 0 
-0.855917 0.145519 0 0 0 0 
-0.835065 0.149703 0 0 0 0 
1 2 6
2 7 6
2 3 7
3 8 7
3 4 8
4 9 8
4 5 9
6 7 10
7 11 10
7 8 11
8 12 11
8 9 12
10 11 13
11 14 13
11 12 14
13 14 15
ZONE N=15, E=16, F=FEPOINT, ET=TRIANGLE
-0.75 0.149184 0 0 0 0 
-0.760482 0.174094 0 0 0 0 
-0.770963 0.199004 0 0 0 0 
-0.781445 0.223914 0 0 0 0 
-0.791927 0.248824 0 0 0 0 
-0.771266 0.149314 0 0 0 0 
-0.781748 0.174224 0 0 0 0 
-0.79223 0.199134 0 0 0 0 
-0.802711 0.224044 0 0 0 0 
-0.792533 0.149444 0 0 0 0 
-0.803014 0.174353 0 0 0 0 
-0.813496 0.199263 0 0 0 0 
-0.813799 0.149573 0 0 0 0 
-0.824281 0.174483 0 0 0 0 
-0.835065 0.149703 0 0 0 0 
1 2 6
2 7 6
2 3 7
3 8 7
3 4 8
4 9 8
4 5 9
6 7 10
7 11 10
7 8 11
8 12 11
8 9 12
10 11 13
11 14 13
11 12 14
13 14 15
ZONE N=15, E=16, F=FEPOINT, ET=TRIANGLE
-0.888649 0.200546 0 0 0 0 
-0.905722 0.222981 0 0 0 0 
-0.922795 0.245415 0 0 0 0 
-0.939868 0.26785 0 0 0 0 
-0.95694 0.290285 0 0 0 0 
-0.911683 0.199182 0 0 0 0 
-0.928756 0.221617 0 0 0 0 
-0.945829 0.244051 0 0 0 0 
-0.962902 0.266486 0 0 0 0 
-0.934717 0.197818 0 0 0 0 
-0.95179 0.220253 0 0 0 0 
-0.968863 0.242687 0 0 0 0 
-0.957751 0.196454 0 0 0 0 
-0.974824 0.218889 0 0 0 0 
-0.980785 0.19509 0 0 0 0 
1 2 6
2 7 6
2 3 7
3 8 7
3 4 8
4 9 8
4 5 9
6 7 10
7 11 10
7 8 11
8 12 11
8 9 12
10 11 13
11 14 13
11 12 14
13 14 15
ZONE N=15, E=16, F=FEPOINT, ET=TRIANGLE
-0.812777 0.366293 0 0 0 0 
-0.797858 0.361299 0 0 0 0 
-0.782939 0.356304 0 0 0 0 
-0.76802 0.351309 0 0 0 0 
-0.753101 0.346314 0 0 0 0 
-0.792227 0.382335 0 0 0 0 
-0.777308 0.37734 0 0 0 0 
-0.762389 0.372345 0 0 0 0 
-0.74747 0.36735 0 0 0 0 
-0.771676 0.398376 0 0 0 0 
-0.756758 0.393381 0 0 0 0 
-0.741839 0.388386 0 0 0 0 
-0.751126 0.414417 0 0 0 0 
-0.736207 0.409422 0 0 0 0 
-0.730576 0.430458 0 0 0 0 
1 2 6
2 7 6
2 3 7
3 8 7
3 4 8
4 9 8
4 5 9
6 7 10
7 11 10
7 8 11
8 12 11
8 9 12
10 11 13
11 14 13
11 12 14
13 14 15
ZONE N=15, E=16, F=FEPOINT, ET=TRIANGLE
-0.854461 0.319147 0 0 0 0 
-0.871815 0.335031 0 0 0 0 
-0.88917 0.350915 0 0 0 0 
-0.906525 0.366799 0 0 0 0 
-0.92388 0.382683 0 0 0 0 
-0.880081 0.311931 0 0 0 0 
-0.897435 0.327816 0 0 0 0 
-0.91479 0.3437 0 0 0 0 
-0.932145 0.359584 0 0 0 0 
-0.905701 0.304716 0 0 0 0 
-0.923055 0.3206 0 0 0 0 
-0.94041 0.336484 0 0 0 0 
-0.93132 0.2975 0 0 0 0 
-0.948675 0.313384 0 0 0 0 
-0.95694 0.290285 0 0 0 0 
1 2 6
2 7 6
2 3 7
3 8 7
3 4 8
4 9 8
4 5 9
6 7 10
7 11 10
7 8 11
8 12 11
8 9 12
10 11 13
11 14 13
11 12 14
13 14 15
ZONE N=15, E=16, F=FEPOINT, ET=TRIANGLE
-0.875 0.0745921 0 0 0 0 
-0.863818 0.0602498 0 0 0 0 
-0.852636 0.0459074 0 0 0 0 
-0.841453 0.0315651 0 0 0 0 
-0.830271 0.0172227 0 0 0 0 
-0.857325 0.0772379 0 0 0 0 
-0.846143 0.0628955 0 0 0 0 
-0.834961 0.0485531 0 0 0 0 
-0.823779 0.0342108 0 0 0 0 
-0.839651 0.0798836 0 0 0 0 
-0.828469 0.0655412 0 0 0 0 
-0.817286 0.0511989 0 0 0 0 
-0.821976 0.0825293 0 0 0 0 
-0.810794 0.0681869 0 0 0 0 
-0.804302 0.085175 0 0 0 0 
1 2 6
2 7 6
2 3 7
3 8 7
3 4 8
4 9 8
4 5 9
6 7 10
7 11 10
7 8 11
8 12 11
8 9 12
10 11 13
11 14 13
11 12 14
13 14 15
ZONE N=15, E=16, F=FEPOINT, ET=TRIANGLE
-0.791927 0.248824 0 0 0 0 
-0.80756 0.266405 0 0 0 0 
-0.823194 0.283985 0 0 0 0 
-0.838827 0.301566 0 0 0 0 
-0.854461 0.319147 0 0 0 0 
-0.816107 0.236754 0 0 0 0 
-0.831741 0.254335 0 0 0 0 
-0.847374 0.271916 0 0 0 0 
-0.863008 0.289497 0 0 0 0 
-0.840288 0.224685 0 0 0 0 
-0.855921 0.242266 0 0 0 0 
-0.871555 0.259847 0 0 0 0 
-0.864468 0.212616 0 0 0 0 
-0.880102 0.230197 0 0 0 0 
-0.888649 0.200546 0 0 0 0 
1 2 6
2 7 6
2 3 7
3 8 7
3 4 8
4 9 8
4 5 9
6 7 10
7 11 10
7 8 11
8 12 11
8 9 12
10 11 13
11 14 13
11 12 14
13 14 15
ZONE N=15, E=16, F=FEPOINT, ET=TRIANGLE
-0.700046 0.0895728 0 0 0 0 
-0.72611 0.0884733 0 0 0 0 
-0.752174 0.0873739 0 0 0 0 
-0.778238 0.0862745 0 0 0 0 
-0.804302 0.085175 0 0 0 0 
-0.71364 0.0756711 0 0 0 0 
-0.739704 0.0745716 0 0 0 0 
-0.765768 0.0734722 0 0 0 0 
-0.791832 0.0723728 0 0 0 0 
-0.727234 0.0617694 0 0 0 0 
-0.753298 0.06067 0 0 0 0 
-0.779362 0.0595705 0 0 0 0 
-0.740829 0.0478677 0 0 0 0 
-0.766892 0.0467683 0 0 0 0 
-0.754423 0.0339661 0 0 0 0 
1 2 6
2 7 6
2 3 7
3 8 7
3 4 8
4 9 8
4 5 9
6 7 10
7 11 10
7 8 11
8 12 11
8 9 12
10 11 13
11 14 13
11 12 14
13 14 15
ZONE N=15, E=16, F=FEPOINT, ET=TRIANGLE
-0.875 0.0745921 0 0 0 0 
-0.890625 0.0652681 0 0 0 0 
-0.90625 0.0559441 0 0 0 0 
-0.921875 0.0466201 0 0 0 0 
-0.9375 0.0372961 0 0 0 0 
-0.863818 0.0602498 0 0 0 0 
-0.879443 0.0509258 0 0 0 0 
-0.895068 0.0416017 0 0 0 0 
-0.910693 0.0322777 0 0 0 0 
-0.852636 0.0459074 0 0 0 0 
-0.868261 0.0365834 0 0 0 0 
-0.883886 0.0272594 0 0 0 0 
-0.841453 0.0315651 0 0 0 0 
-0.857078 0.0222411 0 0 0 0 
-0.830271 0.0172227 0 0 0 0 
1 2 6
2 7 6
2 3 7
3 8 7
3 4 8
4 9 8
4 5 9
6 7 10
7 11 10
7 8 11
8 12 11
8 9 12
10 11 13
11 14 13
11 12 14
13 14 15
ZONE N=15, E=16, F=FEPOINT, ET=TRIANGLE
-0.769224 -0.080383 0 0 0 0 
-0.784486 -0.0559816 0 0 0 0 
-0.799748 -0.0315802 0 0 0 0 
-0.815009 -0.00717872 0 0 0 0 
-0.830271 0.0172227 0 0 0 0 
-0.786952 -0.0740001 0 0 0 0 
-0.802213 -0.0495986 0 0 0 0 
-0.817475 -0.0251972 0 0 0 0 
-0.832737 -0.00079575 0 0 0 0 
-0.804679 -0.0676171 0 0 0 0 
-0.819941 -0.0432157 0 0 0 0 
-0.835203 -0.0188142 0 0 0 0 
-0.822407 -0.0612341 0 0 0 0 
-0.837669 -0.0368327 0 0 0 0 
-0.840134 -0.0548512 0 0 0 0 
1 2 6
2 7 6
2 3 7
3 8 7
3 4 8
4 9 8
4 5 9
6 7 10
7 11 10
7 8 11
8 12 11
8 9 12
10 11 13
11 14 13
11 12 14
13 14 15
ZONE N=15, E=16, F=FEPOINT, ET=TRIANGLE
-0.733069 -0.366045 0 0 0 0 
-0.716727 -0.378548 0 0 0 0 
-0.700385 -0.391051 0 0 0 0 
-0.684042 -0.403554 0 0 0 0 
-0.6677 -0.416057 0 0 0 0 
-0.713402 -0.358242 0 0 0 0 
-0.697059 -0.370745 0 0 0 0 
-0.680717 -0.383248 0 0 0 0 
-0.664375 -0.395751 0 0 0 0 
-0.693734 -0.350439 0 0 0 0 
-0.677392 -0.362942 0 0 0 0 
-0.66105 -0.375445 0 0 0 0 
-0.674067 -0.342636 0 0 0 0 
-0.657724 -0.355139 0 0 0 0 
-0.654399 -0.334832 0 0 0 0 
1 2 6
2 7 6
2 3 7
3 8 7
3 4 8
4 9 8
4 5 9
6 7 10
7 11 10
7 8 11
8 12 11
8 9 12
10 11 13
11 14 13
11 12 14
13 14 15
ZONE N=15, E=16, F=FEPOINT, ET=TRIANGLE
-0.719734 -0.282466 0 0 0 0 
-0.703772 -0.274628 0 0 0 0 
-0.68781 -0.266791 0 0 0 0 
-0.671848 -0.258953 0 0 0 0 
-0.655886 -0.251115 0 0 0 0 
-0.713857 -0.256653 0 0 0 0 
-0.697895 -0.248815 0 0 0 0 
-0.681933 -0.240977 0 0 0 0 
-0.665971 -0.233139 0 0 0 0 
-0.707981 -0.230839 0 0 0 0 
-0.692019 -0.223001 0 0 0 0 
-0.676057 -0.215164 0 0 0 0 
-0.702104 -0.205026 0 0 0 0 
-0.686142 -0.197188 0 0 0 0 
-0.696227 -0.179212 0 0 0 0 
1 2 6
2 7 6
2 3 7
3 8 7
3 4 8
4 9 8
4 5 9
6 7 10
7 11 10
7 8 11
8 12 11
8 9 12
10 11 13
11 14 13
11 12 14
13 14 15
ZONE N=15, E=16, F=FEPOINT, ET=TRIANGLE
-0.739445 0.512602 0 0 0 0 
-0.753548 0.500691 0 0 0 0 
-0.767651 0.488781 0 0 0 0 
-0.781754 0.476871 0 0 0 0 
-0.795858 0.46496 0 0 0 0 
-0.737228 0.492066 0 0 0 0 
-0.751331 0.480156 0 0 0 0 
-0.765434 0.468245 0 0 0 0 
-0.779537 0.456335 0 0 0 0 
-0.73501 0.47153 0 0 0 0 
-0.749114 0.45962 0 0 0 0 
-0.763217 0.447709 0 0 0 0 
-0.732793 0.450994 0 0 0 0 
-0.746896 0.439084 0 0 0 0 
-0.730576 0.430458 0 0 0 0 
1 2 6
2 7 6
2 3 7
3 8 7
3 4 8
4 9 8
4 5 9
6 7 10
7 11 10
7 8 11
8 12 11
8 9 12
10 11 13
11 14 13
11 12 14
13 14 15
ZONE N=15, E=16, F=FEPOINT, ET=TRIANGLE
-0.812777 0.366293 0 0 0 0 
-0.830063 0.392569 0 0 0 0 
-0.847349 0.418845 0 0 0 0 
-0.864635 0.445121 0 0 0 0 
-0.881921 0.471397 0 0 0 0 
-0.840552 0.370391 0 0 0 0 
-0.857839 0.396667 0 0 0 0 
-0.875125 0.422943 0 0 0 0 
-0.892411 0.449218 0 0 0 0 
-0.868328 0.374488 0 0 0 0 
-0.885614 0.400764 0 0 0 0 
-0.9029 0.42704 0 0 0 0 
-0.896104 0.378586 0 0 0 0 
-0.91339 0.404862 0 0 0 0 
-0.92388 0.382683 0 0 0 0 
1 2 6
2 7 6
2 3 7
3 8 7
3 4 8
4 9 8
4 5 9
6 7 10
7 11 10
7 8 11
8 12 11
8 9 12
10 11 13
11 14 13
11 12 14
13 14 15
ZONE N=15, E=16, F=FEPOINT, ET=TRIANGLE
-0.83147 -0.55557 0 0 0 0 
-0.823215 -0.53539 0 0 0 0 
-0.814961 -0.51521 0 0 0 0 
-0.806706 -0.49503 0 0 0 0 
-0.798451 -0.47485 0 0 0 0 
-0.844083 -0.534527 0 0 0 0 
-0.835828 -0.514347 0 0 0 0 
-0.827573 -0.494167 0 0 0 0 
-0.819319 -0.473987 0 0 0 0 
-0.856695 -0.513483 0 0 0 0 
-0.848441 -0.493303 0 0 0 0 
-0.840186 -0.473123 0 0 0 0 
-0.869308 -0.49244 0 0 0 0 
-0.861054 -0.47226 0 0 0 0 
-0.881921 -0.471397 0 0 0 0 
1 2 6
2 7 6
2 3 7
3 8 7
3 4 8
4 9 8
4 5 9
6 7 10
7 11 10
7 8 11
8 12 11
8 9 12
10 11 13
11 14 13
11 12 14
13 14 15
ZONE N=15, E=16, F=FEPOINT, ET=TRIANGLE
-0.824993 -0.294063 0 0 0 0 
-0.825082 -0.277353 0 0 0 0 
-0.82517 -0.260642 0 0 0 0 
-0.825259 -0.243932 0 0 0 0 
-0.825347 -0.227222 0 0 0 0 
-0.840254 -0.301904 0 0 0 0 
-0.840343 -0.285194 0 0 0 0 
-0.840431 -0.268484 0 0 0 0 
-0.84052 -0.251774 0 0 0 0 
-0.855516 -0.309745 0 0 0 0 
-0.855604 -0.293035 0 0 0 0 
-0.855692 -0.276325 0 0 0 0 
-0.870777 -0.317587 0 0 0 0 
-0.870865 -0.300877 0 0 0 0 
-0.886038 -0.325428 0 0 0 0 
1 2 6
2 7 6
2 3 7
3 8 7
3 4 8
4 9 8
4 5 9
6 7 10
7 11 10
7 8 11
8 12 11
8 9 12
10 11 13
11 14 13
11 12 14
13 14 15
ZONE N=15, E=16, F=FEPOINT, ET=TRIANGLE
-0.818913 -0.380984 0 0 0 0 
-0.797452 -0.377249 0 0 0 0 
-0.775991 -0.373515 0 0 0 0 
-0.75453 -0.36978 0 0 0 0 
-0.733069 -0.366045 0 0 0 0 
-0.820433 -0.359253 0 0 0 0 
-0.798972 -0.355519 0 0 0 0 
-0.777511 -0.351784 0 0 0 0 
-0.75605 -0.34805 0 0 0 0 
-0.821953 -0.337523 0 0 0 0 
-0.800492 -0.333789 0 0 0 0 
-0.779031 -0.330054 0 0 0 0 
-0.823473 -0.315793 0 0 0 0 
-0.802012 -0.312058 0 0 0 0 
-0.824993 -0.294063 0 0 0 0 
1 2 6
2 7 6
2 3 7
3 8 7
3 4 8
4 9 8
4 5 9
6 7 10
7 11 10
7 8 11
8 12 11
8 9 12
10 11 13
11 14 13
11 12 14
13 14 15
ZONE N=15, E=16, F=FEPOINT, ET=TRIANGLE
-0.886038 -0.325428 0 0 0 0 
-0.895498 -0.339742 0 0 0 0 
-0.904959 -0.354056 0 0 0 0 
-0.914419 -0.36837 0 0 0 0 
-0.92388 -0.382683 0 0 0 0 
-0.869256 -0.339317 0 0 0 0 
-0.878717 -0.353631 0 0 0 0 
-0.888177 -0.367945 0 0 0 0 
-0.897638 -0.382258 0 0 0 0 
-0.852475 -0.353206 0 0 0 0 
-0.861936 -0.36752 0 0 0 0 
-0.871396 -0.381834 0 0 0 0 
-0.835694 -0.367095 0 0 0 0 
-0.845154 -0.381409 0 0 0 0 
-0.818913 -0.380984 0 0 0 0 
1 2 6
2 7 6
2 3 7
3 8 7
3 4 8
4 9 8
4 5 9
6 7 10
7 11 10
7 8 11
8 12 11
8 9 12
10 11 13
11 14 13
11 12 14
13 14 15
ZONE N=15, E=16, F=FEPOINT, ET=TRIANGLE
-0.590965 -0.280179 0 0 0 0 
-0.606823 -0.293842 0 0 0 0 
-0.622682 -0.307506 0 0 0 0 
-0.63854 -0.321169 0 0 0 0 
-0.654399 -0.334832 0 0 0 0 
-0.581176 -0.302311 0 0 0 0 
-0.597035 -0.315975 0 0 0 0 
-0.612893 -0.329638 0 0 0 0 
-0.628752 -0.343301 0 0 0 0 
-0.571388 -0.324444 0 0 0 0 
-0.587247 -0.338107 0 0 0 0 
-0.603105 -0.35177 0 0 0 0 
-0.5616 -0.346576 0 0 0 0 
-0.577458 -0.360239 0 0 0 0 
-0.551811 -0.368708 0 0 0 0 
1 2 6
2 7 6
2 3 7
3 8 7
3 4 8
4 9 8
4 5 9
6 7 10
7 11 10
7 8 11
8 12 11
8 9 12
10 11 13
11 14 13
11 12 14
13 14 15
ZONE N=15, E=16, F=FEPOINT, ET=TRIANGLE
-0.533227 0.150442 0 0 0 0 
-0.543892 0.167705 0 0 0 0 
-0.554557 0.184969 0 0 0 0 
-0.565221 0.202232 0 0 0 0 
-0.575886 0.219496 0 0 0 0 
-0.561925 0.149678 0 0 0 0 
-0.57259 0.166941 0 0 0 0 
-0.583255 0.184204 0 0 0 0 
-0.59392 0.201468 0 0 0 0 
-0.590623 0.148913 0 0 0 0 
-0.601288 0.166176 0 0 0 0 
-0.611953 0.18344 0 0 0 0 
-0.619321 0.148148 0 0 0 0 
-0.629986 0.165412 0 0 0 0 
-0.648019 0.147384 0 0 0 0 
1 2 6
2 7 6
2 3 7
3 8 7
3 4 8
4 9 8
4 5 9
6 7 10
7 11 10
7 8 11
8 12 11
8 9 12
10 11 13
11 14 13
11 12 14
13 14 15
ZONE N=15, E=16, F=FEPOINT, ET=TRIANGLE
-0.520732 0.440171 0 0 0 0 
-0.517956 0.457031 0 0 0 0 
-0.515181 0.47389 0 0 0 0 
-0.512405 0.49075 0 0 0 0 
-0.50963 0.507609 0 0 0 0 
-0.539046 0.443511 0 0 0 0 
-0.536271 0.460371 0 0 0 0 
-0.533495 0.47723 0 0 0 0 
-0.53072 0.49409 0 0 0 0 
-0.557361 0.446851 0 0 0 0 
-0.554585 0.463711 0 0 0 0 
-0.55181 0.48057 0 0 0 0 
-0.575675 0.450191 0 0 0 0 
-0.5729 0.467051 0 0 0 0 
-0.59399 0.453531 0 0 0 0 
1 2 6
2 7 6
2 3 7
3 8 7
3 4 8
4 9 8
4 5 9
6 7 10
7 11 10
7 8 11
8 12 11
8 9 12
10 11 13
11 14 13
11 12 14
13 14 15
ZONE N=15, E=16, F=FEPOINT, ET=TRIANGLE
-0.753101 0.346314 0 0 0 0 
-0.762808 0.321942 0 0 0 0 
-0.772514 0.297569 0 0 0 0 
-0.78222 0.273196 0 0 0 0 
-0.791927 0.248824 0 0 0 0 
-0.745264 0.329074 0 0 0 0 
-0.75497 0.304701 0 0 0 0 
-0.764677 0.280329 0 0 0 0 
-0.774383 0.255956 0 0 0 0 
-0.737426 0.311834 0 0 0 0 
-0.747133 0.287461 0 0 0 0 
-0.756839 0.263088 0 0 0 0 
-0.729589 0.294593 0 0 0 0 
-0.739295 0.270221 0 0 0 0 
-0.721752 0.277353 0 0 0 0 
1 2 6
2 7 6
2 3 7
3 8 7
3 4 8
4 9 8
4 5 9
6 7 10
7 11 10
7 8 11
8 12 11
8 9 12
10 11 13
11 14 13
11 12 14
13 14 15
ZONE N=15, E=16, F=FEPOINT, ET=TRIANGLE
-0.791927 0.248824 0 0 0 0 
-0.768484 0.235808 0 0 0 0 
-0.74504 0.222792 0 0 0 0 
-0.721597 0.209776 0 0 0 0 
-0.698154 0.19676 0 0 0 0 
-0.774383 0.255956 0 0 0 0 
-0.75094 0.24294 0 0 0 0 
-0.727497 0.229924 0 0 0 0 
-0.704053 0.216908 0 0 0 0 
-0.756839 0.263088 0 0 0 0 
-0.733396 0.250072 0 0 0 0 
-0.709953 0.237056 0 0 0 0 
-0.739295 0.270221 0 0 0 0 
-0.715852 0.257205 0 0 0 0 
-0.721752 0.277353 0 0 0 0 
1 2 6
2 7 6
2 3 7
3 8 7
3 4 8
4 9 8
4 5 9
6 7 10
7 11 10
7 8 11
8 12 11
8 9 12
10 11 13
11 14 13
11 12 14
13 14 15
ZONE N=15, E=16, F=FEPOINT, ET=TRIANGLE
-0.795858 0.46496 0 0 0 0 
-0.804761 0.487613 0 0 0 0 
-0.813664 0.510265 0 0 0 0 
-0.822567 0.532918 0 0 0 0 
-0.83147 0.55557 0 0 0 0 
-0.817373 0.46657 0 0 0 0 
-0.826276 0.489222 0 0 0 0 
-0.835179 0.511874 0 0 0 0 
-0.844083 0.534527 0 0 0 0 
-0.838889 0.468179 0 0 0 0 
-0.847792 0.490831 0 0 0 0 
-0.856695 0.513483 0 0 0 0 
-0.860405 0.469788 0 0 0 0 
-0.869308 0.49244 0 0 0 0 
-0.881921 0.471397 0 0 0 0 
1 2 6
2 7 6
2 3 7
3 8 7
3 4 8
4 9 8
4 5 9
6 7 10
7 11 10
7 8 11
8 12 11
8 9 12
10 11 13
11 14 13
11 12 14
13 14 15
ZONE N=15, E=16, F=FEPOINT, ET=TRIANGLE
-0.730576 0.430458 0 0 0 0 
-0.746896 0.439084 0 0 0 0 
-0.763217 0.447709 0 0 0 0 
-0.779537 0.456335 0 0 0 0 
-0.795858 0.46496 0 0 0 0 
-0.751126 0.414417 0 0 0 0 
-0.767447 0.423043 0 0 0 0 
-0.783767 0.431668 0 0 0 0 
-0.800087 0.440294 0 0 0 0 
-0.771676 0.398376 0 0 0 0 
-0.787997 0.407001 0 0 0 0 
-0.804317 0.415627 0 0 0 0 
-0.792227 0.382335 0 0 0 0 
-0.808547 0.39096 0 0 0 0 
-0.812777 0.366293 0 0 0 0 
1 2 6
2 7 6
2 3 7
3 8 7
3 4 8
4 9 8
4 5 9
6 7 10
7 11 10
7 8 11
8 12 11
8 9 12
10 11 13
11 14 13
11 12 14
13 14 15
ZONE N=15, E=16, F=FEPOINT, ET=TRIANGLE
-0.812777 0.366293 0 0 0 0 
-0.823198 0.354507 0 0 0 0 
-0.833619 0.34272 0 0 0 0 
-0.84404 0.330934 0 0 0 0 
-0.854461 0.319147 0 0 0 0 
-0.797858 0.361299 0 0 0 0 
-0.808279 0.349512 0 0 0 0 
-0.8187 0.337725 0 0 0 0 
-0.829121 0.325939 0 0 0 0 
-0.782939 0.356304 0 0 0 0 
-0.79336 0.344517 0 0 0 0 
-0.803781 0.332731 0 0 0 0 
-0.76802 0.351309 0 0 0 0 
-0.778441 0.339522 0 0 0 0 
-0.753101 0.346314 0 0 0 0 
1 2 6
2 7 6
2 3 7
3 8 7
3 4 8
4 9 8
4 5 9
6 7 10
7 11 10
7 8 11
8 12 11
8 9 12
10 11 13
11 14 13
11 12 14
13 14 15
ZONE N=15, E=16, F=FEPOINT, ET=TRIANGLE
-0.494266 0.222215 0 0 0 0 
-0.484497 0.205297 0 0 0 0 
-0.474728 0.188379 0 0 0 0 
-0.464959 0.171461 0 0 0 0 
-0.45519 0.154542 0 0 0 0 
-0.461958 0.226344 0 0 0 0 
-0.452189 0.209425 0 0 0 0 
-0.44242 0.192507 0 0 0 0 
-0.432651 0.175589 0 0 0 0 
-0.42965 0.230472 0 0 0 0 
-0.419881 0.213554 0 0 0 0 
-0.410112 0.196636 0 0 0 0 
-0.397342 0.234601 0 0 0 0 
-0.387573 0.217683 0 0 0 0 
-0.365033 0.238729 0 0 0 0 
1 2 6
2 7 6
2 3 7
3 8 7
3 4 8
4 9 8
4 5 9
6 7 10
7 11 10
7 8 11
8 12 11
8 9 12
10 11 13
11 14 13
11 12 14
13 14 15
ZONE N=15, E=16, F=FEPOINT, ET=TRIANGLE
-0.83147 0.55557 0 0 0 0 
-0.804226 0.560346 0 0 0 0 
-0.776982 0.565122 0 0 0 0 
-0.749738 0.569898 0 0 0 0 
-0.722494 0.574674 0 0 0 0 
-0.816855 0.575276 0 0 0 0 
-0.789611 0.580052 0 0 0 0 
-0.762367 0.584828 0 0 0 0 
-0.735123 0.589604 0 0 0 0 
-0.80224 0.594982 0 0 0 0 
-0.774996 0.599758 0 0 0 0 
-0.747752 0.604534 0 0 0 0 
-0.787625 0.614688 0 0 0 0 
-0.760381 0.619464 0 0 0 0 
-0.77301 0.634393 0 0 0 0 
1 2 6
2 7 6
2 3 7
3 8 7
3 4 8
4 9 8
4 5 9
6 7 10
7 11 10
7 8 11
8 12 11
8 9 12
10 11 13
11 14 13
11 12 14
13 14 15
ZONE N=15, E=16, F=FEPOINT, ET=TRIANGLE
-0.661912 0.484057 0 0 0 0 
-0.679078 0.470657 0 0 0 0 
-0.696244 0.457258 0 0 0 0 
-0.71341 0.443858 0 0 0 0 
-0.730576 0.430458 0 0 0 0 
-0.659368 0.45074 0 0 0 0 
-0.676534 0.43734 0 0 0 0 
-0.6937 0.42394 0 0 0 0 
-0.710866 0.410541 0 0 0 0 
-0.656824 0.417422 0 0 0 0 
-0.67399 0.404023 0 0 0 0 
-0.691156 0.390623 0 0 0 0 
-0.65428 0.384105 0 0 0 0 
-0.671446 0.370706 0 0 0 0 
-0.651736 0.350788 0 0 0 0 
1 2 6
2 7 6
2 3 7
3 8 7
3 4 8
4 9 8
4 5 9
6 7 10
7 11 10
7 8 11
8 12 11
8 9 12
10 11 13
11 14 13
11 12 14
13 14 15
ZONE N=15, E=16, F=FEPOINT, ET=TRIANGLE
-0.739445 0.512602 0 0 0 0 
-0.735207 0.52812 0 0 0 0 
-0.730969 0.543638 0 0 0 0 
-0.726731 0.559156 0 0 0 0 
-0.722494 0.574674 0 0 0 0 
-0.762451 0.523344 0 0 0 0 
-0.758213 0.538862 0 0 0 0 
-0.753975 0.55438 0 0 0 0 
-0.749738 0.569898 0 0 0 0 
-0.785457 0.534086 0 0 0 0 
-0.781219 0.549604 0 0 0 0 
-0.776982 0.565122 0 0 0 0 
-0.808463 0.544828 0 0 0 0 
-0.804226 0.560346 0 0 0 0 
-0.83147 0.55557 0 0 0 0 
1 2 6
2 7 6
2 3 7
3 8 7
3 4 8
4 9 8
4 5 9
6 7 10
7 11 10
7 8 11
8 12 11
8 9 12
10 11 13
11 14 13
11 12 14
13 14 15
ZONE N=15, E=16, F=FEPOINT, ET=TRIANGLE
-0.75 0.149184 0 0 0 0 
-0.737038 0.161078 0 0 0 0 
-0.724077 0.172972 0 0 0 0 
-0.711115 0.184866 0 0 0 0 
-0.698154 0.19676 0 0 0 0 
-0.760482 0.174094 0 0 0 0 
-0.74752 0.185988 0 0 0 0 
-0.734559 0.197882 0 0 0 0 
-0.721597 0.209776 0 0 0 0 
-0.770963 0.199004 0 0 0 0 
-0.758002 0.210898 0 0 0 0 
-0.74504 0.222792 0 0 0 0 
-0.781445 0.223914 0 0 0 0 
-0.768484 0.235808 0 0 0 0 
-0.791927 0.248824 0 0 0 0 
1 2 6
2 7 6
2 3 7
3 8 7
3 4 8
4 9 8
4 5 9
6 7 10
7 11 10
7 8 11
8 12 11
8 9 12
10 11 13
11 14 13
11 12 14
13 14 15
ZONE N=15, E=16, F=FEPOINT, ET=TRIANGLE
-0.651375 0.249325 0 0 0 0 
-0.651465 0.274691 0 0 0 0 
-0.651556 0.300057 0 0 0 0 
-0.651646 0.325422 0 0 0 0 
-0.651736 0.350788 0 0 0 0 
-0.668969 0.256332 0 0 0 0 
-0.669059 0.281698 0 0 0 0 
-0.66915 0.307064 0 0 0 0 
-0.66924 0.332429 0 0 0 0 
-0.686563 0.263339 0 0 0 0 
-0.686654 0.288705 0 0 0 0 
-0.686744 0.31407 0 0 0 0 
-0.704157 0.270346 0 0 0 0 
-0.704248 0.295712 0 0 0 0 
-0.721752 0.277353 0 0 0 0 
1 2 6
2 7 6
2 3 7
3 8 7
3 4 8
4 9 8
4 5 9
6 7 10
7 11 10
7 8 11
8 12 11
8 9 12
10 11 13
11 14 13
11 12 14
13 14 15
ZONE N=15, E=16, F=FEPOINT, ET=TRIANGLE
-0.568777 0.300352 0 0 0 0 
-0.589427 0.287595 0 0 0 0 
-0.610076 0.274839 0 0 0 0 
-0.630725 0.262082 0 0 0 0 
-0.651375 0.249325 0 0 0 0 
-0.570554 0.280138 0 0 0 0 
-0.591204 0.267381 0 0 0 0 
-0.611853 0.254625 0 0 0 0 
-0.632503 0.241868 0 0 0 0 
-0.572332 0.259924 0 0 0 0 
-0.592981 0.247167 0 0 0 0 
-0.61363 0.23441 0 0 0 0 
-0.574109 0.23971 0 0 0 0 
-0.594758 0.226953 0 0 0 0 
-0.575886 0.219496 0 0 0 0 
1 2 6
2 7 6
2 3 7
3 8 7
3 4 8
4 9 8
4 5 9
6 7 10
7 11 10
7 8 11
8 12 11
8 9 12
10 11 13
11 14 13
11 12 14
13 14 15
ZONE N=15, E=16, F=FEPOINT, ET=TRIANGLE
-0.568777 0.300352 0 0 0 0 
-0.589517 0.312961 0 0 0 0 
-0.610257 0.32557 0 0 0 0 
-0.630997 0.338179 0 0 0 0 
-0.651736 0.350788 0 0 0 0 
-0.589427 0.287595 0 0 0 0 
-0.610166 0.300204 0 0 0 0 
-0.630906 0.312813 0 0 0 0 
-0.651646 0.325422 0 0 0 0 
-0.610076 0.274839 0 0 0 0 
-0.630816 0.287448 0 0 0 0 
-0.651556 0.300057 0 0 0 0 
-0.630725 0.262082 0 0 0 0 
-0.651465 0.274691 0 0 0 0 
-0.651375 0.249325 0 0 0 0 
1 2 6
2 7 6
2 3 7
3 8 7
3 4 8
4 9 8
4 5 9
6 7 10
7 11 10
7 8 11
8 12 11
8 9 12
10 11 13
11 14 13
11 12 14
13 14 15
ZONE N=15, E=16, F=FEPOINT, ET=TRIANGLE
-0.753101 0.346314 0 0 0 0 
-0.72776 0.347433 0 0 0 0 
-0.702419 0.348551 0 0 0 0 
-0.677078 0.34967 0 0 0 0 
-0.651736 0.350788 0 0 0 0 
-0.74747 0.36735 0 0 0 0 
-0.722129 0.368469 0 0 0 0 
-0.696788 0.369587 0 0 0 0 
-0.671446 0.370706 0 0 0 0 
-0.741839 0.388386 0 0 0 0 
-0.716497 0.389505 0 0 0 0 
-0.691156 0.390623 0 0 0 0 
-0.736207 0.409422 0 0 0 0 
-0.710866 0.410541 0 0 0 0 
-0.730576 0.430458 0 0 0 0 
1 2 6
2 7 6
2 3 7
3 8 7
3 4 8
4 9 8
4 5 9
6 7 10
7 11 10
7 8 11
8 12 11
8 9 12
10 11 13
11 14 13
11 12 14
13 14 15
ZONE N=15, E=16, F=FEPOINT, ET=TRIANGLE
-0.661912 0.484057 0 0 0 0 
-0.681295 0.491193 0 0 0 0 
-0.700678 0.498329 0 0 0 0 
-0.720062 0.505466 0 0 0 0 
-0.739445 0.512602 0 0 0 0 
-0.679078 0.470657 0 0 0 0 
-0.698461 0.477793 0 0 0 0 
-0.717844 0.48493 0 0 0 0 
-0.737228 0.492066 0 0 0 0 
-0.696244 0.457258 0 0 0 0 
-0.715627 0.464394 0 0 0 0 
-0.73501 0.47153 0 0 0 0 
-0.71341 0.443858 0 0 0 0 
-0.732793 0.450994 0 0 0 0 
-0.730576 0.430458 0 0 0 0 
1 2 6
2 7 6
2 3 7
3 8 7
3 4 8
4 9 8
4 5 9
6 7 10
7 11 10
7 8 11
8 12 11
8 9 12
10 11 13
11 14 13
11 12 14
13 14 15
ZONE N=15, E=16, F=FEPOINT, ET=TRIANGLE
-0.722494 0.574674 0 0 0 0 
-0.707348 0.55202 0 0 0 0 
-0.692203 0.529366 0 0 0 0 
-0.677057 0.506711 0 0 0 0 
-0.661912 0.484057 0 0 0 0 
-0.707693 0.580976 0 0 0 0 
-0.692547 0.558322 0 0 0 0 
-0.677402 0.535667 0 0 0 0 
-0.662256 0.513013 0 0 0 0 
-0.692892 0.587278 0 0 0 0 
-0.677747 0.564623 0 0 0 0 
-0.662601 0.541969 0 0 0 0 
-0.678091 0.593579 0 0 0 0 
-0.662946 0.570925 0 0 0 0 
-0.663291 0.599881 0 0 0 0 
1 2 6
2 7 6
2 3 7
3 8 7
3 4 8
4 9 8
4 5 9
6 7 10
7 11 10
7 8 11
8 12 11
8 9 12
10 11 13
11 14 13
11 12 14
13 14 15
ZONE N=15, E=16, F=FEPOINT, ET=TRIANGLE
-0.739445 0.512602 0 0 0 0 
-0.762451 0.523344 0 0 0 0 
-0.785457 0.534086 0 0 0 0 
-0.808463 0.544828 0 0 0 0 
-0.83147 0.55557 0 0 0 0 
-0.753548 0.500691 0 0 0 0 
-0.776554 0.511434 0 0 0 0 
-0.79956 0.522176 0 0 0 0 
-0.822567 0.532918 0 0 0 0 
-0.767651 0.488781 0 0 0 0 
-0.790657 0.499523 0 0 0 0 
-0.813664 0.510265 0 0 0 0 
-0.781754 0.476871 0 0 0 0 
-0.804761 0.487613 0 0 0 0 
-0.795858 0.46496 0 0 0 0 
1 2 6
2 7 6
2 3 7
3 8 7
3 4 8
4 9 8
4 5 9
6 7 10
7 11 10
7 8 11
8 12 11
8 9 12
10 11 13
11 14 13
11 12 14
13 14 15
ZONE N=15, E=16, F=FEPOINT, ET=TRIANGLE
-0.576462 0.381157 0 0 0 0 
-0.580844 0.399251 0 0 0 0 
-0.585226 0.417344 0 0 0 0 
-0.589608 0.435438 0 0 0 0 
-0.59399 0.453531 0 0 0 0 
-0.595281 0.373565 0 0 0 0 
-0.599663 0.391658 0 0 0 0 
-0.604044 0.409752 0 0 0 0 
-0.608426 0.427845 0 0 0 0 
-0.614099 0.365973 0 0 0 0 
-0.618481 0.384066 0 0 0 0 
-0.622863 0.40216 0 0 0 0 
-0.632918 0.35838 0 0 0 0 
-0.6373 0.376474 0 0 0 0 
-0.651736 0.350788 0 0 0 0 
1 2 6
2 7 6
2 3 7
3 8 7
3 4 8
4 9 8
4 5 9
6 7 10
7 11 10
7 8 11
8 12 11
8 9 12
10 11 13
11 14 13
11 12 14
13 14 15
ZONE N=15, E=16, F=FEPOINT, ET=TRIANGLE
-0.472289 0.722281 0 0 0 0 
-0.483939 0.704986 0 0 0 0 
-0.49559 0.687691 0 0 0 0 
-0.50724 0.670396 0 0 0 0 
-0.518891 0.653101 0 0 0 0 
-0.471975 0.69206 0 0 0 0 
-0.483625 0.674765 0 0 0 0 
-0.495276 0.65747 0 0 0 0 
-0.506926 0.640175 0 0 0 0 
-0.471661 0.66184 0 0 0 0 
-0.483311 0.644545 0 0 0 0 
-0.494962 0.627249 0 0 0 0 
-0.471347 0.631619 0 0 0 0 
-0.482997 0.614324 0 0 0 0 
-0.471033 0.601398 0 0 0 0 
1 2 6
2 7 6
2 3 7
3 8 7
3 4 8
4 9 8
4 5 9
6 7 10
7 11 10
7 8 11
8 12 11
8 9 12
10 11 13
11 14 13
11 12 14
13 14 15
ZONE N=15, E=16, F=FEPOINT, ET=TRIANGLE
-0.365033 0.238729 0 0 0 0 
-0.391698 0.254222 0 0 0 0 
-0.418362 0.269714 0 0 0 0 
-0.445026 0.285206 0 0 0 0 
-0.47169 0.300698 0 0 0 0 
-0.397342 0.234601 0 0 0 0 
-0.424006 0.250093 0 0 0 0 
-0.45067 0.265585 0 0 0 0 
-0.477334 0.281077 0 0 0 0 
-0.42965 0.230472 0 0 0 0 
-0.456314 0.245964 0 0 0 0 
-0.482978 0.261457 0 0 0 0 
-0.461958 0.226344 0 0 0 0 
-0.488622 0.241836 0 0 0 0 
-0.494266 0.222215 0 0 0 0 
1 2 6
2 7 6
2 3 7
3 8 7
3 4 8
4 9 8
4 5 9
6 7 10
7 11 10
7 8 11
8 12 11
8 9 12
10 11 13
11 14 13
11 12 14
13 14 15
ZONE N=15, E=16, F=FEPOINT, ET=TRIANGLE
-0.77301 0.634393 0 0 0 0 
-0.745581 0.625765 0 0 0 0 
-0.718151 0.617137 0 0 0 0 
-0.690721 0.608509 0 0 0 0 
-0.663291 0.599881 0 0 0 0 
-0.756535 0.652572 0 0 0 0 
-0.729105 0.643944 0 0 0 0 
-0.701675 0.635316 0 0 0 0 
-0.674245 0.626688 0 0 0 0 
-0.740059 0.67075 0 0 0 0 
-0.712629 0.662122 0 0 0 0 
-0.685199 0.653494 0 0 0 0 
-0.723583 0.688928 0 0 0 0 
-0.696153 0.6803 0 0 0 0 
-0.707107 0.707107 0 0 0 0 
1 2 6
2 7 6
2 3 7
3 8 7
3 4 8
4 9 8
4 5 9
6 7 10
7 11 10
7 8 11
8 12 11
8 9 12
10 11 13
11 14 13
11 12 14
13 14 15
ZONE N=15, E=16, F=FEPOINT, ET=TRIANGLE
-0.651736 0.350788 0 0 0 0 
-0.630997 0.338179 0 0 0 0 
-0.610257 0.32557 0 0 0 0 
-0.589517 0.312961 0 0 0 0 
-0.568777 0.300352 0 0 0 0 
-0.632918 0.35838 0 0 0 0 
-0.612178 0.345771 0 0 0 0 
-0.591438 0.333162 0 0 0 0 
-0.570698 0.320553 0 0 0 0 
-0.614099 0.365973 0 0 0 0 
-0.593359 0.353363 0 0 0 0 
-0.57262 0.340754 0 0 0 0 
-0.595281 0.373565 0 0 0 0 
-0.574541 0.360956 0 0 0 0 
-0.576462 0.381157 0 0 0 0 
1 2 6
2 7 6
2 3 7
3 8 7
3 4 8
4 9 8
4 5 9
6 7 10
7 11 10
7 8 11
8 12 11
8 9 12
10 11 13
11 14 13
11 12 14
13 14 15
ZONE N=15, E=16, F=FEPOINT, ET=TRIANGLE
-0.739445 0.512602 0 0 0 0 
-0.720062 0.505466 0 0 0 0 
-0.700678 0.498329 0 0 0 0 
-0.681295 0.491193 0 0 0 0 
-0.661912 0.484057 0 0 0 0 
-0.735207 0.52812 0 0 0 0 
-0.715824 0.520984 0 0 0 0 
-0.69644 0.513847 0 0 0 0 
-0.677057 0.506711 0 0 0 0 
-0.730969 0.543638 0 0 0 0 
-0.711586 0.536502 0 0 0 0 
-0.692203 0.529366 0 0 0 0 
-0.726731 0.559156 0 0 0 0 
-0.707348 0.55202 0 0 0 0 
-0.722494 0.574674 0 0 0 0 
1 2 6
2 7 6
2 3 7
3 8 7
3 4 8
4 9 8
4 5 9
6 7 10
7 11 10
7 8 11
8 12 11
8 9 12
10 11 13
11 14 13
11 12 14
13 14 15
ZONE N=15, E=16, F=FEPOINT, ET=TRIANGLE
-0.722494 0.574674 0 0 0 0 
-0.707693 0.580976 0 0 0 0 
-0.692892 0.587278 0 0 0 0 
-0.678091 0.593579 0 0 0 0 
-0.663291 0.599881 0 0 0 0 
-0.735123 0.589604 0 0 0 0 
-0.720322 0.595906 0 0 0 0 
-0.705521 0.602208 0 0 0 0 
-0.690721 0.608509 0 0 0 0 
-0.747752 0.604534 0 0 0 0 
-0.732951 0.610836 0 0 0 0 
-0.718151 0.617137 0 0 0 0 
-0.760381 0.619464 0 0 0 0 
-0.745581 0.625765 0 0 0 0 
-0.77301 0.634393 0 0 0 0 
1 2 6
2 7 6
2 3 7
3 8 7
3 4 8
4 9 8
4 5 9
6 7 10
7 11 10
7 8 11
8 12 11
8 9 12
10 11 13
11 14 13
11 12 14
13 14 15
ZONE N=15, E=16, F=FEPOINT, ET=TRIANGLE
-0.648019 0.147384 0 0 0 0 
-0.629986 0.165412 0 0 0 0 
-0.611953 0.18344 0 0 0 0 
-0.59392 0.201468 0 0 0 0 
-0.575886 0.219496 0 0 0 0 
-0.648858 0.172869 0 0 0 0 
-0.630825 0.190897 0 0 0 0 
-0.612792 0.208925 0 0 0 0 
-0.594758 0.226953 0 0 0 0 
-0.649697 0.198355 0 0 0 0 
-0.631664 0.216383 0 0 0 0 
-0.61363 0.23441 0 0 0 0 
-0.650536 0.22384 0 0 0 0 
-0.632503 0.241868 0 0 0 0 
-0.651375 0.249325 0 0 0 0 
1 2 6
2 7 6
2 3 7
3 8 7
3 4 8
4 9 8
4 5 9
6 7 10
7 11 10
7 8 11
8 12 11
8 9 12
10 11 13
11 14 13
11 12 14
13 14 15
ZONE N=15, E=16, F=FEPOINT, ET=TRIANGLE
-0.568777 0.300352 0 0 0 0 
-0.552418 0.317246 0 0 0 0 
-0.53606 0.33414 0 0 0 0 
-0.519701 0.351033 0 0 0 0 
-0.503342 0.367927 0 0 0 0 
-0.570698 0.320553 0 0 0 0 
-0.55434 0.337447 0 0 0 0 
-0.537981 0.354341 0 0 0 0 
-0.521622 0.371235 0 0 0 0 
-0.57262 0.340754 0 0 0 0 
-0.556261 0.357648 0 0 0 0 
-0.539902 0.374542 0 0 0 0 
-0.574541 0.360956 0 0 0 0 
-0.558182 0.37785 0 0 0 0 
-0.576462 0.381157 0 0 0 0 
1 2 6
2 7 6
2 3 7
3 8 7
3 4 8
4 9 8
4 5 9
6 7 10
7 11 10
7 8 11
8 12 11
8 9 12
10 11 13
11 14 13
11 12 14
13 14 15
ZONE N=15, E=16, F=FEPOINT, ET=TRIANGLE
-0.47169 0.300698 0 0 0 0 
-0.495962 0.300612 0 0 0 0 
-0.520234 0.300525 0 0 0 0 
-0.544505 0.300438 0 0 0 0 
-0.568777 0.300352 0 0 0 0 
-0.477334 0.281077 0 0 0 0 
-0.501606 0.280991 0 0 0 0 
-0.525878 0.280904 0 0 0 0 
-0.550149 0.280818 0 0 0 0 
-0.482978 0.261457 0 0 0 0 
-0.50725 0.26137 0 0 0 0 
-0.531522 0.261283 0 0 0 0 
-0.488622 0.241836 0 0 0 0 
-0.512894 0.241749 0 0 0 0 
-0.494266 0.222215 0 0 0 0 
1 2 6
2 7 6
2 3 7
3 8 7
3 4 8
4 9 8
4 5 9
6 7 10
7 11 10
7 8 11
8 12 11
8 9 12
10 11 13
11 14 13
11 12 14
13 14 15
ZONE N=15, E=16, F=FEPOINT, ET=TRIANGLE
-0.568777 0.300352 0 0 0 0 
-0.570554 0.280138 0 0 0 0 
-0.572332 0.259924 0 0 0 0 
-0.574109 0.23971 0 0 0 0 
-0.575886 0.219496 0 0 0 0 
-0.550149 0.280818 0 0 0 0 
-0.551927 0.260604 0 0 0 0 
-0.553704 0.24039 0 0 0 0 
-0.555481 0.220176 0 0 0 0 
-0.531522 0.261283 0 0 0 0 
-0.533299 0.241069 0 0 0 0 
-0.535076 0.220855 0 0 0 0 
-0.512894 0.241749 0 0 0 0 
-0.514671 0.221535 0 0 0 0 
-0.494266 0.222215 0 0 0 0 
1 2 6
2 7 6
2 3 7
3 8 7
3 4 8
4 9 8
4 5 9
6 7 10
7 11 10
7 8 11
8 12 11
8 9 12
10 11 13
11 14 13
11 12 14
13 14 15
ZONE N=15, E=16, F=FEPOINT, ET=TRIANGLE
-0.365033 0.238729 0 0 0 0 
-0.35494 0.262666 0 0 0 0 
-0.344846 0.286602 0 0 0 0 
-0.334752 0.310538 0 0 0 0 
-0.324659 0.334474 0 0 0 0 
-0.371931 0.25755 0 0 0 0 
-0.361837 0.281486 0 0 0 0 
-0.351744 0.305422 0 0 0 0 
-0.34165 0.329358 0 0 0 0 
-0.378829 0.27637 0 0 0 0 
-0.368735 0.300306 0 0 0 0 
-0.358642 0.324243 0 0 0 0 
-0.385727 0.295191 0 0 0 0 
-0.375633 0.319127 0 0 0 0 
-0.392624 0.314011 0 0 0 0 
1 2 6
2 7 6
2 3 7
3 8 7
3 4 8
4 9 8
4 5 9
6 7 10
7 11 10
7 8 11
8 12 11
8 9 12
10 11 13
11 14 13
11 12 14
13 14 15
ZONE N=15, E=16, F=FEPOINT, ET=TRIANGLE
-0.442763 0.420724 0 0 0 0 
-0.443792 0.449217 0 0 0 0 
-0.444822 0.47771 0 0 0 0 
-0.445851 0.506203 0 0 0 0 
-0.446881 0.534696 0 0 0 0 
-0.45948 0.442445 0 0 0 0 
-0.460509 0.470938 0 0 0 0 
-0.461539 0.499431 0 0 0 0 
-0.462568 0.527924 0 0 0 0 
-0.476196 0.464167 0 0 0 0 
-0.477226 0.49266 0 0 0 0 
-0.478255 0.521152 0 0 0 0 
-0.492913 0.485888 0 0 0 0 
-0.493943 0.514381 0 0 0 0 
-0.50963 0.507609 0 0 0 0 
1 2 6
2 7 6
2 3 7
3 8 7
3 4 8
4 9 8
4 5 9
6 7 10
7 11 10
7 8 11
8 12 11
8 9 12
10 11 13
11 14 13
11 12 14
13 14 15
ZONE N=15, E=16, F=FEPOINT, ET=TRIANGLE
-0.698154 0.19676 0 0 0 0 
-0.68562 0.184416 0 0 0 0 
-0.673087 0.172072 0 0 0 0 
-0.660553 0.159728 0 0 0 0 
-0.648019 0.147384 0 0 0 0 
-0.686459 0.209901 0 0 0 0 
-0.673925 0.197557 0 0 0 0 
-0.661392 0.185213 0 0 0 0 
-0.648858 0.172869 0 0 0 0 
-0.674764 0.223043 0 0 0 0 
-0.662231 0.210699 0 0 0 0 
-0.649697 0.198355 0 0 0 0 
-0.663069 0.236184 0 0 0 0 
-0.650536 0.22384 0 0 0 0 
-0.651375 0.249325 0 0 0 0 
1 2 6
2 7 6
2 3 7
3 8 7
3 4 8
4 9 8
4 5 9
6 7 10
7 11 10
7 8 11
8 12 11
8 9 12
10 11 13
11 14 13
11 12 14
13 14 15
ZONE N=15, E=16, F=FEPOINT, ET=TRIANGLE
-0.494266 0.222215 0 0 0 0 
-0.514671 0.221535 0 0 0 0 
-0.535076 0.220855 0 0 0 0 
-0.555481 0.220176 0 0 0 0 
-0.575886 0.219496 0 0 0 0 
-0.504006 0.204272 0 0 0 0 
-0.524411 0.203592 0 0 0 0 
-0.544816 0.202912 0 0 0 0 
-0.565221 0.202232 0 0 0 0 
-0.513746 0.186328 0 0 0 0 
-0.534151 0.185649 0 0 0 0 
-0.554557 0.184969 0 0 0 0 
-0.523486 0.168385 0 0 0 0 
-0.543892 0.167705 0 0 0 0 
-0.533227 0.150442 0 0 0 0 
1 2 6
2 7 6
2 3 7
3 8 7
3 4 8
4 9 8
4 5 9
6 7 10
7 11 10
7 8 11
8 12 11
8 9 12
10 11 13
11 14 13
11 12 14
13 14 15
ZONE N=15, E=16, F=FEPOINT, ET=TRIANGLE
-0.804302 0.085175 0 0 0 0 
-0.778238 0.0862745 0 0 0 0 
-0.752174 0.0873739 0 0 0 0 
-0.72611 0.0884733 0 0 0 0 
-0.700046 0.0895728 0 0 0 0 
-0.790726 0.101177 0 0 0 0 
-0.764662 0.102277 0 0 0 0 
-0.738598 0.103376 0 0 0 0 
-0.712535 0.104476 0 0 0 0 
-0.777151 0.11718 0 0 0 0 
-0.751087 0.118279 0 0 0 0 
-0.725023 0.119379 0 0 0 0 
-0.763575 0.133182 0 0 0 0 
-0.737512 0.134281 0 0 0 0 
-0.75 0.149184 0 0 0 0 
1 2 6
2 7 6
2 3 7
3 8 7
3 4 8
4 9 8
4 5 9
6 7 10
7 11 10
7 8 11
8 12 11
8 9 12
10 11 13
11 14 13
11 12 14
13 14 15
ZONE N=15, E=16, F=FEPOINT, ET=TRIANGLE
-0.754423 0.0339661 0 0 0 0 
-0.735119 0.0286871 0 0 0 0 
-0.715816 0.0234082 0 0 0 0 
-0.696512 0.0181293 0 0 0 0 
-0.677209 0.0128504 0 0 0 0 
-0.740829 0.0478677 0 0 0 0 
-0.721525 0.0425888 0 0 0 0 
-0.702222 0.0373099 0 0 0 0 
-0.682918 0.032031 0 0 0 0 
-0.727234 0.0617694 0 0 0 0 
-0.707931 0.0564905 0 0 0 0 
-0.688627 0.0512116 0 0 0 0 
-0.71364 0.0756711 0 0 0 0 
-0.694337 0.0703922 0 0 0 0 
-0.700046 0.0895728 0 0 0 0 
1 2 6
2 7 6
2 3 7
3 8 7
3 4 8
4 9 8
4 5 9
6 7 10
7 11 10
7 8 11
8 12 11
8 9 12
10 11 13
11 14 13
11 12 14
13 14 15
ZONE N=15, E=16, F=FEPOINT, ET=TRIANGLE
-0.402252 0.0839353 0 0 0 0 
-0.395439 0.0629515 0 0 0 0 
-0.388626 0.0419676 0 0 0 0 
-0.381813 0.0209838 0 0 0 0 
-0.375 0 0 0 0 0 
-0.379814 0.0796225 0 0 0 0 
-0.373001 0.0586387 0 0 0 0 
-0.366188 0.0376549 0 0 0 0 
-0.359375 0.0166711 0 0 0 0 
-0.357376 0.0753098 0 0 0 0 
-0.350563 0.054326 0 0 0 0 
-0.34375 0.0333422 0 0 0 0 
-0.334938 0.0709971 0 0 0 0 
-0.328125 0.0500133 0 0 0 0 
-0.3125 0.0666844 0 0 0 0 
1 2 6
2 7 6
2 3 7
3 8 7
3 4 8
4 9 8
4 5 9
6 7 10
7 11 10
7 8 11
8 12 11
8 9 12
10 11 13
11 14 13
11 12 14
13 14 15
ZONE N=15, E=16, F=FEPOINT, ET=TRIANGLE
-0.45519 0.154542 0 0 0 0 
-0.464959 0.171461 0 0 0 0 
-0.474728 0.188379 0 0 0 0 
-0.484497 0.205297 0 0 0 0 
-0.494266 0.222215 0 0 0 0 
-0.474699 0.153517 0 0 0 0 
-0.484468 0.170435 0 0 0 0 
-0.494237 0.187354 0 0 0 0 
-0.504006 0.204272 0 0 0 0 
-0.494209 0.152492 0 0 0 0 
-0.503977 0.16941 0 0 0 0 
-0.513746 0.186328 0 0 0 0 
-0.513718 0.151467 0 0 0 0 
-0.523486 0.168385 0 0 0 0 
-0.533227 0.150442 0 0 0 0 
1 2 6
2 7 6
2 3 7
3 8 7
3 4 8
4 9 8
4 5 9
6 7 10
7 11 10
7 8 11
8 12 11
8 9 12
10 11 13
11 14 13
11 12 14
13 14 15
ZONE N=15, E=16, F=FEPOINT, ET=TRIANGLE
-0.25 0 0 0 0 0 
-0.242688 0.0225106 0 0 0 0 
-0.235377 0.0450213 0 0 0 0 
-0.228065 0.0675319 0 0 0 0 
-0.220754 0.0900426 0 0 0 0 
-0.265625 0.0166711 0 0 0 0 
-0.258313 0.0391817 0 0 0 0 
-0.251002 0.0616924 0 0 0 0 
-0.24369 0.084203 0 0 0 0 
-0.28125 0.0333422 0 0 0 0 
-0.273938 0.0558528 0 0 0 0 
-0.266627 0.0783635 0 0 0 0 
-0.296875 0.0500133 0 0 0 0 
-0.289563 0.0725239 0 0 0 0 
-0.3125 0.0666844 0 0 0 0 
1 2 6
2 7 6
2 3 7
3 8 7
3 4 8
4 9 8
4 5 9
6 7 10
7 11 10
7 8 11
8 12 11
8 9 12
10 11 13
11 14 13
11 12 14
13 14 15
ZONE N=15, E=16, F=FEPOINT, ET=TRIANGLE
-0.45519 0.154542 0 0 0 0 
-0.464006 0.136157 0 0 0 0 
-0.472821 0.117771 0 0 0 0 
-0.481637 0.0993849 0 0 0 0 
-0.490452 0.080999 0 0 0 0 
-0.441956 0.136891 0 0 0 0 
-0.450771 0.118505 0 0 0 0 
-0.459587 0.100119 0 0 0 0 
-0.468402 0.0817331 0 0 0 0 
-0.428721 0.119239 0 0 0 0 
-0.437537 0.100853 0 0 0 0 
-0.446352 0.0824671 0 0 0 0 
-0.415487 0.101587 0 0 0 0 
-0.424302 0.0832012 0 0 0 0 
-0.402252 0.0839353 0 0 0 0 
1 2 6
2 7 6
2 3 7
3 8 7
3 4 8
4 9 8
4 5 9
6 7 10
7 11 10
7 8 11
8 12 11
8 9 12
10 11 13
11 14 13
11 12 14
13 14 15
ZONE N=15, E=16, F=FEPOINT, ET=TRIANGLE
-0.533227 0.150442 0 0 0 0 
-0.522533 0.133081 0 0 0 0 
-0.511839 0.115721 0 0 0 0 
-0.501146 0.0983598 0 0 0 0 
-0.490452 0.080999 0 0 0 0 
-0.513718 0.151467 0 0 0 0 
-0.503024 0.134106 0 0 0 0 
-0.49233 0.116746 0 0 0 0 
-0.481637 0.0993849 0 0 0 0 
-0.494209 0.152492 0 0 0 0 
-0.483515 0.135131 0 0 0 0 
-0.472821 0.117771 0 0 0 0 
-0.474699 0.153517 0 0 0 0 
-0.464006 0.136157 0 0 0 0 
-0.45519 0.154542 0 0 0 0 
1 2 6
2 7 6
2 3 7
3 8 7
3 4 8
4 9 8
4 5 9
6 7 10
7 11 10
7 8 11
8 12 11
8 9 12
10 11 13
11 14 13
11 12 14
13 14 15
ZONE N=15, E=16, F=FEPOINT, ET=TRIANGLE
-0.4375 0 0 0 0 0 
-0.429687 -0.0171547 0 0 0 0 
-0.421875 -0.0343094 0 0 0 0 
-0.414062 -0.0514641 0 0 0 0 
-0.40625 -0.0686188 0 0 0 0 
-0.421875 0 0 0 0 0 
-0.414062 -0.0171547 0 0 0 0 
-0.40625 -0.0343094 0 0 0 0 
-0.398437 -0.0514641 0 0 0 0 
-0.40625 0 0 0 0 0 
-0.398437 -0.0171547 0 0 0 0 
-0.390625 -0.0343094 0 0 0 0 
-0.390625 0 0 0 0 0 
-0.382812 -0.0171547 0 0 0 0 
-0.375 0 0 0 0 0 
1 2 6
2 7 6
2 3 7
3 8 7
3 4 8
4 9 8
4 5 9
6 7 10
7 11 10
7 8 11
8 12 11
8 9 12
10 11 13
11 14 13
11 12 14
13 14 15
ZONE N=15, E=16, F=FEPOINT, ET=TRIANGLE
-0.648019 0.147384 0 0 0 0 
-0.633135 0.127666 0 0 0 0 
-0.61825 0.107948 0 0 0 0 
-0.603366 0.0882297 0 0 0 0 
-0.588481 0.0685116 0 0 0 0 
-0.619321 0.148148 0 0 0 0 
-0.604437 0.12843 0 0 0 0 
-0.589552 0.108712 0 0 0 0 
-0.574668 0.0889942 0 0 0 0 
-0.590623 0.148913 0 0 0 0 
-0.575738 0.129195 0 0 0 0 
-0.560854 0.109477 0 0 0 0 
-0.561925 0.149678 0 0 0 0 
-0.54704 0.129959 0 0 0 0 
-0.533227 0.150442 0 0 0 0 
1 2 6
2 7 6
2 3 7
3 8 7
3 4 8
4 9 8
4 5 9
6 7 10
7 11 10
7 8 11
8 12 11
8 9 12
10 11 13
11 14 13
11 12 14
13 14 15
ZONE N=15, E=16, F=FEPOINT, ET=TRIANGLE
-0.490452 0.080999 0 0 0 0 
-0.492839 0.0607493 0 0 0 0 
-0.495226 0.0404995 0 0 0 0 
-0.497613 0.0202498 0 0 0 0 
-0.5 0 0 0 0 0 
-0.477214 0.0607493 0 0 0 0 
-0.479601 0.0404995 0 0 0 0 
-0.481988 0.0202498 0 0 0 0 
-0.484375 0 0 0 0 0 
-0.463976 0.0404995 0 0 0 0 
-0.466363 0.0202498 0 0 0 0 
-0.46875 0 0 0 0 0 
-0.450738 0.0202498 0 0 0 0 
-0.453125 0 0 0 0 0 
-0.4375 0 0 0 0 0 
1 2 6
2 7 6
2 3 7
3 8 7
3 4 8
4 9 8
4 5 9
6 7 10
7 11 10
7 8 11
8 12 11
8 9 12
10 11 13
11 14 13
11 12 14
13 14 15
ZONE N=15, E=16, F=FEPOINT, ET=TRIANGLE
-0.3119 0.191519 0 0 0 0 
-0.325183 0.203321 0 0 0 0 
-0.338467 0.215124 0 0 0 0 
-0.35175 0.226927 0 0 0 0 
-0.365033 0.238729 0 0 0 0 
-0.327741 0.183469 0 0 0 0 
-0.341025 0.195271 0 0 0 0 
-0.354308 0.207074 0 0 0 0 
-0.367591 0.218877 0 0 0 0 
-0.343583 0.175418 0 0 0 0 
-0.356866 0.187221 0 0 0 0 
-0.370149 0.199024 0 0 0 0 
-0.359424 0.167368 0 0 0 0 
-0.372707 0.179171 0 0 0 0 
-0.375265 0.159318 0 0 0 0 
1 2 6
2 7 6
2 3 7
3 8 7
3 4 8
4 9 8
4 5 9
6 7 10
7 11 10
7 8 11
8 12 11
8 9 12
10 11 13
11 14 13
11 12 14
13 14 15
ZONE N=15, E=16, F=FEPOINT, ET=TRIANGLE
-0.442763 0.420724 0 0 0 0 
-0.457908 0.407525 0 0 0 0 
-0.473052 0.394326 0 0 0 0 
-0.488197 0.381126 0 0 0 0 
-0.503342 0.367927 0 0 0 0 
-0.430228 0.394046 0 0 0 0 
-0.445373 0.380847 0 0 0 0 
-0.460518 0.367647 0 0 0 0 
-0.475662 0.354448 0 0 0 0 
-0.417694 0.367368 0 0 0 0 
-0.432838 0.354168 0 0 0 0 
-0.447983 0.340969 0 0 0 0 
-0.405159 0.340689 0 0 0 0 
-0.420304 0.32749 0 0 0 0 
-0.392624 0.314011 0 0 0 0 
1 2 6
2 7 6
2 3 7
3 8 7
3 4 8
4 9 8
4 5 9
6 7 10
7 11 10
7 8 11
8 12 11
8 9 12
10 11 13
11 14 13
11 12 14
13 14 15
ZONE N=15, E=16, F=FEPOINT, ET=TRIANGLE
-0.75 0.149184 0 0 0 0 
-0.737512 0.134281 0 0 0 0 
-0.725023 0.119379 0 0 0 0 
-0.712535 0.104476 0 0 0 0 
-0.700046 0.0895728 0 0 0 0 
-0.724505 0.148734 0 0 0 0 
-0.712016 0.133831 0 0 0 0 
-0.699528 0.118928 0 0 0 0 
-0.687039 0.104026 0 0 0 0 
-0.69901 0.148284 0 0 0 0 
-0.686521 0.133381 0 0 0 0 
-0.674033 0.118478 0 0 0 0 
-0.673515 0.147834 0 0 0 0 
-0.661026 0.132931 0 0 0 0 
-0.648019 0.147384 0 0 0 0 
1 2 6
2 7 6
2 3 7
3 8 7
3 4 8
4 9 8
4 5 9
6 7 10
7 11 10
7 8 11
8 12 11
8 9 12
10 11 13
11 14 13
11 12 14
13 14 15
ZONE N=15, E=16, F=FEPOINT, ET=TRIANGLE
-0.563566 0.00929698 0 0 0 0 
-0.591977 0.0101853 0 0 0 0 
-0.620388 0.0110737 0 0 0 0 
-0.648798 0.011962 0 0 0 0 
-0.677209 0.0128504 0 0 0 0 
-0.570813 -0.0050358 0 0 0 0 
-0.599224 -0.00414746 0 0 0 0 
-0.627634 -0.00325912 0 0 0 0 
-0.656045 -0.00237077 0 0 0 0 
-0.57806 -0.0193686 0 0 0 0 
-0.606471 -0.0184802 0 0 0 0 
-0.634881 -0.0175919 0 0 0 0 
-0.585307 -0.0337014 0 0 0 0 
-0.613717 -0.032813 0 0 0 0 
-0.592554 -0.0480341 0 0 0 0 
1 2 6
2 7 6
2 3 7
3 8 7
3 4 8
4 9 8
4 5 9
6 7 10
7 11 10
7 8 11
8 12 11
8 9 12
10 11 13
11 14 13
11 12 14
13 14 15
ZONE N=15, E=16, F=FEPOINT, ET=TRIANGLE
-0.5 0 0 0 0 0 
-0.506041 -0.0166552 0 0 0 0 
-0.512083 -0.0333104 0 0 0 0 
-0.518124 -0.0499656 0 0 0 0 
-0.524166 -0.0666207 0 0 0 0 
-0.484375 0 0 0 0 0 
-0.490416 -0.0166552 0 0 0 0 
-0.496458 -0.0333104 0 0 0 0 
-0.502499 -0.0499656 0 0 0 0 
-0.46875 0 0 0 0 0 
-0.474791 -0.0166552 0 0 0 0 
-0.480833 -0.0333104 0 0 0 0 
-0.453125 0 0 0 0 0 
-0.459166 -0.0166552 0 0 0 0 
-0.4375 0 0 0 0 0 
1 2 6
2 7 6
2 3 7
3 8 7
3 4 8
4 9 8
4 5 9
6 7 10
7 11 10
7 8 11
8 12 11
8 9 12
10 11 13
11 14 13
11 12 14
13 14 15
ZONE N=15, E=16, F=FEPOINT, ET=TRIANGLE
-0.402252 0.0839353 0 0 0 0 
-0.411064 0.0629515 0 0 0 0 
-0.419876 0.0419676 0 0 0 0 
-0.428688 0.0209838 0 0 0 0 
-0.4375 0 0 0 0 0 
-0.395439 0.0629515 0 0 0 0 
-0.404251 0.0419676 0 0 0 0 
-0.413063 0.0209838 0 0 0 0 
-0.421875 0 0 0 0 0 
-0.388626 0.0419676 0 0 0 0 
-0.397438 0.0209838 0 0 0 0 
-0.40625 0 0 0 0 0 
-0.381813 0.0209838 0 0 0 0 
-0.390625 0 0 0 0 0 
-0.375 0 0 0 0 0 
1 2 6
2 7 6
2 3 7
3 8 7
3 4 8
4 9 8
4 5 9
6 7 10
7 11 10
7 8 11
8 12 11
8 9 12
10 11 13
11 14 13
11 12 14
13 14 15
ZONE N=15, E=16, F=FEPOINT, ET=TRIANGLE
-0.25 0 0 0 0 0 
-0.265625 0.0166711 0 0 0 0 
-0.28125 0.0333422 0 0 0 0 
-0.296875 0.0500133 0 0 0 0 
-0.3125 0.0666844 0 0 0 0 
-0.28125 0 0 0 0 0 
-0.296875 0.0166711 0 0 0 0 
-0.3125 0.0333422 0 0 0 0 
-0.328125 0.0500133 0 0 0 0 
-0.3125 0 0 0 0 0 
-0.328125 0.0166711 0 0 0 0 
-0.34375 0.0333422 0 0 0 0 
-0.34375 0 0 0 0 0 
-0.359375 0.0166711 0 0 0 0 
-0.375 0 0 0 0 0 
1 2 6
2 7 6
2 3 7
3 8 7
3 4 8
4 9 8
4 5 9
6 7 10
7 11 10
7 8 11
8 12 11
8 9 12
10 11 13
11 14 13
11 12 14
13 14 15
ZONE N=15, E=16, F=FEPOINT, ET=TRIANGLE
-0.375265 0.159318 0 0 0 0 
-0.395246 0.158124 0 0 0 0 
-0.415228 0.15693 0 0 0 0 
-0.435209 0.155736 0 0 0 0 
-0.45519 0.154542 0 0 0 0 
-0.382012 0.140472 0 0 0 0 
-0.401993 0.139278 0 0 0 0 
-0.421975 0.138085 0 0 0 0 
-0.441956 0.136891 0 0 0 0 
-0.388759 0.121627 0 0 0 0 
-0.40874 0.120433 0 0 0 0 
-0.428721 0.119239 0 0 0 0 
-0.395505 0.102781 0 0 0 0 
-0.415487 0.101587 0 0 0 0 
-0.402252 0.0839353 0 0 0 0 
1 2 6
2 7 6
2 3 7
3 8 7
3 4 8
4 9 8
4 5 9
6 7 10
7 11 10
7 8 11
8 12 11
8 9 12
10 11 13
11 14 13
11 12 14
13 14 15
ZONE N=15, E=16, F=FEPOINT, ET=TRIANGLE
-0.402252 0.0839353 0 0 0 0 
-0.424302 0.0832012 0 0 0 0 
-0.446352 0.0824671 0 0 0 0 
-0.468402 0.0817331 0 0 0 0 
-0.490452 0.080999 0 0 0 0 
-0.411064 0.0629515 0 0 0 0 
-0.433114 0.0622174 0 0 0 0 
-0.455164 0.0614833 0 0 0 0 
-0.477214 0.0607493 0 0 0 0 
-0.419876 0.0419676 0 0 0 0 
-0.441926 0.0412336 0 0 0 0 
-0.463976 0.0404995 0 0 0 0 
-0.428688 0.0209838 0 0 0 0 
-0.450738 0.0202498 0 0 0 0 
-0.4375 0 0 0 0 0 
1 2 6
2 7 6
2 3 7
3 8 7
3 4 8
4 9 8
4 5 9
6 7 10
7 11 10
7 8 11
8 12 11
8 9 12
10 11 13
11 14 13
11 12 14
13 14 15
ZONE N=15, E=16, F=FEPOINT, ET=TRIANGLE
-0.563566 0.00929698 0 0 0 0 
-0.570813 -0.0050358 0 0 0 0 
-0.57806 -0.0193686 0 0 0 0 
-0.585307 -0.0337014 0 0 0 0 
-0.592554 -0.0480341 0 0 0 0 
-0.553716 -0.00968245 0 0 0 0 
-0.560963 -0.0240152 0 0 0 0 
-0.56821 -0.038348 0 0 0 0 
-0.575457 -0.0526808 0 0 0 0 
-0.543866 -0.0286619 0 0 0 0 
-0.551113 -0.0429947 0 0 0 0 
-0.55836 -0.0573274 0 0 0 0 
-0.534016 -0.0476413 0 0 0 0 
-0.541263 -0.0619741 0 0 0 0 
-0.524166 -0.0666207 0 0 0 0 
1 2 6
2 7 6
2 3 7
3 8 7
3 4 8
4 9 8
4 5 9
6 7 10
7 11 10
7 8 11
8 12 11
8 9 12
10 11 13
11 14 13
11 12 14
13 14 15
ZONE N=15, E=16, F=FEPOINT, ET=TRIANGLE
-0.46875 -0.110795 0 0 0 0 
-0.452335 -0.118271 0 0 0 0 
-0.43592 -0.125746 0 0 0 0 
-0.419505 -0.133222 0 0 0 0 
-0.40309 -0.140698 0 0 0 0 
-0.453125 -0.100251 0 0 0 0 
-0.43671 -0.107727 0 0 0 0 
-0.420295 -0.115202 0 0 0 0 
-0.40388 -0.122678 0 0 0 0 
-0.4375 -0.089707 0 0 0 0 
-0.421085 -0.0971826 0 0 0 0 
-0.40467 -0.104658 0 0 0 0 
-0.421875 -0.0791629 0 0 0 0 
-0.40546 -0.0866385 0 0 0 0 
-0.40625 -0.0686188 0 0 0 0 
1 2 6
2 7 6
2 3 7
3 8 7
3 4 8
4 9 8
4 5 9
6 7 10
7 11 10
7 8 11
8 12 11
8 9 12
10 11 13
11 14 13
11 12 14
13 14 15
ZONE N=15, E=16, F=FEPOINT, ET=TRIANGLE
-0.40625 -0.0686188 0 0 0 0 
-0.414062 -0.0514641 0 0 0 0 
-0.421875 -0.0343094 0 0 0 0 
-0.429687 -0.0171547 0 0 0 0 
-0.4375 0 0 0 0 0 
-0.421875 -0.0791629 0 0 0 0 
-0.429687 -0.0620082 0 0 0 0 
-0.4375 -0.0448535 0 0 0 0 
-0.445312 -0.0276988 0 0 0 0 
-0.4375 -0.089707 0 0 0 0 
-0.445312 -0.0725523 0 0 0 0 
-0.453125 -0.0553976 0 0 0 0 
-0.453125 -0.100251 0 0 0 0 
-0.460938 -0.0830964 0 0 0 0 
-0.46875 -0.110795 0 0 0 0 
1 2 6
2 7 6
2 3 7
3 8 7
3 4 8
4 9 8
4 5 9
6 7 10
7 11 10
7 8 11
8 12 11
8 9 12
10 11 13
11 14 13
11 12 14
13 14 15
ZONE N=15, E=16, F=FEPOINT, ET=TRIANGLE
-0.40309 -0.140698 0 0 0 0 
-0.42455 -0.166059 0 0 0 0 
-0.44601 -0.19142 0 0 0 0 
-0.467469 -0.216782 0 0 0 0 
-0.488929 -0.242143 0 0 0 0 
-0.406981 -0.166292 0 0 0 0 
-0.428441 -0.191653 0 0 0 0 
-0.4499 -0.217014 0 0 0 0 
-0.47136 -0.242375 0 0 0 0 
-0.410872 -0.191885 0 0 0 0 
-0.432332 -0.217247 0 0 0 0 
-0.453791 -0.242608 0 0 0 0 
-0.414763 -0.217479 0 0 0 0 
-0.436223 -0.242841 0 0 0 0 
-0.418654 -0.243073 0 0 0 0 
1 2 6
2 7 6
2 3 7
3 8 7
3 4 8
4 9 8
4 5 9
6 7 10
7 11 10
7 8 11
8 12 11
8 9 12
10 11 13
11 14 13
11 12 14
13 14 15
ZONE N=15, E=16, F=FEPOINT, ET=TRIANGLE
-0.3125 -0.0698887 0 0 0 0 
-0.328125 -0.0524165 0 0 0 0 
-0.34375 -0.0349443 0 0 0 0 
-0.359375 -0.0174722 0 0 0 0 
-0.375 0 0 0 0 0 
-0.335937 -0.0695712 0 0 0 0 
-0.351562 -0.052099 0 0 0 0 
-0.367187 -0.0346269 0 0 0 0 
-0.382812 -0.0171547 0 0 0 0 
-0.359375 -0.0692537 0 0 0 0 
-0.375 -0.0517816 0 0 0 0 
-0.390625 -0.0343094 0 0 0 0 
-0.382812 -0.0689363 0 0 0 0 
-0.398437 -0.0514641 0 0 0 0 
-0.40625 -0.0686188 0 0 0 0 
1 2 6
2 7 6
2 3 7
3 8 7
3 4 8
4 9 8
4 5 9
6 7 10
7 11 10
7 8 11
8 12 11
8 9 12
10 11 13
11 14 13
11 12 14
13 14 15
ZONE N=15, E=16, F=FEPOINT, ET=TRIANGLE
-0.241405 0.182436 0 0 0 0 
-0.259179 0.153498 0 0 0 0 
-0.276953 0.12456 0 0 0 0 
-0.294726 0.0956223 0 0 0 0 
-0.3125 0.0666844 0 0 0 0 
-0.236242 0.159338 0 0 0 0 
-0.254016 0.1304 0 0 0 0 
-0.27179 0.101462 0 0 0 0 
-0.289563 0.0725239 0 0 0 0 
-0.231079 0.136239 0 0 0 0 
-0.248853 0.107301 0 0 0 0 
-0.266627 0.0783635 0 0 0 0 
-0.225916 0.113141 0 0 0 0 
-0.24369 0.084203 0 0 0 0 
-0.220754 0.0900426 0 0 0 0 
1 2 6
2 7 6
2 3 7
3 8 7
3 4 8
4 9 8
4 5 9
6 7 10
7 11 10
7 8 11
8 12 11
8 9 12
10 11 13
11 14 13
11 12 14
13 14 15
ZONE N=15, E=16, F=FEPOINT, ET=TRIANGLE
-0.365033 0.238729 0 0 0 0 
-0.387573 0.217683 0 0 0 0 
-0.410112 0.196636 0 0 0 0 
-0.432651 0.175589 0 0 0 0 
-0.45519 0.154542 0 0 0 0 
-0.367591 0.218877 0 0 0 0 
-0.390131 0.19783 0 0 0 0 
-0.41267 0.176783 0 0 0 0 
-0.435209 0.155736 0 0 0 0 
-0.370149 0.199024 0 0 0 0 
-0.392688 0.177977 0 0 0 0 
-0.415228 0.15693 0 0 0 0 
-0.372707 0.179171 0 0 0 0 
-0.395246 0.158124 0 0 0 0 
-0.375265 0.159318 0 0 0 0 
1 2 6
2 7 6
2 3 7
3 8 7
3 4 8
4 9 8
4 5 9
6 7 10
7 11 10
7 8 11
8 12 11
8 9 12
10 11 13
11 14 13
11 12 14
13 14 15
ZONE N=15, E=16, F=FEPOINT, ET=TRIANGLE
-0.375265 0.159318 0 0 0 0 
-0.382012 0.140472 0 0 0 0 
-0.388759 0.121627 0 0 0 0 
-0.395505 0.102781 0 0 0 0 
-0.402252 0.0839353 0 0 0 0 
-0.359574 0.13616 0 0 0 0 
-0.366321 0.117314 0 0 0 0 
-0.373067 0.0984682 0 0 0 0 
-0.379814 0.0796225 0 0 0 0 
-0.343883 0.113001 0 0 0 0 
-0.350629 0.0941555 0 0 0 0 
-0.357376 0.0753098 0 0 0 0 
-0.328191 0.0898428 0 0 0 0 
-0.334938 0.0709971 0 0 0 0 
-0.3125 0.0666844 0 0 0 0 
1 2 6
2 7 6
2 3 7
3 8 7
3 4 8
4 9 8
4 5 9
6 7 10
7 11 10
7 8 11
8 12 11
8 9 12
10 11 13
11 14 13
11 12 14
13 14 15
ZONE N=15, E=16, F=FEPOINT, ET=TRIANGLE
-0.241405 0.182436 0 0 0 0 
-0.259029 0.184707 0 0 0 0 
-0.276653 0.186977 0 0 0 0 
-0.294276 0.189248 0 0 0 0 
-0.3119 0.191519 0 0 0 0 
-0.259179 0.153498 0 0 0 0 
-0.276803 0.155769 0 0 0 0 
-0.294426 0.158039 0 0 0 0 
-0.31205 0.16031 0 0 0 0 
-0.276953 0.12456 0 0 0 0 
-0.294576 0.126831 0 0 0 0 
-0.3122 0.129102 0 0 0 0 
-0.294726 0.0956223 0 0 0 0 
-0.31235 0.097893 0 0 0 0 
-0.3125 0.0666844 0 0 0 0 
1 2 6
2 7 6
2 3 7
3 8 7
3 4 8
4 9 8
4 5 9
6 7 10
7 11 10
7 8 11
8 12 11
8 9 12
10 11 13
11 14 13
11 12 14
13 14 15
ZONE N=15, E=16, F=FEPOINT, ET=TRIANGLE
-0.524145 -0.30355 0 0 0 0 
-0.504227 -0.304773 0 0 0 0 
-0.484309 -0.305995 0 0 0 0 
-0.46439 -0.307218 0 0 0 0 
-0.444472 -0.308441 0 0 0 0 
-0.515341 -0.288198 0 0 0 0 
-0.495423 -0.289421 0 0 0 0 
-0.475504 -0.290643 0 0 0 0 
-0.455586 -0.291866 0 0 0 0 
-0.506537 -0.272846 0 0 0 0 
-0.486619 -0.274069 0 0 0 0 
-0.4667 -0.275292 0 0 0 0 
-0.497733 -0.257495 0 0 0 0 
-0.477814 -0.258717 0 0 0 0 
-0.488929 -0.242143 0 0 0 0 
1 2 6
2 7 6
2 3 7
3 8 7
3 4 8
4 9 8
4 5 9
6 7 10
7 11 10
7 8 11
8 12 11
8 9 12
10 11 13
11 14 13
11 12 14
13 14 15
ZONE N=15, E=16, F=FEPOINT, ET=TRIANGLE
-0.25 0 0 0 0 0 
-0.265625 -0.0174722 0 0 0 0 
-0.28125 -0.0349443 0 0 0 0 
-0.296875 -0.0524165 0 0 0 0 
-0.3125 -0.0698887 0 0 0 0 
-0.243558 -0.0214837 0 0 0 0 
-0.259183 -0.0389559 0 0 0 0 
-0.274808 -0.0564281 0 0 0 0 
-0.290433 -0.0739002 0 0 0 0 
-0.237116 -0.0429675 0 0 0 0 
-0.252741 -0.0604396 0 0 0 0 
-0.268366 -0.0779118 0 0 0 0 
-0.230674 -0.0644512 0 0 0 0 
-0.246299 -0.0819233 0 0 0 0 
-0.224231 -0.0859349 0 0 0 0 
1 2 6
2 7 6
2 3 7
3 8 7
3 4 8
4 9 8
4 5 9
6 7 10
7 11 10
7 8 11
8 12 11
8 9 12
10 11 13
11 14 13
11 12 14
13 14 15
ZONE N=15, E=16, F=FEPOINT, ET=TRIANGLE
-0.40625 -0.0686188 0 0 0 0 
-0.40546 -0.0866385 0 0 0 0 
-0.40467 -0.104658 0 0 0 0 
-0.40388 -0.122678 0 0 0 0 
-0.40309 -0.140698 0 0 0 0 
-0.382812 -0.0689363 0 0 0 0 
-0.382023 -0.086956 0 0 0 0 
-0.381233 -0.104976 0 0 0 0 
-0.380443 -0.122995 0 0 0 0 
-0.359375 -0.0692537 0 0 0 0 
-0.358585 -0.0872734 0 0 0 0 
-0.357795 -0.105293 0 0 0 0 
-0.335937 -0.0695712 0 0 0 0 
-0.335148 -0.0875909 0 0 0 0 
-0.3125 -0.0698887 0 0 0 0 
1 2 6
2 7 6
2 3 7
3 8 7
3 4 8
4 9 8
4 5 9
6 7 10
7 11 10
7 8 11
8 12 11
8 9 12
10 11 13
11 14 13
11 12 14
13 14 15
ZONE N=15, E=16, F=FEPOINT, ET=TRIANGLE
-0.3125 -0.0698887 0 0 0 0 
-0.305031 -0.0915028 0 0 0 0 
-0.297562 -0.113117 0 0 0 0 
-0.290093 -0.134731 0 0 0 0 
-0.282624 -0.156345 0 0 0 0 
-0.290433 -0.0739002 0 0 0 0 
-0.282964 -0.0955143 0 0 0 0 
-0.275495 -0.117128 0 0 0 0 
-0.268026 -0.138743 0 0 0 0 
-0.268366 -0.0779118 0 0 0 0 
-0.260897 -0.0995259 0 0 0 0 
-0.253428 -0.12114 0 0 0 0 
-0.246299 -0.0819233 0 0 0 0 
-0.23883 -0.103537 0 0 0 0 
-0.224231 -0.0859349 0 0 0 0 
1 2 6
2 7 6
2 3 7
3 8 7
3 4 8
4 9 8
4 5 9
6 7 10
7 11 10
7 8 11
8 12 11
8 9 12
10 11 13
11 14 13
11 12 14
13 14 15
ZONE N=15, E=16, F=FEPOINT, ET=TRIANGLE
-0.241405 0.182436 0 0 0 0 
-0.226174 0.191988 0 0 0 0 
-0.210942 0.20154 0 0 0 0 
-0.195711 0.211093 0 0 0 0 
-0.180479 0.220645 0 0 0 0 
-0.246536 0.212143 0 0 0 0 
-0.231304 0.221695 0 0 0 0 
-0.216073 0.231248 0 0 0 0 
-0.200841 0.2408 0 0 0 0 
-0.251666 0.241851 0 0 0 0 
-0.236435 0.251403 0 0 0 0 
-0.221203 0.260955 0 0 0 0 
-0.256797 0.271558 0 0 0 0 
-0.241565 0.28111 0 0 0 0 
-0.261927 0.301265 0 0 0 0 
1 2 6
2 7 6
2 3 7
3 8 7
3 4 8
4 9 8
4 5 9
6 7 10
7 11 10
7 8 11
8 12 11
8 9 12
10 11 13
11 14 13
11 12 14
13 14 15
ZONE N=15, E=16, F=FEPOINT, ET=TRIANGLE
-0.392624 0.314011 0 0 0 0 
-0.420304 0.32749 0 0 0 0 
-0.447983 0.340969 0 0 0 0 
-0.475662 0.354448 0 0 0 0 
-0.503342 0.367927 0 0 0 0 
-0.412391 0.310683 0 0 0 0 
-0.44007 0.324162 0 0 0 0 
-0.46775 0.337641 0 0 0 0 
-0.495429 0.35112 0 0 0 0 
-0.432157 0.307355 0 0 0 0 
-0.459837 0.320834 0 0 0 0 
-0.487516 0.334313 0 0 0 0 
-0.451924 0.304026 0 0 0 0 
-0.479603 0.317505 0 0 0 0 
-0.47169 0.300698 0 0 0 0 
1 2 6
2 7 6
2 3 7
3 8 7
3 4 8
4 9 8
4 5 9
6 7 10
7 11 10
7 8 11
8 12 11
8 9 12
10 11 13
11 14 13
11 12 14
13 14 15
ZONE N=15, E=16, F=FEPOINT, ET=TRIANGLE
-0.46875 -0.110795 0 0 0 0 
-0.473795 -0.143632 0 0 0 0 
-0.478839 -0.176469 0 0 0 0 
-0.483884 -0.209306 0 0 0 0 
-0.488929 -0.242143 0 0 0 0 
-0.452335 -0.118271 0 0 0 0 
-0.45738 -0.151108 0 0 0 0 
-0.462424 -0.183945 0 0 0 0 
-0.467469 -0.216782 0 0 0 0 
-0.43592 -0.125746 0 0 0 0 
-0.440965 -0.158583 0 0 0 0 
-0.44601 -0.19142 0 0 0 0 
-0.419505 -0.133222 0 0 0 0 
-0.42455 -0.166059 0 0 0 0 
-0.40309 -0.140698 0 0 0 0 
1 2 6
2 7 6
2 3 7
3 8 7
3 4 8
4 9 8
4 5 9
6 7 10
7 11 10
7 8 11
8 12 11
8 9 12
10 11 13
11 14 13
11 12 14
13 14 15
ZONE N=15, E=16, F=FEPOINT, ET=TRIANGLE
-0.282624 -0.156345 0 0 0 0 
-0.312741 -0.152433 0 0 0 0 
-0.342857 -0.148521 0 0 0 0 
-0.372974 -0.144609 0 0 0 0 
-0.40309 -0.140698 0 0 0 0 
-0.302651 -0.167384 0 0 0 0 
-0.332768 -0.163472 0 0 0 0 
-0.362884 -0.159561 0 0 0 0 
-0.393001 -0.155649 0 0 0 0 
-0.322678 -0.178424 0 0 0 0 
-0.352795 -0.174512 0 0 0 0 
-0.382912 -0.1706 0 0 0 0 
-0.342706 -0.189463 0 0 0 0 
-0.372822 -0.185551 0 0 0 0 
-0.362733 -0.200502 0 0 0 0 
1 2 6
2 7 6
2 3 7
3 8 7
3 4 8
4 9 8
4 5 9
6 7 10
7 11 10
7 8 11
8 12 11
8 9 12
10 11 13
11 14 13
11 12 14
13 14 15
ZONE N=15, E=16, F=FEPOINT, ET=TRIANGLE
-0.576677 -0.124723 0 0 0 0 
-0.549695 -0.121241 0 0 0 0 
-0.522713 -0.117759 0 0 0 0 
-0.495732 -0.114277 0 0 0 0 
-0.46875 -0.110795 0 0 0 0 
-0.563549 -0.110198 0 0 0 0 
-0.536567 -0.106716 0 0 0 0 
-0.509586 -0.103234 0 0 0 0 
-0.482604 -0.0997516 0 0 0 0 
-0.550421 -0.0956721 0 0 0 0 
-0.52344 -0.09219 0 0 0 0 
-0.496458 -0.088708 0 0 0 0 
-0.537294 -0.0811464 0 0 0 0 
-0.510312 -0.0776644 0 0 0 0 
-0.524166 -0.0666207 0 0 0 0 
1 2 6
2 7 6
2 3 7
3 8 7
3 4 8
4 9 8
4 5 9
6 7 10
7 11 10
7 8 11
8 12 11
8 9 12
10 11 13
11 14 13
11 12 14
13 14 15
ZONE N=15, E=16, F=FEPOINT, ET=TRIANGLE
-0.524145 -0.30355 0 0 0 0 
-0.531062 -0.319839 0 0 0 0 
-0.537978 -0.336129 0 0 0 0 
-0.544895 -0.352419 0 0 0 0 
-0.551811 -0.368708 0 0 0 0 
-0.504227 -0.304773 0 0 0 0 
-0.511143 -0.321062 0 0 0 0 
-0.51806 -0.337352 0 0 0 0 
-0.524976 -0.353641 0 0 0 0 
-0.484309 -0.305995 0 0 0 0 
-0.491225 -0.322285 0 0 0 0 
-0.498141 -0.338575 0 0 0 0 
-0.46439 -0.307218 0 0 0 0 
-0.471306 -0.323508 0 0 0 0 
-0.444472 -0.308441 0 0 0 0 
1 2 6
2 7 6
2 3 7
3 8 7
3 4 8
4 9 8
4 5 9
6 7 10
7 11 10
7 8 11
8 12 11
8 9 12
10 11 13
11 14 13
11 12 14
13 14 15
ZONE N=15, E=16, F=FEPOINT, ET=TRIANGLE
-0.375265 0.159318 0 0 0 0 
-0.359574 0.13616 0 0 0 0 
-0.343883 0.113001 0 0 0 0 
-0.328191 0.0898428 0 0 0 0 
-0.3125 0.0666844 0 0 0 0 
-0.359424 0.167368 0 0 0 0 
-0.343733 0.14421 0 0 0 0 
-0.328041 0.121051 0 0 0 0 
-0.31235 0.097893 0 0 0 0 
-0.343583 0.175418 0 0 0 0 
-0.327891 0.15226 0 0 0 0 
-0.3122 0.129102 0 0 0 0 
-0.327741 0.183469 0 0 0 0 
-0.31205 0.16031 0 0 0 0 
-0.3119 0.191519 0 0 0 0 
1 2 6
2 7 6
2 3 7
3 8 7
3 4 8
4 9 8
4 5 9
6 7 10
7 11 10
7 8 11
8 12 11
8 9 12
10 11 13
11 14 13
11 12 14
13 14 15
ZONE N=15, E=16, F=FEPOINT, ET=TRIANGLE
-0.241405 0.182436 0 0 0 0 
-0.246536 0.212143 0 0 0 0 
-0.251666 0.241851 0 0 0 0 
-0.256797 0.271558 0 0 0 0 
-0.261927 0.301265 0 0 0 0 
-0.259029 0.184707 0 0 0 0 
-0.26416 0.214414 0 0 0 0 
-0.26929 0.244121 0 0 0 0 
-0.274421 0.273829 0 0 0 0 
-0.276653 0.186977 0 0 0 0 
-0.281783 0.216685 0 0 0 0 
-0.286914 0.246392 0 0 0 0 
-0.294276 0.189248 0 0 0 0 
-0.299407 0.218955 0 0 0 0 
-0.3119 0.191519 0 0 0 0 
1 2 6
2 7 6
2 3 7
3 8 7
3 4 8
4 9 8
4 5 9
6 7 10
7 11 10
7 8 11
8 12 11
8 9 12
10 11 13
11 14 13
11 12 14
13 14 15
ZONE N=15, E=16, F=FEPOINT, ET=TRIANGLE
-0.15625 0.0627026 0 0 0 0 
-0.156191 0.0852813 0 0 0 0 
-0.156133 0.10786 0 0 0 0 
-0.156074 0.130439 0 0 0 0 
-0.156016 0.153018 0 0 0 0 
-0.172376 0.0695376 0 0 0 0 
-0.172317 0.0921163 0 0 0 0 
-0.172259 0.114695 0 0 0 0 
-0.1722 0.137274 0 0 0 0 
-0.188502 0.0763726 0 0 0 0 
-0.188443 0.0989513 0 0 0 0 
-0.188385 0.12153 0 0 0 0 
-0.204628 0.0832076 0 0 0 0 
-0.204569 0.105786 0 0 0 0 
-0.220754 0.0900426 0 0 0 0 
1 2 6
2 7 6
2 3 7
3 8 7
3 4 8
4 9 8
4 5 9
6 7 10
7 11 10
7 8 11
8 12 11
8 9 12
10 11 13
11 14 13
11 12 14
13 14 15
ZONE N=15, E=16, F=FEPOINT, ET=TRIANGLE
-0.471033 0.601398 0 0 0 0 
-0.464995 0.584723 0 0 0 0 
-0.458957 0.568047 0 0 0 0 
-0.452919 0.551371 0 0 0 0 
-0.446881 0.534696 0 0 0 0 
-0.453688 0.60446 0 0 0 0 
-0.44765 0.587785 0 0 0 0 
-0.441612 0.571109 0 0 0 0 
-0.435574 0.554433 0 0 0 0 
-0.436343 0.607522 0 0 0 0 
-0.430305 0.590847 0 0 0 0 
-0.424267 0.574171 0 0 0 0 
-0.418998 0.610584 0 0 0 0 
-0.41296 0.593909 0 0 0 0 
-0.401653 0.613646 0 0 0 0 
1 2 6
2 7 6
2 3 7
3 8 7
3 4 8
4 9 8
4 5 9
6 7 10
7 11 10
7 8 11
8 12 11
8 9 12
10 11 13
11 14 13
11 12 14
13 14 15
ZONE N=15, E=16, F=FEPOINT, ET=TRIANGLE
-0.47169 0.300698 0 0 0 0 
-0.479603 0.317505 0 0 0 0 
-0.487516 0.334313 0 0 0 0 
-0.495429 0.35112 0 0 0 0 
-0.503342 0.367927 0 0 0 0 
-0.495962 0.300612 0 0 0 0 
-0.503875 0.317419 0 0 0 0 
-0.511788 0.334226 0 0 0 0 
-0.519701 0.351033 0 0 0 0 
-0.520234 0.300525 0 0 0 0 
-0.528147 0.317332 0 0 0 0 
-0.53606 0.33414 0 0 0 0 
-0.544505 0.300438 0 0 0 0 
-0.552418 0.317246 0 0 0 0 
-0.568777 0.300352 0 0 0 0 
1 2 6
2 7 6
2 3 7
3 8 7
3 4 8
4 9 8
4 5 9
6 7 10
7 11 10
7 8 11
8 12 11
8 9 12
10 11 13
11 14 13
11 12 14
13 14 15
ZONE N=15, E=16, F=FEPOINT, ET=TRIANGLE
-0.520732 0.440171 0 0 0 0 
-0.539046 0.443511 0 0 0 0 
-0.557361 0.446851 0 0 0 0 
-0.575675 0.450191 0 0 0 0 
-0.59399 0.453531 0 0 0 0 
-0.534664 0.425418 0 0 0 0 
-0.552979 0.428758 0 0 0 0 
-0.571293 0.432098 0 0 0 0 
-0.589608 0.435438 0 0 0 0 
-0.548597 0.410664 0 0 0 0 
-0.566911 0.414004 0 0 0 0 
-0.585226 0.417344 0 0 0 0 
-0.562529 0.395911 0 0 0 0 
-0.580844 0.399251 0 0 0 0 
-0.576462 0.381157 0 0 0 0 
1 2 6
2 7 6
2 3 7
3 8 7
3 4 8
4 9 8
4 5 9
6 7 10
7 11 10
7 8 11
8 12 11
8 9 12
10 11 13
11 14 13
11 12 14
13 14 15
ZONE N=15, E=16, F=FEPOINT, ET=TRIANGLE
-0.392624 0.314011 0 0 0 0 
-0.412391 0.310683 0 0 0 0 
-0.432157 0.307355 0 0 0 0 
-0.451924 0.304026 0 0 0 0 
-0.47169 0.300698 0 0 0 0 
-0.385727 0.295191 0 0 0 0 
-0.405493 0.291862 0 0 0 0 
-0.425259 0.288534 0 0 0 0 
-0.445026 0.285206 0 0 0 0 
-0.378829 0.27637 0 0 0 0 
-0.398595 0.273042 0 0 0 0 
-0.418362 0.269714 0 0 0 0 
-0.371931 0.25755 0 0 0 0 
-0.391698 0.254222 0 0 0 0 
-0.365033 0.238729 0 0 0 0 
1 2 6
2 7 6
2 3 7
3 8 7
3 4 8
4 9 8
4 5 9
6 7 10
7 11 10
7 8 11
8 12 11
8 9 12
10 11 13
11 14 13
11 12 14
13 14 15
ZONE N=15, E=16, F=FEPOINT, ET=TRIANGLE
-0.503342 0.367927 0 0 0 0 
-0.507689 0.385988 0 0 0 0 
-0.512037 0.404049 0 0 0 0 
-0.516384 0.42211 0 0 0 0 
-0.520732 0.440171 0 0 0 0 
-0.521622 0.371235 0 0 0 0 
-0.525969 0.389296 0 0 0 0 
-0.530317 0.407357 0 0 0 0 
-0.534664 0.425418 0 0 0 0 
-0.539902 0.374542 0 0 0 0 
-0.544249 0.392603 0 0 0 0 
-0.548597 0.410664 0 0 0 0 
-0.558182 0.37785 0 0 0 0 
-0.562529 0.395911 0 0 0 0 
-0.576462 0.381157 0 0 0 0 
1 2 6
2 7 6
2 3 7
3 8 7
3 4 8
4 9 8
4 5 9
6 7 10
7 11 10
7 8 11
8 12 11
8 9 12
10 11 13
11 14 13
11 12 14
13 14 15
ZONE N=15, E=16, F=FEPOINT, ET=TRIANGLE
-0.380829 0.466293 0 0 0 0 
-0.362679 0.469282 0 0 0 0 
-0.344529 0.47227 0 0 0 0 
-0.32638 0.475258 0 0 0 0 
-0.30823 0.478246 0 0 0 0 
-0.37358 0.484097 0 0 0 0 
-0.355431 0.487086 0 0 0 0 
-0.337281 0.490074 0 0 0 0 
-0.319131 0.493062 0 0 0 0 
-0.366332 0.501901 0 0 0 0 
-0.348182 0.504889 0 0 0 0 
-0.330032 0.507878 0 0 0 0 
-0.359083 0.519705 0 0 0 0 
-0.340933 0.522693 0 0 0 0 
-0.351834 0.537509 0 0 0 0 
1 2 6
2 7 6
2 3 7
3 8 7
3 4 8
4 9 8
4 5 9
6 7 10
7 11 10
7 8 11
8 12 11
8 9 12
10 11 13
11 14 13
11 12 14
13 14 15
ZONE N=15, E=16, F=FEPOINT, ET=TRIANGLE
-0.442763 0.420724 0 0 0 0 
-0.462255 0.425586 0 0 0 0 
-0.481747 0.430448 0 0 0 0 
-0.501239 0.435309 0 0 0 0 
-0.520732 0.440171 0 0 0 0 
-0.457908 0.407525 0 0 0 0 
-0.4774 0.412387 0 0 0 0 
-0.496892 0.417248 0 0 0 0 
-0.516384 0.42211 0 0 0 0 
-0.473052 0.394326 0 0 0 0 
-0.492545 0.399187 0 0 0 0 
-0.512037 0.404049 0 0 0 0 
-0.488197 0.381126 0 0 0 0 
-0.507689 0.385988 0 0 0 0 
-0.503342 0.367927 0 0 0 0 
1 2 6
2 7 6
2 3 7
3 8 7
3 4 8
4 9 8
4 5 9
6 7 10
7 11 10
7 8 11
8 12 11
8 9 12
10 11 13
11 14 13
11 12 14
13 14 15
ZONE N=15, E=16, F=FEPOINT, ET=TRIANGLE
-0.368337 0.390423 0 0 0 0 
-0.37146 0.40939 0 0 0 0 
-0.374583 0.428358 0 0 0 0 
-0.377706 0.447326 0 0 0 0 
-0.380829 0.466293 0 0 0 0 
-0.386944 0.397998 0 0 0 0 
-0.390067 0.416966 0 0 0 0 
-0.393189 0.435933 0 0 0 0 
-0.396312 0.454901 0 0 0 0 
-0.40555 0.405573 0 0 0 0 
-0.408673 0.424541 0 0 0 0 
-0.411796 0.443509 0 0 0 0 
-0.424157 0.413149 0 0 0 0 
-0.427279 0.432116 0 0 0 0 
-0.442763 0.420724 0 0 0 0 
1 2 6
2 7 6
2 3 7
3 8 7
3 4 8
4 9 8
4 5 9
6 7 10
7 11 10
7 8 11
8 12 11
8 9 12
10 11 13
11 14 13
11 12 14
13 14 15
ZONE N=15, E=16, F=FEPOINT, ET=TRIANGLE
-0.661912 0.484057 0 0 0 0 
-0.644931 0.476425 0 0 0 0 
-0.627951 0.468794 0 0 0 0 
-0.61097 0.461163 0 0 0 0 
-0.59399 0.453531 0 0 0 0 
-0.646493 0.495657 0 0 0 0 
-0.629513 0.488026 0 0 0 0 
-0.612532 0.480394 0 0 0 0 
-0.595552 0.472763 0 0 0 0 
-0.631074 0.507258 0 0 0 0 
-0.614094 0.499626 0 0 0 0 
-0.597113 0.491995 0 0 0 0 
-0.615656 0.518858 0 0 0 0 
-0.598675 0.511227 0 0 0 0 
-0.600237 0.530459 0 0 0 0 
1 2 6
2 7 6
2 3 7
3 8 7
3 4 8
4 9 8
4 5 9
6 7 10
7 11 10
7 8 11
8 12 11
8 9 12
10 11 13
11 14 13
11 12 14
13 14 15
ZONE N=15, E=16, F=FEPOINT, ET=TRIANGLE
-0.50963 0.507609 0 0 0 0 
-0.532282 0.513322 0 0 0 0 
-0.554933 0.519034 0 0 0 0 
-0.577585 0.524746 0 0 0 0 
-0.600237 0.530459 0 0 0 0 
-0.53072 0.49409 0 0 0 0 
-0.553372 0.499802 0 0 0 0 
-0.576023 0.505514 0 0 0 0 
-0.598675 0.511227 0 0 0 0 
-0.55181 0.48057 0 0 0 0 
-0.574462 0.486282 0 0 0 0 
-0.597113 0.491995 0 0 0 0 
-0.5729 0.467051 0 0 0 0 
-0.595552 0.472763 0 0 0 0 
-0.59399 0.453531 0 0 0 0 
1 2 6
2 7 6
2 3 7
3 8 7
3 4 8
4 9 8
4 5 9
6 7 10
7 11 10
7 8 11
8 12 11
8 9 12
10 11 13
11 14 13
11 12 14
13 14 15
ZONE N=15, E=16, F=FEPOINT, ET=TRIANGLE
-0.661912 0.484057 0 0 0 0 
-0.659368 0.45074 0 0 0 0 
-0.656824 0.417422 0 0 0 0 
-0.65428 0.384105 0 0 0 0 
-0.651736 0.350788 0 0 0 0 
-0.644931 0.476425 0 0 0 0 
-0.642387 0.443108 0 0 0 0 
-0.639844 0.409791 0 0 0 0 
-0.6373 0.376474 0 0 0 0 
-0.627951 0.468794 0 0 0 0 
-0.625407 0.435477 0 0 0 0 
-0.622863 0.40216 0 0 0 0 
-0.61097 0.461163 0 0 0 0 
-0.608426 0.427845 0 0 0 0 
-0.59399 0.453531 0 0 0 0 
1 2 6
2 7 6
2 3 7
3 8 7
3 4 8
4 9 8
4 5 9
6 7 10
7 11 10
7 8 11
8 12 11
8 9 12
10 11 13
11 14 13
11 12 14
13 14 15
ZONE N=15, E=16, F=FEPOINT, ET=TRIANGLE
-0.324659 0.334474 0 0 0 0 
-0.308931 0.34522 0 0 0 0 
-0.293204 0.355965 0 0 0 0 
-0.277477 0.36671 0 0 0 0 
-0.261749 0.377456 0 0 0 0 
-0.321287 0.3548 0 0 0 0 
-0.305559 0.365545 0 0 0 0 
-0.289832 0.376291 0 0 0 0 
-0.274104 0.387036 0 0 0 0 
-0.317914 0.375126 0 0 0 0 
-0.302187 0.385871 0 0 0 0 
-0.28646 0.396617 0 0 0 0 
-0.314542 0.395452 0 0 0 0 
-0.298815 0.406197 0 0 0 0 
-0.31117 0.415777 0 0 0 0 
1 2 6
2 7 6
2 3 7
3 8 7
3 4 8
4 9 8
4 5 9
6 7 10
7 11 10
7 8 11
8 12 11
8 9 12
10 11 13
11 14 13
11 12 14
13 14 15
ZONE N=15, E=16, F=FEPOINT, ET=TRIANGLE
-0.239823 0.671644 0 0 0 0 
-0.231693 0.692015 0 0 0 0 
-0.223562 0.712386 0 0 0 0 
-0.215431 0.732757 0 0 0 0 
-0.2073 0.753128 0 0 0 0 
-0.251758 0.688216 0 0 0 0 
-0.243627 0.708587 0 0 0 0 
-0.235496 0.728958 0 0 0 0 
-0.227366 0.749328 0 0 0 0 
-0.263692 0.704787 0 0 0 0 
-0.255561 0.725158 0 0 0 0 
-0.247431 0.745529 0 0 0 0 
-0.275627 0.721359 0 0 0 0 
-0.267496 0.74173 0 0 0 0 
-0.287561 0.73793 0 0 0 0 
1 2 6
2 7 6
2 3 7
3 8 7
3 4 8
4 9 8
4 5 9
6 7 10
7 11 10
7 8 11
8 12 11
8 9 12
10 11 13
11 14 13
11 12 14
13 14 15
ZONE N=15, E=16, F=FEPOINT, ET=TRIANGLE
-0.380829 0.466293 0 0 0 0 
-0.397342 0.483394 0 0 0 0 
-0.413855 0.500495 0 0 0 0 
-0.430368 0.517595 0 0 0 0 
-0.446881 0.534696 0 0 0 0 
-0.396312 0.454901 0 0 0 0 
-0.412825 0.472002 0 0 0 0 
-0.429338 0.489102 0 0 0 0 
-0.445851 0.506203 0 0 0 0 
-0.411796 0.443509 0 0 0 0 
-0.428309 0.460609 0 0 0 0 
-0.444822 0.47771 0 0 0 0 
-0.427279 0.432116 0 0 0 0 
-0.443792 0.449217 0 0 0 0 
-0.442763 0.420724 0 0 0 0 
1 2 6
2 7 6
2 3 7
3 8 7
3 4 8
4 9 8
4 5 9
6 7 10
7 11 10
7 8 11
8 12 11
8 9 12
10 11 13
11 14 13
11 12 14
13 14 15
ZONE N=15, E=16, F=FEPOINT, ET=TRIANGLE
-0.363428 0.768211 0 0 0 0 
-0.390643 0.756729 0 0 0 0 
-0.417858 0.745246 0 0 0 0 
-0.445073 0.733764 0 0 0 0 
-0.472289 0.722281 0 0 0 0 
-0.362583 0.7475 0 0 0 0 
-0.389799 0.736018 0 0 0 0 
-0.417014 0.724535 0 0 0 0 
-0.444229 0.713052 0 0 0 0 
-0.361739 0.726789 0 0 0 0 
-0.388954 0.715306 0 0 0 0 
-0.416169 0.703824 0 0 0 0 
-0.360894 0.706078 0 0 0 0 
-0.388109 0.694595 0 0 0 0 
-0.36005 0.685367 0 0 0 0 
1 2 6
2 7 6
2 3 7
3 8 7
3 4 8
4 9 8
4 5 9
6 7 10
7 11 10
7 8 11
8 12 11
8 9 12
10 11 13
11 14 13
11 12 14
13 14 15
ZONE N=15, E=16, F=FEPOINT, ET=TRIANGLE
-0.380829 0.466293 0 0 0 0 
-0.363414 0.453664 0 0 0 0 
-0.345999 0.441035 0 0 0 0 
-0.328585 0.428406 0 0 0 0 
-0.31117 0.415777 0 0 0 0 
-0.362679 0.469282 0 0 0 0 
-0.345264 0.456653 0 0 0 0 
-0.32785 0.444024 0 0 0 0 
-0.310435 0.431395 0 0 0 0 
-0.344529 0.47227 0 0 0 0 
-0.327115 0.459641 0 0 0 0 
-0.3097 0.447012 0 0 0 0 
-0.32638 0.475258 0 0 0 0 
-0.308965 0.462629 0 0 0 0 
-0.30823 0.478246 0 0 0 0 
1 2 6
2 7 6
2 3 7
3 8 7
3 4 8
4 9 8
4 5 9
6 7 10
7 11 10
7 8 11
8 12 11
8 9 12
10 11 13
11 14 13
11 12 14
13 14 15
ZONE N=15, E=16, F=FEPOINT, ET=TRIANGLE
-0.351834 0.537509 0 0 0 0 
-0.375596 0.536806 0 0 0 0 
-0.399357 0.536103 0 0 0 0 
-0.423119 0.535399 0 0 0 0 
-0.446881 0.534696 0 0 0 0 
-0.359083 0.519705 0 0 0 0 
-0.382844 0.519002 0 0 0 0 
-0.406606 0.518299 0 0 0 0 
-0.430368 0.517595 0 0 0 0 
-0.366332 0.501901 0 0 0 0 
-0.390093 0.501198 0 0 0 0 
-0.413855 0.500495 0 0 0 0 
-0.37358 0.484097 0 0 0 0 
-0.397342 0.483394 0 0 0 0 
-0.380829 0.466293 0 0 0 0 
1 2 6
2 7 6
2 3 7
3 8 7
3 4 8
4 9 8
4 5 9
6 7 10
7 11 10
7 8 11
8 12 11
8 9 12
10 11 13
11 14 13
11 12 14
13 14 15
ZONE N=15, E=16, F=FEPOINT, ET=TRIANGLE
-0.534684 0.571197 0 0 0 0 
-0.549168 0.581921 0 0 0 0 
-0.563651 0.592644 0 0 0 0 
-0.578135 0.603368 0 0 0 0 
-0.592619 0.614091 0 0 0 0 
-0.551072 0.561013 0 0 0 0 
-0.565556 0.571736 0 0 0 0 
-0.58004 0.58246 0 0 0 0 
-0.594524 0.593183 0 0 0 0 
-0.56746 0.550828 0 0 0 0 
-0.581944 0.561551 0 0 0 0 
-0.596428 0.572275 0 0 0 0 
-0.583849 0.540643 0 0 0 0 
-0.598333 0.551367 0 0 0 0 
-0.600237 0.530459 0 0 0 0 
1 2 6
2 7 6
2 3 7
3 8 7
3 4 8
4 9 8
4 5 9
6 7 10
7 11 10
7 8 11
8 12 11
8 9 12
10 11 13
11 14 13
11 12 14
13 14 15
ZONE N=15, E=16, F=FEPOINT, ET=TRIANGLE
-0.600237 0.530459 0 0 0 0 
-0.616001 0.547814 0 0 0 0 
-0.631764 0.56517 0 0 0 0 
-0.647527 0.582526 0 0 0 0 
-0.663291 0.599881 0 0 0 0 
-0.615656 0.518858 0 0 0 0 
-0.631419 0.536214 0 0 0 0 
-0.647183 0.553569 0 0 0 0 
-0.662946 0.570925 0 0 0 0 
-0.631074 0.507258 0 0 0 0 
-0.646838 0.524613 0 0 0 0 
-0.662601 0.541969 0 0 0 0 
-0.646493 0.495657 0 0 0 0 
-0.662256 0.513013 0 0 0 0 
-0.661912 0.484057 0 0 0 0 
1 2 6
2 7 6
2 3 7
3 8 7
3 4 8
4 9 8
4 5 9
6 7 10
7 11 10
7 8 11
8 12 11
8 9 12
10 11 13
11 14 13
11 12 14
13 14 15
ZONE N=15, E=16, F=FEPOINT, ET=TRIANGLE
-0.156016 0.153018 0 0 0 0 
-0.162131 0.169924 0 0 0 0 
-0.168247 0.186831 0 0 0 0 
-0.174363 0.203738 0 0 0 0 
-0.180479 0.220645 0 0 0 0 
-0.177363 0.160372 0 0 0 0 
-0.183479 0.177279 0 0 0 0 
-0.189595 0.194186 0 0 0 0 
-0.195711 0.211093 0 0 0 0 
-0.19871 0.167727 0 0 0 0 
-0.204826 0.184634 0 0 0 0 
-0.210942 0.20154 0 0 0 0 
-0.220058 0.175081 0 0 0 0 
-0.226174 0.191988 0 0 0 0 
-0.241405 0.182436 0 0 0 0 
1 2 6
2 7 6
2 3 7
3 8 7
3 4 8
4 9 8
4 5 9
6 7 10
7 11 10
7 8 11
8 12 11
8 9 12
10 11 13
11 14 13
11 12 14
13 14 15
ZONE N=15, E=16, F=FEPOINT, ET=TRIANGLE
-0.351834 0.537509 0 0 0 0 
-0.340933 0.522693 0 0 0 0 
-0.330032 0.507878 0 0 0 0 
-0.319131 0.493062 0 0 0 0 
-0.30823 0.478246 0 0 0 0 
-0.327855 0.533979 0 0 0 0 
-0.316954 0.519164 0 0 0 0 
-0.306053 0.504348 0 0 0 0 
-0.295151 0.489532 0 0 0 0 
-0.303875 0.53045 0 0 0 0 
-0.292974 0.515634 0 0 0 0 
-0.282073 0.500818 0 0 0 0 
-0.279895 0.52692 0 0 0 0 
-0.268994 0.512104 0 0 0 0 
-0.255916 0.52339 0 0 0 0 
1 2 6
2 7 6
2 3 7
3 8 7
3 4 8
4 9 8
4 5 9
6 7 10
7 11 10
7 8 11
8 12 11
8 9 12
10 11 13
11 14 13
11 12 14
13 14 15
ZONE N=15, E=16, F=FEPOINT, ET=TRIANGLE
-0.351834 0.537509 0 0 0 0 
-0.364289 0.556543 0 0 0 0 
-0.376744 0.575578 0 0 0 0 
-0.389198 0.594612 0 0 0 0 
-0.401653 0.613646 0 0 0 0 
-0.375596 0.536806 0 0 0 0 
-0.38805 0.55584 0 0 0 0 
-0.400505 0.574874 0 0 0 0 
-0.41296 0.593909 0 0 0 0 
-0.399357 0.536103 0 0 0 0 
-0.411812 0.555137 0 0 0 0 
-0.424267 0.574171 0 0 0 0 
-0.423119 0.535399 0 0 0 0 
-0.435574 0.554433 0 0 0 0 
-0.446881 0.534696 0 0 0 0 
1 2 6
2 7 6
2 3 7
3 8 7
3 4 8
4 9 8
4 5 9
6 7 10
7 11 10
7 8 11
8 12 11
8 9 12
10 11 13
11 14 13
11 12 14
13 14 15
ZONE N=15, E=16, F=FEPOINT, ET=TRIANGLE
-0.534684 0.571197 0 0 0 0 
-0.52842 0.5553 0 0 0 0 
-0.522157 0.539403 0 0 0 0 
-0.515893 0.523506 0 0 0 0 
-0.50963 0.507609 0 0 0 0 
-0.512733 0.562072 0 0 0 0 
-0.50647 0.546175 0 0 0 0 
-0.500206 0.530278 0 0 0 0 
-0.493943 0.514381 0 0 0 0 
-0.490782 0.552947 0 0 0 0 
-0.484519 0.53705 0 0 0 0 
-0.478255 0.521152 0 0 0 0 
-0.468831 0.543821 0 0 0 0 
-0.462568 0.527924 0 0 0 0 
-0.446881 0.534696 0 0 0 0 
1 2 6
2 7 6
2 3 7
3 8 7
3 4 8
4 9 8
4 5 9
6 7 10
7 11 10
7 8 11
8 12 11
8 9 12
10 11 13
11 14 13
11 12 14
13 14 15
ZONE N=15, E=16, F=FEPOINT, ET=TRIANGLE
-0.368337 0.390423 0 0 0 0 
-0.354046 0.396761 0 0 0 0 
-0.339754 0.4031 0 0 0 0 
-0.325462 0.409439 0 0 0 0 
-0.31117 0.415777 0 0 0 0 
-0.37146 0.40939 0 0 0 0 
-0.357168 0.415729 0 0 0 0 
-0.342877 0.422068 0 0 0 0 
-0.328585 0.428406 0 0 0 0 
-0.374583 0.428358 0 0 0 0 
-0.360291 0.434697 0 0 0 0 
-0.345999 0.441035 0 0 0 0 
-0.377706 0.447326 0 0 0 0 
-0.363414 0.453664 0 0 0 0 
-0.380829 0.466293 0 0 0 0 
1 2 6
2 7 6
2 3 7
3 8 7
3 4 8
4 9 8
4 5 9
6 7 10
7 11 10
7 8 11
8 12 11
8 9 12
10 11 13
11 14 13
11 12 14
13 14 15
ZONE N=15, E=16, F=FEPOINT, ET=TRIANGLE
-0.255916 0.52339 0 0 0 0 
-0.251958 0.505168 0 0 0 0 
-0.248001 0.486946 0 0 0 0 
-0.244043 0.468724 0 0 0 0 
-0.240085 0.450502 0 0 0 0 
-0.238845 0.520743 0 0 0 0 
-0.234887 0.502521 0 0 0 0 
-0.23093 0.484299 0 0 0 0 
-0.226972 0.466077 0 0 0 0 
-0.221774 0.518096 0 0 0 0 
-0.217816 0.499874 0 0 0 0 
-0.213859 0.481652 0 0 0 0 
-0.204703 0.515448 0 0 0 0 
-0.200745 0.497226 0 0 0 0 
-0.187632 0.512801 0 0 0 0 
1 2 6
2 7 6
2 3 7
3 8 7
3 4 8
4 9 8
4 5 9
6 7 10
7 11 10
7 8 11
8 12 11
8 9 12
10 11 13
11 14 13
11 12 14
13 14 15
ZONE N=15, E=16, F=FEPOINT, ET=TRIANGLE
-0.0852468 0.236939 0 0 0 0 
-0.0566921 0.235698 0 0 0 0 
-0.0281374 0.234456 0 0 0 0 
0.00041732 0.233215 0 0 0 0 
0.028972 0.231974 0 0 0 0 
-0.0750904 0.250119 0 0 0 0 
-0.0465357 0.248878 0 0 0 0 
-0.017981 0.247637 0 0 0 0 
0.0105737 0.246395 0 0 0 0 
-0.064934 0.263299 0 0 0 0 
-0.0363793 0.262058 0 0 0 0 
-0.00782456 0.260817 0 0 0 0 
-0.0547776 0.276479 0 0 0 0 
-0.0262229 0.275238 0 0 0 0 
-0.0446212 0.289659 0 0 0 0 
1 2 6
2 7 6
2 3 7
3 8 7
3 4 8
4 9 8
4 5 9
6 7 10
7 11 10
7 8 11
8 12 11
8 9 12
10 11 13
11 14 13
11 12 14
13 14 15
ZONE N=15, E=16, F=FEPOINT, ET=TRIANGLE
0.208257 -0.175017 0 0 0 0 
0.20077 -0.161102 0 0 0 0 
0.193282 -0.147186 0 0 0 0 
0.185795 -0.133271 0 0 0 0 
0.178308 -0.119355 0 0 0 0 
0.197075 -0.186183 0 0 0 0 
0.189588 -0.172267 0 0 0 0 
0.182101 -0.158352 0 0 0 0 
0.174613 -0.144436 0 0 0 0 
0.185893 -0.197348 0 0 0 0 
0.178406 -0.183433 0 0 0 0 
0.170919 -0.169517 0 0 0 0 
0.174712 -0.208514 0 0 0 0 
0.167224 -0.194598 0 0 0 0 
0.16353 -0.219679 0 0 0 0 
1 2 6
2 7 6
2 3 7
3 8 7
3 4 8
4 9 8
4 5 9
6 7 10
7 11 10
7 8 11
8 12 11
8 9 12
10 11 13
11 14 13
11 12 14
13 14 15
ZONE N=15, E=16, F=FEPOINT, ET=TRIANGLE
-0.651375 0.249325 0 0 0 0 
-0.668969 0.256332 0 0 0 0 
-0.686563 0.263339 0 0 0 0 
-0.704157 0.270346 0 0 0 0 
-0.721752 0.277353 0 0 0 0 
-0.663069 0.236184 0 0 0 0 
-0.680664 0.243191 0 0 0 0 
-0.698258 0.250198 0 0 0 0 
-0.715852 0.257205 0 0 0 0 
-0.674764 0.223043 0 0 0 0 
-0.692358 0.230049 0 0 0 0 
-0.709953 0.237056 0 0 0 0 
-0.686459 0.209901 0 0 0 0 
-0.704053 0.216908 0 0 0 0 
-0.698154 0.19676 0 0 0 0 
1 2 6
2 7 6
2 3 7
3 8 7
3 4 8
4 9 8
4 5 9
6 7 10
7 11 10
7 8 11
8 12 11
8 9 12
10 11 13
11 14 13
11 12 14
13 14 15
ZONE N=15, E=16, F=FEPOINT, ET=TRIANGLE
-0.698154 0.19676 0 0 0 0 
-0.711115 0.184866 0 0 0 0 
-0.724077 0.172972 0 0 0 0 
-0.737038 0.161078 0 0 0 0 
-0.75 0.149184 0 0 0 0 
-0.68562 0.184416 0 0 0 0 
-0.698582 0.172522 0 0 0 0 
-0.711543 0.160628 0 0 0 0 
-0.724505 0.148734 0 0 0 0 
-0.673087 0.172072 0 0 0 0 
-0.686048 0.160178 0 0 0 0 
-0.69901 0.148284 0 0 0 0 
-0.660553 0.159728 0 0 0 0 
-0.673515 0.147834 0 0 0 0 
-0.648019 0.147384 0 0 0 0 
1 2 6
2 7 6
2 3 7
3 8 7
3 4 8
4 9 8
4 5 9
6 7 10
7 11 10
7 8 11
8 12 11
8 9 12
10 11 13
11 14 13
11 12 14
13 14 15
ZONE N=15, E=16, F=FEPOINT, ET=TRIANGLE
-0.695423 -0.065099 0 0 0 0 
-0.69087 -0.0456116 0 0 0 0 
-0.686316 -0.0261243 0 0 0 0 
-0.681762 -0.00663698 0 0 0 0 
-0.677209 0.0128504 0 0 0 0 
-0.710173 -0.0403327 0 0 0 0 
-0.70562 -0.0208454 0 0 0 0 
-0.701066 -0.00135805 0 0 0 0 
-0.696512 0.0181293 0 0 0 0 
-0.724923 -0.0155665 0 0 0 0 
-0.720369 0.00392087 0 0 0 0 
-0.715816 0.0234082 0 0 0 0 
-0.739673 0.0091998 0 0 0 0 
-0.735119 0.0286871 0 0 0 0 
-0.754423 0.0339661 0 0 0 0 
1 2 6
2 7 6
2 3 7
3 8 7
3 4 8
4 9 8
4 5 9
6 7 10
7 11 10
7 8 11
8 12 11
8 9 12
10 11 13
11 14 13
11 12 14
13 14 15
ZONE N=15, E=16, F=FEPOINT, ET=TRIANGLE
-0.700046 0.0895728 0 0 0 0 
-0.672155 0.0843075 0 0 0 0 
-0.644264 0.0790422 0 0 0 0 
-0.616372 0.0737769 0 0 0 0 
-0.588481 0.0685116 0 0 0 0 
-0.687039 0.104026 0 0 0 0 
-0.659148 0.0987603 0 0 0 0 
-0.631257 0.093495 0 0 0 0 
-0.603366 0.0882297 0 0 0 0 
-0.674033 0.118478 0 0 0 0 
-0.646142 0.113213 0 0 0 0 
-0.61825 0.107948 0 0 0 0 
-0.661026 0.132931 0 0 0 0 
-0.633135 0.127666 0 0 0 0 
-0.648019 0.147384 0 0 0 0 
1 2 6
2 7 6
2 3 7
3 8 7
3 4 8
4 9 8
4 5 9
6 7 10
7 11 10
7 8 11
8 12 11
8 9 12
10 11 13
11 14 13
11 12 14
13 14 15
ZONE N=15, E=16, F=FEPOINT, ET=TRIANGLE
-0.592554 -0.0480341 0 0 0 0 
-0.613717 -0.032813 0 0 0 0 
-0.634881 -0.0175919 0 0 0 0 
-0.656045 -0.00237077 0 0 0 0 
-0.677209 0.0128504 0 0 0 0 
-0.618271 -0.0523004 0 0 0 0 
-0.639435 -0.0370792 0 0 0 0 
-0.660599 -0.0218581 0 0 0 0 
-0.681762 -0.00663698 0 0 0 0 
-0.643989 -0.0565666 0 0 0 0 
-0.665152 -0.0413454 0 0 0 0 
-0.686316 -0.0261243 0 0 0 0 
-0.669706 -0.0608328 0 0 0 0 
-0.69087 -0.0456116 0 0 0 0 
-0.695423 -0.065099 0 0 0 0 
1 2 6
2 7 6
2 3 7
3 8 7
3 4 8
4 9 8
4 5 9
6 7 10
7 11 10
7 8 11
8 12 11
8 9 12
10 11 13
11 14 13
11 12 14
13 14 15
ZONE N=15, E=16, F=FEPOINT, ET=TRIANGLE
-0.677209 0.0128504 0 0 0 0 
-0.655027 0.0267657 0 0 0 0 
-0.632845 0.040681 0 0 0 0 
-0.610663 0.0545963 0 0 0 0 
-0.588481 0.0685116 0 0 0 0 
-0.682918 0.032031 0 0 0 0 
-0.660736 0.0459463 0 0 0 0 
-0.638554 0.0598616 0 0 0 0 
-0.616372 0.0737769 0 0 0 0 
-0.688627 0.0512116 0 0 0 0 
-0.666446 0.0651269 0 0 0 0 
-0.644264 0.0790422 0 0 0 0 
-0.694337 0.0703922 0 0 0 0 
-0.672155 0.0843075 0 0 0 0 
-0.700046 0.0895728 0 0 0 0 
1 2 6
2 7 6
2 3 7
3 8 7
3 4 8
4 9 8
4 5 9
6 7 10
7 11 10
7 8 11
8 12 11
8 9 12
10 11 13
11 14 13
11 12 14
13 14 15
ZONE N=15, E=16, F=FEPOINT, ET=TRIANGLE
-0.592554 -0.0480341 0 0 0 0 
-0.60672 -0.0663112 0 0 0 0 
-0.620887 -0.0845883 0 0 0 0 
-0.635054 -0.102865 0 0 0 0 
-0.649221 -0.121143 0 0 0 0 
-0.588584 -0.0672065 0 0 0 0 
-0.602751 -0.0854836 0 0 0 0 
-0.616918 -0.103761 0 0 0 0 
-0.631085 -0.122038 0 0 0 0 
-0.584615 -0.0863788 0 0 0 0 
-0.598782 -0.104656 0 0 0 0 
-0.612949 -0.122933 0 0 0 0 
-0.580646 -0.105551 0 0 0 0 
-0.594813 -0.123828 0 0 0 0 
-0.576677 -0.124723 0 0 0 0 
1 2 6
2 7 6
2 3 7
3 8 7
3 4 8
4 9 8
4 5 9
6 7 10
7 11 10
7 8 11
8 12 11
8 9 12
10 11 13
11 14 13
11 12 14
13 14 15
ZONE N=15, E=16, F=FEPOINT, ET=TRIANGLE
-0.46875 -0.110795 0 0 0 0 
-0.460938 -0.0830964 0 0 0 0 
-0.453125 -0.0553976 0 0 0 0 
-0.445312 -0.0276988 0 0 0 0 
-0.4375 0 0 0 0 0 
-0.482604 -0.0997516 0 0 0 0 
-0.474791 -0.0720528 0 0 0 0 
-0.466979 -0.044354 0 0 0 0 
-0.459166 -0.0166552 0 0 0 0 
-0.496458 -0.088708 0 0 0 0 
-0.488645 -0.0610092 0 0 0 0 
-0.480833 -0.0333104 0 0 0 0 
-0.510312 -0.0776644 0 0 0 0 
-0.502499 -0.0499656 0 0 0 0 
-0.524166 -0.0666207 0 0 0 0 
1 2 6
2 7 6
2 3 7
3 8 7
3 4 8
4 9 8
4 5 9
6 7 10
7 11 10
7 8 11
8 12 11
8 9 12
10 11 13
11 14 13
11 12 14
13 14 15
ZONE N=15, E=16, F=FEPOINT, ET=TRIANGLE
-0.418654 -0.243073 0 0 0 0 
-0.394831 -0.261114 0 0 0 0 
-0.371008 -0.279154 0 0 0 0 
-0.347185 -0.297195 0 0 0 0 
-0.323362 -0.315235 0 0 0 0 
-0.404674 -0.232431 0 0 0 0 
-0.380851 -0.250471 0 0 0 0 
-0.357028 -0.268511 0 0 0 0 
-0.333205 -0.286552 0 0 0 0 
-0.390693 -0.221788 0 0 0 0 
-0.36687 -0.239828 0 0 0 0 
-0.343048 -0.257869 0 0 0 0 
-0.376713 -0.211145 0 0 0 0 
-0.35289 -0.229185 0 0 0 0 
-0.362733 -0.200502 0 0 0 0 
1 2 6
2 7 6
2 3 7
3 8 7
3 4 8
4 9 8
4 5 9
6 7 10
7 11 10
7 8 11
8 12 11
8 9 12
10 11 13
11 14 13
11 12 14
13 14 15
ZONE N=15, E=16, F=FEPOINT, ET=TRIANGLE
-0.824993 -0.294063 0 0 0 0 
-0.798679 -0.291164 0 0 0 0 
-0.772364 -0.288265 0 0 0 0 
-0.746049 -0.285366 0 0 0 0 
-0.719734 -0.282466 0 0 0 0 
-0.825082 -0.277353 0 0 0 0 
-0.798767 -0.274454 0 0 0 0 
-0.772452 -0.271554 0 0 0 0 
-0.746137 -0.268655 0 0 0 0 
-0.82517 -0.260642 0 0 0 0 
-0.798855 -0.257743 0 0 0 0 
-0.772541 -0.254844 0 0 0 0 
-0.825259 -0.243932 0 0 0 0 
-0.798944 -0.241033 0 0 0 0 
-0.825347 -0.227222 0 0 0 0 
1 2 6
2 7 6
2 3 7
3 8 7
3 4 8
4 9 8
4 5 9
6 7 10
7 11 10
7 8 11
8 12 11
8 9 12
10 11 13
11 14 13
11 12 14
13 14 15
ZONE N=15, E=16, F=FEPOINT, ET=TRIANGLE
-0.0625 0.0702876 0 0 0 0 
-0.0859375 0.0683913 0 0 0 0 
-0.109375 0.0664951 0 0 0 0 
-0.132812 0.0645988 0 0 0 0 
-0.15625 0.0627026 0 0 0 0 
-0.078125 0.0527157 0 0 0 0 
-0.101562 0.0508194 0 0 0 0 
-0.125 0.0489232 0 0 0 0 
-0.148437 0.0470269 0 0 0 0 
-0.09375 0.0351438 0 0 0 0 
-0.117187 0.0332475 0 0 0 0 
-0.140625 0.0313513 0 0 0 0 
-0.109375 0.0175719 0 0 0 0 
-0.132812 0.0156756 0 0 0 0 
-0.125 0 0 0 0 0 
1 2 6
2 7 6
2 3 7
3 8 7
3 4 8
4 9 8
4 5 9
6 7 10
7 11 10
7 8 11
8 12 11
8 9 12
10 11 13
11 14 13
11 12 14
13 14 15
ZONE N=15, E=16, F=FEPOINT, ET=TRIANGLE
-0.220754 0.0900426 0 0 0 0 
-0.21244 0.0675319 0 0 0 0 
-0.204127 0.0450213 0 0 0 0 
-0.195813 0.0225106 0 0 0 0 
-0.1875 0 0 0 0 0 
-0.204628 0.0832076 0 0 0 0 
-0.196314 0.0606969 0 0 0 0 
-0.188001 0.0381863 0 0 0 0 
-0.179687 0.0156756 0 0 0 0 
-0.188502 0.0763726 0 0 0 0 
-0.180188 0.0538619 0 0 0 0 
-0.171875 0.0313513 0 0 0 0 
-0.172376 0.0695376 0 0 0 0 
-0.164062 0.0470269 0 0 0 0 
-0.15625 0.0627026 0 0 0 0 
1 2 6
2 7 6
2 3 7
3 8 7
3 4 8
4 9 8
4 5 9
6 7 10
7 11 10
7 8 11
8 12 11
8 9 12
10 11 13
11 14 13
11 12 14
13 14 15
ZONE N=15, E=16, F=FEPOINT, ET=TRIANGLE
-0.310131 0.619164 0 0 0 0 
-0.333011 0.617785 0 0 0 0 
-0.355892 0.616405 0 0 0 0 
-0.378772 0.615026 0 0 0 0 
-0.401653 0.613646 0 0 0 0 
-0.320557 0.598751 0 0 0 0 
-0.343437 0.597371 0 0 0 0 
-0.366318 0.595991 0 0 0 0 
-0.389198 0.594612 0 0 0 0 
-0.330982 0.578337 0 0 0 0 
-0.353863 0.576957 0 0 0 0 
-0.376744 0.575578 0 0 0 0 
-0.341408 0.557923 0 0 0 0 
-0.364289 0.556543 0 0 0 0 
-0.351834 0.537509 0 0 0 0 
1 2 6
2 7 6
2 3 7
3 8 7
3 4 8
4 9 8
4 5 9
6 7 10
7 11 10
7 8 11
8 12 11
8 9 12
10 11 13
11 14 13
11 12 14
13 14 15
ZONE N=15, E=16, F=FEPOINT, ET=TRIANGLE
-0.628191 0.676789 0 0 0 0 
-0.619298 0.661115 0 0 0 0 
-0.610405 0.64544 0 0 0 0 
-0.601512 0.629766 0 0 0 0 
-0.592619 0.614091 0 0 0 0 
-0.600866 0.670867 0 0 0 0 
-0.591973 0.655193 0 0 0 0 
-0.58308 0.639518 0 0 0 0 
-0.574187 0.623844 0 0 0 0 
-0.573541 0.664945 0 0 0 0 
-0.564648 0.649271 0 0 0 0 
-0.555755 0.633596 0 0 0 0 
-0.546216 0.659023 0 0 0 0 
-0.537323 0.643349 0 0 0 0 
-0.518891 0.653101 0 0 0 0 
1 2 6
2 7 6
2 3 7
3 8 7
3 4 8
4 9 8
4 5 9
6 7 10
7 11 10
7 8 11
8 12 11
8 9 12
10 11 13
11 14 13
11 12 14
13 14 15
ZONE N=15, E=16, F=FEPOINT, ET=TRIANGLE
-0.534684 0.571197 0 0 0 0 
-0.551072 0.561013 0 0 0 0 
-0.56746 0.550828 0 0 0 0 
-0.583849 0.540643 0 0 0 0 
-0.600237 0.530459 0 0 0 0 
-0.52842 0.5553 0 0 0 0 
-0.544809 0.545116 0 0 0 0 
-0.561197 0.534931 0 0 0 0 
-0.577585 0.524746 0 0 0 0 
-0.522157 0.539403 0 0 0 0 
-0.538545 0.529219 0 0 0 0 
-0.554933 0.519034 0 0 0 0 
-0.515893 0.523506 0 0 0 0 
-0.532282 0.513322 0 0 0 0 
-0.50963 0.507609 0 0 0 0 
1 2 6
2 7 6
2 3 7
3 8 7
3 4 8
4 9 8
4 5 9
6 7 10
7 11 10
7 8 11
8 12 11
8 9 12
10 11 13
11 14 13
11 12 14
13 14 15
ZONE N=15, E=16, F=FEPOINT, ET=TRIANGLE
-0.520732 0.440171 0 0 0 0 
-0.501239 0.435309 0 0 0 0 
-0.481747 0.430448 0 0 0 0 
-0.462255 0.425586 0 0 0 0 
-0.442763 0.420724 0 0 0 0 
-0.517956 0.457031 0 0 0 0 
-0.498464 0.452169 0 0 0 0 
-0.478972 0.447307 0 0 0 0 
-0.45948 0.442445 0 0 0 0 
-0.515181 0.47389 0 0 0 0 
-0.495689 0.469028 0 0 0 0 
-0.476196 0.464167 0 0 0 0 
-0.512405 0.49075 0 0 0 0 
-0.492913 0.485888 0 0 0 0 
-0.50963 0.507609 0 0 0 0 
1 2 6
2 7 6
2 3 7
3 8 7
3 4 8
4 9 8
4 5 9
6 7 10
7 11 10
7 8 11
8 12 11
8 9 12
10 11 13
11 14 13
11 12 14
13 14 15
ZONE N=15, E=16, F=FEPOINT, ET=TRIANGLE
-0.5 0 0 0 0 0 
-0.497613 0.0202498 0 0 0 0 
-0.495226 0.0404995 0 0 0 0 
-0.492839 0.0607493 0 0 0 0 
-0.490452 0.080999 0 0 0 0 
-0.515892 0.00232424 0 0 0 0 
-0.513505 0.022574 0 0 0 0 
-0.511118 0.0428238 0 0 0 0 
-0.508731 0.0630735 0 0 0 0 
-0.531783 0.00464849 0 0 0 0 
-0.529396 0.0248982 0 0 0 0 
-0.527009 0.045148 0 0 0 0 
-0.547675 0.00697273 0 0 0 0 
-0.545288 0.0272225 0 0 0 0 
-0.563566 0.00929698 0 0 0 0 
1 2 6
2 7 6
2 3 7
3 8 7
3 4 8
4 9 8
4 5 9
6 7 10
7 11 10
7 8 11
8 12 11
8 9 12
10 11 13
11 14 13
11 12 14
13 14 15
ZONE N=15, E=16, F=FEPOINT, ET=TRIANGLE
-0.588481 0.0685116 0 0 0 0 
-0.610663 0.0545963 0 0 0 0 
-0.632845 0.040681 0 0 0 0 
-0.655027 0.0267657 0 0 0 0 
-0.677209 0.0128504 0 0 0 0 
-0.582252 0.0537079 0 0 0 0 
-0.604434 0.0397926 0 0 0 0 
-0.626616 0.0258773 0 0 0 0 
-0.648798 0.011962 0 0 0 0 
-0.576024 0.0389043 0 0 0 0 
-0.598206 0.024989 0 0 0 0 
-0.620388 0.0110737 0 0 0 0 
-0.569795 0.0241006 0 0 0 0 
-0.591977 0.0101853 0 0 0 0 
-0.563566 0.00929698 0 0 0 0 
1 2 6
2 7 6
2 3 7
3 8 7
3 4 8
4 9 8
4 5 9
6 7 10
7 11 10
7 8 11
8 12 11
8 9 12
10 11 13
11 14 13
11 12 14
13 14 15
ZONE N=15, E=16, F=FEPOINT, ET=TRIANGLE
-0.696227 -0.179212 0 0 0 0 
-0.684476 -0.164695 0 0 0 0 
-0.672724 -0.150177 0 0 0 0 
-0.660973 -0.13566 0 0 0 0 
-0.649221 -0.121143 0 0 0 0 
-0.696026 -0.150684 0 0 0 0 
-0.684275 -0.136167 0 0 0 0 
-0.672523 -0.121649 0 0 0 0 
-0.660772 -0.107132 0 0 0 0 
-0.695825 -0.122156 0 0 0 0 
-0.684074 -0.107638 0 0 0 0 
-0.672322 -0.0931207 0 0 0 0 
-0.695624 -0.0936273 0 0 0 0 
-0.683873 -0.0791099 0 0 0 0 
-0.695423 -0.065099 0 0 0 0 
1 2 6
2 7 6
2 3 7
3 8 7
3 4 8
4 9 8
4 5 9
6 7 10
7 11 10
7 8 11
8 12 11
8 9 12
10 11 13
11 14 13
11 12 14
13 14 15
ZONE N=15, E=16, F=FEPOINT, ET=TRIANGLE
-0.770241 -0.189391 0 0 0 0 
-0.757615 -0.21266 0 0 0 0 
-0.744988 -0.235929 0 0 0 0 
-0.732361 -0.259198 0 0 0 0 
-0.719734 -0.282466 0 0 0 0 
-0.751738 -0.186846 0 0 0 0 
-0.739111 -0.210115 0 0 0 0 
-0.726484 -0.233384 0 0 0 0 
-0.713857 -0.256653 0 0 0 0 
-0.733234 -0.184302 0 0 0 0 
-0.720608 -0.207571 0 0 0 0 
-0.707981 -0.230839 0 0 0 0 
-0.714731 -0.181757 0 0 0 0 
-0.702104 -0.205026 0 0 0 0 
-0.696227 -0.179212 0 0 0 0 
1 2 6
2 7 6
2 3 7
3 8 7
3 4 8
4 9 8
4 5 9
6 7 10
7 11 10
7 8 11
8 12 11
8 9 12
10 11 13
11 14 13
11 12 14
13 14 15
ZONE N=15, E=16, F=FEPOINT, ET=TRIANGLE
-0.5 0 0 0 0 0 
-0.515892 0.00232424 0 0 0 0 
-0.531783 0.00464849 0 0 0 0 
-0.547675 0.00697273 0 0 0 0 
-0.563566 0.00929698 0 0 0 0 
-0.506041 -0.0166552 0 0 0 0 
-0.521933 -0.0143309 0 0 0 0 
-0.537825 -0.0120067 0 0 0 0 
-0.553716 -0.00968245 0 0 0 0 
-0.512083 -0.0333104 0 0 0 0 
-0.527975 -0.0309861 0 0 0 0 
-0.543866 -0.0286619 0 0 0 0 
-0.518124 -0.0499656 0 0 0 0 
-0.534016 -0.0476413 0 0 0 0 
-0.524166 -0.0666207 0 0 0 0 
1 2 6
2 7 6
2 3 7
3 8 7
3 4 8
4 9 8
4 5 9
6 7 10
7 11 10
7 8 11
8 12 11
8 9 12
10 11 13
11 14 13
11 12 14
13 14 15
ZONE N=15, E=16, F=FEPOINT, ET=TRIANGLE
-0.592554 -0.0480341 0 0 0 0 
-0.588584 -0.0672065 0 0 0 0 
-0.584615 -0.0863788 0 0 0 0 
-0.580646 -0.105551 0 0 0 0 
-0.576677 -0.124723 0 0 0 0 
-0.575457 -0.0526808 0 0 0 0 
-0.571487 -0.0718531 0 0 0 0 
-0.567518 -0.0910254 0 0 0 0 
-0.563549 -0.110198 0 0 0 0 
-0.55836 -0.0573274 0 0 0 0 
-0.554391 -0.0764998 0 0 0 0 
-0.550421 -0.0956721 0 0 0 0 
-0.541263 -0.0619741 0 0 0 0 
-0.537294 -0.0811464 0 0 0 0 
-0.524166 -0.0666207 0 0 0 0 
1 2 6
2 7 6
2 3 7
3 8 7
3 4 8
4 9 8
4 5 9
6 7 10
7 11 10
7 8 11
8 12 11
8 9 12
10 11 13
11 14 13
11 12 14
13 14 15
ZONE N=15, E=16, F=FEPOINT, ET=TRIANGLE
-0.695423 -0.065099 0 0 0 0 
-0.683873 -0.0791099 0 0 0 0 
-0.672322 -0.0931207 0 0 0 0 
-0.660772 -0.107132 0 0 0 0 
-0.649221 -0.121143 0 0 0 0 
-0.669706 -0.0608328 0 0 0 0 
-0.658155 -0.0748436 0 0 0 0 
-0.646605 -0.0888545 0 0 0 0 
-0.635054 -0.102865 0 0 0 0 
-0.643989 -0.0565666 0 0 0 0 
-0.632438 -0.0705774 0 0 0 0 
-0.620887 -0.0845883 0 0 0 0 
-0.618271 -0.0523004 0 0 0 0 
-0.60672 -0.0663112 0 0 0 0 
-0.592554 -0.0480341 0 0 0 0 
1 2 6
2 7 6
2 3 7
3 8 7
3 4 8
4 9 8
4 5 9
6 7 10
7 11 10
7 8 11
8 12 11
8 9 12
10 11 13
11 14 13
11 12 14
13 14 15
ZONE N=15, E=16, F=FEPOINT, ET=TRIANGLE
-0.546916 -0.19398 0 0 0 0 
-0.554357 -0.176666 0 0 0 0 
-0.561797 -0.159352 0 0 0 0 
-0.569237 -0.142038 0 0 0 0 
-0.576677 -0.124723 0 0 0 0 
-0.565712 -0.192616 0 0 0 0 
-0.573152 -0.175301 0 0 0 0 
-0.580592 -0.157987 0 0 0 0 
-0.588032 -0.140673 0 0 0 0 
-0.584508 -0.191251 0 0 0 0 
-0.591948 -0.173937 0 0 0 0 
-0.599388 -0.156622 0 0 0 0 
-0.603303 -0.189886 0 0 0 0 
-0.610743 -0.172572 0 0 0 0 
-0.622099 -0.188521 0 0 0 0 
1 2 6
2 7 6
2 3 7
3 8 7
3 4 8
4 9 8
4 5 9
6 7 10
7 11 10
7 8 11
8 12 11
8 9 12
10 11 13
11 14 13
11 12 14
13 14 15
ZONE N=15, E=16, F=FEPOINT, ET=TRIANGLE
-0.696227 -0.179212 0 0 0 0 
-0.696026 -0.150684 0 0 0 0 
-0.695825 -0.122156 0 0 0 0 
-0.695624 -0.0936273 0 0 0 0 
-0.695423 -0.065099 0 0 0 0 
-0.714477 -0.154505 0 0 0 0 
-0.714276 -0.125977 0 0 0 0 
-0.714075 -0.0974484 0 0 0 0 
-0.713874 -0.06892 0 0 0 0 
-0.732726 -0.129798 0 0 0 0 
-0.732525 -0.101269 0 0 0 0 
-0.732324 -0.072741 0 0 0 0 
-0.750975 -0.10509 0 0 0 0 
-0.750774 -0.076562 0 0 0 0 
-0.769224 -0.080383 0 0 0 0 
1 2 6
2 7 6
2 3 7
3 8 7
3 4 8
4 9 8
4 5 9
6 7 10
7 11 10
7 8 11
8 12 11
8 9 12
10 11 13
11 14 13
11 12 14
13 14 15
ZONE N=15, E=16, F=FEPOINT, ET=TRIANGLE
-0.649221 -0.121143 0 0 0 0 
-0.642441 -0.137987 0 0 0 0 
-0.63566 -0.154832 0 0 0 0 
-0.628879 -0.171677 0 0 0 0 
-0.622099 -0.188521 0 0 0 0 
-0.631085 -0.122038 0 0 0 0 
-0.624305 -0.138882 0 0 0 0 
-0.617524 -0.155727 0 0 0 0 
-0.610743 -0.172572 0 0 0 0 
-0.612949 -0.122933 0 0 0 0 
-0.606168 -0.139778 0 0 0 0 
-0.599388 -0.156622 0 0 0 0 
-0.594813 -0.123828 0 0 0 0 
-0.588032 -0.140673 0 0 0 0 
-0.576677 -0.124723 0 0 0 0 
1 2 6
2 7 6
2 3 7
3 8 7
3 4 8
4 9 8
4 5 9
6 7 10
7 11 10
7 8 11
8 12 11
8 9 12
10 11 13
11 14 13
11 12 14
13 14 15
ZONE N=15, E=16, F=FEPOINT, ET=TRIANGLE
-0.719734 -0.282466 0 0 0 0 
-0.732361 -0.259198 0 0 0 0 
-0.744988 -0.235929 0 0 0 0 
-0.757615 -0.21266 0 0 0 0 
-0.770241 -0.189391 0 0 0 0 
-0.746137 -0.268655 0 0 0 0 
-0.758764 -0.245387 0 0 0 0 
-0.771391 -0.222118 0 0 0 0 
-0.784018 -0.198849 0 0 0 0 
-0.772541 -0.254844 0 0 0 0 
-0.785167 -0.231575 0 0 0 0 
-0.797794 -0.208307 0 0 0 0 
-0.798944 -0.241033 0 0 0 0 
-0.811571 -0.217764 0 0 0 0 
-0.825347 -0.227222 0 0 0 0 
1 2 6
2 7 6
2 3 7
3 8 7
3 4 8
4 9 8
4 5 9
6 7 10
7 11 10
7 8 11
8 12 11
8 9 12
10 11 13
11 14 13
11 12 14
13 14 15
ZONE N=15, E=16, F=FEPOINT, ET=TRIANGLE
-0.696227 -0.179212 0 0 0 0 
-0.677695 -0.18154 0 0 0 0 
-0.659163 -0.183867 0 0 0 0 
-0.640631 -0.186194 0 0 0 0 
-0.622099 -0.188521 0 0 0 0 
-0.684476 -0.164695 0 0 0 0 
-0.665944 -0.167022 0 0 0 0 
-0.647412 -0.169349 0 0 0 0 
-0.628879 -0.171677 0 0 0 0 
-0.672724 -0.150177 0 0 0 0 
-0.654192 -0.152505 0 0 0 0 
-0.63566 -0.154832 0 0 0 0 
-0.660973 -0.13566 0 0 0 0 
-0.642441 -0.137987 0 0 0 0 
-0.649221 -0.121143 0 0 0 0 
1 2 6
2 7 6
2 3 7
3 8 7
3 4 8
4 9 8
4 5 9
6 7 10
7 11 10
7 8 11
8 12 11
8 9 12
10 11 13
11 14 13
11 12 14
13 14 15
ZONE N=15, E=16, F=FEPOINT, ET=TRIANGLE
-0.590965 -0.280179 0 0 0 0 
-0.579953 -0.258629 0 0 0 0 
-0.568941 -0.23708 0 0 0 0 
-0.557929 -0.21553 0 0 0 0 
-0.546916 -0.19398 0 0 0 0 
-0.598748 -0.257265 0 0 0 0 
-0.587736 -0.235715 0 0 0 0 
-0.576724 -0.214165 0 0 0 0 
-0.565712 -0.192616 0 0 0 0 
-0.606532 -0.23435 0 0 0 0 
-0.59552 -0.2128 0 0 0 0 
-0.584508 -0.191251 0 0 0 0 
-0.614315 -0.211436 0 0 0 0 
-0.603303 -0.189886 0 0 0 0 
-0.622099 -0.188521 0 0 0 0 
1 2 6
2 7 6
2 3 7
3 8 7
3 4 8
4 9 8
4 5 9
6 7 10
7 11 10
7 8 11
8 12 11
8 9 12
10 11 13
11 14 13
11 12 14
13 14 15
ZONE N=15, E=16, F=FEPOINT, ET=TRIANGLE
-0.488929 -0.242143 0 0 0 0 
-0.483884 -0.209306 0 0 0 0 
-0.478839 -0.176469 0 0 0 0 
-0.473795 -0.143632 0 0 0 0 
-0.46875 -0.110795 0 0 0 0 
-0.503426 -0.230102 0 0 0 0 
-0.498381 -0.197265 0 0 0 0 
-0.493336 -0.164428 0 0 0 0 
-0.488292 -0.131592 0 0 0 0 
-0.517923 -0.218062 0 0 0 0 
-0.512878 -0.185225 0 0 0 0 
-0.507833 -0.152388 0 0 0 0 
-0.53242 -0.206021 0 0 0 0 
-0.527375 -0.173184 0 0 0 0 
-0.546916 -0.19398 0 0 0 0 
1 2 6
2 7 6
2 3 7
3 8 7
3 4 8
4 9 8
4 5 9
6 7 10
7 11 10
7 8 11
8 12 11
8 9 12
10 11 13
11 14 13
11 12 14
13 14 15
ZONE N=15, E=16, F=FEPOINT, ET=TRIANGLE
-0.824993 -0.294063 0 0 0 0 
-0.840254 -0.301904 0 0 0 0 
-0.855516 -0.309745 0 0 0 0 
-0.870777 -0.317587 0 0 0 0 
-0.886038 -0.325428 0 0 0 0 
-0.823473 -0.315793 0 0 0 0 
-0.838734 -0.323634 0 0 0 0 
-0.853995 -0.331476 0 0 0 0 
-0.869256 -0.339317 0 0 0 0 
-0.821953 -0.337523 0 0 0 0 
-0.837214 -0.345365 0 0 0 0 
-0.852475 -0.353206 0 0 0 0 
-0.820433 -0.359253 0 0 0 0 
-0.835694 -0.367095 0 0 0 0 
-0.818913 -0.380984 0 0 0 0 
1 2 6
2 7 6
2 3 7
3 8 7
3 4 8
4 9 8
4 5 9
6 7 10
7 11 10
7 8 11
8 12 11
8 9 12
10 11 13
11 14 13
11 12 14
13 14 15
ZONE N=15, E=16, F=FEPOINT, ET=TRIANGLE
-0.590965 -0.280179 0 0 0 0 
-0.581176 -0.302311 0 0 0 0 
-0.571388 -0.324444 0 0 0 0 
-0.5616 -0.346576 0 0 0 0 
-0.551811 -0.368708 0 0 0 0 
-0.57426 -0.286022 0 0 0 0 
-0.564472 -0.308154 0 0 0 0 
-0.554683 -0.330286 0 0 0 0 
-0.544895 -0.352419 0 0 0 0 
-0.557555 -0.291864 0 0 0 0 
-0.547767 -0.313997 0 0 0 0 
-0.537978 -0.336129 0 0 0 0 
-0.54085 -0.297707 0 0 0 0 
-0.531062 -0.319839 0 0 0 0 
-0.524145 -0.30355 0 0 0 0 
1 2 6
2 7 6
2 3 7
3 8 7
3 4 8
4 9 8
4 5 9
6 7 10
7 11 10
7 8 11
8 12 11
8 9 12
10 11 13
11 14 13
11 12 14
13 14 15
ZONE N=15, E=16, F=FEPOINT, ET=TRIANGLE
-0.590965 -0.280179 0 0 0 0 
-0.598748 -0.257265 0 0 0 0 
-0.606532 -0.23435 0 0 0 0 
-0.614315 -0.211436 0 0 0 0 
-0.622099 -0.188521 0 0 0 0 
-0.607195 -0.272913 0 0 0 0 
-0.614979 -0.249998 0 0 0 0 
-0.622762 -0.227084 0 0 0 0 
-0.630546 -0.20417 0 0 0 0 
-0.623426 -0.265647 0 0 0 0 
-0.631209 -0.242732 0 0 0 0 
-0.638993 -0.219818 0 0 0 0 
-0.639656 -0.258381 0 0 0 0 
-0.647439 -0.235466 0 0 0 0 
-0.655886 -0.251115 0 0 0 0 
1 2 6
2 7 6
2 3 7
3 8 7
3 4 8
4 9 8
4 5 9
6 7 10
7 11 10
7 8 11
8 12 11
8 9 12
10 11 13
11 14 13
11 12 14
13 14 15
ZONE N=15, E=16, F=FEPOINT, ET=TRIANGLE
-0.654399 -0.334832 0 0 0 0 
-0.63854 -0.321169 0 0 0 0 
-0.622682 -0.307506 0 0 0 0 
-0.606823 -0.293842 0 0 0 0 
-0.590965 -0.280179 0 0 0 0 
-0.654771 -0.313903 0 0 0 0 
-0.638912 -0.30024 0 0 0 0 
-0.623054 -0.286576 0 0 0 0 
-0.607195 -0.272913 0 0 0 0 
-0.655143 -0.292974 0 0 0 0 
-0.639284 -0.27931 0 0 0 0 
-0.623426 -0.265647 0 0 0 0 
-0.655514 -0.272044 0 0 0 0 
-0.639656 -0.258381 0 0 0 0 
-0.655886 -0.251115 0 0 0 0 
1 2 6
2 7 6
2 3 7
3 8 7
3 4 8
4 9 8
4 5 9
6 7 10
7 11 10
7 8 11
8 12 11
8 9 12
10 11 13
11 14 13
11 12 14
13 14 15
ZONE N=15, E=16, F=FEPOINT, ET=TRIANGLE
-0.282624 -0.156345 0 0 0 0 
-0.290093 -0.134731 0 0 0 0 
-0.297562 -0.113117 0 0 0 0 
-0.305031 -0.0915028 0 0 0 0 
-0.3125 -0.0698887 0 0 0 0 
-0.312741 -0.152433 0 0 0 0 
-0.32021 -0.130819 0 0 0 0 
-0.327679 -0.109205 0 0 0 0 
-0.335148 -0.0875909 0 0 0 0 
-0.342857 -0.148521 0 0 0 0 
-0.350326 -0.126907 0 0 0 0 
-0.357795 -0.105293 0 0 0 0 
-0.372974 -0.144609 0 0 0 0 
-0.380443 -0.122995 0 0 0 0 
-0.40309 -0.140698 0 0 0 0 
1 2 6
2 7 6
2 3 7
3 8 7
3 4 8
4 9 8
4 5 9
6 7 10
7 11 10
7 8 11
8 12 11
8 9 12
10 11 13
11 14 13
11 12 14
13 14 15
ZONE N=15, E=16, F=FEPOINT, ET=TRIANGLE
-0.15625 -0.0641748 0 0 0 0 
-0.132812 -0.0656637 0 0 0 0 
-0.109375 -0.0671526 0 0 0 0 
-0.0859375 -0.0686416 0 0 0 0 
-0.0625 -0.0701305 0 0 0 0 
-0.148437 -0.0481311 0 0 0 0 
-0.125 -0.04962 0 0 0 0 
-0.101562 -0.0511089 0 0 0 0 
-0.078125 -0.0525978 0 0 0 0 
-0.140625 -0.0320874 0 0 0 0 
-0.117187 -0.0335763 0 0 0 0 
-0.09375 -0.0350652 0 0 0 0 
-0.132812 -0.0160437 0 0 0 0 
-0.109375 -0.0175326 0 0 0 0 
-0.125 0 0 0 0 0 
1 2 6
2 7 6
2 3 7
3 8 7
3 4 8
4 9 8
4 5 9
6 7 10
7 11 10
7 8 11
8 12 11
8 9 12
10 11 13
11 14 13
11 12 14
13 14 15
ZONE N=15, E=16, F=FEPOINT, ET=TRIANGLE
-0.15625 0.0627026 0 0 0 0 
-0.164062 0.0470269 0 0 0 0 
-0.171875 0.0313513 0 0 0 0 
-0.179687 0.0156756 0 0 0 0 
-0.1875 0 0 0 0 0 
-0.148437 0.0470269 0 0 0 0 
-0.15625 0.0313513 0 0 0 0 
-0.164062 0.0156756 0 0 0 0 
-0.171875 0 0 0 0 0 
-0.140625 0.0313513 0 0 0 0 
-0.148437 0.0156756 0 0 0 0 
-0.15625 0 0 0 0 0 
-0.132812 0.0156756 0 0 0 0 
-0.140625 0 0 0 0 0 
-0.125 0 0 0 0 0 
1 2 6
2 7 6
2 3 7
3 8 7
3 4 8
4 9 8
4 5 9
6 7 10
7 11 10
7 8 11
8 12 11
8 9 12
10 11 13
11 14 13
11 12 14
13 14 15
ZONE N=15, E=16, F=FEPOINT, ET=TRIANGLE
-0.1875 0 0 0 0 0 
-0.196683 -0.0214837 0 0 0 0 
-0.205866 -0.0429675 0 0 0 0 
-0.215049 -0.0644512 0 0 0 0 
-0.224231 -0.0859349 0 0 0 0 
-0.179687 -0.0160437 0 0 0 0 
-0.18887 -0.0375274 0 0 0 0 
-0.198053 -0.0590112 0 0 0 0 
-0.207236 -0.0804949 0 0 0 0 
-0.171875 -0.0320874 0 0 0 0 
-0.181058 -0.0535711 0 0 0 0 
-0.190241 -0.0750549 0 0 0 0 
-0.164062 -0.0481311 0 0 0 0 
-0.173245 -0.0696148 0 0 0 0 
-0.15625 -0.0641748 0 0 0 0 
1 2 6
2 7 6
2 3 7
3 8 7
3 4 8
4 9 8
4 5 9
6 7 10
7 11 10
7 8 11
8 12 11
8 9 12
10 11 13
11 14 13
11 12 14
13 14 15
ZONE N=15, E=16, F=FEPOINT, ET=TRIANGLE
-0.0625 0.0702876 0 0 0 0 
-0.0482175 0.083803 0 0 0 0 
-0.033935 0.0973185 0 0 0 0 
-0.0196525 0.110834 0 0 0 0 
-0.00536997 0.124349 0 0 0 0 
-0.0636979 0.095928 0 0 0 0 
-0.0494154 0.109443 0 0 0 0 
-0.0351329 0.122959 0 0 0 0 
-0.0208504 0.136474 0 0 0 0 
-0.0648958 0.121568 0 0 0 0 
-0.0506133 0.135084 0 0 0 0 
-0.0363308 0.148599 0 0 0 0 
-0.0660937 0.147209 0 0 0 0 
-0.0518112 0.160724 0 0 0 0 
-0.0672916 0.172849 0 0 0 0 
1 2 6
2 7 6
2 3 7
3 8 7
3 4 8
4 9 8
4 5 9
6 7 10
7 11 10
7 8 11
8 12 11
8 9 12
10 11 13
11 14 13
11 12 14
13 14 15
ZONE N=15, E=16, F=FEPOINT, ET=TRIANGLE
0.116679 0.432911 0 0 0 0 
0.117658 0.455128 0 0 0 0 
0.118636 0.477344 0 0 0 0 
0.119614 0.499561 0 0 0 0 
0.120593 0.521777 0 0 0 0 
0.0958816 0.444957 0 0 0 0 
0.09686 0.467174 0 0 0 0 
0.0978383 0.48939 0 0 0 0 
0.0988166 0.511607 0 0 0 0 
0.0750839 0.457003 0 0 0 0 
0.0760622 0.479219 0 0 0 0 
0.0770405 0.501436 0 0 0 0 
0.0542861 0.469048 0 0 0 0 
0.0552644 0.491265 0 0 0 0 
0.0334883 0.481094 0 0 0 0 
1 2 6
2 7 6
2 3 7
3 8 7
3 4 8
4 9 8
4 5 9
6 7 10
7 11 10
7 8 11
8 12 11
8 9 12
10 11 13
11 14 13
11 12 14
13 14 15
ZONE N=15, E=16, F=FEPOINT, ET=TRIANGLE
-0.310131 0.619164 0 0 0 0 
-0.320557 0.598751 0 0 0 0 
-0.330982 0.578337 0 0 0 0 
-0.341408 0.557923 0 0 0 0 
-0.351834 0.537509 0 0 0 0 
-0.296577 0.595221 0 0 0 0 
-0.307003 0.574807 0 0 0 0 
-0.317429 0.554393 0 0 0 0 
-0.327855 0.533979 0 0 0 0 
-0.283023 0.571277 0 0 0 0 
-0.293449 0.550863 0 0 0 0 
-0.303875 0.53045 0 0 0 0 
-0.269469 0.547334 0 0 0 0 
-0.279895 0.52692 0 0 0 0 
-0.255916 0.52339 0 0 0 0 
1 2 6
2 7 6
2 3 7
3 8 7
3 4 8
4 9 8
4 5 9
6 7 10
7 11 10
7 8 11
8 12 11
8 9 12
10 11 13
11 14 13
11 12 14
13 14 15
ZONE N=15, E=16, F=FEPOINT, ET=TRIANGLE
0.040563 -0.0990647 0 0 0 0 
0.0304222 -0.0742985 0 0 0 0 
0.0202815 -0.0495323 0 0 0 0 
0.0101407 -0.0247662 0 0 0 0 
3.33067e-16 0 0 0 0 0 
0.0147972 -0.0918311 0 0 0 0 
0.00465649 -0.067065 0 0 0 0 
-0.00548426 -0.0422988 0 0 0 0 
-0.015625 -0.0175326 0 0 0 0 
-0.0109685 -0.0845976 0 0 0 0 
-0.0211093 -0.0598314 0 0 0 0 
-0.03125 -0.0350652 0 0 0 0 
-0.0367343 -0.077364 0 0 0 0 
-0.046875 -0.0525978 0 0 0 0 
-0.0625 -0.0701305 0 0 0 0 
1 2 6
2 7 6
2 3 7
3 8 7
3 4 8
4 9 8
4 5 9
6 7 10
7 11 10
7 8 11
8 12 11
8 9 12
10 11 13
11 14 13
11 12 14
13 14 15
ZONE N=15, E=16, F=FEPOINT, ET=TRIANGLE
-0.444472 -0.308441 0 0 0 0 
-0.471306 -0.323508 0 0 0 0 
-0.498141 -0.338575 0 0 0 0 
-0.524976 -0.353641 0 0 0 0 
-0.551811 -0.368708 0 0 0 0 
-0.438971 -0.327624 0 0 0 0 
-0.465806 -0.342691 0 0 0 0 
-0.492641 -0.357757 0 0 0 0 
-0.519476 -0.372824 0 0 0 0 
-0.433471 -0.346807 0 0 0 0 
-0.460306 -0.361874 0 0 0 0 
-0.487141 -0.37694 0 0 0 0 
-0.42797 -0.36599 0 0 0 0 
-0.454805 -0.381057 0 0 0 0 
-0.42247 -0.385173 0 0 0 0 
1 2 6
2 7 6
2 3 7
3 8 7
3 4 8
4 9 8
4 5 9
6 7 10
7 11 10
7 8 11
8 12 11
8 9 12
10 11 13
11 14 13
11 12 14
13 14 15
ZONE N=15, E=16, F=FEPOINT, ET=TRIANGLE
-0.524145 -0.30355 0 0 0 0 
-0.515341 -0.288198 0 0 0 0 
-0.506537 -0.272846 0 0 0 0 
-0.497733 -0.257495 0 0 0 0 
-0.488929 -0.242143 0 0 0 0 
-0.54085 -0.297707 0 0 0 0 
-0.532046 -0.282355 0 0 0 0 
-0.523242 -0.267004 0 0 0 0 
-0.514438 -0.251652 0 0 0 0 
-0.557555 -0.291864 0 0 0 0 
-0.548751 -0.276513 0 0 0 0 
-0.539947 -0.261161 0 0 0 0 
-0.57426 -0.286022 0 0 0 0 
-0.565456 -0.27067 0 0 0 0 
-0.590965 -0.280179 0 0 0 0 
1 2 6
2 7 6
2 3 7
3 8 7
3 4 8
4 9 8
4 5 9
6 7 10
7 11 10
7 8 11
8 12 11
8 9 12
10 11 13
11 14 13
11 12 14
13 14 15
ZONE N=15, E=16, F=FEPOINT, ET=TRIANGLE
-0.600071 -0.416087 0 0 0 0 
-0.593676 -0.431738 0 0 0 0 
-0.587282 -0.447389 0 0 0 0 
-0.580887 -0.463041 0 0 0 0 
-0.574493 -0.478692 0 0 0 0 
-0.573774 -0.42151 0 0 0 0 
-0.56738 -0.437161 0 0 0 0 
-0.560985 -0.452812 0 0 0 0 
-0.554591 -0.468464 0 0 0 0 
-0.547478 -0.426933 0 0 0 0 
-0.541083 -0.442584 0 0 0 0 
-0.534689 -0.458235 0 0 0 0 
-0.521181 -0.432356 0 0 0 0 
-0.514787 -0.448007 0 0 0 0 
-0.494885 -0.437779 0 0 0 0 
1 2 6
2 7 6
2 3 7
3 8 7
3 4 8
4 9 8
4 5 9
6 7 10
7 11 10
7 8 11
8 12 11
8 9 12
10 11 13
11 14 13
11 12 14
13 14 15
ZONE N=15, E=16, F=FEPOINT, ET=TRIANGLE
-0.412295 -0.753347 0 0 0 0 
-0.402092 -0.728776 0 0 0 0 
-0.391888 -0.704205 0 0 0 0 
-0.381684 -0.679633 0 0 0 0 
-0.371481 -0.655062 0 0 0 0 
-0.41876 -0.730496 0 0 0 0 
-0.408557 -0.705925 0 0 0 0 
-0.398353 -0.681353 0 0 0 0 
-0.38815 -0.656782 0 0 0 0 
-0.425226 -0.707645 0 0 0 0 
-0.415022 -0.683073 0 0 0 0 
-0.404819 -0.658502 0 0 0 0 
-0.431691 -0.684793 0 0 0 0 
-0.421487 -0.660222 0 0 0 0 
-0.438156 -0.661942 0 0 0 0 
1 2 6
2 7 6
2 3 7
3 8 7
3 4 8
4 9 8
4 5 9
6 7 10
7 11 10
7 8 11
8 12 11
8 9 12
10 11 13
11 14 13
11 12 14
13 14 15
ZONE N=15, E=16, F=FEPOINT, ET=TRIANGLE
-0.42247 -0.385173 0 0 0 0 
-0.397693 -0.367688 0 0 0 0 
-0.372916 -0.350204 0 0 0 0 
-0.348139 -0.332719 0 0 0 0 
-0.323362 -0.315235 0 0 0 0 
-0.42797 -0.36599 0 0 0 0 
-0.403194 -0.348505 0 0 0 0 
-0.378417 -0.331021 0 0 0 0 
-0.35364 -0.313536 0 0 0 0 
-0.433471 -0.346807 0 0 0 0 
-0.408694 -0.329322 0 0 0 0 
-0.383917 -0.311838 0 0 0 0 
-0.438971 -0.327624 0 0 0 0 
-0.414194 -0.310139 0 0 0 0 
-0.444472 -0.308441 0 0 0 0 
1 2 6
2 7 6
2 3 7
3 8 7
3 4 8
4 9 8
4 5 9
6 7 10
7 11 10
7 8 11
8 12 11
8 9 12
10 11 13
11 14 13
11 12 14
13 14 15
ZONE N=15, E=16, F=FEPOINT, ET=TRIANGLE
-0.362733 -0.200502 0 0 0 0 
-0.372822 -0.185551 0 0 0 0 
-0.382912 -0.1706 0 0 0 0 
-0.393001 -0.155649 0 0 0 0 
-0.40309 -0.140698 0 0 0 0 
-0.376713 -0.211145 0 0 0 0 
-0.386802 -0.196194 0 0 0 0 
-0.396892 -0.181243 0 0 0 0 
-0.406981 -0.166292 0 0 0 0 
-0.390693 -0.221788 0 0 0 0 
-0.400783 -0.206837 0 0 0 0 
-0.410872 -0.191885 0 0 0 0 
-0.404674 -0.232431 0 0 0 0 
-0.414763 -0.217479 0 0 0 0 
-0.418654 -0.243073 0 0 0 0 
1 2 6
2 7 6
2 3 7
3 8 7
3 4 8
4 9 8
4 5 9
6 7 10
7 11 10
7 8 11
8 12 11
8 9 12
10 11 13
11 14 13
11 12 14
13 14 15
ZONE N=15, E=16, F=FEPOINT, ET=TRIANGLE
-0.24432 -0.305253 0 0 0 0 
-0.241932 -0.324162 0 0 0 0 
-0.239545 -0.34307 0 0 0 0 
-0.237157 -0.361979 0 0 0 0 
-0.234769 -0.380887 0 0 0 0 
-0.226168 -0.313451 0 0 0 0 
-0.22378 -0.33236 0 0 0 0 
-0.221392 -0.351268 0 0 0 0 
-0.219005 -0.370176 0 0 0 0 
-0.208016 -0.321649 0 0 0 0 
-0.205628 -0.340558 0 0 0 0 
-0.20324 -0.359466 0 0 0 0 
-0.189864 -0.329847 0 0 0 0 
-0.187476 -0.348756 0 0 0 0 
-0.171711 -0.338045 0 0 0 0 
1 2 6
2 7 6
2 3 7
3 8 7
3 4 8
4 9 8
4 5 9
6 7 10
7 11 10
7 8 11
8 12 11
8 9 12
10 11 13
11 14 13
11 12 14
13 14 15
ZONE N=15, E=16, F=FEPOINT, ET=TRIANGLE
-0.224231 -0.0859349 0 0 0 0 
-0.222064 -0.115283 0 0 0 0 
-0.219898 -0.144631 0 0 0 0 
-0.217731 -0.173979 0 0 0 0 
-0.215564 -0.203327 0 0 0 0 
-0.207513 -0.100886 0 0 0 0 
-0.205346 -0.130234 0 0 0 0 
-0.203179 -0.159582 0 0 0 0 
-0.201012 -0.18893 0 0 0 0 
-0.190794 -0.115837 0 0 0 0 
-0.188627 -0.145185 0 0 0 0 
-0.18646 -0.174533 0 0 0 0 
-0.174075 -0.130788 0 0 0 0 
-0.171908 -0.160137 0 0 0 0 
-0.157357 -0.14574 0 0 0 0 
1 2 6
2 7 6
2 3 7
3 8 7
3 4 8
4 9 8
4 5 9
6 7 10
7 11 10
7 8 11
8 12 11
8 9 12
10 11 13
11 14 13
11 12 14
13 14 15
ZONE N=15, E=16, F=FEPOINT, ET=TRIANGLE
-0.418654 -0.243073 0 0 0 0 
-0.436223 -0.242841 0 0 0 0 
-0.453791 -0.242608 0 0 0 0 
-0.47136 -0.242375 0 0 0 0 
-0.488929 -0.242143 0 0 0 0 
-0.425108 -0.259415 0 0 0 0 
-0.442677 -0.259183 0 0 0 0 
-0.460246 -0.25895 0 0 0 0 
-0.477814 -0.258717 0 0 0 0 
-0.431563 -0.275757 0 0 0 0 
-0.449131 -0.275524 0 0 0 0 
-0.4667 -0.275292 0 0 0 0 
-0.438017 -0.292099 0 0 0 0 
-0.455586 -0.291866 0 0 0 0 
-0.444472 -0.308441 0 0 0 0 
1 2 6
2 7 6
2 3 7
3 8 7
3 4 8
4 9 8
4 5 9
6 7 10
7 11 10
7 8 11
8 12 11
8 9 12
10 11 13
11 14 13
11 12 14
13 14 15
ZONE N=15, E=16, F=FEPOINT, ET=TRIANGLE
-0.444472 -0.308441 0 0 0 0 
-0.414194 -0.310139 0 0 0 0 
-0.383917 -0.311838 0 0 0 0 
-0.35364 -0.313536 0 0 0 0 
-0.323362 -0.315235 0 0 0 0 
-0.438017 -0.292099 0 0 0 0 
-0.40774 -0.293797 0 0 0 0 
-0.377462 -0.295496 0 0 0 0 
-0.347185 -0.297195 0 0 0 0 
-0.431563 -0.275757 0 0 0 0 
-0.401285 -0.277456 0 0 0 0 
-0.371008 -0.279154 0 0 0 0 
-0.425108 -0.259415 0 0 0 0 
-0.394831 -0.261114 0 0 0 0 
-0.418654 -0.243073 0 0 0 0 
1 2 6
2 7 6
2 3 7
3 8 7
3 4 8
4 9 8
4 5 9
6 7 10
7 11 10
7 8 11
8 12 11
8 9 12
10 11 13
11 14 13
11 12 14
13 14 15
ZONE N=15, E=16, F=FEPOINT, ET=TRIANGLE
-0.622099 -0.188521 0 0 0 0 
-0.640631 -0.186194 0 0 0 0 
-0.659163 -0.183867 0 0 0 0 
-0.677695 -0.18154 0 0 0 0 
-0.696227 -0.179212 0 0 0 0 
-0.630546 -0.20417 0 0 0 0 
-0.649078 -0.201842 0 0 0 0 
-0.66761 -0.199515 0 0 0 0 
-0.686142 -0.197188 0 0 0 0 
-0.638993 -0.219818 0 0 0 0 
-0.657525 -0.217491 0 0 0 0 
-0.676057 -0.215164 0 0 0 0 
-0.647439 -0.235466 0 0 0 0 
-0.665971 -0.233139 0 0 0 0 
-0.655886 -0.251115 0 0 0 0 
1 2 6
2 7 6
2 3 7
3 8 7
3 4 8
4 9 8
4 5 9
6 7 10
7 11 10
7 8 11
8 12 11
8 9 12
10 11 13
11 14 13
11 12 14
13 14 15
ZONE N=15, E=16, F=FEPOINT, ET=TRIANGLE
-0.719734 -0.282466 0 0 0 0 
-0.7034 -0.295558 0 0 0 0 
-0.687067 -0.308649 0 0 0 0 
-0.670733 -0.321741 0 0 0 0 
-0.654399 -0.334832 0 0 0 0 
-0.703772 -0.274628 0 0 0 0 
-0.687438 -0.28772 0 0 0 0 
-0.671105 -0.300812 0 0 0 0 
-0.654771 -0.313903 0 0 0 0 
-0.68781 -0.266791 0 0 0 0 
-0.671476 -0.279882 0 0 0 0 
-0.655143 -0.292974 0 0 0 0 
-0.671848 -0.258953 0 0 0 0 
-0.655514 -0.272044 0 0 0 0 
-0.655886 -0.251115 0 0 0 0 
1 2 6
2 7 6
2 3 7
3 8 7
3 4 8
4 9 8
4 5 9
6 7 10
7 11 10
7 8 11
8 12 11
8 9 12
10 11 13
11 14 13
11 12 14
13 14 15
ZONE N=15, E=16, F=FEPOINT, ET=TRIANGLE
-0.654399 -0.334832 0 0 0 0 
-0.670733 -0.321741 0 0 0 0 
-0.687067 -0.308649 0 0 0 0 
-0.7034 -0.295558 0 0 0 0 
-0.719734 -0.282466 0 0 0 0 
-0.674067 -0.342636 0 0 0 0 
-0.6904 -0.329544 0 0 0 0 
-0.706734 -0.316453 0 0 0 0 
-0.723068 -0.303361 0 0 0 0 
-0.693734 -0.350439 0 0 0 0 
-0.710068 -0.337347 0 0 0 0 
-0.726402 -0.324256 0 0 0 0 
-0.713402 -0.358242 0 0 0 0 
-0.729736 -0.345151 0 0 0 0 
-0.733069 -0.366045 0 0 0 0 
1 2 6
2 7 6
2 3 7
3 8 7
3 4 8
4 9 8
4 5 9
6 7 10
7 11 10
7 8 11
8 12 11
8 9 12
10 11 13
11 14 13
11 12 14
13 14 15
ZONE N=15, E=16, F=FEPOINT, ET=TRIANGLE
-0.6677 -0.416057 0 0 0 0 
-0.684042 -0.403554 0 0 0 0 
-0.700385 -0.391051 0 0 0 0 
-0.716727 -0.378548 0 0 0 0 
-0.733069 -0.366045 0 0 0 0 
-0.684131 -0.422977 0 0 0 0 
-0.700473 -0.410474 0 0 0 0 
-0.716815 -0.397972 0 0 0 0 
-0.733158 -0.385469 0 0 0 0 
-0.700561 -0.429898 0 0 0 0 
-0.716903 -0.417395 0 0 0 0 
-0.733246 -0.404892 0 0 0 0 
-0.716991 -0.436818 0 0 0 0 
-0.733334 -0.424315 0 0 0 0 
-0.733422 -0.443739 0 0 0 0 
1 2 6
2 7 6
2 3 7
3 8 7
3 4 8
4 9 8
4 5 9
6 7 10
7 11 10
7 8 11
8 12 11
8 9 12
10 11 13
11 14 13
11 12 14
13 14 15
ZONE N=15, E=16, F=FEPOINT, ET=TRIANGLE
-0.719734 -0.282466 0 0 0 0 
-0.746049 -0.285366 0 0 0 0 
-0.772364 -0.288265 0 0 0 0 
-0.798679 -0.291164 0 0 0 0 
-0.824993 -0.294063 0 0 0 0 
-0.723068 -0.303361 0 0 0 0 
-0.749383 -0.30626 0 0 0 0 
-0.775698 -0.309159 0 0 0 0 
-0.802012 -0.312058 0 0 0 0 
-0.726402 -0.324256 0 0 0 0 
-0.752717 -0.327155 0 0 0 0 
-0.779031 -0.330054 0 0 0 0 
-0.729736 -0.345151 0 0 0 0 
-0.75605 -0.34805 0 0 0 0 
-0.733069 -0.366045 0 0 0 0 
1 2 6
2 7 6
2 3 7
3 8 7
3 4 8
4 9 8
4 5 9
6 7 10
7 11 10
7 8 11
8 12 11
8 9 12
10 11 13
11 14 13
11 12 14
13 14 15
ZONE N=15, E=16, F=FEPOINT, ET=TRIANGLE
-0.798451 -0.47485 0 0 0 0 
-0.783509 -0.494195 0 0 0 0 
-0.768567 -0.51354 0 0 0 0 
-0.753625 -0.532885 0 0 0 0 
-0.738683 -0.55223 0 0 0 0 
-0.782194 -0.467072 0 0 0 0 
-0.767252 -0.486417 0 0 0 0 
-0.75231 -0.505762 0 0 0 0 
-0.737367 -0.525107 0 0 0 0 
-0.765937 -0.459294 0 0 0 0 
-0.750994 -0.478639 0 0 0 0 
-0.736052 -0.497985 0 0 0 0 
-0.749679 -0.451517 0 0 0 0 
-0.734737 -0.470862 0 0 0 0 
-0.733422 -0.443739 0 0 0 0 
1 2 6
2 7 6
2 3 7
3 8 7
3 4 8
4 9 8
4 5 9
6 7 10
7 11 10
7 8 11
8 12 11
8 9 12
10 11 13
11 14 13
11 12 14
13 14 15
ZONE N=15, E=16, F=FEPOINT, ET=TRIANGLE
-0.55557 -0.83147 0 0 0 0 
-0.550122 -0.810848 0 0 0 0 
-0.544674 -0.790227 0 0 0 0 
-0.539226 -0.769606 0 0 0 0 
-0.533778 -0.748984 0 0 0 0 
-0.575276 -0.816855 0 0 0 0 
-0.569828 -0.796234 0 0 0 0 
-0.56438 -0.775612 0 0 0 0 
-0.558932 -0.754991 0 0 0 0 
-0.594982 -0.80224 0 0 0 0 
-0.589534 -0.781619 0 0 0 0 
-0.584086 -0.760997 0 0 0 0 
-0.614688 -0.787625 0 0 0 0 
-0.60924 -0.767004 0 0 0 0 
-0.634393 -0.77301 0 0 0 0 
1 2 6
2 7 6
2 3 7
3 8 7
3 4 8
4 9 8
4 5 9
6 7 10
7 11 10
7 8 11
8 12 11
8 9 12
10 11 13
11 14 13
11 12 14
13 14 15
ZONE N=15, E=16, F=FEPOINT, ET=TRIANGLE
-0.600071 -0.416087 0 0 0 0 
-0.573774 -0.42151 0 0 0 0 
-0.547478 -0.426933 0 0 0 0 
-0.521181 -0.432356 0 0 0 0 
-0.494885 -0.437779 0 0 0 0 
-0.588006 -0.404242 0 0 0 0 
-0.561709 -0.409665 0 0 0 0 
-0.535413 -0.415088 0 0 0 0 
-0.509116 -0.420511 0 0 0 0 
-0.575941 -0.392397 0 0 0 0 
-0.549644 -0.39782 0 0 0 0 
-0.523348 -0.403243 0 0 0 0 
-0.563876 -0.380553 0 0 0 0 
-0.53758 -0.385976 0 0 0 0 
-0.551811 -0.368708 0 0 0 0 
1 2 6
2 7 6
2 3 7
3 8 7
3 4 8
4 9 8
4 5 9
6 7 10
7 11 10
7 8 11
8 12 11
8 9 12
10 11 13
11 14 13
11 12 14
13 14 15
ZONE N=15, E=16, F=FEPOINT, ET=TRIANGLE
-0.574493 -0.478692 0 0 0 0 
-0.580887 -0.463041 0 0 0 0 
-0.587282 -0.447389 0 0 0 0 
-0.593676 -0.431738 0 0 0 0 
-0.600071 -0.416087 0 0 0 0 
-0.602214 -0.483129 0 0 0 0 
-0.608609 -0.467478 0 0 0 0 
-0.615003 -0.451827 0 0 0 0 
-0.621398 -0.436175 0 0 0 0 
-0.629936 -0.487567 0 0 0 0 
-0.63633 -0.471915 0 0 0 0 
-0.642725 -0.456264 0 0 0 0 
-0.657657 -0.492004 0 0 0 0 
-0.664052 -0.476353 0 0 0 0 
-0.685379 -0.496441 0 0 0 0 
1 2 6
2 7 6
2 3 7
3 8 7
3 4 8
4 9 8
4 5 9
6 7 10
7 11 10
7 8 11
8 12 11
8 9 12
10 11 13
11 14 13
11 12 14
13 14 15
ZONE N=15, E=16, F=FEPOINT, ET=TRIANGLE
-0.600071 -0.416087 0 0 0 0 
-0.613653 -0.395773 0 0 0 0 
-0.627235 -0.37546 0 0 0 0 
-0.640817 -0.355146 0 0 0 0 
-0.654399 -0.334832 0 0 0 0 
-0.616978 -0.416079 0 0 0 0 
-0.63056 -0.395766 0 0 0 0 
-0.644142 -0.375452 0 0 0 0 
-0.657724 -0.355139 0 0 0 0 
-0.633885 -0.416072 0 0 0 0 
-0.647468 -0.395758 0 0 0 0 
-0.66105 -0.375445 0 0 0 0 
-0.650793 -0.416064 0 0 0 0 
-0.664375 -0.395751 0 0 0 0 
-0.6677 -0.416057 0 0 0 0 
1 2 6
2 7 6
2 3 7
3 8 7
3 4 8
4 9 8
4 5 9
6 7 10
7 11 10
7 8 11
8 12 11
8 9 12
10 11 13
11 14 13
11 12 14
13 14 15
ZONE N=15, E=16, F=FEPOINT, ET=TRIANGLE
-0.818913 -0.380984 0 0 0 0 
-0.79754 -0.396672 0 0 0 0 
-0.776167 -0.412361 0 0 0 0 
-0.754795 -0.42805 0 0 0 0 
-0.733422 -0.443739 0 0 0 0 
-0.797452 -0.377249 0 0 0 0 
-0.776079 -0.392938 0 0 0 0 
-0.754706 -0.408627 0 0 0 0 
-0.733334 -0.424315 0 0 0 0 
-0.775991 -0.373515 0 0 0 0 
-0.754618 -0.389203 0 0 0 0 
-0.733246 -0.404892 0 0 0 0 
-0.75453 -0.36978 0 0 0 0 
-0.733158 -0.385469 0 0 0 0 
-0.733069 -0.366045 0 0 0 0 
1 2 6
2 7 6
2 3 7
3 8 7
3 4 8
4 9 8
4 5 9
6 7 10
7 11 10
7 8 11
8 12 11
8 9 12
10 11 13
11 14 13
11 12 14
13 14 15
ZONE N=15, E=16, F=FEPOINT, ET=TRIANGLE
-0.733422 -0.443739 0 0 0 0 
-0.721411 -0.456914 0 0 0 0 
-0.7094 -0.47009 0 0 0 0 
-0.69739 -0.483266 0 0 0 0 
-0.685379 -0.496441 0 0 0 0 
-0.716991 -0.436818 0 0 0 0 
-0.704981 -0.449994 0 0 0 0 
-0.69297 -0.463169 0 0 0 0 
-0.680959 -0.476345 0 0 0 0 
-0.700561 -0.429898 0 0 0 0 
-0.68855 -0.443073 0 0 0 0 
-0.67654 -0.456249 0 0 0 0 
-0.684131 -0.422977 0 0 0 0 
-0.67212 -0.436153 0 0 0 0 
-0.6677 -0.416057 0 0 0 0 
1 2 6
2 7 6
2 3 7
3 8 7
3 4 8
4 9 8
4 5 9
6 7 10
7 11 10
7 8 11
8 12 11
8 9 12
10 11 13
11 14 13
11 12 14
13 14 15
ZONE N=15, E=16, F=FEPOINT, ET=TRIANGLE
-0.641844 -0.675925 0 0 0 0 
-0.652502 -0.659457 0 0 0 0 
-0.663159 -0.642988 0 0 0 0 
-0.673817 -0.62652 0 0 0 0 
-0.684474 -0.610052 0 0 0 0 
-0.65816 -0.683721 0 0 0 0 
-0.668817 -0.667252 0 0 0 0 
-0.679475 -0.650784 0 0 0 0 
-0.690132 -0.634315 0 0 0 0 
-0.674476 -0.691516 0 0 0 0 
-0.685133 -0.675048 0 0 0 0 
-0.69579 -0.658579 0 0 0 0 
-0.690791 -0.699311 0 0 0 0 
-0.701449 -0.682843 0 0 0 0 
-0.707107 -0.707107 0 0 0 0 
1 2 6
2 7 6
2 3 7
3 8 7
3 4 8
4 9 8
4 5 9
6 7 10
7 11 10
7 8 11
8 12 11
8 9 12
10 11 13
11 14 13
11 12 14
13 14 15
ZONE N=15, E=16, F=FEPOINT, ET=TRIANGLE
-0.533293 -0.614826 0 0 0 0 
-0.51551 -0.610959 0 0 0 0 
-0.497727 -0.607092 0 0 0 0 
-0.479944 -0.603225 0 0 0 0 
-0.46216 -0.599358 0 0 0 0 
-0.525297 -0.591915 0 0 0 0 
-0.507514 -0.588048 0 0 0 0 
-0.489731 -0.584181 0 0 0 0 
-0.471948 -0.580314 0 0 0 0 
-0.517301 -0.569005 0 0 0 0 
-0.499518 -0.565138 0 0 0 0 
-0.481735 -0.56127 0 0 0 0 
-0.509305 -0.546094 0 0 0 0 
-0.491522 -0.542227 0 0 0 0 
-0.501309 -0.523183 0 0 0 0 
1 2 6
2 7 6
2 3 7
3 8 7
3 4 8
4 9 8
4 5 9
6 7 10
7 11 10
7 8 11
8 12 11
8 9 12
10 11 13
11 14 13
11 12 14
13 14 15
ZONE N=15, E=16, F=FEPOINT, ET=TRIANGLE
-0.323362 -0.315235 0 0 0 0 
-0.314795 -0.296265 0 0 0 0 
-0.306227 -0.277294 0 0 0 0 
-0.29766 -0.258324 0 0 0 0 
-0.289093 -0.239354 0 0 0 0 
-0.333205 -0.286552 0 0 0 0 
-0.324638 -0.267582 0 0 0 0 
-0.31607 -0.248611 0 0 0 0 
-0.307503 -0.229641 0 0 0 0 
-0.343048 -0.257869 0 0 0 0 
-0.33448 -0.238898 0 0 0 0 
-0.325913 -0.219928 0 0 0 0 
-0.35289 -0.229185 0 0 0 0 
-0.344323 -0.210215 0 0 0 0 
-0.362733 -0.200502 0 0 0 0 
1 2 6
2 7 6
2 3 7
3 8 7
3 4 8
4 9 8
4 5 9
6 7 10
7 11 10
7 8 11
8 12 11
8 9 12
10 11 13
11 14 13
11 12 14
13 14 15
ZONE N=15, E=16, F=FEPOINT, ET=TRIANGLE
-0.215564 -0.203327 0 0 0 0 
-0.217731 -0.173979 0 0 0 0 
-0.219898 -0.144631 0 0 0 0 
-0.222064 -0.115283 0 0 0 0 
-0.224231 -0.0859349 0 0 0 0 
-0.232329 -0.191582 0 0 0 0 
-0.234496 -0.162234 0 0 0 0 
-0.236663 -0.132886 0 0 0 0 
-0.23883 -0.103537 0 0 0 0 
-0.249094 -0.179836 0 0 0 0 
-0.251261 -0.150488 0 0 0 0 
-0.253428 -0.12114 0 0 0 0 
-0.265859 -0.168091 0 0 0 0 
-0.268026 -0.138743 0 0 0 0 
-0.282624 -0.156345 0 0 0 0 
1 2 6
2 7 6
2 3 7
3 8 7
3 4 8
4 9 8
4 5 9
6 7 10
7 11 10
7 8 11
8 12 11
8 9 12
10 11 13
11 14 13
11 12 14
13 14 15
ZONE N=15, E=16, F=FEPOINT, ET=TRIANGLE
-0.1875 0 0 0 0 0 
-0.195813 0.0225106 0 0 0 0 
-0.204127 0.0450213 0 0 0 0 
-0.21244 0.0675319 0 0 0 0 
-0.220754 0.0900426 0 0 0 0 
-0.203125 0 0 0 0 0 
-0.211438 0.0225106 0 0 0 0 
-0.219752 0.0450213 0 0 0 0 
-0.228065 0.0675319 0 0 0 0 
-0.21875 0 0 0 0 0 
-0.227063 0.0225106 0 0 0 0 
-0.235377 0.0450213 0 0 0 0 
-0.234375 0 0 0 0 0 
-0.242688 0.0225106 0 0 0 0 
-0.25 0 0 0 0 0 
1 2 6
2 7 6
2 3 7
3 8 7
3 4 8
4 9 8
4 5 9
6 7 10
7 11 10
7 8 11
8 12 11
8 9 12
10 11 13
11 14 13
11 12 14
13 14 15
ZONE N=15, E=16, F=FEPOINT, ET=TRIANGLE
-0.1875 0 0 0 0 0 
-0.203125 0 0 0 0 0 
-0.21875 0 0 0 0 0 
-0.234375 0 0 0 0 0 
-0.25 0 0 0 0 0 
-0.196683 -0.0214837 0 0 0 0 
-0.212308 -0.0214837 0 0 0 0 
-0.227933 -0.0214837 0 0 0 0 
-0.243558 -0.0214837 0 0 0 0 
-0.205866 -0.0429675 0 0 0 0 
-0.221491 -0.0429675 0 0 0 0 
-0.237116 -0.0429675 0 0 0 0 
-0.215049 -0.0644512 0 0 0 0 
-0.230674 -0.0644512 0 0 0 0 
-0.224231 -0.0859349 0 0 0 0 
1 2 6
2 7 6
2 3 7
3 8 7
3 4 8
4 9 8
4 5 9
6 7 10
7 11 10
7 8 11
8 12 11
8 9 12
10 11 13
11 14 13
11 12 14
13 14 15
ZONE N=15, E=16, F=FEPOINT, ET=TRIANGLE
3.33067e-16 0 0 0 0 0 
-0.015625 0.0175719 0 0 0 0 
-0.03125 0.0351438 0 0 0 0 
-0.046875 0.0527157 0 0 0 0 
-0.0625 0.0702876 0 0 0 0 
-0.03125 0 0 0 0 0 
-0.046875 0.0175719 0 0 0 0 
-0.0625 0.0351438 0 0 0 0 
-0.078125 0.0527157 0 0 0 0 
-0.0625 0 0 0 0 0 
-0.078125 0.0175719 0 0 0 0 
-0.09375 0.0351438 0 0 0 0 
-0.09375 0 0 0 0 0 
-0.109375 0.0175719 0 0 0 0 
-0.125 0 0 0 0 0 
1 2 6
2 7 6
2 3 7
3 8 7
3 4 8
4 9 8
4 5 9
6 7 10
7 11 10
7 8 11
8 12 11
8 9 12
10 11 13
11 14 13
11 12 14
13 14 15
ZONE N=15, E=16, F=FEPOINT, ET=TRIANGLE
-0.241405 0.182436 0 0 0 0 
-0.236242 0.159338 0 0 0 0 
-0.231079 0.136239 0 0 0 0 
-0.225916 0.113141 0 0 0 0 
-0.220754 0.0900426 0 0 0 0 
-0.220058 0.175081 0 0 0 0 
-0.214895 0.151983 0 0 0 0 
-0.209732 0.128885 0 0 0 0 
-0.204569 0.105786 0 0 0 0 
-0.19871 0.167727 0 0 0 0 
-0.193548 0.144628 0 0 0 0 
-0.188385 0.12153 0 0 0 0 
-0.177363 0.160372 0 0 0 0 
-0.1722 0.137274 0 0 0 0 
-0.156016 0.153018 0 0 0 0 
1 2 6
2 7 6
2 3 7
3 8 7
3 4 8
4 9 8
4 5 9
6 7 10
7 11 10
7 8 11
8 12 11
8 9 12
10 11 13
11 14 13
11 12 14
13 14 15
ZONE N=15, E=16, F=FEPOINT, ET=TRIANGLE
-0.15625 -0.0641748 0 0 0 0 
-0.173245 -0.0696148 0 0 0 0 
-0.190241 -0.0750549 0 0 0 0 
-0.207236 -0.0804949 0 0 0 0 
-0.224231 -0.0859349 0 0 0 0 
-0.156527 -0.084566 0 0 0 0 
-0.173522 -0.090006 0 0 0 0 
-0.190517 -0.0954461 0 0 0 0 
-0.207513 -0.100886 0 0 0 0 
-0.156803 -0.104957 0 0 0 0 
-0.173799 -0.110397 0 0 0 0 
-0.190794 -0.115837 0 0 0 0 
-0.15708 -0.125348 0 0 0 0 
-0.174075 -0.130788 0 0 0 0 
-0.157357 -0.14574 0 0 0 0 
1 2 6
2 7 6
2 3 7
3 8 7
3 4 8
4 9 8
4 5 9
6 7 10
7 11 10
7 8 11
8 12 11
8 9 12
10 11 13
11 14 13
11 12 14
13 14 15
ZONE N=15, E=16, F=FEPOINT, ET=TRIANGLE
-0.15625 -0.0641748 0 0 0 0 
-0.156527 -0.084566 0 0 0 0 
-0.156803 -0.104957 0 0 0 0 
-0.15708 -0.125348 0 0 0 0 
-0.157357 -0.14574 0 0 0 0 
-0.13971 -0.0813364 0 0 0 0 
-0.139987 -0.101728 0 0 0 0 
-0.140264 -0.122119 0 0 0 0 
-0.14054 -0.14251 0 0 0 0 
-0.123171 -0.098498 0 0 0 0 
-0.123448 -0.118889 0 0 0 0 
-0.123724 -0.13928 0 0 0 0 
-0.106631 -0.11566 0 0 0 0 
-0.106908 -0.136051 0 0 0 0 
-0.0900918 -0.132821 0 0 0 0 
1 2 6
2 7 6
2 3 7
3 8 7
3 4 8
4 9 8
4 5 9
6 7 10
7 11 10
7 8 11
8 12 11
8 9 12
10 11 13
11 14 13
11 12 14
13 14 15
ZONE N=15, E=16, F=FEPOINT, ET=TRIANGLE
0.06422 -0.199163 0 0 0 0 
0.0392685 -0.192948 0 0 0 0 
0.014317 -0.186732 0 0 0 0 
-0.0106345 -0.180517 0 0 0 0 
-0.0355861 -0.174301 0 0 0 0 
0.0461054 -0.217414 0 0 0 0 
0.0211538 -0.211198 0 0 0 0 
-0.00379768 -0.204982 0 0 0 0 
-0.0287492 -0.198767 0 0 0 0 
0.0279907 -0.235664 0 0 0 0 
0.00303918 -0.229448 0 0 0 0 
-0.0219123 -0.223233 0 0 0 0 
0.00987604 -0.253914 0 0 0 0 
-0.0150755 -0.247698 0 0 0 0 
-0.00823862 -0.272164 0 0 0 0 
1 2 6
2 7 6
2 3 7
3 8 7
3 4 8
4 9 8
4 5 9
6 7 10
7 11 10
7 8 11
8 12 11
8 9 12
10 11 13
11 14 13
11 12 14
13 14 15
ZONE N=15, E=16, F=FEPOINT, ET=TRIANGLE
-0.0672916 0.172849 0 0 0 0 
-0.0894726 0.167891 0 0 0 0 
-0.111654 0.162933 0 0 0 0 
-0.133835 0.157975 0 0 0 0 
-0.156016 0.153018 0 0 0 0 
-0.0660937 0.147209 0 0 0 0 
-0.0882747 0.142251 0 0 0 0 
-0.110456 0.137293 0 0 0 0 
-0.132637 0.132335 0 0 0 0 
-0.0648958 0.121568 0 0 0 0 
-0.0870768 0.11661 0 0 0 0 
-0.109258 0.111653 0 0 0 0 
-0.0636979 0.095928 0 0 0 0 
-0.0858789 0.0909701 0 0 0 0 
-0.0625 0.0702876 0 0 0 0 
1 2 6
2 7 6
2 3 7
3 8 7
3 4 8
4 9 8
4 5 9
6 7 10
7 11 10
7 8 11
8 12 11
8 9 12
10 11 13
11 14 13
11 12 14
13 14 15
ZONE N=15, E=16, F=FEPOINT, ET=TRIANGLE
-0.15625 0.0627026 0 0 0 0 
-0.132812 0.0645988 0 0 0 0 
-0.109375 0.0664951 0 0 0 0 
-0.0859375 0.0683913 0 0 0 0 
-0.0625 0.0702876 0 0 0 0 
-0.156191 0.0852813 0 0 0 0 
-0.132754 0.0871776 0 0 0 0 
-0.109316 0.0890738 0 0 0 0 
-0.0858789 0.0909701 0 0 0 0 
-0.156133 0.10786 0 0 0 0 
-0.132695 0.109756 0 0 0 0 
-0.109258 0.111653 0 0 0 0 
-0.156074 0.130439 0 0 0 0 
-0.132637 0.132335 0 0 0 0 
-0.156016 0.153018 0 0 0 0 
1 2 6
2 7 6
2 3 7
3 8 7
3 4 8
4 9 8
4 5 9
6 7 10
7 11 10
7 8 11
8 12 11
8 9 12
10 11 13
11 14 13
11 12 14
13 14 15
ZONE N=15, E=16, F=FEPOINT, ET=TRIANGLE
-0.0852468 0.236939 0 0 0 0 
-0.109055 0.232865 0 0 0 0 
-0.132863 0.228792 0 0 0 0 
-0.156671 0.224718 0 0 0 0 
-0.180479 0.220645 0 0 0 0 
-0.102939 0.215959 0 0 0 0 
-0.126747 0.211885 0 0 0 0 
-0.150555 0.207812 0 0 0 0 
-0.174363 0.203738 0 0 0 0 
-0.120631 0.194978 0 0 0 0 
-0.144439 0.190905 0 0 0 0 
-0.168247 0.186831 0 0 0 0 
-0.138323 0.173998 0 0 0 0 
-0.162131 0.169924 0 0 0 0 
-0.156016 0.153018 0 0 0 0 
1 2 6
2 7 6
2 3 7
3 8 7
3 4 8
4 9 8
4 5 9
6 7 10
7 11 10
7 8 11
8 12 11
8 9 12
10 11 13
11 14 13
11 12 14
13 14 15
ZONE N=15, E=16, F=FEPOINT, ET=TRIANGLE
-0.157357 -0.14574 0 0 0 0 
-0.171908 -0.160137 0 0 0 0 
-0.18646 -0.174533 0 0 0 0 
-0.201012 -0.18893 0 0 0 0 
-0.215564 -0.203327 0 0 0 0 
-0.147081 -0.170679 0 0 0 0 
-0.161632 -0.185076 0 0 0 0 
-0.176184 -0.199473 0 0 0 0 
-0.190736 -0.21387 0 0 0 0 
-0.136804 -0.195618 0 0 0 0 
-0.151356 -0.210015 0 0 0 0 
-0.165908 -0.224412 0 0 0 0 
-0.126528 -0.220557 0 0 0 0 
-0.14108 -0.234954 0 0 0 0 
-0.116252 -0.245496 0 0 0 0 
1 2 6
2 7 6
2 3 7
3 8 7
3 4 8
4 9 8
4 5 9
6 7 10
7 11 10
7 8 11
8 12 11
8 9 12
10 11 13
11 14 13
11 12 14
13 14 15
ZONE N=15, E=16, F=FEPOINT, ET=TRIANGLE
0.09375 -0.0588813 0 0 0 0 
0.101563 -0.044161 0 0 0 0 
0.109375 -0.0294406 0 0 0 0 
0.117188 -0.0147203 0 0 0 0 
0.125 0 0 0 0 0 
0.0859375 -0.044161 0 0 0 0 
0.09375 -0.0294406 0 0 0 0 
0.101563 -0.0147203 0 0 0 0 
0.109375 0 0 0 0 0 
0.078125 -0.0294406 0 0 0 0 
0.0859375 -0.0147203 0 0 0 0 
0.09375 0 0 0 0 0 
0.0703125 -0.0147203 0 0 0 0 
0.078125 0 0 0 0 0 
0.0625 0 0 0 0 0 
1 2 6
2 7 6
2 3 7
3 8 7
3 4 8
4 9 8
4 5 9
6 7 10
7 11 10
7 8 11
8 12 11
8 9 12
10 11 13
11 14 13
11 12 14
13 14 15
ZONE N=15, E=16, F=FEPOINT, ET=TRIANGLE
-0.239823 0.671644 0 0 0 0 
-0.2574 0.658524 0 0 0 0 
-0.274977 0.645404 0 0 0 0 
-0.292554 0.632284 0 0 0 0 
-0.310131 0.619164 0 0 0 0 
-0.236111 0.650027 0 0 0 0 
-0.253688 0.636907 0 0 0 0 
-0.271265 0.623787 0 0 0 0 
-0.288842 0.610667 0 0 0 0 
-0.232399 0.62841 0 0 0 0 
-0.249976 0.61529 0 0 0 0 
-0.267553 0.60217 0 0 0 0 
-0.228687 0.606793 0 0 0 0 
-0.246264 0.593673 0 0 0 0 
-0.224975 0.585176 0 0 0 0 
1 2 6
2 7 6
2 3 7
3 8 7
3 4 8
4 9 8
4 5 9
6 7 10
7 11 10
7 8 11
8 12 11
8 9 12
10 11 13
11 14 13
11 12 14
13 14 15
ZONE N=15, E=16, F=FEPOINT, ET=TRIANGLE
-0.239823 0.671644 0 0 0 0 
-0.251758 0.688216 0 0 0 0 
-0.263692 0.704787 0 0 0 0 
-0.275627 0.721359 0 0 0 0 
-0.287561 0.73793 0 0 0 0 
-0.2574 0.658524 0 0 0 0 
-0.269335 0.675096 0 0 0 0 
-0.281269 0.691667 0 0 0 0 
-0.293204 0.708239 0 0 0 0 
-0.274977 0.645404 0 0 0 0 
-0.286911 0.661976 0 0 0 0 
-0.298846 0.678547 0 0 0 0 
-0.292554 0.632284 0 0 0 0 
-0.304488 0.648856 0 0 0 0 
-0.310131 0.619164 0 0 0 0 
1 2 6
2 7 6
2 3 7
3 8 7
3 4 8
4 9 8
4 5 9
6 7 10
7 11 10
7 8 11
8 12 11
8 9 12
10 11 13
11 14 13
11 12 14
13 14 15
ZONE N=15, E=16, F=FEPOINT, ET=TRIANGLE
3.33067e-16 0 0 0 0 0 
0.0078125 0.0140299 0 0 0 0 
0.015625 0.0280598 0 0 0 0 
0.0234375 0.0420897 0 0 0 0 
0.03125 0.0561197 0 0 0 0 
-0.015625 0.0175719 0 0 0 0 
-0.0078125 0.0316018 0 0 0 0 
3.08781e-16 0.0456317 0 0 0 0 
0.0078125 0.0596616 0 0 0 0 
-0.03125 0.0351438 0 0 0 0 
-0.0234375 0.0491737 0 0 0 0 
-0.015625 0.0632036 0 0 0 0 
-0.046875 0.0527157 0 0 0 0 
-0.0390625 0.0667456 0 0 0 0 
-0.0625 0.0702876 0 0 0 0 
1 2 6
2 7 6
2 3 7
3 8 7
3 4 8
4 9 8
4 5 9
6 7 10
7 11 10
7 8 11
8 12 11
8 9 12
10 11 13
11 14 13
11 12 14
13 14 15
ZONE N=15, E=16, F=FEPOINT, ET=TRIANGLE
-0.553052 0.726399 0 0 0 0 
-0.553681 0.752667 0 0 0 0 
-0.554311 0.778934 0 0 0 0 
-0.554941 0.805202 0 0 0 0 
-0.55557 0.83147 0 0 0 0 
-0.573387 0.738052 0 0 0 0 
-0.574017 0.76432 0 0 0 0 
-0.574646 0.790587 0 0 0 0 
-0.575276 0.816855 0 0 0 0 
-0.593722 0.749705 0 0 0 0 
-0.594352 0.775972 0 0 0 0 
-0.594982 0.80224 0 0 0 0 
-0.614058 0.761358 0 0 0 0 
-0.614688 0.787625 0 0 0 0 
-0.634393 0.77301 0 0 0 0 
1 2 6
2 7 6
2 3 7
3 8 7
3 4 8
4 9 8
4 5 9
6 7 10
7 11 10
7 8 11
8 12 11
8 9 12
10 11 13
11 14 13
11 12 14
13 14 15
ZONE N=15, E=16, F=FEPOINT, ET=TRIANGLE
-0.323362 -0.315235 0 0 0 0 
-0.303602 -0.31274 0 0 0 0 
-0.283841 -0.310244 0 0 0 0 
-0.264081 -0.307749 0 0 0 0 
-0.24432 -0.305253 0 0 0 0 
-0.314795 -0.296265 0 0 0 0 
-0.295034 -0.293769 0 0 0 0 
-0.275274 -0.291274 0 0 0 0 
-0.255513 -0.288779 0 0 0 0 
-0.306227 -0.277294 0 0 0 0 
-0.286467 -0.274799 0 0 0 0 
-0.266706 -0.272304 0 0 0 0 
-0.29766 -0.258324 0 0 0 0 
-0.277899 -0.255829 0 0 0 0 
-0.289093 -0.239354 0 0 0 0 
1 2 6
2 7 6
2 3 7
3 8 7
3 4 8
4 9 8
4 5 9
6 7 10
7 11 10
7 8 11
8 12 11
8 9 12
10 11 13
11 14 13
11 12 14
13 14 15
ZONE N=15, E=16, F=FEPOINT, ET=TRIANGLE
-0.215564 -0.203327 0 0 0 0 
-0.232329 -0.191582 0 0 0 0 
-0.249094 -0.179836 0 0 0 0 
-0.265859 -0.168091 0 0 0 0 
-0.282624 -0.156345 0 0 0 0 
-0.233946 -0.212334 0 0 0 0 
-0.250711 -0.200588 0 0 0 0 
-0.267476 -0.188843 0 0 0 0 
-0.284241 -0.177097 0 0 0 0 
-0.252328 -0.221341 0 0 0 0 
-0.269093 -0.209595 0 0 0 0 
-0.285858 -0.19785 0 0 0 0 
-0.27071 -0.230347 0 0 0 0 
-0.287475 -0.218602 0 0 0 0 
-0.289093 -0.239354 0 0 0 0 
1 2 6
2 7 6
2 3 7
3 8 7
3 4 8
4 9 8
4 5 9
6 7 10
7 11 10
7 8 11
8 12 11
8 9 12
10 11 13
11 14 13
11 12 14
13 14 15
ZONE N=15, E=16, F=FEPOINT, ET=TRIANGLE
-0.337224 -0.400782 0 0 0 0 
-0.333759 -0.379395 0 0 0 0 
-0.330293 -0.358008 0 0 0 0 
-0.326828 -0.336622 0 0 0 0 
-0.323362 -0.315235 0 0 0 0 
-0.358536 -0.39688 0 0 0 0 
-0.35507 -0.375493 0 0 0 0 
-0.351605 -0.354106 0 0 0 0 
-0.348139 -0.332719 0 0 0 0 
-0.379847 -0.392977 0 0 0 0 
-0.376382 -0.371591 0 0 0 0 
-0.372916 -0.350204 0 0 0 0 
-0.401159 -0.389075 0 0 0 0 
-0.397693 -0.367688 0 0 0 0 
-0.42247 -0.385173 0 0 0 0 
1 2 6
2 7 6
2 3 7
3 8 7
3 4 8
4 9 8
4 5 9
6 7 10
7 11 10
7 8 11
8 12 11
8 9 12
10 11 13
11 14 13
11 12 14
13 14 15
ZONE N=15, E=16, F=FEPOINT, ET=TRIANGLE
-0.171711 -0.338045 0 0 0 0 
-0.187476 -0.348756 0 0 0 0 
-0.20324 -0.359466 0 0 0 0 
-0.219005 -0.370176 0 0 0 0 
-0.234769 -0.380887 0 0 0 0 
-0.170856 -0.356262 0 0 0 0 
-0.18662 -0.366972 0 0 0 0 
-0.202384 -0.377683 0 0 0 0 
-0.218149 -0.388393 0 0 0 0 
-0.17 -0.374478 0 0 0 0 
-0.185764 -0.385189 0 0 0 0 
-0.201528 -0.395899 0 0 0 0 
-0.169144 -0.392695 0 0 0 0 
-0.184908 -0.403405 0 0 0 0 
-0.168288 -0.410911 0 0 0 0 
1 2 6
2 7 6
2 3 7
3 8 7
3 4 8
4 9 8
4 5 9
6 7 10
7 11 10
7 8 11
8 12 11
8 9 12
10 11 13
11 14 13
11 12 14
13 14 15
ZONE N=15, E=16, F=FEPOINT, ET=TRIANGLE
-0.289093 -0.239354 0 0 0 0 
-0.277899 -0.255829 0 0 0 0 
-0.266706 -0.272304 0 0 0 0 
-0.255513 -0.288779 0 0 0 0 
-0.24432 -0.305253 0 0 0 0 
-0.27071 -0.230347 0 0 0 0 
-0.259517 -0.246822 0 0 0 0 
-0.248324 -0.263297 0 0 0 0 
-0.237131 -0.279772 0 0 0 0 
-0.252328 -0.221341 0 0 0 0 
-0.241135 -0.237816 0 0 0 0 
-0.229942 -0.25429 0 0 0 0 
-0.233946 -0.212334 0 0 0 0 
-0.222753 -0.228809 0 0 0 0 
-0.215564 -0.203327 0 0 0 0 
1 2 6
2 7 6
2 3 7
3 8 7
3 4 8
4 9 8
4 5 9
6 7 10
7 11 10
7 8 11
8 12 11
8 9 12
10 11 13
11 14 13
11 12 14
13 14 15
ZONE N=15, E=16, F=FEPOINT, ET=TRIANGLE
-0.184088 -0.267227 0 0 0 0 
-0.191957 -0.251252 0 0 0 0 
-0.199826 -0.235277 0 0 0 0 
-0.207695 -0.219302 0 0 0 0 
-0.215564 -0.203327 0 0 0 0 
-0.199146 -0.276734 0 0 0 0 
-0.207015 -0.260759 0 0 0 0 
-0.214884 -0.244784 0 0 0 0 
-0.222753 -0.228809 0 0 0 0 
-0.214204 -0.28624 0 0 0 0 
-0.222073 -0.270265 0 0 0 0 
-0.229942 -0.25429 0 0 0 0 
-0.229262 -0.295747 0 0 0 0 
-0.237131 -0.279772 0 0 0 0 
-0.24432 -0.305253 0 0 0 0 
1 2 6
2 7 6
2 3 7
3 8 7
3 4 8
4 9 8
4 5 9
6 7 10
7 11 10
7 8 11
8 12 11
8 9 12
10 11 13
11 14 13
11 12 14
13 14 15
ZONE N=15, E=16, F=FEPOINT, ET=TRIANGLE
-0.234769 -0.380887 0 0 0 0 
-0.256917 -0.364474 0 0 0 0 
-0.279066 -0.348061 0 0 0 0 
-0.301214 -0.331648 0 0 0 0 
-0.323362 -0.315235 0 0 0 0 
-0.260383 -0.385861 0 0 0 0 
-0.282531 -0.369448 0 0 0 0 
-0.30468 -0.353035 0 0 0 0 
-0.326828 -0.336622 0 0 0 0 
-0.285997 -0.390834 0 0 0 0 
-0.308145 -0.374421 0 0 0 0 
-0.330293 -0.358008 0 0 0 0 
-0.311611 -0.395808 0 0 0 0 
-0.333759 -0.379395 0 0 0 0 
-0.337224 -0.400782 0 0 0 0 
1 2 6
2 7 6
2 3 7
3 8 7
3 4 8
4 9 8
4 5 9
6 7 10
7 11 10
7 8 11
8 12 11
8 9 12
10 11 13
11 14 13
11 12 14
13 14 15
ZONE N=15, E=16, F=FEPOINT, ET=TRIANGLE
-0.171711 -0.338045 0 0 0 0 
-0.153372 -0.333312 0 0 0 0 
-0.135033 -0.328579 0 0 0 0 
-0.116694 -0.323845 0 0 0 0 
-0.0983553 -0.319112 0 0 0 0 
-0.174806 -0.320341 0 0 0 0 
-0.156467 -0.315607 0 0 0 0 
-0.138128 -0.310874 0 0 0 0 
-0.119788 -0.306141 0 0 0 0 
-0.1779 -0.302636 0 0 0 0 
-0.159561 -0.297903 0 0 0 0 
-0.141222 -0.29317 0 0 0 0 
-0.180994 -0.284932 0 0 0 0 
-0.162655 -0.280198 0 0 0 0 
-0.184088 -0.267227 0 0 0 0 
1 2 6
2 7 6
2 3 7
3 8 7
3 4 8
4 9 8
4 5 9
6 7 10
7 11 10
7 8 11
8 12 11
8 9 12
10 11 13
11 14 13
11 12 14
13 14 15
ZONE N=15, E=16, F=FEPOINT, ET=TRIANGLE
-0.0408279 -0.368409 0 0 0 0 
-0.0552098 -0.356085 0 0 0 0 
-0.0695916 -0.343761 0 0 0 0 
-0.0839735 -0.331436 0 0 0 0 
-0.0983553 -0.319112 0 0 0 0 
-0.0726929 -0.379035 0 0 0 0 
-0.0870747 -0.36671 0 0 0 0 
-0.101457 -0.354386 0 0 0 0 
-0.115838 -0.342062 0 0 0 0 
-0.104558 -0.38966 0 0 0 0 
-0.11894 -0.377336 0 0 0 0 
-0.133322 -0.365012 0 0 0 0 
-0.136423 -0.400286 0 0 0 0 
-0.150805 -0.387962 0 0 0 0 
-0.168288 -0.410911 0 0 0 0 
1 2 6
2 7 6
2 3 7
3 8 7
3 4 8
4 9 8
4 5 9
6 7 10
7 11 10
7 8 11
8 12 11
8 9 12
10 11 13
11 14 13
11 12 14
13 14 15
ZONE N=15, E=16, F=FEPOINT, ET=TRIANGLE
-0.0355861 -0.174301 0 0 0 0 
-0.0557526 -0.1921 0 0 0 0 
-0.0759192 -0.209899 0 0 0 0 
-0.0960857 -0.227698 0 0 0 0 
-0.116252 -0.245496 0 0 0 0 
-0.0287492 -0.198767 0 0 0 0 
-0.0489158 -0.216566 0 0 0 0 
-0.0690823 -0.234365 0 0 0 0 
-0.0892489 -0.252163 0 0 0 0 
-0.0219123 -0.223233 0 0 0 0 
-0.0420789 -0.241031 0 0 0 0 
-0.0622454 -0.25883 0 0 0 0 
-0.0150755 -0.247698 0 0 0 0 
-0.035242 -0.265497 0 0 0 0 
-0.00823862 -0.272164 0 0 0 0 
1 2 6
2 7 6
2 3 7
3 8 7
3 4 8
4 9 8
4 5 9
6 7 10
7 11 10
7 8 11
8 12 11
8 9 12
10 11 13
11 14 13
11 12 14
13 14 15
ZONE N=15, E=16, F=FEPOINT, ET=TRIANGLE
-0.551811 -0.368708 0 0 0 0 
-0.53758 -0.385976 0 0 0 0 
-0.523348 -0.403243 0 0 0 0 
-0.509116 -0.420511 0 0 0 0 
-0.494885 -0.437779 0 0 0 0 
-0.519476 -0.372824 0 0 0 0 
-0.505244 -0.390092 0 0 0 0 
-0.491013 -0.40736 0 0 0 0 
-0.476781 -0.424627 0 0 0 0 
-0.487141 -0.37694 0 0 0 0 
-0.472909 -0.394208 0 0 0 0 
-0.458677 -0.411476 0 0 0 0 
-0.454805 -0.381057 0 0 0 0 
-0.440574 -0.398324 0 0 0 0 
-0.42247 -0.385173 0 0 0 0 
1 2 6
2 7 6
2 3 7
3 8 7
3 4 8
4 9 8
4 5 9
6 7 10
7 11 10
7 8 11
8 12 11
8 9 12
10 11 13
11 14 13
11 12 14
13 14 15
ZONE N=15, E=16, F=FEPOINT, ET=TRIANGLE
-0.290285 -0.95694 0 0 0 0 
-0.285954 -0.934569 0 0 0 0 
-0.281624 -0.912198 0 0 0 0 
-0.277294 -0.889827 0 0 0 0 
-0.272963 -0.867455 0 0 0 0 
-0.305142 -0.934619 0 0 0 0 
-0.300812 -0.912248 0 0 0 0 
-0.296481 -0.889876 0 0 0 0 
-0.292151 -0.867505 0 0 0 0 
-0.319999 -0.912297 0 0 0 0 
-0.315669 -0.889926 0 0 0 0 
-0.311339 -0.867555 0 0 0 0 
-0.334857 -0.889976 0 0 0 0 
-0.330527 -0.867605 0 0 0 0 
-0.349714 -0.867654 0 0 0 0 
1 2 6
2 7 6
2 3 7
3 8 7
3 4 8
4 9 8
4 5 9
6 7 10
7 11 10
7 8 11
8 12 11
8 9 12
10 11 13
11 14 13
11 12 14
13 14 15
ZONE N=15, E=16, F=FEPOINT, ET=TRIANGLE
-0.24432 -0.305253 0 0 0 0 
-0.264081 -0.307749 0 0 0 0 
-0.283841 -0.310244 0 0 0 0 
-0.303602 -0.31274 0 0 0 0 
-0.323362 -0.315235 0 0 0 0 
-0.241932 -0.324162 0 0 0 0 
-0.261693 -0.326657 0 0 0 0 
-0.281453 -0.329153 0 0 0 0 
-0.301214 -0.331648 0 0 0 0 
-0.239545 -0.34307 0 0 0 0 
-0.259305 -0.345566 0 0 0 0 
-0.279066 -0.348061 0 0 0 0 
-0.237157 -0.361979 0 0 0 0 
-0.256917 -0.364474 0 0 0 0 
-0.234769 -0.380887 0 0 0 0 
1 2 6
2 7 6
2 3 7
3 8 7
3 4 8
4 9 8
4 5 9
6 7 10
7 11 10
7 8 11
8 12 11
8 9 12
10 11 13
11 14 13
11 12 14
13 14 15
ZONE N=15, E=16, F=FEPOINT, ET=TRIANGLE
-0.266147 -0.450364 0 0 0 0 
-0.260488 -0.46727 0 0 0 0 
-0.25483 -0.484176 0 0 0 0 
-0.249172 -0.501083 0 0 0 0 
-0.243514 -0.517989 0 0 0 0 
-0.241682 -0.440501 0 0 0 0 
-0.236024 -0.457407 0 0 0 0 
-0.230365 -0.474313 0 0 0 0 
-0.224707 -0.491219 0 0 0 0 
-0.217217 -0.430638 0 0 0 0 
-0.211559 -0.447544 0 0 0 0 
-0.205901 -0.46445 0 0 0 0 
-0.192753 -0.420775 0 0 0 0 
-0.187094 -0.437681 0 0 0 0 
-0.168288 -0.410911 0 0 0 0 
1 2 6
2 7 6
2 3 7
3 8 7
3 4 8
4 9 8
4 5 9
6 7 10
7 11 10
7 8 11
8 12 11
8 9 12
10 11 13
11 14 13
11 12 14
13 14 15
ZONE N=15, E=16, F=FEPOINT, ET=TRIANGLE
0.239776 -0.430536 0 0 0 0 
0.253681 -0.418242 0 0 0 0 
0.267587 -0.405948 0 0 0 0 
0.281493 -0.393654 0 0 0 0 
0.295398 -0.38136 0 0 0 0 
0.235133 -0.412565 0 0 0 0 
0.249039 -0.400271 0 0 0 0 
0.262945 -0.387977 0 0 0 0 
0.27685 -0.375683 0 0 0 0 
0.230491 -0.394594 0 0 0 0 
0.244397 -0.3823 0 0 0 0 
0.258302 -0.370006 0 0 0 0 
0.225848 -0.376623 0 0 0 0 
0.239754 -0.364329 0 0 0 0 
0.221206 -0.358652 0 0 0 0 
1 2 6
2 7 6
2 3 7
3 8 7
3 4 8
4 9 8
4 5 9
6 7 10
7 11 10
7 8 11
8 12 11
8 9 12
10 11 13
11 14 13
11 12 14
13 14 15
ZONE N=15, E=16, F=FEPOINT, ET=TRIANGLE
0.295398 -0.38136 0 0 0 0 
0.293664 -0.406327 0 0 0 0 
0.29193 -0.431294 0 0 0 0 
0.290195 -0.456261 0 0 0 0 
0.288461 -0.481228 0 0 0 0 
0.307704 -0.394405 0 0 0 0 
0.305969 -0.419372 0 0 0 0 
0.304235 -0.444339 0 0 0 0 
0.3025 -0.469306 0 0 0 0 
0.320009 -0.40745 0 0 0 0 
0.318274 -0.432417 0 0 0 0 
0.31654 -0.457384 0 0 0 0 
0.332314 -0.420496 0 0 0 0 
0.330579 -0.445463 0 0 0 0 
0.344619 -0.433541 0 0 0 0 
1 2 6
2 7 6
2 3 7
3 8 7
3 4 8
4 9 8
4 5 9
6 7 10
7 11 10
7 8 11
8 12 11
8 9 12
10 11 13
11 14 13
11 12 14
13 14 15
ZONE N=15, E=16, F=FEPOINT, ET=TRIANGLE
-0.234769 -0.380887 0 0 0 0 
-0.242613 -0.398256 0 0 0 0 
-0.250458 -0.415626 0 0 0 0 
-0.258302 -0.432995 0 0 0 0 
-0.266147 -0.450364 0 0 0 0 
-0.218149 -0.388393 0 0 0 0 
-0.225993 -0.405762 0 0 0 0 
-0.233838 -0.423132 0 0 0 0 
-0.241682 -0.440501 0 0 0 0 
-0.201528 -0.395899 0 0 0 0 
-0.209373 -0.413269 0 0 0 0 
-0.217217 -0.430638 0 0 0 0 
-0.184908 -0.403405 0 0 0 0 
-0.192753 -0.420775 0 0 0 0 
-0.168288 -0.410911 0 0 0 0 
1 2 6
2 7 6
2 3 7
3 8 7
3 4 8
4 9 8
4 5 9
6 7 10
7 11 10
7 8 11
8 12 11
8 9 12
10 11 13
11 14 13
11 12 14
13 14 15
ZONE N=15, E=16, F=FEPOINT, ET=TRIANGLE
-0.127294 -0.47125 0 0 0 0 
-0.105677 -0.445539 0 0 0 0 
-0.0840608 -0.419829 0 0 0 0 
-0.0624443 -0.394119 0 0 0 0 
-0.0408279 -0.368409 0 0 0 0 
-0.137542 -0.456165 0 0 0 0 
-0.115926 -0.430455 0 0 0 0 
-0.0943093 -0.404745 0 0 0 0 
-0.0726929 -0.379035 0 0 0 0 
-0.147791 -0.44108 0 0 0 0 
-0.126174 -0.41537 0 0 0 0 
-0.104558 -0.38966 0 0 0 0 
-0.158039 -0.425996 0 0 0 0 
-0.136423 -0.400286 0 0 0 0 
-0.168288 -0.410911 0 0 0 0 
1 2 6
2 7 6
2 3 7
3 8 7
3 4 8
4 9 8
4 5 9
6 7 10
7 11 10
7 8 11
8 12 11
8 9 12
10 11 13
11 14 13
11 12 14
13 14 15
ZONE N=15, E=16, F=FEPOINT, ET=TRIANGLE
0.0888495 -0.296071 0 0 0 0 
0.0846882 -0.322151 0 0 0 0 
0.0805269 -0.348232 0 0 0 0 
0.0763656 -0.374313 0 0 0 0 
0.0722043 -0.400394 0 0 0 0 
0.103158 -0.316568 0 0 0 0 
0.0989964 -0.342648 0 0 0 0 
0.0948351 -0.368729 0 0 0 0 
0.0906738 -0.39481 0 0 0 0 
0.117466 -0.337065 0 0 0 0 
0.113305 -0.363145 0 0 0 0 
0.109143 -0.389226 0 0 0 0 
0.131774 -0.357562 0 0 0 0 
0.127613 -0.383642 0 0 0 0 
0.146082 -0.378059 0 0 0 0 
1 2 6
2 7 6
2 3 7
3 8 7
3 4 8
4 9 8
4 5 9
6 7 10
7 11 10
7 8 11
8 12 11
8 9 12
10 11 13
11 14 13
11 12 14
13 14 15
ZONE N=15, E=16, F=FEPOINT, ET=TRIANGLE
-0.0355861 -0.174301 0 0 0 0 
-0.0165488 -0.155492 0 0 0 0 
0.00248845 -0.136683 0 0 0 0 
0.0215257 -0.117874 0 0 0 0 
0.040563 -0.0990647 0 0 0 0 
-0.0423146 -0.148258 0 0 0 0 
-0.0232773 -0.129449 0 0 0 0 
-0.00424003 -0.11064 0 0 0 0 
0.0147972 -0.0918311 0 0 0 0 
-0.049043 -0.122216 0 0 0 0 
-0.0300058 -0.103407 0 0 0 0 
-0.0109685 -0.0845976 0 0 0 0 
-0.0557715 -0.0961731 0 0 0 0 
-0.0367343 -0.077364 0 0 0 0 
-0.0625 -0.0701305 0 0 0 0 
1 2 6
2 7 6
2 3 7
3 8 7
3 4 8
4 9 8
4 5 9
6 7 10
7 11 10
7 8 11
8 12 11
8 9 12
10 11 13
11 14 13
11 12 14
13 14 15
ZONE N=15, E=16, F=FEPOINT, ET=TRIANGLE
0.0625 0 0 0 0 0 
0.0546875 0.0140299 0 0 0 0 
0.046875 0.0280598 0 0 0 0 
0.0390625 0.0420897 0 0 0 0 
0.03125 0.0561197 0 0 0 0 
0.046875 0 0 0 0 0 
0.0390625 0.0140299 0 0 0 0 
0.03125 0.0280598 0 0 0 0 
0.0234375 0.0420897 0 0 0 0 
0.03125 0 0 0 0 0 
0.0234375 0.0140299 0 0 0 0 
0.015625 0.0280598 0 0 0 0 
0.015625 0 0 0 0 0 
0.0078125 0.0140299 0 0 0 0 
3.33067e-16 0 0 0 0 0 
1 2 6
2 7 6
2 3 7
3 8 7
3 4 8
4 9 8
4 5 9
6 7 10
7 11 10
7 8 11
8 12 11
8 9 12
10 11 13
11 14 13
11 12 14
13 14 15
ZONE N=15, E=16, F=FEPOINT, ET=TRIANGLE
0.186192 0.542725 0 0 0 0 
0.169792 0.537488 0 0 0 0 
0.153392 0.532251 0 0 0 0 
0.136993 0.527014 0 0 0 0 
0.120593 0.521777 0 0 0 0 
0.187656 0.525572 0 0 0 0 
0.171256 0.520335 0 0 0 0 
0.154856 0.515098 0 0 0 0 
0.138456 0.509861 0 0 0 0 
0.189119 0.508418 0 0 0 0 
0.17272 0.503181 0 0 0 0 
0.15632 0.497945 0 0 0 0 
0.190583 0.491265 0 0 0 0 
0.174183 0.486028 0 0 0 0 
0.192047 0.474112 0 0 0 0 
1 2 6
2 7 6
2 3 7
3 8 7
3 4 8
4 9 8
4 5 9
6 7 10
7 11 10
7 8 11
8 12 11
8 9 12
10 11 13
11 14 13
11 12 14
13 14 15
ZONE N=15, E=16, F=FEPOINT, ET=TRIANGLE
0.028972 0.231974 0 0 0 0 
0.00490613 0.217193 0 0 0 0 
-0.0191598 0.202412 0 0 0 0 
-0.0432257 0.18763 0 0 0 0 
-0.0672916 0.172849 0 0 0 0 
0.0203865 0.205068 0 0 0 0 
-0.00367937 0.190287 0 0 0 0 
-0.0277453 0.175505 0 0 0 0 
-0.0518112 0.160724 0 0 0 0 
0.011801 0.178162 0 0 0 0 
-0.0122649 0.16338 0 0 0 0 
-0.0363308 0.148599 0 0 0 0 
0.00321553 0.151256 0 0 0 0 
-0.0208504 0.136474 0 0 0 0 
-0.00536997 0.124349 0 0 0 0 
1 2 6
2 7 6
2 3 7
3 8 7
3 4 8
4 9 8
4 5 9
6 7 10
7 11 10
7 8 11
8 12 11
8 9 12
10 11 13
11 14 13
11 12 14
13 14 15
ZONE N=15, E=16, F=FEPOINT, ET=TRIANGLE
-0.261749 0.377456 0 0 0 0 
-0.261794 0.358408 0 0 0 0 
-0.261838 0.33936 0 0 0 0 
-0.261883 0.320313 0 0 0 0 
-0.261927 0.301265 0 0 0 0 
-0.243947 0.36789 0 0 0 0 
-0.243992 0.348843 0 0 0 0 
-0.244036 0.329795 0 0 0 0 
-0.244081 0.310747 0 0 0 0 
-0.226145 0.358325 0 0 0 0 
-0.22619 0.339277 0 0 0 0 
-0.226234 0.320229 0 0 0 0 
-0.208343 0.348759 0 0 0 0 
-0.208388 0.329712 0 0 0 0 
-0.190541 0.339194 0 0 0 0 
1 2 6
2 7 6
2 3 7
3 8 7
3 4 8
4 9 8
4 5 9
6 7 10
7 11 10
7 8 11
8 12 11
8 9 12
10 11 13
11 14 13
11 12 14
13 14 15
ZONE N=15, E=16, F=FEPOINT, ET=TRIANGLE
-0.2073 0.753128 0 0 0 0 
-0.215431 0.732757 0 0 0 0 
-0.223562 0.712386 0 0 0 0 
-0.231693 0.692015 0 0 0 0 
-0.239823 0.671644 0 0 0 0 
-0.194746 0.736309 0 0 0 0 
-0.202877 0.715938 0 0 0 0 
-0.211008 0.695567 0 0 0 0 
-0.219138 0.675196 0 0 0 0 
-0.182192 0.71949 0 0 0 0 
-0.190323 0.699119 0 0 0 0 
-0.198453 0.678748 0 0 0 0 
-0.169638 0.702671 0 0 0 0 
-0.177769 0.6823 0 0 0 0 
-0.157084 0.685852 0 0 0 0 
1 2 6
2 7 6
2 3 7
3 8 7
3 4 8
4 9 8
4 5 9
6 7 10
7 11 10
7 8 11
8 12 11
8 9 12
10 11 13
11 14 13
11 12 14
13 14 15
ZONE N=15, E=16, F=FEPOINT, ET=TRIANGLE
-0.153712 0.862983 0 0 0 0 
-0.165545 0.851756 0 0 0 0 
-0.177378 0.840528 0 0 0 0 
-0.189211 0.829301 0 0 0 0 
-0.201043 0.818074 0 0 0 0 
-0.14711 0.837352 0 0 0 0 
-0.158943 0.826125 0 0 0 0 
-0.170776 0.814897 0 0 0 0 
-0.182609 0.80367 0 0 0 0 
-0.140509 0.811721 0 0 0 0 
-0.152342 0.800494 0 0 0 0 
-0.164174 0.789266 0 0 0 0 
-0.133907 0.78609 0 0 0 0 
-0.14574 0.774863 0 0 0 0 
-0.127305 0.760459 0 0 0 0 
1 2 6
2 7 6
2 3 7
3 8 7
3 4 8
4 9 8
4 5 9
6 7 10
7 11 10
7 8 11
8 12 11
8 9 12
10 11 13
11 14 13
11 12 14
13 14 15
ZONE N=15, E=16, F=FEPOINT, ET=TRIANGLE
0.120244 0.272674 0 0 0 0 
0.107301 0.294044 0 0 0 0 
0.0943582 0.315414 0 0 0 0 
0.0814156 0.336784 0 0 0 0 
0.0684729 0.358154 0 0 0 0 
0.0964008 0.280138 0 0 0 0 
0.0834581 0.301508 0 0 0 0 
0.0705155 0.322878 0 0 0 0 
0.0575728 0.344248 0 0 0 0 
0.072558 0.287602 0 0 0 0 
0.0596153 0.308972 0 0 0 0 
0.0466727 0.330342 0 0 0 0 
0.0487152 0.295066 0 0 0 0 
0.0357726 0.316436 0 0 0 0 
0.0248725 0.30253 0 0 0 0 
1 2 6
2 7 6
2 3 7
3 8 7
3 4 8
4 9 8
4 5 9
6 7 10
7 11 10
7 8 11
8 12 11
8 9 12
10 11 13
11 14 13
11 12 14
13 14 15
ZONE N=15, E=16, F=FEPOINT, ET=TRIANGLE
0.120244 0.272674 0 0 0 0 
0.0974257 0.262499 0 0 0 0 
0.0746078 0.252324 0 0 0 0 
0.0517899 0.242149 0 0 0 0 
0.028972 0.231974 0 0 0 0 
0.1139 0.256228 0 0 0 0 
0.091082 0.246053 0 0 0 0 
0.0682641 0.235878 0 0 0 0 
0.0454462 0.225703 0 0 0 0 
0.107556 0.239782 0 0 0 0 
0.0847382 0.229607 0 0 0 0 
0.0619203 0.219432 0 0 0 0 
0.101212 0.223336 0 0 0 0 
0.0783944 0.21316 0 0 0 0 
0.0948685 0.206889 0 0 0 0 
1 2 6
2 7 6
2 3 7
3 8 7
3 4 8
4 9 8
4 5 9
6 7 10
7 11 10
7 8 11
8 12 11
8 9 12
10 11 13
11 14 13
11 12 14
13 14 15
ZONE N=15, E=16, F=FEPOINT, ET=TRIANGLE
0.12347 0.625955 0 0 0 0 
0.139688 0.636722 0 0 0 0 
0.155907 0.64749 0 0 0 0 
0.172125 0.658257 0 0 0 0 
0.188343 0.669024 0 0 0 0 
0.117556 0.652461 0 0 0 0 
0.133774 0.663228 0 0 0 0 
0.149992 0.673996 0 0 0 0 
0.16621 0.684763 0 0 0 0 
0.111642 0.678967 0 0 0 0 
0.12786 0.689734 0 0 0 0 
0.144078 0.700502 0 0 0 0 
0.105727 0.705473 0 0 0 0 
0.121946 0.71624 0 0 0 0 
0.0998131 0.731979 0 0 0 0 
1 2 6
2 7 6
2 3 7
3 8 7
3 4 8
4 9 8
4 5 9
6 7 10
7 11 10
7 8 11
8 12 11
8 9 12
10 11 13
11 14 13
11 12 14
13 14 15
ZONE N=15, E=16, F=FEPOINT, ET=TRIANGLE
-0.0672916 0.172849 0 0 0 0 
-0.0717804 0.188872 0 0 0 0 
-0.0762692 0.204894 0 0 0 0 
-0.080758 0.220917 0 0 0 0 
-0.0852468 0.236939 0 0 0 0 
-0.0894726 0.167891 0 0 0 0 
-0.0939614 0.183914 0 0 0 0 
-0.0984502 0.199936 0 0 0 0 
-0.102939 0.215959 0 0 0 0 
-0.111654 0.162933 0 0 0 0 
-0.116142 0.178956 0 0 0 0 
-0.120631 0.194978 0 0 0 0 
-0.133835 0.157975 0 0 0 0 
-0.138323 0.173998 0 0 0 0 
-0.156016 0.153018 0 0 0 0 
1 2 6
2 7 6
2 3 7
3 8 7
3 4 8
4 9 8
4 5 9
6 7 10
7 11 10
7 8 11
8 12 11
8 9 12
10 11 13
11 14 13
11 12 14
13 14 15
ZONE N=15, E=16, F=FEPOINT, ET=TRIANGLE
-0.190541 0.339194 0 0 0 0 
-0.188026 0.309556 0 0 0 0 
-0.18551 0.279919 0 0 0 0 
-0.182995 0.250282 0 0 0 0 
-0.180479 0.220645 0 0 0 0 
-0.177263 0.323958 0 0 0 0 
-0.174748 0.294321 0 0 0 0 
-0.172232 0.264684 0 0 0 0 
-0.169717 0.235047 0 0 0 0 
-0.163985 0.308723 0 0 0 0 
-0.16147 0.279086 0 0 0 0 
-0.158955 0.249449 0 0 0 0 
-0.150708 0.293488 0 0 0 0 
-0.148192 0.263851 0 0 0 0 
-0.13743 0.278253 0 0 0 0 
1 2 6
2 7 6
2 3 7
3 8 7
3 4 8
4 9 8
4 5 9
6 7 10
7 11 10
7 8 11
8 12 11
8 9 12
10 11 13
11 14 13
11 12 14
13 14 15
ZONE N=15, E=16, F=FEPOINT, ET=TRIANGLE
-0.162993 0.616607 0 0 0 0 
-0.147726 0.608313 0 0 0 0 
-0.13246 0.600019 0 0 0 0 
-0.117193 0.591725 0 0 0 0 
-0.101927 0.58343 0 0 0 0 
-0.142023 0.626139 0 0 0 0 
-0.126756 0.617844 0 0 0 0 
-0.11149 0.60955 0 0 0 0 
-0.0962235 0.601256 0 0 0 0 
-0.121053 0.63567 0 0 0 0 
-0.105787 0.627375 0 0 0 0 
-0.0905204 0.619081 0 0 0 0 
-0.100084 0.645201 0 0 0 0 
-0.0848173 0.636907 0 0 0 0 
-0.0791142 0.654732 0 0 0 0 
1 2 6
2 7 6
2 3 7
3 8 7
3 4 8
4 9 8
4 5 9
6 7 10
7 11 10
7 8 11
8 12 11
8 9 12
10 11 13
11 14 13
11 12 14
13 14 15
ZONE N=15, E=16, F=FEPOINT, ET=TRIANGLE
-0.287561 0.73793 0 0 0 0 
-0.267496 0.74173 0 0 0 0 
-0.247431 0.745529 0 0 0 0 
-0.227366 0.749328 0 0 0 0 
-0.2073 0.753128 0 0 0 0 
-0.281731 0.762023 0 0 0 0 
-0.261666 0.765822 0 0 0 0 
-0.2416 0.769622 0 0 0 0 
-0.221535 0.773421 0 0 0 0 
-0.2759 0.786116 0 0 0 0 
-0.255835 0.789915 0 0 0 0 
-0.23577 0.793714 0 0 0 0 
-0.27007 0.810208 0 0 0 0 
-0.250005 0.814008 0 0 0 0 
-0.26424 0.834301 0 0 0 0 
1 2 6
2 7 6
2 3 7
3 8 7
3 4 8
4 9 8
4 5 9
6 7 10
7 11 10
7 8 11
8 12 11
8 9 12
10 11 13
11 14 13
11 12 14
13 14 15
ZONE N=15, E=16, F=FEPOINT, ET=TRIANGLE
-0.14344 0.444393 0 0 0 0 
-0.167601 0.44592 0 0 0 0 
-0.191763 0.447448 0 0 0 0 
-0.215924 0.448975 0 0 0 0 
-0.240085 0.450502 0 0 0 0 
-0.156205 0.434323 0 0 0 0 
-0.180367 0.43585 0 0 0 0 
-0.204528 0.437377 0 0 0 0 
-0.22869 0.438904 0 0 0 0 
-0.168971 0.424252 0 0 0 0 
-0.193132 0.425779 0 0 0 0 
-0.217294 0.427306 0 0 0 0 
-0.181736 0.414182 0 0 0 0 
-0.205898 0.415709 0 0 0 0 
-0.194502 0.404111 0 0 0 0 
1 2 6
2 7 6
2 3 7
3 8 7
3 4 8
4 9 8
4 5 9
6 7 10
7 11 10
7 8 11
8 12 11
8 9 12
10 11 13
11 14 13
11 12 14
13 14 15
ZONE N=15, E=16, F=FEPOINT, ET=TRIANGLE
-0.101927 0.58343 0 0 0 0 
-0.123353 0.565773 0 0 0 0 
-0.144779 0.548116 0 0 0 0 
-0.166206 0.530458 0 0 0 0 
-0.187632 0.512801 0 0 0 0 
-0.105651 0.565089 0 0 0 0 
-0.127077 0.547432 0 0 0 0 
-0.148504 0.529775 0 0 0 0 
-0.16993 0.512117 0 0 0 0 
-0.109375 0.546748 0 0 0 0 
-0.130802 0.529091 0 0 0 0 
-0.152228 0.511433 0 0 0 0 
-0.1131 0.528407 0 0 0 0 
-0.134526 0.510749 0 0 0 0 
-0.116824 0.510065 0 0 0 0 
1 2 6
2 7 6
2 3 7
3 8 7
3 4 8
4 9 8
4 5 9
6 7 10
7 11 10
7 8 11
8 12 11
8 9 12
10 11 13
11 14 13
11 12 14
13 14 15
ZONE N=15, E=16, F=FEPOINT, ET=TRIANGLE
-0.363428 0.768211 0 0 0 0 
-0.363204 0.787995 0 0 0 0 
-0.362979 0.807779 0 0 0 0 
-0.362755 0.827563 0 0 0 0 
-0.36253 0.847347 0 0 0 0 
-0.390923 0.775232 0 0 0 0 
-0.390699 0.795016 0 0 0 0 
-0.390474 0.8148 0 0 0 0 
-0.39025 0.834584 0 0 0 0 
-0.418418 0.782252 0 0 0 0 
-0.418194 0.802036 0 0 0 0 
-0.417969 0.82182 0 0 0 0 
-0.445913 0.789273 0 0 0 0 
-0.445688 0.809057 0 0 0 0 
-0.473408 0.796293 0 0 0 0 
1 2 6
2 7 6
2 3 7
3 8 7
3 4 8
4 9 8
4 5 9
6 7 10
7 11 10
7 8 11
8 12 11
8 9 12
10 11 13
11 14 13
11 12 14
13 14 15
ZONE N=15, E=16, F=FEPOINT, ET=TRIANGLE
-0.401653 0.613646 0 0 0 0 
-0.378772 0.615026 0 0 0 0 
-0.355892 0.616405 0 0 0 0 
-0.333011 0.617785 0 0 0 0 
-0.310131 0.619164 0 0 0 0 
-0.391252 0.631576 0 0 0 0 
-0.368372 0.632956 0 0 0 0 
-0.345491 0.634335 0 0 0 0 
-0.32261 0.635715 0 0 0 0 
-0.380851 0.649506 0 0 0 0 
-0.357971 0.650886 0 0 0 0 
-0.33509 0.652266 0 0 0 0 
-0.37045 0.667437 0 0 0 0 
-0.34757 0.668816 0 0 0 0 
-0.36005 0.685367 0 0 0 0 
1 2 6
2 7 6
2 3 7
3 8 7
3 4 8
4 9 8
4 5 9
6 7 10
7 11 10
7 8 11
8 12 11
8 9 12
10 11 13
11 14 13
11 12 14
13 14 15
ZONE N=15, E=16, F=FEPOINT, ET=TRIANGLE
-0.224975 0.585176 0 0 0 0 
-0.209479 0.593034 0 0 0 0 
-0.193984 0.600892 0 0 0 0 
-0.178488 0.608749 0 0 0 0 
-0.162993 0.616607 0 0 0 0 
-0.228687 0.606793 0 0 0 0 
-0.213191 0.614651 0 0 0 0 
-0.197696 0.622509 0 0 0 0 
-0.1822 0.630367 0 0 0 0 
-0.232399 0.62841 0 0 0 0 
-0.216904 0.636268 0 0 0 0 
-0.201408 0.644126 0 0 0 0 
-0.236111 0.650027 0 0 0 0 
-0.220616 0.657885 0 0 0 0 
-0.239823 0.671644 0 0 0 0 
1 2 6
2 7 6
2 3 7
3 8 7
3 4 8
4 9 8
4 5 9
6 7 10
7 11 10
7 8 11
8 12 11
8 9 12
10 11 13
11 14 13
11 12 14
13 14 15
ZONE N=15, E=16, F=FEPOINT, ET=TRIANGLE
-0.157084 0.685852 0 0 0 0 
-0.133257 0.696009 0 0 0 0 
-0.109431 0.706166 0 0 0 0 
-0.0856045 0.716323 0 0 0 0 
-0.0617781 0.726481 0 0 0 0 
-0.149639 0.704504 0 0 0 0 
-0.125813 0.714661 0 0 0 0 
-0.101986 0.724818 0 0 0 0 
-0.0781599 0.734975 0 0 0 0 
-0.142195 0.723156 0 0 0 0 
-0.118368 0.733313 0 0 0 0 
-0.0945418 0.74347 0 0 0 0 
-0.13475 0.741808 0 0 0 0 
-0.110924 0.751965 0 0 0 0 
-0.127305 0.760459 0 0 0 0 
1 2 6
2 7 6
2 3 7
3 8 7
3 4 8
4 9 8
4 5 9
6 7 10
7 11 10
7 8 11
8 12 11
8 9 12
10 11 13
11 14 13
11 12 14
13 14 15
ZONE N=15, E=16, F=FEPOINT, ET=TRIANGLE
-0.290285 0.95694 0 0 0 0 
-0.294699 0.938163 0 0 0 0 
-0.299114 0.919385 0 0 0 0 
-0.303528 0.900607 0 0 0 0 
-0.307942 0.881829 0 0 0 0 
-0.272207 0.938533 0 0 0 0 
-0.276621 0.919756 0 0 0 0 
-0.281036 0.900978 0 0 0 0 
-0.28545 0.8822 0 0 0 0 
-0.254129 0.920127 0 0 0 0 
-0.258543 0.901349 0 0 0 0 
-0.262958 0.882571 0 0 0 0 
-0.236051 0.90172 0 0 0 0 
-0.240465 0.882942 0 0 0 0 
-0.217973 0.883313 0 0 0 0 
1 2 6
2 7 6
2 3 7
3 8 7
3 4 8
4 9 8
4 5 9
6 7 10
7 11 10
7 8 11
8 12 11
8 9 12
10 11 13
11 14 13
11 12 14
13 14 15
ZONE N=15, E=16, F=FEPOINT, ET=TRIANGLE
-0.36005 0.685367 0 0 0 0 
-0.341928 0.698508 0 0 0 0 
-0.323805 0.711649 0 0 0 0 
-0.305683 0.724789 0 0 0 0 
-0.287561 0.73793 0 0 0 0 
-0.360894 0.706078 0 0 0 0 
-0.342772 0.719219 0 0 0 0 
-0.32465 0.73236 0 0 0 0 
-0.306528 0.745501 0 0 0 0 
-0.361739 0.726789 0 0 0 0 
-0.343617 0.73993 0 0 0 0 
-0.325495 0.753071 0 0 0 0 
-0.362583 0.7475 0 0 0 0 
-0.344461 0.760641 0 0 0 0 
-0.363428 0.768211 0 0 0 0 
1 2 6
2 7 6
2 3 7
3 8 7
3 4 8
4 9 8
4 5 9
6 7 10
7 11 10
7 8 11
8 12 11
8 9 12
10 11 13
11 14 13
11 12 14
13 14 15
ZONE N=15, E=16, F=FEPOINT, ET=TRIANGLE
0.120593 0.521777 0 0 0 0 
0.136993 0.527014 0 0 0 0 
0.153392 0.532251 0 0 0 0 
0.169792 0.537488 0 0 0 0 
0.186192 0.542725 0 0 0 0 
0.121312 0.547822 0 0 0 0 
0.137712 0.553059 0 0 0 0 
0.154112 0.558296 0 0 0 0 
0.170512 0.563532 0 0 0 0 
0.122032 0.573866 0 0 0 0 
0.138431 0.579103 0 0 0 0 
0.154831 0.58434 0 0 0 0 
0.122751 0.59991 0 0 0 0 
0.139151 0.605147 0 0 0 0 
0.12347 0.625955 0 0 0 0 
1 2 6
2 7 6
2 3 7
3 8 7
3 4 8
4 9 8
4 5 9
6 7 10
7 11 10
7 8 11
8 12 11
8 9 12
10 11 13
11 14 13
11 12 14
13 14 15
ZONE N=15, E=16, F=FEPOINT, ET=TRIANGLE
-0.36253 0.847347 0 0 0 0 
-0.362755 0.827563 0 0 0 0 
-0.362979 0.807779 0 0 0 0 
-0.363204 0.787995 0 0 0 0 
-0.363428 0.768211 0 0 0 0 
-0.337958 0.844086 0 0 0 0 
-0.338182 0.824302 0 0 0 0 
-0.338407 0.804518 0 0 0 0 
-0.338631 0.784734 0 0 0 0 
-0.313385 0.840824 0 0 0 0 
-0.31361 0.82104 0 0 0 0 
-0.313834 0.801256 0 0 0 0 
-0.288812 0.837563 0 0 0 0 
-0.289037 0.817779 0 0 0 0 
-0.26424 0.834301 0 0 0 0 
1 2 6
2 7 6
2 3 7
3 8 7
3 4 8
4 9 8
4 5 9
6 7 10
7 11 10
7 8 11
8 12 11
8 9 12
10 11 13
11 14 13
11 12 14
13 14 15
ZONE N=15, E=16, F=FEPOINT, ET=TRIANGLE
-0.217973 0.883313 0 0 0 0 
-0.22954 0.87106 0 0 0 0 
-0.241106 0.858807 0 0 0 0 
-0.252673 0.846554 0 0 0 0 
-0.26424 0.834301 0 0 0 0 
-0.213741 0.867003 0 0 0 0 
-0.225307 0.85475 0 0 0 0 
-0.236874 0.842497 0 0 0 0 
-0.248441 0.830244 0 0 0 0 
-0.209508 0.850693 0 0 0 0 
-0.221075 0.83844 0 0 0 0 
-0.232642 0.826187 0 0 0 0 
-0.205276 0.834383 0 0 0 0 
-0.216843 0.82213 0 0 0 0 
-0.201043 0.818074 0 0 0 0 
1 2 6
2 7 6
2 3 7
3 8 7
3 4 8
4 9 8
4 5 9
6 7 10
7 11 10
7 8 11
8 12 11
8 9 12
10 11 13
11 14 13
11 12 14
13 14 15
ZONE N=15, E=16, F=FEPOINT, ET=TRIANGLE
-0.134638 0.926869 0 0 0 0 
-0.125483 0.943948 0 0 0 0 
-0.116327 0.961027 0 0 0 0 
-0.107172 0.978106 0 0 0 0 
-0.0980171 0.995185 0 0 0 0 
-0.149751 0.940348 0 0 0 0 
-0.140596 0.957427 0 0 0 0 
-0.131441 0.974506 0 0 0 0 
-0.122285 0.991585 0 0 0 0 
-0.164864 0.953827 0 0 0 0 
-0.155709 0.970906 0 0 0 0 
-0.146554 0.987985 0 0 0 0 
-0.179977 0.967306 0 0 0 0 
-0.170822 0.984385 0 0 0 0 
-0.19509 0.980785 0 0 0 0 
1 2 6
2 7 6
2 3 7
3 8 7
3 4 8
4 9 8
4 5 9
6 7 10
7 11 10
7 8 11
8 12 11
8 9 12
10 11 13
11 14 13
11 12 14
13 14 15
ZONE N=15, E=16, F=FEPOINT, ET=TRIANGLE
-0.307942 0.881829 0 0 0 0 
-0.326628 0.892342 0 0 0 0 
-0.345313 0.902854 0 0 0 0 
-0.363998 0.913367 0 0 0 0 
-0.382683 0.92388 0 0 0 0 
-0.321589 0.873209 0 0 0 0 
-0.340275 0.883721 0 0 0 0 
-0.35896 0.894234 0 0 0 0 
-0.377645 0.904747 0 0 0 0 
-0.335236 0.864588 0 0 0 0 
-0.353922 0.875101 0 0 0 0 
-0.372607 0.885613 0 0 0 0 
-0.348883 0.855968 0 0 0 0 
-0.367569 0.86648 0 0 0 0 
-0.36253 0.847347 0 0 0 0 
1 2 6
2 7 6
2 3 7
3 8 7
3 4 8
4 9 8
4 5 9
6 7 10
7 11 10
7 8 11
8 12 11
8 9 12
10 11 13
11 14 13
11 12 14
13 14 15
ZONE N=15, E=16, F=FEPOINT, ET=TRIANGLE
-0.0791142 0.654732 0 0 0 0 
-0.0747802 0.672669 0 0 0 0 
-0.0704461 0.690606 0 0 0 0 
-0.0661121 0.708543 0 0 0 0 
-0.0617781 0.726481 0 0 0 0 
-0.0986066 0.662512 0 0 0 0 
-0.0942725 0.680449 0 0 0 0 
-0.0899385 0.698386 0 0 0 0 
-0.0856045 0.716323 0 0 0 0 
-0.118099 0.670292 0 0 0 0 
-0.113765 0.688229 0 0 0 0 
-0.109431 0.706166 0 0 0 0 
-0.137591 0.678072 0 0 0 0 
-0.133257 0.696009 0 0 0 0 
-0.157084 0.685852 0 0 0 0 
1 2 6
2 7 6
2 3 7
3 8 7
3 4 8
4 9 8
4 5 9
6 7 10
7 11 10
7 8 11
8 12 11
8 9 12
10 11 13
11 14 13
11 12 14
13 14 15
ZONE N=15, E=16, F=FEPOINT, ET=TRIANGLE
-0.0629312 0.80851 0 0 0 0 
-0.0856265 0.822129 0 0 0 0 
-0.108322 0.835747 0 0 0 0 
-0.131017 0.849365 0 0 0 0 
-0.153712 0.862983 0 0 0 0 
-0.0790248 0.796498 0 0 0 0 
-0.10172 0.810116 0 0 0 0 
-0.124415 0.823734 0 0 0 0 
-0.14711 0.837352 0 0 0 0 
-0.0951183 0.784485 0 0 0 0 
-0.117814 0.798103 0 0 0 0 
-0.140509 0.811721 0 0 0 0 
-0.111212 0.772472 0 0 0 0 
-0.133907 0.78609 0 0 0 0 
-0.127305 0.760459 0 0 0 0 
1 2 6
2 7 6
2 3 7
3 8 7
3 4 8
4 9 8
4 5 9
6 7 10
7 11 10
7 8 11
8 12 11
8 9 12
10 11 13
11 14 13
11 12 14
13 14 15
ZONE N=15, E=16, F=FEPOINT, ET=TRIANGLE
-0.153712 0.862983 0 0 0 0 
-0.136198 0.866451 0 0 0 0 
-0.118683 0.86992 0 0 0 0 
-0.101169 0.873388 0 0 0 0 
-0.083654 0.876857 0 0 0 0 
-0.148943 0.878955 0 0 0 0 
-0.131429 0.882423 0 0 0 0 
-0.113914 0.885891 0 0 0 0 
-0.0963999 0.88936 0 0 0 0 
-0.144175 0.894926 0 0 0 0 
-0.12666 0.898395 0 0 0 0 
-0.109146 0.901863 0 0 0 0 
-0.139406 0.910898 0 0 0 0 
-0.121892 0.914366 0 0 0 0 
-0.134638 0.926869 0 0 0 0 
1 2 6
2 7 6
2 3 7
3 8 7
3 4 8
4 9 8
4 5 9
6 7 10
7 11 10
7 8 11
8 12 11
8 9 12
10 11 13
11 14 13
11 12 14
13 14 15
ZONE N=15, E=16, F=FEPOINT, ET=TRIANGLE
-0.2073 0.753128 0 0 0 0 
-0.205736 0.769364 0 0 0 0 
-0.204172 0.785601 0 0 0 0 
-0.202608 0.801837 0 0 0 0 
-0.201043 0.818074 0 0 0 0 
-0.221535 0.773421 0 0 0 0 
-0.219971 0.789658 0 0 0 0 
-0.218407 0.805894 0 0 0 0 
-0.216843 0.82213 0 0 0 0 
-0.23577 0.793714 0 0 0 0 
-0.234206 0.809951 0 0 0 0 
-0.232642 0.826187 0 0 0 0 
-0.250005 0.814008 0 0 0 0 
-0.248441 0.830244 0 0 0 0 
-0.26424 0.834301 0 0 0 0 
1 2 6
2 7 6
2 3 7
3 8 7
3 4 8
4 9 8
4 5 9
6 7 10
7 11 10
7 8 11
8 12 11
8 9 12
10 11 13
11 14 13
11 12 14
13 14 15
ZONE N=15, E=16, F=FEPOINT, ET=TRIANGLE
-0.0355861 -0.174301 0 0 0 0 
-0.0423146 -0.148258 0 0 0 0 
-0.049043 -0.122216 0 0 0 0 
-0.0557715 -0.0961731 0 0 0 0 
-0.0625 -0.0701305 0 0 0 0 
-0.0492125 -0.163931 0 0 0 0 
-0.055941 -0.137888 0 0 0 0 
-0.0626695 -0.111846 0 0 0 0 
-0.069398 -0.0858032 0 0 0 0 
-0.062839 -0.153561 0 0 0 0 
-0.0695674 -0.127518 0 0 0 0 
-0.0762959 -0.101476 0 0 0 0 
-0.0764654 -0.143191 0 0 0 0 
-0.0831939 -0.117149 0 0 0 0 
-0.0900918 -0.132821 0 0 0 0 
1 2 6
2 7 6
2 3 7
3 8 7
3 4 8
4 9 8
4 5 9
6 7 10
7 11 10
7 8 11
8 12 11
8 9 12
10 11 13
11 14 13
11 12 14
13 14 15
ZONE N=15, E=16, F=FEPOINT, ET=TRIANGLE
-0.88085 -0.189976 0 0 0 0 
-0.899873 -0.215053 0 0 0 0 
-0.918895 -0.240131 0 0 0 0 
-0.937918 -0.265208 0 0 0 0 
-0.95694 -0.290285 0 0 0 0 
-0.866974 -0.199288 0 0 0 0 
-0.885997 -0.224365 0 0 0 0 
-0.905019 -0.249442 0 0 0 0 
-0.924042 -0.274519 0 0 0 0 
-0.853099 -0.208599 0 0 0 0 
-0.872121 -0.233676 0 0 0 0 
-0.891144 -0.258753 0 0 0 0 
-0.839223 -0.217911 0 0 0 0 
-0.858245 -0.242988 0 0 0 0 
-0.825347 -0.227222 0 0 0 0 
1 2 6
2 7 6
2 3 7
3 8 7
3 4 8
4 9 8
4 5 9
6 7 10
7 11 10
7 8 11
8 12 11
8 9 12
10 11 13
11 14 13
11 12 14
13 14 15
ZONE N=15, E=16, F=FEPOINT, ET=TRIANGLE
-0.310131 0.619164 0 0 0 0 
-0.304488 0.648856 0 0 0 0 
-0.298846 0.678547 0 0 0 0 
-0.293204 0.708239 0 0 0 0 
-0.287561 0.73793 0 0 0 0 
-0.32261 0.635715 0 0 0 0 
-0.316968 0.665406 0 0 0 0 
-0.311326 0.695098 0 0 0 0 
-0.305683 0.724789 0 0 0 0 
-0.33509 0.652266 0 0 0 0 
-0.329448 0.681957 0 0 0 0 
-0.323805 0.711649 0 0 0 0 
-0.34757 0.668816 0 0 0 0 
-0.341928 0.698508 0 0 0 0 
-0.36005 0.685367 0 0 0 0 
1 2 6
2 7 6
2 3 7
3 8 7
3 4 8
4 9 8
4 5 9
6 7 10
7 11 10
7 8 11
8 12 11
8 9 12
10 11 13
11 14 13
11 12 14
13 14 15
ZONE N=15, E=16, F=FEPOINT, ET=TRIANGLE
-0.36253 0.847347 0 0 0 0 
-0.389747 0.855991 0 0 0 0 
-0.416964 0.864634 0 0 0 0 
-0.44418 0.873278 0 0 0 0 
-0.471397 0.881921 0 0 0 0 
-0.39025 0.834584 0 0 0 0 
-0.417466 0.843227 0 0 0 0 
-0.444683 0.851871 0 0 0 0 
-0.4719 0.860514 0 0 0 0 
-0.417969 0.82182 0 0 0 0 
-0.445186 0.830464 0 0 0 0 
-0.472402 0.839107 0 0 0 0 
-0.445688 0.809057 0 0 0 0 
-0.472905 0.8177 0 0 0 0 
-0.473408 0.796293 0 0 0 0 
1 2 6
2 7 6
2 3 7
3 8 7
3 4 8
4 9 8
4 5 9
6 7 10
7 11 10
7 8 11
8 12 11
8 9 12
10 11 13
11 14 13
11 12 14
13 14 15
ZONE N=15, E=16, F=FEPOINT, ET=TRIANGLE
-0.663291 0.599881 0 0 0 0 
-0.654516 0.619108 0 0 0 0 
-0.645741 0.638335 0 0 0 0 
-0.636966 0.657562 0 0 0 0 
-0.628191 0.676789 0 0 0 0 
-0.674245 0.626688 0 0 0 0 
-0.66547 0.645915 0 0 0 0 
-0.656695 0.665142 0 0 0 0 
-0.64792 0.684369 0 0 0 0 
-0.685199 0.653494 0 0 0 0 
-0.676424 0.672721 0 0 0 0 
-0.667649 0.691948 0 0 0 0 
-0.696153 0.6803 0 0 0 0 
-0.687378 0.699527 0 0 0 0 
-0.707107 0.707107 0 0 0 0 
1 2 6
2 7 6
2 3 7
3 8 7
3 4 8
4 9 8
4 5 9
6 7 10
7 11 10
7 8 11
8 12 11
8 9 12
10 11 13
11 14 13
11 12 14
13 14 15
ZONE N=15, E=16, F=FEPOINT, ET=TRIANGLE
-0.472289 0.722281 0 0 0 0 
-0.45463 0.695122 0 0 0 0 
-0.436971 0.667964 0 0 0 0 
-0.419312 0.640805 0 0 0 0 
-0.401653 0.613646 0 0 0 0 
-0.444229 0.713052 0 0 0 0 
-0.42657 0.685894 0 0 0 0 
-0.408911 0.658735 0 0 0 0 
-0.391252 0.631576 0 0 0 0 
-0.416169 0.703824 0 0 0 0 
-0.39851 0.676665 0 0 0 0 
-0.380851 0.649506 0 0 0 0 
-0.388109 0.694595 0 0 0 0 
-0.37045 0.667437 0 0 0 0 
-0.36005 0.685367 0 0 0 0 
1 2 6
2 7 6
2 3 7
3 8 7
3 4 8
4 9 8
4 5 9
6 7 10
7 11 10
7 8 11
8 12 11
8 9 12
10 11 13
11 14 13
11 12 14
13 14 15
ZONE N=15, E=16, F=FEPOINT, ET=TRIANGLE
-0.00823862 -0.272164 0 0 0 0 
-0.035242 -0.265497 0 0 0 0 
-0.0622454 -0.25883 0 0 0 0 
-0.0892489 -0.252163 0 0 0 0 
-0.116252 -0.245496 0 0 0 0 
-0.0307678 -0.283901 0 0 0 0 
-0.0577712 -0.277234 0 0 0 0 
-0.0847746 -0.270567 0 0 0 0 
-0.111778 -0.2639 0 0 0 0 
-0.053297 -0.295638 0 0 0 0 
-0.0803004 -0.288971 0 0 0 0 
-0.107304 -0.282304 0 0 0 0 
-0.0758261 -0.307375 0 0 0 0 
-0.10283 -0.300708 0 0 0 0 
-0.0983553 -0.319112 0 0 0 0 
1 2 6
2 7 6
2 3 7
3 8 7
3 4 8
4 9 8
4 5 9
6 7 10
7 11 10
7 8 11
8 12 11
8 9 12
10 11 13
11 14 13
11 12 14
13 14 15
ZONE N=15, E=16, F=FEPOINT, ET=TRIANGLE
0.105403 -0.136585 0 0 0 0 
0.089193 -0.127205 0 0 0 0 
0.072983 -0.117825 0 0 0 0 
0.056773 -0.108445 0 0 0 0 
0.040563 -0.0990647 0 0 0 0 
0.0951072 -0.15223 0 0 0 0 
0.0788972 -0.14285 0 0 0 0 
0.0626872 -0.13347 0 0 0 0 
0.0464772 -0.124089 0 0 0 0 
0.0848115 -0.167874 0 0 0 0 
0.0686015 -0.158494 0 0 0 0 
0.0523915 -0.149114 0 0 0 0 
0.0745158 -0.183519 0 0 0 0 
0.0583058 -0.174139 0 0 0 0 
0.06422 -0.199163 0 0 0 0 
1 2 6
2 7 6
2 3 7
3 8 7
3 4 8
4 9 8
4 5 9
6 7 10
7 11 10
7 8 11
8 12 11
8 9 12
10 11 13
11 14 13
11 12 14
13 14 15
ZONE N=15, E=16, F=FEPOINT, ET=TRIANGLE
-0.881921 0.471397 0 0 0 0 
-0.864635 0.445121 0 0 0 0 
-0.847349 0.418845 0 0 0 0 
-0.830063 0.392569 0 0 0 0 
-0.812777 0.366293 0 0 0 0 
-0.860405 0.469788 0 0 0 0 
-0.843119 0.443512 0 0 0 0 
-0.825833 0.417236 0 0 0 0 
-0.808547 0.39096 0 0 0 0 
-0.838889 0.468179 0 0 0 0 
-0.821603 0.441903 0 0 0 0 
-0.804317 0.415627 0 0 0 0 
-0.817373 0.46657 0 0 0 0 
-0.800087 0.440294 0 0 0 0 
-0.795858 0.46496 0 0 0 0 
1 2 6
2 7 6
2 3 7
3 8 7
3 4 8
4 9 8
4 5 9
6 7 10
7 11 10
7 8 11
8 12 11
8 9 12
10 11 13
11 14 13
11 12 14
13 14 15
ZONE N=15, E=16, F=FEPOINT, ET=TRIANGLE
-0.261927 0.301265 0 0 0 0 
-0.27761 0.309567 0 0 0 0 
-0.293293 0.31787 0 0 0 0 
-0.308976 0.326172 0 0 0 0 
-0.324659 0.334474 0 0 0 0 
-0.287704 0.285631 0 0 0 0 
-0.303387 0.293933 0 0 0 0 
-0.31907 0.302236 0 0 0 0 
-0.334752 0.310538 0 0 0 0 
-0.31348 0.269997 0 0 0 0 
-0.329163 0.2783 0 0 0 0 
-0.344846 0.286602 0 0 0 0 
-0.339257 0.254363 0 0 0 0 
-0.35494 0.262666 0 0 0 0 
-0.365033 0.238729 0 0 0 0 
1 2 6
2 7 6
2 3 7
3 8 7
3 4 8
4 9 8
4 5 9
6 7 10
7 11 10
7 8 11
8 12 11
8 9 12
10 11 13
11 14 13
11 12 14
13 14 15
ZONE N=15, E=16, F=FEPOINT, ET=TRIANGLE
-0.368337 0.390423 0 0 0 0 
-0.386944 0.397998 0 0 0 0 
-0.40555 0.405573 0 0 0 0 
-0.424157 0.413149 0 0 0 0 
-0.442763 0.420724 0 0 0 0 
-0.374409 0.37132 0 0 0 0 
-0.393016 0.378895 0 0 0 0 
-0.411622 0.386471 0 0 0 0 
-0.430228 0.394046 0 0 0 0 
-0.380481 0.352217 0 0 0 0 
-0.399087 0.359792 0 0 0 0 
-0.417694 0.367368 0 0 0 0 
-0.386553 0.333114 0 0 0 0 
-0.405159 0.340689 0 0 0 0 
-0.392624 0.314011 0 0 0 0 
1 2 6
2 7 6
2 3 7
3 8 7
3 4 8
4 9 8
4 5 9
6 7 10
7 11 10
7 8 11
8 12 11
8 9 12
10 11 13
11 14 13
11 12 14
13 14 15
ZONE N=15, E=16, F=FEPOINT, ET=TRIANGLE
-0.261927 0.301265 0 0 0 0 
-0.261883 0.320313 0 0 0 0 
-0.261838 0.33936 0 0 0 0 
-0.261794 0.358408 0 0 0 0 
-0.261749 0.377456 0 0 0 0 
-0.27761 0.309567 0 0 0 0 
-0.277566 0.328615 0 0 0 0 
-0.277521 0.347663 0 0 0 0 
-0.277477 0.36671 0 0 0 0 
-0.293293 0.31787 0 0 0 0 
-0.293249 0.336917 0 0 0 0 
-0.293204 0.355965 0 0 0 0 
-0.308976 0.326172 0 0 0 0 
-0.308931 0.34522 0 0 0 0 
-0.324659 0.334474 0 0 0 0 
1 2 6
2 7 6
2 3 7
3 8 7
3 4 8
4 9 8
4 5 9
6 7 10
7 11 10
7 8 11
8 12 11
8 9 12
10 11 13
11 14 13
11 12 14
13 14 15
ZONE N=15, E=16, F=FEPOINT, ET=TRIANGLE
-0.324659 0.334474 0 0 0 0 
-0.335578 0.348461 0 0 0 0 
-0.346498 0.362448 0 0 0 0 
-0.357418 0.376436 0 0 0 0 
-0.368337 0.390423 0 0 0 0 
-0.34165 0.329358 0 0 0 0 
-0.35257 0.343346 0 0 0 0 
-0.36349 0.357333 0 0 0 0 
-0.374409 0.37132 0 0 0 0 
-0.358642 0.324243 0 0 0 0 
-0.369561 0.33823 0 0 0 0 
-0.380481 0.352217 0 0 0 0 
-0.375633 0.319127 0 0 0 0 
-0.386553 0.333114 0 0 0 0 
-0.392624 0.314011 0 0 0 0 
1 2 6
2 7 6
2 3 7
3 8 7
3 4 8
4 9 8
4 5 9
6 7 10
7 11 10
7 8 11
8 12 11
8 9 12
10 11 13
11 14 13
11 12 14
13 14 15
ZONE N=15, E=16, F=FEPOINT, ET=TRIANGLE
-0.190541 0.339194 0 0 0 0 
-0.208388 0.329712 0 0 0 0 
-0.226234 0.320229 0 0 0 0 
-0.244081 0.310747 0 0 0 0 
-0.261927 0.301265 0 0 0 0 
-0.188026 0.309556 0 0 0 0 
-0.205872 0.300074 0 0 0 0 
-0.223719 0.290592 0 0 0 0 
-0.241565 0.28111 0 0 0 0 
-0.18551 0.279919 0 0 0 0 
-0.203357 0.270437 0 0 0 0 
-0.221203 0.260955 0 0 0 0 
-0.182995 0.250282 0 0 0 0 
-0.200841 0.2408 0 0 0 0 
-0.180479 0.220645 0 0 0 0 
1 2 6
2 7 6
2 3 7
3 8 7
3 4 8
4 9 8
4 5 9
6 7 10
7 11 10
7 8 11
8 12 11
8 9 12
10 11 13
11 14 13
11 12 14
13 14 15
ZONE N=15, E=16, F=FEPOINT, ET=TRIANGLE
-0.31117 0.415777 0 0 0 0 
-0.293399 0.424459 0 0 0 0 
-0.275628 0.43314 0 0 0 0 
-0.257857 0.441821 0 0 0 0 
-0.240085 0.450502 0 0 0 0 
-0.310435 0.431395 0 0 0 0 
-0.292664 0.440076 0 0 0 0 
-0.274893 0.448757 0 0 0 0 
-0.257122 0.457438 0 0 0 0 
-0.3097 0.447012 0 0 0 0 
-0.291929 0.455693 0 0 0 0 
-0.274158 0.464374 0 0 0 0 
-0.308965 0.462629 0 0 0 0 
-0.291194 0.47131 0 0 0 0 
-0.30823 0.478246 0 0 0 0 
1 2 6
2 7 6
2 3 7
3 8 7
3 4 8
4 9 8
4 5 9
6 7 10
7 11 10
7 8 11
8 12 11
8 9 12
10 11 13
11 14 13
11 12 14
13 14 15
ZONE N=15, E=16, F=FEPOINT, ET=TRIANGLE
-0.114267 0.352054 0 0 0 0 
-0.133335 0.348839 0 0 0 0 
-0.152404 0.345624 0 0 0 0 
-0.171472 0.342409 0 0 0 0 
-0.190541 0.339194 0 0 0 0 
-0.120057 0.333603 0 0 0 0 
-0.139126 0.330388 0 0 0 0 
-0.158195 0.327173 0 0 0 0 
-0.177263 0.323958 0 0 0 0 
-0.125848 0.315153 0 0 0 0 
-0.144917 0.311938 0 0 0 0 
-0.163985 0.308723 0 0 0 0 
-0.131639 0.296703 0 0 0 0 
-0.150708 0.293488 0 0 0 0 
-0.13743 0.278253 0 0 0 0 
1 2 6
2 7 6
2 3 7
3 8 7
3 4 8
4 9 8
4 5 9
6 7 10
7 11 10
7 8 11
8 12 11
8 9 12
10 11 13
11 14 13
11 12 14
13 14 15
ZONE N=15, E=16, F=FEPOINT, ET=TRIANGLE
-0.194502 0.404111 0 0 0 0 
-0.211314 0.397447 0 0 0 0 
-0.228126 0.390783 0 0 0 0 
-0.244937 0.38412 0 0 0 0 
-0.261749 0.377456 0 0 0 0 
-0.193512 0.387882 0 0 0 0 
-0.210323 0.381218 0 0 0 0 
-0.227135 0.374554 0 0 0 0 
-0.243947 0.36789 0 0 0 0 
-0.192521 0.371652 0 0 0 0 
-0.209333 0.364989 0 0 0 0 
-0.226145 0.358325 0 0 0 0 
-0.191531 0.355423 0 0 0 0 
-0.208343 0.348759 0 0 0 0 
-0.190541 0.339194 0 0 0 0 
1 2 6
2 7 6
2 3 7
3 8 7
3 4 8
4 9 8
4 5 9
6 7 10
7 11 10
7 8 11
8 12 11
8 9 12
10 11 13
11 14 13
11 12 14
13 14 15
ZONE N=15, E=16, F=FEPOINT, ET=TRIANGLE
-0.0446212 0.289659 0 0 0 0 
-0.0474543 0.317963 0 0 0 0 
-0.0502874 0.346267 0 0 0 0 
-0.0531206 0.374571 0 0 0 0 
-0.0559537 0.402874 0 0 0 0 
-0.0620325 0.305258 0 0 0 0 
-0.0648657 0.333562 0 0 0 0 
-0.0676988 0.361865 0 0 0 0 
-0.0705319 0.390169 0 0 0 0 
-0.0794439 0.320857 0 0 0 0 
-0.0822771 0.34916 0 0 0 0 
-0.0851102 0.377464 0 0 0 0 
-0.0968553 0.336455 0 0 0 0 
-0.0996884 0.364759 0 0 0 0 
-0.114267 0.352054 0 0 0 0 
1 2 6
2 7 6
2 3 7
3 8 7
3 4 8
4 9 8
4 5 9
6 7 10
7 11 10
7 8 11
8 12 11
8 9 12
10 11 13
11 14 13
11 12 14
13 14 15
ZONE N=15, E=16, F=FEPOINT, ET=TRIANGLE
-0.0446212 0.289659 0 0 0 0 
-0.0272478 0.292877 0 0 0 0 
-0.00987435 0.296095 0 0 0 0 
0.00749905 0.299313 0 0 0 0 
0.0248725 0.30253 0 0 0 0 
-0.0474543 0.317963 0 0 0 0 
-0.0300809 0.321181 0 0 0 0 
-0.0127075 0.324399 0 0 0 0 
0.00466591 0.327616 0 0 0 0 
-0.0502874 0.346267 0 0 0 0 
-0.032914 0.349485 0 0 0 0 
-0.0155406 0.352702 0 0 0 0 
-0.0531206 0.374571 0 0 0 0 
-0.0357472 0.377788 0 0 0 0 
-0.0559537 0.402874 0 0 0 0 
1 2 6
2 7 6
2 3 7
3 8 7
3 4 8
4 9 8
4 5 9
6 7 10
7 11 10
7 8 11
8 12 11
8 9 12
10 11 13
11 14 13
11 12 14
13 14 15
ZONE N=15, E=16, F=FEPOINT, ET=TRIANGLE
-0.13743 0.278253 0 0 0 0 
-0.114228 0.281104 0 0 0 0 
-0.0910255 0.283956 0 0 0 0 
-0.0678233 0.286808 0 0 0 0 
-0.0446212 0.289659 0 0 0 0 
-0.131639 0.296703 0 0 0 0 
-0.108437 0.299555 0 0 0 0 
-0.0852347 0.302406 0 0 0 0 
-0.0620325 0.305258 0 0 0 0 
-0.125848 0.315153 0 0 0 0 
-0.102646 0.318005 0 0 0 0 
-0.0794439 0.320857 0 0 0 0 
-0.120057 0.333603 0 0 0 0 
-0.0968553 0.336455 0 0 0 0 
-0.114267 0.352054 0 0 0 0 
1 2 6
2 7 6
2 3 7
3 8 7
3 4 8
4 9 8
4 5 9
6 7 10
7 11 10
7 8 11
8 12 11
8 9 12
10 11 13
11 14 13
11 12 14
13 14 15
ZONE N=15, E=16, F=FEPOINT, ET=TRIANGLE
-0.14344 0.444393 0 0 0 0 
-0.136147 0.421308 0 0 0 0 
-0.128853 0.398223 0 0 0 0 
-0.12156 0.375139 0 0 0 0 
-0.114267 0.352054 0 0 0 0 
-0.121568 0.434014 0 0 0 0 
-0.114275 0.410929 0 0 0 0 
-0.106982 0.387844 0 0 0 0 
-0.0996884 0.364759 0 0 0 0 
-0.0996968 0.423634 0 0 0 0 
-0.0924035 0.400549 0 0 0 0 
-0.0851102 0.377464 0 0 0 0 
-0.0778253 0.413254 0 0 0 0 
-0.0705319 0.390169 0 0 0 0 
-0.0559537 0.402874 0 0 0 0 
1 2 6
2 7 6
2 3 7
3 8 7
3 4 8
4 9 8
4 5 9
6 7 10
7 11 10
7 8 11
8 12 11
8 9 12
10 11 13
11 14 13
11 12 14
13 14 15
ZONE N=15, E=16, F=FEPOINT, ET=TRIANGLE
-0.13743 0.278253 0 0 0 0 
-0.124384 0.267924 0 0 0 0 
-0.111338 0.257596 0 0 0 0 
-0.0982926 0.247267 0 0 0 0 
-0.0852468 0.236939 0 0 0 0 
-0.114228 0.281104 0 0 0 0 
-0.101182 0.270776 0 0 0 0 
-0.0881362 0.260447 0 0 0 0 
-0.0750904 0.250119 0 0 0 0 
-0.0910255 0.283956 0 0 0 0 
-0.0779797 0.273628 0 0 0 0 
-0.064934 0.263299 0 0 0 0 
-0.0678233 0.286808 0 0 0 0 
-0.0547776 0.276479 0 0 0 0 
-0.0446212 0.289659 0 0 0 0 
1 2 6
2 7 6
2 3 7
3 8 7
3 4 8
4 9 8
4 5 9
6 7 10
7 11 10
7 8 11
8 12 11
8 9 12
10 11 13
11 14 13
11 12 14
13 14 15
ZONE N=15, E=16, F=FEPOINT, ET=TRIANGLE
0.0248725 0.30253 0 0 0 0 
0.00749905 0.299313 0 0 0 0 
-0.00987435 0.296095 0 0 0 0 
-0.0272478 0.292877 0 0 0 0 
-0.0446212 0.289659 0 0 0 0 
0.0258973 0.284891 0 0 0 0 
0.00852394 0.281674 0 0 0 0 
-0.00884946 0.278456 0 0 0 0 
-0.0262229 0.275238 0 0 0 0 
0.0269222 0.267252 0 0 0 0 
0.00954884 0.264034 0 0 0 0 
-0.00782456 0.260817 0 0 0 0 
0.0279471 0.249613 0 0 0 0 
0.0105737 0.246395 0 0 0 0 
0.028972 0.231974 0 0 0 0 
1 2 6
2 7 6
2 3 7
3 8 7
3 4 8
4 9 8
4 5 9
6 7 10
7 11 10
7 8 11
8 12 11
8 9 12
10 11 13
11 14 13
11 12 14
13 14 15
ZONE N=15, E=16, F=FEPOINT, ET=TRIANGLE
-0.0318551 0.465565 0 0 0 0 
-0.0530973 0.47669 0 0 0 0 
-0.0743395 0.487815 0 0 0 0 
-0.0955816 0.49894 0 0 0 0 
-0.116824 0.510065 0 0 0 0 
-0.0597513 0.460272 0 0 0 0 
-0.0809935 0.471397 0 0 0 0 
-0.102236 0.482522 0 0 0 0 
-0.123478 0.493647 0 0 0 0 
-0.0876475 0.454979 0 0 0 0 
-0.10889 0.466104 0 0 0 0 
-0.130132 0.477229 0 0 0 0 
-0.115544 0.449686 0 0 0 0 
-0.136786 0.460811 0 0 0 0 
-0.14344 0.444393 0 0 0 0 
1 2 6
2 7 6
2 3 7
3 8 7
3 4 8
4 9 8
4 5 9
6 7 10
7 11 10
7 8 11
8 12 11
8 9 12
10 11 13
11 14 13
11 12 14
13 14 15
ZONE N=15, E=16, F=FEPOINT, ET=TRIANGLE
-0.224975 0.585176 0 0 0 0 
-0.23271 0.569729 0 0 0 0 
-0.240445 0.554283 0 0 0 0 
-0.24818 0.538836 0 0 0 0 
-0.255916 0.52339 0 0 0 0 
-0.215639 0.567082 0 0 0 0 
-0.223374 0.551636 0 0 0 0 
-0.23111 0.536189 0 0 0 0 
-0.238845 0.520743 0 0 0 0 
-0.206303 0.548988 0 0 0 0 
-0.214039 0.533542 0 0 0 0 
-0.221774 0.518096 0 0 0 0 
-0.196968 0.530895 0 0 0 0 
-0.204703 0.515448 0 0 0 0 
-0.187632 0.512801 0 0 0 0 
1 2 6
2 7 6
2 3 7
3 8 7
3 4 8
4 9 8
4 5 9
6 7 10
7 11 10
7 8 11
8 12 11
8 9 12
10 11 13
11 14 13
11 12 14
13 14 15
ZONE N=15, E=16, F=FEPOINT, ET=TRIANGLE
-0.13743 0.278253 0 0 0 0 
-0.148192 0.263851 0 0 0 0 
-0.158955 0.249449 0 0 0 0 
-0.169717 0.235047 0 0 0 0 
-0.180479 0.220645 0 0 0 0 
-0.124384 0.267924 0 0 0 0 
-0.135146 0.253522 0 0 0 0 
-0.145909 0.23912 0 0 0 0 
-0.156671 0.224718 0 0 0 0 
-0.111338 0.257596 0 0 0 0 
-0.122101 0.243194 0 0 0 0 
-0.132863 0.228792 0 0 0 0 
-0.0982926 0.247267 0 0 0 0 
-0.109055 0.232865 0 0 0 0 
-0.0852468 0.236939 0 0 0 0 
1 2 6
2 7 6
2 3 7
3 8 7
3 4 8
4 9 8
4 5 9
6 7 10
7 11 10
7 8 11
8 12 11
8 9 12
10 11 13
11 14 13
11 12 14
13 14 15
ZONE N=15, E=16, F=FEPOINT, ET=TRIANGLE
-0.0672916 0.172849 0 0 0 0 
-0.0432257 0.18763 0 0 0 0 
-0.0191598 0.202412 0 0 0 0 
0.00490613 0.217193 0 0 0 0 
0.028972 0.231974 0 0 0 0 
-0.0717804 0.188872 0 0 0 0 
-0.0477145 0.203653 0 0 0 0 
-0.0236486 0.218434 0 0 0 0 
0.00041732 0.233215 0 0 0 0 
-0.0762692 0.204894 0 0 0 0 
-0.0522033 0.219675 0 0 0 0 
-0.0281374 0.234456 0 0 0 0 
-0.080758 0.220917 0 0 0 0 
-0.0566921 0.235698 0 0 0 0 
-0.0852468 0.236939 0 0 0 0 
1 2 6
2 7 6
2 3 7
3 8 7
3 4 8
4 9 8
4 5 9
6 7 10
7 11 10
7 8 11
8 12 11
8 9 12
10 11 13
11 14 13
11 12 14
13 14 15
ZONE N=15, E=16, F=FEPOINT, ET=TRIANGLE
0.123585 0.142492 0 0 0 0 
0.116406 0.158592 0 0 0 0 
0.109227 0.174691 0 0 0 0 
0.102048 0.19079 0 0 0 0 
0.0948685 0.206889 0 0 0 0 
0.0913462 0.137957 0 0 0 0 
0.0841671 0.154056 0 0 0 0 
0.076988 0.170155 0 0 0 0 
0.0698089 0.186254 0 0 0 0 
0.0591075 0.133421 0 0 0 0 
0.0519284 0.14952 0 0 0 0 
0.0447493 0.165619 0 0 0 0 
0.0268687 0.128885 0 0 0 0 
0.0196897 0.144984 0 0 0 0 
-0.00536997 0.124349 0 0 0 0 
1 2 6
2 7 6
2 3 7
3 8 7
3 4 8
4 9 8
4 5 9
6 7 10
7 11 10
7 8 11
8 12 11
8 9 12
10 11 13
11 14 13
11 12 14
13 14 15
ZONE N=15, E=16, F=FEPOINT, ET=TRIANGLE
0.120593 0.521777 0 0 0 0 
0.0995657 0.536236 0 0 0 0 
0.0785386 0.550694 0 0 0 0 
0.0575116 0.565152 0 0 0 0 
0.0364845 0.57961 0 0 0 0 
0.0988166 0.511607 0 0 0 0 
0.0777896 0.526065 0 0 0 0 
0.0567625 0.540523 0 0 0 0 
0.0357355 0.554981 0 0 0 0 
0.0770405 0.501436 0 0 0 0 
0.0560135 0.515894 0 0 0 0 
0.0349864 0.530352 0 0 0 0 
0.0552644 0.491265 0 0 0 0 
0.0342374 0.505723 0 0 0 0 
0.0334883 0.481094 0 0 0 0 
1 2 6
2 7 6
2 3 7
3 8 7
3 4 8
4 9 8
4 5 9
6 7 10
7 11 10
7 8 11
8 12 11
8 9 12
10 11 13
11 14 13
11 12 14
13 14 15
ZONE N=15, E=16, F=FEPOINT, ET=TRIANGLE
-0.240085 0.450502 0 0 0 0 
-0.245501 0.43224 0 0 0 0 
-0.250917 0.413979 0 0 0 0 
-0.256333 0.395717 0 0 0 0 
-0.261749 0.377456 0 0 0 0 
-0.22869 0.438904 0 0 0 0 
-0.234105 0.420643 0 0 0 0 
-0.239521 0.402381 0 0 0 0 
-0.244937 0.38412 0 0 0 0 
-0.217294 0.427306 0 0 0 0 
-0.22271 0.409045 0 0 0 0 
-0.228126 0.390783 0 0 0 0 
-0.205898 0.415709 0 0 0 0 
-0.211314 0.397447 0 0 0 0 
-0.194502 0.404111 0 0 0 0 
1 2 6
2 7 6
2 3 7
3 8 7
3 4 8
4 9 8
4 5 9
6 7 10
7 11 10
7 8 11
8 12 11
8 9 12
10 11 13
11 14 13
11 12 14
13 14 15
ZONE N=15, E=16, F=FEPOINT, ET=TRIANGLE
-0.190541 0.339194 0 0 0 0 
-0.171472 0.342409 0 0 0 0 
-0.152404 0.345624 0 0 0 0 
-0.133335 0.348839 0 0 0 0 
-0.114267 0.352054 0 0 0 0 
-0.191531 0.355423 0 0 0 0 
-0.172463 0.358638 0 0 0 0 
-0.153394 0.361853 0 0 0 0 
-0.134325 0.365068 0 0 0 0 
-0.192521 0.371652 0 0 0 0 
-0.173453 0.374867 0 0 0 0 
-0.154384 0.378082 0 0 0 0 
-0.193512 0.387882 0 0 0 0 
-0.174443 0.391097 0 0 0 0 
-0.194502 0.404111 0 0 0 0 
1 2 6
2 7 6
2 3 7
3 8 7
3 4 8
4 9 8
4 5 9
6 7 10
7 11 10
7 8 11
8 12 11
8 9 12
10 11 13
11 14 13
11 12 14
13 14 15
ZONE N=15, E=16, F=FEPOINT, ET=TRIANGLE
0.0334883 0.481094 0 0 0 0 
0.0290016 0.463663 0 0 0 0 
0.0245149 0.446231 0 0 0 0 
0.0200282 0.4288 0 0 0 0 
0.0155414 0.411369 0 0 0 0 
0.0542861 0.469048 0 0 0 0 
0.0497994 0.451617 0 0 0 0 
0.0453126 0.434186 0 0 0 0 
0.0408259 0.416754 0 0 0 0 
0.0750839 0.457003 0 0 0 0 
0.0705971 0.439571 0 0 0 0 
0.0661104 0.42214 0 0 0 0 
0.0958816 0.444957 0 0 0 0 
0.0913949 0.427526 0 0 0 0 
0.116679 0.432911 0 0 0 0 
1 2 6
2 7 6
2 3 7
3 8 7
3 4 8
4 9 8
4 5 9
6 7 10
7 11 10
7 8 11
8 12 11
8 9 12
10 11 13
11 14 13
11 12 14
13 14 15
ZONE N=15, E=16, F=FEPOINT, ET=TRIANGLE
0.0684729 0.358154 0 0 0 0 
0.0923789 0.358029 0 0 0 0 
0.116285 0.357903 0 0 0 0 
0.140191 0.357777 0 0 0 0 
0.164097 0.357652 0 0 0 0 
0.0805245 0.376844 0 0 0 0 
0.104431 0.376718 0 0 0 0 
0.128337 0.376592 0 0 0 0 
0.152243 0.376467 0 0 0 0 
0.0925761 0.395533 0 0 0 0 
0.116482 0.395407 0 0 0 0 
0.140388 0.395282 0 0 0 0 
0.104628 0.414222 0 0 0 0 
0.128534 0.414096 0 0 0 0 
0.116679 0.432911 0 0 0 0 
1 2 6
2 7 6
2 3 7
3 8 7
3 4 8
4 9 8
4 5 9
6 7 10
7 11 10
7 8 11
8 12 11
8 9 12
10 11 13
11 14 13
11 12 14
13 14 15
ZONE N=15, E=16, F=FEPOINT, ET=TRIANGLE
-0.187632 0.512801 0 0 0 0 
-0.200745 0.497226 0 0 0 0 
-0.213859 0.481652 0 0 0 0 
-0.226972 0.466077 0 0 0 0 
-0.240085 0.450502 0 0 0 0 
-0.176584 0.495699 0 0 0 0 
-0.189697 0.480124 0 0 0 0 
-0.202811 0.46455 0 0 0 0 
-0.215924 0.448975 0 0 0 0 
-0.165536 0.478597 0 0 0 0 
-0.178649 0.463022 0 0 0 0 
-0.191763 0.447448 0 0 0 0 
-0.154488 0.461495 0 0 0 0 
-0.167601 0.44592 0 0 0 0 
-0.14344 0.444393 0 0 0 0 
1 2 6
2 7 6
2 3 7
3 8 7
3 4 8
4 9 8
4 5 9
6 7 10
7 11 10
7 8 11
8 12 11
8 9 12
10 11 13
11 14 13
11 12 14
13 14 15
ZONE N=15, E=16, F=FEPOINT, ET=TRIANGLE
-0.14344 0.444393 0 0 0 0 
-0.136786 0.460811 0 0 0 0 
-0.130132 0.477229 0 0 0 0 
-0.123478 0.493647 0 0 0 0 
-0.116824 0.510065 0 0 0 0 
-0.154488 0.461495 0 0 0 0 
-0.147834 0.477913 0 0 0 0 
-0.14118 0.494331 0 0 0 0 
-0.134526 0.510749 0 0 0 0 
-0.165536 0.478597 0 0 0 0 
-0.158882 0.495015 0 0 0 0 
-0.152228 0.511433 0 0 0 0 
-0.176584 0.495699 0 0 0 0 
-0.16993 0.512117 0 0 0 0 
-0.187632 0.512801 0 0 0 0 
1 2 6
2 7 6
2 3 7
3 8 7
3 4 8
4 9 8
4 5 9
6 7 10
7 11 10
7 8 11
8 12 11
8 9 12
10 11 13
11 14 13
11 12 14
13 14 15
ZONE N=15, E=16, F=FEPOINT, ET=TRIANGLE
-0.310131 0.619164 0 0 0 0 
-0.296577 0.595221 0 0 0 0 
-0.283023 0.571277 0 0 0 0 
-0.269469 0.547334 0 0 0 0 
-0.255916 0.52339 0 0 0 0 
-0.288842 0.610667 0 0 0 0 
-0.275288 0.586724 0 0 0 0 
-0.261734 0.56278 0 0 0 0 
-0.24818 0.538836 0 0 0 0 
-0.267553 0.60217 0 0 0 0 
-0.253999 0.578226 0 0 0 0 
-0.240445 0.554283 0 0 0 0 
-0.246264 0.593673 0 0 0 0 
-0.23271 0.569729 0 0 0 0 
-0.224975 0.585176 0 0 0 0 
1 2 6
2 7 6
2 3 7
3 8 7
3 4 8
4 9 8
4 5 9
6 7 10
7 11 10
7 8 11
8 12 11
8 9 12
10 11 13
11 14 13
11 12 14
13 14 15
ZONE N=15, E=16, F=FEPOINT, ET=TRIANGLE
-0.30823 0.478246 0 0 0 0 
-0.291194 0.47131 0 0 0 0 
-0.274158 0.464374 0 0 0 0 
-0.257122 0.457438 0 0 0 0 
-0.240085 0.450502 0 0 0 0 
-0.295151 0.489532 0 0 0 0 
-0.278115 0.482596 0 0 0 0 
-0.261079 0.47566 0 0 0 0 
-0.244043 0.468724 0 0 0 0 
-0.282073 0.500818 0 0 0 0 
-0.265037 0.493882 0 0 0 0 
-0.248001 0.486946 0 0 0 0 
-0.268994 0.512104 0 0 0 0 
-0.251958 0.505168 0 0 0 0 
-0.255916 0.52339 0 0 0 0 
1 2 6
2 7 6
2 3 7
3 8 7
3 4 8
4 9 8
4 5 9
6 7 10
7 11 10
7 8 11
8 12 11
8 9 12
10 11 13
11 14 13
11 12 14
13 14 15
ZONE N=15, E=16, F=FEPOINT, ET=TRIANGLE
-0.0559537 0.402874 0 0 0 0 
-0.0499291 0.418547 0 0 0 0 
-0.0439044 0.43422 0 0 0 0 
-0.0378797 0.449893 0 0 0 0 
-0.0318551 0.465565 0 0 0 0 
-0.0778253 0.413254 0 0 0 0 
-0.0718006 0.428927 0 0 0 0 
-0.065776 0.4446 0 0 0 0 
-0.0597513 0.460272 0 0 0 0 
-0.0996968 0.423634 0 0 0 0 
-0.0936722 0.439307 0 0 0 0 
-0.0876475 0.454979 0 0 0 0 
-0.121568 0.434014 0 0 0 0 
-0.115544 0.449686 0 0 0 0 
-0.14344 0.444393 0 0 0 0 
1 2 6
2 7 6
2 3 7
3 8 7
3 4 8
4 9 8
4 5 9
6 7 10
7 11 10
7 8 11
8 12 11
8 9 12
10 11 13
11 14 13
11 12 14
13 14 15
ZONE N=15, E=16, F=FEPOINT, ET=TRIANGLE
-0.0489762 0.53051 0 0 0 0 
-0.027611 0.542785 0 0 0 0 
-0.00624586 0.55506 0 0 0 0 
0.0151193 0.567335 0 0 0 0 
0.0364845 0.57961 0 0 0 0 
-0.0401415 0.555129 0 0 0 0 
-0.0187763 0.567404 0 0 0 0 
0.00258886 0.579679 0 0 0 0 
0.023954 0.591954 0 0 0 0 
-0.0313068 0.579748 0 0 0 0 
-0.0099416 0.592023 0 0 0 0 
0.0114236 0.604298 0 0 0 0 
-0.0224721 0.604366 0 0 0 0 
-0.00110688 0.616641 0 0 0 0 
-0.0136373 0.628985 0 0 0 0 
1 2 6
2 7 6
2 3 7
3 8 7
3 4 8
4 9 8
4 5 9
6 7 10
7 11 10
7 8 11
8 12 11
8 9 12
10 11 13
11 14 13
11 12 14
13 14 15
ZONE N=15, E=16, F=FEPOINT, ET=TRIANGLE
-0.157084 0.685852 0 0 0 0 
-0.158561 0.668541 0 0 0 0 
-0.160038 0.65123 0 0 0 0 
-0.161515 0.633919 0 0 0 0 
-0.162993 0.616607 0 0 0 0 
-0.137591 0.678072 0 0 0 0 
-0.139069 0.660761 0 0 0 0 
-0.140546 0.64345 0 0 0 0 
-0.142023 0.626139 0 0 0 0 
-0.118099 0.670292 0 0 0 0 
-0.119576 0.652981 0 0 0 0 
-0.121053 0.63567 0 0 0 0 
-0.0986066 0.662512 0 0 0 0 
-0.100084 0.645201 0 0 0 0 
-0.0791142 0.654732 0 0 0 0 
1 2 6
2 7 6
2 3 7
3 8 7
3 4 8
4 9 8
4 5 9
6 7 10
7 11 10
7 8 11
8 12 11
8 9 12
10 11 13
11 14 13
11 12 14
13 14 15
ZONE N=15, E=16, F=FEPOINT, ET=TRIANGLE
-0.187632 0.512801 0 0 0 0 
-0.166206 0.530458 0 0 0 0 
-0.144779 0.548116 0 0 0 0 
-0.123353 0.565773 0 0 0 0 
-0.101927 0.58343 0 0 0 0 
-0.181472 0.538753 0 0 0 0 
-0.160046 0.55641 0 0 0 0 
-0.138619 0.574067 0 0 0 0 
-0.117193 0.591725 0 0 0 0 
-0.175312 0.564704 0 0 0 0 
-0.153886 0.582362 0 0 0 0 
-0.13246 0.600019 0 0 0 0 
-0.169152 0.590656 0 0 0 0 
-0.147726 0.608313 0 0 0 0 
-0.162993 0.616607 0 0 0 0 
1 2 6
2 7 6
2 3 7
3 8 7
3 4 8
4 9 8
4 5 9
6 7 10
7 11 10
7 8 11
8 12 11
8 9 12
10 11 13
11 14 13
11 12 14
13 14 15
ZONE N=15, E=16, F=FEPOINT, ET=TRIANGLE
0.028972 0.231974 0 0 0 0 
0.0517899 0.242149 0 0 0 0 
0.0746078 0.252324 0 0 0 0 
0.0974257 0.262499 0 0 0 0 
0.120244 0.272674 0 0 0 0 
0.0279471 0.249613 0 0 0 0 
0.050765 0.259788 0 0 0 0 
0.0735829 0.269963 0 0 0 0 
0.0964008 0.280138 0 0 0 0 
0.0269222 0.267252 0 0 0 0 
0.0497401 0.277427 0 0 0 0 
0.072558 0.287602 0 0 0 0 
0.0258973 0.284891 0 0 0 0 
0.0487152 0.295066 0 0 0 0 
0.0248725 0.30253 0 0 0 0 
1 2 6
2 7 6
2 3 7
3 8 7
3 4 8
4 9 8
4 5 9
6 7 10
7 11 10
7 8 11
8 12 11
8 9 12
10 11 13
11 14 13
11 12 14
13 14 15
ZONE N=15, E=16, F=FEPOINT, ET=TRIANGLE
0.0155414 0.411369 0 0 0 0 
0.0178742 0.384159 0 0 0 0 
0.0202069 0.35695 0 0 0 0 
0.0225397 0.32974 0 0 0 0 
0.0248725 0.30253 0 0 0 0 
0.0287743 0.398065 0 0 0 0 
0.031107 0.370856 0 0 0 0 
0.0334398 0.343646 0 0 0 0 
0.0357726 0.316436 0 0 0 0 
0.0420071 0.384762 0 0 0 0 
0.0443399 0.357552 0 0 0 0 
0.0466727 0.330342 0 0 0 0 
0.05524 0.371458 0 0 0 0 
0.0575728 0.344248 0 0 0 0 
0.0684729 0.358154 0 0 0 0 
1 2 6
2 7 6
2 3 7
3 8 7
3 4 8
4 9 8
4 5 9
6 7 10
7 11 10
7 8 11
8 12 11
8 9 12
10 11 13
11 14 13
11 12 14
13 14 15
ZONE N=15, E=16, F=FEPOINT, ET=TRIANGLE
0.326475 0.169435 0 0 0 0 
0.311034 0.181532 0 0 0 0 
0.295593 0.19363 0 0 0 0 
0.280152 0.205727 0 0 0 0 
0.264711 0.217824 0 0 0 0 
0.301743 0.153926 0 0 0 0 
0.286302 0.166024 0 0 0 0 
0.270861 0.178121 0 0 0 0 
0.25542 0.190219 0 0 0 0 
0.277011 0.138418 0 0 0 0 
0.26157 0.150516 0 0 0 0 
0.246129 0.162613 0 0 0 0 
0.252278 0.12291 0 0 0 0 
0.236837 0.135007 0 0 0 0 
0.227546 0.107402 0 0 0 0 
1 2 6
2 7 6
2 3 7
3 8 7
3 4 8
4 9 8
4 5 9
6 7 10
7 11 10
7 8 11
8 12 11
8 9 12
10 11 13
11 14 13
11 12 14
13 14 15
ZONE N=15, E=16, F=FEPOINT, ET=TRIANGLE
0.326475 0.169435 0 0 0 0 
0.301743 0.153926 0 0 0 0 
0.277011 0.138418 0 0 0 0 
0.252278 0.12291 0 0 0 0 
0.227546 0.107402 0 0 0 0 
0.315169 0.142721 0 0 0 0 
0.290437 0.127213 0 0 0 0 
0.265704 0.111705 0 0 0 0 
0.240972 0.0961966 0 0 0 0 
0.303863 0.116008 0 0 0 0 
0.27913 0.1005 0 0 0 0 
0.254398 0.0849915 0 0 0 0 
0.292556 0.0892946 0 0 0 0 
0.267824 0.0737864 0 0 0 0 
0.28125 0.0625813 0 0 0 0 
1 2 6
2 7 6
2 3 7
3 8 7
3 4 8
4 9 8
4 5 9
6 7 10
7 11 10
7 8 11
8 12 11
8 9 12
10 11 13
11 14 13
11 12 14
13 14 15
ZONE N=15, E=16, F=FEPOINT, ET=TRIANGLE
0.09375 0.0709429 0 0 0 0 
0.078125 0.0672371 0 0 0 0 
0.0625 0.0635313 0 0 0 0 
0.046875 0.0598255 0 0 0 0 
0.03125 0.0561197 0 0 0 0 
0.0859375 0.0532072 0 0 0 0 
0.0703125 0.0495014 0 0 0 0 
0.0546875 0.0457956 0 0 0 0 
0.0390625 0.0420897 0 0 0 0 
0.078125 0.0354715 0 0 0 0 
0.0625 0.0317656 0 0 0 0 
0.046875 0.0280598 0 0 0 0 
0.0703125 0.0177357 0 0 0 0 
0.0546875 0.0140299 0 0 0 0 
0.0625 0 0 0 0 0 
1 2 6
2 7 6
2 3 7
3 8 7
3 4 8
4 9 8
4 5 9
6 7 10
7 11 10
7 8 11
8 12 11
8 9 12
10 11 13
11 14 13
11 12 14
13 14 15
ZONE N=15, E=16, F=FEPOINT, ET=TRIANGLE
0.187544 0.291747 0 0 0 0 
0.181682 0.308223 0 0 0 0 
0.175821 0.3247 0 0 0 0 
0.169959 0.341176 0 0 0 0 
0.164097 0.357652 0 0 0 0 
0.170719 0.286979 0 0 0 0 
0.164857 0.303455 0 0 0 0 
0.158995 0.319931 0 0 0 0 
0.153134 0.336407 0 0 0 0 
0.153894 0.282211 0 0 0 0 
0.148032 0.298687 0 0 0 0 
0.14217 0.315163 0 0 0 0 
0.137069 0.277443 0 0 0 0 
0.131207 0.293919 0 0 0 0 
0.120244 0.272674 0 0 0 0 
1 2 6
2 7 6
2 3 7
3 8 7
3 4 8
4 9 8
4 5 9
6 7 10
7 11 10
7 8 11
8 12 11
8 9 12
10 11 13
11 14 13
11 12 14
13 14 15
ZONE N=15, E=16, F=FEPOINT, ET=TRIANGLE
0.164097 0.357652 0 0 0 0 
0.140191 0.357777 0 0 0 0 
0.116285 0.357903 0 0 0 0 
0.0923789 0.358029 0 0 0 0 
0.0684729 0.358154 0 0 0 0 
0.153134 0.336407 0 0 0 0 
0.129228 0.336533 0 0 0 0 
0.105322 0.336659 0 0 0 0 
0.0814156 0.336784 0 0 0 0 
0.14217 0.315163 0 0 0 0 
0.118264 0.315289 0 0 0 0 
0.0943582 0.315414 0 0 0 0 
0.131207 0.293919 0 0 0 0 
0.107301 0.294044 0 0 0 0 
0.120244 0.272674 0 0 0 0 
1 2 6
2 7 6
2 3 7
3 8 7
3 4 8
4 9 8
4 5 9
6 7 10
7 11 10
7 8 11
8 12 11
8 9 12
10 11 13
11 14 13
11 12 14
13 14 15
ZONE N=15, E=16, F=FEPOINT, ET=TRIANGLE
0.0948685 0.206889 0 0 0 0 
0.117831 0.207479 0 0 0 0 
0.140794 0.208068 0 0 0 0 
0.163756 0.208657 0 0 0 0 
0.186719 0.209247 0 0 0 0 
0.101212 0.223336 0 0 0 0 
0.124175 0.223925 0 0 0 0 
0.147137 0.224514 0 0 0 0 
0.1701 0.225104 0 0 0 0 
0.107556 0.239782 0 0 0 0 
0.130519 0.240371 0 0 0 0 
0.153481 0.240961 0 0 0 0 
0.1139 0.256228 0 0 0 0 
0.136862 0.256818 0 0 0 0 
0.120244 0.272674 0 0 0 0 
1 2 6
2 7 6
2 3 7
3 8 7
3 4 8
4 9 8
4 5 9
6 7 10
7 11 10
7 8 11
8 12 11
8 9 12
10 11 13
11 14 13
11 12 14
13 14 15
ZONE N=15, E=16, F=FEPOINT, ET=TRIANGLE
0.028972 0.231974 0 0 0 0 
0.0203865 0.205068 0 0 0 0 
0.011801 0.178162 0 0 0 0 
0.00321553 0.151256 0 0 0 0 
-0.00536997 0.124349 0 0 0 0 
0.0454462 0.225703 0 0 0 0 
0.0368607 0.198797 0 0 0 0 
0.0282752 0.171891 0 0 0 0 
0.0196897 0.144984 0 0 0 0 
0.0619203 0.219432 0 0 0 0 
0.0533348 0.192525 0 0 0 0 
0.0447493 0.165619 0 0 0 0 
0.0783944 0.21316 0 0 0 0 
0.0698089 0.186254 0 0 0 0 
0.0948685 0.206889 0 0 0 0 
1 2 6
2 7 6
2 3 7
3 8 7
3 4 8
4 9 8
4 5 9
6 7 10
7 11 10
7 8 11
8 12 11
8 9 12
10 11 13
11 14 13
11 12 14
13 14 15
ZONE N=15, E=16, F=FEPOINT, ET=TRIANGLE
0.123585 0.142492 0 0 0 0 
0.139368 0.159181 0 0 0 0 
0.155152 0.17587 0 0 0 0 
0.170935 0.192558 0 0 0 0 
0.186719 0.209247 0 0 0 0 
0.116406 0.158592 0 0 0 0 
0.132189 0.17528 0 0 0 0 
0.147973 0.191969 0 0 0 0 
0.163756 0.208657 0 0 0 0 
0.109227 0.174691 0 0 0 0 
0.12501 0.191379 0 0 0 0 
0.140794 0.208068 0 0 0 0 
0.102048 0.19079 0 0 0 0 
0.117831 0.207479 0 0 0 0 
0.0948685 0.206889 0 0 0 0 
1 2 6
2 7 6
2 3 7
3 8 7
3 4 8
4 9 8
4 5 9
6 7 10
7 11 10
7 8 11
8 12 11
8 9 12
10 11 13
11 14 13
11 12 14
13 14 15
ZONE N=15, E=16, F=FEPOINT, ET=TRIANGLE
0.123585 0.142492 0 0 0 0 
0.116126 0.124605 0 0 0 0 
0.108667 0.106718 0 0 0 0 
0.101209 0.0888303 0 0 0 0 
0.09375 0.0709429 0 0 0 0 
0.134743 0.122217 0 0 0 0 
0.127284 0.10433 0 0 0 0 
0.119826 0.0864425 0 0 0 0 
0.112367 0.0685551 0 0 0 0 
0.145902 0.101942 0 0 0 0 
0.138443 0.0840546 0 0 0 0 
0.130984 0.0661672 0 0 0 0 
0.15706 0.0816668 0 0 0 0 
0.149601 0.0637794 0 0 0 0 
0.168218 0.0613916 0 0 0 0 
1 2 6
2 7 6
2 3 7
3 8 7
3 4 8
4 9 8
4 5 9
6 7 10
7 11 10
7 8 11
8 12 11
8 9 12
10 11 13
11 14 13
11 12 14
13 14 15
ZONE N=15, E=16, F=FEPOINT, ET=TRIANGLE
0.227546 0.107402 0 0 0 0 
0.217339 0.132863 0 0 0 0 
0.207132 0.158324 0 0 0 0 
0.196926 0.183785 0 0 0 0 
0.186719 0.209247 0 0 0 0 
0.201556 0.116174 0 0 0 0 
0.191349 0.141636 0 0 0 0 
0.181142 0.167097 0 0 0 0 
0.170935 0.192558 0 0 0 0 
0.175565 0.124947 0 0 0 0 
0.165359 0.150408 0 0 0 0 
0.155152 0.17587 0 0 0 0 
0.149575 0.13372 0 0 0 0 
0.139368 0.159181 0 0 0 0 
0.123585 0.142492 0 0 0 0 
1 2 6
2 7 6
2 3 7
3 8 7
3 4 8
4 9 8
4 5 9
6 7 10
7 11 10
7 8 11
8 12 11
8 9 12
10 11 13
11 14 13
11 12 14
13 14 15
ZONE N=15, E=16, F=FEPOINT, ET=TRIANGLE
0.187544 0.291747 0 0 0 0 
0.187338 0.271122 0 0 0 0 
0.187131 0.250497 0 0 0 0 
0.186925 0.229872 0 0 0 0 
0.186719 0.209247 0 0 0 0 
0.206836 0.273267 0 0 0 0 
0.206629 0.252641 0 0 0 0 
0.206423 0.232016 0 0 0 0 
0.206217 0.211391 0 0 0 0 
0.226128 0.254786 0 0 0 0 
0.225921 0.234161 0 0 0 0 
0.225715 0.213536 0 0 0 0 
0.245419 0.236305 0 0 0 0 
0.245213 0.21568 0 0 0 0 
0.264711 0.217824 0 0 0 0 
1 2 6
2 7 6
2 3 7
3 8 7
3 4 8
4 9 8
4 5 9
6 7 10
7 11 10
7 8 11
8 12 11
8 9 12
10 11 13
11 14 13
11 12 14
13 14 15
ZONE N=15, E=16, F=FEPOINT, ET=TRIANGLE
0.192047 0.474112 0 0 0 0 
0.173205 0.463812 0 0 0 0 
0.154363 0.453512 0 0 0 0 
0.135521 0.443211 0 0 0 0 
0.116679 0.432911 0 0 0 0 
0.185059 0.444997 0 0 0 0 
0.166217 0.434697 0 0 0 0 
0.147376 0.424397 0 0 0 0 
0.128534 0.414096 0 0 0 0 
0.178072 0.415882 0 0 0 0 
0.15923 0.405582 0 0 0 0 
0.140388 0.395282 0 0 0 0 
0.171084 0.386767 0 0 0 0 
0.152243 0.376467 0 0 0 0 
0.164097 0.357652 0 0 0 0 
1 2 6
2 7 6
2 3 7
3 8 7
3 4 8
4 9 8
4 5 9
6 7 10
7 11 10
7 8 11
8 12 11
8 9 12
10 11 13
11 14 13
11 12 14
13 14 15
ZONE N=15, E=16, F=FEPOINT, ET=TRIANGLE
0.25 0 0 0 0 0 
0.265625 0 0 0 0 0 
0.28125 0 0 0 0 0 
0.296875 0 0 0 0 0 
0.3125 0 0 0 0 0 
0.257813 0.0156453 0 0 0 0 
0.273438 0.0156453 0 0 0 0 
0.289063 0.0156453 0 0 0 0 
0.304688 0.0156453 0 0 0 0 
0.265625 0.0312906 0 0 0 0 
0.28125 0.0312906 0 0 0 0 
0.296875 0.0312906 0 0 0 0 
0.273438 0.046936 0 0 0 0 
0.289063 0.046936 0 0 0 0 
0.28125 0.0625813 0 0 0 0 
1 2 6
2 7 6
2 3 7
3 8 7
3 4 8
4 9 8
4 5 9
6 7 10
7 11 10
7 8 11
8 12 11
8 9 12
10 11 13
11 14 13
11 12 14
13 14 15
ZONE N=15, E=16, F=FEPOINT, ET=TRIANGLE
0.164097 0.357652 0 0 0 0 
0.187415 0.342224 0 0 0 0 
0.210733 0.326797 0 0 0 0 
0.234051 0.31137 0 0 0 0 
0.257369 0.295943 0 0 0 0 
0.184545 0.370036 0 0 0 0 
0.207863 0.354609 0 0 0 0 
0.231181 0.339182 0 0 0 0 
0.254499 0.323754 0 0 0 0 
0.204994 0.382421 0 0 0 0 
0.228312 0.366993 0 0 0 0 
0.25163 0.351566 0 0 0 0 
0.225442 0.394805 0 0 0 0 
0.24876 0.379378 0 0 0 0 
0.245891 0.40719 0 0 0 0 
1 2 6
2 7 6
2 3 7
3 8 7
3 4 8
4 9 8
4 5 9
6 7 10
7 11 10
7 8 11
8 12 11
8 9 12
10 11 13
11 14 13
11 12 14
13 14 15
ZONE N=15, E=16, F=FEPOINT, ET=TRIANGLE
0.326475 0.169435 0 0 0 0 
0.315169 0.142721 0 0 0 0 
0.303863 0.116008 0 0 0 0 
0.292556 0.0892946 0 0 0 0 
0.28125 0.0625813 0 0 0 0 
0.330794 0.14075 0 0 0 0 
0.319488 0.114037 0 0 0 0 
0.308181 0.0873237 0 0 0 0 
0.296875 0.0606104 0 0 0 0 
0.335113 0.112066 0 0 0 0 
0.323806 0.0853529 0 0 0 0 
0.3125 0.0586395 0 0 0 0 
0.339431 0.083382 0 0 0 0 
0.328125 0.0566686 0 0 0 0 
0.34375 0.0546977 0 0 0 0 
1 2 6
2 7 6
2 3 7
3 8 7
3 4 8
4 9 8
4 5 9
6 7 10
7 11 10
7 8 11
8 12 11
8 9 12
10 11 13
11 14 13
11 12 14
13 14 15
ZONE N=15, E=16, F=FEPOINT, ET=TRIANGLE
0.347619 0.458097 0 0 0 0 
0.345115 0.477598 0 0 0 0 
0.342611 0.497099 0 0 0 0 
0.340107 0.5166 0 0 0 0 
0.337603 0.536101 0 0 0 0 
0.329106 0.464717 0 0 0 0 
0.326602 0.484218 0 0 0 0 
0.324098 0.503719 0 0 0 0 
0.321594 0.523221 0 0 0 0 
0.310593 0.471338 0 0 0 0 
0.308089 0.490839 0 0 0 0 
0.305585 0.51034 0 0 0 0 
0.29208 0.477959 0 0 0 0 
0.289576 0.49746 0 0 0 0 
0.273567 0.484579 0 0 0 0 
1 2 6
2 7 6
2 3 7
3 8 7
3 4 8
4 9 8
4 5 9
6 7 10
7 11 10
7 8 11
8 12 11
8 9 12
10 11 13
11 14 13
11 12 14
13 14 15
ZONE N=15, E=16, F=FEPOINT, ET=TRIANGLE
0.116679 0.432911 0 0 0 0 
0.135521 0.443211 0 0 0 0 
0.154363 0.453512 0 0 0 0 
0.173205 0.463812 0 0 0 0 
0.192047 0.474112 0 0 0 0 
0.117658 0.455128 0 0 0 0 
0.1365 0.465428 0 0 0 0 
0.155341 0.475728 0 0 0 0 
0.174183 0.486028 0 0 0 0 
0.118636 0.477344 0 0 0 0 
0.137478 0.487644 0 0 0 0 
0.15632 0.497945 0 0 0 0 
0.119614 0.499561 0 0 0 0 
0.138456 0.509861 0 0 0 0 
0.120593 0.521777 0 0 0 0 
1 2 6
2 7 6
2 3 7
3 8 7
3 4 8
4 9 8
4 5 9
6 7 10
7 11 10
7 8 11
8 12 11
8 9 12
10 11 13
11 14 13
11 12 14
13 14 15
ZONE N=15, E=16, F=FEPOINT, ET=TRIANGLE
0.0364845 0.57961 0 0 0 0 
0.0151193 0.567335 0 0 0 0 
-0.00624586 0.55506 0 0 0 0 
-0.027611 0.542785 0 0 0 0 
-0.0489762 0.53051 0 0 0 0 
0.0357355 0.554981 0 0 0 0 
0.0143703 0.542706 0 0 0 0 
-0.00699491 0.530431 0 0 0 0 
-0.0283601 0.518156 0 0 0 0 
0.0349864 0.530352 0 0 0 0 
0.0136212 0.518077 0 0 0 0 
-0.00774395 0.505802 0 0 0 0 
0.0342374 0.505723 0 0 0 0 
0.0128722 0.493448 0 0 0 0 
0.0334883 0.481094 0 0 0 0 
1 2 6
2 7 6
2 3 7
3 8 7
3 4 8
4 9 8
4 5 9
6 7 10
7 11 10
7 8 11
8 12 11
8 9 12
10 11 13
11 14 13
11 12 14
13 14 15
ZONE N=15, E=16, F=FEPOINT, ET=TRIANGLE
0.120244 0.272674 0 0 0 0 
0.136862 0.256818 0 0 0 0 
0.153481 0.240961 0 0 0 0 
0.1701 0.225104 0 0 0 0 
0.186719 0.209247 0 0 0 0 
0.137069 0.277443 0 0 0 0 
0.153688 0.261586 0 0 0 0 
0.170306 0.245729 0 0 0 0 
0.186925 0.229872 0 0 0 0 
0.153894 0.282211 0 0 0 0 
0.170513 0.266354 0 0 0 0 
0.187131 0.250497 0 0 0 0 
0.170719 0.286979 0 0 0 0 
0.187338 0.271122 0 0 0 0 
0.187544 0.291747 0 0 0 0 
1 2 6
2 7 6
2 3 7
3 8 7
3 4 8
4 9 8
4 5 9
6 7 10
7 11 10
7 8 11
8 12 11
8 9 12
10 11 13
11 14 13
11 12 14
13 14 15
ZONE N=15, E=16, F=FEPOINT, ET=TRIANGLE
0.187544 0.291747 0 0 0 0 
0.205 0.292796 0 0 0 0 
0.222457 0.293845 0 0 0 0 
0.239913 0.294894 0 0 0 0 
0.257369 0.295943 0 0 0 0 
0.181682 0.308223 0 0 0 0 
0.199139 0.309272 0 0 0 0 
0.216595 0.310321 0 0 0 0 
0.234051 0.31137 0 0 0 0 
0.175821 0.3247 0 0 0 0 
0.193277 0.325748 0 0 0 0 
0.210733 0.326797 0 0 0 0 
0.169959 0.341176 0 0 0 0 
0.187415 0.342224 0 0 0 0 
0.164097 0.357652 0 0 0 0 
1 2 6
2 7 6
2 3 7
3 8 7
3 4 8
4 9 8
4 5 9
6 7 10
7 11 10
7 8 11
8 12 11
8 9 12
10 11 13
11 14 13
11 12 14
13 14 15
ZONE N=15, E=16, F=FEPOINT, ET=TRIANGLE
0.245891 0.40719 0 0 0 0 
0.23243 0.42392 0 0 0 0 
0.218969 0.440651 0 0 0 0 
0.205508 0.457381 0 0 0 0 
0.192047 0.474112 0 0 0 0 
0.225442 0.394805 0 0 0 0 
0.211981 0.411536 0 0 0 0 
0.19852 0.428266 0 0 0 0 
0.185059 0.444997 0 0 0 0 
0.204994 0.382421 0 0 0 0 
0.191533 0.399151 0 0 0 0 
0.178072 0.415882 0 0 0 0 
0.184545 0.370036 0 0 0 0 
0.171084 0.386767 0 0 0 0 
0.164097 0.357652 0 0 0 0 
1 2 6
2 7 6
2 3 7
3 8 7
3 4 8
4 9 8
4 5 9
6 7 10
7 11 10
7 8 11
8 12 11
8 9 12
10 11 13
11 14 13
11 12 14
13 14 15
ZONE N=15, E=16, F=FEPOINT, ET=TRIANGLE
0.12347 0.625955 0 0 0 0 
0.101724 0.614369 0 0 0 0 
0.0799774 0.602782 0 0 0 0 
0.058231 0.591196 0 0 0 0 
0.0364845 0.57961 0 0 0 0 
0.122751 0.59991 0 0 0 0 
0.101005 0.588324 0 0 0 0 
0.079258 0.576738 0 0 0 0 
0.0575116 0.565152 0 0 0 0 
0.122032 0.573866 0 0 0 0 
0.100285 0.56228 0 0 0 0 
0.0785386 0.550694 0 0 0 0 
0.121312 0.547822 0 0 0 0 
0.0995657 0.536236 0 0 0 0 
0.120593 0.521777 0 0 0 0 
1 2 6
2 7 6
2 3 7
3 8 7
3 4 8
4 9 8
4 5 9
6 7 10
7 11 10
7 8 11
8 12 11
8 9 12
10 11 13
11 14 13
11 12 14
13 14 15
ZONE N=15, E=16, F=FEPOINT, ET=TRIANGLE
0.398661 0.329341 0 0 0 0 
0.398226 0.346211 0 0 0 0 
0.39779 0.363082 0 0 0 0 
0.397354 0.379952 0 0 0 0 
0.396919 0.396822 0 0 0 0 
0.378644 0.337265 0 0 0 0 
0.378208 0.354135 0 0 0 0 
0.377773 0.371006 0 0 0 0 
0.377337 0.387876 0 0 0 0 
0.358627 0.345189 0 0 0 0 
0.358191 0.362059 0 0 0 0 
0.357756 0.378929 0 0 0 0 
0.33861 0.353113 0 0 0 0 
0.338174 0.369983 0 0 0 0 
0.318592 0.361037 0 0 0 0 
1 2 6
2 7 6
2 3 7
3 8 7
3 4 8
4 9 8
4 5 9
6 7 10
7 11 10
7 8 11
8 12 11
8 9 12
10 11 13
11 14 13
11 12 14
13 14 15
ZONE N=15, E=16, F=FEPOINT, ET=TRIANGLE
0.273567 0.484579 0 0 0 0 
0.261277 0.513437 0 0 0 0 
0.248987 0.542295 0 0 0 0 
0.236697 0.571153 0 0 0 0 
0.224407 0.600011 0 0 0 0 
0.251723 0.499116 0 0 0 0 
0.239433 0.527974 0 0 0 0 
0.227143 0.556832 0 0 0 0 
0.214853 0.58569 0 0 0 0 
0.229879 0.513652 0 0 0 0 
0.217589 0.54251 0 0 0 0 
0.205299 0.571368 0 0 0 0 
0.208036 0.528189 0 0 0 0 
0.195746 0.557047 0 0 0 0 
0.186192 0.542725 0 0 0 0 
1 2 6
2 7 6
2 3 7
3 8 7
3 4 8
4 9 8
4 5 9
6 7 10
7 11 10
7 8 11
8 12 11
8 9 12
10 11 13
11 14 13
11 12 14
13 14 15
ZONE N=15, E=16, F=FEPOINT, ET=TRIANGLE
0.337603 0.536101 0 0 0 0 
0.354765 0.528393 0 0 0 0 
0.371927 0.520686 0 0 0 0 
0.389089 0.512978 0 0 0 0 
0.406251 0.50527 0 0 0 0 
0.352472 0.546249 0 0 0 0 
0.369634 0.538541 0 0 0 0 
0.386796 0.530834 0 0 0 0 
0.403958 0.523126 0 0 0 0 
0.367341 0.556397 0 0 0 0 
0.384503 0.548689 0 0 0 0 
0.401665 0.540981 0 0 0 0 
0.382211 0.566544 0 0 0 0 
0.399373 0.558837 0 0 0 0 
0.39708 0.576692 0 0 0 0 
1 2 6
2 7 6
2 3 7
3 8 7
3 4 8
4 9 8
4 5 9
6 7 10
7 11 10
7 8 11
8 12 11
8 9 12
10 11 13
11 14 13
11 12 14
13 14 15
ZONE N=15, E=16, F=FEPOINT, ET=TRIANGLE
0.273567 0.484579 0 0 0 0 
0.253187 0.481962 0 0 0 0 
0.232807 0.479345 0 0 0 0 
0.212427 0.476729 0 0 0 0 
0.192047 0.474112 0 0 0 0 
0.266648 0.465232 0 0 0 0 
0.246268 0.462615 0 0 0 0 
0.225888 0.459998 0 0 0 0 
0.205508 0.457381 0 0 0 0 
0.259729 0.445884 0 0 0 0 
0.239349 0.443268 0 0 0 0 
0.218969 0.440651 0 0 0 0 
0.25281 0.426537 0 0 0 0 
0.23243 0.42392 0 0 0 0 
0.245891 0.40719 0 0 0 0 
1 2 6
2 7 6
2 3 7
3 8 7
3 4 8
4 9 8
4 5 9
6 7 10
7 11 10
7 8 11
8 12 11
8 9 12
10 11 13
11 14 13
11 12 14
13 14 15
ZONE N=15, E=16, F=FEPOINT, ET=TRIANGLE
0.292164 0.587822 0 0 0 0 
0.318393 0.58504 0 0 0 0 
0.344622 0.582257 0 0 0 0 
0.370851 0.579475 0 0 0 0 
0.39708 0.576692 0 0 0 0 
0.298929 0.603648 0 0 0 0 
0.325157 0.600866 0 0 0 0 
0.351386 0.598084 0 0 0 0 
0.377615 0.595301 0 0 0 0 
0.305693 0.619475 0 0 0 0 
0.331922 0.616693 0 0 0 0 
0.35815 0.61391 0 0 0 0 
0.312457 0.635301 0 0 0 0 
0.338686 0.632519 0 0 0 0 
0.319221 0.651128 0 0 0 0 
1 2 6
2 7 6
2 3 7
3 8 7
3 4 8
4 9 8
4 5 9
6 7 10
7 11 10
7 8 11
8 12 11
8 9 12
10 11 13
11 14 13
11 12 14
13 14 15
ZONE N=15, E=16, F=FEPOINT, ET=TRIANGLE
0.188343 0.669024 0 0 0 0 
0.172125 0.658257 0 0 0 0 
0.155907 0.64749 0 0 0 0 
0.139688 0.636722 0 0 0 0 
0.12347 0.625955 0 0 0 0 
0.197359 0.651771 0 0 0 0 
0.181141 0.641004 0 0 0 0 
0.164923 0.630236 0 0 0 0 
0.148704 0.619469 0 0 0 0 
0.206375 0.634518 0 0 0 0 
0.190157 0.62375 0 0 0 0 
0.173939 0.612983 0 0 0 0 
0.215391 0.617264 0 0 0 0 
0.199173 0.606497 0 0 0 0 
0.224407 0.600011 0 0 0 0 
1 2 6
2 7 6
2 3 7
3 8 7
3 4 8
4 9 8
4 5 9
6 7 10
7 11 10
7 8 11
8 12 11
8 9 12
10 11 13
11 14 13
11 12 14
13 14 15
ZONE N=15, E=16, F=FEPOINT, ET=TRIANGLE
0.347619 0.458097 0 0 0 0 
0.322187 0.44537 0 0 0 0 
0.296755 0.432643 0 0 0 0 
0.271323 0.419916 0 0 0 0 
0.245891 0.40719 0 0 0 0 
0.340362 0.433832 0 0 0 0 
0.31493 0.421105 0 0 0 0 
0.289498 0.408378 0 0 0 0 
0.264066 0.395651 0 0 0 0 
0.333106 0.409567 0 0 0 0 
0.307674 0.39684 0 0 0 0 
0.282242 0.384113 0 0 0 0 
0.325849 0.385302 0 0 0 0 
0.300417 0.372575 0 0 0 0 
0.318592 0.361037 0 0 0 0 
1 2 6
2 7 6
2 3 7
3 8 7
3 4 8
4 9 8
4 5 9
6 7 10
7 11 10
7 8 11
8 12 11
8 9 12
10 11 13
11 14 13
11 12 14
13 14 15
ZONE N=15, E=16, F=FEPOINT, ET=TRIANGLE
0.292164 0.587822 0 0 0 0 
0.287515 0.562011 0 0 0 0 
0.282866 0.536201 0 0 0 0 
0.278216 0.51039 0 0 0 0 
0.273567 0.484579 0 0 0 0 
0.303524 0.574892 0 0 0 0 
0.298875 0.549081 0 0 0 0 
0.294225 0.52327 0 0 0 0 
0.289576 0.49746 0 0 0 0 
0.314884 0.561962 0 0 0 0 
0.310234 0.536151 0 0 0 0 
0.305585 0.51034 0 0 0 0 
0.326243 0.549031 0 0 0 0 
0.321594 0.523221 0 0 0 0 
0.337603 0.536101 0 0 0 0 
1 2 6
2 7 6
2 3 7
3 8 7
3 4 8
4 9 8
4 5 9
6 7 10
7 11 10
7 8 11
8 12 11
8 9 12
10 11 13
11 14 13
11 12 14
13 14 15
ZONE N=15, E=16, F=FEPOINT, ET=TRIANGLE
0.192047 0.474112 0 0 0 0 
0.212427 0.476729 0 0 0 0 
0.232807 0.479345 0 0 0 0 
0.253187 0.481962 0 0 0 0 
0.273567 0.484579 0 0 0 0 
0.190583 0.491265 0 0 0 0 
0.210963 0.493882 0 0 0 0 
0.231343 0.496499 0 0 0 0 
0.251723 0.499116 0 0 0 0 
0.189119 0.508418 0 0 0 0 
0.209499 0.511035 0 0 0 0 
0.229879 0.513652 0 0 0 0 
0.187656 0.525572 0 0 0 0 
0.208036 0.528189 0 0 0 0 
0.186192 0.542725 0 0 0 0 
1 2 6
2 7 6
2 3 7
3 8 7
3 4 8
4 9 8
4 5 9
6 7 10
7 11 10
7 8 11
8 12 11
8 9 12
10 11 13
11 14 13
11 12 14
13 14 15
ZONE N=15, E=16, F=FEPOINT, ET=TRIANGLE
0.224407 0.600011 0 0 0 0 
0.199173 0.606497 0 0 0 0 
0.173939 0.612983 0 0 0 0 
0.148704 0.619469 0 0 0 0 
0.12347 0.625955 0 0 0 0 
0.214853 0.58569 0 0 0 0 
0.189619 0.592176 0 0 0 0 
0.164385 0.598661 0 0 0 0 
0.139151 0.605147 0 0 0 0 
0.205299 0.571368 0 0 0 0 
0.180065 0.577854 0 0 0 0 
0.154831 0.58434 0 0 0 0 
0.195746 0.557047 0 0 0 0 
0.170512 0.563532 0 0 0 0 
0.186192 0.542725 0 0 0 0 
1 2 6
2 7 6
2 3 7
3 8 7
3 4 8
4 9 8
4 5 9
6 7 10
7 11 10
7 8 11
8 12 11
8 9 12
10 11 13
11 14 13
11 12 14
13 14 15
ZONE N=15, E=16, F=FEPOINT, ET=TRIANGLE
0.224407 0.600011 0 0 0 0 
0.232818 0.622835 0 0 0 0 
0.24123 0.645659 0 0 0 0 
0.249641 0.668483 0 0 0 0 
0.258052 0.691307 0 0 0 0 
0.215391 0.617264 0 0 0 0 
0.223802 0.640088 0 0 0 0 
0.232214 0.662912 0 0 0 0 
0.240625 0.685736 0 0 0 0 
0.206375 0.634518 0 0 0 0 
0.214786 0.657342 0 0 0 0 
0.223198 0.680166 0 0 0 0 
0.197359 0.651771 0 0 0 0 
0.20577 0.674595 0 0 0 0 
0.188343 0.669024 0 0 0 0 
1 2 6
2 7 6
2 3 7
3 8 7
3 4 8
4 9 8
4 5 9
6 7 10
7 11 10
7 8 11
8 12 11
8 9 12
10 11 13
11 14 13
11 12 14
13 14 15
ZONE N=15, E=16, F=FEPOINT, ET=TRIANGLE
0.0364845 0.57961 0 0 0 0 
0.058231 0.591196 0 0 0 0 
0.0799774 0.602782 0 0 0 0 
0.101724 0.614369 0 0 0 0 
0.12347 0.625955 0 0 0 0 
0.0391295 0.600847 0 0 0 0 
0.060876 0.612433 0 0 0 0 
0.0826225 0.624019 0 0 0 0 
0.104369 0.635605 0 0 0 0 
0.0417745 0.622084 0 0 0 0 
0.063521 0.63367 0 0 0 0 
0.0852675 0.645256 0 0 0 0 
0.0444196 0.643321 0 0 0 0 
0.066166 0.654907 0 0 0 0 
0.0470646 0.664558 0 0 0 0 
1 2 6
2 7 6
2 3 7
3 8 7
3 4 8
4 9 8
4 5 9
6 7 10
7 11 10
7 8 11
8 12 11
8 9 12
10 11 13
11 14 13
11 12 14
13 14 15
ZONE N=15, E=16, F=FEPOINT, ET=TRIANGLE
0.481747 0.184098 0 0 0 0 
0.461878 0.187134 0 0 0 0 
0.442009 0.190171 0 0 0 0 
0.422141 0.193207 0 0 0 0 
0.402272 0.196243 0 0 0 0 
0.456406 0.167794 0 0 0 0 
0.436537 0.17083 0 0 0 0 
0.416669 0.173867 0 0 0 0 
0.3968 0.176903 0 0 0 0 
0.431066 0.15149 0 0 0 0 
0.411197 0.154526 0 0 0 0 
0.391328 0.157563 0 0 0 0 
0.405725 0.135186 0 0 0 0 
0.385856 0.138222 0 0 0 0 
0.380384 0.118882 0 0 0 0 
1 2 6
2 7 6
2 3 7
3 8 7
3 4 8
4 9 8
4 5 9
6 7 10
7 11 10
7 8 11
8 12 11
8 9 12
10 11 13
11 14 13
11 12 14
13 14 15
ZONE N=15, E=16, F=FEPOINT, ET=TRIANGLE
0.51775 0.333079 0 0 0 0 
0.543418 0.342774 0 0 0 0 
0.569087 0.352469 0 0 0 0 
0.594756 0.362164 0 0 0 0 
0.620425 0.371859 0 0 0 0 
0.517022 0.350264 0 0 0 0 
0.54269 0.359959 0 0 0 0 
0.568359 0.369654 0 0 0 0 
0.594028 0.379349 0 0 0 0 
0.516294 0.367448 0 0 0 0 
0.541963 0.377143 0 0 0 0 
0.567631 0.386838 0 0 0 0 
0.515566 0.384633 0 0 0 0 
0.541235 0.394328 0 0 0 0 
0.514838 0.401817 0 0 0 0 
1 2 6
2 7 6
2 3 7
3 8 7
3 4 8
4 9 8
4 5 9
6 7 10
7 11 10
7 8 11
8 12 11
8 9 12
10 11 13
11 14 13
11 12 14
13 14 15
ZONE N=15, E=16, F=FEPOINT, ET=TRIANGLE
0.273567 0.484579 0 0 0 0 
0.266648 0.465232 0 0 0 0 
0.259729 0.445884 0 0 0 0 
0.25281 0.426537 0 0 0 0 
0.245891 0.40719 0 0 0 0 
0.29208 0.477959 0 0 0 0 
0.285161 0.458611 0 0 0 0 
0.278242 0.439264 0 0 0 0 
0.271323 0.419916 0 0 0 0 
0.310593 0.471338 0 0 0 0 
0.303674 0.451991 0 0 0 0 
0.296755 0.432643 0 0 0 0 
0.329106 0.464717 0 0 0 0 
0.322187 0.44537 0 0 0 0 
0.347619 0.458097 0 0 0 0 
1 2 6
2 7 6
2 3 7
3 8 7
3 4 8
4 9 8
4 5 9
6 7 10
7 11 10
7 8 11
8 12 11
8 9 12
10 11 13
11 14 13
11 12 14
13 14 15
ZONE N=15, E=16, F=FEPOINT, ET=TRIANGLE
0.347619 0.458097 0 0 0 0 
0.374198 0.454858 0 0 0 0 
0.400778 0.45162 0 0 0 0 
0.427358 0.448382 0 0 0 0 
0.453937 0.445144 0 0 0 0 
0.362277 0.46989 0 0 0 0 
0.388856 0.466652 0 0 0 0 
0.415436 0.463414 0 0 0 0 
0.442016 0.460176 0 0 0 0 
0.376935 0.481684 0 0 0 0 
0.403514 0.478445 0 0 0 0 
0.430094 0.475207 0 0 0 0 
0.391593 0.493477 0 0 0 0 
0.418172 0.490239 0 0 0 0 
0.406251 0.50527 0 0 0 0 
1 2 6
2 7 6
2 3 7
3 8 7
3 4 8
4 9 8
4 5 9
6 7 10
7 11 10
7 8 11
8 12 11
8 9 12
10 11 13
11 14 13
11 12 14
13 14 15
ZONE N=15, E=16, F=FEPOINT, ET=TRIANGLE
0.318592 0.361037 0 0 0 0 
0.323411 0.335224 0 0 0 0 
0.328229 0.309411 0 0 0 0 
0.333047 0.283599 0 0 0 0 
0.337866 0.257786 0 0 0 0 
0.33861 0.353113 0 0 0 0 
0.343428 0.3273 0 0 0 0 
0.348246 0.301487 0 0 0 0 
0.353065 0.275675 0 0 0 0 
0.358627 0.345189 0 0 0 0 
0.363445 0.319376 0 0 0 0 
0.368263 0.293563 0 0 0 0 
0.378644 0.337265 0 0 0 0 
0.383462 0.311452 0 0 0 0 
0.398661 0.329341 0 0 0 0 
1 2 6
2 7 6
2 3 7
3 8 7
3 4 8
4 9 8
4 5 9
6 7 10
7 11 10
7 8 11
8 12 11
8 9 12
10 11 13
11 14 13
11 12 14
13 14 15
ZONE N=15, E=16, F=FEPOINT, ET=TRIANGLE
0.471397 0.881921 0 0 0 0 
0.449218 0.892411 0 0 0 0 
0.42704 0.9029 0 0 0 0 
0.404862 0.91339 0 0 0 0 
0.382683 0.92388 0 0 0 0 
0.450513 0.872401 0 0 0 0 
0.428334 0.88289 0 0 0 0 
0.406156 0.89338 0 0 0 0 
0.383978 0.90387 0 0 0 0 
0.429629 0.86288 0 0 0 0 
0.40745 0.87337 0 0 0 0 
0.385272 0.88386 0 0 0 0 
0.408745 0.85336 0 0 0 0 
0.386566 0.86385 0 0 0 0 
0.387861 0.84384 0 0 0 0 
1 2 6
2 7 6
2 3 7
3 8 7
3 4 8
4 9 8
4 5 9
6 7 10
7 11 10
7 8 11
8 12 11
8 9 12
10 11 13
11 14 13
11 12 14
13 14 15
ZONE N=15, E=16, F=FEPOINT, ET=TRIANGLE
0.396919 0.396822 0 0 0 0 
0.411173 0.408903 0 0 0 0 
0.425428 0.420983 0 0 0 0 
0.439683 0.433064 0 0 0 0 
0.453937 0.445144 0 0 0 0 
0.384594 0.412141 0 0 0 0 
0.398848 0.424221 0 0 0 0 
0.413103 0.436302 0 0 0 0 
0.427358 0.448382 0 0 0 0 
0.372269 0.427459 0 0 0 0 
0.386523 0.43954 0 0 0 0 
0.400778 0.45162 0 0 0 0 
0.359944 0.442778 0 0 0 0 
0.374198 0.454858 0 0 0 0 
0.347619 0.458097 0 0 0 0 
1 2 6
2 7 6
2 3 7
3 8 7
3 4 8
4 9 8
4 5 9
6 7 10
7 11 10
7 8 11
8 12 11
8 9 12
10 11 13
11 14 13
11 12 14
13 14 15
ZONE N=15, E=16, F=FEPOINT, ET=TRIANGLE
0.39708 0.576692 0 0 0 0 
0.418033 0.561233 0 0 0 0 
0.438986 0.545773 0 0 0 0 
0.459938 0.530314 0 0 0 0 
0.480891 0.514855 0 0 0 0 
0.417766 0.579951 0 0 0 0 
0.438719 0.564492 0 0 0 0 
0.459672 0.549032 0 0 0 0 
0.480625 0.533573 0 0 0 0 
0.438452 0.58321 0 0 0 0 
0.459405 0.567751 0 0 0 0 
0.480358 0.552291 0 0 0 0 
0.459138 0.586469 0 0 0 0 
0.480091 0.57101 0 0 0 0 
0.479825 0.589728 0 0 0 0 
1 2 6
2 7 6
2 3 7
3 8 7
3 4 8
4 9 8
4 5 9
6 7 10
7 11 10
7 8 11
8 12 11
8 9 12
10 11 13
11 14 13
11 12 14
13 14 15
ZONE N=15, E=16, F=FEPOINT, ET=TRIANGLE
0.478171 0.734108 0 0 0 0 
0.465273 0.711176 0 0 0 0 
0.452376 0.688244 0 0 0 0 
0.439478 0.665312 0 0 0 0 
0.426581 0.64238 0 0 0 0 
0.483303 0.716129 0 0 0 0 
0.470405 0.693197 0 0 0 0 
0.457508 0.670265 0 0 0 0 
0.44461 0.647333 0 0 0 0 
0.488435 0.698149 0 0 0 0 
0.475538 0.675217 0 0 0 0 
0.46264 0.652285 0 0 0 0 
0.493567 0.68017 0 0 0 0 
0.48067 0.657238 0 0 0 0 
0.498699 0.662191 0 0 0 0 
1 2 6
2 7 6
2 3 7
3 8 7
3 4 8
4 9 8
4 5 9
6 7 10
7 11 10
7 8 11
8 12 11
8 9 12
10 11 13
11 14 13
11 12 14
13 14 15
ZONE N=15, E=16, F=FEPOINT, ET=TRIANGLE
0.292164 0.587822 0 0 0 0 
0.298929 0.603648 0 0 0 0 
0.305693 0.619475 0 0 0 0 
0.312457 0.635301 0 0 0 0 
0.319221 0.651128 0 0 0 0 
0.275225 0.590869 0 0 0 0 
0.281989 0.606696 0 0 0 0 
0.288753 0.622522 0 0 0 0 
0.295517 0.638349 0 0 0 0 
0.258286 0.593917 0 0 0 0 
0.26505 0.609743 0 0 0 0 
0.271814 0.62557 0 0 0 0 
0.241346 0.596964 0 0 0 0 
0.24811 0.61279 0 0 0 0 
0.224407 0.600011 0 0 0 0 
1 2 6
2 7 6
2 3 7
3 8 7
3 4 8
4 9 8
4 5 9
6 7 10
7 11 10
7 8 11
8 12 11
8 9 12
10 11 13
11 14 13
11 12 14
13 14 15
ZONE N=15, E=16, F=FEPOINT, ET=TRIANGLE
0.406251 0.50527 0 0 0 0 
0.424911 0.507667 0 0 0 0 
0.443571 0.510063 0 0 0 0 
0.462231 0.512459 0 0 0 0 
0.480891 0.514855 0 0 0 0 
0.403958 0.523126 0 0 0 0 
0.422618 0.525522 0 0 0 0 
0.441278 0.527918 0 0 0 0 
0.459938 0.530314 0 0 0 0 
0.401665 0.540981 0 0 0 0 
0.420325 0.543377 0 0 0 0 
0.438986 0.545773 0 0 0 0 
0.399373 0.558837 0 0 0 0 
0.418033 0.561233 0 0 0 0 
0.39708 0.576692 0 0 0 0 
1 2 6
2 7 6
2 3 7
3 8 7
3 4 8
4 9 8
4 5 9
6 7 10
7 11 10
7 8 11
8 12 11
8 9 12
10 11 13
11 14 13
11 12 14
13 14 15
ZONE N=15, E=16, F=FEPOINT, ET=TRIANGLE
0.319221 0.651128 0 0 0 0 
0.338686 0.632519 0 0 0 0 
0.35815 0.61391 0 0 0 0 
0.377615 0.595301 0 0 0 0 
0.39708 0.576692 0 0 0 0 
0.346061 0.648941 0 0 0 0 
0.365526 0.630332 0 0 0 0 
0.38499 0.611723 0 0 0 0 
0.404455 0.593114 0 0 0 0 
0.372901 0.646754 0 0 0 0 
0.392366 0.628145 0 0 0 0 
0.41183 0.609536 0 0 0 0 
0.399741 0.644567 0 0 0 0 
0.419206 0.625958 0 0 0 0 
0.426581 0.64238 0 0 0 0 
1 2 6
2 7 6
2 3 7
3 8 7
3 4 8
4 9 8
4 5 9
6 7 10
7 11 10
7 8 11
8 12 11
8 9 12
10 11 13
11 14 13
11 12 14
13 14 15
ZONE N=15, E=16, F=FEPOINT, ET=TRIANGLE
0.207727 0.744441 0 0 0 0 
0.220308 0.731158 0 0 0 0 
0.23289 0.717874 0 0 0 0 
0.245471 0.70459 0 0 0 0 
0.258052 0.691307 0 0 0 0 
0.226552 0.749671 0 0 0 0 
0.239134 0.736387 0 0 0 0 
0.251715 0.723104 0 0 0 0 
0.264296 0.70982 0 0 0 0 
0.245377 0.754901 0 0 0 0 
0.257959 0.741617 0 0 0 0 
0.27054 0.728334 0 0 0 0 
0.264203 0.760131 0 0 0 0 
0.276784 0.746847 0 0 0 0 
0.283028 0.765361 0 0 0 0 
1 2 6
2 7 6
2 3 7
3 8 7
3 4 8
4 9 8
4 5 9
6 7 10
7 11 10
7 8 11
8 12 11
8 9 12
10 11 13
11 14 13
11 12 14
13 14 15
ZONE N=15, E=16, F=FEPOINT, ET=TRIANGLE
0.258052 0.691307 0 0 0 0 
0.273345 0.681262 0 0 0 0 
0.288637 0.671217 0 0 0 0 
0.303929 0.661173 0 0 0 0 
0.319221 0.651128 0 0 0 0 
0.264296 0.70982 0 0 0 0 
0.279588 0.699776 0 0 0 0 
0.294881 0.689731 0 0 0 0 
0.310173 0.679686 0 0 0 0 
0.27054 0.728334 0 0 0 0 
0.285832 0.718289 0 0 0 0 
0.301124 0.708244 0 0 0 0 
0.276784 0.746847 0 0 0 0 
0.292076 0.736803 0 0 0 0 
0.283028 0.765361 0 0 0 0 
1 2 6
2 7 6
2 3 7
3 8 7
3 4 8
4 9 8
4 5 9
6 7 10
7 11 10
7 8 11
8 12 11
8 9 12
10 11 13
11 14 13
11 12 14
13 14 15
ZONE N=15, E=16, F=FEPOINT, ET=TRIANGLE
0.0334883 0.481094 0 0 0 0 
0.0128722 0.493448 0 0 0 0 
-0.00774395 0.505802 0 0 0 0 
-0.0283601 0.518156 0 0 0 0 
-0.0489762 0.53051 0 0 0 0 
0.0171525 0.477212 0 0 0 0 
-0.00346367 0.489566 0 0 0 0 
-0.0240798 0.50192 0 0 0 0 
-0.0446959 0.514274 0 0 0 0 
0.000816616 0.47333 0 0 0 0 
-0.0197995 0.485684 0 0 0 0 
-0.0404157 0.498038 0 0 0 0 
-0.0155192 0.469448 0 0 0 0 
-0.0361354 0.481801 0 0 0 0 
-0.0318551 0.465565 0 0 0 0 
1 2 6
2 7 6
2 3 7
3 8 7
3 4 8
4 9 8
4 5 9
6 7 10
7 11 10
7 8 11
8 12 11
8 9 12
10 11 13
11 14 13
11 12 14
13 14 15
ZONE N=15, E=16, F=FEPOINT, ET=TRIANGLE
0.0155414 0.411369 0 0 0 0 
0.0200282 0.4288 0 0 0 0 
0.0245149 0.446231 0 0 0 0 
0.0290016 0.463663 0 0 0 0 
0.0334883 0.481094 0 0 0 0 
0.0036923 0.424918 0 0 0 0 
0.00817902 0.442349 0 0 0 0 
0.0126657 0.459781 0 0 0 0 
0.0171525 0.477212 0 0 0 0 
-0.00815683 0.438467 0 0 0 0 
-0.00367011 0.455898 0 0 0 0 
0.000816616 0.47333 0 0 0 0 
-0.020006 0.452016 0 0 0 0 
-0.0155192 0.469448 0 0 0 0 
-0.0318551 0.465565 0 0 0 0 
1 2 6
2 7 6
2 3 7
3 8 7
3 4 8
4 9 8
4 5 9
6 7 10
7 11 10
7 8 11
8 12 11
8 9 12
10 11 13
11 14 13
11 12 14
13 14 15
ZONE N=15, E=16, F=FEPOINT, ET=TRIANGLE
0.55557 0.83147 0 0 0 0 
0.528034 0.823399 0 0 0 0 
0.500497 0.815328 0 0 0 0 
0.472961 0.807257 0 0 0 0 
0.445425 0.799186 0 0 0 0 
0.53622 0.807129 0 0 0 0 
0.508684 0.799058 0 0 0 0 
0.481148 0.790988 0 0 0 0 
0.453611 0.782917 0 0 0 0 
0.516871 0.782789 0 0 0 0 
0.489334 0.774718 0 0 0 0 
0.461798 0.766647 0 0 0 0 
0.497521 0.758449 0 0 0 0 
0.469984 0.750378 0 0 0 0 
0.478171 0.734108 0 0 0 0 
1 2 6
2 7 6
2 3 7
3 8 7
3 4 8
4 9 8
4 5 9
6 7 10
7 11 10
7 8 11
8 12 11
8 9 12
10 11 13
11 14 13
11 12 14
13 14 15
ZONE N=15, E=16, F=FEPOINT, ET=TRIANGLE
0.00848944 0.749083 0 0 0 0 
0.02296 0.763257 0 0 0 0 
0.0374305 0.777431 0 0 0 0 
0.0519011 0.791605 0 0 0 0 
0.0663716 0.805779 0 0 0 0 
0.00690622 0.768762 0 0 0 0 
0.0213768 0.782936 0 0 0 0 
0.0358473 0.79711 0 0 0 0 
0.0503179 0.811284 0 0 0 0 
0.005323 0.788441 0 0 0 0 
0.0197935 0.802615 0 0 0 0 
0.0342641 0.816789 0 0 0 0 
0.00373977 0.80812 0 0 0 0 
0.0182103 0.822294 0 0 0 0 
0.00215655 0.827799 0 0 0 0 
1 2 6
2 7 6
2 3 7
3 8 7
3 4 8
4 9 8
4 5 9
6 7 10
7 11 10
7 8 11
8 12 11
8 9 12
10 11 13
11 14 13
11 12 14
13 14 15
ZONE N=15, E=16, F=FEPOINT, ET=TRIANGLE
0.0998131 0.731979 0 0 0 0 
0.086626 0.715123 0 0 0 0 
0.0734388 0.698268 0 0 0 0 
0.0602517 0.681413 0 0 0 0 
0.0470646 0.664558 0 0 0 0 
0.105727 0.705473 0 0 0 0 
0.0925403 0.688617 0 0 0 0 
0.0793532 0.671762 0 0 0 0 
0.066166 0.654907 0 0 0 0 
0.111642 0.678967 0 0 0 0 
0.0984546 0.662111 0 0 0 0 
0.0852675 0.645256 0 0 0 0 
0.117556 0.652461 0 0 0 0 
0.104369 0.635605 0 0 0 0 
0.12347 0.625955 0 0 0 0 
1 2 6
2 7 6
2 3 7
3 8 7
3 4 8
4 9 8
4 5 9
6 7 10
7 11 10
7 8 11
8 12 11
8 9 12
10 11 13
11 14 13
11 12 14
13 14 15
ZONE N=15, E=16, F=FEPOINT, ET=TRIANGLE
-0.0489762 0.53051 0 0 0 0 
-0.0401415 0.555129 0 0 0 0 
-0.0313068 0.579748 0 0 0 0 
-0.0224721 0.604366 0 0 0 0 
-0.0136373 0.628985 0 0 0 0 
-0.0622138 0.54374 0 0 0 0 
-0.0533791 0.568359 0 0 0 0 
-0.0445444 0.592978 0 0 0 0 
-0.0357097 0.617597 0 0 0 0 
-0.0754514 0.55697 0 0 0 0 
-0.0666167 0.581589 0 0 0 0 
-0.057782 0.606208 0 0 0 0 
-0.088689 0.5702 0 0 0 0 
-0.0798543 0.594819 0 0 0 0 
-0.101927 0.58343 0 0 0 0 
1 2 6
2 7 6
2 3 7
3 8 7
3 4 8
4 9 8
4 5 9
6 7 10
7 11 10
7 8 11
8 12 11
8 9 12
10 11 13
11 14 13
11 12 14
13 14 15
ZONE N=15, E=16, F=FEPOINT, ET=TRIANGLE
-0.0489762 0.53051 0 0 0 0 
-0.0659381 0.525399 0 0 0 0 
-0.0829 0.520288 0 0 0 0 
-0.0998619 0.515177 0 0 0 0 
-0.116824 0.510065 0 0 0 0 
-0.0446959 0.514274 0 0 0 0 
-0.0616578 0.509163 0 0 0 0 
-0.0786197 0.504052 0 0 0 0 
-0.0955816 0.49894 0 0 0 0 
-0.0404157 0.498038 0 0 0 0 
-0.0573776 0.492927 0 0 0 0 
-0.0743395 0.487815 0 0 0 0 
-0.0361354 0.481801 0 0 0 0 
-0.0530973 0.47669 0 0 0 0 
-0.0318551 0.465565 0 0 0 0 
1 2 6
2 7 6
2 3 7
3 8 7
3 4 8
4 9 8
4 5 9
6 7 10
7 11 10
7 8 11
8 12 11
8 9 12
10 11 13
11 14 13
11 12 14
13 14 15
ZONE N=15, E=16, F=FEPOINT, ET=TRIANGLE
-0.0559537 0.402874 0 0 0 0 
-0.0380799 0.404998 0 0 0 0 
-0.0202061 0.407122 0 0 0 0 
-0.00233235 0.409245 0 0 0 0 
0.0155414 0.411369 0 0 0 0 
-0.0499291 0.418547 0 0 0 0 
-0.0320553 0.420671 0 0 0 0 
-0.0141815 0.422794 0 0 0 0 
0.0036923 0.424918 0 0 0 0 
-0.0439044 0.43422 0 0 0 0 
-0.0260306 0.436343 0 0 0 0 
-0.00815683 0.438467 0 0 0 0 
-0.0378797 0.449893 0 0 0 0 
-0.020006 0.452016 0 0 0 0 
-0.0318551 0.465565 0 0 0 0 
1 2 6
2 7 6
2 3 7
3 8 7
3 4 8
4 9 8
4 5 9
6 7 10
7 11 10
7 8 11
8 12 11
8 9 12
10 11 13
11 14 13
11 12 14
13 14 15
ZONE N=15, E=16, F=FEPOINT, ET=TRIANGLE
-0.0559537 0.402874 0 0 0 0 
-0.0357472 0.377788 0 0 0 0 
-0.0155406 0.352702 0 0 0 0 
0.00466591 0.327616 0 0 0 0 
0.0248725 0.30253 0 0 0 0 
-0.0380799 0.404998 0 0 0 0 
-0.0178734 0.379912 0 0 0 0 
0.00233316 0.354826 0 0 0 0 
0.0225397 0.32974 0 0 0 0 
-0.0202061 0.407122 0 0 0 0 
4.03867e-07 0.382036 0 0 0 0 
0.0202069 0.35695 0 0 0 0 
-0.00233235 0.409245 0 0 0 0 
0.0178742 0.384159 0 0 0 0 
0.0155414 0.411369 0 0 0 0 
1 2 6
2 7 6
2 3 7
3 8 7
3 4 8
4 9 8
4 5 9
6 7 10
7 11 10
7 8 11
8 12 11
8 9 12
10 11 13
11 14 13
11 12 14
13 14 15
ZONE N=15, E=16, F=FEPOINT, ET=TRIANGLE
0.0684729 0.358154 0 0 0 0 
0.0805245 0.376844 0 0 0 0 
0.0925761 0.395533 0 0 0 0 
0.104628 0.414222 0 0 0 0 
0.116679 0.432911 0 0 0 0 
0.05524 0.371458 0 0 0 0 
0.0672916 0.390147 0 0 0 0 
0.0793433 0.408837 0 0 0 0 
0.0913949 0.427526 0 0 0 0 
0.0420071 0.384762 0 0 0 0 
0.0540588 0.403451 0 0 0 0 
0.0661104 0.42214 0 0 0 0 
0.0287743 0.398065 0 0 0 0 
0.0408259 0.416754 0 0 0 0 
0.0155414 0.411369 0 0 0 0 
1 2 6
2 7 6
2 3 7
3 8 7
3 4 8
4 9 8
4 5 9
6 7 10
7 11 10
7 8 11
8 12 11
8 9 12
10 11 13
11 14 13
11 12 14
13 14 15
ZONE N=15, E=16, F=FEPOINT, ET=TRIANGLE
0.319221 0.651128 0 0 0 0 
0.303929 0.661173 0 0 0 0 
0.288637 0.671217 0 0 0 0 
0.273345 0.681262 0 0 0 0 
0.258052 0.691307 0 0 0 0 
0.295517 0.638349 0 0 0 0 
0.280225 0.648393 0 0 0 0 
0.264933 0.658438 0 0 0 0 
0.249641 0.668483 0 0 0 0 
0.271814 0.62557 0 0 0 0 
0.256522 0.635614 0 0 0 0 
0.24123 0.645659 0 0 0 0 
0.24811 0.61279 0 0 0 0 
0.232818 0.622835 0 0 0 0 
0.224407 0.600011 0 0 0 0 
1 2 6
2 7 6
2 3 7
3 8 7
3 4 8
4 9 8
4 5 9
6 7 10
7 11 10
7 8 11
8 12 11
8 9 12
10 11 13
11 14 13
11 12 14
13 14 15
ZONE N=15, E=16, F=FEPOINT, ET=TRIANGLE
0.207727 0.744441 0 0 0 0 
0.180749 0.741326 0 0 0 0 
0.15377 0.73821 0 0 0 0 
0.126792 0.735094 0 0 0 0 
0.0998131 0.731979 0 0 0 0 
0.202881 0.725587 0 0 0 0 
0.175903 0.722471 0 0 0 0 
0.148924 0.719356 0 0 0 0 
0.121946 0.71624 0 0 0 0 
0.198035 0.706733 0 0 0 0 
0.171056 0.703617 0 0 0 0 
0.144078 0.700502 0 0 0 0 
0.193189 0.687879 0 0 0 0 
0.16621 0.684763 0 0 0 0 
0.188343 0.669024 0 0 0 0 
1 2 6
2 7 6
2 3 7
3 8 7
3 4 8
4 9 8
4 5 9
6 7 10
7 11 10
7 8 11
8 12 11
8 9 12
10 11 13
11 14 13
11 12 14
13 14 15
ZONE N=15, E=16, F=FEPOINT, ET=TRIANGLE
0.319221 0.651128 0 0 0 0 
0.333795 0.664192 0 0 0 0 
0.348368 0.677255 0 0 0 0 
0.362942 0.690319 0 0 0 0 
0.377515 0.703382 0 0 0 0 
0.310173 0.679686 0 0 0 0 
0.324746 0.69275 0 0 0 0 
0.33932 0.705813 0 0 0 0 
0.353893 0.718877 0 0 0 0 
0.301124 0.708244 0 0 0 0 
0.315698 0.721308 0 0 0 0 
0.330272 0.734372 0 0 0 0 
0.292076 0.736803 0 0 0 0 
0.30665 0.749866 0 0 0 0 
0.283028 0.765361 0 0 0 0 
1 2 6
2 7 6
2 3 7
3 8 7
3 4 8
4 9 8
4 5 9
6 7 10
7 11 10
7 8 11
8 12 11
8 9 12
10 11 13
11 14 13
11 12 14
13 14 15
ZONE N=15, E=16, F=FEPOINT, ET=TRIANGLE
0.258052 0.691307 0 0 0 0 
0.245471 0.70459 0 0 0 0 
0.23289 0.717874 0 0 0 0 
0.220308 0.731158 0 0 0 0 
0.207727 0.744441 0 0 0 0 
0.240625 0.685736 0 0 0 0 
0.228044 0.69902 0 0 0 0 
0.215462 0.712303 0 0 0 0 
0.202881 0.725587 0 0 0 0 
0.223198 0.680166 0 0 0 0 
0.210616 0.693449 0 0 0 0 
0.198035 0.706733 0 0 0 0 
0.20577 0.674595 0 0 0 0 
0.193189 0.687879 0 0 0 0 
0.188343 0.669024 0 0 0 0 
1 2 6
2 7 6
2 3 7
3 8 7
3 4 8
4 9 8
4 5 9
6 7 10
7 11 10
7 8 11
8 12 11
8 9 12
10 11 13
11 14 13
11 12 14
13 14 15
ZONE N=15, E=16, F=FEPOINT, ET=TRIANGLE
0.377515 0.703382 0 0 0 0 
0.362942 0.690319 0 0 0 0 
0.348368 0.677255 0 0 0 0 
0.333795 0.664192 0 0 0 0 
0.319221 0.651128 0 0 0 0 
0.389782 0.688132 0 0 0 0 
0.375208 0.675068 0 0 0 0 
0.360635 0.662004 0 0 0 0 
0.346061 0.648941 0 0 0 0 
0.402048 0.672881 0 0 0 0 
0.387475 0.659817 0 0 0 0 
0.372901 0.646754 0 0 0 0 
0.414315 0.65763 0 0 0 0 
0.399741 0.644567 0 0 0 0 
0.426581 0.64238 0 0 0 0 
1 2 6
2 7 6
2 3 7
3 8 7
3 4 8
4 9 8
4 5 9
6 7 10
7 11 10
7 8 11
8 12 11
8 9 12
10 11 13
11 14 13
11 12 14
13 14 15
ZONE N=15, E=16, F=FEPOINT, ET=TRIANGLE
0.479825 0.589728 0 0 0 0 
0.50084 0.598678 0 0 0 0 
0.521856 0.607628 0 0 0 0 
0.542871 0.616578 0 0 0 0 
0.563887 0.625528 0 0 0 0 
0.484543 0.607844 0 0 0 0 
0.505559 0.616794 0 0 0 0 
0.526574 0.625744 0 0 0 0 
0.54759 0.634694 0 0 0 0 
0.489262 0.625959 0 0 0 0 
0.510277 0.634909 0 0 0 0 
0.531293 0.643859 0 0 0 0 
0.493981 0.644075 0 0 0 0 
0.514996 0.653025 0 0 0 0 
0.498699 0.662191 0 0 0 0 
1 2 6
2 7 6
2 3 7
3 8 7
3 4 8
4 9 8
4 5 9
6 7 10
7 11 10
7 8 11
8 12 11
8 9 12
10 11 13
11 14 13
11 12 14
13 14 15
ZONE N=15, E=16, F=FEPOINT, ET=TRIANGLE
0.283028 0.765361 0 0 0 0 
0.289195 0.785628 0 0 0 0 
0.295362 0.805895 0 0 0 0 
0.301528 0.826162 0 0 0 0 
0.307695 0.84643 0 0 0 0 
0.268446 0.781353 0 0 0 0 
0.274613 0.80162 0 0 0 0 
0.28078 0.821887 0 0 0 0 
0.286947 0.842154 0 0 0 0 
0.253864 0.797344 0 0 0 0 
0.260031 0.817611 0 0 0 0 
0.266198 0.837879 0 0 0 0 
0.239282 0.813336 0 0 0 0 
0.245449 0.833603 0 0 0 0 
0.224701 0.829328 0 0 0 0 
1 2 6
2 7 6
2 3 7
3 8 7
3 4 8
4 9 8
4 5 9
6 7 10
7 11 10
7 8 11
8 12 11
8 9 12
10 11 13
11 14 13
11 12 14
13 14 15
ZONE N=15, E=16, F=FEPOINT, ET=TRIANGLE
0.228927 0.900892 0 0 0 0 
0.244266 0.914904 0 0 0 0 
0.259606 0.928916 0 0 0 0 
0.274945 0.942928 0 0 0 0 
0.290285 0.95694 0 0 0 0 
0.220468 0.920866 0 0 0 0 
0.235807 0.934878 0 0 0 0 
0.251147 0.94889 0 0 0 0 
0.266486 0.962902 0 0 0 0 
0.212009 0.940839 0 0 0 0 
0.227348 0.954851 0 0 0 0 
0.242687 0.968863 0 0 0 0 
0.203549 0.960812 0 0 0 0 
0.218889 0.974824 0 0 0 0 
0.19509 0.980785 0 0 0 0 
1 2 6
2 7 6
2 3 7
3 8 7
3 4 8
4 9 8
4 5 9
6 7 10
7 11 10
7 8 11
8 12 11
8 9 12
10 11 13
11 14 13
11 12 14
13 14 15
ZONE N=15, E=16, F=FEPOINT, ET=TRIANGLE
0.35724 0.775485 0 0 0 0 
0.338687 0.772954 0 0 0 0 
0.320134 0.770423 0 0 0 0 
0.301581 0.767892 0 0 0 0 
0.283028 0.765361 0 0 0 0 
0.362309 0.75746 0 0 0 0 
0.343756 0.754928 0 0 0 0 
0.325203 0.752397 0 0 0 0 
0.30665 0.749866 0 0 0 0 
0.367378 0.739434 0 0 0 0 
0.348825 0.736903 0 0 0 0 
0.330272 0.734372 0 0 0 0 
0.372446 0.721408 0 0 0 0 
0.353893 0.718877 0 0 0 0 
0.377515 0.703382 0 0 0 0 
1 2 6
2 7 6
2 3 7
3 8 7
3 4 8
4 9 8
4 5 9
6 7 10
7 11 10
7 8 11
8 12 11
8 9 12
10 11 13
11 14 13
11 12 14
13 14 15
ZONE N=15, E=16, F=FEPOINT, ET=TRIANGLE
-0.0617781 0.726481 0 0 0 0 
-0.0497429 0.702107 0 0 0 0 
-0.0377077 0.677733 0 0 0 0 
-0.0256725 0.653359 0 0 0 0 
-0.0136373 0.628985 0 0 0 0 
-0.0442112 0.732131 0 0 0 0 
-0.032176 0.707757 0 0 0 0 
-0.0201408 0.683383 0 0 0 0 
-0.00810565 0.65901 0 0 0 0 
-0.0266443 0.737782 0 0 0 0 
-0.0146091 0.713408 0 0 0 0 
-0.00257395 0.689034 0 0 0 0 
-0.00907744 0.743432 0 0 0 0 
0.00295775 0.719058 0 0 0 0 
0.00848944 0.749083 0 0 0 0 
1 2 6
2 7 6
2 3 7
3 8 7
3 4 8
4 9 8
4 5 9
6 7 10
7 11 10
7 8 11
8 12 11
8 9 12
10 11 13
11 14 13
11 12 14
13 14 15
ZONE N=15, E=16, F=FEPOINT, ET=TRIANGLE
0.00848944 0.749083 0 0 0 0 
0.0313204 0.744807 0 0 0 0 
0.0541513 0.740531 0 0 0 0 
0.0769822 0.736255 0 0 0 0 
0.0998131 0.731979 0 0 0 0 
0.02296 0.763257 0 0 0 0 
0.0457909 0.758981 0 0 0 0 
0.0686218 0.754705 0 0 0 0 
0.0914527 0.750429 0 0 0 0 
0.0374305 0.777431 0 0 0 0 
0.0602614 0.773155 0 0 0 0 
0.0830924 0.768879 0 0 0 0 
0.0519011 0.791605 0 0 0 0 
0.074732 0.787329 0 0 0 0 
0.0663716 0.805779 0 0 0 0 
1 2 6
2 7 6
2 3 7
3 8 7
3 4 8
4 9 8
4 5 9
6 7 10
7 11 10
7 8 11
8 12 11
8 9 12
10 11 13
11 14 13
11 12 14
13 14 15
ZONE N=15, E=16, F=FEPOINT, ET=TRIANGLE
0.382683 0.92388 0 0 0 0 
0.359584 0.932145 0 0 0 0 
0.336484 0.94041 0 0 0 0 
0.313384 0.948675 0 0 0 0 
0.290285 0.95694 0 0 0 0 
0.363936 0.904517 0 0 0 0 
0.340837 0.912782 0 0 0 0 
0.317737 0.921047 0 0 0 0 
0.294637 0.929313 0 0 0 0 
0.345189 0.885155 0 0 0 0 
0.32209 0.89342 0 0 0 0 
0.29899 0.901685 0 0 0 0 
0.326442 0.865792 0 0 0 0 
0.303343 0.874057 0 0 0 0 
0.307695 0.84643 0 0 0 0 
1 2 6
2 7 6
2 3 7
3 8 7
3 4 8
4 9 8
4 5 9
6 7 10
7 11 10
7 8 11
8 12 11
8 9 12
10 11 13
11 14 13
11 12 14
13 14 15
ZONE N=15, E=16, F=FEPOINT, ET=TRIANGLE
0.207727 0.744441 0 0 0 0 
0.226552 0.749671 0 0 0 0 
0.245377 0.754901 0 0 0 0 
0.264203 0.760131 0 0 0 0 
0.283028 0.765361 0 0 0 0 
0.211971 0.765663 0 0 0 0 
0.230796 0.770893 0 0 0 0 
0.249621 0.776123 0 0 0 0 
0.268446 0.781353 0 0 0 0 
0.216214 0.786884 0 0 0 0 
0.235039 0.792114 0 0 0 0 
0.253864 0.797344 0 0 0 0 
0.220457 0.808106 0 0 0 0 
0.239282 0.813336 0 0 0 0 
0.224701 0.829328 0 0 0 0 
1 2 6
2 7 6
2 3 7
3 8 7
3 4 8
4 9 8
4 5 9
6 7 10
7 11 10
7 8 11
8 12 11
8 9 12
10 11 13
11 14 13
11 12 14
13 14 15
ZONE N=15, E=16, F=FEPOINT, ET=TRIANGLE
0.149786 0.800167 0 0 0 0 
0.168514 0.807457 0 0 0 0 
0.187243 0.814747 0 0 0 0 
0.205972 0.822037 0 0 0 0 
0.224701 0.829328 0 0 0 0 
0.14067 0.818078 0 0 0 0 
0.159399 0.825368 0 0 0 0 
0.178127 0.832659 0 0 0 0 
0.196856 0.839949 0 0 0 0 
0.131554 0.83599 0 0 0 0 
0.150283 0.84328 0 0 0 0 
0.169012 0.85057 0 0 0 0 
0.122438 0.853901 0 0 0 0 
0.141167 0.861191 0 0 0 0 
0.113323 0.871812 0 0 0 0 
1 2 6
2 7 6
2 3 7
3 8 7
3 4 8
4 9 8
4 5 9
6 7 10
7 11 10
7 8 11
8 12 11
8 9 12
10 11 13
11 14 13
11 12 14
13 14 15
ZONE N=15, E=16, F=FEPOINT, ET=TRIANGLE
0.224701 0.829328 0 0 0 0 
0.225757 0.847219 0 0 0 0 
0.226814 0.86511 0 0 0 0 
0.22787 0.883001 0 0 0 0 
0.228927 0.900892 0 0 0 0 
0.196856 0.839949 0 0 0 0 
0.197913 0.85784 0 0 0 0 
0.198969 0.875731 0 0 0 0 
0.200026 0.893622 0 0 0 0 
0.169012 0.85057 0 0 0 0 
0.170068 0.868461 0 0 0 0 
0.171125 0.886352 0 0 0 0 
0.141167 0.861191 0 0 0 0 
0.142224 0.879082 0 0 0 0 
0.113323 0.871812 0 0 0 0 
1 2 6
2 7 6
2 3 7
3 8 7
3 4 8
4 9 8
4 5 9
6 7 10
7 11 10
7 8 11
8 12 11
8 9 12
10 11 13
11 14 13
11 12 14
13 14 15
ZONE N=15, E=16, F=FEPOINT, ET=TRIANGLE
0.0998131 0.731979 0 0 0 0 
0.0769822 0.736255 0 0 0 0 
0.0541513 0.740531 0 0 0 0 
0.0313204 0.744807 0 0 0 0 
0.00848944 0.749083 0 0 0 0 
0.086626 0.715123 0 0 0 0 
0.0637951 0.719399 0 0 0 0 
0.0409641 0.723676 0 0 0 0 
0.0181332 0.727952 0 0 0 0 
0.0734388 0.698268 0 0 0 0 
0.0506079 0.702544 0 0 0 0 
0.027777 0.70682 0 0 0 0 
0.0602517 0.681413 0 0 0 0 
0.0374208 0.685689 0 0 0 0 
0.0470646 0.664558 0 0 0 0 
1 2 6
2 7 6
2 3 7
3 8 7
3 4 8
4 9 8
4 5 9
6 7 10
7 11 10
7 8 11
8 12 11
8 9 12
10 11 13
11 14 13
11 12 14
13 14 15
ZONE N=15, E=16, F=FEPOINT, ET=TRIANGLE
0.290285 0.95694 0 0 0 0 
0.274945 0.942928 0 0 0 0 
0.259606 0.928916 0 0 0 0 
0.244266 0.914904 0 0 0 0 
0.228927 0.900892 0 0 0 0 
0.294637 0.929313 0 0 0 0 
0.279298 0.915301 0 0 0 0 
0.263958 0.901289 0 0 0 0 
0.248619 0.887277 0 0 0 0 
0.29899 0.901685 0 0 0 0 
0.283651 0.887673 0 0 0 0 
0.268311 0.873661 0 0 0 0 
0.303343 0.874057 0 0 0 0 
0.288003 0.860045 0 0 0 0 
0.307695 0.84643 0 0 0 0 
1 2 6
2 7 6
2 3 7
3 8 7
3 4 8
4 9 8
4 5 9
6 7 10
7 11 10
7 8 11
8 12 11
8 9 12
10 11 13
11 14 13
11 12 14
13 14 15
ZONE N=15, E=16, F=FEPOINT, ET=TRIANGLE
0.00848944 0.749083 0 0 0 0 
0.00295775 0.719058 0 0 0 0 
-0.00257395 0.689034 0 0 0 0 
-0.00810565 0.65901 0 0 0 0 
-0.0136373 0.628985 0 0 0 0 
0.0181332 0.727952 0 0 0 0 
0.0126015 0.697927 0 0 0 0 
0.00706983 0.667903 0 0 0 0 
0.00153813 0.637878 0 0 0 0 
0.027777 0.70682 0 0 0 0 
0.0222453 0.676796 0 0 0 0 
0.0167136 0.646771 0 0 0 0 
0.0374208 0.685689 0 0 0 0 
0.0318891 0.655664 0 0 0 0 
0.0470646 0.664558 0 0 0 0 
1 2 6
2 7 6
2 3 7
3 8 7
3 4 8
4 9 8
4 5 9
6 7 10
7 11 10
7 8 11
8 12 11
8 9 12
10 11 13
11 14 13
11 12 14
13 14 15
ZONE N=15, E=16, F=FEPOINT, ET=TRIANGLE
0.224701 0.829328 0 0 0 0 
0.205972 0.822037 0 0 0 0 
0.187243 0.814747 0 0 0 0 
0.168514 0.807457 0 0 0 0 
0.149786 0.800167 0 0 0 0 
0.220457 0.808106 0 0 0 0 
0.201729 0.800816 0 0 0 0 
0.183 0.793526 0 0 0 0 
0.164271 0.786236 0 0 0 0 
0.216214 0.786884 0 0 0 0 
0.197485 0.779594 0 0 0 0 
0.178756 0.772304 0 0 0 0 
0.211971 0.765663 0 0 0 0 
0.193242 0.758373 0 0 0 0 
0.207727 0.744441 0 0 0 0 
1 2 6
2 7 6
2 3 7
3 8 7
3 4 8
4 9 8
4 5 9
6 7 10
7 11 10
7 8 11
8 12 11
8 9 12
10 11 13
11 14 13
11 12 14
13 14 15
ZONE N=15, E=16, F=FEPOINT, ET=TRIANGLE
-0.0617781 0.726481 0 0 0 0 
-0.0620664 0.746988 0 0 0 0 
-0.0623547 0.767496 0 0 0 0 
-0.062643 0.788003 0 0 0 0 
-0.0629312 0.80851 0 0 0 0 
-0.0781599 0.734975 0 0 0 0 
-0.0784482 0.755483 0 0 0 0 
-0.0787365 0.77599 0 0 0 0 
-0.0790248 0.796498 0 0 0 0 
-0.0945418 0.74347 0 0 0 0 
-0.0948301 0.763977 0 0 0 0 
-0.0951183 0.784485 0 0 0 0 
-0.110924 0.751965 0 0 0 0 
-0.111212 0.772472 0 0 0 0 
-0.127305 0.760459 0 0 0 0 
1 2 6
2 7 6
2 3 7
3 8 7
3 4 8
4 9 8
4 5 9
6 7 10
7 11 10
7 8 11
8 12 11
8 9 12
10 11 13
11 14 13
11 12 14
13 14 15
ZONE N=15, E=16, F=FEPOINT, ET=TRIANGLE
-0.0791142 0.654732 0 0 0 0 
-0.0848173 0.636907 0 0 0 0 
-0.0905204 0.619081 0 0 0 0 
-0.0962235 0.601256 0 0 0 0 
-0.101927 0.58343 0 0 0 0 
-0.062745 0.648295 0 0 0 0 
-0.0684481 0.63047 0 0 0 0 
-0.0741512 0.612644 0 0 0 0 
-0.0798543 0.594819 0 0 0 0 
-0.0463758 0.641859 0 0 0 0 
-0.0520789 0.624033 0 0 0 0 
-0.057782 0.606208 0 0 0 0 
-0.0300066 0.635422 0 0 0 0 
-0.0357097 0.617597 0 0 0 0 
-0.0136373 0.628985 0 0 0 0 
1 2 6
2 7 6
2 3 7
3 8 7
3 4 8
4 9 8
4 5 9
6 7 10
7 11 10
7 8 11
8 12 11
8 9 12
10 11 13
11 14 13
11 12 14
13 14 15
ZONE N=15, E=16, F=FEPOINT, ET=TRIANGLE
-0.0136373 0.628985 0 0 0 0 
-0.00110688 0.616641 0 0 0 0 
0.0114236 0.604298 0 0 0 0 
0.023954 0.591954 0 0 0 0 
0.0364845 0.57961 0 0 0 0 
0.00153813 0.637878 0 0 0 0 
0.0140686 0.625535 0 0 0 0 
0.0265991 0.613191 0 0 0 0 
0.0391295 0.600847 0 0 0 0 
0.0167136 0.646771 0 0 0 0 
0.0292441 0.634428 0 0 0 0 
0.0417745 0.622084 0 0 0 0 
0.0318891 0.655664 0 0 0 0 
0.0444196 0.643321 0 0 0 0 
0.0470646 0.664558 0 0 0 0 
1 2 6
2 7 6
2 3 7
3 8 7
3 4 8
4 9 8
4 5 9
6 7 10
7 11 10
7 8 11
8 12 11
8 9 12
10 11 13
11 14 13
11 12 14
13 14 15
ZONE N=15, E=16, F=FEPOINT, ET=TRIANGLE
0.135541 0.931411 0 0 0 0 
0.158888 0.923781 0 0 0 0 
0.182234 0.916152 0 0 0 0 
0.20558 0.908522 0 0 0 0 
0.228927 0.900892 0 0 0 0 
0.150428 0.943755 0 0 0 0 
0.173775 0.936125 0 0 0 0 
0.197121 0.928495 0 0 0 0 
0.220468 0.920866 0 0 0 0 
0.165316 0.956098 0 0 0 0 
0.188662 0.948469 0 0 0 0 
0.212009 0.940839 0 0 0 0 
0.180203 0.968442 0 0 0 0 
0.203549 0.960812 0 0 0 0 
0.19509 0.980785 0 0 0 0 
1 2 6
2 7 6
2 3 7
3 8 7
3 4 8
4 9 8
4 5 9
6 7 10
7 11 10
7 8 11
8 12 11
8 9 12
10 11 13
11 14 13
11 12 14
13 14 15
ZONE N=15, E=16, F=FEPOINT, ET=TRIANGLE
0.224701 0.829328 0 0 0 0 
0.245449 0.833603 0 0 0 0 
0.266198 0.837879 0 0 0 0 
0.286947 0.842154 0 0 0 0 
0.307695 0.84643 0 0 0 0 
0.225757 0.847219 0 0 0 0 
0.246506 0.851494 0 0 0 0 
0.267255 0.85577 0 0 0 0 
0.288003 0.860045 0 0 0 0 
0.226814 0.86511 0 0 0 0 
0.247562 0.869386 0 0 0 0 
0.268311 0.873661 0 0 0 0 
0.22787 0.883001 0 0 0 0 
0.248619 0.887277 0 0 0 0 
0.228927 0.900892 0 0 0 0 
1 2 6
2 7 6
2 3 7
3 8 7
3 4 8
4 9 8
4 5 9
6 7 10
7 11 10
7 8 11
8 12 11
8 9 12
10 11 13
11 14 13
11 12 14
13 14 15
ZONE N=15, E=16, F=FEPOINT, ET=TRIANGLE
6.12323e-17 1 0 0 0 0 
0.00264304 0.97379 0 0 0 0 
0.00528607 0.947581 0 0 0 0 
0.00792911 0.921371 0 0 0 0 
0.0105721 0.895162 0 0 0 0 
0.0180104 0.980286 0 0 0 0 
0.0206534 0.954076 0 0 0 0 
0.0232964 0.927866 0 0 0 0 
0.0259395 0.901657 0 0 0 0 
0.0360207 0.960571 0 0 0 0 
0.0386638 0.934362 0 0 0 0 
0.0413068 0.908152 0 0 0 0 
0.0540311 0.940857 0 0 0 0 
0.0566741 0.914647 0 0 0 0 
0.0720415 0.921143 0 0 0 0 
1 2 6
2 7 6
2 3 7
3 8 7
3 4 8
4 9 8
4 5 9
6 7 10
7 11 10
7 8 11
8 12 11
8 9 12
10 11 13
11 14 13
11 12 14
13 14 15
ZONE N=15, E=16, F=FEPOINT, ET=TRIANGLE
0.0663716 0.805779 0 0 0 0 
0.0781094 0.822287 0 0 0 0 
0.0898471 0.838795 0 0 0 0 
0.101585 0.855304 0 0 0 0 
0.113323 0.871812 0 0 0 0 
0.0524218 0.828125 0 0 0 0 
0.0641595 0.844633 0 0 0 0 
0.0758973 0.861141 0 0 0 0 
0.087635 0.877649 0 0 0 0 
0.0384719 0.85047 0 0 0 0 
0.0502096 0.866979 0 0 0 0 
0.0619474 0.883487 0 0 0 0 
0.024522 0.872816 0 0 0 0 
0.0362598 0.889324 0 0 0 0 
0.0105721 0.895162 0 0 0 0 
1 2 6
2 7 6
2 3 7
3 8 7
3 4 8
4 9 8
4 5 9
6 7 10
7 11 10
7 8 11
8 12 11
8 9 12
10 11 13
11 14 13
11 12 14
13 14 15
ZONE N=15, E=16, F=FEPOINT, ET=TRIANGLE
0.113323 0.871812 0 0 0 0 
0.101585 0.855304 0 0 0 0 
0.0898471 0.838795 0 0 0 0 
0.0781094 0.822287 0 0 0 0 
0.0663716 0.805779 0 0 0 0 
0.122438 0.853901 0 0 0 0 
0.110701 0.837392 0 0 0 0 
0.0989629 0.820884 0 0 0 0 
0.0872251 0.804376 0 0 0 0 
0.131554 0.83599 0 0 0 0 
0.119816 0.819481 0 0 0 0 
0.108079 0.802973 0 0 0 0 
0.14067 0.818078 0 0 0 0 
0.128932 0.80157 0 0 0 0 
0.149786 0.800167 0 0 0 0 
1 2 6
2 7 6
2 3 7
3 8 7
3 4 8
4 9 8
4 5 9
6 7 10
7 11 10
7 8 11
8 12 11
8 9 12
10 11 13
11 14 13
11 12 14
13 14 15
ZONE N=15, E=16, F=FEPOINT, ET=TRIANGLE
0.149786 0.800167 0 0 0 0 
0.137293 0.78312 0 0 0 0 
0.124799 0.766073 0 0 0 0 
0.112306 0.749026 0 0 0 0 
0.0998131 0.731979 0 0 0 0 
0.164271 0.786236 0 0 0 0 
0.151778 0.769188 0 0 0 0 
0.139285 0.752141 0 0 0 0 
0.126792 0.735094 0 0 0 0 
0.178756 0.772304 0 0 0 0 
0.166263 0.755257 0 0 0 0 
0.15377 0.73821 0 0 0 0 
0.193242 0.758373 0 0 0 0 
0.180749 0.741326 0 0 0 0 
0.207727 0.744441 0 0 0 0 
1 2 6
2 7 6
2 3 7
3 8 7
3 4 8
4 9 8
4 5 9
6 7 10
7 11 10
7 8 11
8 12 11
8 9 12
10 11 13
11 14 13
11 12 14
13 14 15
ZONE N=15, E=16, F=FEPOINT, ET=TRIANGLE
0.0998131 0.731979 0 0 0 0 
0.112306 0.749026 0 0 0 0 
0.124799 0.766073 0 0 0 0 
0.137293 0.78312 0 0 0 0 
0.149786 0.800167 0 0 0 0 
0.0914527 0.750429 0 0 0 0 
0.103946 0.767476 0 0 0 0 
0.116439 0.784523 0 0 0 0 
0.128932 0.80157 0 0 0 0 
0.0830924 0.768879 0 0 0 0 
0.0955855 0.785926 0 0 0 0 
0.108079 0.802973 0 0 0 0 
0.074732 0.787329 0 0 0 0 
0.0872251 0.804376 0 0 0 0 
0.0663716 0.805779 0 0 0 0 
1 2 6
2 7 6
2 3 7
3 8 7
3 4 8
4 9 8
4 5 9
6 7 10
7 11 10
7 8 11
8 12 11
8 9 12
10 11 13
11 14 13
11 12 14
13 14 15
ZONE N=15, E=16, F=FEPOINT, ET=TRIANGLE
0.135541 0.931411 0 0 0 0 
0.119666 0.928844 0 0 0 0 
0.103791 0.926277 0 0 0 0 
0.0879164 0.92371 0 0 0 0 
0.0720415 0.921143 0 0 0 0 
0.129986 0.916511 0 0 0 0 
0.114112 0.913944 0 0 0 0 
0.0982367 0.911377 0 0 0 0 
0.0823617 0.90881 0 0 0 0 
0.124432 0.901612 0 0 0 0 
0.108557 0.899044 0 0 0 0 
0.092682 0.896477 0 0 0 0 
0.118877 0.886712 0 0 0 0 
0.103002 0.884145 0 0 0 0 
0.113323 0.871812 0 0 0 0 
1 2 6
2 7 6
2 3 7
3 8 7
3 4 8
4 9 8
4 5 9
6 7 10
7 11 10
7 8 11
8 12 11
8 9 12
10 11 13
11 14 13
11 12 14
13 14 15
ZONE N=15, E=16, F=FEPOINT, ET=TRIANGLE
-0.0384245 0.943173 0 0 0 0 
-0.0261753 0.93117 0 0 0 0 
-0.0139262 0.919167 0 0 0 0 
-0.00167701 0.907164 0 0 0 0 
0.0105721 0.895162 0 0 0 0 
-0.0288184 0.95738 0 0 0 0 
-0.0165692 0.945377 0 0 0 0 
-0.00432005 0.933374 0 0 0 0 
0.00792911 0.921371 0 0 0 0 
-0.0192122 0.971586 0 0 0 0 
-0.00696308 0.959584 0 0 0 0 
0.00528607 0.947581 0 0 0 0 
-0.00960612 0.985793 0 0 0 0 
0.00264304 0.97379 0 0 0 0 
6.12323e-17 1 0 0 0 0 
1 2 6
2 7 6
2 3 7
3 8 7
3 4 8
4 9 8
4 5 9
6 7 10
7 11 10
7 8 11
8 12 11
8 9 12
10 11 13
11 14 13
11 12 14
13 14 15
ZONE N=15, E=16, F=FEPOINT, ET=TRIANGLE
-0.083654 0.876857 0 0 0 0 
-0.0622014 0.864592 0 0 0 0 
-0.0407487 0.852328 0 0 0 0 
-0.0192961 0.840064 0 0 0 0 
0.00215655 0.827799 0 0 0 0 
-0.0600975 0.881433 0 0 0 0 
-0.0386448 0.869169 0 0 0 0 
-0.0171922 0.856904 0 0 0 0 
0.00426045 0.84464 0 0 0 0 
-0.0365409 0.886009 0 0 0 0 
-0.0150883 0.873745 0 0 0 0 
0.00636435 0.861481 0 0 0 0 
-0.0129844 0.890585 0 0 0 0 
0.00846825 0.878321 0 0 0 0 
0.0105721 0.895162 0 0 0 0 
1 2 6
2 7 6
2 3 7
3 8 7
3 4 8
4 9 8
4 5 9
6 7 10
7 11 10
7 8 11
8 12 11
8 9 12
10 11 13
11 14 13
11 12 14
13 14 15
ZONE N=15, E=16, F=FEPOINT, ET=TRIANGLE
-0.533293 -0.614826 0 0 0 0 
-0.525297 -0.591915 0 0 0 0 
-0.517301 -0.569005 0 0 0 0 
-0.509305 -0.546094 0 0 0 0 
-0.501309 -0.523183 0 0 0 0 
-0.542059 -0.598877 0 0 0 0 
-0.534063 -0.575966 0 0 0 0 
-0.526067 -0.553056 0 0 0 0 
-0.518071 -0.530145 0 0 0 0 
-0.550824 -0.582928 0 0 0 0 
-0.542828 -0.560017 0 0 0 0 
-0.534832 -0.537107 0 0 0 0 
-0.559589 -0.566979 0 0 0 0 
-0.551593 -0.544069 0 0 0 0 
-0.568354 -0.55103 0 0 0 0 
1 2 6
2 7 6
2 3 7
3 8 7
3 4 8
4 9 8
4 5 9
6 7 10
7 11 10
7 8 11
8 12 11
8 9 12
10 11 13
11 14 13
11 12 14
13 14 15
ZONE N=15, E=16, F=FEPOINT, ET=TRIANGLE
-0.494885 -0.437779 0 0 0 0 
-0.496491 -0.45913 0 0 0 0 
-0.498097 -0.480481 0 0 0 0 
-0.499703 -0.501832 0 0 0 0 
-0.501309 -0.523183 0 0 0 0 
-0.469514 -0.453666 0 0 0 0 
-0.471121 -0.475017 0 0 0 0 
-0.472727 -0.496368 0 0 0 0 
-0.474333 -0.51772 0 0 0 0 
-0.444144 -0.469554 0 0 0 0 
-0.44575 -0.490905 0 0 0 0 
-0.447356 -0.512256 0 0 0 0 
-0.418773 -0.485441 0 0 0 0 
-0.42038 -0.506793 0 0 0 0 
-0.393403 -0.501329 0 0 0 0 
1 2 6
2 7 6
2 3 7
3 8 7
3 4 8
4 9 8
4 5 9
6 7 10
7 11 10
7 8 11
8 12 11
8 9 12
10 11 13
11 14 13
11 12 14
13 14 15
ZONE N=15, E=16, F=FEPOINT, ET=TRIANGLE
-0.31755 -0.606364 0 0 0 0 
-0.334943 -0.599488 0 0 0 0 
-0.352335 -0.592613 0 0 0 0 
-0.369728 -0.585738 0 0 0 0 
-0.387121 -0.578863 0 0 0 0 
-0.331032 -0.618538 0 0 0 0 
-0.348425 -0.611663 0 0 0 0 
-0.365818 -0.604788 0 0 0 0 
-0.383211 -0.597913 0 0 0 0 
-0.344515 -0.630713 0 0 0 0 
-0.361908 -0.623838 0 0 0 0 
-0.379301 -0.616962 0 0 0 0 
-0.357998 -0.642887 0 0 0 0 
-0.375391 -0.636012 0 0 0 0 
-0.371481 -0.655062 0 0 0 0 
1 2 6
2 7 6
2 3 7
3 8 7
3 4 8
4 9 8
4 5 9
6 7 10
7 11 10
7 8 11
8 12 11
8 9 12
10 11 13
11 14 13
11 12 14
13 14 15
ZONE N=15, E=16, F=FEPOINT, ET=TRIANGLE
-0.501309 -0.523183 0 0 0 0 
-0.499703 -0.501832 0 0 0 0 
-0.498097 -0.480481 0 0 0 0 
-0.496491 -0.45913 0 0 0 0 
-0.494885 -0.437779 0 0 0 0 
-0.519605 -0.51206 0 0 0 0 
-0.517999 -0.490709 0 0 0 0 
-0.516393 -0.469358 0 0 0 0 
-0.514787 -0.448007 0 0 0 0 
-0.537901 -0.500938 0 0 0 0 
-0.536295 -0.479586 0 0 0 0 
-0.534689 -0.458235 0 0 0 0 
-0.556197 -0.489815 0 0 0 0 
-0.554591 -0.468464 0 0 0 0 
-0.574493 -0.478692 0 0 0 0 
1 2 6
2 7 6
2 3 7
3 8 7
3 4 8
4 9 8
4 5 9
6 7 10
7 11 10
7 8 11
8 12 11
8 9 12
10 11 13
11 14 13
11 12 14
13 14 15
ZONE N=15, E=16, F=FEPOINT, ET=TRIANGLE
-0.387121 -0.578863 0 0 0 0 
-0.39988 -0.599633 0 0 0 0 
-0.412639 -0.620402 0 0 0 0 
-0.425398 -0.641172 0 0 0 0 
-0.438156 -0.661942 0 0 0 0 
-0.383211 -0.597913 0 0 0 0 
-0.39597 -0.618682 0 0 0 0 
-0.408729 -0.639452 0 0 0 0 
-0.421487 -0.660222 0 0 0 0 
-0.379301 -0.616962 0 0 0 0 
-0.39206 -0.637732 0 0 0 0 
-0.404819 -0.658502 0 0 0 0 
-0.375391 -0.636012 0 0 0 0 
-0.38815 -0.656782 0 0 0 0 
-0.371481 -0.655062 0 0 0 0 
1 2 6
2 7 6
2 3 7
3 8 7
3 4 8
4 9 8
4 5 9
6 7 10
7 11 10
7 8 11
8 12 11
8 9 12
10 11 13
11 14 13
11 12 14
13 14 15
ZONE N=15, E=16, F=FEPOINT, ET=TRIANGLE
-0.337224 -0.400782 0 0 0 0 
-0.351269 -0.425919 0 0 0 0 
-0.365314 -0.451056 0 0 0 0 
-0.379358 -0.476192 0 0 0 0 
-0.393403 -0.501329 0 0 0 0 
-0.331179 -0.434046 0 0 0 0 
-0.345223 -0.459183 0 0 0 0 
-0.359268 -0.48432 0 0 0 0 
-0.373313 -0.509457 0 0 0 0 
-0.325133 -0.467311 0 0 0 0 
-0.339177 -0.492447 0 0 0 0 
-0.353222 -0.517584 0 0 0 0 
-0.319087 -0.500575 0 0 0 0 
-0.333132 -0.525712 0 0 0 0 
-0.313041 -0.533839 0 0 0 0 
1 2 6
2 7 6
2 3 7
3 8 7
3 4 8
4 9 8
4 5 9
6 7 10
7 11 10
7 8 11
8 12 11
8 9 12
10 11 13
11 14 13
11 12 14
13 14 15
ZONE N=15, E=16, F=FEPOINT, ET=TRIANGLE
-0.574493 -0.478692 0 0 0 0 
-0.572958 -0.496777 0 0 0 0 
-0.571424 -0.514861 0 0 0 0 
-0.569889 -0.532946 0 0 0 0 
-0.568354 -0.55103 0 0 0 0 
-0.556197 -0.489815 0 0 0 0 
-0.554662 -0.507899 0 0 0 0 
-0.553128 -0.525984 0 0 0 0 
-0.551593 -0.544069 0 0 0 0 
-0.537901 -0.500938 0 0 0 0 
-0.536366 -0.519022 0 0 0 0 
-0.534832 -0.537107 0 0 0 0 
-0.519605 -0.51206 0 0 0 0 
-0.518071 -0.530145 0 0 0 0 
-0.501309 -0.523183 0 0 0 0 
1 2 6
2 7 6
2 3 7
3 8 7
3 4 8
4 9 8
4 5 9
6 7 10
7 11 10
7 8 11
8 12 11
8 9 12
10 11 13
11 14 13
11 12 14
13 14 15
ZONE N=15, E=16, F=FEPOINT, ET=TRIANGLE
-0.46216 -0.599358 0 0 0 0 
-0.444971 -0.574851 0 0 0 0 
-0.427782 -0.550343 0 0 0 0 
-0.410592 -0.525836 0 0 0 0 
-0.393403 -0.501329 0 0 0 0 
-0.471948 -0.580314 0 0 0 0 
-0.454758 -0.555807 0 0 0 0 
-0.437569 -0.5313 0 0 0 0 
-0.42038 -0.506793 0 0 0 0 
-0.481735 -0.56127 0 0 0 0 
-0.464546 -0.536763 0 0 0 0 
-0.447356 -0.512256 0 0 0 0 
-0.491522 -0.542227 0 0 0 0 
-0.474333 -0.51772 0 0 0 0 
-0.501309 -0.523183 0 0 0 0 
1 2 6
2 7 6
2 3 7
3 8 7
3 4 8
4 9 8
4 5 9
6 7 10
7 11 10
7 8 11
8 12 11
8 9 12
10 11 13
11 14 13
11 12 14
13 14 15
ZONE N=15, E=16, F=FEPOINT, ET=TRIANGLE
-0.685379 -0.496441 0 0 0 0 
-0.665551 -0.525597 0 0 0 0 
-0.645723 -0.554753 0 0 0 0 
-0.625895 -0.583909 0 0 0 0 
-0.606068 -0.613064 0 0 0 0 
-0.656123 -0.510089 0 0 0 0 
-0.636295 -0.539244 0 0 0 0 
-0.616467 -0.5684 0 0 0 0 
-0.596639 -0.597556 0 0 0 0 
-0.626867 -0.523736 0 0 0 0 
-0.607039 -0.552892 0 0 0 0 
-0.587211 -0.582047 0 0 0 0 
-0.597611 -0.537383 0 0 0 0 
-0.577783 -0.566539 0 0 0 0 
-0.568354 -0.55103 0 0 0 0 
1 2 6
2 7 6
2 3 7
3 8 7
3 4 8
4 9 8
4 5 9
6 7 10
7 11 10
7 8 11
8 12 11
8 9 12
10 11 13
11 14 13
11 12 14
13 14 15
ZONE N=15, E=16, F=FEPOINT, ET=TRIANGLE
-0.438156 -0.661942 0 0 0 0 
-0.461941 -0.650163 0 0 0 0 
-0.485725 -0.638384 0 0 0 0 
-0.509509 -0.626605 0 0 0 0 
-0.533293 -0.614826 0 0 0 0 
-0.446968 -0.676196 0 0 0 0 
-0.470752 -0.664417 0 0 0 0 
-0.494536 -0.652638 0 0 0 0 
-0.51832 -0.640859 0 0 0 0 
-0.455779 -0.69045 0 0 0 0 
-0.479563 -0.678671 0 0 0 0 
-0.503347 -0.666892 0 0 0 0 
-0.46459 -0.704704 0 0 0 0 
-0.488374 -0.692925 0 0 0 0 
-0.473401 -0.718958 0 0 0 0 
1 2 6
2 7 6
2 3 7
3 8 7
3 4 8
4 9 8
4 5 9
6 7 10
7 11 10
7 8 11
8 12 11
8 9 12
10 11 13
11 14 13
11 12 14
13 14 15
ZONE N=15, E=16, F=FEPOINT, ET=TRIANGLE
-0.574493 -0.478692 0 0 0 0 
-0.602214 -0.483129 0 0 0 0 
-0.629936 -0.487567 0 0 0 0 
-0.657657 -0.492004 0 0 0 0 
-0.685379 -0.496441 0 0 0 0 
-0.572958 -0.496777 0 0 0 0 
-0.60068 -0.501214 0 0 0 0 
-0.628401 -0.505651 0 0 0 0 
-0.656123 -0.510089 0 0 0 0 
-0.571424 -0.514861 0 0 0 0 
-0.599145 -0.519298 0 0 0 0 
-0.626867 -0.523736 0 0 0 0 
-0.569889 -0.532946 0 0 0 0 
-0.597611 -0.537383 0 0 0 0 
-0.568354 -0.55103 0 0 0 0 
1 2 6
2 7 6
2 3 7
3 8 7
3 4 8
4 9 8
4 5 9
6 7 10
7 11 10
7 8 11
8 12 11
8 9 12
10 11 13
11 14 13
11 12 14
13 14 15
ZONE N=15, E=16, F=FEPOINT, ET=TRIANGLE
-0.533293 -0.614826 0 0 0 0 
-0.542059 -0.598877 0 0 0 0 
-0.550824 -0.582928 0 0 0 0 
-0.559589 -0.566979 0 0 0 0 
-0.568354 -0.55103 0 0 0 0 
-0.551487 -0.614386 0 0 0 0 
-0.560252 -0.598437 0 0 0 0 
-0.569018 -0.582488 0 0 0 0 
-0.577783 -0.566539 0 0 0 0 
-0.569681 -0.613945 0 0 0 0 
-0.578446 -0.597996 0 0 0 0 
-0.587211 -0.582047 0 0 0 0 
-0.587874 -0.613505 0 0 0 0 
-0.596639 -0.597556 0 0 0 0 
-0.606068 -0.613064 0 0 0 0 
1 2 6
2 7 6
2 3 7
3 8 7
3 4 8
4 9 8
4 5 9
6 7 10
7 11 10
7 8 11
8 12 11
8 9 12
10 11 13
11 14 13
11 12 14
13 14 15
ZONE N=15, E=16, F=FEPOINT, ET=TRIANGLE
-0.474168 -0.793132 0 0 0 0 
-0.494518 -0.802716 0 0 0 0 
-0.514869 -0.812301 0 0 0 0 
-0.53522 -0.821885 0 0 0 0 
-0.55557 -0.83147 0 0 0 0 
-0.473475 -0.815329 0 0 0 0 
-0.493826 -0.824914 0 0 0 0 
-0.514176 -0.834498 0 0 0 0 
-0.534527 -0.844083 0 0 0 0 
-0.472782 -0.837526 0 0 0 0 
-0.493133 -0.847111 0 0 0 0 
-0.513483 -0.856695 0 0 0 0 
-0.47209 -0.859724 0 0 0 0 
-0.49244 -0.869308 0 0 0 0 
-0.471397 -0.881921 0 0 0 0 
1 2 6
2 7 6
2 3 7
3 8 7
3 4 8
4 9 8
4 5 9
6 7 10
7 11 10
7 8 11
8 12 11
8 9 12
10 11 13
11 14 13
11 12 14
13 14 15
ZONE N=15, E=16, F=FEPOINT, ET=TRIANGLE
-0.641844 -0.675925 0 0 0 0 
-0.639982 -0.700197 0 0 0 0 
-0.638119 -0.724468 0 0 0 0 
-0.636256 -0.748739 0 0 0 0 
-0.634393 -0.77301 0 0 0 0 
-0.624283 -0.680233 0 0 0 0 
-0.62242 -0.704505 0 0 0 0 
-0.620557 -0.728776 0 0 0 0 
-0.618695 -0.753047 0 0 0 0 
-0.606721 -0.684541 0 0 0 0 
-0.604859 -0.708813 0 0 0 0 
-0.602996 -0.733084 0 0 0 0 
-0.58916 -0.688849 0 0 0 0 
-0.587297 -0.713121 0 0 0 0 
-0.571598 -0.693157 0 0 0 0 
1 2 6
2 7 6
2 3 7
3 8 7
3 4 8
4 9 8
4 5 9
6 7 10
7 11 10
7 8 11
8 12 11
8 9 12
10 11 13
11 14 13
11 12 14
13 14 15
ZONE N=15, E=16, F=FEPOINT, ET=TRIANGLE
-0.474168 -0.793132 0 0 0 0 
-0.48907 -0.782095 0 0 0 0 
-0.503973 -0.771058 0 0 0 0 
-0.518876 -0.760021 0 0 0 0 
-0.533778 -0.748984 0 0 0 0 
-0.494518 -0.802716 0 0 0 0 
-0.509421 -0.791679 0 0 0 0 
-0.524324 -0.780643 0 0 0 0 
-0.539226 -0.769606 0 0 0 0 
-0.514869 -0.812301 0 0 0 0 
-0.529772 -0.801264 0 0 0 0 
-0.544674 -0.790227 0 0 0 0 
-0.53522 -0.821885 0 0 0 0 
-0.550122 -0.810848 0 0 0 0 
-0.55557 -0.83147 0 0 0 0 
1 2 6
2 7 6
2 3 7
3 8 7
3 4 8
4 9 8
4 5 9
6 7 10
7 11 10
7 8 11
8 12 11
8 9 12
10 11 13
11 14 13
11 12 14
13 14 15
ZONE N=15, E=16, F=FEPOINT, ET=TRIANGLE
-0.571598 -0.693157 0 0 0 0 
-0.580216 -0.673134 0 0 0 0 
-0.588833 -0.653111 0 0 0 0 
-0.59745 -0.633088 0 0 0 0 
-0.606068 -0.613064 0 0 0 0 
-0.58916 -0.688849 0 0 0 0 
-0.597777 -0.668826 0 0 0 0 
-0.606394 -0.648803 0 0 0 0 
-0.615012 -0.62878 0 0 0 0 
-0.606721 -0.684541 0 0 0 0 
-0.615339 -0.664518 0 0 0 0 
-0.623956 -0.644495 0 0 0 0 
-0.624283 -0.680233 0 0 0 0 
-0.6329 -0.66021 0 0 0 0 
-0.641844 -0.675925 0 0 0 0 
1 2 6
2 7 6
2 3 7
3 8 7
3 4 8
4 9 8
4 5 9
6 7 10
7 11 10
7 8 11
8 12 11
8 9 12
10 11 13
11 14 13
11 12 14
13 14 15
ZONE N=15, E=16, F=FEPOINT, ET=TRIANGLE
-0.474168 -0.793132 0 0 0 0 
-0.454554 -0.800218 0 0 0 0 
-0.43494 -0.807304 0 0 0 0 
-0.415326 -0.81439 0 0 0 0 
-0.395712 -0.821476 0 0 0 0 
-0.4587 -0.783186 0 0 0 0 
-0.439086 -0.790272 0 0 0 0 
-0.419472 -0.797358 0 0 0 0 
-0.399858 -0.804444 0 0 0 0 
-0.443232 -0.773239 0 0 0 0 
-0.423618 -0.780326 0 0 0 0 
-0.404004 -0.787412 0 0 0 0 
-0.427763 -0.763293 0 0 0 0 
-0.408149 -0.770379 0 0 0 0 
-0.412295 -0.753347 0 0 0 0 
1 2 6
2 7 6
2 3 7
3 8 7
3 4 8
4 9 8
4 5 9
6 7 10
7 11 10
7 8 11
8 12 11
8 9 12
10 11 13
11 14 13
11 12 14
13 14 15
ZONE N=15, E=16, F=FEPOINT, ET=TRIANGLE
-0.571598 -0.693157 0 0 0 0 
-0.547049 -0.699608 0 0 0 0 
-0.5225 -0.706058 0 0 0 0 
-0.49795 -0.712508 0 0 0 0 
-0.473401 -0.718958 0 0 0 0 
-0.562022 -0.673575 0 0 0 0 
-0.537473 -0.680025 0 0 0 0 
-0.512923 -0.686475 0 0 0 0 
-0.488374 -0.692925 0 0 0 0 
-0.552446 -0.653992 0 0 0 0 
-0.527897 -0.660442 0 0 0 0 
-0.503347 -0.666892 0 0 0 0 
-0.54287 -0.634409 0 0 0 0 
-0.51832 -0.640859 0 0 0 0 
-0.533293 -0.614826 0 0 0 0 
1 2 6
2 7 6
2 3 7
3 8 7
3 4 8
4 9 8
4 5 9
6 7 10
7 11 10
7 8 11
8 12 11
8 9 12
10 11 13
11 14 13
11 12 14
13 14 15
ZONE N=15, E=16, F=FEPOINT, ET=TRIANGLE
-0.571598 -0.693157 0 0 0 0 
-0.562022 -0.673575 0 0 0 0 
-0.552446 -0.653992 0 0 0 0 
-0.54287 -0.634409 0 0 0 0 
-0.533293 -0.614826 0 0 0 0 
-0.580216 -0.673134 0 0 0 0 
-0.570639 -0.653551 0 0 0 0 
-0.561063 -0.633969 0 0 0 0 
-0.551487 -0.614386 0 0 0 0 
-0.588833 -0.653111 0 0 0 0 
-0.579257 -0.633528 0 0 0 0 
-0.569681 -0.613945 0 0 0 0 
-0.59745 -0.633088 0 0 0 0 
-0.587874 -0.613505 0 0 0 0 
-0.606068 -0.613064 0 0 0 0 
1 2 6
2 7 6
2 3 7
3 8 7
3 4 8
4 9 8
4 5 9
6 7 10
7 11 10
7 8 11
8 12 11
8 9 12
10 11 13
11 14 13
11 12 14
13 14 15
ZONE N=15, E=16, F=FEPOINT, ET=TRIANGLE
-0.707107 -0.707107 0 0 0 0 
-0.701449 -0.682843 0 0 0 0 
-0.69579 -0.658579 0 0 0 0 
-0.690132 -0.634315 0 0 0 0 
-0.684474 -0.610052 0 0 0 0 
-0.723583 -0.688928 0 0 0 0 
-0.717924 -0.664665 0 0 0 0 
-0.712266 -0.640401 0 0 0 0 
-0.706608 -0.616137 0 0 0 0 
-0.740059 -0.67075 0 0 0 0 
-0.7344 -0.646486 0 0 0 0 
-0.728742 -0.622222 0 0 0 0 
-0.756535 -0.652572 0 0 0 0 
-0.750876 -0.628308 0 0 0 0 
-0.77301 -0.634393 0 0 0 0 
1 2 6
2 7 6
2 3 7
3 8 7
3 4 8
4 9 8
4 5 9
6 7 10
7 11 10
7 8 11
8 12 11
8 9 12
10 11 13
11 14 13
11 12 14
13 14 15
ZONE N=15, E=16, F=FEPOINT, ET=TRIANGLE
-0.684474 -0.610052 0 0 0 0 
-0.673817 -0.62652 0 0 0 0 
-0.663159 -0.642988 0 0 0 0 
-0.652502 -0.659457 0 0 0 0 
-0.641844 -0.675925 0 0 0 0 
-0.664872 -0.610805 0 0 0 0 
-0.654215 -0.627273 0 0 0 0 
-0.643558 -0.643742 0 0 0 0 
-0.6329 -0.66021 0 0 0 0 
-0.645271 -0.611558 0 0 0 0 
-0.634613 -0.628026 0 0 0 0 
-0.623956 -0.644495 0 0 0 0 
-0.625669 -0.612311 0 0 0 0 
-0.615012 -0.62878 0 0 0 0 
-0.606068 -0.613064 0 0 0 0 
1 2 6
2 7 6
2 3 7
3 8 7
3 4 8
4 9 8
4 5 9
6 7 10
7 11 10
7 8 11
8 12 11
8 9 12
10 11 13
11 14 13
11 12 14
13 14 15
ZONE N=15, E=16, F=FEPOINT, ET=TRIANGLE
-0.707107 -0.707107 0 0 0 0 
-0.688928 -0.723583 0 0 0 0 
-0.67075 -0.740059 0 0 0 0 
-0.652572 -0.756535 0 0 0 0 
-0.634393 -0.77301 0 0 0 0 
-0.690791 -0.699311 0 0 0 0 
-0.672613 -0.715787 0 0 0 0 
-0.654434 -0.732263 0 0 0 0 
-0.636256 -0.748739 0 0 0 0 
-0.674476 -0.691516 0 0 0 0 
-0.656297 -0.707992 0 0 0 0 
-0.638119 -0.724468 0 0 0 0 
-0.65816 -0.683721 0 0 0 0 
-0.639982 -0.700197 0 0 0 0 
-0.641844 -0.675925 0 0 0 0 
1 2 6
2 7 6
2 3 7
3 8 7
3 4 8
4 9 8
4 5 9
6 7 10
7 11 10
7 8 11
8 12 11
8 9 12
10 11 13
11 14 13
11 12 14
13 14 15
ZONE N=15, E=16, F=FEPOINT, ET=TRIANGLE
-0.685379 -0.496441 0 0 0 0 
-0.69739 -0.483266 0 0 0 0 
-0.7094 -0.47009 0 0 0 0 
-0.721411 -0.456914 0 0 0 0 
-0.733422 -0.443739 0 0 0 0 
-0.698705 -0.510389 0 0 0 0 
-0.710716 -0.497213 0 0 0 0 
-0.722726 -0.484037 0 0 0 0 
-0.734737 -0.470862 0 0 0 0 
-0.712031 -0.524336 0 0 0 0 
-0.724042 -0.51116 0 0 0 0 
-0.736052 -0.497985 0 0 0 0 
-0.725357 -0.538283 0 0 0 0 
-0.737367 -0.525107 0 0 0 0 
-0.738683 -0.55223 0 0 0 0 
1 2 6
2 7 6
2 3 7
3 8 7
3 4 8
4 9 8
4 5 9
6 7 10
7 11 10
7 8 11
8 12 11
8 9 12
10 11 13
11 14 13
11 12 14
13 14 15
ZONE N=15, E=16, F=FEPOINT, ET=TRIANGLE
-0.684474 -0.610052 0 0 0 0 
-0.664872 -0.610805 0 0 0 0 
-0.645271 -0.611558 0 0 0 0 
-0.625669 -0.612311 0 0 0 0 
-0.606068 -0.613064 0 0 0 0 
-0.6847 -0.581649 0 0 0 0 
-0.665099 -0.582402 0 0 0 0 
-0.645497 -0.583155 0 0 0 0 
-0.625895 -0.583909 0 0 0 0 
-0.684926 -0.553246 0 0 0 0 
-0.665325 -0.554 0 0 0 0 
-0.645723 -0.554753 0 0 0 0 
-0.685153 -0.524844 0 0 0 0 
-0.665551 -0.525597 0 0 0 0 
-0.685379 -0.496441 0 0 0 0 
1 2 6
2 7 6
2 3 7
3 8 7
3 4 8
4 9 8
4 5 9
6 7 10
7 11 10
7 8 11
8 12 11
8 9 12
10 11 13
11 14 13
11 12 14
13 14 15
ZONE N=15, E=16, F=FEPOINT, ET=TRIANGLE
-0.685379 -0.496441 0 0 0 0 
-0.698705 -0.510389 0 0 0 0 
-0.712031 -0.524336 0 0 0 0 
-0.725357 -0.538283 0 0 0 0 
-0.738683 -0.55223 0 0 0 0 
-0.685153 -0.524844 0 0 0 0 
-0.698479 -0.538791 0 0 0 0 
-0.711805 -0.552738 0 0 0 0 
-0.72513 -0.566686 0 0 0 0 
-0.684926 -0.553246 0 0 0 0 
-0.698252 -0.567194 0 0 0 0 
-0.711578 -0.581141 0 0 0 0 
-0.6847 -0.581649 0 0 0 0 
-0.698026 -0.595596 0 0 0 0 
-0.684474 -0.610052 0 0 0 0 
1 2 6
2 7 6
2 3 7
3 8 7
3 4 8
4 9 8
4 5 9
6 7 10
7 11 10
7 8 11
8 12 11
8 9 12
10 11 13
11 14 13
11 12 14
13 14 15
ZONE N=15, E=16, F=FEPOINT, ET=TRIANGLE
-0.738683 -0.55223 0 0 0 0 
-0.761879 -0.553065 0 0 0 0 
-0.785076 -0.5539 0 0 0 0 
-0.808273 -0.554735 0 0 0 0 
-0.83147 -0.55557 0 0 0 0 
-0.747265 -0.572771 0 0 0 0 
-0.770461 -0.573606 0 0 0 0 
-0.793658 -0.574441 0 0 0 0 
-0.816855 -0.575276 0 0 0 0 
-0.755847 -0.593312 0 0 0 0 
-0.779043 -0.594147 0 0 0 0 
-0.80224 -0.594982 0 0 0 0 
-0.764428 -0.613853 0 0 0 0 
-0.787625 -0.614688 0 0 0 0 
-0.77301 -0.634393 0 0 0 0 
1 2 6
2 7 6
2 3 7
3 8 7
3 4 8
4 9 8
4 5 9
6 7 10
7 11 10
7 8 11
8 12 11
8 9 12
10 11 13
11 14 13
11 12 14
13 14 15
ZONE N=15, E=16, F=FEPOINT, ET=TRIANGLE
-0.77301 -0.634393 0 0 0 0 
-0.750876 -0.628308 0 0 0 0 
-0.728742 -0.622222 0 0 0 0 
-0.706608 -0.616137 0 0 0 0 
-0.684474 -0.610052 0 0 0 0 
-0.764428 -0.613853 0 0 0 0 
-0.742294 -0.607767 0 0 0 0 
-0.72016 -0.601682 0 0 0 0 
-0.698026 -0.595596 0 0 0 0 
-0.755847 -0.593312 0 0 0 0 
-0.733712 -0.587226 0 0 0 0 
-0.711578 -0.581141 0 0 0 0 
-0.747265 -0.572771 0 0 0 0 
-0.72513 -0.566686 0 0 0 0 
-0.738683 -0.55223 0 0 0 0 
1 2 6
2 7 6
2 3 7
3 8 7
3 4 8
4 9 8
4 5 9
6 7 10
7 11 10
7 8 11
8 12 11
8 9 12
10 11 13
11 14 13
11 12 14
13 14 15
ZONE N=15, E=16, F=FEPOINT, ET=TRIANGLE
-0.533778 -0.748984 0 0 0 0 
-0.518684 -0.741478 0 0 0 0 
-0.50359 -0.733971 0 0 0 0 
-0.488495 -0.726464 0 0 0 0 
-0.473401 -0.718958 0 0 0 0 
-0.543233 -0.735028 0 0 0 0 
-0.528139 -0.727521 0 0 0 0 
-0.513045 -0.720014 0 0 0 0 
-0.49795 -0.712508 0 0 0 0 
-0.552688 -0.721071 0 0 0 0 
-0.537594 -0.713564 0 0 0 0 
-0.5225 -0.706058 0 0 0 0 
-0.562143 -0.707114 0 0 0 0 
-0.547049 -0.699608 0 0 0 0 
-0.571598 -0.693157 0 0 0 0 
1 2 6
2 7 6
2 3 7
3 8 7
3 4 8
4 9 8
4 5 9
6 7 10
7 11 10
7 8 11
8 12 11
8 9 12
10 11 13
11 14 13
11 12 14
13 14 15
ZONE N=15, E=16, F=FEPOINT, ET=TRIANGLE
-0.571598 -0.693157 0 0 0 0 
-0.587297 -0.713121 0 0 0 0 
-0.602996 -0.733084 0 0 0 0 
-0.618695 -0.753047 0 0 0 0 
-0.634393 -0.77301 0 0 0 0 
-0.562143 -0.707114 0 0 0 0 
-0.577842 -0.727077 0 0 0 0 
-0.593541 -0.747041 0 0 0 0 
-0.60924 -0.767004 0 0 0 0 
-0.552688 -0.721071 0 0 0 0 
-0.568387 -0.741034 0 0 0 0 
-0.584086 -0.760997 0 0 0 0 
-0.543233 -0.735028 0 0 0 0 
-0.558932 -0.754991 0 0 0 0 
-0.533778 -0.748984 0 0 0 0 
1 2 6
2 7 6
2 3 7
3 8 7
3 4 8
4 9 8
4 5 9
6 7 10
7 11 10
7 8 11
8 12 11
8 9 12
10 11 13
11 14 13
11 12 14
13 14 15
ZONE N=15, E=16, F=FEPOINT, ET=TRIANGLE
-0.474168 -0.793132 0 0 0 0 
-0.473475 -0.815329 0 0 0 0 
-0.472782 -0.837526 0 0 0 0 
-0.47209 -0.859724 0 0 0 0 
-0.471397 -0.881921 0 0 0 0 
-0.454554 -0.800218 0 0 0 0 
-0.453861 -0.822415 0 0 0 0 
-0.453168 -0.844613 0 0 0 0 
-0.452476 -0.86681 0 0 0 0 
-0.43494 -0.807304 0 0 0 0 
-0.434247 -0.829501 0 0 0 0 
-0.433555 -0.851699 0 0 0 0 
-0.415326 -0.81439 0 0 0 0 
-0.414633 -0.836587 0 0 0 0 
-0.395712 -0.821476 0 0 0 0 
1 2 6
2 7 6
2 3 7
3 8 7
3 4 8
4 9 8
4 5 9
6 7 10
7 11 10
7 8 11
8 12 11
8 9 12
10 11 13
11 14 13
11 12 14
13 14 15
ZONE N=15, E=16, F=FEPOINT, ET=TRIANGLE
-0.473401 -0.718958 0 0 0 0 
-0.488495 -0.726464 0 0 0 0 
-0.50359 -0.733971 0 0 0 0 
-0.518684 -0.741478 0 0 0 0 
-0.533778 -0.748984 0 0 0 0 
-0.473593 -0.737501 0 0 0 0 
-0.488687 -0.745008 0 0 0 0 
-0.503781 -0.752515 0 0 0 0 
-0.518876 -0.760021 0 0 0 0 
-0.473784 -0.756045 0 0 0 0 
-0.488879 -0.763551 0 0 0 0 
-0.503973 -0.771058 0 0 0 0 
-0.473976 -0.774588 0 0 0 0 
-0.48907 -0.782095 0 0 0 0 
-0.474168 -0.793132 0 0 0 0 
1 2 6
2 7 6
2 3 7
3 8 7
3 4 8
4 9 8
4 5 9
6 7 10
7 11 10
7 8 11
8 12 11
8 9 12
10 11 13
11 14 13
11 12 14
13 14 15
ZONE N=15, E=16, F=FEPOINT, ET=TRIANGLE
-0.412295 -0.753347 0 0 0 0 
-0.408149 -0.770379 0 0 0 0 
-0.404004 -0.787412 0 0 0 0 
-0.399858 -0.804444 0 0 0 0 
-0.395712 -0.821476 0 0 0 0 
-0.394795 -0.754361 0 0 0 0 
-0.390649 -0.771394 0 0 0 0 
-0.386504 -0.788426 0 0 0 0 
-0.382358 -0.805458 0 0 0 0 
-0.377295 -0.755376 0 0 0 0 
-0.373149 -0.772408 0 0 0 0 
-0.369003 -0.78944 0 0 0 0 
-0.359795 -0.75639 0 0 0 0 
-0.355649 -0.773422 0 0 0 0 
-0.342294 -0.757404 0 0 0 0 
1 2 6
2 7 6
2 3 7
3 8 7
3 4 8
4 9 8
4 5 9
6 7 10
7 11 10
7 8 11
8 12 11
8 9 12
10 11 13
11 14 13
11 12 14
13 14 15
ZONE N=15, E=16, F=FEPOINT, ET=TRIANGLE
-0.349714 -0.867654 0 0 0 0 
-0.330527 -0.867605 0 0 0 0 
-0.311339 -0.867555 0 0 0 0 
-0.292151 -0.867505 0 0 0 0 
-0.272963 -0.867455 0 0 0 0 
-0.347859 -0.840092 0 0 0 0 
-0.328672 -0.840042 0 0 0 0 
-0.309484 -0.839992 0 0 0 0 
-0.290296 -0.839943 0 0 0 0 
-0.346004 -0.812529 0 0 0 0 
-0.326817 -0.81248 0 0 0 0 
-0.307629 -0.81243 0 0 0 0 
-0.344149 -0.784967 0 0 0 0 
-0.324962 -0.784917 0 0 0 0 
-0.342294 -0.757404 0 0 0 0 
1 2 6
2 7 6
2 3 7
3 8 7
3 4 8
4 9 8
4 5 9
6 7 10
7 11 10
7 8 11
8 12 11
8 9 12
10 11 13
11 14 13
11 12 14
13 14 15
ZONE N=15, E=16, F=FEPOINT, ET=TRIANGLE
-0.393403 -0.501329 0 0 0 0 
-0.391833 -0.520712 0 0 0 0 
-0.390262 -0.540096 0 0 0 0 
-0.388692 -0.559479 0 0 0 0 
-0.387121 -0.578863 0 0 0 0 
-0.373313 -0.509457 0 0 0 0 
-0.371742 -0.52884 0 0 0 0 
-0.370172 -0.548223 0 0 0 0 
-0.368601 -0.567607 0 0 0 0 
-0.353222 -0.517584 0 0 0 0 
-0.351652 -0.536968 0 0 0 0 
-0.350081 -0.556351 0 0 0 0 
-0.333132 -0.525712 0 0 0 0 
-0.331561 -0.545095 0 0 0 0 
-0.313041 -0.533839 0 0 0 0 
1 2 6
2 7 6
2 3 7
3 8 7
3 4 8
4 9 8
4 5 9
6 7 10
7 11 10
7 8 11
8 12 11
8 9 12
10 11 13
11 14 13
11 12 14
13 14 15
ZONE N=15, E=16, F=FEPOINT, ET=TRIANGLE
-0.395712 -0.821476 0 0 0 0 
-0.414633 -0.836587 0 0 0 0 
-0.433555 -0.851699 0 0 0 0 
-0.452476 -0.86681 0 0 0 0 
-0.471397 -0.881921 0 0 0 0 
-0.392455 -0.847077 0 0 0 0 
-0.411376 -0.862188 0 0 0 0 
-0.430297 -0.8773 0 0 0 0 
-0.449218 -0.892411 0 0 0 0 
-0.389198 -0.872678 0 0 0 0 
-0.408119 -0.887789 0 0 0 0 
-0.42704 -0.9029 0 0 0 0 
-0.385941 -0.898279 0 0 0 0 
-0.404862 -0.91339 0 0 0 0 
-0.382683 -0.92388 0 0 0 0 
1 2 6
2 7 6
2 3 7
3 8 7
3 4 8
4 9 8
4 5 9
6 7 10
7 11 10
7 8 11
8 12 11
8 9 12
10 11 13
11 14 13
11 12 14
13 14 15
ZONE N=15, E=16, F=FEPOINT, ET=TRIANGLE
-0.382683 -0.92388 0 0 0 0 
-0.374441 -0.909823 0 0 0 0 
-0.366199 -0.895767 0 0 0 0 
-0.357957 -0.881711 0 0 0 0 
-0.349714 -0.867654 0 0 0 0 
-0.385941 -0.898279 0 0 0 0 
-0.377698 -0.884222 0 0 0 0 
-0.369456 -0.870166 0 0 0 0 
-0.361214 -0.85611 0 0 0 0 
-0.389198 -0.872678 0 0 0 0 
-0.380956 -0.858622 0 0 0 0 
-0.372713 -0.844565 0 0 0 0 
-0.392455 -0.847077 0 0 0 0 
-0.384213 -0.833021 0 0 0 0 
-0.395712 -0.821476 0 0 0 0 
1 2 6
2 7 6
2 3 7
3 8 7
3 4 8
4 9 8
4 5 9
6 7 10
7 11 10
7 8 11
8 12 11
8 9 12
10 11 13
11 14 13
11 12 14
13 14 15
ZONE N=15, E=16, F=FEPOINT, ET=TRIANGLE
-0.371481 -0.655062 0 0 0 0 
-0.381684 -0.679633 0 0 0 0 
-0.391888 -0.704205 0 0 0 0 
-0.402092 -0.728776 0 0 0 0 
-0.412295 -0.753347 0 0 0 0 
-0.364184 -0.680648 0 0 0 0 
-0.374388 -0.705219 0 0 0 0 
-0.384591 -0.72979 0 0 0 0 
-0.394795 -0.754361 0 0 0 0 
-0.356888 -0.706233 0 0 0 0 
-0.367091 -0.730804 0 0 0 0 
-0.377295 -0.755376 0 0 0 0 
-0.349591 -0.731819 0 0 0 0 
-0.359795 -0.75639 0 0 0 0 
-0.342294 -0.757404 0 0 0 0 
1 2 6
2 7 6
2 3 7
3 8 7
3 4 8
4 9 8
4 5 9
6 7 10
7 11 10
7 8 11
8 12 11
8 9 12
10 11 13
11 14 13
11 12 14
13 14 15
ZONE N=15, E=16, F=FEPOINT, ET=TRIANGLE
-0.473401 -0.718958 0 0 0 0 
-0.473593 -0.737501 0 0 0 0 
-0.473784 -0.756045 0 0 0 0 
-0.473976 -0.774588 0 0 0 0 
-0.474168 -0.793132 0 0 0 0 
-0.458125 -0.727555 0 0 0 0 
-0.458316 -0.746099 0 0 0 0 
-0.458508 -0.764642 0 0 0 0 
-0.4587 -0.783186 0 0 0 0 
-0.442848 -0.736152 0 0 0 0 
-0.44304 -0.754696 0 0 0 0 
-0.443232 -0.773239 0 0 0 0 
-0.427572 -0.74475 0 0 0 0 
-0.427763 -0.763293 0 0 0 0 
-0.412295 -0.753347 0 0 0 0 
1 2 6
2 7 6
2 3 7
3 8 7
3 4 8
4 9 8
4 5 9
6 7 10
7 11 10
7 8 11
8 12 11
8 9 12
10 11 13
11 14 13
11 12 14
13 14 15
ZONE N=15, E=16, F=FEPOINT, ET=TRIANGLE
-0.29282 -0.687962 0 0 0 0 
-0.281317 -0.663413 0 0 0 0 
-0.269813 -0.638865 0 0 0 0 
-0.25831 -0.614316 0 0 0 0 
-0.246806 -0.589767 0 0 0 0 
-0.299003 -0.667563 0 0 0 0 
-0.287499 -0.643014 0 0 0 0 
-0.275996 -0.618465 0 0 0 0 
-0.264492 -0.593916 0 0 0 0 
-0.305185 -0.647163 0 0 0 0 
-0.293681 -0.622614 0 0 0 0 
-0.282178 -0.598065 0 0 0 0 
-0.311367 -0.626763 0 0 0 0 
-0.299864 -0.602214 0 0 0 0 
-0.31755 -0.606364 0 0 0 0 
1 2 6
2 7 6
2 3 7
3 8 7
3 4 8
4 9 8
4 5 9
6 7 10
7 11 10
7 8 11
8 12 11
8 9 12
10 11 13
11 14 13
11 12 14
13 14 15
ZONE N=15, E=16, F=FEPOINT, ET=TRIANGLE
-0.387121 -0.578863 0 0 0 0 
-0.388692 -0.559479 0 0 0 0 
-0.390262 -0.540096 0 0 0 0 
-0.391833 -0.520712 0 0 0 0 
-0.393403 -0.501329 0 0 0 0 
-0.405881 -0.583987 0 0 0 0 
-0.407451 -0.564603 0 0 0 0 
-0.409022 -0.54522 0 0 0 0 
-0.410592 -0.525836 0 0 0 0 
-0.424641 -0.58911 0 0 0 0 
-0.426211 -0.569727 0 0 0 0 
-0.427782 -0.550343 0 0 0 0 
-0.443401 -0.594234 0 0 0 0 
-0.444971 -0.574851 0 0 0 0 
-0.46216 -0.599358 0 0 0 0 
1 2 6
2 7 6
2 3 7
3 8 7
3 4 8
4 9 8
4 5 9
6 7 10
7 11 10
7 8 11
8 12 11
8 9 12
10 11 13
11 14 13
11 12 14
13 14 15
ZONE N=15, E=16, F=FEPOINT, ET=TRIANGLE
-0.290285 -0.95694 0 0 0 0 
-0.270243 -0.941621 0 0 0 0 
-0.250201 -0.926301 0 0 0 0 
-0.230159 -0.910981 0 0 0 0 
-0.210117 -0.895661 0 0 0 0 
-0.285954 -0.934569 0 0 0 0 
-0.265912 -0.919249 0 0 0 0 
-0.24587 -0.90393 0 0 0 0 
-0.225828 -0.88861 0 0 0 0 
-0.281624 -0.912198 0 0 0 0 
-0.261582 -0.896878 0 0 0 0 
-0.24154 -0.881558 0 0 0 0 
-0.277294 -0.889827 0 0 0 0 
-0.257252 -0.874507 0 0 0 0 
-0.272963 -0.867455 0 0 0 0 
1 2 6
2 7 6
2 3 7
3 8 7
3 4 8
4 9 8
4 5 9
6 7 10
7 11 10
7 8 11
8 12 11
8 9 12
10 11 13
11 14 13
11 12 14
13 14 15
ZONE N=15, E=16, F=FEPOINT, ET=TRIANGLE
-0.395712 -0.821476 0 0 0 0 
-0.384213 -0.833021 0 0 0 0 
-0.372713 -0.844565 0 0 0 0 
-0.361214 -0.85611 0 0 0 0 
-0.349714 -0.867654 0 0 0 0 
-0.382358 -0.805458 0 0 0 0 
-0.370858 -0.817003 0 0 0 0 
-0.359359 -0.828547 0 0 0 0 
-0.347859 -0.840092 0 0 0 0 
-0.369003 -0.78944 0 0 0 0 
-0.357504 -0.800985 0 0 0 0 
-0.346004 -0.812529 0 0 0 0 
-0.355649 -0.773422 0 0 0 0 
-0.344149 -0.784967 0 0 0 0 
-0.342294 -0.757404 0 0 0 0 
1 2 6
2 7 6
2 3 7
3 8 7
3 4 8
4 9 8
4 5 9
6 7 10
7 11 10
7 8 11
8 12 11
8 9 12
10 11 13
11 14 13
11 12 14
13 14 15
ZONE N=15, E=16, F=FEPOINT, ET=TRIANGLE
-0.0975952 -0.632563 0 0 0 0 
-0.0738462 -0.656235 0 0 0 0 
-0.0500972 -0.679907 0 0 0 0 
-0.0263482 -0.703579 0 0 0 0 
-0.0025992 -0.727251 0 0 0 0 
-0.0809438 -0.623463 0 0 0 0 
-0.0571948 -0.647135 0 0 0 0 
-0.0334458 -0.670807 0 0 0 0 
-0.00969683 -0.694479 0 0 0 0 
-0.0642925 -0.614363 0 0 0 0 
-0.0405435 -0.638035 0 0 0 0 
-0.0167945 -0.661707 0 0 0 0 
-0.0476411 -0.605263 0 0 0 0 
-0.0238921 -0.628935 0 0 0 0 
-0.0309897 -0.596163 0 0 0 0 
1 2 6
2 7 6
2 3 7
3 8 7
3 4 8
4 9 8
4 5 9
6 7 10
7 11 10
7 8 11
8 12 11
8 9 12
10 11 13
11 14 13
11 12 14
13 14 15
ZONE N=15, E=16, F=FEPOINT, ET=TRIANGLE
0.043973 -0.787375 0 0 0 0 
0.0623226 -0.800307 0 0 0 0 
0.0806722 -0.81324 0 0 0 0 
0.0990218 -0.826172 0 0 0 0 
0.117371 -0.839105 0 0 0 0 
0.0711943 -0.779686 0 0 0 0 
0.089544 -0.792618 0 0 0 0 
0.107894 -0.805551 0 0 0 0 
0.126243 -0.818483 0 0 0 0 
0.0984157 -0.771997 0 0 0 0 
0.116765 -0.784929 0 0 0 0 
0.135115 -0.797862 0 0 0 0 
0.125637 -0.764307 0 0 0 0 
0.143987 -0.77724 0 0 0 0 
0.152858 -0.756618 0 0 0 0 
1 2 6
2 7 6
2 3 7
3 8 7
3 4 8
4 9 8
4 5 9
6 7 10
7 11 10
7 8 11
8 12 11
8 9 12
10 11 13
11 14 13
11 12 14
13 14 15
ZONE N=15, E=16, F=FEPOINT, ET=TRIANGLE
-0.290285 -0.95694 0 0 0 0 
-0.305142 -0.934619 0 0 0 0 
-0.319999 -0.912297 0 0 0 0 
-0.334857 -0.889976 0 0 0 0 
-0.349714 -0.867654 0 0 0 0 
-0.313384 -0.948675 0 0 0 0 
-0.328242 -0.926354 0 0 0 0 
-0.343099 -0.904032 0 0 0 0 
-0.357957 -0.881711 0 0 0 0 
-0.336484 -0.94041 0 0 0 0 
-0.351341 -0.918088 0 0 0 0 
-0.366199 -0.895767 0 0 0 0 
-0.359584 -0.932145 0 0 0 0 
-0.374441 -0.909823 0 0 0 0 
-0.382683 -0.92388 0 0 0 0 
1 2 6
2 7 6
2 3 7
3 8 7
3 4 8
4 9 8
4 5 9
6 7 10
7 11 10
7 8 11
8 12 11
8 9 12
10 11 13
11 14 13
11 12 14
13 14 15
ZONE N=15, E=16, F=FEPOINT, ET=TRIANGLE
-0.19509 -0.980785 0 0 0 0 
-0.198847 -0.959504 0 0 0 0 
-0.202603 -0.938223 0 0 0 0 
-0.20636 -0.916942 0 0 0 0 
-0.210117 -0.895661 0 0 0 0 
-0.218889 -0.974824 0 0 0 0 
-0.222645 -0.953543 0 0 0 0 
-0.226402 -0.932262 0 0 0 0 
-0.230159 -0.910981 0 0 0 0 
-0.242687 -0.968863 0 0 0 0 
-0.246444 -0.947582 0 0 0 0 
-0.250201 -0.926301 0 0 0 0 
-0.266486 -0.962902 0 0 0 0 
-0.270243 -0.941621 0 0 0 0 
-0.290285 -0.95694 0 0 0 0 
1 2 6
2 7 6
2 3 7
3 8 7
3 4 8
4 9 8
4 5 9
6 7 10
7 11 10
7 8 11
8 12 11
8 9 12
10 11 13
11 14 13
11 12 14
13 14 15
ZONE N=15, E=16, F=FEPOINT, ET=TRIANGLE
-0.243514 -0.517989 0 0 0 0 
-0.249172 -0.501083 0 0 0 0 
-0.25483 -0.484176 0 0 0 0 
-0.260488 -0.46727 0 0 0 0 
-0.266147 -0.450364 0 0 0 0 
-0.260895 -0.521951 0 0 0 0 
-0.266554 -0.505045 0 0 0 0 
-0.272212 -0.488139 0 0 0 0 
-0.27787 -0.471233 0 0 0 0 
-0.278277 -0.525914 0 0 0 0 
-0.283936 -0.509008 0 0 0 0 
-0.289594 -0.492102 0 0 0 0 
-0.295659 -0.529877 0 0 0 0 
-0.301317 -0.512971 0 0 0 0 
-0.313041 -0.533839 0 0 0 0 
1 2 6
2 7 6
2 3 7
3 8 7
3 4 8
4 9 8
4 5 9
6 7 10
7 11 10
7 8 11
8 12 11
8 9 12
10 11 13
11 14 13
11 12 14
13 14 15
ZONE N=15, E=16, F=FEPOINT, ET=TRIANGLE
-0.264125 -0.760751 0 0 0 0 
-0.266335 -0.787427 0 0 0 0 
-0.268544 -0.814103 0 0 0 0 
-0.270754 -0.840779 0 0 0 0 
-0.272963 -0.867455 0 0 0 0 
-0.251293 -0.775514 0 0 0 0 
-0.253503 -0.80219 0 0 0 0 
-0.255712 -0.828866 0 0 0 0 
-0.257922 -0.855542 0 0 0 0 
-0.238461 -0.790277 0 0 0 0 
-0.240671 -0.816953 0 0 0 0 
-0.24288 -0.843629 0 0 0 0 
-0.225629 -0.80504 0 0 0 0 
-0.227839 -0.831716 0 0 0 0 
-0.212797 -0.819803 0 0 0 0 
1 2 6
2 7 6
2 3 7
3 8 7
3 4 8
4 9 8
4 5 9
6 7 10
7 11 10
7 8 11
8 12 11
8 9 12
10 11 13
11 14 13
11 12 14
13 14 15
ZONE N=15, E=16, F=FEPOINT, ET=TRIANGLE
-0.551811 -0.368708 0 0 0 0 
-0.577458 -0.360239 0 0 0 0 
-0.603105 -0.35177 0 0 0 0 
-0.628752 -0.343301 0 0 0 0 
-0.654399 -0.334832 0 0 0 0 
-0.563876 -0.380553 0 0 0 0 
-0.589523 -0.372084 0 0 0 0 
-0.61517 -0.363615 0 0 0 0 
-0.640817 -0.355146 0 0 0 0 
-0.575941 -0.392397 0 0 0 0 
-0.601588 -0.383928 0 0 0 0 
-0.627235 -0.37546 0 0 0 0 
-0.588006 -0.404242 0 0 0 0 
-0.613653 -0.395773 0 0 0 0 
-0.600071 -0.416087 0 0 0 0 
1 2 6
2 7 6
2 3 7
3 8 7
3 4 8
4 9 8
4 5 9
6 7 10
7 11 10
7 8 11
8 12 11
8 9 12
10 11 13
11 14 13
11 12 14
13 14 15
ZONE N=15, E=16, F=FEPOINT, ET=TRIANGLE
-0.6677 -0.416057 0 0 0 0 
-0.67212 -0.436153 0 0 0 0 
-0.67654 -0.456249 0 0 0 0 
-0.680959 -0.476345 0 0 0 0 
-0.685379 -0.496441 0 0 0 0 
-0.650793 -0.416064 0 0 0 0 
-0.655213 -0.43616 0 0 0 0 
-0.659632 -0.456256 0 0 0 0 
-0.664052 -0.476353 0 0 0 0 
-0.633885 -0.416072 0 0 0 0 
-0.638305 -0.436168 0 0 0 0 
-0.642725 -0.456264 0 0 0 0 
-0.616978 -0.416079 0 0 0 0 
-0.621398 -0.436175 0 0 0 0 
-0.600071 -0.416087 0 0 0 0 
1 2 6
2 7 6
2 3 7
3 8 7
3 4 8
4 9 8
4 5 9
6 7 10
7 11 10
7 8 11
8 12 11
8 9 12
10 11 13
11 14 13
11 12 14
13 14 15
ZONE N=15, E=16, F=FEPOINT, ET=TRIANGLE
-0.24432 -0.305253 0 0 0 0 
-0.226168 -0.313451 0 0 0 0 
-0.208016 -0.321649 0 0 0 0 
-0.189864 -0.329847 0 0 0 0 
-0.171711 -0.338045 0 0 0 0 
-0.229262 -0.295747 0 0 0 0 
-0.21111 -0.303945 0 0 0 0 
-0.192958 -0.312143 0 0 0 0 
-0.174806 -0.320341 0 0 0 0 
-0.214204 -0.28624 0 0 0 0 
-0.196052 -0.294438 0 0 0 0 
-0.1779 -0.302636 0 0 0 0 
-0.199146 -0.276734 0 0 0 0 
-0.180994 -0.284932 0 0 0 0 
-0.184088 -0.267227 0 0 0 0 
1 2 6
2 7 6
2 3 7
3 8 7
3 4 8
4 9 8
4 5 9
6 7 10
7 11 10
7 8 11
8 12 11
8 9 12
10 11 13
11 14 13
11 12 14
13 14 15
ZONE N=15, E=16, F=FEPOINT, ET=TRIANGLE
-0.184088 -0.267227 0 0 0 0 
-0.167129 -0.261794 0 0 0 0 
-0.15017 -0.256362 0 0 0 0 
-0.133211 -0.250929 0 0 0 0 
-0.116252 -0.245496 0 0 0 0 
-0.191957 -0.251252 0 0 0 0 
-0.174998 -0.24582 0 0 0 0 
-0.158039 -0.240387 0 0 0 0 
-0.14108 -0.234954 0 0 0 0 
-0.199826 -0.235277 0 0 0 0 
-0.182867 -0.229845 0 0 0 0 
-0.165908 -0.224412 0 0 0 0 
-0.207695 -0.219302 0 0 0 0 
-0.190736 -0.21387 0 0 0 0 
-0.215564 -0.203327 0 0 0 0 
1 2 6
2 7 6
2 3 7
3 8 7
3 4 8
4 9 8
4 5 9
6 7 10
7 11 10
7 8 11
8 12 11
8 9 12
10 11 13
11 14 13
11 12 14
13 14 15
ZONE N=15, E=16, F=FEPOINT, ET=TRIANGLE
-0.42247 -0.385173 0 0 0 0 
-0.415203 -0.414212 0 0 0 0 
-0.407937 -0.443251 0 0 0 0 
-0.40067 -0.47229 0 0 0 0 
-0.393403 -0.501329 0 0 0 0 
-0.401159 -0.389075 0 0 0 0 
-0.393892 -0.418114 0 0 0 0 
-0.386625 -0.447153 0 0 0 0 
-0.379358 -0.476192 0 0 0 0 
-0.379847 -0.392977 0 0 0 0 
-0.372581 -0.422016 0 0 0 0 
-0.365314 -0.451056 0 0 0 0 
-0.358536 -0.39688 0 0 0 0 
-0.351269 -0.425919 0 0 0 0 
-0.337224 -0.400782 0 0 0 0 
1 2 6
2 7 6
2 3 7
3 8 7
3 4 8
4 9 8
4 5 9
6 7 10
7 11 10
7 8 11
8 12 11
8 9 12
10 11 13
11 14 13
11 12 14
13 14 15
ZONE N=15, E=16, F=FEPOINT, ET=TRIANGLE
-0.266147 -0.450364 0 0 0 0 
-0.258302 -0.432995 0 0 0 0 
-0.250458 -0.415626 0 0 0 0 
-0.242613 -0.398256 0 0 0 0 
-0.234769 -0.380887 0 0 0 0 
-0.283916 -0.437969 0 0 0 0 
-0.276072 -0.420599 0 0 0 0 
-0.268227 -0.40323 0 0 0 0 
-0.260383 -0.385861 0 0 0 0 
-0.301686 -0.425573 0 0 0 0 
-0.293841 -0.408204 0 0 0 0 
-0.285997 -0.390834 0 0 0 0 
-0.319455 -0.413178 0 0 0 0 
-0.311611 -0.395808 0 0 0 0 
-0.337224 -0.400782 0 0 0 0 
1 2 6
2 7 6
2 3 7
3 8 7
3 4 8
4 9 8
4 5 9
6 7 10
7 11 10
7 8 11
8 12 11
8 9 12
10 11 13
11 14 13
11 12 14
13 14 15
ZONE N=15, E=16, F=FEPOINT, ET=TRIANGLE
-0.171711 -0.338045 0 0 0 0 
-0.170856 -0.356262 0 0 0 0 
-0.17 -0.374478 0 0 0 0 
-0.169144 -0.392695 0 0 0 0 
-0.168288 -0.410911 0 0 0 0 
-0.153372 -0.333312 0 0 0 0 
-0.152517 -0.351529 0 0 0 0 
-0.151661 -0.369745 0 0 0 0 
-0.150805 -0.387962 0 0 0 0 
-0.135033 -0.328579 0 0 0 0 
-0.134177 -0.346795 0 0 0 0 
-0.133322 -0.365012 0 0 0 0 
-0.116694 -0.323845 0 0 0 0 
-0.115838 -0.342062 0 0 0 0 
-0.0983553 -0.319112 0 0 0 0 
1 2 6
2 7 6
2 3 7
3 8 7
3 4 8
4 9 8
4 5 9
6 7 10
7 11 10
7 8 11
8 12 11
8 9 12
10 11 13
11 14 13
11 12 14
13 14 15
ZONE N=15, E=16, F=FEPOINT, ET=TRIANGLE
-0.00823862 -0.272164 0 0 0 0 
-0.0307678 -0.283901 0 0 0 0 
-0.053297 -0.295638 0 0 0 0 
-0.0758261 -0.307375 0 0 0 0 
-0.0983553 -0.319112 0 0 0 0 
-0.0163859 -0.296225 0 0 0 0 
-0.0389151 -0.307962 0 0 0 0 
-0.0614443 -0.319699 0 0 0 0 
-0.0839735 -0.331436 0 0 0 0 
-0.0245333 -0.320287 0 0 0 0 
-0.0470624 -0.332024 0 0 0 0 
-0.0695916 -0.343761 0 0 0 0 
-0.0326806 -0.344348 0 0 0 0 
-0.0552098 -0.356085 0 0 0 0 
-0.0408279 -0.368409 0 0 0 0 
1 2 6
2 7 6
2 3 7
3 8 7
3 4 8
4 9 8
4 5 9
6 7 10
7 11 10
7 8 11
8 12 11
8 9 12
10 11 13
11 14 13
11 12 14
13 14 15
ZONE N=15, E=16, F=FEPOINT, ET=TRIANGLE
-0.00823862 -0.272164 0 0 0 0 
0.0160334 -0.278141 0 0 0 0 
0.0403055 -0.284117 0 0 0 0 
0.0645775 -0.290094 0 0 0 0 
0.0888495 -0.296071 0 0 0 0 
0.00987604 -0.253914 0 0 0 0 
0.0341481 -0.259891 0 0 0 0 
0.0584201 -0.265867 0 0 0 0 
0.0826922 -0.271844 0 0 0 0 
0.0279907 -0.235664 0 0 0 0 
0.0522627 -0.24164 0 0 0 0 
0.0765348 -0.247617 0 0 0 0 
0.0461054 -0.217414 0 0 0 0 
0.0703774 -0.22339 0 0 0 0 
0.06422 -0.199163 0 0 0 0 
1 2 6
2 7 6
2 3 7
3 8 7
3 4 8
4 9 8
4 5 9
6 7 10
7 11 10
7 8 11
8 12 11
8 9 12
10 11 13
11 14 13
11 12 14
13 14 15
ZONE N=15, E=16, F=FEPOINT, ET=TRIANGLE
0.040563 -0.0990647 0 0 0 0 
0.0215257 -0.117874 0 0 0 0 
0.00248845 -0.136683 0 0 0 0 
-0.0165488 -0.155492 0 0 0 0 
-0.0355861 -0.174301 0 0 0 0 
0.0464772 -0.124089 0 0 0 0 
0.02744 -0.142898 0 0 0 0 
0.00840271 -0.161707 0 0 0 0 
-0.0106345 -0.180517 0 0 0 0 
0.0523915 -0.149114 0 0 0 0 
0.0333542 -0.167923 0 0 0 0 
0.014317 -0.186732 0 0 0 0 
0.0583058 -0.174139 0 0 0 0 
0.0392685 -0.192948 0 0 0 0 
0.06422 -0.199163 0 0 0 0 
1 2 6
2 7 6
2 3 7
3 8 7
3 4 8
4 9 8
4 5 9
6 7 10
7 11 10
7 8 11
8 12 11
8 9 12
10 11 13
11 14 13
11 12 14
13 14 15
ZONE N=15, E=16, F=FEPOINT, ET=TRIANGLE
-0.00823862 -0.272164 0 0 0 0 
0.000594752 -0.288565 0 0 0 0 
0.00942812 -0.304966 0 0 0 0 
0.0182615 -0.321367 0 0 0 0 
0.0270949 -0.337768 0 0 0 0 
0.0160334 -0.278141 0 0 0 0 
0.0248668 -0.294542 0 0 0 0 
0.0337002 -0.310943 0 0 0 0 
0.0425335 -0.327344 0 0 0 0 
0.0403055 -0.284117 0 0 0 0 
0.0491388 -0.300518 0 0 0 0 
0.0579722 -0.316919 0 0 0 0 
0.0645775 -0.290094 0 0 0 0 
0.0734109 -0.306495 0 0 0 0 
0.0888495 -0.296071 0 0 0 0 
1 2 6
2 7 6
2 3 7
3 8 7
3 4 8
4 9 8
4 5 9
6 7 10
7 11 10
7 8 11
8 12 11
8 9 12
10 11 13
11 14 13
11 12 14
13 14 15
ZONE N=15, E=16, F=FEPOINT, ET=TRIANGLE
3.33067e-16 0 0 0 0 0 
0.0101407 -0.0247662 0 0 0 0 
0.0202815 -0.0495323 0 0 0 0 
0.0304222 -0.0742985 0 0 0 0 
0.040563 -0.0990647 0 0 0 0 
0.015625 0 0 0 0 0 
0.0257657 -0.0247662 0 0 0 0 
0.0359065 -0.0495323 0 0 0 0 
0.0460472 -0.0742985 0 0 0 0 
0.03125 0 0 0 0 0 
0.0413907 -0.0247662 0 0 0 0 
0.0515315 -0.0495323 0 0 0 0 
0.046875 0 0 0 0 0 
0.0570157 -0.0247662 0 0 0 0 
0.0625 0 0 0 0 0 
1 2 6
2 7 6
2 3 7
3 8 7
3 4 8
4 9 8
4 5 9
6 7 10
7 11 10
7 8 11
8 12 11
8 9 12
10 11 13
11 14 13
11 12 14
13 14 15
ZONE N=15, E=16, F=FEPOINT, ET=TRIANGLE
0.178308 -0.119355 0 0 0 0 
0.160082 -0.123663 0 0 0 0 
0.141855 -0.12797 0 0 0 0 
0.123629 -0.132278 0 0 0 0 
0.105403 -0.136585 0 0 0 0 
0.174613 -0.144436 0 0 0 0 
0.156387 -0.148744 0 0 0 0 
0.138161 -0.153051 0 0 0 0 
0.119935 -0.157359 0 0 0 0 
0.170919 -0.169517 0 0 0 0 
0.152693 -0.173825 0 0 0 0 
0.134466 -0.178132 0 0 0 0 
0.167224 -0.194598 0 0 0 0 
0.148998 -0.198906 0 0 0 0 
0.16353 -0.219679 0 0 0 0 
1 2 6
2 7 6
2 3 7
3 8 7
3 4 8
4 9 8
4 5 9
6 7 10
7 11 10
7 8 11
8 12 11
8 9 12
10 11 13
11 14 13
11 12 14
13 14 15
ZONE N=15, E=16, F=FEPOINT, ET=TRIANGLE
0.25 0 0 0 0 0 
0.234375 -0.0109169 0 0 0 0 
0.21875 -0.0218338 0 0 0 0 
0.203125 -0.0327507 0 0 0 0 
0.1875 -0.0436676 0 0 0 0 
0.254409 -0.0229504 0 0 0 0 
0.238784 -0.0338673 0 0 0 0 
0.223159 -0.0447842 0 0 0 0 
0.207534 -0.0557011 0 0 0 0 
0.258818 -0.0459008 0 0 0 0 
0.243193 -0.0568177 0 0 0 0 
0.227568 -0.0677346 0 0 0 0 
0.263226 -0.0688513 0 0 0 0 
0.247601 -0.0797682 0 0 0 0 
0.267635 -0.0918017 0 0 0 0 
1 2 6
2 7 6
2 3 7
3 8 7
3 4 8
4 9 8
4 5 9
6 7 10
7 11 10
7 8 11
8 12 11
8 9 12
10 11 13
11 14 13
11 12 14
13 14 15
ZONE N=15, E=16, F=FEPOINT, ET=TRIANGLE
-0.127294 -0.47125 0 0 0 0 
-0.100525 -0.482596 0 0 0 0 
-0.0737567 -0.493943 0 0 0 0 
-0.0469882 -0.50529 0 0 0 0 
-0.0202197 -0.516637 0 0 0 0 
-0.100657 -0.463728 0 0 0 0 
-0.0738887 -0.475075 0 0 0 0 
-0.0471202 -0.486422 0 0 0 0 
-0.0203517 -0.497769 0 0 0 0 
-0.0740207 -0.456207 0 0 0 0 
-0.0472522 -0.467554 0 0 0 0 
-0.0204837 -0.478901 0 0 0 0 
-0.0473842 -0.448685 0 0 0 0 
-0.0206157 -0.460032 0 0 0 0 
-0.0207478 -0.441164 0 0 0 0 
1 2 6
2 7 6
2 3 7
3 8 7
3 4 8
4 9 8
4 5 9
6 7 10
7 11 10
7 8 11
8 12 11
8 9 12
10 11 13
11 14 13
11 12 14
13 14 15
ZONE N=15, E=16, F=FEPOINT, ET=TRIANGLE
0.25 0 0 0 0 0 
0.254409 -0.0229504 0 0 0 0 
0.258818 -0.0459008 0 0 0 0 
0.263226 -0.0688513 0 0 0 0 
0.267635 -0.0918017 0 0 0 0 
0.265625 0 0 0 0 0 
0.270034 -0.0229504 0 0 0 0 
0.274443 -0.0459008 0 0 0 0 
0.278851 -0.0688513 0 0 0 0 
0.28125 0 0 0 0 0 
0.285659 -0.0229504 0 0 0 0 
0.290068 -0.0459008 0 0 0 0 
0.296875 0 0 0 0 0 
0.301284 -0.0229504 0 0 0 0 
0.3125 0 0 0 0 0 
1 2 6
2 7 6
2 3 7
3 8 7
3 4 8
4 9 8
4 5 9
6 7 10
7 11 10
7 8 11
8 12 11
8 9 12
10 11 13
11 14 13
11 12 14
13 14 15
ZONE N=15, E=16, F=FEPOINT, ET=TRIANGLE
0.06422 -0.199163 0 0 0 0 
0.0890475 -0.204292 0 0 0 0 
0.113875 -0.209421 0 0 0 0 
0.138702 -0.21455 0 0 0 0 
0.16353 -0.219679 0 0 0 0 
0.0745158 -0.183519 0 0 0 0 
0.0993432 -0.188648 0 0 0 0 
0.124171 -0.193777 0 0 0 0 
0.148998 -0.198906 0 0 0 0 
0.0848115 -0.167874 0 0 0 0 
0.109639 -0.173003 0 0 0 0 
0.134466 -0.178132 0 0 0 0 
0.0951072 -0.15223 0 0 0 0 
0.119935 -0.157359 0 0 0 0 
0.105403 -0.136585 0 0 0 0 
1 2 6
2 7 6
2 3 7
3 8 7
3 4 8
4 9 8
4 5 9
6 7 10
7 11 10
7 8 11
8 12 11
8 9 12
10 11 13
11 14 13
11 12 14
13 14 15
ZONE N=15, E=16, F=FEPOINT, ET=TRIANGLE
0.09375 -0.0588813 0 0 0 0 
0.11489 -0.0739998 0 0 0 0 
0.136029 -0.0891182 0 0 0 0 
0.157169 -0.104237 0 0 0 0 
0.178308 -0.119355 0 0 0 0 
0.117188 -0.0550779 0 0 0 0 
0.138327 -0.0701963 0 0 0 0 
0.159467 -0.0853148 0 0 0 0 
0.180606 -0.100433 0 0 0 0 
0.140625 -0.0512744 0 0 0 0 
0.161765 -0.0663929 0 0 0 0 
0.182904 -0.0815114 0 0 0 0 
0.164063 -0.047471 0 0 0 0 
0.185202 -0.0625895 0 0 0 0 
0.1875 -0.0436676 0 0 0 0 
1 2 6
2 7 6
2 3 7
3 8 7
3 4 8
4 9 8
4 5 9
6 7 10
7 11 10
7 8 11
8 12 11
8 9 12
10 11 13
11 14 13
11 12 14
13 14 15
ZONE N=15, E=16, F=FEPOINT, ET=TRIANGLE
0.06422 -0.199163 0 0 0 0 
0.0703774 -0.22339 0 0 0 0 
0.0765348 -0.247617 0 0 0 0 
0.0826922 -0.271844 0 0 0 0 
0.0888495 -0.296071 0 0 0 0 
0.0890475 -0.204292 0 0 0 0 
0.0952048 -0.228519 0 0 0 0 
0.101362 -0.252746 0 0 0 0 
0.10752 -0.276973 0 0 0 0 
0.113875 -0.209421 0 0 0 0 
0.120032 -0.233648 0 0 0 0 
0.12619 -0.257875 0 0 0 0 
0.138702 -0.21455 0 0 0 0 
0.14486 -0.238777 0 0 0 0 
0.16353 -0.219679 0 0 0 0 
1 2 6
2 7 6
2 3 7
3 8 7
3 4 8
4 9 8
4 5 9
6 7 10
7 11 10
7 8 11
8 12 11
8 9 12
10 11 13
11 14 13
11 12 14
13 14 15
ZONE N=15, E=16, F=FEPOINT, ET=TRIANGLE
0.16353 -0.219679 0 0 0 0 
0.14486 -0.238777 0 0 0 0 
0.12619 -0.257875 0 0 0 0 
0.10752 -0.276973 0 0 0 0 
0.0888495 -0.296071 0 0 0 0 
0.165101 -0.23989 0 0 0 0 
0.146431 -0.258988 0 0 0 0 
0.127761 -0.278086 0 0 0 0 
0.109091 -0.297183 0 0 0 0 
0.166672 -0.260101 0 0 0 0 
0.148002 -0.279199 0 0 0 0 
0.129332 -0.298296 0 0 0 0 
0.168243 -0.280312 0 0 0 0 
0.149573 -0.299409 0 0 0 0 
0.169814 -0.300522 0 0 0 0 
1 2 6
2 7 6
2 3 7
3 8 7
3 4 8
4 9 8
4 5 9
6 7 10
7 11 10
7 8 11
8 12 11
8 9 12
10 11 13
11 14 13
11 12 14
13 14 15
ZONE N=15, E=16, F=FEPOINT, ET=TRIANGLE
0.09375 -0.0588813 0 0 0 0 
0.117188 -0.0550779 0 0 0 0 
0.140625 -0.0512744 0 0 0 0 
0.164063 -0.047471 0 0 0 0 
0.1875 -0.0436676 0 0 0 0 
0.101563 -0.044161 0 0 0 0 
0.125 -0.0403575 0 0 0 0 
0.148438 -0.0365541 0 0 0 0 
0.171875 -0.0327507 0 0 0 0 
0.109375 -0.0294406 0 0 0 0 
0.132813 -0.0256372 0 0 0 0 
0.15625 -0.0218338 0 0 0 0 
0.117188 -0.0147203 0 0 0 0 
0.140625 -0.0109169 0 0 0 0 
0.125 0 0 0 0 0 
1 2 6
2 7 6
2 3 7
3 8 7
3 4 8
4 9 8
4 5 9
6 7 10
7 11 10
7 8 11
8 12 11
8 9 12
10 11 13
11 14 13
11 12 14
13 14 15
ZONE N=15, E=16, F=FEPOINT, ET=TRIANGLE
0.227546 0.107402 0 0 0 0 
0.212714 0.0958991 0 0 0 0 
0.197882 0.0843966 0 0 0 0 
0.18305 0.0728941 0 0 0 0 
0.168218 0.0613916 0 0 0 0 
0.23316 0.0805512 0 0 0 0 
0.218328 0.0690487 0 0 0 0 
0.203496 0.0575462 0 0 0 0 
0.188664 0.0460437 0 0 0 0 
0.238773 0.0537008 0 0 0 0 
0.223941 0.0421983 0 0 0 0 
0.209109 0.0306958 0 0 0 0 
0.244387 0.0268504 0 0 0 0 
0.229555 0.0153479 0 0 0 0 
0.25 0 0 0 0 0 
1 2 6
2 7 6
2 3 7
3 8 7
3 4 8
4 9 8
4 5 9
6 7 10
7 11 10
7 8 11
8 12 11
8 9 12
10 11 13
11 14 13
11 12 14
13 14 15
ZONE N=15, E=16, F=FEPOINT, ET=TRIANGLE
-0.0408279 -0.368409 0 0 0 0 
-0.0238472 -0.360749 0 0 0 0 
-0.00686652 -0.353089 0 0 0 0 
0.0101142 -0.345429 0 0 0 0 
0.0270949 -0.337768 0 0 0 0 
-0.0326806 -0.344348 0 0 0 0 
-0.0156999 -0.336688 0 0 0 0 
0.0012808 -0.329028 0 0 0 0 
0.0182615 -0.321367 0 0 0 0 
-0.0245333 -0.320287 0 0 0 0 
-0.00755257 -0.312627 0 0 0 0 
0.00942812 -0.304966 0 0 0 0 
-0.0163859 -0.296225 0 0 0 0 
0.000594752 -0.288565 0 0 0 0 
-0.00823862 -0.272164 0 0 0 0 
1 2 6
2 7 6
2 3 7
3 8 7
3 4 8
4 9 8
4 5 9
6 7 10
7 11 10
7 8 11
8 12 11
8 9 12
10 11 13
11 14 13
11 12 14
13 14 15
ZONE N=15, E=16, F=FEPOINT, ET=TRIANGLE
0.169814 -0.300522 0 0 0 0 
0.149573 -0.299409 0 0 0 0 
0.129332 -0.298296 0 0 0 0 
0.109091 -0.297183 0 0 0 0 
0.0888495 -0.296071 0 0 0 0 
0.163881 -0.319906 0 0 0 0 
0.14364 -0.318793 0 0 0 0 
0.123399 -0.31768 0 0 0 0 
0.103158 -0.316568 0 0 0 0 
0.157948 -0.33929 0 0 0 0 
0.137707 -0.338177 0 0 0 0 
0.117466 -0.337065 0 0 0 0 
0.152015 -0.358674 0 0 0 0 
0.131774 -0.357562 0 0 0 0 
0.146082 -0.378059 0 0 0 0 
1 2 6
2 7 6
2 3 7
3 8 7
3 4 8
4 9 8
4 5 9
6 7 10
7 11 10
7 8 11
8 12 11
8 9 12
10 11 13
11 14 13
11 12 14
13 14 15
ZONE N=15, E=16, F=FEPOINT, ET=TRIANGLE
0.348766 -0.195715 0 0 0 0 
0.329428 -0.189906 0 0 0 0 
0.31009 -0.184098 0 0 0 0 
0.290752 -0.178289 0 0 0 0 
0.271413 -0.17248 0 0 0 0 
0.327067 -0.20996 0 0 0 0 
0.307729 -0.204151 0 0 0 0 
0.28839 -0.198342 0 0 0 0 
0.269052 -0.192533 0 0 0 0 
0.305368 -0.224204 0 0 0 0 
0.286029 -0.218395 0 0 0 0 
0.266691 -0.212587 0 0 0 0 
0.283668 -0.238449 0 0 0 0 
0.26433 -0.23264 0 0 0 0 
0.261969 -0.252693 0 0 0 0 
1 2 6
2 7 6
2 3 7
3 8 7
3 4 8
4 9 8
4 5 9
6 7 10
7 11 10
7 8 11
8 12 11
8 9 12
10 11 13
11 14 13
11 12 14
13 14 15
ZONE N=15, E=16, F=FEPOINT, ET=TRIANGLE
0.358659 -0.363196 0 0 0 0 
0.355149 -0.380782 0 0 0 0 
0.351639 -0.398369 0 0 0 0 
0.348129 -0.415955 0 0 0 0 
0.344619 -0.433541 0 0 0 0 
0.372177 -0.372577 0 0 0 0 
0.368667 -0.390163 0 0 0 0 
0.365157 -0.407749 0 0 0 0 
0.361647 -0.425335 0 0 0 0 
0.385696 -0.381957 0 0 0 0 
0.382186 -0.399543 0 0 0 0 
0.378676 -0.41713 0 0 0 0 
0.399214 -0.391338 0 0 0 0 
0.395704 -0.408924 0 0 0 0 
0.412732 -0.400718 0 0 0 0 
1 2 6
2 7 6
2 3 7
3 8 7
3 4 8
4 9 8
4 5 9
6 7 10
7 11 10
7 8 11
8 12 11
8 9 12
10 11 13
11 14 13
11 12 14
13 14 15
ZONE N=15, E=16, F=FEPOINT, ET=TRIANGLE
0.040563 -0.0990647 0 0 0 0 
0.0538597 -0.0890188 0 0 0 0 
0.0671565 -0.078973 0 0 0 0 
0.0804532 -0.0689271 0 0 0 0 
0.09375 -0.0588813 0 0 0 0 
0.0460472 -0.0742985 0 0 0 0 
0.059344 -0.0642527 0 0 0 0 
0.0726407 -0.0542068 0 0 0 0 
0.0859375 -0.044161 0 0 0 0 
0.0515315 -0.0495323 0 0 0 0 
0.0648282 -0.0394865 0 0 0 0 
0.078125 -0.0294406 0 0 0 0 
0.0570157 -0.0247662 0 0 0 0 
0.0703125 -0.0147203 0 0 0 0 
0.0625 0 0 0 0 0 
1 2 6
2 7 6
2 3 7
3 8 7
3 4 8
4 9 8
4 5 9
6 7 10
7 11 10
7 8 11
8 12 11
8 9 12
10 11 13
11 14 13
11 12 14
13 14 15
ZONE N=15, E=16, F=FEPOINT, ET=TRIANGLE
0.125 0 0 0 0 0 
0.117188 0.0177357 0 0 0 0 
0.109375 0.0354715 0 0 0 0 
0.101563 0.0532072 0 0 0 0 
0.09375 0.0709429 0 0 0 0 
0.109375 0 0 0 0 0 
0.101563 0.0177357 0 0 0 0 
0.09375 0.0354715 0 0 0 0 
0.0859375 0.0532072 0 0 0 0 
0.09375 0 0 0 0 0 
0.0859375 0.0177357 0 0 0 0 
0.078125 0.0354715 0 0 0 0 
0.078125 0 0 0 0 0 
0.0703125 0.0177357 0 0 0 0 
0.0625 0 0 0 0 0 
1 2 6
2 7 6
2 3 7
3 8 7
3 4 8
4 9 8
4 5 9
6 7 10
7 11 10
7 8 11
8 12 11
8 9 12
10 11 13
11 14 13
11 12 14
13 14 15
ZONE N=15, E=16, F=FEPOINT, ET=TRIANGLE
0.09375 -0.0588813 0 0 0 0 
0.0804532 -0.0689271 0 0 0 0 
0.0671565 -0.078973 0 0 0 0 
0.0538597 -0.0890188 0 0 0 0 
0.040563 -0.0990647 0 0 0 0 
0.0966632 -0.0783073 0 0 0 0 
0.0833665 -0.0883532 0 0 0 0 
0.0700697 -0.098399 0 0 0 0 
0.056773 -0.108445 0 0 0 0 
0.0995765 -0.0977333 0 0 0 0 
0.0862797 -0.107779 0 0 0 0 
0.072983 -0.117825 0 0 0 0 
0.10249 -0.117159 0 0 0 0 
0.089193 -0.127205 0 0 0 0 
0.105403 -0.136585 0 0 0 0 
1 2 6
2 7 6
2 3 7
3 8 7
3 4 8
4 9 8
4 5 9
6 7 10
7 11 10
7 8 11
8 12 11
8 9 12
10 11 13
11 14 13
11 12 14
13 14 15
ZONE N=15, E=16, F=FEPOINT, ET=TRIANGLE
0.105403 -0.136585 0 0 0 0 
0.123629 -0.132278 0 0 0 0 
0.141855 -0.12797 0 0 0 0 
0.160082 -0.123663 0 0 0 0 
0.178308 -0.119355 0 0 0 0 
0.10249 -0.117159 0 0 0 0 
0.120716 -0.112852 0 0 0 0 
0.138942 -0.108544 0 0 0 0 
0.157169 -0.104237 0 0 0 0 
0.0995765 -0.0977333 0 0 0 0 
0.117803 -0.0934258 0 0 0 0 
0.136029 -0.0891182 0 0 0 0 
0.0966632 -0.0783073 0 0 0 0 
0.11489 -0.0739998 0 0 0 0 
0.09375 -0.0588813 0 0 0 0 
1 2 6
2 7 6
2 3 7
3 8 7
3 4 8
4 9 8
4 5 9
6 7 10
7 11 10
7 8 11
8 12 11
8 9 12
10 11 13
11 14 13
11 12 14
13 14 15
ZONE N=15, E=16, F=FEPOINT, ET=TRIANGLE
0.125 0 0 0 0 0 
0.135805 0.0153479 0 0 0 0 
0.146609 0.0306958 0 0 0 0 
0.157414 0.0460437 0 0 0 0 
0.168218 0.0613916 0 0 0 0 
0.117188 0.0177357 0 0 0 0 
0.127992 0.0330836 0 0 0 0 
0.138797 0.0484315 0 0 0 0 
0.149601 0.0637794 0 0 0 0 
0.109375 0.0354715 0 0 0 0 
0.12018 0.0508193 0 0 0 0 
0.130984 0.0661672 0 0 0 0 
0.101563 0.0532072 0 0 0 0 
0.112367 0.0685551 0 0 0 0 
0.09375 0.0709429 0 0 0 0 
1 2 6
2 7 6
2 3 7
3 8 7
3 4 8
4 9 8
4 5 9
6 7 10
7 11 10
7 8 11
8 12 11
8 9 12
10 11 13
11 14 13
11 12 14
13 14 15
ZONE N=15, E=16, F=FEPOINT, ET=TRIANGLE
0.123585 0.142492 0 0 0 0 
0.0913462 0.137957 0 0 0 0 
0.0591075 0.133421 0 0 0 0 
0.0268687 0.128885 0 0 0 0 
-0.00536997 0.124349 0 0 0 0 
0.116126 0.124605 0 0 0 0 
0.0838874 0.120069 0 0 0 0 
0.0516487 0.115534 0 0 0 0 
0.01941 0.110998 0 0 0 0 
0.108667 0.106718 0 0 0 0 
0.0764287 0.102182 0 0 0 0 
0.04419 0.0976462 0 0 0 0 
0.101209 0.0888303 0 0 0 0 
0.06897 0.0842945 0 0 0 0 
0.09375 0.0709429 0 0 0 0 
1 2 6
2 7 6
2 3 7
3 8 7
3 4 8
4 9 8
4 5 9
6 7 10
7 11 10
7 8 11
8 12 11
8 9 12
10 11 13
11 14 13
11 12 14
13 14 15
ZONE N=15, E=16, F=FEPOINT, ET=TRIANGLE
0.03125 0.0561197 0 0 0 0 
0.046875 0.0598255 0 0 0 0 
0.0625 0.0635313 0 0 0 0 
0.078125 0.0672371 0 0 0 0 
0.09375 0.0709429 0 0 0 0 
0.022095 0.0731771 0 0 0 0 
0.03772 0.0768829 0 0 0 0 
0.053345 0.0805887 0 0 0 0 
0.06897 0.0842945 0 0 0 0 
0.01294 0.0902345 0 0 0 0 
0.028565 0.0939403 0 0 0 0 
0.04419 0.0976462 0 0 0 0 
0.00378502 0.107292 0 0 0 0 
0.01941 0.110998 0 0 0 0 
-0.00536997 0.124349 0 0 0 0 
1 2 6
2 7 6
2 3 7
3 8 7
3 4 8
4 9 8
4 5 9
6 7 10
7 11 10
7 8 11
8 12 11
8 9 12
10 11 13
11 14 13
11 12 14
13 14 15
ZONE N=15, E=16, F=FEPOINT, ET=TRIANGLE
-0.00536997 0.124349 0 0 0 0 
-0.0196525 0.110834 0 0 0 0 
-0.033935 0.0973185 0 0 0 0 
-0.0482175 0.083803 0 0 0 0 
-0.0625 0.0702876 0 0 0 0 
0.00378502 0.107292 0 0 0 0 
-0.0104975 0.0937765 0 0 0 0 
-0.02478 0.0802611 0 0 0 0 
-0.0390625 0.0667456 0 0 0 0 
0.01294 0.0902345 0 0 0 0 
-0.00134249 0.0767191 0 0 0 0 
-0.015625 0.0632036 0 0 0 0 
0.022095 0.0731771 0 0 0 0 
0.0078125 0.0596616 0 0 0 0 
0.03125 0.0561197 0 0 0 0 
1 2 6
2 7 6
2 3 7
3 8 7
3 4 8
4 9 8
4 5 9
6 7 10
7 11 10
7 8 11
8 12 11
8 9 12
10 11 13
11 14 13
11 12 14
13 14 15
ZONE N=15, E=16, F=FEPOINT, ET=TRIANGLE
0.125 0 0 0 0 0 
0.15625 0 0 0 0 0 
0.1875 0 0 0 0 0 
0.21875 0 0 0 0 0 
0.25 0 0 0 0 0 
0.135805 0.0153479 0 0 0 0 
0.167055 0.0153479 0 0 0 0 
0.198305 0.0153479 0 0 0 0 
0.229555 0.0153479 0 0 0 0 
0.146609 0.0306958 0 0 0 0 
0.177859 0.0306958 0 0 0 0 
0.209109 0.0306958 0 0 0 0 
0.157414 0.0460437 0 0 0 0 
0.188664 0.0460437 0 0 0 0 
0.168218 0.0613916 0 0 0 0 
1 2 6
2 7 6
2 3 7
3 8 7
3 4 8
4 9 8
4 5 9
6 7 10
7 11 10
7 8 11
8 12 11
8 9 12
10 11 13
11 14 13
11 12 14
13 14 15
ZONE N=15, E=16, F=FEPOINT, ET=TRIANGLE
0.227546 0.107402 0 0 0 0 
0.201556 0.116174 0 0 0 0 
0.175565 0.124947 0 0 0 0 
0.149575 0.13372 0 0 0 0 
0.123585 0.142492 0 0 0 0 
0.212714 0.0958991 0 0 0 0 
0.186724 0.104672 0 0 0 0 
0.160733 0.113445 0 0 0 0 
0.134743 0.122217 0 0 0 0 
0.197882 0.0843966 0 0 0 0 
0.171892 0.0931693 0 0 0 0 
0.145902 0.101942 0 0 0 0 
0.18305 0.0728941 0 0 0 0 
0.15706 0.0816668 0 0 0 0 
0.168218 0.0613916 0 0 0 0 
1 2 6
2 7 6
2 3 7
3 8 7
3 4 8
4 9 8
4 5 9
6 7 10
7 11 10
7 8 11
8 12 11
8 9 12
10 11 13
11 14 13
11 12 14
13 14 15
ZONE N=15, E=16, F=FEPOINT, ET=TRIANGLE
0.178308 -0.119355 0 0 0 0 
0.20064 -0.112467 0 0 0 0 
0.222972 -0.105578 0 0 0 0 
0.245303 -0.0986901 0 0 0 0 
0.267635 -0.0918017 0 0 0 0 
0.180606 -0.100433 0 0 0 0 
0.202938 -0.0935449 0 0 0 0 
0.22527 -0.0866566 0 0 0 0 
0.247601 -0.0797682 0 0 0 0 
0.182904 -0.0815114 0 0 0 0 
0.205236 -0.074623 0 0 0 0 
0.227568 -0.0677346 0 0 0 0 
0.185202 -0.0625895 0 0 0 0 
0.207534 -0.0557011 0 0 0 0 
0.1875 -0.0436676 0 0 0 0 
1 2 6
2 7 6
2 3 7
3 8 7
3 4 8
4 9 8
4 5 9
6 7 10
7 11 10
7 8 11
8 12 11
8 9 12
10 11 13
11 14 13
11 12 14
13 14 15
ZONE N=15, E=16, F=FEPOINT, ET=TRIANGLE
0.1875 -0.0436676 0 0 0 0 
0.203125 -0.0327507 0 0 0 0 
0.21875 -0.0218338 0 0 0 0 
0.234375 -0.0109169 0 0 0 0 
0.25 0 0 0 0 0 
0.171875 -0.0327507 0 0 0 0 
0.1875 -0.0218338 0 0 0 0 
0.203125 -0.0109169 0 0 0 0 
0.21875 0 0 0 0 0 
0.15625 -0.0218338 0 0 0 0 
0.171875 -0.0109169 0 0 0 0 
0.1875 0 0 0 0 0 
0.140625 -0.0109169 0 0 0 0 
0.15625 0 0 0 0 0 
0.125 0 0 0 0 0 
1 2 6
2 7 6
2 3 7
3 8 7
3 4 8
4 9 8
4 5 9
6 7 10
7 11 10
7 8 11
8 12 11
8 9 12
10 11 13
11 14 13
11 12 14
13 14 15
ZONE N=15, E=16, F=FEPOINT, ET=TRIANGLE
0.271413 -0.17248 0 0 0 0 
0.255624 -0.173114 0 0 0 0 
0.239835 -0.173749 0 0 0 0 
0.224046 -0.174383 0 0 0 0 
0.208257 -0.175017 0 0 0 0 
0.269052 -0.192533 0 0 0 0 
0.253263 -0.193168 0 0 0 0 
0.237474 -0.193802 0 0 0 0 
0.221685 -0.194436 0 0 0 0 
0.266691 -0.212587 0 0 0 0 
0.250902 -0.213221 0 0 0 0 
0.235113 -0.213855 0 0 0 0 
0.26433 -0.23264 0 0 0 0 
0.248541 -0.233274 0 0 0 0 
0.261969 -0.252693 0 0 0 0 
1 2 6
2 7 6
2 3 7
3 8 7
3 4 8
4 9 8
4 5 9
6 7 10
7 11 10
7 8 11
8 12 11
8 9 12
10 11 13
11 14 13
11 12 14
13 14 15
ZONE N=15, E=16, F=FEPOINT, ET=TRIANGLE
0.34375 -0.0721361 0 0 0 0 
0.367188 -0.0715802 0 0 0 0 
0.390625 -0.0710243 0 0 0 0 
0.414063 -0.0704684 0 0 0 0 
0.4375 -0.0699125 0 0 0 0 
0.351563 -0.0541021 0 0 0 0 
0.375 -0.0535462 0 0 0 0 
0.398438 -0.0529903 0 0 0 0 
0.421875 -0.0524344 0 0 0 0 
0.359375 -0.0360681 0 0 0 0 
0.382813 -0.0355122 0 0 0 0 
0.40625 -0.0349562 0 0 0 0 
0.367188 -0.018034 0 0 0 0 
0.390625 -0.0174781 0 0 0 0 
0.375 0 0 0 0 0 
1 2 6
2 7 6
2 3 7
3 8 7
3 4 8
4 9 8
4 5 9
6 7 10
7 11 10
7 8 11
8 12 11
8 9 12
10 11 13
11 14 13
11 12 14
13 14 15
ZONE N=15, E=16, F=FEPOINT, ET=TRIANGLE
-0.0207478 -0.441164 0 0 0 0 
-0.00878711 -0.415315 0 0 0 0 
0.00317355 -0.389466 0 0 0 0 
0.0151342 -0.363617 0 0 0 0 
0.0270949 -0.337768 0 0 0 0 
-0.0257678 -0.422975 0 0 0 0 
-0.0138071 -0.397126 0 0 0 0 
-0.00184649 -0.371277 0 0 0 0 
0.0101142 -0.345429 0 0 0 0 
-0.0307878 -0.404787 0 0 0 0 
-0.0188272 -0.378938 0 0 0 0 
-0.00686652 -0.353089 0 0 0 0 
-0.0358079 -0.386598 0 0 0 0 
-0.0238472 -0.360749 0 0 0 0 
-0.0408279 -0.368409 0 0 0 0 
1 2 6
2 7 6
2 3 7
3 8 7
3 4 8
4 9 8
4 5 9
6 7 10
7 11 10
7 8 11
8 12 11
8 9 12
10 11 13
11 14 13
11 12 14
13 14 15
ZONE N=15, E=16, F=FEPOINT, ET=TRIANGLE
0.0722043 -0.400394 0 0 0 0 
0.0763656 -0.374313 0 0 0 0 
0.0805269 -0.348232 0 0 0 0 
0.0846882 -0.322151 0 0 0 0 
0.0888495 -0.296071 0 0 0 0 
0.060927 -0.384737 0 0 0 0 
0.0650883 -0.358657 0 0 0 0 
0.0692496 -0.332576 0 0 0 0 
0.0734109 -0.306495 0 0 0 0 
0.0496496 -0.369081 0 0 0 0 
0.0538109 -0.343 0 0 0 0 
0.0579722 -0.316919 0 0 0 0 
0.0383722 -0.353425 0 0 0 0 
0.0425335 -0.327344 0 0 0 0 
0.0270949 -0.337768 0 0 0 0 
1 2 6
2 7 6
2 3 7
3 8 7
3 4 8
4 9 8
4 5 9
6 7 10
7 11 10
7 8 11
8 12 11
8 9 12
10 11 13
11 14 13
11 12 14
13 14 15
ZONE N=15, E=16, F=FEPOINT, ET=TRIANGLE
-0.173293 -0.626983 0 0 0 0 
-0.191671 -0.617679 0 0 0 0 
-0.210049 -0.608375 0 0 0 0 
-0.228428 -0.599071 0 0 0 0 
-0.246806 -0.589767 0 0 0 0 
-0.183387 -0.64494 0 0 0 0 
-0.201765 -0.635636 0 0 0 0 
-0.220143 -0.626332 0 0 0 0 
-0.238522 -0.617028 0 0 0 0 
-0.193481 -0.662896 0 0 0 0 
-0.211859 -0.653592 0 0 0 0 
-0.230237 -0.644288 0 0 0 0 
-0.203575 -0.680853 0 0 0 0 
-0.221953 -0.671549 0 0 0 0 
-0.213669 -0.698809 0 0 0 0 
1 2 6
2 7 6
2 3 7
3 8 7
3 4 8
4 9 8
4 5 9
6 7 10
7 11 10
7 8 11
8 12 11
8 9 12
10 11 13
11 14 13
11 12 14
13 14 15
ZONE N=15, E=16, F=FEPOINT, ET=TRIANGLE
0.0356578 -0.650347 0 0 0 0 
0.0465611 -0.667763 0 0 0 0 
0.0574645 -0.685179 0 0 0 0 
0.0683678 -0.702595 0 0 0 0 
0.0792712 -0.720011 0 0 0 0 
0.0646892 -0.647771 0 0 0 0 
0.0755925 -0.665187 0 0 0 0 
0.0864959 -0.682603 0 0 0 0 
0.0973992 -0.700019 0 0 0 0 
0.0937206 -0.645194 0 0 0 0 
0.104624 -0.66261 0 0 0 0 
0.115527 -0.680026 0 0 0 0 
0.122752 -0.642618 0 0 0 0 
0.133655 -0.660034 0 0 0 0 
0.151784 -0.640041 0 0 0 0 
1 2 6
2 7 6
2 3 7
3 8 7
3 4 8
4 9 8
4 5 9
6 7 10
7 11 10
7 8 11
8 12 11
8 9 12
10 11 13
11 14 13
11 12 14
13 14 15
ZONE N=15, E=16, F=FEPOINT, ET=TRIANGLE
0.146082 -0.378059 0 0 0 0 
0.164863 -0.373207 0 0 0 0 
0.183644 -0.368355 0 0 0 0 
0.202425 -0.363504 0 0 0 0 
0.221206 -0.358652 0 0 0 0 
0.152015 -0.358674 0 0 0 0 
0.170796 -0.353823 0 0 0 0 
0.189577 -0.348971 0 0 0 0 
0.208358 -0.34412 0 0 0 0 
0.157948 -0.33929 0 0 0 0 
0.176729 -0.334439 0 0 0 0 
0.19551 -0.329587 0 0 0 0 
0.163881 -0.319906 0 0 0 0 
0.182662 -0.315055 0 0 0 0 
0.169814 -0.300522 0 0 0 0 
1 2 6
2 7 6
2 3 7
3 8 7
3 4 8
4 9 8
4 5 9
6 7 10
7 11 10
7 8 11
8 12 11
8 9 12
10 11 13
11 14 13
11 12 14
13 14 15
ZONE N=15, E=16, F=FEPOINT, ET=TRIANGLE
0.261969 -0.252693 0 0 0 0 
0.237359 -0.24444 0 0 0 0 
0.212749 -0.236186 0 0 0 0 
0.18814 -0.227933 0 0 0 0 
0.16353 -0.219679 0 0 0 0 
0.23893 -0.26465 0 0 0 0 
0.21432 -0.256397 0 0 0 0 
0.189711 -0.248144 0 0 0 0 
0.165101 -0.23989 0 0 0 0 
0.215892 -0.276608 0 0 0 0 
0.191282 -0.268354 0 0 0 0 
0.166672 -0.260101 0 0 0 0 
0.192853 -0.288565 0 0 0 0 
0.168243 -0.280312 0 0 0 0 
0.169814 -0.300522 0 0 0 0 
1 2 6
2 7 6
2 3 7
3 8 7
3 4 8
4 9 8
4 5 9
6 7 10
7 11 10
7 8 11
8 12 11
8 9 12
10 11 13
11 14 13
11 12 14
13 14 15
ZONE N=15, E=16, F=FEPOINT, ET=TRIANGLE
0.047451 -0.473497 0 0 0 0 
0.0678237 -0.482793 0 0 0 0 
0.0881964 -0.492089 0 0 0 0 
0.108569 -0.501385 0 0 0 0 
0.128942 -0.510681 0 0 0 0 
0.0774762 -0.467186 0 0 0 0 
0.0978489 -0.476482 0 0 0 0 
0.118222 -0.485778 0 0 0 0 
0.138594 -0.495074 0 0 0 0 
0.107501 -0.460875 0 0 0 0 
0.127874 -0.470171 0 0 0 0 
0.148247 -0.479467 0 0 0 0 
0.137527 -0.454564 0 0 0 0 
0.157899 -0.46386 0 0 0 0 
0.167552 -0.448252 0 0 0 0 
1 2 6
2 7 6
2 3 7
3 8 7
3 4 8
4 9 8
4 5 9
6 7 10
7 11 10
7 8 11
8 12 11
8 9 12
10 11 13
11 14 13
11 12 14
13 14 15
ZONE N=15, E=16, F=FEPOINT, ET=TRIANGLE
0.353535 -0.297579 0 0 0 0 
0.352343 -0.272113 0 0 0 0 
0.35115 -0.246647 0 0 0 0 
0.349958 -0.221181 0 0 0 0 
0.348766 -0.195715 0 0 0 0 
0.330643 -0.286358 0 0 0 0 
0.329451 -0.260892 0 0 0 0 
0.328259 -0.235426 0 0 0 0 
0.327067 -0.20996 0 0 0 0 
0.307752 -0.275136 0 0 0 0 
0.30656 -0.24967 0 0 0 0 
0.305368 -0.224204 0 0 0 0 
0.28486 -0.263915 0 0 0 0 
0.283668 -0.238449 0 0 0 0 
0.261969 -0.252693 0 0 0 0 
1 2 6
2 7 6
2 3 7
3 8 7
3 4 8
4 9 8
4 5 9
6 7 10
7 11 10
7 8 11
8 12 11
8 9 12
10 11 13
11 14 13
11 12 14
13 14 15
ZONE N=15, E=16, F=FEPOINT, ET=TRIANGLE
0.169814 -0.300522 0 0 0 0 
0.182662 -0.315055 0 0 0 0 
0.19551 -0.329587 0 0 0 0 
0.208358 -0.34412 0 0 0 0 
0.221206 -0.358652 0 0 0 0 
0.192853 -0.288565 0 0 0 0 
0.205701 -0.303097 0 0 0 0 
0.218549 -0.31763 0 0 0 0 
0.231397 -0.332162 0 0 0 0 
0.215892 -0.276608 0 0 0 0 
0.22874 -0.29114 0 0 0 0 
0.241588 -0.305672 0 0 0 0 
0.23893 -0.26465 0 0 0 0 
0.251778 -0.279183 0 0 0 0 
0.261969 -0.252693 0 0 0 0 
1 2 6
2 7 6
2 3 7
3 8 7
3 4 8
4 9 8
4 5 9
6 7 10
7 11 10
7 8 11
8 12 11
8 9 12
10 11 13
11 14 13
11 12 14
13 14 15
ZONE N=15, E=16, F=FEPOINT, ET=TRIANGLE
0.288462 -0.314486 0 0 0 0 
0.30473 -0.310259 0 0 0 0 
0.320999 -0.306033 0 0 0 0 
0.337267 -0.301806 0 0 0 0 
0.353535 -0.297579 0 0 0 0 
0.281839 -0.299038 0 0 0 0 
0.298107 -0.294811 0 0 0 0 
0.314375 -0.290584 0 0 0 0 
0.330643 -0.286358 0 0 0 0 
0.275216 -0.28359 0 0 0 0 
0.291484 -0.279363 0 0 0 0 
0.307752 -0.275136 0 0 0 0 
0.268592 -0.268141 0 0 0 0 
0.28486 -0.263915 0 0 0 0 
0.261969 -0.252693 0 0 0 0 
1 2 6
2 7 6
2 3 7
3 8 7
3 4 8
4 9 8
4 5 9
6 7 10
7 11 10
7 8 11
8 12 11
8 9 12
10 11 13
11 14 13
11 12 14
13 14 15
ZONE N=15, E=16, F=FEPOINT, ET=TRIANGLE
0.221206 -0.358652 0 0 0 0 
0.207792 -0.381052 0 0 0 0 
0.194379 -0.403452 0 0 0 0 
0.180965 -0.425852 0 0 0 0 
0.167552 -0.448252 0 0 0 0 
0.225848 -0.376623 0 0 0 0 
0.212435 -0.399023 0 0 0 0 
0.199021 -0.421423 0 0 0 0 
0.185608 -0.443823 0 0 0 0 
0.230491 -0.394594 0 0 0 0 
0.217077 -0.416994 0 0 0 0 
0.203664 -0.439394 0 0 0 0 
0.235133 -0.412565 0 0 0 0 
0.22172 -0.434965 0 0 0 0 
0.239776 -0.430536 0 0 0 0 
1 2 6
2 7 6
2 3 7
3 8 7
3 4 8
4 9 8
4 5 9
6 7 10
7 11 10
7 8 11
8 12 11
8 9 12
10 11 13
11 14 13
11 12 14
13 14 15
ZONE N=15, E=16, F=FEPOINT, ET=TRIANGLE
0.288462 -0.314486 0 0 0 0 
0.271648 -0.325528 0 0 0 0 
0.254834 -0.336569 0 0 0 0 
0.23802 -0.34761 0 0 0 0 
0.221206 -0.358652 0 0 0 0 
0.290196 -0.331205 0 0 0 0 
0.273382 -0.342246 0 0 0 0 
0.256568 -0.353288 0 0 0 0 
0.239754 -0.364329 0 0 0 0 
0.29193 -0.347923 0 0 0 0 
0.275116 -0.358965 0 0 0 0 
0.258302 -0.370006 0 0 0 0 
0.293664 -0.364642 0 0 0 0 
0.27685 -0.375683 0 0 0 0 
0.295398 -0.38136 0 0 0 0 
1 2 6
2 7 6
2 3 7
3 8 7
3 4 8
4 9 8
4 5 9
6 7 10
7 11 10
7 8 11
8 12 11
8 9 12
10 11 13
11 14 13
11 12 14
13 14 15
ZONE N=15, E=16, F=FEPOINT, ET=TRIANGLE
-0.0949491 -0.545893 0 0 0 0 
-0.0762667 -0.538579 0 0 0 0 
-0.0575844 -0.531265 0 0 0 0 
-0.038902 -0.523951 0 0 0 0 
-0.0202197 -0.516637 0 0 0 0 
-0.103035 -0.527232 0 0 0 0 
-0.0843529 -0.519918 0 0 0 0 
-0.0656705 -0.512604 0 0 0 0 
-0.0469882 -0.50529 0 0 0 0 
-0.111121 -0.508571 0 0 0 0 
-0.092439 -0.501257 0 0 0 0 
-0.0737567 -0.493943 0 0 0 0 
-0.119208 -0.489911 0 0 0 0 
-0.100525 -0.482596 0 0 0 0 
-0.127294 -0.47125 0 0 0 0 
1 2 6
2 7 6
2 3 7
3 8 7
3 4 8
4 9 8
4 5 9
6 7 10
7 11 10
7 8 11
8 12 11
8 9 12
10 11 13
11 14 13
11 12 14
13 14 15
ZONE N=15, E=16, F=FEPOINT, ET=TRIANGLE
0.424542 -0.541637 0 0 0 0 
0.442357 -0.533098 0 0 0 0 
0.460172 -0.52456 0 0 0 0 
0.477986 -0.516021 0 0 0 0 
0.495801 -0.507482 0 0 0 0 
0.426899 -0.523701 0 0 0 0 
0.444713 -0.515162 0 0 0 0 
0.462528 -0.506624 0 0 0 0 
0.480343 -0.498085 0 0 0 0 
0.429255 -0.505765 0 0 0 0 
0.44707 -0.497226 0 0 0 0 
0.464885 -0.488687 0 0 0 0 
0.431612 -0.487829 0 0 0 0 
0.449427 -0.47929 0 0 0 0 
0.433969 -0.469893 0 0 0 0 
1 2 6
2 7 6
2 3 7
3 8 7
3 4 8
4 9 8
4 5 9
6 7 10
7 11 10
7 8 11
8 12 11
8 9 12
10 11 13
11 14 13
11 12 14
13 14 15
ZONE N=15, E=16, F=FEPOINT, ET=TRIANGLE
0.146082 -0.378059 0 0 0 0 
0.15145 -0.395607 0 0 0 0 
0.156817 -0.413155 0 0 0 0 
0.162184 -0.430704 0 0 0 0 
0.167552 -0.448252 0 0 0 0 
0.164863 -0.373207 0 0 0 0 
0.170231 -0.390755 0 0 0 0 
0.175598 -0.408304 0 0 0 0 
0.180965 -0.425852 0 0 0 0 
0.183644 -0.368355 0 0 0 0 
0.189012 -0.385904 0 0 0 0 
0.194379 -0.403452 0 0 0 0 
0.202425 -0.363504 0 0 0 0 
0.207792 -0.381052 0 0 0 0 
0.221206 -0.358652 0 0 0 0 
1 2 6
2 7 6
2 3 7
3 8 7
3 4 8
4 9 8
4 5 9
6 7 10
7 11 10
7 8 11
8 12 11
8 9 12
10 11 13
11 14 13
11 12 14
13 14 15
ZONE N=15, E=16, F=FEPOINT, ET=TRIANGLE
0.288461 -0.481228 0 0 0 0 
0.270857 -0.486303 0 0 0 0 
0.253254 -0.491378 0 0 0 0 
0.23565 -0.496454 0 0 0 0 
0.218047 -0.501529 0 0 0 0 
0.287679 -0.498781 0 0 0 0 
0.270076 -0.503857 0 0 0 0 
0.252472 -0.508932 0 0 0 0 
0.234868 -0.514007 0 0 0 0 
0.286897 -0.516335 0 0 0 0 
0.269294 -0.52141 0 0 0 0 
0.25169 -0.526486 0 0 0 0 
0.286116 -0.533889 0 0 0 0 
0.268512 -0.538964 0 0 0 0 
0.285334 -0.551443 0 0 0 0 
1 2 6
2 7 6
2 3 7
3 8 7
3 4 8
4 9 8
4 5 9
6 7 10
7 11 10
7 8 11
8 12 11
8 9 12
10 11 13
11 14 13
11 12 14
13 14 15
ZONE N=15, E=16, F=FEPOINT, ET=TRIANGLE
0.128942 -0.510681 0 0 0 0 
0.148479 -0.52836 0 0 0 0 
0.168017 -0.546038 0 0 0 0 
0.187554 -0.563716 0 0 0 0 
0.207092 -0.581394 0 0 0 0 
0.151218 -0.508393 0 0 0 0 
0.170755 -0.526071 0 0 0 0 
0.190293 -0.54375 0 0 0 0 
0.20983 -0.561428 0 0 0 0 
0.173494 -0.506105 0 0 0 0 
0.193032 -0.523783 0 0 0 0 
0.212569 -0.541461 0 0 0 0 
0.19577 -0.503817 0 0 0 0 
0.215308 -0.521495 0 0 0 0 
0.218047 -0.501529 0 0 0 0 
1 2 6
2 7 6
2 3 7
3 8 7
3 4 8
4 9 8
4 5 9
6 7 10
7 11 10
7 8 11
8 12 11
8 9 12
10 11 13
11 14 13
11 12 14
13 14 15
ZONE N=15, E=16, F=FEPOINT, ET=TRIANGLE
0.666471 -0.62381 0 0 0 0 
0.668225 -0.607053 0 0 0 0 
0.66998 -0.590297 0 0 0 0 
0.671734 -0.57354 0 0 0 0 
0.673489 -0.556784 0 0 0 0 
0.652119 -0.602108 0 0 0 0 
0.653874 -0.585352 0 0 0 0 
0.655628 -0.568595 0 0 0 0 
0.657383 -0.551839 0 0 0 0 
0.637768 -0.580407 0 0 0 0 
0.639522 -0.56365 0 0 0 0 
0.641277 -0.546894 0 0 0 0 
0.623416 -0.558705 0 0 0 0 
0.625171 -0.541949 0 0 0 0 
0.609065 -0.537004 0 0 0 0 
1 2 6
2 7 6
2 3 7
3 8 7
3 4 8
4 9 8
4 5 9
6 7 10
7 11 10
7 8 11
8 12 11
8 9 12
10 11 13
11 14 13
11 12 14
13 14 15
ZONE N=15, E=16, F=FEPOINT, ET=TRIANGLE
0.34375 -0.0721361 0 0 0 0 
0.351563 -0.0541021 0 0 0 0 
0.359375 -0.0360681 0 0 0 0 
0.367188 -0.018034 0 0 0 0 
0.375 0 0 0 0 0 
0.335938 -0.0541021 0 0 0 0 
0.34375 -0.0360681 0 0 0 0 
0.351563 -0.018034 0 0 0 0 
0.359375 0 0 0 0 0 
0.328125 -0.0360681 0 0 0 0 
0.335938 -0.018034 0 0 0 0 
0.34375 0 0 0 0 0 
0.320313 -0.018034 0 0 0 0 
0.328125 0 0 0 0 0 
0.3125 0 0 0 0 0 
1 2 6
2 7 6
2 3 7
3 8 7
3 4 8
4 9 8
4 5 9
6 7 10
7 11 10
7 8 11
8 12 11
8 9 12
10 11 13
11 14 13
11 12 14
13 14 15
ZONE N=15, E=16, F=FEPOINT, ET=TRIANGLE
0.34375 0.0546977 0 0 0 0 
0.328125 0.0566686 0 0 0 0 
0.3125 0.0586395 0 0 0 0 
0.296875 0.0606104 0 0 0 0 
0.28125 0.0625813 0 0 0 0 
0.335938 0.0410233 0 0 0 0 
0.320313 0.0429942 0 0 0 0 
0.304688 0.0449651 0 0 0 0 
0.289063 0.046936 0 0 0 0 
0.328125 0.0273488 0 0 0 0 
0.3125 0.0293197 0 0 0 0 
0.296875 0.0312906 0 0 0 0 
0.320313 0.0136744 0 0 0 0 
0.304688 0.0156453 0 0 0 0 
0.3125 0 0 0 0 0 
1 2 6
2 7 6
2 3 7
3 8 7
3 4 8
4 9 8
4 5 9
6 7 10
7 11 10
7 8 11
8 12 11
8 9 12
10 11 13
11 14 13
11 12 14
13 14 15
ZONE N=15, E=16, F=FEPOINT, ET=TRIANGLE
0.348766 -0.195715 0 0 0 0 
0.347512 -0.16482 0 0 0 0 
0.346258 -0.133926 0 0 0 0 
0.345004 -0.103031 0 0 0 0 
0.34375 -0.0721361 0 0 0 0 
0.329428 -0.189906 0 0 0 0 
0.328174 -0.159012 0 0 0 0 
0.32692 -0.128117 0 0 0 0 
0.325666 -0.0972222 0 0 0 0 
0.31009 -0.184098 0 0 0 0 
0.308836 -0.153203 0 0 0 0 
0.307582 -0.122308 0 0 0 0 
0.290752 -0.178289 0 0 0 0 
0.289498 -0.147394 0 0 0 0 
0.271413 -0.17248 0 0 0 0 
1 2 6
2 7 6
2 3 7
3 8 7
3 4 8
4 9 8
4 5 9
6 7 10
7 11 10
7 8 11
8 12 11
8 9 12
10 11 13
11 14 13
11 12 14
13 14 15
ZONE N=15, E=16, F=FEPOINT, ET=TRIANGLE
0.178308 -0.119355 0 0 0 0 
0.185795 -0.133271 0 0 0 0 
0.193282 -0.147186 0 0 0 0 
0.20077 -0.161102 0 0 0 0 
0.208257 -0.175017 0 0 0 0 
0.20064 -0.112467 0 0 0 0 
0.208127 -0.126382 0 0 0 0 
0.215614 -0.140298 0 0 0 0 
0.223101 -0.154213 0 0 0 0 
0.222972 -0.105578 0 0 0 0 
0.230459 -0.119494 0 0 0 0 
0.237946 -0.13341 0 0 0 0 
0.245303 -0.0986901 0 0 0 0 
0.252791 -0.112606 0 0 0 0 
0.267635 -0.0918017 0 0 0 0 
1 2 6
2 7 6
2 3 7
3 8 7
3 4 8
4 9 8
4 5 9
6 7 10
7 11 10
7 8 11
8 12 11
8 9 12
10 11 13
11 14 13
11 12 14
13 14 15
ZONE N=15, E=16, F=FEPOINT, ET=TRIANGLE
0.358659 -0.363196 0 0 0 0 
0.357378 -0.346792 0 0 0 0 
0.356097 -0.330388 0 0 0 0 
0.354816 -0.313984 0 0 0 0 
0.353535 -0.297579 0 0 0 0 
0.34111 -0.351019 0 0 0 0 
0.339829 -0.334614 0 0 0 0 
0.338548 -0.31821 0 0 0 0 
0.337267 -0.301806 0 0 0 0 
0.323561 -0.338841 0 0 0 0 
0.32228 -0.322437 0 0 0 0 
0.320999 -0.306033 0 0 0 0 
0.306011 -0.326664 0 0 0 0 
0.30473 -0.310259 0 0 0 0 
0.288462 -0.314486 0 0 0 0 
1 2 6
2 7 6
2 3 7
3 8 7
3 4 8
4 9 8
4 5 9
6 7 10
7 11 10
7 8 11
8 12 11
8 9 12
10 11 13
11 14 13
11 12 14
13 14 15
ZONE N=15, E=16, F=FEPOINT, ET=TRIANGLE
0.392073 -0.132066 0 0 0 0 
0.414373 -0.136446 0 0 0 0 
0.436674 -0.140826 0 0 0 0 
0.458975 -0.145205 0 0 0 0 
0.481275 -0.149585 0 0 0 0 
0.40343 -0.116528 0 0 0 0 
0.42573 -0.120907 0 0 0 0 
0.448031 -0.125287 0 0 0 0 
0.470331 -0.129667 0 0 0 0 
0.414786 -0.100989 0 0 0 0 
0.437087 -0.105369 0 0 0 0 
0.459388 -0.109749 0 0 0 0 
0.426143 -0.0854509 0 0 0 0 
0.448444 -0.0898306 0 0 0 0 
0.4375 -0.0699125 0 0 0 0 
1 2 6
2 7 6
2 3 7
3 8 7
3 4 8
4 9 8
4 5 9
6 7 10
7 11 10
7 8 11
8 12 11
8 9 12
10 11 13
11 14 13
11 12 14
13 14 15
ZONE N=15, E=16, F=FEPOINT, ET=TRIANGLE
0.267635 -0.0918017 0 0 0 0 
0.286664 -0.0868853 0 0 0 0 
0.305693 -0.0819689 0 0 0 0 
0.324721 -0.0770525 0 0 0 0 
0.34375 -0.0721361 0 0 0 0 
0.278851 -0.0688513 0 0 0 0 
0.29788 -0.0639349 0 0 0 0 
0.316909 -0.0590185 0 0 0 0 
0.335938 -0.0541021 0 0 0 0 
0.290068 -0.0459008 0 0 0 0 
0.309096 -0.0409845 0 0 0 0 
0.328125 -0.0360681 0 0 0 0 
0.301284 -0.0229504 0 0 0 0 
0.320313 -0.018034 0 0 0 0 
0.3125 0 0 0 0 0 
1 2 6
2 7 6
2 3 7
3 8 7
3 4 8
4 9 8
4 5 9
6 7 10
7 11 10
7 8 11
8 12 11
8 9 12
10 11 13
11 14 13
11 12 14
13 14 15
ZONE N=15, E=16, F=FEPOINT, ET=TRIANGLE
0.28125 0.0625813 0 0 0 0 
0.267824 0.0737864 0 0 0 0 
0.254398 0.0849915 0 0 0 0 
0.240972 0.0961966 0 0 0 0 
0.227546 0.107402 0 0 0 0 
0.273438 0.046936 0 0 0 0 
0.260012 0.0581411 0 0 0 0 
0.246586 0.0693461 0 0 0 0 
0.23316 0.0805512 0 0 0 0 
0.265625 0.0312906 0 0 0 0 
0.252199 0.0424957 0 0 0 0 
0.238773 0.0537008 0 0 0 0 
0.257813 0.0156453 0 0 0 0 
0.244387 0.0268504 0 0 0 0 
0.25 0 0 0 0 0 
1 2 6
2 7 6
2 3 7
3 8 7
3 4 8
4 9 8
4 5 9
6 7 10
7 11 10
7 8 11
8 12 11
8 9 12
10 11 13
11 14 13
11 12 14
13 14 15
ZONE N=15, E=16, F=FEPOINT, ET=TRIANGLE
0.3125 0 0 0 0 0 
0.328125 0 0 0 0 0 
0.34375 0 0 0 0 0 
0.359375 0 0 0 0 0 
0.375 0 0 0 0 0 
0.320313 0.0136744 0 0 0 0 
0.335938 0.0136744 0 0 0 0 
0.351563 0.0136744 0 0 0 0 
0.367188 0.0136744 0 0 0 0 
0.328125 0.0273488 0 0 0 0 
0.34375 0.0273488 0 0 0 0 
0.359375 0.0273488 0 0 0 0 
0.335938 0.0410233 0 0 0 0 
0.351563 0.0410233 0 0 0 0 
0.34375 0.0546977 0 0 0 0 
1 2 6
2 7 6
2 3 7
3 8 7
3 4 8
4 9 8
4 5 9
6 7 10
7 11 10
7 8 11
8 12 11
8 9 12
10 11 13
11 14 13
11 12 14
13 14 15
ZONE N=15, E=16, F=FEPOINT, ET=TRIANGLE
0.5 0 0 0 0 0 
0.484375 0.0179958 0 0 0 0 
0.46875 0.0359917 0 0 0 0 
0.453125 0.0539875 0 0 0 0 
0.4375 0.0719834 0 0 0 0 
0.46875 0 0 0 0 0 
0.453125 0.0179958 0 0 0 0 
0.4375 0.0359917 0 0 0 0 
0.421875 0.0539875 0 0 0 0 
0.4375 0 0 0 0 0 
0.421875 0.0179958 0 0 0 0 
0.40625 0.0359917 0 0 0 0 
0.40625 0 0 0 0 0 
0.390625 0.0179958 0 0 0 0 
0.375 0 0 0 0 0 
1 2 6
2 7 6
2 3 7
3 8 7
3 4 8
4 9 8
4 5 9
6 7 10
7 11 10
7 8 11
8 12 11
8 9 12
10 11 13
11 14 13
11 12 14
13 14 15
ZONE N=15, E=16, F=FEPOINT, ET=TRIANGLE
0.267635 -0.0918017 0 0 0 0 
0.26858 -0.111971 0 0 0 0 
0.269524 -0.132141 0 0 0 0 
0.270469 -0.152311 0 0 0 0 
0.271413 -0.17248 0 0 0 0 
0.286664 -0.0868853 0 0 0 0 
0.287608 -0.107055 0 0 0 0 
0.288553 -0.127225 0 0 0 0 
0.289498 -0.147394 0 0 0 0 
0.305693 -0.0819689 0 0 0 0 
0.306637 -0.102139 0 0 0 0 
0.307582 -0.122308 0 0 0 0 
0.324721 -0.0770525 0 0 0 0 
0.325666 -0.0972222 0 0 0 0 
0.34375 -0.0721361 0 0 0 0 
1 2 6
2 7 6
2 3 7
3 8 7
3 4 8
4 9 8
4 5 9
6 7 10
7 11 10
7 8 11
8 12 11
8 9 12
10 11 13
11 14 13
11 12 14
13 14 15
ZONE N=15, E=16, F=FEPOINT, ET=TRIANGLE
0.5 0 0 0 0 0 
0.46875 0 0 0 0 0 
0.4375 0 0 0 0 0 
0.40625 0 0 0 0 0 
0.375 0 0 0 0 0 
0.484375 -0.0174781 0 0 0 0 
0.453125 -0.0174781 0 0 0 0 
0.421875 -0.0174781 0 0 0 0 
0.390625 -0.0174781 0 0 0 0 
0.46875 -0.0349562 0 0 0 0 
0.4375 -0.0349562 0 0 0 0 
0.40625 -0.0349562 0 0 0 0 
0.453125 -0.0524344 0 0 0 0 
0.421875 -0.0524344 0 0 0 0 
0.4375 -0.0699125 0 0 0 0 
1 2 6
2 7 6
2 3 7
3 8 7
3 4 8
4 9 8
4 5 9
6 7 10
7 11 10
7 8 11
8 12 11
8 9 12
10 11 13
11 14 13
11 12 14
13 14 15
ZONE N=15, E=16, F=FEPOINT, ET=TRIANGLE
0.375 0 0 0 0 0 
0.390625 0.0179958 0 0 0 0 
0.40625 0.0359917 0 0 0 0 
0.421875 0.0539875 0 0 0 0 
0.4375 0.0719834 0 0 0 0 
0.367188 0.0136744 0 0 0 0 
0.382813 0.0316703 0 0 0 0 
0.398438 0.0496661 0 0 0 0 
0.414063 0.067662 0 0 0 0 
0.359375 0.0273488 0 0 0 0 
0.375 0.0453447 0 0 0 0 
0.390625 0.0633405 0 0 0 0 
0.351563 0.0410233 0 0 0 0 
0.367188 0.0590191 0 0 0 0 
0.34375 0.0546977 0 0 0 0 
1 2 6
2 7 6
2 3 7
3 8 7
3 4 8
4 9 8
4 5 9
6 7 10
7 11 10
7 8 11
8 12 11
8 9 12
10 11 13
11 14 13
11 12 14
13 14 15
ZONE N=15, E=16, F=FEPOINT, ET=TRIANGLE
0.257369 0.295943 0 0 0 0 
0.239913 0.294894 0 0 0 0 
0.222457 0.293845 0 0 0 0 
0.205 0.292796 0 0 0 0 
0.187544 0.291747 0 0 0 0 
0.259205 0.276413 0 0 0 0 
0.241748 0.275364 0 0 0 0 
0.224292 0.274315 0 0 0 0 
0.206836 0.273267 0 0 0 0 
0.26104 0.256884 0 0 0 0 
0.243584 0.255835 0 0 0 0 
0.226128 0.254786 0 0 0 0 
0.262876 0.237354 0 0 0 0 
0.245419 0.236305 0 0 0 0 
0.264711 0.217824 0 0 0 0 
1 2 6
2 7 6
2 3 7
3 8 7
3 4 8
4 9 8
4 5 9
6 7 10
7 11 10
7 8 11
8 12 11
8 9 12
10 11 13
11 14 13
11 12 14
13 14 15
ZONE N=15, E=16, F=FEPOINT, ET=TRIANGLE
0.667934 -0.00521904 0 0 0 0 
0.653628 0.0112581 0 0 0 0 
0.639322 0.0277353 0 0 0 0 
0.625015 0.0442125 0 0 0 0 
0.610709 0.0606897 0 0 0 0 
0.646801 -0.00911872 0 0 0 0 
0.632495 0.00735845 0 0 0 0 
0.618188 0.0238356 0 0 0 0 
0.603882 0.0403128 0 0 0 0 
0.625668 -0.0130184 0 0 0 0 
0.611361 0.00345877 0 0 0 0 
0.597055 0.0199359 0 0 0 0 
0.604535 -0.0169181 0 0 0 0 
0.590228 -0.000440917 0 0 0 0 
0.583401 -0.0208178 0 0 0 0 
1 2 6
2 7 6
2 3 7
3 8 7
3 4 8
4 9 8
4 5 9
6 7 10
7 11 10
7 8 11
8 12 11
8 9 12
10 11 13
11 14 13
11 12 14
13 14 15
ZONE N=15, E=16, F=FEPOINT, ET=TRIANGLE
0.402272 0.196243 0 0 0 0 
0.38617 0.211629 0 0 0 0 
0.370069 0.227015 0 0 0 0 
0.353967 0.2424 0 0 0 0 
0.337866 0.257786 0 0 0 0 
0.383323 0.189541 0 0 0 0 
0.367221 0.204927 0 0 0 0 
0.35112 0.220312 0 0 0 0 
0.335018 0.235698 0 0 0 0 
0.364374 0.182839 0 0 0 0 
0.348272 0.198225 0 0 0 0 
0.332171 0.21361 0 0 0 0 
0.345425 0.176137 0 0 0 0 
0.329323 0.191523 0 0 0 0 
0.326475 0.169435 0 0 0 0 
1 2 6
2 7 6
2 3 7
3 8 7
3 4 8
4 9 8
4 5 9
6 7 10
7 11 10
7 8 11
8 12 11
8 9 12
10 11 13
11 14 13
11 12 14
13 14 15
ZONE N=15, E=16, F=FEPOINT, ET=TRIANGLE
0.380384 0.118882 0 0 0 0 
0.371226 0.102836 0 0 0 0 
0.362067 0.08679 0 0 0 0 
0.352909 0.0707438 0 0 0 0 
0.34375 0.0546977 0 0 0 0 
0.394663 0.107158 0 0 0 0 
0.385505 0.0911114 0 0 0 0 
0.376346 0.0750652 0 0 0 0 
0.367188 0.0590191 0 0 0 0 
0.408942 0.0954328 0 0 0 0 
0.399784 0.0793867 0 0 0 0 
0.390625 0.0633405 0 0 0 0 
0.423221 0.0837081 0 0 0 0 
0.414063 0.067662 0 0 0 0 
0.4375 0.0719834 0 0 0 0 
1 2 6
2 7 6
2 3 7
3 8 7
3 4 8
4 9 8
4 5 9
6 7 10
7 11 10
7 8 11
8 12 11
8 9 12
10 11 13
11 14 13
11 12 14
13 14 15
ZONE N=15, E=16, F=FEPOINT, ET=TRIANGLE
0.4375 0.0719834 0 0 0 0 
0.448562 0.100012 0 0 0 0 
0.459623 0.128041 0 0 0 0 
0.470685 0.15607 0 0 0 0 
0.481747 0.184098 0 0 0 0 
0.423221 0.0837081 0 0 0 0 
0.434283 0.111737 0 0 0 0 
0.445345 0.139766 0 0 0 0 
0.456406 0.167794 0 0 0 0 
0.408942 0.0954328 0 0 0 0 
0.420004 0.123462 0 0 0 0 
0.431066 0.15149 0 0 0 0 
0.394663 0.107158 0 0 0 0 
0.405725 0.135186 0 0 0 0 
0.380384 0.118882 0 0 0 0 
1 2 6
2 7 6
2 3 7
3 8 7
3 4 8
4 9 8
4 5 9
6 7 10
7 11 10
7 8 11
8 12 11
8 9 12
10 11 13
11 14 13
11 12 14
13 14 15
ZONE N=15, E=16, F=FEPOINT, ET=TRIANGLE
0.4375 -0.0699125 0 0 0 0 
0.414063 -0.0704684 0 0 0 0 
0.390625 -0.0710243 0 0 0 0 
0.367188 -0.0715802 0 0 0 0 
0.34375 -0.0721361 0 0 0 0 
0.426143 -0.0854509 0 0 0 0 
0.402706 -0.0860068 0 0 0 0 
0.379268 -0.0865627 0 0 0 0 
0.355831 -0.0871186 0 0 0 0 
0.414786 -0.100989 0 0 0 0 
0.391349 -0.101545 0 0 0 0 
0.367911 -0.102101 0 0 0 0 
0.40343 -0.116528 0 0 0 0 
0.379992 -0.117084 0 0 0 0 
0.392073 -0.132066 0 0 0 0 
1 2 6
2 7 6
2 3 7
3 8 7
3 4 8
4 9 8
4 5 9
6 7 10
7 11 10
7 8 11
8 12 11
8 9 12
10 11 13
11 14 13
11 12 14
13 14 15
ZONE N=15, E=16, F=FEPOINT, ET=TRIANGLE
0.353535 -0.297579 0 0 0 0 
0.354816 -0.313984 0 0 0 0 
0.356097 -0.330388 0 0 0 0 
0.357378 -0.346792 0 0 0 0 
0.358659 -0.363196 0 0 0 0 
0.371458 -0.304432 0 0 0 0 
0.372739 -0.320836 0 0 0 0 
0.37402 -0.33724 0 0 0 0 
0.375301 -0.353645 0 0 0 0 
0.389381 -0.311284 0 0 0 0 
0.390662 -0.327689 0 0 0 0 
0.391943 -0.344093 0 0 0 0 
0.407304 -0.318137 0 0 0 0 
0.408585 -0.334541 0 0 0 0 
0.425226 -0.324989 0 0 0 0 
1 2 6
2 7 6
2 3 7
3 8 7
3 4 8
4 9 8
4 5 9
6 7 10
7 11 10
7 8 11
8 12 11
8 9 12
10 11 13
11 14 13
11 12 14
13 14 15
ZONE N=15, E=16, F=FEPOINT, ET=TRIANGLE
0.16353 -0.219679 0 0 0 0 
0.18814 -0.227933 0 0 0 0 
0.212749 -0.236186 0 0 0 0 
0.237359 -0.24444 0 0 0 0 
0.261969 -0.252693 0 0 0 0 
0.174712 -0.208514 0 0 0 0 
0.199321 -0.216767 0 0 0 0 
0.223931 -0.225021 0 0 0 0 
0.248541 -0.233274 0 0 0 0 
0.185893 -0.197348 0 0 0 0 
0.210503 -0.205602 0 0 0 0 
0.235113 -0.213855 0 0 0 0 
0.197075 -0.186183 0 0 0 0 
0.221685 -0.194436 0 0 0 0 
0.208257 -0.175017 0 0 0 0 
1 2 6
2 7 6
2 3 7
3 8 7
3 4 8
4 9 8
4 5 9
6 7 10
7 11 10
7 8 11
8 12 11
8 9 12
10 11 13
11 14 13
11 12 14
13 14 15
ZONE N=15, E=16, F=FEPOINT, ET=TRIANGLE
0.271413 -0.17248 0 0 0 0 
0.270469 -0.152311 0 0 0 0 
0.269524 -0.132141 0 0 0 0 
0.26858 -0.111971 0 0 0 0 
0.267635 -0.0918017 0 0 0 0 
0.255624 -0.173114 0 0 0 0 
0.25468 -0.152945 0 0 0 0 
0.253735 -0.132775 0 0 0 0 
0.252791 -0.112606 0 0 0 0 
0.239835 -0.173749 0 0 0 0 
0.238891 -0.153579 0 0 0 0 
0.237946 -0.13341 0 0 0 0 
0.224046 -0.174383 0 0 0 0 
0.223101 -0.154213 0 0 0 0 
0.208257 -0.175017 0 0 0 0 
1 2 6
2 7 6
2 3 7
3 8 7
3 4 8
4 9 8
4 5 9
6 7 10
7 11 10
7 8 11
8 12 11
8 9 12
10 11 13
11 14 13
11 12 14
13 14 15
ZONE N=15, E=16, F=FEPOINT, ET=TRIANGLE
0.261969 -0.252693 0 0 0 0 
0.251778 -0.279183 0 0 0 0 
0.241588 -0.305672 0 0 0 0 
0.231397 -0.332162 0 0 0 0 
0.221206 -0.358652 0 0 0 0 
0.268592 -0.268141 0 0 0 0 
0.258402 -0.294631 0 0 0 0 
0.248211 -0.321121 0 0 0 0 
0.23802 -0.34761 0 0 0 0 
0.275216 -0.28359 0 0 0 0 
0.265025 -0.310079 0 0 0 0 
0.254834 -0.336569 0 0 0 0 
0.281839 -0.299038 0 0 0 0 
0.271648 -0.325528 0 0 0 0 
0.288462 -0.314486 0 0 0 0 
1 2 6
2 7 6
2 3 7
3 8 7
3 4 8
4 9 8
4 5 9
6 7 10
7 11 10
7 8 11
8 12 11
8 9 12
10 11 13
11 14 13
11 12 14
13 14 15
ZONE N=15, E=16, F=FEPOINT, ET=TRIANGLE
0.295398 -0.38136 0 0 0 0 
0.311214 -0.376819 0 0 0 0 
0.327029 -0.372278 0 0 0 0 
0.342844 -0.367737 0 0 0 0 
0.358659 -0.363196 0 0 0 0 
0.293664 -0.364642 0 0 0 0 
0.30948 -0.360101 0 0 0 0 
0.325295 -0.35556 0 0 0 0 
0.34111 -0.351019 0 0 0 0 
0.29193 -0.347923 0 0 0 0 
0.307746 -0.343382 0 0 0 0 
0.323561 -0.338841 0 0 0 0 
0.290196 -0.331205 0 0 0 0 
0.306011 -0.326664 0 0 0 0 
0.288462 -0.314486 0 0 0 0 
1 2 6
2 7 6
2 3 7
3 8 7
3 4 8
4 9 8
4 5 9
6 7 10
7 11 10
7 8 11
8 12 11
8 9 12
10 11 13
11 14 13
11 12 14
13 14 15
ZONE N=15, E=16, F=FEPOINT, ET=TRIANGLE
0.480763 -0.373047 0 0 0 0 
0.484523 -0.406656 0 0 0 0 
0.488282 -0.440264 0 0 0 0 
0.492042 -0.473873 0 0 0 0 
0.495801 -0.507482 0 0 0 0 
0.498879 -0.376036 0 0 0 0 
0.502638 -0.409644 0 0 0 0 
0.506398 -0.443253 0 0 0 0 
0.510158 -0.476862 0 0 0 0 
0.516995 -0.379025 0 0 0 0 
0.520754 -0.412633 0 0 0 0 
0.524514 -0.446242 0 0 0 0 
0.53511 -0.382013 0 0 0 0 
0.53887 -0.415622 0 0 0 0 
0.553226 -0.385002 0 0 0 0 
1 2 6
2 7 6
2 3 7
3 8 7
3 4 8
4 9 8
4 5 9
6 7 10
7 11 10
7 8 11
8 12 11
8 9 12
10 11 13
11 14 13
11 12 14
13 14 15
ZONE N=15, E=16, F=FEPOINT, ET=TRIANGLE
0.4222 -0.199122 0 0 0 0 
0.436969 -0.186738 0 0 0 0 
0.451738 -0.174354 0 0 0 0 
0.466506 -0.161969 0 0 0 0 
0.481275 -0.149585 0 0 0 0 
0.414668 -0.182358 0 0 0 0 
0.429437 -0.169974 0 0 0 0 
0.444206 -0.15759 0 0 0 0 
0.458975 -0.145205 0 0 0 0 
0.407136 -0.165594 0 0 0 0 
0.421905 -0.15321 0 0 0 0 
0.436674 -0.140826 0 0 0 0 
0.399605 -0.14883 0 0 0 0 
0.414373 -0.136446 0 0 0 0 
0.392073 -0.132066 0 0 0 0 
1 2 6
2 7 6
2 3 7
3 8 7
3 4 8
4 9 8
4 5 9
6 7 10
7 11 10
7 8 11
8 12 11
8 9 12
10 11 13
11 14 13
11 12 14
13 14 15
ZONE N=15, E=16, F=FEPOINT, ET=TRIANGLE
0.514838 0.401817 0 0 0 0 
0.52099 0.419069 0 0 0 0 
0.527142 0.43632 0 0 0 0 
0.533293 0.453572 0 0 0 0 
0.539445 0.470823 0 0 0 0 
0.499613 0.412649 0 0 0 0 
0.505765 0.4299 0 0 0 0 
0.511916 0.447152 0 0 0 0 
0.518068 0.464403 0 0 0 0 
0.484388 0.423481 0 0 0 0 
0.490539 0.440732 0 0 0 0 
0.496691 0.457984 0 0 0 0 
0.469162 0.434312 0 0 0 0 
0.475314 0.451564 0 0 0 0 
0.453937 0.445144 0 0 0 0 
1 2 6
2 7 6
2 3 7
3 8 7
3 4 8
4 9 8
4 5 9
6 7 10
7 11 10
7 8 11
8 12 11
8 9 12
10 11 13
11 14 13
11 12 14
13 14 15
ZONE N=15, E=16, F=FEPOINT, ET=TRIANGLE
0.527478 0.0869823 0 0 0 0 
0.504983 0.0832325 0 0 0 0 
0.482489 0.0794828 0 0 0 0 
0.459994 0.0757331 0 0 0 0 
0.4375 0.0719834 0 0 0 0 
0.520608 0.0652367 0 0 0 0 
0.498114 0.061487 0 0 0 0 
0.475619 0.0577373 0 0 0 0 
0.453125 0.0539875 0 0 0 0 
0.513739 0.0434911 0 0 0 0 
0.491244 0.0397414 0 0 0 0 
0.46875 0.0359917 0 0 0 0 
0.506869 0.0217456 0 0 0 0 
0.484375 0.0179958 0 0 0 0 
0.5 0 0 0 0 0 
1 2 6
2 7 6
2 3 7
3 8 7
3 4 8
4 9 8
4 5 9
6 7 10
7 11 10
7 8 11
8 12 11
8 9 12
10 11 13
11 14 13
11 12 14
13 14 15
ZONE N=15, E=16, F=FEPOINT, ET=TRIANGLE
0.481747 0.184098 0 0 0 0 
0.470685 0.15607 0 0 0 0 
0.459623 0.128041 0 0 0 0 
0.448562 0.100012 0 0 0 0 
0.4375 0.0719834 0 0 0 0 
0.49318 0.159819 0 0 0 0 
0.482118 0.131791 0 0 0 0 
0.471056 0.103762 0 0 0 0 
0.459994 0.0757331 0 0 0 0 
0.504612 0.13554 0 0 0 0 
0.493551 0.107512 0 0 0 0 
0.482489 0.0794828 0 0 0 0 
0.516045 0.111261 0 0 0 0 
0.504983 0.0832325 0 0 0 0 
0.527478 0.0869823 0 0 0 0 
1 2 6
2 7 6
2 3 7
3 8 7
3 4 8
4 9 8
4 5 9
6 7 10
7 11 10
7 8 11
8 12 11
8 9 12
10 11 13
11 14 13
11 12 14
13 14 15
ZONE N=15, E=16, F=FEPOINT, ET=TRIANGLE
0.380384 0.118882 0 0 0 0 
0.366907 0.13152 0 0 0 0 
0.35343 0.144158 0 0 0 0 
0.339953 0.156797 0 0 0 0 
0.326475 0.169435 0 0 0 0 
0.371226 0.102836 0 0 0 0 
0.357748 0.115474 0 0 0 0 
0.344271 0.128112 0 0 0 0 
0.330794 0.14075 0 0 0 0 
0.362067 0.08679 0 0 0 0 
0.34859 0.0994281 0 0 0 0 
0.335113 0.112066 0 0 0 0 
0.352909 0.0707438 0 0 0 0 
0.339431 0.083382 0 0 0 0 
0.34375 0.0546977 0 0 0 0 
1 2 6
2 7 6
2 3 7
3 8 7
3 4 8
4 9 8
4 5 9
6 7 10
7 11 10
7 8 11
8 12 11
8 9 12
10 11 13
11 14 13
11 12 14
13 14 15
ZONE N=15, E=16, F=FEPOINT, ET=TRIANGLE
0.673775 0.115447 0 0 0 0 
0.67049 0.135155 0 0 0 0 
0.667205 0.154863 0 0 0 0 
0.663919 0.174571 0 0 0 0 
0.660634 0.194279 0 0 0 0 
0.654421 0.123282 0 0 0 0 
0.651135 0.14299 0 0 0 0 
0.64785 0.162698 0 0 0 0 
0.644565 0.182406 0 0 0 0 
0.635066 0.131117 0 0 0 0 
0.631781 0.150825 0 0 0 0 
0.628495 0.170533 0 0 0 0 
0.615711 0.138952 0 0 0 0 
0.612426 0.15866 0 0 0 0 
0.596357 0.146787 0 0 0 0 
1 2 6
2 7 6
2 3 7
3 8 7
3 4 8
4 9 8
4 5 9
6 7 10
7 11 10
7 8 11
8 12 11
8 9 12
10 11 13
11 14 13
11 12 14
13 14 15
ZONE N=15, E=16, F=FEPOINT, ET=TRIANGLE
0.326475 0.169435 0 0 0 0 
0.339953 0.156797 0 0 0 0 
0.35343 0.144158 0 0 0 0 
0.366907 0.13152 0 0 0 0 
0.380384 0.118882 0 0 0 0 
0.345425 0.176137 0 0 0 0 
0.358902 0.163499 0 0 0 0 
0.372379 0.150861 0 0 0 0 
0.385856 0.138222 0 0 0 0 
0.364374 0.182839 0 0 0 0 
0.377851 0.170201 0 0 0 0 
0.391328 0.157563 0 0 0 0 
0.383323 0.189541 0 0 0 0 
0.3968 0.176903 0 0 0 0 
0.402272 0.196243 0 0 0 0 
1 2 6
2 7 6
2 3 7
3 8 7
3 4 8
4 9 8
4 5 9
6 7 10
7 11 10
7 8 11
8 12 11
8 9 12
10 11 13
11 14 13
11 12 14
13 14 15
ZONE N=15, E=16, F=FEPOINT, ET=TRIANGLE
0.40351 0.262012 0 0 0 0 
0.423069 0.242533 0 0 0 0 
0.442628 0.223055 0 0 0 0 
0.462188 0.203577 0 0 0 0 
0.481747 0.184098 0 0 0 0 
0.429574 0.258703 0 0 0 0 
0.449133 0.239224 0 0 0 0 
0.468693 0.219746 0 0 0 0 
0.488252 0.200268 0 0 0 0 
0.455638 0.255394 0 0 0 0 
0.475198 0.235915 0 0 0 0 
0.494757 0.216437 0 0 0 0 
0.481703 0.252085 0 0 0 0 
0.501262 0.232607 0 0 0 0 
0.507767 0.248776 0 0 0 0 
1 2 6
2 7 6
2 3 7
3 8 7
3 4 8
4 9 8
4 5 9
6 7 10
7 11 10
7 8 11
8 12 11
8 9 12
10 11 13
11 14 13
11 12 14
13 14 15
ZONE N=15, E=16, F=FEPOINT, ET=TRIANGLE
0.337866 0.257786 0 0 0 0 
0.317741 0.267325 0 0 0 0 
0.297617 0.276864 0 0 0 0 
0.277493 0.286403 0 0 0 0 
0.257369 0.295943 0 0 0 0 
0.319577 0.247795 0 0 0 0 
0.299453 0.257335 0 0 0 0 
0.279329 0.266874 0 0 0 0 
0.259205 0.276413 0 0 0 0 
0.301288 0.237805 0 0 0 0 
0.281164 0.247344 0 0 0 0 
0.26104 0.256884 0 0 0 0 
0.283 0.227815 0 0 0 0 
0.262876 0.237354 0 0 0 0 
0.264711 0.217824 0 0 0 0 
1 2 6
2 7 6
2 3 7
3 8 7
3 4 8
4 9 8
4 5 9
6 7 10
7 11 10
7 8 11
8 12 11
8 9 12
10 11 13
11 14 13
11 12 14
13 14 15
ZONE N=15, E=16, F=FEPOINT, ET=TRIANGLE
0.660634 0.194279 0 0 0 0 
0.638781 0.213903 0 0 0 0 
0.616928 0.233526 0 0 0 0 
0.595075 0.25315 0 0 0 0 
0.573223 0.272773 0 0 0 0 
0.644565 0.182406 0 0 0 0 
0.622712 0.20203 0 0 0 0 
0.600859 0.221653 0 0 0 0 
0.579006 0.241277 0 0 0 0 
0.628495 0.170533 0 0 0 0 
0.606643 0.190157 0 0 0 0 
0.58479 0.20978 0 0 0 0 
0.612426 0.15866 0 0 0 0 
0.590573 0.178284 0 0 0 0 
0.596357 0.146787 0 0 0 0 
1 2 6
2 7 6
2 3 7
3 8 7
3 4 8
4 9 8
4 5 9
6 7 10
7 11 10
7 8 11
8 12 11
8 9 12
10 11 13
11 14 13
11 12 14
13 14 15
ZONE N=15, E=16, F=FEPOINT, ET=TRIANGLE
0.396919 0.396822 0 0 0 0 
0.397354 0.379952 0 0 0 0 
0.39779 0.363082 0 0 0 0 
0.398226 0.346211 0 0 0 0 
0.398661 0.329341 0 0 0 0 
0.412012 0.389096 0 0 0 0 
0.412448 0.372226 0 0 0 0 
0.412884 0.355356 0 0 0 0 
0.413319 0.338485 0 0 0 0 
0.427106 0.38137 0 0 0 0 
0.427542 0.3645 0 0 0 0 
0.427977 0.34763 0 0 0 0 
0.4422 0.373644 0 0 0 0 
0.442635 0.356774 0 0 0 0 
0.457293 0.365918 0 0 0 0 
1 2 6
2 7 6
2 3 7
3 8 7
3 4 8
4 9 8
4 5 9
6 7 10
7 11 10
7 8 11
8 12 11
8 9 12
10 11 13
11 14 13
11 12 14
13 14 15
ZONE N=15, E=16, F=FEPOINT, ET=TRIANGLE
0.337866 0.257786 0 0 0 0 
0.353967 0.2424 0 0 0 0 
0.370069 0.227015 0 0 0 0 
0.38617 0.211629 0 0 0 0 
0.402272 0.196243 0 0 0 0 
0.354277 0.258842 0 0 0 0 
0.370378 0.243457 0 0 0 0 
0.38648 0.228071 0 0 0 0 
0.402581 0.212685 0 0 0 0 
0.370688 0.259899 0 0 0 0 
0.386789 0.244513 0 0 0 0 
0.402891 0.229127 0 0 0 0 
0.387099 0.260955 0 0 0 0 
0.4032 0.245569 0 0 0 0 
0.40351 0.262012 0 0 0 0 
1 2 6
2 7 6
2 3 7
3 8 7
3 4 8
4 9 8
4 5 9
6 7 10
7 11 10
7 8 11
8 12 11
8 9 12
10 11 13
11 14 13
11 12 14
13 14 15
ZONE N=15, E=16, F=FEPOINT, ET=TRIANGLE
0.398661 0.329341 0 0 0 0 
0.399873 0.312509 0 0 0 0 
0.401086 0.295676 0 0 0 0 
0.402298 0.278844 0 0 0 0 
0.40351 0.262012 0 0 0 0 
0.413622 0.321532 0 0 0 0 
0.414834 0.3047 0 0 0 0 
0.416046 0.287867 0 0 0 0 
0.417258 0.271035 0 0 0 0 
0.428582 0.313723 0 0 0 0 
0.429794 0.296891 0 0 0 0 
0.431007 0.280058 0 0 0 0 
0.443543 0.305914 0 0 0 0 
0.444755 0.289081 0 0 0 0 
0.458503 0.298105 0 0 0 0 
1 2 6
2 7 6
2 3 7
3 8 7
3 4 8
4 9 8
4 5 9
6 7 10
7 11 10
7 8 11
8 12 11
8 9 12
10 11 13
11 14 13
11 12 14
13 14 15
ZONE N=15, E=16, F=FEPOINT, ET=TRIANGLE
0.392073 -0.132066 0 0 0 0 
0.379992 -0.117084 0 0 0 0 
0.367911 -0.102101 0 0 0 0 
0.355831 -0.0871186 0 0 0 0 
0.34375 -0.0721361 0 0 0 0 
0.381246 -0.147978 0 0 0 0 
0.369165 -0.132996 0 0 0 0 
0.357085 -0.118013 0 0 0 0 
0.345004 -0.103031 0 0 0 0 
0.370419 -0.163891 0 0 0 0 
0.358339 -0.148908 0 0 0 0 
0.346258 -0.133926 0 0 0 0 
0.359593 -0.179803 0 0 0 0 
0.347512 -0.16482 0 0 0 0 
0.348766 -0.195715 0 0 0 0 
1 2 6
2 7 6
2 3 7
3 8 7
3 4 8
4 9 8
4 5 9
6 7 10
7 11 10
7 8 11
8 12 11
8 9 12
10 11 13
11 14 13
11 12 14
13 14 15
ZONE N=15, E=16, F=FEPOINT, ET=TRIANGLE
0.4222 -0.199122 0 0 0 0 
0.405034 -0.223736 0 0 0 0 
0.387867 -0.248351 0 0 0 0 
0.370701 -0.272965 0 0 0 0 
0.353535 -0.297579 0 0 0 0 
0.422957 -0.230589 0 0 0 0 
0.40579 -0.255203 0 0 0 0 
0.388624 -0.279817 0 0 0 0 
0.371458 -0.304432 0 0 0 0 
0.423713 -0.262056 0 0 0 0 
0.406547 -0.28667 0 0 0 0 
0.389381 -0.311284 0 0 0 0 
0.42447 -0.293522 0 0 0 0 
0.407304 -0.318137 0 0 0 0 
0.425226 -0.324989 0 0 0 0 
1 2 6
2 7 6
2 3 7
3 8 7
3 4 8
4 9 8
4 5 9
6 7 10
7 11 10
7 8 11
8 12 11
8 9 12
10 11 13
11 14 13
11 12 14
13 14 15
ZONE N=15, E=16, F=FEPOINT, ET=TRIANGLE
0.528787 -0.307545 0 0 0 0 
0.502897 -0.311906 0 0 0 0 
0.477007 -0.316267 0 0 0 0 
0.451117 -0.320628 0 0 0 0 
0.425226 -0.324989 0 0 0 0 
0.516781 -0.323921 0 0 0 0 
0.490891 -0.328282 0 0 0 0 
0.465001 -0.332643 0 0 0 0 
0.439111 -0.337004 0 0 0 0 
0.504775 -0.340296 0 0 0 0 
0.478885 -0.344657 0 0 0 0 
0.452995 -0.349018 0 0 0 0 
0.492769 -0.356672 0 0 0 0 
0.466879 -0.361033 0 0 0 0 
0.480763 -0.373047 0 0 0 0 
1 2 6
2 7 6
2 3 7
3 8 7
3 4 8
4 9 8
4 5 9
6 7 10
7 11 10
7 8 11
8 12 11
8 9 12
10 11 13
11 14 13
11 12 14
13 14 15
ZONE N=15, E=16, F=FEPOINT, ET=TRIANGLE
0.551951 -0.242545 0 0 0 0 
0.534708 -0.242028 0 0 0 0 
0.517465 -0.24151 0 0 0 0 
0.500222 -0.240993 0 0 0 0 
0.482978 -0.240476 0 0 0 0 
0.54616 -0.258795 0 0 0 0 
0.528917 -0.258278 0 0 0 0 
0.511674 -0.257761 0 0 0 0 
0.494431 -0.257243 0 0 0 0 
0.540369 -0.275045 0 0 0 0 
0.523126 -0.274528 0 0 0 0 
0.505883 -0.274011 0 0 0 0 
0.534578 -0.291295 0 0 0 0 
0.517335 -0.290778 0 0 0 0 
0.528787 -0.307545 0 0 0 0 
1 2 6
2 7 6
2 3 7
3 8 7
3 4 8
4 9 8
4 5 9
6 7 10
7 11 10
7 8 11
8 12 11
8 9 12
10 11 13
11 14 13
11 12 14
13 14 15
ZONE N=15, E=16, F=FEPOINT, ET=TRIANGLE
0.551951 -0.242545 0 0 0 0 
0.565014 -0.263493 0 0 0 0 
0.578076 -0.28444 0 0 0 0 
0.591138 -0.305388 0 0 0 0 
0.6042 -0.326335 0 0 0 0 
0.579461 -0.240854 0 0 0 0 
0.592523 -0.261801 0 0 0 0 
0.605585 -0.282749 0 0 0 0 
0.618648 -0.303696 0 0 0 0 
0.606971 -0.239162 0 0 0 0 
0.620033 -0.260109 0 0 0 0 
0.633095 -0.281057 0 0 0 0 
0.634481 -0.23747 0 0 0 0 
0.647543 -0.258418 0 0 0 0 
0.661991 -0.235778 0 0 0 0 
1 2 6
2 7 6
2 3 7
3 8 7
3 4 8
4 9 8
4 5 9
6 7 10
7 11 10
7 8 11
8 12 11
8 9 12
10 11 13
11 14 13
11 12 14
13 14 15
ZONE N=15, E=16, F=FEPOINT, ET=TRIANGLE
0.52457 -0.0790401 0 0 0 0 
0.502802 -0.0767582 0 0 0 0 
0.481035 -0.0744763 0 0 0 0 
0.459267 -0.0721944 0 0 0 0 
0.4375 -0.0699125 0 0 0 0 
0.513746 -0.0966763 0 0 0 0 
0.491979 -0.0943944 0 0 0 0 
0.470211 -0.0921125 0 0 0 0 
0.448444 -0.0898306 0 0 0 0 
0.502922 -0.114313 0 0 0 0 
0.481155 -0.112031 0 0 0 0 
0.459388 -0.109749 0 0 0 0 
0.492099 -0.131949 0 0 0 0 
0.470331 -0.129667 0 0 0 0 
0.481275 -0.149585 0 0 0 0 
1 2 6
2 7 6
2 3 7
3 8 7
3 4 8
4 9 8
4 5 9
6 7 10
7 11 10
7 8 11
8 12 11
8 9 12
10 11 13
11 14 13
11 12 14
13 14 15
ZONE N=15, E=16, F=FEPOINT, ET=TRIANGLE
0.348766 -0.195715 0 0 0 0 
0.349958 -0.221181 0 0 0 0 
0.35115 -0.246647 0 0 0 0 
0.352343 -0.272113 0 0 0 0 
0.353535 -0.297579 0 0 0 0 
0.367124 -0.196567 0 0 0 0 
0.368317 -0.222033 0 0 0 0 
0.369509 -0.247499 0 0 0 0 
0.370701 -0.272965 0 0 0 0 
0.385483 -0.197419 0 0 0 0 
0.386675 -0.222885 0 0 0 0 
0.387867 -0.248351 0 0 0 0 
0.403841 -0.19827 0 0 0 0 
0.405034 -0.223736 0 0 0 0 
0.4222 -0.199122 0 0 0 0 
1 2 6
2 7 6
2 3 7
3 8 7
3 4 8
4 9 8
4 5 9
6 7 10
7 11 10
7 8 11
8 12 11
8 9 12
10 11 13
11 14 13
11 12 14
13 14 15
ZONE N=15, E=16, F=FEPOINT, ET=TRIANGLE
0.482978 -0.240476 0 0 0 0 
0.482553 -0.217753 0 0 0 0 
0.482127 -0.19503 0 0 0 0 
0.481701 -0.172308 0 0 0 0 
0.481275 -0.149585 0 0 0 0 
0.467784 -0.230137 0 0 0 0 
0.467358 -0.207415 0 0 0 0 
0.466932 -0.184692 0 0 0 0 
0.466506 -0.161969 0 0 0 0 
0.452589 -0.219799 0 0 0 0 
0.452163 -0.197076 0 0 0 0 
0.451738 -0.174354 0 0 0 0 
0.437395 -0.20946 0 0 0 0 
0.436969 -0.186738 0 0 0 0 
0.4222 -0.199122 0 0 0 0 
1 2 6
2 7 6
2 3 7
3 8 7
3 4 8
4 9 8
4 5 9
6 7 10
7 11 10
7 8 11
8 12 11
8 9 12
10 11 13
11 14 13
11 12 14
13 14 15
ZONE N=15, E=16, F=FEPOINT, ET=TRIANGLE
0.295398 -0.38136 0 0 0 0 
0.307704 -0.394405 0 0 0 0 
0.320009 -0.40745 0 0 0 0 
0.332314 -0.420496 0 0 0 0 
0.344619 -0.433541 0 0 0 0 
0.311214 -0.376819 0 0 0 0 
0.323519 -0.389864 0 0 0 0 
0.335824 -0.40291 0 0 0 0 
0.348129 -0.415955 0 0 0 0 
0.327029 -0.372278 0 0 0 0 
0.339334 -0.385323 0 0 0 0 
0.351639 -0.398369 0 0 0 0 
0.342844 -0.367737 0 0 0 0 
0.355149 -0.380782 0 0 0 0 
0.358659 -0.363196 0 0 0 0 
1 2 6
2 7 6
2 3 7
3 8 7
3 4 8
4 9 8
4 5 9
6 7 10
7 11 10
7 8 11
8 12 11
8 9 12
10 11 13
11 14 13
11 12 14
13 14 15
ZONE N=15, E=16, F=FEPOINT, ET=TRIANGLE
0.412732 -0.400718 0 0 0 0 
0.415856 -0.381786 0 0 0 0 
0.418979 -0.362854 0 0 0 0 
0.422103 -0.343922 0 0 0 0 
0.425226 -0.324989 0 0 0 0 
0.399214 -0.391338 0 0 0 0 
0.402338 -0.372406 0 0 0 0 
0.405461 -0.353473 0 0 0 0 
0.408585 -0.334541 0 0 0 0 
0.385696 -0.381957 0 0 0 0 
0.388819 -0.363025 0 0 0 0 
0.391943 -0.344093 0 0 0 0 
0.372177 -0.372577 0 0 0 0 
0.375301 -0.353645 0 0 0 0 
0.358659 -0.363196 0 0 0 0 
1 2 6
2 7 6
2 3 7
3 8 7
3 4 8
4 9 8
4 5 9
6 7 10
7 11 10
7 8 11
8 12 11
8 9 12
10 11 13
11 14 13
11 12 14
13 14 15
ZONE N=15, E=16, F=FEPOINT, ET=TRIANGLE
0.239776 -0.430536 0 0 0 0 
0.251947 -0.443209 0 0 0 0 
0.264118 -0.455882 0 0 0 0 
0.276289 -0.468555 0 0 0 0 
0.288461 -0.481228 0 0 0 0 
0.253681 -0.418242 0 0 0 0 
0.265853 -0.430915 0 0 0 0 
0.278024 -0.443588 0 0 0 0 
0.290195 -0.456261 0 0 0 0 
0.267587 -0.405948 0 0 0 0 
0.279758 -0.418621 0 0 0 0 
0.29193 -0.431294 0 0 0 0 
0.281493 -0.393654 0 0 0 0 
0.293664 -0.406327 0 0 0 0 
0.295398 -0.38136 0 0 0 0 
1 2 6
2 7 6
2 3 7
3 8 7
3 4 8
4 9 8
4 5 9
6 7 10
7 11 10
7 8 11
8 12 11
8 9 12
10 11 13
11 14 13
11 12 14
13 14 15
ZONE N=15, E=16, F=FEPOINT, ET=TRIANGLE
0.433969 -0.469893 0 0 0 0 
0.411632 -0.460805 0 0 0 0 
0.389294 -0.451717 0 0 0 0 
0.366957 -0.442629 0 0 0 0 
0.344619 -0.433541 0 0 0 0 
0.414167 -0.478558 0 0 0 0 
0.39183 -0.46947 0 0 0 0 
0.369492 -0.460382 0 0 0 0 
0.347155 -0.451294 0 0 0 0 
0.394366 -0.487222 0 0 0 0 
0.372028 -0.478134 0 0 0 0 
0.349691 -0.469046 0 0 0 0 
0.374564 -0.495887 0 0 0 0 
0.352226 -0.486799 0 0 0 0 
0.354762 -0.504552 0 0 0 0 
1 2 6
2 7 6
2 3 7
3 8 7
3 4 8
4 9 8
4 5 9
6 7 10
7 11 10
7 8 11
8 12 11
8 9 12
10 11 13
11 14 13
11 12 14
13 14 15
ZONE N=15, E=16, F=FEPOINT, ET=TRIANGLE
0.412732 -0.400718 0 0 0 0 
0.42974 -0.3938 0 0 0 0 
0.446748 -0.386883 0 0 0 0 
0.463755 -0.379965 0 0 0 0 
0.480763 -0.373047 0 0 0 0 
0.415856 -0.381786 0 0 0 0 
0.432864 -0.374868 0 0 0 0 
0.449871 -0.36795 0 0 0 0 
0.466879 -0.361033 0 0 0 0 
0.418979 -0.362854 0 0 0 0 
0.435987 -0.355936 0 0 0 0 
0.452995 -0.349018 0 0 0 0 
0.422103 -0.343922 0 0 0 0 
0.439111 -0.337004 0 0 0 0 
0.425226 -0.324989 0 0 0 0 
1 2 6
2 7 6
2 3 7
3 8 7
3 4 8
4 9 8
4 5 9
6 7 10
7 11 10
7 8 11
8 12 11
8 9 12
10 11 13
11 14 13
11 12 14
13 14 15
ZONE N=15, E=16, F=FEPOINT, ET=TRIANGLE
0.482978 -0.240476 0 0 0 0 
0.467784 -0.230137 0 0 0 0 
0.452589 -0.219799 0 0 0 0 
0.437395 -0.20946 0 0 0 0 
0.4222 -0.199122 0 0 0 0 
0.46854 -0.261604 0 0 0 0 
0.453346 -0.251266 0 0 0 0 
0.438151 -0.240927 0 0 0 0 
0.422957 -0.230589 0 0 0 0 
0.454102 -0.282732 0 0 0 0 
0.438908 -0.272394 0 0 0 0 
0.423713 -0.262056 0 0 0 0 
0.439664 -0.303861 0 0 0 0 
0.42447 -0.293522 0 0 0 0 
0.425226 -0.324989 0 0 0 0 
1 2 6
2 7 6
2 3 7
3 8 7
3 4 8
4 9 8
4 5 9
6 7 10
7 11 10
7 8 11
8 12 11
8 9 12
10 11 13
11 14 13
11 12 14
13 14 15
ZONE N=15, E=16, F=FEPOINT, ET=TRIANGLE
0.354762 -0.504552 0 0 0 0 
0.372207 -0.513823 0 0 0 0 
0.389652 -0.523095 0 0 0 0 
0.407097 -0.532366 0 0 0 0 
0.424542 -0.541637 0 0 0 0 
0.374564 -0.495887 0 0 0 0 
0.392009 -0.505159 0 0 0 0 
0.409454 -0.51443 0 0 0 0 
0.426899 -0.523701 0 0 0 0 
0.394366 -0.487222 0 0 0 0 
0.411811 -0.496494 0 0 0 0 
0.429255 -0.505765 0 0 0 0 
0.414167 -0.478558 0 0 0 0 
0.431612 -0.487829 0 0 0 0 
0.433969 -0.469893 0 0 0 0 
1 2 6
2 7 6
2 3 7
3 8 7
3 4 8
4 9 8
4 5 9
6 7 10
7 11 10
7 8 11
8 12 11
8 9 12
10 11 13
11 14 13
11 12 14
13 14 15
ZONE N=15, E=16, F=FEPOINT, ET=TRIANGLE
0.482978 -0.240476 0 0 0 0 
0.46854 -0.261604 0 0 0 0 
0.454102 -0.282732 0 0 0 0 
0.439664 -0.303861 0 0 0 0 
0.425226 -0.324989 0 0 0 0 
0.494431 -0.257243 0 0 0 0 
0.479993 -0.278371 0 0 0 0 
0.465555 -0.2995 0 0 0 0 
0.451117 -0.320628 0 0 0 0 
0.505883 -0.274011 0 0 0 0 
0.491445 -0.295139 0 0 0 0 
0.477007 -0.316267 0 0 0 0 
0.517335 -0.290778 0 0 0 0 
0.502897 -0.311906 0 0 0 0 
0.528787 -0.307545 0 0 0 0 
1 2 6
2 7 6
2 3 7
3 8 7
3 4 8
4 9 8
4 5 9
6 7 10
7 11 10
7 8 11
8 12 11
8 9 12
10 11 13
11 14 13
11 12 14
13 14 15
ZONE N=15, E=16, F=FEPOINT, ET=TRIANGLE
0.433969 -0.469893 0 0 0 0 
0.445668 -0.445681 0 0 0 0 
0.457366 -0.42147 0 0 0 0 
0.469064 -0.397258 0 0 0 0 
0.480763 -0.373047 0 0 0 0 
0.42866 -0.452599 0 0 0 0 
0.440358 -0.428388 0 0 0 0 
0.452057 -0.404176 0 0 0 0 
0.463755 -0.379965 0 0 0 0 
0.423351 -0.435306 0 0 0 0 
0.435049 -0.411094 0 0 0 0 
0.446748 -0.386883 0 0 0 0 
0.418042 -0.418012 0 0 0 0 
0.42974 -0.3938 0 0 0 0 
0.412732 -0.400718 0 0 0 0 
1 2 6
2 7 6
2 3 7
3 8 7
3 4 8
4 9 8
4 5 9
6 7 10
7 11 10
7 8 11
8 12 11
8 9 12
10 11 13
11 14 13
11 12 14
13 14 15
ZONE N=15, E=16, F=FEPOINT, ET=TRIANGLE
0.528787 -0.307545 0 0 0 0 
0.516781 -0.323921 0 0 0 0 
0.504775 -0.340296 0 0 0 0 
0.492769 -0.356672 0 0 0 0 
0.480763 -0.373047 0 0 0 0 
0.534897 -0.32691 0 0 0 0 
0.522891 -0.343285 0 0 0 0 
0.510885 -0.35966 0 0 0 0 
0.498879 -0.376036 0 0 0 0 
0.541007 -0.346274 0 0 0 0 
0.529001 -0.362649 0 0 0 0 
0.516995 -0.379025 0 0 0 0 
0.547116 -0.365638 0 0 0 0 
0.53511 -0.382013 0 0 0 0 
0.553226 -0.385002 0 0 0 0 
1 2 6
2 7 6
2 3 7
3 8 7
3 4 8
4 9 8
4 5 9
6 7 10
7 11 10
7 8 11
8 12 11
8 9 12
10 11 13
11 14 13
11 12 14
13 14 15
ZONE N=15, E=16, F=FEPOINT, ET=TRIANGLE
0.285334 -0.551443 0 0 0 0 
0.303338 -0.559388 0 0 0 0 
0.321341 -0.567334 0 0 0 0 
0.339345 -0.57528 0 0 0 0 
0.357348 -0.583225 0 0 0 0 
0.302691 -0.53972 0 0 0 0 
0.320695 -0.547666 0 0 0 0 
0.338698 -0.555611 0 0 0 0 
0.356702 -0.563557 0 0 0 0 
0.320048 -0.527997 0 0 0 0 
0.338052 -0.535943 0 0 0 0 
0.356055 -0.543889 0 0 0 0 
0.337405 -0.516275 0 0 0 0 
0.355409 -0.52422 0 0 0 0 
0.354762 -0.504552 0 0 0 0 
1 2 6
2 7 6
2 3 7
3 8 7
3 4 8
4 9 8
4 5 9
6 7 10
7 11 10
7 8 11
8 12 11
8 9 12
10 11 13
11 14 13
11 12 14
13 14 15
ZONE N=15, E=16, F=FEPOINT, ET=TRIANGLE
0.431358 -0.620681 0 0 0 0 
0.437739 -0.649585 0 0 0 0 
0.44412 -0.678489 0 0 0 0 
0.450502 -0.707393 0 0 0 0 
0.456883 -0.736296 0 0 0 0 
0.448822 -0.631982 0 0 0 0 
0.455203 -0.660886 0 0 0 0 
0.461584 -0.68979 0 0 0 0 
0.467965 -0.718693 0 0 0 0 
0.466285 -0.643283 0 0 0 0 
0.472666 -0.672187 0 0 0 0 
0.479047 -0.701091 0 0 0 0 
0.483748 -0.654584 0 0 0 0 
0.490129 -0.683488 0 0 0 0 
0.501212 -0.665885 0 0 0 0 
1 2 6
2 7 6
2 3 7
3 8 7
3 4 8
4 9 8
4 5 9
6 7 10
7 11 10
7 8 11
8 12 11
8 9 12
10 11 13
11 14 13
11 12 14
13 14 15
ZONE N=15, E=16, F=FEPOINT, ET=TRIANGLE
0.678316 -0.302951 0 0 0 0 
0.659787 -0.308797 0 0 0 0 
0.641258 -0.314643 0 0 0 0 
0.622729 -0.320489 0 0 0 0 
0.6042 -0.326335 0 0 0 0 
0.673821 -0.320991 0 0 0 0 
0.655292 -0.326837 0 0 0 0 
0.636763 -0.332683 0 0 0 0 
0.618234 -0.338529 0 0 0 0 
0.669326 -0.339031 0 0 0 0 
0.650797 -0.344877 0 0 0 0 
0.632268 -0.350723 0 0 0 0 
0.664831 -0.357071 0 0 0 0 
0.646302 -0.362917 0 0 0 0 
0.660337 -0.375111 0 0 0 0 
1 2 6
2 7 6
2 3 7
3 8 7
3 4 8
4 9 8
4 5 9
6 7 10
7 11 10
7 8 11
8 12 11
8 9 12
10 11 13
11 14 13
11 12 14
13 14 15
ZONE N=15, E=16, F=FEPOINT, ET=TRIANGLE
0.528787 -0.307545 0 0 0 0 
0.534897 -0.32691 0 0 0 0 
0.541007 -0.346274 0 0 0 0 
0.547116 -0.365638 0 0 0 0 
0.553226 -0.385002 0 0 0 0 
0.54764 -0.312243 0 0 0 0 
0.55375 -0.331607 0 0 0 0 
0.55986 -0.350971 0 0 0 0 
0.56597 -0.370335 0 0 0 0 
0.566494 -0.31694 0 0 0 0 
0.572603 -0.336305 0 0 0 0 
0.578713 -0.355669 0 0 0 0 
0.585347 -0.321638 0 0 0 0 
0.591456 -0.341002 0 0 0 0 
0.6042 -0.326335 0 0 0 0 
1 2 6
2 7 6
2 3 7
3 8 7
3 4 8
4 9 8
4 5 9
6 7 10
7 11 10
7 8 11
8 12 11
8 9 12
10 11 13
11 14 13
11 12 14
13 14 15
ZONE N=15, E=16, F=FEPOINT, ET=TRIANGLE
0.60434 -0.197634 0 0 0 0 
0.619061 -0.189891 0 0 0 0 
0.633783 -0.182148 0 0 0 0 
0.648504 -0.174405 0 0 0 0 
0.663226 -0.166662 0 0 0 0 
0.613845 -0.174096 0 0 0 0 
0.628567 -0.166353 0 0 0 0 
0.643288 -0.15861 0 0 0 0 
0.65801 -0.150867 0 0 0 0 
0.623351 -0.150559 0 0 0 0 
0.638072 -0.142816 0 0 0 0 
0.652794 -0.135073 0 0 0 0 
0.632856 -0.127021 0 0 0 0 
0.647577 -0.119278 0 0 0 0 
0.642361 -0.103484 0 0 0 0 
1 2 6
2 7 6
2 3 7
3 8 7
3 4 8
4 9 8
4 5 9
6 7 10
7 11 10
7 8 11
8 12 11
8 9 12
10 11 13
11 14 13
11 12 14
13 14 15
ZONE N=15, E=16, F=FEPOINT, ET=TRIANGLE
0.527478 0.0869823 0 0 0 0 
0.548285 0.0804091 0 0 0 0 
0.569093 0.073836 0 0 0 0 
0.589901 0.0672628 0 0 0 0 
0.610709 0.0606897 0 0 0 0 
0.544697 0.101933 0 0 0 0 
0.565505 0.0953603 0 0 0 0 
0.586313 0.0887871 0 0 0 0 
0.607121 0.082214 0 0 0 0 
0.561917 0.116885 0 0 0 0 
0.582725 0.110311 0 0 0 0 
0.603533 0.103738 0 0 0 0 
0.579137 0.131836 0 0 0 0 
0.599945 0.125263 0 0 0 0 
0.596357 0.146787 0 0 0 0 
1 2 6
2 7 6
2 3 7
3 8 7
3 4 8
4 9 8
4 5 9
6 7 10
7 11 10
7 8 11
8 12 11
8 9 12
10 11 13
11 14 13
11 12 14
13 14 15
ZONE N=15, E=16, F=FEPOINT, ET=TRIANGLE
0.660337 -0.375111 0 0 0 0 
0.633559 -0.377584 0 0 0 0 
0.606781 -0.380056 0 0 0 0 
0.580004 -0.382529 0 0 0 0 
0.553226 -0.385002 0 0 0 0 
0.645191 -0.394875 0 0 0 0 
0.618413 -0.397348 0 0 0 0 
0.591635 -0.399821 0 0 0 0 
0.564858 -0.402293 0 0 0 0 
0.630045 -0.414639 0 0 0 0 
0.603267 -0.417112 0 0 0 0 
0.57649 -0.419585 0 0 0 0 
0.614899 -0.434403 0 0 0 0 
0.588121 -0.436876 0 0 0 0 
0.599753 -0.454167 0 0 0 0 
1 2 6
2 7 6
2 3 7
3 8 7
3 4 8
4 9 8
4 5 9
6 7 10
7 11 10
7 8 11
8 12 11
8 9 12
10 11 13
11 14 13
11 12 14
13 14 15
ZONE N=15, E=16, F=FEPOINT, ET=TRIANGLE
0.6042 -0.326335 0 0 0 0 
0.622729 -0.320489 0 0 0 0 
0.641258 -0.314643 0 0 0 0 
0.659787 -0.308797 0 0 0 0 
0.678316 -0.302951 0 0 0 0 
0.618648 -0.303696 0 0 0 0 
0.637177 -0.29785 0 0 0 0 
0.655706 -0.292004 0 0 0 0 
0.674235 -0.286157 0 0 0 0 
0.633095 -0.281057 0 0 0 0 
0.651624 -0.275211 0 0 0 0 
0.670154 -0.269364 0 0 0 0 
0.647543 -0.258418 0 0 0 0 
0.666072 -0.252571 0 0 0 0 
0.661991 -0.235778 0 0 0 0 
1 2 6
2 7 6
2 3 7
3 8 7
3 4 8
4 9 8
4 5 9
6 7 10
7 11 10
7 8 11
8 12 11
8 9 12
10 11 13
11 14 13
11 12 14
13 14 15
ZONE N=15, E=16, F=FEPOINT, ET=TRIANGLE
0.609065 -0.537004 0 0 0 0 
0.606737 -0.516295 0 0 0 0 
0.604409 -0.495586 0 0 0 0 
0.602081 -0.474877 0 0 0 0 
0.599753 -0.454167 0 0 0 0 
0.580749 -0.529623 0 0 0 0 
0.578421 -0.508914 0 0 0 0 
0.576093 -0.488205 0 0 0 0 
0.573765 -0.467496 0 0 0 0 
0.552433 -0.522243 0 0 0 0 
0.550105 -0.501534 0 0 0 0 
0.547777 -0.480825 0 0 0 0 
0.524117 -0.514862 0 0 0 0 
0.521789 -0.494153 0 0 0 0 
0.495801 -0.507482 0 0 0 0 
1 2 6
2 7 6
2 3 7
3 8 7
3 4 8
4 9 8
4 5 9
6 7 10
7 11 10
7 8 11
8 12 11
8 9 12
10 11 13
11 14 13
11 12 14
13 14 15
ZONE N=15, E=16, F=FEPOINT, ET=TRIANGLE
0.712666 -0.416511 0 0 0 0 
0.72971 -0.434407 0 0 0 0 
0.746754 -0.452303 0 0 0 0 
0.763798 -0.470199 0 0 0 0 
0.780842 -0.488095 0 0 0 0 
0.733557 -0.418224 0 0 0 0 
0.750601 -0.43612 0 0 0 0 
0.767645 -0.454016 0 0 0 0 
0.784689 -0.471912 0 0 0 0 
0.754449 -0.419937 0 0 0 0 
0.771493 -0.437833 0 0 0 0 
0.788537 -0.455729 0 0 0 0 
0.77534 -0.42165 0 0 0 0 
0.792384 -0.439546 0 0 0 0 
0.796231 -0.423363 0 0 0 0 
1 2 6
2 7 6
2 3 7
3 8 7
3 4 8
4 9 8
4 5 9
6 7 10
7 11 10
7 8 11
8 12 11
8 9 12
10 11 13
11 14 13
11 12 14
13 14 15
ZONE N=15, E=16, F=FEPOINT, ET=TRIANGLE
0.642361 -0.103484 0 0 0 0 
0.647577 -0.119278 0 0 0 0 
0.652794 -0.135073 0 0 0 0 
0.65801 -0.150867 0 0 0 0 
0.663226 -0.166662 0 0 0 0 
0.662008 -0.105754 0 0 0 0 
0.667225 -0.121548 0 0 0 0 
0.672441 -0.137343 0 0 0 0 
0.677657 -0.153137 0 0 0 0 
0.681656 -0.108024 0 0 0 0 
0.686872 -0.123818 0 0 0 0 
0.692088 -0.139613 0 0 0 0 
0.701303 -0.110294 0 0 0 0 
0.706519 -0.126089 0 0 0 0 
0.72095 -0.112564 0 0 0 0 
1 2 6
2 7 6
2 3 7
3 8 7
3 4 8
4 9 8
4 5 9
6 7 10
7 11 10
7 8 11
8 12 11
8 9 12
10 11 13
11 14 13
11 12 14
13 14 15
ZONE N=15, E=16, F=FEPOINT, ET=TRIANGLE
0.642361 -0.103484 0 0 0 0 
0.612913 -0.0973727 0 0 0 0 
0.583465 -0.0912618 0 0 0 0 
0.554018 -0.085151 0 0 0 0 
0.52457 -0.0790401 0 0 0 0 
0.620215 -0.113993 0 0 0 0 
0.590767 -0.107882 0 0 0 0 
0.561319 -0.101771 0 0 0 0 
0.531871 -0.0956603 0 0 0 0 
0.598068 -0.124502 0 0 0 0 
0.56862 -0.118391 0 0 0 0 
0.539172 -0.112281 0 0 0 0 
0.575921 -0.135012 0 0 0 0 
0.546473 -0.128901 0 0 0 0 
0.553774 -0.145521 0 0 0 0 
1 2 6
2 7 6
2 3 7
3 8 7
3 4 8
4 9 8
4 5 9
6 7 10
7 11 10
7 8 11
8 12 11
8 9 12
10 11 13
11 14 13
11 12 14
13 14 15
ZONE N=15, E=16, F=FEPOINT, ET=TRIANGLE
0.6042 -0.326335 0 0 0 0 
0.591456 -0.341002 0 0 0 0 
0.578713 -0.355669 0 0 0 0 
0.56597 -0.370335 0 0 0 0 
0.553226 -0.385002 0 0 0 0 
0.618234 -0.338529 0 0 0 0 
0.605491 -0.353196 0 0 0 0 
0.592747 -0.367863 0 0 0 0 
0.580004 -0.382529 0 0 0 0 
0.632268 -0.350723 0 0 0 0 
0.619525 -0.36539 0 0 0 0 
0.606781 -0.380056 0 0 0 0 
0.646302 -0.362917 0 0 0 0 
0.633559 -0.377584 0 0 0 0 
0.660337 -0.375111 0 0 0 0 
1 2 6
2 7 6
2 3 7
3 8 7
3 4 8
4 9 8
4 5 9
6 7 10
7 11 10
7 8 11
8 12 11
8 9 12
10 11 13
11 14 13
11 12 14
13 14 15
ZONE N=15, E=16, F=FEPOINT, ET=TRIANGLE
0.660337 -0.375111 0 0 0 0 
0.673419 -0.385461 0 0 0 0 
0.686501 -0.395811 0 0 0 0 
0.699584 -0.406161 0 0 0 0 
0.712666 -0.416511 0 0 0 0 
0.681285 -0.37075 0 0 0 0 
0.694368 -0.3811 0 0 0 0 
0.70745 -0.39145 0 0 0 0 
0.720533 -0.4018 0 0 0 0 
0.702234 -0.36639 0 0 0 0 
0.715317 -0.37674 0 0 0 0 
0.728399 -0.38709 0 0 0 0 
0.723183 -0.36203 0 0 0 0 
0.736265 -0.37238 0 0 0 0 
0.744132 -0.357669 0 0 0 0 
1 2 6
2 7 6
2 3 7
3 8 7
3 4 8
4 9 8
4 5 9
6 7 10
7 11 10
7 8 11
8 12 11
8 9 12
10 11 13
11 14 13
11 12 14
13 14 15
ZONE N=15, E=16, F=FEPOINT, ET=TRIANGLE
0.528787 -0.307545 0 0 0 0 
0.54764 -0.312243 0 0 0 0 
0.566494 -0.31694 0 0 0 0 
0.585347 -0.321638 0 0 0 0 
0.6042 -0.326335 0 0 0 0 
0.534578 -0.291295 0 0 0 0 
0.553431 -0.295993 0 0 0 0 
0.572285 -0.30069 0 0 0 0 
0.591138 -0.305388 0 0 0 0 
0.540369 -0.275045 0 0 0 0 
0.559223 -0.279743 0 0 0 0 
0.578076 -0.28444 0 0 0 0 
0.54616 -0.258795 0 0 0 0 
0.565014 -0.263493 0 0 0 0 
0.551951 -0.242545 0 0 0 0 
1 2 6
2 7 6
2 3 7
3 8 7
3 4 8
4 9 8
4 5 9
6 7 10
7 11 10
7 8 11
8 12 11
8 9 12
10 11 13
11 14 13
11 12 14
13 14 15
ZONE N=15, E=16, F=FEPOINT, ET=TRIANGLE
0.553774 -0.145521 0 0 0 0 
0.553319 -0.169777 0 0 0 0 
0.552863 -0.194033 0 0 0 0 
0.552407 -0.218289 0 0 0 0 
0.551951 -0.242545 0 0 0 0 
0.566416 -0.158549 0 0 0 0 
0.56596 -0.182805 0 0 0 0 
0.565504 -0.207061 0 0 0 0 
0.565049 -0.231318 0 0 0 0 
0.579057 -0.171578 0 0 0 0 
0.578601 -0.195834 0 0 0 0 
0.578146 -0.22009 0 0 0 0 
0.591699 -0.184606 0 0 0 0 
0.591243 -0.208862 0 0 0 0 
0.60434 -0.197634 0 0 0 0 
1 2 6
2 7 6
2 3 7
3 8 7
3 4 8
4 9 8
4 5 9
6 7 10
7 11 10
7 8 11
8 12 11
8 9 12
10 11 13
11 14 13
11 12 14
13 14 15
ZONE N=15, E=16, F=FEPOINT, ET=TRIANGLE
0.798621 -0.206421 0 0 0 0 
0.779203 -0.182957 0 0 0 0 
0.759785 -0.159492 0 0 0 0 
0.740368 -0.136028 0 0 0 0 
0.72095 -0.112564 0 0 0 0 
0.780196 -0.20271 0 0 0 0 
0.760778 -0.179245 0 0 0 0 
0.74136 -0.155781 0 0 0 0 
0.721942 -0.132317 0 0 0 0 
0.76177 -0.198998 0 0 0 0 
0.742353 -0.175534 0 0 0 0 
0.722935 -0.15207 0 0 0 0 
0.743345 -0.195287 0 0 0 0 
0.723927 -0.171823 0 0 0 0 
0.72492 -0.191576 0 0 0 0 
1 2 6
2 7 6
2 3 7
3 8 7
3 4 8
4 9 8
4 5 9
6 7 10
7 11 10
7 8 11
8 12 11
8 9 12
10 11 13
11 14 13
11 12 14
13 14 15
ZONE N=15, E=16, F=FEPOINT, ET=TRIANGLE
0.714486 -0.483212 0 0 0 0 
0.685803 -0.475951 0 0 0 0 
0.657119 -0.46869 0 0 0 0 
0.628436 -0.461429 0 0 0 0 
0.599753 -0.454167 0 0 0 0 
0.688131 -0.49666 0 0 0 0 
0.659447 -0.489399 0 0 0 0 
0.630764 -0.482138 0 0 0 0 
0.602081 -0.474877 0 0 0 0 
0.661775 -0.510108 0 0 0 0 
0.633092 -0.502847 0 0 0 0 
0.604409 -0.495586 0 0 0 0 
0.63542 -0.523556 0 0 0 0 
0.606737 -0.516295 0 0 0 0 
0.609065 -0.537004 0 0 0 0 
1 2 6
2 7 6
2 3 7
3 8 7
3 4 8
4 9 8
4 5 9
6 7 10
7 11 10
7 8 11
8 12 11
8 9 12
10 11 13
11 14 13
11 12 14
13 14 15
ZONE N=15, E=16, F=FEPOINT, ET=TRIANGLE
0.527478 0.0869823 0 0 0 0 
0.541459 0.0600323 0 0 0 0 
0.555439 0.0330822 0 0 0 0 
0.56942 0.00613224 0 0 0 0 
0.583401 -0.0208178 0 0 0 0 
0.548285 0.0804091 0 0 0 0 
0.562266 0.0534591 0 0 0 0 
0.576247 0.0265091 0 0 0 0 
0.590228 -0.000440917 0 0 0 0 
0.569093 0.073836 0 0 0 0 
0.583074 0.0468859 0 0 0 0 
0.597055 0.0199359 0 0 0 0 
0.589901 0.0672628 0 0 0 0 
0.603882 0.0403128 0 0 0 0 
0.610709 0.0606897 0 0 0 0 
1 2 6
2 7 6
2 3 7
3 8 7
3 4 8
4 9 8
4 5 9
6 7 10
7 11 10
7 8 11
8 12 11
8 9 12
10 11 13
11 14 13
11 12 14
13 14 15
ZONE N=15, E=16, F=FEPOINT, ET=TRIANGLE
0.596357 0.146787 0 0 0 0 
0.567704 0.156115 0 0 0 0 
0.539052 0.165443 0 0 0 0 
0.510399 0.17477 0 0 0 0 
0.481747 0.184098 0 0 0 0 
0.579137 0.131836 0 0 0 0 
0.550484 0.141164 0 0 0 0 
0.521832 0.150491 0 0 0 0 
0.49318 0.159819 0 0 0 0 
0.561917 0.116885 0 0 0 0 
0.533265 0.126212 0 0 0 0 
0.504612 0.13554 0 0 0 0 
0.544697 0.101933 0 0 0 0 
0.516045 0.111261 0 0 0 0 
0.527478 0.0869823 0 0 0 0 
1 2 6
2 7 6
2 3 7
3 8 7
3 4 8
4 9 8
4 5 9
6 7 10
7 11 10
7 8 11
8 12 11
8 9 12
10 11 13
11 14 13
11 12 14
13 14 15
ZONE N=15, E=16, F=FEPOINT, ET=TRIANGLE
0.402272 0.196243 0 0 0 0 
0.422141 0.193207 0 0 0 0 
0.442009 0.190171 0 0 0 0 
0.461878 0.187134 0 0 0 0 
0.481747 0.184098 0 0 0 0 
0.402581 0.212685 0 0 0 0 
0.42245 0.209649 0 0 0 0 
0.442319 0.206613 0 0 0 0 
0.462188 0.203577 0 0 0 0 
0.402891 0.229127 0 0 0 0 
0.42276 0.226091 0 0 0 0 
0.442628 0.223055 0 0 0 0 
0.4032 0.245569 0 0 0 0 
0.423069 0.242533 0 0 0 0 
0.40351 0.262012 0 0 0 0 
1 2 6
2 7 6
2 3 7
3 8 7
3 4 8
4 9 8
4 5 9
6 7 10
7 11 10
7 8 11
8 12 11
8 9 12
10 11 13
11 14 13
11 12 14
13 14 15
ZONE N=15, E=16, F=FEPOINT, ET=TRIANGLE
0.398661 0.329341 0 0 0 0 
0.413622 0.321532 0 0 0 0 
0.428582 0.313723 0 0 0 0 
0.443543 0.305914 0 0 0 0 
0.458503 0.298105 0 0 0 0 
0.413319 0.338485 0 0 0 0 
0.42828 0.330676 0 0 0 0 
0.44324 0.322867 0 0 0 0 
0.458201 0.315058 0 0 0 0 
0.427977 0.34763 0 0 0 0 
0.442938 0.339821 0 0 0 0 
0.457898 0.332012 0 0 0 0 
0.442635 0.356774 0 0 0 0 
0.457596 0.348965 0 0 0 0 
0.457293 0.365918 0 0 0 0 
1 2 6
2 7 6
2 3 7
3 8 7
3 4 8
4 9 8
4 5 9
6 7 10
7 11 10
7 8 11
8 12 11
8 9 12
10 11 13
11 14 13
11 12 14
13 14 15
ZONE N=15, E=16, F=FEPOINT, ET=TRIANGLE
0.396919 0.396822 0 0 0 0 
0.384594 0.412141 0 0 0 0 
0.372269 0.427459 0 0 0 0 
0.359944 0.442778 0 0 0 0 
0.347619 0.458097 0 0 0 0 
0.377337 0.387876 0 0 0 0 
0.365012 0.403194 0 0 0 0 
0.352687 0.418513 0 0 0 0 
0.340362 0.433832 0 0 0 0 
0.357756 0.378929 0 0 0 0 
0.345431 0.394248 0 0 0 0 
0.333106 0.409567 0 0 0 0 
0.338174 0.369983 0 0 0 0 
0.325849 0.385302 0 0 0 0 
0.318592 0.361037 0 0 0 0 
1 2 6
2 7 6
2 3 7
3 8 7
3 4 8
4 9 8
4 5 9
6 7 10
7 11 10
7 8 11
8 12 11
8 9 12
10 11 13
11 14 13
11 12 14
13 14 15
ZONE N=15, E=16, F=FEPOINT, ET=TRIANGLE
0.398661 0.329341 0 0 0 0 
0.383462 0.311452 0 0 0 0 
0.368263 0.293563 0 0 0 0 
0.353065 0.275675 0 0 0 0 
0.337866 0.257786 0 0 0 0 
0.399873 0.312509 0 0 0 0 
0.384675 0.29462 0 0 0 0 
0.369476 0.276731 0 0 0 0 
0.354277 0.258842 0 0 0 0 
0.401086 0.295676 0 0 0 0 
0.385887 0.277787 0 0 0 0 
0.370688 0.259899 0 0 0 0 
0.402298 0.278844 0 0 0 0 
0.387099 0.260955 0 0 0 0 
0.40351 0.262012 0 0 0 0 
1 2 6
2 7 6
2 3 7
3 8 7
3 4 8
4 9 8
4 5 9
6 7 10
7 11 10
7 8 11
8 12 11
8 9 12
10 11 13
11 14 13
11 12 14
13 14 15
ZONE N=15, E=16, F=FEPOINT, ET=TRIANGLE
0.318592 0.361037 0 0 0 0 
0.300417 0.372575 0 0 0 0 
0.282242 0.384113 0 0 0 0 
0.264066 0.395651 0 0 0 0 
0.245891 0.40719 0 0 0 0 
0.303287 0.344763 0 0 0 0 
0.285111 0.356301 0 0 0 0 
0.266936 0.36784 0 0 0 0 
0.24876 0.379378 0 0 0 0 
0.287981 0.32849 0 0 0 0 
0.269805 0.340028 0 0 0 0 
0.25163 0.351566 0 0 0 0 
0.272675 0.312216 0 0 0 0 
0.254499 0.323754 0 0 0 0 
0.257369 0.295943 0 0 0 0 
1 2 6
2 7 6
2 3 7
3 8 7
3 4 8
4 9 8
4 5 9
6 7 10
7 11 10
7 8 11
8 12 11
8 9 12
10 11 13
11 14 13
11 12 14
13 14 15
ZONE N=15, E=16, F=FEPOINT, ET=TRIANGLE
0.257369 0.295943 0 0 0 0 
0.277493 0.286403 0 0 0 0 
0.297617 0.276864 0 0 0 0 
0.317741 0.267325 0 0 0 0 
0.337866 0.257786 0 0 0 0 
0.272675 0.312216 0 0 0 0 
0.292799 0.302677 0 0 0 0 
0.312923 0.293138 0 0 0 0 
0.333047 0.283599 0 0 0 0 
0.287981 0.32849 0 0 0 0 
0.308105 0.31895 0 0 0 0 
0.328229 0.309411 0 0 0 0 
0.303287 0.344763 0 0 0 0 
0.323411 0.335224 0 0 0 0 
0.318592 0.361037 0 0 0 0 
1 2 6
2 7 6
2 3 7
3 8 7
3 4 8
4 9 8
4 5 9
6 7 10
7 11 10
7 8 11
8 12 11
8 9 12
10 11 13
11 14 13
11 12 14
13 14 15
ZONE N=15, E=16, F=FEPOINT, ET=TRIANGLE
0.642361 -0.103484 0 0 0 0 
0.648754 -0.0789175 0 0 0 0 
0.655148 -0.0543513 0 0 0 0 
0.661541 -0.0297852 0 0 0 0 
0.667934 -0.00521904 0 0 0 0 
0.627621 -0.0828172 0 0 0 0 
0.634015 -0.058251 0 0 0 0 
0.640408 -0.0336849 0 0 0 0 
0.646801 -0.00911872 0 0 0 0 
0.612881 -0.0621507 0 0 0 0 
0.619275 -0.0375846 0 0 0 0 
0.625668 -0.0130184 0 0 0 0 
0.598141 -0.0414842 0 0 0 0 
0.604535 -0.0169181 0 0 0 0 
0.583401 -0.0208178 0 0 0 0 
1 2 6
2 7 6
2 3 7
3 8 7
3 4 8
4 9 8
4 5 9
6 7 10
7 11 10
7 8 11
8 12 11
8 9 12
10 11 13
11 14 13
11 12 14
13 14 15
ZONE N=15, E=16, F=FEPOINT, ET=TRIANGLE
0.642361 -0.103484 0 0 0 0 
0.666644 -0.0867733 0 0 0 0 
0.690927 -0.0700629 0 0 0 0 
0.71521 -0.0533525 0 0 0 0 
0.739492 -0.0366421 0 0 0 0 
0.648754 -0.0789175 0 0 0 0 
0.673037 -0.0622071 0 0 0 0 
0.69732 -0.0454967 0 0 0 0 
0.721603 -0.0287863 0 0 0 0 
0.655148 -0.0543513 0 0 0 0 
0.679431 -0.037641 0 0 0 0 
0.703713 -0.0209306 0 0 0 0 
0.661541 -0.0297852 0 0 0 0 
0.685824 -0.0130748 0 0 0 0 
0.667934 -0.00521904 0 0 0 0 
1 2 6
2 7 6
2 3 7
3 8 7
3 4 8
4 9 8
4 5 9
6 7 10
7 11 10
7 8 11
8 12 11
8 9 12
10 11 13
11 14 13
11 12 14
13 14 15
ZONE N=15, E=16, F=FEPOINT, ET=TRIANGLE
0.5 0 0 0 0 0 
0.52085 -0.00520444 0 0 0 0 
0.541701 -0.0104089 0 0 0 0 
0.562551 -0.0156133 0 0 0 0 
0.583401 -0.0208178 0 0 0 0 
0.506869 0.0217456 0 0 0 0 
0.52772 0.0165411 0 0 0 0 
0.54857 0.0113367 0 0 0 0 
0.56942 0.00613224 0 0 0 0 
0.513739 0.0434911 0 0 0 0 
0.534589 0.0382867 0 0 0 0 
0.555439 0.0330822 0 0 0 0 
0.520608 0.0652367 0 0 0 0 
0.541459 0.0600323 0 0 0 0 
0.527478 0.0869823 0 0 0 0 
1 2 6
2 7 6
2 3 7
3 8 7
3 4 8
4 9 8
4 5 9
6 7 10
7 11 10
7 8 11
8 12 11
8 9 12
10 11 13
11 14 13
11 12 14
13 14 15
ZONE N=15, E=16, F=FEPOINT, ET=TRIANGLE
0.673775 0.115447 0 0 0 0 
0.672315 0.0852808 0 0 0 0 
0.670855 0.0551142 0 0 0 0 
0.669395 0.0249476 0 0 0 0 
0.667934 -0.00521904 0 0 0 0 
0.690789 0.0983035 0 0 0 0 
0.689328 0.0681369 0 0 0 0 
0.687868 0.0379703 0 0 0 0 
0.686408 0.00780371 0 0 0 0 
0.707802 0.0811597 0 0 0 0 
0.706342 0.0509931 0 0 0 0 
0.704882 0.0208265 0 0 0 0 
0.724816 0.0640158 0 0 0 0 
0.723355 0.0338492 0 0 0 0 
0.741829 0.046872 0 0 0 0 
1 2 6
2 7 6
2 3 7
3 8 7
3 4 8
4 9 8
4 5 9
6 7 10
7 11 10
7 8 11
8 12 11
8 9 12
10 11 13
11 14 13
11 12 14
13 14 15
ZONE N=15, E=16, F=FEPOINT, ET=TRIANGLE
0.5 0 0 0 0 0 
0.506142 -0.01976 0 0 0 0 
0.512285 -0.03952 0 0 0 0 
0.518427 -0.05928 0 0 0 0 
0.52457 -0.0790401 0 0 0 0 
0.52085 -0.00520444 0 0 0 0 
0.526993 -0.0249645 0 0 0 0 
0.533135 -0.0447245 0 0 0 0 
0.539278 -0.0644845 0 0 0 0 
0.541701 -0.0104089 0 0 0 0 
0.547843 -0.0301689 0 0 0 0 
0.553985 -0.0499289 0 0 0 0 
0.562551 -0.0156133 0 0 0 0 
0.568693 -0.0353733 0 0 0 0 
0.583401 -0.0208178 0 0 0 0 
1 2 6
2 7 6
2 3 7
3 8 7
3 4 8
4 9 8
4 5 9
6 7 10
7 11 10
7 8 11
8 12 11
8 9 12
10 11 13
11 14 13
11 12 14
13 14 15
ZONE N=15, E=16, F=FEPOINT, ET=TRIANGLE
0.642361 -0.103484 0 0 0 0 
0.627621 -0.0828172 0 0 0 0 
0.612881 -0.0621507 0 0 0 0 
0.598141 -0.0414842 0 0 0 0 
0.583401 -0.0208178 0 0 0 0 
0.612913 -0.0973727 0 0 0 0 
0.598173 -0.0767063 0 0 0 0 
0.583433 -0.0560398 0 0 0 0 
0.568693 -0.0353733 0 0 0 0 
0.583465 -0.0912618 0 0 0 0 
0.568725 -0.0705954 0 0 0 0 
0.553985 -0.0499289 0 0 0 0 
0.554018 -0.085151 0 0 0 0 
0.539278 -0.0644845 0 0 0 0 
0.52457 -0.0790401 0 0 0 0 
1 2 6
2 7 6
2 3 7
3 8 7
3 4 8
4 9 8
4 5 9
6 7 10
7 11 10
7 8 11
8 12 11
8 9 12
10 11 13
11 14 13
11 12 14
13 14 15
ZONE N=15, E=16, F=FEPOINT, ET=TRIANGLE
0.784459 0.297595 0 0 0 0 
0.777996 0.277035 0 0 0 0 
0.771534 0.256475 0 0 0 0 
0.765072 0.235914 0 0 0 0 
0.75861 0.215354 0 0 0 0 
0.795183 0.282708 0 0 0 0 
0.788721 0.262147 0 0 0 0 
0.782259 0.241587 0 0 0 0 
0.775796 0.221026 0 0 0 0 
0.805907 0.26782 0 0 0 0 
0.799445 0.247259 0 0 0 0 
0.792983 0.226699 0 0 0 0 
0.816631 0.252932 0 0 0 0 
0.810169 0.232372 0 0 0 0 
0.827356 0.238044 0 0 0 0 
1 2 6
2 7 6
2 3 7
3 8 7
3 4 8
4 9 8
4 5 9
6 7 10
7 11 10
7 8 11
8 12 11
8 9 12
10 11 13
11 14 13
11 12 14
13 14 15
ZONE N=15, E=16, F=FEPOINT, ET=TRIANGLE
0.856272 0.169455 0 0 0 0 
0.887401 0.175864 0 0 0 0 
0.918529 0.182273 0 0 0 0 
0.949657 0.188682 0 0 0 0 
0.980785 0.19509 0 0 0 0 
0.866986 0.184235 0 0 0 0 
0.898114 0.190644 0 0 0 0 
0.929243 0.197053 0 0 0 0 
0.960371 0.203462 0 0 0 0 
0.8777 0.199015 0 0 0 0 
0.908828 0.205424 0 0 0 0 
0.939956 0.211833 0 0 0 0 
0.888414 0.213796 0 0 0 0 
0.919542 0.220204 0 0 0 0 
0.899127 0.228576 0 0 0 0 
1 2 6
2 7 6
2 3 7
3 8 7
3 4 8
4 9 8
4 5 9
6 7 10
7 11 10
7 8 11
8 12 11
8 9 12
10 11 13
11 14 13
11 12 14
13 14 15
ZONE N=15, E=16, F=FEPOINT, ET=TRIANGLE
0.5 0 0 0 0 0 
0.484375 -0.0174781 0 0 0 0 
0.46875 -0.0349562 0 0 0 0 
0.453125 -0.0524344 0 0 0 0 
0.4375 -0.0699125 0 0 0 0 
0.506142 -0.01976 0 0 0 0 
0.490517 -0.0372381 0 0 0 0 
0.474892 -0.0547163 0 0 0 0 
0.459267 -0.0721944 0 0 0 0 
0.512285 -0.03952 0 0 0 0 
0.49666 -0.0569982 0 0 0 0 
0.481035 -0.0744763 0 0 0 0 
0.518427 -0.05928 0 0 0 0 
0.502802 -0.0767582 0 0 0 0 
0.52457 -0.0790401 0 0 0 0 
1 2 6
2 7 6
2 3 7
3 8 7
3 4 8
4 9 8
4 5 9
6 7 10
7 11 10
7 8 11
8 12 11
8 9 12
10 11 13
11 14 13
11 12 14
13 14 15
ZONE N=15, E=16, F=FEPOINT, ET=TRIANGLE
0.481275 -0.149585 0 0 0 0 
0.4994 -0.148569 0 0 0 0 
0.517525 -0.147553 0 0 0 0 
0.53565 -0.146537 0 0 0 0 
0.553774 -0.145521 0 0 0 0 
0.492099 -0.131949 0 0 0 0 
0.510224 -0.130933 0 0 0 0 
0.528348 -0.129917 0 0 0 0 
0.546473 -0.128901 0 0 0 0 
0.502922 -0.114313 0 0 0 0 
0.521047 -0.113297 0 0 0 0 
0.539172 -0.112281 0 0 0 0 
0.513746 -0.0966763 0 0 0 0 
0.531871 -0.0956603 0 0 0 0 
0.52457 -0.0790401 0 0 0 0 
1 2 6
2 7 6
2 3 7
3 8 7
3 4 8
4 9 8
4 5 9
6 7 10
7 11 10
7 8 11
8 12 11
8 9 12
10 11 13
11 14 13
11 12 14
13 14 15
ZONE N=15, E=16, F=FEPOINT, ET=TRIANGLE
0.72492 -0.191576 0 0 0 0 
0.709496 -0.185347 0 0 0 0 
0.694073 -0.179119 0 0 0 0 
0.678649 -0.17289 0 0 0 0 
0.663226 -0.166662 0 0 0 0 
0.709187 -0.202627 0 0 0 0 
0.693764 -0.196398 0 0 0 0 
0.678341 -0.19017 0 0 0 0 
0.662917 -0.183941 0 0 0 0 
0.693455 -0.213677 0 0 0 0 
0.678032 -0.207449 0 0 0 0 
0.662608 -0.20122 0 0 0 0 
0.677723 -0.224728 0 0 0 0 
0.6623 -0.218499 0 0 0 0 
0.661991 -0.235778 0 0 0 0 
1 2 6
2 7 6
2 3 7
3 8 7
3 4 8
4 9 8
4 5 9
6 7 10
7 11 10
7 8 11
8 12 11
8 9 12
10 11 13
11 14 13
11 12 14
13 14 15
ZONE N=15, E=16, F=FEPOINT, ET=TRIANGLE
0.744132 -0.357669 0 0 0 0 
0.727678 -0.34399 0 0 0 0 
0.711224 -0.33031 0 0 0 0 
0.69477 -0.31663 0 0 0 0 
0.678316 -0.302951 0 0 0 0 
0.723183 -0.36203 0 0 0 0 
0.706729 -0.34835 0 0 0 0 
0.690275 -0.33467 0 0 0 0 
0.673821 -0.320991 0 0 0 0 
0.702234 -0.36639 0 0 0 0 
0.68578 -0.35271 0 0 0 0 
0.669326 -0.339031 0 0 0 0 
0.681285 -0.37075 0 0 0 0 
0.664831 -0.357071 0 0 0 0 
0.660337 -0.375111 0 0 0 0 
1 2 6
2 7 6
2 3 7
3 8 7
3 4 8
4 9 8
4 5 9
6 7 10
7 11 10
7 8 11
8 12 11
8 9 12
10 11 13
11 14 13
11 12 14
13 14 15
ZONE N=15, E=16, F=FEPOINT, ET=TRIANGLE
0.610709 0.0606897 0 0 0 0 
0.625015 0.0442125 0 0 0 0 
0.639322 0.0277353 0 0 0 0 
0.653628 0.0112581 0 0 0 0 
0.667934 -0.00521904 0 0 0 0 
0.626475 0.0743791 0 0 0 0 
0.640782 0.0579019 0 0 0 0 
0.655088 0.0414247 0 0 0 0 
0.669395 0.0249476 0 0 0 0 
0.642242 0.0880685 0 0 0 0 
0.656548 0.0715914 0 0 0 0 
0.670855 0.0551142 0 0 0 0 
0.658009 0.101758 0 0 0 0 
0.672315 0.0852808 0 0 0 0 
0.673775 0.115447 0 0 0 0 
1 2 6
2 7 6
2 3 7
3 8 7
3 4 8
4 9 8
4 5 9
6 7 10
7 11 10
7 8 11
8 12 11
8 9 12
10 11 13
11 14 13
11 12 14
13 14 15
ZONE N=15, E=16, F=FEPOINT, ET=TRIANGLE
0.660634 0.194279 0 0 0 0 
0.684516 0.178004 0 0 0 0 
0.708397 0.16173 0 0 0 0 
0.732278 0.145455 0 0 0 0 
0.756159 0.129181 0 0 0 0 
0.685128 0.199548 0 0 0 0 
0.709009 0.183273 0 0 0 0 
0.732891 0.166998 0 0 0 0 
0.756772 0.150724 0 0 0 0 
0.709622 0.204816 0 0 0 0 
0.733503 0.188542 0 0 0 0 
0.757385 0.172267 0 0 0 0 
0.734116 0.210085 0 0 0 0 
0.757997 0.19381 0 0 0 0 
0.75861 0.215354 0 0 0 0 
1 2 6
2 7 6
2 3 7
3 8 7
3 4 8
4 9 8
4 5 9
6 7 10
7 11 10
7 8 11
8 12 11
8 9 12
10 11 13
11 14 13
11 12 14
13 14 15
ZONE N=15, E=16, F=FEPOINT, ET=TRIANGLE
0.481275 -0.149585 0 0 0 0 
0.498944 -0.172825 0 0 0 0 
0.516613 -0.196065 0 0 0 0 
0.534282 -0.219305 0 0 0 0 
0.551951 -0.242545 0 0 0 0 
0.4994 -0.148569 0 0 0 0 
0.517069 -0.171809 0 0 0 0 
0.534738 -0.195049 0 0 0 0 
0.552407 -0.218289 0 0 0 0 
0.517525 -0.147553 0 0 0 0 
0.535194 -0.170793 0 0 0 0 
0.552863 -0.194033 0 0 0 0 
0.53565 -0.146537 0 0 0 0 
0.553319 -0.169777 0 0 0 0 
0.553774 -0.145521 0 0 0 0 
1 2 6
2 7 6
2 3 7
3 8 7
3 4 8
4 9 8
4 5 9
6 7 10
7 11 10
7 8 11
8 12 11
8 9 12
10 11 13
11 14 13
11 12 14
13 14 15
ZONE N=15, E=16, F=FEPOINT, ET=TRIANGLE
0.60434 -0.197634 0 0 0 0 
0.613845 -0.174096 0 0 0 0 
0.623351 -0.150559 0 0 0 0 
0.632856 -0.127021 0 0 0 0 
0.642361 -0.103484 0 0 0 0 
0.591699 -0.184606 0 0 0 0 
0.601204 -0.161068 0 0 0 0 
0.610709 -0.137531 0 0 0 0 
0.620215 -0.113993 0 0 0 0 
0.579057 -0.171578 0 0 0 0 
0.588563 -0.14804 0 0 0 0 
0.598068 -0.124502 0 0 0 0 
0.566416 -0.158549 0 0 0 0 
0.575921 -0.135012 0 0 0 0 
0.553774 -0.145521 0 0 0 0 
1 2 6
2 7 6
2 3 7
3 8 7
3 4 8
4 9 8
4 5 9
6 7 10
7 11 10
7 8 11
8 12 11
8 9 12
10 11 13
11 14 13
11 12 14
13 14 15
ZONE N=15, E=16, F=FEPOINT, ET=TRIANGLE
0.707107 0.707107 0 0 0 0 
0.688928 0.723583 0 0 0 0 
0.67075 0.740059 0 0 0 0 
0.652572 0.756535 0 0 0 0 
0.634393 0.77301 0 0 0 0 
0.687806 0.700013 0 0 0 0 
0.669628 0.716489 0 0 0 0 
0.65145 0.732965 0 0 0 0 
0.633271 0.749441 0 0 0 0 
0.668506 0.692919 0 0 0 0 
0.650328 0.709395 0 0 0 0 
0.632149 0.725871 0 0 0 0 
0.649206 0.685825 0 0 0 0 
0.631027 0.702301 0 0 0 0 
0.629905 0.678731 0 0 0 0 
1 2 6
2 7 6
2 3 7
3 8 7
3 4 8
4 9 8
4 5 9
6 7 10
7 11 10
7 8 11
8 12 11
8 9 12
10 11 13
11 14 13
11 12 14
13 14 15
ZONE N=15, E=16, F=FEPOINT, ET=TRIANGLE
0.507767 0.248776 0 0 0 0 
0.529915 0.223279 0 0 0 0 
0.552062 0.197781 0 0 0 0 
0.574209 0.172284 0 0 0 0 
0.596357 0.146787 0 0 0 0 
0.524131 0.254775 0 0 0 0 
0.546278 0.229278 0 0 0 0 
0.568426 0.203781 0 0 0 0 
0.590573 0.178284 0 0 0 0 
0.540495 0.260775 0 0 0 0 
0.562642 0.235277 0 0 0 0 
0.58479 0.20978 0 0 0 0 
0.556859 0.266774 0 0 0 0 
0.579006 0.241277 0 0 0 0 
0.573223 0.272773 0 0 0 0 
1 2 6
2 7 6
2 3 7
3 8 7
3 4 8
4 9 8
4 5 9
6 7 10
7 11 10
7 8 11
8 12 11
8 9 12
10 11 13
11 14 13
11 12 14
13 14 15
ZONE N=15, E=16, F=FEPOINT, ET=TRIANGLE
0.673775 0.115447 0 0 0 0 
0.694371 0.118881 0 0 0 0 
0.714967 0.122314 0 0 0 0 
0.735563 0.125747 0 0 0 0 
0.756159 0.129181 0 0 0 0 
0.67049 0.135155 0 0 0 0 
0.691086 0.138589 0 0 0 0 
0.711682 0.142022 0 0 0 0 
0.732278 0.145455 0 0 0 0 
0.667205 0.154863 0 0 0 0 
0.687801 0.158296 0 0 0 0 
0.708397 0.16173 0 0 0 0 
0.663919 0.174571 0 0 0 0 
0.684516 0.178004 0 0 0 0 
0.660634 0.194279 0 0 0 0 
1 2 6
2 7 6
2 3 7
3 8 7
3 4 8
4 9 8
4 5 9
6 7 10
7 11 10
7 8 11
8 12 11
8 9 12
10 11 13
11 14 13
11 12 14
13 14 15
ZONE N=15, E=16, F=FEPOINT, ET=TRIANGLE
0.633216 0.30498 0 0 0 0 
0.640071 0.277304 0 0 0 0 
0.646925 0.249629 0 0 0 0 
0.65378 0.221954 0 0 0 0 
0.660634 0.194279 0 0 0 0 
0.647568 0.295824 0 0 0 0 
0.654422 0.268149 0 0 0 0 
0.661277 0.240474 0 0 0 0 
0.668131 0.212799 0 0 0 0 
0.661919 0.286669 0 0 0 0 
0.668774 0.258994 0 0 0 0 
0.675628 0.231319 0 0 0 0 
0.676271 0.277514 0 0 0 0 
0.683125 0.249839 0 0 0 0 
0.690622 0.268359 0 0 0 0 
1 2 6
2 7 6
2 3 7
3 8 7
3 4 8
4 9 8
4 5 9
6 7 10
7 11 10
7 8 11
8 12 11
8 9 12
10 11 13
11 14 13
11 12 14
13 14 15
ZONE N=15, E=16, F=FEPOINT, ET=TRIANGLE
0.636269 0.581332 0 0 0 0 
0.650066 0.592043 0 0 0 0 
0.663863 0.602753 0 0 0 0 
0.677661 0.613463 0 0 0 0 
0.691458 0.624174 0 0 0 0 
0.634678 0.605682 0 0 0 0 
0.648475 0.616392 0 0 0 0 
0.662273 0.627103 0 0 0 0 
0.67607 0.637813 0 0 0 0 
0.633087 0.630032 0 0 0 0 
0.646884 0.640742 0 0 0 0 
0.660682 0.651452 0 0 0 0 
0.631496 0.654381 0 0 0 0 
0.645294 0.665092 0 0 0 0 
0.629905 0.678731 0 0 0 0 
1 2 6
2 7 6
2 3 7
3 8 7
3 4 8
4 9 8
4 5 9
6 7 10
7 11 10
7 8 11
8 12 11
8 9 12
10 11 13
11 14 13
11 12 14
13 14 15
ZONE N=15, E=16, F=FEPOINT, ET=TRIANGLE
0.40351 0.262012 0 0 0 0 
0.429574 0.258703 0 0 0 0 
0.455638 0.255394 0 0 0 0 
0.481703 0.252085 0 0 0 0 
0.507767 0.248776 0 0 0 0 
0.417258 0.271035 0 0 0 0 
0.443323 0.267726 0 0 0 0 
0.469387 0.264417 0 0 0 0 
0.495451 0.261108 0 0 0 0 
0.431007 0.280058 0 0 0 0 
0.457071 0.276749 0 0 0 0 
0.483135 0.27344 0 0 0 0 
0.444755 0.289081 0 0 0 0 
0.470819 0.285773 0 0 0 0 
0.458503 0.298105 0 0 0 0 
1 2 6
2 7 6
2 3 7
3 8 7
3 4 8
4 9 8
4 5 9
6 7 10
7 11 10
7 8 11
8 12 11
8 9 12
10 11 13
11 14 13
11 12 14
13 14 15
ZONE N=15, E=16, F=FEPOINT, ET=TRIANGLE
0.772403 -0.276883 0 0 0 0 
0.79331 -0.284998 0 0 0 0 
0.814216 -0.293113 0 0 0 0 
0.835123 -0.301228 0 0 0 0 
0.856029 -0.309343 0 0 0 0 
0.778958 -0.259267 0 0 0 0 
0.799864 -0.267382 0 0 0 0 
0.820771 -0.275497 0 0 0 0 
0.841677 -0.283612 0 0 0 0 
0.785512 -0.241652 0 0 0 0 
0.806419 -0.249767 0 0 0 0 
0.827325 -0.257882 0 0 0 0 
0.792066 -0.224036 0 0 0 0 
0.812973 -0.232151 0 0 0 0 
0.798621 -0.206421 0 0 0 0 
1 2 6
2 7 6
2 3 7
3 8 7
3 4 8
4 9 8
4 5 9
6 7 10
7 11 10
7 8 11
8 12 11
8 9 12
10 11 13
11 14 13
11 12 14
13 14 15
ZONE N=15, E=16, F=FEPOINT, ET=TRIANGLE
0.642361 -0.103484 0 0 0 0 
0.662008 -0.105754 0 0 0 0 
0.681656 -0.108024 0 0 0 0 
0.701303 -0.110294 0 0 0 0 
0.72095 -0.112564 0 0 0 0 
0.666644 -0.0867733 0 0 0 0 
0.686291 -0.0890434 0 0 0 0 
0.705938 -0.0913135 0 0 0 0 
0.725586 -0.0935836 0 0 0 0 
0.690927 -0.0700629 0 0 0 0 
0.710574 -0.072333 0 0 0 0 
0.730221 -0.0746031 0 0 0 0 
0.71521 -0.0533525 0 0 0 0 
0.734857 -0.0556226 0 0 0 0 
0.739492 -0.0366421 0 0 0 0 
1 2 6
2 7 6
2 3 7
3 8 7
3 4 8
4 9 8
4 5 9
6 7 10
7 11 10
7 8 11
8 12 11
8 9 12
10 11 13
11 14 13
11 12 14
13 14 15
ZONE N=15, E=16, F=FEPOINT, ET=TRIANGLE
0.60434 -0.197634 0 0 0 0 
0.618753 -0.20717 0 0 0 0 
0.633165 -0.216706 0 0 0 0 
0.647578 -0.226242 0 0 0 0 
0.661991 -0.235778 0 0 0 0 
0.619061 -0.189891 0 0 0 0 
0.633474 -0.199427 0 0 0 0 
0.647887 -0.208963 0 0 0 0 
0.6623 -0.218499 0 0 0 0 
0.633783 -0.182148 0 0 0 0 
0.648196 -0.191684 0 0 0 0 
0.662608 -0.20122 0 0 0 0 
0.648504 -0.174405 0 0 0 0 
0.662917 -0.183941 0 0 0 0 
0.663226 -0.166662 0 0 0 0 
1 2 6
2 7 6
2 3 7
3 8 7
3 4 8
4 9 8
4 5 9
6 7 10
7 11 10
7 8 11
8 12 11
8 9 12
10 11 13
11 14 13
11 12 14
13 14 15
ZONE N=15, E=16, F=FEPOINT, ET=TRIANGLE
0.72492 -0.191576 0 0 0 0 
0.723927 -0.171823 0 0 0 0 
0.722935 -0.15207 0 0 0 0 
0.721942 -0.132317 0 0 0 0 
0.72095 -0.112564 0 0 0 0 
0.709496 -0.185347 0 0 0 0 
0.708504 -0.165594 0 0 0 0 
0.707511 -0.145841 0 0 0 0 
0.706519 -0.126089 0 0 0 0 
0.694073 -0.179119 0 0 0 0 
0.69308 -0.159366 0 0 0 0 
0.692088 -0.139613 0 0 0 0 
0.678649 -0.17289 0 0 0 0 
0.677657 -0.153137 0 0 0 0 
0.663226 -0.166662 0 0 0 0 
1 2 6
2 7 6
2 3 7
3 8 7
3 4 8
4 9 8
4 5 9
6 7 10
7 11 10
7 8 11
8 12 11
8 9 12
10 11 13
11 14 13
11 12 14
13 14 15
ZONE N=15, E=16, F=FEPOINT, ET=TRIANGLE
0.551951 -0.242545 0 0 0 0 
0.579461 -0.240854 0 0 0 0 
0.606971 -0.239162 0 0 0 0 
0.634481 -0.23747 0 0 0 0 
0.661991 -0.235778 0 0 0 0 
0.565049 -0.231318 0 0 0 0 
0.592558 -0.229626 0 0 0 0 
0.620068 -0.227934 0 0 0 0 
0.647578 -0.226242 0 0 0 0 
0.578146 -0.22009 0 0 0 0 
0.605656 -0.218398 0 0 0 0 
0.633165 -0.216706 0 0 0 0 
0.591243 -0.208862 0 0 0 0 
0.618753 -0.20717 0 0 0 0 
0.60434 -0.197634 0 0 0 0 
1 2 6
2 7 6
2 3 7
3 8 7
3 4 8
4 9 8
4 5 9
6 7 10
7 11 10
7 8 11
8 12 11
8 9 12
10 11 13
11 14 13
11 12 14
13 14 15
ZONE N=15, E=16, F=FEPOINT, ET=TRIANGLE
0.772403 -0.276883 0 0 0 0 
0.7448 -0.266607 0 0 0 0 
0.717197 -0.25633 0 0 0 0 
0.689594 -0.246054 0 0 0 0 
0.661991 -0.235778 0 0 0 0 
0.748882 -0.2834 0 0 0 0 
0.721278 -0.273124 0 0 0 0 
0.693675 -0.262847 0 0 0 0 
0.666072 -0.252571 0 0 0 0 
0.72536 -0.289917 0 0 0 0 
0.697757 -0.27964 0 0 0 0 
0.670154 -0.269364 0 0 0 0 
0.701838 -0.296434 0 0 0 0 
0.674235 -0.286157 0 0 0 0 
0.678316 -0.302951 0 0 0 0 
1 2 6
2 7 6
2 3 7
3 8 7
3 4 8
4 9 8
4 5 9
6 7 10
7 11 10
7 8 11
8 12 11
8 9 12
10 11 13
11 14 13
11 12 14
13 14 15
ZONE N=15, E=16, F=FEPOINT, ET=TRIANGLE
0.661991 -0.235778 0 0 0 0 
0.689594 -0.246054 0 0 0 0 
0.717197 -0.25633 0 0 0 0 
0.7448 -0.266607 0 0 0 0 
0.772403 -0.276883 0 0 0 0 
0.677723 -0.224728 0 0 0 0 
0.705326 -0.235004 0 0 0 0 
0.732929 -0.24528 0 0 0 0 
0.760532 -0.255556 0 0 0 0 
0.693455 -0.213677 0 0 0 0 
0.721058 -0.223953 0 0 0 0 
0.748662 -0.234229 0 0 0 0 
0.709187 -0.202627 0 0 0 0 
0.736791 -0.212903 0 0 0 0 
0.72492 -0.191576 0 0 0 0 
1 2 6
2 7 6
2 3 7
3 8 7
3 4 8
4 9 8
4 5 9
6 7 10
7 11 10
7 8 11
8 12 11
8 9 12
10 11 13
11 14 13
11 12 14
13 14 15
ZONE N=15, E=16, F=FEPOINT, ET=TRIANGLE
0.843385 -0.146018 0 0 0 0 
0.853136 -0.164942 0 0 0 0 
0.862887 -0.183865 0 0 0 0 
0.872637 -0.202789 0 0 0 0 
0.882388 -0.221712 0 0 0 0 
0.861655 -0.142656 0 0 0 0 
0.871406 -0.161579 0 0 0 0 
0.881157 -0.180503 0 0 0 0 
0.890908 -0.199426 0 0 0 0 
0.879926 -0.139294 0 0 0 0 
0.889677 -0.158217 0 0 0 0 
0.899428 -0.17714 0 0 0 0 
0.898197 -0.135931 0 0 0 0 
0.907948 -0.154855 0 0 0 0 
0.916468 -0.132569 0 0 0 0 
1 2 6
2 7 6
2 3 7
3 8 7
3 4 8
4 9 8
4 5 9
6 7 10
7 11 10
7 8 11
8 12 11
8 9 12
10 11 13
11 14 13
11 12 14
13 14 15
ZONE N=15, E=16, F=FEPOINT, ET=TRIANGLE
0.82747 0.0964855 0 0 0 0 
0.834671 0.114728 0 0 0 0 
0.841871 0.13297 0 0 0 0 
0.849072 0.151213 0 0 0 0 
0.856272 0.169455 0 0 0 0 
0.809642 0.104659 0 0 0 0 
0.816843 0.122902 0 0 0 0 
0.824044 0.141144 0 0 0 0 
0.831244 0.159387 0 0 0 0 
0.791815 0.112833 0 0 0 0 
0.799015 0.131075 0 0 0 0 
0.806216 0.149318 0 0 0 0 
0.773987 0.121007 0 0 0 0 
0.781188 0.139249 0 0 0 0 
0.756159 0.129181 0 0 0 0 
1 2 6
2 7 6
2 3 7
3 8 7
3 4 8
4 9 8
4 5 9
6 7 10
7 11 10
7 8 11
8 12 11
8 9 12
10 11 13
11 14 13
11 12 14
13 14 15
ZONE N=15, E=16, F=FEPOINT, ET=TRIANGLE
0.798621 -0.206421 0 0 0 0 
0.819563 -0.210244 0 0 0 0 
0.840505 -0.214066 0 0 0 0 
0.861446 -0.217889 0 0 0 0 
0.882388 -0.221712 0 0 0 0 
0.809812 -0.19132 0 0 0 0 
0.830754 -0.195143 0 0 0 0 
0.851696 -0.198966 0 0 0 0 
0.872637 -0.202789 0 0 0 0 
0.821003 -0.17622 0 0 0 0 
0.841945 -0.180042 0 0 0 0 
0.862887 -0.183865 0 0 0 0 
0.832194 -0.161119 0 0 0 0 
0.853136 -0.164942 0 0 0 0 
0.843385 -0.146018 0 0 0 0 
1 2 6
2 7 6
2 3 7
3 8 7
3 4 8
4 9 8
4 5 9
6 7 10
7 11 10
7 8 11
8 12 11
8 9 12
10 11 13
11 14 13
11 12 14
13 14 15
ZONE N=15, E=16, F=FEPOINT, ET=TRIANGLE
0.809566 -0.0020343 0 0 0 0 
0.792631 0.0101923 0 0 0 0 
0.775697 0.0224188 0 0 0 0 
0.758763 0.0346454 0 0 0 0 
0.741829 0.046872 0 0 0 0 
0.792047 -0.0106863 0 0 0 0 
0.775113 0.00154031 0 0 0 0 
0.758179 0.0137669 0 0 0 0 
0.741245 0.0259934 0 0 0 0 
0.774529 -0.0193382 0 0 0 0 
0.757595 -0.00711164 0 0 0 0 
0.740661 0.00511492 0 0 0 0 
0.757011 -0.0279902 0 0 0 0 
0.740077 -0.0157636 0 0 0 0 
0.739492 -0.0366421 0 0 0 0 
1 2 6
2 7 6
2 3 7
3 8 7
3 4 8
4 9 8
4 5 9
6 7 10
7 11 10
7 8 11
8 12 11
8 9 12
10 11 13
11 14 13
11 12 14
13 14 15
ZONE N=15, E=16, F=FEPOINT, ET=TRIANGLE
-0.55557 0.83147 0 0 0 0 
-0.53503 0.822676 0 0 0 0 
-0.514489 0.813881 0 0 0 0 
-0.493948 0.805087 0 0 0 0 
-0.473408 0.796293 0 0 0 0 
-0.534527 0.844083 0 0 0 0 
-0.513986 0.835288 0 0 0 0 
-0.493446 0.826494 0 0 0 0 
-0.472905 0.8177 0 0 0 0 
-0.513483 0.856695 0 0 0 0 
-0.492943 0.847901 0 0 0 0 
-0.472402 0.839107 0 0 0 0 
-0.49244 0.869308 0 0 0 0 
-0.4719 0.860514 0 0 0 0 
-0.471397 0.881921 0 0 0 0 
1 2 6
2 7 6
2 3 7
3 8 7
3 4 8
4 9 8
4 5 9
6 7 10
7 11 10
7 8 11
8 12 11
8 9 12
10 11 13
11 14 13
11 12 14
13 14 15
ZONE N=15, E=16, F=FEPOINT, ET=TRIANGLE
-0.287561 0.73793 0 0 0 0 
-0.281731 0.762023 0 0 0 0 
-0.2759 0.786116 0 0 0 0 
-0.27007 0.810208 0 0 0 0 
-0.26424 0.834301 0 0 0 0 
-0.306528 0.745501 0 0 0 0 
-0.300698 0.769593 0 0 0 0 
-0.294867 0.793686 0 0 0 0 
-0.289037 0.817779 0 0 0 0 
-0.325495 0.753071 0 0 0 0 
-0.319664 0.777164 0 0 0 0 
-0.313834 0.801256 0 0 0 0 
-0.344461 0.760641 0 0 0 0 
-0.338631 0.784734 0 0 0 0 
-0.363428 0.768211 0 0 0 0 
1 2 6
2 7 6
2 3 7
3 8 7
3 4 8
4 9 8
4 5 9
6 7 10
7 11 10
7 8 11
8 12 11
8 9 12
10 11 13
11 14 13
11 12 14
13 14 15
ZONE N=15, E=16, F=FEPOINT, ET=TRIANGLE
-0.628191 0.676789 0 0 0 0 
-0.636966 0.657562 0 0 0 0 
-0.645741 0.638335 0 0 0 0 
-0.654516 0.619108 0 0 0 0 
-0.663291 0.599881 0 0 0 0 
-0.619298 0.661115 0 0 0 0 
-0.628073 0.641888 0 0 0 0 
-0.636848 0.622661 0 0 0 0 
-0.645623 0.603434 0 0 0 0 
-0.610405 0.64544 0 0 0 0 
-0.61918 0.626213 0 0 0 0 
-0.627955 0.606986 0 0 0 0 
-0.601512 0.629766 0 0 0 0 
-0.610287 0.610539 0 0 0 0 
-0.592619 0.614091 0 0 0 0 
1 2 6
2 7 6
2 3 7
3 8 7
3 4 8
4 9 8
4 5 9
6 7 10
7 11 10
7 8 11
8 12 11
8 9 12
10 11 13
11 14 13
11 12 14
13 14 15
ZONE N=15, E=16, F=FEPOINT, ET=TRIANGLE
-0.471397 0.881921 0 0 0 0 
-0.44418 0.873278 0 0 0 0 
-0.416964 0.864634 0 0 0 0 
-0.389747 0.855991 0 0 0 0 
-0.36253 0.847347 0 0 0 0 
-0.449218 0.892411 0 0 0 0 
-0.422002 0.883767 0 0 0 0 
-0.394785 0.875124 0 0 0 0 
-0.367569 0.86648 0 0 0 0 
-0.42704 0.9029 0 0 0 0 
-0.399823 0.894257 0 0 0 0 
-0.372607 0.885613 0 0 0 0 
-0.404862 0.91339 0 0 0 0 
-0.377645 0.904747 0 0 0 0 
-0.382683 0.92388 0 0 0 0 
1 2 6
2 7 6
2 3 7
3 8 7
3 4 8
4 9 8
4 5 9
6 7 10
7 11 10
7 8 11
8 12 11
8 9 12
10 11 13
11 14 13
11 12 14
13 14 15
ZONE N=15, E=16, F=FEPOINT, ET=TRIANGLE
-0.472289 0.722281 0 0 0 0 
-0.445073 0.733764 0 0 0 0 
-0.417858 0.745246 0 0 0 0 
-0.390643 0.756729 0 0 0 0 
-0.363428 0.768211 0 0 0 0 
-0.472568 0.740784 0 0 0 0 
-0.445353 0.752267 0 0 0 0 
-0.418138 0.763749 0 0 0 0 
-0.390923 0.775232 0 0 0 0 
-0.472848 0.759287 0 0 0 0 
-0.445633 0.77077 0 0 0 0 
-0.418418 0.782252 0 0 0 0 
-0.473128 0.77779 0 0 0 0 
-0.445913 0.789273 0 0 0 0 
-0.473408 0.796293 0 0 0 0 
1 2 6
2 7 6
2 3 7
3 8 7
3 4 8
4 9 8
4 5 9
6 7 10
7 11 10
7 8 11
8 12 11
8 9 12
10 11 13
11 14 13
11 12 14
13 14 15
ZONE N=15, E=16, F=FEPOINT, ET=TRIANGLE
-0.217973 0.883313 0 0 0 0 
-0.240465 0.882942 0 0 0 0 
-0.262958 0.882571 0 0 0 0 
-0.28545 0.8822 0 0 0 0 
-0.307942 0.881829 0 0 0 0 
-0.22954 0.87106 0 0 0 0 
-0.252032 0.870689 0 0 0 0 
-0.274524 0.870318 0 0 0 0 
-0.297017 0.869947 0 0 0 0 
-0.241106 0.858807 0 0 0 0 
-0.263599 0.858436 0 0 0 0 
-0.286091 0.858065 0 0 0 0 
-0.252673 0.846554 0 0 0 0 
-0.275165 0.846183 0 0 0 0 
-0.26424 0.834301 0 0 0 0 
1 2 6
2 7 6
2 3 7
3 8 7
3 4 8
4 9 8
4 5 9
6 7 10
7 11 10
7 8 11
8 12 11
8 9 12
10 11 13
11 14 13
11 12 14
13 14 15
ZONE N=15, E=16, F=FEPOINT, ET=TRIANGLE
-0.2073 0.753128 0 0 0 0 
-0.187302 0.754961 0 0 0 0 
-0.167303 0.756794 0 0 0 0 
-0.147304 0.758626 0 0 0 0 
-0.127305 0.760459 0 0 0 0 
-0.205736 0.769364 0 0 0 0 
-0.185737 0.771197 0 0 0 0 
-0.165739 0.77303 0 0 0 0 
-0.14574 0.774863 0 0 0 0 
-0.204172 0.785601 0 0 0 0 
-0.184173 0.787434 0 0 0 0 
-0.164174 0.789266 0 0 0 0 
-0.202608 0.801837 0 0 0 0 
-0.182609 0.80367 0 0 0 0 
-0.201043 0.818074 0 0 0 0 
1 2 6
2 7 6
2 3 7
3 8 7
3 4 8
4 9 8
4 5 9
6 7 10
7 11 10
7 8 11
8 12 11
8 9 12
10 11 13
11 14 13
11 12 14
13 14 15
ZONE N=15, E=16, F=FEPOINT, ET=TRIANGLE
-0.153712 0.862983 0 0 0 0 
-0.169777 0.868065 0 0 0 0 
-0.185843 0.873148 0 0 0 0 
-0.201908 0.87823 0 0 0 0 
-0.217973 0.883313 0 0 0 0 
-0.165545 0.851756 0 0 0 0 
-0.18161 0.856838 0 0 0 0 
-0.197675 0.861921 0 0 0 0 
-0.213741 0.867003 0 0 0 0 
-0.177378 0.840528 0 0 0 0 
-0.193443 0.845611 0 0 0 0 
-0.209508 0.850693 0 0 0 0 
-0.189211 0.829301 0 0 0 0 
-0.205276 0.834383 0 0 0 0 
-0.201043 0.818074 0 0 0 0 
1 2 6
2 7 6
2 3 7
3 8 7
3 4 8
4 9 8
4 5 9
6 7 10
7 11 10
7 8 11
8 12 11
8 9 12
10 11 13
11 14 13
11 12 14
13 14 15
ZONE N=15, E=16, F=FEPOINT, ET=TRIANGLE
-0.153712 0.862983 0 0 0 0 
-0.148943 0.878955 0 0 0 0 
-0.144175 0.894926 0 0 0 0 
-0.139406 0.910898 0 0 0 0 
-0.134638 0.926869 0 0 0 0 
-0.169777 0.868065 0 0 0 0 
-0.165009 0.884037 0 0 0 0 
-0.16024 0.900009 0 0 0 0 
-0.155472 0.91598 0 0 0 0 
-0.185843 0.873148 0 0 0 0 
-0.181074 0.889119 0 0 0 0 
-0.176305 0.905091 0 0 0 0 
-0.201908 0.87823 0 0 0 0 
-0.197139 0.894202 0 0 0 0 
-0.217973 0.883313 0 0 0 0 
1 2 6
2 7 6
2 3 7
3 8 7
3 4 8
4 9 8
4 5 9
6 7 10
7 11 10
7 8 11
8 12 11
8 9 12
10 11 13
11 14 13
11 12 14
13 14 15
ZONE N=15, E=16, F=FEPOINT, ET=TRIANGLE
-0.19509 0.980785 0 0 0 0 
-0.218889 0.974824 0 0 0 0 
-0.242687 0.968863 0 0 0 0 
-0.266486 0.962902 0 0 0 0 
-0.290285 0.95694 0 0 0 0 
-0.200811 0.956417 0 0 0 0 
-0.22461 0.950456 0 0 0 0 
-0.248408 0.944495 0 0 0 0 
-0.272207 0.938533 0 0 0 0 
-0.206532 0.932049 0 0 0 0 
-0.23033 0.926088 0 0 0 0 
-0.254129 0.920127 0 0 0 0 
-0.212252 0.907681 0 0 0 0 
-0.236051 0.90172 0 0 0 0 
-0.217973 0.883313 0 0 0 0 
1 2 6
2 7 6
2 3 7
3 8 7
3 4 8
4 9 8
4 5 9
6 7 10
7 11 10
7 8 11
8 12 11
8 9 12
10 11 13
11 14 13
11 12 14
13 14 15
ZONE N=15, E=16, F=FEPOINT, ET=TRIANGLE
-0.290285 0.95694 0 0 0 0 
-0.313384 0.948675 0 0 0 0 
-0.336484 0.94041 0 0 0 0 
-0.359584 0.932145 0 0 0 0 
-0.382683 0.92388 0 0 0 0 
-0.294699 0.938163 0 0 0 0 
-0.317799 0.929897 0 0 0 0 
-0.340898 0.921632 0 0 0 0 
-0.363998 0.913367 0 0 0 0 
-0.299114 0.919385 0 0 0 0 
-0.322213 0.91112 0 0 0 0 
-0.345313 0.902854 0 0 0 0 
-0.303528 0.900607 0 0 0 0 
-0.326628 0.892342 0 0 0 0 
-0.307942 0.881829 0 0 0 0 
1 2 6
2 7 6
2 3 7
3 8 7
3 4 8
4 9 8
4 5 9
6 7 10
7 11 10
7 8 11
8 12 11
8 9 12
10 11 13
11 14 13
11 12 14
13 14 15
ZONE N=15, E=16, F=FEPOINT, ET=TRIANGLE
-0.307942 0.881829 0 0 0 0 
-0.321589 0.873209 0 0 0 0 
-0.335236 0.864588 0 0 0 0 
-0.348883 0.855968 0 0 0 0 
-0.36253 0.847347 0 0 0 0 
-0.297017 0.869947 0 0 0 0 
-0.310664 0.861327 0 0 0 0 
-0.324311 0.852706 0 0 0 0 
-0.337958 0.844086 0 0 0 0 
-0.286091 0.858065 0 0 0 0 
-0.299738 0.849445 0 0 0 0 
-0.313385 0.840824 0 0 0 0 
-0.275165 0.846183 0 0 0 0 
-0.288812 0.837563 0 0 0 0 
-0.26424 0.834301 0 0 0 0 
1 2 6
2 7 6
2 3 7
3 8 7
3 4 8
4 9 8
4 5 9
6 7 10
7 11 10
7 8 11
8 12 11
8 9 12
10 11 13
11 14 13
11 12 14
13 14 15
ZONE N=15, E=16, F=FEPOINT, ET=TRIANGLE
-0.19509 0.980785 0 0 0 0 
-0.200811 0.956417 0 0 0 0 
-0.206532 0.932049 0 0 0 0 
-0.212252 0.907681 0 0 0 0 
-0.217973 0.883313 0 0 0 0 
-0.179977 0.967306 0 0 0 0 
-0.185698 0.942938 0 0 0 0 
-0.191419 0.91857 0 0 0 0 
-0.197139 0.894202 0 0 0 0 
-0.164864 0.953827 0 0 0 0 
-0.170585 0.929459 0 0 0 0 
-0.176305 0.905091 0 0 0 0 
-0.149751 0.940348 0 0 0 0 
-0.155472 0.91598 0 0 0 0 
-0.134638 0.926869 0 0 0 0 
1 2 6
2 7 6
2 3 7
3 8 7
3 4 8
4 9 8
4 5 9
6 7 10
7 11 10
7 8 11
8 12 11
8 9 12
10 11 13
11 14 13
11 12 14
13 14 15
ZONE N=15, E=16, F=FEPOINT, ET=TRIANGLE
-0.134638 0.926869 0 0 0 0 
-0.121892 0.914366 0 0 0 0 
-0.109146 0.901863 0 0 0 0 
-0.0963999 0.88936 0 0 0 0 
-0.083654 0.876857 0 0 0 0 
-0.110584 0.930945 0 0 0 0 
-0.0978385 0.918442 0 0 0 0 
-0.0850925 0.905939 0 0 0 0 
-0.0723466 0.893436 0 0 0 0 
-0.0865311 0.935021 0 0 0 0 
-0.0737852 0.922518 0 0 0 0 
-0.0610392 0.910015 0 0 0 0 
-0.0624778 0.939097 0 0 0 0 
-0.0497319 0.926594 0 0 0 0 
-0.0384245 0.943173 0 0 0 0 
1 2 6
2 7 6
2 3 7
3 8 7
3 4 8
4 9 8
4 5 9
6 7 10
7 11 10
7 8 11
8 12 11
8 9 12
10 11 13
11 14 13
11 12 14
13 14 15
ZONE N=15, E=16, F=FEPOINT, ET=TRIANGLE
-0.083654 0.876857 0 0 0 0 
-0.101169 0.873388 0 0 0 0 
-0.118683 0.86992 0 0 0 0 
-0.136198 0.866451 0 0 0 0 
-0.153712 0.862983 0 0 0 0 
-0.0784733 0.85977 0 0 0 0 
-0.0959878 0.856302 0 0 0 0 
-0.113502 0.852833 0 0 0 0 
-0.131017 0.849365 0 0 0 0 
-0.0732926 0.842684 0 0 0 0 
-0.0908071 0.839215 0 0 0 0 
-0.108322 0.835747 0 0 0 0 
-0.0681119 0.825597 0 0 0 0 
-0.0856265 0.822129 0 0 0 0 
-0.0629312 0.80851 0 0 0 0 
1 2 6
2 7 6
2 3 7
3 8 7
3 4 8
4 9 8
4 5 9
6 7 10
7 11 10
7 8 11
8 12 11
8 9 12
10 11 13
11 14 13
11 12 14
13 14 15
ZONE N=15, E=16, F=FEPOINT, ET=TRIANGLE
-0.0629312 0.80851 0 0 0 0 
-0.0466593 0.813333 0 0 0 0 
-0.0303873 0.818155 0 0 0 0 
-0.0141154 0.822977 0 0 0 0 
0.00215655 0.827799 0 0 0 0 
-0.0681119 0.825597 0 0 0 0 
-0.05184 0.830419 0 0 0 0 
-0.035568 0.835241 0 0 0 0 
-0.0192961 0.840064 0 0 0 0 
-0.0732926 0.842684 0 0 0 0 
-0.0570207 0.847506 0 0 0 0 
-0.0407487 0.852328 0 0 0 0 
-0.0784733 0.85977 0 0 0 0 
-0.0622014 0.864592 0 0 0 0 
-0.083654 0.876857 0 0 0 0 
1 2 6
2 7 6
2 3 7
3 8 7
3 4 8
4 9 8
4 5 9
6 7 10
7 11 10
7 8 11
8 12 11
8 9 12
10 11 13
11 14 13
11 12 14
13 14 15
ZONE N=15, E=16, F=FEPOINT, ET=TRIANGLE
-0.0384245 0.943173 0 0 0 0 
-0.0497319 0.926594 0 0 0 0 
-0.0610392 0.910015 0 0 0 0 
-0.0723466 0.893436 0 0 0 0 
-0.083654 0.876857 0 0 0 0 
-0.0261753 0.93117 0 0 0 0 
-0.0374827 0.914591 0 0 0 0 
-0.0487901 0.898012 0 0 0 0 
-0.0600975 0.881433 0 0 0 0 
-0.0139262 0.919167 0 0 0 0 
-0.0252335 0.902588 0 0 0 0 
-0.0365409 0.886009 0 0 0 0 
-0.00167701 0.907164 0 0 0 0 
-0.0129844 0.890585 0 0 0 0 
0.0105721 0.895162 0 0 0 0 
1 2 6
2 7 6
2 3 7
3 8 7
3 4 8
4 9 8
4 5 9
6 7 10
7 11 10
7 8 11
8 12 11
8 9 12
10 11 13
11 14 13
11 12 14
13 14 15
ZONE N=15, E=16, F=FEPOINT, ET=TRIANGLE
-0.0384245 0.943173 0 0 0 0 
-0.0288184 0.95738 0 0 0 0 
-0.0192122 0.971586 0 0 0 0 
-0.00960612 0.985793 0 0 0 0 
6.12323e-17 1 0 0 0 0 
-0.0533226 0.956176 0 0 0 0 
-0.0437165 0.970383 0 0 0 0 
-0.0341104 0.984589 0 0 0 0 
-0.0245043 0.998796 0 0 0 0 
-0.0682208 0.969179 0 0 0 0 
-0.0586147 0.983386 0 0 0 0 
-0.0490086 0.997592 0 0 0 0 
-0.083119 0.982182 0 0 0 0 
-0.0735129 0.996389 0 0 0 0 
-0.0980171 0.995185 0 0 0 0 
1 2 6
2 7 6
2 3 7
3 8 7
3 4 8
4 9 8
4 5 9
6 7 10
7 11 10
7 8 11
8 12 11
8 9 12
10 11 13
11 14 13
11 12 14
13 14 15
ZONE N=15, E=16, F=FEPOINT, ET=TRIANGLE
-0.134638 0.926869 0 0 0 0 
-0.110584 0.930945 0 0 0 0 
-0.0865311 0.935021 0 0 0 0 
-0.0624778 0.939097 0 0 0 0 
-0.0384245 0.943173 0 0 0 0 
-0.125483 0.943948 0 0 0 0 
-0.101429 0.948024 0 0 0 0 
-0.0773759 0.9521 0 0 0 0 
-0.0533226 0.956176 0 0 0 0 
-0.116327 0.961027 0 0 0 0 
-0.0922741 0.965103 0 0 0 0 
-0.0682208 0.969179 0 0 0 0 
-0.107172 0.978106 0 0 0 0 
-0.083119 0.982182 0 0 0 0 
-0.0980171 0.995185 0 0 0 0 
1 2 6
2 7 6
2 3 7
3 8 7
3 4 8
4 9 8
4 5 9
6 7 10
7 11 10
7 8 11
8 12 11
8 9 12
10 11 13
11 14 13
11 12 14
13 14 15
ZONE N=15, E=16, F=FEPOINT, ET=TRIANGLE
-0.707107 0.707107 0 0 0 0 
-0.687378 0.699527 0 0 0 0 
-0.667649 0.691948 0 0 0 0 
-0.64792 0.684369 0 0 0 0 
-0.628191 0.676789 0 0 0 0 
-0.688928 0.723583 0 0 0 0 
-0.669199 0.716003 0 0 0 0 
-0.649471 0.708424 0 0 0 0 
-0.629742 0.700845 0 0 0 0 
-0.67075 0.740059 0 0 0 0 
-0.651021 0.732479 0 0 0 0 
-0.631292 0.7249 0 0 0 0 
-0.652572 0.756535 0 0 0 0 
-0.632843 0.748955 0 0 0 0 
-0.634393 0.77301 0 0 0 0 
1 2 6
2 7 6
2 3 7
3 8 7
3 4 8
4 9 8
4 5 9
6 7 10
7 11 10
7 8 11
8 12 11
8 9 12
10 11 13
11 14 13
11 12 14
13 14 15
ZONE N=15, E=16, F=FEPOINT, ET=TRIANGLE
-0.553052 0.726399 0 0 0 0 
-0.571837 0.713997 0 0 0 0 
-0.590621 0.701594 0 0 0 0 
-0.609406 0.689192 0 0 0 0 
-0.628191 0.676789 0 0 0 0 
-0.544511 0.708075 0 0 0 0 
-0.563296 0.695672 0 0 0 0 
-0.582081 0.68327 0 0 0 0 
-0.600866 0.670867 0 0 0 0 
-0.535971 0.68975 0 0 0 0 
-0.554756 0.677348 0 0 0 0 
-0.573541 0.664945 0 0 0 0 
-0.527431 0.671426 0 0 0 0 
-0.546216 0.659023 0 0 0 0 
-0.518891 0.653101 0 0 0 0 
1 2 6
2 7 6
2 3 7
3 8 7
3 4 8
4 9 8
4 5 9
6 7 10
7 11 10
7 8 11
8 12 11
8 9 12
10 11 13
11 14 13
11 12 14
13 14 15
ZONE N=15, E=16, F=FEPOINT, ET=TRIANGLE
-0.0625 -0.0701305 0 0 0 0 
-0.0859375 -0.0686416 0 0 0 0 
-0.109375 -0.0671526 0 0 0 0 
-0.132812 -0.0656637 0 0 0 0 
-0.15625 -0.0641748 0 0 0 0 
-0.069398 -0.0858032 0 0 0 0 
-0.0928355 -0.0843142 0 0 0 0 
-0.116273 -0.0828253 0 0 0 0 
-0.13971 -0.0813364 0 0 0 0 
-0.0762959 -0.101476 0 0 0 0 
-0.0997334 -0.0999869 0 0 0 0 
-0.123171 -0.098498 0 0 0 0 
-0.0831939 -0.117149 0 0 0 0 
-0.106631 -0.11566 0 0 0 0 
-0.0900918 -0.132821 0 0 0 0 
1 2 6
2 7 6
2 3 7
3 8 7
3 4 8
4 9 8
4 5 9
6 7 10
7 11 10
7 8 11
8 12 11
8 9 12
10 11 13
11 14 13
11 12 14
13 14 15
ZONE N=15, E=16, F=FEPOINT, ET=TRIANGLE
-0.157357 -0.14574 0 0 0 0 
-0.147081 -0.170679 0 0 0 0 
-0.136804 -0.195618 0 0 0 0 
-0.126528 -0.220557 0 0 0 0 
-0.116252 -0.245496 0 0 0 0 
-0.14054 -0.14251 0 0 0 0 
-0.130264 -0.167449 0 0 0 0 
-0.119988 -0.192388 0 0 0 0 
-0.109712 -0.217328 0 0 0 0 
-0.123724 -0.13928 0 0 0 0 
-0.113448 -0.16422 0 0 0 0 
-0.103172 -0.189159 0 0 0 0 
-0.106908 -0.136051 0 0 0 0 
-0.096632 -0.16099 0 0 0 0 
-0.0900918 -0.132821 0 0 0 0 
1 2 6
2 7 6
2 3 7
3 8 7
3 4 8
4 9 8
4 5 9
6 7 10
7 11 10
7 8 11
8 12 11
8 9 12
10 11 13
11 14 13
11 12 14
13 14 15
ZONE N=15, E=16, F=FEPOINT, ET=TRIANGLE
-0.368337 0.390423 0 0 0 0 
-0.357418 0.376436 0 0 0 0 
-0.346498 0.362448 0 0 0 0 
-0.335578 0.348461 0 0 0 0 
-0.324659 0.334474 0 0 0 0 
-0.354046 0.396761 0 0 0 0 
-0.343126 0.382774 0 0 0 0 
-0.332206 0.368787 0 0 0 0 
-0.321287 0.3548 0 0 0 0 
-0.339754 0.4031 0 0 0 0 
-0.328834 0.389113 0 0 0 0 
-0.317914 0.375126 0 0 0 0 
-0.325462 0.409439 0 0 0 0 
-0.314542 0.395452 0 0 0 0 
-0.31117 0.415777 0 0 0 0 
1 2 6
2 7 6
2 3 7
3 8 7
3 4 8
4 9 8
4 5 9
6 7 10
7 11 10
7 8 11
8 12 11
8 9 12
10 11 13
11 14 13
11 12 14
13 14 15
ZONE N=15, E=16, F=FEPOINT, ET=TRIANGLE
-0.261749 0.377456 0 0 0 0 
-0.256333 0.395717 0 0 0 0 
-0.250917 0.413979 0 0 0 0 
-0.245501 0.43224 0 0 0 0 
-0.240085 0.450502 0 0 0 0 
-0.274104 0.387036 0 0 0 0 
-0.268688 0.405298 0 0 0 0 
-0.263272 0.423559 0 0 0 0 
-0.257857 0.441821 0 0 0 0 
-0.28646 0.396617 0 0 0 0 
-0.281044 0.414878 0 0 0 0 
-0.275628 0.43314 0 0 0 0 
-0.298815 0.406197 0 0 0 0 
-0.293399 0.424459 0 0 0 0 
-0.31117 0.415777 0 0 0 0 
1 2 6
2 7 6
2 3 7
3 8 7
3 4 8
4 9 8
4 5 9
6 7 10
7 11 10
7 8 11
8 12 11
8 9 12
10 11 13
11 14 13
11 12 14
13 14 15
ZONE N=15, E=16, F=FEPOINT, ET=TRIANGLE
-0.157084 0.685852 0 0 0 0 
-0.177769 0.6823 0 0 0 0 
-0.198453 0.678748 0 0 0 0 
-0.219138 0.675196 0 0 0 0 
-0.239823 0.671644 0 0 0 0 
-0.158561 0.668541 0 0 0 0 
-0.179246 0.664989 0 0 0 0 
-0.199931 0.661437 0 0 0 0 
-0.220616 0.657885 0 0 0 0 
-0.160038 0.65123 0 0 0 0 
-0.180723 0.647678 0 0 0 0 
-0.201408 0.644126 0 0 0 0 
-0.161515 0.633919 0 0 0 0 
-0.1822 0.630367 0 0 0 0 
-0.162993 0.616607 0 0 0 0 
1 2 6
2 7 6
2 3 7
3 8 7
3 4 8
4 9 8
4 5 9
6 7 10
7 11 10
7 8 11
8 12 11
8 9 12
10 11 13
11 14 13
11 12 14
13 14 15
ZONE N=15, E=16, F=FEPOINT, ET=TRIANGLE
-0.224975 0.585176 0 0 0 0 
-0.215639 0.567082 0 0 0 0 
-0.206303 0.548988 0 0 0 0 
-0.196968 0.530895 0 0 0 0 
-0.187632 0.512801 0 0 0 0 
-0.209479 0.593034 0 0 0 0 
-0.200144 0.57494 0 0 0 0 
-0.190808 0.556846 0 0 0 0 
-0.181472 0.538753 0 0 0 0 
-0.193984 0.600892 0 0 0 0 
-0.184648 0.582798 0 0 0 0 
-0.175312 0.564704 0 0 0 0 
-0.178488 0.608749 0 0 0 0 
-0.169152 0.590656 0 0 0 0 
-0.162993 0.616607 0 0 0 0 
1 2 6
2 7 6
2 3 7
3 8 7
3 4 8
4 9 8
4 5 9
6 7 10
7 11 10
7 8 11
8 12 11
8 9 12
10 11 13
11 14 13
11 12 14
13 14 15
ZONE N=15, E=16, F=FEPOINT, ET=TRIANGLE
0.224407 0.600011 0 0 0 0 
0.236697 0.571153 0 0 0 0 
0.248987 0.542295 0 0 0 0 
0.261277 0.513437 0 0 0 0 
0.273567 0.484579 0 0 0 0 
0.241346 0.596964 0 0 0 0 
0.253636 0.568106 0 0 0 0 
0.265926 0.539248 0 0 0 0 
0.278216 0.51039 0 0 0 0 
0.258286 0.593917 0 0 0 0 
0.270576 0.565059 0 0 0 0 
0.282866 0.536201 0 0 0 0 
0.275225 0.590869 0 0 0 0 
0.287515 0.562011 0 0 0 0 
0.292164 0.587822 0 0 0 0 
1 2 6
2 7 6
2 3 7
3 8 7
3 4 8
4 9 8
4 5 9
6 7 10
7 11 10
7 8 11
8 12 11
8 9 12
10 11 13
11 14 13
11 12 14
13 14 15
ZONE N=15, E=16, F=FEPOINT, ET=TRIANGLE
0.337603 0.536101 0 0 0 0 
0.352472 0.546249 0 0 0 0 
0.367341 0.556397 0 0 0 0 
0.382211 0.566544 0 0 0 0 
0.39708 0.576692 0 0 0 0 
0.326243 0.549031 0 0 0 0 
0.341112 0.559179 0 0 0 0 
0.355982 0.569327 0 0 0 0 
0.370851 0.579475 0 0 0 0 
0.314884 0.561962 0 0 0 0 
0.329753 0.572109 0 0 0 0 
0.344622 0.582257 0 0 0 0 
0.303524 0.574892 0 0 0 0 
0.318393 0.58504 0 0 0 0 
0.292164 0.587822 0 0 0 0 
1 2 6
2 7 6
2 3 7
3 8 7
3 4 8
4 9 8
4 5 9
6 7 10
7 11 10
7 8 11
8 12 11
8 9 12
10 11 13
11 14 13
11 12 14
13 14 15
ZONE N=15, E=16, F=FEPOINT, ET=TRIANGLE
0.629905 0.678731 0 0 0 0 
0.613401 0.66543 0 0 0 0 
0.596896 0.65213 0 0 0 0 
0.580391 0.638829 0 0 0 0 
0.563887 0.625528 0 0 0 0 
0.631496 0.654381 0 0 0 0 
0.614992 0.641081 0 0 0 0 
0.598487 0.62778 0 0 0 0 
0.581982 0.614479 0 0 0 0 
0.633087 0.630032 0 0 0 0 
0.616582 0.616731 0 0 0 0 
0.600078 0.60343 0 0 0 0 
0.634678 0.605682 0 0 0 0 
0.618173 0.592381 0 0 0 0 
0.636269 0.581332 0 0 0 0 
1 2 6
2 7 6
2 3 7
3 8 7
3 4 8
4 9 8
4 5 9
6 7 10
7 11 10
7 8 11
8 12 11
8 9 12
10 11 13
11 14 13
11 12 14
13 14 15
ZONE N=15, E=16, F=FEPOINT, ET=TRIANGLE
0.377515 0.703382 0 0 0 0 
0.389782 0.688132 0 0 0 0 
0.402048 0.672881 0 0 0 0 
0.414315 0.65763 0 0 0 0 
0.426581 0.64238 0 0 0 0 
0.402679 0.711064 0 0 0 0 
0.414946 0.695813 0 0 0 0 
0.427212 0.680562 0 0 0 0 
0.439478 0.665312 0 0 0 0 
0.427843 0.718745 0 0 0 0 
0.440109 0.703495 0 0 0 0 
0.452376 0.688244 0 0 0 0 
0.453007 0.726427 0 0 0 0 
0.465273 0.711176 0 0 0 0 
0.478171 0.734108 0 0 0 0 
1 2 6
2 7 6
2 3 7
3 8 7
3 4 8
4 9 8
4 5 9
6 7 10
7 11 10
7 8 11
8 12 11
8 9 12
10 11 13
11 14 13
11 12 14
13 14 15
ZONE N=15, E=16, F=FEPOINT, ET=TRIANGLE
-0.0791142 0.654732 0 0 0 0 
-0.062745 0.648295 0 0 0 0 
-0.0463758 0.641859 0 0 0 0 
-0.0300066 0.635422 0 0 0 0 
-0.0136373 0.628985 0 0 0 0 
-0.0747802 0.672669 0 0 0 0 
-0.058411 0.666232 0 0 0 0 
-0.0420417 0.659796 0 0 0 0 
-0.0256725 0.653359 0 0 0 0 
-0.0704461 0.690606 0 0 0 0 
-0.0540769 0.68417 0 0 0 0 
-0.0377077 0.677733 0 0 0 0 
-0.0661121 0.708543 0 0 0 0 
-0.0497429 0.702107 0 0 0 0 
-0.0617781 0.726481 0 0 0 0 
1 2 6
2 7 6
2 3 7
3 8 7
3 4 8
4 9 8
4 5 9
6 7 10
7 11 10
7 8 11
8 12 11
8 9 12
10 11 13
11 14 13
11 12 14
13 14 15
ZONE N=15, E=16, F=FEPOINT, ET=TRIANGLE
0.307695 0.84643 0 0 0 0 
0.327737 0.845782 0 0 0 0 
0.347778 0.845135 0 0 0 0 
0.367819 0.844487 0 0 0 0 
0.387861 0.84384 0 0 0 0 
0.326442 0.865792 0 0 0 0 
0.346484 0.865145 0 0 0 0 
0.366525 0.864497 0 0 0 0 
0.386566 0.86385 0 0 0 0 
0.345189 0.885155 0 0 0 0 
0.365231 0.884507 0 0 0 0 
0.385272 0.88386 0 0 0 0 
0.363936 0.904517 0 0 0 0 
0.383978 0.90387 0 0 0 0 
0.382683 0.92388 0 0 0 0 
1 2 6
2 7 6
2 3 7
3 8 7
3 4 8
4 9 8
4 5 9
6 7 10
7 11 10
7 8 11
8 12 11
8 9 12
10 11 13
11 14 13
11 12 14
13 14 15
ZONE N=15, E=16, F=FEPOINT, ET=TRIANGLE
0.00848944 0.749083 0 0 0 0 
-0.00936573 0.76394 0 0 0 0 
-0.0272209 0.778797 0 0 0 0 
-0.0450761 0.793654 0 0 0 0 
-0.0629312 0.80851 0 0 0 0 
-0.00907744 0.743432 0 0 0 0 
-0.0269326 0.758289 0 0 0 0 
-0.0447878 0.773146 0 0 0 0 
-0.062643 0.788003 0 0 0 0 
-0.0266443 0.737782 0 0 0 0 
-0.0444995 0.752639 0 0 0 0 
-0.0623547 0.767496 0 0 0 0 
-0.0442112 0.732131 0 0 0 0 
-0.0620664 0.746988 0 0 0 0 
-0.0617781 0.726481 0 0 0 0 
1 2 6
2 7 6
2 3 7
3 8 7
3 4 8
4 9 8
4 5 9
6 7 10
7 11 10
7 8 11
8 12 11
8 9 12
10 11 13
11 14 13
11 12 14
13 14 15
ZONE N=15, E=16, F=FEPOINT, ET=TRIANGLE
0.113323 0.871812 0 0 0 0 
0.142224 0.879082 0 0 0 0 
0.171125 0.886352 0 0 0 0 
0.200026 0.893622 0 0 0 0 
0.228927 0.900892 0 0 0 0 
0.118877 0.886712 0 0 0 0 
0.147778 0.893982 0 0 0 0 
0.176679 0.901252 0 0 0 0 
0.20558 0.908522 0 0 0 0 
0.124432 0.901612 0 0 0 0 
0.153333 0.908882 0 0 0 0 
0.182234 0.916152 0 0 0 0 
0.129986 0.916511 0 0 0 0 
0.158888 0.923781 0 0 0 0 
0.135541 0.931411 0 0 0 0 
1 2 6
2 7 6
2 3 7
3 8 7
3 4 8
4 9 8
4 5 9
6 7 10
7 11 10
7 8 11
8 12 11
8 9 12
10 11 13
11 14 13
11 12 14
13 14 15
ZONE N=15, E=16, F=FEPOINT, ET=TRIANGLE
0.0720415 0.921143 0 0 0 0 
0.0879164 0.92371 0 0 0 0 
0.103791 0.926277 0 0 0 0 
0.119666 0.928844 0 0 0 0 
0.135541 0.931411 0 0 0 0 
0.0785354 0.939653 0 0 0 0 
0.0944103 0.94222 0 0 0 0 
0.110285 0.944787 0 0 0 0 
0.12616 0.947355 0 0 0 0 
0.0850293 0.958164 0 0 0 0 
0.100904 0.960731 0 0 0 0 
0.116779 0.963298 0 0 0 0 
0.0915232 0.976674 0 0 0 0 
0.107398 0.979241 0 0 0 0 
0.0980171 0.995185 0 0 0 0 
1 2 6
2 7 6
2 3 7
3 8 7
3 4 8
4 9 8
4 5 9
6 7 10
7 11 10
7 8 11
8 12 11
8 9 12
10 11 13
11 14 13
11 12 14
13 14 15
ZONE N=15, E=16, F=FEPOINT, ET=TRIANGLE
0.135541 0.931411 0 0 0 0 
0.150428 0.943755 0 0 0 0 
0.165316 0.956098 0 0 0 0 
0.180203 0.968442 0 0 0 0 
0.19509 0.980785 0 0 0 0 
0.12616 0.947355 0 0 0 0 
0.141047 0.959698 0 0 0 0 
0.155935 0.972042 0 0 0 0 
0.170822 0.984385 0 0 0 0 
0.116779 0.963298 0 0 0 0 
0.131666 0.975641 0 0 0 0 
0.146554 0.987985 0 0 0 0 
0.107398 0.979241 0 0 0 0 
0.122285 0.991585 0 0 0 0 
0.0980171 0.995185 0 0 0 0 
1 2 6
2 7 6
2 3 7
3 8 7
3 4 8
4 9 8
4 5 9
6 7 10
7 11 10
7 8 11
8 12 11
8 9 12
10 11 13
11 14 13
11 12 14
13 14 15
ZONE N=15, E=16, F=FEPOINT, ET=TRIANGLE
0.0980171 0.995185 0 0 0 0 
0.0735129 0.996389 0 0 0 0 
0.0490086 0.997592 0 0 0 0 
0.0245043 0.998796 0 0 0 0 
6.12323e-17 1 0 0 0 0 
0.0915232 0.976674 0 0 0 0 
0.0670189 0.977878 0 0 0 0 
0.0425147 0.979082 0 0 0 0 
0.0180104 0.980286 0 0 0 0 
0.0850293 0.958164 0 0 0 0 
0.060525 0.959368 0 0 0 0 
0.0360207 0.960571 0 0 0 0 
0.0785354 0.939653 0 0 0 0 
0.0540311 0.940857 0 0 0 0 
0.0720415 0.921143 0 0 0 0 
1 2 6
2 7 6
2 3 7
3 8 7
3 4 8
4 9 8
4 5 9
6 7 10
7 11 10
7 8 11
8 12 11
8 9 12
10 11 13
11 14 13
11 12 14
13 14 15
ZONE N=15, E=16, F=FEPOINT, ET=TRIANGLE
0.0720415 0.921143 0 0 0 0 
0.0566741 0.914647 0 0 0 0 
0.0413068 0.908152 0 0 0 0 
0.0259395 0.901657 0 0 0 0 
0.0105721 0.895162 0 0 0 0 
0.0823617 0.90881 0 0 0 0 
0.0669944 0.902315 0 0 0 0 
0.0516271 0.895819 0 0 0 0 
0.0362598 0.889324 0 0 0 0 
0.092682 0.896477 0 0 0 0 
0.0773147 0.889982 0 0 0 0 
0.0619474 0.883487 0 0 0 0 
0.103002 0.884145 0 0 0 0 
0.087635 0.877649 0 0 0 0 
0.113323 0.871812 0 0 0 0 
1 2 6
2 7 6
2 3 7
3 8 7
3 4 8
4 9 8
4 5 9
6 7 10
7 11 10
7 8 11
8 12 11
8 9 12
10 11 13
11 14 13
11 12 14
13 14 15
ZONE N=15, E=16, F=FEPOINT, ET=TRIANGLE
-0.0629312 0.80851 0 0 0 0 
-0.0450761 0.793654 0 0 0 0 
-0.0272209 0.778797 0 0 0 0 
-0.00936573 0.76394 0 0 0 0 
0.00848944 0.749083 0 0 0 0 
-0.0466593 0.813333 0 0 0 0 
-0.0288041 0.798476 0 0 0 0 
-0.0109489 0.783619 0 0 0 0 
0.00690622 0.768762 0 0 0 0 
-0.0303873 0.818155 0 0 0 0 
-0.0125322 0.803298 0 0 0 0 
0.005323 0.788441 0 0 0 0 
-0.0141154 0.822977 0 0 0 0 
0.00373977 0.80812 0 0 0 0 
0.00215655 0.827799 0 0 0 0 
1 2 6
2 7 6
2 3 7
3 8 7
3 4 8
4 9 8
4 5 9
6 7 10
7 11 10
7 8 11
8 12 11
8 9 12
10 11 13
11 14 13
11 12 14
13 14 15
ZONE N=15, E=16, F=FEPOINT, ET=TRIANGLE
0.00215655 0.827799 0 0 0 0 
0.0182103 0.822294 0 0 0 0 
0.0342641 0.816789 0 0 0 0 
0.0503179 0.811284 0 0 0 0 
0.0663716 0.805779 0 0 0 0 
0.00426045 0.84464 0 0 0 0 
0.0203142 0.839135 0 0 0 0 
0.036368 0.83363 0 0 0 0 
0.0524218 0.828125 0 0 0 0 
0.00636435 0.861481 0 0 0 0 
0.0224181 0.855975 0 0 0 0 
0.0384719 0.85047 0 0 0 0 
0.00846825 0.878321 0 0 0 0 
0.024522 0.872816 0 0 0 0 
0.0105721 0.895162 0 0 0 0 
1 2 6
2 7 6
2 3 7
3 8 7
3 4 8
4 9 8
4 5 9
6 7 10
7 11 10
7 8 11
8 12 11
8 9 12
10 11 13
11 14 13
11 12 14
13 14 15
ZONE N=15, E=16, F=FEPOINT, ET=TRIANGLE
-0.46216 -0.599358 0 0 0 0 
-0.479944 -0.603225 0 0 0 0 
-0.497727 -0.607092 0 0 0 0 
-0.51551 -0.610959 0 0 0 0 
-0.533293 -0.614826 0 0 0 0 
-0.456159 -0.615004 0 0 0 0 
-0.473943 -0.618871 0 0 0 0 
-0.491726 -0.622738 0 0 0 0 
-0.509509 -0.626605 0 0 0 0 
-0.450158 -0.63065 0 0 0 0 
-0.467942 -0.634517 0 0 0 0 
-0.485725 -0.638384 0 0 0 0 
-0.444157 -0.646296 0 0 0 0 
-0.461941 -0.650163 0 0 0 0 
-0.438156 -0.661942 0 0 0 0 
1 2 6
2 7 6
2 3 7
3 8 7
3 4 8
4 9 8
4 5 9
6 7 10
7 11 10
7 8 11
8 12 11
8 9 12
10 11 13
11 14 13
11 12 14
13 14 15
ZONE N=15, E=16, F=FEPOINT, ET=TRIANGLE
-0.473401 -0.718958 0 0 0 0 
-0.458125 -0.727555 0 0 0 0 
-0.442848 -0.736152 0 0 0 0 
-0.427572 -0.74475 0 0 0 0 
-0.412295 -0.753347 0 0 0 0 
-0.46459 -0.704704 0 0 0 0 
-0.449313 -0.713301 0 0 0 0 
-0.434037 -0.721898 0 0 0 0 
-0.41876 -0.730496 0 0 0 0 
-0.455779 -0.69045 0 0 0 0 
-0.440502 -0.699047 0 0 0 0 
-0.425226 -0.707645 0 0 0 0 
-0.446968 -0.676196 0 0 0 0 
-0.431691 -0.684793 0 0 0 0 
-0.438156 -0.661942 0 0 0 0 
1 2 6
2 7 6
2 3 7
3 8 7
3 4 8
4 9 8
4 5 9
6 7 10
7 11 10
7 8 11
8 12 11
8 9 12
10 11 13
11 14 13
11 12 14
13 14 15
ZONE N=15, E=16, F=FEPOINT, ET=TRIANGLE
-0.46216 -0.599358 0 0 0 0 
-0.456159 -0.615004 0 0 0 0 
-0.450158 -0.63065 0 0 0 0 
-0.444157 -0.646296 0 0 0 0 
-0.438156 -0.661942 0 0 0 0 
-0.443401 -0.594234 0 0 0 0 
-0.4374 -0.60988 0 0 0 0 
-0.431399 -0.625526 0 0 0 0 
-0.425398 -0.641172 0 0 0 0 
-0.424641 -0.58911 0 0 0 0 
-0.41864 -0.604756 0 0 0 0 
-0.412639 -0.620402 0 0 0 0 
-0.405881 -0.583987 0 0 0 0 
-0.39988 -0.599633 0 0 0 0 
-0.387121 -0.578863 0 0 0 0 
1 2 6
2 7 6
2 3 7
3 8 7
3 4 8
4 9 8
4 5 9
6 7 10
7 11 10
7 8 11
8 12 11
8 9 12
10 11 13
11 14 13
11 12 14
13 14 15
ZONE N=15, E=16, F=FEPOINT, ET=TRIANGLE
-0.387121 -0.578863 0 0 0 0 
-0.369728 -0.585738 0 0 0 0 
-0.352335 -0.592613 0 0 0 0 
-0.334943 -0.599488 0 0 0 0 
-0.31755 -0.606364 0 0 0 0 
-0.368601 -0.567607 0 0 0 0 
-0.351208 -0.574482 0 0 0 0 
-0.333815 -0.581357 0 0 0 0 
-0.316423 -0.588232 0 0 0 0 
-0.350081 -0.556351 0 0 0 0 
-0.332688 -0.563226 0 0 0 0 
-0.315295 -0.570101 0 0 0 0 
-0.331561 -0.545095 0 0 0 0 
-0.314168 -0.55197 0 0 0 0 
-0.313041 -0.533839 0 0 0 0 
1 2 6
2 7 6
2 3 7
3 8 7
3 4 8
4 9 8
4 5 9
6 7 10
7 11 10
7 8 11
8 12 11
8 9 12
10 11 13
11 14 13
11 12 14
13 14 15
ZONE N=15, E=16, F=FEPOINT, ET=TRIANGLE
-0.31755 -0.606364 0 0 0 0 
-0.331032 -0.618538 0 0 0 0 
-0.344515 -0.630713 0 0 0 0 
-0.357998 -0.642887 0 0 0 0 
-0.371481 -0.655062 0 0 0 0 
-0.311367 -0.626763 0 0 0 0 
-0.32485 -0.638938 0 0 0 0 
-0.338333 -0.651112 0 0 0 0 
-0.351816 -0.663287 0 0 0 0 
-0.305185 -0.647163 0 0 0 0 
-0.318668 -0.659338 0 0 0 0 
-0.33215 -0.671512 0 0 0 0 
-0.299003 -0.667563 0 0 0 0 
-0.312485 -0.679737 0 0 0 0 
-0.29282 -0.687962 0 0 0 0 
1 2 6
2 7 6
2 3 7
3 8 7
3 4 8
4 9 8
4 5 9
6 7 10
7 11 10
7 8 11
8 12 11
8 9 12
10 11 13
11 14 13
11 12 14
13 14 15
ZONE N=15, E=16, F=FEPOINT, ET=TRIANGLE
-0.29282 -0.687962 0 0 0 0 
-0.273032 -0.690674 0 0 0 0 
-0.253244 -0.693386 0 0 0 0 
-0.233456 -0.696098 0 0 0 0 
-0.213669 -0.698809 0 0 0 0 
-0.281317 -0.663413 0 0 0 0 
-0.261529 -0.666125 0 0 0 0 
-0.241741 -0.668837 0 0 0 0 
-0.221953 -0.671549 0 0 0 0 
-0.269813 -0.638865 0 0 0 0 
-0.250025 -0.641576 0 0 0 0 
-0.230237 -0.644288 0 0 0 0 
-0.25831 -0.614316 0 0 0 0 
-0.238522 -0.617028 0 0 0 0 
-0.246806 -0.589767 0 0 0 0 
1 2 6
2 7 6
2 3 7
3 8 7
3 4 8
4 9 8
4 5 9
6 7 10
7 11 10
7 8 11
8 12 11
8 9 12
10 11 13
11 14 13
11 12 14
13 14 15
ZONE N=15, E=16, F=FEPOINT, ET=TRIANGLE
-0.176179 -0.54147 0 0 0 0 
-0.193013 -0.5356 0 0 0 0 
-0.209846 -0.529729 0 0 0 0 
-0.22668 -0.523859 0 0 0 0 
-0.243514 -0.517989 0 0 0 0 
-0.193836 -0.553544 0 0 0 0 
-0.210669 -0.547674 0 0 0 0 
-0.227503 -0.541804 0 0 0 0 
-0.244337 -0.535933 0 0 0 0 
-0.211493 -0.565619 0 0 0 0 
-0.228326 -0.559748 0 0 0 0 
-0.24516 -0.553878 0 0 0 0 
-0.229149 -0.577693 0 0 0 0 
-0.245983 -0.571822 0 0 0 0 
-0.246806 -0.589767 0 0 0 0 
1 2 6
2 7 6
2 3 7
3 8 7
3 4 8
4 9 8
4 5 9
6 7 10
7 11 10
7 8 11
8 12 11
8 9 12
10 11 13
11 14 13
11 12 14
13 14 15
ZONE N=15, E=16, F=FEPOINT, ET=TRIANGLE
-0.266147 -0.450364 0 0 0 0 
-0.283916 -0.437969 0 0 0 0 
-0.301686 -0.425573 0 0 0 0 
-0.319455 -0.413178 0 0 0 0 
-0.337224 -0.400782 0 0 0 0 
-0.27787 -0.471233 0 0 0 0 
-0.29564 -0.458837 0 0 0 0 
-0.313409 -0.446442 0 0 0 0 
-0.331179 -0.434046 0 0 0 0 
-0.289594 -0.492102 0 0 0 0 
-0.307363 -0.479706 0 0 0 0 
-0.325133 -0.467311 0 0 0 0 
-0.301317 -0.512971 0 0 0 0 
-0.319087 -0.500575 0 0 0 0 
-0.313041 -0.533839 0 0 0 0 
1 2 6
2 7 6
2 3 7
3 8 7
3 4 8
4 9 8
4 5 9
6 7 10
7 11 10
7 8 11
8 12 11
8 9 12
10 11 13
11 14 13
11 12 14
13 14 15
ZONE N=15, E=16, F=FEPOINT, ET=TRIANGLE
-0.342294 -0.757404 0 0 0 0 
-0.329926 -0.740044 0 0 0 0 
-0.317557 -0.722683 0 0 0 0 
-0.305189 -0.705323 0 0 0 0 
-0.29282 -0.687962 0 0 0 0 
-0.349591 -0.731819 0 0 0 0 
-0.337222 -0.714458 0 0 0 0 
-0.324854 -0.697098 0 0 0 0 
-0.312485 -0.679737 0 0 0 0 
-0.356888 -0.706233 0 0 0 0 
-0.344519 -0.688873 0 0 0 0 
-0.33215 -0.671512 0 0 0 0 
-0.364184 -0.680648 0 0 0 0 
-0.351816 -0.663287 0 0 0 0 
-0.371481 -0.655062 0 0 0 0 
1 2 6
2 7 6
2 3 7
3 8 7
3 4 8
4 9 8
4 5 9
6 7 10
7 11 10
7 8 11
8 12 11
8 9 12
10 11 13
11 14 13
11 12 14
13 14 15
ZONE N=15, E=16, F=FEPOINT, ET=TRIANGLE
-0.31755 -0.606364 0 0 0 0 
-0.299864 -0.602214 0 0 0 0 
-0.282178 -0.598065 0 0 0 0 
-0.264492 -0.593916 0 0 0 0 
-0.246806 -0.589767 0 0 0 0 
-0.316423 -0.588232 0 0 0 0 
-0.298737 -0.584083 0 0 0 0 
-0.281051 -0.579934 0 0 0 0 
-0.263365 -0.575785 0 0 0 0 
-0.315295 -0.570101 0 0 0 0 
-0.297609 -0.565952 0 0 0 0 
-0.279924 -0.561803 0 0 0 0 
-0.314168 -0.55197 0 0 0 0 
-0.296482 -0.547821 0 0 0 0 
-0.313041 -0.533839 0 0 0 0 
1 2 6
2 7 6
2 3 7
3 8 7
3 4 8
4 9 8
4 5 9
6 7 10
7 11 10
7 8 11
8 12 11
8 9 12
10 11 13
11 14 13
11 12 14
13 14 15
ZONE N=15, E=16, F=FEPOINT, ET=TRIANGLE
-0.29282 -0.687962 0 0 0 0 
-0.305189 -0.705323 0 0 0 0 
-0.317557 -0.722683 0 0 0 0 
-0.329926 -0.740044 0 0 0 0 
-0.342294 -0.757404 0 0 0 0 
-0.285646 -0.70616 0 0 0 0 
-0.298015 -0.72352 0 0 0 0 
-0.310384 -0.740881 0 0 0 0 
-0.322752 -0.758241 0 0 0 0 
-0.278473 -0.724357 0 0 0 0 
-0.290841 -0.741717 0 0 0 0 
-0.30321 -0.759078 0 0 0 0 
-0.271299 -0.742554 0 0 0 0 
-0.283667 -0.759915 0 0 0 0 
-0.264125 -0.760751 0 0 0 0 
1 2 6
2 7 6
2 3 7
3 8 7
3 4 8
4 9 8
4 5 9
6 7 10
7 11 10
7 8 11
8 12 11
8 9 12
10 11 13
11 14 13
11 12 14
13 14 15
ZONE N=15, E=16, F=FEPOINT, ET=TRIANGLE
-0.213669 -0.698809 0 0 0 0 
-0.233456 -0.696098 0 0 0 0 
-0.253244 -0.693386 0 0 0 0 
-0.273032 -0.690674 0 0 0 0 
-0.29282 -0.687962 0 0 0 0 
-0.226283 -0.714295 0 0 0 0 
-0.246071 -0.711583 0 0 0 0 
-0.265858 -0.708871 0 0 0 0 
-0.285646 -0.70616 0 0 0 0 
-0.238897 -0.72978 0 0 0 0 
-0.258685 -0.727069 0 0 0 0 
-0.278473 -0.724357 0 0 0 0 
-0.251511 -0.745266 0 0 0 0 
-0.271299 -0.742554 0 0 0 0 
-0.264125 -0.760751 0 0 0 0 
1 2 6
2 7 6
2 3 7
3 8 7
3 4 8
4 9 8
4 5 9
6 7 10
7 11 10
7 8 11
8 12 11
8 9 12
10 11 13
11 14 13
11 12 14
13 14 15
ZONE N=15, E=16, F=FEPOINT, ET=TRIANGLE
-0.342294 -0.757404 0 0 0 0 
-0.324962 -0.784917 0 0 0 0 
-0.307629 -0.81243 0 0 0 0 
-0.290296 -0.839943 0 0 0 0 
-0.272963 -0.867455 0 0 0 0 
-0.322752 -0.758241 0 0 0 0 
-0.305419 -0.785754 0 0 0 0 
-0.288087 -0.813267 0 0 0 0 
-0.270754 -0.840779 0 0 0 0 
-0.30321 -0.759078 0 0 0 0 
-0.285877 -0.786591 0 0 0 0 
-0.268544 -0.814103 0 0 0 0 
-0.283667 -0.759915 0 0 0 0 
-0.266335 -0.787427 0 0 0 0 
-0.264125 -0.760751 0 0 0 0 
1 2 6
2 7 6
2 3 7
3 8 7
3 4 8
4 9 8
4 5 9
6 7 10
7 11 10
7 8 11
8 12 11
8 9 12
10 11 13
11 14 13
11 12 14
13 14 15
ZONE N=15, E=16, F=FEPOINT, ET=TRIANGLE
-0.151661 -0.773725 0 0 0 0 
-0.167163 -0.754996 0 0 0 0 
-0.182665 -0.736267 0 0 0 0 
-0.198167 -0.717538 0 0 0 0 
-0.213669 -0.698809 0 0 0 0 
-0.179777 -0.770481 0 0 0 0 
-0.195279 -0.751753 0 0 0 0 
-0.210781 -0.733024 0 0 0 0 
-0.226283 -0.714295 0 0 0 0 
-0.207893 -0.767238 0 0 0 0 
-0.223395 -0.748509 0 0 0 0 
-0.238897 -0.72978 0 0 0 0 
-0.236009 -0.763995 0 0 0 0 
-0.251511 -0.745266 0 0 0 0 
-0.264125 -0.760751 0 0 0 0 
1 2 6
2 7 6
2 3 7
3 8 7
3 4 8
4 9 8
4 5 9
6 7 10
7 11 10
7 8 11
8 12 11
8 9 12
10 11 13
11 14 13
11 12 14
13 14 15
ZONE N=15, E=16, F=FEPOINT, ET=TRIANGLE
-0.0370138 -0.936081 0 0 0 0 
-0.0522646 -0.950857 0 0 0 0 
-0.0675155 -0.965633 0 0 0 0 
-0.0827663 -0.980409 0 0 0 0 
-0.0980171 -0.995185 0 0 0 0 
-0.0277604 -0.952061 0 0 0 0 
-0.0430112 -0.966837 0 0 0 0 
-0.058262 -0.981613 0 0 0 0 
-0.0735129 -0.996389 0 0 0 0 
-0.0185069 -0.96804 0 0 0 0 
-0.0337577 -0.982816 0 0 0 0 
-0.0490086 -0.997592 0 0 0 0 
-0.00925345 -0.98402 0 0 0 0 
-0.0245043 -0.998796 0 0 0 0 
-1.83697e-16 -1 0 0 0 0 
1 2 6
2 7 6
2 3 7
3 8 7
3 4 8
4 9 8
4 5 9
6 7 10
7 11 10
7 8 11
8 12 11
8 9 12
10 11 13
11 14 13
11 12 14
13 14 15
ZONE N=15, E=16, F=FEPOINT, ET=TRIANGLE
-0.176179 -0.54147 0 0 0 0 
-0.175458 -0.562848 0 0 0 0 
-0.174736 -0.584227 0 0 0 0 
-0.174014 -0.605605 0 0 0 0 
-0.173293 -0.626983 0 0 0 0 
-0.155872 -0.542576 0 0 0 0 
-0.15515 -0.563954 0 0 0 0 
-0.154428 -0.585332 0 0 0 0 
-0.153707 -0.606711 0 0 0 0 
-0.135564 -0.543682 0 0 0 0 
-0.134843 -0.56506 0 0 0 0 
-0.134121 -0.586438 0 0 0 0 
-0.115257 -0.544788 0 0 0 0 
-0.114535 -0.566166 0 0 0 0 
-0.0949491 -0.545893 0 0 0 0 
1 2 6
2 7 6
2 3 7
3 8 7
3 4 8
4 9 8
4 5 9
6 7 10
7 11 10
7 8 11
8 12 11
8 9 12
10 11 13
11 14 13
11 12 14
13 14 15
ZONE N=15, E=16, F=FEPOINT, ET=TRIANGLE
-0.212797 -0.819803 0 0 0 0 
-0.197513 -0.808284 0 0 0 0 
-0.182229 -0.796764 0 0 0 0 
-0.166945 -0.785244 0 0 0 0 
-0.151661 -0.773725 0 0 0 0 
-0.225629 -0.80504 0 0 0 0 
-0.210345 -0.793521 0 0 0 0 
-0.195061 -0.782001 0 0 0 0 
-0.179777 -0.770481 0 0 0 0 
-0.238461 -0.790277 0 0 0 0 
-0.223177 -0.778758 0 0 0 0 
-0.207893 -0.767238 0 0 0 0 
-0.251293 -0.775514 0 0 0 0 
-0.236009 -0.763995 0 0 0 0 
-0.264125 -0.760751 0 0 0 0 
1 2 6
2 7 6
2 3 7
3 8 7
3 4 8
4 9 8
4 5 9
6 7 10
7 11 10
7 8 11
8 12 11
8 9 12
10 11 13
11 14 13
11 12 14
13 14 15
ZONE N=15, E=16, F=FEPOINT, ET=TRIANGLE
-0.173293 -0.626983 0 0 0 0 
-0.183387 -0.64494 0 0 0 0 
-0.193481 -0.662896 0 0 0 0 
-0.203575 -0.680853 0 0 0 0 
-0.213669 -0.698809 0 0 0 0 
-0.163414 -0.645059 0 0 0 0 
-0.173508 -0.663016 0 0 0 0 
-0.183602 -0.680972 0 0 0 0 
-0.193696 -0.698929 0 0 0 0 
-0.153536 -0.663135 0 0 0 0 
-0.16363 -0.681092 0 0 0 0 
-0.173724 -0.699048 0 0 0 0 
-0.143657 -0.681211 0 0 0 0 
-0.153751 -0.699168 0 0 0 0 
-0.133779 -0.699287 0 0 0 0 
1 2 6
2 7 6
2 3 7
3 8 7
3 4 8
4 9 8
4 5 9
6 7 10
7 11 10
7 8 11
8 12 11
8 9 12
10 11 13
11 14 13
11 12 14
13 14 15
ZONE N=15, E=16, F=FEPOINT, ET=TRIANGLE
-0.0975952 -0.632563 0 0 0 0 
-0.11652 -0.631168 0 0 0 0 
-0.135444 -0.629773 0 0 0 0 
-0.154368 -0.628378 0 0 0 0 
-0.173293 -0.626983 0 0 0 0 
-0.106641 -0.649244 0 0 0 0 
-0.125565 -0.647849 0 0 0 0 
-0.14449 -0.646454 0 0 0 0 
-0.163414 -0.645059 0 0 0 0 
-0.115687 -0.665925 0 0 0 0 
-0.134611 -0.66453 0 0 0 0 
-0.153536 -0.663135 0 0 0 0 
-0.124733 -0.682606 0 0 0 0 
-0.143657 -0.681211 0 0 0 0 
-0.133779 -0.699287 0 0 0 0 
1 2 6
2 7 6
2 3 7
3 8 7
3 4 8
4 9 8
4 5 9
6 7 10
7 11 10
7 8 11
8 12 11
8 9 12
10 11 13
11 14 13
11 12 14
13 14 15
ZONE N=15, E=16, F=FEPOINT, ET=TRIANGLE
-0.173293 -0.626983 0 0 0 0 
-0.154368 -0.628378 0 0 0 0 
-0.135444 -0.629773 0 0 0 0 
-0.11652 -0.631168 0 0 0 0 
-0.0975952 -0.632563 0 0 0 0 
-0.153707 -0.606711 0 0 0 0 
-0.134782 -0.608106 0 0 0 0 
-0.115858 -0.609501 0 0 0 0 
-0.0969337 -0.610896 0 0 0 0 
-0.134121 -0.586438 0 0 0 0 
-0.115197 -0.587833 0 0 0 0 
-0.0962722 -0.589228 0 0 0 0 
-0.114535 -0.566166 0 0 0 0 
-0.0956106 -0.567561 0 0 0 0 
-0.0949491 -0.545893 0 0 0 0 
1 2 6
2 7 6
2 3 7
3 8 7
3 4 8
4 9 8
4 5 9
6 7 10
7 11 10
7 8 11
8 12 11
8 9 12
10 11 13
11 14 13
11 12 14
13 14 15
ZONE N=15, E=16, F=FEPOINT, ET=TRIANGLE
-0.0803702 -0.835593 0 0 0 0 
-0.0795889 -0.815632 0 0 0 0 
-0.0788077 -0.795672 0 0 0 0 
-0.0780264 -0.775712 0 0 0 0 
-0.0772452 -0.755752 0 0 0 0 
-0.098193 -0.820126 0 0 0 0 
-0.0974117 -0.800165 0 0 0 0 
-0.0966304 -0.780205 0 0 0 0 
-0.0958492 -0.760245 0 0 0 0 
-0.116016 -0.804659 0 0 0 0 
-0.115234 -0.784699 0 0 0 0 
-0.114453 -0.764738 0 0 0 0 
-0.133839 -0.789192 0 0 0 0 
-0.133057 -0.769232 0 0 0 0 
-0.151661 -0.773725 0 0 0 0 
1 2 6
2 7 6
2 3 7
3 8 7
3 4 8
4 9 8
4 5 9
6 7 10
7 11 10
7 8 11
8 12 11
8 9 12
10 11 13
11 14 13
11 12 14
13 14 15
ZONE N=15, E=16, F=FEPOINT, ET=TRIANGLE
0.047451 -0.473497 0 0 0 0 
0.0305333 -0.484282 0 0 0 0 
0.0136156 -0.495067 0 0 0 0 
-0.00330203 -0.505852 0 0 0 0 
-0.0202197 -0.516637 0 0 0 0 
0.0506174 -0.497125 0 0 0 0 
0.0336997 -0.50791 0 0 0 0 
0.016782 -0.518695 0 0 0 0 
-0.000135648 -0.52948 0 0 0 0 
0.0537837 -0.520753 0 0 0 0 
0.0368661 -0.531538 0 0 0 0 
0.0199484 -0.542323 0 0 0 0 
0.0569501 -0.544381 0 0 0 0 
0.0400325 -0.555166 0 0 0 0 
0.0601165 -0.568009 0 0 0 0 
1 2 6
2 7 6
2 3 7
3 8 7
3 4 8
4 9 8
4 5 9
6 7 10
7 11 10
7 8 11
8 12 11
8 9 12
10 11 13
11 14 13
11 12 14
13 14 15
ZONE N=15, E=16, F=FEPOINT, ET=TRIANGLE
-0.243514 -0.517989 0 0 0 0 
-0.214459 -0.506304 0 0 0 0 
-0.185404 -0.494619 0 0 0 0 
-0.156349 -0.482934 0 0 0 0 
-0.127294 -0.47125 0 0 0 0 
-0.224707 -0.491219 0 0 0 0 
-0.195652 -0.479535 0 0 0 0 
-0.166597 -0.46785 0 0 0 0 
-0.137542 -0.456165 0 0 0 0 
-0.205901 -0.46445 0 0 0 0 
-0.176846 -0.452765 0 0 0 0 
-0.147791 -0.44108 0 0 0 0 
-0.187094 -0.437681 0 0 0 0 
-0.158039 -0.425996 0 0 0 0 
-0.168288 -0.410911 0 0 0 0 
1 2 6
2 7 6
2 3 7
3 8 7
3 4 8
4 9 8
4 5 9
6 7 10
7 11 10
7 8 11
8 12 11
8 9 12
10 11 13
11 14 13
11 12 14
13 14 15
ZONE N=15, E=16, F=FEPOINT, ET=TRIANGLE
-0.176179 -0.54147 0 0 0 0 
-0.193836 -0.553544 0 0 0 0 
-0.211493 -0.565619 0 0 0 0 
-0.229149 -0.577693 0 0 0 0 
-0.246806 -0.589767 0 0 0 0 
-0.175458 -0.562848 0 0 0 0 
-0.193114 -0.574923 0 0 0 0 
-0.210771 -0.586997 0 0 0 0 
-0.228428 -0.599071 0 0 0 0 
-0.174736 -0.584227 0 0 0 0 
-0.192393 -0.596301 0 0 0 0 
-0.210049 -0.608375 0 0 0 0 
-0.174014 -0.605605 0 0 0 0 
-0.191671 -0.617679 0 0 0 0 
-0.173293 -0.626983 0 0 0 0 
1 2 6
2 7 6
2 3 7
3 8 7
3 4 8
4 9 8
4 5 9
6 7 10
7 11 10
7 8 11
8 12 11
8 9 12
10 11 13
11 14 13
11 12 14
13 14 15
ZONE N=15, E=16, F=FEPOINT, ET=TRIANGLE
-0.0772452 -0.755752 0 0 0 0 
-0.0823327 -0.724955 0 0 0 0 
-0.0874202 -0.694158 0 0 0 0 
-0.0925077 -0.663361 0 0 0 0 
-0.0975952 -0.632563 0 0 0 0 
-0.0913785 -0.741636 0 0 0 0 
-0.096466 -0.710839 0 0 0 0 
-0.101554 -0.680041 0 0 0 0 
-0.106641 -0.649244 0 0 0 0 
-0.105512 -0.727519 0 0 0 0 
-0.110599 -0.696722 0 0 0 0 
-0.115687 -0.665925 0 0 0 0 
-0.119645 -0.713403 0 0 0 0 
-0.124733 -0.682606 0 0 0 0 
-0.133779 -0.699287 0 0 0 0 
1 2 6
2 7 6
2 3 7
3 8 7
3 4 8
4 9 8
4 5 9
6 7 10
7 11 10
7 8 11
8 12 11
8 9 12
10 11 13
11 14 13
11 12 14
13 14 15
ZONE N=15, E=16, F=FEPOINT, ET=TRIANGLE
-0.0949491 -0.545893 0 0 0 0 
-0.0956106 -0.567561 0 0 0 0 
-0.0962722 -0.589228 0 0 0 0 
-0.0969337 -0.610896 0 0 0 0 
-0.0975952 -0.632563 0 0 0 0 
-0.0789592 -0.558461 0 0 0 0 
-0.0796208 -0.580128 0 0 0 0 
-0.0802823 -0.601796 0 0 0 0 
-0.0809438 -0.623463 0 0 0 0 
-0.0629694 -0.571028 0 0 0 0 
-0.0636309 -0.592696 0 0 0 0 
-0.0642925 -0.614363 0 0 0 0 
-0.0469796 -0.583596 0 0 0 0 
-0.0476411 -0.605263 0 0 0 0 
-0.0309897 -0.596163 0 0 0 0 
1 2 6
2 7 6
2 3 7
3 8 7
3 4 8
4 9 8
4 5 9
6 7 10
7 11 10
7 8 11
8 12 11
8 9 12
10 11 13
11 14 13
11 12 14
13 14 15
ZONE N=15, E=16, F=FEPOINT, ET=TRIANGLE
-0.0309897 -0.596163 0 0 0 0 
-0.0282972 -0.576282 0 0 0 0 
-0.0256047 -0.5564 0 0 0 0 
-0.0229122 -0.536519 0 0 0 0 
-0.0202197 -0.516637 0 0 0 0 
-0.0469796 -0.583596 0 0 0 0 
-0.044287 -0.563714 0 0 0 0 
-0.0415945 -0.543833 0 0 0 0 
-0.038902 -0.523951 0 0 0 0 
-0.0629694 -0.571028 0 0 0 0 
-0.0602769 -0.551147 0 0 0 0 
-0.0575844 -0.531265 0 0 0 0 
-0.0789592 -0.558461 0 0 0 0 
-0.0762667 -0.538579 0 0 0 0 
-0.0949491 -0.545893 0 0 0 0 
1 2 6
2 7 6
2 3 7
3 8 7
3 4 8
4 9 8
4 5 9
6 7 10
7 11 10
7 8 11
8 12 11
8 9 12
10 11 13
11 14 13
11 12 14
13 14 15
ZONE N=15, E=16, F=FEPOINT, ET=TRIANGLE
-0.0949491 -0.545893 0 0 0 0 
-0.103035 -0.527232 0 0 0 0 
-0.111121 -0.508571 0 0 0 0 
-0.119208 -0.489911 0 0 0 0 
-0.127294 -0.47125 0 0 0 0 
-0.115257 -0.544788 0 0 0 0 
-0.123343 -0.526127 0 0 0 0 
-0.131429 -0.507466 0 0 0 0 
-0.139515 -0.488805 0 0 0 0 
-0.135564 -0.543682 0 0 0 0 
-0.14365 -0.525021 0 0 0 0 
-0.151736 -0.50636 0 0 0 0 
-0.155872 -0.542576 0 0 0 0 
-0.163958 -0.523915 0 0 0 0 
-0.176179 -0.54147 0 0 0 0 
1 2 6
2 7 6
2 3 7
3 8 7
3 4 8
4 9 8
4 5 9
6 7 10
7 11 10
7 8 11
8 12 11
8 9 12
10 11 13
11 14 13
11 12 14
13 14 15
ZONE N=15, E=16, F=FEPOINT, ET=TRIANGLE
0.293245 -0.844409 0 0 0 0 
0.292505 -0.872542 0 0 0 0 
0.291765 -0.900675 0 0 0 0 
0.291025 -0.928807 0 0 0 0 
0.290285 -0.95694 0 0 0 0 
0.311532 -0.846344 0 0 0 0 
0.310792 -0.874477 0 0 0 0 
0.310052 -0.90261 0 0 0 0 
0.309312 -0.930743 0 0 0 0 
0.329819 -0.84828 0 0 0 0 
0.329079 -0.876412 0 0 0 0 
0.328339 -0.904545 0 0 0 0 
0.348106 -0.850215 0 0 0 0 
0.347366 -0.878348 0 0 0 0 
0.366393 -0.85215 0 0 0 0 
1 2 6
2 7 6
2 3 7
3 8 7
3 4 8
4 9 8
4 5 9
6 7 10
7 11 10
7 8 11
8 12 11
8 9 12
10 11 13
11 14 13
11 12 14
13 14 15
ZONE N=15, E=16, F=FEPOINT, ET=TRIANGLE
0.126559 -0.577799 0 0 0 0 
0.127155 -0.561019 0 0 0 0 
0.12775 -0.54424 0 0 0 0 
0.128346 -0.527461 0 0 0 0 
0.128942 -0.510681 0 0 0 0 
0.109948 -0.575351 0 0 0 0 
0.110544 -0.558572 0 0 0 0 
0.11114 -0.541793 0 0 0 0 
0.111736 -0.525013 0 0 0 0 
0.0933377 -0.572904 0 0 0 0 
0.0939334 -0.556125 0 0 0 0 
0.0945292 -0.539345 0 0 0 0 
0.0767271 -0.570457 0 0 0 0 
0.0773228 -0.553677 0 0 0 0 
0.0601165 -0.568009 0 0 0 0 
1 2 6
2 7 6
2 3 7
3 8 7
3 4 8
4 9 8
4 5 9
6 7 10
7 11 10
7 8 11
8 12 11
8 9 12
10 11 13
11 14 13
11 12 14
13 14 15
ZONE N=15, E=16, F=FEPOINT, ET=TRIANGLE
-0.0309897 -0.596163 0 0 0 0 
-0.00821315 -0.589125 0 0 0 0 
0.0145634 -0.582086 0 0 0 0 
0.03734 -0.575048 0 0 0 0 
0.0601165 -0.568009 0 0 0 0 
-0.0282972 -0.576282 0 0 0 0 
-0.00552065 -0.569243 0 0 0 0 
0.0172559 -0.562205 0 0 0 0 
0.0400325 -0.555166 0 0 0 0 
-0.0256047 -0.5564 0 0 0 0 
-0.00282815 -0.549362 0 0 0 0 
0.0199484 -0.542323 0 0 0 0 
-0.0229122 -0.536519 0 0 0 0 
-0.000135648 -0.52948 0 0 0 0 
-0.0202197 -0.516637 0 0 0 0 
1 2 6
2 7 6
2 3 7
3 8 7
3 4 8
4 9 8
4 5 9
6 7 10
7 11 10
7 8 11
8 12 11
8 9 12
10 11 13
11 14 13
11 12 14
13 14 15
ZONE N=15, E=16, F=FEPOINT, ET=TRIANGLE
-0.0207478 -0.441164 0 0 0 0 
-0.0206157 -0.460032 0 0 0 0 
-0.0204837 -0.478901 0 0 0 0 
-0.0203517 -0.497769 0 0 0 0 
-0.0202197 -0.516637 0 0 0 0 
-0.00369808 -0.449247 0 0 0 0 
-0.00356606 -0.468116 0 0 0 0 
-0.00343404 -0.486984 0 0 0 0 
-0.00330203 -0.505852 0 0 0 0 
0.0133516 -0.457331 0 0 0 0 
0.0134836 -0.476199 0 0 0 0 
0.0136156 -0.495067 0 0 0 0 
0.0304013 -0.465414 0 0 0 0 
0.0305333 -0.484282 0 0 0 0 
0.047451 -0.473497 0 0 0 0 
1 2 6
2 7 6
2 3 7
3 8 7
3 4 8
4 9 8
4 5 9
6 7 10
7 11 10
7 8 11
8 12 11
8 9 12
10 11 13
11 14 13
11 12 14
13 14 15
ZONE N=15, E=16, F=FEPOINT, ET=TRIANGLE
-0.0309897 -0.596163 0 0 0 0 
-0.0238921 -0.628935 0 0 0 0 
-0.0167945 -0.661707 0 0 0 0 
-0.00969683 -0.694479 0 0 0 0 
-0.0025992 -0.727251 0 0 0 0 
-0.0143278 -0.609709 0 0 0 0 
-0.00723021 -0.642481 0 0 0 0 
-0.000132585 -0.675253 0 0 0 0 
0.00696504 -0.708025 0 0 0 0 
0.00233403 -0.623255 0 0 0 0 
0.00943165 -0.656027 0 0 0 0 
0.0165293 -0.688799 0 0 0 0 
0.0189959 -0.636801 0 0 0 0 
0.0260935 -0.669573 0 0 0 0 
0.0356578 -0.650347 0 0 0 0 
1 2 6
2 7 6
2 3 7
3 8 7
3 4 8
4 9 8
4 5 9
6 7 10
7 11 10
7 8 11
8 12 11
8 9 12
10 11 13
11 14 13
11 12 14
13 14 15
ZONE N=15, E=16, F=FEPOINT, ET=TRIANGLE
-0.0309897 -0.596163 0 0 0 0 
-0.0143278 -0.609709 0 0 0 0 
0.00233403 -0.623255 0 0 0 0 
0.0189959 -0.636801 0 0 0 0 
0.0356578 -0.650347 0 0 0 0 
-0.00821315 -0.589125 0 0 0 0 
0.00844871 -0.602671 0 0 0 0 
0.0251106 -0.616217 0 0 0 0 
0.0417724 -0.629763 0 0 0 0 
0.0145634 -0.582086 0 0 0 0 
0.0312253 -0.595632 0 0 0 0 
0.0478871 -0.609178 0 0 0 0 
0.03734 -0.575048 0 0 0 0 
0.0540018 -0.588594 0 0 0 0 
0.0601165 -0.568009 0 0 0 0 
1 2 6
2 7 6
2 3 7
3 8 7
3 4 8
4 9 8
4 5 9
6 7 10
7 11 10
7 8 11
8 12 11
8 9 12
10 11 13
11 14 13
11 12 14
13 14 15
ZONE N=15, E=16, F=FEPOINT, ET=TRIANGLE
0.0722043 -0.400394 0 0 0 0 
0.0489663 -0.410586 0 0 0 0 
0.0257283 -0.420779 0 0 0 0 
0.00249026 -0.430971 0 0 0 0 
-0.0207478 -0.441164 0 0 0 0 
0.066016 -0.41867 0 0 0 0 
0.042778 -0.428862 0 0 0 0 
0.01954 -0.439055 0 0 0 0 
-0.00369808 -0.449247 0 0 0 0 
0.0598277 -0.436945 0 0 0 0 
0.0365896 -0.447138 0 0 0 0 
0.0133516 -0.457331 0 0 0 0 
0.0536393 -0.455221 0 0 0 0 
0.0304013 -0.465414 0 0 0 0 
0.047451 -0.473497 0 0 0 0 
1 2 6
2 7 6
2 3 7
3 8 7
3 4 8
4 9 8
4 5 9
6 7 10
7 11 10
7 8 11
8 12 11
8 9 12
10 11 13
11 14 13
11 12 14
13 14 15
ZONE N=15, E=16, F=FEPOINT, ET=TRIANGLE
-0.0408279 -0.368409 0 0 0 0 
-0.0624443 -0.394119 0 0 0 0 
-0.0840608 -0.419829 0 0 0 0 
-0.105677 -0.445539 0 0 0 0 
-0.127294 -0.47125 0 0 0 0 
-0.0358079 -0.386598 0 0 0 0 
-0.0574243 -0.412308 0 0 0 0 
-0.0790407 -0.438018 0 0 0 0 
-0.100657 -0.463728 0 0 0 0 
-0.0307878 -0.404787 0 0 0 0 
-0.0524043 -0.430497 0 0 0 0 
-0.0740207 -0.456207 0 0 0 0 
-0.0257678 -0.422975 0 0 0 0 
-0.0473842 -0.448685 0 0 0 0 
-0.0207478 -0.441164 0 0 0 0 
1 2 6
2 7 6
2 3 7
3 8 7
3 4 8
4 9 8
4 5 9
6 7 10
7 11 10
7 8 11
8 12 11
8 9 12
10 11 13
11 14 13
11 12 14
13 14 15
ZONE N=15, E=16, F=FEPOINT, ET=TRIANGLE
-0.313041 -0.533839 0 0 0 0 
-0.296482 -0.547821 0 0 0 0 
-0.279924 -0.561803 0 0 0 0 
-0.263365 -0.575785 0 0 0 0 
-0.246806 -0.589767 0 0 0 0 
-0.295659 -0.529877 0 0 0 0 
-0.2791 -0.543859 0 0 0 0 
-0.262542 -0.55784 0 0 0 0 
-0.245983 -0.571822 0 0 0 0 
-0.278277 -0.525914 0 0 0 0 
-0.261719 -0.539896 0 0 0 0 
-0.24516 -0.553878 0 0 0 0 
-0.260895 -0.521951 0 0 0 0 
-0.244337 -0.535933 0 0 0 0 
-0.243514 -0.517989 0 0 0 0 
1 2 6
2 7 6
2 3 7
3 8 7
3 4 8
4 9 8
4 5 9
6 7 10
7 11 10
7 8 11
8 12 11
8 9 12
10 11 13
11 14 13
11 12 14
13 14 15
ZONE N=15, E=16, F=FEPOINT, ET=TRIANGLE
-0.127294 -0.47125 0 0 0 0 
-0.156349 -0.482934 0 0 0 0 
-0.185404 -0.494619 0 0 0 0 
-0.214459 -0.506304 0 0 0 0 
-0.243514 -0.517989 0 0 0 0 
-0.139515 -0.488805 0 0 0 0 
-0.16857 -0.50049 0 0 0 0 
-0.197625 -0.512174 0 0 0 0 
-0.22668 -0.523859 0 0 0 0 
-0.151736 -0.50636 0 0 0 0 
-0.180791 -0.518045 0 0 0 0 
-0.209846 -0.529729 0 0 0 0 
-0.163958 -0.523915 0 0 0 0 
-0.193013 -0.5356 0 0 0 0 
-0.176179 -0.54147 0 0 0 0 
1 2 6
2 7 6
2 3 7
3 8 7
3 4 8
4 9 8
4 5 9
6 7 10
7 11 10
7 8 11
8 12 11
8 9 12
10 11 13
11 14 13
11 12 14
13 14 15
ZONE N=15, E=16, F=FEPOINT, ET=TRIANGLE
0.218047 -0.501529 0 0 0 0 
0.205423 -0.48821 0 0 0 0 
0.192799 -0.474891 0 0 0 0 
0.180176 -0.461571 0 0 0 0 
0.167552 -0.448252 0 0 0 0 
0.19577 -0.503817 0 0 0 0 
0.183147 -0.490498 0 0 0 0 
0.170523 -0.477179 0 0 0 0 
0.157899 -0.46386 0 0 0 0 
0.173494 -0.506105 0 0 0 0 
0.160871 -0.492786 0 0 0 0 
0.148247 -0.479467 0 0 0 0 
0.151218 -0.508393 0 0 0 0 
0.138594 -0.495074 0 0 0 0 
0.128942 -0.510681 0 0 0 0 
1 2 6
2 7 6
2 3 7
3 8 7
3 4 8
4 9 8
4 5 9
6 7 10
7 11 10
7 8 11
8 12 11
8 9 12
10 11 13
11 14 13
11 12 14
13 14 15
ZONE N=15, E=16, F=FEPOINT, ET=TRIANGLE
0.128942 -0.510681 0 0 0 0 
0.108569 -0.501385 0 0 0 0 
0.0881964 -0.492089 0 0 0 0 
0.0678237 -0.482793 0 0 0 0 
0.047451 -0.473497 0 0 0 0 
0.111736 -0.525013 0 0 0 0 
0.0913628 -0.515717 0 0 0 0 
0.0709901 -0.506421 0 0 0 0 
0.0506174 -0.497125 0 0 0 0 
0.0945292 -0.539345 0 0 0 0 
0.0741565 -0.530049 0 0 0 0 
0.0537837 -0.520753 0 0 0 0 
0.0773228 -0.553677 0 0 0 0 
0.0569501 -0.544381 0 0 0 0 
0.0601165 -0.568009 0 0 0 0 
1 2 6
2 7 6
2 3 7
3 8 7
3 4 8
4 9 8
4 5 9
6 7 10
7 11 10
7 8 11
8 12 11
8 9 12
10 11 13
11 14 13
11 12 14
13 14 15
ZONE N=15, E=16, F=FEPOINT, ET=TRIANGLE
0.0792712 -0.720011 0 0 0 0 
0.0588036 -0.721821 0 0 0 0 
0.038336 -0.723631 0 0 0 0 
0.0178684 -0.725441 0 0 0 0 
-0.0025992 -0.727251 0 0 0 0 
0.0704466 -0.736852 0 0 0 0 
0.049979 -0.738662 0 0 0 0 
0.0295114 -0.740472 0 0 0 0 
0.00904384 -0.742282 0 0 0 0 
0.0616221 -0.753693 0 0 0 0 
0.0411545 -0.755503 0 0 0 0 
0.0206869 -0.757313 0 0 0 0 
0.0527975 -0.770534 0 0 0 0 
0.0323299 -0.772344 0 0 0 0 
0.043973 -0.787375 0 0 0 0 
1 2 6
2 7 6
2 3 7
3 8 7
3 4 8
4 9 8
4 5 9
6 7 10
7 11 10
7 8 11
8 12 11
8 9 12
10 11 13
11 14 13
11 12 14
13 14 15
ZONE N=15, E=16, F=FEPOINT, ET=TRIANGLE
0.126559 -0.577799 0 0 0 0 
0.103834 -0.595936 0 0 0 0 
0.0811083 -0.614073 0 0 0 0 
0.058383 -0.63221 0 0 0 0 
0.0356578 -0.650347 0 0 0 0 
0.132865 -0.593359 0 0 0 0 
0.11014 -0.611496 0 0 0 0 
0.0874145 -0.629634 0 0 0 0 
0.0646892 -0.647771 0 0 0 0 
0.139171 -0.60892 0 0 0 0 
0.116446 -0.627057 0 0 0 0 
0.0937206 -0.645194 0 0 0 0 
0.145477 -0.624481 0 0 0 0 
0.122752 -0.642618 0 0 0 0 
0.151784 -0.640041 0 0 0 0 
1 2 6
2 7 6
2 3 7
3 8 7
3 4 8
4 9 8
4 5 9
6 7 10
7 11 10
7 8 11
8 12 11
8 9 12
10 11 13
11 14 13
11 12 14
13 14 15
ZONE N=15, E=16, F=FEPOINT, ET=TRIANGLE
0.220621 -0.649556 0 0 0 0 
0.217238 -0.632516 0 0 0 0 
0.213856 -0.615475 0 0 0 0 
0.210474 -0.598435 0 0 0 0 
0.207092 -0.581394 0 0 0 0 
0.203411 -0.647177 0 0 0 0 
0.200029 -0.630137 0 0 0 0 
0.196647 -0.613096 0 0 0 0 
0.193265 -0.596056 0 0 0 0 
0.186202 -0.644799 0 0 0 0 
0.18282 -0.627758 0 0 0 0 
0.179438 -0.610718 0 0 0 0 
0.168993 -0.64242 0 0 0 0 
0.165611 -0.625379 0 0 0 0 
0.151784 -0.640041 0 0 0 0 
1 2 6
2 7 6
2 3 7
3 8 7
3 4 8
4 9 8
4 5 9
6 7 10
7 11 10
7 8 11
8 12 11
8 9 12
10 11 13
11 14 13
11 12 14
13 14 15
ZONE N=15, E=16, F=FEPOINT, ET=TRIANGLE
0.0792712 -0.720011 0 0 0 0 
0.0683678 -0.702595 0 0 0 0 
0.0574645 -0.685179 0 0 0 0 
0.0465611 -0.667763 0 0 0 0 
0.0356578 -0.650347 0 0 0 0 
0.0588036 -0.721821 0 0 0 0 
0.0479002 -0.704405 0 0 0 0 
0.0369969 -0.686989 0 0 0 0 
0.0260935 -0.669573 0 0 0 0 
0.038336 -0.723631 0 0 0 0 
0.0274326 -0.706215 0 0 0 0 
0.0165293 -0.688799 0 0 0 0 
0.0178684 -0.725441 0 0 0 0 
0.00696504 -0.708025 0 0 0 0 
-0.0025992 -0.727251 0 0 0 0 
1 2 6
2 7 6
2 3 7
3 8 7
3 4 8
4 9 8
4 5 9
6 7 10
7 11 10
7 8 11
8 12 11
8 9 12
10 11 13
11 14 13
11 12 14
13 14 15
ZONE N=15, E=16, F=FEPOINT, ET=TRIANGLE
0.206341 -0.826947 0 0 0 0 
0.209326 -0.805061 0 0 0 0 
0.21231 -0.783175 0 0 0 0 
0.215295 -0.761289 0 0 0 0 
0.21828 -0.739403 0 0 0 0 
0.19297 -0.809365 0 0 0 0 
0.195955 -0.787479 0 0 0 0 
0.19894 -0.765593 0 0 0 0 
0.201925 -0.743707 0 0 0 0 
0.1796 -0.791783 0 0 0 0 
0.182584 -0.769897 0 0 0 0 
0.185569 -0.748011 0 0 0 0 
0.166229 -0.774201 0 0 0 0 
0.169214 -0.752315 0 0 0 0 
0.152858 -0.756618 0 0 0 0 
1 2 6
2 7 6
2 3 7
3 8 7
3 4 8
4 9 8
4 5 9
6 7 10
7 11 10
7 8 11
8 12 11
8 9 12
10 11 13
11 14 13
11 12 14
13 14 15
ZONE N=15, E=16, F=FEPOINT, ET=TRIANGLE
0.128942 -0.510681 0 0 0 0 
0.128346 -0.527461 0 0 0 0 
0.12775 -0.54424 0 0 0 0 
0.127155 -0.561019 0 0 0 0 
0.126559 -0.577799 0 0 0 0 
0.148479 -0.52836 0 0 0 0 
0.147884 -0.545139 0 0 0 0 
0.147288 -0.561918 0 0 0 0 
0.146692 -0.578698 0 0 0 0 
0.168017 -0.546038 0 0 0 0 
0.167421 -0.562817 0 0 0 0 
0.166825 -0.579596 0 0 0 0 
0.187554 -0.563716 0 0 0 0 
0.186958 -0.580495 0 0 0 0 
0.207092 -0.581394 0 0 0 0 
1 2 6
2 7 6
2 3 7
3 8 7
3 4 8
4 9 8
4 5 9
6 7 10
7 11 10
7 8 11
8 12 11
8 9 12
10 11 13
11 14 13
11 12 14
13 14 15
ZONE N=15, E=16, F=FEPOINT, ET=TRIANGLE
-0.0101005 -0.832367 0 0 0 0 
-0.00822519 -0.806088 0 0 0 0 
-0.00634986 -0.779809 0 0 0 0 
-0.00447453 -0.75353 0 0 0 0 
-0.0025992 -0.727251 0 0 0 0 
-0.0268867 -0.813213 0 0 0 0 
-0.0250113 -0.786934 0 0 0 0 
-0.023136 -0.760655 0 0 0 0 
-0.0212607 -0.734376 0 0 0 0 
-0.0436728 -0.794059 0 0 0 0 
-0.0417975 -0.76778 0 0 0 0 
-0.0399222 -0.741502 0 0 0 0 
-0.060459 -0.774906 0 0 0 0 
-0.0585837 -0.748627 0 0 0 0 
-0.0772452 -0.755752 0 0 0 0 
1 2 6
2 7 6
2 3 7
3 8 7
3 4 8
4 9 8
4 5 9
6 7 10
7 11 10
7 8 11
8 12 11
8 9 12
10 11 13
11 14 13
11 12 14
13 14 15
ZONE N=15, E=16, F=FEPOINT, ET=TRIANGLE
0.152858 -0.756618 0 0 0 0 
0.15259 -0.727474 0 0 0 0 
0.152321 -0.69833 0 0 0 0 
0.152052 -0.669185 0 0 0 0 
0.151784 -0.640041 0 0 0 0 
0.134462 -0.747467 0 0 0 0 
0.134193 -0.718322 0 0 0 0 
0.133924 -0.689178 0 0 0 0 
0.133655 -0.660034 0 0 0 0 
0.116065 -0.738315 0 0 0 0 
0.115796 -0.70917 0 0 0 0 
0.115527 -0.680026 0 0 0 0 
0.097668 -0.729163 0 0 0 0 
0.0973992 -0.700019 0 0 0 0 
0.0792712 -0.720011 0 0 0 0 
1 2 6
2 7 6
2 3 7
3 8 7
3 4 8
4 9 8
4 5 9
6 7 10
7 11 10
7 8 11
8 12 11
8 9 12
10 11 13
11 14 13
11 12 14
13 14 15
ZONE N=15, E=16, F=FEPOINT, ET=TRIANGLE
0.292759 -0.755769 0 0 0 0 
0.292881 -0.777929 0 0 0 0 
0.293002 -0.800089 0 0 0 0 
0.293124 -0.822249 0 0 0 0 
0.293245 -0.844409 0 0 0 0 
0.307388 -0.761177 0 0 0 0 
0.30751 -0.783337 0 0 0 0 
0.307631 -0.805497 0 0 0 0 
0.307753 -0.827657 0 0 0 0 
0.322017 -0.766585 0 0 0 0 
0.322139 -0.788745 0 0 0 0 
0.32226 -0.810906 0 0 0 0 
0.336646 -0.771994 0 0 0 0 
0.336768 -0.794154 0 0 0 0 
0.351275 -0.777402 0 0 0 0 
1 2 6
2 7 6
2 3 7
3 8 7
3 4 8
4 9 8
4 5 9
6 7 10
7 11 10
7 8 11
8 12 11
8 9 12
10 11 13
11 14 13
11 12 14
13 14 15
ZONE N=15, E=16, F=FEPOINT, ET=TRIANGLE
0.152858 -0.756618 0 0 0 0 
0.134462 -0.747467 0 0 0 0 
0.116065 -0.738315 0 0 0 0 
0.097668 -0.729163 0 0 0 0 
0.0792712 -0.720011 0 0 0 0 
0.125637 -0.764307 0 0 0 0 
0.10724 -0.755156 0 0 0 0 
0.0888434 -0.746004 0 0 0 0 
0.0704466 -0.736852 0 0 0 0 
0.0984157 -0.771997 0 0 0 0 
0.0800189 -0.762845 0 0 0 0 
0.0616221 -0.753693 0 0 0 0 
0.0711943 -0.779686 0 0 0 0 
0.0527975 -0.770534 0 0 0 0 
0.043973 -0.787375 0 0 0 0 
1 2 6
2 7 6
2 3 7
3 8 7
3 4 8
4 9 8
4 5 9
6 7 10
7 11 10
7 8 11
8 12 11
8 9 12
10 11 13
11 14 13
11 12 14
13 14 15
ZONE N=15, E=16, F=FEPOINT, ET=TRIANGLE
-0.0101005 -0.832367 0 0 0 0 
-0.0268867 -0.813213 0 0 0 0 
-0.0436728 -0.794059 0 0 0 0 
-0.060459 -0.774906 0 0 0 0 
-0.0772452 -0.755752 0 0 0 0 
-0.0276679 -0.833173 0 0 0 0 
-0.0444541 -0.81402 0 0 0 0 
-0.0612403 -0.794866 0 0 0 0 
-0.0780264 -0.775712 0 0 0 0 
-0.0452354 -0.83398 0 0 0 0 
-0.0620215 -0.814826 0 0 0 0 
-0.0788077 -0.795672 0 0 0 0 
-0.0628028 -0.834786 0 0 0 0 
-0.0795889 -0.815632 0 0 0 0 
-0.0803702 -0.835593 0 0 0 0 
1 2 6
2 7 6
2 3 7
3 8 7
3 4 8
4 9 8
4 5 9
6 7 10
7 11 10
7 8 11
8 12 11
8 9 12
10 11 13
11 14 13
11 12 14
13 14 15
ZONE N=15, E=16, F=FEPOINT, ET=TRIANGLE
0.21828 -0.739403 0 0 0 0 
0.215295 -0.761289 0 0 0 0 
0.21231 -0.783175 0 0 0 0 
0.209326 -0.805061 0 0 0 0 
0.206341 -0.826947 0 0 0 0 
0.2369 -0.743495 0 0 0 0 
0.233915 -0.765381 0 0 0 0 
0.23093 -0.787267 0 0 0 0 
0.227945 -0.809153 0 0 0 0 
0.255519 -0.747586 0 0 0 0 
0.252535 -0.769472 0 0 0 0 
0.24955 -0.791358 0 0 0 0 
0.274139 -0.751677 0 0 0 0 
0.271154 -0.773563 0 0 0 0 
0.292759 -0.755769 0 0 0 0 
1 2 6
2 7 6
2 3 7
3 8 7
3 4 8
4 9 8
4 5 9
6 7 10
7 11 10
7 8 11
8 12 11
8 9 12
10 11 13
11 14 13
11 12 14
13 14 15
ZONE N=15, E=16, F=FEPOINT, ET=TRIANGLE
0.0237211 -0.894046 0 0 0 0 
0.0152657 -0.878626 0 0 0 0 
0.00681028 -0.863206 0 0 0 0 
-0.00164512 -0.847787 0 0 0 0 
-0.0101005 -0.832367 0 0 0 0 
0.00853736 -0.904555 0 0 0 0 
8.19607e-05 -0.889135 0 0 0 0 
-0.00837344 -0.873715 0 0 0 0 
-0.0168288 -0.858295 0 0 0 0 
-0.00664636 -0.915064 0 0 0 0 
-0.0151018 -0.899644 0 0 0 0 
-0.0235572 -0.884224 0 0 0 0 
-0.0218301 -0.925572 0 0 0 0 
-0.0302855 -0.910152 0 0 0 0 
-0.0370138 -0.936081 0 0 0 0 
1 2 6
2 7 6
2 3 7
3 8 7
3 4 8
4 9 8
4 5 9
6 7 10
7 11 10
7 8 11
8 12 11
8 9 12
10 11 13
11 14 13
11 12 14
13 14 15
ZONE N=15, E=16, F=FEPOINT, ET=TRIANGLE
-0.0101005 -0.832367 0 0 0 0 
-0.0276679 -0.833173 0 0 0 0 
-0.0452354 -0.83398 0 0 0 0 
-0.0628028 -0.834786 0 0 0 0 
-0.0803702 -0.835593 0 0 0 0 
-0.0168288 -0.858295 0 0 0 0 
-0.0343963 -0.859102 0 0 0 0 
-0.0519637 -0.859908 0 0 0 0 
-0.0695311 -0.860715 0 0 0 0 
-0.0235572 -0.884224 0 0 0 0 
-0.0411246 -0.88503 0 0 0 0 
-0.058692 -0.885837 0 0 0 0 
-0.0302855 -0.910152 0 0 0 0 
-0.0478529 -0.910959 0 0 0 0 
-0.0370138 -0.936081 0 0 0 0 
1 2 6
2 7 6
2 3 7
3 8 7
3 4 8
4 9 8
4 5 9
6 7 10
7 11 10
7 8 11
8 12 11
8 9 12
10 11 13
11 14 13
11 12 14
13 14 15
ZONE N=15, E=16, F=FEPOINT, ET=TRIANGLE
0.218047 -0.501529 0 0 0 0 
0.223479 -0.483781 0 0 0 0 
0.228911 -0.466032 0 0 0 0 
0.234343 -0.448284 0 0 0 0 
0.239776 -0.430536 0 0 0 0 
0.205423 -0.48821 0 0 0 0 
0.210855 -0.470462 0 0 0 0 
0.216287 -0.452713 0 0 0 0 
0.22172 -0.434965 0 0 0 0 
0.192799 -0.474891 0 0 0 0 
0.198231 -0.457142 0 0 0 0 
0.203664 -0.439394 0 0 0 0 
0.180176 -0.461571 0 0 0 0 
0.185608 -0.443823 0 0 0 0 
0.167552 -0.448252 0 0 0 0 
1 2 6
2 7 6
2 3 7
3 8 7
3 4 8
4 9 8
4 5 9
6 7 10
7 11 10
7 8 11
8 12 11
8 9 12
10 11 13
11 14 13
11 12 14
13 14 15
ZONE N=15, E=16, F=FEPOINT, ET=TRIANGLE
0.0722043 -0.400394 0 0 0 0 
0.0960412 -0.412358 0 0 0 0 
0.119878 -0.424323 0 0 0 0 
0.143715 -0.436288 0 0 0 0 
0.167552 -0.448252 0 0 0 0 
0.0906738 -0.39481 0 0 0 0 
0.114511 -0.406775 0 0 0 0 
0.138348 -0.418739 0 0 0 0 
0.162184 -0.430704 0 0 0 0 
0.109143 -0.389226 0 0 0 0 
0.13298 -0.401191 0 0 0 0 
0.156817 -0.413155 0 0 0 0 
0.127613 -0.383642 0 0 0 0 
0.15145 -0.395607 0 0 0 0 
0.146082 -0.378059 0 0 0 0 
1 2 6
2 7 6
2 3 7
3 8 7
3 4 8
4 9 8
4 5 9
6 7 10
7 11 10
7 8 11
8 12 11
8 9 12
10 11 13
11 14 13
11 12 14
13 14 15
ZONE N=15, E=16, F=FEPOINT, ET=TRIANGLE
0.0601165 -0.568009 0 0 0 0 
0.0540018 -0.588594 0 0 0 0 
0.0478871 -0.609178 0 0 0 0 
0.0417724 -0.629763 0 0 0 0 
0.0356578 -0.650347 0 0 0 0 
0.0767271 -0.570457 0 0 0 0 
0.0706124 -0.591041 0 0 0 0 
0.0644977 -0.611626 0 0 0 0 
0.058383 -0.63221 0 0 0 0 
0.0933377 -0.572904 0 0 0 0 
0.087223 -0.593489 0 0 0 0 
0.0811083 -0.614073 0 0 0 0 
0.109948 -0.575351 0 0 0 0 
0.103834 -0.595936 0 0 0 0 
0.126559 -0.577799 0 0 0 0 
1 2 6
2 7 6
2 3 7
3 8 7
3 4 8
4 9 8
4 5 9
6 7 10
7 11 10
7 8 11
8 12 11
8 9 12
10 11 13
11 14 13
11 12 14
13 14 15
ZONE N=15, E=16, F=FEPOINT, ET=TRIANGLE
0.207092 -0.581394 0 0 0 0 
0.186958 -0.580495 0 0 0 0 
0.166825 -0.579596 0 0 0 0 
0.146692 -0.578698 0 0 0 0 
0.126559 -0.577799 0 0 0 0 
0.193265 -0.596056 0 0 0 0 
0.173131 -0.595157 0 0 0 0 
0.152998 -0.594258 0 0 0 0 
0.132865 -0.593359 0 0 0 0 
0.179438 -0.610718 0 0 0 0 
0.159304 -0.609819 0 0 0 0 
0.139171 -0.60892 0 0 0 0 
0.165611 -0.625379 0 0 0 0 
0.145477 -0.624481 0 0 0 0 
0.151784 -0.640041 0 0 0 0 
1 2 6
2 7 6
2 3 7
3 8 7
3 4 8
4 9 8
4 5 9
6 7 10
7 11 10
7 8 11
8 12 11
8 9 12
10 11 13
11 14 13
11 12 14
13 14 15
ZONE N=15, E=16, F=FEPOINT, ET=TRIANGLE
0.151784 -0.640041 0 0 0 0 
0.168408 -0.664882 0 0 0 0 
0.185032 -0.689722 0 0 0 0 
0.201656 -0.714563 0 0 0 0 
0.21828 -0.739403 0 0 0 0 
0.168993 -0.64242 0 0 0 0 
0.185617 -0.66726 0 0 0 0 
0.202241 -0.692101 0 0 0 0 
0.218865 -0.716941 0 0 0 0 
0.186202 -0.644799 0 0 0 0 
0.202826 -0.669639 0 0 0 0 
0.21945 -0.69448 0 0 0 0 
0.203411 -0.647177 0 0 0 0 
0.220035 -0.672018 0 0 0 0 
0.220621 -0.649556 0 0 0 0 
1 2 6
2 7 6
2 3 7
3 8 7
3 4 8
4 9 8
4 5 9
6 7 10
7 11 10
7 8 11
8 12 11
8 9 12
10 11 13
11 14 13
11 12 14
13 14 15
ZONE N=15, E=16, F=FEPOINT, ET=TRIANGLE
0.285334 -0.551443 0 0 0 0 
0.268512 -0.538964 0 0 0 0 
0.25169 -0.526486 0 0 0 0 
0.234868 -0.514007 0 0 0 0 
0.218047 -0.501529 0 0 0 0 
0.265773 -0.55893 0 0 0 0 
0.248952 -0.546452 0 0 0 0 
0.23213 -0.533974 0 0 0 0 
0.215308 -0.521495 0 0 0 0 
0.246213 -0.566418 0 0 0 0 
0.229391 -0.55394 0 0 0 0 
0.212569 -0.541461 0 0 0 0 
0.226652 -0.573906 0 0 0 0 
0.20983 -0.561428 0 0 0 0 
0.207092 -0.581394 0 0 0 0 
1 2 6
2 7 6
2 3 7
3 8 7
3 4 8
4 9 8
4 5 9
6 7 10
7 11 10
7 8 11
8 12 11
8 9 12
10 11 13
11 14 13
11 12 14
13 14 15
ZONE N=15, E=16, F=FEPOINT, ET=TRIANGLE
0.55557 -0.83147 0 0 0 0 
0.549042 -0.809639 0 0 0 0 
0.542513 -0.787809 0 0 0 0 
0.535984 -0.765978 0 0 0 0 
0.529456 -0.744148 0 0 0 0 
0.530898 -0.807676 0 0 0 0 
0.52437 -0.785846 0 0 0 0 
0.517841 -0.764015 0 0 0 0 
0.511313 -0.742185 0 0 0 0 
0.506226 -0.783883 0 0 0 0 
0.499698 -0.762053 0 0 0 0 
0.493169 -0.740222 0 0 0 0 
0.481555 -0.76009 0 0 0 0 
0.475026 -0.738259 0 0 0 0 
0.456883 -0.736296 0 0 0 0 
1 2 6
2 7 6
2 3 7
3 8 7
3 4 8
4 9 8
4 5 9
6 7 10
7 11 10
7 8 11
8 12 11
8 9 12
10 11 13
11 14 13
11 12 14
13 14 15
ZONE N=15, E=16, F=FEPOINT, ET=TRIANGLE
0.288461 -0.481228 0 0 0 0 
0.287679 -0.498781 0 0 0 0 
0.286897 -0.516335 0 0 0 0 
0.286116 -0.533889 0 0 0 0 
0.285334 -0.551443 0 0 0 0 
0.305036 -0.487059 0 0 0 0 
0.304254 -0.504613 0 0 0 0 
0.303473 -0.522166 0 0 0 0 
0.302691 -0.53972 0 0 0 0 
0.321611 -0.49289 0 0 0 0 
0.32083 -0.510444 0 0 0 0 
0.320048 -0.527997 0 0 0 0 
0.338187 -0.498721 0 0 0 0 
0.337405 -0.516275 0 0 0 0 
0.354762 -0.504552 0 0 0 0 
1 2 6
2 7 6
2 3 7
3 8 7
3 4 8
4 9 8
4 5 9
6 7 10
7 11 10
7 8 11
8 12 11
8 9 12
10 11 13
11 14 13
11 12 14
13 14 15
ZONE N=15, E=16, F=FEPOINT, ET=TRIANGLE
0.220621 -0.649556 0 0 0 0 
0.238214 -0.643561 0 0 0 0 
0.255808 -0.637566 0 0 0 0 
0.273402 -0.631571 0 0 0 0 
0.290996 -0.625575 0 0 0 0 
0.217238 -0.632516 0 0 0 0 
0.234832 -0.62652 0 0 0 0 
0.252426 -0.620525 0 0 0 0 
0.27002 -0.61453 0 0 0 0 
0.213856 -0.615475 0 0 0 0 
0.23145 -0.60948 0 0 0 0 
0.249044 -0.603485 0 0 0 0 
0.210474 -0.598435 0 0 0 0 
0.228068 -0.592439 0 0 0 0 
0.207092 -0.581394 0 0 0 0 
1 2 6
2 7 6
2 3 7
3 8 7
3 4 8
4 9 8
4 5 9
6 7 10
7 11 10
7 8 11
8 12 11
8 9 12
10 11 13
11 14 13
11 12 14
13 14 15
ZONE N=15, E=16, F=FEPOINT, ET=TRIANGLE
0.290996 -0.625575 0 0 0 0 
0.28958 -0.607042 0 0 0 0 
0.288165 -0.588509 0 0 0 0 
0.286749 -0.569976 0 0 0 0 
0.285334 -0.551443 0 0 0 0 
0.27002 -0.61453 0 0 0 0 
0.268604 -0.595997 0 0 0 0 
0.267189 -0.577464 0 0 0 0 
0.265773 -0.55893 0 0 0 0 
0.249044 -0.603485 0 0 0 0 
0.247628 -0.584952 0 0 0 0 
0.246213 -0.566418 0 0 0 0 
0.228068 -0.592439 0 0 0 0 
0.226652 -0.573906 0 0 0 0 
0.207092 -0.581394 0 0 0 0 
1 2 6
2 7 6
2 3 7
3 8 7
3 4 8
4 9 8
4 5 9
6 7 10
7 11 10
7 8 11
8 12 11
8 9 12
10 11 13
11 14 13
11 12 14
13 14 15
ZONE N=15, E=16, F=FEPOINT, ET=TRIANGLE
0.152858 -0.756618 0 0 0 0 
0.169214 -0.752315 0 0 0 0 
0.185569 -0.748011 0 0 0 0 
0.201925 -0.743707 0 0 0 0 
0.21828 -0.739403 0 0 0 0 
0.15259 -0.727474 0 0 0 0 
0.168945 -0.72317 0 0 0 0 
0.1853 -0.718866 0 0 0 0 
0.201656 -0.714563 0 0 0 0 
0.152321 -0.69833 0 0 0 0 
0.168676 -0.694026 0 0 0 0 
0.185032 -0.689722 0 0 0 0 
0.152052 -0.669185 0 0 0 0 
0.168408 -0.664882 0 0 0 0 
0.151784 -0.640041 0 0 0 0 
1 2 6
2 7 6
2 3 7
3 8 7
3 4 8
4 9 8
4 5 9
6 7 10
7 11 10
7 8 11
8 12 11
8 9 12
10 11 13
11 14 13
11 12 14
13 14 15
ZONE N=15, E=16, F=FEPOINT, ET=TRIANGLE
0.290996 -0.625575 0 0 0 0 
0.273402 -0.631571 0 0 0 0 
0.255808 -0.637566 0 0 0 0 
0.238214 -0.643561 0 0 0 0 
0.220621 -0.649556 0 0 0 0 
0.286041 -0.64349 0 0 0 0 
0.268447 -0.649485 0 0 0 0 
0.250853 -0.65548 0 0 0 0 
0.23326 -0.661475 0 0 0 0 
0.281086 -0.661405 0 0 0 0 
0.263492 -0.6674 0 0 0 0 
0.245899 -0.673395 0 0 0 0 
0.276131 -0.679319 0 0 0 0 
0.258538 -0.685314 0 0 0 0 
0.271177 -0.697234 0 0 0 0 
1 2 6
2 7 6
2 3 7
3 8 7
3 4 8
4 9 8
4 5 9
6 7 10
7 11 10
7 8 11
8 12 11
8 9 12
10 11 13
11 14 13
11 12 14
13 14 15
ZONE N=15, E=16, F=FEPOINT, ET=TRIANGLE
0.422795 -0.804935 0 0 0 0 
0.455989 -0.811569 0 0 0 0 
0.489183 -0.818202 0 0 0 0 
0.522376 -0.824836 0 0 0 0 
0.55557 -0.83147 0 0 0 0 
0.431317 -0.787775 0 0 0 0 
0.464511 -0.794409 0 0 0 0 
0.497705 -0.801043 0 0 0 0 
0.530898 -0.807676 0 0 0 0 
0.439839 -0.770616 0 0 0 0 
0.473033 -0.777249 0 0 0 0 
0.506226 -0.783883 0 0 0 0 
0.448361 -0.753456 0 0 0 0 
0.481555 -0.76009 0 0 0 0 
0.456883 -0.736296 0 0 0 0 
1 2 6
2 7 6
2 3 7
3 8 7
3 4 8
4 9 8
4 5 9
6 7 10
7 11 10
7 8 11
8 12 11
8 9 12
10 11 13
11 14 13
11 12 14
13 14 15
ZONE N=15, E=16, F=FEPOINT, ET=TRIANGLE
0.357348 -0.583225 0 0 0 0 
0.339345 -0.57528 0 0 0 0 
0.321341 -0.567334 0 0 0 0 
0.303338 -0.559388 0 0 0 0 
0.285334 -0.551443 0 0 0 0 
0.34076 -0.593813 0 0 0 0 
0.322757 -0.585867 0 0 0 0 
0.304753 -0.577921 0 0 0 0 
0.286749 -0.569976 0 0 0 0 
0.324172 -0.6044 0 0 0 0 
0.306168 -0.596455 0 0 0 0 
0.288165 -0.588509 0 0 0 0 
0.307584 -0.614988 0 0 0 0 
0.28958 -0.607042 0 0 0 0 
0.290996 -0.625575 0 0 0 0 
1 2 6
2 7 6
2 3 7
3 8 7
3 4 8
4 9 8
4 5 9
6 7 10
7 11 10
7 8 11
8 12 11
8 9 12
10 11 13
11 14 13
11 12 14
13 14 15
ZONE N=15, E=16, F=FEPOINT, ET=TRIANGLE
0.354762 -0.504552 0 0 0 0 
0.352226 -0.486799 0 0 0 0 
0.349691 -0.469046 0 0 0 0 
0.347155 -0.451294 0 0 0 0 
0.344619 -0.433541 0 0 0 0 
0.338187 -0.498721 0 0 0 0 
0.335651 -0.480968 0 0 0 0 
0.333115 -0.463215 0 0 0 0 
0.330579 -0.445463 0 0 0 0 
0.321611 -0.49289 0 0 0 0 
0.319076 -0.475137 0 0 0 0 
0.31654 -0.457384 0 0 0 0 
0.305036 -0.487059 0 0 0 0 
0.3025 -0.469306 0 0 0 0 
0.288461 -0.481228 0 0 0 0 
1 2 6
2 7 6
2 3 7
3 8 7
3 4 8
4 9 8
4 5 9
6 7 10
7 11 10
7 8 11
8 12 11
8 9 12
10 11 13
11 14 13
11 12 14
13 14 15
ZONE N=15, E=16, F=FEPOINT, ET=TRIANGLE
0.239776 -0.430536 0 0 0 0 
0.234343 -0.448284 0 0 0 0 
0.228911 -0.466032 0 0 0 0 
0.223479 -0.483781 0 0 0 0 
0.218047 -0.501529 0 0 0 0 
0.251947 -0.443209 0 0 0 0 
0.246515 -0.460957 0 0 0 0 
0.241082 -0.478705 0 0 0 0 
0.23565 -0.496454 0 0 0 0 
0.264118 -0.455882 0 0 0 0 
0.258686 -0.47363 0 0 0 0 
0.253254 -0.491378 0 0 0 0 
0.276289 -0.468555 0 0 0 0 
0.270857 -0.486303 0 0 0 0 
0.288461 -0.481228 0 0 0 0 
1 2 6
2 7 6
2 3 7
3 8 7
3 4 8
4 9 8
4 5 9
6 7 10
7 11 10
7 8 11
8 12 11
8 9 12
10 11 13
11 14 13
11 12 14
13 14 15
ZONE N=15, E=16, F=FEPOINT, ET=TRIANGLE
0.431358 -0.620681 0 0 0 0 
0.414175 -0.631673 0 0 0 0 
0.396991 -0.642664 0 0 0 0 
0.379808 -0.653655 0 0 0 0 
0.362625 -0.664646 0 0 0 0 
0.421391 -0.646636 0 0 0 0 
0.404207 -0.657627 0 0 0 0 
0.387024 -0.668619 0 0 0 0 
0.36984 -0.67961 0 0 0 0 
0.411423 -0.672591 0 0 0 0 
0.39424 -0.683582 0 0 0 0 
0.377056 -0.694574 0 0 0 0 
0.401455 -0.698546 0 0 0 0 
0.384272 -0.709537 0 0 0 0 
0.391488 -0.724501 0 0 0 0 
1 2 6
2 7 6
2 3 7
3 8 7
3 4 8
4 9 8
4 5 9
6 7 10
7 11 10
7 8 11
8 12 11
8 9 12
10 11 13
11 14 13
11 12 14
13 14 15
ZONE N=15, E=16, F=FEPOINT, ET=TRIANGLE
0.424542 -0.541637 0 0 0 0 
0.426246 -0.561398 0 0 0 0 
0.42795 -0.581159 0 0 0 0 
0.429654 -0.60092 0 0 0 0 
0.431358 -0.620681 0 0 0 0 
0.444159 -0.55286 0 0 0 0 
0.445863 -0.572621 0 0 0 0 
0.447567 -0.592382 0 0 0 0 
0.449271 -0.612143 0 0 0 0 
0.463776 -0.564083 0 0 0 0 
0.465481 -0.583844 0 0 0 0 
0.467185 -0.603605 0 0 0 0 
0.483394 -0.575306 0 0 0 0 
0.485098 -0.595067 0 0 0 0 
0.503011 -0.586529 0 0 0 0 
1 2 6
2 7 6
2 3 7
3 8 7
3 4 8
4 9 8
4 5 9
6 7 10
7 11 10
7 8 11
8 12 11
8 9 12
10 11 13
11 14 13
11 12 14
13 14 15
ZONE N=15, E=16, F=FEPOINT, ET=TRIANGLE
0.362625 -0.664646 0 0 0 0 
0.344717 -0.654879 0 0 0 0 
0.32681 -0.645111 0 0 0 0 
0.308903 -0.635343 0 0 0 0 
0.290996 -0.625575 0 0 0 0 
0.339763 -0.672793 0 0 0 0 
0.321855 -0.663025 0 0 0 0 
0.303948 -0.653258 0 0 0 0 
0.286041 -0.64349 0 0 0 0 
0.316901 -0.68094 0 0 0 0 
0.298993 -0.671172 0 0 0 0 
0.281086 -0.661405 0 0 0 0 
0.294039 -0.689087 0 0 0 0 
0.276131 -0.679319 0 0 0 0 
0.271177 -0.697234 0 0 0 0 
1 2 6
2 7 6
2 3 7
3 8 7
3 4 8
4 9 8
4 5 9
6 7 10
7 11 10
7 8 11
8 12 11
8 9 12
10 11 13
11 14 13
11 12 14
13 14 15
ZONE N=15, E=16, F=FEPOINT, ET=TRIANGLE
0.362625 -0.664646 0 0 0 0 
0.379808 -0.653655 0 0 0 0 
0.396991 -0.642664 0 0 0 0 
0.414175 -0.631673 0 0 0 0 
0.431358 -0.620681 0 0 0 0 
0.361305 -0.644291 0 0 0 0 
0.378489 -0.6333 0 0 0 0 
0.395672 -0.622309 0 0 0 0 
0.412856 -0.611317 0 0 0 0 
0.359986 -0.623936 0 0 0 0 
0.37717 -0.612945 0 0 0 0 
0.394353 -0.601953 0 0 0 0 
0.358667 -0.603581 0 0 0 0 
0.375851 -0.592589 0 0 0 0 
0.357348 -0.583225 0 0 0 0 
1 2 6
2 7 6
2 3 7
3 8 7
3 4 8
4 9 8
4 5 9
6 7 10
7 11 10
7 8 11
8 12 11
8 9 12
10 11 13
11 14 13
11 12 14
13 14 15
ZONE N=15, E=16, F=FEPOINT, ET=TRIANGLE
0.424542 -0.541637 0 0 0 0 
0.407097 -0.532366 0 0 0 0 
0.389652 -0.523095 0 0 0 0 
0.372207 -0.513823 0 0 0 0 
0.354762 -0.504552 0 0 0 0 
0.407743 -0.552034 0 0 0 0 
0.390298 -0.542763 0 0 0 0 
0.372853 -0.533492 0 0 0 0 
0.355409 -0.52422 0 0 0 0 
0.390945 -0.562431 0 0 0 0 
0.3735 -0.55316 0 0 0 0 
0.356055 -0.543889 0 0 0 0 
0.374147 -0.572828 0 0 0 0 
0.356702 -0.563557 0 0 0 0 
0.357348 -0.583225 0 0 0 0 
1 2 6
2 7 6
2 3 7
3 8 7
3 4 8
4 9 8
4 5 9
6 7 10
7 11 10
7 8 11
8 12 11
8 9 12
10 11 13
11 14 13
11 12 14
13 14 15
ZONE N=15, E=16, F=FEPOINT, ET=TRIANGLE
0.357348 -0.583225 0 0 0 0 
0.34076 -0.593813 0 0 0 0 
0.324172 -0.6044 0 0 0 0 
0.307584 -0.614988 0 0 0 0 
0.290996 -0.625575 0 0 0 0 
0.358667 -0.603581 0 0 0 0 
0.342079 -0.614168 0 0 0 0 
0.325491 -0.624756 0 0 0 0 
0.308903 -0.635343 0 0 0 0 
0.359986 -0.623936 0 0 0 0 
0.343398 -0.634523 0 0 0 0 
0.32681 -0.645111 0 0 0 0 
0.361305 -0.644291 0 0 0 0 
0.344717 -0.654879 0 0 0 0 
0.362625 -0.664646 0 0 0 0 
1 2 6
2 7 6
2 3 7
3 8 7
3 4 8
4 9 8
4 5 9
6 7 10
7 11 10
7 8 11
8 12 11
8 9 12
10 11 13
11 14 13
11 12 14
13 14 15
ZONE N=15, E=16, F=FEPOINT, ET=TRIANGLE
0.495801 -0.507482 0 0 0 0 
0.492042 -0.473873 0 0 0 0 
0.488282 -0.440264 0 0 0 0 
0.484523 -0.406656 0 0 0 0 
0.480763 -0.373047 0 0 0 0 
0.480343 -0.498085 0 0 0 0 
0.476584 -0.464476 0 0 0 0 
0.472824 -0.430867 0 0 0 0 
0.469064 -0.397258 0 0 0 0 
0.464885 -0.488687 0 0 0 0 
0.461126 -0.455079 0 0 0 0 
0.457366 -0.42147 0 0 0 0 
0.449427 -0.47929 0 0 0 0 
0.445668 -0.445681 0 0 0 0 
0.433969 -0.469893 0 0 0 0 
1 2 6
2 7 6
2 3 7
3 8 7
3 4 8
4 9 8
4 5 9
6 7 10
7 11 10
7 8 11
8 12 11
8 9 12
10 11 13
11 14 13
11 12 14
13 14 15
ZONE N=15, E=16, F=FEPOINT, ET=TRIANGLE
0.344619 -0.433541 0 0 0 0 
0.366957 -0.442629 0 0 0 0 
0.389294 -0.451717 0 0 0 0 
0.411632 -0.460805 0 0 0 0 
0.433969 -0.469893 0 0 0 0 
0.361647 -0.425335 0 0 0 0 
0.383985 -0.434423 0 0 0 0 
0.406322 -0.443511 0 0 0 0 
0.42866 -0.452599 0 0 0 0 
0.378676 -0.41713 0 0 0 0 
0.401013 -0.426218 0 0 0 0 
0.423351 -0.435306 0 0 0 0 
0.395704 -0.408924 0 0 0 0 
0.418042 -0.418012 0 0 0 0 
0.412732 -0.400718 0 0 0 0 
1 2 6
2 7 6
2 3 7
3 8 7
3 4 8
4 9 8
4 5 9
6 7 10
7 11 10
7 8 11
8 12 11
8 9 12
10 11 13
11 14 13
11 12 14
13 14 15
ZONE N=15, E=16, F=FEPOINT, ET=TRIANGLE
0.634393 -0.77301 0 0 0 0 
0.652572 -0.756535 0 0 0 0 
0.67075 -0.740059 0 0 0 0 
0.688928 -0.723583 0 0 0 0 
0.707107 -0.707107 0 0 0 0 
0.62356 -0.74918 0 0 0 0 
0.641738 -0.732704 0 0 0 0 
0.659917 -0.716228 0 0 0 0 
0.678095 -0.699752 0 0 0 0 
0.612726 -0.725349 0 0 0 0 
0.630905 -0.708873 0 0 0 0 
0.649083 -0.692397 0 0 0 0 
0.601893 -0.701518 0 0 0 0 
0.620071 -0.685043 0 0 0 0 
0.591059 -0.677688 0 0 0 0 
1 2 6
2 7 6
2 3 7
3 8 7
3 4 8
4 9 8
4 5 9
6 7 10
7 11 10
7 8 11
8 12 11
8 9 12
10 11 13
11 14 13
11 12 14
13 14 15
ZONE N=15, E=16, F=FEPOINT, ET=TRIANGLE
0.591059 -0.677688 0 0 0 0 
0.568597 -0.674737 0 0 0 0 
0.546135 -0.671786 0 0 0 0 
0.523674 -0.668836 0 0 0 0 
0.501212 -0.665885 0 0 0 0 
0.575658 -0.694303 0 0 0 0 
0.553197 -0.691352 0 0 0 0 
0.530735 -0.688401 0 0 0 0 
0.508273 -0.685451 0 0 0 0 
0.560258 -0.710918 0 0 0 0 
0.537796 -0.707967 0 0 0 0 
0.515334 -0.705016 0 0 0 0 
0.544857 -0.727533 0 0 0 0 
0.522395 -0.724582 0 0 0 0 
0.529456 -0.744148 0 0 0 0 
1 2 6
2 7 6
2 3 7
3 8 7
3 4 8
4 9 8
4 5 9
6 7 10
7 11 10
7 8 11
8 12 11
8 9 12
10 11 13
11 14 13
11 12 14
13 14 15
ZONE N=15, E=16, F=FEPOINT, ET=TRIANGLE
0.186719 0.209247 0 0 0 0 
0.196926 0.183785 0 0 0 0 
0.207132 0.158324 0 0 0 0 
0.217339 0.132863 0 0 0 0 
0.227546 0.107402 0 0 0 0 
0.206217 0.211391 0 0 0 0 
0.216424 0.18593 0 0 0 0 
0.22663 0.160469 0 0 0 0 
0.236837 0.135007 0 0 0 0 
0.225715 0.213536 0 0 0 0 
0.235922 0.188074 0 0 0 0 
0.246129 0.162613 0 0 0 0 
0.245213 0.21568 0 0 0 0 
0.25542 0.190219 0 0 0 0 
0.264711 0.217824 0 0 0 0 
1 2 6
2 7 6
2 3 7
3 8 7
3 4 8
4 9 8
4 5 9
6 7 10
7 11 10
7 8 11
8 12 11
8 9 12
10 11 13
11 14 13
11 12 14
13 14 15
ZONE N=15, E=16, F=FEPOINT, ET=TRIANGLE
0.326475 0.169435 0 0 0 0 
0.329323 0.191523 0 0 0 0 
0.332171 0.21361 0 0 0 0 
0.335018 0.235698 0 0 0 0 
0.337866 0.257786 0 0 0 0 
0.311034 0.181532 0 0 0 0 
0.313882 0.20362 0 0 0 0 
0.316729 0.225708 0 0 0 0 
0.319577 0.247795 0 0 0 0 
0.295593 0.19363 0 0 0 0 
0.298441 0.215717 0 0 0 0 
0.301288 0.237805 0 0 0 0 
0.280152 0.205727 0 0 0 0 
0.283 0.227815 0 0 0 0 
0.264711 0.217824 0 0 0 0 
1 2 6
2 7 6
2 3 7
3 8 7
3 4 8
4 9 8
4 5 9
6 7 10
7 11 10
7 8 11
8 12 11
8 9 12
10 11 13
11 14 13
11 12 14
13 14 15
ZONE N=15, E=16, F=FEPOINT, ET=TRIANGLE
0.457293 0.365918 0 0 0 0 
0.472407 0.357709 0 0 0 0 
0.487521 0.349499 0 0 0 0 
0.502636 0.341289 0 0 0 0 
0.51775 0.333079 0 0 0 0 
0.471679 0.374893 0 0 0 0 
0.486794 0.366683 0 0 0 0 
0.501908 0.358474 0 0 0 0 
0.517022 0.350264 0 0 0 0 
0.486066 0.383868 0 0 0 0 
0.50118 0.375658 0 0 0 0 
0.516294 0.367448 0 0 0 0 
0.500452 0.392842 0 0 0 0 
0.515566 0.384633 0 0 0 0 
0.514838 0.401817 0 0 0 0 
1 2 6
2 7 6
2 3 7
3 8 7
3 4 8
4 9 8
4 5 9
6 7 10
7 11 10
7 8 11
8 12 11
8 9 12
10 11 13
11 14 13
11 12 14
13 14 15
ZONE N=15, E=16, F=FEPOINT, ET=TRIANGLE
0.633216 0.30498 0 0 0 0 
0.630019 0.321699 0 0 0 0 
0.626821 0.338419 0 0 0 0 
0.623623 0.355139 0 0 0 0 
0.620425 0.371859 0 0 0 0 
0.618218 0.296928 0 0 0 0 
0.61502 0.313648 0 0 0 0 
0.611822 0.330368 0 0 0 0 
0.608624 0.347088 0 0 0 0 
0.603219 0.288876 0 0 0 0 
0.600022 0.305596 0 0 0 0 
0.596824 0.322316 0 0 0 0 
0.588221 0.280825 0 0 0 0 
0.585023 0.297545 0 0 0 0 
0.573223 0.272773 0 0 0 0 
1 2 6
2 7 6
2 3 7
3 8 7
3 4 8
4 9 8
4 5 9
6 7 10
7 11 10
7 8 11
8 12 11
8 9 12
10 11 13
11 14 13
11 12 14
13 14 15
ZONE N=15, E=16, F=FEPOINT, ET=TRIANGLE
0.481747 0.184098 0 0 0 0 
0.510399 0.17477 0 0 0 0 
0.539052 0.165443 0 0 0 0 
0.567704 0.156115 0 0 0 0 
0.596357 0.146787 0 0 0 0 
0.488252 0.200268 0 0 0 0 
0.516904 0.19094 0 0 0 0 
0.545557 0.181612 0 0 0 0 
0.574209 0.172284 0 0 0 0 
0.494757 0.216437 0 0 0 0 
0.52341 0.207109 0 0 0 0 
0.552062 0.197781 0 0 0 0 
0.501262 0.232607 0 0 0 0 
0.529915 0.223279 0 0 0 0 
0.507767 0.248776 0 0 0 0 
1 2 6
2 7 6
2 3 7
3 8 7
3 4 8
4 9 8
4 5 9
6 7 10
7 11 10
7 8 11
8 12 11
8 9 12
10 11 13
11 14 13
11 12 14
13 14 15
ZONE N=15, E=16, F=FEPOINT, ET=TRIANGLE
0.573223 0.272773 0 0 0 0 
0.559354 0.28785 0 0 0 0 
0.545486 0.302926 0 0 0 0 
0.531618 0.318003 0 0 0 0 
0.51775 0.333079 0 0 0 0 
0.556859 0.266774 0 0 0 0 
0.54299 0.281851 0 0 0 0 
0.529122 0.296927 0 0 0 0 
0.515254 0.312004 0 0 0 0 
0.540495 0.260775 0 0 0 0 
0.526627 0.275851 0 0 0 0 
0.512758 0.290928 0 0 0 0 
0.524131 0.254775 0 0 0 0 
0.510263 0.269852 0 0 0 0 
0.507767 0.248776 0 0 0 0 
1 2 6
2 7 6
2 3 7
3 8 7
3 4 8
4 9 8
4 5 9
6 7 10
7 11 10
7 8 11
8 12 11
8 9 12
10 11 13
11 14 13
11 12 14
13 14 15
ZONE N=15, E=16, F=FEPOINT, ET=TRIANGLE
0.744132 -0.357669 0 0 0 0 
0.772106 -0.345588 0 0 0 0 
0.80008 -0.333506 0 0 0 0 
0.828055 -0.321425 0 0 0 0 
0.856029 -0.309343 0 0 0 0 
0.7512 -0.337473 0 0 0 0 
0.779174 -0.325391 0 0 0 0 
0.807148 -0.313309 0 0 0 0 
0.835123 -0.301228 0 0 0 0 
0.758267 -0.317276 0 0 0 0 
0.786242 -0.305194 0 0 0 0 
0.814216 -0.293113 0 0 0 0 
0.765335 -0.297079 0 0 0 0 
0.79331 -0.284998 0 0 0 0 
0.772403 -0.276883 0 0 0 0 
1 2 6
2 7 6
2 3 7
3 8 7
3 4 8
4 9 8
4 5 9
6 7 10
7 11 10
7 8 11
8 12 11
8 9 12
10 11 13
11 14 13
11 12 14
13 14 15
ZONE N=15, E=16, F=FEPOINT, ET=TRIANGLE
0.843385 -0.146018 0 0 0 0 
0.812776 -0.137655 0 0 0 0 
0.782167 -0.129291 0 0 0 0 
0.751559 -0.120928 0 0 0 0 
0.72095 -0.112564 0 0 0 0 
0.832194 -0.161119 0 0 0 0 
0.801585 -0.152755 0 0 0 0 
0.770976 -0.144392 0 0 0 0 
0.740368 -0.136028 0 0 0 0 
0.821003 -0.17622 0 0 0 0 
0.790394 -0.167856 0 0 0 0 
0.759785 -0.159492 0 0 0 0 
0.809812 -0.19132 0 0 0 0 
0.779203 -0.182957 0 0 0 0 
0.798621 -0.206421 0 0 0 0 
1 2 6
2 7 6
2 3 7
3 8 7
3 4 8
4 9 8
4 5 9
6 7 10
7 11 10
7 8 11
8 12 11
8 9 12
10 11 13
11 14 13
11 12 14
13 14 15
ZONE N=15, E=16, F=FEPOINT, ET=TRIANGLE
0.916468 -0.132569 0 0 0 0 
0.932547 -0.148199 0 0 0 0 
0.948626 -0.163829 0 0 0 0 
0.964706 -0.17946 0 0 0 0 
0.980785 -0.19509 0 0 0 0 
0.936147 -0.123931 0 0 0 0 
0.952226 -0.139561 0 0 0 0 
0.968306 -0.155192 0 0 0 0 
0.984385 -0.170822 0 0 0 0 
0.955826 -0.115293 0 0 0 0 
0.971906 -0.130923 0 0 0 0 
0.987985 -0.146554 0 0 0 0 
0.975505 -0.106655 0 0 0 0 
0.991585 -0.122285 0 0 0 0 
0.995185 -0.0980171 0 0 0 0 
1 2 6
2 7 6
2 3 7
3 8 7
3 4 8
4 9 8
4 5 9
6 7 10
7 11 10
7 8 11
8 12 11
8 9 12
10 11 13
11 14 13
11 12 14
13 14 15
ZONE N=15, E=16, F=FEPOINT, ET=TRIANGLE
0.882388 -0.221712 0 0 0 0 
0.861446 -0.217889 0 0 0 0 
0.840505 -0.214066 0 0 0 0 
0.819563 -0.210244 0 0 0 0 
0.798621 -0.206421 0 0 0 0 
0.875798 -0.24362 0 0 0 0 
0.854857 -0.239797 0 0 0 0 
0.833915 -0.235974 0 0 0 0 
0.812973 -0.232151 0 0 0 0 
0.869209 -0.265528 0 0 0 0 
0.848267 -0.261705 0 0 0 0 
0.827325 -0.257882 0 0 0 0 
0.862619 -0.287435 0 0 0 0 
0.841677 -0.283612 0 0 0 0 
0.856029 -0.309343 0 0 0 0 
1 2 6
2 7 6
2 3 7
3 8 7
3 4 8
4 9 8
4 5 9
6 7 10
7 11 10
7 8 11
8 12 11
8 9 12
10 11 13
11 14 13
11 12 14
13 14 15
ZONE N=15, E=16, F=FEPOINT, ET=TRIANGLE
0.798621 -0.206421 0 0 0 0 
0.780196 -0.20271 0 0 0 0 
0.76177 -0.198998 0 0 0 0 
0.743345 -0.195287 0 0 0 0 
0.72492 -0.191576 0 0 0 0 
0.792066 -0.224036 0 0 0 0 
0.773641 -0.220325 0 0 0 0 
0.755216 -0.216614 0 0 0 0 
0.736791 -0.212903 0 0 0 0 
0.785512 -0.241652 0 0 0 0 
0.767087 -0.23794 0 0 0 0 
0.748662 -0.234229 0 0 0 0 
0.778958 -0.259267 0 0 0 0 
0.760532 -0.255556 0 0 0 0 
0.772403 -0.276883 0 0 0 0 
1 2 6
2 7 6
2 3 7
3 8 7
3 4 8
4 9 8
4 5 9
6 7 10
7 11 10
7 8 11
8 12 11
8 9 12
10 11 13
11 14 13
11 12 14
13 14 15
ZONE N=15, E=16, F=FEPOINT, ET=TRIANGLE
0.92388 -0.382683 0 0 0 0 
0.932145 -0.359584 0 0 0 0 
0.94041 -0.336484 0 0 0 0 
0.948675 -0.313384 0 0 0 0 
0.95694 -0.290285 0 0 0 0 
0.906917 -0.364348 0 0 0 0 
0.915182 -0.341249 0 0 0 0 
0.923447 -0.318149 0 0 0 0 
0.931712 -0.295049 0 0 0 0 
0.889954 -0.346013 0 0 0 0 
0.898219 -0.322914 0 0 0 0 
0.906485 -0.299814 0 0 0 0 
0.872992 -0.327678 0 0 0 0 
0.881257 -0.304578 0 0 0 0 
0.856029 -0.309343 0 0 0 0 
1 2 6
2 7 6
2 3 7
3 8 7
3 4 8
4 9 8
4 5 9
6 7 10
7 11 10
7 8 11
8 12 11
8 9 12
10 11 13
11 14 13
11 12 14
13 14 15
ZONE N=15, E=16, F=FEPOINT, ET=TRIANGLE
0.772403 -0.276883 0 0 0 0 
0.748882 -0.2834 0 0 0 0 
0.72536 -0.289917 0 0 0 0 
0.701838 -0.296434 0 0 0 0 
0.678316 -0.302951 0 0 0 0 
0.765335 -0.297079 0 0 0 0 
0.741814 -0.303596 0 0 0 0 
0.718292 -0.310113 0 0 0 0 
0.69477 -0.31663 0 0 0 0 
0.758267 -0.317276 0 0 0 0 
0.734746 -0.323793 0 0 0 0 
0.711224 -0.33031 0 0 0 0 
0.7512 -0.337473 0 0 0 0 
0.727678 -0.34399 0 0 0 0 
0.744132 -0.357669 0 0 0 0 
1 2 6
2 7 6
2 3 7
3 8 7
3 4 8
4 9 8
4 5 9
6 7 10
7 11 10
7 8 11
8 12 11
8 9 12
10 11 13
11 14 13
11 12 14
13 14 15
ZONE N=15, E=16, F=FEPOINT, ET=TRIANGLE
0.882388 -0.221712 0 0 0 0 
0.901026 -0.238855 0 0 0 0 
0.919664 -0.255998 0 0 0 0 
0.938302 -0.273142 0 0 0 0 
0.95694 -0.290285 0 0 0 0 
0.906988 -0.215057 0 0 0 0 
0.925626 -0.2322 0 0 0 0 
0.944264 -0.249343 0 0 0 0 
0.962902 -0.266486 0 0 0 0 
0.931587 -0.208401 0 0 0 0 
0.950225 -0.225544 0 0 0 0 
0.968863 -0.242687 0 0 0 0 
0.956186 -0.201746 0 0 0 0 
0.974824 -0.218889 0 0 0 0 
0.980785 -0.19509 0 0 0 0 
1 2 6
2 7 6
2 3 7
3 8 7
3 4 8
4 9 8
4 5 9
6 7 10
7 11 10
7 8 11
8 12 11
8 9 12
10 11 13
11 14 13
11 12 14
13 14 15
ZONE N=15, E=16, F=FEPOINT, ET=TRIANGLE
0.95694 -0.290285 0 0 0 0 
0.938302 -0.273142 0 0 0 0 
0.919664 -0.255998 0 0 0 0 
0.901026 -0.238855 0 0 0 0 
0.882388 -0.221712 0 0 0 0 
0.931712 -0.295049 0 0 0 0 
0.913074 -0.277906 0 0 0 0 
0.894436 -0.260763 0 0 0 0 
0.875798 -0.24362 0 0 0 0 
0.906485 -0.299814 0 0 0 0 
0.887847 -0.282671 0 0 0 0 
0.869209 -0.265528 0 0 0 0 
0.881257 -0.304578 0 0 0 0 
0.862619 -0.287435 0 0 0 0 
0.856029 -0.309343 0 0 0 0 
1 2 6
2 7 6
2 3 7
3 8 7
3 4 8
4 9 8
4 5 9
6 7 10
7 11 10
7 8 11
8 12 11
8 9 12
10 11 13
11 14 13
11 12 14
13 14 15
ZONE N=15, E=16, F=FEPOINT, ET=TRIANGLE
0.896307 -0.0469494 0 0 0 0 
0.883077 -0.0717167 0 0 0 0 
0.869846 -0.0964839 0 0 0 0 
0.856615 -0.121251 0 0 0 0 
0.843385 -0.146018 0 0 0 0 
0.901347 -0.0683542 0 0 0 0 
0.888117 -0.0931215 0 0 0 0 
0.874886 -0.117889 0 0 0 0 
0.861655 -0.142656 0 0 0 0 
0.906387 -0.089759 0 0 0 0 
0.893157 -0.114526 0 0 0 0 
0.879926 -0.139294 0 0 0 0 
0.911428 -0.111164 0 0 0 0 
0.898197 -0.135931 0 0 0 0 
0.916468 -0.132569 0 0 0 0 
1 2 6
2 7 6
2 3 7
3 8 7
3 4 8
4 9 8
4 5 9
6 7 10
7 11 10
7 8 11
8 12 11
8 9 12
10 11 13
11 14 13
11 12 14
13 14 15
ZONE N=15, E=16, F=FEPOINT, ET=TRIANGLE
0.856272 0.169455 0 0 0 0 
0.849072 0.151213 0 0 0 0 
0.841871 0.13297 0 0 0 0 
0.834671 0.114728 0 0 0 0 
0.82747 0.0964855 0 0 0 0 
0.868275 0.154175 0 0 0 0 
0.861075 0.135933 0 0 0 0 
0.853874 0.11769 0 0 0 0 
0.846674 0.0994478 0 0 0 0 
0.880279 0.138895 0 0 0 0 
0.873078 0.120652 0 0 0 0 
0.865877 0.10241 0 0 0 0 
0.892282 0.123615 0 0 0 0 
0.885081 0.105372 0 0 0 0 
0.904285 0.108335 0 0 0 0 
1 2 6
2 7 6
2 3 7
3 8 7
3 4 8
4 9 8
4 5 9
6 7 10
7 11 10
7 8 11
8 12 11
8 9 12
10 11 13
11 14 13
11 12 14
13 14 15
ZONE N=15, E=16, F=FEPOINT, ET=TRIANGLE
-0.55557 0.83147 0 0 0 0 
-0.554941 0.805202 0 0 0 0 
-0.554311 0.778934 0 0 0 0 
-0.553681 0.752667 0 0 0 0 
-0.553052 0.726399 0 0 0 0 
-0.53503 0.822676 0 0 0 0 
-0.5344 0.796408 0 0 0 0 
-0.53377 0.77014 0 0 0 0 
-0.533141 0.743873 0 0 0 0 
-0.514489 0.813881 0 0 0 0 
-0.513859 0.787614 0 0 0 0 
-0.51323 0.761346 0 0 0 0 
-0.493948 0.805087 0 0 0 0 
-0.493319 0.77882 0 0 0 0 
-0.473408 0.796293 0 0 0 0 
1 2 6
2 7 6
2 3 7
3 8 7
3 4 8
4 9 8
4 5 9
6 7 10
7 11 10
7 8 11
8 12 11
8 9 12
10 11 13
11 14 13
11 12 14
13 14 15
ZONE N=15, E=16, F=FEPOINT, ET=TRIANGLE
-0.663291 0.599881 0 0 0 0 
-0.647527 0.582526 0 0 0 0 
-0.631764 0.56517 0 0 0 0 
-0.616001 0.547814 0 0 0 0 
-0.600237 0.530459 0 0 0 0 
-0.645623 0.603434 0 0 0 0 
-0.629859 0.586078 0 0 0 0 
-0.614096 0.568722 0 0 0 0 
-0.598333 0.551367 0 0 0 0 
-0.627955 0.606986 0 0 0 0 
-0.612192 0.589631 0 0 0 0 
-0.596428 0.572275 0 0 0 0 
-0.610287 0.610539 0 0 0 0 
-0.594524 0.593183 0 0 0 0 
-0.592619 0.614091 0 0 0 0 
1 2 6
2 7 6
2 3 7
3 8 7
3 4 8
4 9 8
4 5 9
6 7 10
7 11 10
7 8 11
8 12 11
8 9 12
10 11 13
11 14 13
11 12 14
13 14 15
ZONE N=15, E=16, F=FEPOINT, ET=TRIANGLE
-0.534684 0.571197 0 0 0 0 
-0.530735 0.591673 0 0 0 0 
-0.526787 0.612149 0 0 0 0 
-0.522839 0.632625 0 0 0 0 
-0.518891 0.653101 0 0 0 0 
-0.549168 0.581921 0 0 0 0 
-0.545219 0.602397 0 0 0 0 
-0.541271 0.622873 0 0 0 0 
-0.537323 0.643349 0 0 0 0 
-0.563651 0.592644 0 0 0 0 
-0.559703 0.61312 0 0 0 0 
-0.555755 0.633596 0 0 0 0 
-0.578135 0.603368 0 0 0 0 
-0.574187 0.623844 0 0 0 0 
-0.592619 0.614091 0 0 0 0 
1 2 6
2 7 6
2 3 7
3 8 7
3 4 8
4 9 8
4 5 9
6 7 10
7 11 10
7 8 11
8 12 11
8 9 12
10 11 13
11 14 13
11 12 14
13 14 15
ZONE N=15, E=16, F=FEPOINT, ET=TRIANGLE
-0.534684 0.571197 0 0 0 0 
-0.518771 0.578747 0 0 0 0 
-0.502858 0.586298 0 0 0 0 
-0.486945 0.593848 0 0 0 0 
-0.471033 0.601398 0 0 0 0 
-0.530735 0.591673 0 0 0 0 
-0.514823 0.599223 0 0 0 0 
-0.49891 0.606774 0 0 0 0 
-0.482997 0.614324 0 0 0 0 
-0.526787 0.612149 0 0 0 0 
-0.510874 0.619699 0 0 0 0 
-0.494962 0.627249 0 0 0 0 
-0.522839 0.632625 0 0 0 0 
-0.506926 0.640175 0 0 0 0 
-0.518891 0.653101 0 0 0 0 
1 2 6
2 7 6
2 3 7
3 8 7
3 4 8
4 9 8
4 5 9
6 7 10
7 11 10
7 8 11
8 12 11
8 9 12
10 11 13
11 14 13
11 12 14
13 14 15
ZONE N=15, E=16, F=FEPOINT, ET=TRIANGLE
-0.553052 0.726399 0 0 0 0 
-0.544511 0.708075 0 0 0 0 
-0.535971 0.68975 0 0 0 0 
-0.527431 0.671426 0 0 0 0 
-0.518891 0.653101 0 0 0 0 
-0.532861 0.72537 0 0 0 0 
-0.524321 0.707045 0 0 0 0 
-0.51578 0.688721 0 0 0 0 
-0.50724 0.670396 0 0 0 0 
-0.51267 0.72434 0 0 0 0 
-0.50413 0.706016 0 0 0 0 
-0.49559 0.687691 0 0 0 0 
-0.492479 0.723311 0 0 0 0 
-0.483939 0.704986 0 0 0 0 
-0.472289 0.722281 0 0 0 0 
1 2 6
2 7 6
2 3 7
3 8 7
3 4 8
4 9 8
4 5 9
6 7 10
7 11 10
7 8 11
8 12 11
8 9 12
10 11 13
11 14 13
11 12 14
13 14 15
ZONE N=15, E=16, F=FEPOINT, ET=TRIANGLE
-0.534684 0.571197 0 0 0 0 
-0.512733 0.562072 0 0 0 0 
-0.490782 0.552947 0 0 0 0 
-0.468831 0.543821 0 0 0 0 
-0.446881 0.534696 0 0 0 0 
-0.518771 0.578747 0 0 0 0 
-0.49682 0.569622 0 0 0 0 
-0.474869 0.560497 0 0 0 0 
-0.452919 0.551371 0 0 0 0 
-0.502858 0.586298 0 0 0 0 
-0.480907 0.577172 0 0 0 0 
-0.458957 0.568047 0 0 0 0 
-0.486945 0.593848 0 0 0 0 
-0.464995 0.584723 0 0 0 0 
-0.471033 0.601398 0 0 0 0 
1 2 6
2 7 6
2 3 7
3 8 7
3 4 8
4 9 8
4 5 9
6 7 10
7 11 10
7 8 11
8 12 11
8 9 12
10 11 13
11 14 13
11 12 14
13 14 15
ZONE N=15, E=16, F=FEPOINT, ET=TRIANGLE
-0.401653 0.613646 0 0 0 0 
-0.419312 0.640805 0 0 0 0 
-0.436971 0.667964 0 0 0 0 
-0.45463 0.695122 0 0 0 0 
-0.472289 0.722281 0 0 0 0 
-0.418998 0.610584 0 0 0 0 
-0.436657 0.637743 0 0 0 0 
-0.454316 0.664902 0 0 0 0 
-0.471975 0.69206 0 0 0 0 
-0.436343 0.607522 0 0 0 0 
-0.454002 0.634681 0 0 0 0 
-0.471661 0.66184 0 0 0 0 
-0.453688 0.60446 0 0 0 0 
-0.471347 0.631619 0 0 0 0 
-0.471033 0.601398 0 0 0 0 
1 2 6
2 7 6
2 3 7
3 8 7
3 4 8
4 9 8
4 5 9
6 7 10
7 11 10
7 8 11
8 12 11
8 9 12
10 11 13
11 14 13
11 12 14
13 14 15
ZONE N=15, E=16, F=FEPOINT, ET=TRIANGLE
-0.473408 0.796293 0 0 0 0 
-0.493319 0.77882 0 0 0 0 
-0.51323 0.761346 0 0 0 0 
-0.533141 0.743873 0 0 0 0 
-0.553052 0.726399 0 0 0 0 
-0.473128 0.77779 0 0 0 0 
-0.493039 0.760317 0 0 0 0 
-0.51295 0.742843 0 0 0 0 
-0.532861 0.72537 0 0 0 0 
-0.472848 0.759287 0 0 0 0 
-0.492759 0.741814 0 0 0 0 
-0.51267 0.72434 0 0 0 0 
-0.472568 0.740784 0 0 0 0 
-0.492479 0.723311 0 0 0 0 
-0.472289 0.722281 0 0 0 0 
1 2 6
2 7 6
2 3 7
3 8 7
3 4 8
4 9 8
4 5 9
6 7 10
7 11 10
7 8 11
8 12 11
8 9 12
10 11 13
11 14 13
11 12 14
13 14 15
ZONE N=15, E=16, F=FEPOINT, ET=TRIANGLE
-0.634393 0.77301 0 0 0 0 
-0.632843 0.748955 0 0 0 0 
-0.631292 0.7249 0 0 0 0 
-0.629742 0.700845 0 0 0 0 
-0.628191 0.676789 0 0 0 0 
-0.614058 0.761358 0 0 0 0 
-0.612507 0.737302 0 0 0 0 
-0.610957 0.713247 0 0 0 0 
-0.609406 0.689192 0 0 0 0 
-0.593722 0.749705 0 0 0 0 
-0.592172 0.72565 0 0 0 0 
-0.590621 0.701594 0 0 0 0 
-0.573387 0.738052 0 0 0 0 
-0.571837 0.713997 0 0 0 0 
-0.553052 0.726399 0 0 0 0 
1 2 6
2 7 6
2 3 7
3 8 7
3 4 8
4 9 8
4 5 9
6 7 10
7 11 10
7 8 11
8 12 11
8 9 12
10 11 13
11 14 13
11 12 14
13 14 15
ZONE N=15, E=16, F=FEPOINT, ET=TRIANGLE
0.514838 0.401817 0 0 0 0 
0.541235 0.394328 0 0 0 0 
0.567631 0.386838 0 0 0 0 
0.594028 0.379349 0 0 0 0 
0.620425 0.371859 0 0 0 0 
0.534667 0.409607 0 0 0 0 
0.561064 0.402117 0 0 0 0 
0.58746 0.394628 0 0 0 0 
0.613857 0.387138 0 0 0 0 
0.554496 0.417397 0 0 0 0 
0.580893 0.409907 0 0 0 0 
0.607289 0.402418 0 0 0 0 
0.574325 0.425187 0 0 0 0 
0.600722 0.417697 0 0 0 0 
0.594154 0.432976 0 0 0 0 
1 2 6
2 7 6
2 3 7
3 8 7
3 4 8
4 9 8
4 5 9
6 7 10
7 11 10
7 8 11
8 12 11
8 9 12
10 11 13
11 14 13
11 12 14
13 14 15
ZONE N=15, E=16, F=FEPOINT, ET=TRIANGLE
0.478171 0.734108 0 0 0 0 
0.483303 0.716129 0 0 0 0 
0.488435 0.698149 0 0 0 0 
0.493567 0.68017 0 0 0 0 
0.498699 0.662191 0 0 0 0 
0.498021 0.730052 0 0 0 0 
0.503153 0.712073 0 0 0 0 
0.508285 0.694093 0 0 0 0 
0.513417 0.676114 0 0 0 0 
0.517871 0.725996 0 0 0 0 
0.523003 0.708017 0 0 0 0 
0.528135 0.690037 0 0 0 0 
0.537721 0.72194 0 0 0 0 
0.542853 0.703961 0 0 0 0 
0.557571 0.717884 0 0 0 0 
1 2 6
2 7 6
2 3 7
3 8 7
3 4 8
4 9 8
4 5 9
6 7 10
7 11 10
7 8 11
8 12 11
8 9 12
10 11 13
11 14 13
11 12 14
13 14 15
ZONE N=15, E=16, F=FEPOINT, ET=TRIANGLE
0.283028 0.765361 0 0 0 0 
0.301581 0.767892 0 0 0 0 
0.320134 0.770423 0 0 0 0 
0.338687 0.772954 0 0 0 0 
0.35724 0.775485 0 0 0 0 
0.289195 0.785628 0 0 0 0 
0.307748 0.788159 0 0 0 0 
0.326301 0.79069 0 0 0 0 
0.344854 0.793221 0 0 0 0 
0.295362 0.805895 0 0 0 0 
0.313915 0.808426 0 0 0 0 
0.332468 0.810957 0 0 0 0 
0.301528 0.826162 0 0 0 0 
0.320081 0.828694 0 0 0 0 
0.307695 0.84643 0 0 0 0 
1 2 6
2 7 6
2 3 7
3 8 7
3 4 8
4 9 8
4 5 9
6 7 10
7 11 10
7 8 11
8 12 11
8 9 12
10 11 13
11 14 13
11 12 14
13 14 15
ZONE N=15, E=16, F=FEPOINT, ET=TRIANGLE
0.445425 0.799186 0 0 0 0 
0.472961 0.807257 0 0 0 0 
0.500497 0.815328 0 0 0 0 
0.528034 0.823399 0 0 0 0 
0.55557 0.83147 0 0 0 0 
0.451918 0.81987 0 0 0 0 
0.479454 0.827941 0 0 0 0 
0.50699 0.836012 0 0 0 0 
0.534527 0.844083 0 0 0 0 
0.458411 0.840554 0 0 0 0 
0.485947 0.848625 0 0 0 0 
0.513483 0.856695 0 0 0 0 
0.464904 0.861238 0 0 0 0 
0.49244 0.869308 0 0 0 0 
0.471397 0.881921 0 0 0 0 
1 2 6
2 7 6
2 3 7
3 8 7
3 4 8
4 9 8
4 5 9
6 7 10
7 11 10
7 8 11
8 12 11
8 9 12
10 11 13
11 14 13
11 12 14
13 14 15
ZONE N=15, E=16, F=FEPOINT, ET=TRIANGLE
0.478171 0.734108 0 0 0 0 
0.469984 0.750378 0 0 0 0 
0.461798 0.766647 0 0 0 0 
0.453611 0.782917 0 0 0 0 
0.445425 0.799186 0 0 0 0 
0.453007 0.726427 0 0 0 0 
0.44482 0.742696 0 0 0 0 
0.436634 0.758966 0 0 0 0 
0.428447 0.775235 0 0 0 0 
0.427843 0.718745 0 0 0 0 
0.419657 0.735015 0 0 0 0 
0.41147 0.751284 0 0 0 0 
0.402679 0.711064 0 0 0 0 
0.394493 0.727333 0 0 0 0 
0.377515 0.703382 0 0 0 0 
1 2 6
2 7 6
2 3 7
3 8 7
3 4 8
4 9 8
4 5 9
6 7 10
7 11 10
7 8 11
8 12 11
8 9 12
10 11 13
11 14 13
11 12 14
13 14 15
ZONE N=15, E=16, F=FEPOINT, ET=TRIANGLE
0.445425 0.799186 0 0 0 0 
0.451918 0.81987 0 0 0 0 
0.458411 0.840554 0 0 0 0 
0.464904 0.861238 0 0 0 0 
0.471397 0.881921 0 0 0 0 
0.431034 0.81035 0 0 0 0 
0.437527 0.831033 0 0 0 0 
0.44402 0.851717 0 0 0 0 
0.450513 0.872401 0 0 0 0 
0.416643 0.821513 0 0 0 0 
0.423136 0.842197 0 0 0 0 
0.429629 0.86288 0 0 0 0 
0.402252 0.832676 0 0 0 0 
0.408745 0.85336 0 0 0 0 
0.387861 0.84384 0 0 0 0 
1 2 6
2 7 6
2 3 7
3 8 7
3 4 8
4 9 8
4 5 9
6 7 10
7 11 10
7 8 11
8 12 11
8 9 12
10 11 13
11 14 13
11 12 14
13 14 15
ZONE N=15, E=16, F=FEPOINT, ET=TRIANGLE
0.35724 0.775485 0 0 0 0 
0.379286 0.781411 0 0 0 0 
0.401332 0.787336 0 0 0 0 
0.423378 0.793261 0 0 0 0 
0.445425 0.799186 0 0 0 0 
0.364895 0.792574 0 0 0 0 
0.386941 0.798499 0 0 0 0 
0.408987 0.804424 0 0 0 0 
0.431034 0.81035 0 0 0 0 
0.37255 0.809662 0 0 0 0 
0.394596 0.815588 0 0 0 0 
0.416643 0.821513 0 0 0 0 
0.380206 0.826751 0 0 0 0 
0.402252 0.832676 0 0 0 0 
0.387861 0.84384 0 0 0 0 
1 2 6
2 7 6
2 3 7
3 8 7
3 4 8
4 9 8
4 5 9
6 7 10
7 11 10
7 8 11
8 12 11
8 9 12
10 11 13
11 14 13
11 12 14
13 14 15
ZONE N=15, E=16, F=FEPOINT, ET=TRIANGLE
0.424542 -0.541637 0 0 0 0 
0.407743 -0.552034 0 0 0 0 
0.390945 -0.562431 0 0 0 0 
0.374147 -0.572828 0 0 0 0 
0.357348 -0.583225 0 0 0 0 
0.426246 -0.561398 0 0 0 0 
0.409447 -0.571795 0 0 0 0 
0.392649 -0.582192 0 0 0 0 
0.375851 -0.592589 0 0 0 0 
0.42795 -0.581159 0 0 0 0 
0.411152 -0.591556 0 0 0 0 
0.394353 -0.601953 0 0 0 0 
0.429654 -0.60092 0 0 0 0 
0.412856 -0.611317 0 0 0 0 
0.431358 -0.620681 0 0 0 0 
1 2 6
2 7 6
2 3 7
3 8 7
3 4 8
4 9 8
4 5 9
6 7 10
7 11 10
7 8 11
8 12 11
8 9 12
10 11 13
11 14 13
11 12 14
13 14 15
ZONE N=15, E=16, F=FEPOINT, ET=TRIANGLE
0.391488 -0.724501 0 0 0 0 
0.381435 -0.737726 0 0 0 0 
0.371381 -0.750951 0 0 0 0 
0.361328 -0.764177 0 0 0 0 
0.351275 -0.777402 0 0 0 0 
0.399315 -0.744609 0 0 0 0 
0.389261 -0.757835 0 0 0 0 
0.379208 -0.77106 0 0 0 0 
0.369155 -0.784285 0 0 0 0 
0.407142 -0.764718 0 0 0 0 
0.397088 -0.777943 0 0 0 0 
0.387035 -0.791169 0 0 0 0 
0.414968 -0.784827 0 0 0 0 
0.404915 -0.798052 0 0 0 0 
0.422795 -0.804935 0 0 0 0 
1 2 6
2 7 6
2 3 7
3 8 7
3 4 8
4 9 8
4 5 9
6 7 10
7 11 10
7 8 11
8 12 11
8 9 12
10 11 13
11 14 13
11 12 14
13 14 15
ZONE N=15, E=16, F=FEPOINT, ET=TRIANGLE
0.240128 -0.890495 0 0 0 0 
0.252667 -0.907107 0 0 0 0 
0.265206 -0.923718 0 0 0 0 
0.277746 -0.940329 0 0 0 0 
0.290285 -0.95694 0 0 0 0 
0.253407 -0.878974 0 0 0 0 
0.265947 -0.895585 0 0 0 0 
0.278486 -0.912196 0 0 0 0 
0.291025 -0.928807 0 0 0 0 
0.266687 -0.867452 0 0 0 0 
0.279226 -0.884063 0 0 0 0 
0.291765 -0.900675 0 0 0 0 
0.279966 -0.855931 0 0 0 0 
0.292505 -0.872542 0 0 0 0 
0.293245 -0.844409 0 0 0 0 
1 2 6
2 7 6
2 3 7
3 8 7
3 4 8
4 9 8
4 5 9
6 7 10
7 11 10
7 8 11
8 12 11
8 9 12
10 11 13
11 14 13
11 12 14
13 14 15
ZONE N=15, E=16, F=FEPOINT, ET=TRIANGLE
0.292759 -0.755769 0 0 0 0 
0.317441 -0.747952 0 0 0 0 
0.342123 -0.740135 0 0 0 0 
0.366806 -0.732318 0 0 0 0 
0.391488 -0.724501 0 0 0 0 
0.310225 -0.732988 0 0 0 0 
0.334908 -0.725171 0 0 0 0 
0.35959 -0.717354 0 0 0 0 
0.384272 -0.709537 0 0 0 0 
0.327692 -0.710208 0 0 0 0 
0.352374 -0.702391 0 0 0 0 
0.377056 -0.694574 0 0 0 0 
0.345158 -0.687427 0 0 0 0 
0.36984 -0.67961 0 0 0 0 
0.362625 -0.664646 0 0 0 0 
1 2 6
2 7 6
2 3 7
3 8 7
3 4 8
4 9 8
4 5 9
6 7 10
7 11 10
7 8 11
8 12 11
8 9 12
10 11 13
11 14 13
11 12 14
13 14 15
ZONE N=15, E=16, F=FEPOINT, ET=TRIANGLE
0.422795 -0.804935 0 0 0 0 
0.408695 -0.816739 0 0 0 0 
0.394594 -0.828543 0 0 0 0 
0.380494 -0.840346 0 0 0 0 
0.366393 -0.85215 0 0 0 0 
0.434946 -0.824182 0 0 0 0 
0.420845 -0.835985 0 0 0 0 
0.406744 -0.847789 0 0 0 0 
0.392644 -0.859593 0 0 0 0 
0.447096 -0.843428 0 0 0 0 
0.432995 -0.855232 0 0 0 0 
0.418895 -0.867036 0 0 0 0 
0.459246 -0.862675 0 0 0 0 
0.445146 -0.874478 0 0 0 0 
0.471397 -0.881921 0 0 0 0 
1 2 6
2 7 6
2 3 7
3 8 7
3 4 8
4 9 8
4 5 9
6 7 10
7 11 10
7 8 11
8 12 11
8 9 12
10 11 13
11 14 13
11 12 14
13 14 15
ZONE N=15, E=16, F=FEPOINT, ET=TRIANGLE
0.480891 0.514855 0 0 0 0 
0.462231 0.512459 0 0 0 0 
0.443571 0.510063 0 0 0 0 
0.424911 0.507667 0 0 0 0 
0.406251 0.50527 0 0 0 0 
0.474153 0.497427 0 0 0 0 
0.455493 0.495031 0 0 0 0 
0.436833 0.492635 0 0 0 0 
0.418172 0.490239 0 0 0 0 
0.467414 0.479999 0 0 0 0 
0.448754 0.477603 0 0 0 0 
0.430094 0.475207 0 0 0 0 
0.460676 0.462572 0 0 0 0 
0.442016 0.460176 0 0 0 0 
0.453937 0.445144 0 0 0 0 
1 2 6
2 7 6
2 3 7
3 8 7
3 4 8
4 9 8
4 5 9
6 7 10
7 11 10
7 8 11
8 12 11
8 9 12
10 11 13
11 14 13
11 12 14
13 14 15
ZONE N=15, E=16, F=FEPOINT, ET=TRIANGLE
0.396919 0.396822 0 0 0 0 
0.412012 0.389096 0 0 0 0 
0.427106 0.38137 0 0 0 0 
0.4422 0.373644 0 0 0 0 
0.457293 0.365918 0 0 0 0 
0.411173 0.408903 0 0 0 0 
0.426267 0.401177 0 0 0 0 
0.441361 0.393451 0 0 0 0 
0.456454 0.385725 0 0 0 0 
0.425428 0.420983 0 0 0 0 
0.440522 0.413257 0 0 0 0 
0.455615 0.405531 0 0 0 0 
0.439683 0.433064 0 0 0 0 
0.454776 0.425338 0 0 0 0 
0.453937 0.445144 0 0 0 0 
1 2 6
2 7 6
2 3 7
3 8 7
3 4 8
4 9 8
4 5 9
6 7 10
7 11 10
7 8 11
8 12 11
8 9 12
10 11 13
11 14 13
11 12 14
13 14 15
ZONE N=15, E=16, F=FEPOINT, ET=TRIANGLE
0.458503 0.298105 0 0 0 0 
0.473315 0.306848 0 0 0 0 
0.488126 0.315592 0 0 0 0 
0.502938 0.324336 0 0 0 0 
0.51775 0.333079 0 0 0 0 
0.458201 0.315058 0 0 0 0 
0.473012 0.323802 0 0 0 0 
0.487824 0.332545 0 0 0 0 
0.502636 0.341289 0 0 0 0 
0.457898 0.332012 0 0 0 0 
0.47271 0.340755 0 0 0 0 
0.487521 0.349499 0 0 0 0 
0.457596 0.348965 0 0 0 0 
0.472407 0.357709 0 0 0 0 
0.457293 0.365918 0 0 0 0 
1 2 6
2 7 6
2 3 7
3 8 7
3 4 8
4 9 8
4 5 9
6 7 10
7 11 10
7 8 11
8 12 11
8 9 12
10 11 13
11 14 13
11 12 14
13 14 15
ZONE N=15, E=16, F=FEPOINT, ET=TRIANGLE
0.514838 0.401817 0 0 0 0 
0.499613 0.412649 0 0 0 0 
0.484388 0.423481 0 0 0 0 
0.469162 0.434312 0 0 0 0 
0.453937 0.445144 0 0 0 0 
0.500452 0.392842 0 0 0 0 
0.485227 0.403674 0 0 0 0 
0.470001 0.414506 0 0 0 0 
0.454776 0.425338 0 0 0 0 
0.486066 0.383868 0 0 0 0 
0.47084 0.394699 0 0 0 0 
0.455615 0.405531 0 0 0 0 
0.471679 0.374893 0 0 0 0 
0.456454 0.385725 0 0 0 0 
0.457293 0.365918 0 0 0 0 
1 2 6
2 7 6
2 3 7
3 8 7
3 4 8
4 9 8
4 5 9
6 7 10
7 11 10
7 8 11
8 12 11
8 9 12
10 11 13
11 14 13
11 12 14
13 14 15
ZONE N=15, E=16, F=FEPOINT, ET=TRIANGLE
0.458503 0.298105 0 0 0 0 
0.470819 0.285773 0 0 0 0 
0.483135 0.27344 0 0 0 0 
0.495451 0.261108 0 0 0 0 
0.507767 0.248776 0 0 0 0 
0.473315 0.306848 0 0 0 0 
0.485631 0.294516 0 0 0 0 
0.497947 0.282184 0 0 0 0 
0.510263 0.269852 0 0 0 0 
0.488126 0.315592 0 0 0 0 
0.500442 0.30326 0 0 0 0 
0.512758 0.290928 0 0 0 0 
0.502938 0.324336 0 0 0 0 
0.515254 0.312004 0 0 0 0 
0.51775 0.333079 0 0 0 0 
1 2 6
2 7 6
2 3 7
3 8 7
3 4 8
4 9 8
4 5 9
6 7 10
7 11 10
7 8 11
8 12 11
8 9 12
10 11 13
11 14 13
11 12 14
13 14 15
ZONE N=15, E=16, F=FEPOINT, ET=TRIANGLE
0.573223 0.272773 0 0 0 0 
0.585023 0.297545 0 0 0 0 
0.596824 0.322316 0 0 0 0 
0.608624 0.347088 0 0 0 0 
0.620425 0.371859 0 0 0 0 
0.559354 0.28785 0 0 0 0 
0.571155 0.312621 0 0 0 0 
0.582955 0.337393 0 0 0 0 
0.594756 0.362164 0 0 0 0 
0.545486 0.302926 0 0 0 0 
0.557287 0.327698 0 0 0 0 
0.569087 0.352469 0 0 0 0 
0.531618 0.318003 0 0 0 0 
0.543418 0.342774 0 0 0 0 
0.51775 0.333079 0 0 0 0 
1 2 6
2 7 6
2 3 7
3 8 7
3 4 8
4 9 8
4 5 9
6 7 10
7 11 10
7 8 11
8 12 11
8 9 12
10 11 13
11 14 13
11 12 14
13 14 15
ZONE N=15, E=16, F=FEPOINT, ET=TRIANGLE
0.772455 0.476273 0 0 0 0 
0.787209 0.496097 0 0 0 0 
0.801962 0.515921 0 0 0 0 
0.816716 0.535746 0 0 0 0 
0.83147 0.55557 0 0 0 0 
0.758478 0.490926 0 0 0 0 
0.773232 0.51075 0 0 0 0 
0.787985 0.530575 0 0 0 0 
0.802739 0.550399 0 0 0 0 
0.744501 0.505579 0 0 0 0 
0.759254 0.525404 0 0 0 0 
0.774008 0.545228 0 0 0 0 
0.730524 0.520233 0 0 0 0 
0.745277 0.540057 0 0 0 0 
0.716546 0.534886 0 0 0 0 
1 2 6
2 7 6
2 3 7
3 8 7
3 4 8
4 9 8
4 5 9
6 7 10
7 11 10
7 8 11
8 12 11
8 9 12
10 11 13
11 14 13
11 12 14
13 14 15
ZONE N=15, E=16, F=FEPOINT, ET=TRIANGLE
0.480891 0.514855 0 0 0 0 
0.49553 0.503847 0 0 0 0 
0.510168 0.492839 0 0 0 0 
0.524807 0.481831 0 0 0 0 
0.539445 0.470823 0 0 0 0 
0.501145 0.52128 0 0 0 0 
0.515783 0.510273 0 0 0 0 
0.530422 0.499265 0 0 0 0 
0.54506 0.488257 0 0 0 0 
0.521398 0.527706 0 0 0 0 
0.536037 0.516698 0 0 0 0 
0.550675 0.50569 0 0 0 0 
0.541652 0.534132 0 0 0 0 
0.55629 0.523124 0 0 0 0 
0.561905 0.540558 0 0 0 0 
1 2 6
2 7 6
2 3 7
3 8 7
3 4 8
4 9 8
4 5 9
6 7 10
7 11 10
7 8 11
8 12 11
8 9 12
10 11 13
11 14 13
11 12 14
13 14 15
ZONE N=15, E=16, F=FEPOINT, ET=TRIANGLE
0.843385 -0.146018 0 0 0 0 
0.833571 -0.129333 0 0 0 0 
0.823758 -0.112647 0 0 0 0 
0.813944 -0.0959607 0 0 0 0 
0.80413 -0.0792747 0 0 0 0 
0.812776 -0.137655 0 0 0 0 
0.802962 -0.120969 0 0 0 0 
0.793149 -0.104283 0 0 0 0 
0.783335 -0.0875971 0 0 0 0 
0.782167 -0.129291 0 0 0 0 
0.772354 -0.112605 0 0 0 0 
0.76254 -0.0959194 0 0 0 0 
0.751559 -0.120928 0 0 0 0 
0.741745 -0.104242 0 0 0 0 
0.72095 -0.112564 0 0 0 0 
1 2 6
2 7 6
2 3 7
3 8 7
3 4 8
4 9 8
4 5 9
6 7 10
7 11 10
7 8 11
8 12 11
8 9 12
10 11 13
11 14 13
11 12 14
13 14 15
ZONE N=15, E=16, F=FEPOINT, ET=TRIANGLE
0.741829 0.046872 0 0 0 0 
0.758763 0.0346454 0 0 0 0 
0.775697 0.0224188 0 0 0 0 
0.792631 0.0101923 0 0 0 0 
0.809566 -0.0020343 0 0 0 0 
0.763239 0.0592754 0 0 0 0 
0.780173 0.0470488 0 0 0 0 
0.797108 0.0348222 0 0 0 0 
0.814042 0.0225957 0 0 0 0 
0.784649 0.0716787 0 0 0 0 
0.801584 0.0594522 0 0 0 0 
0.818518 0.0472256 0 0 0 0 
0.80606 0.0840821 0 0 0 0 
0.822994 0.0718556 0 0 0 0 
0.82747 0.0964855 0 0 0 0 
1 2 6
2 7 6
2 3 7
3 8 7
3 4 8
4 9 8
4 5 9
6 7 10
7 11 10
7 8 11
8 12 11
8 9 12
10 11 13
11 14 13
11 12 14
13 14 15
ZONE N=15, E=16, F=FEPOINT, ET=TRIANGLE
0.80413 -0.0792747 0 0 0 0 
0.805489 -0.0599646 0 0 0 0 
0.806848 -0.0406545 0 0 0 0 
0.808207 -0.0213444 0 0 0 0 
0.809566 -0.0020343 0 0 0 0 
0.787971 -0.0686166 0 0 0 0 
0.78933 -0.0493065 0 0 0 0 
0.790688 -0.0299964 0 0 0 0 
0.792047 -0.0106863 0 0 0 0 
0.771811 -0.0579584 0 0 0 0 
0.77317 -0.0386483 0 0 0 0 
0.774529 -0.0193382 0 0 0 0 
0.755652 -0.0473003 0 0 0 0 
0.757011 -0.0279902 0 0 0 0 
0.739492 -0.0366421 0 0 0 0 
1 2 6
2 7 6
2 3 7
3 8 7
3 4 8
4 9 8
4 5 9
6 7 10
7 11 10
7 8 11
8 12 11
8 9 12
10 11 13
11 14 13
11 12 14
13 14 15
ZONE N=15, E=16, F=FEPOINT, ET=TRIANGLE
0.739492 -0.0366421 0 0 0 0 
0.734857 -0.0556226 0 0 0 0 
0.730221 -0.0746031 0 0 0 0 
0.725586 -0.0935836 0 0 0 0 
0.72095 -0.112564 0 0 0 0 
0.755652 -0.0473003 0 0 0 0 
0.751016 -0.0662808 0 0 0 0 
0.746381 -0.0852612 0 0 0 0 
0.741745 -0.104242 0 0 0 0 
0.771811 -0.0579584 0 0 0 0 
0.767176 -0.0769389 0 0 0 0 
0.76254 -0.0959194 0 0 0 0 
0.787971 -0.0686166 0 0 0 0 
0.783335 -0.0875971 0 0 0 0 
0.80413 -0.0792747 0 0 0 0 
1 2 6
2 7 6
2 3 7
3 8 7
3 4 8
4 9 8
4 5 9
6 7 10
7 11 10
7 8 11
8 12 11
8 9 12
10 11 13
11 14 13
11 12 14
13 14 15
ZONE N=15, E=16, F=FEPOINT, ET=TRIANGLE
0.756159 0.129181 0 0 0 0 
0.735563 0.125747 0 0 0 0 
0.714967 0.122314 0 0 0 0 
0.694371 0.118881 0 0 0 0 
0.673775 0.115447 0 0 0 0 
0.752577 0.108603 0 0 0 0 
0.731981 0.10517 0 0 0 0 
0.711385 0.101737 0 0 0 0 
0.690789 0.0983035 0 0 0 0 
0.748994 0.0880262 0 0 0 0 
0.728398 0.084593 0 0 0 0 
0.707802 0.0811597 0 0 0 0 
0.745412 0.0674491 0 0 0 0 
0.724816 0.0640158 0 0 0 0 
0.741829 0.046872 0 0 0 0 
1 2 6
2 7 6
2 3 7
3 8 7
3 4 8
4 9 8
4 5 9
6 7 10
7 11 10
7 8 11
8 12 11
8 9 12
10 11 13
11 14 13
11 12 14
13 14 15
ZONE N=15, E=16, F=FEPOINT, ET=TRIANGLE
0.741829 0.046872 0 0 0 0 
0.723355 0.0338492 0 0 0 0 
0.704882 0.0208265 0 0 0 0 
0.686408 0.00780371 0 0 0 0 
0.667934 -0.00521904 0 0 0 0 
0.741245 0.0259934 0 0 0 0 
0.722771 0.0129707 0 0 0 0 
0.704298 -5.20575e-05 0 0 0 0 
0.685824 -0.0130748 0 0 0 0 
0.740661 0.00511492 0 0 0 0 
0.722187 -0.00790783 0 0 0 0 
0.703713 -0.0209306 0 0 0 0 
0.740077 -0.0157636 0 0 0 0 
0.721603 -0.0287863 0 0 0 0 
0.739492 -0.0366421 0 0 0 0 
1 2 6
2 7 6
2 3 7
3 8 7
3 4 8
4 9 8
4 5 9
6 7 10
7 11 10
7 8 11
8 12 11
8 9 12
10 11 13
11 14 13
11 12 14
13 14 15
ZONE N=15, E=16, F=FEPOINT, ET=TRIANGLE
0.995185 -0.0980171 0 0 0 0 
0.996389 -0.0735129 0 0 0 0 
0.997592 -0.0490086 0 0 0 0 
0.998796 -0.0245043 0 0 0 0 
1 -2.44929e-16 0 0 0 0 
0.979834 -0.0714462 0 0 0 0 
0.981038 -0.0469419 0 0 0 0 
0.982242 -0.0224376 0 0 0 0 
0.983445 0.0020667 0 0 0 0 
0.964483 -0.0448752 0 0 0 0 
0.965687 -0.0203709 0 0 0 0 
0.966891 0.00413341 0 0 0 0 
0.949133 -0.0183042 0 0 0 0 
0.950336 0.00620011 0 0 0 0 
0.933782 0.00826682 0 0 0 0 
1 2 6
2 7 6
2 3 7
3 8 7
3 4 8
4 9 8
4 5 9
6 7 10
7 11 10
7 8 11
8 12 11
8 9 12
10 11 13
11 14 13
11 12 14
13 14 15
ZONE N=15, E=16, F=FEPOINT, ET=TRIANGLE
0.896307 -0.0469494 0 0 0 0 
0.873263 -0.0550308 0 0 0 0 
0.850219 -0.0631121 0 0 0 0 
0.827175 -0.0711934 0 0 0 0 
0.80413 -0.0792747 0 0 0 0 
0.883077 -0.0717167 0 0 0 0 
0.860033 -0.079798 0 0 0 0 
0.836988 -0.0878793 0 0 0 0 
0.813944 -0.0959607 0 0 0 0 
0.869846 -0.0964839 0 0 0 0 
0.846802 -0.104565 0 0 0 0 
0.823758 -0.112647 0 0 0 0 
0.856615 -0.121251 0 0 0 0 
0.833571 -0.129333 0 0 0 0 
0.843385 -0.146018 0 0 0 0 
1 2 6
2 7 6
2 3 7
3 8 7
3 4 8
4 9 8
4 5 9
6 7 10
7 11 10
7 8 11
8 12 11
8 9 12
10 11 13
11 14 13
11 12 14
13 14 15
ZONE N=15, E=16, F=FEPOINT, ET=TRIANGLE
0.426581 0.64238 0 0 0 0 
0.439892 0.629217 0 0 0 0 
0.453203 0.616054 0 0 0 0 
0.466514 0.602891 0 0 0 0 
0.479825 0.589728 0 0 0 0 
0.44461 0.647333 0 0 0 0 
0.457921 0.63417 0 0 0 0 
0.471232 0.621007 0 0 0 0 
0.484543 0.607844 0 0 0 0 
0.46264 0.652285 0 0 0 0 
0.475951 0.639122 0 0 0 0 
0.489262 0.625959 0 0 0 0 
0.48067 0.657238 0 0 0 0 
0.493981 0.644075 0 0 0 0 
0.498699 0.662191 0 0 0 0 
1 2 6
2 7 6
2 3 7
3 8 7
3 4 8
4 9 8
4 5 9
6 7 10
7 11 10
7 8 11
8 12 11
8 9 12
10 11 13
11 14 13
11 12 14
13 14 15
ZONE N=15, E=16, F=FEPOINT, ET=TRIANGLE
0.707107 0.707107 0 0 0 0 
0.687806 0.700013 0 0 0 0 
0.668506 0.692919 0 0 0 0 
0.649206 0.685825 0 0 0 0 
0.629905 0.678731 0 0 0 0 
0.703195 0.686374 0 0 0 0 
0.683894 0.67928 0 0 0 0 
0.664594 0.672186 0 0 0 0 
0.645294 0.665092 0 0 0 0 
0.699282 0.66564 0 0 0 0 
0.679982 0.658546 0 0 0 0 
0.660682 0.651452 0 0 0 0 
0.69537 0.644907 0 0 0 0 
0.67607 0.637813 0 0 0 0 
0.691458 0.624174 0 0 0 0 
1 2 6
2 7 6
2 3 7
3 8 7
3 4 8
4 9 8
4 5 9
6 7 10
7 11 10
7 8 11
8 12 11
8 9 12
10 11 13
11 14 13
11 12 14
13 14 15
ZONE N=15, E=16, F=FEPOINT, ET=TRIANGLE
0.426581 0.64238 0 0 0 0 
0.419206 0.625958 0 0 0 0 
0.41183 0.609536 0 0 0 0 
0.404455 0.593114 0 0 0 0 
0.39708 0.576692 0 0 0 0 
0.439892 0.629217 0 0 0 0 
0.432517 0.612795 0 0 0 0 
0.425141 0.596373 0 0 0 0 
0.417766 0.579951 0 0 0 0 
0.453203 0.616054 0 0 0 0 
0.445828 0.599632 0 0 0 0 
0.438452 0.58321 0 0 0 0 
0.466514 0.602891 0 0 0 0 
0.459138 0.586469 0 0 0 0 
0.479825 0.589728 0 0 0 0 
1 2 6
2 7 6
2 3 7
3 8 7
3 4 8
4 9 8
4 5 9
6 7 10
7 11 10
7 8 11
8 12 11
8 9 12
10 11 13
11 14 13
11 12 14
13 14 15
ZONE N=15, E=16, F=FEPOINT, ET=TRIANGLE
0.561905 0.540558 0 0 0 0 
0.541385 0.55285 0 0 0 0 
0.520865 0.565143 0 0 0 0 
0.500345 0.577435 0 0 0 0 
0.479825 0.589728 0 0 0 0 
0.541652 0.534132 0 0 0 0 
0.521132 0.546424 0 0 0 0 
0.500612 0.558717 0 0 0 0 
0.480091 0.57101 0 0 0 0 
0.521398 0.527706 0 0 0 0 
0.500878 0.539999 0 0 0 0 
0.480358 0.552291 0 0 0 0 
0.501145 0.52128 0 0 0 0 
0.480625 0.533573 0 0 0 0 
0.480891 0.514855 0 0 0 0 
1 2 6
2 7 6
2 3 7
3 8 7
3 4 8
4 9 8
4 5 9
6 7 10
7 11 10
7 8 11
8 12 11
8 9 12
10 11 13
11 14 13
11 12 14
13 14 15
ZONE N=15, E=16, F=FEPOINT, ET=TRIANGLE
0.634393 0.77301 0 0 0 0 
0.614688 0.787625 0 0 0 0 
0.594982 0.80224 0 0 0 0 
0.575276 0.816855 0 0 0 0 
0.55557 0.83147 0 0 0 0 
0.615188 0.759229 0 0 0 0 
0.595482 0.773844 0 0 0 0 
0.575776 0.788458 0 0 0 0 
0.55607 0.803073 0 0 0 0 
0.595982 0.745447 0 0 0 0 
0.576276 0.760062 0 0 0 0 
0.556571 0.774677 0 0 0 0 
0.576777 0.731666 0 0 0 0 
0.557071 0.74628 0 0 0 0 
0.557571 0.717884 0 0 0 0 
1 2 6
2 7 6
2 3 7
3 8 7
3 4 8
4 9 8
4 5 9
6 7 10
7 11 10
7 8 11
8 12 11
8 9 12
10 11 13
11 14 13
11 12 14
13 14 15
ZONE N=15, E=16, F=FEPOINT, ET=TRIANGLE
0.478171 0.734108 0 0 0 0 
0.498021 0.730052 0 0 0 0 
0.517871 0.725996 0 0 0 0 
0.537721 0.72194 0 0 0 0 
0.557571 0.717884 0 0 0 0 
0.497521 0.758449 0 0 0 0 
0.517371 0.754392 0 0 0 0 
0.537221 0.750336 0 0 0 0 
0.557071 0.74628 0 0 0 0 
0.516871 0.782789 0 0 0 0 
0.536721 0.778733 0 0 0 0 
0.556571 0.774677 0 0 0 0 
0.53622 0.807129 0 0 0 0 
0.55607 0.803073 0 0 0 0 
0.55557 0.83147 0 0 0 0 
1 2 6
2 7 6
2 3 7
3 8 7
3 4 8
4 9 8
4 5 9
6 7 10
7 11 10
7 8 11
8 12 11
8 9 12
10 11 13
11 14 13
11 12 14
13 14 15
ZONE N=15, E=16, F=FEPOINT, ET=TRIANGLE
0.645639 0.475105 0 0 0 0 
0.624705 0.491468 0 0 0 0 
0.603772 0.507831 0 0 0 0 
0.582839 0.524194 0 0 0 0 
0.561905 0.540558 0 0 0 0 
0.61909 0.474034 0 0 0 0 
0.598157 0.490397 0 0 0 0 
0.577224 0.506761 0 0 0 0 
0.55629 0.523124 0 0 0 0 
0.592542 0.472964 0 0 0 0 
0.571609 0.489327 0 0 0 0 
0.550675 0.50569 0 0 0 0 
0.565994 0.471893 0 0 0 0 
0.54506 0.488257 0 0 0 0 
0.539445 0.470823 0 0 0 0 
1 2 6
2 7 6
2 3 7
3 8 7
3 4 8
4 9 8
4 5 9
6 7 10
7 11 10
7 8 11
8 12 11
8 9 12
10 11 13
11 14 13
11 12 14
13 14 15
ZONE N=15, E=16, F=FEPOINT, ET=TRIANGLE
0.563887 0.625528 0 0 0 0 
0.563391 0.604285 0 0 0 0 
0.562896 0.583043 0 0 0 0 
0.562401 0.5618 0 0 0 0 
0.561905 0.540558 0 0 0 0 
0.581982 0.614479 0 0 0 0 
0.581487 0.593236 0 0 0 0 
0.580992 0.571994 0 0 0 0 
0.580496 0.550751 0 0 0 0 
0.600078 0.60343 0 0 0 0 
0.599582 0.582187 0 0 0 0 
0.599087 0.560945 0 0 0 0 
0.618173 0.592381 0 0 0 0 
0.617678 0.571138 0 0 0 0 
0.636269 0.581332 0 0 0 0 
1 2 6
2 7 6
2 3 7
3 8 7
3 4 8
4 9 8
4 5 9
6 7 10
7 11 10
7 8 11
8 12 11
8 9 12
10 11 13
11 14 13
11 12 14
13 14 15
ZONE N=15, E=16, F=FEPOINT, ET=TRIANGLE
0.702192 0.351375 0 0 0 0 
0.6993 0.330621 0 0 0 0 
0.696407 0.309867 0 0 0 0 
0.693515 0.289113 0 0 0 0 
0.690622 0.268359 0 0 0 0 
0.722759 0.33793 0 0 0 0 
0.719866 0.317176 0 0 0 0 
0.716974 0.296422 0 0 0 0 
0.714081 0.275668 0 0 0 0 
0.743325 0.324485 0 0 0 0 
0.740433 0.303731 0 0 0 0 
0.73754 0.282977 0 0 0 0 
0.763892 0.31104 0 0 0 0 
0.761 0.290286 0 0 0 0 
0.784459 0.297595 0 0 0 0 
1 2 6
2 7 6
2 3 7
3 8 7
3 4 8
4 9 8
4 5 9
6 7 10
7 11 10
7 8 11
8 12 11
8 9 12
10 11 13
11 14 13
11 12 14
13 14 15
ZONE N=15, E=16, F=FEPOINT, ET=TRIANGLE
0.557571 0.717884 0 0 0 0 
0.575655 0.708096 0 0 0 0 
0.593738 0.698308 0 0 0 0 
0.611822 0.688519 0 0 0 0 
0.629905 0.678731 0 0 0 0 
0.576777 0.731666 0 0 0 0 
0.59486 0.721877 0 0 0 0 
0.612944 0.712089 0 0 0 0 
0.631027 0.702301 0 0 0 0 
0.595982 0.745447 0 0 0 0 
0.614066 0.735659 0 0 0 0 
0.632149 0.725871 0 0 0 0 
0.615188 0.759229 0 0 0 0 
0.633271 0.749441 0 0 0 0 
0.634393 0.77301 0 0 0 0 
1 2 6
2 7 6
2 3 7
3 8 7
3 4 8
4 9 8
4 5 9
6 7 10
7 11 10
7 8 11
8 12 11
8 9 12
10 11 13
11 14 13
11 12 14
13 14 15
ZONE N=15, E=16, F=FEPOINT, ET=TRIANGLE
0.561905 0.540558 0 0 0 0 
0.562401 0.5618 0 0 0 0 
0.562896 0.583043 0 0 0 0 
0.563391 0.604285 0 0 0 0 
0.563887 0.625528 0 0 0 0 
0.541385 0.55285 0 0 0 0 
0.541881 0.574093 0 0 0 0 
0.542376 0.595335 0 0 0 0 
0.542871 0.616578 0 0 0 0 
0.520865 0.565143 0 0 0 0 
0.52136 0.586385 0 0 0 0 
0.521856 0.607628 0 0 0 0 
0.500345 0.577435 0 0 0 0 
0.50084 0.598678 0 0 0 0 
0.479825 0.589728 0 0 0 0 
1 2 6
2 7 6
2 3 7
3 8 7
3 4 8
4 9 8
4 5 9
6 7 10
7 11 10
7 8 11
8 12 11
8 9 12
10 11 13
11 14 13
11 12 14
13 14 15
ZONE N=15, E=16, F=FEPOINT, ET=TRIANGLE
0.594154 0.432976 0 0 0 0 
0.607025 0.443508 0 0 0 0 
0.619896 0.45404 0 0 0 0 
0.632768 0.464573 0 0 0 0 
0.645639 0.475105 0 0 0 0 
0.580477 0.442438 0 0 0 0 
0.593348 0.45297 0 0 0 0 
0.606219 0.463502 0 0 0 0 
0.61909 0.474034 0 0 0 0 
0.5668 0.4519 0 0 0 0 
0.579671 0.462432 0 0 0 0 
0.592542 0.472964 0 0 0 0 
0.553123 0.461361 0 0 0 0 
0.565994 0.471893 0 0 0 0 
0.539445 0.470823 0 0 0 0 
1 2 6
2 7 6
2 3 7
3 8 7
3 4 8
4 9 8
4 5 9
6 7 10
7 11 10
7 8 11
8 12 11
8 9 12
10 11 13
11 14 13
11 12 14
13 14 15
ZONE N=15, E=16, F=FEPOINT, ET=TRIANGLE
0.539445 0.470823 0 0 0 0 
0.524807 0.481831 0 0 0 0 
0.510168 0.492839 0 0 0 0 
0.49553 0.503847 0 0 0 0 
0.480891 0.514855 0 0 0 0 
0.518068 0.464403 0 0 0 0 
0.50343 0.475411 0 0 0 0 
0.488791 0.486419 0 0 0 0 
0.474153 0.497427 0 0 0 0 
0.496691 0.457984 0 0 0 0 
0.482053 0.468991 0 0 0 0 
0.467414 0.479999 0 0 0 0 
0.475314 0.451564 0 0 0 0 
0.460676 0.462572 0 0 0 0 
0.453937 0.445144 0 0 0 0 
1 2 6
2 7 6
2 3 7
3 8 7
3 4 8
4 9 8
4 5 9
6 7 10
7 11 10
7 8 11
8 12 11
8 9 12
10 11 13
11 14 13
11 12 14
13 14 15
ZONE N=15, E=16, F=FEPOINT, ET=TRIANGLE
0.83147 0.55557 0 0 0 0 
0.816716 0.535746 0 0 0 0 
0.801962 0.515921 0 0 0 0 
0.787209 0.496097 0 0 0 0 
0.772455 0.476273 0 0 0 0 
0.844083 0.534527 0 0 0 0 
0.829329 0.514702 0 0 0 0 
0.814575 0.494878 0 0 0 0 
0.799822 0.475054 0 0 0 0 
0.856695 0.513483 0 0 0 0 
0.841942 0.493659 0 0 0 0 
0.827188 0.473835 0 0 0 0 
0.869308 0.49244 0 0 0 0 
0.854555 0.472616 0 0 0 0 
0.881921 0.471397 0 0 0 0 
1 2 6
2 7 6
2 3 7
3 8 7
3 4 8
4 9 8
4 5 9
6 7 10
7 11 10
7 8 11
8 12 11
8 9 12
10 11 13
11 14 13
11 12 14
13 14 15
ZONE N=15, E=16, F=FEPOINT, ET=TRIANGLE
0.636269 0.581332 0 0 0 0 
0.617678 0.571138 0 0 0 0 
0.599087 0.560945 0 0 0 0 
0.580496 0.550751 0 0 0 0 
0.561905 0.540558 0 0 0 0 
0.638611 0.554775 0 0 0 0 
0.62002 0.544582 0 0 0 0 
0.60143 0.534388 0 0 0 0 
0.582839 0.524194 0 0 0 0 
0.640954 0.528218 0 0 0 0 
0.622363 0.518025 0 0 0 0 
0.603772 0.507831 0 0 0 0 
0.643296 0.501661 0 0 0 0 
0.624705 0.491468 0 0 0 0 
0.645639 0.475105 0 0 0 0 
1 2 6
2 7 6
2 3 7
3 8 7
3 4 8
4 9 8
4 5 9
6 7 10
7 11 10
7 8 11
8 12 11
8 9 12
10 11 13
11 14 13
11 12 14
13 14 15
ZONE N=15, E=16, F=FEPOINT, ET=TRIANGLE
0.498699 0.662191 0 0 0 0 
0.514996 0.653025 0 0 0 0 
0.531293 0.643859 0 0 0 0 
0.54759 0.634694 0 0 0 0 
0.563887 0.625528 0 0 0 0 
0.513417 0.676114 0 0 0 0 
0.529714 0.666948 0 0 0 0 
0.546011 0.657783 0 0 0 0 
0.562308 0.648617 0 0 0 0 
0.528135 0.690037 0 0 0 0 
0.544432 0.680872 0 0 0 0 
0.560729 0.671706 0 0 0 0 
0.542853 0.703961 0 0 0 0 
0.55915 0.694795 0 0 0 0 
0.557571 0.717884 0 0 0 0 
1 2 6
2 7 6
2 3 7
3 8 7
3 4 8
4 9 8
4 5 9
6 7 10
7 11 10
7 8 11
8 12 11
8 9 12
10 11 13
11 14 13
11 12 14
13 14 15
ZONE N=15, E=16, F=FEPOINT, ET=TRIANGLE
0.691458 0.624174 0 0 0 0 
0.677661 0.613463 0 0 0 0 
0.663863 0.602753 0 0 0 0 
0.650066 0.592043 0 0 0 0 
0.636269 0.581332 0 0 0 0 
0.69773 0.601852 0 0 0 0 
0.683933 0.591141 0 0 0 0 
0.670136 0.580431 0 0 0 0 
0.656338 0.569721 0 0 0 0 
0.704002 0.57953 0 0 0 0 
0.690205 0.568819 0 0 0 0 
0.676408 0.558109 0 0 0 0 
0.710274 0.557208 0 0 0 0 
0.696477 0.546498 0 0 0 0 
0.716546 0.534886 0 0 0 0 
1 2 6
2 7 6
2 3 7
3 8 7
3 4 8
4 9 8
4 5 9
6 7 10
7 11 10
7 8 11
8 12 11
8 9 12
10 11 13
11 14 13
11 12 14
13 14 15
ZONE N=15, E=16, F=FEPOINT, ET=TRIANGLE
0.716546 0.534886 0 0 0 0 
0.696477 0.546498 0 0 0 0 
0.676408 0.558109 0 0 0 0 
0.656338 0.569721 0 0 0 0 
0.636269 0.581332 0 0 0 0 
0.698819 0.519941 0 0 0 0 
0.67875 0.531552 0 0 0 0 
0.658681 0.543164 0 0 0 0 
0.638611 0.554775 0 0 0 0 
0.681093 0.504995 0 0 0 0 
0.661023 0.516607 0 0 0 0 
0.640954 0.528218 0 0 0 0 
0.663366 0.49005 0 0 0 0 
0.643296 0.501661 0 0 0 0 
0.645639 0.475105 0 0 0 0 
1 2 6
2 7 6
2 3 7
3 8 7
3 4 8
4 9 8
4 5 9
6 7 10
7 11 10
7 8 11
8 12 11
8 9 12
10 11 13
11 14 13
11 12 14
13 14 15
ZONE N=15, E=16, F=FEPOINT, ET=TRIANGLE
0.716546 0.534886 0 0 0 0 
0.730662 0.559763 0 0 0 0 
0.744778 0.58464 0 0 0 0 
0.758894 0.609516 0 0 0 0 
0.77301 0.634393 0 0 0 0 
0.710274 0.557208 0 0 0 0 
0.72439 0.582085 0 0 0 0 
0.738506 0.606962 0 0 0 0 
0.752622 0.631838 0 0 0 0 
0.704002 0.57953 0 0 0 0 
0.718118 0.604407 0 0 0 0 
0.732234 0.629284 0 0 0 0 
0.69773 0.601852 0 0 0 0 
0.711846 0.626729 0 0 0 0 
0.691458 0.624174 0 0 0 0 
1 2 6
2 7 6
2 3 7
3 8 7
3 4 8
4 9 8
4 5 9
6 7 10
7 11 10
7 8 11
8 12 11
8 9 12
10 11 13
11 14 13
11 12 14
13 14 15
ZONE N=15, E=16, F=FEPOINT, ET=TRIANGLE
0.77301 0.634393 0 0 0 0 
0.756535 0.652572 0 0 0 0 
0.740059 0.67075 0 0 0 0 
0.723583 0.688928 0 0 0 0 
0.707107 0.707107 0 0 0 0 
0.752622 0.631838 0 0 0 0 
0.736146 0.650017 0 0 0 0 
0.71967 0.668195 0 0 0 0 
0.703195 0.686374 0 0 0 0 
0.732234 0.629284 0 0 0 0 
0.715758 0.647462 0 0 0 0 
0.699282 0.66564 0 0 0 0 
0.711846 0.626729 0 0 0 0 
0.69537 0.644907 0 0 0 0 
0.691458 0.624174 0 0 0 0 
1 2 6
2 7 6
2 3 7
3 8 7
3 4 8
4 9 8
4 5 9
6 7 10
7 11 10
7 8 11
8 12 11
8 9 12
10 11 13
11 14 13
11 12 14
13 14 15
ZONE N=15, E=16, F=FEPOINT, ET=TRIANGLE
0.709423 0.434882 0 0 0 0 
0.725181 0.445229 0 0 0 0 
0.740939 0.455577 0 0 0 0 
0.756697 0.465925 0 0 0 0 
0.772455 0.476273 0 0 0 0 
0.711204 0.459883 0 0 0 0 
0.726962 0.470231 0 0 0 0 
0.74272 0.480578 0 0 0 0 
0.758478 0.490926 0 0 0 0 
0.712985 0.484884 0 0 0 0 
0.728743 0.495232 0 0 0 0 
0.744501 0.505579 0 0 0 0 
0.714766 0.509885 0 0 0 0 
0.730524 0.520233 0 0 0 0 
0.716546 0.534886 0 0 0 0 
1 2 6
2 7 6
2 3 7
3 8 7
3 4 8
4 9 8
4 5 9
6 7 10
7 11 10
7 8 11
8 12 11
8 9 12
10 11 13
11 14 13
11 12 14
13 14 15
ZONE N=15, E=16, F=FEPOINT, ET=TRIANGLE
0.83147 0.55557 0 0 0 0 
0.816855 0.575276 0 0 0 0 
0.80224 0.594982 0 0 0 0 
0.787625 0.614688 0 0 0 0 
0.77301 0.634393 0 0 0 0 
0.802739 0.550399 0 0 0 0 
0.788124 0.570105 0 0 0 0 
0.773509 0.589811 0 0 0 0 
0.758894 0.609516 0 0 0 0 
0.774008 0.545228 0 0 0 0 
0.759393 0.564934 0 0 0 0 
0.744778 0.58464 0 0 0 0 
0.745277 0.540057 0 0 0 0 
0.730662 0.559763 0 0 0 0 
0.716546 0.534886 0 0 0 0 
1 2 6
2 7 6
2 3 7
3 8 7
3 4 8
4 9 8
4 5 9
6 7 10
7 11 10
7 8 11
8 12 11
8 9 12
10 11 13
11 14 13
11 12 14
13 14 15
ZONE N=15, E=16, F=FEPOINT, ET=TRIANGLE
0.557571 0.717884 0 0 0 0 
0.55915 0.694795 0 0 0 0 
0.560729 0.671706 0 0 0 0 
0.562308 0.648617 0 0 0 0 
0.563887 0.625528 0 0 0 0 
0.575655 0.708096 0 0 0 0 
0.577234 0.685007 0 0 0 0 
0.578812 0.661918 0 0 0 0 
0.580391 0.638829 0 0 0 0 
0.593738 0.698308 0 0 0 0 
0.595317 0.675219 0 0 0 0 
0.596896 0.65213 0 0 0 0 
0.611822 0.688519 0 0 0 0 
0.613401 0.66543 0 0 0 0 
0.629905 0.678731 0 0 0 0 
1 2 6
2 7 6
2 3 7
3 8 7
3 4 8
4 9 8
4 5 9
6 7 10
7 11 10
7 8 11
8 12 11
8 9 12
10 11 13
11 14 13
11 12 14
13 14 15
ZONE N=15, E=16, F=FEPOINT, ET=TRIANGLE
0.709423 0.434882 0 0 0 0 
0.725465 0.424981 0 0 0 0 
0.741508 0.41508 0 0 0 0 
0.757551 0.405179 0 0 0 0 
0.773593 0.395279 0 0 0 0 
0.725181 0.445229 0 0 0 0 
0.741223 0.435329 0 0 0 0 
0.757266 0.425428 0 0 0 0 
0.773309 0.415527 0 0 0 0 
0.740939 0.455577 0 0 0 0 
0.756982 0.445676 0 0 0 0 
0.773024 0.435776 0 0 0 0 
0.756697 0.465925 0 0 0 0 
0.77274 0.456024 0 0 0 0 
0.772455 0.476273 0 0 0 0 
1 2 6
2 7 6
2 3 7
3 8 7
3 4 8
4 9 8
4 5 9
6 7 10
7 11 10
7 8 11
8 12 11
8 9 12
10 11 13
11 14 13
11 12 14
13 14 15
ZONE N=15, E=16, F=FEPOINT, ET=TRIANGLE
0.784459 0.297595 0 0 0 0 
0.781742 0.322016 0 0 0 0 
0.779026 0.346437 0 0 0 0 
0.77631 0.370858 0 0 0 0 
0.773593 0.395279 0 0 0 0 
0.763892 0.31104 0 0 0 0 
0.761176 0.335461 0 0 0 0 
0.758459 0.359882 0 0 0 0 
0.755743 0.384303 0 0 0 0 
0.743325 0.324485 0 0 0 0 
0.740609 0.348906 0 0 0 0 
0.737893 0.373327 0 0 0 0 
0.722759 0.33793 0 0 0 0 
0.720042 0.362351 0 0 0 0 
0.702192 0.351375 0 0 0 0 
1 2 6
2 7 6
2 3 7
3 8 7
3 4 8
4 9 8
4 5 9
6 7 10
7 11 10
7 8 11
8 12 11
8 9 12
10 11 13
11 14 13
11 12 14
13 14 15
ZONE N=15, E=16, F=FEPOINT, ET=TRIANGLE
0.645639 0.475105 0 0 0 0 
0.661585 0.465049 0 0 0 0 
0.677531 0.454993 0 0 0 0 
0.693477 0.444938 0 0 0 0 
0.709423 0.434882 0 0 0 0 
0.663366 0.49005 0 0 0 0 
0.679312 0.479994 0 0 0 0 
0.695258 0.469939 0 0 0 0 
0.711204 0.459883 0 0 0 0 
0.681093 0.504995 0 0 0 0 
0.697039 0.49494 0 0 0 0 
0.712985 0.484884 0 0 0 0 
0.698819 0.519941 0 0 0 0 
0.714766 0.509885 0 0 0 0 
0.716546 0.534886 0 0 0 0 
1 2 6
2 7 6
2 3 7
3 8 7
3 4 8
4 9 8
4 5 9
6 7 10
7 11 10
7 8 11
8 12 11
8 9 12
10 11 13
11 14 13
11 12 14
13 14 15
ZONE N=15, E=16, F=FEPOINT, ET=TRIANGLE
0.881921 0.471397 0 0 0 0 
0.854555 0.472616 0 0 0 0 
0.827188 0.473835 0 0 0 0 
0.799822 0.475054 0 0 0 0 
0.772455 0.476273 0 0 0 0 
0.873673 0.451363 0 0 0 0 
0.846306 0.452582 0 0 0 0 
0.81894 0.453801 0 0 0 0 
0.791573 0.455019 0 0 0 0 
0.865424 0.431329 0 0 0 0 
0.838058 0.432547 0 0 0 0 
0.810691 0.433766 0 0 0 0 
0.857176 0.411294 0 0 0 0 
0.829809 0.412513 0 0 0 0 
0.848927 0.39126 0 0 0 0 
1 2 6
2 7 6
2 3 7
3 8 7
3 4 8
4 9 8
4 5 9
6 7 10
7 11 10
7 8 11
8 12 11
8 9 12
10 11 13
11 14 13
11 12 14
13 14 15
ZONE N=15, E=16, F=FEPOINT, ET=TRIANGLE
0.709423 0.434882 0 0 0 0 
0.693477 0.444938 0 0 0 0 
0.677531 0.454993 0 0 0 0 
0.661585 0.465049 0 0 0 0 
0.645639 0.475105 0 0 0 0 
0.687173 0.419126 0 0 0 0 
0.671227 0.429182 0 0 0 0 
0.655281 0.439238 0 0 0 0 
0.639335 0.449293 0 0 0 0 
0.664924 0.403371 0 0 0 0 
0.648978 0.413426 0 0 0 0 
0.633032 0.423482 0 0 0 0 
0.642674 0.387615 0 0 0 0 
0.626728 0.397671 0 0 0 0 
0.620425 0.371859 0 0 0 0 
1 2 6
2 7 6
2 3 7
3 8 7
3 4 8
4 9 8
4 5 9
6 7 10
7 11 10
7 8 11
8 12 11
8 9 12
10 11 13
11 14 13
11 12 14
13 14 15
ZONE N=15, E=16, F=FEPOINT, ET=TRIANGLE
0.702192 0.351375 0 0 0 0 
0.68175 0.356496 0 0 0 0 
0.661308 0.361617 0 0 0 0 
0.640867 0.366738 0 0 0 0 
0.620425 0.371859 0 0 0 0 
0.684948 0.339776 0 0 0 0 
0.664506 0.344897 0 0 0 0 
0.644064 0.350018 0 0 0 0 
0.623623 0.355139 0 0 0 0 
0.667704 0.328177 0 0 0 0 
0.647262 0.333298 0 0 0 0 
0.626821 0.338419 0 0 0 0 
0.65046 0.316579 0 0 0 0 
0.630019 0.321699 0 0 0 0 
0.633216 0.30498 0 0 0 0 
1 2 6
2 7 6
2 3 7
3 8 7
3 4 8
4 9 8
4 5 9
6 7 10
7 11 10
7 8 11
8 12 11
8 9 12
10 11 13
11 14 13
11 12 14
13 14 15
ZONE N=15, E=16, F=FEPOINT, ET=TRIANGLE
0.702192 0.351375 0 0 0 0 
0.720042 0.362351 0 0 0 0 
0.737893 0.373327 0 0 0 0 
0.755743 0.384303 0 0 0 0 
0.773593 0.395279 0 0 0 0 
0.704 0.372252 0 0 0 0 
0.72185 0.383228 0 0 0 0 
0.7397 0.394204 0 0 0 0 
0.757551 0.405179 0 0 0 0 
0.705807 0.393129 0 0 0 0 
0.723658 0.404104 0 0 0 0 
0.741508 0.41508 0 0 0 0 
0.707615 0.414005 0 0 0 0 
0.725465 0.424981 0 0 0 0 
0.709423 0.434882 0 0 0 0 
1 2 6
2 7 6
2 3 7
3 8 7
3 4 8
4 9 8
4 5 9
6 7 10
7 11 10
7 8 11
8 12 11
8 9 12
10 11 13
11 14 13
11 12 14
13 14 15
ZONE N=15, E=16, F=FEPOINT, ET=TRIANGLE
0.773593 0.395279 0 0 0 0 
0.792427 0.394274 0 0 0 0 
0.81126 0.393269 0 0 0 0 
0.830094 0.392265 0 0 0 0 
0.848927 0.39126 0 0 0 0 
0.773309 0.415527 0 0 0 0 
0.792142 0.414522 0 0 0 0 
0.810976 0.413518 0 0 0 0 
0.829809 0.412513 0 0 0 0 
0.773024 0.435776 0 0 0 0 
0.791858 0.434771 0 0 0 0 
0.810691 0.433766 0 0 0 0 
0.77274 0.456024 0 0 0 0 
0.791573 0.455019 0 0 0 0 
0.772455 0.476273 0 0 0 0 
1 2 6
2 7 6
2 3 7
3 8 7
3 4 8
4 9 8
4 5 9
6 7 10
7 11 10
7 8 11
8 12 11
8 9 12
10 11 13
11 14 13
11 12 14
13 14 15
ZONE N=15, E=16, F=FEPOINT, ET=TRIANGLE
0.709423 0.434882 0 0 0 0 
0.687173 0.419126 0 0 0 0 
0.664924 0.403371 0 0 0 0 
0.642674 0.387615 0 0 0 0 
0.620425 0.371859 0 0 0 0 
0.707615 0.414005 0 0 0 0 
0.685366 0.39825 0 0 0 0 
0.663116 0.382494 0 0 0 0 
0.640867 0.366738 0 0 0 0 
0.705807 0.393129 0 0 0 0 
0.683558 0.377373 0 0 0 0 
0.661308 0.361617 0 0 0 0 
0.704 0.372252 0 0 0 0 
0.68175 0.356496 0 0 0 0 
0.702192 0.351375 0 0 0 0 
1 2 6
2 7 6
2 3 7
3 8 7
3 4 8
4 9 8
4 5 9
6 7 10
7 11 10
7 8 11
8 12 11
8 9 12
10 11 13
11 14 13
11 12 14
13 14 15
ZONE N=15, E=16, F=FEPOINT, ET=TRIANGLE
0.784459 0.297595 0 0 0 0 
0.761 0.290286 0 0 0 0 
0.73754 0.282977 0 0 0 0 
0.714081 0.275668 0 0 0 0 
0.690622 0.268359 0 0 0 0 
0.777996 0.277035 0 0 0 0 
0.754537 0.269726 0 0 0 0 
0.731078 0.262417 0 0 0 0 
0.707619 0.255107 0 0 0 0 
0.771534 0.256475 0 0 0 0 
0.748075 0.249165 0 0 0 0 
0.724616 0.241856 0 0 0 0 
0.765072 0.235914 0 0 0 0 
0.741613 0.228605 0 0 0 0 
0.75861 0.215354 0 0 0 0 
1 2 6
2 7 6
2 3 7
3 8 7
3 4 8
4 9 8
4 5 9
6 7 10
7 11 10
7 8 11
8 12 11
8 9 12
10 11 13
11 14 13
11 12 14
13 14 15
ZONE N=15, E=16, F=FEPOINT, ET=TRIANGLE
0.896307 -0.0469494 0 0 0 0 
0.905676 -0.0331454 0 0 0 0 
0.915045 -0.0193413 0 0 0 0 
0.924413 -0.00553725 0 0 0 0 
0.933782 0.00826682 0 0 0 0 
0.889424 -0.0256889 0 0 0 0 
0.898792 -0.0118849 0 0 0 0 
0.908161 0.00191917 0 0 0 0 
0.91753 0.0157232 0 0 0 0 
0.88254 -0.00442847 0 0 0 0 
0.891909 0.0093756 0 0 0 0 
0.901278 0.0231797 0 0 0 0 
0.875657 0.016832 0 0 0 0 
0.885025 0.0306361 0 0 0 0 
0.868773 0.0380925 0 0 0 0 
1 2 6
2 7 6
2 3 7
3 8 7
3 4 8
4 9 8
4 5 9
6 7 10
7 11 10
7 8 11
8 12 11
8 9 12
10 11 13
11 14 13
11 12 14
13 14 15
ZONE N=15, E=16, F=FEPOINT, ET=TRIANGLE
0.773593 0.395279 0 0 0 0 
0.77631 0.370858 0 0 0 0 
0.779026 0.346437 0 0 0 0 
0.781742 0.322016 0 0 0 0 
0.784459 0.297595 0 0 0 0 
0.792427 0.394274 0 0 0 0 
0.795143 0.369853 0 0 0 0 
0.79786 0.345432 0 0 0 0 
0.800576 0.321012 0 0 0 0 
0.81126 0.393269 0 0 0 0 
0.813977 0.368849 0 0 0 0 
0.816693 0.344428 0 0 0 0 
0.830094 0.392265 0 0 0 0 
0.83281 0.367844 0 0 0 0 
0.848927 0.39126 0 0 0 0 
1 2 6
2 7 6
2 3 7
3 8 7
3 4 8
4 9 8
4 5 9
6 7 10
7 11 10
7 8 11
8 12 11
8 9 12
10 11 13
11 14 13
11 12 14
13 14 15
ZONE N=15, E=16, F=FEPOINT, ET=TRIANGLE
0.848927 0.39126 0 0 0 0 
0.867665 0.389116 0 0 0 0 
0.886403 0.386972 0 0 0 0 
0.905142 0.384828 0 0 0 0 
0.92388 0.382683 0 0 0 0 
0.857176 0.411294 0 0 0 0 
0.875914 0.40915 0 0 0 0 
0.894652 0.407006 0 0 0 0 
0.91339 0.404862 0 0 0 0 
0.865424 0.431329 0 0 0 0 
0.884162 0.429184 0 0 0 0 
0.9029 0.42704 0 0 0 0 
0.873673 0.451363 0 0 0 0 
0.892411 0.449218 0 0 0 0 
0.881921 0.471397 0 0 0 0 
1 2 6
2 7 6
2 3 7
3 8 7
3 4 8
4 9 8
4 5 9
6 7 10
7 11 10
7 8 11
8 12 11
8 9 12
10 11 13
11 14 13
11 12 14
13 14 15
ZONE N=15, E=16, F=FEPOINT, ET=TRIANGLE
0.827356 0.238044 0 0 0 0 
0.834585 0.220897 0 0 0 0 
0.841814 0.20375 0 0 0 0 
0.849043 0.186602 0 0 0 0 
0.856272 0.169455 0 0 0 0 
0.845299 0.235677 0 0 0 0 
0.852528 0.21853 0 0 0 0 
0.859757 0.201383 0 0 0 0 
0.866986 0.184235 0 0 0 0 
0.863241 0.23331 0 0 0 0 
0.870471 0.216163 0 0 0 0 
0.8777 0.199015 0 0 0 0 
0.881184 0.230943 0 0 0 0 
0.888414 0.213796 0 0 0 0 
0.899127 0.228576 0 0 0 0 
1 2 6
2 7 6
2 3 7
3 8 7
3 4 8
4 9 8
4 5 9
6 7 10
7 11 10
7 8 11
8 12 11
8 9 12
10 11 13
11 14 13
11 12 14
13 14 15
ZONE N=15, E=16, F=FEPOINT, ET=TRIANGLE
0.95694 0.290285 0 0 0 0 
0.942487 0.274857 0 0 0 0 
0.928034 0.25943 0 0 0 0 
0.913581 0.244003 0 0 0 0 
0.899127 0.228576 0 0 0 0 
0.962902 0.266486 0 0 0 0 
0.948448 0.251059 0 0 0 0 
0.933995 0.235632 0 0 0 0 
0.919542 0.220204 0 0 0 0 
0.968863 0.242687 0 0 0 0 
0.95441 0.22726 0 0 0 0 
0.939956 0.211833 0 0 0 0 
0.974824 0.218889 0 0 0 0 
0.960371 0.203462 0 0 0 0 
0.980785 0.19509 0 0 0 0 
1 2 6
2 7 6
2 3 7
3 8 7
3 4 8
4 9 8
4 5 9
6 7 10
7 11 10
7 8 11
8 12 11
8 9 12
10 11 13
11 14 13
11 12 14
13 14 15
ZONE N=15, E=16, F=FEPOINT, ET=TRIANGLE
0.92388 0.382683 0 0 0 0 
0.905142 0.384828 0 0 0 0 
0.886403 0.386972 0 0 0 0 
0.867665 0.389116 0 0 0 0 
0.848927 0.39126 0 0 0 0 
0.908965 0.3621 0 0 0 0 
0.890227 0.364244 0 0 0 0 
0.871489 0.366388 0 0 0 0 
0.852751 0.368532 0 0 0 0 
0.89405 0.341516 0 0 0 0 
0.875312 0.34366 0 0 0 0 
0.856574 0.345804 0 0 0 0 
0.879136 0.320932 0 0 0 0 
0.860398 0.323076 0 0 0 0 
0.864221 0.300348 0 0 0 0 
1 2 6
2 7 6
2 3 7
3 8 7
3 4 8
4 9 8
4 5 9
6 7 10
7 11 10
7 8 11
8 12 11
8 9 12
10 11 13
11 14 13
11 12 14
13 14 15
ZONE N=15, E=16, F=FEPOINT, ET=TRIANGLE
0.690622 0.268359 0 0 0 0 
0.683125 0.249839 0 0 0 0 
0.675628 0.231319 0 0 0 0 
0.668131 0.212799 0 0 0 0 
0.660634 0.194279 0 0 0 0 
0.707619 0.255107 0 0 0 0 
0.700122 0.236588 0 0 0 0 
0.692625 0.218068 0 0 0 0 
0.685128 0.199548 0 0 0 0 
0.724616 0.241856 0 0 0 0 
0.717119 0.223336 0 0 0 0 
0.709622 0.204816 0 0 0 0 
0.741613 0.228605 0 0 0 0 
0.734116 0.210085 0 0 0 0 
0.75861 0.215354 0 0 0 0 
1 2 6
2 7 6
2 3 7
3 8 7
3 4 8
4 9 8
4 5 9
6 7 10
7 11 10
7 8 11
8 12 11
8 9 12
10 11 13
11 14 13
11 12 14
13 14 15
ZONE N=15, E=16, F=FEPOINT, ET=TRIANGLE
0.856272 0.169455 0 0 0 0 
0.831857 0.18093 0 0 0 0 
0.807441 0.192404 0 0 0 0 
0.783025 0.203879 0 0 0 0 
0.75861 0.215354 0 0 0 0 
0.831244 0.159387 0 0 0 0 
0.806828 0.170861 0 0 0 0 
0.782413 0.182336 0 0 0 0 
0.757997 0.19381 0 0 0 0 
0.806216 0.149318 0 0 0 0 
0.7818 0.160793 0 0 0 0 
0.757385 0.172267 0 0 0 0 
0.781188 0.139249 0 0 0 0 
0.756772 0.150724 0 0 0 0 
0.756159 0.129181 0 0 0 0 
1 2 6
2 7 6
2 3 7
3 8 7
3 4 8
4 9 8
4 5 9
6 7 10
7 11 10
7 8 11
8 12 11
8 9 12
10 11 13
11 14 13
11 12 14
13 14 15
ZONE N=15, E=16, F=FEPOINT, ET=TRIANGLE
0.933782 0.00826682 0 0 0 0 
0.949133 0.0307044 0 0 0 0 
0.964483 0.053142 0 0 0 0 
0.979834 0.0755796 0 0 0 0 
0.995185 0.0980171 0 0 0 0 
0.926408 0.0332838 0 0 0 0 
0.941758 0.0557213 0 0 0 0 
0.957109 0.0781589 0 0 0 0 
0.97246 0.100596 0 0 0 0 
0.919033 0.0583007 0 0 0 0 
0.934384 0.0807383 0 0 0 0 
0.949735 0.103176 0 0 0 0 
0.911659 0.0833176 0 0 0 0 
0.92701 0.105755 0 0 0 0 
0.904285 0.108335 0 0 0 0 
1 2 6
2 7 6
2 3 7
3 8 7
3 4 8
4 9 8
4 5 9
6 7 10
7 11 10
7 8 11
8 12 11
8 9 12
10 11 13
11 14 13
11 12 14
13 14 15
ZONE N=15, E=16, F=FEPOINT, ET=TRIANGLE
0.95694 0.290285 0 0 0 0 
0.933761 0.2928 0 0 0 0 
0.910581 0.295316 0 0 0 0 
0.887401 0.297832 0 0 0 0 
0.864221 0.300348 0 0 0 0 
0.942487 0.274857 0 0 0 0 
0.919307 0.277373 0 0 0 0 
0.896128 0.279889 0 0 0 0 
0.872948 0.282405 0 0 0 0 
0.928034 0.25943 0 0 0 0 
0.904854 0.261946 0 0 0 0 
0.881674 0.264462 0 0 0 0 
0.913581 0.244003 0 0 0 0 
0.890401 0.246519 0 0 0 0 
0.899127 0.228576 0 0 0 0 
1 2 6
2 7 6
2 3 7
3 8 7
3 4 8
4 9 8
4 5 9
6 7 10
7 11 10
7 8 11
8 12 11
8 9 12
10 11 13
11 14 13
11 12 14
13 14 15
ZONE N=15, E=16, F=FEPOINT, ET=TRIANGLE
0.827356 0.238044 0 0 0 0 
0.836572 0.25362 0 0 0 0 
0.845788 0.269196 0 0 0 0 
0.855005 0.284772 0 0 0 0 
0.864221 0.300348 0 0 0 0 
0.816631 0.252932 0 0 0 0 
0.825848 0.268508 0 0 0 0 
0.835064 0.284084 0 0 0 0 
0.844281 0.29966 0 0 0 0 
0.805907 0.26782 0 0 0 0 
0.815124 0.283396 0 0 0 0 
0.82434 0.298972 0 0 0 0 
0.795183 0.282708 0 0 0 0 
0.804399 0.298284 0 0 0 0 
0.784459 0.297595 0 0 0 0 
1 2 6
2 7 6
2 3 7
3 8 7
3 4 8
4 9 8
4 5 9
6 7 10
7 11 10
7 8 11
8 12 11
8 9 12
10 11 13
11 14 13
11 12 14
13 14 15
ZONE N=15, E=16, F=FEPOINT, ET=TRIANGLE
0.95694 0.290285 0 0 0 0 
0.948675 0.313384 0 0 0 0 
0.94041 0.336484 0 0 0 0 
0.932145 0.359584 0 0 0 0 
0.92388 0.382683 0 0 0 0 
0.933761 0.2928 0 0 0 0 
0.925495 0.3159 0 0 0 0 
0.91723 0.339 0 0 0 0 
0.908965 0.3621 0 0 0 0 
0.910581 0.295316 0 0 0 0 
0.902316 0.318416 0 0 0 0 
0.89405 0.341516 0 0 0 0 
0.887401 0.297832 0 0 0 0 
0.879136 0.320932 0 0 0 0 
0.864221 0.300348 0 0 0 0 
1 2 6
2 7 6
2 3 7
3 8 7
3 4 8
4 9 8
4 5 9
6 7 10
7 11 10
7 8 11
8 12 11
8 9 12
10 11 13
11 14 13
11 12 14
13 14 15
ZONE N=15, E=16, F=FEPOINT, ET=TRIANGLE
0.864221 0.300348 0 0 0 0 
0.860398 0.323076 0 0 0 0 
0.856574 0.345804 0 0 0 0 
0.852751 0.368532 0 0 0 0 
0.848927 0.39126 0 0 0 0 
0.844281 0.29966 0 0 0 0 
0.840457 0.322388 0 0 0 0 
0.836634 0.345116 0 0 0 0 
0.83281 0.367844 0 0 0 0 
0.82434 0.298972 0 0 0 0 
0.820517 0.3217 0 0 0 0 
0.816693 0.344428 0 0 0 0 
0.804399 0.298284 0 0 0 0 
0.800576 0.321012 0 0 0 0 
0.784459 0.297595 0 0 0 0 
1 2 6
2 7 6
2 3 7
3 8 7
3 4 8
4 9 8
4 5 9
6 7 10
7 11 10
7 8 11
8 12 11
8 9 12
10 11 13
11 14 13
11 12 14
13 14 15
ZONE N=15, E=16, F=FEPOINT, ET=TRIANGLE
0.75861 0.215354 0 0 0 0 
0.783025 0.203879 0 0 0 0 
0.807441 0.192404 0 0 0 0 
0.831857 0.18093 0 0 0 0 
0.856272 0.169455 0 0 0 0 
0.775796 0.221026 0 0 0 0 
0.800212 0.209552 0 0 0 0 
0.824628 0.198077 0 0 0 0 
0.849043 0.186602 0 0 0 0 
0.792983 0.226699 0 0 0 0 
0.817398 0.215224 0 0 0 0 
0.841814 0.20375 0 0 0 0 
0.810169 0.232372 0 0 0 0 
0.834585 0.220897 0 0 0 0 
0.827356 0.238044 0 0 0 0 
1 2 6
2 7 6
2 3 7
3 8 7
3 4 8
4 9 8
4 5 9
6 7 10
7 11 10
7 8 11
8 12 11
8 9 12
10 11 13
11 14 13
11 12 14
13 14 15
ZONE N=15, E=16, F=FEPOINT, ET=TRIANGLE
0.827356 0.238044 0 0 0 0 
0.845299 0.235677 0 0 0 0 
0.863241 0.23331 0 0 0 0 
0.881184 0.230943 0 0 0 0 
0.899127 0.228576 0 0 0 0 
0.836572 0.25362 0 0 0 0 
0.854515 0.251253 0 0 0 0 
0.872458 0.248886 0 0 0 0 
0.890401 0.246519 0 0 0 0 
0.845788 0.269196 0 0 0 0 
0.863731 0.266829 0 0 0 0 
0.881674 0.264462 0 0 0 0 
0.855005 0.284772 0 0 0 0 
0.872948 0.282405 0 0 0 0 
0.864221 0.300348 0 0 0 0 
1 2 6
2 7 6
2 3 7
3 8 7
3 4 8
4 9 8
4 5 9
6 7 10
7 11 10
7 8 11
8 12 11
8 9 12
10 11 13
11 14 13
11 12 14
13 14 15
ZONE N=15, E=16, F=FEPOINT, ET=TRIANGLE
0.377515 0.703382 0 0 0 0 
0.394493 0.727333 0 0 0 0 
0.41147 0.751284 0 0 0 0 
0.428447 0.775235 0 0 0 0 
0.445425 0.799186 0 0 0 0 
0.372446 0.721408 0 0 0 0 
0.389424 0.745359 0 0 0 0 
0.406401 0.76931 0 0 0 0 
0.423378 0.793261 0 0 0 0 
0.367378 0.739434 0 0 0 0 
0.384355 0.763385 0 0 0 0 
0.401332 0.787336 0 0 0 0 
0.362309 0.75746 0 0 0 0 
0.379286 0.781411 0 0 0 0 
0.35724 0.775485 0 0 0 0 
1 2 6
2 7 6
2 3 7
3 8 7
3 4 8
4 9 8
4 5 9
6 7 10
7 11 10
7 8 11
8 12 11
8 9 12
10 11 13
11 14 13
11 12 14
13 14 15
ZONE N=15, E=16, F=FEPOINT, ET=TRIANGLE
0.387861 0.84384 0 0 0 0 
0.367819 0.844487 0 0 0 0 
0.347778 0.845135 0 0 0 0 
0.327737 0.845782 0 0 0 0 
0.307695 0.84643 0 0 0 0 
0.380206 0.826751 0 0 0 0 
0.360164 0.827399 0 0 0 0 
0.340123 0.828046 0 0 0 0 
0.320081 0.828694 0 0 0 0 
0.37255 0.809662 0 0 0 0 
0.352509 0.81031 0 0 0 0 
0.332468 0.810957 0 0 0 0 
0.364895 0.792574 0 0 0 0 
0.344854 0.793221 0 0 0 0 
0.35724 0.775485 0 0 0 0 
1 2 6
2 7 6
2 3 7
3 8 7
3 4 8
4 9 8
4 5 9
6 7 10
7 11 10
7 8 11
8 12 11
8 9 12
10 11 13
11 14 13
11 12 14
13 14 15
ZONE N=15, E=16, F=FEPOINT, ET=TRIANGLE
0.424542 -0.541637 0 0 0 0 
0.444159 -0.55286 0 0 0 0 
0.463776 -0.564083 0 0 0 0 
0.483394 -0.575306 0 0 0 0 
0.503011 -0.586529 0 0 0 0 
0.442357 -0.533098 0 0 0 0 
0.461974 -0.544321 0 0 0 0 
0.481591 -0.555545 0 0 0 0 
0.501209 -0.566768 0 0 0 0 
0.460172 -0.52456 0 0 0 0 
0.479789 -0.535783 0 0 0 0 
0.499406 -0.547006 0 0 0 0 
0.477986 -0.516021 0 0 0 0 
0.497604 -0.527244 0 0 0 0 
0.495801 -0.507482 0 0 0 0 
1 2 6
2 7 6
2 3 7
3 8 7
3 4 8
4 9 8
4 5 9
6 7 10
7 11 10
7 8 11
8 12 11
8 9 12
10 11 13
11 14 13
11 12 14
13 14 15
ZONE N=15, E=16, F=FEPOINT, ET=TRIANGLE
0.456883 -0.736296 0 0 0 0 
0.475026 -0.738259 0 0 0 0 
0.493169 -0.740222 0 0 0 0 
0.511313 -0.742185 0 0 0 0 
0.529456 -0.744148 0 0 0 0 
0.467965 -0.718693 0 0 0 0 
0.486108 -0.720656 0 0 0 0 
0.504252 -0.722619 0 0 0 0 
0.522395 -0.724582 0 0 0 0 
0.479047 -0.701091 0 0 0 0 
0.49719 -0.703053 0 0 0 0 
0.515334 -0.705016 0 0 0 0 
0.490129 -0.683488 0 0 0 0 
0.508273 -0.685451 0 0 0 0 
0.501212 -0.665885 0 0 0 0 
1 2 6
2 7 6
2 3 7
3 8 7
3 4 8
4 9 8
4 5 9
6 7 10
7 11 10
7 8 11
8 12 11
8 9 12
10 11 13
11 14 13
11 12 14
13 14 15
ZONE N=15, E=16, F=FEPOINT, ET=TRIANGLE
0.366393 -0.85215 0 0 0 0 
0.362613 -0.833463 0 0 0 0 
0.358834 -0.814776 0 0 0 0 
0.355054 -0.796089 0 0 0 0 
0.351275 -0.777402 0 0 0 0 
0.348106 -0.850215 0 0 0 0 
0.344327 -0.831528 0 0 0 0 
0.340547 -0.812841 0 0 0 0 
0.336768 -0.794154 0 0 0 0 
0.329819 -0.84828 0 0 0 0 
0.32604 -0.829593 0 0 0 0 
0.32226 -0.810906 0 0 0 0 
0.311532 -0.846344 0 0 0 0 
0.307753 -0.827657 0 0 0 0 
0.293245 -0.844409 0 0 0 0 
1 2 6
2 7 6
2 3 7
3 8 7
3 4 8
4 9 8
4 5 9
6 7 10
7 11 10
7 8 11
8 12 11
8 9 12
10 11 13
11 14 13
11 12 14
13 14 15
ZONE N=15, E=16, F=FEPOINT, ET=TRIANGLE
0.391488 -0.724501 0 0 0 0 
0.399315 -0.744609 0 0 0 0 
0.407142 -0.764718 0 0 0 0 
0.414968 -0.784827 0 0 0 0 
0.422795 -0.804935 0 0 0 0 
0.407836 -0.72745 0 0 0 0 
0.415663 -0.747558 0 0 0 0 
0.42349 -0.767667 0 0 0 0 
0.431317 -0.787775 0 0 0 0 
0.424185 -0.730399 0 0 0 0 
0.432012 -0.750507 0 0 0 0 
0.439839 -0.770616 0 0 0 0 
0.440534 -0.733347 0 0 0 0 
0.448361 -0.753456 0 0 0 0 
0.456883 -0.736296 0 0 0 0 
1 2 6
2 7 6
2 3 7
3 8 7
3 4 8
4 9 8
4 5 9
6 7 10
7 11 10
7 8 11
8 12 11
8 9 12
10 11 13
11 14 13
11 12 14
13 14 15
ZONE N=15, E=16, F=FEPOINT, ET=TRIANGLE
0.471397 -0.881921 0 0 0 0 
0.49244 -0.869308 0 0 0 0 
0.513483 -0.856695 0 0 0 0 
0.534527 -0.844083 0 0 0 0 
0.55557 -0.83147 0 0 0 0 
0.459246 -0.862675 0 0 0 0 
0.48029 -0.850062 0 0 0 0 
0.501333 -0.837449 0 0 0 0 
0.522376 -0.824836 0 0 0 0 
0.447096 -0.843428 0 0 0 0 
0.468139 -0.830815 0 0 0 0 
0.489183 -0.818202 0 0 0 0 
0.434946 -0.824182 0 0 0 0 
0.455989 -0.811569 0 0 0 0 
0.422795 -0.804935 0 0 0 0 
1 2 6
2 7 6
2 3 7
3 8 7
3 4 8
4 9 8
4 5 9
6 7 10
7 11 10
7 8 11
8 12 11
8 9 12
10 11 13
11 14 13
11 12 14
13 14 15
ZONE N=15, E=16, F=FEPOINT, ET=TRIANGLE
0.456883 -0.736296 0 0 0 0 
0.450502 -0.707393 0 0 0 0 
0.44412 -0.678489 0 0 0 0 
0.437739 -0.649585 0 0 0 0 
0.431358 -0.620681 0 0 0 0 
0.440534 -0.733347 0 0 0 0 
0.434153 -0.704444 0 0 0 0 
0.427772 -0.67554 0 0 0 0 
0.421391 -0.646636 0 0 0 0 
0.424185 -0.730399 0 0 0 0 
0.417804 -0.701495 0 0 0 0 
0.411423 -0.672591 0 0 0 0 
0.407836 -0.72745 0 0 0 0 
0.401455 -0.698546 0 0 0 0 
0.391488 -0.724501 0 0 0 0 
1 2 6
2 7 6
2 3 7
3 8 7
3 4 8
4 9 8
4 5 9
6 7 10
7 11 10
7 8 11
8 12 11
8 9 12
10 11 13
11 14 13
11 12 14
13 14 15
ZONE N=15, E=16, F=FEPOINT, ET=TRIANGLE
0.271177 -0.697234 0 0 0 0 
0.276572 -0.711868 0 0 0 0 
0.281968 -0.726501 0 0 0 0 
0.287363 -0.741135 0 0 0 0 
0.292759 -0.755769 0 0 0 0 
0.294039 -0.689087 0 0 0 0 
0.299434 -0.703721 0 0 0 0 
0.30483 -0.718354 0 0 0 0 
0.310225 -0.732988 0 0 0 0 
0.316901 -0.68094 0 0 0 0 
0.322296 -0.695574 0 0 0 0 
0.327692 -0.710208 0 0 0 0 
0.339763 -0.672793 0 0 0 0 
0.345158 -0.687427 0 0 0 0 
0.362625 -0.664646 0 0 0 0 
1 2 6
2 7 6
2 3 7
3 8 7
3 4 8
4 9 8
4 5 9
6 7 10
7 11 10
7 8 11
8 12 11
8 9 12
10 11 13
11 14 13
11 12 14
13 14 15
ZONE N=15, E=16, F=FEPOINT, ET=TRIANGLE
0.0237211 -0.894046 0 0 0 0 
0.0415435 -0.897604 0 0 0 0 
0.0593659 -0.901161 0 0 0 0 
0.0771884 -0.904719 0 0 0 0 
0.0950108 -0.908277 0 0 0 0 
0.0471337 -0.880311 0 0 0 0 
0.0649561 -0.883868 0 0 0 0 
0.0827785 -0.887426 0 0 0 0 
0.100601 -0.890984 0 0 0 0 
0.0705463 -0.866575 0 0 0 0 
0.0883687 -0.870133 0 0 0 0 
0.106191 -0.873691 0 0 0 0 
0.0939589 -0.85284 0 0 0 0 
0.111781 -0.856398 0 0 0 0 
0.117371 -0.839105 0 0 0 0 
1 2 6
2 7 6
2 3 7
3 8 7
3 4 8
4 9 8
4 5 9
6 7 10
7 11 10
7 8 11
8 12 11
8 9 12
10 11 13
11 14 13
11 12 14
13 14 15
ZONE N=15, E=16, F=FEPOINT, ET=TRIANGLE
0.206341 -0.826947 0 0 0 0 
0.228067 -0.831313 0 0 0 0 
0.249793 -0.835678 0 0 0 0 
0.271519 -0.840044 0 0 0 0 
0.293245 -0.844409 0 0 0 0 
0.227945 -0.809153 0 0 0 0 
0.249672 -0.813518 0 0 0 0 
0.271398 -0.817883 0 0 0 0 
0.293124 -0.822249 0 0 0 0 
0.24955 -0.791358 0 0 0 0 
0.271276 -0.795723 0 0 0 0 
0.293002 -0.800089 0 0 0 0 
0.271154 -0.773563 0 0 0 0 
0.292881 -0.777929 0 0 0 0 
0.292759 -0.755769 0 0 0 0 
1 2 6
2 7 6
2 3 7
3 8 7
3 4 8
4 9 8
4 5 9
6 7 10
7 11 10
7 8 11
8 12 11
8 9 12
10 11 13
11 14 13
11 12 14
13 14 15
ZONE N=15, E=16, F=FEPOINT, ET=TRIANGLE
0.351275 -0.777402 0 0 0 0 
0.361328 -0.764177 0 0 0 0 
0.371381 -0.750951 0 0 0 0 
0.381435 -0.737726 0 0 0 0 
0.391488 -0.724501 0 0 0 0 
0.336646 -0.771994 0 0 0 0 
0.346699 -0.758768 0 0 0 0 
0.356752 -0.745543 0 0 0 0 
0.366806 -0.732318 0 0 0 0 
0.322017 -0.766585 0 0 0 0 
0.33207 -0.75336 0 0 0 0 
0.342123 -0.740135 0 0 0 0 
0.307388 -0.761177 0 0 0 0 
0.317441 -0.747952 0 0 0 0 
0.292759 -0.755769 0 0 0 0 
1 2 6
2 7 6
2 3 7
3 8 7
3 4 8
4 9 8
4 5 9
6 7 10
7 11 10
7 8 11
8 12 11
8 9 12
10 11 13
11 14 13
11 12 14
13 14 15
ZONE N=15, E=16, F=FEPOINT, ET=TRIANGLE
0.271177 -0.697234 0 0 0 0 
0.257952 -0.707776 0 0 0 0 
0.244728 -0.718318 0 0 0 0 
0.231504 -0.728861 0 0 0 0 
0.21828 -0.739403 0 0 0 0 
0.276572 -0.711868 0 0 0 0 
0.263348 -0.72241 0 0 0 0 
0.250124 -0.732952 0 0 0 0 
0.2369 -0.743495 0 0 0 0 
0.281968 -0.726501 0 0 0 0 
0.268744 -0.737044 0 0 0 0 
0.255519 -0.747586 0 0 0 0 
0.287363 -0.741135 0 0 0 0 
0.274139 -0.751677 0 0 0 0 
0.292759 -0.755769 0 0 0 0 
1 2 6
2 7 6
2 3 7
3 8 7
3 4 8
4 9 8
4 5 9
6 7 10
7 11 10
7 8 11
8 12 11
8 9 12
10 11 13
11 14 13
11 12 14
13 14 15
ZONE N=15, E=16, F=FEPOINT, ET=TRIANGLE
0.271177 -0.697234 0 0 0 0 
0.258538 -0.685314 0 0 0 0 
0.245899 -0.673395 0 0 0 0 
0.23326 -0.661475 0 0 0 0 
0.220621 -0.649556 0 0 0 0 
0.257952 -0.707776 0 0 0 0 
0.245313 -0.695857 0 0 0 0 
0.232674 -0.683937 0 0 0 0 
0.220035 -0.672018 0 0 0 0 
0.244728 -0.718318 0 0 0 0 
0.232089 -0.706399 0 0 0 0 
0.21945 -0.69448 0 0 0 0 
0.231504 -0.728861 0 0 0 0 
0.218865 -0.716941 0 0 0 0 
0.21828 -0.739403 0 0 0 0 
1 2 6
2 7 6
2 3 7
3 8 7
3 4 8
4 9 8
4 5 9
6 7 10
7 11 10
7 8 11
8 12 11
8 9 12
10 11 13
11 14 13
11 12 14
13 14 15
ZONE N=15, E=16, F=FEPOINT, ET=TRIANGLE
0.117371 -0.839105 0 0 0 0 
0.139614 -0.836066 0 0 0 0 
0.161856 -0.833026 0 0 0 0 
0.184098 -0.829987 0 0 0 0 
0.206341 -0.826947 0 0 0 0 
0.126243 -0.818483 0 0 0 0 
0.148486 -0.815444 0 0 0 0 
0.170728 -0.812404 0 0 0 0 
0.19297 -0.809365 0 0 0 0 
0.135115 -0.797862 0 0 0 0 
0.157357 -0.794822 0 0 0 0 
0.1796 -0.791783 0 0 0 0 
0.143987 -0.77724 0 0 0 0 
0.166229 -0.774201 0 0 0 0 
0.152858 -0.756618 0 0 0 0 
1 2 6
2 7 6
2 3 7
3 8 7
3 4 8
4 9 8
4 5 9
6 7 10
7 11 10
7 8 11
8 12 11
8 9 12
10 11 13
11 14 13
11 12 14
13 14 15
ZONE N=15, E=16, F=FEPOINT, ET=TRIANGLE
0.043973 -0.787375 0 0 0 0 
0.03891 -0.814043 0 0 0 0 
0.033847 -0.84071 0 0 0 0 
0.0287841 -0.867378 0 0 0 0 
0.0237211 -0.894046 0 0 0 0 
0.0623226 -0.800307 0 0 0 0 
0.0572596 -0.826975 0 0 0 0 
0.0521966 -0.853643 0 0 0 0 
0.0471337 -0.880311 0 0 0 0 
0.0806722 -0.81324 0 0 0 0 
0.0756092 -0.839908 0 0 0 0 
0.0705463 -0.866575 0 0 0 0 
0.0990218 -0.826172 0 0 0 0 
0.0939589 -0.85284 0 0 0 0 
0.117371 -0.839105 0 0 0 0 
1 2 6
2 7 6
2 3 7
3 8 7
3 4 8
4 9 8
4 5 9
6 7 10
7 11 10
7 8 11
8 12 11
8 9 12
10 11 13
11 14 13
11 12 14
13 14 15
ZONE N=15, E=16, F=FEPOINT, ET=TRIANGLE
0.043973 -0.787375 0 0 0 0 
0.0304546 -0.798623 0 0 0 0 
0.0169362 -0.809871 0 0 0 0 
0.00341785 -0.821119 0 0 0 0 
-0.0101005 -0.832367 0 0 0 0 
0.03891 -0.814043 0 0 0 0 
0.0253916 -0.825291 0 0 0 0 
0.0118732 -0.836539 0 0 0 0 
-0.00164512 -0.847787 0 0 0 0 
0.033847 -0.84071 0 0 0 0 
0.0203287 -0.851958 0 0 0 0 
0.00681028 -0.863206 0 0 0 0 
0.0287841 -0.867378 0 0 0 0 
0.0152657 -0.878626 0 0 0 0 
0.0237211 -0.894046 0 0 0 0 
1 2 6
2 7 6
2 3 7
3 8 7
3 4 8
4 9 8
4 5 9
6 7 10
7 11 10
7 8 11
8 12 11
8 9 12
10 11 13
11 14 13
11 12 14
13 14 15
ZONE N=15, E=16, F=FEPOINT, ET=TRIANGLE
0.169808 -0.891218 0 0 0 0 
0.187388 -0.891037 0 0 0 0 
0.204968 -0.890856 0 0 0 0 
0.222548 -0.890676 0 0 0 0 
0.240128 -0.890495 0 0 0 0 
0.178941 -0.87515 0 0 0 0 
0.196521 -0.874969 0 0 0 0 
0.214101 -0.874789 0 0 0 0 
0.231681 -0.874608 0 0 0 0 
0.188074 -0.859082 0 0 0 0 
0.205654 -0.858902 0 0 0 0 
0.223234 -0.858721 0 0 0 0 
0.197208 -0.843015 0 0 0 0 
0.214788 -0.842834 0 0 0 0 
0.206341 -0.826947 0 0 0 0 
1 2 6
2 7 6
2 3 7
3 8 7
3 4 8
4 9 8
4 5 9
6 7 10
7 11 10
7 8 11
8 12 11
8 9 12
10 11 13
11 14 13
11 12 14
13 14 15
ZONE N=15, E=16, F=FEPOINT, ET=TRIANGLE
0.382683 -0.92388 0 0 0 0 
0.378611 -0.905947 0 0 0 0 
0.374538 -0.888015 0 0 0 0 
0.370466 -0.870083 0 0 0 0 
0.366393 -0.85215 0 0 0 0 
0.359584 -0.932145 0 0 0 0 
0.355511 -0.914212 0 0 0 0 
0.351439 -0.89628 0 0 0 0 
0.347366 -0.878348 0 0 0 0 
0.336484 -0.94041 0 0 0 0 
0.332411 -0.922478 0 0 0 0 
0.328339 -0.904545 0 0 0 0 
0.313384 -0.948675 0 0 0 0 
0.309312 -0.930743 0 0 0 0 
0.290285 -0.95694 0 0 0 0 
1 2 6
2 7 6
2 3 7
3 8 7
3 4 8
4 9 8
4 5 9
6 7 10
7 11 10
7 8 11
8 12 11
8 9 12
10 11 13
11 14 13
11 12 14
13 14 15
ZONE N=15, E=16, F=FEPOINT, ET=TRIANGLE
0.290285 -0.95694 0 0 0 0 
0.277746 -0.940329 0 0 0 0 
0.265206 -0.923718 0 0 0 0 
0.252667 -0.907107 0 0 0 0 
0.240128 -0.890495 0 0 0 0 
0.266486 -0.962902 0 0 0 0 
0.253947 -0.94629 0 0 0 0 
0.241408 -0.929679 0 0 0 0 
0.228869 -0.913068 0 0 0 0 
0.242687 -0.968863 0 0 0 0 
0.230148 -0.952252 0 0 0 0 
0.217609 -0.93564 0 0 0 0 
0.218889 -0.974824 0 0 0 0 
0.20635 -0.958213 0 0 0 0 
0.19509 -0.980785 0 0 0 0 
1 2 6
2 7 6
2 3 7
3 8 7
3 4 8
4 9 8
4 5 9
6 7 10
7 11 10
7 8 11
8 12 11
8 9 12
10 11 13
11 14 13
11 12 14
13 14 15
ZONE N=15, E=16, F=FEPOINT, ET=TRIANGLE
0.0950108 -0.908277 0 0 0 0 
0.120031 -0.926404 0 0 0 0 
0.145051 -0.944531 0 0 0 0 
0.17007 -0.962658 0 0 0 0 
0.19509 -0.980785 0 0 0 0 
0.11371 -0.904012 0 0 0 0 
0.13873 -0.922139 0 0 0 0 
0.16375 -0.940266 0 0 0 0 
0.18877 -0.958393 0 0 0 0 
0.132409 -0.899747 0 0 0 0 
0.157429 -0.917874 0 0 0 0 
0.182449 -0.936001 0 0 0 0 
0.151109 -0.895482 0 0 0 0 
0.176129 -0.91361 0 0 0 0 
0.169808 -0.891218 0 0 0 0 
1 2 6
2 7 6
2 3 7
3 8 7
3 4 8
4 9 8
4 5 9
6 7 10
7 11 10
7 8 11
8 12 11
8 9 12
10 11 13
11 14 13
11 12 14
13 14 15
ZONE N=15, E=16, F=FEPOINT, ET=TRIANGLE
0.169808 -0.891218 0 0 0 0 
0.178941 -0.87515 0 0 0 0 
0.188074 -0.859082 0 0 0 0 
0.197208 -0.843015 0 0 0 0 
0.206341 -0.826947 0 0 0 0 
0.156699 -0.878189 0 0 0 0 
0.165832 -0.862122 0 0 0 0 
0.174965 -0.846054 0 0 0 0 
0.184098 -0.829987 0 0 0 0 
0.14359 -0.865161 0 0 0 0 
0.152723 -0.849094 0 0 0 0 
0.161856 -0.833026 0 0 0 0 
0.130481 -0.852133 0 0 0 0 
0.139614 -0.836066 0 0 0 0 
0.117371 -0.839105 0 0 0 0 
1 2 6
2 7 6
2 3 7
3 8 7
3 4 8
4 9 8
4 5 9
6 7 10
7 11 10
7 8 11
8 12 11
8 9 12
10 11 13
11 14 13
11 12 14
13 14 15
ZONE N=15, E=16, F=FEPOINT, ET=TRIANGLE
0.0980171 -0.995185 0 0 0 0 
0.0794431 -0.9699 0 0 0 0 
0.0608691 -0.944615 0 0 0 0 
0.0422951 -0.919331 0 0 0 0 
0.0237211 -0.894046 0 0 0 0 
0.0735129 -0.996389 0 0 0 0 
0.0549388 -0.971104 0 0 0 0 
0.0363648 -0.945819 0 0 0 0 
0.0177908 -0.920535 0 0 0 0 
0.0490086 -0.997592 0 0 0 0 
0.0304346 -0.972308 0 0 0 0 
0.0118605 -0.947023 0 0 0 0 
0.0245043 -0.998796 0 0 0 0 
0.00593027 -0.973512 0 0 0 0 
-1.83697e-16 -1 0 0 0 0 
1 2 6
2 7 6
2 3 7
3 8 7
3 4 8
4 9 8
4 5 9
6 7 10
7 11 10
7 8 11
8 12 11
8 9 12
10 11 13
11 14 13
11 12 14
13 14 15
ZONE N=15, E=16, F=FEPOINT, ET=TRIANGLE
0.756159 0.129181 0 0 0 0 
0.752577 0.108603 0 0 0 0 
0.748994 0.0880262 0 0 0 0 
0.745412 0.0674491 0 0 0 0 
0.741829 0.046872 0 0 0 0 
0.773987 0.121007 0 0 0 0 
0.770404 0.10043 0 0 0 0 
0.766822 0.0798525 0 0 0 0 
0.763239 0.0592754 0 0 0 0 
0.791815 0.112833 0 0 0 0 
0.788232 0.0922559 0 0 0 0 
0.784649 0.0716787 0 0 0 0 
0.809642 0.104659 0 0 0 0 
0.80606 0.0840821 0 0 0 0 
0.82747 0.0964855 0 0 0 0 
1 2 6
2 7 6
2 3 7
3 8 7
3 4 8
4 9 8
4 5 9
6 7 10
7 11 10
7 8 11
8 12 11
8 9 12
10 11 13
11 14 13
11 12 14
13 14 15
ZONE N=15, E=16, F=FEPOINT, ET=TRIANGLE
0.0950108 -0.908277 0 0 0 0 
0.11371 -0.904012 0 0 0 0 
0.132409 -0.899747 0 0 0 0 
0.151109 -0.895482 0 0 0 0 
0.169808 -0.891218 0 0 0 0 
0.100601 -0.890984 0 0 0 0 
0.1193 -0.886719 0 0 0 0 
0.138 -0.882454 0 0 0 0 
0.156699 -0.878189 0 0 0 0 
0.106191 -0.873691 0 0 0 0 
0.12489 -0.869426 0 0 0 0 
0.14359 -0.865161 0 0 0 0 
0.111781 -0.856398 0 0 0 0 
0.130481 -0.852133 0 0 0 0 
0.117371 -0.839105 0 0 0 0 
1 2 6
2 7 6
2 3 7
3 8 7
3 4 8
4 9 8
4 5 9
6 7 10
7 11 10
7 8 11
8 12 11
8 9 12
10 11 13
11 14 13
11 12 14
13 14 15
ZONE N=15, E=16, F=FEPOINT, ET=TRIANGLE
0.293245 -0.844409 0 0 0 0 
0.271519 -0.840044 0 0 0 0 
0.249793 -0.835678 0 0 0 0 
0.228067 -0.831313 0 0 0 0 
0.206341 -0.826947 0 0 0 0 
0.279966 -0.855931 0 0 0 0 
0.25824 -0.851565 0 0 0 0 
0.236514 -0.8472 0 0 0 0 
0.214788 -0.842834 0 0 0 0 
0.266687 -0.867452 0 0 0 0 
0.244961 -0.863087 0 0 0 0 
0.223234 -0.858721 0 0 0 0 
0.253407 -0.878974 0 0 0 0 
0.231681 -0.874608 0 0 0 0 
0.240128 -0.890495 0 0 0 0 
1 2 6
2 7 6
2 3 7
3 8 7
3 4 8
4 9 8
4 5 9
6 7 10
7 11 10
7 8 11
8 12 11
8 9 12
10 11 13
11 14 13
11 12 14
13 14 15
ZONE N=15, E=16, F=FEPOINT, ET=TRIANGLE
0.169808 -0.891218 0 0 0 0 
0.176129 -0.91361 0 0 0 0 
0.182449 -0.936001 0 0 0 0 
0.18877 -0.958393 0 0 0 0 
0.19509 -0.980785 0 0 0 0 
0.187388 -0.891037 0 0 0 0 
0.193709 -0.913429 0 0 0 0 
0.200029 -0.935821 0 0 0 0 
0.20635 -0.958213 0 0 0 0 
0.204968 -0.890856 0 0 0 0 
0.211289 -0.913248 0 0 0 0 
0.217609 -0.93564 0 0 0 0 
0.222548 -0.890676 0 0 0 0 
0.228869 -0.913068 0 0 0 0 
0.240128 -0.890495 0 0 0 0 
1 2 6
2 7 6
2 3 7
3 8 7
3 4 8
4 9 8
4 5 9
6 7 10
7 11 10
7 8 11
8 12 11
8 9 12
10 11 13
11 14 13
11 12 14
13 14 15
ZONE N=15, E=16, F=FEPOINT, ET=TRIANGLE
0.573223 0.272773 0 0 0 0 
0.595075 0.25315 0 0 0 0 
0.616928 0.233526 0 0 0 0 
0.638781 0.213903 0 0 0 0 
0.660634 0.194279 0 0 0 0 
0.588221 0.280825 0 0 0 0 
0.610074 0.261201 0 0 0 0 
0.631927 0.241578 0 0 0 0 
0.65378 0.221954 0 0 0 0 
0.603219 0.288876 0 0 0 0 
0.625072 0.269253 0 0 0 0 
0.646925 0.249629 0 0 0 0 
0.618218 0.296928 0 0 0 0 
0.640071 0.277304 0 0 0 0 
0.633216 0.30498 0 0 0 0 
1 2 6
2 7 6
2 3 7
3 8 7
3 4 8
4 9 8
4 5 9
6 7 10
7 11 10
7 8 11
8 12 11
8 9 12
10 11 13
11 14 13
11 12 14
13 14 15
ZONE N=15, E=16, F=FEPOINT, ET=TRIANGLE
0.690622 0.268359 0 0 0 0 
0.693515 0.289113 0 0 0 0 
0.696407 0.309867 0 0 0 0 
0.6993 0.330621 0 0 0 0 
0.702192 0.351375 0 0 0 0 
0.676271 0.277514 0 0 0 0 
0.679163 0.298268 0 0 0 0 
0.682056 0.319022 0 0 0 0 
0.684948 0.339776 0 0 0 0 
0.661919 0.286669 0 0 0 0 
0.664812 0.307423 0 0 0 0 
0.667704 0.328177 0 0 0 0 
0.647568 0.295824 0 0 0 0 
0.65046 0.316579 0 0 0 0 
0.633216 0.30498 0 0 0 0 
1 2 6
2 7 6
2 3 7
3 8 7
3 4 8
4 9 8
4 5 9
6 7 10
7 11 10
7 8 11
8 12 11
8 9 12
10 11 13
11 14 13
11 12 14
13 14 15
ZONE N=15, E=16, F=FEPOINT, ET=TRIANGLE
0.980785 -0.19509 0 0 0 0 
0.964706 -0.17946 0 0 0 0 
0.948626 -0.163829 0 0 0 0 
0.932547 -0.148199 0 0 0 0 
0.916468 -0.132569 0 0 0 0 
0.956186 -0.201746 0 0 0 0 
0.940107 -0.186115 0 0 0 0 
0.924027 -0.170485 0 0 0 0 
0.907948 -0.154855 0 0 0 0 
0.931587 -0.208401 0 0 0 0 
0.915507 -0.192771 0 0 0 0 
0.899428 -0.17714 0 0 0 0 
0.906988 -0.215057 0 0 0 0 
0.890908 -0.199426 0 0 0 0 
0.882388 -0.221712 0 0 0 0 
1 2 6
2 7 6
2 3 7
3 8 7
3 4 8
4 9 8
4 5 9
6 7 10
7 11 10
7 8 11
8 12 11
8 9 12
10 11 13
11 14 13
11 12 14
13 14 15
ZONE N=15, E=16, F=FEPOINT, ET=TRIANGLE
0.80413 -0.0792747 0 0 0 0 
0.827175 -0.0711934 0 0 0 0 
0.850219 -0.0631121 0 0 0 0 
0.873263 -0.0550308 0 0 0 0 
0.896307 -0.0469494 0 0 0 0 
0.805489 -0.0599646 0 0 0 0 
0.828533 -0.0518833 0 0 0 0 
0.851578 -0.043802 0 0 0 0 
0.874622 -0.0357206 0 0 0 0 
0.806848 -0.0406545 0 0 0 0 
0.829892 -0.0325732 0 0 0 0 
0.852936 -0.0244919 0 0 0 0 
0.808207 -0.0213444 0 0 0 0 
0.831251 -0.0132631 0 0 0 0 
0.809566 -0.0020343 0 0 0 0 
1 2 6
2 7 6
2 3 7
3 8 7
3 4 8
4 9 8
4 5 9
6 7 10
7 11 10
7 8 11
8 12 11
8 9 12
10 11 13
11 14 13
11 12 14
13 14 15
ZONE N=15, E=16, F=FEPOINT, ET=TRIANGLE
0.995185 -0.0980171 0 0 0 0 
0.970465 -0.0852502 0 0 0 0 
0.945746 -0.0724833 0 0 0 0 
0.921027 -0.0597164 0 0 0 0 
0.896307 -0.0469494 0 0 0 0 
0.975505 -0.106655 0 0 0 0 
0.950786 -0.0938881 0 0 0 0 
0.926067 -0.0811212 0 0 0 0 
0.901347 -0.0683542 0 0 0 0 
0.955826 -0.115293 0 0 0 0 
0.931107 -0.102526 0 0 0 0 
0.906387 -0.089759 0 0 0 0 
0.936147 -0.123931 0 0 0 0 
0.911428 -0.111164 0 0 0 0 
0.916468 -0.132569 0 0 0 0 
1 2 6
2 7 6
2 3 7
3 8 7
3 4 8
4 9 8
4 5 9
6 7 10
7 11 10
7 8 11
8 12 11
8 9 12
10 11 13
11 14 13
11 12 14
13 14 15
ZONE N=15, E=16, F=FEPOINT, ET=TRIANGLE
0.995185 0.0980171 0 0 0 0 
0.979834 0.0755796 0 0 0 0 
0.964483 0.053142 0 0 0 0 
0.949133 0.0307044 0 0 0 0 
0.933782 0.00826682 0 0 0 0 
0.996389 0.0735129 0 0 0 0 
0.981038 0.0510753 0 0 0 0 
0.965687 0.0286377 0 0 0 0 
0.950336 0.00620011 0 0 0 0 
0.997592 0.0490086 0 0 0 0 
0.982242 0.026571 0 0 0 0 
0.966891 0.00413341 0 0 0 0 
0.998796 0.0245043 0 0 0 0 
0.983445 0.0020667 0 0 0 0 
1 -2.44929e-16 0 0 0 0 
1 2 6
2 7 6
2 3 7
3 8 7
3 4 8
4 9 8
4 5 9
6 7 10
7 11 10
7 8 11
8 12 11
8 9 12
10 11 13
11 14 13
11 12 14
13 14 15
ZONE N=15, E=16, F=FEPOINT, ET=TRIANGLE
0.856272 0.169455 0 0 0 0 
0.868275 0.154175 0 0 0 0 
0.880279 0.138895 0 0 0 0 
0.892282 0.123615 0 0 0 0 
0.904285 0.108335 0 0 0 0 
0.887401 0.175864 0 0 0 0 
0.899404 0.160584 0 0 0 0 
0.911407 0.145304 0 0 0 0 
0.92341 0.130024 0 0 0 0 
0.918529 0.182273 0 0 0 0 
0.930532 0.166993 0 0 0 0 
0.942535 0.151712 0 0 0 0 
0.949657 0.188682 0 0 0 0 
0.96166 0.173401 0 0 0 0 
0.980785 0.19509 0 0 0 0 
1 2 6
2 7 6
2 3 7
3 8 7
3 4 8
4 9 8
4 5 9
6 7 10
7 11 10
7 8 11
8 12 11
8 9 12
10 11 13
11 14 13
11 12 14
13 14 15
ZONE N=15, E=16, F=FEPOINT, ET=TRIANGLE
0.539445 0.470823 0 0 0 0 
0.533293 0.453572 0 0 0 0 
0.527142 0.43632 0 0 0 0 
0.52099 0.419069 0 0 0 0 
0.514838 0.401817 0 0 0 0 
0.553123 0.461361 0 0 0 0 
0.546971 0.44411 0 0 0 0 
0.540819 0.426858 0 0 0 0 
0.534667 0.409607 0 0 0 0 
0.5668 0.4519 0 0 0 0 
0.560648 0.434648 0 0 0 0 
0.554496 0.417397 0 0 0 0 
0.580477 0.442438 0 0 0 0 
0.574325 0.425187 0 0 0 0 
0.594154 0.432976 0 0 0 0 
1 2 6
2 7 6
2 3 7
3 8 7
3 4 8
4 9 8
4 5 9
6 7 10
7 11 10
7 8 11
8 12 11
8 9 12
10 11 13
11 14 13
11 12 14
13 14 15
ZONE N=15, E=16, F=FEPOINT, ET=TRIANGLE
0.594154 0.432976 0 0 0 0 
0.600722 0.417697 0 0 0 0 
0.607289 0.402418 0 0 0 0 
0.613857 0.387138 0 0 0 0 
0.620425 0.371859 0 0 0 0 
0.607025 0.443508 0 0 0 0 
0.613593 0.428229 0 0 0 0 
0.620161 0.41295 0 0 0 0 
0.626728 0.397671 0 0 0 0 
0.619896 0.45404 0 0 0 0 
0.626464 0.438761 0 0 0 0 
0.633032 0.423482 0 0 0 0 
0.632768 0.464573 0 0 0 0 
0.639335 0.449293 0 0 0 0 
0.645639 0.475105 0 0 0 0 
1 2 6
2 7 6
2 3 7
3 8 7
3 4 8
4 9 8
4 5 9
6 7 10
7 11 10
7 8 11
8 12 11
8 9 12
10 11 13
11 14 13
11 12 14
13 14 15
ZONE N=15, E=16, F=FEPOINT, ET=TRIANGLE
0.591059 -0.677688 0 0 0 0 
0.575658 -0.694303 0 0 0 0 
0.560258 -0.710918 0 0 0 0 
0.544857 -0.727533 0 0 0 0 
0.529456 -0.744148 0 0 0 0 
0.601893 -0.701518 0 0 0 0 
0.586492 -0.718133 0 0 0 0 
0.571091 -0.734748 0 0 0 0 
0.55569 -0.751363 0 0 0 0 
0.612726 -0.725349 0 0 0 0 
0.597325 -0.741964 0 0 0 0 
0.581925 -0.758579 0 0 0 0 
0.62356 -0.74918 0 0 0 0 
0.608159 -0.765795 0 0 0 0 
0.634393 -0.77301 0 0 0 0 
1 2 6
2 7 6
2 3 7
3 8 7
3 4 8
4 9 8
4 5 9
6 7 10
7 11 10
7 8 11
8 12 11
8 9 12
10 11 13
11 14 13
11 12 14
13 14 15
ZONE N=15, E=16, F=FEPOINT, ET=TRIANGLE
0.634393 -0.77301 0 0 0 0 
0.608159 -0.765795 0 0 0 0 
0.581925 -0.758579 0 0 0 0 
0.55569 -0.751363 0 0 0 0 
0.529456 -0.744148 0 0 0 0 
0.614688 -0.787625 0 0 0 0 
0.588453 -0.78041 0 0 0 0 
0.562219 -0.773194 0 0 0 0 
0.535984 -0.765978 0 0 0 0 
0.594982 -0.80224 0 0 0 0 
0.568747 -0.795024 0 0 0 0 
0.542513 -0.787809 0 0 0 0 
0.575276 -0.816855 0 0 0 0 
0.549042 -0.809639 0 0 0 0 
0.55557 -0.83147 0 0 0 0 
1 2 6
2 7 6
2 3 7
3 8 7
3 4 8
4 9 8
4 5 9
6 7 10
7 11 10
7 8 11
8 12 11
8 9 12
10 11 13
11 14 13
11 12 14
13 14 15
ZONE N=15, E=16, F=FEPOINT, ET=TRIANGLE
0.666471 -0.62381 0 0 0 0 
0.647618 -0.637279 0 0 0 0 
0.628765 -0.650749 0 0 0 0 
0.609912 -0.664218 0 0 0 0 
0.591059 -0.677688 0 0 0 0 
0.67663 -0.644634 0 0 0 0 
0.657777 -0.658104 0 0 0 0 
0.638924 -0.671573 0 0 0 0 
0.620071 -0.685043 0 0 0 0 
0.686789 -0.665458 0 0 0 0 
0.667936 -0.678928 0 0 0 0 
0.649083 -0.692397 0 0 0 0 
0.696948 -0.686283 0 0 0 0 
0.678095 -0.699752 0 0 0 0 
0.707107 -0.707107 0 0 0 0 
1 2 6
2 7 6
2 3 7
3 8 7
3 4 8
4 9 8
4 5 9
6 7 10
7 11 10
7 8 11
8 12 11
8 9 12
10 11 13
11 14 13
11 12 14
13 14 15
ZONE N=15, E=16, F=FEPOINT, ET=TRIANGLE
0.503011 -0.586529 0 0 0 0 
0.485098 -0.595067 0 0 0 0 
0.467185 -0.603605 0 0 0 0 
0.449271 -0.612143 0 0 0 0 
0.431358 -0.620681 0 0 0 0 
0.502561 -0.606368 0 0 0 0 
0.484648 -0.614906 0 0 0 0 
0.466735 -0.623444 0 0 0 0 
0.448822 -0.631982 0 0 0 0 
0.502111 -0.626207 0 0 0 0 
0.484198 -0.634745 0 0 0 0 
0.466285 -0.643283 0 0 0 0 
0.501662 -0.646046 0 0 0 0 
0.483748 -0.654584 0 0 0 0 
0.501212 -0.665885 0 0 0 0 
1 2 6
2 7 6
2 3 7
3 8 7
3 4 8
4 9 8
4 5 9
6 7 10
7 11 10
7 8 11
8 12 11
8 9 12
10 11 13
11 14 13
11 12 14
13 14 15
ZONE N=15, E=16, F=FEPOINT, ET=TRIANGLE
0.503011 -0.586529 0 0 0 0 
0.529525 -0.574148 0 0 0 0 
0.556038 -0.561767 0 0 0 0 
0.582551 -0.549385 0 0 0 0 
0.609065 -0.537004 0 0 0 0 
0.501209 -0.566768 0 0 0 0 
0.527722 -0.554386 0 0 0 0 
0.554235 -0.542005 0 0 0 0 
0.580749 -0.529623 0 0 0 0 
0.499406 -0.547006 0 0 0 0 
0.52592 -0.534624 0 0 0 0 
0.552433 -0.522243 0 0 0 0 
0.497604 -0.527244 0 0 0 0 
0.524117 -0.514862 0 0 0 0 
0.495801 -0.507482 0 0 0 0 
1 2 6
2 7 6
2 3 7
3 8 7
3 4 8
4 9 8
4 5 9
6 7 10
7 11 10
7 8 11
8 12 11
8 9 12
10 11 13
11 14 13
11 12 14
13 14 15
ZONE N=15, E=16, F=FEPOINT, ET=TRIANGLE
0.501212 -0.665885 0 0 0 0 
0.523674 -0.668836 0 0 0 0 
0.546135 -0.671786 0 0 0 0 
0.568597 -0.674737 0 0 0 0 
0.591059 -0.677688 0 0 0 0 
0.519878 -0.650476 0 0 0 0 
0.54234 -0.653427 0 0 0 0 
0.564802 -0.656378 0 0 0 0 
0.587264 -0.659328 0 0 0 0 
0.538544 -0.635068 0 0 0 0 
0.561006 -0.638018 0 0 0 0 
0.583468 -0.640969 0 0 0 0 
0.557211 -0.619659 0 0 0 0 
0.579673 -0.62261 0 0 0 0 
0.575877 -0.604251 0 0 0 0 
1 2 6
2 7 6
2 3 7
3 8 7
3 4 8
4 9 8
4 5 9
6 7 10
7 11 10
7 8 11
8 12 11
8 9 12
10 11 13
11 14 13
11 12 14
13 14 15
ZONE N=15, E=16, F=FEPOINT, ET=TRIANGLE
0.666471 -0.62381 0 0 0 0 
0.643822 -0.61892 0 0 0 0 
0.621174 -0.61403 0 0 0 0 
0.598526 -0.60914 0 0 0 0 
0.575877 -0.604251 0 0 0 0 
0.647618 -0.637279 0 0 0 0 
0.624969 -0.632389 0 0 0 0 
0.602321 -0.6275 0 0 0 0 
0.579673 -0.62261 0 0 0 0 
0.628765 -0.650749 0 0 0 0 
0.606117 -0.645859 0 0 0 0 
0.583468 -0.640969 0 0 0 0 
0.609912 -0.664218 0 0 0 0 
0.587264 -0.659328 0 0 0 0 
0.591059 -0.677688 0 0 0 0 
1 2 6
2 7 6
2 3 7
3 8 7
3 4 8
4 9 8
4 5 9
6 7 10
7 11 10
7 8 11
8 12 11
8 9 12
10 11 13
11 14 13
11 12 14
13 14 15
ZONE N=15, E=16, F=FEPOINT, ET=TRIANGLE
0.609065 -0.537004 0 0 0 0 
0.582551 -0.549385 0 0 0 0 
0.556038 -0.561767 0 0 0 0 
0.529525 -0.574148 0 0 0 0 
0.503011 -0.586529 0 0 0 0 
0.600768 -0.553816 0 0 0 0 
0.574254 -0.566197 0 0 0 0 
0.547741 -0.578578 0 0 0 0 
0.521228 -0.59096 0 0 0 0 
0.592471 -0.570627 0 0 0 0 
0.565958 -0.583009 0 0 0 0 
0.539444 -0.59539 0 0 0 0 
0.584174 -0.587439 0 0 0 0 
0.557661 -0.59982 0 0 0 0 
0.575877 -0.604251 0 0 0 0 
1 2 6
2 7 6
2 3 7
3 8 7
3 4 8
4 9 8
4 5 9
6 7 10
7 11 10
7 8 11
8 12 11
8 9 12
10 11 13
11 14 13
11 12 14
13 14 15
ZONE N=15, E=16, F=FEPOINT, ET=TRIANGLE
0.666471 -0.62381 0 0 0 0 
0.67663 -0.644634 0 0 0 0 
0.686789 -0.665458 0 0 0 0 
0.696948 -0.686283 0 0 0 0 
0.707107 -0.707107 0 0 0 0 
0.693106 -0.626456 0 0 0 0 
0.703265 -0.64728 0 0 0 0 
0.713424 -0.668104 0 0 0 0 
0.723583 -0.688928 0 0 0 0 
0.71974 -0.629102 0 0 0 0 
0.7299 -0.649926 0 0 0 0 
0.740059 -0.67075 0 0 0 0 
0.746375 -0.631747 0 0 0 0 
0.756535 -0.652572 0 0 0 0 
0.77301 -0.634393 0 0 0 0 
1 2 6
2 7 6
2 3 7
3 8 7
3 4 8
4 9 8
4 5 9
6 7 10
7 11 10
7 8 11
8 12 11
8 9 12
10 11 13
11 14 13
11 12 14
13 14 15
ZONE N=15, E=16, F=FEPOINT, ET=TRIANGLE
0.382683 -0.92388 0 0 0 0 
0.404862 -0.91339 0 0 0 0 
0.42704 -0.9029 0 0 0 0 
0.449218 -0.892411 0 0 0 0 
0.471397 -0.881921 0 0 0 0 
0.378611 -0.905947 0 0 0 0 
0.400789 -0.895458 0 0 0 0 
0.422967 -0.884968 0 0 0 0 
0.445146 -0.874478 0 0 0 0 
0.374538 -0.888015 0 0 0 0 
0.396717 -0.877525 0 0 0 0 
0.418895 -0.867036 0 0 0 0 
0.370466 -0.870083 0 0 0 0 
0.392644 -0.859593 0 0 0 0 
0.366393 -0.85215 0 0 0 0 
1 2 6
2 7 6
2 3 7
3 8 7
3 4 8
4 9 8
4 5 9
6 7 10
7 11 10
7 8 11
8 12 11
8 9 12
10 11 13
11 14 13
11 12 14
13 14 15
ZONE N=15, E=16, F=FEPOINT, ET=TRIANGLE
0.422795 -0.804935 0 0 0 0 
0.404915 -0.798052 0 0 0 0 
0.387035 -0.791169 0 0 0 0 
0.369155 -0.784285 0 0 0 0 
0.351275 -0.777402 0 0 0 0 
0.408695 -0.816739 0 0 0 0 
0.390815 -0.809856 0 0 0 0 
0.372935 -0.802972 0 0 0 0 
0.355054 -0.796089 0 0 0 0 
0.394594 -0.828543 0 0 0 0 
0.376714 -0.821659 0 0 0 0 
0.358834 -0.814776 0 0 0 0 
0.380494 -0.840346 0 0 0 0 
0.362613 -0.833463 0 0 0 0 
0.366393 -0.85215 0 0 0 0 
1 2 6
2 7 6
2 3 7
3 8 7
3 4 8
4 9 8
4 5 9
6 7 10
7 11 10
7 8 11
8 12 11
8 9 12
10 11 13
11 14 13
11 12 14
13 14 15
ZONE N=15, E=16, F=FEPOINT, ET=TRIANGLE
0.043973 -0.787375 0 0 0 0 
0.0323299 -0.772344 0 0 0 0 
0.0206869 -0.757313 0 0 0 0 
0.00904384 -0.742282 0 0 0 0 
-0.0025992 -0.727251 0 0 0 0 
0.0304546 -0.798623 0 0 0 0 
0.0188115 -0.783592 0 0 0 0 
0.00716851 -0.768561 0 0 0 0 
-0.00447453 -0.75353 0 0 0 0 
0.0169362 -0.809871 0 0 0 0 
0.00529318 -0.79484 0 0 0 0 
-0.00634986 -0.779809 0 0 0 0 
0.00341785 -0.821119 0 0 0 0 
-0.00822519 -0.806088 0 0 0 0 
-0.0101005 -0.832367 0 0 0 0 
1 2 6
2 7 6
2 3 7
3 8 7
3 4 8
4 9 8
4 5 9
6 7 10
7 11 10
7 8 11
8 12 11
8 9 12
10 11 13
11 14 13
11 12 14
13 14 15
ZONE N=15, E=16, F=FEPOINT, ET=TRIANGLE
-0.14125 -0.894029 0 0 0 0 
-0.130442 -0.919318 0 0 0 0 
-0.119633 -0.944607 0 0 0 0 
-0.108825 -0.969896 0 0 0 0 
-0.0980171 -0.995185 0 0 0 0 
-0.115191 -0.904542 0 0 0 0 
-0.104383 -0.929831 0 0 0 0 
-0.0935744 -0.95512 0 0 0 0 
-0.0827663 -0.980409 0 0 0 0 
-0.0891317 -0.915055 0 0 0 0 
-0.0783236 -0.940344 0 0 0 0 
-0.0675155 -0.965633 0 0 0 0 
-0.0630728 -0.925568 0 0 0 0 
-0.0522646 -0.950857 0 0 0 0 
-0.0370138 -0.936081 0 0 0 0 
1 2 6
2 7 6
2 3 7
3 8 7
3 4 8
4 9 8
4 5 9
6 7 10
7 11 10
7 8 11
8 12 11
8 9 12
10 11 13
11 14 13
11 12 14
13 14 15
ZONE N=15, E=16, F=FEPOINT, ET=TRIANGLE
-0.0980171 -0.995185 0 0 0 0 
-0.108825 -0.969896 0 0 0 0 
-0.119633 -0.944607 0 0 0 0 
-0.130442 -0.919318 0 0 0 0 
-0.14125 -0.894029 0 0 0 0 
-0.122285 -0.991585 0 0 0 0 
-0.133094 -0.966296 0 0 0 0 
-0.143902 -0.941007 0 0 0 0 
-0.15471 -0.915718 0 0 0 0 
-0.146554 -0.987985 0 0 0 0 
-0.157362 -0.962696 0 0 0 0 
-0.16817 -0.937407 0 0 0 0 
-0.170822 -0.984385 0 0 0 0 
-0.18163 -0.959096 0 0 0 0 
-0.19509 -0.980785 0 0 0 0 
1 2 6
2 7 6
2 3 7
3 8 7
3 4 8
4 9 8
4 5 9
6 7 10
7 11 10
7 8 11
8 12 11
8 9 12
10 11 13
11 14 13
11 12 14
13 14 15
ZONE N=15, E=16, F=FEPOINT, ET=TRIANGLE
-1.83697e-16 -1 0 0 0 0 
0.00593027 -0.973512 0 0 0 0 
0.0118605 -0.947023 0 0 0 0 
0.0177908 -0.920535 0 0 0 0 
0.0237211 -0.894046 0 0 0 0 
-0.00925345 -0.98402 0 0 0 0 
-0.00332318 -0.957532 0 0 0 0 
0.00260709 -0.931043 0 0 0 0 
0.00853736 -0.904555 0 0 0 0 
-0.0185069 -0.96804 0 0 0 0 
-0.0125766 -0.941552 0 0 0 0 
-0.00664636 -0.915064 0 0 0 0 
-0.0277604 -0.952061 0 0 0 0 
-0.0218301 -0.925572 0 0 0 0 
-0.0370138 -0.936081 0 0 0 0 
1 2 6
2 7 6
2 3 7
3 8 7
3 4 8
4 9 8
4 5 9
6 7 10
7 11 10
7 8 11
8 12 11
8 9 12
10 11 13
11 14 13
11 12 14
13 14 15
ZONE N=15, E=16, F=FEPOINT, ET=TRIANGLE
-0.0803702 -0.835593 0 0 0 0 
-0.098193 -0.820126 0 0 0 0 
-0.116016 -0.804659 0 0 0 0 
-0.133839 -0.789192 0 0 0 0 
-0.151661 -0.773725 0 0 0 0 
-0.0955901 -0.850202 0 0 0 0 
-0.113413 -0.834735 0 0 0 0 
-0.131236 -0.819268 0 0 0 0 
-0.149058 -0.803801 0 0 0 0 
-0.11081 -0.864811 0 0 0 0 
-0.128633 -0.849344 0 0 0 0 
-0.146455 -0.833877 0 0 0 0 
-0.12603 -0.87942 0 0 0 0 
-0.143853 -0.863953 0 0 0 0 
-0.14125 -0.894029 0 0 0 0 
1 2 6
2 7 6
2 3 7
3 8 7
3 4 8
4 9 8
4 5 9
6 7 10
7 11 10
7 8 11
8 12 11
8 9 12
10 11 13
11 14 13
11 12 14
13 14 15
ZONE N=15, E=16, F=FEPOINT, ET=TRIANGLE
-0.272963 -0.867455 0 0 0 0 
-0.257252 -0.874507 0 0 0 0 
-0.24154 -0.881558 0 0 0 0 
-0.225828 -0.88861 0 0 0 0 
-0.210117 -0.895661 0 0 0 0 
-0.257922 -0.855542 0 0 0 0 
-0.24221 -0.862594 0 0 0 0 
-0.226498 -0.869645 0 0 0 0 
-0.210787 -0.876697 0 0 0 0 
-0.24288 -0.843629 0 0 0 0 
-0.227169 -0.850681 0 0 0 0 
-0.211457 -0.857732 0 0 0 0 
-0.227839 -0.831716 0 0 0 0 
-0.212127 -0.838768 0 0 0 0 
-0.212797 -0.819803 0 0 0 0 
1 2 6
2 7 6
2 3 7
3 8 7
3 4 8
4 9 8
4 5 9
6 7 10
7 11 10
7 8 11
8 12 11
8 9 12
10 11 13
11 14 13
11 12 14
13 14 15
ZONE N=15, E=16, F=FEPOINT, ET=TRIANGLE
-0.210117 -0.895661 0 0 0 0 
-0.20636 -0.916942 0 0 0 0 
-0.202603 -0.938223 0 0 0 0 
-0.198847 -0.959504 0 0 0 0 
-0.19509 -0.980785 0 0 0 0 
-0.1929 -0.895253 0 0 0 0 
-0.189143 -0.916534 0 0 0 0 
-0.185387 -0.937815 0 0 0 0 
-0.18163 -0.959096 0 0 0 0 
-0.175683 -0.894845 0 0 0 0 
-0.171927 -0.916126 0 0 0 0 
-0.16817 -0.937407 0 0 0 0 
-0.158466 -0.894437 0 0 0 0 
-0.15471 -0.915718 0 0 0 0 
-0.14125 -0.894029 0 0 0 0 
1 2 6
2 7 6
2 3 7
3 8 7
3 4 8
4 9 8
4 5 9
6 7 10
7 11 10
7 8 11
8 12 11
8 9 12
10 11 13
11 14 13
11 12 14
13 14 15
ZONE N=15, E=16, F=FEPOINT, ET=TRIANGLE
-0.14125 -0.894029 0 0 0 0 
-0.159137 -0.875472 0 0 0 0 
-0.177023 -0.856916 0 0 0 0 
-0.19491 -0.83836 0 0 0 0 
-0.212797 -0.819803 0 0 0 0 
-0.158466 -0.894437 0 0 0 0 
-0.176353 -0.875881 0 0 0 0 
-0.19424 -0.857324 0 0 0 0 
-0.212127 -0.838768 0 0 0 0 
-0.175683 -0.894845 0 0 0 0 
-0.19357 -0.876289 0 0 0 0 
-0.211457 -0.857732 0 0 0 0 
-0.1929 -0.895253 0 0 0 0 
-0.210787 -0.876697 0 0 0 0 
-0.210117 -0.895661 0 0 0 0 
1 2 6
2 7 6
2 3 7
3 8 7
3 4 8
4 9 8
4 5 9
6 7 10
7 11 10
7 8 11
8 12 11
8 9 12
10 11 13
11 14 13
11 12 14
13 14 15
ZONE N=15, E=16, F=FEPOINT, ET=TRIANGLE
-0.0803702 -0.835593 0 0 0 0 
-0.0955901 -0.850202 0 0 0 0 
-0.11081 -0.864811 0 0 0 0 
-0.12603 -0.87942 0 0 0 0 
-0.14125 -0.894029 0 0 0 0 
-0.0695311 -0.860715 0 0 0 0 
-0.084751 -0.875324 0 0 0 0 
-0.0999708 -0.889933 0 0 0 0 
-0.115191 -0.904542 0 0 0 0 
-0.058692 -0.885837 0 0 0 0 
-0.0739119 -0.900446 0 0 0 0 
-0.0891317 -0.915055 0 0 0 0 
-0.0478529 -0.910959 0 0 0 0 
-0.0630728 -0.925568 0 0 0 0 
-0.0370138 -0.936081 0 0 0 0 
1 2 6
2 7 6
2 3 7
3 8 7
3 4 8
4 9 8
4 5 9
6 7 10
7 11 10
7 8 11
8 12 11
8 9 12
10 11 13
11 14 13
11 12 14
13 14 15
ZONE N=15, E=16, F=FEPOINT, ET=TRIANGLE
0.896307 -0.0469494 0 0 0 0 
0.889424 -0.0256889 0 0 0 0 
0.88254 -0.00442847 0 0 0 0 
0.875657 0.016832 0 0 0 0 
0.868773 0.0380925 0 0 0 0 
0.874622 -0.0357206 0 0 0 0 
0.867738 -0.0144602 0 0 0 0 
0.860855 0.00680032 0 0 0 0 
0.853971 0.0280608 0 0 0 0 
0.852936 -0.0244919 0 0 0 0 
0.846053 -0.00323138 0 0 0 0 
0.839169 0.0180291 0 0 0 0 
0.831251 -0.0132631 0 0 0 0 
0.824367 0.0079974 0 0 0 0 
0.809566 -0.0020343 0 0 0 0 
1 2 6
2 7 6
2 3 7
3 8 7
3 4 8
4 9 8
4 5 9
6 7 10
7 11 10
7 8 11
8 12 11
8 9 12
10 11 13
11 14 13
11 12 14
13 14 15
ZONE N=15, E=16, F=FEPOINT, ET=TRIANGLE
0.896307 -0.0469494 0 0 0 0 
0.921027 -0.0597164 0 0 0 0 
0.945746 -0.0724833 0 0 0 0 
0.970465 -0.0852502 0 0 0 0 
0.995185 -0.0980171 0 0 0 0 
0.905676 -0.0331454 0 0 0 0 
0.930395 -0.0459123 0 0 0 0 
0.955115 -0.0586792 0 0 0 0 
0.979834 -0.0714462 0 0 0 0 
0.915045 -0.0193413 0 0 0 0 
0.939764 -0.0321082 0 0 0 0 
0.964483 -0.0448752 0 0 0 0 
0.924413 -0.00553725 0 0 0 0 
0.949133 -0.0183042 0 0 0 0 
0.933782 0.00826682 0 0 0 0 
1 2 6
2 7 6
2 3 7
3 8 7
3 4 8
4 9 8
4 5 9
6 7 10
7 11 10
7 8 11
8 12 11
8 9 12
10 11 13
11 14 13
11 12 14
13 14 15
ZONE N=15, E=16, F=FEPOINT, ET=TRIANGLE
0.868773 0.0380925 0 0 0 0 
0.877651 0.055653 0 0 0 0 
0.886529 0.0732135 0 0 0 0 
0.895407 0.090774 0 0 0 0 
0.904285 0.108335 0 0 0 0 
0.858447 0.0526908 0 0 0 0 
0.867325 0.0702513 0 0 0 0 
0.876203 0.0878118 0 0 0 0 
0.885081 0.105372 0 0 0 0 
0.848122 0.067289 0 0 0 0 
0.857 0.0848495 0 0 0 0 
0.865877 0.10241 0 0 0 0 
0.837796 0.0818873 0 0 0 0 
0.846674 0.0994478 0 0 0 0 
0.82747 0.0964855 0 0 0 0 
1 2 6
2 7 6
2 3 7
3 8 7
3 4 8
4 9 8
4 5 9
6 7 10
7 11 10
7 8 11
8 12 11
8 9 12
10 11 13
11 14 13
11 12 14
13 14 15
ZONE N=15, E=16, F=FEPOINT, ET=TRIANGLE
0.933782 0.00826682 0 0 0 0 
0.926408 0.0332838 0 0 0 0 
0.919033 0.0583007 0 0 0 0 
0.911659 0.0833176 0 0 0 0 
0.904285 0.108335 0 0 0 0 
0.91753 0.0157232 0 0 0 0 
0.910156 0.0407402 0 0 0 0 
0.902781 0.0657571 0 0 0 0 
0.895407 0.090774 0 0 0 0 
0.901278 0.0231797 0 0 0 0 
0.893903 0.0481966 0 0 0 0 
0.886529 0.0732135 0 0 0 0 
0.885025 0.0306361 0 0 0 0 
0.877651 0.055653 0 0 0 0 
0.868773 0.0380925 0 0 0 0 
1 2 6
2 7 6
2 3 7
3 8 7
3 4 8
4 9 8
4 5 9
6 7 10
7 11 10
7 8 11
8 12 11
8 9 12
10 11 13
11 14 13
11 12 14
13 14 15
ZONE N=15, E=16, F=FEPOINT, ET=TRIANGLE
0.995185 0.0980171 0 0 0 0 
0.991585 0.122285 0 0 0 0 
0.987985 0.146554 0 0 0 0 
0.984385 0.170822 0 0 0 0 
0.980785 0.19509 0 0 0 0 
0.97246 0.100596 0 0 0 0 
0.96886 0.124865 0 0 0 0 
0.96526 0.149133 0 0 0 0 
0.96166 0.173401 0 0 0 0 
0.949735 0.103176 0 0 0 0 
0.946135 0.127444 0 0 0 0 
0.942535 0.151712 0 0 0 0 
0.92701 0.105755 0 0 0 0 
0.92341 0.130024 0 0 0 0 
0.904285 0.108335 0 0 0 0 
1 2 6
2 7 6
2 3 7
3 8 7
3 4 8
4 9 8
4 5 9
6 7 10
7 11 10
7 8 11
8 12 11
8 9 12
10 11 13
11 14 13
11 12 14
13 14 15
ZONE N=15, E=16, F=FEPOINT, ET=TRIANGLE
0.868773 0.0380925 0 0 0 0 
0.858447 0.0526908 0 0 0 0 
0.848122 0.067289 0 0 0 0 
0.837796 0.0818873 0 0 0 0 
0.82747 0.0964855 0 0 0 0 
0.853971 0.0280608 0 0 0 0 
0.843645 0.0426591 0 0 0 0 
0.83332 0.0572573 0 0 0 0 
0.822994 0.0718556 0 0 0 0 
0.839169 0.0180291 0 0 0 0 
0.828844 0.0326274 0 0 0 0 
0.818518 0.0472256 0 0 0 0 
0.824367 0.0079974 0 0 0 0 
0.814042 0.0225957 0 0 0 0 
0.809566 -0.0020343 0 0 0 0 
1 2 6
2 7 6
2 3 7
3 8 7
3 4 8
4 9 8
4 5 9
6 7 10
7 11 10
7 8 11
8 12 11
8 9 12
10 11 13
11 14 13
11 12 14
13 14 15
ZONE N=15, E=16, F=FEPOINT, ET=TRIANGLE
0.666471 -0.62381 0 0 0 0 
0.652119 -0.602108 0 0 0 0 
0.637768 -0.580407 0 0 0 0 
0.623416 -0.558705 0 0 0 0 
0.609065 -0.537004 0 0 0 0 
0.643822 -0.61892 0 0 0 0 
0.629471 -0.597219 0 0 0 0 
0.615119 -0.575517 0 0 0 0 
0.600768 -0.553816 0 0 0 0 
0.621174 -0.61403 0 0 0 0 
0.606822 -0.592329 0 0 0 0 
0.592471 -0.570627 0 0 0 0 
0.598526 -0.60914 0 0 0 0 
0.584174 -0.587439 0 0 0 0 
0.575877 -0.604251 0 0 0 0 
1 2 6
2 7 6
2 3 7
3 8 7
3 4 8
4 9 8
4 5 9
6 7 10
7 11 10
7 8 11
8 12 11
8 9 12
10 11 13
11 14 13
11 12 14
13 14 15
ZONE N=15, E=16, F=FEPOINT, ET=TRIANGLE
0.553226 -0.385002 0 0 0 0 
0.53887 -0.415622 0 0 0 0 
0.524514 -0.446242 0 0 0 0 
0.510158 -0.476862 0 0 0 0 
0.495801 -0.507482 0 0 0 0 
0.564858 -0.402293 0 0 0 0 
0.550502 -0.432913 0 0 0 0 
0.536145 -0.463533 0 0 0 0 
0.521789 -0.494153 0 0 0 0 
0.57649 -0.419585 0 0 0 0 
0.562133 -0.450205 0 0 0 0 
0.547777 -0.480825 0 0 0 0 
0.588121 -0.436876 0 0 0 0 
0.573765 -0.467496 0 0 0 0 
0.599753 -0.454167 0 0 0 0 
1 2 6
2 7 6
2 3 7
3 8 7
3 4 8
4 9 8
4 5 9
6 7 10
7 11 10
7 8 11
8 12 11
8 9 12
10 11 13
11 14 13
11 12 14
13 14 15
ZONE N=15, E=16, F=FEPOINT, ET=TRIANGLE
0.503011 -0.586529 0 0 0 0 
0.502561 -0.606368 0 0 0 0 
0.502111 -0.626207 0 0 0 0 
0.501662 -0.646046 0 0 0 0 
0.501212 -0.665885 0 0 0 0 
0.521228 -0.59096 0 0 0 0 
0.520778 -0.610799 0 0 0 0 
0.520328 -0.630637 0 0 0 0 
0.519878 -0.650476 0 0 0 0 
0.539444 -0.59539 0 0 0 0 
0.538994 -0.615229 0 0 0 0 
0.538544 -0.635068 0 0 0 0 
0.557661 -0.59982 0 0 0 0 
0.557211 -0.619659 0 0 0 0 
0.575877 -0.604251 0 0 0 0 
1 2 6
2 7 6
2 3 7
3 8 7
3 4 8
4 9 8
4 5 9
6 7 10
7 11 10
7 8 11
8 12 11
8 9 12
10 11 13
11 14 13
11 12 14
13 14 15
ZONE N=15, E=16, F=FEPOINT, ET=TRIANGLE
0.780842 -0.488095 0 0 0 0 
0.806112 -0.48392 0 0 0 0 
0.831382 -0.479746 0 0 0 0 
0.856652 -0.475571 0 0 0 0 
0.881921 -0.471397 0 0 0 0 
0.784689 -0.471912 0 0 0 0 
0.809959 -0.467737 0 0 0 0 
0.835229 -0.463563 0 0 0 0 
0.860499 -0.459388 0 0 0 0 
0.788537 -0.455729 0 0 0 0 
0.813806 -0.451554 0 0 0 0 
0.839076 -0.44738 0 0 0 0 
0.792384 -0.439546 0 0 0 0 
0.817653 -0.435371 0 0 0 0 
0.796231 -0.423363 0 0 0 0 
1 2 6
2 7 6
2 3 7
3 8 7
3 4 8
4 9 8
4 5 9
6 7 10
7 11 10
7 8 11
8 12 11
8 9 12
10 11 13
11 14 13
11 12 14
13 14 15
ZONE N=15, E=16, F=FEPOINT, ET=TRIANGLE
0.744132 -0.357669 0 0 0 0 
0.736265 -0.37238 0 0 0 0 
0.728399 -0.38709 0 0 0 0 
0.720533 -0.4018 0 0 0 0 
0.712666 -0.416511 0 0 0 0 
0.757156 -0.374093 0 0 0 0 
0.74929 -0.388803 0 0 0 0 
0.741424 -0.403513 0 0 0 0 
0.733557 -0.418224 0 0 0 0 
0.770181 -0.390516 0 0 0 0 
0.762315 -0.405226 0 0 0 0 
0.754449 -0.419937 0 0 0 0 
0.783206 -0.40694 0 0 0 0 
0.77534 -0.42165 0 0 0 0 
0.796231 -0.423363 0 0 0 0 
1 2 6
2 7 6
2 3 7
3 8 7
3 4 8
4 9 8
4 5 9
6 7 10
7 11 10
7 8 11
8 12 11
8 9 12
10 11 13
11 14 13
11 12 14
13 14 15
ZONE N=15, E=16, F=FEPOINT, ET=TRIANGLE
0.740808 -0.553651 0 0 0 0 
0.748859 -0.573836 0 0 0 0 
0.756909 -0.594022 0 0 0 0 
0.76496 -0.614208 0 0 0 0 
0.77301 -0.634393 0 0 0 0 
0.763474 -0.55413 0 0 0 0 
0.771524 -0.574316 0 0 0 0 
0.779575 -0.594502 0 0 0 0 
0.787625 -0.614688 0 0 0 0 
0.786139 -0.55461 0 0 0 0 
0.794189 -0.574796 0 0 0 0 
0.80224 -0.594982 0 0 0 0 
0.808804 -0.55509 0 0 0 0 
0.816855 -0.575276 0 0 0 0 
0.83147 -0.55557 0 0 0 0 
1 2 6
2 7 6
2 3 7
3 8 7
3 4 8
4 9 8
4 5 9
6 7 10
7 11 10
7 8 11
8 12 11
8 9 12
10 11 13
11 14 13
11 12 14
13 14 15
ZONE N=15, E=16, F=FEPOINT, ET=TRIANGLE
0.712666 -0.416511 0 0 0 0 
0.684438 -0.425925 0 0 0 0 
0.65621 -0.435339 0 0 0 0 
0.627981 -0.444753 0 0 0 0 
0.599753 -0.454167 0 0 0 0 
0.713121 -0.433186 0 0 0 0 
0.684893 -0.4426 0 0 0 0 
0.656665 -0.452014 0 0 0 0 
0.628436 -0.461429 0 0 0 0 
0.713576 -0.449861 0 0 0 0 
0.685348 -0.459275 0 0 0 0 
0.657119 -0.46869 0 0 0 0 
0.714031 -0.466536 0 0 0 0 
0.685803 -0.475951 0 0 0 0 
0.714486 -0.483212 0 0 0 0 
1 2 6
2 7 6
2 3 7
3 8 7
3 4 8
4 9 8
4 5 9
6 7 10
7 11 10
7 8 11
8 12 11
8 9 12
10 11 13
11 14 13
11 12 14
13 14 15
ZONE N=15, E=16, F=FEPOINT, ET=TRIANGLE
0.660337 -0.375111 0 0 0 0 
0.645191 -0.394875 0 0 0 0 
0.630045 -0.414639 0 0 0 0 
0.614899 -0.434403 0 0 0 0 
0.599753 -0.454167 0 0 0 0 
0.673419 -0.385461 0 0 0 0 
0.658273 -0.405225 0 0 0 0 
0.643127 -0.424989 0 0 0 0 
0.627981 -0.444753 0 0 0 0 
0.686501 -0.395811 0 0 0 0 
0.671356 -0.415575 0 0 0 0 
0.65621 -0.435339 0 0 0 0 
0.699584 -0.406161 0 0 0 0 
0.684438 -0.425925 0 0 0 0 
0.712666 -0.416511 0 0 0 0 
1 2 6
2 7 6
2 3 7
3 8 7
3 4 8
4 9 8
4 5 9
6 7 10
7 11 10
7 8 11
8 12 11
8 9 12
10 11 13
11 14 13
11 12 14
13 14 15
ZONE N=15, E=16, F=FEPOINT, ET=TRIANGLE
0.714486 -0.483212 0 0 0 0 
0.731075 -0.484432 0 0 0 0 
0.747664 -0.485653 0 0 0 0 
0.764253 -0.486874 0 0 0 0 
0.780842 -0.488095 0 0 0 0 
0.714031 -0.466536 0 0 0 0 
0.73062 -0.467757 0 0 0 0 
0.747209 -0.468978 0 0 0 0 
0.763798 -0.470199 0 0 0 0 
0.713576 -0.449861 0 0 0 0 
0.730165 -0.451082 0 0 0 0 
0.746754 -0.452303 0 0 0 0 
0.713121 -0.433186 0 0 0 0 
0.72971 -0.434407 0 0 0 0 
0.712666 -0.416511 0 0 0 0 
1 2 6
2 7 6
2 3 7
3 8 7
3 4 8
4 9 8
4 5 9
6 7 10
7 11 10
7 8 11
8 12 11
8 9 12
10 11 13
11 14 13
11 12 14
13 14 15
ZONE N=15, E=16, F=FEPOINT, ET=TRIANGLE
0.92388 -0.382683 0 0 0 0 
0.906917 -0.364348 0 0 0 0 
0.889954 -0.346013 0 0 0 0 
0.872992 -0.327678 0 0 0 0 
0.856029 -0.309343 0 0 0 0 
0.906118 -0.382102 0 0 0 0 
0.889155 -0.363767 0 0 0 0 
0.872192 -0.345432 0 0 0 0 
0.85523 -0.327096 0 0 0 0 
0.888356 -0.38152 0 0 0 0 
0.871393 -0.363185 0 0 0 0 
0.85443 -0.34485 0 0 0 0 
0.870594 -0.380938 0 0 0 0 
0.853631 -0.362603 0 0 0 0 
0.852832 -0.380357 0 0 0 0 
1 2 6
2 7 6
2 3 7
3 8 7
3 4 8
4 9 8
4 5 9
6 7 10
7 11 10
7 8 11
8 12 11
8 9 12
10 11 13
11 14 13
11 12 14
13 14 15
ZONE N=15, E=16, F=FEPOINT, ET=TRIANGLE
0.852832 -0.380357 0 0 0 0 
0.825657 -0.374685 0 0 0 0 
0.798482 -0.369013 0 0 0 0 
0.771307 -0.363341 0 0 0 0 
0.744132 -0.357669 0 0 0 0 
0.838682 -0.391108 0 0 0 0 
0.811507 -0.385436 0 0 0 0 
0.784331 -0.379765 0 0 0 0 
0.757156 -0.374093 0 0 0 0 
0.824531 -0.40186 0 0 0 0 
0.797356 -0.396188 0 0 0 0 
0.770181 -0.390516 0 0 0 0 
0.810381 -0.412611 0 0 0 0 
0.783206 -0.40694 0 0 0 0 
0.796231 -0.423363 0 0 0 0 
1 2 6
2 7 6
2 3 7
3 8 7
3 4 8
4 9 8
4 5 9
6 7 10
7 11 10
7 8 11
8 12 11
8 9 12
10 11 13
11 14 13
11 12 14
13 14 15
ZONE N=15, E=16, F=FEPOINT, ET=TRIANGLE
0.666471 -0.62381 0 0 0 0 
0.693106 -0.626456 0 0 0 0 
0.71974 -0.629102 0 0 0 0 
0.746375 -0.631747 0 0 0 0 
0.77301 -0.634393 0 0 0 0 
0.685055 -0.60627 0 0 0 0 
0.71169 -0.608916 0 0 0 0 
0.738325 -0.611562 0 0 0 0 
0.76496 -0.614208 0 0 0 0 
0.703639 -0.58873 0 0 0 0 
0.730274 -0.591376 0 0 0 0 
0.756909 -0.594022 0 0 0 0 
0.722224 -0.57119 0 0 0 0 
0.748859 -0.573836 0 0 0 0 
0.740808 -0.553651 0 0 0 0 
1 2 6
2 7 6
2 3 7
3 8 7
3 4 8
4 9 8
4 5 9
6 7 10
7 11 10
7 8 11
8 12 11
8 9 12
10 11 13
11 14 13
11 12 14
13 14 15
ZONE N=15, E=16, F=FEPOINT, ET=TRIANGLE
0.852832 -0.380357 0 0 0 0 
0.860104 -0.403117 0 0 0 0 
0.867377 -0.425877 0 0 0 0 
0.874649 -0.448637 0 0 0 0 
0.881921 -0.471397 0 0 0 0 
0.870594 -0.380938 0 0 0 0 
0.877866 -0.403698 0 0 0 0 
0.885138 -0.426458 0 0 0 0 
0.892411 -0.449218 0 0 0 0 
0.888356 -0.38152 0 0 0 0 
0.895628 -0.40428 0 0 0 0 
0.9029 -0.42704 0 0 0 0 
0.906118 -0.382102 0 0 0 0 
0.91339 -0.404862 0 0 0 0 
0.92388 -0.382683 0 0 0 0 
1 2 6
2 7 6
2 3 7
3 8 7
3 4 8
4 9 8
4 5 9
6 7 10
7 11 10
7 8 11
8 12 11
8 9 12
10 11 13
11 14 13
11 12 14
13 14 15
ZONE N=15, E=16, F=FEPOINT, ET=TRIANGLE
0.83147 -0.55557 0 0 0 0 
0.818813 -0.538701 0 0 0 0 
0.806156 -0.521832 0 0 0 0 
0.793499 -0.504963 0 0 0 0 
0.780842 -0.488095 0 0 0 0 
0.808804 -0.55509 0 0 0 0 
0.796147 -0.538221 0 0 0 0 
0.783491 -0.521352 0 0 0 0 
0.770834 -0.504484 0 0 0 0 
0.786139 -0.55461 0 0 0 0 
0.773482 -0.537741 0 0 0 0 
0.760825 -0.520873 0 0 0 0 
0.763474 -0.55413 0 0 0 0 
0.750817 -0.537262 0 0 0 0 
0.740808 -0.553651 0 0 0 0 
1 2 6
2 7 6
2 3 7
3 8 7
3 4 8
4 9 8
4 5 9
6 7 10
7 11 10
7 8 11
8 12 11
8 9 12
10 11 13
11 14 13
11 12 14
13 14 15
ZONE N=15, E=16, F=FEPOINT, ET=TRIANGLE
0.673489 -0.556784 0 0 0 0 
0.683738 -0.538391 0 0 0 0 
0.693987 -0.519998 0 0 0 0 
0.704237 -0.501605 0 0 0 0 
0.714486 -0.483212 0 0 0 0 
0.657383 -0.551839 0 0 0 0 
0.667632 -0.533446 0 0 0 0 
0.677881 -0.515053 0 0 0 0 
0.688131 -0.49666 0 0 0 0 
0.641277 -0.546894 0 0 0 0 
0.651526 -0.528501 0 0 0 0 
0.661775 -0.510108 0 0 0 0 
0.625171 -0.541949 0 0 0 0 
0.63542 -0.523556 0 0 0 0 
0.609065 -0.537004 0 0 0 0 
1 2 6
2 7 6
2 3 7
3 8 7
3 4 8
4 9 8
4 5 9
6 7 10
7 11 10
7 8 11
8 12 11
8 9 12
10 11 13
11 14 13
11 12 14
13 14 15
ZONE N=15, E=16, F=FEPOINT, ET=TRIANGLE
0.714486 -0.483212 0 0 0 0 
0.721067 -0.500821 0 0 0 0 
0.727647 -0.518431 0 0 0 0 
0.734228 -0.536041 0 0 0 0 
0.740808 -0.553651 0 0 0 0 
0.731075 -0.484432 0 0 0 0 
0.737656 -0.502042 0 0 0 0 
0.744236 -0.519652 0 0 0 0 
0.750817 -0.537262 0 0 0 0 
0.747664 -0.485653 0 0 0 0 
0.754245 -0.503263 0 0 0 0 
0.760825 -0.520873 0 0 0 0 
0.764253 -0.486874 0 0 0 0 
0.770834 -0.504484 0 0 0 0 
0.780842 -0.488095 0 0 0 0 
1 2 6
2 7 6
2 3 7
3 8 7
3 4 8
4 9 8
4 5 9
6 7 10
7 11 10
7 8 11
8 12 11
8 9 12
10 11 13
11 14 13
11 12 14
13 14 15
ZONE N=15, E=16, F=FEPOINT, ET=TRIANGLE
0.83147 -0.55557 0 0 0 0 
0.844083 -0.534527 0 0 0 0 
0.856695 -0.513483 0 0 0 0 
0.869308 -0.49244 0 0 0 0 
0.881921 -0.471397 0 0 0 0 
0.818813 -0.538701 0 0 0 0 
0.831426 -0.517658 0 0 0 0 
0.844039 -0.496615 0 0 0 0 
0.856652 -0.475571 0 0 0 0 
0.806156 -0.521832 0 0 0 0 
0.818769 -0.500789 0 0 0 0 
0.831382 -0.479746 0 0 0 0 
0.793499 -0.504963 0 0 0 0 
0.806112 -0.48392 0 0 0 0 
0.780842 -0.488095 0 0 0 0 
1 2 6
2 7 6
2 3 7
3 8 7
3 4 8
4 9 8
4 5 9
6 7 10
7 11 10
7 8 11
8 12 11
8 9 12
10 11 13
11 14 13
11 12 14
13 14 15
ZONE N=15, E=16, F=FEPOINT, ET=TRIANGLE
0.856029 -0.309343 0 0 0 0 
0.828055 -0.321425 0 0 0 0 
0.80008 -0.333506 0 0 0 0 
0.772106 -0.345588 0 0 0 0 
0.744132 -0.357669 0 0 0 0 
0.85523 -0.327096 0 0 0 0 
0.827255 -0.339178 0 0 0 0 
0.799281 -0.35126 0 0 0 0 
0.771307 -0.363341 0 0 0 0 
0.85443 -0.34485 0 0 0 0 
0.826456 -0.356931 0 0 0 0 
0.798482 -0.369013 0 0 0 0 
0.853631 -0.362603 0 0 0 0 
0.825657 -0.374685 0 0 0 0 
0.852832 -0.380357 0 0 0 0 
1 2 6
2 7 6
2 3 7
3 8 7
3 4 8
4 9 8
4 5 9
6 7 10
7 11 10
7 8 11
8 12 11
8 9 12
10 11 13
11 14 13
11 12 14
13 14 15
ZONE N=15, E=16, F=FEPOINT, ET=TRIANGLE
0.796231 -0.423363 0 0 0 0 
0.817653 -0.435371 0 0 0 0 
0.839076 -0.44738 0 0 0 0 
0.860499 -0.459388 0 0 0 0 
0.881921 -0.471397 0 0 0 0 
0.810381 -0.412611 0 0 0 0 
0.831804 -0.42462 0 0 0 0 
0.853226 -0.436628 0 0 0 0 
0.874649 -0.448637 0 0 0 0 
0.824531 -0.40186 0 0 0 0 
0.845954 -0.413868 0 0 0 0 
0.867377 -0.425877 0 0 0 0 
0.838682 -0.391108 0 0 0 0 
0.860104 -0.403117 0 0 0 0 
0.852832 -0.380357 0 0 0 0 
1 2 6
2 7 6
2 3 7
3 8 7
3 4 8
4 9 8
4 5 9
6 7 10
7 11 10
7 8 11
8 12 11
8 9 12
10 11 13
11 14 13
11 12 14
13 14 15
ZONE N=15, E=16, F=FEPOINT, ET=TRIANGLE
0.673489 -0.556784 0 0 0 0 
0.671734 -0.57354 0 0 0 0 
0.66998 -0.590297 0 0 0 0 
0.668225 -0.607053 0 0 0 0 
0.666471 -0.62381 0 0 0 0 
0.690319 -0.556001 0 0 0 0 
0.688564 -0.572757 0 0 0 0 
0.68681 -0.589514 0 0 0 0 
0.685055 -0.60627 0 0 0 0 
0.707149 -0.555217 0 0 0 0 
0.705394 -0.571974 0 0 0 0 
0.703639 -0.58873 0 0 0 0 
0.723978 -0.554434 0 0 0 0 
0.722224 -0.57119 0 0 0 0 
0.740808 -0.553651 0 0 0 0 
1 2 6
2 7 6
2 3 7
3 8 7
3 4 8
4 9 8
4 5 9
6 7 10
7 11 10
7 8 11
8 12 11
8 9 12
10 11 13
11 14 13
11 12 14
13 14 15
ZONE N=15, E=16, F=FEPOINT, ET=TRIANGLE
0.740808 -0.553651 0 0 0 0 
0.734228 -0.536041 0 0 0 0 
0.727647 -0.518431 0 0 0 0 
0.721067 -0.500821 0 0 0 0 
0.714486 -0.483212 0 0 0 0 
0.723978 -0.554434 0 0 0 0 
0.717398 -0.536824 0 0 0 0 
0.710817 -0.519214 0 0 0 0 
0.704237 -0.501605 0 0 0 0 
0.707149 -0.555217 0 0 0 0 
0.700568 -0.537608 0 0 0 0 
0.693987 -0.519998 0 0 0 0 
0.690319 -0.556001 0 0 0 0 
0.683738 -0.538391 0 0 0 0 
0.673489 -0.556784 0 0 0 0 
1 2 6
2 7 6
2 3 7
3 8 7
3 4 8
4 9 8
4 5 9
6 7 10
7 11 10
7 8 11
8 12 11
8 9 12
10 11 13
11 14 13
11 12 14
13 14 15
ZONE N=15, E=16, F=FEPOINT, ET=TRIANGLE
0.0950108 -0.908277 0 0 0 0 
0.0771884 -0.904719 0 0 0 0 
0.0593659 -0.901161 0 0 0 0 
0.0415435 -0.897604 0 0 0 0 
0.0237211 -0.894046 0 0 0 0 
0.0957624 -0.930004 0 0 0 0 
0.07794 -0.926446 0 0 0 0 
0.0601175 -0.922888 0 0 0 0 
0.0422951 -0.919331 0 0 0 0 
0.096514 -0.951731 0 0 0 0 
0.0786915 -0.948173 0 0 0 0 
0.0608691 -0.944615 0 0 0 0 
0.0972656 -0.973458 0 0 0 0 
0.0794431 -0.9699 0 0 0 0 
0.0980171 -0.995185 0 0 0 0 
1 2 6
2 7 6
2 3 7
3 8 7
3 4 8
4 9 8
4 5 9
6 7 10
7 11 10
7 8 11
8 12 11
8 9 12
10 11 13
11 14 13
11 12 14
13 14 15
ZONE N=15, E=16, F=FEPOINT, ET=TRIANGLE
0.19509 -0.980785 0 0 0 0 
0.17007 -0.962658 0 0 0 0 
0.145051 -0.944531 0 0 0 0 
0.120031 -0.926404 0 0 0 0 
0.0950108 -0.908277 0 0 0 0 
0.170822 -0.984385 0 0 0 0 
0.145802 -0.966258 0 0 0 0 
0.120782 -0.948131 0 0 0 0 
0.0957624 -0.930004 0 0 0 0 
0.146554 -0.987985 0 0 0 0 
0.121534 -0.969858 0 0 0 0 
0.096514 -0.951731 0 0 0 0 
0.122285 -0.991585 0 0 0 0 
0.0972656 -0.973458 0 0 0 0 
0.0980171 -0.995185 0 0 0 0 
1 2 6
2 7 6
2 3 7
3 8 7
3 4 8
4 9 8
4 5 9
6 7 10
7 11 10
7 8 11
8 12 11
8 9 12
10 11 13
11 14 13
11 12 14
13 14 15
ZONE N=15, E=16, F=FEPOINT, ET=TRIANGLE
-0.798451 -0.47485 0 0 0 0 
-0.803567 -0.451383 0 0 0 0 
-0.808682 -0.427917 0 0 0 0 
-0.813797 -0.40445 0 0 0 0 
-0.818913 -0.380984 0 0 0 0 
-0.819319 -0.473987 0 0 0 0 
-0.824434 -0.45052 0 0 0 0 
-0.829549 -0.427053 0 0 0 0 
-0.834665 -0.403587 0 0 0 0 
-0.840186 -0.473123 0 0 0 0 
-0.845302 -0.449657 0 0 0 0 
-0.850417 -0.42619 0 0 0 0 
-0.861054 -0.47226 0 0 0 0 
-0.866169 -0.448793 0 0 0 0 
-0.881921 -0.471397 0 0 0 0 
1 2 6
2 7 6
2 3 7
3 8 7
3 4 8
4 9 8
4 5 9
6 7 10
7 11 10
7 8 11
8 12 11
8 9 12
10 11 13
11 14 13
11 12 14
13 14 15
ZONE N=15, E=16, F=FEPOINT, ET=TRIANGLE
-0.83147 -0.55557 0 0 0 0 
-0.808273 -0.554735 0 0 0 0 
-0.785076 -0.5539 0 0 0 0 
-0.761879 -0.553065 0 0 0 0 
-0.738683 -0.55223 0 0 0 0 
-0.823215 -0.53539 0 0 0 0 
-0.800018 -0.534555 0 0 0 0 
-0.776822 -0.53372 0 0 0 0 
-0.753625 -0.532885 0 0 0 0 
-0.814961 -0.51521 0 0 0 0 
-0.791764 -0.514375 0 0 0 0 
-0.768567 -0.51354 0 0 0 0 
-0.806706 -0.49503 0 0 0 0 
-0.783509 -0.494195 0 0 0 0 
-0.798451 -0.47485 0 0 0 0 
1 2 6
2 7 6
2 3 7
3 8 7
3 4 8
4 9 8
4 5 9
6 7 10
7 11 10
7 8 11
8 12 11
8 9 12
10 11 13
11 14 13
11 12 14
13 14 15
ZONE N=15, E=16, F=FEPOINT, ET=TRIANGLE
-0.733422 -0.443739 0 0 0 0 
-0.754795 -0.42805 0 0 0 0 
-0.776167 -0.412361 0 0 0 0 
-0.79754 -0.396672 0 0 0 0 
-0.818913 -0.380984 0 0 0 0 
-0.749679 -0.451517 0 0 0 0 
-0.771052 -0.435828 0 0 0 0 
-0.792425 -0.420139 0 0 0 0 
-0.813797 -0.40445 0 0 0 0 
-0.765937 -0.459294 0 0 0 0 
-0.787309 -0.443606 0 0 0 0 
-0.808682 -0.427917 0 0 0 0 
-0.782194 -0.467072 0 0 0 0 
-0.803567 -0.451383 0 0 0 0 
-0.798451 -0.47485 0 0 0 0 
1 2 6
2 7 6
2 3 7
3 8 7
3 4 8
4 9 8
4 5 9
6 7 10
7 11 10
7 8 11
8 12 11
8 9 12
10 11 13
11 14 13
11 12 14
13 14 15
ZONE N=15, E=16, F=FEPOINT, ET=TRIANGLE
0.0270949 -0.337768 0 0 0 0 
0.0151342 -0.363617 0 0 0 0 
0.00317355 -0.389466 0 0 0 0 
-0.00878711 -0.415315 0 0 0 0 
-0.0207478 -0.441164 0 0 0 0 
0.0383722 -0.353425 0 0 0 0 
0.0264116 -0.379274 0 0 0 0 
0.0144509 -0.405123 0 0 0 0 
0.00249026 -0.430971 0 0 0 0 
0.0496496 -0.369081 0 0 0 0 
0.0376889 -0.39493 0 0 0 0 
0.0257283 -0.420779 0 0 0 0 
0.060927 -0.384737 0 0 0 0 
0.0489663 -0.410586 0 0 0 0 
0.0722043 -0.400394 0 0 0 0 
1 2 6
2 7 6
2 3 7
3 8 7
3 4 8
4 9 8
4 5 9
6 7 10
7 11 10
7 8 11
8 12 11
8 9 12
10 11 13
11 14 13
11 12 14
13 14 15
ZONE N=15, E=16, F=FEPOINT, ET=TRIANGLE
0.047451 -0.473497 0 0 0 0 
0.0774762 -0.467186 0 0 0 0 
0.107501 -0.460875 0 0 0 0 
0.137527 -0.454564 0 0 0 0 
0.167552 -0.448252 0 0 0 0 
0.0536393 -0.455221 0 0 0 0 
0.0836645 -0.44891 0 0 0 0 
0.11369 -0.442599 0 0 0 0 
0.143715 -0.436288 0 0 0 0 
0.0598277 -0.436945 0 0 0 0 
0.0898529 -0.430634 0 0 0 0 
0.119878 -0.424323 0 0 0 0 
0.066016 -0.41867 0 0 0 0 
0.0960412 -0.412358 0 0 0 0 
0.0722043 -0.400394 0 0 0 0 
1 2 6
2 7 6
2 3 7
3 8 7
3 4 8
4 9 8
4 5 9
6 7 10
7 11 10
7 8 11
8 12 11
8 9 12
10 11 13
11 14 13
11 12 14
13 14 15
ZONE N=15, E=16, F=FEPOINT, ET=TRIANGLE
-0.0025992 -0.727251 0 0 0 0 
-0.0263482 -0.703579 0 0 0 0 
-0.0500972 -0.679907 0 0 0 0 
-0.0738462 -0.656235 0 0 0 0 
-0.0975952 -0.632563 0 0 0 0 
-0.0212607 -0.734376 0 0 0 0 
-0.0450097 -0.710704 0 0 0 0 
-0.0687587 -0.687033 0 0 0 0 
-0.0925077 -0.663361 0 0 0 0 
-0.0399222 -0.741502 0 0 0 0 
-0.0636712 -0.71783 0 0 0 0 
-0.0874202 -0.694158 0 0 0 0 
-0.0585837 -0.748627 0 0 0 0 
-0.0823327 -0.724955 0 0 0 0 
-0.0772452 -0.755752 0 0 0 0 
1 2 6
2 7 6
2 3 7
3 8 7
3 4 8
4 9 8
4 5 9
6 7 10
7 11 10
7 8 11
8 12 11
8 9 12
10 11 13
11 14 13
11 12 14
13 14 15
ZONE N=15, E=16, F=FEPOINT, ET=TRIANGLE
-0.133779 -0.699287 0 0 0 0 
-0.138249 -0.717896 0 0 0 0 
-0.14272 -0.736506 0 0 0 0 
-0.147191 -0.755115 0 0 0 0 
-0.151661 -0.773725 0 0 0 0 
-0.119645 -0.713403 0 0 0 0 
-0.124116 -0.732013 0 0 0 0 
-0.128587 -0.750622 0 0 0 0 
-0.133057 -0.769232 0 0 0 0 
-0.105512 -0.727519 0 0 0 0 
-0.109983 -0.746129 0 0 0 0 
-0.114453 -0.764738 0 0 0 0 
-0.0913785 -0.741636 0 0 0 0 
-0.0958492 -0.760245 0 0 0 0 
-0.0772452 -0.755752 0 0 0 0 
1 2 6
2 7 6
2 3 7
3 8 7
3 4 8
4 9 8
4 5 9
6 7 10
7 11 10
7 8 11
8 12 11
8 9 12
10 11 13
11 14 13
11 12 14
13 14 15
ZONE N=15, E=16, F=FEPOINT, ET=TRIANGLE
-0.133779 -0.699287 0 0 0 0 
-0.153751 -0.699168 0 0 0 0 
-0.173724 -0.699048 0 0 0 0 
-0.193696 -0.698929 0 0 0 0 
-0.213669 -0.698809 0 0 0 0 
-0.138249 -0.717896 0 0 0 0 
-0.158222 -0.717777 0 0 0 0 
-0.178194 -0.717658 0 0 0 0 
-0.198167 -0.717538 0 0 0 0 
-0.14272 -0.736506 0 0 0 0 
-0.162692 -0.736387 0 0 0 0 
-0.182665 -0.736267 0 0 0 0 
-0.147191 -0.755115 0 0 0 0 
-0.167163 -0.754996 0 0 0 0 
-0.151661 -0.773725 0 0 0 0 
1 2 6
2 7 6
2 3 7
3 8 7
3 4 8
4 9 8
4 5 9
6 7 10
7 11 10
7 8 11
8 12 11
8 9 12
10 11 13
11 14 13
11 12 14
13 14 15
ZONE N=15, E=16, F=FEPOINT, ET=TRIANGLE
-0.14125 -0.894029 0 0 0 0 
-0.143853 -0.863953 0 0 0 0 
-0.146455 -0.833877 0 0 0 0 
-0.149058 -0.803801 0 0 0 0 
-0.151661 -0.773725 0 0 0 0 
-0.159137 -0.875472 0 0 0 0 
-0.161739 -0.845396 0 0 0 0 
-0.164342 -0.81532 0 0 0 0 
-0.166945 -0.785244 0 0 0 0 
-0.177023 -0.856916 0 0 0 0 
-0.179626 -0.82684 0 0 0 0 
-0.182229 -0.796764 0 0 0 0 
-0.19491 -0.83836 0 0 0 0 
-0.197513 -0.808284 0 0 0 0 
-0.212797 -0.819803 0 0 0 0 
1 2 6
2 7 6
2 3 7
3 8 7
3 4 8
4 9 8
4 5 9
6 7 10
7 11 10
7 8 11
8 12 11
8 9 12
10 11 13
11 14 13
11 12 14
13 14 15
