<?xml version="1.0"?>
<VTKFile type="UnstructuredGrid" version="0.1" byte_order="LittleEndian" compressor="vtkZLibDataCompressor">
<UnstructuredGrid>
<Piece NumberOfPoints="4515" NumberOfCells="4816">
<Points>
<DataArray type="Float32" NumberOfComponents="3" format="ascii">
-9.987950e-01 4.906770e-02 0.000000e+00
-9.993220e-01 3.680720e-02 0.000000e+00
-9.996990e-01 2.454120e-02 0.000000e+00
-9.999250e-01 1.227150e-02 0.000000e+00
-1.000000e+00 1.214310e-16 0.000000e+00
-9.912840e-01 4.146280e-02 0.000000e+00
-9.917360e-01 2.919980e-02 0.000000e+00
-9.920370e-01 1.693230e-02 0.000000e+00
-9.921880e-01 4.662010e-03 0.000000e+00
-9.837730e-01 3.385790e-02 0.000000e+00
-9.841490e-01 2.159280e-02 0.000000e+00
-9.843750e-01 9.324020e-03 0.000000e+00
-9.762610e-01 2.625290e-02 0.000000e+00
-9.765620e-01 1.398600e-02 0.000000e+00
-9.687500e-01 1.864800e-02 0.000000e+00
-9.443250e-01 1.002730e-01 0.000000e+00
-9.570400e-01 9.970920e-02 0.000000e+00
-9.697550e-01 9.914510e-02 0.000000e+00
-9.824700e-01 9.858110e-02 0.000000e+00
-9.951850e-01 9.801710e-02 0.000000e+00
-9.480520e-01 9.182570e-02 0.000000e+00
-9.607670e-01 9.126170e-02 0.000000e+00
-9.734820e-01 9.069770e-02 0.000000e+00
-9.861970e-01 9.013370e-02 0.000000e+00
-9.517800e-01 8.337830e-02 0.000000e+00
-9.644950e-01 8.281430e-02 0.000000e+00
-9.772100e-01 8.225030e-02 0.000000e+00
-9.555070e-01 7.493090e-02 0.000000e+00
-9.682220e-01 7.436690e-02 0.000000e+00
-9.592350e-01 6.648350e-02 0.000000e+00
-9.443250e-01 1.002730e-01 0.000000e+00
-9.414370e-01 1.096170e-01 0.000000e+00
-9.385500e-01 1.189610e-01 0.000000e+00
-9.356630e-01 1.283060e-01 0.000000e+00
-9.327760e-01 1.376500e-01 0.000000e+00
-9.555380e-01 1.118870e-01 0.000000e+00
-9.526500e-01 1.212320e-01 0.000000e+00
-9.497630e-01 1.305760e-01 0.000000e+00
-9.468760e-01 1.399200e-01 0.000000e+00
-9.667510e-01 1.235020e-01 0.000000e+00
-9.638630e-01 1.328460e-01 0.000000e+00
-9.609760e-01 1.421900e-01 0.000000e+00
-9.779640e-01 1.351160e-01 0.000000e+00
-9.750760e-01 1.444600e-01 0.000000e+00
-9.891770e-01 1.467300e-01 0.000000e+00
-9.987950e-01 4.906770e-02 0.000000e+00
-9.889050e-01 5.342160e-02 0.000000e+00
-9.790150e-01 5.777560e-02 0.000000e+00
-9.691250e-01 6.212950e-02 0.000000e+00
-9.592350e-01 6.648350e-02 0.000000e+00
-9.981180e-01 6.132070e-02 0.000000e+00
-9.881530e-01 6.566980e-02 0.000000e+00
-9.781880e-01 7.001850e-02 0.000000e+00
-9.682220e-01 7.436690e-02 0.000000e+00
-9.972900e-01 7.356460e-02 0.000000e+00
-9.872500e-01 7.790770e-02 0.000000e+00
-9.772100e-01 8.225030e-02 0.000000e+00
-9.963130e-01 8.579730e-02 0.000000e+00
-9.861970e-01 9.013370e-02 0.000000e+00
-9.951850e-01 9.801710e-02 0.000000e+00
-9.681970e-01 -1.778750e-02 0.000000e+00
-9.761470e-01 -1.334060e-02 0.000000e+00
-9.840980e-01 -8.893750e-03 0.000000e+00
-9.920490e-01 -4.446870e-03 0.000000e+00
-1.000000e+00 1.214310e-16 0.000000e+00
-9.758460e-01 -2.560750e-02 0.000000e+00
-9.838720e-01 -2.116250e-02 0.000000e+00
-9.918990e-01 -1.671720e-02 0.000000e+00
-9.999250e-01 -1.227150e-02 0.000000e+00
-9.834960e-01 -3.342760e-02 0.000000e+00
-9.915970e-01 -2.898470e-02 0.000000e+00
-9.996990e-01 -2.454120e-02 0.000000e+00
-9.911460e-01 -4.124760e-02 0.000000e+00
-9.993220e-01 -3.680720e-02 0.000000e+00
-9.987950e-01 -4.906770e-02 0.000000e+00
-1.000000e+00 1.224650e-16 0.000000e+00
-9.920490e-01 -4.446870e-03 0.000000e+00
-9.840980e-01 -8.893750e-03 0.000000e+00
-9.761470e-01 -1.334060e-02 0.000000e+00
-9.681970e-01 -1.778750e-02 0.000000e+00
-9.921880e-01 4.662010e-03 0.000000e+00
-9.842370e-01 2.151350e-04 0.000000e+00
-9.762860e-01 -4.231740e-03 0.000000e+00
-9.683350e-01 -8.678610e-03 0.000000e+00
-9.843750e-01 9.324020e-03 0.000000e+00
-9.764240e-01 4.877140e-03 0.000000e+00
-9.684730e-01 4.302700e-04 0.000000e+00
-9.765620e-01 1.398600e-02 0.000000e+00
-9.686120e-01 9.539150e-03 0.000000e+00
-9.687500e-01 1.864800e-02 0.000000e+00
-9.951850e-01 -9.801710e-02 0.000000e+00
-9.853100e-01 -9.005400e-02 0.000000e+00
-9.754360e-01 -8.209090e-02 0.000000e+00
-9.655620e-01 -7.412780e-02 0.000000e+00
-9.556870e-01 -6.616470e-02 0.000000e+00
-9.963130e-01 -8.579730e-02 0.000000e+00
-9.863630e-01 -7.782800e-02 0.000000e+00
-9.764140e-01 -6.985910e-02 0.000000e+00
-9.664640e-01 -6.189040e-02 0.000000e+00
-9.972900e-01 -7.356460e-02 0.000000e+00
-9.872660e-01 -6.559010e-02 0.000000e+00
-9.772410e-01 -5.761620e-02 0.000000e+00
-9.981180e-01 -6.132070e-02 0.000000e+00
-9.880180e-01 -5.334190e-02 0.000000e+00
-9.987950e-01 -4.906770e-02 0.000000e+00
-9.951850e-01 -9.801710e-02 0.000000e+00
-9.863110e-01 -1.025880e-01 0.000000e+00
-9.774380e-01 -1.071600e-01 0.000000e+00
-9.685640e-01 -1.117310e-01 0.000000e+00
-9.596910e-01 -1.163020e-01 0.000000e+00
-9.853100e-01 -9.005400e-02 0.000000e+00
-9.764370e-01 -9.462530e-02 0.000000e+00
-9.675630e-01 -9.919660e-02 0.000000e+00
-9.586900e-01 -1.037680e-01 0.000000e+00
-9.754360e-01 -8.209090e-02 0.000000e+00
-9.665620e-01 -8.666220e-02 0.000000e+00
-9.576890e-01 -9.123350e-02 0.000000e+00
-9.655620e-01 -7.412780e-02 0.000000e+00
-9.566880e-01 -7.869910e-02 0.000000e+00
-9.556870e-01 -6.616470e-02 0.000000e+00
-9.807850e-01 -1.950900e-01 0.000000e+00
-9.704720e-01 -1.868230e-01 0.000000e+00
-9.601580e-01 -1.785550e-01 0.000000e+00
-9.498450e-01 -1.702880e-01 0.000000e+00
-9.395320e-01 -1.620200e-01 0.000000e+00
-9.831050e-01 -1.830400e-01 0.000000e+00
-9.727180e-01 -1.747590e-01 0.000000e+00
-9.623300e-01 -1.664780e-01 0.000000e+00
-9.519430e-01 -1.581980e-01 0.000000e+00
-9.852780e-01 -1.709620e-01 0.000000e+00
-9.748160e-01 -1.626680e-01 0.000000e+00
-9.643540e-01 -1.543750e-01 0.000000e+00
-9.873010e-01 -1.588580e-01 0.000000e+00
-9.767650e-01 -1.505530e-01 0.000000e+00
-9.891770e-01 -1.467300e-01 0.000000e+00
-9.987950e-01 -4.906770e-02 0.000000e+00
-9.880180e-01 -5.334190e-02 0.000000e+00
-9.772410e-01 -5.761620e-02 0.000000e+00
-9.664640e-01 -6.189040e-02 0.000000e+00
-9.556870e-01 -6.616470e-02 0.000000e+00
-9.911460e-01 -4.124760e-02 0.000000e+00
-9.803690e-01 -4.552190e-02 0.000000e+00
-9.695920e-01 -4.979610e-02 0.000000e+00
-9.588140e-01 -5.407040e-02 0.000000e+00
-9.834960e-01 -3.342760e-02 0.000000e+00
-9.727190e-01 -3.770180e-02 0.000000e+00
-9.619420e-01 -4.197610e-02 0.000000e+00
-9.758460e-01 -2.560750e-02 0.000000e+00
-9.650690e-01 -2.988180e-02 0.000000e+00
-9.681970e-01 -1.778750e-02 0.000000e+00
-9.987950e-01 4.906770e-02 0.000000e+00
-9.912840e-01 4.146280e-02 0.000000e+00
-9.837730e-01 3.385790e-02 0.000000e+00
-9.762610e-01 2.625290e-02 0.000000e+00
-9.687500e-01 1.864800e-02 0.000000e+00
-9.889050e-01 5.342160e-02 0.000000e+00
-9.813940e-01 4.581670e-02 0.000000e+00
-9.738830e-01 3.821180e-02 0.000000e+00
-9.663710e-01 3.060690e-02 0.000000e+00
-9.790150e-01 5.777560e-02 0.000000e+00
-9.715040e-01 5.017070e-02 0.000000e+00
-9.639920e-01 4.256570e-02 0.000000e+00
-9.691250e-01 6.212950e-02 0.000000e+00
-9.616140e-01 5.452460e-02 0.000000e+00
-9.592350e-01 6.648350e-02 0.000000e+00
-9.443250e-01 1.002730e-01 0.000000e+00
-9.555380e-01 1.118870e-01 0.000000e+00
-9.667510e-01 1.235020e-01 0.000000e+00
-9.779640e-01 1.351160e-01 0.000000e+00
-9.891770e-01 1.467300e-01 0.000000e+00
-9.570400e-01 9.970920e-02 0.000000e+00
-9.683270e-01 1.113330e-01 0.000000e+00
-9.796150e-01 1.229570e-01 0.000000e+00
-9.909030e-01 1.345810e-01 0.000000e+00
-9.697550e-01 9.914510e-02 0.000000e+00
-9.811170e-01 1.107780e-01 0.000000e+00
-9.924800e-01 1.224110e-01 0.000000e+00
-9.824700e-01 9.858110e-02 0.000000e+00
-9.939070e-01 1.102220e-01 0.000000e+00
-9.951850e-01 9.801710e-02 0.000000e+00
-9.338530e-01 1.692230e-01 0.000000e+00
-9.476840e-01 1.636000e-01 0.000000e+00
-9.615150e-01 1.579770e-01 0.000000e+00
-9.753460e-01 1.523540e-01 0.000000e+00
-9.891770e-01 1.467300e-01 0.000000e+00
-9.335840e-01 1.613300e-01 0.000000e+00
-9.474140e-01 1.557070e-01 0.000000e+00
-9.612450e-01 1.500830e-01 0.000000e+00
-9.750760e-01 1.444600e-01 0.000000e+00
-9.333140e-01 1.534360e-01 0.000000e+00
-9.471450e-01 1.478130e-01 0.000000e+00
-9.609760e-01 1.421900e-01 0.000000e+00
-9.330450e-01 1.455430e-01 0.000000e+00
-9.468760e-01 1.399200e-01 0.000000e+00
-9.327760e-01 1.376500e-01 0.000000e+00
-9.363740e-01 -2.111200e-01 0.000000e+00
-9.307550e-01 -2.037430e-01 0.000000e+00
-9.251360e-01 -1.963660e-01 0.000000e+00
-9.195170e-01 -1.889880e-01 0.000000e+00
-9.138980e-01 -1.816110e-01 0.000000e+00
-9.474770e-01 -2.071130e-01 0.000000e+00
-9.418580e-01 -1.997350e-01 0.000000e+00
-9.362390e-01 -1.923580e-01 0.000000e+00
-9.306190e-01 -1.849810e-01 0.000000e+00
-9.585800e-01 -2.031050e-01 0.000000e+00
-9.529610e-01 -1.957280e-01 0.000000e+00
-9.473410e-01 -1.883510e-01 0.000000e+00
-9.696820e-01 -1.990980e-01 0.000000e+00
-9.640630e-01 -1.917200e-01 0.000000e+00
-9.807850e-01 -1.950900e-01 0.000000e+00
-9.807850e-01 1.950900e-01 0.000000e+00
-9.831050e-01 1.830400e-01 0.000000e+00
-9.852780e-01 1.709620e-01 0.000000e+00
-9.873010e-01 1.588580e-01 0.000000e+00
-9.891770e-01 1.467300e-01 0.000000e+00
-9.690520e-01 1.886240e-01 0.000000e+00
-9.712980e-01 1.765600e-01 0.000000e+00
-9.733960e-01 1.644690e-01 0.000000e+00
-9.753460e-01 1.523540e-01 0.000000e+00
-9.573190e-01 1.821570e-01 0.000000e+00
-9.594910e-01 1.700800e-01 0.000000e+00
-9.615150e-01 1.579770e-01 0.000000e+00
-9.455860e-01 1.756900e-01 0.000000e+00
-9.476840e-01 1.636000e-01 0.000000e+00
-9.338530e-01 1.692230e-01 0.000000e+00
-9.395320e-01 -1.620200e-01 0.000000e+00
-9.445710e-01 -1.505910e-01 0.000000e+00
-9.496110e-01 -1.391610e-01 0.000000e+00
-9.546510e-01 -1.277320e-01 0.000000e+00
-9.596910e-01 -1.163020e-01 0.000000e+00
-9.519430e-01 -1.581980e-01 0.000000e+00
-9.569830e-01 -1.467680e-01 0.000000e+00
-9.620220e-01 -1.353390e-01 0.000000e+00
-9.670620e-01 -1.239090e-01 0.000000e+00
-9.643540e-01 -1.543750e-01 0.000000e+00
-9.693940e-01 -1.429460e-01 0.000000e+00
-9.744340e-01 -1.315160e-01 0.000000e+00
-9.767650e-01 -1.505530e-01 0.000000e+00
-9.818050e-01 -1.391230e-01 0.000000e+00
-9.891770e-01 -1.467300e-01 0.000000e+00
-9.596910e-01 -1.163020e-01 0.000000e+00
-9.685640e-01 -1.117310e-01 0.000000e+00
-9.774380e-01 -1.071600e-01 0.000000e+00
-9.863110e-01 -1.025880e-01 0.000000e+00
-9.951850e-01 -9.801710e-02 0.000000e+00
-9.670620e-01 -1.239090e-01 0.000000e+00
-9.760100e-01 -1.193470e-01 0.000000e+00
-9.849590e-01 -1.147850e-01 0.000000e+00
-9.939070e-01 -1.102220e-01 0.000000e+00
-9.744340e-01 -1.315160e-01 0.000000e+00
-9.834570e-01 -1.269640e-01 0.000000e+00
-9.924800e-01 -1.224110e-01 0.000000e+00
-9.818050e-01 -1.391230e-01 0.000000e+00
-9.909030e-01 -1.345810e-01 0.000000e+00
-9.891770e-01 -1.467300e-01 0.000000e+00
-8.958020e-01 3.498200e-01 0.000000e+00
-9.072380e-01 3.465870e-01 0.000000e+00
-9.186730e-01 3.433550e-01 0.000000e+00
-9.301090e-01 3.401220e-01 0.000000e+00
-9.415440e-01 3.368900e-01 0.000000e+00
-8.982430e-01 3.400030e-01 0.000000e+00
-9.096780e-01 3.367700e-01 0.000000e+00
-9.211140e-01 3.335380e-01 0.000000e+00
-9.325490e-01 3.303050e-01 0.000000e+00
-9.006840e-01 3.301860e-01 0.000000e+00
-9.121190e-01 3.269530e-01 0.000000e+00
-9.235550e-01 3.237200e-01 0.000000e+00
-9.031240e-01 3.203680e-01 0.000000e+00
-9.145600e-01 3.171360e-01 0.000000e+00
-9.055650e-01 3.105510e-01 0.000000e+00
-9.080290e-01 2.736900e-01 0.000000e+00
-9.074130e-01 2.829050e-01 0.000000e+00
-9.067970e-01 2.921200e-01 0.000000e+00
-9.061810e-01 3.013360e-01 0.000000e+00
-9.055650e-01 3.105510e-01 0.000000e+00
-9.202570e-01 2.778390e-01 0.000000e+00
-9.196410e-01 2.870540e-01 0.000000e+00
-9.190250e-01 2.962690e-01 0.000000e+00
-9.184090e-01 3.054850e-01 0.000000e+00
-9.324850e-01 2.819870e-01 0.000000e+00
-9.318690e-01 2.912030e-01 0.000000e+00
-9.312530e-01 3.004180e-01 0.000000e+00
-9.447120e-01 2.861360e-01 0.000000e+00
-9.440960e-01 2.953510e-01 0.000000e+00
-9.569400e-01 2.902850e-01 0.000000e+00
-9.395320e-01 -1.620200e-01 0.000000e+00
-9.498450e-01 -1.702880e-01 0.000000e+00
-9.601580e-01 -1.785550e-01 0.000000e+00
-9.704720e-01 -1.868230e-01 0.000000e+00
-9.807850e-01 -1.950900e-01 0.000000e+00
-9.331230e-01 -1.669180e-01 0.000000e+00
-9.434370e-01 -1.751850e-01 0.000000e+00
-9.537500e-01 -1.834530e-01 0.000000e+00
-9.640630e-01 -1.917200e-01 0.000000e+00
-9.267150e-01 -1.718160e-01 0.000000e+00
-9.370280e-01 -1.800830e-01 0.000000e+00
-9.473410e-01 -1.883510e-01 0.000000e+00
-9.203060e-01 -1.767130e-01 0.000000e+00
-9.306190e-01 -1.849810e-01 0.000000e+00
-9.138980e-01 -1.816110e-01 0.000000e+00
-9.415440e-01 -3.368900e-01 0.000000e+00
-9.373390e-01 -3.484190e-01 0.000000e+00
-9.329930e-01 -3.598950e-01 0.000000e+00
-9.285060e-01 -3.713170e-01 0.000000e+00
-9.238800e-01 -3.826830e-01 0.000000e+00
-9.335350e-01 -3.414080e-01 0.000000e+00
-9.292600e-01 -3.529100e-01 0.000000e+00
-9.248430e-01 -3.643590e-01 0.000000e+00
-9.202870e-01 -3.757530e-01 0.000000e+00
-9.255260e-01 -3.459250e-01 0.000000e+00
-9.211800e-01 -3.574010e-01 0.000000e+00
-9.166940e-01 -3.688220e-01 0.000000e+00
-9.175170e-01 -3.504430e-01 0.000000e+00
-9.131010e-01 -3.618910e-01 0.000000e+00
-9.095080e-01 -3.549610e-01 0.000000e+00
-8.917370e-01 -3.817600e-01 0.000000e+00
-8.997730e-01 -3.819910e-01 0.000000e+00
-9.078080e-01 -3.822220e-01 0.000000e+00
-9.158440e-01 -3.824520e-01 0.000000e+00
-9.238800e-01 -3.826830e-01 0.000000e+00
-8.948000e-01 -3.932080e-01 0.000000e+00
-9.029050e-01 -3.934700e-01 0.000000e+00
-9.110090e-01 -3.937310e-01 0.000000e+00
-9.191140e-01 -3.939920e-01 0.000000e+00
-8.978630e-01 -4.046570e-01 0.000000e+00
-9.060360e-01 -4.049500e-01 0.000000e+00
-9.142100e-01 -4.052410e-01 0.000000e+00
-9.009260e-01 -4.161060e-01 0.000000e+00
-9.091680e-01 -4.164300e-01 0.000000e+00
-9.039890e-01 -4.275550e-01 0.000000e+00
-9.014280e-01 -2.982790e-01 0.000000e+00
-9.153060e-01 -2.962810e-01 0.000000e+00
-9.291840e-01 -2.942820e-01 0.000000e+00
-9.430620e-01 -2.922830e-01 0.000000e+00
-9.569400e-01 -2.902850e-01 0.000000e+00
-9.114570e-01 -3.079320e-01 0.000000e+00
-9.254060e-01 -3.059570e-01 0.000000e+00
-9.393560e-01 -3.039820e-01 0.000000e+00
-9.533060e-01 -3.020060e-01 0.000000e+00
-9.214860e-01 -3.175850e-01 0.000000e+00
-9.355070e-01 -3.156330e-01 0.000000e+00
-9.495280e-01 -3.136820e-01 0.000000e+00
-9.315150e-01 -3.272370e-01 0.000000e+00
-9.456070e-01 -3.253100e-01 0.000000e+00
-9.415440e-01 -3.368900e-01 0.000000e+00
-8.817190e-01 -3.219170e-01 0.000000e+00
-8.966750e-01 -3.256600e-01 0.000000e+00
-9.116320e-01 -3.294030e-01 0.000000e+00
-9.265880e-01 -3.331470e-01 0.000000e+00
-9.415440e-01 -3.368900e-01 0.000000e+00
-8.886660e-01 -3.301780e-01 0.000000e+00
-9.036230e-01 -3.339210e-01 0.000000e+00
-9.185790e-01 -3.376640e-01 0.000000e+00
-9.335350e-01 -3.414080e-01 0.000000e+00
-8.956140e-01 -3.384390e-01 0.000000e+00
-9.105700e-01 -3.421820e-01 0.000000e+00
-9.255260e-01 -3.459250e-01 0.000000e+00
-9.025610e-01 -3.467000e-01 0.000000e+00
-9.175170e-01 -3.504430e-01 0.000000e+00
-9.095080e-01 -3.549610e-01 0.000000e+00
-8.917370e-01 -3.817600e-01 0.000000e+00
-8.961800e-01 -3.750600e-01 0.000000e+00
-9.006230e-01 -3.683600e-01 0.000000e+00
-9.050650e-01 -3.616600e-01 0.000000e+00
-9.095080e-01 -3.549610e-01 0.000000e+00
-8.997730e-01 -3.819910e-01 0.000000e+00
-9.042160e-01 -3.752910e-01 0.000000e+00
-9.086580e-01 -3.685910e-01 0.000000e+00
-9.131010e-01 -3.618910e-01 0.000000e+00
-9.078080e-01 -3.822220e-01 0.000000e+00
-9.122510e-01 -3.755220e-01 0.000000e+00
-9.166940e-01 -3.688220e-01 0.000000e+00
-9.158440e-01 -3.824520e-01 0.000000e+00
-9.202870e-01 -3.757530e-01 0.000000e+00
-9.238800e-01 -3.826830e-01 0.000000e+00
-9.014280e-01 -2.982790e-01 0.000000e+00
-9.114570e-01 -3.079320e-01 0.000000e+00
-9.214860e-01 -3.175850e-01 0.000000e+00
-9.315150e-01 -3.272370e-01 0.000000e+00
-9.415440e-01 -3.368900e-01 0.000000e+00
-8.965010e-01 -3.041890e-01 0.000000e+00
-9.065300e-01 -3.138410e-01 0.000000e+00
-9.165590e-01 -3.234940e-01 0.000000e+00
-9.265880e-01 -3.331470e-01 0.000000e+00
-8.915730e-01 -3.100980e-01 0.000000e+00
-9.016030e-01 -3.197510e-01 0.000000e+00
-9.116320e-01 -3.294030e-01 0.000000e+00
-8.866460e-01 -3.160070e-01 0.000000e+00
-8.966750e-01 -3.256600e-01 0.000000e+00
-8.817190e-01 -3.219170e-01 0.000000e+00
-9.700310e-01 2.429800e-01 0.000000e+00
-9.606120e-01 2.348150e-01 0.000000e+00
-9.511920e-01 2.266500e-01 0.000000e+00
-9.417730e-01 2.184860e-01 0.000000e+00
-9.323540e-01 2.103210e-01 0.000000e+00
-9.575100e-01 2.430370e-01 0.000000e+00
-9.480900e-01 2.348720e-01 0.000000e+00
-9.386710e-01 2.267070e-01 0.000000e+00
-9.292520e-01 2.185430e-01 0.000000e+00
-9.449880e-01 2.430940e-01 0.000000e+00
-9.355690e-01 2.349290e-01 0.000000e+00
-9.261500e-01 2.267640e-01 0.000000e+00
-9.324670e-01 2.431510e-01 0.000000e+00
-9.230480e-01 2.349860e-01 0.000000e+00
-9.199460e-01 2.432080e-01 0.000000e+00
-9.199460e-01 2.432080e-01 0.000000e+00
-9.291940e-01 2.549770e-01 0.000000e+00
-9.384430e-01 2.667460e-01 0.000000e+00
-9.476920e-01 2.785160e-01 0.000000e+00
-9.569400e-01 2.902850e-01 0.000000e+00
-9.324670e-01 2.431510e-01 0.000000e+00
-9.417880e-01 2.549400e-01 0.000000e+00
-9.511090e-01 2.667300e-01 0.000000e+00
-9.604310e-01 2.785200e-01 0.000000e+00
-9.449880e-01 2.430940e-01 0.000000e+00
-9.543820e-01 2.549030e-01 0.000000e+00
-9.637760e-01 2.667130e-01 0.000000e+00
-9.575100e-01 2.430370e-01 0.000000e+00
-9.669760e-01 2.548660e-01 0.000000e+00
-9.700310e-01 2.429800e-01 0.000000e+00
-9.415440e-01 3.368900e-01 0.000000e+00
-9.456070e-01 3.253100e-01 0.000000e+00
-9.495280e-01 3.136820e-01 0.000000e+00
-9.533060e-01 3.020060e-01 0.000000e+00
-9.569400e-01 2.902850e-01 0.000000e+00
-9.325490e-01 3.303050e-01 0.000000e+00
-9.365410e-01 3.187010e-01 0.000000e+00
-9.403910e-01 3.070500e-01 0.000000e+00
-9.440960e-01 2.953510e-01 0.000000e+00
-9.235550e-01 3.237200e-01 0.000000e+00
-9.274750e-01 3.120930e-01 0.000000e+00
-9.312530e-01 3.004180e-01 0.000000e+00
-9.145600e-01 3.171360e-01 0.000000e+00
-9.184090e-01 3.054850e-01 0.000000e+00
-9.055650e-01 3.105510e-01 0.000000e+00
-9.039890e-01 4.275550e-01 0.000000e+00
-9.091680e-01 4.164300e-01 0.000000e+00
-9.142100e-01 4.052410e-01 0.000000e+00
-9.191140e-01 3.939920e-01 0.000000e+00
-9.238800e-01 3.826830e-01 0.000000e+00
-9.004330e-01 4.165180e-01 0.000000e+00
-9.055430e-01 4.053610e-01 0.000000e+00
-9.105160e-01 3.941420e-01 0.000000e+00
-9.153510e-01 3.828640e-01 0.000000e+00
-8.968770e-01 4.054800e-01 0.000000e+00
-9.019180e-01 3.942930e-01 0.000000e+00
-9.068220e-01 3.830440e-01 0.000000e+00
-8.933200e-01 3.944420e-01 0.000000e+00
-8.982930e-01 3.832240e-01 0.000000e+00
-8.897640e-01 3.834050e-01 0.000000e+00
-8.958020e-01 3.498200e-01 0.000000e+00
-9.028210e-01 3.580360e-01 0.000000e+00
-9.098410e-01 3.662520e-01 0.000000e+00
-9.168600e-01 3.744680e-01 0.000000e+00
-9.238800e-01 3.826830e-01 0.000000e+00
-9.072380e-01 3.465870e-01 0.000000e+00
-9.143270e-01 3.548300e-01 0.000000e+00
-9.214170e-01 3.630740e-01 0.000000e+00
-9.285060e-01 3.713170e-01 0.000000e+00
-9.186730e-01 3.433550e-01 0.000000e+00
-9.258330e-01 3.516250e-01 0.000000e+00
-9.329930e-01 3.598950e-01 0.000000e+00
-9.301090e-01 3.401220e-01 0.000000e+00
-9.373390e-01 3.484190e-01 0.000000e+00
-9.415440e-01 3.368900e-01 0.000000e+00
-9.080290e-01 2.736900e-01 0.000000e+00
-9.202570e-01 2.778390e-01 0.000000e+00
-9.324850e-01 2.819870e-01 0.000000e+00
-9.447120e-01 2.861360e-01 0.000000e+00
-9.569400e-01 2.902850e-01 0.000000e+00
-9.110080e-01 2.660690e-01 0.000000e+00
-9.232360e-01 2.702180e-01 0.000000e+00
-9.354640e-01 2.743670e-01 0.000000e+00
-9.476920e-01 2.785160e-01 0.000000e+00
-9.139870e-01 2.584490e-01 0.000000e+00
-9.262150e-01 2.625980e-01 0.000000e+00
-9.384430e-01 2.667460e-01 0.000000e+00
-9.169660e-01 2.508290e-01 0.000000e+00
-9.291940e-01 2.549770e-01 0.000000e+00
-9.199460e-01 2.432080e-01 0.000000e+00
-9.323540e-01 2.103210e-01 0.000000e+00
-9.417730e-01 2.184860e-01 0.000000e+00
-9.511920e-01 2.266500e-01 0.000000e+00
-9.606120e-01 2.348150e-01 0.000000e+00
-9.700310e-01 2.429800e-01 0.000000e+00
-9.444620e-01 2.065130e-01 0.000000e+00
-9.539540e-01 2.146940e-01 0.000000e+00
-9.634470e-01 2.228760e-01 0.000000e+00
-9.729400e-01 2.310580e-01 0.000000e+00
-9.565690e-01 2.027060e-01 0.000000e+00
-9.661360e-01 2.109030e-01 0.000000e+00
-9.757020e-01 2.191010e-01 0.000000e+00
-9.686770e-01 1.988980e-01 0.000000e+00
-9.783170e-01 2.071110e-01 0.000000e+00
-9.807850e-01 1.950900e-01 0.000000e+00
-9.807850e-01 1.950900e-01 0.000000e+00
-9.690520e-01 1.886240e-01 0.000000e+00
-9.573190e-01 1.821570e-01 0.000000e+00
-9.455860e-01 1.756900e-01 0.000000e+00
-9.338530e-01 1.692230e-01 0.000000e+00
-9.686770e-01 1.988980e-01 0.000000e+00
-9.569440e-01 1.924310e-01 0.000000e+00
-9.452110e-01 1.859640e-01 0.000000e+00
-9.334780e-01 1.794980e-01 0.000000e+00
-9.565690e-01 2.027060e-01 0.000000e+00
-9.448360e-01 1.962390e-01 0.000000e+00
-9.331030e-01 1.897720e-01 0.000000e+00
-9.444620e-01 2.065130e-01 0.000000e+00
-9.327280e-01 2.000460e-01 0.000000e+00
-9.323540e-01 2.103210e-01 0.000000e+00
-8.646220e-01 4.310760e-01 0.000000e+00
-8.689470e-01 4.411560e-01 0.000000e+00
-8.732710e-01 4.512360e-01 0.000000e+00
-8.775960e-01 4.613170e-01 0.000000e+00
-8.819210e-01 4.713970e-01 0.000000e+00
-8.744640e-01 4.301960e-01 0.000000e+00
-8.788560e-01 4.403100e-01 0.000000e+00
-8.832480e-01 4.504240e-01 0.000000e+00
-8.876400e-01 4.605390e-01 0.000000e+00
-8.843060e-01 4.293160e-01 0.000000e+00
-8.887650e-01 4.394630e-01 0.000000e+00
-8.932240e-01 4.496110e-01 0.000000e+00
-8.941470e-01 4.284350e-01 0.000000e+00
-8.986740e-01 4.386160e-01 0.000000e+00
-9.039890e-01 4.275550e-01 0.000000e+00
-9.238800e-01 3.826830e-01 0.000000e+00
-9.168600e-01 3.744680e-01 0.000000e+00
-9.098410e-01 3.662520e-01 0.000000e+00
-9.028210e-01 3.580360e-01 0.000000e+00
-8.958020e-01 3.498200e-01 0.000000e+00
-9.153510e-01 3.828640e-01 0.000000e+00
-9.083310e-01 3.746480e-01 0.000000e+00
-9.013120e-01 3.664320e-01 0.000000e+00
-8.942930e-01 3.582160e-01 0.000000e+00
-9.068220e-01 3.830440e-01 0.000000e+00
-8.998020e-01 3.748280e-01 0.000000e+00
-8.927830e-01 3.666120e-01 0.000000e+00
-8.982930e-01 3.832240e-01 0.000000e+00
-8.912730e-01 3.750090e-01 0.000000e+00
-8.897640e-01 3.834050e-01 0.000000e+00
-8.324370e-01 4.528070e-01 0.000000e+00
-8.448080e-01 4.574550e-01 0.000000e+00
-8.571790e-01 4.621020e-01 0.000000e+00
-8.695500e-01 4.667490e-01 0.000000e+00
-8.819210e-01 4.713970e-01 0.000000e+00
-8.404830e-01 4.473750e-01 0.000000e+00
-8.528540e-01 4.520220e-01 0.000000e+00
-8.652250e-01 4.566690e-01 0.000000e+00
-8.775960e-01 4.613170e-01 0.000000e+00
-8.485290e-01 4.419420e-01 0.000000e+00
-8.609000e-01 4.465890e-01 0.000000e+00
-8.732710e-01 4.512360e-01 0.000000e+00
-8.565760e-01 4.365090e-01 0.000000e+00
-8.689470e-01 4.411560e-01 0.000000e+00
-8.646220e-01 4.310760e-01 0.000000e+00
-8.591280e-01 3.984320e-01 0.000000e+00
-8.703430e-01 4.057130e-01 0.000000e+00
-8.815580e-01 4.129940e-01 0.000000e+00
-8.927740e-01 4.202740e-01 0.000000e+00
-9.039890e-01 4.275550e-01 0.000000e+00
-8.667870e-01 3.946750e-01 0.000000e+00
-8.780020e-01 4.019560e-01 0.000000e+00
-8.892180e-01 4.092370e-01 0.000000e+00
-9.004330e-01 4.165180e-01 0.000000e+00
-8.744460e-01 3.909190e-01 0.000000e+00
-8.856610e-01 3.981990e-01 0.000000e+00
-8.968770e-01 4.054800e-01 0.000000e+00
-8.821050e-01 3.871620e-01 0.000000e+00
-8.933200e-01 3.944420e-01 0.000000e+00
-8.897640e-01 3.834050e-01 0.000000e+00
-8.819210e-01 4.713970e-01 0.000000e+00
-8.695500e-01 4.667490e-01 0.000000e+00
-8.571790e-01 4.621020e-01 0.000000e+00
-8.448080e-01 4.574550e-01 0.000000e+00
-8.324370e-01 4.528070e-01 0.000000e+00
-8.760700e-01 4.821840e-01 0.000000e+00
-8.636330e-01 4.775000e-01 0.000000e+00
-8.511970e-01 4.728160e-01 0.000000e+00
-8.387600e-01 4.681310e-01 0.000000e+00
-8.700870e-01 4.928980e-01 0.000000e+00
-8.575850e-01 4.881770e-01 0.000000e+00
-8.450830e-01 4.834550e-01 0.000000e+00
-8.639730e-01 5.035380e-01 0.000000e+00
-8.514060e-01 4.987790e-01 0.000000e+00
-8.577290e-01 5.141030e-01 0.000000e+00
-8.917370e-01 -3.817600e-01 0.000000e+00
-8.948000e-01 -3.932080e-01 0.000000e+00
-8.978630e-01 -4.046570e-01 0.000000e+00
-9.009260e-01 -4.161060e-01 0.000000e+00
-9.039890e-01 -4.275550e-01 0.000000e+00
-8.861740e-01 -3.876980e-01 0.000000e+00
-8.892370e-01 -3.991470e-01 0.000000e+00
-8.923000e-01 -4.105950e-01 0.000000e+00
-8.953630e-01 -4.220440e-01 0.000000e+00
-8.806100e-01 -3.936360e-01 0.000000e+00
-8.836730e-01 -4.050850e-01 0.000000e+00
-8.867360e-01 -4.165340e-01 0.000000e+00
-8.750470e-01 -3.995740e-01 0.000000e+00
-8.781100e-01 -4.110230e-01 0.000000e+00
-8.694830e-01 -4.055120e-01 0.000000e+00
-9.039890e-01 -4.275550e-01 0.000000e+00
-8.986740e-01 -4.386160e-01 0.000000e+00
-8.932240e-01 -4.496110e-01 0.000000e+00
-8.876400e-01 -4.605390e-01 0.000000e+00
-8.819210e-01 -4.713970e-01 0.000000e+00
-8.926930e-01 -4.293380e-01 0.000000e+00
-8.873110e-01 -4.403660e-01 0.000000e+00
-8.817940e-01 -4.513270e-01 0.000000e+00
-8.761420e-01 -4.622200e-01 0.000000e+00
-8.813970e-01 -4.311220e-01 0.000000e+00
-8.759470e-01 -4.421160e-01 0.000000e+00
-8.703630e-01 -4.530420e-01 0.000000e+00
-8.701010e-01 -4.329050e-01 0.000000e+00
-8.645840e-01 -4.438650e-01 0.000000e+00
-8.588050e-01 -4.346880e-01 0.000000e+00
-8.646220e-01 4.310760e-01 0.000000e+00
-8.744640e-01 4.301960e-01 0.000000e+00
-8.843060e-01 4.293160e-01 0.000000e+00
-8.941470e-01 4.284350e-01 0.000000e+00
-9.039890e-01 4.275550e-01 0.000000e+00
-8.632480e-01 4.229150e-01 0.000000e+00
-8.730900e-01 4.220350e-01 0.000000e+00
-8.829320e-01 4.211550e-01 0.000000e+00
-8.927740e-01 4.202740e-01 0.000000e+00
-8.618750e-01 4.147540e-01 0.000000e+00
-8.717170e-01 4.138740e-01 0.000000e+00
-8.815580e-01 4.129940e-01 0.000000e+00
-8.605010e-01 4.065930e-01 0.000000e+00
-8.703430e-01 4.057130e-01 0.000000e+00
-8.591280e-01 3.984320e-01 0.000000e+00
-8.324370e-01 4.528070e-01 0.000000e+00
-8.243720e-01 4.610880e-01 0.000000e+00
-8.163060e-01 4.693690e-01 0.000000e+00
-8.082400e-01 4.776500e-01 0.000000e+00
-8.001750e-01 4.859310e-01 0.000000e+00
-8.387600e-01 4.681310e-01 0.000000e+00
-8.306940e-01 4.764120e-01 0.000000e+00
-8.226290e-01 4.846930e-01 0.000000e+00
-8.145630e-01 4.929740e-01 0.000000e+00
-8.450830e-01 4.834550e-01 0.000000e+00
-8.370170e-01 4.917360e-01 0.000000e+00
-8.289520e-01 5.000170e-01 0.000000e+00
-8.514060e-01 4.987790e-01 0.000000e+00
-8.433400e-01 5.070600e-01 0.000000e+00
-8.577290e-01 5.141030e-01 0.000000e+00
-6.243570e-01 6.975210e-01 0.000000e+00
-6.233820e-01 7.055240e-01 0.000000e+00
-6.224070e-01 7.135260e-01 0.000000e+00
-6.214320e-01 7.215290e-01 0.000000e+00
-6.204570e-01 7.295320e-01 0.000000e+00
-6.361580e-01 7.083780e-01 0.000000e+00
-6.351820e-01 7.163810e-01 0.000000e+00
-6.342070e-01 7.243840e-01 0.000000e+00
-6.332320e-01 7.323870e-01 0.000000e+00
-6.479580e-01 7.192360e-01 0.000000e+00
-6.469830e-01 7.272390e-01 0.000000e+00
-6.460080e-01 7.352420e-01 0.000000e+00
-6.597580e-01 7.300940e-01 0.000000e+00
-6.587830e-01 7.380960e-01 0.000000e+00
-6.715590e-01 7.409510e-01 0.000000e+00
-2.350780e-01 9.234420e-01 0.000000e+00
-2.278660e-01 9.222000e-01 0.000000e+00
-2.206540e-01 9.209580e-01 0.000000e+00
-2.134430e-01 9.197160e-01 0.000000e+00
-2.062310e-01 9.184740e-01 0.000000e+00
-2.370530e-01 9.350890e-01 0.000000e+00
-2.298420e-01 9.338470e-01 0.000000e+00
-2.226300e-01 9.326050e-01 0.000000e+00
-2.154180e-01 9.313630e-01 0.000000e+00
-2.390290e-01 9.467370e-01 0.000000e+00
-2.318170e-01 9.454950e-01 0.000000e+00
-2.246060e-01 9.442520e-01 0.000000e+00
-2.410050e-01 9.583840e-01 0.000000e+00
-2.337930e-01 9.571420e-01 0.000000e+00
-2.429800e-01 9.700310e-01 0.000000e+00
-2.785010e-01 9.152740e-01 0.000000e+00
-2.696210e-01 9.289640e-01 0.000000e+00
-2.607410e-01 9.426530e-01 0.000000e+00
-2.518600e-01 9.563420e-01 0.000000e+00
-2.429800e-01 9.700310e-01 0.000000e+00
-2.814470e-01 9.256910e-01 0.000000e+00
-2.725870e-01 9.394530e-01 0.000000e+00
-2.637260e-01 9.532150e-01 0.000000e+00
-2.548660e-01 9.669760e-01 0.000000e+00
-2.843930e-01 9.361070e-01 0.000000e+00
-2.755530e-01 9.499420e-01 0.000000e+00
-2.667130e-01 9.637760e-01 0.000000e+00
-2.873390e-01 9.465240e-01 0.000000e+00
-2.785200e-01 9.604310e-01 0.000000e+00
-2.902850e-01 9.569400e-01 0.000000e+00
-8.314700e-01 5.555700e-01 0.000000e+00
-8.203960e-01 5.555030e-01 0.000000e+00
-8.093220e-01 5.554360e-01 0.000000e+00
-7.982480e-01 5.553690e-01 0.000000e+00
-7.871740e-01 5.553020e-01 0.000000e+00
-8.245890e-01 5.657320e-01 0.000000e+00
-8.134540e-01 5.656220e-01 0.000000e+00
-8.023180e-01 5.655120e-01 0.000000e+00
-7.911830e-01 5.654020e-01 0.000000e+00
-8.175850e-01 5.758080e-01 0.000000e+00
-8.063880e-01 5.756550e-01 0.000000e+00
-7.951910e-01 5.755010e-01 0.000000e+00
-8.104570e-01 5.857980e-01 0.000000e+00
-7.991990e-01 5.856000e-01 0.000000e+00
-8.032080e-01 5.956990e-01 0.000000e+00
-8.001750e-01 4.859310e-01 0.000000e+00
-7.990480e-01 4.940910e-01 0.000000e+00
-7.979210e-01 5.022520e-01 0.000000e+00
-7.967950e-01 5.104130e-01 0.000000e+00
-7.956680e-01 5.185740e-01 0.000000e+00
-8.145630e-01 4.929740e-01 0.000000e+00
-8.134370e-01 5.011340e-01 0.000000e+00
-8.123100e-01 5.092950e-01 0.000000e+00
-8.111830e-01 5.174560e-01 0.000000e+00
-8.289520e-01 5.000170e-01 0.000000e+00
-8.278250e-01 5.081770e-01 0.000000e+00
-8.266980e-01 5.163380e-01 0.000000e+00
-8.433400e-01 5.070600e-01 0.000000e+00
-8.422130e-01 5.152200e-01 0.000000e+00
-8.577290e-01 5.141030e-01 0.000000e+00
-8.694830e-01 -4.055120e-01 0.000000e+00
-8.781100e-01 -4.110230e-01 0.000000e+00
-8.867360e-01 -4.165340e-01 0.000000e+00
-8.953630e-01 -4.220440e-01 0.000000e+00
-9.039890e-01 -4.275550e-01 0.000000e+00
-8.668140e-01 -4.128060e-01 0.000000e+00
-8.754400e-01 -4.183170e-01 0.000000e+00
-8.840670e-01 -4.238280e-01 0.000000e+00
-8.926930e-01 -4.293380e-01 0.000000e+00
-8.641440e-01 -4.201000e-01 0.000000e+00
-8.727710e-01 -4.256110e-01 0.000000e+00
-8.813970e-01 -4.311220e-01 0.000000e+00
-8.614740e-01 -4.273940e-01 0.000000e+00
-8.701010e-01 -4.329050e-01 0.000000e+00
-8.588050e-01 -4.346880e-01 0.000000e+00
-8.819210e-01 -4.713970e-01 0.000000e+00
-8.714390e-01 -4.718670e-01 0.000000e+00
-8.609570e-01 -4.723370e-01 0.000000e+00
-8.504750e-01 -4.728080e-01 0.000000e+00
-8.399930e-01 -4.732780e-01 0.000000e+00
-8.761420e-01 -4.622200e-01 0.000000e+00
-8.656600e-01 -4.626900e-01 0.000000e+00
-8.551780e-01 -4.631600e-01 0.000000e+00
-8.446960e-01 -4.636310e-01 0.000000e+00
-8.703630e-01 -4.530420e-01 0.000000e+00
-8.598810e-01 -4.535130e-01 0.000000e+00
-8.493990e-01 -4.539830e-01 0.000000e+00
-8.645840e-01 -4.438650e-01 0.000000e+00
-8.541020e-01 -4.443360e-01 0.000000e+00
-8.588050e-01 -4.346880e-01 0.000000e+00
-8.399930e-01 -4.732780e-01 0.000000e+00
-8.504750e-01 -4.728080e-01 0.000000e+00
-8.609570e-01 -4.723370e-01 0.000000e+00
-8.714390e-01 -4.718670e-01 0.000000e+00
-8.819210e-01 -4.713970e-01 0.000000e+00
-8.444270e-01 -4.834840e-01 0.000000e+00
-8.549740e-01 -4.830510e-01 0.000000e+00
-8.655220e-01 -4.826170e-01 0.000000e+00
-8.760700e-01 -4.821840e-01 0.000000e+00
-8.488610e-01 -4.936900e-01 0.000000e+00
-8.594740e-01 -4.932950e-01 0.000000e+00
-8.700870e-01 -4.928980e-01 0.000000e+00
-8.532950e-01 -5.038970e-01 0.000000e+00
-8.639730e-01 -5.035380e-01 0.000000e+00
-8.577290e-01 -5.141030e-01 0.000000e+00
-3.368900e-01 9.415440e-01 0.000000e+00
-3.295690e-01 9.365180e-01 0.000000e+00
-3.222480e-01 9.314910e-01 0.000000e+00
-3.149270e-01 9.264650e-01 0.000000e+00
-3.076060e-01 9.214390e-01 0.000000e+00
-3.253100e-01 9.456070e-01 0.000000e+00
-3.179650e-01 9.405100e-01 0.000000e+00
-3.106200e-01 9.354120e-01 0.000000e+00
-3.032760e-01 9.303140e-01 0.000000e+00
-3.136820e-01 9.495280e-01 0.000000e+00
-3.063130e-01 9.443590e-01 0.000000e+00
-2.989450e-01 9.391900e-01 0.000000e+00
-3.020060e-01 9.533060e-01 0.000000e+00
-2.946150e-01 9.480650e-01 0.000000e+00
-2.902850e-01 9.569400e-01 0.000000e+00
-2.785010e-01 9.152740e-01 0.000000e+00
-2.814470e-01 9.256910e-01 0.000000e+00
-2.843930e-01 9.361070e-01 0.000000e+00
-2.873390e-01 9.465240e-01 0.000000e+00
-2.902850e-01 9.569400e-01 0.000000e+00
-2.857770e-01 9.168160e-01 0.000000e+00
-2.887230e-01 9.272320e-01 0.000000e+00
-2.916690e-01 9.376480e-01 0.000000e+00
-2.946150e-01 9.480650e-01 0.000000e+00
-2.930530e-01 9.183570e-01 0.000000e+00
-2.959990e-01 9.287730e-01 0.000000e+00
-2.989450e-01 9.391900e-01 0.000000e+00
-3.003300e-01 9.198980e-01 0.000000e+00
-3.032760e-01 9.303140e-01 0.000000e+00
-3.076060e-01 9.214390e-01 0.000000e+00
-3.363690e-01 8.929140e-01 0.000000e+00
-3.291780e-01 9.000450e-01 0.000000e+00
-3.219870e-01 9.071770e-01 0.000000e+00
-3.147970e-01 9.143080e-01 0.000000e+00
-3.076060e-01 9.214390e-01 0.000000e+00
-3.364990e-01 9.050720e-01 0.000000e+00
-3.293080e-01 9.122030e-01 0.000000e+00
-3.221180e-01 9.193340e-01 0.000000e+00
-3.149270e-01 9.264650e-01 0.000000e+00
-3.366290e-01 9.172290e-01 0.000000e+00
-3.294390e-01 9.243600e-01 0.000000e+00
-3.222480e-01 9.314910e-01 0.000000e+00
-3.367600e-01 9.293870e-01 0.000000e+00
-3.295690e-01 9.365180e-01 0.000000e+00
-3.368900e-01 9.415440e-01 0.000000e+00
-3.368900e-01 9.415440e-01 0.000000e+00
-3.484190e-01 9.373390e-01 0.000000e+00
-3.598950e-01 9.329930e-01 0.000000e+00
-3.713170e-01 9.285060e-01 0.000000e+00
-3.826830e-01 9.238800e-01 0.000000e+00
-3.443480e-01 9.305660e-01 0.000000e+00
-3.558510e-01 9.262900e-01 0.000000e+00
-3.673000e-01 9.218740e-01 0.000000e+00
-3.786940e-01 9.173170e-01 0.000000e+00
-3.518070e-01 9.195870e-01 0.000000e+00
-3.632830e-01 9.152410e-01 0.000000e+00
-3.747040e-01 9.107550e-01 0.000000e+00
-3.592660e-01 9.086090e-01 0.000000e+00
-3.707140e-01 9.041930e-01 0.000000e+00
-3.667240e-01 8.976310e-01 0.000000e+00
-3.947220e-01 8.799990e-01 0.000000e+00
-3.917130e-01 8.909690e-01 0.000000e+00
-3.887030e-01 9.019390e-01 0.000000e+00
-3.856930e-01 9.129090e-01 0.000000e+00
-3.826830e-01 9.238800e-01 0.000000e+00
-4.029300e-01 8.859970e-01 0.000000e+00
-3.999510e-01 8.970360e-01 0.000000e+00
-3.969720e-01 9.080750e-01 0.000000e+00
-3.939920e-01 9.191140e-01 0.000000e+00
-4.111390e-01 8.919940e-01 0.000000e+00
-4.081900e-01 9.031020e-01 0.000000e+00
-4.052410e-01 9.142100e-01 0.000000e+00
-4.193470e-01 8.979920e-01 0.000000e+00
-4.164300e-01 9.091680e-01 0.000000e+00
-4.275550e-01 9.039890e-01 0.000000e+00
-3.363690e-01 8.929140e-01 0.000000e+00
-3.364990e-01 9.050720e-01 0.000000e+00
-3.366290e-01 9.172290e-01 0.000000e+00
-3.367600e-01 9.293870e-01 0.000000e+00
-3.368900e-01 9.415440e-01 0.000000e+00
-3.439580e-01 8.940930e-01 0.000000e+00
-3.440880e-01 9.062510e-01 0.000000e+00
-3.442180e-01 9.184080e-01 0.000000e+00
-3.443480e-01 9.305660e-01 0.000000e+00
-3.515470e-01 8.952730e-01 0.000000e+00
-3.516770e-01 9.074300e-01 0.000000e+00
-3.518070e-01 9.195870e-01 0.000000e+00
-3.591360e-01 8.964520e-01 0.000000e+00
-3.592660e-01 9.086090e-01 0.000000e+00
-3.667240e-01 8.976310e-01 0.000000e+00
-6.715590e-01 7.409510e-01 0.000000e+00
-6.806010e-01 7.326540e-01 0.000000e+00
-6.895410e-01 7.242470e-01 0.000000e+00
-6.983760e-01 7.157310e-01 0.000000e+00
-7.071070e-01 7.071070e-01 0.000000e+00
-6.686010e-01 7.285970e-01 0.000000e+00
-6.775920e-01 7.202450e-01 0.000000e+00
-6.864790e-01 7.117840e-01 0.000000e+00
-6.952620e-01 7.032140e-01 0.000000e+00
-6.656440e-01 7.162430e-01 0.000000e+00
-6.745830e-01 7.078360e-01 0.000000e+00
-6.834180e-01 6.993200e-01 0.000000e+00
-6.626860e-01 7.038880e-01 0.000000e+00
-6.715730e-01 6.954270e-01 0.000000e+00
-6.597290e-01 6.915340e-01 0.000000e+00
-6.718120e-01 6.577550e-01 0.000000e+00
-6.806360e-01 6.700930e-01 0.000000e+00
-6.894590e-01 6.824310e-01 0.000000e+00
-6.982830e-01 6.947690e-01 0.000000e+00
-7.071070e-01 7.071070e-01 0.000000e+00
-6.799350e-01 6.565580e-01 0.000000e+00
-6.887590e-01 6.688960e-01 0.000000e+00
-6.975820e-01 6.812340e-01 0.000000e+00
-7.064060e-01 6.935720e-01 0.000000e+00
-6.880580e-01 6.553610e-01 0.000000e+00
-6.968810e-01 6.676990e-01 0.000000e+00
-7.057050e-01 6.800370e-01 0.000000e+00
-6.961810e-01 6.541640e-01 0.000000e+00
-7.050040e-01 6.665020e-01 0.000000e+00
-7.043030e-01 6.529670e-01 0.000000e+00
-8.032080e-01 5.956990e-01 0.000000e+00
-7.907500e-01 5.944300e-01 0.000000e+00
-7.782920e-01 5.931610e-01 0.000000e+00
-7.658340e-01 5.918920e-01 0.000000e+00
-7.533760e-01 5.906230e-01 0.000000e+00
-7.958370e-01 6.055110e-01 0.000000e+00
-7.833190e-01 6.041960e-01 0.000000e+00
-7.708020e-01 6.028810e-01 0.000000e+00
-7.582840e-01 6.015660e-01 0.000000e+00
-7.883460e-01 6.152320e-01 0.000000e+00
-7.757700e-01 6.138700e-01 0.000000e+00
-7.631930e-01 6.125080e-01 0.000000e+00
-7.807370e-01 6.248590e-01 0.000000e+00
-7.681020e-01 6.234510e-01 0.000000e+00
-7.730100e-01 6.343930e-01 0.000000e+00
-8.314700e-01 5.555700e-01 0.000000e+00
-8.382250e-01 5.453250e-01 0.000000e+00
-8.448540e-01 5.349980e-01 0.000000e+00
-8.513550e-01 5.245900e-01 0.000000e+00
-8.577290e-01 5.141030e-01 0.000000e+00
-8.225190e-01 5.463210e-01 0.000000e+00
-8.292110e-01 5.360350e-01 0.000000e+00
-8.357760e-01 5.256680e-01 0.000000e+00
-8.422130e-01 5.152200e-01 0.000000e+00
-8.135690e-01 5.370720e-01 0.000000e+00
-8.201970e-01 5.267450e-01 0.000000e+00
-8.266980e-01 5.163380e-01 0.000000e+00
-8.046180e-01 5.278230e-01 0.000000e+00
-8.111830e-01 5.174560e-01 0.000000e+00
-7.956680e-01 5.185740e-01 0.000000e+00
-7.221520e-01 6.073060e-01 0.000000e+00
-7.348660e-01 6.140780e-01 0.000000e+00
-7.475810e-01 6.208500e-01 0.000000e+00
-7.602960e-01 6.276220e-01 0.000000e+00
-7.730100e-01 6.343930e-01 0.000000e+00
-7.299580e-01 6.031360e-01 0.000000e+00
-7.426720e-01 6.099070e-01 0.000000e+00
-7.553870e-01 6.166790e-01 0.000000e+00
-7.681020e-01 6.234510e-01 0.000000e+00
-7.377640e-01 5.989650e-01 0.000000e+00
-7.504780e-01 6.057370e-01 0.000000e+00
-7.631930e-01 6.125080e-01 0.000000e+00
-7.455700e-01 5.947940e-01 0.000000e+00
-7.582840e-01 6.015660e-01 0.000000e+00
-7.533760e-01 5.906230e-01 0.000000e+00
-7.871740e-01 5.553020e-01 0.000000e+00
-7.787250e-01 5.641330e-01 0.000000e+00
-7.702750e-01 5.729630e-01 0.000000e+00
-7.618250e-01 5.817930e-01 0.000000e+00
-7.533760e-01 5.906230e-01 0.000000e+00
-7.911830e-01 5.654020e-01 0.000000e+00
-7.827330e-01 5.742320e-01 0.000000e+00
-7.742830e-01 5.830620e-01 0.000000e+00
-7.658340e-01 5.918920e-01 0.000000e+00
-7.951910e-01 5.755010e-01 0.000000e+00
-7.867410e-01 5.843310e-01 0.000000e+00
-7.782920e-01 5.931610e-01 0.000000e+00
-7.991990e-01 5.856000e-01 0.000000e+00
-7.907500e-01 5.944300e-01 0.000000e+00
-8.032080e-01 5.956990e-01 0.000000e+00
-8.103640e-01 -4.977640e-01 0.000000e+00
-8.156410e-01 -5.122150e-01 0.000000e+00
-8.209170e-01 -5.266670e-01 0.000000e+00
-8.261930e-01 -5.411190e-01 0.000000e+00
-8.314700e-01 -5.555700e-01 0.000000e+00
-8.041470e-01 -5.076770e-01 0.000000e+00
-8.094240e-01 -5.221290e-01 0.000000e+00
-8.147000e-01 -5.365800e-01 0.000000e+00
-8.199760e-01 -5.510320e-01 0.000000e+00
-7.979300e-01 -5.175900e-01 0.000000e+00
-8.032070e-01 -5.320420e-01 0.000000e+00
-8.084830e-01 -5.464940e-01 0.000000e+00
-7.917130e-01 -5.275040e-01 0.000000e+00
-7.969890e-01 -5.419550e-01 0.000000e+00
-7.854960e-01 -5.374170e-01 0.000000e+00
-3.667240e-01 8.976310e-01 0.000000e+00
-3.707140e-01 9.041930e-01 0.000000e+00
-3.747040e-01 9.107550e-01 0.000000e+00
-3.786940e-01 9.173170e-01 0.000000e+00
-3.826830e-01 9.238800e-01 0.000000e+00
-3.737240e-01 8.932230e-01 0.000000e+00
-3.777140e-01 8.997850e-01 0.000000e+00
-3.817030e-01 9.063470e-01 0.000000e+00
-3.856930e-01 9.129090e-01 0.000000e+00
-3.807230e-01 8.888150e-01 0.000000e+00
-3.847130e-01 8.953770e-01 0.000000e+00
-3.887030e-01 9.019390e-01 0.000000e+00
-3.877230e-01 8.844070e-01 0.000000e+00
-3.917130e-01 8.909690e-01 0.000000e+00
-3.947220e-01 8.799990e-01 0.000000e+00
-4.245590e-01 8.619220e-01 0.000000e+00
-4.171000e-01 8.664410e-01 0.000000e+00
-4.096410e-01 8.709610e-01 0.000000e+00
-4.021820e-01 8.754800e-01 0.000000e+00
-3.947220e-01 8.799990e-01 0.000000e+00
-4.253080e-01 8.724390e-01 0.000000e+00
-4.178490e-01 8.769580e-01 0.000000e+00
-4.103900e-01 8.814770e-01 0.000000e+00
-4.029300e-01 8.859970e-01 0.000000e+00
-4.260570e-01 8.829560e-01 0.000000e+00
-4.185980e-01 8.874750e-01 0.000000e+00
-4.111390e-01 8.919940e-01 0.000000e+00
-4.268060e-01 8.934720e-01 0.000000e+00
-4.193470e-01 8.979920e-01 0.000000e+00
-4.275550e-01 9.039890e-01 0.000000e+00
-4.245590e-01 8.619220e-01 0.000000e+00
-4.253080e-01 8.724390e-01 0.000000e+00
-4.260570e-01 8.829560e-01 0.000000e+00
-4.268060e-01 8.934720e-01 0.000000e+00
-4.275550e-01 9.039890e-01 0.000000e+00
-4.362690e-01 8.669220e-01 0.000000e+00
-4.370510e-01 8.775060e-01 0.000000e+00
-4.378340e-01 8.880900e-01 0.000000e+00
-4.386160e-01 8.986740e-01 0.000000e+00
-4.479780e-01 8.719220e-01 0.000000e+00
-4.487950e-01 8.825730e-01 0.000000e+00
-4.496110e-01 8.932240e-01 0.000000e+00
-4.596870e-01 8.769210e-01 0.000000e+00
-4.605390e-01 8.876400e-01 0.000000e+00
-4.713970e-01 8.819210e-01 0.000000e+00
-4.713970e-01 8.819210e-01 0.000000e+00
-4.663000e-01 8.714810e-01 0.000000e+00
-4.612040e-01 8.610400e-01 0.000000e+00
-4.561080e-01 8.505990e-01 0.000000e+00
-4.510110e-01 8.401590e-01 0.000000e+00
-4.596870e-01 8.769210e-01 0.000000e+00
-4.545910e-01 8.664810e-01 0.000000e+00
-4.494950e-01 8.560400e-01 0.000000e+00
-4.443980e-01 8.456000e-01 0.000000e+00
-4.479780e-01 8.719220e-01 0.000000e+00
-4.428820e-01 8.614810e-01 0.000000e+00
-4.377850e-01 8.510400e-01 0.000000e+00
-4.362690e-01 8.669220e-01 0.000000e+00
-4.311720e-01 8.564810e-01 0.000000e+00
-4.245590e-01 8.619220e-01 0.000000e+00
-1.950900e-01 9.807850e-01 0.000000e+00
-2.071110e-01 9.783170e-01 0.000000e+00
-2.191010e-01 9.757020e-01 0.000000e+00
-2.310580e-01 9.729400e-01 0.000000e+00
-2.429800e-01 9.700310e-01 0.000000e+00
-1.978760e-01 9.652070e-01 0.000000e+00
-2.098810e-01 9.626660e-01 0.000000e+00
-2.218540e-01 9.599770e-01 0.000000e+00
-2.337930e-01 9.571420e-01 0.000000e+00
-2.006610e-01 9.496290e-01 0.000000e+00
-2.126500e-01 9.470140e-01 0.000000e+00
-2.246060e-01 9.442520e-01 0.000000e+00
-2.034460e-01 9.340520e-01 0.000000e+00
-2.154180e-01 9.313630e-01 0.000000e+00
-2.062310e-01 9.184740e-01 0.000000e+00
-7.043030e-01 6.529670e-01 0.000000e+00
-7.050040e-01 6.665020e-01 0.000000e+00
-7.057050e-01 6.800370e-01 0.000000e+00
-7.064060e-01 6.935720e-01 0.000000e+00
-7.071070e-01 7.071070e-01 0.000000e+00
-7.134650e-01 6.576150e-01 0.000000e+00
-7.142210e-01 6.712020e-01 0.000000e+00
-7.149760e-01 6.847890e-01 0.000000e+00
-7.157310e-01 6.983760e-01 0.000000e+00
-7.226270e-01 6.622630e-01 0.000000e+00
-7.234370e-01 6.759020e-01 0.000000e+00
-7.242470e-01 6.895410e-01 0.000000e+00
-7.317890e-01 6.669110e-01 0.000000e+00
-7.326540e-01 6.806010e-01 0.000000e+00
-7.409510e-01 6.715590e-01 0.000000e+00
-7.730100e-01 6.343930e-01 0.000000e+00
-7.602960e-01 6.276220e-01 0.000000e+00
-7.475810e-01 6.208500e-01 0.000000e+00
-7.348660e-01 6.140780e-01 0.000000e+00
-7.221520e-01 6.073060e-01 0.000000e+00
-7.628730e-01 6.348100e-01 0.000000e+00
-7.501580e-01 6.280380e-01 0.000000e+00
-7.374430e-01 6.212660e-01 0.000000e+00
-7.247280e-01 6.144940e-01 0.000000e+00
-7.527350e-01 6.352260e-01 0.000000e+00
-7.400200e-01 6.284540e-01 0.000000e+00
-7.273050e-01 6.216830e-01 0.000000e+00
-7.425970e-01 6.356430e-01 0.000000e+00
-7.298820e-01 6.288710e-01 0.000000e+00
-7.324590e-01 6.360590e-01 0.000000e+00
-7.071070e-01 7.071070e-01 0.000000e+00
-6.982830e-01 6.947690e-01 0.000000e+00
-6.894590e-01 6.824310e-01 0.000000e+00
-6.806360e-01 6.700930e-01 0.000000e+00
-6.718120e-01 6.577550e-01 0.000000e+00
-6.952620e-01 7.032140e-01 0.000000e+00
-6.864390e-01 6.908760e-01 0.000000e+00
-6.776150e-01 6.785380e-01 0.000000e+00
-6.687910e-01 6.662000e-01 0.000000e+00
-6.834180e-01 6.993200e-01 0.000000e+00
-6.745940e-01 6.869830e-01 0.000000e+00
-6.657700e-01 6.746450e-01 0.000000e+00
-6.715730e-01 6.954270e-01 0.000000e+00
-6.627500e-01 6.830890e-01 0.000000e+00
-6.597290e-01 6.915340e-01 0.000000e+00
-5.858590e-01 7.537670e-01 0.000000e+00
-5.979930e-01 7.585780e-01 0.000000e+00
-6.101260e-01 7.633890e-01 0.000000e+00
-6.222600e-01 7.682000e-01 0.000000e+00
-6.343930e-01 7.730100e-01 0.000000e+00
-5.945090e-01 7.477080e-01 0.000000e+00
-6.066420e-01 7.525190e-01 0.000000e+00
-6.187760e-01 7.573300e-01 0.000000e+00
-6.309090e-01 7.621410e-01 0.000000e+00
-6.031580e-01 7.416500e-01 0.000000e+00
-6.152910e-01 7.464600e-01 0.000000e+00
-6.274250e-01 7.512710e-01 0.000000e+00
-6.118070e-01 7.355910e-01 0.000000e+00
-6.239410e-01 7.404020e-01 0.000000e+00
-6.204570e-01 7.295320e-01 0.000000e+00
-7.324590e-01 6.360590e-01 0.000000e+00
-7.345820e-01 6.449340e-01 0.000000e+00
-7.367050e-01 6.538090e-01 0.000000e+00
-7.388280e-01 6.626840e-01 0.000000e+00
-7.409510e-01 6.715590e-01 0.000000e+00
-7.425970e-01 6.356430e-01 0.000000e+00
-7.447770e-01 6.445670e-01 0.000000e+00
-7.469570e-01 6.534910e-01 0.000000e+00
-7.491360e-01 6.624160e-01 0.000000e+00
-7.527350e-01 6.352260e-01 0.000000e+00
-7.549720e-01 6.441990e-01 0.000000e+00
-7.572090e-01 6.531730e-01 0.000000e+00
-7.628730e-01 6.348100e-01 0.000000e+00
-7.651670e-01 6.438320e-01 0.000000e+00
-7.730100e-01 6.343930e-01 0.000000e+00
-7.043030e-01 6.529670e-01 0.000000e+00
-7.134650e-01 6.576150e-01 0.000000e+00
-7.226270e-01 6.622630e-01 0.000000e+00
-7.317890e-01 6.669110e-01 0.000000e+00
-7.409510e-01 6.715590e-01 0.000000e+00
-7.113420e-01 6.487400e-01 0.000000e+00
-7.205040e-01 6.533880e-01 0.000000e+00
-7.296660e-01 6.580360e-01 0.000000e+00
-7.388280e-01 6.626840e-01 0.000000e+00
-7.183810e-01 6.445130e-01 0.000000e+00
-7.275430e-01 6.491610e-01 0.000000e+00
-7.367050e-01 6.538090e-01 0.000000e+00
-7.254200e-01 6.402860e-01 0.000000e+00
-7.345820e-01 6.449340e-01 0.000000e+00
-7.324590e-01 6.360590e-01 0.000000e+00
-6.597290e-01 6.915340e-01 0.000000e+00
-6.508860e-01 6.930310e-01 0.000000e+00
-6.420430e-01 6.945270e-01 0.000000e+00
-6.332000e-01 6.960240e-01 0.000000e+00
-6.243570e-01 6.975210e-01 0.000000e+00
-6.626860e-01 7.038880e-01 0.000000e+00
-6.538430e-01 7.053850e-01 0.000000e+00
-6.450000e-01 7.068820e-01 0.000000e+00
-6.361580e-01 7.083780e-01 0.000000e+00
-6.656440e-01 7.162430e-01 0.000000e+00
-6.568010e-01 7.177390e-01 0.000000e+00
-6.479580e-01 7.192360e-01 0.000000e+00
-6.686010e-01 7.285970e-01 0.000000e+00
-6.597580e-01 7.300940e-01 0.000000e+00
-6.715590e-01 7.409510e-01 0.000000e+00
-4.750290e-01 8.187510e-01 0.000000e+00
-4.690250e-01 8.241030e-01 0.000000e+00
-4.630200e-01 8.294550e-01 0.000000e+00
-4.570160e-01 8.348070e-01 0.000000e+00
-4.510110e-01 8.401590e-01 0.000000e+00
-4.847980e-01 8.284960e-01 0.000000e+00
-4.787930e-01 8.338470e-01 0.000000e+00
-4.727890e-01 8.391990e-01 0.000000e+00
-4.667840e-01 8.445510e-01 0.000000e+00
-4.945660e-01 8.382400e-01 0.000000e+00
-4.885620e-01 8.435920e-01 0.000000e+00
-4.825570e-01 8.489440e-01 0.000000e+00
-5.043340e-01 8.479840e-01 0.000000e+00
-4.983300e-01 8.533360e-01 0.000000e+00
-5.141030e-01 8.577290e-01 0.000000e+00
-6.343930e-01 7.730100e-01 0.000000e+00
-6.438320e-01 7.651670e-01 0.000000e+00
-6.531730e-01 7.572090e-01 0.000000e+00
-6.624160e-01 7.491360e-01 0.000000e+00
-6.715590e-01 7.409510e-01 0.000000e+00
-6.309090e-01 7.621410e-01 0.000000e+00
-6.402990e-01 7.542400e-01 0.000000e+00
-6.495910e-01 7.462250e-01 0.000000e+00
-6.587830e-01 7.380960e-01 0.000000e+00
-6.274250e-01 7.512710e-01 0.000000e+00
-6.367660e-01 7.433130e-01 0.000000e+00
-6.460080e-01 7.352420e-01 0.000000e+00
-6.239410e-01 7.404020e-01 0.000000e+00
-6.332320e-01 7.323870e-01 0.000000e+00
-6.204570e-01 7.295320e-01 0.000000e+00
-5.956990e-01 8.032080e-01 0.000000e+00
-6.055110e-01 7.958370e-01 0.000000e+00
-6.152320e-01 7.883460e-01 0.000000e+00
-6.248590e-01 7.807370e-01 0.000000e+00
-6.343930e-01 7.730100e-01 0.000000e+00
-5.932390e-01 7.908470e-01 0.000000e+00
-6.030050e-01 7.834170e-01 0.000000e+00
-6.126790e-01 7.758670e-01 0.000000e+00
-6.222600e-01 7.682000e-01 0.000000e+00
-5.907790e-01 7.784870e-01 0.000000e+00
-6.004990e-01 7.709970e-01 0.000000e+00
-6.101260e-01 7.633890e-01 0.000000e+00
-5.883190e-01 7.661270e-01 0.000000e+00
-5.979930e-01 7.585780e-01 0.000000e+00
-5.858590e-01 7.537670e-01 0.000000e+00
-8.314700e-01 5.555700e-01 0.000000e+00
-8.225190e-01 5.463210e-01 0.000000e+00
-8.135690e-01 5.370720e-01 0.000000e+00
-8.046180e-01 5.278230e-01 0.000000e+00
-7.956680e-01 5.185740e-01 0.000000e+00
-8.203960e-01 5.555030e-01 0.000000e+00
-8.114450e-01 5.462540e-01 0.000000e+00
-8.024950e-01 5.370050e-01 0.000000e+00
-7.935440e-01 5.277560e-01 0.000000e+00
-8.093220e-01 5.554360e-01 0.000000e+00
-8.003720e-01 5.461870e-01 0.000000e+00
-7.914210e-01 5.369380e-01 0.000000e+00
-7.982480e-01 5.553690e-01 0.000000e+00
-7.892980e-01 5.461200e-01 0.000000e+00
-7.871740e-01 5.553020e-01 0.000000e+00
-8.577290e-01 -5.141030e-01 0.000000e+00
-8.458880e-01 -5.100180e-01 0.000000e+00
-8.340460e-01 -5.059330e-01 0.000000e+00
-8.222050e-01 -5.018490e-01 0.000000e+00
-8.103640e-01 -4.977640e-01 0.000000e+00
-8.532950e-01 -5.038970e-01 0.000000e+00
-8.414540e-01 -4.998120e-01 0.000000e+00
-8.296130e-01 -4.957270e-01 0.000000e+00
-8.177710e-01 -4.916420e-01 0.000000e+00
-8.488610e-01 -4.936900e-01 0.000000e+00
-8.370200e-01 -4.896060e-01 0.000000e+00
-8.251790e-01 -4.855210e-01 0.000000e+00
-8.444270e-01 -4.834840e-01 0.000000e+00
-8.325860e-01 -4.793990e-01 0.000000e+00
-8.399930e-01 -4.732780e-01 0.000000e+00
-7.854960e-01 -5.374170e-01 0.000000e+00
-7.899240e-01 -5.519880e-01 0.000000e+00
-7.943520e-01 -5.665580e-01 0.000000e+00
-7.987800e-01 -5.811290e-01 0.000000e+00
-8.032080e-01 -5.956990e-01 0.000000e+00
-7.794810e-01 -5.422700e-01 0.000000e+00
-7.839090e-01 -5.568410e-01 0.000000e+00
-7.883370e-01 -5.714110e-01 0.000000e+00
-7.927650e-01 -5.859820e-01 0.000000e+00
-7.734660e-01 -5.471240e-01 0.000000e+00
-7.778940e-01 -5.616940e-01 0.000000e+00
-7.823220e-01 -5.762650e-01 0.000000e+00
-7.674510e-01 -5.519770e-01 0.000000e+00
-7.718790e-01 -5.665480e-01 0.000000e+00
-7.614360e-01 -5.568300e-01 0.000000e+00
-7.423720e-01 -5.913780e-01 0.000000e+00
-7.500320e-01 -6.021320e-01 0.000000e+00
-7.576910e-01 -6.128860e-01 0.000000e+00
-7.653510e-01 -6.236390e-01 0.000000e+00
-7.730100e-01 -6.343930e-01 0.000000e+00
-7.373560e-01 -5.992580e-01 0.000000e+00
-7.450160e-01 -6.100120e-01 0.000000e+00
-7.526750e-01 -6.207650e-01 0.000000e+00
-7.603350e-01 -6.315190e-01 0.000000e+00
-7.323400e-01 -6.071370e-01 0.000000e+00
-7.400000e-01 -6.178910e-01 0.000000e+00
-7.476590e-01 -6.286450e-01 0.000000e+00
-7.273240e-01 -6.150170e-01 0.000000e+00
-7.349840e-01 -6.257710e-01 0.000000e+00
-7.223080e-01 -6.228970e-01 0.000000e+00
-7.423720e-01 -5.913780e-01 0.000000e+00
-7.471380e-01 -5.827410e-01 0.000000e+00
-7.519040e-01 -5.741040e-01 0.000000e+00
-7.566700e-01 -5.654670e-01 0.000000e+00
-7.614360e-01 -5.568300e-01 0.000000e+00
-7.575810e-01 -5.924580e-01 0.000000e+00
-7.623470e-01 -5.838210e-01 0.000000e+00
-7.671130e-01 -5.751840e-01 0.000000e+00
-7.718790e-01 -5.665480e-01 0.000000e+00
-7.727900e-01 -5.935390e-01 0.000000e+00
-7.775560e-01 -5.849020e-01 0.000000e+00
-7.823220e-01 -5.762650e-01 0.000000e+00
-7.879990e-01 -5.946190e-01 0.000000e+00
-7.927650e-01 -5.859820e-01 0.000000e+00
-8.032080e-01 -5.956990e-01 0.000000e+00
-7.730100e-01 -6.343930e-01 0.000000e+00
-7.653510e-01 -6.236390e-01 0.000000e+00
-7.576910e-01 -6.128860e-01 0.000000e+00
-7.500320e-01 -6.021320e-01 0.000000e+00
-7.423720e-01 -5.913780e-01 0.000000e+00
-7.807370e-01 -6.248590e-01 0.000000e+00
-7.730190e-01 -6.140590e-01 0.000000e+00
-7.653000e-01 -6.032590e-01 0.000000e+00
-7.575810e-01 -5.924580e-01 0.000000e+00
-7.883460e-01 -6.152320e-01 0.000000e+00
-7.805680e-01 -6.043850e-01 0.000000e+00
-7.727900e-01 -5.935390e-01 0.000000e+00
-7.958370e-01 -6.055110e-01 0.000000e+00
-7.879990e-01 -5.946190e-01 0.000000e+00
-8.032080e-01 -5.956990e-01 0.000000e+00
-7.223080e-01 -6.228970e-01 0.000000e+00
-7.349840e-01 -6.257710e-01 0.000000e+00
-7.476590e-01 -6.286450e-01 0.000000e+00
-7.603350e-01 -6.315190e-01 0.000000e+00
-7.730100e-01 -6.343930e-01 0.000000e+00
-7.269690e-01 -6.350620e-01 0.000000e+00
-7.397020e-01 -6.379860e-01 0.000000e+00
-7.524340e-01 -6.409090e-01 0.000000e+00
-7.651670e-01 -6.438320e-01 0.000000e+00
-7.316300e-01 -6.472280e-01 0.000000e+00
-7.444190e-01 -6.502010e-01 0.000000e+00
-7.572090e-01 -6.531730e-01 0.000000e+00
-7.362900e-01 -6.593930e-01 0.000000e+00
-7.491360e-01 -6.624160e-01 0.000000e+00
-7.409510e-01 -6.715590e-01 0.000000e+00
-7.409510e-01 -6.715590e-01 0.000000e+00
-7.326540e-01 -6.806010e-01 0.000000e+00
-7.242470e-01 -6.895410e-01 0.000000e+00
-7.157310e-01 -6.983760e-01 0.000000e+00
-7.071070e-01 -7.071070e-01 0.000000e+00
-7.300750e-01 -6.715000e-01 0.000000e+00
-7.217230e-01 -6.804900e-01 0.000000e+00
-7.132610e-01 -6.893780e-01 0.000000e+00
-7.046910e-01 -6.981610e-01 0.000000e+00
-7.191980e-01 -6.714400e-01 0.000000e+00
-7.107910e-01 -6.803790e-01 0.000000e+00
-7.022760e-01 -6.892140e-01 0.000000e+00
-7.083220e-01 -6.713810e-01 0.000000e+00
-6.998600e-01 -6.802680e-01 0.000000e+00
-6.974450e-01 -6.713220e-01 0.000000e+00
-6.959290e-01 -6.399480e-01 0.000000e+00
-7.071850e-01 -6.478510e-01 0.000000e+00
-7.184400e-01 -6.557540e-01 0.000000e+00
-7.296960e-01 -6.636560e-01 0.000000e+00
-7.409510e-01 -6.715590e-01 0.000000e+00
-6.963080e-01 -6.477920e-01 0.000000e+00
-7.075640e-01 -6.556940e-01 0.000000e+00
-7.188190e-01 -6.635970e-01 0.000000e+00
-7.300750e-01 -6.715000e-01 0.000000e+00
-6.966870e-01 -6.556350e-01 0.000000e+00
-7.079430e-01 -6.635380e-01 0.000000e+00
-7.191980e-01 -6.714400e-01 0.000000e+00
-6.970660e-01 -6.634780e-01 0.000000e+00
-7.083220e-01 -6.713810e-01 0.000000e+00
-6.974450e-01 -6.713220e-01 0.000000e+00
-8.577290e-01 -5.141030e-01 0.000000e+00
-8.513550e-01 -5.245900e-01 0.000000e+00
-8.448540e-01 -5.349980e-01 0.000000e+00
-8.382250e-01 -5.453250e-01 0.000000e+00
-8.314700e-01 -5.555700e-01 0.000000e+00
-8.458880e-01 -5.100180e-01 0.000000e+00
-8.394500e-01 -5.204650e-01 0.000000e+00
-8.328850e-01 -5.308330e-01 0.000000e+00
-8.261930e-01 -5.411190e-01 0.000000e+00
-8.340460e-01 -5.059330e-01 0.000000e+00
-8.275450e-01 -5.163400e-01 0.000000e+00
-8.209170e-01 -5.266670e-01 0.000000e+00
-8.222050e-01 -5.018490e-01 0.000000e+00
-8.156410e-01 -5.122150e-01 0.000000e+00
-8.103640e-01 -4.977640e-01 0.000000e+00
-4.151310e-01 -8.389430e-01 0.000000e+00
-4.233420e-01 -8.394180e-01 0.000000e+00
-4.315520e-01 -8.398920e-01 0.000000e+00
-4.397630e-01 -8.403660e-01 0.000000e+00
-4.479730e-01 -8.408410e-01 0.000000e+00
-4.182370e-01 -8.552050e-01 0.000000e+00
-4.264480e-01 -8.556790e-01 0.000000e+00
-4.346580e-01 -8.561530e-01 0.000000e+00
-4.428690e-01 -8.566280e-01 0.000000e+00
-4.213430e-01 -8.714660e-01 0.000000e+00
-4.295540e-01 -8.719410e-01 0.000000e+00
-4.377640e-01 -8.724150e-01 0.000000e+00
-4.244490e-01 -8.877280e-01 0.000000e+00
-4.326600e-01 -8.882020e-01 0.000000e+00
-4.275550e-01 -9.039890e-01 0.000000e+00
-6.667280e-01 -6.952610e-01 0.000000e+00
-6.679360e-01 -7.066830e-01 0.000000e+00
-6.691440e-01 -7.181060e-01 0.000000e+00
-6.703510e-01 -7.295280e-01 0.000000e+00
-6.715590e-01 -7.409510e-01 0.000000e+00
-6.560680e-01 -7.000810e-01 0.000000e+00
-6.572760e-01 -7.115030e-01 0.000000e+00
-6.584830e-01 -7.229260e-01 0.000000e+00
-6.596910e-01 -7.343490e-01 0.000000e+00
-6.454080e-01 -7.049010e-01 0.000000e+00
-6.466150e-01 -7.163240e-01 0.000000e+00
-6.478230e-01 -7.277460e-01 0.000000e+00
-6.347470e-01 -7.097210e-01 0.000000e+00
-6.359550e-01 -7.211440e-01 0.000000e+00
-6.240870e-01 -7.145410e-01 0.000000e+00
-6.715590e-01 -7.409510e-01 0.000000e+00
-6.703510e-01 -7.295280e-01 0.000000e+00
-6.691440e-01 -7.181060e-01 0.000000e+00
-6.679360e-01 -7.066830e-01 0.000000e+00
-6.667280e-01 -6.952610e-01 0.000000e+00
-6.806010e-01 -7.326540e-01 0.000000e+00
-6.793420e-01 -7.211770e-01 0.000000e+00
-6.780820e-01 -7.096990e-01 0.000000e+00
-6.768230e-01 -6.982220e-01 0.000000e+00
-6.895410e-01 -7.242470e-01 0.000000e+00
-6.882290e-01 -7.127150e-01 0.000000e+00
-6.869180e-01 -7.011840e-01 0.000000e+00
-6.983760e-01 -7.157310e-01 0.000000e+00
-6.970120e-01 -7.041450e-01 0.000000e+00
-7.071070e-01 -7.071070e-01 0.000000e+00
-9.801710e-02 9.951850e-01 0.000000e+00
-1.025760e-01 9.862480e-01 0.000000e+00
-1.071350e-01 9.773120e-01 0.000000e+00
-1.116930e-01 9.683750e-01 0.000000e+00
-1.162520e-01 9.594390e-01 0.000000e+00
-9.114540e-02 9.797390e-01 0.000000e+00
-9.570410e-02 9.708030e-01 0.000000e+00
-1.002630e-01 9.618670e-01 0.000000e+00
-1.048220e-01 9.529300e-01 0.000000e+00
-8.427360e-02 9.642940e-01 0.000000e+00
-8.883230e-02 9.553580e-01 0.000000e+00
-9.339110e-02 9.464210e-01 0.000000e+00
-7.740180e-02 9.488490e-01 0.000000e+00
-8.196050e-02 9.399120e-01 0.000000e+00
-7.053000e-02 9.334030e-01 0.000000e+00
-2.429800e-01 9.700310e-01 0.000000e+00
-2.518600e-01 9.563420e-01 0.000000e+00
-2.607410e-01 9.426530e-01 0.000000e+00
-2.696210e-01 9.289640e-01 0.000000e+00
-2.785010e-01 9.152740e-01 0.000000e+00
-2.410050e-01 9.583840e-01 0.000000e+00
-2.498850e-01 9.446950e-01 0.000000e+00
-2.587650e-01 9.310060e-01 0.000000e+00
-2.676450e-01 9.173160e-01 0.000000e+00
-2.390290e-01 9.467370e-01 0.000000e+00
-2.479090e-01 9.330470e-01 0.000000e+00
-2.567890e-01 9.193580e-01 0.000000e+00
-2.370530e-01 9.350890e-01 0.000000e+00
-2.459330e-01 9.214000e-01 0.000000e+00
-2.350780e-01 9.234420e-01 0.000000e+00
-5.522650e-01 7.826290e-01 0.000000e+00
-5.530910e-01 7.948390e-01 0.000000e+00
-5.539180e-01 8.070490e-01 0.000000e+00
-5.547440e-01 8.192590e-01 0.000000e+00
-5.555700e-01 8.314700e-01 0.000000e+00
-5.631240e-01 7.877730e-01 0.000000e+00
-5.639930e-01 8.000450e-01 0.000000e+00
-5.648630e-01 8.123170e-01 0.000000e+00
-5.657320e-01 8.245890e-01 0.000000e+00
-5.739820e-01 7.929180e-01 0.000000e+00
-5.748950e-01 8.052510e-01 0.000000e+00
-5.758080e-01 8.175850e-01 0.000000e+00
-5.848410e-01 7.980630e-01 0.000000e+00
-5.857980e-01 8.104570e-01 0.000000e+00
-5.956990e-01 8.032080e-01 0.000000e+00
-5.858590e-01 7.537670e-01 0.000000e+00
-5.774610e-01 7.609830e-01 0.000000e+00
-5.690620e-01 7.681980e-01 0.000000e+00
-5.606640e-01 7.754130e-01 0.000000e+00
-5.522650e-01 7.826290e-01 0.000000e+00
-5.883190e-01 7.661270e-01 0.000000e+00
-5.799210e-01 7.733430e-01 0.000000e+00
-5.715220e-01 7.805580e-01 0.000000e+00
-5.631240e-01 7.877730e-01 0.000000e+00
-5.907790e-01 7.784870e-01 0.000000e+00
-5.823810e-01 7.857030e-01 0.000000e+00
-5.739820e-01 7.929180e-01 0.000000e+00
-5.932390e-01 7.908470e-01 0.000000e+00
-5.848410e-01 7.980630e-01 0.000000e+00
-5.956990e-01 8.032080e-01 0.000000e+00
-1.272440e-01 9.317560e-01 0.000000e+00
-1.321160e-01 9.461110e-01 0.000000e+00
-1.369870e-01 9.604660e-01 0.000000e+00
-1.418590e-01 9.748210e-01 0.000000e+00
-1.467300e-01 9.891770e-01 0.000000e+00
-1.365440e-01 9.367460e-01 0.000000e+00
-1.414160e-01 9.511010e-01 0.000000e+00
-1.462870e-01 9.654560e-01 0.000000e+00
-1.511590e-01 9.798110e-01 0.000000e+00
-1.458440e-01 9.417360e-01 0.000000e+00
-1.507160e-01 9.560910e-01 0.000000e+00
-1.555870e-01 9.704460e-01 0.000000e+00
-1.551440e-01 9.467260e-01 0.000000e+00
-1.600160e-01 9.610810e-01 0.000000e+00
-1.644440e-01 9.517160e-01 0.000000e+00
-5.298690e-03 9.583650e-01 0.000000e+00
-1.624090e-02 9.684720e-01 0.000000e+00
-2.718320e-02 9.785800e-01 0.000000e+00
-3.812540e-02 9.886880e-01 0.000000e+00
-4.906770e-02 9.987950e-01 0.000000e+00
-1.578740e-02 9.580740e-01 0.000000e+00
-2.672970e-02 9.681820e-01 0.000000e+00
-3.767190e-02 9.782890e-01 0.000000e+00
-4.861420e-02 9.883970e-01 0.000000e+00
-2.627620e-02 9.577830e-01 0.000000e+00
-3.721840e-02 9.678910e-01 0.000000e+00
-4.816070e-02 9.779980e-01 0.000000e+00
-3.676490e-02 9.574920e-01 0.000000e+00
-4.770720e-02 9.676000e-01 0.000000e+00
-4.725370e-02 9.572010e-01 0.000000e+00
1.467300e-01 9.891770e-01 0.000000e+00
1.345810e-01 9.909030e-01 0.000000e+00
1.224110e-01 9.924800e-01 0.000000e+00
1.102220e-01 9.939070e-01 0.000000e+00
9.801710e-02 9.951850e-01 0.000000e+00
1.396180e-01 9.769680e-01 0.000000e+00
1.274590e-01 9.786190e-01 0.000000e+00
1.152800e-01 9.801220e-01 0.000000e+00
1.030830e-01 9.814740e-01 0.000000e+00
1.325060e-01 9.647590e-01 0.000000e+00
1.203370e-01 9.663360e-01 0.000000e+00
1.081490e-01 9.677630e-01 0.000000e+00
1.253940e-01 9.525510e-01 0.000000e+00
1.132160e-01 9.540530e-01 0.000000e+00
1.182820e-01 9.403420e-01 0.000000e+00
-8.314700e-01 -5.555700e-01 0.000000e+00
-8.245890e-01 -5.657320e-01 0.000000e+00
-8.175850e-01 -5.758080e-01 0.000000e+00
-8.104570e-01 -5.857980e-01 0.000000e+00
-8.032080e-01 -5.956990e-01 0.000000e+00
-8.199760e-01 -5.510320e-01 0.000000e+00
-8.130340e-01 -5.611510e-01 0.000000e+00
-8.059680e-01 -5.711830e-01 0.000000e+00
-7.987800e-01 -5.811290e-01 0.000000e+00
-8.084830e-01 -5.464940e-01 0.000000e+00
-8.014790e-01 -5.565690e-01 0.000000e+00
-7.943520e-01 -5.665580e-01 0.000000e+00
-7.969890e-01 -5.419550e-01 0.000000e+00
-7.899240e-01 -5.519880e-01 0.000000e+00
-7.854960e-01 -5.374170e-01 0.000000e+00
-6.974450e-01 -6.713220e-01 0.000000e+00
-6.998600e-01 -6.802680e-01 0.000000e+00
-7.022760e-01 -6.892140e-01 0.000000e+00
-7.046910e-01 -6.981610e-01 0.000000e+00
-7.071070e-01 -7.071070e-01 0.000000e+00
-6.897660e-01 -6.773060e-01 0.000000e+00
-6.921810e-01 -6.862530e-01 0.000000e+00
-6.945970e-01 -6.951990e-01 0.000000e+00
-6.970120e-01 -7.041450e-01 0.000000e+00
-6.820870e-01 -6.832910e-01 0.000000e+00
-6.845020e-01 -6.922370e-01 0.000000e+00
-6.869180e-01 -7.011840e-01 0.000000e+00
-6.744070e-01 -6.892760e-01 0.000000e+00
-6.768230e-01 -6.982220e-01 0.000000e+00
-6.667280e-01 -6.952610e-01 0.000000e+00
-7.223080e-01 -6.228970e-01 0.000000e+00
-7.269690e-01 -6.350620e-01 0.000000e+00
-7.316300e-01 -6.472280e-01 0.000000e+00
-7.362900e-01 -6.593930e-01 0.000000e+00
-7.409510e-01 -6.715590e-01 0.000000e+00
-7.157140e-01 -6.271600e-01 0.000000e+00
-7.203740e-01 -6.393250e-01 0.000000e+00
-7.250350e-01 -6.514910e-01 0.000000e+00
-7.296960e-01 -6.636560e-01 0.000000e+00
-7.091190e-01 -6.314220e-01 0.000000e+00
-7.137800e-01 -6.435880e-01 0.000000e+00
-7.184400e-01 -6.557540e-01 0.000000e+00
-7.025240e-01 -6.356850e-01 0.000000e+00
-7.071850e-01 -6.478510e-01 0.000000e+00
-6.959290e-01 -6.399480e-01 0.000000e+00
-6.343930e-01 -7.730100e-01 0.000000e+00
-6.318170e-01 -7.583930e-01 0.000000e+00
-6.292400e-01 -7.437760e-01 0.000000e+00
-6.266640e-01 -7.291590e-01 0.000000e+00
-6.240870e-01 -7.145410e-01 0.000000e+00
-6.438320e-01 -7.651670e-01 0.000000e+00
-6.412060e-01 -7.504930e-01 0.000000e+00
-6.385810e-01 -7.358180e-01 0.000000e+00
-6.359550e-01 -7.211440e-01 0.000000e+00
-6.531730e-01 -7.572090e-01 0.000000e+00
-6.504980e-01 -7.424770e-01 0.000000e+00
-6.478230e-01 -7.277460e-01 0.000000e+00
-6.624160e-01 -7.491360e-01 0.000000e+00
-6.596910e-01 -7.343490e-01 0.000000e+00
-6.715590e-01 -7.409510e-01 0.000000e+00
-2.584590e-01 -9.243590e-01 0.000000e+00
-2.655180e-01 -9.191390e-01 0.000000e+00
-2.725770e-01 -9.139200e-01 0.000000e+00
-2.796360e-01 -9.087010e-01 0.000000e+00
-2.866950e-01 -9.034810e-01 0.000000e+00
-2.664150e-01 -9.325040e-01 0.000000e+00
-2.734740e-01 -9.272850e-01 0.000000e+00
-2.805330e-01 -9.220650e-01 0.000000e+00
-2.875920e-01 -9.168460e-01 0.000000e+00
-2.743720e-01 -9.406500e-01 0.000000e+00
-2.814310e-01 -9.354300e-01 0.000000e+00
-2.884900e-01 -9.302110e-01 0.000000e+00
-2.823280e-01 -9.487950e-01 0.000000e+00
-2.893870e-01 -9.435760e-01 0.000000e+00
-2.902850e-01 -9.569400e-01 0.000000e+00
-4.713970e-01 -8.819210e-01 0.000000e+00
-4.655410e-01 -8.716510e-01 0.000000e+00
-4.596850e-01 -8.613810e-01 0.000000e+00
-4.538290e-01 -8.511110e-01 0.000000e+00
-4.479730e-01 -8.408410e-01 0.000000e+00
-4.748960e-01 -8.659730e-01 0.000000e+00
-4.690400e-01 -8.557030e-01 0.000000e+00
-4.631840e-01 -8.454320e-01 0.000000e+00
-4.573280e-01 -8.351620e-01 0.000000e+00
-4.783940e-01 -8.500240e-01 0.000000e+00
-4.725380e-01 -8.397540e-01 0.000000e+00
-4.666830e-01 -8.294840e-01 0.000000e+00
-4.818930e-01 -8.340760e-01 0.000000e+00
-4.760370e-01 -8.238050e-01 0.000000e+00
-4.853920e-01 -8.181270e-01 0.000000e+00
-3.622090e-01 -8.937680e-01 0.000000e+00
-3.558790e-01 -9.057120e-01 0.000000e+00
-3.495490e-01 -9.176560e-01 0.000000e+00
-3.432200e-01 -9.296000e-01 0.000000e+00
-3.368900e-01 -9.415440e-01 0.000000e+00
-3.531100e-01 -8.940570e-01 0.000000e+00
-3.467800e-01 -9.060010e-01 0.000000e+00
-3.404500e-01 -9.179450e-01 0.000000e+00
-3.341210e-01 -9.298890e-01 0.000000e+00
-3.440110e-01 -8.943460e-01 0.000000e+00
-3.376810e-01 -9.062900e-01 0.000000e+00
-3.313520e-01 -9.182340e-01 0.000000e+00
-3.349120e-01 -8.946360e-01 0.000000e+00
-3.285830e-01 -9.065800e-01 0.000000e+00
-3.258140e-01 -8.949250e-01 0.000000e+00
-5.555700e-01 -8.314700e-01 0.000000e+00
-5.453250e-01 -8.382250e-01 0.000000e+00
-5.349980e-01 -8.448540e-01 0.000000e+00
-5.245900e-01 -8.513550e-01 0.000000e+00
-5.141030e-01 -8.577290e-01 0.000000e+00
-5.457520e-01 -8.277490e-01 0.000000e+00
-5.354660e-01 -8.344410e-01 0.000000e+00
-5.250990e-01 -8.410060e-01 0.000000e+00
-5.146520e-01 -8.474440e-01 0.000000e+00
-5.359340e-01 -8.240290e-01 0.000000e+00
-5.256070e-01 -8.306570e-01 0.000000e+00
-5.152000e-01 -8.371590e-01 0.000000e+00
-5.261160e-01 -8.203090e-01 0.000000e+00
-5.157490e-01 -8.268730e-01 0.000000e+00
-5.162980e-01 -8.165880e-01 0.000000e+00
-6.240870e-01 -7.145410e-01 0.000000e+00
-6.266640e-01 -7.291590e-01 0.000000e+00
-6.292400e-01 -7.437760e-01 0.000000e+00
-6.318170e-01 -7.583930e-01 0.000000e+00
-6.343930e-01 -7.730100e-01 0.000000e+00
-6.184890e-01 -7.206250e-01 0.000000e+00
-6.210650e-01 -7.352420e-01 0.000000e+00
-6.236420e-01 -7.498600e-01 0.000000e+00
-6.262180e-01 -7.644770e-01 0.000000e+00
-6.128900e-01 -7.267090e-01 0.000000e+00
-6.154670e-01 -7.413260e-01 0.000000e+00
-6.180430e-01 -7.559430e-01 0.000000e+00
-6.072920e-01 -7.327930e-01 0.000000e+00
-6.098680e-01 -7.474100e-01 0.000000e+00
-6.016930e-01 -7.388760e-01 0.000000e+00
-2.902850e-01 -9.569400e-01 0.000000e+00
-2.893870e-01 -9.435760e-01 0.000000e+00
-2.884900e-01 -9.302110e-01 0.000000e+00
-2.875920e-01 -9.168460e-01 0.000000e+00
-2.866950e-01 -9.034810e-01 0.000000e+00
-3.020060e-01 -9.533060e-01 0.000000e+00
-3.010850e-01 -9.398700e-01 0.000000e+00
-3.001650e-01 -9.264330e-01 0.000000e+00
-2.992440e-01 -9.129970e-01 0.000000e+00
-3.136820e-01 -9.495280e-01 0.000000e+00
-3.127370e-01 -9.360200e-01 0.000000e+00
-3.117920e-01 -9.225130e-01 0.000000e+00
-3.253100e-01 -9.456070e-01 0.000000e+00
-3.243410e-01 -9.320280e-01 0.000000e+00
-3.368900e-01 -9.415440e-01 0.000000e+00
-3.258140e-01 -8.949250e-01 0.000000e+00
-3.285830e-01 -9.065800e-01 0.000000e+00
-3.313520e-01 -9.182340e-01 0.000000e+00
-3.341210e-01 -9.298890e-01 0.000000e+00
-3.368900e-01 -9.415440e-01 0.000000e+00
-3.160340e-01 -8.970640e-01 0.000000e+00
-3.188030e-01 -9.087190e-01 0.000000e+00
-3.215720e-01 -9.203740e-01 0.000000e+00
-3.243410e-01 -9.320280e-01 0.000000e+00
-3.062540e-01 -8.992030e-01 0.000000e+00
-3.090230e-01 -9.108580e-01 0.000000e+00
-3.117920e-01 -9.225130e-01 0.000000e+00
-2.964740e-01 -9.013420e-01 0.000000e+00
-2.992440e-01 -9.129970e-01 0.000000e+00
-2.866950e-01 -9.034810e-01 0.000000e+00
-1.467300e-01 -9.891770e-01 0.000000e+00
-1.424710e-01 -9.760580e-01 0.000000e+00
-1.382110e-01 -9.629400e-01 0.000000e+00
-1.339510e-01 -9.498220e-01 0.000000e+00
-1.296920e-01 -9.367030e-01 0.000000e+00
-1.532810e-01 -9.746690e-01 0.000000e+00
-1.490220e-01 -9.615510e-01 0.000000e+00
-1.447620e-01 -9.484330e-01 0.000000e+00
-1.405020e-01 -9.353140e-01 0.000000e+00
-1.598320e-01 -9.601620e-01 0.000000e+00
-1.555730e-01 -9.470440e-01 0.000000e+00
-1.513130e-01 -9.339250e-01 0.000000e+00
-1.663830e-01 -9.456550e-01 0.000000e+00
-1.621240e-01 -9.325360e-01 0.000000e+00
-1.729340e-01 -9.311470e-01 0.000000e+00
-2.136600e-01 -9.226370e-01 0.000000e+00
-2.248600e-01 -9.230680e-01 0.000000e+00
-2.360590e-01 -9.234980e-01 0.000000e+00
-2.472590e-01 -9.239290e-01 0.000000e+00
-2.584590e-01 -9.243590e-01 0.000000e+00
-2.209900e-01 -9.344860e-01 0.000000e+00
-2.321900e-01 -9.349160e-01 0.000000e+00
-2.433890e-01 -9.353470e-01 0.000000e+00
-2.545890e-01 -9.357770e-01 0.000000e+00
-2.283200e-01 -9.463340e-01 0.000000e+00
-2.395200e-01 -9.467650e-01 0.000000e+00
-2.507190e-01 -9.471950e-01 0.000000e+00
-2.356500e-01 -9.581830e-01 0.000000e+00
-2.468500e-01 -9.586130e-01 0.000000e+00
-2.429800e-01 -9.700310e-01 0.000000e+00
-2.429800e-01 -9.700310e-01 0.000000e+00
-2.310580e-01 -9.729400e-01 0.000000e+00
-2.191010e-01 -9.757020e-01 0.000000e+00
-2.071110e-01 -9.783170e-01 0.000000e+00
-1.950900e-01 -9.807850e-01 0.000000e+00
-2.356500e-01 -9.581830e-01 0.000000e+00
-2.237110e-01 -9.610180e-01 0.000000e+00
-2.117380e-01 -9.637070e-01 0.000000e+00
-1.997330e-01 -9.662480e-01 0.000000e+00
-2.283200e-01 -9.463340e-01 0.000000e+00
-2.163640e-01 -9.490960e-01 0.000000e+00
-2.043750e-01 -9.517110e-01 0.000000e+00
-2.209900e-01 -9.344860e-01 0.000000e+00
-2.090180e-01 -9.371740e-01 0.000000e+00
-2.136600e-01 -9.226370e-01 0.000000e+00
-1.467300e-01 9.891770e-01 0.000000e+00
-1.588580e-01 9.873010e-01 0.000000e+00
-1.709620e-01 9.852780e-01 0.000000e+00
-1.830400e-01 9.831050e-01 0.000000e+00
-1.950900e-01 9.807850e-01 0.000000e+00
-1.511590e-01 9.798110e-01 0.000000e+00
-1.632740e-01 9.778620e-01 0.000000e+00
-1.753650e-01 9.757640e-01 0.000000e+00
-1.874290e-01 9.735180e-01 0.000000e+00
-1.555870e-01 9.704460e-01 0.000000e+00
-1.676900e-01 9.684220e-01 0.000000e+00
-1.797670e-01 9.662500e-01 0.000000e+00
-1.600160e-01 9.610810e-01 0.000000e+00
-1.721060e-01 9.589830e-01 0.000000e+00
-1.644440e-01 9.517160e-01 0.000000e+00
-1.693140e-01 9.233550e-01 0.000000e+00
-1.757580e-01 9.377130e-01 0.000000e+00
-1.822020e-01 9.520700e-01 0.000000e+00
-1.886460e-01 9.664280e-01 0.000000e+00
-1.950900e-01 9.807850e-01 0.000000e+00
-1.785430e-01 9.221350e-01 0.000000e+00
-1.849870e-01 9.364920e-01 0.000000e+00
-1.914310e-01 9.508500e-01 0.000000e+00
-1.978760e-01 9.652070e-01 0.000000e+00
-1.877730e-01 9.209140e-01 0.000000e+00
-1.942170e-01 9.352720e-01 0.000000e+00
-2.006610e-01 9.496290e-01 0.000000e+00
-1.970020e-01 9.196940e-01 0.000000e+00
-2.034460e-01 9.340520e-01 0.000000e+00
-2.062310e-01 9.184740e-01 0.000000e+00
-1.162520e-01 9.594390e-01 0.000000e+00
-1.116930e-01 9.683750e-01 0.000000e+00
-1.071350e-01 9.773120e-01 0.000000e+00
-1.025760e-01 9.862480e-01 0.000000e+00
-9.801710e-02 9.951850e-01 0.000000e+00
-1.238720e-01 9.668730e-01 0.000000e+00
-1.193220e-01 9.758850e-01 0.000000e+00
-1.147720e-01 9.848960e-01 0.000000e+00
-1.102220e-01 9.939070e-01 0.000000e+00
-1.314910e-01 9.743080e-01 0.000000e+00
-1.269510e-01 9.833940e-01 0.000000e+00
-1.224110e-01 9.924800e-01 0.000000e+00
-1.391110e-01 9.817420e-01 0.000000e+00
-1.345810e-01 9.909030e-01 0.000000e+00
-1.467300e-01 9.891770e-01 0.000000e+00
-4.725370e-02 9.572010e-01 0.000000e+00
-5.994450e-02 9.666970e-01 0.000000e+00
-7.263540e-02 9.761930e-01 0.000000e+00
-8.532630e-02 9.856890e-01 0.000000e+00
-9.801710e-02 9.951850e-01 0.000000e+00
-5.307280e-02 9.512520e-01 0.000000e+00
-6.576360e-02 9.607480e-01 0.000000e+00
-7.845450e-02 9.702430e-01 0.000000e+00
-9.114540e-02 9.797390e-01 0.000000e+00
-5.889180e-02 9.453020e-01 0.000000e+00
-7.158270e-02 9.547980e-01 0.000000e+00
-8.427360e-02 9.642940e-01 0.000000e+00
-6.471090e-02 9.393530e-01 0.000000e+00
-7.740180e-02 9.488490e-01 0.000000e+00
-7.053000e-02 9.334030e-01 0.000000e+00
-1.162520e-01 9.594390e-01 0.000000e+00
-1.238720e-01 9.668730e-01 0.000000e+00
-1.314910e-01 9.743080e-01 0.000000e+00
-1.391110e-01 9.817420e-01 0.000000e+00
-1.467300e-01 9.891770e-01 0.000000e+00
-1.190000e-01 9.525180e-01 0.000000e+00
-1.266200e-01 9.599530e-01 0.000000e+00
-1.342390e-01 9.673870e-01 0.000000e+00
-1.418590e-01 9.748210e-01 0.000000e+00
-1.217480e-01 9.455980e-01 0.000000e+00
-1.293680e-01 9.530320e-01 0.000000e+00
-1.369870e-01 9.604660e-01 0.000000e+00
-1.244960e-01 9.386770e-01 0.000000e+00
-1.321160e-01 9.461110e-01 0.000000e+00
-1.272440e-01 9.317560e-01 0.000000e+00
-5.522650e-01 7.826290e-01 0.000000e+00
-5.419680e-01 7.888290e-01 0.000000e+00
-5.316710e-01 7.950300e-01 0.000000e+00
-5.213730e-01 8.012310e-01 0.000000e+00
-5.110760e-01 8.074310e-01 0.000000e+00
-5.530910e-01 7.948390e-01 0.000000e+00
-5.427940e-01 8.010400e-01 0.000000e+00
-5.324970e-01 8.072400e-01 0.000000e+00
-5.222000e-01 8.134410e-01 0.000000e+00
-5.539180e-01 8.070490e-01 0.000000e+00
-5.436200e-01 8.132500e-01 0.000000e+00
-5.333230e-01 8.194500e-01 0.000000e+00
-5.547440e-01 8.192590e-01 0.000000e+00
-5.444470e-01 8.254600e-01 0.000000e+00
-5.555700e-01 8.314700e-01 0.000000e+00
-5.110760e-01 8.074310e-01 0.000000e+00
-5.020640e-01 8.102610e-01 0.000000e+00
-4.930530e-01 8.130910e-01 0.000000e+00
-4.840410e-01 8.159210e-01 0.000000e+00
-4.750290e-01 8.187510e-01 0.000000e+00
-5.118330e-01 8.200060e-01 0.000000e+00
-5.028210e-01 8.228360e-01 0.000000e+00
-4.938090e-01 8.256660e-01 0.000000e+00
-4.847980e-01 8.284960e-01 0.000000e+00
-5.125890e-01 8.325800e-01 0.000000e+00
-5.035780e-01 8.354100e-01 0.000000e+00
-4.945660e-01 8.382400e-01 0.000000e+00
-5.133460e-01 8.451540e-01 0.000000e+00
-5.043340e-01 8.479840e-01 0.000000e+00
-5.141030e-01 8.577290e-01 0.000000e+00
-5.110760e-01 8.074310e-01 0.000000e+00
-5.118330e-01 8.200060e-01 0.000000e+00
-5.125890e-01 8.325800e-01 0.000000e+00
-5.133460e-01 8.451540e-01 0.000000e+00
-5.141030e-01 8.577290e-01 0.000000e+00
-5.222000e-01 8.134410e-01 0.000000e+00
-5.229970e-01 8.260790e-01 0.000000e+00
-5.237930e-01 8.387170e-01 0.000000e+00
-5.245900e-01 8.513550e-01 0.000000e+00
-5.333230e-01 8.194500e-01 0.000000e+00
-5.341610e-01 8.321520e-01 0.000000e+00
-5.349980e-01 8.448540e-01 0.000000e+00
-5.444470e-01 8.254600e-01 0.000000e+00
-5.453250e-01 8.382250e-01 0.000000e+00
-5.555700e-01 8.314700e-01 0.000000e+00
-3.826830e-01 -9.238800e-01 0.000000e+00
-3.713170e-01 -9.285060e-01 0.000000e+00
-3.598950e-01 -9.329930e-01 0.000000e+00
-3.484190e-01 -9.373390e-01 0.000000e+00
-3.368900e-01 -9.415440e-01 0.000000e+00
-3.775650e-01 -9.163520e-01 0.000000e+00
-3.661710e-01 -9.209080e-01 0.000000e+00
-3.547220e-01 -9.253240e-01 0.000000e+00
-3.432200e-01 -9.296000e-01 0.000000e+00
-3.724460e-01 -9.088240e-01 0.000000e+00
-3.610250e-01 -9.133100e-01 0.000000e+00
-3.495490e-01 -9.176560e-01 0.000000e+00
-3.673270e-01 -9.012960e-01 0.000000e+00
-3.558790e-01 -9.057120e-01 0.000000e+00
-3.622090e-01 -8.937680e-01 0.000000e+00
-4.713970e-01 -8.819210e-01 0.000000e+00
-4.605390e-01 -8.876400e-01 0.000000e+00
-4.496110e-01 -8.932240e-01 0.000000e+00
-4.386160e-01 -8.986740e-01 0.000000e+00
-4.275550e-01 -9.039890e-01 0.000000e+00
-4.655410e-01 -8.716510e-01 0.000000e+00
-4.546480e-01 -8.773030e-01 0.000000e+00
-4.436880e-01 -8.828200e-01 0.000000e+00
-4.326600e-01 -8.882020e-01 0.000000e+00
-4.596850e-01 -8.613810e-01 0.000000e+00
-4.487580e-01 -8.669650e-01 0.000000e+00
-4.377640e-01 -8.724150e-01 0.000000e+00
-4.538290e-01 -8.511110e-01 0.000000e+00
-4.428690e-01 -8.566280e-01 0.000000e+00
-4.479730e-01 -8.408410e-01 0.000000e+00
-5.555700e-01 -8.314700e-01 0.000000e+00
-5.482270e-01 -8.158480e-01 0.000000e+00
-5.408830e-01 -8.002270e-01 0.000000e+00
-5.335390e-01 -7.846060e-01 0.000000e+00
-5.261960e-01 -7.689840e-01 0.000000e+00
-5.562780e-01 -8.163060e-01 0.000000e+00
-5.489340e-01 -8.006850e-01 0.000000e+00
-5.415910e-01 -7.850630e-01 0.000000e+00
-5.342470e-01 -7.694420e-01 0.000000e+00
-5.569860e-01 -8.011430e-01 0.000000e+00
-5.496420e-01 -7.855210e-01 0.000000e+00
-5.422990e-01 -7.699000e-01 0.000000e+00
-5.576940e-01 -7.859790e-01 0.000000e+00
-5.503500e-01 -7.703580e-01 0.000000e+00
-5.584020e-01 -7.708160e-01 0.000000e+00
-5.555700e-01 -8.314700e-01 0.000000e+00
-5.457520e-01 -8.277490e-01 0.000000e+00
-5.359340e-01 -8.240290e-01 0.000000e+00
-5.261160e-01 -8.203090e-01 0.000000e+00
-5.162980e-01 -8.165880e-01 0.000000e+00
-5.482270e-01 -8.158480e-01 0.000000e+00
-5.384080e-01 -8.121280e-01 0.000000e+00
-5.285900e-01 -8.084080e-01 0.000000e+00
-5.187720e-01 -8.046870e-01 0.000000e+00
-5.408830e-01 -8.002270e-01 0.000000e+00
-5.310650e-01 -7.965070e-01 0.000000e+00
-5.212470e-01 -7.927860e-01 0.000000e+00
-5.335390e-01 -7.846060e-01 0.000000e+00
-5.237210e-01 -7.808850e-01 0.000000e+00
-5.261960e-01 -7.689840e-01 0.000000e+00
-2.584590e-01 -9.243590e-01 0.000000e+00
-2.664150e-01 -9.325040e-01 0.000000e+00
-2.743720e-01 -9.406500e-01 0.000000e+00
-2.823280e-01 -9.487950e-01 0.000000e+00
-2.902850e-01 -9.569400e-01 0.000000e+00
-2.545890e-01 -9.357770e-01 0.000000e+00
-2.625660e-01 -9.439950e-01 0.000000e+00
-2.705420e-01 -9.522130e-01 0.000000e+00
-2.785200e-01 -9.604310e-01 0.000000e+00
-2.507190e-01 -9.471950e-01 0.000000e+00
-2.587160e-01 -9.554860e-01 0.000000e+00
-2.667130e-01 -9.637760e-01 0.000000e+00
-2.468500e-01 -9.586130e-01 0.000000e+00
-2.548660e-01 -9.669760e-01 0.000000e+00
-2.429800e-01 -9.700310e-01 0.000000e+00
-1.644440e-01 9.517160e-01 0.000000e+00
-1.721060e-01 9.589830e-01 0.000000e+00
-1.797670e-01 9.662500e-01 0.000000e+00
-1.874290e-01 9.735180e-01 0.000000e+00
-1.950900e-01 9.807850e-01 0.000000e+00
-1.656610e-01 9.446260e-01 0.000000e+00
-1.733230e-01 9.518930e-01 0.000000e+00
-1.809850e-01 9.591600e-01 0.000000e+00
-1.886460e-01 9.664280e-01 0.000000e+00
-1.668790e-01 9.375350e-01 0.000000e+00
-1.745410e-01 9.448030e-01 0.000000e+00
-1.822020e-01 9.520700e-01 0.000000e+00
-1.680960e-01 9.304450e-01 0.000000e+00
-1.757580e-01 9.377130e-01 0.000000e+00
-1.693140e-01 9.233550e-01 0.000000e+00
-4.713970e-01 8.819210e-01 0.000000e+00
-4.821840e-01 8.760700e-01 0.000000e+00
-4.928980e-01 8.700870e-01 0.000000e+00
-5.035380e-01 8.639730e-01 0.000000e+00
-5.141030e-01 8.577290e-01 0.000000e+00
-4.663000e-01 8.714810e-01 0.000000e+00
-4.770510e-01 8.655640e-01 0.000000e+00
-4.877280e-01 8.595150e-01 0.000000e+00
-4.983300e-01 8.533360e-01 0.000000e+00
-4.612040e-01 8.610400e-01 0.000000e+00
-4.719180e-01 8.550570e-01 0.000000e+00
-4.825570e-01 8.489440e-01 0.000000e+00
-4.561080e-01 8.505990e-01 0.000000e+00
-4.667840e-01 8.445510e-01 0.000000e+00
-4.510110e-01 8.401590e-01 0.000000e+00
3.351660e-01 9.015960e-01 0.000000e+00
3.470450e-01 9.071670e-01 0.000000e+00
3.589250e-01 9.127380e-01 0.000000e+00
3.708040e-01 9.183090e-01 0.000000e+00
3.826830e-01 9.238800e-01 0.000000e+00
3.355970e-01 9.115830e-01 0.000000e+00
3.475030e-01 9.172240e-01 0.000000e+00
3.594100e-01 9.228650e-01 0.000000e+00
3.713170e-01 9.285060e-01 0.000000e+00
3.360280e-01 9.215700e-01 0.000000e+00
3.479610e-01 9.272820e-01 0.000000e+00
3.598950e-01 9.329930e-01 0.000000e+00
3.364590e-01 9.315570e-01 0.000000e+00
3.484190e-01 9.373390e-01 0.000000e+00
3.368900e-01 9.415440e-01 0.000000e+00
4.224190e-01 8.514290e-01 0.000000e+00
4.237030e-01 8.645690e-01 0.000000e+00
4.249870e-01 8.777090e-01 0.000000e+00
4.262710e-01 8.908490e-01 0.000000e+00
4.275550e-01 9.039890e-01 0.000000e+00
4.132410e-01 8.609860e-01 0.000000e+00
4.145250e-01 8.741260e-01 0.000000e+00
4.158090e-01 8.872660e-01 0.000000e+00
4.170930e-01 9.004060e-01 0.000000e+00
4.040630e-01 8.705430e-01 0.000000e+00
4.053470e-01 8.836830e-01 0.000000e+00
4.066310e-01 8.968230e-01 0.000000e+00
3.948850e-01 8.801000e-01 0.000000e+00
3.961690e-01 8.932400e-01 0.000000e+00
3.857070e-01 8.896570e-01 0.000000e+00
1.467300e-01 9.891770e-01 0.000000e+00
1.501730e-01 9.748560e-01 0.000000e+00
1.536160e-01 9.605360e-01 0.000000e+00
1.570590e-01 9.462150e-01 0.000000e+00
1.605010e-01 9.318950e-01 0.000000e+00
1.588580e-01 9.873010e-01 0.000000e+00
1.622890e-01 9.729070e-01 0.000000e+00
1.657190e-01 9.585120e-01 0.000000e+00
1.691490e-01 9.441170e-01 0.000000e+00
1.709620e-01 9.852780e-01 0.000000e+00
1.743790e-01 9.708090e-01 0.000000e+00
1.777960e-01 9.563400e-01 0.000000e+00
1.830400e-01 9.831050e-01 0.000000e+00
1.864430e-01 9.685630e-01 0.000000e+00
1.950900e-01 9.807850e-01 0.000000e+00
4.906770e-02 9.987950e-01 0.000000e+00
5.351070e-02 9.893530e-01 0.000000e+00
5.795360e-02 9.799100e-01 0.000000e+00
6.239660e-02 9.704680e-01 0.000000e+00
6.683960e-02 9.610250e-01 0.000000e+00
6.132070e-02 9.981180e-01 0.000000e+00
6.575880e-02 9.886000e-01 0.000000e+00
7.019660e-02 9.790830e-01 0.000000e+00
7.463400e-02 9.695650e-01 0.000000e+00
7.356460e-02 9.972900e-01 0.000000e+00
7.799680e-02 9.876980e-01 0.000000e+00
8.242840e-02 9.781050e-01 0.000000e+00
8.579730e-02 9.963130e-01 0.000000e+00
9.022280e-02 9.866450e-01 0.000000e+00
9.801710e-02 9.951850e-01 0.000000e+00
2.014610e-02 9.762810e-01 0.000000e+00
1.510960e-02 9.822110e-01 0.000000e+00
1.007310e-02 9.881410e-01 0.000000e+00
5.036530e-03 9.940700e-01 0.000000e+00
6.123230e-17 1.000000e+00 0.000000e+00
1.378490e-02 9.718020e-01 0.000000e+00
8.748380e-03 9.777320e-01 0.000000e+00
3.711850e-03 9.836620e-01 0.000000e+00
-1.324670e-03 9.895910e-01 0.000000e+00
7.423710e-03 9.673230e-01 0.000000e+00
2.387180e-03 9.732530e-01 0.000000e+00
-2.649340e-03 9.791820e-01 0.000000e+00
1.062510e-03 9.628440e-01 0.000000e+00
-3.974020e-03 9.687740e-01 0.000000e+00
-5.298690e-03 9.583650e-01 0.000000e+00
-5.298690e-03 9.583650e-01 0.000000e+00
-3.974020e-03 9.687740e-01 0.000000e+00
-2.649340e-03 9.791820e-01 0.000000e+00
-1.324670e-03 9.895910e-01 0.000000e+00
6.158270e-17 1.000000e+00 0.000000e+00
-1.624090e-02 9.684720e-01 0.000000e+00
-1.491810e-02 9.789560e-01 0.000000e+00
-1.359500e-02 9.894410e-01 0.000000e+00
-1.227150e-02 9.999250e-01 0.000000e+00
-2.718320e-02 9.785800e-01 0.000000e+00
-2.586250e-02 9.891390e-01 0.000000e+00
-2.454120e-02 9.996990e-01 0.000000e+00
-3.812540e-02 9.886880e-01 0.000000e+00
-3.680720e-02 9.993220e-01 0.000000e+00
-4.906770e-02 9.987950e-01 0.000000e+00
-4.906770e-02 9.987950e-01 0.000000e+00
-6.132070e-02 9.981180e-01 0.000000e+00
-7.356460e-02 9.972900e-01 0.000000e+00
-8.579730e-02 9.963130e-01 0.000000e+00
-9.801710e-02 9.951850e-01 0.000000e+00
-4.861420e-02 9.883970e-01 0.000000e+00
-6.086230e-02 9.876440e-01 0.000000e+00
-7.310030e-02 9.867420e-01 0.000000e+00
-8.532630e-02 9.856890e-01 0.000000e+00
-4.816070e-02 9.779980e-01 0.000000e+00
-6.040360e-02 9.771710e-01 0.000000e+00
-7.263540e-02 9.761930e-01 0.000000e+00
-4.770720e-02 9.676000e-01 0.000000e+00
-5.994450e-02 9.666970e-01 0.000000e+00
-4.725370e-02 9.572010e-01 0.000000e+00
-3.891310e-01 -8.668010e-01 0.000000e+00
-3.956310e-01 -8.598360e-01 0.000000e+00
-4.021310e-01 -8.528720e-01 0.000000e+00
-4.086310e-01 -8.459080e-01 0.000000e+00
-4.151310e-01 -8.389430e-01 0.000000e+00
-3.987370e-01 -8.760980e-01 0.000000e+00
-4.052370e-01 -8.691340e-01 0.000000e+00
-4.117370e-01 -8.621690e-01 0.000000e+00
-4.182370e-01 -8.552050e-01 0.000000e+00
-4.083430e-01 -8.853950e-01 0.000000e+00
-4.148430e-01 -8.784310e-01 0.000000e+00
-4.213430e-01 -8.714660e-01 0.000000e+00
-4.179490e-01 -8.946920e-01 0.000000e+00
-4.244490e-01 -8.877280e-01 0.000000e+00
-4.275550e-01 -9.039890e-01 0.000000e+00
-4.275550e-01 -9.039890e-01 0.000000e+00
-4.190460e-01 -9.020420e-01 0.000000e+00
-4.105360e-01 -9.000950e-01 0.000000e+00
-4.020270e-01 -8.981470e-01 0.000000e+00
-3.935180e-01 -8.962000e-01 0.000000e+00
-4.179490e-01 -8.946920e-01 0.000000e+00
-4.094400e-01 -8.927450e-01 0.000000e+00
-4.009300e-01 -8.907970e-01 0.000000e+00
-3.924210e-01 -8.888500e-01 0.000000e+00
-4.083430e-01 -8.853950e-01 0.000000e+00
-3.998340e-01 -8.834480e-01 0.000000e+00
-3.913240e-01 -8.815000e-01 0.000000e+00
-3.987370e-01 -8.760980e-01 0.000000e+00
-3.902280e-01 -8.741510e-01 0.000000e+00
-3.891310e-01 -8.668010e-01 0.000000e+00
-5.141030e-01 -8.577290e-01 0.000000e+00
-5.069250e-01 -8.478280e-01 0.000000e+00
-4.997470e-01 -8.379280e-01 0.000000e+00
-4.925700e-01 -8.280270e-01 0.000000e+00
-4.853920e-01 -8.181270e-01 0.000000e+00
-5.146520e-01 -8.474440e-01 0.000000e+00
-5.074740e-01 -8.375430e-01 0.000000e+00
-5.002960e-01 -8.276430e-01 0.000000e+00
-4.931180e-01 -8.177420e-01 0.000000e+00
-5.152000e-01 -8.371590e-01 0.000000e+00
-5.080230e-01 -8.272580e-01 0.000000e+00
-5.008450e-01 -8.173580e-01 0.000000e+00
-5.157490e-01 -8.268730e-01 0.000000e+00
-5.085710e-01 -8.169730e-01 0.000000e+00
-5.162980e-01 -8.165880e-01 0.000000e+00
-4.713970e-01 -8.819210e-01 0.000000e+00
-4.748960e-01 -8.659730e-01 0.000000e+00
-4.783940e-01 -8.500240e-01 0.000000e+00
-4.818930e-01 -8.340760e-01 0.000000e+00
-4.853920e-01 -8.181270e-01 0.000000e+00
-4.821840e-01 -8.760700e-01 0.000000e+00
-4.856460e-01 -8.600560e-01 0.000000e+00
-4.891080e-01 -8.440410e-01 0.000000e+00
-4.925700e-01 -8.280270e-01 0.000000e+00
-4.928980e-01 -8.700870e-01 0.000000e+00
-4.963230e-01 -8.540070e-01 0.000000e+00
-4.997470e-01 -8.379280e-01 0.000000e+00
-5.035380e-01 -8.639730e-01 0.000000e+00
-5.069250e-01 -8.478280e-01 0.000000e+00
-5.141030e-01 -8.577290e-01 0.000000e+00
-6.343930e-01 -7.730100e-01 0.000000e+00
-6.248590e-01 -7.807370e-01 0.000000e+00
-6.152320e-01 -7.883460e-01 0.000000e+00
-6.055110e-01 -7.958370e-01 0.000000e+00
-5.956990e-01 -8.032080e-01 0.000000e+00
-6.262180e-01 -7.644770e-01 0.000000e+00
-6.166380e-01 -7.721450e-01 0.000000e+00
-6.069640e-01 -7.796940e-01 0.000000e+00
-5.971980e-01 -7.871250e-01 0.000000e+00
-6.180430e-01 -7.559430e-01 0.000000e+00
-6.084160e-01 -7.635520e-01 0.000000e+00
-5.986960e-01 -7.710420e-01 0.000000e+00
-6.098680e-01 -7.474100e-01 0.000000e+00
-6.001950e-01 -7.549590e-01 0.000000e+00
-6.016930e-01 -7.388760e-01 0.000000e+00
-5.584020e-01 -7.708160e-01 0.000000e+00
-5.609640e-01 -7.631690e-01 0.000000e+00
-5.635260e-01 -7.555220e-01 0.000000e+00
-5.660880e-01 -7.478760e-01 0.000000e+00
-5.686500e-01 -7.402290e-01 0.000000e+00
-5.677260e-01 -7.789140e-01 0.000000e+00
-5.702880e-01 -7.712670e-01 0.000000e+00
-5.728500e-01 -7.636200e-01 0.000000e+00
-5.754120e-01 -7.559740e-01 0.000000e+00
-5.770500e-01 -7.870120e-01 0.000000e+00
-5.796130e-01 -7.793650e-01 0.000000e+00
-5.821750e-01 -7.717180e-01 0.000000e+00
-5.863750e-01 -7.951100e-01 0.000000e+00
-5.889370e-01 -7.874630e-01 0.000000e+00
-5.956990e-01 -8.032080e-01 0.000000e+00
-5.686500e-01 -7.402290e-01 0.000000e+00
-5.769110e-01 -7.398910e-01 0.000000e+00
-5.851720e-01 -7.395530e-01 0.000000e+00
-5.934320e-01 -7.392150e-01 0.000000e+00
-6.016930e-01 -7.388760e-01 0.000000e+00
-5.754120e-01 -7.559740e-01 0.000000e+00
-5.836730e-01 -7.556360e-01 0.000000e+00
-5.919340e-01 -7.552970e-01 0.000000e+00
-6.001950e-01 -7.549590e-01 0.000000e+00
-5.821750e-01 -7.717180e-01 0.000000e+00
-5.904350e-01 -7.713800e-01 0.000000e+00
-5.986960e-01 -7.710420e-01 0.000000e+00
-5.889370e-01 -7.874630e-01 0.000000e+00
-5.971980e-01 -7.871250e-01 0.000000e+00
-5.956990e-01 -8.032080e-01 0.000000e+00
-5.956990e-01 -8.032080e-01 0.000000e+00
-5.857980e-01 -8.104570e-01 0.000000e+00
-5.758080e-01 -8.175850e-01 0.000000e+00
-5.657320e-01 -8.245890e-01 0.000000e+00
-5.555700e-01 -8.314700e-01 0.000000e+00
-5.863750e-01 -7.951100e-01 0.000000e+00
-5.764300e-01 -8.022980e-01 0.000000e+00
-5.663970e-01 -8.093640e-01 0.000000e+00
-5.562780e-01 -8.163060e-01 0.000000e+00
-5.770500e-01 -7.870120e-01 0.000000e+00
-5.670620e-01 -7.941390e-01 0.000000e+00
-5.569860e-01 -8.011430e-01 0.000000e+00
-5.677260e-01 -7.789140e-01 0.000000e+00
-5.576940e-01 -7.859790e-01 0.000000e+00
-5.584020e-01 -7.708160e-01 0.000000e+00
2.014610e-02 9.762810e-01 0.000000e+00
2.737650e-02 9.819100e-01 0.000000e+00
3.460690e-02 9.875380e-01 0.000000e+00
4.183730e-02 9.931670e-01 0.000000e+00
4.906770e-02 9.987950e-01 0.000000e+00
1.510960e-02 9.822110e-01 0.000000e+00
2.234180e-02 9.879150e-01 0.000000e+00
2.957440e-02 9.936190e-01 0.000000e+00
3.680720e-02 9.993220e-01 0.000000e+00
1.007310e-02 9.881410e-01 0.000000e+00
1.730680e-02 9.939200e-01 0.000000e+00
2.454120e-02 9.996990e-01 0.000000e+00
5.036530e-03 9.940700e-01 0.000000e+00
1.227150e-02 9.999250e-01 0.000000e+00
6.245000e-17 1.000000e+00 0.000000e+00
-3.935180e-01 -8.962000e-01 0.000000e+00
-4.020270e-01 -8.981470e-01 0.000000e+00
-4.105360e-01 -9.000950e-01 0.000000e+00
-4.190460e-01 -9.020420e-01 0.000000e+00
-4.275550e-01 -9.039890e-01 0.000000e+00
-3.908090e-01 -9.031200e-01 0.000000e+00
-3.993490e-01 -9.051360e-01 0.000000e+00
-4.078890e-01 -9.071520e-01 0.000000e+00
-4.164300e-01 -9.091680e-01 0.000000e+00
-3.881010e-01 -9.100400e-01 0.000000e+00
-3.966710e-01 -9.121250e-01 0.000000e+00
-4.052410e-01 -9.142100e-01 0.000000e+00
-3.853920e-01 -9.169600e-01 0.000000e+00
-3.939920e-01 -9.191140e-01 0.000000e+00
-3.826830e-01 -9.238800e-01 0.000000e+00
-3.826830e-01 -9.238800e-01 0.000000e+00
-3.775650e-01 -9.163520e-01 0.000000e+00
-3.724460e-01 -9.088240e-01 0.000000e+00
-3.673270e-01 -9.012960e-01 0.000000e+00
-3.622090e-01 -8.937680e-01 0.000000e+00
-3.853920e-01 -9.169600e-01 0.000000e+00
-3.802730e-01 -9.094320e-01 0.000000e+00
-3.751550e-01 -9.019040e-01 0.000000e+00
-3.700360e-01 -8.943760e-01 0.000000e+00
-3.881010e-01 -9.100400e-01 0.000000e+00
-3.829820e-01 -9.025120e-01 0.000000e+00
-3.778630e-01 -8.949840e-01 0.000000e+00
-3.908090e-01 -9.031200e-01 0.000000e+00
-3.856900e-01 -8.955920e-01 0.000000e+00
-3.935180e-01 -8.962000e-01 0.000000e+00
2.439850e-01 9.188500e-01 0.000000e+00
2.555600e-01 9.283720e-01 0.000000e+00
2.671350e-01 9.378950e-01 0.000000e+00
2.787100e-01 9.474180e-01 0.000000e+00
2.902850e-01 9.569400e-01 0.000000e+00
2.437340e-01 9.316450e-01 0.000000e+00
2.553290e-01 9.412400e-01 0.000000e+00
2.669240e-01 9.508350e-01 0.000000e+00
2.785200e-01 9.604310e-01 0.000000e+00
2.434830e-01 9.444400e-01 0.000000e+00
2.550970e-01 9.541080e-01 0.000000e+00
2.667130e-01 9.637760e-01 0.000000e+00
2.432310e-01 9.572360e-01 0.000000e+00
2.548660e-01 9.669760e-01 0.000000e+00
2.429800e-01 9.700310e-01 0.000000e+00
1.897070e-01 9.327670e-01 0.000000e+00
2.030250e-01 9.420830e-01 0.000000e+00
2.163440e-01 9.513990e-01 0.000000e+00
2.296620e-01 9.607150e-01 0.000000e+00
2.429800e-01 9.700310e-01 0.000000e+00
1.910530e-01 9.447710e-01 0.000000e+00
2.043880e-01 9.541610e-01 0.000000e+00
2.177230e-01 9.635500e-01 0.000000e+00
2.310580e-01 9.729400e-01 0.000000e+00
1.923990e-01 9.567760e-01 0.000000e+00
2.057500e-01 9.662390e-01 0.000000e+00
2.191010e-01 9.757020e-01 0.000000e+00
1.937450e-01 9.687810e-01 0.000000e+00
2.071110e-01 9.783170e-01 0.000000e+00
1.950900e-01 9.807850e-01 0.000000e+00
2.014610e-02 9.762810e-01 0.000000e+00
3.181950e-02 9.724670e-01 0.000000e+00
4.349290e-02 9.686530e-01 0.000000e+00
5.516620e-02 9.648390e-01 0.000000e+00
6.683960e-02 9.610250e-01 0.000000e+00
2.737650e-02 9.819100e-01 0.000000e+00
3.904990e-02 9.780960e-01 0.000000e+00
5.072330e-02 9.742820e-01 0.000000e+00
6.239660e-02 9.704680e-01 0.000000e+00
3.460690e-02 9.875380e-01 0.000000e+00
4.628030e-02 9.837240e-01 0.000000e+00
5.795360e-02 9.799100e-01 0.000000e+00
4.183730e-02 9.931670e-01 0.000000e+00
5.351070e-02 9.893530e-01 0.000000e+00
4.906770e-02 9.987950e-01 0.000000e+00
1.605010e-01 9.318950e-01 0.000000e+00
1.570590e-01 9.462150e-01 0.000000e+00
1.536160e-01 9.605360e-01 0.000000e+00
1.501730e-01 9.748560e-01 0.000000e+00
1.467300e-01 9.891770e-01 0.000000e+00
1.499460e-01 9.340060e-01 0.000000e+00
1.465040e-01 9.483270e-01 0.000000e+00
1.430610e-01 9.626470e-01 0.000000e+00
1.396180e-01 9.769680e-01 0.000000e+00
1.393920e-01 9.361180e-01 0.000000e+00
1.359490e-01 9.504390e-01 0.000000e+00
1.325060e-01 9.647590e-01 0.000000e+00
1.288370e-01 9.382300e-01 0.000000e+00
1.253940e-01 9.525510e-01 0.000000e+00
1.182820e-01 9.403420e-01 0.000000e+00
9.801710e-02 9.951850e-01 0.000000e+00
9.022280e-02 9.866450e-01 0.000000e+00
8.242840e-02 9.781050e-01 0.000000e+00
7.463400e-02 9.695650e-01 0.000000e+00
6.683960e-02 9.610250e-01 0.000000e+00
1.030830e-01 9.814740e-01 0.000000e+00
9.528890e-02 9.729340e-01 0.000000e+00
8.749450e-02 9.643940e-01 0.000000e+00
7.970020e-02 9.558550e-01 0.000000e+00
1.081490e-01 9.677630e-01 0.000000e+00
1.003550e-01 9.592240e-01 0.000000e+00
9.256070e-02 9.506840e-01 0.000000e+00
1.132160e-01 9.540530e-01 0.000000e+00
1.054210e-01 9.455130e-01 0.000000e+00
1.182820e-01 9.403420e-01 0.000000e+00
1.897070e-01 9.327670e-01 0.000000e+00
1.910530e-01 9.447710e-01 0.000000e+00
1.923990e-01 9.567760e-01 0.000000e+00
1.937450e-01 9.687810e-01 0.000000e+00
1.950900e-01 9.807850e-01 0.000000e+00
1.824060e-01 9.325490e-01 0.000000e+00
1.837520e-01 9.445530e-01 0.000000e+00
1.850970e-01 9.565580e-01 0.000000e+00
1.864430e-01 9.685630e-01 0.000000e+00
1.751040e-01 9.323310e-01 0.000000e+00
1.764500e-01 9.443350e-01 0.000000e+00
1.777960e-01 9.563400e-01 0.000000e+00
1.678030e-01 9.321130e-01 0.000000e+00
1.691490e-01 9.441170e-01 0.000000e+00
1.605010e-01 9.318950e-01 0.000000e+00
2.647650e-01 8.920430e-01 0.000000e+00
2.711450e-01 9.082670e-01 0.000000e+00
2.775250e-01 9.244920e-01 0.000000e+00
2.839050e-01 9.407160e-01 0.000000e+00
2.902850e-01 9.569400e-01 0.000000e+00
2.595700e-01 8.987450e-01 0.000000e+00
2.659500e-01 9.149690e-01 0.000000e+00
2.723300e-01 9.311930e-01 0.000000e+00
2.787100e-01 9.474180e-01 0.000000e+00
2.543750e-01 9.054460e-01 0.000000e+00
2.607550e-01 9.216710e-01 0.000000e+00
2.671350e-01 9.378950e-01 0.000000e+00
2.491800e-01 9.121480e-01 0.000000e+00
2.555600e-01 9.283720e-01 0.000000e+00
2.439850e-01 9.188500e-01 0.000000e+00
1.897070e-01 9.327670e-01 0.000000e+00
2.032770e-01 9.292870e-01 0.000000e+00
2.168460e-01 9.258080e-01 0.000000e+00
2.304160e-01 9.223290e-01 0.000000e+00
2.439850e-01 9.188500e-01 0.000000e+00
2.030250e-01 9.420830e-01 0.000000e+00
2.165950e-01 9.386040e-01 0.000000e+00
2.301650e-01 9.351240e-01 0.000000e+00
2.437340e-01 9.316450e-01 0.000000e+00
2.163440e-01 9.513990e-01 0.000000e+00
2.299130e-01 9.479200e-01 0.000000e+00
2.434830e-01 9.444400e-01 0.000000e+00
2.296620e-01 9.607150e-01 0.000000e+00
2.432310e-01 9.572360e-01 0.000000e+00
2.429800e-01 9.700310e-01 0.000000e+00
3.067650e-01 9.172130e-01 0.000000e+00
3.138650e-01 9.133090e-01 0.000000e+00
3.209650e-01 9.094050e-01 0.000000e+00
3.280660e-01 9.055010e-01 0.000000e+00
3.351660e-01 9.015960e-01 0.000000e+00
3.142960e-01 9.232960e-01 0.000000e+00
3.213970e-01 9.193920e-01 0.000000e+00
3.284970e-01 9.154870e-01 0.000000e+00
3.355970e-01 9.115830e-01 0.000000e+00
3.218280e-01 9.293790e-01 0.000000e+00
3.289280e-01 9.254740e-01 0.000000e+00
3.360280e-01 9.215700e-01 0.000000e+00
3.293590e-01 9.354610e-01 0.000000e+00
3.364590e-01 9.315570e-01 0.000000e+00
3.368900e-01 9.415440e-01 0.000000e+00
3.351660e-01 9.015960e-01 0.000000e+00
3.478010e-01 8.986120e-01 0.000000e+00
3.604360e-01 8.956270e-01 0.000000e+00
3.730720e-01 8.926420e-01 0.000000e+00
3.857070e-01 8.896570e-01 0.000000e+00
3.470450e-01 9.071670e-01 0.000000e+00
3.596810e-01 9.041820e-01 0.000000e+00
3.723160e-01 9.011980e-01 0.000000e+00
3.849510e-01 8.982130e-01 0.000000e+00
3.589250e-01 9.127380e-01 0.000000e+00
3.715600e-01 9.097530e-01 0.000000e+00
3.841950e-01 9.067680e-01 0.000000e+00
3.708040e-01 9.183090e-01 0.000000e+00
3.834390e-01 9.153240e-01 0.000000e+00
3.826830e-01 9.238800e-01 0.000000e+00
4.275550e-01 9.039890e-01 0.000000e+00
4.262710e-01 8.908490e-01 0.000000e+00
4.249870e-01 8.777090e-01 0.000000e+00
4.237030e-01 8.645690e-01 0.000000e+00
4.224190e-01 8.514290e-01 0.000000e+00
4.386160e-01 8.986740e-01 0.000000e+00
4.372990e-01 8.854670e-01 0.000000e+00
4.359810e-01 8.722600e-01 0.000000e+00
4.346640e-01 8.590520e-01 0.000000e+00
4.496110e-01 8.932240e-01 0.000000e+00
4.482600e-01 8.799500e-01 0.000000e+00
4.469080e-01 8.666750e-01 0.000000e+00
4.605390e-01 8.876400e-01 0.000000e+00
4.591520e-01 8.742980e-01 0.000000e+00
4.713970e-01 8.819210e-01 0.000000e+00
3.857070e-01 8.896570e-01 0.000000e+00
3.961690e-01 8.932400e-01 0.000000e+00
4.066310e-01 8.968230e-01 0.000000e+00
4.170930e-01 9.004060e-01 0.000000e+00
4.275550e-01 9.039890e-01 0.000000e+00
3.849510e-01 8.982130e-01 0.000000e+00
3.954440e-01 9.018650e-01 0.000000e+00
4.059370e-01 9.055160e-01 0.000000e+00
4.164300e-01 9.091680e-01 0.000000e+00
3.841950e-01 9.067680e-01 0.000000e+00
3.947180e-01 9.104890e-01 0.000000e+00
4.052410e-01 9.142100e-01 0.000000e+00
3.834390e-01 9.153240e-01 0.000000e+00
3.939920e-01 9.191140e-01 0.000000e+00
3.826830e-01 9.238800e-01 0.000000e+00
4.548890e-01 8.328650e-01 0.000000e+00
4.696930e-01 8.390810e-01 0.000000e+00
4.844960e-01 8.452970e-01 0.000000e+00
4.992990e-01 8.515130e-01 0.000000e+00
5.141030e-01 8.577290e-01 0.000000e+00
4.590160e-01 8.451290e-01 0.000000e+00
4.738570e-01 8.514100e-01 0.000000e+00
4.886970e-01 8.576920e-01 0.000000e+00
5.035380e-01 8.639730e-01 0.000000e+00
4.631430e-01 8.573930e-01 0.000000e+00
4.780200e-01 8.637400e-01 0.000000e+00
4.928980e-01 8.700870e-01 0.000000e+00
4.672700e-01 8.696570e-01 0.000000e+00
4.821840e-01 8.760700e-01 0.000000e+00
4.713970e-01 8.819210e-01 0.000000e+00
9.801710e-02 -9.951850e-01 0.000000e+00
9.662930e-02 -9.804490e-01 0.000000e+00
9.524140e-02 -9.657120e-01 0.000000e+00
9.385350e-02 -9.509760e-01 0.000000e+00
9.246560e-02 -9.362400e-01 0.000000e+00
8.940080e-02 -9.858720e-01 0.000000e+00
8.801290e-02 -9.711360e-01 0.000000e+00
8.662500e-02 -9.564000e-01 0.000000e+00
8.523720e-02 -9.416630e-01 0.000000e+00
8.078450e-02 -9.765590e-01 0.000000e+00
7.939660e-02 -9.618230e-01 0.000000e+00
7.800870e-02 -9.470870e-01 0.000000e+00
7.216810e-02 -9.672460e-01 0.000000e+00
7.078030e-02 -9.525100e-01 0.000000e+00
6.355180e-02 -9.579330e-01 0.000000e+00
1.612780e-01 -9.357970e-01 0.000000e+00
1.576410e-01 -9.491420e-01 0.000000e+00
1.540040e-01 -9.624870e-01 0.000000e+00
1.503670e-01 -9.758320e-01 0.000000e+00
1.467300e-01 -9.891770e-01 0.000000e+00
1.697310e-01 -9.470440e-01 0.000000e+00
1.661070e-01 -9.604630e-01 0.000000e+00
1.624830e-01 -9.738820e-01 0.000000e+00
1.588580e-01 -9.873010e-01 0.000000e+00
1.781840e-01 -9.582910e-01 0.000000e+00
1.745730e-01 -9.717840e-01 0.000000e+00
1.709620e-01 -9.852780e-01 0.000000e+00
1.866370e-01 -9.695380e-01 0.000000e+00
1.830400e-01 -9.831050e-01 0.000000e+00
1.950900e-01 -9.807850e-01 0.000000e+00
1.269000e-01 -9.404360e-01 0.000000e+00
1.196790e-01 -9.541230e-01 0.000000e+00
1.124590e-01 -9.678110e-01 0.000000e+00
1.052380e-01 -9.814980e-01 0.000000e+00
9.801710e-02 -9.951850e-01 0.000000e+00
1.318580e-01 -9.526210e-01 0.000000e+00
1.246460e-01 -9.663830e-01 0.000000e+00
1.174340e-01 -9.801450e-01 0.000000e+00
1.102220e-01 -9.939070e-01 0.000000e+00
1.368150e-01 -9.648060e-01 0.000000e+00
1.296130e-01 -9.786430e-01 0.000000e+00
1.224110e-01 -9.924800e-01 0.000000e+00
1.417730e-01 -9.769910e-01 0.000000e+00
1.345810e-01 -9.909030e-01 0.000000e+00
1.467300e-01 -9.891770e-01 0.000000e+00
2.096850e-01 -9.291580e-01 0.000000e+00
2.180090e-01 -9.393760e-01 0.000000e+00
2.263330e-01 -9.495950e-01 0.000000e+00
2.346560e-01 -9.598130e-01 0.000000e+00
2.429800e-01 -9.700310e-01 0.000000e+00
2.172840e-01 -9.236390e-01 0.000000e+00
2.256070e-01 -9.338570e-01 0.000000e+00
2.339310e-01 -9.440760e-01 0.000000e+00
2.422550e-01 -9.542940e-01 0.000000e+00
2.248820e-01 -9.181200e-01 0.000000e+00
2.332060e-01 -9.283390e-01 0.000000e+00
2.415300e-01 -9.385570e-01 0.000000e+00
2.324810e-01 -9.126010e-01 0.000000e+00
2.408050e-01 -9.228200e-01 0.000000e+00
2.400790e-01 -9.070830e-01 0.000000e+00
3.067650e-01 9.172130e-01 0.000000e+00
3.142960e-01 9.232960e-01 0.000000e+00
3.218280e-01 9.293790e-01 0.000000e+00
3.293590e-01 9.354610e-01 0.000000e+00
3.368900e-01 9.415440e-01 0.000000e+00
3.026450e-01 9.271450e-01 0.000000e+00
3.102000e-01 9.332990e-01 0.000000e+00
3.177550e-01 9.394530e-01 0.000000e+00
3.253100e-01 9.456070e-01 0.000000e+00
2.985250e-01 9.370770e-01 0.000000e+00
3.061030e-01 9.433030e-01 0.000000e+00
3.136820e-01 9.495280e-01 0.000000e+00
2.944050e-01 9.470090e-01 0.000000e+00
3.020060e-01 9.533060e-01 0.000000e+00
2.902850e-01 9.569400e-01 0.000000e+00
2.902850e-01 9.569400e-01 0.000000e+00
2.839050e-01 9.407160e-01 0.000000e+00
2.775250e-01 9.244920e-01 0.000000e+00
2.711450e-01 9.082670e-01 0.000000e+00
2.647650e-01 8.920430e-01 0.000000e+00
2.944050e-01 9.470090e-01 0.000000e+00
2.880250e-01 9.307840e-01 0.000000e+00
2.816450e-01 9.145600e-01 0.000000e+00
2.752650e-01 8.983350e-01 0.000000e+00
2.985250e-01 9.370770e-01 0.000000e+00
2.921450e-01 9.208520e-01 0.000000e+00
2.857650e-01 9.046280e-01 0.000000e+00
3.026450e-01 9.271450e-01 0.000000e+00
2.962650e-01 9.109210e-01 0.000000e+00
3.067650e-01 9.172130e-01 0.000000e+00
5.141030e-01 8.577290e-01 0.000000e+00
5.109870e-01 8.451920e-01 0.000000e+00
5.078700e-01 8.326550e-01 0.000000e+00
5.047540e-01 8.201190e-01 0.000000e+00
5.016380e-01 8.075820e-01 0.000000e+00
5.245900e-01 8.513550e-01 0.000000e+00
5.214340e-01 8.387550e-01 0.000000e+00
5.182780e-01 8.261540e-01 0.000000e+00
5.151210e-01 8.135540e-01 0.000000e+00
5.349980e-01 8.448540e-01 0.000000e+00
5.318010e-01 8.321900e-01 0.000000e+00
5.286040e-01 8.195260e-01 0.000000e+00
5.453250e-01 8.382250e-01 0.000000e+00
5.420870e-01 8.254980e-01 0.000000e+00
5.555700e-01 8.314700e-01 0.000000e+00
4.548890e-01 8.328650e-01 0.000000e+00
4.590160e-01 8.451290e-01 0.000000e+00
4.631430e-01 8.573930e-01 0.000000e+00
4.672700e-01 8.696570e-01 0.000000e+00
4.713970e-01 8.819210e-01 0.000000e+00
4.467720e-01 8.375060e-01 0.000000e+00
4.508990e-01 8.497700e-01 0.000000e+00
4.550260e-01 8.620340e-01 0.000000e+00
4.591520e-01 8.742980e-01 0.000000e+00
4.386540e-01 8.421470e-01 0.000000e+00
4.427810e-01 8.544110e-01 0.000000e+00
4.469080e-01 8.666750e-01 0.000000e+00
4.305370e-01 8.467880e-01 0.000000e+00
4.346640e-01 8.590520e-01 0.000000e+00
4.224190e-01 8.514290e-01 0.000000e+00
6.705950e-01 6.947340e-01 0.000000e+00
6.779270e-01 6.855920e-01 0.000000e+00
6.852600e-01 6.764500e-01 0.000000e+00
6.925920e-01 6.673080e-01 0.000000e+00
6.999250e-01 6.581660e-01 0.000000e+00
6.797230e-01 6.978270e-01 0.000000e+00
6.870550e-01 6.886850e-01 0.000000e+00
6.943880e-01 6.795430e-01 0.000000e+00
7.017200e-01 6.704010e-01 0.000000e+00
6.888510e-01 7.009200e-01 0.000000e+00
6.961830e-01 6.917780e-01 0.000000e+00
7.035160e-01 6.826370e-01 0.000000e+00
6.979790e-01 7.040140e-01 0.000000e+00
7.053110e-01 6.948720e-01 0.000000e+00
7.071070e-01 7.071070e-01 0.000000e+00
5.191930e-01 7.771740e-01 0.000000e+00
5.277270e-01 7.770900e-01 0.000000e+00
5.362610e-01 7.770060e-01 0.000000e+00
5.447940e-01 7.769220e-01 0.000000e+00
5.533280e-01 7.768390e-01 0.000000e+00
5.282880e-01 7.907480e-01 0.000000e+00
5.368210e-01 7.906640e-01 0.000000e+00
5.453550e-01 7.905800e-01 0.000000e+00
5.538890e-01 7.904960e-01 0.000000e+00
5.373820e-01 8.043220e-01 0.000000e+00
5.459150e-01 8.042380e-01 0.000000e+00
5.544490e-01 8.041540e-01 0.000000e+00
5.464760e-01 8.178960e-01 0.000000e+00
5.550100e-01 8.178120e-01 0.000000e+00
5.555700e-01 8.314700e-01 0.000000e+00
5.774640e-01 7.526990e-01 0.000000e+00
5.916960e-01 7.577770e-01 0.000000e+00
6.059290e-01 7.628550e-01 0.000000e+00
6.201610e-01 7.679320e-01 0.000000e+00
6.343930e-01 7.730100e-01 0.000000e+00
5.820230e-01 7.653260e-01 0.000000e+00
5.963010e-01 7.704630e-01 0.000000e+00
6.105800e-01 7.756000e-01 0.000000e+00
6.248590e-01 7.807370e-01 0.000000e+00
5.865820e-01 7.779530e-01 0.000000e+00
6.009060e-01 7.831500e-01 0.000000e+00
6.152320e-01 7.883460e-01 0.000000e+00
5.911400e-01 7.905800e-01 0.000000e+00
6.055110e-01 7.958370e-01 0.000000e+00
5.956990e-01 8.032080e-01 0.000000e+00
6.705950e-01 6.947340e-01 0.000000e+00
6.708360e-01 7.062880e-01 0.000000e+00
6.710770e-01 7.178420e-01 0.000000e+00
6.713180e-01 7.293970e-01 0.000000e+00
6.715590e-01 7.409510e-01 0.000000e+00
6.606230e-01 7.021630e-01 0.000000e+00
6.608640e-01 7.137170e-01 0.000000e+00
6.611050e-01 7.252710e-01 0.000000e+00
6.613460e-01 7.368260e-01 0.000000e+00
6.506510e-01 7.095910e-01 0.000000e+00
6.508920e-01 7.211460e-01 0.000000e+00
6.511330e-01 7.327000e-01 0.000000e+00
6.406790e-01 7.170200e-01 0.000000e+00
6.409200e-01 7.285750e-01 0.000000e+00
6.307070e-01 7.244490e-01 0.000000e+00
5.956990e-01 8.032080e-01 0.000000e+00
5.851060e-01 7.966150e-01 0.000000e+00
5.745140e-01 7.900230e-01 0.000000e+00
5.639210e-01 7.834310e-01 0.000000e+00
5.533280e-01 7.768390e-01 0.000000e+00
5.911400e-01 7.905800e-01 0.000000e+00
5.805480e-01 7.839880e-01 0.000000e+00
5.699550e-01 7.773960e-01 0.000000e+00
5.593620e-01 7.708040e-01 0.000000e+00
5.865820e-01 7.779530e-01 0.000000e+00
5.759890e-01 7.713610e-01 0.000000e+00
5.653960e-01 7.647690e-01 0.000000e+00
5.820230e-01 7.653260e-01 0.000000e+00
5.714300e-01 7.587340e-01 0.000000e+00
5.774640e-01 7.526990e-01 0.000000e+00
5.956990e-01 8.032080e-01 0.000000e+00
5.857980e-01 8.104570e-01 0.000000e+00
5.758080e-01 8.175850e-01 0.000000e+00
5.657320e-01 8.245890e-01 0.000000e+00
5.555700e-01 8.314700e-01 0.000000e+00
5.851060e-01 7.966150e-01 0.000000e+00
5.751610e-01 8.038040e-01 0.000000e+00
5.651280e-01 8.108700e-01 0.000000e+00
5.550100e-01 8.178120e-01 0.000000e+00
5.745140e-01 7.900230e-01 0.000000e+00
5.645250e-01 7.971500e-01 0.000000e+00
5.544490e-01 8.041540e-01 0.000000e+00
5.639210e-01 7.834310e-01 0.000000e+00
5.538890e-01 7.904960e-01 0.000000e+00
5.533280e-01 7.768390e-01 0.000000e+00
4.713970e-01 -8.819210e-01 0.000000e+00
4.707080e-01 -8.681920e-01 0.000000e+00
4.700190e-01 -8.544620e-01 0.000000e+00
4.693300e-01 -8.407330e-01 0.000000e+00
4.686400e-01 -8.270030e-01 0.000000e+00
4.617600e-01 -8.764480e-01 0.000000e+00
4.610710e-01 -8.627180e-01 0.000000e+00
4.603820e-01 -8.489890e-01 0.000000e+00
4.596930e-01 -8.352590e-01 0.000000e+00
4.521240e-01 -8.709740e-01 0.000000e+00
4.514340e-01 -8.572440e-01 0.000000e+00
4.507450e-01 -8.435150e-01 0.000000e+00
4.424870e-01 -8.655000e-01 0.000000e+00
4.417980e-01 -8.517710e-01 0.000000e+00
4.328500e-01 -8.600270e-01 0.000000e+00
3.826830e-01 -9.238800e-01 0.000000e+00
3.790300e-01 -9.120940e-01 0.000000e+00
3.753760e-01 -9.003090e-01 0.000000e+00
3.717220e-01 -8.885240e-01 0.000000e+00
3.680690e-01 -8.767390e-01 0.000000e+00
3.723600e-01 -9.184000e-01 0.000000e+00
3.687060e-01 -9.066150e-01 0.000000e+00
3.650520e-01 -8.948300e-01 0.000000e+00
3.613990e-01 -8.830450e-01 0.000000e+00
3.620360e-01 -9.129210e-01 0.000000e+00
3.583820e-01 -9.011360e-01 0.000000e+00
3.547280e-01 -8.893510e-01 0.000000e+00
3.517120e-01 -9.074420e-01 0.000000e+00
3.480580e-01 -8.956570e-01 0.000000e+00
3.413880e-01 -9.019620e-01 0.000000e+00
4.686400e-01 -8.270030e-01 0.000000e+00
4.693300e-01 -8.407330e-01 0.000000e+00
4.700190e-01 -8.544620e-01 0.000000e+00
4.707080e-01 -8.681920e-01 0.000000e+00
4.713970e-01 -8.819210e-01 0.000000e+00
4.800060e-01 -8.346850e-01 0.000000e+00
4.807320e-01 -8.484800e-01 0.000000e+00
4.814580e-01 -8.622750e-01 0.000000e+00
4.821840e-01 -8.760700e-01 0.000000e+00
4.913720e-01 -8.423660e-01 0.000000e+00
4.921350e-01 -8.562260e-01 0.000000e+00
4.928980e-01 -8.700870e-01 0.000000e+00
5.027370e-01 -8.500470e-01 0.000000e+00
5.035380e-01 -8.639730e-01 0.000000e+00
5.141030e-01 -8.577290e-01 0.000000e+00
5.555700e-01 -8.314700e-01 0.000000e+00
5.449580e-01 -8.265610e-01 0.000000e+00
5.343460e-01 -8.216530e-01 0.000000e+00
5.237350e-01 -8.167450e-01 0.000000e+00
5.131230e-01 -8.118360e-01 0.000000e+00
5.453250e-01 -8.382250e-01 0.000000e+00
5.346720e-01 -8.332530e-01 0.000000e+00
5.240200e-01 -8.282810e-01 0.000000e+00
5.133680e-01 -8.233100e-01 0.000000e+00
5.349980e-01 -8.448540e-01 0.000000e+00
5.243050e-01 -8.398180e-01 0.000000e+00
5.136130e-01 -8.347830e-01 0.000000e+00
5.245900e-01 -8.513550e-01 0.000000e+00
5.138580e-01 -8.462560e-01 0.000000e+00
5.141030e-01 -8.577290e-01 0.000000e+00
6.229450e-01 -7.235980e-01 0.000000e+00
6.120970e-01 -7.304900e-01 0.000000e+00
6.012490e-01 -7.373810e-01 0.000000e+00
5.904000e-01 -7.442730e-01 0.000000e+00
5.795520e-01 -7.511640e-01 0.000000e+00
6.258070e-01 -7.359510e-01 0.000000e+00
6.149590e-01 -7.428430e-01 0.000000e+00
6.041110e-01 -7.497340e-01 0.000000e+00
5.932630e-01 -7.566260e-01 0.000000e+00
6.286690e-01 -7.483040e-01 0.000000e+00
6.178210e-01 -7.551960e-01 0.000000e+00
6.069730e-01 -7.620870e-01 0.000000e+00
6.315310e-01 -7.606570e-01 0.000000e+00
6.206830e-01 -7.675490e-01 0.000000e+00
6.343930e-01 -7.730100e-01 0.000000e+00
5.546610e-01 -7.741890e-01 0.000000e+00
5.548880e-01 -7.885090e-01 0.000000e+00
5.551150e-01 -8.028290e-01 0.000000e+00
5.553430e-01 -8.171490e-01 0.000000e+00
5.555700e-01 -8.314700e-01 0.000000e+00
5.649200e-01 -7.814440e-01 0.000000e+00
5.651910e-01 -7.958250e-01 0.000000e+00
5.654620e-01 -8.102070e-01 0.000000e+00
5.657320e-01 -8.245890e-01 0.000000e+00
5.751800e-01 -7.886980e-01 0.000000e+00
5.754940e-01 -8.031410e-01 0.000000e+00
5.758080e-01 -8.175850e-01 0.000000e+00
5.854400e-01 -7.959530e-01 0.000000e+00
5.857980e-01 -8.104570e-01 0.000000e+00
5.956990e-01 -8.032080e-01 0.000000e+00
6.229450e-01 -7.235980e-01 0.000000e+00
6.258070e-01 -7.359510e-01 0.000000e+00
6.286690e-01 -7.483040e-01 0.000000e+00
6.315310e-01 -7.606570e-01 0.000000e+00
6.343930e-01 -7.730100e-01 0.000000e+00
6.350980e-01 -7.279360e-01 0.000000e+00
6.380100e-01 -7.403460e-01 0.000000e+00
6.409210e-01 -7.527570e-01 0.000000e+00
6.438320e-01 -7.651670e-01 0.000000e+00
6.472520e-01 -7.322740e-01 0.000000e+00
6.502130e-01 -7.447410e-01 0.000000e+00
6.531730e-01 -7.572090e-01 0.000000e+00
6.594050e-01 -7.366130e-01 0.000000e+00
6.624160e-01 -7.491360e-01 0.000000e+00
6.715590e-01 -7.409510e-01 0.000000e+00
5.141030e-01 -8.577290e-01 0.000000e+00
5.138580e-01 -8.462560e-01 0.000000e+00
5.136130e-01 -8.347830e-01 0.000000e+00
5.133680e-01 -8.233100e-01 0.000000e+00
5.131230e-01 -8.118360e-01 0.000000e+00
5.027370e-01 -8.500470e-01 0.000000e+00
5.024920e-01 -8.385740e-01 0.000000e+00
5.022470e-01 -8.271010e-01 0.000000e+00
5.020020e-01 -8.156280e-01 0.000000e+00
4.913720e-01 -8.423660e-01 0.000000e+00
4.911270e-01 -8.308930e-01 0.000000e+00
4.908820e-01 -8.194200e-01 0.000000e+00
4.800060e-01 -8.346850e-01 0.000000e+00
4.797610e-01 -8.232120e-01 0.000000e+00
4.686400e-01 -8.270030e-01 0.000000e+00
5.956990e-01 -8.032080e-01 0.000000e+00
6.055110e-01 -7.958370e-01 0.000000e+00
6.152320e-01 -7.883460e-01 0.000000e+00
6.248590e-01 -7.807370e-01 0.000000e+00
6.343930e-01 -7.730100e-01 0.000000e+00
5.916630e-01 -7.901970e-01 0.000000e+00
6.014280e-01 -7.827660e-01 0.000000e+00
6.111020e-01 -7.752170e-01 0.000000e+00
6.206830e-01 -7.675490e-01 0.000000e+00
5.876260e-01 -7.771860e-01 0.000000e+00
5.973460e-01 -7.696960e-01 0.000000e+00
6.069730e-01 -7.620870e-01 0.000000e+00
5.835890e-01 -7.641750e-01 0.000000e+00
5.932630e-01 -7.566260e-01 0.000000e+00
5.795520e-01 -7.511640e-01 0.000000e+00
6.441170e-01 -6.959230e-01 0.000000e+00
6.388240e-01 -7.028420e-01 0.000000e+00
6.335310e-01 -7.097610e-01 0.000000e+00
6.282380e-01 -7.166790e-01 0.000000e+00
6.229450e-01 -7.235980e-01 0.000000e+00
6.509780e-01 -7.071800e-01 0.000000e+00
6.456840e-01 -7.140990e-01 0.000000e+00
6.403910e-01 -7.210180e-01 0.000000e+00
6.350980e-01 -7.279360e-01 0.000000e+00
6.578380e-01 -7.184370e-01 0.000000e+00
6.525450e-01 -7.253560e-01 0.000000e+00
6.472520e-01 -7.322740e-01 0.000000e+00
6.646980e-01 -7.296940e-01 0.000000e+00
6.594050e-01 -7.366130e-01 0.000000e+00
6.715590e-01 -7.409510e-01 0.000000e+00
7.071070e-01 -7.071070e-01 0.000000e+00
6.994030e-01 -7.047530e-01 0.000000e+00
6.916990e-01 -7.023990e-01 0.000000e+00
6.839950e-01 -7.000450e-01 0.000000e+00
6.762910e-01 -6.976920e-01 0.000000e+00
6.983760e-01 -7.157310e-01 0.000000e+00
6.906200e-01 -7.133230e-01 0.000000e+00
6.828640e-01 -7.109150e-01 0.000000e+00
6.751080e-01 -7.085070e-01 0.000000e+00
6.895410e-01 -7.242470e-01 0.000000e+00
6.817320e-01 -7.217840e-01 0.000000e+00
6.739250e-01 -7.193210e-01 0.000000e+00
6.806010e-01 -7.326540e-01 0.000000e+00
6.727420e-01 -7.301360e-01 0.000000e+00
6.715590e-01 -7.409510e-01 0.000000e+00
7.287910e-01 -6.341190e-01 0.000000e+00
7.217330e-01 -6.439400e-01 0.000000e+00
7.146750e-01 -6.537610e-01 0.000000e+00
7.076160e-01 -6.635810e-01 0.000000e+00
7.005580e-01 -6.734020e-01 0.000000e+00
7.318310e-01 -6.434790e-01 0.000000e+00
7.247730e-01 -6.533000e-01 0.000000e+00
7.177150e-01 -6.631200e-01 0.000000e+00
7.106560e-01 -6.729410e-01 0.000000e+00
7.348710e-01 -6.528390e-01 0.000000e+00
7.278130e-01 -6.626600e-01 0.000000e+00
7.207550e-01 -6.724800e-01 0.000000e+00
7.379110e-01 -6.621990e-01 0.000000e+00
7.308530e-01 -6.720200e-01 0.000000e+00
7.409510e-01 -6.715590e-01 0.000000e+00
6.441170e-01 -6.959230e-01 0.000000e+00
6.509780e-01 -7.071800e-01 0.000000e+00
6.578380e-01 -7.184370e-01 0.000000e+00
6.646980e-01 -7.296940e-01 0.000000e+00
6.715590e-01 -7.409510e-01 0.000000e+00
6.521600e-01 -6.963650e-01 0.000000e+00
6.590210e-01 -7.076220e-01 0.000000e+00
6.658810e-01 -7.188790e-01 0.000000e+00
6.727420e-01 -7.301360e-01 0.000000e+00
6.602040e-01 -6.968080e-01 0.000000e+00
6.670640e-01 -7.080640e-01 0.000000e+00
6.739250e-01 -7.193210e-01 0.000000e+00
6.682470e-01 -6.972500e-01 0.000000e+00
6.751080e-01 -7.085070e-01 0.000000e+00
6.762910e-01 -6.976920e-01 0.000000e+00
7.005580e-01 -6.734020e-01 0.000000e+00
7.021950e-01 -6.818280e-01 0.000000e+00
7.038320e-01 -6.902540e-01 0.000000e+00
7.054700e-01 -6.986810e-01 0.000000e+00
7.071070e-01 -7.071070e-01 0.000000e+00
7.106560e-01 -6.729410e-01 0.000000e+00
7.123480e-01 -6.814190e-01 0.000000e+00
7.140400e-01 -6.898980e-01 0.000000e+00
7.157310e-01 -6.983760e-01 0.000000e+00
7.207550e-01 -6.724800e-01 0.000000e+00
7.225010e-01 -6.810100e-01 0.000000e+00
7.242470e-01 -6.895410e-01 0.000000e+00
7.308530e-01 -6.720200e-01 0.000000e+00
7.326540e-01 -6.806010e-01 0.000000e+00
7.409510e-01 -6.715590e-01 0.000000e+00
7.730100e-01 -6.343930e-01 0.000000e+00
7.627390e-01 -6.261410e-01 0.000000e+00
7.524670e-01 -6.178890e-01 0.000000e+00
7.421950e-01 -6.096370e-01 0.000000e+00
7.319240e-01 -6.013850e-01 0.000000e+00
7.619560e-01 -6.343250e-01 0.000000e+00
7.516840e-01 -6.260730e-01 0.000000e+00
7.414120e-01 -6.178210e-01 0.000000e+00
7.311400e-01 -6.095690e-01 0.000000e+00
7.509010e-01 -6.342560e-01 0.000000e+00
7.406290e-01 -6.260040e-01 0.000000e+00
7.303570e-01 -6.177520e-01 0.000000e+00
7.398460e-01 -6.341880e-01 0.000000e+00
7.295740e-01 -6.259360e-01 0.000000e+00
7.287910e-01 -6.341190e-01 0.000000e+00
5.208630e-01 -7.714590e-01 0.000000e+00
5.295400e-01 -7.864620e-01 0.000000e+00
5.382170e-01 -8.014640e-01 0.000000e+00
5.468930e-01 -8.164670e-01 0.000000e+00
5.555700e-01 -8.314700e-01 0.000000e+00
5.293130e-01 -7.721410e-01 0.000000e+00
5.379890e-01 -7.871440e-01 0.000000e+00
5.466660e-01 -8.021470e-01 0.000000e+00
5.553430e-01 -8.171490e-01 0.000000e+00
5.377620e-01 -7.728240e-01 0.000000e+00
5.464390e-01 -7.878270e-01 0.000000e+00
5.551150e-01 -8.028290e-01 0.000000e+00
5.462110e-01 -7.735060e-01 0.000000e+00
5.548880e-01 -7.885090e-01 0.000000e+00
5.546610e-01 -7.741890e-01 0.000000e+00
5.546610e-01 -7.741890e-01 0.000000e+00
5.649200e-01 -7.814440e-01 0.000000e+00
5.751800e-01 -7.886980e-01 0.000000e+00
5.854400e-01 -7.959530e-01 0.000000e+00
5.956990e-01 -8.032080e-01 0.000000e+00
5.608840e-01 -7.684330e-01 0.000000e+00
5.711430e-01 -7.756870e-01 0.000000e+00
5.814030e-01 -7.829420e-01 0.000000e+00
5.916630e-01 -7.901970e-01 0.000000e+00
5.671070e-01 -7.626770e-01 0.000000e+00
5.773660e-01 -7.699310e-01 0.000000e+00
5.876260e-01 -7.771860e-01 0.000000e+00
5.733290e-01 -7.569210e-01 0.000000e+00
5.835890e-01 -7.641750e-01 0.000000e+00
5.795520e-01 -7.511640e-01 0.000000e+00
5.191930e-01 7.771740e-01 0.000000e+00
5.282880e-01 7.907480e-01 0.000000e+00
5.373820e-01 8.043220e-01 0.000000e+00
5.464760e-01 8.178960e-01 0.000000e+00
5.555700e-01 8.314700e-01 0.000000e+00
5.148050e-01 7.847760e-01 0.000000e+00
5.238990e-01 7.983500e-01 0.000000e+00
5.329930e-01 8.119240e-01 0.000000e+00
5.420870e-01 8.254980e-01 0.000000e+00
5.104160e-01 7.923780e-01 0.000000e+00
5.195100e-01 8.059520e-01 0.000000e+00
5.286040e-01 8.195260e-01 0.000000e+00
5.060270e-01 7.999800e-01 0.000000e+00
5.151210e-01 8.135540e-01 0.000000e+00
5.016380e-01 8.075820e-01 0.000000e+00
5.141030e-01 8.577290e-01 0.000000e+00
4.992990e-01 8.515130e-01 0.000000e+00
4.844960e-01 8.452970e-01 0.000000e+00
4.696930e-01 8.390810e-01 0.000000e+00
4.548890e-01 8.328650e-01 0.000000e+00
5.109870e-01 8.451920e-01 0.000000e+00
4.961830e-01 8.389760e-01 0.000000e+00
4.813800e-01 8.327600e-01 0.000000e+00
4.665770e-01 8.265440e-01 0.000000e+00
5.078700e-01 8.326550e-01 0.000000e+00
4.930670e-01 8.264390e-01 0.000000e+00
4.782640e-01 8.202230e-01 0.000000e+00
5.047540e-01 8.201190e-01 0.000000e+00
4.899510e-01 8.139030e-01 0.000000e+00
5.016380e-01 8.075820e-01 0.000000e+00
8.032080e-01 5.956990e-01 0.000000e+00
7.900040e-01 5.949200e-01 0.000000e+00
7.768010e-01 5.941410e-01 0.000000e+00
7.635980e-01 5.933620e-01 0.000000e+00
7.503950e-01 5.925830e-01 0.000000e+00
7.946980e-01 5.847420e-01 0.000000e+00
7.814950e-01 5.839630e-01 0.000000e+00
7.682920e-01 5.831840e-01 0.000000e+00
7.550890e-01 5.824040e-01 0.000000e+00
7.861880e-01 5.737840e-01 0.000000e+00
7.729850e-01 5.730050e-01 0.000000e+00
7.597820e-01 5.722260e-01 0.000000e+00
7.776780e-01 5.628260e-01 0.000000e+00
7.644750e-01 5.620470e-01 0.000000e+00
7.691690e-01 5.518680e-01 0.000000e+00
7.268530e-01 6.208090e-01 0.000000e+00
7.303780e-01 6.334960e-01 0.000000e+00
7.339020e-01 6.461840e-01 0.000000e+00
7.374270e-01 6.588710e-01 0.000000e+00
7.409510e-01 6.715590e-01 0.000000e+00
7.201210e-01 6.301480e-01 0.000000e+00
7.236460e-01 6.428360e-01 0.000000e+00
7.271700e-01 6.555230e-01 0.000000e+00
7.306950e-01 6.682110e-01 0.000000e+00
7.133890e-01 6.394880e-01 0.000000e+00
7.169130e-01 6.521750e-01 0.000000e+00
7.204380e-01 6.648630e-01 0.000000e+00
7.066570e-01 6.488270e-01 0.000000e+00
7.101810e-01 6.615140e-01 0.000000e+00
6.999250e-01 6.581660e-01 0.000000e+00
7.503950e-01 5.925830e-01 0.000000e+00
7.560490e-01 6.030360e-01 0.000000e+00
7.617030e-01 6.134880e-01 0.000000e+00
7.673570e-01 6.239410e-01 0.000000e+00
7.730100e-01 6.343930e-01 0.000000e+00
7.445100e-01 5.996400e-01 0.000000e+00
7.501640e-01 6.100920e-01 0.000000e+00
7.558170e-01 6.205450e-01 0.000000e+00
7.614710e-01 6.309970e-01 0.000000e+00
7.386240e-01 6.066960e-01 0.000000e+00
7.442780e-01 6.171490e-01 0.000000e+00
7.499320e-01 6.276010e-01 0.000000e+00
7.327390e-01 6.137530e-01 0.000000e+00
7.383920e-01 6.242050e-01 0.000000e+00
7.268530e-01 6.208090e-01 0.000000e+00
7.503950e-01 5.925830e-01 0.000000e+00
7.635980e-01 5.933620e-01 0.000000e+00
7.768010e-01 5.941410e-01 0.000000e+00
7.900040e-01 5.949200e-01 0.000000e+00
8.032080e-01 5.956990e-01 0.000000e+00
7.560490e-01 6.030360e-01 0.000000e+00
7.693120e-01 6.038610e-01 0.000000e+00
7.825740e-01 6.046860e-01 0.000000e+00
7.958370e-01 6.055110e-01 0.000000e+00
7.617030e-01 6.134880e-01 0.000000e+00
7.750240e-01 6.143600e-01 0.000000e+00
7.883460e-01 6.152320e-01 0.000000e+00
7.673570e-01 6.239410e-01 0.000000e+00
7.807370e-01 6.248590e-01 0.000000e+00
7.730100e-01 6.343930e-01 0.000000e+00
7.730100e-01 6.343930e-01 0.000000e+00
7.651670e-01 6.438320e-01 0.000000e+00
7.572090e-01 6.531730e-01 0.000000e+00
7.491360e-01 6.624160e-01 0.000000e+00
7.409510e-01 6.715590e-01 0.000000e+00
7.614710e-01 6.309970e-01 0.000000e+00
7.535710e-01 6.403870e-01 0.000000e+00
7.455550e-01 6.496790e-01 0.000000e+00
7.374270e-01 6.588710e-01 0.000000e+00
7.499320e-01 6.276010e-01 0.000000e+00
7.419740e-01 6.369420e-01 0.000000e+00
7.339020e-01 6.461840e-01 0.000000e+00
7.383920e-01 6.242050e-01 0.000000e+00
7.303780e-01 6.334960e-01 0.000000e+00
7.268530e-01 6.208090e-01 0.000000e+00
7.409510e-01 6.715590e-01 0.000000e+00
7.326540e-01 6.806010e-01 0.000000e+00
7.242470e-01 6.895410e-01 0.000000e+00
7.157310e-01 6.983760e-01 0.000000e+00
7.071070e-01 7.071070e-01 0.000000e+00
7.306950e-01 6.682110e-01 0.000000e+00
7.223430e-01 6.772010e-01 0.000000e+00
7.138810e-01 6.860890e-01 0.000000e+00
7.053110e-01 6.948720e-01 0.000000e+00
7.204380e-01 6.648630e-01 0.000000e+00
7.120310e-01 6.738010e-01 0.000000e+00
7.035160e-01 6.826370e-01 0.000000e+00
7.101810e-01 6.615140e-01 0.000000e+00
7.017200e-01 6.704010e-01 0.000000e+00
6.999250e-01 6.581660e-01 0.000000e+00
8.314700e-01 5.555700e-01 0.000000e+00
8.158940e-01 5.546450e-01 0.000000e+00
8.003190e-01 5.537190e-01 0.000000e+00
7.847440e-01 5.527940e-01 0.000000e+00
7.691690e-01 5.518680e-01 0.000000e+00
8.222030e-01 5.440250e-01 0.000000e+00
8.066280e-01 5.430990e-01 0.000000e+00
7.910530e-01 5.421740e-01 0.000000e+00
7.754780e-01 5.412480e-01 0.000000e+00
8.129370e-01 5.324790e-01 0.000000e+00
7.973620e-01 5.315540e-01 0.000000e+00
7.817870e-01 5.306280e-01 0.000000e+00
8.036710e-01 5.209330e-01 0.000000e+00
7.880960e-01 5.200080e-01 0.000000e+00
7.944050e-01 5.093880e-01 0.000000e+00
7.691690e-01 5.518680e-01 0.000000e+00
7.847440e-01 5.527940e-01 0.000000e+00
8.003190e-01 5.537190e-01 0.000000e+00
8.158940e-01 5.546450e-01 0.000000e+00
8.314700e-01 5.555700e-01 0.000000e+00
7.776780e-01 5.628260e-01 0.000000e+00
7.933150e-01 5.637950e-01 0.000000e+00
8.089520e-01 5.647630e-01 0.000000e+00
8.245890e-01 5.657320e-01 0.000000e+00
7.861880e-01 5.737840e-01 0.000000e+00
8.018860e-01 5.747960e-01 0.000000e+00
8.175850e-01 5.758080e-01 0.000000e+00
7.946980e-01 5.847420e-01 0.000000e+00
8.104570e-01 5.857980e-01 0.000000e+00
8.032080e-01 5.956990e-01 0.000000e+00
7.944050e-01 5.093880e-01 0.000000e+00
8.102360e-01 5.105660e-01 0.000000e+00
8.260670e-01 5.117450e-01 0.000000e+00
8.418980e-01 5.129240e-01 0.000000e+00
8.577290e-01 5.141030e-01 0.000000e+00
8.036710e-01 5.209330e-01 0.000000e+00
8.195660e-01 5.221520e-01 0.000000e+00
8.354600e-01 5.233710e-01 0.000000e+00
8.513550e-01 5.245900e-01 0.000000e+00
8.129370e-01 5.324790e-01 0.000000e+00
8.288950e-01 5.337390e-01 0.000000e+00
8.448540e-01 5.349980e-01 0.000000e+00
8.222030e-01 5.440250e-01 0.000000e+00
8.382250e-01 5.453250e-01 0.000000e+00
8.314700e-01 5.555700e-01 0.000000e+00
8.251500e-01 4.600860e-01 0.000000e+00
8.332940e-01 4.735900e-01 0.000000e+00
8.414390e-01 4.870940e-01 0.000000e+00
8.495840e-01 5.005990e-01 0.000000e+00
8.577290e-01 5.141030e-01 0.000000e+00
8.230190e-01 4.673170e-01 0.000000e+00
8.311640e-01 4.808210e-01 0.000000e+00
8.393090e-01 4.943250e-01 0.000000e+00
8.474530e-01 5.078290e-01 0.000000e+00
8.208890e-01 4.745470e-01 0.000000e+00
8.290330e-01 4.880520e-01 0.000000e+00
8.371780e-01 5.015560e-01 0.000000e+00
8.187580e-01 4.817780e-01 0.000000e+00
8.269030e-01 4.952820e-01 0.000000e+00
8.166280e-01 4.890090e-01 0.000000e+00
3.073850e-01 -9.203270e-01 0.000000e+00
3.031100e-01 -9.294810e-01 0.000000e+00
2.988350e-01 -9.386340e-01 0.000000e+00
2.945600e-01 -9.477870e-01 0.000000e+00
2.902850e-01 -9.569400e-01 0.000000e+00
3.147610e-01 -9.256320e-01 0.000000e+00
3.105100e-01 -9.348560e-01 0.000000e+00
3.062580e-01 -9.440810e-01 0.000000e+00
3.020060e-01 -9.533060e-01 0.000000e+00
3.221370e-01 -9.309360e-01 0.000000e+00
3.179100e-01 -9.402320e-01 0.000000e+00
3.136820e-01 -9.495280e-01 0.000000e+00
3.295140e-01 -9.362400e-01 0.000000e+00
3.253100e-01 -9.456070e-01 0.000000e+00
3.368900e-01 -9.415440e-01 0.000000e+00
2.757120e-01 -9.122350e-01 0.000000e+00
2.675290e-01 -9.266840e-01 0.000000e+00
2.593460e-01 -9.411330e-01 0.000000e+00
2.511630e-01 -9.555820e-01 0.000000e+00
2.429800e-01 -9.700310e-01 0.000000e+00
2.793550e-01 -9.234110e-01 0.000000e+00
2.711920e-01 -9.379330e-01 0.000000e+00
2.630290e-01 -9.524550e-01 0.000000e+00
2.548660e-01 -9.669760e-01 0.000000e+00
2.829980e-01 -9.345870e-01 0.000000e+00
2.748560e-01 -9.491820e-01 0.000000e+00
2.667130e-01 -9.637760e-01 0.000000e+00
2.866410e-01 -9.457640e-01 0.000000e+00
2.785200e-01 -9.604310e-01 0.000000e+00
2.902850e-01 -9.569400e-01 0.000000e+00
6.715590e-01 7.409510e-01 0.000000e+00
6.624160e-01 7.491360e-01 0.000000e+00
6.531730e-01 7.572090e-01 0.000000e+00
6.438320e-01 7.651670e-01 0.000000e+00
6.343930e-01 7.730100e-01 0.000000e+00
6.613460e-01 7.368260e-01 0.000000e+00
6.521530e-01 7.449540e-01 0.000000e+00
6.428610e-01 7.529700e-01 0.000000e+00
6.334720e-01 7.608700e-01 0.000000e+00
6.511330e-01 7.327000e-01 0.000000e+00
6.418910e-01 7.407720e-01 0.000000e+00
6.325500e-01 7.487300e-01 0.000000e+00
6.409200e-01 7.285750e-01 0.000000e+00
6.316290e-01 7.365900e-01 0.000000e+00
6.307070e-01 7.244490e-01 0.000000e+00
9.246560e-02 -9.362400e-01 0.000000e+00
9.385350e-02 -9.509760e-01 0.000000e+00
9.524140e-02 -9.657120e-01 0.000000e+00
9.662930e-02 -9.804490e-01 0.000000e+00
9.801710e-02 -9.951850e-01 0.000000e+00
1.010740e-01 -9.372890e-01 0.000000e+00
1.024620e-01 -9.520250e-01 0.000000e+00
1.038500e-01 -9.667610e-01 0.000000e+00
1.052380e-01 -9.814980e-01 0.000000e+00
1.096830e-01 -9.383380e-01 0.000000e+00
1.110710e-01 -9.530740e-01 0.000000e+00
1.124590e-01 -9.678110e-01 0.000000e+00
1.182910e-01 -9.393870e-01 0.000000e+00
1.196790e-01 -9.541230e-01 0.000000e+00
1.269000e-01 -9.404360e-01 0.000000e+00
1.269000e-01 -9.404360e-01 0.000000e+00
1.318580e-01 -9.526210e-01 0.000000e+00
1.368150e-01 -9.648060e-01 0.000000e+00
1.417730e-01 -9.769910e-01 0.000000e+00
1.467300e-01 -9.891770e-01 0.000000e+00
1.354940e-01 -9.392760e-01 0.000000e+00
1.404520e-01 -9.514620e-01 0.000000e+00
1.454100e-01 -9.636470e-01 0.000000e+00
1.503670e-01 -9.758320e-01 0.000000e+00
1.440890e-01 -9.381170e-01 0.000000e+00
1.490460e-01 -9.503020e-01 0.000000e+00
1.540040e-01 -9.624870e-01 0.000000e+00
1.526830e-01 -9.369570e-01 0.000000e+00
1.576410e-01 -9.491420e-01 0.000000e+00
1.612780e-01 -9.357970e-01 0.000000e+00
6.762910e-01 -6.976920e-01 0.000000e+00
6.839950e-01 -7.000450e-01 0.000000e+00
6.916990e-01 -7.023990e-01 0.000000e+00
6.994030e-01 -7.047530e-01 0.000000e+00
7.071070e-01 -7.071070e-01 0.000000e+00
6.823580e-01 -6.916190e-01 0.000000e+00
6.900620e-01 -6.939730e-01 0.000000e+00
6.977660e-01 -6.963270e-01 0.000000e+00
7.054700e-01 -6.986810e-01 0.000000e+00
6.884240e-01 -6.855470e-01 0.000000e+00
6.961280e-01 -6.879010e-01 0.000000e+00
7.038320e-01 -6.902540e-01 0.000000e+00
6.944910e-01 -6.794740e-01 0.000000e+00
7.021950e-01 -6.818280e-01 0.000000e+00
7.005580e-01 -6.734020e-01 0.000000e+00
7.409510e-01 -6.715590e-01 0.000000e+00
7.491360e-01 -6.624160e-01 0.000000e+00
7.572090e-01 -6.531730e-01 0.000000e+00
7.651670e-01 -6.438320e-01 0.000000e+00
7.730100e-01 -6.343930e-01 0.000000e+00
7.379110e-01 -6.621990e-01 0.000000e+00
7.460400e-01 -6.530060e-01 0.000000e+00
7.540550e-01 -6.437140e-01 0.000000e+00
7.619560e-01 -6.343250e-01 0.000000e+00
7.348710e-01 -6.528390e-01 0.000000e+00
7.429430e-01 -6.435970e-01 0.000000e+00
7.509010e-01 -6.342560e-01 0.000000e+00
7.318310e-01 -6.434790e-01 0.000000e+00
7.398460e-01 -6.341880e-01 0.000000e+00
7.287910e-01 -6.341190e-01 0.000000e+00
7.571350e-01 -5.826980e-01 0.000000e+00
7.611040e-01 -5.956220e-01 0.000000e+00
7.650730e-01 -6.085450e-01 0.000000e+00
7.690420e-01 -6.214690e-01 0.000000e+00
7.730100e-01 -6.343930e-01 0.000000e+00
7.686530e-01 -5.859480e-01 0.000000e+00
7.726810e-01 -5.989180e-01 0.000000e+00
7.767090e-01 -6.118890e-01 0.000000e+00
7.807370e-01 -6.248590e-01 0.000000e+00
7.801710e-01 -5.891980e-01 0.000000e+00
7.842590e-01 -6.022150e-01 0.000000e+00
7.883460e-01 -6.152320e-01 0.000000e+00
7.916890e-01 -5.924490e-01 0.000000e+00
7.958370e-01 -6.055110e-01 0.000000e+00
8.032080e-01 -5.956990e-01 0.000000e+00
5.555700e-01 -8.314700e-01 0.000000e+00
5.468930e-01 -8.164670e-01 0.000000e+00
5.382170e-01 -8.014640e-01 0.000000e+00
5.295400e-01 -7.864620e-01 0.000000e+00
5.208630e-01 -7.714590e-01 0.000000e+00
5.449580e-01 -8.265610e-01 0.000000e+00
5.362820e-01 -8.115590e-01 0.000000e+00
5.276050e-01 -7.965560e-01 0.000000e+00
5.189280e-01 -7.815530e-01 0.000000e+00
5.343460e-01 -8.216530e-01 0.000000e+00
5.256700e-01 -8.066500e-01 0.000000e+00
5.169930e-01 -7.916480e-01 0.000000e+00
5.237350e-01 -8.167450e-01 0.000000e+00
5.150580e-01 -8.017420e-01 0.000000e+00
5.131230e-01 -8.118360e-01 0.000000e+00
8.819210e-01 4.713970e-01 0.000000e+00
8.760700e-01 4.821840e-01 0.000000e+00
8.700870e-01 4.928980e-01 0.000000e+00
8.639730e-01 5.035380e-01 0.000000e+00
8.577290e-01 5.141030e-01 0.000000e+00
8.677280e-01 4.685690e-01 0.000000e+00
8.618110e-01 4.793200e-01 0.000000e+00
8.557630e-01 4.899970e-01 0.000000e+00
8.495840e-01 5.005990e-01 0.000000e+00
8.535350e-01 4.657410e-01 0.000000e+00
8.475530e-01 4.764550e-01 0.000000e+00
8.414390e-01 4.870940e-01 0.000000e+00
8.393430e-01 4.629140e-01 0.000000e+00
8.332940e-01 4.735900e-01 0.000000e+00
8.251500e-01 4.600860e-01 0.000000e+00
7.071070e-01 7.071070e-01 0.000000e+00
6.983760e-01 7.157310e-01 0.000000e+00
6.895410e-01 7.242470e-01 0.000000e+00
6.806010e-01 7.326540e-01 0.000000e+00
6.715590e-01 7.409510e-01 0.000000e+00
6.979790e-01 7.040140e-01 0.000000e+00
6.891960e-01 7.125830e-01 0.000000e+00
6.803090e-01 7.210450e-01 0.000000e+00
6.713180e-01 7.293970e-01 0.000000e+00
6.888510e-01 7.009200e-01 0.000000e+00
6.800160e-01 7.094360e-01 0.000000e+00
6.710770e-01 7.178420e-01 0.000000e+00
6.797230e-01 6.978270e-01 0.000000e+00
6.708360e-01 7.062880e-01 0.000000e+00
6.705950e-01 6.947340e-01 0.000000e+00
5.774640e-01 7.526990e-01 0.000000e+00
5.907750e-01 7.456360e-01 0.000000e+00
6.040860e-01 7.385740e-01 0.000000e+00
6.173960e-01 7.315120e-01 0.000000e+00
6.307070e-01 7.244490e-01 0.000000e+00
5.916960e-01 7.577770e-01 0.000000e+00
6.050070e-01 7.507140e-01 0.000000e+00
6.183180e-01 7.436520e-01 0.000000e+00
6.316290e-01 7.365900e-01 0.000000e+00
6.059290e-01 7.628550e-01 0.000000e+00
6.192390e-01 7.557920e-01 0.000000e+00
6.325500e-01 7.487300e-01 0.000000e+00
6.201610e-01 7.679320e-01 0.000000e+00
6.334720e-01 7.608700e-01 0.000000e+00
6.343930e-01 7.730100e-01 0.000000e+00
1.612780e-01 -9.357970e-01 0.000000e+00
1.697310e-01 -9.470440e-01 0.000000e+00
1.781840e-01 -9.582910e-01 0.000000e+00
1.866370e-01 -9.695380e-01 0.000000e+00
1.950900e-01 -9.807850e-01 0.000000e+00
1.733790e-01 -9.341370e-01 0.000000e+00
1.818330e-01 -9.453840e-01 0.000000e+00
1.902860e-01 -9.566310e-01 0.000000e+00
1.987390e-01 -9.678780e-01 0.000000e+00
1.854810e-01 -9.324770e-01 0.000000e+00
1.939340e-01 -9.437250e-01 0.000000e+00
2.023880e-01 -9.549720e-01 0.000000e+00
1.975830e-01 -9.308180e-01 0.000000e+00
2.060360e-01 -9.420650e-01 0.000000e+00
2.096850e-01 -9.291580e-01 0.000000e+00
3.926790e-01 -8.949450e-01 0.000000e+00
3.865270e-01 -8.903940e-01 0.000000e+00
3.803740e-01 -8.858420e-01 0.000000e+00
3.742210e-01 -8.812910e-01 0.000000e+00
3.680690e-01 -8.767390e-01 0.000000e+00
3.901800e-01 -9.021790e-01 0.000000e+00
3.840280e-01 -8.976270e-01 0.000000e+00
3.778750e-01 -8.930760e-01 0.000000e+00
3.717220e-01 -8.885240e-01 0.000000e+00
3.876810e-01 -9.094120e-01 0.000000e+00
3.815290e-01 -9.048610e-01 0.000000e+00
3.753760e-01 -9.003090e-01 0.000000e+00
3.851820e-01 -9.166460e-01 0.000000e+00
3.790300e-01 -9.120940e-01 0.000000e+00
3.826830e-01 -9.238800e-01 0.000000e+00
4.713970e-01 -8.819210e-01 0.000000e+00
4.617600e-01 -8.764480e-01 0.000000e+00
4.521240e-01 -8.709740e-01 0.000000e+00
4.424870e-01 -8.655000e-01 0.000000e+00
4.328500e-01 -8.600270e-01 0.000000e+00
4.605390e-01 -8.876400e-01 0.000000e+00
4.508680e-01 -8.820990e-01 0.000000e+00
4.411970e-01 -8.765580e-01 0.000000e+00
4.315270e-01 -8.710170e-01 0.000000e+00
4.496110e-01 -8.932240e-01 0.000000e+00
4.399070e-01 -8.876160e-01 0.000000e+00
4.302030e-01 -8.820080e-01 0.000000e+00
4.386160e-01 -8.986740e-01 0.000000e+00
4.288790e-01 -8.929990e-01 0.000000e+00
4.275550e-01 -9.039890e-01 0.000000e+00
4.008700e-01 -8.547570e-01 0.000000e+00
4.075410e-01 -8.670650e-01 0.000000e+00
4.142120e-01 -8.793730e-01 0.000000e+00
4.208840e-01 -8.916810e-01 0.000000e+00
4.275550e-01 -9.039890e-01 0.000000e+00
4.088650e-01 -8.560750e-01 0.000000e+00
4.155360e-01 -8.683830e-01 0.000000e+00
4.222080e-01 -8.806910e-01 0.000000e+00
4.288790e-01 -8.929990e-01 0.000000e+00
4.168600e-01 -8.573920e-01 0.000000e+00
4.235310e-01 -8.697000e-01 0.000000e+00
4.302030e-01 -8.820080e-01 0.000000e+00
4.248550e-01 -8.587090e-01 0.000000e+00
4.315270e-01 -8.710170e-01 0.000000e+00
4.328500e-01 -8.600270e-01 0.000000e+00
7.319240e-01 -6.013850e-01 0.000000e+00
7.421950e-01 -6.096370e-01 0.000000e+00
7.524670e-01 -6.178890e-01 0.000000e+00
7.627390e-01 -6.261410e-01 0.000000e+00
7.730100e-01 -6.343930e-01 0.000000e+00
7.382270e-01 -5.967130e-01 0.000000e+00
7.484980e-01 -6.049650e-01 0.000000e+00
7.587700e-01 -6.132170e-01 0.000000e+00
7.690420e-01 -6.214690e-01 0.000000e+00
7.445290e-01 -5.920410e-01 0.000000e+00
7.548010e-01 -6.002930e-01 0.000000e+00
7.650730e-01 -6.085450e-01 0.000000e+00
7.508320e-01 -5.873700e-01 0.000000e+00
7.611040e-01 -5.956220e-01 0.000000e+00
7.571350e-01 -5.826980e-01 0.000000e+00
8.032080e-01 -5.956990e-01 0.000000e+00
7.962320e-01 -5.855780e-01 0.000000e+00
7.892560e-01 -5.754570e-01 0.000000e+00
7.822810e-01 -5.653360e-01 0.000000e+00
7.753050e-01 -5.552140e-01 0.000000e+00
7.916890e-01 -5.924490e-01 0.000000e+00
7.847140e-01 -5.823280e-01 0.000000e+00
7.777380e-01 -5.722060e-01 0.000000e+00
7.707620e-01 -5.620850e-01 0.000000e+00
7.801710e-01 -5.891980e-01 0.000000e+00
7.731960e-01 -5.790770e-01 0.000000e+00
7.662200e-01 -5.689560e-01 0.000000e+00
7.686530e-01 -5.859480e-01 0.000000e+00
7.616780e-01 -5.758270e-01 0.000000e+00
7.571350e-01 -5.826980e-01 0.000000e+00
7.753050e-01 -5.552140e-01 0.000000e+00
7.822810e-01 -5.653360e-01 0.000000e+00
7.892560e-01 -5.754570e-01 0.000000e+00
7.962320e-01 -5.855780e-01 0.000000e+00
8.032080e-01 -5.956990e-01 0.000000e+00
7.893460e-01 -5.553030e-01 0.000000e+00
7.963830e-01 -5.654680e-01 0.000000e+00
8.034200e-01 -5.756330e-01 0.000000e+00
8.104570e-01 -5.857980e-01 0.000000e+00
8.033870e-01 -5.553920e-01 0.000000e+00
8.104860e-01 -5.656000e-01 0.000000e+00
8.175850e-01 -5.758080e-01 0.000000e+00
8.174280e-01 -5.554810e-01 0.000000e+00
8.245890e-01 -5.657320e-01 0.000000e+00
8.314700e-01 -5.555700e-01 0.000000e+00
7.753050e-01 -5.552140e-01 0.000000e+00
7.893460e-01 -5.553030e-01 0.000000e+00
8.033870e-01 -5.553920e-01 0.000000e+00
8.174280e-01 -5.554810e-01 0.000000e+00
8.314700e-01 -5.555700e-01 0.000000e+00
7.790090e-01 -5.480600e-01 0.000000e+00
7.930500e-01 -5.481490e-01 0.000000e+00
8.070910e-01 -5.482380e-01 0.000000e+00
8.211320e-01 -5.483270e-01 0.000000e+00
7.827120e-01 -5.409060e-01 0.000000e+00
7.967540e-01 -5.409950e-01 0.000000e+00
8.107950e-01 -5.410840e-01 0.000000e+00
7.864160e-01 -5.337520e-01 0.000000e+00
8.004570e-01 -5.338410e-01 0.000000e+00
7.901200e-01 -5.265980e-01 0.000000e+00
8.314700e-01 -5.555700e-01 0.000000e+00
8.382250e-01 -5.453250e-01 0.000000e+00
8.448540e-01 -5.349980e-01 0.000000e+00
8.513550e-01 -5.245900e-01 0.000000e+00
8.577290e-01 -5.141030e-01 0.000000e+00
8.255580e-01 -5.406570e-01 0.000000e+00
8.322500e-01 -5.303710e-01 0.000000e+00
8.388150e-01 -5.200040e-01 0.000000e+00
8.452520e-01 -5.095570e-01 0.000000e+00
8.196470e-01 -5.257440e-01 0.000000e+00
8.262750e-01 -5.154170e-01 0.000000e+00
8.327760e-01 -5.050100e-01 0.000000e+00
8.137350e-01 -5.108310e-01 0.000000e+00
8.203000e-01 -5.004640e-01 0.000000e+00
8.078240e-01 -4.959180e-01 0.000000e+00
9.346740e-01 -1.309290e-01 0.000000e+00
9.482990e-01 -1.348790e-01 0.000000e+00
9.619250e-01 -1.388300e-01 0.000000e+00
9.755510e-01 -1.427800e-01 0.000000e+00
9.891770e-01 -1.467300e-01 0.000000e+00
9.386600e-01 -1.241570e-01 0.000000e+00
9.522860e-01 -1.281070e-01 0.000000e+00
9.659110e-01 -1.320580e-01 0.000000e+00
9.795370e-01 -1.360080e-01 0.000000e+00
9.426460e-01 -1.173850e-01 0.000000e+00
9.562720e-01 -1.213360e-01 0.000000e+00
9.698980e-01 -1.252860e-01 0.000000e+00
9.466320e-01 -1.106130e-01 0.000000e+00
9.602580e-01 -1.145640e-01 0.000000e+00
9.506190e-01 -1.038420e-01 0.000000e+00
8.819210e-01 4.713970e-01 0.000000e+00
8.677280e-01 4.685690e-01 0.000000e+00
8.535350e-01 4.657410e-01 0.000000e+00
8.393430e-01 4.629140e-01 0.000000e+00
8.251500e-01 4.600860e-01 0.000000e+00
8.737400e-01 4.636880e-01 0.000000e+00
8.595470e-01 4.608600e-01 0.000000e+00
8.453540e-01 4.580330e-01 0.000000e+00
8.311610e-01 4.552050e-01 0.000000e+00
8.655580e-01 4.559790e-01 0.000000e+00
8.513650e-01 4.531510e-01 0.000000e+00
8.371720e-01 4.503240e-01 0.000000e+00
8.573770e-01 4.482700e-01 0.000000e+00
8.431840e-01 4.454420e-01 0.000000e+00
8.491950e-01 4.405610e-01 0.000000e+00
9.891770e-01 1.467300e-01 0.000000e+00
9.794790e-01 1.510930e-01 0.000000e+00
9.697810e-01 1.554550e-01 0.000000e+00
9.600840e-01 1.598170e-01 0.000000e+00
9.503860e-01 1.641800e-01 0.000000e+00
9.722990e-01 1.440850e-01 0.000000e+00
9.626010e-01 1.484480e-01 0.000000e+00
9.529040e-01 1.528100e-01 0.000000e+00
9.432060e-01 1.571720e-01 0.000000e+00
9.554210e-01 1.414400e-01 0.000000e+00
9.457230e-01 1.458020e-01 0.000000e+00
9.360260e-01 1.501650e-01 0.000000e+00
9.385430e-01 1.387950e-01 0.000000e+00
9.288450e-01 1.431570e-01 0.000000e+00
9.216650e-01 1.361500e-01 0.000000e+00
9.039890e-01 4.275550e-01 0.000000e+00
8.986740e-01 4.386160e-01 0.000000e+00
8.932240e-01 4.496110e-01 0.000000e+00
8.876400e-01 4.605390e-01 0.000000e+00
8.819210e-01 4.713970e-01 0.000000e+00
8.948250e-01 4.247560e-01 0.000000e+00
8.894420e-01 4.357840e-01 0.000000e+00
8.839250e-01 4.467450e-01 0.000000e+00
8.782740e-01 4.576370e-01 0.000000e+00
8.856600e-01 4.219560e-01 0.000000e+00
8.802110e-01 4.329510e-01 0.000000e+00
8.746260e-01 4.438770e-01 0.000000e+00
8.764960e-01 4.191570e-01 0.000000e+00
8.709790e-01 4.301180e-01 0.000000e+00
8.673310e-01 4.163580e-01 0.000000e+00
8.166280e-01 4.890090e-01 0.000000e+00
8.269030e-01 4.952820e-01 0.000000e+00
8.371780e-01 5.015560e-01 0.000000e+00
8.474530e-01 5.078290e-01 0.000000e+00
8.577290e-01 5.141030e-01 0.000000e+00
8.110720e-01 4.941040e-01 0.000000e+00
8.213470e-01 5.003770e-01 0.000000e+00
8.316220e-01 5.066510e-01 0.000000e+00
8.418980e-01 5.129240e-01 0.000000e+00
8.055160e-01 4.991980e-01 0.000000e+00
8.157920e-01 5.054720e-01 0.000000e+00
8.260670e-01 5.117450e-01 0.000000e+00
7.999610e-01 5.042930e-01 0.000000e+00
8.102360e-01 5.105660e-01 0.000000e+00
7.944050e-01 5.093880e-01 0.000000e+00
2.902850e-01 -9.569400e-01 0.000000e+00
2.945600e-01 -9.477870e-01 0.000000e+00
2.988350e-01 -9.386340e-01 0.000000e+00
3.031100e-01 -9.294810e-01 0.000000e+00
3.073850e-01 -9.203270e-01 0.000000e+00
2.866410e-01 -9.457640e-01 0.000000e+00
2.909160e-01 -9.366110e-01 0.000000e+00
2.951910e-01 -9.274570e-01 0.000000e+00
2.994660e-01 -9.183040e-01 0.000000e+00
2.829980e-01 -9.345870e-01 0.000000e+00
2.872730e-01 -9.254340e-01 0.000000e+00
2.915480e-01 -9.162810e-01 0.000000e+00
2.793550e-01 -9.234110e-01 0.000000e+00
2.836300e-01 -9.142580e-01 0.000000e+00
2.757120e-01 -9.122350e-01 0.000000e+00
3.413880e-01 -9.019620e-01 0.000000e+00
3.328870e-01 -9.065540e-01 0.000000e+00
3.243860e-01 -9.111450e-01 0.000000e+00
3.158860e-01 -9.157360e-01 0.000000e+00
3.073850e-01 -9.203270e-01 0.000000e+00
3.402630e-01 -9.118580e-01 0.000000e+00
3.317630e-01 -9.164490e-01 0.000000e+00
3.232620e-01 -9.210400e-01 0.000000e+00
3.147610e-01 -9.256320e-01 0.000000e+00
3.391390e-01 -9.217530e-01 0.000000e+00
3.306380e-01 -9.263440e-01 0.000000e+00
3.221370e-01 -9.309360e-01 0.000000e+00
3.380140e-01 -9.316490e-01 0.000000e+00
3.295140e-01 -9.362400e-01 0.000000e+00
3.368900e-01 -9.415440e-01 0.000000e+00
3.368900e-01 -9.415440e-01 0.000000e+00
3.484190e-01 -9.373390e-01 0.000000e+00
3.598950e-01 -9.329930e-01 0.000000e+00
3.713170e-01 -9.285060e-01 0.000000e+00
3.826830e-01 -9.238800e-01 0.000000e+00
3.380140e-01 -9.316490e-01 0.000000e+00
3.495170e-01 -9.273730e-01 0.000000e+00
3.609660e-01 -9.229570e-01 0.000000e+00
3.723600e-01 -9.184000e-01 0.000000e+00
3.391390e-01 -9.217530e-01 0.000000e+00
3.506140e-01 -9.174070e-01 0.000000e+00
3.620360e-01 -9.129210e-01 0.000000e+00
3.402630e-01 -9.118580e-01 0.000000e+00
3.517120e-01 -9.074420e-01 0.000000e+00
3.413880e-01 -9.019620e-01 0.000000e+00
2.429800e-01 -9.700310e-01 0.000000e+00
2.346560e-01 -9.598130e-01 0.000000e+00
2.263330e-01 -9.495950e-01 0.000000e+00
2.180090e-01 -9.393760e-01 0.000000e+00
2.096850e-01 -9.291580e-01 0.000000e+00
2.310580e-01 -9.729400e-01 0.000000e+00
2.227170e-01 -9.626480e-01 0.000000e+00
2.143770e-01 -9.523570e-01 0.000000e+00
2.060360e-01 -9.420650e-01 0.000000e+00
2.191010e-01 -9.757020e-01 0.000000e+00
2.107440e-01 -9.653370e-01 0.000000e+00
2.023880e-01 -9.549720e-01 0.000000e+00
2.071110e-01 -9.783170e-01 0.000000e+00
1.987390e-01 -9.678780e-01 0.000000e+00
1.950900e-01 -9.807850e-01 0.000000e+00
3.926790e-01 -8.949450e-01 0.000000e+00
3.901800e-01 -9.021790e-01 0.000000e+00
3.876810e-01 -9.094120e-01 0.000000e+00
3.851820e-01 -9.166460e-01 0.000000e+00
3.826830e-01 -9.238800e-01 0.000000e+00
4.013980e-01 -8.972060e-01 0.000000e+00
3.989300e-01 -9.045090e-01 0.000000e+00
3.964610e-01 -9.118110e-01 0.000000e+00
3.939920e-01 -9.191140e-01 0.000000e+00
4.101170e-01 -8.994670e-01 0.000000e+00
4.076800e-01 -9.068380e-01 0.000000e+00
4.052410e-01 -9.142100e-01 0.000000e+00
4.188360e-01 -9.017280e-01 0.000000e+00
4.164300e-01 -9.091680e-01 0.000000e+00
4.275550e-01 -9.039890e-01 0.000000e+00
4.275550e-01 -9.039890e-01 0.000000e+00
4.208840e-01 -8.916810e-01 0.000000e+00
4.142120e-01 -8.793730e-01 0.000000e+00
4.075410e-01 -8.670650e-01 0.000000e+00
4.008700e-01 -8.547570e-01 0.000000e+00
4.188360e-01 -9.017280e-01 0.000000e+00
4.121650e-01 -8.894200e-01 0.000000e+00
4.054930e-01 -8.771120e-01 0.000000e+00
3.988220e-01 -8.648040e-01 0.000000e+00
4.101170e-01 -8.994670e-01 0.000000e+00
4.034460e-01 -8.871590e-01 0.000000e+00
3.967740e-01 -8.748510e-01 0.000000e+00
4.013980e-01 -8.972060e-01 0.000000e+00
3.947270e-01 -8.848980e-01 0.000000e+00
3.926790e-01 -8.949450e-01 0.000000e+00
2.400790e-01 -9.070830e-01 0.000000e+00
2.408050e-01 -9.228200e-01 0.000000e+00
2.415300e-01 -9.385570e-01 0.000000e+00
2.422550e-01 -9.542940e-01 0.000000e+00
2.429800e-01 -9.700310e-01 0.000000e+00
2.489870e-01 -9.083710e-01 0.000000e+00
2.497130e-01 -9.241080e-01 0.000000e+00
2.504380e-01 -9.398450e-01 0.000000e+00
2.511630e-01 -9.555820e-01 0.000000e+00
2.578960e-01 -9.096590e-01 0.000000e+00
2.586210e-01 -9.253960e-01 0.000000e+00
2.593460e-01 -9.411330e-01 0.000000e+00
2.668040e-01 -9.109470e-01 0.000000e+00
2.675290e-01 -9.266840e-01 0.000000e+00
2.757120e-01 -9.122350e-01 0.000000e+00
8.673310e-01 4.163580e-01 0.000000e+00
8.709790e-01 4.301180e-01 0.000000e+00
8.746260e-01 4.438770e-01 0.000000e+00
8.782740e-01 4.576370e-01 0.000000e+00
8.819210e-01 4.713970e-01 0.000000e+00
8.627970e-01 4.224090e-01 0.000000e+00
8.664450e-01 4.361680e-01 0.000000e+00
8.700920e-01 4.499280e-01 0.000000e+00
8.737400e-01 4.636880e-01 0.000000e+00
8.582630e-01 4.284600e-01 0.000000e+00
8.619110e-01 4.422190e-01 0.000000e+00
8.655580e-01 4.559790e-01 0.000000e+00
8.537290e-01 4.345100e-01 0.000000e+00
8.573770e-01 4.482700e-01 0.000000e+00
8.491950e-01 4.405610e-01 0.000000e+00
8.426300e-01 -4.295010e-01 0.000000e+00
8.418970e-01 -4.403960e-01 0.000000e+00
8.411630e-01 -4.512910e-01 0.000000e+00
8.404300e-01 -4.621850e-01 0.000000e+00
8.396960e-01 -4.730800e-01 0.000000e+00
8.524530e-01 -4.399750e-01 0.000000e+00
8.517200e-01 -4.508700e-01 0.000000e+00
8.509860e-01 -4.617640e-01 0.000000e+00
8.502530e-01 -4.726590e-01 0.000000e+00
8.622760e-01 -4.504490e-01 0.000000e+00
8.615420e-01 -4.613440e-01 0.000000e+00
8.608090e-01 -4.722380e-01 0.000000e+00
8.720990e-01 -4.609230e-01 0.000000e+00
8.713650e-01 -4.718170e-01 0.000000e+00
8.819210e-01 -4.713970e-01 0.000000e+00
7.901200e-01 -5.265980e-01 0.000000e+00
8.004570e-01 -5.338410e-01 0.000000e+00
8.107950e-01 -5.410840e-01 0.000000e+00
8.211320e-01 -5.483270e-01 0.000000e+00
8.314700e-01 -5.555700e-01 0.000000e+00
7.945460e-01 -5.189280e-01 0.000000e+00
8.048830e-01 -5.261710e-01 0.000000e+00
8.152210e-01 -5.334140e-01 0.000000e+00
8.255580e-01 -5.406570e-01 0.000000e+00
7.989720e-01 -5.112580e-01 0.000000e+00
8.093090e-01 -5.185010e-01 0.000000e+00
8.196470e-01 -5.257440e-01 0.000000e+00
8.033980e-01 -5.035880e-01 0.000000e+00
8.137350e-01 -5.108310e-01 0.000000e+00
8.078240e-01 -4.959180e-01 0.000000e+00
8.577290e-01 -5.141030e-01 0.000000e+00
8.639730e-01 -5.035380e-01 0.000000e+00
8.700870e-01 -4.928980e-01 0.000000e+00
8.760700e-01 -4.821840e-01 0.000000e+00
8.819210e-01 -4.713970e-01 0.000000e+00
8.532210e-01 -5.038470e-01 0.000000e+00
8.594000e-01 -4.932450e-01 0.000000e+00
8.654480e-01 -4.825680e-01 0.000000e+00
8.713650e-01 -4.718170e-01 0.000000e+00
8.487120e-01 -4.935910e-01 0.000000e+00
8.548260e-01 -4.829520e-01 0.000000e+00
8.608090e-01 -4.722380e-01 0.000000e+00
8.442040e-01 -4.833350e-01 0.000000e+00
8.502530e-01 -4.726590e-01 0.000000e+00
8.396960e-01 -4.730800e-01 0.000000e+00
8.577290e-01 -5.141030e-01 0.000000e+00
8.532210e-01 -5.038470e-01 0.000000e+00
8.487120e-01 -4.935910e-01 0.000000e+00
8.442040e-01 -4.833350e-01 0.000000e+00
8.396960e-01 -4.730800e-01 0.000000e+00
8.452520e-01 -5.095570e-01 0.000000e+00
8.407440e-01 -4.993010e-01 0.000000e+00
8.362360e-01 -4.890450e-01 0.000000e+00
8.317280e-01 -4.787890e-01 0.000000e+00
8.327760e-01 -5.050100e-01 0.000000e+00
8.282680e-01 -4.947550e-01 0.000000e+00
8.237600e-01 -4.844990e-01 0.000000e+00
8.203000e-01 -5.004640e-01 0.000000e+00
8.157920e-01 -4.902080e-01 0.000000e+00
8.078240e-01 -4.959180e-01 0.000000e+00
9.039890e-01 -4.275550e-01 0.000000e+00
9.091680e-01 -4.164300e-01 0.000000e+00
9.142100e-01 -4.052410e-01 0.000000e+00
9.191140e-01 -3.939920e-01 0.000000e+00
9.238800e-01 -3.826830e-01 0.000000e+00
9.004210e-01 -4.159970e-01 0.000000e+00
9.055310e-01 -4.048400e-01 0.000000e+00
9.105040e-01 -3.936220e-01 0.000000e+00
9.153390e-01 -3.823430e-01 0.000000e+00
8.968530e-01 -4.044380e-01 0.000000e+00
9.018940e-01 -3.932510e-01 0.000000e+00
9.067980e-01 -3.820030e-01 0.000000e+00
8.932850e-01 -3.928800e-01 0.000000e+00
8.982570e-01 -3.816620e-01 0.000000e+00
8.897170e-01 -3.813220e-01 0.000000e+00
9.584700e-01 7.324370e-02 0.000000e+00
9.685520e-01 6.719970e-02 0.000000e+00
9.786330e-01 6.115570e-02 0.000000e+00
9.887140e-01 5.511170e-02 0.000000e+00
9.987950e-01 4.906770e-02 0.000000e+00
9.676490e-01 7.943710e-02 0.000000e+00
9.778050e-01 7.339860e-02 0.000000e+00
9.879620e-01 6.735980e-02 0.000000e+00
9.981180e-01 6.132070e-02 0.000000e+00
9.768280e-01 8.563040e-02 0.000000e+00
9.870590e-01 7.959780e-02 0.000000e+00
9.972900e-01 7.356460e-02 0.000000e+00
9.860060e-01 9.182380e-02 0.000000e+00
9.963130e-01 8.579730e-02 0.000000e+00
9.951850e-01 9.801710e-02 0.000000e+00
9.503860e-01 1.641800e-01 0.000000e+00
9.579860e-01 1.719070e-01 0.000000e+00
9.655860e-01 1.796350e-01 0.000000e+00
9.731860e-01 1.873630e-01 0.000000e+00
9.807850e-01 1.950900e-01 0.000000e+00
9.457820e-01 1.723540e-01 0.000000e+00
9.533820e-01 1.800810e-01 0.000000e+00
9.609820e-01 1.878090e-01 0.000000e+00
9.685810e-01 1.955370e-01 0.000000e+00
9.411780e-01 1.805280e-01 0.000000e+00
9.487780e-01 1.882550e-01 0.000000e+00
9.563770e-01 1.959830e-01 0.000000e+00
9.365740e-01 1.887020e-01 0.000000e+00
9.441730e-01 1.964300e-01 0.000000e+00
9.319690e-01 1.968760e-01 0.000000e+00
9.154250e-01 2.685080e-01 0.000000e+00
9.258040e-01 2.739520e-01 0.000000e+00
9.361830e-01 2.793960e-01 0.000000e+00
9.465620e-01 2.848410e-01 0.000000e+00
9.569400e-01 2.902850e-01 0.000000e+00
9.137930e-01 2.769440e-01 0.000000e+00
9.241720e-01 2.823880e-01 0.000000e+00
9.345500e-01 2.878320e-01 0.000000e+00
9.449290e-01 2.932760e-01 0.000000e+00
9.121610e-01 2.853790e-01 0.000000e+00
9.225390e-01 2.908230e-01 0.000000e+00
9.329180e-01 2.962670e-01 0.000000e+00
9.105280e-01 2.938140e-01 0.000000e+00
9.209070e-01 2.992580e-01 0.000000e+00
9.088960e-01 3.022500e-01 0.000000e+00
8.819210e-01 -4.713970e-01 0.000000e+00
8.876400e-01 -4.605390e-01 0.000000e+00
8.932240e-01 -4.496110e-01 0.000000e+00
8.986740e-01 -4.386160e-01 0.000000e+00
9.039890e-01 -4.275550e-01 0.000000e+00
8.785370e-01 -4.572810e-01 0.000000e+00
8.841880e-01 -4.463890e-01 0.000000e+00
8.897060e-01 -4.354280e-01 0.000000e+00
8.950880e-01 -4.244000e-01 0.000000e+00
8.751530e-01 -4.431650e-01 0.000000e+00
8.807370e-01 -4.322390e-01 0.000000e+00
8.861870e-01 -4.212440e-01 0.000000e+00
8.717680e-01 -4.290490e-01 0.000000e+00
8.772850e-01 -4.180890e-01 0.000000e+00
8.683840e-01 -4.149340e-01 0.000000e+00
9.017900e-01 -3.489070e-01 0.000000e+00
9.073120e-01 -3.573510e-01 0.000000e+00
9.128350e-01 -3.657950e-01 0.000000e+00
9.183570e-01 -3.742390e-01 0.000000e+00
9.238800e-01 -3.826830e-01 0.000000e+00
9.117290e-01 -3.459030e-01 0.000000e+00
9.173210e-01 -3.543740e-01 0.000000e+00
9.229140e-01 -3.628450e-01 0.000000e+00
9.285060e-01 -3.713170e-01 0.000000e+00
9.216670e-01 -3.428980e-01 0.000000e+00
9.273300e-01 -3.513960e-01 0.000000e+00
9.329930e-01 -3.598950e-01 0.000000e+00
9.316060e-01 -3.398940e-01 0.000000e+00
9.373390e-01 -3.484190e-01 0.000000e+00
9.415440e-01 -3.368900e-01 0.000000e+00
9.238800e-01 -3.826830e-01 0.000000e+00
9.183570e-01 -3.742390e-01 0.000000e+00
9.128350e-01 -3.657950e-01 0.000000e+00
9.073120e-01 -3.573510e-01 0.000000e+00
9.017900e-01 -3.489070e-01 0.000000e+00
9.153390e-01 -3.823430e-01 0.000000e+00
9.098160e-01 -3.738990e-01 0.000000e+00
9.042940e-01 -3.654550e-01 0.000000e+00
8.987720e-01 -3.570110e-01 0.000000e+00
9.067980e-01 -3.820030e-01 0.000000e+00
9.012760e-01 -3.735590e-01 0.000000e+00
8.957530e-01 -3.651140e-01 0.000000e+00
8.982570e-01 -3.816620e-01 0.000000e+00
8.927350e-01 -3.732180e-01 0.000000e+00
8.897170e-01 -3.813220e-01 0.000000e+00
9.569400e-01 -2.902850e-01 0.000000e+00
9.415370e-01 -2.814380e-01 0.000000e+00
9.261330e-01 -2.725920e-01 0.000000e+00
9.107290e-01 -2.637460e-01 0.000000e+00
8.953260e-01 -2.549000e-01 0.000000e+00
9.417200e-01 -2.892400e-01 0.000000e+00
9.263170e-01 -2.803940e-01 0.000000e+00
9.109130e-01 -2.715470e-01 0.000000e+00
8.955090e-01 -2.627010e-01 0.000000e+00
9.265000e-01 -2.881950e-01 0.000000e+00
9.110960e-01 -2.793490e-01 0.000000e+00
8.956930e-01 -2.705020e-01 0.000000e+00
9.112800e-01 -2.871500e-01 0.000000e+00
8.958760e-01 -2.783040e-01 0.000000e+00
8.960600e-01 -2.861050e-01 0.000000e+00
9.039890e-01 -4.275550e-01 0.000000e+00
9.004210e-01 -4.159970e-01 0.000000e+00
8.968530e-01 -4.044380e-01 0.000000e+00
8.932850e-01 -3.928800e-01 0.000000e+00
8.897170e-01 -3.813220e-01 0.000000e+00
8.950880e-01 -4.244000e-01 0.000000e+00
8.915200e-01 -4.128410e-01 0.000000e+00
8.879520e-01 -4.012830e-01 0.000000e+00
8.843830e-01 -3.897250e-01 0.000000e+00
8.861870e-01 -4.212440e-01 0.000000e+00
8.826180e-01 -4.096860e-01 0.000000e+00
8.790500e-01 -3.981280e-01 0.000000e+00
8.772850e-01 -4.180890e-01 0.000000e+00
8.737170e-01 -4.065310e-01 0.000000e+00
8.683840e-01 -4.149340e-01 0.000000e+00
8.426300e-01 -4.295010e-01 0.000000e+00
8.524530e-01 -4.399750e-01 0.000000e+00
8.622760e-01 -4.504490e-01 0.000000e+00
8.720990e-01 -4.609230e-01 0.000000e+00
8.819210e-01 -4.713970e-01 0.000000e+00
8.490690e-01 -4.258590e-01 0.000000e+00
8.588910e-01 -4.363330e-01 0.000000e+00
8.687140e-01 -4.468070e-01 0.000000e+00
8.785370e-01 -4.572810e-01 0.000000e+00
8.555070e-01 -4.222180e-01 0.000000e+00
8.653300e-01 -4.326910e-01 0.000000e+00
8.751530e-01 -4.431650e-01 0.000000e+00
8.619450e-01 -4.185760e-01 0.000000e+00
8.717680e-01 -4.290490e-01 0.000000e+00
8.683840e-01 -4.149340e-01 0.000000e+00
9.591190e-01 7.096440e-03 0.000000e+00
9.574810e-01 -2.124290e-03 0.000000e+00
9.558430e-01 -1.134500e-02 0.000000e+00
9.542050e-01 -2.056580e-02 0.000000e+00
9.525670e-01 -2.978650e-02 0.000000e+00
9.693390e-01 5.322330e-03 0.000000e+00
9.677010e-01 -3.898400e-03 0.000000e+00
9.660630e-01 -1.311910e-02 0.000000e+00
9.644260e-01 -2.233990e-02 0.000000e+00
9.795590e-01 3.548220e-03 0.000000e+00
9.779220e-01 -5.672510e-03 0.000000e+00
9.762840e-01 -1.489320e-02 0.000000e+00
9.897800e-01 1.774110e-03 0.000000e+00
9.881420e-01 -7.446620e-03 0.000000e+00
1.000000e+00 -2.449290e-16 0.000000e+00
9.509020e-01 -6.720970e-02 0.000000e+00
9.619730e-01 -7.491160e-02 0.000000e+00
9.730430e-01 -8.261340e-02 0.000000e+00
9.841140e-01 -9.031530e-02 0.000000e+00
9.951850e-01 -9.801710e-02 0.000000e+00
9.628750e-01 -6.267420e-02 0.000000e+00
9.740210e-01 -7.038160e-02 0.000000e+00
9.851670e-01 -7.808930e-02 0.000000e+00
9.963130e-01 -8.579730e-02 0.000000e+00
9.748490e-01 -5.813870e-02 0.000000e+00
9.860700e-01 -6.585130e-02 0.000000e+00
9.972900e-01 -7.356460e-02 0.000000e+00
9.868220e-01 -5.360320e-02 0.000000e+00
9.981180e-01 -6.132070e-02 0.000000e+00
9.987950e-01 -4.906770e-02 0.000000e+00
9.987950e-01 -4.906770e-02 0.000000e+00
9.993220e-01 -3.680720e-02 0.000000e+00
9.996990e-01 -2.454120e-02 0.000000e+00
9.999250e-01 -1.227150e-02 0.000000e+00
1.000000e+00 -2.463310e-16 0.000000e+00
9.872380e-01 -4.424740e-02 0.000000e+00
9.876900e-01 -3.198450e-02 0.000000e+00
9.879910e-01 -1.971690e-02 0.000000e+00
9.881420e-01 -7.446620e-03 0.000000e+00
9.756810e-01 -3.942710e-02 0.000000e+00
9.760580e-01 -2.716200e-02 0.000000e+00
9.762840e-01 -1.489320e-02 0.000000e+00
9.641240e-01 -3.460680e-02 0.000000e+00
9.644260e-01 -2.233990e-02 0.000000e+00
9.525670e-01 -2.978650e-02 0.000000e+00
9.411310e-01 4.662520e-02 0.000000e+00
9.555470e-01 4.723580e-02 0.000000e+00
9.699630e-01 4.784640e-02 0.000000e+00
9.843790e-01 4.845700e-02 0.000000e+00
9.987950e-01 4.906770e-02 0.000000e+00
9.454660e-01 5.327980e-02 0.000000e+00
9.598820e-01 5.389040e-02 0.000000e+00
9.742980e-01 5.450110e-02 0.000000e+00
9.887140e-01 5.511170e-02 0.000000e+00
9.498010e-01 5.993440e-02 0.000000e+00
9.642170e-01 6.054510e-02 0.000000e+00
9.786330e-01 6.115570e-02 0.000000e+00
9.541350e-01 6.658910e-02 0.000000e+00
9.685520e-01 6.719970e-02 0.000000e+00
9.584700e-01 7.324370e-02 0.000000e+00
9.411310e-01 4.662520e-02 0.000000e+00
9.456280e-01 3.674300e-02 0.000000e+00
9.501250e-01 2.686080e-02 0.000000e+00
9.546220e-01 1.697860e-02 0.000000e+00
9.591190e-01 7.096440e-03 0.000000e+00
9.555470e-01 4.723580e-02 0.000000e+00
9.600440e-01 3.735360e-02 0.000000e+00
9.645410e-01 2.747140e-02 0.000000e+00
9.690380e-01 1.758930e-02 0.000000e+00
9.699630e-01 4.784640e-02 0.000000e+00
9.744600e-01 3.796420e-02 0.000000e+00
9.789570e-01 2.808210e-02 0.000000e+00
9.843790e-01 4.845700e-02 0.000000e+00
9.888760e-01 3.857490e-02 0.000000e+00
9.987950e-01 4.906770e-02 0.000000e+00
9.987950e-01 4.906770e-02 0.000000e+00
9.888760e-01 3.857490e-02 0.000000e+00
9.789570e-01 2.808210e-02 0.000000e+00
9.690380e-01 1.758930e-02 0.000000e+00
9.591190e-01 7.096440e-03 0.000000e+00
9.993220e-01 3.680720e-02 0.000000e+00
9.893280e-01 2.631200e-02 0.000000e+00
9.793340e-01 1.581700e-02 0.000000e+00
9.693390e-01 5.322330e-03 0.000000e+00
9.996990e-01 2.454120e-02 0.000000e+00
9.896290e-01 1.404440e-02 0.000000e+00
9.795590e-01 3.548220e-03 0.000000e+00
9.999250e-01 1.227150e-02 0.000000e+00
9.897800e-01 1.774110e-03 0.000000e+00
1.000000e+00 -2.445960e-16 0.000000e+00
9.592090e-01 1.162060e-01 0.000000e+00
9.590250e-01 1.054660e-01 0.000000e+00
9.588400e-01 9.472510e-02 0.000000e+00
9.586550e-01 8.398440e-02 0.000000e+00
9.584700e-01 7.324370e-02 0.000000e+00
9.682030e-01 1.116590e-01 0.000000e+00
9.680180e-01 1.009180e-01 0.000000e+00
9.678340e-01 9.017780e-02 0.000000e+00
9.676490e-01 7.943710e-02 0.000000e+00
9.771970e-01 1.071120e-01 0.000000e+00
9.770120e-01 9.637110e-02 0.000000e+00
9.768280e-01 8.563040e-02 0.000000e+00
9.861910e-01 1.025640e-01 0.000000e+00
9.860060e-01 9.182380e-02 0.000000e+00
9.951850e-01 9.801710e-02 0.000000e+00
9.509020e-01 -6.720970e-02 0.000000e+00
9.628750e-01 -6.267420e-02 0.000000e+00
9.748490e-01 -5.813870e-02 0.000000e+00
9.868220e-01 -5.360320e-02 0.000000e+00
9.987950e-01 -4.906770e-02 0.000000e+00
9.513180e-01 -5.785390e-02 0.000000e+00
9.632920e-01 -5.331840e-02 0.000000e+00
9.752650e-01 -4.878290e-02 0.000000e+00
9.872380e-01 -4.424740e-02 0.000000e+00
9.517350e-01 -4.849810e-02 0.000000e+00
9.637080e-01 -4.396260e-02 0.000000e+00
9.756810e-01 -3.942710e-02 0.000000e+00
9.521510e-01 -3.914230e-02 0.000000e+00
9.641240e-01 -3.460680e-02 0.000000e+00
9.525670e-01 -2.978650e-02 0.000000e+00
9.225380e-01 2.258570e-01 0.000000e+00
9.248960e-01 2.186120e-01 0.000000e+00
9.272540e-01 2.113660e-01 0.000000e+00
9.296120e-01 2.041210e-01 0.000000e+00
9.319690e-01 1.968760e-01 0.000000e+00
9.344110e-01 2.301380e-01 0.000000e+00
9.367690e-01 2.228920e-01 0.000000e+00
9.391270e-01 2.156470e-01 0.000000e+00
9.414850e-01 2.084020e-01 0.000000e+00
9.462850e-01 2.344190e-01 0.000000e+00
9.486420e-01 2.271730e-01 0.000000e+00
9.510000e-01 2.199280e-01 0.000000e+00
9.581580e-01 2.386990e-01 0.000000e+00
9.605160e-01 2.314540e-01 0.000000e+00
9.700310e-01 2.429800e-01 0.000000e+00
9.154250e-01 2.685080e-01 0.000000e+00
9.290770e-01 2.621260e-01 0.000000e+00
9.427280e-01 2.557440e-01 0.000000e+00
9.563800e-01 2.493620e-01 0.000000e+00
9.700310e-01 2.429800e-01 0.000000e+00
9.258040e-01 2.739520e-01 0.000000e+00
9.395280e-01 2.675900e-01 0.000000e+00
9.532520e-01 2.612280e-01 0.000000e+00
9.669760e-01 2.548660e-01 0.000000e+00
9.361830e-01 2.793960e-01 0.000000e+00
9.499790e-01 2.730550e-01 0.000000e+00
9.637760e-01 2.667130e-01 0.000000e+00
9.465620e-01 2.848410e-01 0.000000e+00
9.604310e-01 2.785200e-01 0.000000e+00
9.569400e-01 2.902850e-01 0.000000e+00
8.752470e-01 3.854120e-01 0.000000e+00
8.824330e-01 3.959480e-01 0.000000e+00
8.896180e-01 4.064840e-01 0.000000e+00
8.968040e-01 4.170190e-01 0.000000e+00
9.039890e-01 4.275550e-01 0.000000e+00
8.732680e-01 3.931490e-01 0.000000e+00
8.804540e-01 4.036840e-01 0.000000e+00
8.876390e-01 4.142200e-01 0.000000e+00
8.948250e-01 4.247560e-01 0.000000e+00
8.712890e-01 4.008850e-01 0.000000e+00
8.784750e-01 4.114210e-01 0.000000e+00
8.856600e-01 4.219560e-01 0.000000e+00
8.693100e-01 4.086210e-01 0.000000e+00
8.764960e-01 4.191570e-01 0.000000e+00
8.673310e-01 4.163580e-01 0.000000e+00
9.088960e-01 3.022500e-01 0.000000e+00
9.209070e-01 2.992580e-01 0.000000e+00
9.329180e-01 2.962670e-01 0.000000e+00
9.449290e-01 2.932760e-01 0.000000e+00
9.569400e-01 2.902850e-01 0.000000e+00
9.170580e-01 3.109100e-01 0.000000e+00
9.291400e-01 3.079420e-01 0.000000e+00
9.412230e-01 3.049740e-01 0.000000e+00
9.533060e-01 3.020060e-01 0.000000e+00
9.252200e-01 3.195700e-01 0.000000e+00
9.373740e-01 3.166260e-01 0.000000e+00
9.495280e-01 3.136820e-01 0.000000e+00
9.333820e-01 3.282300e-01 0.000000e+00
9.456070e-01 3.253100e-01 0.000000e+00
9.415440e-01 3.368900e-01 0.000000e+00
9.238800e-01 3.826830e-01 0.000000e+00
9.114160e-01 3.753860e-01 0.000000e+00
8.989530e-01 3.680890e-01 0.000000e+00
8.864890e-01 3.607910e-01 0.000000e+00
8.740260e-01 3.534940e-01 0.000000e+00
9.182460e-01 3.711720e-01 0.000000e+00
9.057820e-01 3.638740e-01 0.000000e+00
8.933190e-01 3.565770e-01 0.000000e+00
8.808550e-01 3.492790e-01 0.000000e+00
9.126120e-01 3.596600e-01 0.000000e+00
9.001480e-01 3.523630e-01 0.000000e+00
8.876850e-01 3.450650e-01 0.000000e+00
9.069780e-01 3.481480e-01 0.000000e+00
8.945140e-01 3.408510e-01 0.000000e+00
9.013440e-01 3.366370e-01 0.000000e+00
9.415440e-01 3.368900e-01 0.000000e+00
9.314940e-01 3.368270e-01 0.000000e+00
9.214440e-01 3.367630e-01 0.000000e+00
9.113940e-01 3.367000e-01 0.000000e+00
9.013440e-01 3.366370e-01 0.000000e+00
9.333820e-01 3.282300e-01 0.000000e+00
9.233320e-01 3.281670e-01 0.000000e+00
9.132820e-01 3.281030e-01 0.000000e+00
9.032320e-01 3.280400e-01 0.000000e+00
9.252200e-01 3.195700e-01 0.000000e+00
9.151700e-01 3.195060e-01 0.000000e+00
9.051200e-01 3.194430e-01 0.000000e+00
9.170580e-01 3.109100e-01 0.000000e+00
9.070080e-01 3.108460e-01 0.000000e+00
9.088960e-01 3.022500e-01 0.000000e+00
9.700310e-01 2.429800e-01 0.000000e+00
9.563800e-01 2.493620e-01 0.000000e+00
9.427280e-01 2.557440e-01 0.000000e+00
9.290770e-01 2.621260e-01 0.000000e+00
9.154250e-01 2.685080e-01 0.000000e+00
9.581580e-01 2.386990e-01 0.000000e+00
9.445060e-01 2.450810e-01 0.000000e+00
9.308550e-01 2.514630e-01 0.000000e+00
9.172040e-01 2.578450e-01 0.000000e+00
9.462850e-01 2.344190e-01 0.000000e+00
9.326330e-01 2.408010e-01 0.000000e+00
9.189820e-01 2.471830e-01 0.000000e+00
9.344110e-01 2.301380e-01 0.000000e+00
9.207600e-01 2.365200e-01 0.000000e+00
9.225380e-01 2.258570e-01 0.000000e+00
9.415440e-01 3.368900e-01 0.000000e+00
9.373390e-01 3.484190e-01 0.000000e+00
9.329930e-01 3.598950e-01 0.000000e+00
9.285060e-01 3.713170e-01 0.000000e+00
9.238800e-01 3.826830e-01 0.000000e+00
9.314940e-01 3.368270e-01 0.000000e+00
9.272190e-01 3.483290e-01 0.000000e+00
9.228020e-01 3.597780e-01 0.000000e+00
9.182460e-01 3.711720e-01 0.000000e+00
9.214440e-01 3.367630e-01 0.000000e+00
9.170980e-01 3.482390e-01 0.000000e+00
9.126120e-01 3.596600e-01 0.000000e+00
9.113940e-01 3.367000e-01 0.000000e+00
9.069780e-01 3.481480e-01 0.000000e+00
9.013440e-01 3.366370e-01 0.000000e+00
8.752470e-01 3.854120e-01 0.000000e+00
8.749420e-01 3.774330e-01 0.000000e+00
8.746370e-01 3.694530e-01 0.000000e+00
8.743310e-01 3.614730e-01 0.000000e+00
8.740260e-01 3.534940e-01 0.000000e+00
8.874050e-01 3.847300e-01 0.000000e+00
8.871000e-01 3.767500e-01 0.000000e+00
8.867950e-01 3.687710e-01 0.000000e+00
8.864890e-01 3.607910e-01 0.000000e+00
8.995630e-01 3.840480e-01 0.000000e+00
8.992580e-01 3.760680e-01 0.000000e+00
8.989530e-01 3.680890e-01 0.000000e+00
9.117210e-01 3.833660e-01 0.000000e+00
9.114160e-01 3.753860e-01 0.000000e+00
9.238800e-01 3.826830e-01 0.000000e+00
9.238800e-01 3.826830e-01 0.000000e+00
9.191140e-01 3.939920e-01 0.000000e+00
9.142100e-01 4.052410e-01 0.000000e+00
9.091680e-01 4.164300e-01 0.000000e+00
9.039890e-01 4.275550e-01 0.000000e+00
9.117210e-01 3.833660e-01 0.000000e+00
9.068870e-01 3.946440e-01 0.000000e+00
9.019140e-01 4.058630e-01 0.000000e+00
8.968040e-01 4.170190e-01 0.000000e+00
8.995630e-01 3.840480e-01 0.000000e+00
8.946600e-01 3.952960e-01 0.000000e+00
8.896180e-01 4.064840e-01 0.000000e+00
8.874050e-01 3.847300e-01 0.000000e+00
8.824330e-01 3.959480e-01 0.000000e+00
8.752470e-01 3.854120e-01 0.000000e+00
9.415440e-01 -3.368900e-01 0.000000e+00
9.359370e-01 -3.294530e-01 0.000000e+00
9.303300e-01 -3.220170e-01 0.000000e+00
9.247240e-01 -3.145800e-01 0.000000e+00
9.191170e-01 -3.071440e-01 0.000000e+00
9.316060e-01 -3.398940e-01 0.000000e+00
9.259990e-01 -3.324580e-01 0.000000e+00
9.203920e-01 -3.250210e-01 0.000000e+00
9.147850e-01 -3.175850e-01 0.000000e+00
9.216670e-01 -3.428980e-01 0.000000e+00
9.160600e-01 -3.354620e-01 0.000000e+00
9.104530e-01 -3.280250e-01 0.000000e+00
9.117290e-01 -3.459030e-01 0.000000e+00
9.061220e-01 -3.384660e-01 0.000000e+00
9.017900e-01 -3.489070e-01 0.000000e+00
9.191170e-01 -3.071440e-01 0.000000e+00
9.247240e-01 -3.145800e-01 0.000000e+00
9.303300e-01 -3.220170e-01 0.000000e+00
9.359370e-01 -3.294530e-01 0.000000e+00
9.415440e-01 -3.368900e-01 0.000000e+00
9.285730e-01 -3.029290e-01 0.000000e+00
9.342510e-01 -3.103890e-01 0.000000e+00
9.399290e-01 -3.178500e-01 0.000000e+00
9.456070e-01 -3.253100e-01 0.000000e+00
9.380290e-01 -2.987140e-01 0.000000e+00
9.437780e-01 -3.061980e-01 0.000000e+00
9.495280e-01 -3.136820e-01 0.000000e+00
9.474840e-01 -2.944990e-01 0.000000e+00
9.533060e-01 -3.020060e-01 0.000000e+00
9.569400e-01 -2.902850e-01 0.000000e+00
9.807850e-01 -1.950900e-01 0.000000e+00
9.672430e-01 -1.980690e-01 0.000000e+00
9.537000e-01 -2.010480e-01 0.000000e+00
9.401570e-01 -2.040260e-01 0.000000e+00
9.266150e-01 -2.070050e-01 0.000000e+00
9.783170e-01 -2.071110e-01 0.000000e+00
9.647010e-01 -2.100740e-01 0.000000e+00
9.510850e-01 -2.130370e-01 0.000000e+00
9.374690e-01 -2.159990e-01 0.000000e+00
9.757020e-01 -2.191010e-01 0.000000e+00
9.620120e-01 -2.220470e-01 0.000000e+00
9.483230e-01 -2.249930e-01 0.000000e+00
9.729400e-01 -2.310580e-01 0.000000e+00
9.591770e-01 -2.339860e-01 0.000000e+00
9.700310e-01 -2.429800e-01 0.000000e+00
9.191170e-01 -3.071440e-01 0.000000e+00
9.285730e-01 -3.029290e-01 0.000000e+00
9.380290e-01 -2.987140e-01 0.000000e+00
9.474840e-01 -2.944990e-01 0.000000e+00
9.569400e-01 -2.902850e-01 0.000000e+00
9.133520e-01 -3.018840e-01 0.000000e+00
9.228080e-01 -2.976690e-01 0.000000e+00
9.322640e-01 -2.934550e-01 0.000000e+00
9.417200e-01 -2.892400e-01 0.000000e+00
9.075880e-01 -2.966240e-01 0.000000e+00
9.170440e-01 -2.924100e-01 0.000000e+00
9.265000e-01 -2.881950e-01 0.000000e+00
9.018240e-01 -2.913650e-01 0.000000e+00
9.112800e-01 -2.871500e-01 0.000000e+00
8.960600e-01 -2.861050e-01 0.000000e+00
9.807850e-01 -1.950900e-01 0.000000e+00
9.831050e-01 -1.830400e-01 0.000000e+00
9.852780e-01 -1.709620e-01 0.000000e+00
9.873010e-01 -1.588580e-01 0.000000e+00
9.891770e-01 -1.467300e-01 0.000000e+00
9.674840e-01 -1.885030e-01 0.000000e+00
9.697300e-01 -1.764390e-01 0.000000e+00
9.718280e-01 -1.643490e-01 0.000000e+00
9.737770e-01 -1.522330e-01 0.000000e+00
9.541820e-01 -1.819160e-01 0.000000e+00
9.563540e-01 -1.698390e-01 0.000000e+00
9.583780e-01 -1.577360e-01 0.000000e+00
9.408810e-01 -1.753290e-01 0.000000e+00
9.429780e-01 -1.632390e-01 0.000000e+00
9.275790e-01 -1.687420e-01 0.000000e+00
9.346740e-01 -1.309290e-01 0.000000e+00
9.329000e-01 -1.403820e-01 0.000000e+00
9.311260e-01 -1.498350e-01 0.000000e+00
9.293530e-01 -1.592890e-01 0.000000e+00
9.275790e-01 -1.687420e-01 0.000000e+00
9.482990e-01 -1.348790e-01 0.000000e+00
9.465260e-01 -1.443320e-01 0.000000e+00
9.447520e-01 -1.537860e-01 0.000000e+00
9.429780e-01 -1.632390e-01 0.000000e+00
9.619250e-01 -1.388300e-01 0.000000e+00
9.601510e-01 -1.482830e-01 0.000000e+00
9.583780e-01 -1.577360e-01 0.000000e+00
9.755510e-01 -1.427800e-01 0.000000e+00
9.737770e-01 -1.522330e-01 0.000000e+00
9.891770e-01 -1.467300e-01 0.000000e+00
9.951850e-01 -9.801710e-02 0.000000e+00
9.840430e-01 -9.947330e-02 0.000000e+00
9.729020e-01 -1.009290e-01 0.000000e+00
9.617600e-01 -1.023860e-01 0.000000e+00
9.506190e-01 -1.038420e-01 0.000000e+00
9.939070e-01 -1.102220e-01 0.000000e+00
9.826910e-01 -1.116700e-01 0.000000e+00
9.714740e-01 -1.131170e-01 0.000000e+00
9.602580e-01 -1.145640e-01 0.000000e+00
9.924800e-01 -1.224110e-01 0.000000e+00
9.811890e-01 -1.238490e-01 0.000000e+00
9.698980e-01 -1.252860e-01 0.000000e+00
9.909030e-01 -1.345810e-01 0.000000e+00
9.795370e-01 -1.360080e-01 0.000000e+00
9.891770e-01 -1.467300e-01 0.000000e+00
9.951850e-01 -9.801710e-02 0.000000e+00
9.841140e-01 -9.031530e-02 0.000000e+00
9.730430e-01 -8.261340e-02 0.000000e+00
9.619730e-01 -7.491160e-02 0.000000e+00
9.509020e-01 -6.720970e-02 0.000000e+00
9.840430e-01 -9.947330e-02 0.000000e+00
9.729730e-01 -9.177140e-02 0.000000e+00
9.619020e-01 -8.406960e-02 0.000000e+00
9.508310e-01 -7.636770e-02 0.000000e+00
9.729020e-01 -1.009290e-01 0.000000e+00
9.618310e-01 -9.322760e-02 0.000000e+00
9.507600e-01 -8.552570e-02 0.000000e+00
9.617600e-01 -1.023860e-01 0.000000e+00
9.506900e-01 -9.468370e-02 0.000000e+00
9.506190e-01 -1.038420e-01 0.000000e+00
9.503860e-01 1.641800e-01 0.000000e+00
9.600840e-01 1.598170e-01 0.000000e+00
9.697810e-01 1.554550e-01 0.000000e+00
9.794790e-01 1.510930e-01 0.000000e+00
9.891770e-01 1.467300e-01 0.000000e+00
9.579860e-01 1.719070e-01 0.000000e+00
9.677580e-01 1.675580e-01 0.000000e+00
9.775300e-01 1.632080e-01 0.000000e+00
9.873010e-01 1.588580e-01 0.000000e+00
9.655860e-01 1.796350e-01 0.000000e+00
9.754320e-01 1.752990e-01 0.000000e+00
9.852780e-01 1.709620e-01 0.000000e+00
9.731860e-01 1.873630e-01 0.000000e+00
9.831050e-01 1.830400e-01 0.000000e+00
9.807850e-01 1.950900e-01 0.000000e+00
9.592090e-01 1.162060e-01 0.000000e+00
9.682030e-01 1.116590e-01 0.000000e+00
9.771970e-01 1.071120e-01 0.000000e+00
9.861910e-01 1.025640e-01 0.000000e+00
9.951850e-01 9.801710e-02 0.000000e+00
9.667010e-01 1.238370e-01 0.000000e+00
9.757700e-01 1.192990e-01 0.000000e+00
9.848380e-01 1.147610e-01 0.000000e+00
9.939070e-01 1.102220e-01 0.000000e+00
9.741930e-01 1.314680e-01 0.000000e+00
9.833360e-01 1.269400e-01 0.000000e+00
9.924800e-01 1.224110e-01 0.000000e+00
9.816850e-01 1.390990e-01 0.000000e+00
9.909030e-01 1.345810e-01 0.000000e+00
9.891770e-01 1.467300e-01 0.000000e+00
9.891770e-01 1.467300e-01 0.000000e+00
9.722990e-01 1.440850e-01 0.000000e+00
9.554210e-01 1.414400e-01 0.000000e+00
9.385430e-01 1.387950e-01 0.000000e+00
9.216650e-01 1.361500e-01 0.000000e+00
9.816850e-01 1.390990e-01 0.000000e+00
9.648070e-01 1.364540e-01 0.000000e+00
9.479290e-01 1.338090e-01 0.000000e+00
9.310510e-01 1.311640e-01 0.000000e+00
9.741930e-01 1.314680e-01 0.000000e+00
9.573150e-01 1.288230e-01 0.000000e+00
9.404370e-01 1.261780e-01 0.000000e+00
9.667010e-01 1.238370e-01 0.000000e+00
9.498230e-01 1.211920e-01 0.000000e+00
9.592090e-01 1.162060e-01 0.000000e+00
9.807850e-01 1.950900e-01 0.000000e+00
9.783170e-01 2.071110e-01 0.000000e+00
9.757020e-01 2.191010e-01 0.000000e+00
9.729400e-01 2.310580e-01 0.000000e+00
9.700310e-01 2.429800e-01 0.000000e+00
9.685810e-01 1.955370e-01 0.000000e+00
9.660400e-01 2.075420e-01 0.000000e+00
9.633510e-01 2.195150e-01 0.000000e+00
9.605160e-01 2.314540e-01 0.000000e+00
9.563770e-01 1.959830e-01 0.000000e+00
9.537620e-01 2.079720e-01 0.000000e+00
9.510000e-01 2.199280e-01 0.000000e+00
9.441730e-01 1.964300e-01 0.000000e+00
9.414850e-01 2.084020e-01 0.000000e+00
9.319690e-01 1.968760e-01 0.000000e+00
9.213050e-01 -2.377040e-01 0.000000e+00
9.302140e-01 -2.508490e-01 0.000000e+00
9.391230e-01 -2.639940e-01 0.000000e+00
9.480310e-01 -2.771390e-01 0.000000e+00
9.569400e-01 -2.902850e-01 0.000000e+00
9.334860e-01 -2.390230e-01 0.000000e+00
9.424680e-01 -2.521880e-01 0.000000e+00
9.514490e-01 -2.653540e-01 0.000000e+00
9.604310e-01 -2.785200e-01 0.000000e+00
9.456680e-01 -2.403420e-01 0.000000e+00
9.547220e-01 -2.535270e-01 0.000000e+00
9.637760e-01 -2.667130e-01 0.000000e+00
9.578500e-01 -2.416610e-01 0.000000e+00
9.669760e-01 -2.548660e-01 0.000000e+00
9.700310e-01 -2.429800e-01 0.000000e+00
9.266150e-01 -2.070050e-01 0.000000e+00
9.401570e-01 -2.040260e-01 0.000000e+00
9.537000e-01 -2.010480e-01 0.000000e+00
9.672430e-01 -1.980690e-01 0.000000e+00
9.807850e-01 -1.950900e-01 0.000000e+00
9.268560e-01 -1.974390e-01 0.000000e+00
9.403980e-01 -1.944610e-01 0.000000e+00
9.539410e-01 -1.914820e-01 0.000000e+00
9.674840e-01 -1.885030e-01 0.000000e+00
9.270970e-01 -1.878730e-01 0.000000e+00
9.406390e-01 -1.848950e-01 0.000000e+00
9.541820e-01 -1.819160e-01 0.000000e+00
9.273380e-01 -1.783080e-01 0.000000e+00
9.408810e-01 -1.753290e-01 0.000000e+00
9.275790e-01 -1.687420e-01 0.000000e+00
8.953260e-01 -2.549000e-01 0.000000e+00
9.107290e-01 -2.637460e-01 0.000000e+00
9.261330e-01 -2.725920e-01 0.000000e+00
9.415370e-01 -2.814380e-01 0.000000e+00
9.569400e-01 -2.902850e-01 0.000000e+00
9.018210e-01 -2.506010e-01 0.000000e+00
9.172240e-01 -2.594470e-01 0.000000e+00
9.326280e-01 -2.682930e-01 0.000000e+00
9.480310e-01 -2.771390e-01 0.000000e+00
9.083150e-01 -2.463020e-01 0.000000e+00
9.237190e-01 -2.551480e-01 0.000000e+00
9.391230e-01 -2.639940e-01 0.000000e+00
9.148100e-01 -2.420030e-01 0.000000e+00
9.302140e-01 -2.508490e-01 0.000000e+00
9.213050e-01 -2.377040e-01 0.000000e+00
9.213050e-01 -2.377040e-01 0.000000e+00
9.334860e-01 -2.390230e-01 0.000000e+00
9.456680e-01 -2.403420e-01 0.000000e+00
9.578500e-01 -2.416610e-01 0.000000e+00
9.700310e-01 -2.429800e-01 0.000000e+00
9.226320e-01 -2.300290e-01 0.000000e+00
9.348140e-01 -2.313480e-01 0.000000e+00
9.469950e-01 -2.326670e-01 0.000000e+00
9.591770e-01 -2.339860e-01 0.000000e+00
9.239600e-01 -2.223540e-01 0.000000e+00
9.361410e-01 -2.236740e-01 0.000000e+00
9.483230e-01 -2.249930e-01 0.000000e+00
9.252870e-01 -2.146800e-01 0.000000e+00
9.374690e-01 -2.159990e-01 0.000000e+00
9.266150e-01 -2.070050e-01 0.000000e+00
-9.135700e-01 -2.522080e-01 0.000000e+00
-9.276850e-01 -2.499010e-01 0.000000e+00
-9.418000e-01 -2.475940e-01 0.000000e+00
-9.559160e-01 -2.452870e-01 0.000000e+00
-9.700310e-01 -2.429800e-01 0.000000e+00
-9.244120e-01 -2.617270e-01 0.000000e+00
-9.386000e-01 -2.594400e-01 0.000000e+00
-9.527880e-01 -2.571530e-01 0.000000e+00
-9.669760e-01 -2.548660e-01 0.000000e+00
-9.352550e-01 -2.712460e-01 0.000000e+00
-9.495150e-01 -2.689800e-01 0.000000e+00
-9.637760e-01 -2.667130e-01 0.000000e+00
-9.460980e-01 -2.807660e-01 0.000000e+00
-9.604310e-01 -2.785200e-01 0.000000e+00
-9.569400e-01 -2.902850e-01 0.000000e+00
-9.135700e-01 -2.522080e-01 0.000000e+00
-9.192710e-01 -2.419360e-01 0.000000e+00
-9.249720e-01 -2.316640e-01 0.000000e+00
-9.306730e-01 -2.213920e-01 0.000000e+00
-9.363740e-01 -2.111200e-01 0.000000e+00
-9.276850e-01 -2.499010e-01 0.000000e+00
-9.333860e-01 -2.396290e-01 0.000000e+00
-9.390870e-01 -2.293570e-01 0.000000e+00
-9.447880e-01 -2.190850e-01 0.000000e+00
-9.418000e-01 -2.475940e-01 0.000000e+00
-9.475020e-01 -2.373220e-01 0.000000e+00
-9.532030e-01 -2.270500e-01 0.000000e+00
-9.559160e-01 -2.452870e-01 0.000000e+00
-9.616170e-01 -2.350150e-01 0.000000e+00
-9.700310e-01 -2.429800e-01 0.000000e+00
-9.569400e-01 -2.902850e-01 0.000000e+00
-9.430620e-01 -2.922830e-01 0.000000e+00
-9.291840e-01 -2.942820e-01 0.000000e+00
-9.153060e-01 -2.962810e-01 0.000000e+00
-9.014280e-01 -2.982790e-01 0.000000e+00
-9.460980e-01 -2.807660e-01 0.000000e+00
-9.322200e-01 -2.827640e-01 0.000000e+00
-9.183410e-01 -2.847630e-01 0.000000e+00
-9.044630e-01 -2.867610e-01 0.000000e+00
-9.352550e-01 -2.712460e-01 0.000000e+00
-9.213770e-01 -2.732450e-01 0.000000e+00
-9.074990e-01 -2.752440e-01 0.000000e+00
-9.244120e-01 -2.617270e-01 0.000000e+00
-9.105340e-01 -2.637260e-01 0.000000e+00
-9.135700e-01 -2.522080e-01 0.000000e+00
-9.363740e-01 -2.111200e-01 0.000000e+00
-9.474770e-01 -2.071130e-01 0.000000e+00
-9.585800e-01 -2.031050e-01 0.000000e+00
-9.696820e-01 -1.990980e-01 0.000000e+00
-9.807850e-01 -1.950900e-01 0.000000e+00
-9.447880e-01 -2.190850e-01 0.000000e+00
-9.559650e-01 -2.150940e-01 0.000000e+00
-9.671410e-01 -2.111030e-01 0.000000e+00
-9.783170e-01 -2.071110e-01 0.000000e+00
-9.532030e-01 -2.270500e-01 0.000000e+00
-9.644520e-01 -2.230760e-01 0.000000e+00
-9.757020e-01 -2.191010e-01 0.000000e+00
-9.616170e-01 -2.350150e-01 0.000000e+00
-9.729400e-01 -2.310580e-01 0.000000e+00
-9.700310e-01 -2.429800e-01 0.000000e+00
-1.950900e-01 -9.807850e-01 0.000000e+00
-1.895510e-01 -9.683760e-01 0.000000e+00
-1.840120e-01 -9.559660e-01 0.000000e+00
-1.784730e-01 -9.435570e-01 0.000000e+00
-1.729340e-01 -9.311470e-01 0.000000e+00
-1.997330e-01 -9.662480e-01 0.000000e+00
-1.941940e-01 -9.538390e-01 0.000000e+00
-1.886550e-01 -9.414290e-01 0.000000e+00
-1.831160e-01 -9.290200e-01 0.000000e+00
-2.043750e-01 -9.517110e-01 0.000000e+00
-1.988360e-01 -9.393020e-01 0.000000e+00
-1.932970e-01 -9.268920e-01 0.000000e+00
-2.090180e-01 -9.371740e-01 0.000000e+00
-2.034790e-01 -9.247650e-01 0.000000e+00
-2.136600e-01 -9.226370e-01 0.000000e+00
-4.906770e-02 -9.987950e-01 0.000000e+00
-3.680720e-02 -9.993220e-01 0.000000e+00
-2.454120e-02 -9.996990e-01 0.000000e+00
-1.227150e-02 -9.999250e-01 0.000000e+00
-1.838810e-16 -1.000000e+00 0.000000e+00
-4.166350e-02 -9.922930e-01 0.000000e+00
-2.940060e-02 -9.927450e-01 0.000000e+00
-1.713300e-02 -9.930460e-01 0.000000e+00
-4.862710e-03 -9.931970e-01 0.000000e+00
-3.425930e-02 -9.857910e-01 0.000000e+00
-2.199420e-02 -9.861670e-01 0.000000e+00
-9.725420e-03 -9.863930e-01 0.000000e+00
-2.685510e-02 -9.792880e-01 0.000000e+00
-1.458810e-02 -9.795900e-01 0.000000e+00
-1.945080e-02 -9.727860e-01 0.000000e+00
-1.296920e-01 -9.367030e-01 0.000000e+00
-1.339510e-01 -9.498220e-01 0.000000e+00
-1.382110e-01 -9.629400e-01 0.000000e+00
-1.424710e-01 -9.760580e-01 0.000000e+00
-1.467300e-01 -9.891770e-01 0.000000e+00
-1.218050e-01 -9.394440e-01 0.000000e+00
-1.260650e-01 -9.525620e-01 0.000000e+00
-1.303240e-01 -9.656800e-01 0.000000e+00
-1.345840e-01 -9.787990e-01 0.000000e+00
-1.139180e-01 -9.421840e-01 0.000000e+00
-1.181780e-01 -9.553020e-01 0.000000e+00
-1.224380e-01 -9.684210e-01 0.000000e+00
-1.060320e-01 -9.449250e-01 0.000000e+00
-1.102910e-01 -9.580430e-01 0.000000e+00
-9.814490e-02 -9.476650e-01 0.000000e+00
-9.801710e-02 -9.951850e-01 0.000000e+00
-9.027620e-02 -9.869130e-01 0.000000e+00
-8.253520e-02 -9.786420e-01 0.000000e+00
-7.479430e-02 -9.703710e-01 0.000000e+00
-6.705330e-02 -9.621000e-01 0.000000e+00
-9.804910e-02 -9.833050e-01 0.000000e+00
-9.030810e-02 -9.750330e-01 0.000000e+00
-8.256720e-02 -9.667620e-01 0.000000e+00
-7.482620e-02 -9.584910e-01 0.000000e+00
-9.808100e-02 -9.714250e-01 0.000000e+00
-9.034010e-02 -9.631540e-01 0.000000e+00
-8.259910e-02 -9.548820e-01 0.000000e+00
-9.811300e-02 -9.595450e-01 0.000000e+00
-9.037200e-02 -9.512740e-01 0.000000e+00
-9.814490e-02 -9.476650e-01 0.000000e+00
-1.467300e-01 -9.891770e-01 0.000000e+00
-1.532810e-01 -9.746690e-01 0.000000e+00
-1.598320e-01 -9.601620e-01 0.000000e+00
-1.663830e-01 -9.456550e-01 0.000000e+00
-1.729340e-01 -9.311470e-01 0.000000e+00
-1.588580e-01 -9.873010e-01 0.000000e+00
-1.653970e-01 -9.727200e-01 0.000000e+00
-1.719350e-01 -9.581380e-01 0.000000e+00
-1.784730e-01 -9.435570e-01 0.000000e+00
-1.709620e-01 -9.852780e-01 0.000000e+00
-1.774870e-01 -9.706220e-01 0.000000e+00
-1.840120e-01 -9.559660e-01 0.000000e+00
-1.830400e-01 -9.831050e-01 0.000000e+00
-1.895510e-01 -9.683760e-01 0.000000e+00
-1.950900e-01 -9.807850e-01 0.000000e+00
3.243130e-02 -9.629780e-01 0.000000e+00
2.432350e-02 -9.722330e-01 0.000000e+00
1.621570e-02 -9.814890e-01 0.000000e+00
8.107830e-03 -9.907440e-01 0.000000e+00
-1.804110e-16 -1.000000e+00 0.000000e+00
3.659040e-02 -9.719320e-01 0.000000e+00
2.848440e-02 -9.812630e-01 0.000000e+00
2.037810e-02 -9.905940e-01 0.000000e+00
1.227150e-02 -9.999250e-01 0.000000e+00
4.074950e-02 -9.808870e-01 0.000000e+00
3.264570e-02 -9.902930e-01 0.000000e+00
2.454120e-02 -9.996990e-01 0.000000e+00
4.490860e-02 -9.898410e-01 0.000000e+00
3.680720e-02 -9.993220e-01 0.000000e+00
4.906770e-02 -9.987950e-01 0.000000e+00
-9.801710e-02 -9.951850e-01 0.000000e+00
-9.804910e-02 -9.833050e-01 0.000000e+00
-9.808100e-02 -9.714250e-01 0.000000e+00
-9.811300e-02 -9.595450e-01 0.000000e+00
-9.814490e-02 -9.476650e-01 0.000000e+00
-1.102220e-01 -9.939070e-01 0.000000e+00
-1.102460e-01 -9.819520e-01 0.000000e+00
-1.102690e-01 -9.699970e-01 0.000000e+00
-1.102910e-01 -9.580430e-01 0.000000e+00
-1.224110e-01 -9.924800e-01 0.000000e+00
-1.224240e-01 -9.804500e-01 0.000000e+00
-1.224380e-01 -9.684210e-01 0.000000e+00
-1.345810e-01 -9.909030e-01 0.000000e+00
-1.345840e-01 -9.787990e-01 0.000000e+00
-1.467300e-01 -9.891770e-01 0.000000e+00
-6.705330e-02 -9.621000e-01 0.000000e+00
-7.479430e-02 -9.703710e-01 0.000000e+00
-8.253520e-02 -9.786420e-01 0.000000e+00
-9.027620e-02 -9.869130e-01 0.000000e+00
-9.801710e-02 -9.951850e-01 0.000000e+00
-6.255690e-02 -9.712740e-01 0.000000e+00
-7.030340e-02 -9.796200e-01 0.000000e+00
-7.805020e-02 -9.879660e-01 0.000000e+00
-8.579730e-02 -9.963130e-01 0.000000e+00
-5.806050e-02 -9.804480e-01 0.000000e+00
-6.581220e-02 -9.888690e-01 0.000000e+00
-7.356460e-02 -9.972900e-01 0.000000e+00
-5.356410e-02 -9.896220e-01 0.000000e+00
-6.132070e-02 -9.981180e-01 0.000000e+00
-4.906770e-02 -9.987950e-01 0.000000e+00
-4.906770e-02 -9.987950e-01 0.000000e+00
-4.166350e-02 -9.922930e-01 0.000000e+00
-3.425930e-02 -9.857910e-01 0.000000e+00
-2.685510e-02 -9.792880e-01 0.000000e+00
-1.945080e-02 -9.727860e-01 0.000000e+00
-5.356410e-02 -9.896220e-01 0.000000e+00
-4.615990e-02 -9.831190e-01 0.000000e+00
-3.875570e-02 -9.766170e-01 0.000000e+00
-3.135150e-02 -9.701140e-01 0.000000e+00
-5.806050e-02 -9.804480e-01 0.000000e+00
-5.065630e-02 -9.739450e-01 0.000000e+00
-4.325210e-02 -9.674430e-01 0.000000e+00
-6.255690e-02 -9.712740e-01 0.000000e+00
-5.515270e-02 -9.647710e-01 0.000000e+00
-6.705330e-02 -9.621000e-01 0.000000e+00
4.906770e-02 -9.987950e-01 0.000000e+00
6.132070e-02 -9.981180e-01 0.000000e+00
7.356460e-02 -9.972900e-01 0.000000e+00
8.579730e-02 -9.963130e-01 0.000000e+00
9.801710e-02 -9.951850e-01 0.000000e+00
5.268870e-02 -9.885800e-01 0.000000e+00
6.493680e-02 -9.878270e-01 0.000000e+00
7.717480e-02 -9.869250e-01 0.000000e+00
8.940080e-02 -9.858720e-01 0.000000e+00
5.630970e-02 -9.783640e-01 0.000000e+00
6.855260e-02 -9.775370e-01 0.000000e+00
8.078450e-02 -9.765590e-01 0.000000e+00
5.993080e-02 -9.681490e-01 0.000000e+00
7.216810e-02 -9.672460e-01 0.000000e+00
6.355180e-02 -9.579330e-01 0.000000e+00
4.138430e-03 -9.490690e-01 0.000000e+00
3.103820e-03 -9.618020e-01 0.000000e+00
2.069210e-03 -9.745350e-01 0.000000e+00
1.034610e-03 -9.872670e-01 0.000000e+00
-1.836970e-16 -1.000000e+00 0.000000e+00
1.121160e-02 -9.525460e-01 0.000000e+00
1.017700e-02 -9.652790e-01 0.000000e+00
9.142430e-03 -9.780120e-01 0.000000e+00
8.107830e-03 -9.907440e-01 0.000000e+00
1.828490e-02 -9.560240e-01 0.000000e+00
1.725030e-02 -9.687560e-01 0.000000e+00
1.621570e-02 -9.814890e-01 0.000000e+00
2.535810e-02 -9.595010e-01 0.000000e+00
2.432350e-02 -9.722330e-01 0.000000e+00
3.243130e-02 -9.629780e-01 0.000000e+00
3.243130e-02 -9.629780e-01 0.000000e+00
3.659040e-02 -9.719320e-01 0.000000e+00
4.074950e-02 -9.808870e-01 0.000000e+00
4.490860e-02 -9.898410e-01 0.000000e+00
4.906770e-02 -9.987950e-01 0.000000e+00
4.021140e-02 -9.617170e-01 0.000000e+00
4.437050e-02 -9.706710e-01 0.000000e+00
4.852960e-02 -9.796260e-01 0.000000e+00
5.268870e-02 -9.885800e-01 0.000000e+00
4.799160e-02 -9.604560e-01 0.000000e+00
5.215070e-02 -9.694100e-01 0.000000e+00
5.630970e-02 -9.783640e-01 0.000000e+00
5.577170e-02 -9.591940e-01 0.000000e+00
5.993080e-02 -9.681490e-01 0.000000e+00
6.355180e-02 -9.579330e-01 0.000000e+00
-1.945080e-02 -9.727860e-01 0.000000e+00
-1.458810e-02 -9.795900e-01 0.000000e+00
-9.725420e-03 -9.863930e-01 0.000000e+00
-4.862710e-03 -9.931970e-01 0.000000e+00
-1.836970e-16 -1.000000e+00 0.000000e+00
-1.355350e-02 -9.668570e-01 0.000000e+00
-8.690820e-03 -9.736600e-01 0.000000e+00
-3.828100e-03 -9.804640e-01 0.000000e+00
1.034610e-03 -9.872670e-01 0.000000e+00
-7.656210e-03 -9.609280e-01 0.000000e+00
-2.793500e-03 -9.677310e-01 0.000000e+00
2.069210e-03 -9.745350e-01 0.000000e+00
-1.758890e-03 -9.549980e-01 0.000000e+00
3.103820e-03 -9.618020e-01 0.000000e+00
4.138430e-03 -9.490690e-01 0.000000e+00
</DataArray>
</Points>
<Cells>
<DataArray type="Int32" Name="connectivity" format="ascii">
0 1 5 
1 6 5 
1 2 6 
2 7 6 
2 3 7 
3 8 7 
3 4 8 
5 6 9 
6 10 9 
6 7 10 
7 11 10 
7 8 11 
9 10 12 
10 13 12 
10 11 13 
12 13 14 
15 16 20 
16 21 20 
16 17 21 
17 22 21 
17 18 22 
18 23 22 
18 19 23 
20 21 24 
21 25 24 
21 22 25 
22 26 25 
22 23 26 
24 25 27 
25 28 27 
25 26 28 
27 28 29 
30 31 35 
31 36 35 
31 32 36 
32 37 36 
32 33 37 
33 38 37 
33 34 38 
35 36 39 
36 40 39 
36 37 40 
37 41 40 
37 38 41 
39 40 42 
40 43 42 
40 41 43 
42 43 44 
45 46 50 
46 51 50 
46 47 51 
47 52 51 
47 48 52 
48 53 52 
48 49 53 
50 51 54 
51 55 54 
51 52 55 
52 56 55 
52 53 56 
54 55 57 
55 58 57 
55 56 58 
57 58 59 
60 61 65 
61 66 65 
61 62 66 
62 67 66 
62 63 67 
63 68 67 
63 64 68 
65 66 69 
66 70 69 
66 67 70 
67 71 70 
67 68 71 
69 70 72 
70 73 72 
70 71 73 
72 73 74 
75 76 80 
76 81 80 
76 77 81 
77 82 81 
77 78 82 
78 83 82 
78 79 83 
80 81 84 
81 85 84 
81 82 85 
82 86 85 
82 83 86 
84 85 87 
85 88 87 
85 86 88 
87 88 89 
90 91 95 
91 96 95 
91 92 96 
92 97 96 
92 93 97 
93 98 97 
93 94 98 
95 96 99 
96 100 99 
96 97 100 
97 101 100 
97 98 101 
99 100 102 
100 103 102 
100 101 103 
102 103 104 
105 106 110 
106 111 110 
106 107 111 
107 112 111 
107 108 112 
108 113 112 
108 109 113 
110 111 114 
111 115 114 
111 112 115 
112 116 115 
112 113 116 
114 115 117 
115 118 117 
115 116 118 
117 118 119 
120 121 125 
121 126 125 
121 122 126 
122 127 126 
122 123 127 
123 128 127 
123 124 128 
125 126 129 
126 130 129 
126 127 130 
127 131 130 
127 128 131 
129 130 132 
130 133 132 
130 131 133 
132 133 134 
135 136 140 
136 141 140 
136 137 141 
137 142 141 
137 138 142 
138 143 142 
138 139 143 
140 141 144 
141 145 144 
141 142 145 
142 146 145 
142 143 146 
144 145 147 
145 148 147 
145 146 148 
147 148 149 
150 151 155 
151 156 155 
151 152 156 
152 157 156 
152 153 157 
153 158 157 
153 154 158 
155 156 159 
156 160 159 
156 157 160 
157 161 160 
157 158 161 
159 160 162 
160 163 162 
160 161 163 
162 163 164 
165 166 170 
166 171 170 
166 167 171 
167 172 171 
167 168 172 
168 173 172 
168 169 173 
170 171 174 
171 175 174 
171 172 175 
172 176 175 
172 173 176 
174 175 177 
175 178 177 
175 176 178 
177 178 179 
180 181 185 
181 186 185 
181 182 186 
182 187 186 
182 183 187 
183 188 187 
183 184 188 
185 186 189 
186 190 189 
186 187 190 
187 191 190 
187 188 191 
189 190 192 
190 193 192 
190 191 193 
192 193 194 
195 196 200 
196 201 200 
196 197 201 
197 202 201 
197 198 202 
198 203 202 
198 199 203 
200 201 204 
201 205 204 
201 202 205 
202 206 205 
202 203 206 
204 205 207 
205 208 207 
205 206 208 
207 208 209 
210 211 215 
211 216 215 
211 212 216 
212 217 216 
212 213 217 
213 218 217 
213 214 218 
215 216 219 
216 220 219 
216 217 220 
217 221 220 
217 218 221 
219 220 222 
220 223 222 
220 221 223 
222 223 224 
225 226 230 
226 231 230 
226 227 231 
227 232 231 
227 228 232 
228 233 232 
228 229 233 
230 231 234 
231 235 234 
231 232 235 
232 236 235 
232 233 236 
234 235 237 
235 238 237 
235 236 238 
237 238 239 
240 241 245 
241 246 245 
241 242 246 
242 247 246 
242 243 247 
243 248 247 
243 244 248 
245 246 249 
246 250 249 
246 247 250 
247 251 250 
247 248 251 
249 250 252 
250 253 252 
250 251 253 
252 253 254 
255 256 260 
256 261 260 
256 257 261 
257 262 261 
257 258 262 
258 263 262 
258 259 263 
260 261 264 
261 265 264 
261 262 265 
262 266 265 
262 263 266 
264 265 267 
265 268 267 
265 266 268 
267 268 269 
270 271 275 
271 276 275 
271 272 276 
272 277 276 
272 273 277 
273 278 277 
273 274 278 
275 276 279 
276 280 279 
276 277 280 
277 281 280 
277 278 281 
279 280 282 
280 283 282 
280 281 283 
282 283 284 
285 286 290 
286 291 290 
286 287 291 
287 292 291 
287 288 292 
288 293 292 
288 289 293 
290 291 294 
291 295 294 
291 292 295 
292 296 295 
292 293 296 
294 295 297 
295 298 297 
295 296 298 
297 298 299 
300 301 305 
301 306 305 
301 302 306 
302 307 306 
302 303 307 
303 308 307 
303 304 308 
305 306 309 
306 310 309 
306 307 310 
307 311 310 
307 308 311 
309 310 312 
310 313 312 
310 311 313 
312 313 314 
315 316 320 
316 321 320 
316 317 321 
317 322 321 
317 318 322 
318 323 322 
318 319 323 
320 321 324 
321 325 324 
321 322 325 
322 326 325 
322 323 326 
324 325 327 
325 328 327 
325 326 328 
327 328 329 
330 331 335 
331 336 335 
331 332 336 
332 337 336 
332 333 337 
333 338 337 
333 334 338 
335 336 339 
336 340 339 
336 337 340 
337 341 340 
337 338 341 
339 340 342 
340 343 342 
340 341 343 
342 343 344 
345 346 350 
346 351 350 
346 347 351 
347 352 351 
347 348 352 
348 353 352 
348 349 353 
350 351 354 
351 355 354 
351 352 355 
352 356 355 
352 353 356 
354 355 357 
355 358 357 
355 356 358 
357 358 359 
360 361 365 
361 366 365 
361 362 366 
362 367 366 
362 363 367 
363 368 367 
363 364 368 
365 366 369 
366 370 369 
366 367 370 
367 371 370 
367 368 371 
369 370 372 
370 373 372 
370 371 373 
372 373 374 
375 376 380 
376 381 380 
376 377 381 
377 382 381 
377 378 382 
378 383 382 
378 379 383 
380 381 384 
381 385 384 
381 382 385 
382 386 385 
382 383 386 
384 385 387 
385 388 387 
385 386 388 
387 388 389 
390 391 395 
391 396 395 
391 392 396 
392 397 396 
392 393 397 
393 398 397 
393 394 398 
395 396 399 
396 400 399 
396 397 400 
397 401 400 
397 398 401 
399 400 402 
400 403 402 
400 401 403 
402 403 404 
405 406 410 
406 411 410 
406 407 411 
407 412 411 
407 408 412 
408 413 412 
408 409 413 
410 411 414 
411 415 414 
411 412 415 
412 416 415 
412 413 416 
414 415 417 
415 418 417 
415 416 418 
417 418 419 
420 421 425 
421 426 425 
421 422 426 
422 427 426 
422 423 427 
423 428 427 
423 424 428 
425 426 429 
426 430 429 
426 427 430 
427 431 430 
427 428 431 
429 430 432 
430 433 432 
430 431 433 
432 433 434 
435 436 440 
436 441 440 
436 437 441 
437 442 441 
437 438 442 
438 443 442 
438 439 443 
440 441 444 
441 445 444 
441 442 445 
442 446 445 
442 443 446 
444 445 447 
445 448 447 
445 446 448 
447 448 449 
450 451 455 
451 456 455 
451 452 456 
452 457 456 
452 453 457 
453 458 457 
453 454 458 
455 456 459 
456 460 459 
456 457 460 
457 461 460 
457 458 461 
459 460 462 
460 463 462 
460 461 463 
462 463 464 
465 466 470 
466 471 470 
466 467 471 
467 472 471 
467 468 472 
468 473 472 
468 469 473 
470 471 474 
471 475 474 
471 472 475 
472 476 475 
472 473 476 
474 475 477 
475 478 477 
475 476 478 
477 478 479 
480 481 485 
481 486 485 
481 482 486 
482 487 486 
482 483 487 
483 488 487 
483 484 488 
485 486 489 
486 490 489 
486 487 490 
487 491 490 
487 488 491 
489 490 492 
490 493 492 
490 491 493 
492 493 494 
495 496 500 
496 501 500 
496 497 501 
497 502 501 
497 498 502 
498 503 502 
498 499 503 
500 501 504 
501 505 504 
501 502 505 
502 506 505 
502 503 506 
504 505 507 
505 508 507 
505 506 508 
507 508 509 
510 511 515 
511 516 515 
511 512 516 
512 517 516 
512 513 517 
513 518 517 
513 514 518 
515 516 519 
516 520 519 
516 517 520 
517 521 520 
517 518 521 
519 520 522 
520 523 522 
520 521 523 
522 523 524 
525 526 530 
526 531 530 
526 527 531 
527 532 531 
527 528 532 
528 533 532 
528 529 533 
530 531 534 
531 535 534 
531 532 535 
532 536 535 
532 533 536 
534 535 537 
535 538 537 
535 536 538 
537 538 539 
540 541 545 
541 546 545 
541 542 546 
542 547 546 
542 543 547 
543 548 547 
543 544 548 
545 546 549 
546 550 549 
546 547 550 
547 551 550 
547 548 551 
549 550 552 
550 553 552 
550 551 553 
552 553 554 
555 556 560 
556 561 560 
556 557 561 
557 562 561 
557 558 562 
558 563 562 
558 559 563 
560 561 564 
561 565 564 
561 562 565 
562 566 565 
562 563 566 
564 565 567 
565 568 567 
565 566 568 
567 568 569 
570 571 575 
571 576 575 
571 572 576 
572 577 576 
572 573 577 
573 578 577 
573 574 578 
575 576 579 
576 580 579 
576 577 580 
577 581 580 
577 578 581 
579 580 582 
580 583 582 
580 581 583 
582 583 584 
585 586 590 
586 591 590 
586 587 591 
587 592 591 
587 588 592 
588 593 592 
588 589 593 
590 591 594 
591 595 594 
591 592 595 
592 596 595 
592 593 596 
594 595 597 
595 598 597 
595 596 598 
597 598 599 
600 601 605 
601 606 605 
601 602 606 
602 607 606 
602 603 607 
603 608 607 
603 604 608 
605 606 609 
606 610 609 
606 607 610 
607 611 610 
607 608 611 
609 610 612 
610 613 612 
610 611 613 
612 613 614 
615 616 620 
616 621 620 
616 617 621 
617 622 621 
617 618 622 
618 623 622 
618 619 623 
620 621 624 
621 625 624 
621 622 625 
622 626 625 
622 623 626 
624 625 627 
625 628 627 
625 626 628 
627 628 629 
630 631 635 
631 636 635 
631 632 636 
632 637 636 
632 633 637 
633 638 637 
633 634 638 
635 636 639 
636 640 639 
636 637 640 
637 641 640 
637 638 641 
639 640 642 
640 643 642 
640 641 643 
642 643 644 
645 646 650 
646 651 650 
646 647 651 
647 652 651 
647 648 652 
648 653 652 
648 649 653 
650 651 654 
651 655 654 
651 652 655 
652 656 655 
652 653 656 
654 655 657 
655 658 657 
655 656 658 
657 658 659 
660 661 665 
661 666 665 
661 662 666 
662 667 666 
662 663 667 
663 668 667 
663 664 668 
665 666 669 
666 670 669 
666 667 670 
667 671 670 
667 668 671 
669 670 672 
670 673 672 
670 671 673 
672 673 674 
675 676 680 
676 681 680 
676 677 681 
677 682 681 
677 678 682 
678 683 682 
678 679 683 
680 681 684 
681 685 684 
681 682 685 
682 686 685 
682 683 686 
684 685 687 
685 688 687 
685 686 688 
687 688 689 
690 691 695 
691 696 695 
691 692 696 
692 697 696 
692 693 697 
693 698 697 
693 694 698 
695 696 699 
696 700 699 
696 697 700 
697 701 700 
697 698 701 
699 700 702 
700 703 702 
700 701 703 
702 703 704 
705 706 710 
706 711 710 
706 707 711 
707 712 711 
707 708 712 
708 713 712 
708 709 713 
710 711 714 
711 715 714 
711 712 715 
712 716 715 
712 713 716 
714 715 717 
715 718 717 
715 716 718 
717 718 719 
720 721 725 
721 726 725 
721 722 726 
722 727 726 
722 723 727 
723 728 727 
723 724 728 
725 726 729 
726 730 729 
726 727 730 
727 731 730 
727 728 731 
729 730 732 
730 733 732 
730 731 733 
732 733 734 
735 736 740 
736 741 740 
736 737 741 
737 742 741 
737 738 742 
738 743 742 
738 739 743 
740 741 744 
741 745 744 
741 742 745 
742 746 745 
742 743 746 
744 745 747 
745 748 747 
745 746 748 
747 748 749 
750 751 755 
751 756 755 
751 752 756 
752 757 756 
752 753 757 
753 758 757 
753 754 758 
755 756 759 
756 760 759 
756 757 760 
757 761 760 
757 758 761 
759 760 762 
760 763 762 
760 761 763 
762 763 764 
765 766 770 
766 771 770 
766 767 771 
767 772 771 
767 768 772 
768 773 772 
768 769 773 
770 771 774 
771 775 774 
771 772 775 
772 776 775 
772 773 776 
774 775 777 
775 778 777 
775 776 778 
777 778 779 
780 781 785 
781 786 785 
781 782 786 
782 787 786 
782 783 787 
783 788 787 
783 784 788 
785 786 789 
786 790 789 
786 787 790 
787 791 790 
787 788 791 
789 790 792 
790 793 792 
790 791 793 
792 793 794 
795 796 800 
796 801 800 
796 797 801 
797 802 801 
797 798 802 
798 803 802 
798 799 803 
800 801 804 
801 805 804 
801 802 805 
802 806 805 
802 803 806 
804 805 807 
805 808 807 
805 806 808 
807 808 809 
810 811 815 
811 816 815 
811 812 816 
812 817 816 
812 813 817 
813 818 817 
813 814 818 
815 816 819 
816 820 819 
816 817 820 
817 821 820 
817 818 821 
819 820 822 
820 823 822 
820 821 823 
822 823 824 
825 826 830 
826 831 830 
826 827 831 
827 832 831 
827 828 832 
828 833 832 
828 829 833 
830 831 834 
831 835 834 
831 832 835 
832 836 835 
832 833 836 
834 835 837 
835 838 837 
835 836 838 
837 838 839 
840 841 845 
841 846 845 
841 842 846 
842 847 846 
842 843 847 
843 848 847 
843 844 848 
845 846 849 
846 850 849 
846 847 850 
847 851 850 
847 848 851 
849 850 852 
850 853 852 
850 851 853 
852 853 854 
855 856 860 
856 861 860 
856 857 861 
857 862 861 
857 858 862 
858 863 862 
858 859 863 
860 861 864 
861 865 864 
861 862 865 
862 866 865 
862 863 866 
864 865 867 
865 868 867 
865 866 868 
867 868 869 
870 871 875 
871 876 875 
871 872 876 
872 877 876 
872 873 877 
873 878 877 
873 874 878 
875 876 879 
876 880 879 
876 877 880 
877 881 880 
877 878 881 
879 880 882 
880 883 882 
880 881 883 
882 883 884 
885 886 890 
886 891 890 
886 887 891 
887 892 891 
887 888 892 
888 893 892 
888 889 893 
890 891 894 
891 895 894 
891 892 895 
892 896 895 
892 893 896 
894 895 897 
895 898 897 
895 896 898 
897 898 899 
900 901 905 
901 906 905 
901 902 906 
902 907 906 
902 903 907 
903 908 907 
903 904 908 
905 906 909 
906 910 909 
906 907 910 
907 911 910 
907 908 911 
909 910 912 
910 913 912 
910 911 913 
912 913 914 
915 916 920 
916 921 920 
916 917 921 
917 922 921 
917 918 922 
918 923 922 
918 919 923 
920 921 924 
921 925 924 
921 922 925 
922 926 925 
922 923 926 
924 925 927 
925 928 927 
925 926 928 
927 928 929 
930 931 935 
931 936 935 
931 932 936 
932 937 936 
932 933 937 
933 938 937 
933 934 938 
935 936 939 
936 940 939 
936 937 940 
937 941 940 
937 938 941 
939 940 942 
940 943 942 
940 941 943 
942 943 944 
945 946 950 
946 951 950 
946 947 951 
947 952 951 
947 948 952 
948 953 952 
948 949 953 
950 951 954 
951 955 954 
951 952 955 
952 956 955 
952 953 956 
954 955 957 
955 958 957 
955 956 958 
957 958 959 
960 961 965 
961 966 965 
961 962 966 
962 967 966 
962 963 967 
963 968 967 
963 964 968 
965 966 969 
966 970 969 
966 967 970 
967 971 970 
967 968 971 
969 970 972 
970 973 972 
970 971 973 
972 973 974 
975 976 980 
976 981 980 
976 977 981 
977 982 981 
977 978 982 
978 983 982 
978 979 983 
980 981 984 
981 985 984 
981 982 985 
982 986 985 
982 983 986 
984 985 987 
985 988 987 
985 986 988 
987 988 989 
990 991 995 
991 996 995 
991 992 996 
992 997 996 
992 993 997 
993 998 997 
993 994 998 
995 996 999 
996 1000 999 
996 997 1000 
997 1001 1000 
997 998 1001 
999 1000 1002 
1000 1003 1002 
1000 1001 1003 
1002 1003 1004 
1005 1006 1010 
1006 1011 1010 
1006 1007 1011 
1007 1012 1011 
1007 1008 1012 
1008 1013 1012 
1008 1009 1013 
1010 1011 1014 
1011 1015 1014 
1011 1012 1015 
1012 1016 1015 
1012 1013 1016 
1014 1015 1017 
1015 1018 1017 
1015 1016 1018 
1017 1018 1019 
1020 1021 1025 
1021 1026 1025 
1021 1022 1026 
1022 1027 1026 
1022 1023 1027 
1023 1028 1027 
1023 1024 1028 
1025 1026 1029 
1026 1030 1029 
1026 1027 1030 
1027 1031 1030 
1027 1028 1031 
1029 1030 1032 
1030 1033 1032 
1030 1031 1033 
1032 1033 1034 
1035 1036 1040 
1036 1041 1040 
1036 1037 1041 
1037 1042 1041 
1037 1038 1042 
1038 1043 1042 
1038 1039 1043 
1040 1041 1044 
1041 1045 1044 
1041 1042 1045 
1042 1046 1045 
1042 1043 1046 
1044 1045 1047 
1045 1048 1047 
1045 1046 1048 
1047 1048 1049 
1050 1051 1055 
1051 1056 1055 
1051 1052 1056 
1052 1057 1056 
1052 1053 1057 
1053 1058 1057 
1053 1054 1058 
1055 1056 1059 
1056 1060 1059 
1056 1057 1060 
1057 1061 1060 
1057 1058 1061 
1059 1060 1062 
1060 1063 1062 
1060 1061 1063 
1062 1063 1064 
1065 1066 1070 
1066 1071 1070 
1066 1067 1071 
1067 1072 1071 
1067 1068 1072 
1068 1073 1072 
1068 1069 1073 
1070 1071 1074 
1071 1075 1074 
1071 1072 1075 
1072 1076 1075 
1072 1073 1076 
1074 1075 1077 
1075 1078 1077 
1075 1076 1078 
1077 1078 1079 
1080 1081 1085 
1081 1086 1085 
1081 1082 1086 
1082 1087 1086 
1082 1083 1087 
1083 1088 1087 
1083 1084 1088 
1085 1086 1089 
1086 1090 1089 
1086 1087 1090 
1087 1091 1090 
1087 1088 1091 
1089 1090 1092 
1090 1093 1092 
1090 1091 1093 
1092 1093 1094 
1095 1096 1100 
1096 1101 1100 
1096 1097 1101 
1097 1102 1101 
1097 1098 1102 
1098 1103 1102 
1098 1099 1103 
1100 1101 1104 
1101 1105 1104 
1101 1102 1105 
1102 1106 1105 
1102 1103 1106 
1104 1105 1107 
1105 1108 1107 
1105 1106 1108 
1107 1108 1109 
1110 1111 1115 
1111 1116 1115 
1111 1112 1116 
1112 1117 1116 
1112 1113 1117 
1113 1118 1117 
1113 1114 1118 
1115 1116 1119 
1116 1120 1119 
1116 1117 1120 
1117 1121 1120 
1117 1118 1121 
1119 1120 1122 
1120 1123 1122 
1120 1121 1123 
1122 1123 1124 
1125 1126 1130 
1126 1131 1130 
1126 1127 1131 
1127 1132 1131 
1127 1128 1132 
1128 1133 1132 
1128 1129 1133 
1130 1131 1134 
1131 1135 1134 
1131 1132 1135 
1132 1136 1135 
1132 1133 1136 
1134 1135 1137 
1135 1138 1137 
1135 1136 1138 
1137 1138 1139 
1140 1141 1145 
1141 1146 1145 
1141 1142 1146 
1142 1147 1146 
1142 1143 1147 
1143 1148 1147 
1143 1144 1148 
1145 1146 1149 
1146 1150 1149 
1146 1147 1150 
1147 1151 1150 
1147 1148 1151 
1149 1150 1152 
1150 1153 1152 
1150 1151 1153 
1152 1153 1154 
1155 1156 1160 
1156 1161 1160 
1156 1157 1161 
1157 1162 1161 
1157 1158 1162 
1158 1163 1162 
1158 1159 1163 
1160 1161 1164 
1161 1165 1164 
1161 1162 1165 
1162 1166 1165 
1162 1163 1166 
1164 1165 1167 
1165 1168 1167 
1165 1166 1168 
1167 1168 1169 
1170 1171 1175 
1171 1176 1175 
1171 1172 1176 
1172 1177 1176 
1172 1173 1177 
1173 1178 1177 
1173 1174 1178 
1175 1176 1179 
1176 1180 1179 
1176 1177 1180 
1177 1181 1180 
1177 1178 1181 
1179 1180 1182 
1180 1183 1182 
1180 1181 1183 
1182 1183 1184 
1185 1186 1190 
1186 1191 1190 
1186 1187 1191 
1187 1192 1191 
1187 1188 1192 
1188 1193 1192 
1188 1189 1193 
1190 1191 1194 
1191 1195 1194 
1191 1192 1195 
1192 1196 1195 
1192 1193 1196 
1194 1195 1197 
1195 1198 1197 
1195 1196 1198 
1197 1198 1199 
1200 1201 1205 
1201 1206 1205 
1201 1202 1206 
1202 1207 1206 
1202 1203 1207 
1203 1208 1207 
1203 1204 1208 
1205 1206 1209 
1206 1210 1209 
1206 1207 1210 
1207 1211 1210 
1207 1208 1211 
1209 1210 1212 
1210 1213 1212 
1210 1211 1213 
1212 1213 1214 
1215 1216 1220 
1216 1221 1220 
1216 1217 1221 
1217 1222 1221 
1217 1218 1222 
1218 1223 1222 
1218 1219 1223 
1220 1221 1224 
1221 1225 1224 
1221 1222 1225 
1222 1226 1225 
1222 1223 1226 
1224 1225 1227 
1225 1228 1227 
1225 1226 1228 
1227 1228 1229 
1230 1231 1235 
1231 1236 1235 
1231 1232 1236 
1232 1237 1236 
1232 1233 1237 
1233 1238 1237 
1233 1234 1238 
1235 1236 1239 
1236 1240 1239 
1236 1237 1240 
1237 1241 1240 
1237 1238 1241 
1239 1240 1242 
1240 1243 1242 
1240 1241 1243 
1242 1243 1244 
1245 1246 1250 
1246 1251 1250 
1246 1247 1251 
1247 1252 1251 
1247 1248 1252 
1248 1253 1252 
1248 1249 1253 
1250 1251 1254 
1251 1255 1254 
1251 1252 1255 
1252 1256 1255 
1252 1253 1256 
1254 1255 1257 
1255 1258 1257 
1255 1256 1258 
1257 1258 1259 
1260 1261 1265 
1261 1266 1265 
1261 1262 1266 
1262 1267 1266 
1262 1263 1267 
1263 1268 1267 
1263 1264 1268 
1265 1266 1269 
1266 1270 1269 
1266 1267 1270 
1267 1271 1270 
1267 1268 1271 
1269 1270 1272 
1270 1273 1272 
1270 1271 1273 
1272 1273 1274 
1275 1276 1280 
1276 1281 1280 
1276 1277 1281 
1277 1282 1281 
1277 1278 1282 
1278 1283 1282 
1278 1279 1283 
1280 1281 1284 
1281 1285 1284 
1281 1282 1285 
1282 1286 1285 
1282 1283 1286 
1284 1285 1287 
1285 1288 1287 
1285 1286 1288 
1287 1288 1289 
1290 1291 1295 
1291 1296 1295 
1291 1292 1296 
1292 1297 1296 
1292 1293 1297 
1293 1298 1297 
1293 1294 1298 
1295 1296 1299 
1296 1300 1299 
1296 1297 1300 
1297 1301 1300 
1297 1298 1301 
1299 1300 1302 
1300 1303 1302 
1300 1301 1303 
1302 1303 1304 
1305 1306 1310 
1306 1311 1310 
1306 1307 1311 
1307 1312 1311 
1307 1308 1312 
1308 1313 1312 
1308 1309 1313 
1310 1311 1314 
1311 1315 1314 
1311 1312 1315 
1312 1316 1315 
1312 1313 1316 
1314 1315 1317 
1315 1318 1317 
1315 1316 1318 
1317 1318 1319 
1320 1321 1325 
1321 1326 1325 
1321 1322 1326 
1322 1327 1326 
1322 1323 1327 
1323 1328 1327 
1323 1324 1328 
1325 1326 1329 
1326 1330 1329 
1326 1327 1330 
1327 1331 1330 
1327 1328 1331 
1329 1330 1332 
1330 1333 1332 
1330 1331 1333 
1332 1333 1334 
1335 1336 1340 
1336 1341 1340 
1336 1337 1341 
1337 1342 1341 
1337 1338 1342 
1338 1343 1342 
1338 1339 1343 
1340 1341 1344 
1341 1345 1344 
1341 1342 1345 
1342 1346 1345 
1342 1343 1346 
1344 1345 1347 
1345 1348 1347 
1345 1346 1348 
1347 1348 1349 
1350 1351 1355 
1351 1356 1355 
1351 1352 1356 
1352 1357 1356 
1352 1353 1357 
1353 1358 1357 
1353 1354 1358 
1355 1356 1359 
1356 1360 1359 
1356 1357 1360 
1357 1361 1360 
1357 1358 1361 
1359 1360 1362 
1360 1363 1362 
1360 1361 1363 
1362 1363 1364 
1365 1366 1370 
1366 1371 1370 
1366 1367 1371 
1367 1372 1371 
1367 1368 1372 
1368 1373 1372 
1368 1369 1373 
1370 1371 1374 
1371 1375 1374 
1371 1372 1375 
1372 1376 1375 
1372 1373 1376 
1374 1375 1377 
1375 1378 1377 
1375 1376 1378 
1377 1378 1379 
1380 1381 1385 
1381 1386 1385 
1381 1382 1386 
1382 1387 1386 
1382 1383 1387 
1383 1388 1387 
1383 1384 1388 
1385 1386 1389 
1386 1390 1389 
1386 1387 1390 
1387 1391 1390 
1387 1388 1391 
1389 1390 1392 
1390 1393 1392 
1390 1391 1393 
1392 1393 1394 
1395 1396 1400 
1396 1401 1400 
1396 1397 1401 
1397 1402 1401 
1397 1398 1402 
1398 1403 1402 
1398 1399 1403 
1400 1401 1404 
1401 1405 1404 
1401 1402 1405 
1402 1406 1405 
1402 1403 1406 
1404 1405 1407 
1405 1408 1407 
1405 1406 1408 
1407 1408 1409 
1410 1411 1415 
1411 1416 1415 
1411 1412 1416 
1412 1417 1416 
1412 1413 1417 
1413 1418 1417 
1413 1414 1418 
1415 1416 1419 
1416 1420 1419 
1416 1417 1420 
1417 1421 1420 
1417 1418 1421 
1419 1420 1422 
1420 1423 1422 
1420 1421 1423 
1422 1423 1424 
1425 1426 1430 
1426 1431 1430 
1426 1427 1431 
1427 1432 1431 
1427 1428 1432 
1428 1433 1432 
1428 1429 1433 
1430 1431 1434 
1431 1435 1434 
1431 1432 1435 
1432 1436 1435 
1432 1433 1436 
1434 1435 1437 
1435 1438 1437 
1435 1436 1438 
1437 1438 1439 
1440 1441 1445 
1441 1446 1445 
1441 1442 1446 
1442 1447 1446 
1442 1443 1447 
1443 1448 1447 
1443 1444 1448 
1445 1446 1449 
1446 1450 1449 
1446 1447 1450 
1447 1451 1450 
1447 1448 1451 
1449 1450 1452 
1450 1453 1452 
1450 1451 1453 
1452 1453 1454 
1455 1456 1460 
1456 1461 1460 
1456 1457 1461 
1457 1462 1461 
1457 1458 1462 
1458 1463 1462 
1458 1459 1463 
1460 1461 1464 
1461 1465 1464 
1461 1462 1465 
1462 1466 1465 
1462 1463 1466 
1464 1465 1467 
1465 1468 1467 
1465 1466 1468 
1467 1468 1469 
1470 1471 1475 
1471 1476 1475 
1471 1472 1476 
1472 1477 1476 
1472 1473 1477 
1473 1478 1477 
1473 1474 1478 
1475 1476 1479 
1476 1480 1479 
1476 1477 1480 
1477 1481 1480 
1477 1478 1481 
1479 1480 1482 
1480 1483 1482 
1480 1481 1483 
1482 1483 1484 
1485 1486 1490 
1486 1491 1490 
1486 1487 1491 
1487 1492 1491 
1487 1488 1492 
1488 1493 1492 
1488 1489 1493 
1490 1491 1494 
1491 1495 1494 
1491 1492 1495 
1492 1496 1495 
1492 1493 1496 
1494 1495 1497 
1495 1498 1497 
1495 1496 1498 
1497 1498 1499 
1500 1501 1505 
1501 1506 1505 
1501 1502 1506 
1502 1507 1506 
1502 1503 1507 
1503 1508 1507 
1503 1504 1508 
1505 1506 1509 
1506 1510 1509 
1506 1507 1510 
1507 1511 1510 
1507 1508 1511 
1509 1510 1512 
1510 1513 1512 
1510 1511 1513 
1512 1513 1514 
1515 1516 1520 
1516 1521 1520 
1516 1517 1521 
1517 1522 1521 
1517 1518 1522 
1518 1523 1522 
1518 1519 1523 
1520 1521 1524 
1521 1525 1524 
1521 1522 1525 
1522 1526 1525 
1522 1523 1526 
1524 1525 1527 
1525 1528 1527 
1525 1526 1528 
1527 1528 1529 
1530 1531 1535 
1531 1536 1535 
1531 1532 1536 
1532 1537 1536 
1532 1533 1537 
1533 1538 1537 
1533 1534 1538 
1535 1536 1539 
1536 1540 1539 
1536 1537 1540 
1537 1541 1540 
1537 1538 1541 
1539 1540 1542 
1540 1543 1542 
1540 1541 1543 
1542 1543 1544 
1545 1546 1550 
1546 1551 1550 
1546 1547 1551 
1547 1552 1551 
1547 1548 1552 
1548 1553 1552 
1548 1549 1553 
1550 1551 1554 
1551 1555 1554 
1551 1552 1555 
1552 1556 1555 
1552 1553 1556 
1554 1555 1557 
1555 1558 1557 
1555 1556 1558 
1557 1558 1559 
1560 1561 1565 
1561 1566 1565 
1561 1562 1566 
1562 1567 1566 
1562 1563 1567 
1563 1568 1567 
1563 1564 1568 
1565 1566 1569 
1566 1570 1569 
1566 1567 1570 
1567 1571 1570 
1567 1568 1571 
1569 1570 1572 
1570 1573 1572 
1570 1571 1573 
1572 1573 1574 
1575 1576 1580 
1576 1581 1580 
1576 1577 1581 
1577 1582 1581 
1577 1578 1582 
1578 1583 1582 
1578 1579 1583 
1580 1581 1584 
1581 1585 1584 
1581 1582 1585 
1582 1586 1585 
1582 1583 1586 
1584 1585 1587 
1585 1588 1587 
1585 1586 1588 
1587 1588 1589 
1590 1591 1595 
1591 1596 1595 
1591 1592 1596 
1592 1597 1596 
1592 1593 1597 
1593 1598 1597 
1593 1594 1598 
1595 1596 1599 
1596 1600 1599 
1596 1597 1600 
1597 1601 1600 
1597 1598 1601 
1599 1600 1602 
1600 1603 1602 
1600 1601 1603 
1602 1603 1604 
1605 1606 1610 
1606 1611 1610 
1606 1607 1611 
1607 1612 1611 
1607 1608 1612 
1608 1613 1612 
1608 1609 1613 
1610 1611 1614 
1611 1615 1614 
1611 1612 1615 
1612 1616 1615 
1612 1613 1616 
1614 1615 1617 
1615 1618 1617 
1615 1616 1618 
1617 1618 1619 
1620 1621 1625 
1621 1626 1625 
1621 1622 1626 
1622 1627 1626 
1622 1623 1627 
1623 1628 1627 
1623 1624 1628 
1625 1626 1629 
1626 1630 1629 
1626 1627 1630 
1627 1631 1630 
1627 1628 1631 
1629 1630 1632 
1630 1633 1632 
1630 1631 1633 
1632 1633 1634 
1635 1636 1640 
1636 1641 1640 
1636 1637 1641 
1637 1642 1641 
1637 1638 1642 
1638 1643 1642 
1638 1639 1643 
1640 1641 1644 
1641 1645 1644 
1641 1642 1645 
1642 1646 1645 
1642 1643 1646 
1644 1645 1647 
1645 1648 1647 
1645 1646 1648 
1647 1648 1649 
1650 1651 1655 
1651 1656 1655 
1651 1652 1656 
1652 1657 1656 
1652 1653 1657 
1653 1658 1657 
1653 1654 1658 
1655 1656 1659 
1656 1660 1659 
1656 1657 1660 
1657 1661 1660 
1657 1658 1661 
1659 1660 1662 
1660 1663 1662 
1660 1661 1663 
1662 1663 1664 
1665 1666 1670 
1666 1671 1670 
1666 1667 1671 
1667 1672 1671 
1667 1668 1672 
1668 1673 1672 
1668 1669 1673 
1670 1671 1674 
1671 1675 1674 
1671 1672 1675 
1672 1676 1675 
1672 1673 1676 
1674 1675 1677 
1675 1678 1677 
1675 1676 1678 
1677 1678 1679 
1680 1681 1685 
1681 1686 1685 
1681 1682 1686 
1682 1687 1686 
1682 1683 1687 
1683 1688 1687 
1683 1684 1688 
1685 1686 1689 
1686 1690 1689 
1686 1687 1690 
1687 1691 1690 
1687 1688 1691 
1689 1690 1692 
1690 1693 1692 
1690 1691 1693 
1692 1693 1694 
1695 1696 1700 
1696 1701 1700 
1696 1697 1701 
1697 1702 1701 
1697 1698 1702 
1698 1703 1702 
1698 1699 1703 
1700 1701 1704 
1701 1705 1704 
1701 1702 1705 
1702 1706 1705 
1702 1703 1706 
1704 1705 1707 
1705 1708 1707 
1705 1706 1708 
1707 1708 1709 
1710 1711 1715 
1711 1716 1715 
1711 1712 1716 
1712 1717 1716 
1712 1713 1717 
1713 1718 1717 
1713 1714 1718 
1715 1716 1719 
1716 1720 1719 
1716 1717 1720 
1717 1721 1720 
1717 1718 1721 
1719 1720 1722 
1720 1723 1722 
1720 1721 1723 
1722 1723 1724 
1725 1726 1730 
1726 1731 1730 
1726 1727 1731 
1727 1732 1731 
1727 1728 1732 
1728 1733 1732 
1728 1729 1733 
1730 1731 1734 
1731 1735 1734 
1731 1732 1735 
1732 1736 1735 
1732 1733 1736 
1734 1735 1737 
1735 1738 1737 
1735 1736 1738 
1737 1738 1739 
1740 1741 1745 
1741 1746 1745 
1741 1742 1746 
1742 1747 1746 
1742 1743 1747 
1743 1748 1747 
1743 1744 1748 
1745 1746 1749 
1746 1750 1749 
1746 1747 1750 
1747 1751 1750 
1747 1748 1751 
1749 1750 1752 
1750 1753 1752 
1750 1751 1753 
1752 1753 1754 
1755 1756 1760 
1756 1761 1760 
1756 1757 1761 
1757 1762 1761 
1757 1758 1762 
1758 1763 1762 
1758 1759 1763 
1760 1761 1764 
1761 1765 1764 
1761 1762 1765 
1762 1766 1765 
1762 1763 1766 
1764 1765 1767 
1765 1768 1767 
1765 1766 1768 
1767 1768 1769 
1770 1771 1775 
1771 1776 1775 
1771 1772 1776 
1772 1777 1776 
1772 1773 1777 
1773 1778 1777 
1773 1774 1778 
1775 1776 1779 
1776 1780 1779 
1776 1777 1780 
1777 1781 1780 
1777 1778 1781 
1779 1780 1782 
1780 1783 1782 
1780 1781 1783 
1782 1783 1784 
1785 1786 1790 
1786 1791 1790 
1786 1787 1791 
1787 1792 1791 
1787 1788 1792 
1788 1793 1792 
1788 1789 1793 
1790 1791 1794 
1791 1795 1794 
1791 1792 1795 
1792 1796 1795 
1792 1793 1796 
1794 1795 1797 
1795 1798 1797 
1795 1796 1798 
1797 1798 1799 
1800 1801 1805 
1801 1806 1805 
1801 1802 1806 
1802 1807 1806 
1802 1803 1807 
1803 1808 1807 
1803 1804 1808 
1805 1806 1809 
1806 1810 1809 
1806 1807 1810 
1807 1811 1810 
1807 1808 1811 
1809 1810 1812 
1810 1813 1812 
1810 1811 1813 
1812 1813 1814 
1815 1816 1820 
1816 1821 1820 
1816 1817 1821 
1817 1822 1821 
1817 1818 1822 
1818 1823 1822 
1818 1819 1823 
1820 1821 1824 
1821 1825 1824 
1821 1822 1825 
1822 1826 1825 
1822 1823 1826 
1824 1825 1827 
1825 1828 1827 
1825 1826 1828 
1827 1828 1829 
1830 1831 1835 
1831 1836 1835 
1831 1832 1836 
1832 1837 1836 
1832 1833 1837 
1833 1838 1837 
1833 1834 1838 
1835 1836 1839 
1836 1840 1839 
1836 1837 1840 
1837 1841 1840 
1837 1838 1841 
1839 1840 1842 
1840 1843 1842 
1840 1841 1843 
1842 1843 1844 
1845 1846 1850 
1846 1851 1850 
1846 1847 1851 
1847 1852 1851 
1847 1848 1852 
1848 1853 1852 
1848 1849 1853 
1850 1851 1854 
1851 1855 1854 
1851 1852 1855 
1852 1856 1855 
1852 1853 1856 
1854 1855 1857 
1855 1858 1857 
1855 1856 1858 
1857 1858 1859 
1860 1861 1865 
1861 1866 1865 
1861 1862 1866 
1862 1867 1866 
1862 1863 1867 
1863 1868 1867 
1863 1864 1868 
1865 1866 1869 
1866 1870 1869 
1866 1867 1870 
1867 1871 1870 
1867 1868 1871 
1869 1870 1872 
1870 1873 1872 
1870 1871 1873 
1872 1873 1874 
1875 1876 1880 
1876 1881 1880 
1876 1877 1881 
1877 1882 1881 
1877 1878 1882 
1878 1883 1882 
1878 1879 1883 
1880 1881 1884 
1881 1885 1884 
1881 1882 1885 
1882 1886 1885 
1882 1883 1886 
1884 1885 1887 
1885 1888 1887 
1885 1886 1888 
1887 1888 1889 
1890 1891 1895 
1891 1896 1895 
1891 1892 1896 
1892 1897 1896 
1892 1893 1897 
1893 1898 1897 
1893 1894 1898 
1895 1896 1899 
1896 1900 1899 
1896 1897 1900 
1897 1901 1900 
1897 1898 1901 
1899 1900 1902 
1900 1903 1902 
1900 1901 1903 
1902 1903 1904 
1905 1906 1910 
1906 1911 1910 
1906 1907 1911 
1907 1912 1911 
1907 1908 1912 
1908 1913 1912 
1908 1909 1913 
1910 1911 1914 
1911 1915 1914 
1911 1912 1915 
1912 1916 1915 
1912 1913 1916 
1914 1915 1917 
1915 1918 1917 
1915 1916 1918 
1917 1918 1919 
1920 1921 1925 
1921 1926 1925 
1921 1922 1926 
1922 1927 1926 
1922 1923 1927 
1923 1928 1927 
1923 1924 1928 
1925 1926 1929 
1926 1930 1929 
1926 1927 1930 
1927 1931 1930 
1927 1928 1931 
1929 1930 1932 
1930 1933 1932 
1930 1931 1933 
1932 1933 1934 
1935 1936 1940 
1936 1941 1940 
1936 1937 1941 
1937 1942 1941 
1937 1938 1942 
1938 1943 1942 
1938 1939 1943 
1940 1941 1944 
1941 1945 1944 
1941 1942 1945 
1942 1946 1945 
1942 1943 1946 
1944 1945 1947 
1945 1948 1947 
1945 1946 1948 
1947 1948 1949 
1950 1951 1955 
1951 1956 1955 
1951 1952 1956 
1952 1957 1956 
1952 1953 1957 
1953 1958 1957 
1953 1954 1958 
1955 1956 1959 
1956 1960 1959 
1956 1957 1960 
1957 1961 1960 
1957 1958 1961 
1959 1960 1962 
1960 1963 1962 
1960 1961 1963 
1962 1963 1964 
1965 1966 1970 
1966 1971 1970 
1966 1967 1971 
1967 1972 1971 
1967 1968 1972 
1968 1973 1972 
1968 1969 1973 
1970 1971 1974 
1971 1975 1974 
1971 1972 1975 
1972 1976 1975 
1972 1973 1976 
1974 1975 1977 
1975 1978 1977 
1975 1976 1978 
1977 1978 1979 
1980 1981 1985 
1981 1986 1985 
1981 1982 1986 
1982 1987 1986 
1982 1983 1987 
1983 1988 1987 
1983 1984 1988 
1985 1986 1989 
1986 1990 1989 
1986 1987 1990 
1987 1991 1990 
1987 1988 1991 
1989 1990 1992 
1990 1993 1992 
1990 1991 1993 
1992 1993 1994 
1995 1996 2000 
1996 2001 2000 
1996 1997 2001 
1997 2002 2001 
1997 1998 2002 
1998 2003 2002 
1998 1999 2003 
2000 2001 2004 
2001 2005 2004 
2001 2002 2005 
2002 2006 2005 
2002 2003 2006 
2004 2005 2007 
2005 2008 2007 
2005 2006 2008 
2007 2008 2009 
2010 2011 2015 
2011 2016 2015 
2011 2012 2016 
2012 2017 2016 
2012 2013 2017 
2013 2018 2017 
2013 2014 2018 
2015 2016 2019 
2016 2020 2019 
2016 2017 2020 
2017 2021 2020 
2017 2018 2021 
2019 2020 2022 
2020 2023 2022 
2020 2021 2023 
2022 2023 2024 
2025 2026 2030 
2026 2031 2030 
2026 2027 2031 
2027 2032 2031 
2027 2028 2032 
2028 2033 2032 
2028 2029 2033 
2030 2031 2034 
2031 2035 2034 
2031 2032 2035 
2032 2036 2035 
2032 2033 2036 
2034 2035 2037 
2035 2038 2037 
2035 2036 2038 
2037 2038 2039 
2040 2041 2045 
2041 2046 2045 
2041 2042 2046 
2042 2047 2046 
2042 2043 2047 
2043 2048 2047 
2043 2044 2048 
2045 2046 2049 
2046 2050 2049 
2046 2047 2050 
2047 2051 2050 
2047 2048 2051 
2049 2050 2052 
2050 2053 2052 
2050 2051 2053 
2052 2053 2054 
2055 2056 2060 
2056 2061 2060 
2056 2057 2061 
2057 2062 2061 
2057 2058 2062 
2058 2063 2062 
2058 2059 2063 
2060 2061 2064 
2061 2065 2064 
2061 2062 2065 
2062 2066 2065 
2062 2063 2066 
2064 2065 2067 
2065 2068 2067 
2065 2066 2068 
2067 2068 2069 
2070 2071 2075 
2071 2076 2075 
2071 2072 2076 
2072 2077 2076 
2072 2073 2077 
2073 2078 2077 
2073 2074 2078 
2075 2076 2079 
2076 2080 2079 
2076 2077 2080 
2077 2081 2080 
2077 2078 2081 
2079 2080 2082 
2080 2083 2082 
2080 2081 2083 
2082 2083 2084 
2085 2086 2090 
2086 2091 2090 
2086 2087 2091 
2087 2092 2091 
2087 2088 2092 
2088 2093 2092 
2088 2089 2093 
2090 2091 2094 
2091 2095 2094 
2091 2092 2095 
2092 2096 2095 
2092 2093 2096 
2094 2095 2097 
2095 2098 2097 
2095 2096 2098 
2097 2098 2099 
2100 2101 2105 
2101 2106 2105 
2101 2102 2106 
2102 2107 2106 
2102 2103 2107 
2103 2108 2107 
2103 2104 2108 
2105 2106 2109 
2106 2110 2109 
2106 2107 2110 
2107 2111 2110 
2107 2108 2111 
2109 2110 2112 
2110 2113 2112 
2110 2111 2113 
2112 2113 2114 
2115 2116 2120 
2116 2121 2120 
2116 2117 2121 
2117 2122 2121 
2117 2118 2122 
2118 2123 2122 
2118 2119 2123 
2120 2121 2124 
2121 2125 2124 
2121 2122 2125 
2122 2126 2125 
2122 2123 2126 
2124 2125 2127 
2125 2128 2127 
2125 2126 2128 
2127 2128 2129 
2130 2131 2135 
2131 2136 2135 
2131 2132 2136 
2132 2137 2136 
2132 2133 2137 
2133 2138 2137 
2133 2134 2138 
2135 2136 2139 
2136 2140 2139 
2136 2137 2140 
2137 2141 2140 
2137 2138 2141 
2139 2140 2142 
2140 2143 2142 
2140 2141 2143 
2142 2143 2144 
2145 2146 2150 
2146 2151 2150 
2146 2147 2151 
2147 2152 2151 
2147 2148 2152 
2148 2153 2152 
2148 2149 2153 
2150 2151 2154 
2151 2155 2154 
2151 2152 2155 
2152 2156 2155 
2152 2153 2156 
2154 2155 2157 
2155 2158 2157 
2155 2156 2158 
2157 2158 2159 
2160 2161 2165 
2161 2166 2165 
2161 2162 2166 
2162 2167 2166 
2162 2163 2167 
2163 2168 2167 
2163 2164 2168 
2165 2166 2169 
2166 2170 2169 
2166 2167 2170 
2167 2171 2170 
2167 2168 2171 
2169 2170 2172 
2170 2173 2172 
2170 2171 2173 
2172 2173 2174 
2175 2176 2180 
2176 2181 2180 
2176 2177 2181 
2177 2182 2181 
2177 2178 2182 
2178 2183 2182 
2178 2179 2183 
2180 2181 2184 
2181 2185 2184 
2181 2182 2185 
2182 2186 2185 
2182 2183 2186 
2184 2185 2187 
2185 2188 2187 
2185 2186 2188 
2187 2188 2189 
2190 2191 2195 
2191 2196 2195 
2191 2192 2196 
2192 2197 2196 
2192 2193 2197 
2193 2198 2197 
2193 2194 2198 
2195 2196 2199 
2196 2200 2199 
2196 2197 2200 
2197 2201 2200 
2197 2198 2201 
2199 2200 2202 
2200 2203 2202 
2200 2201 2203 
2202 2203 2204 
2205 2206 2210 
2206 2211 2210 
2206 2207 2211 
2207 2212 2211 
2207 2208 2212 
2208 2213 2212 
2208 2209 2213 
2210 2211 2214 
2211 2215 2214 
2211 2212 2215 
2212 2216 2215 
2212 2213 2216 
2214 2215 2217 
2215 2218 2217 
2215 2216 2218 
2217 2218 2219 
2220 2221 2225 
2221 2226 2225 
2221 2222 2226 
2222 2227 2226 
2222 2223 2227 
2223 2228 2227 
2223 2224 2228 
2225 2226 2229 
2226 2230 2229 
2226 2227 2230 
2227 2231 2230 
2227 2228 2231 
2229 2230 2232 
2230 2233 2232 
2230 2231 2233 
2232 2233 2234 
2235 2236 2240 
2236 2241 2240 
2236 2237 2241 
2237 2242 2241 
2237 2238 2242 
2238 2243 2242 
2238 2239 2243 
2240 2241 2244 
2241 2245 2244 
2241 2242 2245 
2242 2246 2245 
2242 2243 2246 
2244 2245 2247 
2245 2248 2247 
2245 2246 2248 
2247 2248 2249 
2250 2251 2255 
2251 2256 2255 
2251 2252 2256 
2252 2257 2256 
2252 2253 2257 
2253 2258 2257 
2253 2254 2258 
2255 2256 2259 
2256 2260 2259 
2256 2257 2260 
2257 2261 2260 
2257 2258 2261 
2259 2260 2262 
2260 2263 2262 
2260 2261 2263 
2262 2263 2264 
2265 2266 2270 
2266 2271 2270 
2266 2267 2271 
2267 2272 2271 
2267 2268 2272 
2268 2273 2272 
2268 2269 2273 
2270 2271 2274 
2271 2275 2274 
2271 2272 2275 
2272 2276 2275 
2272 2273 2276 
2274 2275 2277 
2275 2278 2277 
2275 2276 2278 
2277 2278 2279 
2280 2281 2285 
2281 2286 2285 
2281 2282 2286 
2282 2287 2286 
2282 2283 2287 
2283 2288 2287 
2283 2284 2288 
2285 2286 2289 
2286 2290 2289 
2286 2287 2290 
2287 2291 2290 
2287 2288 2291 
2289 2290 2292 
2290 2293 2292 
2290 2291 2293 
2292 2293 2294 
2295 2296 2300 
2296 2301 2300 
2296 2297 2301 
2297 2302 2301 
2297 2298 2302 
2298 2303 2302 
2298 2299 2303 
2300 2301 2304 
2301 2305 2304 
2301 2302 2305 
2302 2306 2305 
2302 2303 2306 
2304 2305 2307 
2305 2308 2307 
2305 2306 2308 
2307 2308 2309 
2310 2311 2315 
2311 2316 2315 
2311 2312 2316 
2312 2317 2316 
2312 2313 2317 
2313 2318 2317 
2313 2314 2318 
2315 2316 2319 
2316 2320 2319 
2316 2317 2320 
2317 2321 2320 
2317 2318 2321 
2319 2320 2322 
2320 2323 2322 
2320 2321 2323 
2322 2323 2324 
2325 2326 2330 
2326 2331 2330 
2326 2327 2331 
2327 2332 2331 
2327 2328 2332 
2328 2333 2332 
2328 2329 2333 
2330 2331 2334 
2331 2335 2334 
2331 2332 2335 
2332 2336 2335 
2332 2333 2336 
2334 2335 2337 
2335 2338 2337 
2335 2336 2338 
2337 2338 2339 
2340 2341 2345 
2341 2346 2345 
2341 2342 2346 
2342 2347 2346 
2342 2343 2347 
2343 2348 2347 
2343 2344 2348 
2345 2346 2349 
2346 2350 2349 
2346 2347 2350 
2347 2351 2350 
2347 2348 2351 
2349 2350 2352 
2350 2353 2352 
2350 2351 2353 
2352 2353 2354 
2355 2356 2360 
2356 2361 2360 
2356 2357 2361 
2357 2362 2361 
2357 2358 2362 
2358 2363 2362 
2358 2359 2363 
2360 2361 2364 
2361 2365 2364 
2361 2362 2365 
2362 2366 2365 
2362 2363 2366 
2364 2365 2367 
2365 2368 2367 
2365 2366 2368 
2367 2368 2369 
2370 2371 2375 
2371 2376 2375 
2371 2372 2376 
2372 2377 2376 
2372 2373 2377 
2373 2378 2377 
2373 2374 2378 
2375 2376 2379 
2376 2380 2379 
2376 2377 2380 
2377 2381 2380 
2377 2378 2381 
2379 2380 2382 
2380 2383 2382 
2380 2381 2383 
2382 2383 2384 
2385 2386 2390 
2386 2391 2390 
2386 2387 2391 
2387 2392 2391 
2387 2388 2392 
2388 2393 2392 
2388 2389 2393 
2390 2391 2394 
2391 2395 2394 
2391 2392 2395 
2392 2396 2395 
2392 2393 2396 
2394 2395 2397 
2395 2398 2397 
2395 2396 2398 
2397 2398 2399 
2400 2401 2405 
2401 2406 2405 
2401 2402 2406 
2402 2407 2406 
2402 2403 2407 
2403 2408 2407 
2403 2404 2408 
2405 2406 2409 
2406 2410 2409 
2406 2407 2410 
2407 2411 2410 
2407 2408 2411 
2409 2410 2412 
2410 2413 2412 
2410 2411 2413 
2412 2413 2414 
2415 2416 2420 
2416 2421 2420 
2416 2417 2421 
2417 2422 2421 
2417 2418 2422 
2418 2423 2422 
2418 2419 2423 
2420 2421 2424 
2421 2425 2424 
2421 2422 2425 
2422 2426 2425 
2422 2423 2426 
2424 2425 2427 
2425 2428 2427 
2425 2426 2428 
2427 2428 2429 
2430 2431 2435 
2431 2436 2435 
2431 2432 2436 
2432 2437 2436 
2432 2433 2437 
2433 2438 2437 
2433 2434 2438 
2435 2436 2439 
2436 2440 2439 
2436 2437 2440 
2437 2441 2440 
2437 2438 2441 
2439 2440 2442 
2440 2443 2442 
2440 2441 2443 
2442 2443 2444 
2445 2446 2450 
2446 2451 2450 
2446 2447 2451 
2447 2452 2451 
2447 2448 2452 
2448 2453 2452 
2448 2449 2453 
2450 2451 2454 
2451 2455 2454 
2451 2452 2455 
2452 2456 2455 
2452 2453 2456 
2454 2455 2457 
2455 2458 2457 
2455 2456 2458 
2457 2458 2459 
2460 2461 2465 
2461 2466 2465 
2461 2462 2466 
2462 2467 2466 
2462 2463 2467 
2463 2468 2467 
2463 2464 2468 
2465 2466 2469 
2466 2470 2469 
2466 2467 2470 
2467 2471 2470 
2467 2468 2471 
2469 2470 2472 
2470 2473 2472 
2470 2471 2473 
2472 2473 2474 
2475 2476 2480 
2476 2481 2480 
2476 2477 2481 
2477 2482 2481 
2477 2478 2482 
2478 2483 2482 
2478 2479 2483 
2480 2481 2484 
2481 2485 2484 
2481 2482 2485 
2482 2486 2485 
2482 2483 2486 
2484 2485 2487 
2485 2488 2487 
2485 2486 2488 
2487 2488 2489 
2490 2491 2495 
2491 2496 2495 
2491 2492 2496 
2492 2497 2496 
2492 2493 2497 
2493 2498 2497 
2493 2494 2498 
2495 2496 2499 
2496 2500 2499 
2496 2497 2500 
2497 2501 2500 
2497 2498 2501 
2499 2500 2502 
2500 2503 2502 
2500 2501 2503 
2502 2503 2504 
2505 2506 2510 
2506 2511 2510 
2506 2507 2511 
2507 2512 2511 
2507 2508 2512 
2508 2513 2512 
2508 2509 2513 
2510 2511 2514 
2511 2515 2514 
2511 2512 2515 
2512 2516 2515 
2512 2513 2516 
2514 2515 2517 
2515 2518 2517 
2515 2516 2518 
2517 2518 2519 
2520 2521 2525 
2521 2526 2525 
2521 2522 2526 
2522 2527 2526 
2522 2523 2527 
2523 2528 2527 
2523 2524 2528 
2525 2526 2529 
2526 2530 2529 
2526 2527 2530 
2527 2531 2530 
2527 2528 2531 
2529 2530 2532 
2530 2533 2532 
2530 2531 2533 
2532 2533 2534 
2535 2536 2540 
2536 2541 2540 
2536 2537 2541 
2537 2542 2541 
2537 2538 2542 
2538 2543 2542 
2538 2539 2543 
2540 2541 2544 
2541 2545 2544 
2541 2542 2545 
2542 2546 2545 
2542 2543 2546 
2544 2545 2547 
2545 2548 2547 
2545 2546 2548 
2547 2548 2549 
2550 2551 2555 
2551 2556 2555 
2551 2552 2556 
2552 2557 2556 
2552 2553 2557 
2553 2558 2557 
2553 2554 2558 
2555 2556 2559 
2556 2560 2559 
2556 2557 2560 
2557 2561 2560 
2557 2558 2561 
2559 2560 2562 
2560 2563 2562 
2560 2561 2563 
2562 2563 2564 
2565 2566 2570 
2566 2571 2570 
2566 2567 2571 
2567 2572 2571 
2567 2568 2572 
2568 2573 2572 
2568 2569 2573 
2570 2571 2574 
2571 2575 2574 
2571 2572 2575 
2572 2576 2575 
2572 2573 2576 
2574 2575 2577 
2575 2578 2577 
2575 2576 2578 
2577 2578 2579 
2580 2581 2585 
2581 2586 2585 
2581 2582 2586 
2582 2587 2586 
2582 2583 2587 
2583 2588 2587 
2583 2584 2588 
2585 2586 2589 
2586 2590 2589 
2586 2587 2590 
2587 2591 2590 
2587 2588 2591 
2589 2590 2592 
2590 2593 2592 
2590 2591 2593 
2592 2593 2594 
2595 2596 2600 
2596 2601 2600 
2596 2597 2601 
2597 2602 2601 
2597 2598 2602 
2598 2603 2602 
2598 2599 2603 
2600 2601 2604 
2601 2605 2604 
2601 2602 2605 
2602 2606 2605 
2602 2603 2606 
2604 2605 2607 
2605 2608 2607 
2605 2606 2608 
2607 2608 2609 
2610 2611 2615 
2611 2616 2615 
2611 2612 2616 
2612 2617 2616 
2612 2613 2617 
2613 2618 2617 
2613 2614 2618 
2615 2616 2619 
2616 2620 2619 
2616 2617 2620 
2617 2621 2620 
2617 2618 2621 
2619 2620 2622 
2620 2623 2622 
2620 2621 2623 
2622 2623 2624 
2625 2626 2630 
2626 2631 2630 
2626 2627 2631 
2627 2632 2631 
2627 2628 2632 
2628 2633 2632 
2628 2629 2633 
2630 2631 2634 
2631 2635 2634 
2631 2632 2635 
2632 2636 2635 
2632 2633 2636 
2634 2635 2637 
2635 2638 2637 
2635 2636 2638 
2637 2638 2639 
2640 2641 2645 
2641 2646 2645 
2641 2642 2646 
2642 2647 2646 
2642 2643 2647 
2643 2648 2647 
2643 2644 2648 
2645 2646 2649 
2646 2650 2649 
2646 2647 2650 
2647 2651 2650 
2647 2648 2651 
2649 2650 2652 
2650 2653 2652 
2650 2651 2653 
2652 2653 2654 
2655 2656 2660 
2656 2661 2660 
2656 2657 2661 
2657 2662 2661 
2657 2658 2662 
2658 2663 2662 
2658 2659 2663 
2660 2661 2664 
2661 2665 2664 
2661 2662 2665 
2662 2666 2665 
2662 2663 2666 
2664 2665 2667 
2665 2668 2667 
2665 2666 2668 
2667 2668 2669 
2670 2671 2675 
2671 2676 2675 
2671 2672 2676 
2672 2677 2676 
2672 2673 2677 
2673 2678 2677 
2673 2674 2678 
2675 2676 2679 
2676 2680 2679 
2676 2677 2680 
2677 2681 2680 
2677 2678 2681 
2679 2680 2682 
2680 2683 2682 
2680 2681 2683 
2682 2683 2684 
2685 2686 2690 
2686 2691 2690 
2686 2687 2691 
2687 2692 2691 
2687 2688 2692 
2688 2693 2692 
2688 2689 2693 
2690 2691 2694 
2691 2695 2694 
2691 2692 2695 
2692 2696 2695 
2692 2693 2696 
2694 2695 2697 
2695 2698 2697 
2695 2696 2698 
2697 2698 2699 
2700 2701 2705 
2701 2706 2705 
2701 2702 2706 
2702 2707 2706 
2702 2703 2707 
2703 2708 2707 
2703 2704 2708 
2705 2706 2709 
2706 2710 2709 
2706 2707 2710 
2707 2711 2710 
2707 2708 2711 
2709 2710 2712 
2710 2713 2712 
2710 2711 2713 
2712 2713 2714 
2715 2716 2720 
2716 2721 2720 
2716 2717 2721 
2717 2722 2721 
2717 2718 2722 
2718 2723 2722 
2718 2719 2723 
2720 2721 2724 
2721 2725 2724 
2721 2722 2725 
2722 2726 2725 
2722 2723 2726 
2724 2725 2727 
2725 2728 2727 
2725 2726 2728 
2727 2728 2729 
2730 2731 2735 
2731 2736 2735 
2731 2732 2736 
2732 2737 2736 
2732 2733 2737 
2733 2738 2737 
2733 2734 2738 
2735 2736 2739 
2736 2740 2739 
2736 2737 2740 
2737 2741 2740 
2737 2738 2741 
2739 2740 2742 
2740 2743 2742 
2740 2741 2743 
2742 2743 2744 
2745 2746 2750 
2746 2751 2750 
2746 2747 2751 
2747 2752 2751 
2747 2748 2752 
2748 2753 2752 
2748 2749 2753 
2750 2751 2754 
2751 2755 2754 
2751 2752 2755 
2752 2756 2755 
2752 2753 2756 
2754 2755 2757 
2755 2758 2757 
2755 2756 2758 
2757 2758 2759 
2760 2761 2765 
2761 2766 2765 
2761 2762 2766 
2762 2767 2766 
2762 2763 2767 
2763 2768 2767 
2763 2764 2768 
2765 2766 2769 
2766 2770 2769 
2766 2767 2770 
2767 2771 2770 
2767 2768 2771 
2769 2770 2772 
2770 2773 2772 
2770 2771 2773 
2772 2773 2774 
2775 2776 2780 
2776 2781 2780 
2776 2777 2781 
2777 2782 2781 
2777 2778 2782 
2778 2783 2782 
2778 2779 2783 
2780 2781 2784 
2781 2785 2784 
2781 2782 2785 
2782 2786 2785 
2782 2783 2786 
2784 2785 2787 
2785 2788 2787 
2785 2786 2788 
2787 2788 2789 
2790 2791 2795 
2791 2796 2795 
2791 2792 2796 
2792 2797 2796 
2792 2793 2797 
2793 2798 2797 
2793 2794 2798 
2795 2796 2799 
2796 2800 2799 
2796 2797 2800 
2797 2801 2800 
2797 2798 2801 
2799 2800 2802 
2800 2803 2802 
2800 2801 2803 
2802 2803 2804 
2805 2806 2810 
2806 2811 2810 
2806 2807 2811 
2807 2812 2811 
2807 2808 2812 
2808 2813 2812 
2808 2809 2813 
2810 2811 2814 
2811 2815 2814 
2811 2812 2815 
2812 2816 2815 
2812 2813 2816 
2814 2815 2817 
2815 2818 2817 
2815 2816 2818 
2817 2818 2819 
2820 2821 2825 
2821 2826 2825 
2821 2822 2826 
2822 2827 2826 
2822 2823 2827 
2823 2828 2827 
2823 2824 2828 
2825 2826 2829 
2826 2830 2829 
2826 2827 2830 
2827 2831 2830 
2827 2828 2831 
2829 2830 2832 
2830 2833 2832 
2830 2831 2833 
2832 2833 2834 
2835 2836 2840 
2836 2841 2840 
2836 2837 2841 
2837 2842 2841 
2837 2838 2842 
2838 2843 2842 
2838 2839 2843 
2840 2841 2844 
2841 2845 2844 
2841 2842 2845 
2842 2846 2845 
2842 2843 2846 
2844 2845 2847 
2845 2848 2847 
2845 2846 2848 
2847 2848 2849 
2850 2851 2855 
2851 2856 2855 
2851 2852 2856 
2852 2857 2856 
2852 2853 2857 
2853 2858 2857 
2853 2854 2858 
2855 2856 2859 
2856 2860 2859 
2856 2857 2860 
2857 2861 2860 
2857 2858 2861 
2859 2860 2862 
2860 2863 2862 
2860 2861 2863 
2862 2863 2864 
2865 2866 2870 
2866 2871 2870 
2866 2867 2871 
2867 2872 2871 
2867 2868 2872 
2868 2873 2872 
2868 2869 2873 
2870 2871 2874 
2871 2875 2874 
2871 2872 2875 
2872 2876 2875 
2872 2873 2876 
2874 2875 2877 
2875 2878 2877 
2875 2876 2878 
2877 2878 2879 
2880 2881 2885 
2881 2886 2885 
2881 2882 2886 
2882 2887 2886 
2882 2883 2887 
2883 2888 2887 
2883 2884 2888 
2885 2886 2889 
2886 2890 2889 
2886 2887 2890 
2887 2891 2890 
2887 2888 2891 
2889 2890 2892 
2890 2893 2892 
2890 2891 2893 
2892 2893 2894 
2895 2896 2900 
2896 2901 2900 
2896 2897 2901 
2897 2902 2901 
2897 2898 2902 
2898 2903 2902 
2898 2899 2903 
2900 2901 2904 
2901 2905 2904 
2901 2902 2905 
2902 2906 2905 
2902 2903 2906 
2904 2905 2907 
2905 2908 2907 
2905 2906 2908 
2907 2908 2909 
2910 2911 2915 
2911 2916 2915 
2911 2912 2916 
2912 2917 2916 
2912 2913 2917 
2913 2918 2917 
2913 2914 2918 
2915 2916 2919 
2916 2920 2919 
2916 2917 2920 
2917 2921 2920 
2917 2918 2921 
2919 2920 2922 
2920 2923 2922 
2920 2921 2923 
2922 2923 2924 
2925 2926 2930 
2926 2931 2930 
2926 2927 2931 
2927 2932 2931 
2927 2928 2932 
2928 2933 2932 
2928 2929 2933 
2930 2931 2934 
2931 2935 2934 
2931 2932 2935 
2932 2936 2935 
2932 2933 2936 
2934 2935 2937 
2935 2938 2937 
2935 2936 2938 
2937 2938 2939 
2940 2941 2945 
2941 2946 2945 
2941 2942 2946 
2942 2947 2946 
2942 2943 2947 
2943 2948 2947 
2943 2944 2948 
2945 2946 2949 
2946 2950 2949 
2946 2947 2950 
2947 2951 2950 
2947 2948 2951 
2949 2950 2952 
2950 2953 2952 
2950 2951 2953 
2952 2953 2954 
2955 2956 2960 
2956 2961 2960 
2956 2957 2961 
2957 2962 2961 
2957 2958 2962 
2958 2963 2962 
2958 2959 2963 
2960 2961 2964 
2961 2965 2964 
2961 2962 2965 
2962 2966 2965 
2962 2963 2966 
2964 2965 2967 
2965 2968 2967 
2965 2966 2968 
2967 2968 2969 
2970 2971 2975 
2971 2976 2975 
2971 2972 2976 
2972 2977 2976 
2972 2973 2977 
2973 2978 2977 
2973 2974 2978 
2975 2976 2979 
2976 2980 2979 
2976 2977 2980 
2977 2981 2980 
2977 2978 2981 
2979 2980 2982 
2980 2983 2982 
2980 2981 2983 
2982 2983 2984 
2985 2986 2990 
2986 2991 2990 
2986 2987 2991 
2987 2992 2991 
2987 2988 2992 
2988 2993 2992 
2988 2989 2993 
2990 2991 2994 
2991 2995 2994 
2991 2992 2995 
2992 2996 2995 
2992 2993 2996 
2994 2995 2997 
2995 2998 2997 
2995 2996 2998 
2997 2998 2999 
3000 3001 3005 
3001 3006 3005 
3001 3002 3006 
3002 3007 3006 
3002 3003 3007 
3003 3008 3007 
3003 3004 3008 
3005 3006 3009 
3006 3010 3009 
3006 3007 3010 
3007 3011 3010 
3007 3008 3011 
3009 3010 3012 
3010 3013 3012 
3010 3011 3013 
3012 3013 3014 
3015 3016 3020 
3016 3021 3020 
3016 3017 3021 
3017 3022 3021 
3017 3018 3022 
3018 3023 3022 
3018 3019 3023 
3020 3021 3024 
3021 3025 3024 
3021 3022 3025 
3022 3026 3025 
3022 3023 3026 
3024 3025 3027 
3025 3028 3027 
3025 3026 3028 
3027 3028 3029 
3030 3031 3035 
3031 3036 3035 
3031 3032 3036 
3032 3037 3036 
3032 3033 3037 
3033 3038 3037 
3033 3034 3038 
3035 3036 3039 
3036 3040 3039 
3036 3037 3040 
3037 3041 3040 
3037 3038 3041 
3039 3040 3042 
3040 3043 3042 
3040 3041 3043 
3042 3043 3044 
3045 3046 3050 
3046 3051 3050 
3046 3047 3051 
3047 3052 3051 
3047 3048 3052 
3048 3053 3052 
3048 3049 3053 
3050 3051 3054 
3051 3055 3054 
3051 3052 3055 
3052 3056 3055 
3052 3053 3056 
3054 3055 3057 
3055 3058 3057 
3055 3056 3058 
3057 3058 3059 
3060 3061 3065 
3061 3066 3065 
3061 3062 3066 
3062 3067 3066 
3062 3063 3067 
3063 3068 3067 
3063 3064 3068 
3065 3066 3069 
3066 3070 3069 
3066 3067 3070 
3067 3071 3070 
3067 3068 3071 
3069 3070 3072 
3070 3073 3072 
3070 3071 3073 
3072 3073 3074 
3075 3076 3080 
3076 3081 3080 
3076 3077 3081 
3077 3082 3081 
3077 3078 3082 
3078 3083 3082 
3078 3079 3083 
3080 3081 3084 
3081 3085 3084 
3081 3082 3085 
3082 3086 3085 
3082 3083 3086 
3084 3085 3087 
3085 3088 3087 
3085 3086 3088 
3087 3088 3089 
3090 3091 3095 
3091 3096 3095 
3091 3092 3096 
3092 3097 3096 
3092 3093 3097 
3093 3098 3097 
3093 3094 3098 
3095 3096 3099 
3096 3100 3099 
3096 3097 3100 
3097 3101 3100 
3097 3098 3101 
3099 3100 3102 
3100 3103 3102 
3100 3101 3103 
3102 3103 3104 
3105 3106 3110 
3106 3111 3110 
3106 3107 3111 
3107 3112 3111 
3107 3108 3112 
3108 3113 3112 
3108 3109 3113 
3110 3111 3114 
3111 3115 3114 
3111 3112 3115 
3112 3116 3115 
3112 3113 3116 
3114 3115 3117 
3115 3118 3117 
3115 3116 3118 
3117 3118 3119 
3120 3121 3125 
3121 3126 3125 
3121 3122 3126 
3122 3127 3126 
3122 3123 3127 
3123 3128 3127 
3123 3124 3128 
3125 3126 3129 
3126 3130 3129 
3126 3127 3130 
3127 3131 3130 
3127 3128 3131 
3129 3130 3132 
3130 3133 3132 
3130 3131 3133 
3132 3133 3134 
3135 3136 3140 
3136 3141 3140 
3136 3137 3141 
3137 3142 3141 
3137 3138 3142 
3138 3143 3142 
3138 3139 3143 
3140 3141 3144 
3141 3145 3144 
3141 3142 3145 
3142 3146 3145 
3142 3143 3146 
3144 3145 3147 
3145 3148 3147 
3145 3146 3148 
3147 3148 3149 
3150 3151 3155 
3151 3156 3155 
3151 3152 3156 
3152 3157 3156 
3152 3153 3157 
3153 3158 3157 
3153 3154 3158 
3155 3156 3159 
3156 3160 3159 
3156 3157 3160 
3157 3161 3160 
3157 3158 3161 
3159 3160 3162 
3160 3163 3162 
3160 3161 3163 
3162 3163 3164 
3165 3166 3170 
3166 3171 3170 
3166 3167 3171 
3167 3172 3171 
3167 3168 3172 
3168 3173 3172 
3168 3169 3173 
3170 3171 3174 
3171 3175 3174 
3171 3172 3175 
3172 3176 3175 
3172 3173 3176 
3174 3175 3177 
3175 3178 3177 
3175 3176 3178 
3177 3178 3179 
3180 3181 3185 
3181 3186 3185 
3181 3182 3186 
3182 3187 3186 
3182 3183 3187 
3183 3188 3187 
3183 3184 3188 
3185 3186 3189 
3186 3190 3189 
3186 3187 3190 
3187 3191 3190 
3187 3188 3191 
3189 3190 3192 
3190 3193 3192 
3190 3191 3193 
3192 3193 3194 
3195 3196 3200 
3196 3201 3200 
3196 3197 3201 
3197 3202 3201 
3197 3198 3202 
3198 3203 3202 
3198 3199 3203 
3200 3201 3204 
3201 3205 3204 
3201 3202 3205 
3202 3206 3205 
3202 3203 3206 
3204 3205 3207 
3205 3208 3207 
3205 3206 3208 
3207 3208 3209 
3210 3211 3215 
3211 3216 3215 
3211 3212 3216 
3212 3217 3216 
3212 3213 3217 
3213 3218 3217 
3213 3214 3218 
3215 3216 3219 
3216 3220 3219 
3216 3217 3220 
3217 3221 3220 
3217 3218 3221 
3219 3220 3222 
3220 3223 3222 
3220 3221 3223 
3222 3223 3224 
3225 3226 3230 
3226 3231 3230 
3226 3227 3231 
3227 3232 3231 
3227 3228 3232 
3228 3233 3232 
3228 3229 3233 
3230 3231 3234 
3231 3235 3234 
3231 3232 3235 
3232 3236 3235 
3232 3233 3236 
3234 3235 3237 
3235 3238 3237 
3235 3236 3238 
3237 3238 3239 
3240 3241 3245 
3241 3246 3245 
3241 3242 3246 
3242 3247 3246 
3242 3243 3247 
3243 3248 3247 
3243 3244 3248 
3245 3246 3249 
3246 3250 3249 
3246 3247 3250 
3247 3251 3250 
3247 3248 3251 
3249 3250 3252 
3250 3253 3252 
3250 3251 3253 
3252 3253 3254 
3255 3256 3260 
3256 3261 3260 
3256 3257 3261 
3257 3262 3261 
3257 3258 3262 
3258 3263 3262 
3258 3259 3263 
3260 3261 3264 
3261 3265 3264 
3261 3262 3265 
3262 3266 3265 
3262 3263 3266 
3264 3265 3267 
3265 3268 3267 
3265 3266 3268 
3267 3268 3269 
3270 3271 3275 
3271 3276 3275 
3271 3272 3276 
3272 3277 3276 
3272 3273 3277 
3273 3278 3277 
3273 3274 3278 
3275 3276 3279 
3276 3280 3279 
3276 3277 3280 
3277 3281 3280 
3277 3278 3281 
3279 3280 3282 
3280 3283 3282 
3280 3281 3283 
3282 3283 3284 
3285 3286 3290 
3286 3291 3290 
3286 3287 3291 
3287 3292 3291 
3287 3288 3292 
3288 3293 3292 
3288 3289 3293 
3290 3291 3294 
3291 3295 3294 
3291 3292 3295 
3292 3296 3295 
3292 3293 3296 
3294 3295 3297 
3295 3298 3297 
3295 3296 3298 
3297 3298 3299 
3300 3301 3305 
3301 3306 3305 
3301 3302 3306 
3302 3307 3306 
3302 3303 3307 
3303 3308 3307 
3303 3304 3308 
3305 3306 3309 
3306 3310 3309 
3306 3307 3310 
3307 3311 3310 
3307 3308 3311 
3309 3310 3312 
3310 3313 3312 
3310 3311 3313 
3312 3313 3314 
3315 3316 3320 
3316 3321 3320 
3316 3317 3321 
3317 3322 3321 
3317 3318 3322 
3318 3323 3322 
3318 3319 3323 
3320 3321 3324 
3321 3325 3324 
3321 3322 3325 
3322 3326 3325 
3322 3323 3326 
3324 3325 3327 
3325 3328 3327 
3325 3326 3328 
3327 3328 3329 
3330 3331 3335 
3331 3336 3335 
3331 3332 3336 
3332 3337 3336 
3332 3333 3337 
3333 3338 3337 
3333 3334 3338 
3335 3336 3339 
3336 3340 3339 
3336 3337 3340 
3337 3341 3340 
3337 3338 3341 
3339 3340 3342 
3340 3343 3342 
3340 3341 3343 
3342 3343 3344 
3345 3346 3350 
3346 3351 3350 
3346 3347 3351 
3347 3352 3351 
3347 3348 3352 
3348 3353 3352 
3348 3349 3353 
3350 3351 3354 
3351 3355 3354 
3351 3352 3355 
3352 3356 3355 
3352 3353 3356 
3354 3355 3357 
3355 3358 3357 
3355 3356 3358 
3357 3358 3359 
3360 3361 3365 
3361 3366 3365 
3361 3362 3366 
3362 3367 3366 
3362 3363 3367 
3363 3368 3367 
3363 3364 3368 
3365 3366 3369 
3366 3370 3369 
3366 3367 3370 
3367 3371 3370 
3367 3368 3371 
3369 3370 3372 
3370 3373 3372 
3370 3371 3373 
3372 3373 3374 
3375 3376 3380 
3376 3381 3380 
3376 3377 3381 
3377 3382 3381 
3377 3378 3382 
3378 3383 3382 
3378 3379 3383 
3380 3381 3384 
3381 3385 3384 
3381 3382 3385 
3382 3386 3385 
3382 3383 3386 
3384 3385 3387 
3385 3388 3387 
3385 3386 3388 
3387 3388 3389 
3390 3391 3395 
3391 3396 3395 
3391 3392 3396 
3392 3397 3396 
3392 3393 3397 
3393 3398 3397 
3393 3394 3398 
3395 3396 3399 
3396 3400 3399 
3396 3397 3400 
3397 3401 3400 
3397 3398 3401 
3399 3400 3402 
3400 3403 3402 
3400 3401 3403 
3402 3403 3404 
3405 3406 3410 
3406 3411 3410 
3406 3407 3411 
3407 3412 3411 
3407 3408 3412 
3408 3413 3412 
3408 3409 3413 
3410 3411 3414 
3411 3415 3414 
3411 3412 3415 
3412 3416 3415 
3412 3413 3416 
3414 3415 3417 
3415 3418 3417 
3415 3416 3418 
3417 3418 3419 
3420 3421 3425 
3421 3426 3425 
3421 3422 3426 
3422 3427 3426 
3422 3423 3427 
3423 3428 3427 
3423 3424 3428 
3425 3426 3429 
3426 3430 3429 
3426 3427 3430 
3427 3431 3430 
3427 3428 3431 
3429 3430 3432 
3430 3433 3432 
3430 3431 3433 
3432 3433 3434 
3435 3436 3440 
3436 3441 3440 
3436 3437 3441 
3437 3442 3441 
3437 3438 3442 
3438 3443 3442 
3438 3439 3443 
3440 3441 3444 
3441 3445 3444 
3441 3442 3445 
3442 3446 3445 
3442 3443 3446 
3444 3445 3447 
3445 3448 3447 
3445 3446 3448 
3447 3448 3449 
3450 3451 3455 
3451 3456 3455 
3451 3452 3456 
3452 3457 3456 
3452 3453 3457 
3453 3458 3457 
3453 3454 3458 
3455 3456 3459 
3456 3460 3459 
3456 3457 3460 
3457 3461 3460 
3457 3458 3461 
3459 3460 3462 
3460 3463 3462 
3460 3461 3463 
3462 3463 3464 
3465 3466 3470 
3466 3471 3470 
3466 3467 3471 
3467 3472 3471 
3467 3468 3472 
3468 3473 3472 
3468 3469 3473 
3470 3471 3474 
3471 3475 3474 
3471 3472 3475 
3472 3476 3475 
3472 3473 3476 
3474 3475 3477 
3475 3478 3477 
3475 3476 3478 
3477 3478 3479 
3480 3481 3485 
3481 3486 3485 
3481 3482 3486 
3482 3487 3486 
3482 3483 3487 
3483 3488 3487 
3483 3484 3488 
3485 3486 3489 
3486 3490 3489 
3486 3487 3490 
3487 3491 3490 
3487 3488 3491 
3489 3490 3492 
3490 3493 3492 
3490 3491 3493 
3492 3493 3494 
3495 3496 3500 
3496 3501 3500 
3496 3497 3501 
3497 3502 3501 
3497 3498 3502 
3498 3503 3502 
3498 3499 3503 
3500 3501 3504 
3501 3505 3504 
3501 3502 3505 
3502 3506 3505 
3502 3503 3506 
3504 3505 3507 
3505 3508 3507 
3505 3506 3508 
3507 3508 3509 
3510 3511 3515 
3511 3516 3515 
3511 3512 3516 
3512 3517 3516 
3512 3513 3517 
3513 3518 3517 
3513 3514 3518 
3515 3516 3519 
3516 3520 3519 
3516 3517 3520 
3517 3521 3520 
3517 3518 3521 
3519 3520 3522 
3520 3523 3522 
3520 3521 3523 
3522 3523 3524 
3525 3526 3530 
3526 3531 3530 
3526 3527 3531 
3527 3532 3531 
3527 3528 3532 
3528 3533 3532 
3528 3529 3533 
3530 3531 3534 
3531 3535 3534 
3531 3532 3535 
3532 3536 3535 
3532 3533 3536 
3534 3535 3537 
3535 3538 3537 
3535 3536 3538 
3537 3538 3539 
3540 3541 3545 
3541 3546 3545 
3541 3542 3546 
3542 3547 3546 
3542 3543 3547 
3543 3548 3547 
3543 3544 3548 
3545 3546 3549 
3546 3550 3549 
3546 3547 3550 
3547 3551 3550 
3547 3548 3551 
3549 3550 3552 
3550 3553 3552 
3550 3551 3553 
3552 3553 3554 
3555 3556 3560 
3556 3561 3560 
3556 3557 3561 
3557 3562 3561 
3557 3558 3562 
3558 3563 3562 
3558 3559 3563 
3560 3561 3564 
3561 3565 3564 
3561 3562 3565 
3562 3566 3565 
3562 3563 3566 
3564 3565 3567 
3565 3568 3567 
3565 3566 3568 
3567 3568 3569 
3570 3571 3575 
3571 3576 3575 
3571 3572 3576 
3572 3577 3576 
3572 3573 3577 
3573 3578 3577 
3573 3574 3578 
3575 3576 3579 
3576 3580 3579 
3576 3577 3580 
3577 3581 3580 
3577 3578 3581 
3579 3580 3582 
3580 3583 3582 
3580 3581 3583 
3582 3583 3584 
3585 3586 3590 
3586 3591 3590 
3586 3587 3591 
3587 3592 3591 
3587 3588 3592 
3588 3593 3592 
3588 3589 3593 
3590 3591 3594 
3591 3595 3594 
3591 3592 3595 
3592 3596 3595 
3592 3593 3596 
3594 3595 3597 
3595 3598 3597 
3595 3596 3598 
3597 3598 3599 
3600 3601 3605 
3601 3606 3605 
3601 3602 3606 
3602 3607 3606 
3602 3603 3607 
3603 3608 3607 
3603 3604 3608 
3605 3606 3609 
3606 3610 3609 
3606 3607 3610 
3607 3611 3610 
3607 3608 3611 
3609 3610 3612 
3610 3613 3612 
3610 3611 3613 
3612 3613 3614 
3615 3616 3620 
3616 3621 3620 
3616 3617 3621 
3617 3622 3621 
3617 3618 3622 
3618 3623 3622 
3618 3619 3623 
3620 3621 3624 
3621 3625 3624 
3621 3622 3625 
3622 3626 3625 
3622 3623 3626 
3624 3625 3627 
3625 3628 3627 
3625 3626 3628 
3627 3628 3629 
3630 3631 3635 
3631 3636 3635 
3631 3632 3636 
3632 3637 3636 
3632 3633 3637 
3633 3638 3637 
3633 3634 3638 
3635 3636 3639 
3636 3640 3639 
3636 3637 3640 
3637 3641 3640 
3637 3638 3641 
3639 3640 3642 
3640 3643 3642 
3640 3641 3643 
3642 3643 3644 
3645 3646 3650 
3646 3651 3650 
3646 3647 3651 
3647 3652 3651 
3647 3648 3652 
3648 3653 3652 
3648 3649 3653 
3650 3651 3654 
3651 3655 3654 
3651 3652 3655 
3652 3656 3655 
3652 3653 3656 
3654 3655 3657 
3655 3658 3657 
3655 3656 3658 
3657 3658 3659 
3660 3661 3665 
3661 3666 3665 
3661 3662 3666 
3662 3667 3666 
3662 3663 3667 
3663 3668 3667 
3663 3664 3668 
3665 3666 3669 
3666 3670 3669 
3666 3667 3670 
3667 3671 3670 
3667 3668 3671 
3669 3670 3672 
3670 3673 3672 
3670 3671 3673 
3672 3673 3674 
3675 3676 3680 
3676 3681 3680 
3676 3677 3681 
3677 3682 3681 
3677 3678 3682 
3678 3683 3682 
3678 3679 3683 
3680 3681 3684 
3681 3685 3684 
3681 3682 3685 
3682 3686 3685 
3682 3683 3686 
3684 3685 3687 
3685 3688 3687 
3685 3686 3688 
3687 3688 3689 
3690 3691 3695 
3691 3696 3695 
3691 3692 3696 
3692 3697 3696 
3692 3693 3697 
3693 3698 3697 
3693 3694 3698 
3695 3696 3699 
3696 3700 3699 
3696 3697 3700 
3697 3701 3700 
3697 3698 3701 
3699 3700 3702 
3700 3703 3702 
3700 3701 3703 
3702 3703 3704 
3705 3706 3710 
3706 3711 3710 
3706 3707 3711 
3707 3712 3711 
3707 3708 3712 
3708 3713 3712 
3708 3709 3713 
3710 3711 3714 
3711 3715 3714 
3711 3712 3715 
3712 3716 3715 
3712 3713 3716 
3714 3715 3717 
3715 3718 3717 
3715 3716 3718 
3717 3718 3719 
3720 3721 3725 
3721 3726 3725 
3721 3722 3726 
3722 3727 3726 
3722 3723 3727 
3723 3728 3727 
3723 3724 3728 
3725 3726 3729 
3726 3730 3729 
3726 3727 3730 
3727 3731 3730 
3727 3728 3731 
3729 3730 3732 
3730 3733 3732 
3730 3731 3733 
3732 3733 3734 
3735 3736 3740 
3736 3741 3740 
3736 3737 3741 
3737 3742 3741 
3737 3738 3742 
3738 3743 3742 
3738 3739 3743 
3740 3741 3744 
3741 3745 3744 
3741 3742 3745 
3742 3746 3745 
3742 3743 3746 
3744 3745 3747 
3745 3748 3747 
3745 3746 3748 
3747 3748 3749 
3750 3751 3755 
3751 3756 3755 
3751 3752 3756 
3752 3757 3756 
3752 3753 3757 
3753 3758 3757 
3753 3754 3758 
3755 3756 3759 
3756 3760 3759 
3756 3757 3760 
3757 3761 3760 
3757 3758 3761 
3759 3760 3762 
3760 3763 3762 
3760 3761 3763 
3762 3763 3764 
3765 3766 3770 
3766 3771 3770 
3766 3767 3771 
3767 3772 3771 
3767 3768 3772 
3768 3773 3772 
3768 3769 3773 
3770 3771 3774 
3771 3775 3774 
3771 3772 3775 
3772 3776 3775 
3772 3773 3776 
3774 3775 3777 
3775 3778 3777 
3775 3776 3778 
3777 3778 3779 
3780 3781 3785 
3781 3786 3785 
3781 3782 3786 
3782 3787 3786 
3782 3783 3787 
3783 3788 3787 
3783 3784 3788 
3785 3786 3789 
3786 3790 3789 
3786 3787 3790 
3787 3791 3790 
3787 3788 3791 
3789 3790 3792 
3790 3793 3792 
3790 3791 3793 
3792 3793 3794 
3795 3796 3800 
3796 3801 3800 
3796 3797 3801 
3797 3802 3801 
3797 3798 3802 
3798 3803 3802 
3798 3799 3803 
3800 3801 3804 
3801 3805 3804 
3801 3802 3805 
3802 3806 3805 
3802 3803 3806 
3804 3805 3807 
3805 3808 3807 
3805 3806 3808 
3807 3808 3809 
3810 3811 3815 
3811 3816 3815 
3811 3812 3816 
3812 3817 3816 
3812 3813 3817 
3813 3818 3817 
3813 3814 3818 
3815 3816 3819 
3816 3820 3819 
3816 3817 3820 
3817 3821 3820 
3817 3818 3821 
3819 3820 3822 
3820 3823 3822 
3820 3821 3823 
3822 3823 3824 
3825 3826 3830 
3826 3831 3830 
3826 3827 3831 
3827 3832 3831 
3827 3828 3832 
3828 3833 3832 
3828 3829 3833 
3830 3831 3834 
3831 3835 3834 
3831 3832 3835 
3832 3836 3835 
3832 3833 3836 
3834 3835 3837 
3835 3838 3837 
3835 3836 3838 
3837 3838 3839 
3840 3841 3845 
3841 3846 3845 
3841 3842 3846 
3842 3847 3846 
3842 3843 3847 
3843 3848 3847 
3843 3844 3848 
3845 3846 3849 
3846 3850 3849 
3846 3847 3850 
3847 3851 3850 
3847 3848 3851 
3849 3850 3852 
3850 3853 3852 
3850 3851 3853 
3852 3853 3854 
3855 3856 3860 
3856 3861 3860 
3856 3857 3861 
3857 3862 3861 
3857 3858 3862 
3858 3863 3862 
3858 3859 3863 
3860 3861 3864 
3861 3865 3864 
3861 3862 3865 
3862 3866 3865 
3862 3863 3866 
3864 3865 3867 
3865 3868 3867 
3865 3866 3868 
3867 3868 3869 
3870 3871 3875 
3871 3876 3875 
3871 3872 3876 
3872 3877 3876 
3872 3873 3877 
3873 3878 3877 
3873 3874 3878 
3875 3876 3879 
3876 3880 3879 
3876 3877 3880 
3877 3881 3880 
3877 3878 3881 
3879 3880 3882 
3880 3883 3882 
3880 3881 3883 
3882 3883 3884 
3885 3886 3890 
3886 3891 3890 
3886 3887 3891 
3887 3892 3891 
3887 3888 3892 
3888 3893 3892 
3888 3889 3893 
3890 3891 3894 
3891 3895 3894 
3891 3892 3895 
3892 3896 3895 
3892 3893 3896 
3894 3895 3897 
3895 3898 3897 
3895 3896 3898 
3897 3898 3899 
3900 3901 3905 
3901 3906 3905 
3901 3902 3906 
3902 3907 3906 
3902 3903 3907 
3903 3908 3907 
3903 3904 3908 
3905 3906 3909 
3906 3910 3909 
3906 3907 3910 
3907 3911 3910 
3907 3908 3911 
3909 3910 3912 
3910 3913 3912 
3910 3911 3913 
3912 3913 3914 
3915 3916 3920 
3916 3921 3920 
3916 3917 3921 
3917 3922 3921 
3917 3918 3922 
3918 3923 3922 
3918 3919 3923 
3920 3921 3924 
3921 3925 3924 
3921 3922 3925 
3922 3926 3925 
3922 3923 3926 
3924 3925 3927 
3925 3928 3927 
3925 3926 3928 
3927 3928 3929 
3930 3931 3935 
3931 3936 3935 
3931 3932 3936 
3932 3937 3936 
3932 3933 3937 
3933 3938 3937 
3933 3934 3938 
3935 3936 3939 
3936 3940 3939 
3936 3937 3940 
3937 3941 3940 
3937 3938 3941 
3939 3940 3942 
3940 3943 3942 
3940 3941 3943 
3942 3943 3944 
3945 3946 3950 
3946 3951 3950 
3946 3947 3951 
3947 3952 3951 
3947 3948 3952 
3948 3953 3952 
3948 3949 3953 
3950 3951 3954 
3951 3955 3954 
3951 3952 3955 
3952 3956 3955 
3952 3953 3956 
3954 3955 3957 
3955 3958 3957 
3955 3956 3958 
3957 3958 3959 
3960 3961 3965 
3961 3966 3965 
3961 3962 3966 
3962 3967 3966 
3962 3963 3967 
3963 3968 3967 
3963 3964 3968 
3965 3966 3969 
3966 3970 3969 
3966 3967 3970 
3967 3971 3970 
3967 3968 3971 
3969 3970 3972 
3970 3973 3972 
3970 3971 3973 
3972 3973 3974 
3975 3976 3980 
3976 3981 3980 
3976 3977 3981 
3977 3982 3981 
3977 3978 3982 
3978 3983 3982 
3978 3979 3983 
3980 3981 3984 
3981 3985 3984 
3981 3982 3985 
3982 3986 3985 
3982 3983 3986 
3984 3985 3987 
3985 3988 3987 
3985 3986 3988 
3987 3988 3989 
3990 3991 3995 
3991 3996 3995 
3991 3992 3996 
3992 3997 3996 
3992 3993 3997 
3993 3998 3997 
3993 3994 3998 
3995 3996 3999 
3996 4000 3999 
3996 3997 4000 
3997 4001 4000 
3997 3998 4001 
3999 4000 4002 
4000 4003 4002 
4000 4001 4003 
4002 4003 4004 
4005 4006 4010 
4006 4011 4010 
4006 4007 4011 
4007 4012 4011 
4007 4008 4012 
4008 4013 4012 
4008 4009 4013 
4010 4011 4014 
4011 4015 4014 
4011 4012 4015 
4012 4016 4015 
4012 4013 4016 
4014 4015 4017 
4015 4018 4017 
4015 4016 4018 
4017 4018 4019 
4020 4021 4025 
4021 4026 4025 
4021 4022 4026 
4022 4027 4026 
4022 4023 4027 
4023 4028 4027 
4023 4024 4028 
4025 4026 4029 
4026 4030 4029 
4026 4027 4030 
4027 4031 4030 
4027 4028 4031 
4029 4030 4032 
4030 4033 4032 
4030 4031 4033 
4032 4033 4034 
4035 4036 4040 
4036 4041 4040 
4036 4037 4041 
4037 4042 4041 
4037 4038 4042 
4038 4043 4042 
4038 4039 4043 
4040 4041 4044 
4041 4045 4044 
4041 4042 4045 
4042 4046 4045 
4042 4043 4046 
4044 4045 4047 
4045 4048 4047 
4045 4046 4048 
4047 4048 4049 
4050 4051 4055 
4051 4056 4055 
4051 4052 4056 
4052 4057 4056 
4052 4053 4057 
4053 4058 4057 
4053 4054 4058 
4055 4056 4059 
4056 4060 4059 
4056 4057 4060 
4057 4061 4060 
4057 4058 4061 
4059 4060 4062 
4060 4063 4062 
4060 4061 4063 
4062 4063 4064 
4065 4066 4070 
4066 4071 4070 
4066 4067 4071 
4067 4072 4071 
4067 4068 4072 
4068 4073 4072 
4068 4069 4073 
4070 4071 4074 
4071 4075 4074 
4071 4072 4075 
4072 4076 4075 
4072 4073 4076 
4074 4075 4077 
4075 4078 4077 
4075 4076 4078 
4077 4078 4079 
4080 4081 4085 
4081 4086 4085 
4081 4082 4086 
4082 4087 4086 
4082 4083 4087 
4083 4088 4087 
4083 4084 4088 
4085 4086 4089 
4086 4090 4089 
4086 4087 4090 
4087 4091 4090 
4087 4088 4091 
4089 4090 4092 
4090 4093 4092 
4090 4091 4093 
4092 4093 4094 
4095 4096 4100 
4096 4101 4100 
4096 4097 4101 
4097 4102 4101 
4097 4098 4102 
4098 4103 4102 
4098 4099 4103 
4100 4101 4104 
4101 4105 4104 
4101 4102 4105 
4102 4106 4105 
4102 4103 4106 
4104 4105 4107 
4105 4108 4107 
4105 4106 4108 
4107 4108 4109 
4110 4111 4115 
4111 4116 4115 
4111 4112 4116 
4112 4117 4116 
4112 4113 4117 
4113 4118 4117 
4113 4114 4118 
4115 4116 4119 
4116 4120 4119 
4116 4117 4120 
4117 4121 4120 
4117 4118 4121 
4119 4120 4122 
4120 4123 4122 
4120 4121 4123 
4122 4123 4124 
4125 4126 4130 
4126 4131 4130 
4126 4127 4131 
4127 4132 4131 
4127 4128 4132 
4128 4133 4132 
4128 4129 4133 
4130 4131 4134 
4131 4135 4134 
4131 4132 4135 
4132 4136 4135 
4132 4133 4136 
4134 4135 4137 
4135 4138 4137 
4135 4136 4138 
4137 4138 4139 
4140 4141 4145 
4141 4146 4145 
4141 4142 4146 
4142 4147 4146 
4142 4143 4147 
4143 4148 4147 
4143 4144 4148 
4145 4146 4149 
4146 4150 4149 
4146 4147 4150 
4147 4151 4150 
4147 4148 4151 
4149 4150 4152 
4150 4153 4152 
4150 4151 4153 
4152 4153 4154 
4155 4156 4160 
4156 4161 4160 
4156 4157 4161 
4157 4162 4161 
4157 4158 4162 
4158 4163 4162 
4158 4159 4163 
4160 4161 4164 
4161 4165 4164 
4161 4162 4165 
4162 4166 4165 
4162 4163 4166 
4164 4165 4167 
4165 4168 4167 
4165 4166 4168 
4167 4168 4169 
4170 4171 4175 
4171 4176 4175 
4171 4172 4176 
4172 4177 4176 
4172 4173 4177 
4173 4178 4177 
4173 4174 4178 
4175 4176 4179 
4176 4180 4179 
4176 4177 4180 
4177 4181 4180 
4177 4178 4181 
4179 4180 4182 
4180 4183 4182 
4180 4181 4183 
4182 4183 4184 
4185 4186 4190 
4186 4191 4190 
4186 4187 4191 
4187 4192 4191 
4187 4188 4192 
4188 4193 4192 
4188 4189 4193 
4190 4191 4194 
4191 4195 4194 
4191 4192 4195 
4192 4196 4195 
4192 4193 4196 
4194 4195 4197 
4195 4198 4197 
4195 4196 4198 
4197 4198 4199 
4200 4201 4205 
4201 4206 4205 
4201 4202 4206 
4202 4207 4206 
4202 4203 4207 
4203 4208 4207 
4203 4204 4208 
4205 4206 4209 
4206 4210 4209 
4206 4207 4210 
4207 4211 4210 
4207 4208 4211 
4209 4210 4212 
4210 4213 4212 
4210 4211 4213 
4212 4213 4214 
4215 4216 4220 
4216 4221 4220 
4216 4217 4221 
4217 4222 4221 
4217 4218 4222 
4218 4223 4222 
4218 4219 4223 
4220 4221 4224 
4221 4225 4224 
4221 4222 4225 
4222 4226 4225 
4222 4223 4226 
4224 4225 4227 
4225 4228 4227 
4225 4226 4228 
4227 4228 4229 
4230 4231 4235 
4231 4236 4235 
4231 4232 4236 
4232 4237 4236 
4232 4233 4237 
4233 4238 4237 
4233 4234 4238 
4235 4236 4239 
4236 4240 4239 
4236 4237 4240 
4237 4241 4240 
4237 4238 4241 
4239 4240 4242 
4240 4243 4242 
4240 4241 4243 
4242 4243 4244 
4245 4246 4250 
4246 4251 4250 
4246 4247 4251 
4247 4252 4251 
4247 4248 4252 
4248 4253 4252 
4248 4249 4253 
4250 4251 4254 
4251 4255 4254 
4251 4252 4255 
4252 4256 4255 
4252 4253 4256 
4254 4255 4257 
4255 4258 4257 
4255 4256 4258 
4257 4258 4259 
4260 4261 4265 
4261 4266 4265 
4261 4262 4266 
4262 4267 4266 
4262 4263 4267 
4263 4268 4267 
4263 4264 4268 
4265 4266 4269 
4266 4270 4269 
4266 4267 4270 
4267 4271 4270 
4267 4268 4271 
4269 4270 4272 
4270 4273 4272 
4270 4271 4273 
4272 4273 4274 
4275 4276 4280 
4276 4281 4280 
4276 4277 4281 
4277 4282 4281 
4277 4278 4282 
4278 4283 4282 
4278 4279 4283 
4280 4281 4284 
4281 4285 4284 
4281 4282 4285 
4282 4286 4285 
4282 4283 4286 
4284 4285 4287 
4285 4288 4287 
4285 4286 4288 
4287 4288 4289 
4290 4291 4295 
4291 4296 4295 
4291 4292 4296 
4292 4297 4296 
4292 4293 4297 
4293 4298 4297 
4293 4294 4298 
4295 4296 4299 
4296 4300 4299 
4296 4297 4300 
4297 4301 4300 
4297 4298 4301 
4299 4300 4302 
4300 4303 4302 
4300 4301 4303 
4302 4303 4304 
4305 4306 4310 
4306 4311 4310 
4306 4307 4311 
4307 4312 4311 
4307 4308 4312 
4308 4313 4312 
4308 4309 4313 
4310 4311 4314 
4311 4315 4314 
4311 4312 4315 
4312 4316 4315 
4312 4313 4316 
4314 4315 4317 
4315 4318 4317 
4315 4316 4318 
4317 4318 4319 
4320 4321 4325 
4321 4326 4325 
4321 4322 4326 
4322 4327 4326 
4322 4323 4327 
4323 4328 4327 
4323 4324 4328 
4325 4326 4329 
4326 4330 4329 
4326 4327 4330 
4327 4331 4330 
4327 4328 4331 
4329 4330 4332 
4330 4333 4332 
4330 4331 4333 
4332 4333 4334 
4335 4336 4340 
4336 4341 4340 
4336 4337 4341 
4337 4342 4341 
4337 4338 4342 
4338 4343 4342 
4338 4339 4343 
4340 4341 4344 
4341 4345 4344 
4341 4342 4345 
4342 4346 4345 
4342 4343 4346 
4344 4345 4347 
4345 4348 4347 
4345 4346 4348 
4347 4348 4349 
4350 4351 4355 
4351 4356 4355 
4351 4352 4356 
4352 4357 4356 
4352 4353 4357 
4353 4358 4357 
4353 4354 4358 
4355 4356 4359 
4356 4360 4359 
4356 4357 4360 
4357 4361 4360 
4357 4358 4361 
4359 4360 4362 
4360 4363 4362 
4360 4361 4363 
4362 4363 4364 
4365 4366 4370 
4366 4371 4370 
4366 4367 4371 
4367 4372 4371 
4367 4368 4372 
4368 4373 4372 
4368 4369 4373 
4370 4371 4374 
4371 4375 4374 
4371 4372 4375 
4372 4376 4375 
4372 4373 4376 
4374 4375 4377 
4375 4378 4377 
4375 4376 4378 
4377 4378 4379 
4380 4381 4385 
4381 4386 4385 
4381 4382 4386 
4382 4387 4386 
4382 4383 4387 
4383 4388 4387 
4383 4384 4388 
4385 4386 4389 
4386 4390 4389 
4386 4387 4390 
4387 4391 4390 
4387 4388 4391 
4389 4390 4392 
4390 4393 4392 
4390 4391 4393 
4392 4393 4394 
4395 4396 4400 
4396 4401 4400 
4396 4397 4401 
4397 4402 4401 
4397 4398 4402 
4398 4403 4402 
4398 4399 4403 
4400 4401 4404 
4401 4405 4404 
4401 4402 4405 
4402 4406 4405 
4402 4403 4406 
4404 4405 4407 
4405 4408 4407 
4405 4406 4408 
4407 4408 4409 
4410 4411 4415 
4411 4416 4415 
4411 4412 4416 
4412 4417 4416 
4412 4413 4417 
4413 4418 4417 
4413 4414 4418 
4415 4416 4419 
4416 4420 4419 
4416 4417 4420 
4417 4421 4420 
4417 4418 4421 
4419 4420 4422 
4420 4423 4422 
4420 4421 4423 
4422 4423 4424 
4425 4426 4430 
4426 4431 4430 
4426 4427 4431 
4427 4432 4431 
4427 4428 4432 
4428 4433 4432 
4428 4429 4433 
4430 4431 4434 
4431 4435 4434 
4431 4432 4435 
4432 4436 4435 
4432 4433 4436 
4434 4435 4437 
4435 4438 4437 
4435 4436 4438 
4437 4438 4439 
4440 4441 4445 
4441 4446 4445 
4441 4442 4446 
4442 4447 4446 
4442 4443 4447 
4443 4448 4447 
4443 4444 4448 
4445 4446 4449 
4446 4450 4449 
4446 4447 4450 
4447 4451 4450 
4447 4448 4451 
4449 4450 4452 
4450 4453 4452 
4450 4451 4453 
4452 4453 4454 
4455 4456 4460 
4456 4461 4460 
4456 4457 4461 
4457 4462 4461 
4457 4458 4462 
4458 4463 4462 
4458 4459 4463 
4460 4461 4464 
4461 4465 4464 
4461 4462 4465 
4462 4466 4465 
4462 4463 4466 
4464 4465 4467 
4465 4468 4467 
4465 4466 4468 
4467 4468 4469 
4470 4471 4475 
4471 4476 4475 
4471 4472 4476 
4472 4477 4476 
4472 4473 4477 
4473 4478 4477 
4473 4474 4478 
4475 4476 4479 
4476 4480 4479 
4476 4477 4480 
4477 4481 4480 
4477 4478 4481 
4479 4480 4482 
4480 4483 4482 
4480 4481 4483 
4482 4483 4484 
4485 4486 4490 
4486 4491 4490 
4486 4487 4491 
4487 4492 4491 
4487 4488 4492 
4488 4493 4492 
4488 4489 4493 
4490 4491 4494 
4491 4495 4494 
4491 4492 4495 
4492 4496 4495 
4492 4493 4496 
4494 4495 4497 
4495 4498 4497 
4495 4496 4498 
4497 4498 4499 
4500 4501 4505 
4501 4506 4505 
4501 4502 4506 
4502 4507 4506 
4502 4503 4507 
4503 4508 4507 
4503 4504 4508 
4505 4506 4509 
4506 4510 4509 
4506 4507 4510 
4507 4511 4510 
4507 4508 4511 
4509 4510 4512 
4510 4513 4512 
4510 4511 4513 
4512 4513 4514 
</DataArray>
<DataArray type="Int32" Name="offsets" format="ascii">
3
6
9
12
15
18
21
24
27
30
33
36
39
42
45
48
51
54
57
60
63
66
69
72
75
78
81
84
87
90
93
96
99
102
105
108
111
114
117
120
123
126
129
132
135
138
141
144
147
150
153
156
159
162
165
168
171
174
177
180
183
186
189
192
195
198
201
204
207
210
213
216
219
222
225
228
231
234
237
240
243
246
249
252
255
258
261
264
267
270
273
276
279
282
285
288
291
294
297
300
303
306
309
312
315
318
321
324
327
330
333
336
339
342
345
348
351
354
357
360
363
366
369
372
375
378
381
384
387
390
393
396
399
402
405
408
411
414
417
420
423
426
429
432
435
438
441
444
447
450
453
456
459
462
465
468
471
474
477
480
483
486
489
492
495
498
501
504
507
510
513
516
519
522
525
528
531
534
537
540
543
546
549
552
555
558
561
564
567
570
573
576
579
582
585
588
591
594
597
600
603
606
609
612
615
618
621
624
627
630
633
636
639
642
645
648
651
654
657
660
663
666
669
672
675
678
681
684
687
690
693
696
699
702
705
708
711
714
717
720
723
726
729
732
735
738
741
744
747
750
753
756
759
762
765
768
771
774
777
780
783
786
789
792
795
798
801
804
807
810
813
816
819
822
825
828
831
834
837
840
843
846
849
852
855
858
861
864
867
870
873
876
879
882
885
888
891
894
897
900
903
906
909
912
915
918
921
924
927
930
933
936
939
942
945
948
951
954
957
960
963
966
969
972
975
978
981
984
987
990
993
996
999
1002
1005
1008
1011
1014
1017
1020
1023
1026
1029
1032
1035
1038
1041
1044
1047
1050
1053
1056
1059
1062
1065
1068
1071
1074
1077
1080
1083
1086
1089
1092
1095
1098
1101
1104
1107
1110
1113
1116
1119
1122
1125
1128
1131
1134
1137
1140
1143
1146
1149
1152
1155
1158
1161
1164
1167
1170
1173
1176
1179
1182
1185
1188
1191
1194
1197
1200
1203
1206
1209
1212
1215
1218
1221
1224
1227
1230
1233
1236
1239
1242
1245
1248
1251
1254
1257
1260
1263
1266
1269
1272
1275
1278
1281
1284
1287
1290
1293
1296
1299
1302
1305
1308
1311
1314
1317
1320
1323
1326
1329
1332
1335
1338
1341
1344
1347
1350
1353
1356
1359
1362
1365
1368
1371
1374
1377
1380
1383
1386
1389
1392
1395
1398
1401
1404
1407
1410
1413
1416
1419
1422
1425
1428
1431
1434
1437
1440
1443
1446
1449
1452
1455
1458
1461
1464
1467
1470
1473
1476
1479
1482
1485
1488
1491
1494
1497
1500
1503
1506
1509
1512
1515
1518
1521
1524
1527
1530
1533
1536
1539
1542
1545
1548
1551
1554
1557
1560
1563
1566
1569
1572
1575
1578
1581
1584
1587
1590
1593
1596
1599
1602
1605
1608
1611
1614
1617
1620
1623
1626
1629
1632
1635
1638
1641
1644
1647
1650
1653
1656
1659
1662
1665
1668
1671
1674
1677
1680
1683
1686
1689
1692
1695
1698
1701
1704
1707
1710
1713
1716
1719
1722
1725
1728
1731
1734
1737
1740
1743
1746
1749
1752
1755
1758
1761
1764
1767
1770
1773
1776
1779
1782
1785
1788
1791
1794
1797
1800
1803
1806
1809
1812
1815
1818
1821
1824
1827
1830
1833
1836
1839
1842
1845
1848
1851
1854
1857
1860
1863
1866
1869
1872
1875
1878
1881
1884
1887
1890
1893
1896
1899
1902
1905
1908
1911
1914
1917
1920
1923
1926
1929
1932
1935
1938
1941
1944
1947
1950
1953
1956
1959
1962
1965
1968
1971
1974
1977
1980
1983
1986
1989
1992
1995
1998
2001
2004
2007
2010
2013
2016
2019
2022
2025
2028
2031
2034
2037
2040
2043
2046
2049
2052
2055
2058
2061
2064
2067
2070
2073
2076
2079
2082
2085
2088
2091
2094
2097
2100
2103
2106
2109
2112
2115
2118
2121
2124
2127
2130
2133
2136
2139
2142
2145
2148
2151
2154
2157
2160
2163
2166
2169
2172
2175
2178
2181
2184
2187
2190
2193
2196
2199
2202
2205
2208
2211
2214
2217
2220
2223
2226
2229
2232
2235
2238
2241
2244
2247
2250
2253
2256
2259
2262
2265
2268
2271
2274
2277
2280
2283
2286
2289
2292
2295
2298
2301
2304
2307
2310
2313
2316
2319
2322
2325
2328
2331
2334
2337
2340
2343
2346
2349
2352
2355
2358
2361
2364
2367
2370
2373
2376
2379
2382
2385
2388
2391
2394
2397
2400
2403
2406
2409
2412
2415
2418
2421
2424
2427
2430
2433
2436
2439
2442
2445
2448
2451
2454
2457
2460
2463
2466
2469
2472
2475
2478
2481
2484
2487
2490
2493
2496
2499
2502
2505
2508
2511
2514
2517
2520
2523
2526
2529
2532
2535
2538
2541
2544
2547
2550
2553
2556
2559
2562
2565
2568
2571
2574
2577
2580
2583
2586
2589
2592
2595
2598
2601
2604
2607
2610
2613
2616
2619
2622
2625
2628
2631
2634
2637
2640
2643
2646
2649
2652
2655
2658
2661
2664
2667
2670
2673
2676
2679
2682
2685
2688
2691
2694
2697
2700
2703
2706
2709
2712
2715
2718
2721
2724
2727
2730
2733
2736
2739
2742
2745
2748
2751
2754
2757
2760
2763
2766
2769
2772
2775
2778
2781
2784
2787
2790
2793
2796
2799
2802
2805
2808
2811
2814
2817
2820
2823
2826
2829
2832
2835
2838
2841
2844
2847
2850
2853
2856
2859
2862
2865
2868
2871
2874
2877
2880
2883
2886
2889
2892
2895
2898
2901
2904
2907
2910
2913
2916
2919
2922
2925
2928
2931
2934
2937
2940
2943
2946
2949
2952
2955
2958
2961
2964
2967
2970
2973
2976
2979
2982
2985
2988
2991
2994
2997
3000
3003
3006
3009
3012
3015
3018
3021
3024
3027
3030
3033
3036
3039
3042
3045
3048
3051
3054
3057
3060
3063
3066
3069
3072
3075
3078
3081
3084
3087
3090
3093
3096
3099
3102
3105
3108
3111
3114
3117
3120
3123
3126
3129
3132
3135
3138
3141
3144
3147
3150
3153
3156
3159
3162
3165
3168
3171
3174
3177
3180
3183
3186
3189
3192
3195
3198
3201
3204
3207
3210
3213
3216
3219
3222
3225
3228
3231
3234
3237
3240
3243
3246
3249
3252
3255
3258
3261
3264
3267
3270
3273
3276
3279
3282
3285
3288
3291
3294
3297
3300
3303
3306
3309
3312
3315
3318
3321
3324
3327
3330
3333
3336
3339
3342
3345
3348
3351
3354
3357
3360
3363
3366
3369
3372
3375
3378
3381
3384
3387
3390
3393
3396
3399
3402
3405
3408
3411
3414
3417
3420
3423
3426
3429
3432
3435
3438
3441
3444
3447
3450
3453
3456
3459
3462
3465
3468
3471
3474
3477
3480
3483
3486
3489
3492
3495
3498
3501
3504
3507
3510
3513
3516
3519
3522
3525
3528
3531
3534
3537
3540
3543
3546
3549
3552
3555
3558
3561
3564
3567
3570
3573
3576
3579
3582
3585
3588
3591
3594
3597
3600
3603
3606
3609
3612
3615
3618
3621
3624
3627
3630
3633
3636
3639
3642
3645
3648
3651
3654
3657
3660
3663
3666
3669
3672
3675
3678
3681
3684
3687
3690
3693
3696
3699
3702
3705
3708
3711
3714
3717
3720
3723
3726
3729
3732
3735
3738
3741
3744
3747
3750
3753
3756
3759
3762
3765
3768
3771
3774
3777
3780
3783
3786
3789
3792
3795
3798
3801
3804
3807
3810
3813
3816
3819
3822
3825
3828
3831
3834
3837
3840
3843
3846
3849
3852
3855
3858
3861
3864
3867
3870
3873
3876
3879
3882
3885
3888
3891
3894
3897
3900
3903
3906
3909
3912
3915
3918
3921
3924
3927
3930
3933
3936
3939
3942
3945
3948
3951
3954
3957
3960
3963
3966
3969
3972
3975
3978
3981
3984
3987
3990
3993
3996
3999
4002
4005
4008
4011
4014
4017
4020
4023
4026
4029
4032
4035
4038
4041
4044
4047
4050
4053
4056
4059
4062
4065
4068
4071
4074
4077
4080
4083
4086
4089
4092
4095
4098
4101
4104
4107
4110
4113
4116
4119
4122
4125
4128
4131
4134
4137
4140
4143
4146
4149
4152
4155
4158
4161
4164
4167
4170
4173
4176
4179
4182
4185
4188
4191
4194
4197
4200
4203
4206
4209
4212
4215
4218
4221
4224
4227
4230
4233
4236
4239
4242
4245
4248
4251
4254
4257
4260
4263
4266
4269
4272
4275
4278
4281
4284
4287
4290
4293
4296
4299
4302
4305
4308
4311
4314
4317
4320
4323
4326
4329
4332
4335
4338
4341
4344
4347
4350
4353
4356
4359
4362
4365
4368
4371
4374
4377
4380
4383
4386
4389
4392
4395
4398
4401
4404
4407
4410
4413
4416
4419
4422
4425
4428
4431
4434
4437
4440
4443
4446
4449
4452
4455
4458
4461
4464
4467
4470
4473
4476
4479
4482
4485
4488
4491
4494
4497
4500
4503
4506
4509
4512
4515
4518
4521
4524
4527
4530
4533
4536
4539
4542
4545
4548
4551
4554
4557
4560
4563
4566
4569
4572
4575
4578
4581
4584
4587
4590
4593
4596
4599
4602
4605
4608
4611
4614
4617
4620
4623
4626
4629
4632
4635
4638
4641
4644
4647
4650
4653
4656
4659
4662
4665
4668
4671
4674
4677
4680
4683
4686
4689
4692
4695
4698
4701
4704
4707
4710
4713
4716
4719
4722
4725
4728
4731
4734
4737
4740
4743
4746
4749
4752
4755
4758
4761
4764
4767
4770
4773
4776
4779
4782
4785
4788
4791
4794
4797
4800
4803
4806
4809
4812
4815
4818
4821
4824
4827
4830
4833
4836
4839
4842
4845
4848
4851
4854
4857
4860
4863
4866
4869
4872
4875
4878
4881
4884
4887
4890
4893
4896
4899
4902
4905
4908
4911
4914
4917
4920
4923
4926
4929
4932
4935
4938
4941
4944
4947
4950
4953
4956
4959
4962
4965
4968
4971
4974
4977
4980
4983
4986
4989
4992
4995
4998
5001
5004
5007
5010
5013
5016
5019
5022
5025
5028
5031
5034
5037
5040
5043
5046
5049
5052
5055
5058
5061
5064
5067
5070
5073
5076
5079
5082
5085
5088
5091
5094
5097
5100
5103
5106
5109
5112
5115
5118
5121
5124
5127
5130
5133
5136
5139
5142
5145
5148
5151
5154
5157
5160
5163
5166
5169
5172
5175
5178
5181
5184
5187
5190
5193
5196
5199
5202
5205
5208
5211
5214
5217
5220
5223
5226
5229
5232
5235
5238
5241
5244
5247
5250
5253
5256
5259
5262
5265
5268
5271
5274
5277
5280
5283
5286
5289
5292
5295
5298
5301
5304
5307
5310
5313
5316
5319
5322
5325
5328
5331
5334
5337
5340
5343
5346
5349
5352
5355
5358
5361
5364
5367
5370
5373
5376
5379
5382
5385
5388
5391
5394
5397
5400
5403
5406
5409
5412
5415
5418
5421
5424
5427
5430
5433
5436
5439
5442
5445
5448
5451
5454
5457
5460
5463
5466
5469
5472
5475
5478
5481
5484
5487
5490
5493
5496
5499
5502
5505
5508
5511
5514
5517
5520
5523
5526
5529
5532
5535
5538
5541
5544
5547
5550
5553
5556
5559
5562
5565
5568
5571
5574
5577
5580
5583
5586
5589
5592
5595
5598
5601
5604
5607
5610
5613
5616
5619
5622
5625
5628
5631
5634
5637
5640
5643
5646
5649
5652
5655
5658
5661
5664
5667
5670
5673
5676
5679
5682
5685
5688
5691
5694
5697
5700
5703
5706
5709
5712
5715
5718
5721
5724
5727
5730
5733
5736
5739
5742
5745
5748
5751
5754
5757
5760
5763
5766
5769
5772
5775
5778
5781
5784
5787
5790
5793
5796
5799
5802
5805
5808
5811
5814
5817
5820
5823
5826
5829
5832
5835
5838
5841
5844
5847
5850
5853
5856
5859
5862
5865
5868
5871
5874
5877
5880
5883
5886
5889
5892
5895
5898
5901
5904
5907
5910
5913
5916
5919
5922
5925
5928
5931
5934
5937
5940
5943
5946
5949
5952
5955
5958
5961
5964
5967
5970
5973
5976
5979
5982
5985
5988
5991
5994
5997
6000
6003
6006
6009
6012
6015
6018
6021
6024
6027
6030
6033
6036
6039
6042
6045
6048
6051
6054
6057
6060
6063
6066
6069
6072
6075
6078
6081
6084
6087
6090
6093
6096
6099
6102
6105
6108
6111
6114
6117
6120
6123
6126
6129
6132
6135
6138
6141
6144
6147
6150
6153
6156
6159
6162
6165
6168
6171
6174
6177
6180
6183
6186
6189
6192
6195
6198
6201
6204
6207
6210
6213
6216
6219
6222
6225
6228
6231
6234
6237
6240
6243
6246
6249
6252
6255
6258
6261
6264
6267
6270
6273
6276
6279
6282
6285
6288
6291
6294
6297
6300
6303
6306
6309
6312
6315
6318
6321
6324
6327
6330
6333
6336
6339
6342
6345
6348
6351
6354
6357
6360
6363
6366
6369
6372
6375
6378
6381
6384
6387
6390
6393
6396
6399
6402
6405
6408
6411
6414
6417
6420
6423
6426
6429
6432
6435
6438
6441
6444
6447
6450
6453
6456
6459
6462
6465
6468
6471
6474
6477
6480
6483
6486
6489
6492
6495
6498
6501
6504
6507
6510
6513
6516
6519
6522
6525
6528
6531
6534
6537
6540
6543
6546
6549
6552
6555
6558
6561
6564
6567
6570
6573
6576
6579
6582
6585
6588
6591
6594
6597
6600
6603
6606
6609
6612
6615
6618
6621
6624
6627
6630
6633
6636
6639
6642
6645
6648
6651
6654
6657
6660
6663
6666
6669
6672
6675
6678
6681
6684
6687
6690
6693
6696
6699
6702
6705
6708
6711
6714
6717
6720
6723
6726
6729
6732
6735
6738
6741
6744
6747
6750
6753
6756
6759
6762
6765
6768
6771
6774
6777
6780
6783
6786
6789
6792
6795
6798
6801
6804
6807
6810
6813
6816
6819
6822
6825
6828
6831
6834
6837
6840
6843
6846
6849
6852
6855
6858
6861
6864
6867
6870
6873
6876
6879
6882
6885
6888
6891
6894
6897
6900
6903
6906
6909
6912
6915
6918
6921
6924
6927
6930
6933
6936
6939
6942
6945
6948
6951
6954
6957
6960
6963
6966
6969
6972
6975
6978
6981
6984
6987
6990
6993
6996
6999
7002
7005
7008
7011
7014
7017
7020
7023
7026
7029
7032
7035
7038
7041
7044
7047
7050
7053
7056
7059
7062
7065
7068
7071
7074
7077
7080
7083
7086
7089
7092
7095
7098
7101
7104
7107
7110
7113
7116
7119
7122
7125
7128
7131
7134
7137
7140
7143
7146
7149
7152
7155
7158
7161
7164
7167
7170
7173
7176
7179
7182
7185
7188
7191
7194
7197
7200
7203
7206
7209
7212
7215
7218
7221
7224
7227
7230
7233
7236
7239
7242
7245
7248
7251
7254
7257
7260
7263
7266
7269
7272
7275
7278
7281
7284
7287
7290
7293
7296
7299
7302
7305
7308
7311
7314
7317
7320
7323
7326
7329
7332
7335
7338
7341
7344
7347
7350
7353
7356
7359
7362
7365
7368
7371
7374
7377
7380
7383
7386
7389
7392
7395
7398
7401
7404
7407
7410
7413
7416
7419
7422
7425
7428
7431
7434
7437
7440
7443
7446
7449
7452
7455
7458
7461
7464
7467
7470
7473
7476
7479
7482
7485
7488
7491
7494
7497
7500
7503
7506
7509
7512
7515
7518
7521
7524
7527
7530
7533
7536
7539
7542
7545
7548
7551
7554
7557
7560
7563
7566
7569
7572
7575
7578
7581
7584
7587
7590
7593
7596
7599
7602
7605
7608
7611
7614
7617
7620
7623
7626
7629
7632
7635
7638
7641
7644
7647
7650
7653
7656
7659
7662
7665
7668
7671
7674
7677
7680
7683
7686
7689
7692
7695
7698
7701
7704
7707
7710
7713
7716
7719
7722
7725
7728
7731
7734
7737
7740
7743
7746
7749
7752
7755
7758
7761
7764
7767
7770
7773
7776
7779
7782
7785
7788
7791
7794
7797
7800
7803
7806
7809
7812
7815
7818
7821
7824
7827
7830
7833
7836
7839
7842
7845
7848
7851
7854
7857
7860
7863
7866
7869
7872
7875
7878
7881
7884
7887
7890
7893
7896
7899
7902
7905
7908
7911
7914
7917
7920
7923
7926
7929
7932
7935
7938
7941
7944
7947
7950
7953
7956
7959
7962
7965
7968
7971
7974
7977
7980
7983
7986
7989
7992
7995
7998
8001
8004
8007
8010
8013
8016
8019
8022
8025
8028
8031
8034
8037
8040
8043
8046
8049
8052
8055
8058
8061
8064
8067
8070
8073
8076
8079
8082
8085
8088
8091
8094
8097
8100
8103
8106
8109
8112
8115
8118
8121
8124
8127
8130
8133
8136
8139
8142
8145
8148
8151
8154
8157
8160
8163
8166
8169
8172
8175
8178
8181
8184
8187
8190
8193
8196
8199
8202
8205
8208
8211
8214
8217
8220
8223
8226
8229
8232
8235
8238
8241
8244
8247
8250
8253
8256
8259
8262
8265
8268
8271
8274
8277
8280
8283
8286
8289
8292
8295
8298
8301
8304
8307
8310
8313
8316
8319
8322
8325
8328
8331
8334
8337
8340
8343
8346
8349
8352
8355
8358
8361
8364
8367
8370
8373
8376
8379
8382
8385
8388
8391
8394
8397
8400
8403
8406
8409
8412
8415
8418
8421
8424
8427
8430
8433
8436
8439
8442
8445
8448
8451
8454
8457
8460
8463
8466
8469
8472
8475
8478
8481
8484
8487
8490
8493
8496
8499
8502
8505
8508
8511
8514
8517
8520
8523
8526
8529
8532
8535
8538
8541
8544
8547
8550
8553
8556
8559
8562
8565
8568
8571
8574
8577
8580
8583
8586
8589
8592
8595
8598
8601
8604
8607
8610
8613
8616
8619
8622
8625
8628
8631
8634
8637
8640
8643
8646
8649
8652
8655
8658
8661
8664
8667
8670
8673
8676
8679
8682
8685
8688
8691
8694
8697
8700
8703
8706
8709
8712
8715
8718
8721
8724
8727
8730
8733
8736
8739
8742
8745
8748
8751
8754
8757
8760
8763
8766
8769
8772
8775
8778
8781
8784
8787
8790
8793
8796
8799
8802
8805
8808
8811
8814
8817
8820
8823
8826
8829
8832
8835
8838
8841
8844
8847
8850
8853
8856
8859
8862
8865
8868
8871
8874
8877
8880
8883
8886
8889
8892
8895
8898
8901
8904
8907
8910
8913
8916
8919
8922
8925
8928
8931
8934
8937
8940
8943
8946
8949
8952
8955
8958
8961
8964
8967
8970
8973
8976
8979
8982
8985
8988
8991
8994
8997
9000
9003
9006
9009
9012
9015
9018
9021
9024
9027
9030
9033
9036
9039
9042
9045
9048
9051
9054
9057
9060
9063
9066
9069
9072
9075
9078
9081
9084
9087
9090
9093
9096
9099
9102
9105
9108
9111
9114
9117
9120
9123
9126
9129
9132
9135
9138
9141
9144
9147
9150
9153
9156
9159
9162
9165
9168
9171
9174
9177
9180
9183
9186
9189
9192
9195
9198
9201
9204
9207
9210
9213
9216
9219
9222
9225
9228
9231
9234
9237
9240
9243
9246
9249
9252
9255
9258
9261
9264
9267
9270
9273
9276
9279
9282
9285
9288
9291
9294
9297
9300
9303
9306
9309
9312
9315
9318
9321
9324
9327
9330
9333
9336
9339
9342
9345
9348
9351
9354
9357
9360
9363
9366
9369
9372
9375
9378
9381
9384
9387
9390
9393
9396
9399
9402
9405
9408
9411
9414
9417
9420
9423
9426
9429
9432
9435
9438
9441
9444
9447
9450
9453
9456
9459
9462
9465
9468
9471
9474
9477
9480
9483
9486
9489
9492
9495
9498
9501
9504
9507
9510
9513
9516
9519
9522
9525
9528
9531
9534
9537
9540
9543
9546
9549
9552
9555
9558
9561
9564
9567
9570
9573
9576
9579
9582
9585
9588
9591
9594
9597
9600
9603
9606
9609
9612
9615
9618
9621
9624
9627
9630
9633
9636
9639
9642
9645
9648
9651
9654
9657
9660
9663
9666
9669
9672
9675
9678
9681
9684
9687
9690
9693
9696
9699
9702
9705
9708
9711
9714
9717
9720
9723
9726
9729
9732
9735
9738
9741
9744
9747
9750
9753
9756
9759
9762
9765
9768
9771
9774
9777
9780
9783
9786
9789
9792
9795
9798
9801
9804
9807
9810
9813
9816
9819
9822
9825
9828
9831
9834
9837
9840
9843
9846
9849
9852
9855
9858
9861
9864
9867
9870
9873
9876
9879
9882
9885
9888
9891
9894
9897
9900
9903
9906
9909
9912
9915
9918
9921
9924
9927
9930
9933
9936
9939
9942
9945
9948
9951
9954
9957
9960
9963
9966
9969
9972
9975
9978
9981
9984
9987
9990
9993
9996
9999
10002
10005
10008
10011
10014
10017
10020
10023
10026
10029
10032
10035
10038
10041
10044
10047
10050
10053
10056
10059
10062
10065
10068
10071
10074
10077
10080
10083
10086
10089
10092
10095
10098
10101
10104
10107
10110
10113
10116
10119
10122
10125
10128
10131
10134
10137
10140
10143
10146
10149
10152
10155
10158
10161
10164
10167
10170
10173
10176
10179
10182
10185
10188
10191
10194
10197
10200
10203
10206
10209
10212
10215
10218
10221
10224
10227
10230
10233
10236
10239
10242
10245
10248
10251
10254
10257
10260
10263
10266
10269
10272
10275
10278
10281
10284
10287
10290
10293
10296
10299
10302
10305
10308
10311
10314
10317
10320
10323
10326
10329
10332
10335
10338
10341
10344
10347
10350
10353
10356
10359
10362
10365
10368
10371
10374
10377
10380
10383
10386
10389
10392
10395
10398
10401
10404
10407
10410
10413
10416
10419
10422
10425
10428
10431
10434
10437
10440
10443
10446
10449
10452
10455
10458
10461
10464
10467
10470
10473
10476
10479
10482
10485
10488
10491
10494
10497
10500
10503
10506
10509
10512
10515
10518
10521
10524
10527
10530
10533
10536
10539
10542
10545
10548
10551
10554
10557
10560
10563
10566
10569
10572
10575
10578
10581
10584
10587
10590
10593
10596
10599
10602
10605
10608
10611
10614
10617
10620
10623
10626
10629
10632
10635
10638
10641
10644
10647
10650
10653
10656
10659
10662
10665
10668
10671
10674
10677
10680
10683
10686
10689
10692
10695
10698
10701
10704
10707
10710
10713
10716
10719
10722
10725
10728
10731
10734
10737
10740
10743
10746
10749
10752
10755
10758
10761
10764
10767
10770
10773
10776
10779
10782
10785
10788
10791
10794
10797
10800
10803
10806
10809
10812
10815
10818
10821
10824
10827
10830
10833
10836
10839
10842
10845
10848
10851
10854
10857
10860
10863
10866
10869
10872
10875
10878
10881
10884
10887
10890
10893
10896
10899
10902
10905
10908
10911
10914
10917
10920
10923
10926
10929
10932
10935
10938
10941
10944
10947
10950
10953
10956
10959
10962
10965
10968
10971
10974
10977
10980
10983
10986
10989
10992
10995
10998
11001
11004
11007
11010
11013
11016
11019
11022
11025
11028
11031
11034
11037
11040
11043
11046
11049
11052
11055
11058
11061
11064
11067
11070
11073
11076
11079
11082
11085
11088
11091
11094
11097
11100
11103
11106
11109
11112
11115
11118
11121
11124
11127
11130
11133
11136
11139
11142
11145
11148
11151
11154
11157
11160
11163
11166
11169
11172
11175
11178
11181
11184
11187
11190
11193
11196
11199
11202
11205
11208
11211
11214
11217
11220
11223
11226
11229
11232
11235
11238
11241
11244
11247
11250
11253
11256
11259
11262
11265
11268
11271
11274
11277
11280
11283
11286
11289
11292
11295
11298
11301
11304
11307
11310
11313
11316
11319
11322
11325
11328
11331
11334
11337
11340
11343
11346
11349
11352
11355
11358
11361
11364
11367
11370
11373
11376
11379
11382
11385
11388
11391
11394
11397
11400
11403
11406
11409
11412
11415
11418
11421
11424
11427
11430
11433
11436
11439
11442
11445
11448
11451
11454
11457
11460
11463
11466
11469
11472
11475
11478
11481
11484
11487
11490
11493
11496
11499
11502
11505
11508
11511
11514
11517
11520
11523
11526
11529
11532
11535
11538
11541
11544
11547
11550
11553
11556
11559
11562
11565
11568
11571
11574
11577
11580
11583
11586
11589
11592
11595
11598
11601
11604
11607
11610
11613
11616
11619
11622
11625
11628
11631
11634
11637
11640
11643
11646
11649
11652
11655
11658
11661
11664
11667
11670
11673
11676
11679
11682
11685
11688
11691
11694
11697
11700
11703
11706
11709
11712
11715
11718
11721
11724
11727
11730
11733
11736
11739
11742
11745
11748
11751
11754
11757
11760
11763
11766
11769
11772
11775
11778
11781
11784
11787
11790
11793
11796
11799
11802
11805
11808
11811
11814
11817
11820
11823
11826
11829
11832
11835
11838
11841
11844
11847
11850
11853
11856
11859
11862
11865
11868
11871
11874
11877
11880
11883
11886
11889
11892
11895
11898
11901
11904
11907
11910
11913
11916
11919
11922
11925
11928
11931
11934
11937
11940
11943
11946
11949
11952
11955
11958
11961
11964
11967
11970
11973
11976
11979
11982
11985
11988
11991
11994
11997
12000
12003
12006
12009
12012
12015
12018
12021
12024
12027
12030
12033
12036
12039
12042
12045
12048
12051
12054
12057
12060
12063
12066
12069
12072
12075
12078
12081
12084
12087
12090
12093
12096
12099
12102
12105
12108
12111
12114
12117
12120
12123
12126
12129
12132
12135
12138
12141
12144
12147
12150
12153
12156
12159
12162
12165
12168
12171
12174
12177
12180
12183
12186
12189
12192
12195
12198
12201
12204
12207
12210
12213
12216
12219
12222
12225
12228
12231
12234
12237
12240
12243
12246
12249
12252
12255
12258
12261
12264
12267
12270
12273
12276
12279
12282
12285
12288
12291
12294
12297
12300
12303
12306
12309
12312
12315
12318
12321
12324
12327
12330
12333
12336
12339
12342
12345
12348
12351
12354
12357
12360
12363
12366
12369
12372
12375
12378
12381
12384
12387
12390
12393
12396
12399
12402
12405
12408
12411
12414
12417
12420
12423
12426
12429
12432
12435
12438
12441
12444
12447
12450
12453
12456
12459
12462
12465
12468
12471
12474
12477
12480
12483
12486
12489
12492
12495
12498
12501
12504
12507
12510
12513
12516
12519
12522
12525
12528
12531
12534
12537
12540
12543
12546
12549
12552
12555
12558
12561
12564
12567
12570
12573
12576
12579
12582
12585
12588
12591
12594
12597
12600
12603
12606
12609
12612
12615
12618
12621
12624
12627
12630
12633
12636
12639
12642
12645
12648
12651
12654
12657
12660
12663
12666
12669
12672
12675
12678
12681
12684
12687
12690
12693
12696
12699
12702
12705
12708
12711
12714
12717
12720
12723
12726
12729
12732
12735
12738
12741
12744
12747
12750
12753
12756
12759
12762
12765
12768
12771
12774
12777
12780
12783
12786
12789
12792
12795
12798
12801
12804
12807
12810
12813
12816
12819
12822
12825
12828
12831
12834
12837
12840
12843
12846
12849
12852
12855
12858
12861
12864
12867
12870
12873
12876
12879
12882
12885
12888
12891
12894
12897
12900
12903
12906
12909
12912
12915
12918
12921
12924
12927
12930
12933
12936
12939
12942
12945
12948
12951
12954
12957
12960
12963
12966
12969
12972
12975
12978
12981
12984
12987
12990
12993
12996
12999
13002
13005
13008
13011
13014
13017
13020
13023
13026
13029
13032
13035
13038
13041
13044
13047
13050
13053
13056
13059
13062
13065
13068
13071
13074
13077
13080
13083
13086
13089
13092
13095
13098
13101
13104
13107
13110
13113
13116
13119
13122
13125
13128
13131
13134
13137
13140
13143
13146
13149
13152
13155
13158
13161
13164
13167
13170
13173
13176
13179
13182
13185
13188
13191
13194
13197
13200
13203
13206
13209
13212
13215
13218
13221
13224
13227
13230
13233
13236
13239
13242
13245
13248
13251
13254
13257
13260
13263
13266
13269
13272
13275
13278
13281
13284
13287
13290
13293
13296
13299
13302
13305
13308
13311
13314
13317
13320
13323
13326
13329
13332
13335
13338
13341
13344
13347
13350
13353
13356
13359
13362
13365
13368
13371
13374
13377
13380
13383
13386
13389
13392
13395
13398
13401
13404
13407
13410
13413
13416
13419
13422
13425
13428
13431
13434
13437
13440
13443
13446
13449
13452
13455
13458
13461
13464
13467
13470
13473
13476
13479
13482
13485
13488
13491
13494
13497
13500
13503
13506
13509
13512
13515
13518
13521
13524
13527
13530
13533
13536
13539
13542
13545
13548
13551
13554
13557
13560
13563
13566
13569
13572
13575
13578
13581
13584
13587
13590
13593
13596
13599
13602
13605
13608
13611
13614
13617
13620
13623
13626
13629
13632
13635
13638
13641
13644
13647
13650
13653
13656
13659
13662
13665
13668
13671
13674
13677
13680
13683
13686
13689
13692
13695
13698
13701
13704
13707
13710
13713
13716
13719
13722
13725
13728
13731
13734
13737
13740
13743
13746
13749
13752
13755
13758
13761
13764
13767
13770
13773
13776
13779
13782
13785
13788
13791
13794
13797
13800
13803
13806
13809
13812
13815
13818
13821
13824
13827
13830
13833
13836
13839
13842
13845
13848
13851
13854
13857
13860
13863
13866
13869
13872
13875
13878
13881
13884
13887
13890
13893
13896
13899
13902
13905
13908
13911
13914
13917
13920
13923
13926
13929
13932
13935
13938
13941
13944
13947
13950
13953
13956
13959
13962
13965
13968
13971
13974
13977
13980
13983
13986
13989
13992
13995
13998
14001
14004
14007
14010
14013
14016
14019
14022
14025
14028
14031
14034
14037
14040
14043
14046
14049
14052
14055
14058
14061
14064
14067
14070
14073
14076
14079
14082
14085
14088
14091
14094
14097
14100
14103
14106
14109
14112
14115
14118
14121
14124
14127
14130
14133
14136
14139
14142
14145
14148
14151
14154
14157
14160
14163
14166
14169
14172
14175
14178
14181
14184
14187
14190
14193
14196
14199
14202
14205
14208
14211
14214
14217
14220
14223
14226
14229
14232
14235
14238
14241
14244
14247
14250
14253
14256
14259
14262
14265
14268
14271
14274
14277
14280
14283
14286
14289
14292
14295
14298
14301
14304
14307
14310
14313
14316
14319
14322
14325
14328
14331
14334
14337
14340
14343
14346
14349
14352
14355
14358
14361
14364
14367
14370
14373
14376
14379
14382
14385
14388
14391
14394
14397
14400
14403
14406
14409
14412
14415
14418
14421
14424
14427
14430
14433
14436
14439
14442
14445
14448
</DataArray>
<DataArray type="UInt8" Name="types" format="ascii">
5
5
5
5
5
5
5
5
5
5
5
5
5
5
5
5
5
5
5
5
5
5
5
5
5
5
5
5
5
5
5
5
5
5
5
5
5
5
5
5
5
5
5
5
5
5
5
5
5
5
5
5
5
5
5
5
5
5
5
5
5
5
5
5
5
5
5
5
5
5
5
5
5
5
5
5
5
5
5
5
5
5
5
5
5
5
5
5
5
5
5
5
5
5
5
5
5
5
5
5
5
5
5
5
5
5
5
5
5
5
5
5
5
5
5
5
5
5
5
5
5
5
5
5
5
5
5
5
5
5
5
5
5
5
5
5
5
5
5
5
5
5
5
5
5
5
5
5
5
5
5
5
5
5
5
5
5
5
5
5
5
5
5
5
5
5
5
5
5
5
5
5
5
5
5
5
5
5
5
5
5
5
5
5
5
5
5
5
5
5
5
5
5
5
5
5
5
5
5
5
5
5
5
5
5
5
5
5
5
5
5
5
5
5
5
5
5
5
5
5
5
5
5
5
5
5
5
5
5
5
5
5
5
5
5
5
5
5
5
5
5
5
5
5
5
5
5
5
5
5
5
5
5
5
5
5
5
5
5
5
5
5
5
5
5
5
5
5
5
5
5
5
5
5
5
5
5
5
5
5
5
5
5
5
5
5
5
5
5
5
5
5
5
5
5
5
5
5
5
5
5
5
5
5
5
5
5
5
5
5
5
5
5
5
5
5
5
5
5
5
5
5
5
5
5
5
5
5
5
5
5
5
5
5
5
5
5
5
5
5
5
5
5
5
5
5
5
5
5
5
5
5
5
5
5
5
5
5
5
5
5
5
5
5
5
5
5
5
5
5
5
5
5
5
5
5
5
5
5
5
5
5
5
5
5
5
5
5
5
5
5
5
5
5
5
5
5
5
5
5
5
5
5
5
5
5
5
5
5
5
5
5
5
5
5
5
5
5
5
5
5
5
5
5
5
5
5
5
5
5
5
5
5
5
5
5
5
5
5
5
5
5
5
5
5
5
5
5
5
5
5
5
5
5
5
5
5
5
5
5
5
5
5
5
5
5
5
5
5
5
5
5
5
5
5
5
5
5
5
5
5
5
5
5
5
5
5
5
5
5
5
5
5
5
5
5
5
5
5
5
5
5
5
5
5
5
5
5
5
5
5
5
5
5
5
5
5
5
5
5
5
5
5
5
5
5
5
5
5
5
5
5
5
5
5
5
5
5
5
5
5
5
5
5
5
5
5
5
5
5
5
5
5
5
5
5
5
5
5
5
5
5
5
5
5
5
5
5
5
5
5
5
5
5
5
5
5
5
5
5
5
5
5
5
5
5
5
5
5
5
5
5
5
5
5
5
5
5
5
5
5
5
5
5
5
5
5
5
5
5
5
5
5
5
5
5
5
5
5
5
5
5
5
5
5
5
5
5
5
5
5
5
5
5
5
5
5
5
5
5
5
5
5
5
5
5
5
5
5
5
5
5
5
5
5
5
5
5
5
5
5
5
5
5
5
5
5
5
5
5
5
5
5
5
5
5
5
5
5
5
5
5
5
5
5
5
5
5
5
5
5
5
5
5
5
5
5
5
5
5
5
5
5
5
5
5
5
5
5
5
5
5
5
5
5
5
5
5
5
5
5
5
5
5
5
5
5
5
5
5
5
5
5
5
5
5
5
5
5
5
5
5
5
5
5
5
5
5
5
5
5
5
5
5
5
5
5
5
5
5
5
5
5
5
5
5
5
5
5
5
5
5
5
5
5
5
5
5
5
5
5
5
5
5
5
5
5
5
5
5
5
5
5
5
5
5
5
5
5
5
5
5
5
5
5
5
5
5
5
5
5
5
5
5
5
5
5
5
5
5
5
5
5
5
5
5
5
5
5
5
5
5
5
5
5
5
5
5
5
5
5
5
5
5
5
5
5
5
5
5
5
5
5
5
5
5
5
5
5
5
5
5
5
5
5
5
5
5
5
5
5
5
5
5
5
5
5
5
5
5
5
5
5
5
5
5
5
5
5
5
5
5
5
5
5
5
5
5
5
5
5
5
5
5
5
5
5
5
5
5
5
5
5
5
5
5
5
5
5
5
5
5
5
5
5
5
5
5
5
5
5
5
5
5
5
5
5
5
5
5
5
5
5
5
5
5
5
5
5
5
5
5
5
5
5
5
5
5
5
5
5
5
5
5
5
5
5
5
5
5
5
5
5
5
5
5
5
5
5
5
5
5
5
5
5
5
5
5
5
5
5
5
5
5
5
5
5
5
5
5
5
5
5
5
5
5
5
5
5
5
5
5
5
5
5
5
5
5
5
5
5
5
5
5
5
5
5
5
5
5
5
5
5
5
5
5
5
5
5
5
5
5
5
5
5
5
5
5
5
5
5
5
5
5
5
5
5
5
5
5
5
5
5
5
5
5
5
5
5
5
5
5
5
5
5
5
5
5
5
5
5
5
5
5
5
5
5
5
5
5
5
5
5
5
5
5
5
5
5
5
5
5
5
5
5
5
5
5
5
5
5
5
5
5
5
5
5
5
5
5
5
5
5
5
5
5
5
5
5
5
5
5
5
5
5
5
5
5
5
5
5
5
5
5
5
5
5
5
5
5
5
5
5
5
5
5
5
5
5
5
5
5
5
5
5
5
5
5
5
5
5
5
5
5
5
5
5
5
5
5
5
5
5
5
5
5
5
5
5
5
5
5
5
5
5
5
5
5
5
5
5
5
5
5
5
5
5
5
5
5
5
5
5
5
5
5
5
5
5
5
5
5
5
5
5
5
5
5
5
5
5
5
5
5
5
5
5
5
5
5
5
5
5
5
5
5
5
5
5
5
5
5
5
5
5
5
5
5
5
5
5
5
5
5
5
5
5
5
5
5
5
5
5
5
5
5
5
5
5
5
5
5
5
5
5
5
5
5
5
5
5
5
5
5
5
5
5
5
5
5
5
5
5
5
5
5
5
5
5
5
5
5
5
5
5
5
5
5
5
5
5
5
5
5
5
5
5
5
5
5
5
5
5
5
5
5
5
5
5
5
5
5
5
5
5
5
5
5
5
5
5
5
5
5
5
5
5
5
5
5
5
5
5
5
5
5
5
5
5
5
5
5
5
5
5
5
5
5
5
5
5
5
5
5
5
5
5
5
5
5
5
5
5
5
5
5
5
5
5
5
5
5
5
5
5
5
5
5
5
5
5
5
5
5
5
5
5
5
5
5
5
5
5
5
5
5
5
5
5
5
5
5
5
5
5
5
5
5
5
5
5
5
5
5
5
5
5
5
5
5
5
5
5
5
5
5
5
5
5
5
5
5
5
5
5
5
5
5
5
5
5
5
5
5
5
5
5
5
5
5
5
5
5
5
5
5
5
5
5
5
5
5
5
5
5
5
5
5
5
5
5
5
5
5
5
5
5
5
5
5
5
5
5
5
5
5
5
5
5
5
5
5
5
5
5
5
5
5
5
5
5
5
5
5
5
5
5
5
5
5
5
5
5
5
5
5
5
5
5
5
5
5
5
5
5
5
5
5
5
5
5
5
5
5
5
5
5
5
5
5
5
5
5
5
5
5
5
5
5
5
5
5
5
5
5
5
5
5
5
5
5
5
5
5
5
5
5
5
5
5
5
5
5
5
5
5
5
5
5
5
5
5
5
5
5
5
5
5
5
5
5
5
5
5
5
5
5
5
5
5
5
5
5
5
5
5
5
5
5
5
5
5
5
5
5
5
5
5
5
5
5
5
5
5
5
5
5
5
5
5
5
5
5
5
5
5
5
5
5
5
5
5
5
5
5
5
5
5
5
5
5
5
5
5
5
5
5
5
5
5
5
5
5
5
5
5
5
5
5
5
5
5
5
5
5
5
5
5
5
5
5
5
5
5
5
5
5
5
5
5
5
5
5
5
5
5
5
5
5
5
5
5
5
5
5
5
5
5
5
5
5
5
5
5
5
5
5
5
5
5
5
5
5
5
5
5
5
5
5
5
5
5
5
5
5
5
5
5
5
5
5
5
5
5
5
5
5
5
5
5
5
5
5
5
5
5
5
5
5
5
5
5
5
5
5
5
5
5
5
5
5
5
5
5
5
5
5
5
5
5
5
5
5
5
5
5
5
5
5
5
5
5
5
5
5
5
5
5
5
5
5
5
5
5
5
5
5
5
5
5
5
5
5
5
5
5
5
5
5
5
5
5
5
5
5
5
5
5
5
5
5
5
5
5
5
5
5
5
5
5
5
5
5
5
5
5
5
5
5
5
5
5
5
5
5
5
5
5
5
5
5
5
5
5
5
5
5
5
5
5
5
5
5
5
5
5
5
5
5
5
5
5
5
5
5
5
5
5
5
5
5
5
5
5
5
5
5
5
5
5
5
5
5
5
5
5
5
5
5
5
5
5
5
5
5
5
5
5
5
5
5
5
5
5
5
5
5
5
5
5
5
5
5
5
5
5
5
5
5
5
5
5
5
5
5
5
5
5
5
5
5
5
5
5
5
5
5
5
5
5
5
5
5
5
5
5
5
5
5
5
5
5
5
5
5
5
5
5
5
5
5
5
5
5
5
5
5
5
5
5
5
5
5
5
5
5
5
5
5
5
5
5
5
5
5
5
5
5
5
5
5
5
5
5
5
5
5
5
5
5
5
5
5
5
5
5
5
5
5
5
5
5
5
5
5
5
5
5
5
5
5
5
5
5
5
5
5
5
5
5
5
5
5
5
5
5
5
5
5
5
5
5
5
5
5
5
5
5
5
5
5
5
5
5
5
5
5
5
5
5
5
5
5
5
5
5
5
5
5
5
5
5
5
5
5
5
5
5
5
5
5
5
5
5
5
5
5
5
5
5
5
5
5
5
5
5
5
5
5
5
5
5
5
5
5
5
5
5
5
5
5
5
5
5
5
5
5
5
5
5
5
5
5
5
5
5
5
5
5
5
5
5
5
5
5
5
5
5
5
5
5
5
5
5
5
5
5
5
5
5
5
5
5
5
5
5
5
5
5
5
5
5
5
5
5
5
5
5
5
5
5
5
5
5
5
5
5
5
5
5
5
5
5
5
5
5
5
5
5
5
5
5
5
5
5
5
5
5
5
5
5
5
5
5
5
5
5
5
5
5
5
5
5
5
5
5
5
5
5
5
5
5
5
5
5
5
5
5
5
5
5
5
5
5
5
5
5
5
5
5
5
5
5
5
5
5
5
5
5
5
5
5
5
5
5
5
5
5
5
5
5
5
5
5
5
5
5
5
5
5
5
5
5
5
5
5
5
5
5
5
5
5
5
5
5
5
5
5
5
5
5
5
5
5
5
5
5
5
5
5
5
5
5
5
5
5
5
5
5
5
5
5
5
5
5
5
5
5
5
5
5
5
5
5
5
5
5
5
5
5
5
5
5
5
5
5
5
5
5
5
5
5
5
5
5
5
5
5
5
5
5
5
5
5
5
5
5
5
5
5
5
5
5
5
5
5
5
5
5
5
5
5
5
5
5
5
5
5
5
5
5
5
5
5
5
5
5
5
5
5
5
5
5
5
5
5
5
5
5
5
5
5
5
5
5
5
5
5
5
5
5
5
5
5
5
5
5
5
5
5
5
5
5
5
5
5
5
5
5
5
5
5
5
5
5
5
5
5
5
5
5
5
5
5
5
5
5
5
5
5
5
5
5
5
5
5
5
5
5
5
5
5
5
5
5
5
5
5
5
5
5
5
5
5
5
5
5
5
5
5
5
5
5
5
5
5
5
5
5
5
5
5
5
5
5
5
5
5
5
5
5
5
5
5
5
5
5
5
5
5
5
5
5
5
5
5
5
5
5
5
5
5
5
5
5
5
5
5
5
5
5
5
5
5
5
5
5
5
5
5
5
5
5
5
5
5
5
5
5
5
5
5
5
5
5
5
5
5
5
5
5
5
5
5
5
5
5
5
5
5
5
5
5
5
5
5
5
5
5
5
5
5
5
5
5
5
5
5
5
5
5
5
5
5
5
5
5
5
5
5
5
5
5
5
5
5
5
5
5
5
5
5
5
5
5
5
5
5
5
5
5
5
5
5
5
5
5
5
5
5
5
5
5
5
5
5
5
5
5
5
5
5
5
5
5
5
5
5
5
5
5
5
5
5
5
5
5
5
5
5
5
5
5
5
5
5
5
5
5
5
5
5
5
5
5
5
5
5
5
5
5
5
5
5
5
5
5
5
5
5
5
5
5
5
5
5
5
5
5
5
5
5
5
5
5
5
5
5
5
5
5
5
5
5
5
5
5
5
5
5
5
5
5
5
5
5
5
5
5
5
5
5
5
5
5
5
5
5
5
5
5
5
5
5
5
5
5
5
5
5
5
5
5
5
5
5
5
5
5
5
5
5
5
5
5
5
5
5
5
5
5
5
5
5
5
5
5
5
5
5
5
5
5
5
5
5
5
5
5
5
5
5
5
5
5
5
5
5
5
5
5
5
5
5
5
5
5
5
5
5
5
5
5
5
5
5
5
5
5
5
5
5
5
5
5
5
5
5
5
5
5
5
5
5
5
5
5
5
5
5
5
5
5
5
5
5
5
5
5
5
5
5
5
5
5
5
5
5
5
5
5
5
5
5
5
5
5
5
5
5
5
5
5
5
5
5
5
5
5
5
5
5
5
5
5
5
5
5
5
5
5
5
5
5
5
5
5
5
5
5
5
5
5
5
5
5
5
5
5
5
5
5
5
5
5
5
5
5
5
5
5
5
5
5
5
5
5
5
5
5
5
5
5
5
5
5
5
5
5
5
5
5
5
5
5
5
5
5
5
5
5
5
5
5
5
5
5
5
5
5
5
5
5
5
5
5
5
5
5
5
5
5
5
5
5
5
5
5
5
5
5
5
5
5
5
5
5
5
5
5
5
5
5
5
5
5
5
5
5
5
5
5
5
5
5
5
5
5
5
5
5
5
5
5
5
5
5
5
5
5
5
5
5
5
5
5
5
5
5
5
5
5
5
5
5
5
5
5
5
5
5
5
5
5
5
5
5
5
5
5
5
5
5
5
5
5
5
5
5
5
5
5
5
5
5
5
5
5
5
5
5
5
5
5
5
5
5
5
5
5
5
5
5
5
5
5
5
5
5
5
5
5
5
5
5
5
5
5
5
5
5
5
5
5
5
5
5
5
5
5
5
5
5
5
5
5
5
5
5
5
5
5
5
5
5
5
5
5
5
5
5
5
5
5
5
5
5
5
5
5
5
5
5
5
5
5
5
5
5
5
5
5
5
5
5
5
5
5
5
5
5
5
5
5
5
5
5
5
5
5
5
5
5
5
5
5
5
5
5
5
5
5
5
5
5
5
5
5
5
5
5
5
5
5
5
5
5
5
5
5
5
5
5
5
5
5
5
5
5
5
5
5
5
5
5
5
5
5
5
5
5
5
5
5
5
5
5
5
5
5
5
5
5
5
5
5
5
5
5
5
5
5
5
5
5
5
5
5
5
5
5
5
5
5
5
5
5
5
5
5
5
5
5
5
5
5
5
5
5
5
5
5
5
5
5
5
5
5
5
5
5
5
5
5
5
5
5
5
5
5
5
5
5
5
5
5
5
5
5
5
5
5
5
5
5
5
5
5
5
5
5
5
5
5
5
5
5
5
5
5
5
5
5
5
5
5
5
5
5
5
5
5
5
5
5
5
5
5
5
5
5
5
5
5
5
5
5
5
5
5
5
5
5
5
5
5
5
5
5
5
5
5
5
5
5
5
5
5
5
5
5
5
5
5
5
5
5
5
5
5
5
5
5
5
5
5
5
5
5
5
5
5
5
5
5
5
5
5
5
5
5
5
5
5
5
5
5
5
5
5
5
5
5
5
5
5
5
5
5
5
5
5
5
5
5
5
5
5
5
5
5
5
5
5
5
5
5
5
5
5
5
5
5
5
5
5
5
5
5
5
5
5
5
5
5
5
5
5
5
5
5
5
5
5
5
5
5
5
5
5
5
5
5
5
5
5
5
5
5
5
5
5
5
5
5
5
5
5
5
5
5
5
5
5
5
5
5
5
5
5
5
5
5
5
5
5
5
5
5
5
5
5
5
5
5
5
5
5
5
5
5
5
5
5
5
5
5
5
5
5
5
5
5
5
5
5
5
5
5
5
5
5
5
5
5
5
5
5
5
5
5
5
5
5
5
5
5
5
5
5
5
5
5
5
5
5
5
5
5
5
5
5
5
5
5
5
5
5
5
5
5
5
5
5
5
5
5
5
5
5
5
5
5
5
5
5
5
5
5
5
5
5
5
5
5
5
5
5
5
5
5
5
5
5
5
5
5
5
5
5
5
5
5
5
5
5
5
5
5
5
5
5
5
5
5
5
5
5
5
5
5
5
5
5
5
5
5
5
5
5
5
5
5
5
5
5
5
5
5
5
5
5
5
5
5
5
5
5
5
5
5
5
5
5
5
5
5
5
5
5
5
5
5
5
5
5
5
5
5
5
5
5
5
5
5
5
5
5
5
5
5
5
5
5
5
5
5
5
5
5
5
5
5
5
5
5
5
5
5
5
5
5
5
5
5
5
5
5
5
5
5
5
5
5
5
5
5
5
5
5
5
5
5
5
5
5
5
5
5
5
5
5
5
5
5
5
5
5
5
5
5
5
5
5
5
5
5
5
5
5
5
5
5
5
5
5
5
5
5
5
5
5
5
5
5
5
5
5
5
5
5
5
5
5
5
5
5
5
5
5
5
5
5
5
5
5
5
5
5
5
5
5
5
5
5
5
5
5
5
5
5
5
5
5
5
5
5
5
5
5
5
5
5
5
5
5
5
5
5
5
5
5
5
5
5
5
5
5
5
5
5
5
5
5
5
5
5
5
5
5
5
5
5
5
5
5
5
5
5
5
5
5
5
5
5
5
5
5
5
5
5
5
5
5
5
5
5
5
5
5
5
5
5
5
5
5
5
5
5
5
5
5
5
5
5
5
5
5
5
5
5
5
5
5
5
5
5
5
5
5
5
5
5
5
5
5
5
5
5
5
5
5
5
5
5
5
5
5
5
5
5
5
5
5
5
5
5
5
5
5
5
5
5
5
5
5
5
5
5
5
5
5
5
5
5
5
5
5
5
5
5
5
5
5
5
5
5
5
5
5
5
5
5
5
5
5
5
5
5
5
5
5
5
5
5
5
5
5
5
5
5
5
5
5
5
5
5
5
5
5
5
5
5
5
5
5
5
5
5
5
5
5
5
5
5
5
5
5
5
5
5
5
5
5
5
5
5
5
5
5
5
5
5
5
5
5
5
5
5
5
5
5
5
5
5
5
5
5
5
5
5
5
5
5
5
5
5
5
5
5
5
5
5
5
5
5
5
5
5
5
5
5
5
5
5
5
5
5
5
5
5
5
5
5
5
5
5
5
5
5
5
5
5
5
5
5
5
5
5
5
5
5
5
5
5
5
5
5
5
5
5
5
5
5
5
5
5
5
5
5
5
5
5
5
5
5
5
5
5
5
5
5
5
5
5
5
5
5
5
5
5
5
5
5
5
5
5
5
5
5
5
5
5
5
5
5
5
5
5
5
5
5
5
5
5
5
5
5
5
5
5
5
5
5
5
5
5
5
5
5
5
5
5
5
5
5
5
5
5
5
5
5
5
5
5
5
5
5
5
5
5
5
5
5
5
5
5
5
5
5
5
5
5
5
5
5
5
5
5
5
5
5
5
5
5
5
5
5
5
5
5
5
5
5
5
5
5
5
5
5
5
5
5
5
5
5
5
5
5
5
5
5
5
5
5
5
5
5
5
5
5
5
5
5
5
5
5
5
5
5
5
5
5
5
5
5
5
5
5
5
5
5
5
5
5
5
5
5
5
5
5
5
5
5
5
5
5
5
5
5
5
5
5
5
5
5
5
5
5
5
5
5
5
5
5
5
5
5
5
5
5
5
5
5
5
5
5
5
5
5
5
5
5
5
5
5
5
5
5
5
5
5
5
5
5
5
5
5
5
5
5
5
5
5
5
5
5
5
5
5
5
5
5
5
5
5
5
5
5
5
5
5
5
5
5
5
5
5
5
5
5
5
5
5
5
5
5
5
5
5
5
5
5
5
5
5
5
5
5
5
5
5
5
5
5
5
5
5
5
5
5
5
5
5
5
5
5
5
5
5
5
5
5
5
5
5
5
5
5
5
5
5
5
5
5
5
5
5
5
5
5
5
5
5
5
5
5
5
5
5
5
5
5
5
5
5
5
5
5
5
5
5
5
5
5
5
5
5
5
5
5
5
5
5
5
5
5
5
5
5
5
5
5
5
5
5
5
5
5
5
5
5
5
5
5
5
5
5
5
5
5
5
5
5
5
5
5
5
5
5
5
5
5
5
5
5
5
5
5
5
5
5
5
5
5
5
5
5
5
5
5
5
5
5
5
5
5
5
5
5
5
5
5
5
5
5
5
5
5
5
5
5
5
5
5
5
5
5
5
5
5
5
5
5
5
5
5
5
5
5
5
5
5
5
5
5
5
5
5
5
5
5
5
5
5
5
5
5
5
5
5
5
5
5
5
5
5
5
5
5
5
5
5
5
5
5
5
5
5
5
5
5
5
5
5
5
5
5
5
5
5
5
5
5
5
5
5
5
5
5
5
5
5
5
5
5
5
5
5
5
5
5
5
5
5
5
5
5
5
5
5
5
5
5
5
5
5
5
5
5
5
5
5
5
5
5
5
5
5
5
5
5
5
5
5
5
5
5
5
5
5
5
5
5
5
5
5
5
5
5
5
5
5
5
5
5
5
5
5
5
5
5
5
5
5
5
5
5
5
5
5
5
5
5
5
5
5
5
5
5
5
5
5
5
5
5
5
5
5
5
5
5
5
5
5
5
5
5
5
5
5
5
5
5
5
5
5
5
5
5
5
5
5
5
5
5
</DataArray>
</Cells>
<PointData>
<DataArray type="Float32" Name="V1" format="ascii">
0.000000e+00
0.000000e+00
0.000000e+00
0.000000e+00
0.000000e+00
0.000000e+00
0.000000e+00
0.000000e+00
0.000000e+00
0.000000e+00
0.000000e+00
0.000000e+00
0.000000e+00
0.000000e+00
0.000000e+00
0.000000e+00
0.000000e+00
0.000000e+00
0.000000e+00
0.000000e+00
0.000000e+00
0.000000e+00
0.000000e+00
0.000000e+00
0.000000e+00
0.000000e+00
0.000000e+00
0.000000e+00
0.000000e+00
0.000000e+00
0.000000e+00
0.000000e+00
0.000000e+00
0.000000e+00
0.000000e+00
0.000000e+00
0.000000e+00
0.000000e+00
0.000000e+00
0.000000e+00
0.000000e+00
0.000000e+00
0.000000e+00
0.000000e+00
0.000000e+00
0.000000e+00
0.000000e+00
0.000000e+00
0.000000e+00
0.000000e+00
0.000000e+00
0.000000e+00
0.000000e+00
0.000000e+00
0.000000e+00
0.000000e+00
0.000000e+00
0.000000e+00
0.000000e+00
0.000000e+00
0.000000e+00
0.000000e+00
0.000000e+00
0.000000e+00
0.000000e+00
0.000000e+00
0.000000e+00
0.000000e+00
0.000000e+00
0.000000e+00
0.000000e+00
0.000000e+00
0.000000e+00
0.000000e+00
0.000000e+00
0.000000e+00
0.000000e+00
0.000000e+00
0.000000e+00
0.000000e+00
0.000000e+00
0.000000e+00
0.000000e+00
0.000000e+00
0.000000e+00
0.000000e+00
0.000000e+00
0.000000e+00
0.000000e+00
0.000000e+00
0.000000e+00
0.000000e+00
0.000000e+00
0.000000e+00
0.000000e+00
0.000000e+00
0.000000e+00
0.000000e+00
0.000000e+00
0.000000e+00
0.000000e+00
0.000000e+00
0.000000e+00
0.000000e+00
0.000000e+00
0.000000e+00
0.000000e+00
0.000000e+00
0.000000e+00
0.000000e+00
0.000000e+00
0.000000e+00
0.000000e+00
0.000000e+00
0.000000e+00
0.000000e+00
0.000000e+00
0.000000e+00
0.000000e+00
0.000000e+00
0.000000e+00
0.000000e+00
0.000000e+00
0.000000e+00
0.000000e+00
0.000000e+00
0.000000e+00
0.000000e+00
0.000000e+00
0.000000e+00
0.000000e+00
0.000000e+00
0.000000e+00
0.000000e+00
0.000000e+00
0.000000e+00
0.000000e+00
0.000000e+00
0.000000e+00
0.000000e+00
0.000000e+00
0.000000e+00
0.000000e+00
0.000000e+00
0.000000e+00
0.000000e+00
0.000000e+00
0.000000e+00
0.000000e+00
0.000000e+00
0.000000e+00
0.000000e+00
0.000000e+00
0.000000e+00
0.000000e+00
0.000000e+00
0.000000e+00
0.000000e+00
0.000000e+00
0.000000e+00
0.000000e+00
0.000000e+00
0.000000e+00
0.000000e+00
0.000000e+00
0.000000e+00
0.000000e+00
0.000000e+00
0.000000e+00
0.000000e+00
0.000000e+00
0.000000e+00
0.000000e+00
0.000000e+00
0.000000e+00
0.000000e+00
0.000000e+00
0.000000e+00
0.000000e+00
0.000000e+00
0.000000e+00
0.000000e+00
0.000000e+00
0.000000e+00
0.000000e+00
0.000000e+00
0.000000e+00
0.000000e+00
0.000000e+00
0.000000e+00
0.000000e+00
0.000000e+00
0.000000e+00
0.000000e+00
0.000000e+00
0.000000e+00
0.000000e+00
0.000000e+00
0.000000e+00
0.000000e+00
0.000000e+00
0.000000e+00
0.000000e+00
0.000000e+00
0.000000e+00
0.000000e+00
0.000000e+00
0.000000e+00
0.000000e+00
0.000000e+00
0.000000e+00
0.000000e+00
0.000000e+00
0.000000e+00
0.000000e+00
0.000000e+00
0.000000e+00
0.000000e+00
0.000000e+00
0.000000e+00
0.000000e+00
0.000000e+00
0.000000e+00
0.000000e+00
0.000000e+00
0.000000e+00
0.000000e+00
0.000000e+00
0.000000e+00
0.000000e+00
0.000000e+00
0.000000e+00
0.000000e+00
0.000000e+00
0.000000e+00
0.000000e+00
0.000000e+00
0.000000e+00
0.000000e+00
0.000000e+00
0.000000e+00
0.000000e+00
0.000000e+00
0.000000e+00
0.000000e+00
0.000000e+00
0.000000e+00
0.000000e+00
0.000000e+00
0.000000e+00
0.000000e+00
0.000000e+00
0.000000e+00
0.000000e+00
0.000000e+00
0.000000e+00
0.000000e+00
0.000000e+00
0.000000e+00
0.000000e+00
0.000000e+00
0.000000e+00
0.000000e+00
0.000000e+00
0.000000e+00
0.000000e+00
0.000000e+00
0.000000e+00
0.000000e+00
0.000000e+00
0.000000e+00
0.000000e+00
0.000000e+00
0.000000e+00
0.000000e+00
0.000000e+00
0.000000e+00
0.000000e+00
0.000000e+00
0.000000e+00
0.000000e+00
0.000000e+00
0.000000e+00
0.000000e+00
0.000000e+00
0.000000e+00
0.000000e+00
0.000000e+00
0.000000e+00
0.000000e+00
0.000000e+00
0.000000e+00
0.000000e+00
0.000000e+00
0.000000e+00
0.000000e+00
0.000000e+00
0.000000e+00
0.000000e+00
0.000000e+00
0.000000e+00
0.000000e+00
0.000000e+00
0.000000e+00
0.000000e+00
0.000000e+00
0.000000e+00
0.000000e+00
0.000000e+00
0.000000e+00
0.000000e+00
0.000000e+00
0.000000e+00
0.000000e+00
0.000000e+00
0.000000e+00
0.000000e+00
0.000000e+00
0.000000e+00
0.000000e+00
0.000000e+00
0.000000e+00
0.000000e+00
0.000000e+00
0.000000e+00
0.000000e+00
0.000000e+00
0.000000e+00
0.000000e+00
0.000000e+00
0.000000e+00
0.000000e+00
0.000000e+00
0.000000e+00
0.000000e+00
0.000000e+00
0.000000e+00
0.000000e+00
0.000000e+00
0.000000e+00
0.000000e+00
0.000000e+00
0.000000e+00
0.000000e+00
0.000000e+00
0.000000e+00
0.000000e+00
0.000000e+00
0.000000e+00
0.000000e+00
0.000000e+00
0.000000e+00
0.000000e+00
0.000000e+00
0.000000e+00
0.000000e+00
0.000000e+00
0.000000e+00
0.000000e+00
0.000000e+00
0.000000e+00
0.000000e+00
0.000000e+00
0.000000e+00
0.000000e+00
0.000000e+00
0.000000e+00
0.000000e+00
0.000000e+00
0.000000e+00
0.000000e+00
0.000000e+00
0.000000e+00
0.000000e+00
0.000000e+00
0.000000e+00
0.000000e+00
0.000000e+00
0.000000e+00
0.000000e+00
0.000000e+00
0.000000e+00
0.000000e+00
0.000000e+00
0.000000e+00
0.000000e+00
0.000000e+00
0.000000e+00
0.000000e+00
0.000000e+00
0.000000e+00
0.000000e+00
0.000000e+00
0.000000e+00
0.000000e+00
0.000000e+00
0.000000e+00
0.000000e+00
0.000000e+00
0.000000e+00
0.000000e+00
0.000000e+00
0.000000e+00
0.000000e+00
0.000000e+00
0.000000e+00
0.000000e+00
0.000000e+00
0.000000e+00
0.000000e+00
0.000000e+00
0.000000e+00
0.000000e+00
0.000000e+00
0.000000e+00
0.000000e+00
0.000000e+00
0.000000e+00
0.000000e+00
0.000000e+00
0.000000e+00
0.000000e+00
0.000000e+00
0.000000e+00
0.000000e+00
0.000000e+00
0.000000e+00
0.000000e+00
0.000000e+00
0.000000e+00
0.000000e+00
0.000000e+00
0.000000e+00
0.000000e+00
0.000000e+00
0.000000e+00
0.000000e+00
0.000000e+00
0.000000e+00
0.000000e+00
0.000000e+00
0.000000e+00
0.000000e+00
0.000000e+00
0.000000e+00
0.000000e+00
0.000000e+00
0.000000e+00
0.000000e+00
0.000000e+00
0.000000e+00
0.000000e+00
0.000000e+00
0.000000e+00
0.000000e+00
0.000000e+00
0.000000e+00
0.000000e+00
0.000000e+00
0.000000e+00
0.000000e+00
0.000000e+00
0.000000e+00
0.000000e+00
0.000000e+00
0.000000e+00
0.000000e+00
0.000000e+00
0.000000e+00
0.000000e+00
0.000000e+00
0.000000e+00
0.000000e+00
0.000000e+00
0.000000e+00
0.000000e+00
0.000000e+00
0.000000e+00
0.000000e+00
0.000000e+00
0.000000e+00
0.000000e+00
0.000000e+00
0.000000e+00
0.000000e+00
0.000000e+00
0.000000e+00
0.000000e+00
0.000000e+00
0.000000e+00
0.000000e+00
0.000000e+00
0.000000e+00
0.000000e+00
0.000000e+00
0.000000e+00
0.000000e+00
0.000000e+00
0.000000e+00
0.000000e+00
0.000000e+00
0.000000e+00
0.000000e+00
0.000000e+00
0.000000e+00
0.000000e+00
0.000000e+00
0.000000e+00
0.000000e+00
0.000000e+00
0.000000e+00
0.000000e+00
0.000000e+00
0.000000e+00
0.000000e+00
0.000000e+00
0.000000e+00
0.000000e+00
0.000000e+00
0.000000e+00
0.000000e+00
0.000000e+00
0.000000e+00
0.000000e+00
0.000000e+00
0.000000e+00
0.000000e+00
0.000000e+00
0.000000e+00
0.000000e+00
0.000000e+00
0.000000e+00
0.000000e+00
0.000000e+00
0.000000e+00
0.000000e+00
0.000000e+00
0.000000e+00
0.000000e+00
0.000000e+00
0.000000e+00
0.000000e+00
0.000000e+00
0.000000e+00
0.000000e+00
0.000000e+00
0.000000e+00
0.000000e+00
0.000000e+00
0.000000e+00
0.000000e+00
0.000000e+00
0.000000e+00
0.000000e+00
0.000000e+00
0.000000e+00
0.000000e+00
0.000000e+00
0.000000e+00
0.000000e+00
0.000000e+00
0.000000e+00
0.000000e+00
0.000000e+00
0.000000e+00
0.000000e+00
0.000000e+00
0.000000e+00
0.000000e+00
0.000000e+00
0.000000e+00
0.000000e+00
0.000000e+00
0.000000e+00
0.000000e+00
0.000000e+00
0.000000e+00
0.000000e+00
0.000000e+00
0.000000e+00
0.000000e+00
0.000000e+00
0.000000e+00
0.000000e+00
0.000000e+00
0.000000e+00
0.000000e+00
0.000000e+00
0.000000e+00
0.000000e+00
0.000000e+00
0.000000e+00
0.000000e+00
0.000000e+00
0.000000e+00
0.000000e+00
0.000000e+00
0.000000e+00
0.000000e+00
0.000000e+00
0.000000e+00
0.000000e+00
0.000000e+00
0.000000e+00
0.000000e+00
0.000000e+00
0.000000e+00
0.000000e+00
0.000000e+00
0.000000e+00
0.000000e+00
0.000000e+00
0.000000e+00
0.000000e+00
0.000000e+00
0.000000e+00
0.000000e+00
0.000000e+00
0.000000e+00
0.000000e+00
0.000000e+00
0.000000e+00
0.000000e+00
0.000000e+00
0.000000e+00
0.000000e+00
0.000000e+00
0.000000e+00
0.000000e+00
0.000000e+00
0.000000e+00
0.000000e+00
0.000000e+00
0.000000e+00
0.000000e+00
0.000000e+00
0.000000e+00
0.000000e+00
0.000000e+00
0.000000e+00
0.000000e+00
0.000000e+00
0.000000e+00
0.000000e+00
0.000000e+00
0.000000e+00
0.000000e+00
0.000000e+00
0.000000e+00
0.000000e+00
0.000000e+00
0.000000e+00
0.000000e+00
0.000000e+00
0.000000e+00
0.000000e+00
0.000000e+00
0.000000e+00
0.000000e+00
0.000000e+00
0.000000e+00
0.000000e+00
0.000000e+00
0.000000e+00
0.000000e+00
0.000000e+00
0.000000e+00
0.000000e+00
0.000000e+00
0.000000e+00
0.000000e+00
0.000000e+00
0.000000e+00
0.000000e+00
0.000000e+00
0.000000e+00
0.000000e+00
0.000000e+00
0.000000e+00
0.000000e+00
0.000000e+00
0.000000e+00
0.000000e+00
0.000000e+00
0.000000e+00
0.000000e+00
0.000000e+00
0.000000e+00
0.000000e+00
0.000000e+00
0.000000e+00
0.000000e+00
0.000000e+00
0.000000e+00
0.000000e+00
0.000000e+00
0.000000e+00
0.000000e+00
0.000000e+00
0.000000e+00
0.000000e+00
0.000000e+00
0.000000e+00
0.000000e+00
0.000000e+00
0.000000e+00
0.000000e+00
0.000000e+00
0.000000e+00
0.000000e+00
0.000000e+00
0.000000e+00
0.000000e+00
0.000000e+00
0.000000e+00
0.000000e+00
0.000000e+00
0.000000e+00
0.000000e+00
0.000000e+00
0.000000e+00
0.000000e+00
0.000000e+00
0.000000e+00
0.000000e+00
0.000000e+00
0.000000e+00
0.000000e+00
0.000000e+00
0.000000e+00
0.000000e+00
0.000000e+00
0.000000e+00
0.000000e+00
0.000000e+00
0.000000e+00
0.000000e+00
0.000000e+00
0.000000e+00
0.000000e+00
0.000000e+00
0.000000e+00
0.000000e+00
0.000000e+00
0.000000e+00
0.000000e+00
0.000000e+00
0.000000e+00
0.000000e+00
0.000000e+00
0.000000e+00
0.000000e+00
0.000000e+00
0.000000e+00
0.000000e+00
0.000000e+00
0.000000e+00
0.000000e+00
0.000000e+00
0.000000e+00
0.000000e+00
0.000000e+00
0.000000e+00
0.000000e+00
0.000000e+00
0.000000e+00
0.000000e+00
0.000000e+00
0.000000e+00
0.000000e+00
0.000000e+00
0.000000e+00
0.000000e+00
0.000000e+00
0.000000e+00
0.000000e+00
0.000000e+00
0.000000e+00
0.000000e+00
0.000000e+00
0.000000e+00
0.000000e+00
0.000000e+00
0.000000e+00
0.000000e+00
0.000000e+00
0.000000e+00
0.000000e+00
0.000000e+00
0.000000e+00
0.000000e+00
0.000000e+00
0.000000e+00
0.000000e+00
0.000000e+00
0.000000e+00
0.000000e+00
0.000000e+00
0.000000e+00
0.000000e+00
0.000000e+00
0.000000e+00
0.000000e+00
0.000000e+00
0.000000e+00
0.000000e+00
0.000000e+00
0.000000e+00
0.000000e+00
0.000000e+00
0.000000e+00
0.000000e+00
0.000000e+00
0.000000e+00
0.000000e+00
0.000000e+00
0.000000e+00
0.000000e+00
0.000000e+00
0.000000e+00
0.000000e+00
0.000000e+00
0.000000e+00
0.000000e+00
0.000000e+00
0.000000e+00
0.000000e+00
0.000000e+00
0.000000e+00
0.000000e+00
0.000000e+00
0.000000e+00
0.000000e+00
0.000000e+00
0.000000e+00
0.000000e+00
0.000000e+00
0.000000e+00
0.000000e+00
0.000000e+00
0.000000e+00
0.000000e+00
0.000000e+00
0.000000e+00
0.000000e+00
0.000000e+00
0.000000e+00
0.000000e+00
0.000000e+00
0.000000e+00
0.000000e+00
0.000000e+00
0.000000e+00
0.000000e+00
0.000000e+00
0.000000e+00
0.000000e+00
0.000000e+00
0.000000e+00
0.000000e+00
0.000000e+00
0.000000e+00
0.000000e+00
0.000000e+00
0.000000e+00
0.000000e+00
0.000000e+00
0.000000e+00
0.000000e+00
0.000000e+00
0.000000e+00
0.000000e+00
0.000000e+00
0.000000e+00
0.000000e+00
0.000000e+00
0.000000e+00
0.000000e+00
0.000000e+00
0.000000e+00
0.000000e+00
0.000000e+00
0.000000e+00
0.000000e+00
0.000000e+00
0.000000e+00
0.000000e+00
0.000000e+00
0.000000e+00
0.000000e+00
0.000000e+00
0.000000e+00
0.000000e+00
0.000000e+00
0.000000e+00
0.000000e+00
0.000000e+00
0.000000e+00
0.000000e+00
0.000000e+00
0.000000e+00
0.000000e+00
0.000000e+00
0.000000e+00
0.000000e+00
0.000000e+00
0.000000e+00
0.000000e+00
0.000000e+00
0.000000e+00
0.000000e+00
0.000000e+00
0.000000e+00
0.000000e+00
0.000000e+00
0.000000e+00
0.000000e+00
0.000000e+00
0.000000e+00
0.000000e+00
0.000000e+00
0.000000e+00
0.000000e+00
0.000000e+00
0.000000e+00
0.000000e+00
0.000000e+00
0.000000e+00
0.000000e+00
0.000000e+00
0.000000e+00
0.000000e+00
0.000000e+00
0.000000e+00
0.000000e+00
0.000000e+00
0.000000e+00
0.000000e+00
0.000000e+00
0.000000e+00
0.000000e+00
0.000000e+00
0.000000e+00
0.000000e+00
0.000000e+00
0.000000e+00
0.000000e+00
0.000000e+00
0.000000e+00
0.000000e+00
0.000000e+00
0.000000e+00
0.000000e+00
0.000000e+00
0.000000e+00
0.000000e+00
0.000000e+00
0.000000e+00
0.000000e+00
0.000000e+00
0.000000e+00
0.000000e+00
0.000000e+00
0.000000e+00
0.000000e+00
0.000000e+00
0.000000e+00
0.000000e+00
0.000000e+00
0.000000e+00
0.000000e+00
0.000000e+00
0.000000e+00
0.000000e+00
0.000000e+00
0.000000e+00
0.000000e+00
0.000000e+00
0.000000e+00
0.000000e+00
0.000000e+00
0.000000e+00
0.000000e+00
0.000000e+00
0.000000e+00
0.000000e+00
0.000000e+00
0.000000e+00
0.000000e+00
0.000000e+00
0.000000e+00
0.000000e+00
0.000000e+00
0.000000e+00
0.000000e+00
0.000000e+00
0.000000e+00
0.000000e+00
0.000000e+00
0.000000e+00
0.000000e+00
0.000000e+00
0.000000e+00
0.000000e+00
0.000000e+00
0.000000e+00
0.000000e+00
0.000000e+00
0.000000e+00
0.000000e+00
0.000000e+00
0.000000e+00
0.000000e+00
0.000000e+00
0.000000e+00
0.000000e+00
0.000000e+00
0.000000e+00
0.000000e+00
0.000000e+00
0.000000e+00
0.000000e+00
0.000000e+00
0.000000e+00
0.000000e+00
0.000000e+00
0.000000e+00
0.000000e+00
0.000000e+00
0.000000e+00
0.000000e+00
0.000000e+00
0.000000e+00
0.000000e+00
0.000000e+00
0.000000e+00
0.000000e+00
0.000000e+00
0.000000e+00
0.000000e+00
0.000000e+00
0.000000e+00
0.000000e+00
0.000000e+00
0.000000e+00
0.000000e+00
0.000000e+00
0.000000e+00
0.000000e+00
0.000000e+00
0.000000e+00
0.000000e+00
0.000000e+00
0.000000e+00
0.000000e+00
0.000000e+00
0.000000e+00
0.000000e+00
0.000000e+00
0.000000e+00
0.000000e+00
0.000000e+00
0.000000e+00
0.000000e+00
0.000000e+00
0.000000e+00
0.000000e+00
0.000000e+00
0.000000e+00
0.000000e+00
0.000000e+00
0.000000e+00
0.000000e+00
0.000000e+00
0.000000e+00
0.000000e+00
0.000000e+00
0.000000e+00
0.000000e+00
0.000000e+00
0.000000e+00
0.000000e+00
0.000000e+00
0.000000e+00
0.000000e+00
0.000000e+00
0.000000e+00
0.000000e+00
0.000000e+00
0.000000e+00
0.000000e+00
0.000000e+00
0.000000e+00
0.000000e+00
0.000000e+00
0.000000e+00
0.000000e+00
0.000000e+00
0.000000e+00
0.000000e+00
0.000000e+00
0.000000e+00
0.000000e+00
0.000000e+00
0.000000e+00
0.000000e+00
0.000000e+00
0.000000e+00
0.000000e+00
0.000000e+00
0.000000e+00
0.000000e+00
0.000000e+00
0.000000e+00
0.000000e+00
0.000000e+00
0.000000e+00
0.000000e+00
0.000000e+00
0.000000e+00
0.000000e+00
0.000000e+00
0.000000e+00
0.000000e+00
0.000000e+00
0.000000e+00
0.000000e+00
0.000000e+00
0.000000e+00
0.000000e+00
0.000000e+00
0.000000e+00
0.000000e+00
0.000000e+00
0.000000e+00
0.000000e+00
0.000000e+00
0.000000e+00
0.000000e+00
0.000000e+00
0.000000e+00
0.000000e+00
0.000000e+00
0.000000e+00
0.000000e+00
0.000000e+00
0.000000e+00
0.000000e+00
0.000000e+00
0.000000e+00
0.000000e+00
0.000000e+00
0.000000e+00
0.000000e+00
0.000000e+00
0.000000e+00
0.000000e+00
0.000000e+00
0.000000e+00
0.000000e+00
0.000000e+00
0.000000e+00
0.000000e+00
0.000000e+00
0.000000e+00
0.000000e+00
0.000000e+00
0.000000e+00
0.000000e+00
0.000000e+00
0.000000e+00
0.000000e+00
0.000000e+00
0.000000e+00
0.000000e+00
0.000000e+00
0.000000e+00
0.000000e+00
0.000000e+00
0.000000e+00
0.000000e+00
0.000000e+00
0.000000e+00
0.000000e+00
0.000000e+00
0.000000e+00
0.000000e+00
0.000000e+00
0.000000e+00
0.000000e+00
0.000000e+00
0.000000e+00
0.000000e+00
0.000000e+00
0.000000e+00
0.000000e+00
0.000000e+00
0.000000e+00
0.000000e+00
0.000000e+00
0.000000e+00
0.000000e+00
0.000000e+00
0.000000e+00
0.000000e+00
0.000000e+00
0.000000e+00
0.000000e+00
0.000000e+00
0.000000e+00
0.000000e+00
0.000000e+00
0.000000e+00
0.000000e+00
0.000000e+00
0.000000e+00
0.000000e+00
0.000000e+00
0.000000e+00
0.000000e+00
0.000000e+00
0.000000e+00
0.000000e+00
0.000000e+00
0.000000e+00
0.000000e+00
0.000000e+00
0.000000e+00
0.000000e+00
0.000000e+00
0.000000e+00
0.000000e+00
0.000000e+00
0.000000e+00
0.000000e+00
0.000000e+00
0.000000e+00
0.000000e+00
0.000000e+00
0.000000e+00
0.000000e+00
0.000000e+00
0.000000e+00
0.000000e+00
0.000000e+00
0.000000e+00
0.000000e+00
0.000000e+00
0.000000e+00
0.000000e+00
0.000000e+00
0.000000e+00
0.000000e+00
0.000000e+00
0.000000e+00
0.000000e+00
0.000000e+00
0.000000e+00
0.000000e+00
0.000000e+00
0.000000e+00
0.000000e+00
0.000000e+00
0.000000e+00
0.000000e+00
0.000000e+00
0.000000e+00
0.000000e+00
0.000000e+00
0.000000e+00
0.000000e+00
0.000000e+00
0.000000e+00
0.000000e+00
0.000000e+00
0.000000e+00
0.000000e+00
0.000000e+00
0.000000e+00
0.000000e+00
0.000000e+00
0.000000e+00
0.000000e+00
0.000000e+00
0.000000e+00
0.000000e+00
0.000000e+00
0.000000e+00
0.000000e+00
0.000000e+00
0.000000e+00
0.000000e+00
0.000000e+00
0.000000e+00
0.000000e+00
0.000000e+00
0.000000e+00
0.000000e+00
0.000000e+00
0.000000e+00
0.000000e+00
0.000000e+00
0.000000e+00
0.000000e+00
0.000000e+00
0.000000e+00
0.000000e+00
0.000000e+00
0.000000e+00
0.000000e+00
0.000000e+00
0.000000e+00
0.000000e+00
0.000000e+00
0.000000e+00
0.000000e+00
0.000000e+00
0.000000e+00
0.000000e+00
0.000000e+00
0.000000e+00
0.000000e+00
0.000000e+00
0.000000e+00
0.000000e+00
0.000000e+00
0.000000e+00
0.000000e+00
0.000000e+00
0.000000e+00
0.000000e+00
0.000000e+00
0.000000e+00
0.000000e+00
0.000000e+00
0.000000e+00
0.000000e+00
0.000000e+00
0.000000e+00
0.000000e+00
0.000000e+00
0.000000e+00
0.000000e+00
0.000000e+00
0.000000e+00
0.000000e+00
0.000000e+00
0.000000e+00
0.000000e+00
0.000000e+00
0.000000e+00
0.000000e+00
0.000000e+00
0.000000e+00
0.000000e+00
0.000000e+00
0.000000e+00
0.000000e+00
0.000000e+00
0.000000e+00
0.000000e+00
0.000000e+00
0.000000e+00
0.000000e+00
0.000000e+00
0.000000e+00
0.000000e+00
0.000000e+00
0.000000e+00
0.000000e+00
0.000000e+00
0.000000e+00
0.000000e+00
0.000000e+00
0.000000e+00
0.000000e+00
0.000000e+00
0.000000e+00
0.000000e+00
0.000000e+00
0.000000e+00
0.000000e+00
0.000000e+00
0.000000e+00
0.000000e+00
0.000000e+00
0.000000e+00
0.000000e+00
0.000000e+00
0.000000e+00
0.000000e+00
0.000000e+00
0.000000e+00
0.000000e+00
0.000000e+00
0.000000e+00
0.000000e+00
0.000000e+00
0.000000e+00
0.000000e+00
0.000000e+00
0.000000e+00
0.000000e+00
0.000000e+00
0.000000e+00
0.000000e+00
0.000000e+00
0.000000e+00
0.000000e+00
0.000000e+00
0.000000e+00
0.000000e+00
0.000000e+00
0.000000e+00
0.000000e+00
0.000000e+00
0.000000e+00
0.000000e+00
0.000000e+00
0.000000e+00
0.000000e+00
0.000000e+00
0.000000e+00
0.000000e+00
0.000000e+00
0.000000e+00
0.000000e+00
0.000000e+00
0.000000e+00
0.000000e+00
0.000000e+00
0.000000e+00
0.000000e+00
0.000000e+00
0.000000e+00
0.000000e+00
0.000000e+00
0.000000e+00
0.000000e+00
0.000000e+00
0.000000e+00
0.000000e+00
0.000000e+00
0.000000e+00
0.000000e+00
0.000000e+00
0.000000e+00
0.000000e+00
0.000000e+00
0.000000e+00
0.000000e+00
0.000000e+00
0.000000e+00
0.000000e+00
0.000000e+00
0.000000e+00
0.000000e+00
0.000000e+00
0.000000e+00
0.000000e+00
0.000000e+00
0.000000e+00
0.000000e+00
0.000000e+00
0.000000e+00
0.000000e+00
0.000000e+00
0.000000e+00
0.000000e+00
0.000000e+00
0.000000e+00
0.000000e+00
0.000000e+00
0.000000e+00
0.000000e+00
0.000000e+00
0.000000e+00
0.000000e+00
0.000000e+00
0.000000e+00
0.000000e+00
0.000000e+00
0.000000e+00
0.000000e+00
0.000000e+00
0.000000e+00
0.000000e+00
0.000000e+00
0.000000e+00
0.000000e+00
0.000000e+00
0.000000e+00
0.000000e+00
0.000000e+00
0.000000e+00
0.000000e+00
0.000000e+00
0.000000e+00
0.000000e+00
0.000000e+00
0.000000e+00
0.000000e+00
0.000000e+00
0.000000e+00
0.000000e+00
0.000000e+00
0.000000e+00
0.000000e+00
0.000000e+00
0.000000e+00
0.000000e+00
0.000000e+00
0.000000e+00
0.000000e+00
0.000000e+00
0.000000e+00
0.000000e+00
0.000000e+00
0.000000e+00
0.000000e+00
0.000000e+00
0.000000e+00
0.000000e+00
0.000000e+00
0.000000e+00
0.000000e+00
0.000000e+00
0.000000e+00
0.000000e+00
0.000000e+00
0.000000e+00
0.000000e+00
0.000000e+00
0.000000e+00
0.000000e+00
0.000000e+00
0.000000e+00
0.000000e+00
0.000000e+00
0.000000e+00
0.000000e+00
0.000000e+00
0.000000e+00
0.000000e+00
0.000000e+00
0.000000e+00
0.000000e+00
0.000000e+00
0.000000e+00
0.000000e+00
0.000000e+00
0.000000e+00
0.000000e+00
0.000000e+00
0.000000e+00
0.000000e+00
0.000000e+00
0.000000e+00
0.000000e+00
0.000000e+00
0.000000e+00
0.000000e+00
0.000000e+00
0.000000e+00
0.000000e+00
0.000000e+00
0.000000e+00
0.000000e+00
0.000000e+00
0.000000e+00
0.000000e+00
0.000000e+00
0.000000e+00
0.000000e+00
0.000000e+00
0.000000e+00
0.000000e+00
0.000000e+00
0.000000e+00
0.000000e+00
0.000000e+00
0.000000e+00
0.000000e+00
0.000000e+00
0.000000e+00
0.000000e+00
0.000000e+00
0.000000e+00
0.000000e+00
0.000000e+00
0.000000e+00
0.000000e+00
0.000000e+00
0.000000e+00
0.000000e+00
0.000000e+00
0.000000e+00
0.000000e+00
0.000000e+00
0.000000e+00
0.000000e+00
0.000000e+00
0.000000e+00
0.000000e+00
0.000000e+00
0.000000e+00
0.000000e+00
0.000000e+00
0.000000e+00
0.000000e+00
0.000000e+00
0.000000e+00
0.000000e+00
0.000000e+00
0.000000e+00
0.000000e+00
0.000000e+00
0.000000e+00
0.000000e+00
0.000000e+00
0.000000e+00
0.000000e+00
0.000000e+00
0.000000e+00
0.000000e+00
0.000000e+00
0.000000e+00
0.000000e+00
0.000000e+00
0.000000e+00
0.000000e+00
0.000000e+00
0.000000e+00
0.000000e+00
0.000000e+00
0.000000e+00
0.000000e+00
0.000000e+00
0.000000e+00
0.000000e+00
0.000000e+00
0.000000e+00
0.000000e+00
0.000000e+00
0.000000e+00
0.000000e+00
0.000000e+00
0.000000e+00
0.000000e+00
0.000000e+00
0.000000e+00
0.000000e+00
0.000000e+00
0.000000e+00
0.000000e+00
0.000000e+00
0.000000e+00
0.000000e+00
0.000000e+00
0.000000e+00
0.000000e+00
0.000000e+00
0.000000e+00
0.000000e+00
0.000000e+00
0.000000e+00
0.000000e+00
0.000000e+00
0.000000e+00
0.000000e+00
0.000000e+00
0.000000e+00
0.000000e+00
0.000000e+00
0.000000e+00
0.000000e+00
0.000000e+00
0.000000e+00
0.000000e+00
0.000000e+00
0.000000e+00
0.000000e+00
0.000000e+00
0.000000e+00
0.000000e+00
0.000000e+00
0.000000e+00
0.000000e+00
0.000000e+00
0.000000e+00
0.000000e+00
0.000000e+00
0.000000e+00
0.000000e+00
0.000000e+00
0.000000e+00
0.000000e+00
0.000000e+00
0.000000e+00
0.000000e+00
0.000000e+00
0.000000e+00
0.000000e+00
0.000000e+00
0.000000e+00
0.000000e+00
0.000000e+00
0.000000e+00
0.000000e+00
0.000000e+00
0.000000e+00
0.000000e+00
0.000000e+00
0.000000e+00
0.000000e+00
0.000000e+00
0.000000e+00
0.000000e+00
0.000000e+00
0.000000e+00
0.000000e+00
0.000000e+00
0.000000e+00
0.000000e+00
0.000000e+00
0.000000e+00
0.000000e+00
0.000000e+00
0.000000e+00
0.000000e+00
0.000000e+00
0.000000e+00
0.000000e+00
0.000000e+00
0.000000e+00
0.000000e+00
0.000000e+00
0.000000e+00
0.000000e+00
0.000000e+00
0.000000e+00
0.000000e+00
0.000000e+00
0.000000e+00
0.000000e+00
0.000000e+00
0.000000e+00
0.000000e+00
0.000000e+00
0.000000e+00
0.000000e+00
0.000000e+00
0.000000e+00
0.000000e+00
0.000000e+00
0.000000e+00
0.000000e+00
0.000000e+00
0.000000e+00
0.000000e+00
0.000000e+00
0.000000e+00
0.000000e+00
0.000000e+00
0.000000e+00
0.000000e+00
0.000000e+00
0.000000e+00
0.000000e+00
0.000000e+00
0.000000e+00
0.000000e+00
0.000000e+00
0.000000e+00
0.000000e+00
0.000000e+00
0.000000e+00
0.000000e+00
0.000000e+00
0.000000e+00
0.000000e+00
0.000000e+00
0.000000e+00
0.000000e+00
0.000000e+00
0.000000e+00
0.000000e+00
0.000000e+00
0.000000e+00
0.000000e+00
0.000000e+00
0.000000e+00
0.000000e+00
0.000000e+00
0.000000e+00
0.000000e+00
0.000000e+00
0.000000e+00
0.000000e+00
0.000000e+00
0.000000e+00
0.000000e+00
0.000000e+00
0.000000e+00
0.000000e+00
0.000000e+00
0.000000e+00
0.000000e+00
0.000000e+00
0.000000e+00
0.000000e+00
0.000000e+00
0.000000e+00
0.000000e+00
0.000000e+00
0.000000e+00
0.000000e+00
0.000000e+00
0.000000e+00
0.000000e+00
0.000000e+00
0.000000e+00
0.000000e+00
0.000000e+00
0.000000e+00
0.000000e+00
0.000000e+00
0.000000e+00
0.000000e+00
0.000000e+00
0.000000e+00
0.000000e+00
0.000000e+00
0.000000e+00
0.000000e+00
0.000000e+00
0.000000e+00
0.000000e+00
0.000000e+00
0.000000e+00
0.000000e+00
0.000000e+00
0.000000e+00
0.000000e+00
0.000000e+00
0.000000e+00
0.000000e+00
0.000000e+00
0.000000e+00
0.000000e+00
0.000000e+00
0.000000e+00
0.000000e+00
0.000000e+00
0.000000e+00
0.000000e+00
0.000000e+00
0.000000e+00
0.000000e+00
0.000000e+00
0.000000e+00
0.000000e+00
0.000000e+00
0.000000e+00
0.000000e+00
0.000000e+00
0.000000e+00
0.000000e+00
0.000000e+00
0.000000e+00
0.000000e+00
0.000000e+00
0.000000e+00
0.000000e+00
0.000000e+00
0.000000e+00
0.000000e+00
0.000000e+00
0.000000e+00
0.000000e+00
0.000000e+00
0.000000e+00
0.000000e+00
0.000000e+00
0.000000e+00
0.000000e+00
0.000000e+00
0.000000e+00
0.000000e+00
0.000000e+00
0.000000e+00
0.000000e+00
0.000000e+00
0.000000e+00
0.000000e+00
0.000000e+00
0.000000e+00
0.000000e+00
0.000000e+00
0.000000e+00
0.000000e+00
0.000000e+00
0.000000e+00
0.000000e+00
0.000000e+00
0.000000e+00
0.000000e+00
0.000000e+00
0.000000e+00
0.000000e+00
0.000000e+00
0.000000e+00
0.000000e+00
0.000000e+00
0.000000e+00
0.000000e+00
0.000000e+00
0.000000e+00
0.000000e+00
0.000000e+00
0.000000e+00
0.000000e+00
0.000000e+00
0.000000e+00
0.000000e+00
0.000000e+00
0.000000e+00
0.000000e+00
0.000000e+00
0.000000e+00
0.000000e+00
0.000000e+00
0.000000e+00
0.000000e+00
0.000000e+00
0.000000e+00
0.000000e+00
0.000000e+00
0.000000e+00
0.000000e+00
0.000000e+00
0.000000e+00
0.000000e+00
0.000000e+00
0.000000e+00
0.000000e+00
0.000000e+00
0.000000e+00
0.000000e+00
0.000000e+00
0.000000e+00
0.000000e+00
0.000000e+00
0.000000e+00
0.000000e+00
0.000000e+00
0.000000e+00
0.000000e+00
0.000000e+00
0.000000e+00
0.000000e+00
0.000000e+00
0.000000e+00
0.000000e+00
0.000000e+00
0.000000e+00
0.000000e+00
0.000000e+00
0.000000e+00
0.000000e+00
0.000000e+00
0.000000e+00
0.000000e+00
0.000000e+00
0.000000e+00
0.000000e+00
0.000000e+00
0.000000e+00
0.000000e+00
0.000000e+00
0.000000e+00
0.000000e+00
0.000000e+00
0.000000e+00
0.000000e+00
0.000000e+00
0.000000e+00
0.000000e+00
0.000000e+00
0.000000e+00
0.000000e+00
0.000000e+00
0.000000e+00
0.000000e+00
0.000000e+00
0.000000e+00
0.000000e+00
0.000000e+00
0.000000e+00
0.000000e+00
0.000000e+00
0.000000e+00
0.000000e+00
0.000000e+00
0.000000e+00
0.000000e+00
0.000000e+00
0.000000e+00
0.000000e+00
0.000000e+00
0.000000e+00
0.000000e+00
0.000000e+00
0.000000e+00
0.000000e+00
0.000000e+00
0.000000e+00
0.000000e+00
0.000000e+00
0.000000e+00
0.000000e+00
0.000000e+00
0.000000e+00
0.000000e+00
0.000000e+00
0.000000e+00
0.000000e+00
0.000000e+00
0.000000e+00
0.000000e+00
0.000000e+00
0.000000e+00
0.000000e+00
0.000000e+00
0.000000e+00
0.000000e+00
0.000000e+00
0.000000e+00
0.000000e+00
0.000000e+00
0.000000e+00
0.000000e+00
0.000000e+00
0.000000e+00
0.000000e+00
0.000000e+00
0.000000e+00
0.000000e+00
0.000000e+00
0.000000e+00
0.000000e+00
0.000000e+00
0.000000e+00
0.000000e+00
0.000000e+00
0.000000e+00
0.000000e+00
0.000000e+00
0.000000e+00
0.000000e+00
0.000000e+00
0.000000e+00
0.000000e+00
0.000000e+00
0.000000e+00
0.000000e+00
0.000000e+00
0.000000e+00
0.000000e+00
0.000000e+00
0.000000e+00
0.000000e+00
0.000000e+00
0.000000e+00
0.000000e+00
0.000000e+00
0.000000e+00
0.000000e+00
0.000000e+00
0.000000e+00
0.000000e+00
0.000000e+00
0.000000e+00
0.000000e+00
0.000000e+00
0.000000e+00
0.000000e+00
0.000000e+00
0.000000e+00
0.000000e+00
0.000000e+00
0.000000e+00
0.000000e+00
0.000000e+00
0.000000e+00
0.000000e+00
0.000000e+00
0.000000e+00
0.000000e+00
0.000000e+00
0.000000e+00
0.000000e+00
0.000000e+00
0.000000e+00
0.000000e+00
0.000000e+00
0.000000e+00
0.000000e+00
0.000000e+00
0.000000e+00
0.000000e+00
0.000000e+00
0.000000e+00
0.000000e+00
0.000000e+00
0.000000e+00
0.000000e+00
0.000000e+00
0.000000e+00
0.000000e+00
0.000000e+00
0.000000e+00
0.000000e+00
0.000000e+00
0.000000e+00
0.000000e+00
0.000000e+00
0.000000e+00
0.000000e+00
0.000000e+00
0.000000e+00
0.000000e+00
0.000000e+00
0.000000e+00
0.000000e+00
0.000000e+00
0.000000e+00
0.000000e+00
0.000000e+00
0.000000e+00
0.000000e+00
0.000000e+00
0.000000e+00
0.000000e+00
0.000000e+00
0.000000e+00
0.000000e+00
0.000000e+00
0.000000e+00
0.000000e+00
0.000000e+00
0.000000e+00
0.000000e+00
0.000000e+00
0.000000e+00
0.000000e+00
0.000000e+00
0.000000e+00
0.000000e+00
0.000000e+00
0.000000e+00
0.000000e+00
0.000000e+00
0.000000e+00
0.000000e+00
0.000000e+00
0.000000e+00
0.000000e+00
0.000000e+00
0.000000e+00
0.000000e+00
0.000000e+00
0.000000e+00
0.000000e+00
0.000000e+00
0.000000e+00
0.000000e+00
0.000000e+00
0.000000e+00
0.000000e+00
0.000000e+00
0.000000e+00
0.000000e+00
0.000000e+00
0.000000e+00
0.000000e+00
0.000000e+00
0.000000e+00
0.000000e+00
0.000000e+00
0.000000e+00
0.000000e+00
0.000000e+00
0.000000e+00
0.000000e+00
0.000000e+00
0.000000e+00
0.000000e+00
0.000000e+00
0.000000e+00
0.000000e+00
0.000000e+00
0.000000e+00
0.000000e+00
0.000000e+00
0.000000e+00
0.000000e+00
0.000000e+00
0.000000e+00
0.000000e+00
0.000000e+00
0.000000e+00
0.000000e+00
0.000000e+00
0.000000e+00
0.000000e+00
0.000000e+00
0.000000e+00
0.000000e+00
0.000000e+00
0.000000e+00
0.000000e+00
0.000000e+00
0.000000e+00
0.000000e+00
0.000000e+00
0.000000e+00
0.000000e+00
0.000000e+00
0.000000e+00
0.000000e+00
0.000000e+00
0.000000e+00
0.000000e+00
0.000000e+00
0.000000e+00
0.000000e+00
0.000000e+00
0.000000e+00
0.000000e+00
0.000000e+00
0.000000e+00
0.000000e+00
0.000000e+00
0.000000e+00
0.000000e+00
0.000000e+00
0.000000e+00
0.000000e+00
0.000000e+00
0.000000e+00
0.000000e+00
0.000000e+00
0.000000e+00
0.000000e+00
0.000000e+00
0.000000e+00
0.000000e+00
0.000000e+00
0.000000e+00
0.000000e+00
0.000000e+00
0.000000e+00
0.000000e+00
0.000000e+00
0.000000e+00
0.000000e+00
0.000000e+00
0.000000e+00
0.000000e+00
0.000000e+00
0.000000e+00
0.000000e+00
0.000000e+00
0.000000e+00
0.000000e+00
0.000000e+00
0.000000e+00
0.000000e+00
0.000000e+00
0.000000e+00
0.000000e+00
0.000000e+00
0.000000e+00
0.000000e+00
0.000000e+00
0.000000e+00
0.000000e+00
0.000000e+00
0.000000e+00
0.000000e+00
0.000000e+00
0.000000e+00
0.000000e+00
0.000000e+00
0.000000e+00
0.000000e+00
0.000000e+00
0.000000e+00
0.000000e+00
0.000000e+00
0.000000e+00
0.000000e+00
0.000000e+00
0.000000e+00
0.000000e+00
0.000000e+00
0.000000e+00
0.000000e+00
0.000000e+00
0.000000e+00
0.000000e+00
0.000000e+00
0.000000e+00
0.000000e+00
0.000000e+00
0.000000e+00
0.000000e+00
0.000000e+00
0.000000e+00
0.000000e+00
0.000000e+00
0.000000e+00
0.000000e+00
0.000000e+00
0.000000e+00
0.000000e+00
0.000000e+00
0.000000e+00
0.000000e+00
0.000000e+00
0.000000e+00
0.000000e+00
0.000000e+00
0.000000e+00
0.000000e+00
0.000000e+00
0.000000e+00
0.000000e+00
0.000000e+00
0.000000e+00
0.000000e+00
0.000000e+00
0.000000e+00
0.000000e+00
0.000000e+00
0.000000e+00
0.000000e+00
0.000000e+00
0.000000e+00
0.000000e+00
0.000000e+00
0.000000e+00
0.000000e+00
0.000000e+00
0.000000e+00
0.000000e+00
0.000000e+00
0.000000e+00
0.000000e+00
0.000000e+00
0.000000e+00
0.000000e+00
0.000000e+00
0.000000e+00
0.000000e+00
0.000000e+00
0.000000e+00
0.000000e+00
0.000000e+00
0.000000e+00
0.000000e+00
0.000000e+00
0.000000e+00
0.000000e+00
0.000000e+00
0.000000e+00
0.000000e+00
0.000000e+00
0.000000e+00
0.000000e+00
0.000000e+00
0.000000e+00
0.000000e+00
0.000000e+00
0.000000e+00
0.000000e+00
0.000000e+00
0.000000e+00
0.000000e+00
0.000000e+00
0.000000e+00
0.000000e+00
0.000000e+00
0.000000e+00
0.000000e+00
0.000000e+00
0.000000e+00
0.000000e+00
0.000000e+00
0.000000e+00
0.000000e+00
0.000000e+00
0.000000e+00
0.000000e+00
0.000000e+00
0.000000e+00
0.000000e+00
0.000000e+00
0.000000e+00
0.000000e+00
0.000000e+00
0.000000e+00
0.000000e+00
0.000000e+00
0.000000e+00
0.000000e+00
0.000000e+00
0.000000e+00
0.000000e+00
0.000000e+00
0.000000e+00
0.000000e+00
0.000000e+00
0.000000e+00
0.000000e+00
0.000000e+00
0.000000e+00
0.000000e+00
0.000000e+00
0.000000e+00
0.000000e+00
0.000000e+00
0.000000e+00
0.000000e+00
0.000000e+00
0.000000e+00
0.000000e+00
0.000000e+00
0.000000e+00
0.000000e+00
0.000000e+00
0.000000e+00
0.000000e+00
0.000000e+00
0.000000e+00
0.000000e+00
0.000000e+00
0.000000e+00
0.000000e+00
0.000000e+00
0.000000e+00
0.000000e+00
0.000000e+00
0.000000e+00
0.000000e+00
0.000000e+00
0.000000e+00
0.000000e+00
0.000000e+00
0.000000e+00
0.000000e+00
0.000000e+00
0.000000e+00
0.000000e+00
0.000000e+00
0.000000e+00
0.000000e+00
0.000000e+00
0.000000e+00
0.000000e+00
0.000000e+00
0.000000e+00
0.000000e+00
0.000000e+00
0.000000e+00
0.000000e+00
0.000000e+00
0.000000e+00
0.000000e+00
0.000000e+00
0.000000e+00
0.000000e+00
0.000000e+00
0.000000e+00
0.000000e+00
0.000000e+00
0.000000e+00
0.000000e+00
0.000000e+00
0.000000e+00
0.000000e+00
0.000000e+00
0.000000e+00
0.000000e+00
0.000000e+00
0.000000e+00
0.000000e+00
0.000000e+00
0.000000e+00
0.000000e+00
0.000000e+00
0.000000e+00
0.000000e+00
0.000000e+00
0.000000e+00
0.000000e+00
0.000000e+00
0.000000e+00
0.000000e+00
0.000000e+00
0.000000e+00
0.000000e+00
0.000000e+00
0.000000e+00
0.000000e+00
0.000000e+00
0.000000e+00
0.000000e+00
0.000000e+00
0.000000e+00
0.000000e+00
0.000000e+00
0.000000e+00
0.000000e+00
0.000000e+00
0.000000e+00
0.000000e+00
0.000000e+00
0.000000e+00
0.000000e+00
0.000000e+00
0.000000e+00
0.000000e+00
0.000000e+00
0.000000e+00
0.000000e+00
0.000000e+00
0.000000e+00
0.000000e+00
0.000000e+00
0.000000e+00
0.000000e+00
0.000000e+00
0.000000e+00
0.000000e+00
0.000000e+00
0.000000e+00
0.000000e+00
0.000000e+00
0.000000e+00
0.000000e+00
0.000000e+00
0.000000e+00
0.000000e+00
0.000000e+00
0.000000e+00
0.000000e+00
0.000000e+00
0.000000e+00
0.000000e+00
0.000000e+00
0.000000e+00
0.000000e+00
0.000000e+00
0.000000e+00
0.000000e+00
0.000000e+00
0.000000e+00
0.000000e+00
0.000000e+00
0.000000e+00
0.000000e+00
0.000000e+00
0.000000e+00
0.000000e+00
0.000000e+00
0.000000e+00
0.000000e+00
0.000000e+00
0.000000e+00
0.000000e+00
0.000000e+00
0.000000e+00
0.000000e+00
0.000000e+00
0.000000e+00
0.000000e+00
0.000000e+00
0.000000e+00
0.000000e+00
0.000000e+00
0.000000e+00
0.000000e+00
0.000000e+00
0.000000e+00
0.000000e+00
0.000000e+00
0.000000e+00
0.000000e+00
0.000000e+00
0.000000e+00
0.000000e+00
0.000000e+00
0.000000e+00
0.000000e+00
0.000000e+00
0.000000e+00
0.000000e+00
0.000000e+00
0.000000e+00
0.000000e+00
0.000000e+00
0.000000e+00
0.000000e+00
0.000000e+00
0.000000e+00
0.000000e+00
0.000000e+00
0.000000e+00
0.000000e+00
0.000000e+00
0.000000e+00
0.000000e+00
0.000000e+00
0.000000e+00
0.000000e+00
0.000000e+00
0.000000e+00
0.000000e+00
0.000000e+00
0.000000e+00
0.000000e+00
0.000000e+00
0.000000e+00
0.000000e+00
0.000000e+00
0.000000e+00
0.000000e+00
0.000000e+00
0.000000e+00
0.000000e+00
0.000000e+00
0.000000e+00
0.000000e+00
0.000000e+00
0.000000e+00
0.000000e+00
0.000000e+00
0.000000e+00
0.000000e+00
0.000000e+00
0.000000e+00
0.000000e+00
0.000000e+00
0.000000e+00
0.000000e+00
0.000000e+00
0.000000e+00
0.000000e+00
0.000000e+00
0.000000e+00
0.000000e+00
0.000000e+00
0.000000e+00
0.000000e+00
0.000000e+00
0.000000e+00
0.000000e+00
0.000000e+00
0.000000e+00
0.000000e+00
0.000000e+00
0.000000e+00
0.000000e+00
0.000000e+00
0.000000e+00
0.000000e+00
0.000000e+00
0.000000e+00
0.000000e+00
0.000000e+00
0.000000e+00
0.000000e+00
0.000000e+00
0.000000e+00
0.000000e+00
0.000000e+00
0.000000e+00
0.000000e+00
0.000000e+00
0.000000e+00
0.000000e+00
0.000000e+00
0.000000e+00
0.000000e+00
0.000000e+00
0.000000e+00
0.000000e+00
0.000000e+00
0.000000e+00
0.000000e+00
0.000000e+00
0.000000e+00
0.000000e+00
0.000000e+00
0.000000e+00
0.000000e+00
0.000000e+00
0.000000e+00
0.000000e+00
0.000000e+00
0.000000e+00
0.000000e+00
0.000000e+00
0.000000e+00
0.000000e+00
0.000000e+00
0.000000e+00
0.000000e+00
0.000000e+00
0.000000e+00
0.000000e+00
0.000000e+00
0.000000e+00
0.000000e+00
0.000000e+00
0.000000e+00
0.000000e+00
0.000000e+00
0.000000e+00
0.000000e+00
0.000000e+00
0.000000e+00
0.000000e+00
0.000000e+00
0.000000e+00
0.000000e+00
0.000000e+00
0.000000e+00
0.000000e+00
0.000000e+00
0.000000e+00
0.000000e+00
0.000000e+00
0.000000e+00
0.000000e+00
0.000000e+00
0.000000e+00
0.000000e+00
0.000000e+00
0.000000e+00
0.000000e+00
0.000000e+00
0.000000e+00
0.000000e+00
0.000000e+00
0.000000e+00
0.000000e+00
0.000000e+00
0.000000e+00
0.000000e+00
0.000000e+00
0.000000e+00
0.000000e+00
0.000000e+00
0.000000e+00
0.000000e+00
0.000000e+00
0.000000e+00
0.000000e+00
0.000000e+00
0.000000e+00
0.000000e+00
0.000000e+00
0.000000e+00
0.000000e+00
0.000000e+00
0.000000e+00
0.000000e+00
0.000000e+00
0.000000e+00
0.000000e+00
0.000000e+00
0.000000e+00
0.000000e+00
0.000000e+00
0.000000e+00
0.000000e+00
0.000000e+00
0.000000e+00
0.000000e+00
0.000000e+00
0.000000e+00
0.000000e+00
0.000000e+00
0.000000e+00
0.000000e+00
0.000000e+00
0.000000e+00
0.000000e+00
0.000000e+00
0.000000e+00
0.000000e+00
0.000000e+00
0.000000e+00
0.000000e+00
0.000000e+00
0.000000e+00
0.000000e+00
0.000000e+00
0.000000e+00
0.000000e+00
0.000000e+00
0.000000e+00
0.000000e+00
0.000000e+00
0.000000e+00
0.000000e+00
0.000000e+00
0.000000e+00
0.000000e+00
0.000000e+00
0.000000e+00
0.000000e+00
0.000000e+00
0.000000e+00
0.000000e+00
0.000000e+00
0.000000e+00
0.000000e+00
0.000000e+00
0.000000e+00
0.000000e+00
0.000000e+00
0.000000e+00
0.000000e+00
0.000000e+00
0.000000e+00
0.000000e+00
0.000000e+00
0.000000e+00
0.000000e+00
0.000000e+00
0.000000e+00
0.000000e+00
0.000000e+00
0.000000e+00
0.000000e+00
0.000000e+00
0.000000e+00
0.000000e+00
0.000000e+00
0.000000e+00
0.000000e+00
0.000000e+00
0.000000e+00
0.000000e+00
0.000000e+00
0.000000e+00
0.000000e+00
0.000000e+00
0.000000e+00
0.000000e+00
0.000000e+00
0.000000e+00
0.000000e+00
0.000000e+00
0.000000e+00
0.000000e+00
0.000000e+00
0.000000e+00
0.000000e+00
0.000000e+00
0.000000e+00
0.000000e+00
0.000000e+00
0.000000e+00
0.000000e+00
0.000000e+00
0.000000e+00
0.000000e+00
0.000000e+00
0.000000e+00
0.000000e+00
0.000000e+00
0.000000e+00
0.000000e+00
0.000000e+00
0.000000e+00
0.000000e+00
0.000000e+00
0.000000e+00
0.000000e+00
0.000000e+00
0.000000e+00
0.000000e+00
0.000000e+00
0.000000e+00
0.000000e+00
0.000000e+00
0.000000e+00
0.000000e+00
0.000000e+00
0.000000e+00
0.000000e+00
0.000000e+00
0.000000e+00
0.000000e+00
0.000000e+00
0.000000e+00
0.000000e+00
0.000000e+00
0.000000e+00
0.000000e+00
0.000000e+00
0.000000e+00
0.000000e+00
0.000000e+00
0.000000e+00
0.000000e+00
0.000000e+00
0.000000e+00
0.000000e+00
0.000000e+00
0.000000e+00
0.000000e+00
0.000000e+00
0.000000e+00
0.000000e+00
0.000000e+00
0.000000e+00
0.000000e+00
0.000000e+00
0.000000e+00
0.000000e+00
0.000000e+00
0.000000e+00
0.000000e+00
0.000000e+00
0.000000e+00
0.000000e+00
0.000000e+00
0.000000e+00
0.000000e+00
0.000000e+00
0.000000e+00
0.000000e+00
0.000000e+00
0.000000e+00
0.000000e+00
0.000000e+00
0.000000e+00
0.000000e+00
0.000000e+00
0.000000e+00
0.000000e+00
0.000000e+00
0.000000e+00
0.000000e+00
0.000000e+00
0.000000e+00
0.000000e+00
0.000000e+00
0.000000e+00
0.000000e+00
0.000000e+00
0.000000e+00
0.000000e+00
0.000000e+00
0.000000e+00
0.000000e+00
0.000000e+00
0.000000e+00
0.000000e+00
0.000000e+00
0.000000e+00
0.000000e+00
0.000000e+00
0.000000e+00
0.000000e+00
0.000000e+00
0.000000e+00
0.000000e+00
0.000000e+00
0.000000e+00
0.000000e+00
0.000000e+00
0.000000e+00
0.000000e+00
0.000000e+00
0.000000e+00
0.000000e+00
0.000000e+00
0.000000e+00
0.000000e+00
0.000000e+00
0.000000e+00
0.000000e+00
0.000000e+00
0.000000e+00
0.000000e+00
0.000000e+00
0.000000e+00
0.000000e+00
0.000000e+00
0.000000e+00
0.000000e+00
0.000000e+00
0.000000e+00
0.000000e+00
0.000000e+00
0.000000e+00
0.000000e+00
0.000000e+00
0.000000e+00
0.000000e+00
0.000000e+00
0.000000e+00
0.000000e+00
0.000000e+00
0.000000e+00
0.000000e+00
0.000000e+00
0.000000e+00
0.000000e+00
0.000000e+00
0.000000e+00
0.000000e+00
0.000000e+00
0.000000e+00
0.000000e+00
0.000000e+00
0.000000e+00
0.000000e+00
0.000000e+00
0.000000e+00
0.000000e+00
0.000000e+00
0.000000e+00
0.000000e+00
0.000000e+00
0.000000e+00
0.000000e+00
0.000000e+00
0.000000e+00
0.000000e+00
0.000000e+00
0.000000e+00
0.000000e+00
0.000000e+00
0.000000e+00
0.000000e+00
0.000000e+00
0.000000e+00
0.000000e+00
0.000000e+00
0.000000e+00
0.000000e+00
0.000000e+00
0.000000e+00
0.000000e+00
0.000000e+00
0.000000e+00
0.000000e+00
0.000000e+00
0.000000e+00
0.000000e+00
0.000000e+00
0.000000e+00
0.000000e+00
0.000000e+00
0.000000e+00
0.000000e+00
0.000000e+00
0.000000e+00
0.000000e+00
0.000000e+00
0.000000e+00
0.000000e+00
0.000000e+00
0.000000e+00
0.000000e+00
0.000000e+00
0.000000e+00
0.000000e+00
0.000000e+00
0.000000e+00
0.000000e+00
0.000000e+00
0.000000e+00
0.000000e+00
0.000000e+00
0.000000e+00
0.000000e+00
0.000000e+00
0.000000e+00
0.000000e+00
0.000000e+00
0.000000e+00
0.000000e+00
0.000000e+00
0.000000e+00
0.000000e+00
0.000000e+00
0.000000e+00
0.000000e+00
0.000000e+00
0.000000e+00
0.000000e+00
0.000000e+00
0.000000e+00
0.000000e+00
0.000000e+00
0.000000e+00
0.000000e+00
0.000000e+00
0.000000e+00
0.000000e+00
0.000000e+00
0.000000e+00
0.000000e+00
0.000000e+00
0.000000e+00
0.000000e+00
0.000000e+00
0.000000e+00
0.000000e+00
0.000000e+00
0.000000e+00
0.000000e+00
0.000000e+00
0.000000e+00
0.000000e+00
0.000000e+00
0.000000e+00
0.000000e+00
0.000000e+00
0.000000e+00
0.000000e+00
0.000000e+00
0.000000e+00
0.000000e+00
0.000000e+00
0.000000e+00
0.000000e+00
0.000000e+00
0.000000e+00
0.000000e+00
0.000000e+00
0.000000e+00
0.000000e+00
0.000000e+00
0.000000e+00
0.000000e+00
0.000000e+00
0.000000e+00
0.000000e+00
0.000000e+00
0.000000e+00
0.000000e+00
0.000000e+00
0.000000e+00
0.000000e+00
0.000000e+00
0.000000e+00
0.000000e+00
0.000000e+00
0.000000e+00
0.000000e+00
0.000000e+00
0.000000e+00
0.000000e+00
0.000000e+00
0.000000e+00
0.000000e+00
0.000000e+00
0.000000e+00
0.000000e+00
0.000000e+00
0.000000e+00
0.000000e+00
0.000000e+00
0.000000e+00
0.000000e+00
0.000000e+00
0.000000e+00
0.000000e+00
0.000000e+00
0.000000e+00
0.000000e+00
0.000000e+00
0.000000e+00
0.000000e+00
0.000000e+00
0.000000e+00
0.000000e+00
0.000000e+00
0.000000e+00
0.000000e+00
0.000000e+00
0.000000e+00
0.000000e+00
0.000000e+00
0.000000e+00
0.000000e+00
0.000000e+00
0.000000e+00
0.000000e+00
0.000000e+00
0.000000e+00
0.000000e+00
0.000000e+00
0.000000e+00
0.000000e+00
0.000000e+00
0.000000e+00
0.000000e+00
0.000000e+00
0.000000e+00
0.000000e+00
0.000000e+00
0.000000e+00
0.000000e+00
0.000000e+00
0.000000e+00
0.000000e+00
0.000000e+00
0.000000e+00
0.000000e+00
0.000000e+00
0.000000e+00
0.000000e+00
0.000000e+00
0.000000e+00
0.000000e+00
0.000000e+00
0.000000e+00
0.000000e+00
0.000000e+00
0.000000e+00
0.000000e+00
0.000000e+00
0.000000e+00
0.000000e+00
0.000000e+00
0.000000e+00
0.000000e+00
0.000000e+00
0.000000e+00
0.000000e+00
0.000000e+00
0.000000e+00
0.000000e+00
0.000000e+00
0.000000e+00
0.000000e+00
0.000000e+00
0.000000e+00
0.000000e+00
0.000000e+00
0.000000e+00
0.000000e+00
0.000000e+00
0.000000e+00
0.000000e+00
0.000000e+00
0.000000e+00
0.000000e+00
0.000000e+00
0.000000e+00
0.000000e+00
0.000000e+00
0.000000e+00
0.000000e+00
0.000000e+00
0.000000e+00
0.000000e+00
0.000000e+00
0.000000e+00
0.000000e+00
0.000000e+00
0.000000e+00
0.000000e+00
0.000000e+00
0.000000e+00
0.000000e+00
0.000000e+00
0.000000e+00
0.000000e+00
0.000000e+00
0.000000e+00
0.000000e+00
0.000000e+00
0.000000e+00
0.000000e+00
0.000000e+00
0.000000e+00
0.000000e+00
0.000000e+00
0.000000e+00
0.000000e+00
0.000000e+00
0.000000e+00
0.000000e+00
0.000000e+00
0.000000e+00
0.000000e+00
0.000000e+00
0.000000e+00
0.000000e+00
0.000000e+00
0.000000e+00
0.000000e+00
0.000000e+00
0.000000e+00
0.000000e+00
0.000000e+00
0.000000e+00
0.000000e+00
0.000000e+00
0.000000e+00
0.000000e+00
0.000000e+00
0.000000e+00
0.000000e+00
0.000000e+00
0.000000e+00
0.000000e+00
0.000000e+00
0.000000e+00
0.000000e+00
0.000000e+00
0.000000e+00
0.000000e+00
0.000000e+00
0.000000e+00
0.000000e+00
0.000000e+00
0.000000e+00
0.000000e+00
0.000000e+00
0.000000e+00
0.000000e+00
0.000000e+00
0.000000e+00
0.000000e+00
0.000000e+00
0.000000e+00
0.000000e+00
0.000000e+00
0.000000e+00
0.000000e+00
0.000000e+00
0.000000e+00
0.000000e+00
0.000000e+00
0.000000e+00
0.000000e+00
0.000000e+00
0.000000e+00
0.000000e+00
0.000000e+00
0.000000e+00
0.000000e+00
0.000000e+00
0.000000e+00
0.000000e+00
0.000000e+00
0.000000e+00
0.000000e+00
0.000000e+00
0.000000e+00
0.000000e+00
0.000000e+00
0.000000e+00
0.000000e+00
0.000000e+00
0.000000e+00
0.000000e+00
0.000000e+00
0.000000e+00
0.000000e+00
0.000000e+00
0.000000e+00
0.000000e+00
0.000000e+00
0.000000e+00
0.000000e+00
0.000000e+00
0.000000e+00
0.000000e+00
0.000000e+00
0.000000e+00
0.000000e+00
0.000000e+00
0.000000e+00
0.000000e+00
0.000000e+00
0.000000e+00
0.000000e+00
0.000000e+00
0.000000e+00
0.000000e+00
0.000000e+00
0.000000e+00
0.000000e+00
0.000000e+00
0.000000e+00
0.000000e+00
0.000000e+00
0.000000e+00
0.000000e+00
0.000000e+00
0.000000e+00
0.000000e+00
0.000000e+00
0.000000e+00
0.000000e+00
0.000000e+00
0.000000e+00
0.000000e+00
0.000000e+00
0.000000e+00
0.000000e+00
0.000000e+00
0.000000e+00
0.000000e+00
0.000000e+00
0.000000e+00
0.000000e+00
0.000000e+00
0.000000e+00
0.000000e+00
0.000000e+00
0.000000e+00
0.000000e+00
0.000000e+00
0.000000e+00
0.000000e+00
0.000000e+00
0.000000e+00
0.000000e+00
0.000000e+00
0.000000e+00
0.000000e+00
0.000000e+00
0.000000e+00
0.000000e+00
0.000000e+00
0.000000e+00
0.000000e+00
0.000000e+00
0.000000e+00
0.000000e+00
0.000000e+00
0.000000e+00
0.000000e+00
0.000000e+00
0.000000e+00
0.000000e+00
0.000000e+00
0.000000e+00
0.000000e+00
0.000000e+00
0.000000e+00
0.000000e+00
0.000000e+00
0.000000e+00
0.000000e+00
0.000000e+00
0.000000e+00
0.000000e+00
0.000000e+00
0.000000e+00
0.000000e+00
0.000000e+00
0.000000e+00
0.000000e+00
0.000000e+00
0.000000e+00
0.000000e+00
0.000000e+00
0.000000e+00
0.000000e+00
0.000000e+00
0.000000e+00
0.000000e+00
0.000000e+00
0.000000e+00
0.000000e+00
0.000000e+00
0.000000e+00
0.000000e+00
0.000000e+00
0.000000e+00
0.000000e+00
0.000000e+00
0.000000e+00
0.000000e+00
0.000000e+00
0.000000e+00
0.000000e+00
0.000000e+00
0.000000e+00
0.000000e+00
0.000000e+00
0.000000e+00
0.000000e+00
0.000000e+00
0.000000e+00
0.000000e+00
0.000000e+00
0.000000e+00
0.000000e+00
0.000000e+00
0.000000e+00
0.000000e+00
0.000000e+00
0.000000e+00
0.000000e+00
0.000000e+00
0.000000e+00
0.000000e+00
0.000000e+00
0.000000e+00
0.000000e+00
0.000000e+00
0.000000e+00
0.000000e+00
0.000000e+00
0.000000e+00
0.000000e+00
0.000000e+00
0.000000e+00
0.000000e+00
0.000000e+00
0.000000e+00
0.000000e+00
0.000000e+00
0.000000e+00
0.000000e+00
0.000000e+00
0.000000e+00
0.000000e+00
0.000000e+00
0.000000e+00
0.000000e+00
0.000000e+00
0.000000e+00
0.000000e+00
0.000000e+00
0.000000e+00
0.000000e+00
0.000000e+00
0.000000e+00
0.000000e+00
0.000000e+00
0.000000e+00
0.000000e+00
0.000000e+00
0.000000e+00
0.000000e+00
0.000000e+00
0.000000e+00
0.000000e+00
0.000000e+00
0.000000e+00
0.000000e+00
0.000000e+00
0.000000e+00
0.000000e+00
0.000000e+00
0.000000e+00
0.000000e+00
0.000000e+00
0.000000e+00
0.000000e+00
0.000000e+00
0.000000e+00
0.000000e+00
0.000000e+00
0.000000e+00
0.000000e+00
0.000000e+00
0.000000e+00
0.000000e+00
0.000000e+00
0.000000e+00
0.000000e+00
0.000000e+00
0.000000e+00
0.000000e+00
0.000000e+00
0.000000e+00
0.000000e+00
0.000000e+00
0.000000e+00
0.000000e+00
0.000000e+00
0.000000e+00
0.000000e+00
0.000000e+00
0.000000e+00
0.000000e+00
0.000000e+00
0.000000e+00
0.000000e+00
0.000000e+00
0.000000e+00
0.000000e+00
0.000000e+00
0.000000e+00
0.000000e+00
0.000000e+00
0.000000e+00
0.000000e+00
0.000000e+00
0.000000e+00
0.000000e+00
0.000000e+00
0.000000e+00
0.000000e+00
0.000000e+00
0.000000e+00
0.000000e+00
0.000000e+00
0.000000e+00
0.000000e+00
0.000000e+00
0.000000e+00
0.000000e+00
0.000000e+00
0.000000e+00
0.000000e+00
0.000000e+00
0.000000e+00
0.000000e+00
0.000000e+00
0.000000e+00
0.000000e+00
0.000000e+00
0.000000e+00
0.000000e+00
0.000000e+00
0.000000e+00
0.000000e+00
0.000000e+00
0.000000e+00
0.000000e+00
0.000000e+00
0.000000e+00
0.000000e+00
0.000000e+00
0.000000e+00
0.000000e+00
0.000000e+00
0.000000e+00
0.000000e+00
0.000000e+00
0.000000e+00
0.000000e+00
0.000000e+00
0.000000e+00
0.000000e+00
0.000000e+00
0.000000e+00
0.000000e+00
0.000000e+00
0.000000e+00
0.000000e+00
0.000000e+00
0.000000e+00
0.000000e+00
0.000000e+00
0.000000e+00
0.000000e+00
0.000000e+00
0.000000e+00
0.000000e+00
0.000000e+00
0.000000e+00
0.000000e+00
0.000000e+00
0.000000e+00
0.000000e+00
0.000000e+00
0.000000e+00
0.000000e+00
0.000000e+00
0.000000e+00
0.000000e+00
0.000000e+00
0.000000e+00
0.000000e+00
0.000000e+00
0.000000e+00
0.000000e+00
0.000000e+00
0.000000e+00
0.000000e+00
0.000000e+00
0.000000e+00
0.000000e+00
0.000000e+00
0.000000e+00
0.000000e+00
0.000000e+00
0.000000e+00
0.000000e+00
0.000000e+00
0.000000e+00
0.000000e+00
0.000000e+00
0.000000e+00
0.000000e+00
0.000000e+00
0.000000e+00
0.000000e+00
0.000000e+00
0.000000e+00
0.000000e+00
0.000000e+00
0.000000e+00
0.000000e+00
0.000000e+00
0.000000e+00
0.000000e+00
0.000000e+00
0.000000e+00
0.000000e+00
0.000000e+00
0.000000e+00
0.000000e+00
0.000000e+00
0.000000e+00
0.000000e+00
0.000000e+00
0.000000e+00
0.000000e+00
0.000000e+00
0.000000e+00
0.000000e+00
0.000000e+00
0.000000e+00
0.000000e+00
0.000000e+00
0.000000e+00
0.000000e+00
0.000000e+00
0.000000e+00
0.000000e+00
0.000000e+00
0.000000e+00
0.000000e+00
0.000000e+00
0.000000e+00
0.000000e+00
0.000000e+00
0.000000e+00
0.000000e+00
0.000000e+00
0.000000e+00
0.000000e+00
0.000000e+00
0.000000e+00
0.000000e+00
0.000000e+00
0.000000e+00
0.000000e+00
0.000000e+00
0.000000e+00
0.000000e+00
0.000000e+00
0.000000e+00
0.000000e+00
0.000000e+00
0.000000e+00
0.000000e+00
0.000000e+00
0.000000e+00
0.000000e+00
0.000000e+00
0.000000e+00
0.000000e+00
0.000000e+00
0.000000e+00
0.000000e+00
0.000000e+00
0.000000e+00
0.000000e+00
0.000000e+00
0.000000e+00
0.000000e+00
0.000000e+00
0.000000e+00
0.000000e+00
0.000000e+00
0.000000e+00
0.000000e+00
0.000000e+00
0.000000e+00
0.000000e+00
0.000000e+00
0.000000e+00
0.000000e+00
0.000000e+00
0.000000e+00
0.000000e+00
0.000000e+00
0.000000e+00
0.000000e+00
0.000000e+00
0.000000e+00
0.000000e+00
0.000000e+00
0.000000e+00
0.000000e+00
0.000000e+00
0.000000e+00
0.000000e+00
0.000000e+00
0.000000e+00
0.000000e+00
0.000000e+00
0.000000e+00
0.000000e+00
0.000000e+00
0.000000e+00
0.000000e+00
0.000000e+00
0.000000e+00
0.000000e+00
0.000000e+00
0.000000e+00
0.000000e+00
0.000000e+00
0.000000e+00
0.000000e+00
0.000000e+00
0.000000e+00
0.000000e+00
0.000000e+00
0.000000e+00
0.000000e+00
0.000000e+00
0.000000e+00
0.000000e+00
0.000000e+00
0.000000e+00
0.000000e+00
0.000000e+00
0.000000e+00
0.000000e+00
0.000000e+00
0.000000e+00
0.000000e+00
0.000000e+00
0.000000e+00
0.000000e+00
0.000000e+00
0.000000e+00
0.000000e+00
0.000000e+00
0.000000e+00
0.000000e+00
0.000000e+00
0.000000e+00
0.000000e+00
0.000000e+00
0.000000e+00
0.000000e+00
0.000000e+00
0.000000e+00
0.000000e+00
0.000000e+00
0.000000e+00
0.000000e+00
0.000000e+00
0.000000e+00
0.000000e+00
0.000000e+00
0.000000e+00
0.000000e+00
0.000000e+00
0.000000e+00
0.000000e+00
0.000000e+00
0.000000e+00
0.000000e+00
0.000000e+00
0.000000e+00
0.000000e+00
0.000000e+00
0.000000e+00
0.000000e+00
0.000000e+00
0.000000e+00
0.000000e+00
0.000000e+00
0.000000e+00
0.000000e+00
0.000000e+00
0.000000e+00
0.000000e+00
0.000000e+00
0.000000e+00
0.000000e+00
0.000000e+00
0.000000e+00
0.000000e+00
0.000000e+00
0.000000e+00
0.000000e+00
0.000000e+00
0.000000e+00
0.000000e+00
0.000000e+00
0.000000e+00
0.000000e+00
0.000000e+00
0.000000e+00
0.000000e+00
0.000000e+00
0.000000e+00
0.000000e+00
0.000000e+00
0.000000e+00
0.000000e+00
0.000000e+00
0.000000e+00
0.000000e+00
0.000000e+00
0.000000e+00
0.000000e+00
0.000000e+00
0.000000e+00
0.000000e+00
0.000000e+00
0.000000e+00
0.000000e+00
0.000000e+00
0.000000e+00
0.000000e+00
0.000000e+00
0.000000e+00
0.000000e+00
0.000000e+00
0.000000e+00
0.000000e+00
0.000000e+00
0.000000e+00
0.000000e+00
0.000000e+00
0.000000e+00
0.000000e+00
0.000000e+00
0.000000e+00
0.000000e+00
0.000000e+00
0.000000e+00
0.000000e+00
0.000000e+00
0.000000e+00
0.000000e+00
0.000000e+00
0.000000e+00
0.000000e+00
0.000000e+00
0.000000e+00
0.000000e+00
0.000000e+00
0.000000e+00
0.000000e+00
0.000000e+00
0.000000e+00
0.000000e+00
0.000000e+00
0.000000e+00
0.000000e+00
0.000000e+00
0.000000e+00
0.000000e+00
0.000000e+00
0.000000e+00
0.000000e+00
0.000000e+00
0.000000e+00
0.000000e+00
0.000000e+00
0.000000e+00
0.000000e+00
0.000000e+00
0.000000e+00
0.000000e+00
0.000000e+00
0.000000e+00
0.000000e+00
0.000000e+00
0.000000e+00
0.000000e+00
0.000000e+00
0.000000e+00
0.000000e+00
0.000000e+00
0.000000e+00
0.000000e+00
0.000000e+00
0.000000e+00
0.000000e+00
0.000000e+00
0.000000e+00
0.000000e+00
0.000000e+00
0.000000e+00
0.000000e+00
0.000000e+00
0.000000e+00
0.000000e+00
0.000000e+00
0.000000e+00
0.000000e+00
0.000000e+00
0.000000e+00
0.000000e+00
0.000000e+00
0.000000e+00
0.000000e+00
0.000000e+00
0.000000e+00
0.000000e+00
0.000000e+00
0.000000e+00
0.000000e+00
0.000000e+00
0.000000e+00
0.000000e+00
0.000000e+00
0.000000e+00
0.000000e+00
0.000000e+00
0.000000e+00
0.000000e+00
0.000000e+00
0.000000e+00
0.000000e+00
0.000000e+00
0.000000e+00
0.000000e+00
0.000000e+00
0.000000e+00
0.000000e+00
0.000000e+00
0.000000e+00
0.000000e+00
0.000000e+00
0.000000e+00
0.000000e+00
0.000000e+00
0.000000e+00
0.000000e+00
0.000000e+00
0.000000e+00
0.000000e+00
0.000000e+00
0.000000e+00
0.000000e+00
0.000000e+00
0.000000e+00
0.000000e+00
0.000000e+00
0.000000e+00
0.000000e+00
0.000000e+00
0.000000e+00
0.000000e+00
0.000000e+00
0.000000e+00
0.000000e+00
0.000000e+00
0.000000e+00
0.000000e+00
0.000000e+00
0.000000e+00
0.000000e+00
0.000000e+00
0.000000e+00
0.000000e+00
0.000000e+00
0.000000e+00
0.000000e+00
0.000000e+00
0.000000e+00
0.000000e+00
0.000000e+00
0.000000e+00
0.000000e+00
0.000000e+00
0.000000e+00
0.000000e+00
0.000000e+00
0.000000e+00
0.000000e+00
0.000000e+00
0.000000e+00
0.000000e+00
0.000000e+00
0.000000e+00
0.000000e+00
0.000000e+00
0.000000e+00
0.000000e+00
0.000000e+00
0.000000e+00
0.000000e+00
0.000000e+00
0.000000e+00
0.000000e+00
0.000000e+00
0.000000e+00
0.000000e+00
0.000000e+00
0.000000e+00
0.000000e+00
0.000000e+00
0.000000e+00
0.000000e+00
0.000000e+00
0.000000e+00
0.000000e+00
0.000000e+00
0.000000e+00
0.000000e+00
0.000000e+00
0.000000e+00
0.000000e+00
0.000000e+00
0.000000e+00
0.000000e+00
0.000000e+00
0.000000e+00
0.000000e+00
0.000000e+00
0.000000e+00
0.000000e+00
0.000000e+00
0.000000e+00
0.000000e+00
0.000000e+00
0.000000e+00
0.000000e+00
0.000000e+00
0.000000e+00
0.000000e+00
0.000000e+00
0.000000e+00
0.000000e+00
0.000000e+00
0.000000e+00
0.000000e+00
0.000000e+00
0.000000e+00
0.000000e+00
0.000000e+00
0.000000e+00
0.000000e+00
0.000000e+00
0.000000e+00
0.000000e+00
0.000000e+00
0.000000e+00
0.000000e+00
0.000000e+00
0.000000e+00
0.000000e+00
0.000000e+00
0.000000e+00
0.000000e+00
0.000000e+00
0.000000e+00
0.000000e+00
0.000000e+00
0.000000e+00
0.000000e+00
0.000000e+00
0.000000e+00
0.000000e+00
0.000000e+00
0.000000e+00
0.000000e+00
0.000000e+00
0.000000e+00
0.000000e+00
0.000000e+00
0.000000e+00
0.000000e+00
0.000000e+00
0.000000e+00
0.000000e+00
0.000000e+00
0.000000e+00
0.000000e+00
0.000000e+00
0.000000e+00
0.000000e+00
0.000000e+00
0.000000e+00
0.000000e+00
0.000000e+00
0.000000e+00
0.000000e+00
0.000000e+00
0.000000e+00
0.000000e+00
0.000000e+00
0.000000e+00
0.000000e+00
0.000000e+00
0.000000e+00
0.000000e+00
0.000000e+00
0.000000e+00
0.000000e+00
0.000000e+00
0.000000e+00
0.000000e+00
0.000000e+00
0.000000e+00
0.000000e+00
0.000000e+00
0.000000e+00
0.000000e+00
0.000000e+00
0.000000e+00
0.000000e+00
0.000000e+00
0.000000e+00
0.000000e+00
0.000000e+00
0.000000e+00
0.000000e+00
0.000000e+00
0.000000e+00
0.000000e+00
0.000000e+00
0.000000e+00
0.000000e+00
0.000000e+00
0.000000e+00
0.000000e+00
0.000000e+00
0.000000e+00
0.000000e+00
0.000000e+00
0.000000e+00
0.000000e+00
0.000000e+00
0.000000e+00
0.000000e+00
0.000000e+00
0.000000e+00
0.000000e+00
0.000000e+00
0.000000e+00
0.000000e+00
0.000000e+00
0.000000e+00
0.000000e+00
0.000000e+00
0.000000e+00
0.000000e+00
0.000000e+00
0.000000e+00
0.000000e+00
0.000000e+00
0.000000e+00
0.000000e+00
0.000000e+00
0.000000e+00
0.000000e+00
0.000000e+00
0.000000e+00
0.000000e+00
0.000000e+00
0.000000e+00
0.000000e+00
0.000000e+00
0.000000e+00
0.000000e+00
0.000000e+00
0.000000e+00
0.000000e+00
0.000000e+00
0.000000e+00
0.000000e+00
0.000000e+00
0.000000e+00
0.000000e+00
0.000000e+00
0.000000e+00
0.000000e+00
0.000000e+00
0.000000e+00
0.000000e+00
0.000000e+00
0.000000e+00
0.000000e+00
0.000000e+00
0.000000e+00
0.000000e+00
0.000000e+00
0.000000e+00
0.000000e+00
0.000000e+00
0.000000e+00
0.000000e+00
0.000000e+00
0.000000e+00
0.000000e+00
0.000000e+00
0.000000e+00
0.000000e+00
0.000000e+00
0.000000e+00
0.000000e+00
0.000000e+00
0.000000e+00
0.000000e+00
0.000000e+00
0.000000e+00
0.000000e+00
0.000000e+00
0.000000e+00
0.000000e+00
0.000000e+00
0.000000e+00
0.000000e+00
0.000000e+00
0.000000e+00
0.000000e+00
0.000000e+00
0.000000e+00
0.000000e+00
0.000000e+00
0.000000e+00
0.000000e+00
0.000000e+00
0.000000e+00
0.000000e+00
0.000000e+00
0.000000e+00
0.000000e+00
0.000000e+00
0.000000e+00
0.000000e+00
0.000000e+00
0.000000e+00
0.000000e+00
0.000000e+00
0.000000e+00
0.000000e+00
0.000000e+00
0.000000e+00
0.000000e+00
0.000000e+00
0.000000e+00
0.000000e+00
0.000000e+00
0.000000e+00
0.000000e+00
0.000000e+00
0.000000e+00
0.000000e+00
0.000000e+00
0.000000e+00
0.000000e+00
0.000000e+00
0.000000e+00
0.000000e+00
0.000000e+00
0.000000e+00
0.000000e+00
0.000000e+00
0.000000e+00
0.000000e+00
0.000000e+00
0.000000e+00
0.000000e+00
0.000000e+00
0.000000e+00
0.000000e+00
0.000000e+00
0.000000e+00
0.000000e+00
0.000000e+00
0.000000e+00
0.000000e+00
0.000000e+00
0.000000e+00
0.000000e+00
0.000000e+00
0.000000e+00
0.000000e+00
0.000000e+00
0.000000e+00
0.000000e+00
0.000000e+00
0.000000e+00
0.000000e+00
0.000000e+00
0.000000e+00
0.000000e+00
0.000000e+00
0.000000e+00
0.000000e+00
0.000000e+00
0.000000e+00
0.000000e+00
0.000000e+00
0.000000e+00
0.000000e+00
0.000000e+00
0.000000e+00
0.000000e+00
0.000000e+00
0.000000e+00
0.000000e+00
0.000000e+00
0.000000e+00
0.000000e+00
0.000000e+00
0.000000e+00
0.000000e+00
0.000000e+00
0.000000e+00
0.000000e+00
0.000000e+00
0.000000e+00
0.000000e+00
0.000000e+00
0.000000e+00
0.000000e+00
0.000000e+00
0.000000e+00
0.000000e+00
0.000000e+00
0.000000e+00
0.000000e+00
0.000000e+00
0.000000e+00
0.000000e+00
0.000000e+00
0.000000e+00
0.000000e+00
0.000000e+00
0.000000e+00
0.000000e+00
0.000000e+00
0.000000e+00
0.000000e+00
0.000000e+00
0.000000e+00
0.000000e+00
0.000000e+00
0.000000e+00
0.000000e+00
0.000000e+00
0.000000e+00
0.000000e+00
0.000000e+00
0.000000e+00
0.000000e+00
0.000000e+00
0.000000e+00
0.000000e+00
0.000000e+00
0.000000e+00
0.000000e+00
0.000000e+00
0.000000e+00
0.000000e+00
0.000000e+00
0.000000e+00
0.000000e+00
0.000000e+00
0.000000e+00
0.000000e+00
0.000000e+00
0.000000e+00
0.000000e+00
0.000000e+00
0.000000e+00
0.000000e+00
0.000000e+00
0.000000e+00
0.000000e+00
0.000000e+00
0.000000e+00
0.000000e+00
0.000000e+00
0.000000e+00
0.000000e+00
0.000000e+00
0.000000e+00
0.000000e+00
0.000000e+00
0.000000e+00
0.000000e+00
0.000000e+00
0.000000e+00
0.000000e+00
0.000000e+00
0.000000e+00
0.000000e+00
0.000000e+00
</DataArray>
<DataArray type="Float32" Name="V2" format="ascii">
0.000000e+00
0.000000e+00
0.000000e+00
0.000000e+00
0.000000e+00
0.000000e+00
0.000000e+00
0.000000e+00
0.000000e+00
0.000000e+00
0.000000e+00
0.000000e+00
0.000000e+00
0.000000e+00
0.000000e+00
0.000000e+00
0.000000e+00
0.000000e+00
0.000000e+00
0.000000e+00
0.000000e+00
0.000000e+00
0.000000e+00
0.000000e+00
0.000000e+00
0.000000e+00
0.000000e+00
0.000000e+00
0.000000e+00
0.000000e+00
0.000000e+00
0.000000e+00
0.000000e+00
0.000000e+00
0.000000e+00
0.000000e+00
0.000000e+00
0.000000e+00
0.000000e+00
0.000000e+00
0.000000e+00
0.000000e+00
0.000000e+00
0.000000e+00
0.000000e+00
0.000000e+00
0.000000e+00
0.000000e+00
0.000000e+00
0.000000e+00
0.000000e+00
0.000000e+00
0.000000e+00
0.000000e+00
0.000000e+00
0.000000e+00
0.000000e+00
0.000000e+00
0.000000e+00
0.000000e+00
0.000000e+00
0.000000e+00
0.000000e+00
0.000000e+00
0.000000e+00
0.000000e+00
0.000000e+00
0.000000e+00
0.000000e+00
0.000000e+00
0.000000e+00
0.000000e+00
0.000000e+00
0.000000e+00
0.000000e+00
0.000000e+00
0.000000e+00
0.000000e+00
0.000000e+00
0.000000e+00
0.000000e+00
0.000000e+00
0.000000e+00
0.000000e+00
0.000000e+00
0.000000e+00
0.000000e+00
0.000000e+00
0.000000e+00
0.000000e+00
0.000000e+00
0.000000e+00
0.000000e+00
0.000000e+00
0.000000e+00
0.000000e+00
0.000000e+00
0.000000e+00
0.000000e+00
0.000000e+00
0.000000e+00
0.000000e+00
0.000000e+00
0.000000e+00
0.000000e+00
0.000000e+00
0.000000e+00
0.000000e+00
0.000000e+00
0.000000e+00
0.000000e+00
0.000000e+00
0.000000e+00
0.000000e+00
0.000000e+00
0.000000e+00
0.000000e+00
0.000000e+00
0.000000e+00
0.000000e+00
0.000000e+00
0.000000e+00
0.000000e+00
0.000000e+00
0.000000e+00
0.000000e+00
0.000000e+00
0.000000e+00
0.000000e+00
0.000000e+00
0.000000e+00
0.000000e+00
0.000000e+00
0.000000e+00
0.000000e+00
0.000000e+00
0.000000e+00
0.000000e+00
0.000000e+00
0.000000e+00
0.000000e+00
0.000000e+00
0.000000e+00
0.000000e+00
0.000000e+00
0.000000e+00
0.000000e+00
0.000000e+00
0.000000e+00
0.000000e+00
0.000000e+00
0.000000e+00
0.000000e+00
0.000000e+00
0.000000e+00
0.000000e+00
0.000000e+00
0.000000e+00
0.000000e+00
0.000000e+00
0.000000e+00
0.000000e+00
0.000000e+00
0.000000e+00
0.000000e+00
0.000000e+00
0.000000e+00
0.000000e+00
0.000000e+00
0.000000e+00
0.000000e+00
0.000000e+00
0.000000e+00
0.000000e+00
0.000000e+00
0.000000e+00
0.000000e+00
0.000000e+00
0.000000e+00
0.000000e+00
0.000000e+00
0.000000e+00
0.000000e+00
0.000000e+00
0.000000e+00
0.000000e+00
0.000000e+00
0.000000e+00
0.000000e+00
0.000000e+00
0.000000e+00
0.000000e+00
0.000000e+00
0.000000e+00
0.000000e+00
0.000000e+00
0.000000e+00
0.000000e+00
0.000000e+00
0.000000e+00
0.000000e+00
0.000000e+00
0.000000e+00
0.000000e+00
0.000000e+00
0.000000e+00
0.000000e+00
0.000000e+00
0.000000e+00
0.000000e+00
0.000000e+00
0.000000e+00
0.000000e+00
0.000000e+00
0.000000e+00
0.000000e+00
0.000000e+00
0.000000e+00
0.000000e+00
0.000000e+00
0.000000e+00
0.000000e+00
0.000000e+00
0.000000e+00
0.000000e+00
0.000000e+00
0.000000e+00
0.000000e+00
0.000000e+00
0.000000e+00
0.000000e+00
0.000000e+00
0.000000e+00
0.000000e+00
0.000000e+00
0.000000e+00
0.000000e+00
0.000000e+00
0.000000e+00
0.000000e+00
0.000000e+00
0.000000e+00
0.000000e+00
0.000000e+00
0.000000e+00
0.000000e+00
0.000000e+00
0.000000e+00
0.000000e+00
0.000000e+00
0.000000e+00
0.000000e+00
0.000000e+00
0.000000e+00
0.000000e+00
0.000000e+00
0.000000e+00
0.000000e+00
0.000000e+00
0.000000e+00
0.000000e+00
0.000000e+00
0.000000e+00
0.000000e+00
0.000000e+00
0.000000e+00
0.000000e+00
0.000000e+00
0.000000e+00
0.000000e+00
0.000000e+00
0.000000e+00
0.000000e+00
0.000000e+00
0.000000e+00
0.000000e+00
0.000000e+00
0.000000e+00
0.000000e+00
0.000000e+00
0.000000e+00
0.000000e+00
0.000000e+00
0.000000e+00
0.000000e+00
0.000000e+00
0.000000e+00
0.000000e+00
0.000000e+00
0.000000e+00
0.000000e+00
0.000000e+00
0.000000e+00
0.000000e+00
0.000000e+00
0.000000e+00
0.000000e+00
0.000000e+00
0.000000e+00
0.000000e+00
0.000000e+00
0.000000e+00
0.000000e+00
0.000000e+00
0.000000e+00
0.000000e+00
0.000000e+00
0.000000e+00
0.000000e+00
0.000000e+00
0.000000e+00
0.000000e+00
0.000000e+00
0.000000e+00
0.000000e+00
0.000000e+00
0.000000e+00
0.000000e+00
0.000000e+00
0.000000e+00
0.000000e+00
0.000000e+00
0.000000e+00
0.000000e+00
0.000000e+00
0.000000e+00
0.000000e+00
0.000000e+00
0.000000e+00
0.000000e+00
0.000000e+00
0.000000e+00
0.000000e+00
0.000000e+00
0.000000e+00
0.000000e+00
0.000000e+00
0.000000e+00
0.000000e+00
0.000000e+00
0.000000e+00
0.000000e+00
0.000000e+00
0.000000e+00
0.000000e+00
0.000000e+00
0.000000e+00
0.000000e+00
0.000000e+00
0.000000e+00
0.000000e+00
0.000000e+00
0.000000e+00
0.000000e+00
0.000000e+00
0.000000e+00
0.000000e+00
0.000000e+00
0.000000e+00
0.000000e+00
0.000000e+00
0.000000e+00
0.000000e+00
0.000000e+00
0.000000e+00
0.000000e+00
0.000000e+00
0.000000e+00
0.000000e+00
0.000000e+00
0.000000e+00
0.000000e+00
0.000000e+00
0.000000e+00
0.000000e+00
0.000000e+00
0.000000e+00
0.000000e+00
0.000000e+00
0.000000e+00
0.000000e+00
0.000000e+00
0.000000e+00
0.000000e+00
0.000000e+00
0.000000e+00
0.000000e+00
0.000000e+00
0.000000e+00
0.000000e+00
0.000000e+00
0.000000e+00
0.000000e+00
0.000000e+00
0.000000e+00
0.000000e+00
0.000000e+00
0.000000e+00
0.000000e+00
0.000000e+00
0.000000e+00
0.000000e+00
0.000000e+00
0.000000e+00
0.000000e+00
0.000000e+00
0.000000e+00
0.000000e+00
0.000000e+00
0.000000e+00
0.000000e+00
0.000000e+00
0.000000e+00
0.000000e+00
0.000000e+00
0.000000e+00
0.000000e+00
0.000000e+00
0.000000e+00
0.000000e+00
0.000000e+00
0.000000e+00
0.000000e+00
0.000000e+00
0.000000e+00
0.000000e+00
0.000000e+00
0.000000e+00
0.000000e+00
0.000000e+00
0.000000e+00
0.000000e+00
0.000000e+00
0.000000e+00
0.000000e+00
0.000000e+00
0.000000e+00
0.000000e+00
0.000000e+00
0.000000e+00
0.000000e+00
0.000000e+00
0.000000e+00
0.000000e+00
0.000000e+00
0.000000e+00
0.000000e+00
0.000000e+00
0.000000e+00
0.000000e+00
0.000000e+00
0.000000e+00
0.000000e+00
0.000000e+00
0.000000e+00
0.000000e+00
0.000000e+00
0.000000e+00
0.000000e+00
0.000000e+00
0.000000e+00
0.000000e+00
0.000000e+00
0.000000e+00
0.000000e+00
0.000000e+00
0.000000e+00
0.000000e+00
0.000000e+00
0.000000e+00
0.000000e+00
0.000000e+00
0.000000e+00
0.000000e+00
0.000000e+00
0.000000e+00
0.000000e+00
0.000000e+00
0.000000e+00
0.000000e+00
0.000000e+00
0.000000e+00
0.000000e+00
0.000000e+00
0.000000e+00
0.000000e+00
0.000000e+00
0.000000e+00
0.000000e+00
0.000000e+00
0.000000e+00
0.000000e+00
0.000000e+00
0.000000e+00
0.000000e+00
0.000000e+00
0.000000e+00
0.000000e+00
0.000000e+00
0.000000e+00
0.000000e+00
0.000000e+00
0.000000e+00
0.000000e+00
0.000000e+00
0.000000e+00
0.000000e+00
0.000000e+00
0.000000e+00
0.000000e+00
0.000000e+00
0.000000e+00
0.000000e+00
0.000000e+00
0.000000e+00
0.000000e+00
0.000000e+00
0.000000e+00
0.000000e+00
0.000000e+00
0.000000e+00
0.000000e+00
0.000000e+00
0.000000e+00
0.000000e+00
0.000000e+00
0.000000e+00
0.000000e+00
0.000000e+00
0.000000e+00
0.000000e+00
0.000000e+00
0.000000e+00
0.000000e+00
0.000000e+00
0.000000e+00
0.000000e+00
0.000000e+00
0.000000e+00
0.000000e+00
0.000000e+00
0.000000e+00
0.000000e+00
0.000000e+00
0.000000e+00
0.000000e+00
0.000000e+00
0.000000e+00
0.000000e+00
0.000000e+00
0.000000e+00
0.000000e+00
0.000000e+00
0.000000e+00
0.000000e+00
0.000000e+00
0.000000e+00
0.000000e+00
0.000000e+00
0.000000e+00
0.000000e+00
0.000000e+00
0.000000e+00
0.000000e+00
0.000000e+00
0.000000e+00
0.000000e+00
0.000000e+00
0.000000e+00
0.000000e+00
0.000000e+00
0.000000e+00
0.000000e+00
0.000000e+00
0.000000e+00
0.000000e+00
0.000000e+00
0.000000e+00
0.000000e+00
0.000000e+00
0.000000e+00
0.000000e+00
0.000000e+00
0.000000e+00
0.000000e+00
0.000000e+00
0.000000e+00
0.000000e+00
0.000000e+00
0.000000e+00
0.000000e+00
0.000000e+00
0.000000e+00
0.000000e+00
0.000000e+00
0.000000e+00
0.000000e+00
0.000000e+00
0.000000e+00
0.000000e+00
0.000000e+00
0.000000e+00
0.000000e+00
0.000000e+00
0.000000e+00
0.000000e+00
0.000000e+00
0.000000e+00
0.000000e+00
0.000000e+00
0.000000e+00
0.000000e+00
0.000000e+00
0.000000e+00
0.000000e+00
0.000000e+00
0.000000e+00
0.000000e+00
0.000000e+00
0.000000e+00
0.000000e+00
0.000000e+00
0.000000e+00
0.000000e+00
0.000000e+00
0.000000e+00
0.000000e+00
0.000000e+00
0.000000e+00
0.000000e+00
0.000000e+00
0.000000e+00
0.000000e+00
0.000000e+00
0.000000e+00
0.000000e+00
0.000000e+00
0.000000e+00
0.000000e+00
0.000000e+00
0.000000e+00
0.000000e+00
0.000000e+00
0.000000e+00
0.000000e+00
0.000000e+00
0.000000e+00
0.000000e+00
0.000000e+00
0.000000e+00
0.000000e+00
0.000000e+00
0.000000e+00
0.000000e+00
0.000000e+00
0.000000e+00
0.000000e+00
0.000000e+00
0.000000e+00
0.000000e+00
0.000000e+00
0.000000e+00
0.000000e+00
0.000000e+00
0.000000e+00
0.000000e+00
0.000000e+00
0.000000e+00
0.000000e+00
0.000000e+00
0.000000e+00
0.000000e+00
0.000000e+00
0.000000e+00
0.000000e+00
0.000000e+00
0.000000e+00
0.000000e+00
0.000000e+00
0.000000e+00
0.000000e+00
0.000000e+00
0.000000e+00
0.000000e+00
0.000000e+00
0.000000e+00
0.000000e+00
0.000000e+00
0.000000e+00
0.000000e+00
0.000000e+00
0.000000e+00
0.000000e+00
0.000000e+00
0.000000e+00
0.000000e+00
0.000000e+00
0.000000e+00
0.000000e+00
0.000000e+00
0.000000e+00
0.000000e+00
0.000000e+00
0.000000e+00
0.000000e+00
0.000000e+00
0.000000e+00
0.000000e+00
0.000000e+00
0.000000e+00
0.000000e+00
0.000000e+00
0.000000e+00
0.000000e+00
0.000000e+00
0.000000e+00
0.000000e+00
0.000000e+00
0.000000e+00
0.000000e+00
0.000000e+00
0.000000e+00
0.000000e+00
0.000000e+00
0.000000e+00
0.000000e+00
0.000000e+00
0.000000e+00
0.000000e+00
0.000000e+00
0.000000e+00
0.000000e+00
0.000000e+00
0.000000e+00
0.000000e+00
0.000000e+00
0.000000e+00
0.000000e+00
0.000000e+00
0.000000e+00
0.000000e+00
0.000000e+00
0.000000e+00
0.000000e+00
0.000000e+00
0.000000e+00
0.000000e+00
0.000000e+00
0.000000e+00
0.000000e+00
0.000000e+00
0.000000e+00
0.000000e+00
0.000000e+00
0.000000e+00
0.000000e+00
0.000000e+00
0.000000e+00
0.000000e+00
0.000000e+00
0.000000e+00
0.000000e+00
0.000000e+00
0.000000e+00
0.000000e+00
0.000000e+00
0.000000e+00
0.000000e+00
0.000000e+00
0.000000e+00
0.000000e+00
0.000000e+00
0.000000e+00
0.000000e+00
0.000000e+00
0.000000e+00
0.000000e+00
0.000000e+00
0.000000e+00
0.000000e+00
0.000000e+00
0.000000e+00
0.000000e+00
0.000000e+00
0.000000e+00
0.000000e+00
0.000000e+00
0.000000e+00
0.000000e+00
0.000000e+00
0.000000e+00
0.000000e+00
0.000000e+00
0.000000e+00
0.000000e+00
0.000000e+00
0.000000e+00
0.000000e+00
0.000000e+00
0.000000e+00
0.000000e+00
0.000000e+00
0.000000e+00
0.000000e+00
0.000000e+00
0.000000e+00
0.000000e+00
0.000000e+00
0.000000e+00
0.000000e+00
0.000000e+00
0.000000e+00
0.000000e+00
0.000000e+00
0.000000e+00
0.000000e+00
0.000000e+00
0.000000e+00
0.000000e+00
0.000000e+00
0.000000e+00
0.000000e+00
0.000000e+00
0.000000e+00
0.000000e+00
0.000000e+00
0.000000e+00
0.000000e+00
0.000000e+00
0.000000e+00
0.000000e+00
0.000000e+00
0.000000e+00
0.000000e+00
0.000000e+00
0.000000e+00
0.000000e+00
0.000000e+00
0.000000e+00
0.000000e+00
0.000000e+00
0.000000e+00
0.000000e+00
0.000000e+00
0.000000e+00
0.000000e+00
0.000000e+00
0.000000e+00
0.000000e+00
0.000000e+00
0.000000e+00
0.000000e+00
0.000000e+00
0.000000e+00
0.000000e+00
0.000000e+00
0.000000e+00
0.000000e+00
0.000000e+00
0.000000e+00
0.000000e+00
0.000000e+00
0.000000e+00
0.000000e+00
0.000000e+00
0.000000e+00
0.000000e+00
0.000000e+00
0.000000e+00
0.000000e+00
0.000000e+00
0.000000e+00
0.000000e+00
0.000000e+00
0.000000e+00
0.000000e+00
0.000000e+00
0.000000e+00
0.000000e+00
0.000000e+00
0.000000e+00
0.000000e+00
0.000000e+00
0.000000e+00
0.000000e+00
0.000000e+00
0.000000e+00
0.000000e+00
0.000000e+00
0.000000e+00
0.000000e+00
0.000000e+00
0.000000e+00
0.000000e+00
0.000000e+00
0.000000e+00
0.000000e+00
0.000000e+00
0.000000e+00
0.000000e+00
0.000000e+00
0.000000e+00
0.000000e+00
0.000000e+00
0.000000e+00
0.000000e+00
0.000000e+00
0.000000e+00
0.000000e+00
0.000000e+00
0.000000e+00
0.000000e+00
0.000000e+00
0.000000e+00
0.000000e+00
0.000000e+00
0.000000e+00
0.000000e+00
0.000000e+00
0.000000e+00
0.000000e+00
0.000000e+00
0.000000e+00
0.000000e+00
0.000000e+00
0.000000e+00
0.000000e+00
0.000000e+00
0.000000e+00
0.000000e+00
0.000000e+00
0.000000e+00
0.000000e+00
0.000000e+00
0.000000e+00
0.000000e+00
0.000000e+00
0.000000e+00
0.000000e+00
0.000000e+00
0.000000e+00
0.000000e+00
0.000000e+00
0.000000e+00
0.000000e+00
0.000000e+00
0.000000e+00
0.000000e+00
0.000000e+00
0.000000e+00
0.000000e+00
0.000000e+00
0.000000e+00
0.000000e+00
0.000000e+00
0.000000e+00
0.000000e+00
0.000000e+00
0.000000e+00
0.000000e+00
0.000000e+00
0.000000e+00
0.000000e+00
0.000000e+00
0.000000e+00
0.000000e+00
0.000000e+00
0.000000e+00
0.000000e+00
0.000000e+00
0.000000e+00
0.000000e+00
0.000000e+00
0.000000e+00
0.000000e+00
0.000000e+00
0.000000e+00
0.000000e+00
0.000000e+00
0.000000e+00
0.000000e+00
0.000000e+00
0.000000e+00
0.000000e+00
0.000000e+00
0.000000e+00
0.000000e+00
0.000000e+00
0.000000e+00
0.000000e+00
0.000000e+00
0.000000e+00
0.000000e+00
0.000000e+00
0.000000e+00
0.000000e+00
0.000000e+00
0.000000e+00
0.000000e+00
0.000000e+00
0.000000e+00
0.000000e+00
0.000000e+00
0.000000e+00
0.000000e+00
0.000000e+00
0.000000e+00
0.000000e+00
0.000000e+00
0.000000e+00
0.000000e+00
0.000000e+00
0.000000e+00
0.000000e+00
0.000000e+00
0.000000e+00
0.000000e+00
0.000000e+00
0.000000e+00
0.000000e+00
0.000000e+00
0.000000e+00
0.000000e+00
0.000000e+00
0.000000e+00
0.000000e+00
0.000000e+00
0.000000e+00
0.000000e+00
0.000000e+00
0.000000e+00
0.000000e+00
0.000000e+00
0.000000e+00
0.000000e+00
0.000000e+00
0.000000e+00
0.000000e+00
0.000000e+00
0.000000e+00
0.000000e+00
0.000000e+00
0.000000e+00
0.000000e+00
0.000000e+00
0.000000e+00
0.000000e+00
0.000000e+00
0.000000e+00
0.000000e+00
0.000000e+00
0.000000e+00
0.000000e+00
0.000000e+00
0.000000e+00
0.000000e+00
0.000000e+00
0.000000e+00
0.000000e+00
0.000000e+00
0.000000e+00
0.000000e+00
0.000000e+00
0.000000e+00
0.000000e+00
0.000000e+00
0.000000e+00
0.000000e+00
0.000000e+00
0.000000e+00
0.000000e+00
0.000000e+00
0.000000e+00
0.000000e+00
0.000000e+00
0.000000e+00
0.000000e+00
0.000000e+00
0.000000e+00
0.000000e+00
0.000000e+00
0.000000e+00
0.000000e+00
0.000000e+00
0.000000e+00
0.000000e+00
0.000000e+00
0.000000e+00
0.000000e+00
0.000000e+00
0.000000e+00
0.000000e+00
0.000000e+00
0.000000e+00
0.000000e+00
0.000000e+00
0.000000e+00
0.000000e+00
0.000000e+00
0.000000e+00
0.000000e+00
0.000000e+00
0.000000e+00
0.000000e+00
0.000000e+00
0.000000e+00
0.000000e+00
0.000000e+00
0.000000e+00
0.000000e+00
0.000000e+00
0.000000e+00
0.000000e+00
0.000000e+00
0.000000e+00
0.000000e+00
0.000000e+00
0.000000e+00
0.000000e+00
0.000000e+00
0.000000e+00
0.000000e+00
0.000000e+00
0.000000e+00
0.000000e+00
0.000000e+00
0.000000e+00
0.000000e+00
0.000000e+00
0.000000e+00
0.000000e+00
0.000000e+00
0.000000e+00
0.000000e+00
0.000000e+00
0.000000e+00
0.000000e+00
0.000000e+00
0.000000e+00
0.000000e+00
0.000000e+00
0.000000e+00
0.000000e+00
0.000000e+00
0.000000e+00
0.000000e+00
0.000000e+00
0.000000e+00
0.000000e+00
0.000000e+00
0.000000e+00
0.000000e+00
0.000000e+00
0.000000e+00
0.000000e+00
0.000000e+00
0.000000e+00
0.000000e+00
0.000000e+00
0.000000e+00
0.000000e+00
0.000000e+00
0.000000e+00
0.000000e+00
0.000000e+00
0.000000e+00
0.000000e+00
0.000000e+00
0.000000e+00
0.000000e+00
0.000000e+00
0.000000e+00
0.000000e+00
0.000000e+00
0.000000e+00
0.000000e+00
0.000000e+00
0.000000e+00
0.000000e+00
0.000000e+00
0.000000e+00
0.000000e+00
0.000000e+00
0.000000e+00
0.000000e+00
0.000000e+00
0.000000e+00
0.000000e+00
0.000000e+00
0.000000e+00
0.000000e+00
0.000000e+00
0.000000e+00
0.000000e+00
0.000000e+00
0.000000e+00
0.000000e+00
0.000000e+00
0.000000e+00
0.000000e+00
0.000000e+00
0.000000e+00
0.000000e+00
0.000000e+00
0.000000e+00
0.000000e+00
0.000000e+00
0.000000e+00
0.000000e+00
0.000000e+00
0.000000e+00
0.000000e+00
0.000000e+00
0.000000e+00
0.000000e+00
0.000000e+00
0.000000e+00
0.000000e+00
0.000000e+00
0.000000e+00
0.000000e+00
0.000000e+00
0.000000e+00
0.000000e+00
0.000000e+00
0.000000e+00
0.000000e+00
0.000000e+00
0.000000e+00
0.000000e+00
0.000000e+00
0.000000e+00
0.000000e+00
0.000000e+00
0.000000e+00
0.000000e+00
0.000000e+00
0.000000e+00
0.000000e+00
0.000000e+00
0.000000e+00
0.000000e+00
0.000000e+00
0.000000e+00
0.000000e+00
0.000000e+00
0.000000e+00
0.000000e+00
0.000000e+00
0.000000e+00
0.000000e+00
0.000000e+00
0.000000e+00
0.000000e+00
0.000000e+00
0.000000e+00
0.000000e+00
0.000000e+00
0.000000e+00
0.000000e+00
0.000000e+00
0.000000e+00
0.000000e+00
0.000000e+00
0.000000e+00
0.000000e+00
0.000000e+00
0.000000e+00
0.000000e+00
0.000000e+00
0.000000e+00
0.000000e+00
0.000000e+00
0.000000e+00
0.000000e+00
0.000000e+00
0.000000e+00
0.000000e+00
0.000000e+00
0.000000e+00
0.000000e+00
0.000000e+00
0.000000e+00
0.000000e+00
0.000000e+00
0.000000e+00
0.000000e+00
0.000000e+00
0.000000e+00
0.000000e+00
0.000000e+00
0.000000e+00
0.000000e+00
0.000000e+00
0.000000e+00
0.000000e+00
0.000000e+00
0.000000e+00
0.000000e+00
0.000000e+00
0.000000e+00
0.000000e+00
0.000000e+00
0.000000e+00
0.000000e+00
0.000000e+00
0.000000e+00
0.000000e+00
0.000000e+00
0.000000e+00
0.000000e+00
0.000000e+00
0.000000e+00
0.000000e+00
0.000000e+00
0.000000e+00
0.000000e+00
0.000000e+00
0.000000e+00
0.000000e+00
0.000000e+00
0.000000e+00
0.000000e+00
0.000000e+00
0.000000e+00
0.000000e+00
0.000000e+00
0.000000e+00
0.000000e+00
0.000000e+00
0.000000e+00
0.000000e+00
0.000000e+00
0.000000e+00
0.000000e+00
0.000000e+00
0.000000e+00
0.000000e+00
0.000000e+00
0.000000e+00
0.000000e+00
0.000000e+00
0.000000e+00
0.000000e+00
0.000000e+00
0.000000e+00
0.000000e+00
0.000000e+00
0.000000e+00
0.000000e+00
0.000000e+00
0.000000e+00
0.000000e+00
0.000000e+00
0.000000e+00
0.000000e+00
0.000000e+00
0.000000e+00
0.000000e+00
0.000000e+00
0.000000e+00
0.000000e+00
0.000000e+00
0.000000e+00
0.000000e+00
0.000000e+00
0.000000e+00
0.000000e+00
0.000000e+00
0.000000e+00
0.000000e+00
0.000000e+00
0.000000e+00
0.000000e+00
0.000000e+00
0.000000e+00
0.000000e+00
0.000000e+00
0.000000e+00
0.000000e+00
0.000000e+00
0.000000e+00
0.000000e+00
0.000000e+00
0.000000e+00
0.000000e+00
0.000000e+00
0.000000e+00
0.000000e+00
0.000000e+00
0.000000e+00
0.000000e+00
0.000000e+00
0.000000e+00
0.000000e+00
0.000000e+00
0.000000e+00
0.000000e+00
0.000000e+00
0.000000e+00
0.000000e+00
0.000000e+00
0.000000e+00
0.000000e+00
0.000000e+00
0.000000e+00
0.000000e+00
0.000000e+00
0.000000e+00
0.000000e+00
0.000000e+00
0.000000e+00
0.000000e+00
0.000000e+00
0.000000e+00
0.000000e+00
0.000000e+00
0.000000e+00
0.000000e+00
0.000000e+00
0.000000e+00
0.000000e+00
0.000000e+00
0.000000e+00
0.000000e+00
0.000000e+00
0.000000e+00
0.000000e+00
0.000000e+00
0.000000e+00
0.000000e+00
0.000000e+00
0.000000e+00
0.000000e+00
0.000000e+00
0.000000e+00
0.000000e+00
0.000000e+00
0.000000e+00
0.000000e+00
0.000000e+00
0.000000e+00
0.000000e+00
0.000000e+00
0.000000e+00
0.000000e+00
0.000000e+00
0.000000e+00
0.000000e+00
0.000000e+00
0.000000e+00
0.000000e+00
0.000000e+00
0.000000e+00
0.000000e+00
0.000000e+00
0.000000e+00
0.000000e+00
0.000000e+00
0.000000e+00
0.000000e+00
0.000000e+00
0.000000e+00
0.000000e+00
0.000000e+00
0.000000e+00
0.000000e+00
0.000000e+00
0.000000e+00
0.000000e+00
0.000000e+00
0.000000e+00
0.000000e+00
0.000000e+00
0.000000e+00
0.000000e+00
0.000000e+00
0.000000e+00
0.000000e+00
0.000000e+00
0.000000e+00
0.000000e+00
0.000000e+00
0.000000e+00
0.000000e+00
0.000000e+00
0.000000e+00
0.000000e+00
0.000000e+00
0.000000e+00
0.000000e+00
0.000000e+00
0.000000e+00
0.000000e+00
0.000000e+00
0.000000e+00
0.000000e+00
0.000000e+00
0.000000e+00
0.000000e+00
0.000000e+00
0.000000e+00
0.000000e+00
0.000000e+00
0.000000e+00
0.000000e+00
0.000000e+00
0.000000e+00
0.000000e+00
0.000000e+00
0.000000e+00
0.000000e+00
0.000000e+00
0.000000e+00
0.000000e+00
0.000000e+00
0.000000e+00
0.000000e+00
0.000000e+00
0.000000e+00
0.000000e+00
0.000000e+00
0.000000e+00
0.000000e+00
0.000000e+00
0.000000e+00
0.000000e+00
0.000000e+00
0.000000e+00
0.000000e+00
0.000000e+00
0.000000e+00
0.000000e+00
0.000000e+00
0.000000e+00
0.000000e+00
0.000000e+00
0.000000e+00
0.000000e+00
0.000000e+00
0.000000e+00
0.000000e+00
0.000000e+00
0.000000e+00
0.000000e+00
0.000000e+00
0.000000e+00
0.000000e+00
0.000000e+00
0.000000e+00
0.000000e+00
0.000000e+00
0.000000e+00
0.000000e+00
0.000000e+00
0.000000e+00
0.000000e+00
0.000000e+00
0.000000e+00
0.000000e+00
0.000000e+00
0.000000e+00
0.000000e+00
0.000000e+00
0.000000e+00
0.000000e+00
0.000000e+00
0.000000e+00
0.000000e+00
0.000000e+00
0.000000e+00
0.000000e+00
0.000000e+00
0.000000e+00
0.000000e+00
0.000000e+00
0.000000e+00
0.000000e+00
0.000000e+00
0.000000e+00
0.000000e+00
0.000000e+00
0.000000e+00
0.000000e+00
0.000000e+00
0.000000e+00
0.000000e+00
0.000000e+00
0.000000e+00
0.000000e+00
0.000000e+00
0.000000e+00
0.000000e+00
0.000000e+00
0.000000e+00
0.000000e+00
0.000000e+00
0.000000e+00
0.000000e+00
0.000000e+00
0.000000e+00
0.000000e+00
0.000000e+00
0.000000e+00
0.000000e+00
0.000000e+00
0.000000e+00
0.000000e+00
0.000000e+00
0.000000e+00
0.000000e+00
0.000000e+00
0.000000e+00
0.000000e+00
0.000000e+00
0.000000e+00
0.000000e+00
0.000000e+00
0.000000e+00
0.000000e+00
0.000000e+00
0.000000e+00
0.000000e+00
0.000000e+00
0.000000e+00
0.000000e+00
0.000000e+00
0.000000e+00
0.000000e+00
0.000000e+00
0.000000e+00
0.000000e+00
0.000000e+00
0.000000e+00
0.000000e+00
0.000000e+00
0.000000e+00
0.000000e+00
0.000000e+00
0.000000e+00
0.000000e+00
0.000000e+00
0.000000e+00
0.000000e+00
0.000000e+00
0.000000e+00
0.000000e+00
0.000000e+00
0.000000e+00
0.000000e+00
0.000000e+00
0.000000e+00
0.000000e+00
0.000000e+00
0.000000e+00
0.000000e+00
0.000000e+00
0.000000e+00
0.000000e+00
0.000000e+00
0.000000e+00
0.000000e+00
0.000000e+00
0.000000e+00
0.000000e+00
0.000000e+00
0.000000e+00
0.000000e+00
0.000000e+00
0.000000e+00
0.000000e+00
0.000000e+00
0.000000e+00
0.000000e+00
0.000000e+00
0.000000e+00
0.000000e+00
0.000000e+00
0.000000e+00
0.000000e+00
0.000000e+00
0.000000e+00
0.000000e+00
0.000000e+00
0.000000e+00
0.000000e+00
0.000000e+00
0.000000e+00
0.000000e+00
0.000000e+00
0.000000e+00
0.000000e+00
0.000000e+00
0.000000e+00
0.000000e+00
0.000000e+00
0.000000e+00
0.000000e+00
0.000000e+00
0.000000e+00
0.000000e+00
0.000000e+00
0.000000e+00
0.000000e+00
0.000000e+00
0.000000e+00
0.000000e+00
0.000000e+00
0.000000e+00
0.000000e+00
0.000000e+00
0.000000e+00
0.000000e+00
0.000000e+00
0.000000e+00
0.000000e+00
0.000000e+00
0.000000e+00
0.000000e+00
0.000000e+00
0.000000e+00
0.000000e+00
0.000000e+00
0.000000e+00
0.000000e+00
0.000000e+00
0.000000e+00
0.000000e+00
0.000000e+00
0.000000e+00
0.000000e+00
0.000000e+00
0.000000e+00
0.000000e+00
0.000000e+00
0.000000e+00
0.000000e+00
0.000000e+00
0.000000e+00
0.000000e+00
0.000000e+00
0.000000e+00
0.000000e+00
0.000000e+00
0.000000e+00
0.000000e+00
0.000000e+00
0.000000e+00
0.000000e+00
0.000000e+00
0.000000e+00
0.000000e+00
0.000000e+00
0.000000e+00
0.000000e+00
0.000000e+00
0.000000e+00
0.000000e+00
0.000000e+00
0.000000e+00
0.000000e+00
0.000000e+00
0.000000e+00
0.000000e+00
0.000000e+00
0.000000e+00
0.000000e+00
0.000000e+00
0.000000e+00
0.000000e+00
0.000000e+00
0.000000e+00
0.000000e+00
0.000000e+00
0.000000e+00
0.000000e+00
0.000000e+00
0.000000e+00
0.000000e+00
0.000000e+00
0.000000e+00
0.000000e+00
0.000000e+00
0.000000e+00
0.000000e+00
0.000000e+00
0.000000e+00
0.000000e+00
0.000000e+00
0.000000e+00
0.000000e+00
0.000000e+00
0.000000e+00
0.000000e+00
0.000000e+00
0.000000e+00
0.000000e+00
0.000000e+00
0.000000e+00
0.000000e+00
0.000000e+00
0.000000e+00
0.000000e+00
0.000000e+00
0.000000e+00
0.000000e+00
0.000000e+00
0.000000e+00
0.000000e+00
0.000000e+00
0.000000e+00
0.000000e+00
0.000000e+00
0.000000e+00
0.000000e+00
0.000000e+00
0.000000e+00
0.000000e+00
0.000000e+00
0.000000e+00
0.000000e+00
0.000000e+00
0.000000e+00
0.000000e+00
0.000000e+00
0.000000e+00
0.000000e+00
0.000000e+00
0.000000e+00
0.000000e+00
0.000000e+00
0.000000e+00
0.000000e+00
0.000000e+00
0.000000e+00
0.000000e+00
0.000000e+00
0.000000e+00
0.000000e+00
0.000000e+00
0.000000e+00
0.000000e+00
0.000000e+00
0.000000e+00
0.000000e+00
0.000000e+00
0.000000e+00
0.000000e+00
0.000000e+00
0.000000e+00
0.000000e+00
0.000000e+00
0.000000e+00
0.000000e+00
0.000000e+00
0.000000e+00
0.000000e+00
0.000000e+00
0.000000e+00
0.000000e+00
0.000000e+00
0.000000e+00
0.000000e+00
0.000000e+00
0.000000e+00
0.000000e+00
0.000000e+00
0.000000e+00
0.000000e+00
0.000000e+00
0.000000e+00
0.000000e+00
0.000000e+00
0.000000e+00
0.000000e+00
0.000000e+00
0.000000e+00
0.000000e+00
0.000000e+00
0.000000e+00
0.000000e+00
0.000000e+00
0.000000e+00
0.000000e+00
0.000000e+00
0.000000e+00
0.000000e+00
0.000000e+00
0.000000e+00
0.000000e+00
0.000000e+00
0.000000e+00
0.000000e+00
0.000000e+00
0.000000e+00
0.000000e+00
0.000000e+00
0.000000e+00
0.000000e+00
0.000000e+00
0.000000e+00
0.000000e+00
0.000000e+00
0.000000e+00
0.000000e+00
0.000000e+00
0.000000e+00
0.000000e+00
0.000000e+00
0.000000e+00
0.000000e+00
0.000000e+00
0.000000e+00
0.000000e+00
0.000000e+00
0.000000e+00
0.000000e+00
0.000000e+00
0.000000e+00
0.000000e+00
0.000000e+00
0.000000e+00
0.000000e+00
0.000000e+00
0.000000e+00
0.000000e+00
0.000000e+00
0.000000e+00
0.000000e+00
0.000000e+00
0.000000e+00
0.000000e+00
0.000000e+00
0.000000e+00
0.000000e+00
0.000000e+00
0.000000e+00
0.000000e+00
0.000000e+00
0.000000e+00
0.000000e+00
0.000000e+00
0.000000e+00
0.000000e+00
0.000000e+00
0.000000e+00
0.000000e+00
0.000000e+00
0.000000e+00
0.000000e+00
0.000000e+00
0.000000e+00
0.000000e+00
0.000000e+00
0.000000e+00
0.000000e+00
0.000000e+00
0.000000e+00
0.000000e+00
0.000000e+00
0.000000e+00
0.000000e+00
0.000000e+00
0.000000e+00
0.000000e+00
0.000000e+00
0.000000e+00
0.000000e+00
0.000000e+00
0.000000e+00
0.000000e+00
0.000000e+00
0.000000e+00
0.000000e+00
0.000000e+00
0.000000e+00
0.000000e+00
0.000000e+00
0.000000e+00
0.000000e+00
0.000000e+00
0.000000e+00
0.000000e+00
0.000000e+00
0.000000e+00
0.000000e+00
0.000000e+00
0.000000e+00
0.000000e+00
0.000000e+00
0.000000e+00
0.000000e+00
0.000000e+00
0.000000e+00
0.000000e+00
0.000000e+00
0.000000e+00
0.000000e+00
0.000000e+00
0.000000e+00
0.000000e+00
0.000000e+00
0.000000e+00
0.000000e+00
0.000000e+00
0.000000e+00
0.000000e+00
0.000000e+00
0.000000e+00
0.000000e+00
0.000000e+00
0.000000e+00
0.000000e+00
0.000000e+00
0.000000e+00
0.000000e+00
0.000000e+00
0.000000e+00
0.000000e+00
0.000000e+00
0.000000e+00
0.000000e+00
0.000000e+00
0.000000e+00
0.000000e+00
0.000000e+00
0.000000e+00
0.000000e+00
0.000000e+00
0.000000e+00
0.000000e+00
0.000000e+00
0.000000e+00
0.000000e+00
0.000000e+00
0.000000e+00
0.000000e+00
0.000000e+00
0.000000e+00
0.000000e+00
0.000000e+00
0.000000e+00
0.000000e+00
0.000000e+00
0.000000e+00
0.000000e+00
0.000000e+00
0.000000e+00
0.000000e+00
0.000000e+00
0.000000e+00
0.000000e+00
0.000000e+00
0.000000e+00
0.000000e+00
0.000000e+00
0.000000e+00
0.000000e+00
0.000000e+00
0.000000e+00
0.000000e+00
0.000000e+00
0.000000e+00
0.000000e+00
0.000000e+00
0.000000e+00
0.000000e+00
0.000000e+00
0.000000e+00
0.000000e+00
0.000000e+00
0.000000e+00
0.000000e+00
0.000000e+00
0.000000e+00
0.000000e+00
0.000000e+00
0.000000e+00
0.000000e+00
0.000000e+00
0.000000e+00
0.000000e+00
0.000000e+00
0.000000e+00
0.000000e+00
0.000000e+00
0.000000e+00
0.000000e+00
0.000000e+00
0.000000e+00
0.000000e+00
0.000000e+00
0.000000e+00
0.000000e+00
0.000000e+00
0.000000e+00
0.000000e+00
0.000000e+00
0.000000e+00
0.000000e+00
0.000000e+00
0.000000e+00
0.000000e+00
0.000000e+00
0.000000e+00
0.000000e+00
0.000000e+00
0.000000e+00
0.000000e+00
0.000000e+00
0.000000e+00
0.000000e+00
0.000000e+00
0.000000e+00
0.000000e+00
0.000000e+00
0.000000e+00
0.000000e+00
0.000000e+00
0.000000e+00
0.000000e+00
0.000000e+00
0.000000e+00
0.000000e+00
0.000000e+00
0.000000e+00
0.000000e+00
0.000000e+00
0.000000e+00
0.000000e+00
0.000000e+00
0.000000e+00
0.000000e+00
0.000000e+00
0.000000e+00
0.000000e+00
0.000000e+00
0.000000e+00
0.000000e+00
0.000000e+00
0.000000e+00
0.000000e+00
0.000000e+00
0.000000e+00
0.000000e+00
0.000000e+00
0.000000e+00
0.000000e+00
0.000000e+00
0.000000e+00
0.000000e+00
0.000000e+00
0.000000e+00
0.000000e+00
0.000000e+00
0.000000e+00
0.000000e+00
0.000000e+00
0.000000e+00
0.000000e+00
0.000000e+00
0.000000e+00
0.000000e+00
0.000000e+00
0.000000e+00
0.000000e+00
0.000000e+00
0.000000e+00
0.000000e+00
0.000000e+00
0.000000e+00
0.000000e+00
0.000000e+00
0.000000e+00
0.000000e+00
0.000000e+00
0.000000e+00
0.000000e+00
0.000000e+00
0.000000e+00
0.000000e+00
0.000000e+00
0.000000e+00
0.000000e+00
0.000000e+00
0.000000e+00
0.000000e+00
0.000000e+00
0.000000e+00
0.000000e+00
0.000000e+00
0.000000e+00
0.000000e+00
0.000000e+00
0.000000e+00
0.000000e+00
0.000000e+00
0.000000e+00
0.000000e+00
0.000000e+00
0.000000e+00
0.000000e+00
0.000000e+00
0.000000e+00
0.000000e+00
0.000000e+00
0.000000e+00
0.000000e+00
0.000000e+00
0.000000e+00
0.000000e+00
0.000000e+00
0.000000e+00
0.000000e+00
0.000000e+00
0.000000e+00
0.000000e+00
0.000000e+00
0.000000e+00
0.000000e+00
0.000000e+00
0.000000e+00
0.000000e+00
0.000000e+00
0.000000e+00
0.000000e+00
0.000000e+00
0.000000e+00
0.000000e+00
0.000000e+00
0.000000e+00
0.000000e+00
0.000000e+00
0.000000e+00
0.000000e+00
0.000000e+00
0.000000e+00
0.000000e+00
0.000000e+00
0.000000e+00
0.000000e+00
0.000000e+00
0.000000e+00
0.000000e+00
0.000000e+00
0.000000e+00
0.000000e+00
0.000000e+00
0.000000e+00
0.000000e+00
0.000000e+00
0.000000e+00
0.000000e+00
0.000000e+00
0.000000e+00
0.000000e+00
0.000000e+00
0.000000e+00
0.000000e+00
0.000000e+00
0.000000e+00
0.000000e+00
0.000000e+00
0.000000e+00
0.000000e+00
0.000000e+00
0.000000e+00
0.000000e+00
0.000000e+00
0.000000e+00
0.000000e+00
0.000000e+00
0.000000e+00
0.000000e+00
0.000000e+00
0.000000e+00
0.000000e+00
0.000000e+00
0.000000e+00
0.000000e+00
0.000000e+00
0.000000e+00
0.000000e+00
0.000000e+00
0.000000e+00
0.000000e+00
0.000000e+00
0.000000e+00
0.000000e+00
0.000000e+00
0.000000e+00
0.000000e+00
0.000000e+00
0.000000e+00
0.000000e+00
0.000000e+00
0.000000e+00
0.000000e+00
0.000000e+00
0.000000e+00
0.000000e+00
0.000000e+00
0.000000e+00
0.000000e+00
0.000000e+00
0.000000e+00
0.000000e+00
0.000000e+00
0.000000e+00
0.000000e+00
0.000000e+00
0.000000e+00
0.000000e+00
0.000000e+00
0.000000e+00
0.000000e+00
0.000000e+00
0.000000e+00
0.000000e+00
0.000000e+00
0.000000e+00
0.000000e+00
0.000000e+00
0.000000e+00
0.000000e+00
0.000000e+00
0.000000e+00
0.000000e+00
0.000000e+00
0.000000e+00
0.000000e+00
0.000000e+00
0.000000e+00
0.000000e+00
0.000000e+00
0.000000e+00
0.000000e+00
0.000000e+00
0.000000e+00
0.000000e+00
0.000000e+00
0.000000e+00
0.000000e+00
0.000000e+00
0.000000e+00
0.000000e+00
0.000000e+00
0.000000e+00
0.000000e+00
0.000000e+00
0.000000e+00
0.000000e+00
0.000000e+00
0.000000e+00
0.000000e+00
0.000000e+00
0.000000e+00
0.000000e+00
0.000000e+00
0.000000e+00
0.000000e+00
0.000000e+00
0.000000e+00
0.000000e+00
0.000000e+00
0.000000e+00
0.000000e+00
0.000000e+00
0.000000e+00
0.000000e+00
0.000000e+00
0.000000e+00
0.000000e+00
0.000000e+00
0.000000e+00
0.000000e+00
0.000000e+00
0.000000e+00
0.000000e+00
0.000000e+00
0.000000e+00
0.000000e+00
0.000000e+00
0.000000e+00
0.000000e+00
0.000000e+00
0.000000e+00
0.000000e+00
0.000000e+00
0.000000e+00
0.000000e+00
0.000000e+00
0.000000e+00
0.000000e+00
0.000000e+00
0.000000e+00
0.000000e+00
0.000000e+00
0.000000e+00
0.000000e+00
0.000000e+00
0.000000e+00
0.000000e+00
0.000000e+00
0.000000e+00
0.000000e+00
0.000000e+00
0.000000e+00
0.000000e+00
0.000000e+00
0.000000e+00
0.000000e+00
0.000000e+00
0.000000e+00
0.000000e+00
0.000000e+00
0.000000e+00
0.000000e+00
0.000000e+00
0.000000e+00
0.000000e+00
0.000000e+00
0.000000e+00
0.000000e+00
0.000000e+00
0.000000e+00
0.000000e+00
0.000000e+00
0.000000e+00
0.000000e+00
0.000000e+00
0.000000e+00
0.000000e+00
0.000000e+00
0.000000e+00
0.000000e+00
0.000000e+00
0.000000e+00
0.000000e+00
0.000000e+00
0.000000e+00
0.000000e+00
0.000000e+00
0.000000e+00
0.000000e+00
0.000000e+00
0.000000e+00
0.000000e+00
0.000000e+00
0.000000e+00
0.000000e+00
0.000000e+00
0.000000e+00
0.000000e+00
0.000000e+00
0.000000e+00
0.000000e+00
0.000000e+00
0.000000e+00
0.000000e+00
0.000000e+00
0.000000e+00
0.000000e+00
0.000000e+00
0.000000e+00
0.000000e+00
0.000000e+00
0.000000e+00
0.000000e+00
0.000000e+00
0.000000e+00
0.000000e+00
0.000000e+00
0.000000e+00
0.000000e+00
0.000000e+00
0.000000e+00
0.000000e+00
0.000000e+00
0.000000e+00
0.000000e+00
0.000000e+00
0.000000e+00
0.000000e+00
0.000000e+00
0.000000e+00
0.000000e+00
0.000000e+00
0.000000e+00
0.000000e+00
0.000000e+00
0.000000e+00
0.000000e+00
0.000000e+00
0.000000e+00
0.000000e+00
0.000000e+00
0.000000e+00
0.000000e+00
0.000000e+00
0.000000e+00
0.000000e+00
0.000000e+00
0.000000e+00
0.000000e+00
0.000000e+00
0.000000e+00
0.000000e+00
0.000000e+00
0.000000e+00
0.000000e+00
0.000000e+00
0.000000e+00
0.000000e+00
0.000000e+00
0.000000e+00
0.000000e+00
0.000000e+00
0.000000e+00
0.000000e+00
0.000000e+00
0.000000e+00
0.000000e+00
0.000000e+00
0.000000e+00
0.000000e+00
0.000000e+00
0.000000e+00
0.000000e+00
0.000000e+00
0.000000e+00
0.000000e+00
0.000000e+00
0.000000e+00
0.000000e+00
0.000000e+00
0.000000e+00
0.000000e+00
0.000000e+00
0.000000e+00
0.000000e+00
0.000000e+00
0.000000e+00
0.000000e+00
0.000000e+00
0.000000e+00
0.000000e+00
0.000000e+00
0.000000e+00
0.000000e+00
0.000000e+00
0.000000e+00
0.000000e+00
0.000000e+00
0.000000e+00
0.000000e+00
0.000000e+00
0.000000e+00
0.000000e+00
0.000000e+00
0.000000e+00
0.000000e+00
0.000000e+00
0.000000e+00
0.000000e+00
0.000000e+00
0.000000e+00
0.000000e+00
0.000000e+00
0.000000e+00
0.000000e+00
0.000000e+00
0.000000e+00
0.000000e+00
0.000000e+00
0.000000e+00
0.000000e+00
0.000000e+00
0.000000e+00
0.000000e+00
0.000000e+00
0.000000e+00
0.000000e+00
0.000000e+00
0.000000e+00
0.000000e+00
0.000000e+00
0.000000e+00
0.000000e+00
0.000000e+00
0.000000e+00
0.000000e+00
0.000000e+00
0.000000e+00
0.000000e+00
0.000000e+00
0.000000e+00
0.000000e+00
0.000000e+00
0.000000e+00
0.000000e+00
0.000000e+00
0.000000e+00
0.000000e+00
0.000000e+00
0.000000e+00
0.000000e+00
0.000000e+00
0.000000e+00
0.000000e+00
0.000000e+00
0.000000e+00
0.000000e+00
0.000000e+00
0.000000e+00
0.000000e+00
0.000000e+00
0.000000e+00
0.000000e+00
0.000000e+00
0.000000e+00
0.000000e+00
0.000000e+00
0.000000e+00
0.000000e+00
0.000000e+00
0.000000e+00
0.000000e+00
0.000000e+00
0.000000e+00
0.000000e+00
0.000000e+00
0.000000e+00
0.000000e+00
0.000000e+00
0.000000e+00
0.000000e+00
0.000000e+00
0.000000e+00
0.000000e+00
0.000000e+00
0.000000e+00
0.000000e+00
0.000000e+00
0.000000e+00
0.000000e+00
0.000000e+00
0.000000e+00
0.000000e+00
0.000000e+00
0.000000e+00
0.000000e+00
0.000000e+00
0.000000e+00
0.000000e+00
0.000000e+00
0.000000e+00
0.000000e+00
0.000000e+00
0.000000e+00
0.000000e+00
0.000000e+00
0.000000e+00
0.000000e+00
0.000000e+00
0.000000e+00
0.000000e+00
0.000000e+00
0.000000e+00
0.000000e+00
0.000000e+00
0.000000e+00
0.000000e+00
0.000000e+00
0.000000e+00
0.000000e+00
0.000000e+00
0.000000e+00
0.000000e+00
0.000000e+00
0.000000e+00
0.000000e+00
0.000000e+00
0.000000e+00
0.000000e+00
0.000000e+00
0.000000e+00
0.000000e+00
0.000000e+00
0.000000e+00
0.000000e+00
0.000000e+00
0.000000e+00
0.000000e+00
0.000000e+00
0.000000e+00
0.000000e+00
0.000000e+00
0.000000e+00
0.000000e+00
0.000000e+00
0.000000e+00
0.000000e+00
0.000000e+00
0.000000e+00
0.000000e+00
0.000000e+00
0.000000e+00
0.000000e+00
0.000000e+00
0.000000e+00
0.000000e+00
0.000000e+00
0.000000e+00
0.000000e+00
0.000000e+00
0.000000e+00
0.000000e+00
0.000000e+00
0.000000e+00
0.000000e+00
0.000000e+00
0.000000e+00
0.000000e+00
0.000000e+00
0.000000e+00
0.000000e+00
0.000000e+00
0.000000e+00
0.000000e+00
0.000000e+00
0.000000e+00
0.000000e+00
0.000000e+00
0.000000e+00
0.000000e+00
0.000000e+00
0.000000e+00
0.000000e+00
0.000000e+00
0.000000e+00
0.000000e+00
0.000000e+00
0.000000e+00
0.000000e+00
0.000000e+00
0.000000e+00
0.000000e+00
0.000000e+00
0.000000e+00
0.000000e+00
0.000000e+00
0.000000e+00
0.000000e+00
0.000000e+00
0.000000e+00
0.000000e+00
0.000000e+00
0.000000e+00
0.000000e+00
0.000000e+00
0.000000e+00
0.000000e+00
0.000000e+00
0.000000e+00
0.000000e+00
0.000000e+00
0.000000e+00
0.000000e+00
0.000000e+00
0.000000e+00
0.000000e+00
0.000000e+00
0.000000e+00
0.000000e+00
0.000000e+00
0.000000e+00
0.000000e+00
0.000000e+00
0.000000e+00
0.000000e+00
0.000000e+00
0.000000e+00
0.000000e+00
0.000000e+00
0.000000e+00
0.000000e+00
0.000000e+00
0.000000e+00
0.000000e+00
0.000000e+00
0.000000e+00
0.000000e+00
0.000000e+00
0.000000e+00
0.000000e+00
0.000000e+00
0.000000e+00
0.000000e+00
0.000000e+00
0.000000e+00
0.000000e+00
0.000000e+00
0.000000e+00
0.000000e+00
0.000000e+00
0.000000e+00
0.000000e+00
0.000000e+00
0.000000e+00
0.000000e+00
0.000000e+00
0.000000e+00
0.000000e+00
0.000000e+00
0.000000e+00
0.000000e+00
0.000000e+00
0.000000e+00
0.000000e+00
0.000000e+00
0.000000e+00
0.000000e+00
0.000000e+00
0.000000e+00
0.000000e+00
0.000000e+00
0.000000e+00
0.000000e+00
0.000000e+00
0.000000e+00
0.000000e+00
0.000000e+00
0.000000e+00
0.000000e+00
0.000000e+00
0.000000e+00
0.000000e+00
0.000000e+00
0.000000e+00
0.000000e+00
0.000000e+00
0.000000e+00
0.000000e+00
0.000000e+00
0.000000e+00
0.000000e+00
0.000000e+00
0.000000e+00
0.000000e+00
0.000000e+00
0.000000e+00
0.000000e+00
0.000000e+00
0.000000e+00
0.000000e+00
0.000000e+00
0.000000e+00
0.000000e+00
0.000000e+00
0.000000e+00
0.000000e+00
0.000000e+00
0.000000e+00
0.000000e+00
0.000000e+00
0.000000e+00
0.000000e+00
0.000000e+00
0.000000e+00
0.000000e+00
0.000000e+00
0.000000e+00
0.000000e+00
0.000000e+00
0.000000e+00
0.000000e+00
0.000000e+00
0.000000e+00
0.000000e+00
0.000000e+00
0.000000e+00
0.000000e+00
0.000000e+00
0.000000e+00
0.000000e+00
0.000000e+00
0.000000e+00
0.000000e+00
0.000000e+00
0.000000e+00
0.000000e+00
0.000000e+00
0.000000e+00
0.000000e+00
0.000000e+00
0.000000e+00
0.000000e+00
0.000000e+00
0.000000e+00
0.000000e+00
0.000000e+00
0.000000e+00
0.000000e+00
0.000000e+00
0.000000e+00
0.000000e+00
0.000000e+00
0.000000e+00
0.000000e+00
0.000000e+00
0.000000e+00
0.000000e+00
0.000000e+00
0.000000e+00
0.000000e+00
0.000000e+00
0.000000e+00
0.000000e+00
0.000000e+00
0.000000e+00
0.000000e+00
0.000000e+00
0.000000e+00
0.000000e+00
0.000000e+00
0.000000e+00
0.000000e+00
0.000000e+00
0.000000e+00
0.000000e+00
0.000000e+00
0.000000e+00
0.000000e+00
0.000000e+00
0.000000e+00
0.000000e+00
0.000000e+00
0.000000e+00
0.000000e+00
0.000000e+00
0.000000e+00
0.000000e+00
0.000000e+00
0.000000e+00
0.000000e+00
0.000000e+00
0.000000e+00
0.000000e+00
0.000000e+00
0.000000e+00
0.000000e+00
0.000000e+00
0.000000e+00
0.000000e+00
0.000000e+00
0.000000e+00
0.000000e+00
0.000000e+00
0.000000e+00
0.000000e+00
0.000000e+00
0.000000e+00
0.000000e+00
0.000000e+00
0.000000e+00
0.000000e+00
0.000000e+00
0.000000e+00
0.000000e+00
0.000000e+00
0.000000e+00
0.000000e+00
0.000000e+00
0.000000e+00
0.000000e+00
0.000000e+00
0.000000e+00
0.000000e+00
0.000000e+00
0.000000e+00
0.000000e+00
0.000000e+00
0.000000e+00
0.000000e+00
0.000000e+00
0.000000e+00
0.000000e+00
0.000000e+00
0.000000e+00
0.000000e+00
0.000000e+00
0.000000e+00
0.000000e+00
0.000000e+00
0.000000e+00
0.000000e+00
0.000000e+00
0.000000e+00
0.000000e+00
0.000000e+00
0.000000e+00
0.000000e+00
0.000000e+00
0.000000e+00
0.000000e+00
0.000000e+00
0.000000e+00
0.000000e+00
0.000000e+00
0.000000e+00
0.000000e+00
0.000000e+00
0.000000e+00
0.000000e+00
0.000000e+00
0.000000e+00
0.000000e+00
0.000000e+00
0.000000e+00
0.000000e+00
0.000000e+00
0.000000e+00
0.000000e+00
0.000000e+00
0.000000e+00
0.000000e+00
0.000000e+00
0.000000e+00
0.000000e+00
0.000000e+00
0.000000e+00
0.000000e+00
0.000000e+00
0.000000e+00
0.000000e+00
0.000000e+00
0.000000e+00
0.000000e+00
0.000000e+00
0.000000e+00
0.000000e+00
0.000000e+00
0.000000e+00
0.000000e+00
0.000000e+00
0.000000e+00
0.000000e+00
0.000000e+00
0.000000e+00
0.000000e+00
0.000000e+00
0.000000e+00
0.000000e+00
0.000000e+00
0.000000e+00
0.000000e+00
0.000000e+00
0.000000e+00
0.000000e+00
0.000000e+00
0.000000e+00
0.000000e+00
0.000000e+00
0.000000e+00
0.000000e+00
0.000000e+00
0.000000e+00
0.000000e+00
0.000000e+00
0.000000e+00
0.000000e+00
0.000000e+00
0.000000e+00
0.000000e+00
0.000000e+00
0.000000e+00
0.000000e+00
0.000000e+00
0.000000e+00
0.000000e+00
0.000000e+00
0.000000e+00
0.000000e+00
0.000000e+00
0.000000e+00
0.000000e+00
0.000000e+00
0.000000e+00
0.000000e+00
0.000000e+00
0.000000e+00
0.000000e+00
0.000000e+00
0.000000e+00
0.000000e+00
0.000000e+00
0.000000e+00
0.000000e+00
0.000000e+00
0.000000e+00
0.000000e+00
0.000000e+00
0.000000e+00
0.000000e+00
0.000000e+00
0.000000e+00
0.000000e+00
0.000000e+00
0.000000e+00
0.000000e+00
0.000000e+00
0.000000e+00
0.000000e+00
0.000000e+00
0.000000e+00
0.000000e+00
0.000000e+00
0.000000e+00
0.000000e+00
0.000000e+00
0.000000e+00
0.000000e+00
0.000000e+00
0.000000e+00
0.000000e+00
0.000000e+00
0.000000e+00
0.000000e+00
0.000000e+00
0.000000e+00
0.000000e+00
0.000000e+00
0.000000e+00
0.000000e+00
0.000000e+00
0.000000e+00
0.000000e+00
0.000000e+00
0.000000e+00
0.000000e+00
0.000000e+00
0.000000e+00
0.000000e+00
0.000000e+00
0.000000e+00
0.000000e+00
0.000000e+00
0.000000e+00
0.000000e+00
0.000000e+00
0.000000e+00
0.000000e+00
0.000000e+00
0.000000e+00
0.000000e+00
0.000000e+00
0.000000e+00
0.000000e+00
0.000000e+00
0.000000e+00
0.000000e+00
0.000000e+00
0.000000e+00
0.000000e+00
0.000000e+00
0.000000e+00
0.000000e+00
0.000000e+00
0.000000e+00
0.000000e+00
0.000000e+00
0.000000e+00
0.000000e+00
0.000000e+00
0.000000e+00
0.000000e+00
0.000000e+00
0.000000e+00
0.000000e+00
0.000000e+00
0.000000e+00
0.000000e+00
0.000000e+00
0.000000e+00
0.000000e+00
0.000000e+00
0.000000e+00
0.000000e+00
0.000000e+00
0.000000e+00
0.000000e+00
0.000000e+00
0.000000e+00
0.000000e+00
0.000000e+00
0.000000e+00
0.000000e+00
0.000000e+00
0.000000e+00
0.000000e+00
0.000000e+00
0.000000e+00
0.000000e+00
0.000000e+00
0.000000e+00
0.000000e+00
0.000000e+00
0.000000e+00
0.000000e+00
0.000000e+00
0.000000e+00
0.000000e+00
0.000000e+00
0.000000e+00
0.000000e+00
0.000000e+00
0.000000e+00
0.000000e+00
0.000000e+00
0.000000e+00
0.000000e+00
0.000000e+00
0.000000e+00
0.000000e+00
0.000000e+00
0.000000e+00
0.000000e+00
0.000000e+00
0.000000e+00
0.000000e+00
0.000000e+00
0.000000e+00
0.000000e+00
0.000000e+00
0.000000e+00
0.000000e+00
0.000000e+00
0.000000e+00
0.000000e+00
0.000000e+00
0.000000e+00
0.000000e+00
0.000000e+00
0.000000e+00
0.000000e+00
0.000000e+00
0.000000e+00
0.000000e+00
0.000000e+00
0.000000e+00
0.000000e+00
0.000000e+00
0.000000e+00
0.000000e+00
0.000000e+00
0.000000e+00
0.000000e+00
0.000000e+00
0.000000e+00
0.000000e+00
0.000000e+00
0.000000e+00
0.000000e+00
0.000000e+00
0.000000e+00
0.000000e+00
0.000000e+00
0.000000e+00
0.000000e+00
0.000000e+00
0.000000e+00
0.000000e+00
0.000000e+00
0.000000e+00
0.000000e+00
0.000000e+00
0.000000e+00
0.000000e+00
0.000000e+00
0.000000e+00
0.000000e+00
0.000000e+00
0.000000e+00
0.000000e+00
0.000000e+00
0.000000e+00
0.000000e+00
0.000000e+00
0.000000e+00
0.000000e+00
0.000000e+00
0.000000e+00
0.000000e+00
0.000000e+00
0.000000e+00
0.000000e+00
0.000000e+00
0.000000e+00
0.000000e+00
0.000000e+00
0.000000e+00
0.000000e+00
0.000000e+00
0.000000e+00
0.000000e+00
0.000000e+00
0.000000e+00
0.000000e+00
0.000000e+00
0.000000e+00
0.000000e+00
0.000000e+00
0.000000e+00
0.000000e+00
0.000000e+00
0.000000e+00
0.000000e+00
0.000000e+00
0.000000e+00
0.000000e+00
0.000000e+00
0.000000e+00
0.000000e+00
0.000000e+00
0.000000e+00
0.000000e+00
0.000000e+00
0.000000e+00
0.000000e+00
0.000000e+00
0.000000e+00
0.000000e+00
0.000000e+00
0.000000e+00
0.000000e+00
0.000000e+00
0.000000e+00
0.000000e+00
0.000000e+00
0.000000e+00
0.000000e+00
0.000000e+00
0.000000e+00
0.000000e+00
0.000000e+00
0.000000e+00
0.000000e+00
0.000000e+00
0.000000e+00
0.000000e+00
0.000000e+00
0.000000e+00
0.000000e+00
0.000000e+00
0.000000e+00
0.000000e+00
0.000000e+00
0.000000e+00
0.000000e+00
0.000000e+00
0.000000e+00
0.000000e+00
0.000000e+00
0.000000e+00
0.000000e+00
0.000000e+00
0.000000e+00
0.000000e+00
0.000000e+00
0.000000e+00
0.000000e+00
0.000000e+00
0.000000e+00
0.000000e+00
0.000000e+00
0.000000e+00
0.000000e+00
0.000000e+00
0.000000e+00
0.000000e+00
0.000000e+00
0.000000e+00
0.000000e+00
0.000000e+00
0.000000e+00
0.000000e+00
0.000000e+00
0.000000e+00
0.000000e+00
0.000000e+00
0.000000e+00
0.000000e+00
0.000000e+00
0.000000e+00
0.000000e+00
0.000000e+00
0.000000e+00
0.000000e+00
0.000000e+00
0.000000e+00
0.000000e+00
0.000000e+00
0.000000e+00
0.000000e+00
0.000000e+00
0.000000e+00
0.000000e+00
0.000000e+00
0.000000e+00
0.000000e+00
0.000000e+00
0.000000e+00
0.000000e+00
0.000000e+00
0.000000e+00
0.000000e+00
0.000000e+00
0.000000e+00
0.000000e+00
0.000000e+00
0.000000e+00
0.000000e+00
0.000000e+00
0.000000e+00
0.000000e+00
0.000000e+00
0.000000e+00
0.000000e+00
0.000000e+00
0.000000e+00
0.000000e+00
0.000000e+00
0.000000e+00
0.000000e+00
0.000000e+00
0.000000e+00
0.000000e+00
0.000000e+00
0.000000e+00
0.000000e+00
0.000000e+00
0.000000e+00
0.000000e+00
0.000000e+00
0.000000e+00
0.000000e+00
0.000000e+00
0.000000e+00
0.000000e+00
0.000000e+00
0.000000e+00
0.000000e+00
0.000000e+00
0.000000e+00
0.000000e+00
0.000000e+00
0.000000e+00
0.000000e+00
0.000000e+00
0.000000e+00
0.000000e+00
0.000000e+00
0.000000e+00
0.000000e+00
0.000000e+00
0.000000e+00
0.000000e+00
0.000000e+00
0.000000e+00
0.000000e+00
0.000000e+00
0.000000e+00
0.000000e+00
0.000000e+00
0.000000e+00
0.000000e+00
0.000000e+00
0.000000e+00
0.000000e+00
0.000000e+00
0.000000e+00
0.000000e+00
0.000000e+00
0.000000e+00
0.000000e+00
0.000000e+00
0.000000e+00
0.000000e+00
0.000000e+00
0.000000e+00
0.000000e+00
0.000000e+00
0.000000e+00
0.000000e+00
0.000000e+00
0.000000e+00
0.000000e+00
0.000000e+00
0.000000e+00
0.000000e+00
0.000000e+00
0.000000e+00
0.000000e+00
0.000000e+00
0.000000e+00
0.000000e+00
0.000000e+00
0.000000e+00
0.000000e+00
0.000000e+00
0.000000e+00
0.000000e+00
0.000000e+00
0.000000e+00
0.000000e+00
0.000000e+00
0.000000e+00
0.000000e+00
0.000000e+00
0.000000e+00
0.000000e+00
0.000000e+00
0.000000e+00
0.000000e+00
0.000000e+00
0.000000e+00
0.000000e+00
0.000000e+00
0.000000e+00
0.000000e+00
0.000000e+00
0.000000e+00
0.000000e+00
0.000000e+00
0.000000e+00
0.000000e+00
0.000000e+00
0.000000e+00
0.000000e+00
0.000000e+00
0.000000e+00
0.000000e+00
0.000000e+00
0.000000e+00
0.000000e+00
0.000000e+00
0.000000e+00
0.000000e+00
0.000000e+00
0.000000e+00
0.000000e+00
0.000000e+00
0.000000e+00
0.000000e+00
0.000000e+00
0.000000e+00
0.000000e+00
0.000000e+00
0.000000e+00
0.000000e+00
0.000000e+00
0.000000e+00
0.000000e+00
0.000000e+00
0.000000e+00
0.000000e+00
0.000000e+00
0.000000e+00
0.000000e+00
0.000000e+00
0.000000e+00
0.000000e+00
0.000000e+00
0.000000e+00
0.000000e+00
0.000000e+00
0.000000e+00
0.000000e+00
0.000000e+00
0.000000e+00
0.000000e+00
0.000000e+00
0.000000e+00
0.000000e+00
0.000000e+00
0.000000e+00
0.000000e+00
0.000000e+00
0.000000e+00
0.000000e+00
0.000000e+00
0.000000e+00
0.000000e+00
0.000000e+00
0.000000e+00
0.000000e+00
0.000000e+00
0.000000e+00
0.000000e+00
0.000000e+00
0.000000e+00
0.000000e+00
0.000000e+00
0.000000e+00
0.000000e+00
0.000000e+00
0.000000e+00
0.000000e+00
0.000000e+00
0.000000e+00
0.000000e+00
0.000000e+00
0.000000e+00
0.000000e+00
0.000000e+00
0.000000e+00
0.000000e+00
0.000000e+00
0.000000e+00
0.000000e+00
0.000000e+00
0.000000e+00
0.000000e+00
0.000000e+00
0.000000e+00
0.000000e+00
0.000000e+00
0.000000e+00
0.000000e+00
0.000000e+00
0.000000e+00
0.000000e+00
0.000000e+00
0.000000e+00
0.000000e+00
0.000000e+00
0.000000e+00
0.000000e+00
0.000000e+00
0.000000e+00
0.000000e+00
0.000000e+00
0.000000e+00
0.000000e+00
0.000000e+00
0.000000e+00
0.000000e+00
0.000000e+00
0.000000e+00
0.000000e+00
0.000000e+00
0.000000e+00
0.000000e+00
0.000000e+00
0.000000e+00
0.000000e+00
0.000000e+00
0.000000e+00
0.000000e+00
0.000000e+00
0.000000e+00
0.000000e+00
0.000000e+00
0.000000e+00
0.000000e+00
0.000000e+00
0.000000e+00
0.000000e+00
0.000000e+00
0.000000e+00
0.000000e+00
0.000000e+00
0.000000e+00
0.000000e+00
0.000000e+00
0.000000e+00
0.000000e+00
0.000000e+00
0.000000e+00
0.000000e+00
0.000000e+00
0.000000e+00
0.000000e+00
0.000000e+00
0.000000e+00
0.000000e+00
0.000000e+00
0.000000e+00
0.000000e+00
0.000000e+00
0.000000e+00
0.000000e+00
0.000000e+00
0.000000e+00
0.000000e+00
0.000000e+00
0.000000e+00
0.000000e+00
0.000000e+00
0.000000e+00
0.000000e+00
0.000000e+00
0.000000e+00
0.000000e+00
0.000000e+00
0.000000e+00
0.000000e+00
0.000000e+00
0.000000e+00
0.000000e+00
0.000000e+00
0.000000e+00
0.000000e+00
0.000000e+00
0.000000e+00
0.000000e+00
0.000000e+00
0.000000e+00
0.000000e+00
0.000000e+00
0.000000e+00
0.000000e+00
0.000000e+00
0.000000e+00
0.000000e+00
0.000000e+00
0.000000e+00
0.000000e+00
0.000000e+00
0.000000e+00
0.000000e+00
0.000000e+00
0.000000e+00
0.000000e+00
0.000000e+00
0.000000e+00
0.000000e+00
0.000000e+00
0.000000e+00
0.000000e+00
0.000000e+00
0.000000e+00
0.000000e+00
0.000000e+00
0.000000e+00
0.000000e+00
0.000000e+00
0.000000e+00
0.000000e+00
0.000000e+00
0.000000e+00
0.000000e+00
0.000000e+00
0.000000e+00
0.000000e+00
0.000000e+00
0.000000e+00
0.000000e+00
0.000000e+00
0.000000e+00
0.000000e+00
0.000000e+00
0.000000e+00
0.000000e+00
0.000000e+00
0.000000e+00
0.000000e+00
0.000000e+00
0.000000e+00
0.000000e+00
0.000000e+00
0.000000e+00
0.000000e+00
0.000000e+00
0.000000e+00
0.000000e+00
0.000000e+00
0.000000e+00
0.000000e+00
0.000000e+00
0.000000e+00
0.000000e+00
0.000000e+00
0.000000e+00
0.000000e+00
0.000000e+00
0.000000e+00
0.000000e+00
0.000000e+00
0.000000e+00
0.000000e+00
0.000000e+00
0.000000e+00
0.000000e+00
0.000000e+00
0.000000e+00
0.000000e+00
0.000000e+00
0.000000e+00
0.000000e+00
0.000000e+00
0.000000e+00
0.000000e+00
0.000000e+00
0.000000e+00
0.000000e+00
0.000000e+00
0.000000e+00
0.000000e+00
0.000000e+00
0.000000e+00
0.000000e+00
0.000000e+00
0.000000e+00
0.000000e+00
0.000000e+00
0.000000e+00
0.000000e+00
0.000000e+00
0.000000e+00
0.000000e+00
0.000000e+00
0.000000e+00
0.000000e+00
0.000000e+00
0.000000e+00
0.000000e+00
0.000000e+00
0.000000e+00
0.000000e+00
0.000000e+00
0.000000e+00
0.000000e+00
0.000000e+00
0.000000e+00
0.000000e+00
0.000000e+00
0.000000e+00
0.000000e+00
0.000000e+00
0.000000e+00
0.000000e+00
0.000000e+00
0.000000e+00
0.000000e+00
0.000000e+00
0.000000e+00
0.000000e+00
0.000000e+00
0.000000e+00
0.000000e+00
0.000000e+00
0.000000e+00
0.000000e+00
0.000000e+00
0.000000e+00
0.000000e+00
0.000000e+00
0.000000e+00
0.000000e+00
0.000000e+00
0.000000e+00
0.000000e+00
0.000000e+00
0.000000e+00
0.000000e+00
0.000000e+00
0.000000e+00
0.000000e+00
0.000000e+00
0.000000e+00
0.000000e+00
0.000000e+00
0.000000e+00
0.000000e+00
0.000000e+00
0.000000e+00
0.000000e+00
0.000000e+00
0.000000e+00
0.000000e+00
0.000000e+00
0.000000e+00
0.000000e+00
0.000000e+00
0.000000e+00
0.000000e+00
0.000000e+00
0.000000e+00
0.000000e+00
0.000000e+00
0.000000e+00
0.000000e+00
0.000000e+00
0.000000e+00
0.000000e+00
0.000000e+00
0.000000e+00
0.000000e+00
0.000000e+00
0.000000e+00
0.000000e+00
0.000000e+00
0.000000e+00
0.000000e+00
0.000000e+00
0.000000e+00
0.000000e+00
0.000000e+00
0.000000e+00
0.000000e+00
0.000000e+00
0.000000e+00
0.000000e+00
0.000000e+00
0.000000e+00
0.000000e+00
0.000000e+00
0.000000e+00
0.000000e+00
0.000000e+00
0.000000e+00
0.000000e+00
0.000000e+00
0.000000e+00
0.000000e+00
0.000000e+00
0.000000e+00
0.000000e+00
0.000000e+00
0.000000e+00
0.000000e+00
0.000000e+00
0.000000e+00
0.000000e+00
0.000000e+00
0.000000e+00
0.000000e+00
0.000000e+00
0.000000e+00
0.000000e+00
0.000000e+00
0.000000e+00
0.000000e+00
0.000000e+00
0.000000e+00
0.000000e+00
0.000000e+00
0.000000e+00
0.000000e+00
0.000000e+00
0.000000e+00
0.000000e+00
0.000000e+00
0.000000e+00
0.000000e+00
0.000000e+00
0.000000e+00
0.000000e+00
0.000000e+00
0.000000e+00
0.000000e+00
0.000000e+00
0.000000e+00
0.000000e+00
0.000000e+00
0.000000e+00
0.000000e+00
0.000000e+00
0.000000e+00
0.000000e+00
0.000000e+00
0.000000e+00
0.000000e+00
0.000000e+00
0.000000e+00
0.000000e+00
0.000000e+00
0.000000e+00
0.000000e+00
0.000000e+00
0.000000e+00
0.000000e+00
0.000000e+00
0.000000e+00
0.000000e+00
0.000000e+00
0.000000e+00
0.000000e+00
0.000000e+00
0.000000e+00
0.000000e+00
0.000000e+00
0.000000e+00
0.000000e+00
0.000000e+00
0.000000e+00
0.000000e+00
0.000000e+00
0.000000e+00
0.000000e+00
0.000000e+00
0.000000e+00
0.000000e+00
0.000000e+00
0.000000e+00
0.000000e+00
0.000000e+00
0.000000e+00
0.000000e+00
0.000000e+00
0.000000e+00
0.000000e+00
0.000000e+00
0.000000e+00
0.000000e+00
0.000000e+00
0.000000e+00
0.000000e+00
0.000000e+00
0.000000e+00
0.000000e+00
0.000000e+00
0.000000e+00
0.000000e+00
0.000000e+00
0.000000e+00
0.000000e+00
0.000000e+00
0.000000e+00
0.000000e+00
0.000000e+00
0.000000e+00
0.000000e+00
0.000000e+00
0.000000e+00
0.000000e+00
0.000000e+00
0.000000e+00
0.000000e+00
0.000000e+00
0.000000e+00
0.000000e+00
0.000000e+00
0.000000e+00
0.000000e+00
0.000000e+00
0.000000e+00
0.000000e+00
0.000000e+00
0.000000e+00
0.000000e+00
0.000000e+00
0.000000e+00
0.000000e+00
0.000000e+00
0.000000e+00
0.000000e+00
0.000000e+00
0.000000e+00
0.000000e+00
0.000000e+00
0.000000e+00
0.000000e+00
0.000000e+00
0.000000e+00
0.000000e+00
0.000000e+00
0.000000e+00
0.000000e+00
0.000000e+00
0.000000e+00
0.000000e+00
0.000000e+00
0.000000e+00
0.000000e+00
0.000000e+00
0.000000e+00
0.000000e+00
0.000000e+00
0.000000e+00
0.000000e+00
0.000000e+00
0.000000e+00
0.000000e+00
0.000000e+00
0.000000e+00
0.000000e+00
0.000000e+00
0.000000e+00
0.000000e+00
0.000000e+00
0.000000e+00
0.000000e+00
0.000000e+00
0.000000e+00
0.000000e+00
0.000000e+00
0.000000e+00
0.000000e+00
0.000000e+00
0.000000e+00
0.000000e+00
0.000000e+00
0.000000e+00
0.000000e+00
0.000000e+00
0.000000e+00
0.000000e+00
0.000000e+00
0.000000e+00
0.000000e+00
0.000000e+00
0.000000e+00
0.000000e+00
0.000000e+00
0.000000e+00
0.000000e+00
0.000000e+00
0.000000e+00
0.000000e+00
0.000000e+00
0.000000e+00
0.000000e+00
0.000000e+00
0.000000e+00
0.000000e+00
0.000000e+00
0.000000e+00
0.000000e+00
0.000000e+00
0.000000e+00
0.000000e+00
0.000000e+00
0.000000e+00
0.000000e+00
0.000000e+00
0.000000e+00
0.000000e+00
0.000000e+00
0.000000e+00
0.000000e+00
0.000000e+00
0.000000e+00
0.000000e+00
0.000000e+00
0.000000e+00
0.000000e+00
0.000000e+00
0.000000e+00
0.000000e+00
0.000000e+00
0.000000e+00
0.000000e+00
0.000000e+00
0.000000e+00
0.000000e+00
0.000000e+00
0.000000e+00
0.000000e+00
0.000000e+00
0.000000e+00
0.000000e+00
0.000000e+00
0.000000e+00
0.000000e+00
0.000000e+00
0.000000e+00
0.000000e+00
0.000000e+00
0.000000e+00
0.000000e+00
0.000000e+00
0.000000e+00
0.000000e+00
0.000000e+00
0.000000e+00
0.000000e+00
0.000000e+00
0.000000e+00
0.000000e+00
0.000000e+00
0.000000e+00
0.000000e+00
0.000000e+00
0.000000e+00
0.000000e+00
0.000000e+00
0.000000e+00
0.000000e+00
0.000000e+00
0.000000e+00
0.000000e+00
0.000000e+00
0.000000e+00
0.000000e+00
0.000000e+00
0.000000e+00
0.000000e+00
0.000000e+00
0.000000e+00
0.000000e+00
0.000000e+00
0.000000e+00
0.000000e+00
0.000000e+00
0.000000e+00
0.000000e+00
0.000000e+00
0.000000e+00
0.000000e+00
0.000000e+00
0.000000e+00
0.000000e+00
0.000000e+00
0.000000e+00
0.000000e+00
0.000000e+00
0.000000e+00
0.000000e+00
0.000000e+00
0.000000e+00
0.000000e+00
0.000000e+00
0.000000e+00
0.000000e+00
0.000000e+00
0.000000e+00
0.000000e+00
0.000000e+00
0.000000e+00
0.000000e+00
0.000000e+00
0.000000e+00
0.000000e+00
0.000000e+00
0.000000e+00
0.000000e+00
0.000000e+00
0.000000e+00
0.000000e+00
0.000000e+00
0.000000e+00
0.000000e+00
0.000000e+00
0.000000e+00
0.000000e+00
0.000000e+00
0.000000e+00
0.000000e+00
0.000000e+00
0.000000e+00
0.000000e+00
0.000000e+00
0.000000e+00
0.000000e+00
0.000000e+00
0.000000e+00
0.000000e+00
0.000000e+00
0.000000e+00
0.000000e+00
0.000000e+00
0.000000e+00
0.000000e+00
0.000000e+00
0.000000e+00
0.000000e+00
0.000000e+00
0.000000e+00
0.000000e+00
0.000000e+00
0.000000e+00
0.000000e+00
0.000000e+00
0.000000e+00
0.000000e+00
0.000000e+00
0.000000e+00
0.000000e+00
0.000000e+00
0.000000e+00
0.000000e+00
0.000000e+00
0.000000e+00
0.000000e+00
0.000000e+00
0.000000e+00
0.000000e+00
0.000000e+00
0.000000e+00
0.000000e+00
0.000000e+00
0.000000e+00
0.000000e+00
0.000000e+00
0.000000e+00
0.000000e+00
0.000000e+00
0.000000e+00
0.000000e+00
0.000000e+00
0.000000e+00
0.000000e+00
0.000000e+00
0.000000e+00
0.000000e+00
0.000000e+00
0.000000e+00
0.000000e+00
0.000000e+00
0.000000e+00
0.000000e+00
0.000000e+00
0.000000e+00
0.000000e+00
0.000000e+00
0.000000e+00
0.000000e+00
0.000000e+00
0.000000e+00
0.000000e+00
0.000000e+00
0.000000e+00
0.000000e+00
0.000000e+00
0.000000e+00
0.000000e+00
0.000000e+00
0.000000e+00
0.000000e+00
0.000000e+00
0.000000e+00
0.000000e+00
0.000000e+00
0.000000e+00
0.000000e+00
0.000000e+00
0.000000e+00
0.000000e+00
0.000000e+00
0.000000e+00
0.000000e+00
0.000000e+00
0.000000e+00
0.000000e+00
0.000000e+00
0.000000e+00
0.000000e+00
0.000000e+00
0.000000e+00
0.000000e+00
0.000000e+00
0.000000e+00
0.000000e+00
0.000000e+00
0.000000e+00
0.000000e+00
0.000000e+00
0.000000e+00
0.000000e+00
0.000000e+00
0.000000e+00
0.000000e+00
0.000000e+00
0.000000e+00
0.000000e+00
0.000000e+00
0.000000e+00
0.000000e+00
0.000000e+00
0.000000e+00
0.000000e+00
0.000000e+00
0.000000e+00
0.000000e+00
0.000000e+00
0.000000e+00
0.000000e+00
0.000000e+00
0.000000e+00
0.000000e+00
0.000000e+00
0.000000e+00
0.000000e+00
0.000000e+00
0.000000e+00
0.000000e+00
0.000000e+00
0.000000e+00
0.000000e+00
0.000000e+00
0.000000e+00
0.000000e+00
0.000000e+00
0.000000e+00
0.000000e+00
0.000000e+00
0.000000e+00
0.000000e+00
0.000000e+00
0.000000e+00
0.000000e+00
0.000000e+00
0.000000e+00
0.000000e+00
0.000000e+00
0.000000e+00
0.000000e+00
0.000000e+00
0.000000e+00
0.000000e+00
0.000000e+00
0.000000e+00
0.000000e+00
0.000000e+00
0.000000e+00
0.000000e+00
0.000000e+00
0.000000e+00
0.000000e+00
0.000000e+00
0.000000e+00
0.000000e+00
0.000000e+00
0.000000e+00
0.000000e+00
0.000000e+00
0.000000e+00
0.000000e+00
0.000000e+00
0.000000e+00
0.000000e+00
0.000000e+00
0.000000e+00
0.000000e+00
0.000000e+00
0.000000e+00
0.000000e+00
0.000000e+00
0.000000e+00
0.000000e+00
0.000000e+00
0.000000e+00
0.000000e+00
0.000000e+00
0.000000e+00
0.000000e+00
0.000000e+00
0.000000e+00
0.000000e+00
0.000000e+00
0.000000e+00
0.000000e+00
0.000000e+00
0.000000e+00
0.000000e+00
0.000000e+00
0.000000e+00
0.000000e+00
0.000000e+00
0.000000e+00
0.000000e+00
0.000000e+00
0.000000e+00
0.000000e+00
0.000000e+00
0.000000e+00
0.000000e+00
0.000000e+00
0.000000e+00
0.000000e+00
0.000000e+00
0.000000e+00
0.000000e+00
0.000000e+00
0.000000e+00
0.000000e+00
0.000000e+00
0.000000e+00
0.000000e+00
0.000000e+00
0.000000e+00
0.000000e+00
0.000000e+00
0.000000e+00
0.000000e+00
0.000000e+00
0.000000e+00
0.000000e+00
0.000000e+00
0.000000e+00
0.000000e+00
0.000000e+00
0.000000e+00
0.000000e+00
0.000000e+00
0.000000e+00
0.000000e+00
0.000000e+00
0.000000e+00
0.000000e+00
0.000000e+00
0.000000e+00
0.000000e+00
0.000000e+00
0.000000e+00
0.000000e+00
0.000000e+00
0.000000e+00
0.000000e+00
0.000000e+00
0.000000e+00
0.000000e+00
</DataArray>
<DataArray type="Float32" Name="V3" format="ascii">
0.000000e+00
0.000000e+00
0.000000e+00
0.000000e+00
0.000000e+00
0.000000e+00
0.000000e+00
0.000000e+00
0.000000e+00
0.000000e+00
0.000000e+00
0.000000e+00
0.000000e+00
0.000000e+00
0.000000e+00
0.000000e+00
0.000000e+00
0.000000e+00
0.000000e+00
0.000000e+00
0.000000e+00
0.000000e+00
0.000000e+00
0.000000e+00
0.000000e+00
0.000000e+00
0.000000e+00
0.000000e+00
0.000000e+00
0.000000e+00
0.000000e+00
0.000000e+00
0.000000e+00
0.000000e+00
0.000000e+00
0.000000e+00
0.000000e+00
0.000000e+00
0.000000e+00
0.000000e+00
0.000000e+00
0.000000e+00
0.000000e+00
0.000000e+00
0.000000e+00
0.000000e+00
0.000000e+00
0.000000e+00
0.000000e+00
0.000000e+00
0.000000e+00
0.000000e+00
0.000000e+00
0.000000e+00
0.000000e+00
0.000000e+00
0.000000e+00
0.000000e+00
0.000000e+00
0.000000e+00
0.000000e+00
0.000000e+00
0.000000e+00
0.000000e+00
0.000000e+00
0.000000e+00
0.000000e+00
0.000000e+00
0.000000e+00
0.000000e+00
0.000000e+00
0.000000e+00
0.000000e+00
0.000000e+00
0.000000e+00
0.000000e+00
0.000000e+00
0.000000e+00
0.000000e+00
0.000000e+00
0.000000e+00
0.000000e+00
0.000000e+00
0.000000e+00
0.000000e+00
0.000000e+00
0.000000e+00
0.000000e+00
0.000000e+00
0.000000e+00
0.000000e+00
0.000000e+00
0.000000e+00
0.000000e+00
0.000000e+00
0.000000e+00
0.000000e+00
0.000000e+00
0.000000e+00
0.000000e+00
0.000000e+00
0.000000e+00
0.000000e+00
0.000000e+00
0.000000e+00
0.000000e+00
0.000000e+00
0.000000e+00
0.000000e+00
0.000000e+00
0.000000e+00
0.000000e+00
0.000000e+00
0.000000e+00
0.000000e+00
0.000000e+00
0.000000e+00
0.000000e+00
0.000000e+00
0.000000e+00
0.000000e+00
0.000000e+00
0.000000e+00
0.000000e+00
0.000000e+00
0.000000e+00
0.000000e+00
0.000000e+00
0.000000e+00
0.000000e+00
0.000000e+00
0.000000e+00
0.000000e+00
0.000000e+00
0.000000e+00
0.000000e+00
0.000000e+00
0.000000e+00
0.000000e+00
0.000000e+00
0.000000e+00
0.000000e+00
0.000000e+00
0.000000e+00
0.000000e+00
0.000000e+00
0.000000e+00
0.000000e+00
0.000000e+00
0.000000e+00
0.000000e+00
0.000000e+00
0.000000e+00
0.000000e+00
0.000000e+00
0.000000e+00
0.000000e+00
0.000000e+00
0.000000e+00
0.000000e+00
0.000000e+00
0.000000e+00
0.000000e+00
0.000000e+00
0.000000e+00
0.000000e+00
0.000000e+00
0.000000e+00
0.000000e+00
0.000000e+00
0.000000e+00
0.000000e+00
0.000000e+00
0.000000e+00
0.000000e+00
0.000000e+00
0.000000e+00
0.000000e+00
0.000000e+00
0.000000e+00
0.000000e+00
0.000000e+00
0.000000e+00
0.000000e+00
0.000000e+00
0.000000e+00
0.000000e+00
0.000000e+00
0.000000e+00
0.000000e+00
0.000000e+00
0.000000e+00
0.000000e+00
0.000000e+00
0.000000e+00
0.000000e+00
0.000000e+00
0.000000e+00
0.000000e+00
0.000000e+00
0.000000e+00
0.000000e+00
0.000000e+00
0.000000e+00
0.000000e+00
0.000000e+00
0.000000e+00
0.000000e+00
0.000000e+00
0.000000e+00
0.000000e+00
0.000000e+00
0.000000e+00
0.000000e+00
0.000000e+00
0.000000e+00
0.000000e+00
0.000000e+00
0.000000e+00
0.000000e+00
0.000000e+00
0.000000e+00
0.000000e+00
0.000000e+00
0.000000e+00
0.000000e+00
0.000000e+00
0.000000e+00
0.000000e+00
0.000000e+00
0.000000e+00
0.000000e+00
0.000000e+00
0.000000e+00
0.000000e+00
0.000000e+00
0.000000e+00
0.000000e+00
0.000000e+00
0.000000e+00
0.000000e+00
0.000000e+00
0.000000e+00
0.000000e+00
0.000000e+00
0.000000e+00
0.000000e+00
0.000000e+00
0.000000e+00
0.000000e+00
0.000000e+00
0.000000e+00
0.000000e+00
0.000000e+00
0.000000e+00
0.000000e+00
0.000000e+00
0.000000e+00
0.000000e+00
0.000000e+00
0.000000e+00
0.000000e+00
0.000000e+00
0.000000e+00
0.000000e+00
0.000000e+00
0.000000e+00
0.000000e+00
0.000000e+00
0.000000e+00
0.000000e+00
0.000000e+00
0.000000e+00
0.000000e+00
0.000000e+00
0.000000e+00
0.000000e+00
0.000000e+00
0.000000e+00
0.000000e+00
0.000000e+00
0.000000e+00
0.000000e+00
0.000000e+00
0.000000e+00
0.000000e+00
0.000000e+00
0.000000e+00
0.000000e+00
0.000000e+00
0.000000e+00
0.000000e+00
0.000000e+00
0.000000e+00
0.000000e+00
0.000000e+00
0.000000e+00
0.000000e+00
0.000000e+00
0.000000e+00
0.000000e+00
0.000000e+00
0.000000e+00
0.000000e+00
0.000000e+00
0.000000e+00
0.000000e+00
0.000000e+00
0.000000e+00
0.000000e+00
0.000000e+00
0.000000e+00
0.000000e+00
0.000000e+00
0.000000e+00
0.000000e+00
0.000000e+00
0.000000e+00
0.000000e+00
0.000000e+00
0.000000e+00
0.000000e+00
0.000000e+00
0.000000e+00
0.000000e+00
0.000000e+00
0.000000e+00
0.000000e+00
0.000000e+00
0.000000e+00
0.000000e+00
0.000000e+00
0.000000e+00
0.000000e+00
0.000000e+00
0.000000e+00
0.000000e+00
0.000000e+00
0.000000e+00
0.000000e+00
0.000000e+00
0.000000e+00
0.000000e+00
0.000000e+00
0.000000e+00
0.000000e+00
0.000000e+00
0.000000e+00
0.000000e+00
0.000000e+00
0.000000e+00
0.000000e+00
0.000000e+00
0.000000e+00
0.000000e+00
0.000000e+00
0.000000e+00
0.000000e+00
0.000000e+00
0.000000e+00
0.000000e+00
0.000000e+00
0.000000e+00
0.000000e+00
0.000000e+00
0.000000e+00
0.000000e+00
0.000000e+00
0.000000e+00
0.000000e+00
0.000000e+00
0.000000e+00
0.000000e+00
0.000000e+00
0.000000e+00
0.000000e+00
0.000000e+00
0.000000e+00
0.000000e+00
0.000000e+00
0.000000e+00
0.000000e+00
0.000000e+00
0.000000e+00
0.000000e+00
0.000000e+00
0.000000e+00
0.000000e+00
0.000000e+00
0.000000e+00
0.000000e+00
0.000000e+00
0.000000e+00
0.000000e+00
0.000000e+00
0.000000e+00
0.000000e+00
0.000000e+00
0.000000e+00
0.000000e+00
0.000000e+00
0.000000e+00
0.000000e+00
0.000000e+00
0.000000e+00
0.000000e+00
0.000000e+00
0.000000e+00
0.000000e+00
0.000000e+00
0.000000e+00
0.000000e+00
0.000000e+00
0.000000e+00
0.000000e+00
0.000000e+00
0.000000e+00
0.000000e+00
0.000000e+00
0.000000e+00
0.000000e+00
0.000000e+00
0.000000e+00
0.000000e+00
0.000000e+00
0.000000e+00
0.000000e+00
0.000000e+00
0.000000e+00
0.000000e+00
0.000000e+00
0.000000e+00
0.000000e+00
0.000000e+00
0.000000e+00
0.000000e+00
0.000000e+00
0.000000e+00
0.000000e+00
0.000000e+00
0.000000e+00
0.000000e+00
0.000000e+00
0.000000e+00
0.000000e+00
0.000000e+00
0.000000e+00
0.000000e+00
0.000000e+00
0.000000e+00
0.000000e+00
0.000000e+00
0.000000e+00
0.000000e+00
0.000000e+00
0.000000e+00
0.000000e+00
0.000000e+00
0.000000e+00
0.000000e+00
0.000000e+00
0.000000e+00
0.000000e+00
0.000000e+00
0.000000e+00
0.000000e+00
0.000000e+00
0.000000e+00
0.000000e+00
0.000000e+00
0.000000e+00
0.000000e+00
0.000000e+00
0.000000e+00
0.000000e+00
0.000000e+00
0.000000e+00
0.000000e+00
0.000000e+00
0.000000e+00
0.000000e+00
0.000000e+00
0.000000e+00
0.000000e+00
0.000000e+00
0.000000e+00
0.000000e+00
0.000000e+00
0.000000e+00
0.000000e+00
0.000000e+00
0.000000e+00
0.000000e+00
0.000000e+00
0.000000e+00
0.000000e+00
0.000000e+00
0.000000e+00
0.000000e+00
0.000000e+00
0.000000e+00
0.000000e+00
0.000000e+00
0.000000e+00
0.000000e+00
0.000000e+00
0.000000e+00
0.000000e+00
0.000000e+00
0.000000e+00
0.000000e+00
0.000000e+00
0.000000e+00
0.000000e+00
0.000000e+00
0.000000e+00
0.000000e+00
0.000000e+00
0.000000e+00
0.000000e+00
0.000000e+00
0.000000e+00
0.000000e+00
0.000000e+00
0.000000e+00
0.000000e+00
0.000000e+00
0.000000e+00
0.000000e+00
0.000000e+00
0.000000e+00
0.000000e+00
0.000000e+00
0.000000e+00
0.000000e+00
0.000000e+00
0.000000e+00
0.000000e+00
0.000000e+00
0.000000e+00
0.000000e+00
0.000000e+00
0.000000e+00
0.000000e+00
0.000000e+00
0.000000e+00
0.000000e+00
0.000000e+00
0.000000e+00
0.000000e+00
0.000000e+00
0.000000e+00
0.000000e+00
0.000000e+00
0.000000e+00
0.000000e+00
0.000000e+00
0.000000e+00
0.000000e+00
0.000000e+00
0.000000e+00
0.000000e+00
0.000000e+00
0.000000e+00
0.000000e+00
0.000000e+00
0.000000e+00
0.000000e+00
0.000000e+00
0.000000e+00
0.000000e+00
0.000000e+00
0.000000e+00
0.000000e+00
0.000000e+00
0.000000e+00
0.000000e+00
0.000000e+00
0.000000e+00
0.000000e+00
0.000000e+00
0.000000e+00
0.000000e+00
0.000000e+00
0.000000e+00
0.000000e+00
0.000000e+00
0.000000e+00
0.000000e+00
0.000000e+00
0.000000e+00
0.000000e+00
0.000000e+00
0.000000e+00
0.000000e+00
0.000000e+00
0.000000e+00
0.000000e+00
0.000000e+00
0.000000e+00
0.000000e+00
0.000000e+00
0.000000e+00
0.000000e+00
0.000000e+00
0.000000e+00
0.000000e+00
0.000000e+00
0.000000e+00
0.000000e+00
0.000000e+00
0.000000e+00
0.000000e+00
0.000000e+00
0.000000e+00
0.000000e+00
0.000000e+00
0.000000e+00
0.000000e+00
0.000000e+00
0.000000e+00
0.000000e+00
0.000000e+00
0.000000e+00
0.000000e+00
0.000000e+00
0.000000e+00
0.000000e+00
0.000000e+00
0.000000e+00
0.000000e+00
0.000000e+00
0.000000e+00
0.000000e+00
0.000000e+00
0.000000e+00
0.000000e+00
0.000000e+00
0.000000e+00
0.000000e+00
0.000000e+00
0.000000e+00
0.000000e+00
0.000000e+00
0.000000e+00
0.000000e+00
0.000000e+00
0.000000e+00
0.000000e+00
0.000000e+00
0.000000e+00
0.000000e+00
0.000000e+00
0.000000e+00
0.000000e+00
0.000000e+00
0.000000e+00
0.000000e+00
0.000000e+00
0.000000e+00
0.000000e+00
0.000000e+00
0.000000e+00
0.000000e+00
0.000000e+00
0.000000e+00
0.000000e+00
0.000000e+00
0.000000e+00
0.000000e+00
0.000000e+00
0.000000e+00
0.000000e+00
0.000000e+00
0.000000e+00
0.000000e+00
0.000000e+00
0.000000e+00
0.000000e+00
0.000000e+00
0.000000e+00
0.000000e+00
0.000000e+00
0.000000e+00
0.000000e+00
0.000000e+00
0.000000e+00
0.000000e+00
0.000000e+00
0.000000e+00
0.000000e+00
0.000000e+00
0.000000e+00
0.000000e+00
0.000000e+00
0.000000e+00
0.000000e+00
0.000000e+00
0.000000e+00
0.000000e+00
0.000000e+00
0.000000e+00
0.000000e+00
0.000000e+00
0.000000e+00
0.000000e+00
0.000000e+00
0.000000e+00
0.000000e+00
0.000000e+00
0.000000e+00
0.000000e+00
0.000000e+00
0.000000e+00
0.000000e+00
0.000000e+00
0.000000e+00
0.000000e+00
0.000000e+00
0.000000e+00
0.000000e+00
0.000000e+00
0.000000e+00
0.000000e+00
0.000000e+00
0.000000e+00
0.000000e+00
0.000000e+00
0.000000e+00
0.000000e+00
0.000000e+00
0.000000e+00
0.000000e+00
0.000000e+00
0.000000e+00
0.000000e+00
0.000000e+00
0.000000e+00
0.000000e+00
0.000000e+00
0.000000e+00
0.000000e+00
0.000000e+00
0.000000e+00
0.000000e+00
0.000000e+00
0.000000e+00
0.000000e+00
0.000000e+00
0.000000e+00
0.000000e+00
0.000000e+00
0.000000e+00
0.000000e+00
0.000000e+00
0.000000e+00
0.000000e+00
0.000000e+00
0.000000e+00
0.000000e+00
0.000000e+00
0.000000e+00
0.000000e+00
0.000000e+00
0.000000e+00
0.000000e+00
0.000000e+00
0.000000e+00
0.000000e+00
0.000000e+00
0.000000e+00
0.000000e+00
0.000000e+00
0.000000e+00
0.000000e+00
0.000000e+00
0.000000e+00
0.000000e+00
0.000000e+00
0.000000e+00
0.000000e+00
0.000000e+00
0.000000e+00
0.000000e+00
0.000000e+00
0.000000e+00
0.000000e+00
0.000000e+00
0.000000e+00
0.000000e+00
0.000000e+00
0.000000e+00
0.000000e+00
0.000000e+00
0.000000e+00
0.000000e+00
0.000000e+00
0.000000e+00
0.000000e+00
0.000000e+00
0.000000e+00
0.000000e+00
0.000000e+00
0.000000e+00
0.000000e+00
0.000000e+00
0.000000e+00
0.000000e+00
0.000000e+00
0.000000e+00
0.000000e+00
0.000000e+00
0.000000e+00
0.000000e+00
0.000000e+00
0.000000e+00
0.000000e+00
0.000000e+00
0.000000e+00
0.000000e+00
0.000000e+00
0.000000e+00
0.000000e+00
0.000000e+00
0.000000e+00
0.000000e+00
0.000000e+00
0.000000e+00
0.000000e+00
0.000000e+00
0.000000e+00
0.000000e+00
0.000000e+00
0.000000e+00
0.000000e+00
0.000000e+00
0.000000e+00
0.000000e+00
0.000000e+00
0.000000e+00
0.000000e+00
0.000000e+00
0.000000e+00
0.000000e+00
0.000000e+00
0.000000e+00
0.000000e+00
0.000000e+00
0.000000e+00
0.000000e+00
0.000000e+00
0.000000e+00
0.000000e+00
0.000000e+00
0.000000e+00
0.000000e+00
0.000000e+00
0.000000e+00
0.000000e+00
0.000000e+00
0.000000e+00
0.000000e+00
0.000000e+00
0.000000e+00
0.000000e+00
0.000000e+00
0.000000e+00
0.000000e+00
0.000000e+00
0.000000e+00
0.000000e+00
0.000000e+00
0.000000e+00
0.000000e+00
0.000000e+00
0.000000e+00
0.000000e+00
0.000000e+00
0.000000e+00
0.000000e+00
0.000000e+00
0.000000e+00
0.000000e+00
0.000000e+00
0.000000e+00
0.000000e+00
0.000000e+00
0.000000e+00
0.000000e+00
0.000000e+00
0.000000e+00
0.000000e+00
0.000000e+00
0.000000e+00
0.000000e+00
0.000000e+00
0.000000e+00
0.000000e+00
0.000000e+00
0.000000e+00
0.000000e+00
0.000000e+00
0.000000e+00
0.000000e+00
0.000000e+00
0.000000e+00
0.000000e+00
0.000000e+00
0.000000e+00
0.000000e+00
0.000000e+00
0.000000e+00
0.000000e+00
0.000000e+00
0.000000e+00
0.000000e+00
0.000000e+00
0.000000e+00
0.000000e+00
0.000000e+00
0.000000e+00
0.000000e+00
0.000000e+00
0.000000e+00
0.000000e+00
0.000000e+00
0.000000e+00
0.000000e+00
0.000000e+00
0.000000e+00
0.000000e+00
0.000000e+00
0.000000e+00
0.000000e+00
0.000000e+00
0.000000e+00
0.000000e+00
0.000000e+00
0.000000e+00
0.000000e+00
0.000000e+00
0.000000e+00
0.000000e+00
0.000000e+00
0.000000e+00
0.000000e+00
0.000000e+00
0.000000e+00
0.000000e+00
0.000000e+00
0.000000e+00
0.000000e+00
0.000000e+00
0.000000e+00
0.000000e+00
0.000000e+00
0.000000e+00
0.000000e+00
0.000000e+00
0.000000e+00
0.000000e+00
0.000000e+00
0.000000e+00
0.000000e+00
0.000000e+00
0.000000e+00
0.000000e+00
0.000000e+00
0.000000e+00
0.000000e+00
0.000000e+00
0.000000e+00
0.000000e+00
0.000000e+00
0.000000e+00
0.000000e+00
0.000000e+00
0.000000e+00
0.000000e+00
0.000000e+00
0.000000e+00
0.000000e+00
0.000000e+00
0.000000e+00
0.000000e+00
0.000000e+00
0.000000e+00
0.000000e+00
0.000000e+00
0.000000e+00
0.000000e+00
0.000000e+00
0.000000e+00
0.000000e+00
0.000000e+00
0.000000e+00
0.000000e+00
0.000000e+00
0.000000e+00
0.000000e+00
0.000000e+00
0.000000e+00
0.000000e+00
0.000000e+00
0.000000e+00
0.000000e+00
0.000000e+00
0.000000e+00
0.000000e+00
0.000000e+00
0.000000e+00
0.000000e+00
0.000000e+00
0.000000e+00
0.000000e+00
0.000000e+00
0.000000e+00
0.000000e+00
0.000000e+00
0.000000e+00
0.000000e+00
0.000000e+00
0.000000e+00
0.000000e+00
0.000000e+00
0.000000e+00
0.000000e+00
0.000000e+00
0.000000e+00
0.000000e+00
0.000000e+00
0.000000e+00
0.000000e+00
0.000000e+00
0.000000e+00
0.000000e+00
0.000000e+00
0.000000e+00
0.000000e+00
0.000000e+00
0.000000e+00
0.000000e+00
0.000000e+00
0.000000e+00
0.000000e+00
0.000000e+00
0.000000e+00
0.000000e+00
0.000000e+00
0.000000e+00
0.000000e+00
0.000000e+00
0.000000e+00
0.000000e+00
0.000000e+00
0.000000e+00
0.000000e+00
0.000000e+00
0.000000e+00
0.000000e+00
0.000000e+00
0.000000e+00
0.000000e+00
0.000000e+00
0.000000e+00
0.000000e+00
0.000000e+00
0.000000e+00
0.000000e+00
0.000000e+00
0.000000e+00
0.000000e+00
0.000000e+00
0.000000e+00
0.000000e+00
0.000000e+00
0.000000e+00
0.000000e+00
0.000000e+00
0.000000e+00
0.000000e+00
0.000000e+00
0.000000e+00
0.000000e+00
0.000000e+00
0.000000e+00
0.000000e+00
0.000000e+00
0.000000e+00
0.000000e+00
0.000000e+00
0.000000e+00
0.000000e+00
0.000000e+00
0.000000e+00
0.000000e+00
0.000000e+00
0.000000e+00
0.000000e+00
0.000000e+00
0.000000e+00
0.000000e+00
0.000000e+00
0.000000e+00
0.000000e+00
0.000000e+00
0.000000e+00
0.000000e+00
0.000000e+00
0.000000e+00
0.000000e+00
0.000000e+00
0.000000e+00
0.000000e+00
0.000000e+00
0.000000e+00
0.000000e+00
0.000000e+00
0.000000e+00
0.000000e+00
0.000000e+00
0.000000e+00
0.000000e+00
0.000000e+00
0.000000e+00
0.000000e+00
0.000000e+00
0.000000e+00
0.000000e+00
0.000000e+00
0.000000e+00
0.000000e+00
0.000000e+00
0.000000e+00
0.000000e+00
0.000000e+00
0.000000e+00
0.000000e+00
0.000000e+00
0.000000e+00
0.000000e+00
0.000000e+00
0.000000e+00
0.000000e+00
0.000000e+00
0.000000e+00
0.000000e+00
0.000000e+00
0.000000e+00
0.000000e+00
0.000000e+00
0.000000e+00
0.000000e+00
0.000000e+00
0.000000e+00
0.000000e+00
0.000000e+00
0.000000e+00
0.000000e+00
0.000000e+00
0.000000e+00
0.000000e+00
0.000000e+00
0.000000e+00
0.000000e+00
0.000000e+00
0.000000e+00
0.000000e+00
0.000000e+00
0.000000e+00
0.000000e+00
0.000000e+00
0.000000e+00
0.000000e+00
0.000000e+00
0.000000e+00
0.000000e+00
0.000000e+00
0.000000e+00
0.000000e+00
0.000000e+00
0.000000e+00
0.000000e+00
0.000000e+00
0.000000e+00
0.000000e+00
0.000000e+00
0.000000e+00
0.000000e+00
0.000000e+00
0.000000e+00
0.000000e+00
0.000000e+00
0.000000e+00
0.000000e+00
0.000000e+00
0.000000e+00
0.000000e+00
0.000000e+00
0.000000e+00
0.000000e+00
0.000000e+00
0.000000e+00
0.000000e+00
0.000000e+00
0.000000e+00
0.000000e+00
0.000000e+00
0.000000e+00
0.000000e+00
0.000000e+00
0.000000e+00
0.000000e+00
0.000000e+00
0.000000e+00
0.000000e+00
0.000000e+00
0.000000e+00
0.000000e+00
0.000000e+00
0.000000e+00
0.000000e+00
0.000000e+00
0.000000e+00
0.000000e+00
0.000000e+00
0.000000e+00
0.000000e+00
0.000000e+00
0.000000e+00
0.000000e+00
0.000000e+00
0.000000e+00
0.000000e+00
0.000000e+00
0.000000e+00
0.000000e+00
0.000000e+00
0.000000e+00
0.000000e+00
0.000000e+00
0.000000e+00
0.000000e+00
0.000000e+00
0.000000e+00
0.000000e+00
0.000000e+00
0.000000e+00
0.000000e+00
0.000000e+00
0.000000e+00
0.000000e+00
0.000000e+00
0.000000e+00
0.000000e+00
0.000000e+00
0.000000e+00
0.000000e+00
0.000000e+00
0.000000e+00
0.000000e+00
0.000000e+00
0.000000e+00
0.000000e+00
0.000000e+00
0.000000e+00
0.000000e+00
0.000000e+00
0.000000e+00
0.000000e+00
0.000000e+00
0.000000e+00
0.000000e+00
0.000000e+00
0.000000e+00
0.000000e+00
0.000000e+00
0.000000e+00
0.000000e+00
0.000000e+00
0.000000e+00
0.000000e+00
0.000000e+00
0.000000e+00
0.000000e+00
0.000000e+00
0.000000e+00
0.000000e+00
0.000000e+00
0.000000e+00
0.000000e+00
0.000000e+00
0.000000e+00
0.000000e+00
0.000000e+00
0.000000e+00
0.000000e+00
0.000000e+00
0.000000e+00
0.000000e+00
0.000000e+00
0.000000e+00
0.000000e+00
0.000000e+00
0.000000e+00
0.000000e+00
0.000000e+00
0.000000e+00
0.000000e+00
0.000000e+00
0.000000e+00
0.000000e+00
0.000000e+00
0.000000e+00
0.000000e+00
0.000000e+00
0.000000e+00
0.000000e+00
0.000000e+00
0.000000e+00
0.000000e+00
0.000000e+00
0.000000e+00
0.000000e+00
0.000000e+00
0.000000e+00
0.000000e+00
0.000000e+00
0.000000e+00
0.000000e+00
0.000000e+00
0.000000e+00
0.000000e+00
0.000000e+00
0.000000e+00
0.000000e+00
0.000000e+00
0.000000e+00
0.000000e+00
0.000000e+00
0.000000e+00
0.000000e+00
0.000000e+00
0.000000e+00
0.000000e+00
0.000000e+00
0.000000e+00
0.000000e+00
0.000000e+00
0.000000e+00
0.000000e+00
0.000000e+00
0.000000e+00
0.000000e+00
0.000000e+00
0.000000e+00
0.000000e+00
0.000000e+00
0.000000e+00
0.000000e+00
0.000000e+00
0.000000e+00
0.000000e+00
0.000000e+00
0.000000e+00
0.000000e+00
0.000000e+00
0.000000e+00
0.000000e+00
0.000000e+00
0.000000e+00
0.000000e+00
0.000000e+00
0.000000e+00
0.000000e+00
0.000000e+00
0.000000e+00
0.000000e+00
0.000000e+00
0.000000e+00
0.000000e+00
0.000000e+00
0.000000e+00
0.000000e+00
0.000000e+00
0.000000e+00
0.000000e+00
0.000000e+00
0.000000e+00
0.000000e+00
0.000000e+00
0.000000e+00
0.000000e+00
0.000000e+00
0.000000e+00
0.000000e+00
0.000000e+00
0.000000e+00
0.000000e+00
0.000000e+00
0.000000e+00
0.000000e+00
0.000000e+00
0.000000e+00
0.000000e+00
0.000000e+00
0.000000e+00
0.000000e+00
0.000000e+00
0.000000e+00
0.000000e+00
0.000000e+00
0.000000e+00
0.000000e+00
0.000000e+00
0.000000e+00
0.000000e+00
0.000000e+00
0.000000e+00
0.000000e+00
0.000000e+00
0.000000e+00
0.000000e+00
0.000000e+00
0.000000e+00
0.000000e+00
0.000000e+00
0.000000e+00
0.000000e+00
0.000000e+00
0.000000e+00
0.000000e+00
0.000000e+00
0.000000e+00
0.000000e+00
0.000000e+00
0.000000e+00
0.000000e+00
0.000000e+00
0.000000e+00
0.000000e+00
0.000000e+00
0.000000e+00
0.000000e+00
0.000000e+00
0.000000e+00
0.000000e+00
0.000000e+00
0.000000e+00
0.000000e+00
0.000000e+00
0.000000e+00
0.000000e+00
0.000000e+00
0.000000e+00
0.000000e+00
0.000000e+00
0.000000e+00
0.000000e+00
0.000000e+00
0.000000e+00
0.000000e+00
0.000000e+00
0.000000e+00
0.000000e+00
0.000000e+00
0.000000e+00
0.000000e+00
0.000000e+00
0.000000e+00
0.000000e+00
0.000000e+00
0.000000e+00
0.000000e+00
0.000000e+00
0.000000e+00
0.000000e+00
0.000000e+00
0.000000e+00
0.000000e+00
0.000000e+00
0.000000e+00
0.000000e+00
0.000000e+00
0.000000e+00
0.000000e+00
0.000000e+00
0.000000e+00
0.000000e+00
0.000000e+00
0.000000e+00
0.000000e+00
0.000000e+00
0.000000e+00
0.000000e+00
0.000000e+00
0.000000e+00
0.000000e+00
0.000000e+00
0.000000e+00
0.000000e+00
0.000000e+00
0.000000e+00
0.000000e+00
0.000000e+00
0.000000e+00
0.000000e+00
0.000000e+00
0.000000e+00
0.000000e+00
0.000000e+00
0.000000e+00
0.000000e+00
0.000000e+00
0.000000e+00
0.000000e+00
0.000000e+00
0.000000e+00
0.000000e+00
0.000000e+00
0.000000e+00
0.000000e+00
0.000000e+00
0.000000e+00
0.000000e+00
0.000000e+00
0.000000e+00
0.000000e+00
0.000000e+00
0.000000e+00
0.000000e+00
0.000000e+00
0.000000e+00
0.000000e+00
0.000000e+00
0.000000e+00
0.000000e+00
0.000000e+00
0.000000e+00
0.000000e+00
0.000000e+00
0.000000e+00
0.000000e+00
0.000000e+00
0.000000e+00
0.000000e+00
0.000000e+00
0.000000e+00
0.000000e+00
0.000000e+00
0.000000e+00
0.000000e+00
0.000000e+00
0.000000e+00
0.000000e+00
0.000000e+00
0.000000e+00
0.000000e+00
0.000000e+00
0.000000e+00
0.000000e+00
0.000000e+00
0.000000e+00
0.000000e+00
0.000000e+00
0.000000e+00
0.000000e+00
0.000000e+00
0.000000e+00
0.000000e+00
0.000000e+00
0.000000e+00
0.000000e+00
0.000000e+00
0.000000e+00
0.000000e+00
0.000000e+00
0.000000e+00
0.000000e+00
0.000000e+00
0.000000e+00
0.000000e+00
0.000000e+00
0.000000e+00
0.000000e+00
0.000000e+00
0.000000e+00
0.000000e+00
0.000000e+00
0.000000e+00
0.000000e+00
0.000000e+00
0.000000e+00
0.000000e+00
0.000000e+00
0.000000e+00
0.000000e+00
0.000000e+00
0.000000e+00
0.000000e+00
0.000000e+00
0.000000e+00
0.000000e+00
0.000000e+00
0.000000e+00
0.000000e+00
0.000000e+00
0.000000e+00
0.000000e+00
0.000000e+00
0.000000e+00
0.000000e+00
0.000000e+00
0.000000e+00
0.000000e+00
0.000000e+00
0.000000e+00
0.000000e+00
0.000000e+00
0.000000e+00
0.000000e+00
0.000000e+00
0.000000e+00
0.000000e+00
0.000000e+00
0.000000e+00
0.000000e+00
0.000000e+00
0.000000e+00
0.000000e+00
0.000000e+00
0.000000e+00
0.000000e+00
0.000000e+00
0.000000e+00
0.000000e+00
0.000000e+00
0.000000e+00
0.000000e+00
0.000000e+00
0.000000e+00
0.000000e+00
0.000000e+00
0.000000e+00
0.000000e+00
0.000000e+00
0.000000e+00
0.000000e+00
0.000000e+00
0.000000e+00
0.000000e+00
0.000000e+00
0.000000e+00
0.000000e+00
0.000000e+00
0.000000e+00
0.000000e+00
0.000000e+00
0.000000e+00
0.000000e+00
0.000000e+00
0.000000e+00
0.000000e+00
0.000000e+00
0.000000e+00
0.000000e+00
0.000000e+00
0.000000e+00
0.000000e+00
0.000000e+00
0.000000e+00
0.000000e+00
0.000000e+00
0.000000e+00
0.000000e+00
0.000000e+00
0.000000e+00
0.000000e+00
0.000000e+00
0.000000e+00
0.000000e+00
0.000000e+00
0.000000e+00
0.000000e+00
0.000000e+00
0.000000e+00
0.000000e+00
0.000000e+00
0.000000e+00
0.000000e+00
0.000000e+00
0.000000e+00
0.000000e+00
0.000000e+00
0.000000e+00
0.000000e+00
0.000000e+00
0.000000e+00
0.000000e+00
0.000000e+00
0.000000e+00
0.000000e+00
0.000000e+00
0.000000e+00
0.000000e+00
0.000000e+00
0.000000e+00
0.000000e+00
0.000000e+00
0.000000e+00
0.000000e+00
0.000000e+00
0.000000e+00
0.000000e+00
0.000000e+00
0.000000e+00
0.000000e+00
0.000000e+00
0.000000e+00
0.000000e+00
0.000000e+00
0.000000e+00
0.000000e+00
0.000000e+00
0.000000e+00
0.000000e+00
0.000000e+00
0.000000e+00
0.000000e+00
0.000000e+00
0.000000e+00
0.000000e+00
0.000000e+00
0.000000e+00
0.000000e+00
0.000000e+00
0.000000e+00
0.000000e+00
0.000000e+00
0.000000e+00
0.000000e+00
0.000000e+00
0.000000e+00
0.000000e+00
0.000000e+00
0.000000e+00
0.000000e+00
0.000000e+00
0.000000e+00
0.000000e+00
0.000000e+00
0.000000e+00
0.000000e+00
0.000000e+00
0.000000e+00
0.000000e+00
0.000000e+00
0.000000e+00
0.000000e+00
0.000000e+00
0.000000e+00
0.000000e+00
0.000000e+00
0.000000e+00
0.000000e+00
0.000000e+00
0.000000e+00
0.000000e+00
0.000000e+00
0.000000e+00
0.000000e+00
0.000000e+00
0.000000e+00
0.000000e+00
0.000000e+00
0.000000e+00
0.000000e+00
0.000000e+00
0.000000e+00
0.000000e+00
0.000000e+00
0.000000e+00
0.000000e+00
0.000000e+00
0.000000e+00
0.000000e+00
0.000000e+00
0.000000e+00
0.000000e+00
0.000000e+00
0.000000e+00
0.000000e+00
0.000000e+00
0.000000e+00
0.000000e+00
0.000000e+00
0.000000e+00
0.000000e+00
0.000000e+00
0.000000e+00
0.000000e+00
0.000000e+00
0.000000e+00
0.000000e+00
0.000000e+00
0.000000e+00
0.000000e+00
0.000000e+00
0.000000e+00
0.000000e+00
0.000000e+00
0.000000e+00
0.000000e+00
0.000000e+00
0.000000e+00
0.000000e+00
0.000000e+00
0.000000e+00
0.000000e+00
0.000000e+00
0.000000e+00
0.000000e+00
0.000000e+00
0.000000e+00
0.000000e+00
0.000000e+00
0.000000e+00
0.000000e+00
0.000000e+00
0.000000e+00
0.000000e+00
0.000000e+00
0.000000e+00
0.000000e+00
0.000000e+00
0.000000e+00
0.000000e+00
0.000000e+00
0.000000e+00
0.000000e+00
0.000000e+00
0.000000e+00
0.000000e+00
0.000000e+00
0.000000e+00
0.000000e+00
0.000000e+00
0.000000e+00
0.000000e+00
0.000000e+00
0.000000e+00
0.000000e+00
0.000000e+00
0.000000e+00
0.000000e+00
0.000000e+00
0.000000e+00
0.000000e+00
0.000000e+00
0.000000e+00
0.000000e+00
0.000000e+00
0.000000e+00
0.000000e+00
0.000000e+00
0.000000e+00
0.000000e+00
0.000000e+00
0.000000e+00
0.000000e+00
0.000000e+00
0.000000e+00
0.000000e+00
0.000000e+00
0.000000e+00
0.000000e+00
0.000000e+00
0.000000e+00
0.000000e+00
0.000000e+00
0.000000e+00
0.000000e+00
0.000000e+00
0.000000e+00
0.000000e+00
0.000000e+00
0.000000e+00
0.000000e+00
0.000000e+00
0.000000e+00
0.000000e+00
0.000000e+00
0.000000e+00
0.000000e+00
0.000000e+00
0.000000e+00
0.000000e+00
0.000000e+00
0.000000e+00
0.000000e+00
0.000000e+00
0.000000e+00
0.000000e+00
0.000000e+00
0.000000e+00
0.000000e+00
0.000000e+00
0.000000e+00
0.000000e+00
0.000000e+00
0.000000e+00
0.000000e+00
0.000000e+00
0.000000e+00
0.000000e+00
0.000000e+00
0.000000e+00
0.000000e+00
0.000000e+00
0.000000e+00
0.000000e+00
0.000000e+00
0.000000e+00
0.000000e+00
0.000000e+00
0.000000e+00
0.000000e+00
0.000000e+00
0.000000e+00
0.000000e+00
0.000000e+00
0.000000e+00
0.000000e+00
0.000000e+00
0.000000e+00
0.000000e+00
0.000000e+00
0.000000e+00
0.000000e+00
0.000000e+00
0.000000e+00
0.000000e+00
0.000000e+00
0.000000e+00
0.000000e+00
0.000000e+00
0.000000e+00
0.000000e+00
0.000000e+00
0.000000e+00
0.000000e+00
0.000000e+00
0.000000e+00
0.000000e+00
0.000000e+00
0.000000e+00
0.000000e+00
0.000000e+00
0.000000e+00
0.000000e+00
0.000000e+00
0.000000e+00
0.000000e+00
0.000000e+00
0.000000e+00
0.000000e+00
0.000000e+00
0.000000e+00
0.000000e+00
0.000000e+00
0.000000e+00
0.000000e+00
0.000000e+00
0.000000e+00
0.000000e+00
0.000000e+00
0.000000e+00
0.000000e+00
0.000000e+00
0.000000e+00
0.000000e+00
0.000000e+00
0.000000e+00
0.000000e+00
0.000000e+00
0.000000e+00
0.000000e+00
0.000000e+00
0.000000e+00
0.000000e+00
0.000000e+00
0.000000e+00
0.000000e+00
0.000000e+00
0.000000e+00
0.000000e+00
0.000000e+00
0.000000e+00
0.000000e+00
0.000000e+00
0.000000e+00
0.000000e+00
0.000000e+00
0.000000e+00
0.000000e+00
0.000000e+00
0.000000e+00
0.000000e+00
0.000000e+00
0.000000e+00
0.000000e+00
0.000000e+00
0.000000e+00
0.000000e+00
0.000000e+00
0.000000e+00
0.000000e+00
0.000000e+00
0.000000e+00
0.000000e+00
0.000000e+00
0.000000e+00
0.000000e+00
0.000000e+00
0.000000e+00
0.000000e+00
0.000000e+00
0.000000e+00
0.000000e+00
0.000000e+00
0.000000e+00
0.000000e+00
0.000000e+00
0.000000e+00
0.000000e+00
0.000000e+00
0.000000e+00
0.000000e+00
0.000000e+00
0.000000e+00
0.000000e+00
0.000000e+00
0.000000e+00
0.000000e+00
0.000000e+00
0.000000e+00
0.000000e+00
0.000000e+00
0.000000e+00
0.000000e+00
0.000000e+00
0.000000e+00
0.000000e+00
0.000000e+00
0.000000e+00
0.000000e+00
0.000000e+00
0.000000e+00
0.000000e+00
0.000000e+00
0.000000e+00
0.000000e+00
0.000000e+00
0.000000e+00
0.000000e+00
0.000000e+00
0.000000e+00
0.000000e+00
0.000000e+00
0.000000e+00
0.000000e+00
0.000000e+00
0.000000e+00
0.000000e+00
0.000000e+00
0.000000e+00
0.000000e+00
0.000000e+00
0.000000e+00
0.000000e+00
0.000000e+00
0.000000e+00
0.000000e+00
0.000000e+00
0.000000e+00
0.000000e+00
0.000000e+00
0.000000e+00
0.000000e+00
0.000000e+00
0.000000e+00
0.000000e+00
0.000000e+00
0.000000e+00
0.000000e+00
0.000000e+00
0.000000e+00
0.000000e+00
0.000000e+00
0.000000e+00
0.000000e+00
0.000000e+00
0.000000e+00
0.000000e+00
0.000000e+00
0.000000e+00
0.000000e+00
0.000000e+00
0.000000e+00
0.000000e+00
0.000000e+00
0.000000e+00
0.000000e+00
0.000000e+00
0.000000e+00
0.000000e+00
0.000000e+00
0.000000e+00
0.000000e+00
0.000000e+00
0.000000e+00
0.000000e+00
0.000000e+00
0.000000e+00
0.000000e+00
0.000000e+00
0.000000e+00
0.000000e+00
0.000000e+00
0.000000e+00
0.000000e+00
0.000000e+00
0.000000e+00
0.000000e+00
0.000000e+00
0.000000e+00
0.000000e+00
0.000000e+00
0.000000e+00
0.000000e+00
0.000000e+00
0.000000e+00
0.000000e+00
0.000000e+00
0.000000e+00
0.000000e+00
0.000000e+00
0.000000e+00
0.000000e+00
0.000000e+00
0.000000e+00
0.000000e+00
0.000000e+00
0.000000e+00
0.000000e+00
0.000000e+00
0.000000e+00
0.000000e+00
0.000000e+00
0.000000e+00
0.000000e+00
0.000000e+00
0.000000e+00
0.000000e+00
0.000000e+00
0.000000e+00
0.000000e+00
0.000000e+00
0.000000e+00
0.000000e+00
0.000000e+00
0.000000e+00
0.000000e+00
0.000000e+00
0.000000e+00
0.000000e+00
0.000000e+00
0.000000e+00
0.000000e+00
0.000000e+00
0.000000e+00
0.000000e+00
0.000000e+00
0.000000e+00
0.000000e+00
0.000000e+00
0.000000e+00
0.000000e+00
0.000000e+00
0.000000e+00
0.000000e+00
0.000000e+00
0.000000e+00
0.000000e+00
0.000000e+00
0.000000e+00
0.000000e+00
0.000000e+00
0.000000e+00
0.000000e+00
0.000000e+00
0.000000e+00
0.000000e+00
0.000000e+00
0.000000e+00
0.000000e+00
0.000000e+00
0.000000e+00
0.000000e+00
0.000000e+00
0.000000e+00
0.000000e+00
0.000000e+00
0.000000e+00
0.000000e+00
0.000000e+00
0.000000e+00
0.000000e+00
0.000000e+00
0.000000e+00
0.000000e+00
0.000000e+00
0.000000e+00
0.000000e+00
0.000000e+00
0.000000e+00
0.000000e+00
0.000000e+00
0.000000e+00
0.000000e+00
0.000000e+00
0.000000e+00
0.000000e+00
0.000000e+00
0.000000e+00
0.000000e+00
0.000000e+00
0.000000e+00
0.000000e+00
0.000000e+00
0.000000e+00
0.000000e+00
0.000000e+00
0.000000e+00
0.000000e+00
0.000000e+00
0.000000e+00
0.000000e+00
0.000000e+00
0.000000e+00
0.000000e+00
0.000000e+00
0.000000e+00
0.000000e+00
0.000000e+00
0.000000e+00
0.000000e+00
0.000000e+00
0.000000e+00
0.000000e+00
0.000000e+00
0.000000e+00
0.000000e+00
0.000000e+00
0.000000e+00
0.000000e+00
0.000000e+00
0.000000e+00
0.000000e+00
0.000000e+00
0.000000e+00
0.000000e+00
0.000000e+00
0.000000e+00
0.000000e+00
0.000000e+00
0.000000e+00
0.000000e+00
0.000000e+00
0.000000e+00
0.000000e+00
0.000000e+00
0.000000e+00
0.000000e+00
0.000000e+00
0.000000e+00
0.000000e+00
0.000000e+00
0.000000e+00
0.000000e+00
0.000000e+00
0.000000e+00
0.000000e+00
0.000000e+00
0.000000e+00
0.000000e+00
0.000000e+00
0.000000e+00
0.000000e+00
0.000000e+00
0.000000e+00
0.000000e+00
0.000000e+00
0.000000e+00
0.000000e+00
0.000000e+00
0.000000e+00
0.000000e+00
0.000000e+00
0.000000e+00
0.000000e+00
0.000000e+00
0.000000e+00
0.000000e+00
0.000000e+00
0.000000e+00
0.000000e+00
0.000000e+00
0.000000e+00
0.000000e+00
0.000000e+00
0.000000e+00
0.000000e+00
0.000000e+00
0.000000e+00
0.000000e+00
0.000000e+00
0.000000e+00
0.000000e+00
0.000000e+00
0.000000e+00
0.000000e+00
0.000000e+00
0.000000e+00
0.000000e+00
0.000000e+00
0.000000e+00
0.000000e+00
0.000000e+00
0.000000e+00
0.000000e+00
0.000000e+00
0.000000e+00
0.000000e+00
0.000000e+00
0.000000e+00
0.000000e+00
0.000000e+00
0.000000e+00
0.000000e+00
0.000000e+00
0.000000e+00
0.000000e+00
0.000000e+00
0.000000e+00
0.000000e+00
0.000000e+00
0.000000e+00
0.000000e+00
0.000000e+00
0.000000e+00
0.000000e+00
0.000000e+00
0.000000e+00
0.000000e+00
0.000000e+00
0.000000e+00
0.000000e+00
0.000000e+00
0.000000e+00
0.000000e+00
0.000000e+00
0.000000e+00
0.000000e+00
0.000000e+00
0.000000e+00
0.000000e+00
0.000000e+00
0.000000e+00
0.000000e+00
0.000000e+00
0.000000e+00
0.000000e+00
0.000000e+00
0.000000e+00
0.000000e+00
0.000000e+00
0.000000e+00
0.000000e+00
0.000000e+00
0.000000e+00
0.000000e+00
0.000000e+00
0.000000e+00
0.000000e+00
0.000000e+00
0.000000e+00
0.000000e+00
0.000000e+00
0.000000e+00
0.000000e+00
0.000000e+00
0.000000e+00
0.000000e+00
0.000000e+00
0.000000e+00
0.000000e+00
0.000000e+00
0.000000e+00
0.000000e+00
0.000000e+00
0.000000e+00
0.000000e+00
0.000000e+00
0.000000e+00
0.000000e+00
0.000000e+00
0.000000e+00
0.000000e+00
0.000000e+00
0.000000e+00
0.000000e+00
0.000000e+00
0.000000e+00
0.000000e+00
0.000000e+00
0.000000e+00
0.000000e+00
0.000000e+00
0.000000e+00
0.000000e+00
0.000000e+00
0.000000e+00
0.000000e+00
0.000000e+00
0.000000e+00
0.000000e+00
0.000000e+00
0.000000e+00
0.000000e+00
0.000000e+00
0.000000e+00
0.000000e+00
0.000000e+00
0.000000e+00
0.000000e+00
0.000000e+00
0.000000e+00
0.000000e+00
0.000000e+00
0.000000e+00
0.000000e+00
0.000000e+00
0.000000e+00
0.000000e+00
0.000000e+00
0.000000e+00
0.000000e+00
0.000000e+00
0.000000e+00
0.000000e+00
0.000000e+00
0.000000e+00
0.000000e+00
0.000000e+00
0.000000e+00
0.000000e+00
0.000000e+00
0.000000e+00
0.000000e+00
0.000000e+00
0.000000e+00
0.000000e+00
0.000000e+00
0.000000e+00
0.000000e+00
0.000000e+00
0.000000e+00
0.000000e+00
0.000000e+00
0.000000e+00
0.000000e+00
0.000000e+00
0.000000e+00
0.000000e+00
0.000000e+00
0.000000e+00
0.000000e+00
0.000000e+00
0.000000e+00
0.000000e+00
0.000000e+00
0.000000e+00
0.000000e+00
0.000000e+00
0.000000e+00
0.000000e+00
0.000000e+00
0.000000e+00
0.000000e+00
0.000000e+00
0.000000e+00
0.000000e+00
0.000000e+00
0.000000e+00
0.000000e+00
0.000000e+00
0.000000e+00
0.000000e+00
0.000000e+00
0.000000e+00
0.000000e+00
0.000000e+00
0.000000e+00
0.000000e+00
0.000000e+00
0.000000e+00
0.000000e+00
0.000000e+00
0.000000e+00
0.000000e+00
0.000000e+00
0.000000e+00
0.000000e+00
0.000000e+00
0.000000e+00
0.000000e+00
0.000000e+00
0.000000e+00
0.000000e+00
0.000000e+00
0.000000e+00
0.000000e+00
0.000000e+00
0.000000e+00
0.000000e+00
0.000000e+00
0.000000e+00
0.000000e+00
0.000000e+00
0.000000e+00
0.000000e+00
0.000000e+00
0.000000e+00
0.000000e+00
0.000000e+00
0.000000e+00
0.000000e+00
0.000000e+00
0.000000e+00
0.000000e+00
0.000000e+00
0.000000e+00
0.000000e+00
0.000000e+00
0.000000e+00
0.000000e+00
0.000000e+00
0.000000e+00
0.000000e+00
0.000000e+00
0.000000e+00
0.000000e+00
0.000000e+00
0.000000e+00
0.000000e+00
0.000000e+00
0.000000e+00
0.000000e+00
0.000000e+00
0.000000e+00
0.000000e+00
0.000000e+00
0.000000e+00
0.000000e+00
0.000000e+00
0.000000e+00
0.000000e+00
0.000000e+00
0.000000e+00
0.000000e+00
0.000000e+00
0.000000e+00
0.000000e+00
0.000000e+00
0.000000e+00
0.000000e+00
0.000000e+00
0.000000e+00
0.000000e+00
0.000000e+00
0.000000e+00
0.000000e+00
0.000000e+00
0.000000e+00
0.000000e+00
0.000000e+00
0.000000e+00
0.000000e+00
0.000000e+00
0.000000e+00
0.000000e+00
0.000000e+00
0.000000e+00
0.000000e+00
0.000000e+00
0.000000e+00
0.000000e+00
0.000000e+00
0.000000e+00
0.000000e+00
0.000000e+00
0.000000e+00
0.000000e+00
0.000000e+00
0.000000e+00
0.000000e+00
0.000000e+00
0.000000e+00
0.000000e+00
0.000000e+00
0.000000e+00
0.000000e+00
0.000000e+00
0.000000e+00
0.000000e+00
0.000000e+00
0.000000e+00
0.000000e+00
0.000000e+00
0.000000e+00
0.000000e+00
0.000000e+00
0.000000e+00
0.000000e+00
0.000000e+00
0.000000e+00
0.000000e+00
0.000000e+00
0.000000e+00
0.000000e+00
0.000000e+00
0.000000e+00
0.000000e+00
0.000000e+00
0.000000e+00
0.000000e+00
0.000000e+00
0.000000e+00
0.000000e+00
0.000000e+00
0.000000e+00
0.000000e+00
0.000000e+00
0.000000e+00
0.000000e+00
0.000000e+00
0.000000e+00
0.000000e+00
0.000000e+00
0.000000e+00
0.000000e+00
0.000000e+00
0.000000e+00
0.000000e+00
0.000000e+00
0.000000e+00
0.000000e+00
0.000000e+00
0.000000e+00
0.000000e+00
0.000000e+00
0.000000e+00
0.000000e+00
0.000000e+00
0.000000e+00
0.000000e+00
0.000000e+00
0.000000e+00
0.000000e+00
0.000000e+00
0.000000e+00
0.000000e+00
0.000000e+00
0.000000e+00
0.000000e+00
0.000000e+00
0.000000e+00
0.000000e+00
0.000000e+00
0.000000e+00
0.000000e+00
0.000000e+00
0.000000e+00
0.000000e+00
0.000000e+00
0.000000e+00
0.000000e+00
0.000000e+00
0.000000e+00
0.000000e+00
0.000000e+00
0.000000e+00
0.000000e+00
0.000000e+00
0.000000e+00
0.000000e+00
0.000000e+00
0.000000e+00
0.000000e+00
0.000000e+00
0.000000e+00
0.000000e+00
0.000000e+00
0.000000e+00
0.000000e+00
0.000000e+00
0.000000e+00
0.000000e+00
0.000000e+00
0.000000e+00
0.000000e+00
0.000000e+00
0.000000e+00
0.000000e+00
0.000000e+00
0.000000e+00
0.000000e+00
0.000000e+00
0.000000e+00
0.000000e+00
0.000000e+00
0.000000e+00
0.000000e+00
0.000000e+00
0.000000e+00
0.000000e+00
0.000000e+00
0.000000e+00
0.000000e+00
0.000000e+00
0.000000e+00
0.000000e+00
0.000000e+00
0.000000e+00
0.000000e+00
0.000000e+00
0.000000e+00
0.000000e+00
0.000000e+00
0.000000e+00
0.000000e+00
0.000000e+00
0.000000e+00
0.000000e+00
0.000000e+00
0.000000e+00
0.000000e+00
0.000000e+00
0.000000e+00
0.000000e+00
0.000000e+00
0.000000e+00
0.000000e+00
0.000000e+00
0.000000e+00
0.000000e+00
0.000000e+00
0.000000e+00
0.000000e+00
0.000000e+00
0.000000e+00
0.000000e+00
0.000000e+00
0.000000e+00
0.000000e+00
0.000000e+00
0.000000e+00
0.000000e+00
0.000000e+00
0.000000e+00
0.000000e+00
0.000000e+00
0.000000e+00
0.000000e+00
0.000000e+00
0.000000e+00
0.000000e+00
0.000000e+00
0.000000e+00
0.000000e+00
0.000000e+00
0.000000e+00
0.000000e+00
0.000000e+00
0.000000e+00
0.000000e+00
0.000000e+00
0.000000e+00
0.000000e+00
0.000000e+00
0.000000e+00
0.000000e+00
0.000000e+00
0.000000e+00
0.000000e+00
0.000000e+00
0.000000e+00
0.000000e+00
0.000000e+00
0.000000e+00
0.000000e+00
0.000000e+00
0.000000e+00
0.000000e+00
0.000000e+00
0.000000e+00
0.000000e+00
0.000000e+00
0.000000e+00
0.000000e+00
0.000000e+00
0.000000e+00
0.000000e+00
0.000000e+00
0.000000e+00
0.000000e+00
0.000000e+00
0.000000e+00
0.000000e+00
0.000000e+00
0.000000e+00
0.000000e+00
0.000000e+00
0.000000e+00
0.000000e+00
0.000000e+00
0.000000e+00
0.000000e+00
0.000000e+00
0.000000e+00
0.000000e+00
0.000000e+00
0.000000e+00
0.000000e+00
0.000000e+00
0.000000e+00
0.000000e+00
0.000000e+00
0.000000e+00
0.000000e+00
0.000000e+00
0.000000e+00
0.000000e+00
0.000000e+00
0.000000e+00
0.000000e+00
0.000000e+00
0.000000e+00
0.000000e+00
0.000000e+00
0.000000e+00
0.000000e+00
0.000000e+00
0.000000e+00
0.000000e+00
0.000000e+00
0.000000e+00
0.000000e+00
0.000000e+00
0.000000e+00
0.000000e+00
0.000000e+00
0.000000e+00
0.000000e+00
0.000000e+00
0.000000e+00
0.000000e+00
0.000000e+00
0.000000e+00
0.000000e+00
0.000000e+00
0.000000e+00
0.000000e+00
0.000000e+00
0.000000e+00
0.000000e+00
0.000000e+00
0.000000e+00
0.000000e+00
0.000000e+00
0.000000e+00
0.000000e+00
0.000000e+00
0.000000e+00
0.000000e+00
0.000000e+00
0.000000e+00
0.000000e+00
0.000000e+00
0.000000e+00
0.000000e+00
0.000000e+00
0.000000e+00
0.000000e+00
0.000000e+00
0.000000e+00
0.000000e+00
0.000000e+00
0.000000e+00
0.000000e+00
0.000000e+00
0.000000e+00
0.000000e+00
0.000000e+00
0.000000e+00
0.000000e+00
0.000000e+00
0.000000e+00
0.000000e+00
0.000000e+00
0.000000e+00
0.000000e+00
0.000000e+00
0.000000e+00
0.000000e+00
0.000000e+00
0.000000e+00
0.000000e+00
0.000000e+00
0.000000e+00
0.000000e+00
0.000000e+00
0.000000e+00
0.000000e+00
0.000000e+00
0.000000e+00
0.000000e+00
0.000000e+00
0.000000e+00
0.000000e+00
0.000000e+00
0.000000e+00
0.000000e+00
0.000000e+00
0.000000e+00
0.000000e+00
0.000000e+00
0.000000e+00
0.000000e+00
0.000000e+00
0.000000e+00
0.000000e+00
0.000000e+00
0.000000e+00
0.000000e+00
0.000000e+00
0.000000e+00
0.000000e+00
0.000000e+00
0.000000e+00
0.000000e+00
0.000000e+00
0.000000e+00
0.000000e+00
0.000000e+00
0.000000e+00
0.000000e+00
0.000000e+00
0.000000e+00
0.000000e+00
0.000000e+00
0.000000e+00
0.000000e+00
0.000000e+00
0.000000e+00
0.000000e+00
0.000000e+00
0.000000e+00
0.000000e+00
0.000000e+00
0.000000e+00
0.000000e+00
0.000000e+00
0.000000e+00
0.000000e+00
0.000000e+00
0.000000e+00
0.000000e+00
0.000000e+00
0.000000e+00
0.000000e+00
0.000000e+00
0.000000e+00
0.000000e+00
0.000000e+00
0.000000e+00
0.000000e+00
0.000000e+00
0.000000e+00
0.000000e+00
0.000000e+00
0.000000e+00
0.000000e+00
0.000000e+00
0.000000e+00
0.000000e+00
0.000000e+00
0.000000e+00
0.000000e+00
0.000000e+00
0.000000e+00
0.000000e+00
0.000000e+00
0.000000e+00
0.000000e+00
0.000000e+00
0.000000e+00
0.000000e+00
0.000000e+00
0.000000e+00
0.000000e+00
0.000000e+00
0.000000e+00
0.000000e+00
0.000000e+00
0.000000e+00
0.000000e+00
0.000000e+00
0.000000e+00
0.000000e+00
0.000000e+00
0.000000e+00
0.000000e+00
0.000000e+00
0.000000e+00
0.000000e+00
0.000000e+00
0.000000e+00
0.000000e+00
0.000000e+00
0.000000e+00
0.000000e+00
0.000000e+00
0.000000e+00
0.000000e+00
0.000000e+00
0.000000e+00
0.000000e+00
0.000000e+00
0.000000e+00
0.000000e+00
0.000000e+00
0.000000e+00
0.000000e+00
0.000000e+00
0.000000e+00
0.000000e+00
0.000000e+00
0.000000e+00
0.000000e+00
0.000000e+00
0.000000e+00
0.000000e+00
0.000000e+00
0.000000e+00
0.000000e+00
0.000000e+00
0.000000e+00
0.000000e+00
0.000000e+00
0.000000e+00
0.000000e+00
0.000000e+00
0.000000e+00
0.000000e+00
0.000000e+00
0.000000e+00
0.000000e+00
0.000000e+00
0.000000e+00
0.000000e+00
0.000000e+00
0.000000e+00
0.000000e+00
0.000000e+00
0.000000e+00
0.000000e+00
0.000000e+00
0.000000e+00
0.000000e+00
0.000000e+00
0.000000e+00
0.000000e+00
0.000000e+00
0.000000e+00
0.000000e+00
0.000000e+00
0.000000e+00
0.000000e+00
0.000000e+00
0.000000e+00
0.000000e+00
0.000000e+00
0.000000e+00
0.000000e+00
0.000000e+00
0.000000e+00
0.000000e+00
0.000000e+00
0.000000e+00
0.000000e+00
0.000000e+00
0.000000e+00
0.000000e+00
0.000000e+00
0.000000e+00
0.000000e+00
0.000000e+00
0.000000e+00
0.000000e+00
0.000000e+00
0.000000e+00
0.000000e+00
0.000000e+00
0.000000e+00
0.000000e+00
0.000000e+00
0.000000e+00
0.000000e+00
0.000000e+00
0.000000e+00
0.000000e+00
0.000000e+00
0.000000e+00
0.000000e+00
0.000000e+00
0.000000e+00
0.000000e+00
0.000000e+00
0.000000e+00
0.000000e+00
0.000000e+00
0.000000e+00
0.000000e+00
0.000000e+00
0.000000e+00
0.000000e+00
0.000000e+00
0.000000e+00
0.000000e+00
0.000000e+00
0.000000e+00
0.000000e+00
0.000000e+00
0.000000e+00
0.000000e+00
0.000000e+00
0.000000e+00
0.000000e+00
0.000000e+00
0.000000e+00
0.000000e+00
0.000000e+00
0.000000e+00
0.000000e+00
0.000000e+00
0.000000e+00
0.000000e+00
0.000000e+00
0.000000e+00
0.000000e+00
0.000000e+00
0.000000e+00
0.000000e+00
0.000000e+00
0.000000e+00
0.000000e+00
0.000000e+00
0.000000e+00
0.000000e+00
0.000000e+00
0.000000e+00
0.000000e+00
0.000000e+00
0.000000e+00
0.000000e+00
0.000000e+00
0.000000e+00
0.000000e+00
0.000000e+00
0.000000e+00
0.000000e+00
0.000000e+00
0.000000e+00
0.000000e+00
0.000000e+00
0.000000e+00
0.000000e+00
0.000000e+00
0.000000e+00
0.000000e+00
0.000000e+00
0.000000e+00
0.000000e+00
0.000000e+00
0.000000e+00
0.000000e+00
0.000000e+00
0.000000e+00
0.000000e+00
0.000000e+00
0.000000e+00
0.000000e+00
0.000000e+00
0.000000e+00
0.000000e+00
0.000000e+00
0.000000e+00
0.000000e+00
0.000000e+00
0.000000e+00
0.000000e+00
0.000000e+00
0.000000e+00
0.000000e+00
0.000000e+00
0.000000e+00
0.000000e+00
0.000000e+00
0.000000e+00
0.000000e+00
0.000000e+00
0.000000e+00
0.000000e+00
0.000000e+00
0.000000e+00
0.000000e+00
0.000000e+00
0.000000e+00
0.000000e+00
0.000000e+00
0.000000e+00
0.000000e+00
0.000000e+00
0.000000e+00
0.000000e+00
0.000000e+00
0.000000e+00
0.000000e+00
0.000000e+00
0.000000e+00
0.000000e+00
0.000000e+00
0.000000e+00
0.000000e+00
0.000000e+00
0.000000e+00
0.000000e+00
0.000000e+00
0.000000e+00
0.000000e+00
0.000000e+00
0.000000e+00
0.000000e+00
0.000000e+00
0.000000e+00
0.000000e+00
0.000000e+00
0.000000e+00
0.000000e+00
0.000000e+00
0.000000e+00
0.000000e+00
0.000000e+00
0.000000e+00
0.000000e+00
0.000000e+00
0.000000e+00
0.000000e+00
0.000000e+00
0.000000e+00
0.000000e+00
0.000000e+00
0.000000e+00
0.000000e+00
0.000000e+00
0.000000e+00
0.000000e+00
0.000000e+00
0.000000e+00
0.000000e+00
0.000000e+00
0.000000e+00
0.000000e+00
0.000000e+00
0.000000e+00
0.000000e+00
0.000000e+00
0.000000e+00
0.000000e+00
0.000000e+00
0.000000e+00
0.000000e+00
0.000000e+00
0.000000e+00
0.000000e+00
0.000000e+00
0.000000e+00
0.000000e+00
0.000000e+00
0.000000e+00
0.000000e+00
0.000000e+00
0.000000e+00
0.000000e+00
0.000000e+00
0.000000e+00
0.000000e+00
0.000000e+00
0.000000e+00
0.000000e+00
0.000000e+00
0.000000e+00
0.000000e+00
0.000000e+00
0.000000e+00
0.000000e+00
0.000000e+00
0.000000e+00
0.000000e+00
0.000000e+00
0.000000e+00
0.000000e+00
0.000000e+00
0.000000e+00
0.000000e+00
0.000000e+00
0.000000e+00
0.000000e+00
0.000000e+00
0.000000e+00
0.000000e+00
0.000000e+00
0.000000e+00
0.000000e+00
0.000000e+00
0.000000e+00
0.000000e+00
0.000000e+00
0.000000e+00
0.000000e+00
0.000000e+00
0.000000e+00
0.000000e+00
0.000000e+00
0.000000e+00
0.000000e+00
0.000000e+00
0.000000e+00
0.000000e+00
0.000000e+00
0.000000e+00
0.000000e+00
0.000000e+00
0.000000e+00
0.000000e+00
0.000000e+00
0.000000e+00
0.000000e+00
0.000000e+00
0.000000e+00
0.000000e+00
0.000000e+00
0.000000e+00
0.000000e+00
0.000000e+00
0.000000e+00
0.000000e+00
0.000000e+00
0.000000e+00
0.000000e+00
0.000000e+00
0.000000e+00
0.000000e+00
0.000000e+00
0.000000e+00
0.000000e+00
0.000000e+00
0.000000e+00
0.000000e+00
0.000000e+00
0.000000e+00
0.000000e+00
0.000000e+00
0.000000e+00
0.000000e+00
0.000000e+00
0.000000e+00
0.000000e+00
0.000000e+00
0.000000e+00
0.000000e+00
0.000000e+00
0.000000e+00
0.000000e+00
0.000000e+00
0.000000e+00
0.000000e+00
0.000000e+00
0.000000e+00
0.000000e+00
0.000000e+00
0.000000e+00
0.000000e+00
0.000000e+00
0.000000e+00
0.000000e+00
0.000000e+00
0.000000e+00
0.000000e+00
0.000000e+00
0.000000e+00
0.000000e+00
0.000000e+00
0.000000e+00
0.000000e+00
0.000000e+00
0.000000e+00
0.000000e+00
0.000000e+00
0.000000e+00
0.000000e+00
0.000000e+00
0.000000e+00
0.000000e+00
0.000000e+00
0.000000e+00
0.000000e+00
0.000000e+00
0.000000e+00
0.000000e+00
0.000000e+00
0.000000e+00
0.000000e+00
0.000000e+00
0.000000e+00
0.000000e+00
0.000000e+00
0.000000e+00
0.000000e+00
0.000000e+00
0.000000e+00
0.000000e+00
0.000000e+00
0.000000e+00
0.000000e+00
0.000000e+00
0.000000e+00
0.000000e+00
0.000000e+00
0.000000e+00
0.000000e+00
0.000000e+00
0.000000e+00
0.000000e+00
0.000000e+00
0.000000e+00
0.000000e+00
0.000000e+00
0.000000e+00
0.000000e+00
0.000000e+00
0.000000e+00
0.000000e+00
0.000000e+00
0.000000e+00
0.000000e+00
0.000000e+00
0.000000e+00
0.000000e+00
0.000000e+00
0.000000e+00
0.000000e+00
0.000000e+00
0.000000e+00
0.000000e+00
0.000000e+00
0.000000e+00
0.000000e+00
0.000000e+00
0.000000e+00
0.000000e+00
0.000000e+00
0.000000e+00
0.000000e+00
0.000000e+00
0.000000e+00
0.000000e+00
0.000000e+00
0.000000e+00
0.000000e+00
0.000000e+00
0.000000e+00
0.000000e+00
0.000000e+00
0.000000e+00
0.000000e+00
0.000000e+00
0.000000e+00
0.000000e+00
0.000000e+00
0.000000e+00
0.000000e+00
0.000000e+00
0.000000e+00
0.000000e+00
0.000000e+00
0.000000e+00
0.000000e+00
0.000000e+00
0.000000e+00
0.000000e+00
0.000000e+00
0.000000e+00
0.000000e+00
0.000000e+00
0.000000e+00
0.000000e+00
0.000000e+00
0.000000e+00
0.000000e+00
0.000000e+00
0.000000e+00
0.000000e+00
0.000000e+00
0.000000e+00
0.000000e+00
0.000000e+00
0.000000e+00
0.000000e+00
0.000000e+00
0.000000e+00
0.000000e+00
0.000000e+00
0.000000e+00
0.000000e+00
0.000000e+00
0.000000e+00
0.000000e+00
0.000000e+00
0.000000e+00
0.000000e+00
0.000000e+00
0.000000e+00
0.000000e+00
0.000000e+00
0.000000e+00
0.000000e+00
0.000000e+00
0.000000e+00
0.000000e+00
0.000000e+00
0.000000e+00
0.000000e+00
0.000000e+00
0.000000e+00
0.000000e+00
0.000000e+00
0.000000e+00
0.000000e+00
0.000000e+00
0.000000e+00
0.000000e+00
0.000000e+00
0.000000e+00
0.000000e+00
0.000000e+00
0.000000e+00
0.000000e+00
0.000000e+00
0.000000e+00
0.000000e+00
0.000000e+00
0.000000e+00
0.000000e+00
0.000000e+00
0.000000e+00
0.000000e+00
0.000000e+00
0.000000e+00
0.000000e+00
0.000000e+00
0.000000e+00
0.000000e+00
0.000000e+00
0.000000e+00
0.000000e+00
0.000000e+00
0.000000e+00
0.000000e+00
0.000000e+00
0.000000e+00
0.000000e+00
0.000000e+00
0.000000e+00
0.000000e+00
0.000000e+00
0.000000e+00
0.000000e+00
0.000000e+00
0.000000e+00
0.000000e+00
0.000000e+00
0.000000e+00
0.000000e+00
0.000000e+00
0.000000e+00
0.000000e+00
0.000000e+00
0.000000e+00
0.000000e+00
0.000000e+00
0.000000e+00
0.000000e+00
0.000000e+00
0.000000e+00
0.000000e+00
0.000000e+00
0.000000e+00
0.000000e+00
0.000000e+00
0.000000e+00
0.000000e+00
0.000000e+00
0.000000e+00
0.000000e+00
0.000000e+00
0.000000e+00
0.000000e+00
0.000000e+00
0.000000e+00
0.000000e+00
0.000000e+00
0.000000e+00
0.000000e+00
0.000000e+00
0.000000e+00
0.000000e+00
0.000000e+00
0.000000e+00
0.000000e+00
0.000000e+00
0.000000e+00
0.000000e+00
0.000000e+00
0.000000e+00
0.000000e+00
0.000000e+00
0.000000e+00
0.000000e+00
0.000000e+00
0.000000e+00
0.000000e+00
0.000000e+00
0.000000e+00
0.000000e+00
0.000000e+00
0.000000e+00
0.000000e+00
0.000000e+00
0.000000e+00
0.000000e+00
0.000000e+00
0.000000e+00
0.000000e+00
0.000000e+00
0.000000e+00
0.000000e+00
0.000000e+00
0.000000e+00
0.000000e+00
0.000000e+00
0.000000e+00
0.000000e+00
0.000000e+00
0.000000e+00
0.000000e+00
0.000000e+00
0.000000e+00
0.000000e+00
0.000000e+00
0.000000e+00
0.000000e+00
0.000000e+00
0.000000e+00
0.000000e+00
0.000000e+00
0.000000e+00
0.000000e+00
0.000000e+00
0.000000e+00
0.000000e+00
0.000000e+00
0.000000e+00
0.000000e+00
0.000000e+00
0.000000e+00
0.000000e+00
0.000000e+00
0.000000e+00
0.000000e+00
0.000000e+00
0.000000e+00
0.000000e+00
0.000000e+00
0.000000e+00
0.000000e+00
0.000000e+00
0.000000e+00
0.000000e+00
0.000000e+00
0.000000e+00
0.000000e+00
0.000000e+00
0.000000e+00
0.000000e+00
0.000000e+00
0.000000e+00
0.000000e+00
0.000000e+00
0.000000e+00
0.000000e+00
0.000000e+00
0.000000e+00
0.000000e+00
0.000000e+00
0.000000e+00
0.000000e+00
0.000000e+00
0.000000e+00
0.000000e+00
0.000000e+00
0.000000e+00
0.000000e+00
0.000000e+00
0.000000e+00
0.000000e+00
0.000000e+00
0.000000e+00
0.000000e+00
0.000000e+00
0.000000e+00
0.000000e+00
0.000000e+00
0.000000e+00
0.000000e+00
0.000000e+00
0.000000e+00
0.000000e+00
0.000000e+00
0.000000e+00
0.000000e+00
0.000000e+00
0.000000e+00
0.000000e+00
0.000000e+00
0.000000e+00
0.000000e+00
0.000000e+00
0.000000e+00
0.000000e+00
0.000000e+00
0.000000e+00
0.000000e+00
0.000000e+00
0.000000e+00
0.000000e+00
0.000000e+00
0.000000e+00
0.000000e+00
0.000000e+00
0.000000e+00
0.000000e+00
0.000000e+00
0.000000e+00
0.000000e+00
0.000000e+00
0.000000e+00
0.000000e+00
0.000000e+00
0.000000e+00
0.000000e+00
0.000000e+00
0.000000e+00
0.000000e+00
0.000000e+00
0.000000e+00
0.000000e+00
0.000000e+00
0.000000e+00
0.000000e+00
0.000000e+00
0.000000e+00
0.000000e+00
0.000000e+00
0.000000e+00
0.000000e+00
0.000000e+00
0.000000e+00
0.000000e+00
0.000000e+00
0.000000e+00
0.000000e+00
0.000000e+00
0.000000e+00
0.000000e+00
0.000000e+00
0.000000e+00
0.000000e+00
0.000000e+00
0.000000e+00
0.000000e+00
0.000000e+00
0.000000e+00
0.000000e+00
0.000000e+00
0.000000e+00
0.000000e+00
0.000000e+00
0.000000e+00
0.000000e+00
0.000000e+00
0.000000e+00
0.000000e+00
0.000000e+00
0.000000e+00
0.000000e+00
0.000000e+00
0.000000e+00
0.000000e+00
0.000000e+00
0.000000e+00
0.000000e+00
0.000000e+00
0.000000e+00
0.000000e+00
0.000000e+00
0.000000e+00
0.000000e+00
0.000000e+00
0.000000e+00
0.000000e+00
0.000000e+00
0.000000e+00
0.000000e+00
0.000000e+00
0.000000e+00
0.000000e+00
0.000000e+00
0.000000e+00
0.000000e+00
0.000000e+00
0.000000e+00
0.000000e+00
0.000000e+00
0.000000e+00
0.000000e+00
0.000000e+00
0.000000e+00
0.000000e+00
0.000000e+00
0.000000e+00
0.000000e+00
0.000000e+00
0.000000e+00
0.000000e+00
0.000000e+00
0.000000e+00
0.000000e+00
0.000000e+00
0.000000e+00
0.000000e+00
0.000000e+00
0.000000e+00
0.000000e+00
0.000000e+00
0.000000e+00
0.000000e+00
0.000000e+00
0.000000e+00
0.000000e+00
0.000000e+00
0.000000e+00
0.000000e+00
0.000000e+00
0.000000e+00
0.000000e+00
0.000000e+00
0.000000e+00
0.000000e+00
0.000000e+00
0.000000e+00
0.000000e+00
0.000000e+00
0.000000e+00
0.000000e+00
0.000000e+00
0.000000e+00
0.000000e+00
0.000000e+00
0.000000e+00
0.000000e+00
0.000000e+00
0.000000e+00
0.000000e+00
0.000000e+00
0.000000e+00
0.000000e+00
0.000000e+00
0.000000e+00
0.000000e+00
0.000000e+00
0.000000e+00
0.000000e+00
0.000000e+00
0.000000e+00
0.000000e+00
0.000000e+00
0.000000e+00
0.000000e+00
0.000000e+00
0.000000e+00
0.000000e+00
0.000000e+00
0.000000e+00
0.000000e+00
0.000000e+00
0.000000e+00
0.000000e+00
0.000000e+00
0.000000e+00
0.000000e+00
0.000000e+00
0.000000e+00
0.000000e+00
0.000000e+00
0.000000e+00
0.000000e+00
0.000000e+00
0.000000e+00
0.000000e+00
0.000000e+00
0.000000e+00
0.000000e+00
0.000000e+00
0.000000e+00
0.000000e+00
0.000000e+00
0.000000e+00
0.000000e+00
0.000000e+00
0.000000e+00
0.000000e+00
0.000000e+00
0.000000e+00
0.000000e+00
0.000000e+00
0.000000e+00
0.000000e+00
0.000000e+00
0.000000e+00
0.000000e+00
0.000000e+00
0.000000e+00
0.000000e+00
0.000000e+00
0.000000e+00
0.000000e+00
0.000000e+00
0.000000e+00
0.000000e+00
0.000000e+00
0.000000e+00
0.000000e+00
0.000000e+00
0.000000e+00
0.000000e+00
0.000000e+00
0.000000e+00
0.000000e+00
0.000000e+00
0.000000e+00
0.000000e+00
0.000000e+00
0.000000e+00
0.000000e+00
0.000000e+00
0.000000e+00
0.000000e+00
0.000000e+00
0.000000e+00
0.000000e+00
0.000000e+00
0.000000e+00
0.000000e+00
0.000000e+00
0.000000e+00
0.000000e+00
0.000000e+00
0.000000e+00
0.000000e+00
0.000000e+00
0.000000e+00
0.000000e+00
0.000000e+00
0.000000e+00
0.000000e+00
0.000000e+00
0.000000e+00
0.000000e+00
0.000000e+00
0.000000e+00
0.000000e+00
0.000000e+00
0.000000e+00
0.000000e+00
0.000000e+00
0.000000e+00
0.000000e+00
0.000000e+00
0.000000e+00
0.000000e+00
0.000000e+00
0.000000e+00
0.000000e+00
0.000000e+00
0.000000e+00
0.000000e+00
0.000000e+00
0.000000e+00
0.000000e+00
0.000000e+00
0.000000e+00
0.000000e+00
0.000000e+00
0.000000e+00
0.000000e+00
0.000000e+00
0.000000e+00
0.000000e+00
0.000000e+00
0.000000e+00
0.000000e+00
0.000000e+00
0.000000e+00
0.000000e+00
0.000000e+00
0.000000e+00
0.000000e+00
0.000000e+00
0.000000e+00
0.000000e+00
0.000000e+00
0.000000e+00
0.000000e+00
0.000000e+00
0.000000e+00
0.000000e+00
0.000000e+00
0.000000e+00
0.000000e+00
0.000000e+00
0.000000e+00
0.000000e+00
0.000000e+00
0.000000e+00
0.000000e+00
0.000000e+00
0.000000e+00
0.000000e+00
0.000000e+00
0.000000e+00
0.000000e+00
0.000000e+00
0.000000e+00
0.000000e+00
0.000000e+00
0.000000e+00
0.000000e+00
0.000000e+00
0.000000e+00
0.000000e+00
0.000000e+00
0.000000e+00
0.000000e+00
0.000000e+00
0.000000e+00
0.000000e+00
0.000000e+00
0.000000e+00
0.000000e+00
0.000000e+00
0.000000e+00
0.000000e+00
0.000000e+00
0.000000e+00
0.000000e+00
0.000000e+00
0.000000e+00
0.000000e+00
0.000000e+00
0.000000e+00
0.000000e+00
0.000000e+00
0.000000e+00
0.000000e+00
0.000000e+00
0.000000e+00
0.000000e+00
0.000000e+00
0.000000e+00
0.000000e+00
0.000000e+00
0.000000e+00
0.000000e+00
0.000000e+00
0.000000e+00
0.000000e+00
0.000000e+00
0.000000e+00
0.000000e+00
0.000000e+00
0.000000e+00
0.000000e+00
0.000000e+00
0.000000e+00
0.000000e+00
0.000000e+00
0.000000e+00
0.000000e+00
0.000000e+00
0.000000e+00
0.000000e+00
0.000000e+00
0.000000e+00
0.000000e+00
0.000000e+00
0.000000e+00
0.000000e+00
0.000000e+00
0.000000e+00
0.000000e+00
0.000000e+00
0.000000e+00
0.000000e+00
0.000000e+00
0.000000e+00
0.000000e+00
0.000000e+00
0.000000e+00
0.000000e+00
0.000000e+00
0.000000e+00
0.000000e+00
0.000000e+00
0.000000e+00
0.000000e+00
0.000000e+00
0.000000e+00
0.000000e+00
0.000000e+00
0.000000e+00
0.000000e+00
0.000000e+00
0.000000e+00
0.000000e+00
0.000000e+00
0.000000e+00
0.000000e+00
0.000000e+00
0.000000e+00
0.000000e+00
0.000000e+00
0.000000e+00
0.000000e+00
0.000000e+00
0.000000e+00
0.000000e+00
0.000000e+00
0.000000e+00
0.000000e+00
0.000000e+00
0.000000e+00
0.000000e+00
0.000000e+00
0.000000e+00
0.000000e+00
0.000000e+00
0.000000e+00
0.000000e+00
0.000000e+00
0.000000e+00
0.000000e+00
0.000000e+00
0.000000e+00
0.000000e+00
0.000000e+00
0.000000e+00
0.000000e+00
0.000000e+00
0.000000e+00
0.000000e+00
0.000000e+00
0.000000e+00
0.000000e+00
0.000000e+00
0.000000e+00
0.000000e+00
0.000000e+00
0.000000e+00
0.000000e+00
0.000000e+00
0.000000e+00
0.000000e+00
0.000000e+00
0.000000e+00
0.000000e+00
0.000000e+00
0.000000e+00
0.000000e+00
0.000000e+00
0.000000e+00
0.000000e+00
0.000000e+00
0.000000e+00
0.000000e+00
0.000000e+00
0.000000e+00
0.000000e+00
0.000000e+00
0.000000e+00
0.000000e+00
0.000000e+00
0.000000e+00
0.000000e+00
0.000000e+00
0.000000e+00
0.000000e+00
0.000000e+00
0.000000e+00
0.000000e+00
0.000000e+00
0.000000e+00
0.000000e+00
0.000000e+00
0.000000e+00
0.000000e+00
0.000000e+00
0.000000e+00
0.000000e+00
0.000000e+00
0.000000e+00
0.000000e+00
0.000000e+00
0.000000e+00
0.000000e+00
0.000000e+00
0.000000e+00
0.000000e+00
0.000000e+00
0.000000e+00
0.000000e+00
0.000000e+00
0.000000e+00
0.000000e+00
0.000000e+00
0.000000e+00
0.000000e+00
0.000000e+00
0.000000e+00
0.000000e+00
0.000000e+00
0.000000e+00
0.000000e+00
0.000000e+00
0.000000e+00
0.000000e+00
0.000000e+00
0.000000e+00
0.000000e+00
0.000000e+00
0.000000e+00
0.000000e+00
0.000000e+00
0.000000e+00
0.000000e+00
0.000000e+00
0.000000e+00
0.000000e+00
0.000000e+00
0.000000e+00
0.000000e+00
0.000000e+00
0.000000e+00
0.000000e+00
0.000000e+00
0.000000e+00
0.000000e+00
0.000000e+00
0.000000e+00
0.000000e+00
0.000000e+00
0.000000e+00
0.000000e+00
0.000000e+00
0.000000e+00
0.000000e+00
0.000000e+00
0.000000e+00
0.000000e+00
0.000000e+00
0.000000e+00
0.000000e+00
0.000000e+00
0.000000e+00
0.000000e+00
0.000000e+00
0.000000e+00
0.000000e+00
0.000000e+00
0.000000e+00
0.000000e+00
0.000000e+00
0.000000e+00
0.000000e+00
0.000000e+00
0.000000e+00
0.000000e+00
0.000000e+00
0.000000e+00
0.000000e+00
0.000000e+00
0.000000e+00
0.000000e+00
0.000000e+00
0.000000e+00
0.000000e+00
0.000000e+00
0.000000e+00
0.000000e+00
0.000000e+00
0.000000e+00
0.000000e+00
0.000000e+00
0.000000e+00
0.000000e+00
0.000000e+00
0.000000e+00
0.000000e+00
0.000000e+00
0.000000e+00
0.000000e+00
0.000000e+00
0.000000e+00
0.000000e+00
0.000000e+00
0.000000e+00
0.000000e+00
0.000000e+00
0.000000e+00
0.000000e+00
0.000000e+00
0.000000e+00
0.000000e+00
0.000000e+00
0.000000e+00
0.000000e+00
0.000000e+00
0.000000e+00
0.000000e+00
0.000000e+00
0.000000e+00
0.000000e+00
0.000000e+00
0.000000e+00
0.000000e+00
0.000000e+00
0.000000e+00
0.000000e+00
0.000000e+00
0.000000e+00
0.000000e+00
0.000000e+00
0.000000e+00
0.000000e+00
0.000000e+00
0.000000e+00
0.000000e+00
0.000000e+00
0.000000e+00
0.000000e+00
0.000000e+00
0.000000e+00
0.000000e+00
0.000000e+00
0.000000e+00
0.000000e+00
0.000000e+00
0.000000e+00
0.000000e+00
0.000000e+00
0.000000e+00
0.000000e+00
0.000000e+00
0.000000e+00
0.000000e+00
0.000000e+00
0.000000e+00
0.000000e+00
0.000000e+00
0.000000e+00
0.000000e+00
0.000000e+00
0.000000e+00
0.000000e+00
0.000000e+00
0.000000e+00
0.000000e+00
0.000000e+00
0.000000e+00
0.000000e+00
0.000000e+00
0.000000e+00
0.000000e+00
0.000000e+00
0.000000e+00
0.000000e+00
0.000000e+00
0.000000e+00
0.000000e+00
0.000000e+00
0.000000e+00
0.000000e+00
0.000000e+00
0.000000e+00
0.000000e+00
0.000000e+00
0.000000e+00
0.000000e+00
0.000000e+00
0.000000e+00
0.000000e+00
0.000000e+00
0.000000e+00
0.000000e+00
0.000000e+00
0.000000e+00
0.000000e+00
0.000000e+00
0.000000e+00
0.000000e+00
0.000000e+00
0.000000e+00
0.000000e+00
0.000000e+00
0.000000e+00
0.000000e+00
0.000000e+00
0.000000e+00
0.000000e+00
0.000000e+00
0.000000e+00
0.000000e+00
0.000000e+00
0.000000e+00
0.000000e+00
0.000000e+00
0.000000e+00
0.000000e+00
0.000000e+00
0.000000e+00
0.000000e+00
0.000000e+00
0.000000e+00
0.000000e+00
0.000000e+00
0.000000e+00
0.000000e+00
0.000000e+00
0.000000e+00
0.000000e+00
0.000000e+00
0.000000e+00
0.000000e+00
0.000000e+00
0.000000e+00
0.000000e+00
0.000000e+00
0.000000e+00
0.000000e+00
0.000000e+00
0.000000e+00
0.000000e+00
0.000000e+00
0.000000e+00
0.000000e+00
0.000000e+00
0.000000e+00
0.000000e+00
0.000000e+00
0.000000e+00
0.000000e+00
0.000000e+00
0.000000e+00
</DataArray>
<DataArray type="Float32" Name="V4" format="ascii">
0.000000e+00
0.000000e+00
0.000000e+00
0.000000e+00
0.000000e+00
0.000000e+00
0.000000e+00
0.000000e+00
0.000000e+00
0.000000e+00
0.000000e+00
0.000000e+00
0.000000e+00
0.000000e+00
0.000000e+00
0.000000e+00
0.000000e+00
0.000000e+00
0.000000e+00
0.000000e+00
0.000000e+00
0.000000e+00
0.000000e+00
0.000000e+00
0.000000e+00
0.000000e+00
0.000000e+00
0.000000e+00
0.000000e+00
0.000000e+00
0.000000e+00
0.000000e+00
0.000000e+00
0.000000e+00
0.000000e+00
0.000000e+00
0.000000e+00
0.000000e+00
0.000000e+00
0.000000e+00
0.000000e+00
0.000000e+00
0.000000e+00
0.000000e+00
0.000000e+00
0.000000e+00
0.000000e+00
0.000000e+00
0.000000e+00
0.000000e+00
0.000000e+00
0.000000e+00
0.000000e+00
0.000000e+00
0.000000e+00
0.000000e+00
0.000000e+00
0.000000e+00
0.000000e+00
0.000000e+00
0.000000e+00
0.000000e+00
0.000000e+00
0.000000e+00
0.000000e+00
0.000000e+00
0.000000e+00
0.000000e+00
0.000000e+00
0.000000e+00
0.000000e+00
0.000000e+00
0.000000e+00
0.000000e+00
0.000000e+00
0.000000e+00
0.000000e+00
0.000000e+00
0.000000e+00
0.000000e+00
0.000000e+00
0.000000e+00
0.000000e+00
0.000000e+00
0.000000e+00
0.000000e+00
0.000000e+00
0.000000e+00
0.000000e+00
0.000000e+00
0.000000e+00
0.000000e+00
0.000000e+00
0.000000e+00
0.000000e+00
0.000000e+00
0.000000e+00
0.000000e+00
0.000000e+00
0.000000e+00
0.000000e+00
0.000000e+00
0.000000e+00
0.000000e+00
0.000000e+00
0.000000e+00
0.000000e+00
0.000000e+00
0.000000e+00
0.000000e+00
0.000000e+00
0.000000e+00
0.000000e+00
0.000000e+00
0.000000e+00
0.000000e+00
0.000000e+00
0.000000e+00
0.000000e+00
0.000000e+00
0.000000e+00
0.000000e+00
0.000000e+00
0.000000e+00
0.000000e+00
0.000000e+00
0.000000e+00
0.000000e+00
0.000000e+00
0.000000e+00
0.000000e+00
0.000000e+00
0.000000e+00
0.000000e+00
0.000000e+00
0.000000e+00
0.000000e+00
0.000000e+00
0.000000e+00
0.000000e+00
0.000000e+00
0.000000e+00
0.000000e+00
0.000000e+00
0.000000e+00
0.000000e+00
0.000000e+00
0.000000e+00
0.000000e+00
0.000000e+00
0.000000e+00
0.000000e+00
0.000000e+00
0.000000e+00
0.000000e+00
0.000000e+00
0.000000e+00
0.000000e+00
0.000000e+00
0.000000e+00
0.000000e+00
0.000000e+00
0.000000e+00
0.000000e+00
0.000000e+00
0.000000e+00
0.000000e+00
0.000000e+00
0.000000e+00
0.000000e+00
0.000000e+00
0.000000e+00
0.000000e+00
0.000000e+00
0.000000e+00
0.000000e+00
0.000000e+00
0.000000e+00
0.000000e+00
0.000000e+00
0.000000e+00
0.000000e+00
0.000000e+00
0.000000e+00
0.000000e+00
0.000000e+00
0.000000e+00
0.000000e+00
0.000000e+00
0.000000e+00
0.000000e+00
0.000000e+00
0.000000e+00
0.000000e+00
0.000000e+00
0.000000e+00
0.000000e+00
0.000000e+00
0.000000e+00
0.000000e+00
0.000000e+00
0.000000e+00
0.000000e+00
0.000000e+00
0.000000e+00
0.000000e+00
0.000000e+00
0.000000e+00
0.000000e+00
0.000000e+00
0.000000e+00
0.000000e+00
0.000000e+00
0.000000e+00
0.000000e+00
0.000000e+00
0.000000e+00
0.000000e+00
0.000000e+00
0.000000e+00
0.000000e+00
0.000000e+00
0.000000e+00
0.000000e+00
0.000000e+00
0.000000e+00
0.000000e+00
0.000000e+00
0.000000e+00
0.000000e+00
0.000000e+00
0.000000e+00
0.000000e+00
0.000000e+00
0.000000e+00
0.000000e+00
0.000000e+00
0.000000e+00
0.000000e+00
0.000000e+00
0.000000e+00
0.000000e+00
0.000000e+00
0.000000e+00
0.000000e+00
0.000000e+00
0.000000e+00
0.000000e+00
0.000000e+00
0.000000e+00
0.000000e+00
0.000000e+00
0.000000e+00
0.000000e+00
0.000000e+00
0.000000e+00
0.000000e+00
0.000000e+00
0.000000e+00
0.000000e+00
0.000000e+00
0.000000e+00
0.000000e+00
0.000000e+00
0.000000e+00
0.000000e+00
0.000000e+00
0.000000e+00
0.000000e+00
0.000000e+00
0.000000e+00
0.000000e+00
0.000000e+00
0.000000e+00
0.000000e+00
0.000000e+00
0.000000e+00
0.000000e+00
0.000000e+00
0.000000e+00
0.000000e+00
0.000000e+00
0.000000e+00
0.000000e+00
0.000000e+00
0.000000e+00
0.000000e+00
0.000000e+00
0.000000e+00
0.000000e+00
0.000000e+00
0.000000e+00
0.000000e+00
0.000000e+00
0.000000e+00
0.000000e+00
0.000000e+00
0.000000e+00
0.000000e+00
0.000000e+00
0.000000e+00
0.000000e+00
0.000000e+00
0.000000e+00
0.000000e+00
0.000000e+00
0.000000e+00
0.000000e+00
0.000000e+00
0.000000e+00
0.000000e+00
0.000000e+00
0.000000e+00
0.000000e+00
0.000000e+00
0.000000e+00
0.000000e+00
0.000000e+00
0.000000e+00
0.000000e+00
0.000000e+00
0.000000e+00
0.000000e+00
0.000000e+00
0.000000e+00
0.000000e+00
0.000000e+00
0.000000e+00
0.000000e+00
0.000000e+00
0.000000e+00
0.000000e+00
0.000000e+00
0.000000e+00
0.000000e+00
0.000000e+00
0.000000e+00
0.000000e+00
0.000000e+00
0.000000e+00
0.000000e+00
0.000000e+00
0.000000e+00
0.000000e+00
0.000000e+00
0.000000e+00
0.000000e+00
0.000000e+00
0.000000e+00
0.000000e+00
0.000000e+00
0.000000e+00
0.000000e+00
0.000000e+00
0.000000e+00
0.000000e+00
0.000000e+00
0.000000e+00
0.000000e+00
0.000000e+00
0.000000e+00
0.000000e+00
0.000000e+00
0.000000e+00
0.000000e+00
0.000000e+00
0.000000e+00
0.000000e+00
0.000000e+00
0.000000e+00
0.000000e+00
0.000000e+00
0.000000e+00
0.000000e+00
0.000000e+00
0.000000e+00
0.000000e+00
0.000000e+00
0.000000e+00
0.000000e+00
0.000000e+00
0.000000e+00
0.000000e+00
0.000000e+00
0.000000e+00
0.000000e+00
0.000000e+00
0.000000e+00
0.000000e+00
0.000000e+00
0.000000e+00
0.000000e+00
0.000000e+00
0.000000e+00
0.000000e+00
0.000000e+00
0.000000e+00
0.000000e+00
0.000000e+00
0.000000e+00
0.000000e+00
0.000000e+00
0.000000e+00
0.000000e+00
0.000000e+00
0.000000e+00
0.000000e+00
0.000000e+00
0.000000e+00
0.000000e+00
0.000000e+00
0.000000e+00
0.000000e+00
0.000000e+00
0.000000e+00
0.000000e+00
0.000000e+00
0.000000e+00
0.000000e+00
0.000000e+00
0.000000e+00
0.000000e+00
0.000000e+00
0.000000e+00
0.000000e+00
0.000000e+00
0.000000e+00
0.000000e+00
0.000000e+00
0.000000e+00
0.000000e+00
0.000000e+00
0.000000e+00
0.000000e+00
0.000000e+00
0.000000e+00
0.000000e+00
0.000000e+00
0.000000e+00
0.000000e+00
0.000000e+00
0.000000e+00
0.000000e+00
0.000000e+00
0.000000e+00
0.000000e+00
0.000000e+00
0.000000e+00
0.000000e+00
0.000000e+00
0.000000e+00
0.000000e+00
0.000000e+00
0.000000e+00
0.000000e+00
0.000000e+00
0.000000e+00
0.000000e+00
0.000000e+00
0.000000e+00
0.000000e+00
0.000000e+00
0.000000e+00
0.000000e+00
0.000000e+00
0.000000e+00
0.000000e+00
0.000000e+00
0.000000e+00
0.000000e+00
0.000000e+00
0.000000e+00
0.000000e+00
0.000000e+00
0.000000e+00
0.000000e+00
0.000000e+00
0.000000e+00
0.000000e+00
0.000000e+00
0.000000e+00
0.000000e+00
0.000000e+00
0.000000e+00
0.000000e+00
0.000000e+00
0.000000e+00
0.000000e+00
0.000000e+00
0.000000e+00
0.000000e+00
0.000000e+00
0.000000e+00
0.000000e+00
0.000000e+00
0.000000e+00
0.000000e+00
0.000000e+00
0.000000e+00
0.000000e+00
0.000000e+00
0.000000e+00
0.000000e+00
0.000000e+00
0.000000e+00
0.000000e+00
0.000000e+00
0.000000e+00
0.000000e+00
0.000000e+00
0.000000e+00
0.000000e+00
0.000000e+00
0.000000e+00
0.000000e+00
0.000000e+00
0.000000e+00
0.000000e+00
0.000000e+00
0.000000e+00
0.000000e+00
0.000000e+00
0.000000e+00
0.000000e+00
0.000000e+00
0.000000e+00
0.000000e+00
0.000000e+00
0.000000e+00
0.000000e+00
0.000000e+00
0.000000e+00
0.000000e+00
0.000000e+00
0.000000e+00
0.000000e+00
0.000000e+00
0.000000e+00
0.000000e+00
0.000000e+00
0.000000e+00
0.000000e+00
0.000000e+00
0.000000e+00
0.000000e+00
0.000000e+00
0.000000e+00
0.000000e+00
0.000000e+00
0.000000e+00
0.000000e+00
0.000000e+00
0.000000e+00
0.000000e+00
0.000000e+00
0.000000e+00
0.000000e+00
0.000000e+00
0.000000e+00
0.000000e+00
0.000000e+00
0.000000e+00
0.000000e+00
0.000000e+00
0.000000e+00
0.000000e+00
0.000000e+00
0.000000e+00
0.000000e+00
0.000000e+00
0.000000e+00
0.000000e+00
0.000000e+00
0.000000e+00
0.000000e+00
0.000000e+00
0.000000e+00
0.000000e+00
0.000000e+00
0.000000e+00
0.000000e+00
0.000000e+00
0.000000e+00
0.000000e+00
0.000000e+00
0.000000e+00
0.000000e+00
0.000000e+00
0.000000e+00
0.000000e+00
0.000000e+00
0.000000e+00
0.000000e+00
0.000000e+00
0.000000e+00
0.000000e+00
0.000000e+00
0.000000e+00
0.000000e+00
0.000000e+00
0.000000e+00
0.000000e+00
0.000000e+00
0.000000e+00
0.000000e+00
0.000000e+00
0.000000e+00
0.000000e+00
0.000000e+00
0.000000e+00
0.000000e+00
0.000000e+00
0.000000e+00
0.000000e+00
0.000000e+00
0.000000e+00
0.000000e+00
0.000000e+00
0.000000e+00
0.000000e+00
0.000000e+00
0.000000e+00
0.000000e+00
0.000000e+00
0.000000e+00
0.000000e+00
0.000000e+00
0.000000e+00
0.000000e+00
0.000000e+00
0.000000e+00
0.000000e+00
0.000000e+00
0.000000e+00
0.000000e+00
0.000000e+00
0.000000e+00
0.000000e+00
0.000000e+00
0.000000e+00
0.000000e+00
0.000000e+00
0.000000e+00
0.000000e+00
0.000000e+00
0.000000e+00
0.000000e+00
0.000000e+00
0.000000e+00
0.000000e+00
0.000000e+00
0.000000e+00
0.000000e+00
0.000000e+00
0.000000e+00
0.000000e+00
0.000000e+00
0.000000e+00
0.000000e+00
0.000000e+00
0.000000e+00
0.000000e+00
0.000000e+00
0.000000e+00
0.000000e+00
0.000000e+00
0.000000e+00
0.000000e+00
0.000000e+00
0.000000e+00
0.000000e+00
0.000000e+00
0.000000e+00
0.000000e+00
0.000000e+00
0.000000e+00
0.000000e+00
0.000000e+00
0.000000e+00
0.000000e+00
0.000000e+00
0.000000e+00
0.000000e+00
0.000000e+00
0.000000e+00
0.000000e+00
0.000000e+00
0.000000e+00
0.000000e+00
0.000000e+00
0.000000e+00
0.000000e+00
0.000000e+00
0.000000e+00
0.000000e+00
0.000000e+00
0.000000e+00
0.000000e+00
0.000000e+00
0.000000e+00
0.000000e+00
0.000000e+00
0.000000e+00
0.000000e+00
0.000000e+00
0.000000e+00
0.000000e+00
0.000000e+00
0.000000e+00
0.000000e+00
0.000000e+00
0.000000e+00
0.000000e+00
0.000000e+00
0.000000e+00
0.000000e+00
0.000000e+00
0.000000e+00
0.000000e+00
0.000000e+00
0.000000e+00
0.000000e+00
0.000000e+00
0.000000e+00
0.000000e+00
0.000000e+00
0.000000e+00
0.000000e+00
0.000000e+00
0.000000e+00
0.000000e+00
0.000000e+00
0.000000e+00
0.000000e+00
0.000000e+00
0.000000e+00
0.000000e+00
0.000000e+00
0.000000e+00
0.000000e+00
0.000000e+00
0.000000e+00
0.000000e+00
0.000000e+00
0.000000e+00
0.000000e+00
0.000000e+00
0.000000e+00
0.000000e+00
0.000000e+00
0.000000e+00
0.000000e+00
0.000000e+00
0.000000e+00
0.000000e+00
0.000000e+00
0.000000e+00
0.000000e+00
0.000000e+00
0.000000e+00
0.000000e+00
0.000000e+00
0.000000e+00
0.000000e+00
0.000000e+00
0.000000e+00
0.000000e+00
0.000000e+00
0.000000e+00
0.000000e+00
0.000000e+00
0.000000e+00
0.000000e+00
0.000000e+00
0.000000e+00
0.000000e+00
0.000000e+00
0.000000e+00
0.000000e+00
0.000000e+00
0.000000e+00
0.000000e+00
0.000000e+00
0.000000e+00
0.000000e+00
0.000000e+00
0.000000e+00
0.000000e+00
0.000000e+00
0.000000e+00
0.000000e+00
0.000000e+00
0.000000e+00
0.000000e+00
0.000000e+00
0.000000e+00
0.000000e+00
0.000000e+00
0.000000e+00
0.000000e+00
0.000000e+00
0.000000e+00
0.000000e+00
0.000000e+00
0.000000e+00
0.000000e+00
0.000000e+00
0.000000e+00
0.000000e+00
0.000000e+00
0.000000e+00
0.000000e+00
0.000000e+00
0.000000e+00
0.000000e+00
0.000000e+00
0.000000e+00
0.000000e+00
0.000000e+00
0.000000e+00
0.000000e+00
0.000000e+00
0.000000e+00
0.000000e+00
0.000000e+00
0.000000e+00
0.000000e+00
0.000000e+00
0.000000e+00
0.000000e+00
0.000000e+00
0.000000e+00
0.000000e+00
0.000000e+00
0.000000e+00
0.000000e+00
0.000000e+00
0.000000e+00
0.000000e+00
0.000000e+00
0.000000e+00
0.000000e+00
0.000000e+00
0.000000e+00
0.000000e+00
0.000000e+00
0.000000e+00
0.000000e+00
0.000000e+00
0.000000e+00
0.000000e+00
0.000000e+00
0.000000e+00
0.000000e+00
0.000000e+00
0.000000e+00
0.000000e+00
0.000000e+00
0.000000e+00
0.000000e+00
0.000000e+00
0.000000e+00
0.000000e+00
0.000000e+00
0.000000e+00
0.000000e+00
0.000000e+00
0.000000e+00
0.000000e+00
0.000000e+00
0.000000e+00
0.000000e+00
0.000000e+00
0.000000e+00
0.000000e+00
0.000000e+00
0.000000e+00
0.000000e+00
0.000000e+00
0.000000e+00
0.000000e+00
0.000000e+00
0.000000e+00
0.000000e+00
0.000000e+00
0.000000e+00
0.000000e+00
0.000000e+00
0.000000e+00
0.000000e+00
0.000000e+00
0.000000e+00
0.000000e+00
0.000000e+00
0.000000e+00
0.000000e+00
0.000000e+00
0.000000e+00
0.000000e+00
0.000000e+00
0.000000e+00
0.000000e+00
0.000000e+00
0.000000e+00
0.000000e+00
0.000000e+00
0.000000e+00
0.000000e+00
0.000000e+00
0.000000e+00
0.000000e+00
0.000000e+00
0.000000e+00
0.000000e+00
0.000000e+00
0.000000e+00
0.000000e+00
0.000000e+00
0.000000e+00
0.000000e+00
0.000000e+00
0.000000e+00
0.000000e+00
0.000000e+00
0.000000e+00
0.000000e+00
0.000000e+00
0.000000e+00
0.000000e+00
0.000000e+00
0.000000e+00
0.000000e+00
0.000000e+00
0.000000e+00
0.000000e+00
0.000000e+00
0.000000e+00
0.000000e+00
0.000000e+00
0.000000e+00
0.000000e+00
0.000000e+00
0.000000e+00
0.000000e+00
0.000000e+00
0.000000e+00
0.000000e+00
0.000000e+00
0.000000e+00
0.000000e+00
0.000000e+00
0.000000e+00
0.000000e+00
0.000000e+00
0.000000e+00
0.000000e+00
0.000000e+00
0.000000e+00
0.000000e+00
0.000000e+00
0.000000e+00
0.000000e+00
0.000000e+00
0.000000e+00
0.000000e+00
0.000000e+00
0.000000e+00
0.000000e+00
0.000000e+00
0.000000e+00
0.000000e+00
0.000000e+00
0.000000e+00
0.000000e+00
0.000000e+00
0.000000e+00
0.000000e+00
0.000000e+00
0.000000e+00
0.000000e+00
0.000000e+00
0.000000e+00
0.000000e+00
0.000000e+00
0.000000e+00
0.000000e+00
0.000000e+00
0.000000e+00
0.000000e+00
0.000000e+00
0.000000e+00
0.000000e+00
0.000000e+00
0.000000e+00
0.000000e+00
0.000000e+00
0.000000e+00
0.000000e+00
0.000000e+00
0.000000e+00
0.000000e+00
0.000000e+00
0.000000e+00
0.000000e+00
0.000000e+00
0.000000e+00
0.000000e+00
0.000000e+00
0.000000e+00
0.000000e+00
0.000000e+00
0.000000e+00
0.000000e+00
0.000000e+00
0.000000e+00
0.000000e+00
0.000000e+00
0.000000e+00
0.000000e+00
0.000000e+00
0.000000e+00
0.000000e+00
0.000000e+00
0.000000e+00
0.000000e+00
0.000000e+00
0.000000e+00
0.000000e+00
0.000000e+00
0.000000e+00
0.000000e+00
0.000000e+00
0.000000e+00
0.000000e+00
0.000000e+00
0.000000e+00
0.000000e+00
0.000000e+00
0.000000e+00
0.000000e+00
0.000000e+00
0.000000e+00
0.000000e+00
0.000000e+00
0.000000e+00
0.000000e+00
0.000000e+00
0.000000e+00
0.000000e+00
0.000000e+00
0.000000e+00
0.000000e+00
0.000000e+00
0.000000e+00
0.000000e+00
0.000000e+00
0.000000e+00
0.000000e+00
0.000000e+00
0.000000e+00
0.000000e+00
0.000000e+00
0.000000e+00
0.000000e+00
0.000000e+00
0.000000e+00
0.000000e+00
0.000000e+00
0.000000e+00
0.000000e+00
0.000000e+00
0.000000e+00
0.000000e+00
0.000000e+00
0.000000e+00
0.000000e+00
0.000000e+00
0.000000e+00
0.000000e+00
0.000000e+00
0.000000e+00
0.000000e+00
0.000000e+00
0.000000e+00
0.000000e+00
0.000000e+00
0.000000e+00
0.000000e+00
0.000000e+00
0.000000e+00
0.000000e+00
0.000000e+00
0.000000e+00
0.000000e+00
0.000000e+00
0.000000e+00
0.000000e+00
0.000000e+00
0.000000e+00
0.000000e+00
0.000000e+00
0.000000e+00
0.000000e+00
0.000000e+00
0.000000e+00
0.000000e+00
0.000000e+00
0.000000e+00
0.000000e+00
0.000000e+00
0.000000e+00
0.000000e+00
0.000000e+00
0.000000e+00
0.000000e+00
0.000000e+00
0.000000e+00
0.000000e+00
0.000000e+00
0.000000e+00
0.000000e+00
0.000000e+00
0.000000e+00
0.000000e+00
0.000000e+00
0.000000e+00
0.000000e+00
0.000000e+00
0.000000e+00
0.000000e+00
0.000000e+00
0.000000e+00
0.000000e+00
0.000000e+00
0.000000e+00
0.000000e+00
0.000000e+00
0.000000e+00
0.000000e+00
0.000000e+00
0.000000e+00
0.000000e+00
0.000000e+00
0.000000e+00
0.000000e+00
0.000000e+00
0.000000e+00
0.000000e+00
0.000000e+00
0.000000e+00
0.000000e+00
0.000000e+00
0.000000e+00
0.000000e+00
0.000000e+00
0.000000e+00
0.000000e+00
0.000000e+00
0.000000e+00
0.000000e+00
0.000000e+00
0.000000e+00
0.000000e+00
0.000000e+00
0.000000e+00
0.000000e+00
0.000000e+00
0.000000e+00
0.000000e+00
0.000000e+00
0.000000e+00
0.000000e+00
0.000000e+00
0.000000e+00
0.000000e+00
0.000000e+00
0.000000e+00
0.000000e+00
0.000000e+00
0.000000e+00
0.000000e+00
0.000000e+00
0.000000e+00
0.000000e+00
0.000000e+00
0.000000e+00
0.000000e+00
0.000000e+00
0.000000e+00
0.000000e+00
0.000000e+00
0.000000e+00
0.000000e+00
0.000000e+00
0.000000e+00
0.000000e+00
0.000000e+00
0.000000e+00
0.000000e+00
0.000000e+00
0.000000e+00
0.000000e+00
0.000000e+00
0.000000e+00
0.000000e+00
0.000000e+00
0.000000e+00
0.000000e+00
0.000000e+00
0.000000e+00
0.000000e+00
0.000000e+00
0.000000e+00
0.000000e+00
0.000000e+00
0.000000e+00
0.000000e+00
0.000000e+00
0.000000e+00
0.000000e+00
0.000000e+00
0.000000e+00
0.000000e+00
0.000000e+00
0.000000e+00
0.000000e+00
0.000000e+00
0.000000e+00
0.000000e+00
0.000000e+00
0.000000e+00
0.000000e+00
0.000000e+00
0.000000e+00
0.000000e+00
0.000000e+00
0.000000e+00
0.000000e+00
0.000000e+00
0.000000e+00
0.000000e+00
0.000000e+00
0.000000e+00
0.000000e+00
0.000000e+00
0.000000e+00
0.000000e+00
0.000000e+00
0.000000e+00
0.000000e+00
0.000000e+00
0.000000e+00
0.000000e+00
0.000000e+00
0.000000e+00
0.000000e+00
0.000000e+00
0.000000e+00
0.000000e+00
0.000000e+00
0.000000e+00
0.000000e+00
0.000000e+00
0.000000e+00
0.000000e+00
0.000000e+00
0.000000e+00
0.000000e+00
0.000000e+00
0.000000e+00
0.000000e+00
0.000000e+00
0.000000e+00
0.000000e+00
0.000000e+00
0.000000e+00
0.000000e+00
0.000000e+00
0.000000e+00
0.000000e+00
0.000000e+00
0.000000e+00
0.000000e+00
0.000000e+00
0.000000e+00
0.000000e+00
0.000000e+00
0.000000e+00
0.000000e+00
0.000000e+00
0.000000e+00
0.000000e+00
0.000000e+00
0.000000e+00
0.000000e+00
0.000000e+00
0.000000e+00
0.000000e+00
0.000000e+00
0.000000e+00
0.000000e+00
0.000000e+00
0.000000e+00
0.000000e+00
0.000000e+00
0.000000e+00
0.000000e+00
0.000000e+00
0.000000e+00
0.000000e+00
0.000000e+00
0.000000e+00
0.000000e+00
0.000000e+00
0.000000e+00
0.000000e+00
0.000000e+00
0.000000e+00
0.000000e+00
0.000000e+00
0.000000e+00
0.000000e+00
0.000000e+00
0.000000e+00
0.000000e+00
0.000000e+00
0.000000e+00
0.000000e+00
0.000000e+00
0.000000e+00
0.000000e+00
0.000000e+00
0.000000e+00
0.000000e+00
0.000000e+00
0.000000e+00
0.000000e+00
0.000000e+00
0.000000e+00
0.000000e+00
0.000000e+00
0.000000e+00
0.000000e+00
0.000000e+00
0.000000e+00
0.000000e+00
0.000000e+00
0.000000e+00
0.000000e+00
0.000000e+00
0.000000e+00
0.000000e+00
0.000000e+00
0.000000e+00
0.000000e+00
0.000000e+00
0.000000e+00
0.000000e+00
0.000000e+00
0.000000e+00
0.000000e+00
0.000000e+00
0.000000e+00
0.000000e+00
0.000000e+00
0.000000e+00
0.000000e+00
0.000000e+00
0.000000e+00
0.000000e+00
0.000000e+00
0.000000e+00
0.000000e+00
0.000000e+00
0.000000e+00
0.000000e+00
0.000000e+00
0.000000e+00
0.000000e+00
0.000000e+00
0.000000e+00
0.000000e+00
0.000000e+00
0.000000e+00
0.000000e+00
0.000000e+00
0.000000e+00
0.000000e+00
0.000000e+00
0.000000e+00
0.000000e+00
0.000000e+00
0.000000e+00
0.000000e+00
0.000000e+00
0.000000e+00
0.000000e+00
0.000000e+00
0.000000e+00
0.000000e+00
0.000000e+00
0.000000e+00
0.000000e+00
0.000000e+00
0.000000e+00
0.000000e+00
0.000000e+00
0.000000e+00
0.000000e+00
0.000000e+00
0.000000e+00
0.000000e+00
0.000000e+00
0.000000e+00
0.000000e+00
0.000000e+00
0.000000e+00
0.000000e+00
0.000000e+00
0.000000e+00
0.000000e+00
0.000000e+00
0.000000e+00
0.000000e+00
0.000000e+00
0.000000e+00
0.000000e+00
0.000000e+00
0.000000e+00
0.000000e+00
0.000000e+00
0.000000e+00
0.000000e+00
0.000000e+00
0.000000e+00
0.000000e+00
0.000000e+00
0.000000e+00
0.000000e+00
0.000000e+00
0.000000e+00
0.000000e+00
0.000000e+00
0.000000e+00
0.000000e+00
0.000000e+00
0.000000e+00
0.000000e+00
0.000000e+00
0.000000e+00
0.000000e+00
0.000000e+00
0.000000e+00
0.000000e+00
0.000000e+00
0.000000e+00
0.000000e+00
0.000000e+00
0.000000e+00
0.000000e+00
0.000000e+00
0.000000e+00
0.000000e+00
0.000000e+00
0.000000e+00
0.000000e+00
0.000000e+00
0.000000e+00
0.000000e+00
0.000000e+00
0.000000e+00
0.000000e+00
0.000000e+00
0.000000e+00
0.000000e+00
0.000000e+00
0.000000e+00
0.000000e+00
0.000000e+00
0.000000e+00
0.000000e+00
0.000000e+00
0.000000e+00
0.000000e+00
0.000000e+00
0.000000e+00
0.000000e+00
0.000000e+00
0.000000e+00
0.000000e+00
0.000000e+00
0.000000e+00
0.000000e+00
0.000000e+00
0.000000e+00
0.000000e+00
0.000000e+00
0.000000e+00
0.000000e+00
0.000000e+00
0.000000e+00
0.000000e+00
0.000000e+00
0.000000e+00
0.000000e+00
0.000000e+00
0.000000e+00
0.000000e+00
0.000000e+00
0.000000e+00
0.000000e+00
0.000000e+00
0.000000e+00
0.000000e+00
0.000000e+00
0.000000e+00
0.000000e+00
0.000000e+00
0.000000e+00
0.000000e+00
0.000000e+00
0.000000e+00
0.000000e+00
0.000000e+00
0.000000e+00
0.000000e+00
0.000000e+00
0.000000e+00
0.000000e+00
0.000000e+00
0.000000e+00
0.000000e+00
0.000000e+00
0.000000e+00
0.000000e+00
0.000000e+00
0.000000e+00
0.000000e+00
0.000000e+00
0.000000e+00
0.000000e+00
0.000000e+00
0.000000e+00
0.000000e+00
0.000000e+00
0.000000e+00
0.000000e+00
0.000000e+00
0.000000e+00
0.000000e+00
0.000000e+00
0.000000e+00
0.000000e+00
0.000000e+00
0.000000e+00
0.000000e+00
0.000000e+00
0.000000e+00
0.000000e+00
0.000000e+00
0.000000e+00
0.000000e+00
0.000000e+00
0.000000e+00
0.000000e+00
0.000000e+00
0.000000e+00
0.000000e+00
0.000000e+00
0.000000e+00
0.000000e+00
0.000000e+00
0.000000e+00
0.000000e+00
0.000000e+00
0.000000e+00
0.000000e+00
0.000000e+00
0.000000e+00
0.000000e+00
0.000000e+00
0.000000e+00
0.000000e+00
0.000000e+00
0.000000e+00
0.000000e+00
0.000000e+00
0.000000e+00
0.000000e+00
0.000000e+00
0.000000e+00
0.000000e+00
0.000000e+00
0.000000e+00
0.000000e+00
0.000000e+00
0.000000e+00
0.000000e+00
0.000000e+00
0.000000e+00
0.000000e+00
0.000000e+00
0.000000e+00
0.000000e+00
0.000000e+00
0.000000e+00
0.000000e+00
0.000000e+00
0.000000e+00
0.000000e+00
0.000000e+00
0.000000e+00
0.000000e+00
0.000000e+00
0.000000e+00
0.000000e+00
0.000000e+00
0.000000e+00
0.000000e+00
0.000000e+00
0.000000e+00
0.000000e+00
0.000000e+00
0.000000e+00
0.000000e+00
0.000000e+00
0.000000e+00
0.000000e+00
0.000000e+00
0.000000e+00
0.000000e+00
0.000000e+00
0.000000e+00
0.000000e+00
0.000000e+00
0.000000e+00
0.000000e+00
0.000000e+00
0.000000e+00
0.000000e+00
0.000000e+00
0.000000e+00
0.000000e+00
0.000000e+00
0.000000e+00
0.000000e+00
0.000000e+00
0.000000e+00
0.000000e+00
0.000000e+00
0.000000e+00
0.000000e+00
0.000000e+00
0.000000e+00
0.000000e+00
0.000000e+00
0.000000e+00
0.000000e+00
0.000000e+00
0.000000e+00
0.000000e+00
0.000000e+00
0.000000e+00
0.000000e+00
0.000000e+00
0.000000e+00
0.000000e+00
0.000000e+00
0.000000e+00
0.000000e+00
0.000000e+00
0.000000e+00
0.000000e+00
0.000000e+00
0.000000e+00
0.000000e+00
0.000000e+00
0.000000e+00
0.000000e+00
0.000000e+00
0.000000e+00
0.000000e+00
0.000000e+00
0.000000e+00
0.000000e+00
0.000000e+00
0.000000e+00
0.000000e+00
0.000000e+00
0.000000e+00
0.000000e+00
0.000000e+00
0.000000e+00
0.000000e+00
0.000000e+00
0.000000e+00
0.000000e+00
0.000000e+00
0.000000e+00
0.000000e+00
0.000000e+00
0.000000e+00
0.000000e+00
0.000000e+00
0.000000e+00
0.000000e+00
0.000000e+00
0.000000e+00
0.000000e+00
0.000000e+00
0.000000e+00
0.000000e+00
0.000000e+00
0.000000e+00
0.000000e+00
0.000000e+00
0.000000e+00
0.000000e+00
0.000000e+00
0.000000e+00
0.000000e+00
0.000000e+00
0.000000e+00
0.000000e+00
0.000000e+00
0.000000e+00
0.000000e+00
0.000000e+00
0.000000e+00
0.000000e+00
0.000000e+00
0.000000e+00
0.000000e+00
0.000000e+00
0.000000e+00
0.000000e+00
0.000000e+00
0.000000e+00
0.000000e+00
0.000000e+00
0.000000e+00
0.000000e+00
0.000000e+00
0.000000e+00
0.000000e+00
0.000000e+00
0.000000e+00
0.000000e+00
0.000000e+00
0.000000e+00
0.000000e+00
0.000000e+00
0.000000e+00
0.000000e+00
0.000000e+00
0.000000e+00
0.000000e+00
0.000000e+00
0.000000e+00
0.000000e+00
0.000000e+00
0.000000e+00
0.000000e+00
0.000000e+00
0.000000e+00
0.000000e+00
0.000000e+00
0.000000e+00
0.000000e+00
0.000000e+00
0.000000e+00
0.000000e+00
0.000000e+00
0.000000e+00
0.000000e+00
0.000000e+00
0.000000e+00
0.000000e+00
0.000000e+00
0.000000e+00
0.000000e+00
0.000000e+00
0.000000e+00
0.000000e+00
0.000000e+00
0.000000e+00
0.000000e+00
0.000000e+00
0.000000e+00
0.000000e+00
0.000000e+00
0.000000e+00
0.000000e+00
0.000000e+00
0.000000e+00
0.000000e+00
0.000000e+00
0.000000e+00
0.000000e+00
0.000000e+00
0.000000e+00
0.000000e+00
0.000000e+00
0.000000e+00
0.000000e+00
0.000000e+00
0.000000e+00
0.000000e+00
0.000000e+00
0.000000e+00
0.000000e+00
0.000000e+00
0.000000e+00
0.000000e+00
0.000000e+00
0.000000e+00
0.000000e+00
0.000000e+00
0.000000e+00
0.000000e+00
0.000000e+00
0.000000e+00
0.000000e+00
0.000000e+00
0.000000e+00
0.000000e+00
0.000000e+00
0.000000e+00
0.000000e+00
0.000000e+00
0.000000e+00
0.000000e+00
0.000000e+00
0.000000e+00
0.000000e+00
0.000000e+00
0.000000e+00
0.000000e+00
0.000000e+00
0.000000e+00
0.000000e+00
0.000000e+00
0.000000e+00
0.000000e+00
0.000000e+00
0.000000e+00
0.000000e+00
0.000000e+00
0.000000e+00
0.000000e+00
0.000000e+00
0.000000e+00
0.000000e+00
0.000000e+00
0.000000e+00
0.000000e+00
0.000000e+00
0.000000e+00
0.000000e+00
0.000000e+00
0.000000e+00
0.000000e+00
0.000000e+00
0.000000e+00
0.000000e+00
0.000000e+00
0.000000e+00
0.000000e+00
0.000000e+00
0.000000e+00
0.000000e+00
0.000000e+00
0.000000e+00
0.000000e+00
0.000000e+00
0.000000e+00
0.000000e+00
0.000000e+00
0.000000e+00
0.000000e+00
0.000000e+00
0.000000e+00
0.000000e+00
0.000000e+00
0.000000e+00
0.000000e+00
0.000000e+00
0.000000e+00
0.000000e+00
0.000000e+00
0.000000e+00
0.000000e+00
0.000000e+00
0.000000e+00
0.000000e+00
0.000000e+00
0.000000e+00
0.000000e+00
0.000000e+00
0.000000e+00
0.000000e+00
0.000000e+00
0.000000e+00
0.000000e+00
0.000000e+00
0.000000e+00
0.000000e+00
0.000000e+00
0.000000e+00
0.000000e+00
0.000000e+00
0.000000e+00
0.000000e+00
0.000000e+00
0.000000e+00
0.000000e+00
0.000000e+00
0.000000e+00
0.000000e+00
0.000000e+00
0.000000e+00
0.000000e+00
0.000000e+00
0.000000e+00
0.000000e+00
0.000000e+00
0.000000e+00
0.000000e+00
0.000000e+00
0.000000e+00
0.000000e+00
0.000000e+00
0.000000e+00
0.000000e+00
0.000000e+00
0.000000e+00
0.000000e+00
0.000000e+00
0.000000e+00
0.000000e+00
0.000000e+00
0.000000e+00
0.000000e+00
0.000000e+00
0.000000e+00
0.000000e+00
0.000000e+00
0.000000e+00
0.000000e+00
0.000000e+00
0.000000e+00
0.000000e+00
0.000000e+00
0.000000e+00
0.000000e+00
0.000000e+00
0.000000e+00
0.000000e+00
0.000000e+00
0.000000e+00
0.000000e+00
0.000000e+00
0.000000e+00
0.000000e+00
0.000000e+00
0.000000e+00
0.000000e+00
0.000000e+00
0.000000e+00
0.000000e+00
0.000000e+00
0.000000e+00
0.000000e+00
0.000000e+00
0.000000e+00
0.000000e+00
0.000000e+00
0.000000e+00
0.000000e+00
0.000000e+00
0.000000e+00
0.000000e+00
0.000000e+00
0.000000e+00
0.000000e+00
0.000000e+00
0.000000e+00
0.000000e+00
0.000000e+00
0.000000e+00
0.000000e+00
0.000000e+00
0.000000e+00
0.000000e+00
0.000000e+00
0.000000e+00
0.000000e+00
0.000000e+00
0.000000e+00
0.000000e+00
0.000000e+00
0.000000e+00
0.000000e+00
0.000000e+00
0.000000e+00
0.000000e+00
0.000000e+00
0.000000e+00
0.000000e+00
0.000000e+00
0.000000e+00
0.000000e+00
0.000000e+00
0.000000e+00
0.000000e+00
0.000000e+00
0.000000e+00
0.000000e+00
0.000000e+00
0.000000e+00
0.000000e+00
0.000000e+00
0.000000e+00
0.000000e+00
0.000000e+00
0.000000e+00
0.000000e+00
0.000000e+00
0.000000e+00
0.000000e+00
0.000000e+00
0.000000e+00
0.000000e+00
0.000000e+00
0.000000e+00
0.000000e+00
0.000000e+00
0.000000e+00
0.000000e+00
0.000000e+00
0.000000e+00
0.000000e+00
0.000000e+00
0.000000e+00
0.000000e+00
0.000000e+00
0.000000e+00
0.000000e+00
0.000000e+00
0.000000e+00
0.000000e+00
0.000000e+00
0.000000e+00
0.000000e+00
0.000000e+00
0.000000e+00
0.000000e+00
0.000000e+00
0.000000e+00
0.000000e+00
0.000000e+00
0.000000e+00
0.000000e+00
0.000000e+00
0.000000e+00
0.000000e+00
0.000000e+00
0.000000e+00
0.000000e+00
0.000000e+00
0.000000e+00
0.000000e+00
0.000000e+00
0.000000e+00
0.000000e+00
0.000000e+00
0.000000e+00
0.000000e+00
0.000000e+00
0.000000e+00
0.000000e+00
0.000000e+00
0.000000e+00
0.000000e+00
0.000000e+00
0.000000e+00
0.000000e+00
0.000000e+00
0.000000e+00
0.000000e+00
0.000000e+00
0.000000e+00
0.000000e+00
0.000000e+00
0.000000e+00
0.000000e+00
0.000000e+00
0.000000e+00
0.000000e+00
0.000000e+00
0.000000e+00
0.000000e+00
0.000000e+00
0.000000e+00
0.000000e+00
0.000000e+00
0.000000e+00
0.000000e+00
0.000000e+00
0.000000e+00
0.000000e+00
0.000000e+00
0.000000e+00
0.000000e+00
0.000000e+00
0.000000e+00
0.000000e+00
0.000000e+00
0.000000e+00
0.000000e+00
0.000000e+00
0.000000e+00
0.000000e+00
0.000000e+00
0.000000e+00
0.000000e+00
0.000000e+00
0.000000e+00
0.000000e+00
0.000000e+00
0.000000e+00
0.000000e+00
0.000000e+00
0.000000e+00
0.000000e+00
0.000000e+00
0.000000e+00
0.000000e+00
0.000000e+00
0.000000e+00
0.000000e+00
0.000000e+00
0.000000e+00
0.000000e+00
0.000000e+00
0.000000e+00
0.000000e+00
0.000000e+00
0.000000e+00
0.000000e+00
0.000000e+00
0.000000e+00
0.000000e+00
0.000000e+00
0.000000e+00
0.000000e+00
0.000000e+00
0.000000e+00
0.000000e+00
0.000000e+00
0.000000e+00
0.000000e+00
0.000000e+00
0.000000e+00
0.000000e+00
0.000000e+00
0.000000e+00
0.000000e+00
0.000000e+00
0.000000e+00
0.000000e+00
0.000000e+00
0.000000e+00
0.000000e+00
0.000000e+00
0.000000e+00
0.000000e+00
0.000000e+00
0.000000e+00
0.000000e+00
0.000000e+00
0.000000e+00
0.000000e+00
0.000000e+00
0.000000e+00
0.000000e+00
0.000000e+00
0.000000e+00
0.000000e+00
0.000000e+00
0.000000e+00
0.000000e+00
0.000000e+00
0.000000e+00
0.000000e+00
0.000000e+00
0.000000e+00
0.000000e+00
0.000000e+00
0.000000e+00
0.000000e+00
0.000000e+00
0.000000e+00
0.000000e+00
0.000000e+00
0.000000e+00
0.000000e+00
0.000000e+00
0.000000e+00
0.000000e+00
0.000000e+00
0.000000e+00
0.000000e+00
0.000000e+00
0.000000e+00
0.000000e+00
0.000000e+00
0.000000e+00
0.000000e+00
0.000000e+00
0.000000e+00
0.000000e+00
0.000000e+00
0.000000e+00
0.000000e+00
0.000000e+00
0.000000e+00
0.000000e+00
0.000000e+00
0.000000e+00
0.000000e+00
0.000000e+00
0.000000e+00
0.000000e+00
0.000000e+00
0.000000e+00
0.000000e+00
0.000000e+00
0.000000e+00
0.000000e+00
0.000000e+00
0.000000e+00
0.000000e+00
0.000000e+00
0.000000e+00
0.000000e+00
0.000000e+00
0.000000e+00
0.000000e+00
0.000000e+00
0.000000e+00
0.000000e+00
0.000000e+00
0.000000e+00
0.000000e+00
0.000000e+00
0.000000e+00
0.000000e+00
0.000000e+00
0.000000e+00
0.000000e+00
0.000000e+00
0.000000e+00
0.000000e+00
0.000000e+00
0.000000e+00
0.000000e+00
0.000000e+00
0.000000e+00
0.000000e+00
0.000000e+00
0.000000e+00
0.000000e+00
0.000000e+00
0.000000e+00
0.000000e+00
0.000000e+00
0.000000e+00
0.000000e+00
0.000000e+00
0.000000e+00
0.000000e+00
0.000000e+00
0.000000e+00
0.000000e+00
0.000000e+00
0.000000e+00
0.000000e+00
0.000000e+00
0.000000e+00
0.000000e+00
0.000000e+00
0.000000e+00
0.000000e+00
0.000000e+00
0.000000e+00
0.000000e+00
0.000000e+00
0.000000e+00
0.000000e+00
0.000000e+00
0.000000e+00
0.000000e+00
0.000000e+00
0.000000e+00
0.000000e+00
0.000000e+00
0.000000e+00
0.000000e+00
0.000000e+00
0.000000e+00
0.000000e+00
0.000000e+00
0.000000e+00
0.000000e+00
0.000000e+00
0.000000e+00
0.000000e+00
0.000000e+00
0.000000e+00
0.000000e+00
0.000000e+00
0.000000e+00
0.000000e+00
0.000000e+00
0.000000e+00
0.000000e+00
0.000000e+00
0.000000e+00
0.000000e+00
0.000000e+00
0.000000e+00
0.000000e+00
0.000000e+00
0.000000e+00
0.000000e+00
0.000000e+00
0.000000e+00
0.000000e+00
0.000000e+00
0.000000e+00
0.000000e+00
0.000000e+00
0.000000e+00
0.000000e+00
0.000000e+00
0.000000e+00
0.000000e+00
0.000000e+00
0.000000e+00
0.000000e+00
0.000000e+00
0.000000e+00
0.000000e+00
0.000000e+00
0.000000e+00
0.000000e+00
0.000000e+00
0.000000e+00
0.000000e+00
0.000000e+00
0.000000e+00
0.000000e+00
0.000000e+00
0.000000e+00
0.000000e+00
0.000000e+00
0.000000e+00
0.000000e+00
0.000000e+00
0.000000e+00
0.000000e+00
0.000000e+00
0.000000e+00
0.000000e+00
0.000000e+00
0.000000e+00
0.000000e+00
0.000000e+00
0.000000e+00
0.000000e+00
0.000000e+00
0.000000e+00
0.000000e+00
0.000000e+00
0.000000e+00
0.000000e+00
0.000000e+00
0.000000e+00
0.000000e+00
0.000000e+00
0.000000e+00
0.000000e+00
0.000000e+00
0.000000e+00
0.000000e+00
0.000000e+00
0.000000e+00
0.000000e+00
0.000000e+00
0.000000e+00
0.000000e+00
0.000000e+00
0.000000e+00
0.000000e+00
0.000000e+00
0.000000e+00
0.000000e+00
0.000000e+00
0.000000e+00
0.000000e+00
0.000000e+00
0.000000e+00
0.000000e+00
0.000000e+00
0.000000e+00
0.000000e+00
0.000000e+00
0.000000e+00
0.000000e+00
0.000000e+00
0.000000e+00
0.000000e+00
0.000000e+00
0.000000e+00
0.000000e+00
0.000000e+00
0.000000e+00
0.000000e+00
0.000000e+00
0.000000e+00
0.000000e+00
0.000000e+00
0.000000e+00
0.000000e+00
0.000000e+00
0.000000e+00
0.000000e+00
0.000000e+00
0.000000e+00
0.000000e+00
0.000000e+00
0.000000e+00
0.000000e+00
0.000000e+00
0.000000e+00
0.000000e+00
0.000000e+00
0.000000e+00
0.000000e+00
0.000000e+00
0.000000e+00
0.000000e+00
0.000000e+00
0.000000e+00
0.000000e+00
0.000000e+00
0.000000e+00
0.000000e+00
0.000000e+00
0.000000e+00
0.000000e+00
0.000000e+00
0.000000e+00
0.000000e+00
0.000000e+00
0.000000e+00
0.000000e+00
0.000000e+00
0.000000e+00
0.000000e+00
0.000000e+00
0.000000e+00
0.000000e+00
0.000000e+00
0.000000e+00
0.000000e+00
0.000000e+00
0.000000e+00
0.000000e+00
0.000000e+00
0.000000e+00
0.000000e+00
0.000000e+00
0.000000e+00
0.000000e+00
0.000000e+00
0.000000e+00
0.000000e+00
0.000000e+00
0.000000e+00
0.000000e+00
0.000000e+00
0.000000e+00
0.000000e+00
0.000000e+00
0.000000e+00
0.000000e+00
0.000000e+00
0.000000e+00
0.000000e+00
0.000000e+00
0.000000e+00
0.000000e+00
0.000000e+00
0.000000e+00
0.000000e+00
0.000000e+00
0.000000e+00
0.000000e+00
0.000000e+00
0.000000e+00
0.000000e+00
0.000000e+00
0.000000e+00
0.000000e+00
0.000000e+00
0.000000e+00
0.000000e+00
0.000000e+00
0.000000e+00
0.000000e+00
0.000000e+00
0.000000e+00
0.000000e+00
0.000000e+00
0.000000e+00
0.000000e+00
0.000000e+00
0.000000e+00
0.000000e+00
0.000000e+00
0.000000e+00
0.000000e+00
0.000000e+00
0.000000e+00
0.000000e+00
0.000000e+00
0.000000e+00
0.000000e+00
0.000000e+00
0.000000e+00
0.000000e+00
0.000000e+00
0.000000e+00
0.000000e+00
0.000000e+00
0.000000e+00
0.000000e+00
0.000000e+00
0.000000e+00
0.000000e+00
0.000000e+00
0.000000e+00
0.000000e+00
0.000000e+00
0.000000e+00
0.000000e+00
0.000000e+00
0.000000e+00
0.000000e+00
0.000000e+00
0.000000e+00
0.000000e+00
0.000000e+00
0.000000e+00
0.000000e+00
0.000000e+00
0.000000e+00
0.000000e+00
0.000000e+00
0.000000e+00
0.000000e+00
0.000000e+00
0.000000e+00
0.000000e+00
0.000000e+00
0.000000e+00
0.000000e+00
0.000000e+00
0.000000e+00
0.000000e+00
0.000000e+00
0.000000e+00
0.000000e+00
0.000000e+00
0.000000e+00
0.000000e+00
0.000000e+00
0.000000e+00
0.000000e+00
0.000000e+00
0.000000e+00
0.000000e+00
0.000000e+00
0.000000e+00
0.000000e+00
0.000000e+00
0.000000e+00
0.000000e+00
0.000000e+00
0.000000e+00
0.000000e+00
0.000000e+00
0.000000e+00
0.000000e+00
0.000000e+00
0.000000e+00
0.000000e+00
0.000000e+00
0.000000e+00
0.000000e+00
0.000000e+00
0.000000e+00
0.000000e+00
0.000000e+00
0.000000e+00
0.000000e+00
0.000000e+00
0.000000e+00
0.000000e+00
0.000000e+00
0.000000e+00
0.000000e+00
0.000000e+00
0.000000e+00
0.000000e+00
0.000000e+00
0.000000e+00
0.000000e+00
0.000000e+00
0.000000e+00
0.000000e+00
0.000000e+00
0.000000e+00
0.000000e+00
0.000000e+00
0.000000e+00
0.000000e+00
0.000000e+00
0.000000e+00
0.000000e+00
0.000000e+00
0.000000e+00
0.000000e+00
0.000000e+00
0.000000e+00
0.000000e+00
0.000000e+00
0.000000e+00
0.000000e+00
0.000000e+00
0.000000e+00
0.000000e+00
0.000000e+00
0.000000e+00
0.000000e+00
0.000000e+00
0.000000e+00
0.000000e+00
0.000000e+00
0.000000e+00
0.000000e+00
0.000000e+00
0.000000e+00
0.000000e+00
0.000000e+00
0.000000e+00
0.000000e+00
0.000000e+00
0.000000e+00
0.000000e+00
0.000000e+00
0.000000e+00
0.000000e+00
0.000000e+00
0.000000e+00
0.000000e+00
0.000000e+00
0.000000e+00
0.000000e+00
0.000000e+00
0.000000e+00
0.000000e+00
0.000000e+00
0.000000e+00
0.000000e+00
0.000000e+00
0.000000e+00
0.000000e+00
0.000000e+00
0.000000e+00
0.000000e+00
0.000000e+00
0.000000e+00
0.000000e+00
0.000000e+00
0.000000e+00
0.000000e+00
0.000000e+00
0.000000e+00
0.000000e+00
0.000000e+00
0.000000e+00
0.000000e+00
0.000000e+00
0.000000e+00
0.000000e+00
0.000000e+00
0.000000e+00
0.000000e+00
0.000000e+00
0.000000e+00
0.000000e+00
0.000000e+00
0.000000e+00
0.000000e+00
0.000000e+00
0.000000e+00
0.000000e+00
0.000000e+00
0.000000e+00
0.000000e+00
0.000000e+00
0.000000e+00
0.000000e+00
0.000000e+00
0.000000e+00
0.000000e+00
0.000000e+00
0.000000e+00
0.000000e+00
0.000000e+00
0.000000e+00
0.000000e+00
0.000000e+00
0.000000e+00
0.000000e+00
0.000000e+00
0.000000e+00
0.000000e+00
0.000000e+00
0.000000e+00
0.000000e+00
0.000000e+00
0.000000e+00
0.000000e+00
0.000000e+00
0.000000e+00
0.000000e+00
0.000000e+00
0.000000e+00
0.000000e+00
0.000000e+00
0.000000e+00
0.000000e+00
0.000000e+00
0.000000e+00
0.000000e+00
0.000000e+00
0.000000e+00
0.000000e+00
0.000000e+00
0.000000e+00
0.000000e+00
0.000000e+00
0.000000e+00
0.000000e+00
0.000000e+00
0.000000e+00
0.000000e+00
0.000000e+00
0.000000e+00
0.000000e+00
0.000000e+00
0.000000e+00
0.000000e+00
0.000000e+00
0.000000e+00
0.000000e+00
0.000000e+00
0.000000e+00
0.000000e+00
0.000000e+00
0.000000e+00
0.000000e+00
0.000000e+00
0.000000e+00
0.000000e+00
0.000000e+00
0.000000e+00
0.000000e+00
0.000000e+00
0.000000e+00
0.000000e+00
0.000000e+00
0.000000e+00
0.000000e+00
0.000000e+00
0.000000e+00
0.000000e+00
0.000000e+00
0.000000e+00
0.000000e+00
0.000000e+00
0.000000e+00
0.000000e+00
0.000000e+00
0.000000e+00
0.000000e+00
0.000000e+00
0.000000e+00
0.000000e+00
0.000000e+00
0.000000e+00
0.000000e+00
0.000000e+00
0.000000e+00
0.000000e+00
0.000000e+00
0.000000e+00
0.000000e+00
0.000000e+00
0.000000e+00
0.000000e+00
0.000000e+00
0.000000e+00
0.000000e+00
0.000000e+00
0.000000e+00
0.000000e+00
0.000000e+00
0.000000e+00
0.000000e+00
0.000000e+00
0.000000e+00
0.000000e+00
0.000000e+00
0.000000e+00
0.000000e+00
0.000000e+00
0.000000e+00
0.000000e+00
0.000000e+00
0.000000e+00
0.000000e+00
0.000000e+00
0.000000e+00
0.000000e+00
0.000000e+00
0.000000e+00
0.000000e+00
0.000000e+00
0.000000e+00
0.000000e+00
0.000000e+00
0.000000e+00
0.000000e+00
0.000000e+00
0.000000e+00
0.000000e+00
0.000000e+00
0.000000e+00
0.000000e+00
0.000000e+00
0.000000e+00
0.000000e+00
0.000000e+00
0.000000e+00
0.000000e+00
0.000000e+00
0.000000e+00
0.000000e+00
0.000000e+00
0.000000e+00
0.000000e+00
0.000000e+00
0.000000e+00
0.000000e+00
0.000000e+00
0.000000e+00
0.000000e+00
0.000000e+00
0.000000e+00
0.000000e+00
0.000000e+00
0.000000e+00
0.000000e+00
0.000000e+00
0.000000e+00
0.000000e+00
0.000000e+00
0.000000e+00
0.000000e+00
0.000000e+00
0.000000e+00
0.000000e+00
0.000000e+00
0.000000e+00
0.000000e+00
0.000000e+00
0.000000e+00
0.000000e+00
0.000000e+00
0.000000e+00
0.000000e+00
0.000000e+00
0.000000e+00
0.000000e+00
0.000000e+00
0.000000e+00
0.000000e+00
0.000000e+00
0.000000e+00
0.000000e+00
0.000000e+00
0.000000e+00
0.000000e+00
0.000000e+00
0.000000e+00
0.000000e+00
0.000000e+00
0.000000e+00
0.000000e+00
0.000000e+00
0.000000e+00
0.000000e+00
0.000000e+00
0.000000e+00
0.000000e+00
0.000000e+00
0.000000e+00
0.000000e+00
0.000000e+00
0.000000e+00
0.000000e+00
0.000000e+00
0.000000e+00
0.000000e+00
0.000000e+00
0.000000e+00
0.000000e+00
0.000000e+00
0.000000e+00
0.000000e+00
0.000000e+00
0.000000e+00
0.000000e+00
0.000000e+00
0.000000e+00
0.000000e+00
0.000000e+00
0.000000e+00
0.000000e+00
0.000000e+00
0.000000e+00
0.000000e+00
0.000000e+00
0.000000e+00
0.000000e+00
0.000000e+00
0.000000e+00
0.000000e+00
0.000000e+00
0.000000e+00
0.000000e+00
0.000000e+00
0.000000e+00
0.000000e+00
0.000000e+00
0.000000e+00
0.000000e+00
0.000000e+00
0.000000e+00
0.000000e+00
0.000000e+00
0.000000e+00
0.000000e+00
0.000000e+00
0.000000e+00
0.000000e+00
0.000000e+00
0.000000e+00
0.000000e+00
0.000000e+00
0.000000e+00
0.000000e+00
0.000000e+00
0.000000e+00
0.000000e+00
0.000000e+00
0.000000e+00
0.000000e+00
0.000000e+00
0.000000e+00
0.000000e+00
0.000000e+00
0.000000e+00
0.000000e+00
0.000000e+00
0.000000e+00
0.000000e+00
0.000000e+00
0.000000e+00
0.000000e+00
0.000000e+00
0.000000e+00
0.000000e+00
0.000000e+00
0.000000e+00
0.000000e+00
0.000000e+00
0.000000e+00
0.000000e+00
0.000000e+00
0.000000e+00
0.000000e+00
0.000000e+00
0.000000e+00
0.000000e+00
0.000000e+00
0.000000e+00
0.000000e+00
0.000000e+00
0.000000e+00
0.000000e+00
0.000000e+00
0.000000e+00
0.000000e+00
0.000000e+00
0.000000e+00
0.000000e+00
0.000000e+00
0.000000e+00
0.000000e+00
0.000000e+00
0.000000e+00
0.000000e+00
0.000000e+00
0.000000e+00
0.000000e+00
0.000000e+00
0.000000e+00
0.000000e+00
0.000000e+00
0.000000e+00
0.000000e+00
0.000000e+00
0.000000e+00
0.000000e+00
0.000000e+00
0.000000e+00
0.000000e+00
0.000000e+00
0.000000e+00
0.000000e+00
0.000000e+00
0.000000e+00
0.000000e+00
0.000000e+00
0.000000e+00
0.000000e+00
0.000000e+00
0.000000e+00
0.000000e+00
0.000000e+00
0.000000e+00
0.000000e+00
0.000000e+00
0.000000e+00
0.000000e+00
0.000000e+00
0.000000e+00
0.000000e+00
0.000000e+00
0.000000e+00
0.000000e+00
0.000000e+00
0.000000e+00
0.000000e+00
0.000000e+00
0.000000e+00
0.000000e+00
0.000000e+00
0.000000e+00
0.000000e+00
0.000000e+00
0.000000e+00
0.000000e+00
0.000000e+00
0.000000e+00
0.000000e+00
0.000000e+00
0.000000e+00
0.000000e+00
0.000000e+00
0.000000e+00
0.000000e+00
0.000000e+00
0.000000e+00
0.000000e+00
0.000000e+00
0.000000e+00
0.000000e+00
0.000000e+00
0.000000e+00
0.000000e+00
0.000000e+00
0.000000e+00
0.000000e+00
0.000000e+00
0.000000e+00
0.000000e+00
0.000000e+00
0.000000e+00
0.000000e+00
0.000000e+00
0.000000e+00
0.000000e+00
0.000000e+00
0.000000e+00
0.000000e+00
0.000000e+00
0.000000e+00
0.000000e+00
0.000000e+00
0.000000e+00
0.000000e+00
0.000000e+00
0.000000e+00
0.000000e+00
0.000000e+00
0.000000e+00
0.000000e+00
0.000000e+00
0.000000e+00
0.000000e+00
0.000000e+00
0.000000e+00
0.000000e+00
0.000000e+00
0.000000e+00
0.000000e+00
0.000000e+00
0.000000e+00
0.000000e+00
0.000000e+00
0.000000e+00
0.000000e+00
0.000000e+00
0.000000e+00
0.000000e+00
0.000000e+00
0.000000e+00
0.000000e+00
0.000000e+00
0.000000e+00
0.000000e+00
0.000000e+00
0.000000e+00
0.000000e+00
0.000000e+00
0.000000e+00
0.000000e+00
0.000000e+00
0.000000e+00
0.000000e+00
0.000000e+00
0.000000e+00
0.000000e+00
0.000000e+00
0.000000e+00
0.000000e+00
0.000000e+00
0.000000e+00
0.000000e+00
0.000000e+00
0.000000e+00
0.000000e+00
0.000000e+00
0.000000e+00
0.000000e+00
0.000000e+00
0.000000e+00
0.000000e+00
0.000000e+00
0.000000e+00
0.000000e+00
0.000000e+00
0.000000e+00
0.000000e+00
0.000000e+00
0.000000e+00
0.000000e+00
0.000000e+00
0.000000e+00
0.000000e+00
0.000000e+00
0.000000e+00
0.000000e+00
0.000000e+00
0.000000e+00
0.000000e+00
0.000000e+00
0.000000e+00
0.000000e+00
0.000000e+00
0.000000e+00
0.000000e+00
0.000000e+00
0.000000e+00
0.000000e+00
0.000000e+00
0.000000e+00
0.000000e+00
0.000000e+00
0.000000e+00
0.000000e+00
0.000000e+00
0.000000e+00
0.000000e+00
0.000000e+00
0.000000e+00
0.000000e+00
0.000000e+00
0.000000e+00
0.000000e+00
0.000000e+00
0.000000e+00
0.000000e+00
0.000000e+00
0.000000e+00
0.000000e+00
0.000000e+00
0.000000e+00
0.000000e+00
0.000000e+00
0.000000e+00
0.000000e+00
0.000000e+00
0.000000e+00
0.000000e+00
0.000000e+00
0.000000e+00
0.000000e+00
0.000000e+00
0.000000e+00
0.000000e+00
0.000000e+00
0.000000e+00
0.000000e+00
0.000000e+00
0.000000e+00
0.000000e+00
0.000000e+00
0.000000e+00
0.000000e+00
0.000000e+00
0.000000e+00
0.000000e+00
0.000000e+00
0.000000e+00
0.000000e+00
0.000000e+00
0.000000e+00
0.000000e+00
0.000000e+00
0.000000e+00
0.000000e+00
0.000000e+00
0.000000e+00
0.000000e+00
0.000000e+00
0.000000e+00
0.000000e+00
0.000000e+00
0.000000e+00
0.000000e+00
0.000000e+00
0.000000e+00
0.000000e+00
0.000000e+00
0.000000e+00
0.000000e+00
0.000000e+00
0.000000e+00
0.000000e+00
0.000000e+00
0.000000e+00
0.000000e+00
0.000000e+00
0.000000e+00
0.000000e+00
0.000000e+00
0.000000e+00
0.000000e+00
0.000000e+00
0.000000e+00
0.000000e+00
0.000000e+00
0.000000e+00
0.000000e+00
0.000000e+00
0.000000e+00
0.000000e+00
0.000000e+00
0.000000e+00
0.000000e+00
0.000000e+00
0.000000e+00
0.000000e+00
0.000000e+00
0.000000e+00
0.000000e+00
0.000000e+00
0.000000e+00
0.000000e+00
0.000000e+00
0.000000e+00
0.000000e+00
0.000000e+00
0.000000e+00
0.000000e+00
0.000000e+00
0.000000e+00
0.000000e+00
0.000000e+00
0.000000e+00
0.000000e+00
0.000000e+00
0.000000e+00
0.000000e+00
0.000000e+00
0.000000e+00
0.000000e+00
0.000000e+00
0.000000e+00
0.000000e+00
0.000000e+00
0.000000e+00
0.000000e+00
0.000000e+00
0.000000e+00
0.000000e+00
0.000000e+00
0.000000e+00
0.000000e+00
0.000000e+00
0.000000e+00
0.000000e+00
0.000000e+00
0.000000e+00
0.000000e+00
0.000000e+00
0.000000e+00
0.000000e+00
0.000000e+00
0.000000e+00
0.000000e+00
0.000000e+00
0.000000e+00
0.000000e+00
0.000000e+00
0.000000e+00
0.000000e+00
0.000000e+00
0.000000e+00
0.000000e+00
0.000000e+00
0.000000e+00
0.000000e+00
0.000000e+00
0.000000e+00
0.000000e+00
0.000000e+00
0.000000e+00
0.000000e+00
0.000000e+00
0.000000e+00
0.000000e+00
0.000000e+00
0.000000e+00
0.000000e+00
0.000000e+00
0.000000e+00
0.000000e+00
0.000000e+00
0.000000e+00
0.000000e+00
0.000000e+00
0.000000e+00
0.000000e+00
0.000000e+00
0.000000e+00
0.000000e+00
0.000000e+00
0.000000e+00
0.000000e+00
0.000000e+00
0.000000e+00
0.000000e+00
0.000000e+00
0.000000e+00
0.000000e+00
0.000000e+00
0.000000e+00
0.000000e+00
0.000000e+00
0.000000e+00
0.000000e+00
0.000000e+00
0.000000e+00
0.000000e+00
0.000000e+00
0.000000e+00
0.000000e+00
0.000000e+00
0.000000e+00
0.000000e+00
0.000000e+00
0.000000e+00
0.000000e+00
0.000000e+00
0.000000e+00
0.000000e+00
0.000000e+00
0.000000e+00
0.000000e+00
0.000000e+00
0.000000e+00
0.000000e+00
0.000000e+00
0.000000e+00
0.000000e+00
0.000000e+00
0.000000e+00
0.000000e+00
0.000000e+00
0.000000e+00
0.000000e+00
0.000000e+00
0.000000e+00
0.000000e+00
0.000000e+00
0.000000e+00
0.000000e+00
0.000000e+00
0.000000e+00
0.000000e+00
0.000000e+00
0.000000e+00
0.000000e+00
0.000000e+00
0.000000e+00
0.000000e+00
0.000000e+00
0.000000e+00
0.000000e+00
0.000000e+00
0.000000e+00
0.000000e+00
0.000000e+00
0.000000e+00
0.000000e+00
0.000000e+00
0.000000e+00
0.000000e+00
0.000000e+00
0.000000e+00
0.000000e+00
0.000000e+00
0.000000e+00
0.000000e+00
0.000000e+00
0.000000e+00
0.000000e+00
0.000000e+00
0.000000e+00
0.000000e+00
0.000000e+00
0.000000e+00
0.000000e+00
0.000000e+00
0.000000e+00
0.000000e+00
0.000000e+00
0.000000e+00
0.000000e+00
0.000000e+00
0.000000e+00
0.000000e+00
0.000000e+00
0.000000e+00
0.000000e+00
0.000000e+00
0.000000e+00
0.000000e+00
0.000000e+00
0.000000e+00
0.000000e+00
0.000000e+00
0.000000e+00
0.000000e+00
0.000000e+00
0.000000e+00
0.000000e+00
0.000000e+00
0.000000e+00
0.000000e+00
0.000000e+00
0.000000e+00
0.000000e+00
0.000000e+00
0.000000e+00
0.000000e+00
0.000000e+00
0.000000e+00
0.000000e+00
0.000000e+00
0.000000e+00
0.000000e+00
0.000000e+00
0.000000e+00
0.000000e+00
0.000000e+00
0.000000e+00
0.000000e+00
0.000000e+00
0.000000e+00
0.000000e+00
0.000000e+00
0.000000e+00
0.000000e+00
0.000000e+00
0.000000e+00
0.000000e+00
0.000000e+00
0.000000e+00
0.000000e+00
0.000000e+00
0.000000e+00
0.000000e+00
0.000000e+00
0.000000e+00
0.000000e+00
0.000000e+00
0.000000e+00
0.000000e+00
0.000000e+00
0.000000e+00
0.000000e+00
0.000000e+00
0.000000e+00
0.000000e+00
0.000000e+00
0.000000e+00
0.000000e+00
0.000000e+00
0.000000e+00
0.000000e+00
0.000000e+00
0.000000e+00
0.000000e+00
0.000000e+00
0.000000e+00
0.000000e+00
0.000000e+00
0.000000e+00
0.000000e+00
0.000000e+00
0.000000e+00
0.000000e+00
0.000000e+00
0.000000e+00
0.000000e+00
0.000000e+00
0.000000e+00
0.000000e+00
0.000000e+00
0.000000e+00
0.000000e+00
0.000000e+00
0.000000e+00
0.000000e+00
0.000000e+00
0.000000e+00
0.000000e+00
0.000000e+00
0.000000e+00
0.000000e+00
0.000000e+00
0.000000e+00
0.000000e+00
0.000000e+00
0.000000e+00
0.000000e+00
0.000000e+00
0.000000e+00
0.000000e+00
0.000000e+00
0.000000e+00
0.000000e+00
0.000000e+00
0.000000e+00
0.000000e+00
0.000000e+00
0.000000e+00
0.000000e+00
0.000000e+00
0.000000e+00
0.000000e+00
0.000000e+00
0.000000e+00
0.000000e+00
0.000000e+00
0.000000e+00
0.000000e+00
0.000000e+00
0.000000e+00
0.000000e+00
0.000000e+00
0.000000e+00
0.000000e+00
0.000000e+00
0.000000e+00
0.000000e+00
0.000000e+00
0.000000e+00
0.000000e+00
0.000000e+00
0.000000e+00
0.000000e+00
0.000000e+00
0.000000e+00
0.000000e+00
0.000000e+00
0.000000e+00
0.000000e+00
0.000000e+00
0.000000e+00
0.000000e+00
0.000000e+00
0.000000e+00
0.000000e+00
0.000000e+00
0.000000e+00
0.000000e+00
0.000000e+00
0.000000e+00
0.000000e+00
0.000000e+00
0.000000e+00
0.000000e+00
0.000000e+00
0.000000e+00
0.000000e+00
0.000000e+00
0.000000e+00
0.000000e+00
0.000000e+00
0.000000e+00
0.000000e+00
0.000000e+00
0.000000e+00
0.000000e+00
0.000000e+00
0.000000e+00
0.000000e+00
0.000000e+00
0.000000e+00
0.000000e+00
0.000000e+00
0.000000e+00
0.000000e+00
0.000000e+00
0.000000e+00
0.000000e+00
0.000000e+00
0.000000e+00
0.000000e+00
0.000000e+00
0.000000e+00
0.000000e+00
0.000000e+00
0.000000e+00
0.000000e+00
0.000000e+00
0.000000e+00
0.000000e+00
0.000000e+00
0.000000e+00
0.000000e+00
0.000000e+00
0.000000e+00
0.000000e+00
0.000000e+00
0.000000e+00
0.000000e+00
0.000000e+00
0.000000e+00
0.000000e+00
0.000000e+00
0.000000e+00
0.000000e+00
0.000000e+00
0.000000e+00
0.000000e+00
0.000000e+00
0.000000e+00
0.000000e+00
0.000000e+00
0.000000e+00
0.000000e+00
0.000000e+00
0.000000e+00
0.000000e+00
0.000000e+00
0.000000e+00
0.000000e+00
0.000000e+00
0.000000e+00
0.000000e+00
0.000000e+00
0.000000e+00
0.000000e+00
0.000000e+00
0.000000e+00
0.000000e+00
0.000000e+00
0.000000e+00
0.000000e+00
0.000000e+00
0.000000e+00
0.000000e+00
0.000000e+00
0.000000e+00
0.000000e+00
0.000000e+00
0.000000e+00
0.000000e+00
0.000000e+00
0.000000e+00
0.000000e+00
0.000000e+00
0.000000e+00
0.000000e+00
0.000000e+00
0.000000e+00
0.000000e+00
0.000000e+00
0.000000e+00
0.000000e+00
0.000000e+00
0.000000e+00
0.000000e+00
0.000000e+00
0.000000e+00
0.000000e+00
0.000000e+00
0.000000e+00
0.000000e+00
0.000000e+00
0.000000e+00
0.000000e+00
0.000000e+00
0.000000e+00
0.000000e+00
0.000000e+00
0.000000e+00
0.000000e+00
0.000000e+00
0.000000e+00
0.000000e+00
0.000000e+00
0.000000e+00
0.000000e+00
0.000000e+00
0.000000e+00
0.000000e+00
0.000000e+00
0.000000e+00
0.000000e+00
0.000000e+00
0.000000e+00
0.000000e+00
0.000000e+00
0.000000e+00
0.000000e+00
0.000000e+00
0.000000e+00
0.000000e+00
0.000000e+00
0.000000e+00
0.000000e+00
0.000000e+00
0.000000e+00
0.000000e+00
0.000000e+00
0.000000e+00
0.000000e+00
0.000000e+00
0.000000e+00
0.000000e+00
0.000000e+00
0.000000e+00
0.000000e+00
0.000000e+00
0.000000e+00
0.000000e+00
0.000000e+00
0.000000e+00
0.000000e+00
0.000000e+00
0.000000e+00
0.000000e+00
0.000000e+00
0.000000e+00
0.000000e+00
0.000000e+00
0.000000e+00
0.000000e+00
0.000000e+00
0.000000e+00
0.000000e+00
0.000000e+00
0.000000e+00
0.000000e+00
0.000000e+00
0.000000e+00
0.000000e+00
0.000000e+00
0.000000e+00
0.000000e+00
0.000000e+00
0.000000e+00
0.000000e+00
0.000000e+00
0.000000e+00
0.000000e+00
0.000000e+00
0.000000e+00
0.000000e+00
0.000000e+00
0.000000e+00
0.000000e+00
0.000000e+00
0.000000e+00
0.000000e+00
0.000000e+00
0.000000e+00
0.000000e+00
0.000000e+00
0.000000e+00
0.000000e+00
0.000000e+00
0.000000e+00
0.000000e+00
0.000000e+00
0.000000e+00
0.000000e+00
0.000000e+00
0.000000e+00
0.000000e+00
0.000000e+00
0.000000e+00
0.000000e+00
0.000000e+00
0.000000e+00
0.000000e+00
0.000000e+00
0.000000e+00
0.000000e+00
0.000000e+00
0.000000e+00
0.000000e+00
0.000000e+00
0.000000e+00
0.000000e+00
0.000000e+00
0.000000e+00
0.000000e+00
0.000000e+00
0.000000e+00
0.000000e+00
0.000000e+00
0.000000e+00
0.000000e+00
0.000000e+00
0.000000e+00
0.000000e+00
0.000000e+00
0.000000e+00
0.000000e+00
0.000000e+00
0.000000e+00
0.000000e+00
0.000000e+00
0.000000e+00
0.000000e+00
0.000000e+00
0.000000e+00
0.000000e+00
0.000000e+00
0.000000e+00
0.000000e+00
0.000000e+00
0.000000e+00
0.000000e+00
0.000000e+00
0.000000e+00
0.000000e+00
0.000000e+00
0.000000e+00
0.000000e+00
0.000000e+00
0.000000e+00
0.000000e+00
0.000000e+00
0.000000e+00
0.000000e+00
0.000000e+00
0.000000e+00
0.000000e+00
0.000000e+00
0.000000e+00
0.000000e+00
0.000000e+00
0.000000e+00
0.000000e+00
0.000000e+00
0.000000e+00
0.000000e+00
0.000000e+00
0.000000e+00
0.000000e+00
0.000000e+00
0.000000e+00
0.000000e+00
0.000000e+00
0.000000e+00
0.000000e+00
0.000000e+00
0.000000e+00
0.000000e+00
0.000000e+00
0.000000e+00
0.000000e+00
0.000000e+00
0.000000e+00
0.000000e+00
0.000000e+00
0.000000e+00
0.000000e+00
0.000000e+00
0.000000e+00
0.000000e+00
0.000000e+00
0.000000e+00
0.000000e+00
0.000000e+00
0.000000e+00
0.000000e+00
0.000000e+00
0.000000e+00
0.000000e+00
0.000000e+00
0.000000e+00
0.000000e+00
0.000000e+00
0.000000e+00
0.000000e+00
0.000000e+00
0.000000e+00
0.000000e+00
0.000000e+00
0.000000e+00
0.000000e+00
0.000000e+00
0.000000e+00
0.000000e+00
0.000000e+00
0.000000e+00
0.000000e+00
0.000000e+00
0.000000e+00
0.000000e+00
0.000000e+00
0.000000e+00
0.000000e+00
0.000000e+00
0.000000e+00
0.000000e+00
0.000000e+00
0.000000e+00
0.000000e+00
0.000000e+00
0.000000e+00
0.000000e+00
0.000000e+00
0.000000e+00
0.000000e+00
0.000000e+00
0.000000e+00
0.000000e+00
0.000000e+00
0.000000e+00
0.000000e+00
0.000000e+00
0.000000e+00
0.000000e+00
0.000000e+00
0.000000e+00
0.000000e+00
0.000000e+00
0.000000e+00
0.000000e+00
0.000000e+00
0.000000e+00
0.000000e+00
0.000000e+00
0.000000e+00
0.000000e+00
0.000000e+00
0.000000e+00
0.000000e+00
0.000000e+00
0.000000e+00
0.000000e+00
0.000000e+00
0.000000e+00
0.000000e+00
0.000000e+00
0.000000e+00
0.000000e+00
0.000000e+00
0.000000e+00
0.000000e+00
0.000000e+00
0.000000e+00
0.000000e+00
0.000000e+00
0.000000e+00
0.000000e+00
0.000000e+00
0.000000e+00
0.000000e+00
0.000000e+00
0.000000e+00
0.000000e+00
0.000000e+00
0.000000e+00
0.000000e+00
0.000000e+00
0.000000e+00
0.000000e+00
0.000000e+00
0.000000e+00
0.000000e+00
0.000000e+00
0.000000e+00
0.000000e+00
0.000000e+00
0.000000e+00
0.000000e+00
0.000000e+00
0.000000e+00
0.000000e+00
0.000000e+00
0.000000e+00
0.000000e+00
0.000000e+00
0.000000e+00
0.000000e+00
0.000000e+00
0.000000e+00
0.000000e+00
0.000000e+00
0.000000e+00
0.000000e+00
0.000000e+00
0.000000e+00
0.000000e+00
0.000000e+00
0.000000e+00
0.000000e+00
0.000000e+00
0.000000e+00
0.000000e+00
0.000000e+00
0.000000e+00
0.000000e+00
0.000000e+00
0.000000e+00
0.000000e+00
0.000000e+00
0.000000e+00
0.000000e+00
0.000000e+00
0.000000e+00
0.000000e+00
0.000000e+00
0.000000e+00
0.000000e+00
0.000000e+00
0.000000e+00
0.000000e+00
0.000000e+00
0.000000e+00
0.000000e+00
0.000000e+00
0.000000e+00
0.000000e+00
0.000000e+00
0.000000e+00
0.000000e+00
0.000000e+00
0.000000e+00
0.000000e+00
0.000000e+00
0.000000e+00
0.000000e+00
0.000000e+00
0.000000e+00
0.000000e+00
0.000000e+00
0.000000e+00
0.000000e+00
0.000000e+00
0.000000e+00
0.000000e+00
0.000000e+00
0.000000e+00
0.000000e+00
0.000000e+00
0.000000e+00
0.000000e+00
0.000000e+00
0.000000e+00
0.000000e+00
0.000000e+00
0.000000e+00
0.000000e+00
0.000000e+00
0.000000e+00
0.000000e+00
0.000000e+00
0.000000e+00
0.000000e+00
0.000000e+00
0.000000e+00
0.000000e+00
0.000000e+00
0.000000e+00
0.000000e+00
0.000000e+00
0.000000e+00
0.000000e+00
0.000000e+00
0.000000e+00
0.000000e+00
0.000000e+00
0.000000e+00
0.000000e+00
0.000000e+00
0.000000e+00
0.000000e+00
0.000000e+00
0.000000e+00
0.000000e+00
0.000000e+00
0.000000e+00
0.000000e+00
0.000000e+00
0.000000e+00
0.000000e+00
0.000000e+00
0.000000e+00
0.000000e+00
0.000000e+00
0.000000e+00
0.000000e+00
0.000000e+00
0.000000e+00
0.000000e+00
0.000000e+00
0.000000e+00
0.000000e+00
0.000000e+00
0.000000e+00
0.000000e+00
0.000000e+00
0.000000e+00
0.000000e+00
0.000000e+00
0.000000e+00
0.000000e+00
0.000000e+00
0.000000e+00
0.000000e+00
0.000000e+00
0.000000e+00
0.000000e+00
0.000000e+00
0.000000e+00
0.000000e+00
0.000000e+00
0.000000e+00
0.000000e+00
0.000000e+00
0.000000e+00
0.000000e+00
0.000000e+00
0.000000e+00
0.000000e+00
0.000000e+00
0.000000e+00
0.000000e+00
0.000000e+00
0.000000e+00
0.000000e+00
0.000000e+00
0.000000e+00
0.000000e+00
0.000000e+00
0.000000e+00
0.000000e+00
0.000000e+00
0.000000e+00
0.000000e+00
0.000000e+00
0.000000e+00
0.000000e+00
0.000000e+00
0.000000e+00
0.000000e+00
0.000000e+00
0.000000e+00
0.000000e+00
0.000000e+00
0.000000e+00
0.000000e+00
0.000000e+00
0.000000e+00
0.000000e+00
0.000000e+00
0.000000e+00
0.000000e+00
0.000000e+00
0.000000e+00
0.000000e+00
0.000000e+00
0.000000e+00
0.000000e+00
0.000000e+00
0.000000e+00
0.000000e+00
0.000000e+00
0.000000e+00
0.000000e+00
0.000000e+00
0.000000e+00
0.000000e+00
0.000000e+00
0.000000e+00
0.000000e+00
0.000000e+00
0.000000e+00
0.000000e+00
0.000000e+00
0.000000e+00
0.000000e+00
0.000000e+00
0.000000e+00
0.000000e+00
0.000000e+00
0.000000e+00
0.000000e+00
0.000000e+00
0.000000e+00
0.000000e+00
0.000000e+00
0.000000e+00
0.000000e+00
0.000000e+00
0.000000e+00
0.000000e+00
0.000000e+00
0.000000e+00
0.000000e+00
0.000000e+00
0.000000e+00
0.000000e+00
0.000000e+00
0.000000e+00
0.000000e+00
0.000000e+00
0.000000e+00
0.000000e+00
0.000000e+00
0.000000e+00
0.000000e+00
0.000000e+00
0.000000e+00
0.000000e+00
0.000000e+00
0.000000e+00
0.000000e+00
0.000000e+00
0.000000e+00
0.000000e+00
0.000000e+00
0.000000e+00
0.000000e+00
0.000000e+00
0.000000e+00
0.000000e+00
0.000000e+00
0.000000e+00
0.000000e+00
0.000000e+00
0.000000e+00
0.000000e+00
0.000000e+00
0.000000e+00
0.000000e+00
0.000000e+00
0.000000e+00
0.000000e+00
0.000000e+00
0.000000e+00
0.000000e+00
0.000000e+00
0.000000e+00
0.000000e+00
0.000000e+00
0.000000e+00
0.000000e+00
0.000000e+00
0.000000e+00
0.000000e+00
0.000000e+00
0.000000e+00
0.000000e+00
0.000000e+00
0.000000e+00
0.000000e+00
0.000000e+00
0.000000e+00
0.000000e+00
0.000000e+00
0.000000e+00
0.000000e+00
0.000000e+00
0.000000e+00
0.000000e+00
0.000000e+00
0.000000e+00
0.000000e+00
0.000000e+00
0.000000e+00
0.000000e+00
0.000000e+00
0.000000e+00
0.000000e+00
0.000000e+00
0.000000e+00
0.000000e+00
0.000000e+00
0.000000e+00
0.000000e+00
0.000000e+00
0.000000e+00
0.000000e+00
0.000000e+00
0.000000e+00
0.000000e+00
0.000000e+00
0.000000e+00
0.000000e+00
0.000000e+00
0.000000e+00
0.000000e+00
0.000000e+00
0.000000e+00
0.000000e+00
0.000000e+00
0.000000e+00
0.000000e+00
0.000000e+00
0.000000e+00
0.000000e+00
0.000000e+00
0.000000e+00
0.000000e+00
0.000000e+00
0.000000e+00
0.000000e+00
0.000000e+00
0.000000e+00
0.000000e+00
0.000000e+00
0.000000e+00
0.000000e+00
0.000000e+00
0.000000e+00
0.000000e+00
0.000000e+00
0.000000e+00
0.000000e+00
0.000000e+00
0.000000e+00
0.000000e+00
0.000000e+00
0.000000e+00
0.000000e+00
0.000000e+00
0.000000e+00
0.000000e+00
0.000000e+00
0.000000e+00
0.000000e+00
0.000000e+00
0.000000e+00
0.000000e+00
0.000000e+00
0.000000e+00
0.000000e+00
0.000000e+00
0.000000e+00
0.000000e+00
0.000000e+00
0.000000e+00
0.000000e+00
0.000000e+00
0.000000e+00
0.000000e+00
0.000000e+00
0.000000e+00
0.000000e+00
0.000000e+00
0.000000e+00
0.000000e+00
0.000000e+00
0.000000e+00
0.000000e+00
0.000000e+00
0.000000e+00
0.000000e+00
0.000000e+00
0.000000e+00
0.000000e+00
0.000000e+00
0.000000e+00
0.000000e+00
0.000000e+00
0.000000e+00
0.000000e+00
0.000000e+00
0.000000e+00
0.000000e+00
0.000000e+00
0.000000e+00
0.000000e+00
0.000000e+00
0.000000e+00
0.000000e+00
0.000000e+00
0.000000e+00
0.000000e+00
0.000000e+00
0.000000e+00
0.000000e+00
0.000000e+00
0.000000e+00
0.000000e+00
0.000000e+00
0.000000e+00
0.000000e+00
0.000000e+00
0.000000e+00
0.000000e+00
0.000000e+00
0.000000e+00
0.000000e+00
0.000000e+00
0.000000e+00
0.000000e+00
0.000000e+00
0.000000e+00
0.000000e+00
0.000000e+00
0.000000e+00
0.000000e+00
0.000000e+00
0.000000e+00
0.000000e+00
0.000000e+00
0.000000e+00
0.000000e+00
0.000000e+00
0.000000e+00
0.000000e+00
0.000000e+00
0.000000e+00
0.000000e+00
0.000000e+00
0.000000e+00
0.000000e+00
0.000000e+00
0.000000e+00
0.000000e+00
0.000000e+00
0.000000e+00
0.000000e+00
0.000000e+00
</DataArray>
</PointData>
</Piece></UnstructuredGrid>
</VTKFile>
