<?xml version="1.0"?>
<VTKFile type="UnstructuredGrid" version="0.1" byte_order="LittleEndian" compressor="vtkZLibDataCompressor">
<UnstructuredGrid>
<Piece NumberOfPoints="885" NumberOfCells="944">
<Points>
<DataArray type="Float32" NumberOfComponents="3" format="ascii">
3.848060e-01 8.159280e-01 0.000000e+00
4.192290e-01 8.251060e-01 0.000000e+00
4.536520e-01 8.342840e-01 0.000000e+00
4.880750e-01 8.434620e-01 0.000000e+00
5.224990e-01 8.526400e-01 0.000000e+00
4.021020e-01 8.346980e-01 0.000000e+00
4.366190e-01 8.440440e-01 0.000000e+00
4.711380e-01 8.533890e-01 0.000000e+00
5.056570e-01 8.627340e-01 0.000000e+00
4.193980e-01 8.534670e-01 0.000000e+00
4.540090e-01 8.629820e-01 0.000000e+00
4.886210e-01 8.724960e-01 0.000000e+00
4.366940e-01 8.722370e-01 0.000000e+00
4.713970e-01 8.819210e-01 0.000000e+00
4.539900e-01 8.910070e-01 0.000000e+00
1.000000e+00 -2.498000e-16 0.000000e+00
9.992290e-01 3.925980e-02 0.000000e+00
9.969170e-01 7.845910e-02 0.000000e+00
9.930680e-01 1.175370e-01 0.000000e+00
9.876880e-01 1.564340e-01 0.000000e+00
9.700020e-01 1.731450e-02 0.000000e+00
9.684610e-01 5.653400e-02 0.000000e+00
9.653820e-01 9.566270e-02 0.000000e+00
9.607680e-01 1.346400e-01 0.000000e+00
9.400040e-01 3.462900e-02 0.000000e+00
9.376940e-01 7.379810e-02 0.000000e+00
9.338480e-01 1.128460e-01 0.000000e+00
9.100050e-01 5.194360e-02 0.000000e+00
9.069280e-01 9.105220e-02 0.000000e+00
8.800070e-01 6.925810e-02 0.000000e+00
8.625310e-01 2.009370e-01 0.000000e+00
8.938200e-01 1.898120e-01 0.000000e+00
9.251100e-01 1.786860e-01 0.000000e+00
9.563990e-01 1.675600e-01 0.000000e+00
9.876880e-01 1.564340e-01 0.000000e+00
8.846620e-01 2.279570e-01 0.000000e+00
9.167010e-01 2.170110e-01 0.000000e+00
9.487420e-01 2.060560e-01 0.000000e+00
9.807850e-01 1.950900e-01 0.000000e+00
9.067940e-01 2.549770e-01 0.000000e+00
9.395790e-01 2.442210e-01 0.000000e+00
9.723700e-01 2.334450e-01 0.000000e+00
9.289250e-01 2.819970e-01 0.000000e+00
9.624550e-01 2.714400e-01 0.000000e+00
9.510570e-01 3.090170e-01 0.000000e+00
8.089830e-01 3.350920e-01 0.000000e+00
8.445010e-01 3.285730e-01 0.000000e+00
8.800200e-01 3.220540e-01 0.000000e+00
9.155380e-01 3.155360e-01 0.000000e+00
9.510570e-01 3.090170e-01 0.000000e+00
8.294890e-01 3.648160e-01 0.000000e+00
8.657190e-01 3.585930e-01 0.000000e+00
9.019530e-01 3.523600e-01 0.000000e+00
9.381910e-01 3.461170e-01 0.000000e+00
8.499950e-01 3.945410e-01 0.000000e+00
8.869330e-01 3.886220e-01 0.000000e+00
9.238800e-01 3.826830e-01 0.000000e+00
8.705010e-01 4.242660e-01 0.000000e+00
9.081430e-01 4.186600e-01 0.000000e+00
8.910070e-01 4.539900e-01 0.000000e+00
8.090170e-01 5.877850e-01 0.000000e+00
7.950160e-01 5.562000e-01 0.000000e+00
7.810140e-01 5.246160e-01 0.000000e+00
7.670130e-01 4.930310e-01 0.000000e+00
7.530110e-01 4.614460e-01 0.000000e+00
8.314700e-01 5.555700e-01 0.000000e+00
8.168220e-01 5.235660e-01 0.000000e+00
8.021690e-01 4.915700e-01 0.000000e+00
7.875100e-01 4.595820e-01 0.000000e+00
8.526400e-01 5.224990e-01 0.000000e+00
8.373300e-01 4.901000e-01 0.000000e+00
8.220090e-01 4.577180e-01 0.000000e+00
8.724960e-01 4.886210e-01 0.000000e+00
8.565080e-01 4.558540e-01 0.000000e+00
8.910070e-01 4.539900e-01 0.000000e+00
6.712280e-01 5.732830e-01 0.000000e+00
7.056750e-01 5.769090e-01 0.000000e+00
7.401230e-01 5.805340e-01 0.000000e+00
7.745700e-01 5.841600e-01 0.000000e+00
8.090170e-01 5.877850e-01 0.000000e+00
6.801980e-01 6.067390e-01 0.000000e+00
7.152310e-01 6.108650e-01 0.000000e+00
7.502710e-01 6.149830e-01 0.000000e+00
7.853170e-01 6.190940e-01 0.000000e+00
6.891680e-01 6.401950e-01 0.000000e+00
7.247800e-01 6.448290e-01 0.000000e+00
7.604060e-01 6.494480e-01 0.000000e+00
6.981370e-01 6.736510e-01 0.000000e+00
7.343230e-01 6.788010e-01 0.000000e+00
7.071070e-01 7.071070e-01 0.000000e+00
5.877850e-01 8.090170e-01 0.000000e+00
5.856190e-01 7.762790e-01 0.000000e+00
5.834540e-01 7.435410e-01 0.000000e+00
5.812880e-01 7.108030e-01 0.000000e+00
5.791220e-01 6.780650e-01 0.000000e+00
6.190940e-01 7.853170e-01 0.000000e+00
6.164430e-01 7.519800e-01 0.000000e+00
6.137850e-01 7.186490e-01 0.000000e+00
6.111180e-01 6.853250e-01 0.000000e+00
6.494480e-01 7.604060e-01 0.000000e+00
6.462890e-01 7.264890e-01 0.000000e+00
6.431140e-01 6.925860e-01 0.000000e+00
6.788010e-01 7.343230e-01 0.000000e+00
6.751110e-01 6.998460e-01 0.000000e+00
7.071070e-01 7.071070e-01 0.000000e+00
3.811430e-02 8.826690e-01 0.000000e+00
6.769430e-02 9.089240e-01 0.000000e+00
9.727440e-02 9.351790e-01 0.000000e+00
1.268540e-01 9.614330e-01 0.000000e+00
1.564340e-01 9.876880e-01 0.000000e+00
2.858570e-02 9.120020e-01 0.000000e+00
5.822620e-02 9.390250e-01 0.000000e+00
8.787680e-02 9.660470e-01 0.000000e+00
1.175370e-01 9.930680e-01 0.000000e+00
1.905710e-02 9.413340e-01 0.000000e+00
4.874810e-02 9.691270e-01 0.000000e+00
7.845910e-02 9.969170e-01 0.000000e+00
9.528570e-03 9.706670e-01 0.000000e+00
3.925980e-02 9.992290e-01 0.000000e+00
6.245000e-17 1.000000e+00 0.000000e+00
3.090170e-01 9.510570e-01 0.000000e+00
2.714400e-01 9.624550e-01 0.000000e+00
2.334450e-01 9.723700e-01 0.000000e+00
1.950900e-01 9.807850e-01 0.000000e+00
1.564340e-01 9.876880e-01 0.000000e+00
2.875190e-01 9.258270e-01 0.000000e+00
2.497430e-01 9.364810e-01 0.000000e+00
2.115770e-01 9.456440e-01 0.000000e+00
1.730820e-01 9.533010e-01 0.000000e+00
2.660200e-01 9.005980e-01 0.000000e+00
2.280540e-01 9.105050e-01 0.000000e+00
1.897290e-01 9.189140e-01 0.000000e+00
2.445220e-01 8.753680e-01 0.000000e+00
2.063760e-01 8.845260e-01 0.000000e+00
2.230230e-01 8.501390e-01 0.000000e+00
4.539900e-01 8.910070e-01 0.000000e+00
4.186600e-01 9.081430e-01 0.000000e+00
3.826830e-01 9.238800e-01 0.000000e+00
3.461170e-01 9.381910e-01 0.000000e+00
3.090170e-01 9.510570e-01 0.000000e+00
4.366940e-01 8.722370e-01 0.000000e+00
4.010500e-01 8.886690e-01 0.000000e+00
3.647880e-01 9.036900e-01 0.000000e+00
3.279640e-01 9.172740e-01 0.000000e+00
4.193980e-01 8.534670e-01 0.000000e+00
3.834500e-01 8.691920e-01 0.000000e+00
3.469110e-01 8.834920e-01 0.000000e+00
4.021020e-01 8.346980e-01 0.000000e+00
3.658580e-01 8.497100e-01 0.000000e+00
3.848060e-01 8.159280e-01 0.000000e+00
5.224990e-01 8.526400e-01 0.000000e+00
5.053730e-01 8.246940e-01 0.000000e+00
4.882480e-01 7.967480e-01 0.000000e+00
4.711220e-01 7.688020e-01 0.000000e+00
4.539970e-01 7.408550e-01 0.000000e+00
5.391380e-01 8.422170e-01 0.000000e+00
5.219080e-01 8.141090e-01 0.000000e+00
5.046760e-01 7.860020e-01 0.000000e+00
4.874440e-01 7.578960e-01 0.000000e+00
5.555700e-01 8.314700e-01 0.000000e+00
5.382320e-01 8.032020e-01 0.000000e+00
5.208910e-01 7.749360e-01 0.000000e+00
5.717880e-01 8.204010e-01 0.000000e+00
5.543380e-01 7.919770e-01 0.000000e+00
5.877850e-01 8.090170e-01 0.000000e+00
-7.149690e-01 6.106410e-01 0.000000e+00
-7.130030e-01 6.347570e-01 0.000000e+00
-7.110380e-01 6.588740e-01 0.000000e+00
-7.090720e-01 6.829900e-01 0.000000e+00
-7.071070e-01 7.071070e-01 0.000000e+00
-7.384810e-01 6.049270e-01 0.000000e+00
-7.371010e-01 6.295440e-01 0.000000e+00
-7.357150e-01 6.541690e-01 0.000000e+00
-7.343230e-01 6.788010e-01 0.000000e+00
-7.619930e-01 5.992130e-01 0.000000e+00
-7.612060e-01 6.243230e-01 0.000000e+00
-7.604060e-01 6.494480e-01 0.000000e+00
-7.855050e-01 5.934990e-01 0.000000e+00
-7.853170e-01 6.190940e-01 0.000000e+00
-8.090170e-01 5.877850e-01 0.000000e+00
-9.510570e-01 3.090170e-01 0.000000e+00
-9.624550e-01 2.714400e-01 0.000000e+00
-9.723700e-01 2.334450e-01 0.000000e+00
-9.807850e-01 1.950900e-01 0.000000e+00
-9.876880e-01 1.564340e-01 0.000000e+00
-9.265560e-01 2.829630e-01 0.000000e+00
-9.372110e-01 2.451870e-01 0.000000e+00
-9.463730e-01 2.070220e-01 0.000000e+00
-9.540300e-01 1.685260e-01 0.000000e+00
-9.020560e-01 2.569090e-01 0.000000e+00
-9.119640e-01 2.189430e-01 0.000000e+00
-9.203720e-01 1.806180e-01 0.000000e+00
-8.775560e-01 2.308550e-01 0.000000e+00
-8.867140e-01 1.927090e-01 0.000000e+00
-8.530560e-01 2.048010e-01 0.000000e+00
-8.910070e-01 4.539900e-01 0.000000e+00
-9.081430e-01 4.186600e-01 0.000000e+00
-9.238800e-01 3.826830e-01 0.000000e+00
-9.381910e-01 3.461170e-01 0.000000e+00
-9.510570e-01 3.090170e-01 0.000000e+00
-8.793920e-01 4.182400e-01 0.000000e+00
-8.958240e-01 3.825960e-01 0.000000e+00
-9.108440e-01 3.463340e-01 0.000000e+00
-9.244290e-01 3.095100e-01 0.000000e+00
-8.677760e-01 3.824900e-01 0.000000e+00
-8.835010e-01 3.465410e-01 0.000000e+00
-8.978010e-01 3.100030e-01 0.000000e+00
-8.561610e-01 3.467390e-01 0.000000e+00
-8.711740e-01 3.104960e-01 0.000000e+00
-8.445460e-01 3.109890e-01 0.000000e+00
-5.877850e-01 8.090170e-01 0.000000e+00
-6.190940e-01 7.853170e-01 0.000000e+00
-6.494480e-01 7.604060e-01 0.000000e+00
-6.788010e-01 7.343230e-01 0.000000e+00
-7.071070e-01 7.071070e-01 0.000000e+00
-5.929300e-01 7.848390e-01 0.000000e+00
-6.237540e-01 7.605400e-01 0.000000e+00
-6.536000e-01 7.350490e-01 0.000000e+00
-6.824210e-01 7.084060e-01 0.000000e+00
-5.980750e-01 7.606610e-01 0.000000e+00
-6.284060e-01 7.357690e-01 0.000000e+00
-6.577360e-01 7.097060e-01 0.000000e+00
-6.032200e-01 7.364820e-01 0.000000e+00
-6.330510e-01 7.110050e-01 0.000000e+00
-6.083650e-01 7.123040e-01 0.000000e+00
-1.000000e+00 -7.632780e-16 0.000000e+00
-9.700940e-01 1.732180e-02 0.000000e+00
-9.401890e-01 3.464360e-02 0.000000e+00
-9.102830e-01 5.196540e-02 0.000000e+00
-8.803770e-01 6.928720e-02 0.000000e+00
-9.992290e-01 3.925980e-02 0.000000e+00
-9.685540e-01 5.654130e-02 0.000000e+00
-9.378790e-01 7.381270e-02 0.000000e+00
-9.072050e-01 9.107400e-02 0.000000e+00
-9.969170e-01 7.845910e-02 0.000000e+00
-9.654740e-01 9.567000e-02 0.000000e+00
-9.340330e-01 1.128610e-01 0.000000e+00
-9.930680e-01 1.175370e-01 0.000000e+00
-9.608610e-01 1.346480e-01 0.000000e+00
-9.876880e-01 1.564340e-01 0.000000e+00
-7.937750e-01 4.864260e-01 0.000000e+00
-7.975860e-01 5.117660e-01 0.000000e+00
-8.013960e-01 5.371060e-01 0.000000e+00
-8.052070e-01 5.624450e-01 0.000000e+00
-8.090170e-01 5.877850e-01 0.000000e+00
-8.180830e-01 4.783170e-01 0.000000e+00
-8.225500e-01 5.040600e-01 0.000000e+00
-8.270130e-01 5.298110e-01 0.000000e+00
-8.314700e-01 5.555700e-01 0.000000e+00
-8.423910e-01 4.702080e-01 0.000000e+00
-8.475210e-01 4.963450e-01 0.000000e+00
-8.526400e-01 5.224990e-01 0.000000e+00
-8.666990e-01 4.620990e-01 0.000000e+00
-8.724960e-01 4.886210e-01 0.000000e+00
-8.910070e-01 4.539900e-01 0.000000e+00
-3.090170e-01 9.510570e-01 0.000000e+00
-2.842730e-01 9.320130e-01 0.000000e+00
-2.595290e-01 9.129700e-01 0.000000e+00
-2.347850e-01 8.939260e-01 0.000000e+00
-2.100410e-01 8.748830e-01 0.000000e+00
-2.714400e-01 9.624550e-01 0.000000e+00
-2.464970e-01 9.426670e-01 0.000000e+00
-2.215630e-01 9.228770e-01 0.000000e+00
-1.966390e-01 9.030840e-01 0.000000e+00
-2.334450e-01 9.723700e-01 0.000000e+00
-2.083320e-01 9.518300e-01 0.000000e+00
-1.832380e-01 9.312860e-01 0.000000e+00
-1.950900e-01 9.807850e-01 0.000000e+00
-1.698360e-01 9.594870e-01 0.000000e+00
-1.564340e-01 9.876880e-01 0.000000e+00
-5.877850e-01 8.090170e-01 0.000000e+00
-5.634930e-01 7.991650e-01 0.000000e+00
-5.392010e-01 7.893130e-01 0.000000e+00
-5.149090e-01 7.794620e-01 0.000000e+00
-4.906170e-01 7.696100e-01 0.000000e+00
-5.555700e-01 8.314700e-01 0.000000e+00
-5.308580e-01 8.209710e-01 0.000000e+00
-5.061550e-01 8.104680e-01 0.000000e+00
-4.814610e-01 7.999590e-01 0.000000e+00
-5.224990e-01 8.526400e-01 0.000000e+00
-4.973930e-01 8.414790e-01 0.000000e+00
-4.723040e-01 8.303080e-01 0.000000e+00
-4.886210e-01 8.724960e-01 0.000000e+00
-4.631470e-01 8.606570e-01 0.000000e+00
-4.539900e-01 8.910070e-01 0.000000e+00
-3.090170e-01 9.510570e-01 0.000000e+00
-3.461170e-01 9.381910e-01 0.000000e+00
-3.826830e-01 9.238800e-01 0.000000e+00
-4.186600e-01 9.081430e-01 0.000000e+00
-4.539900e-01 8.910070e-01 0.000000e+00
-3.175270e-01 9.240640e-01 0.000000e+00
-3.543510e-01 9.104790e-01 0.000000e+00
-3.906130e-01 8.954590e-01 0.000000e+00
-4.262570e-01 8.790270e-01 0.000000e+00
-3.260370e-01 8.970720e-01 0.000000e+00
-3.625750e-01 8.827710e-01 0.000000e+00
-3.985240e-01 8.670470e-01 0.000000e+00
-3.345470e-01 8.700790e-01 0.000000e+00
-3.707900e-01 8.550670e-01 0.000000e+00
-3.430570e-01 8.430870e-01 0.000000e+00
-8.523540e-02 8.847140e-01 0.000000e+00
-6.392660e-02 9.135350e-01 0.000000e+00
-4.261770e-02 9.423570e-01 0.000000e+00
-2.130890e-02 9.711780e-01 0.000000e+00
5.551120e-17 1.000000e+00 0.000000e+00
-1.030350e-01 9.104580e-01 0.000000e+00
-8.178680e-02 9.400470e-01 0.000000e+00
-6.052830e-02 9.696380e-01 0.000000e+00
-3.925980e-02 9.992290e-01 0.000000e+00
-1.208350e-01 9.362010e-01 0.000000e+00
-9.965710e-02 9.665580e-01 0.000000e+00
-7.845910e-02 9.969170e-01 0.000000e+00
-1.386350e-01 9.619450e-01 0.000000e+00
-1.175370e-01 9.930680e-01 0.000000e+00
-1.564340e-01 9.876880e-01 0.000000e+00
-8.090170e-01 -5.877850e-01 0.000000e+00
-7.919770e-01 -5.543380e-01 0.000000e+00
-7.749360e-01 -5.208910e-01 0.000000e+00
-7.578960e-01 -4.874440e-01 0.000000e+00
-7.408550e-01 -4.539970e-01 0.000000e+00
-8.204010e-01 -5.717880e-01 0.000000e+00
-8.032020e-01 -5.382320e-01 0.000000e+00
-7.860020e-01 -5.046760e-01 0.000000e+00
-7.688020e-01 -4.711220e-01 0.000000e+00
-8.314700e-01 -5.555700e-01 0.000000e+00
-8.141090e-01 -5.219080e-01 0.000000e+00
-7.967480e-01 -4.882480e-01 0.000000e+00
-8.422170e-01 -5.391380e-01 0.000000e+00
-8.246940e-01 -5.053730e-01 0.000000e+00
-8.526400e-01 -5.224990e-01 0.000000e+00
-9.510570e-01 -3.090170e-01 0.000000e+00
-9.381910e-01 -3.461170e-01 0.000000e+00
-9.238800e-01 -3.826830e-01 0.000000e+00
-9.081430e-01 -4.186600e-01 0.000000e+00
-8.910070e-01 -4.539900e-01 0.000000e+00
-9.172750e-01 -3.333180e-01 0.000000e+00
-9.036900e-01 -3.701420e-01 0.000000e+00
-8.886700e-01 -4.064040e-01 0.000000e+00
-8.722370e-01 -4.420480e-01 0.000000e+00
-8.834930e-01 -3.576200e-01 0.000000e+00
-8.691920e-01 -3.941580e-01 0.000000e+00
-8.534680e-01 -4.301060e-01 0.000000e+00
-8.497110e-01 -3.819210e-01 0.000000e+00
-8.346980e-01 -4.181640e-01 0.000000e+00
-8.159290e-01 -4.062220e-01 0.000000e+00
-8.159290e-01 -4.062220e-01 0.000000e+00
-8.346980e-01 -4.181640e-01 0.000000e+00
-8.534680e-01 -4.301060e-01 0.000000e+00
-8.722370e-01 -4.420480e-01 0.000000e+00
-8.910070e-01 -4.539900e-01 0.000000e+00
-8.251070e-01 -4.352910e-01 0.000000e+00
-8.440440e-01 -4.473280e-01 0.000000e+00
-8.629820e-01 -4.593630e-01 0.000000e+00
-8.819210e-01 -4.713970e-01 0.000000e+00
-8.342850e-01 -4.643600e-01 0.000000e+00
-8.533900e-01 -4.764920e-01 0.000000e+00
-8.724960e-01 -4.886210e-01 0.000000e+00
-8.434620e-01 -4.934300e-01 0.000000e+00
-8.627340e-01 -5.056570e-01 0.000000e+00
-8.526400e-01 -5.224990e-01 0.000000e+00
-8.710650e-01 -1.903960e-01 0.000000e+00
-9.002210e-01 -1.819050e-01 0.000000e+00
-9.293770e-01 -1.734150e-01 0.000000e+00
-9.585330e-01 -1.649250e-01 0.000000e+00
-9.876880e-01 -1.564340e-01 0.000000e+00
-8.910630e-01 -2.200510e-01 0.000000e+00
-9.209680e-01 -2.117410e-01 0.000000e+00
-9.508760e-01 -2.034200e-01 0.000000e+00
-9.807850e-01 -1.950900e-01 0.000000e+00
-9.110610e-01 -2.497060e-01 0.000000e+00
-9.417130e-01 -2.415860e-01 0.000000e+00
-9.723700e-01 -2.334450e-01 0.000000e+00
-9.310590e-01 -2.793620e-01 0.000000e+00
-9.624550e-01 -2.714400e-01 0.000000e+00
-9.510570e-01 -3.090170e-01 0.000000e+00
-3.090170e-01 -9.510570e-01 0.000000e+00
-2.714400e-01 -9.624550e-01 0.000000e+00
-2.334450e-01 -9.723700e-01 0.000000e+00
-1.950900e-01 -9.807850e-01 0.000000e+00
-1.564340e-01 -9.876880e-01 0.000000e+00
-2.831460e-01 -9.273190e-01 0.000000e+00
-2.453700e-01 -9.379730e-01 0.000000e+00
-2.072050e-01 -9.471350e-01 0.000000e+00
-1.687090e-01 -9.547920e-01 0.000000e+00
-2.572750e-01 -9.035810e-01 0.000000e+00
-2.193090e-01 -9.134880e-01 0.000000e+00
-1.809840e-01 -9.218970e-01 0.000000e+00
-2.314040e-01 -8.798430e-01 0.000000e+00
-1.932580e-01 -8.890010e-01 0.000000e+00
-2.055330e-01 -8.561050e-01 0.000000e+00
-7.071070e-01 -7.071070e-01 0.000000e+00
-6.788010e-01 -7.343230e-01 0.000000e+00
-6.494480e-01 -7.604060e-01 0.000000e+00
-6.190940e-01 -7.853170e-01 0.000000e+00
-5.877850e-01 -8.090170e-01 0.000000e+00
-6.808540e-01 -7.065710e-01 0.000000e+00
-6.520320e-01 -7.332140e-01 0.000000e+00
-6.221870e-01 -7.587050e-01 0.000000e+00
-5.913630e-01 -7.830040e-01 0.000000e+00
-6.546020e-01 -7.060360e-01 0.000000e+00
-6.252720e-01 -7.320990e-01 0.000000e+00
-5.949410e-01 -7.569910e-01 0.000000e+00
-6.283490e-01 -7.055000e-01 0.000000e+00
-5.985190e-01 -7.309780e-01 0.000000e+00
-6.020970e-01 -7.049650e-01 0.000000e+00
-1.804110e-16 -1.000000e+00 0.000000e+00
-1.842600e-02 -9.841250e-01 0.000000e+00
-3.685200e-02 -9.682490e-01 0.000000e+00
-5.527800e-02 -9.523740e-01 0.000000e+00
-7.370400e-02 -9.364980e-01 0.000000e+00
-3.925980e-02 -9.992290e-01 0.000000e+00
-5.764550e-02 -9.825840e-01 0.000000e+00
-7.602110e-02 -9.659400e-01 0.000000e+00
-9.438660e-02 -9.492960e-01 0.000000e+00
-7.845910e-02 -9.969170e-01 0.000000e+00
-9.677420e-02 -9.795040e-01 0.000000e+00
-1.150690e-01 -9.620930e-01 0.000000e+00
-1.175370e-01 -9.930680e-01 0.000000e+00
-1.357520e-01 -9.748910e-01 0.000000e+00
-1.564340e-01 -9.876880e-01 0.000000e+00
-9.876880e-01 -1.564340e-01 0.000000e+00
-9.607680e-01 -1.346400e-01 0.000000e+00
-9.338480e-01 -1.128460e-01 0.000000e+00
-9.069280e-01 -9.105220e-02 0.000000e+00
-8.800070e-01 -6.925810e-02 0.000000e+00
-9.930680e-01 -1.175370e-01 0.000000e+00
-9.653820e-01 -9.566270e-02 0.000000e+00
-9.376940e-01 -7.379810e-02 0.000000e+00
-9.100050e-01 -5.194360e-02 0.000000e+00
-9.969170e-01 -7.845910e-02 0.000000e+00
-9.684610e-01 -5.653400e-02 0.000000e+00
-9.400040e-01 -3.462900e-02 0.000000e+00
-9.992290e-01 -3.925980e-02 0.000000e+00
-9.700020e-01 -1.731450e-02 0.000000e+00
-1.000000e+00 -7.632780e-16 0.000000e+00
-6.293490e-01 -6.035300e-01 0.000000e+00
-6.742660e-01 -5.995940e-01 0.000000e+00
-7.191830e-01 -5.956570e-01 0.000000e+00
-7.641000e-01 -5.917210e-01 0.000000e+00
-8.090170e-01 -5.877850e-01 0.000000e+00
-6.487880e-01 -6.294240e-01 0.000000e+00
-6.942910e-01 -6.259880e-01 0.000000e+00
-7.398010e-01 -6.225450e-01 0.000000e+00
-7.853170e-01 -6.190940e-01 0.000000e+00
-6.682280e-01 -6.553180e-01 0.000000e+00
-7.143100e-01 -6.523910e-01 0.000000e+00
-7.604060e-01 -6.494480e-01 0.000000e+00
-6.876670e-01 -6.812130e-01 0.000000e+00
-7.343230e-01 -6.788010e-01 0.000000e+00
-7.071070e-01 -7.071070e-01 0.000000e+00
-4.539900e-01 -8.910070e-01 0.000000e+00
-4.186600e-01 -9.081430e-01 0.000000e+00
-3.826830e-01 -9.238800e-01 0.000000e+00
-3.461170e-01 -9.381910e-01 0.000000e+00
-3.090170e-01 -9.510570e-01 0.000000e+00
-4.422760e-01 -8.713420e-01 0.000000e+00
-4.066320e-01 -8.877740e-01 0.000000e+00
-3.703700e-01 -9.027940e-01 0.000000e+00
-3.335460e-01 -9.163790e-01 0.000000e+00
-4.305620e-01 -8.516770e-01 0.000000e+00
-3.946140e-01 -8.674010e-01 0.000000e+00
-3.580760e-01 -8.817020e-01 0.000000e+00
-4.188480e-01 -8.320120e-01 0.000000e+00
-3.826050e-01 -8.470240e-01 0.000000e+00
-4.071340e-01 -8.123470e-01 0.000000e+00
-4.614330e-01 -7.386280e-01 0.000000e+00
-4.930210e-01 -7.562250e-01 0.000000e+00
-5.246090e-01 -7.738230e-01 0.000000e+00
-5.561970e-01 -7.914200e-01 0.000000e+00
-5.877850e-01 -8.090170e-01 0.000000e+00
-4.595720e-01 -7.767230e-01 0.000000e+00
-4.915630e-01 -7.949770e-01 0.000000e+00
-5.235620e-01 -8.132260e-01 0.000000e+00
-5.555700e-01 -8.314700e-01 0.000000e+00
-4.577120e-01 -8.148170e-01 0.000000e+00
-4.900960e-01 -8.337340e-01 0.000000e+00
-5.224990e-01 -8.526400e-01 0.000000e+00
-4.558510e-01 -8.529120e-01 0.000000e+00
-4.886210e-01 -8.724960e-01 0.000000e+00
-4.539900e-01 -8.910070e-01 0.000000e+00
4.539970e-01 -7.408550e-01 0.000000e+00
4.711220e-01 -7.688020e-01 0.000000e+00
4.882480e-01 -7.967480e-01 0.000000e+00
5.053730e-01 -8.246940e-01 0.000000e+00
5.224990e-01 -8.526400e-01 0.000000e+00
4.874440e-01 -7.578960e-01 0.000000e+00
5.046760e-01 -7.860020e-01 0.000000e+00
5.219080e-01 -8.141090e-01 0.000000e+00
5.391380e-01 -8.422170e-01 0.000000e+00
5.208910e-01 -7.749360e-01 0.000000e+00
5.382320e-01 -8.032020e-01 0.000000e+00
5.555700e-01 -8.314700e-01 0.000000e+00
5.543380e-01 -7.919770e-01 0.000000e+00
5.717880e-01 -8.204010e-01 0.000000e+00
5.877850e-01 -8.090170e-01 0.000000e+00
7.066120e-01 -6.035040e-01 0.000000e+00
7.067360e-01 -6.294050e-01 0.000000e+00
7.068600e-01 -6.553050e-01 0.000000e+00
7.069830e-01 -6.812060e-01 0.000000e+00
7.071070e-01 -7.071070e-01 0.000000e+00
7.322140e-01 -5.995740e-01 0.000000e+00
7.329230e-01 -6.259750e-01 0.000000e+00
7.336260e-01 -6.523840e-01 0.000000e+00
7.343230e-01 -6.788010e-01 0.000000e+00
7.578150e-01 -5.956450e-01 0.000000e+00
7.591170e-01 -6.225390e-01 0.000000e+00
7.604060e-01 -6.494480e-01 0.000000e+00
7.834160e-01 -5.917150e-01 0.000000e+00
7.853170e-01 -6.190940e-01 0.000000e+00
8.090170e-01 -5.877850e-01 0.000000e+00
8.910070e-01 -4.539900e-01 0.000000e+00
9.081430e-01 -4.186600e-01 0.000000e+00
9.238800e-01 -3.826830e-01 0.000000e+00
9.381910e-01 -3.461170e-01 0.000000e+00
9.510570e-01 -3.090170e-01 0.000000e+00
8.793920e-01 -4.182400e-01 0.000000e+00
8.958240e-01 -3.825960e-01 0.000000e+00
9.108440e-01 -3.463340e-01 0.000000e+00
9.244290e-01 -3.095100e-01 0.000000e+00
8.677760e-01 -3.824900e-01 0.000000e+00
8.835010e-01 -3.465410e-01 0.000000e+00
8.978010e-01 -3.100030e-01 0.000000e+00
8.561610e-01 -3.467390e-01 0.000000e+00
8.711740e-01 -3.104960e-01 0.000000e+00
8.445460e-01 -3.109890e-01 0.000000e+00
-1.838810e-16 -1.000000e+00 0.000000e+00
3.925980e-02 -9.992290e-01 0.000000e+00
7.845910e-02 -9.969170e-01 0.000000e+00
1.175370e-01 -9.930680e-01 0.000000e+00
1.564340e-01 -9.876880e-01 0.000000e+00
6.449070e-03 -9.738840e-01 0.000000e+00
4.566860e-02 -9.723430e-01 0.000000e+00
8.479730e-02 -9.692640e-01 0.000000e+00
1.237750e-01 -9.646500e-01 0.000000e+00
1.289810e-02 -9.477680e-01 0.000000e+00
5.206720e-02 -9.454580e-01 0.000000e+00
9.111540e-02 -9.416120e-01 0.000000e+00
1.934720e-02 -9.216520e-01 0.000000e+00
5.845580e-02 -9.185740e-01 0.000000e+00
2.579630e-02 -8.955360e-01 0.000000e+00
9.510570e-01 -3.090170e-01 0.000000e+00
9.624550e-01 -2.714400e-01 0.000000e+00
9.723700e-01 -2.334450e-01 0.000000e+00
9.807850e-01 -1.950900e-01 0.000000e+00
9.876880e-01 -1.564340e-01 0.000000e+00
9.265560e-01 -2.829630e-01 0.000000e+00
9.372110e-01 -2.451870e-01 0.000000e+00
9.463730e-01 -2.070220e-01 0.000000e+00
9.540300e-01 -1.685260e-01 0.000000e+00
9.020560e-01 -2.569090e-01 0.000000e+00
9.119640e-01 -2.189430e-01 0.000000e+00
9.203720e-01 -1.806180e-01 0.000000e+00
8.775560e-01 -2.308550e-01 0.000000e+00
8.867140e-01 -1.927090e-01 0.000000e+00
8.530560e-01 -2.048010e-01 0.000000e+00
2.852010e-01 -8.603910e-01 0.000000e+00
2.530090e-01 -8.922160e-01 0.000000e+00
2.208180e-01 -9.240400e-01 0.000000e+00
1.886260e-01 -9.558640e-01 0.000000e+00
1.564340e-01 -9.876880e-01 0.000000e+00
2.911550e-01 -8.830580e-01 0.000000e+00
2.591430e-01 -9.156310e-01 0.000000e+00
2.271220e-01 -9.482070e-01 0.000000e+00
1.950900e-01 -9.807850e-01 0.000000e+00
2.971090e-01 -9.057240e-01 0.000000e+00
2.652870e-01 -9.390450e-01 0.000000e+00
2.334450e-01 -9.723700e-01 0.000000e+00
3.030630e-01 -9.283900e-01 0.000000e+00
2.714400e-01 -9.624550e-01 0.000000e+00
3.090170e-01 -9.510570e-01 0.000000e+00
6.059320e-01 -6.279440e-01 0.000000e+00
6.013960e-01 -6.732120e-01 0.000000e+00
5.968590e-01 -7.184800e-01 0.000000e+00
5.923220e-01 -7.637490e-01 0.000000e+00
5.877850e-01 -8.090170e-01 0.000000e+00
6.312260e-01 -6.477350e-01 0.000000e+00
6.271900e-01 -6.935890e-01 0.000000e+00
6.231460e-01 -7.394500e-01 0.000000e+00
6.190940e-01 -7.853170e-01 0.000000e+00
6.565200e-01 -6.675250e-01 0.000000e+00
6.529910e-01 -7.139590e-01 0.000000e+00
6.494480e-01 -7.604060e-01 0.000000e+00
6.818130e-01 -6.873160e-01 0.000000e+00
6.788010e-01 -7.343230e-01 0.000000e+00
7.071070e-01 -7.071070e-01 0.000000e+00
1.000000e+00 -2.498000e-16 0.000000e+00
9.700940e-01 -1.732180e-02 0.000000e+00
9.401890e-01 -3.464360e-02 0.000000e+00
9.102830e-01 -5.196540e-02 0.000000e+00
8.803770e-01 -6.928720e-02 0.000000e+00
9.992290e-01 -3.925980e-02 0.000000e+00
9.685540e-01 -5.654130e-02 0.000000e+00
9.378790e-01 -7.381270e-02 0.000000e+00
9.072050e-01 -9.107400e-02 0.000000e+00
9.969170e-01 -7.845910e-02 0.000000e+00
9.654740e-01 -9.567000e-02 0.000000e+00
9.340330e-01 -1.128610e-01 0.000000e+00
9.930680e-01 -1.175370e-01 0.000000e+00
9.608610e-01 -1.346480e-01 0.000000e+00
9.876880e-01 -1.564340e-01 0.000000e+00
3.090170e-01 -9.510570e-01 0.000000e+00
3.461170e-01 -9.381910e-01 0.000000e+00
3.826830e-01 -9.238800e-01 0.000000e+00
4.186600e-01 -9.081430e-01 0.000000e+00
4.539900e-01 -8.910070e-01 0.000000e+00
3.030630e-01 -9.283900e-01 0.000000e+00
3.398870e-01 -9.148060e-01 0.000000e+00
3.761490e-01 -8.997850e-01 0.000000e+00
4.117930e-01 -8.833530e-01 0.000000e+00
2.971090e-01 -9.057240e-01 0.000000e+00
3.336470e-01 -8.914230e-01 0.000000e+00
3.695960e-01 -8.756990e-01 0.000000e+00
2.911550e-01 -8.830580e-01 0.000000e+00
3.273980e-01 -8.680450e-01 0.000000e+00
2.852010e-01 -8.603910e-01 0.000000e+00
8.090170e-01 -5.877850e-01 0.000000e+00
8.314700e-01 -5.555700e-01 0.000000e+00
8.526400e-01 -5.224990e-01 0.000000e+00
8.724960e-01 -4.886210e-01 0.000000e+00
8.910070e-01 -4.539900e-01 0.000000e+00
7.917110e-01 -5.603980e-01 0.000000e+00
8.135170e-01 -5.277630e-01 0.000000e+00
8.340250e-01 -4.942970e-01 0.000000e+00
8.532030e-01 -4.600520e-01 0.000000e+00
7.744050e-01 -5.330110e-01 0.000000e+00
7.955590e-01 -4.999650e-01 0.000000e+00
8.154000e-01 -4.661140e-01 0.000000e+00
7.570990e-01 -5.056240e-01 0.000000e+00
7.775960e-01 -4.721750e-01 0.000000e+00
7.397930e-01 -4.782370e-01 0.000000e+00
5.224990e-01 -8.526400e-01 0.000000e+00
5.053730e-01 -8.246940e-01 0.000000e+00
4.882480e-01 -7.967480e-01 0.000000e+00
4.711220e-01 -7.688020e-01 0.000000e+00
4.539970e-01 -7.408550e-01 0.000000e+00
5.056570e-01 -8.627340e-01 0.000000e+00
4.884360e-01 -8.346210e-01 0.000000e+00
4.712150e-01 -8.065080e-01 0.000000e+00
4.539950e-01 -7.783930e-01 0.000000e+00
4.886210e-01 -8.724960e-01 0.000000e+00
4.713060e-01 -8.442140e-01 0.000000e+00
4.539940e-01 -8.159310e-01 0.000000e+00
4.713970e-01 -8.819210e-01 0.000000e+00
4.539920e-01 -8.534690e-01 0.000000e+00
4.539900e-01 -8.910070e-01 0.000000e+00
5.000000e-01 0.000000e+00 0.000000e+00
4.687500e-01 3.469450e-18 0.000000e+00
4.375000e-01 0.000000e+00 0.000000e+00
4.062500e-01 0.000000e+00 0.000000e+00
3.750000e-01 0.000000e+00 0.000000e+00
4.658740e-01 -2.201470e-02 0.000000e+00
4.346240e-01 -2.201470e-02 0.000000e+00
4.033740e-01 -2.201470e-02 0.000000e+00
3.721240e-01 -2.201470e-02 0.000000e+00
4.317480e-01 -4.402930e-02 0.000000e+00
4.004980e-01 -4.402930e-02 0.000000e+00
3.692480e-01 -4.402930e-02 0.000000e+00
3.976220e-01 -6.604400e-02 0.000000e+00
3.663720e-01 -6.604400e-02 0.000000e+00
3.634960e-01 -8.805860e-02 0.000000e+00
1.250000e-01 0.000000e+00 0.000000e+00
1.562500e-01 -3.469450e-18 0.000000e+00
1.875000e-01 0.000000e+00 0.000000e+00
2.187500e-01 0.000000e+00 0.000000e+00
2.500000e-01 0.000000e+00 0.000000e+00
1.406250e-01 2.549530e-02 0.000000e+00
1.718750e-01 2.549530e-02 0.000000e+00
2.031250e-01 2.549530e-02 0.000000e+00
2.343750e-01 2.549530e-02 0.000000e+00
1.562500e-01 5.099060e-02 0.000000e+00
1.875000e-01 5.099060e-02 0.000000e+00
2.187500e-01 5.099060e-02 0.000000e+00
1.718750e-01 7.648590e-02 0.000000e+00
2.031250e-01 7.648590e-02 0.000000e+00
1.875000e-01 1.019810e-01 0.000000e+00
-3.750000e-01 0.000000e+00 0.000000e+00
-3.906250e-01 2.852180e-02 0.000000e+00
-4.062500e-01 5.704370e-02 0.000000e+00
-4.218750e-01 8.556550e-02 0.000000e+00
-4.375000e-01 1.140870e-01 0.000000e+00
-4.062500e-01 0.000000e+00 0.000000e+00
-4.218750e-01 2.852180e-02 0.000000e+00
-4.375000e-01 5.704370e-02 0.000000e+00
-4.531250e-01 8.556550e-02 0.000000e+00
-4.375000e-01 0.000000e+00 0.000000e+00
-4.531250e-01 2.852180e-02 0.000000e+00
-4.687500e-01 5.704370e-02 0.000000e+00
-4.687500e-01 -3.469450e-18 0.000000e+00
-4.843750e-01 2.852180e-02 0.000000e+00
-5.000000e-01 0.000000e+00 0.000000e+00
-3.750000e-01 0.000000e+00 0.000000e+00
-3.491990e-01 -3.490930e-02 0.000000e+00
-3.233980e-01 -6.981870e-02 0.000000e+00
-2.975980e-01 -1.047280e-01 0.000000e+00
-2.717970e-01 -1.396370e-01 0.000000e+00
-3.437500e-01 0.000000e+00 0.000000e+00
-3.179490e-01 -3.490930e-02 0.000000e+00
-2.921480e-01 -6.981870e-02 0.000000e+00
-2.663480e-01 -1.047280e-01 0.000000e+00
-3.125000e-01 0.000000e+00 0.000000e+00
-2.866990e-01 -3.490930e-02 0.000000e+00
-2.608980e-01 -6.981870e-02 0.000000e+00
-2.812500e-01 0.000000e+00 0.000000e+00
-2.554490e-01 -3.490930e-02 0.000000e+00
-2.500000e-01 0.000000e+00 0.000000e+00
-2.500000e-01 0.000000e+00 0.000000e+00
-2.656250e-01 2.549530e-02 0.000000e+00
-2.812500e-01 5.099060e-02 0.000000e+00
-2.968750e-01 7.648590e-02 0.000000e+00
-3.125000e-01 1.019810e-01 0.000000e+00
-2.812500e-01 0.000000e+00 0.000000e+00
-2.968750e-01 2.549530e-02 0.000000e+00
-3.125000e-01 5.099060e-02 0.000000e+00
-3.281250e-01 7.648590e-02 0.000000e+00
-3.125000e-01 0.000000e+00 0.000000e+00
-3.281250e-01 2.549530e-02 0.000000e+00
-3.437500e-01 5.099060e-02 0.000000e+00
-3.437500e-01 0.000000e+00 0.000000e+00
-3.593750e-01 2.549530e-02 0.000000e+00
-3.750000e-01 0.000000e+00 0.000000e+00
-3.750000e-01 0.000000e+00 0.000000e+00
-4.062500e-01 0.000000e+00 0.000000e+00
-4.375000e-01 0.000000e+00 0.000000e+00
-4.687500e-01 0.000000e+00 0.000000e+00
-5.000000e-01 0.000000e+00 0.000000e+00
-3.906250e-01 -2.053900e-02 0.000000e+00
-4.218750e-01 -2.053900e-02 0.000000e+00
-4.531250e-01 -2.053900e-02 0.000000e+00
-4.843750e-01 -2.053900e-02 0.000000e+00
-4.062500e-01 -4.107800e-02 0.000000e+00
-4.375000e-01 -4.107800e-02 0.000000e+00
-4.687500e-01 -4.107800e-02 0.000000e+00
-4.218750e-01 -6.161690e-02 0.000000e+00
-4.531250e-01 -6.161690e-02 0.000000e+00
-4.375000e-01 -8.215590e-02 0.000000e+00
-1.250000e-01 0.000000e+00 0.000000e+00
-1.406250e-01 2.711150e-02 0.000000e+00
-1.562500e-01 5.422300e-02 0.000000e+00
-1.718750e-01 8.133450e-02 0.000000e+00
-1.875000e-01 1.084460e-01 0.000000e+00
-1.562500e-01 0.000000e+00 0.000000e+00
-1.718750e-01 2.711150e-02 0.000000e+00
-1.875000e-01 5.422300e-02 0.000000e+00
-2.031250e-01 8.133450e-02 0.000000e+00
-1.875000e-01 0.000000e+00 0.000000e+00
-2.031250e-01 2.711150e-02 0.000000e+00
-2.187500e-01 5.422300e-02 0.000000e+00
-2.187500e-01 3.469450e-18 0.000000e+00
-2.343750e-01 2.711150e-02 0.000000e+00
-2.500000e-01 0.000000e+00 0.000000e+00
-6.250000e-02 -8.256620e-02 0.000000e+00
-4.687500e-02 -6.192470e-02 0.000000e+00
-3.125000e-02 -4.128310e-02 0.000000e+00
-1.562500e-02 -2.064160e-02 0.000000e+00
9.922620e-16 0.000000e+00 0.000000e+00
-7.812500e-02 -6.192470e-02 0.000000e+00
-6.250000e-02 -4.128310e-02 0.000000e+00
-4.687500e-02 -2.064160e-02 0.000000e+00
-3.125000e-02 -3.469450e-18 0.000000e+00
-9.375000e-02 -4.128310e-02 0.000000e+00
-7.812500e-02 -2.064160e-02 0.000000e+00
-6.250000e-02 0.000000e+00 0.000000e+00
-1.093750e-01 -2.064160e-02 0.000000e+00
-9.375000e-02 0.000000e+00 0.000000e+00
-1.250000e-01 0.000000e+00 0.000000e+00
1.250000e-01 0.000000e+00 0.000000e+00
9.375000e-02 0.000000e+00 0.000000e+00
6.250000e-02 0.000000e+00 0.000000e+00
3.125000e-02 0.000000e+00 0.000000e+00
9.992010e-16 0.000000e+00 0.000000e+00
1.044950e-01 -2.436790e-02 0.000000e+00
7.324450e-02 -2.436790e-02 0.000000e+00
4.199450e-02 -2.436790e-02 0.000000e+00
1.074450e-02 -2.436790e-02 0.000000e+00
8.398910e-02 -4.873570e-02 0.000000e+00
5.273910e-02 -4.873570e-02 0.000000e+00
2.148910e-02 -4.873570e-02 0.000000e+00
6.348360e-02 -7.310360e-02 0.000000e+00
3.223360e-02 -7.310360e-02 0.000000e+00
4.297810e-02 -9.747140e-02 0.000000e+00
1.549960e-01 -1.084880e-01 0.000000e+00
1.787470e-01 -8.136590e-02 0.000000e+00
2.024980e-01 -5.424390e-02 0.000000e+00
2.262490e-01 -2.712200e-02 0.000000e+00
2.500000e-01 0.000000e+00 0.000000e+00
1.474970e-01 -8.136590e-02 0.000000e+00
1.712480e-01 -5.424390e-02 0.000000e+00
1.949990e-01 -2.712200e-02 0.000000e+00
2.187500e-01 0.000000e+00 0.000000e+00
1.399980e-01 -5.424390e-02 0.000000e+00
1.637490e-01 -2.712200e-02 0.000000e+00
1.875000e-01 0.000000e+00 0.000000e+00
1.324990e-01 -2.712200e-02 0.000000e+00
1.562500e-01 0.000000e+00 0.000000e+00
1.250000e-01 0.000000e+00 0.000000e+00
1.250000e-01 0.000000e+00 0.000000e+00
1.093750e-01 1.785540e-02 0.000000e+00
9.375000e-02 3.571090e-02 0.000000e+00
7.812500e-02 5.356630e-02 0.000000e+00
6.250000e-02 7.142180e-02 0.000000e+00
9.375000e-02 0.000000e+00 0.000000e+00
7.812500e-02 1.785540e-02 0.000000e+00
6.250000e-02 3.571090e-02 0.000000e+00
4.687500e-02 5.356630e-02 0.000000e+00
6.250000e-02 0.000000e+00 0.000000e+00
4.687500e-02 1.785540e-02 0.000000e+00
3.125000e-02 3.571090e-02 0.000000e+00
3.125000e-02 0.000000e+00 0.000000e+00
1.562500e-02 1.785540e-02 0.000000e+00
9.992010e-16 0.000000e+00 0.000000e+00
3.750000e-01 0.000000e+00 0.000000e+00
3.750000e-01 3.668740e-02 0.000000e+00
3.750000e-01 7.337480e-02 0.000000e+00
3.750000e-01 1.100620e-01 0.000000e+00
3.750000e-01 1.467500e-01 0.000000e+00
3.437500e-01 0.000000e+00 0.000000e+00
3.437500e-01 3.668740e-02 0.000000e+00
3.437500e-01 7.337480e-02 0.000000e+00
3.437500e-01 1.100620e-01 0.000000e+00
3.125000e-01 0.000000e+00 0.000000e+00
3.125000e-01 3.668740e-02 0.000000e+00
3.125000e-01 7.337480e-02 0.000000e+00
2.812500e-01 0.000000e+00 0.000000e+00
2.812500e-01 3.668740e-02 0.000000e+00
2.500000e-01 0.000000e+00 0.000000e+00
-3.188430e-02 9.095870e-02 0.000000e+00
-5.516330e-02 6.821900e-02 0.000000e+00
-7.844220e-02 4.547930e-02 0.000000e+00
-1.017210e-01 2.273970e-02 0.000000e+00
-1.250000e-01 0.000000e+00 0.000000e+00
-2.391330e-02 6.821900e-02 0.000000e+00
-4.719220e-02 4.547930e-02 0.000000e+00
-7.047110e-02 2.273970e-02 0.000000e+00
-9.375000e-02 -3.469450e-18 0.000000e+00
-1.594220e-02 4.547930e-02 0.000000e+00
-3.922110e-02 2.273970e-02 0.000000e+00
-6.250000e-02 0.000000e+00 0.000000e+00
-7.971090e-03 2.273970e-02 0.000000e+00
-3.125000e-02 0.000000e+00 0.000000e+00
9.992010e-16 0.000000e+00 0.000000e+00
5.000000e-01 0.000000e+00 0.000000e+00
4.974200e-01 2.945530e-02 0.000000e+00
4.948400e-01 5.891050e-02 0.000000e+00
4.922600e-01 8.836580e-02 0.000000e+00
4.896800e-01 1.178210e-01 0.000000e+00
4.687500e-01 0.000000e+00 0.000000e+00
4.661700e-01 2.945530e-02 0.000000e+00
4.635900e-01 5.891050e-02 0.000000e+00
4.610100e-01 8.836580e-02 0.000000e+00
4.375000e-01 0.000000e+00 0.000000e+00
4.349200e-01 2.945530e-02 0.000000e+00
4.323400e-01 5.891050e-02 0.000000e+00
4.062500e-01 0.000000e+00 0.000000e+00
4.036700e-01 2.945530e-02 0.000000e+00
3.750000e-01 0.000000e+00 0.000000e+00
-1.250000e-01 0.000000e+00 0.000000e+00
-1.562500e-01 0.000000e+00 0.000000e+00
-1.875000e-01 0.000000e+00 0.000000e+00
-2.187500e-01 0.000000e+00 0.000000e+00
-2.500000e-01 0.000000e+00 0.000000e+00
-1.376540e-01 -2.344270e-02 0.000000e+00
-1.689040e-01 -2.344270e-02 0.000000e+00
-2.001540e-01 -2.344270e-02 0.000000e+00
-2.314040e-01 -2.344270e-02 0.000000e+00
-1.503070e-01 -4.688540e-02 0.000000e+00
-1.815570e-01 -4.688540e-02 0.000000e+00
-2.128070e-01 -4.688540e-02 0.000000e+00
-1.629610e-01 -7.032810e-02 0.000000e+00
-1.942110e-01 -7.032810e-02 0.000000e+00
-1.756150e-01 -9.377080e-02 0.000000e+00
3.750000e-01 0.000000e+00 0.000000e+00
3.437500e-01 3.469450e-18 0.000000e+00
3.125000e-01 0.000000e+00 0.000000e+00
2.812500e-01 0.000000e+00 0.000000e+00
2.500000e-01 0.000000e+00 0.000000e+00
3.721240e-01 -2.201470e-02 0.000000e+00
3.408740e-01 -2.201470e-02 0.000000e+00
3.096240e-01 -2.201470e-02 0.000000e+00
2.783740e-01 -2.201470e-02 0.000000e+00
3.692480e-01 -4.402930e-02 0.000000e+00
3.379980e-01 -4.402930e-02 0.000000e+00
3.067480e-01 -4.402930e-02 0.000000e+00
3.663720e-01 -6.604400e-02 0.000000e+00
3.351220e-01 -6.604400e-02 0.000000e+00
3.634960e-01 -8.805860e-02 0.000000e+00
</DataArray>
</Points>
<Cells>
<DataArray type="Int32" Name="connectivity" format="ascii">
0 1 5 
1 6 5 
1 2 6 
2 7 6 
2 3 7 
3 8 7 
3 4 8 
5 6 9 
6 10 9 
6 7 10 
7 11 10 
7 8 11 
9 10 12 
10 13 12 
10 11 13 
12 13 14 
15 16 20 
16 21 20 
16 17 21 
17 22 21 
17 18 22 
18 23 22 
18 19 23 
20 21 24 
21 25 24 
21 22 25 
22 26 25 
22 23 26 
24 25 27 
25 28 27 
25 26 28 
27 28 29 
30 31 35 
31 36 35 
31 32 36 
32 37 36 
32 33 37 
33 38 37 
33 34 38 
35 36 39 
36 40 39 
36 37 40 
37 41 40 
37 38 41 
39 40 42 
40 43 42 
40 41 43 
42 43 44 
45 46 50 
46 51 50 
46 47 51 
47 52 51 
47 48 52 
48 53 52 
48 49 53 
50 51 54 
51 55 54 
51 52 55 
52 56 55 
52 53 56 
54 55 57 
55 58 57 
55 56 58 
57 58 59 
60 61 65 
61 66 65 
61 62 66 
62 67 66 
62 63 67 
63 68 67 
63 64 68 
65 66 69 
66 70 69 
66 67 70 
67 71 70 
67 68 71 
69 70 72 
70 73 72 
70 71 73 
72 73 74 
75 76 80 
76 81 80 
76 77 81 
77 82 81 
77 78 82 
78 83 82 
78 79 83 
80 81 84 
81 85 84 
81 82 85 
82 86 85 
82 83 86 
84 85 87 
85 88 87 
85 86 88 
87 88 89 
90 91 95 
91 96 95 
91 92 96 
92 97 96 
92 93 97 
93 98 97 
93 94 98 
95 96 99 
96 100 99 
96 97 100 
97 101 100 
97 98 101 
99 100 102 
100 103 102 
100 101 103 
102 103 104 
105 106 110 
106 111 110 
106 107 111 
107 112 111 
107 108 112 
108 113 112 
108 109 113 
110 111 114 
111 115 114 
111 112 115 
112 116 115 
112 113 116 
114 115 117 
115 118 117 
115 116 118 
117 118 119 
120 121 125 
121 126 125 
121 122 126 
122 127 126 
122 123 127 
123 128 127 
123 124 128 
125 126 129 
126 130 129 
126 127 130 
127 131 130 
127 128 131 
129 130 132 
130 133 132 
130 131 133 
132 133 134 
135 136 140 
136 141 140 
136 137 141 
137 142 141 
137 138 142 
138 143 142 
138 139 143 
140 141 144 
141 145 144 
141 142 145 
142 146 145 
142 143 146 
144 145 147 
145 148 147 
145 146 148 
147 148 149 
150 151 155 
151 156 155 
151 152 156 
152 157 156 
152 153 157 
153 158 157 
153 154 158 
155 156 159 
156 160 159 
156 157 160 
157 161 160 
157 158 161 
159 160 162 
160 163 162 
160 161 163 
162 163 164 
165 166 170 
166 171 170 
166 167 171 
167 172 171 
167 168 172 
168 173 172 
168 169 173 
170 171 174 
171 175 174 
171 172 175 
172 176 175 
172 173 176 
174 175 177 
175 178 177 
175 176 178 
177 178 179 
180 181 185 
181 186 185 
181 182 186 
182 187 186 
182 183 187 
183 188 187 
183 184 188 
185 186 189 
186 190 189 
186 187 190 
187 191 190 
187 188 191 
189 190 192 
190 193 192 
190 191 193 
192 193 194 
195 196 200 
196 201 200 
196 197 201 
197 202 201 
197 198 202 
198 203 202 
198 199 203 
200 201 204 
201 205 204 
201 202 205 
202 206 205 
202 203 206 
204 205 207 
205 208 207 
205 206 208 
207 208 209 
210 211 215 
211 216 215 
211 212 216 
212 217 216 
212 213 217 
213 218 217 
213 214 218 
215 216 219 
216 220 219 
216 217 220 
217 221 220 
217 218 221 
219 220 222 
220 223 222 
220 221 223 
222 223 224 
225 226 230 
226 231 230 
226 227 231 
227 232 231 
227 228 232 
228 233 232 
228 229 233 
230 231 234 
231 235 234 
231 232 235 
232 236 235 
232 233 236 
234 235 237 
235 238 237 
235 236 238 
237 238 239 
240 241 245 
241 246 245 
241 242 246 
242 247 246 
242 243 247 
243 248 247 
243 244 248 
245 246 249 
246 250 249 
246 247 250 
247 251 250 
247 248 251 
249 250 252 
250 253 252 
250 251 253 
252 253 254 
255 256 260 
256 261 260 
256 257 261 
257 262 261 
257 258 262 
258 263 262 
258 259 263 
260 261 264 
261 265 264 
261 262 265 
262 266 265 
262 263 266 
264 265 267 
265 268 267 
265 266 268 
267 268 269 
270 271 275 
271 276 275 
271 272 276 
272 277 276 
272 273 277 
273 278 277 
273 274 278 
275 276 279 
276 280 279 
276 277 280 
277 281 280 
277 278 281 
279 280 282 
280 283 282 
280 281 283 
282 283 284 
285 286 290 
286 291 290 
286 287 291 
287 292 291 
287 288 292 
288 293 292 
288 289 293 
290 291 294 
291 295 294 
291 292 295 
292 296 295 
292 293 296 
294 295 297 
295 298 297 
295 296 298 
297 298 299 
300 301 305 
301 306 305 
301 302 306 
302 307 306 
302 303 307 
303 308 307 
303 304 308 
305 306 309 
306 310 309 
306 307 310 
307 311 310 
307 308 311 
309 310 312 
310 313 312 
310 311 313 
312 313 314 
315 316 320 
316 321 320 
316 317 321 
317 322 321 
317 318 322 
318 323 322 
318 319 323 
320 321 324 
321 325 324 
321 322 325 
322 326 325 
322 323 326 
324 325 327 
325 328 327 
325 326 328 
327 328 329 
330 331 335 
331 336 335 
331 332 336 
332 337 336 
332 333 337 
333 338 337 
333 334 338 
335 336 339 
336 340 339 
336 337 340 
337 341 340 
337 338 341 
339 340 342 
340 343 342 
340 341 343 
342 343 344 
345 346 350 
346 351 350 
346 347 351 
347 352 351 
347 348 352 
348 353 352 
348 349 353 
350 351 354 
351 355 354 
351 352 355 
352 356 355 
352 353 356 
354 355 357 
355 358 357 
355 356 358 
357 358 359 
360 361 365 
361 366 365 
361 362 366 
362 367 366 
362 363 367 
363 368 367 
363 364 368 
365 366 369 
366 370 369 
366 367 370 
367 371 370 
367 368 371 
369 370 372 
370 373 372 
370 371 373 
372 373 374 
375 376 380 
376 381 380 
376 377 381 
377 382 381 
377 378 382 
378 383 382 
378 379 383 
380 381 384 
381 385 384 
381 382 385 
382 386 385 
382 383 386 
384 385 387 
385 388 387 
385 386 388 
387 388 389 
390 391 395 
391 396 395 
391 392 396 
392 397 396 
392 393 397 
393 398 397 
393 394 398 
395 396 399 
396 400 399 
396 397 400 
397 401 400 
397 398 401 
399 400 402 
400 403 402 
400 401 403 
402 403 404 
405 406 410 
406 411 410 
406 407 411 
407 412 411 
407 408 412 
408 413 412 
408 409 413 
410 411 414 
411 415 414 
411 412 415 
412 416 415 
412 413 416 
414 415 417 
415 418 417 
415 416 418 
417 418 419 
420 421 425 
421 426 425 
421 422 426 
422 427 426 
422 423 427 
423 428 427 
423 424 428 
425 426 429 
426 430 429 
426 427 430 
427 431 430 
427 428 431 
429 430 432 
430 433 432 
430 431 433 
432 433 434 
435 436 440 
436 441 440 
436 437 441 
437 442 441 
437 438 442 
438 443 442 
438 439 443 
440 441 444 
441 445 444 
441 442 445 
442 446 445 
442 443 446 
444 445 447 
445 448 447 
445 446 448 
447 448 449 
450 451 455 
451 456 455 
451 452 456 
452 457 456 
452 453 457 
453 458 457 
453 454 458 
455 456 459 
456 460 459 
456 457 460 
457 461 460 
457 458 461 
459 460 462 
460 463 462 
460 461 463 
462 463 464 
465 466 470 
466 471 470 
466 467 471 
467 472 471 
467 468 472 
468 473 472 
468 469 473 
470 471 474 
471 475 474 
471 472 475 
472 476 475 
472 473 476 
474 475 477 
475 478 477 
475 476 478 
477 478 479 
480 481 485 
481 486 485 
481 482 486 
482 487 486 
482 483 487 
483 488 487 
483 484 488 
485 486 489 
486 490 489 
486 487 490 
487 491 490 
487 488 491 
489 490 492 
490 493 492 
490 491 493 
492 493 494 
495 496 500 
496 501 500 
496 497 501 
497 502 501 
497 498 502 
498 503 502 
498 499 503 
500 501 504 
501 505 504 
501 502 505 
502 506 505 
502 503 506 
504 505 507 
505 508 507 
505 506 508 
507 508 509 
510 511 515 
511 516 515 
511 512 516 
512 517 516 
512 513 517 
513 518 517 
513 514 518 
515 516 519 
516 520 519 
516 517 520 
517 521 520 
517 518 521 
519 520 522 
520 523 522 
520 521 523 
522 523 524 
525 526 530 
526 531 530 
526 527 531 
527 532 531 
527 528 532 
528 533 532 
528 529 533 
530 531 534 
531 535 534 
531 532 535 
532 536 535 
532 533 536 
534 535 537 
535 538 537 
535 536 538 
537 538 539 
540 541 545 
541 546 545 
541 542 546 
542 547 546 
542 543 547 
543 548 547 
543 544 548 
545 546 549 
546 550 549 
546 547 550 
547 551 550 
547 548 551 
549 550 552 
550 553 552 
550 551 553 
552 553 554 
555 556 560 
556 561 560 
556 557 561 
557 562 561 
557 558 562 
558 563 562 
558 559 563 
560 561 564 
561 565 564 
561 562 565 
562 566 565 
562 563 566 
564 565 567 
565 568 567 
565 566 568 
567 568 569 
570 571 575 
571 576 575 
571 572 576 
572 577 576 
572 573 577 
573 578 577 
573 574 578 
575 576 579 
576 580 579 
576 577 580 
577 581 580 
577 578 581 
579 580 582 
580 583 582 
580 581 583 
582 583 584 
585 586 590 
586 591 590 
586 587 591 
587 592 591 
587 588 592 
588 593 592 
588 589 593 
590 591 594 
591 595 594 
591 592 595 
592 596 595 
592 593 596 
594 595 597 
595 598 597 
595 596 598 
597 598 599 
600 601 605 
601 606 605 
601 602 606 
602 607 606 
602 603 607 
603 608 607 
603 604 608 
605 606 609 
606 610 609 
606 607 610 
607 611 610 
607 608 611 
609 610 612 
610 613 612 
610 611 613 
612 613 614 
615 616 620 
616 621 620 
616 617 621 
617 622 621 
617 618 622 
618 623 622 
618 619 623 
620 621 624 
621 625 624 
621 622 625 
622 626 625 
622 623 626 
624 625 627 
625 628 627 
625 626 628 
627 628 629 
630 631 635 
631 636 635 
631 632 636 
632 637 636 
632 633 637 
633 638 637 
633 634 638 
635 636 639 
636 640 639 
636 637 640 
637 641 640 
637 638 641 
639 640 642 
640 643 642 
640 641 643 
642 643 644 
645 646 650 
646 651 650 
646 647 651 
647 652 651 
647 648 652 
648 653 652 
648 649 653 
650 651 654 
651 655 654 
651 652 655 
652 656 655 
652 653 656 
654 655 657 
655 658 657 
655 656 658 
657 658 659 
660 661 665 
661 666 665 
661 662 666 
662 667 666 
662 663 667 
663 668 667 
663 664 668 
665 666 669 
666 670 669 
666 667 670 
667 671 670 
667 668 671 
669 670 672 
670 673 672 
670 671 673 
672 673 674 
675 676 680 
676 681 680 
676 677 681 
677 682 681 
677 678 682 
678 683 682 
678 679 683 
680 681 684 
681 685 684 
681 682 685 
682 686 685 
682 683 686 
684 685 687 
685 688 687 
685 686 688 
687 688 689 
690 691 695 
691 696 695 
691 692 696 
692 697 696 
692 693 697 
693 698 697 
693 694 698 
695 696 699 
696 700 699 
696 697 700 
697 701 700 
697 698 701 
699 700 702 
700 703 702 
700 701 703 
702 703 704 
705 706 710 
706 711 710 
706 707 711 
707 712 711 
707 708 712 
708 713 712 
708 709 713 
710 711 714 
711 715 714 
711 712 715 
712 716 715 
712 713 716 
714 715 717 
715 718 717 
715 716 718 
717 718 719 
720 721 725 
721 726 725 
721 722 726 
722 727 726 
722 723 727 
723 728 727 
723 724 728 
725 726 729 
726 730 729 
726 727 730 
727 731 730 
727 728 731 
729 730 732 
730 733 732 
730 731 733 
732 733 734 
735 736 740 
736 741 740 
736 737 741 
737 742 741 
737 738 742 
738 743 742 
738 739 743 
740 741 744 
741 745 744 
741 742 745 
742 746 745 
742 743 746 
744 745 747 
745 748 747 
745 746 748 
747 748 749 
750 751 755 
751 756 755 
751 752 756 
752 757 756 
752 753 757 
753 758 757 
753 754 758 
755 756 759 
756 760 759 
756 757 760 
757 761 760 
757 758 761 
759 760 762 
760 763 762 
760 761 763 
762 763 764 
765 766 770 
766 771 770 
766 767 771 
767 772 771 
767 768 772 
768 773 772 
768 769 773 
770 771 774 
771 775 774 
771 772 775 
772 776 775 
772 773 776 
774 775 777 
775 778 777 
775 776 778 
777 778 779 
780 781 785 
781 786 785 
781 782 786 
782 787 786 
782 783 787 
783 788 787 
783 784 788 
785 786 789 
786 790 789 
786 787 790 
787 791 790 
787 788 791 
789 790 792 
790 793 792 
790 791 793 
792 793 794 
795 796 800 
796 801 800 
796 797 801 
797 802 801 
797 798 802 
798 803 802 
798 799 803 
800 801 804 
801 805 804 
801 802 805 
802 806 805 
802 803 806 
804 805 807 
805 808 807 
805 806 808 
807 808 809 
810 811 815 
811 816 815 
811 812 816 
812 817 816 
812 813 817 
813 818 817 
813 814 818 
815 816 819 
816 820 819 
816 817 820 
817 821 820 
817 818 821 
819 820 822 
820 823 822 
820 821 823 
822 823 824 
825 826 830 
826 831 830 
826 827 831 
827 832 831 
827 828 832 
828 833 832 
828 829 833 
830 831 834 
831 835 834 
831 832 835 
832 836 835 
832 833 836 
834 835 837 
835 838 837 
835 836 838 
837 838 839 
840 841 845 
841 846 845 
841 842 846 
842 847 846 
842 843 847 
843 848 847 
843 844 848 
845 846 849 
846 850 849 
846 847 850 
847 851 850 
847 848 851 
849 850 852 
850 853 852 
850 851 853 
852 853 854 
855 856 860 
856 861 860 
856 857 861 
857 862 861 
857 858 862 
858 863 862 
858 859 863 
860 861 864 
861 865 864 
861 862 865 
862 866 865 
862 863 866 
864 865 867 
865 868 867 
865 866 868 
867 868 869 
870 871 875 
871 876 875 
871 872 876 
872 877 876 
872 873 877 
873 878 877 
873 874 878 
875 876 879 
876 880 879 
876 877 880 
877 881 880 
877 878 881 
879 880 882 
880 883 882 
880 881 883 
882 883 884 
</DataArray>
<DataArray type="Int32" Name="offsets" format="ascii">
3
6
9
12
15
18
21
24
27
30
33
36
39
42
45
48
51
54
57
60
63
66
69
72
75
78
81
84
87
90
93
96
99
102
105
108
111
114
117
120
123
126
129
132
135
138
141
144
147
150
153
156
159
162
165
168
171
174
177
180
183
186
189
192
195
198
201
204
207
210
213
216
219
222
225
228
231
234
237
240
243
246
249
252
255
258
261
264
267
270
273
276
279
282
285
288
291
294
297
300
303
306
309
312
315
318
321
324
327
330
333
336
339
342
345
348
351
354
357
360
363
366
369
372
375
378
381
384
387
390
393
396
399
402
405
408
411
414
417
420
423
426
429
432
435
438
441
444
447
450
453
456
459
462
465
468
471
474
477
480
483
486
489
492
495
498
501
504
507
510
513
516
519
522
525
528
531
534
537
540
543
546
549
552
555
558
561
564
567
570
573
576
579
582
585
588
591
594
597
600
603
606
609
612
615
618
621
624
627
630
633
636
639
642
645
648
651
654
657
660
663
666
669
672
675
678
681
684
687
690
693
696
699
702
705
708
711
714
717
720
723
726
729
732
735
738
741
744
747
750
753
756
759
762
765
768
771
774
777
780
783
786
789
792
795
798
801
804
807
810
813
816
819
822
825
828
831
834
837
840
843
846
849
852
855
858
861
864
867
870
873
876
879
882
885
888
891
894
897
900
903
906
909
912
915
918
921
924
927
930
933
936
939
942
945
948
951
954
957
960
963
966
969
972
975
978
981
984
987
990
993
996
999
1002
1005
1008
1011
1014
1017
1020
1023
1026
1029
1032
1035
1038
1041
1044
1047
1050
1053
1056
1059
1062
1065
1068
1071
1074
1077
1080
1083
1086
1089
1092
1095
1098
1101
1104
1107
1110
1113
1116
1119
1122
1125
1128
1131
1134
1137
1140
1143
1146
1149
1152
1155
1158
1161
1164
1167
1170
1173
1176
1179
1182
1185
1188
1191
1194
1197
1200
1203
1206
1209
1212
1215
1218
1221
1224
1227
1230
1233
1236
1239
1242
1245
1248
1251
1254
1257
1260
1263
1266
1269
1272
1275
1278
1281
1284
1287
1290
1293
1296
1299
1302
1305
1308
1311
1314
1317
1320
1323
1326
1329
1332
1335
1338
1341
1344
1347
1350
1353
1356
1359
1362
1365
1368
1371
1374
1377
1380
1383
1386
1389
1392
1395
1398
1401
1404
1407
1410
1413
1416
1419
1422
1425
1428
1431
1434
1437
1440
1443
1446
1449
1452
1455
1458
1461
1464
1467
1470
1473
1476
1479
1482
1485
1488
1491
1494
1497
1500
1503
1506
1509
1512
1515
1518
1521
1524
1527
1530
1533
1536
1539
1542
1545
1548
1551
1554
1557
1560
1563
1566
1569
1572
1575
1578
1581
1584
1587
1590
1593
1596
1599
1602
1605
1608
1611
1614
1617
1620
1623
1626
1629
1632
1635
1638
1641
1644
1647
1650
1653
1656
1659
1662
1665
1668
1671
1674
1677
1680
1683
1686
1689
1692
1695
1698
1701
1704
1707
1710
1713
1716
1719
1722
1725
1728
1731
1734
1737
1740
1743
1746
1749
1752
1755
1758
1761
1764
1767
1770
1773
1776
1779
1782
1785
1788
1791
1794
1797
1800
1803
1806
1809
1812
1815
1818
1821
1824
1827
1830
1833
1836
1839
1842
1845
1848
1851
1854
1857
1860
1863
1866
1869
1872
1875
1878
1881
1884
1887
1890
1893
1896
1899
1902
1905
1908
1911
1914
1917
1920
1923
1926
1929
1932
1935
1938
1941
1944
1947
1950
1953
1956
1959
1962
1965
1968
1971
1974
1977
1980
1983
1986
1989
1992
1995
1998
2001
2004
2007
2010
2013
2016
2019
2022
2025
2028
2031
2034
2037
2040
2043
2046
2049
2052
2055
2058
2061
2064
2067
2070
2073
2076
2079
2082
2085
2088
2091
2094
2097
2100
2103
2106
2109
2112
2115
2118
2121
2124
2127
2130
2133
2136
2139
2142
2145
2148
2151
2154
2157
2160
2163
2166
2169
2172
2175
2178
2181
2184
2187
2190
2193
2196
2199
2202
2205
2208
2211
2214
2217
2220
2223
2226
2229
2232
2235
2238
2241
2244
2247
2250
2253
2256
2259
2262
2265
2268
2271
2274
2277
2280
2283
2286
2289
2292
2295
2298
2301
2304
2307
2310
2313
2316
2319
2322
2325
2328
2331
2334
2337
2340
2343
2346
2349
2352
2355
2358
2361
2364
2367
2370
2373
2376
2379
2382
2385
2388
2391
2394
2397
2400
2403
2406
2409
2412
2415
2418
2421
2424
2427
2430
2433
2436
2439
2442
2445
2448
2451
2454
2457
2460
2463
2466
2469
2472
2475
2478
2481
2484
2487
2490
2493
2496
2499
2502
2505
2508
2511
2514
2517
2520
2523
2526
2529
2532
2535
2538
2541
2544
2547
2550
2553
2556
2559
2562
2565
2568
2571
2574
2577
2580
2583
2586
2589
2592
2595
2598
2601
2604
2607
2610
2613
2616
2619
2622
2625
2628
2631
2634
2637
2640
2643
2646
2649
2652
2655
2658
2661
2664
2667
2670
2673
2676
2679
2682
2685
2688
2691
2694
2697
2700
2703
2706
2709
2712
2715
2718
2721
2724
2727
2730
2733
2736
2739
2742
2745
2748
2751
2754
2757
2760
2763
2766
2769
2772
2775
2778
2781
2784
2787
2790
2793
2796
2799
2802
2805
2808
2811
2814
2817
2820
2823
2826
2829
2832
</DataArray>
<DataArray type="UInt8" Name="types" format="ascii">
5
5
5
5
5
5
5
5
5
5
5
5
5
5
5
5
5
5
5
5
5
5
5
5
5
5
5
5
5
5
5
5
5
5
5
5
5
5
5
5
5
5
5
5
5
5
5
5
5
5
5
5
5
5
5
5
5
5
5
5
5
5
5
5
5
5
5
5
5
5
5
5
5
5
5
5
5
5
5
5
5
5
5
5
5
5
5
5
5
5
5
5
5
5
5
5
5
5
5
5
5
5
5
5
5
5
5
5
5
5
5
5
5
5
5
5
5
5
5
5
5
5
5
5
5
5
5
5
5
5
5
5
5
5
5
5
5
5
5
5
5
5
5
5
5
5
5
5
5
5
5
5
5
5
5
5
5
5
5
5
5
5
5
5
5
5
5
5
5
5
5
5
5
5
5
5
5
5
5
5
5
5
5
5
5
5
5
5
5
5
5
5
5
5
5
5
5
5
5
5
5
5
5
5
5
5
5
5
5
5
5
5
5
5
5
5
5
5
5
5
5
5
5
5
5
5
5
5
5
5
5
5
5
5
5
5
5
5
5
5
5
5
5
5
5
5
5
5
5
5
5
5
5
5
5
5
5
5
5
5
5
5
5
5
5
5
5
5
5
5
5
5
5
5
5
5
5
5
5
5
5
5
5
5
5
5
5
5
5
5
5
5
5
5
5
5
5
5
5
5
5
5
5
5
5
5
5
5
5
5
5
5
5
5
5
5
5
5
5
5
5
5
5
5
5
5
5
5
5
5
5
5
5
5
5
5
5
5
5
5
5
5
5
5
5
5
5
5
5
5
5
5
5
5
5
5
5
5
5
5
5
5
5
5
5
5
5
5
5
5
5
5
5
5
5
5
5
5
5
5
5
5
5
5
5
5
5
5
5
5
5
5
5
5
5
5
5
5
5
5
5
5
5
5
5
5
5
5
5
5
5
5
5
5
5
5
5
5
5
5
5
5
5
5
5
5
5
5
5
5
5
5
5
5
5
5
5
5
5
5
5
5
5
5
5
5
5
5
5
5
5
5
5
5
5
5
5
5
5
5
5
5
5
5
5
5
5
5
5
5
5
5
5
5
5
5
5
5
5
5
5
5
5
5
5
5
5
5
5
5
5
5
5
5
5
5
5
5
5
5
5
5
5
5
5
5
5
5
5
5
5
5
5
5
5
5
5
5
5
5
5
5
5
5
5
5
5
5
5
5
5
5
5
5
5
5
5
5
5
5
5
5
5
5
5
5
5
5
5
5
5
5
5
5
5
5
5
5
5
5
5
5
5
5
5
5
5
5
5
5
5
5
5
5
5
5
5
5
5
5
5
5
5
5
5
5
5
5
5
5
5
5
5
5
5
5
5
5
5
5
5
5
5
5
5
5
5
5
5
5
5
5
5
5
5
5
5
5
5
5
5
5
5
5
5
5
5
5
5
5
5
5
5
5
5
5
5
5
5
5
5
5
5
5
5
5
5
5
5
5
5
5
5
5
5
5
5
5
5
5
5
5
5
5
5
5
5
5
5
5
5
5
5
5
5
5
5
5
5
5
5
5
5
5
5
5
5
5
5
5
5
5
5
5
5
5
5
5
5
5
5
5
5
5
5
5
5
5
5
5
5
5
5
5
5
5
5
5
5
5
5
5
5
5
5
5
5
5
5
5
5
5
5
5
5
5
5
5
5
5
5
5
5
5
5
5
5
5
5
5
5
5
5
5
5
5
5
5
5
5
5
5
5
5
5
5
5
5
5
5
5
5
5
5
5
5
5
5
5
5
5
5
5
5
5
5
5
5
5
5
5
5
5
5
5
5
5
5
5
5
5
5
5
5
5
5
5
5
5
5
5
5
5
5
5
5
5
5
5
5
5
5
5
5
5
5
5
5
5
5
5
5
5
5
5
5
5
5
5
5
5
5
5
5
5
5
5
5
5
5
5
5
5
5
5
5
5
5
5
5
5
5
5
5
5
5
5
5
5
5
5
5
5
5
5
5
5
5
5
5
5
5
5
5
5
5
5
5
5
5
5
5
5
5
5
5
5
5
5
5
5
5
5
5
5
5
5
5
5
5
5
5
5
5
5
5
5
5
5
5
5
5
5
5
5
5
5
5
5
5
5
5
5
5
5
5
5
5
5
5
5
5
5
5
</DataArray>
</Cells>
<PointData>
<DataArray type="Float32" Name="V1" format="ascii">
0.000000e+00
0.000000e+00
0.000000e+00
0.000000e+00
0.000000e+00
0.000000e+00
0.000000e+00
0.000000e+00
0.000000e+00
0.000000e+00
0.000000e+00
0.000000e+00
0.000000e+00
0.000000e+00
0.000000e+00
0.000000e+00
0.000000e+00
0.000000e+00
0.000000e+00
0.000000e+00
0.000000e+00
0.000000e+00
0.000000e+00
0.000000e+00
0.000000e+00
0.000000e+00
0.000000e+00
0.000000e+00
0.000000e+00
0.000000e+00
0.000000e+00
0.000000e+00
0.000000e+00
0.000000e+00
0.000000e+00
0.000000e+00
0.000000e+00
0.000000e+00
0.000000e+00
0.000000e+00
0.000000e+00
0.000000e+00
0.000000e+00
0.000000e+00
0.000000e+00
0.000000e+00
0.000000e+00
0.000000e+00
0.000000e+00
0.000000e+00
0.000000e+00
0.000000e+00
0.000000e+00
0.000000e+00
0.000000e+00
0.000000e+00
0.000000e+00
0.000000e+00
0.000000e+00
0.000000e+00
0.000000e+00
0.000000e+00
0.000000e+00
0.000000e+00
0.000000e+00
0.000000e+00
0.000000e+00
0.000000e+00
0.000000e+00
0.000000e+00
0.000000e+00
0.000000e+00
0.000000e+00
0.000000e+00
0.000000e+00
0.000000e+00
0.000000e+00
0.000000e+00
0.000000e+00
0.000000e+00
0.000000e+00
0.000000e+00
0.000000e+00
0.000000e+00
0.000000e+00
0.000000e+00
0.000000e+00
0.000000e+00
0.000000e+00
0.000000e+00
0.000000e+00
0.000000e+00
0.000000e+00
0.000000e+00
0.000000e+00
0.000000e+00
0.000000e+00
0.000000e+00
0.000000e+00
0.000000e+00
0.000000e+00
0.000000e+00
0.000000e+00
0.000000e+00
0.000000e+00
0.000000e+00
0.000000e+00
0.000000e+00
0.000000e+00
0.000000e+00
0.000000e+00
0.000000e+00
0.000000e+00
0.000000e+00
0.000000e+00
0.000000e+00
0.000000e+00
0.000000e+00
0.000000e+00
0.000000e+00
0.000000e+00
0.000000e+00
0.000000e+00
0.000000e+00
0.000000e+00
0.000000e+00
0.000000e+00
0.000000e+00
0.000000e+00
0.000000e+00
0.000000e+00
0.000000e+00
0.000000e+00
0.000000e+00
0.000000e+00
0.000000e+00
0.000000e+00
0.000000e+00
0.000000e+00
0.000000e+00
0.000000e+00
0.000000e+00
0.000000e+00
0.000000e+00
0.000000e+00
0.000000e+00
0.000000e+00
0.000000e+00
0.000000e+00
0.000000e+00
0.000000e+00
0.000000e+00
0.000000e+00
0.000000e+00
0.000000e+00
0.000000e+00
0.000000e+00
0.000000e+00
0.000000e+00
0.000000e+00
0.000000e+00
0.000000e+00
0.000000e+00
0.000000e+00
0.000000e+00
0.000000e+00
0.000000e+00
0.000000e+00
0.000000e+00
0.000000e+00
0.000000e+00
0.000000e+00
0.000000e+00
0.000000e+00
0.000000e+00
0.000000e+00
0.000000e+00
0.000000e+00
0.000000e+00
0.000000e+00
0.000000e+00
0.000000e+00
0.000000e+00
0.000000e+00
0.000000e+00
0.000000e+00
0.000000e+00
0.000000e+00
0.000000e+00
0.000000e+00
0.000000e+00
0.000000e+00
0.000000e+00
0.000000e+00
0.000000e+00
0.000000e+00
0.000000e+00
0.000000e+00
0.000000e+00
0.000000e+00
0.000000e+00
0.000000e+00
0.000000e+00
0.000000e+00
0.000000e+00
0.000000e+00
0.000000e+00
0.000000e+00
0.000000e+00
0.000000e+00
0.000000e+00
0.000000e+00
0.000000e+00
0.000000e+00
0.000000e+00
0.000000e+00
0.000000e+00
0.000000e+00
0.000000e+00
0.000000e+00
0.000000e+00
0.000000e+00
0.000000e+00
0.000000e+00
0.000000e+00
0.000000e+00
0.000000e+00
0.000000e+00
0.000000e+00
0.000000e+00
0.000000e+00
0.000000e+00
0.000000e+00
0.000000e+00
0.000000e+00
0.000000e+00
0.000000e+00
0.000000e+00
0.000000e+00
0.000000e+00
0.000000e+00
0.000000e+00
0.000000e+00
0.000000e+00
0.000000e+00
0.000000e+00
0.000000e+00
0.000000e+00
0.000000e+00
0.000000e+00
0.000000e+00
0.000000e+00
0.000000e+00
0.000000e+00
0.000000e+00
0.000000e+00
0.000000e+00
0.000000e+00
0.000000e+00
0.000000e+00
0.000000e+00
0.000000e+00
0.000000e+00
0.000000e+00
0.000000e+00
0.000000e+00
0.000000e+00
0.000000e+00
0.000000e+00
0.000000e+00
0.000000e+00
0.000000e+00
0.000000e+00
0.000000e+00
0.000000e+00
0.000000e+00
0.000000e+00
0.000000e+00
0.000000e+00
0.000000e+00
0.000000e+00
0.000000e+00
0.000000e+00
0.000000e+00
0.000000e+00
0.000000e+00
0.000000e+00
0.000000e+00
0.000000e+00
0.000000e+00
0.000000e+00
0.000000e+00
0.000000e+00
0.000000e+00
0.000000e+00
0.000000e+00
0.000000e+00
0.000000e+00
0.000000e+00
0.000000e+00
0.000000e+00
0.000000e+00
0.000000e+00
0.000000e+00
0.000000e+00
0.000000e+00
0.000000e+00
0.000000e+00
0.000000e+00
0.000000e+00
0.000000e+00
0.000000e+00
0.000000e+00
0.000000e+00
0.000000e+00
0.000000e+00
0.000000e+00
0.000000e+00
0.000000e+00
0.000000e+00
0.000000e+00
0.000000e+00
0.000000e+00
0.000000e+00
0.000000e+00
0.000000e+00
0.000000e+00
0.000000e+00
0.000000e+00
0.000000e+00
0.000000e+00
0.000000e+00
0.000000e+00
0.000000e+00
0.000000e+00
0.000000e+00
0.000000e+00
0.000000e+00
0.000000e+00
0.000000e+00
0.000000e+00
0.000000e+00
0.000000e+00
0.000000e+00
0.000000e+00
0.000000e+00
0.000000e+00
0.000000e+00
0.000000e+00
0.000000e+00
0.000000e+00
0.000000e+00
0.000000e+00
0.000000e+00
0.000000e+00
0.000000e+00
0.000000e+00
0.000000e+00
0.000000e+00
0.000000e+00
0.000000e+00
0.000000e+00
0.000000e+00
0.000000e+00
0.000000e+00
0.000000e+00
0.000000e+00
0.000000e+00
0.000000e+00
0.000000e+00
0.000000e+00
0.000000e+00
0.000000e+00
0.000000e+00
0.000000e+00
0.000000e+00
0.000000e+00
0.000000e+00
0.000000e+00
0.000000e+00
0.000000e+00
0.000000e+00
0.000000e+00
0.000000e+00
0.000000e+00
0.000000e+00
0.000000e+00
0.000000e+00
0.000000e+00
0.000000e+00
0.000000e+00
0.000000e+00
0.000000e+00
0.000000e+00
0.000000e+00
0.000000e+00
0.000000e+00
0.000000e+00
0.000000e+00
0.000000e+00
0.000000e+00
0.000000e+00
0.000000e+00
0.000000e+00
0.000000e+00
0.000000e+00
0.000000e+00
0.000000e+00
0.000000e+00
0.000000e+00
0.000000e+00
0.000000e+00
0.000000e+00
0.000000e+00
0.000000e+00
0.000000e+00
0.000000e+00
0.000000e+00
0.000000e+00
0.000000e+00
0.000000e+00
0.000000e+00
0.000000e+00
0.000000e+00
0.000000e+00
0.000000e+00
0.000000e+00
0.000000e+00
0.000000e+00
0.000000e+00
0.000000e+00
0.000000e+00
0.000000e+00
0.000000e+00
0.000000e+00
0.000000e+00
0.000000e+00
0.000000e+00
0.000000e+00
0.000000e+00
0.000000e+00
0.000000e+00
0.000000e+00
0.000000e+00
0.000000e+00
0.000000e+00
0.000000e+00
0.000000e+00
0.000000e+00
0.000000e+00
0.000000e+00
0.000000e+00
0.000000e+00
0.000000e+00
0.000000e+00
0.000000e+00
0.000000e+00
0.000000e+00
0.000000e+00
0.000000e+00
0.000000e+00
0.000000e+00
0.000000e+00
0.000000e+00
0.000000e+00
0.000000e+00
0.000000e+00
0.000000e+00
0.000000e+00
0.000000e+00
0.000000e+00
0.000000e+00
0.000000e+00
0.000000e+00
0.000000e+00
0.000000e+00
0.000000e+00
0.000000e+00
0.000000e+00
0.000000e+00
0.000000e+00
0.000000e+00
0.000000e+00
0.000000e+00
0.000000e+00
0.000000e+00
0.000000e+00
0.000000e+00
0.000000e+00
0.000000e+00
0.000000e+00
0.000000e+00
0.000000e+00
0.000000e+00
0.000000e+00
0.000000e+00
0.000000e+00
0.000000e+00
0.000000e+00
0.000000e+00
0.000000e+00
0.000000e+00
0.000000e+00
0.000000e+00
0.000000e+00
0.000000e+00
0.000000e+00
0.000000e+00
0.000000e+00
0.000000e+00
0.000000e+00
0.000000e+00
0.000000e+00
0.000000e+00
0.000000e+00
0.000000e+00
0.000000e+00
0.000000e+00
0.000000e+00
0.000000e+00
0.000000e+00
0.000000e+00
0.000000e+00
0.000000e+00
0.000000e+00
0.000000e+00
0.000000e+00
0.000000e+00
0.000000e+00
0.000000e+00
0.000000e+00
0.000000e+00
0.000000e+00
0.000000e+00
0.000000e+00
0.000000e+00
0.000000e+00
0.000000e+00
0.000000e+00
0.000000e+00
0.000000e+00
0.000000e+00
0.000000e+00
0.000000e+00
0.000000e+00
0.000000e+00
0.000000e+00
0.000000e+00
0.000000e+00
0.000000e+00
0.000000e+00
0.000000e+00
0.000000e+00
0.000000e+00
0.000000e+00
0.000000e+00
0.000000e+00
0.000000e+00
0.000000e+00
0.000000e+00
0.000000e+00
0.000000e+00
0.000000e+00
0.000000e+00
0.000000e+00
0.000000e+00
0.000000e+00
0.000000e+00
0.000000e+00
0.000000e+00
0.000000e+00
0.000000e+00
0.000000e+00
0.000000e+00
0.000000e+00
0.000000e+00
0.000000e+00
0.000000e+00
0.000000e+00
0.000000e+00
0.000000e+00
0.000000e+00
0.000000e+00
0.000000e+00
0.000000e+00
0.000000e+00
0.000000e+00
0.000000e+00
0.000000e+00
0.000000e+00
0.000000e+00
0.000000e+00
0.000000e+00
0.000000e+00
0.000000e+00
0.000000e+00
0.000000e+00
0.000000e+00
0.000000e+00
0.000000e+00
0.000000e+00
0.000000e+00
0.000000e+00
0.000000e+00
0.000000e+00
0.000000e+00
0.000000e+00
0.000000e+00
0.000000e+00
0.000000e+00
0.000000e+00
0.000000e+00
0.000000e+00
0.000000e+00
0.000000e+00
0.000000e+00
0.000000e+00
0.000000e+00
0.000000e+00
0.000000e+00
0.000000e+00
0.000000e+00
0.000000e+00
0.000000e+00
0.000000e+00
0.000000e+00
0.000000e+00
0.000000e+00
0.000000e+00
0.000000e+00
0.000000e+00
0.000000e+00
0.000000e+00
0.000000e+00
0.000000e+00
0.000000e+00
0.000000e+00
0.000000e+00
0.000000e+00
0.000000e+00
0.000000e+00
0.000000e+00
0.000000e+00
0.000000e+00
0.000000e+00
0.000000e+00
0.000000e+00
0.000000e+00
0.000000e+00
0.000000e+00
0.000000e+00
0.000000e+00
0.000000e+00
0.000000e+00
0.000000e+00
0.000000e+00
0.000000e+00
0.000000e+00
0.000000e+00
0.000000e+00
0.000000e+00
0.000000e+00
0.000000e+00
0.000000e+00
0.000000e+00
0.000000e+00
0.000000e+00
0.000000e+00
0.000000e+00
0.000000e+00
0.000000e+00
0.000000e+00
0.000000e+00
0.000000e+00
0.000000e+00
0.000000e+00
0.000000e+00
0.000000e+00
0.000000e+00
0.000000e+00
0.000000e+00
0.000000e+00
0.000000e+00
0.000000e+00
0.000000e+00
0.000000e+00
0.000000e+00
0.000000e+00
0.000000e+00
0.000000e+00
0.000000e+00
0.000000e+00
0.000000e+00
0.000000e+00
0.000000e+00
0.000000e+00
0.000000e+00
0.000000e+00
0.000000e+00
0.000000e+00
0.000000e+00
0.000000e+00
0.000000e+00
0.000000e+00
0.000000e+00
0.000000e+00
0.000000e+00
0.000000e+00
0.000000e+00
0.000000e+00
0.000000e+00
0.000000e+00
0.000000e+00
0.000000e+00
0.000000e+00
0.000000e+00
0.000000e+00
0.000000e+00
0.000000e+00
0.000000e+00
0.000000e+00
0.000000e+00
0.000000e+00
0.000000e+00
0.000000e+00
0.000000e+00
0.000000e+00
0.000000e+00
0.000000e+00
0.000000e+00
0.000000e+00
0.000000e+00
0.000000e+00
0.000000e+00
0.000000e+00
0.000000e+00
0.000000e+00
0.000000e+00
0.000000e+00
0.000000e+00
0.000000e+00
0.000000e+00
0.000000e+00
0.000000e+00
0.000000e+00
0.000000e+00
0.000000e+00
0.000000e+00
0.000000e+00
0.000000e+00
0.000000e+00
0.000000e+00
0.000000e+00
0.000000e+00
0.000000e+00
0.000000e+00
0.000000e+00
0.000000e+00
0.000000e+00
0.000000e+00
0.000000e+00
0.000000e+00
0.000000e+00
0.000000e+00
0.000000e+00
0.000000e+00
0.000000e+00
0.000000e+00
0.000000e+00
0.000000e+00
0.000000e+00
0.000000e+00
0.000000e+00
0.000000e+00
0.000000e+00
0.000000e+00
0.000000e+00
0.000000e+00
0.000000e+00
0.000000e+00
0.000000e+00
0.000000e+00
0.000000e+00
0.000000e+00
0.000000e+00
0.000000e+00
0.000000e+00
0.000000e+00
0.000000e+00
0.000000e+00
0.000000e+00
0.000000e+00
0.000000e+00
0.000000e+00
0.000000e+00
0.000000e+00
0.000000e+00
0.000000e+00
0.000000e+00
0.000000e+00
0.000000e+00
0.000000e+00
0.000000e+00
0.000000e+00
0.000000e+00
0.000000e+00
0.000000e+00
0.000000e+00
0.000000e+00
0.000000e+00
0.000000e+00
0.000000e+00
0.000000e+00
0.000000e+00
0.000000e+00
0.000000e+00
0.000000e+00
0.000000e+00
0.000000e+00
0.000000e+00
0.000000e+00
0.000000e+00
0.000000e+00
0.000000e+00
0.000000e+00
0.000000e+00
0.000000e+00
0.000000e+00
0.000000e+00
0.000000e+00
0.000000e+00
0.000000e+00
0.000000e+00
0.000000e+00
0.000000e+00
0.000000e+00
0.000000e+00
0.000000e+00
0.000000e+00
0.000000e+00
0.000000e+00
0.000000e+00
0.000000e+00
0.000000e+00
0.000000e+00
0.000000e+00
0.000000e+00
0.000000e+00
0.000000e+00
0.000000e+00
0.000000e+00
0.000000e+00
0.000000e+00
0.000000e+00
0.000000e+00
0.000000e+00
0.000000e+00
0.000000e+00
0.000000e+00
0.000000e+00
0.000000e+00
0.000000e+00
0.000000e+00
0.000000e+00
0.000000e+00
0.000000e+00
0.000000e+00
0.000000e+00
0.000000e+00
0.000000e+00
0.000000e+00
0.000000e+00
0.000000e+00
0.000000e+00
0.000000e+00
0.000000e+00
0.000000e+00
0.000000e+00
0.000000e+00
0.000000e+00
0.000000e+00
0.000000e+00
0.000000e+00
0.000000e+00
0.000000e+00
</DataArray>
<DataArray type="Float32" Name="V2" format="ascii">
0.000000e+00
0.000000e+00
0.000000e+00
0.000000e+00
0.000000e+00
0.000000e+00
0.000000e+00
0.000000e+00
0.000000e+00
0.000000e+00
0.000000e+00
0.000000e+00
0.000000e+00
0.000000e+00
0.000000e+00
0.000000e+00
0.000000e+00
0.000000e+00
0.000000e+00
0.000000e+00
0.000000e+00
0.000000e+00
0.000000e+00
0.000000e+00
0.000000e+00
0.000000e+00
0.000000e+00
0.000000e+00
0.000000e+00
0.000000e+00
0.000000e+00
0.000000e+00
0.000000e+00
0.000000e+00
0.000000e+00
0.000000e+00
0.000000e+00
0.000000e+00
0.000000e+00
0.000000e+00
0.000000e+00
0.000000e+00
0.000000e+00
0.000000e+00
0.000000e+00
0.000000e+00
0.000000e+00
0.000000e+00
0.000000e+00
0.000000e+00
0.000000e+00
0.000000e+00
0.000000e+00
0.000000e+00
0.000000e+00
0.000000e+00
0.000000e+00
0.000000e+00
0.000000e+00
0.000000e+00
0.000000e+00
0.000000e+00
0.000000e+00
0.000000e+00
0.000000e+00
0.000000e+00
0.000000e+00
0.000000e+00
0.000000e+00
0.000000e+00
0.000000e+00
0.000000e+00
0.000000e+00
0.000000e+00
0.000000e+00
0.000000e+00
0.000000e+00
0.000000e+00
0.000000e+00
0.000000e+00
0.000000e+00
0.000000e+00
0.000000e+00
0.000000e+00
0.000000e+00
0.000000e+00
0.000000e+00
0.000000e+00
0.000000e+00
0.000000e+00
0.000000e+00
0.000000e+00
0.000000e+00
0.000000e+00
0.000000e+00
0.000000e+00
0.000000e+00
0.000000e+00
0.000000e+00
0.000000e+00
0.000000e+00
0.000000e+00
0.000000e+00
0.000000e+00
0.000000e+00
0.000000e+00
0.000000e+00
0.000000e+00
0.000000e+00
0.000000e+00
0.000000e+00
0.000000e+00
0.000000e+00
0.000000e+00
0.000000e+00
0.000000e+00
0.000000e+00
0.000000e+00
0.000000e+00
0.000000e+00
0.000000e+00
0.000000e+00
0.000000e+00
0.000000e+00
0.000000e+00
0.000000e+00
0.000000e+00
0.000000e+00
0.000000e+00
0.000000e+00
0.000000e+00
0.000000e+00
0.000000e+00
0.000000e+00
0.000000e+00
0.000000e+00
0.000000e+00
0.000000e+00
0.000000e+00
0.000000e+00
0.000000e+00
0.000000e+00
0.000000e+00
0.000000e+00
0.000000e+00
0.000000e+00
0.000000e+00
0.000000e+00
0.000000e+00
0.000000e+00
0.000000e+00
0.000000e+00
0.000000e+00
0.000000e+00
0.000000e+00
0.000000e+00
0.000000e+00
0.000000e+00
0.000000e+00
0.000000e+00
0.000000e+00
0.000000e+00
0.000000e+00
0.000000e+00
0.000000e+00
0.000000e+00
0.000000e+00
0.000000e+00
0.000000e+00
0.000000e+00
0.000000e+00
0.000000e+00
0.000000e+00
0.000000e+00
0.000000e+00
0.000000e+00
0.000000e+00
0.000000e+00
0.000000e+00
0.000000e+00
0.000000e+00
0.000000e+00
0.000000e+00
0.000000e+00
0.000000e+00
0.000000e+00
0.000000e+00
0.000000e+00
0.000000e+00
0.000000e+00
0.000000e+00
0.000000e+00
0.000000e+00
0.000000e+00
0.000000e+00
0.000000e+00
0.000000e+00
0.000000e+00
0.000000e+00
0.000000e+00
0.000000e+00
0.000000e+00
0.000000e+00
0.000000e+00
0.000000e+00
0.000000e+00
0.000000e+00
0.000000e+00
0.000000e+00
0.000000e+00
0.000000e+00
0.000000e+00
0.000000e+00
0.000000e+00
0.000000e+00
0.000000e+00
0.000000e+00
0.000000e+00
0.000000e+00
0.000000e+00
0.000000e+00
0.000000e+00
0.000000e+00
0.000000e+00
0.000000e+00
0.000000e+00
0.000000e+00
0.000000e+00
0.000000e+00
0.000000e+00
0.000000e+00
0.000000e+00
0.000000e+00
0.000000e+00
0.000000e+00
0.000000e+00
0.000000e+00
0.000000e+00
0.000000e+00
0.000000e+00
0.000000e+00
0.000000e+00
0.000000e+00
0.000000e+00
0.000000e+00
0.000000e+00
0.000000e+00
0.000000e+00
0.000000e+00
0.000000e+00
0.000000e+00
0.000000e+00
0.000000e+00
0.000000e+00
0.000000e+00
0.000000e+00
0.000000e+00
0.000000e+00
0.000000e+00
0.000000e+00
0.000000e+00
0.000000e+00
0.000000e+00
0.000000e+00
0.000000e+00
0.000000e+00
0.000000e+00
0.000000e+00
0.000000e+00
0.000000e+00
0.000000e+00
0.000000e+00
0.000000e+00
0.000000e+00
0.000000e+00
0.000000e+00
0.000000e+00
0.000000e+00
0.000000e+00
0.000000e+00
0.000000e+00
0.000000e+00
0.000000e+00
0.000000e+00
0.000000e+00
0.000000e+00
0.000000e+00
0.000000e+00
0.000000e+00
0.000000e+00
0.000000e+00
0.000000e+00
0.000000e+00
0.000000e+00
0.000000e+00
0.000000e+00
0.000000e+00
0.000000e+00
0.000000e+00
0.000000e+00
0.000000e+00
0.000000e+00
0.000000e+00
0.000000e+00
0.000000e+00
0.000000e+00
0.000000e+00
0.000000e+00
0.000000e+00
0.000000e+00
0.000000e+00
0.000000e+00
0.000000e+00
0.000000e+00
0.000000e+00
0.000000e+00
0.000000e+00
0.000000e+00
0.000000e+00
0.000000e+00
0.000000e+00
0.000000e+00
0.000000e+00
0.000000e+00
0.000000e+00
0.000000e+00
0.000000e+00
0.000000e+00
0.000000e+00
0.000000e+00
0.000000e+00
0.000000e+00
0.000000e+00
0.000000e+00
0.000000e+00
0.000000e+00
0.000000e+00
0.000000e+00
0.000000e+00
0.000000e+00
0.000000e+00
0.000000e+00
0.000000e+00
0.000000e+00
0.000000e+00
0.000000e+00
0.000000e+00
0.000000e+00
0.000000e+00
0.000000e+00
0.000000e+00
0.000000e+00
0.000000e+00
0.000000e+00
0.000000e+00
0.000000e+00
0.000000e+00
0.000000e+00
0.000000e+00
0.000000e+00
0.000000e+00
0.000000e+00
0.000000e+00
0.000000e+00
0.000000e+00
0.000000e+00
0.000000e+00
0.000000e+00
0.000000e+00
0.000000e+00
0.000000e+00
0.000000e+00
0.000000e+00
0.000000e+00
0.000000e+00
0.000000e+00
0.000000e+00
0.000000e+00
0.000000e+00
0.000000e+00
0.000000e+00
0.000000e+00
0.000000e+00
0.000000e+00
0.000000e+00
0.000000e+00
0.000000e+00
0.000000e+00
0.000000e+00
0.000000e+00
0.000000e+00
0.000000e+00
0.000000e+00
0.000000e+00
0.000000e+00
0.000000e+00
0.000000e+00
0.000000e+00
0.000000e+00
0.000000e+00
0.000000e+00
0.000000e+00
0.000000e+00
0.000000e+00
0.000000e+00
0.000000e+00
0.000000e+00
0.000000e+00
0.000000e+00
0.000000e+00
0.000000e+00
0.000000e+00
0.000000e+00
0.000000e+00
0.000000e+00
0.000000e+00
0.000000e+00
0.000000e+00
0.000000e+00
0.000000e+00
0.000000e+00
0.000000e+00
0.000000e+00
0.000000e+00
0.000000e+00
0.000000e+00
0.000000e+00
0.000000e+00
0.000000e+00
0.000000e+00
0.000000e+00
0.000000e+00
0.000000e+00
0.000000e+00
0.000000e+00
0.000000e+00
0.000000e+00
0.000000e+00
0.000000e+00
0.000000e+00
0.000000e+00
0.000000e+00
0.000000e+00
0.000000e+00
0.000000e+00
0.000000e+00
0.000000e+00
0.000000e+00
0.000000e+00
0.000000e+00
0.000000e+00
0.000000e+00
0.000000e+00
0.000000e+00
0.000000e+00
0.000000e+00
0.000000e+00
0.000000e+00
0.000000e+00
0.000000e+00
0.000000e+00
0.000000e+00
0.000000e+00
0.000000e+00
0.000000e+00
0.000000e+00
0.000000e+00
0.000000e+00
0.000000e+00
0.000000e+00
0.000000e+00
0.000000e+00
0.000000e+00
0.000000e+00
0.000000e+00
0.000000e+00
0.000000e+00
0.000000e+00
0.000000e+00
0.000000e+00
0.000000e+00
0.000000e+00
0.000000e+00
0.000000e+00
0.000000e+00
0.000000e+00
0.000000e+00
0.000000e+00
0.000000e+00
0.000000e+00
0.000000e+00
0.000000e+00
0.000000e+00
0.000000e+00
0.000000e+00
0.000000e+00
0.000000e+00
0.000000e+00
0.000000e+00
0.000000e+00
0.000000e+00
0.000000e+00
0.000000e+00
0.000000e+00
0.000000e+00
0.000000e+00
0.000000e+00
0.000000e+00
0.000000e+00
0.000000e+00
0.000000e+00
0.000000e+00
0.000000e+00
0.000000e+00
0.000000e+00
0.000000e+00
0.000000e+00
0.000000e+00
0.000000e+00
0.000000e+00
0.000000e+00
0.000000e+00
0.000000e+00
0.000000e+00
0.000000e+00
0.000000e+00
0.000000e+00
0.000000e+00
0.000000e+00
0.000000e+00
0.000000e+00
0.000000e+00
0.000000e+00
0.000000e+00
0.000000e+00
0.000000e+00
0.000000e+00
0.000000e+00
0.000000e+00
0.000000e+00
0.000000e+00
0.000000e+00
0.000000e+00
0.000000e+00
0.000000e+00
0.000000e+00
0.000000e+00
0.000000e+00
0.000000e+00
0.000000e+00
0.000000e+00
0.000000e+00
0.000000e+00
0.000000e+00
0.000000e+00
0.000000e+00
0.000000e+00
0.000000e+00
0.000000e+00
0.000000e+00
0.000000e+00
0.000000e+00
0.000000e+00
0.000000e+00
0.000000e+00
0.000000e+00
0.000000e+00
0.000000e+00
0.000000e+00
0.000000e+00
0.000000e+00
0.000000e+00
0.000000e+00
0.000000e+00
0.000000e+00
0.000000e+00
0.000000e+00
0.000000e+00
0.000000e+00
0.000000e+00
0.000000e+00
0.000000e+00
0.000000e+00
0.000000e+00
0.000000e+00
0.000000e+00
0.000000e+00
0.000000e+00
0.000000e+00
0.000000e+00
0.000000e+00
0.000000e+00
0.000000e+00
0.000000e+00
0.000000e+00
0.000000e+00
0.000000e+00
0.000000e+00
0.000000e+00
0.000000e+00
0.000000e+00
0.000000e+00
0.000000e+00
0.000000e+00
0.000000e+00
0.000000e+00
0.000000e+00
0.000000e+00
0.000000e+00
0.000000e+00
0.000000e+00
0.000000e+00
0.000000e+00
0.000000e+00
0.000000e+00
0.000000e+00
0.000000e+00
0.000000e+00
0.000000e+00
0.000000e+00
0.000000e+00
0.000000e+00
0.000000e+00
0.000000e+00
0.000000e+00
0.000000e+00
0.000000e+00
0.000000e+00
0.000000e+00
0.000000e+00
0.000000e+00
0.000000e+00
0.000000e+00
0.000000e+00
0.000000e+00
0.000000e+00
0.000000e+00
0.000000e+00
0.000000e+00
0.000000e+00
0.000000e+00
0.000000e+00
0.000000e+00
0.000000e+00
0.000000e+00
0.000000e+00
0.000000e+00
0.000000e+00
0.000000e+00
0.000000e+00
0.000000e+00
0.000000e+00
0.000000e+00
0.000000e+00
0.000000e+00
0.000000e+00
0.000000e+00
0.000000e+00
0.000000e+00
0.000000e+00
0.000000e+00
0.000000e+00
0.000000e+00
0.000000e+00
0.000000e+00
0.000000e+00
0.000000e+00
0.000000e+00
0.000000e+00
0.000000e+00
0.000000e+00
0.000000e+00
0.000000e+00
0.000000e+00
0.000000e+00
0.000000e+00
0.000000e+00
0.000000e+00
0.000000e+00
0.000000e+00
0.000000e+00
0.000000e+00
0.000000e+00
0.000000e+00
0.000000e+00
0.000000e+00
0.000000e+00
0.000000e+00
0.000000e+00
0.000000e+00
0.000000e+00
0.000000e+00
0.000000e+00
0.000000e+00
0.000000e+00
0.000000e+00
0.000000e+00
0.000000e+00
0.000000e+00
0.000000e+00
0.000000e+00
0.000000e+00
0.000000e+00
0.000000e+00
0.000000e+00
0.000000e+00
0.000000e+00
0.000000e+00
0.000000e+00
0.000000e+00
0.000000e+00
0.000000e+00
0.000000e+00
0.000000e+00
0.000000e+00
0.000000e+00
0.000000e+00
0.000000e+00
0.000000e+00
0.000000e+00
0.000000e+00
0.000000e+00
0.000000e+00
0.000000e+00
0.000000e+00
0.000000e+00
0.000000e+00
0.000000e+00
0.000000e+00
0.000000e+00
0.000000e+00
0.000000e+00
0.000000e+00
0.000000e+00
0.000000e+00
0.000000e+00
0.000000e+00
0.000000e+00
0.000000e+00
0.000000e+00
0.000000e+00
0.000000e+00
0.000000e+00
0.000000e+00
0.000000e+00
0.000000e+00
0.000000e+00
0.000000e+00
0.000000e+00
0.000000e+00
0.000000e+00
0.000000e+00
0.000000e+00
0.000000e+00
0.000000e+00
0.000000e+00
0.000000e+00
0.000000e+00
0.000000e+00
0.000000e+00
0.000000e+00
0.000000e+00
0.000000e+00
0.000000e+00
0.000000e+00
0.000000e+00
0.000000e+00
0.000000e+00
0.000000e+00
0.000000e+00
0.000000e+00
0.000000e+00
0.000000e+00
0.000000e+00
0.000000e+00
0.000000e+00
0.000000e+00
0.000000e+00
0.000000e+00
0.000000e+00
0.000000e+00
0.000000e+00
0.000000e+00
0.000000e+00
0.000000e+00
0.000000e+00
0.000000e+00
0.000000e+00
0.000000e+00
0.000000e+00
0.000000e+00
0.000000e+00
0.000000e+00
0.000000e+00
0.000000e+00
0.000000e+00
0.000000e+00
0.000000e+00
0.000000e+00
0.000000e+00
0.000000e+00
0.000000e+00
0.000000e+00
0.000000e+00
0.000000e+00
0.000000e+00
0.000000e+00
0.000000e+00
0.000000e+00
0.000000e+00
0.000000e+00
0.000000e+00
0.000000e+00
0.000000e+00
0.000000e+00
0.000000e+00
0.000000e+00
0.000000e+00
0.000000e+00
0.000000e+00
0.000000e+00
0.000000e+00
0.000000e+00
0.000000e+00
0.000000e+00
0.000000e+00
0.000000e+00
0.000000e+00
0.000000e+00
0.000000e+00
0.000000e+00
0.000000e+00
0.000000e+00
0.000000e+00
0.000000e+00
0.000000e+00
0.000000e+00
0.000000e+00
0.000000e+00
0.000000e+00
0.000000e+00
0.000000e+00
0.000000e+00
0.000000e+00
0.000000e+00
0.000000e+00
0.000000e+00
0.000000e+00
0.000000e+00
0.000000e+00
0.000000e+00
0.000000e+00
0.000000e+00
0.000000e+00
0.000000e+00
0.000000e+00
0.000000e+00
0.000000e+00
0.000000e+00
0.000000e+00
0.000000e+00
0.000000e+00
0.000000e+00
0.000000e+00
0.000000e+00
0.000000e+00
0.000000e+00
0.000000e+00
0.000000e+00
0.000000e+00
0.000000e+00
0.000000e+00
0.000000e+00
0.000000e+00
0.000000e+00
0.000000e+00
0.000000e+00
0.000000e+00
0.000000e+00
0.000000e+00
0.000000e+00
0.000000e+00
0.000000e+00
0.000000e+00
0.000000e+00
</DataArray>
<DataArray type="Float32" Name="V3" format="ascii">
0.000000e+00
0.000000e+00
0.000000e+00
0.000000e+00
0.000000e+00
0.000000e+00
0.000000e+00
0.000000e+00
0.000000e+00
0.000000e+00
0.000000e+00
0.000000e+00
0.000000e+00
0.000000e+00
0.000000e+00
0.000000e+00
0.000000e+00
0.000000e+00
0.000000e+00
0.000000e+00
0.000000e+00
0.000000e+00
0.000000e+00
0.000000e+00
0.000000e+00
0.000000e+00
0.000000e+00
0.000000e+00
0.000000e+00
0.000000e+00
0.000000e+00
0.000000e+00
0.000000e+00
0.000000e+00
0.000000e+00
0.000000e+00
0.000000e+00
0.000000e+00
0.000000e+00
0.000000e+00
0.000000e+00
0.000000e+00
0.000000e+00
0.000000e+00
0.000000e+00
0.000000e+00
0.000000e+00
0.000000e+00
0.000000e+00
0.000000e+00
0.000000e+00
0.000000e+00
0.000000e+00
0.000000e+00
0.000000e+00
0.000000e+00
0.000000e+00
0.000000e+00
0.000000e+00
0.000000e+00
0.000000e+00
0.000000e+00
0.000000e+00
0.000000e+00
0.000000e+00
0.000000e+00
0.000000e+00
0.000000e+00
0.000000e+00
0.000000e+00
0.000000e+00
0.000000e+00
0.000000e+00
0.000000e+00
0.000000e+00
0.000000e+00
0.000000e+00
0.000000e+00
0.000000e+00
0.000000e+00
0.000000e+00
0.000000e+00
0.000000e+00
0.000000e+00
0.000000e+00
0.000000e+00
0.000000e+00
0.000000e+00
0.000000e+00
0.000000e+00
0.000000e+00
0.000000e+00
0.000000e+00
0.000000e+00
0.000000e+00
0.000000e+00
0.000000e+00
0.000000e+00
0.000000e+00
0.000000e+00
0.000000e+00
0.000000e+00
0.000000e+00
0.000000e+00
0.000000e+00
0.000000e+00
0.000000e+00
0.000000e+00
0.000000e+00
0.000000e+00
0.000000e+00
0.000000e+00
0.000000e+00
0.000000e+00
0.000000e+00
0.000000e+00
0.000000e+00
0.000000e+00
0.000000e+00
0.000000e+00
0.000000e+00
0.000000e+00
0.000000e+00
0.000000e+00
0.000000e+00
0.000000e+00
0.000000e+00
0.000000e+00
0.000000e+00
0.000000e+00
0.000000e+00
0.000000e+00
0.000000e+00
0.000000e+00
0.000000e+00
0.000000e+00
0.000000e+00
0.000000e+00
0.000000e+00
0.000000e+00
0.000000e+00
0.000000e+00
0.000000e+00
0.000000e+00
0.000000e+00
0.000000e+00
0.000000e+00
0.000000e+00
0.000000e+00
0.000000e+00
0.000000e+00
0.000000e+00
0.000000e+00
0.000000e+00
0.000000e+00
0.000000e+00
0.000000e+00
0.000000e+00
0.000000e+00
0.000000e+00
0.000000e+00
0.000000e+00
0.000000e+00
0.000000e+00
0.000000e+00
0.000000e+00
0.000000e+00
0.000000e+00
0.000000e+00
0.000000e+00
0.000000e+00
0.000000e+00
0.000000e+00
0.000000e+00
0.000000e+00
0.000000e+00
0.000000e+00
0.000000e+00
0.000000e+00
0.000000e+00
0.000000e+00
0.000000e+00
0.000000e+00
0.000000e+00
0.000000e+00
0.000000e+00
0.000000e+00
0.000000e+00
0.000000e+00
0.000000e+00
0.000000e+00
0.000000e+00
0.000000e+00
0.000000e+00
0.000000e+00
0.000000e+00
0.000000e+00
0.000000e+00
0.000000e+00
0.000000e+00
0.000000e+00
0.000000e+00
0.000000e+00
0.000000e+00
0.000000e+00
0.000000e+00
0.000000e+00
0.000000e+00
0.000000e+00
0.000000e+00
0.000000e+00
0.000000e+00
0.000000e+00
0.000000e+00
0.000000e+00
0.000000e+00
0.000000e+00
0.000000e+00
0.000000e+00
0.000000e+00
0.000000e+00
0.000000e+00
0.000000e+00
0.000000e+00
0.000000e+00
0.000000e+00
0.000000e+00
0.000000e+00
0.000000e+00
0.000000e+00
0.000000e+00
0.000000e+00
0.000000e+00
0.000000e+00
0.000000e+00
0.000000e+00
0.000000e+00
0.000000e+00
0.000000e+00
0.000000e+00
0.000000e+00
0.000000e+00
0.000000e+00
0.000000e+00
0.000000e+00
0.000000e+00
0.000000e+00
0.000000e+00
0.000000e+00
0.000000e+00
0.000000e+00
0.000000e+00
0.000000e+00
0.000000e+00
0.000000e+00
0.000000e+00
0.000000e+00
0.000000e+00
0.000000e+00
0.000000e+00
0.000000e+00
0.000000e+00
0.000000e+00
0.000000e+00
0.000000e+00
0.000000e+00
0.000000e+00
0.000000e+00
0.000000e+00
0.000000e+00
0.000000e+00
0.000000e+00
0.000000e+00
0.000000e+00
0.000000e+00
0.000000e+00
0.000000e+00
0.000000e+00
0.000000e+00
0.000000e+00
0.000000e+00
0.000000e+00
0.000000e+00
0.000000e+00
0.000000e+00
0.000000e+00
0.000000e+00
0.000000e+00
0.000000e+00
0.000000e+00
0.000000e+00
0.000000e+00
0.000000e+00
0.000000e+00
0.000000e+00
0.000000e+00
0.000000e+00
0.000000e+00
0.000000e+00
0.000000e+00
0.000000e+00
0.000000e+00
0.000000e+00
0.000000e+00
0.000000e+00
0.000000e+00
0.000000e+00
0.000000e+00
0.000000e+00
0.000000e+00
0.000000e+00
0.000000e+00
0.000000e+00
0.000000e+00
0.000000e+00
0.000000e+00
0.000000e+00
0.000000e+00
0.000000e+00
0.000000e+00
0.000000e+00
0.000000e+00
0.000000e+00
0.000000e+00
0.000000e+00
0.000000e+00
0.000000e+00
0.000000e+00
0.000000e+00
0.000000e+00
0.000000e+00
0.000000e+00
0.000000e+00
0.000000e+00
0.000000e+00
0.000000e+00
0.000000e+00
0.000000e+00
0.000000e+00
0.000000e+00
0.000000e+00
0.000000e+00
0.000000e+00
0.000000e+00
0.000000e+00
0.000000e+00
0.000000e+00
0.000000e+00
0.000000e+00
0.000000e+00
0.000000e+00
0.000000e+00
0.000000e+00
0.000000e+00
0.000000e+00
0.000000e+00
0.000000e+00
0.000000e+00
0.000000e+00
0.000000e+00
0.000000e+00
0.000000e+00
0.000000e+00
0.000000e+00
0.000000e+00
0.000000e+00
0.000000e+00
0.000000e+00
0.000000e+00
0.000000e+00
0.000000e+00
0.000000e+00
0.000000e+00
0.000000e+00
0.000000e+00
0.000000e+00
0.000000e+00
0.000000e+00
0.000000e+00
0.000000e+00
0.000000e+00
0.000000e+00
0.000000e+00
0.000000e+00
0.000000e+00
0.000000e+00
0.000000e+00
0.000000e+00
0.000000e+00
0.000000e+00
0.000000e+00
0.000000e+00
0.000000e+00
0.000000e+00
0.000000e+00
0.000000e+00
0.000000e+00
0.000000e+00
0.000000e+00
0.000000e+00
0.000000e+00
0.000000e+00
0.000000e+00
0.000000e+00
0.000000e+00
0.000000e+00
0.000000e+00
0.000000e+00
0.000000e+00
0.000000e+00
0.000000e+00
0.000000e+00
0.000000e+00
0.000000e+00
0.000000e+00
0.000000e+00
0.000000e+00
0.000000e+00
0.000000e+00
0.000000e+00
0.000000e+00
0.000000e+00
0.000000e+00
0.000000e+00
0.000000e+00
0.000000e+00
0.000000e+00
0.000000e+00
0.000000e+00
0.000000e+00
0.000000e+00
0.000000e+00
0.000000e+00
0.000000e+00
0.000000e+00
0.000000e+00
0.000000e+00
0.000000e+00
0.000000e+00
0.000000e+00
0.000000e+00
0.000000e+00
0.000000e+00
0.000000e+00
0.000000e+00
0.000000e+00
0.000000e+00
0.000000e+00
0.000000e+00
0.000000e+00
0.000000e+00
0.000000e+00
0.000000e+00
0.000000e+00
0.000000e+00
0.000000e+00
0.000000e+00
0.000000e+00
0.000000e+00
0.000000e+00
0.000000e+00
0.000000e+00
0.000000e+00
0.000000e+00
0.000000e+00
0.000000e+00
0.000000e+00
0.000000e+00
0.000000e+00
0.000000e+00
0.000000e+00
0.000000e+00
0.000000e+00
0.000000e+00
0.000000e+00
0.000000e+00
0.000000e+00
0.000000e+00
0.000000e+00
0.000000e+00
0.000000e+00
0.000000e+00
0.000000e+00
0.000000e+00
0.000000e+00
0.000000e+00
0.000000e+00
0.000000e+00
0.000000e+00
0.000000e+00
0.000000e+00
0.000000e+00
0.000000e+00
0.000000e+00
0.000000e+00
0.000000e+00
0.000000e+00
0.000000e+00
0.000000e+00
0.000000e+00
0.000000e+00
0.000000e+00
0.000000e+00
0.000000e+00
0.000000e+00
0.000000e+00
0.000000e+00
0.000000e+00
0.000000e+00
0.000000e+00
0.000000e+00
0.000000e+00
0.000000e+00
0.000000e+00
0.000000e+00
0.000000e+00
0.000000e+00
0.000000e+00
0.000000e+00
0.000000e+00
0.000000e+00
0.000000e+00
0.000000e+00
0.000000e+00
0.000000e+00
0.000000e+00
0.000000e+00
0.000000e+00
0.000000e+00
0.000000e+00
0.000000e+00
0.000000e+00
0.000000e+00
0.000000e+00
0.000000e+00
0.000000e+00
0.000000e+00
0.000000e+00
0.000000e+00
0.000000e+00
0.000000e+00
0.000000e+00
0.000000e+00
0.000000e+00
0.000000e+00
0.000000e+00
0.000000e+00
0.000000e+00
0.000000e+00
0.000000e+00
0.000000e+00
0.000000e+00
0.000000e+00
0.000000e+00
0.000000e+00
0.000000e+00
0.000000e+00
0.000000e+00
0.000000e+00
0.000000e+00
0.000000e+00
0.000000e+00
0.000000e+00
0.000000e+00
0.000000e+00
0.000000e+00
0.000000e+00
0.000000e+00
0.000000e+00
0.000000e+00
0.000000e+00
0.000000e+00
0.000000e+00
0.000000e+00
0.000000e+00
0.000000e+00
0.000000e+00
0.000000e+00
0.000000e+00
0.000000e+00
0.000000e+00
0.000000e+00
0.000000e+00
0.000000e+00
0.000000e+00
0.000000e+00
0.000000e+00
0.000000e+00
0.000000e+00
0.000000e+00
0.000000e+00
0.000000e+00
0.000000e+00
0.000000e+00
0.000000e+00
0.000000e+00
0.000000e+00
0.000000e+00
0.000000e+00
0.000000e+00
0.000000e+00
0.000000e+00
0.000000e+00
0.000000e+00
0.000000e+00
0.000000e+00
0.000000e+00
0.000000e+00
0.000000e+00
0.000000e+00
0.000000e+00
0.000000e+00
0.000000e+00
0.000000e+00
0.000000e+00
0.000000e+00
0.000000e+00
0.000000e+00
0.000000e+00
0.000000e+00
0.000000e+00
0.000000e+00
0.000000e+00
0.000000e+00
0.000000e+00
0.000000e+00
0.000000e+00
0.000000e+00
0.000000e+00
0.000000e+00
0.000000e+00
0.000000e+00
0.000000e+00
0.000000e+00
0.000000e+00
0.000000e+00
0.000000e+00
0.000000e+00
0.000000e+00
0.000000e+00
0.000000e+00
0.000000e+00
0.000000e+00
0.000000e+00
0.000000e+00
0.000000e+00
0.000000e+00
0.000000e+00
0.000000e+00
0.000000e+00
0.000000e+00
0.000000e+00
0.000000e+00
0.000000e+00
0.000000e+00
0.000000e+00
0.000000e+00
0.000000e+00
0.000000e+00
0.000000e+00
0.000000e+00
0.000000e+00
0.000000e+00
0.000000e+00
0.000000e+00
0.000000e+00
0.000000e+00
0.000000e+00
0.000000e+00
0.000000e+00
0.000000e+00
0.000000e+00
0.000000e+00
0.000000e+00
0.000000e+00
0.000000e+00
0.000000e+00
0.000000e+00
0.000000e+00
0.000000e+00
0.000000e+00
0.000000e+00
0.000000e+00
0.000000e+00
0.000000e+00
0.000000e+00
0.000000e+00
0.000000e+00
0.000000e+00
0.000000e+00
0.000000e+00
0.000000e+00
0.000000e+00
0.000000e+00
0.000000e+00
0.000000e+00
0.000000e+00
0.000000e+00
0.000000e+00
0.000000e+00
0.000000e+00
0.000000e+00
0.000000e+00
0.000000e+00
0.000000e+00
0.000000e+00
0.000000e+00
0.000000e+00
0.000000e+00
0.000000e+00
0.000000e+00
0.000000e+00
0.000000e+00
0.000000e+00
0.000000e+00
0.000000e+00
0.000000e+00
0.000000e+00
0.000000e+00
0.000000e+00
0.000000e+00
0.000000e+00
0.000000e+00
0.000000e+00
0.000000e+00
0.000000e+00
0.000000e+00
0.000000e+00
0.000000e+00
0.000000e+00
0.000000e+00
0.000000e+00
0.000000e+00
0.000000e+00
0.000000e+00
0.000000e+00
0.000000e+00
0.000000e+00
0.000000e+00
0.000000e+00
0.000000e+00
0.000000e+00
0.000000e+00
0.000000e+00
0.000000e+00
0.000000e+00
0.000000e+00
0.000000e+00
0.000000e+00
0.000000e+00
0.000000e+00
0.000000e+00
0.000000e+00
0.000000e+00
0.000000e+00
0.000000e+00
0.000000e+00
0.000000e+00
0.000000e+00
0.000000e+00
0.000000e+00
0.000000e+00
0.000000e+00
0.000000e+00
0.000000e+00
0.000000e+00
0.000000e+00
0.000000e+00
0.000000e+00
0.000000e+00
0.000000e+00
0.000000e+00
0.000000e+00
0.000000e+00
0.000000e+00
0.000000e+00
0.000000e+00
0.000000e+00
0.000000e+00
0.000000e+00
0.000000e+00
0.000000e+00
0.000000e+00
0.000000e+00
0.000000e+00
0.000000e+00
0.000000e+00
0.000000e+00
0.000000e+00
0.000000e+00
0.000000e+00
0.000000e+00
0.000000e+00
0.000000e+00
0.000000e+00
0.000000e+00
0.000000e+00
0.000000e+00
0.000000e+00
0.000000e+00
0.000000e+00
0.000000e+00
0.000000e+00
0.000000e+00
0.000000e+00
0.000000e+00
0.000000e+00
0.000000e+00
0.000000e+00
0.000000e+00
0.000000e+00
0.000000e+00
0.000000e+00
0.000000e+00
0.000000e+00
0.000000e+00
0.000000e+00
0.000000e+00
0.000000e+00
0.000000e+00
0.000000e+00
0.000000e+00
0.000000e+00
0.000000e+00
0.000000e+00
0.000000e+00
0.000000e+00
0.000000e+00
0.000000e+00
0.000000e+00
0.000000e+00
0.000000e+00
0.000000e+00
0.000000e+00
0.000000e+00
0.000000e+00
0.000000e+00
0.000000e+00
0.000000e+00
0.000000e+00
0.000000e+00
0.000000e+00
0.000000e+00
0.000000e+00
0.000000e+00
0.000000e+00
0.000000e+00
0.000000e+00
0.000000e+00
0.000000e+00
0.000000e+00
0.000000e+00
0.000000e+00
0.000000e+00
0.000000e+00
0.000000e+00
0.000000e+00
0.000000e+00
0.000000e+00
0.000000e+00
0.000000e+00
0.000000e+00
0.000000e+00
0.000000e+00
0.000000e+00
0.000000e+00
0.000000e+00
0.000000e+00
0.000000e+00
0.000000e+00
0.000000e+00
0.000000e+00
0.000000e+00
0.000000e+00
0.000000e+00
0.000000e+00
0.000000e+00
0.000000e+00
0.000000e+00
0.000000e+00
0.000000e+00
0.000000e+00
0.000000e+00
0.000000e+00
0.000000e+00
</DataArray>
<DataArray type="Float32" Name="V4" format="ascii">
0.000000e+00
0.000000e+00
0.000000e+00
0.000000e+00
0.000000e+00
0.000000e+00
0.000000e+00
0.000000e+00
0.000000e+00
0.000000e+00
0.000000e+00
0.000000e+00
0.000000e+00
0.000000e+00
0.000000e+00
0.000000e+00
0.000000e+00
0.000000e+00
0.000000e+00
0.000000e+00
0.000000e+00
0.000000e+00
0.000000e+00
0.000000e+00
0.000000e+00
0.000000e+00
0.000000e+00
0.000000e+00
0.000000e+00
0.000000e+00
0.000000e+00
0.000000e+00
0.000000e+00
0.000000e+00
0.000000e+00
0.000000e+00
0.000000e+00
0.000000e+00
0.000000e+00
0.000000e+00
0.000000e+00
0.000000e+00
0.000000e+00
0.000000e+00
0.000000e+00
0.000000e+00
0.000000e+00
0.000000e+00
0.000000e+00
0.000000e+00
0.000000e+00
0.000000e+00
0.000000e+00
0.000000e+00
0.000000e+00
0.000000e+00
0.000000e+00
0.000000e+00
0.000000e+00
0.000000e+00
0.000000e+00
0.000000e+00
0.000000e+00
0.000000e+00
0.000000e+00
0.000000e+00
0.000000e+00
0.000000e+00
0.000000e+00
0.000000e+00
0.000000e+00
0.000000e+00
0.000000e+00
0.000000e+00
0.000000e+00
0.000000e+00
0.000000e+00
0.000000e+00
0.000000e+00
0.000000e+00
0.000000e+00
0.000000e+00
0.000000e+00
0.000000e+00
0.000000e+00
0.000000e+00
0.000000e+00
0.000000e+00
0.000000e+00
0.000000e+00
0.000000e+00
0.000000e+00
0.000000e+00
0.000000e+00
0.000000e+00
0.000000e+00
0.000000e+00
0.000000e+00
0.000000e+00
0.000000e+00
0.000000e+00
0.000000e+00
0.000000e+00
0.000000e+00
0.000000e+00
0.000000e+00
0.000000e+00
0.000000e+00
0.000000e+00
0.000000e+00
0.000000e+00
0.000000e+00
0.000000e+00
0.000000e+00
0.000000e+00
0.000000e+00
0.000000e+00
0.000000e+00
0.000000e+00
0.000000e+00
0.000000e+00
0.000000e+00
0.000000e+00
0.000000e+00
0.000000e+00
0.000000e+00
0.000000e+00
0.000000e+00
0.000000e+00
0.000000e+00
0.000000e+00
0.000000e+00
0.000000e+00
0.000000e+00
0.000000e+00
0.000000e+00
0.000000e+00
0.000000e+00
0.000000e+00
0.000000e+00
0.000000e+00
0.000000e+00
0.000000e+00
0.000000e+00
0.000000e+00
0.000000e+00
0.000000e+00
0.000000e+00
0.000000e+00
0.000000e+00
0.000000e+00
0.000000e+00
0.000000e+00
0.000000e+00
0.000000e+00
0.000000e+00
0.000000e+00
0.000000e+00
0.000000e+00
0.000000e+00
0.000000e+00
0.000000e+00
0.000000e+00
0.000000e+00
0.000000e+00
0.000000e+00
0.000000e+00
0.000000e+00
0.000000e+00
0.000000e+00
0.000000e+00
0.000000e+00
0.000000e+00
0.000000e+00
0.000000e+00
0.000000e+00
0.000000e+00
0.000000e+00
0.000000e+00
0.000000e+00
0.000000e+00
0.000000e+00
0.000000e+00
0.000000e+00
0.000000e+00
0.000000e+00
0.000000e+00
0.000000e+00
0.000000e+00
0.000000e+00
0.000000e+00
0.000000e+00
0.000000e+00
0.000000e+00
0.000000e+00
0.000000e+00
0.000000e+00
0.000000e+00
0.000000e+00
0.000000e+00
0.000000e+00
0.000000e+00
0.000000e+00
0.000000e+00
0.000000e+00
0.000000e+00
0.000000e+00
0.000000e+00
0.000000e+00
0.000000e+00
0.000000e+00
0.000000e+00
0.000000e+00
0.000000e+00
0.000000e+00
0.000000e+00
0.000000e+00
0.000000e+00
0.000000e+00
0.000000e+00
0.000000e+00
0.000000e+00
0.000000e+00
0.000000e+00
0.000000e+00
0.000000e+00
0.000000e+00
0.000000e+00
0.000000e+00
0.000000e+00
0.000000e+00
0.000000e+00
0.000000e+00
0.000000e+00
0.000000e+00
0.000000e+00
0.000000e+00
0.000000e+00
0.000000e+00
0.000000e+00
0.000000e+00
0.000000e+00
0.000000e+00
0.000000e+00
0.000000e+00
0.000000e+00
0.000000e+00
0.000000e+00
0.000000e+00
0.000000e+00
0.000000e+00
0.000000e+00
0.000000e+00
0.000000e+00
0.000000e+00
0.000000e+00
0.000000e+00
0.000000e+00
0.000000e+00
0.000000e+00
0.000000e+00
0.000000e+00
0.000000e+00
0.000000e+00
0.000000e+00
0.000000e+00
0.000000e+00
0.000000e+00
0.000000e+00
0.000000e+00
0.000000e+00
0.000000e+00
0.000000e+00
0.000000e+00
0.000000e+00
0.000000e+00
0.000000e+00
0.000000e+00
0.000000e+00
0.000000e+00
0.000000e+00
0.000000e+00
0.000000e+00
0.000000e+00
0.000000e+00
0.000000e+00
0.000000e+00
0.000000e+00
0.000000e+00
0.000000e+00
0.000000e+00
0.000000e+00
0.000000e+00
0.000000e+00
0.000000e+00
0.000000e+00
0.000000e+00
0.000000e+00
0.000000e+00
0.000000e+00
0.000000e+00
0.000000e+00
0.000000e+00
0.000000e+00
0.000000e+00
0.000000e+00
0.000000e+00
0.000000e+00
0.000000e+00
0.000000e+00
0.000000e+00
0.000000e+00
0.000000e+00
0.000000e+00
0.000000e+00
0.000000e+00
0.000000e+00
0.000000e+00
0.000000e+00
0.000000e+00
0.000000e+00
0.000000e+00
0.000000e+00
0.000000e+00
0.000000e+00
0.000000e+00
0.000000e+00
0.000000e+00
0.000000e+00
0.000000e+00
0.000000e+00
0.000000e+00
0.000000e+00
0.000000e+00
0.000000e+00
0.000000e+00
0.000000e+00
0.000000e+00
0.000000e+00
0.000000e+00
0.000000e+00
0.000000e+00
0.000000e+00
0.000000e+00
0.000000e+00
0.000000e+00
0.000000e+00
0.000000e+00
0.000000e+00
0.000000e+00
0.000000e+00
0.000000e+00
0.000000e+00
0.000000e+00
0.000000e+00
0.000000e+00
0.000000e+00
0.000000e+00
0.000000e+00
0.000000e+00
0.000000e+00
0.000000e+00
0.000000e+00
0.000000e+00
0.000000e+00
0.000000e+00
0.000000e+00
0.000000e+00
0.000000e+00
0.000000e+00
0.000000e+00
0.000000e+00
0.000000e+00
0.000000e+00
0.000000e+00
0.000000e+00
0.000000e+00
0.000000e+00
0.000000e+00
0.000000e+00
0.000000e+00
0.000000e+00
0.000000e+00
0.000000e+00
0.000000e+00
0.000000e+00
0.000000e+00
0.000000e+00
0.000000e+00
0.000000e+00
0.000000e+00
0.000000e+00
0.000000e+00
0.000000e+00
0.000000e+00
0.000000e+00
0.000000e+00
0.000000e+00
0.000000e+00
0.000000e+00
0.000000e+00
0.000000e+00
0.000000e+00
0.000000e+00
0.000000e+00
0.000000e+00
0.000000e+00
0.000000e+00
0.000000e+00
0.000000e+00
0.000000e+00
0.000000e+00
0.000000e+00
0.000000e+00
0.000000e+00
0.000000e+00
0.000000e+00
0.000000e+00
0.000000e+00
0.000000e+00
0.000000e+00
0.000000e+00
0.000000e+00
0.000000e+00
0.000000e+00
0.000000e+00
0.000000e+00
0.000000e+00
0.000000e+00
0.000000e+00
0.000000e+00
0.000000e+00
0.000000e+00
0.000000e+00
0.000000e+00
0.000000e+00
0.000000e+00
0.000000e+00
0.000000e+00
0.000000e+00
0.000000e+00
0.000000e+00
0.000000e+00
0.000000e+00
0.000000e+00
0.000000e+00
0.000000e+00
0.000000e+00
0.000000e+00
0.000000e+00
0.000000e+00
0.000000e+00
0.000000e+00
0.000000e+00
0.000000e+00
0.000000e+00
0.000000e+00
0.000000e+00
0.000000e+00
0.000000e+00
0.000000e+00
0.000000e+00
0.000000e+00
0.000000e+00
0.000000e+00
0.000000e+00
0.000000e+00
0.000000e+00
0.000000e+00
0.000000e+00
0.000000e+00
0.000000e+00
0.000000e+00
0.000000e+00
0.000000e+00
0.000000e+00
0.000000e+00
0.000000e+00
0.000000e+00
0.000000e+00
0.000000e+00
0.000000e+00
0.000000e+00
0.000000e+00
0.000000e+00
0.000000e+00
0.000000e+00
0.000000e+00
0.000000e+00
0.000000e+00
0.000000e+00
0.000000e+00
0.000000e+00
0.000000e+00
0.000000e+00
0.000000e+00
0.000000e+00
0.000000e+00
0.000000e+00
0.000000e+00
0.000000e+00
0.000000e+00
0.000000e+00
0.000000e+00
0.000000e+00
0.000000e+00
0.000000e+00
0.000000e+00
0.000000e+00
0.000000e+00
0.000000e+00
0.000000e+00
0.000000e+00
0.000000e+00
0.000000e+00
0.000000e+00
0.000000e+00
0.000000e+00
0.000000e+00
0.000000e+00
0.000000e+00
0.000000e+00
0.000000e+00
0.000000e+00
0.000000e+00
0.000000e+00
0.000000e+00
0.000000e+00
0.000000e+00
0.000000e+00
0.000000e+00
0.000000e+00
0.000000e+00
0.000000e+00
0.000000e+00
0.000000e+00
0.000000e+00
0.000000e+00
0.000000e+00
0.000000e+00
0.000000e+00
0.000000e+00
0.000000e+00
0.000000e+00
0.000000e+00
0.000000e+00
0.000000e+00
0.000000e+00
0.000000e+00
0.000000e+00
0.000000e+00
0.000000e+00
0.000000e+00
0.000000e+00
0.000000e+00
0.000000e+00
0.000000e+00
0.000000e+00
0.000000e+00
0.000000e+00
0.000000e+00
0.000000e+00
0.000000e+00
0.000000e+00
0.000000e+00
0.000000e+00
0.000000e+00
0.000000e+00
0.000000e+00
0.000000e+00
0.000000e+00
0.000000e+00
0.000000e+00
0.000000e+00
0.000000e+00
0.000000e+00
0.000000e+00
0.000000e+00
0.000000e+00
0.000000e+00
0.000000e+00
0.000000e+00
0.000000e+00
0.000000e+00
0.000000e+00
0.000000e+00
0.000000e+00
0.000000e+00
0.000000e+00
0.000000e+00
0.000000e+00
0.000000e+00
0.000000e+00
0.000000e+00
0.000000e+00
0.000000e+00
0.000000e+00
0.000000e+00
0.000000e+00
0.000000e+00
0.000000e+00
0.000000e+00
0.000000e+00
0.000000e+00
0.000000e+00
0.000000e+00
0.000000e+00
0.000000e+00
0.000000e+00
0.000000e+00
0.000000e+00
0.000000e+00
0.000000e+00
0.000000e+00
0.000000e+00
0.000000e+00
0.000000e+00
0.000000e+00
0.000000e+00
0.000000e+00
0.000000e+00
0.000000e+00
0.000000e+00
0.000000e+00
0.000000e+00
0.000000e+00
0.000000e+00
0.000000e+00
0.000000e+00
0.000000e+00
0.000000e+00
0.000000e+00
0.000000e+00
0.000000e+00
0.000000e+00
0.000000e+00
0.000000e+00
0.000000e+00
0.000000e+00
0.000000e+00
0.000000e+00
0.000000e+00
0.000000e+00
0.000000e+00
0.000000e+00
0.000000e+00
0.000000e+00
0.000000e+00
0.000000e+00
0.000000e+00
0.000000e+00
0.000000e+00
0.000000e+00
0.000000e+00
0.000000e+00
0.000000e+00
0.000000e+00
0.000000e+00
0.000000e+00
0.000000e+00
0.000000e+00
0.000000e+00
0.000000e+00
0.000000e+00
0.000000e+00
0.000000e+00
0.000000e+00
0.000000e+00
0.000000e+00
0.000000e+00
0.000000e+00
0.000000e+00
0.000000e+00
0.000000e+00
0.000000e+00
0.000000e+00
0.000000e+00
0.000000e+00
0.000000e+00
0.000000e+00
0.000000e+00
0.000000e+00
0.000000e+00
0.000000e+00
0.000000e+00
0.000000e+00
0.000000e+00
0.000000e+00
0.000000e+00
0.000000e+00
0.000000e+00
0.000000e+00
0.000000e+00
0.000000e+00
0.000000e+00
0.000000e+00
0.000000e+00
0.000000e+00
0.000000e+00
0.000000e+00
0.000000e+00
0.000000e+00
0.000000e+00
0.000000e+00
0.000000e+00
0.000000e+00
0.000000e+00
0.000000e+00
0.000000e+00
0.000000e+00
0.000000e+00
0.000000e+00
0.000000e+00
0.000000e+00
0.000000e+00
0.000000e+00
0.000000e+00
0.000000e+00
0.000000e+00
0.000000e+00
0.000000e+00
0.000000e+00
0.000000e+00
0.000000e+00
0.000000e+00
0.000000e+00
0.000000e+00
0.000000e+00
0.000000e+00
0.000000e+00
0.000000e+00
0.000000e+00
0.000000e+00
0.000000e+00
0.000000e+00
0.000000e+00
0.000000e+00
0.000000e+00
0.000000e+00
0.000000e+00
0.000000e+00
0.000000e+00
0.000000e+00
0.000000e+00
0.000000e+00
0.000000e+00
0.000000e+00
0.000000e+00
0.000000e+00
0.000000e+00
0.000000e+00
0.000000e+00
0.000000e+00
0.000000e+00
0.000000e+00
0.000000e+00
0.000000e+00
0.000000e+00
0.000000e+00
0.000000e+00
0.000000e+00
0.000000e+00
0.000000e+00
0.000000e+00
0.000000e+00
0.000000e+00
0.000000e+00
0.000000e+00
0.000000e+00
0.000000e+00
0.000000e+00
0.000000e+00
0.000000e+00
0.000000e+00
0.000000e+00
0.000000e+00
0.000000e+00
0.000000e+00
0.000000e+00
0.000000e+00
0.000000e+00
0.000000e+00
0.000000e+00
0.000000e+00
0.000000e+00
0.000000e+00
0.000000e+00
0.000000e+00
0.000000e+00
0.000000e+00
0.000000e+00
0.000000e+00
0.000000e+00
0.000000e+00
0.000000e+00
0.000000e+00
0.000000e+00
0.000000e+00
0.000000e+00
0.000000e+00
0.000000e+00
0.000000e+00
0.000000e+00
0.000000e+00
0.000000e+00
0.000000e+00
0.000000e+00
0.000000e+00
0.000000e+00
0.000000e+00
0.000000e+00
0.000000e+00
0.000000e+00
0.000000e+00
0.000000e+00
0.000000e+00
0.000000e+00
0.000000e+00
0.000000e+00
0.000000e+00
0.000000e+00
0.000000e+00
0.000000e+00
0.000000e+00
0.000000e+00
0.000000e+00
0.000000e+00
0.000000e+00
0.000000e+00
0.000000e+00
0.000000e+00
0.000000e+00
0.000000e+00
0.000000e+00
0.000000e+00
0.000000e+00
0.000000e+00
0.000000e+00
0.000000e+00
0.000000e+00
0.000000e+00
0.000000e+00
0.000000e+00
0.000000e+00
0.000000e+00
0.000000e+00
0.000000e+00
0.000000e+00
0.000000e+00
0.000000e+00
0.000000e+00
0.000000e+00
0.000000e+00
0.000000e+00
0.000000e+00
0.000000e+00
0.000000e+00
0.000000e+00
0.000000e+00
0.000000e+00
0.000000e+00
0.000000e+00
0.000000e+00
0.000000e+00
0.000000e+00
0.000000e+00
0.000000e+00
0.000000e+00
0.000000e+00
0.000000e+00
0.000000e+00
0.000000e+00
0.000000e+00
0.000000e+00
0.000000e+00
0.000000e+00
0.000000e+00
0.000000e+00
0.000000e+00
0.000000e+00
0.000000e+00
0.000000e+00
0.000000e+00
0.000000e+00
0.000000e+00
</DataArray>
</PointData>
</Piece></UnstructuredGrid>
</VTKFile>
