ZONE N=15, E=16, F=FEPOINT, ET=TRIANGLE
-0.818913 -0.380984 0 0 0 0 
-0.845154 -0.381409 0 0 0 0 
-0.871396 -0.381834 0 0 0 0 
-0.897638 -0.382258 0 0 0 0 
-0.92388 -0.382683 0 0 0 0 
-0.834665 -0.403587 0 0 0 0 
-0.861179 -0.404141 0 0 0 0 
-0.887694 -0.404692 0 0 0 0 
-0.91421 -0.405241 0 0 0 0 
-0.850417 -0.42619 0 0 0 0 
-0.877202 -0.426875 0 0 0 0 
-0.903989 -0.427555 0 0 0 0 
-0.866169 -0.448793 0 0 0 0 
-0.893224 -0.449611 0 0 0 0 
-0.881921 -0.471397 0 0 0 0 
1 2 6
2 7 6
2 3 7
3 8 7
3 4 8
4 9 8
4 5 9
6 7 10
7 11 10
7 8 11
8 12 11
8 9 12
10 11 13
11 14 13
11 12 14
13 14 15
ZONE N=15, E=16, F=FEPOINT, ET=TRIANGLE
-0.9375 0.0372961 0 0 0 0 
-0.953125 0.0279721 0 0 0 0 
-0.96875 0.018648 0 0 0 0 
-0.984375 0.00932402 0 0 0 0 
-1 1.22465e-16 0 0 0 0 
-0.937023 0.0187429 0 0 0 0 
-0.952648 0.00941887 0 0 0 0 
-0.968273 9.48566e-05 0 0 0 0 
-0.983898 -0.00922916 0 0 0 0 
-0.936546 0.000189713 0 0 0 0 
-0.952171 -0.0091343 0 0 0 0 
-0.967796 -0.0184583 0 0 0 0 
-0.936069 -0.0183635 0 0 0 0 
-0.951694 -0.0276875 0 0 0 0 
-0.935592 -0.0369166 0 0 0 0 
1 2 6
2 7 6
2 3 7
3 8 7
3 4 8
4 9 8
4 5 9
6 7 10
7 11 10
7 8 11
8 12 11
8 9 12
10 11 13
11 14 13
11 12 14
13 14 15
ZONE N=15, E=16, F=FEPOINT, ET=TRIANGLE
-0.375 0 0 0 0 0 
-0.359375 -0.0174722 0 0 0 0 
-0.34375 -0.0349443 0 0 0 0 
-0.328125 -0.0524165 0 0 0 0 
-0.3125 -0.0698887 0 0 0 0 
-0.34375 0 0 0 0 0 
-0.328125 -0.0174722 0 0 0 0 
-0.3125 -0.0349443 0 0 0 0 
-0.296875 -0.0524165 0 0 0 0 
-0.3125 0 0 0 0 0 
-0.296875 -0.0174722 0 0 0 0 
-0.28125 -0.0349443 0 0 0 0 
-0.28125 -3.46945e-18 0 0 0 0 
-0.265625 -0.0174722 0 0 0 0 
-0.25 0 0 0 0 0 
1 2 6
2 7 6
2 3 7
3 8 7
3 4 8
4 9 8
4 5 9
6 7 10
7 11 10
7 8 11
8 12 11
8 9 12
10 11 13
11 14 13
11 12 14
13 14 15
ZONE N=15, E=16, F=FEPOINT, ET=TRIANGLE
-0.9375 0.0372961 0 0 0 0 
-0.951921 0.0524763 0 0 0 0 
-0.966342 0.0676566 0 0 0 0 
-0.980764 0.0828369 0 0 0 0 
-0.995185 0.0980171 0 0 0 0 
-0.953125 0.0279721 0 0 0 0 
-0.967847 0.0431671 0 0 0 0 
-0.982569 0.0583646 0 0 0 0 
-0.99729 0.0735646 0 0 0 0 
-0.96875 0.018648 0 0 0 0 
-0.983773 0.0338554 0 0 0 0 
-0.998795 0.0490677 0 0 0 0 
-0.984375 0.00932402 0 0 0 0 
-0.999699 0.0245412 0 0 0 0 
-1 1.249e-16 0 0 0 0 
1 2 6
2 7 6
2 3 7
3 8 7
3 4 8
4 9 8
4 5 9
6 7 10
7 11 10
7 8 11
8 12 11
8 9 12
10 11 13
11 14 13
11 12 14
13 14 15
ZONE N=15, E=16, F=FEPOINT, ET=TRIANGLE
-0.888649 0.200546 0 0 0 0 
-0.880102 0.230197 0 0 0 0 
-0.871555 0.259847 0 0 0 0 
-0.863008 0.289497 0 0 0 0 
-0.854461 0.319147 0 0 0 0 
-0.905722 0.222981 0 0 0 0 
-0.897175 0.252631 0 0 0 0 
-0.888628 0.282281 0 0 0 0 
-0.880081 0.311931 0 0 0 0 
-0.922795 0.245415 0 0 0 0 
-0.914248 0.275066 0 0 0 0 
-0.905701 0.304716 0 0 0 0 
-0.939868 0.26785 0 0 0 0 
-0.93132 0.2975 0 0 0 0 
-0.95694 0.290285 0 0 0 0 
1 2 6
2 7 6
2 3 7
3 8 7
3 4 8
4 9 8
4 5 9
6 7 10
7 11 10
7 8 11
8 12 11
8 9 12
10 11 13
11 14 13
11 12 14
13 14 15
ZONE N=15, E=16, F=FEPOINT, ET=TRIANGLE
-0.15625 -0.0641748 0 0 0 0 
-0.148437 -0.0481311 0 0 0 0 
-0.140625 -0.0320874 0 0 0 0 
-0.132812 -0.0160437 0 0 0 0 
-0.125 0 0 0 0 0 
-0.164062 -0.0481311 0 0 0 0 
-0.15625 -0.0320874 0 0 0 0 
-0.148437 -0.0160437 0 0 0 0 
-0.140625 -3.46945e-18 0 0 0 0 
-0.171875 -0.0320874 0 0 0 0 
-0.164062 -0.0160437 0 0 0 0 
-0.15625 0 0 0 0 0 
-0.179687 -0.0160437 0 0 0 0 
-0.171875 0 0 0 0 0 
-0.1875 0 0 0 0 0 
1 2 6
2 7 6
2 3 7
3 8 7
3 4 8
4 9 8
4 5 9
6 7 10
7 11 10
7 8 11
8 12 11
8 9 12
10 11 13
11 14 13
11 12 14
13 14 15
ZONE N=15, E=16, F=FEPOINT, ET=TRIANGLE
-0.125 0 0 0 0 0 
-0.109375 -0.0175326 0 0 0 0 
-0.09375 -0.0350652 0 0 0 0 
-0.078125 -0.0525978 0 0 0 0 
-0.0625 -0.0701305 0 0 0 0 
-0.09375 0 0 0 0 0 
-0.078125 -0.0175326 0 0 0 0 
-0.0625 -0.0350652 0 0 0 0 
-0.046875 -0.0525978 0 0 0 0 
-0.0625 0 0 0 0 0 
-0.046875 -0.0175326 0 0 0 0 
-0.03125 -0.0350652 0 0 0 0 
-0.03125 3.46945e-18 0 0 0 0 
-0.015625 -0.0175326 0 0 0 0 
3.33067e-16 0 0 0 0 0 
1 2 6
2 7 6
2 3 7
3 8 7
3 4 8
4 9 8
4 5 9
6 7 10
7 11 10
7 8 11
8 12 11
8 9 12
10 11 13
11 14 13
11 12 14
13 14 15
ZONE N=15, E=16, F=FEPOINT, ET=TRIANGLE
-0.9375 0.0372961 0 0 0 0 
-0.932742 0.0612138 0 0 0 0 
-0.927985 0.0851315 0 0 0 0 
-0.923227 0.109049 0 0 0 0 
-0.91847 0.132967 0 0 0 0 
-0.951921 0.0524763 0 0 0 0 
-0.947164 0.0763941 0 0 0 0 
-0.942406 0.100312 0 0 0 0 
-0.937649 0.124229 0 0 0 0 
-0.966342 0.0676566 0 0 0 0 
-0.961585 0.0915743 0 0 0 0 
-0.956827 0.115492 0 0 0 0 
-0.980764 0.0828369 0 0 0 0 
-0.976006 0.106755 0 0 0 0 
-0.995185 0.0980171 0 0 0 0 
1 2 6
2 7 6
2 3 7
3 8 7
3 4 8
4 9 8
4 5 9
6 7 10
7 11 10
7 8 11
8 12 11
8 9 12
10 11 13
11 14 13
11 12 14
13 14 15
ZONE N=15, E=16, F=FEPOINT, ET=TRIANGLE
-0.995185 -0.0980171 0 0 0 0 
-0.971422 -0.101313 0 0 0 0 
-0.94766 -0.104609 0 0 0 0 
-0.923898 -0.107905 0 0 0 0 
-0.900135 -0.111201 0 0 0 0 
-0.980287 -0.082742 0 0 0 0 
-0.956524 -0.0860381 0 0 0 0 
-0.932762 -0.0893342 0 0 0 0 
-0.909 -0.0926302 0 0 0 0 
-0.965389 -0.0674669 0 0 0 0 
-0.941626 -0.070763 0 0 0 0 
-0.917864 -0.074059 0 0 0 0 
-0.950491 -0.0521918 0 0 0 0 
-0.926728 -0.0554878 0 0 0 0 
-0.935592 -0.0369166 0 0 0 0 
1 2 6
2 7 6
2 3 7
3 8 7
3 4 8
4 9 8
4 5 9
6 7 10
7 11 10
7 8 11
8 12 11
8 9 12
10 11 13
11 14 13
11 12 14
13 14 15
ZONE N=15, E=16, F=FEPOINT, ET=TRIANGLE
-0.888649 0.200546 0 0 0 0 
-0.911683 0.199182 0 0 0 0 
-0.934717 0.197818 0 0 0 0 
-0.957751 0.196454 0 0 0 0 
-0.980785 0.19509 0 0 0 0 
-0.896104 0.183651 0 0 0 0 
-0.919138 0.182287 0 0 0 0 
-0.942172 0.180923 0 0 0 0 
-0.965206 0.179559 0 0 0 0 
-0.903559 0.166757 0 0 0 0 
-0.926594 0.165393 0 0 0 0 
-0.949628 0.164029 0 0 0 0 
-0.911015 0.149862 0 0 0 0 
-0.934049 0.148498 0 0 0 0 
-0.91847 0.132967 0 0 0 0 
1 2 6
2 7 6
2 3 7
3 8 7
3 4 8
4 9 8
4 5 9
6 7 10
7 11 10
7 8 11
8 12 11
8 9 12
10 11 13
11 14 13
11 12 14
13 14 15
ZONE N=15, E=16, F=FEPOINT, ET=TRIANGLE
-0.935592 -0.0369166 0 0 0 0 
-0.951694 -0.0276875 0 0 0 0 
-0.967796 -0.0184583 0 0 0 0 
-0.983898 -0.00922916 0 0 0 0 
-1 1.249e-16 0 0 0 0 
-0.950491 -0.0521918 0 0 0 0 
-0.966893 -0.0429774 0 0 0 0 
-0.983296 -0.0337605 0 0 0 0 
-0.999699 -0.0245412 0 0 0 0 
-0.965389 -0.0674669 0 0 0 0 
-0.982092 -0.0582697 0 0 0 0 
-0.998795 -0.0490677 0 0 0 0 
-0.980287 -0.082742 0 0 0 0 
-0.99729 -0.0735646 0 0 0 0 
-0.995185 -0.0980171 0 0 0 0 
1 2 6
2 7 6
2 3 7
3 8 7
3 4 8
4 9 8
4 5 9
6 7 10
7 11 10
7 8 11
8 12 11
8 9 12
10 11 13
11 14 13
11 12 14
13 14 15
ZONE N=15, E=16, F=FEPOINT, ET=TRIANGLE
-0.92388 0.382683 0 0 0 0 
-0.906525 0.366799 0 0 0 0 
-0.88917 0.350915 0 0 0 0 
-0.871815 0.335031 0 0 0 0 
-0.854461 0.319147 0 0 0 0 
-0.896104 0.378586 0 0 0 0 
-0.878749 0.362702 0 0 0 0 
-0.861394 0.346818 0 0 0 0 
-0.84404 0.330934 0 0 0 0 
-0.868328 0.374488 0 0 0 0 
-0.850973 0.358604 0 0 0 0 
-0.833619 0.34272 0 0 0 0 
-0.840552 0.370391 0 0 0 0 
-0.823198 0.354507 0 0 0 0 
-0.812777 0.366293 0 0 0 0 
1 2 6
2 7 6
2 3 7
3 8 7
3 4 8
4 9 8
4 5 9
6 7 10
7 11 10
7 8 11
8 12 11
8 9 12
10 11 13
11 14 13
11 12 14
13 14 15
ZONE N=15, E=16, F=FEPOINT, ET=TRIANGLE
-0.900135 -0.111201 0 0 0 0 
-0.923898 -0.107905 0 0 0 0 
-0.94766 -0.104609 0 0 0 0 
-0.971422 -0.101313 0 0 0 0 
-0.995185 -0.0980171 0 0 0 0 
-0.920298 -0.132174 0 0 0 0 
-0.944358 -0.128922 0 0 0 0 
-0.968419 -0.125667 0 0 0 0 
-0.99248 -0.122411 0 0 0 0 
-0.94046 -0.153146 0 0 0 0 
-0.964818 -0.149941 0 0 0 0 
-0.989177 -0.14673 0 0 0 0 
-0.960623 -0.174118 0 0 0 0 
-0.985278 -0.170962 0 0 0 0 
-0.980785 -0.19509 0 0 0 0 
1 2 6
2 7 6
2 3 7
3 8 7
3 4 8
4 9 8
4 5 9
6 7 10
7 11 10
7 8 11
8 12 11
8 9 12
10 11 13
11 14 13
11 12 14
13 14 15
ZONE N=15, E=16, F=FEPOINT, ET=TRIANGLE
-0.825347 -0.227222 0 0 0 0 
-0.858245 -0.242988 0 0 0 0 
-0.891144 -0.258753 0 0 0 0 
-0.924042 -0.274519 0 0 0 0 
-0.95694 -0.290285 0 0 0 0 
-0.84052 -0.251774 0 0 0 0 
-0.873418 -0.267539 0 0 0 0 
-0.906316 -0.283305 0 0 0 0 
-0.939215 -0.299071 0 0 0 0 
-0.855692 -0.276325 0 0 0 0 
-0.888591 -0.292091 0 0 0 0 
-0.921489 -0.307856 0 0 0 0 
-0.870865 -0.300877 0 0 0 0 
-0.903763 -0.316642 0 0 0 0 
-0.886038 -0.325428 0 0 0 0 
1 2 6
2 7 6
2 3 7
3 8 7
3 4 8
4 9 8
4 5 9
6 7 10
7 11 10
7 8 11
8 12 11
8 9 12
10 11 13
11 14 13
11 12 14
13 14 15
ZONE N=15, E=16, F=FEPOINT, ET=TRIANGLE
-0.980785 -0.19509 0 0 0 0 
-0.955801 -0.193812 0 0 0 0 
-0.930818 -0.192533 0 0 0 0 
-0.905834 -0.191255 0 0 0 0 
-0.88085 -0.189976 0 0 0 0 
-0.960623 -0.174118 0 0 0 0 
-0.935639 -0.17284 0 0 0 0 
-0.910655 -0.171561 0 0 0 0 
-0.885671 -0.170283 0 0 0 0 
-0.94046 -0.153146 0 0 0 0 
-0.915476 -0.151867 0 0 0 0 
-0.890493 -0.150589 0 0 0 0 
-0.920298 -0.132174 0 0 0 0 
-0.895314 -0.130895 0 0 0 0 
-0.900135 -0.111201 0 0 0 0 
1 2 6
2 7 6
2 3 7
3 8 7
3 4 8
4 9 8
4 5 9
6 7 10
7 11 10
7 8 11
8 12 11
8 9 12
10 11 13
11 14 13
11 12 14
13 14 15
ZONE N=15, E=16, F=FEPOINT, ET=TRIANGLE
-0.886038 -0.325428 0 0 0 0 
-0.903763 -0.316642 0 0 0 0 
-0.921489 -0.307856 0 0 0 0 
-0.939215 -0.299071 0 0 0 0 
-0.95694 -0.290285 0 0 0 0 
-0.895498 -0.339742 0 0 0 0 
-0.913507 -0.331058 0 0 0 0 
-0.931517 -0.322371 0 0 0 0 
-0.949528 -0.313682 0 0 0 0 
-0.904959 -0.354056 0 0 0 0 
-0.92325 -0.345475 0 0 0 0 
-0.941544 -0.33689 0 0 0 0 
-0.914419 -0.36837 0 0 0 0 
-0.932993 -0.359895 0 0 0 0 
-0.92388 -0.382683 0 0 0 0 
1 2 6
2 7 6
2 3 7
3 8 7
3 4 8
4 9 8
4 5 9
6 7 10
7 11 10
7 8 11
8 12 11
8 9 12
10 11 13
11 14 13
11 12 14
13 14 15
ZONE N=15, E=16, F=FEPOINT, ET=TRIANGLE
-0.95694 -0.290285 0 0 0 0 
-0.937918 -0.265208 0 0 0 0 
-0.918895 -0.240131 0 0 0 0 
-0.899873 -0.215053 0 0 0 0 
-0.88085 -0.189976 0 0 0 0 
-0.963776 -0.266713 0 0 0 0 
-0.944463 -0.241558 0 0 0 0 
-0.925148 -0.216405 0 0 0 0 
-0.905834 -0.191255 0 0 0 0 
-0.970031 -0.24298 0 0 0 0 
-0.950425 -0.217754 0 0 0 0 
-0.930818 -0.192533 0 0 0 0 
-0.975702 -0.219101 0 0 0 0 
-0.955801 -0.193812 0 0 0 0 
-0.980785 -0.19509 0 0 0 0 
1 2 6
2 7 6
2 3 7
3 8 7
3 4 8
4 9 8
4 5 9
6 7 10
7 11 10
7 8 11
8 12 11
8 9 12
10 11 13
11 14 13
11 12 14
13 14 15
ZONE N=15, E=16, F=FEPOINT, ET=TRIANGLE
-0.91847 0.132967 0 0 0 0 
-0.934049 0.148498 0 0 0 0 
-0.949628 0.164029 0 0 0 0 
-0.965206 0.179559 0 0 0 0 
-0.980785 0.19509 0 0 0 0 
-0.937649 0.124229 0 0 0 0 
-0.953525 0.139805 0 0 0 0 
-0.969402 0.155382 0 0 0 0 
-0.985278 0.170962 0 0 0 0 
-0.956827 0.115492 0 0 0 0 
-0.973002 0.131109 0 0 0 0 
-0.989177 0.14673 0 0 0 0 
-0.976006 0.106755 0 0 0 0 
-0.99248 0.122411 0 0 0 0 
-0.995185 0.0980171 0 0 0 0 
1 2 6
2 7 6
2 3 7
3 8 7
3 4 8
4 9 8
4 5 9
6 7 10
7 11 10
7 8 11
8 12 11
8 9 12
10 11 13
11 14 13
11 12 14
13 14 15
ZONE N=15, E=16, F=FEPOINT, ET=TRIANGLE
-0.888649 0.200546 0 0 0 0 
-0.905722 0.222981 0 0 0 0 
-0.922795 0.245415 0 0 0 0 
-0.939868 0.26785 0 0 0 0 
-0.95694 0.290285 0 0 0 0 
-0.911683 0.199182 0 0 0 0 
-0.929048 0.22169 0 0 0 0 
-0.946412 0.2442 0 0 0 0 
-0.963776 0.266713 0 0 0 0 
-0.934717 0.197818 0 0 0 0 
-0.952375 0.220397 0 0 0 0 
-0.970031 0.24298 0 0 0 0 
-0.957751 0.196454 0 0 0 0 
-0.975702 0.219101 0 0 0 0 
-0.980785 0.19509 0 0 0 0 
1 2 6
2 7 6
2 3 7
3 8 7
3 4 8
4 9 8
4 5 9
6 7 10
7 11 10
7 8 11
8 12 11
8 9 12
10 11 13
11 14 13
11 12 14
13 14 15
ZONE N=15, E=16, F=FEPOINT, ET=TRIANGLE
-0.854461 0.319147 0 0 0 0 
-0.871815 0.335031 0 0 0 0 
-0.88917 0.350915 0 0 0 0 
-0.906525 0.366799 0 0 0 0 
-0.92388 0.382683 0 0 0 0 
-0.880081 0.311931 0 0 0 0 
-0.897719 0.327917 0 0 0 0 
-0.915356 0.343905 0 0 0 0 
-0.932993 0.359895 0 0 0 0 
-0.905701 0.304716 0 0 0 0 
-0.923623 0.320801 0 0 0 0 
-0.941544 0.33689 0 0 0 0 
-0.93132 0.2975 0 0 0 0 
-0.949528 0.313682 0 0 0 0 
-0.95694 0.290285 0 0 0 0 
1 2 6
2 7 6
2 3 7
3 8 7
3 4 8
4 9 8
4 5 9
6 7 10
7 11 10
7 8 11
8 12 11
8 9 12
10 11 13
11 14 13
11 12 14
13 14 15
ZONE N=15, E=16, F=FEPOINT, ET=TRIANGLE
-0.812777 0.366293 0 0 0 0 
-0.830063 0.392569 0 0 0 0 
-0.847349 0.418845 0 0 0 0 
-0.864635 0.445121 0 0 0 0 
-0.881921 0.471397 0 0 0 0 
-0.840552 0.370391 0 0 0 0 
-0.858111 0.396795 0 0 0 0 
-0.875668 0.423202 0 0 0 0 
-0.893224 0.449611 0 0 0 0 
-0.868328 0.374488 0 0 0 0 
-0.88616 0.40102 0 0 0 0 
-0.903989 0.427555 0 0 0 0 
-0.896104 0.378586 0 0 0 0 
-0.91421 0.405241 0 0 0 0 
-0.92388 0.382683 0 0 0 0 
1 2 6
2 7 6
2 3 7
3 8 7
3 4 8
4 9 8
4 5 9
6 7 10
7 11 10
7 8 11
8 12 11
8 9 12
10 11 13
11 14 13
11 12 14
13 14 15
ZONE N=15, E=16, F=FEPOINT, ET=TRIANGLE
-0.83147 -0.55557 0 0 0 0 
-0.823215 -0.53539 0 0 0 0 
-0.814961 -0.51521 0 0 0 0 
-0.806706 -0.49503 0 0 0 0 
-0.798451 -0.47485 0 0 0 0 
-0.844854 -0.534998 0 0 0 0 
-0.836343 -0.514659 0 0 0 0 
-0.827832 -0.494322 0 0 0 0 
-0.819319 -0.473987 0 0 0 0 
-0.857729 -0.514103 0 0 0 0 
-0.848959 -0.493611 0 0 0 0 
-0.840186 -0.473123 0 0 0 0 
-0.870087 -0.492898 0 0 0 0 
-0.861054 -0.47226 0 0 0 0 
-0.881921 -0.471397 0 0 0 0 
1 2 6
2 7 6
2 3 7
3 8 7
3 4 8
4 9 8
4 5 9
6 7 10
7 11 10
7 8 11
8 12 11
8 9 12
10 11 13
11 14 13
11 12 14
13 14 15
ZONE N=15, E=16, F=FEPOINT, ET=TRIANGLE
-0.886038 -0.325428 0 0 0 0 
-0.895498 -0.339742 0 0 0 0 
-0.904959 -0.354056 0 0 0 0 
-0.914419 -0.36837 0 0 0 0 
-0.92388 -0.382683 0 0 0 0 
-0.869256 -0.339317 0 0 0 0 
-0.878717 -0.353631 0 0 0 0 
-0.888177 -0.367945 0 0 0 0 
-0.897638 -0.382258 0 0 0 0 
-0.852475 -0.353206 0 0 0 0 
-0.861936 -0.36752 0 0 0 0 
-0.871396 -0.381834 0 0 0 0 
-0.835694 -0.367095 0 0 0 0 
-0.845154 -0.381409 0 0 0 0 
-0.818913 -0.380984 0 0 0 0 
1 2 6
2 7 6
2 3 7
3 8 7
3 4 8
4 9 8
4 5 9
6 7 10
7 11 10
7 8 11
8 12 11
8 9 12
10 11 13
11 14 13
11 12 14
13 14 15
ZONE N=15, E=16, F=FEPOINT, ET=TRIANGLE
-0.795858 0.46496 0 0 0 0 
-0.804761 0.487613 0 0 0 0 
-0.813664 0.510265 0 0 0 0 
-0.822567 0.532918 0 0 0 0 
-0.83147 0.55557 0 0 0 0 
-0.817373 0.46657 0 0 0 0 
-0.826535 0.489377 0 0 0 0 
-0.835695 0.512186 0 0 0 0 
-0.844854 0.534998 0 0 0 0 
-0.838889 0.468179 0 0 0 0 
-0.84831 0.491139 0 0 0 0 
-0.857729 0.514103 0 0 0 0 
-0.860405 0.469788 0 0 0 0 
-0.870087 0.492898 0 0 0 0 
-0.881921 0.471397 0 0 0 0 
1 2 6
2 7 6
2 3 7
3 8 7
3 4 8
4 9 8
4 5 9
6 7 10
7 11 10
7 8 11
8 12 11
8 9 12
10 11 13
11 14 13
11 12 14
13 14 15
ZONE N=15, E=16, F=FEPOINT, ET=TRIANGLE
-0.83147 0.55557 0 0 0 0 
-0.804226 0.560346 0 0 0 0 
-0.776982 0.565122 0 0 0 0 
-0.749738 0.569898 0 0 0 0 
-0.722494 0.574674 0 0 0 0 
-0.817585 0.575808 0 0 0 0 
-0.790096 0.580409 0 0 0 0 
-0.762609 0.585007 0 0 0 0 
-0.735123 0.589604 0 0 0 0 
-0.803208 0.595699 0 0 0 0 
-0.775478 0.600119 0 0 0 0 
-0.747752 0.604534 0 0 0 0 
-0.788346 0.615232 0 0 0 0 
-0.760381 0.619464 0 0 0 0 
-0.77301 0.634393 0 0 0 0 
1 2 6
2 7 6
2 3 7
3 8 7
3 4 8
4 9 8
4 5 9
6 7 10
7 11 10
7 8 11
8 12 11
8 9 12
10 11 13
11 14 13
11 12 14
13 14 15
ZONE N=15, E=16, F=FEPOINT, ET=TRIANGLE
-0.739445 0.512602 0 0 0 0 
-0.735207 0.52812 0 0 0 0 
-0.730969 0.543638 0 0 0 0 
-0.726731 0.559156 0 0 0 0 
-0.722494 0.574674 0 0 0 0 
-0.762451 0.523344 0 0 0 0 
-0.758213 0.538862 0 0 0 0 
-0.753975 0.55438 0 0 0 0 
-0.749738 0.569898 0 0 0 0 
-0.785457 0.534086 0 0 0 0 
-0.781219 0.549604 0 0 0 0 
-0.776982 0.565122 0 0 0 0 
-0.808463 0.544828 0 0 0 0 
-0.804226 0.560346 0 0 0 0 
-0.83147 0.55557 0 0 0 0 
1 2 6
2 7 6
2 3 7
3 8 7
3 4 8
4 9 8
4 5 9
6 7 10
7 11 10
7 8 11
8 12 11
8 9 12
10 11 13
11 14 13
11 12 14
13 14 15
ZONE N=15, E=16, F=FEPOINT, ET=TRIANGLE
-0.739445 0.512602 0 0 0 0 
-0.762451 0.523344 0 0 0 0 
-0.785457 0.534086 0 0 0 0 
-0.808463 0.544828 0 0 0 0 
-0.83147 0.55557 0 0 0 0 
-0.753548 0.500691 0 0 0 0 
-0.776554 0.511434 0 0 0 0 
-0.79956 0.522176 0 0 0 0 
-0.822567 0.532918 0 0 0 0 
-0.767651 0.488781 0 0 0 0 
-0.790657 0.499523 0 0 0 0 
-0.813664 0.510265 0 0 0 0 
-0.781754 0.476871 0 0 0 0 
-0.804761 0.487613 0 0 0 0 
-0.795858 0.46496 0 0 0 0 
1 2 6
2 7 6
2 3 7
3 8 7
3 4 8
4 9 8
4 5 9
6 7 10
7 11 10
7 8 11
8 12 11
8 9 12
10 11 13
11 14 13
11 12 14
13 14 15
ZONE N=15, E=16, F=FEPOINT, ET=TRIANGLE
-0.77301 0.634393 0 0 0 0 
-0.745581 0.625765 0 0 0 0 
-0.718151 0.617137 0 0 0 0 
-0.690721 0.608509 0 0 0 0 
-0.663291 0.599881 0 0 0 0 
-0.757209 0.653173 0 0 0 0 
-0.729552 0.644346 0 0 0 0 
-0.701898 0.635518 0 0 0 0 
-0.674245 0.626688 0 0 0 0 
-0.740951 0.671559 0 0 0 0 
-0.713073 0.662528 0 0 0 0 
-0.685199 0.653494 0 0 0 0 
-0.724247 0.689541 0 0 0 0 
-0.696153 0.6803 0 0 0 0 
-0.707107 0.707107 0 0 0 0 
1 2 6
2 7 6
2 3 7
3 8 7
3 4 8
4 9 8
4 5 9
6 7 10
7 11 10
7 8 11
8 12 11
8 9 12
10 11 13
11 14 13
11 12 14
13 14 15
ZONE N=15, E=16, F=FEPOINT, ET=TRIANGLE
-0.722494 0.574674 0 0 0 0 
-0.707693 0.580976 0 0 0 0 
-0.692892 0.587278 0 0 0 0 
-0.678091 0.593579 0 0 0 0 
-0.663291 0.599881 0 0 0 0 
-0.735123 0.589604 0 0 0 0 
-0.720322 0.595906 0 0 0 0 
-0.705521 0.602208 0 0 0 0 
-0.690721 0.608509 0 0 0 0 
-0.747752 0.604534 0 0 0 0 
-0.732951 0.610836 0 0 0 0 
-0.718151 0.617137 0 0 0 0 
-0.760381 0.619464 0 0 0 0 
-0.745581 0.625765 0 0 0 0 
-0.77301 0.634393 0 0 0 0 
1 2 6
2 7 6
2 3 7
3 8 7
3 4 8
4 9 8
4 5 9
6 7 10
7 11 10
7 8 11
8 12 11
8 9 12
10 11 13
11 14 13
11 12 14
13 14 15
ZONE N=15, E=16, F=FEPOINT, ET=TRIANGLE
-0.402252 0.0839353 0 0 0 0 
-0.395439 0.0629515 0 0 0 0 
-0.388626 0.0419676 0 0 0 0 
-0.381813 0.0209838 0 0 0 0 
-0.375 0 0 0 0 0 
-0.379814 0.0796225 0 0 0 0 
-0.373001 0.0586387 0 0 0 0 
-0.366188 0.0376549 0 0 0 0 
-0.359375 0.0166711 0 0 0 0 
-0.357376 0.0753098 0 0 0 0 
-0.350563 0.054326 0 0 0 0 
-0.34375 0.0333422 0 0 0 0 
-0.334938 0.0709971 0 0 0 0 
-0.328125 0.0500133 0 0 0 0 
-0.3125 0.0666844 0 0 0 0 
1 2 6
2 7 6
2 3 7
3 8 7
3 4 8
4 9 8
4 5 9
6 7 10
7 11 10
7 8 11
8 12 11
8 9 12
10 11 13
11 14 13
11 12 14
13 14 15
ZONE N=15, E=16, F=FEPOINT, ET=TRIANGLE
-0.25 0 0 0 0 0 
-0.242688 0.0225106 0 0 0 0 
-0.235377 0.0450213 0 0 0 0 
-0.228065 0.0675319 0 0 0 0 
-0.220754 0.0900426 0 0 0 0 
-0.265625 0.0166711 0 0 0 0 
-0.258313 0.0391817 0 0 0 0 
-0.251002 0.0616924 0 0 0 0 
-0.24369 0.084203 0 0 0 0 
-0.28125 0.0333422 0 0 0 0 
-0.273938 0.0558528 0 0 0 0 
-0.266627 0.0783635 0 0 0 0 
-0.296875 0.0500133 0 0 0 0 
-0.289563 0.0725239 0 0 0 0 
-0.3125 0.0666844 0 0 0 0 
1 2 6
2 7 6
2 3 7
3 8 7
3 4 8
4 9 8
4 5 9
6 7 10
7 11 10
7 8 11
8 12 11
8 9 12
10 11 13
11 14 13
11 12 14
13 14 15
ZONE N=15, E=16, F=FEPOINT, ET=TRIANGLE
-0.4375 0 0 0 0 0 
-0.429687 -0.0171547 0 0 0 0 
-0.421875 -0.0343094 0 0 0 0 
-0.414062 -0.0514641 0 0 0 0 
-0.40625 -0.0686188 0 0 0 0 
-0.421875 0 0 0 0 0 
-0.414062 -0.0171547 0 0 0 0 
-0.40625 -0.0343094 0 0 0 0 
-0.398437 -0.0514641 0 0 0 0 
-0.40625 0 0 0 0 0 
-0.398437 -0.0171547 0 0 0 0 
-0.390625 -0.0343094 0 0 0 0 
-0.390625 3.46945e-18 0 0 0 0 
-0.382812 -0.0171547 0 0 0 0 
-0.375 0 0 0 0 0 
1 2 6
2 7 6
2 3 7
3 8 7
3 4 8
4 9 8
4 5 9
6 7 10
7 11 10
7 8 11
8 12 11
8 9 12
10 11 13
11 14 13
11 12 14
13 14 15
ZONE N=15, E=16, F=FEPOINT, ET=TRIANGLE
-0.490452 0.080999 0 0 0 0 
-0.492839 0.0607493 0 0 0 0 
-0.495226 0.0404995 0 0 0 0 
-0.497613 0.0202498 0 0 0 0 
-0.5 0 0 0 0 0 
-0.477214 0.0607493 0 0 0 0 
-0.479601 0.0404995 0 0 0 0 
-0.481988 0.0202498 0 0 0 0 
-0.484375 -3.46945e-18 0 0 0 0 
-0.463976 0.0404995 0 0 0 0 
-0.466363 0.0202498 0 0 0 0 
-0.46875 0 0 0 0 0 
-0.450738 0.0202498 0 0 0 0 
-0.453125 0 0 0 0 0 
-0.4375 0 0 0 0 0 
1 2 6
2 7 6
2 3 7
3 8 7
3 4 8
4 9 8
4 5 9
6 7 10
7 11 10
7 8 11
8 12 11
8 9 12
10 11 13
11 14 13
11 12 14
13 14 15
ZONE N=15, E=16, F=FEPOINT, ET=TRIANGLE
-0.5 0 0 0 0 0 
-0.506041 -0.0166552 0 0 0 0 
-0.512083 -0.0333104 0 0 0 0 
-0.518124 -0.0499656 0 0 0 0 
-0.524166 -0.0666207 0 0 0 0 
-0.484375 0 0 0 0 0 
-0.490416 -0.0166552 0 0 0 0 
-0.496458 -0.0333104 0 0 0 0 
-0.502499 -0.0499656 0 0 0 0 
-0.46875 0 0 0 0 0 
-0.474791 -0.0166552 0 0 0 0 
-0.480833 -0.0333104 0 0 0 0 
-0.453125 0 0 0 0 0 
-0.459166 -0.0166552 0 0 0 0 
-0.4375 0 0 0 0 0 
1 2 6
2 7 6
2 3 7
3 8 7
3 4 8
4 9 8
4 5 9
6 7 10
7 11 10
7 8 11
8 12 11
8 9 12
10 11 13
11 14 13
11 12 14
13 14 15
ZONE N=15, E=16, F=FEPOINT, ET=TRIANGLE
-0.402252 0.0839353 0 0 0 0 
-0.411064 0.0629515 0 0 0 0 
-0.419876 0.0419676 0 0 0 0 
-0.428688 0.0209838 0 0 0 0 
-0.4375 0 0 0 0 0 
-0.395439 0.0629515 0 0 0 0 
-0.404251 0.0419676 0 0 0 0 
-0.413063 0.0209838 0 0 0 0 
-0.421875 0 0 0 0 0 
-0.388626 0.0419676 0 0 0 0 
-0.397438 0.0209838 0 0 0 0 
-0.40625 0 0 0 0 0 
-0.381813 0.0209838 0 0 0 0 
-0.390625 0 0 0 0 0 
-0.375 0 0 0 0 0 
1 2 6
2 7 6
2 3 7
3 8 7
3 4 8
4 9 8
4 5 9
6 7 10
7 11 10
7 8 11
8 12 11
8 9 12
10 11 13
11 14 13
11 12 14
13 14 15
ZONE N=15, E=16, F=FEPOINT, ET=TRIANGLE
-0.25 0 0 0 0 0 
-0.265625 0.0166711 0 0 0 0 
-0.28125 0.0333422 0 0 0 0 
-0.296875 0.0500133 0 0 0 0 
-0.3125 0.0666844 0 0 0 0 
-0.28125 0 0 0 0 0 
-0.296875 0.0166711 0 0 0 0 
-0.3125 0.0333422 0 0 0 0 
-0.328125 0.0500133 0 0 0 0 
-0.3125 0 0 0 0 0 
-0.328125 0.0166711 0 0 0 0 
-0.34375 0.0333422 0 0 0 0 
-0.34375 0 0 0 0 0 
-0.359375 0.0166711 0 0 0 0 
-0.375 0 0 0 0 0 
1 2 6
2 7 6
2 3 7
3 8 7
3 4 8
4 9 8
4 5 9
6 7 10
7 11 10
7 8 11
8 12 11
8 9 12
10 11 13
11 14 13
11 12 14
13 14 15
ZONE N=15, E=16, F=FEPOINT, ET=TRIANGLE
-0.402252 0.0839353 0 0 0 0 
-0.424302 0.0832012 0 0 0 0 
-0.446352 0.0824671 0 0 0 0 
-0.468402 0.0817331 0 0 0 0 
-0.490452 0.080999 0 0 0 0 
-0.411064 0.0629515 0 0 0 0 
-0.433114 0.0622174 0 0 0 0 
-0.455164 0.0614833 0 0 0 0 
-0.477214 0.0607493 0 0 0 0 
-0.419876 0.0419676 0 0 0 0 
-0.441926 0.0412336 0 0 0 0 
-0.463976 0.0404995 0 0 0 0 
-0.428688 0.0209838 0 0 0 0 
-0.450738 0.0202498 0 0 0 0 
-0.4375 0 0 0 0 0 
1 2 6
2 7 6
2 3 7
3 8 7
3 4 8
4 9 8
4 5 9
6 7 10
7 11 10
7 8 11
8 12 11
8 9 12
10 11 13
11 14 13
11 12 14
13 14 15
ZONE N=15, E=16, F=FEPOINT, ET=TRIANGLE
-0.40625 -0.0686188 0 0 0 0 
-0.414062 -0.0514641 0 0 0 0 
-0.421875 -0.0343094 0 0 0 0 
-0.429687 -0.0171547 0 0 0 0 
-0.4375 0 0 0 0 0 
-0.421875 -0.0791629 0 0 0 0 
-0.429687 -0.0620082 0 0 0 0 
-0.4375 -0.0448535 0 0 0 0 
-0.445312 -0.0276988 0 0 0 0 
-0.4375 -0.089707 0 0 0 0 
-0.445312 -0.0725523 0 0 0 0 
-0.453125 -0.0553976 0 0 0 0 
-0.453125 -0.100251 0 0 0 0 
-0.460938 -0.0830964 0 0 0 0 
-0.46875 -0.110795 0 0 0 0 
1 2 6
2 7 6
2 3 7
3 8 7
3 4 8
4 9 8
4 5 9
6 7 10
7 11 10
7 8 11
8 12 11
8 9 12
10 11 13
11 14 13
11 12 14
13 14 15
ZONE N=15, E=16, F=FEPOINT, ET=TRIANGLE
-0.3125 -0.0698887 0 0 0 0 
-0.328125 -0.0524165 0 0 0 0 
-0.34375 -0.0349443 0 0 0 0 
-0.359375 -0.0174722 0 0 0 0 
-0.375 0 0 0 0 0 
-0.335937 -0.0695712 0 0 0 0 
-0.351562 -0.052099 0 0 0 0 
-0.367187 -0.0346269 0 0 0 0 
-0.382812 -0.0171547 0 0 0 0 
-0.359375 -0.0692537 0 0 0 0 
-0.375 -0.0517816 0 0 0 0 
-0.390625 -0.0343094 0 0 0 0 
-0.382812 -0.0689363 0 0 0 0 
-0.398437 -0.0514641 0 0 0 0 
-0.40625 -0.0686188 0 0 0 0 
1 2 6
2 7 6
2 3 7
3 8 7
3 4 8
4 9 8
4 5 9
6 7 10
7 11 10
7 8 11
8 12 11
8 9 12
10 11 13
11 14 13
11 12 14
13 14 15
ZONE N=15, E=16, F=FEPOINT, ET=TRIANGLE
-0.25 0 0 0 0 0 
-0.265625 -0.0174722 0 0 0 0 
-0.28125 -0.0349443 0 0 0 0 
-0.296875 -0.0524165 0 0 0 0 
-0.3125 -0.0698887 0 0 0 0 
-0.243558 -0.0214837 0 0 0 0 
-0.259183 -0.0389559 0 0 0 0 
-0.274808 -0.0564281 0 0 0 0 
-0.290433 -0.0739002 0 0 0 0 
-0.237116 -0.0429675 0 0 0 0 
-0.252741 -0.0604396 0 0 0 0 
-0.268366 -0.0779118 0 0 0 0 
-0.230674 -0.0644512 0 0 0 0 
-0.246299 -0.0819233 0 0 0 0 
-0.224231 -0.0859349 0 0 0 0 
1 2 6
2 7 6
2 3 7
3 8 7
3 4 8
4 9 8
4 5 9
6 7 10
7 11 10
7 8 11
8 12 11
8 9 12
10 11 13
11 14 13
11 12 14
13 14 15
ZONE N=15, E=16, F=FEPOINT, ET=TRIANGLE
-0.46875 -0.110795 0 0 0 0 
-0.460938 -0.0830964 0 0 0 0 
-0.453125 -0.0553976 0 0 0 0 
-0.445312 -0.0276988 0 0 0 0 
-0.4375 0 0 0 0 0 
-0.482604 -0.0997516 0 0 0 0 
-0.474791 -0.0720528 0 0 0 0 
-0.466979 -0.044354 0 0 0 0 
-0.459166 -0.0166552 0 0 0 0 
-0.496458 -0.088708 0 0 0 0 
-0.488645 -0.0610092 0 0 0 0 
-0.480833 -0.0333104 0 0 0 0 
-0.510312 -0.0776644 0 0 0 0 
-0.502499 -0.0499656 0 0 0 0 
-0.524166 -0.0666207 0 0 0 0 
1 2 6
2 7 6
2 3 7
3 8 7
3 4 8
4 9 8
4 5 9
6 7 10
7 11 10
7 8 11
8 12 11
8 9 12
10 11 13
11 14 13
11 12 14
13 14 15
ZONE N=15, E=16, F=FEPOINT, ET=TRIANGLE
-0.0625 0.0702876 0 0 0 0 
-0.0859375 0.0683913 0 0 0 0 
-0.109375 0.0664951 0 0 0 0 
-0.132812 0.0645988 0 0 0 0 
-0.15625 0.0627026 0 0 0 0 
-0.078125 0.0527157 0 0 0 0 
-0.101562 0.0508194 0 0 0 0 
-0.125 0.0489232 0 0 0 0 
-0.148437 0.0470269 0 0 0 0 
-0.09375 0.0351438 0 0 0 0 
-0.117187 0.0332475 0 0 0 0 
-0.140625 0.0313513 0 0 0 0 
-0.109375 0.0175719 0 0 0 0 
-0.132812 0.0156756 0 0 0 0 
-0.125 0 0 0 0 0 
1 2 6
2 7 6
2 3 7
3 8 7
3 4 8
4 9 8
4 5 9
6 7 10
7 11 10
7 8 11
8 12 11
8 9 12
10 11 13
11 14 13
11 12 14
13 14 15
ZONE N=15, E=16, F=FEPOINT, ET=TRIANGLE
-0.220754 0.0900426 0 0 0 0 
-0.21244 0.0675319 0 0 0 0 
-0.204127 0.0450213 0 0 0 0 
-0.195813 0.0225106 0 0 0 0 
-0.1875 0 0 0 0 0 
-0.204628 0.0832076 0 0 0 0 
-0.196314 0.0606969 0 0 0 0 
-0.188001 0.0381863 0 0 0 0 
-0.179687 0.0156756 0 0 0 0 
-0.188502 0.0763726 0 0 0 0 
-0.180188 0.0538619 0 0 0 0 
-0.171875 0.0313513 0 0 0 0 
-0.172376 0.0695376 0 0 0 0 
-0.164062 0.0470269 0 0 0 0 
-0.15625 0.0627026 0 0 0 0 
1 2 6
2 7 6
2 3 7
3 8 7
3 4 8
4 9 8
4 5 9
6 7 10
7 11 10
7 8 11
8 12 11
8 9 12
10 11 13
11 14 13
11 12 14
13 14 15
ZONE N=15, E=16, F=FEPOINT, ET=TRIANGLE
-0.5 0 0 0 0 0 
-0.497613 0.0202498 0 0 0 0 
-0.495226 0.0404995 0 0 0 0 
-0.492839 0.0607493 0 0 0 0 
-0.490452 0.080999 0 0 0 0 
-0.515892 0.00232424 0 0 0 0 
-0.513505 0.022574 0 0 0 0 
-0.511118 0.0428238 0 0 0 0 
-0.508731 0.0630735 0 0 0 0 
-0.531783 0.00464849 0 0 0 0 
-0.529396 0.0248982 0 0 0 0 
-0.527009 0.045148 0 0 0 0 
-0.547675 0.00697273 0 0 0 0 
-0.545288 0.0272225 0 0 0 0 
-0.563566 0.00929698 0 0 0 0 
1 2 6
2 7 6
2 3 7
3 8 7
3 4 8
4 9 8
4 5 9
6 7 10
7 11 10
7 8 11
8 12 11
8 9 12
10 11 13
11 14 13
11 12 14
13 14 15
ZONE N=15, E=16, F=FEPOINT, ET=TRIANGLE
-0.5 0 0 0 0 0 
-0.515892 0.00232424 0 0 0 0 
-0.531783 0.00464849 0 0 0 0 
-0.547675 0.00697273 0 0 0 0 
-0.563566 0.00929698 0 0 0 0 
-0.506041 -0.0166552 0 0 0 0 
-0.521933 -0.0143309 0 0 0 0 
-0.537825 -0.0120067 0 0 0 0 
-0.553716 -0.00968245 0 0 0 0 
-0.512083 -0.0333104 0 0 0 0 
-0.527975 -0.0309861 0 0 0 0 
-0.543866 -0.0286619 0 0 0 0 
-0.518124 -0.0499656 0 0 0 0 
-0.534016 -0.0476413 0 0 0 0 
-0.524166 -0.0666207 0 0 0 0 
1 2 6
2 7 6
2 3 7
3 8 7
3 4 8
4 9 8
4 5 9
6 7 10
7 11 10
7 8 11
8 12 11
8 9 12
10 11 13
11 14 13
11 12 14
13 14 15
ZONE N=15, E=16, F=FEPOINT, ET=TRIANGLE
-0.15625 -0.0641748 0 0 0 0 
-0.132812 -0.0656637 0 0 0 0 
-0.109375 -0.0671526 0 0 0 0 
-0.0859375 -0.0686416 0 0 0 0 
-0.0625 -0.0701305 0 0 0 0 
-0.148437 -0.0481311 0 0 0 0 
-0.125 -0.04962 0 0 0 0 
-0.101562 -0.0511089 0 0 0 0 
-0.078125 -0.0525978 0 0 0 0 
-0.140625 -0.0320874 0 0 0 0 
-0.117187 -0.0335763 0 0 0 0 
-0.09375 -0.0350652 0 0 0 0 
-0.132812 -0.0160437 0 0 0 0 
-0.109375 -0.0175326 0 0 0 0 
-0.125 0 0 0 0 0 
1 2 6
2 7 6
2 3 7
3 8 7
3 4 8
4 9 8
4 5 9
6 7 10
7 11 10
7 8 11
8 12 11
8 9 12
10 11 13
11 14 13
11 12 14
13 14 15
ZONE N=15, E=16, F=FEPOINT, ET=TRIANGLE
-0.15625 0.0627026 0 0 0 0 
-0.164062 0.0470269 0 0 0 0 
-0.171875 0.0313513 0 0 0 0 
-0.179687 0.0156756 0 0 0 0 
-0.1875 0 0 0 0 0 
-0.148437 0.0470269 0 0 0 0 
-0.15625 0.0313513 0 0 0 0 
-0.164062 0.0156756 0 0 0 0 
-0.171875 3.46945e-18 0 0 0 0 
-0.140625 0.0313513 0 0 0 0 
-0.148437 0.0156756 0 0 0 0 
-0.15625 0 0 0 0 0 
-0.132812 0.0156756 0 0 0 0 
-0.140625 0 0 0 0 0 
-0.125 0 0 0 0 0 
1 2 6
2 7 6
2 3 7
3 8 7
3 4 8
4 9 8
4 5 9
6 7 10
7 11 10
7 8 11
8 12 11
8 9 12
10 11 13
11 14 13
11 12 14
13 14 15
ZONE N=15, E=16, F=FEPOINT, ET=TRIANGLE
-0.1875 0 0 0 0 0 
-0.196683 -0.0214837 0 0 0 0 
-0.205866 -0.0429675 0 0 0 0 
-0.215049 -0.0644512 0 0 0 0 
-0.224231 -0.0859349 0 0 0 0 
-0.179687 -0.0160437 0 0 0 0 
-0.18887 -0.0375274 0 0 0 0 
-0.198053 -0.0590112 0 0 0 0 
-0.207236 -0.0804949 0 0 0 0 
-0.171875 -0.0320874 0 0 0 0 
-0.181058 -0.0535711 0 0 0 0 
-0.190241 -0.0750549 0 0 0 0 
-0.164062 -0.0481311 0 0 0 0 
-0.173245 -0.0696148 0 0 0 0 
-0.15625 -0.0641748 0 0 0 0 
1 2 6
2 7 6
2 3 7
3 8 7
3 4 8
4 9 8
4 5 9
6 7 10
7 11 10
7 8 11
8 12 11
8 9 12
10 11 13
11 14 13
11 12 14
13 14 15
ZONE N=15, E=16, F=FEPOINT, ET=TRIANGLE
0.040563 -0.0990647 0 0 0 0 
0.0304222 -0.0742985 0 0 0 0 
0.0202815 -0.0495323 0 0 0 0 
0.0101407 -0.0247662 0 0 0 0 
3.33067e-16 0 0 0 0 0 
0.0147972 -0.0918311 0 0 0 0 
0.00465649 -0.067065 0 0 0 0 
-0.00548426 -0.0422988 0 0 0 0 
-0.015625 -0.0175326 0 0 0 0 
-0.0109685 -0.0845976 0 0 0 0 
-0.0211093 -0.0598314 0 0 0 0 
-0.03125 -0.0350652 0 0 0 0 
-0.0367343 -0.077364 0 0 0 0 
-0.046875 -0.0525978 0 0 0 0 
-0.0625 -0.0701305 0 0 0 0 
1 2 6
2 7 6
2 3 7
3 8 7
3 4 8
4 9 8
4 5 9
6 7 10
7 11 10
7 8 11
8 12 11
8 9 12
10 11 13
11 14 13
11 12 14
13 14 15
ZONE N=15, E=16, F=FEPOINT, ET=TRIANGLE
-0.55557 -0.83147 0 0 0 0 
-0.550122 -0.810848 0 0 0 0 
-0.544674 -0.790227 0 0 0 0 
-0.539226 -0.769606 0 0 0 0 
-0.533778 -0.748984 0 0 0 0 
-0.575808 -0.817585 0 0 0 0 
-0.570185 -0.796719 0 0 0 0 
-0.564559 -0.775854 0 0 0 0 
-0.558932 -0.754991 0 0 0 0 
-0.595699 -0.803208 0 0 0 0 
-0.589894 -0.782101 0 0 0 0 
-0.584086 -0.760997 0 0 0 0 
-0.615232 -0.788346 0 0 0 0 
-0.60924 -0.767004 0 0 0 0 
-0.634393 -0.77301 0 0 0 0 
1 2 6
2 7 6
2 3 7
3 8 7
3 4 8
4 9 8
4 5 9
6 7 10
7 11 10
7 8 11
8 12 11
8 9 12
10 11 13
11 14 13
11 12 14
13 14 15
ZONE N=15, E=16, F=FEPOINT, ET=TRIANGLE
-0.641844 -0.675925 0 0 0 0 
-0.652502 -0.659457 0 0 0 0 
-0.663159 -0.642988 0 0 0 0 
-0.673817 -0.62652 0 0 0 0 
-0.684474 -0.610052 0 0 0 0 
-0.65816 -0.683721 0 0 0 0 
-0.668817 -0.667252 0 0 0 0 
-0.679475 -0.650784 0 0 0 0 
-0.690132 -0.634315 0 0 0 0 
-0.674476 -0.691516 0 0 0 0 
-0.685133 -0.675048 0 0 0 0 
-0.69579 -0.658579 0 0 0 0 
-0.690791 -0.699311 0 0 0 0 
-0.701449 -0.682843 0 0 0 0 
-0.707107 -0.707107 0 0 0 0 
1 2 6
2 7 6
2 3 7
3 8 7
3 4 8
4 9 8
4 5 9
6 7 10
7 11 10
7 8 11
8 12 11
8 9 12
10 11 13
11 14 13
11 12 14
13 14 15
ZONE N=15, E=16, F=FEPOINT, ET=TRIANGLE
-0.1875 0 0 0 0 0 
-0.195813 0.0225106 0 0 0 0 
-0.204127 0.0450213 0 0 0 0 
-0.21244 0.0675319 0 0 0 0 
-0.220754 0.0900426 0 0 0 0 
-0.203125 0 0 0 0 0 
-0.211438 0.0225106 0 0 0 0 
-0.219752 0.0450213 0 0 0 0 
-0.228065 0.0675319 0 0 0 0 
-0.21875 0 0 0 0 0 
-0.227063 0.0225106 0 0 0 0 
-0.235377 0.0450213 0 0 0 0 
-0.234375 0 0 0 0 0 
-0.242688 0.0225106 0 0 0 0 
-0.25 0 0 0 0 0 
1 2 6
2 7 6
2 3 7
3 8 7
3 4 8
4 9 8
4 5 9
6 7 10
7 11 10
7 8 11
8 12 11
8 9 12
10 11 13
11 14 13
11 12 14
13 14 15
ZONE N=15, E=16, F=FEPOINT, ET=TRIANGLE
-0.1875 0 0 0 0 0 
-0.203125 -6.93889e-18 0 0 0 0 
-0.21875 0 0 0 0 0 
-0.234375 0 0 0 0 0 
-0.25 0 0 0 0 0 
-0.196683 -0.0214837 0 0 0 0 
-0.212308 -0.0214837 0 0 0 0 
-0.227933 -0.0214837 0 0 0 0 
-0.243558 -0.0214837 0 0 0 0 
-0.205866 -0.0429675 0 0 0 0 
-0.221491 -0.0429675 0 0 0 0 
-0.237116 -0.0429675 0 0 0 0 
-0.215049 -0.0644512 0 0 0 0 
-0.230674 -0.0644512 0 0 0 0 
-0.224231 -0.0859349 0 0 0 0 
1 2 6
2 7 6
2 3 7
3 8 7
3 4 8
4 9 8
4 5 9
6 7 10
7 11 10
7 8 11
8 12 11
8 9 12
10 11 13
11 14 13
11 12 14
13 14 15
ZONE N=15, E=16, F=FEPOINT, ET=TRIANGLE
3.33067e-16 0 0 0 0 0 
-0.015625 0.0175719 0 0 0 0 
-0.03125 0.0351438 0 0 0 0 
-0.046875 0.0527157 0 0 0 0 
-0.0625 0.0702876 0 0 0 0 
-0.03125 0 0 0 0 0 
-0.046875 0.0175719 0 0 0 0 
-0.0625 0.0351438 0 0 0 0 
-0.078125 0.0527157 0 0 0 0 
-0.0625 0 0 0 0 0 
-0.078125 0.0175719 0 0 0 0 
-0.09375 0.0351438 0 0 0 0 
-0.09375 0 0 0 0 0 
-0.109375 0.0175719 0 0 0 0 
-0.125 0 0 0 0 0 
1 2 6
2 7 6
2 3 7
3 8 7
3 4 8
4 9 8
4 5 9
6 7 10
7 11 10
7 8 11
8 12 11
8 9 12
10 11 13
11 14 13
11 12 14
13 14 15
ZONE N=15, E=16, F=FEPOINT, ET=TRIANGLE
0.09375 -0.0588813 0 0 0 0 
0.101563 -0.044161 0 0 0 0 
0.109375 -0.0294406 0 0 0 0 
0.117188 -0.0147203 0 0 0 0 
0.125 0 0 0 0 0 
0.0859375 -0.044161 0 0 0 0 
0.09375 -0.0294406 0 0 0 0 
0.101563 -0.0147203 0 0 0 0 
0.109375 1.73472e-18 0 0 0 0 
0.078125 -0.0294406 0 0 0 0 
0.0859375 -0.0147203 0 0 0 0 
0.09375 0 0 0 0 0 
0.0703125 -0.0147203 0 0 0 0 
0.078125 0 0 0 0 0 
0.0625 0 0 0 0 0 
1 2 6
2 7 6
2 3 7
3 8 7
3 4 8
4 9 8
4 5 9
6 7 10
7 11 10
7 8 11
8 12 11
8 9 12
10 11 13
11 14 13
11 12 14
13 14 15
ZONE N=15, E=16, F=FEPOINT, ET=TRIANGLE
3.33067e-16 0 0 0 0 0 
0.0078125 0.0140299 0 0 0 0 
0.015625 0.0280598 0 0 0 0 
0.0234375 0.0420897 0 0 0 0 
0.03125 0.0561197 0 0 0 0 
-0.015625 0.0175719 0 0 0 0 
-0.0078125 0.0316018 0 0 0 0 
3.08781e-16 0.0456317 0 0 0 0 
0.0078125 0.0596616 0 0 0 0 
-0.03125 0.0351438 0 0 0 0 
-0.0234375 0.0491737 0 0 0 0 
-0.015625 0.0632036 0 0 0 0 
-0.046875 0.0527157 0 0 0 0 
-0.0390625 0.0667456 0 0 0 0 
-0.0625 0.0702876 0 0 0 0 
1 2 6
2 7 6
2 3 7
3 8 7
3 4 8
4 9 8
4 5 9
6 7 10
7 11 10
7 8 11
8 12 11
8 9 12
10 11 13
11 14 13
11 12 14
13 14 15
ZONE N=15, E=16, F=FEPOINT, ET=TRIANGLE
-0.553052 0.726399 0 0 0 0 
-0.553681 0.752667 0 0 0 0 
-0.554311 0.778934 0 0 0 0 
-0.554941 0.805202 0 0 0 0 
-0.55557 0.83147 0 0 0 0 
-0.573387 0.738052 0 0 0 0 
-0.574196 0.764562 0 0 0 0 
-0.575003 0.791072 0 0 0 0 
-0.575808 0.817585 0 0 0 0 
-0.593722 0.749705 0 0 0 0 
-0.594713 0.776455 0 0 0 0 
-0.595699 0.803208 0 0 0 0 
-0.614058 0.761358 0 0 0 0 
-0.615232 0.788346 0 0 0 0 
-0.634393 0.77301 0 0 0 0 
1 2 6
2 7 6
2 3 7
3 8 7
3 4 8
4 9 8
4 5 9
6 7 10
7 11 10
7 8 11
8 12 11
8 9 12
10 11 13
11 14 13
11 12 14
13 14 15
ZONE N=15, E=16, F=FEPOINT, ET=TRIANGLE
-0.290285 -0.95694 0 0 0 0 
-0.285954 -0.934569 0 0 0 0 
-0.281624 -0.912198 0 0 0 0 
-0.277294 -0.889827 0 0 0 0 
-0.272963 -0.867455 0 0 0 0 
-0.305142 -0.934619 0 0 0 0 
-0.300812 -0.912248 0 0 0 0 
-0.296481 -0.889876 0 0 0 0 
-0.292151 -0.867505 0 0 0 0 
-0.319999 -0.912297 0 0 0 0 
-0.315669 -0.889926 0 0 0 0 
-0.311339 -0.867555 0 0 0 0 
-0.334857 -0.889976 0 0 0 0 
-0.330527 -0.867605 0 0 0 0 
-0.349714 -0.867654 0 0 0 0 
1 2 6
2 7 6
2 3 7
3 8 7
3 4 8
4 9 8
4 5 9
6 7 10
7 11 10
7 8 11
8 12 11
8 9 12
10 11 13
11 14 13
11 12 14
13 14 15
ZONE N=15, E=16, F=FEPOINT, ET=TRIANGLE
0.0625 0 0 0 0 0 
0.0546875 0.0140299 0 0 0 0 
0.046875 0.0280598 0 0 0 0 
0.0390625 0.0420897 0 0 0 0 
0.03125 0.0561197 0 0 0 0 
0.046875 0 0 0 0 0 
0.0390625 0.0140299 0 0 0 0 
0.03125 0.0280598 0 0 0 0 
0.0234375 0.0420897 0 0 0 0 
0.03125 0 0 0 0 0 
0.0234375 0.0140299 0 0 0 0 
0.015625 0.0280598 0 0 0 0 
0.015625 -1.73472e-18 0 0 0 0 
0.0078125 0.0140299 0 0 0 0 
3.33067e-16 0 0 0 0 0 
1 2 6
2 7 6
2 3 7
3 8 7
3 4 8
4 9 8
4 5 9
6 7 10
7 11 10
7 8 11
8 12 11
8 9 12
10 11 13
11 14 13
11 12 14
13 14 15
ZONE N=15, E=16, F=FEPOINT, ET=TRIANGLE
-0.290285 0.95694 0 0 0 0 
-0.294699 0.938163 0 0 0 0 
-0.299114 0.919385 0 0 0 0 
-0.303528 0.900607 0 0 0 0 
-0.307942 0.881829 0 0 0 0 
-0.272207 0.938533 0 0 0 0 
-0.276621 0.919756 0 0 0 0 
-0.281036 0.900978 0 0 0 0 
-0.28545 0.8822 0 0 0 0 
-0.254129 0.920127 0 0 0 0 
-0.258543 0.901349 0 0 0 0 
-0.262958 0.882571 0 0 0 0 
-0.236051 0.90172 0 0 0 0 
-0.240465 0.882942 0 0 0 0 
-0.217973 0.883313 0 0 0 0 
1 2 6
2 7 6
2 3 7
3 8 7
3 4 8
4 9 8
4 5 9
6 7 10
7 11 10
7 8 11
8 12 11
8 9 12
10 11 13
11 14 13
11 12 14
13 14 15
ZONE N=15, E=16, F=FEPOINT, ET=TRIANGLE
-0.134638 0.926869 0 0 0 0 
-0.125483 0.943948 0 0 0 0 
-0.116327 0.961027 0 0 0 0 
-0.107172 0.978106 0 0 0 0 
-0.0980171 0.995185 0 0 0 0 
-0.149751 0.940348 0 0 0 0 
-0.14064 0.957725 0 0 0 0 
-0.131527 0.975102 0 0 0 0 
-0.122411 0.99248 0 0 0 0 
-0.164864 0.953827 0 0 0 0 
-0.1558 0.971502 0 0 0 0 
-0.14673 0.989177 0 0 0 0 
-0.179977 0.967306 0 0 0 0 
-0.170962 0.985278 0 0 0 0 
-0.19509 0.980785 0 0 0 0 
1 2 6
2 7 6
2 3 7
3 8 7
3 4 8
4 9 8
4 5 9
6 7 10
7 11 10
7 8 11
8 12 11
8 9 12
10 11 13
11 14 13
11 12 14
13 14 15
ZONE N=15, E=16, F=FEPOINT, ET=TRIANGLE
-0.307942 0.881829 0 0 0 0 
-0.326628 0.892342 0 0 0 0 
-0.345313 0.902854 0 0 0 0 
-0.363998 0.913367 0 0 0 0 
-0.382683 0.92388 0 0 0 0 
-0.321589 0.873209 0 0 0 0 
-0.340275 0.883721 0 0 0 0 
-0.35896 0.894234 0 0 0 0 
-0.377645 0.904747 0 0 0 0 
-0.335236 0.864588 0 0 0 0 
-0.353922 0.875101 0 0 0 0 
-0.372607 0.885613 0 0 0 0 
-0.348883 0.855968 0 0 0 0 
-0.367569 0.86648 0 0 0 0 
-0.36253 0.847347 0 0 0 0 
1 2 6
2 7 6
2 3 7
3 8 7
3 4 8
4 9 8
4 5 9
6 7 10
7 11 10
7 8 11
8 12 11
8 9 12
10 11 13
11 14 13
11 12 14
13 14 15
ZONE N=15, E=16, F=FEPOINT, ET=TRIANGLE
-0.88085 -0.189976 0 0 0 0 
-0.899873 -0.215053 0 0 0 0 
-0.918895 -0.240131 0 0 0 0 
-0.937918 -0.265208 0 0 0 0 
-0.95694 -0.290285 0 0 0 0 
-0.866974 -0.199288 0 0 0 0 
-0.885997 -0.224365 0 0 0 0 
-0.905019 -0.249442 0 0 0 0 
-0.924042 -0.274519 0 0 0 0 
-0.853099 -0.208599 0 0 0 0 
-0.872121 -0.233676 0 0 0 0 
-0.891144 -0.258753 0 0 0 0 
-0.839223 -0.217911 0 0 0 0 
-0.858245 -0.242988 0 0 0 0 
-0.825347 -0.227222 0 0 0 0 
1 2 6
2 7 6
2 3 7
3 8 7
3 4 8
4 9 8
4 5 9
6 7 10
7 11 10
7 8 11
8 12 11
8 9 12
10 11 13
11 14 13
11 12 14
13 14 15
ZONE N=15, E=16, F=FEPOINT, ET=TRIANGLE
-0.36253 0.847347 0 0 0 0 
-0.389747 0.855991 0 0 0 0 
-0.416964 0.864634 0 0 0 0 
-0.44418 0.873278 0 0 0 0 
-0.471397 0.881921 0 0 0 0 
-0.39025 0.834584 0 0 0 0 
-0.417466 0.843227 0 0 0 0 
-0.444683 0.851871 0 0 0 0 
-0.4719 0.860514 0 0 0 0 
-0.417969 0.82182 0 0 0 0 
-0.445186 0.830464 0 0 0 0 
-0.472402 0.839107 0 0 0 0 
-0.445688 0.809057 0 0 0 0 
-0.472905 0.8177 0 0 0 0 
-0.473408 0.796293 0 0 0 0 
1 2 6
2 7 6
2 3 7
3 8 7
3 4 8
4 9 8
4 5 9
6 7 10
7 11 10
7 8 11
8 12 11
8 9 12
10 11 13
11 14 13
11 12 14
13 14 15
ZONE N=15, E=16, F=FEPOINT, ET=TRIANGLE
-0.663291 0.599881 0 0 0 0 
-0.654516 0.619108 0 0 0 0 
-0.645741 0.638335 0 0 0 0 
-0.636966 0.657562 0 0 0 0 
-0.628191 0.676789 0 0 0 0 
-0.674245 0.626688 0 0 0 0 
-0.66547 0.645915 0 0 0 0 
-0.656695 0.665142 0 0 0 0 
-0.64792 0.684369 0 0 0 0 
-0.685199 0.653494 0 0 0 0 
-0.676424 0.672721 0 0 0 0 
-0.667649 0.691948 0 0 0 0 
-0.696153 0.6803 0 0 0 0 
-0.687378 0.699527 0 0 0 0 
-0.707107 0.707107 0 0 0 0 
1 2 6
2 7 6
2 3 7
3 8 7
3 4 8
4 9 8
4 5 9
6 7 10
7 11 10
7 8 11
8 12 11
8 9 12
10 11 13
11 14 13
11 12 14
13 14 15
ZONE N=15, E=16, F=FEPOINT, ET=TRIANGLE
-0.881921 0.471397 0 0 0 0 
-0.864635 0.445121 0 0 0 0 
-0.847349 0.418845 0 0 0 0 
-0.830063 0.392569 0 0 0 0 
-0.812777 0.366293 0 0 0 0 
-0.860405 0.469788 0 0 0 0 
-0.843119 0.443512 0 0 0 0 
-0.825833 0.417236 0 0 0 0 
-0.808547 0.39096 0 0 0 0 
-0.838889 0.468179 0 0 0 0 
-0.821603 0.441903 0 0 0 0 
-0.804317 0.415627 0 0 0 0 
-0.817373 0.46657 0 0 0 0 
-0.800087 0.440294 0 0 0 0 
-0.795858 0.46496 0 0 0 0 
1 2 6
2 7 6
2 3 7
3 8 7
3 4 8
4 9 8
4 5 9
6 7 10
7 11 10
7 8 11
8 12 11
8 9 12
10 11 13
11 14 13
11 12 14
13 14 15
ZONE N=15, E=16, F=FEPOINT, ET=TRIANGLE
0.09375 0.0709429 0 0 0 0 
0.078125 0.0672371 0 0 0 0 
0.0625 0.0635313 0 0 0 0 
0.046875 0.0598255 0 0 0 0 
0.03125 0.0561197 0 0 0 0 
0.0859375 0.0532072 0 0 0 0 
0.0703125 0.0495014 0 0 0 0 
0.0546875 0.0457956 0 0 0 0 
0.0390625 0.0420897 0 0 0 0 
0.078125 0.0354715 0 0 0 0 
0.0625 0.0317656 0 0 0 0 
0.046875 0.0280598 0 0 0 0 
0.0703125 0.0177357 0 0 0 0 
0.0546875 0.0140299 0 0 0 0 
0.0625 0 0 0 0 0 
1 2 6
2 7 6
2 3 7
3 8 7
3 4 8
4 9 8
4 5 9
6 7 10
7 11 10
7 8 11
8 12 11
8 9 12
10 11 13
11 14 13
11 12 14
13 14 15
ZONE N=15, E=16, F=FEPOINT, ET=TRIANGLE
0.25 0 0 0 0 0 
0.265625 0 0 0 0 0 
0.28125 0 0 0 0 0 
0.296875 0 0 0 0 0 
0.3125 0 0 0 0 0 
0.257813 0.0156453 0 0 0 0 
0.273438 0.0156453 0 0 0 0 
0.289063 0.0156453 0 0 0 0 
0.304688 0.0156453 0 0 0 0 
0.265625 0.0312906 0 0 0 0 
0.28125 0.0312906 0 0 0 0 
0.296875 0.0312906 0 0 0 0 
0.273438 0.046936 0 0 0 0 
0.289063 0.046936 0 0 0 0 
0.28125 0.0625813 0 0 0 0 
1 2 6
2 7 6
2 3 7
3 8 7
3 4 8
4 9 8
4 5 9
6 7 10
7 11 10
7 8 11
8 12 11
8 9 12
10 11 13
11 14 13
11 12 14
13 14 15
ZONE N=15, E=16, F=FEPOINT, ET=TRIANGLE
0.471397 0.881921 0 0 0 0 
0.449611 0.893224 0 0 0 0 
0.427555 0.903989 0 0 0 0 
0.405241 0.91421 0 0 0 0 
0.382683 0.92388 0 0 0 0 
0.450513 0.872401 0 0 0 0 
0.428594 0.883434 0 0 0 0 
0.406411 0.893925 0 0 0 0 
0.383978 0.90387 0 0 0 0 
0.429629 0.86288 0 0 0 0 
0.407579 0.873642 0 0 0 0 
0.385272 0.88386 0 0 0 0 
0.408745 0.85336 0 0 0 0 
0.386566 0.86385 0 0 0 0 
0.387861 0.84384 0 0 0 0 
1 2 6
2 7 6
2 3 7
3 8 7
3 4 8
4 9 8
4 5 9
6 7 10
7 11 10
7 8 11
8 12 11
8 9 12
10 11 13
11 14 13
11 12 14
13 14 15
ZONE N=15, E=16, F=FEPOINT, ET=TRIANGLE
0.55557 0.83147 0 0 0 0 
0.528034 0.823399 0 0 0 0 
0.500497 0.815328 0 0 0 0 
0.472961 0.807257 0 0 0 0 
0.445425 0.799186 0 0 0 0 
0.53622 0.807129 0 0 0 0 
0.508684 0.799058 0 0 0 0 
0.481148 0.790988 0 0 0 0 
0.453611 0.782917 0 0 0 0 
0.516871 0.782789 0 0 0 0 
0.489334 0.774718 0 0 0 0 
0.461798 0.766647 0 0 0 0 
0.497521 0.758449 0 0 0 0 
0.469984 0.750378 0 0 0 0 
0.478171 0.734108 0 0 0 0 
1 2 6
2 7 6
2 3 7
3 8 7
3 4 8
4 9 8
4 5 9
6 7 10
7 11 10
7 8 11
8 12 11
8 9 12
10 11 13
11 14 13
11 12 14
13 14 15
ZONE N=15, E=16, F=FEPOINT, ET=TRIANGLE
0.228927 0.900892 0 0 0 0 
0.244266 0.914904 0 0 0 0 
0.259606 0.928916 0 0 0 0 
0.274945 0.942928 0 0 0 0 
0.290285 0.95694 0 0 0 0 
0.220468 0.920866 0 0 0 0 
0.23588 0.93517 0 0 0 0 
0.251295 0.949473 0 0 0 0 
0.266713 0.963776 0 0 0 0 
0.212009 0.940839 0 0 0 0 
0.227492 0.955436 0 0 0 0 
0.24298 0.970031 0 0 0 0 
0.203549 0.960812 0 0 0 0 
0.219101 0.975702 0 0 0 0 
0.19509 0.980785 0 0 0 0 
1 2 6
2 7 6
2 3 7
3 8 7
3 4 8
4 9 8
4 5 9
6 7 10
7 11 10
7 8 11
8 12 11
8 9 12
10 11 13
11 14 13
11 12 14
13 14 15
ZONE N=15, E=16, F=FEPOINT, ET=TRIANGLE
0.382683 0.92388 0 0 0 0 
0.359895 0.932993 0 0 0 0 
0.33689 0.941544 0 0 0 0 
0.313682 0.949528 0 0 0 0 
0.290285 0.95694 0 0 0 0 
0.363936 0.904517 0 0 0 0 
0.341042 0.913348 0 0 0 0 
0.317938 0.921615 0 0 0 0 
0.294637 0.929313 0 0 0 0 
0.345189 0.885155 0 0 0 0 
0.322191 0.893703 0 0 0 0 
0.29899 0.901685 0 0 0 0 
0.326442 0.865792 0 0 0 0 
0.303343 0.874057 0 0 0 0 
0.307695 0.84643 0 0 0 0 
1 2 6
2 7 6
2 3 7
3 8 7
3 4 8
4 9 8
4 5 9
6 7 10
7 11 10
7 8 11
8 12 11
8 9 12
10 11 13
11 14 13
11 12 14
13 14 15
ZONE N=15, E=16, F=FEPOINT, ET=TRIANGLE
0.290285 0.95694 0 0 0 0 
0.274945 0.942928 0 0 0 0 
0.259606 0.928916 0 0 0 0 
0.244266 0.914904 0 0 0 0 
0.228927 0.900892 0 0 0 0 
0.294637 0.929313 0 0 0 0 
0.279298 0.915301 0 0 0 0 
0.263958 0.901289 0 0 0 0 
0.248619 0.887277 0 0 0 0 
0.29899 0.901685 0 0 0 0 
0.283651 0.887673 0 0 0 0 
0.268311 0.873661 0 0 0 0 
0.303343 0.874057 0 0 0 0 
0.288003 0.860045 0 0 0 0 
0.307695 0.84643 0 0 0 0 
1 2 6
2 7 6
2 3 7
3 8 7
3 4 8
4 9 8
4 5 9
6 7 10
7 11 10
7 8 11
8 12 11
8 9 12
10 11 13
11 14 13
11 12 14
13 14 15
ZONE N=15, E=16, F=FEPOINT, ET=TRIANGLE
0.135541 0.931411 0 0 0 0 
0.158888 0.923781 0 0 0 0 
0.182234 0.916152 0 0 0 0 
0.20558 0.908522 0 0 0 0 
0.228927 0.900892 0 0 0 0 
0.150428 0.943755 0 0 0 0 
0.173775 0.936125 0 0 0 0 
0.197121 0.928495 0 0 0 0 
0.220468 0.920866 0 0 0 0 
0.165316 0.956098 0 0 0 0 
0.188662 0.948469 0 0 0 0 
0.212009 0.940839 0 0 0 0 
0.180203 0.968442 0 0 0 0 
0.203549 0.960812 0 0 0 0 
0.19509 0.980785 0 0 0 0 
1 2 6
2 7 6
2 3 7
3 8 7
3 4 8
4 9 8
4 5 9
6 7 10
7 11 10
7 8 11
8 12 11
8 9 12
10 11 13
11 14 13
11 12 14
13 14 15
ZONE N=15, E=16, F=FEPOINT, ET=TRIANGLE
6.12323e-17 1 0 0 0 0 
0.00264304 0.97379 0 0 0 0 
0.00528607 0.947581 0 0 0 0 
0.00792911 0.921371 0 0 0 0 
0.0105721 0.895162 0 0 0 0 
0.0180104 0.980286 0 0 0 0 
0.0206534 0.954076 0 0 0 0 
0.0232964 0.927866 0 0 0 0 
0.0259395 0.901657 0 0 0 0 
0.0360207 0.960571 0 0 0 0 
0.0386638 0.934362 0 0 0 0 
0.0413068 0.908152 0 0 0 0 
0.0540311 0.940857 0 0 0 0 
0.0566741 0.914647 0 0 0 0 
0.0720415 0.921143 0 0 0 0 
1 2 6
2 7 6
2 3 7
3 8 7
3 4 8
4 9 8
4 5 9
6 7 10
7 11 10
7 8 11
8 12 11
8 9 12
10 11 13
11 14 13
11 12 14
13 14 15
ZONE N=15, E=16, F=FEPOINT, ET=TRIANGLE
-0.0384245 0.943173 0 0 0 0 
-0.0261753 0.93117 0 0 0 0 
-0.0139262 0.919167 0 0 0 0 
-0.00167701 0.907164 0 0 0 0 
0.0105721 0.895162 0 0 0 0 
-0.0288184 0.95738 0 0 0 0 
-0.0165692 0.945377 0 0 0 0 
-0.00432005 0.933374 0 0 0 0 
0.00792911 0.921371 0 0 0 0 
-0.0192122 0.971586 0 0 0 0 
-0.00696308 0.959584 0 0 0 0 
0.00528607 0.947581 0 0 0 0 
-0.00960612 0.985793 0 0 0 0 
0.00264304 0.97379 0 0 0 0 
6.12323e-17 1 0 0 0 0 
1 2 6
2 7 6
2 3 7
3 8 7
3 4 8
4 9 8
4 5 9
6 7 10
7 11 10
7 8 11
8 12 11
8 9 12
10 11 13
11 14 13
11 12 14
13 14 15
ZONE N=15, E=16, F=FEPOINT, ET=TRIANGLE
-0.474168 -0.793132 0 0 0 0 
-0.494518 -0.802716 0 0 0 0 
-0.514869 -0.812301 0 0 0 0 
-0.53522 -0.821885 0 0 0 0 
-0.55557 -0.83147 0 0 0 0 
-0.473475 -0.815329 0 0 0 0 
-0.493981 -0.825172 0 0 0 0 
-0.514488 -0.835013 0 0 0 0 
-0.534998 -0.844854 0 0 0 0 
-0.472782 -0.837526 0 0 0 0 
-0.49344 -0.847629 0 0 0 0 
-0.514103 -0.857729 0 0 0 0 
-0.47209 -0.859724 0 0 0 0 
-0.492898 -0.870087 0 0 0 0 
-0.471397 -0.881921 0 0 0 0 
1 2 6
2 7 6
2 3 7
3 8 7
3 4 8
4 9 8
4 5 9
6 7 10
7 11 10
7 8 11
8 12 11
8 9 12
10 11 13
11 14 13
11 12 14
13 14 15
ZONE N=15, E=16, F=FEPOINT, ET=TRIANGLE
-0.641844 -0.675925 0 0 0 0 
-0.639982 -0.700197 0 0 0 0 
-0.638119 -0.724468 0 0 0 0 
-0.636256 -0.748739 0 0 0 0 
-0.634393 -0.77301 0 0 0 0 
-0.624283 -0.680233 0 0 0 0 
-0.62242 -0.704505 0 0 0 0 
-0.620557 -0.728776 0 0 0 0 
-0.618695 -0.753047 0 0 0 0 
-0.606721 -0.684541 0 0 0 0 
-0.604859 -0.708813 0 0 0 0 
-0.602996 -0.733084 0 0 0 0 
-0.58916 -0.688849 0 0 0 0 
-0.587297 -0.713121 0 0 0 0 
-0.571598 -0.693157 0 0 0 0 
1 2 6
2 7 6
2 3 7
3 8 7
3 4 8
4 9 8
4 5 9
6 7 10
7 11 10
7 8 11
8 12 11
8 9 12
10 11 13
11 14 13
11 12 14
13 14 15
ZONE N=15, E=16, F=FEPOINT, ET=TRIANGLE
-0.474168 -0.793132 0 0 0 0 
-0.48907 -0.782095 0 0 0 0 
-0.503973 -0.771058 0 0 0 0 
-0.518876 -0.760021 0 0 0 0 
-0.533778 -0.748984 0 0 0 0 
-0.494518 -0.802716 0 0 0 0 
-0.509421 -0.791679 0 0 0 0 
-0.524324 -0.780643 0 0 0 0 
-0.539226 -0.769606 0 0 0 0 
-0.514869 -0.812301 0 0 0 0 
-0.529772 -0.801264 0 0 0 0 
-0.544674 -0.790227 0 0 0 0 
-0.53522 -0.821885 0 0 0 0 
-0.550122 -0.810848 0 0 0 0 
-0.55557 -0.83147 0 0 0 0 
1 2 6
2 7 6
2 3 7
3 8 7
3 4 8
4 9 8
4 5 9
6 7 10
7 11 10
7 8 11
8 12 11
8 9 12
10 11 13
11 14 13
11 12 14
13 14 15
ZONE N=15, E=16, F=FEPOINT, ET=TRIANGLE
-0.707107 -0.707107 0 0 0 0 
-0.701449 -0.682843 0 0 0 0 
-0.69579 -0.658579 0 0 0 0 
-0.690132 -0.634315 0 0 0 0 
-0.684474 -0.610052 0 0 0 0 
-0.724247 -0.689541 0 0 0 0 
-0.718369 -0.665071 0 0 0 0 
-0.712489 -0.640603 0 0 0 0 
-0.706608 -0.616137 0 0 0 0 
-0.740951 -0.671559 0 0 0 0 
-0.734848 -0.646889 0 0 0 0 
-0.728742 -0.622222 0 0 0 0 
-0.757209 -0.653173 0 0 0 0 
-0.750876 -0.628308 0 0 0 0 
-0.77301 -0.634393 0 0 0 0 
1 2 6
2 7 6
2 3 7
3 8 7
3 4 8
4 9 8
4 5 9
6 7 10
7 11 10
7 8 11
8 12 11
8 9 12
10 11 13
11 14 13
11 12 14
13 14 15
ZONE N=15, E=16, F=FEPOINT, ET=TRIANGLE
-0.707107 -0.707107 0 0 0 0 
-0.689541 -0.724247 0 0 0 0 
-0.671559 -0.740951 0 0 0 0 
-0.653173 -0.757209 0 0 0 0 
-0.634393 -0.77301 0 0 0 0 
-0.690791 -0.699311 0 0 0 0 
-0.673019 -0.716232 0 0 0 0 
-0.654837 -0.732711 0 0 0 0 
-0.636256 -0.748739 0 0 0 0 
-0.674476 -0.691516 0 0 0 0 
-0.656499 -0.708215 0 0 0 0 
-0.638119 -0.724468 0 0 0 0 
-0.65816 -0.683721 0 0 0 0 
-0.639982 -0.700197 0 0 0 0 
-0.641844 -0.675925 0 0 0 0 
1 2 6
2 7 6
2 3 7
3 8 7
3 4 8
4 9 8
4 5 9
6 7 10
7 11 10
7 8 11
8 12 11
8 9 12
10 11 13
11 14 13
11 12 14
13 14 15
ZONE N=15, E=16, F=FEPOINT, ET=TRIANGLE
-0.738683 -0.55223 0 0 0 0 
-0.761879 -0.553065 0 0 0 0 
-0.785076 -0.5539 0 0 0 0 
-0.808273 -0.554735 0 0 0 0 
-0.83147 -0.55557 0 0 0 0 
-0.747265 -0.572771 0 0 0 0 
-0.770703 -0.573785 0 0 0 0 
-0.794143 -0.574798 0 0 0 0 
-0.817585 -0.575808 0 0 0 0 
-0.755847 -0.593312 0 0 0 0 
-0.779526 -0.594507 0 0 0 0 
-0.803208 -0.595699 0 0 0 0 
-0.764428 -0.613853 0 0 0 0 
-0.788346 -0.615232 0 0 0 0 
-0.77301 -0.634393 0 0 0 0 
1 2 6
2 7 6
2 3 7
3 8 7
3 4 8
4 9 8
4 5 9
6 7 10
7 11 10
7 8 11
8 12 11
8 9 12
10 11 13
11 14 13
11 12 14
13 14 15
ZONE N=15, E=16, F=FEPOINT, ET=TRIANGLE
-0.77301 -0.634393 0 0 0 0 
-0.750876 -0.628308 0 0 0 0 
-0.728742 -0.622222 0 0 0 0 
-0.706608 -0.616137 0 0 0 0 
-0.684474 -0.610052 0 0 0 0 
-0.764428 -0.613853 0 0 0 0 
-0.742294 -0.607767 0 0 0 0 
-0.72016 -0.601682 0 0 0 0 
-0.698026 -0.595596 0 0 0 0 
-0.755847 -0.593312 0 0 0 0 
-0.733712 -0.587226 0 0 0 0 
-0.711578 -0.581141 0 0 0 0 
-0.747265 -0.572771 0 0 0 0 
-0.72513 -0.566686 0 0 0 0 
-0.738683 -0.55223 0 0 0 0 
1 2 6
2 7 6
2 3 7
3 8 7
3 4 8
4 9 8
4 5 9
6 7 10
7 11 10
7 8 11
8 12 11
8 9 12
10 11 13
11 14 13
11 12 14
13 14 15
ZONE N=15, E=16, F=FEPOINT, ET=TRIANGLE
-0.571598 -0.693157 0 0 0 0 
-0.587297 -0.713121 0 0 0 0 
-0.602996 -0.733084 0 0 0 0 
-0.618695 -0.753047 0 0 0 0 
-0.634393 -0.77301 0 0 0 0 
-0.562143 -0.707114 0 0 0 0 
-0.577842 -0.727077 0 0 0 0 
-0.593541 -0.747041 0 0 0 0 
-0.60924 -0.767004 0 0 0 0 
-0.552688 -0.721071 0 0 0 0 
-0.568387 -0.741034 0 0 0 0 
-0.584086 -0.760997 0 0 0 0 
-0.543233 -0.735028 0 0 0 0 
-0.558932 -0.754991 0 0 0 0 
-0.533778 -0.748984 0 0 0 0 
1 2 6
2 7 6
2 3 7
3 8 7
3 4 8
4 9 8
4 5 9
6 7 10
7 11 10
7 8 11
8 12 11
8 9 12
10 11 13
11 14 13
11 12 14
13 14 15
ZONE N=15, E=16, F=FEPOINT, ET=TRIANGLE
-0.474168 -0.793132 0 0 0 0 
-0.473475 -0.815329 0 0 0 0 
-0.472782 -0.837526 0 0 0 0 
-0.47209 -0.859724 0 0 0 0 
-0.471397 -0.881921 0 0 0 0 
-0.454554 -0.800218 0 0 0 0 
-0.453861 -0.822415 0 0 0 0 
-0.453168 -0.844613 0 0 0 0 
-0.452476 -0.86681 0 0 0 0 
-0.43494 -0.807304 0 0 0 0 
-0.434247 -0.829501 0 0 0 0 
-0.433555 -0.851699 0 0 0 0 
-0.415326 -0.81439 0 0 0 0 
-0.414633 -0.836587 0 0 0 0 
-0.395712 -0.821476 0 0 0 0 
1 2 6
2 7 6
2 3 7
3 8 7
3 4 8
4 9 8
4 5 9
6 7 10
7 11 10
7 8 11
8 12 11
8 9 12
10 11 13
11 14 13
11 12 14
13 14 15
ZONE N=15, E=16, F=FEPOINT, ET=TRIANGLE
-0.395712 -0.821476 0 0 0 0 
-0.414633 -0.836587 0 0 0 0 
-0.433555 -0.851699 0 0 0 0 
-0.452476 -0.86681 0 0 0 0 
-0.471397 -0.881921 0 0 0 0 
-0.392455 -0.847077 0 0 0 0 
-0.411505 -0.862461 0 0 0 0 
-0.430557 -0.877843 0 0 0 0 
-0.449611 -0.893224 0 0 0 0 
-0.389198 -0.872678 0 0 0 0 
-0.408374 -0.888335 0 0 0 0 
-0.427555 -0.903989 0 0 0 0 
-0.385941 -0.898279 0 0 0 0 
-0.405241 -0.91421 0 0 0 0 
-0.382683 -0.92388 0 0 0 0 
1 2 6
2 7 6
2 3 7
3 8 7
3 4 8
4 9 8
4 5 9
6 7 10
7 11 10
7 8 11
8 12 11
8 9 12
10 11 13
11 14 13
11 12 14
13 14 15
ZONE N=15, E=16, F=FEPOINT, ET=TRIANGLE
-0.382683 -0.92388 0 0 0 0 
-0.374441 -0.909823 0 0 0 0 
-0.366199 -0.895767 0 0 0 0 
-0.357957 -0.881711 0 0 0 0 
-0.349714 -0.867654 0 0 0 0 
-0.385941 -0.898279 0 0 0 0 
-0.377698 -0.884222 0 0 0 0 
-0.369456 -0.870166 0 0 0 0 
-0.361214 -0.85611 0 0 0 0 
-0.389198 -0.872678 0 0 0 0 
-0.380956 -0.858622 0 0 0 0 
-0.372713 -0.844565 0 0 0 0 
-0.392455 -0.847077 0 0 0 0 
-0.384213 -0.833021 0 0 0 0 
-0.395712 -0.821476 0 0 0 0 
1 2 6
2 7 6
2 3 7
3 8 7
3 4 8
4 9 8
4 5 9
6 7 10
7 11 10
7 8 11
8 12 11
8 9 12
10 11 13
11 14 13
11 12 14
13 14 15
ZONE N=15, E=16, F=FEPOINT, ET=TRIANGLE
-0.290285 -0.95694 0 0 0 0 
-0.270243 -0.941621 0 0 0 0 
-0.250201 -0.926301 0 0 0 0 
-0.230159 -0.910981 0 0 0 0 
-0.210117 -0.895661 0 0 0 0 
-0.285954 -0.934569 0 0 0 0 
-0.265912 -0.919249 0 0 0 0 
-0.24587 -0.90393 0 0 0 0 
-0.225828 -0.88861 0 0 0 0 
-0.281624 -0.912198 0 0 0 0 
-0.261582 -0.896878 0 0 0 0 
-0.24154 -0.881558 0 0 0 0 
-0.277294 -0.889827 0 0 0 0 
-0.257252 -0.874507 0 0 0 0 
-0.272963 -0.867455 0 0 0 0 
1 2 6
2 7 6
2 3 7
3 8 7
3 4 8
4 9 8
4 5 9
6 7 10
7 11 10
7 8 11
8 12 11
8 9 12
10 11 13
11 14 13
11 12 14
13 14 15
ZONE N=15, E=16, F=FEPOINT, ET=TRIANGLE
-0.290285 -0.95694 0 0 0 0 
-0.305142 -0.934619 0 0 0 0 
-0.319999 -0.912297 0 0 0 0 
-0.334857 -0.889976 0 0 0 0 
-0.349714 -0.867654 0 0 0 0 
-0.313682 -0.949528 0 0 0 0 
-0.328442 -0.926922 0 0 0 0 
-0.343201 -0.904316 0 0 0 0 
-0.357957 -0.881711 0 0 0 0 
-0.33689 -0.941544 0 0 0 0 
-0.351547 -0.918655 0 0 0 0 
-0.366199 -0.895767 0 0 0 0 
-0.359895 -0.932993 0 0 0 0 
-0.374441 -0.909823 0 0 0 0 
-0.382683 -0.92388 0 0 0 0 
1 2 6
2 7 6
2 3 7
3 8 7
3 4 8
4 9 8
4 5 9
6 7 10
7 11 10
7 8 11
8 12 11
8 9 12
10 11 13
11 14 13
11 12 14
13 14 15
ZONE N=15, E=16, F=FEPOINT, ET=TRIANGLE
-0.19509 -0.980785 0 0 0 0 
-0.198847 -0.959504 0 0 0 0 
-0.202603 -0.938223 0 0 0 0 
-0.20636 -0.916942 0 0 0 0 
-0.210117 -0.895661 0 0 0 0 
-0.219101 -0.975702 0 0 0 0 
-0.222789 -0.954128 0 0 0 0 
-0.226475 -0.932554 0 0 0 0 
-0.230159 -0.910981 0 0 0 0 
-0.24298 -0.970031 0 0 0 0 
-0.246593 -0.948165 0 0 0 0 
-0.250201 -0.926301 0 0 0 0 
-0.266713 -0.963776 0 0 0 0 
-0.270243 -0.941621 0 0 0 0 
-0.290285 -0.95694 0 0 0 0 
1 2 6
2 7 6
2 3 7
3 8 7
3 4 8
4 9 8
4 5 9
6 7 10
7 11 10
7 8 11
8 12 11
8 9 12
10 11 13
11 14 13
11 12 14
13 14 15
ZONE N=15, E=16, F=FEPOINT, ET=TRIANGLE
3.33067e-16 0 0 0 0 0 
0.0101407 -0.0247662 0 0 0 0 
0.0202815 -0.0495323 0 0 0 0 
0.0304222 -0.0742985 0 0 0 0 
0.040563 -0.0990647 0 0 0 0 
0.015625 0 0 0 0 0 
0.0257657 -0.0247662 0 0 0 0 
0.0359065 -0.0495323 0 0 0 0 
0.0460472 -0.0742985 0 0 0 0 
0.03125 0 0 0 0 0 
0.0413907 -0.0247662 0 0 0 0 
0.0515315 -0.0495323 0 0 0 0 
0.046875 0 0 0 0 0 
0.0570157 -0.0247662 0 0 0 0 
0.0625 0 0 0 0 0 
1 2 6
2 7 6
2 3 7
3 8 7
3 4 8
4 9 8
4 5 9
6 7 10
7 11 10
7 8 11
8 12 11
8 9 12
10 11 13
11 14 13
11 12 14
13 14 15
ZONE N=15, E=16, F=FEPOINT, ET=TRIANGLE
0.25 0 0 0 0 0 
0.234375 -0.0109169 0 0 0 0 
0.21875 -0.0218338 0 0 0 0 
0.203125 -0.0327507 0 0 0 0 
0.1875 -0.0436676 0 0 0 0 
0.254409 -0.0229504 0 0 0 0 
0.238784 -0.0338673 0 0 0 0 
0.223159 -0.0447842 0 0 0 0 
0.207534 -0.0557011 0 0 0 0 
0.258818 -0.0459008 0 0 0 0 
0.243193 -0.0568177 0 0 0 0 
0.227568 -0.0677346 0 0 0 0 
0.263226 -0.0688513 0 0 0 0 
0.247601 -0.0797682 0 0 0 0 
0.267635 -0.0918017 0 0 0 0 
1 2 6
2 7 6
2 3 7
3 8 7
3 4 8
4 9 8
4 5 9
6 7 10
7 11 10
7 8 11
8 12 11
8 9 12
10 11 13
11 14 13
11 12 14
13 14 15
ZONE N=15, E=16, F=FEPOINT, ET=TRIANGLE
0.25 0 0 0 0 0 
0.254409 -0.0229504 0 0 0 0 
0.258818 -0.0459008 0 0 0 0 
0.263226 -0.0688513 0 0 0 0 
0.267635 -0.0918017 0 0 0 0 
0.265625 0 0 0 0 0 
0.270034 -0.0229504 0 0 0 0 
0.274443 -0.0459008 0 0 0 0 
0.278851 -0.0688513 0 0 0 0 
0.28125 0 0 0 0 0 
0.285659 -0.0229504 0 0 0 0 
0.290068 -0.0459008 0 0 0 0 
0.296875 -3.46945e-18 0 0 0 0 
0.301284 -0.0229504 0 0 0 0 
0.3125 0 0 0 0 0 
1 2 6
2 7 6
2 3 7
3 8 7
3 4 8
4 9 8
4 5 9
6 7 10
7 11 10
7 8 11
8 12 11
8 9 12
10 11 13
11 14 13
11 12 14
13 14 15
ZONE N=15, E=16, F=FEPOINT, ET=TRIANGLE
0.09375 -0.0588813 0 0 0 0 
0.117188 -0.0550779 0 0 0 0 
0.140625 -0.0512744 0 0 0 0 
0.164063 -0.047471 0 0 0 0 
0.1875 -0.0436676 0 0 0 0 
0.101563 -0.044161 0 0 0 0 
0.125 -0.0403575 0 0 0 0 
0.148438 -0.0365541 0 0 0 0 
0.171875 -0.0327507 0 0 0 0 
0.109375 -0.0294406 0 0 0 0 
0.132813 -0.0256372 0 0 0 0 
0.15625 -0.0218338 0 0 0 0 
0.117188 -0.0147203 0 0 0 0 
0.140625 -0.0109169 0 0 0 0 
0.125 0 0 0 0 0 
1 2 6
2 7 6
2 3 7
3 8 7
3 4 8
4 9 8
4 5 9
6 7 10
7 11 10
7 8 11
8 12 11
8 9 12
10 11 13
11 14 13
11 12 14
13 14 15
ZONE N=15, E=16, F=FEPOINT, ET=TRIANGLE
0.227546 0.107402 0 0 0 0 
0.212714 0.0958991 0 0 0 0 
0.197882 0.0843966 0 0 0 0 
0.18305 0.0728941 0 0 0 0 
0.168218 0.0613916 0 0 0 0 
0.23316 0.0805512 0 0 0 0 
0.218328 0.0690487 0 0 0 0 
0.203496 0.0575462 0 0 0 0 
0.188664 0.0460437 0 0 0 0 
0.238773 0.0537008 0 0 0 0 
0.223941 0.0421983 0 0 0 0 
0.209109 0.0306958 0 0 0 0 
0.244387 0.0268504 0 0 0 0 
0.229555 0.0153479 0 0 0 0 
0.25 0 0 0 0 0 
1 2 6
2 7 6
2 3 7
3 8 7
3 4 8
4 9 8
4 5 9
6 7 10
7 11 10
7 8 11
8 12 11
8 9 12
10 11 13
11 14 13
11 12 14
13 14 15
ZONE N=15, E=16, F=FEPOINT, ET=TRIANGLE
0.040563 -0.0990647 0 0 0 0 
0.0538597 -0.0890188 0 0 0 0 
0.0671565 -0.078973 0 0 0 0 
0.0804532 -0.0689271 0 0 0 0 
0.09375 -0.0588813 0 0 0 0 
0.0460472 -0.0742985 0 0 0 0 
0.059344 -0.0642527 0 0 0 0 
0.0726407 -0.0542068 0 0 0 0 
0.0859375 -0.044161 0 0 0 0 
0.0515315 -0.0495323 0 0 0 0 
0.0648282 -0.0394865 0 0 0 0 
0.078125 -0.0294406 0 0 0 0 
0.0570157 -0.0247662 0 0 0 0 
0.0703125 -0.0147203 0 0 0 0 
0.0625 0 0 0 0 0 
1 2 6
2 7 6
2 3 7
3 8 7
3 4 8
4 9 8
4 5 9
6 7 10
7 11 10
7 8 11
8 12 11
8 9 12
10 11 13
11 14 13
11 12 14
13 14 15
ZONE N=15, E=16, F=FEPOINT, ET=TRIANGLE
0.125 0 0 0 0 0 
0.117188 0.0177357 0 0 0 0 
0.109375 0.0354715 0 0 0 0 
0.101563 0.0532072 0 0 0 0 
0.09375 0.0709429 0 0 0 0 
0.109375 0 0 0 0 0 
0.101563 0.0177357 0 0 0 0 
0.09375 0.0354715 0 0 0 0 
0.0859375 0.0532072 0 0 0 0 
0.09375 0 0 0 0 0 
0.0859375 0.0177357 0 0 0 0 
0.078125 0.0354715 0 0 0 0 
0.078125 0 0 0 0 0 
0.0703125 0.0177357 0 0 0 0 
0.0625 0 0 0 0 0 
1 2 6
2 7 6
2 3 7
3 8 7
3 4 8
4 9 8
4 5 9
6 7 10
7 11 10
7 8 11
8 12 11
8 9 12
10 11 13
11 14 13
11 12 14
13 14 15
ZONE N=15, E=16, F=FEPOINT, ET=TRIANGLE
0.125 0 0 0 0 0 
0.135805 0.0153479 0 0 0 0 
0.146609 0.0306958 0 0 0 0 
0.157414 0.0460437 0 0 0 0 
0.168218 0.0613916 0 0 0 0 
0.117188 0.0177357 0 0 0 0 
0.127992 0.0330836 0 0 0 0 
0.138797 0.0484315 0 0 0 0 
0.149601 0.0637794 0 0 0 0 
0.109375 0.0354715 0 0 0 0 
0.12018 0.0508193 0 0 0 0 
0.130984 0.0661672 0 0 0 0 
0.101563 0.0532072 0 0 0 0 
0.112367 0.0685551 0 0 0 0 
0.09375 0.0709429 0 0 0 0 
1 2 6
2 7 6
2 3 7
3 8 7
3 4 8
4 9 8
4 5 9
6 7 10
7 11 10
7 8 11
8 12 11
8 9 12
10 11 13
11 14 13
11 12 14
13 14 15
ZONE N=15, E=16, F=FEPOINT, ET=TRIANGLE
0.125 0 0 0 0 0 
0.15625 -3.46945e-18 0 0 0 0 
0.1875 0 0 0 0 0 
0.21875 0 0 0 0 0 
0.25 0 0 0 0 0 
0.135805 0.0153479 0 0 0 0 
0.167055 0.0153479 0 0 0 0 
0.198305 0.0153479 0 0 0 0 
0.229555 0.0153479 0 0 0 0 
0.146609 0.0306958 0 0 0 0 
0.177859 0.0306958 0 0 0 0 
0.209109 0.0306958 0 0 0 0 
0.157414 0.0460437 0 0 0 0 
0.188664 0.0460437 0 0 0 0 
0.168218 0.0613916 0 0 0 0 
1 2 6
2 7 6
2 3 7
3 8 7
3 4 8
4 9 8
4 5 9
6 7 10
7 11 10
7 8 11
8 12 11
8 9 12
10 11 13
11 14 13
11 12 14
13 14 15
ZONE N=15, E=16, F=FEPOINT, ET=TRIANGLE
0.1875 -0.0436676 0 0 0 0 
0.203125 -0.0327507 0 0 0 0 
0.21875 -0.0218338 0 0 0 0 
0.234375 -0.0109169 0 0 0 0 
0.25 0 0 0 0 0 
0.171875 -0.0327507 0 0 0 0 
0.1875 -0.0218338 0 0 0 0 
0.203125 -0.0109169 0 0 0 0 
0.21875 0 0 0 0 0 
0.15625 -0.0218338 0 0 0 0 
0.171875 -0.0109169 0 0 0 0 
0.1875 0 0 0 0 0 
0.140625 -0.0109169 0 0 0 0 
0.15625 0 0 0 0 0 
0.125 0 0 0 0 0 
1 2 6
2 7 6
2 3 7
3 8 7
3 4 8
4 9 8
4 5 9
6 7 10
7 11 10
7 8 11
8 12 11
8 9 12
10 11 13
11 14 13
11 12 14
13 14 15
ZONE N=15, E=16, F=FEPOINT, ET=TRIANGLE
0.34375 -0.0721361 0 0 0 0 
0.367188 -0.0715802 0 0 0 0 
0.390625 -0.0710243 0 0 0 0 
0.414063 -0.0704684 0 0 0 0 
0.4375 -0.0699125 0 0 0 0 
0.351563 -0.0541021 0 0 0 0 
0.375 -0.0535462 0 0 0 0 
0.398438 -0.0529903 0 0 0 0 
0.421875 -0.0524344 0 0 0 0 
0.359375 -0.0360681 0 0 0 0 
0.382813 -0.0355122 0 0 0 0 
0.40625 -0.0349562 0 0 0 0 
0.367188 -0.018034 0 0 0 0 
0.390625 -0.0174781 0 0 0 0 
0.375 0 0 0 0 0 
1 2 6
2 7 6
2 3 7
3 8 7
3 4 8
4 9 8
4 5 9
6 7 10
7 11 10
7 8 11
8 12 11
8 9 12
10 11 13
11 14 13
11 12 14
13 14 15
ZONE N=15, E=16, F=FEPOINT, ET=TRIANGLE
0.34375 -0.0721361 0 0 0 0 
0.351563 -0.0541021 0 0 0 0 
0.359375 -0.0360681 0 0 0 0 
0.367188 -0.018034 0 0 0 0 
0.375 0 0 0 0 0 
0.335938 -0.0541021 0 0 0 0 
0.34375 -0.0360681 0 0 0 0 
0.351563 -0.018034 0 0 0 0 
0.359375 0 0 0 0 0 
0.328125 -0.0360681 0 0 0 0 
0.335938 -0.018034 0 0 0 0 
0.34375 0 0 0 0 0 
0.320313 -0.018034 0 0 0 0 
0.328125 0 0 0 0 0 
0.3125 0 0 0 0 0 
1 2 6
2 7 6
2 3 7
3 8 7
3 4 8
4 9 8
4 5 9
6 7 10
7 11 10
7 8 11
8 12 11
8 9 12
10 11 13
11 14 13
11 12 14
13 14 15
ZONE N=15, E=16, F=FEPOINT, ET=TRIANGLE
0.34375 0.0546977 0 0 0 0 
0.328125 0.0566686 0 0 0 0 
0.3125 0.0586395 0 0 0 0 
0.296875 0.0606104 0 0 0 0 
0.28125 0.0625813 0 0 0 0 
0.335938 0.0410233 0 0 0 0 
0.320313 0.0429942 0 0 0 0 
0.304688 0.0449651 0 0 0 0 
0.289063 0.046936 0 0 0 0 
0.328125 0.0273488 0 0 0 0 
0.3125 0.0293197 0 0 0 0 
0.296875 0.0312906 0 0 0 0 
0.320313 0.0136744 0 0 0 0 
0.304688 0.0156453 0 0 0 0 
0.3125 0 0 0 0 0 
1 2 6
2 7 6
2 3 7
3 8 7
3 4 8
4 9 8
4 5 9
6 7 10
7 11 10
7 8 11
8 12 11
8 9 12
10 11 13
11 14 13
11 12 14
13 14 15
ZONE N=15, E=16, F=FEPOINT, ET=TRIANGLE
0.267635 -0.0918017 0 0 0 0 
0.286664 -0.0868853 0 0 0 0 
0.305693 -0.0819689 0 0 0 0 
0.324721 -0.0770525 0 0 0 0 
0.34375 -0.0721361 0 0 0 0 
0.278851 -0.0688513 0 0 0 0 
0.29788 -0.0639349 0 0 0 0 
0.316909 -0.0590185 0 0 0 0 
0.335938 -0.0541021 0 0 0 0 
0.290068 -0.0459008 0 0 0 0 
0.309096 -0.0409845 0 0 0 0 
0.328125 -0.0360681 0 0 0 0 
0.301284 -0.0229504 0 0 0 0 
0.320313 -0.018034 0 0 0 0 
0.3125 0 0 0 0 0 
1 2 6
2 7 6
2 3 7
3 8 7
3 4 8
4 9 8
4 5 9
6 7 10
7 11 10
7 8 11
8 12 11
8 9 12
10 11 13
11 14 13
11 12 14
13 14 15
ZONE N=15, E=16, F=FEPOINT, ET=TRIANGLE
0.28125 0.0625813 0 0 0 0 
0.267824 0.0737864 0 0 0 0 
0.254398 0.0849915 0 0 0 0 
0.240972 0.0961966 0 0 0 0 
0.227546 0.107402 0 0 0 0 
0.273438 0.046936 0 0 0 0 
0.260012 0.0581411 0 0 0 0 
0.246586 0.0693461 0 0 0 0 
0.23316 0.0805512 0 0 0 0 
0.265625 0.0312906 0 0 0 0 
0.252199 0.0424957 0 0 0 0 
0.238773 0.0537008 0 0 0 0 
0.257813 0.0156453 0 0 0 0 
0.244387 0.0268504 0 0 0 0 
0.25 0 0 0 0 0 
1 2 6
2 7 6
2 3 7
3 8 7
3 4 8
4 9 8
4 5 9
6 7 10
7 11 10
7 8 11
8 12 11
8 9 12
10 11 13
11 14 13
11 12 14
13 14 15
ZONE N=15, E=16, F=FEPOINT, ET=TRIANGLE
0.3125 0 0 0 0 0 
0.328125 -1.73472e-18 0 0 0 0 
0.34375 0 0 0 0 0 
0.359375 0 0 0 0 0 
0.375 0 0 0 0 0 
0.320313 0.0136744 0 0 0 0 
0.335938 0.0136744 0 0 0 0 
0.351563 0.0136744 0 0 0 0 
0.367188 0.0136744 0 0 0 0 
0.328125 0.0273488 0 0 0 0 
0.34375 0.0273488 0 0 0 0 
0.359375 0.0273488 0 0 0 0 
0.335938 0.0410233 0 0 0 0 
0.351563 0.0410233 0 0 0 0 
0.34375 0.0546977 0 0 0 0 
1 2 6
2 7 6
2 3 7
3 8 7
3 4 8
4 9 8
4 5 9
6 7 10
7 11 10
7 8 11
8 12 11
8 9 12
10 11 13
11 14 13
11 12 14
13 14 15
ZONE N=15, E=16, F=FEPOINT, ET=TRIANGLE
0.5 0 0 0 0 0 
0.484375 0.0179958 0 0 0 0 
0.46875 0.0359917 0 0 0 0 
0.453125 0.0539875 0 0 0 0 
0.4375 0.0719834 0 0 0 0 
0.46875 0 0 0 0 0 
0.453125 0.0179958 0 0 0 0 
0.4375 0.0359917 0 0 0 0 
0.421875 0.0539875 0 0 0 0 
0.4375 0 0 0 0 0 
0.421875 0.0179958 0 0 0 0 
0.40625 0.0359917 0 0 0 0 
0.40625 0 0 0 0 0 
0.390625 0.0179958 0 0 0 0 
0.375 0 0 0 0 0 
1 2 6
2 7 6
2 3 7
3 8 7
3 4 8
4 9 8
4 5 9
6 7 10
7 11 10
7 8 11
8 12 11
8 9 12
10 11 13
11 14 13
11 12 14
13 14 15
ZONE N=15, E=16, F=FEPOINT, ET=TRIANGLE
0.5 0 0 0 0 0 
0.46875 3.46945e-18 0 0 0 0 
0.4375 0 0 0 0 0 
0.40625 0 0 0 0 0 
0.375 0 0 0 0 0 
0.484375 -0.0174781 0 0 0 0 
0.453125 -0.0174781 0 0 0 0 
0.421875 -0.0174781 0 0 0 0 
0.390625 -0.0174781 0 0 0 0 
0.46875 -0.0349562 0 0 0 0 
0.4375 -0.0349562 0 0 0 0 
0.40625 -0.0349562 0 0 0 0 
0.453125 -0.0524344 0 0 0 0 
0.421875 -0.0524344 0 0 0 0 
0.4375 -0.0699125 0 0 0 0 
1 2 6
2 7 6
2 3 7
3 8 7
3 4 8
4 9 8
4 5 9
6 7 10
7 11 10
7 8 11
8 12 11
8 9 12
10 11 13
11 14 13
11 12 14
13 14 15
ZONE N=15, E=16, F=FEPOINT, ET=TRIANGLE
0.375 0 0 0 0 0 
0.390625 0.0179958 0 0 0 0 
0.40625 0.0359917 0 0 0 0 
0.421875 0.0539875 0 0 0 0 
0.4375 0.0719834 0 0 0 0 
0.367188 0.0136744 0 0 0 0 
0.382813 0.0316703 0 0 0 0 
0.398438 0.0496661 0 0 0 0 
0.414063 0.067662 0 0 0 0 
0.359375 0.0273488 0 0 0 0 
0.375 0.0453447 0 0 0 0 
0.390625 0.0633405 0 0 0 0 
0.351563 0.0410233 0 0 0 0 
0.367188 0.0590191 0 0 0 0 
0.34375 0.0546977 0 0 0 0 
1 2 6
2 7 6
2 3 7
3 8 7
3 4 8
4 9 8
4 5 9
6 7 10
7 11 10
7 8 11
8 12 11
8 9 12
10 11 13
11 14 13
11 12 14
13 14 15
ZONE N=15, E=16, F=FEPOINT, ET=TRIANGLE
0.527478 0.0869823 0 0 0 0 
0.504983 0.0832325 0 0 0 0 
0.482489 0.0794828 0 0 0 0 
0.459994 0.0757331 0 0 0 0 
0.4375 0.0719834 0 0 0 0 
0.520608 0.0652367 0 0 0 0 
0.498114 0.061487 0 0 0 0 
0.475619 0.0577373 0 0 0 0 
0.453125 0.0539875 0 0 0 0 
0.513739 0.0434911 0 0 0 0 
0.491244 0.0397414 0 0 0 0 
0.46875 0.0359917 0 0 0 0 
0.506869 0.0217456 0 0 0 0 
0.484375 0.0179958 0 0 0 0 
0.5 0 0 0 0 0 
1 2 6
2 7 6
2 3 7
3 8 7
3 4 8
4 9 8
4 5 9
6 7 10
7 11 10
7 8 11
8 12 11
8 9 12
10 11 13
11 14 13
11 12 14
13 14 15
ZONE N=15, E=16, F=FEPOINT, ET=TRIANGLE
0.5 0 0 0 0 0 
0.52085 -0.00520444 0 0 0 0 
0.541701 -0.0104089 0 0 0 0 
0.562551 -0.0156133 0 0 0 0 
0.583401 -0.0208178 0 0 0 0 
0.506869 0.0217456 0 0 0 0 
0.52772 0.0165411 0 0 0 0 
0.54857 0.0113367 0 0 0 0 
0.56942 0.00613224 0 0 0 0 
0.513739 0.0434911 0 0 0 0 
0.534589 0.0382867 0 0 0 0 
0.555439 0.0330822 0 0 0 0 
0.520608 0.0652367 0 0 0 0 
0.541459 0.0600323 0 0 0 0 
0.527478 0.0869823 0 0 0 0 
1 2 6
2 7 6
2 3 7
3 8 7
3 4 8
4 9 8
4 5 9
6 7 10
7 11 10
7 8 11
8 12 11
8 9 12
10 11 13
11 14 13
11 12 14
13 14 15
ZONE N=15, E=16, F=FEPOINT, ET=TRIANGLE
0.5 0 0 0 0 0 
0.506142 -0.01976 0 0 0 0 
0.512285 -0.03952 0 0 0 0 
0.518427 -0.05928 0 0 0 0 
0.52457 -0.0790401 0 0 0 0 
0.52085 -0.00520444 0 0 0 0 
0.526993 -0.0249645 0 0 0 0 
0.533135 -0.0447245 0 0 0 0 
0.539278 -0.0644845 0 0 0 0 
0.541701 -0.0104089 0 0 0 0 
0.547843 -0.0301689 0 0 0 0 
0.553985 -0.0499289 0 0 0 0 
0.562551 -0.0156133 0 0 0 0 
0.568693 -0.0353733 0 0 0 0 
0.583401 -0.0208178 0 0 0 0 
1 2 6
2 7 6
2 3 7
3 8 7
3 4 8
4 9 8
4 5 9
6 7 10
7 11 10
7 8 11
8 12 11
8 9 12
10 11 13
11 14 13
11 12 14
13 14 15
ZONE N=15, E=16, F=FEPOINT, ET=TRIANGLE
0.856272 0.169455 0 0 0 0 
0.887401 0.175864 0 0 0 0 
0.918529 0.182273 0 0 0 0 
0.949657 0.188682 0 0 0 0 
0.980785 0.19509 0 0 0 0 
0.866986 0.184235 0 0 0 0 
0.898114 0.190644 0 0 0 0 
0.929243 0.197053 0 0 0 0 
0.960371 0.203462 0 0 0 0 
0.8777 0.199015 0 0 0 0 
0.908828 0.205424 0 0 0 0 
0.939956 0.211833 0 0 0 0 
0.888414 0.213796 0 0 0 0 
0.919542 0.220204 0 0 0 0 
0.899127 0.228576 0 0 0 0 
1 2 6
2 7 6
2 3 7
3 8 7
3 4 8
4 9 8
4 5 9
6 7 10
7 11 10
7 8 11
8 12 11
8 9 12
10 11 13
11 14 13
11 12 14
13 14 15
ZONE N=15, E=16, F=FEPOINT, ET=TRIANGLE
0.5 0 0 0 0 0 
0.484375 -0.0174781 0 0 0 0 
0.46875 -0.0349562 0 0 0 0 
0.453125 -0.0524344 0 0 0 0 
0.4375 -0.0699125 0 0 0 0 
0.506142 -0.01976 0 0 0 0 
0.490517 -0.0372381 0 0 0 0 
0.474892 -0.0547163 0 0 0 0 
0.459267 -0.0721944 0 0 0 0 
0.512285 -0.03952 0 0 0 0 
0.49666 -0.0569982 0 0 0 0 
0.481035 -0.0744763 0 0 0 0 
0.518427 -0.05928 0 0 0 0 
0.502802 -0.0767582 0 0 0 0 
0.52457 -0.0790401 0 0 0 0 
1 2 6
2 7 6
2 3 7
3 8 7
3 4 8
4 9 8
4 5 9
6 7 10
7 11 10
7 8 11
8 12 11
8 9 12
10 11 13
11 14 13
11 12 14
13 14 15
ZONE N=15, E=16, F=FEPOINT, ET=TRIANGLE
0.707107 0.707107 0 0 0 0 
0.689541 0.724247 0 0 0 0 
0.671559 0.740951 0 0 0 0 
0.653173 0.757209 0 0 0 0 
0.634393 0.77301 0 0 0 0 
0.687806 0.700013 0 0 0 0 
0.670034 0.716933 0 0 0 0 
0.651852 0.733413 0 0 0 0 
0.633271 0.749441 0 0 0 0 
0.668506 0.692919 0 0 0 0 
0.65053 0.709618 0 0 0 0 
0.632149 0.725871 0 0 0 0 
0.649206 0.685825 0 0 0 0 
0.631027 0.702301 0 0 0 0 
0.629905 0.678731 0 0 0 0 
1 2 6
2 7 6
2 3 7
3 8 7
3 4 8
4 9 8
4 5 9
6 7 10
7 11 10
7 8 11
8 12 11
8 9 12
10 11 13
11 14 13
11 12 14
13 14 15
ZONE N=15, E=16, F=FEPOINT, ET=TRIANGLE
-0.55557 0.83147 0 0 0 0 
-0.53503 0.822676 0 0 0 0 
-0.514489 0.813881 0 0 0 0 
-0.493948 0.805087 0 0 0 0 
-0.473408 0.796293 0 0 0 0 
-0.534998 0.844854 0 0 0 0 
-0.514298 0.835804 0 0 0 0 
-0.4936 0.826753 0 0 0 0 
-0.472905 0.8177 0 0 0 0 
-0.514103 0.857729 0 0 0 0 
-0.49325 0.848419 0 0 0 0 
-0.472402 0.839107 0 0 0 0 
-0.492898 0.870087 0 0 0 0 
-0.4719 0.860514 0 0 0 0 
-0.471397 0.881921 0 0 0 0 
1 2 6
2 7 6
2 3 7
3 8 7
3 4 8
4 9 8
4 5 9
6 7 10
7 11 10
7 8 11
8 12 11
8 9 12
10 11 13
11 14 13
11 12 14
13 14 15
ZONE N=15, E=16, F=FEPOINT, ET=TRIANGLE
-0.471397 0.881921 0 0 0 0 
-0.44418 0.873278 0 0 0 0 
-0.416964 0.864634 0 0 0 0 
-0.389747 0.855991 0 0 0 0 
-0.36253 0.847347 0 0 0 0 
-0.449611 0.893224 0 0 0 0 
-0.422262 0.884311 0 0 0 0 
-0.394914 0.875396 0 0 0 0 
-0.367569 0.86648 0 0 0 0 
-0.427555 0.903989 0 0 0 0 
-0.400079 0.894802 0 0 0 0 
-0.372607 0.885613 0 0 0 0 
-0.405241 0.91421 0 0 0 0 
-0.377645 0.904747 0 0 0 0 
-0.382683 0.92388 0 0 0 0 
1 2 6
2 7 6
2 3 7
3 8 7
3 4 8
4 9 8
4 5 9
6 7 10
7 11 10
7 8 11
8 12 11
8 9 12
10 11 13
11 14 13
11 12 14
13 14 15
ZONE N=15, E=16, F=FEPOINT, ET=TRIANGLE
-0.19509 0.980785 0 0 0 0 
-0.219101 0.975702 0 0 0 0 
-0.24298 0.970031 0 0 0 0 
-0.266713 0.963776 0 0 0 0 
-0.290285 0.95694 0 0 0 0 
-0.200811 0.956417 0 0 0 0 
-0.224754 0.951041 0 0 0 0 
-0.248557 0.945078 0 0 0 0 
-0.272207 0.938533 0 0 0 0 
-0.206532 0.932049 0 0 0 0 
-0.230403 0.92638 0 0 0 0 
-0.254129 0.920127 0 0 0 0 
-0.212252 0.907681 0 0 0 0 
-0.236051 0.90172 0 0 0 0 
-0.217973 0.883313 0 0 0 0 
1 2 6
2 7 6
2 3 7
3 8 7
3 4 8
4 9 8
4 5 9
6 7 10
7 11 10
7 8 11
8 12 11
8 9 12
10 11 13
11 14 13
11 12 14
13 14 15
ZONE N=15, E=16, F=FEPOINT, ET=TRIANGLE
-0.290285 0.95694 0 0 0 0 
-0.313682 0.949528 0 0 0 0 
-0.33689 0.941544 0 0 0 0 
-0.359895 0.932993 0 0 0 0 
-0.382683 0.92388 0 0 0 0 
-0.294699 0.938163 0 0 0 0 
-0.317999 0.930465 0 0 0 0 
-0.341104 0.922198 0 0 0 0 
-0.363998 0.913367 0 0 0 0 
-0.299114 0.919385 0 0 0 0 
-0.322315 0.911403 0 0 0 0 
-0.345313 0.902854 0 0 0 0 
-0.303528 0.900607 0 0 0 0 
-0.326628 0.892342 0 0 0 0 
-0.307942 0.881829 0 0 0 0 
1 2 6
2 7 6
2 3 7
3 8 7
3 4 8
4 9 8
4 5 9
6 7 10
7 11 10
7 8 11
8 12 11
8 9 12
10 11 13
11 14 13
11 12 14
13 14 15
ZONE N=15, E=16, F=FEPOINT, ET=TRIANGLE
-0.19509 0.980785 0 0 0 0 
-0.200811 0.956417 0 0 0 0 
-0.206532 0.932049 0 0 0 0 
-0.212252 0.907681 0 0 0 0 
-0.217973 0.883313 0 0 0 0 
-0.179977 0.967306 0 0 0 0 
-0.185698 0.942938 0 0 0 0 
-0.191419 0.91857 0 0 0 0 
-0.197139 0.894202 0 0 0 0 
-0.164864 0.953827 0 0 0 0 
-0.170585 0.929459 0 0 0 0 
-0.176305 0.905091 0 0 0 0 
-0.149751 0.940348 0 0 0 0 
-0.155472 0.91598 0 0 0 0 
-0.134638 0.926869 0 0 0 0 
1 2 6
2 7 6
2 3 7
3 8 7
3 4 8
4 9 8
4 5 9
6 7 10
7 11 10
7 8 11
8 12 11
8 9 12
10 11 13
11 14 13
11 12 14
13 14 15
ZONE N=15, E=16, F=FEPOINT, ET=TRIANGLE
-0.0384245 0.943173 0 0 0 0 
-0.0288184 0.95738 0 0 0 0 
-0.0192122 0.971586 0 0 0 0 
-0.00960612 0.985793 0 0 0 0 
6.245e-17 1 0 0 0 0 
-0.0533226 0.956176 0 0 0 0 
-0.0437313 0.970683 0 0 0 0 
-0.0341375 0.985191 0 0 0 0 
-0.0245412 0.999699 0 0 0 0 
-0.0682208 0.969179 0 0 0 0 
-0.0586467 0.983987 0 0 0 0 
-0.0490677 0.998795 0 0 0 0 
-0.083119 0.982182 0 0 0 0 
-0.0735646 0.99729 0 0 0 0 
-0.0980171 0.995185 0 0 0 0 
1 2 6
2 7 6
2 3 7
3 8 7
3 4 8
4 9 8
4 5 9
6 7 10
7 11 10
7 8 11
8 12 11
8 9 12
10 11 13
11 14 13
11 12 14
13 14 15
ZONE N=15, E=16, F=FEPOINT, ET=TRIANGLE
-0.134638 0.926869 0 0 0 0 
-0.110584 0.930945 0 0 0 0 
-0.0865311 0.935021 0 0 0 0 
-0.0624778 0.939097 0 0 0 0 
-0.0384245 0.943173 0 0 0 0 
-0.125483 0.943948 0 0 0 0 
-0.101429 0.948024 0 0 0 0 
-0.0773759 0.9521 0 0 0 0 
-0.0533226 0.956176 0 0 0 0 
-0.116327 0.961027 0 0 0 0 
-0.0922741 0.965103 0 0 0 0 
-0.0682208 0.969179 0 0 0 0 
-0.107172 0.978106 0 0 0 0 
-0.083119 0.982182 0 0 0 0 
-0.0980171 0.995185 0 0 0 0 
1 2 6
2 7 6
2 3 7
3 8 7
3 4 8
4 9 8
4 5 9
6 7 10
7 11 10
7 8 11
8 12 11
8 9 12
10 11 13
11 14 13
11 12 14
13 14 15
ZONE N=15, E=16, F=FEPOINT, ET=TRIANGLE
-0.707107 0.707107 0 0 0 0 
-0.687378 0.699527 0 0 0 0 
-0.667649 0.691948 0 0 0 0 
-0.64792 0.684369 0 0 0 0 
-0.628191 0.676789 0 0 0 0 
-0.689541 0.724247 0 0 0 0 
-0.669606 0.716448 0 0 0 0 
-0.649673 0.708647 0 0 0 0 
-0.629742 0.700845 0 0 0 0 
-0.671559 0.740951 0 0 0 0 
-0.651424 0.732927 0 0 0 0 
-0.631292 0.7249 0 0 0 0 
-0.653173 0.757209 0 0 0 0 
-0.632843 0.748955 0 0 0 0 
-0.634393 0.77301 0 0 0 0 
1 2 6
2 7 6
2 3 7
3 8 7
3 4 8
4 9 8
4 5 9
6 7 10
7 11 10
7 8 11
8 12 11
8 9 12
10 11 13
11 14 13
11 12 14
13 14 15
ZONE N=15, E=16, F=FEPOINT, ET=TRIANGLE
0.307695 0.84643 0 0 0 0 
0.327737 0.845782 0 0 0 0 
0.347778 0.845135 0 0 0 0 
0.367819 0.844487 0 0 0 0 
0.387861 0.84384 0 0 0 0 
0.326442 0.865792 0 0 0 0 
0.346484 0.865145 0 0 0 0 
0.366525 0.864497 0 0 0 0 
0.386566 0.86385 0 0 0 0 
0.345189 0.885155 0 0 0 0 
0.365231 0.884507 0 0 0 0 
0.385272 0.88386 0 0 0 0 
0.363936 0.904517 0 0 0 0 
0.383978 0.90387 0 0 0 0 
0.382683 0.92388 0 0 0 0 
1 2 6
2 7 6
2 3 7
3 8 7
3 4 8
4 9 8
4 5 9
6 7 10
7 11 10
7 8 11
8 12 11
8 9 12
10 11 13
11 14 13
11 12 14
13 14 15
ZONE N=15, E=16, F=FEPOINT, ET=TRIANGLE
0.0720415 0.921143 0 0 0 0 
0.0879164 0.92371 0 0 0 0 
0.103791 0.926277 0 0 0 0 
0.119666 0.928844 0 0 0 0 
0.135541 0.931411 0 0 0 0 
0.0785354 0.939653 0 0 0 0 
0.0944103 0.94222 0 0 0 0 
0.110285 0.944787 0 0 0 0 
0.12616 0.947355 0 0 0 0 
0.0850293 0.958164 0 0 0 0 
0.100904 0.960731 0 0 0 0 
0.116779 0.963298 0 0 0 0 
0.0915232 0.976674 0 0 0 0 
0.107398 0.979241 0 0 0 0 
0.0980171 0.995185 0 0 0 0 
1 2 6
2 7 6
2 3 7
3 8 7
3 4 8
4 9 8
4 5 9
6 7 10
7 11 10
7 8 11
8 12 11
8 9 12
10 11 13
11 14 13
11 12 14
13 14 15
ZONE N=15, E=16, F=FEPOINT, ET=TRIANGLE
0.135541 0.931411 0 0 0 0 
0.150428 0.943755 0 0 0 0 
0.165316 0.956098 0 0 0 0 
0.180203 0.968442 0 0 0 0 
0.19509 0.980785 0 0 0 0 
0.12616 0.947355 0 0 0 0 
0.141092 0.959996 0 0 0 0 
0.156026 0.972637 0 0 0 0 
0.170962 0.985278 0 0 0 0 
0.116779 0.963298 0 0 0 0 
0.131752 0.976238 0 0 0 0 
0.14673 0.989177 0 0 0 0 
0.107398 0.979241 0 0 0 0 
0.122411 0.99248 0 0 0 0 
0.0980171 0.995185 0 0 0 0 
1 2 6
2 7 6
2 3 7
3 8 7
3 4 8
4 9 8
4 5 9
6 7 10
7 11 10
7 8 11
8 12 11
8 9 12
10 11 13
11 14 13
11 12 14
13 14 15
ZONE N=15, E=16, F=FEPOINT, ET=TRIANGLE
0.0980171 0.995185 0 0 0 0 
0.0735646 0.99729 0 0 0 0 
0.0490677 0.998795 0 0 0 0 
0.0245412 0.999699 0 0 0 0 
5.55112e-17 1 0 0 0 0 
0.0915232 0.976674 0 0 0 0 
0.0670509 0.978479 0 0 0 0 
0.0425417 0.979684 0 0 0 0 
0.0180104 0.980286 0 0 0 0 
0.0850293 0.958164 0 0 0 0 
0.0605398 0.959668 0 0 0 0 
0.0360207 0.960571 0 0 0 0 
0.0785354 0.939653 0 0 0 0 
0.0540311 0.940857 0 0 0 0 
0.0720415 0.921143 0 0 0 0 
1 2 6
2 7 6
2 3 7
3 8 7
3 4 8
4 9 8
4 5 9
6 7 10
7 11 10
7 8 11
8 12 11
8 9 12
10 11 13
11 14 13
11 12 14
13 14 15
ZONE N=15, E=16, F=FEPOINT, ET=TRIANGLE
-0.0370138 -0.936081 0 0 0 0 
-0.0522646 -0.950857 0 0 0 0 
-0.0675155 -0.965633 0 0 0 0 
-0.0827663 -0.980409 0 0 0 0 
-0.0980171 -0.995185 0 0 0 0 
-0.0277604 -0.952061 0 0 0 0 
-0.043026 -0.967137 0 0 0 0 
-0.058294 -0.982214 0 0 0 0 
-0.0735646 -0.99729 0 0 0 0 
-0.0185069 -0.96804 0 0 0 0 
-0.0337848 -0.983418 0 0 0 0 
-0.0490677 -0.998795 0 0 0 0 
-0.00925345 -0.98402 0 0 0 0 
-0.0245412 -0.999699 0 0 0 0 
-1.80411e-16 -1 0 0 0 0 
1 2 6
2 7 6
2 3 7
3 8 7
3 4 8
4 9 8
4 5 9
6 7 10
7 11 10
7 8 11
8 12 11
8 9 12
10 11 13
11 14 13
11 12 14
13 14 15
ZONE N=15, E=16, F=FEPOINT, ET=TRIANGLE
0.293245 -0.844409 0 0 0 0 
0.292505 -0.872542 0 0 0 0 
0.291765 -0.900675 0 0 0 0 
0.291025 -0.928807 0 0 0 0 
0.290285 -0.95694 0 0 0 0 
0.311532 -0.846344 0 0 0 0 
0.310792 -0.874477 0 0 0 0 
0.310052 -0.90261 0 0 0 0 
0.309312 -0.930743 0 0 0 0 
0.329819 -0.84828 0 0 0 0 
0.329079 -0.876412 0 0 0 0 
0.328339 -0.904545 0 0 0 0 
0.348106 -0.850215 0 0 0 0 
0.347366 -0.878348 0 0 0 0 
0.366393 -0.85215 0 0 0 0 
1 2 6
2 7 6
2 3 7
3 8 7
3 4 8
4 9 8
4 5 9
6 7 10
7 11 10
7 8 11
8 12 11
8 9 12
10 11 13
11 14 13
11 12 14
13 14 15
ZONE N=15, E=16, F=FEPOINT, ET=TRIANGLE
0.55557 -0.83147 0 0 0 0 
0.549042 -0.809639 0 0 0 0 
0.542513 -0.787809 0 0 0 0 
0.535984 -0.765978 0 0 0 0 
0.529456 -0.744148 0 0 0 0 
0.530898 -0.807676 0 0 0 0 
0.52437 -0.785846 0 0 0 0 
0.517841 -0.764015 0 0 0 0 
0.511313 -0.742185 0 0 0 0 
0.506226 -0.783883 0 0 0 0 
0.499698 -0.762053 0 0 0 0 
0.493169 -0.740222 0 0 0 0 
0.481555 -0.76009 0 0 0 0 
0.475026 -0.738259 0 0 0 0 
0.456883 -0.736296 0 0 0 0 
1 2 6
2 7 6
2 3 7
3 8 7
3 4 8
4 9 8
4 5 9
6 7 10
7 11 10
7 8 11
8 12 11
8 9 12
10 11 13
11 14 13
11 12 14
13 14 15
ZONE N=15, E=16, F=FEPOINT, ET=TRIANGLE
0.422795 -0.804935 0 0 0 0 
0.455989 -0.811569 0 0 0 0 
0.489183 -0.818202 0 0 0 0 
0.522376 -0.824836 0 0 0 0 
0.55557 -0.83147 0 0 0 0 
0.431317 -0.787775 0 0 0 0 
0.464511 -0.794409 0 0 0 0 
0.497705 -0.801043 0 0 0 0 
0.530898 -0.807676 0 0 0 0 
0.439839 -0.770616 0 0 0 0 
0.473033 -0.777249 0 0 0 0 
0.506226 -0.783883 0 0 0 0 
0.448361 -0.753456 0 0 0 0 
0.481555 -0.76009 0 0 0 0 
0.456883 -0.736296 0 0 0 0 
1 2 6
2 7 6
2 3 7
3 8 7
3 4 8
4 9 8
4 5 9
6 7 10
7 11 10
7 8 11
8 12 11
8 9 12
10 11 13
11 14 13
11 12 14
13 14 15
ZONE N=15, E=16, F=FEPOINT, ET=TRIANGLE
0.634393 -0.77301 0 0 0 0 
0.653173 -0.757209 0 0 0 0 
0.671559 -0.740951 0 0 0 0 
0.689541 -0.724247 0 0 0 0 
0.707107 -0.707107 0 0 0 0 
0.62356 -0.74918 0 0 0 0 
0.642141 -0.733152 0 0 0 0 
0.660323 -0.716673 0 0 0 0 
0.678095 -0.699752 0 0 0 0 
0.612726 -0.725349 0 0 0 0 
0.631107 -0.709096 0 0 0 0 
0.649083 -0.692397 0 0 0 0 
0.601893 -0.701518 0 0 0 0 
0.620071 -0.685043 0 0 0 0 
0.591059 -0.677688 0 0 0 0 
1 2 6
2 7 6
2 3 7
3 8 7
3 4 8
4 9 8
4 5 9
6 7 10
7 11 10
7 8 11
8 12 11
8 9 12
10 11 13
11 14 13
11 12 14
13 14 15
ZONE N=15, E=16, F=FEPOINT, ET=TRIANGLE
0.916468 -0.132569 0 0 0 0 
0.932547 -0.148199 0 0 0 0 
0.948626 -0.163829 0 0 0 0 
0.964706 -0.17946 0 0 0 0 
0.980785 -0.19509 0 0 0 0 
0.936147 -0.123931 0 0 0 0 
0.952524 -0.139605 0 0 0 0 
0.968901 -0.155282 0 0 0 0 
0.985278 -0.170962 0 0 0 0 
0.955826 -0.115293 0 0 0 0 
0.972502 -0.131009 0 0 0 0 
0.989177 -0.14673 0 0 0 0 
0.975505 -0.106655 0 0 0 0 
0.99248 -0.122411 0 0 0 0 
0.995185 -0.0980171 0 0 0 0 
1 2 6
2 7 6
2 3 7
3 8 7
3 4 8
4 9 8
4 5 9
6 7 10
7 11 10
7 8 11
8 12 11
8 9 12
10 11 13
11 14 13
11 12 14
13 14 15
ZONE N=15, E=16, F=FEPOINT, ET=TRIANGLE
0.92388 -0.382683 0 0 0 0 
0.932993 -0.359895 0 0 0 0 
0.941544 -0.33689 0 0 0 0 
0.949528 -0.313682 0 0 0 0 
0.95694 -0.290285 0 0 0 0 
0.906917 -0.364348 0 0 0 0 
0.915748 -0.341454 0 0 0 0 
0.924015 -0.31835 0 0 0 0 
0.931712 -0.295049 0 0 0 0 
0.889954 -0.346013 0 0 0 0 
0.898503 -0.323015 0 0 0 0 
0.906485 -0.299814 0 0 0 0 
0.872992 -0.327678 0 0 0 0 
0.881257 -0.304578 0 0 0 0 
0.856029 -0.309343 0 0 0 0 
1 2 6
2 7 6
2 3 7
3 8 7
3 4 8
4 9 8
4 5 9
6 7 10
7 11 10
7 8 11
8 12 11
8 9 12
10 11 13
11 14 13
11 12 14
13 14 15
ZONE N=15, E=16, F=FEPOINT, ET=TRIANGLE
0.882388 -0.221712 0 0 0 0 
0.901026 -0.238855 0 0 0 0 
0.919664 -0.255998 0 0 0 0 
0.938302 -0.273142 0 0 0 0 
0.95694 -0.290285 0 0 0 0 
0.906988 -0.215057 0 0 0 0 
0.925918 -0.232273 0 0 0 0 
0.944847 -0.249492 0 0 0 0 
0.963776 -0.266713 0 0 0 0 
0.931587 -0.208401 0 0 0 0 
0.95081 -0.225688 0 0 0 0 
0.970031 -0.24298 0 0 0 0 
0.956186 -0.201746 0 0 0 0 
0.975702 -0.219101 0 0 0 0 
0.980785 -0.19509 0 0 0 0 
1 2 6
2 7 6
2 3 7
3 8 7
3 4 8
4 9 8
4 5 9
6 7 10
7 11 10
7 8 11
8 12 11
8 9 12
10 11 13
11 14 13
11 12 14
13 14 15
ZONE N=15, E=16, F=FEPOINT, ET=TRIANGLE
0.95694 -0.290285 0 0 0 0 
0.938302 -0.273142 0 0 0 0 
0.919664 -0.255998 0 0 0 0 
0.901026 -0.238855 0 0 0 0 
0.882388 -0.221712 0 0 0 0 
0.931712 -0.295049 0 0 0 0 
0.913074 -0.277906 0 0 0 0 
0.894436 -0.260763 0 0 0 0 
0.875798 -0.24362 0 0 0 0 
0.906485 -0.299814 0 0 0 0 
0.887847 -0.282671 0 0 0 0 
0.869209 -0.265528 0 0 0 0 
0.881257 -0.304578 0 0 0 0 
0.862619 -0.287435 0 0 0 0 
0.856029 -0.309343 0 0 0 0 
1 2 6
2 7 6
2 3 7
3 8 7
3 4 8
4 9 8
4 5 9
6 7 10
7 11 10
7 8 11
8 12 11
8 9 12
10 11 13
11 14 13
11 12 14
13 14 15
ZONE N=15, E=16, F=FEPOINT, ET=TRIANGLE
-0.55557 0.83147 0 0 0 0 
-0.554941 0.805202 0 0 0 0 
-0.554311 0.778934 0 0 0 0 
-0.553681 0.752667 0 0 0 0 
-0.553052 0.726399 0 0 0 0 
-0.53503 0.822676 0 0 0 0 
-0.5344 0.796408 0 0 0 0 
-0.53377 0.77014 0 0 0 0 
-0.533141 0.743873 0 0 0 0 
-0.514489 0.813881 0 0 0 0 
-0.513859 0.787614 0 0 0 0 
-0.51323 0.761346 0 0 0 0 
-0.493948 0.805087 0 0 0 0 
-0.493319 0.77882 0 0 0 0 
-0.473408 0.796293 0 0 0 0 
1 2 6
2 7 6
2 3 7
3 8 7
3 4 8
4 9 8
4 5 9
6 7 10
7 11 10
7 8 11
8 12 11
8 9 12
10 11 13
11 14 13
11 12 14
13 14 15
ZONE N=15, E=16, F=FEPOINT, ET=TRIANGLE
-0.634393 0.77301 0 0 0 0 
-0.632843 0.748955 0 0 0 0 
-0.631292 0.7249 0 0 0 0 
-0.629742 0.700845 0 0 0 0 
-0.628191 0.676789 0 0 0 0 
-0.614058 0.761358 0 0 0 0 
-0.612507 0.737302 0 0 0 0 
-0.610957 0.713247 0 0 0 0 
-0.609406 0.689192 0 0 0 0 
-0.593722 0.749705 0 0 0 0 
-0.592172 0.72565 0 0 0 0 
-0.590621 0.701594 0 0 0 0 
-0.573387 0.738052 0 0 0 0 
-0.571837 0.713997 0 0 0 0 
-0.553052 0.726399 0 0 0 0 
1 2 6
2 7 6
2 3 7
3 8 7
3 4 8
4 9 8
4 5 9
6 7 10
7 11 10
7 8 11
8 12 11
8 9 12
10 11 13
11 14 13
11 12 14
13 14 15
ZONE N=15, E=16, F=FEPOINT, ET=TRIANGLE
0.445425 0.799186 0 0 0 0 
0.472961 0.807257 0 0 0 0 
0.500497 0.815328 0 0 0 0 
0.528034 0.823399 0 0 0 0 
0.55557 0.83147 0 0 0 0 
0.451918 0.81987 0 0 0 0 
0.479609 0.828199 0 0 0 0 
0.507302 0.836527 0 0 0 0 
0.534998 0.844854 0 0 0 0 
0.458411 0.840554 0 0 0 0 
0.486255 0.849142 0 0 0 0 
0.514103 0.857729 0 0 0 0 
0.464904 0.861238 0 0 0 0 
0.492898 0.870087 0 0 0 0 
0.471397 0.881921 0 0 0 0 
1 2 6
2 7 6
2 3 7
3 8 7
3 4 8
4 9 8
4 5 9
6 7 10
7 11 10
7 8 11
8 12 11
8 9 12
10 11 13
11 14 13
11 12 14
13 14 15
ZONE N=15, E=16, F=FEPOINT, ET=TRIANGLE
0.445425 0.799186 0 0 0 0 
0.451918 0.81987 0 0 0 0 
0.458411 0.840554 0 0 0 0 
0.464904 0.861238 0 0 0 0 
0.471397 0.881921 0 0 0 0 
0.431034 0.81035 0 0 0 0 
0.437527 0.831033 0 0 0 0 
0.44402 0.851717 0 0 0 0 
0.450513 0.872401 0 0 0 0 
0.416643 0.821513 0 0 0 0 
0.423136 0.842197 0 0 0 0 
0.429629 0.86288 0 0 0 0 
0.402252 0.832676 0 0 0 0 
0.408745 0.85336 0 0 0 0 
0.387861 0.84384 0 0 0 0 
1 2 6
2 7 6
2 3 7
3 8 7
3 4 8
4 9 8
4 5 9
6 7 10
7 11 10
7 8 11
8 12 11
8 9 12
10 11 13
11 14 13
11 12 14
13 14 15
ZONE N=15, E=16, F=FEPOINT, ET=TRIANGLE
0.240128 -0.890495 0 0 0 0 
0.252667 -0.907107 0 0 0 0 
0.265206 -0.923718 0 0 0 0 
0.277746 -0.940329 0 0 0 0 
0.290285 -0.95694 0 0 0 0 
0.253407 -0.878974 0 0 0 0 
0.265947 -0.895585 0 0 0 0 
0.278486 -0.912196 0 0 0 0 
0.291025 -0.928807 0 0 0 0 
0.266687 -0.867452 0 0 0 0 
0.279226 -0.884063 0 0 0 0 
0.291765 -0.900675 0 0 0 0 
0.279966 -0.855931 0 0 0 0 
0.292505 -0.872542 0 0 0 0 
0.293245 -0.844409 0 0 0 0 
1 2 6
2 7 6
2 3 7
3 8 7
3 4 8
4 9 8
4 5 9
6 7 10
7 11 10
7 8 11
8 12 11
8 9 12
10 11 13
11 14 13
11 12 14
13 14 15
ZONE N=15, E=16, F=FEPOINT, ET=TRIANGLE
0.422795 -0.804935 0 0 0 0 
0.408695 -0.816739 0 0 0 0 
0.394594 -0.828543 0 0 0 0 
0.380494 -0.840346 0 0 0 0 
0.366393 -0.85215 0 0 0 0 
0.434946 -0.824182 0 0 0 0 
0.420845 -0.835985 0 0 0 0 
0.406744 -0.847789 0 0 0 0 
0.392644 -0.859593 0 0 0 0 
0.447096 -0.843428 0 0 0 0 
0.432995 -0.855232 0 0 0 0 
0.418895 -0.867036 0 0 0 0 
0.459246 -0.862675 0 0 0 0 
0.445146 -0.874478 0 0 0 0 
0.471397 -0.881921 0 0 0 0 
1 2 6
2 7 6
2 3 7
3 8 7
3 4 8
4 9 8
4 5 9
6 7 10
7 11 10
7 8 11
8 12 11
8 9 12
10 11 13
11 14 13
11 12 14
13 14 15
ZONE N=15, E=16, F=FEPOINT, ET=TRIANGLE
0.772455 0.476273 0 0 0 0 
0.787209 0.496097 0 0 0 0 
0.801962 0.515921 0 0 0 0 
0.816716 0.535746 0 0 0 0 
0.83147 0.55557 0 0 0 0 
0.758478 0.490926 0 0 0 0 
0.773232 0.51075 0 0 0 0 
0.787985 0.530575 0 0 0 0 
0.802739 0.550399 0 0 0 0 
0.744501 0.505579 0 0 0 0 
0.759254 0.525404 0 0 0 0 
0.774008 0.545228 0 0 0 0 
0.730524 0.520233 0 0 0 0 
0.745277 0.540057 0 0 0 0 
0.716546 0.534886 0 0 0 0 
1 2 6
2 7 6
2 3 7
3 8 7
3 4 8
4 9 8
4 5 9
6 7 10
7 11 10
7 8 11
8 12 11
8 9 12
10 11 13
11 14 13
11 12 14
13 14 15
ZONE N=15, E=16, F=FEPOINT, ET=TRIANGLE
0.995185 -0.0980171 0 0 0 0 
0.99729 -0.0735646 0 0 0 0 
0.998795 -0.0490677 0 0 0 0 
0.999699 -0.0245412 0 0 0 0 
1 -2.44596e-16 0 0 0 0 
0.979834 -0.0714462 0 0 0 0 
0.981639 -0.0469739 0 0 0 0 
0.982843 -0.0224647 0 0 0 0 
0.983445 0.0020667 0 0 0 0 
0.964483 -0.0448752 0 0 0 0 
0.965988 -0.0203857 0 0 0 0 
0.966891 0.00413341 0 0 0 0 
0.949133 -0.0183042 0 0 0 0 
0.950336 0.00620011 0 0 0 0 
0.933782 0.00826682 0 0 0 0 
1 2 6
2 7 6
2 3 7
3 8 7
3 4 8
4 9 8
4 5 9
6 7 10
7 11 10
7 8 11
8 12 11
8 9 12
10 11 13
11 14 13
11 12 14
13 14 15
ZONE N=15, E=16, F=FEPOINT, ET=TRIANGLE
0.707107 0.707107 0 0 0 0 
0.687806 0.700013 0 0 0 0 
0.668506 0.692919 0 0 0 0 
0.649206 0.685825 0 0 0 0 
0.629905 0.678731 0 0 0 0 
0.703195 0.686374 0 0 0 0 
0.683894 0.67928 0 0 0 0 
0.664594 0.672186 0 0 0 0 
0.645294 0.665092 0 0 0 0 
0.699282 0.66564 0 0 0 0 
0.679982 0.658546 0 0 0 0 
0.660682 0.651452 0 0 0 0 
0.69537 0.644907 0 0 0 0 
0.67607 0.637813 0 0 0 0 
0.691458 0.624174 0 0 0 0 
1 2 6
2 7 6
2 3 7
3 8 7
3 4 8
4 9 8
4 5 9
6 7 10
7 11 10
7 8 11
8 12 11
8 9 12
10 11 13
11 14 13
11 12 14
13 14 15
ZONE N=15, E=16, F=FEPOINT, ET=TRIANGLE
0.634393 0.77301 0 0 0 0 
0.615232 0.788346 0 0 0 0 
0.595699 0.803208 0 0 0 0 
0.575808 0.817585 0 0 0 0 
0.55557 0.83147 0 0 0 0 
0.615188 0.759229 0 0 0 0 
0.595843 0.774326 0 0 0 0 
0.576133 0.788944 0 0 0 0 
0.55607 0.803073 0 0 0 0 
0.595982 0.745447 0 0 0 0 
0.576456 0.760304 0 0 0 0 
0.556571 0.774677 0 0 0 0 
0.576777 0.731666 0 0 0 0 
0.557071 0.74628 0 0 0 0 
0.557571 0.717884 0 0 0 0 
1 2 6
2 7 6
2 3 7
3 8 7
3 4 8
4 9 8
4 5 9
6 7 10
7 11 10
7 8 11
8 12 11
8 9 12
10 11 13
11 14 13
11 12 14
13 14 15
ZONE N=15, E=16, F=FEPOINT, ET=TRIANGLE
0.478171 0.734108 0 0 0 0 
0.498021 0.730052 0 0 0 0 
0.517871 0.725996 0 0 0 0 
0.537721 0.72194 0 0 0 0 
0.557571 0.717884 0 0 0 0 
0.497521 0.758449 0 0 0 0 
0.517371 0.754392 0 0 0 0 
0.537221 0.750336 0 0 0 0 
0.557071 0.74628 0 0 0 0 
0.516871 0.782789 0 0 0 0 
0.536721 0.778733 0 0 0 0 
0.556571 0.774677 0 0 0 0 
0.53622 0.807129 0 0 0 0 
0.55607 0.803073 0 0 0 0 
0.55557 0.83147 0 0 0 0 
1 2 6
2 7 6
2 3 7
3 8 7
3 4 8
4 9 8
4 5 9
6 7 10
7 11 10
7 8 11
8 12 11
8 9 12
10 11 13
11 14 13
11 12 14
13 14 15
ZONE N=15, E=16, F=FEPOINT, ET=TRIANGLE
0.557571 0.717884 0 0 0 0 
0.575655 0.708096 0 0 0 0 
0.593738 0.698308 0 0 0 0 
0.611822 0.688519 0 0 0 0 
0.629905 0.678731 0 0 0 0 
0.576777 0.731666 0 0 0 0 
0.59486 0.721877 0 0 0 0 
0.612944 0.712089 0 0 0 0 
0.631027 0.702301 0 0 0 0 
0.595982 0.745447 0 0 0 0 
0.614066 0.735659 0 0 0 0 
0.632149 0.725871 0 0 0 0 
0.615188 0.759229 0 0 0 0 
0.633271 0.749441 0 0 0 0 
0.634393 0.77301 0 0 0 0 
1 2 6
2 7 6
2 3 7
3 8 7
3 4 8
4 9 8
4 5 9
6 7 10
7 11 10
7 8 11
8 12 11
8 9 12
10 11 13
11 14 13
11 12 14
13 14 15
ZONE N=15, E=16, F=FEPOINT, ET=TRIANGLE
0.83147 0.55557 0 0 0 0 
0.816716 0.535746 0 0 0 0 
0.801962 0.515921 0 0 0 0 
0.787209 0.496097 0 0 0 0 
0.772455 0.476273 0 0 0 0 
0.844854 0.534998 0 0 0 0 
0.829844 0.515014 0 0 0 0 
0.814834 0.495033 0 0 0 0 
0.799822 0.475054 0 0 0 0 
0.857729 0.514103 0 0 0 0 
0.84246 0.493967 0 0 0 0 
0.827188 0.473835 0 0 0 0 
0.870087 0.492898 0 0 0 0 
0.854555 0.472616 0 0 0 0 
0.881921 0.471397 0 0 0 0 
1 2 6
2 7 6
2 3 7
3 8 7
3 4 8
4 9 8
4 5 9
6 7 10
7 11 10
7 8 11
8 12 11
8 9 12
10 11 13
11 14 13
11 12 14
13 14 15
ZONE N=15, E=16, F=FEPOINT, ET=TRIANGLE
0.716546 0.534886 0 0 0 0 
0.730662 0.559763 0 0 0 0 
0.744778 0.58464 0 0 0 0 
0.758894 0.609516 0 0 0 0 
0.77301 0.634393 0 0 0 0 
0.710274 0.557208 0 0 0 0 
0.72439 0.582085 0 0 0 0 
0.738506 0.606962 0 0 0 0 
0.752622 0.631838 0 0 0 0 
0.704002 0.57953 0 0 0 0 
0.718118 0.604407 0 0 0 0 
0.732234 0.629284 0 0 0 0 
0.69773 0.601852 0 0 0 0 
0.711846 0.626729 0 0 0 0 
0.691458 0.624174 0 0 0 0 
1 2 6
2 7 6
2 3 7
3 8 7
3 4 8
4 9 8
4 5 9
6 7 10
7 11 10
7 8 11
8 12 11
8 9 12
10 11 13
11 14 13
11 12 14
13 14 15
ZONE N=15, E=16, F=FEPOINT, ET=TRIANGLE
0.77301 0.634393 0 0 0 0 
0.757209 0.653173 0 0 0 0 
0.740951 0.671559 0 0 0 0 
0.724247 0.689541 0 0 0 0 
0.707107 0.707107 0 0 0 0 
0.752622 0.631838 0 0 0 0 
0.736594 0.650419 0 0 0 0 
0.720115 0.668601 0 0 0 0 
0.703195 0.686374 0 0 0 0 
0.732234 0.629284 0 0 0 0 
0.715981 0.647664 0 0 0 0 
0.699282 0.66564 0 0 0 0 
0.711846 0.626729 0 0 0 0 
0.69537 0.644907 0 0 0 0 
0.691458 0.624174 0 0 0 0 
1 2 6
2 7 6
2 3 7
3 8 7
3 4 8
4 9 8
4 5 9
6 7 10
7 11 10
7 8 11
8 12 11
8 9 12
10 11 13
11 14 13
11 12 14
13 14 15
ZONE N=15, E=16, F=FEPOINT, ET=TRIANGLE
0.83147 0.55557 0 0 0 0 
0.817585 0.575808 0 0 0 0 
0.803208 0.595699 0 0 0 0 
0.788346 0.615232 0 0 0 0 
0.77301 0.634393 0 0 0 0 
0.802739 0.550399 0 0 0 0 
0.788609 0.570462 0 0 0 0 
0.773992 0.590171 0 0 0 0 
0.758894 0.609516 0 0 0 0 
0.774008 0.545228 0 0 0 0 
0.759635 0.565113 0 0 0 0 
0.744778 0.58464 0 0 0 0 
0.745277 0.540057 0 0 0 0 
0.730662 0.559763 0 0 0 0 
0.716546 0.534886 0 0 0 0 
1 2 6
2 7 6
2 3 7
3 8 7
3 4 8
4 9 8
4 5 9
6 7 10
7 11 10
7 8 11
8 12 11
8 9 12
10 11 13
11 14 13
11 12 14
13 14 15
ZONE N=15, E=16, F=FEPOINT, ET=TRIANGLE
0.881921 0.471397 0 0 0 0 
0.854555 0.472616 0 0 0 0 
0.827188 0.473835 0 0 0 0 
0.799822 0.475054 0 0 0 0 
0.772455 0.476273 0 0 0 0 
0.873673 0.451363 0 0 0 0 
0.846306 0.452582 0 0 0 0 
0.81894 0.453801 0 0 0 0 
0.791573 0.455019 0 0 0 0 
0.865424 0.431329 0 0 0 0 
0.838058 0.432547 0 0 0 0 
0.810691 0.433766 0 0 0 0 
0.857176 0.411294 0 0 0 0 
0.829809 0.412513 0 0 0 0 
0.848927 0.39126 0 0 0 0 
1 2 6
2 7 6
2 3 7
3 8 7
3 4 8
4 9 8
4 5 9
6 7 10
7 11 10
7 8 11
8 12 11
8 9 12
10 11 13
11 14 13
11 12 14
13 14 15
ZONE N=15, E=16, F=FEPOINT, ET=TRIANGLE
0.848927 0.39126 0 0 0 0 
0.867665 0.389116 0 0 0 0 
0.886403 0.386972 0 0 0 0 
0.905142 0.384828 0 0 0 0 
0.92388 0.382683 0 0 0 0 
0.857176 0.411294 0 0 0 0 
0.876186 0.409279 0 0 0 0 
0.895197 0.407261 0 0 0 0 
0.91421 0.405241 0 0 0 0 
0.865424 0.431329 0 0 0 0 
0.884706 0.429444 0 0 0 0 
0.903989 0.427555 0 0 0 0 
0.873673 0.451363 0 0 0 0 
0.893224 0.449611 0 0 0 0 
0.881921 0.471397 0 0 0 0 
1 2 6
2 7 6
2 3 7
3 8 7
3 4 8
4 9 8
4 5 9
6 7 10
7 11 10
7 8 11
8 12 11
8 9 12
10 11 13
11 14 13
11 12 14
13 14 15
ZONE N=15, E=16, F=FEPOINT, ET=TRIANGLE
0.95694 0.290285 0 0 0 0 
0.942487 0.274857 0 0 0 0 
0.928034 0.25943 0 0 0 0 
0.913581 0.244003 0 0 0 0 
0.899127 0.228576 0 0 0 0 
0.963776 0.266713 0 0 0 0 
0.949032 0.251208 0 0 0 0 
0.934287 0.235705 0 0 0 0 
0.919542 0.220204 0 0 0 0 
0.970031 0.24298 0 0 0 0 
0.954994 0.227404 0 0 0 0 
0.939956 0.211833 0 0 0 0 
0.975702 0.219101 0 0 0 0 
0.960371 0.203462 0 0 0 0 
0.980785 0.19509 0 0 0 0 
1 2 6
2 7 6
2 3 7
3 8 7
3 4 8
4 9 8
4 5 9
6 7 10
7 11 10
7 8 11
8 12 11
8 9 12
10 11 13
11 14 13
11 12 14
13 14 15
ZONE N=15, E=16, F=FEPOINT, ET=TRIANGLE
0.92388 0.382683 0 0 0 0 
0.905142 0.384828 0 0 0 0 
0.886403 0.386972 0 0 0 0 
0.867665 0.389116 0 0 0 0 
0.848927 0.39126 0 0 0 0 
0.908965 0.3621 0 0 0 0 
0.890227 0.364244 0 0 0 0 
0.871489 0.366388 0 0 0 0 
0.852751 0.368532 0 0 0 0 
0.89405 0.341516 0 0 0 0 
0.875312 0.34366 0 0 0 0 
0.856574 0.345804 0 0 0 0 
0.879136 0.320932 0 0 0 0 
0.860398 0.323076 0 0 0 0 
0.864221 0.300348 0 0 0 0 
1 2 6
2 7 6
2 3 7
3 8 7
3 4 8
4 9 8
4 5 9
6 7 10
7 11 10
7 8 11
8 12 11
8 9 12
10 11 13
11 14 13
11 12 14
13 14 15
ZONE N=15, E=16, F=FEPOINT, ET=TRIANGLE
0.933782 0.00826682 0 0 0 0 
0.949133 0.0307044 0 0 0 0 
0.964483 0.053142 0 0 0 0 
0.979834 0.0755796 0 0 0 0 
0.995185 0.0980171 0 0 0 0 
0.926408 0.0332838 0 0 0 0 
0.941758 0.0557213 0 0 0 0 
0.957109 0.0781589 0 0 0 0 
0.97246 0.100596 0 0 0 0 
0.919033 0.0583007 0 0 0 0 
0.934384 0.0807383 0 0 0 0 
0.949735 0.103176 0 0 0 0 
0.911659 0.0833176 0 0 0 0 
0.92701 0.105755 0 0 0 0 
0.904285 0.108335 0 0 0 0 
1 2 6
2 7 6
2 3 7
3 8 7
3 4 8
4 9 8
4 5 9
6 7 10
7 11 10
7 8 11
8 12 11
8 9 12
10 11 13
11 14 13
11 12 14
13 14 15
ZONE N=15, E=16, F=FEPOINT, ET=TRIANGLE
0.95694 0.290285 0 0 0 0 
0.933761 0.2928 0 0 0 0 
0.910581 0.295316 0 0 0 0 
0.887401 0.297832 0 0 0 0 
0.864221 0.300348 0 0 0 0 
0.942487 0.274857 0 0 0 0 
0.919307 0.277373 0 0 0 0 
0.896128 0.279889 0 0 0 0 
0.872948 0.282405 0 0 0 0 
0.928034 0.25943 0 0 0 0 
0.904854 0.261946 0 0 0 0 
0.881674 0.264462 0 0 0 0 
0.913581 0.244003 0 0 0 0 
0.890401 0.246519 0 0 0 0 
0.899127 0.228576 0 0 0 0 
1 2 6
2 7 6
2 3 7
3 8 7
3 4 8
4 9 8
4 5 9
6 7 10
7 11 10
7 8 11
8 12 11
8 9 12
10 11 13
11 14 13
11 12 14
13 14 15
ZONE N=15, E=16, F=FEPOINT, ET=TRIANGLE
0.95694 0.290285 0 0 0 0 
0.949528 0.313682 0 0 0 0 
0.941544 0.33689 0 0 0 0 
0.932993 0.359895 0 0 0 0 
0.92388 0.382683 0 0 0 0 
0.933761 0.2928 0 0 0 0 
0.926063 0.316101 0 0 0 0 
0.917796 0.339205 0 0 0 0 
0.908965 0.3621 0 0 0 0 
0.910581 0.295316 0 0 0 0 
0.902599 0.318517 0 0 0 0 
0.89405 0.341516 0 0 0 0 
0.887401 0.297832 0 0 0 0 
0.879136 0.320932 0 0 0 0 
0.864221 0.300348 0 0 0 0 
1 2 6
2 7 6
2 3 7
3 8 7
3 4 8
4 9 8
4 5 9
6 7 10
7 11 10
7 8 11
8 12 11
8 9 12
10 11 13
11 14 13
11 12 14
13 14 15
ZONE N=15, E=16, F=FEPOINT, ET=TRIANGLE
0.471397 -0.881921 0 0 0 0 
0.492898 -0.870087 0 0 0 0 
0.514103 -0.857729 0 0 0 0 
0.534998 -0.844854 0 0 0 0 
0.55557 -0.83147 0 0 0 0 
0.459246 -0.862675 0 0 0 0 
0.480597 -0.85058 0 0 0 0 
0.501645 -0.837964 0 0 0 0 
0.522376 -0.824836 0 0 0 0 
0.447096 -0.843428 0 0 0 0 
0.468294 -0.831074 0 0 0 0 
0.489183 -0.818202 0 0 0 0 
0.434946 -0.824182 0 0 0 0 
0.455989 -0.811569 0 0 0 0 
0.422795 -0.804935 0 0 0 0 
1 2 6
2 7 6
2 3 7
3 8 7
3 4 8
4 9 8
4 5 9
6 7 10
7 11 10
7 8 11
8 12 11
8 9 12
10 11 13
11 14 13
11 12 14
13 14 15
ZONE N=15, E=16, F=FEPOINT, ET=TRIANGLE
0.382683 -0.92388 0 0 0 0 
0.378611 -0.905947 0 0 0 0 
0.374538 -0.888015 0 0 0 0 
0.370466 -0.870083 0 0 0 0 
0.366393 -0.85215 0 0 0 0 
0.359895 -0.932993 0 0 0 0 
0.355716 -0.914779 0 0 0 0 
0.35154 -0.896564 0 0 0 0 
0.347366 -0.878348 0 0 0 0 
0.33689 -0.941544 0 0 0 0 
0.332612 -0.923045 0 0 0 0 
0.328339 -0.904545 0 0 0 0 
0.313682 -0.949528 0 0 0 0 
0.309312 -0.930743 0 0 0 0 
0.290285 -0.95694 0 0 0 0 
1 2 6
2 7 6
2 3 7
3 8 7
3 4 8
4 9 8
4 5 9
6 7 10
7 11 10
7 8 11
8 12 11
8 9 12
10 11 13
11 14 13
11 12 14
13 14 15
ZONE N=15, E=16, F=FEPOINT, ET=TRIANGLE
0.290285 -0.95694 0 0 0 0 
0.277746 -0.940329 0 0 0 0 
0.265206 -0.923718 0 0 0 0 
0.252667 -0.907107 0 0 0 0 
0.240128 -0.890495 0 0 0 0 
0.266713 -0.963776 0 0 0 0 
0.254096 -0.946874 0 0 0 0 
0.241481 -0.929971 0 0 0 0 
0.228869 -0.913068 0 0 0 0 
0.24298 -0.970031 0 0 0 0 
0.230292 -0.952836 0 0 0 0 
0.217609 -0.93564 0 0 0 0 
0.219101 -0.975702 0 0 0 0 
0.20635 -0.958213 0 0 0 0 
0.19509 -0.980785 0 0 0 0 
1 2 6
2 7 6
2 3 7
3 8 7
3 4 8
4 9 8
4 5 9
6 7 10
7 11 10
7 8 11
8 12 11
8 9 12
10 11 13
11 14 13
11 12 14
13 14 15
ZONE N=15, E=16, F=FEPOINT, ET=TRIANGLE
0.0950108 -0.908277 0 0 0 0 
0.120031 -0.926404 0 0 0 0 
0.145051 -0.944531 0 0 0 0 
0.17007 -0.962658 0 0 0 0 
0.19509 -0.980785 0 0 0 0 
0.11371 -0.904012 0 0 0 0 
0.13873 -0.922139 0 0 0 0 
0.16375 -0.940266 0 0 0 0 
0.18877 -0.958393 0 0 0 0 
0.132409 -0.899747 0 0 0 0 
0.157429 -0.917874 0 0 0 0 
0.182449 -0.936001 0 0 0 0 
0.151109 -0.895482 0 0 0 0 
0.176129 -0.91361 0 0 0 0 
0.169808 -0.891218 0 0 0 0 
1 2 6
2 7 6
2 3 7
3 8 7
3 4 8
4 9 8
4 5 9
6 7 10
7 11 10
7 8 11
8 12 11
8 9 12
10 11 13
11 14 13
11 12 14
13 14 15
ZONE N=15, E=16, F=FEPOINT, ET=TRIANGLE
0.0980171 -0.995185 0 0 0 0 
0.0794431 -0.9699 0 0 0 0 
0.0608691 -0.944615 0 0 0 0 
0.0422951 -0.919331 0 0 0 0 
0.0237211 -0.894046 0 0 0 0 
0.0735646 -0.99729 0 0 0 0 
0.0549709 -0.971705 0 0 0 0 
0.0363796 -0.94612 0 0 0 0 
0.0177908 -0.920535 0 0 0 0 
0.0490677 -0.998795 0 0 0 0 
0.0304616 -0.972909 0 0 0 0 
0.0118605 -0.947023 0 0 0 0 
0.0245412 -0.999699 0 0 0 0 
0.00593027 -0.973512 0 0 0 0 
-1.83881e-16 -1 0 0 0 0 
1 2 6
2 7 6
2 3 7
3 8 7
3 4 8
4 9 8
4 5 9
6 7 10
7 11 10
7 8 11
8 12 11
8 9 12
10 11 13
11 14 13
11 12 14
13 14 15
ZONE N=15, E=16, F=FEPOINT, ET=TRIANGLE
0.169808 -0.891218 0 0 0 0 
0.176129 -0.91361 0 0 0 0 
0.182449 -0.936001 0 0 0 0 
0.18877 -0.958393 0 0 0 0 
0.19509 -0.980785 0 0 0 0 
0.187388 -0.891037 0 0 0 0 
0.193709 -0.913429 0 0 0 0 
0.200029 -0.935821 0 0 0 0 
0.20635 -0.958213 0 0 0 0 
0.204968 -0.890856 0 0 0 0 
0.211289 -0.913248 0 0 0 0 
0.217609 -0.93564 0 0 0 0 
0.222548 -0.890676 0 0 0 0 
0.228869 -0.913068 0 0 0 0 
0.240128 -0.890495 0 0 0 0 
1 2 6
2 7 6
2 3 7
3 8 7
3 4 8
4 9 8
4 5 9
6 7 10
7 11 10
7 8 11
8 12 11
8 9 12
10 11 13
11 14 13
11 12 14
13 14 15
ZONE N=15, E=16, F=FEPOINT, ET=TRIANGLE
0.980785 -0.19509 0 0 0 0 
0.964706 -0.17946 0 0 0 0 
0.948626 -0.163829 0 0 0 0 
0.932547 -0.148199 0 0 0 0 
0.916468 -0.132569 0 0 0 0 
0.956186 -0.201746 0 0 0 0 
0.940107 -0.186115 0 0 0 0 
0.924027 -0.170485 0 0 0 0 
0.907948 -0.154855 0 0 0 0 
0.931587 -0.208401 0 0 0 0 
0.915507 -0.192771 0 0 0 0 
0.899428 -0.17714 0 0 0 0 
0.906988 -0.215057 0 0 0 0 
0.890908 -0.199426 0 0 0 0 
0.882388 -0.221712 0 0 0 0 
1 2 6
2 7 6
2 3 7
3 8 7
3 4 8
4 9 8
4 5 9
6 7 10
7 11 10
7 8 11
8 12 11
8 9 12
10 11 13
11 14 13
11 12 14
13 14 15
ZONE N=15, E=16, F=FEPOINT, ET=TRIANGLE
0.995185 -0.0980171 0 0 0 0 
0.970465 -0.0852502 0 0 0 0 
0.945746 -0.0724833 0 0 0 0 
0.921027 -0.0597164 0 0 0 0 
0.896307 -0.0469494 0 0 0 0 
0.975505 -0.106655 0 0 0 0 
0.950786 -0.0938881 0 0 0 0 
0.926067 -0.0811212 0 0 0 0 
0.901347 -0.0683542 0 0 0 0 
0.955826 -0.115293 0 0 0 0 
0.931107 -0.102526 0 0 0 0 
0.906387 -0.089759 0 0 0 0 
0.936147 -0.123931 0 0 0 0 
0.911428 -0.111164 0 0 0 0 
0.916468 -0.132569 0 0 0 0 
1 2 6
2 7 6
2 3 7
3 8 7
3 4 8
4 9 8
4 5 9
6 7 10
7 11 10
7 8 11
8 12 11
8 9 12
10 11 13
11 14 13
11 12 14
13 14 15
ZONE N=15, E=16, F=FEPOINT, ET=TRIANGLE
0.995185 0.0980171 0 0 0 0 
0.979834 0.0755796 0 0 0 0 
0.964483 0.053142 0 0 0 0 
0.949133 0.0307044 0 0 0 0 
0.933782 0.00826682 0 0 0 0 
0.99729 0.0735646 0 0 0 0 
0.981639 0.0511073 0 0 0 0 
0.965988 0.0286525 0 0 0 0 
0.950336 0.00620011 0 0 0 0 
0.998795 0.0490677 0 0 0 0 
0.982843 0.0265981 0 0 0 0 
0.966891 0.00413341 0 0 0 0 
0.999699 0.0245412 0 0 0 0 
0.983445 0.0020667 0 0 0 0 
1 -2.44596e-16 0 0 0 0 
1 2 6
2 7 6
2 3 7
3 8 7
3 4 8
4 9 8
4 5 9
6 7 10
7 11 10
7 8 11
8 12 11
8 9 12
10 11 13
11 14 13
11 12 14
13 14 15
ZONE N=15, E=16, F=FEPOINT, ET=TRIANGLE
0.856272 0.169455 0 0 0 0 
0.868275 0.154175 0 0 0 0 
0.880279 0.138895 0 0 0 0 
0.892282 0.123615 0 0 0 0 
0.904285 0.108335 0 0 0 0 
0.887401 0.175864 0 0 0 0 
0.899404 0.160584 0 0 0 0 
0.911407 0.145304 0 0 0 0 
0.92341 0.130024 0 0 0 0 
0.918529 0.182273 0 0 0 0 
0.930532 0.166993 0 0 0 0 
0.942535 0.151712 0 0 0 0 
0.949657 0.188682 0 0 0 0 
0.96166 0.173401 0 0 0 0 
0.980785 0.19509 0 0 0 0 
1 2 6
2 7 6
2 3 7
3 8 7
3 4 8
4 9 8
4 5 9
6 7 10
7 11 10
7 8 11
8 12 11
8 9 12
10 11 13
11 14 13
11 12 14
13 14 15
ZONE N=15, E=16, F=FEPOINT, ET=TRIANGLE
0.591059 -0.677688 0 0 0 0 
0.575658 -0.694303 0 0 0 0 
0.560258 -0.710918 0 0 0 0 
0.544857 -0.727533 0 0 0 0 
0.529456 -0.744148 0 0 0 0 
0.601893 -0.701518 0 0 0 0 
0.586492 -0.718133 0 0 0 0 
0.571091 -0.734748 0 0 0 0 
0.55569 -0.751363 0 0 0 0 
0.612726 -0.725349 0 0 0 0 
0.597325 -0.741964 0 0 0 0 
0.581925 -0.758579 0 0 0 0 
0.62356 -0.74918 0 0 0 0 
0.608159 -0.765795 0 0 0 0 
0.634393 -0.77301 0 0 0 0 
1 2 6
2 7 6
2 3 7
3 8 7
3 4 8
4 9 8
4 5 9
6 7 10
7 11 10
7 8 11
8 12 11
8 9 12
10 11 13
11 14 13
11 12 14
13 14 15
ZONE N=15, E=16, F=FEPOINT, ET=TRIANGLE
0.634393 -0.77301 0 0 0 0 
0.608159 -0.765795 0 0 0 0 
0.581925 -0.758579 0 0 0 0 
0.55569 -0.751363 0 0 0 0 
0.529456 -0.744148 0 0 0 0 
0.615232 -0.788346 0 0 0 0 
0.588814 -0.780892 0 0 0 0 
0.562398 -0.773436 0 0 0 0 
0.535984 -0.765978 0 0 0 0 
0.595699 -0.803208 0 0 0 0 
0.569104 -0.79551 0 0 0 0 
0.542513 -0.787809 0 0 0 0 
0.575808 -0.817585 0 0 0 0 
0.549042 -0.809639 0 0 0 0 
0.55557 -0.83147 0 0 0 0 
1 2 6
2 7 6
2 3 7
3 8 7
3 4 8
4 9 8
4 5 9
6 7 10
7 11 10
7 8 11
8 12 11
8 9 12
10 11 13
11 14 13
11 12 14
13 14 15
ZONE N=15, E=16, F=FEPOINT, ET=TRIANGLE
0.666471 -0.62381 0 0 0 0 
0.647618 -0.637279 0 0 0 0 
0.628765 -0.650749 0 0 0 0 
0.609912 -0.664218 0 0 0 0 
0.591059 -0.677688 0 0 0 0 
0.67663 -0.644634 0 0 0 0 
0.657777 -0.658104 0 0 0 0 
0.638924 -0.671573 0 0 0 0 
0.620071 -0.685043 0 0 0 0 
0.686789 -0.665458 0 0 0 0 
0.667936 -0.678928 0 0 0 0 
0.649083 -0.692397 0 0 0 0 
0.696948 -0.686283 0 0 0 0 
0.678095 -0.699752 0 0 0 0 
0.707107 -0.707107 0 0 0 0 
1 2 6
2 7 6
2 3 7
3 8 7
3 4 8
4 9 8
4 5 9
6 7 10
7 11 10
7 8 11
8 12 11
8 9 12
10 11 13
11 14 13
11 12 14
13 14 15
ZONE N=15, E=16, F=FEPOINT, ET=TRIANGLE
0.666471 -0.62381 0 0 0 0 
0.67663 -0.644634 0 0 0 0 
0.686789 -0.665458 0 0 0 0 
0.696948 -0.686283 0 0 0 0 
0.707107 -0.707107 0 0 0 0 
0.693106 -0.626456 0 0 0 0 
0.703488 -0.647482 0 0 0 0 
0.713868 -0.66851 0 0 0 0 
0.724247 -0.689541 0 0 0 0 
0.71974 -0.629102 0 0 0 0 
0.730347 -0.650328 0 0 0 0 
0.740951 -0.671559 0 0 0 0 
0.746375 -0.631747 0 0 0 0 
0.757209 -0.653173 0 0 0 0 
0.77301 -0.634393 0 0 0 0 
1 2 6
2 7 6
2 3 7
3 8 7
3 4 8
4 9 8
4 5 9
6 7 10
7 11 10
7 8 11
8 12 11
8 9 12
10 11 13
11 14 13
11 12 14
13 14 15
ZONE N=15, E=16, F=FEPOINT, ET=TRIANGLE
0.382683 -0.92388 0 0 0 0 
0.405241 -0.91421 0 0 0 0 
0.427555 -0.903989 0 0 0 0 
0.449611 -0.893224 0 0 0 0 
0.471397 -0.881921 0 0 0 0 
0.378611 -0.905947 0 0 0 0 
0.401044 -0.896003 0 0 0 0 
0.423227 -0.885511 0 0 0 0 
0.445146 -0.874478 0 0 0 0 
0.374538 -0.888015 0 0 0 0 
0.396845 -0.877797 0 0 0 0 
0.418895 -0.867036 0 0 0 0 
0.370466 -0.870083 0 0 0 0 
0.392644 -0.859593 0 0 0 0 
0.366393 -0.85215 0 0 0 0 
1 2 6
2 7 6
2 3 7
3 8 7
3 4 8
4 9 8
4 5 9
6 7 10
7 11 10
7 8 11
8 12 11
8 9 12
10 11 13
11 14 13
11 12 14
13 14 15
ZONE N=15, E=16, F=FEPOINT, ET=TRIANGLE
-0.14125 -0.894029 0 0 0 0 
-0.130442 -0.919318 0 0 0 0 
-0.119633 -0.944607 0 0 0 0 
-0.108825 -0.969896 0 0 0 0 
-0.0980171 -0.995185 0 0 0 0 
-0.115191 -0.904542 0 0 0 0 
-0.104383 -0.929831 0 0 0 0 
-0.0935744 -0.95512 0 0 0 0 
-0.0827663 -0.980409 0 0 0 0 
-0.0891317 -0.915055 0 0 0 0 
-0.0783236 -0.940344 0 0 0 0 
-0.0675155 -0.965633 0 0 0 0 
-0.0630728 -0.925568 0 0 0 0 
-0.0522646 -0.950857 0 0 0 0 
-0.0370138 -0.936081 0 0 0 0 
1 2 6
2 7 6
2 3 7
3 8 7
3 4 8
4 9 8
4 5 9
6 7 10
7 11 10
7 8 11
8 12 11
8 9 12
10 11 13
11 14 13
11 12 14
13 14 15
ZONE N=15, E=16, F=FEPOINT, ET=TRIANGLE
-0.0980171 -0.995185 0 0 0 0 
-0.108825 -0.969896 0 0 0 0 
-0.119633 -0.944607 0 0 0 0 
-0.130442 -0.919318 0 0 0 0 
-0.14125 -0.894029 0 0 0 0 
-0.122411 -0.99248 0 0 0 0 
-0.13318 -0.966892 0 0 0 0 
-0.143946 -0.941305 0 0 0 0 
-0.15471 -0.915718 0 0 0 0 
-0.14673 -0.989177 0 0 0 0 
-0.157453 -0.963291 0 0 0 0 
-0.16817 -0.937407 0 0 0 0 
-0.170962 -0.985278 0 0 0 0 
-0.18163 -0.959096 0 0 0 0 
-0.19509 -0.980785 0 0 0 0 
1 2 6
2 7 6
2 3 7
3 8 7
3 4 8
4 9 8
4 5 9
6 7 10
7 11 10
7 8 11
8 12 11
8 9 12
10 11 13
11 14 13
11 12 14
13 14 15
ZONE N=15, E=16, F=FEPOINT, ET=TRIANGLE
-1.83697e-16 -1 0 0 0 0 
0.00593027 -0.973512 0 0 0 0 
0.0118605 -0.947023 0 0 0 0 
0.0177908 -0.920535 0 0 0 0 
0.0237211 -0.894046 0 0 0 0 
-0.00925345 -0.98402 0 0 0 0 
-0.00332318 -0.957532 0 0 0 0 
0.00260709 -0.931043 0 0 0 0 
0.00853736 -0.904555 0 0 0 0 
-0.0185069 -0.96804 0 0 0 0 
-0.0125766 -0.941552 0 0 0 0 
-0.00664636 -0.915064 0 0 0 0 
-0.0277604 -0.952061 0 0 0 0 
-0.0218301 -0.925572 0 0 0 0 
-0.0370138 -0.936081 0 0 0 0 
1 2 6
2 7 6
2 3 7
3 8 7
3 4 8
4 9 8
4 5 9
6 7 10
7 11 10
7 8 11
8 12 11
8 9 12
10 11 13
11 14 13
11 12 14
13 14 15
ZONE N=15, E=16, F=FEPOINT, ET=TRIANGLE
-0.210117 -0.895661 0 0 0 0 
-0.20636 -0.916942 0 0 0 0 
-0.202603 -0.938223 0 0 0 0 
-0.198847 -0.959504 0 0 0 0 
-0.19509 -0.980785 0 0 0 0 
-0.1929 -0.895253 0 0 0 0 
-0.189143 -0.916534 0 0 0 0 
-0.185387 -0.937815 0 0 0 0 
-0.18163 -0.959096 0 0 0 0 
-0.175683 -0.894845 0 0 0 0 
-0.171927 -0.916126 0 0 0 0 
-0.16817 -0.937407 0 0 0 0 
-0.158466 -0.894437 0 0 0 0 
-0.15471 -0.915718 0 0 0 0 
-0.14125 -0.894029 0 0 0 0 
1 2 6
2 7 6
2 3 7
3 8 7
3 4 8
4 9 8
4 5 9
6 7 10
7 11 10
7 8 11
8 12 11
8 9 12
10 11 13
11 14 13
11 12 14
13 14 15
ZONE N=15, E=16, F=FEPOINT, ET=TRIANGLE
0.896307 -0.0469494 0 0 0 0 
0.921027 -0.0597164 0 0 0 0 
0.945746 -0.0724833 0 0 0 0 
0.970465 -0.0852502 0 0 0 0 
0.995185 -0.0980171 0 0 0 0 
0.905676 -0.0331454 0 0 0 0 
0.930395 -0.0459123 0 0 0 0 
0.955115 -0.0586792 0 0 0 0 
0.979834 -0.0714462 0 0 0 0 
0.915045 -0.0193413 0 0 0 0 
0.939764 -0.0321082 0 0 0 0 
0.964483 -0.0448752 0 0 0 0 
0.924413 -0.00553725 0 0 0 0 
0.949133 -0.0183042 0 0 0 0 
0.933782 0.00826682 0 0 0 0 
1 2 6
2 7 6
2 3 7
3 8 7
3 4 8
4 9 8
4 5 9
6 7 10
7 11 10
7 8 11
8 12 11
8 9 12
10 11 13
11 14 13
11 12 14
13 14 15
ZONE N=15, E=16, F=FEPOINT, ET=TRIANGLE
0.995185 0.0980171 0 0 0 0 
0.99248 0.122411 0 0 0 0 
0.989177 0.14673 0 0 0 0 
0.985278 0.170962 0 0 0 0 
0.980785 0.19509 0 0 0 0 
0.97246 0.100596 0 0 0 0 
0.969456 0.124951 0 0 0 0 
0.965855 0.149224 0 0 0 0 
0.96166 0.173401 0 0 0 0 
0.949735 0.103176 0 0 0 0 
0.946433 0.127488 0 0 0 0 
0.942535 0.151712 0 0 0 0 
0.92701 0.105755 0 0 0 0 
0.92341 0.130024 0 0 0 0 
0.904285 0.108335 0 0 0 0 
1 2 6
2 7 6
2 3 7
3 8 7
3 4 8
4 9 8
4 5 9
6 7 10
7 11 10
7 8 11
8 12 11
8 9 12
10 11 13
11 14 13
11 12 14
13 14 15
ZONE N=15, E=16, F=FEPOINT, ET=TRIANGLE
0.780842 -0.488095 0 0 0 0 
0.806112 -0.48392 0 0 0 0 
0.831382 -0.479746 0 0 0 0 
0.856652 -0.475571 0 0 0 0 
0.881921 -0.471397 0 0 0 0 
0.784689 -0.471912 0 0 0 0 
0.809959 -0.467737 0 0 0 0 
0.835229 -0.463563 0 0 0 0 
0.860499 -0.459388 0 0 0 0 
0.788537 -0.455729 0 0 0 0 
0.813806 -0.451554 0 0 0 0 
0.839076 -0.44738 0 0 0 0 
0.792384 -0.439546 0 0 0 0 
0.817653 -0.435371 0 0 0 0 
0.796231 -0.423363 0 0 0 0 
1 2 6
2 7 6
2 3 7
3 8 7
3 4 8
4 9 8
4 5 9
6 7 10
7 11 10
7 8 11
8 12 11
8 9 12
10 11 13
11 14 13
11 12 14
13 14 15
ZONE N=15, E=16, F=FEPOINT, ET=TRIANGLE
0.740808 -0.553651 0 0 0 0 
0.748859 -0.573836 0 0 0 0 
0.756909 -0.594022 0 0 0 0 
0.76496 -0.614208 0 0 0 0 
0.77301 -0.634393 0 0 0 0 
0.763474 -0.55413 0 0 0 0 
0.771766 -0.574496 0 0 0 0 
0.780057 -0.594863 0 0 0 0 
0.788346 -0.615232 0 0 0 0 
0.786139 -0.55461 0 0 0 0 
0.794675 -0.575153 0 0 0 0 
0.803208 -0.595699 0 0 0 0 
0.808804 -0.55509 0 0 0 0 
0.817585 -0.575808 0 0 0 0 
0.83147 -0.55557 0 0 0 0 
1 2 6
2 7 6
2 3 7
3 8 7
3 4 8
4 9 8
4 5 9
6 7 10
7 11 10
7 8 11
8 12 11
8 9 12
10 11 13
11 14 13
11 12 14
13 14 15
ZONE N=15, E=16, F=FEPOINT, ET=TRIANGLE
0.92388 -0.382683 0 0 0 0 
0.906917 -0.364348 0 0 0 0 
0.889954 -0.346013 0 0 0 0 
0.872992 -0.327678 0 0 0 0 
0.856029 -0.309343 0 0 0 0 
0.906118 -0.382102 0 0 0 0 
0.889155 -0.363767 0 0 0 0 
0.872192 -0.345432 0 0 0 0 
0.85523 -0.327096 0 0 0 0 
0.888356 -0.38152 0 0 0 0 
0.871393 -0.363185 0 0 0 0 
0.85443 -0.34485 0 0 0 0 
0.870594 -0.380938 0 0 0 0 
0.853631 -0.362603 0 0 0 0 
0.852832 -0.380357 0 0 0 0 
1 2 6
2 7 6
2 3 7
3 8 7
3 4 8
4 9 8
4 5 9
6 7 10
7 11 10
7 8 11
8 12 11
8 9 12
10 11 13
11 14 13
11 12 14
13 14 15
ZONE N=15, E=16, F=FEPOINT, ET=TRIANGLE
0.666471 -0.62381 0 0 0 0 
0.693106 -0.626456 0 0 0 0 
0.71974 -0.629102 0 0 0 0 
0.746375 -0.631747 0 0 0 0 
0.77301 -0.634393 0 0 0 0 
0.685055 -0.60627 0 0 0 0 
0.71169 -0.608916 0 0 0 0 
0.738325 -0.611562 0 0 0 0 
0.76496 -0.614208 0 0 0 0 
0.703639 -0.58873 0 0 0 0 
0.730274 -0.591376 0 0 0 0 
0.756909 -0.594022 0 0 0 0 
0.722224 -0.57119 0 0 0 0 
0.748859 -0.573836 0 0 0 0 
0.740808 -0.553651 0 0 0 0 
1 2 6
2 7 6
2 3 7
3 8 7
3 4 8
4 9 8
4 5 9
6 7 10
7 11 10
7 8 11
8 12 11
8 9 12
10 11 13
11 14 13
11 12 14
13 14 15
ZONE N=15, E=16, F=FEPOINT, ET=TRIANGLE
0.852832 -0.380357 0 0 0 0 
0.860104 -0.403117 0 0 0 0 
0.867377 -0.425877 0 0 0 0 
0.874649 -0.448637 0 0 0 0 
0.881921 -0.471397 0 0 0 0 
0.870594 -0.380938 0 0 0 0 
0.878138 -0.403827 0 0 0 0 
0.885682 -0.426718 0 0 0 0 
0.893224 -0.449611 0 0 0 0 
0.888356 -0.38152 0 0 0 0 
0.896174 -0.404535 0 0 0 0 
0.903989 -0.427555 0 0 0 0 
0.906118 -0.382102 0 0 0 0 
0.91421 -0.405241 0 0 0 0 
0.92388 -0.382683 0 0 0 0 
1 2 6
2 7 6
2 3 7
3 8 7
3 4 8
4 9 8
4 5 9
6 7 10
7 11 10
7 8 11
8 12 11
8 9 12
10 11 13
11 14 13
11 12 14
13 14 15
ZONE N=15, E=16, F=FEPOINT, ET=TRIANGLE
0.83147 -0.55557 0 0 0 0 
0.818813 -0.538701 0 0 0 0 
0.806156 -0.521832 0 0 0 0 
0.793499 -0.504963 0 0 0 0 
0.780842 -0.488095 0 0 0 0 
0.808804 -0.55509 0 0 0 0 
0.796147 -0.538221 0 0 0 0 
0.783491 -0.521352 0 0 0 0 
0.770834 -0.504484 0 0 0 0 
0.786139 -0.55461 0 0 0 0 
0.773482 -0.537741 0 0 0 0 
0.760825 -0.520873 0 0 0 0 
0.763474 -0.55413 0 0 0 0 
0.750817 -0.537262 0 0 0 0 
0.740808 -0.553651 0 0 0 0 
1 2 6
2 7 6
2 3 7
3 8 7
3 4 8
4 9 8
4 5 9
6 7 10
7 11 10
7 8 11
8 12 11
8 9 12
10 11 13
11 14 13
11 12 14
13 14 15
ZONE N=15, E=16, F=FEPOINT, ET=TRIANGLE
0.83147 -0.55557 0 0 0 0 
0.844854 -0.534998 0 0 0 0 
0.857729 -0.514103 0 0 0 0 
0.870087 -0.492898 0 0 0 0 
0.881921 -0.471397 0 0 0 0 
0.818813 -0.538701 0 0 0 0 
0.831941 -0.51797 0 0 0 0 
0.844556 -0.496922 0 0 0 0 
0.856652 -0.475571 0 0 0 0 
0.806156 -0.521832 0 0 0 0 
0.819027 -0.500944 0 0 0 0 
0.831382 -0.479746 0 0 0 0 
0.793499 -0.504963 0 0 0 0 
0.806112 -0.48392 0 0 0 0 
0.780842 -0.488095 0 0 0 0 
1 2 6
2 7 6
2 3 7
3 8 7
3 4 8
4 9 8
4 5 9
6 7 10
7 11 10
7 8 11
8 12 11
8 9 12
10 11 13
11 14 13
11 12 14
13 14 15
ZONE N=15, E=16, F=FEPOINT, ET=TRIANGLE
0.796231 -0.423363 0 0 0 0 
0.817653 -0.435371 0 0 0 0 
0.839076 -0.44738 0 0 0 0 
0.860499 -0.459388 0 0 0 0 
0.881921 -0.471397 0 0 0 0 
0.810381 -0.412611 0 0 0 0 
0.831804 -0.42462 0 0 0 0 
0.853226 -0.436628 0 0 0 0 
0.874649 -0.448637 0 0 0 0 
0.824531 -0.40186 0 0 0 0 
0.845954 -0.413868 0 0 0 0 
0.867377 -0.425877 0 0 0 0 
0.838682 -0.391108 0 0 0 0 
0.860104 -0.403117 0 0 0 0 
0.852832 -0.380357 0 0 0 0 
1 2 6
2 7 6
2 3 7
3 8 7
3 4 8
4 9 8
4 5 9
6 7 10
7 11 10
7 8 11
8 12 11
8 9 12
10 11 13
11 14 13
11 12 14
13 14 15
ZONE N=15, E=16, F=FEPOINT, ET=TRIANGLE
0.0950108 -0.908277 0 0 0 0 
0.0771884 -0.904719 0 0 0 0 
0.0593659 -0.901161 0 0 0 0 
0.0415435 -0.897604 0 0 0 0 
0.0237211 -0.894046 0 0 0 0 
0.0957624 -0.930004 0 0 0 0 
0.07794 -0.926446 0 0 0 0 
0.0601175 -0.922888 0 0 0 0 
0.0422951 -0.919331 0 0 0 0 
0.096514 -0.951731 0 0 0 0 
0.0786915 -0.948173 0 0 0 0 
0.0608691 -0.944615 0 0 0 0 
0.0972656 -0.973458 0 0 0 0 
0.0794431 -0.9699 0 0 0 0 
0.0980171 -0.995185 0 0 0 0 
1 2 6
2 7 6
2 3 7
3 8 7
3 4 8
4 9 8
4 5 9
6 7 10
7 11 10
7 8 11
8 12 11
8 9 12
10 11 13
11 14 13
11 12 14
13 14 15
ZONE N=15, E=16, F=FEPOINT, ET=TRIANGLE
0.19509 -0.980785 0 0 0 0 
0.17007 -0.962658 0 0 0 0 
0.145051 -0.944531 0 0 0 0 
0.120031 -0.926404 0 0 0 0 
0.0950108 -0.908277 0 0 0 0 
0.170962 -0.985278 0 0 0 0 
0.145893 -0.966853 0 0 0 0 
0.120826 -0.948429 0 0 0 0 
0.0957624 -0.930004 0 0 0 0 
0.14673 -0.989177 0 0 0 0 
0.12162 -0.970454 0 0 0 0 
0.096514 -0.951731 0 0 0 0 
0.122411 -0.99248 0 0 0 0 
0.0972656 -0.973458 0 0 0 0 
0.0980171 -0.995185 0 0 0 0 
1 2 6
2 7 6
2 3 7
3 8 7
3 4 8
4 9 8
4 5 9
6 7 10
7 11 10
7 8 11
8 12 11
8 9 12
10 11 13
11 14 13
11 12 14
13 14 15
ZONE N=15, E=16, F=FEPOINT, ET=TRIANGLE
-0.798451 -0.47485 0 0 0 0 
-0.803567 -0.451383 0 0 0 0 
-0.808682 -0.427917 0 0 0 0 
-0.813797 -0.40445 0 0 0 0 
-0.818913 -0.380984 0 0 0 0 
-0.819319 -0.473987 0 0 0 0 
-0.824434 -0.45052 0 0 0 0 
-0.829549 -0.427053 0 0 0 0 
-0.834665 -0.403587 0 0 0 0 
-0.840186 -0.473123 0 0 0 0 
-0.845302 -0.449657 0 0 0 0 
-0.850417 -0.42619 0 0 0 0 
-0.861054 -0.47226 0 0 0 0 
-0.866169 -0.448793 0 0 0 0 
-0.881921 -0.471397 0 0 0 0 
1 2 6
2 7 6
2 3 7
3 8 7
3 4 8
4 9 8
4 5 9
6 7 10
7 11 10
7 8 11
8 12 11
8 9 12
10 11 13
11 14 13
11 12 14
13 14 15
ZONE N=15, E=16, F=FEPOINT, ET=TRIANGLE
-0.83147 -0.55557 0 0 0 0 
-0.808273 -0.554735 0 0 0 0 
-0.785076 -0.5539 0 0 0 0 
-0.761879 -0.553065 0 0 0 0 
-0.738683 -0.55223 0 0 0 0 
-0.823215 -0.53539 0 0 0 0 
-0.800018 -0.534555 0 0 0 0 
-0.776822 -0.53372 0 0 0 0 
-0.753625 -0.532885 0 0 0 0 
-0.814961 -0.51521 0 0 0 0 
-0.791764 -0.514375 0 0 0 0 
-0.768567 -0.51354 0 0 0 0 
-0.806706 -0.49503 0 0 0 0 
-0.783509 -0.494195 0 0 0 0 
-0.798451 -0.47485 0 0 0 0 
1 2 6
2 7 6
2 3 7
3 8 7
3 4 8
4 9 8
4 5 9
6 7 10
7 11 10
7 8 11
8 12 11
8 9 12
10 11 13
11 14 13
11 12 14
13 14 15
