ZONE N=15, E=16, F=FEPOINT, ET=TRIANGLE
-0.846724 -0.532032 0 0 0 
-0.815397 -0.526992 0 0 0 
-0.78407 -0.521952 0 0 0 
-0.752743 -0.516912 0 0 0 
-0.721416 -0.511872 0 0 0 
-0.839351 -0.483651 0 0 0 
-0.808024 -0.478611 0 0 0 
-0.776697 -0.473571 0 0 0 
-0.74537 -0.468531 0 0 0 
-0.831978 -0.43527 0 0 0 
-0.800651 -0.43023 0 0 0 
-0.769324 -0.42519 0 0 0 
-0.824604 -0.386889 0 0 0 
-0.793277 -0.381849 0 0 0 
-0.817231 -0.338508 0 0 0 
1 2 6
2 7 6
2 3 7
3 8 7
3 4 8
4 9 8
4 5 9
6 7 10
7 11 10
7 8 11
8 12 11
8 9 12
10 11 13
11 14 13
11 12 14
13 14 15
ZONE N=15, E=16, F=FEPOINT, ET=TRIANGLE
0.883173 -0.0495979 0 0 0 
0.91238 -0.0371984 0 0 0 
0.941586 -0.024799 0 0 0 
0.970793 -0.0123995 0 0 0 
1 -1.13311e-15 0 0 0 
0.910808 -0.00920732 0 0 0 
0.940014 0.00319216 0 0 0 
0.969221 0.0155916 0 0 0 
0.998428 0.0279911 0 0 0 
0.938442 0.0311833 0 0 0 
0.967649 0.0435828 0 0 0 
0.996856 0.0559822 0 0 0 
0.966077 0.0715739 0 0 0 
0.995284 0.0839734 0 0 0 
0.993712 0.111964 0 0 0 
1 2 6
2 7 6
2 3 7
3 8 7
3 4 8
4 9 8
4 5 9
6 7 10
7 11 10
7 8 11
8 12 11
8 9 12
10 11 13
11 14 13
11 12 14
13 14 15
ZONE N=15, E=16, F=FEPOINT, ET=TRIANGLE
0.614298 -0.548971 0 0 0 
0.588692 -0.592082 0 0 0 
0.563085 -0.635193 0 0 0 
0.537479 -0.678305 0 0 0 
0.511872 -0.721416 0 0 0 
0.6375 -0.588505 0 0 0 
0.611894 -0.631616 0 0 0 
0.586287 -0.674727 0 0 0 
0.560681 -0.717839 0 0 0 
0.660703 -0.628039 0 0 0 
0.635096 -0.67115 0 0 0 
0.609489 -0.714261 0 0 0 
0.683905 -0.667573 0 0 0 
0.658298 -0.710684 0 0 0 
0.707107 -0.707107 0 0 0 
1 2 6
2 7 6
2 3 7
3 8 7
3 4 8
4 9 8
4 5 9
6 7 10
7 11 10
7 8 11
8 12 11
8 9 12
10 11 13
11 14 13
11 12 14
13 14 15
ZONE N=15, E=16, F=FEPOINT, ET=TRIANGLE
-0.817231 -0.338508 0 0 0 
-0.790877 -0.31615 0 0 0 
-0.764524 -0.293792 0 0 0 
-0.738171 -0.271434 0 0 0 
-0.711817 -0.249076 0 0 0 
-0.810007 -0.287367 0 0 0 
-0.783653 -0.265009 0 0 0 
-0.7573 -0.242651 0 0 0 
-0.730946 -0.220293 0 0 0 
-0.802782 -0.236226 0 0 0 
-0.776429 -0.213868 0 0 0 
-0.750076 -0.191509 0 0 0 
-0.795558 -0.185085 0 0 0 
-0.769205 -0.162726 0 0 0 
-0.788334 -0.133943 0 0 0 
1 2 6
2 7 6
2 3 7
3 8 7
3 4 8
4 9 8
4 5 9
6 7 10
7 11 10
7 8 11
8 12 11
8 9 12
10 11 13
11 14 13
11 12 14
13 14 15
ZONE N=15, E=16, F=FEPOINT, ET=TRIANGLE
-0.754137 3.82749e-14 0 0 0 
-0.762686 0.0334858 0 0 0 
-0.771235 0.0669717 0 0 0 
-0.779785 0.100457 0 0 0 
-0.788334 0.133943 0 0 0 
-0.786396 -0.0123995 0 0 0 
-0.794945 0.0210864 0 0 0 
-0.803494 0.0545722 0 0 0 
-0.812044 0.088058 0 0 0 
-0.818655 -0.024799 0 0 0 
-0.827204 0.00868687 0 0 0 
-0.835753 0.0421727 0 0 0 
-0.850914 -0.0371984 0 0 0 
-0.859463 -0.00371261 0 0 0 
-0.883173 -0.0495979 0 0 0 
1 2 6
2 7 6
2 3 7
3 8 7
3 4 8
4 9 8
4 5 9
6 7 10
7 11 10
7 8 11
8 12 11
8 9 12
10 11 13
11 14 13
11 12 14
13 14 15
ZONE N=15, E=16, F=FEPOINT, ET=TRIANGLE
0.386797 0.699857 0 0 0 
0.407647 0.672294 0 0 0 
0.428497 0.644732 0 0 0 
0.449347 0.61717 0 0 0 
0.470197 0.589608 0 0 0 
0.418066 0.705246 0 0 0 
0.438916 0.677684 0 0 0 
0.459766 0.650122 0 0 0 
0.480615 0.62256 0 0 0 
0.449335 0.710636 0 0 0 
0.470184 0.683074 0 0 0 
0.491034 0.655512 0 0 0 
0.480603 0.716026 0 0 0 
0.501453 0.688464 0 0 0 
0.511872 0.721416 0 0 0 
1 2 6
2 7 6
2 3 7
3 8 7
3 4 8
4 9 8
4 5 9
6 7 10
7 11 10
7 8 11
8 12 11
8 9 12
10 11 13
11 14 13
11 12 14
13 14 15
ZONE N=15, E=16, F=FEPOINT, ET=TRIANGLE
-0.846724 -0.532032 0 0 0 
-0.839351 -0.483651 0 0 0 
-0.831978 -0.43527 0 0 0 
-0.824604 -0.386889 0 0 0 
-0.817231 -0.338508 0 0 0 
-0.860285 -0.507495 0 0 0 
-0.852912 -0.459114 0 0 0 
-0.845539 -0.410733 0 0 0 
-0.838165 -0.362352 0 0 0 
-0.873847 -0.482958 0 0 0 
-0.866473 -0.434577 0 0 0 
-0.8591 -0.386196 0 0 0 
-0.887408 -0.458421 0 0 0 
-0.880034 -0.41004 0 0 0 
-0.900969 -0.433884 0 0 0 
1 2 6
2 7 6
2 3 7
3 8 7
3 4 8
4 9 8
4 5 9
6 7 10
7 11 10
7 8 11
8 12 11
8 9 12
10 11 13
11 14 13
11 12 14
13 14 15
ZONE N=15, E=16, F=FEPOINT, ET=TRIANGLE
0.596239 0.532832 0 0 0 
0.575147 0.579978 0 0 0 
0.554056 0.627124 0 0 0 
0.532964 0.67427 0 0 0 
0.511872 0.721416 0 0 0 
0.564729 0.547026 0 0 0 
0.543637 0.594172 0 0 0 
0.522545 0.641318 0 0 0 
0.501453 0.688464 0 0 0 
0.533218 0.56122 0 0 0 
0.512126 0.608366 0 0 0 
0.491034 0.655512 0 0 0 
0.501707 0.575414 0 0 0 
0.480615 0.62256 0 0 0 
0.470197 0.589608 0 0 0 
1 2 6
2 7 6
2 3 7
3 8 7
3 4 8
4 9 8
4 5 9
6 7 10
7 11 10
7 8 11
8 12 11
8 9 12
10 11 13
11 14 13
11 12 14
13 14 15
ZONE N=15, E=16, F=FEPOINT, ET=TRIANGLE
0.738764 0.306006 0 0 0 
0.768748 0.291351 0 0 0 
0.798733 0.276697 0 0 0 
0.828717 0.262042 0 0 0 
0.858701 0.247388 0 0 0 
0.747621 0.336475 0 0 0 
0.777605 0.32182 0 0 0 
0.807589 0.307165 0 0 0 
0.837574 0.292511 0 0 0 
0.756478 0.366943 0 0 0 
0.786462 0.352289 0 0 0 
0.816446 0.337634 0 0 0 
0.765334 0.397412 0 0 0 
0.795319 0.382757 0 0 0 
0.774191 0.42788 0 0 0 
1 2 6
2 7 6
2 3 7
3 8 7
3 4 8
4 9 8
4 5 9
6 7 10
7 11 10
7 8 11
8 12 11
8 9 12
10 11 13
11 14 13
11 12 14
13 14 15
ZONE N=15, E=16, F=FEPOINT, ET=TRIANGLE
-0.943883 -0.330279 0 0 0 
-0.933155 -0.35618 0 0 0 
-0.922426 -0.382081 0 0 0 
-0.911697 -0.407983 0 0 0 
-0.900969 -0.433884 0 0 0 
-0.91222 -0.332336 0 0 0 
-0.901492 -0.358237 0 0 0 
-0.890763 -0.384139 0 0 0 
-0.880034 -0.41004 0 0 0 
-0.880557 -0.334394 0 0 0 
-0.869829 -0.360295 0 0 0 
-0.8591 -0.386196 0 0 0 
-0.848894 -0.336451 0 0 0 
-0.838165 -0.362352 0 0 0 
-0.817231 -0.338508 0 0 0 
1 2 6
2 7 6
2 3 7
3 8 7
3 4 8
4 9 8
4 5 9
6 7 10
7 11 10
7 8 11
8 12 11
8 9 12
10 11 13
11 14 13
11 12 14
13 14 15
ZONE N=15, E=16, F=FEPOINT, ET=TRIANGLE
-0.462724 -0.652149 0 0 0 
-0.4944 -0.654004 0 0 0 
-0.526075 -0.655859 0 0 0 
-0.557751 -0.657714 0 0 0 
-0.589426 -0.659568 0 0 0 
-0.480051 -0.700792 0 0 0 
-0.511727 -0.702647 0 0 0 
-0.543402 -0.704502 0 0 0 
-0.575078 -0.706357 0 0 0 
-0.497378 -0.749436 0 0 0 
-0.529054 -0.751291 0 0 0 
-0.560729 -0.753146 0 0 0 
-0.514705 -0.79808 0 0 0 
-0.546381 -0.799935 0 0 0 
-0.532032 -0.846724 0 0 0 
1 2 6
2 7 6
2 3 7
3 8 7
3 4 8
4 9 8
4 5 9
6 7 10
7 11 10
7 8 11
8 12 11
8 9 12
10 11 13
11 14 13
11 12 14
13 14 15
ZONE N=15, E=16, F=FEPOINT, ET=TRIANGLE
0.974928 0.222521 0 0 0 
0.934249 0.201391 0 0 0 
0.89357 0.180261 0 0 0 
0.85289 0.15913 0 0 0 
0.812211 0.138 0 0 0 
0.979624 0.194882 0 0 0 
0.938945 0.173752 0 0 0 
0.898266 0.152621 0 0 0 
0.857586 0.131491 0 0 0 
0.98432 0.167243 0 0 0 
0.943641 0.146113 0 0 0 
0.902962 0.124982 0 0 0 
0.989016 0.139604 0 0 0 
0.948337 0.118473 0 0 0 
0.993712 0.111964 0 0 0 
1 2 6
2 7 6
2 3 7
3 8 7
3 4 8
4 9 8
4 5 9
6 7 10
7 11 10
7 8 11
8 12 11
8 9 12
10 11 13
11 14 13
11 12 14
13 14 15
ZONE N=15, E=16, F=FEPOINT, ET=TRIANGLE
-0.111964 -0.993712 0 0 0 
-0.121016 -0.963301 0 0 0 
-0.130067 -0.932889 0 0 0 
-0.139119 -0.902478 0 0 0 
-0.14817 -0.872066 0 0 0 
-0.139604 -0.989016 0 0 0 
-0.148655 -0.958605 0 0 0 
-0.157706 -0.928193 0 0 0 
-0.166758 -0.897782 0 0 0 
-0.167243 -0.98432 0 0 0 
-0.176294 -0.953909 0 0 0 
-0.185345 -0.923497 0 0 0 
-0.194882 -0.979624 0 0 0 
-0.203933 -0.949213 0 0 0 
-0.222521 -0.974928 0 0 0 
1 2 6
2 7 6
2 3 7
3 8 7
3 4 8
4 9 8
4 5 9
6 7 10
7 11 10
7 8 11
8 12 11
8 9 12
10 11 13
11 14 13
11 12 14
13 14 15
ZONE N=15, E=16, F=FEPOINT, ET=TRIANGLE
-1.83697e-16 -1 0 0 0 
0.0279911 -0.998428 0 0 0 
0.0559822 -0.996856 0 0 0 
0.0839734 -0.995284 0 0 0 
0.111964 -0.993712 0 0 0 
0.0123995 -0.970793 0 0 0 
0.0403906 -0.969221 0 0 0 
0.0683817 -0.967649 0 0 0 
0.0963728 -0.966077 0 0 0 
0.024799 -0.941586 0 0 0 
0.0527901 -0.940014 0 0 0 
0.0807812 -0.938442 0 0 0 
0.0371984 -0.91238 0 0 0 
0.0651896 -0.910808 0 0 0 
0.0495979 -0.883173 0 0 0 
1 2 6
2 7 6
2 3 7
3 8 7
3 4 8
4 9 8
4 5 9
6 7 10
7 11 10
7 8 11
8 12 11
8 9 12
10 11 13
11 14 13
11 12 14
13 14 15
ZONE N=15, E=16, F=FEPOINT, ET=TRIANGLE
-0.170441 -0.600319 0 0 0 
-0.137915 -0.629805 0 0 0 
-0.105389 -0.659291 0 0 0 
-0.0728629 -0.688777 0 0 0 
-0.0403368 -0.718263 0 0 0 
-0.102292 -0.604146 0 0 0 
-0.069766 -0.633632 0 0 0 
-0.0372399 -0.663118 0 0 0 
-0.00471378 -0.692604 0 0 0 
-0.034143 -0.607973 0 0 0 
-0.00161691 -0.637459 0 0 0 
0.0309092 -0.666945 0 0 0 
0.0340061 -0.6118 0 0 0 
0.0665322 -0.641286 0 0 0 
0.102155 -0.615627 0 0 0 
1 2 6
2 7 6
2 3 7
3 8 7
3 4 8
4 9 8
4 5 9
6 7 10
7 11 10
7 8 11
8 12 11
8 9 12
10 11 13
11 14 13
11 12 14
13 14 15
ZONE N=15, E=16, F=FEPOINT, ET=TRIANGLE
-0.222521 -0.974928 0 0 0 
-0.251518 -0.935504 0 0 0 
-0.280515 -0.896079 0 0 0 
-0.309511 -0.856655 0 0 0 
-0.338508 -0.817231 0 0 0 
-0.24946 -0.967167 0 0 0 
-0.278457 -0.927743 0 0 0 
-0.307454 -0.888318 0 0 0 
-0.336451 -0.848894 0 0 0 
-0.2764 -0.959406 0 0 0 
-0.305397 -0.919981 0 0 0 
-0.334394 -0.880557 0 0 0 
-0.30334 -0.951644 0 0 0 
-0.332336 -0.91222 0 0 0 
-0.330279 -0.943883 0 0 0 
1 2 6
2 7 6
2 3 7
3 8 7
3 4 8
4 9 8
4 5 9
6 7 10
7 11 10
7 8 11
8 12 11
8 9 12
10 11 13
11 14 13
11 12 14
13 14 15
ZONE N=15, E=16, F=FEPOINT, ET=TRIANGLE
-0.699857 -0.386797 0 0 0 
-0.705246 -0.418066 0 0 0 
-0.710636 -0.449335 0 0 0 
-0.716026 -0.480603 0 0 0 
-0.721416 -0.511872 0 0 0 
-0.658995 -0.409939 0 0 0 
-0.664385 -0.441208 0 0 0 
-0.669775 -0.472477 0 0 0 
-0.675165 -0.503746 0 0 0 
-0.618134 -0.433082 0 0 0 
-0.623524 -0.46435 0 0 0 
-0.628914 -0.495619 0 0 0 
-0.577272 -0.456224 0 0 0 
-0.582662 -0.487493 0 0 0 
-0.536411 -0.479366 0 0 0 
1 2 6
2 7 6
2 3 7
3 8 7
3 4 8
4 9 8
4 5 9
6 7 10
7 11 10
7 8 11
8 12 11
8 9 12
10 11 13
11 14 13
11 12 14
13 14 15
ZONE N=15, E=16, F=FEPOINT, ET=TRIANGLE
0.788334 -0.133943 0 0 0 
0.769205 -0.162726 0 0 0 
0.750076 -0.191509 0 0 0 
0.730946 -0.220293 0 0 0 
0.711817 -0.249076 0 0 0 
0.795558 -0.185085 0 0 0 
0.776429 -0.213868 0 0 0 
0.7573 -0.242651 0 0 0 
0.738171 -0.271434 0 0 0 
0.802782 -0.236226 0 0 0 
0.783653 -0.265009 0 0 0 
0.764524 -0.293792 0 0 0 
0.810007 -0.287367 0 0 0 
0.790877 -0.31615 0 0 0 
0.817231 -0.338508 0 0 0 
1 2 6
2 7 6
2 3 7
3 8 7
3 4 8
4 9 8
4 5 9
6 7 10
7 11 10
7 8 11
8 12 11
8 9 12
10 11 13
11 14 13
11 12 14
13 14 15
ZONE N=15, E=16, F=FEPOINT, ET=TRIANGLE
-0.536411 -0.479366 0 0 0 
-0.582662 -0.487493 0 0 0 
-0.628914 -0.495619 0 0 0 
-0.675165 -0.503746 0 0 0 
-0.721416 -0.511872 0 0 0 
-0.549665 -0.524417 0 0 0 
-0.595916 -0.532543 0 0 0 
-0.642167 -0.54067 0 0 0 
-0.688419 -0.548796 0 0 0 
-0.562919 -0.569467 0 0 0 
-0.60917 -0.577594 0 0 0 
-0.655421 -0.58572 0 0 0 
-0.576173 -0.614518 0 0 0 
-0.622424 -0.622644 0 0 0 
-0.589426 -0.659568 0 0 0 
1 2 6
2 7 6
2 3 7
3 8 7
3 4 8
4 9 8
4 5 9
6 7 10
7 11 10
7 8 11
8 12 11
8 9 12
10 11 13
11 14 13
11 12 14
13 14 15
ZONE N=15, E=16, F=FEPOINT, ET=TRIANGLE
0.133943 -0.788334 0 0 0 
0.156088 -0.834982 0 0 0 
0.178232 -0.881631 0 0 0 
0.200377 -0.928279 0 0 0 
0.222521 -0.974928 0 0 0 
0.185085 -0.795558 0 0 0 
0.207229 -0.842207 0 0 0 
0.229373 -0.888855 0 0 0 
0.251518 -0.935504 0 0 0 
0.236226 -0.802782 0 0 0 
0.25837 -0.849431 0 0 0 
0.280515 -0.896079 0 0 0 
0.287367 -0.810007 0 0 0 
0.309511 -0.856655 0 0 0 
0.338508 -0.817231 0 0 0 
1 2 6
2 7 6
2 3 7
3 8 7
3 4 8
4 9 8
4 5 9
6 7 10
7 11 10
7 8 11
8 12 11
8 9 12
10 11 13
11 14 13
11 12 14
13 14 15
ZONE N=15, E=16, F=FEPOINT, ET=TRIANGLE
0.943883 -0.330279 0 0 0 
0.951644 -0.30334 0 0 0 
0.959406 -0.2764 0 0 0 
0.967167 -0.24946 0 0 0 
0.974928 -0.222521 0 0 0 
0.91222 -0.332336 0 0 0 
0.919981 -0.305397 0 0 0 
0.927743 -0.278457 0 0 0 
0.935504 -0.251518 0 0 0 
0.880557 -0.334394 0 0 0 
0.888318 -0.307454 0 0 0 
0.896079 -0.280515 0 0 0 
0.848894 -0.336451 0 0 0 
0.856655 -0.309511 0 0 0 
0.817231 -0.338508 0 0 0 
1 2 6
2 7 6
2 3 7
3 8 7
3 4 8
4 9 8
4 5 9
6 7 10
7 11 10
7 8 11
8 12 11
8 9 12
10 11 13
11 14 13
11 12 14
13 14 15
ZONE N=15, E=16, F=FEPOINT, ET=TRIANGLE
-0.433884 -0.900969 0 0 0 
-0.407983 -0.911697 0 0 0 
-0.382081 -0.922426 0 0 0 
-0.35618 -0.933155 0 0 0 
-0.330279 -0.943883 0 0 0 
-0.41004 -0.880034 0 0 0 
-0.384139 -0.890763 0 0 0 
-0.358237 -0.901492 0 0 0 
-0.332336 -0.91222 0 0 0 
-0.386196 -0.8591 0 0 0 
-0.360295 -0.869829 0 0 0 
-0.334394 -0.880557 0 0 0 
-0.362352 -0.838165 0 0 0 
-0.336451 -0.848894 0 0 0 
-0.338508 -0.817231 0 0 0 
1 2 6
2 7 6
2 3 7
3 8 7
3 4 8
4 9 8
4 5 9
6 7 10
7 11 10
7 8 11
8 12 11
8 9 12
10 11 13
11 14 13
11 12 14
13 14 15
ZONE N=15, E=16, F=FEPOINT, ET=TRIANGLE
-0.338508 -0.817231 0 0 0 
-0.386889 -0.824604 0 0 0 
-0.43527 -0.831978 0 0 0 
-0.483651 -0.839351 0 0 0 
-0.532032 -0.846724 0 0 0 
-0.362352 -0.838165 0 0 0 
-0.410733 -0.845539 0 0 0 
-0.459114 -0.852912 0 0 0 
-0.507495 -0.860285 0 0 0 
-0.386196 -0.8591 0 0 0 
-0.434577 -0.866473 0 0 0 
-0.482958 -0.873847 0 0 0 
-0.41004 -0.880034 0 0 0 
-0.458421 -0.887408 0 0 0 
-0.433884 -0.900969 0 0 0 
1 2 6
2 7 6
2 3 7
3 8 7
3 4 8
4 9 8
4 5 9
6 7 10
7 11 10
7 8 11
8 12 11
8 9 12
10 11 13
11 14 13
11 12 14
13 14 15
ZONE N=15, E=16, F=FEPOINT, ET=TRIANGLE
0.386797 -0.699857 0 0 0 
0.352367 -0.702847 0 0 0 
0.317936 -0.705837 0 0 0 
0.283506 -0.708827 0 0 0 
0.249076 -0.711817 0 0 0 
0.374725 -0.7292 0 0 0 
0.340294 -0.73219 0 0 0 
0.305864 -0.73518 0 0 0 
0.271434 -0.738171 0 0 0 
0.362653 -0.758544 0 0 0 
0.328222 -0.761534 0 0 0 
0.293792 -0.764524 0 0 0 
0.35058 -0.787887 0 0 0 
0.31615 -0.790877 0 0 0 
0.338508 -0.817231 0 0 0 
1 2 6
2 7 6
2 3 7
3 8 7
3 4 8
4 9 8
4 5 9
6 7 10
7 11 10
7 8 11
8 12 11
8 9 12
10 11 13
11 14 13
11 12 14
13 14 15
ZONE N=15, E=16, F=FEPOINT, ET=TRIANGLE
0.441404 -0.193789 0 0 0 
0.509007 -0.207611 0 0 0 
0.576611 -0.221432 0 0 0 
0.644214 -0.235254 0 0 0 
0.711817 -0.249076 0 0 0 
0.48729 -0.172429 0 0 0 
0.554893 -0.186251 0 0 0 
0.622496 -0.200072 0 0 0 
0.690099 -0.213894 0 0 0 
0.533175 -0.151069 0 0 0 
0.600778 -0.16489 0 0 0 
0.668381 -0.178712 0 0 0 
0.57906 -0.129708 0 0 0 
0.646664 -0.14353 0 0 0 
0.624946 -0.108348 0 0 0 
1 2 6
2 7 6
2 3 7
3 8 7
3 4 8
4 9 8
4 5 9
6 7 10
7 11 10
7 8 11
8 12 11
8 9 12
10 11 13
11 14 13
11 12 14
13 14 15
ZONE N=15, E=16, F=FEPOINT, ET=TRIANGLE
-0.338508 -0.817231 0 0 0 
-0.290924 -0.83094 0 0 0 
-0.243339 -0.844649 0 0 0 
-0.195755 -0.858358 0 0 0 
-0.14817 -0.872066 0 0 0 
-0.309223 -0.805018 0 0 0 
-0.261638 -0.818727 0 0 0 
-0.214054 -0.832436 0 0 0 
-0.166469 -0.846145 0 0 0 
-0.279937 -0.792806 0 0 0 
-0.232353 -0.806514 0 0 0 
-0.184768 -0.820223 0 0 0 
-0.250652 -0.780593 0 0 0 
-0.203067 -0.794302 0 0 0 
-0.221367 -0.76838 0 0 0 
1 2 6
2 7 6
2 3 7
3 8 7
3 4 8
4 9 8
4 5 9
6 7 10
7 11 10
7 8 11
8 12 11
8 9 12
10 11 13
11 14 13
11 12 14
13 14 15
ZONE N=15, E=16, F=FEPOINT, ET=TRIANGLE
-0.883173 -0.0495979 0 0 0 
-0.910808 -0.00920732 0 0 0 
-0.938442 0.0311833 0 0 0 
-0.966077 0.0715739 0 0 0 
-0.993712 0.111964 0 0 0 
-0.91238 -0.0371984 0 0 0 
-0.940014 0.00319216 0 0 0 
-0.967649 0.0435828 0 0 0 
-0.995284 0.0839734 0 0 0 
-0.941586 -0.024799 0 0 0 
-0.969221 0.0155916 0 0 0 
-0.996856 0.0559822 0 0 0 
-0.970793 -0.0123995 0 0 0 
-0.998428 0.0279911 0 0 0 
-1 1.22465e-16 0 0 0 
1 2 6
2 7 6
2 3 7
3 8 7
3 4 8
4 9 8
4 5 9
6 7 10
7 11 10
7 8 11
8 12 11
8 9 12
10 11 13
11 14 13
11 12 14
13 14 15
ZONE N=15, E=16, F=FEPOINT, ET=TRIANGLE
-0.761139 0.315274 0 0 0 
-0.806825 0.319025 0 0 0 
-0.852511 0.322777 0 0 0 
-0.898197 0.326528 0 0 0 
-0.943883 0.330279 0 0 0 
-0.78553 0.298303 0 0 0 
-0.831216 0.302054 0 0 0 
-0.876902 0.305805 0 0 0 
-0.922588 0.309556 0 0 0 
-0.80992 0.281331 0 0 0 
-0.855606 0.285082 0 0 0 
-0.901292 0.288833 0 0 0 
-0.834311 0.264359 0 0 0 
-0.879997 0.26811 0 0 0 
-0.858701 0.247388 0 0 0 
1 2 6
2 7 6
2 3 7
3 8 7
3 4 8
4 9 8
4 5 9
6 7 10
7 11 10
7 8 11
8 12 11
8 9 12
10 11 13
11 14 13
11 12 14
13 14 15
ZONE N=15, E=16, F=FEPOINT, ET=TRIANGLE
-0.699857 -0.386797 0 0 0 
-0.7292 -0.374725 0 0 0 
-0.758544 -0.362653 0 0 0 
-0.787887 -0.35058 0 0 0 
-0.817231 -0.338508 0 0 0 
-0.705246 -0.418066 0 0 0 
-0.73459 -0.405994 0 0 0 
-0.763934 -0.393921 0 0 0 
-0.793277 -0.381849 0 0 0 
-0.710636 -0.449335 0 0 0 
-0.73998 -0.437262 0 0 0 
-0.769324 -0.42519 0 0 0 
-0.716026 -0.480603 0 0 0 
-0.74537 -0.468531 0 0 0 
-0.721416 -0.511872 0 0 0 
1 2 6
2 7 6
2 3 7
3 8 7
3 4 8
4 9 8
4 5 9
6 7 10
7 11 10
7 8 11
8 12 11
8 9 12
10 11 13
11 14 13
11 12 14
13 14 15
ZONE N=15, E=16, F=FEPOINT, ET=TRIANGLE
-0.846724 -0.532032 0 0 0 
-0.830501 -0.554897 0 0 0 
-0.814278 -0.577761 0 0 0 
-0.798055 -0.600625 0 0 0 
-0.781831 -0.62349 0 0 0 
-0.815397 -0.526992 0 0 0 
-0.799174 -0.549856 0 0 0 
-0.782951 -0.572721 0 0 0 
-0.766728 -0.595585 0 0 0 
-0.78407 -0.521952 0 0 0 
-0.767847 -0.544816 0 0 0 
-0.751624 -0.567681 0 0 0 
-0.752743 -0.516912 0 0 0 
-0.73652 -0.539776 0 0 0 
-0.721416 -0.511872 0 0 0 
1 2 6
2 7 6
2 3 7
3 8 7
3 4 8
4 9 8
4 5 9
6 7 10
7 11 10
7 8 11
8 12 11
8 9 12
10 11 13
11 14 13
11 12 14
13 14 15
ZONE N=15, E=16, F=FEPOINT, ET=TRIANGLE
-0.817231 -0.338508 0 0 0 
-0.856655 -0.309511 0 0 0 
-0.896079 -0.280515 0 0 0 
-0.935504 -0.251518 0 0 0 
-0.974928 -0.222521 0 0 0 
-0.848894 -0.336451 0 0 0 
-0.888318 -0.307454 0 0 0 
-0.927743 -0.278457 0 0 0 
-0.967167 -0.24946 0 0 0 
-0.880557 -0.334394 0 0 0 
-0.919981 -0.305397 0 0 0 
-0.959406 -0.2764 0 0 0 
-0.91222 -0.332336 0 0 0 
-0.951644 -0.30334 0 0 0 
-0.943883 -0.330279 0 0 0 
1 2 6
2 7 6
2 3 7
3 8 7
3 4 8
4 9 8
4 5 9
6 7 10
7 11 10
7 8 11
8 12 11
8 9 12
10 11 13
11 14 13
11 12 14
13 14 15
ZONE N=15, E=16, F=FEPOINT, ET=TRIANGLE
-0.858701 0.247388 0 0 0 
-0.879997 0.26811 0 0 0 
-0.901292 0.288833 0 0 0 
-0.922588 0.309556 0 0 0 
-0.943883 0.330279 0 0 0 
-0.887758 0.241171 0 0 0 
-0.909054 0.261894 0 0 0 
-0.930349 0.282617 0 0 0 
-0.951644 0.30334 0 0 0 
-0.916815 0.234954 0 0 0 
-0.93811 0.255677 0 0 0 
-0.959406 0.2764 0 0 0 
-0.945871 0.228738 0 0 0 
-0.967167 0.24946 0 0 0 
-0.974928 0.222521 0 0 0 
1 2 6
2 7 6
2 3 7
3 8 7
3 4 8
4 9 8
4 5 9
6 7 10
7 11 10
7 8 11
8 12 11
8 9 12
10 11 13
11 14 13
11 12 14
13 14 15
ZONE N=15, E=16, F=FEPOINT, ET=TRIANGLE
-0.222521 -0.974928 0 0 0 
-0.203933 -0.949213 0 0 0 
-0.185345 -0.923497 0 0 0 
-0.166758 -0.897782 0 0 0 
-0.14817 -0.872066 0 0 0 
-0.251518 -0.935504 0 0 0 
-0.23293 -0.909788 0 0 0 
-0.214342 -0.884073 0 0 0 
-0.195755 -0.858358 0 0 0 
-0.280515 -0.896079 0 0 0 
-0.261927 -0.870364 0 0 0 
-0.243339 -0.844649 0 0 0 
-0.309511 -0.856655 0 0 0 
-0.290924 -0.83094 0 0 0 
-0.338508 -0.817231 0 0 0 
1 2 6
2 7 6
2 3 7
3 8 7
3 4 8
4 9 8
4 5 9
6 7 10
7 11 10
7 8 11
8 12 11
8 9 12
10 11 13
11 14 13
11 12 14
13 14 15
ZONE N=15, E=16, F=FEPOINT, ET=TRIANGLE
-0.761139 0.315274 0 0 0 
-0.766385 0.344522 0 0 0 
-0.771631 0.373769 0 0 0 
-0.776877 0.403017 0 0 0 
-0.782123 0.432264 0 0 0 
-0.796097 0.344927 0 0 0 
-0.801343 0.374174 0 0 0 
-0.806589 0.403422 0 0 0 
-0.811835 0.432669 0 0 0 
-0.831054 0.374579 0 0 0 
-0.8363 0.403826 0 0 0 
-0.841546 0.433074 0 0 0 
-0.866012 0.404231 0 0 0 
-0.871257 0.433479 0 0 0 
-0.900969 0.433884 0 0 0 
1 2 6
2 7 6
2 3 7
3 8 7
3 4 8
4 9 8
4 5 9
6 7 10
7 11 10
7 8 11
8 12 11
8 9 12
10 11 13
11 14 13
11 12 14
13 14 15
ZONE N=15, E=16, F=FEPOINT, ET=TRIANGLE
-0.943883 0.330279 0 0 0 
-0.898197 0.326528 0 0 0 
-0.852511 0.322777 0 0 0 
-0.806825 0.319025 0 0 0 
-0.761139 0.315274 0 0 0 
-0.933155 0.35618 0 0 0 
-0.887469 0.352429 0 0 0 
-0.841783 0.348678 0 0 0 
-0.796097 0.344927 0 0 0 
-0.922426 0.382081 0 0 0 
-0.87674 0.37833 0 0 0 
-0.831054 0.374579 0 0 0 
-0.911697 0.407983 0 0 0 
-0.866012 0.404231 0 0 0 
-0.900969 0.433884 0 0 0 
1 2 6
2 7 6
2 3 7
3 8 7
3 4 8
4 9 8
4 5 9
6 7 10
7 11 10
7 8 11
8 12 11
8 9 12
10 11 13
11 14 13
11 12 14
13 14 15
ZONE N=15, E=16, F=FEPOINT, ET=TRIANGLE
-0.36308 -0.507549 0 0 0 
-0.354112 -0.550525 0 0 0 
-0.345144 -0.593501 0 0 0 
-0.336176 -0.636478 0 0 0 
-0.327208 -0.679454 0 0 0 
-0.31492 -0.530741 0 0 0 
-0.305952 -0.573718 0 0 0 
-0.296984 -0.616694 0 0 0 
-0.288016 -0.65967 0 0 0 
-0.26676 -0.553934 0 0 0 
-0.257792 -0.59691 0 0 0 
-0.248824 -0.639886 0 0 0 
-0.218601 -0.577126 0 0 0 
-0.209633 -0.620102 0 0 0 
-0.170441 -0.600319 0 0 0 
1 2 6
2 7 6
2 3 7
3 8 7
3 4 8
4 9 8
4 5 9
6 7 10
7 11 10
7 8 11
8 12 11
8 9 12
10 11 13
11 14 13
11 12 14
13 14 15
ZONE N=15, E=16, F=FEPOINT, ET=TRIANGLE
-1 1.22465e-16 0 0 0 
-0.998428 -0.0279911 0 0 0 
-0.996856 -0.0559822 0 0 0 
-0.995284 -0.0839734 0 0 0 
-0.993712 -0.111964 0 0 0 
-0.970793 -0.0123995 0 0 0 
-0.969221 -0.0403906 0 0 0 
-0.967649 -0.0683817 0 0 0 
-0.966077 -0.0963728 0 0 0 
-0.941586 -0.024799 0 0 0 
-0.940014 -0.0527901 0 0 0 
-0.938442 -0.0807812 0 0 0 
-0.91238 -0.0371984 0 0 0 
-0.910808 -0.0651896 0 0 0 
-0.883173 -0.0495979 0 0 0 
1 2 6
2 7 6
2 3 7
3 8 7
3 4 8
4 9 8
4 5 9
6 7 10
7 11 10
7 8 11
8 12 11
8 9 12
10 11 13
11 14 13
11 12 14
13 14 15
ZONE N=15, E=16, F=FEPOINT, ET=TRIANGLE
-0.883173 -0.0495979 0 0 0 
-0.906112 -0.0928287 0 0 0 
-0.92905 -0.136059 0 0 0 
-0.951989 -0.17929 0 0 0 
-0.974928 -0.222521 0 0 0 
-0.859463 -0.0706843 0 0 0 
-0.882402 -0.113915 0 0 0 
-0.905341 -0.157146 0 0 0 
-0.928279 -0.200377 0 0 0 
-0.835753 -0.0917706 0 0 0 
-0.858692 -0.135001 0 0 0 
-0.881631 -0.178232 0 0 0 
-0.812044 -0.112857 0 0 0 
-0.834982 -0.156088 0 0 0 
-0.788334 -0.133943 0 0 0 
1 2 6
2 7 6
2 3 7
3 8 7
3 4 8
4 9 8
4 5 9
6 7 10
7 11 10
7 8 11
8 12 11
8 9 12
10 11 13
11 14 13
11 12 14
13 14 15
ZONE N=15, E=16, F=FEPOINT, ET=TRIANGLE
-0.858701 0.247388 0 0 0 
-0.892454 0.213532 0 0 0 
-0.926207 0.179676 0 0 0 
-0.95996 0.14582 0 0 0 
-0.993712 0.111964 0 0 0 
-0.84111 0.219027 0 0 0 
-0.874862 0.185171 0 0 0 
-0.908615 0.151315 0 0 0 
-0.942368 0.117459 0 0 0 
-0.823518 0.190665 0 0 0 
-0.85727 0.15681 0 0 0 
-0.891023 0.122954 0 0 0 
-0.805926 0.162304 0 0 0 
-0.839679 0.128449 0 0 0 
-0.788334 0.133943 0 0 0 
1 2 6
2 7 6
2 3 7
3 8 7
3 4 8
4 9 8
4 5 9
6 7 10
7 11 10
7 8 11
8 12 11
8 9 12
10 11 13
11 14 13
11 12 14
13 14 15
ZONE N=15, E=16, F=FEPOINT, ET=TRIANGLE
-0.781831 0.62349 0 0 0 
-0.751266 0.614974 0 0 0 
-0.7207 0.606458 0 0 0 
-0.690134 0.597942 0 0 0 
-0.659568 0.589426 0 0 0 
-0.76315 0.644394 0 0 0 
-0.732585 0.635878 0 0 0 
-0.702019 0.627362 0 0 0 
-0.671453 0.618847 0 0 0 
-0.744469 0.665298 0 0 0 
-0.713903 0.656782 0 0 0 
-0.683338 0.648267 0 0 0 
-0.725788 0.686203 0 0 0 
-0.695222 0.677687 0 0 0 
-0.707107 0.707107 0 0 0 
1 2 6
2 7 6
2 3 7
3 8 7
3 4 8
4 9 8
4 5 9
6 7 10
7 11 10
7 8 11
8 12 11
8 9 12
10 11 13
11 14 13
11 12 14
13 14 15
ZONE N=15, E=16, F=FEPOINT, ET=TRIANGLE
-0.517116 0.728807 0 0 0 
-0.520845 0.758286 0 0 0 
-0.524574 0.787766 0 0 0 
-0.528303 0.817245 0 0 0 
-0.532032 0.846724 0 0 0 
-0.54371 0.742063 0 0 0 
-0.547439 0.771542 0 0 0 
-0.551168 0.801022 0 0 0 
-0.554897 0.830501 0 0 0 
-0.570303 0.755319 0 0 0 
-0.574032 0.784799 0 0 0 
-0.577761 0.814278 0 0 0 
-0.596896 0.768575 0 0 0 
-0.600625 0.798055 0 0 0 
-0.62349 0.781831 0 0 0 
1 2 6
2 7 6
2 3 7
3 8 7
3 4 8
4 9 8
4 5 9
6 7 10
7 11 10
7 8 11
8 12 11
8 9 12
10 11 13
11 14 13
11 12 14
13 14 15
ZONE N=15, E=16, F=FEPOINT, ET=TRIANGLE
-0.517116 0.728807 0 0 0 
-0.564614 0.723382 0 0 0 
-0.612111 0.717957 0 0 0 
-0.659609 0.712532 0 0 0 
-0.707107 0.707107 0 0 0 
-0.552729 0.693962 0 0 0 
-0.600227 0.688537 0 0 0 
-0.647725 0.683112 0 0 0 
-0.695222 0.677687 0 0 0 
-0.588342 0.659117 0 0 0 
-0.63584 0.653692 0 0 0 
-0.683338 0.648267 0 0 0 
-0.623955 0.624272 0 0 0 
-0.671453 0.618847 0 0 0 
-0.659568 0.589426 0 0 0 
1 2 6
2 7 6
2 3 7
3 8 7
3 4 8
4 9 8
4 5 9
6 7 10
7 11 10
7 8 11
8 12 11
8 9 12
10 11 13
11 14 13
11 12 14
13 14 15
ZONE N=15, E=16, F=FEPOINT, ET=TRIANGLE
-0.659568 0.589426 0 0 0 
-0.627884 0.59113 0 0 0 
-0.5962 0.592833 0 0 0 
-0.564516 0.594536 0 0 0 
-0.532832 0.596239 0 0 0 
-0.623955 0.624272 0 0 0 
-0.592271 0.625975 0 0 0 
-0.560587 0.627678 0 0 0 
-0.528903 0.629381 0 0 0 
-0.588342 0.659117 0 0 0 
-0.556658 0.66082 0 0 0 
-0.524974 0.662523 0 0 0 
-0.552729 0.693962 0 0 0 
-0.521045 0.695665 0 0 0 
-0.517116 0.728807 0 0 0 
1 2 6
2 7 6
2 3 7
3 8 7
3 4 8
4 9 8
4 5 9
6 7 10
7 11 10
7 8 11
8 12 11
8 9 12
10 11 13
11 14 13
11 12 14
13 14 15
ZONE N=15, E=16, F=FEPOINT, ET=TRIANGLE
-0.253363 0.704104 0 0 0 
-0.28965 0.708341 0 0 0 
-0.325938 0.712579 0 0 0 
-0.362225 0.716816 0 0 0 
-0.398512 0.721054 0 0 0 
-0.276805 0.660848 0 0 0 
-0.313093 0.665085 0 0 0 
-0.34938 0.669323 0 0 0 
-0.385668 0.673561 0 0 0 
-0.300248 0.617592 0 0 0 
-0.336535 0.62183 0 0 0 
-0.372823 0.626067 0 0 0 
-0.32369 0.574336 0 0 0 
-0.359978 0.578574 0 0 0 
-0.347133 0.53108 0 0 0 
1 2 6
2 7 6
2 3 7
3 8 7
3 4 8
4 9 8
4 5 9
6 7 10
7 11 10
7 8 11
8 12 11
8 9 12
10 11 13
11 14 13
11 12 14
13 14 15
ZONE N=15, E=16, F=FEPOINT, ET=TRIANGLE
-0.221367 -0.76838 0 0 0 
-0.176109 -0.755851 0 0 0 
-0.130852 -0.743322 0 0 0 
-0.0855942 -0.730792 0 0 0 
-0.0403368 -0.718263 0 0 0 
-0.208635 -0.726365 0 0 0 
-0.163378 -0.713836 0 0 0 
-0.11812 -0.701306 0 0 0 
-0.0728629 -0.688777 0 0 0 
-0.195904 -0.684349 0 0 0 
-0.150646 -0.67182 0 0 0 
-0.105389 -0.659291 0 0 0 
-0.183173 -0.642334 0 0 0 
-0.137915 -0.629805 0 0 0 
-0.170441 -0.600319 0 0 0 
1 2 6
2 7 6
2 3 7
3 8 7
3 4 8
4 9 8
4 5 9
6 7 10
7 11 10
7 8 11
8 12 11
8 9 12
10 11 13
11 14 13
11 12 14
13 14 15
ZONE N=15, E=16, F=FEPOINT, ET=TRIANGLE
-0.532032 0.846724 0 0 0 
-0.498652 0.815307 0 0 0 
-0.465272 0.783889 0 0 0 
-0.431892 0.752472 0 0 0 
-0.398512 0.721054 0 0 0 
-0.507495 0.860285 0 0 0 
-0.474115 0.828868 0 0 0 
-0.440735 0.79745 0 0 0 
-0.407355 0.766033 0 0 0 
-0.482958 0.873847 0 0 0 
-0.449578 0.842429 0 0 0 
-0.416198 0.811011 0 0 0 
-0.458421 0.887408 0 0 0 
-0.425041 0.85599 0 0 0 
-0.433884 0.900969 0 0 0 
1 2 6
2 7 6
2 3 7
3 8 7
3 4 8
4 9 8
4 5 9
6 7 10
7 11 10
7 8 11
8 12 11
8 9 12
10 11 13
11 14 13
11 12 14
13 14 15
ZONE N=15, E=16, F=FEPOINT, ET=TRIANGLE
0.386797 -0.699857 0 0 0 
0.418066 -0.705246 0 0 0 
0.449335 -0.710636 0 0 0 
0.480603 -0.716026 0 0 0 
0.511872 -0.721416 0 0 0 
0.408022 -0.67012 0 0 0 
0.43929 -0.67551 0 0 0 
0.470559 -0.6809 0 0 0 
0.501828 -0.68629 0 0 0 
0.429246 -0.640384 0 0 0 
0.460515 -0.645774 0 0 0 
0.491784 -0.651164 0 0 0 
0.450471 -0.610648 0 0 0 
0.48174 -0.616037 0 0 0 
0.471696 -0.580911 0 0 0 
1 2 6
2 7 6
2 3 7
3 8 7
3 4 8
4 9 8
4 5 9
6 7 10
7 11 10
7 8 11
8 12 11
8 9 12
10 11 13
11 14 13
11 12 14
13 14 15
ZONE N=15, E=16, F=FEPOINT, ET=TRIANGLE
-0.244879 0.849993 0 0 0 
-0.29213 0.862737 0 0 0 
-0.339381 0.875481 0 0 0 
-0.386633 0.888225 0 0 0 
-0.433884 0.900969 0 0 0 
-0.283287 0.817758 0 0 0 
-0.330538 0.830502 0 0 0 
-0.37779 0.843246 0 0 0 
-0.425041 0.85599 0 0 0 
-0.321696 0.785524 0 0 0 
-0.368947 0.798268 0 0 0 
-0.416198 0.811011 0 0 0 
-0.360104 0.753289 0 0 0 
-0.407355 0.766033 0 0 0 
-0.398512 0.721054 0 0 0 
1 2 6
2 7 6
2 3 7
3 8 7
3 4 8
4 9 8
4 5 9
6 7 10
7 11 10
7 8 11
8 12 11
8 9 12
10 11 13
11 14 13
11 12 14
13 14 15
ZONE N=15, E=16, F=FEPOINT, ET=TRIANGLE
-0.222521 0.974928 0 0 0 
-0.24946 0.967167 0 0 0 
-0.2764 0.959406 0 0 0 
-0.30334 0.951644 0 0 0 
-0.330279 0.943883 0 0 0 
-0.22811 0.943694 0 0 0 
-0.25505 0.935933 0 0 0 
-0.281989 0.928172 0 0 0 
-0.308929 0.920411 0 0 0 
-0.2337 0.912461 0 0 0 
-0.260639 0.904699 0 0 0 
-0.287579 0.896938 0 0 0 
-0.239289 0.881227 0 0 0 
-0.266229 0.873466 0 0 0 
-0.244879 0.849993 0 0 0 
1 2 6
2 7 6
2 3 7
3 8 7
3 4 8
4 9 8
4 5 9
6 7 10
7 11 10
7 8 11
8 12 11
8 9 12
10 11 13
11 14 13
11 12 14
13 14 15
ZONE N=15, E=16, F=FEPOINT, ET=TRIANGLE
0.433884 -0.900969 0 0 0 
0.458421 -0.887408 0 0 0 
0.482958 -0.873847 0 0 0 
0.507495 -0.860285 0 0 0 
0.532032 -0.846724 0 0 0 
0.453381 -0.856081 0 0 0 
0.477918 -0.84252 0 0 0 
0.502455 -0.828958 0 0 0 
0.526992 -0.815397 0 0 0 
0.472878 -0.811192 0 0 0 
0.497415 -0.797631 0 0 0 
0.521952 -0.78407 0 0 0 
0.492375 -0.766304 0 0 0 
0.516912 -0.752743 0 0 0 
0.511872 -0.721416 0 0 0 
1 2 6
2 7 6
2 3 7
3 8 7
3 4 8
4 9 8
4 5 9
6 7 10
7 11 10
7 8 11
8 12 11
8 9 12
10 11 13
11 14 13
11 12 14
13 14 15
ZONE N=15, E=16, F=FEPOINT, ET=TRIANGLE
0.338508 0.817231 0 0 0 
0.301372 0.78513 0 0 0 
0.264236 0.753028 0 0 0 
0.2271 0.720927 0 0 0 
0.189964 0.688826 0 0 0 
0.35058 0.787887 0 0 0 
0.313444 0.755786 0 0 0 
0.276308 0.723685 0 0 0 
0.239172 0.691583 0 0 0 
0.362653 0.758544 0 0 0 
0.325516 0.726442 0 0 0 
0.28838 0.694341 0 0 0 
0.374725 0.7292 0 0 0 
0.337589 0.697099 0 0 0 
0.386797 0.699857 0 0 0 
1 2 6
2 7 6
2 3 7
3 8 7
3 4 8
4 9 8
4 5 9
6 7 10
7 11 10
7 8 11
8 12 11
8 9 12
10 11 13
11 14 13
11 12 14
13 14 15
ZONE N=15, E=16, F=FEPOINT, ET=TRIANGLE
-0.532032 0.846724 0 0 0 
-0.528303 0.817245 0 0 0 
-0.524574 0.787766 0 0 0 
-0.520845 0.758286 0 0 0 
-0.517116 0.728807 0 0 0 
-0.498652 0.815307 0 0 0 
-0.494923 0.785827 0 0 0 
-0.491194 0.756348 0 0 0 
-0.487465 0.726869 0 0 0 
-0.465272 0.783889 0 0 0 
-0.461543 0.75441 0 0 0 
-0.457814 0.724931 0 0 0 
-0.431892 0.752472 0 0 0 
-0.428163 0.722992 0 0 0 
-0.398512 0.721054 0 0 0 
1 2 6
2 7 6
2 3 7
3 8 7
3 4 8
4 9 8
4 5 9
6 7 10
7 11 10
7 8 11
8 12 11
8 9 12
10 11 13
11 14 13
11 12 14
13 14 15
ZONE N=15, E=16, F=FEPOINT, ET=TRIANGLE
-0.974928 -0.222521 0 0 0 
-0.951989 -0.17929 0 0 0 
-0.92905 -0.136059 0 0 0 
-0.906112 -0.0928287 0 0 0 
-0.883173 -0.0495979 0 0 0 
-0.979624 -0.194882 0 0 0 
-0.956685 -0.151651 0 0 0 
-0.933746 -0.10842 0 0 0 
-0.910808 -0.0651896 0 0 0 
-0.98432 -0.167243 0 0 0 
-0.961381 -0.124012 0 0 0 
-0.938442 -0.0807812 0 0 0 
-0.989016 -0.139604 0 0 0 
-0.966077 -0.0963728 0 0 0 
-0.993712 -0.111964 0 0 0 
1 2 6
2 7 6
2 3 7
3 8 7
3 4 8
4 9 8
4 5 9
6 7 10
7 11 10
7 8 11
8 12 11
8 9 12
10 11 13
11 14 13
11 12 14
13 14 15
ZONE N=15, E=16, F=FEPOINT, ET=TRIANGLE
-0.58743 0.406808 0 0 0 
-0.57378 0.454166 0 0 0 
-0.560131 0.501524 0 0 0 
-0.546481 0.548881 0 0 0 
-0.532832 0.596239 0 0 0 
-0.605465 0.452463 0 0 0 
-0.591815 0.49982 0 0 0 
-0.578166 0.547178 0 0 0 
-0.564516 0.594536 0 0 0 
-0.623499 0.498117 0 0 0 
-0.60985 0.545475 0 0 0 
-0.5962 0.592833 0 0 0 
-0.641534 0.543772 0 0 0 
-0.627884 0.59113 0 0 0 
-0.659568 0.589426 0 0 0 
1 2 6
2 7 6
2 3 7
3 8 7
3 4 8
4 9 8
4 5 9
6 7 10
7 11 10
7 8 11
8 12 11
8 9 12
10 11 13
11 14 13
11 12 14
13 14 15
ZONE N=15, E=16, F=FEPOINT, ET=TRIANGLE
0.133943 -0.788334 0 0 0 
0.112857 -0.812044 0 0 0 
0.0917706 -0.835753 0 0 0 
0.0706843 -0.859463 0 0 0 
0.0495979 -0.883173 0 0 0 
0.156088 -0.834982 0 0 0 
0.135001 -0.858692 0 0 0 
0.113915 -0.882402 0 0 0 
0.0928287 -0.906112 0 0 0 
0.178232 -0.881631 0 0 0 
0.157146 -0.905341 0 0 0 
0.136059 -0.92905 0 0 0 
0.200377 -0.928279 0 0 0 
0.17929 -0.951989 0 0 0 
0.222521 -0.974928 0 0 0 
1 2 6
2 7 6
2 3 7
3 8 7
3 4 8
4 9 8
4 5 9
6 7 10
7 11 10
7 8 11
8 12 11
8 9 12
10 11 13
11 14 13
11 12 14
13 14 15
ZONE N=15, E=16, F=FEPOINT, ET=TRIANGLE
0.596239 0.532832 0 0 0 
0.623956 0.576401 0 0 0 
0.651673 0.619969 0 0 0 
0.67939 0.663538 0 0 0 
0.707107 0.707107 0 0 0 
0.575147 0.579978 0 0 0 
0.602864 0.623547 0 0 0 
0.630581 0.667115 0 0 0 
0.658298 0.710684 0 0 0 
0.554056 0.627124 0 0 0 
0.581773 0.670693 0 0 0 
0.609489 0.714261 0 0 0 
0.532964 0.67427 0 0 0 
0.560681 0.717839 0 0 0 
0.511872 0.721416 0 0 0 
1 2 6
2 7 6
2 3 7
3 8 7
3 4 8
4 9 8
4 5 9
6 7 10
7 11 10
7 8 11
8 12 11
8 9 12
10 11 13
11 14 13
11 12 14
13 14 15
ZONE N=15, E=16, F=FEPOINT, ET=TRIANGLE
0.433884 -0.900969 0 0 0 
0.41004 -0.880034 0 0 0 
0.386196 -0.8591 0 0 0 
0.362352 -0.838165 0 0 0 
0.338508 -0.817231 0 0 0 
0.407983 -0.911697 0 0 0 
0.384139 -0.890763 0 0 0 
0.360295 -0.869829 0 0 0 
0.336451 -0.848894 0 0 0 
0.382081 -0.922426 0 0 0 
0.358237 -0.901492 0 0 0 
0.334394 -0.880557 0 0 0 
0.35618 -0.933155 0 0 0 
0.332336 -0.91222 0 0 0 
0.330279 -0.943883 0 0 0 
1 2 6
2 7 6
2 3 7
3 8 7
3 4 8
4 9 8
4 5 9
6 7 10
7 11 10
7 8 11
8 12 11
8 9 12
10 11 13
11 14 13
11 12 14
13 14 15
ZONE N=15, E=16, F=FEPOINT, ET=TRIANGLE
0.511872 -0.721416 0 0 0 
0.539776 -0.73652 0 0 0 
0.567681 -0.751624 0 0 0 
0.595585 -0.766728 0 0 0 
0.62349 -0.781831 0 0 0 
0.560681 -0.717839 0 0 0 
0.588585 -0.732943 0 0 0 
0.61649 -0.748046 0 0 0 
0.644394 -0.76315 0 0 0 
0.609489 -0.714261 0 0 0 
0.637394 -0.729365 0 0 0 
0.665298 -0.744469 0 0 0 
0.658298 -0.710684 0 0 0 
0.686203 -0.725788 0 0 0 
0.707107 -0.707107 0 0 0 
1 2 6
2 7 6
2 3 7
3 8 7
3 4 8
4 9 8
4 5 9
6 7 10
7 11 10
7 8 11
8 12 11
8 9 12
10 11 13
11 14 13
11 12 14
13 14 15
ZONE N=15, E=16, F=FEPOINT, ET=TRIANGLE
-0.133943 0.788334 0 0 0 
-0.112984 0.814306 0 0 0 
-0.0920247 0.840277 0 0 0 
-0.0710654 0.866249 0 0 0 
-0.0501061 0.892221 0 0 0 
-0.161677 0.803749 0 0 0 
-0.140718 0.829721 0 0 0 
-0.119759 0.855692 0 0 0 
-0.0987992 0.881664 0 0 0 
-0.189411 0.819164 0 0 0 
-0.168452 0.845135 0 0 0 
-0.147492 0.871107 0 0 0 
-0.217145 0.834578 0 0 0 
-0.196186 0.86055 0 0 0 
-0.244879 0.849993 0 0 0 
1 2 6
2 7 6
2 3 7
3 8 7
3 4 8
4 9 8
4 5 9
6 7 10
7 11 10
7 8 11
8 12 11
8 9 12
10 11 13
11 14 13
11 12 14
13 14 15
ZONE N=15, E=16, F=FEPOINT, ET=TRIANGLE
-0.0403368 -0.718263 0 0 0 
-0.0672951 -0.756714 0 0 0 
-0.0942534 -0.795165 0 0 0 
-0.121212 -0.833616 0 0 0 
-0.14817 -0.872066 0 0 0 
-0.0178531 -0.75949 0 0 0 
-0.0448114 -0.797941 0 0 0 
-0.0717697 -0.836392 0 0 0 
-0.098728 -0.874843 0 0 0 
0.00463057 -0.800718 0 0 0 
-0.0223277 -0.839169 0 0 0 
-0.0492861 -0.87762 0 0 0 
0.0271142 -0.841945 0 0 0 
0.000155931 -0.880396 0 0 0 
0.0495979 -0.883173 0 0 0 
1 2 6
2 7 6
2 3 7
3 8 7
3 4 8
4 9 8
4 5 9
6 7 10
7 11 10
7 8 11
8 12 11
8 9 12
10 11 13
11 14 13
11 12 14
13 14 15
ZONE N=15, E=16, F=FEPOINT, ET=TRIANGLE
0.532032 -0.846724 0 0 0 
0.554897 -0.830501 0 0 0 
0.577761 -0.814278 0 0 0 
0.600625 -0.798055 0 0 0 
0.62349 -0.781831 0 0 0 
0.526992 -0.815397 0 0 0 
0.549856 -0.799174 0 0 0 
0.572721 -0.782951 0 0 0 
0.595585 -0.766728 0 0 0 
0.521952 -0.78407 0 0 0 
0.544816 -0.767847 0 0 0 
0.567681 -0.751624 0 0 0 
0.516912 -0.752743 0 0 0 
0.539776 -0.73652 0 0 0 
0.511872 -0.721416 0 0 0 
1 2 6
2 7 6
2 3 7
3 8 7
3 4 8
4 9 8
4 5 9
6 7 10
7 11 10
7 8 11
8 12 11
8 9 12
10 11 13
11 14 13
11 12 14
13 14 15
ZONE N=15, E=16, F=FEPOINT, ET=TRIANGLE
0.338508 -0.817231 0 0 0 
0.362352 -0.838165 0 0 0 
0.386196 -0.8591 0 0 0 
0.41004 -0.880034 0 0 0 
0.433884 -0.900969 0 0 0 
0.381849 -0.793277 0 0 0 
0.405693 -0.814212 0 0 0 
0.429537 -0.835146 0 0 0 
0.453381 -0.856081 0 0 0 
0.42519 -0.769324 0 0 0 
0.449034 -0.790258 0 0 0 
0.472878 -0.811192 0 0 0 
0.468531 -0.74537 0 0 0 
0.492375 -0.766304 0 0 0 
0.511872 -0.721416 0 0 0 
1 2 6
2 7 6
2 3 7
3 8 7
3 4 8
4 9 8
4 5 9
6 7 10
7 11 10
7 8 11
8 12 11
8 9 12
10 11 13
11 14 13
11 12 14
13 14 15
ZONE N=15, E=16, F=FEPOINT, ET=TRIANGLE
0.304521 -0.55136 0 0 0 
0.253929 -0.567427 0 0 0 
0.203338 -0.583494 0 0 0 
0.152747 -0.599561 0 0 0 
0.102155 -0.615627 0 0 0 
0.290659 -0.591474 0 0 0 
0.240068 -0.607541 0 0 0 
0.189477 -0.623608 0 0 0 
0.138885 -0.639675 0 0 0 
0.276798 -0.631588 0 0 0 
0.226207 -0.647655 0 0 0 
0.175615 -0.663722 0 0 0 
0.262937 -0.671703 0 0 0 
0.212345 -0.68777 0 0 0 
0.249076 -0.711817 0 0 0 
1 2 6
2 7 6
2 3 7
3 8 7
3 4 8
4 9 8
4 5 9
6 7 10
7 11 10
7 8 11
8 12 11
8 9 12
10 11 13
11 14 13
11 12 14
13 14 15
ZONE N=15, E=16, F=FEPOINT, ET=TRIANGLE
-0.133943 0.788334 0 0 0 
-0.161677 0.803749 0 0 0 
-0.189411 0.819164 0 0 0 
-0.217145 0.834578 0 0 0 
-0.244879 0.849993 0 0 0 
-0.163798 0.767276 0 0 0 
-0.191532 0.782691 0 0 0 
-0.219266 0.798106 0 0 0 
-0.247 0.813521 0 0 0 
-0.193653 0.746219 0 0 0 
-0.221387 0.761634 0 0 0 
-0.249121 0.777048 0 0 0 
-0.223508 0.725161 0 0 0 
-0.251242 0.740576 0 0 0 
-0.253363 0.704104 0 0 0 
1 2 6
2 7 6
2 3 7
3 8 7
3 4 8
4 9 8
4 5 9
6 7 10
7 11 10
7 8 11
8 12 11
8 9 12
10 11 13
11 14 13
11 12 14
13 14 15
ZONE N=15, E=16, F=FEPOINT, ET=TRIANGLE
0.189964 0.688826 0 0 0 
0.2271 0.720927 0 0 0 
0.264236 0.753028 0 0 0 
0.301372 0.78513 0 0 0 
0.338508 0.817231 0 0 0 
0.179895 0.736869 0 0 0 
0.217031 0.768971 0 0 0 
0.254167 0.801072 0 0 0 
0.291303 0.833173 0 0 0 
0.169826 0.784913 0 0 0 
0.206962 0.817014 0 0 0 
0.244098 0.849116 0 0 0 
0.159757 0.832957 0 0 0 
0.196893 0.865058 0 0 0 
0.149688 0.881001 0 0 0 
1 2 6
2 7 6
2 3 7
3 8 7
3 4 8
4 9 8
4 5 9
6 7 10
7 11 10
7 8 11
8 12 11
8 9 12
10 11 13
11 14 13
11 12 14
13 14 15
ZONE N=15, E=16, F=FEPOINT, ET=TRIANGLE
0.511872 -0.721416 0 0 0 
0.480603 -0.716026 0 0 0 
0.449335 -0.710636 0 0 0 
0.418066 -0.705246 0 0 0 
0.386797 -0.699857 0 0 0 
0.468531 -0.74537 0 0 0 
0.437262 -0.73998 0 0 0 
0.405994 -0.73459 0 0 0 
0.374725 -0.7292 0 0 0 
0.42519 -0.769324 0 0 0 
0.393921 -0.763934 0 0 0 
0.362653 -0.758544 0 0 0 
0.381849 -0.793277 0 0 0 
0.35058 -0.787887 0 0 0 
0.338508 -0.817231 0 0 0 
1 2 6
2 7 6
2 3 7
3 8 7
3 4 8
4 9 8
4 5 9
6 7 10
7 11 10
7 8 11
8 12 11
8 9 12
10 11 13
11 14 13
11 12 14
13 14 15
ZONE N=15, E=16, F=FEPOINT, ET=TRIANGLE
-0.532832 0.596239 0 0 0 
-0.546481 0.548881 0 0 0 
-0.560131 0.501524 0 0 0 
-0.57378 0.454166 0 0 0 
-0.58743 0.406808 0 0 0 
-0.486407 0.57995 0 0 0 
-0.500057 0.532592 0 0 0 
-0.513706 0.485234 0 0 0 
-0.527356 0.437876 0 0 0 
-0.439982 0.56366 0 0 0 
-0.453632 0.516302 0 0 0 
-0.467281 0.468944 0 0 0 
-0.393558 0.54737 0 0 0 
-0.407207 0.500012 0 0 0 
-0.347133 0.53108 0 0 0 
1 2 6
2 7 6
2 3 7
3 8 7
3 4 8
4 9 8
4 5 9
6 7 10
7 11 10
7 8 11
8 12 11
8 9 12
10 11 13
11 14 13
11 12 14
13 14 15
ZONE N=15, E=16, F=FEPOINT, ET=TRIANGLE
0.330279 -0.943883 0 0 0 
0.332336 -0.91222 0 0 0 
0.334394 -0.880557 0 0 0 
0.336451 -0.848894 0 0 0 
0.338508 -0.817231 0 0 0 
0.30334 -0.951644 0 0 0 
0.305397 -0.919981 0 0 0 
0.307454 -0.888318 0 0 0 
0.309511 -0.856655 0 0 0 
0.2764 -0.959406 0 0 0 
0.278457 -0.927743 0 0 0 
0.280515 -0.896079 0 0 0 
0.24946 -0.967167 0 0 0 
0.251518 -0.935504 0 0 0 
0.222521 -0.974928 0 0 0 
1 2 6
2 7 6
2 3 7
3 8 7
3 4 8
4 9 8
4 5 9
6 7 10
7 11 10
7 8 11
8 12 11
8 9 12
10 11 13
11 14 13
11 12 14
13 14 15
ZONE N=15, E=16, F=FEPOINT, ET=TRIANGLE
0.728807 -0.517116 0 0 0 
0.70018 -0.52508 0 0 0 
0.671553 -0.533043 0 0 0 
0.642926 -0.541007 0 0 0 
0.614298 -0.548971 0 0 0 
0.742063 -0.54371 0 0 0 
0.713436 -0.551673 0 0 0 
0.684809 -0.559637 0 0 0 
0.656182 -0.5676 0 0 0 
0.755319 -0.570303 0 0 0 
0.726692 -0.578267 0 0 0 
0.698065 -0.58623 0 0 0 
0.768575 -0.596896 0 0 0 
0.739948 -0.60486 0 0 0 
0.781831 -0.62349 0 0 0 
1 2 6
2 7 6
2 3 7
3 8 7
3 4 8
4 9 8
4 5 9
6 7 10
7 11 10
7 8 11
8 12 11
8 9 12
10 11 13
11 14 13
11 12 14
13 14 15
ZONE N=15, E=16, F=FEPOINT, ET=TRIANGLE
-0.781831 0.62349 0 0 0 
-0.798055 0.600625 0 0 0 
-0.814278 0.577761 0 0 0 
-0.830501 0.554897 0 0 0 
-0.846724 0.532032 0 0 0 
-0.781904 0.575683 0 0 0 
-0.798128 0.552819 0 0 0 
-0.814351 0.529955 0 0 0 
-0.830574 0.50709 0 0 0 
-0.781977 0.527877 0 0 0 
-0.7982 0.505013 0 0 0 
-0.814424 0.482148 0 0 0 
-0.78205 0.480071 0 0 0 
-0.798273 0.457206 0 0 0 
-0.782123 0.432264 0 0 0 
1 2 6
2 7 6
2 3 7
3 8 7
3 4 8
4 9 8
4 5 9
6 7 10
7 11 10
7 8 11
8 12 11
8 9 12
10 11 13
11 14 13
11 12 14
13 14 15
ZONE N=15, E=16, F=FEPOINT, ET=TRIANGLE
0.817231 -0.338508 0 0 0 
0.795125 -0.38316 0 0 0 
0.773019 -0.427812 0 0 0 
0.750913 -0.472464 0 0 0 
0.728807 -0.517116 0 0 0 
0.838165 -0.362352 0 0 0 
0.816059 -0.407004 0 0 0 
0.793953 -0.451656 0 0 0 
0.771847 -0.496308 0 0 0 
0.8591 -0.386196 0 0 0 
0.836994 -0.430848 0 0 0 
0.814888 -0.4755 0 0 0 
0.880034 -0.41004 0 0 0 
0.857928 -0.454692 0 0 0 
0.900969 -0.433884 0 0 0 
1 2 6
2 7 6
2 3 7
3 8 7
3 4 8
4 9 8
4 5 9
6 7 10
7 11 10
7 8 11
8 12 11
8 9 12
10 11 13
11 14 13
11 12 14
13 14 15
ZONE N=15, E=16, F=FEPOINT, ET=TRIANGLE
-0.627068 0.103779 0 0 0 
-0.667385 0.11132 0 0 0 
-0.707701 0.118861 0 0 0 
-0.748018 0.126402 0 0 0 
-0.788334 0.133943 0 0 0 
-0.658835 0.0778344 0 0 0 
-0.699152 0.0853754 0 0 0 
-0.739468 0.0929165 0 0 0 
-0.779785 0.100457 0 0 0 
-0.690603 0.0518896 0 0 0 
-0.730919 0.0594306 0 0 0 
-0.771235 0.0669717 0 0 0 
-0.72237 0.0259448 0 0 0 
-0.762686 0.0334858 0 0 0 
-0.754137 3.82749e-14 0 0 0 
1 2 6
2 7 6
2 3 7
3 8 7
3 4 8
4 9 8
4 5 9
6 7 10
7 11 10
7 8 11
8 12 11
8 9 12
10 11 13
11 14 13
11 12 14
13 14 15
ZONE N=15, E=16, F=FEPOINT, ET=TRIANGLE
-0.58743 0.406808 0 0 0 
-0.605465 0.452463 0 0 0 
-0.623499 0.498117 0 0 0 
-0.641534 0.543772 0 0 0 
-0.659568 0.589426 0 0 0 
-0.636103 0.413172 0 0 0 
-0.654138 0.458827 0 0 0 
-0.672173 0.504481 0 0 0 
-0.690207 0.550136 0 0 0 
-0.684777 0.419536 0 0 0 
-0.702811 0.465191 0 0 0 
-0.720846 0.510845 0 0 0 
-0.73345 0.4259 0 0 0 
-0.751484 0.471555 0 0 0 
-0.782123 0.432264 0 0 0 
1 2 6
2 7 6
2 3 7
3 8 7
3 4 8
4 9 8
4 5 9
6 7 10
7 11 10
7 8 11
8 12 11
8 9 12
10 11 13
11 14 13
11 12 14
13 14 15
ZONE N=15, E=16, F=FEPOINT, ET=TRIANGLE
0.943883 -0.330279 0 0 0 
0.91222 -0.332336 0 0 0 
0.880557 -0.334394 0 0 0 
0.848894 -0.336451 0 0 0 
0.817231 -0.338508 0 0 0 
0.933155 -0.35618 0 0 0 
0.901492 -0.358237 0 0 0 
0.869829 -0.360295 0 0 0 
0.838165 -0.362352 0 0 0 
0.922426 -0.382081 0 0 0 
0.890763 -0.384139 0 0 0 
0.8591 -0.386196 0 0 0 
0.911697 -0.407983 0 0 0 
0.880034 -0.41004 0 0 0 
0.900969 -0.433884 0 0 0 
1 2 6
2 7 6
2 3 7
3 8 7
3 4 8
4 9 8
4 5 9
6 7 10
7 11 10
7 8 11
8 12 11
8 9 12
10 11 13
11 14 13
11 12 14
13 14 15
ZONE N=15, E=16, F=FEPOINT, ET=TRIANGLE
0.728807 -0.517116 0 0 0 
0.750913 -0.472464 0 0 0 
0.773019 -0.427812 0 0 0 
0.795125 -0.38316 0 0 0 
0.817231 -0.338508 0 0 0 
0.721569 -0.484536 0 0 0 
0.743675 -0.439884 0 0 0 
0.765781 -0.395232 0 0 0 
0.787887 -0.35058 0 0 0 
0.714332 -0.451957 0 0 0 
0.736438 -0.407305 0 0 0 
0.758544 -0.362653 0 0 0 
0.707094 -0.419377 0 0 0 
0.7292 -0.374725 0 0 0 
0.699857 -0.386797 0 0 0 
1 2 6
2 7 6
2 3 7
3 8 7
3 4 8
4 9 8
4 5 9
6 7 10
7 11 10
7 8 11
8 12 11
8 9 12
10 11 13
11 14 13
11 12 14
13 14 15
ZONE N=15, E=16, F=FEPOINT, ET=TRIANGLE
-0.221367 -0.76838 0 0 0 
-0.247827 -0.746149 0 0 0 
-0.274287 -0.723917 0 0 0 
-0.300747 -0.701685 0 0 0 
-0.327208 -0.679454 0 0 0 
-0.250652 -0.780593 0 0 0 
-0.277112 -0.758361 0 0 0 
-0.303572 -0.73613 0 0 0 
-0.330033 -0.713898 0 0 0 
-0.279937 -0.792806 0 0 0 
-0.306398 -0.770574 0 0 0 
-0.332858 -0.748342 0 0 0 
-0.309223 -0.805018 0 0 0 
-0.335683 -0.782787 0 0 0 
-0.338508 -0.817231 0 0 0 
1 2 6
2 7 6
2 3 7
3 8 7
3 4 8
4 9 8
4 5 9
6 7 10
7 11 10
7 8 11
8 12 11
8 9 12
10 11 13
11 14 13
11 12 14
13 14 15
ZONE N=15, E=16, F=FEPOINT, ET=TRIANGLE
0.974928 -0.222521 0 0 0 
0.979624 -0.194882 0 0 0 
0.98432 -0.167243 0 0 0 
0.989016 -0.139604 0 0 0 
0.993712 -0.111964 0 0 0 
0.951989 -0.17929 0 0 0 
0.956685 -0.151651 0 0 0 
0.961381 -0.124012 0 0 0 
0.966077 -0.0963728 0 0 0 
0.92905 -0.136059 0 0 0 
0.933746 -0.10842 0 0 0 
0.938442 -0.0807812 0 0 0 
0.906112 -0.0928287 0 0 0 
0.910808 -0.0651896 0 0 0 
0.883173 -0.0495979 0 0 0 
1 2 6
2 7 6
2 3 7
3 8 7
3 4 8
4 9 8
4 5 9
6 7 10
7 11 10
7 8 11
8 12 11
8 9 12
10 11 13
11 14 13
11 12 14
13 14 15
ZONE N=15, E=16, F=FEPOINT, ET=TRIANGLE
-0.338508 -0.817231 0 0 0 
-0.335683 -0.782787 0 0 0 
-0.332858 -0.748342 0 0 0 
-0.330033 -0.713898 0 0 0 
-0.327208 -0.679454 0 0 0 
-0.369562 -0.77596 0 0 0 
-0.366737 -0.741516 0 0 0 
-0.363912 -0.707072 0 0 0 
-0.361087 -0.672627 0 0 0 
-0.400616 -0.73469 0 0 0 
-0.397791 -0.700245 0 0 0 
-0.394966 -0.665801 0 0 0 
-0.43167 -0.693419 0 0 0 
-0.428845 -0.658975 0 0 0 
-0.462724 -0.652149 0 0 0 
1 2 6
2 7 6
2 3 7
3 8 7
3 4 8
4 9 8
4 5 9
6 7 10
7 11 10
7 8 11
8 12 11
8 9 12
10 11 13
11 14 13
11 12 14
13 14 15
ZONE N=15, E=16, F=FEPOINT, ET=TRIANGLE
-0.707107 -0.707107 0 0 0 
-0.686203 -0.725788 0 0 0 
-0.665298 -0.744469 0 0 0 
-0.644394 -0.76315 0 0 0 
-0.62349 -0.781831 0 0 0 
-0.677687 -0.695222 0 0 0 
-0.656782 -0.713903 0 0 0 
-0.635878 -0.732585 0 0 0 
-0.614974 -0.751266 0 0 0 
-0.648267 -0.683338 0 0 0 
-0.627362 -0.702019 0 0 0 
-0.606458 -0.7207 0 0 0 
-0.618847 -0.671453 0 0 0 
-0.597942 -0.690134 0 0 0 
-0.589426 -0.659568 0 0 0 
1 2 6
2 7 6
2 3 7
3 8 7
3 4 8
4 9 8
4 5 9
6 7 10
7 11 10
7 8 11
8 12 11
8 9 12
10 11 13
11 14 13
11 12 14
13 14 15
ZONE N=15, E=16, F=FEPOINT, ET=TRIANGLE
0.974928 -0.222521 0 0 0 
0.928279 -0.200377 0 0 0 
0.881631 -0.178232 0 0 0 
0.834982 -0.156088 0 0 0 
0.788334 -0.133943 0 0 0 
0.935504 -0.251518 0 0 0 
0.888855 -0.229373 0 0 0 
0.842207 -0.207229 0 0 0 
0.795558 -0.185085 0 0 0 
0.896079 -0.280515 0 0 0 
0.849431 -0.25837 0 0 0 
0.802782 -0.236226 0 0 0 
0.856655 -0.309511 0 0 0 
0.810007 -0.287367 0 0 0 
0.817231 -0.338508 0 0 0 
1 2 6
2 7 6
2 3 7
3 8 7
3 4 8
4 9 8
4 5 9
6 7 10
7 11 10
7 8 11
8 12 11
8 9 12
10 11 13
11 14 13
11 12 14
13 14 15
ZONE N=15, E=16, F=FEPOINT, ET=TRIANGLE
-0.462724 -0.652149 0 0 0 
-0.480051 -0.700792 0 0 0 
-0.497378 -0.749436 0 0 0 
-0.514705 -0.79808 0 0 0 
-0.532032 -0.846724 0 0 0 
-0.43167 -0.693419 0 0 0 
-0.448997 -0.742063 0 0 0 
-0.466324 -0.790707 0 0 0 
-0.483651 -0.839351 0 0 0 
-0.400616 -0.73469 0 0 0 
-0.417943 -0.783334 0 0 0 
-0.43527 -0.831978 0 0 0 
-0.369562 -0.77596 0 0 0 
-0.386889 -0.824604 0 0 0 
-0.338508 -0.817231 0 0 0 
1 2 6
2 7 6
2 3 7
3 8 7
3 4 8
4 9 8
4 5 9
6 7 10
7 11 10
7 8 11
8 12 11
8 9 12
10 11 13
11 14 13
11 12 14
13 14 15
ZONE N=15, E=16, F=FEPOINT, ET=TRIANGLE
0.846724 -0.532032 0 0 0 
0.817245 -0.528303 0 0 0 
0.787766 -0.524574 0 0 0 
0.758286 -0.520845 0 0 0 
0.728807 -0.517116 0 0 0 
0.830501 -0.554897 0 0 0 
0.801022 -0.551168 0 0 0 
0.771542 -0.547439 0 0 0 
0.742063 -0.54371 0 0 0 
0.814278 -0.577761 0 0 0 
0.784799 -0.574032 0 0 0 
0.755319 -0.570303 0 0 0 
0.798055 -0.600625 0 0 0 
0.768575 -0.596896 0 0 0 
0.781831 -0.62349 0 0 0 
1 2 6
2 7 6
2 3 7
3 8 7
3 4 8
4 9 8
4 5 9
6 7 10
7 11 10
7 8 11
8 12 11
8 9 12
10 11 13
11 14 13
11 12 14
13 14 15
ZONE N=15, E=16, F=FEPOINT, ET=TRIANGLE
-0.900969 0.433884 0 0 0 
-0.871257 0.433479 0 0 0 
-0.841546 0.433074 0 0 0 
-0.811835 0.432669 0 0 0 
-0.782123 0.432264 0 0 0 
-0.887408 0.458421 0 0 0 
-0.857696 0.458016 0 0 0 
-0.827985 0.457611 0 0 0 
-0.798273 0.457206 0 0 0 
-0.873847 0.482958 0 0 0 
-0.844135 0.482553 0 0 0 
-0.814424 0.482148 0 0 0 
-0.860285 0.507495 0 0 0 
-0.830574 0.50709 0 0 0 
-0.846724 0.532032 0 0 0 
1 2 6
2 7 6
2 3 7
3 8 7
3 4 8
4 9 8
4 5 9
6 7 10
7 11 10
7 8 11
8 12 11
8 9 12
10 11 13
11 14 13
11 12 14
13 14 15
ZONE N=15, E=16, F=FEPOINT, ET=TRIANGLE
0.883173 -0.0495979 0 0 0 
0.859463 -0.0706843 0 0 0 
0.835753 -0.0917706 0 0 0 
0.812044 -0.112857 0 0 0 
0.788334 -0.133943 0 0 0 
0.906112 -0.0928287 0 0 0 
0.882402 -0.113915 0 0 0 
0.858692 -0.135001 0 0 0 
0.834982 -0.156088 0 0 0 
0.92905 -0.136059 0 0 0 
0.905341 -0.157146 0 0 0 
0.881631 -0.178232 0 0 0 
0.951989 -0.17929 0 0 0 
0.928279 -0.200377 0 0 0 
0.974928 -0.222521 0 0 0 
1 2 6
2 7 6
2 3 7
3 8 7
3 4 8
4 9 8
4 5 9
6 7 10
7 11 10
7 8 11
8 12 11
8 9 12
10 11 13
11 14 13
11 12 14
13 14 15
ZONE N=15, E=16, F=FEPOINT, ET=TRIANGLE
0.470197 0.589608 0 0 0 
0.426834 0.578473 0 0 0 
0.383471 0.567338 0 0 0 
0.340109 0.556202 0 0 0 
0.296746 0.545067 0 0 0 
0.469986 0.547066 0 0 0 
0.426623 0.535931 0 0 0 
0.38326 0.524795 0 0 0 
0.339898 0.51366 0 0 0 
0.469775 0.504524 0 0 0 
0.426412 0.493389 0 0 0 
0.38305 0.482253 0 0 0 
0.469564 0.461982 0 0 0 
0.426201 0.450847 0 0 0 
0.469353 0.41944 0 0 0 
1 2 6
2 7 6
2 3 7
3 8 7
3 4 8
4 9 8
4 5 9
6 7 10
7 11 10
7 8 11
8 12 11
8 9 12
10 11 13
11 14 13
11 12 14
13 14 15
ZONE N=15, E=16, F=FEPOINT, ET=TRIANGLE
0.386797 0.699857 0 0 0 
0.418066 0.705246 0 0 0 
0.449335 0.710636 0 0 0 
0.480603 0.716026 0 0 0 
0.511872 0.721416 0 0 0 
0.374725 0.7292 0 0 0 
0.405994 0.73459 0 0 0 
0.437262 0.73998 0 0 0 
0.468531 0.74537 0 0 0 
0.362653 0.758544 0 0 0 
0.393921 0.763934 0 0 0 
0.42519 0.769324 0 0 0 
0.35058 0.787887 0 0 0 
0.381849 0.793277 0 0 0 
0.338508 0.817231 0 0 0 
1 2 6
2 7 6
2 3 7
3 8 7
3 4 8
4 9 8
4 5 9
6 7 10
7 11 10
7 8 11
8 12 11
8 9 12
10 11 13
11 14 13
11 12 14
13 14 15
ZONE N=15, E=16, F=FEPOINT, ET=TRIANGLE
0.511872 0.721416 0 0 0 
0.516912 0.752743 0 0 0 
0.521952 0.78407 0 0 0 
0.526992 0.815397 0 0 0 
0.532032 0.846724 0 0 0 
0.492375 0.766304 0 0 0 
0.497415 0.797631 0 0 0 
0.502455 0.828958 0 0 0 
0.507495 0.860285 0 0 0 
0.472878 0.811192 0 0 0 
0.477918 0.84252 0 0 0 
0.482958 0.873847 0 0 0 
0.453381 0.856081 0 0 0 
0.458421 0.887408 0 0 0 
0.433884 0.900969 0 0 0 
1 2 6
2 7 6
2 3 7
3 8 7
3 4 8
4 9 8
4 5 9
6 7 10
7 11 10
7 8 11
8 12 11
8 9 12
10 11 13
11 14 13
11 12 14
13 14 15
ZONE N=15, E=16, F=FEPOINT, ET=TRIANGLE
0.900969 0.433884 0 0 0 
0.887408 0.458421 0 0 0 
0.873847 0.482958 0 0 0 
0.860285 0.507495 0 0 0 
0.846724 0.532032 0 0 0 
0.869275 0.432383 0 0 0 
0.855713 0.45692 0 0 0 
0.842152 0.481457 0 0 0 
0.828591 0.505994 0 0 0 
0.83758 0.430882 0 0 0 
0.824019 0.455419 0 0 0 
0.810458 0.479956 0 0 0 
0.805886 0.429381 0 0 0 
0.792325 0.453918 0 0 0 
0.774191 0.42788 0 0 0 
1 2 6
2 7 6
2 3 7
3 8 7
3 4 8
4 9 8
4 5 9
6 7 10
7 11 10
7 8 11
8 12 11
8 9 12
10 11 13
11 14 13
11 12 14
13 14 15
ZONE N=15, E=16, F=FEPOINT, ET=TRIANGLE
1 -1.13311e-15 0 0 0 
0.970793 -0.0123995 0 0 0 
0.941586 -0.024799 0 0 0 
0.91238 -0.0371984 0 0 0 
0.883173 -0.0495979 0 0 0 
0.998428 -0.0279911 0 0 0 
0.969221 -0.0403906 0 0 0 
0.940014 -0.0527901 0 0 0 
0.910808 -0.0651896 0 0 0 
0.996856 -0.0559822 0 0 0 
0.967649 -0.0683817 0 0 0 
0.938442 -0.0807812 0 0 0 
0.995284 -0.0839734 0 0 0 
0.966077 -0.0963728 0 0 0 
0.993712 -0.111964 0 0 0 
1 2 6
2 7 6
2 3 7
3 8 7
3 4 8
4 9 8
4 5 9
6 7 10
7 11 10
7 8 11
8 12 11
8 9 12
10 11 13
11 14 13
11 12 14
13 14 15
ZONE N=15, E=16, F=FEPOINT, ET=TRIANGLE
-0.0501061 0.892221 0 0 0 
-0.0260311 0.874805 0 0 0 
-0.00195617 0.857388 0 0 0 
0.0221188 0.839972 0 0 0 
0.0461937 0.822555 0 0 0 
-0.0375795 0.919166 0 0 0 
-0.0135046 0.901749 0 0 0 
0.0105703 0.884333 0 0 0 
0.0346453 0.866917 0 0 0 
-0.025053 0.94611 0 0 0 
-0.000978084 0.928694 0 0 0 
0.0230969 0.911278 0 0 0 
-0.0125265 0.973055 0 0 0 
0.0115484 0.955639 0 0 0 
6.12323e-17 1 0 0 0 
1 2 6
2 7 6
2 3 7
3 8 7
3 4 8
4 9 8
4 5 9
6 7 10
7 11 10
7 8 11
8 12 11
8 9 12
10 11 13
11 14 13
11 12 14
13 14 15
ZONE N=15, E=16, F=FEPOINT, ET=TRIANGLE
0.433884 0.900969 0 0 0 
0.41004 0.880034 0 0 0 
0.386196 0.8591 0 0 0 
0.362352 0.838165 0 0 0 
0.338508 0.817231 0 0 0 
0.453381 0.856081 0 0 0 
0.429537 0.835146 0 0 0 
0.405693 0.814212 0 0 0 
0.381849 0.793277 0 0 0 
0.472878 0.811192 0 0 0 
0.449034 0.790258 0 0 0 
0.42519 0.769324 0 0 0 
0.492375 0.766304 0 0 0 
0.468531 0.74537 0 0 0 
0.511872 0.721416 0 0 0 
1 2 6
2 7 6
2 3 7
3 8 7
3 4 8
4 9 8
4 5 9
6 7 10
7 11 10
7 8 11
8 12 11
8 9 12
10 11 13
11 14 13
11 12 14
13 14 15
ZONE N=15, E=16, F=FEPOINT, ET=TRIANGLE
-0.111964 0.993712 0 0 0 
-0.0964999 0.968339 0 0 0 
-0.0810353 0.942967 0 0 0 
-0.0655707 0.917594 0 0 0 
-0.0501061 0.892221 0 0 0 
-0.0839734 0.995284 0 0 0 
-0.0685088 0.969911 0 0 0 
-0.0530441 0.944539 0 0 0 
-0.0375795 0.919166 0 0 0 
-0.0559822 0.996856 0 0 0 
-0.0405176 0.971483 0 0 0 
-0.025053 0.94611 0 0 0 
-0.0279911 0.998428 0 0 0 
-0.0125265 0.973055 0 0 0 
6.12323e-17 1 0 0 0 
1 2 6
2 7 6
2 3 7
3 8 7
3 4 8
4 9 8
4 5 9
6 7 10
7 11 10
7 8 11
8 12 11
8 9 12
10 11 13
11 14 13
11 12 14
13 14 15
ZONE N=15, E=16, F=FEPOINT, ET=TRIANGLE
0.111964 0.993712 0 0 0 
0.0839734 0.995284 0 0 0 
0.0559822 0.996856 0 0 0 
0.0279911 0.998428 0 0 0 
6.12323e-17 1 0 0 0 
0.0955218 0.950923 0 0 0 
0.0675307 0.952495 0 0 0 
0.0395395 0.954067 0 0 0 
0.0115484 0.955639 0 0 0 
0.0790791 0.908134 0 0 0 
0.051088 0.909706 0 0 0 
0.0230969 0.911278 0 0 0 
0.0626364 0.865345 0 0 0 
0.0346453 0.866917 0 0 0 
0.0461937 0.822555 0 0 0 
1 2 6
2 7 6
2 3 7
3 8 7
3 4 8
4 9 8
4 5 9
6 7 10
7 11 10
7 8 11
8 12 11
8 9 12
10 11 13
11 14 13
11 12 14
13 14 15
ZONE N=15, E=16, F=FEPOINT, ET=TRIANGLE
0.699857 -0.386797 0 0 0 
0.7292 -0.374725 0 0 0 
0.758544 -0.362653 0 0 0 
0.787887 -0.35058 0 0 0 
0.817231 -0.338508 0 0 0 
0.702847 -0.352367 0 0 0 
0.73219 -0.340294 0 0 0 
0.761534 -0.328222 0 0 0 
0.790877 -0.31615 0 0 0 
0.705837 -0.317936 0 0 0 
0.73518 -0.305864 0 0 0 
0.764524 -0.293792 0 0 0 
0.708827 -0.283506 0 0 0 
0.738171 -0.271434 0 0 0 
0.711817 -0.249076 0 0 0 
1 2 6
2 7 6
2 3 7
3 8 7
3 4 8
4 9 8
4 5 9
6 7 10
7 11 10
7 8 11
8 12 11
8 9 12
10 11 13
11 14 13
11 12 14
13 14 15
ZONE N=15, E=16, F=FEPOINT, ET=TRIANGLE
0.330279 0.943883 0 0 0 
0.332336 0.91222 0 0 0 
0.334394 0.880557 0 0 0 
0.336451 0.848894 0 0 0 
0.338508 0.817231 0 0 0 
0.35618 0.933155 0 0 0 
0.358237 0.901492 0 0 0 
0.360295 0.869829 0 0 0 
0.362352 0.838165 0 0 0 
0.382081 0.922426 0 0 0 
0.384139 0.890763 0 0 0 
0.386196 0.8591 0 0 0 
0.407983 0.911697 0 0 0 
0.41004 0.880034 0 0 0 
0.433884 0.900969 0 0 0 
1 2 6
2 7 6
2 3 7
3 8 7
3 4 8
4 9 8
4 5 9
6 7 10
7 11 10
7 8 11
8 12 11
8 9 12
10 11 13
11 14 13
11 12 14
13 14 15
ZONE N=15, E=16, F=FEPOINT, ET=TRIANGLE
0.638546 0.401225 0 0 0 
0.6636 0.37742 0 0 0 
0.688655 0.353615 0 0 0 
0.713709 0.329811 0 0 0 
0.738764 0.306006 0 0 0 
0.672457 0.407889 0 0 0 
0.697512 0.384084 0 0 0 
0.722566 0.360279 0 0 0 
0.747621 0.336475 0 0 0 
0.706369 0.414553 0 0 0 
0.731423 0.390748 0 0 0 
0.756478 0.366943 0 0 0 
0.74028 0.421217 0 0 0 
0.765334 0.397412 0 0 0 
0.774191 0.42788 0 0 0 
1 2 6
2 7 6
2 3 7
3 8 7
3 4 8
4 9 8
4 5 9
6 7 10
7 11 10
7 8 11
8 12 11
8 9 12
10 11 13
11 14 13
11 12 14
13 14 15
ZONE N=15, E=16, F=FEPOINT, ET=TRIANGLE
-0.788334 -0.133943 0 0 0 
-0.779785 -0.100457 0 0 0 
-0.771235 -0.0669717 0 0 0 
-0.762686 -0.0334858 0 0 0 
-0.754137 3.82749e-14 0 0 0 
-0.812044 -0.112857 0 0 0 
-0.803494 -0.0793711 0 0 0 
-0.794945 -0.0458853 0 0 0 
-0.786396 -0.0123995 0 0 0 
-0.835753 -0.0917706 0 0 0 
-0.827204 -0.0582848 0 0 0 
-0.818655 -0.024799 0 0 0 
-0.859463 -0.0706843 0 0 0 
-0.850914 -0.0371984 0 0 0 
-0.883173 -0.0495979 0 0 0 
1 2 6
2 7 6
2 3 7
3 8 7
3 4 8
4 9 8
4 5 9
6 7 10
7 11 10
7 8 11
8 12 11
8 9 12
10 11 13
11 14 13
11 12 14
13 14 15
ZONE N=15, E=16, F=FEPOINT, ET=TRIANGLE
0.774191 0.42788 0 0 0 
0.795319 0.382757 0 0 0 
0.816446 0.337634 0 0 0 
0.837574 0.292511 0 0 0 
0.858701 0.247388 0 0 0 
0.805886 0.429381 0 0 0 
0.827013 0.384258 0 0 0 
0.848141 0.339135 0 0 0 
0.869268 0.294012 0 0 0 
0.83758 0.430882 0 0 0 
0.858708 0.385759 0 0 0 
0.879835 0.340636 0 0 0 
0.869275 0.432383 0 0 0 
0.890402 0.38726 0 0 0 
0.900969 0.433884 0 0 0 
1 2 6
2 7 6
2 3 7
3 8 7
3 4 8
4 9 8
4 5 9
6 7 10
7 11 10
7 8 11
8 12 11
8 9 12
10 11 13
11 14 13
11 12 14
13 14 15
ZONE N=15, E=16, F=FEPOINT, ET=TRIANGLE
-0.14817 -0.872066 0 0 0 
-0.139119 -0.902478 0 0 0 
-0.130067 -0.932889 0 0 0 
-0.121016 -0.963301 0 0 0 
-0.111964 -0.993712 0 0 0 
-0.111128 -0.90405 0 0 0 
-0.102076 -0.934461 0 0 0 
-0.0930247 -0.964873 0 0 0 
-0.0839734 -0.995284 0 0 0 
-0.074085 -0.936033 0 0 0 
-0.0650336 -0.966445 0 0 0 
-0.0559822 -0.996856 0 0 0 
-0.0370425 -0.968017 0 0 0 
-0.0279911 -0.998428 0 0 0 
-1.83697e-16 -1 0 0 0 
1 2 6
2 7 6
2 3 7
3 8 7
3 4 8
4 9 8
4 5 9
6 7 10
7 11 10
7 8 11
8 12 11
8 9 12
10 11 13
11 14 13
11 12 14
13 14 15
ZONE N=15, E=16, F=FEPOINT, ET=TRIANGLE
0.858701 0.247388 0 0 0 
0.847079 0.220041 0 0 0 
0.835456 0.192694 0 0 0 
0.823834 0.165347 0 0 0 
0.812211 0.138 0 0 0 
0.887758 0.241171 0 0 0 
0.876136 0.213824 0 0 0 
0.864513 0.186477 0 0 0 
0.85289 0.15913 0 0 0 
0.916815 0.234954 0 0 0 
0.905192 0.207607 0 0 0 
0.89357 0.180261 0 0 0 
0.945871 0.228738 0 0 0 
0.934249 0.201391 0 0 0 
0.974928 0.222521 0 0 0 
1 2 6
2 7 6
2 3 7
3 8 7
3 4 8
4 9 8
4 5 9
6 7 10
7 11 10
7 8 11
8 12 11
8 9 12
10 11 13
11 14 13
11 12 14
13 14 15
ZONE N=15, E=16, F=FEPOINT, ET=TRIANGLE
0.748272 0.00659423 0 0 0 
0.781997 -0.00745381 0 0 0 
0.815722 -0.0215018 0 0 0 
0.849448 -0.0355499 0 0 0 
0.883173 -0.0495979 0 0 0 
0.764257 0.0394457 0 0 0 
0.797982 0.0253977 0 0 0 
0.831707 0.0113497 0 0 0 
0.865432 -0.00269838 0 0 0 
0.780242 0.0722972 0 0 0 
0.813967 0.0582492 0 0 0 
0.847692 0.0442012 0 0 0 
0.796226 0.105149 0 0 0 
0.829952 0.0911007 0 0 0 
0.812211 0.138 0 0 0 
1 2 6
2 7 6
2 3 7
3 8 7
3 4 8
4 9 8
4 5 9
6 7 10
7 11 10
7 8 11
8 12 11
8 9 12
10 11 13
11 14 13
11 12 14
13 14 15
ZONE N=15, E=16, F=FEPOINT, ET=TRIANGLE
-0.788334 0.133943 0 0 0 
-0.839679 0.128449 0 0 0 
-0.891023 0.122954 0 0 0 
-0.942368 0.117459 0 0 0 
-0.993712 0.111964 0 0 0 
-0.812044 0.088058 0 0 0 
-0.863388 0.0825633 0 0 0 
-0.914733 0.0770686 0 0 0 
-0.966077 0.0715739 0 0 0 
-0.835753 0.0421727 0 0 0 
-0.887098 0.036678 0 0 0 
-0.938442 0.0311833 0 0 0 
-0.859463 -0.00371261 0 0 0 
-0.910808 -0.00920732 0 0 0 
-0.883173 -0.0495979 0 0 0 
1 2 6
2 7 6
2 3 7
3 8 7
3 4 8
4 9 8
4 5 9
6 7 10
7 11 10
7 8 11
8 12 11
8 9 12
10 11 13
11 14 13
11 12 14
13 14 15
ZONE N=15, E=16, F=FEPOINT, ET=TRIANGLE
-0.699857 -0.386797 0 0 0 
-0.702847 -0.352367 0 0 0 
-0.705837 -0.317936 0 0 0 
-0.708827 -0.283506 0 0 0 
-0.711817 -0.249076 0 0 0 
-0.7292 -0.374725 0 0 0 
-0.73219 -0.340294 0 0 0 
-0.73518 -0.305864 0 0 0 
-0.738171 -0.271434 0 0 0 
-0.758544 -0.362653 0 0 0 
-0.761534 -0.328222 0 0 0 
-0.764524 -0.293792 0 0 0 
-0.787887 -0.35058 0 0 0 
-0.790877 -0.31615 0 0 0 
-0.817231 -0.338508 0 0 0 
1 2 6
2 7 6
2 3 7
3 8 7
3 4 8
4 9 8
4 5 9
6 7 10
7 11 10
7 8 11
8 12 11
8 9 12
10 11 13
11 14 13
11 12 14
13 14 15
ZONE N=15, E=16, F=FEPOINT, ET=TRIANGLE
0.62349 0.781831 0 0 0 
0.600625 0.798055 0 0 0 
0.577761 0.814278 0 0 0 
0.554897 0.830501 0 0 0 
0.532032 0.846724 0 0 0 
0.595585 0.766728 0 0 0 
0.572721 0.782951 0 0 0 
0.549856 0.799174 0 0 0 
0.526992 0.815397 0 0 0 
0.567681 0.751624 0 0 0 
0.544816 0.767847 0 0 0 
0.521952 0.78407 0 0 0 
0.539776 0.73652 0 0 0 
0.516912 0.752743 0 0 0 
0.511872 0.721416 0 0 0 
1 2 6
2 7 6
2 3 7
3 8 7
3 4 8
4 9 8
4 5 9
6 7 10
7 11 10
7 8 11
8 12 11
8 9 12
10 11 13
11 14 13
11 12 14
13 14 15
ZONE N=15, E=16, F=FEPOINT, ET=TRIANGLE
-0.721416 -0.511872 0 0 0 
-0.73652 -0.539776 0 0 0 
-0.751624 -0.567681 0 0 0 
-0.766728 -0.595585 0 0 0 
-0.781831 -0.62349 0 0 0 
-0.717839 -0.560681 0 0 0 
-0.732943 -0.588585 0 0 0 
-0.748046 -0.61649 0 0 0 
-0.76315 -0.644394 0 0 0 
-0.714261 -0.609489 0 0 0 
-0.729365 -0.637394 0 0 0 
-0.744469 -0.665298 0 0 0 
-0.710684 -0.658298 0 0 0 
-0.725788 -0.686203 0 0 0 
-0.707107 -0.707107 0 0 0 
1 2 6
2 7 6
2 3 7
3 8 7
3 4 8
4 9 8
4 5 9
6 7 10
7 11 10
7 8 11
8 12 11
8 9 12
10 11 13
11 14 13
11 12 14
13 14 15
ZONE N=15, E=16, F=FEPOINT, ET=TRIANGLE
0.62349 0.781831 0 0 0 
0.595585 0.766728 0 0 0 
0.567681 0.751624 0 0 0 
0.539776 0.73652 0 0 0 
0.511872 0.721416 0 0 0 
0.644394 0.76315 0 0 0 
0.61649 0.748046 0 0 0 
0.588585 0.732943 0 0 0 
0.560681 0.717839 0 0 0 
0.665298 0.744469 0 0 0 
0.637394 0.729365 0 0 0 
0.609489 0.714261 0 0 0 
0.686203 0.725788 0 0 0 
0.658298 0.710684 0 0 0 
0.707107 0.707107 0 0 0 
1 2 6
2 7 6
2 3 7
3 8 7
3 4 8
4 9 8
4 5 9
6 7 10
7 11 10
7 8 11
8 12 11
8 9 12
10 11 13
11 14 13
11 12 14
13 14 15
ZONE N=15, E=16, F=FEPOINT, ET=TRIANGLE
0.707107 0.707107 0 0 0 
0.67939 0.663538 0 0 0 
0.651673 0.619969 0 0 0 
0.623956 0.576401 0 0 0 
0.596239 0.532832 0 0 0 
0.725788 0.686203 0 0 0 
0.698071 0.642634 0 0 0 
0.670354 0.599065 0 0 0 
0.642637 0.555496 0 0 0 
0.744469 0.665298 0 0 0 
0.716752 0.62173 0 0 0 
0.689035 0.578161 0 0 0 
0.76315 0.644394 0 0 0 
0.735433 0.600825 0 0 0 
0.781831 0.62349 0 0 0 
1 2 6
2 7 6
2 3 7
3 8 7
3 4 8
4 9 8
4 5 9
6 7 10
7 11 10
7 8 11
8 12 11
8 9 12
10 11 13
11 14 13
11 12 14
13 14 15
ZONE N=15, E=16, F=FEPOINT, ET=TRIANGLE
-0.788334 -0.133943 0 0 0 
-0.834982 -0.156088 0 0 0 
-0.881631 -0.178232 0 0 0 
-0.928279 -0.200377 0 0 0 
-0.974928 -0.222521 0 0 0 
-0.795558 -0.185085 0 0 0 
-0.842207 -0.207229 0 0 0 
-0.888855 -0.229373 0 0 0 
-0.935504 -0.251518 0 0 0 
-0.802782 -0.236226 0 0 0 
-0.849431 -0.25837 0 0 0 
-0.896079 -0.280515 0 0 0 
-0.810007 -0.287367 0 0 0 
-0.856655 -0.309511 0 0 0 
-0.817231 -0.338508 0 0 0 
1 2 6
2 7 6
2 3 7
3 8 7
3 4 8
4 9 8
4 5 9
6 7 10
7 11 10
7 8 11
8 12 11
8 9 12
10 11 13
11 14 13
11 12 14
13 14 15
ZONE N=15, E=16, F=FEPOINT, ET=TRIANGLE
-0.589426 -0.659568 0 0 0 
-0.597942 -0.690134 0 0 0 
-0.606458 -0.7207 0 0 0 
-0.614974 -0.751266 0 0 0 
-0.62349 -0.781831 0 0 0 
-0.575078 -0.706357 0 0 0 
-0.583594 -0.736923 0 0 0 
-0.59211 -0.767489 0 0 0 
-0.600625 -0.798055 0 0 0 
-0.560729 -0.753146 0 0 0 
-0.569245 -0.783712 0 0 0 
-0.577761 -0.814278 0 0 0 
-0.546381 -0.799935 0 0 0 
-0.554897 -0.830501 0 0 0 
-0.532032 -0.846724 0 0 0 
1 2 6
2 7 6
2 3 7
3 8 7
3 4 8
4 9 8
4 5 9
6 7 10
7 11 10
7 8 11
8 12 11
8 9 12
10 11 13
11 14 13
11 12 14
13 14 15
ZONE N=15, E=16, F=FEPOINT, ET=TRIANGLE
0.974928 0.222521 0 0 0 
0.967167 0.24946 0 0 0 
0.959406 0.2764 0 0 0 
0.951644 0.30334 0 0 0 
0.943883 0.330279 0 0 0 
0.945871 0.228738 0 0 0 
0.93811 0.255677 0 0 0 
0.930349 0.282617 0 0 0 
0.922588 0.309556 0 0 0 
0.916815 0.234954 0 0 0 
0.909054 0.261894 0 0 0 
0.901292 0.288833 0 0 0 
0.887758 0.241171 0 0 0 
0.879997 0.26811 0 0 0 
0.858701 0.247388 0 0 0 
1 2 6
2 7 6
2 3 7
3 8 7
3 4 8
4 9 8
4 5 9
6 7 10
7 11 10
7 8 11
8 12 11
8 9 12
10 11 13
11 14 13
11 12 14
13 14 15
ZONE N=15, E=16, F=FEPOINT, ET=TRIANGLE
0.883173 -0.0495979 0 0 0 
0.849448 -0.0355499 0 0 0 
0.815722 -0.0215018 0 0 0 
0.781997 -0.00745381 0 0 0 
0.748272 0.00659423 0 0 0 
0.859463 -0.0706843 0 0 0 
0.825738 -0.0566362 0 0 0 
0.792013 -0.0425882 0 0 0 
0.758288 -0.0285402 0 0 0 
0.835753 -0.0917706 0 0 0 
0.802028 -0.0777226 0 0 0 
0.768303 -0.0636746 0 0 0 
0.812044 -0.112857 0 0 0 
0.778318 -0.0988089 0 0 0 
0.788334 -0.133943 0 0 0 
1 2 6
2 7 6
2 3 7
3 8 7
3 4 8
4 9 8
4 5 9
6 7 10
7 11 10
7 8 11
8 12 11
8 9 12
10 11 13
11 14 13
11 12 14
13 14 15
ZONE N=15, E=16, F=FEPOINT, ET=TRIANGLE
0.774191 0.42788 0 0 0 
0.776101 0.476783 0 0 0 
0.778011 0.525685 0 0 0 
0.779921 0.574587 0 0 0 
0.781831 0.62349 0 0 0 
0.729703 0.454118 0 0 0 
0.731613 0.503021 0 0 0 
0.733523 0.551923 0 0 0 
0.735433 0.600825 0 0 0 
0.685215 0.480356 0 0 0 
0.687125 0.529259 0 0 0 
0.689035 0.578161 0 0 0 
0.640727 0.506594 0 0 0 
0.642637 0.555496 0 0 0 
0.596239 0.532832 0 0 0 
1 2 6
2 7 6
2 3 7
3 8 7
3 4 8
4 9 8
4 5 9
6 7 10
7 11 10
7 8 11
8 12 11
8 9 12
10 11 13
11 14 13
11 12 14
13 14 15
ZONE N=15, E=16, F=FEPOINT, ET=TRIANGLE
0.0495979 -0.883173 0 0 0 
0.0651896 -0.910808 0 0 0 
0.0807812 -0.938442 0 0 0 
0.0963728 -0.966077 0 0 0 
0.111964 -0.993712 0 0 0 
0.0928287 -0.906112 0 0 0 
0.10842 -0.933746 0 0 0 
0.124012 -0.961381 0 0 0 
0.139604 -0.989016 0 0 0 
0.136059 -0.92905 0 0 0 
0.151651 -0.956685 0 0 0 
0.167243 -0.98432 0 0 0 
0.17929 -0.951989 0 0 0 
0.194882 -0.979624 0 0 0 
0.222521 -0.974928 0 0 0 
1 2 6
2 7 6
2 3 7
3 8 7
3 4 8
4 9 8
4 5 9
6 7 10
7 11 10
7 8 11
8 12 11
8 9 12
10 11 13
11 14 13
11 12 14
13 14 15
ZONE N=15, E=16, F=FEPOINT, ET=TRIANGLE
-0.244879 0.849993 0 0 0 
-0.196186 0.86055 0 0 0 
-0.147492 0.871107 0 0 0 
-0.0987992 0.881664 0 0 0 
-0.0501061 0.892221 0 0 0 
-0.239289 0.881227 0 0 0 
-0.190596 0.891784 0 0 0 
-0.141903 0.902341 0 0 0 
-0.0932098 0.912898 0 0 0 
-0.2337 0.912461 0 0 0 
-0.185007 0.923018 0 0 0 
-0.136313 0.933574 0 0 0 
-0.22811 0.943694 0 0 0 
-0.179417 0.954251 0 0 0 
-0.222521 0.974928 0 0 0 
1 2 6
2 7 6
2 3 7
3 8 7
3 4 8
4 9 8
4 5 9
6 7 10
7 11 10
7 8 11
8 12 11
8 9 12
10 11 13
11 14 13
11 12 14
13 14 15
ZONE N=15, E=16, F=FEPOINT, ET=TRIANGLE
0.781831 -0.62349 0 0 0 
0.739948 -0.60486 0 0 0 
0.698065 -0.58623 0 0 0 
0.656182 -0.5676 0 0 0 
0.614298 -0.548971 0 0 0 
0.76315 -0.644394 0 0 0 
0.721267 -0.625764 0 0 0 
0.679384 -0.607134 0 0 0 
0.6375 -0.588505 0 0 0 
0.744469 -0.665298 0 0 0 
0.702586 -0.646668 0 0 0 
0.660703 -0.628039 0 0 0 
0.725788 -0.686203 0 0 0 
0.683905 -0.667573 0 0 0 
0.707107 -0.707107 0 0 0 
1 2 6
2 7 6
2 3 7
3 8 7
3 4 8
4 9 8
4 5 9
6 7 10
7 11 10
7 8 11
8 12 11
8 9 12
10 11 13
11 14 13
11 12 14
13 14 15
ZONE N=15, E=16, F=FEPOINT, ET=TRIANGLE
0.511872 -0.721416 0 0 0 
0.537479 -0.678305 0 0 0 
0.563085 -0.635193 0 0 0 
0.588692 -0.592082 0 0 0 
0.614298 -0.548971 0 0 0 
0.501828 -0.68629 0 0 0 
0.527434 -0.643178 0 0 0 
0.553041 -0.600067 0 0 0 
0.578648 -0.556956 0 0 0 
0.491784 -0.651164 0 0 0 
0.51739 -0.608052 0 0 0 
0.542997 -0.564941 0 0 0 
0.48174 -0.616037 0 0 0 
0.507346 -0.572926 0 0 0 
0.471696 -0.580911 0 0 0 
1 2 6
2 7 6
2 3 7
3 8 7
3 4 8
4 9 8
4 5 9
6 7 10
7 11 10
7 8 11
8 12 11
8 9 12
10 11 13
11 14 13
11 12 14
13 14 15
ZONE N=15, E=16, F=FEPOINT, ET=TRIANGLE
0.330279 0.943883 0 0 0 
0.30334 0.951644 0 0 0 
0.2764 0.959406 0 0 0 
0.24946 0.967167 0 0 0 
0.222521 0.974928 0 0 0 
0.285131 0.928163 0 0 0 
0.258192 0.935924 0 0 0 
0.231252 0.943685 0 0 0 
0.204313 0.951446 0 0 0 
0.239984 0.912442 0 0 0 
0.213044 0.920203 0 0 0 
0.186104 0.927964 0 0 0 
0.194836 0.896721 0 0 0 
0.167896 0.904483 0 0 0 
0.149688 0.881001 0 0 0 
1 2 6
2 7 6
2 3 7
3 8 7
3 4 8
4 9 8
4 5 9
6 7 10
7 11 10
7 8 11
8 12 11
8 9 12
10 11 13
11 14 13
11 12 14
13 14 15
ZONE N=15, E=16, F=FEPOINT, ET=TRIANGLE
0.149688 0.881001 0 0 0 
0.140257 0.909179 0 0 0 
0.130826 0.937356 0 0 0 
0.121395 0.965534 0 0 0 
0.111964 0.993712 0 0 0 
0.123814 0.866389 0 0 0 
0.114384 0.894567 0 0 0 
0.104953 0.922745 0 0 0 
0.0955218 0.950923 0 0 0 
0.0979409 0.851778 0 0 0 
0.08851 0.879956 0 0 0 
0.0790791 0.908134 0 0 0 
0.0720673 0.837167 0 0 0 
0.0626364 0.865345 0 0 0 
0.0461937 0.822555 0 0 0 
1 2 6
2 7 6
2 3 7
3 8 7
3 4 8
4 9 8
4 5 9
6 7 10
7 11 10
7 8 11
8 12 11
8 9 12
10 11 13
11 14 13
11 12 14
13 14 15
ZONE N=15, E=16, F=FEPOINT, ET=TRIANGLE
0.5 0 0 0 0 
0.562068 0.00164856 0 0 0 
0.624136 0.00329711 0 0 0 
0.686204 0.00494567 0 0 0 
0.748272 0.00659423 0 0 0 
0.530059 0.0375381 0 0 0 
0.592127 0.0391867 0 0 0 
0.654195 0.0408353 0 0 0 
0.716263 0.0424838 0 0 0 
0.560118 0.0750763 0 0 0 
0.622186 0.0767249 0 0 0 
0.684254 0.0783734 0 0 0 
0.590177 0.112614 0 0 0 
0.652245 0.114263 0 0 0 
0.620235 0.150153 0 0 0 
1 2 6
2 7 6
2 3 7
3 8 7
3 4 8
4 9 8
4 5 9
6 7 10
7 11 10
7 8 11
8 12 11
8 9 12
10 11 13
11 14 13
11 12 14
13 14 15
ZONE N=15, E=16, F=FEPOINT, ET=TRIANGLE
0.812211 0.138 0 0 0 
0.829952 0.0911007 0 0 0 
0.847692 0.0442012 0 0 0 
0.865432 -0.00269838 0 0 0 
0.883173 -0.0495979 0 0 0 
0.857586 0.131491 0 0 0 
0.875327 0.0845918 0 0 0 
0.893067 0.0376922 0 0 0 
0.910808 -0.00920732 0 0 0 
0.902962 0.124982 0 0 0 
0.920702 0.0780828 0 0 0 
0.938442 0.0311833 0 0 0 
0.948337 0.118473 0 0 0 
0.966077 0.0715739 0 0 0 
0.993712 0.111964 0 0 0 
1 2 6
2 7 6
2 3 7
3 8 7
3 4 8
4 9 8
4 5 9
6 7 10
7 11 10
7 8 11
8 12 11
8 9 12
10 11 13
11 14 13
11 12 14
13 14 15
ZONE N=15, E=16, F=FEPOINT, ET=TRIANGLE
0.846724 0.532032 0 0 0 
0.830501 0.554897 0 0 0 
0.814278 0.577761 0 0 0 
0.798055 0.600625 0 0 0 
0.781831 0.62349 0 0 0 
0.828591 0.505994 0 0 0 
0.812368 0.528859 0 0 0 
0.796145 0.551723 0 0 0 
0.779921 0.574587 0 0 0 
0.810458 0.479956 0 0 0 
0.794235 0.502821 0 0 0 
0.778011 0.525685 0 0 0 
0.792325 0.453918 0 0 0 
0.776101 0.476783 0 0 0 
0.774191 0.42788 0 0 0 
1 2 6
2 7 6
2 3 7
3 8 7
3 4 8
4 9 8
4 5 9
6 7 10
7 11 10
7 8 11
8 12 11
8 9 12
10 11 13
11 14 13
11 12 14
13 14 15
ZONE N=15, E=16, F=FEPOINT, ET=TRIANGLE
0.596239 0.532832 0 0 0 
0.606816 0.49993 0 0 0 
0.617393 0.467028 0 0 0 
0.627969 0.434127 0 0 0 
0.638546 0.401225 0 0 0 
0.640727 0.506594 0 0 0 
0.651304 0.473692 0 0 0 
0.661881 0.440791 0 0 0 
0.672457 0.407889 0 0 0 
0.685215 0.480356 0 0 0 
0.695792 0.447454 0 0 0 
0.706369 0.414553 0 0 0 
0.729703 0.454118 0 0 0 
0.74028 0.421217 0 0 0 
0.774191 0.42788 0 0 0 
1 2 6
2 7 6
2 3 7
3 8 7
3 4 8
4 9 8
4 5 9
6 7 10
7 11 10
7 8 11
8 12 11
8 9 12
10 11 13
11 14 13
11 12 14
13 14 15
ZONE N=15, E=16, F=FEPOINT, ET=TRIANGLE
-0.536411 -0.479366 0 0 0 
-0.549665 -0.524417 0 0 0 
-0.562919 -0.569467 0 0 0 
-0.576173 -0.614518 0 0 0 
-0.589426 -0.659568 0 0 0 
-0.517989 -0.522562 0 0 0 
-0.531243 -0.567612 0 0 0 
-0.544497 -0.612663 0 0 0 
-0.557751 -0.657714 0 0 0 
-0.499568 -0.565757 0 0 0 
-0.512821 -0.610808 0 0 0 
-0.526075 -0.655859 0 0 0 
-0.481146 -0.608953 0 0 0 
-0.4944 -0.654004 0 0 0 
-0.462724 -0.652149 0 0 0 
1 2 6
2 7 6
2 3 7
3 8 7
3 4 8
4 9 8
4 5 9
6 7 10
7 11 10
7 8 11
8 12 11
8 9 12
10 11 13
11 14 13
11 12 14
13 14 15
ZONE N=15, E=16, F=FEPOINT, ET=TRIANGLE
-0.589426 -0.659568 0 0 0 
-0.622424 -0.622644 0 0 0 
-0.655421 -0.58572 0 0 0 
-0.688419 -0.548796 0 0 0 
-0.721416 -0.511872 0 0 0 
-0.618847 -0.671453 0 0 0 
-0.651844 -0.634529 0 0 0 
-0.684841 -0.597605 0 0 0 
-0.717839 -0.560681 0 0 0 
-0.648267 -0.683338 0 0 0 
-0.681264 -0.646414 0 0 0 
-0.714261 -0.609489 0 0 0 
-0.677687 -0.695222 0 0 0 
-0.710684 -0.658298 0 0 0 
-0.707107 -0.707107 0 0 0 
1 2 6
2 7 6
2 3 7
3 8 7
3 4 8
4 9 8
4 5 9
6 7 10
7 11 10
7 8 11
8 12 11
8 9 12
10 11 13
11 14 13
11 12 14
13 14 15
ZONE N=15, E=16, F=FEPOINT, ET=TRIANGLE
-0.974928 0.222521 0 0 0 
-0.979624 0.194882 0 0 0 
-0.98432 0.167243 0 0 0 
-0.989016 0.139604 0 0 0 
-0.993712 0.111964 0 0 0 
-0.945871 0.228738 0 0 0 
-0.950567 0.201098 0 0 0 
-0.955263 0.173459 0 0 0 
-0.95996 0.14582 0 0 0 
-0.916815 0.234954 0 0 0 
-0.921511 0.207315 0 0 0 
-0.926207 0.179676 0 0 0 
-0.887758 0.241171 0 0 0 
-0.892454 0.213532 0 0 0 
-0.858701 0.247388 0 0 0 
1 2 6
2 7 6
2 3 7
3 8 7
3 4 8
4 9 8
4 5 9
6 7 10
7 11 10
7 8 11
8 12 11
8 9 12
10 11 13
11 14 13
11 12 14
13 14 15
ZONE N=15, E=16, F=FEPOINT, ET=TRIANGLE
-0.858701 0.247388 0 0 0 
-0.84111 0.219027 0 0 0 
-0.823518 0.190665 0 0 0 
-0.805926 0.162304 0 0 0 
-0.788334 0.133943 0 0 0 
-0.834311 0.264359 0 0 0 
-0.816719 0.235998 0 0 0 
-0.799127 0.207637 0 0 0 
-0.781535 0.179276 0 0 0 
-0.80992 0.281331 0 0 0 
-0.792329 0.25297 0 0 0 
-0.774737 0.224609 0 0 0 
-0.78553 0.298303 0 0 0 
-0.767938 0.269942 0 0 0 
-0.761139 0.315274 0 0 0 
1 2 6
2 7 6
2 3 7
3 8 7
3 4 8
4 9 8
4 5 9
6 7 10
7 11 10
7 8 11
8 12 11
8 9 12
10 11 13
11 14 13
11 12 14
13 14 15
ZONE N=15, E=16, F=FEPOINT, ET=TRIANGLE
-0.761139 0.315274 0 0 0 
-0.717712 0.338158 0 0 0 
-0.674285 0.361041 0 0 0 
-0.630857 0.383925 0 0 0 
-0.58743 0.406808 0 0 0 
-0.766385 0.344522 0 0 0 
-0.722958 0.367405 0 0 0 
-0.679531 0.390289 0 0 0 
-0.636103 0.413172 0 0 0 
-0.771631 0.373769 0 0 0 
-0.728204 0.396653 0 0 0 
-0.684777 0.419536 0 0 0 
-0.776877 0.403017 0 0 0 
-0.73345 0.4259 0 0 0 
-0.782123 0.432264 0 0 0 
1 2 6
2 7 6
2 3 7
3 8 7
3 4 8
4 9 8
4 5 9
6 7 10
7 11 10
7 8 11
8 12 11
8 9 12
10 11 13
11 14 13
11 12 14
13 14 15
ZONE N=15, E=16, F=FEPOINT, ET=TRIANGLE
-0.659568 0.589426 0 0 0 
-0.690134 0.597942 0 0 0 
-0.7207 0.606458 0 0 0 
-0.751266 0.614974 0 0 0 
-0.781831 0.62349 0 0 0 
-0.690207 0.550136 0 0 0 
-0.720773 0.558652 0 0 0 
-0.751339 0.567168 0 0 0 
-0.781904 0.575683 0 0 0 
-0.720846 0.510845 0 0 0 
-0.751412 0.519361 0 0 0 
-0.781977 0.527877 0 0 0 
-0.751484 0.471555 0 0 0 
-0.78205 0.480071 0 0 0 
-0.782123 0.432264 0 0 0 
1 2 6
2 7 6
2 3 7
3 8 7
3 4 8
4 9 8
4 5 9
6 7 10
7 11 10
7 8 11
8 12 11
8 9 12
10 11 13
11 14 13
11 12 14
13 14 15
ZONE N=15, E=16, F=FEPOINT, ET=TRIANGLE
-0.330279 0.943883 0 0 0 
-0.35618 0.933155 0 0 0 
-0.382081 0.922426 0 0 0 
-0.407983 0.911697 0 0 0 
-0.433884 0.900969 0 0 0 
-0.308929 0.920411 0 0 0 
-0.33483 0.909682 0 0 0 
-0.360731 0.898954 0 0 0 
-0.386633 0.888225 0 0 0 
-0.287579 0.896938 0 0 0 
-0.31348 0.88621 0 0 0 
-0.339381 0.875481 0 0 0 
-0.266229 0.873466 0 0 0 
-0.29213 0.862737 0 0 0 
-0.244879 0.849993 0 0 0 
1 2 6
2 7 6
2 3 7
3 8 7
3 4 8
4 9 8
4 5 9
6 7 10
7 11 10
7 8 11
8 12 11
8 9 12
10 11 13
11 14 13
11 12 14
13 14 15
ZONE N=15, E=16, F=FEPOINT, ET=TRIANGLE
-0.398512 0.721054 0 0 0 
-0.362225 0.716816 0 0 0 
-0.325938 0.712579 0 0 0 
-0.28965 0.708341 0 0 0 
-0.253363 0.704104 0 0 0 
-0.360104 0.753289 0 0 0 
-0.323817 0.749051 0 0 0 
-0.287529 0.744814 0 0 0 
-0.251242 0.740576 0 0 0 
-0.321696 0.785524 0 0 0 
-0.285408 0.781286 0 0 0 
-0.249121 0.777048 0 0 0 
-0.283287 0.817758 0 0 0 
-0.247 0.813521 0 0 0 
-0.244879 0.849993 0 0 0 
1 2 6
2 7 6
2 3 7
3 8 7
3 4 8
4 9 8
4 5 9
6 7 10
7 11 10
7 8 11
8 12 11
8 9 12
10 11 13
11 14 13
11 12 14
13 14 15
ZONE N=15, E=16, F=FEPOINT, ET=TRIANGLE
-0.253363 0.704104 0 0 0 
-0.201106 0.661708 0 0 0 
-0.148849 0.619312 0 0 0 
-0.0965926 0.576917 0 0 0 
-0.0443359 0.534521 0 0 0 
-0.223508 0.725161 0 0 0 
-0.171251 0.682766 0 0 0 
-0.118994 0.64037 0 0 0 
-0.0667377 0.597974 0 0 0 
-0.193653 0.746219 0 0 0 
-0.141396 0.703823 0 0 0 
-0.0891396 0.661427 0 0 0 
-0.163798 0.767276 0 0 0 
-0.111541 0.724881 0 0 0 
-0.133943 0.788334 0 0 0 
1 2 6
2 7 6
2 3 7
3 8 7
3 4 8
4 9 8
4 5 9
6 7 10
7 11 10
7 8 11
8 12 11
8 9 12
10 11 13
11 14 13
11 12 14
13 14 15
ZONE N=15, E=16, F=FEPOINT, ET=TRIANGLE
0.222521 0.974928 0 0 0 
0.194882 0.979624 0 0 0 
0.167243 0.98432 0 0 0 
0.139604 0.989016 0 0 0 
0.111964 0.993712 0 0 0 
0.204313 0.951446 0 0 0 
0.176674 0.956142 0 0 0 
0.149034 0.960838 0 0 0 
0.121395 0.965534 0 0 0 
0.186104 0.927964 0 0 0 
0.158465 0.93266 0 0 0 
0.130826 0.937356 0 0 0 
0.167896 0.904483 0 0 0 
0.140257 0.909179 0 0 0 
0.149688 0.881001 0 0 0 
1 2 6
2 7 6
2 3 7
3 8 7
3 4 8
4 9 8
4 5 9
6 7 10
7 11 10
7 8 11
8 12 11
8 9 12
10 11 13
11 14 13
11 12 14
13 14 15
ZONE N=15, E=16, F=FEPOINT, ET=TRIANGLE
-0.707107 0.707107 0 0 0 
-0.659609 0.712532 0 0 0 
-0.612111 0.717957 0 0 0 
-0.564614 0.723382 0 0 0 
-0.517116 0.728807 0 0 0 
-0.686203 0.725788 0 0 0 
-0.638705 0.731213 0 0 0 
-0.591207 0.736638 0 0 0 
-0.54371 0.742063 0 0 0 
-0.665298 0.744469 0 0 0 
-0.617801 0.749894 0 0 0 
-0.570303 0.755319 0 0 0 
-0.644394 0.76315 0 0 0 
-0.596896 0.768575 0 0 0 
-0.62349 0.781831 0 0 0 
1 2 6
2 7 6
2 3 7
3 8 7
3 4 8
4 9 8
4 5 9
6 7 10
7 11 10
7 8 11
8 12 11
8 9 12
10 11 13
11 14 13
11 12 14
13 14 15
ZONE N=15, E=16, F=FEPOINT, ET=TRIANGLE
-0.517116 0.728807 0 0 0 
-0.521045 0.695665 0 0 0 
-0.524974 0.662523 0 0 0 
-0.528903 0.629381 0 0 0 
-0.532832 0.596239 0 0 0 
-0.487465 0.726869 0 0 0 
-0.491394 0.693727 0 0 0 
-0.495323 0.660585 0 0 0 
-0.499252 0.627443 0 0 0 
-0.457814 0.724931 0 0 0 
-0.461743 0.691789 0 0 0 
-0.465672 0.658647 0 0 0 
-0.428163 0.722992 0 0 0 
-0.432092 0.68985 0 0 0 
-0.398512 0.721054 0 0 0 
1 2 6
2 7 6
2 3 7
3 8 7
3 4 8
4 9 8
4 5 9
6 7 10
7 11 10
7 8 11
8 12 11
8 9 12
10 11 13
11 14 13
11 12 14
13 14 15
ZONE N=15, E=16, F=FEPOINT, ET=TRIANGLE
0.133943 -0.788334 0 0 0 
0.0903733 -0.770816 0 0 0 
0.0468033 -0.753298 0 0 0 
0.00323324 -0.735781 0 0 0 
-0.0403368 -0.718263 0 0 0 
0.112857 -0.812044 0 0 0 
0.0692869 -0.794526 0 0 0 
0.0257169 -0.777008 0 0 0 
-0.0178531 -0.75949 0 0 0 
0.0917706 -0.835753 0 0 0 
0.0482006 -0.818236 0 0 0 
0.00463057 -0.800718 0 0 0 
0.0706843 -0.859463 0 0 0 
0.0271142 -0.841945 0 0 0 
0.0495979 -0.883173 0 0 0 
1 2 6
2 7 6
2 3 7
3 8 7
3 4 8
4 9 8
4 5 9
6 7 10
7 11 10
7 8 11
8 12 11
8 9 12
10 11 13
11 14 13
11 12 14
13 14 15
ZONE N=15, E=16, F=FEPOINT, ET=TRIANGLE
0.0495979 -0.883173 0 0 0 
0.000155931 -0.880396 0 0 0 
-0.0492861 -0.87762 0 0 0 
-0.098728 -0.874843 0 0 0 
-0.14817 -0.872066 0 0 0 
0.0371984 -0.91238 0 0 0 
-0.0122435 -0.909603 0 0 0 
-0.0616855 -0.906826 0 0 0 
-0.111128 -0.90405 0 0 0 
0.024799 -0.941586 0 0 0 
-0.024643 -0.93881 0 0 0 
-0.074085 -0.936033 0 0 0 
0.0123995 -0.970793 0 0 0 
-0.0370425 -0.968017 0 0 0 
-1.83697e-16 -1 0 0 0 
1 2 6
2 7 6
2 3 7
3 8 7
3 4 8
4 9 8
4 5 9
6 7 10
7 11 10
7 8 11
8 12 11
8 9 12
10 11 13
11 14 13
11 12 14
13 14 15
ZONE N=15, E=16, F=FEPOINT, ET=TRIANGLE
0.900969 -0.433884 0 0 0 
0.857928 -0.454692 0 0 0 
0.814888 -0.4755 0 0 0 
0.771847 -0.496308 0 0 0 
0.728807 -0.517116 0 0 0 
0.887408 -0.458421 0 0 0 
0.844367 -0.479229 0 0 0 
0.801327 -0.500037 0 0 0 
0.758286 -0.520845 0 0 0 
0.873847 -0.482958 0 0 0 
0.830806 -0.503766 0 0 0 
0.787766 -0.524574 0 0 0 
0.860285 -0.507495 0 0 0 
0.817245 -0.528303 0 0 0 
0.846724 -0.532032 0 0 0 
1 2 6
2 7 6
2 3 7
3 8 7
3 4 8
4 9 8
4 5 9
6 7 10
7 11 10
7 8 11
8 12 11
8 9 12
10 11 13
11 14 13
11 12 14
13 14 15
ZONE N=15, E=16, F=FEPOINT, ET=TRIANGLE
0.728807 -0.517116 0 0 0 
0.721569 -0.484536 0 0 0 
0.714332 -0.451957 0 0 0 
0.707094 -0.419377 0 0 0 
0.699857 -0.386797 0 0 0 
0.70018 -0.52508 0 0 0 
0.692942 -0.4925 0 0 0 
0.685705 -0.45992 0 0 0 
0.678467 -0.42734 0 0 0 
0.671553 -0.533043 0 0 0 
0.664315 -0.500464 0 0 0 
0.657077 -0.467884 0 0 0 
0.642926 -0.541007 0 0 0 
0.635688 -0.508427 0 0 0 
0.614298 -0.548971 0 0 0 
1 2 6
2 7 6
2 3 7
3 8 7
3 4 8
4 9 8
4 5 9
6 7 10
7 11 10
7 8 11
8 12 11
8 9 12
10 11 13
11 14 13
11 12 14
13 14 15
ZONE N=15, E=16, F=FEPOINT, ET=TRIANGLE
0.900969 0.433884 0 0 0 
0.890402 0.38726 0 0 0 
0.879835 0.340636 0 0 0 
0.869268 0.294012 0 0 0 
0.858701 0.247388 0 0 0 
0.911697 0.407983 0 0 0 
0.901131 0.361359 0 0 0 
0.890564 0.314735 0 0 0 
0.879997 0.26811 0 0 0 
0.922426 0.382081 0 0 0 
0.911859 0.335457 0 0 0 
0.901292 0.288833 0 0 0 
0.933155 0.35618 0 0 0 
0.922588 0.309556 0 0 0 
0.943883 0.330279 0 0 0 
1 2 6
2 7 6
2 3 7
3 8 7
3 4 8
4 9 8
4 5 9
6 7 10
7 11 10
7 8 11
8 12 11
8 9 12
10 11 13
11 14 13
11 12 14
13 14 15
ZONE N=15, E=16, F=FEPOINT, ET=TRIANGLE
0.858701 0.247388 0 0 0 
0.828717 0.262042 0 0 0 
0.798733 0.276697 0 0 0 
0.768748 0.291351 0 0 0 
0.738764 0.306006 0 0 0 
0.847079 0.220041 0 0 0 
0.817094 0.234695 0 0 0 
0.78711 0.24935 0 0 0 
0.757126 0.264004 0 0 0 
0.835456 0.192694 0 0 0 
0.805472 0.207349 0 0 0 
0.775487 0.222003 0 0 0 
0.823834 0.165347 0 0 0 
0.793849 0.180002 0 0 0 
0.812211 0.138 0 0 0 
1 2 6
2 7 6
2 3 7
3 8 7
3 4 8
4 9 8
4 5 9
6 7 10
7 11 10
7 8 11
8 12 11
8 9 12
10 11 13
11 14 13
11 12 14
13 14 15
ZONE N=15, E=16, F=FEPOINT, ET=TRIANGLE
-0.788334 0.133943 0 0 0 
-0.748018 0.126402 0 0 0 
-0.707701 0.118861 0 0 0 
-0.667385 0.11132 0 0 0 
-0.627068 0.103779 0 0 0 
-0.781535 0.179276 0 0 0 
-0.741219 0.171735 0 0 0 
-0.700903 0.164194 0 0 0 
-0.660586 0.156653 0 0 0 
-0.774737 0.224609 0 0 0 
-0.73442 0.217068 0 0 0 
-0.694104 0.209527 0 0 0 
-0.767938 0.269942 0 0 0 
-0.727622 0.262401 0 0 0 
-0.761139 0.315274 0 0 0 
1 2 6
2 7 6
2 3 7
3 8 7
3 4 8
4 9 8
4 5 9
6 7 10
7 11 10
7 8 11
8 12 11
8 9 12
10 11 13
11 14 13
11 12 14
13 14 15
ZONE N=15, E=16, F=FEPOINT, ET=TRIANGLE
-0.347133 0.53108 0 0 0 
-0.407207 0.500012 0 0 0 
-0.467281 0.468944 0 0 0 
-0.527356 0.437876 0 0 0 
-0.58743 0.406808 0 0 0 
-0.364766 0.455934 0 0 0 
-0.42484 0.424866 0 0 0 
-0.484914 0.393798 0 0 0 
-0.544988 0.36273 0 0 0 
-0.382398 0.380787 0 0 0 
-0.442473 0.349719 0 0 0 
-0.502547 0.318651 0 0 0 
-0.400031 0.305641 0 0 0 
-0.460106 0.274573 0 0 0 
-0.417664 0.230495 0 0 0 
1 2 6
2 7 6
2 3 7
3 8 7
3 4 8
4 9 8
4 5 9
6 7 10
7 11 10
7 8 11
8 12 11
8 9 12
10 11 13
11 14 13
11 12 14
13 14 15
ZONE N=15, E=16, F=FEPOINT, ET=TRIANGLE
-0.222521 0.974928 0 0 0 
-0.179417 0.954251 0 0 0 
-0.136313 0.933574 0 0 0 
-0.0932098 0.912898 0 0 0 
-0.0501061 0.892221 0 0 0 
-0.194882 0.979624 0 0 0 
-0.151778 0.958947 0 0 0 
-0.108674 0.938271 0 0 0 
-0.0655707 0.917594 0 0 0 
-0.167243 0.98432 0 0 0 
-0.124139 0.963643 0 0 0 
-0.0810353 0.942967 0 0 0 
-0.139604 0.989016 0 0 0 
-0.0964999 0.968339 0 0 0 
-0.111964 0.993712 0 0 0 
1 2 6
2 7 6
2 3 7
3 8 7
3 4 8
4 9 8
4 5 9
6 7 10
7 11 10
7 8 11
8 12 11
8 9 12
10 11 13
11 14 13
11 12 14
13 14 15
ZONE N=15, E=16, F=FEPOINT, ET=TRIANGLE
-0.0501061 0.892221 0 0 0 
-0.0710654 0.866249 0 0 0 
-0.0920247 0.840277 0 0 0 
-0.112984 0.814306 0 0 0 
-0.133943 0.788334 0 0 0 
-0.0260311 0.874805 0 0 0 
-0.0469904 0.848833 0 0 0 
-0.0679497 0.822861 0 0 0 
-0.0889091 0.796889 0 0 0 
-0.00195617 0.857388 0 0 0 
-0.0229155 0.831416 0 0 0 
-0.0438748 0.805445 0 0 0 
0.0221188 0.839972 0 0 0 
0.00115946 0.814 0 0 0 
0.0461937 0.822555 0 0 0 
1 2 6
2 7 6
2 3 7
3 8 7
3 4 8
4 9 8
4 5 9
6 7 10
7 11 10
7 8 11
8 12 11
8 9 12
10 11 13
11 14 13
11 12 14
13 14 15
ZONE N=15, E=16, F=FEPOINT, ET=TRIANGLE
0.0461937 0.822555 0 0 0 
0.0821362 0.789123 0 0 0 
0.118079 0.75569 0 0 0 
0.154021 0.722258 0 0 0 
0.189964 0.688826 0 0 0 
0.0720673 0.837167 0 0 0 
0.10801 0.803734 0 0 0 
0.143952 0.770302 0 0 0 
0.179895 0.736869 0 0 0 
0.0979409 0.851778 0 0 0 
0.133883 0.818346 0 0 0 
0.169826 0.784913 0 0 0 
0.123814 0.866389 0 0 0 
0.159757 0.832957 0 0 0 
0.149688 0.881001 0 0 0 
1 2 6
2 7 6
2 3 7
3 8 7
3 4 8
4 9 8
4 5 9
6 7 10
7 11 10
7 8 11
8 12 11
8 9 12
10 11 13
11 14 13
11 12 14
13 14 15
ZONE N=15, E=16, F=FEPOINT, ET=TRIANGLE
0.338508 0.817231 0 0 0 
0.336451 0.848894 0 0 0 
0.334394 0.880557 0 0 0 
0.332336 0.91222 0 0 0 
0.330279 0.943883 0 0 0 
0.291303 0.833173 0 0 0 
0.289246 0.864836 0 0 0 
0.287189 0.8965 0 0 0 
0.285131 0.928163 0 0 0 
0.244098 0.849116 0 0 0 
0.242041 0.880779 0 0 0 
0.239984 0.912442 0 0 0 
0.196893 0.865058 0 0 0 
0.194836 0.896721 0 0 0 
0.149688 0.881001 0 0 0 
1 2 6
2 7 6
2 3 7
3 8 7
3 4 8
4 9 8
4 5 9
6 7 10
7 11 10
7 8 11
8 12 11
8 9 12
10 11 13
11 14 13
11 12 14
13 14 15
ZONE N=15, E=16, F=FEPOINT, ET=TRIANGLE
-0.133943 0.788334 0 0 0 
-0.111541 0.724881 0 0 0 
-0.0891396 0.661427 0 0 0 
-0.0667377 0.597974 0 0 0 
-0.0443359 0.534521 0 0 0 
-0.0889091 0.796889 0 0 0 
-0.0665072 0.733436 0 0 0 
-0.0441053 0.669983 0 0 0 
-0.0217035 0.60653 0 0 0 
-0.0438748 0.805445 0 0 0 
-0.0214729 0.741991 0 0 0 
0.00092892 0.678538 0 0 0 
0.00115946 0.814 0 0 0 
0.0235613 0.750547 0 0 0 
0.0461937 0.822555 0 0 0 
1 2 6
2 7 6
2 3 7
3 8 7
3 4 8
4 9 8
4 5 9
6 7 10
7 11 10
7 8 11
8 12 11
8 9 12
10 11 13
11 14 13
11 12 14
13 14 15
ZONE N=15, E=16, F=FEPOINT, ET=TRIANGLE
0.469353 0.41944 0 0 0 
0.451946 0.365458 0 0 0 
0.434538 0.311476 0 0 0 
0.417131 0.257494 0 0 0 
0.399724 0.203513 0 0 0 
0.507074 0.352118 0 0 0 
0.489666 0.298136 0 0 0 
0.472259 0.244154 0 0 0 
0.454852 0.190173 0 0 0 
0.544794 0.284796 0 0 0 
0.527387 0.230814 0 0 0 
0.50998 0.176833 0 0 0 
0.582515 0.217474 0 0 0 
0.565108 0.163493 0 0 0 
0.620235 0.150153 0 0 0 
1 2 6
2 7 6
2 3 7
3 8 7
3 4 8
4 9 8
4 5 9
6 7 10
7 11 10
7 8 11
8 12 11
8 9 12
10 11 13
11 14 13
11 12 14
13 14 15
ZONE N=15, E=16, F=FEPOINT, ET=TRIANGLE
-0.536411 -0.479366 0 0 0 
-0.538561 -0.435517 0 0 0 
-0.54071 -0.391668 0 0 0 
-0.54286 -0.347818 0 0 0 
-0.54501 -0.303969 0 0 0 
-0.577272 -0.456224 0 0 0 
-0.579422 -0.412375 0 0 0 
-0.581572 -0.368525 0 0 0 
-0.583721 -0.324676 0 0 0 
-0.618134 -0.433082 0 0 0 
-0.620283 -0.389232 0 0 0 
-0.622433 -0.345383 0 0 0 
-0.658995 -0.409939 0 0 0 
-0.661145 -0.36609 0 0 0 
-0.699857 -0.386797 0 0 0 
1 2 6
2 7 6
2 3 7
3 8 7
3 4 8
4 9 8
4 5 9
6 7 10
7 11 10
7 8 11
8 12 11
8 9 12
10 11 13
11 14 13
11 12 14
13 14 15
ZONE N=15, E=16, F=FEPOINT, ET=TRIANGLE
-0.627068 0.103779 0 0 0 
-0.626538 0.0507473 0 0 0 
-0.626007 -0.00228454 0 0 0 
-0.625476 -0.0553164 0 0 0 
-0.624946 -0.108348 0 0 0 
-0.595301 0.0778344 0 0 0 
-0.594771 0.0248025 0 0 0 
-0.59424 -0.0282293 0 0 0 
-0.593709 -0.0812612 0 0 0 
-0.563534 0.0518896 0 0 0 
-0.563004 -0.00114227 0 0 0 
-0.562473 -0.0541741 0 0 0 
-0.531767 0.0259448 0 0 0 
-0.531236 -0.0270871 0 0 0 
-0.5 0 0 0 0 
1 2 6
2 7 6
2 3 7
3 8 7
3 4 8
4 9 8
4 5 9
6 7 10
7 11 10
7 8 11
8 12 11
8 9 12
10 11 13
11 14 13
11 12 14
13 14 15
ZONE N=15, E=16, F=FEPOINT, ET=TRIANGLE
-0.788334 -0.133943 0 0 0 
-0.747487 -0.127545 0 0 0 
-0.70664 -0.121146 0 0 0 
-0.665793 -0.114747 0 0 0 
-0.624946 -0.108348 0 0 0 
-0.779785 -0.100457 0 0 0 
-0.738938 -0.0940587 0 0 0 
-0.698091 -0.0876599 0 0 0 
-0.657244 -0.0812612 0 0 0 
-0.771235 -0.0669717 0 0 0 
-0.730388 -0.0605729 0 0 0 
-0.689541 -0.0541741 0 0 0 
-0.762686 -0.0334858 0 0 0 
-0.721839 -0.0270871 0 0 0 
-0.754137 3.82749e-14 0 0 0 
1 2 6
2 7 6
2 3 7
3 8 7
3 4 8
4 9 8
4 5 9
6 7 10
7 11 10
7 8 11
8 12 11
8 9 12
10 11 13
11 14 13
11 12 14
13 14 15
ZONE N=15, E=16, F=FEPOINT, ET=TRIANGLE
-0.627068 0.103779 0 0 0 
-0.658835 0.0778344 0 0 0 
-0.690603 0.0518896 0 0 0 
-0.72237 0.0259448 0 0 0 
-0.754137 3.82749e-14 0 0 0 
-0.626538 0.0507473 0 0 0 
-0.658305 0.0248025 0 0 0 
-0.690072 -0.00114227 0 0 0 
-0.721839 -0.0270871 0 0 0 
-0.626007 -0.00228454 0 0 0 
-0.657774 -0.0282293 0 0 0 
-0.689541 -0.0541741 0 0 0 
-0.625476 -0.0553164 0 0 0 
-0.657244 -0.0812612 0 0 0 
-0.624946 -0.108348 0 0 0 
1 2 6
2 7 6
2 3 7
3 8 7
3 4 8
4 9 8
4 5 9
6 7 10
7 11 10
7 8 11
8 12 11
8 9 12
10 11 13
11 14 13
11 12 14
13 14 15
ZONE N=15, E=16, F=FEPOINT, ET=TRIANGLE
-0.0403368 -0.718263 0 0 0 
-0.0855942 -0.730792 0 0 0 
-0.130852 -0.743322 0 0 0 
-0.176109 -0.755851 0 0 0 
-0.221367 -0.76838 0 0 0 
-0.0672951 -0.756714 0 0 0 
-0.112553 -0.769243 0 0 0 
-0.15781 -0.781772 0 0 0 
-0.203067 -0.794302 0 0 0 
-0.0942534 -0.795165 0 0 0 
-0.139511 -0.807694 0 0 0 
-0.184768 -0.820223 0 0 0 
-0.121212 -0.833616 0 0 0 
-0.166469 -0.846145 0 0 0 
-0.14817 -0.872066 0 0 0 
1 2 6
2 7 6
2 3 7
3 8 7
3 4 8
4 9 8
4 5 9
6 7 10
7 11 10
7 8 11
8 12 11
8 9 12
10 11 13
11 14 13
11 12 14
13 14 15
ZONE N=15, E=16, F=FEPOINT, ET=TRIANGLE
-0.36308 -0.507549 0 0 0 
-0.406413 -0.500503 0 0 0 
-0.449745 -0.493458 0 0 0 
-0.493078 -0.486412 0 0 0 
-0.536411 -0.479366 0 0 0 
-0.387991 -0.543699 0 0 0 
-0.431324 -0.536653 0 0 0 
-0.474656 -0.529607 0 0 0 
-0.517989 -0.522562 0 0 0 
-0.412902 -0.579849 0 0 0 
-0.456235 -0.572803 0 0 0 
-0.499568 -0.565757 0 0 0 
-0.437813 -0.615999 0 0 0 
-0.481146 -0.608953 0 0 0 
-0.462724 -0.652149 0 0 0 
1 2 6
2 7 6
2 3 7
3 8 7
3 4 8
4 9 8
4 5 9
6 7 10
7 11 10
7 8 11
8 12 11
8 9 12
10 11 13
11 14 13
11 12 14
13 14 15
ZONE N=15, E=16, F=FEPOINT, ET=TRIANGLE
0.338508 -0.817231 0 0 0 
0.31615 -0.790877 0 0 0 
0.293792 -0.764524 0 0 0 
0.271434 -0.738171 0 0 0 
0.249076 -0.711817 0 0 0 
0.287367 -0.810007 0 0 0 
0.265009 -0.783653 0 0 0 
0.242651 -0.7573 0 0 0 
0.220293 -0.730946 0 0 0 
0.236226 -0.802782 0 0 0 
0.213868 -0.776429 0 0 0 
0.191509 -0.750076 0 0 0 
0.185085 -0.795558 0 0 0 
0.162726 -0.769205 0 0 0 
0.133943 -0.788334 0 0 0 
1 2 6
2 7 6
2 3 7
3 8 7
3 4 8
4 9 8
4 5 9
6 7 10
7 11 10
7 8 11
8 12 11
8 9 12
10 11 13
11 14 13
11 12 14
13 14 15
ZONE N=15, E=16, F=FEPOINT, ET=TRIANGLE
-0.170441 -0.600319 0 0 0 
-0.209633 -0.620102 0 0 0 
-0.248824 -0.639886 0 0 0 
-0.288016 -0.65967 0 0 0 
-0.327208 -0.679454 0 0 0 
-0.183173 -0.642334 0 0 0 
-0.222364 -0.662118 0 0 0 
-0.261556 -0.681902 0 0 0 
-0.300747 -0.701685 0 0 0 
-0.195904 -0.684349 0 0 0 
-0.235095 -0.704133 0 0 0 
-0.274287 -0.723917 0 0 0 
-0.208635 -0.726365 0 0 0 
-0.247827 -0.746149 0 0 0 
-0.221367 -0.76838 0 0 0 
1 2 6
2 7 6
2 3 7
3 8 7
3 4 8
4 9 8
4 5 9
6 7 10
7 11 10
7 8 11
8 12 11
8 9 12
10 11 13
11 14 13
11 12 14
13 14 15
ZONE N=15, E=16, F=FEPOINT, ET=TRIANGLE
0.386797 -0.699857 0 0 0 
0.408022 -0.67012 0 0 0 
0.429246 -0.640384 0 0 0 
0.450471 -0.610648 0 0 0 
0.471696 -0.580911 0 0 0 
0.366228 -0.662732 0 0 0 
0.387453 -0.632996 0 0 0 
0.408677 -0.60326 0 0 0 
0.429902 -0.573523 0 0 0 
0.345659 -0.625608 0 0 0 
0.366884 -0.595872 0 0 0 
0.388108 -0.566135 0 0 0 
0.32509 -0.588484 0 0 0 
0.346314 -0.558748 0 0 0 
0.304521 -0.55136 0 0 0 
1 2 6
2 7 6
2 3 7
3 8 7
3 4 8
4 9 8
4 5 9
6 7 10
7 11 10
7 8 11
8 12 11
8 9 12
10 11 13
11 14 13
11 12 14
13 14 15
ZONE N=15, E=16, F=FEPOINT, ET=TRIANGLE
0.102155 -0.615627 0 0 0 
0.110102 -0.658804 0 0 0 
0.118049 -0.701981 0 0 0 
0.125996 -0.745157 0 0 0 
0.133943 -0.788334 0 0 0 
0.138885 -0.639675 0 0 0 
0.146832 -0.682851 0 0 0 
0.154779 -0.726028 0 0 0 
0.162726 -0.769205 0 0 0 
0.175615 -0.663722 0 0 0 
0.183562 -0.706899 0 0 0 
0.191509 -0.750076 0 0 0 
0.212345 -0.68777 0 0 0 
0.220293 -0.730946 0 0 0 
0.249076 -0.711817 0 0 0 
1 2 6
2 7 6
2 3 7
3 8 7
3 4 8
4 9 8
4 5 9
6 7 10
7 11 10
7 8 11
8 12 11
8 9 12
10 11 13
11 14 13
11 12 14
13 14 15
ZONE N=15, E=16, F=FEPOINT, ET=TRIANGLE
0.711817 -0.249076 0 0 0 
0.730946 -0.220293 0 0 0 
0.750076 -0.191509 0 0 0 
0.769205 -0.162726 0 0 0 
0.788334 -0.133943 0 0 0 
0.690099 -0.213894 0 0 0 
0.709228 -0.185111 0 0 0 
0.728358 -0.156328 0 0 0 
0.747487 -0.127545 0 0 0 
0.668381 -0.178712 0 0 0 
0.687511 -0.149929 0 0 0 
0.70664 -0.121146 0 0 0 
0.646664 -0.14353 0 0 0 
0.665793 -0.114747 0 0 0 
0.624946 -0.108348 0 0 0 
1 2 6
2 7 6
2 3 7
3 8 7
3 4 8
4 9 8
4 5 9
6 7 10
7 11 10
7 8 11
8 12 11
8 9 12
10 11 13
11 14 13
11 12 14
13 14 15
ZONE N=15, E=16, F=FEPOINT, ET=TRIANGLE
0.503058 -0.386627 0 0 0 
0.552257 -0.38667 0 0 0 
0.601457 -0.386712 0 0 0 
0.650657 -0.386755 0 0 0 
0.699857 -0.386797 0 0 0 
0.555248 -0.352239 0 0 0 
0.604447 -0.352282 0 0 0 
0.653647 -0.352324 0 0 0 
0.702847 -0.352367 0 0 0 
0.607437 -0.317851 0 0 0 
0.656637 -0.317894 0 0 0 
0.705837 -0.317936 0 0 0 
0.659627 -0.283463 0 0 0 
0.708827 -0.283506 0 0 0 
0.711817 -0.249076 0 0 0 
1 2 6
2 7 6
2 3 7
3 8 7
3 4 8
4 9 8
4 5 9
6 7 10
7 11 10
7 8 11
8 12 11
8 9 12
10 11 13
11 14 13
11 12 14
13 14 15
ZONE N=15, E=16, F=FEPOINT, ET=TRIANGLE
0.699857 -0.386797 0 0 0 
0.650657 -0.386755 0 0 0 
0.601457 -0.386712 0 0 0 
0.552257 -0.38667 0 0 0 
0.503058 -0.386627 0 0 0 
0.678467 -0.42734 0 0 0 
0.629267 -0.427298 0 0 0 
0.580068 -0.427256 0 0 0 
0.530868 -0.427213 0 0 0 
0.657077 -0.467884 0 0 0 
0.607878 -0.467841 0 0 0 
0.558678 -0.467799 0 0 0 
0.635688 -0.508427 0 0 0 
0.586488 -0.508385 0 0 0 
0.614298 -0.548971 0 0 0 
1 2 6
2 7 6
2 3 7
3 8 7
3 4 8
4 9 8
4 5 9
6 7 10
7 11 10
7 8 11
8 12 11
8 9 12
10 11 13
11 14 13
11 12 14
13 14 15
ZONE N=15, E=16, F=FEPOINT, ET=TRIANGLE
0.304521 -0.55136 0 0 0 
0.303615 -0.499766 0 0 0 
0.302709 -0.448173 0 0 0 
0.301803 -0.39658 0 0 0 
0.300897 -0.344987 0 0 0 
0.246439 -0.509853 0 0 0 
0.245533 -0.45826 0 0 0 
0.244627 -0.406667 0 0 0 
0.243721 -0.355073 0 0 0 
0.188357 -0.468346 0 0 0 
0.187451 -0.416753 0 0 0 
0.186545 -0.36516 0 0 0 
0.130275 -0.42684 0 0 0 
0.129369 -0.375247 0 0 0 
0.0721931 -0.385333 0 0 0 
1 2 6
2 7 6
2 3 7
3 8 7
3 4 8
4 9 8
4 5 9
6 7 10
7 11 10
7 8 11
8 12 11
8 9 12
10 11 13
11 14 13
11 12 14
13 14 15
ZONE N=15, E=16, F=FEPOINT, ET=TRIANGLE
0.386797 0.699857 0 0 0 
0.337589 0.697099 0 0 0 
0.28838 0.694341 0 0 0 
0.239172 0.691583 0 0 0 
0.189964 0.688826 0 0 0 
0.364284 0.661159 0 0 0 
0.315076 0.658401 0 0 0 
0.265868 0.655644 0 0 0 
0.216659 0.652886 0 0 0 
0.341772 0.622462 0 0 0 
0.292563 0.619704 0 0 0 
0.243355 0.616946 0 0 0 
0.319259 0.583765 0 0 0 
0.27005 0.581007 0 0 0 
0.296746 0.545067 0 0 0 
1 2 6
2 7 6
2 3 7
3 8 7
3 4 8
4 9 8
4 5 9
6 7 10
7 11 10
7 8 11
8 12 11
8 9 12
10 11 13
11 14 13
11 12 14
13 14 15
ZONE N=15, E=16, F=FEPOINT, ET=TRIANGLE
0.470197 0.589608 0 0 0 
0.449347 0.61717 0 0 0 
0.428497 0.644732 0 0 0 
0.407647 0.672294 0 0 0 
0.386797 0.699857 0 0 0 
0.426834 0.578473 0 0 0 
0.405984 0.606035 0 0 0 
0.385134 0.633597 0 0 0 
0.364284 0.661159 0 0 0 
0.383471 0.567338 0 0 0 
0.362621 0.5949 0 0 0 
0.341772 0.622462 0 0 0 
0.340109 0.556202 0 0 0 
0.319259 0.583765 0 0 0 
0.296746 0.545067 0 0 0 
1 2 6
2 7 6
2 3 7
3 8 7
3 4 8
4 9 8
4 5 9
6 7 10
7 11 10
7 8 11
8 12 11
8 9 12
10 11 13
11 14 13
11 12 14
13 14 15
ZONE N=15, E=16, F=FEPOINT, ET=TRIANGLE
0.812211 0.138 0 0 0 
0.764217 0.141038 0 0 0 
0.716223 0.144076 0 0 0 
0.668229 0.147115 0 0 0 
0.620235 0.150153 0 0 0 
0.796226 0.105149 0 0 0 
0.748233 0.108187 0 0 0 
0.700239 0.111225 0 0 0 
0.652245 0.114263 0 0 0 
0.780242 0.0722972 0 0 0 
0.732248 0.0753353 0 0 0 
0.684254 0.0783734 0 0 0 
0.764257 0.0394457 0 0 0 
0.716263 0.0424838 0 0 0 
0.748272 0.00659423 0 0 0 
1 2 6
2 7 6
2 3 7
3 8 7
3 4 8
4 9 8
4 5 9
6 7 10
7 11 10
7 8 11
8 12 11
8 9 12
10 11 13
11 14 13
11 12 14
13 14 15
ZONE N=15, E=16, F=FEPOINT, ET=TRIANGLE
0.5 0 0 0 0 
0.531236 -0.0270871 0 0 0 
0.562473 -0.0541741 0 0 0 
0.593709 -0.0812612 0 0 0 
0.624946 -0.108348 0 0 0 
0.562068 0.00164856 0 0 0 
0.593304 -0.0254385 0 0 0 
0.624541 -0.0525256 0 0 0 
0.655777 -0.0796126 0 0 0 
0.624136 0.00329711 0 0 0 
0.655372 -0.0237899 0 0 0 
0.686609 -0.050877 0 0 0 
0.686204 0.00494567 0 0 0 
0.717441 -0.0221414 0 0 0 
0.748272 0.00659423 0 0 0 
1 2 6
2 7 6
2 3 7
3 8 7
3 4 8
4 9 8
4 5 9
6 7 10
7 11 10
7 8 11
8 12 11
8 9 12
10 11 13
11 14 13
11 12 14
13 14 15
ZONE N=15, E=16, F=FEPOINT, ET=TRIANGLE
0.470197 0.589608 0 0 0 
0.469986 0.547066 0 0 0 
0.469775 0.504524 0 0 0 
0.469564 0.461982 0 0 0 
0.469353 0.41944 0 0 0 
0.501707 0.575414 0 0 0 
0.501496 0.532872 0 0 0 
0.501286 0.49033 0 0 0 
0.501075 0.447788 0 0 0 
0.533218 0.56122 0 0 0 
0.533007 0.518678 0 0 0 
0.532796 0.476136 0 0 0 
0.564729 0.547026 0 0 0 
0.564518 0.504484 0 0 0 
0.596239 0.532832 0 0 0 
1 2 6
2 7 6
2 3 7
3 8 7
3 4 8
4 9 8
4 5 9
6 7 10
7 11 10
7 8 11
8 12 11
8 9 12
10 11 13
11 14 13
11 12 14
13 14 15
ZONE N=15, E=16, F=FEPOINT, ET=TRIANGLE
0.596239 0.532832 0 0 0 
0.564518 0.504484 0 0 0 
0.532796 0.476136 0 0 0 
0.501075 0.447788 0 0 0 
0.469353 0.41944 0 0 0 
0.606816 0.49993 0 0 0 
0.575094 0.471582 0 0 0 
0.543373 0.443234 0 0 0 
0.511651 0.414886 0 0 0 
0.617393 0.467028 0 0 0 
0.585671 0.43868 0 0 0 
0.553949 0.410332 0 0 0 
0.627969 0.434127 0 0 0 
0.596248 0.405779 0 0 0 
0.638546 0.401225 0 0 0 
1 2 6
2 7 6
2 3 7
3 8 7
3 4 8
4 9 8
4 5 9
6 7 10
7 11 10
7 8 11
8 12 11
8 9 12
10 11 13
11 14 13
11 12 14
13 14 15
ZONE N=15, E=16, F=FEPOINT, ET=TRIANGLE
-0.327208 -0.679454 0 0 0 
-0.336176 -0.636478 0 0 0 
-0.345144 -0.593501 0 0 0 
-0.354112 -0.550525 0 0 0 
-0.36308 -0.507549 0 0 0 
-0.361087 -0.672627 0 0 0 
-0.370055 -0.629651 0 0 0 
-0.379023 -0.586675 0 0 0 
-0.387991 -0.543699 0 0 0 
-0.394966 -0.665801 0 0 0 
-0.403934 -0.622825 0 0 0 
-0.412902 -0.579849 0 0 0 
-0.428845 -0.658975 0 0 0 
-0.437813 -0.615999 0 0 0 
-0.462724 -0.652149 0 0 0 
1 2 6
2 7 6
2 3 7
3 8 7
3 4 8
4 9 8
4 5 9
6 7 10
7 11 10
7 8 11
8 12 11
8 9 12
10 11 13
11 14 13
11 12 14
13 14 15
ZONE N=15, E=16, F=FEPOINT, ET=TRIANGLE
-0.54501 -0.303969 0 0 0 
-0.564994 -0.255064 0 0 0 
-0.584978 -0.206159 0 0 0 
-0.604962 -0.157253 0 0 0 
-0.624946 -0.108348 0 0 0 
-0.586712 -0.290246 0 0 0 
-0.606696 -0.241341 0 0 0 
-0.62668 -0.192435 0 0 0 
-0.646664 -0.14353 0 0 0 
-0.628413 -0.276522 0 0 0 
-0.648397 -0.227617 0 0 0 
-0.668381 -0.178712 0 0 0 
-0.670115 -0.262799 0 0 0 
-0.690099 -0.213894 0 0 0 
-0.711817 -0.249076 0 0 0 
1 2 6
2 7 6
2 3 7
3 8 7
3 4 8
4 9 8
4 5 9
6 7 10
7 11 10
7 8 11
8 12 11
8 9 12
10 11 13
11 14 13
11 12 14
13 14 15
ZONE N=15, E=16, F=FEPOINT, ET=TRIANGLE
-0.347133 0.53108 0 0 0 
-0.359978 0.578574 0 0 0 
-0.372823 0.626067 0 0 0 
-0.385668 0.673561 0 0 0 
-0.398512 0.721054 0 0 0 
-0.393558 0.54737 0 0 0 
-0.406403 0.594864 0 0 0 
-0.419247 0.642357 0 0 0 
-0.432092 0.68985 0 0 0 
-0.439982 0.56366 0 0 0 
-0.452827 0.611153 0 0 0 
-0.465672 0.658647 0 0 0 
-0.486407 0.57995 0 0 0 
-0.499252 0.627443 0 0 0 
-0.532832 0.596239 0 0 0 
1 2 6
2 7 6
2 3 7
3 8 7
3 4 8
4 9 8
4 5 9
6 7 10
7 11 10
7 8 11
8 12 11
8 9 12
10 11 13
11 14 13
11 12 14
13 14 15
ZONE N=15, E=16, F=FEPOINT, ET=TRIANGLE
-0.0443359 0.534521 0 0 0 
0.014239 0.573097 0 0 0 
0.0728138 0.611673 0 0 0 
0.131389 0.650249 0 0 0 
0.189964 0.688826 0 0 0 
-0.0217035 0.60653 0 0 0 
0.0368714 0.645106 0 0 0 
0.0954462 0.683682 0 0 0 
0.154021 0.722258 0 0 0 
0.00092892 0.678538 0 0 0 
0.0595038 0.717114 0 0 0 
0.118079 0.75569 0 0 0 
0.0235613 0.750547 0 0 0 
0.0821362 0.789123 0 0 0 
0.0461937 0.822555 0 0 0 
1 2 6
2 7 6
2 3 7
3 8 7
3 4 8
4 9 8
4 5 9
6 7 10
7 11 10
7 8 11
8 12 11
8 9 12
10 11 13
11 14 13
11 12 14
13 14 15
ZONE N=15, E=16, F=FEPOINT, ET=TRIANGLE
-0.624946 -0.108348 0 0 0 
-0.665793 -0.114747 0 0 0 
-0.70664 -0.121146 0 0 0 
-0.747487 -0.127545 0 0 0 
-0.788334 -0.133943 0 0 0 
-0.646664 -0.14353 0 0 0 
-0.687511 -0.149929 0 0 0 
-0.728358 -0.156328 0 0 0 
-0.769205 -0.162726 0 0 0 
-0.668381 -0.178712 0 0 0 
-0.709228 -0.185111 0 0 0 
-0.750076 -0.191509 0 0 0 
-0.690099 -0.213894 0 0 0 
-0.730946 -0.220293 0 0 0 
-0.711817 -0.249076 0 0 0 
1 2 6
2 7 6
2 3 7
3 8 7
3 4 8
4 9 8
4 5 9
6 7 10
7 11 10
7 8 11
8 12 11
8 9 12
10 11 13
11 14 13
11 12 14
13 14 15
ZONE N=15, E=16, F=FEPOINT, ET=TRIANGLE
-0.54501 -0.303969 0 0 0 
-0.586712 -0.290246 0 0 0 
-0.628413 -0.276522 0 0 0 
-0.670115 -0.262799 0 0 0 
-0.711817 -0.249076 0 0 0 
-0.583721 -0.324676 0 0 0 
-0.625423 -0.310953 0 0 0 
-0.667125 -0.297229 0 0 0 
-0.708827 -0.283506 0 0 0 
-0.622433 -0.345383 0 0 0 
-0.664135 -0.33166 0 0 0 
-0.705837 -0.317936 0 0 0 
-0.661145 -0.36609 0 0 0 
-0.702847 -0.352367 0 0 0 
-0.699857 -0.386797 0 0 0 
1 2 6
2 7 6
2 3 7
3 8 7
3 4 8
4 9 8
4 5 9
6 7 10
7 11 10
7 8 11
8 12 11
8 9 12
10 11 13
11 14 13
11 12 14
13 14 15
ZONE N=15, E=16, F=FEPOINT, ET=TRIANGLE
-0.5 0 0 0 0 
-0.479416 0.0576236 0 0 0 
-0.458832 0.115247 0 0 0 
-0.438248 0.172871 0 0 0 
-0.417664 0.230495 0 0 0 
-0.531767 0.0259448 0 0 0 
-0.511183 0.0835684 0 0 0 
-0.490599 0.141192 0 0 0 
-0.470015 0.198816 0 0 0 
-0.563534 0.0518896 0 0 0 
-0.54295 0.109513 0 0 0 
-0.522366 0.167137 0 0 0 
-0.595301 0.0778344 0 0 0 
-0.574717 0.135458 0 0 0 
-0.627068 0.103779 0 0 0 
1 2 6
2 7 6
2 3 7
3 8 7
3 4 8
4 9 8
4 5 9
6 7 10
7 11 10
7 8 11
8 12 11
8 9 12
10 11 13
11 14 13
11 12 14
13 14 15
ZONE N=15, E=16, F=FEPOINT, ET=TRIANGLE
-0.58743 0.406808 0 0 0 
-0.630857 0.383925 0 0 0 
-0.674285 0.361041 0 0 0 
-0.717712 0.338158 0 0 0 
-0.761139 0.315274 0 0 0 
-0.59734 0.331051 0 0 0 
-0.640767 0.308167 0 0 0 
-0.684194 0.285284 0 0 0 
-0.727622 0.262401 0 0 0 
-0.607249 0.255294 0 0 0 
-0.650677 0.23241 0 0 0 
-0.694104 0.209527 0 0 0 
-0.617159 0.179536 0 0 0 
-0.660586 0.156653 0 0 0 
-0.627068 0.103779 0 0 0 
1 2 6
2 7 6
2 3 7
3 8 7
3 4 8
4 9 8
4 5 9
6 7 10
7 11 10
7 8 11
8 12 11
8 9 12
10 11 13
11 14 13
11 12 14
13 14 15
ZONE N=15, E=16, F=FEPOINT, ET=TRIANGLE
0.102155 -0.615627 0 0 0 
0.0665322 -0.641286 0 0 0 
0.0309092 -0.666945 0 0 0 
-0.00471378 -0.692604 0 0 0 
-0.0403368 -0.718263 0 0 0 
0.110102 -0.658804 0 0 0 
0.0744793 -0.684463 0 0 0 
0.0388562 -0.710122 0 0 0 
0.00323324 -0.735781 0 0 0 
0.118049 -0.701981 0 0 0 
0.0824263 -0.72764 0 0 0 
0.0468033 -0.753298 0 0 0 
0.125996 -0.745157 0 0 0 
0.0903733 -0.770816 0 0 0 
0.133943 -0.788334 0 0 0 
1 2 6
2 7 6
2 3 7
3 8 7
3 4 8
4 9 8
4 5 9
6 7 10
7 11 10
7 8 11
8 12 11
8 9 12
10 11 13
11 14 13
11 12 14
13 14 15
ZONE N=15, E=16, F=FEPOINT, ET=TRIANGLE
-0.36308 -0.507549 0 0 0 
-0.358665 -0.431295 0 0 0 
-0.354251 -0.355041 0 0 0 
-0.349836 -0.278787 0 0 0 
-0.345422 -0.202533 0 0 0 
-0.408562 -0.456654 0 0 0 
-0.404148 -0.3804 0 0 0 
-0.399733 -0.304146 0 0 0 
-0.395319 -0.227892 0 0 0 
-0.454045 -0.405759 0 0 0 
-0.44963 -0.329505 0 0 0 
-0.445216 -0.253251 0 0 0 
-0.499527 -0.354864 0 0 0 
-0.495113 -0.27861 0 0 0 
-0.54501 -0.303969 0 0 0 
1 2 6
2 7 6
2 3 7
3 8 7
3 4 8
4 9 8
4 5 9
6 7 10
7 11 10
7 8 11
8 12 11
8 9 12
10 11 13
11 14 13
11 12 14
13 14 15
ZONE N=15, E=16, F=FEPOINT, ET=TRIANGLE
0.304521 -0.55136 0 0 0 
0.290659 -0.591474 0 0 0 
0.276798 -0.631588 0 0 0 
0.262937 -0.671703 0 0 0 
0.249076 -0.711817 0 0 0 
0.32509 -0.588484 0 0 0 
0.311229 -0.628598 0 0 0 
0.297367 -0.668713 0 0 0 
0.283506 -0.708827 0 0 0 
0.345659 -0.625608 0 0 0 
0.331798 -0.665722 0 0 0 
0.317936 -0.705837 0 0 0 
0.366228 -0.662732 0 0 0 
0.352367 -0.702847 0 0 0 
0.386797 -0.699857 0 0 0 
1 2 6
2 7 6
2 3 7
3 8 7
3 4 8
4 9 8
4 5 9
6 7 10
7 11 10
7 8 11
8 12 11
8 9 12
10 11 13
11 14 13
11 12 14
13 14 15
ZONE N=15, E=16, F=FEPOINT, ET=TRIANGLE
0.102155 -0.615627 0 0 0 
0.152747 -0.599561 0 0 0 
0.203338 -0.583494 0 0 0 
0.253929 -0.567427 0 0 0 
0.304521 -0.55136 0 0 0 
0.0946647 -0.558054 0 0 0 
0.145256 -0.541987 0 0 0 
0.195847 -0.52592 0 0 0 
0.246439 -0.509853 0 0 0 
0.0871742 -0.50048 0 0 0 
0.137766 -0.484413 0 0 0 
0.188357 -0.468346 0 0 0 
0.0796837 -0.442907 0 0 0 
0.130275 -0.42684 0 0 0 
0.0721931 -0.385333 0 0 0 
1 2 6
2 7 6
2 3 7
3 8 7
3 4 8
4 9 8
4 5 9
6 7 10
7 11 10
7 8 11
8 12 11
8 9 12
10 11 13
11 14 13
11 12 14
13 14 15
ZONE N=15, E=16, F=FEPOINT, ET=TRIANGLE
0.788334 -0.133943 0 0 0 
0.778318 -0.0988089 0 0 0 
0.768303 -0.0636746 0 0 0 
0.758288 -0.0285402 0 0 0 
0.748272 0.00659423 0 0 0 
0.747487 -0.127545 0 0 0 
0.737471 -0.0924102 0 0 0 
0.727456 -0.0572758 0 0 0 
0.717441 -0.0221414 0 0 0 
0.70664 -0.121146 0 0 0 
0.696624 -0.0860114 0 0 0 
0.686609 -0.050877 0 0 0 
0.665793 -0.114747 0 0 0 
0.655777 -0.0796126 0 0 0 
0.624946 -0.108348 0 0 0 
1 2 6
2 7 6
2 3 7
3 8 7
3 4 8
4 9 8
4 5 9
6 7 10
7 11 10
7 8 11
8 12 11
8 9 12
10 11 13
11 14 13
11 12 14
13 14 15
ZONE N=15, E=16, F=FEPOINT, ET=TRIANGLE
0.614298 -0.548971 0 0 0 
0.586488 -0.508385 0 0 0 
0.558678 -0.467799 0 0 0 
0.530868 -0.427213 0 0 0 
0.503058 -0.386627 0 0 0 
0.578648 -0.556956 0 0 0 
0.550837 -0.51637 0 0 0 
0.523027 -0.475784 0 0 0 
0.495217 -0.435198 0 0 0 
0.542997 -0.564941 0 0 0 
0.515187 -0.524355 0 0 0 
0.487377 -0.483769 0 0 0 
0.507346 -0.572926 0 0 0 
0.479536 -0.53234 0 0 0 
0.471696 -0.580911 0 0 0 
1 2 6
2 7 6
2 3 7
3 8 7
3 4 8
4 9 8
4 5 9
6 7 10
7 11 10
7 8 11
8 12 11
8 9 12
10 11 13
11 14 13
11 12 14
13 14 15
ZONE N=15, E=16, F=FEPOINT, ET=TRIANGLE
0.624946 -0.108348 0 0 0 
0.593709 -0.0812612 0 0 0 
0.562473 -0.0541741 0 0 0 
0.531236 -0.0270871 0 0 0 
0.5 0 0 0 0 
0.57906 -0.129708 0 0 0 
0.547824 -0.102621 0 0 0 
0.516587 -0.0755343 0 0 0 
0.485351 -0.0484473 0 0 0 
0.533175 -0.151069 0 0 0 
0.501939 -0.123982 0 0 0 
0.470702 -0.0968946 0 0 0 
0.48729 -0.172429 0 0 0 
0.456053 -0.145342 0 0 0 
0.441404 -0.193789 0 0 0 
1 2 6
2 7 6
2 3 7
3 8 7
3 4 8
4 9 8
4 5 9
6 7 10
7 11 10
7 8 11
8 12 11
8 9 12
10 11 13
11 14 13
11 12 14
13 14 15
ZONE N=15, E=16, F=FEPOINT, ET=TRIANGLE
0.711817 -0.249076 0 0 0 
0.644214 -0.235254 0 0 0 
0.576611 -0.221432 0 0 0 
0.509007 -0.207611 0 0 0 
0.441404 -0.193789 0 0 0 
0.659627 -0.283463 0 0 0 
0.592024 -0.269642 0 0 0 
0.524421 -0.25582 0 0 0 
0.456818 -0.241999 0 0 0 
0.607437 -0.317851 0 0 0 
0.539834 -0.30403 0 0 0 
0.472231 -0.290208 0 0 0 
0.555248 -0.352239 0 0 0 
0.487644 -0.338418 0 0 0 
0.503058 -0.386627 0 0 0 
1 2 6
2 7 6
2 3 7
3 8 7
3 4 8
4 9 8
4 5 9
6 7 10
7 11 10
7 8 11
8 12 11
8 9 12
10 11 13
11 14 13
11 12 14
13 14 15
ZONE N=15, E=16, F=FEPOINT, ET=TRIANGLE
0.304521 -0.55136 0 0 0 
0.346314 -0.558748 0 0 0 
0.388108 -0.566135 0 0 0 
0.429902 -0.573523 0 0 0 
0.471696 -0.580911 0 0 0 
0.354155 -0.510177 0 0 0 
0.395949 -0.517564 0 0 0 
0.437742 -0.524952 0 0 0 
0.479536 -0.53234 0 0 0 
0.403789 -0.468993 0 0 0 
0.445583 -0.476381 0 0 0 
0.487377 -0.483769 0 0 0 
0.453423 -0.42781 0 0 0 
0.495217 -0.435198 0 0 0 
0.503058 -0.386627 0 0 0 
1 2 6
2 7 6
2 3 7
3 8 7
3 4 8
4 9 8
4 5 9
6 7 10
7 11 10
7 8 11
8 12 11
8 9 12
10 11 13
11 14 13
11 12 14
13 14 15
ZONE N=15, E=16, F=FEPOINT, ET=TRIANGLE
0.300897 -0.344987 0 0 0 
0.351437 -0.355397 0 0 0 
0.401977 -0.365807 0 0 0 
0.452517 -0.376217 0 0 0 
0.503058 -0.386627 0 0 0 
0.336024 -0.307187 0 0 0 
0.386564 -0.317597 0 0 0 
0.437104 -0.328008 0 0 0 
0.487644 -0.338418 0 0 0 
0.37115 -0.269388 0 0 0 
0.421691 -0.279798 0 0 0 
0.472231 -0.290208 0 0 0 
0.406277 -0.231588 0 0 0 
0.456818 -0.241999 0 0 0 
0.441404 -0.193789 0 0 0 
1 2 6
2 7 6
2 3 7
3 8 7
3 4 8
4 9 8
4 5 9
6 7 10
7 11 10
7 8 11
8 12 11
8 9 12
10 11 13
11 14 13
11 12 14
13 14 15
ZONE N=15, E=16, F=FEPOINT, ET=TRIANGLE
-0.347133 0.53108 0 0 0 
-0.271434 0.531941 0 0 0 
-0.195734 0.532801 0 0 0 
-0.120035 0.533661 0 0 0 
-0.0443359 0.534521 0 0 0 
-0.32369 0.574336 0 0 0 
-0.247991 0.575196 0 0 0 
-0.172292 0.576057 0 0 0 
-0.0965926 0.576917 0 0 0 
-0.300248 0.617592 0 0 0 
-0.224549 0.618452 0 0 0 
-0.148849 0.619312 0 0 0 
-0.276805 0.660848 0 0 0 
-0.201106 0.661708 0 0 0 
-0.253363 0.704104 0 0 0 
1 2 6
2 7 6
2 3 7
3 8 7
3 4 8
4 9 8
4 5 9
6 7 10
7 11 10
7 8 11
8 12 11
8 9 12
10 11 13
11 14 13
11 12 14
13 14 15
ZONE N=15, E=16, F=FEPOINT, ET=TRIANGLE
0.620235 0.150153 0 0 0 
0.565108 0.163493 0 0 0 
0.50998 0.176833 0 0 0 
0.454852 0.190173 0 0 0 
0.399724 0.203513 0 0 0 
0.590177 0.112614 0 0 0 
0.535049 0.125954 0 0 0 
0.479921 0.139294 0 0 0 
0.424793 0.152634 0 0 0 
0.560118 0.0750763 0 0 0 
0.50499 0.0884163 0 0 0 
0.449862 0.101756 0 0 0 
0.530059 0.0375381 0 0 0 
0.474931 0.0508782 0 0 0 
0.5 0 0 0 0 
1 2 6
2 7 6
2 3 7
3 8 7
3 4 8
4 9 8
4 5 9
6 7 10
7 11 10
7 8 11
8 12 11
8 9 12
10 11 13
11 14 13
11 12 14
13 14 15
ZONE N=15, E=16, F=FEPOINT, ET=TRIANGLE
0.620235 0.150153 0 0 0 
0.668229 0.147115 0 0 0 
0.716223 0.144076 0 0 0 
0.764217 0.141038 0 0 0 
0.812211 0.138 0 0 0 
0.649868 0.189116 0 0 0 
0.697861 0.186078 0 0 0 
0.745855 0.18304 0 0 0 
0.793849 0.180002 0 0 0 
0.6795 0.228079 0 0 0 
0.727493 0.225041 0 0 0 
0.775487 0.222003 0 0 0 
0.709132 0.267043 0 0 0 
0.757126 0.264004 0 0 0 
0.738764 0.306006 0 0 0 
1 2 6
2 7 6
2 3 7
3 8 7
3 4 8
4 9 8
4 5 9
6 7 10
7 11 10
7 8 11
8 12 11
8 9 12
10 11 13
11 14 13
11 12 14
13 14 15
ZONE N=15, E=16, F=FEPOINT, ET=TRIANGLE
0.738764 0.306006 0 0 0 
0.713709 0.329811 0 0 0 
0.688655 0.353615 0 0 0 
0.6636 0.37742 0 0 0 
0.638546 0.401225 0 0 0 
0.709132 0.267043 0 0 0 
0.684077 0.290847 0 0 0 
0.659023 0.314652 0 0 0 
0.633968 0.338457 0 0 0 
0.6795 0.228079 0 0 0 
0.654445 0.251884 0 0 0 
0.629391 0.275689 0 0 0 
0.649868 0.189116 0 0 0 
0.624813 0.212921 0 0 0 
0.620235 0.150153 0 0 0 
1 2 6
2 7 6
2 3 7
3 8 7
3 4 8
4 9 8
4 5 9
6 7 10
7 11 10
7 8 11
8 12 11
8 9 12
10 11 13
11 14 13
11 12 14
13 14 15
ZONE N=15, E=16, F=FEPOINT, ET=TRIANGLE
-0.0443359 0.534521 0 0 0 
-0.00200191 0.463089 0 0 0 
0.0403321 0.391658 0 0 0 
0.082666 0.320226 0 0 0 
0.125 0.248794 0 0 0 
0.0409346 0.537158 0 0 0 
0.0832686 0.465726 0 0 0 
0.125603 0.394294 0 0 0 
0.167937 0.322862 0 0 0 
0.126205 0.539794 0 0 0 
0.168539 0.468362 0 0 0 
0.210873 0.396931 0 0 0 
0.211476 0.542431 0 0 0 
0.25381 0.470999 0 0 0 
0.296746 0.545067 0 0 0 
1 2 6
2 7 6
2 3 7
3 8 7
3 4 8
4 9 8
4 5 9
6 7 10
7 11 10
7 8 11
8 12 11
8 9 12
10 11 13
11 14 13
11 12 14
13 14 15
ZONE N=15, E=16, F=FEPOINT, ET=TRIANGLE
0.469353 0.41944 0 0 0 
0.507074 0.352118 0 0 0 
0.544794 0.284796 0 0 0 
0.582515 0.217474 0 0 0 
0.620235 0.150153 0 0 0 
0.511651 0.414886 0 0 0 
0.549372 0.347564 0 0 0 
0.587092 0.280242 0 0 0 
0.624813 0.212921 0 0 0 
0.553949 0.410332 0 0 0 
0.59167 0.343011 0 0 0 
0.629391 0.275689 0 0 0 
0.596248 0.405779 0 0 0 
0.633968 0.338457 0 0 0 
0.638546 0.401225 0 0 0 
1 2 6
2 7 6
2 3 7
3 8 7
3 4 8
4 9 8
4 5 9
6 7 10
7 11 10
7 8 11
8 12 11
8 9 12
10 11 13
11 14 13
11 12 14
13 14 15
ZONE N=15, E=16, F=FEPOINT, ET=TRIANGLE
-0.170441 -0.600319 0 0 0 
-0.162184 -0.521574 0 0 0 
-0.153927 -0.44283 0 0 0 
-0.14567 -0.364085 0 0 0 
-0.137413 -0.285341 0 0 0 
-0.218601 -0.577126 0 0 0 
-0.210344 -0.498382 0 0 0 
-0.202087 -0.419637 0 0 0 
-0.19383 -0.340893 0 0 0 
-0.26676 -0.553934 0 0 0 
-0.258503 -0.475189 0 0 0 
-0.250246 -0.396445 0 0 0 
-0.31492 -0.530741 0 0 0 
-0.306663 -0.451997 0 0 0 
-0.36308 -0.507549 0 0 0 
1 2 6
2 7 6
2 3 7
3 8 7
3 4 8
4 9 8
4 5 9
6 7 10
7 11 10
7 8 11
8 12 11
8 9 12
10 11 13
11 14 13
11 12 14
13 14 15
ZONE N=15, E=16, F=FEPOINT, ET=TRIANGLE
-0.54501 -0.303969 0 0 0 
-0.495113 -0.27861 0 0 0 
-0.445216 -0.253251 0 0 0 
-0.395319 -0.227892 0 0 0 
-0.345422 -0.202533 0 0 0 
-0.564994 -0.255064 0 0 0 
-0.515097 -0.229705 0 0 0 
-0.4652 -0.204346 0 0 0 
-0.415303 -0.178987 0 0 0 
-0.584978 -0.206159 0 0 0 
-0.535081 -0.1808 0 0 0 
-0.485184 -0.15544 0 0 0 
-0.604962 -0.157253 0 0 0 
-0.555065 -0.131894 0 0 0 
-0.624946 -0.108348 0 0 0 
1 2 6
2 7 6
2 3 7
3 8 7
3 4 8
4 9 8
4 5 9
6 7 10
7 11 10
7 8 11
8 12 11
8 9 12
10 11 13
11 14 13
11 12 14
13 14 15
ZONE N=15, E=16, F=FEPOINT, ET=TRIANGLE
-0.54501 -0.303969 0 0 0 
-0.54286 -0.347818 0 0 0 
-0.54071 -0.391668 0 0 0 
-0.538561 -0.435517 0 0 0 
-0.536411 -0.479366 0 0 0 
-0.499527 -0.354864 0 0 0 
-0.497378 -0.398713 0 0 0 
-0.495228 -0.442563 0 0 0 
-0.493078 -0.486412 0 0 0 
-0.454045 -0.405759 0 0 0 
-0.451895 -0.449608 0 0 0 
-0.449745 -0.493458 0 0 0 
-0.408562 -0.456654 0 0 0 
-0.406413 -0.500503 0 0 0 
-0.36308 -0.507549 0 0 0 
1 2 6
2 7 6
2 3 7
3 8 7
3 4 8
4 9 8
4 5 9
6 7 10
7 11 10
7 8 11
8 12 11
8 9 12
10 11 13
11 14 13
11 12 14
13 14 15
ZONE N=15, E=16, F=FEPOINT, ET=TRIANGLE
-0.36308 -0.507549 0 0 0 
-0.306663 -0.451997 0 0 0 
-0.250246 -0.396445 0 0 0 
-0.19383 -0.340893 0 0 0 
-0.137413 -0.285341 0 0 0 
-0.358665 -0.431295 0 0 0 
-0.302248 -0.375743 0 0 0 
-0.245832 -0.320191 0 0 0 
-0.189415 -0.264639 0 0 0 
-0.354251 -0.355041 0 0 0 
-0.297834 -0.299489 0 0 0 
-0.241417 -0.243937 0 0 0 
-0.349836 -0.278787 0 0 0 
-0.293419 -0.223235 0 0 0 
-0.345422 -0.202533 0 0 0 
1 2 6
2 7 6
2 3 7
3 8 7
3 4 8
4 9 8
4 5 9
6 7 10
7 11 10
7 8 11
8 12 11
8 9 12
10 11 13
11 14 13
11 12 14
13 14 15
ZONE N=15, E=16, F=FEPOINT, ET=TRIANGLE
-0.417664 0.230495 0 0 0 
-0.460106 0.274573 0 0 0 
-0.502547 0.318651 0 0 0 
-0.544988 0.36273 0 0 0 
-0.58743 0.406808 0 0 0 
-0.470015 0.198816 0 0 0 
-0.512457 0.242894 0 0 0 
-0.554898 0.286972 0 0 0 
-0.59734 0.331051 0 0 0 
-0.522366 0.167137 0 0 0 
-0.564808 0.211215 0 0 0 
-0.607249 0.255294 0 0 0 
-0.574717 0.135458 0 0 0 
-0.617159 0.179536 0 0 0 
-0.627068 0.103779 0 0 0 
1 2 6
2 7 6
2 3 7
3 8 7
3 4 8
4 9 8
4 5 9
6 7 10
7 11 10
7 8 11
8 12 11
8 9 12
10 11 13
11 14 13
11 12 14
13 14 15
ZONE N=15, E=16, F=FEPOINT, ET=TRIANGLE
0.296746 0.545067 0 0 0 
0.27005 0.581007 0 0 0 
0.243355 0.616946 0 0 0 
0.216659 0.652886 0 0 0 
0.189964 0.688826 0 0 0 
0.211476 0.542431 0 0 0 
0.18478 0.57837 0 0 0 
0.158084 0.61431 0 0 0 
0.131389 0.650249 0 0 0 
0.126205 0.539794 0 0 0 
0.0995095 0.575734 0 0 0 
0.0728138 0.611673 0 0 0 
0.0409346 0.537158 0 0 0 
0.014239 0.573097 0 0 0 
-0.0443359 0.534521 0 0 0 
1 2 6
2 7 6
2 3 7
3 8 7
3 4 8
4 9 8
4 5 9
6 7 10
7 11 10
7 8 11
8 12 11
8 9 12
10 11 13
11 14 13
11 12 14
13 14 15
ZONE N=15, E=16, F=FEPOINT, ET=TRIANGLE
-0.417664 0.230495 0 0 0 
-0.34993 0.235708 0 0 0 
-0.282195 0.240922 0 0 0 
-0.214461 0.246136 0 0 0 
-0.146727 0.25135 0 0 0 
-0.400031 0.305641 0 0 0 
-0.332297 0.310855 0 0 0 
-0.264563 0.316069 0 0 0 
-0.196828 0.321282 0 0 0 
-0.382398 0.380787 0 0 0 
-0.314664 0.386001 0 0 0 
-0.24693 0.391215 0 0 0 
-0.364766 0.455934 0 0 0 
-0.297031 0.461148 0 0 0 
-0.347133 0.53108 0 0 0 
1 2 6
2 7 6
2 3 7
3 8 7
3 4 8
4 9 8
4 5 9
6 7 10
7 11 10
7 8 11
8 12 11
8 9 12
10 11 13
11 14 13
11 12 14
13 14 15
ZONE N=15, E=16, F=FEPOINT, ET=TRIANGLE
0.25 0 0 0 0 
0.21875 0.0621985 0 0 0 
0.1875 0.124397 0 0 0 
0.15625 0.186596 0 0 0 
0.125 0.248794 0 0 0 
0.1875 0 0 0 0 
0.15625 0.0621985 0 0 0 
0.125 0.124397 0 0 0 
0.09375 0.186596 0 0 0 
0.125 0 0 0 0 
0.09375 0.0621985 0 0 0 
0.0625 0.124397 0 0 0 
0.0625 0 0 0 0 
0.03125 0.0621985 0 0 0 
9.99201e-16 0 0 0 0 
1 2 6
2 7 6
2 3 7
3 8 7
3 4 8
4 9 8
4 5 9
6 7 10
7 11 10
7 8 11
8 12 11
8 9 12
10 11 13
11 14 13
11 12 14
13 14 15
ZONE N=15, E=16, F=FEPOINT, ET=TRIANGLE
0.125 0.248794 0 0 0 
0.0570683 0.249433 0 0 0 
-0.0108634 0.250072 0 0 0 
-0.0787951 0.250711 0 0 0 
-0.146727 0.25135 0 0 0 
0.09375 0.186596 0 0 0 
0.0258183 0.187234 0 0 0 
-0.0421134 0.187873 0 0 0 
-0.110045 0.188512 0 0 0 
0.0625 0.124397 0 0 0 
-0.00543169 0.125036 0 0 0 
-0.0733634 0.125675 0 0 0 
0.03125 0.0621985 0 0 0 
-0.0366817 0.0628374 0 0 0 
9.99201e-16 0 0 0 0 
1 2 6
2 7 6
2 3 7
3 8 7
3 4 8
4 9 8
4 5 9
6 7 10
7 11 10
7 8 11
8 12 11
8 9 12
10 11 13
11 14 13
11 12 14
13 14 15
ZONE N=15, E=16, F=FEPOINT, ET=TRIANGLE
9.99201e-16 0 0 0 0 
-0.0366817 0.0628374 0 0 0 
-0.0733634 0.125675 0 0 0 
-0.110045 0.188512 0 0 0 
-0.146727 0.25135 0 0 0 
-0.0625 0 0 0 0 
-0.0991817 0.0628374 0 0 0 
-0.135863 0.125675 0 0 0 
-0.172545 0.188512 0 0 0 
-0.125 0 0 0 0 
-0.161682 0.0628374 0 0 0 
-0.198363 0.125675 0 0 0 
-0.1875 0 0 0 0 
-0.224182 0.0628374 0 0 0 
-0.25 0 0 0 0 
1 2 6
2 7 6
2 3 7
3 8 7
3 4 8
4 9 8
4 5 9
6 7 10
7 11 10
7 8 11
8 12 11
8 9 12
10 11 13
11 14 13
11 12 14
13 14 15
ZONE N=15, E=16, F=FEPOINT, ET=TRIANGLE
9.99201e-16 0 0 0 0 
-0.0343532 -0.0713353 0 0 0 
-0.0687065 -0.142671 0 0 0 
-0.10306 -0.214006 0 0 0 
-0.137413 -0.285341 0 0 0 
0.0180483 -0.0963333 0 0 0 
-0.016305 -0.167669 0 0 0 
-0.0506582 -0.239004 0 0 0 
-0.0850115 -0.310339 0 0 0 
0.0360966 -0.192667 0 0 0 
0.00174332 -0.264002 0 0 0 
-0.0326099 -0.335337 0 0 0 
0.0541449 -0.289 0 0 0 
0.0197916 -0.360335 0 0 0 
0.0721931 -0.385333 0 0 0 
1 2 6
2 7 6
2 3 7
3 8 7
3 4 8
4 9 8
4 5 9
6 7 10
7 11 10
7 8 11
8 12 11
8 9 12
10 11 13
11 14 13
11 12 14
13 14 15
ZONE N=15, E=16, F=FEPOINT, ET=TRIANGLE
0.503058 -0.386627 0 0 0 
0.452517 -0.376217 0 0 0 
0.401977 -0.365807 0 0 0 
0.351437 -0.355397 0 0 0 
0.300897 -0.344987 0 0 0 
0.453423 -0.42781 0 0 0 
0.402883 -0.4174 0 0 0 
0.352343 -0.40699 0 0 0 
0.301803 -0.39658 0 0 0 
0.403789 -0.468993 0 0 0 
0.353249 -0.458583 0 0 0 
0.302709 -0.448173 0 0 0 
0.354155 -0.510177 0 0 0 
0.303615 -0.499766 0 0 0 
0.304521 -0.55136 0 0 0 
1 2 6
2 7 6
2 3 7
3 8 7
3 4 8
4 9 8
4 5 9
6 7 10
7 11 10
7 8 11
8 12 11
8 9 12
10 11 13
11 14 13
11 12 14
13 14 15
ZONE N=15, E=16, F=FEPOINT, ET=TRIANGLE
0.469353 0.41944 0 0 0 
0.426201 0.450847 0 0 0 
0.38305 0.482253 0 0 0 
0.339898 0.51366 0 0 0 
0.296746 0.545067 0 0 0 
0.451946 0.365458 0 0 0 
0.408794 0.396865 0 0 0 
0.365642 0.428272 0 0 0 
0.32249 0.459679 0 0 0 
0.434538 0.311476 0 0 0 
0.391387 0.342883 0 0 0 
0.348235 0.37429 0 0 0 
0.417131 0.257494 0 0 0 
0.373979 0.288901 0 0 0 
0.399724 0.203513 0 0 0 
1 2 6
2 7 6
2 3 7
3 8 7
3 4 8
4 9 8
4 5 9
6 7 10
7 11 10
7 8 11
8 12 11
8 9 12
10 11 13
11 14 13
11 12 14
13 14 15
ZONE N=15, E=16, F=FEPOINT, ET=TRIANGLE
0.125 0.248794 0 0 0 
0.15625 0.186596 0 0 0 
0.1875 0.124397 0 0 0 
0.21875 0.0621985 0 0 0 
0.25 0 0 0 0 
0.193681 0.237474 0 0 0 
0.224931 0.175275 0 0 0 
0.256181 0.113077 0 0 0 
0.287431 0.0508782 0 0 0 
0.262362 0.226153 0 0 0 
0.293612 0.163955 0 0 0 
0.324862 0.101756 0 0 0 
0.331043 0.214833 0 0 0 
0.362293 0.152634 0 0 0 
0.399724 0.203513 0 0 0 
1 2 6
2 7 6
2 3 7
3 8 7
3 4 8
4 9 8
4 5 9
6 7 10
7 11 10
7 8 11
8 12 11
8 9 12
10 11 13
11 14 13
11 12 14
13 14 15
ZONE N=15, E=16, F=FEPOINT, ET=TRIANGLE
0.25 0 0 0 0 
0.297851 -0.0484473 0 0 0 
0.345702 -0.0968946 0 0 0 
0.393553 -0.145342 0 0 0 
0.441404 -0.193789 0 0 0 
0.3125 0 0 0 0 
0.360351 -0.0484473 0 0 0 
0.408202 -0.0968946 0 0 0 
0.456053 -0.145342 0 0 0 
0.375 0 0 0 0 
0.422851 -0.0484473 0 0 0 
0.470702 -0.0968946 0 0 0 
0.4375 0 0 0 0 
0.485351 -0.0484473 0 0 0 
0.5 0 0 0 0 
1 2 6
2 7 6
2 3 7
3 8 7
3 4 8
4 9 8
4 5 9
6 7 10
7 11 10
7 8 11
8 12 11
8 9 12
10 11 13
11 14 13
11 12 14
13 14 15
ZONE N=15, E=16, F=FEPOINT, ET=TRIANGLE
0.25 0 0 0 0 
0.3125 0 0 0 0 
0.375 0 0 0 0 
0.4375 0 0 0 0 
0.5 0 0 0 0 
0.287431 0.0508782 0 0 0 
0.349931 0.0508782 0 0 0 
0.412431 0.0508782 0 0 0 
0.474931 0.0508782 0 0 0 
0.324862 0.101756 0 0 0 
0.387362 0.101756 0 0 0 
0.449862 0.101756 0 0 0 
0.362293 0.152634 0 0 0 
0.424793 0.152634 0 0 0 
0.399724 0.203513 0 0 0 
1 2 6
2 7 6
2 3 7
3 8 7
3 4 8
4 9 8
4 5 9
6 7 10
7 11 10
7 8 11
8 12 11
8 9 12
10 11 13
11 14 13
11 12 14
13 14 15
ZONE N=15, E=16, F=FEPOINT, ET=TRIANGLE
0.300897 -0.344987 0 0 0 
0.336024 -0.307187 0 0 0 
0.37115 -0.269388 0 0 0 
0.406277 -0.231588 0 0 0 
0.441404 -0.193789 0 0 0 
0.288173 -0.25874 0 0 0 
0.323299 -0.220941 0 0 0 
0.358426 -0.183141 0 0 0 
0.393553 -0.145342 0 0 0 
0.275448 -0.172493 0 0 0 
0.310575 -0.134694 0 0 0 
0.345702 -0.0968946 0 0 0 
0.262724 -0.0862466 0 0 0 
0.297851 -0.0484473 0 0 0 
0.25 0 0 0 0 
1 2 6
2 7 6
2 3 7
3 8 7
3 4 8
4 9 8
4 5 9
6 7 10
7 11 10
7 8 11
8 12 11
8 9 12
10 11 13
11 14 13
11 12 14
13 14 15
ZONE N=15, E=16, F=FEPOINT, ET=TRIANGLE
9.99201e-16 0 0 0 0 
0.0180483 -0.0963333 0 0 0 
0.0360966 -0.192667 0 0 0 
0.0541449 -0.289 0 0 0 
0.0721931 -0.385333 0 0 0 
0.0625 0 0 0 0 
0.0805483 -0.0963333 0 0 0 
0.0985966 -0.192667 0 0 0 
0.116645 -0.289 0 0 0 
0.125 0 0 0 0 
0.143048 -0.0963333 0 0 0 
0.161097 -0.192667 0 0 0 
0.1875 0 0 0 0 
0.205548 -0.0963333 0 0 0 
0.25 0 0 0 0 
1 2 6
2 7 6
2 3 7
3 8 7
3 4 8
4 9 8
4 5 9
6 7 10
7 11 10
7 8 11
8 12 11
8 9 12
10 11 13
11 14 13
11 12 14
13 14 15
ZONE N=15, E=16, F=FEPOINT, ET=TRIANGLE
0.102155 -0.615627 0 0 0 
0.0946647 -0.558054 0 0 0 
0.0871742 -0.50048 0 0 0 
0.0796837 -0.442907 0 0 0 
0.0721931 -0.385333 0 0 0 
0.0340061 -0.6118 0 0 0 
0.0265156 -0.554227 0 0 0 
0.0190251 -0.496653 0 0 0 
0.0115345 -0.43908 0 0 0 
-0.034143 -0.607973 0 0 0 
-0.0416336 -0.5504 0 0 0 
-0.0491241 -0.492826 0 0 0 
-0.102292 -0.604146 0 0 0 
-0.109783 -0.546572 0 0 0 
-0.170441 -0.600319 0 0 0 
1 2 6
2 7 6
2 3 7
3 8 7
3 4 8
4 9 8
4 5 9
6 7 10
7 11 10
7 8 11
8 12 11
8 9 12
10 11 13
11 14 13
11 12 14
13 14 15
ZONE N=15, E=16, F=FEPOINT, ET=TRIANGLE
-0.25 0 0 0 0 
-0.221853 -0.0713353 0 0 0 
-0.193706 -0.142671 0 0 0 
-0.16556 -0.214006 0 0 0 
-0.137413 -0.285341 0 0 0 
-0.1875 0 0 0 0 
-0.159353 -0.0713353 0 0 0 
-0.131206 -0.142671 0 0 0 
-0.10306 -0.214006 0 0 0 
-0.125 0 0 0 0 
-0.0968532 -0.0713353 0 0 0 
-0.0687065 -0.142671 0 0 0 
-0.0625 0 0 0 0 
-0.0343532 -0.0713353 0 0 0 
9.99201e-16 0 0 0 0 
1 2 6
2 7 6
2 3 7
3 8 7
3 4 8
4 9 8
4 5 9
6 7 10
7 11 10
7 8 11
8 12 11
8 9 12
10 11 13
11 14 13
11 12 14
13 14 15
ZONE N=15, E=16, F=FEPOINT, ET=TRIANGLE
-0.25 0 0 0 0 
-0.291916 0.0576236 0 0 0 
-0.333832 0.115247 0 0 0 
-0.375748 0.172871 0 0 0 
-0.417664 0.230495 0 0 0 
-0.3125 0 0 0 0 
-0.354416 0.0576236 0 0 0 
-0.396332 0.115247 0 0 0 
-0.438248 0.172871 0 0 0 
-0.375 0 0 0 0 
-0.416916 0.0576236 0 0 0 
-0.458832 0.115247 0 0 0 
-0.4375 0 0 0 0 
-0.479416 0.0576236 0 0 0 
-0.5 0 0 0 0 
1 2 6
2 7 6
2 3 7
3 8 7
3 4 8
4 9 8
4 5 9
6 7 10
7 11 10
7 8 11
8 12 11
8 9 12
10 11 13
11 14 13
11 12 14
13 14 15
ZONE N=15, E=16, F=FEPOINT, ET=TRIANGLE
-0.345422 -0.202533 0 0 0 
-0.384066 -0.1519 0 0 0 
-0.422711 -0.101266 0 0 0 
-0.461355 -0.0506332 0 0 0 
-0.5 0 0 0 0 
-0.415303 -0.178987 0 0 0 
-0.453947 -0.128353 0 0 0 
-0.492592 -0.0777202 0 0 0 
-0.531236 -0.0270871 0 0 0 
-0.485184 -0.15544 0 0 0 
-0.523828 -0.104807 0 0 0 
-0.562473 -0.0541741 0 0 0 
-0.555065 -0.131894 0 0 0 
-0.593709 -0.0812612 0 0 0 
-0.624946 -0.108348 0 0 0 
1 2 6
2 7 6
2 3 7
3 8 7
3 4 8
4 9 8
4 5 9
6 7 10
7 11 10
7 8 11
8 12 11
8 9 12
10 11 13
11 14 13
11 12 14
13 14 15
ZONE N=15, E=16, F=FEPOINT, ET=TRIANGLE
0.399724 0.203513 0 0 0 
0.373979 0.288901 0 0 0 
0.348235 0.37429 0 0 0 
0.32249 0.459679 0 0 0 
0.296746 0.545067 0 0 0 
0.331043 0.214833 0 0 0 
0.305298 0.300222 0 0 0 
0.279554 0.38561 0 0 0 
0.25381 0.470999 0 0 0 
0.262362 0.226153 0 0 0 
0.236617 0.311542 0 0 0 
0.210873 0.396931 0 0 0 
0.193681 0.237474 0 0 0 
0.167937 0.322862 0 0 0 
0.125 0.248794 0 0 0 
1 2 6
2 7 6
2 3 7
3 8 7
3 4 8
4 9 8
4 5 9
6 7 10
7 11 10
7 8 11
8 12 11
8 9 12
10 11 13
11 14 13
11 12 14
13 14 15
ZONE N=15, E=16, F=FEPOINT, ET=TRIANGLE
-0.25 0 0 0 0 
-0.224182 0.0628374 0 0 0 
-0.198363 0.125675 0 0 0 
-0.172545 0.188512 0 0 0 
-0.146727 0.25135 0 0 0 
-0.291916 0.0576236 0 0 0 
-0.266098 0.120461 0 0 0 
-0.240279 0.183298 0 0 0 
-0.214461 0.246136 0 0 0 
-0.333832 0.115247 0 0 0 
-0.308014 0.178085 0 0 0 
-0.282195 0.240922 0 0 0 
-0.375748 0.172871 0 0 0 
-0.34993 0.235708 0 0 0 
-0.417664 0.230495 0 0 0 
1 2 6
2 7 6
2 3 7
3 8 7
3 4 8
4 9 8
4 5 9
6 7 10
7 11 10
7 8 11
8 12 11
8 9 12
10 11 13
11 14 13
11 12 14
13 14 15
ZONE N=15, E=16, F=FEPOINT, ET=TRIANGLE
-0.146727 0.25135 0 0 0 
-0.0787951 0.250711 0 0 0 
-0.0108634 0.250072 0 0 0 
0.0570683 0.249433 0 0 0 
0.125 0.248794 0 0 0 
-0.121129 0.322142 0 0 0 
-0.0531974 0.321504 0 0 0 
0.0147343 0.320865 0 0 0 
0.082666 0.320226 0 0 0 
-0.0955313 0.392935 0 0 0 
-0.0275996 0.392296 0 0 0 
0.0403321 0.391658 0 0 0 
-0.0699336 0.463728 0 0 0 
-0.00200191 0.463089 0 0 0 
-0.0443359 0.534521 0 0 0 
1 2 6
2 7 6
2 3 7
3 8 7
3 4 8
4 9 8
4 5 9
6 7 10
7 11 10
7 8 11
8 12 11
8 9 12
10 11 13
11 14 13
11 12 14
13 14 15
ZONE N=15, E=16, F=FEPOINT, ET=TRIANGLE
-0.0443359 0.534521 0 0 0 
-0.120035 0.533661 0 0 0 
-0.195734 0.532801 0 0 0 
-0.271434 0.531941 0 0 0 
-0.347133 0.53108 0 0 0 
-0.0699336 0.463728 0 0 0 
-0.145633 0.462868 0 0 0 
-0.221332 0.462008 0 0 0 
-0.297031 0.461148 0 0 0 
-0.0955313 0.392935 0 0 0 
-0.171231 0.392075 0 0 0 
-0.24693 0.391215 0 0 0 
-0.121129 0.322142 0 0 0 
-0.196828 0.321282 0 0 0 
-0.146727 0.25135 0 0 0 
1 2 6
2 7 6
2 3 7
3 8 7
3 4 8
4 9 8
4 5 9
6 7 10
7 11 10
7 8 11
8 12 11
8 9 12
10 11 13
11 14 13
11 12 14
13 14 15
ZONE N=15, E=16, F=FEPOINT, ET=TRIANGLE
0.25 0 0 0 0 
0.205548 -0.0963333 0 0 0 
0.161097 -0.192667 0 0 0 
0.116645 -0.289 0 0 0 
0.0721931 -0.385333 0 0 0 
0.262724 -0.0862466 0 0 0 
0.218272 -0.18258 0 0 0 
0.173821 -0.278913 0 0 0 
0.129369 -0.375247 0 0 0 
0.275448 -0.172493 0 0 0 
0.230997 -0.268827 0 0 0 
0.186545 -0.36516 0 0 0 
0.288173 -0.25874 0 0 0 
0.243721 -0.355073 0 0 0 
0.300897 -0.344987 0 0 0 
1 2 6
2 7 6
2 3 7
3 8 7
3 4 8
4 9 8
4 5 9
6 7 10
7 11 10
7 8 11
8 12 11
8 9 12
10 11 13
11 14 13
11 12 14
13 14 15
ZONE N=15, E=16, F=FEPOINT, ET=TRIANGLE
-0.137413 -0.285341 0 0 0 
-0.14567 -0.364085 0 0 0 
-0.153927 -0.44283 0 0 0 
-0.162184 -0.521574 0 0 0 
-0.170441 -0.600319 0 0 0 
-0.0850115 -0.310339 0 0 0 
-0.0932685 -0.389084 0 0 0 
-0.101526 -0.467828 0 0 0 
-0.109783 -0.546572 0 0 0 
-0.0326099 -0.335337 0 0 0 
-0.040867 -0.414082 0 0 0 
-0.0491241 -0.492826 0 0 0 
0.0197916 -0.360335 0 0 0 
0.0115345 -0.43908 0 0 0 
0.0721931 -0.385333 0 0 0 
1 2 6
2 7 6
2 3 7
3 8 7
3 4 8
4 9 8
4 5 9
6 7 10
7 11 10
7 8 11
8 12 11
8 9 12
10 11 13
11 14 13
11 12 14
13 14 15
ZONE N=15, E=16, F=FEPOINT, ET=TRIANGLE
-0.345422 -0.202533 0 0 0 
-0.293419 -0.223235 0 0 0 
-0.241417 -0.243937 0 0 0 
-0.189415 -0.264639 0 0 0 
-0.137413 -0.285341 0 0 0 
-0.321566 -0.1519 0 0 0 
-0.269564 -0.172602 0 0 0 
-0.217562 -0.193304 0 0 0 
-0.16556 -0.214006 0 0 0 
-0.297711 -0.101266 0 0 0 
-0.245709 -0.121968 0 0 0 
-0.193706 -0.142671 0 0 0 
-0.273855 -0.0506332 0 0 0 
-0.221853 -0.0713353 0 0 0 
-0.25 0 0 0 0 
1 2 6
2 7 6
2 3 7
3 8 7
3 4 8
4 9 8
4 5 9
6 7 10
7 11 10
7 8 11
8 12 11
8 9 12
10 11 13
11 14 13
11 12 14
13 14 15
ZONE N=15, E=16, F=FEPOINT, ET=TRIANGLE
-0.25 0 0 0 0 
-0.3125 0 0 0 0 
-0.375 0 0 0 0 
-0.4375 0 0 0 0 
-0.5 0 0 0 0 
-0.273855 -0.0506332 0 0 0 
-0.336355 -0.0506332 0 0 0 
-0.398855 -0.0506332 0 0 0 
-0.461355 -0.0506332 0 0 0 
-0.297711 -0.101266 0 0 0 
-0.360211 -0.101266 0 0 0 
-0.422711 -0.101266 0 0 0 
-0.321566 -0.1519 0 0 0 
-0.384066 -0.1519 0 0 0 
-0.345422 -0.202533 0 0 0 
1 2 6
2 7 6
2 3 7
3 8 7
3 4 8
4 9 8
4 5 9
6 7 10
7 11 10
7 8 11
8 12 11
8 9 12
10 11 13
11 14 13
11 12 14
13 14 15
