ZONE N=15, E=16, F=FEPOINT, ET=TRIANGLE
0.0490677 0.998795 0 0 0 0 
0.0536009 0.986471 0 0 0 0 
0.0581342 0.974146 0 0 0 0 
0.0626674 0.961821 0 0 0 0 
0.0672007 0.949497 0 0 0 0 
0.0613207 0.998118 0 0 0 0 
0.0658491 0.985718 0 0 0 0 
0.0703771 0.973318 0 0 0 0 
0.0749048 0.960919 0 0 0 0 
0.0735646 0.99729 0 0 0 0 
0.078087 0.984816 0 0 0 0 
0.0826089 0.972341 0 0 0 0 
0.0857973 0.996313 0 0 0 0 
0.090313 0.983763 0 0 0 0 
0.0980171 0.995185 0 0 0 0 
1 2 6
2 7 6
2 3 7
3 8 7
3 4 8
4 9 8
4 5 9
6 7 10
7 11 10
7 8 11
8 12 11
8 9 12
10 11 13
11 14 13
11 12 14
13 14 15
ZONE N=15, E=16, F=FEPOINT, ET=TRIANGLE
0.0490677 0.998795 0 0 0 0 
0.0368072 0.999322 0 0 0 0 
0.0245412 0.999699 0 0 0 0 
0.0122715 0.999925 0 0 0 0 
6.245e-17 1 0 0 0 0 
0.0431123 0.988071 0 0 0 0 
0.0308494 0.988522 0 0 0 0 
0.0185819 0.988823 0 0 0 0 
0.00631159 0.988974 0 0 0 0 
0.037157 0.977346 0 0 0 0 
0.0248919 0.977722 0 0 0 0 
0.0126232 0.977948 0 0 0 0 
0.0312017 0.966621 0 0 0 0 
0.0189348 0.966922 0 0 0 0 
0.0252464 0.955896 0 0 0 0 
1 2 6
2 7 6
2 3 7
3 8 7
3 4 8
4 9 8
4 5 9
6 7 10
7 11 10
7 8 11
8 12 11
8 9 12
10 11 13
11 14 13
11 12 14
13 14 15
ZONE N=15, E=16, F=FEPOINT, ET=TRIANGLE
0.105005 0.943913 0 0 0 0 
0.115437 0.955229 0 0 0 0 
0.125868 0.966545 0 0 0 0 
0.136299 0.977861 0 0 0 0 
0.14673 0.989177 0 0 0 0 
0.103258 0.956731 0 0 0 0 
0.113699 0.968121 0 0 0 0 
0.12414 0.979512 0 0 0 0 
0.134581 0.990903 0 0 0 0 
0.101511 0.969549 0 0 0 0 
0.111961 0.981014 0 0 0 0 
0.122411 0.99248 0 0 0 0 
0.0997642 0.982367 0 0 0 0 
0.110222 0.993907 0 0 0 0 
0.0980171 0.995185 0 0 0 0 
1 2 6
2 7 6
2 3 7
3 8 7
3 4 8
4 9 8
4 5 9
6 7 10
7 11 10
7 8 11
8 12 11
8 9 12
10 11 13
11 14 13
11 12 14
13 14 15
ZONE N=15, E=16, F=FEPOINT, ET=TRIANGLE
0.19509 0.980785 0 0 0 0 
0.193348 0.96598 0 0 0 0 
0.191605 0.951174 0 0 0 0 
0.189863 0.936368 0 0 0 0 
0.18812 0.921562 0 0 0 0 
0.207111 0.978317 0 0 0 0 
0.205353 0.963438 0 0 0 0 
0.203594 0.948559 0 0 0 0 
0.201835 0.93368 0 0 0 0 
0.219101 0.975702 0 0 0 0 
0.217326 0.960749 0 0 0 0 
0.21555 0.945797 0 0 0 0 
0.231058 0.97294 0 0 0 0 
0.229265 0.957914 0 0 0 0 
0.24298 0.970031 0 0 0 0 
1 2 6
2 7 6
2 3 7
3 8 7
3 4 8
4 9 8
4 5 9
6 7 10
7 11 10
7 8 11
8 12 11
8 9 12
10 11 13
11 14 13
11 12 14
13 14 15
ZONE N=15, E=16, F=FEPOINT, ET=TRIANGLE
0.14673 0.989177 0 0 0 0 
0.148042 0.975417 0 0 0 0 
0.149354 0.961657 0 0 0 0 
0.150666 0.947897 0 0 0 0 
0.151978 0.934137 0 0 0 0 
0.158858 0.987301 0 0 0 0 
0.160158 0.973467 0 0 0 0 
0.161457 0.959633 0 0 0 0 
0.162756 0.945799 0 0 0 0 
0.170962 0.985278 0 0 0 0 
0.172248 0.971369 0 0 0 0 
0.173534 0.957461 0 0 0 0 
0.18304 0.983105 0 0 0 0 
0.184312 0.969123 0 0 0 0 
0.19509 0.980785 0 0 0 0 
1 2 6
2 7 6
2 3 7
3 8 7
3 4 8
4 9 8
4 5 9
6 7 10
7 11 10
7 8 11
8 12 11
8 9 12
10 11 13
11 14 13
11 12 14
13 14 15
ZONE N=15, E=16, F=FEPOINT, ET=TRIANGLE
0.33689 0.941544 0 0 0 0 
0.339728 0.928409 0 0 0 0 
0.342566 0.915273 0 0 0 0 
0.345404 0.902138 0 0 0 0 
0.348243 0.889002 0 0 0 0 
0.348419 0.937339 0 0 0 0 
0.35123 0.924133 0 0 0 0 
0.354042 0.910927 0 0 0 0 
0.356853 0.897722 0 0 0 0 
0.359895 0.932993 0 0 0 0 
0.362679 0.919717 0 0 0 0 
0.365463 0.906441 0 0 0 0 
0.371317 0.928506 0 0 0 0 
0.374073 0.91516 0 0 0 0 
0.382683 0.92388 0 0 0 0 
1 2 6
2 7 6
2 3 7
3 8 7
3 4 8
4 9 8
4 5 9
6 7 10
7 11 10
7 8 11
8 12 11
8 9 12
10 11 13
11 14 13
11 12 14
13 14 15
ZONE N=15, E=16, F=FEPOINT, ET=TRIANGLE
0.258991 0.927036 0 0 0 0 
0.266815 0.934512 0 0 0 0 
0.274638 0.941988 0 0 0 0 
0.282461 0.949464 0 0 0 0 
0.290285 0.95694 0 0 0 0 
0.254988 0.937785 0 0 0 0 
0.262832 0.945334 0 0 0 0 
0.270676 0.952882 0 0 0 0 
0.27852 0.960431 0 0 0 0 
0.250986 0.948534 0 0 0 0 
0.258849 0.956155 0 0 0 0 
0.266713 0.963776 0 0 0 0 
0.246983 0.959283 0 0 0 0 
0.254866 0.966976 0 0 0 0 
0.24298 0.970031 0 0 0 0 
1 2 6
2 7 6
2 3 7
3 8 7
3 4 8
4 9 8
4 5 9
6 7 10
7 11 10
7 8 11
8 12 11
8 9 12
10 11 13
11 14 13
11 12 14
13 14 15
ZONE N=15, E=16, F=FEPOINT, ET=TRIANGLE
0.306764 0.917209 0 0 0 0 
0.314296 0.923292 0 0 0 0 
0.321827 0.929376 0 0 0 0 
0.329358 0.93546 0 0 0 0 
0.33689 0.941544 0 0 0 0 
0.302644 0.927142 0 0 0 0 
0.310199 0.933297 0 0 0 0 
0.317755 0.939452 0 0 0 0 
0.32531 0.945607 0 0 0 0 
0.298525 0.937074 0 0 0 0 
0.306103 0.943301 0 0 0 0 
0.313682 0.949528 0 0 0 0 
0.294405 0.947007 0 0 0 0 
0.302006 0.953306 0 0 0 0 
0.290285 0.95694 0 0 0 0 
1 2 6
2 7 6
2 3 7
3 8 7
3 4 8
4 9 8
4 5 9
6 7 10
7 11 10
7 8 11
8 12 11
8 9 12
10 11 13
11 14 13
11 12 14
13 14 15
ZONE N=15, E=16, F=FEPOINT, ET=TRIANGLE
0.595699 0.803208 0 0 0 0 
0.598056 0.787118 0 0 0 0 
0.600413 0.771029 0 0 0 0 
0.60277 0.75494 0 0 0 0 
0.605127 0.738851 0 0 0 0 
0.605511 0.795837 0 0 0 0 
0.607822 0.779688 0 0 0 0 
0.610133 0.763539 0 0 0 0 
0.612443 0.747391 0 0 0 0 
0.615232 0.788346 0 0 0 0 
0.617496 0.772138 0 0 0 0 
0.61976 0.755931 0 0 0 0 
0.624859 0.780737 0 0 0 0 
0.627077 0.764471 0 0 0 0 
0.634393 0.77301 0 0 0 0 
1 2 6
2 7 6
2 3 7
3 8 7
3 4 8
4 9 8
4 5 9
6 7 10
7 11 10
7 8 11
8 12 11
8 9 12
10 11 13
11 14 13
11 12 14
13 14 15
ZONE N=15, E=16, F=FEPOINT, ET=TRIANGLE
0.55557 0.83147 0 0 0 0 
0.554901 0.819494 0 0 0 0 
0.554232 0.807519 0 0 0 0 
0.553562 0.795544 0 0 0 0 
0.552893 0.783569 0 0 0 0 
0.565732 0.824589 0 0 0 0 
0.56502 0.812552 0 0 0 0 
0.564307 0.800515 0 0 0 0 
0.563595 0.788478 0 0 0 0 
0.575808 0.817585 0 0 0 0 
0.575052 0.805486 0 0 0 0 
0.574296 0.793388 0 0 0 0 
0.585798 0.810457 0 0 0 0 
0.584998 0.798298 0 0 0 0 
0.595699 0.803208 0 0 0 0 
1 2 6
2 7 6
2 3 7
3 8 7
3 4 8
4 9 8
4 5 9
6 7 10
7 11 10
7 8 11
8 12 11
8 9 12
10 11 13
11 14 13
11 12 14
13 14 15
ZONE N=15, E=16, F=FEPOINT, ET=TRIANGLE
0.471397 0.881921 0 0 0 0 
0.470819 0.869871 0 0 0 0 
0.470242 0.857821 0 0 0 0 
0.469665 0.845772 0 0 0 0 
0.469088 0.833722 0 0 0 0 
0.482184 0.87607 0 0 0 0 
0.48157 0.863954 0 0 0 0 
0.480956 0.851839 0 0 0 0 
0.480341 0.839723 0 0 0 0 
0.492898 0.870087 0 0 0 0 
0.492247 0.857906 0 0 0 0 
0.491595 0.845725 0 0 0 0 
0.503538 0.863973 0 0 0 0 
0.502849 0.851727 0 0 0 0 
0.514103 0.857729 0 0 0 0 
1 2 6
2 7 6
2 3 7
3 8 7
3 4 8
4 9 8
4 5 9
6 7 10
7 11 10
7 8 11
8 12 11
8 9 12
10 11 13
11 14 13
11 12 14
13 14 15
ZONE N=15, E=16, F=FEPOINT, ET=TRIANGLE
0.496301 0.81272 0 0 0 0 
0.511118 0.817407 0 0 0 0 
0.525935 0.822095 0 0 0 0 
0.540753 0.826782 0 0 0 0 
0.55557 0.83147 0 0 0 0 
0.500751 0.823972 0 0 0 0 
0.515609 0.828723 0 0 0 0 
0.530467 0.833474 0 0 0 0 
0.545325 0.838225 0 0 0 0 
0.505202 0.835224 0 0 0 0 
0.520099 0.840039 0 0 0 0 
0.534998 0.844854 0 0 0 0 
0.509652 0.846476 0 0 0 0 
0.52459 0.851355 0 0 0 0 
0.514103 0.857729 0 0 0 0 
1 2 6
2 7 6
2 3 7
3 8 7
3 4 8
4 9 8
4 5 9
6 7 10
7 11 10
7 8 11
8 12 11
8 9 12
10 11 13
11 14 13
11 12 14
13 14 15
ZONE N=15, E=16, F=FEPOINT, ET=TRIANGLE
0.671559 0.740951 0 0 0 0 
0.662416 0.749136 0 0 0 0 
0.653173 0.757209 0 0 0 0 
0.643832 0.765167 0 0 0 0 
0.634393 0.77301 0 0 0 0 
0.662536 0.738606 0 0 0 0 
0.653343 0.746735 0 0 0 0 
0.644051 0.75475 0 0 0 0 
0.634661 0.76265 0 0 0 0 
0.653512 0.736261 0 0 0 0 
0.64427 0.744332 0 0 0 0 
0.634929 0.75229 0 0 0 0 
0.644489 0.733915 0 0 0 0 
0.635197 0.74193 0 0 0 0 
0.635465 0.73157 0 0 0 0 
1 2 6
2 7 6
2 3 7
3 8 7
3 4 8
4 9 8
4 5 9
6 7 10
7 11 10
7 8 11
8 12 11
8 9 12
10 11 13
11 14 13
11 12 14
13 14 15
ZONE N=15, E=16, F=FEPOINT, ET=TRIANGLE
0.678267 0.707839 0 0 0 0 
0.685477 0.707656 0 0 0 0 
0.692687 0.707473 0 0 0 0 
0.699897 0.70729 0 0 0 0 
0.707107 0.707107 0 0 0 0 
0.67659 0.716117 0 0 0 0 
0.683852 0.715988 0 0 0 0 
0.691114 0.71586 0 0 0 0 
0.698376 0.715731 0 0 0 0 
0.674913 0.724395 0 0 0 0 
0.682226 0.724321 0 0 0 0 
0.689541 0.724247 0 0 0 0 
0.673236 0.732673 0 0 0 0 
0.680601 0.732654 0 0 0 0 
0.671559 0.740951 0 0 0 0 
1 2 6
2 7 6
2 3 7
3 8 7
3 4 8
4 9 8
4 5 9
6 7 10
7 11 10
7 8 11
8 12 11
8 9 12
10 11 13
11 14 13
11 12 14
13 14 15
ZONE N=15, E=16, F=FEPOINT, ET=TRIANGLE
0.471397 0.881921 0 0 0 0 
0.460539 0.88764 0 0 0 0 
0.449611 0.893224 0 0 0 0 
0.438616 0.898674 0 0 0 0 
0.427555 0.903989 0 0 0 0 
0.463614 0.873403 0 0 0 0 
0.452722 0.879054 0 0 0 0 
0.441761 0.884572 0 0 0 0 
0.430733 0.889954 0 0 0 0 
0.455832 0.864885 0 0 0 0 
0.444906 0.870469 0 0 0 0 
0.433911 0.875919 0 0 0 0 
0.44805 0.856367 0 0 0 0 
0.437089 0.861884 0 0 0 0 
0.440267 0.847849 0 0 0 0 
1 2 6
2 7 6
2 3 7
3 8 7
3 4 8
4 9 8
4 5 9
6 7 10
7 11 10
7 8 11
8 12 11
8 9 12
10 11 13
11 14 13
11 12 14
13 14 15
ZONE N=15, E=16, F=FEPOINT, ET=TRIANGLE
0.427555 0.903989 0 0 0 0 
0.41643 0.909168 0 0 0 0 
0.405241 0.91421 0 0 0 0 
0.393992 0.919114 0 0 0 0 
0.382683 0.92388 0 0 0 0 
0.4174 0.898332 0 0 0 0 
0.406244 0.903442 0 0 0 0 
0.395025 0.908415 0 0 0 0 
0.383747 0.91325 0 0 0 0 
0.407246 0.892675 0 0 0 0 
0.396058 0.897716 0 0 0 0 
0.38481 0.90262 0 0 0 0 
0.397091 0.887018 0 0 0 0 
0.385873 0.89199 0 0 0 0 
0.386936 0.88136 0 0 0 0 
1 2 6
2 7 6
2 3 7
3 8 7
3 4 8
4 9 8
4 5 9
6 7 10
7 11 10
7 8 11
8 12 11
8 9 12
10 11 13
11 14 13
11 12 14
13 14 15
ZONE N=15, E=16, F=FEPOINT, ET=TRIANGLE
0.862398 0.42959 0 0 0 0 
0.872796 0.429081 0 0 0 0 
0.883194 0.428573 0 0 0 0 
0.893591 0.428064 0 0 0 0 
0.903989 0.427555 0 0 0 0 
0.867279 0.440042 0 0 0 0 
0.877744 0.439567 0 0 0 0 
0.888209 0.439092 0 0 0 0 
0.898674 0.438616 0 0 0 0 
0.87216 0.450493 0 0 0 0 
0.882692 0.450053 0 0 0 0 
0.893224 0.449611 0 0 0 0 
0.87704 0.460945 0 0 0 0 
0.88764 0.460539 0 0 0 0 
0.881921 0.471397 0 0 0 0 
1 2 6
2 7 6
2 3 7
3 8 7
3 4 8
4 9 8
4 5 9
6 7 10
7 11 10
7 8 11
8 12 11
8 9 12
10 11 13
11 14 13
11 12 14
13 14 15
ZONE N=15, E=16, F=FEPOINT, ET=TRIANGLE
0.83147 0.55557 0 0 0 0 
0.823533 0.54397 0 0 0 0 
0.815596 0.532369 0 0 0 0 
0.807659 0.520769 0 0 0 0 
0.799722 0.509168 0 0 0 0 
0.838225 0.545325 0 0 0 0 
0.830225 0.533684 0 0 0 0 
0.822224 0.522043 0 0 0 0 
0.814224 0.510402 0 0 0 0 
0.844854 0.534998 0 0 0 0 
0.83679 0.523316 0 0 0 0 
0.828725 0.511636 0 0 0 0 
0.851355 0.52459 0 0 0 0 
0.843227 0.512869 0 0 0 0 
0.857729 0.514103 0 0 0 0 
1 2 6
2 7 6
2 3 7
3 8 7
3 4 8
4 9 8
4 5 9
6 7 10
7 11 10
7 8 11
8 12 11
8 9 12
10 11 13
11 14 13
11 12 14
13 14 15
ZONE N=15, E=16, F=FEPOINT, ET=TRIANGLE
0.881921 0.471397 0 0 0 0 
0.87607 0.482184 0 0 0 0 
0.870087 0.492898 0 0 0 0 
0.863973 0.503538 0 0 0 0 
0.857729 0.514103 0 0 0 0 
0.867528 0.470572 0 0 0 0 
0.861611 0.481323 0 0 0 0 
0.855563 0.492 0 0 0 0 
0.849384 0.502602 0 0 0 0 
0.853135 0.469748 0 0 0 0 
0.847153 0.480462 0 0 0 0 
0.841039 0.491101 0 0 0 0 
0.838742 0.468924 0 0 0 0 
0.832694 0.4796 0 0 0 0 
0.824349 0.4681 0 0 0 0 
1 2 6
2 7 6
2 3 7
3 8 7
3 4 8
4 9 8
4 5 9
6 7 10
7 11 10
7 8 11
8 12 11
8 9 12
10 11 13
11 14 13
11 12 14
13 14 15
ZONE N=15, E=16, F=FEPOINT, ET=TRIANGLE
0.740951 0.671559 0 0 0 0 
0.736047 0.658181 0 0 0 0 
0.731144 0.644802 0 0 0 0 
0.72624 0.631424 0 0 0 0 
0.721336 0.618045 0 0 0 0 
0.749136 0.662416 0 0 0 0 
0.744176 0.648988 0 0 0 0 
0.739216 0.63556 0 0 0 0 
0.734255 0.622132 0 0 0 0 
0.757209 0.653173 0 0 0 0 
0.752191 0.639696 0 0 0 0 
0.747173 0.626219 0 0 0 0 
0.765167 0.643832 0 0 0 0 
0.760092 0.630306 0 0 0 0 
0.77301 0.634393 0 0 0 0 
1 2 6
2 7 6
2 3 7
3 8 7
3 4 8
4 9 8
4 5 9
6 7 10
7 11 10
7 8 11
8 12 11
8 9 12
10 11 13
11 14 13
11 12 14
13 14 15
ZONE N=15, E=16, F=FEPOINT, ET=TRIANGLE
0.740951 0.671559 0 0 0 0 
0.732654 0.680601 0 0 0 0 
0.724247 0.689541 0 0 0 0 
0.715731 0.698376 0 0 0 0 
0.707107 0.707107 0 0 0 0 
0.72804 0.670276 0 0 0 0 
0.719688 0.679266 0 0 0 0 
0.711227 0.688154 0 0 0 0 
0.702657 0.696937 0 0 0 0 
0.715129 0.668993 0 0 0 0 
0.706723 0.677932 0 0 0 0 
0.698207 0.686767 0 0 0 0 
0.702218 0.66771 0 0 0 0 
0.693757 0.676597 0 0 0 0 
0.689307 0.666427 0 0 0 0 
1 2 6
2 7 6
2 3 7
3 8 7
3 4 8
4 9 8
4 5 9
6 7 10
7 11 10
7 8 11
8 12 11
8 9 12
10 11 13
11 14 13
11 12 14
13 14 15
ZONE N=15, E=16, F=FEPOINT, ET=TRIANGLE
0.941544 0.33689 0 0 0 0 
0.937339 0.348419 0 0 0 0 
0.932993 0.359895 0 0 0 0 
0.928506 0.371317 0 0 0 0 
0.92388 0.382683 0 0 0 0 
0.929457 0.342097 0 0 0 0 
0.925181 0.3536 0 0 0 0 
0.920765 0.365049 0 0 0 0 
0.916208 0.376442 0 0 0 0 
0.917369 0.347305 0 0 0 0 
0.913023 0.35878 0 0 0 0 
0.908537 0.370201 0 0 0 0 
0.905282 0.352512 0 0 0 0 
0.900866 0.36396 0 0 0 0 
0.893194 0.357719 0 0 0 0 
1 2 6
2 7 6
2 3 7
3 8 7
3 4 8
4 9 8
4 5 9
6 7 10
7 11 10
7 8 11
8 12 11
8 9 12
10 11 13
11 14 13
11 12 14
13 14 15
ZONE N=15, E=16, F=FEPOINT, ET=TRIANGLE
0.77301 0.634393 0 0 0 0 
0.767085 0.623451 0 0 0 0 
0.76116 0.612508 0 0 0 0 
0.755234 0.601566 0 0 0 0 
0.749309 0.590623 0 0 0 0 
0.780737 0.624859 0 0 0 0 
0.774753 0.61387 0 0 0 0 
0.768768 0.602881 0 0 0 0 
0.762784 0.591892 0 0 0 0 
0.788346 0.615232 0 0 0 0 
0.782303 0.604196 0 0 0 0 
0.776258 0.593161 0 0 0 0 
0.795837 0.605511 0 0 0 0 
0.789733 0.59443 0 0 0 0 
0.803208 0.595699 0 0 0 0 
1 2 6
2 7 6
2 3 7
3 8 7
3 4 8
4 9 8
4 5 9
6 7 10
7 11 10
7 8 11
8 12 11
8 9 12
10 11 13
11 14 13
11 12 14
13 14 15
ZONE N=15, E=16, F=FEPOINT, ET=TRIANGLE
0.83147 0.55557 0 0 0 0 
0.824589 0.565732 0 0 0 0 
0.817585 0.575808 0 0 0 0 
0.810457 0.585798 0 0 0 0 
0.803208 0.595699 0 0 0 0 
0.818455 0.553343 0 0 0 0 
0.811513 0.563462 0 0 0 0 
0.804447 0.573494 0 0 0 0 
0.797258 0.58344 0 0 0 0 
0.80544 0.551116 0 0 0 0 
0.798436 0.561191 0 0 0 0 
0.791309 0.57118 0 0 0 0 
0.792425 0.548888 0 0 0 0 
0.78536 0.558921 0 0 0 0 
0.779411 0.546661 0 0 0 0 
1 2 6
2 7 6
2 3 7
3 8 7
3 4 8
4 9 8
4 5 9
6 7 10
7 11 10
7 8 11
8 12 11
8 9 12
10 11 13
11 14 13
11 12 14
13 14 15
ZONE N=15, E=16, F=FEPOINT, ET=TRIANGLE
0.989177 0.14673 0 0 0 0 
0.987301 0.158858 0 0 0 0 
0.985278 0.170962 0 0 0 0 
0.983105 0.18304 0 0 0 0 
0.980785 0.19509 0 0 0 0 
0.974 0.155354 0 0 0 0 
0.972051 0.167469 0 0 0 0 
0.969953 0.17956 0 0 0 0 
0.967707 0.191624 0 0 0 0 
0.958824 0.163977 0 0 0 0 
0.956801 0.17608 0 0 0 0 
0.954629 0.188157 0 0 0 0 
0.943648 0.172601 0 0 0 0 
0.94155 0.18469 0 0 0 0 
0.928472 0.181224 0 0 0 0 
1 2 6
2 7 6
2 3 7
3 8 7
3 4 8
4 9 8
4 5 9
6 7 10
7 11 10
7 8 11
8 12 11
8 9 12
10 11 13
11 14 13
11 12 14
13 14 15
ZONE N=15, E=16, F=FEPOINT, ET=TRIANGLE
0.88013 0.395057 0 0 0 0 
0.891067 0.391964 0 0 0 0 
0.902005 0.38887 0 0 0 0 
0.912942 0.385777 0 0 0 0 
0.92388 0.382683 0 0 0 0 
0.886095 0.403182 0 0 0 0 
0.897101 0.400119 0 0 0 0 
0.908107 0.397055 0 0 0 0 
0.919114 0.393992 0 0 0 0 
0.89206 0.411306 0 0 0 0 
0.903135 0.408274 0 0 0 0 
0.91421 0.405241 0 0 0 0 
0.898024 0.419431 0 0 0 0 
0.909168 0.41643 0 0 0 0 
0.903989 0.427555 0 0 0 0 
1 2 6
2 7 6
2 3 7
3 8 7
3 4 8
4 9 8
4 5 9
6 7 10
7 11 10
7 8 11
8 12 11
8 9 12
10 11 13
11 14 13
11 12 14
13 14 15
ZONE N=15, E=16, F=FEPOINT, ET=TRIANGLE
0.917553 0.25846 0 0 0 0 
0.930672 0.25459 0 0 0 0 
0.943792 0.25072 0 0 0 0 
0.956912 0.24685 0 0 0 0 
0.970031 0.24298 0 0 0 0 
0.9274 0.266416 0 0 0 0 
0.940592 0.262566 0 0 0 0 
0.953784 0.258716 0 0 0 0 
0.966976 0.254866 0 0 0 0 
0.937246 0.274373 0 0 0 0 
0.950511 0.270543 0 0 0 0 
0.963776 0.266713 0 0 0 0 
0.947093 0.282329 0 0 0 0 
0.960431 0.27852 0 0 0 0 
0.95694 0.290285 0 0 0 0 
1 2 6
2 7 6
2 3 7
3 8 7
3 4 8
4 9 8
4 5 9
6 7 10
7 11 10
7 8 11
8 12 11
8 9 12
10 11 13
11 14 13
11 12 14
13 14 15
ZONE N=15, E=16, F=FEPOINT, ET=TRIANGLE
0.998795 0.0490677 0 0 0 0 
0.990619 0.0414362 0 0 0 0 
0.982444 0.0338047 0 0 0 0 
0.974268 0.0261733 0 0 0 0 
0.966092 0.0185418 0 0 0 0 
0.999322 0.0368072 0 0 0 0 
0.991071 0.0291733 0 0 0 0 
0.98282 0.0215397 0 0 0 0 
0.974569 0.0139064 0 0 0 0 
0.999699 0.0245412 0 0 0 0 
0.991372 0.0169058 0 0 0 0 
0.983046 0.00927091 0 0 0 0 
0.999925 0.0122715 0 0 0 0 
0.991523 0.00463546 0 0 0 0 
1 -2.46331e-16 0 0 0 0 
1 2 6
2 7 6
2 3 7
3 8 7
3 4 8
4 9 8
4 5 9
6 7 10
7 11 10
7 8 11
8 12 11
8 9 12
10 11 13
11 14 13
11 12 14
13 14 15
ZONE N=15, E=16, F=FEPOINT, ET=TRIANGLE
0.919171 0.307155 0 0 0 0 
0.928613 0.302937 0 0 0 0 
0.938056 0.29872 0 0 0 0 
0.947498 0.294502 0 0 0 0 
0.95694 0.290285 0 0 0 0 
0.924764 0.314589 0 0 0 0 
0.934278 0.310395 0 0 0 0 
0.943792 0.3062 0 0 0 0 
0.953306 0.302006 0 0 0 0 
0.930358 0.322022 0 0 0 0 
0.939943 0.317852 0 0 0 0 
0.949528 0.313682 0 0 0 0 
0.935951 0.329456 0 0 0 0 
0.945607 0.32531 0 0 0 0 
0.941544 0.33689 0 0 0 0 
1 2 6
2 7 6
2 3 7
3 8 7
3 4 8
4 9 8
4 5 9
6 7 10
7 11 10
7 8 11
8 12 11
8 9 12
10 11 13
11 14 13
11 12 14
13 14 15
ZONE N=15, E=16, F=FEPOINT, ET=TRIANGLE
0.941607 0.212161 0 0 0 0 
0.951402 0.207894 0 0 0 0 
0.961196 0.203626 0 0 0 0 
0.970991 0.199358 0 0 0 0 
0.980785 0.19509 0 0 0 0 
0.948713 0.219866 0 0 0 0 
0.958581 0.215615 0 0 0 0 
0.968449 0.211363 0 0 0 0 
0.978317 0.207111 0 0 0 0 
0.955819 0.227571 0 0 0 0 
0.965761 0.223336 0 0 0 0 
0.975702 0.219101 0 0 0 0 
0.962925 0.235275 0 0 0 0 
0.97294 0.231058 0 0 0 0 
0.970031 0.24298 0 0 0 0 
1 2 6
2 7 6
2 3 7
3 8 7
3 4 8
4 9 8
4 5 9
6 7 10
7 11 10
7 8 11
8 12 11
8 9 12
10 11 13
11 14 13
11 12 14
13 14 15
ZONE N=15, E=16, F=FEPOINT, ET=TRIANGLE
0.998795 0.0490677 0 0 0 0 
0.998118 0.0613207 0 0 0 0 
0.99729 0.0735646 0 0 0 0 
0.996313 0.0857973 0 0 0 0 
0.995185 0.0980171 0 0 0 0 
0.988664 0.0533737 0 0 0 0 
0.987912 0.0656218 0 0 0 0 
0.987009 0.0778598 0 0 0 0 
0.985956 0.0900858 0 0 0 0 
0.978533 0.0576797 0 0 0 0 
0.977706 0.0699226 0 0 0 0 
0.976728 0.0821545 0 0 0 0 
0.968402 0.0619858 0 0 0 0 
0.9675 0.0742231 0 0 0 0 
0.958271 0.0662918 0 0 0 0 
1 2 6
2 7 6
2 3 7
3 8 7
3 4 8
4 9 8
4 5 9
6 7 10
7 11 10
7 8 11
8 12 11
8 9 12
10 11 13
11 14 13
11 12 14
13 14 15
ZONE N=15, E=16, F=FEPOINT, ET=TRIANGLE
0.995185 0.0980171 0 0 0 0 
0.993907 0.110222 0 0 0 0 
0.99248 0.122411 0 0 0 0 
0.990903 0.134581 0 0 0 0 
0.989177 0.14673 0 0 0 0 
0.986409 0.102608 0 0 0 0 
0.985056 0.114804 0 0 0 0 
0.983554 0.126983 0 0 0 0 
0.981903 0.139143 0 0 0 0 
0.977633 0.107198 0 0 0 0 
0.976205 0.119386 0 0 0 0 
0.974629 0.131555 0 0 0 0 
0.968857 0.111789 0 0 0 0 
0.967355 0.123967 0 0 0 0 
0.960081 0.11638 0 0 0 0 
1 2 6
2 7 6
2 3 7
3 8 7
3 4 8
4 9 8
4 5 9
6 7 10
7 11 10
7 8 11
8 12 11
8 9 12
10 11 13
11 14 13
11 12 14
13 14 15
ZONE N=15, E=16, F=FEPOINT, ET=TRIANGLE
-0.998795 0.0490677 0 0 0 0 
-0.999322 0.0368072 0 0 0 0 
-0.999699 0.0245412 0 0 0 0 
-0.999925 0.0122715 0 0 0 0 
-1 1.21431e-16 0 0 0 0 
-0.991284 0.0414628 0 0 0 0 
-0.991736 0.0291998 0 0 0 0 
-0.992037 0.0169323 0 0 0 0 
-0.992188 0.00466201 0 0 0 0 
-0.983773 0.0338579 0 0 0 0 
-0.984149 0.0215928 0 0 0 0 
-0.984375 0.00932402 0 0 0 0 
-0.976261 0.0262529 0 0 0 0 
-0.976562 0.013986 0 0 0 0 
-0.96875 0.018648 0 0 0 0 
1 2 6
2 7 6
2 3 7
3 8 7
3 4 8
4 9 8
4 5 9
6 7 10
7 11 10
7 8 11
8 12 11
8 9 12
10 11 13
11 14 13
11 12 14
13 14 15
ZONE N=15, E=16, F=FEPOINT, ET=TRIANGLE
-0.998795 0.0490677 0 0 0 0 
-0.988905 0.0534216 0 0 0 0 
-0.979015 0.0577756 0 0 0 0 
-0.969125 0.0621295 0 0 0 0 
-0.959235 0.0664835 0 0 0 0 
-0.998118 0.0613207 0 0 0 0 
-0.988153 0.0656698 0 0 0 0 
-0.978188 0.0700185 0 0 0 0 
-0.968222 0.0743669 0 0 0 0 
-0.99729 0.0735646 0 0 0 0 
-0.98725 0.0779077 0 0 0 0 
-0.97721 0.0822503 0 0 0 0 
-0.996313 0.0857973 0 0 0 0 
-0.986197 0.0901337 0 0 0 0 
-0.995185 0.0980171 0 0 0 0 
1 2 6
2 7 6
2 3 7
3 8 7
3 4 8
4 9 8
4 5 9
6 7 10
7 11 10
7 8 11
8 12 11
8 9 12
10 11 13
11 14 13
11 12 14
13 14 15
ZONE N=15, E=16, F=FEPOINT, ET=TRIANGLE
-0.944325 0.100273 0 0 0 0 
-0.955538 0.111887 0 0 0 0 
-0.966751 0.123502 0 0 0 0 
-0.977964 0.135116 0 0 0 0 
-0.989177 0.14673 0 0 0 0 
-0.95704 0.0997092 0 0 0 0 
-0.968327 0.111333 0 0 0 0 
-0.979615 0.122957 0 0 0 0 
-0.990903 0.134581 0 0 0 0 
-0.969755 0.0991451 0 0 0 0 
-0.981117 0.110778 0 0 0 0 
-0.99248 0.122411 0 0 0 0 
-0.98247 0.0985811 0 0 0 0 
-0.993907 0.110222 0 0 0 0 
-0.995185 0.0980171 0 0 0 0 
1 2 6
2 7 6
2 3 7
3 8 7
3 4 8
4 9 8
4 5 9
6 7 10
7 11 10
7 8 11
8 12 11
8 9 12
10 11 13
11 14 13
11 12 14
13 14 15
ZONE N=15, E=16, F=FEPOINT, ET=TRIANGLE
-0.980785 0.19509 0 0 0 0 
-0.983105 0.18304 0 0 0 0 
-0.985278 0.170962 0 0 0 0 
-0.987301 0.158858 0 0 0 0 
-0.989177 0.14673 0 0 0 0 
-0.969052 0.188624 0 0 0 0 
-0.971298 0.17656 0 0 0 0 
-0.973396 0.164469 0 0 0 0 
-0.975346 0.152354 0 0 0 0 
-0.957319 0.182157 0 0 0 0 
-0.959491 0.17008 0 0 0 0 
-0.961515 0.157977 0 0 0 0 
-0.945586 0.17569 0 0 0 0 
-0.947684 0.1636 0 0 0 0 
-0.933853 0.169223 0 0 0 0 
1 2 6
2 7 6
2 3 7
3 8 7
3 4 8
4 9 8
4 5 9
6 7 10
7 11 10
7 8 11
8 12 11
8 9 12
10 11 13
11 14 13
11 12 14
13 14 15
ZONE N=15, E=16, F=FEPOINT, ET=TRIANGLE
-0.919946 0.243208 0 0 0 0 
-0.929194 0.254977 0 0 0 0 
-0.938443 0.266746 0 0 0 0 
-0.947692 0.278516 0 0 0 0 
-0.95694 0.290285 0 0 0 0 
-0.932467 0.243151 0 0 0 0 
-0.941788 0.25494 0 0 0 0 
-0.951109 0.26673 0 0 0 0 
-0.960431 0.27852 0 0 0 0 
-0.944988 0.243094 0 0 0 0 
-0.954382 0.254903 0 0 0 0 
-0.963776 0.266713 0 0 0 0 
-0.95751 0.243037 0 0 0 0 
-0.966976 0.254866 0 0 0 0 
-0.970031 0.24298 0 0 0 0 
1 2 6
2 7 6
2 3 7
3 8 7
3 4 8
4 9 8
4 5 9
6 7 10
7 11 10
7 8 11
8 12 11
8 9 12
10 11 13
11 14 13
11 12 14
13 14 15
ZONE N=15, E=16, F=FEPOINT, ET=TRIANGLE
-0.941544 0.33689 0 0 0 0 
-0.945607 0.32531 0 0 0 0 
-0.949528 0.313682 0 0 0 0 
-0.953306 0.302006 0 0 0 0 
-0.95694 0.290285 0 0 0 0 
-0.932549 0.330305 0 0 0 0 
-0.936541 0.318701 0 0 0 0 
-0.940391 0.30705 0 0 0 0 
-0.944096 0.295351 0 0 0 0 
-0.923555 0.32372 0 0 0 0 
-0.927475 0.312093 0 0 0 0 
-0.931253 0.300418 0 0 0 0 
-0.91456 0.317136 0 0 0 0 
-0.918409 0.305485 0 0 0 0 
-0.905565 0.310551 0 0 0 0 
1 2 6
2 7 6
2 3 7
3 8 7
3 4 8
4 9 8
4 5 9
6 7 10
7 11 10
7 8 11
8 12 11
8 9 12
10 11 13
11 14 13
11 12 14
13 14 15
ZONE N=15, E=16, F=FEPOINT, ET=TRIANGLE
-0.903989 0.427555 0 0 0 0 
-0.909168 0.41643 0 0 0 0 
-0.91421 0.405241 0 0 0 0 
-0.919114 0.393992 0 0 0 0 
-0.92388 0.382683 0 0 0 0 
-0.900433 0.416518 0 0 0 0 
-0.905543 0.405361 0 0 0 0 
-0.910516 0.394142 0 0 0 0 
-0.915351 0.382864 0 0 0 0 
-0.896877 0.40548 0 0 0 0 
-0.901918 0.394293 0 0 0 0 
-0.906822 0.383044 0 0 0 0 
-0.89332 0.394442 0 0 0 0 
-0.898293 0.383224 0 0 0 0 
-0.889764 0.383405 0 0 0 0 
1 2 6
2 7 6
2 3 7
3 8 7
3 4 8
4 9 8
4 5 9
6 7 10
7 11 10
7 8 11
8 12 11
8 9 12
10 11 13
11 14 13
11 12 14
13 14 15
ZONE N=15, E=16, F=FEPOINT, ET=TRIANGLE
-0.895802 0.34982 0 0 0 0 
-0.902821 0.358036 0 0 0 0 
-0.909841 0.366252 0 0 0 0 
-0.91686 0.374468 0 0 0 0 
-0.92388 0.382683 0 0 0 0 
-0.907238 0.346587 0 0 0 0 
-0.914327 0.35483 0 0 0 0 
-0.921417 0.363074 0 0 0 0 
-0.928506 0.371317 0 0 0 0 
-0.918673 0.343355 0 0 0 0 
-0.925833 0.351625 0 0 0 0 
-0.932993 0.359895 0 0 0 0 
-0.930109 0.340122 0 0 0 0 
-0.937339 0.348419 0 0 0 0 
-0.941544 0.33689 0 0 0 0 
1 2 6
2 7 6
2 3 7
3 8 7
3 4 8
4 9 8
4 5 9
6 7 10
7 11 10
7 8 11
8 12 11
8 9 12
10 11 13
11 14 13
11 12 14
13 14 15
ZONE N=15, E=16, F=FEPOINT, ET=TRIANGLE
-0.932354 0.210321 0 0 0 0 
-0.941773 0.218486 0 0 0 0 
-0.951192 0.22665 0 0 0 0 
-0.960612 0.234815 0 0 0 0 
-0.970031 0.24298 0 0 0 0 
-0.944462 0.206513 0 0 0 0 
-0.953954 0.214694 0 0 0 0 
-0.963447 0.222876 0 0 0 0 
-0.97294 0.231058 0 0 0 0 
-0.956569 0.202706 0 0 0 0 
-0.966136 0.210903 0 0 0 0 
-0.975702 0.219101 0 0 0 0 
-0.968677 0.198898 0 0 0 0 
-0.978317 0.207111 0 0 0 0 
-0.980785 0.19509 0 0 0 0 
1 2 6
2 7 6
2 3 7
3 8 7
3 4 8
4 9 8
4 5 9
6 7 10
7 11 10
7 8 11
8 12 11
8 9 12
10 11 13
11 14 13
11 12 14
13 14 15
ZONE N=15, E=16, F=FEPOINT, ET=TRIANGLE
-0.864622 0.431076 0 0 0 0 
-0.868947 0.441156 0 0 0 0 
-0.873271 0.451236 0 0 0 0 
-0.877596 0.461317 0 0 0 0 
-0.881921 0.471397 0 0 0 0 
-0.874464 0.430196 0 0 0 0 
-0.878856 0.44031 0 0 0 0 
-0.883248 0.450424 0 0 0 0 
-0.88764 0.460539 0 0 0 0 
-0.884306 0.429316 0 0 0 0 
-0.888765 0.439463 0 0 0 0 
-0.893224 0.449611 0 0 0 0 
-0.894147 0.428435 0 0 0 0 
-0.898674 0.438616 0 0 0 0 
-0.903989 0.427555 0 0 0 0 
1 2 6
2 7 6
2 3 7
3 8 7
3 4 8
4 9 8
4 5 9
6 7 10
7 11 10
7 8 11
8 12 11
8 9 12
10 11 13
11 14 13
11 12 14
13 14 15
ZONE N=15, E=16, F=FEPOINT, ET=TRIANGLE
-0.881921 0.471397 0 0 0 0 
-0.86955 0.466749 0 0 0 0 
-0.857179 0.462102 0 0 0 0 
-0.844808 0.457455 0 0 0 0 
-0.832437 0.452807 0 0 0 0 
-0.87607 0.482184 0 0 0 0 
-0.863633 0.4775 0 0 0 0 
-0.851197 0.472816 0 0 0 0 
-0.83876 0.468131 0 0 0 0 
-0.870087 0.492898 0 0 0 0 
-0.857585 0.488177 0 0 0 0 
-0.845083 0.483455 0 0 0 0 
-0.863973 0.503538 0 0 0 0 
-0.851406 0.498779 0 0 0 0 
-0.857729 0.514103 0 0 0 0 
1 2 6
2 7 6
2 3 7
3 8 7
3 4 8
4 9 8
4 5 9
6 7 10
7 11 10
7 8 11
8 12 11
8 9 12
10 11 13
11 14 13
11 12 14
13 14 15
ZONE N=15, E=16, F=FEPOINT, ET=TRIANGLE
-0.278501 0.915274 0 0 0 0 
-0.269621 0.928964 0 0 0 0 
-0.260741 0.942653 0 0 0 0 
-0.25186 0.956342 0 0 0 0 
-0.24298 0.970031 0 0 0 0 
-0.281447 0.925691 0 0 0 0 
-0.272587 0.939453 0 0 0 0 
-0.263726 0.953215 0 0 0 0 
-0.254866 0.966976 0 0 0 0 
-0.284393 0.936107 0 0 0 0 
-0.275553 0.949942 0 0 0 0 
-0.266713 0.963776 0 0 0 0 
-0.287339 0.946524 0 0 0 0 
-0.27852 0.960431 0 0 0 0 
-0.290285 0.95694 0 0 0 0 
1 2 6
2 7 6
2 3 7
3 8 7
3 4 8
4 9 8
4 5 9
6 7 10
7 11 10
7 8 11
8 12 11
8 9 12
10 11 13
11 14 13
11 12 14
13 14 15
ZONE N=15, E=16, F=FEPOINT, ET=TRIANGLE
-0.83147 0.55557 0 0 0 0 
-0.820396 0.555503 0 0 0 0 
-0.809322 0.555436 0 0 0 0 
-0.798248 0.555369 0 0 0 0 
-0.787174 0.555302 0 0 0 0 
-0.824589 0.565732 0 0 0 0 
-0.813454 0.565622 0 0 0 0 
-0.802318 0.565512 0 0 0 0 
-0.791183 0.565402 0 0 0 0 
-0.817585 0.575808 0 0 0 0 
-0.806388 0.575655 0 0 0 0 
-0.795191 0.575501 0 0 0 0 
-0.810457 0.585798 0 0 0 0 
-0.799199 0.5856 0 0 0 0 
-0.803208 0.595699 0 0 0 0 
1 2 6
2 7 6
2 3 7
3 8 7
3 4 8
4 9 8
4 5 9
6 7 10
7 11 10
7 8 11
8 12 11
8 9 12
10 11 13
11 14 13
11 12 14
13 14 15
ZONE N=15, E=16, F=FEPOINT, ET=TRIANGLE
-0.33689 0.941544 0 0 0 0 
-0.329569 0.936518 0 0 0 0 
-0.322248 0.931491 0 0 0 0 
-0.314927 0.926465 0 0 0 0 
-0.307606 0.921439 0 0 0 0 
-0.32531 0.945607 0 0 0 0 
-0.317965 0.94051 0 0 0 0 
-0.31062 0.935412 0 0 0 0 
-0.303276 0.930314 0 0 0 0 
-0.313682 0.949528 0 0 0 0 
-0.306313 0.944359 0 0 0 0 
-0.298945 0.93919 0 0 0 0 
-0.302006 0.953306 0 0 0 0 
-0.294615 0.948065 0 0 0 0 
-0.290285 0.95694 0 0 0 0 
1 2 6
2 7 6
2 3 7
3 8 7
3 4 8
4 9 8
4 5 9
6 7 10
7 11 10
7 8 11
8 12 11
8 9 12
10 11 13
11 14 13
11 12 14
13 14 15
ZONE N=15, E=16, F=FEPOINT, ET=TRIANGLE
-0.33689 0.941544 0 0 0 0 
-0.348419 0.937339 0 0 0 0 
-0.359895 0.932993 0 0 0 0 
-0.371317 0.928506 0 0 0 0 
-0.382683 0.92388 0 0 0 0 
-0.344348 0.930566 0 0 0 0 
-0.355851 0.92629 0 0 0 0 
-0.3673 0.921874 0 0 0 0 
-0.378694 0.917317 0 0 0 0 
-0.351807 0.919587 0 0 0 0 
-0.363283 0.915241 0 0 0 0 
-0.374704 0.910755 0 0 0 0 
-0.359266 0.908609 0 0 0 0 
-0.370714 0.904193 0 0 0 0 
-0.366724 0.897631 0 0 0 0 
1 2 6
2 7 6
2 3 7
3 8 7
3 4 8
4 9 8
4 5 9
6 7 10
7 11 10
7 8 11
8 12 11
8 9 12
10 11 13
11 14 13
11 12 14
13 14 15
ZONE N=15, E=16, F=FEPOINT, ET=TRIANGLE
-0.394722 0.879999 0 0 0 0 
-0.391713 0.890969 0 0 0 0 
-0.388703 0.901939 0 0 0 0 
-0.385693 0.912909 0 0 0 0 
-0.382683 0.92388 0 0 0 0 
-0.40293 0.885997 0 0 0 0 
-0.399951 0.897036 0 0 0 0 
-0.396972 0.908075 0 0 0 0 
-0.393992 0.919114 0 0 0 0 
-0.411139 0.891994 0 0 0 0 
-0.40819 0.903102 0 0 0 0 
-0.405241 0.91421 0 0 0 0 
-0.419347 0.897992 0 0 0 0 
-0.41643 0.909168 0 0 0 0 
-0.427555 0.903989 0 0 0 0 
1 2 6
2 7 6
2 3 7
3 8 7
3 4 8
4 9 8
4 5 9
6 7 10
7 11 10
7 8 11
8 12 11
8 9 12
10 11 13
11 14 13
11 12 14
13 14 15
ZONE N=15, E=16, F=FEPOINT, ET=TRIANGLE
-0.671559 0.740951 0 0 0 0 
-0.680601 0.732654 0 0 0 0 
-0.689541 0.724247 0 0 0 0 
-0.698376 0.715731 0 0 0 0 
-0.707107 0.707107 0 0 0 0 
-0.668601 0.728597 0 0 0 0 
-0.677592 0.720245 0 0 0 0 
-0.686479 0.711784 0 0 0 0 
-0.695262 0.703214 0 0 0 0 
-0.665644 0.716243 0 0 0 0 
-0.674583 0.707836 0 0 0 0 
-0.683418 0.69932 0 0 0 0 
-0.662686 0.703888 0 0 0 0 
-0.671573 0.695427 0 0 0 0 
-0.659729 0.691534 0 0 0 0 
1 2 6
2 7 6
2 3 7
3 8 7
3 4 8
4 9 8
4 5 9
6 7 10
7 11 10
7 8 11
8 12 11
8 9 12
10 11 13
11 14 13
11 12 14
13 14 15
ZONE N=15, E=16, F=FEPOINT, ET=TRIANGLE
-0.803208 0.595699 0 0 0 0 
-0.79075 0.59443 0 0 0 0 
-0.778292 0.593161 0 0 0 0 
-0.765834 0.591892 0 0 0 0 
-0.753376 0.590623 0 0 0 0 
-0.795837 0.605511 0 0 0 0 
-0.783319 0.604196 0 0 0 0 
-0.770802 0.602881 0 0 0 0 
-0.758284 0.601566 0 0 0 0 
-0.788346 0.615232 0 0 0 0 
-0.77577 0.61387 0 0 0 0 
-0.763193 0.612508 0 0 0 0 
-0.780737 0.624859 0 0 0 0 
-0.768102 0.623451 0 0 0 0 
-0.77301 0.634393 0 0 0 0 
1 2 6
2 7 6
2 3 7
3 8 7
3 4 8
4 9 8
4 5 9
6 7 10
7 11 10
7 8 11
8 12 11
8 9 12
10 11 13
11 14 13
11 12 14
13 14 15
ZONE N=15, E=16, F=FEPOINT, ET=TRIANGLE
-0.83147 0.55557 0 0 0 0 
-0.838225 0.545325 0 0 0 0 
-0.844854 0.534998 0 0 0 0 
-0.851355 0.52459 0 0 0 0 
-0.857729 0.514103 0 0 0 0 
-0.822519 0.546321 0 0 0 0 
-0.829211 0.536035 0 0 0 0 
-0.835776 0.525668 0 0 0 0 
-0.842213 0.51522 0 0 0 0 
-0.813569 0.537072 0 0 0 0 
-0.820197 0.526745 0 0 0 0 
-0.826698 0.516338 0 0 0 0 
-0.804618 0.527823 0 0 0 0 
-0.811183 0.517456 0 0 0 0 
-0.795668 0.518574 0 0 0 0 
1 2 6
2 7 6
2 3 7
3 8 7
3 4 8
4 9 8
4 5 9
6 7 10
7 11 10
7 8 11
8 12 11
8 9 12
10 11 13
11 14 13
11 12 14
13 14 15
ZONE N=15, E=16, F=FEPOINT, ET=TRIANGLE
-0.424559 0.861922 0 0 0 0 
-0.425308 0.872439 0 0 0 0 
-0.426057 0.882956 0 0 0 0 
-0.426806 0.893472 0 0 0 0 
-0.427555 0.903989 0 0 0 0 
-0.436269 0.866922 0 0 0 0 
-0.437051 0.877506 0 0 0 0 
-0.437834 0.88809 0 0 0 0 
-0.438616 0.898674 0 0 0 0 
-0.447978 0.871922 0 0 0 0 
-0.448795 0.882573 0 0 0 0 
-0.449611 0.893224 0 0 0 0 
-0.459687 0.876921 0 0 0 0 
-0.460539 0.88764 0 0 0 0 
-0.471397 0.881921 0 0 0 0 
1 2 6
2 7 6
2 3 7
3 8 7
3 4 8
4 9 8
4 5 9
6 7 10
7 11 10
7 8 11
8 12 11
8 9 12
10 11 13
11 14 13
11 12 14
13 14 15
ZONE N=15, E=16, F=FEPOINT, ET=TRIANGLE
-0.19509 0.980785 0 0 0 0 
-0.207111 0.978317 0 0 0 0 
-0.219101 0.975702 0 0 0 0 
-0.231058 0.97294 0 0 0 0 
-0.24298 0.970031 0 0 0 0 
-0.197876 0.965207 0 0 0 0 
-0.209881 0.962666 0 0 0 0 
-0.221854 0.959977 0 0 0 0 
-0.233793 0.957142 0 0 0 0 
-0.200661 0.949629 0 0 0 0 
-0.21265 0.947014 0 0 0 0 
-0.224606 0.944252 0 0 0 0 
-0.203446 0.934052 0 0 0 0 
-0.215418 0.931363 0 0 0 0 
-0.206231 0.918474 0 0 0 0 
1 2 6
2 7 6
2 3 7
3 8 7
3 4 8
4 9 8
4 5 9
6 7 10
7 11 10
7 8 11
8 12 11
8 9 12
10 11 13
11 14 13
11 12 14
13 14 15
ZONE N=15, E=16, F=FEPOINT, ET=TRIANGLE
-0.704303 0.652967 0 0 0 0 
-0.705004 0.666502 0 0 0 0 
-0.705705 0.680037 0 0 0 0 
-0.706406 0.693572 0 0 0 0 
-0.707107 0.707107 0 0 0 0 
-0.713465 0.657615 0 0 0 0 
-0.714221 0.671202 0 0 0 0 
-0.714976 0.684789 0 0 0 0 
-0.715731 0.698376 0 0 0 0 
-0.722627 0.662263 0 0 0 0 
-0.723437 0.675902 0 0 0 0 
-0.724247 0.689541 0 0 0 0 
-0.731789 0.666911 0 0 0 0 
-0.732654 0.680601 0 0 0 0 
-0.740951 0.671559 0 0 0 0 
1 2 6
2 7 6
2 3 7
3 8 7
3 4 8
4 9 8
4 5 9
6 7 10
7 11 10
7 8 11
8 12 11
8 9 12
10 11 13
11 14 13
11 12 14
13 14 15
ZONE N=15, E=16, F=FEPOINT, ET=TRIANGLE
-0.732459 0.636059 0 0 0 0 
-0.734582 0.644934 0 0 0 0 
-0.736705 0.653809 0 0 0 0 
-0.738828 0.662684 0 0 0 0 
-0.740951 0.671559 0 0 0 0 
-0.742597 0.635643 0 0 0 0 
-0.744777 0.644567 0 0 0 0 
-0.746957 0.653491 0 0 0 0 
-0.749136 0.662416 0 0 0 0 
-0.752735 0.635226 0 0 0 0 
-0.754972 0.644199 0 0 0 0 
-0.757209 0.653173 0 0 0 0 
-0.762873 0.63481 0 0 0 0 
-0.765167 0.643832 0 0 0 0 
-0.77301 0.634393 0 0 0 0 
1 2 6
2 7 6
2 3 7
3 8 7
3 4 8
4 9 8
4 5 9
6 7 10
7 11 10
7 8 11
8 12 11
8 9 12
10 11 13
11 14 13
11 12 14
13 14 15
ZONE N=15, E=16, F=FEPOINT, ET=TRIANGLE
-0.634393 0.77301 0 0 0 0 
-0.643832 0.765167 0 0 0 0 
-0.653173 0.757209 0 0 0 0 
-0.662416 0.749136 0 0 0 0 
-0.671559 0.740951 0 0 0 0 
-0.630909 0.762141 0 0 0 0 
-0.640299 0.75424 0 0 0 0 
-0.649591 0.746225 0 0 0 0 
-0.658783 0.738096 0 0 0 0 
-0.627425 0.751271 0 0 0 0 
-0.636766 0.743313 0 0 0 0 
-0.646008 0.735242 0 0 0 0 
-0.623941 0.740402 0 0 0 0 
-0.633232 0.732387 0 0 0 0 
-0.620457 0.729532 0 0 0 0 
1 2 6
2 7 6
2 3 7
3 8 7
3 4 8
4 9 8
4 5 9
6 7 10
7 11 10
7 8 11
8 12 11
8 9 12
10 11 13
11 14 13
11 12 14
13 14 15
ZONE N=15, E=16, F=FEPOINT, ET=TRIANGLE
-0.595699 0.803208 0 0 0 0 
-0.605511 0.795837 0 0 0 0 
-0.615232 0.788346 0 0 0 0 
-0.624859 0.780737 0 0 0 0 
-0.634393 0.77301 0 0 0 0 
-0.593239 0.790847 0 0 0 0 
-0.603005 0.783417 0 0 0 0 
-0.612679 0.775867 0 0 0 0 
-0.62226 0.7682 0 0 0 0 
-0.590779 0.778487 0 0 0 0 
-0.600499 0.770997 0 0 0 0 
-0.610126 0.763389 0 0 0 0 
-0.588319 0.766127 0 0 0 0 
-0.597993 0.758578 0 0 0 0 
-0.585859 0.753767 0 0 0 0 
1 2 6
2 7 6
2 3 7
3 8 7
3 4 8
4 9 8
4 5 9
6 7 10
7 11 10
7 8 11
8 12 11
8 9 12
10 11 13
11 14 13
11 12 14
13 14 15
ZONE N=15, E=16, F=FEPOINT, ET=TRIANGLE
-0.552265 0.782629 0 0 0 0 
-0.553091 0.794839 0 0 0 0 
-0.553918 0.807049 0 0 0 0 
-0.554744 0.819259 0 0 0 0 
-0.55557 0.83147 0 0 0 0 
-0.563124 0.787773 0 0 0 0 
-0.563993 0.800045 0 0 0 0 
-0.564863 0.812317 0 0 0 0 
-0.565732 0.824589 0 0 0 0 
-0.573982 0.792918 0 0 0 0 
-0.574895 0.805251 0 0 0 0 
-0.575808 0.817585 0 0 0 0 
-0.584841 0.798063 0 0 0 0 
-0.585798 0.810457 0 0 0 0 
-0.595699 0.803208 0 0 0 0 
1 2 6
2 7 6
2 3 7
3 8 7
3 4 8
4 9 8
4 5 9
6 7 10
7 11 10
7 8 11
8 12 11
8 9 12
10 11 13
11 14 13
11 12 14
13 14 15
ZONE N=15, E=16, F=FEPOINT, ET=TRIANGLE
-0.0490677 0.998795 0 0 0 0 
-0.0613207 0.998118 0 0 0 0 
-0.0735646 0.99729 0 0 0 0 
-0.0857973 0.996313 0 0 0 0 
-0.0980171 0.995185 0 0 0 0 
-0.0479221 0.989541 0 0 0 0 
-0.0601702 0.988788 0 0 0 0 
-0.0724082 0.987885 0 0 0 0 
-0.0846342 0.986833 0 0 0 0 
-0.0467765 0.980286 0 0 0 0 
-0.0590194 0.979458 0 0 0 0 
-0.0712513 0.97848 0 0 0 0 
-0.0456309 0.971031 0 0 0 0 
-0.0578683 0.970128 0 0 0 0 
-0.0444854 0.961776 0 0 0 0 
1 2 6
2 7 6
2 3 7
3 8 7
3 4 8
4 9 8
4 5 9
6 7 10
7 11 10
7 8 11
8 12 11
8 9 12
10 11 13
11 14 13
11 12 14
13 14 15
ZONE N=15, E=16, F=FEPOINT, ET=TRIANGLE
-0.14673 0.989177 0 0 0 0 
-0.139111 0.981742 0 0 0 0 
-0.131491 0.974308 0 0 0 0 
-0.123872 0.966873 0 0 0 0 
-0.116252 0.959439 0 0 0 0 
-0.134581 0.990903 0 0 0 0 
-0.126951 0.983394 0 0 0 0 
-0.119322 0.975885 0 0 0 0 
-0.111693 0.968375 0 0 0 0 
-0.122411 0.99248 0 0 0 0 
-0.114772 0.984896 0 0 0 0 
-0.107135 0.977312 0 0 0 0 
-0.110222 0.993907 0 0 0 0 
-0.102576 0.986248 0 0 0 0 
-0.0980171 0.995185 0 0 0 0 
1 2 6
2 7 6
2 3 7
3 8 7
3 4 8
4 9 8
4 5 9
6 7 10
7 11 10
7 8 11
8 12 11
8 9 12
10 11 13
11 14 13
11 12 14
13 14 15
ZONE N=15, E=16, F=FEPOINT, ET=TRIANGLE
-0.14673 0.989177 0 0 0 0 
-0.158858 0.987301 0 0 0 0 
-0.170962 0.985278 0 0 0 0 
-0.18304 0.983105 0 0 0 0 
-0.19509 0.980785 0 0 0 0 
-0.151159 0.979811 0 0 0 0 
-0.163274 0.977862 0 0 0 0 
-0.175365 0.975764 0 0 0 0 
-0.187429 0.973518 0 0 0 0 
-0.155587 0.970446 0 0 0 0 
-0.16769 0.968422 0 0 0 0 
-0.179767 0.96625 0 0 0 0 
-0.160016 0.961081 0 0 0 0 
-0.172106 0.958983 0 0 0 0 
-0.164444 0.951716 0 0 0 0 
1 2 6
2 7 6
2 3 7
3 8 7
3 4 8
4 9 8
4 5 9
6 7 10
7 11 10
7 8 11
8 12 11
8 9 12
10 11 13
11 14 13
11 12 14
13 14 15
ZONE N=15, E=16, F=FEPOINT, ET=TRIANGLE
6.07153e-17 1 0 0 0 0 
-0.0122715 0.999925 0 0 0 0 
-0.0245412 0.999699 0 0 0 0 
-0.0368072 0.999322 0 0 0 0 
-0.0490677 0.998795 0 0 0 0 
-0.00389616 0.990545 0 0 0 0 
-0.0161665 0.990394 0 0 0 0 
-0.028434 0.990093 0 0 0 0 
-0.0406969 0.989641 0 0 0 0 
-0.00779231 0.981089 0 0 0 0 
-0.0200611 0.980864 0 0 0 0 
-0.0323262 0.980487 0 0 0 0 
-0.0116885 0.971634 0 0 0 0 
-0.0239554 0.971333 0 0 0 0 
-0.0155846 0.962179 0 0 0 0 
1 2 6
2 7 6
2 3 7
3 8 7
3 4 8
4 9 8
4 5 9
6 7 10
7 11 10
7 8 11
8 12 11
8 9 12
10 11 13
11 14 13
11 12 14
13 14 15
ZONE N=15, E=16, F=FEPOINT, ET=TRIANGLE
-0.511076 0.807431 0 0 0 0 
-0.511833 0.820006 0 0 0 0 
-0.512589 0.83258 0 0 0 0 
-0.513346 0.845154 0 0 0 0 
-0.514103 0.857729 0 0 0 0 
-0.5222 0.813441 0 0 0 0 
-0.522997 0.826079 0 0 0 0 
-0.523793 0.838717 0 0 0 0 
-0.52459 0.851355 0 0 0 0 
-0.533323 0.81945 0 0 0 0 
-0.534161 0.832152 0 0 0 0 
-0.534998 0.844854 0 0 0 0 
-0.544447 0.82546 0 0 0 0 
-0.545325 0.838225 0 0 0 0 
-0.55557 0.83147 0 0 0 0 
1 2 6
2 7 6
2 3 7
3 8 7
3 4 8
4 9 8
4 5 9
6 7 10
7 11 10
7 8 11
8 12 11
8 9 12
10 11 13
11 14 13
11 12 14
13 14 15
ZONE N=15, E=16, F=FEPOINT, ET=TRIANGLE
-0.471397 0.881921 0 0 0 0 
-0.482184 0.87607 0 0 0 0 
-0.492898 0.870087 0 0 0 0 
-0.503538 0.863973 0 0 0 0 
-0.514103 0.857729 0 0 0 0 
-0.4663 0.871481 0 0 0 0 
-0.477051 0.865564 0 0 0 0 
-0.487728 0.859515 0 0 0 0 
-0.49833 0.853336 0 0 0 0 
-0.461204 0.86104 0 0 0 0 
-0.471918 0.855057 0 0 0 0 
-0.482557 0.848944 0 0 0 0 
-0.456108 0.850599 0 0 0 0 
-0.466784 0.844551 0 0 0 0 
-0.451011 0.840159 0 0 0 0 
1 2 6
2 7 6
2 3 7
3 8 7
3 4 8
4 9 8
4 5 9
6 7 10
7 11 10
7 8 11
8 12 11
8 9 12
10 11 13
11 14 13
11 12 14
13 14 15
ZONE N=15, E=16, F=FEPOINT, ET=TRIANGLE
-0.968197 -0.0177875 0 0 0 0 
-0.976147 -0.0133406 0 0 0 0 
-0.984098 -0.00889375 0 0 0 0 
-0.992049 -0.00444687 0 0 0 0 
-1 1.21431e-16 0 0 0 0 
-0.975846 -0.0256075 0 0 0 0 
-0.983872 -0.0211625 0 0 0 0 
-0.991899 -0.0167172 0 0 0 0 
-0.999925 -0.0122715 0 0 0 0 
-0.983496 -0.0334276 0 0 0 0 
-0.991597 -0.0289847 0 0 0 0 
-0.999699 -0.0245412 0 0 0 0 
-0.991146 -0.0412476 0 0 0 0 
-0.999322 -0.0368072 0 0 0 0 
-0.998795 -0.0490677 0 0 0 0 
1 2 6
2 7 6
2 3 7
3 8 7
3 4 8
4 9 8
4 5 9
6 7 10
7 11 10
7 8 11
8 12 11
8 9 12
10 11 13
11 14 13
11 12 14
13 14 15
ZONE N=15, E=16, F=FEPOINT, ET=TRIANGLE
-0.995185 -0.0980171 0 0 0 0 
-0.98531 -0.090054 0 0 0 0 
-0.975436 -0.0820909 0 0 0 0 
-0.965562 -0.0741278 0 0 0 0 
-0.955687 -0.0661647 0 0 0 0 
-0.996313 -0.0857973 0 0 0 0 
-0.986363 -0.077828 0 0 0 0 
-0.976414 -0.0698591 0 0 0 0 
-0.966464 -0.0618904 0 0 0 0 
-0.99729 -0.0735646 0 0 0 0 
-0.987266 -0.0655901 0 0 0 0 
-0.977241 -0.0576162 0 0 0 0 
-0.998118 -0.0613207 0 0 0 0 
-0.988018 -0.0533419 0 0 0 0 
-0.998795 -0.0490677 0 0 0 0 
1 2 6
2 7 6
2 3 7
3 8 7
3 4 8
4 9 8
4 5 9
6 7 10
7 11 10
7 8 11
8 12 11
8 9 12
10 11 13
11 14 13
11 12 14
13 14 15
ZONE N=15, E=16, F=FEPOINT, ET=TRIANGLE
-0.980785 -0.19509 0 0 0 0 
-0.970472 -0.186823 0 0 0 0 
-0.960158 -0.178555 0 0 0 0 
-0.949845 -0.170288 0 0 0 0 
-0.939532 -0.16202 0 0 0 0 
-0.983105 -0.18304 0 0 0 0 
-0.972718 -0.174759 0 0 0 0 
-0.96233 -0.166478 0 0 0 0 
-0.951943 -0.158198 0 0 0 0 
-0.985278 -0.170962 0 0 0 0 
-0.974816 -0.162668 0 0 0 0 
-0.964354 -0.154375 0 0 0 0 
-0.987301 -0.158858 0 0 0 0 
-0.976765 -0.150553 0 0 0 0 
-0.989177 -0.14673 0 0 0 0 
1 2 6
2 7 6
2 3 7
3 8 7
3 4 8
4 9 8
4 5 9
6 7 10
7 11 10
7 8 11
8 12 11
8 9 12
10 11 13
11 14 13
11 12 14
13 14 15
ZONE N=15, E=16, F=FEPOINT, ET=TRIANGLE
-0.959691 -0.116302 0 0 0 0 
-0.968564 -0.111731 0 0 0 0 
-0.977438 -0.10716 0 0 0 0 
-0.986311 -0.102588 0 0 0 0 
-0.995185 -0.0980171 0 0 0 0 
-0.967062 -0.123909 0 0 0 0 
-0.97601 -0.119347 0 0 0 0 
-0.984959 -0.114785 0 0 0 0 
-0.993907 -0.110222 0 0 0 0 
-0.974434 -0.131516 0 0 0 0 
-0.983457 -0.126964 0 0 0 0 
-0.99248 -0.122411 0 0 0 0 
-0.981805 -0.139123 0 0 0 0 
-0.990903 -0.134581 0 0 0 0 
-0.989177 -0.14673 0 0 0 0 
1 2 6
2 7 6
2 3 7
3 8 7
3 4 8
4 9 8
4 5 9
6 7 10
7 11 10
7 8 11
8 12 11
8 9 12
10 11 13
11 14 13
11 12 14
13 14 15
ZONE N=15, E=16, F=FEPOINT, ET=TRIANGLE
-0.941544 -0.33689 0 0 0 0 
-0.937339 -0.348419 0 0 0 0 
-0.932993 -0.359895 0 0 0 0 
-0.928506 -0.371317 0 0 0 0 
-0.92388 -0.382683 0 0 0 0 
-0.933535 -0.341408 0 0 0 0 
-0.92926 -0.35291 0 0 0 0 
-0.924843 -0.364359 0 0 0 0 
-0.920287 -0.375753 0 0 0 0 
-0.925526 -0.345925 0 0 0 0 
-0.92118 -0.357401 0 0 0 0 
-0.916694 -0.368822 0 0 0 0 
-0.917517 -0.350443 0 0 0 0 
-0.913101 -0.361891 0 0 0 0 
-0.909508 -0.354961 0 0 0 0 
1 2 6
2 7 6
2 3 7
3 8 7
3 4 8
4 9 8
4 5 9
6 7 10
7 11 10
7 8 11
8 12 11
8 9 12
10 11 13
11 14 13
11 12 14
13 14 15
ZONE N=15, E=16, F=FEPOINT, ET=TRIANGLE
-0.891737 -0.38176 0 0 0 0 
-0.899773 -0.381991 0 0 0 0 
-0.907808 -0.382222 0 0 0 0 
-0.915844 -0.382452 0 0 0 0 
-0.92388 -0.382683 0 0 0 0 
-0.8948 -0.393208 0 0 0 0 
-0.902905 -0.39347 0 0 0 0 
-0.911009 -0.393731 0 0 0 0 
-0.919114 -0.393992 0 0 0 0 
-0.897863 -0.404657 0 0 0 0 
-0.906036 -0.40495 0 0 0 0 
-0.91421 -0.405241 0 0 0 0 
-0.900926 -0.416106 0 0 0 0 
-0.909168 -0.41643 0 0 0 0 
-0.903989 -0.427555 0 0 0 0 
1 2 6
2 7 6
2 3 7
3 8 7
3 4 8
4 9 8
4 5 9
6 7 10
7 11 10
7 8 11
8 12 11
8 9 12
10 11 13
11 14 13
11 12 14
13 14 15
ZONE N=15, E=16, F=FEPOINT, ET=TRIANGLE
-0.901428 -0.298279 0 0 0 0 
-0.915306 -0.296281 0 0 0 0 
-0.929184 -0.294282 0 0 0 0 
-0.943062 -0.292283 0 0 0 0 
-0.95694 -0.290285 0 0 0 0 
-0.911457 -0.307932 0 0 0 0 
-0.925406 -0.305957 0 0 0 0 
-0.939356 -0.303982 0 0 0 0 
-0.953306 -0.302006 0 0 0 0 
-0.921486 -0.317585 0 0 0 0 
-0.935507 -0.315633 0 0 0 0 
-0.949528 -0.313682 0 0 0 0 
-0.931515 -0.327237 0 0 0 0 
-0.945607 -0.32531 0 0 0 0 
-0.941544 -0.33689 0 0 0 0 
1 2 6
2 7 6
2 3 7
3 8 7
3 4 8
4 9 8
4 5 9
6 7 10
7 11 10
7 8 11
8 12 11
8 9 12
10 11 13
11 14 13
11 12 14
13 14 15
ZONE N=15, E=16, F=FEPOINT, ET=TRIANGLE
-0.903989 -0.427555 0 0 0 0 
-0.898674 -0.438616 0 0 0 0 
-0.893224 -0.449611 0 0 0 0 
-0.88764 -0.460539 0 0 0 0 
-0.881921 -0.471397 0 0 0 0 
-0.892693 -0.429338 0 0 0 0 
-0.887311 -0.440366 0 0 0 0 
-0.881794 -0.451327 0 0 0 0 
-0.876142 -0.46222 0 0 0 0 
-0.881397 -0.431122 0 0 0 0 
-0.875947 -0.442116 0 0 0 0 
-0.870363 -0.453042 0 0 0 0 
-0.870101 -0.432905 0 0 0 0 
-0.864584 -0.443865 0 0 0 0 
-0.858805 -0.434688 0 0 0 0 
1 2 6
2 7 6
2 3 7
3 8 7
3 4 8
4 9 8
4 5 9
6 7 10
7 11 10
7 8 11
8 12 11
8 9 12
10 11 13
11 14 13
11 12 14
13 14 15
ZONE N=15, E=16, F=FEPOINT, ET=TRIANGLE
-0.839993 -0.473278 0 0 0 0 
-0.850475 -0.472808 0 0 0 0 
-0.860957 -0.472337 0 0 0 0 
-0.871439 -0.471867 0 0 0 0 
-0.881921 -0.471397 0 0 0 0 
-0.844427 -0.483484 0 0 0 0 
-0.854974 -0.483051 0 0 0 0 
-0.865522 -0.482617 0 0 0 0 
-0.87607 -0.482184 0 0 0 0 
-0.848861 -0.49369 0 0 0 0 
-0.859474 -0.493295 0 0 0 0 
-0.870087 -0.492898 0 0 0 0 
-0.853295 -0.503897 0 0 0 0 
-0.863973 -0.503538 0 0 0 0 
-0.857729 -0.514103 0 0 0 0 
1 2 6
2 7 6
2 3 7
3 8 7
3 4 8
4 9 8
4 5 9
6 7 10
7 11 10
7 8 11
8 12 11
8 9 12
10 11 13
11 14 13
11 12 14
13 14 15
ZONE N=15, E=16, F=FEPOINT, ET=TRIANGLE
-0.713257 -0.625576 0 0 0 0 
-0.728195 -0.627781 0 0 0 0 
-0.743134 -0.629985 0 0 0 0 
-0.758072 -0.632189 0 0 0 0 
-0.77301 -0.634393 0 0 0 0 
-0.72018 -0.637072 0 0 0 0 
-0.735176 -0.639325 0 0 0 0 
-0.750171 -0.641579 0 0 0 0 
-0.765167 -0.643832 0 0 0 0 
-0.727104 -0.648568 0 0 0 0 
-0.742156 -0.65087 0 0 0 0 
-0.757209 -0.653173 0 0 0 0 
-0.734028 -0.660063 0 0 0 0 
-0.749136 -0.662416 0 0 0 0 
-0.740951 -0.671559 0 0 0 0 
1 2 6
2 7 6
2 3 7
3 8 7
3 4 8
4 9 8
4 5 9
6 7 10
7 11 10
7 8 11
8 12 11
8 9 12
10 11 13
11 14 13
11 12 14
13 14 15
ZONE N=15, E=16, F=FEPOINT, ET=TRIANGLE
-0.748955 -0.596533 0 0 0 0 
-0.762518 -0.596324 0 0 0 0 
-0.776081 -0.596116 0 0 0 0 
-0.789644 -0.595908 0 0 0 0 
-0.803208 -0.595699 0 0 0 0 
-0.754969 -0.605998 0 0 0 0 
-0.768591 -0.605836 0 0 0 0 
-0.782214 -0.605674 0 0 0 0 
-0.795837 -0.605511 0 0 0 0 
-0.760983 -0.615463 0 0 0 0 
-0.774664 -0.615348 0 0 0 0 
-0.788346 -0.615232 0 0 0 0 
-0.766997 -0.624928 0 0 0 0 
-0.780737 -0.624859 0 0 0 0 
-0.77301 -0.634393 0 0 0 0 
1 2 6
2 7 6
2 3 7
3 8 7
3 4 8
4 9 8
4 5 9
6 7 10
7 11 10
7 8 11
8 12 11
8 9 12
10 11 13
11 14 13
11 12 14
13 14 15
ZONE N=15, E=16, F=FEPOINT, ET=TRIANGLE
-0.857729 -0.514103 0 0 0 0 
-0.851355 -0.52459 0 0 0 0 
-0.844854 -0.534998 0 0 0 0 
-0.838225 -0.545325 0 0 0 0 
-0.83147 -0.55557 0 0 0 0 
-0.845888 -0.510018 0 0 0 0 
-0.83945 -0.520465 0 0 0 0 
-0.832885 -0.530833 0 0 0 0 
-0.826193 -0.541119 0 0 0 0 
-0.834046 -0.505933 0 0 0 0 
-0.827545 -0.51634 0 0 0 0 
-0.820917 -0.526667 0 0 0 0 
-0.822205 -0.501849 0 0 0 0 
-0.815641 -0.512215 0 0 0 0 
-0.810364 -0.497764 0 0 0 0 
1 2 6
2 7 6
2 3 7
3 8 7
3 4 8
4 9 8
4 5 9
6 7 10
7 11 10
7 8 11
8 12 11
8 9 12
10 11 13
11 14 13
11 12 14
13 14 15
ZONE N=15, E=16, F=FEPOINT, ET=TRIANGLE
-0.83147 -0.55557 0 0 0 0 
-0.824589 -0.565732 0 0 0 0 
-0.817585 -0.575808 0 0 0 0 
-0.810457 -0.585798 0 0 0 0 
-0.803208 -0.595699 0 0 0 0 
-0.818897 -0.552081 0 0 0 0 
-0.811955 -0.5622 0 0 0 0 
-0.804889 -0.572232 0 0 0 0 
-0.797701 -0.582178 0 0 0 0 
-0.806325 -0.548592 0 0 0 0 
-0.799321 -0.558667 0 0 0 0 
-0.792194 -0.568656 0 0 0 0 
-0.793753 -0.545102 0 0 0 0 
-0.786687 -0.555135 0 0 0 0 
-0.781181 -0.541613 0 0 0 0 
1 2 6
2 7 6
2 3 7
3 8 7
3 4 8
4 9 8
4 5 9
6 7 10
7 11 10
7 8 11
8 12 11
8 9 12
10 11 13
11 14 13
11 12 14
13 14 15
ZONE N=15, E=16, F=FEPOINT, ET=TRIANGLE
-0.634393 -0.77301 0 0 0 0 
-0.634467 -0.762359 0 0 0 0 
-0.634541 -0.751709 0 0 0 0 
-0.634614 -0.741058 0 0 0 0 
-0.634688 -0.730407 0 0 0 0 
-0.643832 -0.765167 0 0 0 0 
-0.643856 -0.754459 0 0 0 0 
-0.643881 -0.743751 0 0 0 0 
-0.643906 -0.733043 0 0 0 0 
-0.653173 -0.757209 0 0 0 0 
-0.653148 -0.746444 0 0 0 0 
-0.653123 -0.735679 0 0 0 0 
-0.662416 -0.749136 0 0 0 0 
-0.662341 -0.738315 0 0 0 0 
-0.671559 -0.740951 0 0 0 0 
1 2 6
2 7 6
2 3 7
3 8 7
3 4 8
4 9 8
4 5 9
6 7 10
7 11 10
7 8 11
8 12 11
8 9 12
10 11 13
11 14 13
11 12 14
13 14 15
ZONE N=15, E=16, F=FEPOINT, ET=TRIANGLE
-0.427555 -0.903989 0 0 0 0 
-0.41643 -0.909168 0 0 0 0 
-0.405241 -0.91421 0 0 0 0 
-0.393992 -0.919114 0 0 0 0 
-0.382683 -0.92388 0 0 0 0 
-0.417435 -0.896518 0 0 0 0 
-0.406279 -0.901628 0 0 0 0 
-0.39506 -0.906601 0 0 0 0 
-0.383782 -0.911435 0 0 0 0 
-0.407316 -0.889046 0 0 0 0 
-0.396128 -0.894087 0 0 0 0 
-0.38488 -0.898991 0 0 0 0 
-0.397196 -0.881574 0 0 0 0 
-0.385978 -0.886547 0 0 0 0 
-0.387077 -0.874103 0 0 0 0 
1 2 6
2 7 6
2 3 7
3 8 7
3 4 8
4 9 8
4 5 9
6 7 10
7 11 10
7 8 11
8 12 11
8 9 12
10 11 13
11 14 13
11 12 14
13 14 15
ZONE N=15, E=16, F=FEPOINT, ET=TRIANGLE
-0.69645 -0.66001 0 0 0 0 
-0.707575 -0.662897 0 0 0 0 
-0.7187 -0.665785 0 0 0 0 
-0.729826 -0.668672 0 0 0 0 
-0.740951 -0.671559 0 0 0 0 
-0.699114 -0.671784 0 0 0 0 
-0.710294 -0.674723 0 0 0 0 
-0.721474 -0.677662 0 0 0 0 
-0.732654 -0.680601 0 0 0 0 
-0.701778 -0.683558 0 0 0 0 
-0.713012 -0.68655 0 0 0 0 
-0.724247 -0.689541 0 0 0 0 
-0.704443 -0.695333 0 0 0 0 
-0.715731 -0.698376 0 0 0 0 
-0.707107 -0.707107 0 0 0 0 
1 2 6
2 7 6
2 3 7
3 8 7
3 4 8
4 9 8
4 5 9
6 7 10
7 11 10
7 8 11
8 12 11
8 9 12
10 11 13
11 14 13
11 12 14
13 14 15
ZONE N=15, E=16, F=FEPOINT, ET=TRIANGLE
-0.595699 -0.803208 0 0 0 0 
-0.593706 -0.791009 0 0 0 0 
-0.591712 -0.77881 0 0 0 0 
-0.589719 -0.766611 0 0 0 0 
-0.587725 -0.754412 0 0 0 0 
-0.605511 -0.795837 0 0 0 0 
-0.603472 -0.783578 0 0 0 0 
-0.601432 -0.77132 0 0 0 0 
-0.599392 -0.759061 0 0 0 0 
-0.615232 -0.788346 0 0 0 0 
-0.613146 -0.776029 0 0 0 0 
-0.611059 -0.763711 0 0 0 0 
-0.624859 -0.780737 0 0 0 0 
-0.622726 -0.768361 0 0 0 0 
-0.634393 -0.77301 0 0 0 0 
1 2 6
2 7 6
2 3 7
3 8 7
3 4 8
4 9 8
4 5 9
6 7 10
7 11 10
7 8 11
8 12 11
8 9 12
10 11 13
11 14 13
11 12 14
13 14 15
ZONE N=15, E=16, F=FEPOINT, ET=TRIANGLE
-0.707107 -0.707107 0 0 0 0 
-0.698376 -0.715731 0 0 0 0 
-0.689541 -0.724247 0 0 0 0 
-0.680601 -0.732654 0 0 0 0 
-0.671559 -0.740951 0 0 0 0 
-0.697582 -0.702528 0 0 0 0 
-0.688799 -0.711098 0 0 0 0 
-0.679912 -0.71956 0 0 0 0 
-0.670921 -0.727911 0 0 0 0 
-0.688058 -0.697949 0 0 0 0 
-0.679223 -0.706465 0 0 0 0 
-0.670284 -0.714872 0 0 0 0 
-0.678533 -0.693371 0 0 0 0 
-0.669646 -0.701832 0 0 0 0 
-0.669008 -0.688792 0 0 0 0 
1 2 6
2 7 6
2 3 7
3 8 7
3 4 8
4 9 8
4 5 9
6 7 10
7 11 10
7 8 11
8 12 11
8 9 12
10 11 13
11 14 13
11 12 14
13 14 15
ZONE N=15, E=16, F=FEPOINT, ET=TRIANGLE
-0.595699 -0.803208 0 0 0 0 
-0.585798 -0.810457 0 0 0 0 
-0.575808 -0.817585 0 0 0 0 
-0.565732 -0.824589 0 0 0 0 
-0.55557 -0.83147 0 0 0 0 
-0.585506 -0.79364 0 0 0 0 
-0.575561 -0.800829 0 0 0 0 
-0.565528 -0.807895 0 0 0 0 
-0.55541 -0.814837 0 0 0 0 
-0.575314 -0.784073 0 0 0 0 
-0.565325 -0.7912 0 0 0 0 
-0.555249 -0.798204 0 0 0 0 
-0.565121 -0.774506 0 0 0 0 
-0.555088 -0.781571 0 0 0 0 
-0.554928 -0.764939 0 0 0 0 
1 2 6
2 7 6
2 3 7
3 8 7
3 4 8
4 9 8
4 5 9
6 7 10
7 11 10
7 8 11
8 12 11
8 9 12
10 11 13
11 14 13
11 12 14
13 14 15
ZONE N=15, E=16, F=FEPOINT, ET=TRIANGLE
-0.471397 -0.881921 0 0 0 0 
-0.460539 -0.88764 0 0 0 0 
-0.449611 -0.893224 0 0 0 0 
-0.438616 -0.898674 0 0 0 0 
-0.427555 -0.903989 0 0 0 0 
-0.460255 -0.876081 0 0 0 0 
-0.449363 -0.881732 0 0 0 0 
-0.438402 -0.887249 0 0 0 0 
-0.427374 -0.892632 0 0 0 0 
-0.449113 -0.87024 0 0 0 0 
-0.438187 -0.875824 0 0 0 0 
-0.427192 -0.881274 0 0 0 0 
-0.437971 -0.864399 0 0 0 0 
-0.427011 -0.869916 0 0 0 0 
-0.42683 -0.858558 0 0 0 0 
1 2 6
2 7 6
2 3 7
3 8 7
3 4 8
4 9 8
4 5 9
6 7 10
7 11 10
7 8 11
8 12 11
8 9 12
10 11 13
11 14 13
11 12 14
13 14 15
ZONE N=15, E=16, F=FEPOINT, ET=TRIANGLE
-0.0961897 -0.948843 0 0 0 0 
-0.108825 -0.958927 0 0 0 0 
-0.12146 -0.96901 0 0 0 0 
-0.134095 -0.979093 0 0 0 0 
-0.14673 -0.989177 0 0 0 0 
-0.0966466 -0.960429 0 0 0 0 
-0.109291 -0.970587 0 0 0 0 
-0.121936 -0.980745 0 0 0 0 
-0.134581 -0.990903 0 0 0 0 
-0.0971034 -0.972014 0 0 0 0 
-0.109757 -0.982247 0 0 0 0 
-0.122411 -0.99248 0 0 0 0 
-0.0975603 -0.983599 0 0 0 0 
-0.110222 -0.993907 0 0 0 0 
-0.0980171 -0.995185 0 0 0 0 
1 2 6
2 7 6
2 3 7
3 8 7
3 4 8
4 9 8
4 5 9
6 7 10
7 11 10
7 8 11
8 12 11
8 9 12
10 11 13
11 14 13
11 12 14
13 14 15
ZONE N=15, E=16, F=FEPOINT, ET=TRIANGLE
-0.0411197 -0.95538 0 0 0 0 
-0.0553441 -0.965331 0 0 0 0 
-0.0695684 -0.975282 0 0 0 0 
-0.0837928 -0.985233 0 0 0 0 
-0.0980171 -0.995185 0 0 0 0 
-0.0431067 -0.966234 0 0 0 0 
-0.0573366 -0.97626 0 0 0 0 
-0.0715668 -0.986286 0 0 0 0 
-0.0857973 -0.996313 0 0 0 0 
-0.0450937 -0.977088 0 0 0 0 
-0.0593288 -0.987189 0 0 0 0 
-0.0735646 -0.99729 0 0 0 0 
-0.0470807 -0.987942 0 0 0 0 
-0.0613207 -0.998118 0 0 0 0 
-0.0490677 -0.998795 0 0 0 0 
1 2 6
2 7 6
2 3 7
3 8 7
3 4 8
4 9 8
4 5 9
6 7 10
7 11 10
7 8 11
8 12 11
8 9 12
10 11 13
11 14 13
11 12 14
13 14 15
ZONE N=15, E=16, F=FEPOINT, ET=TRIANGLE
-1.83881e-16 -1 0 0 0 0 
-0.00257018 -0.992054 0 0 0 0 
-0.00514036 -0.984109 0 0 0 0 
-0.00771054 -0.976163 0 0 0 0 
-0.0102807 -0.968217 0 0 0 0 
-0.0122715 -0.999925 0 0 0 0 
-0.0148405 -0.991904 0 0 0 0 
-0.0174091 -0.983883 0 0 0 0 
-0.0199775 -0.975862 0 0 0 0 
-0.0245412 -0.999699 0 0 0 0 
-0.027108 -0.991603 0 0 0 0 
-0.0296742 -0.983506 0 0 0 0 
-0.0368072 -0.999322 0 0 0 0 
-0.0393709 -0.991151 0 0 0 0 
-0.0490677 -0.998795 0 0 0 0 
1 2 6
2 7 6
2 3 7
3 8 7
3 4 8
4 9 8
4 5 9
6 7 10
7 11 10
7 8 11
8 12 11
8 9 12
10 11 13
11 14 13
11 12 14
13 14 15
ZONE N=15, E=16, F=FEPOINT, ET=TRIANGLE
-0.306758 -0.917176 0 0 0 0 
-0.314291 -0.923268 0 0 0 0 
-0.321824 -0.92936 0 0 0 0 
-0.329357 -0.935452 0 0 0 0 
-0.33689 -0.941544 0 0 0 0 
-0.30264 -0.927117 0 0 0 0 
-0.310196 -0.93328 0 0 0 0 
-0.317753 -0.939444 0 0 0 0 
-0.32531 -0.945607 0 0 0 0 
-0.298521 -0.937058 0 0 0 0 
-0.306101 -0.943293 0 0 0 0 
-0.313682 -0.949528 0 0 0 0 
-0.294403 -0.946999 0 0 0 0 
-0.302006 -0.953306 0 0 0 0 
-0.290285 -0.95694 0 0 0 0 
1 2 6
2 7 6
2 3 7
3 8 7
3 4 8
4 9 8
4 5 9
6 7 10
7 11 10
7 8 11
8 12 11
8 9 12
10 11 13
11 14 13
11 12 14
13 14 15
ZONE N=15, E=16, F=FEPOINT, ET=TRIANGLE
-0.362359 -0.897003 0 0 0 0 
-0.36744 -0.903722 0 0 0 0 
-0.372521 -0.910441 0 0 0 0 
-0.377602 -0.91716 0 0 0 0 
-0.382683 -0.92388 0 0 0 0 
-0.355991 -0.908139 0 0 0 0 
-0.3611 -0.914928 0 0 0 0 
-0.366208 -0.921717 0 0 0 0 
-0.371317 -0.928506 0 0 0 0 
-0.349624 -0.919274 0 0 0 0 
-0.354759 -0.926133 0 0 0 0 
-0.359895 -0.932993 0 0 0 0 
-0.343257 -0.930409 0 0 0 0 
-0.348419 -0.937339 0 0 0 0 
-0.33689 -0.941544 0 0 0 0 
1 2 6
2 7 6
2 3 7
3 8 7
3 4 8
4 9 8
4 5 9
6 7 10
7 11 10
7 8 11
8 12 11
8 9 12
10 11 13
11 14 13
11 12 14
13 14 15
ZONE N=15, E=16, F=FEPOINT, ET=TRIANGLE
-0.24298 -0.970031 0 0 0 0 
-0.248335 -0.954315 0 0 0 0 
-0.25369 -0.938598 0 0 0 0 
-0.259045 -0.922882 0 0 0 0 
-0.2644 -0.907165 0 0 0 0 
-0.254866 -0.966976 0 0 0 0 
-0.260201 -0.951187 0 0 0 0 
-0.265536 -0.935398 0 0 0 0 
-0.270871 -0.919609 0 0 0 0 
-0.266713 -0.963776 0 0 0 0 
-0.272028 -0.947914 0 0 0 0 
-0.277342 -0.932053 0 0 0 0 
-0.27852 -0.960431 0 0 0 0 
-0.283814 -0.944497 0 0 0 0 
-0.290285 -0.95694 0 0 0 0 
1 2 6
2 7 6
2 3 7
3 8 7
3 4 8
4 9 8
4 5 9
6 7 10
7 11 10
7 8 11
8 12 11
8 9 12
10 11 13
11 14 13
11 12 14
13 14 15
ZONE N=15, E=16, F=FEPOINT, ET=TRIANGLE
-0.206952 -0.919268 0 0 0 0 
-0.215959 -0.931959 0 0 0 0 
-0.224966 -0.94465 0 0 0 0 
-0.233973 -0.95734 0 0 0 0 
-0.24298 -0.970031 0 0 0 0 
-0.203987 -0.934647 0 0 0 0 
-0.21301 -0.947412 0 0 0 0 
-0.222034 -0.960176 0 0 0 0 
-0.231058 -0.97294 0 0 0 0 
-0.201021 -0.950027 0 0 0 0 
-0.210061 -0.962864 0 0 0 0 
-0.219101 -0.975702 0 0 0 0 
-0.198056 -0.965406 0 0 0 0 
-0.207111 -0.978317 0 0 0 0 
-0.19509 -0.980785 0 0 0 0 
1 2 6
2 7 6
2 3 7
3 8 7
3 4 8
4 9 8
4 5 9
6 7 10
7 11 10
7 8 11
8 12 11
8 9 12
10 11 13
11 14 13
11 12 14
13 14 15
ZONE N=15, E=16, F=FEPOINT, ET=TRIANGLE
-0.19509 -0.980785 0 0 0 0 
-0.18304 -0.983105 0 0 0 0 
-0.170962 -0.985278 0 0 0 0 
-0.158858 -0.987301 0 0 0 0 
-0.14673 -0.989177 0 0 0 0 
-0.190748 -0.96878 0 0 0 0 
-0.178684 -0.971026 0 0 0 0 
-0.166593 -0.973124 0 0 0 0 
-0.154478 -0.975074 0 0 0 0 
-0.186405 -0.956775 0 0 0 0 
-0.174328 -0.958947 0 0 0 0 
-0.162225 -0.960971 0 0 0 0 
-0.182063 -0.94477 0 0 0 0 
-0.169973 -0.946868 0 0 0 0 
-0.17772 -0.932765 0 0 0 0 
1 2 6
2 7 6
2 3 7
3 8 7
3 4 8
4 9 8
4 5 9
6 7 10
7 11 10
7 8 11
8 12 11
8 9 12
10 11 13
11 14 13
11 12 14
13 14 15
ZONE N=15, E=16, F=FEPOINT, ET=TRIANGLE
-0.91357 -0.252208 0 0 0 0 
-0.927685 -0.249901 0 0 0 0 
-0.9418 -0.247594 0 0 0 0 
-0.955916 -0.245287 0 0 0 0 
-0.970031 -0.24298 0 0 0 0 
-0.924412 -0.261727 0 0 0 0 
-0.9386 -0.25944 0 0 0 0 
-0.952788 -0.257153 0 0 0 0 
-0.966976 -0.254866 0 0 0 0 
-0.935255 -0.271246 0 0 0 0 
-0.949515 -0.26898 0 0 0 0 
-0.963776 -0.266713 0 0 0 0 
-0.946098 -0.280766 0 0 0 0 
-0.960431 -0.27852 0 0 0 0 
-0.95694 -0.290285 0 0 0 0 
1 2 6
2 7 6
2 3 7
3 8 7
3 4 8
4 9 8
4 5 9
6 7 10
7 11 10
7 8 11
8 12 11
8 9 12
10 11 13
11 14 13
11 12 14
13 14 15
ZONE N=15, E=16, F=FEPOINT, ET=TRIANGLE
-0.936374 -0.21112 0 0 0 0 
-0.947477 -0.207113 0 0 0 0 
-0.95858 -0.203105 0 0 0 0 
-0.969682 -0.199098 0 0 0 0 
-0.980785 -0.19509 0 0 0 0 
-0.944788 -0.219085 0 0 0 0 
-0.955965 -0.215094 0 0 0 0 
-0.967141 -0.211103 0 0 0 0 
-0.978317 -0.207111 0 0 0 0 
-0.953203 -0.22705 0 0 0 0 
-0.964452 -0.223076 0 0 0 0 
-0.975702 -0.219101 0 0 0 0 
-0.961617 -0.235015 0 0 0 0 
-0.97294 -0.231058 0 0 0 0 
-0.970031 -0.24298 0 0 0 0 
1 2 6
2 7 6
2 3 7
3 8 7
3 4 8
4 9 8
4 5 9
6 7 10
7 11 10
7 8 11
8 12 11
8 9 12
10 11 13
11 14 13
11 12 14
13 14 15
ZONE N=15, E=16, F=FEPOINT, ET=TRIANGLE
-0.514103 -0.857729 0 0 0 0 
-0.514363 -0.841201 0 0 0 0 
-0.514623 -0.824673 0 0 0 0 
-0.514883 -0.808144 0 0 0 0 
-0.515143 -0.791616 0 0 0 0 
-0.52459 -0.851355 0 0 0 0 
-0.52481 -0.834763 0 0 0 0 
-0.52503 -0.818171 0 0 0 0 
-0.52525 -0.80158 0 0 0 0 
-0.534998 -0.844854 0 0 0 0 
-0.535177 -0.828198 0 0 0 0 
-0.535357 -0.811543 0 0 0 0 
-0.545325 -0.838225 0 0 0 0 
-0.545463 -0.821506 0 0 0 0 
-0.55557 -0.83147 0 0 0 0 
1 2 6
2 7 6
2 3 7
3 8 7
3 4 8
4 9 8
4 5 9
6 7 10
7 11 10
7 8 11
8 12 11
8 9 12
10 11 13
11 14 13
11 12 14
13 14 15
ZONE N=15, E=16, F=FEPOINT, ET=TRIANGLE
-0.514103 -0.857729 0 0 0 0 
-0.503538 -0.863973 0 0 0 0 
-0.492898 -0.870087 0 0 0 0 
-0.482184 -0.87607 0 0 0 0 
-0.471397 -0.881921 0 0 0 0 
-0.505394 -0.848864 0 0 0 0 
-0.494792 -0.855043 0 0 0 0 
-0.484115 -0.861091 0 0 0 0 
-0.473365 -0.867008 0 0 0 0 
-0.496685 -0.839998 0 0 0 0 
-0.486046 -0.846112 0 0 0 0 
-0.475332 -0.852095 0 0 0 0 
-0.487977 -0.831133 0 0 0 0 
-0.4773 -0.837182 0 0 0 0 
-0.479268 -0.822268 0 0 0 0 
1 2 6
2 7 6
2 3 7
3 8 7
3 4 8
4 9 8
4 5 9
6 7 10
7 11 10
7 8 11
8 12 11
8 9 12
10 11 13
11 14 13
11 12 14
13 14 15
ZONE N=15, E=16, F=FEPOINT, ET=TRIANGLE
0.0204924 -0.978022 0 0 0 0 
0.0153693 -0.983517 0 0 0 0 
0.0102462 -0.989011 0 0 0 0 
0.00512309 -0.994506 0 0 0 0 
-1.83881e-16 -1 0 0 0 0 
0.0276362 -0.983215 0 0 0 0 
0.0225149 -0.988785 0 0 0 0 
0.0173934 -0.994355 0 0 0 0 
0.0122715 -0.999925 0 0 0 0 
0.03478 -0.988409 0 0 0 0 
0.0296609 -0.994054 0 0 0 0 
0.0245412 -0.999699 0 0 0 0 
0.0419238 -0.993602 0 0 0 0 
0.0368072 -0.999322 0 0 0 0 
0.0490677 -0.998795 0 0 0 0 
1 2 6
2 7 6
2 3 7
3 8 7
3 4 8
4 9 8
4 5 9
6 7 10
7 11 10
7 8 11
8 12 11
8 9 12
10 11 13
11 14 13
11 12 14
13 14 15
ZONE N=15, E=16, F=FEPOINT, ET=TRIANGLE
0.0662897 -0.958261 0 0 0 0 
0.0619842 -0.968395 0 0 0 0 
0.0576787 -0.978528 0 0 0 0 
0.0533732 -0.988662 0 0 0 0 
0.0490677 -0.998795 0 0 0 0 
0.0742216 -0.967492 0 0 0 0 
0.0699216 -0.977701 0 0 0 0 
0.0656213 -0.987909 0 0 0 0 
0.0613207 -0.998118 0 0 0 0 
0.0821534 -0.976723 0 0 0 0 
0.0778593 -0.987007 0 0 0 0 
0.0735646 -0.99729 0 0 0 0 
0.0900853 -0.985954 0 0 0 0 
0.0857973 -0.996313 0 0 0 0 
0.0980171 -0.995185 0 0 0 0 
1 2 6
2 7 6
2 3 7
3 8 7
3 4 8
4 9 8
4 5 9
6 7 10
7 11 10
7 8 11
8 12 11
8 9 12
10 11 13
11 14 13
11 12 14
13 14 15
ZONE N=15, E=16, F=FEPOINT, ET=TRIANGLE
0.160682 -0.932801 0 0 0 0 
0.157194 -0.946895 0 0 0 0 
0.153706 -0.960989 0 0 0 0 
0.150218 -0.975083 0 0 0 0 
0.14673 -0.989177 0 0 0 0 
0.169284 -0.944797 0 0 0 0 
0.165809 -0.958965 0 0 0 0 
0.162334 -0.973133 0 0 0 0 
0.158858 -0.987301 0 0 0 0 
0.177886 -0.956793 0 0 0 0 
0.174424 -0.971035 0 0 0 0 
0.170962 -0.985278 0 0 0 0 
0.186488 -0.968789 0 0 0 0 
0.18304 -0.983105 0 0 0 0 
0.19509 -0.980785 0 0 0 0 
1 2 6
2 7 6
2 3 7
3 8 7
3 4 8
4 9 8
4 5 9
6 7 10
7 11 10
7 8 11
8 12 11
8 9 12
10 11 13
11 14 13
11 12 14
13 14 15
ZONE N=15, E=16, F=FEPOINT, ET=TRIANGLE
0.14673 -0.989177 0 0 0 0 
0.134925 -0.978294 0 0 0 0 
0.123119 -0.967411 0 0 0 0 
0.111313 -0.956528 0 0 0 0 
0.0995073 -0.945645 0 0 0 0 
0.134581 -0.990903 0 0 0 0 
0.122765 -0.979945 0 0 0 0 
0.11095 -0.968987 0 0 0 0 
0.0991347 -0.95803 0 0 0 0 
0.122411 -0.99248 0 0 0 0 
0.110586 -0.981447 0 0 0 0 
0.0987622 -0.970415 0 0 0 0 
0.110222 -0.993907 0 0 0 0 
0.0983897 -0.9828 0 0 0 0 
0.0980171 -0.995185 0 0 0 0 
1 2 6
2 7 6
2 3 7
3 8 7
3 4 8
4 9 8
4 5 9
6 7 10
7 11 10
7 8 11
8 12 11
8 9 12
10 11 13
11 14 13
11 12 14
13 14 15
ZONE N=15, E=16, F=FEPOINT, ET=TRIANGLE
0.290285 -0.95694 0 0 0 0 
0.281602 -0.945142 0 0 0 0 
0.272918 -0.933344 0 0 0 0 
0.264235 -0.921545 0 0 0 0 
0.255552 -0.909747 0 0 0 0 
0.27852 -0.960431 0 0 0 0 
0.269816 -0.94856 0 0 0 0 
0.261112 -0.936689 0 0 0 0 
0.252409 -0.924818 0 0 0 0 
0.266713 -0.963776 0 0 0 0 
0.257989 -0.951833 0 0 0 0 
0.249266 -0.939889 0 0 0 0 
0.254866 -0.966976 0 0 0 0 
0.246123 -0.95496 0 0 0 0 
0.24298 -0.970031 0 0 0 0 
1 2 6
2 7 6
2 3 7
3 8 7
3 4 8
4 9 8
4 5 9
6 7 10
7 11 10
7 8 11
8 12 11
8 9 12
10 11 13
11 14 13
11 12 14
13 14 15
ZONE N=15, E=16, F=FEPOINT, ET=TRIANGLE
0.19509 -0.980785 0 0 0 0 
0.207111 -0.978317 0 0 0 0 
0.219101 -0.975702 0 0 0 0 
0.231058 -0.97294 0 0 0 0 
0.24298 -0.970031 0 0 0 0 
0.195961 -0.967851 0 0 0 0 
0.207967 -0.96531 0 0 0 0 
0.21994 -0.962621 0 0 0 0 
0.231879 -0.959786 0 0 0 0 
0.196833 -0.954918 0 0 0 0 
0.208822 -0.952303 0 0 0 0 
0.220777 -0.949541 0 0 0 0 
0.197704 -0.941984 0 0 0 0 
0.209676 -0.939295 0 0 0 0 
0.198575 -0.92905 0 0 0 0 
1 2 6
2 7 6
2 3 7
3 8 7
3 4 8
4 9 8
4 5 9
6 7 10
7 11 10
7 8 11
8 12 11
8 9 12
10 11 13
11 14 13
11 12 14
13 14 15
ZONE N=15, E=16, F=FEPOINT, ET=TRIANGLE
0.471397 -0.881921 0 0 0 0 
0.460439 -0.876283 0 0 0 0 
0.449481 -0.870644 0 0 0 0 
0.438523 -0.865005 0 0 0 0 
0.427565 -0.859367 0 0 0 0 
0.460539 -0.88764 0 0 0 0 
0.449546 -0.881934 0 0 0 0 
0.438554 -0.876228 0 0 0 0 
0.427562 -0.870523 0 0 0 0 
0.449611 -0.893224 0 0 0 0 
0.438585 -0.887451 0 0 0 0 
0.42756 -0.881678 0 0 0 0 
0.438616 -0.898674 0 0 0 0 
0.427558 -0.892834 0 0 0 0 
0.427555 -0.903989 0 0 0 0 
1 2 6
2 7 6
2 3 7
3 8 7
3 4 8
4 9 8
4 5 9
6 7 10
7 11 10
7 8 11
8 12 11
8 9 12
10 11 13
11 14 13
11 12 14
13 14 15
ZONE N=15, E=16, F=FEPOINT, ET=TRIANGLE
0.519501 -0.787349 0 0 0 0 
0.518151 -0.804944 0 0 0 0 
0.516802 -0.822539 0 0 0 0 
0.515452 -0.840134 0 0 0 0 
0.514103 -0.857729 0 0 0 0 
0.528518 -0.798379 0 0 0 0 
0.527209 -0.816038 0 0 0 0 
0.525899 -0.833696 0 0 0 0 
0.52459 -0.851355 0 0 0 0 
0.537535 -0.80941 0 0 0 0 
0.536267 -0.827131 0 0 0 0 
0.534998 -0.844854 0 0 0 0 
0.546553 -0.82044 0 0 0 0 
0.545325 -0.838225 0 0 0 0 
0.55557 -0.83147 0 0 0 0 
1 2 6
2 7 6
2 3 7
3 8 7
3 4 8
4 9 8
4 5 9
6 7 10
7 11 10
7 8 11
8 12 11
8 9 12
10 11 13
11 14 13
11 12 14
13 14 15
ZONE N=15, E=16, F=FEPOINT, ET=TRIANGLE
0.595699 -0.803208 0 0 0 0 
0.584965 -0.794853 0 0 0 0 
0.57423 -0.786499 0 0 0 0 
0.563496 -0.778145 0 0 0 0 
0.552761 -0.769791 0 0 0 0 
0.585798 -0.810457 0 0 0 0 
0.57502 -0.802042 0 0 0 0 
0.564241 -0.793626 0 0 0 0 
0.553464 -0.785211 0 0 0 0 
0.575808 -0.817585 0 0 0 0 
0.564987 -0.809108 0 0 0 0 
0.554166 -0.80063 0 0 0 0 
0.565732 -0.824589 0 0 0 0 
0.554868 -0.81605 0 0 0 0 
0.55557 -0.83147 0 0 0 0 
1 2 6
2 7 6
2 3 7
3 8 7
3 4 8
4 9 8
4 5 9
6 7 10
7 11 10
7 8 11
8 12 11
8 9 12
10 11 13
11 14 13
11 12 14
13 14 15
ZONE N=15, E=16, F=FEPOINT, ET=TRIANGLE
0.587255 -0.747207 0 0 0 0 
0.589366 -0.761207 0 0 0 0 
0.591477 -0.775207 0 0 0 0 
0.593588 -0.789207 0 0 0 0 
0.595699 -0.803208 0 0 0 0 
0.59904 -0.753658 0 0 0 0 
0.601197 -0.767717 0 0 0 0 
0.603354 -0.781777 0 0 0 0 
0.605511 -0.795837 0 0 0 0 
0.610824 -0.760109 0 0 0 0 
0.613028 -0.774227 0 0 0 0 
0.615232 -0.788346 0 0 0 0 
0.622609 -0.76656 0 0 0 0 
0.624859 -0.780737 0 0 0 0 
0.634393 -0.77301 0 0 0 0 
1 2 6
2 7 6
2 3 7
3 8 7
3 4 8
4 9 8
4 5 9
6 7 10
7 11 10
7 8 11
8 12 11
8 9 12
10 11 13
11 14 13
11 12 14
13 14 15
ZONE N=15, E=16, F=FEPOINT, ET=TRIANGLE
0.671559 -0.740951 0 0 0 0 
0.657804 -0.737464 0 0 0 0 
0.644049 -0.733977 0 0 0 0 
0.630295 -0.73049 0 0 0 0 
0.61654 -0.727003 0 0 0 0 
0.662416 -0.749136 0 0 0 0 
0.648611 -0.745593 0 0 0 0 
0.634807 -0.742049 0 0 0 0 
0.621003 -0.738505 0 0 0 0 
0.653173 -0.757209 0 0 0 0 
0.639319 -0.753608 0 0 0 0 
0.625467 -0.750007 0 0 0 0 
0.643832 -0.765167 0 0 0 0 
0.62993 -0.761509 0 0 0 0 
0.634393 -0.77301 0 0 0 0 
1 2 6
2 7 6
2 3 7
3 8 7
3 4 8
4 9 8
4 5 9
6 7 10
7 11 10
7 8 11
8 12 11
8 9 12
10 11 13
11 14 13
11 12 14
13 14 15
ZONE N=15, E=16, F=FEPOINT, ET=TRIANGLE
0.707107 -0.707107 0 0 0 0 
0.699026 -0.703746 0 0 0 0 
0.690945 -0.700385 0 0 0 0 
0.682865 -0.697025 0 0 0 0 
0.674784 -0.693664 0 0 0 0 
0.698376 -0.715731 0 0 0 0 
0.690243 -0.712316 0 0 0 0 
0.68211 -0.708901 0 0 0 0 
0.673978 -0.705486 0 0 0 0 
0.689541 -0.724247 0 0 0 0 
0.681356 -0.720778 0 0 0 0 
0.673171 -0.717308 0 0 0 0 
0.680601 -0.732654 0 0 0 0 
0.672365 -0.729129 0 0 0 0 
0.671559 -0.740951 0 0 0 0 
1 2 6
2 7 6
2 3 7
3 8 7
3 4 8
4 9 8
4 5 9
6 7 10
7 11 10
7 8 11
8 12 11
8 9 12
10 11 13
11 14 13
11 12 14
13 14 15
ZONE N=15, E=16, F=FEPOINT, ET=TRIANGLE
0.83147 -0.55557 0 0 0 0 
0.838225 -0.545325 0 0 0 0 
0.844854 -0.534998 0 0 0 0 
0.851355 -0.52459 0 0 0 0 
0.857729 -0.514103 0 0 0 0 
0.827928 -0.545871 0 0 0 0 
0.83462 -0.535585 0 0 0 0 
0.841185 -0.525218 0 0 0 0 
0.847622 -0.514771 0 0 0 0 
0.824386 -0.536173 0 0 0 0 
0.831015 -0.525846 0 0 0 0 
0.837516 -0.515439 0 0 0 0 
0.820845 -0.526474 0 0 0 0 
0.827409 -0.516107 0 0 0 0 
0.817303 -0.516775 0 0 0 0 
1 2 6
2 7 6
2 3 7
3 8 7
3 4 8
4 9 8
4 5 9
6 7 10
7 11 10
7 8 11
8 12 11
8 9 12
10 11 13
11 14 13
11 12 14
13 14 15
ZONE N=15, E=16, F=FEPOINT, ET=TRIANGLE
0.83147 -0.55557 0 0 0 0 
0.819414 -0.552284 0 0 0 0 
0.807359 -0.548999 0 0 0 0 
0.795304 -0.545713 0 0 0 0 
0.783249 -0.542427 0 0 0 0 
0.824589 -0.565732 0 0 0 0 
0.812472 -0.562403 0 0 0 0 
0.800355 -0.559074 0 0 0 0 
0.788238 -0.555745 0 0 0 0 
0.817585 -0.575808 0 0 0 0 
0.805406 -0.572436 0 0 0 0 
0.793228 -0.569063 0 0 0 0 
0.810457 -0.585798 0 0 0 0 
0.798218 -0.582381 0 0 0 0 
0.803208 -0.595699 0 0 0 0 
1 2 6
2 7 6
2 3 7
3 8 7
3 4 8
4 9 8
4 5 9
6 7 10
7 11 10
7 8 11
8 12 11
8 9 12
10 11 13
11 14 13
11 12 14
13 14 15
ZONE N=15, E=16, F=FEPOINT, ET=TRIANGLE
0.77301 -0.634393 0 0 0 0 
0.780737 -0.624859 0 0 0 0 
0.788346 -0.615232 0 0 0 0 
0.795837 -0.605511 0 0 0 0 
0.803208 -0.595699 0 0 0 0 
0.76753 -0.62463 0 0 0 0 
0.775198 -0.61505 0 0 0 0 
0.782748 -0.605376 0 0 0 0 
0.790178 -0.59561 0 0 0 0 
0.76205 -0.614868 0 0 0 0 
0.769659 -0.60524 0 0 0 0 
0.777149 -0.595521 0 0 0 0 
0.75657 -0.605105 0 0 0 0 
0.764119 -0.595431 0 0 0 0 
0.75109 -0.595342 0 0 0 0 
1 2 6
2 7 6
2 3 7
3 8 7
3 4 8
4 9 8
4 5 9
6 7 10
7 11 10
7 8 11
8 12 11
8 9 12
10 11 13
11 14 13
11 12 14
13 14 15
ZONE N=15, E=16, F=FEPOINT, ET=TRIANGLE
0.427555 -0.903989 0 0 0 0 
0.419161 -0.902214 0 0 0 0 
0.410766 -0.900438 0 0 0 0 
0.402372 -0.898663 0 0 0 0 
0.393977 -0.896887 0 0 0 0 
0.41643 -0.909168 0 0 0 0 
0.408004 -0.907324 0 0 0 0 
0.399579 -0.90548 0 0 0 0 
0.391154 -0.903635 0 0 0 0 
0.405241 -0.91421 0 0 0 0 
0.396785 -0.912297 0 0 0 0 
0.38833 -0.910383 0 0 0 0 
0.393992 -0.919114 0 0 0 0 
0.385507 -0.917132 0 0 0 0 
0.382683 -0.92388 0 0 0 0 
1 2 6
2 7 6
2 3 7
3 8 7
3 4 8
4 9 8
4 5 9
6 7 10
7 11 10
7 8 11
8 12 11
8 9 12
10 11 13
11 14 13
11 12 14
13 14 15
ZONE N=15, E=16, F=FEPOINT, ET=TRIANGLE
0.471397 -0.881921 0 0 0 0 
0.482184 -0.87607 0 0 0 0 
0.492898 -0.870087 0 0 0 0 
0.503538 -0.863973 0 0 0 0 
0.514103 -0.857729 0 0 0 0 
0.467697 -0.870283 0 0 0 0 
0.478447 -0.864366 0 0 0 0 
0.489124 -0.858318 0 0 0 0 
0.499726 -0.852139 0 0 0 0 
0.463997 -0.858646 0 0 0 0 
0.47471 -0.852663 0 0 0 0 
0.48535 -0.846549 0 0 0 0 
0.460297 -0.847008 0 0 0 0 
0.470973 -0.84096 0 0 0 0 
0.456597 -0.83537 0 0 0 0 
1 2 6
2 7 6
2 3 7
3 8 7
3 4 8
4 9 8
4 5 9
6 7 10
7 11 10
7 8 11
8 12 11
8 9 12
10 11 13
11 14 13
11 12 14
13 14 15
ZONE N=15, E=16, F=FEPOINT, ET=TRIANGLE
0.865152 -0.416529 0 0 0 0 
0.869344 -0.430246 0 0 0 0 
0.873537 -0.443963 0 0 0 0 
0.877729 -0.45768 0 0 0 0 
0.881921 -0.471397 0 0 0 0 
0.874861 -0.419285 0 0 0 0 
0.879121 -0.433036 0 0 0 0 
0.88338 -0.446787 0 0 0 0 
0.88764 -0.460539 0 0 0 0 
0.884571 -0.422042 0 0 0 0 
0.888898 -0.435826 0 0 0 0 
0.893224 -0.449611 0 0 0 0 
0.89428 -0.424798 0 0 0 0 
0.898674 -0.438616 0 0 0 0 
0.903989 -0.427555 0 0 0 0 
1 2 6
2 7 6
2 3 7
3 8 7
3 4 8
4 9 8
4 5 9
6 7 10
7 11 10
7 8 11
8 12 11
8 9 12
10 11 13
11 14 13
11 12 14
13 14 15
ZONE N=15, E=16, F=FEPOINT, ET=TRIANGLE
0.970031 -0.24298 0 0 0 0 
0.957453 -0.241908 0 0 0 0 
0.944874 -0.240835 0 0 0 0 
0.932296 -0.239763 0 0 0 0 
0.919718 -0.238691 0 0 0 0 
0.966976 -0.254866 0 0 0 0 
0.954325 -0.253774 0 0 0 0 
0.941674 -0.252682 0 0 0 0 
0.929023 -0.251589 0 0 0 0 
0.963776 -0.266713 0 0 0 0 
0.951052 -0.265601 0 0 0 0 
0.938329 -0.264488 0 0 0 0 
0.960431 -0.27852 0 0 0 0 
0.947635 -0.277386 0 0 0 0 
0.95694 -0.290285 0 0 0 0 
1 2 6
2 7 6
2 3 7
3 8 7
3 4 8
4 9 8
4 5 9
6 7 10
7 11 10
7 8 11
8 12 11
8 9 12
10 11 13
11 14 13
11 12 14
13 14 15
ZONE N=15, E=16, F=FEPOINT, ET=TRIANGLE
0.945544 -0.163216 0 0 0 0 
0.954354 -0.171185 0 0 0 0 
0.963165 -0.179153 0 0 0 0 
0.971975 -0.187122 0 0 0 0 
0.980785 -0.19509 0 0 0 0 
0.956452 -0.159095 0 0 0 0 
0.965337 -0.167076 0 0 0 0 
0.974221 -0.175058 0 0 0 0 
0.983105 -0.18304 0 0 0 0 
0.96736 -0.154973 0 0 0 0 
0.976319 -0.162967 0 0 0 0 
0.985278 -0.170962 0 0 0 0 
0.978268 -0.150852 0 0 0 0 
0.987301 -0.158858 0 0 0 0 
0.989177 -0.14673 0 0 0 0 
1 2 6
2 7 6
2 3 7
3 8 7
3 4 8
4 9 8
4 5 9
6 7 10
7 11 10
7 8 11
8 12 11
8 9 12
10 11 13
11 14 13
11 12 14
13 14 15
ZONE N=15, E=16, F=FEPOINT, ET=TRIANGLE
0.995185 -0.0980171 0 0 0 0 
0.98452 -0.0977077 0 0 0 0 
0.973855 -0.0973983 0 0 0 0 
0.963191 -0.0970889 0 0 0 0 
0.952526 -0.0967795 0 0 0 0 
0.993907 -0.110222 0 0 0 0 
0.983167 -0.109904 0 0 0 0 
0.972428 -0.109586 0 0 0 0 
0.961689 -0.109267 0 0 0 0 
0.99248 -0.122411 0 0 0 0 
0.981665 -0.122083 0 0 0 0 
0.970851 -0.121755 0 0 0 0 
0.990903 -0.134581 0 0 0 0 
0.980014 -0.134243 0 0 0 0 
0.989177 -0.14673 0 0 0 0 
1 2 6
2 7 6
2 3 7
3 8 7
3 4 8
4 9 8
4 5 9
6 7 10
7 11 10
7 8 11
8 12 11
8 9 12
10 11 13
11 14 13
11 12 14
13 14 15
ZONE N=15, E=16, F=FEPOINT, ET=TRIANGLE
0.363189 -0.899864 0 0 0 0 
0.356614 -0.910284 0 0 0 0 
0.350039 -0.920704 0 0 0 0 
0.343465 -0.931124 0 0 0 0 
0.33689 -0.941544 0 0 0 0 
0.368063 -0.905868 0 0 0 0 
0.361515 -0.916358 0 0 0 0 
0.354967 -0.926849 0 0 0 0 
0.348419 -0.937339 0 0 0 0 
0.372936 -0.911872 0 0 0 0 
0.366416 -0.922432 0 0 0 0 
0.359895 -0.932993 0 0 0 0 
0.37781 -0.917876 0 0 0 0 
0.371317 -0.928506 0 0 0 0 
0.382683 -0.92388 0 0 0 0 
1 2 6
2 7 6
2 3 7
3 8 7
3 4 8
4 9 8
4 5 9
6 7 10
7 11 10
7 8 11
8 12 11
8 9 12
10 11 13
11 14 13
11 12 14
13 14 15
ZONE N=15, E=16, F=FEPOINT, ET=TRIANGLE
0.843402 -0.475556 0 0 0 0 
0.846984 -0.485193 0 0 0 0 
0.850565 -0.494829 0 0 0 0 
0.854147 -0.504466 0 0 0 0 
0.857729 -0.514103 0 0 0 0 
0.853032 -0.474516 0 0 0 0 
0.856679 -0.48419 0 0 0 0 
0.860326 -0.493864 0 0 0 0 
0.863973 -0.503538 0 0 0 0 
0.862662 -0.473476 0 0 0 0 
0.866374 -0.483187 0 0 0 0 
0.870087 -0.492898 0 0 0 0 
0.872291 -0.472437 0 0 0 0 
0.87607 -0.482184 0 0 0 0 
0.881921 -0.471397 0 0 0 0 
1 2 6
2 7 6
2 3 7
3 8 7
3 4 8
4 9 8
4 5 9
6 7 10
7 11 10
7 8 11
8 12 11
8 9 12
10 11 13
11 14 13
11 12 14
13 14 15
ZONE N=15, E=16, F=FEPOINT, ET=TRIANGLE
0.92388 -0.382683 0 0 0 0 
0.914848 -0.383981 0 0 0 0 
0.905817 -0.385279 0 0 0 0 
0.896786 -0.386577 0 0 0 0 
0.887755 -0.387875 0 0 0 0 
0.919114 -0.393992 0 0 0 0 
0.910014 -0.39526 0 0 0 0 
0.900914 -0.396528 0 0 0 0 
0.891814 -0.397795 0 0 0 0 
0.91421 -0.405241 0 0 0 0 
0.905041 -0.406478 0 0 0 0 
0.895872 -0.407715 0 0 0 0 
0.909168 -0.41643 0 0 0 0 
0.899931 -0.417635 0 0 0 0 
0.903989 -0.427555 0 0 0 0 
1 2 6
2 7 6
2 3 7
3 8 7
3 4 8
4 9 8
4 5 9
6 7 10
7 11 10
7 8 11
8 12 11
8 9 12
10 11 13
11 14 13
11 12 14
13 14 15
ZONE N=15, E=16, F=FEPOINT, ET=TRIANGLE
0.941544 -0.33689 0 0 0 0 
0.945607 -0.32531 0 0 0 0 
0.949528 -0.313682 0 0 0 0 
0.953306 -0.302006 0 0 0 0 
0.95694 -0.290285 0 0 0 0 
0.930777 -0.330484 0 0 0 0 
0.934769 -0.31888 0 0 0 0 
0.938618 -0.307228 0 0 0 0 
0.942324 -0.29553 0 0 0 0 
0.92001 -0.324078 0 0 0 0 
0.92393 -0.31245 0 0 0 0 
0.927708 -0.300775 0 0 0 0 
0.909242 -0.317672 0 0 0 0 
0.913091 -0.306021 0 0 0 0 
0.898475 -0.311266 0 0 0 0 
1 2 6
2 7 6
2 3 7
3 8 7
3 4 8
4 9 8
4 5 9
6 7 10
7 11 10
7 8 11
8 12 11
8 9 12
10 11 13
11 14 13
11 12 14
13 14 15
ZONE N=15, E=16, F=FEPOINT, ET=TRIANGLE
0.901223 -0.353313 0 0 0 0 
0.906887 -0.360655 0 0 0 0 
0.912551 -0.367998 0 0 0 0 
0.918215 -0.375341 0 0 0 0 
0.92388 -0.382683 0 0 0 0 
0.911304 -0.349207 0 0 0 0 
0.917038 -0.356577 0 0 0 0 
0.922772 -0.363947 0 0 0 0 
0.928506 -0.371317 0 0 0 0 
0.921384 -0.345101 0 0 0 0 
0.927188 -0.352498 0 0 0 0 
0.932993 -0.359895 0 0 0 0 
0.931464 -0.340996 0 0 0 0 
0.937339 -0.348419 0 0 0 0 
0.941544 -0.33689 0 0 0 0 
1 2 6
2 7 6
2 3 7
3 8 7
3 4 8
4 9 8
4 5 9
6 7 10
7 11 10
7 8 11
8 12 11
8 9 12
10 11 13
11 14 13
11 12 14
13 14 15
ZONE N=15, E=16, F=FEPOINT, ET=TRIANGLE
0.965689 -0.0690671 0 0 0 0 
0.973063 -0.0763046 0 0 0 0 
0.980437 -0.0835421 0 0 0 0 
0.987811 -0.0907796 0 0 0 0 
0.995185 -0.0980171 0 0 0 0 
0.973966 -0.0640672 0 0 0 0 
0.981415 -0.0713103 0 0 0 0 
0.988864 -0.0785536 0 0 0 0 
0.996313 -0.0857973 0 0 0 0 
0.982242 -0.0590674 0 0 0 0 
0.989766 -0.0663157 0 0 0 0 
0.99729 -0.0735646 0 0 0 0 
0.990519 -0.0540675 0 0 0 0 
0.998118 -0.0613207 0 0 0 0 
0.998795 -0.0490677 0 0 0 0 
1 2 6
2 7 6
2 3 7
3 8 7
3 4 8
4 9 8
4 5 9
6 7 10
7 11 10
7 8 11
8 12 11
8 9 12
10 11 13
11 14 13
11 12 14
13 14 15
ZONE N=15, E=16, F=FEPOINT, ET=TRIANGLE
1 -2.46331e-16 0 0 0 0 
0.992873 -0.00479843 0 0 0 0 
0.985747 -0.00959687 0 0 0 0 
0.97862 -0.0143953 0 0 0 0 
0.971493 -0.0191937 0 0 0 0 
0.999925 -0.0122715 0 0 0 0 
0.992723 -0.0170687 0 0 0 0 
0.985521 -0.0218656 0 0 0 0 
0.978319 -0.0266622 0 0 0 0 
0.999699 -0.0245412 0 0 0 0 
0.992422 -0.0293363 0 0 0 0 
0.985144 -0.0341307 0 0 0 0 
0.999322 -0.0368072 0 0 0 0 
0.99197 -0.0415992 0 0 0 0 
0.998795 -0.0490677 0 0 0 0 
1 2 6
2 7 6
2 3 7
3 8 7
3 4 8
4 9 8
4 5 9
6 7 10
7 11 10
7 8 11
8 12 11
8 9 12
10 11 13
11 14 13
11 12 14
13 14 15
ZONE N=15, E=16, F=FEPOINT, ET=TRIANGLE
0.289203 -0.909328 0 0 0 0 
0.289473 -0.921231 0 0 0 0 
0.289744 -0.933134 0 0 0 0 
0.290014 -0.945037 0 0 0 0 
0.290285 -0.95694 0 0 0 0 
0.301125 -0.917382 0 0 0 0 
0.301419 -0.929356 0 0 0 0 
0.301712 -0.941331 0 0 0 0 
0.302006 -0.953306 0 0 0 0 
0.313046 -0.925436 0 0 0 0 
0.313364 -0.937482 0 0 0 0 
0.313682 -0.949528 0 0 0 0 
0.324968 -0.93349 0 0 0 0 
0.32531 -0.945607 0 0 0 0 
0.33689 -0.941544 0 0 0 0 
1 2 6
2 7 6
2 3 7
3 8 7
3 4 8
4 9 8
4 5 9
6 7 10
7 11 10
7 8 11
8 12 11
8 9 12
10 11 13
11 14 13
11 12 14
13 14 15
ZONE N=15, E=16, F=FEPOINT, ET=TRIANGLE
0.740951 -0.671559 0 0 0 0 
0.749136 -0.662416 0 0 0 0 
0.757209 -0.653173 0 0 0 0 
0.765167 -0.643832 0 0 0 0 
0.77301 -0.634393 0 0 0 0 
0.734165 -0.663174 0 0 0 0 
0.742294 -0.653982 0 0 0 0 
0.750309 -0.64469 0 0 0 0 
0.75821 -0.6353 0 0 0 0 
0.727379 -0.65479 0 0 0 0 
0.735451 -0.645548 0 0 0 0 
0.743409 -0.636207 0 0 0 0 
0.720593 -0.646405 0 0 0 0 
0.728608 -0.637114 0 0 0 0 
0.713807 -0.638021 0 0 0 0 
1 2 6
2 7 6
2 3 7
3 8 7
3 4 8
4 9 8
4 5 9
6 7 10
7 11 10
7 8 11
8 12 11
8 9 12
10 11 13
11 14 13
11 12 14
13 14 15
ZONE N=15, E=16, F=FEPOINT, ET=TRIANGLE
0.705126 -0.676454 0 0 0 0 
0.705621 -0.684117 0 0 0 0 
0.706117 -0.691781 0 0 0 0 
0.706612 -0.699444 0 0 0 0 
0.707107 -0.707107 0 0 0 0 
0.714083 -0.67523 0 0 0 0 
0.714632 -0.682946 0 0 0 0 
0.715182 -0.690661 0 0 0 0 
0.715731 -0.698376 0 0 0 0 
0.723039 -0.674007 0 0 0 0 
0.723643 -0.681773 0 0 0 0 
0.724247 -0.689541 0 0 0 0 
0.731995 -0.672783 0 0 0 0 
0.732654 -0.680601 0 0 0 0 
0.740951 -0.671559 0 0 0 0 
1 2 6
2 7 6
2 3 7
3 8 7
3 4 8
4 9 8
4 5 9
6 7 10
7 11 10
7 8 11
8 12 11
8 9 12
10 11 13
11 14 13
11 12 14
13 14 15
ZONE N=15, E=16, F=FEPOINT, ET=TRIANGLE
0.937739 -0.211392 0 0 0 0 
0.945812 -0.219289 0 0 0 0 
0.953885 -0.227186 0 0 0 0 
0.961958 -0.235083 0 0 0 0 
0.970031 -0.24298 0 0 0 0 
0.948501 -0.207317 0 0 0 0 
0.956647 -0.21523 0 0 0 0 
0.964794 -0.223144 0 0 0 0 
0.97294 -0.231058 0 0 0 0 
0.959262 -0.203241 0 0 0 0 
0.967482 -0.211171 0 0 0 0 
0.975702 -0.219101 0 0 0 0 
0.970024 -0.199166 0 0 0 0 
0.978317 -0.207111 0 0 0 0 
0.980785 -0.19509 0 0 0 0 
1 2 6
2 7 6
2 3 7
3 8 7
3 4 8
4 9 8
4 5 9
6 7 10
7 11 10
7 8 11
8 12 11
8 9 12
10 11 13
11 14 13
11 12 14
13 14 15
ZONE N=15, E=16, F=FEPOINT, ET=TRIANGLE
0.37201 -0.0289147 0 0 0 0 
0.372757 -0.021686 0 0 0 0 
0.373505 -0.0144574 0 0 0 0 
0.374252 -0.00722868 0 0 0 0 
0.375 0 0 0 0 0 
0.364945 -0.021686 0 0 0 0 
0.365692 -0.0144574 0 0 0 0 
0.36644 -0.00722868 0 0 0 0 
0.367188 0 0 0 0 0 
0.35788 -0.0144574 0 0 0 0 
0.358627 -0.00722868 0 0 0 0 
0.359375 0 0 0 0 0 
0.350815 -0.00722868 0 0 0 0 
0.351563 0 0 0 0 0 
0.34375 0 0 0 0 0 
1 2 6
2 7 6
2 3 7
3 8 7
3 4 8
4 9 8
4 5 9
6 7 10
7 11 10
7 8 11
8 12 11
8 9 12
10 11 13
11 14 13
11 12 14
13 14 15
ZONE N=15, E=16, F=FEPOINT, ET=TRIANGLE
0.499648 -0.0311837 0 0 0 0 
0.499736 -0.0233878 0 0 0 0 
0.499824 -0.0155918 0 0 0 0 
0.499912 -0.00779592 0 0 0 0 
0.5 0 0 0 0 0 
0.491923 -0.0233878 0 0 0 0 
0.492011 -0.0155918 0 0 0 0 
0.492099 -0.00779592 0 0 0 0 
0.492188 1.73472e-18 0 0 0 0 
0.484199 -0.0155918 0 0 0 0 
0.484287 -0.00779592 0 0 0 0 
0.484375 0 0 0 0 0 
0.476474 -0.00779592 0 0 0 0 
0.476562 0 0 0 0 0 
0.46875 0 0 0 0 0 
1 2 6
2 7 6
2 3 7
3 8 7
3 4 8
4 9 8
4 5 9
6 7 10
7 11 10
7 8 11
8 12 11
8 9 12
10 11 13
11 14 13
11 12 14
13 14 15
ZONE N=15, E=16, F=FEPOINT, ET=TRIANGLE
-0.40625 0 0 0 0 0 
-0.414291 0.0080653 0 0 0 0 
-0.422331 0.0161306 0 0 0 0 
-0.430372 0.0241959 0 0 0 0 
-0.438412 0.0322612 0 0 0 0 
-0.414062 0 0 0 0 0 
-0.422103 0.0080653 0 0 0 0 
-0.430144 0.0161306 0 0 0 0 
-0.438184 0.0241959 0 0 0 0 
-0.421875 0 0 0 0 0 
-0.429916 0.0080653 0 0 0 0 
-0.437956 0.0161306 0 0 0 0 
-0.429687 0 0 0 0 0 
-0.437728 0.0080653 0 0 0 0 
-0.4375 0 0 0 0 0 
1 2 6
2 7 6
2 3 7
3 8 7
3 4 8
4 9 8
4 5 9
6 7 10
7 11 10
7 8 11
8 12 11
8 9 12
10 11 13
11 14 13
11 12 14
13 14 15
ZONE N=15, E=16, F=FEPOINT, ET=TRIANGLE
-0.46875 0 0 0 0 0 
-0.468629 0.00748486 0 0 0 0 
-0.468508 0.0149697 0 0 0 0 
-0.468387 0.0224546 0 0 0 0 
-0.468266 0.0299395 0 0 0 0 
-0.476562 0 0 0 0 0 
-0.476441 0.00748486 0 0 0 0 
-0.47632 0.0149697 0 0 0 0 
-0.476199 0.0224546 0 0 0 0 
-0.484375 0 0 0 0 0 
-0.484254 0.00748486 0 0 0 0 
-0.484133 0.0149697 0 0 0 0 
-0.492187 -1.73472e-18 0 0 0 0 
-0.492066 0.00748486 0 0 0 0 
-0.5 0 0 0 0 0 
1 2 6
2 7 6
2 3 7
3 8 7
3 4 8
4 9 8
4 5 9
6 7 10
7 11 10
7 8 11
8 12 11
8 9 12
10 11 13
11 14 13
11 12 14
13 14 15
ZONE N=15, E=16, F=FEPOINT, ET=TRIANGLE
-0.40625 0.0349443 0 0 0 0 
-0.40625 0.0262082 0 0 0 0 
-0.40625 0.0174722 0 0 0 0 
-0.40625 0.00873608 0 0 0 0 
-0.40625 0 0 0 0 0 
-0.398437 0.0262082 0 0 0 0 
-0.398437 0.0174722 0 0 0 0 
-0.398437 0.00873608 0 0 0 0 
-0.398437 0 0 0 0 0 
-0.390625 0.0174722 0 0 0 0 
-0.390625 0.00873608 0 0 0 0 
-0.390625 0 0 0 0 0 
-0.382812 0.00873608 0 0 0 0 
-0.382812 0 0 0 0 0 
-0.375 0 0 0 0 0 
1 2 6
2 7 6
2 3 7
3 8 7
3 4 8
4 9 8
4 5 9
6 7 10
7 11 10
7 8 11
8 12 11
8 9 12
10 11 13
11 14 13
11 12 14
13 14 15
ZONE N=15, E=16, F=FEPOINT, ET=TRIANGLE
-0.34375 0 0 0 0 0 
-0.347656 0.00857735 0 0 0 0 
-0.351562 0.0171547 0 0 0 0 
-0.355469 0.0257321 0 0 0 0 
-0.359375 0.0343094 0 0 0 0 
-0.351562 0 0 0 0 0 
-0.355469 0.00857735 0 0 0 0 
-0.359375 0.0171547 0 0 0 0 
-0.363281 0.0257321 0 0 0 0 
-0.359375 0 0 0 0 0 
-0.363281 0.00857735 0 0 0 0 
-0.367187 0.0171547 0 0 0 0 
-0.367187 0 0 0 0 0 
-0.371094 0.00857735 0 0 0 0 
-0.375 0 0 0 0 0 
1 2 6
2 7 6
2 3 7
3 8 7
3 4 8
4 9 8
4 5 9
6 7 10
7 11 10
7 8 11
8 12 11
8 9 12
10 11 13
11 14 13
11 12 14
13 14 15
ZONE N=15, E=16, F=FEPOINT, ET=TRIANGLE
-0.468266 0.0299395 0 0 0 0 
-0.468387 0.0224546 0 0 0 0 
-0.468508 0.0149697 0 0 0 0 
-0.468629 0.00748486 0 0 0 0 
-0.46875 0 0 0 0 0 
-0.460574 0.0224546 0 0 0 0 
-0.460695 0.0149697 0 0 0 0 
-0.460816 0.00748486 0 0 0 0 
-0.460937 -1.73472e-18 0 0 0 0 
-0.452883 0.0149697 0 0 0 0 
-0.453004 0.00748486 0 0 0 0 
-0.453125 0 0 0 0 0 
-0.445191 0.00748486 0 0 0 0 
-0.445312 0 0 0 0 0 
-0.4375 0 0 0 0 0 
1 2 6
2 7 6
2 3 7
3 8 7
3 4 8
4 9 8
4 5 9
6 7 10
7 11 10
7 8 11
8 12 11
8 9 12
10 11 13
11 14 13
11 12 14
13 14 15
ZONE N=15, E=16, F=FEPOINT, ET=TRIANGLE
-0.375 0 0 0 0 0 
-0.382812 1.73472e-18 0 0 0 0 
-0.390625 0 0 0 0 0 
-0.398437 0 0 0 0 0 
-0.40625 0 0 0 0 0 
-0.382066 -0.0109339 0 0 0 0 
-0.389878 -0.0109339 0 0 0 0 
-0.397691 -0.0109339 0 0 0 0 
-0.405503 -0.0109339 0 0 0 0 
-0.389131 -0.0218678 0 0 0 0 
-0.396944 -0.0218678 0 0 0 0 
-0.404756 -0.0218678 0 0 0 0 
-0.396197 -0.0328016 0 0 0 0 
-0.404009 -0.0328016 0 0 0 0 
-0.403262 -0.0437355 0 0 0 0 
1 2 6
2 7 6
2 3 7
3 8 7
3 4 8
4 9 8
4 5 9
6 7 10
7 11 10
7 8 11
8 12 11
8 9 12
10 11 13
11 14 13
11 12 14
13 14 15
ZONE N=15, E=16, F=FEPOINT, ET=TRIANGLE
-0.4375 0 0 0 0 0 
-0.445312 0 0 0 0 0 
-0.453125 0 0 0 0 0 
-0.460937 0 0 0 0 0 
-0.46875 0 0 0 0 0 
-0.44464 -0.00792756 0 0 0 0 
-0.452452 -0.00792756 0 0 0 0 
-0.460265 -0.00792756 0 0 0 0 
-0.468077 -0.00792756 0 0 0 0 
-0.451779 -0.0158551 0 0 0 0 
-0.459592 -0.0158551 0 0 0 0 
-0.467404 -0.0158551 0 0 0 0 
-0.458919 -0.0237827 0 0 0 0 
-0.466731 -0.0237827 0 0 0 0 
-0.466058 -0.0317102 0 0 0 0 
1 2 6
2 7 6
2 3 7
3 8 7
3 4 8
4 9 8
4 5 9
6 7 10
7 11 10
7 8 11
8 12 11
8 9 12
10 11 13
11 14 13
11 12 14
13 14 15
ZONE N=15, E=16, F=FEPOINT, ET=TRIANGLE
-0.40625 0 0 0 0 0 
-0.414062 -3.46945e-18 0 0 0 0 
-0.421875 0 0 0 0 0 
-0.429687 0 0 0 0 0 
-0.4375 0 0 0 0 0 
-0.41377 -0.0107662 0 0 0 0 
-0.421582 -0.0107662 0 0 0 0 
-0.429395 -0.0107662 0 0 0 0 
-0.437207 -0.0107662 0 0 0 0 
-0.421289 -0.0215324 0 0 0 0 
-0.429102 -0.0215324 0 0 0 0 
-0.436914 -0.0215324 0 0 0 0 
-0.428809 -0.0322986 0 0 0 0 
-0.436621 -0.0322986 0 0 0 0 
-0.436328 -0.0430648 0 0 0 0 
1 2 6
2 7 6
2 3 7
3 8 7
3 4 8
4 9 8
4 5 9
6 7 10
7 11 10
7 8 11
8 12 11
8 9 12
10 11 13
11 14 13
11 12 14
13 14 15
ZONE N=15, E=16, F=FEPOINT, ET=TRIANGLE
-0.3703 -0.0410356 0 0 0 0 
-0.363663 -0.0307767 0 0 0 0 
-0.357025 -0.0205178 0 0 0 0 
-0.350388 -0.0102589 0 0 0 0 
-0.34375 0 0 0 0 0 
-0.371475 -0.0307767 0 0 0 0 
-0.364838 -0.0205178 0 0 0 0 
-0.3582 -0.0102589 0 0 0 0 
-0.351562 1.73472e-18 0 0 0 0 
-0.37265 -0.0205178 0 0 0 0 
-0.366013 -0.0102589 0 0 0 0 
-0.359375 0 0 0 0 0 
-0.373825 -0.0102589 0 0 0 0 
-0.367187 0 0 0 0 0 
-0.375 0 0 0 0 0 
1 2 6
2 7 6
2 3 7
3 8 7
3 4 8
4 9 8
4 5 9
6 7 10
7 11 10
7 8 11
8 12 11
8 9 12
10 11 13
11 14 13
11 12 14
13 14 15
ZONE N=15, E=16, F=FEPOINT, ET=TRIANGLE
-0.3125 0 0 0 0 0 
-0.304687 0 0 0 0 0 
-0.296875 0 0 0 0 0 
-0.289062 0 0 0 0 0 
-0.28125 0 0 0 0 0 
-0.308594 0.00857735 0 0 0 0 
-0.300781 0.00857735 0 0 0 0 
-0.292969 0.00857735 0 0 0 0 
-0.285156 0.00857735 0 0 0 0 
-0.304687 0.0171547 0 0 0 0 
-0.296875 0.0171547 0 0 0 0 
-0.289062 0.0171547 0 0 0 0 
-0.300781 0.0257321 0 0 0 0 
-0.292969 0.0257321 0 0 0 0 
-0.296875 0.0343094 0 0 0 0 
1 2 6
2 7 6
2 3 7
3 8 7
3 4 8
4 9 8
4 5 9
6 7 10
7 11 10
7 8 11
8 12 11
8 9 12
10 11 13
11 14 13
11 12 14
13 14 15
ZONE N=15, E=16, F=FEPOINT, ET=TRIANGLE
-0.34375 0 0 0 0 0 
-0.339844 -0.00980404 0 0 0 0 
-0.335937 -0.0196081 0 0 0 0 
-0.332031 -0.0294121 0 0 0 0 
-0.328125 -0.0392161 0 0 0 0 
-0.335937 0 0 0 0 0 
-0.332031 -0.00980404 0 0 0 0 
-0.328125 -0.0196081 0 0 0 0 
-0.324219 -0.0294121 0 0 0 0 
-0.328125 0 0 0 0 0 
-0.324219 -0.00980404 0 0 0 0 
-0.320312 -0.0196081 0 0 0 0 
-0.320312 0 0 0 0 0 
-0.316406 -0.00980404 0 0 0 0 
-0.3125 0 0 0 0 0 
1 2 6
2 7 6
2 3 7
3 8 7
3 4 8
4 9 8
4 5 9
6 7 10
7 11 10
7 8 11
8 12 11
8 9 12
10 11 13
11 14 13
11 12 14
13 14 15
ZONE N=15, E=16, F=FEPOINT, ET=TRIANGLE
-0.3125 0 0 0 0 0 
-0.316406 0.0138494 0 0 0 0 
-0.320312 0.0276988 0 0 0 0 
-0.324219 0.0415482 0 0 0 0 
-0.328125 0.0553976 0 0 0 0 
-0.320312 0 0 0 0 0 
-0.324219 0.0138494 0 0 0 0 
-0.328125 0.0276988 0 0 0 0 
-0.332031 0.0415482 0 0 0 0 
-0.328125 0 0 0 0 0 
-0.332031 0.0138494 0 0 0 0 
-0.335937 0.0276988 0 0 0 0 
-0.335937 -3.46945e-18 0 0 0 0 
-0.339844 0.0138494 0 0 0 0 
-0.34375 0 0 0 0 0 
1 2 6
2 7 6
2 3 7
3 8 7
3 4 8
4 9 8
4 5 9
6 7 10
7 11 10
7 8 11
8 12 11
8 9 12
10 11 13
11 14 13
11 12 14
13 14 15
ZONE N=15, E=16, F=FEPOINT, ET=TRIANGLE
-0.28125 0 0 0 0 0 
-0.289062 -1.73472e-18 0 0 0 0 
-0.296875 0 0 0 0 0 
-0.304687 0 0 0 0 0 
-0.3125 0 0 0 0 0 
-0.28125 -0.00879296 0 0 0 0 
-0.289062 -0.00879296 0 0 0 0 
-0.296875 -0.00879296 0 0 0 0 
-0.304687 -0.00879296 0 0 0 0 
-0.28125 -0.0175859 0 0 0 0 
-0.289062 -0.0175859 0 0 0 0 
-0.296875 -0.0175859 0 0 0 0 
-0.28125 -0.0263789 0 0 0 0 
-0.289062 -0.0263789 0 0 0 0 
-0.28125 -0.0351719 0 0 0 0 
1 2 6
2 7 6
2 3 7
3 8 7
3 4 8
4 9 8
4 5 9
6 7 10
7 11 10
7 8 11
8 12 11
8 9 12
10 11 13
11 14 13
11 12 14
13 14 15
ZONE N=15, E=16, F=FEPOINT, ET=TRIANGLE
-0.248688 0.0302723 0 0 0 0 
-0.256829 0.0227042 0 0 0 0 
-0.264969 0.0151361 0 0 0 0 
-0.27311 0.00756807 0 0 0 0 
-0.28125 0 0 0 0 0 
-0.249016 0.0227042 0 0 0 0 
-0.257157 0.0151361 0 0 0 0 
-0.265297 0.00756807 0 0 0 0 
-0.273437 -8.67362e-19 0 0 0 0 
-0.249344 0.0151361 0 0 0 0 
-0.257485 0.00756807 0 0 0 0 
-0.265625 0 0 0 0 0 
-0.249672 0.00756807 0 0 0 0 
-0.257812 0 0 0 0 0 
-0.25 0 0 0 0 0 
1 2 6
2 7 6
2 3 7
3 8 7
3 4 8
4 9 8
4 5 9
6 7 10
7 11 10
7 8 11
8 12 11
8 9 12
10 11 13
11 14 13
11 12 14
13 14 15
ZONE N=15, E=16, F=FEPOINT, ET=TRIANGLE
-0.5 0 0 0 0 0 
-0.491515 -0.00792756 0 0 0 0 
-0.483029 -0.0158551 0 0 0 0 
-0.474544 -0.0237827 0 0 0 0 
-0.466058 -0.0317102 0 0 0 0 
-0.492187 0 0 0 0 0 
-0.483702 -0.00792756 0 0 0 0 
-0.475217 -0.0158551 0 0 0 0 
-0.466731 -0.0237827 0 0 0 0 
-0.484375 0 0 0 0 0 
-0.47589 -0.00792756 0 0 0 0 
-0.467404 -0.0158551 0 0 0 0 
-0.476562 0 0 0 0 0 
-0.468077 -0.00792756 0 0 0 0 
-0.46875 0 0 0 0 0 
1 2 6
2 7 6
2 3 7
3 8 7
3 4 8
4 9 8
4 5 9
6 7 10
7 11 10
7 8 11
8 12 11
8 9 12
10 11 13
11 14 13
11 12 14
13 14 15
ZONE N=15, E=16, F=FEPOINT, ET=TRIANGLE
0.046875 -0.0371696 0 0 0 0 
0.0507813 -0.0278772 0 0 0 0 
0.0546875 -0.0185848 0 0 0 0 
0.0585938 -0.0092924 0 0 0 0 
0.0625 0 0 0 0 0 
0.0429688 -0.0278772 0 0 0 0 
0.046875 -0.0185848 0 0 0 0 
0.0507813 -0.0092924 0 0 0 0 
0.0546875 -1.73472e-18 0 0 0 0 
0.0390625 -0.0185848 0 0 0 0 
0.0429688 -0.0092924 0 0 0 0 
0.046875 0 0 0 0 0 
0.0351563 -0.0092924 0 0 0 0 
0.0390625 0 0 0 0 0 
0.03125 0 0 0 0 0 
1 2 6
2 7 6
2 3 7
3 8 7
3 4 8
4 9 8
4 5 9
6 7 10
7 11 10
7 8 11
8 12 11
8 9 12
10 11 13
11 14 13
11 12 14
13 14 15
ZONE N=15, E=16, F=FEPOINT, ET=TRIANGLE
-0.25 0 0 0 0 0 
-0.257812 0 0 0 0 0 
-0.265625 0 0 0 0 0 
-0.273437 0 0 0 0 0 
-0.28125 0 0 0 0 0 
-0.250246 -0.00764819 0 0 0 0 
-0.258059 -0.00764819 0 0 0 0 
-0.265871 -0.00764819 0 0 0 0 
-0.273684 -0.00764819 0 0 0 0 
-0.250493 -0.0152964 0 0 0 0 
-0.258305 -0.0152964 0 0 0 0 
-0.266118 -0.0152964 0 0 0 0 
-0.250739 -0.0229446 0 0 0 0 
-0.258552 -0.0229446 0 0 0 0 
-0.250986 -0.0305928 0 0 0 0 
1 2 6
2 7 6
2 3 7
3 8 7
3 4 8
4 9 8
4 5 9
6 7 10
7 11 10
7 8 11
8 12 11
8 9 12
10 11 13
11 14 13
11 12 14
13 14 15
ZONE N=15, E=16, F=FEPOINT, ET=TRIANGLE
-0.00177768 -0.0312652 0 0 0 0 
-0.00133326 -0.0234489 0 0 0 0 
-0.000888841 -0.0156326 0 0 0 0 
-0.00044442 -0.0078163 0 0 0 0 
1.22125e-15 0 0 0 0 0 
-0.00914576 -0.0234489 0 0 0 0 
-0.00870134 -0.0156326 0 0 0 0 
-0.00825692 -0.0078163 0 0 0 0 
-0.0078125 0 0 0 0 0 
-0.0165138 -0.0156326 0 0 0 0 
-0.0160694 -0.0078163 0 0 0 0 
-0.015625 0 0 0 0 0 
-0.0238819 -0.0078163 0 0 0 0 
-0.0234375 0 0 0 0 0 
-0.03125 0 0 0 0 0 
1 2 6
2 7 6
2 3 7
3 8 7
3 4 8
4 9 8
4 5 9
6 7 10
7 11 10
7 8 11
8 12 11
8 9 12
10 11 13
11 14 13
11 12 14
13 14 15
ZONE N=15, E=16, F=FEPOINT, ET=TRIANGLE
-0.15625 0 0 0 0 0 
-0.160156 0.00857735 0 0 0 0 
-0.164062 0.0171547 0 0 0 0 
-0.167969 0.0257321 0 0 0 0 
-0.171875 0.0343094 0 0 0 0 
-0.164062 0 0 0 0 0 
-0.167969 0.00857735 0 0 0 0 
-0.171875 0.0171547 0 0 0 0 
-0.175781 0.0257321 0 0 0 0 
-0.171875 0 0 0 0 0 
-0.175781 0.00857735 0 0 0 0 
-0.179687 0.0171547 0 0 0 0 
-0.179687 0 0 0 0 0 
-0.183594 0.00857735 0 0 0 0 
-0.1875 0 0 0 0 0 
1 2 6
2 7 6
2 3 7
3 8 7
3 4 8
4 9 8
4 5 9
6 7 10
7 11 10
7 8 11
8 12 11
8 9 12
10 11 13
11 14 13
11 12 14
13 14 15
ZONE N=15, E=16, F=FEPOINT, ET=TRIANGLE
-0.0629333 -0.0341499 0 0 0 0 
-0.062825 -0.0256124 0 0 0 0 
-0.0627166 -0.0170749 0 0 0 0 
-0.0626083 -0.00853747 0 0 0 0 
-0.0625 0 0 0 0 0 
-0.0706375 -0.0256124 0 0 0 0 
-0.0705291 -0.0170749 0 0 0 0 
-0.0704208 -0.00853747 0 0 0 0 
-0.0703125 -1.73472e-18 0 0 0 0 
-0.0783416 -0.0170749 0 0 0 0 
-0.0782333 -0.00853747 0 0 0 0 
-0.078125 0 0 0 0 0 
-0.0860458 -0.00853747 0 0 0 0 
-0.0859375 0 0 0 0 0 
-0.09375 0 0 0 0 0 
1 2 6
2 7 6
2 3 7
3 8 7
3 4 8
4 9 8
4 5 9
6 7 10
7 11 10
7 8 11
8 12 11
8 9 12
10 11 13
11 14 13
11 12 14
13 14 15
ZONE N=15, E=16, F=FEPOINT, ET=TRIANGLE
-0.15625 0 0 0 0 0 
-0.151147 -0.00946912 0 0 0 0 
-0.146044 -0.0189382 0 0 0 0 
-0.140941 -0.0284074 0 0 0 0 
-0.135838 -0.0378765 0 0 0 0 
-0.148437 0 0 0 0 0 
-0.143335 -0.00946912 0 0 0 0 
-0.138232 -0.0189382 0 0 0 0 
-0.133129 -0.0284074 0 0 0 0 
-0.140625 0 0 0 0 0 
-0.135522 -0.00946912 0 0 0 0 
-0.130419 -0.0189382 0 0 0 0 
-0.132812 1.73472e-18 0 0 0 0 
-0.12771 -0.00946912 0 0 0 0 
-0.125 0 0 0 0 0 
1 2 6
2 7 6
2 3 7
3 8 7
3 4 8
4 9 8
4 5 9
6 7 10
7 11 10
7 8 11
8 12 11
8 9 12
10 11 13
11 14 13
11 12 14
13 14 15
ZONE N=15, E=16, F=FEPOINT, ET=TRIANGLE
-0.123688 0.0302723 0 0 0 0 
-0.131829 0.0227042 0 0 0 0 
-0.139969 0.0151361 0 0 0 0 
-0.14811 0.00756807 0 0 0 0 
-0.15625 0 0 0 0 0 
-0.124016 0.0227042 0 0 0 0 
-0.132157 0.0151361 0 0 0 0 
-0.140297 0.00756807 0 0 0 0 
-0.148437 0 0 0 0 0 
-0.124344 0.0151361 0 0 0 0 
-0.132485 0.00756807 0 0 0 0 
-0.140625 0 0 0 0 0 
-0.124672 0.00756807 0 0 0 0 
-0.132812 0 0 0 0 0 
-0.125 0 0 0 0 0 
1 2 6
2 7 6
2 3 7
3 8 7
3 4 8
4 9 8
4 5 9
6 7 10
7 11 10
7 8 11
8 12 11
8 9 12
10 11 13
11 14 13
11 12 14
13 14 15
ZONE N=15, E=16, F=FEPOINT, ET=TRIANGLE
-0.21875 0 0 0 0 0 
-0.210937 0 0 0 0 0 
-0.203125 0 0 0 0 0 
-0.195312 0 0 0 0 0 
-0.1875 0 0 0 0 0 
-0.21875 0.00873608 0 0 0 0 
-0.210937 0.00873608 0 0 0 0 
-0.203125 0.00873608 0 0 0 0 
-0.195312 0.00873608 0 0 0 0 
-0.21875 0.0174722 0 0 0 0 
-0.210937 0.0174722 0 0 0 0 
-0.203125 0.0174722 0 0 0 0 
-0.21875 0.0262082 0 0 0 0 
-0.210937 0.0262082 0 0 0 0 
-0.21875 0.0349443 0 0 0 0 
1 2 6
2 7 6
2 3 7
3 8 7
3 4 8
4 9 8
4 5 9
6 7 10
7 11 10
7 8 11
8 12 11
8 9 12
10 11 13
11 14 13
11 12 14
13 14 15
ZONE N=15, E=16, F=FEPOINT, ET=TRIANGLE
-0.21875 0 0 0 0 0 
-0.226562 0 0 0 0 0 
-0.234375 0 0 0 0 0 
-0.242187 0 0 0 0 0 
-0.25 0 0 0 0 0 
-0.226809 -0.00764819 0 0 0 0 
-0.234621 -0.00764819 0 0 0 0 
-0.242434 -0.00764819 0 0 0 0 
-0.250246 -0.00764819 0 0 0 0 
-0.234868 -0.0152964 0 0 0 0 
-0.24268 -0.0152964 0 0 0 0 
-0.250493 -0.0152964 0 0 0 0 
-0.242927 -0.0229446 0 0 0 0 
-0.250739 -0.0229446 0 0 0 0 
-0.250986 -0.0305928 0 0 0 0 
1 2 6
2 7 6
2 3 7
3 8 7
3 4 8
4 9 8
4 5 9
6 7 10
7 11 10
7 8 11
8 12 11
8 9 12
10 11 13
11 14 13
11 12 14
13 14 15
ZONE N=15, E=16, F=FEPOINT, ET=TRIANGLE
-0.1875 0 0 0 0 0 
-0.195312 0 0 0 0 0 
-0.203125 0 0 0 0 0 
-0.210937 0 0 0 0 0 
-0.21875 0 0 0 0 0 
-0.195028 -0.00775847 0 0 0 0 
-0.20284 -0.00775847 0 0 0 0 
-0.210653 -0.00775847 0 0 0 0 
-0.218465 -0.00775847 0 0 0 0 
-0.202555 -0.0155169 0 0 0 0 
-0.210368 -0.0155169 0 0 0 0 
-0.21818 -0.0155169 0 0 0 0 
-0.210083 -0.0232754 0 0 0 0 
-0.217895 -0.0232754 0 0 0 0 
-0.21761 -0.0310339 0 0 0 0 
1 2 6
2 7 6
2 3 7
3 8 7
3 4 8
4 9 8
4 5 9
6 7 10
7 11 10
7 8 11
8 12 11
8 9 12
10 11 13
11 14 13
11 12 14
13 14 15
ZONE N=15, E=16, F=FEPOINT, ET=TRIANGLE
-0.15625 0 0 0 0 0 
-0.164062 -1.73472e-18 0 0 0 0 
-0.171875 0 0 0 0 0 
-0.179687 0 0 0 0 0 
-0.1875 0 0 0 0 0 
-0.158023 -0.00706494 0 0 0 0 
-0.165835 -0.00706494 0 0 0 0 
-0.173648 -0.00706494 0 0 0 0 
-0.18146 -0.00706494 0 0 0 0 
-0.159796 -0.0141299 0 0 0 0 
-0.167608 -0.0141299 0 0 0 0 
-0.175421 -0.0141299 0 0 0 0 
-0.161568 -0.0211948 0 0 0 0 
-0.169381 -0.0211948 0 0 0 0 
-0.163341 -0.0282598 0 0 0 0 
1 2 6
2 7 6
2 3 7
3 8 7
3 4 8
4 9 8
4 5 9
6 7 10
7 11 10
7 8 11
8 12 11
8 9 12
10 11 13
11 14 13
11 12 14
13 14 15
ZONE N=15, E=16, F=FEPOINT, ET=TRIANGLE
-0.09375 0 0 0 0 0 
-0.101562 0 0 0 0 0 
-0.109375 0 0 0 0 0 
-0.117187 0 0 0 0 0 
-0.125 0 0 0 0 0 
-0.0944062 -0.0102705 0 0 0 0 
-0.102219 -0.0102705 0 0 0 0 
-0.110031 -0.0102705 0 0 0 0 
-0.117844 -0.0102705 0 0 0 0 
-0.0950625 -0.020541 0 0 0 0 
-0.102875 -0.020541 0 0 0 0 
-0.110687 -0.020541 0 0 0 0 
-0.0957187 -0.0308115 0 0 0 0 
-0.103531 -0.0308115 0 0 0 0 
-0.096375 -0.0410821 0 0 0 0 
1 2 6
2 7 6
2 3 7
3 8 7
3 4 8
4 9 8
4 5 9
6 7 10
7 11 10
7 8 11
8 12 11
8 9 12
10 11 13
11 14 13
11 12 14
13 14 15
ZONE N=15, E=16, F=FEPOINT, ET=TRIANGLE
-0.03125 0 0 0 0 0 
-0.0351562 0.00857735 0 0 0 0 
-0.0390625 0.0171547 0 0 0 0 
-0.0429687 0.0257321 0 0 0 0 
-0.046875 0.0343094 0 0 0 0 
-0.0390625 0 0 0 0 0 
-0.0429687 0.00857735 0 0 0 0 
-0.046875 0.0171547 0 0 0 0 
-0.0507812 0.0257321 0 0 0 0 
-0.046875 0 0 0 0 0 
-0.0507812 0.00857735 0 0 0 0 
-0.0546875 0.0171547 0 0 0 0 
-0.0546875 0 0 0 0 0 
-0.0585937 0.00857735 0 0 0 0 
-0.0625 0 0 0 0 0 
1 2 6
2 7 6
2 3 7
3 8 7
3 4 8
4 9 8
4 5 9
6 7 10
7 11 10
7 8 11
8 12 11
8 9 12
10 11 13
11 14 13
11 12 14
13 14 15
ZONE N=15, E=16, F=FEPOINT, ET=TRIANGLE
1.22125e-15 0 0 0 0 0 
-0.00044442 -0.0078163 0 0 0 0 
-0.000888841 -0.0156326 0 0 0 0 
-0.00133326 -0.0234489 0 0 0 0 
-0.00177768 -0.0312652 0 0 0 0 
0.0078125 0 0 0 0 0 
0.00736808 -0.0078163 0 0 0 0 
0.00692366 -0.0156326 0 0 0 0 
0.00647924 -0.0234489 0 0 0 0 
0.015625 0 0 0 0 0 
0.0151806 -0.0078163 0 0 0 0 
0.0147362 -0.0156326 0 0 0 0 
0.0234375 0 0 0 0 0 
0.0229931 -0.0078163 0 0 0 0 
0.03125 0 0 0 0 0 
1 2 6
2 7 6
2 3 7
3 8 7
3 4 8
4 9 8
4 5 9
6 7 10
7 11 10
7 8 11
8 12 11
8 9 12
10 11 13
11 14 13
11 12 14
13 14 15
ZONE N=15, E=16, F=FEPOINT, ET=TRIANGLE
-0.0330711 -0.0300828 0 0 0 0 
-0.0326158 -0.0225621 0 0 0 0 
-0.0321605 -0.0150414 0 0 0 0 
-0.0317053 -0.00752071 0 0 0 0 
-0.03125 0 0 0 0 0 
-0.0404283 -0.0225621 0 0 0 0 
-0.039973 -0.0150414 0 0 0 0 
-0.0395178 -0.00752071 0 0 0 0 
-0.0390625 -1.73472e-18 0 0 0 0 
-0.0477855 -0.0150414 0 0 0 0 
-0.0473303 -0.00752071 0 0 0 0 
-0.046875 0 0 0 0 0 
-0.0551428 -0.00752071 0 0 0 0 
-0.0546875 0 0 0 0 0 
-0.0625 0 0 0 0 0 
1 2 6
2 7 6
2 3 7
3 8 7
3 4 8
4 9 8
4 5 9
6 7 10
7 11 10
7 8 11
8 12 11
8 9 12
10 11 13
11 14 13
11 12 14
13 14 15
ZONE N=15, E=16, F=FEPOINT, ET=TRIANGLE
1.22125e-15 0 0 0 0 0 
-0.00390625 0.0138494 0 0 0 0 
-0.0078125 0.0276988 0 0 0 0 
-0.0117187 0.0415482 0 0 0 0 
-0.015625 0.0553976 0 0 0 0 
-0.0078125 0 0 0 0 0 
-0.0117187 0.0138494 0 0 0 0 
-0.015625 0.0276988 0 0 0 0 
-0.0195312 0.0415482 0 0 0 0 
-0.015625 0 0 0 0 0 
-0.0195312 0.0138494 0 0 0 0 
-0.0234375 0.0276988 0 0 0 0 
-0.0234375 1.73472e-18 0 0 0 0 
-0.0273437 0.0138494 0 0 0 0 
-0.03125 0 0 0 0 0 
1 2 6
2 7 6
2 3 7
3 8 7
3 4 8
4 9 8
4 5 9
6 7 10
7 11 10
7 8 11
8 12 11
8 9 12
10 11 13
11 14 13
11 12 14
13 14 15
ZONE N=15, E=16, F=FEPOINT, ET=TRIANGLE
0.015625 0.0291046 0 0 0 0 
0.0117188 0.0218284 0 0 0 0 
0.0078125 0.0145523 0 0 0 0 
0.00390625 0.00727614 0 0 0 0 
1.22125e-15 0 0 0 0 0 
0.0195313 0.0218284 0 0 0 0 
0.015625 0.0145523 0 0 0 0 
0.0117188 0.00727614 0 0 0 0 
0.0078125 1.73472e-18 0 0 0 0 
0.0234375 0.0145523 0 0 0 0 
0.0195313 0.00727614 0 0 0 0 
0.015625 0 0 0 0 0 
0.0273438 0.00727614 0 0 0 0 
0.0234375 0 0 0 0 0 
0.03125 0 0 0 0 0 
1 2 6
2 7 6
2 3 7
3 8 7
3 4 8
4 9 8
4 5 9
6 7 10
7 11 10
7 8 11
8 12 11
8 9 12
10 11 13
11 14 13
11 12 14
13 14 15
ZONE N=15, E=16, F=FEPOINT, ET=TRIANGLE
-0.25 0 0 0 0 0 
-0.242187 -8.67362e-19 0 0 0 0 
-0.234375 0 0 0 0 0 
-0.226562 0 0 0 0 0 
-0.21875 0 0 0 0 0 
-0.249672 0.00756807 0 0 0 0 
-0.24186 0.00756807 0 0 0 0 
-0.234047 0.00756807 0 0 0 0 
-0.226235 0.00756807 0 0 0 0 
-0.249344 0.0151361 0 0 0 0 
-0.241532 0.0151361 0 0 0 0 
-0.233719 0.0151361 0 0 0 0 
-0.249016 0.0227042 0 0 0 0 
-0.241204 0.0227042 0 0 0 0 
-0.248688 0.0302723 0 0 0 0 
1 2 6
2 7 6
2 3 7
3 8 7
3 4 8
4 9 8
4 5 9
6 7 10
7 11 10
7 8 11
8 12 11
8 9 12
10 11 13
11 14 13
11 12 14
13 14 15
ZONE N=15, E=16, F=FEPOINT, ET=TRIANGLE
-0.09375 0 0 0 0 0 
-0.0859375 1.73472e-18 0 0 0 0 
-0.078125 0 0 0 0 0 
-0.0703125 0 0 0 0 0 
-0.0625 0 0 0 0 0 
-0.09375 0.00873608 0 0 0 0 
-0.0859375 0.00873608 0 0 0 0 
-0.078125 0.00873608 0 0 0 0 
-0.0703125 0.00873608 0 0 0 0 
-0.09375 0.0174722 0 0 0 0 
-0.0859375 0.0174722 0 0 0 0 
-0.078125 0.0174722 0 0 0 0 
-0.09375 0.0262082 0 0 0 0 
-0.0859375 0.0262082 0 0 0 0 
-0.09375 0.0349443 0 0 0 0 
1 2 6
2 7 6
2 3 7
3 8 7
3 4 8
4 9 8
4 5 9
6 7 10
7 11 10
7 8 11
8 12 11
8 9 12
10 11 13
11 14 13
11 12 14
13 14 15
ZONE N=15, E=16, F=FEPOINT, ET=TRIANGLE
0.21875 0 0 0 0 0 
0.210938 1.73472e-18 0 0 0 0 
0.203125 0 0 0 0 0 
0.195313 0 0 0 0 0 
0.1875 0 0 0 0 0 
0.21875 -0.00882859 0 0 0 0 
0.210938 -0.00882859 0 0 0 0 
0.203125 -0.00882859 0 0 0 0 
0.195313 -0.00882859 0 0 0 0 
0.21875 -0.0176572 0 0 0 0 
0.210938 -0.0176572 0 0 0 0 
0.203125 -0.0176572 0 0 0 0 
0.21875 -0.0264858 0 0 0 0 
0.210938 -0.0264858 0 0 0 0 
0.21875 -0.0353144 0 0 0 0 
1 2 6
2 7 6
2 3 7
3 8 7
3 4 8
4 9 8
4 5 9
6 7 10
7 11 10
7 8 11
8 12 11
8 9 12
10 11 13
11 14 13
11 12 14
13 14 15
ZONE N=15, E=16, F=FEPOINT, ET=TRIANGLE
0.03125 0 0 0 0 0 
0.0390625 -1.73472e-18 0 0 0 0 
0.046875 0 0 0 0 0 
0.0546875 0 0 0 0 0 
0.0625 0 0 0 0 0 
0.0351563 0.00995307 0 0 0 0 
0.0429688 0.00995307 0 0 0 0 
0.0507813 0.00995307 0 0 0 0 
0.0585938 0.00995307 0 0 0 0 
0.0390625 0.0199061 0 0 0 0 
0.046875 0.0199061 0 0 0 0 
0.0546875 0.0199061 0 0 0 0 
0.0429688 0.0298592 0 0 0 0 
0.0507813 0.0298592 0 0 0 0 
0.046875 0.0398123 0 0 0 0 
1 2 6
2 7 6
2 3 7
3 8 7
3 4 8
4 9 8
4 5 9
6 7 10
7 11 10
7 8 11
8 12 11
8 9 12
10 11 13
11 14 13
11 12 14
13 14 15
ZONE N=15, E=16, F=FEPOINT, ET=TRIANGLE
0.125 0 0 0 0 0 
0.117188 0.00880922 0 0 0 0 
0.109375 0.0176184 0 0 0 0 
0.101563 0.0264277 0 0 0 0 
0.09375 0.0352369 0 0 0 0 
0.117188 0 0 0 0 0 
0.109375 0.00880922 0 0 0 0 
0.101563 0.0176184 0 0 0 0 
0.09375 0.0264277 0 0 0 0 
0.109375 0 0 0 0 0 
0.101563 0.00880922 0 0 0 0 
0.09375 0.0176184 0 0 0 0 
0.101563 0 0 0 0 0 
0.09375 0.00880922 0 0 0 0 
0.09375 0 0 0 0 0 
1 2 6
2 7 6
2 3 7
3 8 7
3 4 8
4 9 8
4 5 9
6 7 10
7 11 10
7 8 11
8 12 11
8 9 12
10 11 13
11 14 13
11 12 14
13 14 15
ZONE N=15, E=16, F=FEPOINT, ET=TRIANGLE
0.1875 0 0 0 0 0 
0.179688 8.67362e-19 0 0 0 0 
0.171875 0 0 0 0 0 
0.164063 0 0 0 0 0 
0.15625 0 0 0 0 0 
0.183594 -0.00754404 0 0 0 0 
0.175781 -0.00754404 0 0 0 0 
0.167969 -0.00754404 0 0 0 0 
0.160156 -0.00754404 0 0 0 0 
0.179688 -0.0150881 0 0 0 0 
0.171875 -0.0150881 0 0 0 0 
0.164063 -0.0150881 0 0 0 0 
0.175781 -0.0226321 0 0 0 0 
0.167969 -0.0226321 0 0 0 0 
0.171875 -0.0301762 0 0 0 0 
1 2 6
2 7 6
2 3 7
3 8 7
3 4 8
4 9 8
4 5 9
6 7 10
7 11 10
7 8 11
8 12 11
8 9 12
10 11 13
11 14 13
11 12 14
13 14 15
ZONE N=15, E=16, F=FEPOINT, ET=TRIANGLE
0.21875 0 0 0 0 0 
0.21875 -0.00882859 0 0 0 0 
0.21875 -0.0176572 0 0 0 0 
0.21875 -0.0264858 0 0 0 0 
0.21875 -0.0353144 0 0 0 0 
0.226563 0 0 0 0 0 
0.226563 -0.00882859 0 0 0 0 
0.226563 -0.0176572 0 0 0 0 
0.226563 -0.0264858 0 0 0 0 
0.234375 0 0 0 0 0 
0.234375 -0.00882859 0 0 0 0 
0.234375 -0.0176572 0 0 0 0 
0.242188 1.73472e-18 0 0 0 0 
0.242188 -0.00882859 0 0 0 0 
0.25 0 0 0 0 0 
1 2 6
2 7 6
2 3 7
3 8 7
3 4 8
4 9 8
4 5 9
6 7 10
7 11 10
7 8 11
8 12 11
8 9 12
10 11 13
11 14 13
11 12 14
13 14 15
ZONE N=15, E=16, F=FEPOINT, ET=TRIANGLE
0.09276 -0.0345893 0 0 0 0 
0.10082 -0.025942 0 0 0 0 
0.10888 -0.0172947 0 0 0 0 
0.11694 -0.00864733 0 0 0 0 
0.125 0 0 0 0 0 
0.0930075 -0.025942 0 0 0 0 
0.101067 -0.0172947 0 0 0 0 
0.109127 -0.00864733 0 0 0 0 
0.117188 -1.73472e-18 0 0 0 0 
0.093255 -0.0172947 0 0 0 0 
0.101315 -0.00864733 0 0 0 0 
0.109375 0 0 0 0 0 
0.0935025 -0.00864733 0 0 0 0 
0.101563 0 0 0 0 0 
0.09375 0 0 0 0 0 
1 2 6
2 7 6
2 3 7
3 8 7
3 4 8
4 9 8
4 5 9
6 7 10
7 11 10
7 8 11
8 12 11
8 9 12
10 11 13
11 14 13
11 12 14
13 14 15
ZONE N=15, E=16, F=FEPOINT, ET=TRIANGLE
0.125 0 0 0 0 0 
0.132813 -1.73472e-18 0 0 0 0 
0.140625 0 0 0 0 0 
0.148438 0 0 0 0 0 
0.15625 0 0 0 0 0 
0.126061 0.0119484 0 0 0 0 
0.133874 0.0119484 0 0 0 0 
0.141686 0.0119484 0 0 0 0 
0.149499 0.0119484 0 0 0 0 
0.127123 0.0238968 0 0 0 0 
0.134935 0.0238968 0 0 0 0 
0.142748 0.0238968 0 0 0 0 
0.128184 0.0358452 0 0 0 0 
0.135997 0.0358452 0 0 0 0 
0.129245 0.0477936 0 0 0 0 
1 2 6
2 7 6
2 3 7
3 8 7
3 4 8
4 9 8
4 5 9
6 7 10
7 11 10
7 8 11
8 12 11
8 9 12
10 11 13
11 14 13
11 12 14
13 14 15
ZONE N=15, E=16, F=FEPOINT, ET=TRIANGLE
0.1875 0 0 0 0 0 
0.185075 0.00888506 0 0 0 0 
0.18265 0.0177701 0 0 0 0 
0.180226 0.0266552 0 0 0 0 
0.177801 0.0355402 0 0 0 0 
0.179688 0 0 0 0 0 
0.177263 0.00888506 0 0 0 0 
0.174838 0.0177701 0 0 0 0 
0.172413 0.0266552 0 0 0 0 
0.171875 0 0 0 0 0 
0.16945 0.00888506 0 0 0 0 
0.167025 0.0177701 0 0 0 0 
0.164063 0 0 0 0 0 
0.161638 0.00888506 0 0 0 0 
0.15625 0 0 0 0 0 
1 2 6
2 7 6
2 3 7
3 8 7
3 4 8
4 9 8
4 5 9
6 7 10
7 11 10
7 8 11
8 12 11
8 9 12
10 11 13
11 14 13
11 12 14
13 14 15
ZONE N=15, E=16, F=FEPOINT, ET=TRIANGLE
0.15625 0 0 0 0 0 
0.148438 -1.73472e-18 0 0 0 0 
0.140625 0 0 0 0 0 
0.132813 0 0 0 0 0 
0.125 0 0 0 0 0 
0.152344 -0.0108811 0 0 0 0 
0.144531 -0.0108811 0 0 0 0 
0.136719 -0.0108811 0 0 0 0 
0.128906 -0.0108811 0 0 0 0 
0.148438 -0.0217623 0 0 0 0 
0.140625 -0.0217623 0 0 0 0 
0.132813 -0.0217623 0 0 0 0 
0.144531 -0.0326434 0 0 0 0 
0.136719 -0.0326434 0 0 0 0 
0.140625 -0.0435245 0 0 0 0 
1 2 6
2 7 6
2 3 7
3 8 7
3 4 8
4 9 8
4 5 9
6 7 10
7 11 10
7 8 11
8 12 11
8 9 12
10 11 13
11 14 13
11 12 14
13 14 15
ZONE N=15, E=16, F=FEPOINT, ET=TRIANGLE
0.218012 0.0331547 0 0 0 0 
0.210384 0.024866 0 0 0 0 
0.202756 0.0165773 0 0 0 0 
0.195128 0.00828867 0 0 0 0 
0.1875 0 0 0 0 0 
0.218196 0.024866 0 0 0 0 
0.210568 0.0165773 0 0 0 0 
0.20294 0.00828867 0 0 0 0 
0.195313 -1.73472e-18 0 0 0 0 
0.218381 0.0165773 0 0 0 0 
0.210753 0.00828867 0 0 0 0 
0.203125 0 0 0 0 0 
0.218565 0.00828867 0 0 0 0 
0.210938 0 0 0 0 0 
0.21875 0 0 0 0 0 
1 2 6
2 7 6
2 3 7
3 8 7
3 4 8
4 9 8
4 5 9
6 7 10
7 11 10
7 8 11
8 12 11
8 9 12
10 11 13
11 14 13
11 12 14
13 14 15
ZONE N=15, E=16, F=FEPOINT, ET=TRIANGLE
0.34375 0 0 0 0 0 
0.335938 0 0 0 0 0 
0.328125 0 0 0 0 0 
0.320313 0 0 0 0 0 
0.3125 0 0 0 0 0 
0.34375 -0.00893142 0 0 0 0 
0.335938 -0.00893142 0 0 0 0 
0.328125 -0.00893142 0 0 0 0 
0.320313 -0.00893142 0 0 0 0 
0.34375 -0.0178628 0 0 0 0 
0.335938 -0.0178628 0 0 0 0 
0.328125 -0.0178628 0 0 0 0 
0.34375 -0.0267943 0 0 0 0 
0.335938 -0.0267943 0 0 0 0 
0.34375 -0.0357257 0 0 0 0 
1 2 6
2 7 6
2 3 7
3 8 7
3 4 8
4 9 8
4 5 9
6 7 10
7 11 10
7 8 11
8 12 11
8 9 12
10 11 13
11 14 13
11 12 14
13 14 15
ZONE N=15, E=16, F=FEPOINT, ET=TRIANGLE
0.296875 -0.0282677 0 0 0 0 
0.300781 -0.0212008 0 0 0 0 
0.304688 -0.0141338 0 0 0 0 
0.308594 -0.00706692 0 0 0 0 
0.3125 0 0 0 0 0 
0.292969 -0.0212008 0 0 0 0 
0.296875 -0.0141338 0 0 0 0 
0.300781 -0.00706692 0 0 0 0 
0.304688 0 0 0 0 0 
0.289063 -0.0141338 0 0 0 0 
0.292969 -0.00706692 0 0 0 0 
0.296875 0 0 0 0 0 
0.285156 -0.00706692 0 0 0 0 
0.289063 0 0 0 0 0 
0.28125 0 0 0 0 0 
1 2 6
2 7 6
2 3 7
3 8 7
3 4 8
4 9 8
4 5 9
6 7 10
7 11 10
7 8 11
8 12 11
8 9 12
10 11 13
11 14 13
11 12 14
13 14 15
ZONE N=15, E=16, F=FEPOINT, ET=TRIANGLE
0.21875 0 0 0 0 0 
0.226563 -1.73472e-18 0 0 0 0 
0.234375 0 0 0 0 0 
0.242188 0 0 0 0 0 
0.25 0 0 0 0 0 
0.218565 0.00828867 0 0 0 0 
0.226378 0.00828867 0 0 0 0 
0.23419 0.00828867 0 0 0 0 
0.242003 0.00828867 0 0 0 0 
0.218381 0.0165773 0 0 0 0 
0.226193 0.0165773 0 0 0 0 
0.234006 0.0165773 0 0 0 0 
0.218196 0.024866 0 0 0 0 
0.226009 0.024866 0 0 0 0 
0.218012 0.0331547 0 0 0 0 
1 2 6
2 7 6
2 3 7
3 8 7
3 4 8
4 9 8
4 5 9
6 7 10
7 11 10
7 8 11
8 12 11
8 9 12
10 11 13
11 14 13
11 12 14
13 14 15
ZONE N=15, E=16, F=FEPOINT, ET=TRIANGLE
0.28125 0 0 0 0 0 
0.273438 -1.73472e-18 0 0 0 0 
0.265625 0 0 0 0 0 
0.257813 0 0 0 0 0 
0.25 0 0 0 0 0 
0.277344 -0.00910776 0 0 0 0 
0.269531 -0.00910776 0 0 0 0 
0.261719 -0.00910776 0 0 0 0 
0.253906 -0.00910776 0 0 0 0 
0.273438 -0.0182155 0 0 0 0 
0.265625 -0.0182155 0 0 0 0 
0.257813 -0.0182155 0 0 0 0 
0.269531 -0.0273233 0 0 0 0 
0.261719 -0.0273233 0 0 0 0 
0.265625 -0.0364311 0 0 0 0 
1 2 6
2 7 6
2 3 7
3 8 7
3 4 8
4 9 8
4 5 9
6 7 10
7 11 10
7 8 11
8 12 11
8 9 12
10 11 13
11 14 13
11 12 14
13 14 15
ZONE N=15, E=16, F=FEPOINT, ET=TRIANGLE
0.28125 0 0 0 0 0 
0.27373 0.00818047 0 0 0 0 
0.266211 0.0163609 0 0 0 0 
0.258691 0.0245414 0 0 0 0 
0.251172 0.0327219 0 0 0 0 
0.273438 0 0 0 0 0 
0.265918 0.00818047 0 0 0 0 
0.258398 0.0163609 0 0 0 0 
0.250879 0.0245414 0 0 0 0 
0.265625 0 0 0 0 0 
0.258105 0.00818047 0 0 0 0 
0.250586 0.0163609 0 0 0 0 
0.257813 -1.73472e-18 0 0 0 0 
0.250293 0.00818047 0 0 0 0 
0.25 0 0 0 0 0 
1 2 6
2 7 6
2 3 7
3 8 7
3 4 8
4 9 8
4 5 9
6 7 10
7 11 10
7 8 11
8 12 11
8 9 12
10 11 13
11 14 13
11 12 14
13 14 15
ZONE N=15, E=16, F=FEPOINT, ET=TRIANGLE
0.288787 0.0371129 0 0 0 0 
0.286903 0.0278347 0 0 0 0 
0.285018 0.0185565 0 0 0 0 
0.283134 0.00927824 0 0 0 0 
0.28125 0 0 0 0 0 
0.294715 0.0278347 0 0 0 0 
0.292831 0.0185565 0 0 0 0 
0.290947 0.00927824 0 0 0 0 
0.289063 1.73472e-18 0 0 0 0 
0.300643 0.0185565 0 0 0 0 
0.298759 0.00927824 0 0 0 0 
0.296875 0 0 0 0 0 
0.306572 0.00927824 0 0 0 0 
0.304688 0 0 0 0 0 
0.3125 0 0 0 0 0 
1 2 6
2 7 6
2 3 7
3 8 7
3 4 8
4 9 8
4 5 9
6 7 10
7 11 10
7 8 11
8 12 11
8 9 12
10 11 13
11 14 13
11 12 14
13 14 15
ZONE N=15, E=16, F=FEPOINT, ET=TRIANGLE
0.34375 0 0 0 0 0 
0.34375 0.0115248 0 0 0 0 
0.34375 0.0230496 0 0 0 0 
0.34375 0.0345743 0 0 0 0 
0.34375 0.0460991 0 0 0 0 
0.335938 0 0 0 0 0 
0.335938 0.0115248 0 0 0 0 
0.335938 0.0230496 0 0 0 0 
0.335938 0.0345743 0 0 0 0 
0.328125 0 0 0 0 0 
0.328125 0.0115248 0 0 0 0 
0.328125 0.0230496 0 0 0 0 
0.320313 -1.73472e-18 0 0 0 0 
0.320313 0.0115248 0 0 0 0 
0.3125 0 0 0 0 0 
1 2 6
2 7 6
2 3 7
3 8 7
3 4 8
4 9 8
4 5 9
6 7 10
7 11 10
7 8 11
8 12 11
8 9 12
10 11 13
11 14 13
11 12 14
13 14 15
ZONE N=15, E=16, F=FEPOINT, ET=TRIANGLE
0.46875 -0.035413 0 0 0 0 
0.46875 -0.0265598 0 0 0 0 
0.46875 -0.0177065 0 0 0 0 
0.46875 -0.00885326 0 0 0 0 
0.46875 0 0 0 0 0 
0.460938 -0.0265598 0 0 0 0 
0.460938 -0.0177065 0 0 0 0 
0.460938 -0.00885326 0 0 0 0 
0.460938 1.73472e-18 0 0 0 0 
0.453125 -0.0177065 0 0 0 0 
0.453125 -0.00885326 0 0 0 0 
0.453125 0 0 0 0 0 
0.445313 -0.00885326 0 0 0 0 
0.445313 0 0 0 0 0 
0.4375 0 0 0 0 0 
1 2 6
2 7 6
2 3 7
3 8 7
3 4 8
4 9 8
4 5 9
6 7 10
7 11 10
7 8 11
8 12 11
8 9 12
10 11 13
11 14 13
11 12 14
13 14 15
ZONE N=15, E=16, F=FEPOINT, ET=TRIANGLE
0.40625 0 0 0 0 0 
0.398438 0 0 0 0 0 
0.390625 0 0 0 0 0 
0.382813 0 0 0 0 0 
0.375 0 0 0 0 0 
0.39769 -0.00722868 0 0 0 0 
0.389877 -0.00722868 0 0 0 0 
0.382065 -0.00722868 0 0 0 0 
0.374252 -0.00722868 0 0 0 0 
0.38913 -0.0144574 0 0 0 0 
0.381317 -0.0144574 0 0 0 0 
0.373505 -0.0144574 0 0 0 0 
0.38057 -0.021686 0 0 0 0 
0.372757 -0.021686 0 0 0 0 
0.37201 -0.0289147 0 0 0 0 
1 2 6
2 7 6
2 3 7
3 8 7
3 4 8
4 9 8
4 5 9
6 7 10
7 11 10
7 8 11
8 12 11
8 9 12
10 11 13
11 14 13
11 12 14
13 14 15
ZONE N=15, E=16, F=FEPOINT, ET=TRIANGLE
0.375 0 0 0 0 0 
0.382813 0 0 0 0 0 
0.390625 0 0 0 0 0 
0.398438 0 0 0 0 0 
0.40625 0 0 0 0 0 
0.378906 0.00857735 0 0 0 0 
0.386719 0.00857735 0 0 0 0 
0.394531 0.00857735 0 0 0 0 
0.402344 0.00857735 0 0 0 0 
0.382813 0.0171547 0 0 0 0 
0.390625 0.0171547 0 0 0 0 
0.398438 0.0171547 0 0 0 0 
0.386719 0.0257321 0 0 0 0 
0.394531 0.0257321 0 0 0 0 
0.390625 0.0343094 0 0 0 0 
1 2 6
2 7 6
2 3 7
3 8 7
3 4 8
4 9 8
4 5 9
6 7 10
7 11 10
7 8 11
8 12 11
8 9 12
10 11 13
11 14 13
11 12 14
13 14 15
ZONE N=15, E=16, F=FEPOINT, ET=TRIANGLE
-0.125 0 0 0 0 0 
-0.117187 0 0 0 0 0 
-0.109375 0 0 0 0 0 
-0.101562 0 0 0 0 0 
-0.09375 0 0 0 0 0 
-0.124672 0.00756807 0 0 0 0 
-0.11686 0.00756807 0 0 0 0 
-0.109047 0.00756807 0 0 0 0 
-0.101235 0.00756807 0 0 0 0 
-0.124344 0.0151361 0 0 0 0 
-0.116532 0.0151361 0 0 0 0 
-0.108719 0.0151361 0 0 0 0 
-0.124016 0.0227042 0 0 0 0 
-0.116204 0.0227042 0 0 0 0 
-0.123688 0.0302723 0 0 0 0 
1 2 6
2 7 6
2 3 7
3 8 7
3 4 8
4 9 8
4 5 9
6 7 10
7 11 10
7 8 11
8 12 11
8 9 12
10 11 13
11 14 13
11 12 14
13 14 15
ZONE N=15, E=16, F=FEPOINT, ET=TRIANGLE
0.09375 0 0 0 0 0 
0.09375 0.00880922 0 0 0 0 
0.09375 0.0176184 0 0 0 0 
0.09375 0.0264277 0 0 0 0 
0.09375 0.0352369 0 0 0 0 
0.0859375 0 0 0 0 0 
0.0859375 0.00880922 0 0 0 0 
0.0859375 0.0176184 0 0 0 0 
0.0859375 0.0264277 0 0 0 0 
0.078125 0 0 0 0 0 
0.078125 0.00880922 0 0 0 0 
0.078125 0.0176184 0 0 0 0 
0.0703125 0 0 0 0 0 
0.0703125 0.00880922 0 0 0 0 
0.0625 0 0 0 0 0 
1 2 6
2 7 6
2 3 7
3 8 7
3 4 8
4 9 8
4 5 9
6 7 10
7 11 10
7 8 11
8 12 11
8 9 12
10 11 13
11 14 13
11 12 14
13 14 15
ZONE N=15, E=16, F=FEPOINT, ET=TRIANGLE
0.09375 0 0 0 0 0 
0.0859375 -1.73472e-18 0 0 0 0 
0.078125 0 0 0 0 0 
0.0703125 0 0 0 0 0 
0.0625 0 0 0 0 0 
0.0935025 -0.00864733 0 0 0 0 
0.08569 -0.00864733 0 0 0 0 
0.0778775 -0.00864733 0 0 0 0 
0.070065 -0.00864733 0 0 0 0 
0.093255 -0.0172947 0 0 0 0 
0.0854425 -0.0172947 0 0 0 0 
0.07763 -0.0172947 0 0 0 0 
0.0930075 -0.025942 0 0 0 0 
0.085195 -0.025942 0 0 0 0 
0.09276 -0.0345893 0 0 0 0 
1 2 6
2 7 6
2 3 7
3 8 7
3 4 8
4 9 8
4 5 9
6 7 10
7 11 10
7 8 11
8 12 11
8 9 12
10 11 13
11 14 13
11 12 14
13 14 15
ZONE N=15, E=16, F=FEPOINT, ET=TRIANGLE
0.34375 0 0 0 0 0 
0.351563 -1.73472e-18 0 0 0 0 
0.359375 0 0 0 0 0 
0.367188 0 0 0 0 0 
0.375 0 0 0 0 0 
0.34375 0.0115248 0 0 0 0 
0.351563 0.0115248 0 0 0 0 
0.359375 0.0115248 0 0 0 0 
0.367188 0.0115248 0 0 0 0 
0.34375 0.0230496 0 0 0 0 
0.351563 0.0230496 0 0 0 0 
0.359375 0.0230496 0 0 0 0 
0.34375 0.0345743 0 0 0 0 
0.351563 0.0345743 0 0 0 0 
0.34375 0.0460991 0 0 0 0 
1 2 6
2 7 6
2 3 7
3 8 7
3 4 8
4 9 8
4 5 9
6 7 10
7 11 10
7 8 11
8 12 11
8 9 12
10 11 13
11 14 13
11 12 14
13 14 15
ZONE N=15, E=16, F=FEPOINT, ET=TRIANGLE
0.421875 -0.0296356 0 0 0 0 
0.425781 -0.0222267 0 0 0 0 
0.429688 -0.0148178 0 0 0 0 
0.433594 -0.00740889 0 0 0 0 
0.4375 0 0 0 0 0 
0.417969 -0.0222267 0 0 0 0 
0.421875 -0.0148178 0 0 0 0 
0.425781 -0.00740889 0 0 0 0 
0.429688 8.67362e-19 0 0 0 0 
0.414063 -0.0148178 0 0 0 0 
0.417969 -0.00740889 0 0 0 0 
0.421875 0 0 0 0 0 
0.410156 -0.00740889 0 0 0 0 
0.414063 0 0 0 0 0 
0.40625 0 0 0 0 0 
1 2 6
2 7 6
2 3 7
3 8 7
3 4 8
4 9 8
4 5 9
6 7 10
7 11 10
7 8 11
8 12 11
8 9 12
10 11 13
11 14 13
11 12 14
13 14 15
ZONE N=15, E=16, F=FEPOINT, ET=TRIANGLE
0.4375 0 0 0 0 0 
0.445313 0 0 0 0 0 
0.453125 0 0 0 0 0 
0.460938 0 0 0 0 0 
0.46875 0 0 0 0 0 
0.441406 0.00857735 0 0 0 0 
0.449219 0.00857735 0 0 0 0 
0.457031 0.00857735 0 0 0 0 
0.464844 0.00857735 0 0 0 0 
0.445313 0.0171547 0 0 0 0 
0.453125 0.0171547 0 0 0 0 
0.460938 0.0171547 0 0 0 0 
0.449219 0.0257321 0 0 0 0 
0.457031 0.0257321 0 0 0 0 
0.453125 0.0343094 0 0 0 0 
1 2 6
2 7 6
2 3 7
3 8 7
3 4 8
4 9 8
4 5 9
6 7 10
7 11 10
7 8 11
8 12 11
8 9 12
10 11 13
11 14 13
11 12 14
13 14 15
ZONE N=15, E=16, F=FEPOINT, ET=TRIANGLE
0.421875 0.0553976 0 0 0 0 
0.417969 0.0415482 0 0 0 0 
0.414063 0.0276988 0 0 0 0 
0.410156 0.0138494 0 0 0 0 
0.40625 0 0 0 0 0 
0.425781 0.0415482 0 0 0 0 
0.421875 0.0276988 0 0 0 0 
0.417969 0.0138494 0 0 0 0 
0.414063 0 0 0 0 0 
0.429688 0.0276988 0 0 0 0 
0.425781 0.0138494 0 0 0 0 
0.421875 0 0 0 0 0 
0.433594 0.0138494 0 0 0 0 
0.429688 0 0 0 0 0 
0.4375 0 0 0 0 0 
1 2 6
2 7 6
2 3 7
3 8 7
3 4 8
4 9 8
4 5 9
6 7 10
7 11 10
7 8 11
8 12 11
8 9 12
10 11 13
11 14 13
11 12 14
13 14 15
ZONE N=15, E=16, F=FEPOINT, ET=TRIANGLE
0.484375 0.0278285 0 0 0 0 
0.480469 0.0208714 0 0 0 0 
0.476562 0.0139142 0 0 0 0 
0.472656 0.00695712 0 0 0 0 
0.46875 0 0 0 0 0 
0.488281 0.0208714 0 0 0 0 
0.484375 0.0139142 0 0 0 0 
0.480469 0.00695712 0 0 0 0 
0.476562 -8.67362e-19 0 0 0 0 
0.492188 0.0139142 0 0 0 0 
0.488281 0.00695712 0 0 0 0 
0.484375 0 0 0 0 0 
0.496094 0.00695712 0 0 0 0 
0.492188 0 0 0 0 0 
0.5 0 0 0 0 0 
1 2 6
2 7 6
2 3 7
3 8 7
3 4 8
4 9 8
4 5 9
6 7 10
7 11 10
7 8 11
8 12 11
8 9 12
10 11 13
11 14 13
11 12 14
13 14 15
