<?xml version="1.0"?>
<VTKFile type="UnstructuredGrid" version="0.1" byte_order="LittleEndian" compressor="vtkZLibDataCompressor">
<UnstructuredGrid>
<Piece NumberOfPoints="2880" NumberOfCells="3072">
<Points>
<DataArray type="Float32" NumberOfComponents="3" format="ascii">
4.906770e-02 9.987950e-01 0.000000e+00
5.360090e-02 9.864710e-01 0.000000e+00
5.813420e-02 9.741460e-01 0.000000e+00
6.266740e-02 9.618210e-01 0.000000e+00
6.720070e-02 9.494970e-01 0.000000e+00
6.132070e-02 9.981180e-01 0.000000e+00
6.584910e-02 9.857180e-01 0.000000e+00
7.037710e-02 9.733180e-01 0.000000e+00
7.490480e-02 9.609190e-01 0.000000e+00
7.356460e-02 9.972900e-01 0.000000e+00
7.808700e-02 9.848160e-01 0.000000e+00
8.260890e-02 9.723410e-01 0.000000e+00
8.579730e-02 9.963130e-01 0.000000e+00
9.031300e-02 9.837630e-01 0.000000e+00
9.801710e-02 9.951850e-01 0.000000e+00
4.906770e-02 9.987950e-01 0.000000e+00
3.680720e-02 9.993220e-01 0.000000e+00
2.454120e-02 9.996990e-01 0.000000e+00
1.227150e-02 9.999250e-01 0.000000e+00
6.245000e-17 1.000000e+00 0.000000e+00
4.311230e-02 9.880710e-01 0.000000e+00
3.084940e-02 9.885220e-01 0.000000e+00
1.858190e-02 9.888230e-01 0.000000e+00
6.311590e-03 9.889740e-01 0.000000e+00
3.715700e-02 9.773460e-01 0.000000e+00
2.489190e-02 9.777220e-01 0.000000e+00
1.262320e-02 9.779480e-01 0.000000e+00
3.120170e-02 9.666210e-01 0.000000e+00
1.893480e-02 9.669220e-01 0.000000e+00
2.524640e-02 9.558960e-01 0.000000e+00
1.050050e-01 9.439130e-01 0.000000e+00
1.154370e-01 9.552290e-01 0.000000e+00
1.258680e-01 9.665450e-01 0.000000e+00
1.362990e-01 9.778610e-01 0.000000e+00
1.467300e-01 9.891770e-01 0.000000e+00
1.032580e-01 9.567310e-01 0.000000e+00
1.136990e-01 9.681210e-01 0.000000e+00
1.241400e-01 9.795120e-01 0.000000e+00
1.345810e-01 9.909030e-01 0.000000e+00
1.015110e-01 9.695490e-01 0.000000e+00
1.119610e-01 9.810140e-01 0.000000e+00
1.224110e-01 9.924800e-01 0.000000e+00
9.976420e-02 9.823670e-01 0.000000e+00
1.102220e-01 9.939070e-01 0.000000e+00
9.801710e-02 9.951850e-01 0.000000e+00
1.950900e-01 9.807850e-01 0.000000e+00
1.933480e-01 9.659800e-01 0.000000e+00
1.916050e-01 9.511740e-01 0.000000e+00
1.898630e-01 9.363680e-01 0.000000e+00
1.881200e-01 9.215620e-01 0.000000e+00
2.071110e-01 9.783170e-01 0.000000e+00
2.053530e-01 9.634380e-01 0.000000e+00
2.035940e-01 9.485590e-01 0.000000e+00
2.018350e-01 9.336800e-01 0.000000e+00
2.191010e-01 9.757020e-01 0.000000e+00
2.173260e-01 9.607490e-01 0.000000e+00
2.155500e-01 9.457970e-01 0.000000e+00
2.310580e-01 9.729400e-01 0.000000e+00
2.292650e-01 9.579140e-01 0.000000e+00
2.429800e-01 9.700310e-01 0.000000e+00
1.467300e-01 9.891770e-01 0.000000e+00
1.480420e-01 9.754170e-01 0.000000e+00
1.493540e-01 9.616570e-01 0.000000e+00
1.506660e-01 9.478970e-01 0.000000e+00
1.519780e-01 9.341370e-01 0.000000e+00
1.588580e-01 9.873010e-01 0.000000e+00
1.601580e-01 9.734670e-01 0.000000e+00
1.614570e-01 9.596330e-01 0.000000e+00
1.627560e-01 9.457990e-01 0.000000e+00
1.709620e-01 9.852780e-01 0.000000e+00
1.722480e-01 9.713690e-01 0.000000e+00
1.735340e-01 9.574610e-01 0.000000e+00
1.830400e-01 9.831050e-01 0.000000e+00
1.843120e-01 9.691230e-01 0.000000e+00
1.950900e-01 9.807850e-01 0.000000e+00
3.368900e-01 9.415440e-01 0.000000e+00
3.397280e-01 9.284090e-01 0.000000e+00
3.425660e-01 9.152730e-01 0.000000e+00
3.454040e-01 9.021380e-01 0.000000e+00
3.482430e-01 8.890020e-01 0.000000e+00
3.484190e-01 9.373390e-01 0.000000e+00
3.512300e-01 9.241330e-01 0.000000e+00
3.540420e-01 9.109270e-01 0.000000e+00
3.568530e-01 8.977220e-01 0.000000e+00
3.598950e-01 9.329930e-01 0.000000e+00
3.626790e-01 9.197170e-01 0.000000e+00
3.654630e-01 9.064410e-01 0.000000e+00
3.713170e-01 9.285060e-01 0.000000e+00
3.740730e-01 9.151600e-01 0.000000e+00
3.826830e-01 9.238800e-01 0.000000e+00
2.589910e-01 9.270360e-01 0.000000e+00
2.668150e-01 9.345120e-01 0.000000e+00
2.746380e-01 9.419880e-01 0.000000e+00
2.824610e-01 9.494640e-01 0.000000e+00
2.902850e-01 9.569400e-01 0.000000e+00
2.549880e-01 9.377850e-01 0.000000e+00
2.628320e-01 9.453340e-01 0.000000e+00
2.706760e-01 9.528820e-01 0.000000e+00
2.785200e-01 9.604310e-01 0.000000e+00
2.509860e-01 9.485340e-01 0.000000e+00
2.588490e-01 9.561550e-01 0.000000e+00
2.667130e-01 9.637760e-01 0.000000e+00
2.469830e-01 9.592830e-01 0.000000e+00
2.548660e-01 9.669760e-01 0.000000e+00
2.429800e-01 9.700310e-01 0.000000e+00
3.067640e-01 9.172090e-01 0.000000e+00
3.142960e-01 9.232920e-01 0.000000e+00
3.218270e-01 9.293760e-01 0.000000e+00
3.293580e-01 9.354600e-01 0.000000e+00
3.368900e-01 9.415440e-01 0.000000e+00
3.026440e-01 9.271420e-01 0.000000e+00
3.101990e-01 9.332970e-01 0.000000e+00
3.177550e-01 9.394520e-01 0.000000e+00
3.253100e-01 9.456070e-01 0.000000e+00
2.985250e-01 9.370740e-01 0.000000e+00
3.061030e-01 9.433010e-01 0.000000e+00
3.136820e-01 9.495280e-01 0.000000e+00
2.944050e-01 9.470070e-01 0.000000e+00
3.020060e-01 9.533060e-01 0.000000e+00
2.902850e-01 9.569400e-01 0.000000e+00
5.956990e-01 8.032080e-01 0.000000e+00
5.980560e-01 7.871180e-01 0.000000e+00
6.004130e-01 7.710290e-01 0.000000e+00
6.027700e-01 7.549400e-01 0.000000e+00
6.051270e-01 7.388510e-01 0.000000e+00
6.055110e-01 7.958370e-01 0.000000e+00
6.078220e-01 7.796880e-01 0.000000e+00
6.101330e-01 7.635390e-01 0.000000e+00
6.124430e-01 7.473910e-01 0.000000e+00
6.152320e-01 7.883460e-01 0.000000e+00
6.174960e-01 7.721380e-01 0.000000e+00
6.197600e-01 7.559310e-01 0.000000e+00
6.248590e-01 7.807370e-01 0.000000e+00
6.270770e-01 7.644710e-01 0.000000e+00
6.343930e-01 7.730100e-01 0.000000e+00
5.555700e-01 8.314700e-01 0.000000e+00
5.549010e-01 8.194940e-01 0.000000e+00
5.542320e-01 8.075190e-01 0.000000e+00
5.535620e-01 7.955440e-01 0.000000e+00
5.528930e-01 7.835690e-01 0.000000e+00
5.657320e-01 8.245890e-01 0.000000e+00
5.650200e-01 8.125520e-01 0.000000e+00
5.643070e-01 8.005150e-01 0.000000e+00
5.635950e-01 7.884780e-01 0.000000e+00
5.758080e-01 8.175850e-01 0.000000e+00
5.750520e-01 8.054860e-01 0.000000e+00
5.742960e-01 7.933880e-01 0.000000e+00
5.857980e-01 8.104570e-01 0.000000e+00
5.849980e-01 7.982980e-01 0.000000e+00
5.956990e-01 8.032080e-01 0.000000e+00
4.713970e-01 8.819210e-01 0.000000e+00
4.708190e-01 8.698710e-01 0.000000e+00
4.702420e-01 8.578210e-01 0.000000e+00
4.696650e-01 8.457720e-01 0.000000e+00
4.690880e-01 8.337220e-01 0.000000e+00
4.821840e-01 8.760700e-01 0.000000e+00
4.815700e-01 8.639540e-01 0.000000e+00
4.809560e-01 8.518390e-01 0.000000e+00
4.803410e-01 8.397230e-01 0.000000e+00
4.928980e-01 8.700870e-01 0.000000e+00
4.922470e-01 8.579060e-01 0.000000e+00
4.915950e-01 8.457250e-01 0.000000e+00
5.035380e-01 8.639730e-01 0.000000e+00
5.028490e-01 8.517270e-01 0.000000e+00
5.141030e-01 8.577290e-01 0.000000e+00
4.963010e-01 8.127200e-01 0.000000e+00
5.111180e-01 8.174070e-01 0.000000e+00
5.259350e-01 8.220950e-01 0.000000e+00
5.407530e-01 8.267820e-01 0.000000e+00
5.555700e-01 8.314700e-01 0.000000e+00
5.007510e-01 8.239720e-01 0.000000e+00
5.156090e-01 8.287230e-01 0.000000e+00
5.304670e-01 8.334740e-01 0.000000e+00
5.453250e-01 8.382250e-01 0.000000e+00
5.052020e-01 8.352240e-01 0.000000e+00
5.200990e-01 8.400390e-01 0.000000e+00
5.349980e-01 8.448540e-01 0.000000e+00
5.096520e-01 8.464760e-01 0.000000e+00
5.245900e-01 8.513550e-01 0.000000e+00
5.141030e-01 8.577290e-01 0.000000e+00
6.715590e-01 7.409510e-01 0.000000e+00
6.624160e-01 7.491360e-01 0.000000e+00
6.531730e-01 7.572090e-01 0.000000e+00
6.438320e-01 7.651670e-01 0.000000e+00
6.343930e-01 7.730100e-01 0.000000e+00
6.625360e-01 7.386060e-01 0.000000e+00
6.533430e-01 7.467350e-01 0.000000e+00
6.440510e-01 7.547500e-01 0.000000e+00
6.346610e-01 7.626500e-01 0.000000e+00
6.535120e-01 7.362610e-01 0.000000e+00
6.442700e-01 7.443320e-01 0.000000e+00
6.349290e-01 7.522900e-01 0.000000e+00
6.444890e-01 7.339150e-01 0.000000e+00
6.351970e-01 7.419300e-01 0.000000e+00
6.354650e-01 7.315700e-01 0.000000e+00
6.782670e-01 7.078390e-01 0.000000e+00
6.854770e-01 7.076560e-01 0.000000e+00
6.926870e-01 7.074730e-01 0.000000e+00
6.998970e-01 7.072900e-01 0.000000e+00
7.071070e-01 7.071070e-01 0.000000e+00
6.765900e-01 7.161170e-01 0.000000e+00
6.838520e-01 7.159880e-01 0.000000e+00
6.911140e-01 7.158600e-01 0.000000e+00
6.983760e-01 7.157310e-01 0.000000e+00
6.749130e-01 7.243950e-01 0.000000e+00
6.822260e-01 7.243210e-01 0.000000e+00
6.895410e-01 7.242470e-01 0.000000e+00
6.732360e-01 7.326730e-01 0.000000e+00
6.806010e-01 7.326540e-01 0.000000e+00
6.715590e-01 7.409510e-01 0.000000e+00
4.713970e-01 8.819210e-01 0.000000e+00
4.605390e-01 8.876400e-01 0.000000e+00
4.496110e-01 8.932240e-01 0.000000e+00
4.386160e-01 8.986740e-01 0.000000e+00
4.275550e-01 9.039890e-01 0.000000e+00
4.636140e-01 8.734030e-01 0.000000e+00
4.527220e-01 8.790540e-01 0.000000e+00
4.417610e-01 8.845720e-01 0.000000e+00
4.307330e-01 8.899540e-01 0.000000e+00
4.558320e-01 8.648850e-01 0.000000e+00
4.449060e-01 8.704690e-01 0.000000e+00
4.339110e-01 8.759190e-01 0.000000e+00
4.480500e-01 8.563670e-01 0.000000e+00
4.370890e-01 8.618840e-01 0.000000e+00
4.402670e-01 8.478490e-01 0.000000e+00
4.275550e-01 9.039890e-01 0.000000e+00
4.164300e-01 9.091680e-01 0.000000e+00
4.052410e-01 9.142100e-01 0.000000e+00
3.939920e-01 9.191140e-01 0.000000e+00
3.826830e-01 9.238800e-01 0.000000e+00
4.174000e-01 8.983320e-01 0.000000e+00
4.062440e-01 9.034420e-01 0.000000e+00
3.950250e-01 9.084150e-01 0.000000e+00
3.837470e-01 9.132500e-01 0.000000e+00
4.072460e-01 8.926750e-01 0.000000e+00
3.960580e-01 8.977160e-01 0.000000e+00
3.848100e-01 9.026200e-01 0.000000e+00
3.970910e-01 8.870180e-01 0.000000e+00
3.858730e-01 8.919900e-01 0.000000e+00
3.869360e-01 8.813600e-01 0.000000e+00
8.623980e-01 4.295900e-01 0.000000e+00
8.727960e-01 4.290810e-01 0.000000e+00
8.831940e-01 4.285730e-01 0.000000e+00
8.935910e-01 4.280640e-01 0.000000e+00
9.039890e-01 4.275550e-01 0.000000e+00
8.672790e-01 4.400420e-01 0.000000e+00
8.777440e-01 4.395670e-01 0.000000e+00
8.882090e-01 4.390920e-01 0.000000e+00
8.986740e-01 4.386160e-01 0.000000e+00
8.721600e-01 4.504930e-01 0.000000e+00
8.826920e-01 4.500530e-01 0.000000e+00
8.932240e-01 4.496110e-01 0.000000e+00
8.770400e-01 4.609450e-01 0.000000e+00
8.876400e-01 4.605390e-01 0.000000e+00
8.819210e-01 4.713970e-01 0.000000e+00
8.314700e-01 5.555700e-01 0.000000e+00
8.235330e-01 5.439700e-01 0.000000e+00
8.155960e-01 5.323690e-01 0.000000e+00
8.076590e-01 5.207690e-01 0.000000e+00
7.997220e-01 5.091680e-01 0.000000e+00
8.382250e-01 5.453250e-01 0.000000e+00
8.302250e-01 5.336840e-01 0.000000e+00
8.222240e-01 5.220430e-01 0.000000e+00
8.142240e-01 5.104020e-01 0.000000e+00
8.448540e-01 5.349980e-01 0.000000e+00
8.367900e-01 5.233160e-01 0.000000e+00
8.287250e-01 5.116360e-01 0.000000e+00
8.513550e-01 5.245900e-01 0.000000e+00
8.432270e-01 5.128690e-01 0.000000e+00
8.577290e-01 5.141030e-01 0.000000e+00
8.819210e-01 4.713970e-01 0.000000e+00
8.760700e-01 4.821840e-01 0.000000e+00
8.700870e-01 4.928980e-01 0.000000e+00
8.639730e-01 5.035380e-01 0.000000e+00
8.577290e-01 5.141030e-01 0.000000e+00
8.675280e-01 4.705720e-01 0.000000e+00
8.616110e-01 4.813230e-01 0.000000e+00
8.555630e-01 4.920000e-01 0.000000e+00
8.493840e-01 5.026020e-01 0.000000e+00
8.531350e-01 4.697480e-01 0.000000e+00
8.471530e-01 4.804620e-01 0.000000e+00
8.410390e-01 4.911010e-01 0.000000e+00
8.387420e-01 4.689240e-01 0.000000e+00
8.326940e-01 4.796000e-01 0.000000e+00
8.243490e-01 4.681000e-01 0.000000e+00
7.409510e-01 6.715590e-01 0.000000e+00
7.360470e-01 6.581810e-01 0.000000e+00
7.311440e-01 6.448020e-01 0.000000e+00
7.262400e-01 6.314240e-01 0.000000e+00
7.213360e-01 6.180450e-01 0.000000e+00
7.491360e-01 6.624160e-01 0.000000e+00
7.441760e-01 6.489880e-01 0.000000e+00
7.392160e-01 6.355600e-01 0.000000e+00
7.342550e-01 6.221320e-01 0.000000e+00
7.572090e-01 6.531730e-01 0.000000e+00
7.521910e-01 6.396960e-01 0.000000e+00
7.471730e-01 6.262190e-01 0.000000e+00
7.651670e-01 6.438320e-01 0.000000e+00
7.600920e-01 6.303060e-01 0.000000e+00
7.730100e-01 6.343930e-01 0.000000e+00
7.409510e-01 6.715590e-01 0.000000e+00
7.326540e-01 6.806010e-01 0.000000e+00
7.242470e-01 6.895410e-01 0.000000e+00
7.157310e-01 6.983760e-01 0.000000e+00
7.071070e-01 7.071070e-01 0.000000e+00
7.280400e-01 6.702760e-01 0.000000e+00
7.196880e-01 6.792660e-01 0.000000e+00
7.112270e-01 6.881540e-01 0.000000e+00
7.026570e-01 6.969370e-01 0.000000e+00
7.151290e-01 6.689930e-01 0.000000e+00
7.067230e-01 6.779320e-01 0.000000e+00
6.982070e-01 6.867670e-01 0.000000e+00
7.022180e-01 6.677100e-01 0.000000e+00
6.937570e-01 6.765970e-01 0.000000e+00
6.893070e-01 6.664270e-01 0.000000e+00
9.415440e-01 3.368900e-01 0.000000e+00
9.373390e-01 3.484190e-01 0.000000e+00
9.329930e-01 3.598950e-01 0.000000e+00
9.285060e-01 3.713170e-01 0.000000e+00
9.238800e-01 3.826830e-01 0.000000e+00
9.294570e-01 3.420970e-01 0.000000e+00
9.251810e-01 3.536000e-01 0.000000e+00
9.207650e-01 3.650490e-01 0.000000e+00
9.162080e-01 3.764420e-01 0.000000e+00
9.173690e-01 3.473050e-01 0.000000e+00
9.130230e-01 3.587800e-01 0.000000e+00
9.085370e-01 3.702010e-01 0.000000e+00
9.052820e-01 3.525120e-01 0.000000e+00
9.008660e-01 3.639600e-01 0.000000e+00
8.931940e-01 3.577190e-01 0.000000e+00
7.730100e-01 6.343930e-01 0.000000e+00
7.670850e-01 6.234510e-01 0.000000e+00
7.611600e-01 6.125080e-01 0.000000e+00
7.552340e-01 6.015660e-01 0.000000e+00
7.493090e-01 5.906230e-01 0.000000e+00
7.807370e-01 6.248590e-01 0.000000e+00
7.747530e-01 6.138700e-01 0.000000e+00
7.687680e-01 6.028810e-01 0.000000e+00
7.627840e-01 5.918920e-01 0.000000e+00
7.883460e-01 6.152320e-01 0.000000e+00
7.823030e-01 6.041960e-01 0.000000e+00
7.762580e-01 5.931610e-01 0.000000e+00
7.958370e-01 6.055110e-01 0.000000e+00
7.897330e-01 5.944300e-01 0.000000e+00
8.032080e-01 5.956990e-01 0.000000e+00
8.314700e-01 5.555700e-01 0.000000e+00
8.245890e-01 5.657320e-01 0.000000e+00
8.175850e-01 5.758080e-01 0.000000e+00
8.104570e-01 5.857980e-01 0.000000e+00
8.032080e-01 5.956990e-01 0.000000e+00
8.184550e-01 5.533430e-01 0.000000e+00
8.115130e-01 5.634620e-01 0.000000e+00
8.044470e-01 5.734940e-01 0.000000e+00
7.972580e-01 5.834400e-01 0.000000e+00
8.054400e-01 5.511160e-01 0.000000e+00
7.984360e-01 5.611910e-01 0.000000e+00
7.913090e-01 5.711800e-01 0.000000e+00
7.924250e-01 5.488880e-01 0.000000e+00
7.853600e-01 5.589210e-01 0.000000e+00
7.794110e-01 5.466610e-01 0.000000e+00
9.891770e-01 1.467300e-01 0.000000e+00
9.873010e-01 1.588580e-01 0.000000e+00
9.852780e-01 1.709620e-01 0.000000e+00
9.831050e-01 1.830400e-01 0.000000e+00
9.807850e-01 1.950900e-01 0.000000e+00
9.740000e-01 1.553540e-01 0.000000e+00
9.720510e-01 1.674690e-01 0.000000e+00
9.699530e-01 1.795600e-01 0.000000e+00
9.677070e-01 1.916240e-01 0.000000e+00
9.588240e-01 1.639770e-01 0.000000e+00
9.568010e-01 1.760800e-01 0.000000e+00
9.546290e-01 1.881570e-01 0.000000e+00
9.436480e-01 1.726010e-01 0.000000e+00
9.415500e-01 1.846900e-01 0.000000e+00
9.284720e-01 1.812240e-01 0.000000e+00
8.801300e-01 3.950570e-01 0.000000e+00
8.910670e-01 3.919640e-01 0.000000e+00
9.020050e-01 3.888700e-01 0.000000e+00
9.129420e-01 3.857770e-01 0.000000e+00
9.238800e-01 3.826830e-01 0.000000e+00
8.860950e-01 4.031820e-01 0.000000e+00
8.971010e-01 4.001190e-01 0.000000e+00
9.081070e-01 3.970550e-01 0.000000e+00
9.191140e-01 3.939920e-01 0.000000e+00
8.920600e-01 4.113060e-01 0.000000e+00
9.031350e-01 4.082740e-01 0.000000e+00
9.142100e-01 4.052410e-01 0.000000e+00
8.980240e-01 4.194310e-01 0.000000e+00
9.091680e-01 4.164300e-01 0.000000e+00
9.039890e-01 4.275550e-01 0.000000e+00
9.175530e-01 2.584600e-01 0.000000e+00
9.306720e-01 2.545900e-01 0.000000e+00
9.437920e-01 2.507200e-01 0.000000e+00
9.569120e-01 2.468500e-01 0.000000e+00
9.700310e-01 2.429800e-01 0.000000e+00
9.274000e-01 2.664160e-01 0.000000e+00
9.405920e-01 2.625660e-01 0.000000e+00
9.537840e-01 2.587160e-01 0.000000e+00
9.669760e-01 2.548660e-01 0.000000e+00
9.372460e-01 2.743730e-01 0.000000e+00
9.505110e-01 2.705430e-01 0.000000e+00
9.637760e-01 2.667130e-01 0.000000e+00
9.470930e-01 2.823290e-01 0.000000e+00
9.604310e-01 2.785200e-01 0.000000e+00
9.569400e-01 2.902850e-01 0.000000e+00
9.987950e-01 4.906770e-02 0.000000e+00
9.906190e-01 4.143620e-02 0.000000e+00
9.824440e-01 3.380470e-02 0.000000e+00
9.742680e-01 2.617330e-02 0.000000e+00
9.660920e-01 1.854180e-02 0.000000e+00
9.993220e-01 3.680720e-02 0.000000e+00
9.910710e-01 2.917330e-02 0.000000e+00
9.828200e-01 2.153970e-02 0.000000e+00
9.745690e-01 1.390640e-02 0.000000e+00
9.996990e-01 2.454120e-02 0.000000e+00
9.913720e-01 1.690580e-02 0.000000e+00
9.830460e-01 9.270910e-03 0.000000e+00
9.999250e-01 1.227150e-02 0.000000e+00
9.915230e-01 4.635460e-03 0.000000e+00
1.000000e+00 -2.463310e-16 0.000000e+00
9.191710e-01 3.071550e-01 0.000000e+00
9.286130e-01 3.029370e-01 0.000000e+00
9.380560e-01 2.987200e-01 0.000000e+00
9.474980e-01 2.945020e-01 0.000000e+00
9.569400e-01 2.902850e-01 0.000000e+00
9.247640e-01 3.145890e-01 0.000000e+00
9.342780e-01 3.103950e-01 0.000000e+00
9.437920e-01 3.062000e-01 0.000000e+00
9.533060e-01 3.020060e-01 0.000000e+00
9.303580e-01 3.220220e-01 0.000000e+00
9.399430e-01 3.178520e-01 0.000000e+00
9.495280e-01 3.136820e-01 0.000000e+00
9.359510e-01 3.294560e-01 0.000000e+00
9.456070e-01 3.253100e-01 0.000000e+00
9.415440e-01 3.368900e-01 0.000000e+00
9.416070e-01 2.121610e-01 0.000000e+00
9.514020e-01 2.078940e-01 0.000000e+00
9.611960e-01 2.036260e-01 0.000000e+00
9.709910e-01 1.993580e-01 0.000000e+00
9.807850e-01 1.950900e-01 0.000000e+00
9.487130e-01 2.198660e-01 0.000000e+00
9.585810e-01 2.156150e-01 0.000000e+00
9.684490e-01 2.113630e-01 0.000000e+00
9.783170e-01 2.071110e-01 0.000000e+00
9.558190e-01 2.275710e-01 0.000000e+00
9.657610e-01 2.233360e-01 0.000000e+00
9.757020e-01 2.191010e-01 0.000000e+00
9.629250e-01 2.352750e-01 0.000000e+00
9.729400e-01 2.310580e-01 0.000000e+00
9.700310e-01 2.429800e-01 0.000000e+00
9.987950e-01 4.906770e-02 0.000000e+00
9.981180e-01 6.132070e-02 0.000000e+00
9.972900e-01 7.356460e-02 0.000000e+00
9.963130e-01 8.579730e-02 0.000000e+00
9.951850e-01 9.801710e-02 0.000000e+00
9.886640e-01 5.337370e-02 0.000000e+00
9.879120e-01 6.562180e-02 0.000000e+00
9.870090e-01 7.785980e-02 0.000000e+00
9.859560e-01 9.008580e-02 0.000000e+00
9.785330e-01 5.767970e-02 0.000000e+00
9.777060e-01 6.992260e-02 0.000000e+00
9.767280e-01 8.215450e-02 0.000000e+00
9.684020e-01 6.198580e-02 0.000000e+00
9.675000e-01 7.422310e-02 0.000000e+00
9.582710e-01 6.629180e-02 0.000000e+00
9.951850e-01 9.801710e-02 0.000000e+00
9.939070e-01 1.102220e-01 0.000000e+00
9.924800e-01 1.224110e-01 0.000000e+00
9.909030e-01 1.345810e-01 0.000000e+00
9.891770e-01 1.467300e-01 0.000000e+00
9.864090e-01 1.026080e-01 0.000000e+00
9.850560e-01 1.148040e-01 0.000000e+00
9.835540e-01 1.269830e-01 0.000000e+00
9.819030e-01 1.391430e-01 0.000000e+00
9.776330e-01 1.071980e-01 0.000000e+00
9.762050e-01 1.193860e-01 0.000000e+00
9.746290e-01 1.315550e-01 0.000000e+00
9.688570e-01 1.117890e-01 0.000000e+00
9.673550e-01 1.239670e-01 0.000000e+00
9.600810e-01 1.163800e-01 0.000000e+00
-9.987950e-01 4.906770e-02 0.000000e+00
-9.993220e-01 3.680720e-02 0.000000e+00
-9.996990e-01 2.454120e-02 0.000000e+00
-9.999250e-01 1.227150e-02 0.000000e+00
-1.000000e+00 1.214310e-16 0.000000e+00
-9.912840e-01 4.146280e-02 0.000000e+00
-9.917360e-01 2.919980e-02 0.000000e+00
-9.920370e-01 1.693230e-02 0.000000e+00
-9.921880e-01 4.662010e-03 0.000000e+00
-9.837730e-01 3.385790e-02 0.000000e+00
-9.841490e-01 2.159280e-02 0.000000e+00
-9.843750e-01 9.324020e-03 0.000000e+00
-9.762610e-01 2.625290e-02 0.000000e+00
-9.765620e-01 1.398600e-02 0.000000e+00
-9.687500e-01 1.864800e-02 0.000000e+00
-9.987950e-01 4.906770e-02 0.000000e+00
-9.889050e-01 5.342160e-02 0.000000e+00
-9.790150e-01 5.777560e-02 0.000000e+00
-9.691250e-01 6.212950e-02 0.000000e+00
-9.592350e-01 6.648350e-02 0.000000e+00
-9.981180e-01 6.132070e-02 0.000000e+00
-9.881530e-01 6.566980e-02 0.000000e+00
-9.781880e-01 7.001850e-02 0.000000e+00
-9.682220e-01 7.436690e-02 0.000000e+00
-9.972900e-01 7.356460e-02 0.000000e+00
-9.872500e-01 7.790770e-02 0.000000e+00
-9.772100e-01 8.225030e-02 0.000000e+00
-9.963130e-01 8.579730e-02 0.000000e+00
-9.861970e-01 9.013370e-02 0.000000e+00
-9.951850e-01 9.801710e-02 0.000000e+00
-9.443250e-01 1.002730e-01 0.000000e+00
-9.555380e-01 1.118870e-01 0.000000e+00
-9.667510e-01 1.235020e-01 0.000000e+00
-9.779640e-01 1.351160e-01 0.000000e+00
-9.891770e-01 1.467300e-01 0.000000e+00
-9.570400e-01 9.970920e-02 0.000000e+00
-9.683270e-01 1.113330e-01 0.000000e+00
-9.796150e-01 1.229570e-01 0.000000e+00
-9.909030e-01 1.345810e-01 0.000000e+00
-9.697550e-01 9.914510e-02 0.000000e+00
-9.811170e-01 1.107780e-01 0.000000e+00
-9.924800e-01 1.224110e-01 0.000000e+00
-9.824700e-01 9.858110e-02 0.000000e+00
-9.939070e-01 1.102220e-01 0.000000e+00
-9.951850e-01 9.801710e-02 0.000000e+00
-9.807850e-01 1.950900e-01 0.000000e+00
-9.831050e-01 1.830400e-01 0.000000e+00
-9.852780e-01 1.709620e-01 0.000000e+00
-9.873010e-01 1.588580e-01 0.000000e+00
-9.891770e-01 1.467300e-01 0.000000e+00
-9.690520e-01 1.886240e-01 0.000000e+00
-9.712980e-01 1.765600e-01 0.000000e+00
-9.733960e-01 1.644690e-01 0.000000e+00
-9.753460e-01 1.523540e-01 0.000000e+00
-9.573190e-01 1.821570e-01 0.000000e+00
-9.594910e-01 1.700800e-01 0.000000e+00
-9.615150e-01 1.579770e-01 0.000000e+00
-9.455860e-01 1.756900e-01 0.000000e+00
-9.476840e-01 1.636000e-01 0.000000e+00
-9.338530e-01 1.692230e-01 0.000000e+00
-9.199460e-01 2.432080e-01 0.000000e+00
-9.291940e-01 2.549770e-01 0.000000e+00
-9.384430e-01 2.667460e-01 0.000000e+00
-9.476920e-01 2.785160e-01 0.000000e+00
-9.569400e-01 2.902850e-01 0.000000e+00
-9.324670e-01 2.431510e-01 0.000000e+00
-9.417880e-01 2.549400e-01 0.000000e+00
-9.511090e-01 2.667300e-01 0.000000e+00
-9.604310e-01 2.785200e-01 0.000000e+00
-9.449880e-01 2.430940e-01 0.000000e+00
-9.543820e-01 2.549030e-01 0.000000e+00
-9.637760e-01 2.667130e-01 0.000000e+00
-9.575100e-01 2.430370e-01 0.000000e+00
-9.669760e-01 2.548660e-01 0.000000e+00
-9.700310e-01 2.429800e-01 0.000000e+00
-9.415440e-01 3.368900e-01 0.000000e+00
-9.456070e-01 3.253100e-01 0.000000e+00
-9.495280e-01 3.136820e-01 0.000000e+00
-9.533060e-01 3.020060e-01 0.000000e+00
-9.569400e-01 2.902850e-01 0.000000e+00
-9.325490e-01 3.303050e-01 0.000000e+00
-9.365410e-01 3.187010e-01 0.000000e+00
-9.403910e-01 3.070500e-01 0.000000e+00
-9.440960e-01 2.953510e-01 0.000000e+00
-9.235550e-01 3.237200e-01 0.000000e+00
-9.274750e-01 3.120930e-01 0.000000e+00
-9.312530e-01 3.004180e-01 0.000000e+00
-9.145600e-01 3.171360e-01 0.000000e+00
-9.184090e-01 3.054850e-01 0.000000e+00
-9.055650e-01 3.105510e-01 0.000000e+00
-9.039890e-01 4.275550e-01 0.000000e+00
-9.091680e-01 4.164300e-01 0.000000e+00
-9.142100e-01 4.052410e-01 0.000000e+00
-9.191140e-01 3.939920e-01 0.000000e+00
-9.238800e-01 3.826830e-01 0.000000e+00
-9.004330e-01 4.165180e-01 0.000000e+00
-9.055430e-01 4.053610e-01 0.000000e+00
-9.105160e-01 3.941420e-01 0.000000e+00
-9.153510e-01 3.828640e-01 0.000000e+00
-8.968770e-01 4.054800e-01 0.000000e+00
-9.019180e-01 3.942930e-01 0.000000e+00
-9.068220e-01 3.830440e-01 0.000000e+00
-8.933200e-01 3.944420e-01 0.000000e+00
-8.982930e-01 3.832240e-01 0.000000e+00
-8.897640e-01 3.834050e-01 0.000000e+00
-8.958020e-01 3.498200e-01 0.000000e+00
-9.028210e-01 3.580360e-01 0.000000e+00
-9.098410e-01 3.662520e-01 0.000000e+00
-9.168600e-01 3.744680e-01 0.000000e+00
-9.238800e-01 3.826830e-01 0.000000e+00
-9.072380e-01 3.465870e-01 0.000000e+00
-9.143270e-01 3.548300e-01 0.000000e+00
-9.214170e-01 3.630740e-01 0.000000e+00
-9.285060e-01 3.713170e-01 0.000000e+00
-9.186730e-01 3.433550e-01 0.000000e+00
-9.258330e-01 3.516250e-01 0.000000e+00
-9.329930e-01 3.598950e-01 0.000000e+00
-9.301090e-01 3.401220e-01 0.000000e+00
-9.373390e-01 3.484190e-01 0.000000e+00
-9.415440e-01 3.368900e-01 0.000000e+00
-9.323540e-01 2.103210e-01 0.000000e+00
-9.417730e-01 2.184860e-01 0.000000e+00
-9.511920e-01 2.266500e-01 0.000000e+00
-9.606120e-01 2.348150e-01 0.000000e+00
-9.700310e-01 2.429800e-01 0.000000e+00
-9.444620e-01 2.065130e-01 0.000000e+00
-9.539540e-01 2.146940e-01 0.000000e+00
-9.634470e-01 2.228760e-01 0.000000e+00
-9.729400e-01 2.310580e-01 0.000000e+00
-9.565690e-01 2.027060e-01 0.000000e+00
-9.661360e-01 2.109030e-01 0.000000e+00
-9.757020e-01 2.191010e-01 0.000000e+00
-9.686770e-01 1.988980e-01 0.000000e+00
-9.783170e-01 2.071110e-01 0.000000e+00
-9.807850e-01 1.950900e-01 0.000000e+00
-8.646220e-01 4.310760e-01 0.000000e+00
-8.689470e-01 4.411560e-01 0.000000e+00
-8.732710e-01 4.512360e-01 0.000000e+00
-8.775960e-01 4.613170e-01 0.000000e+00
-8.819210e-01 4.713970e-01 0.000000e+00
-8.744640e-01 4.301960e-01 0.000000e+00
-8.788560e-01 4.403100e-01 0.000000e+00
-8.832480e-01 4.504240e-01 0.000000e+00
-8.876400e-01 4.605390e-01 0.000000e+00
-8.843060e-01 4.293160e-01 0.000000e+00
-8.887650e-01 4.394630e-01 0.000000e+00
-8.932240e-01 4.496110e-01 0.000000e+00
-8.941470e-01 4.284350e-01 0.000000e+00
-8.986740e-01 4.386160e-01 0.000000e+00
-9.039890e-01 4.275550e-01 0.000000e+00
-8.819210e-01 4.713970e-01 0.000000e+00
-8.695500e-01 4.667490e-01 0.000000e+00
-8.571790e-01 4.621020e-01 0.000000e+00
-8.448080e-01 4.574550e-01 0.000000e+00
-8.324370e-01 4.528070e-01 0.000000e+00
-8.760700e-01 4.821840e-01 0.000000e+00
-8.636330e-01 4.775000e-01 0.000000e+00
-8.511970e-01 4.728160e-01 0.000000e+00
-8.387600e-01 4.681310e-01 0.000000e+00
-8.700870e-01 4.928980e-01 0.000000e+00
-8.575850e-01 4.881770e-01 0.000000e+00
-8.450830e-01 4.834550e-01 0.000000e+00
-8.639730e-01 5.035380e-01 0.000000e+00
-8.514060e-01 4.987790e-01 0.000000e+00
-8.577290e-01 5.141030e-01 0.000000e+00
-2.785010e-01 9.152740e-01 0.000000e+00
-2.696210e-01 9.289640e-01 0.000000e+00
-2.607410e-01 9.426530e-01 0.000000e+00
-2.518600e-01 9.563420e-01 0.000000e+00
-2.429800e-01 9.700310e-01 0.000000e+00
-2.814470e-01 9.256910e-01 0.000000e+00
-2.725870e-01 9.394530e-01 0.000000e+00
-2.637260e-01 9.532150e-01 0.000000e+00
-2.548660e-01 9.669760e-01 0.000000e+00
-2.843930e-01 9.361070e-01 0.000000e+00
-2.755530e-01 9.499420e-01 0.000000e+00
-2.667130e-01 9.637760e-01 0.000000e+00
-2.873390e-01 9.465240e-01 0.000000e+00
-2.785200e-01 9.604310e-01 0.000000e+00
-2.902850e-01 9.569400e-01 0.000000e+00
-8.314700e-01 5.555700e-01 0.000000e+00
-8.203960e-01 5.555030e-01 0.000000e+00
-8.093220e-01 5.554360e-01 0.000000e+00
-7.982480e-01 5.553690e-01 0.000000e+00
-7.871740e-01 5.553020e-01 0.000000e+00
-8.245890e-01 5.657320e-01 0.000000e+00
-8.134540e-01 5.656220e-01 0.000000e+00
-8.023180e-01 5.655120e-01 0.000000e+00
-7.911830e-01 5.654020e-01 0.000000e+00
-8.175850e-01 5.758080e-01 0.000000e+00
-8.063880e-01 5.756550e-01 0.000000e+00
-7.951910e-01 5.755010e-01 0.000000e+00
-8.104570e-01 5.857980e-01 0.000000e+00
-7.991990e-01 5.856000e-01 0.000000e+00
-8.032080e-01 5.956990e-01 0.000000e+00
-3.368900e-01 9.415440e-01 0.000000e+00
-3.295690e-01 9.365180e-01 0.000000e+00
-3.222480e-01 9.314910e-01 0.000000e+00
-3.149270e-01 9.264650e-01 0.000000e+00
-3.076060e-01 9.214390e-01 0.000000e+00
-3.253100e-01 9.456070e-01 0.000000e+00
-3.179650e-01 9.405100e-01 0.000000e+00
-3.106200e-01 9.354120e-01 0.000000e+00
-3.032760e-01 9.303140e-01 0.000000e+00
-3.136820e-01 9.495280e-01 0.000000e+00
-3.063130e-01 9.443590e-01 0.000000e+00
-2.989450e-01 9.391900e-01 0.000000e+00
-3.020060e-01 9.533060e-01 0.000000e+00
-2.946150e-01 9.480650e-01 0.000000e+00
-2.902850e-01 9.569400e-01 0.000000e+00
-3.368900e-01 9.415440e-01 0.000000e+00
-3.484190e-01 9.373390e-01 0.000000e+00
-3.598950e-01 9.329930e-01 0.000000e+00
-3.713170e-01 9.285060e-01 0.000000e+00
-3.826830e-01 9.238800e-01 0.000000e+00
-3.443480e-01 9.305660e-01 0.000000e+00
-3.558510e-01 9.262900e-01 0.000000e+00
-3.673000e-01 9.218740e-01 0.000000e+00
-3.786940e-01 9.173170e-01 0.000000e+00
-3.518070e-01 9.195870e-01 0.000000e+00
-3.632830e-01 9.152410e-01 0.000000e+00
-3.747040e-01 9.107550e-01 0.000000e+00
-3.592660e-01 9.086090e-01 0.000000e+00
-3.707140e-01 9.041930e-01 0.000000e+00
-3.667240e-01 8.976310e-01 0.000000e+00
-3.947220e-01 8.799990e-01 0.000000e+00
-3.917130e-01 8.909690e-01 0.000000e+00
-3.887030e-01 9.019390e-01 0.000000e+00
-3.856930e-01 9.129090e-01 0.000000e+00
-3.826830e-01 9.238800e-01 0.000000e+00
-4.029300e-01 8.859970e-01 0.000000e+00
-3.999510e-01 8.970360e-01 0.000000e+00
-3.969720e-01 9.080750e-01 0.000000e+00
-3.939920e-01 9.191140e-01 0.000000e+00
-4.111390e-01 8.919940e-01 0.000000e+00
-4.081900e-01 9.031020e-01 0.000000e+00
-4.052410e-01 9.142100e-01 0.000000e+00
-4.193470e-01 8.979920e-01 0.000000e+00
-4.164300e-01 9.091680e-01 0.000000e+00
-4.275550e-01 9.039890e-01 0.000000e+00
-6.715590e-01 7.409510e-01 0.000000e+00
-6.806010e-01 7.326540e-01 0.000000e+00
-6.895410e-01 7.242470e-01 0.000000e+00
-6.983760e-01 7.157310e-01 0.000000e+00
-7.071070e-01 7.071070e-01 0.000000e+00
-6.686010e-01 7.285970e-01 0.000000e+00
-6.775920e-01 7.202450e-01 0.000000e+00
-6.864790e-01 7.117840e-01 0.000000e+00
-6.952620e-01 7.032140e-01 0.000000e+00
-6.656440e-01 7.162430e-01 0.000000e+00
-6.745830e-01 7.078360e-01 0.000000e+00
-6.834180e-01 6.993200e-01 0.000000e+00
-6.626860e-01 7.038880e-01 0.000000e+00
-6.715730e-01 6.954270e-01 0.000000e+00
-6.597290e-01 6.915340e-01 0.000000e+00
-8.032080e-01 5.956990e-01 0.000000e+00
-7.907500e-01 5.944300e-01 0.000000e+00
-7.782920e-01 5.931610e-01 0.000000e+00
-7.658340e-01 5.918920e-01 0.000000e+00
-7.533760e-01 5.906230e-01 0.000000e+00
-7.958370e-01 6.055110e-01 0.000000e+00
-7.833190e-01 6.041960e-01 0.000000e+00
-7.708020e-01 6.028810e-01 0.000000e+00
-7.582840e-01 6.015660e-01 0.000000e+00
-7.883460e-01 6.152320e-01 0.000000e+00
-7.757700e-01 6.138700e-01 0.000000e+00
-7.631930e-01 6.125080e-01 0.000000e+00
-7.807370e-01 6.248590e-01 0.000000e+00
-7.681020e-01 6.234510e-01 0.000000e+00
-7.730100e-01 6.343930e-01 0.000000e+00
-8.314700e-01 5.555700e-01 0.000000e+00
-8.382250e-01 5.453250e-01 0.000000e+00
-8.448540e-01 5.349980e-01 0.000000e+00
-8.513550e-01 5.245900e-01 0.000000e+00
-8.577290e-01 5.141030e-01 0.000000e+00
-8.225190e-01 5.463210e-01 0.000000e+00
-8.292110e-01 5.360350e-01 0.000000e+00
-8.357760e-01 5.256680e-01 0.000000e+00
-8.422130e-01 5.152200e-01 0.000000e+00
-8.135690e-01 5.370720e-01 0.000000e+00
-8.201970e-01 5.267450e-01 0.000000e+00
-8.266980e-01 5.163380e-01 0.000000e+00
-8.046180e-01 5.278230e-01 0.000000e+00
-8.111830e-01 5.174560e-01 0.000000e+00
-7.956680e-01 5.185740e-01 0.000000e+00
-4.245590e-01 8.619220e-01 0.000000e+00
-4.253080e-01 8.724390e-01 0.000000e+00
-4.260570e-01 8.829560e-01 0.000000e+00
-4.268060e-01 8.934720e-01 0.000000e+00
-4.275550e-01 9.039890e-01 0.000000e+00
-4.362690e-01 8.669220e-01 0.000000e+00
-4.370510e-01 8.775060e-01 0.000000e+00
-4.378340e-01 8.880900e-01 0.000000e+00
-4.386160e-01 8.986740e-01 0.000000e+00
-4.479780e-01 8.719220e-01 0.000000e+00
-4.487950e-01 8.825730e-01 0.000000e+00
-4.496110e-01 8.932240e-01 0.000000e+00
-4.596870e-01 8.769210e-01 0.000000e+00
-4.605390e-01 8.876400e-01 0.000000e+00
-4.713970e-01 8.819210e-01 0.000000e+00
-1.950900e-01 9.807850e-01 0.000000e+00
-2.071110e-01 9.783170e-01 0.000000e+00
-2.191010e-01 9.757020e-01 0.000000e+00
-2.310580e-01 9.729400e-01 0.000000e+00
-2.429800e-01 9.700310e-01 0.000000e+00
-1.978760e-01 9.652070e-01 0.000000e+00
-2.098810e-01 9.626660e-01 0.000000e+00
-2.218540e-01 9.599770e-01 0.000000e+00
-2.337930e-01 9.571420e-01 0.000000e+00
-2.006610e-01 9.496290e-01 0.000000e+00
-2.126500e-01 9.470140e-01 0.000000e+00
-2.246060e-01 9.442520e-01 0.000000e+00
-2.034460e-01 9.340520e-01 0.000000e+00
-2.154180e-01 9.313630e-01 0.000000e+00
-2.062310e-01 9.184740e-01 0.000000e+00
-7.043030e-01 6.529670e-01 0.000000e+00
-7.050040e-01 6.665020e-01 0.000000e+00
-7.057050e-01 6.800370e-01 0.000000e+00
-7.064060e-01 6.935720e-01 0.000000e+00
-7.071070e-01 7.071070e-01 0.000000e+00
-7.134650e-01 6.576150e-01 0.000000e+00
-7.142210e-01 6.712020e-01 0.000000e+00
-7.149760e-01 6.847890e-01 0.000000e+00
-7.157310e-01 6.983760e-01 0.000000e+00
-7.226270e-01 6.622630e-01 0.000000e+00
-7.234370e-01 6.759020e-01 0.000000e+00
-7.242470e-01 6.895410e-01 0.000000e+00
-7.317890e-01 6.669110e-01 0.000000e+00
-7.326540e-01 6.806010e-01 0.000000e+00
-7.409510e-01 6.715590e-01 0.000000e+00
-7.324590e-01 6.360590e-01 0.000000e+00
-7.345820e-01 6.449340e-01 0.000000e+00
-7.367050e-01 6.538090e-01 0.000000e+00
-7.388280e-01 6.626840e-01 0.000000e+00
-7.409510e-01 6.715590e-01 0.000000e+00
-7.425970e-01 6.356430e-01 0.000000e+00
-7.447770e-01 6.445670e-01 0.000000e+00
-7.469570e-01 6.534910e-01 0.000000e+00
-7.491360e-01 6.624160e-01 0.000000e+00
-7.527350e-01 6.352260e-01 0.000000e+00
-7.549720e-01 6.441990e-01 0.000000e+00
-7.572090e-01 6.531730e-01 0.000000e+00
-7.628730e-01 6.348100e-01 0.000000e+00
-7.651670e-01 6.438320e-01 0.000000e+00
-7.730100e-01 6.343930e-01 0.000000e+00
-6.343930e-01 7.730100e-01 0.000000e+00
-6.438320e-01 7.651670e-01 0.000000e+00
-6.531730e-01 7.572090e-01 0.000000e+00
-6.624160e-01 7.491360e-01 0.000000e+00
-6.715590e-01 7.409510e-01 0.000000e+00
-6.309090e-01 7.621410e-01 0.000000e+00
-6.402990e-01 7.542400e-01 0.000000e+00
-6.495910e-01 7.462250e-01 0.000000e+00
-6.587830e-01 7.380960e-01 0.000000e+00
-6.274250e-01 7.512710e-01 0.000000e+00
-6.367660e-01 7.433130e-01 0.000000e+00
-6.460080e-01 7.352420e-01 0.000000e+00
-6.239410e-01 7.404020e-01 0.000000e+00
-6.332320e-01 7.323870e-01 0.000000e+00
-6.204570e-01 7.295320e-01 0.000000e+00
-5.956990e-01 8.032080e-01 0.000000e+00
-6.055110e-01 7.958370e-01 0.000000e+00
-6.152320e-01 7.883460e-01 0.000000e+00
-6.248590e-01 7.807370e-01 0.000000e+00
-6.343930e-01 7.730100e-01 0.000000e+00
-5.932390e-01 7.908470e-01 0.000000e+00
-6.030050e-01 7.834170e-01 0.000000e+00
-6.126790e-01 7.758670e-01 0.000000e+00
-6.222600e-01 7.682000e-01 0.000000e+00
-5.907790e-01 7.784870e-01 0.000000e+00
-6.004990e-01 7.709970e-01 0.000000e+00
-6.101260e-01 7.633890e-01 0.000000e+00
-5.883190e-01 7.661270e-01 0.000000e+00
-5.979930e-01 7.585780e-01 0.000000e+00
-5.858590e-01 7.537670e-01 0.000000e+00
-5.522650e-01 7.826290e-01 0.000000e+00
-5.530910e-01 7.948390e-01 0.000000e+00
-5.539180e-01 8.070490e-01 0.000000e+00
-5.547440e-01 8.192590e-01 0.000000e+00
-5.555700e-01 8.314700e-01 0.000000e+00
-5.631240e-01 7.877730e-01 0.000000e+00
-5.639930e-01 8.000450e-01 0.000000e+00
-5.648630e-01 8.123170e-01 0.000000e+00
-5.657320e-01 8.245890e-01 0.000000e+00
-5.739820e-01 7.929180e-01 0.000000e+00
-5.748950e-01 8.052510e-01 0.000000e+00
-5.758080e-01 8.175850e-01 0.000000e+00
-5.848410e-01 7.980630e-01 0.000000e+00
-5.857980e-01 8.104570e-01 0.000000e+00
-5.956990e-01 8.032080e-01 0.000000e+00
-4.906770e-02 9.987950e-01 0.000000e+00
-6.132070e-02 9.981180e-01 0.000000e+00
-7.356460e-02 9.972900e-01 0.000000e+00
-8.579730e-02 9.963130e-01 0.000000e+00
-9.801710e-02 9.951850e-01 0.000000e+00
-4.792210e-02 9.895410e-01 0.000000e+00
-6.017020e-02 9.887880e-01 0.000000e+00
-7.240820e-02 9.878850e-01 0.000000e+00
-8.463420e-02 9.868330e-01 0.000000e+00
-4.677650e-02 9.802860e-01 0.000000e+00
-5.901940e-02 9.794580e-01 0.000000e+00
-7.125130e-02 9.784800e-01 0.000000e+00
-4.563090e-02 9.710310e-01 0.000000e+00
-5.786830e-02 9.701280e-01 0.000000e+00
-4.448540e-02 9.617760e-01 0.000000e+00
-1.467300e-01 9.891770e-01 0.000000e+00
-1.391110e-01 9.817420e-01 0.000000e+00
-1.314910e-01 9.743080e-01 0.000000e+00
-1.238720e-01 9.668730e-01 0.000000e+00
-1.162520e-01 9.594390e-01 0.000000e+00
-1.345810e-01 9.909030e-01 0.000000e+00
-1.269510e-01 9.833940e-01 0.000000e+00
-1.193220e-01 9.758850e-01 0.000000e+00
-1.116930e-01 9.683750e-01 0.000000e+00
-1.224110e-01 9.924800e-01 0.000000e+00
-1.147720e-01 9.848960e-01 0.000000e+00
-1.071350e-01 9.773120e-01 0.000000e+00
-1.102220e-01 9.939070e-01 0.000000e+00
-1.025760e-01 9.862480e-01 0.000000e+00
-9.801710e-02 9.951850e-01 0.000000e+00
-1.467300e-01 9.891770e-01 0.000000e+00
-1.588580e-01 9.873010e-01 0.000000e+00
-1.709620e-01 9.852780e-01 0.000000e+00
-1.830400e-01 9.831050e-01 0.000000e+00
-1.950900e-01 9.807850e-01 0.000000e+00
-1.511590e-01 9.798110e-01 0.000000e+00
-1.632740e-01 9.778620e-01 0.000000e+00
-1.753650e-01 9.757640e-01 0.000000e+00
-1.874290e-01 9.735180e-01 0.000000e+00
-1.555870e-01 9.704460e-01 0.000000e+00
-1.676900e-01 9.684220e-01 0.000000e+00
-1.797670e-01 9.662500e-01 0.000000e+00
-1.600160e-01 9.610810e-01 0.000000e+00
-1.721060e-01 9.589830e-01 0.000000e+00
-1.644440e-01 9.517160e-01 0.000000e+00
6.071530e-17 1.000000e+00 0.000000e+00
-1.227150e-02 9.999250e-01 0.000000e+00
-2.454120e-02 9.996990e-01 0.000000e+00
-3.680720e-02 9.993220e-01 0.000000e+00
-4.906770e-02 9.987950e-01 0.000000e+00
-3.896160e-03 9.905450e-01 0.000000e+00
-1.616650e-02 9.903940e-01 0.000000e+00
-2.843400e-02 9.900930e-01 0.000000e+00
-4.069690e-02 9.896410e-01 0.000000e+00
-7.792310e-03 9.810890e-01 0.000000e+00
-2.006110e-02 9.808640e-01 0.000000e+00
-3.232620e-02 9.804870e-01 0.000000e+00
-1.168850e-02 9.716340e-01 0.000000e+00
-2.395540e-02 9.713330e-01 0.000000e+00
-1.558460e-02 9.621790e-01 0.000000e+00
-5.110760e-01 8.074310e-01 0.000000e+00
-5.118330e-01 8.200060e-01 0.000000e+00
-5.125890e-01 8.325800e-01 0.000000e+00
-5.133460e-01 8.451540e-01 0.000000e+00
-5.141030e-01 8.577290e-01 0.000000e+00
-5.222000e-01 8.134410e-01 0.000000e+00
-5.229970e-01 8.260790e-01 0.000000e+00
-5.237930e-01 8.387170e-01 0.000000e+00
-5.245900e-01 8.513550e-01 0.000000e+00
-5.333230e-01 8.194500e-01 0.000000e+00
-5.341610e-01 8.321520e-01 0.000000e+00
-5.349980e-01 8.448540e-01 0.000000e+00
-5.444470e-01 8.254600e-01 0.000000e+00
-5.453250e-01 8.382250e-01 0.000000e+00
-5.555700e-01 8.314700e-01 0.000000e+00
-4.713970e-01 8.819210e-01 0.000000e+00
-4.821840e-01 8.760700e-01 0.000000e+00
-4.928980e-01 8.700870e-01 0.000000e+00
-5.035380e-01 8.639730e-01 0.000000e+00
-5.141030e-01 8.577290e-01 0.000000e+00
-4.663000e-01 8.714810e-01 0.000000e+00
-4.770510e-01 8.655640e-01 0.000000e+00
-4.877280e-01 8.595150e-01 0.000000e+00
-4.983300e-01 8.533360e-01 0.000000e+00
-4.612040e-01 8.610400e-01 0.000000e+00
-4.719180e-01 8.550570e-01 0.000000e+00
-4.825570e-01 8.489440e-01 0.000000e+00
-4.561080e-01 8.505990e-01 0.000000e+00
-4.667840e-01 8.445510e-01 0.000000e+00
-4.510110e-01 8.401590e-01 0.000000e+00
-9.681970e-01 -1.778750e-02 0.000000e+00
-9.761470e-01 -1.334060e-02 0.000000e+00
-9.840980e-01 -8.893750e-03 0.000000e+00
-9.920490e-01 -4.446870e-03 0.000000e+00
-1.000000e+00 1.214310e-16 0.000000e+00
-9.758460e-01 -2.560750e-02 0.000000e+00
-9.838720e-01 -2.116250e-02 0.000000e+00
-9.918990e-01 -1.671720e-02 0.000000e+00
-9.999250e-01 -1.227150e-02 0.000000e+00
-9.834960e-01 -3.342760e-02 0.000000e+00
-9.915970e-01 -2.898470e-02 0.000000e+00
-9.996990e-01 -2.454120e-02 0.000000e+00
-9.911460e-01 -4.124760e-02 0.000000e+00
-9.993220e-01 -3.680720e-02 0.000000e+00
-9.987950e-01 -4.906770e-02 0.000000e+00
-9.951850e-01 -9.801710e-02 0.000000e+00
-9.853100e-01 -9.005400e-02 0.000000e+00
-9.754360e-01 -8.209090e-02 0.000000e+00
-9.655620e-01 -7.412780e-02 0.000000e+00
-9.556870e-01 -6.616470e-02 0.000000e+00
-9.963130e-01 -8.579730e-02 0.000000e+00
-9.863630e-01 -7.782800e-02 0.000000e+00
-9.764140e-01 -6.985910e-02 0.000000e+00
-9.664640e-01 -6.189040e-02 0.000000e+00
-9.972900e-01 -7.356460e-02 0.000000e+00
-9.872660e-01 -6.559010e-02 0.000000e+00
-9.772410e-01 -5.761620e-02 0.000000e+00
-9.981180e-01 -6.132070e-02 0.000000e+00
-9.880180e-01 -5.334190e-02 0.000000e+00
-9.987950e-01 -4.906770e-02 0.000000e+00
-9.807850e-01 -1.950900e-01 0.000000e+00
-9.704720e-01 -1.868230e-01 0.000000e+00
-9.601580e-01 -1.785550e-01 0.000000e+00
-9.498450e-01 -1.702880e-01 0.000000e+00
-9.395320e-01 -1.620200e-01 0.000000e+00
-9.831050e-01 -1.830400e-01 0.000000e+00
-9.727180e-01 -1.747590e-01 0.000000e+00
-9.623300e-01 -1.664780e-01 0.000000e+00
-9.519430e-01 -1.581980e-01 0.000000e+00
-9.852780e-01 -1.709620e-01 0.000000e+00
-9.748160e-01 -1.626680e-01 0.000000e+00
-9.643540e-01 -1.543750e-01 0.000000e+00
-9.873010e-01 -1.588580e-01 0.000000e+00
-9.767650e-01 -1.505530e-01 0.000000e+00
-9.891770e-01 -1.467300e-01 0.000000e+00
-9.596910e-01 -1.163020e-01 0.000000e+00
-9.685640e-01 -1.117310e-01 0.000000e+00
-9.774380e-01 -1.071600e-01 0.000000e+00
-9.863110e-01 -1.025880e-01 0.000000e+00
-9.951850e-01 -9.801710e-02 0.000000e+00
-9.670620e-01 -1.239090e-01 0.000000e+00
-9.760100e-01 -1.193470e-01 0.000000e+00
-9.849590e-01 -1.147850e-01 0.000000e+00
-9.939070e-01 -1.102220e-01 0.000000e+00
-9.744340e-01 -1.315160e-01 0.000000e+00
-9.834570e-01 -1.269640e-01 0.000000e+00
-9.924800e-01 -1.224110e-01 0.000000e+00
-9.818050e-01 -1.391230e-01 0.000000e+00
-9.909030e-01 -1.345810e-01 0.000000e+00
-9.891770e-01 -1.467300e-01 0.000000e+00
-9.415440e-01 -3.368900e-01 0.000000e+00
-9.373390e-01 -3.484190e-01 0.000000e+00
-9.329930e-01 -3.598950e-01 0.000000e+00
-9.285060e-01 -3.713170e-01 0.000000e+00
-9.238800e-01 -3.826830e-01 0.000000e+00
-9.335350e-01 -3.414080e-01 0.000000e+00
-9.292600e-01 -3.529100e-01 0.000000e+00
-9.248430e-01 -3.643590e-01 0.000000e+00
-9.202870e-01 -3.757530e-01 0.000000e+00
-9.255260e-01 -3.459250e-01 0.000000e+00
-9.211800e-01 -3.574010e-01 0.000000e+00
-9.166940e-01 -3.688220e-01 0.000000e+00
-9.175170e-01 -3.504430e-01 0.000000e+00
-9.131010e-01 -3.618910e-01 0.000000e+00
-9.095080e-01 -3.549610e-01 0.000000e+00
-8.917370e-01 -3.817600e-01 0.000000e+00
-8.997730e-01 -3.819910e-01 0.000000e+00
-9.078080e-01 -3.822220e-01 0.000000e+00
-9.158440e-01 -3.824520e-01 0.000000e+00
-9.238800e-01 -3.826830e-01 0.000000e+00
-8.948000e-01 -3.932080e-01 0.000000e+00
-9.029050e-01 -3.934700e-01 0.000000e+00
-9.110090e-01 -3.937310e-01 0.000000e+00
-9.191140e-01 -3.939920e-01 0.000000e+00
-8.978630e-01 -4.046570e-01 0.000000e+00
-9.060360e-01 -4.049500e-01 0.000000e+00
-9.142100e-01 -4.052410e-01 0.000000e+00
-9.009260e-01 -4.161060e-01 0.000000e+00
-9.091680e-01 -4.164300e-01 0.000000e+00
-9.039890e-01 -4.275550e-01 0.000000e+00
-9.014280e-01 -2.982790e-01 0.000000e+00
-9.153060e-01 -2.962810e-01 0.000000e+00
-9.291840e-01 -2.942820e-01 0.000000e+00
-9.430620e-01 -2.922830e-01 0.000000e+00
-9.569400e-01 -2.902850e-01 0.000000e+00
-9.114570e-01 -3.079320e-01 0.000000e+00
-9.254060e-01 -3.059570e-01 0.000000e+00
-9.393560e-01 -3.039820e-01 0.000000e+00
-9.533060e-01 -3.020060e-01 0.000000e+00
-9.214860e-01 -3.175850e-01 0.000000e+00
-9.355070e-01 -3.156330e-01 0.000000e+00
-9.495280e-01 -3.136820e-01 0.000000e+00
-9.315150e-01 -3.272370e-01 0.000000e+00
-9.456070e-01 -3.253100e-01 0.000000e+00
-9.415440e-01 -3.368900e-01 0.000000e+00
-9.039890e-01 -4.275550e-01 0.000000e+00
-8.986740e-01 -4.386160e-01 0.000000e+00
-8.932240e-01 -4.496110e-01 0.000000e+00
-8.876400e-01 -4.605390e-01 0.000000e+00
-8.819210e-01 -4.713970e-01 0.000000e+00
-8.926930e-01 -4.293380e-01 0.000000e+00
-8.873110e-01 -4.403660e-01 0.000000e+00
-8.817940e-01 -4.513270e-01 0.000000e+00
-8.761420e-01 -4.622200e-01 0.000000e+00
-8.813970e-01 -4.311220e-01 0.000000e+00
-8.759470e-01 -4.421160e-01 0.000000e+00
-8.703630e-01 -4.530420e-01 0.000000e+00
-8.701010e-01 -4.329050e-01 0.000000e+00
-8.645840e-01 -4.438650e-01 0.000000e+00
-8.588050e-01 -4.346880e-01 0.000000e+00
-8.399930e-01 -4.732780e-01 0.000000e+00
-8.504750e-01 -4.728080e-01 0.000000e+00
-8.609570e-01 -4.723370e-01 0.000000e+00
-8.714390e-01 -4.718670e-01 0.000000e+00
-8.819210e-01 -4.713970e-01 0.000000e+00
-8.444270e-01 -4.834840e-01 0.000000e+00
-8.549740e-01 -4.830510e-01 0.000000e+00
-8.655220e-01 -4.826170e-01 0.000000e+00
-8.760700e-01 -4.821840e-01 0.000000e+00
-8.488610e-01 -4.936900e-01 0.000000e+00
-8.594740e-01 -4.932950e-01 0.000000e+00
-8.700870e-01 -4.928980e-01 0.000000e+00
-8.532950e-01 -5.038970e-01 0.000000e+00
-8.639730e-01 -5.035380e-01 0.000000e+00
-8.577290e-01 -5.141030e-01 0.000000e+00
-7.132570e-01 -6.255760e-01 0.000000e+00
-7.281950e-01 -6.277810e-01 0.000000e+00
-7.431340e-01 -6.299850e-01 0.000000e+00
-7.580720e-01 -6.321890e-01 0.000000e+00
-7.730100e-01 -6.343930e-01 0.000000e+00
-7.201800e-01 -6.370720e-01 0.000000e+00
-7.351760e-01 -6.393250e-01 0.000000e+00
-7.501710e-01 -6.415790e-01 0.000000e+00
-7.651670e-01 -6.438320e-01 0.000000e+00
-7.271040e-01 -6.485680e-01 0.000000e+00
-7.421560e-01 -6.508700e-01 0.000000e+00
-7.572090e-01 -6.531730e-01 0.000000e+00
-7.340280e-01 -6.600630e-01 0.000000e+00
-7.491360e-01 -6.624160e-01 0.000000e+00
-7.409510e-01 -6.715590e-01 0.000000e+00
-7.489550e-01 -5.965330e-01 0.000000e+00
-7.625180e-01 -5.963240e-01 0.000000e+00
-7.760810e-01 -5.961160e-01 0.000000e+00
-7.896440e-01 -5.959080e-01 0.000000e+00
-8.032080e-01 -5.956990e-01 0.000000e+00
-7.549690e-01 -6.059980e-01 0.000000e+00
-7.685910e-01 -6.058360e-01 0.000000e+00
-7.822140e-01 -6.056740e-01 0.000000e+00
-7.958370e-01 -6.055110e-01 0.000000e+00
-7.609830e-01 -6.154630e-01 0.000000e+00
-7.746640e-01 -6.153480e-01 0.000000e+00
-7.883460e-01 -6.152320e-01 0.000000e+00
-7.669970e-01 -6.249280e-01 0.000000e+00
-7.807370e-01 -6.248590e-01 0.000000e+00
-7.730100e-01 -6.343930e-01 0.000000e+00
-8.577290e-01 -5.141030e-01 0.000000e+00
-8.513550e-01 -5.245900e-01 0.000000e+00
-8.448540e-01 -5.349980e-01 0.000000e+00
-8.382250e-01 -5.453250e-01 0.000000e+00
-8.314700e-01 -5.555700e-01 0.000000e+00
-8.458880e-01 -5.100180e-01 0.000000e+00
-8.394500e-01 -5.204650e-01 0.000000e+00
-8.328850e-01 -5.308330e-01 0.000000e+00
-8.261930e-01 -5.411190e-01 0.000000e+00
-8.340460e-01 -5.059330e-01 0.000000e+00
-8.275450e-01 -5.163400e-01 0.000000e+00
-8.209170e-01 -5.266670e-01 0.000000e+00
-8.222050e-01 -5.018490e-01 0.000000e+00
-8.156410e-01 -5.122150e-01 0.000000e+00
-8.103640e-01 -4.977640e-01 0.000000e+00
-8.314700e-01 -5.555700e-01 0.000000e+00
-8.245890e-01 -5.657320e-01 0.000000e+00
-8.175850e-01 -5.758080e-01 0.000000e+00
-8.104570e-01 -5.857980e-01 0.000000e+00
-8.032080e-01 -5.956990e-01 0.000000e+00
-8.188970e-01 -5.520810e-01 0.000000e+00
-8.119550e-01 -5.622000e-01 0.000000e+00
-8.048890e-01 -5.722320e-01 0.000000e+00
-7.977010e-01 -5.821780e-01 0.000000e+00
-8.063250e-01 -5.485920e-01 0.000000e+00
-7.993210e-01 -5.586670e-01 0.000000e+00
-7.921940e-01 -5.686560e-01 0.000000e+00
-7.937530e-01 -5.451020e-01 0.000000e+00
-7.866870e-01 -5.551350e-01 0.000000e+00
-7.811810e-01 -5.416130e-01 0.000000e+00
-6.343930e-01 -7.730100e-01 0.000000e+00
-6.344670e-01 -7.623590e-01 0.000000e+00
-6.345410e-01 -7.517090e-01 0.000000e+00
-6.346140e-01 -7.410580e-01 0.000000e+00
-6.346880e-01 -7.304070e-01 0.000000e+00
-6.438320e-01 -7.651670e-01 0.000000e+00
-6.438560e-01 -7.544590e-01 0.000000e+00
-6.438810e-01 -7.437510e-01 0.000000e+00
-6.439060e-01 -7.330430e-01 0.000000e+00
-6.531730e-01 -7.572090e-01 0.000000e+00
-6.531480e-01 -7.464440e-01 0.000000e+00
-6.531230e-01 -7.356790e-01 0.000000e+00
-6.624160e-01 -7.491360e-01 0.000000e+00
-6.623410e-01 -7.383150e-01 0.000000e+00
-6.715590e-01 -7.409510e-01 0.000000e+00
-4.275550e-01 -9.039890e-01 0.000000e+00
-4.164300e-01 -9.091680e-01 0.000000e+00
-4.052410e-01 -9.142100e-01 0.000000e+00
-3.939920e-01 -9.191140e-01 0.000000e+00
-3.826830e-01 -9.238800e-01 0.000000e+00
-4.174350e-01 -8.965180e-01 0.000000e+00
-4.062790e-01 -9.016280e-01 0.000000e+00
-3.950600e-01 -9.066010e-01 0.000000e+00
-3.837820e-01 -9.114350e-01 0.000000e+00
-4.073160e-01 -8.890460e-01 0.000000e+00
-3.961280e-01 -8.940870e-01 0.000000e+00
-3.848800e-01 -8.989910e-01 0.000000e+00
-3.971960e-01 -8.815740e-01 0.000000e+00
-3.859780e-01 -8.865470e-01 0.000000e+00
-3.870770e-01 -8.741030e-01 0.000000e+00
-6.964500e-01 -6.600100e-01 0.000000e+00
-7.075750e-01 -6.628970e-01 0.000000e+00
-7.187000e-01 -6.657850e-01 0.000000e+00
-7.298260e-01 -6.686720e-01 0.000000e+00
-7.409510e-01 -6.715590e-01 0.000000e+00
-6.991140e-01 -6.717840e-01 0.000000e+00
-7.102940e-01 -6.747230e-01 0.000000e+00
-7.214740e-01 -6.776620e-01 0.000000e+00
-7.326540e-01 -6.806010e-01 0.000000e+00
-7.017780e-01 -6.835580e-01 0.000000e+00
-7.130120e-01 -6.865500e-01 0.000000e+00
-7.242470e-01 -6.895410e-01 0.000000e+00
-7.044430e-01 -6.953330e-01 0.000000e+00
-7.157310e-01 -6.983760e-01 0.000000e+00
-7.071070e-01 -7.071070e-01 0.000000e+00
-5.956990e-01 -8.032080e-01 0.000000e+00
-5.937060e-01 -7.910090e-01 0.000000e+00
-5.917120e-01 -7.788100e-01 0.000000e+00
-5.897190e-01 -7.666110e-01 0.000000e+00
-5.877250e-01 -7.544120e-01 0.000000e+00
-6.055110e-01 -7.958370e-01 0.000000e+00
-6.034720e-01 -7.835780e-01 0.000000e+00
-6.014320e-01 -7.713200e-01 0.000000e+00
-5.993920e-01 -7.590610e-01 0.000000e+00
-6.152320e-01 -7.883460e-01 0.000000e+00
-6.131460e-01 -7.760290e-01 0.000000e+00
-6.110590e-01 -7.637110e-01 0.000000e+00
-6.248590e-01 -7.807370e-01 0.000000e+00
-6.227260e-01 -7.683610e-01 0.000000e+00
-6.343930e-01 -7.730100e-01 0.000000e+00
-7.071070e-01 -7.071070e-01 0.000000e+00
-6.983760e-01 -7.157310e-01 0.000000e+00
-6.895410e-01 -7.242470e-01 0.000000e+00
-6.806010e-01 -7.326540e-01 0.000000e+00
-6.715590e-01 -7.409510e-01 0.000000e+00
-6.975820e-01 -7.025280e-01 0.000000e+00
-6.887990e-01 -7.110980e-01 0.000000e+00
-6.799120e-01 -7.195600e-01 0.000000e+00
-6.709210e-01 -7.279110e-01 0.000000e+00
-6.880580e-01 -6.979490e-01 0.000000e+00
-6.792230e-01 -7.064650e-01 0.000000e+00
-6.702840e-01 -7.148720e-01 0.000000e+00
-6.785330e-01 -6.933710e-01 0.000000e+00
-6.696460e-01 -7.018320e-01 0.000000e+00
-6.690080e-01 -6.887920e-01 0.000000e+00
-5.956990e-01 -8.032080e-01 0.000000e+00
-5.857980e-01 -8.104570e-01 0.000000e+00
-5.758080e-01 -8.175850e-01 0.000000e+00
-5.657320e-01 -8.245890e-01 0.000000e+00
-5.555700e-01 -8.314700e-01 0.000000e+00
-5.855060e-01 -7.936400e-01 0.000000e+00
-5.755610e-01 -8.008290e-01 0.000000e+00
-5.655280e-01 -8.078950e-01 0.000000e+00
-5.554100e-01 -8.148370e-01 0.000000e+00
-5.753140e-01 -7.840730e-01 0.000000e+00
-5.653250e-01 -7.912000e-01 0.000000e+00
-5.552490e-01 -7.982040e-01 0.000000e+00
-5.651210e-01 -7.745060e-01 0.000000e+00
-5.550880e-01 -7.815710e-01 0.000000e+00
-5.549280e-01 -7.649390e-01 0.000000e+00
-4.713970e-01 -8.819210e-01 0.000000e+00
-4.605390e-01 -8.876400e-01 0.000000e+00
-4.496110e-01 -8.932240e-01 0.000000e+00
-4.386160e-01 -8.986740e-01 0.000000e+00
-4.275550e-01 -9.039890e-01 0.000000e+00
-4.602550e-01 -8.760810e-01 0.000000e+00
-4.493630e-01 -8.817320e-01 0.000000e+00
-4.384020e-01 -8.872490e-01 0.000000e+00
-4.273740e-01 -8.926320e-01 0.000000e+00
-4.491130e-01 -8.702400e-01 0.000000e+00
-4.381870e-01 -8.758240e-01 0.000000e+00
-4.271920e-01 -8.812740e-01 0.000000e+00
-4.379710e-01 -8.643990e-01 0.000000e+00
-4.270110e-01 -8.699160e-01 0.000000e+00
-4.268300e-01 -8.585580e-01 0.000000e+00
-9.618970e-02 -9.488430e-01 0.000000e+00
-1.088250e-01 -9.589270e-01 0.000000e+00
-1.214600e-01 -9.690100e-01 0.000000e+00
-1.340950e-01 -9.790930e-01 0.000000e+00
-1.467300e-01 -9.891770e-01 0.000000e+00
-9.664660e-02 -9.604290e-01 0.000000e+00
-1.092910e-01 -9.705870e-01 0.000000e+00
-1.219360e-01 -9.807450e-01 0.000000e+00
-1.345810e-01 -9.909030e-01 0.000000e+00
-9.710340e-02 -9.720140e-01 0.000000e+00
-1.097570e-01 -9.822470e-01 0.000000e+00
-1.224110e-01 -9.924800e-01 0.000000e+00
-9.756030e-02 -9.835990e-01 0.000000e+00
-1.102220e-01 -9.939070e-01 0.000000e+00
-9.801710e-02 -9.951850e-01 0.000000e+00
-4.111970e-02 -9.553800e-01 0.000000e+00
-5.534410e-02 -9.653310e-01 0.000000e+00
-6.956840e-02 -9.752820e-01 0.000000e+00
-8.379280e-02 -9.852330e-01 0.000000e+00
-9.801710e-02 -9.951850e-01 0.000000e+00
-4.310670e-02 -9.662340e-01 0.000000e+00
-5.733660e-02 -9.762600e-01 0.000000e+00
-7.156680e-02 -9.862860e-01 0.000000e+00
-8.579730e-02 -9.963130e-01 0.000000e+00
-4.509370e-02 -9.770880e-01 0.000000e+00
-5.932880e-02 -9.871890e-01 0.000000e+00
-7.356460e-02 -9.972900e-01 0.000000e+00
-4.708070e-02 -9.879420e-01 0.000000e+00
-6.132070e-02 -9.981180e-01 0.000000e+00
-4.906770e-02 -9.987950e-01 0.000000e+00
-1.838810e-16 -1.000000e+00 0.000000e+00
-2.570180e-03 -9.920540e-01 0.000000e+00
-5.140360e-03 -9.841090e-01 0.000000e+00
-7.710540e-03 -9.761630e-01 0.000000e+00
-1.028070e-02 -9.682170e-01 0.000000e+00
-1.227150e-02 -9.999250e-01 0.000000e+00
-1.484050e-02 -9.919040e-01 0.000000e+00
-1.740910e-02 -9.838830e-01 0.000000e+00
-1.997750e-02 -9.758620e-01 0.000000e+00
-2.454120e-02 -9.996990e-01 0.000000e+00
-2.710800e-02 -9.916030e-01 0.000000e+00
-2.967420e-02 -9.835060e-01 0.000000e+00
-3.680720e-02 -9.993220e-01 0.000000e+00
-3.937090e-02 -9.911510e-01 0.000000e+00
-4.906770e-02 -9.987950e-01 0.000000e+00
-3.067580e-01 -9.171760e-01 0.000000e+00
-3.142910e-01 -9.232680e-01 0.000000e+00
-3.218240e-01 -9.293600e-01 0.000000e+00
-3.293570e-01 -9.354520e-01 0.000000e+00
-3.368900e-01 -9.415440e-01 0.000000e+00
-3.026400e-01 -9.271170e-01 0.000000e+00
-3.101960e-01 -9.332800e-01 0.000000e+00
-3.177530e-01 -9.394440e-01 0.000000e+00
-3.253100e-01 -9.456070e-01 0.000000e+00
-2.985210e-01 -9.370580e-01 0.000000e+00
-3.061010e-01 -9.432930e-01 0.000000e+00
-3.136820e-01 -9.495280e-01 0.000000e+00
-2.944030e-01 -9.469990e-01 0.000000e+00
-3.020060e-01 -9.533060e-01 0.000000e+00
-2.902850e-01 -9.569400e-01 0.000000e+00
-3.623590e-01 -8.970030e-01 0.000000e+00
-3.674400e-01 -9.037220e-01 0.000000e+00
-3.725210e-01 -9.104410e-01 0.000000e+00
-3.776020e-01 -9.171600e-01 0.000000e+00
-3.826830e-01 -9.238800e-01 0.000000e+00
-3.559910e-01 -9.081390e-01 0.000000e+00
-3.611000e-01 -9.149280e-01 0.000000e+00
-3.662080e-01 -9.217170e-01 0.000000e+00
-3.713170e-01 -9.285060e-01 0.000000e+00
-3.496240e-01 -9.192740e-01 0.000000e+00
-3.547590e-01 -9.261330e-01 0.000000e+00
-3.598950e-01 -9.329930e-01 0.000000e+00
-3.432570e-01 -9.304090e-01 0.000000e+00
-3.484190e-01 -9.373390e-01 0.000000e+00
-3.368900e-01 -9.415440e-01 0.000000e+00
-2.429800e-01 -9.700310e-01 0.000000e+00
-2.483350e-01 -9.543150e-01 0.000000e+00
-2.536900e-01 -9.385980e-01 0.000000e+00
-2.590450e-01 -9.228820e-01 0.000000e+00
-2.644000e-01 -9.071650e-01 0.000000e+00
-2.548660e-01 -9.669760e-01 0.000000e+00
-2.602010e-01 -9.511870e-01 0.000000e+00
-2.655360e-01 -9.353980e-01 0.000000e+00
-2.708710e-01 -9.196090e-01 0.000000e+00
-2.667130e-01 -9.637760e-01 0.000000e+00
-2.720280e-01 -9.479140e-01 0.000000e+00
-2.773420e-01 -9.320530e-01 0.000000e+00
-2.785200e-01 -9.604310e-01 0.000000e+00
-2.838140e-01 -9.444970e-01 0.000000e+00
-2.902850e-01 -9.569400e-01 0.000000e+00
-2.069520e-01 -9.192680e-01 0.000000e+00
-2.159590e-01 -9.319590e-01 0.000000e+00
-2.249660e-01 -9.446500e-01 0.000000e+00
-2.339730e-01 -9.573400e-01 0.000000e+00
-2.429800e-01 -9.700310e-01 0.000000e+00
-2.039870e-01 -9.346470e-01 0.000000e+00
-2.130100e-01 -9.474120e-01 0.000000e+00
-2.220340e-01 -9.601760e-01 0.000000e+00
-2.310580e-01 -9.729400e-01 0.000000e+00
-2.010210e-01 -9.500270e-01 0.000000e+00
-2.100610e-01 -9.628640e-01 0.000000e+00
-2.191010e-01 -9.757020e-01 0.000000e+00
-1.980560e-01 -9.654060e-01 0.000000e+00
-2.071110e-01 -9.783170e-01 0.000000e+00
-1.950900e-01 -9.807850e-01 0.000000e+00
-1.950900e-01 -9.807850e-01 0.000000e+00
-1.830400e-01 -9.831050e-01 0.000000e+00
-1.709620e-01 -9.852780e-01 0.000000e+00
-1.588580e-01 -9.873010e-01 0.000000e+00
-1.467300e-01 -9.891770e-01 0.000000e+00
-1.907480e-01 -9.687800e-01 0.000000e+00
-1.786840e-01 -9.710260e-01 0.000000e+00
-1.665930e-01 -9.731240e-01 0.000000e+00
-1.544780e-01 -9.750740e-01 0.000000e+00
-1.864050e-01 -9.567750e-01 0.000000e+00
-1.743280e-01 -9.589470e-01 0.000000e+00
-1.622250e-01 -9.609710e-01 0.000000e+00
-1.820630e-01 -9.447700e-01 0.000000e+00
-1.699730e-01 -9.468680e-01 0.000000e+00
-1.777200e-01 -9.327650e-01 0.000000e+00
-9.135700e-01 -2.522080e-01 0.000000e+00
-9.276850e-01 -2.499010e-01 0.000000e+00
-9.418000e-01 -2.475940e-01 0.000000e+00
-9.559160e-01 -2.452870e-01 0.000000e+00
-9.700310e-01 -2.429800e-01 0.000000e+00
-9.244120e-01 -2.617270e-01 0.000000e+00
-9.386000e-01 -2.594400e-01 0.000000e+00
-9.527880e-01 -2.571530e-01 0.000000e+00
-9.669760e-01 -2.548660e-01 0.000000e+00
-9.352550e-01 -2.712460e-01 0.000000e+00
-9.495150e-01 -2.689800e-01 0.000000e+00
-9.637760e-01 -2.667130e-01 0.000000e+00
-9.460980e-01 -2.807660e-01 0.000000e+00
-9.604310e-01 -2.785200e-01 0.000000e+00
-9.569400e-01 -2.902850e-01 0.000000e+00
-9.363740e-01 -2.111200e-01 0.000000e+00
-9.474770e-01 -2.071130e-01 0.000000e+00
-9.585800e-01 -2.031050e-01 0.000000e+00
-9.696820e-01 -1.990980e-01 0.000000e+00
-9.807850e-01 -1.950900e-01 0.000000e+00
-9.447880e-01 -2.190850e-01 0.000000e+00
-9.559650e-01 -2.150940e-01 0.000000e+00
-9.671410e-01 -2.111030e-01 0.000000e+00
-9.783170e-01 -2.071110e-01 0.000000e+00
-9.532030e-01 -2.270500e-01 0.000000e+00
-9.644520e-01 -2.230760e-01 0.000000e+00
-9.757020e-01 -2.191010e-01 0.000000e+00
-9.616170e-01 -2.350150e-01 0.000000e+00
-9.729400e-01 -2.310580e-01 0.000000e+00
-9.700310e-01 -2.429800e-01 0.000000e+00
-5.141030e-01 -8.577290e-01 0.000000e+00
-5.143630e-01 -8.412010e-01 0.000000e+00
-5.146230e-01 -8.246730e-01 0.000000e+00
-5.148830e-01 -8.081440e-01 0.000000e+00
-5.151430e-01 -7.916160e-01 0.000000e+00
-5.245900e-01 -8.513550e-01 0.000000e+00
-5.248100e-01 -8.347630e-01 0.000000e+00
-5.250300e-01 -8.181710e-01 0.000000e+00
-5.252500e-01 -8.015800e-01 0.000000e+00
-5.349980e-01 -8.448540e-01 0.000000e+00
-5.351770e-01 -8.281980e-01 0.000000e+00
-5.353570e-01 -8.115430e-01 0.000000e+00
-5.453250e-01 -8.382250e-01 0.000000e+00
-5.454630e-01 -8.215060e-01 0.000000e+00
-5.555700e-01 -8.314700e-01 0.000000e+00
-5.141030e-01 -8.577290e-01 0.000000e+00
-5.035380e-01 -8.639730e-01 0.000000e+00
-4.928980e-01 -8.700870e-01 0.000000e+00
-4.821840e-01 -8.760700e-01 0.000000e+00
-4.713970e-01 -8.819210e-01 0.000000e+00
-5.053940e-01 -8.488640e-01 0.000000e+00
-4.947920e-01 -8.550430e-01 0.000000e+00
-4.841150e-01 -8.610910e-01 0.000000e+00
-4.733650e-01 -8.670080e-01 0.000000e+00
-4.966850e-01 -8.399980e-01 0.000000e+00
-4.860460e-01 -8.461120e-01 0.000000e+00
-4.753320e-01 -8.520950e-01 0.000000e+00
-4.879770e-01 -8.311330e-01 0.000000e+00
-4.773000e-01 -8.371820e-01 0.000000e+00
-4.792680e-01 -8.222680e-01 0.000000e+00
2.049240e-02 -9.780220e-01 0.000000e+00
1.536930e-02 -9.835170e-01 0.000000e+00
1.024620e-02 -9.890110e-01 0.000000e+00
5.123090e-03 -9.945060e-01 0.000000e+00
-1.838810e-16 -1.000000e+00 0.000000e+00
2.763620e-02 -9.832150e-01 0.000000e+00
2.251490e-02 -9.887850e-01 0.000000e+00
1.739340e-02 -9.943550e-01 0.000000e+00
1.227150e-02 -9.999250e-01 0.000000e+00
3.478000e-02 -9.884090e-01 0.000000e+00
2.966090e-02 -9.940540e-01 0.000000e+00
2.454120e-02 -9.996990e-01 0.000000e+00
4.192380e-02 -9.936020e-01 0.000000e+00
3.680720e-02 -9.993220e-01 0.000000e+00
4.906770e-02 -9.987950e-01 0.000000e+00
6.628970e-02 -9.582610e-01 0.000000e+00
6.198420e-02 -9.683950e-01 0.000000e+00
5.767870e-02 -9.785280e-01 0.000000e+00
5.337320e-02 -9.886620e-01 0.000000e+00
4.906770e-02 -9.987950e-01 0.000000e+00
7.422160e-02 -9.674920e-01 0.000000e+00
6.992160e-02 -9.777010e-01 0.000000e+00
6.562130e-02 -9.879090e-01 0.000000e+00
6.132070e-02 -9.981180e-01 0.000000e+00
8.215340e-02 -9.767230e-01 0.000000e+00
7.785930e-02 -9.870070e-01 0.000000e+00
7.356460e-02 -9.972900e-01 0.000000e+00
9.008530e-02 -9.859540e-01 0.000000e+00
8.579730e-02 -9.963130e-01 0.000000e+00
9.801710e-02 -9.951850e-01 0.000000e+00
1.606820e-01 -9.328010e-01 0.000000e+00
1.571940e-01 -9.468950e-01 0.000000e+00
1.537060e-01 -9.609890e-01 0.000000e+00
1.502180e-01 -9.750830e-01 0.000000e+00
1.467300e-01 -9.891770e-01 0.000000e+00
1.692840e-01 -9.447970e-01 0.000000e+00
1.658090e-01 -9.589650e-01 0.000000e+00
1.623340e-01 -9.731330e-01 0.000000e+00
1.588580e-01 -9.873010e-01 0.000000e+00
1.778860e-01 -9.567930e-01 0.000000e+00
1.744240e-01 -9.710350e-01 0.000000e+00
1.709620e-01 -9.852780e-01 0.000000e+00
1.864880e-01 -9.687890e-01 0.000000e+00
1.830400e-01 -9.831050e-01 0.000000e+00
1.950900e-01 -9.807850e-01 0.000000e+00
1.467300e-01 -9.891770e-01 0.000000e+00
1.349250e-01 -9.782940e-01 0.000000e+00
1.231190e-01 -9.674110e-01 0.000000e+00
1.113130e-01 -9.565280e-01 0.000000e+00
9.950730e-02 -9.456450e-01 0.000000e+00
1.345810e-01 -9.909030e-01 0.000000e+00
1.227650e-01 -9.799450e-01 0.000000e+00
1.109500e-01 -9.689870e-01 0.000000e+00
9.913470e-02 -9.580300e-01 0.000000e+00
1.224110e-01 -9.924800e-01 0.000000e+00
1.105860e-01 -9.814470e-01 0.000000e+00
9.876220e-02 -9.704150e-01 0.000000e+00
1.102220e-01 -9.939070e-01 0.000000e+00
9.838970e-02 -9.828000e-01 0.000000e+00
9.801710e-02 -9.951850e-01 0.000000e+00
2.902850e-01 -9.569400e-01 0.000000e+00
2.816020e-01 -9.451420e-01 0.000000e+00
2.729180e-01 -9.333440e-01 0.000000e+00
2.642350e-01 -9.215450e-01 0.000000e+00
2.555520e-01 -9.097470e-01 0.000000e+00
2.785200e-01 -9.604310e-01 0.000000e+00
2.698160e-01 -9.485600e-01 0.000000e+00
2.611120e-01 -9.366890e-01 0.000000e+00
2.524090e-01 -9.248180e-01 0.000000e+00
2.667130e-01 -9.637760e-01 0.000000e+00
2.579890e-01 -9.518330e-01 0.000000e+00
2.492660e-01 -9.398890e-01 0.000000e+00
2.548660e-01 -9.669760e-01 0.000000e+00
2.461230e-01 -9.549600e-01 0.000000e+00
2.429800e-01 -9.700310e-01 0.000000e+00
1.950900e-01 -9.807850e-01 0.000000e+00
2.071110e-01 -9.783170e-01 0.000000e+00
2.191010e-01 -9.757020e-01 0.000000e+00
2.310580e-01 -9.729400e-01 0.000000e+00
2.429800e-01 -9.700310e-01 0.000000e+00
1.959610e-01 -9.678510e-01 0.000000e+00
2.079670e-01 -9.653100e-01 0.000000e+00
2.199400e-01 -9.626210e-01 0.000000e+00
2.318790e-01 -9.597860e-01 0.000000e+00
1.968330e-01 -9.549180e-01 0.000000e+00
2.088220e-01 -9.523030e-01 0.000000e+00
2.207770e-01 -9.495410e-01 0.000000e+00
1.977040e-01 -9.419840e-01 0.000000e+00
2.096760e-01 -9.392950e-01 0.000000e+00
1.985750e-01 -9.290500e-01 0.000000e+00
4.713970e-01 -8.819210e-01 0.000000e+00
4.604390e-01 -8.762830e-01 0.000000e+00
4.494810e-01 -8.706440e-01 0.000000e+00
4.385230e-01 -8.650050e-01 0.000000e+00
4.275650e-01 -8.593670e-01 0.000000e+00
4.605390e-01 -8.876400e-01 0.000000e+00
4.495460e-01 -8.819340e-01 0.000000e+00
4.385540e-01 -8.762280e-01 0.000000e+00
4.275620e-01 -8.705230e-01 0.000000e+00
4.496110e-01 -8.932240e-01 0.000000e+00
4.385850e-01 -8.874510e-01 0.000000e+00
4.275600e-01 -8.816780e-01 0.000000e+00
4.386160e-01 -8.986740e-01 0.000000e+00
4.275580e-01 -8.928340e-01 0.000000e+00
4.275550e-01 -9.039890e-01 0.000000e+00
5.195010e-01 -7.873490e-01 0.000000e+00
5.181510e-01 -8.049440e-01 0.000000e+00
5.168020e-01 -8.225390e-01 0.000000e+00
5.154520e-01 -8.401340e-01 0.000000e+00
5.141030e-01 -8.577290e-01 0.000000e+00
5.285180e-01 -7.983790e-01 0.000000e+00
5.272090e-01 -8.160380e-01 0.000000e+00
5.258990e-01 -8.336960e-01 0.000000e+00
5.245900e-01 -8.513550e-01 0.000000e+00
5.375350e-01 -8.094100e-01 0.000000e+00
5.362670e-01 -8.271310e-01 0.000000e+00
5.349980e-01 -8.448540e-01 0.000000e+00
5.465530e-01 -8.204400e-01 0.000000e+00
5.453250e-01 -8.382250e-01 0.000000e+00
5.555700e-01 -8.314700e-01 0.000000e+00
5.956990e-01 -8.032080e-01 0.000000e+00
5.849650e-01 -7.948530e-01 0.000000e+00
5.742300e-01 -7.864990e-01 0.000000e+00
5.634960e-01 -7.781450e-01 0.000000e+00
5.527610e-01 -7.697910e-01 0.000000e+00
5.857980e-01 -8.104570e-01 0.000000e+00
5.750200e-01 -8.020420e-01 0.000000e+00
5.642410e-01 -7.936260e-01 0.000000e+00
5.534640e-01 -7.852110e-01 0.000000e+00
5.758080e-01 -8.175850e-01 0.000000e+00
5.649870e-01 -8.091080e-01 0.000000e+00
5.541660e-01 -8.006300e-01 0.000000e+00
5.657320e-01 -8.245890e-01 0.000000e+00
5.548680e-01 -8.160500e-01 0.000000e+00
5.555700e-01 -8.314700e-01 0.000000e+00
5.872550e-01 -7.472070e-01 0.000000e+00
5.893660e-01 -7.612070e-01 0.000000e+00
5.914770e-01 -7.752070e-01 0.000000e+00
5.935880e-01 -7.892070e-01 0.000000e+00
5.956990e-01 -8.032080e-01 0.000000e+00
5.990400e-01 -7.536580e-01 0.000000e+00
6.011970e-01 -7.677170e-01 0.000000e+00
6.033540e-01 -7.817770e-01 0.000000e+00
6.055110e-01 -7.958370e-01 0.000000e+00
6.108240e-01 -7.601090e-01 0.000000e+00
6.130280e-01 -7.742270e-01 0.000000e+00
6.152320e-01 -7.883460e-01 0.000000e+00
6.226090e-01 -7.665600e-01 0.000000e+00
6.248590e-01 -7.807370e-01 0.000000e+00
6.343930e-01 -7.730100e-01 0.000000e+00
6.715590e-01 -7.409510e-01 0.000000e+00
6.578040e-01 -7.374640e-01 0.000000e+00
6.440490e-01 -7.339770e-01 0.000000e+00
6.302950e-01 -7.304900e-01 0.000000e+00
6.165400e-01 -7.270030e-01 0.000000e+00
6.624160e-01 -7.491360e-01 0.000000e+00
6.486110e-01 -7.455930e-01 0.000000e+00
6.348070e-01 -7.420490e-01 0.000000e+00
6.210030e-01 -7.385050e-01 0.000000e+00
6.531730e-01 -7.572090e-01 0.000000e+00
6.393190e-01 -7.536080e-01 0.000000e+00
6.254670e-01 -7.500070e-01 0.000000e+00
6.438320e-01 -7.651670e-01 0.000000e+00
6.299300e-01 -7.615090e-01 0.000000e+00
6.343930e-01 -7.730100e-01 0.000000e+00
7.071070e-01 -7.071070e-01 0.000000e+00
6.990260e-01 -7.037460e-01 0.000000e+00
6.909450e-01 -7.003850e-01 0.000000e+00
6.828650e-01 -6.970250e-01 0.000000e+00
6.747840e-01 -6.936640e-01 0.000000e+00
6.983760e-01 -7.157310e-01 0.000000e+00
6.902430e-01 -7.123160e-01 0.000000e+00
6.821100e-01 -7.089010e-01 0.000000e+00
6.739780e-01 -7.054860e-01 0.000000e+00
6.895410e-01 -7.242470e-01 0.000000e+00
6.813560e-01 -7.207780e-01 0.000000e+00
6.731710e-01 -7.173080e-01 0.000000e+00
6.806010e-01 -7.326540e-01 0.000000e+00
6.723650e-01 -7.291290e-01 0.000000e+00
6.715590e-01 -7.409510e-01 0.000000e+00
8.314700e-01 -5.555700e-01 0.000000e+00
8.382250e-01 -5.453250e-01 0.000000e+00
8.448540e-01 -5.349980e-01 0.000000e+00
8.513550e-01 -5.245900e-01 0.000000e+00
8.577290e-01 -5.141030e-01 0.000000e+00
8.279280e-01 -5.458710e-01 0.000000e+00
8.346200e-01 -5.355850e-01 0.000000e+00
8.411850e-01 -5.252180e-01 0.000000e+00
8.476220e-01 -5.147710e-01 0.000000e+00
8.243860e-01 -5.361730e-01 0.000000e+00
8.310150e-01 -5.258460e-01 0.000000e+00
8.375160e-01 -5.154390e-01 0.000000e+00
8.208450e-01 -5.264740e-01 0.000000e+00
8.274090e-01 -5.161070e-01 0.000000e+00
8.173030e-01 -5.167750e-01 0.000000e+00
8.314700e-01 -5.555700e-01 0.000000e+00
8.194140e-01 -5.522840e-01 0.000000e+00
8.073590e-01 -5.489990e-01 0.000000e+00
7.953040e-01 -5.457130e-01 0.000000e+00
7.832490e-01 -5.424270e-01 0.000000e+00
8.245890e-01 -5.657320e-01 0.000000e+00
8.124720e-01 -5.624030e-01 0.000000e+00
8.003550e-01 -5.590740e-01 0.000000e+00
7.882380e-01 -5.557450e-01 0.000000e+00
8.175850e-01 -5.758080e-01 0.000000e+00
8.054060e-01 -5.724360e-01 0.000000e+00
7.932280e-01 -5.690630e-01 0.000000e+00
8.104570e-01 -5.857980e-01 0.000000e+00
7.982180e-01 -5.823810e-01 0.000000e+00
8.032080e-01 -5.956990e-01 0.000000e+00
7.730100e-01 -6.343930e-01 0.000000e+00
7.807370e-01 -6.248590e-01 0.000000e+00
7.883460e-01 -6.152320e-01 0.000000e+00
7.958370e-01 -6.055110e-01 0.000000e+00
8.032080e-01 -5.956990e-01 0.000000e+00
7.675300e-01 -6.246300e-01 0.000000e+00
7.751980e-01 -6.150500e-01 0.000000e+00
7.827480e-01 -6.053760e-01 0.000000e+00
7.901780e-01 -5.956100e-01 0.000000e+00
7.620500e-01 -6.148680e-01 0.000000e+00
7.696590e-01 -6.052400e-01 0.000000e+00
7.771490e-01 -5.955210e-01 0.000000e+00
7.565700e-01 -6.051050e-01 0.000000e+00
7.641190e-01 -5.954310e-01 0.000000e+00
7.510900e-01 -5.953420e-01 0.000000e+00
4.275550e-01 -9.039890e-01 0.000000e+00
4.191610e-01 -9.022140e-01 0.000000e+00
4.107660e-01 -9.004380e-01 0.000000e+00
4.023720e-01 -8.986630e-01 0.000000e+00
3.939770e-01 -8.968870e-01 0.000000e+00
4.164300e-01 -9.091680e-01 0.000000e+00
4.080040e-01 -9.073240e-01 0.000000e+00
3.995790e-01 -9.054800e-01 0.000000e+00
3.911540e-01 -9.036350e-01 0.000000e+00
4.052410e-01 -9.142100e-01 0.000000e+00
3.967850e-01 -9.122970e-01 0.000000e+00
3.883300e-01 -9.103830e-01 0.000000e+00
3.939920e-01 -9.191140e-01 0.000000e+00
3.855070e-01 -9.171320e-01 0.000000e+00
3.826830e-01 -9.238800e-01 0.000000e+00
4.713970e-01 -8.819210e-01 0.000000e+00
4.821840e-01 -8.760700e-01 0.000000e+00
4.928980e-01 -8.700870e-01 0.000000e+00
5.035380e-01 -8.639730e-01 0.000000e+00
5.141030e-01 -8.577290e-01 0.000000e+00
4.676970e-01 -8.702830e-01 0.000000e+00
4.784470e-01 -8.643660e-01 0.000000e+00
4.891240e-01 -8.583180e-01 0.000000e+00
4.997260e-01 -8.521390e-01 0.000000e+00
4.639970e-01 -8.586460e-01 0.000000e+00
4.747100e-01 -8.526630e-01 0.000000e+00
4.853500e-01 -8.465490e-01 0.000000e+00
4.602970e-01 -8.470080e-01 0.000000e+00
4.709730e-01 -8.409600e-01 0.000000e+00
4.565970e-01 -8.353700e-01 0.000000e+00
8.651520e-01 -4.165290e-01 0.000000e+00
8.693440e-01 -4.302460e-01 0.000000e+00
8.735370e-01 -4.439630e-01 0.000000e+00
8.777290e-01 -4.576800e-01 0.000000e+00
8.819210e-01 -4.713970e-01 0.000000e+00
8.748610e-01 -4.192850e-01 0.000000e+00
8.791210e-01 -4.330360e-01 0.000000e+00
8.833800e-01 -4.467870e-01 0.000000e+00
8.876400e-01 -4.605390e-01 0.000000e+00
8.845710e-01 -4.220420e-01 0.000000e+00
8.888980e-01 -4.358260e-01 0.000000e+00
8.932240e-01 -4.496110e-01 0.000000e+00
8.942800e-01 -4.247980e-01 0.000000e+00
8.986740e-01 -4.386160e-01 0.000000e+00
9.039890e-01 -4.275550e-01 0.000000e+00
9.700310e-01 -2.429800e-01 0.000000e+00
9.574530e-01 -2.419080e-01 0.000000e+00
9.448740e-01 -2.408350e-01 0.000000e+00
9.322960e-01 -2.397630e-01 0.000000e+00
9.197180e-01 -2.386910e-01 0.000000e+00
9.669760e-01 -2.548660e-01 0.000000e+00
9.543250e-01 -2.537740e-01 0.000000e+00
9.416740e-01 -2.526820e-01 0.000000e+00
9.290230e-01 -2.515890e-01 0.000000e+00
9.637760e-01 -2.667130e-01 0.000000e+00
9.510520e-01 -2.656010e-01 0.000000e+00
9.383290e-01 -2.644880e-01 0.000000e+00
9.604310e-01 -2.785200e-01 0.000000e+00
9.476350e-01 -2.773860e-01 0.000000e+00
9.569400e-01 -2.902850e-01 0.000000e+00
9.455440e-01 -1.632160e-01 0.000000e+00
9.543540e-01 -1.711850e-01 0.000000e+00
9.631650e-01 -1.791530e-01 0.000000e+00
9.719750e-01 -1.871220e-01 0.000000e+00
9.807850e-01 -1.950900e-01 0.000000e+00
9.564520e-01 -1.590950e-01 0.000000e+00
9.653370e-01 -1.670760e-01 0.000000e+00
9.742210e-01 -1.750580e-01 0.000000e+00
9.831050e-01 -1.830400e-01 0.000000e+00
9.673600e-01 -1.549730e-01 0.000000e+00
9.763190e-01 -1.629670e-01 0.000000e+00
9.852780e-01 -1.709620e-01 0.000000e+00
9.782680e-01 -1.508520e-01 0.000000e+00
9.873010e-01 -1.588580e-01 0.000000e+00
9.891770e-01 -1.467300e-01 0.000000e+00
9.951850e-01 -9.801710e-02 0.000000e+00
9.845200e-01 -9.770770e-02 0.000000e+00
9.738550e-01 -9.739830e-02 0.000000e+00
9.631910e-01 -9.708890e-02 0.000000e+00
9.525260e-01 -9.677950e-02 0.000000e+00
9.939070e-01 -1.102220e-01 0.000000e+00
9.831670e-01 -1.099040e-01 0.000000e+00
9.724280e-01 -1.095860e-01 0.000000e+00
9.616890e-01 -1.092670e-01 0.000000e+00
9.924800e-01 -1.224110e-01 0.000000e+00
9.816650e-01 -1.220830e-01 0.000000e+00
9.708510e-01 -1.217550e-01 0.000000e+00
9.909030e-01 -1.345810e-01 0.000000e+00
9.800140e-01 -1.342430e-01 0.000000e+00
9.891770e-01 -1.467300e-01 0.000000e+00
3.631890e-01 -8.998640e-01 0.000000e+00
3.566140e-01 -9.102840e-01 0.000000e+00
3.500390e-01 -9.207040e-01 0.000000e+00
3.434650e-01 -9.311240e-01 0.000000e+00
3.368900e-01 -9.415440e-01 0.000000e+00
3.680630e-01 -9.058680e-01 0.000000e+00
3.615150e-01 -9.163580e-01 0.000000e+00
3.549670e-01 -9.268490e-01 0.000000e+00
3.484190e-01 -9.373390e-01 0.000000e+00
3.729360e-01 -9.118720e-01 0.000000e+00
3.664160e-01 -9.224320e-01 0.000000e+00
3.598950e-01 -9.329930e-01 0.000000e+00
3.778100e-01 -9.178760e-01 0.000000e+00
3.713170e-01 -9.285060e-01 0.000000e+00
3.826830e-01 -9.238800e-01 0.000000e+00
8.434020e-01 -4.755560e-01 0.000000e+00
8.469840e-01 -4.851930e-01 0.000000e+00
8.505650e-01 -4.948290e-01 0.000000e+00
8.541470e-01 -5.044660e-01 0.000000e+00
8.577290e-01 -5.141030e-01 0.000000e+00
8.530320e-01 -4.745160e-01 0.000000e+00
8.566790e-01 -4.841900e-01 0.000000e+00
8.603260e-01 -4.938640e-01 0.000000e+00
8.639730e-01 -5.035380e-01 0.000000e+00
8.626620e-01 -4.734760e-01 0.000000e+00
8.663740e-01 -4.831870e-01 0.000000e+00
8.700870e-01 -4.928980e-01 0.000000e+00
8.722910e-01 -4.724370e-01 0.000000e+00
8.760700e-01 -4.821840e-01 0.000000e+00
8.819210e-01 -4.713970e-01 0.000000e+00
9.238800e-01 -3.826830e-01 0.000000e+00
9.148480e-01 -3.839810e-01 0.000000e+00
9.058170e-01 -3.852790e-01 0.000000e+00
8.967860e-01 -3.865770e-01 0.000000e+00
8.877550e-01 -3.878750e-01 0.000000e+00
9.191140e-01 -3.939920e-01 0.000000e+00
9.100140e-01 -3.952600e-01 0.000000e+00
9.009140e-01 -3.965280e-01 0.000000e+00
8.918140e-01 -3.977950e-01 0.000000e+00
9.142100e-01 -4.052410e-01 0.000000e+00
9.050410e-01 -4.064780e-01 0.000000e+00
8.958720e-01 -4.077150e-01 0.000000e+00
9.091680e-01 -4.164300e-01 0.000000e+00
8.999310e-01 -4.176350e-01 0.000000e+00
9.039890e-01 -4.275550e-01 0.000000e+00
9.415440e-01 -3.368900e-01 0.000000e+00
9.456070e-01 -3.253100e-01 0.000000e+00
9.495280e-01 -3.136820e-01 0.000000e+00
9.533060e-01 -3.020060e-01 0.000000e+00
9.569400e-01 -2.902850e-01 0.000000e+00
9.307770e-01 -3.304840e-01 0.000000e+00
9.347690e-01 -3.188800e-01 0.000000e+00
9.386180e-01 -3.072280e-01 0.000000e+00
9.423240e-01 -2.955300e-01 0.000000e+00
9.200100e-01 -3.240780e-01 0.000000e+00
9.239300e-01 -3.124500e-01 0.000000e+00
9.277080e-01 -3.007750e-01 0.000000e+00
9.092420e-01 -3.176720e-01 0.000000e+00
9.130910e-01 -3.060210e-01 0.000000e+00
8.984750e-01 -3.112660e-01 0.000000e+00
9.012230e-01 -3.533130e-01 0.000000e+00
9.068870e-01 -3.606550e-01 0.000000e+00
9.125510e-01 -3.679980e-01 0.000000e+00
9.182150e-01 -3.753410e-01 0.000000e+00
9.238800e-01 -3.826830e-01 0.000000e+00
9.113040e-01 -3.492070e-01 0.000000e+00
9.170380e-01 -3.565770e-01 0.000000e+00
9.227720e-01 -3.639470e-01 0.000000e+00
9.285060e-01 -3.713170e-01 0.000000e+00
9.213840e-01 -3.451010e-01 0.000000e+00
9.271880e-01 -3.524980e-01 0.000000e+00
9.329930e-01 -3.598950e-01 0.000000e+00
9.314640e-01 -3.409960e-01 0.000000e+00
9.373390e-01 -3.484190e-01 0.000000e+00
9.415440e-01 -3.368900e-01 0.000000e+00
9.656890e-01 -6.906710e-02 0.000000e+00
9.730630e-01 -7.630460e-02 0.000000e+00
9.804370e-01 -8.354210e-02 0.000000e+00
9.878110e-01 -9.077960e-02 0.000000e+00
9.951850e-01 -9.801710e-02 0.000000e+00
9.739660e-01 -6.406720e-02 0.000000e+00
9.814150e-01 -7.131030e-02 0.000000e+00
9.888640e-01 -7.855360e-02 0.000000e+00
9.963130e-01 -8.579730e-02 0.000000e+00
9.822420e-01 -5.906740e-02 0.000000e+00
9.897660e-01 -6.631570e-02 0.000000e+00
9.972900e-01 -7.356460e-02 0.000000e+00
9.905190e-01 -5.406750e-02 0.000000e+00
9.981180e-01 -6.132070e-02 0.000000e+00
9.987950e-01 -4.906770e-02 0.000000e+00
1.000000e+00 -2.463310e-16 0.000000e+00
9.928730e-01 -4.798430e-03 0.000000e+00
9.857470e-01 -9.596870e-03 0.000000e+00
9.786200e-01 -1.439530e-02 0.000000e+00
9.714930e-01 -1.919370e-02 0.000000e+00
9.999250e-01 -1.227150e-02 0.000000e+00
9.927230e-01 -1.706870e-02 0.000000e+00
9.855210e-01 -2.186560e-02 0.000000e+00
9.783190e-01 -2.666220e-02 0.000000e+00
9.996990e-01 -2.454120e-02 0.000000e+00
9.924220e-01 -2.933630e-02 0.000000e+00
9.851440e-01 -3.413070e-02 0.000000e+00
9.993220e-01 -3.680720e-02 0.000000e+00
9.919700e-01 -4.159920e-02 0.000000e+00
9.987950e-01 -4.906770e-02 0.000000e+00
2.892030e-01 -9.093280e-01 0.000000e+00
2.894730e-01 -9.212310e-01 0.000000e+00
2.897440e-01 -9.331340e-01 0.000000e+00
2.900140e-01 -9.450370e-01 0.000000e+00
2.902850e-01 -9.569400e-01 0.000000e+00
3.011250e-01 -9.173820e-01 0.000000e+00
3.014190e-01 -9.293560e-01 0.000000e+00
3.017120e-01 -9.413310e-01 0.000000e+00
3.020060e-01 -9.533060e-01 0.000000e+00
3.130460e-01 -9.254360e-01 0.000000e+00
3.133640e-01 -9.374820e-01 0.000000e+00
3.136820e-01 -9.495280e-01 0.000000e+00
3.249680e-01 -9.334900e-01 0.000000e+00
3.253100e-01 -9.456070e-01 0.000000e+00
3.368900e-01 -9.415440e-01 0.000000e+00
7.409510e-01 -6.715590e-01 0.000000e+00
7.491360e-01 -6.624160e-01 0.000000e+00
7.572090e-01 -6.531730e-01 0.000000e+00
7.651670e-01 -6.438320e-01 0.000000e+00
7.730100e-01 -6.343930e-01 0.000000e+00
7.341650e-01 -6.631740e-01 0.000000e+00
7.422940e-01 -6.539820e-01 0.000000e+00
7.503090e-01 -6.446900e-01 0.000000e+00
7.582100e-01 -6.353000e-01 0.000000e+00
7.273790e-01 -6.547900e-01 0.000000e+00
7.354510e-01 -6.455480e-01 0.000000e+00
7.434090e-01 -6.362070e-01 0.000000e+00
7.205930e-01 -6.464050e-01 0.000000e+00
7.286080e-01 -6.371140e-01 0.000000e+00
7.138070e-01 -6.380210e-01 0.000000e+00
7.051260e-01 -6.764540e-01 0.000000e+00
7.056210e-01 -6.841170e-01 0.000000e+00
7.061170e-01 -6.917810e-01 0.000000e+00
7.066120e-01 -6.994440e-01 0.000000e+00
7.071070e-01 -7.071070e-01 0.000000e+00
7.140830e-01 -6.752300e-01 0.000000e+00
7.146320e-01 -6.829460e-01 0.000000e+00
7.151820e-01 -6.906610e-01 0.000000e+00
7.157310e-01 -6.983760e-01 0.000000e+00
7.230390e-01 -6.740070e-01 0.000000e+00
7.236430e-01 -6.817730e-01 0.000000e+00
7.242470e-01 -6.895410e-01 0.000000e+00
7.319950e-01 -6.727830e-01 0.000000e+00
7.326540e-01 -6.806010e-01 0.000000e+00
7.409510e-01 -6.715590e-01 0.000000e+00
9.377390e-01 -2.113920e-01 0.000000e+00
9.458120e-01 -2.192890e-01 0.000000e+00
9.538850e-01 -2.271860e-01 0.000000e+00
9.619580e-01 -2.350830e-01 0.000000e+00
9.700310e-01 -2.429800e-01 0.000000e+00
9.485010e-01 -2.073170e-01 0.000000e+00
9.566470e-01 -2.152300e-01 0.000000e+00
9.647940e-01 -2.231440e-01 0.000000e+00
9.729400e-01 -2.310580e-01 0.000000e+00
9.592620e-01 -2.032410e-01 0.000000e+00
9.674820e-01 -2.111710e-01 0.000000e+00
9.757020e-01 -2.191010e-01 0.000000e+00
9.700240e-01 -1.991660e-01 0.000000e+00
9.783170e-01 -2.071110e-01 0.000000e+00
9.807850e-01 -1.950900e-01 0.000000e+00
3.720100e-01 -2.891470e-02 0.000000e+00
3.727570e-01 -2.168600e-02 0.000000e+00
3.735050e-01 -1.445740e-02 0.000000e+00
3.742520e-01 -7.228680e-03 0.000000e+00
3.750000e-01 0.000000e+00 0.000000e+00
3.649450e-01 -2.168600e-02 0.000000e+00
3.656920e-01 -1.445740e-02 0.000000e+00
3.664400e-01 -7.228680e-03 0.000000e+00
3.671880e-01 0.000000e+00 0.000000e+00
3.578800e-01 -1.445740e-02 0.000000e+00
3.586270e-01 -7.228680e-03 0.000000e+00
3.593750e-01 0.000000e+00 0.000000e+00
3.508150e-01 -7.228680e-03 0.000000e+00
3.515630e-01 0.000000e+00 0.000000e+00
3.437500e-01 0.000000e+00 0.000000e+00
4.996480e-01 -3.118370e-02 0.000000e+00
4.997360e-01 -2.338780e-02 0.000000e+00
4.998240e-01 -1.559180e-02 0.000000e+00
4.999120e-01 -7.795920e-03 0.000000e+00
5.000000e-01 0.000000e+00 0.000000e+00
4.919230e-01 -2.338780e-02 0.000000e+00
4.920110e-01 -1.559180e-02 0.000000e+00
4.920990e-01 -7.795920e-03 0.000000e+00
4.921880e-01 1.734720e-18 0.000000e+00
4.841990e-01 -1.559180e-02 0.000000e+00
4.842870e-01 -7.795920e-03 0.000000e+00
4.843750e-01 0.000000e+00 0.000000e+00
4.764740e-01 -7.795920e-03 0.000000e+00
4.765620e-01 0.000000e+00 0.000000e+00
4.687500e-01 0.000000e+00 0.000000e+00
-4.062500e-01 0.000000e+00 0.000000e+00
-4.142910e-01 8.065300e-03 0.000000e+00
-4.223310e-01 1.613060e-02 0.000000e+00
-4.303720e-01 2.419590e-02 0.000000e+00
-4.384120e-01 3.226120e-02 0.000000e+00
-4.140620e-01 0.000000e+00 0.000000e+00
-4.221030e-01 8.065300e-03 0.000000e+00
-4.301440e-01 1.613060e-02 0.000000e+00
-4.381840e-01 2.419590e-02 0.000000e+00
-4.218750e-01 0.000000e+00 0.000000e+00
-4.299160e-01 8.065300e-03 0.000000e+00
-4.379560e-01 1.613060e-02 0.000000e+00
-4.296870e-01 0.000000e+00 0.000000e+00
-4.377280e-01 8.065300e-03 0.000000e+00
-4.375000e-01 0.000000e+00 0.000000e+00
-4.687500e-01 0.000000e+00 0.000000e+00
-4.686290e-01 7.484860e-03 0.000000e+00
-4.685080e-01 1.496970e-02 0.000000e+00
-4.683870e-01 2.245460e-02 0.000000e+00
-4.682660e-01 2.993950e-02 0.000000e+00
-4.765620e-01 0.000000e+00 0.000000e+00
-4.764410e-01 7.484860e-03 0.000000e+00
-4.763200e-01 1.496970e-02 0.000000e+00
-4.761990e-01 2.245460e-02 0.000000e+00
-4.843750e-01 0.000000e+00 0.000000e+00
-4.842540e-01 7.484860e-03 0.000000e+00
-4.841330e-01 1.496970e-02 0.000000e+00
-4.921870e-01 -1.734720e-18 0.000000e+00
-4.920660e-01 7.484860e-03 0.000000e+00
-5.000000e-01 0.000000e+00 0.000000e+00
-4.062500e-01 3.494430e-02 0.000000e+00
-4.062500e-01 2.620820e-02 0.000000e+00
-4.062500e-01 1.747220e-02 0.000000e+00
-4.062500e-01 8.736080e-03 0.000000e+00
-4.062500e-01 0.000000e+00 0.000000e+00
-3.984370e-01 2.620820e-02 0.000000e+00
-3.984370e-01 1.747220e-02 0.000000e+00
-3.984370e-01 8.736080e-03 0.000000e+00
-3.984370e-01 0.000000e+00 0.000000e+00
-3.906250e-01 1.747220e-02 0.000000e+00
-3.906250e-01 8.736080e-03 0.000000e+00
-3.906250e-01 0.000000e+00 0.000000e+00
-3.828120e-01 8.736080e-03 0.000000e+00
-3.828120e-01 0.000000e+00 0.000000e+00
-3.750000e-01 0.000000e+00 0.000000e+00
-3.437500e-01 0.000000e+00 0.000000e+00
-3.476560e-01 8.577350e-03 0.000000e+00
-3.515620e-01 1.715470e-02 0.000000e+00
-3.554690e-01 2.573210e-02 0.000000e+00
-3.593750e-01 3.430940e-02 0.000000e+00
-3.515620e-01 0.000000e+00 0.000000e+00
-3.554690e-01 8.577350e-03 0.000000e+00
-3.593750e-01 1.715470e-02 0.000000e+00
-3.632810e-01 2.573210e-02 0.000000e+00
-3.593750e-01 0.000000e+00 0.000000e+00
-3.632810e-01 8.577350e-03 0.000000e+00
-3.671870e-01 1.715470e-02 0.000000e+00
-3.671870e-01 0.000000e+00 0.000000e+00
-3.710940e-01 8.577350e-03 0.000000e+00
-3.750000e-01 0.000000e+00 0.000000e+00
-4.682660e-01 2.993950e-02 0.000000e+00
-4.683870e-01 2.245460e-02 0.000000e+00
-4.685080e-01 1.496970e-02 0.000000e+00
-4.686290e-01 7.484860e-03 0.000000e+00
-4.687500e-01 0.000000e+00 0.000000e+00
-4.605740e-01 2.245460e-02 0.000000e+00
-4.606950e-01 1.496970e-02 0.000000e+00
-4.608160e-01 7.484860e-03 0.000000e+00
-4.609370e-01 -1.734720e-18 0.000000e+00
-4.528830e-01 1.496970e-02 0.000000e+00
-4.530040e-01 7.484860e-03 0.000000e+00
-4.531250e-01 0.000000e+00 0.000000e+00
-4.451910e-01 7.484860e-03 0.000000e+00
-4.453120e-01 0.000000e+00 0.000000e+00
-4.375000e-01 0.000000e+00 0.000000e+00
-3.750000e-01 0.000000e+00 0.000000e+00
-3.828120e-01 1.734720e-18 0.000000e+00
-3.906250e-01 0.000000e+00 0.000000e+00
-3.984370e-01 0.000000e+00 0.000000e+00
-4.062500e-01 0.000000e+00 0.000000e+00
-3.820660e-01 -1.093390e-02 0.000000e+00
-3.898780e-01 -1.093390e-02 0.000000e+00
-3.976910e-01 -1.093390e-02 0.000000e+00
-4.055030e-01 -1.093390e-02 0.000000e+00
-3.891310e-01 -2.186780e-02 0.000000e+00
-3.969440e-01 -2.186780e-02 0.000000e+00
-4.047560e-01 -2.186780e-02 0.000000e+00
-3.961970e-01 -3.280160e-02 0.000000e+00
-4.040090e-01 -3.280160e-02 0.000000e+00
-4.032620e-01 -4.373550e-02 0.000000e+00
-4.375000e-01 0.000000e+00 0.000000e+00
-4.453120e-01 0.000000e+00 0.000000e+00
-4.531250e-01 0.000000e+00 0.000000e+00
-4.609370e-01 0.000000e+00 0.000000e+00
-4.687500e-01 0.000000e+00 0.000000e+00
-4.446400e-01 -7.927560e-03 0.000000e+00
-4.524520e-01 -7.927560e-03 0.000000e+00
-4.602650e-01 -7.927560e-03 0.000000e+00
-4.680770e-01 -7.927560e-03 0.000000e+00
-4.517790e-01 -1.585510e-02 0.000000e+00
-4.595920e-01 -1.585510e-02 0.000000e+00
-4.674040e-01 -1.585510e-02 0.000000e+00
-4.589190e-01 -2.378270e-02 0.000000e+00
-4.667310e-01 -2.378270e-02 0.000000e+00
-4.660580e-01 -3.171020e-02 0.000000e+00
-4.062500e-01 0.000000e+00 0.000000e+00
-4.140620e-01 -3.469450e-18 0.000000e+00
-4.218750e-01 0.000000e+00 0.000000e+00
-4.296870e-01 0.000000e+00 0.000000e+00
-4.375000e-01 0.000000e+00 0.000000e+00
-4.137700e-01 -1.076620e-02 0.000000e+00
-4.215820e-01 -1.076620e-02 0.000000e+00
-4.293950e-01 -1.076620e-02 0.000000e+00
-4.372070e-01 -1.076620e-02 0.000000e+00
-4.212890e-01 -2.153240e-02 0.000000e+00
-4.291020e-01 -2.153240e-02 0.000000e+00
-4.369140e-01 -2.153240e-02 0.000000e+00
-4.288090e-01 -3.229860e-02 0.000000e+00
-4.366210e-01 -3.229860e-02 0.000000e+00
-4.363280e-01 -4.306480e-02 0.000000e+00
-3.703000e-01 -4.103560e-02 0.000000e+00
-3.636630e-01 -3.077670e-02 0.000000e+00
-3.570250e-01 -2.051780e-02 0.000000e+00
-3.503880e-01 -1.025890e-02 0.000000e+00
-3.437500e-01 0.000000e+00 0.000000e+00
-3.714750e-01 -3.077670e-02 0.000000e+00
-3.648380e-01 -2.051780e-02 0.000000e+00
-3.582000e-01 -1.025890e-02 0.000000e+00
-3.515620e-01 1.734720e-18 0.000000e+00
-3.726500e-01 -2.051780e-02 0.000000e+00
-3.660130e-01 -1.025890e-02 0.000000e+00
-3.593750e-01 0.000000e+00 0.000000e+00
-3.738250e-01 -1.025890e-02 0.000000e+00
-3.671870e-01 0.000000e+00 0.000000e+00
-3.750000e-01 0.000000e+00 0.000000e+00
-3.125000e-01 0.000000e+00 0.000000e+00
-3.046870e-01 0.000000e+00 0.000000e+00
-2.968750e-01 0.000000e+00 0.000000e+00
-2.890620e-01 0.000000e+00 0.000000e+00
-2.812500e-01 0.000000e+00 0.000000e+00
-3.085940e-01 8.577350e-03 0.000000e+00
-3.007810e-01 8.577350e-03 0.000000e+00
-2.929690e-01 8.577350e-03 0.000000e+00
-2.851560e-01 8.577350e-03 0.000000e+00
-3.046870e-01 1.715470e-02 0.000000e+00
-2.968750e-01 1.715470e-02 0.000000e+00
-2.890620e-01 1.715470e-02 0.000000e+00
-3.007810e-01 2.573210e-02 0.000000e+00
-2.929690e-01 2.573210e-02 0.000000e+00
-2.968750e-01 3.430940e-02 0.000000e+00
-3.437500e-01 0.000000e+00 0.000000e+00
-3.398440e-01 -9.804040e-03 0.000000e+00
-3.359370e-01 -1.960810e-02 0.000000e+00
-3.320310e-01 -2.941210e-02 0.000000e+00
-3.281250e-01 -3.921610e-02 0.000000e+00
-3.359370e-01 0.000000e+00 0.000000e+00
-3.320310e-01 -9.804040e-03 0.000000e+00
-3.281250e-01 -1.960810e-02 0.000000e+00
-3.242190e-01 -2.941210e-02 0.000000e+00
-3.281250e-01 0.000000e+00 0.000000e+00
-3.242190e-01 -9.804040e-03 0.000000e+00
-3.203120e-01 -1.960810e-02 0.000000e+00
-3.203120e-01 0.000000e+00 0.000000e+00
-3.164060e-01 -9.804040e-03 0.000000e+00
-3.125000e-01 0.000000e+00 0.000000e+00
-3.125000e-01 0.000000e+00 0.000000e+00
-3.164060e-01 1.384940e-02 0.000000e+00
-3.203120e-01 2.769880e-02 0.000000e+00
-3.242190e-01 4.154820e-02 0.000000e+00
-3.281250e-01 5.539760e-02 0.000000e+00
-3.203120e-01 0.000000e+00 0.000000e+00
-3.242190e-01 1.384940e-02 0.000000e+00
-3.281250e-01 2.769880e-02 0.000000e+00
-3.320310e-01 4.154820e-02 0.000000e+00
-3.281250e-01 0.000000e+00 0.000000e+00
-3.320310e-01 1.384940e-02 0.000000e+00
-3.359370e-01 2.769880e-02 0.000000e+00
-3.359370e-01 -3.469450e-18 0.000000e+00
-3.398440e-01 1.384940e-02 0.000000e+00
-3.437500e-01 0.000000e+00 0.000000e+00
-2.812500e-01 0.000000e+00 0.000000e+00
-2.890620e-01 -1.734720e-18 0.000000e+00
-2.968750e-01 0.000000e+00 0.000000e+00
-3.046870e-01 0.000000e+00 0.000000e+00
-3.125000e-01 0.000000e+00 0.000000e+00
-2.812500e-01 -8.792960e-03 0.000000e+00
-2.890620e-01 -8.792960e-03 0.000000e+00
-2.968750e-01 -8.792960e-03 0.000000e+00
-3.046870e-01 -8.792960e-03 0.000000e+00
-2.812500e-01 -1.758590e-02 0.000000e+00
-2.890620e-01 -1.758590e-02 0.000000e+00
-2.968750e-01 -1.758590e-02 0.000000e+00
-2.812500e-01 -2.637890e-02 0.000000e+00
-2.890620e-01 -2.637890e-02 0.000000e+00
-2.812500e-01 -3.517190e-02 0.000000e+00
-2.486880e-01 3.027230e-02 0.000000e+00
-2.568290e-01 2.270420e-02 0.000000e+00
-2.649690e-01 1.513610e-02 0.000000e+00
-2.731100e-01 7.568070e-03 0.000000e+00
-2.812500e-01 0.000000e+00 0.000000e+00
-2.490160e-01 2.270420e-02 0.000000e+00
-2.571570e-01 1.513610e-02 0.000000e+00
-2.652970e-01 7.568070e-03 0.000000e+00
-2.734370e-01 -8.673620e-19 0.000000e+00
-2.493440e-01 1.513610e-02 0.000000e+00
-2.574850e-01 7.568070e-03 0.000000e+00
-2.656250e-01 0.000000e+00 0.000000e+00
-2.496720e-01 7.568070e-03 0.000000e+00
-2.578120e-01 0.000000e+00 0.000000e+00
-2.500000e-01 0.000000e+00 0.000000e+00
-5.000000e-01 0.000000e+00 0.000000e+00
-4.915150e-01 -7.927560e-03 0.000000e+00
-4.830290e-01 -1.585510e-02 0.000000e+00
-4.745440e-01 -2.378270e-02 0.000000e+00
-4.660580e-01 -3.171020e-02 0.000000e+00
-4.921870e-01 0.000000e+00 0.000000e+00
-4.837020e-01 -7.927560e-03 0.000000e+00
-4.752170e-01 -1.585510e-02 0.000000e+00
-4.667310e-01 -2.378270e-02 0.000000e+00
-4.843750e-01 0.000000e+00 0.000000e+00
-4.758900e-01 -7.927560e-03 0.000000e+00
-4.674040e-01 -1.585510e-02 0.000000e+00
-4.765620e-01 0.000000e+00 0.000000e+00
-4.680770e-01 -7.927560e-03 0.000000e+00
-4.687500e-01 0.000000e+00 0.000000e+00
4.687500e-02 -3.716960e-02 0.000000e+00
5.078130e-02 -2.787720e-02 0.000000e+00
5.468750e-02 -1.858480e-02 0.000000e+00
5.859380e-02 -9.292400e-03 0.000000e+00
6.250000e-02 0.000000e+00 0.000000e+00
4.296880e-02 -2.787720e-02 0.000000e+00
4.687500e-02 -1.858480e-02 0.000000e+00
5.078130e-02 -9.292400e-03 0.000000e+00
5.468750e-02 -1.734720e-18 0.000000e+00
3.906250e-02 -1.858480e-02 0.000000e+00
4.296880e-02 -9.292400e-03 0.000000e+00
4.687500e-02 0.000000e+00 0.000000e+00
3.515630e-02 -9.292400e-03 0.000000e+00
3.906250e-02 0.000000e+00 0.000000e+00
3.125000e-02 0.000000e+00 0.000000e+00
-2.500000e-01 0.000000e+00 0.000000e+00
-2.578120e-01 0.000000e+00 0.000000e+00
-2.656250e-01 0.000000e+00 0.000000e+00
-2.734370e-01 0.000000e+00 0.000000e+00
-2.812500e-01 0.000000e+00 0.000000e+00
-2.502460e-01 -7.648190e-03 0.000000e+00
-2.580590e-01 -7.648190e-03 0.000000e+00
-2.658710e-01 -7.648190e-03 0.000000e+00
-2.736840e-01 -7.648190e-03 0.000000e+00
-2.504930e-01 -1.529640e-02 0.000000e+00
-2.583050e-01 -1.529640e-02 0.000000e+00
-2.661180e-01 -1.529640e-02 0.000000e+00
-2.507390e-01 -2.294460e-02 0.000000e+00
-2.585520e-01 -2.294460e-02 0.000000e+00
-2.509860e-01 -3.059280e-02 0.000000e+00
-1.777680e-03 -3.126520e-02 0.000000e+00
-1.333260e-03 -2.344890e-02 0.000000e+00
-8.888410e-04 -1.563260e-02 0.000000e+00
-4.444200e-04 -7.816300e-03 0.000000e+00
1.221250e-15 0.000000e+00 0.000000e+00
-9.145760e-03 -2.344890e-02 0.000000e+00
-8.701340e-03 -1.563260e-02 0.000000e+00
-8.256920e-03 -7.816300e-03 0.000000e+00
-7.812500e-03 0.000000e+00 0.000000e+00
-1.651380e-02 -1.563260e-02 0.000000e+00
-1.606940e-02 -7.816300e-03 0.000000e+00
-1.562500e-02 0.000000e+00 0.000000e+00
-2.388190e-02 -7.816300e-03 0.000000e+00
-2.343750e-02 0.000000e+00 0.000000e+00
-3.125000e-02 0.000000e+00 0.000000e+00
-1.562500e-01 0.000000e+00 0.000000e+00
-1.601560e-01 8.577350e-03 0.000000e+00
-1.640620e-01 1.715470e-02 0.000000e+00
-1.679690e-01 2.573210e-02 0.000000e+00
-1.718750e-01 3.430940e-02 0.000000e+00
-1.640620e-01 0.000000e+00 0.000000e+00
-1.679690e-01 8.577350e-03 0.000000e+00
-1.718750e-01 1.715470e-02 0.000000e+00
-1.757810e-01 2.573210e-02 0.000000e+00
-1.718750e-01 0.000000e+00 0.000000e+00
-1.757810e-01 8.577350e-03 0.000000e+00
-1.796870e-01 1.715470e-02 0.000000e+00
-1.796870e-01 0.000000e+00 0.000000e+00
-1.835940e-01 8.577350e-03 0.000000e+00
-1.875000e-01 0.000000e+00 0.000000e+00
-6.293330e-02 -3.414990e-02 0.000000e+00
-6.282500e-02 -2.561240e-02 0.000000e+00
-6.271660e-02 -1.707490e-02 0.000000e+00
-6.260830e-02 -8.537470e-03 0.000000e+00
-6.250000e-02 0.000000e+00 0.000000e+00
-7.063750e-02 -2.561240e-02 0.000000e+00
-7.052910e-02 -1.707490e-02 0.000000e+00
-7.042080e-02 -8.537470e-03 0.000000e+00
-7.031250e-02 -1.734720e-18 0.000000e+00
-7.834160e-02 -1.707490e-02 0.000000e+00
-7.823330e-02 -8.537470e-03 0.000000e+00
-7.812500e-02 0.000000e+00 0.000000e+00
-8.604580e-02 -8.537470e-03 0.000000e+00
-8.593750e-02 0.000000e+00 0.000000e+00
-9.375000e-02 0.000000e+00 0.000000e+00
-1.562500e-01 0.000000e+00 0.000000e+00
-1.511470e-01 -9.469120e-03 0.000000e+00
-1.460440e-01 -1.893820e-02 0.000000e+00
-1.409410e-01 -2.840740e-02 0.000000e+00
-1.358380e-01 -3.787650e-02 0.000000e+00
-1.484370e-01 0.000000e+00 0.000000e+00
-1.433350e-01 -9.469120e-03 0.000000e+00
-1.382320e-01 -1.893820e-02 0.000000e+00
-1.331290e-01 -2.840740e-02 0.000000e+00
-1.406250e-01 0.000000e+00 0.000000e+00
-1.355220e-01 -9.469120e-03 0.000000e+00
-1.304190e-01 -1.893820e-02 0.000000e+00
-1.328120e-01 1.734720e-18 0.000000e+00
-1.277100e-01 -9.469120e-03 0.000000e+00
-1.250000e-01 0.000000e+00 0.000000e+00
-1.236880e-01 3.027230e-02 0.000000e+00
-1.318290e-01 2.270420e-02 0.000000e+00
-1.399690e-01 1.513610e-02 0.000000e+00
-1.481100e-01 7.568070e-03 0.000000e+00
-1.562500e-01 0.000000e+00 0.000000e+00
-1.240160e-01 2.270420e-02 0.000000e+00
-1.321570e-01 1.513610e-02 0.000000e+00
-1.402970e-01 7.568070e-03 0.000000e+00
-1.484370e-01 0.000000e+00 0.000000e+00
-1.243440e-01 1.513610e-02 0.000000e+00
-1.324850e-01 7.568070e-03 0.000000e+00
-1.406250e-01 0.000000e+00 0.000000e+00
-1.246720e-01 7.568070e-03 0.000000e+00
-1.328120e-01 0.000000e+00 0.000000e+00
-1.250000e-01 0.000000e+00 0.000000e+00
-2.187500e-01 0.000000e+00 0.000000e+00
-2.109370e-01 0.000000e+00 0.000000e+00
-2.031250e-01 0.000000e+00 0.000000e+00
-1.953120e-01 0.000000e+00 0.000000e+00
-1.875000e-01 0.000000e+00 0.000000e+00
-2.187500e-01 8.736080e-03 0.000000e+00
-2.109370e-01 8.736080e-03 0.000000e+00
-2.031250e-01 8.736080e-03 0.000000e+00
-1.953120e-01 8.736080e-03 0.000000e+00
-2.187500e-01 1.747220e-02 0.000000e+00
-2.109370e-01 1.747220e-02 0.000000e+00
-2.031250e-01 1.747220e-02 0.000000e+00
-2.187500e-01 2.620820e-02 0.000000e+00
-2.109370e-01 2.620820e-02 0.000000e+00
-2.187500e-01 3.494430e-02 0.000000e+00
-2.187500e-01 0.000000e+00 0.000000e+00
-2.265620e-01 0.000000e+00 0.000000e+00
-2.343750e-01 0.000000e+00 0.000000e+00
-2.421870e-01 0.000000e+00 0.000000e+00
-2.500000e-01 0.000000e+00 0.000000e+00
-2.268090e-01 -7.648190e-03 0.000000e+00
-2.346210e-01 -7.648190e-03 0.000000e+00
-2.424340e-01 -7.648190e-03 0.000000e+00
-2.502460e-01 -7.648190e-03 0.000000e+00
-2.348680e-01 -1.529640e-02 0.000000e+00
-2.426800e-01 -1.529640e-02 0.000000e+00
-2.504930e-01 -1.529640e-02 0.000000e+00
-2.429270e-01 -2.294460e-02 0.000000e+00
-2.507390e-01 -2.294460e-02 0.000000e+00
-2.509860e-01 -3.059280e-02 0.000000e+00
-1.875000e-01 0.000000e+00 0.000000e+00
-1.953120e-01 0.000000e+00 0.000000e+00
-2.031250e-01 0.000000e+00 0.000000e+00
-2.109370e-01 0.000000e+00 0.000000e+00
-2.187500e-01 0.000000e+00 0.000000e+00
-1.950280e-01 -7.758470e-03 0.000000e+00
-2.028400e-01 -7.758470e-03 0.000000e+00
-2.106530e-01 -7.758470e-03 0.000000e+00
-2.184650e-01 -7.758470e-03 0.000000e+00
-2.025550e-01 -1.551690e-02 0.000000e+00
-2.103680e-01 -1.551690e-02 0.000000e+00
-2.181800e-01 -1.551690e-02 0.000000e+00
-2.100830e-01 -2.327540e-02 0.000000e+00
-2.178950e-01 -2.327540e-02 0.000000e+00
-2.176100e-01 -3.103390e-02 0.000000e+00
-1.562500e-01 0.000000e+00 0.000000e+00
-1.640620e-01 -1.734720e-18 0.000000e+00
-1.718750e-01 0.000000e+00 0.000000e+00
-1.796870e-01 0.000000e+00 0.000000e+00
-1.875000e-01 0.000000e+00 0.000000e+00
-1.580230e-01 -7.064940e-03 0.000000e+00
-1.658350e-01 -7.064940e-03 0.000000e+00
-1.736480e-01 -7.064940e-03 0.000000e+00
-1.814600e-01 -7.064940e-03 0.000000e+00
-1.597960e-01 -1.412990e-02 0.000000e+00
-1.676080e-01 -1.412990e-02 0.000000e+00
-1.754210e-01 -1.412990e-02 0.000000e+00
-1.615680e-01 -2.119480e-02 0.000000e+00
-1.693810e-01 -2.119480e-02 0.000000e+00
-1.633410e-01 -2.825980e-02 0.000000e+00
-9.375000e-02 0.000000e+00 0.000000e+00
-1.015620e-01 0.000000e+00 0.000000e+00
-1.093750e-01 0.000000e+00 0.000000e+00
-1.171870e-01 0.000000e+00 0.000000e+00
-1.250000e-01 0.000000e+00 0.000000e+00
-9.440620e-02 -1.027050e-02 0.000000e+00
-1.022190e-01 -1.027050e-02 0.000000e+00
-1.100310e-01 -1.027050e-02 0.000000e+00
-1.178440e-01 -1.027050e-02 0.000000e+00
-9.506250e-02 -2.054100e-02 0.000000e+00
-1.028750e-01 -2.054100e-02 0.000000e+00
-1.106870e-01 -2.054100e-02 0.000000e+00
-9.571870e-02 -3.081150e-02 0.000000e+00
-1.035310e-01 -3.081150e-02 0.000000e+00
-9.637500e-02 -4.108210e-02 0.000000e+00
-3.125000e-02 0.000000e+00 0.000000e+00
-3.515620e-02 8.577350e-03 0.000000e+00
-3.906250e-02 1.715470e-02 0.000000e+00
-4.296870e-02 2.573210e-02 0.000000e+00
-4.687500e-02 3.430940e-02 0.000000e+00
-3.906250e-02 0.000000e+00 0.000000e+00
-4.296870e-02 8.577350e-03 0.000000e+00
-4.687500e-02 1.715470e-02 0.000000e+00
-5.078120e-02 2.573210e-02 0.000000e+00
-4.687500e-02 0.000000e+00 0.000000e+00
-5.078120e-02 8.577350e-03 0.000000e+00
-5.468750e-02 1.715470e-02 0.000000e+00
-5.468750e-02 0.000000e+00 0.000000e+00
-5.859370e-02 8.577350e-03 0.000000e+00
-6.250000e-02 0.000000e+00 0.000000e+00
1.221250e-15 0.000000e+00 0.000000e+00
-4.444200e-04 -7.816300e-03 0.000000e+00
-8.888410e-04 -1.563260e-02 0.000000e+00
-1.333260e-03 -2.344890e-02 0.000000e+00
-1.777680e-03 -3.126520e-02 0.000000e+00
7.812500e-03 0.000000e+00 0.000000e+00
7.368080e-03 -7.816300e-03 0.000000e+00
6.923660e-03 -1.563260e-02 0.000000e+00
6.479240e-03 -2.344890e-02 0.000000e+00
1.562500e-02 0.000000e+00 0.000000e+00
1.518060e-02 -7.816300e-03 0.000000e+00
1.473620e-02 -1.563260e-02 0.000000e+00
2.343750e-02 0.000000e+00 0.000000e+00
2.299310e-02 -7.816300e-03 0.000000e+00
3.125000e-02 0.000000e+00 0.000000e+00
-3.307110e-02 -3.008280e-02 0.000000e+00
-3.261580e-02 -2.256210e-02 0.000000e+00
-3.216050e-02 -1.504140e-02 0.000000e+00
-3.170530e-02 -7.520710e-03 0.000000e+00
-3.125000e-02 0.000000e+00 0.000000e+00
-4.042830e-02 -2.256210e-02 0.000000e+00
-3.997300e-02 -1.504140e-02 0.000000e+00
-3.951780e-02 -7.520710e-03 0.000000e+00
-3.906250e-02 -1.734720e-18 0.000000e+00
-4.778550e-02 -1.504140e-02 0.000000e+00
-4.733030e-02 -7.520710e-03 0.000000e+00
-4.687500e-02 0.000000e+00 0.000000e+00
-5.514280e-02 -7.520710e-03 0.000000e+00
-5.468750e-02 0.000000e+00 0.000000e+00
-6.250000e-02 0.000000e+00 0.000000e+00
1.221250e-15 0.000000e+00 0.000000e+00
-3.906250e-03 1.384940e-02 0.000000e+00
-7.812500e-03 2.769880e-02 0.000000e+00
-1.171870e-02 4.154820e-02 0.000000e+00
-1.562500e-02 5.539760e-02 0.000000e+00
-7.812500e-03 0.000000e+00 0.000000e+00
-1.171870e-02 1.384940e-02 0.000000e+00
-1.562500e-02 2.769880e-02 0.000000e+00
-1.953120e-02 4.154820e-02 0.000000e+00
-1.562500e-02 0.000000e+00 0.000000e+00
-1.953120e-02 1.384940e-02 0.000000e+00
-2.343750e-02 2.769880e-02 0.000000e+00
-2.343750e-02 1.734720e-18 0.000000e+00
-2.734370e-02 1.384940e-02 0.000000e+00
-3.125000e-02 0.000000e+00 0.000000e+00
1.562500e-02 2.910460e-02 0.000000e+00
1.171880e-02 2.182840e-02 0.000000e+00
7.812500e-03 1.455230e-02 0.000000e+00
3.906250e-03 7.276140e-03 0.000000e+00
1.221250e-15 0.000000e+00 0.000000e+00
1.953130e-02 2.182840e-02 0.000000e+00
1.562500e-02 1.455230e-02 0.000000e+00
1.171880e-02 7.276140e-03 0.000000e+00
7.812500e-03 1.734720e-18 0.000000e+00
2.343750e-02 1.455230e-02 0.000000e+00
1.953130e-02 7.276140e-03 0.000000e+00
1.562500e-02 0.000000e+00 0.000000e+00
2.734380e-02 7.276140e-03 0.000000e+00
2.343750e-02 0.000000e+00 0.000000e+00
3.125000e-02 0.000000e+00 0.000000e+00
-2.500000e-01 0.000000e+00 0.000000e+00
-2.421870e-01 -8.673620e-19 0.000000e+00
-2.343750e-01 0.000000e+00 0.000000e+00
-2.265620e-01 0.000000e+00 0.000000e+00
-2.187500e-01 0.000000e+00 0.000000e+00
-2.496720e-01 7.568070e-03 0.000000e+00
-2.418600e-01 7.568070e-03 0.000000e+00
-2.340470e-01 7.568070e-03 0.000000e+00
-2.262350e-01 7.568070e-03 0.000000e+00
-2.493440e-01 1.513610e-02 0.000000e+00
-2.415320e-01 1.513610e-02 0.000000e+00
-2.337190e-01 1.513610e-02 0.000000e+00
-2.490160e-01 2.270420e-02 0.000000e+00
-2.412040e-01 2.270420e-02 0.000000e+00
-2.486880e-01 3.027230e-02 0.000000e+00
-9.375000e-02 0.000000e+00 0.000000e+00
-8.593750e-02 1.734720e-18 0.000000e+00
-7.812500e-02 0.000000e+00 0.000000e+00
-7.031250e-02 0.000000e+00 0.000000e+00
-6.250000e-02 0.000000e+00 0.000000e+00
-9.375000e-02 8.736080e-03 0.000000e+00
-8.593750e-02 8.736080e-03 0.000000e+00
-7.812500e-02 8.736080e-03 0.000000e+00
-7.031250e-02 8.736080e-03 0.000000e+00
-9.375000e-02 1.747220e-02 0.000000e+00
-8.593750e-02 1.747220e-02 0.000000e+00
-7.812500e-02 1.747220e-02 0.000000e+00
-9.375000e-02 2.620820e-02 0.000000e+00
-8.593750e-02 2.620820e-02 0.000000e+00
-9.375000e-02 3.494430e-02 0.000000e+00
2.187500e-01 0.000000e+00 0.000000e+00
2.109380e-01 1.734720e-18 0.000000e+00
2.031250e-01 0.000000e+00 0.000000e+00
1.953130e-01 0.000000e+00 0.000000e+00
1.875000e-01 0.000000e+00 0.000000e+00
2.187500e-01 -8.828590e-03 0.000000e+00
2.109380e-01 -8.828590e-03 0.000000e+00
2.031250e-01 -8.828590e-03 0.000000e+00
1.953130e-01 -8.828590e-03 0.000000e+00
2.187500e-01 -1.765720e-02 0.000000e+00
2.109380e-01 -1.765720e-02 0.000000e+00
2.031250e-01 -1.765720e-02 0.000000e+00
2.187500e-01 -2.648580e-02 0.000000e+00
2.109380e-01 -2.648580e-02 0.000000e+00
2.187500e-01 -3.531440e-02 0.000000e+00
3.125000e-02 0.000000e+00 0.000000e+00
3.906250e-02 -1.734720e-18 0.000000e+00
4.687500e-02 0.000000e+00 0.000000e+00
5.468750e-02 0.000000e+00 0.000000e+00
6.250000e-02 0.000000e+00 0.000000e+00
3.515630e-02 9.953070e-03 0.000000e+00
4.296880e-02 9.953070e-03 0.000000e+00
5.078130e-02 9.953070e-03 0.000000e+00
5.859380e-02 9.953070e-03 0.000000e+00
3.906250e-02 1.990610e-02 0.000000e+00
4.687500e-02 1.990610e-02 0.000000e+00
5.468750e-02 1.990610e-02 0.000000e+00
4.296880e-02 2.985920e-02 0.000000e+00
5.078130e-02 2.985920e-02 0.000000e+00
4.687500e-02 3.981230e-02 0.000000e+00
1.250000e-01 0.000000e+00 0.000000e+00
1.171880e-01 8.809220e-03 0.000000e+00
1.093750e-01 1.761840e-02 0.000000e+00
1.015630e-01 2.642770e-02 0.000000e+00
9.375000e-02 3.523690e-02 0.000000e+00
1.171880e-01 0.000000e+00 0.000000e+00
1.093750e-01 8.809220e-03 0.000000e+00
1.015630e-01 1.761840e-02 0.000000e+00
9.375000e-02 2.642770e-02 0.000000e+00
1.093750e-01 0.000000e+00 0.000000e+00
1.015630e-01 8.809220e-03 0.000000e+00
9.375000e-02 1.761840e-02 0.000000e+00
1.015630e-01 0.000000e+00 0.000000e+00
9.375000e-02 8.809220e-03 0.000000e+00
9.375000e-02 0.000000e+00 0.000000e+00
1.875000e-01 0.000000e+00 0.000000e+00
1.796880e-01 8.673620e-19 0.000000e+00
1.718750e-01 0.000000e+00 0.000000e+00
1.640630e-01 0.000000e+00 0.000000e+00
1.562500e-01 0.000000e+00 0.000000e+00
1.835940e-01 -7.544040e-03 0.000000e+00
1.757810e-01 -7.544040e-03 0.000000e+00
1.679690e-01 -7.544040e-03 0.000000e+00
1.601560e-01 -7.544040e-03 0.000000e+00
1.796880e-01 -1.508810e-02 0.000000e+00
1.718750e-01 -1.508810e-02 0.000000e+00
1.640630e-01 -1.508810e-02 0.000000e+00
1.757810e-01 -2.263210e-02 0.000000e+00
1.679690e-01 -2.263210e-02 0.000000e+00
1.718750e-01 -3.017620e-02 0.000000e+00
2.187500e-01 0.000000e+00 0.000000e+00
2.187500e-01 -8.828590e-03 0.000000e+00
2.187500e-01 -1.765720e-02 0.000000e+00
2.187500e-01 -2.648580e-02 0.000000e+00
2.187500e-01 -3.531440e-02 0.000000e+00
2.265630e-01 0.000000e+00 0.000000e+00
2.265630e-01 -8.828590e-03 0.000000e+00
2.265630e-01 -1.765720e-02 0.000000e+00
2.265630e-01 -2.648580e-02 0.000000e+00
2.343750e-01 0.000000e+00 0.000000e+00
2.343750e-01 -8.828590e-03 0.000000e+00
2.343750e-01 -1.765720e-02 0.000000e+00
2.421880e-01 1.734720e-18 0.000000e+00
2.421880e-01 -8.828590e-03 0.000000e+00
2.500000e-01 0.000000e+00 0.000000e+00
9.276000e-02 -3.458930e-02 0.000000e+00
1.008200e-01 -2.594200e-02 0.000000e+00
1.088800e-01 -1.729470e-02 0.000000e+00
1.169400e-01 -8.647330e-03 0.000000e+00
1.250000e-01 0.000000e+00 0.000000e+00
9.300750e-02 -2.594200e-02 0.000000e+00
1.010670e-01 -1.729470e-02 0.000000e+00
1.091270e-01 -8.647330e-03 0.000000e+00
1.171880e-01 -1.734720e-18 0.000000e+00
9.325500e-02 -1.729470e-02 0.000000e+00
1.013150e-01 -8.647330e-03 0.000000e+00
1.093750e-01 0.000000e+00 0.000000e+00
9.350250e-02 -8.647330e-03 0.000000e+00
1.015630e-01 0.000000e+00 0.000000e+00
9.375000e-02 0.000000e+00 0.000000e+00
1.250000e-01 0.000000e+00 0.000000e+00
1.328130e-01 -1.734720e-18 0.000000e+00
1.406250e-01 0.000000e+00 0.000000e+00
1.484380e-01 0.000000e+00 0.000000e+00
1.562500e-01 0.000000e+00 0.000000e+00
1.260610e-01 1.194840e-02 0.000000e+00
1.338740e-01 1.194840e-02 0.000000e+00
1.416860e-01 1.194840e-02 0.000000e+00
1.494990e-01 1.194840e-02 0.000000e+00
1.271230e-01 2.389680e-02 0.000000e+00
1.349350e-01 2.389680e-02 0.000000e+00
1.427480e-01 2.389680e-02 0.000000e+00
1.281840e-01 3.584520e-02 0.000000e+00
1.359970e-01 3.584520e-02 0.000000e+00
1.292450e-01 4.779360e-02 0.000000e+00
1.875000e-01 0.000000e+00 0.000000e+00
1.850750e-01 8.885060e-03 0.000000e+00
1.826500e-01 1.777010e-02 0.000000e+00
1.802260e-01 2.665520e-02 0.000000e+00
1.778010e-01 3.554020e-02 0.000000e+00
1.796880e-01 0.000000e+00 0.000000e+00
1.772630e-01 8.885060e-03 0.000000e+00
1.748380e-01 1.777010e-02 0.000000e+00
1.724130e-01 2.665520e-02 0.000000e+00
1.718750e-01 0.000000e+00 0.000000e+00
1.694500e-01 8.885060e-03 0.000000e+00
1.670250e-01 1.777010e-02 0.000000e+00
1.640630e-01 0.000000e+00 0.000000e+00
1.616380e-01 8.885060e-03 0.000000e+00
1.562500e-01 0.000000e+00 0.000000e+00
1.562500e-01 0.000000e+00 0.000000e+00
1.484380e-01 -1.734720e-18 0.000000e+00
1.406250e-01 0.000000e+00 0.000000e+00
1.328130e-01 0.000000e+00 0.000000e+00
1.250000e-01 0.000000e+00 0.000000e+00
1.523440e-01 -1.088110e-02 0.000000e+00
1.445310e-01 -1.088110e-02 0.000000e+00
1.367190e-01 -1.088110e-02 0.000000e+00
1.289060e-01 -1.088110e-02 0.000000e+00
1.484380e-01 -2.176230e-02 0.000000e+00
1.406250e-01 -2.176230e-02 0.000000e+00
1.328130e-01 -2.176230e-02 0.000000e+00
1.445310e-01 -3.264340e-02 0.000000e+00
1.367190e-01 -3.264340e-02 0.000000e+00
1.406250e-01 -4.352450e-02 0.000000e+00
2.180120e-01 3.315470e-02 0.000000e+00
2.103840e-01 2.486600e-02 0.000000e+00
2.027560e-01 1.657730e-02 0.000000e+00
1.951280e-01 8.288670e-03 0.000000e+00
1.875000e-01 0.000000e+00 0.000000e+00
2.181960e-01 2.486600e-02 0.000000e+00
2.105680e-01 1.657730e-02 0.000000e+00
2.029400e-01 8.288670e-03 0.000000e+00
1.953130e-01 -1.734720e-18 0.000000e+00
2.183810e-01 1.657730e-02 0.000000e+00
2.107530e-01 8.288670e-03 0.000000e+00
2.031250e-01 0.000000e+00 0.000000e+00
2.185650e-01 8.288670e-03 0.000000e+00
2.109380e-01 0.000000e+00 0.000000e+00
2.187500e-01 0.000000e+00 0.000000e+00
3.437500e-01 0.000000e+00 0.000000e+00
3.359380e-01 0.000000e+00 0.000000e+00
3.281250e-01 0.000000e+00 0.000000e+00
3.203130e-01 0.000000e+00 0.000000e+00
3.125000e-01 0.000000e+00 0.000000e+00
3.437500e-01 -8.931420e-03 0.000000e+00
3.359380e-01 -8.931420e-03 0.000000e+00
3.281250e-01 -8.931420e-03 0.000000e+00
3.203130e-01 -8.931420e-03 0.000000e+00
3.437500e-01 -1.786280e-02 0.000000e+00
3.359380e-01 -1.786280e-02 0.000000e+00
3.281250e-01 -1.786280e-02 0.000000e+00
3.437500e-01 -2.679430e-02 0.000000e+00
3.359380e-01 -2.679430e-02 0.000000e+00
3.437500e-01 -3.572570e-02 0.000000e+00
2.968750e-01 -2.826770e-02 0.000000e+00
3.007810e-01 -2.120080e-02 0.000000e+00
3.046880e-01 -1.413380e-02 0.000000e+00
3.085940e-01 -7.066920e-03 0.000000e+00
3.125000e-01 0.000000e+00 0.000000e+00
2.929690e-01 -2.120080e-02 0.000000e+00
2.968750e-01 -1.413380e-02 0.000000e+00
3.007810e-01 -7.066920e-03 0.000000e+00
3.046880e-01 0.000000e+00 0.000000e+00
2.890630e-01 -1.413380e-02 0.000000e+00
2.929690e-01 -7.066920e-03 0.000000e+00
2.968750e-01 0.000000e+00 0.000000e+00
2.851560e-01 -7.066920e-03 0.000000e+00
2.890630e-01 0.000000e+00 0.000000e+00
2.812500e-01 0.000000e+00 0.000000e+00
2.187500e-01 0.000000e+00 0.000000e+00
2.265630e-01 -1.734720e-18 0.000000e+00
2.343750e-01 0.000000e+00 0.000000e+00
2.421880e-01 0.000000e+00 0.000000e+00
2.500000e-01 0.000000e+00 0.000000e+00
2.185650e-01 8.288670e-03 0.000000e+00
2.263780e-01 8.288670e-03 0.000000e+00
2.341900e-01 8.288670e-03 0.000000e+00
2.420030e-01 8.288670e-03 0.000000e+00
2.183810e-01 1.657730e-02 0.000000e+00
2.261930e-01 1.657730e-02 0.000000e+00
2.340060e-01 1.657730e-02 0.000000e+00
2.181960e-01 2.486600e-02 0.000000e+00
2.260090e-01 2.486600e-02 0.000000e+00
2.180120e-01 3.315470e-02 0.000000e+00
2.812500e-01 0.000000e+00 0.000000e+00
2.734380e-01 -1.734720e-18 0.000000e+00
2.656250e-01 0.000000e+00 0.000000e+00
2.578130e-01 0.000000e+00 0.000000e+00
2.500000e-01 0.000000e+00 0.000000e+00
2.773440e-01 -9.107760e-03 0.000000e+00
2.695310e-01 -9.107760e-03 0.000000e+00
2.617190e-01 -9.107760e-03 0.000000e+00
2.539060e-01 -9.107760e-03 0.000000e+00
2.734380e-01 -1.821550e-02 0.000000e+00
2.656250e-01 -1.821550e-02 0.000000e+00
2.578130e-01 -1.821550e-02 0.000000e+00
2.695310e-01 -2.732330e-02 0.000000e+00
2.617190e-01 -2.732330e-02 0.000000e+00
2.656250e-01 -3.643110e-02 0.000000e+00
2.812500e-01 0.000000e+00 0.000000e+00
2.737300e-01 8.180470e-03 0.000000e+00
2.662110e-01 1.636090e-02 0.000000e+00
2.586910e-01 2.454140e-02 0.000000e+00
2.511720e-01 3.272190e-02 0.000000e+00
2.734380e-01 0.000000e+00 0.000000e+00
2.659180e-01 8.180470e-03 0.000000e+00
2.583980e-01 1.636090e-02 0.000000e+00
2.508790e-01 2.454140e-02 0.000000e+00
2.656250e-01 0.000000e+00 0.000000e+00
2.581050e-01 8.180470e-03 0.000000e+00
2.505860e-01 1.636090e-02 0.000000e+00
2.578130e-01 -1.734720e-18 0.000000e+00
2.502930e-01 8.180470e-03 0.000000e+00
2.500000e-01 0.000000e+00 0.000000e+00
2.887870e-01 3.711290e-02 0.000000e+00
2.869030e-01 2.783470e-02 0.000000e+00
2.850180e-01 1.855650e-02 0.000000e+00
2.831340e-01 9.278240e-03 0.000000e+00
2.812500e-01 0.000000e+00 0.000000e+00
2.947150e-01 2.783470e-02 0.000000e+00
2.928310e-01 1.855650e-02 0.000000e+00
2.909470e-01 9.278240e-03 0.000000e+00
2.890630e-01 1.734720e-18 0.000000e+00
3.006430e-01 1.855650e-02 0.000000e+00
2.987590e-01 9.278240e-03 0.000000e+00
2.968750e-01 0.000000e+00 0.000000e+00
3.065720e-01 9.278240e-03 0.000000e+00
3.046880e-01 0.000000e+00 0.000000e+00
3.125000e-01 0.000000e+00 0.000000e+00
3.437500e-01 0.000000e+00 0.000000e+00
3.437500e-01 1.152480e-02 0.000000e+00
3.437500e-01 2.304960e-02 0.000000e+00
3.437500e-01 3.457430e-02 0.000000e+00
3.437500e-01 4.609910e-02 0.000000e+00
3.359380e-01 0.000000e+00 0.000000e+00
3.359380e-01 1.152480e-02 0.000000e+00
3.359380e-01 2.304960e-02 0.000000e+00
3.359380e-01 3.457430e-02 0.000000e+00
3.281250e-01 0.000000e+00 0.000000e+00
3.281250e-01 1.152480e-02 0.000000e+00
3.281250e-01 2.304960e-02 0.000000e+00
3.203130e-01 -1.734720e-18 0.000000e+00
3.203130e-01 1.152480e-02 0.000000e+00
3.125000e-01 0.000000e+00 0.000000e+00
4.687500e-01 -3.541300e-02 0.000000e+00
4.687500e-01 -2.655980e-02 0.000000e+00
4.687500e-01 -1.770650e-02 0.000000e+00
4.687500e-01 -8.853260e-03 0.000000e+00
4.687500e-01 0.000000e+00 0.000000e+00
4.609380e-01 -2.655980e-02 0.000000e+00
4.609380e-01 -1.770650e-02 0.000000e+00
4.609380e-01 -8.853260e-03 0.000000e+00
4.609380e-01 1.734720e-18 0.000000e+00
4.531250e-01 -1.770650e-02 0.000000e+00
4.531250e-01 -8.853260e-03 0.000000e+00
4.531250e-01 0.000000e+00 0.000000e+00
4.453130e-01 -8.853260e-03 0.000000e+00
4.453130e-01 0.000000e+00 0.000000e+00
4.375000e-01 0.000000e+00 0.000000e+00
4.062500e-01 0.000000e+00 0.000000e+00
3.984380e-01 0.000000e+00 0.000000e+00
3.906250e-01 0.000000e+00 0.000000e+00
3.828130e-01 0.000000e+00 0.000000e+00
3.750000e-01 0.000000e+00 0.000000e+00
3.976900e-01 -7.228680e-03 0.000000e+00
3.898770e-01 -7.228680e-03 0.000000e+00
3.820650e-01 -7.228680e-03 0.000000e+00
3.742520e-01 -7.228680e-03 0.000000e+00
3.891300e-01 -1.445740e-02 0.000000e+00
3.813170e-01 -1.445740e-02 0.000000e+00
3.735050e-01 -1.445740e-02 0.000000e+00
3.805700e-01 -2.168600e-02 0.000000e+00
3.727570e-01 -2.168600e-02 0.000000e+00
3.720100e-01 -2.891470e-02 0.000000e+00
3.750000e-01 0.000000e+00 0.000000e+00
3.828130e-01 0.000000e+00 0.000000e+00
3.906250e-01 0.000000e+00 0.000000e+00
3.984380e-01 0.000000e+00 0.000000e+00
4.062500e-01 0.000000e+00 0.000000e+00
3.789060e-01 8.577350e-03 0.000000e+00
3.867190e-01 8.577350e-03 0.000000e+00
3.945310e-01 8.577350e-03 0.000000e+00
4.023440e-01 8.577350e-03 0.000000e+00
3.828130e-01 1.715470e-02 0.000000e+00
3.906250e-01 1.715470e-02 0.000000e+00
3.984380e-01 1.715470e-02 0.000000e+00
3.867190e-01 2.573210e-02 0.000000e+00
3.945310e-01 2.573210e-02 0.000000e+00
3.906250e-01 3.430940e-02 0.000000e+00
-1.250000e-01 0.000000e+00 0.000000e+00
-1.171870e-01 0.000000e+00 0.000000e+00
-1.093750e-01 0.000000e+00 0.000000e+00
-1.015620e-01 0.000000e+00 0.000000e+00
-9.375000e-02 0.000000e+00 0.000000e+00
-1.246720e-01 7.568070e-03 0.000000e+00
-1.168600e-01 7.568070e-03 0.000000e+00
-1.090470e-01 7.568070e-03 0.000000e+00
-1.012350e-01 7.568070e-03 0.000000e+00
-1.243440e-01 1.513610e-02 0.000000e+00
-1.165320e-01 1.513610e-02 0.000000e+00
-1.087190e-01 1.513610e-02 0.000000e+00
-1.240160e-01 2.270420e-02 0.000000e+00
-1.162040e-01 2.270420e-02 0.000000e+00
-1.236880e-01 3.027230e-02 0.000000e+00
9.375000e-02 0.000000e+00 0.000000e+00
9.375000e-02 8.809220e-03 0.000000e+00
9.375000e-02 1.761840e-02 0.000000e+00
9.375000e-02 2.642770e-02 0.000000e+00
9.375000e-02 3.523690e-02 0.000000e+00
8.593750e-02 0.000000e+00 0.000000e+00
8.593750e-02 8.809220e-03 0.000000e+00
8.593750e-02 1.761840e-02 0.000000e+00
8.593750e-02 2.642770e-02 0.000000e+00
7.812500e-02 0.000000e+00 0.000000e+00
7.812500e-02 8.809220e-03 0.000000e+00
7.812500e-02 1.761840e-02 0.000000e+00
7.031250e-02 0.000000e+00 0.000000e+00
7.031250e-02 8.809220e-03 0.000000e+00
6.250000e-02 0.000000e+00 0.000000e+00
9.375000e-02 0.000000e+00 0.000000e+00
8.593750e-02 -1.734720e-18 0.000000e+00
7.812500e-02 0.000000e+00 0.000000e+00
7.031250e-02 0.000000e+00 0.000000e+00
6.250000e-02 0.000000e+00 0.000000e+00
9.350250e-02 -8.647330e-03 0.000000e+00
8.569000e-02 -8.647330e-03 0.000000e+00
7.787750e-02 -8.647330e-03 0.000000e+00
7.006500e-02 -8.647330e-03 0.000000e+00
9.325500e-02 -1.729470e-02 0.000000e+00
8.544250e-02 -1.729470e-02 0.000000e+00
7.763000e-02 -1.729470e-02 0.000000e+00
9.300750e-02 -2.594200e-02 0.000000e+00
8.519500e-02 -2.594200e-02 0.000000e+00
9.276000e-02 -3.458930e-02 0.000000e+00
3.437500e-01 0.000000e+00 0.000000e+00
3.515630e-01 -1.734720e-18 0.000000e+00
3.593750e-01 0.000000e+00 0.000000e+00
3.671880e-01 0.000000e+00 0.000000e+00
3.750000e-01 0.000000e+00 0.000000e+00
3.437500e-01 1.152480e-02 0.000000e+00
3.515630e-01 1.152480e-02 0.000000e+00
3.593750e-01 1.152480e-02 0.000000e+00
3.671880e-01 1.152480e-02 0.000000e+00
3.437500e-01 2.304960e-02 0.000000e+00
3.515630e-01 2.304960e-02 0.000000e+00
3.593750e-01 2.304960e-02 0.000000e+00
3.437500e-01 3.457430e-02 0.000000e+00
3.515630e-01 3.457430e-02 0.000000e+00
3.437500e-01 4.609910e-02 0.000000e+00
4.218750e-01 -2.963560e-02 0.000000e+00
4.257810e-01 -2.222670e-02 0.000000e+00
4.296880e-01 -1.481780e-02 0.000000e+00
4.335940e-01 -7.408890e-03 0.000000e+00
4.375000e-01 0.000000e+00 0.000000e+00
4.179690e-01 -2.222670e-02 0.000000e+00
4.218750e-01 -1.481780e-02 0.000000e+00
4.257810e-01 -7.408890e-03 0.000000e+00
4.296880e-01 8.673620e-19 0.000000e+00
4.140630e-01 -1.481780e-02 0.000000e+00
4.179690e-01 -7.408890e-03 0.000000e+00
4.218750e-01 0.000000e+00 0.000000e+00
4.101560e-01 -7.408890e-03 0.000000e+00
4.140630e-01 0.000000e+00 0.000000e+00
4.062500e-01 0.000000e+00 0.000000e+00
4.375000e-01 0.000000e+00 0.000000e+00
4.453130e-01 0.000000e+00 0.000000e+00
4.531250e-01 0.000000e+00 0.000000e+00
4.609380e-01 0.000000e+00 0.000000e+00
4.687500e-01 0.000000e+00 0.000000e+00
4.414060e-01 8.577350e-03 0.000000e+00
4.492190e-01 8.577350e-03 0.000000e+00
4.570310e-01 8.577350e-03 0.000000e+00
4.648440e-01 8.577350e-03 0.000000e+00
4.453130e-01 1.715470e-02 0.000000e+00
4.531250e-01 1.715470e-02 0.000000e+00
4.609380e-01 1.715470e-02 0.000000e+00
4.492190e-01 2.573210e-02 0.000000e+00
4.570310e-01 2.573210e-02 0.000000e+00
4.531250e-01 3.430940e-02 0.000000e+00
4.218750e-01 5.539760e-02 0.000000e+00
4.179690e-01 4.154820e-02 0.000000e+00
4.140630e-01 2.769880e-02 0.000000e+00
4.101560e-01 1.384940e-02 0.000000e+00
4.062500e-01 0.000000e+00 0.000000e+00
4.257810e-01 4.154820e-02 0.000000e+00
4.218750e-01 2.769880e-02 0.000000e+00
4.179690e-01 1.384940e-02 0.000000e+00
4.140630e-01 0.000000e+00 0.000000e+00
4.296880e-01 2.769880e-02 0.000000e+00
4.257810e-01 1.384940e-02 0.000000e+00
4.218750e-01 0.000000e+00 0.000000e+00
4.335940e-01 1.384940e-02 0.000000e+00
4.296880e-01 0.000000e+00 0.000000e+00
4.375000e-01 0.000000e+00 0.000000e+00
4.843750e-01 2.782850e-02 0.000000e+00
4.804690e-01 2.087140e-02 0.000000e+00
4.765620e-01 1.391420e-02 0.000000e+00
4.726560e-01 6.957120e-03 0.000000e+00
4.687500e-01 0.000000e+00 0.000000e+00
4.882810e-01 2.087140e-02 0.000000e+00
4.843750e-01 1.391420e-02 0.000000e+00
4.804690e-01 6.957120e-03 0.000000e+00
4.765620e-01 -8.673620e-19 0.000000e+00
4.921880e-01 1.391420e-02 0.000000e+00
4.882810e-01 6.957120e-03 0.000000e+00
4.843750e-01 0.000000e+00 0.000000e+00
4.960940e-01 6.957120e-03 0.000000e+00
4.921880e-01 0.000000e+00 0.000000e+00
5.000000e-01 0.000000e+00 0.000000e+00
</DataArray>
</Points>
<Cells>
<DataArray type="Int32" Name="connectivity" format="ascii">
0 1 5 
1 6 5 
1 2 6 
2 7 6 
2 3 7 
3 8 7 
3 4 8 
5 6 9 
6 10 9 
6 7 10 
7 11 10 
7 8 11 
9 10 12 
10 13 12 
10 11 13 
12 13 14 
15 16 20 
16 21 20 
16 17 21 
17 22 21 
17 18 22 
18 23 22 
18 19 23 
20 21 24 
21 25 24 
21 22 25 
22 26 25 
22 23 26 
24 25 27 
25 28 27 
25 26 28 
27 28 29 
30 31 35 
31 36 35 
31 32 36 
32 37 36 
32 33 37 
33 38 37 
33 34 38 
35 36 39 
36 40 39 
36 37 40 
37 41 40 
37 38 41 
39 40 42 
40 43 42 
40 41 43 
42 43 44 
45 46 50 
46 51 50 
46 47 51 
47 52 51 
47 48 52 
48 53 52 
48 49 53 
50 51 54 
51 55 54 
51 52 55 
52 56 55 
52 53 56 
54 55 57 
55 58 57 
55 56 58 
57 58 59 
60 61 65 
61 66 65 
61 62 66 
62 67 66 
62 63 67 
63 68 67 
63 64 68 
65 66 69 
66 70 69 
66 67 70 
67 71 70 
67 68 71 
69 70 72 
70 73 72 
70 71 73 
72 73 74 
75 76 80 
76 81 80 
76 77 81 
77 82 81 
77 78 82 
78 83 82 
78 79 83 
80 81 84 
81 85 84 
81 82 85 
82 86 85 
82 83 86 
84 85 87 
85 88 87 
85 86 88 
87 88 89 
90 91 95 
91 96 95 
91 92 96 
92 97 96 
92 93 97 
93 98 97 
93 94 98 
95 96 99 
96 100 99 
96 97 100 
97 101 100 
97 98 101 
99 100 102 
100 103 102 
100 101 103 
102 103 104 
105 106 110 
106 111 110 
106 107 111 
107 112 111 
107 108 112 
108 113 112 
108 109 113 
110 111 114 
111 115 114 
111 112 115 
112 116 115 
112 113 116 
114 115 117 
115 118 117 
115 116 118 
117 118 119 
120 121 125 
121 126 125 
121 122 126 
122 127 126 
122 123 127 
123 128 127 
123 124 128 
125 126 129 
126 130 129 
126 127 130 
127 131 130 
127 128 131 
129 130 132 
130 133 132 
130 131 133 
132 133 134 
135 136 140 
136 141 140 
136 137 141 
137 142 141 
137 138 142 
138 143 142 
138 139 143 
140 141 144 
141 145 144 
141 142 145 
142 146 145 
142 143 146 
144 145 147 
145 148 147 
145 146 148 
147 148 149 
150 151 155 
151 156 155 
151 152 156 
152 157 156 
152 153 157 
153 158 157 
153 154 158 
155 156 159 
156 160 159 
156 157 160 
157 161 160 
157 158 161 
159 160 162 
160 163 162 
160 161 163 
162 163 164 
165 166 170 
166 171 170 
166 167 171 
167 172 171 
167 168 172 
168 173 172 
168 169 173 
170 171 174 
171 175 174 
171 172 175 
172 176 175 
172 173 176 
174 175 177 
175 178 177 
175 176 178 
177 178 179 
180 181 185 
181 186 185 
181 182 186 
182 187 186 
182 183 187 
183 188 187 
183 184 188 
185 186 189 
186 190 189 
186 187 190 
187 191 190 
187 188 191 
189 190 192 
190 193 192 
190 191 193 
192 193 194 
195 196 200 
196 201 200 
196 197 201 
197 202 201 
197 198 202 
198 203 202 
198 199 203 
200 201 204 
201 205 204 
201 202 205 
202 206 205 
202 203 206 
204 205 207 
205 208 207 
205 206 208 
207 208 209 
210 211 215 
211 216 215 
211 212 216 
212 217 216 
212 213 217 
213 218 217 
213 214 218 
215 216 219 
216 220 219 
216 217 220 
217 221 220 
217 218 221 
219 220 222 
220 223 222 
220 221 223 
222 223 224 
225 226 230 
226 231 230 
226 227 231 
227 232 231 
227 228 232 
228 233 232 
228 229 233 
230 231 234 
231 235 234 
231 232 235 
232 236 235 
232 233 236 
234 235 237 
235 238 237 
235 236 238 
237 238 239 
240 241 245 
241 246 245 
241 242 246 
242 247 246 
242 243 247 
243 248 247 
243 244 248 
245 246 249 
246 250 249 
246 247 250 
247 251 250 
247 248 251 
249 250 252 
250 253 252 
250 251 253 
252 253 254 
255 256 260 
256 261 260 
256 257 261 
257 262 261 
257 258 262 
258 263 262 
258 259 263 
260 261 264 
261 265 264 
261 262 265 
262 266 265 
262 263 266 
264 265 267 
265 268 267 
265 266 268 
267 268 269 
270 271 275 
271 276 275 
271 272 276 
272 277 276 
272 273 277 
273 278 277 
273 274 278 
275 276 279 
276 280 279 
276 277 280 
277 281 280 
277 278 281 
279 280 282 
280 283 282 
280 281 283 
282 283 284 
285 286 290 
286 291 290 
286 287 291 
287 292 291 
287 288 292 
288 293 292 
288 289 293 
290 291 294 
291 295 294 
291 292 295 
292 296 295 
292 293 296 
294 295 297 
295 298 297 
295 296 298 
297 298 299 
300 301 305 
301 306 305 
301 302 306 
302 307 306 
302 303 307 
303 308 307 
303 304 308 
305 306 309 
306 310 309 
306 307 310 
307 311 310 
307 308 311 
309 310 312 
310 313 312 
310 311 313 
312 313 314 
315 316 320 
316 321 320 
316 317 321 
317 322 321 
317 318 322 
318 323 322 
318 319 323 
320 321 324 
321 325 324 
321 322 325 
322 326 325 
322 323 326 
324 325 327 
325 328 327 
325 326 328 
327 328 329 
330 331 335 
331 336 335 
331 332 336 
332 337 336 
332 333 337 
333 338 337 
333 334 338 
335 336 339 
336 340 339 
336 337 340 
337 341 340 
337 338 341 
339 340 342 
340 343 342 
340 341 343 
342 343 344 
345 346 350 
346 351 350 
346 347 351 
347 352 351 
347 348 352 
348 353 352 
348 349 353 
350 351 354 
351 355 354 
351 352 355 
352 356 355 
352 353 356 
354 355 357 
355 358 357 
355 356 358 
357 358 359 
360 361 365 
361 366 365 
361 362 366 
362 367 366 
362 363 367 
363 368 367 
363 364 368 
365 366 369 
366 370 369 
366 367 370 
367 371 370 
367 368 371 
369 370 372 
370 373 372 
370 371 373 
372 373 374 
375 376 380 
376 381 380 
376 377 381 
377 382 381 
377 378 382 
378 383 382 
378 379 383 
380 381 384 
381 385 384 
381 382 385 
382 386 385 
382 383 386 
384 385 387 
385 388 387 
385 386 388 
387 388 389 
390 391 395 
391 396 395 
391 392 396 
392 397 396 
392 393 397 
393 398 397 
393 394 398 
395 396 399 
396 400 399 
396 397 400 
397 401 400 
397 398 401 
399 400 402 
400 403 402 
400 401 403 
402 403 404 
405 406 410 
406 411 410 
406 407 411 
407 412 411 
407 408 412 
408 413 412 
408 409 413 
410 411 414 
411 415 414 
411 412 415 
412 416 415 
412 413 416 
414 415 417 
415 418 417 
415 416 418 
417 418 419 
420 421 425 
421 426 425 
421 422 426 
422 427 426 
422 423 427 
423 428 427 
423 424 428 
425 426 429 
426 430 429 
426 427 430 
427 431 430 
427 428 431 
429 430 432 
430 433 432 
430 431 433 
432 433 434 
435 436 440 
436 441 440 
436 437 441 
437 442 441 
437 438 442 
438 443 442 
438 439 443 
440 441 444 
441 445 444 
441 442 445 
442 446 445 
442 443 446 
444 445 447 
445 448 447 
445 446 448 
447 448 449 
450 451 455 
451 456 455 
451 452 456 
452 457 456 
452 453 457 
453 458 457 
453 454 458 
455 456 459 
456 460 459 
456 457 460 
457 461 460 
457 458 461 
459 460 462 
460 463 462 
460 461 463 
462 463 464 
465 466 470 
466 471 470 
466 467 471 
467 472 471 
467 468 472 
468 473 472 
468 469 473 
470 471 474 
471 475 474 
471 472 475 
472 476 475 
472 473 476 
474 475 477 
475 478 477 
475 476 478 
477 478 479 
480 481 485 
481 486 485 
481 482 486 
482 487 486 
482 483 487 
483 488 487 
483 484 488 
485 486 489 
486 490 489 
486 487 490 
487 491 490 
487 488 491 
489 490 492 
490 493 492 
490 491 493 
492 493 494 
495 496 500 
496 501 500 
496 497 501 
497 502 501 
497 498 502 
498 503 502 
498 499 503 
500 501 504 
501 505 504 
501 502 505 
502 506 505 
502 503 506 
504 505 507 
505 508 507 
505 506 508 
507 508 509 
510 511 515 
511 516 515 
511 512 516 
512 517 516 
512 513 517 
513 518 517 
513 514 518 
515 516 519 
516 520 519 
516 517 520 
517 521 520 
517 518 521 
519 520 522 
520 523 522 
520 521 523 
522 523 524 
525 526 530 
526 531 530 
526 527 531 
527 532 531 
527 528 532 
528 533 532 
528 529 533 
530 531 534 
531 535 534 
531 532 535 
532 536 535 
532 533 536 
534 535 537 
535 538 537 
535 536 538 
537 538 539 
540 541 545 
541 546 545 
541 542 546 
542 547 546 
542 543 547 
543 548 547 
543 544 548 
545 546 549 
546 550 549 
546 547 550 
547 551 550 
547 548 551 
549 550 552 
550 553 552 
550 551 553 
552 553 554 
555 556 560 
556 561 560 
556 557 561 
557 562 561 
557 558 562 
558 563 562 
558 559 563 
560 561 564 
561 565 564 
561 562 565 
562 566 565 
562 563 566 
564 565 567 
565 568 567 
565 566 568 
567 568 569 
570 571 575 
571 576 575 
571 572 576 
572 577 576 
572 573 577 
573 578 577 
573 574 578 
575 576 579 
576 580 579 
576 577 580 
577 581 580 
577 578 581 
579 580 582 
580 583 582 
580 581 583 
582 583 584 
585 586 590 
586 591 590 
586 587 591 
587 592 591 
587 588 592 
588 593 592 
588 589 593 
590 591 594 
591 595 594 
591 592 595 
592 596 595 
592 593 596 
594 595 597 
595 598 597 
595 596 598 
597 598 599 
600 601 605 
601 606 605 
601 602 606 
602 607 606 
602 603 607 
603 608 607 
603 604 608 
605 606 609 
606 610 609 
606 607 610 
607 611 610 
607 608 611 
609 610 612 
610 613 612 
610 611 613 
612 613 614 
615 616 620 
616 621 620 
616 617 621 
617 622 621 
617 618 622 
618 623 622 
618 619 623 
620 621 624 
621 625 624 
621 622 625 
622 626 625 
622 623 626 
624 625 627 
625 628 627 
625 626 628 
627 628 629 
630 631 635 
631 636 635 
631 632 636 
632 637 636 
632 633 637 
633 638 637 
633 634 638 
635 636 639 
636 640 639 
636 637 640 
637 641 640 
637 638 641 
639 640 642 
640 643 642 
640 641 643 
642 643 644 
645 646 650 
646 651 650 
646 647 651 
647 652 651 
647 648 652 
648 653 652 
648 649 653 
650 651 654 
651 655 654 
651 652 655 
652 656 655 
652 653 656 
654 655 657 
655 658 657 
655 656 658 
657 658 659 
660 661 665 
661 666 665 
661 662 666 
662 667 666 
662 663 667 
663 668 667 
663 664 668 
665 666 669 
666 670 669 
666 667 670 
667 671 670 
667 668 671 
669 670 672 
670 673 672 
670 671 673 
672 673 674 
675 676 680 
676 681 680 
676 677 681 
677 682 681 
677 678 682 
678 683 682 
678 679 683 
680 681 684 
681 685 684 
681 682 685 
682 686 685 
682 683 686 
684 685 687 
685 688 687 
685 686 688 
687 688 689 
690 691 695 
691 696 695 
691 692 696 
692 697 696 
692 693 697 
693 698 697 
693 694 698 
695 696 699 
696 700 699 
696 697 700 
697 701 700 
697 698 701 
699 700 702 
700 703 702 
700 701 703 
702 703 704 
705 706 710 
706 711 710 
706 707 711 
707 712 711 
707 708 712 
708 713 712 
708 709 713 
710 711 714 
711 715 714 
711 712 715 
712 716 715 
712 713 716 
714 715 717 
715 718 717 
715 716 718 
717 718 719 
720 721 725 
721 726 725 
721 722 726 
722 727 726 
722 723 727 
723 728 727 
723 724 728 
725 726 729 
726 730 729 
726 727 730 
727 731 730 
727 728 731 
729 730 732 
730 733 732 
730 731 733 
732 733 734 
735 736 740 
736 741 740 
736 737 741 
737 742 741 
737 738 742 
738 743 742 
738 739 743 
740 741 744 
741 745 744 
741 742 745 
742 746 745 
742 743 746 
744 745 747 
745 748 747 
745 746 748 
747 748 749 
750 751 755 
751 756 755 
751 752 756 
752 757 756 
752 753 757 
753 758 757 
753 754 758 
755 756 759 
756 760 759 
756 757 760 
757 761 760 
757 758 761 
759 760 762 
760 763 762 
760 761 763 
762 763 764 
765 766 770 
766 771 770 
766 767 771 
767 772 771 
767 768 772 
768 773 772 
768 769 773 
770 771 774 
771 775 774 
771 772 775 
772 776 775 
772 773 776 
774 775 777 
775 778 777 
775 776 778 
777 778 779 
780 781 785 
781 786 785 
781 782 786 
782 787 786 
782 783 787 
783 788 787 
783 784 788 
785 786 789 
786 790 789 
786 787 790 
787 791 790 
787 788 791 
789 790 792 
790 793 792 
790 791 793 
792 793 794 
795 796 800 
796 801 800 
796 797 801 
797 802 801 
797 798 802 
798 803 802 
798 799 803 
800 801 804 
801 805 804 
801 802 805 
802 806 805 
802 803 806 
804 805 807 
805 808 807 
805 806 808 
807 808 809 
810 811 815 
811 816 815 
811 812 816 
812 817 816 
812 813 817 
813 818 817 
813 814 818 
815 816 819 
816 820 819 
816 817 820 
817 821 820 
817 818 821 
819 820 822 
820 823 822 
820 821 823 
822 823 824 
825 826 830 
826 831 830 
826 827 831 
827 832 831 
827 828 832 
828 833 832 
828 829 833 
830 831 834 
831 835 834 
831 832 835 
832 836 835 
832 833 836 
834 835 837 
835 838 837 
835 836 838 
837 838 839 
840 841 845 
841 846 845 
841 842 846 
842 847 846 
842 843 847 
843 848 847 
843 844 848 
845 846 849 
846 850 849 
846 847 850 
847 851 850 
847 848 851 
849 850 852 
850 853 852 
850 851 853 
852 853 854 
855 856 860 
856 861 860 
856 857 861 
857 862 861 
857 858 862 
858 863 862 
858 859 863 
860 861 864 
861 865 864 
861 862 865 
862 866 865 
862 863 866 
864 865 867 
865 868 867 
865 866 868 
867 868 869 
870 871 875 
871 876 875 
871 872 876 
872 877 876 
872 873 877 
873 878 877 
873 874 878 
875 876 879 
876 880 879 
876 877 880 
877 881 880 
877 878 881 
879 880 882 
880 883 882 
880 881 883 
882 883 884 
885 886 890 
886 891 890 
886 887 891 
887 892 891 
887 888 892 
888 893 892 
888 889 893 
890 891 894 
891 895 894 
891 892 895 
892 896 895 
892 893 896 
894 895 897 
895 898 897 
895 896 898 
897 898 899 
900 901 905 
901 906 905 
901 902 906 
902 907 906 
902 903 907 
903 908 907 
903 904 908 
905 906 909 
906 910 909 
906 907 910 
907 911 910 
907 908 911 
909 910 912 
910 913 912 
910 911 913 
912 913 914 
915 916 920 
916 921 920 
916 917 921 
917 922 921 
917 918 922 
918 923 922 
918 919 923 
920 921 924 
921 925 924 
921 922 925 
922 926 925 
922 923 926 
924 925 927 
925 928 927 
925 926 928 
927 928 929 
930 931 935 
931 936 935 
931 932 936 
932 937 936 
932 933 937 
933 938 937 
933 934 938 
935 936 939 
936 940 939 
936 937 940 
937 941 940 
937 938 941 
939 940 942 
940 943 942 
940 941 943 
942 943 944 
945 946 950 
946 951 950 
946 947 951 
947 952 951 
947 948 952 
948 953 952 
948 949 953 
950 951 954 
951 955 954 
951 952 955 
952 956 955 
952 953 956 
954 955 957 
955 958 957 
955 956 958 
957 958 959 
960 961 965 
961 966 965 
961 962 966 
962 967 966 
962 963 967 
963 968 967 
963 964 968 
965 966 969 
966 970 969 
966 967 970 
967 971 970 
967 968 971 
969 970 972 
970 973 972 
970 971 973 
972 973 974 
975 976 980 
976 981 980 
976 977 981 
977 982 981 
977 978 982 
978 983 982 
978 979 983 
980 981 984 
981 985 984 
981 982 985 
982 986 985 
982 983 986 
984 985 987 
985 988 987 
985 986 988 
987 988 989 
990 991 995 
991 996 995 
991 992 996 
992 997 996 
992 993 997 
993 998 997 
993 994 998 
995 996 999 
996 1000 999 
996 997 1000 
997 1001 1000 
997 998 1001 
999 1000 1002 
1000 1003 1002 
1000 1001 1003 
1002 1003 1004 
1005 1006 1010 
1006 1011 1010 
1006 1007 1011 
1007 1012 1011 
1007 1008 1012 
1008 1013 1012 
1008 1009 1013 
1010 1011 1014 
1011 1015 1014 
1011 1012 1015 
1012 1016 1015 
1012 1013 1016 
1014 1015 1017 
1015 1018 1017 
1015 1016 1018 
1017 1018 1019 
1020 1021 1025 
1021 1026 1025 
1021 1022 1026 
1022 1027 1026 
1022 1023 1027 
1023 1028 1027 
1023 1024 1028 
1025 1026 1029 
1026 1030 1029 
1026 1027 1030 
1027 1031 1030 
1027 1028 1031 
1029 1030 1032 
1030 1033 1032 
1030 1031 1033 
1032 1033 1034 
1035 1036 1040 
1036 1041 1040 
1036 1037 1041 
1037 1042 1041 
1037 1038 1042 
1038 1043 1042 
1038 1039 1043 
1040 1041 1044 
1041 1045 1044 
1041 1042 1045 
1042 1046 1045 
1042 1043 1046 
1044 1045 1047 
1045 1048 1047 
1045 1046 1048 
1047 1048 1049 
1050 1051 1055 
1051 1056 1055 
1051 1052 1056 
1052 1057 1056 
1052 1053 1057 
1053 1058 1057 
1053 1054 1058 
1055 1056 1059 
1056 1060 1059 
1056 1057 1060 
1057 1061 1060 
1057 1058 1061 
1059 1060 1062 
1060 1063 1062 
1060 1061 1063 
1062 1063 1064 
1065 1066 1070 
1066 1071 1070 
1066 1067 1071 
1067 1072 1071 
1067 1068 1072 
1068 1073 1072 
1068 1069 1073 
1070 1071 1074 
1071 1075 1074 
1071 1072 1075 
1072 1076 1075 
1072 1073 1076 
1074 1075 1077 
1075 1078 1077 
1075 1076 1078 
1077 1078 1079 
1080 1081 1085 
1081 1086 1085 
1081 1082 1086 
1082 1087 1086 
1082 1083 1087 
1083 1088 1087 
1083 1084 1088 
1085 1086 1089 
1086 1090 1089 
1086 1087 1090 
1087 1091 1090 
1087 1088 1091 
1089 1090 1092 
1090 1093 1092 
1090 1091 1093 
1092 1093 1094 
1095 1096 1100 
1096 1101 1100 
1096 1097 1101 
1097 1102 1101 
1097 1098 1102 
1098 1103 1102 
1098 1099 1103 
1100 1101 1104 
1101 1105 1104 
1101 1102 1105 
1102 1106 1105 
1102 1103 1106 
1104 1105 1107 
1105 1108 1107 
1105 1106 1108 
1107 1108 1109 
1110 1111 1115 
1111 1116 1115 
1111 1112 1116 
1112 1117 1116 
1112 1113 1117 
1113 1118 1117 
1113 1114 1118 
1115 1116 1119 
1116 1120 1119 
1116 1117 1120 
1117 1121 1120 
1117 1118 1121 
1119 1120 1122 
1120 1123 1122 
1120 1121 1123 
1122 1123 1124 
1125 1126 1130 
1126 1131 1130 
1126 1127 1131 
1127 1132 1131 
1127 1128 1132 
1128 1133 1132 
1128 1129 1133 
1130 1131 1134 
1131 1135 1134 
1131 1132 1135 
1132 1136 1135 
1132 1133 1136 
1134 1135 1137 
1135 1138 1137 
1135 1136 1138 
1137 1138 1139 
1140 1141 1145 
1141 1146 1145 
1141 1142 1146 
1142 1147 1146 
1142 1143 1147 
1143 1148 1147 
1143 1144 1148 
1145 1146 1149 
1146 1150 1149 
1146 1147 1150 
1147 1151 1150 
1147 1148 1151 
1149 1150 1152 
1150 1153 1152 
1150 1151 1153 
1152 1153 1154 
1155 1156 1160 
1156 1161 1160 
1156 1157 1161 
1157 1162 1161 
1157 1158 1162 
1158 1163 1162 
1158 1159 1163 
1160 1161 1164 
1161 1165 1164 
1161 1162 1165 
1162 1166 1165 
1162 1163 1166 
1164 1165 1167 
1165 1168 1167 
1165 1166 1168 
1167 1168 1169 
1170 1171 1175 
1171 1176 1175 
1171 1172 1176 
1172 1177 1176 
1172 1173 1177 
1173 1178 1177 
1173 1174 1178 
1175 1176 1179 
1176 1180 1179 
1176 1177 1180 
1177 1181 1180 
1177 1178 1181 
1179 1180 1182 
1180 1183 1182 
1180 1181 1183 
1182 1183 1184 
1185 1186 1190 
1186 1191 1190 
1186 1187 1191 
1187 1192 1191 
1187 1188 1192 
1188 1193 1192 
1188 1189 1193 
1190 1191 1194 
1191 1195 1194 
1191 1192 1195 
1192 1196 1195 
1192 1193 1196 
1194 1195 1197 
1195 1198 1197 
1195 1196 1198 
1197 1198 1199 
1200 1201 1205 
1201 1206 1205 
1201 1202 1206 
1202 1207 1206 
1202 1203 1207 
1203 1208 1207 
1203 1204 1208 
1205 1206 1209 
1206 1210 1209 
1206 1207 1210 
1207 1211 1210 
1207 1208 1211 
1209 1210 1212 
1210 1213 1212 
1210 1211 1213 
1212 1213 1214 
1215 1216 1220 
1216 1221 1220 
1216 1217 1221 
1217 1222 1221 
1217 1218 1222 
1218 1223 1222 
1218 1219 1223 
1220 1221 1224 
1221 1225 1224 
1221 1222 1225 
1222 1226 1225 
1222 1223 1226 
1224 1225 1227 
1225 1228 1227 
1225 1226 1228 
1227 1228 1229 
1230 1231 1235 
1231 1236 1235 
1231 1232 1236 
1232 1237 1236 
1232 1233 1237 
1233 1238 1237 
1233 1234 1238 
1235 1236 1239 
1236 1240 1239 
1236 1237 1240 
1237 1241 1240 
1237 1238 1241 
1239 1240 1242 
1240 1243 1242 
1240 1241 1243 
1242 1243 1244 
1245 1246 1250 
1246 1251 1250 
1246 1247 1251 
1247 1252 1251 
1247 1248 1252 
1248 1253 1252 
1248 1249 1253 
1250 1251 1254 
1251 1255 1254 
1251 1252 1255 
1252 1256 1255 
1252 1253 1256 
1254 1255 1257 
1255 1258 1257 
1255 1256 1258 
1257 1258 1259 
1260 1261 1265 
1261 1266 1265 
1261 1262 1266 
1262 1267 1266 
1262 1263 1267 
1263 1268 1267 
1263 1264 1268 
1265 1266 1269 
1266 1270 1269 
1266 1267 1270 
1267 1271 1270 
1267 1268 1271 
1269 1270 1272 
1270 1273 1272 
1270 1271 1273 
1272 1273 1274 
1275 1276 1280 
1276 1281 1280 
1276 1277 1281 
1277 1282 1281 
1277 1278 1282 
1278 1283 1282 
1278 1279 1283 
1280 1281 1284 
1281 1285 1284 
1281 1282 1285 
1282 1286 1285 
1282 1283 1286 
1284 1285 1287 
1285 1288 1287 
1285 1286 1288 
1287 1288 1289 
1290 1291 1295 
1291 1296 1295 
1291 1292 1296 
1292 1297 1296 
1292 1293 1297 
1293 1298 1297 
1293 1294 1298 
1295 1296 1299 
1296 1300 1299 
1296 1297 1300 
1297 1301 1300 
1297 1298 1301 
1299 1300 1302 
1300 1303 1302 
1300 1301 1303 
1302 1303 1304 
1305 1306 1310 
1306 1311 1310 
1306 1307 1311 
1307 1312 1311 
1307 1308 1312 
1308 1313 1312 
1308 1309 1313 
1310 1311 1314 
1311 1315 1314 
1311 1312 1315 
1312 1316 1315 
1312 1313 1316 
1314 1315 1317 
1315 1318 1317 
1315 1316 1318 
1317 1318 1319 
1320 1321 1325 
1321 1326 1325 
1321 1322 1326 
1322 1327 1326 
1322 1323 1327 
1323 1328 1327 
1323 1324 1328 
1325 1326 1329 
1326 1330 1329 
1326 1327 1330 
1327 1331 1330 
1327 1328 1331 
1329 1330 1332 
1330 1333 1332 
1330 1331 1333 
1332 1333 1334 
1335 1336 1340 
1336 1341 1340 
1336 1337 1341 
1337 1342 1341 
1337 1338 1342 
1338 1343 1342 
1338 1339 1343 
1340 1341 1344 
1341 1345 1344 
1341 1342 1345 
1342 1346 1345 
1342 1343 1346 
1344 1345 1347 
1345 1348 1347 
1345 1346 1348 
1347 1348 1349 
1350 1351 1355 
1351 1356 1355 
1351 1352 1356 
1352 1357 1356 
1352 1353 1357 
1353 1358 1357 
1353 1354 1358 
1355 1356 1359 
1356 1360 1359 
1356 1357 1360 
1357 1361 1360 
1357 1358 1361 
1359 1360 1362 
1360 1363 1362 
1360 1361 1363 
1362 1363 1364 
1365 1366 1370 
1366 1371 1370 
1366 1367 1371 
1367 1372 1371 
1367 1368 1372 
1368 1373 1372 
1368 1369 1373 
1370 1371 1374 
1371 1375 1374 
1371 1372 1375 
1372 1376 1375 
1372 1373 1376 
1374 1375 1377 
1375 1378 1377 
1375 1376 1378 
1377 1378 1379 
1380 1381 1385 
1381 1386 1385 
1381 1382 1386 
1382 1387 1386 
1382 1383 1387 
1383 1388 1387 
1383 1384 1388 
1385 1386 1389 
1386 1390 1389 
1386 1387 1390 
1387 1391 1390 
1387 1388 1391 
1389 1390 1392 
1390 1393 1392 
1390 1391 1393 
1392 1393 1394 
1395 1396 1400 
1396 1401 1400 
1396 1397 1401 
1397 1402 1401 
1397 1398 1402 
1398 1403 1402 
1398 1399 1403 
1400 1401 1404 
1401 1405 1404 
1401 1402 1405 
1402 1406 1405 
1402 1403 1406 
1404 1405 1407 
1405 1408 1407 
1405 1406 1408 
1407 1408 1409 
1410 1411 1415 
1411 1416 1415 
1411 1412 1416 
1412 1417 1416 
1412 1413 1417 
1413 1418 1417 
1413 1414 1418 
1415 1416 1419 
1416 1420 1419 
1416 1417 1420 
1417 1421 1420 
1417 1418 1421 
1419 1420 1422 
1420 1423 1422 
1420 1421 1423 
1422 1423 1424 
1425 1426 1430 
1426 1431 1430 
1426 1427 1431 
1427 1432 1431 
1427 1428 1432 
1428 1433 1432 
1428 1429 1433 
1430 1431 1434 
1431 1435 1434 
1431 1432 1435 
1432 1436 1435 
1432 1433 1436 
1434 1435 1437 
1435 1438 1437 
1435 1436 1438 
1437 1438 1439 
1440 1441 1445 
1441 1446 1445 
1441 1442 1446 
1442 1447 1446 
1442 1443 1447 
1443 1448 1447 
1443 1444 1448 
1445 1446 1449 
1446 1450 1449 
1446 1447 1450 
1447 1451 1450 
1447 1448 1451 
1449 1450 1452 
1450 1453 1452 
1450 1451 1453 
1452 1453 1454 
1455 1456 1460 
1456 1461 1460 
1456 1457 1461 
1457 1462 1461 
1457 1458 1462 
1458 1463 1462 
1458 1459 1463 
1460 1461 1464 
1461 1465 1464 
1461 1462 1465 
1462 1466 1465 
1462 1463 1466 
1464 1465 1467 
1465 1468 1467 
1465 1466 1468 
1467 1468 1469 
1470 1471 1475 
1471 1476 1475 
1471 1472 1476 
1472 1477 1476 
1472 1473 1477 
1473 1478 1477 
1473 1474 1478 
1475 1476 1479 
1476 1480 1479 
1476 1477 1480 
1477 1481 1480 
1477 1478 1481 
1479 1480 1482 
1480 1483 1482 
1480 1481 1483 
1482 1483 1484 
1485 1486 1490 
1486 1491 1490 
1486 1487 1491 
1487 1492 1491 
1487 1488 1492 
1488 1493 1492 
1488 1489 1493 
1490 1491 1494 
1491 1495 1494 
1491 1492 1495 
1492 1496 1495 
1492 1493 1496 
1494 1495 1497 
1495 1498 1497 
1495 1496 1498 
1497 1498 1499 
1500 1501 1505 
1501 1506 1505 
1501 1502 1506 
1502 1507 1506 
1502 1503 1507 
1503 1508 1507 
1503 1504 1508 
1505 1506 1509 
1506 1510 1509 
1506 1507 1510 
1507 1511 1510 
1507 1508 1511 
1509 1510 1512 
1510 1513 1512 
1510 1511 1513 
1512 1513 1514 
1515 1516 1520 
1516 1521 1520 
1516 1517 1521 
1517 1522 1521 
1517 1518 1522 
1518 1523 1522 
1518 1519 1523 
1520 1521 1524 
1521 1525 1524 
1521 1522 1525 
1522 1526 1525 
1522 1523 1526 
1524 1525 1527 
1525 1528 1527 
1525 1526 1528 
1527 1528 1529 
1530 1531 1535 
1531 1536 1535 
1531 1532 1536 
1532 1537 1536 
1532 1533 1537 
1533 1538 1537 
1533 1534 1538 
1535 1536 1539 
1536 1540 1539 
1536 1537 1540 
1537 1541 1540 
1537 1538 1541 
1539 1540 1542 
1540 1543 1542 
1540 1541 1543 
1542 1543 1544 
1545 1546 1550 
1546 1551 1550 
1546 1547 1551 
1547 1552 1551 
1547 1548 1552 
1548 1553 1552 
1548 1549 1553 
1550 1551 1554 
1551 1555 1554 
1551 1552 1555 
1552 1556 1555 
1552 1553 1556 
1554 1555 1557 
1555 1558 1557 
1555 1556 1558 
1557 1558 1559 
1560 1561 1565 
1561 1566 1565 
1561 1562 1566 
1562 1567 1566 
1562 1563 1567 
1563 1568 1567 
1563 1564 1568 
1565 1566 1569 
1566 1570 1569 
1566 1567 1570 
1567 1571 1570 
1567 1568 1571 
1569 1570 1572 
1570 1573 1572 
1570 1571 1573 
1572 1573 1574 
1575 1576 1580 
1576 1581 1580 
1576 1577 1581 
1577 1582 1581 
1577 1578 1582 
1578 1583 1582 
1578 1579 1583 
1580 1581 1584 
1581 1585 1584 
1581 1582 1585 
1582 1586 1585 
1582 1583 1586 
1584 1585 1587 
1585 1588 1587 
1585 1586 1588 
1587 1588 1589 
1590 1591 1595 
1591 1596 1595 
1591 1592 1596 
1592 1597 1596 
1592 1593 1597 
1593 1598 1597 
1593 1594 1598 
1595 1596 1599 
1596 1600 1599 
1596 1597 1600 
1597 1601 1600 
1597 1598 1601 
1599 1600 1602 
1600 1603 1602 
1600 1601 1603 
1602 1603 1604 
1605 1606 1610 
1606 1611 1610 
1606 1607 1611 
1607 1612 1611 
1607 1608 1612 
1608 1613 1612 
1608 1609 1613 
1610 1611 1614 
1611 1615 1614 
1611 1612 1615 
1612 1616 1615 
1612 1613 1616 
1614 1615 1617 
1615 1618 1617 
1615 1616 1618 
1617 1618 1619 
1620 1621 1625 
1621 1626 1625 
1621 1622 1626 
1622 1627 1626 
1622 1623 1627 
1623 1628 1627 
1623 1624 1628 
1625 1626 1629 
1626 1630 1629 
1626 1627 1630 
1627 1631 1630 
1627 1628 1631 
1629 1630 1632 
1630 1633 1632 
1630 1631 1633 
1632 1633 1634 
1635 1636 1640 
1636 1641 1640 
1636 1637 1641 
1637 1642 1641 
1637 1638 1642 
1638 1643 1642 
1638 1639 1643 
1640 1641 1644 
1641 1645 1644 
1641 1642 1645 
1642 1646 1645 
1642 1643 1646 
1644 1645 1647 
1645 1648 1647 
1645 1646 1648 
1647 1648 1649 
1650 1651 1655 
1651 1656 1655 
1651 1652 1656 
1652 1657 1656 
1652 1653 1657 
1653 1658 1657 
1653 1654 1658 
1655 1656 1659 
1656 1660 1659 
1656 1657 1660 
1657 1661 1660 
1657 1658 1661 
1659 1660 1662 
1660 1663 1662 
1660 1661 1663 
1662 1663 1664 
1665 1666 1670 
1666 1671 1670 
1666 1667 1671 
1667 1672 1671 
1667 1668 1672 
1668 1673 1672 
1668 1669 1673 
1670 1671 1674 
1671 1675 1674 
1671 1672 1675 
1672 1676 1675 
1672 1673 1676 
1674 1675 1677 
1675 1678 1677 
1675 1676 1678 
1677 1678 1679 
1680 1681 1685 
1681 1686 1685 
1681 1682 1686 
1682 1687 1686 
1682 1683 1687 
1683 1688 1687 
1683 1684 1688 
1685 1686 1689 
1686 1690 1689 
1686 1687 1690 
1687 1691 1690 
1687 1688 1691 
1689 1690 1692 
1690 1693 1692 
1690 1691 1693 
1692 1693 1694 
1695 1696 1700 
1696 1701 1700 
1696 1697 1701 
1697 1702 1701 
1697 1698 1702 
1698 1703 1702 
1698 1699 1703 
1700 1701 1704 
1701 1705 1704 
1701 1702 1705 
1702 1706 1705 
1702 1703 1706 
1704 1705 1707 
1705 1708 1707 
1705 1706 1708 
1707 1708 1709 
1710 1711 1715 
1711 1716 1715 
1711 1712 1716 
1712 1717 1716 
1712 1713 1717 
1713 1718 1717 
1713 1714 1718 
1715 1716 1719 
1716 1720 1719 
1716 1717 1720 
1717 1721 1720 
1717 1718 1721 
1719 1720 1722 
1720 1723 1722 
1720 1721 1723 
1722 1723 1724 
1725 1726 1730 
1726 1731 1730 
1726 1727 1731 
1727 1732 1731 
1727 1728 1732 
1728 1733 1732 
1728 1729 1733 
1730 1731 1734 
1731 1735 1734 
1731 1732 1735 
1732 1736 1735 
1732 1733 1736 
1734 1735 1737 
1735 1738 1737 
1735 1736 1738 
1737 1738 1739 
1740 1741 1745 
1741 1746 1745 
1741 1742 1746 
1742 1747 1746 
1742 1743 1747 
1743 1748 1747 
1743 1744 1748 
1745 1746 1749 
1746 1750 1749 
1746 1747 1750 
1747 1751 1750 
1747 1748 1751 
1749 1750 1752 
1750 1753 1752 
1750 1751 1753 
1752 1753 1754 
1755 1756 1760 
1756 1761 1760 
1756 1757 1761 
1757 1762 1761 
1757 1758 1762 
1758 1763 1762 
1758 1759 1763 
1760 1761 1764 
1761 1765 1764 
1761 1762 1765 
1762 1766 1765 
1762 1763 1766 
1764 1765 1767 
1765 1768 1767 
1765 1766 1768 
1767 1768 1769 
1770 1771 1775 
1771 1776 1775 
1771 1772 1776 
1772 1777 1776 
1772 1773 1777 
1773 1778 1777 
1773 1774 1778 
1775 1776 1779 
1776 1780 1779 
1776 1777 1780 
1777 1781 1780 
1777 1778 1781 
1779 1780 1782 
1780 1783 1782 
1780 1781 1783 
1782 1783 1784 
1785 1786 1790 
1786 1791 1790 
1786 1787 1791 
1787 1792 1791 
1787 1788 1792 
1788 1793 1792 
1788 1789 1793 
1790 1791 1794 
1791 1795 1794 
1791 1792 1795 
1792 1796 1795 
1792 1793 1796 
1794 1795 1797 
1795 1798 1797 
1795 1796 1798 
1797 1798 1799 
1800 1801 1805 
1801 1806 1805 
1801 1802 1806 
1802 1807 1806 
1802 1803 1807 
1803 1808 1807 
1803 1804 1808 
1805 1806 1809 
1806 1810 1809 
1806 1807 1810 
1807 1811 1810 
1807 1808 1811 
1809 1810 1812 
1810 1813 1812 
1810 1811 1813 
1812 1813 1814 
1815 1816 1820 
1816 1821 1820 
1816 1817 1821 
1817 1822 1821 
1817 1818 1822 
1818 1823 1822 
1818 1819 1823 
1820 1821 1824 
1821 1825 1824 
1821 1822 1825 
1822 1826 1825 
1822 1823 1826 
1824 1825 1827 
1825 1828 1827 
1825 1826 1828 
1827 1828 1829 
1830 1831 1835 
1831 1836 1835 
1831 1832 1836 
1832 1837 1836 
1832 1833 1837 
1833 1838 1837 
1833 1834 1838 
1835 1836 1839 
1836 1840 1839 
1836 1837 1840 
1837 1841 1840 
1837 1838 1841 
1839 1840 1842 
1840 1843 1842 
1840 1841 1843 
1842 1843 1844 
1845 1846 1850 
1846 1851 1850 
1846 1847 1851 
1847 1852 1851 
1847 1848 1852 
1848 1853 1852 
1848 1849 1853 
1850 1851 1854 
1851 1855 1854 
1851 1852 1855 
1852 1856 1855 
1852 1853 1856 
1854 1855 1857 
1855 1858 1857 
1855 1856 1858 
1857 1858 1859 
1860 1861 1865 
1861 1866 1865 
1861 1862 1866 
1862 1867 1866 
1862 1863 1867 
1863 1868 1867 
1863 1864 1868 
1865 1866 1869 
1866 1870 1869 
1866 1867 1870 
1867 1871 1870 
1867 1868 1871 
1869 1870 1872 
1870 1873 1872 
1870 1871 1873 
1872 1873 1874 
1875 1876 1880 
1876 1881 1880 
1876 1877 1881 
1877 1882 1881 
1877 1878 1882 
1878 1883 1882 
1878 1879 1883 
1880 1881 1884 
1881 1885 1884 
1881 1882 1885 
1882 1886 1885 
1882 1883 1886 
1884 1885 1887 
1885 1888 1887 
1885 1886 1888 
1887 1888 1889 
1890 1891 1895 
1891 1896 1895 
1891 1892 1896 
1892 1897 1896 
1892 1893 1897 
1893 1898 1897 
1893 1894 1898 
1895 1896 1899 
1896 1900 1899 
1896 1897 1900 
1897 1901 1900 
1897 1898 1901 
1899 1900 1902 
1900 1903 1902 
1900 1901 1903 
1902 1903 1904 
1905 1906 1910 
1906 1911 1910 
1906 1907 1911 
1907 1912 1911 
1907 1908 1912 
1908 1913 1912 
1908 1909 1913 
1910 1911 1914 
1911 1915 1914 
1911 1912 1915 
1912 1916 1915 
1912 1913 1916 
1914 1915 1917 
1915 1918 1917 
1915 1916 1918 
1917 1918 1919 
1920 1921 1925 
1921 1926 1925 
1921 1922 1926 
1922 1927 1926 
1922 1923 1927 
1923 1928 1927 
1923 1924 1928 
1925 1926 1929 
1926 1930 1929 
1926 1927 1930 
1927 1931 1930 
1927 1928 1931 
1929 1930 1932 
1930 1933 1932 
1930 1931 1933 
1932 1933 1934 
1935 1936 1940 
1936 1941 1940 
1936 1937 1941 
1937 1942 1941 
1937 1938 1942 
1938 1943 1942 
1938 1939 1943 
1940 1941 1944 
1941 1945 1944 
1941 1942 1945 
1942 1946 1945 
1942 1943 1946 
1944 1945 1947 
1945 1948 1947 
1945 1946 1948 
1947 1948 1949 
1950 1951 1955 
1951 1956 1955 
1951 1952 1956 
1952 1957 1956 
1952 1953 1957 
1953 1958 1957 
1953 1954 1958 
1955 1956 1959 
1956 1960 1959 
1956 1957 1960 
1957 1961 1960 
1957 1958 1961 
1959 1960 1962 
1960 1963 1962 
1960 1961 1963 
1962 1963 1964 
1965 1966 1970 
1966 1971 1970 
1966 1967 1971 
1967 1972 1971 
1967 1968 1972 
1968 1973 1972 
1968 1969 1973 
1970 1971 1974 
1971 1975 1974 
1971 1972 1975 
1972 1976 1975 
1972 1973 1976 
1974 1975 1977 
1975 1978 1977 
1975 1976 1978 
1977 1978 1979 
1980 1981 1985 
1981 1986 1985 
1981 1982 1986 
1982 1987 1986 
1982 1983 1987 
1983 1988 1987 
1983 1984 1988 
1985 1986 1989 
1986 1990 1989 
1986 1987 1990 
1987 1991 1990 
1987 1988 1991 
1989 1990 1992 
1990 1993 1992 
1990 1991 1993 
1992 1993 1994 
1995 1996 2000 
1996 2001 2000 
1996 1997 2001 
1997 2002 2001 
1997 1998 2002 
1998 2003 2002 
1998 1999 2003 
2000 2001 2004 
2001 2005 2004 
2001 2002 2005 
2002 2006 2005 
2002 2003 2006 
2004 2005 2007 
2005 2008 2007 
2005 2006 2008 
2007 2008 2009 
2010 2011 2015 
2011 2016 2015 
2011 2012 2016 
2012 2017 2016 
2012 2013 2017 
2013 2018 2017 
2013 2014 2018 
2015 2016 2019 
2016 2020 2019 
2016 2017 2020 
2017 2021 2020 
2017 2018 2021 
2019 2020 2022 
2020 2023 2022 
2020 2021 2023 
2022 2023 2024 
2025 2026 2030 
2026 2031 2030 
2026 2027 2031 
2027 2032 2031 
2027 2028 2032 
2028 2033 2032 
2028 2029 2033 
2030 2031 2034 
2031 2035 2034 
2031 2032 2035 
2032 2036 2035 
2032 2033 2036 
2034 2035 2037 
2035 2038 2037 
2035 2036 2038 
2037 2038 2039 
2040 2041 2045 
2041 2046 2045 
2041 2042 2046 
2042 2047 2046 
2042 2043 2047 
2043 2048 2047 
2043 2044 2048 
2045 2046 2049 
2046 2050 2049 
2046 2047 2050 
2047 2051 2050 
2047 2048 2051 
2049 2050 2052 
2050 2053 2052 
2050 2051 2053 
2052 2053 2054 
2055 2056 2060 
2056 2061 2060 
2056 2057 2061 
2057 2062 2061 
2057 2058 2062 
2058 2063 2062 
2058 2059 2063 
2060 2061 2064 
2061 2065 2064 
2061 2062 2065 
2062 2066 2065 
2062 2063 2066 
2064 2065 2067 
2065 2068 2067 
2065 2066 2068 
2067 2068 2069 
2070 2071 2075 
2071 2076 2075 
2071 2072 2076 
2072 2077 2076 
2072 2073 2077 
2073 2078 2077 
2073 2074 2078 
2075 2076 2079 
2076 2080 2079 
2076 2077 2080 
2077 2081 2080 
2077 2078 2081 
2079 2080 2082 
2080 2083 2082 
2080 2081 2083 
2082 2083 2084 
2085 2086 2090 
2086 2091 2090 
2086 2087 2091 
2087 2092 2091 
2087 2088 2092 
2088 2093 2092 
2088 2089 2093 
2090 2091 2094 
2091 2095 2094 
2091 2092 2095 
2092 2096 2095 
2092 2093 2096 
2094 2095 2097 
2095 2098 2097 
2095 2096 2098 
2097 2098 2099 
2100 2101 2105 
2101 2106 2105 
2101 2102 2106 
2102 2107 2106 
2102 2103 2107 
2103 2108 2107 
2103 2104 2108 
2105 2106 2109 
2106 2110 2109 
2106 2107 2110 
2107 2111 2110 
2107 2108 2111 
2109 2110 2112 
2110 2113 2112 
2110 2111 2113 
2112 2113 2114 
2115 2116 2120 
2116 2121 2120 
2116 2117 2121 
2117 2122 2121 
2117 2118 2122 
2118 2123 2122 
2118 2119 2123 
2120 2121 2124 
2121 2125 2124 
2121 2122 2125 
2122 2126 2125 
2122 2123 2126 
2124 2125 2127 
2125 2128 2127 
2125 2126 2128 
2127 2128 2129 
2130 2131 2135 
2131 2136 2135 
2131 2132 2136 
2132 2137 2136 
2132 2133 2137 
2133 2138 2137 
2133 2134 2138 
2135 2136 2139 
2136 2140 2139 
2136 2137 2140 
2137 2141 2140 
2137 2138 2141 
2139 2140 2142 
2140 2143 2142 
2140 2141 2143 
2142 2143 2144 
2145 2146 2150 
2146 2151 2150 
2146 2147 2151 
2147 2152 2151 
2147 2148 2152 
2148 2153 2152 
2148 2149 2153 
2150 2151 2154 
2151 2155 2154 
2151 2152 2155 
2152 2156 2155 
2152 2153 2156 
2154 2155 2157 
2155 2158 2157 
2155 2156 2158 
2157 2158 2159 
2160 2161 2165 
2161 2166 2165 
2161 2162 2166 
2162 2167 2166 
2162 2163 2167 
2163 2168 2167 
2163 2164 2168 
2165 2166 2169 
2166 2170 2169 
2166 2167 2170 
2167 2171 2170 
2167 2168 2171 
2169 2170 2172 
2170 2173 2172 
2170 2171 2173 
2172 2173 2174 
2175 2176 2180 
2176 2181 2180 
2176 2177 2181 
2177 2182 2181 
2177 2178 2182 
2178 2183 2182 
2178 2179 2183 
2180 2181 2184 
2181 2185 2184 
2181 2182 2185 
2182 2186 2185 
2182 2183 2186 
2184 2185 2187 
2185 2188 2187 
2185 2186 2188 
2187 2188 2189 
2190 2191 2195 
2191 2196 2195 
2191 2192 2196 
2192 2197 2196 
2192 2193 2197 
2193 2198 2197 
2193 2194 2198 
2195 2196 2199 
2196 2200 2199 
2196 2197 2200 
2197 2201 2200 
2197 2198 2201 
2199 2200 2202 
2200 2203 2202 
2200 2201 2203 
2202 2203 2204 
2205 2206 2210 
2206 2211 2210 
2206 2207 2211 
2207 2212 2211 
2207 2208 2212 
2208 2213 2212 
2208 2209 2213 
2210 2211 2214 
2211 2215 2214 
2211 2212 2215 
2212 2216 2215 
2212 2213 2216 
2214 2215 2217 
2215 2218 2217 
2215 2216 2218 
2217 2218 2219 
2220 2221 2225 
2221 2226 2225 
2221 2222 2226 
2222 2227 2226 
2222 2223 2227 
2223 2228 2227 
2223 2224 2228 
2225 2226 2229 
2226 2230 2229 
2226 2227 2230 
2227 2231 2230 
2227 2228 2231 
2229 2230 2232 
2230 2233 2232 
2230 2231 2233 
2232 2233 2234 
2235 2236 2240 
2236 2241 2240 
2236 2237 2241 
2237 2242 2241 
2237 2238 2242 
2238 2243 2242 
2238 2239 2243 
2240 2241 2244 
2241 2245 2244 
2241 2242 2245 
2242 2246 2245 
2242 2243 2246 
2244 2245 2247 
2245 2248 2247 
2245 2246 2248 
2247 2248 2249 
2250 2251 2255 
2251 2256 2255 
2251 2252 2256 
2252 2257 2256 
2252 2253 2257 
2253 2258 2257 
2253 2254 2258 
2255 2256 2259 
2256 2260 2259 
2256 2257 2260 
2257 2261 2260 
2257 2258 2261 
2259 2260 2262 
2260 2263 2262 
2260 2261 2263 
2262 2263 2264 
2265 2266 2270 
2266 2271 2270 
2266 2267 2271 
2267 2272 2271 
2267 2268 2272 
2268 2273 2272 
2268 2269 2273 
2270 2271 2274 
2271 2275 2274 
2271 2272 2275 
2272 2276 2275 
2272 2273 2276 
2274 2275 2277 
2275 2278 2277 
2275 2276 2278 
2277 2278 2279 
2280 2281 2285 
2281 2286 2285 
2281 2282 2286 
2282 2287 2286 
2282 2283 2287 
2283 2288 2287 
2283 2284 2288 
2285 2286 2289 
2286 2290 2289 
2286 2287 2290 
2287 2291 2290 
2287 2288 2291 
2289 2290 2292 
2290 2293 2292 
2290 2291 2293 
2292 2293 2294 
2295 2296 2300 
2296 2301 2300 
2296 2297 2301 
2297 2302 2301 
2297 2298 2302 
2298 2303 2302 
2298 2299 2303 
2300 2301 2304 
2301 2305 2304 
2301 2302 2305 
2302 2306 2305 
2302 2303 2306 
2304 2305 2307 
2305 2308 2307 
2305 2306 2308 
2307 2308 2309 
2310 2311 2315 
2311 2316 2315 
2311 2312 2316 
2312 2317 2316 
2312 2313 2317 
2313 2318 2317 
2313 2314 2318 
2315 2316 2319 
2316 2320 2319 
2316 2317 2320 
2317 2321 2320 
2317 2318 2321 
2319 2320 2322 
2320 2323 2322 
2320 2321 2323 
2322 2323 2324 
2325 2326 2330 
2326 2331 2330 
2326 2327 2331 
2327 2332 2331 
2327 2328 2332 
2328 2333 2332 
2328 2329 2333 
2330 2331 2334 
2331 2335 2334 
2331 2332 2335 
2332 2336 2335 
2332 2333 2336 
2334 2335 2337 
2335 2338 2337 
2335 2336 2338 
2337 2338 2339 
2340 2341 2345 
2341 2346 2345 
2341 2342 2346 
2342 2347 2346 
2342 2343 2347 
2343 2348 2347 
2343 2344 2348 
2345 2346 2349 
2346 2350 2349 
2346 2347 2350 
2347 2351 2350 
2347 2348 2351 
2349 2350 2352 
2350 2353 2352 
2350 2351 2353 
2352 2353 2354 
2355 2356 2360 
2356 2361 2360 
2356 2357 2361 
2357 2362 2361 
2357 2358 2362 
2358 2363 2362 
2358 2359 2363 
2360 2361 2364 
2361 2365 2364 
2361 2362 2365 
2362 2366 2365 
2362 2363 2366 
2364 2365 2367 
2365 2368 2367 
2365 2366 2368 
2367 2368 2369 
2370 2371 2375 
2371 2376 2375 
2371 2372 2376 
2372 2377 2376 
2372 2373 2377 
2373 2378 2377 
2373 2374 2378 
2375 2376 2379 
2376 2380 2379 
2376 2377 2380 
2377 2381 2380 
2377 2378 2381 
2379 2380 2382 
2380 2383 2382 
2380 2381 2383 
2382 2383 2384 
2385 2386 2390 
2386 2391 2390 
2386 2387 2391 
2387 2392 2391 
2387 2388 2392 
2388 2393 2392 
2388 2389 2393 
2390 2391 2394 
2391 2395 2394 
2391 2392 2395 
2392 2396 2395 
2392 2393 2396 
2394 2395 2397 
2395 2398 2397 
2395 2396 2398 
2397 2398 2399 
2400 2401 2405 
2401 2406 2405 
2401 2402 2406 
2402 2407 2406 
2402 2403 2407 
2403 2408 2407 
2403 2404 2408 
2405 2406 2409 
2406 2410 2409 
2406 2407 2410 
2407 2411 2410 
2407 2408 2411 
2409 2410 2412 
2410 2413 2412 
2410 2411 2413 
2412 2413 2414 
2415 2416 2420 
2416 2421 2420 
2416 2417 2421 
2417 2422 2421 
2417 2418 2422 
2418 2423 2422 
2418 2419 2423 
2420 2421 2424 
2421 2425 2424 
2421 2422 2425 
2422 2426 2425 
2422 2423 2426 
2424 2425 2427 
2425 2428 2427 
2425 2426 2428 
2427 2428 2429 
2430 2431 2435 
2431 2436 2435 
2431 2432 2436 
2432 2437 2436 
2432 2433 2437 
2433 2438 2437 
2433 2434 2438 
2435 2436 2439 
2436 2440 2439 
2436 2437 2440 
2437 2441 2440 
2437 2438 2441 
2439 2440 2442 
2440 2443 2442 
2440 2441 2443 
2442 2443 2444 
2445 2446 2450 
2446 2451 2450 
2446 2447 2451 
2447 2452 2451 
2447 2448 2452 
2448 2453 2452 
2448 2449 2453 
2450 2451 2454 
2451 2455 2454 
2451 2452 2455 
2452 2456 2455 
2452 2453 2456 
2454 2455 2457 
2455 2458 2457 
2455 2456 2458 
2457 2458 2459 
2460 2461 2465 
2461 2466 2465 
2461 2462 2466 
2462 2467 2466 
2462 2463 2467 
2463 2468 2467 
2463 2464 2468 
2465 2466 2469 
2466 2470 2469 
2466 2467 2470 
2467 2471 2470 
2467 2468 2471 
2469 2470 2472 
2470 2473 2472 
2470 2471 2473 
2472 2473 2474 
2475 2476 2480 
2476 2481 2480 
2476 2477 2481 
2477 2482 2481 
2477 2478 2482 
2478 2483 2482 
2478 2479 2483 
2480 2481 2484 
2481 2485 2484 
2481 2482 2485 
2482 2486 2485 
2482 2483 2486 
2484 2485 2487 
2485 2488 2487 
2485 2486 2488 
2487 2488 2489 
2490 2491 2495 
2491 2496 2495 
2491 2492 2496 
2492 2497 2496 
2492 2493 2497 
2493 2498 2497 
2493 2494 2498 
2495 2496 2499 
2496 2500 2499 
2496 2497 2500 
2497 2501 2500 
2497 2498 2501 
2499 2500 2502 
2500 2503 2502 
2500 2501 2503 
2502 2503 2504 
2505 2506 2510 
2506 2511 2510 
2506 2507 2511 
2507 2512 2511 
2507 2508 2512 
2508 2513 2512 
2508 2509 2513 
2510 2511 2514 
2511 2515 2514 
2511 2512 2515 
2512 2516 2515 
2512 2513 2516 
2514 2515 2517 
2515 2518 2517 
2515 2516 2518 
2517 2518 2519 
2520 2521 2525 
2521 2526 2525 
2521 2522 2526 
2522 2527 2526 
2522 2523 2527 
2523 2528 2527 
2523 2524 2528 
2525 2526 2529 
2526 2530 2529 
2526 2527 2530 
2527 2531 2530 
2527 2528 2531 
2529 2530 2532 
2530 2533 2532 
2530 2531 2533 
2532 2533 2534 
2535 2536 2540 
2536 2541 2540 
2536 2537 2541 
2537 2542 2541 
2537 2538 2542 
2538 2543 2542 
2538 2539 2543 
2540 2541 2544 
2541 2545 2544 
2541 2542 2545 
2542 2546 2545 
2542 2543 2546 
2544 2545 2547 
2545 2548 2547 
2545 2546 2548 
2547 2548 2549 
2550 2551 2555 
2551 2556 2555 
2551 2552 2556 
2552 2557 2556 
2552 2553 2557 
2553 2558 2557 
2553 2554 2558 
2555 2556 2559 
2556 2560 2559 
2556 2557 2560 
2557 2561 2560 
2557 2558 2561 
2559 2560 2562 
2560 2563 2562 
2560 2561 2563 
2562 2563 2564 
2565 2566 2570 
2566 2571 2570 
2566 2567 2571 
2567 2572 2571 
2567 2568 2572 
2568 2573 2572 
2568 2569 2573 
2570 2571 2574 
2571 2575 2574 
2571 2572 2575 
2572 2576 2575 
2572 2573 2576 
2574 2575 2577 
2575 2578 2577 
2575 2576 2578 
2577 2578 2579 
2580 2581 2585 
2581 2586 2585 
2581 2582 2586 
2582 2587 2586 
2582 2583 2587 
2583 2588 2587 
2583 2584 2588 
2585 2586 2589 
2586 2590 2589 
2586 2587 2590 
2587 2591 2590 
2587 2588 2591 
2589 2590 2592 
2590 2593 2592 
2590 2591 2593 
2592 2593 2594 
2595 2596 2600 
2596 2601 2600 
2596 2597 2601 
2597 2602 2601 
2597 2598 2602 
2598 2603 2602 
2598 2599 2603 
2600 2601 2604 
2601 2605 2604 
2601 2602 2605 
2602 2606 2605 
2602 2603 2606 
2604 2605 2607 
2605 2608 2607 
2605 2606 2608 
2607 2608 2609 
2610 2611 2615 
2611 2616 2615 
2611 2612 2616 
2612 2617 2616 
2612 2613 2617 
2613 2618 2617 
2613 2614 2618 
2615 2616 2619 
2616 2620 2619 
2616 2617 2620 
2617 2621 2620 
2617 2618 2621 
2619 2620 2622 
2620 2623 2622 
2620 2621 2623 
2622 2623 2624 
2625 2626 2630 
2626 2631 2630 
2626 2627 2631 
2627 2632 2631 
2627 2628 2632 
2628 2633 2632 
2628 2629 2633 
2630 2631 2634 
2631 2635 2634 
2631 2632 2635 
2632 2636 2635 
2632 2633 2636 
2634 2635 2637 
2635 2638 2637 
2635 2636 2638 
2637 2638 2639 
2640 2641 2645 
2641 2646 2645 
2641 2642 2646 
2642 2647 2646 
2642 2643 2647 
2643 2648 2647 
2643 2644 2648 
2645 2646 2649 
2646 2650 2649 
2646 2647 2650 
2647 2651 2650 
2647 2648 2651 
2649 2650 2652 
2650 2653 2652 
2650 2651 2653 
2652 2653 2654 
2655 2656 2660 
2656 2661 2660 
2656 2657 2661 
2657 2662 2661 
2657 2658 2662 
2658 2663 2662 
2658 2659 2663 
2660 2661 2664 
2661 2665 2664 
2661 2662 2665 
2662 2666 2665 
2662 2663 2666 
2664 2665 2667 
2665 2668 2667 
2665 2666 2668 
2667 2668 2669 
2670 2671 2675 
2671 2676 2675 
2671 2672 2676 
2672 2677 2676 
2672 2673 2677 
2673 2678 2677 
2673 2674 2678 
2675 2676 2679 
2676 2680 2679 
2676 2677 2680 
2677 2681 2680 
2677 2678 2681 
2679 2680 2682 
2680 2683 2682 
2680 2681 2683 
2682 2683 2684 
2685 2686 2690 
2686 2691 2690 
2686 2687 2691 
2687 2692 2691 
2687 2688 2692 
2688 2693 2692 
2688 2689 2693 
2690 2691 2694 
2691 2695 2694 
2691 2692 2695 
2692 2696 2695 
2692 2693 2696 
2694 2695 2697 
2695 2698 2697 
2695 2696 2698 
2697 2698 2699 
2700 2701 2705 
2701 2706 2705 
2701 2702 2706 
2702 2707 2706 
2702 2703 2707 
2703 2708 2707 
2703 2704 2708 
2705 2706 2709 
2706 2710 2709 
2706 2707 2710 
2707 2711 2710 
2707 2708 2711 
2709 2710 2712 
2710 2713 2712 
2710 2711 2713 
2712 2713 2714 
2715 2716 2720 
2716 2721 2720 
2716 2717 2721 
2717 2722 2721 
2717 2718 2722 
2718 2723 2722 
2718 2719 2723 
2720 2721 2724 
2721 2725 2724 
2721 2722 2725 
2722 2726 2725 
2722 2723 2726 
2724 2725 2727 
2725 2728 2727 
2725 2726 2728 
2727 2728 2729 
2730 2731 2735 
2731 2736 2735 
2731 2732 2736 
2732 2737 2736 
2732 2733 2737 
2733 2738 2737 
2733 2734 2738 
2735 2736 2739 
2736 2740 2739 
2736 2737 2740 
2737 2741 2740 
2737 2738 2741 
2739 2740 2742 
2740 2743 2742 
2740 2741 2743 
2742 2743 2744 
2745 2746 2750 
2746 2751 2750 
2746 2747 2751 
2747 2752 2751 
2747 2748 2752 
2748 2753 2752 
2748 2749 2753 
2750 2751 2754 
2751 2755 2754 
2751 2752 2755 
2752 2756 2755 
2752 2753 2756 
2754 2755 2757 
2755 2758 2757 
2755 2756 2758 
2757 2758 2759 
2760 2761 2765 
2761 2766 2765 
2761 2762 2766 
2762 2767 2766 
2762 2763 2767 
2763 2768 2767 
2763 2764 2768 
2765 2766 2769 
2766 2770 2769 
2766 2767 2770 
2767 2771 2770 
2767 2768 2771 
2769 2770 2772 
2770 2773 2772 
2770 2771 2773 
2772 2773 2774 
2775 2776 2780 
2776 2781 2780 
2776 2777 2781 
2777 2782 2781 
2777 2778 2782 
2778 2783 2782 
2778 2779 2783 
2780 2781 2784 
2781 2785 2784 
2781 2782 2785 
2782 2786 2785 
2782 2783 2786 
2784 2785 2787 
2785 2788 2787 
2785 2786 2788 
2787 2788 2789 
2790 2791 2795 
2791 2796 2795 
2791 2792 2796 
2792 2797 2796 
2792 2793 2797 
2793 2798 2797 
2793 2794 2798 
2795 2796 2799 
2796 2800 2799 
2796 2797 2800 
2797 2801 2800 
2797 2798 2801 
2799 2800 2802 
2800 2803 2802 
2800 2801 2803 
2802 2803 2804 
2805 2806 2810 
2806 2811 2810 
2806 2807 2811 
2807 2812 2811 
2807 2808 2812 
2808 2813 2812 
2808 2809 2813 
2810 2811 2814 
2811 2815 2814 
2811 2812 2815 
2812 2816 2815 
2812 2813 2816 
2814 2815 2817 
2815 2818 2817 
2815 2816 2818 
2817 2818 2819 
2820 2821 2825 
2821 2826 2825 
2821 2822 2826 
2822 2827 2826 
2822 2823 2827 
2823 2828 2827 
2823 2824 2828 
2825 2826 2829 
2826 2830 2829 
2826 2827 2830 
2827 2831 2830 
2827 2828 2831 
2829 2830 2832 
2830 2833 2832 
2830 2831 2833 
2832 2833 2834 
2835 2836 2840 
2836 2841 2840 
2836 2837 2841 
2837 2842 2841 
2837 2838 2842 
2838 2843 2842 
2838 2839 2843 
2840 2841 2844 
2841 2845 2844 
2841 2842 2845 
2842 2846 2845 
2842 2843 2846 
2844 2845 2847 
2845 2848 2847 
2845 2846 2848 
2847 2848 2849 
2850 2851 2855 
2851 2856 2855 
2851 2852 2856 
2852 2857 2856 
2852 2853 2857 
2853 2858 2857 
2853 2854 2858 
2855 2856 2859 
2856 2860 2859 
2856 2857 2860 
2857 2861 2860 
2857 2858 2861 
2859 2860 2862 
2860 2863 2862 
2860 2861 2863 
2862 2863 2864 
2865 2866 2870 
2866 2871 2870 
2866 2867 2871 
2867 2872 2871 
2867 2868 2872 
2868 2873 2872 
2868 2869 2873 
2870 2871 2874 
2871 2875 2874 
2871 2872 2875 
2872 2876 2875 
2872 2873 2876 
2874 2875 2877 
2875 2878 2877 
2875 2876 2878 
2877 2878 2879 
</DataArray>
<DataArray type="Int32" Name="offsets" format="ascii">
3
6
9
12
15
18
21
24
27
30
33
36
39
42
45
48
51
54
57
60
63
66
69
72
75
78
81
84
87
90
93
96
99
102
105
108
111
114
117
120
123
126
129
132
135
138
141
144
147
150
153
156
159
162
165
168
171
174
177
180
183
186
189
192
195
198
201
204
207
210
213
216
219
222
225
228
231
234
237
240
243
246
249
252
255
258
261
264
267
270
273
276
279
282
285
288
291
294
297
300
303
306
309
312
315
318
321
324
327
330
333
336
339
342
345
348
351
354
357
360
363
366
369
372
375
378
381
384
387
390
393
396
399
402
405
408
411
414
417
420
423
426
429
432
435
438
441
444
447
450
453
456
459
462
465
468
471
474
477
480
483
486
489
492
495
498
501
504
507
510
513
516
519
522
525
528
531
534
537
540
543
546
549
552
555
558
561
564
567
570
573
576
579
582
585
588
591
594
597
600
603
606
609
612
615
618
621
624
627
630
633
636
639
642
645
648
651
654
657
660
663
666
669
672
675
678
681
684
687
690
693
696
699
702
705
708
711
714
717
720
723
726
729
732
735
738
741
744
747
750
753
756
759
762
765
768
771
774
777
780
783
786
789
792
795
798
801
804
807
810
813
816
819
822
825
828
831
834
837
840
843
846
849
852
855
858
861
864
867
870
873
876
879
882
885
888
891
894
897
900
903
906
909
912
915
918
921
924
927
930
933
936
939
942
945
948
951
954
957
960
963
966
969
972
975
978
981
984
987
990
993
996
999
1002
1005
1008
1011
1014
1017
1020
1023
1026
1029
1032
1035
1038
1041
1044
1047
1050
1053
1056
1059
1062
1065
1068
1071
1074
1077
1080
1083
1086
1089
1092
1095
1098
1101
1104
1107
1110
1113
1116
1119
1122
1125
1128
1131
1134
1137
1140
1143
1146
1149
1152
1155
1158
1161
1164
1167
1170
1173
1176
1179
1182
1185
1188
1191
1194
1197
1200
1203
1206
1209
1212
1215
1218
1221
1224
1227
1230
1233
1236
1239
1242
1245
1248
1251
1254
1257
1260
1263
1266
1269
1272
1275
1278
1281
1284
1287
1290
1293
1296
1299
1302
1305
1308
1311
1314
1317
1320
1323
1326
1329
1332
1335
1338
1341
1344
1347
1350
1353
1356
1359
1362
1365
1368
1371
1374
1377
1380
1383
1386
1389
1392
1395
1398
1401
1404
1407
1410
1413
1416
1419
1422
1425
1428
1431
1434
1437
1440
1443
1446
1449
1452
1455
1458
1461
1464
1467
1470
1473
1476
1479
1482
1485
1488
1491
1494
1497
1500
1503
1506
1509
1512
1515
1518
1521
1524
1527
1530
1533
1536
1539
1542
1545
1548
1551
1554
1557
1560
1563
1566
1569
1572
1575
1578
1581
1584
1587
1590
1593
1596
1599
1602
1605
1608
1611
1614
1617
1620
1623
1626
1629
1632
1635
1638
1641
1644
1647
1650
1653
1656
1659
1662
1665
1668
1671
1674
1677
1680
1683
1686
1689
1692
1695
1698
1701
1704
1707
1710
1713
1716
1719
1722
1725
1728
1731
1734
1737
1740
1743
1746
1749
1752
1755
1758
1761
1764
1767
1770
1773
1776
1779
1782
1785
1788
1791
1794
1797
1800
1803
1806
1809
1812
1815
1818
1821
1824
1827
1830
1833
1836
1839
1842
1845
1848
1851
1854
1857
1860
1863
1866
1869
1872
1875
1878
1881
1884
1887
1890
1893
1896
1899
1902
1905
1908
1911
1914
1917
1920
1923
1926
1929
1932
1935
1938
1941
1944
1947
1950
1953
1956
1959
1962
1965
1968
1971
1974
1977
1980
1983
1986
1989
1992
1995
1998
2001
2004
2007
2010
2013
2016
2019
2022
2025
2028
2031
2034
2037
2040
2043
2046
2049
2052
2055
2058
2061
2064
2067
2070
2073
2076
2079
2082
2085
2088
2091
2094
2097
2100
2103
2106
2109
2112
2115
2118
2121
2124
2127
2130
2133
2136
2139
2142
2145
2148
2151
2154
2157
2160
2163
2166
2169
2172
2175
2178
2181
2184
2187
2190
2193
2196
2199
2202
2205
2208
2211
2214
2217
2220
2223
2226
2229
2232
2235
2238
2241
2244
2247
2250
2253
2256
2259
2262
2265
2268
2271
2274
2277
2280
2283
2286
2289
2292
2295
2298
2301
2304
2307
2310
2313
2316
2319
2322
2325
2328
2331
2334
2337
2340
2343
2346
2349
2352
2355
2358
2361
2364
2367
2370
2373
2376
2379
2382
2385
2388
2391
2394
2397
2400
2403
2406
2409
2412
2415
2418
2421
2424
2427
2430
2433
2436
2439
2442
2445
2448
2451
2454
2457
2460
2463
2466
2469
2472
2475
2478
2481
2484
2487
2490
2493
2496
2499
2502
2505
2508
2511
2514
2517
2520
2523
2526
2529
2532
2535
2538
2541
2544
2547
2550
2553
2556
2559
2562
2565
2568
2571
2574
2577
2580
2583
2586
2589
2592
2595
2598
2601
2604
2607
2610
2613
2616
2619
2622
2625
2628
2631
2634
2637
2640
2643
2646
2649
2652
2655
2658
2661
2664
2667
2670
2673
2676
2679
2682
2685
2688
2691
2694
2697
2700
2703
2706
2709
2712
2715
2718
2721
2724
2727
2730
2733
2736
2739
2742
2745
2748
2751
2754
2757
2760
2763
2766
2769
2772
2775
2778
2781
2784
2787
2790
2793
2796
2799
2802
2805
2808
2811
2814
2817
2820
2823
2826
2829
2832
2835
2838
2841
2844
2847
2850
2853
2856
2859
2862
2865
2868
2871
2874
2877
2880
2883
2886
2889
2892
2895
2898
2901
2904
2907
2910
2913
2916
2919
2922
2925
2928
2931
2934
2937
2940
2943
2946
2949
2952
2955
2958
2961
2964
2967
2970
2973
2976
2979
2982
2985
2988
2991
2994
2997
3000
3003
3006
3009
3012
3015
3018
3021
3024
3027
3030
3033
3036
3039
3042
3045
3048
3051
3054
3057
3060
3063
3066
3069
3072
3075
3078
3081
3084
3087
3090
3093
3096
3099
3102
3105
3108
3111
3114
3117
3120
3123
3126
3129
3132
3135
3138
3141
3144
3147
3150
3153
3156
3159
3162
3165
3168
3171
3174
3177
3180
3183
3186
3189
3192
3195
3198
3201
3204
3207
3210
3213
3216
3219
3222
3225
3228
3231
3234
3237
3240
3243
3246
3249
3252
3255
3258
3261
3264
3267
3270
3273
3276
3279
3282
3285
3288
3291
3294
3297
3300
3303
3306
3309
3312
3315
3318
3321
3324
3327
3330
3333
3336
3339
3342
3345
3348
3351
3354
3357
3360
3363
3366
3369
3372
3375
3378
3381
3384
3387
3390
3393
3396
3399
3402
3405
3408
3411
3414
3417
3420
3423
3426
3429
3432
3435
3438
3441
3444
3447
3450
3453
3456
3459
3462
3465
3468
3471
3474
3477
3480
3483
3486
3489
3492
3495
3498
3501
3504
3507
3510
3513
3516
3519
3522
3525
3528
3531
3534
3537
3540
3543
3546
3549
3552
3555
3558
3561
3564
3567
3570
3573
3576
3579
3582
3585
3588
3591
3594
3597
3600
3603
3606
3609
3612
3615
3618
3621
3624
3627
3630
3633
3636
3639
3642
3645
3648
3651
3654
3657
3660
3663
3666
3669
3672
3675
3678
3681
3684
3687
3690
3693
3696
3699
3702
3705
3708
3711
3714
3717
3720
3723
3726
3729
3732
3735
3738
3741
3744
3747
3750
3753
3756
3759
3762
3765
3768
3771
3774
3777
3780
3783
3786
3789
3792
3795
3798
3801
3804
3807
3810
3813
3816
3819
3822
3825
3828
3831
3834
3837
3840
3843
3846
3849
3852
3855
3858
3861
3864
3867
3870
3873
3876
3879
3882
3885
3888
3891
3894
3897
3900
3903
3906
3909
3912
3915
3918
3921
3924
3927
3930
3933
3936
3939
3942
3945
3948
3951
3954
3957
3960
3963
3966
3969
3972
3975
3978
3981
3984
3987
3990
3993
3996
3999
4002
4005
4008
4011
4014
4017
4020
4023
4026
4029
4032
4035
4038
4041
4044
4047
4050
4053
4056
4059
4062
4065
4068
4071
4074
4077
4080
4083
4086
4089
4092
4095
4098
4101
4104
4107
4110
4113
4116
4119
4122
4125
4128
4131
4134
4137
4140
4143
4146
4149
4152
4155
4158
4161
4164
4167
4170
4173
4176
4179
4182
4185
4188
4191
4194
4197
4200
4203
4206
4209
4212
4215
4218
4221
4224
4227
4230
4233
4236
4239
4242
4245
4248
4251
4254
4257
4260
4263
4266
4269
4272
4275
4278
4281
4284
4287
4290
4293
4296
4299
4302
4305
4308
4311
4314
4317
4320
4323
4326
4329
4332
4335
4338
4341
4344
4347
4350
4353
4356
4359
4362
4365
4368
4371
4374
4377
4380
4383
4386
4389
4392
4395
4398
4401
4404
4407
4410
4413
4416
4419
4422
4425
4428
4431
4434
4437
4440
4443
4446
4449
4452
4455
4458
4461
4464
4467
4470
4473
4476
4479
4482
4485
4488
4491
4494
4497
4500
4503
4506
4509
4512
4515
4518
4521
4524
4527
4530
4533
4536
4539
4542
4545
4548
4551
4554
4557
4560
4563
4566
4569
4572
4575
4578
4581
4584
4587
4590
4593
4596
4599
4602
4605
4608
4611
4614
4617
4620
4623
4626
4629
4632
4635
4638
4641
4644
4647
4650
4653
4656
4659
4662
4665
4668
4671
4674
4677
4680
4683
4686
4689
4692
4695
4698
4701
4704
4707
4710
4713
4716
4719
4722
4725
4728
4731
4734
4737
4740
4743
4746
4749
4752
4755
4758
4761
4764
4767
4770
4773
4776
4779
4782
4785
4788
4791
4794
4797
4800
4803
4806
4809
4812
4815
4818
4821
4824
4827
4830
4833
4836
4839
4842
4845
4848
4851
4854
4857
4860
4863
4866
4869
4872
4875
4878
4881
4884
4887
4890
4893
4896
4899
4902
4905
4908
4911
4914
4917
4920
4923
4926
4929
4932
4935
4938
4941
4944
4947
4950
4953
4956
4959
4962
4965
4968
4971
4974
4977
4980
4983
4986
4989
4992
4995
4998
5001
5004
5007
5010
5013
5016
5019
5022
5025
5028
5031
5034
5037
5040
5043
5046
5049
5052
5055
5058
5061
5064
5067
5070
5073
5076
5079
5082
5085
5088
5091
5094
5097
5100
5103
5106
5109
5112
5115
5118
5121
5124
5127
5130
5133
5136
5139
5142
5145
5148
5151
5154
5157
5160
5163
5166
5169
5172
5175
5178
5181
5184
5187
5190
5193
5196
5199
5202
5205
5208
5211
5214
5217
5220
5223
5226
5229
5232
5235
5238
5241
5244
5247
5250
5253
5256
5259
5262
5265
5268
5271
5274
5277
5280
5283
5286
5289
5292
5295
5298
5301
5304
5307
5310
5313
5316
5319
5322
5325
5328
5331
5334
5337
5340
5343
5346
5349
5352
5355
5358
5361
5364
5367
5370
5373
5376
5379
5382
5385
5388
5391
5394
5397
5400
5403
5406
5409
5412
5415
5418
5421
5424
5427
5430
5433
5436
5439
5442
5445
5448
5451
5454
5457
5460
5463
5466
5469
5472
5475
5478
5481
5484
5487
5490
5493
5496
5499
5502
5505
5508
5511
5514
5517
5520
5523
5526
5529
5532
5535
5538
5541
5544
5547
5550
5553
5556
5559
5562
5565
5568
5571
5574
5577
5580
5583
5586
5589
5592
5595
5598
5601
5604
5607
5610
5613
5616
5619
5622
5625
5628
5631
5634
5637
5640
5643
5646
5649
5652
5655
5658
5661
5664
5667
5670
5673
5676
5679
5682
5685
5688
5691
5694
5697
5700
5703
5706
5709
5712
5715
5718
5721
5724
5727
5730
5733
5736
5739
5742
5745
5748
5751
5754
5757
5760
5763
5766
5769
5772
5775
5778
5781
5784
5787
5790
5793
5796
5799
5802
5805
5808
5811
5814
5817
5820
5823
5826
5829
5832
5835
5838
5841
5844
5847
5850
5853
5856
5859
5862
5865
5868
5871
5874
5877
5880
5883
5886
5889
5892
5895
5898
5901
5904
5907
5910
5913
5916
5919
5922
5925
5928
5931
5934
5937
5940
5943
5946
5949
5952
5955
5958
5961
5964
5967
5970
5973
5976
5979
5982
5985
5988
5991
5994
5997
6000
6003
6006
6009
6012
6015
6018
6021
6024
6027
6030
6033
6036
6039
6042
6045
6048
6051
6054
6057
6060
6063
6066
6069
6072
6075
6078
6081
6084
6087
6090
6093
6096
6099
6102
6105
6108
6111
6114
6117
6120
6123
6126
6129
6132
6135
6138
6141
6144
6147
6150
6153
6156
6159
6162
6165
6168
6171
6174
6177
6180
6183
6186
6189
6192
6195
6198
6201
6204
6207
6210
6213
6216
6219
6222
6225
6228
6231
6234
6237
6240
6243
6246
6249
6252
6255
6258
6261
6264
6267
6270
6273
6276
6279
6282
6285
6288
6291
6294
6297
6300
6303
6306
6309
6312
6315
6318
6321
6324
6327
6330
6333
6336
6339
6342
6345
6348
6351
6354
6357
6360
6363
6366
6369
6372
6375
6378
6381
6384
6387
6390
6393
6396
6399
6402
6405
6408
6411
6414
6417
6420
6423
6426
6429
6432
6435
6438
6441
6444
6447
6450
6453
6456
6459
6462
6465
6468
6471
6474
6477
6480
6483
6486
6489
6492
6495
6498
6501
6504
6507
6510
6513
6516
6519
6522
6525
6528
6531
6534
6537
6540
6543
6546
6549
6552
6555
6558
6561
6564
6567
6570
6573
6576
6579
6582
6585
6588
6591
6594
6597
6600
6603
6606
6609
6612
6615
6618
6621
6624
6627
6630
6633
6636
6639
6642
6645
6648
6651
6654
6657
6660
6663
6666
6669
6672
6675
6678
6681
6684
6687
6690
6693
6696
6699
6702
6705
6708
6711
6714
6717
6720
6723
6726
6729
6732
6735
6738
6741
6744
6747
6750
6753
6756
6759
6762
6765
6768
6771
6774
6777
6780
6783
6786
6789
6792
6795
6798
6801
6804
6807
6810
6813
6816
6819
6822
6825
6828
6831
6834
6837
6840
6843
6846
6849
6852
6855
6858
6861
6864
6867
6870
6873
6876
6879
6882
6885
6888
6891
6894
6897
6900
6903
6906
6909
6912
6915
6918
6921
6924
6927
6930
6933
6936
6939
6942
6945
6948
6951
6954
6957
6960
6963
6966
6969
6972
6975
6978
6981
6984
6987
6990
6993
6996
6999
7002
7005
7008
7011
7014
7017
7020
7023
7026
7029
7032
7035
7038
7041
7044
7047
7050
7053
7056
7059
7062
7065
7068
7071
7074
7077
7080
7083
7086
7089
7092
7095
7098
7101
7104
7107
7110
7113
7116
7119
7122
7125
7128
7131
7134
7137
7140
7143
7146
7149
7152
7155
7158
7161
7164
7167
7170
7173
7176
7179
7182
7185
7188
7191
7194
7197
7200
7203
7206
7209
7212
7215
7218
7221
7224
7227
7230
7233
7236
7239
7242
7245
7248
7251
7254
7257
7260
7263
7266
7269
7272
7275
7278
7281
7284
7287
7290
7293
7296
7299
7302
7305
7308
7311
7314
7317
7320
7323
7326
7329
7332
7335
7338
7341
7344
7347
7350
7353
7356
7359
7362
7365
7368
7371
7374
7377
7380
7383
7386
7389
7392
7395
7398
7401
7404
7407
7410
7413
7416
7419
7422
7425
7428
7431
7434
7437
7440
7443
7446
7449
7452
7455
7458
7461
7464
7467
7470
7473
7476
7479
7482
7485
7488
7491
7494
7497
7500
7503
7506
7509
7512
7515
7518
7521
7524
7527
7530
7533
7536
7539
7542
7545
7548
7551
7554
7557
7560
7563
7566
7569
7572
7575
7578
7581
7584
7587
7590
7593
7596
7599
7602
7605
7608
7611
7614
7617
7620
7623
7626
7629
7632
7635
7638
7641
7644
7647
7650
7653
7656
7659
7662
7665
7668
7671
7674
7677
7680
7683
7686
7689
7692
7695
7698
7701
7704
7707
7710
7713
7716
7719
7722
7725
7728
7731
7734
7737
7740
7743
7746
7749
7752
7755
7758
7761
7764
7767
7770
7773
7776
7779
7782
7785
7788
7791
7794
7797
7800
7803
7806
7809
7812
7815
7818
7821
7824
7827
7830
7833
7836
7839
7842
7845
7848
7851
7854
7857
7860
7863
7866
7869
7872
7875
7878
7881
7884
7887
7890
7893
7896
7899
7902
7905
7908
7911
7914
7917
7920
7923
7926
7929
7932
7935
7938
7941
7944
7947
7950
7953
7956
7959
7962
7965
7968
7971
7974
7977
7980
7983
7986
7989
7992
7995
7998
8001
8004
8007
8010
8013
8016
8019
8022
8025
8028
8031
8034
8037
8040
8043
8046
8049
8052
8055
8058
8061
8064
8067
8070
8073
8076
8079
8082
8085
8088
8091
8094
8097
8100
8103
8106
8109
8112
8115
8118
8121
8124
8127
8130
8133
8136
8139
8142
8145
8148
8151
8154
8157
8160
8163
8166
8169
8172
8175
8178
8181
8184
8187
8190
8193
8196
8199
8202
8205
8208
8211
8214
8217
8220
8223
8226
8229
8232
8235
8238
8241
8244
8247
8250
8253
8256
8259
8262
8265
8268
8271
8274
8277
8280
8283
8286
8289
8292
8295
8298
8301
8304
8307
8310
8313
8316
8319
8322
8325
8328
8331
8334
8337
8340
8343
8346
8349
8352
8355
8358
8361
8364
8367
8370
8373
8376
8379
8382
8385
8388
8391
8394
8397
8400
8403
8406
8409
8412
8415
8418
8421
8424
8427
8430
8433
8436
8439
8442
8445
8448
8451
8454
8457
8460
8463
8466
8469
8472
8475
8478
8481
8484
8487
8490
8493
8496
8499
8502
8505
8508
8511
8514
8517
8520
8523
8526
8529
8532
8535
8538
8541
8544
8547
8550
8553
8556
8559
8562
8565
8568
8571
8574
8577
8580
8583
8586
8589
8592
8595
8598
8601
8604
8607
8610
8613
8616
8619
8622
8625
8628
8631
8634
8637
8640
8643
8646
8649
8652
8655
8658
8661
8664
8667
8670
8673
8676
8679
8682
8685
8688
8691
8694
8697
8700
8703
8706
8709
8712
8715
8718
8721
8724
8727
8730
8733
8736
8739
8742
8745
8748
8751
8754
8757
8760
8763
8766
8769
8772
8775
8778
8781
8784
8787
8790
8793
8796
8799
8802
8805
8808
8811
8814
8817
8820
8823
8826
8829
8832
8835
8838
8841
8844
8847
8850
8853
8856
8859
8862
8865
8868
8871
8874
8877
8880
8883
8886
8889
8892
8895
8898
8901
8904
8907
8910
8913
8916
8919
8922
8925
8928
8931
8934
8937
8940
8943
8946
8949
8952
8955
8958
8961
8964
8967
8970
8973
8976
8979
8982
8985
8988
8991
8994
8997
9000
9003
9006
9009
9012
9015
9018
9021
9024
9027
9030
9033
9036
9039
9042
9045
9048
9051
9054
9057
9060
9063
9066
9069
9072
9075
9078
9081
9084
9087
9090
9093
9096
9099
9102
9105
9108
9111
9114
9117
9120
9123
9126
9129
9132
9135
9138
9141
9144
9147
9150
9153
9156
9159
9162
9165
9168
9171
9174
9177
9180
9183
9186
9189
9192
9195
9198
9201
9204
9207
9210
9213
9216
</DataArray>
<DataArray type="UInt8" Name="types" format="ascii">
5
5
5
5
5
5
5
5
5
5
5
5
5
5
5
5
5
5
5
5
5
5
5
5
5
5
5
5
5
5
5
5
5
5
5
5
5
5
5
5
5
5
5
5
5
5
5
5
5
5
5
5
5
5
5
5
5
5
5
5
5
5
5
5
5
5
5
5
5
5
5
5
5
5
5
5
5
5
5
5
5
5
5
5
5
5
5
5
5
5
5
5
5
5
5
5
5
5
5
5
5
5
5
5
5
5
5
5
5
5
5
5
5
5
5
5
5
5
5
5
5
5
5
5
5
5
5
5
5
5
5
5
5
5
5
5
5
5
5
5
5
5
5
5
5
5
5
5
5
5
5
5
5
5
5
5
5
5
5
5
5
5
5
5
5
5
5
5
5
5
5
5
5
5
5
5
5
5
5
5
5
5
5
5
5
5
5
5
5
5
5
5
5
5
5
5
5
5
5
5
5
5
5
5
5
5
5
5
5
5
5
5
5
5
5
5
5
5
5
5
5
5
5
5
5
5
5
5
5
5
5
5
5
5
5
5
5
5
5
5
5
5
5
5
5
5
5
5
5
5
5
5
5
5
5
5
5
5
5
5
5
5
5
5
5
5
5
5
5
5
5
5
5
5
5
5
5
5
5
5
5
5
5
5
5
5
5
5
5
5
5
5
5
5
5
5
5
5
5
5
5
5
5
5
5
5
5
5
5
5
5
5
5
5
5
5
5
5
5
5
5
5
5
5
5
5
5
5
5
5
5
5
5
5
5
5
5
5
5
5
5
5
5
5
5
5
5
5
5
5
5
5
5
5
5
5
5
5
5
5
5
5
5
5
5
5
5
5
5
5
5
5
5
5
5
5
5
5
5
5
5
5
5
5
5
5
5
5
5
5
5
5
5
5
5
5
5
5
5
5
5
5
5
5
5
5
5
5
5
5
5
5
5
5
5
5
5
5
5
5
5
5
5
5
5
5
5
5
5
5
5
5
5
5
5
5
5
5
5
5
5
5
5
5
5
5
5
5
5
5
5
5
5
5
5
5
5
5
5
5
5
5
5
5
5
5
5
5
5
5
5
5
5
5
5
5
5
5
5
5
5
5
5
5
5
5
5
5
5
5
5
5
5
5
5
5
5
5
5
5
5
5
5
5
5
5
5
5
5
5
5
5
5
5
5
5
5
5
5
5
5
5
5
5
5
5
5
5
5
5
5
5
5
5
5
5
5
5
5
5
5
5
5
5
5
5
5
5
5
5
5
5
5
5
5
5
5
5
5
5
5
5
5
5
5
5
5
5
5
5
5
5
5
5
5
5
5
5
5
5
5
5
5
5
5
5
5
5
5
5
5
5
5
5
5
5
5
5
5
5
5
5
5
5
5
5
5
5
5
5
5
5
5
5
5
5
5
5
5
5
5
5
5
5
5
5
5
5
5
5
5
5
5
5
5
5
5
5
5
5
5
5
5
5
5
5
5
5
5
5
5
5
5
5
5
5
5
5
5
5
5
5
5
5
5
5
5
5
5
5
5
5
5
5
5
5
5
5
5
5
5
5
5
5
5
5
5
5
5
5
5
5
5
5
5
5
5
5
5
5
5
5
5
5
5
5
5
5
5
5
5
5
5
5
5
5
5
5
5
5
5
5
5
5
5
5
5
5
5
5
5
5
5
5
5
5
5
5
5
5
5
5
5
5
5
5
5
5
5
5
5
5
5
5
5
5
5
5
5
5
5
5
5
5
5
5
5
5
5
5
5
5
5
5
5
5
5
5
5
5
5
5
5
5
5
5
5
5
5
5
5
5
5
5
5
5
5
5
5
5
5
5
5
5
5
5
5
5
5
5
5
5
5
5
5
5
5
5
5
5
5
5
5
5
5
5
5
5
5
5
5
5
5
5
5
5
5
5
5
5
5
5
5
5
5
5
5
5
5
5
5
5
5
5
5
5
5
5
5
5
5
5
5
5
5
5
5
5
5
5
5
5
5
5
5
5
5
5
5
5
5
5
5
5
5
5
5
5
5
5
5
5
5
5
5
5
5
5
5
5
5
5
5
5
5
5
5
5
5
5
5
5
5
5
5
5
5
5
5
5
5
5
5
5
5
5
5
5
5
5
5
5
5
5
5
5
5
5
5
5
5
5
5
5
5
5
5
5
5
5
5
5
5
5
5
5
5
5
5
5
5
5
5
5
5
5
5
5
5
5
5
5
5
5
5
5
5
5
5
5
5
5
5
5
5
5
5
5
5
5
5
5
5
5
5
5
5
5
5
5
5
5
5
5
5
5
5
5
5
5
5
5
5
5
5
5
5
5
5
5
5
5
5
5
5
5
5
5
5
5
5
5
5
5
5
5
5
5
5
5
5
5
5
5
5
5
5
5
5
5
5
5
5
5
5
5
5
5
5
5
5
5
5
5
5
5
5
5
5
5
5
5
5
5
5
5
5
5
5
5
5
5
5
5
5
5
5
5
5
5
5
5
5
5
5
5
5
5
5
5
5
5
5
5
5
5
5
5
5
5
5
5
5
5
5
5
5
5
5
5
5
5
5
5
5
5
5
5
5
5
5
5
5
5
5
5
5
5
5
5
5
5
5
5
5
5
5
5
5
5
5
5
5
5
5
5
5
5
5
5
5
5
5
5
5
5
5
5
5
5
5
5
5
5
5
5
5
5
5
5
5
5
5
5
5
5
5
5
5
5
5
5
5
5
5
5
5
5
5
5
5
5
5
5
5
5
5
5
5
5
5
5
5
5
5
5
5
5
5
5
5
5
5
5
5
5
5
5
5
5
5
5
5
5
5
5
5
5
5
5
5
5
5
5
5
5
5
5
5
5
5
5
5
5
5
5
5
5
5
5
5
5
5
5
5
5
5
5
5
5
5
5
5
5
5
5
5
5
5
5
5
5
5
5
5
5
5
5
5
5
5
5
5
5
5
5
5
5
5
5
5
5
5
5
5
5
5
5
5
5
5
5
5
5
5
5
5
5
5
5
5
5
5
5
5
5
5
5
5
5
5
5
5
5
5
5
5
5
5
5
5
5
5
5
5
5
5
5
5
5
5
5
5
5
5
5
5
5
5
5
5
5
5
5
5
5
5
5
5
5
5
5
5
5
5
5
5
5
5
5
5
5
5
5
5
5
5
5
5
5
5
5
5
5
5
5
5
5
5
5
5
5
5
5
5
5
5
5
5
5
5
5
5
5
5
5
5
5
5
5
5
5
5
5
5
5
5
5
5
5
5
5
5
5
5
5
5
5
5
5
5
5
5
5
5
5
5
5
5
5
5
5
5
5
5
5
5
5
5
5
5
5
5
5
5
5
5
5
5
5
5
5
5
5
5
5
5
5
5
5
5
5
5
5
5
5
5
5
5
5
5
5
5
5
5
5
5
5
5
5
5
5
5
5
5
5
5
5
5
5
5
5
5
5
5
5
5
5
5
5
5
5
5
5
5
5
5
5
5
5
5
5
5
5
5
5
5
5
5
5
5
5
5
5
5
5
5
5
5
5
5
5
5
5
5
5
5
5
5
5
5
5
5
5
5
5
5
5
5
5
5
5
5
5
5
5
5
5
5
5
5
5
5
5
5
5
5
5
5
5
5
5
5
5
5
5
5
5
5
5
5
5
5
5
5
5
5
5
5
5
5
5
5
5
5
5
5
5
5
5
5
5
5
5
5
5
5
5
5
5
5
5
5
5
5
5
5
5
5
5
5
5
5
5
5
5
5
5
5
5
5
5
5
5
5
5
5
5
5
5
5
5
5
5
5
5
5
5
5
5
5
5
5
5
5
5
5
5
5
5
5
5
5
5
5
5
5
5
5
5
5
5
5
5
5
5
5
5
5
5
5
5
5
5
5
5
5
5
5
5
5
5
5
5
5
5
5
5
5
5
5
5
5
5
5
5
5
5
5
5
5
5
5
5
5
5
5
5
5
5
5
5
5
5
5
5
5
5
5
5
5
5
5
5
5
5
5
5
5
5
5
5
5
5
5
5
5
5
5
5
5
5
5
5
5
5
5
5
5
5
5
5
5
5
5
5
5
5
5
5
5
5
5
5
5
5
5
5
5
5
5
5
5
5
5
5
5
5
5
5
5
5
5
5
5
5
5
5
5
5
5
5
5
5
5
5
5
5
5
5
5
5
5
5
5
5
5
5
5
5
5
5
5
5
5
5
5
5
5
5
5
5
5
5
5
5
5
5
5
5
5
5
5
5
5
5
5
5
5
5
5
5
5
5
5
5
5
5
5
5
5
5
5
5
5
5
5
5
5
5
5
5
5
5
5
5
5
5
5
5
5
5
5
5
5
5
5
5
5
5
5
5
5
5
5
5
5
5
5
5
5
5
5
5
5
5
5
5
5
5
5
5
5
5
5
5
5
5
5
5
5
5
5
5
5
5
5
5
5
5
5
5
5
5
5
5
5
5
5
5
5
5
5
5
5
5
5
5
5
5
5
5
5
5
5
5
5
5
5
5
5
5
5
5
5
5
5
5
5
5
5
5
5
5
5
5
5
5
5
5
5
5
5
5
5
5
5
5
5
5
5
5
5
5
5
5
5
5
5
5
5
5
5
5
5
5
5
5
5
5
5
5
5
5
5
5
5
5
5
5
5
5
5
5
5
5
5
5
5
5
5
5
5
5
5
5
5
5
5
5
5
5
5
5
5
5
5
5
5
5
5
5
5
5
5
5
5
5
5
5
5
5
5
5
5
5
5
5
5
5
5
5
5
5
5
5
5
5
5
5
5
5
5
5
5
5
5
5
5
5
5
5
5
5
5
5
5
5
5
5
5
5
5
5
5
5
5
5
5
5
5
5
5
5
5
5
5
5
5
5
5
5
5
5
5
5
5
5
5
5
5
5
5
5
5
5
5
5
5
5
5
5
5
5
5
5
5
5
5
5
5
5
5
5
5
5
5
5
5
5
5
5
5
5
5
5
5
5
5
5
5
5
5
5
5
5
5
5
5
5
5
5
5
5
5
5
5
5
5
5
5
5
5
5
5
5
5
5
5
5
5
5
5
5
5
5
5
5
5
5
5
5
5
5
5
5
5
5
5
5
5
5
5
5
5
5
5
5
5
5
5
5
5
5
5
5
5
5
5
5
5
5
5
5
5
5
5
5
5
5
5
5
5
5
5
5
5
5
5
5
5
5
5
5
5
5
5
5
5
5
5
5
5
5
5
5
5
5
5
5
5
5
5
5
5
5
5
5
5
5
5
5
5
5
5
5
5
5
5
5
5
5
5
5
5
5
5
5
5
5
5
5
5
5
5
5
5
5
5
5
5
5
5
5
5
5
5
5
5
5
5
5
5
5
5
5
5
5
5
5
5
5
5
5
5
5
5
5
5
5
5
5
5
5
5
5
5
5
5
5
5
5
5
5
5
5
5
5
5
5
5
5
5
5
5
5
5
5
5
5
5
5
5
5
5
5
5
5
5
5
5
5
5
5
5
5
5
5
5
5
5
5
5
5
5
5
5
5
5
5
5
5
5
5
5
5
5
5
5
5
5
5
5
5
5
5
5
5
5
5
5
5
5
5
5
5
5
5
5
5
5
5
5
5
5
5
5
5
5
5
5
5
5
5
5
5
5
5
5
5
5
5
5
5
5
5
5
5
5
5
5
5
5
5
5
5
5
5
5
5
5
5
5
5
5
5
5
5
5
5
5
5
5
5
5
5
5
5
5
5
5
5
5
5
5
5
5
5
5
5
5
5
5
5
5
5
5
5
5
5
5
5
5
5
5
5
5
5
5
5
5
5
5
5
5
5
5
5
5
5
5
5
5
5
5
5
5
5
5
5
5
5
5
5
5
5
5
5
5
5
5
5
5
5
5
5
5
5
5
5
5
5
5
5
5
5
5
5
5
5
5
5
5
5
5
5
5
5
5
5
5
5
5
5
5
5
5
5
5
5
5
5
5
5
5
5
5
5
5
5
5
5
5
5
5
5
5
5
5
5
5
5
5
5
5
5
5
5
5
5
5
5
5
5
5
5
5
5
5
5
5
5
5
5
5
5
5
5
5
5
5
5
5
5
5
5
5
5
5
5
5
5
5
5
5
5
5
5
5
5
5
5
5
5
5
5
5
5
5
5
5
5
5
5
5
5
5
5
5
5
5
5
5
5
5
5
5
5
5
5
5
5
5
5
5
5
5
5
5
5
5
5
5
5
5
5
5
5
5
5
5
5
5
5
5
5
5
5
5
5
5
5
5
5
5
5
5
5
5
5
5
5
5
5
5
5
5
5
5
5
5
5
5
5
5
5
5
5
5
5
5
5
5
5
5
5
5
5
5
5
5
5
5
5
5
5
5
5
5
5
5
5
5
5
5
5
5
5
5
5
5
5
5
5
5
5
5
5
5
5
5
5
5
5
5
5
5
5
5
5
5
5
5
5
5
5
5
5
5
5
5
5
5
5
5
5
5
5
5
5
5
5
5
5
5
5
5
5
5
5
5
5
5
5
5
5
5
5
5
5
5
5
5
5
5
5
5
5
5
5
5
5
5
5
5
5
5
5
5
5
5
5
5
5
5
5
5
5
5
5
5
5
5
5
5
5
5
5
5
5
5
5
5
5
5
5
5
5
5
5
5
5
5
5
5
5
5
5
5
5
5
5
5
5
5
5
5
5
5
5
5
5
5
5
5
5
5
5
5
5
5
5
5
5
5
5
5
5
5
5
5
5
5
5
5
5
5
5
5
5
5
5
5
5
5
5
5
5
5
5
5
5
5
5
5
5
5
5
5
5
5
5
5
5
5
5
5
5
5
5
5
5
5
5
5
5
5
5
5
5
5
5
5
5
5
5
5
5
5
5
5
5
5
5
5
5
5
5
5
5
5
5
5
5
5
5
5
5
5
5
5
5
5
5
5
5
5
5
5
5
5
5
5
5
5
5
5
5
5
5
5
5
5
5
5
5
5
5
5
5
5
5
</DataArray>
</Cells>
<PointData>
<DataArray type="Float32" Name="V1" format="ascii">
0.000000e+00
0.000000e+00
0.000000e+00
0.000000e+00
0.000000e+00
0.000000e+00
0.000000e+00
0.000000e+00
0.000000e+00
0.000000e+00
0.000000e+00
0.000000e+00
0.000000e+00
0.000000e+00
0.000000e+00
0.000000e+00
0.000000e+00
0.000000e+00
0.000000e+00
0.000000e+00
0.000000e+00
0.000000e+00
0.000000e+00
0.000000e+00
0.000000e+00
0.000000e+00
0.000000e+00
0.000000e+00
0.000000e+00
0.000000e+00
0.000000e+00
0.000000e+00
0.000000e+00
0.000000e+00
0.000000e+00
0.000000e+00
0.000000e+00
0.000000e+00
0.000000e+00
0.000000e+00
0.000000e+00
0.000000e+00
0.000000e+00
0.000000e+00
0.000000e+00
0.000000e+00
0.000000e+00
0.000000e+00
0.000000e+00
0.000000e+00
0.000000e+00
0.000000e+00
0.000000e+00
0.000000e+00
0.000000e+00
0.000000e+00
0.000000e+00
0.000000e+00
0.000000e+00
0.000000e+00
0.000000e+00
0.000000e+00
0.000000e+00
0.000000e+00
0.000000e+00
0.000000e+00
0.000000e+00
0.000000e+00
0.000000e+00
0.000000e+00
0.000000e+00
0.000000e+00
0.000000e+00
0.000000e+00
0.000000e+00
0.000000e+00
0.000000e+00
0.000000e+00
0.000000e+00
0.000000e+00
0.000000e+00
0.000000e+00
0.000000e+00
0.000000e+00
0.000000e+00
0.000000e+00
0.000000e+00
0.000000e+00
0.000000e+00
0.000000e+00
0.000000e+00
0.000000e+00
0.000000e+00
0.000000e+00
0.000000e+00
0.000000e+00
0.000000e+00
0.000000e+00
0.000000e+00
0.000000e+00
0.000000e+00
0.000000e+00
0.000000e+00
0.000000e+00
0.000000e+00
0.000000e+00
0.000000e+00
0.000000e+00
0.000000e+00
0.000000e+00
0.000000e+00
0.000000e+00
0.000000e+00
0.000000e+00
0.000000e+00
0.000000e+00
0.000000e+00
0.000000e+00
0.000000e+00
0.000000e+00
0.000000e+00
0.000000e+00
0.000000e+00
0.000000e+00
0.000000e+00
0.000000e+00
0.000000e+00
0.000000e+00
0.000000e+00
0.000000e+00
0.000000e+00
0.000000e+00
0.000000e+00
0.000000e+00
0.000000e+00
0.000000e+00
0.000000e+00
0.000000e+00
0.000000e+00
0.000000e+00
0.000000e+00
0.000000e+00
0.000000e+00
0.000000e+00
0.000000e+00
0.000000e+00
0.000000e+00
0.000000e+00
0.000000e+00
0.000000e+00
0.000000e+00
0.000000e+00
0.000000e+00
0.000000e+00
0.000000e+00
0.000000e+00
0.000000e+00
0.000000e+00
0.000000e+00
0.000000e+00
0.000000e+00
0.000000e+00
0.000000e+00
0.000000e+00
0.000000e+00
0.000000e+00
0.000000e+00
0.000000e+00
0.000000e+00
0.000000e+00
0.000000e+00
0.000000e+00
0.000000e+00
0.000000e+00
0.000000e+00
0.000000e+00
0.000000e+00
0.000000e+00
0.000000e+00
0.000000e+00
0.000000e+00
0.000000e+00
0.000000e+00
0.000000e+00
0.000000e+00
0.000000e+00
0.000000e+00
0.000000e+00
0.000000e+00
0.000000e+00
0.000000e+00
0.000000e+00
0.000000e+00
0.000000e+00
0.000000e+00
0.000000e+00
0.000000e+00
0.000000e+00
0.000000e+00
0.000000e+00
0.000000e+00
0.000000e+00
0.000000e+00
0.000000e+00
0.000000e+00
0.000000e+00
0.000000e+00
0.000000e+00
0.000000e+00
0.000000e+00
0.000000e+00
0.000000e+00
0.000000e+00
0.000000e+00
0.000000e+00
0.000000e+00
0.000000e+00
0.000000e+00
0.000000e+00
0.000000e+00
0.000000e+00
0.000000e+00
0.000000e+00
0.000000e+00
0.000000e+00
0.000000e+00
0.000000e+00
0.000000e+00
0.000000e+00
0.000000e+00
0.000000e+00
0.000000e+00
0.000000e+00
0.000000e+00
0.000000e+00
0.000000e+00
0.000000e+00
0.000000e+00
0.000000e+00
0.000000e+00
0.000000e+00
0.000000e+00
0.000000e+00
0.000000e+00
0.000000e+00
0.000000e+00
0.000000e+00
0.000000e+00
0.000000e+00
0.000000e+00
0.000000e+00
0.000000e+00
0.000000e+00
0.000000e+00
0.000000e+00
0.000000e+00
0.000000e+00
0.000000e+00
0.000000e+00
0.000000e+00
0.000000e+00
0.000000e+00
0.000000e+00
0.000000e+00
0.000000e+00
0.000000e+00
0.000000e+00
0.000000e+00
0.000000e+00
0.000000e+00
0.000000e+00
0.000000e+00
0.000000e+00
0.000000e+00
0.000000e+00
0.000000e+00
0.000000e+00
0.000000e+00
0.000000e+00
0.000000e+00
0.000000e+00
0.000000e+00
0.000000e+00
0.000000e+00
0.000000e+00
0.000000e+00
0.000000e+00
0.000000e+00
0.000000e+00
0.000000e+00
0.000000e+00
0.000000e+00
0.000000e+00
0.000000e+00
0.000000e+00
0.000000e+00
0.000000e+00
0.000000e+00
0.000000e+00
0.000000e+00
0.000000e+00
0.000000e+00
0.000000e+00
0.000000e+00
0.000000e+00
0.000000e+00
0.000000e+00
0.000000e+00
0.000000e+00
0.000000e+00
0.000000e+00
0.000000e+00
0.000000e+00
0.000000e+00
0.000000e+00
0.000000e+00
0.000000e+00
0.000000e+00
0.000000e+00
0.000000e+00
0.000000e+00
0.000000e+00
0.000000e+00
0.000000e+00
0.000000e+00
0.000000e+00
0.000000e+00
0.000000e+00
0.000000e+00
0.000000e+00
0.000000e+00
0.000000e+00
0.000000e+00
0.000000e+00
0.000000e+00
0.000000e+00
0.000000e+00
0.000000e+00
0.000000e+00
0.000000e+00
0.000000e+00
0.000000e+00
0.000000e+00
0.000000e+00
0.000000e+00
0.000000e+00
0.000000e+00
0.000000e+00
0.000000e+00
0.000000e+00
0.000000e+00
0.000000e+00
0.000000e+00
0.000000e+00
0.000000e+00
0.000000e+00
0.000000e+00
0.000000e+00
0.000000e+00
0.000000e+00
0.000000e+00
0.000000e+00
0.000000e+00
0.000000e+00
0.000000e+00
0.000000e+00
0.000000e+00
0.000000e+00
0.000000e+00
0.000000e+00
0.000000e+00
0.000000e+00
0.000000e+00
0.000000e+00
0.000000e+00
0.000000e+00
0.000000e+00
0.000000e+00
0.000000e+00
0.000000e+00
0.000000e+00
0.000000e+00
0.000000e+00
0.000000e+00
0.000000e+00
0.000000e+00
0.000000e+00
0.000000e+00
0.000000e+00
0.000000e+00
0.000000e+00
0.000000e+00
0.000000e+00
0.000000e+00
0.000000e+00
0.000000e+00
0.000000e+00
0.000000e+00
0.000000e+00
0.000000e+00
0.000000e+00
0.000000e+00
0.000000e+00
0.000000e+00
0.000000e+00
0.000000e+00
0.000000e+00
0.000000e+00
0.000000e+00
0.000000e+00
0.000000e+00
0.000000e+00
0.000000e+00
0.000000e+00
0.000000e+00
0.000000e+00
0.000000e+00
0.000000e+00
0.000000e+00
0.000000e+00
0.000000e+00
0.000000e+00
0.000000e+00
0.000000e+00
0.000000e+00
0.000000e+00
0.000000e+00
0.000000e+00
0.000000e+00
0.000000e+00
0.000000e+00
0.000000e+00
0.000000e+00
0.000000e+00
0.000000e+00
0.000000e+00
0.000000e+00
0.000000e+00
0.000000e+00
0.000000e+00
0.000000e+00
0.000000e+00
0.000000e+00
0.000000e+00
0.000000e+00
0.000000e+00
0.000000e+00
0.000000e+00
0.000000e+00
0.000000e+00
0.000000e+00
0.000000e+00
0.000000e+00
0.000000e+00
0.000000e+00
0.000000e+00
0.000000e+00
0.000000e+00
0.000000e+00
0.000000e+00
0.000000e+00
0.000000e+00
0.000000e+00
0.000000e+00
0.000000e+00
0.000000e+00
0.000000e+00
0.000000e+00
0.000000e+00
0.000000e+00
0.000000e+00
0.000000e+00
0.000000e+00
0.000000e+00
0.000000e+00
0.000000e+00
0.000000e+00
0.000000e+00
0.000000e+00
0.000000e+00
0.000000e+00
0.000000e+00
0.000000e+00
0.000000e+00
0.000000e+00
0.000000e+00
0.000000e+00
0.000000e+00
0.000000e+00
0.000000e+00
0.000000e+00
0.000000e+00
0.000000e+00
0.000000e+00
0.000000e+00
0.000000e+00
0.000000e+00
0.000000e+00
0.000000e+00
0.000000e+00
0.000000e+00
0.000000e+00
0.000000e+00
0.000000e+00
0.000000e+00
0.000000e+00
0.000000e+00
0.000000e+00
0.000000e+00
0.000000e+00
0.000000e+00
0.000000e+00
0.000000e+00
0.000000e+00
0.000000e+00
0.000000e+00
0.000000e+00
0.000000e+00
0.000000e+00
0.000000e+00
0.000000e+00
0.000000e+00
0.000000e+00
0.000000e+00
0.000000e+00
0.000000e+00
0.000000e+00
0.000000e+00
0.000000e+00
0.000000e+00
0.000000e+00
0.000000e+00
0.000000e+00
0.000000e+00
0.000000e+00
0.000000e+00
0.000000e+00
0.000000e+00
0.000000e+00
0.000000e+00
0.000000e+00
0.000000e+00
0.000000e+00
0.000000e+00
0.000000e+00
0.000000e+00
0.000000e+00
0.000000e+00
0.000000e+00
0.000000e+00
0.000000e+00
0.000000e+00
0.000000e+00
0.000000e+00
0.000000e+00
0.000000e+00
0.000000e+00
0.000000e+00
0.000000e+00
0.000000e+00
0.000000e+00
0.000000e+00
0.000000e+00
0.000000e+00
0.000000e+00
0.000000e+00
0.000000e+00
0.000000e+00
0.000000e+00
0.000000e+00
0.000000e+00
0.000000e+00
0.000000e+00
0.000000e+00
0.000000e+00
0.000000e+00
0.000000e+00
0.000000e+00
0.000000e+00
0.000000e+00
0.000000e+00
0.000000e+00
0.000000e+00
0.000000e+00
0.000000e+00
0.000000e+00
0.000000e+00
0.000000e+00
0.000000e+00
0.000000e+00
0.000000e+00
0.000000e+00
0.000000e+00
0.000000e+00
0.000000e+00
0.000000e+00
0.000000e+00
0.000000e+00
0.000000e+00
0.000000e+00
0.000000e+00
0.000000e+00
0.000000e+00
0.000000e+00
0.000000e+00
0.000000e+00
0.000000e+00
0.000000e+00
0.000000e+00
0.000000e+00
0.000000e+00
0.000000e+00
0.000000e+00
0.000000e+00
0.000000e+00
0.000000e+00
0.000000e+00
0.000000e+00
0.000000e+00
0.000000e+00
0.000000e+00
0.000000e+00
0.000000e+00
0.000000e+00
0.000000e+00
0.000000e+00
0.000000e+00
0.000000e+00
0.000000e+00
0.000000e+00
0.000000e+00
0.000000e+00
0.000000e+00
0.000000e+00
0.000000e+00
0.000000e+00
0.000000e+00
0.000000e+00
0.000000e+00
0.000000e+00
0.000000e+00
0.000000e+00
0.000000e+00
0.000000e+00
0.000000e+00
0.000000e+00
0.000000e+00
0.000000e+00
0.000000e+00
0.000000e+00
0.000000e+00
0.000000e+00
0.000000e+00
0.000000e+00
0.000000e+00
0.000000e+00
0.000000e+00
0.000000e+00
0.000000e+00
0.000000e+00
0.000000e+00
0.000000e+00
0.000000e+00
0.000000e+00
0.000000e+00
0.000000e+00
0.000000e+00
0.000000e+00
0.000000e+00
0.000000e+00
0.000000e+00
0.000000e+00
0.000000e+00
0.000000e+00
0.000000e+00
0.000000e+00
0.000000e+00
0.000000e+00
0.000000e+00
0.000000e+00
0.000000e+00
0.000000e+00
0.000000e+00
0.000000e+00
0.000000e+00
0.000000e+00
0.000000e+00
0.000000e+00
0.000000e+00
0.000000e+00
0.000000e+00
0.000000e+00
0.000000e+00
0.000000e+00
0.000000e+00
0.000000e+00
0.000000e+00
0.000000e+00
0.000000e+00
0.000000e+00
0.000000e+00
0.000000e+00
0.000000e+00
0.000000e+00
0.000000e+00
0.000000e+00
0.000000e+00
0.000000e+00
0.000000e+00
0.000000e+00
0.000000e+00
0.000000e+00
0.000000e+00
0.000000e+00
0.000000e+00
0.000000e+00
0.000000e+00
0.000000e+00
0.000000e+00
0.000000e+00
0.000000e+00
0.000000e+00
0.000000e+00
0.000000e+00
0.000000e+00
0.000000e+00
0.000000e+00
0.000000e+00
0.000000e+00
0.000000e+00
0.000000e+00
0.000000e+00
0.000000e+00
0.000000e+00
0.000000e+00
0.000000e+00
0.000000e+00
0.000000e+00
0.000000e+00
0.000000e+00
0.000000e+00
0.000000e+00
0.000000e+00
0.000000e+00
0.000000e+00
0.000000e+00
0.000000e+00
0.000000e+00
0.000000e+00
0.000000e+00
0.000000e+00
0.000000e+00
0.000000e+00
0.000000e+00
0.000000e+00
0.000000e+00
0.000000e+00
0.000000e+00
0.000000e+00
0.000000e+00
0.000000e+00
0.000000e+00
0.000000e+00
0.000000e+00
0.000000e+00
0.000000e+00
0.000000e+00
0.000000e+00
0.000000e+00
0.000000e+00
0.000000e+00
0.000000e+00
0.000000e+00
0.000000e+00
0.000000e+00
0.000000e+00
0.000000e+00
0.000000e+00
0.000000e+00
0.000000e+00
0.000000e+00
0.000000e+00
0.000000e+00
0.000000e+00
0.000000e+00
0.000000e+00
0.000000e+00
0.000000e+00
0.000000e+00
0.000000e+00
0.000000e+00
0.000000e+00
0.000000e+00
0.000000e+00
0.000000e+00
0.000000e+00
0.000000e+00
0.000000e+00
0.000000e+00
0.000000e+00
0.000000e+00
0.000000e+00
0.000000e+00
0.000000e+00
0.000000e+00
0.000000e+00
0.000000e+00
0.000000e+00
0.000000e+00
0.000000e+00
0.000000e+00
0.000000e+00
0.000000e+00
0.000000e+00
0.000000e+00
0.000000e+00
0.000000e+00
0.000000e+00
0.000000e+00
0.000000e+00
0.000000e+00
0.000000e+00
0.000000e+00
0.000000e+00
0.000000e+00
0.000000e+00
0.000000e+00
0.000000e+00
0.000000e+00
0.000000e+00
0.000000e+00
0.000000e+00
0.000000e+00
0.000000e+00
0.000000e+00
0.000000e+00
0.000000e+00
0.000000e+00
0.000000e+00
0.000000e+00
0.000000e+00
0.000000e+00
0.000000e+00
0.000000e+00
0.000000e+00
0.000000e+00
0.000000e+00
0.000000e+00
0.000000e+00
0.000000e+00
0.000000e+00
0.000000e+00
0.000000e+00
0.000000e+00
0.000000e+00
0.000000e+00
0.000000e+00
0.000000e+00
0.000000e+00
0.000000e+00
0.000000e+00
0.000000e+00
0.000000e+00
0.000000e+00
0.000000e+00
0.000000e+00
0.000000e+00
0.000000e+00
0.000000e+00
0.000000e+00
0.000000e+00
0.000000e+00
0.000000e+00
0.000000e+00
0.000000e+00
0.000000e+00
0.000000e+00
0.000000e+00
0.000000e+00
0.000000e+00
0.000000e+00
0.000000e+00
0.000000e+00
0.000000e+00
0.000000e+00
0.000000e+00
0.000000e+00
0.000000e+00
0.000000e+00
0.000000e+00
0.000000e+00
0.000000e+00
0.000000e+00
0.000000e+00
0.000000e+00
0.000000e+00
0.000000e+00
0.000000e+00
0.000000e+00
0.000000e+00
0.000000e+00
0.000000e+00
0.000000e+00
0.000000e+00
0.000000e+00
0.000000e+00
0.000000e+00
0.000000e+00
0.000000e+00
0.000000e+00
0.000000e+00
0.000000e+00
0.000000e+00
0.000000e+00
0.000000e+00
0.000000e+00
0.000000e+00
0.000000e+00
0.000000e+00
0.000000e+00
0.000000e+00
0.000000e+00
0.000000e+00
0.000000e+00
0.000000e+00
0.000000e+00
0.000000e+00
0.000000e+00
0.000000e+00
0.000000e+00
0.000000e+00
0.000000e+00
0.000000e+00
0.000000e+00
0.000000e+00
0.000000e+00
0.000000e+00
0.000000e+00
0.000000e+00
0.000000e+00
0.000000e+00
0.000000e+00
0.000000e+00
0.000000e+00
0.000000e+00
0.000000e+00
0.000000e+00
0.000000e+00
0.000000e+00
0.000000e+00
0.000000e+00
0.000000e+00
0.000000e+00
0.000000e+00
0.000000e+00
0.000000e+00
0.000000e+00
0.000000e+00
0.000000e+00
0.000000e+00
0.000000e+00
0.000000e+00
0.000000e+00
0.000000e+00
0.000000e+00
0.000000e+00
0.000000e+00
0.000000e+00
0.000000e+00
0.000000e+00
0.000000e+00
0.000000e+00
0.000000e+00
0.000000e+00
0.000000e+00
0.000000e+00
0.000000e+00
0.000000e+00
0.000000e+00
0.000000e+00
0.000000e+00
0.000000e+00
0.000000e+00
0.000000e+00
0.000000e+00
0.000000e+00
0.000000e+00
0.000000e+00
0.000000e+00
0.000000e+00
0.000000e+00
0.000000e+00
0.000000e+00
0.000000e+00
0.000000e+00
0.000000e+00
0.000000e+00
0.000000e+00
0.000000e+00
0.000000e+00
0.000000e+00
0.000000e+00
0.000000e+00
0.000000e+00
0.000000e+00
0.000000e+00
0.000000e+00
0.000000e+00
0.000000e+00
0.000000e+00
0.000000e+00
0.000000e+00
0.000000e+00
0.000000e+00
0.000000e+00
0.000000e+00
0.000000e+00
0.000000e+00
0.000000e+00
0.000000e+00
0.000000e+00
0.000000e+00
0.000000e+00
0.000000e+00
0.000000e+00
0.000000e+00
0.000000e+00
0.000000e+00
0.000000e+00
0.000000e+00
0.000000e+00
0.000000e+00
0.000000e+00
0.000000e+00
0.000000e+00
0.000000e+00
0.000000e+00
0.000000e+00
0.000000e+00
0.000000e+00
0.000000e+00
0.000000e+00
0.000000e+00
0.000000e+00
0.000000e+00
0.000000e+00
0.000000e+00
0.000000e+00
0.000000e+00
0.000000e+00
0.000000e+00
0.000000e+00
0.000000e+00
0.000000e+00
0.000000e+00
0.000000e+00
0.000000e+00
0.000000e+00
0.000000e+00
0.000000e+00
0.000000e+00
0.000000e+00
0.000000e+00
0.000000e+00
0.000000e+00
0.000000e+00
0.000000e+00
0.000000e+00
0.000000e+00
0.000000e+00
0.000000e+00
0.000000e+00
0.000000e+00
0.000000e+00
0.000000e+00
0.000000e+00
0.000000e+00
0.000000e+00
0.000000e+00
0.000000e+00
0.000000e+00
0.000000e+00
0.000000e+00
0.000000e+00
0.000000e+00
0.000000e+00
0.000000e+00
0.000000e+00
0.000000e+00
0.000000e+00
0.000000e+00
0.000000e+00
0.000000e+00
0.000000e+00
0.000000e+00
0.000000e+00
0.000000e+00
0.000000e+00
0.000000e+00
0.000000e+00
0.000000e+00
0.000000e+00
0.000000e+00
0.000000e+00
0.000000e+00
0.000000e+00
0.000000e+00
0.000000e+00
0.000000e+00
0.000000e+00
0.000000e+00
0.000000e+00
0.000000e+00
0.000000e+00
0.000000e+00
0.000000e+00
0.000000e+00
0.000000e+00
0.000000e+00
0.000000e+00
0.000000e+00
0.000000e+00
0.000000e+00
0.000000e+00
0.000000e+00
0.000000e+00
0.000000e+00
0.000000e+00
0.000000e+00
0.000000e+00
0.000000e+00
0.000000e+00
0.000000e+00
0.000000e+00
0.000000e+00
0.000000e+00
0.000000e+00
0.000000e+00
0.000000e+00
0.000000e+00
0.000000e+00
0.000000e+00
0.000000e+00
0.000000e+00
0.000000e+00
0.000000e+00
0.000000e+00
0.000000e+00
0.000000e+00
0.000000e+00
0.000000e+00
0.000000e+00
0.000000e+00
0.000000e+00
0.000000e+00
0.000000e+00
0.000000e+00
0.000000e+00
0.000000e+00
0.000000e+00
0.000000e+00
0.000000e+00
0.000000e+00
0.000000e+00
0.000000e+00
0.000000e+00
0.000000e+00
0.000000e+00
0.000000e+00
0.000000e+00
0.000000e+00
0.000000e+00
0.000000e+00
0.000000e+00
0.000000e+00
0.000000e+00
0.000000e+00
0.000000e+00
0.000000e+00
0.000000e+00
0.000000e+00
0.000000e+00
0.000000e+00
0.000000e+00
0.000000e+00
0.000000e+00
0.000000e+00
0.000000e+00
0.000000e+00
0.000000e+00
0.000000e+00
0.000000e+00
0.000000e+00
0.000000e+00
0.000000e+00
0.000000e+00
0.000000e+00
0.000000e+00
0.000000e+00
0.000000e+00
0.000000e+00
0.000000e+00
0.000000e+00
0.000000e+00
0.000000e+00
0.000000e+00
0.000000e+00
0.000000e+00
0.000000e+00
0.000000e+00
0.000000e+00
0.000000e+00
0.000000e+00
0.000000e+00
0.000000e+00
0.000000e+00
0.000000e+00
0.000000e+00
0.000000e+00
0.000000e+00
0.000000e+00
0.000000e+00
0.000000e+00
0.000000e+00
0.000000e+00
0.000000e+00
0.000000e+00
0.000000e+00
0.000000e+00
0.000000e+00
0.000000e+00
0.000000e+00
0.000000e+00
0.000000e+00
0.000000e+00
0.000000e+00
0.000000e+00
0.000000e+00
0.000000e+00
0.000000e+00
0.000000e+00
0.000000e+00
0.000000e+00
0.000000e+00
0.000000e+00
0.000000e+00
0.000000e+00
0.000000e+00
0.000000e+00
0.000000e+00
0.000000e+00
0.000000e+00
0.000000e+00
0.000000e+00
0.000000e+00
0.000000e+00
0.000000e+00
0.000000e+00
0.000000e+00
0.000000e+00
0.000000e+00
0.000000e+00
0.000000e+00
0.000000e+00
0.000000e+00
0.000000e+00
0.000000e+00
0.000000e+00
0.000000e+00
0.000000e+00
0.000000e+00
0.000000e+00
0.000000e+00
0.000000e+00
0.000000e+00
0.000000e+00
0.000000e+00
0.000000e+00
0.000000e+00
0.000000e+00
0.000000e+00
0.000000e+00
0.000000e+00
0.000000e+00
0.000000e+00
0.000000e+00
0.000000e+00
0.000000e+00
0.000000e+00
0.000000e+00
0.000000e+00
0.000000e+00
0.000000e+00
0.000000e+00
0.000000e+00
0.000000e+00
0.000000e+00
0.000000e+00
0.000000e+00
0.000000e+00
0.000000e+00
0.000000e+00
0.000000e+00
0.000000e+00
0.000000e+00
0.000000e+00
0.000000e+00
0.000000e+00
0.000000e+00
0.000000e+00
0.000000e+00
0.000000e+00
0.000000e+00
0.000000e+00
0.000000e+00
0.000000e+00
0.000000e+00
0.000000e+00
0.000000e+00
0.000000e+00
0.000000e+00
0.000000e+00
0.000000e+00
0.000000e+00
0.000000e+00
0.000000e+00
0.000000e+00
0.000000e+00
0.000000e+00
0.000000e+00
0.000000e+00
0.000000e+00
0.000000e+00
0.000000e+00
0.000000e+00
0.000000e+00
0.000000e+00
0.000000e+00
0.000000e+00
0.000000e+00
0.000000e+00
0.000000e+00
0.000000e+00
0.000000e+00
0.000000e+00
0.000000e+00
0.000000e+00
0.000000e+00
0.000000e+00
0.000000e+00
0.000000e+00
0.000000e+00
0.000000e+00
0.000000e+00
0.000000e+00
0.000000e+00
0.000000e+00
0.000000e+00
0.000000e+00
0.000000e+00
0.000000e+00
0.000000e+00
0.000000e+00
0.000000e+00
0.000000e+00
0.000000e+00
0.000000e+00
0.000000e+00
0.000000e+00
0.000000e+00
0.000000e+00
0.000000e+00
0.000000e+00
0.000000e+00
0.000000e+00
0.000000e+00
0.000000e+00
0.000000e+00
0.000000e+00
0.000000e+00
0.000000e+00
0.000000e+00
0.000000e+00
0.000000e+00
0.000000e+00
0.000000e+00
0.000000e+00
0.000000e+00
0.000000e+00
0.000000e+00
0.000000e+00
0.000000e+00
0.000000e+00
0.000000e+00
0.000000e+00
0.000000e+00
0.000000e+00
0.000000e+00
0.000000e+00
0.000000e+00
0.000000e+00
0.000000e+00
0.000000e+00
0.000000e+00
0.000000e+00
0.000000e+00
0.000000e+00
0.000000e+00
0.000000e+00
0.000000e+00
0.000000e+00
0.000000e+00
0.000000e+00
0.000000e+00
0.000000e+00
0.000000e+00
0.000000e+00
0.000000e+00
0.000000e+00
0.000000e+00
0.000000e+00
0.000000e+00
0.000000e+00
0.000000e+00
0.000000e+00
0.000000e+00
0.000000e+00
0.000000e+00
0.000000e+00
0.000000e+00
0.000000e+00
0.000000e+00
0.000000e+00
0.000000e+00
0.000000e+00
0.000000e+00
0.000000e+00
0.000000e+00
0.000000e+00
0.000000e+00
0.000000e+00
0.000000e+00
0.000000e+00
0.000000e+00
0.000000e+00
0.000000e+00
0.000000e+00
0.000000e+00
0.000000e+00
0.000000e+00
0.000000e+00
0.000000e+00
0.000000e+00
0.000000e+00
0.000000e+00
0.000000e+00
0.000000e+00
0.000000e+00
0.000000e+00
0.000000e+00
0.000000e+00
0.000000e+00
0.000000e+00
0.000000e+00
0.000000e+00
0.000000e+00
0.000000e+00
0.000000e+00
0.000000e+00
0.000000e+00
0.000000e+00
0.000000e+00
0.000000e+00
0.000000e+00
0.000000e+00
0.000000e+00
0.000000e+00
0.000000e+00
0.000000e+00
0.000000e+00
0.000000e+00
0.000000e+00
0.000000e+00
0.000000e+00
0.000000e+00
0.000000e+00
0.000000e+00
0.000000e+00
0.000000e+00
0.000000e+00
0.000000e+00
0.000000e+00
0.000000e+00
0.000000e+00
0.000000e+00
0.000000e+00
0.000000e+00
0.000000e+00
0.000000e+00
0.000000e+00
0.000000e+00
0.000000e+00
0.000000e+00
0.000000e+00
0.000000e+00
0.000000e+00
0.000000e+00
0.000000e+00
0.000000e+00
0.000000e+00
0.000000e+00
0.000000e+00
0.000000e+00
0.000000e+00
0.000000e+00
0.000000e+00
0.000000e+00
0.000000e+00
0.000000e+00
0.000000e+00
0.000000e+00
0.000000e+00
0.000000e+00
0.000000e+00
0.000000e+00
0.000000e+00
0.000000e+00
0.000000e+00
0.000000e+00
0.000000e+00
0.000000e+00
0.000000e+00
0.000000e+00
0.000000e+00
0.000000e+00
0.000000e+00
0.000000e+00
0.000000e+00
0.000000e+00
0.000000e+00
0.000000e+00
0.000000e+00
0.000000e+00
0.000000e+00
0.000000e+00
0.000000e+00
0.000000e+00
0.000000e+00
0.000000e+00
0.000000e+00
0.000000e+00
0.000000e+00
0.000000e+00
0.000000e+00
0.000000e+00
0.000000e+00
0.000000e+00
0.000000e+00
0.000000e+00
0.000000e+00
0.000000e+00
0.000000e+00
0.000000e+00
0.000000e+00
0.000000e+00
0.000000e+00
0.000000e+00
0.000000e+00
0.000000e+00
0.000000e+00
0.000000e+00
0.000000e+00
0.000000e+00
0.000000e+00
0.000000e+00
0.000000e+00
0.000000e+00
0.000000e+00
0.000000e+00
0.000000e+00
0.000000e+00
0.000000e+00
0.000000e+00
0.000000e+00
0.000000e+00
0.000000e+00
0.000000e+00
0.000000e+00
0.000000e+00
0.000000e+00
0.000000e+00
0.000000e+00
0.000000e+00
0.000000e+00
0.000000e+00
0.000000e+00
0.000000e+00
0.000000e+00
0.000000e+00
0.000000e+00
0.000000e+00
0.000000e+00
0.000000e+00
0.000000e+00
0.000000e+00
0.000000e+00
0.000000e+00
0.000000e+00
0.000000e+00
0.000000e+00
0.000000e+00
0.000000e+00
0.000000e+00
0.000000e+00
0.000000e+00
0.000000e+00
0.000000e+00
0.000000e+00
0.000000e+00
0.000000e+00
0.000000e+00
0.000000e+00
0.000000e+00
0.000000e+00
0.000000e+00
0.000000e+00
0.000000e+00
0.000000e+00
0.000000e+00
0.000000e+00
0.000000e+00
0.000000e+00
0.000000e+00
0.000000e+00
0.000000e+00
0.000000e+00
0.000000e+00
0.000000e+00
0.000000e+00
0.000000e+00
0.000000e+00
0.000000e+00
0.000000e+00
0.000000e+00
0.000000e+00
0.000000e+00
0.000000e+00
0.000000e+00
0.000000e+00
0.000000e+00
0.000000e+00
0.000000e+00
0.000000e+00
0.000000e+00
0.000000e+00
0.000000e+00
0.000000e+00
0.000000e+00
0.000000e+00
0.000000e+00
0.000000e+00
0.000000e+00
0.000000e+00
0.000000e+00
0.000000e+00
0.000000e+00
0.000000e+00
0.000000e+00
0.000000e+00
0.000000e+00
0.000000e+00
0.000000e+00
0.000000e+00
0.000000e+00
0.000000e+00
0.000000e+00
0.000000e+00
0.000000e+00
0.000000e+00
0.000000e+00
0.000000e+00
0.000000e+00
0.000000e+00
0.000000e+00
0.000000e+00
0.000000e+00
0.000000e+00
0.000000e+00
0.000000e+00
0.000000e+00
0.000000e+00
0.000000e+00
0.000000e+00
0.000000e+00
0.000000e+00
0.000000e+00
0.000000e+00
0.000000e+00
0.000000e+00
0.000000e+00
0.000000e+00
0.000000e+00
0.000000e+00
0.000000e+00
0.000000e+00
0.000000e+00
0.000000e+00
0.000000e+00
0.000000e+00
0.000000e+00
0.000000e+00
0.000000e+00
0.000000e+00
0.000000e+00
0.000000e+00
0.000000e+00
0.000000e+00
0.000000e+00
0.000000e+00
0.000000e+00
0.000000e+00
0.000000e+00
0.000000e+00
0.000000e+00
0.000000e+00
0.000000e+00
0.000000e+00
0.000000e+00
0.000000e+00
0.000000e+00
0.000000e+00
0.000000e+00
0.000000e+00
0.000000e+00
0.000000e+00
0.000000e+00
0.000000e+00
0.000000e+00
0.000000e+00
0.000000e+00
0.000000e+00
0.000000e+00
0.000000e+00
0.000000e+00
0.000000e+00
0.000000e+00
0.000000e+00
0.000000e+00
0.000000e+00
0.000000e+00
0.000000e+00
0.000000e+00
0.000000e+00
0.000000e+00
0.000000e+00
0.000000e+00
0.000000e+00
0.000000e+00
0.000000e+00
0.000000e+00
0.000000e+00
0.000000e+00
0.000000e+00
0.000000e+00
0.000000e+00
0.000000e+00
0.000000e+00
0.000000e+00
0.000000e+00
0.000000e+00
0.000000e+00
0.000000e+00
0.000000e+00
0.000000e+00
0.000000e+00
0.000000e+00
0.000000e+00
0.000000e+00
0.000000e+00
0.000000e+00
0.000000e+00
0.000000e+00
0.000000e+00
0.000000e+00
0.000000e+00
0.000000e+00
0.000000e+00
0.000000e+00
0.000000e+00
0.000000e+00
0.000000e+00
0.000000e+00
0.000000e+00
0.000000e+00
0.000000e+00
0.000000e+00
0.000000e+00
0.000000e+00
0.000000e+00
0.000000e+00
0.000000e+00
0.000000e+00
0.000000e+00
0.000000e+00
0.000000e+00
0.000000e+00
0.000000e+00
0.000000e+00
0.000000e+00
0.000000e+00
0.000000e+00
0.000000e+00
0.000000e+00
0.000000e+00
0.000000e+00
0.000000e+00
0.000000e+00
0.000000e+00
0.000000e+00
0.000000e+00
0.000000e+00
0.000000e+00
0.000000e+00
0.000000e+00
0.000000e+00
0.000000e+00
0.000000e+00
0.000000e+00
0.000000e+00
0.000000e+00
0.000000e+00
0.000000e+00
0.000000e+00
0.000000e+00
0.000000e+00
0.000000e+00
0.000000e+00
0.000000e+00
0.000000e+00
0.000000e+00
0.000000e+00
0.000000e+00
0.000000e+00
0.000000e+00
0.000000e+00
0.000000e+00
0.000000e+00
0.000000e+00
0.000000e+00
0.000000e+00
0.000000e+00
0.000000e+00
0.000000e+00
0.000000e+00
0.000000e+00
0.000000e+00
0.000000e+00
0.000000e+00
0.000000e+00
0.000000e+00
0.000000e+00
0.000000e+00
0.000000e+00
0.000000e+00
0.000000e+00
0.000000e+00
0.000000e+00
0.000000e+00
0.000000e+00
0.000000e+00
0.000000e+00
0.000000e+00
0.000000e+00
0.000000e+00
0.000000e+00
0.000000e+00
0.000000e+00
0.000000e+00
0.000000e+00
0.000000e+00
0.000000e+00
0.000000e+00
0.000000e+00
0.000000e+00
0.000000e+00
0.000000e+00
0.000000e+00
0.000000e+00
0.000000e+00
0.000000e+00
0.000000e+00
0.000000e+00
0.000000e+00
0.000000e+00
0.000000e+00
0.000000e+00
0.000000e+00
0.000000e+00
0.000000e+00
0.000000e+00
0.000000e+00
0.000000e+00
0.000000e+00
0.000000e+00
0.000000e+00
0.000000e+00
0.000000e+00
0.000000e+00
0.000000e+00
0.000000e+00
0.000000e+00
0.000000e+00
0.000000e+00
0.000000e+00
0.000000e+00
0.000000e+00
0.000000e+00
0.000000e+00
0.000000e+00
0.000000e+00
0.000000e+00
0.000000e+00
0.000000e+00
0.000000e+00
0.000000e+00
0.000000e+00
0.000000e+00
0.000000e+00
0.000000e+00
0.000000e+00
0.000000e+00
0.000000e+00
0.000000e+00
0.000000e+00
0.000000e+00
0.000000e+00
0.000000e+00
0.000000e+00
0.000000e+00
0.000000e+00
0.000000e+00
0.000000e+00
0.000000e+00
0.000000e+00
0.000000e+00
0.000000e+00
0.000000e+00
0.000000e+00
0.000000e+00
0.000000e+00
0.000000e+00
0.000000e+00
0.000000e+00
0.000000e+00
0.000000e+00
0.000000e+00
0.000000e+00
0.000000e+00
0.000000e+00
0.000000e+00
0.000000e+00
0.000000e+00
0.000000e+00
0.000000e+00
0.000000e+00
0.000000e+00
0.000000e+00
0.000000e+00
0.000000e+00
0.000000e+00
0.000000e+00
0.000000e+00
0.000000e+00
0.000000e+00
0.000000e+00
0.000000e+00
0.000000e+00
0.000000e+00
0.000000e+00
0.000000e+00
0.000000e+00
0.000000e+00
0.000000e+00
0.000000e+00
0.000000e+00
0.000000e+00
0.000000e+00
0.000000e+00
0.000000e+00
0.000000e+00
0.000000e+00
0.000000e+00
0.000000e+00
0.000000e+00
0.000000e+00
0.000000e+00
0.000000e+00
0.000000e+00
0.000000e+00
0.000000e+00
0.000000e+00
0.000000e+00
0.000000e+00
0.000000e+00
0.000000e+00
0.000000e+00
0.000000e+00
0.000000e+00
0.000000e+00
0.000000e+00
0.000000e+00
0.000000e+00
0.000000e+00
0.000000e+00
0.000000e+00
0.000000e+00
0.000000e+00
0.000000e+00
0.000000e+00
0.000000e+00
0.000000e+00
0.000000e+00
0.000000e+00
0.000000e+00
0.000000e+00
0.000000e+00
0.000000e+00
0.000000e+00
0.000000e+00
0.000000e+00
0.000000e+00
0.000000e+00
0.000000e+00
0.000000e+00
0.000000e+00
0.000000e+00
0.000000e+00
0.000000e+00
0.000000e+00
0.000000e+00
0.000000e+00
0.000000e+00
0.000000e+00
0.000000e+00
0.000000e+00
0.000000e+00
0.000000e+00
0.000000e+00
0.000000e+00
0.000000e+00
0.000000e+00
0.000000e+00
0.000000e+00
0.000000e+00
0.000000e+00
0.000000e+00
0.000000e+00
0.000000e+00
0.000000e+00
0.000000e+00
0.000000e+00
0.000000e+00
0.000000e+00
0.000000e+00
0.000000e+00
0.000000e+00
0.000000e+00
0.000000e+00
0.000000e+00
0.000000e+00
0.000000e+00
0.000000e+00
0.000000e+00
0.000000e+00
0.000000e+00
0.000000e+00
0.000000e+00
0.000000e+00
0.000000e+00
0.000000e+00
0.000000e+00
0.000000e+00
0.000000e+00
0.000000e+00
0.000000e+00
0.000000e+00
0.000000e+00
0.000000e+00
0.000000e+00
0.000000e+00
0.000000e+00
0.000000e+00
0.000000e+00
0.000000e+00
0.000000e+00
0.000000e+00
0.000000e+00
0.000000e+00
0.000000e+00
0.000000e+00
0.000000e+00
0.000000e+00
0.000000e+00
0.000000e+00
0.000000e+00
0.000000e+00
0.000000e+00
0.000000e+00
0.000000e+00
0.000000e+00
0.000000e+00
0.000000e+00
0.000000e+00
0.000000e+00
0.000000e+00
0.000000e+00
0.000000e+00
0.000000e+00
0.000000e+00
0.000000e+00
0.000000e+00
0.000000e+00
0.000000e+00
0.000000e+00
0.000000e+00
0.000000e+00
0.000000e+00
0.000000e+00
0.000000e+00
0.000000e+00
0.000000e+00
0.000000e+00
0.000000e+00
0.000000e+00
0.000000e+00
0.000000e+00
0.000000e+00
0.000000e+00
0.000000e+00
0.000000e+00
0.000000e+00
0.000000e+00
0.000000e+00
0.000000e+00
0.000000e+00
0.000000e+00
0.000000e+00
0.000000e+00
0.000000e+00
0.000000e+00
0.000000e+00
0.000000e+00
0.000000e+00
0.000000e+00
0.000000e+00
0.000000e+00
0.000000e+00
0.000000e+00
0.000000e+00
0.000000e+00
0.000000e+00
0.000000e+00
0.000000e+00
0.000000e+00
0.000000e+00
0.000000e+00
0.000000e+00
0.000000e+00
0.000000e+00
0.000000e+00
0.000000e+00
0.000000e+00
0.000000e+00
0.000000e+00
0.000000e+00
0.000000e+00
0.000000e+00
0.000000e+00
0.000000e+00
0.000000e+00
0.000000e+00
0.000000e+00
0.000000e+00
0.000000e+00
0.000000e+00
0.000000e+00
0.000000e+00
0.000000e+00
0.000000e+00
0.000000e+00
0.000000e+00
0.000000e+00
0.000000e+00
0.000000e+00
0.000000e+00
0.000000e+00
0.000000e+00
0.000000e+00
0.000000e+00
0.000000e+00
0.000000e+00
0.000000e+00
0.000000e+00
0.000000e+00
0.000000e+00
0.000000e+00
0.000000e+00
0.000000e+00
0.000000e+00
0.000000e+00
0.000000e+00
0.000000e+00
0.000000e+00
0.000000e+00
0.000000e+00
0.000000e+00
0.000000e+00
0.000000e+00
0.000000e+00
0.000000e+00
0.000000e+00
0.000000e+00
0.000000e+00
0.000000e+00
0.000000e+00
0.000000e+00
0.000000e+00
0.000000e+00
0.000000e+00
0.000000e+00
0.000000e+00
0.000000e+00
0.000000e+00
0.000000e+00
0.000000e+00
0.000000e+00
0.000000e+00
0.000000e+00
0.000000e+00
0.000000e+00
0.000000e+00
0.000000e+00
0.000000e+00
0.000000e+00
0.000000e+00
0.000000e+00
0.000000e+00
0.000000e+00
0.000000e+00
0.000000e+00
0.000000e+00
0.000000e+00
0.000000e+00
0.000000e+00
0.000000e+00
0.000000e+00
0.000000e+00
0.000000e+00
0.000000e+00
0.000000e+00
0.000000e+00
0.000000e+00
0.000000e+00
0.000000e+00
0.000000e+00
0.000000e+00
0.000000e+00
0.000000e+00
0.000000e+00
0.000000e+00
0.000000e+00
0.000000e+00
0.000000e+00
0.000000e+00
0.000000e+00
0.000000e+00
0.000000e+00
0.000000e+00
0.000000e+00
0.000000e+00
0.000000e+00
0.000000e+00
0.000000e+00
0.000000e+00
0.000000e+00
0.000000e+00
0.000000e+00
0.000000e+00
0.000000e+00
0.000000e+00
0.000000e+00
0.000000e+00
0.000000e+00
0.000000e+00
0.000000e+00
0.000000e+00
0.000000e+00
0.000000e+00
0.000000e+00
0.000000e+00
0.000000e+00
0.000000e+00
0.000000e+00
0.000000e+00
0.000000e+00
0.000000e+00
0.000000e+00
0.000000e+00
0.000000e+00
0.000000e+00
0.000000e+00
0.000000e+00
0.000000e+00
0.000000e+00
0.000000e+00
0.000000e+00
0.000000e+00
0.000000e+00
0.000000e+00
0.000000e+00
0.000000e+00
0.000000e+00
0.000000e+00
0.000000e+00
0.000000e+00
0.000000e+00
0.000000e+00
0.000000e+00
0.000000e+00
0.000000e+00
0.000000e+00
0.000000e+00
0.000000e+00
0.000000e+00
0.000000e+00
0.000000e+00
0.000000e+00
0.000000e+00
0.000000e+00
0.000000e+00
0.000000e+00
0.000000e+00
0.000000e+00
0.000000e+00
0.000000e+00
0.000000e+00
0.000000e+00
0.000000e+00
0.000000e+00
0.000000e+00
0.000000e+00
0.000000e+00
0.000000e+00
0.000000e+00
0.000000e+00
0.000000e+00
0.000000e+00
0.000000e+00
0.000000e+00
0.000000e+00
0.000000e+00
0.000000e+00
0.000000e+00
0.000000e+00
0.000000e+00
0.000000e+00
0.000000e+00
0.000000e+00
0.000000e+00
0.000000e+00
0.000000e+00
0.000000e+00
0.000000e+00
0.000000e+00
0.000000e+00
0.000000e+00
0.000000e+00
0.000000e+00
0.000000e+00
0.000000e+00
0.000000e+00
0.000000e+00
0.000000e+00
0.000000e+00
0.000000e+00
0.000000e+00
0.000000e+00
0.000000e+00
0.000000e+00
0.000000e+00
0.000000e+00
0.000000e+00
0.000000e+00
0.000000e+00
0.000000e+00
0.000000e+00
0.000000e+00
0.000000e+00
0.000000e+00
0.000000e+00
0.000000e+00
0.000000e+00
0.000000e+00
0.000000e+00
0.000000e+00
0.000000e+00
0.000000e+00
0.000000e+00
0.000000e+00
0.000000e+00
0.000000e+00
0.000000e+00
0.000000e+00
0.000000e+00
0.000000e+00
0.000000e+00
0.000000e+00
0.000000e+00
0.000000e+00
0.000000e+00
0.000000e+00
0.000000e+00
0.000000e+00
0.000000e+00
0.000000e+00
0.000000e+00
0.000000e+00
0.000000e+00
0.000000e+00
0.000000e+00
0.000000e+00
0.000000e+00
0.000000e+00
0.000000e+00
0.000000e+00
0.000000e+00
0.000000e+00
0.000000e+00
0.000000e+00
0.000000e+00
0.000000e+00
0.000000e+00
0.000000e+00
0.000000e+00
0.000000e+00
0.000000e+00
0.000000e+00
0.000000e+00
0.000000e+00
0.000000e+00
0.000000e+00
0.000000e+00
0.000000e+00
0.000000e+00
0.000000e+00
0.000000e+00
0.000000e+00
0.000000e+00
0.000000e+00
0.000000e+00
0.000000e+00
0.000000e+00
0.000000e+00
0.000000e+00
0.000000e+00
0.000000e+00
0.000000e+00
0.000000e+00
0.000000e+00
0.000000e+00
0.000000e+00
0.000000e+00
0.000000e+00
0.000000e+00
0.000000e+00
0.000000e+00
0.000000e+00
0.000000e+00
0.000000e+00
0.000000e+00
0.000000e+00
0.000000e+00
0.000000e+00
0.000000e+00
0.000000e+00
0.000000e+00
0.000000e+00
0.000000e+00
0.000000e+00
0.000000e+00
0.000000e+00
0.000000e+00
0.000000e+00
0.000000e+00
0.000000e+00
0.000000e+00
0.000000e+00
0.000000e+00
0.000000e+00
0.000000e+00
0.000000e+00
0.000000e+00
0.000000e+00
0.000000e+00
0.000000e+00
0.000000e+00
0.000000e+00
0.000000e+00
0.000000e+00
0.000000e+00
0.000000e+00
0.000000e+00
0.000000e+00
0.000000e+00
0.000000e+00
0.000000e+00
0.000000e+00
0.000000e+00
0.000000e+00
0.000000e+00
0.000000e+00
0.000000e+00
0.000000e+00
0.000000e+00
0.000000e+00
0.000000e+00
0.000000e+00
0.000000e+00
0.000000e+00
0.000000e+00
0.000000e+00
0.000000e+00
0.000000e+00
0.000000e+00
0.000000e+00
0.000000e+00
0.000000e+00
0.000000e+00
0.000000e+00
0.000000e+00
0.000000e+00
0.000000e+00
0.000000e+00
0.000000e+00
0.000000e+00
0.000000e+00
0.000000e+00
0.000000e+00
0.000000e+00
0.000000e+00
0.000000e+00
0.000000e+00
0.000000e+00
0.000000e+00
0.000000e+00
0.000000e+00
0.000000e+00
0.000000e+00
0.000000e+00
0.000000e+00
0.000000e+00
0.000000e+00
0.000000e+00
0.000000e+00
0.000000e+00
0.000000e+00
0.000000e+00
0.000000e+00
0.000000e+00
0.000000e+00
0.000000e+00
0.000000e+00
0.000000e+00
0.000000e+00
0.000000e+00
0.000000e+00
0.000000e+00
0.000000e+00
0.000000e+00
0.000000e+00
0.000000e+00
0.000000e+00
0.000000e+00
0.000000e+00
0.000000e+00
0.000000e+00
0.000000e+00
0.000000e+00
0.000000e+00
0.000000e+00
0.000000e+00
0.000000e+00
0.000000e+00
0.000000e+00
0.000000e+00
0.000000e+00
0.000000e+00
0.000000e+00
0.000000e+00
0.000000e+00
0.000000e+00
0.000000e+00
0.000000e+00
0.000000e+00
0.000000e+00
0.000000e+00
0.000000e+00
0.000000e+00
0.000000e+00
0.000000e+00
0.000000e+00
0.000000e+00
0.000000e+00
0.000000e+00
0.000000e+00
0.000000e+00
0.000000e+00
0.000000e+00
0.000000e+00
0.000000e+00
0.000000e+00
0.000000e+00
0.000000e+00
0.000000e+00
0.000000e+00
0.000000e+00
0.000000e+00
0.000000e+00
0.000000e+00
0.000000e+00
0.000000e+00
0.000000e+00
0.000000e+00
0.000000e+00
0.000000e+00
0.000000e+00
0.000000e+00
0.000000e+00
0.000000e+00
0.000000e+00
0.000000e+00
0.000000e+00
0.000000e+00
0.000000e+00
0.000000e+00
0.000000e+00
0.000000e+00
0.000000e+00
0.000000e+00
0.000000e+00
0.000000e+00
0.000000e+00
0.000000e+00
0.000000e+00
0.000000e+00
0.000000e+00
0.000000e+00
0.000000e+00
0.000000e+00
0.000000e+00
0.000000e+00
0.000000e+00
0.000000e+00
0.000000e+00
0.000000e+00
0.000000e+00
0.000000e+00
0.000000e+00
0.000000e+00
0.000000e+00
0.000000e+00
0.000000e+00
0.000000e+00
0.000000e+00
0.000000e+00
0.000000e+00
0.000000e+00
0.000000e+00
0.000000e+00
0.000000e+00
0.000000e+00
0.000000e+00
0.000000e+00
0.000000e+00
0.000000e+00
0.000000e+00
0.000000e+00
0.000000e+00
0.000000e+00
0.000000e+00
0.000000e+00
0.000000e+00
0.000000e+00
0.000000e+00
0.000000e+00
0.000000e+00
0.000000e+00
0.000000e+00
0.000000e+00
0.000000e+00
0.000000e+00
0.000000e+00
0.000000e+00
0.000000e+00
0.000000e+00
0.000000e+00
0.000000e+00
0.000000e+00
0.000000e+00
0.000000e+00
0.000000e+00
0.000000e+00
0.000000e+00
0.000000e+00
0.000000e+00
0.000000e+00
0.000000e+00
0.000000e+00
0.000000e+00
0.000000e+00
0.000000e+00
0.000000e+00
0.000000e+00
0.000000e+00
0.000000e+00
0.000000e+00
0.000000e+00
0.000000e+00
0.000000e+00
0.000000e+00
0.000000e+00
0.000000e+00
0.000000e+00
0.000000e+00
0.000000e+00
0.000000e+00
0.000000e+00
0.000000e+00
0.000000e+00
0.000000e+00
0.000000e+00
0.000000e+00
0.000000e+00
0.000000e+00
0.000000e+00
0.000000e+00
0.000000e+00
0.000000e+00
0.000000e+00
0.000000e+00
0.000000e+00
0.000000e+00
0.000000e+00
0.000000e+00
0.000000e+00
0.000000e+00
0.000000e+00
0.000000e+00
0.000000e+00
0.000000e+00
0.000000e+00
0.000000e+00
0.000000e+00
0.000000e+00
0.000000e+00
0.000000e+00
0.000000e+00
0.000000e+00
0.000000e+00
0.000000e+00
0.000000e+00
0.000000e+00
0.000000e+00
0.000000e+00
0.000000e+00
0.000000e+00
0.000000e+00
0.000000e+00
0.000000e+00
0.000000e+00
0.000000e+00
0.000000e+00
0.000000e+00
0.000000e+00
0.000000e+00
0.000000e+00
0.000000e+00
0.000000e+00
0.000000e+00
0.000000e+00
0.000000e+00
0.000000e+00
0.000000e+00
0.000000e+00
0.000000e+00
0.000000e+00
0.000000e+00
0.000000e+00
0.000000e+00
0.000000e+00
0.000000e+00
0.000000e+00
0.000000e+00
0.000000e+00
0.000000e+00
0.000000e+00
0.000000e+00
0.000000e+00
0.000000e+00
0.000000e+00
0.000000e+00
0.000000e+00
0.000000e+00
0.000000e+00
0.000000e+00
0.000000e+00
0.000000e+00
0.000000e+00
0.000000e+00
0.000000e+00
0.000000e+00
0.000000e+00
0.000000e+00
0.000000e+00
0.000000e+00
0.000000e+00
0.000000e+00
0.000000e+00
0.000000e+00
0.000000e+00
0.000000e+00
0.000000e+00
0.000000e+00
0.000000e+00
0.000000e+00
0.000000e+00
0.000000e+00
0.000000e+00
0.000000e+00
0.000000e+00
0.000000e+00
0.000000e+00
0.000000e+00
0.000000e+00
0.000000e+00
0.000000e+00
0.000000e+00
0.000000e+00
0.000000e+00
0.000000e+00
0.000000e+00
0.000000e+00
0.000000e+00
0.000000e+00
0.000000e+00
0.000000e+00
0.000000e+00
0.000000e+00
0.000000e+00
0.000000e+00
0.000000e+00
0.000000e+00
0.000000e+00
0.000000e+00
0.000000e+00
0.000000e+00
0.000000e+00
0.000000e+00
0.000000e+00
0.000000e+00
0.000000e+00
0.000000e+00
0.000000e+00
0.000000e+00
0.000000e+00
0.000000e+00
0.000000e+00
0.000000e+00
0.000000e+00
0.000000e+00
</DataArray>
<DataArray type="Float32" Name="V2" format="ascii">
0.000000e+00
0.000000e+00
0.000000e+00
0.000000e+00
0.000000e+00
0.000000e+00
0.000000e+00
0.000000e+00
0.000000e+00
0.000000e+00
0.000000e+00
0.000000e+00
0.000000e+00
0.000000e+00
0.000000e+00
0.000000e+00
0.000000e+00
0.000000e+00
0.000000e+00
0.000000e+00
0.000000e+00
0.000000e+00
0.000000e+00
0.000000e+00
0.000000e+00
0.000000e+00
0.000000e+00
0.000000e+00
0.000000e+00
0.000000e+00
0.000000e+00
0.000000e+00
0.000000e+00
0.000000e+00
0.000000e+00
0.000000e+00
0.000000e+00
0.000000e+00
0.000000e+00
0.000000e+00
0.000000e+00
0.000000e+00
0.000000e+00
0.000000e+00
0.000000e+00
0.000000e+00
0.000000e+00
0.000000e+00
0.000000e+00
0.000000e+00
0.000000e+00
0.000000e+00
0.000000e+00
0.000000e+00
0.000000e+00
0.000000e+00
0.000000e+00
0.000000e+00
0.000000e+00
0.000000e+00
0.000000e+00
0.000000e+00
0.000000e+00
0.000000e+00
0.000000e+00
0.000000e+00
0.000000e+00
0.000000e+00
0.000000e+00
0.000000e+00
0.000000e+00
0.000000e+00
0.000000e+00
0.000000e+00
0.000000e+00
0.000000e+00
0.000000e+00
0.000000e+00
0.000000e+00
0.000000e+00
0.000000e+00
0.000000e+00
0.000000e+00
0.000000e+00
0.000000e+00
0.000000e+00
0.000000e+00
0.000000e+00
0.000000e+00
0.000000e+00
0.000000e+00
0.000000e+00
0.000000e+00
0.000000e+00
0.000000e+00
0.000000e+00
0.000000e+00
0.000000e+00
0.000000e+00
0.000000e+00
0.000000e+00
0.000000e+00
0.000000e+00
0.000000e+00
0.000000e+00
0.000000e+00
0.000000e+00
0.000000e+00
0.000000e+00
0.000000e+00
0.000000e+00
0.000000e+00
0.000000e+00
0.000000e+00
0.000000e+00
0.000000e+00
0.000000e+00
0.000000e+00
0.000000e+00
0.000000e+00
0.000000e+00
0.000000e+00
0.000000e+00
0.000000e+00
0.000000e+00
0.000000e+00
0.000000e+00
0.000000e+00
0.000000e+00
0.000000e+00
0.000000e+00
0.000000e+00
0.000000e+00
0.000000e+00
0.000000e+00
0.000000e+00
0.000000e+00
0.000000e+00
0.000000e+00
0.000000e+00
0.000000e+00
0.000000e+00
0.000000e+00
0.000000e+00
0.000000e+00
0.000000e+00
0.000000e+00
0.000000e+00
0.000000e+00
0.000000e+00
0.000000e+00
0.000000e+00
0.000000e+00
0.000000e+00
0.000000e+00
0.000000e+00
0.000000e+00
0.000000e+00
0.000000e+00
0.000000e+00
0.000000e+00
0.000000e+00
0.000000e+00
0.000000e+00
0.000000e+00
0.000000e+00
0.000000e+00
0.000000e+00
0.000000e+00
0.000000e+00
0.000000e+00
0.000000e+00
0.000000e+00
0.000000e+00
0.000000e+00
0.000000e+00
0.000000e+00
0.000000e+00
0.000000e+00
0.000000e+00
0.000000e+00
0.000000e+00
0.000000e+00
0.000000e+00
0.000000e+00
0.000000e+00
0.000000e+00
0.000000e+00
0.000000e+00
0.000000e+00
0.000000e+00
0.000000e+00
0.000000e+00
0.000000e+00
0.000000e+00
0.000000e+00
0.000000e+00
0.000000e+00
0.000000e+00
0.000000e+00
0.000000e+00
0.000000e+00
0.000000e+00
0.000000e+00
0.000000e+00
0.000000e+00
0.000000e+00
0.000000e+00
0.000000e+00
0.000000e+00
0.000000e+00
0.000000e+00
0.000000e+00
0.000000e+00
0.000000e+00
0.000000e+00
0.000000e+00
0.000000e+00
0.000000e+00
0.000000e+00
0.000000e+00
0.000000e+00
0.000000e+00
0.000000e+00
0.000000e+00
0.000000e+00
0.000000e+00
0.000000e+00
0.000000e+00
0.000000e+00
0.000000e+00
0.000000e+00
0.000000e+00
0.000000e+00
0.000000e+00
0.000000e+00
0.000000e+00
0.000000e+00
0.000000e+00
0.000000e+00
0.000000e+00
0.000000e+00
0.000000e+00
0.000000e+00
0.000000e+00
0.000000e+00
0.000000e+00
0.000000e+00
0.000000e+00
0.000000e+00
0.000000e+00
0.000000e+00
0.000000e+00
0.000000e+00
0.000000e+00
0.000000e+00
0.000000e+00
0.000000e+00
0.000000e+00
0.000000e+00
0.000000e+00
0.000000e+00
0.000000e+00
0.000000e+00
0.000000e+00
0.000000e+00
0.000000e+00
0.000000e+00
0.000000e+00
0.000000e+00
0.000000e+00
0.000000e+00
0.000000e+00
0.000000e+00
0.000000e+00
0.000000e+00
0.000000e+00
0.000000e+00
0.000000e+00
0.000000e+00
0.000000e+00
0.000000e+00
0.000000e+00
0.000000e+00
0.000000e+00
0.000000e+00
0.000000e+00
0.000000e+00
0.000000e+00
0.000000e+00
0.000000e+00
0.000000e+00
0.000000e+00
0.000000e+00
0.000000e+00
0.000000e+00
0.000000e+00
0.000000e+00
0.000000e+00
0.000000e+00
0.000000e+00
0.000000e+00
0.000000e+00
0.000000e+00
0.000000e+00
0.000000e+00
0.000000e+00
0.000000e+00
0.000000e+00
0.000000e+00
0.000000e+00
0.000000e+00
0.000000e+00
0.000000e+00
0.000000e+00
0.000000e+00
0.000000e+00
0.000000e+00
0.000000e+00
0.000000e+00
0.000000e+00
0.000000e+00
0.000000e+00
0.000000e+00
0.000000e+00
0.000000e+00
0.000000e+00
0.000000e+00
0.000000e+00
0.000000e+00
0.000000e+00
0.000000e+00
0.000000e+00
0.000000e+00
0.000000e+00
0.000000e+00
0.000000e+00
0.000000e+00
0.000000e+00
0.000000e+00
0.000000e+00
0.000000e+00
0.000000e+00
0.000000e+00
0.000000e+00
0.000000e+00
0.000000e+00
0.000000e+00
0.000000e+00
0.000000e+00
0.000000e+00
0.000000e+00
0.000000e+00
0.000000e+00
0.000000e+00
0.000000e+00
0.000000e+00
0.000000e+00
0.000000e+00
0.000000e+00
0.000000e+00
0.000000e+00
0.000000e+00
0.000000e+00
0.000000e+00
0.000000e+00
0.000000e+00
0.000000e+00
0.000000e+00
0.000000e+00
0.000000e+00
0.000000e+00
0.000000e+00
0.000000e+00
0.000000e+00
0.000000e+00
0.000000e+00
0.000000e+00
0.000000e+00
0.000000e+00
0.000000e+00
0.000000e+00
0.000000e+00
0.000000e+00
0.000000e+00
0.000000e+00
0.000000e+00
0.000000e+00
0.000000e+00
0.000000e+00
0.000000e+00
0.000000e+00
0.000000e+00
0.000000e+00
0.000000e+00
0.000000e+00
0.000000e+00
0.000000e+00
0.000000e+00
0.000000e+00
0.000000e+00
0.000000e+00
0.000000e+00
0.000000e+00
0.000000e+00
0.000000e+00
0.000000e+00
0.000000e+00
0.000000e+00
0.000000e+00
0.000000e+00
0.000000e+00
0.000000e+00
0.000000e+00
0.000000e+00
0.000000e+00
0.000000e+00
0.000000e+00
0.000000e+00
0.000000e+00
0.000000e+00
0.000000e+00
0.000000e+00
0.000000e+00
0.000000e+00
0.000000e+00
0.000000e+00
0.000000e+00
0.000000e+00
0.000000e+00
0.000000e+00
0.000000e+00
0.000000e+00
0.000000e+00
0.000000e+00
0.000000e+00
0.000000e+00
0.000000e+00
0.000000e+00
0.000000e+00
0.000000e+00
0.000000e+00
0.000000e+00
0.000000e+00
0.000000e+00
0.000000e+00
0.000000e+00
0.000000e+00
0.000000e+00
0.000000e+00
0.000000e+00
0.000000e+00
0.000000e+00
0.000000e+00
0.000000e+00
0.000000e+00
0.000000e+00
0.000000e+00
0.000000e+00
0.000000e+00
0.000000e+00
0.000000e+00
0.000000e+00
0.000000e+00
0.000000e+00
0.000000e+00
0.000000e+00
0.000000e+00
0.000000e+00
0.000000e+00
0.000000e+00
0.000000e+00
0.000000e+00
0.000000e+00
0.000000e+00
0.000000e+00
0.000000e+00
0.000000e+00
0.000000e+00
0.000000e+00
0.000000e+00
0.000000e+00
0.000000e+00
0.000000e+00
0.000000e+00
0.000000e+00
0.000000e+00
0.000000e+00
0.000000e+00
0.000000e+00
0.000000e+00
0.000000e+00
0.000000e+00
0.000000e+00
0.000000e+00
0.000000e+00
0.000000e+00
0.000000e+00
0.000000e+00
0.000000e+00
0.000000e+00
0.000000e+00
0.000000e+00
0.000000e+00
0.000000e+00
0.000000e+00
0.000000e+00
0.000000e+00
0.000000e+00
0.000000e+00
0.000000e+00
0.000000e+00
0.000000e+00
0.000000e+00
0.000000e+00
0.000000e+00
0.000000e+00
0.000000e+00
0.000000e+00
0.000000e+00
0.000000e+00
0.000000e+00
0.000000e+00
0.000000e+00
0.000000e+00
0.000000e+00
0.000000e+00
0.000000e+00
0.000000e+00
0.000000e+00
0.000000e+00
0.000000e+00
0.000000e+00
0.000000e+00
0.000000e+00
0.000000e+00
0.000000e+00
0.000000e+00
0.000000e+00
0.000000e+00
0.000000e+00
0.000000e+00
0.000000e+00
0.000000e+00
0.000000e+00
0.000000e+00
0.000000e+00
0.000000e+00
0.000000e+00
0.000000e+00
0.000000e+00
0.000000e+00
0.000000e+00
0.000000e+00
0.000000e+00
0.000000e+00
0.000000e+00
0.000000e+00
0.000000e+00
0.000000e+00
0.000000e+00
0.000000e+00
0.000000e+00
0.000000e+00
0.000000e+00
0.000000e+00
0.000000e+00
0.000000e+00
0.000000e+00
0.000000e+00
0.000000e+00
0.000000e+00
0.000000e+00
0.000000e+00
0.000000e+00
0.000000e+00
0.000000e+00
0.000000e+00
0.000000e+00
0.000000e+00
0.000000e+00
0.000000e+00
0.000000e+00
0.000000e+00
0.000000e+00
0.000000e+00
0.000000e+00
0.000000e+00
0.000000e+00
0.000000e+00
0.000000e+00
0.000000e+00
0.000000e+00
0.000000e+00
0.000000e+00
0.000000e+00
0.000000e+00
0.000000e+00
0.000000e+00
0.000000e+00
0.000000e+00
0.000000e+00
0.000000e+00
0.000000e+00
0.000000e+00
0.000000e+00
0.000000e+00
0.000000e+00
0.000000e+00
0.000000e+00
0.000000e+00
0.000000e+00
0.000000e+00
0.000000e+00
0.000000e+00
0.000000e+00
0.000000e+00
0.000000e+00
0.000000e+00
0.000000e+00
0.000000e+00
0.000000e+00
0.000000e+00
0.000000e+00
0.000000e+00
0.000000e+00
0.000000e+00
0.000000e+00
0.000000e+00
0.000000e+00
0.000000e+00
0.000000e+00
0.000000e+00
0.000000e+00
0.000000e+00
0.000000e+00
0.000000e+00
0.000000e+00
0.000000e+00
0.000000e+00
0.000000e+00
0.000000e+00
0.000000e+00
0.000000e+00
0.000000e+00
0.000000e+00
0.000000e+00
0.000000e+00
0.000000e+00
0.000000e+00
0.000000e+00
0.000000e+00
0.000000e+00
0.000000e+00
0.000000e+00
0.000000e+00
0.000000e+00
0.000000e+00
0.000000e+00
0.000000e+00
0.000000e+00
0.000000e+00
0.000000e+00
0.000000e+00
0.000000e+00
0.000000e+00
0.000000e+00
0.000000e+00
0.000000e+00
0.000000e+00
0.000000e+00
0.000000e+00
0.000000e+00
0.000000e+00
0.000000e+00
0.000000e+00
0.000000e+00
0.000000e+00
0.000000e+00
0.000000e+00
0.000000e+00
0.000000e+00
0.000000e+00
0.000000e+00
0.000000e+00
0.000000e+00
0.000000e+00
0.000000e+00
0.000000e+00
0.000000e+00
0.000000e+00
0.000000e+00
0.000000e+00
0.000000e+00
0.000000e+00
0.000000e+00
0.000000e+00
0.000000e+00
0.000000e+00
0.000000e+00
0.000000e+00
0.000000e+00
0.000000e+00
0.000000e+00
0.000000e+00
0.000000e+00
0.000000e+00
0.000000e+00
0.000000e+00
0.000000e+00
0.000000e+00
0.000000e+00
0.000000e+00
0.000000e+00
0.000000e+00
0.000000e+00
0.000000e+00
0.000000e+00
0.000000e+00
0.000000e+00
0.000000e+00
0.000000e+00
0.000000e+00
0.000000e+00
0.000000e+00
0.000000e+00
0.000000e+00
0.000000e+00
0.000000e+00
0.000000e+00
0.000000e+00
0.000000e+00
0.000000e+00
0.000000e+00
0.000000e+00
0.000000e+00
0.000000e+00
0.000000e+00
0.000000e+00
0.000000e+00
0.000000e+00
0.000000e+00
0.000000e+00
0.000000e+00
0.000000e+00
0.000000e+00
0.000000e+00
0.000000e+00
0.000000e+00
0.000000e+00
0.000000e+00
0.000000e+00
0.000000e+00
0.000000e+00
0.000000e+00
0.000000e+00
0.000000e+00
0.000000e+00
0.000000e+00
0.000000e+00
0.000000e+00
0.000000e+00
0.000000e+00
0.000000e+00
0.000000e+00
0.000000e+00
0.000000e+00
0.000000e+00
0.000000e+00
0.000000e+00
0.000000e+00
0.000000e+00
0.000000e+00
0.000000e+00
0.000000e+00
0.000000e+00
0.000000e+00
0.000000e+00
0.000000e+00
0.000000e+00
0.000000e+00
0.000000e+00
0.000000e+00
0.000000e+00
0.000000e+00
0.000000e+00
0.000000e+00
0.000000e+00
0.000000e+00
0.000000e+00
0.000000e+00
0.000000e+00
0.000000e+00
0.000000e+00
0.000000e+00
0.000000e+00
0.000000e+00
0.000000e+00
0.000000e+00
0.000000e+00
0.000000e+00
0.000000e+00
0.000000e+00
0.000000e+00
0.000000e+00
0.000000e+00
0.000000e+00
0.000000e+00
0.000000e+00
0.000000e+00
0.000000e+00
0.000000e+00
0.000000e+00
0.000000e+00
0.000000e+00
0.000000e+00
0.000000e+00
0.000000e+00
0.000000e+00
0.000000e+00
0.000000e+00
0.000000e+00
0.000000e+00
0.000000e+00
0.000000e+00
0.000000e+00
0.000000e+00
0.000000e+00
0.000000e+00
0.000000e+00
0.000000e+00
0.000000e+00
0.000000e+00
0.000000e+00
0.000000e+00
0.000000e+00
0.000000e+00
0.000000e+00
0.000000e+00
0.000000e+00
0.000000e+00
0.000000e+00
0.000000e+00
0.000000e+00
0.000000e+00
0.000000e+00
0.000000e+00
0.000000e+00
0.000000e+00
0.000000e+00
0.000000e+00
0.000000e+00
0.000000e+00
0.000000e+00
0.000000e+00
0.000000e+00
0.000000e+00
0.000000e+00
0.000000e+00
0.000000e+00
0.000000e+00
0.000000e+00
0.000000e+00
0.000000e+00
0.000000e+00
0.000000e+00
0.000000e+00
0.000000e+00
0.000000e+00
0.000000e+00
0.000000e+00
0.000000e+00
0.000000e+00
0.000000e+00
0.000000e+00
0.000000e+00
0.000000e+00
0.000000e+00
0.000000e+00
0.000000e+00
0.000000e+00
0.000000e+00
0.000000e+00
0.000000e+00
0.000000e+00
0.000000e+00
0.000000e+00
0.000000e+00
0.000000e+00
0.000000e+00
0.000000e+00
0.000000e+00
0.000000e+00
0.000000e+00
0.000000e+00
0.000000e+00
0.000000e+00
0.000000e+00
0.000000e+00
0.000000e+00
0.000000e+00
0.000000e+00
0.000000e+00
0.000000e+00
0.000000e+00
0.000000e+00
0.000000e+00
0.000000e+00
0.000000e+00
0.000000e+00
0.000000e+00
0.000000e+00
0.000000e+00
0.000000e+00
0.000000e+00
0.000000e+00
0.000000e+00
0.000000e+00
0.000000e+00
0.000000e+00
0.000000e+00
0.000000e+00
0.000000e+00
0.000000e+00
0.000000e+00
0.000000e+00
0.000000e+00
0.000000e+00
0.000000e+00
0.000000e+00
0.000000e+00
0.000000e+00
0.000000e+00
0.000000e+00
0.000000e+00
0.000000e+00
0.000000e+00
0.000000e+00
0.000000e+00
0.000000e+00
0.000000e+00
0.000000e+00
0.000000e+00
0.000000e+00
0.000000e+00
0.000000e+00
0.000000e+00
0.000000e+00
0.000000e+00
0.000000e+00
0.000000e+00
0.000000e+00
0.000000e+00
0.000000e+00
0.000000e+00
0.000000e+00
0.000000e+00
0.000000e+00
0.000000e+00
0.000000e+00
0.000000e+00
0.000000e+00
0.000000e+00
0.000000e+00
0.000000e+00
0.000000e+00
0.000000e+00
0.000000e+00
0.000000e+00
0.000000e+00
0.000000e+00
0.000000e+00
0.000000e+00
0.000000e+00
0.000000e+00
0.000000e+00
0.000000e+00
0.000000e+00
0.000000e+00
0.000000e+00
0.000000e+00
0.000000e+00
0.000000e+00
0.000000e+00
0.000000e+00
0.000000e+00
0.000000e+00
0.000000e+00
0.000000e+00
0.000000e+00
0.000000e+00
0.000000e+00
0.000000e+00
0.000000e+00
0.000000e+00
0.000000e+00
0.000000e+00
0.000000e+00
0.000000e+00
0.000000e+00
0.000000e+00
0.000000e+00
0.000000e+00
0.000000e+00
0.000000e+00
0.000000e+00
0.000000e+00
0.000000e+00
0.000000e+00
0.000000e+00
0.000000e+00
0.000000e+00
0.000000e+00
0.000000e+00
0.000000e+00
0.000000e+00
0.000000e+00
0.000000e+00
0.000000e+00
0.000000e+00
0.000000e+00
0.000000e+00
0.000000e+00
0.000000e+00
0.000000e+00
0.000000e+00
0.000000e+00
0.000000e+00
0.000000e+00
0.000000e+00
0.000000e+00
0.000000e+00
0.000000e+00
0.000000e+00
0.000000e+00
0.000000e+00
0.000000e+00
0.000000e+00
0.000000e+00
0.000000e+00
0.000000e+00
0.000000e+00
0.000000e+00
0.000000e+00
0.000000e+00
0.000000e+00
0.000000e+00
0.000000e+00
0.000000e+00
0.000000e+00
0.000000e+00
0.000000e+00
0.000000e+00
0.000000e+00
0.000000e+00
0.000000e+00
0.000000e+00
0.000000e+00
0.000000e+00
0.000000e+00
0.000000e+00
0.000000e+00
0.000000e+00
0.000000e+00
0.000000e+00
0.000000e+00
0.000000e+00
0.000000e+00
0.000000e+00
0.000000e+00
0.000000e+00
0.000000e+00
0.000000e+00
0.000000e+00
0.000000e+00
0.000000e+00
0.000000e+00
0.000000e+00
0.000000e+00
0.000000e+00
0.000000e+00
0.000000e+00
0.000000e+00
0.000000e+00
0.000000e+00
0.000000e+00
0.000000e+00
0.000000e+00
0.000000e+00
0.000000e+00
0.000000e+00
0.000000e+00
0.000000e+00
0.000000e+00
0.000000e+00
0.000000e+00
0.000000e+00
0.000000e+00
0.000000e+00
0.000000e+00
0.000000e+00
0.000000e+00
0.000000e+00
0.000000e+00
0.000000e+00
0.000000e+00
0.000000e+00
0.000000e+00
0.000000e+00
0.000000e+00
0.000000e+00
0.000000e+00
0.000000e+00
0.000000e+00
0.000000e+00
0.000000e+00
0.000000e+00
0.000000e+00
0.000000e+00
0.000000e+00
0.000000e+00
0.000000e+00
0.000000e+00
0.000000e+00
0.000000e+00
0.000000e+00
0.000000e+00
0.000000e+00
0.000000e+00
0.000000e+00
0.000000e+00
0.000000e+00
0.000000e+00
0.000000e+00
0.000000e+00
0.000000e+00
0.000000e+00
0.000000e+00
0.000000e+00
0.000000e+00
0.000000e+00
0.000000e+00
0.000000e+00
0.000000e+00
0.000000e+00
0.000000e+00
0.000000e+00
0.000000e+00
0.000000e+00
0.000000e+00
0.000000e+00
0.000000e+00
0.000000e+00
0.000000e+00
0.000000e+00
0.000000e+00
0.000000e+00
0.000000e+00
0.000000e+00
0.000000e+00
0.000000e+00
0.000000e+00
0.000000e+00
0.000000e+00
0.000000e+00
0.000000e+00
0.000000e+00
0.000000e+00
0.000000e+00
0.000000e+00
0.000000e+00
0.000000e+00
0.000000e+00
0.000000e+00
0.000000e+00
0.000000e+00
0.000000e+00
0.000000e+00
0.000000e+00
0.000000e+00
0.000000e+00
0.000000e+00
0.000000e+00
0.000000e+00
0.000000e+00
0.000000e+00
0.000000e+00
0.000000e+00
0.000000e+00
0.000000e+00
0.000000e+00
0.000000e+00
0.000000e+00
0.000000e+00
0.000000e+00
0.000000e+00
0.000000e+00
0.000000e+00
0.000000e+00
0.000000e+00
0.000000e+00
0.000000e+00
0.000000e+00
0.000000e+00
0.000000e+00
0.000000e+00
0.000000e+00
0.000000e+00
0.000000e+00
0.000000e+00
0.000000e+00
0.000000e+00
0.000000e+00
0.000000e+00
0.000000e+00
0.000000e+00
0.000000e+00
0.000000e+00
0.000000e+00
0.000000e+00
0.000000e+00
0.000000e+00
0.000000e+00
0.000000e+00
0.000000e+00
0.000000e+00
0.000000e+00
0.000000e+00
0.000000e+00
0.000000e+00
0.000000e+00
0.000000e+00
0.000000e+00
0.000000e+00
0.000000e+00
0.000000e+00
0.000000e+00
0.000000e+00
0.000000e+00
0.000000e+00
0.000000e+00
0.000000e+00
0.000000e+00
0.000000e+00
0.000000e+00
0.000000e+00
0.000000e+00
0.000000e+00
0.000000e+00
0.000000e+00
0.000000e+00
0.000000e+00
0.000000e+00
0.000000e+00
0.000000e+00
0.000000e+00
0.000000e+00
0.000000e+00
0.000000e+00
0.000000e+00
0.000000e+00
0.000000e+00
0.000000e+00
0.000000e+00
0.000000e+00
0.000000e+00
0.000000e+00
0.000000e+00
0.000000e+00
0.000000e+00
0.000000e+00
0.000000e+00
0.000000e+00
0.000000e+00
0.000000e+00
0.000000e+00
0.000000e+00
0.000000e+00
0.000000e+00
0.000000e+00
0.000000e+00
0.000000e+00
0.000000e+00
0.000000e+00
0.000000e+00
0.000000e+00
0.000000e+00
0.000000e+00
0.000000e+00
0.000000e+00
0.000000e+00
0.000000e+00
0.000000e+00
0.000000e+00
0.000000e+00
0.000000e+00
0.000000e+00
0.000000e+00
0.000000e+00
0.000000e+00
0.000000e+00
0.000000e+00
0.000000e+00
0.000000e+00
0.000000e+00
0.000000e+00
0.000000e+00
0.000000e+00
0.000000e+00
0.000000e+00
0.000000e+00
0.000000e+00
0.000000e+00
0.000000e+00
0.000000e+00
0.000000e+00
0.000000e+00
0.000000e+00
0.000000e+00
0.000000e+00
0.000000e+00
0.000000e+00
0.000000e+00
0.000000e+00
0.000000e+00
0.000000e+00
0.000000e+00
0.000000e+00
0.000000e+00
0.000000e+00
0.000000e+00
0.000000e+00
0.000000e+00
0.000000e+00
0.000000e+00
0.000000e+00
0.000000e+00
0.000000e+00
0.000000e+00
0.000000e+00
0.000000e+00
0.000000e+00
0.000000e+00
0.000000e+00
0.000000e+00
0.000000e+00
0.000000e+00
0.000000e+00
0.000000e+00
0.000000e+00
0.000000e+00
0.000000e+00
0.000000e+00
0.000000e+00
0.000000e+00
0.000000e+00
0.000000e+00
0.000000e+00
0.000000e+00
0.000000e+00
0.000000e+00
0.000000e+00
0.000000e+00
0.000000e+00
0.000000e+00
0.000000e+00
0.000000e+00
0.000000e+00
0.000000e+00
0.000000e+00
0.000000e+00
0.000000e+00
0.000000e+00
0.000000e+00
0.000000e+00
0.000000e+00
0.000000e+00
0.000000e+00
0.000000e+00
0.000000e+00
0.000000e+00
0.000000e+00
0.000000e+00
0.000000e+00
0.000000e+00
0.000000e+00
0.000000e+00
0.000000e+00
0.000000e+00
0.000000e+00
0.000000e+00
0.000000e+00
0.000000e+00
0.000000e+00
0.000000e+00
0.000000e+00
0.000000e+00
0.000000e+00
0.000000e+00
0.000000e+00
0.000000e+00
0.000000e+00
0.000000e+00
0.000000e+00
0.000000e+00
0.000000e+00
0.000000e+00
0.000000e+00
0.000000e+00
0.000000e+00
0.000000e+00
0.000000e+00
0.000000e+00
0.000000e+00
0.000000e+00
0.000000e+00
0.000000e+00
0.000000e+00
0.000000e+00
0.000000e+00
0.000000e+00
0.000000e+00
0.000000e+00
0.000000e+00
0.000000e+00
0.000000e+00
0.000000e+00
0.000000e+00
0.000000e+00
0.000000e+00
0.000000e+00
0.000000e+00
0.000000e+00
0.000000e+00
0.000000e+00
0.000000e+00
0.000000e+00
0.000000e+00
0.000000e+00
0.000000e+00
0.000000e+00
0.000000e+00
0.000000e+00
0.000000e+00
0.000000e+00
0.000000e+00
0.000000e+00
0.000000e+00
0.000000e+00
0.000000e+00
0.000000e+00
0.000000e+00
0.000000e+00
0.000000e+00
0.000000e+00
0.000000e+00
0.000000e+00
0.000000e+00
0.000000e+00
0.000000e+00
0.000000e+00
0.000000e+00
0.000000e+00
0.000000e+00
0.000000e+00
0.000000e+00
0.000000e+00
0.000000e+00
0.000000e+00
0.000000e+00
0.000000e+00
0.000000e+00
0.000000e+00
0.000000e+00
0.000000e+00
0.000000e+00
0.000000e+00
0.000000e+00
0.000000e+00
0.000000e+00
0.000000e+00
0.000000e+00
0.000000e+00
0.000000e+00
0.000000e+00
0.000000e+00
0.000000e+00
0.000000e+00
0.000000e+00
0.000000e+00
0.000000e+00
0.000000e+00
0.000000e+00
0.000000e+00
0.000000e+00
0.000000e+00
0.000000e+00
0.000000e+00
0.000000e+00
0.000000e+00
0.000000e+00
0.000000e+00
0.000000e+00
0.000000e+00
0.000000e+00
0.000000e+00
0.000000e+00
0.000000e+00
0.000000e+00
0.000000e+00
0.000000e+00
0.000000e+00
0.000000e+00
0.000000e+00
0.000000e+00
0.000000e+00
0.000000e+00
0.000000e+00
0.000000e+00
0.000000e+00
0.000000e+00
0.000000e+00
0.000000e+00
0.000000e+00
0.000000e+00
0.000000e+00
0.000000e+00
0.000000e+00
0.000000e+00
0.000000e+00
0.000000e+00
0.000000e+00
0.000000e+00
0.000000e+00
0.000000e+00
0.000000e+00
0.000000e+00
0.000000e+00
0.000000e+00
0.000000e+00
0.000000e+00
0.000000e+00
0.000000e+00
0.000000e+00
0.000000e+00
0.000000e+00
0.000000e+00
0.000000e+00
0.000000e+00
0.000000e+00
0.000000e+00
0.000000e+00
0.000000e+00
0.000000e+00
0.000000e+00
0.000000e+00
0.000000e+00
0.000000e+00
0.000000e+00
0.000000e+00
0.000000e+00
0.000000e+00
0.000000e+00
0.000000e+00
0.000000e+00
0.000000e+00
0.000000e+00
0.000000e+00
0.000000e+00
0.000000e+00
0.000000e+00
0.000000e+00
0.000000e+00
0.000000e+00
0.000000e+00
0.000000e+00
0.000000e+00
0.000000e+00
0.000000e+00
0.000000e+00
0.000000e+00
0.000000e+00
0.000000e+00
0.000000e+00
0.000000e+00
0.000000e+00
0.000000e+00
0.000000e+00
0.000000e+00
0.000000e+00
0.000000e+00
0.000000e+00
0.000000e+00
0.000000e+00
0.000000e+00
0.000000e+00
0.000000e+00
0.000000e+00
0.000000e+00
0.000000e+00
0.000000e+00
0.000000e+00
0.000000e+00
0.000000e+00
0.000000e+00
0.000000e+00
0.000000e+00
0.000000e+00
0.000000e+00
0.000000e+00
0.000000e+00
0.000000e+00
0.000000e+00
0.000000e+00
0.000000e+00
0.000000e+00
0.000000e+00
0.000000e+00
0.000000e+00
0.000000e+00
0.000000e+00
0.000000e+00
0.000000e+00
0.000000e+00
0.000000e+00
0.000000e+00
0.000000e+00
0.000000e+00
0.000000e+00
0.000000e+00
0.000000e+00
0.000000e+00
0.000000e+00
0.000000e+00
0.000000e+00
0.000000e+00
0.000000e+00
0.000000e+00
0.000000e+00
0.000000e+00
0.000000e+00
0.000000e+00
0.000000e+00
0.000000e+00
0.000000e+00
0.000000e+00
0.000000e+00
0.000000e+00
0.000000e+00
0.000000e+00
0.000000e+00
0.000000e+00
0.000000e+00
0.000000e+00
0.000000e+00
0.000000e+00
0.000000e+00
0.000000e+00
0.000000e+00
0.000000e+00
0.000000e+00
0.000000e+00
0.000000e+00
0.000000e+00
0.000000e+00
0.000000e+00
0.000000e+00
0.000000e+00
0.000000e+00
0.000000e+00
0.000000e+00
0.000000e+00
0.000000e+00
0.000000e+00
0.000000e+00
0.000000e+00
0.000000e+00
0.000000e+00
0.000000e+00
0.000000e+00
0.000000e+00
0.000000e+00
0.000000e+00
0.000000e+00
0.000000e+00
0.000000e+00
0.000000e+00
0.000000e+00
0.000000e+00
0.000000e+00
0.000000e+00
0.000000e+00
0.000000e+00
0.000000e+00
0.000000e+00
0.000000e+00
0.000000e+00
0.000000e+00
0.000000e+00
0.000000e+00
0.000000e+00
0.000000e+00
0.000000e+00
0.000000e+00
0.000000e+00
0.000000e+00
0.000000e+00
0.000000e+00
0.000000e+00
0.000000e+00
0.000000e+00
0.000000e+00
0.000000e+00
0.000000e+00
0.000000e+00
0.000000e+00
0.000000e+00
0.000000e+00
0.000000e+00
0.000000e+00
0.000000e+00
0.000000e+00
0.000000e+00
0.000000e+00
0.000000e+00
0.000000e+00
0.000000e+00
0.000000e+00
0.000000e+00
0.000000e+00
0.000000e+00
0.000000e+00
0.000000e+00
0.000000e+00
0.000000e+00
0.000000e+00
0.000000e+00
0.000000e+00
0.000000e+00
0.000000e+00
0.000000e+00
0.000000e+00
0.000000e+00
0.000000e+00
0.000000e+00
0.000000e+00
0.000000e+00
0.000000e+00
0.000000e+00
0.000000e+00
0.000000e+00
0.000000e+00
0.000000e+00
0.000000e+00
0.000000e+00
0.000000e+00
0.000000e+00
0.000000e+00
0.000000e+00
0.000000e+00
0.000000e+00
0.000000e+00
0.000000e+00
0.000000e+00
0.000000e+00
0.000000e+00
0.000000e+00
0.000000e+00
0.000000e+00
0.000000e+00
0.000000e+00
0.000000e+00
0.000000e+00
0.000000e+00
0.000000e+00
0.000000e+00
0.000000e+00
0.000000e+00
0.000000e+00
0.000000e+00
0.000000e+00
0.000000e+00
0.000000e+00
0.000000e+00
0.000000e+00
0.000000e+00
0.000000e+00
0.000000e+00
0.000000e+00
0.000000e+00
0.000000e+00
0.000000e+00
0.000000e+00
0.000000e+00
0.000000e+00
0.000000e+00
0.000000e+00
0.000000e+00
0.000000e+00
0.000000e+00
0.000000e+00
0.000000e+00
0.000000e+00
0.000000e+00
0.000000e+00
0.000000e+00
0.000000e+00
0.000000e+00
0.000000e+00
0.000000e+00
0.000000e+00
0.000000e+00
0.000000e+00
0.000000e+00
0.000000e+00
0.000000e+00
0.000000e+00
0.000000e+00
0.000000e+00
0.000000e+00
0.000000e+00
0.000000e+00
0.000000e+00
0.000000e+00
0.000000e+00
0.000000e+00
0.000000e+00
0.000000e+00
0.000000e+00
0.000000e+00
0.000000e+00
0.000000e+00
0.000000e+00
0.000000e+00
0.000000e+00
0.000000e+00
0.000000e+00
0.000000e+00
0.000000e+00
0.000000e+00
0.000000e+00
0.000000e+00
0.000000e+00
0.000000e+00
0.000000e+00
0.000000e+00
0.000000e+00
0.000000e+00
0.000000e+00
0.000000e+00
0.000000e+00
0.000000e+00
0.000000e+00
0.000000e+00
0.000000e+00
0.000000e+00
0.000000e+00
0.000000e+00
0.000000e+00
0.000000e+00
0.000000e+00
0.000000e+00
0.000000e+00
0.000000e+00
0.000000e+00
0.000000e+00
0.000000e+00
0.000000e+00
0.000000e+00
0.000000e+00
0.000000e+00
0.000000e+00
0.000000e+00
0.000000e+00
0.000000e+00
0.000000e+00
0.000000e+00
0.000000e+00
0.000000e+00
0.000000e+00
0.000000e+00
0.000000e+00
0.000000e+00
0.000000e+00
0.000000e+00
0.000000e+00
0.000000e+00
0.000000e+00
0.000000e+00
0.000000e+00
0.000000e+00
0.000000e+00
0.000000e+00
0.000000e+00
0.000000e+00
0.000000e+00
0.000000e+00
0.000000e+00
0.000000e+00
0.000000e+00
0.000000e+00
0.000000e+00
0.000000e+00
0.000000e+00
0.000000e+00
0.000000e+00
0.000000e+00
0.000000e+00
0.000000e+00
0.000000e+00
0.000000e+00
0.000000e+00
0.000000e+00
0.000000e+00
0.000000e+00
0.000000e+00
0.000000e+00
0.000000e+00
0.000000e+00
0.000000e+00
0.000000e+00
0.000000e+00
0.000000e+00
0.000000e+00
0.000000e+00
0.000000e+00
0.000000e+00
0.000000e+00
0.000000e+00
0.000000e+00
0.000000e+00
0.000000e+00
0.000000e+00
0.000000e+00
0.000000e+00
0.000000e+00
0.000000e+00
0.000000e+00
0.000000e+00
0.000000e+00
0.000000e+00
0.000000e+00
0.000000e+00
0.000000e+00
0.000000e+00
0.000000e+00
0.000000e+00
0.000000e+00
0.000000e+00
0.000000e+00
0.000000e+00
0.000000e+00
0.000000e+00
0.000000e+00
0.000000e+00
0.000000e+00
0.000000e+00
0.000000e+00
0.000000e+00
0.000000e+00
0.000000e+00
0.000000e+00
0.000000e+00
0.000000e+00
0.000000e+00
0.000000e+00
0.000000e+00
0.000000e+00
0.000000e+00
0.000000e+00
0.000000e+00
0.000000e+00
0.000000e+00
0.000000e+00
0.000000e+00
0.000000e+00
0.000000e+00
0.000000e+00
0.000000e+00
0.000000e+00
0.000000e+00
0.000000e+00
0.000000e+00
0.000000e+00
0.000000e+00
0.000000e+00
0.000000e+00
0.000000e+00
0.000000e+00
0.000000e+00
0.000000e+00
0.000000e+00
0.000000e+00
0.000000e+00
0.000000e+00
0.000000e+00
0.000000e+00
0.000000e+00
0.000000e+00
0.000000e+00
0.000000e+00
0.000000e+00
0.000000e+00
0.000000e+00
0.000000e+00
0.000000e+00
0.000000e+00
0.000000e+00
0.000000e+00
0.000000e+00
0.000000e+00
0.000000e+00
0.000000e+00
0.000000e+00
0.000000e+00
0.000000e+00
0.000000e+00
0.000000e+00
0.000000e+00
0.000000e+00
0.000000e+00
0.000000e+00
0.000000e+00
0.000000e+00
0.000000e+00
0.000000e+00
0.000000e+00
0.000000e+00
0.000000e+00
0.000000e+00
0.000000e+00
0.000000e+00
0.000000e+00
0.000000e+00
0.000000e+00
0.000000e+00
0.000000e+00
0.000000e+00
0.000000e+00
0.000000e+00
0.000000e+00
0.000000e+00
0.000000e+00
0.000000e+00
0.000000e+00
0.000000e+00
0.000000e+00
0.000000e+00
0.000000e+00
0.000000e+00
0.000000e+00
0.000000e+00
0.000000e+00
0.000000e+00
0.000000e+00
0.000000e+00
0.000000e+00
0.000000e+00
0.000000e+00
0.000000e+00
0.000000e+00
0.000000e+00
0.000000e+00
0.000000e+00
0.000000e+00
0.000000e+00
0.000000e+00
0.000000e+00
0.000000e+00
0.000000e+00
0.000000e+00
0.000000e+00
0.000000e+00
0.000000e+00
0.000000e+00
0.000000e+00
0.000000e+00
0.000000e+00
0.000000e+00
0.000000e+00
0.000000e+00
0.000000e+00
0.000000e+00
0.000000e+00
0.000000e+00
0.000000e+00
0.000000e+00
0.000000e+00
0.000000e+00
0.000000e+00
0.000000e+00
0.000000e+00
0.000000e+00
0.000000e+00
0.000000e+00
0.000000e+00
0.000000e+00
0.000000e+00
0.000000e+00
0.000000e+00
0.000000e+00
0.000000e+00
0.000000e+00
0.000000e+00
0.000000e+00
0.000000e+00
0.000000e+00
0.000000e+00
0.000000e+00
0.000000e+00
0.000000e+00
0.000000e+00
0.000000e+00
0.000000e+00
0.000000e+00
0.000000e+00
0.000000e+00
0.000000e+00
0.000000e+00
0.000000e+00
0.000000e+00
0.000000e+00
0.000000e+00
0.000000e+00
0.000000e+00
0.000000e+00
0.000000e+00
0.000000e+00
0.000000e+00
0.000000e+00
0.000000e+00
0.000000e+00
0.000000e+00
0.000000e+00
0.000000e+00
0.000000e+00
0.000000e+00
0.000000e+00
0.000000e+00
0.000000e+00
0.000000e+00
0.000000e+00
0.000000e+00
0.000000e+00
0.000000e+00
0.000000e+00
0.000000e+00
0.000000e+00
0.000000e+00
0.000000e+00
0.000000e+00
0.000000e+00
0.000000e+00
0.000000e+00
0.000000e+00
0.000000e+00
0.000000e+00
0.000000e+00
0.000000e+00
0.000000e+00
0.000000e+00
0.000000e+00
0.000000e+00
0.000000e+00
0.000000e+00
0.000000e+00
0.000000e+00
0.000000e+00
0.000000e+00
0.000000e+00
0.000000e+00
0.000000e+00
0.000000e+00
0.000000e+00
0.000000e+00
0.000000e+00
0.000000e+00
0.000000e+00
0.000000e+00
0.000000e+00
0.000000e+00
0.000000e+00
0.000000e+00
0.000000e+00
0.000000e+00
0.000000e+00
0.000000e+00
0.000000e+00
0.000000e+00
0.000000e+00
0.000000e+00
0.000000e+00
0.000000e+00
0.000000e+00
0.000000e+00
0.000000e+00
0.000000e+00
0.000000e+00
0.000000e+00
0.000000e+00
0.000000e+00
0.000000e+00
0.000000e+00
0.000000e+00
0.000000e+00
0.000000e+00
0.000000e+00
0.000000e+00
0.000000e+00
0.000000e+00
0.000000e+00
0.000000e+00
0.000000e+00
0.000000e+00
0.000000e+00
0.000000e+00
0.000000e+00
0.000000e+00
0.000000e+00
0.000000e+00
0.000000e+00
0.000000e+00
0.000000e+00
0.000000e+00
0.000000e+00
0.000000e+00
0.000000e+00
0.000000e+00
0.000000e+00
0.000000e+00
0.000000e+00
0.000000e+00
0.000000e+00
0.000000e+00
0.000000e+00
0.000000e+00
0.000000e+00
0.000000e+00
0.000000e+00
0.000000e+00
0.000000e+00
0.000000e+00
0.000000e+00
0.000000e+00
0.000000e+00
0.000000e+00
0.000000e+00
0.000000e+00
0.000000e+00
0.000000e+00
0.000000e+00
0.000000e+00
0.000000e+00
0.000000e+00
0.000000e+00
0.000000e+00
0.000000e+00
0.000000e+00
0.000000e+00
0.000000e+00
0.000000e+00
0.000000e+00
0.000000e+00
0.000000e+00
0.000000e+00
0.000000e+00
0.000000e+00
0.000000e+00
0.000000e+00
0.000000e+00
0.000000e+00
0.000000e+00
0.000000e+00
0.000000e+00
0.000000e+00
0.000000e+00
0.000000e+00
0.000000e+00
0.000000e+00
0.000000e+00
0.000000e+00
0.000000e+00
0.000000e+00
0.000000e+00
0.000000e+00
0.000000e+00
0.000000e+00
0.000000e+00
0.000000e+00
0.000000e+00
0.000000e+00
0.000000e+00
0.000000e+00
0.000000e+00
0.000000e+00
0.000000e+00
0.000000e+00
0.000000e+00
0.000000e+00
0.000000e+00
0.000000e+00
0.000000e+00
0.000000e+00
0.000000e+00
0.000000e+00
0.000000e+00
0.000000e+00
0.000000e+00
0.000000e+00
0.000000e+00
0.000000e+00
0.000000e+00
0.000000e+00
0.000000e+00
0.000000e+00
0.000000e+00
0.000000e+00
0.000000e+00
0.000000e+00
0.000000e+00
0.000000e+00
0.000000e+00
0.000000e+00
0.000000e+00
0.000000e+00
0.000000e+00
0.000000e+00
0.000000e+00
0.000000e+00
0.000000e+00
0.000000e+00
0.000000e+00
0.000000e+00
0.000000e+00
0.000000e+00
0.000000e+00
0.000000e+00
0.000000e+00
0.000000e+00
0.000000e+00
0.000000e+00
0.000000e+00
0.000000e+00
0.000000e+00
0.000000e+00
0.000000e+00
0.000000e+00
0.000000e+00
0.000000e+00
0.000000e+00
0.000000e+00
0.000000e+00
0.000000e+00
0.000000e+00
0.000000e+00
0.000000e+00
0.000000e+00
0.000000e+00
0.000000e+00
0.000000e+00
0.000000e+00
0.000000e+00
0.000000e+00
0.000000e+00
0.000000e+00
0.000000e+00
0.000000e+00
0.000000e+00
0.000000e+00
0.000000e+00
0.000000e+00
0.000000e+00
0.000000e+00
0.000000e+00
0.000000e+00
0.000000e+00
0.000000e+00
0.000000e+00
0.000000e+00
0.000000e+00
0.000000e+00
0.000000e+00
0.000000e+00
0.000000e+00
0.000000e+00
0.000000e+00
0.000000e+00
0.000000e+00
0.000000e+00
0.000000e+00
0.000000e+00
0.000000e+00
0.000000e+00
0.000000e+00
0.000000e+00
0.000000e+00
0.000000e+00
0.000000e+00
0.000000e+00
0.000000e+00
0.000000e+00
0.000000e+00
0.000000e+00
0.000000e+00
0.000000e+00
0.000000e+00
0.000000e+00
0.000000e+00
0.000000e+00
0.000000e+00
0.000000e+00
0.000000e+00
0.000000e+00
0.000000e+00
0.000000e+00
0.000000e+00
0.000000e+00
0.000000e+00
0.000000e+00
0.000000e+00
0.000000e+00
0.000000e+00
0.000000e+00
0.000000e+00
0.000000e+00
0.000000e+00
0.000000e+00
0.000000e+00
0.000000e+00
0.000000e+00
0.000000e+00
0.000000e+00
0.000000e+00
0.000000e+00
0.000000e+00
0.000000e+00
0.000000e+00
0.000000e+00
0.000000e+00
0.000000e+00
0.000000e+00
0.000000e+00
0.000000e+00
0.000000e+00
0.000000e+00
0.000000e+00
0.000000e+00
0.000000e+00
0.000000e+00
0.000000e+00
0.000000e+00
0.000000e+00
0.000000e+00
0.000000e+00
0.000000e+00
0.000000e+00
0.000000e+00
0.000000e+00
0.000000e+00
0.000000e+00
0.000000e+00
0.000000e+00
0.000000e+00
0.000000e+00
0.000000e+00
0.000000e+00
0.000000e+00
0.000000e+00
0.000000e+00
0.000000e+00
0.000000e+00
0.000000e+00
0.000000e+00
0.000000e+00
0.000000e+00
0.000000e+00
0.000000e+00
0.000000e+00
0.000000e+00
0.000000e+00
0.000000e+00
0.000000e+00
0.000000e+00
0.000000e+00
0.000000e+00
0.000000e+00
0.000000e+00
0.000000e+00
0.000000e+00
0.000000e+00
0.000000e+00
0.000000e+00
0.000000e+00
0.000000e+00
0.000000e+00
0.000000e+00
0.000000e+00
0.000000e+00
0.000000e+00
0.000000e+00
0.000000e+00
0.000000e+00
0.000000e+00
0.000000e+00
0.000000e+00
0.000000e+00
0.000000e+00
0.000000e+00
0.000000e+00
0.000000e+00
0.000000e+00
0.000000e+00
0.000000e+00
0.000000e+00
0.000000e+00
0.000000e+00
0.000000e+00
0.000000e+00
0.000000e+00
0.000000e+00
0.000000e+00
0.000000e+00
0.000000e+00
0.000000e+00
0.000000e+00
0.000000e+00
0.000000e+00
0.000000e+00
0.000000e+00
0.000000e+00
0.000000e+00
0.000000e+00
0.000000e+00
0.000000e+00
0.000000e+00
0.000000e+00
0.000000e+00
0.000000e+00
0.000000e+00
0.000000e+00
0.000000e+00
0.000000e+00
0.000000e+00
0.000000e+00
0.000000e+00
0.000000e+00
0.000000e+00
0.000000e+00
0.000000e+00
0.000000e+00
0.000000e+00
0.000000e+00
0.000000e+00
0.000000e+00
0.000000e+00
0.000000e+00
0.000000e+00
0.000000e+00
0.000000e+00
0.000000e+00
0.000000e+00
0.000000e+00
0.000000e+00
0.000000e+00
0.000000e+00
0.000000e+00
0.000000e+00
0.000000e+00
0.000000e+00
0.000000e+00
0.000000e+00
0.000000e+00
0.000000e+00
0.000000e+00
0.000000e+00
0.000000e+00
0.000000e+00
0.000000e+00
0.000000e+00
0.000000e+00
0.000000e+00
0.000000e+00
0.000000e+00
0.000000e+00
0.000000e+00
0.000000e+00
0.000000e+00
0.000000e+00
0.000000e+00
0.000000e+00
0.000000e+00
0.000000e+00
0.000000e+00
0.000000e+00
0.000000e+00
0.000000e+00
0.000000e+00
0.000000e+00
0.000000e+00
0.000000e+00
0.000000e+00
0.000000e+00
0.000000e+00
0.000000e+00
0.000000e+00
0.000000e+00
0.000000e+00
0.000000e+00
0.000000e+00
0.000000e+00
0.000000e+00
0.000000e+00
0.000000e+00
0.000000e+00
0.000000e+00
0.000000e+00
0.000000e+00
0.000000e+00
0.000000e+00
0.000000e+00
0.000000e+00
0.000000e+00
0.000000e+00
0.000000e+00
0.000000e+00
0.000000e+00
0.000000e+00
0.000000e+00
0.000000e+00
0.000000e+00
0.000000e+00
0.000000e+00
0.000000e+00
0.000000e+00
0.000000e+00
0.000000e+00
0.000000e+00
0.000000e+00
0.000000e+00
0.000000e+00
0.000000e+00
0.000000e+00
0.000000e+00
0.000000e+00
0.000000e+00
0.000000e+00
0.000000e+00
0.000000e+00
0.000000e+00
0.000000e+00
0.000000e+00
0.000000e+00
0.000000e+00
0.000000e+00
0.000000e+00
0.000000e+00
0.000000e+00
0.000000e+00
0.000000e+00
0.000000e+00
0.000000e+00
0.000000e+00
0.000000e+00
0.000000e+00
0.000000e+00
0.000000e+00
0.000000e+00
0.000000e+00
0.000000e+00
0.000000e+00
0.000000e+00
0.000000e+00
0.000000e+00
0.000000e+00
0.000000e+00
0.000000e+00
0.000000e+00
0.000000e+00
0.000000e+00
0.000000e+00
0.000000e+00
0.000000e+00
0.000000e+00
0.000000e+00
0.000000e+00
0.000000e+00
0.000000e+00
0.000000e+00
0.000000e+00
0.000000e+00
0.000000e+00
0.000000e+00
0.000000e+00
0.000000e+00
0.000000e+00
0.000000e+00
0.000000e+00
0.000000e+00
0.000000e+00
0.000000e+00
0.000000e+00
0.000000e+00
0.000000e+00
0.000000e+00
0.000000e+00
0.000000e+00
0.000000e+00
0.000000e+00
0.000000e+00
0.000000e+00
0.000000e+00
0.000000e+00
0.000000e+00
0.000000e+00
0.000000e+00
0.000000e+00
0.000000e+00
0.000000e+00
0.000000e+00
0.000000e+00
0.000000e+00
0.000000e+00
0.000000e+00
0.000000e+00
0.000000e+00
0.000000e+00
0.000000e+00
0.000000e+00
0.000000e+00
0.000000e+00
0.000000e+00
0.000000e+00
0.000000e+00
0.000000e+00
0.000000e+00
0.000000e+00
0.000000e+00
0.000000e+00
0.000000e+00
0.000000e+00
0.000000e+00
0.000000e+00
0.000000e+00
0.000000e+00
0.000000e+00
0.000000e+00
0.000000e+00
0.000000e+00
0.000000e+00
0.000000e+00
0.000000e+00
0.000000e+00
0.000000e+00
0.000000e+00
0.000000e+00
0.000000e+00
0.000000e+00
0.000000e+00
0.000000e+00
0.000000e+00
0.000000e+00
0.000000e+00
0.000000e+00
0.000000e+00
0.000000e+00
0.000000e+00
0.000000e+00
0.000000e+00
0.000000e+00
0.000000e+00
0.000000e+00
0.000000e+00
0.000000e+00
0.000000e+00
0.000000e+00
0.000000e+00
0.000000e+00
0.000000e+00
0.000000e+00
0.000000e+00
0.000000e+00
0.000000e+00
0.000000e+00
0.000000e+00
0.000000e+00
0.000000e+00
0.000000e+00
0.000000e+00
0.000000e+00
0.000000e+00
0.000000e+00
0.000000e+00
0.000000e+00
0.000000e+00
0.000000e+00
0.000000e+00
0.000000e+00
0.000000e+00
0.000000e+00
0.000000e+00
0.000000e+00
0.000000e+00
0.000000e+00
0.000000e+00
0.000000e+00
0.000000e+00
0.000000e+00
0.000000e+00
0.000000e+00
0.000000e+00
0.000000e+00
0.000000e+00
0.000000e+00
0.000000e+00
0.000000e+00
0.000000e+00
0.000000e+00
0.000000e+00
0.000000e+00
0.000000e+00
0.000000e+00
0.000000e+00
0.000000e+00
0.000000e+00
0.000000e+00
0.000000e+00
0.000000e+00
0.000000e+00
0.000000e+00
0.000000e+00
0.000000e+00
0.000000e+00
0.000000e+00
0.000000e+00
0.000000e+00
0.000000e+00
0.000000e+00
0.000000e+00
0.000000e+00
0.000000e+00
0.000000e+00
0.000000e+00
0.000000e+00
0.000000e+00
0.000000e+00
0.000000e+00
0.000000e+00
0.000000e+00
0.000000e+00
0.000000e+00
0.000000e+00
0.000000e+00
0.000000e+00
0.000000e+00
0.000000e+00
0.000000e+00
0.000000e+00
0.000000e+00
0.000000e+00
0.000000e+00
0.000000e+00
0.000000e+00
0.000000e+00
0.000000e+00
0.000000e+00
0.000000e+00
0.000000e+00
0.000000e+00
0.000000e+00
0.000000e+00
0.000000e+00
0.000000e+00
0.000000e+00
0.000000e+00
0.000000e+00
0.000000e+00
0.000000e+00
0.000000e+00
0.000000e+00
0.000000e+00
</DataArray>
<DataArray type="Float32" Name="V3" format="ascii">
0.000000e+00
0.000000e+00
0.000000e+00
0.000000e+00
0.000000e+00
0.000000e+00
0.000000e+00
0.000000e+00
0.000000e+00
0.000000e+00
0.000000e+00
0.000000e+00
0.000000e+00
0.000000e+00
0.000000e+00
0.000000e+00
0.000000e+00
0.000000e+00
0.000000e+00
0.000000e+00
0.000000e+00
0.000000e+00
0.000000e+00
0.000000e+00
0.000000e+00
0.000000e+00
0.000000e+00
0.000000e+00
0.000000e+00
0.000000e+00
0.000000e+00
0.000000e+00
0.000000e+00
0.000000e+00
0.000000e+00
0.000000e+00
0.000000e+00
0.000000e+00
0.000000e+00
0.000000e+00
0.000000e+00
0.000000e+00
0.000000e+00
0.000000e+00
0.000000e+00
0.000000e+00
0.000000e+00
0.000000e+00
0.000000e+00
0.000000e+00
0.000000e+00
0.000000e+00
0.000000e+00
0.000000e+00
0.000000e+00
0.000000e+00
0.000000e+00
0.000000e+00
0.000000e+00
0.000000e+00
0.000000e+00
0.000000e+00
0.000000e+00
0.000000e+00
0.000000e+00
0.000000e+00
0.000000e+00
0.000000e+00
0.000000e+00
0.000000e+00
0.000000e+00
0.000000e+00
0.000000e+00
0.000000e+00
0.000000e+00
0.000000e+00
0.000000e+00
0.000000e+00
0.000000e+00
0.000000e+00
0.000000e+00
0.000000e+00
0.000000e+00
0.000000e+00
0.000000e+00
0.000000e+00
0.000000e+00
0.000000e+00
0.000000e+00
0.000000e+00
0.000000e+00
0.000000e+00
0.000000e+00
0.000000e+00
0.000000e+00
0.000000e+00
0.000000e+00
0.000000e+00
0.000000e+00
0.000000e+00
0.000000e+00
0.000000e+00
0.000000e+00
0.000000e+00
0.000000e+00
0.000000e+00
0.000000e+00
0.000000e+00
0.000000e+00
0.000000e+00
0.000000e+00
0.000000e+00
0.000000e+00
0.000000e+00
0.000000e+00
0.000000e+00
0.000000e+00
0.000000e+00
0.000000e+00
0.000000e+00
0.000000e+00
0.000000e+00
0.000000e+00
0.000000e+00
0.000000e+00
0.000000e+00
0.000000e+00
0.000000e+00
0.000000e+00
0.000000e+00
0.000000e+00
0.000000e+00
0.000000e+00
0.000000e+00
0.000000e+00
0.000000e+00
0.000000e+00
0.000000e+00
0.000000e+00
0.000000e+00
0.000000e+00
0.000000e+00
0.000000e+00
0.000000e+00
0.000000e+00
0.000000e+00
0.000000e+00
0.000000e+00
0.000000e+00
0.000000e+00
0.000000e+00
0.000000e+00
0.000000e+00
0.000000e+00
0.000000e+00
0.000000e+00
0.000000e+00
0.000000e+00
0.000000e+00
0.000000e+00
0.000000e+00
0.000000e+00
0.000000e+00
0.000000e+00
0.000000e+00
0.000000e+00
0.000000e+00
0.000000e+00
0.000000e+00
0.000000e+00
0.000000e+00
0.000000e+00
0.000000e+00
0.000000e+00
0.000000e+00
0.000000e+00
0.000000e+00
0.000000e+00
0.000000e+00
0.000000e+00
0.000000e+00
0.000000e+00
0.000000e+00
0.000000e+00
0.000000e+00
0.000000e+00
0.000000e+00
0.000000e+00
0.000000e+00
0.000000e+00
0.000000e+00
0.000000e+00
0.000000e+00
0.000000e+00
0.000000e+00
0.000000e+00
0.000000e+00
0.000000e+00
0.000000e+00
0.000000e+00
0.000000e+00
0.000000e+00
0.000000e+00
0.000000e+00
0.000000e+00
0.000000e+00
0.000000e+00
0.000000e+00
0.000000e+00
0.000000e+00
0.000000e+00
0.000000e+00
0.000000e+00
0.000000e+00
0.000000e+00
0.000000e+00
0.000000e+00
0.000000e+00
0.000000e+00
0.000000e+00
0.000000e+00
0.000000e+00
0.000000e+00
0.000000e+00
0.000000e+00
0.000000e+00
0.000000e+00
0.000000e+00
0.000000e+00
0.000000e+00
0.000000e+00
0.000000e+00
0.000000e+00
0.000000e+00
0.000000e+00
0.000000e+00
0.000000e+00
0.000000e+00
0.000000e+00
0.000000e+00
0.000000e+00
0.000000e+00
0.000000e+00
0.000000e+00
0.000000e+00
0.000000e+00
0.000000e+00
0.000000e+00
0.000000e+00
0.000000e+00
0.000000e+00
0.000000e+00
0.000000e+00
0.000000e+00
0.000000e+00
0.000000e+00
0.000000e+00
0.000000e+00
0.000000e+00
0.000000e+00
0.000000e+00
0.000000e+00
0.000000e+00
0.000000e+00
0.000000e+00
0.000000e+00
0.000000e+00
0.000000e+00
0.000000e+00
0.000000e+00
0.000000e+00
0.000000e+00
0.000000e+00
0.000000e+00
0.000000e+00
0.000000e+00
0.000000e+00
0.000000e+00
0.000000e+00
0.000000e+00
0.000000e+00
0.000000e+00
0.000000e+00
0.000000e+00
0.000000e+00
0.000000e+00
0.000000e+00
0.000000e+00
0.000000e+00
0.000000e+00
0.000000e+00
0.000000e+00
0.000000e+00
0.000000e+00
0.000000e+00
0.000000e+00
0.000000e+00
0.000000e+00
0.000000e+00
0.000000e+00
0.000000e+00
0.000000e+00
0.000000e+00
0.000000e+00
0.000000e+00
0.000000e+00
0.000000e+00
0.000000e+00
0.000000e+00
0.000000e+00
0.000000e+00
0.000000e+00
0.000000e+00
0.000000e+00
0.000000e+00
0.000000e+00
0.000000e+00
0.000000e+00
0.000000e+00
0.000000e+00
0.000000e+00
0.000000e+00
0.000000e+00
0.000000e+00
0.000000e+00
0.000000e+00
0.000000e+00
0.000000e+00
0.000000e+00
0.000000e+00
0.000000e+00
0.000000e+00
0.000000e+00
0.000000e+00
0.000000e+00
0.000000e+00
0.000000e+00
0.000000e+00
0.000000e+00
0.000000e+00
0.000000e+00
0.000000e+00
0.000000e+00
0.000000e+00
0.000000e+00
0.000000e+00
0.000000e+00
0.000000e+00
0.000000e+00
0.000000e+00
0.000000e+00
0.000000e+00
0.000000e+00
0.000000e+00
0.000000e+00
0.000000e+00
0.000000e+00
0.000000e+00
0.000000e+00
0.000000e+00
0.000000e+00
0.000000e+00
0.000000e+00
0.000000e+00
0.000000e+00
0.000000e+00
0.000000e+00
0.000000e+00
0.000000e+00
0.000000e+00
0.000000e+00
0.000000e+00
0.000000e+00
0.000000e+00
0.000000e+00
0.000000e+00
0.000000e+00
0.000000e+00
0.000000e+00
0.000000e+00
0.000000e+00
0.000000e+00
0.000000e+00
0.000000e+00
0.000000e+00
0.000000e+00
0.000000e+00
0.000000e+00
0.000000e+00
0.000000e+00
0.000000e+00
0.000000e+00
0.000000e+00
0.000000e+00
0.000000e+00
0.000000e+00
0.000000e+00
0.000000e+00
0.000000e+00
0.000000e+00
0.000000e+00
0.000000e+00
0.000000e+00
0.000000e+00
0.000000e+00
0.000000e+00
0.000000e+00
0.000000e+00
0.000000e+00
0.000000e+00
0.000000e+00
0.000000e+00
0.000000e+00
0.000000e+00
0.000000e+00
0.000000e+00
0.000000e+00
0.000000e+00
0.000000e+00
0.000000e+00
0.000000e+00
0.000000e+00
0.000000e+00
0.000000e+00
0.000000e+00
0.000000e+00
0.000000e+00
0.000000e+00
0.000000e+00
0.000000e+00
0.000000e+00
0.000000e+00
0.000000e+00
0.000000e+00
0.000000e+00
0.000000e+00
0.000000e+00
0.000000e+00
0.000000e+00
0.000000e+00
0.000000e+00
0.000000e+00
0.000000e+00
0.000000e+00
0.000000e+00
0.000000e+00
0.000000e+00
0.000000e+00
0.000000e+00
0.000000e+00
0.000000e+00
0.000000e+00
0.000000e+00
0.000000e+00
0.000000e+00
0.000000e+00
0.000000e+00
0.000000e+00
0.000000e+00
0.000000e+00
0.000000e+00
0.000000e+00
0.000000e+00
0.000000e+00
0.000000e+00
0.000000e+00
0.000000e+00
0.000000e+00
0.000000e+00
0.000000e+00
0.000000e+00
0.000000e+00
0.000000e+00
0.000000e+00
0.000000e+00
0.000000e+00
0.000000e+00
0.000000e+00
0.000000e+00
0.000000e+00
0.000000e+00
0.000000e+00
0.000000e+00
0.000000e+00
0.000000e+00
0.000000e+00
0.000000e+00
0.000000e+00
0.000000e+00
0.000000e+00
0.000000e+00
0.000000e+00
0.000000e+00
0.000000e+00
0.000000e+00
0.000000e+00
0.000000e+00
0.000000e+00
0.000000e+00
0.000000e+00
0.000000e+00
0.000000e+00
0.000000e+00
0.000000e+00
0.000000e+00
0.000000e+00
0.000000e+00
0.000000e+00
0.000000e+00
0.000000e+00
0.000000e+00
0.000000e+00
0.000000e+00
0.000000e+00
0.000000e+00
0.000000e+00
0.000000e+00
0.000000e+00
0.000000e+00
0.000000e+00
0.000000e+00
0.000000e+00
0.000000e+00
0.000000e+00
0.000000e+00
0.000000e+00
0.000000e+00
0.000000e+00
0.000000e+00
0.000000e+00
0.000000e+00
0.000000e+00
0.000000e+00
0.000000e+00
0.000000e+00
0.000000e+00
0.000000e+00
0.000000e+00
0.000000e+00
0.000000e+00
0.000000e+00
0.000000e+00
0.000000e+00
0.000000e+00
0.000000e+00
0.000000e+00
0.000000e+00
0.000000e+00
0.000000e+00
0.000000e+00
0.000000e+00
0.000000e+00
0.000000e+00
0.000000e+00
0.000000e+00
0.000000e+00
0.000000e+00
0.000000e+00
0.000000e+00
0.000000e+00
0.000000e+00
0.000000e+00
0.000000e+00
0.000000e+00
0.000000e+00
0.000000e+00
0.000000e+00
0.000000e+00
0.000000e+00
0.000000e+00
0.000000e+00
0.000000e+00
0.000000e+00
0.000000e+00
0.000000e+00
0.000000e+00
0.000000e+00
0.000000e+00
0.000000e+00
0.000000e+00
0.000000e+00
0.000000e+00
0.000000e+00
0.000000e+00
0.000000e+00
0.000000e+00
0.000000e+00
0.000000e+00
0.000000e+00
0.000000e+00
0.000000e+00
0.000000e+00
0.000000e+00
0.000000e+00
0.000000e+00
0.000000e+00
0.000000e+00
0.000000e+00
0.000000e+00
0.000000e+00
0.000000e+00
0.000000e+00
0.000000e+00
0.000000e+00
0.000000e+00
0.000000e+00
0.000000e+00
0.000000e+00
0.000000e+00
0.000000e+00
0.000000e+00
0.000000e+00
0.000000e+00
0.000000e+00
0.000000e+00
0.000000e+00
0.000000e+00
0.000000e+00
0.000000e+00
0.000000e+00
0.000000e+00
0.000000e+00
0.000000e+00
0.000000e+00
0.000000e+00
0.000000e+00
0.000000e+00
0.000000e+00
0.000000e+00
0.000000e+00
0.000000e+00
0.000000e+00
0.000000e+00
0.000000e+00
0.000000e+00
0.000000e+00
0.000000e+00
0.000000e+00
0.000000e+00
0.000000e+00
0.000000e+00
0.000000e+00
0.000000e+00
0.000000e+00
0.000000e+00
0.000000e+00
0.000000e+00
0.000000e+00
0.000000e+00
0.000000e+00
0.000000e+00
0.000000e+00
0.000000e+00
0.000000e+00
0.000000e+00
0.000000e+00
0.000000e+00
0.000000e+00
0.000000e+00
0.000000e+00
0.000000e+00
0.000000e+00
0.000000e+00
0.000000e+00
0.000000e+00
0.000000e+00
0.000000e+00
0.000000e+00
0.000000e+00
0.000000e+00
0.000000e+00
0.000000e+00
0.000000e+00
0.000000e+00
0.000000e+00
0.000000e+00
0.000000e+00
0.000000e+00
0.000000e+00
0.000000e+00
0.000000e+00
0.000000e+00
0.000000e+00
0.000000e+00
0.000000e+00
0.000000e+00
0.000000e+00
0.000000e+00
0.000000e+00
0.000000e+00
0.000000e+00
0.000000e+00
0.000000e+00
0.000000e+00
0.000000e+00
0.000000e+00
0.000000e+00
0.000000e+00
0.000000e+00
0.000000e+00
0.000000e+00
0.000000e+00
0.000000e+00
0.000000e+00
0.000000e+00
0.000000e+00
0.000000e+00
0.000000e+00
0.000000e+00
0.000000e+00
0.000000e+00
0.000000e+00
0.000000e+00
0.000000e+00
0.000000e+00
0.000000e+00
0.000000e+00
0.000000e+00
0.000000e+00
0.000000e+00
0.000000e+00
0.000000e+00
0.000000e+00
0.000000e+00
0.000000e+00
0.000000e+00
0.000000e+00
0.000000e+00
0.000000e+00
0.000000e+00
0.000000e+00
0.000000e+00
0.000000e+00
0.000000e+00
0.000000e+00
0.000000e+00
0.000000e+00
0.000000e+00
0.000000e+00
0.000000e+00
0.000000e+00
0.000000e+00
0.000000e+00
0.000000e+00
0.000000e+00
0.000000e+00
0.000000e+00
0.000000e+00
0.000000e+00
0.000000e+00
0.000000e+00
0.000000e+00
0.000000e+00
0.000000e+00
0.000000e+00
0.000000e+00
0.000000e+00
0.000000e+00
0.000000e+00
0.000000e+00
0.000000e+00
0.000000e+00
0.000000e+00
0.000000e+00
0.000000e+00
0.000000e+00
0.000000e+00
0.000000e+00
0.000000e+00
0.000000e+00
0.000000e+00
0.000000e+00
0.000000e+00
0.000000e+00
0.000000e+00
0.000000e+00
0.000000e+00
0.000000e+00
0.000000e+00
0.000000e+00
0.000000e+00
0.000000e+00
0.000000e+00
0.000000e+00
0.000000e+00
0.000000e+00
0.000000e+00
0.000000e+00
0.000000e+00
0.000000e+00
0.000000e+00
0.000000e+00
0.000000e+00
0.000000e+00
0.000000e+00
0.000000e+00
0.000000e+00
0.000000e+00
0.000000e+00
0.000000e+00
0.000000e+00
0.000000e+00
0.000000e+00
0.000000e+00
0.000000e+00
0.000000e+00
0.000000e+00
0.000000e+00
0.000000e+00
0.000000e+00
0.000000e+00
0.000000e+00
0.000000e+00
0.000000e+00
0.000000e+00
0.000000e+00
0.000000e+00
0.000000e+00
0.000000e+00
0.000000e+00
0.000000e+00
0.000000e+00
0.000000e+00
0.000000e+00
0.000000e+00
0.000000e+00
0.000000e+00
0.000000e+00
0.000000e+00
0.000000e+00
0.000000e+00
0.000000e+00
0.000000e+00
0.000000e+00
0.000000e+00
0.000000e+00
0.000000e+00
0.000000e+00
0.000000e+00
0.000000e+00
0.000000e+00
0.000000e+00
0.000000e+00
0.000000e+00
0.000000e+00
0.000000e+00
0.000000e+00
0.000000e+00
0.000000e+00
0.000000e+00
0.000000e+00
0.000000e+00
0.000000e+00
0.000000e+00
0.000000e+00
0.000000e+00
0.000000e+00
0.000000e+00
0.000000e+00
0.000000e+00
0.000000e+00
0.000000e+00
0.000000e+00
0.000000e+00
0.000000e+00
0.000000e+00
0.000000e+00
0.000000e+00
0.000000e+00
0.000000e+00
0.000000e+00
0.000000e+00
0.000000e+00
0.000000e+00
0.000000e+00
0.000000e+00
0.000000e+00
0.000000e+00
0.000000e+00
0.000000e+00
0.000000e+00
0.000000e+00
0.000000e+00
0.000000e+00
0.000000e+00
0.000000e+00
0.000000e+00
0.000000e+00
0.000000e+00
0.000000e+00
0.000000e+00
0.000000e+00
0.000000e+00
0.000000e+00
0.000000e+00
0.000000e+00
0.000000e+00
0.000000e+00
0.000000e+00
0.000000e+00
0.000000e+00
0.000000e+00
0.000000e+00
0.000000e+00
0.000000e+00
0.000000e+00
0.000000e+00
0.000000e+00
0.000000e+00
0.000000e+00
0.000000e+00
0.000000e+00
0.000000e+00
0.000000e+00
0.000000e+00
0.000000e+00
0.000000e+00
0.000000e+00
0.000000e+00
0.000000e+00
0.000000e+00
0.000000e+00
0.000000e+00
0.000000e+00
0.000000e+00
0.000000e+00
0.000000e+00
0.000000e+00
0.000000e+00
0.000000e+00
0.000000e+00
0.000000e+00
0.000000e+00
0.000000e+00
0.000000e+00
0.000000e+00
0.000000e+00
0.000000e+00
0.000000e+00
0.000000e+00
0.000000e+00
0.000000e+00
0.000000e+00
0.000000e+00
0.000000e+00
0.000000e+00
0.000000e+00
0.000000e+00
0.000000e+00
0.000000e+00
0.000000e+00
0.000000e+00
0.000000e+00
0.000000e+00
0.000000e+00
0.000000e+00
0.000000e+00
0.000000e+00
0.000000e+00
0.000000e+00
0.000000e+00
0.000000e+00
0.000000e+00
0.000000e+00
0.000000e+00
0.000000e+00
0.000000e+00
0.000000e+00
0.000000e+00
0.000000e+00
0.000000e+00
0.000000e+00
0.000000e+00
0.000000e+00
0.000000e+00
0.000000e+00
0.000000e+00
0.000000e+00
0.000000e+00
0.000000e+00
0.000000e+00
0.000000e+00
0.000000e+00
0.000000e+00
0.000000e+00
0.000000e+00
0.000000e+00
0.000000e+00
0.000000e+00
0.000000e+00
0.000000e+00
0.000000e+00
0.000000e+00
0.000000e+00
0.000000e+00
0.000000e+00
0.000000e+00
0.000000e+00
0.000000e+00
0.000000e+00
0.000000e+00
0.000000e+00
0.000000e+00
0.000000e+00
0.000000e+00
0.000000e+00
0.000000e+00
0.000000e+00
0.000000e+00
0.000000e+00
0.000000e+00
0.000000e+00
0.000000e+00
0.000000e+00
0.000000e+00
0.000000e+00
0.000000e+00
0.000000e+00
0.000000e+00
0.000000e+00
0.000000e+00
0.000000e+00
0.000000e+00
0.000000e+00
0.000000e+00
0.000000e+00
0.000000e+00
0.000000e+00
0.000000e+00
0.000000e+00
0.000000e+00
0.000000e+00
0.000000e+00
0.000000e+00
0.000000e+00
0.000000e+00
0.000000e+00
0.000000e+00
0.000000e+00
0.000000e+00
0.000000e+00
0.000000e+00
0.000000e+00
0.000000e+00
0.000000e+00
0.000000e+00
0.000000e+00
0.000000e+00
0.000000e+00
0.000000e+00
0.000000e+00
0.000000e+00
0.000000e+00
0.000000e+00
0.000000e+00
0.000000e+00
0.000000e+00
0.000000e+00
0.000000e+00
0.000000e+00
0.000000e+00
0.000000e+00
0.000000e+00
0.000000e+00
0.000000e+00
0.000000e+00
0.000000e+00
0.000000e+00
0.000000e+00
0.000000e+00
0.000000e+00
0.000000e+00
0.000000e+00
0.000000e+00
0.000000e+00
0.000000e+00
0.000000e+00
0.000000e+00
0.000000e+00
0.000000e+00
0.000000e+00
0.000000e+00
0.000000e+00
0.000000e+00
0.000000e+00
0.000000e+00
0.000000e+00
0.000000e+00
0.000000e+00
0.000000e+00
0.000000e+00
0.000000e+00
0.000000e+00
0.000000e+00
0.000000e+00
0.000000e+00
0.000000e+00
0.000000e+00
0.000000e+00
0.000000e+00
0.000000e+00
0.000000e+00
0.000000e+00
0.000000e+00
0.000000e+00
0.000000e+00
0.000000e+00
0.000000e+00
0.000000e+00
0.000000e+00
0.000000e+00
0.000000e+00
0.000000e+00
0.000000e+00
0.000000e+00
0.000000e+00
0.000000e+00
0.000000e+00
0.000000e+00
0.000000e+00
0.000000e+00
0.000000e+00
0.000000e+00
0.000000e+00
0.000000e+00
0.000000e+00
0.000000e+00
0.000000e+00
0.000000e+00
0.000000e+00
0.000000e+00
0.000000e+00
0.000000e+00
0.000000e+00
0.000000e+00
0.000000e+00
0.000000e+00
0.000000e+00
0.000000e+00
0.000000e+00
0.000000e+00
0.000000e+00
0.000000e+00
0.000000e+00
0.000000e+00
0.000000e+00
0.000000e+00
0.000000e+00
0.000000e+00
0.000000e+00
0.000000e+00
0.000000e+00
0.000000e+00
0.000000e+00
0.000000e+00
0.000000e+00
0.000000e+00
0.000000e+00
0.000000e+00
0.000000e+00
0.000000e+00
0.000000e+00
0.000000e+00
0.000000e+00
0.000000e+00
0.000000e+00
0.000000e+00
0.000000e+00
0.000000e+00
0.000000e+00
0.000000e+00
0.000000e+00
0.000000e+00
0.000000e+00
0.000000e+00
0.000000e+00
0.000000e+00
0.000000e+00
0.000000e+00
0.000000e+00
0.000000e+00
0.000000e+00
0.000000e+00
0.000000e+00
0.000000e+00
0.000000e+00
0.000000e+00
0.000000e+00
0.000000e+00
0.000000e+00
0.000000e+00
0.000000e+00
0.000000e+00
0.000000e+00
0.000000e+00
0.000000e+00
0.000000e+00
0.000000e+00
0.000000e+00
0.000000e+00
0.000000e+00
0.000000e+00
0.000000e+00
0.000000e+00
0.000000e+00
0.000000e+00
0.000000e+00
0.000000e+00
0.000000e+00
0.000000e+00
0.000000e+00
0.000000e+00
0.000000e+00
0.000000e+00
0.000000e+00
0.000000e+00
0.000000e+00
0.000000e+00
0.000000e+00
0.000000e+00
0.000000e+00
0.000000e+00
0.000000e+00
0.000000e+00
0.000000e+00
0.000000e+00
0.000000e+00
0.000000e+00
0.000000e+00
0.000000e+00
0.000000e+00
0.000000e+00
0.000000e+00
0.000000e+00
0.000000e+00
0.000000e+00
0.000000e+00
0.000000e+00
0.000000e+00
0.000000e+00
0.000000e+00
0.000000e+00
0.000000e+00
0.000000e+00
0.000000e+00
0.000000e+00
0.000000e+00
0.000000e+00
0.000000e+00
0.000000e+00
0.000000e+00
0.000000e+00
0.000000e+00
0.000000e+00
0.000000e+00
0.000000e+00
0.000000e+00
0.000000e+00
0.000000e+00
0.000000e+00
0.000000e+00
0.000000e+00
0.000000e+00
0.000000e+00
0.000000e+00
0.000000e+00
0.000000e+00
0.000000e+00
0.000000e+00
0.000000e+00
0.000000e+00
0.000000e+00
0.000000e+00
0.000000e+00
0.000000e+00
0.000000e+00
0.000000e+00
0.000000e+00
0.000000e+00
0.000000e+00
0.000000e+00
0.000000e+00
0.000000e+00
0.000000e+00
0.000000e+00
0.000000e+00
0.000000e+00
0.000000e+00
0.000000e+00
0.000000e+00
0.000000e+00
0.000000e+00
0.000000e+00
0.000000e+00
0.000000e+00
0.000000e+00
0.000000e+00
0.000000e+00
0.000000e+00
0.000000e+00
0.000000e+00
0.000000e+00
0.000000e+00
0.000000e+00
0.000000e+00
0.000000e+00
0.000000e+00
0.000000e+00
0.000000e+00
0.000000e+00
0.000000e+00
0.000000e+00
0.000000e+00
0.000000e+00
0.000000e+00
0.000000e+00
0.000000e+00
0.000000e+00
0.000000e+00
0.000000e+00
0.000000e+00
0.000000e+00
0.000000e+00
0.000000e+00
0.000000e+00
0.000000e+00
0.000000e+00
0.000000e+00
0.000000e+00
0.000000e+00
0.000000e+00
0.000000e+00
0.000000e+00
0.000000e+00
0.000000e+00
0.000000e+00
0.000000e+00
0.000000e+00
0.000000e+00
0.000000e+00
0.000000e+00
0.000000e+00
0.000000e+00
0.000000e+00
0.000000e+00
0.000000e+00
0.000000e+00
0.000000e+00
0.000000e+00
0.000000e+00
0.000000e+00
0.000000e+00
0.000000e+00
0.000000e+00
0.000000e+00
0.000000e+00
0.000000e+00
0.000000e+00
0.000000e+00
0.000000e+00
0.000000e+00
0.000000e+00
0.000000e+00
0.000000e+00
0.000000e+00
0.000000e+00
0.000000e+00
0.000000e+00
0.000000e+00
0.000000e+00
0.000000e+00
0.000000e+00
0.000000e+00
0.000000e+00
0.000000e+00
0.000000e+00
0.000000e+00
0.000000e+00
0.000000e+00
0.000000e+00
0.000000e+00
0.000000e+00
0.000000e+00
0.000000e+00
0.000000e+00
0.000000e+00
0.000000e+00
0.000000e+00
0.000000e+00
0.000000e+00
0.000000e+00
0.000000e+00
0.000000e+00
0.000000e+00
0.000000e+00
0.000000e+00
0.000000e+00
0.000000e+00
0.000000e+00
0.000000e+00
0.000000e+00
0.000000e+00
0.000000e+00
0.000000e+00
0.000000e+00
0.000000e+00
0.000000e+00
0.000000e+00
0.000000e+00
0.000000e+00
0.000000e+00
0.000000e+00
0.000000e+00
0.000000e+00
0.000000e+00
0.000000e+00
0.000000e+00
0.000000e+00
0.000000e+00
0.000000e+00
0.000000e+00
0.000000e+00
0.000000e+00
0.000000e+00
0.000000e+00
0.000000e+00
0.000000e+00
0.000000e+00
0.000000e+00
0.000000e+00
0.000000e+00
0.000000e+00
0.000000e+00
0.000000e+00
0.000000e+00
0.000000e+00
0.000000e+00
0.000000e+00
0.000000e+00
0.000000e+00
0.000000e+00
0.000000e+00
0.000000e+00
0.000000e+00
0.000000e+00
0.000000e+00
0.000000e+00
0.000000e+00
0.000000e+00
0.000000e+00
0.000000e+00
0.000000e+00
0.000000e+00
0.000000e+00
0.000000e+00
0.000000e+00
0.000000e+00
0.000000e+00
0.000000e+00
0.000000e+00
0.000000e+00
0.000000e+00
0.000000e+00
0.000000e+00
0.000000e+00
0.000000e+00
0.000000e+00
0.000000e+00
0.000000e+00
0.000000e+00
0.000000e+00
0.000000e+00
0.000000e+00
0.000000e+00
0.000000e+00
0.000000e+00
0.000000e+00
0.000000e+00
0.000000e+00
0.000000e+00
0.000000e+00
0.000000e+00
0.000000e+00
0.000000e+00
0.000000e+00
0.000000e+00
0.000000e+00
0.000000e+00
0.000000e+00
0.000000e+00
0.000000e+00
0.000000e+00
0.000000e+00
0.000000e+00
0.000000e+00
0.000000e+00
0.000000e+00
0.000000e+00
0.000000e+00
0.000000e+00
0.000000e+00
0.000000e+00
0.000000e+00
0.000000e+00
0.000000e+00
0.000000e+00
0.000000e+00
0.000000e+00
0.000000e+00
0.000000e+00
0.000000e+00
0.000000e+00
0.000000e+00
0.000000e+00
0.000000e+00
0.000000e+00
0.000000e+00
0.000000e+00
0.000000e+00
0.000000e+00
0.000000e+00
0.000000e+00
0.000000e+00
0.000000e+00
0.000000e+00
0.000000e+00
0.000000e+00
0.000000e+00
0.000000e+00
0.000000e+00
0.000000e+00
0.000000e+00
0.000000e+00
0.000000e+00
0.000000e+00
0.000000e+00
0.000000e+00
0.000000e+00
0.000000e+00
0.000000e+00
0.000000e+00
0.000000e+00
0.000000e+00
0.000000e+00
0.000000e+00
0.000000e+00
0.000000e+00
0.000000e+00
0.000000e+00
0.000000e+00
0.000000e+00
0.000000e+00
0.000000e+00
0.000000e+00
0.000000e+00
0.000000e+00
0.000000e+00
0.000000e+00
0.000000e+00
0.000000e+00
0.000000e+00
0.000000e+00
0.000000e+00
0.000000e+00
0.000000e+00
0.000000e+00
0.000000e+00
0.000000e+00
0.000000e+00
0.000000e+00
0.000000e+00
0.000000e+00
0.000000e+00
0.000000e+00
0.000000e+00
0.000000e+00
0.000000e+00
0.000000e+00
0.000000e+00
0.000000e+00
0.000000e+00
0.000000e+00
0.000000e+00
0.000000e+00
0.000000e+00
0.000000e+00
0.000000e+00
0.000000e+00
0.000000e+00
0.000000e+00
0.000000e+00
0.000000e+00
0.000000e+00
0.000000e+00
0.000000e+00
0.000000e+00
0.000000e+00
0.000000e+00
0.000000e+00
0.000000e+00
0.000000e+00
0.000000e+00
0.000000e+00
0.000000e+00
0.000000e+00
0.000000e+00
0.000000e+00
0.000000e+00
0.000000e+00
0.000000e+00
0.000000e+00
0.000000e+00
0.000000e+00
0.000000e+00
0.000000e+00
0.000000e+00
0.000000e+00
0.000000e+00
0.000000e+00
0.000000e+00
0.000000e+00
0.000000e+00
0.000000e+00
0.000000e+00
0.000000e+00
0.000000e+00
0.000000e+00
0.000000e+00
0.000000e+00
0.000000e+00
0.000000e+00
0.000000e+00
0.000000e+00
0.000000e+00
0.000000e+00
0.000000e+00
0.000000e+00
0.000000e+00
0.000000e+00
0.000000e+00
0.000000e+00
0.000000e+00
0.000000e+00
0.000000e+00
0.000000e+00
0.000000e+00
0.000000e+00
0.000000e+00
0.000000e+00
0.000000e+00
0.000000e+00
0.000000e+00
0.000000e+00
0.000000e+00
0.000000e+00
0.000000e+00
0.000000e+00
0.000000e+00
0.000000e+00
0.000000e+00
0.000000e+00
0.000000e+00
0.000000e+00
0.000000e+00
0.000000e+00
0.000000e+00
0.000000e+00
0.000000e+00
0.000000e+00
0.000000e+00
0.000000e+00
0.000000e+00
0.000000e+00
0.000000e+00
0.000000e+00
0.000000e+00
0.000000e+00
0.000000e+00
0.000000e+00
0.000000e+00
0.000000e+00
0.000000e+00
0.000000e+00
0.000000e+00
0.000000e+00
0.000000e+00
0.000000e+00
0.000000e+00
0.000000e+00
0.000000e+00
0.000000e+00
0.000000e+00
0.000000e+00
0.000000e+00
0.000000e+00
0.000000e+00
0.000000e+00
0.000000e+00
0.000000e+00
0.000000e+00
0.000000e+00
0.000000e+00
0.000000e+00
0.000000e+00
0.000000e+00
0.000000e+00
0.000000e+00
0.000000e+00
0.000000e+00
0.000000e+00
0.000000e+00
0.000000e+00
0.000000e+00
0.000000e+00
0.000000e+00
0.000000e+00
0.000000e+00
0.000000e+00
0.000000e+00
0.000000e+00
0.000000e+00
0.000000e+00
0.000000e+00
0.000000e+00
0.000000e+00
0.000000e+00
0.000000e+00
0.000000e+00
0.000000e+00
0.000000e+00
0.000000e+00
0.000000e+00
0.000000e+00
0.000000e+00
0.000000e+00
0.000000e+00
0.000000e+00
0.000000e+00
0.000000e+00
0.000000e+00
0.000000e+00
0.000000e+00
0.000000e+00
0.000000e+00
0.000000e+00
0.000000e+00
0.000000e+00
0.000000e+00
0.000000e+00
0.000000e+00
0.000000e+00
0.000000e+00
0.000000e+00
0.000000e+00
0.000000e+00
0.000000e+00
0.000000e+00
0.000000e+00
0.000000e+00
0.000000e+00
0.000000e+00
0.000000e+00
0.000000e+00
0.000000e+00
0.000000e+00
0.000000e+00
0.000000e+00
0.000000e+00
0.000000e+00
0.000000e+00
0.000000e+00
0.000000e+00
0.000000e+00
0.000000e+00
0.000000e+00
0.000000e+00
0.000000e+00
0.000000e+00
0.000000e+00
0.000000e+00
0.000000e+00
0.000000e+00
0.000000e+00
0.000000e+00
0.000000e+00
0.000000e+00
0.000000e+00
0.000000e+00
0.000000e+00
0.000000e+00
0.000000e+00
0.000000e+00
0.000000e+00
0.000000e+00
0.000000e+00
0.000000e+00
0.000000e+00
0.000000e+00
0.000000e+00
0.000000e+00
0.000000e+00
0.000000e+00
0.000000e+00
0.000000e+00
0.000000e+00
0.000000e+00
0.000000e+00
0.000000e+00
0.000000e+00
0.000000e+00
0.000000e+00
0.000000e+00
0.000000e+00
0.000000e+00
0.000000e+00
0.000000e+00
0.000000e+00
0.000000e+00
0.000000e+00
0.000000e+00
0.000000e+00
0.000000e+00
0.000000e+00
0.000000e+00
0.000000e+00
0.000000e+00
0.000000e+00
0.000000e+00
0.000000e+00
0.000000e+00
0.000000e+00
0.000000e+00
0.000000e+00
0.000000e+00
0.000000e+00
0.000000e+00
0.000000e+00
0.000000e+00
0.000000e+00
0.000000e+00
0.000000e+00
0.000000e+00
0.000000e+00
0.000000e+00
0.000000e+00
0.000000e+00
0.000000e+00
0.000000e+00
0.000000e+00
0.000000e+00
0.000000e+00
0.000000e+00
0.000000e+00
0.000000e+00
0.000000e+00
0.000000e+00
0.000000e+00
0.000000e+00
0.000000e+00
0.000000e+00
0.000000e+00
0.000000e+00
0.000000e+00
0.000000e+00
0.000000e+00
0.000000e+00
0.000000e+00
0.000000e+00
0.000000e+00
0.000000e+00
0.000000e+00
0.000000e+00
0.000000e+00
0.000000e+00
0.000000e+00
0.000000e+00
0.000000e+00
0.000000e+00
0.000000e+00
0.000000e+00
0.000000e+00
0.000000e+00
0.000000e+00
0.000000e+00
0.000000e+00
0.000000e+00
0.000000e+00
0.000000e+00
0.000000e+00
0.000000e+00
0.000000e+00
0.000000e+00
0.000000e+00
0.000000e+00
0.000000e+00
0.000000e+00
0.000000e+00
0.000000e+00
0.000000e+00
0.000000e+00
0.000000e+00
0.000000e+00
0.000000e+00
0.000000e+00
0.000000e+00
0.000000e+00
0.000000e+00
0.000000e+00
0.000000e+00
0.000000e+00
0.000000e+00
0.000000e+00
0.000000e+00
0.000000e+00
0.000000e+00
0.000000e+00
0.000000e+00
0.000000e+00
0.000000e+00
0.000000e+00
0.000000e+00
0.000000e+00
0.000000e+00
0.000000e+00
0.000000e+00
0.000000e+00
0.000000e+00
0.000000e+00
0.000000e+00
0.000000e+00
0.000000e+00
0.000000e+00
0.000000e+00
0.000000e+00
0.000000e+00
0.000000e+00
0.000000e+00
0.000000e+00
0.000000e+00
0.000000e+00
0.000000e+00
0.000000e+00
0.000000e+00
0.000000e+00
0.000000e+00
0.000000e+00
0.000000e+00
0.000000e+00
0.000000e+00
0.000000e+00
0.000000e+00
0.000000e+00
0.000000e+00
0.000000e+00
0.000000e+00
0.000000e+00
0.000000e+00
0.000000e+00
0.000000e+00
0.000000e+00
0.000000e+00
0.000000e+00
0.000000e+00
0.000000e+00
0.000000e+00
0.000000e+00
0.000000e+00
0.000000e+00
0.000000e+00
0.000000e+00
0.000000e+00
0.000000e+00
0.000000e+00
0.000000e+00
0.000000e+00
0.000000e+00
0.000000e+00
0.000000e+00
0.000000e+00
0.000000e+00
0.000000e+00
0.000000e+00
0.000000e+00
0.000000e+00
0.000000e+00
0.000000e+00
0.000000e+00
0.000000e+00
0.000000e+00
0.000000e+00
0.000000e+00
0.000000e+00
0.000000e+00
0.000000e+00
0.000000e+00
0.000000e+00
0.000000e+00
0.000000e+00
0.000000e+00
0.000000e+00
0.000000e+00
0.000000e+00
0.000000e+00
0.000000e+00
0.000000e+00
0.000000e+00
0.000000e+00
0.000000e+00
0.000000e+00
0.000000e+00
0.000000e+00
0.000000e+00
0.000000e+00
0.000000e+00
0.000000e+00
0.000000e+00
0.000000e+00
0.000000e+00
0.000000e+00
0.000000e+00
0.000000e+00
0.000000e+00
0.000000e+00
0.000000e+00
0.000000e+00
0.000000e+00
0.000000e+00
0.000000e+00
0.000000e+00
0.000000e+00
0.000000e+00
0.000000e+00
0.000000e+00
0.000000e+00
0.000000e+00
0.000000e+00
0.000000e+00
0.000000e+00
0.000000e+00
0.000000e+00
0.000000e+00
0.000000e+00
0.000000e+00
0.000000e+00
0.000000e+00
0.000000e+00
0.000000e+00
0.000000e+00
0.000000e+00
0.000000e+00
0.000000e+00
0.000000e+00
0.000000e+00
0.000000e+00
0.000000e+00
0.000000e+00
0.000000e+00
0.000000e+00
0.000000e+00
0.000000e+00
0.000000e+00
0.000000e+00
0.000000e+00
0.000000e+00
0.000000e+00
0.000000e+00
0.000000e+00
0.000000e+00
0.000000e+00
0.000000e+00
0.000000e+00
0.000000e+00
0.000000e+00
0.000000e+00
0.000000e+00
0.000000e+00
0.000000e+00
0.000000e+00
0.000000e+00
0.000000e+00
0.000000e+00
0.000000e+00
0.000000e+00
0.000000e+00
0.000000e+00
0.000000e+00
0.000000e+00
0.000000e+00
0.000000e+00
0.000000e+00
0.000000e+00
0.000000e+00
0.000000e+00
0.000000e+00
0.000000e+00
0.000000e+00
0.000000e+00
0.000000e+00
0.000000e+00
0.000000e+00
0.000000e+00
0.000000e+00
0.000000e+00
0.000000e+00
0.000000e+00
0.000000e+00
0.000000e+00
0.000000e+00
0.000000e+00
0.000000e+00
0.000000e+00
0.000000e+00
0.000000e+00
0.000000e+00
0.000000e+00
0.000000e+00
0.000000e+00
0.000000e+00
0.000000e+00
0.000000e+00
0.000000e+00
0.000000e+00
0.000000e+00
0.000000e+00
0.000000e+00
0.000000e+00
0.000000e+00
0.000000e+00
0.000000e+00
0.000000e+00
0.000000e+00
0.000000e+00
0.000000e+00
0.000000e+00
0.000000e+00
0.000000e+00
0.000000e+00
0.000000e+00
0.000000e+00
0.000000e+00
0.000000e+00
0.000000e+00
0.000000e+00
0.000000e+00
0.000000e+00
0.000000e+00
0.000000e+00
0.000000e+00
0.000000e+00
0.000000e+00
0.000000e+00
0.000000e+00
0.000000e+00
0.000000e+00
0.000000e+00
0.000000e+00
0.000000e+00
0.000000e+00
0.000000e+00
0.000000e+00
0.000000e+00
0.000000e+00
0.000000e+00
0.000000e+00
0.000000e+00
0.000000e+00
0.000000e+00
0.000000e+00
0.000000e+00
0.000000e+00
0.000000e+00
0.000000e+00
0.000000e+00
0.000000e+00
0.000000e+00
0.000000e+00
0.000000e+00
0.000000e+00
0.000000e+00
0.000000e+00
0.000000e+00
0.000000e+00
0.000000e+00
0.000000e+00
0.000000e+00
0.000000e+00
0.000000e+00
0.000000e+00
0.000000e+00
0.000000e+00
0.000000e+00
0.000000e+00
0.000000e+00
0.000000e+00
0.000000e+00
0.000000e+00
0.000000e+00
0.000000e+00
0.000000e+00
0.000000e+00
0.000000e+00
0.000000e+00
0.000000e+00
0.000000e+00
0.000000e+00
0.000000e+00
0.000000e+00
0.000000e+00
0.000000e+00
0.000000e+00
0.000000e+00
0.000000e+00
0.000000e+00
0.000000e+00
0.000000e+00
0.000000e+00
0.000000e+00
0.000000e+00
0.000000e+00
0.000000e+00
0.000000e+00
0.000000e+00
0.000000e+00
0.000000e+00
0.000000e+00
0.000000e+00
0.000000e+00
0.000000e+00
0.000000e+00
0.000000e+00
0.000000e+00
0.000000e+00
0.000000e+00
0.000000e+00
0.000000e+00
0.000000e+00
0.000000e+00
0.000000e+00
0.000000e+00
0.000000e+00
0.000000e+00
0.000000e+00
0.000000e+00
0.000000e+00
0.000000e+00
0.000000e+00
0.000000e+00
0.000000e+00
0.000000e+00
0.000000e+00
0.000000e+00
0.000000e+00
0.000000e+00
0.000000e+00
0.000000e+00
0.000000e+00
0.000000e+00
0.000000e+00
0.000000e+00
0.000000e+00
0.000000e+00
0.000000e+00
0.000000e+00
0.000000e+00
0.000000e+00
0.000000e+00
0.000000e+00
0.000000e+00
0.000000e+00
0.000000e+00
0.000000e+00
0.000000e+00
0.000000e+00
0.000000e+00
0.000000e+00
0.000000e+00
0.000000e+00
0.000000e+00
0.000000e+00
0.000000e+00
0.000000e+00
0.000000e+00
0.000000e+00
0.000000e+00
0.000000e+00
0.000000e+00
0.000000e+00
0.000000e+00
0.000000e+00
0.000000e+00
0.000000e+00
0.000000e+00
0.000000e+00
0.000000e+00
0.000000e+00
0.000000e+00
0.000000e+00
0.000000e+00
0.000000e+00
0.000000e+00
0.000000e+00
0.000000e+00
0.000000e+00
0.000000e+00
0.000000e+00
0.000000e+00
0.000000e+00
0.000000e+00
0.000000e+00
0.000000e+00
0.000000e+00
0.000000e+00
0.000000e+00
0.000000e+00
0.000000e+00
0.000000e+00
0.000000e+00
0.000000e+00
0.000000e+00
0.000000e+00
0.000000e+00
0.000000e+00
0.000000e+00
0.000000e+00
0.000000e+00
0.000000e+00
0.000000e+00
0.000000e+00
0.000000e+00
0.000000e+00
0.000000e+00
0.000000e+00
0.000000e+00
0.000000e+00
0.000000e+00
0.000000e+00
0.000000e+00
0.000000e+00
0.000000e+00
0.000000e+00
0.000000e+00
0.000000e+00
0.000000e+00
0.000000e+00
0.000000e+00
0.000000e+00
0.000000e+00
0.000000e+00
0.000000e+00
0.000000e+00
0.000000e+00
0.000000e+00
0.000000e+00
0.000000e+00
0.000000e+00
0.000000e+00
0.000000e+00
0.000000e+00
0.000000e+00
0.000000e+00
0.000000e+00
0.000000e+00
0.000000e+00
0.000000e+00
0.000000e+00
0.000000e+00
0.000000e+00
0.000000e+00
0.000000e+00
0.000000e+00
0.000000e+00
0.000000e+00
0.000000e+00
0.000000e+00
0.000000e+00
0.000000e+00
0.000000e+00
0.000000e+00
0.000000e+00
0.000000e+00
0.000000e+00
0.000000e+00
0.000000e+00
0.000000e+00
0.000000e+00
0.000000e+00
0.000000e+00
0.000000e+00
0.000000e+00
0.000000e+00
0.000000e+00
0.000000e+00
0.000000e+00
0.000000e+00
0.000000e+00
0.000000e+00
0.000000e+00
0.000000e+00
0.000000e+00
0.000000e+00
0.000000e+00
0.000000e+00
0.000000e+00
0.000000e+00
0.000000e+00
0.000000e+00
0.000000e+00
0.000000e+00
0.000000e+00
0.000000e+00
0.000000e+00
0.000000e+00
0.000000e+00
0.000000e+00
0.000000e+00
0.000000e+00
0.000000e+00
0.000000e+00
0.000000e+00
0.000000e+00
0.000000e+00
0.000000e+00
0.000000e+00
0.000000e+00
0.000000e+00
0.000000e+00
0.000000e+00
0.000000e+00
0.000000e+00
0.000000e+00
0.000000e+00
0.000000e+00
0.000000e+00
0.000000e+00
0.000000e+00
0.000000e+00
0.000000e+00
0.000000e+00
0.000000e+00
0.000000e+00
0.000000e+00
0.000000e+00
0.000000e+00
0.000000e+00
0.000000e+00
0.000000e+00
0.000000e+00
0.000000e+00
0.000000e+00
0.000000e+00
0.000000e+00
0.000000e+00
0.000000e+00
0.000000e+00
0.000000e+00
0.000000e+00
0.000000e+00
0.000000e+00
0.000000e+00
0.000000e+00
0.000000e+00
0.000000e+00
0.000000e+00
0.000000e+00
0.000000e+00
0.000000e+00
0.000000e+00
0.000000e+00
0.000000e+00
0.000000e+00
0.000000e+00
0.000000e+00
0.000000e+00
0.000000e+00
0.000000e+00
0.000000e+00
0.000000e+00
0.000000e+00
0.000000e+00
0.000000e+00
0.000000e+00
0.000000e+00
0.000000e+00
0.000000e+00
0.000000e+00
0.000000e+00
0.000000e+00
0.000000e+00
0.000000e+00
0.000000e+00
0.000000e+00
0.000000e+00
0.000000e+00
0.000000e+00
0.000000e+00
0.000000e+00
0.000000e+00
0.000000e+00
0.000000e+00
0.000000e+00
0.000000e+00
0.000000e+00
0.000000e+00
0.000000e+00
0.000000e+00
0.000000e+00
0.000000e+00
0.000000e+00
0.000000e+00
0.000000e+00
0.000000e+00
0.000000e+00
0.000000e+00
0.000000e+00
0.000000e+00
0.000000e+00
0.000000e+00
0.000000e+00
0.000000e+00
0.000000e+00
0.000000e+00
0.000000e+00
0.000000e+00
0.000000e+00
0.000000e+00
0.000000e+00
0.000000e+00
0.000000e+00
0.000000e+00
0.000000e+00
0.000000e+00
0.000000e+00
0.000000e+00
0.000000e+00
0.000000e+00
0.000000e+00
0.000000e+00
0.000000e+00
0.000000e+00
0.000000e+00
0.000000e+00
0.000000e+00
0.000000e+00
0.000000e+00
0.000000e+00
0.000000e+00
0.000000e+00
0.000000e+00
0.000000e+00
0.000000e+00
0.000000e+00
0.000000e+00
0.000000e+00
0.000000e+00
0.000000e+00
0.000000e+00
0.000000e+00
0.000000e+00
0.000000e+00
0.000000e+00
0.000000e+00
0.000000e+00
0.000000e+00
0.000000e+00
0.000000e+00
0.000000e+00
0.000000e+00
0.000000e+00
0.000000e+00
0.000000e+00
0.000000e+00
0.000000e+00
0.000000e+00
0.000000e+00
0.000000e+00
0.000000e+00
0.000000e+00
0.000000e+00
0.000000e+00
0.000000e+00
0.000000e+00
0.000000e+00
0.000000e+00
0.000000e+00
0.000000e+00
0.000000e+00
0.000000e+00
0.000000e+00
0.000000e+00
0.000000e+00
0.000000e+00
0.000000e+00
0.000000e+00
0.000000e+00
0.000000e+00
0.000000e+00
0.000000e+00
0.000000e+00
0.000000e+00
0.000000e+00
0.000000e+00
0.000000e+00
0.000000e+00
0.000000e+00
0.000000e+00
0.000000e+00
0.000000e+00
0.000000e+00
0.000000e+00
0.000000e+00
0.000000e+00
0.000000e+00
0.000000e+00
0.000000e+00
0.000000e+00
0.000000e+00
0.000000e+00
0.000000e+00
0.000000e+00
0.000000e+00
0.000000e+00
0.000000e+00
0.000000e+00
0.000000e+00
0.000000e+00
0.000000e+00
0.000000e+00
0.000000e+00
0.000000e+00
0.000000e+00
0.000000e+00
0.000000e+00
0.000000e+00
0.000000e+00
0.000000e+00
0.000000e+00
0.000000e+00
0.000000e+00
0.000000e+00
0.000000e+00
0.000000e+00
0.000000e+00
0.000000e+00
0.000000e+00
0.000000e+00
0.000000e+00
0.000000e+00
0.000000e+00
0.000000e+00
0.000000e+00
0.000000e+00
0.000000e+00
0.000000e+00
0.000000e+00
0.000000e+00
0.000000e+00
0.000000e+00
0.000000e+00
0.000000e+00
0.000000e+00
0.000000e+00
0.000000e+00
0.000000e+00
0.000000e+00
0.000000e+00
0.000000e+00
0.000000e+00
0.000000e+00
0.000000e+00
0.000000e+00
0.000000e+00
0.000000e+00
0.000000e+00
0.000000e+00
0.000000e+00
0.000000e+00
0.000000e+00
0.000000e+00
0.000000e+00
0.000000e+00
0.000000e+00
0.000000e+00
0.000000e+00
0.000000e+00
0.000000e+00
0.000000e+00
0.000000e+00
0.000000e+00
0.000000e+00
0.000000e+00
0.000000e+00
0.000000e+00
0.000000e+00
0.000000e+00
0.000000e+00
0.000000e+00
0.000000e+00
0.000000e+00
0.000000e+00
0.000000e+00
0.000000e+00
0.000000e+00
0.000000e+00
0.000000e+00
0.000000e+00
0.000000e+00
0.000000e+00
0.000000e+00
0.000000e+00
0.000000e+00
0.000000e+00
0.000000e+00
0.000000e+00
0.000000e+00
0.000000e+00
0.000000e+00
0.000000e+00
0.000000e+00
0.000000e+00
0.000000e+00
0.000000e+00
0.000000e+00
0.000000e+00
0.000000e+00
0.000000e+00
0.000000e+00
0.000000e+00
0.000000e+00
0.000000e+00
0.000000e+00
0.000000e+00
0.000000e+00
0.000000e+00
0.000000e+00
0.000000e+00
0.000000e+00
0.000000e+00
0.000000e+00
0.000000e+00
0.000000e+00
0.000000e+00
0.000000e+00
0.000000e+00
0.000000e+00
0.000000e+00
0.000000e+00
0.000000e+00
0.000000e+00
0.000000e+00
0.000000e+00
0.000000e+00
0.000000e+00
0.000000e+00
0.000000e+00
0.000000e+00
0.000000e+00
0.000000e+00
0.000000e+00
0.000000e+00
0.000000e+00
0.000000e+00
0.000000e+00
0.000000e+00
0.000000e+00
0.000000e+00
0.000000e+00
0.000000e+00
0.000000e+00
0.000000e+00
0.000000e+00
0.000000e+00
0.000000e+00
0.000000e+00
0.000000e+00
0.000000e+00
0.000000e+00
0.000000e+00
0.000000e+00
0.000000e+00
0.000000e+00
0.000000e+00
0.000000e+00
0.000000e+00
0.000000e+00
0.000000e+00
0.000000e+00
0.000000e+00
0.000000e+00
0.000000e+00
0.000000e+00
0.000000e+00
0.000000e+00
0.000000e+00
0.000000e+00
0.000000e+00
0.000000e+00
0.000000e+00
0.000000e+00
0.000000e+00
0.000000e+00
0.000000e+00
0.000000e+00
0.000000e+00
0.000000e+00
0.000000e+00
0.000000e+00
0.000000e+00
0.000000e+00
0.000000e+00
0.000000e+00
0.000000e+00
0.000000e+00
0.000000e+00
0.000000e+00
0.000000e+00
0.000000e+00
0.000000e+00
0.000000e+00
0.000000e+00
0.000000e+00
0.000000e+00
0.000000e+00
0.000000e+00
0.000000e+00
0.000000e+00
0.000000e+00
0.000000e+00
0.000000e+00
0.000000e+00
0.000000e+00
0.000000e+00
0.000000e+00
0.000000e+00
0.000000e+00
0.000000e+00
0.000000e+00
0.000000e+00
0.000000e+00
0.000000e+00
0.000000e+00
0.000000e+00
0.000000e+00
0.000000e+00
0.000000e+00
0.000000e+00
0.000000e+00
0.000000e+00
0.000000e+00
0.000000e+00
0.000000e+00
0.000000e+00
0.000000e+00
0.000000e+00
0.000000e+00
0.000000e+00
0.000000e+00
0.000000e+00
0.000000e+00
0.000000e+00
0.000000e+00
0.000000e+00
0.000000e+00
0.000000e+00
0.000000e+00
0.000000e+00
0.000000e+00
0.000000e+00
0.000000e+00
0.000000e+00
0.000000e+00
0.000000e+00
0.000000e+00
0.000000e+00
0.000000e+00
0.000000e+00
0.000000e+00
0.000000e+00
0.000000e+00
0.000000e+00
0.000000e+00
</DataArray>
<DataArray type="Float32" Name="V4" format="ascii">
0.000000e+00
0.000000e+00
0.000000e+00
0.000000e+00
0.000000e+00
0.000000e+00
0.000000e+00
0.000000e+00
0.000000e+00
0.000000e+00
0.000000e+00
0.000000e+00
0.000000e+00
0.000000e+00
0.000000e+00
0.000000e+00
0.000000e+00
0.000000e+00
0.000000e+00
0.000000e+00
0.000000e+00
0.000000e+00
0.000000e+00
0.000000e+00
0.000000e+00
0.000000e+00
0.000000e+00
0.000000e+00
0.000000e+00
0.000000e+00
0.000000e+00
0.000000e+00
0.000000e+00
0.000000e+00
0.000000e+00
0.000000e+00
0.000000e+00
0.000000e+00
0.000000e+00
0.000000e+00
0.000000e+00
0.000000e+00
0.000000e+00
0.000000e+00
0.000000e+00
0.000000e+00
0.000000e+00
0.000000e+00
0.000000e+00
0.000000e+00
0.000000e+00
0.000000e+00
0.000000e+00
0.000000e+00
0.000000e+00
0.000000e+00
0.000000e+00
0.000000e+00
0.000000e+00
0.000000e+00
0.000000e+00
0.000000e+00
0.000000e+00
0.000000e+00
0.000000e+00
0.000000e+00
0.000000e+00
0.000000e+00
0.000000e+00
0.000000e+00
0.000000e+00
0.000000e+00
0.000000e+00
0.000000e+00
0.000000e+00
0.000000e+00
0.000000e+00
0.000000e+00
0.000000e+00
0.000000e+00
0.000000e+00
0.000000e+00
0.000000e+00
0.000000e+00
0.000000e+00
0.000000e+00
0.000000e+00
0.000000e+00
0.000000e+00
0.000000e+00
0.000000e+00
0.000000e+00
0.000000e+00
0.000000e+00
0.000000e+00
0.000000e+00
0.000000e+00
0.000000e+00
0.000000e+00
0.000000e+00
0.000000e+00
0.000000e+00
0.000000e+00
0.000000e+00
0.000000e+00
0.000000e+00
0.000000e+00
0.000000e+00
0.000000e+00
0.000000e+00
0.000000e+00
0.000000e+00
0.000000e+00
0.000000e+00
0.000000e+00
0.000000e+00
0.000000e+00
0.000000e+00
0.000000e+00
0.000000e+00
0.000000e+00
0.000000e+00
0.000000e+00
0.000000e+00
0.000000e+00
0.000000e+00
0.000000e+00
0.000000e+00
0.000000e+00
0.000000e+00
0.000000e+00
0.000000e+00
0.000000e+00
0.000000e+00
0.000000e+00
0.000000e+00
0.000000e+00
0.000000e+00
0.000000e+00
0.000000e+00
0.000000e+00
0.000000e+00
0.000000e+00
0.000000e+00
0.000000e+00
0.000000e+00
0.000000e+00
0.000000e+00
0.000000e+00
0.000000e+00
0.000000e+00
0.000000e+00
0.000000e+00
0.000000e+00
0.000000e+00
0.000000e+00
0.000000e+00
0.000000e+00
0.000000e+00
0.000000e+00
0.000000e+00
0.000000e+00
0.000000e+00
0.000000e+00
0.000000e+00
0.000000e+00
0.000000e+00
0.000000e+00
0.000000e+00
0.000000e+00
0.000000e+00
0.000000e+00
0.000000e+00
0.000000e+00
0.000000e+00
0.000000e+00
0.000000e+00
0.000000e+00
0.000000e+00
0.000000e+00
0.000000e+00
0.000000e+00
0.000000e+00
0.000000e+00
0.000000e+00
0.000000e+00
0.000000e+00
0.000000e+00
0.000000e+00
0.000000e+00
0.000000e+00
0.000000e+00
0.000000e+00
0.000000e+00
0.000000e+00
0.000000e+00
0.000000e+00
0.000000e+00
0.000000e+00
0.000000e+00
0.000000e+00
0.000000e+00
0.000000e+00
0.000000e+00
0.000000e+00
0.000000e+00
0.000000e+00
0.000000e+00
0.000000e+00
0.000000e+00
0.000000e+00
0.000000e+00
0.000000e+00
0.000000e+00
0.000000e+00
0.000000e+00
0.000000e+00
0.000000e+00
0.000000e+00
0.000000e+00
0.000000e+00
0.000000e+00
0.000000e+00
0.000000e+00
0.000000e+00
0.000000e+00
0.000000e+00
0.000000e+00
0.000000e+00
0.000000e+00
0.000000e+00
0.000000e+00
0.000000e+00
0.000000e+00
0.000000e+00
0.000000e+00
0.000000e+00
0.000000e+00
0.000000e+00
0.000000e+00
0.000000e+00
0.000000e+00
0.000000e+00
0.000000e+00
0.000000e+00
0.000000e+00
0.000000e+00
0.000000e+00
0.000000e+00
0.000000e+00
0.000000e+00
0.000000e+00
0.000000e+00
0.000000e+00
0.000000e+00
0.000000e+00
0.000000e+00
0.000000e+00
0.000000e+00
0.000000e+00
0.000000e+00
0.000000e+00
0.000000e+00
0.000000e+00
0.000000e+00
0.000000e+00
0.000000e+00
0.000000e+00
0.000000e+00
0.000000e+00
0.000000e+00
0.000000e+00
0.000000e+00
0.000000e+00
0.000000e+00
0.000000e+00
0.000000e+00
0.000000e+00
0.000000e+00
0.000000e+00
0.000000e+00
0.000000e+00
0.000000e+00
0.000000e+00
0.000000e+00
0.000000e+00
0.000000e+00
0.000000e+00
0.000000e+00
0.000000e+00
0.000000e+00
0.000000e+00
0.000000e+00
0.000000e+00
0.000000e+00
0.000000e+00
0.000000e+00
0.000000e+00
0.000000e+00
0.000000e+00
0.000000e+00
0.000000e+00
0.000000e+00
0.000000e+00
0.000000e+00
0.000000e+00
0.000000e+00
0.000000e+00
0.000000e+00
0.000000e+00
0.000000e+00
0.000000e+00
0.000000e+00
0.000000e+00
0.000000e+00
0.000000e+00
0.000000e+00
0.000000e+00
0.000000e+00
0.000000e+00
0.000000e+00
0.000000e+00
0.000000e+00
0.000000e+00
0.000000e+00
0.000000e+00
0.000000e+00
0.000000e+00
0.000000e+00
0.000000e+00
0.000000e+00
0.000000e+00
0.000000e+00
0.000000e+00
0.000000e+00
0.000000e+00
0.000000e+00
0.000000e+00
0.000000e+00
0.000000e+00
0.000000e+00
0.000000e+00
0.000000e+00
0.000000e+00
0.000000e+00
0.000000e+00
0.000000e+00
0.000000e+00
0.000000e+00
0.000000e+00
0.000000e+00
0.000000e+00
0.000000e+00
0.000000e+00
0.000000e+00
0.000000e+00
0.000000e+00
0.000000e+00
0.000000e+00
0.000000e+00
0.000000e+00
0.000000e+00
0.000000e+00
0.000000e+00
0.000000e+00
0.000000e+00
0.000000e+00
0.000000e+00
0.000000e+00
0.000000e+00
0.000000e+00
0.000000e+00
0.000000e+00
0.000000e+00
0.000000e+00
0.000000e+00
0.000000e+00
0.000000e+00
0.000000e+00
0.000000e+00
0.000000e+00
0.000000e+00
0.000000e+00
0.000000e+00
0.000000e+00
0.000000e+00
0.000000e+00
0.000000e+00
0.000000e+00
0.000000e+00
0.000000e+00
0.000000e+00
0.000000e+00
0.000000e+00
0.000000e+00
0.000000e+00
0.000000e+00
0.000000e+00
0.000000e+00
0.000000e+00
0.000000e+00
0.000000e+00
0.000000e+00
0.000000e+00
0.000000e+00
0.000000e+00
0.000000e+00
0.000000e+00
0.000000e+00
0.000000e+00
0.000000e+00
0.000000e+00
0.000000e+00
0.000000e+00
0.000000e+00
0.000000e+00
0.000000e+00
0.000000e+00
0.000000e+00
0.000000e+00
0.000000e+00
0.000000e+00
0.000000e+00
0.000000e+00
0.000000e+00
0.000000e+00
0.000000e+00
0.000000e+00
0.000000e+00
0.000000e+00
0.000000e+00
0.000000e+00
0.000000e+00
0.000000e+00
0.000000e+00
0.000000e+00
0.000000e+00
0.000000e+00
0.000000e+00
0.000000e+00
0.000000e+00
0.000000e+00
0.000000e+00
0.000000e+00
0.000000e+00
0.000000e+00
0.000000e+00
0.000000e+00
0.000000e+00
0.000000e+00
0.000000e+00
0.000000e+00
0.000000e+00
0.000000e+00
0.000000e+00
0.000000e+00
0.000000e+00
0.000000e+00
0.000000e+00
0.000000e+00
0.000000e+00
0.000000e+00
0.000000e+00
0.000000e+00
0.000000e+00
0.000000e+00
0.000000e+00
0.000000e+00
0.000000e+00
0.000000e+00
0.000000e+00
0.000000e+00
0.000000e+00
0.000000e+00
0.000000e+00
0.000000e+00
0.000000e+00
0.000000e+00
0.000000e+00
0.000000e+00
0.000000e+00
0.000000e+00
0.000000e+00
0.000000e+00
0.000000e+00
0.000000e+00
0.000000e+00
0.000000e+00
0.000000e+00
0.000000e+00
0.000000e+00
0.000000e+00
0.000000e+00
0.000000e+00
0.000000e+00
0.000000e+00
0.000000e+00
0.000000e+00
0.000000e+00
0.000000e+00
0.000000e+00
0.000000e+00
0.000000e+00
0.000000e+00
0.000000e+00
0.000000e+00
0.000000e+00
0.000000e+00
0.000000e+00
0.000000e+00
0.000000e+00
0.000000e+00
0.000000e+00
0.000000e+00
0.000000e+00
0.000000e+00
0.000000e+00
0.000000e+00
0.000000e+00
0.000000e+00
0.000000e+00
0.000000e+00
0.000000e+00
0.000000e+00
0.000000e+00
0.000000e+00
0.000000e+00
0.000000e+00
0.000000e+00
0.000000e+00
0.000000e+00
0.000000e+00
0.000000e+00
0.000000e+00
0.000000e+00
0.000000e+00
0.000000e+00
0.000000e+00
0.000000e+00
0.000000e+00
0.000000e+00
0.000000e+00
0.000000e+00
0.000000e+00
0.000000e+00
0.000000e+00
0.000000e+00
0.000000e+00
0.000000e+00
0.000000e+00
0.000000e+00
0.000000e+00
0.000000e+00
0.000000e+00
0.000000e+00
0.000000e+00
0.000000e+00
0.000000e+00
0.000000e+00
0.000000e+00
0.000000e+00
0.000000e+00
0.000000e+00
0.000000e+00
0.000000e+00
0.000000e+00
0.000000e+00
0.000000e+00
0.000000e+00
0.000000e+00
0.000000e+00
0.000000e+00
0.000000e+00
0.000000e+00
0.000000e+00
0.000000e+00
0.000000e+00
0.000000e+00
0.000000e+00
0.000000e+00
0.000000e+00
0.000000e+00
0.000000e+00
0.000000e+00
0.000000e+00
0.000000e+00
0.000000e+00
0.000000e+00
0.000000e+00
0.000000e+00
0.000000e+00
0.000000e+00
0.000000e+00
0.000000e+00
0.000000e+00
0.000000e+00
0.000000e+00
0.000000e+00
0.000000e+00
0.000000e+00
0.000000e+00
0.000000e+00
0.000000e+00
0.000000e+00
0.000000e+00
0.000000e+00
0.000000e+00
0.000000e+00
0.000000e+00
0.000000e+00
0.000000e+00
0.000000e+00
0.000000e+00
0.000000e+00
0.000000e+00
0.000000e+00
0.000000e+00
0.000000e+00
0.000000e+00
0.000000e+00
0.000000e+00
0.000000e+00
0.000000e+00
0.000000e+00
0.000000e+00
0.000000e+00
0.000000e+00
0.000000e+00
0.000000e+00
0.000000e+00
0.000000e+00
0.000000e+00
0.000000e+00
0.000000e+00
0.000000e+00
0.000000e+00
0.000000e+00
0.000000e+00
0.000000e+00
0.000000e+00
0.000000e+00
0.000000e+00
0.000000e+00
0.000000e+00
0.000000e+00
0.000000e+00
0.000000e+00
0.000000e+00
0.000000e+00
0.000000e+00
0.000000e+00
0.000000e+00
0.000000e+00
0.000000e+00
0.000000e+00
0.000000e+00
0.000000e+00
0.000000e+00
0.000000e+00
0.000000e+00
0.000000e+00
0.000000e+00
0.000000e+00
0.000000e+00
0.000000e+00
0.000000e+00
0.000000e+00
0.000000e+00
0.000000e+00
0.000000e+00
0.000000e+00
0.000000e+00
0.000000e+00
0.000000e+00
0.000000e+00
0.000000e+00
0.000000e+00
0.000000e+00
0.000000e+00
0.000000e+00
0.000000e+00
0.000000e+00
0.000000e+00
0.000000e+00
0.000000e+00
0.000000e+00
0.000000e+00
0.000000e+00
0.000000e+00
0.000000e+00
0.000000e+00
0.000000e+00
0.000000e+00
0.000000e+00
0.000000e+00
0.000000e+00
0.000000e+00
0.000000e+00
0.000000e+00
0.000000e+00
0.000000e+00
0.000000e+00
0.000000e+00
0.000000e+00
0.000000e+00
0.000000e+00
0.000000e+00
0.000000e+00
0.000000e+00
0.000000e+00
0.000000e+00
0.000000e+00
0.000000e+00
0.000000e+00
0.000000e+00
0.000000e+00
0.000000e+00
0.000000e+00
0.000000e+00
0.000000e+00
0.000000e+00
0.000000e+00
0.000000e+00
0.000000e+00
0.000000e+00
0.000000e+00
0.000000e+00
0.000000e+00
0.000000e+00
0.000000e+00
0.000000e+00
0.000000e+00
0.000000e+00
0.000000e+00
0.000000e+00
0.000000e+00
0.000000e+00
0.000000e+00
0.000000e+00
0.000000e+00
0.000000e+00
0.000000e+00
0.000000e+00
0.000000e+00
0.000000e+00
0.000000e+00
0.000000e+00
0.000000e+00
0.000000e+00
0.000000e+00
0.000000e+00
0.000000e+00
0.000000e+00
0.000000e+00
0.000000e+00
0.000000e+00
0.000000e+00
0.000000e+00
0.000000e+00
0.000000e+00
0.000000e+00
0.000000e+00
0.000000e+00
0.000000e+00
0.000000e+00
0.000000e+00
0.000000e+00
0.000000e+00
0.000000e+00
0.000000e+00
0.000000e+00
0.000000e+00
0.000000e+00
0.000000e+00
0.000000e+00
0.000000e+00
0.000000e+00
0.000000e+00
0.000000e+00
0.000000e+00
0.000000e+00
0.000000e+00
0.000000e+00
0.000000e+00
0.000000e+00
0.000000e+00
0.000000e+00
0.000000e+00
0.000000e+00
0.000000e+00
0.000000e+00
0.000000e+00
0.000000e+00
0.000000e+00
0.000000e+00
0.000000e+00
0.000000e+00
0.000000e+00
0.000000e+00
0.000000e+00
0.000000e+00
0.000000e+00
0.000000e+00
0.000000e+00
0.000000e+00
0.000000e+00
0.000000e+00
0.000000e+00
0.000000e+00
0.000000e+00
0.000000e+00
0.000000e+00
0.000000e+00
0.000000e+00
0.000000e+00
0.000000e+00
0.000000e+00
0.000000e+00
0.000000e+00
0.000000e+00
0.000000e+00
0.000000e+00
0.000000e+00
0.000000e+00
0.000000e+00
0.000000e+00
0.000000e+00
0.000000e+00
0.000000e+00
0.000000e+00
0.000000e+00
0.000000e+00
0.000000e+00
0.000000e+00
0.000000e+00
0.000000e+00
0.000000e+00
0.000000e+00
0.000000e+00
0.000000e+00
0.000000e+00
0.000000e+00
0.000000e+00
0.000000e+00
0.000000e+00
0.000000e+00
0.000000e+00
0.000000e+00
0.000000e+00
0.000000e+00
0.000000e+00
0.000000e+00
0.000000e+00
0.000000e+00
0.000000e+00
0.000000e+00
0.000000e+00
0.000000e+00
0.000000e+00
0.000000e+00
0.000000e+00
0.000000e+00
0.000000e+00
0.000000e+00
0.000000e+00
0.000000e+00
0.000000e+00
0.000000e+00
0.000000e+00
0.000000e+00
0.000000e+00
0.000000e+00
0.000000e+00
0.000000e+00
0.000000e+00
0.000000e+00
0.000000e+00
0.000000e+00
0.000000e+00
0.000000e+00
0.000000e+00
0.000000e+00
0.000000e+00
0.000000e+00
0.000000e+00
0.000000e+00
0.000000e+00
0.000000e+00
0.000000e+00
0.000000e+00
0.000000e+00
0.000000e+00
0.000000e+00
0.000000e+00
0.000000e+00
0.000000e+00
0.000000e+00
0.000000e+00
0.000000e+00
0.000000e+00
0.000000e+00
0.000000e+00
0.000000e+00
0.000000e+00
0.000000e+00
0.000000e+00
0.000000e+00
0.000000e+00
0.000000e+00
0.000000e+00
0.000000e+00
0.000000e+00
0.000000e+00
0.000000e+00
0.000000e+00
0.000000e+00
0.000000e+00
0.000000e+00
0.000000e+00
0.000000e+00
0.000000e+00
0.000000e+00
0.000000e+00
0.000000e+00
0.000000e+00
0.000000e+00
0.000000e+00
0.000000e+00
0.000000e+00
0.000000e+00
0.000000e+00
0.000000e+00
0.000000e+00
0.000000e+00
0.000000e+00
0.000000e+00
0.000000e+00
0.000000e+00
0.000000e+00
0.000000e+00
0.000000e+00
0.000000e+00
0.000000e+00
0.000000e+00
0.000000e+00
0.000000e+00
0.000000e+00
0.000000e+00
0.000000e+00
0.000000e+00
0.000000e+00
0.000000e+00
0.000000e+00
0.000000e+00
0.000000e+00
0.000000e+00
0.000000e+00
0.000000e+00
0.000000e+00
0.000000e+00
0.000000e+00
0.000000e+00
0.000000e+00
0.000000e+00
0.000000e+00
0.000000e+00
0.000000e+00
0.000000e+00
0.000000e+00
0.000000e+00
0.000000e+00
0.000000e+00
0.000000e+00
0.000000e+00
0.000000e+00
0.000000e+00
0.000000e+00
0.000000e+00
0.000000e+00
0.000000e+00
0.000000e+00
0.000000e+00
0.000000e+00
0.000000e+00
0.000000e+00
0.000000e+00
0.000000e+00
0.000000e+00
0.000000e+00
0.000000e+00
0.000000e+00
0.000000e+00
0.000000e+00
0.000000e+00
0.000000e+00
0.000000e+00
0.000000e+00
0.000000e+00
0.000000e+00
0.000000e+00
0.000000e+00
0.000000e+00
0.000000e+00
0.000000e+00
0.000000e+00
0.000000e+00
0.000000e+00
0.000000e+00
0.000000e+00
0.000000e+00
0.000000e+00
0.000000e+00
0.000000e+00
0.000000e+00
0.000000e+00
0.000000e+00
0.000000e+00
0.000000e+00
0.000000e+00
0.000000e+00
0.000000e+00
0.000000e+00
0.000000e+00
0.000000e+00
0.000000e+00
0.000000e+00
0.000000e+00
0.000000e+00
0.000000e+00
0.000000e+00
0.000000e+00
0.000000e+00
0.000000e+00
0.000000e+00
0.000000e+00
0.000000e+00
0.000000e+00
0.000000e+00
0.000000e+00
0.000000e+00
0.000000e+00
0.000000e+00
0.000000e+00
0.000000e+00
0.000000e+00
0.000000e+00
0.000000e+00
0.000000e+00
0.000000e+00
0.000000e+00
0.000000e+00
0.000000e+00
0.000000e+00
0.000000e+00
0.000000e+00
0.000000e+00
0.000000e+00
0.000000e+00
0.000000e+00
0.000000e+00
0.000000e+00
0.000000e+00
0.000000e+00
0.000000e+00
0.000000e+00
0.000000e+00
0.000000e+00
0.000000e+00
0.000000e+00
0.000000e+00
0.000000e+00
0.000000e+00
0.000000e+00
0.000000e+00
0.000000e+00
0.000000e+00
0.000000e+00
0.000000e+00
0.000000e+00
0.000000e+00
0.000000e+00
0.000000e+00
0.000000e+00
0.000000e+00
0.000000e+00
0.000000e+00
0.000000e+00
0.000000e+00
0.000000e+00
0.000000e+00
0.000000e+00
0.000000e+00
0.000000e+00
0.000000e+00
0.000000e+00
0.000000e+00
0.000000e+00
0.000000e+00
0.000000e+00
0.000000e+00
0.000000e+00
0.000000e+00
0.000000e+00
0.000000e+00
0.000000e+00
0.000000e+00
0.000000e+00
0.000000e+00
0.000000e+00
0.000000e+00
0.000000e+00
0.000000e+00
0.000000e+00
0.000000e+00
0.000000e+00
0.000000e+00
0.000000e+00
0.000000e+00
0.000000e+00
0.000000e+00
0.000000e+00
0.000000e+00
0.000000e+00
0.000000e+00
0.000000e+00
0.000000e+00
0.000000e+00
0.000000e+00
0.000000e+00
0.000000e+00
0.000000e+00
0.000000e+00
0.000000e+00
0.000000e+00
0.000000e+00
0.000000e+00
0.000000e+00
0.000000e+00
0.000000e+00
0.000000e+00
0.000000e+00
0.000000e+00
0.000000e+00
0.000000e+00
0.000000e+00
0.000000e+00
0.000000e+00
0.000000e+00
0.000000e+00
0.000000e+00
0.000000e+00
0.000000e+00
0.000000e+00
0.000000e+00
0.000000e+00
0.000000e+00
0.000000e+00
0.000000e+00
0.000000e+00
0.000000e+00
0.000000e+00
0.000000e+00
0.000000e+00
0.000000e+00
0.000000e+00
0.000000e+00
0.000000e+00
0.000000e+00
0.000000e+00
0.000000e+00
0.000000e+00
0.000000e+00
0.000000e+00
0.000000e+00
0.000000e+00
0.000000e+00
0.000000e+00
0.000000e+00
0.000000e+00
0.000000e+00
0.000000e+00
0.000000e+00
0.000000e+00
0.000000e+00
0.000000e+00
0.000000e+00
0.000000e+00
0.000000e+00
0.000000e+00
0.000000e+00
0.000000e+00
0.000000e+00
0.000000e+00
0.000000e+00
0.000000e+00
0.000000e+00
0.000000e+00
0.000000e+00
0.000000e+00
0.000000e+00
0.000000e+00
0.000000e+00
0.000000e+00
0.000000e+00
0.000000e+00
0.000000e+00
0.000000e+00
0.000000e+00
0.000000e+00
0.000000e+00
0.000000e+00
0.000000e+00
0.000000e+00
0.000000e+00
0.000000e+00
0.000000e+00
0.000000e+00
0.000000e+00
0.000000e+00
0.000000e+00
0.000000e+00
0.000000e+00
0.000000e+00
0.000000e+00
0.000000e+00
0.000000e+00
0.000000e+00
0.000000e+00
0.000000e+00
0.000000e+00
0.000000e+00
0.000000e+00
0.000000e+00
0.000000e+00
0.000000e+00
0.000000e+00
0.000000e+00
0.000000e+00
0.000000e+00
0.000000e+00
0.000000e+00
0.000000e+00
0.000000e+00
0.000000e+00
0.000000e+00
0.000000e+00
0.000000e+00
0.000000e+00
0.000000e+00
0.000000e+00
0.000000e+00
0.000000e+00
0.000000e+00
0.000000e+00
0.000000e+00
0.000000e+00
0.000000e+00
0.000000e+00
0.000000e+00
0.000000e+00
0.000000e+00
0.000000e+00
0.000000e+00
0.000000e+00
0.000000e+00
0.000000e+00
0.000000e+00
0.000000e+00
0.000000e+00
0.000000e+00
0.000000e+00
0.000000e+00
0.000000e+00
0.000000e+00
0.000000e+00
0.000000e+00
0.000000e+00
0.000000e+00
0.000000e+00
0.000000e+00
0.000000e+00
0.000000e+00
0.000000e+00
0.000000e+00
0.000000e+00
0.000000e+00
0.000000e+00
0.000000e+00
0.000000e+00
0.000000e+00
0.000000e+00
0.000000e+00
0.000000e+00
0.000000e+00
0.000000e+00
0.000000e+00
0.000000e+00
0.000000e+00
0.000000e+00
0.000000e+00
0.000000e+00
0.000000e+00
0.000000e+00
0.000000e+00
0.000000e+00
0.000000e+00
0.000000e+00
0.000000e+00
0.000000e+00
0.000000e+00
0.000000e+00
0.000000e+00
0.000000e+00
0.000000e+00
0.000000e+00
0.000000e+00
0.000000e+00
0.000000e+00
0.000000e+00
0.000000e+00
0.000000e+00
0.000000e+00
0.000000e+00
0.000000e+00
0.000000e+00
0.000000e+00
0.000000e+00
0.000000e+00
0.000000e+00
0.000000e+00
0.000000e+00
0.000000e+00
0.000000e+00
0.000000e+00
0.000000e+00
0.000000e+00
0.000000e+00
0.000000e+00
0.000000e+00
0.000000e+00
0.000000e+00
0.000000e+00
0.000000e+00
0.000000e+00
0.000000e+00
0.000000e+00
0.000000e+00
0.000000e+00
0.000000e+00
0.000000e+00
0.000000e+00
0.000000e+00
0.000000e+00
0.000000e+00
0.000000e+00
0.000000e+00
0.000000e+00
0.000000e+00
0.000000e+00
0.000000e+00
0.000000e+00
0.000000e+00
0.000000e+00
0.000000e+00
0.000000e+00
0.000000e+00
0.000000e+00
0.000000e+00
0.000000e+00
0.000000e+00
0.000000e+00
0.000000e+00
0.000000e+00
0.000000e+00
0.000000e+00
0.000000e+00
0.000000e+00
0.000000e+00
0.000000e+00
0.000000e+00
0.000000e+00
0.000000e+00
0.000000e+00
0.000000e+00
0.000000e+00
0.000000e+00
0.000000e+00
0.000000e+00
0.000000e+00
0.000000e+00
0.000000e+00
0.000000e+00
0.000000e+00
0.000000e+00
0.000000e+00
0.000000e+00
0.000000e+00
0.000000e+00
0.000000e+00
0.000000e+00
0.000000e+00
0.000000e+00
0.000000e+00
0.000000e+00
0.000000e+00
0.000000e+00
0.000000e+00
0.000000e+00
0.000000e+00
0.000000e+00
0.000000e+00
0.000000e+00
0.000000e+00
0.000000e+00
0.000000e+00
0.000000e+00
0.000000e+00
0.000000e+00
0.000000e+00
0.000000e+00
0.000000e+00
0.000000e+00
0.000000e+00
0.000000e+00
0.000000e+00
0.000000e+00
0.000000e+00
0.000000e+00
0.000000e+00
0.000000e+00
0.000000e+00
0.000000e+00
0.000000e+00
0.000000e+00
0.000000e+00
0.000000e+00
0.000000e+00
0.000000e+00
0.000000e+00
0.000000e+00
0.000000e+00
0.000000e+00
0.000000e+00
0.000000e+00
0.000000e+00
0.000000e+00
0.000000e+00
0.000000e+00
0.000000e+00
0.000000e+00
0.000000e+00
0.000000e+00
0.000000e+00
0.000000e+00
0.000000e+00
0.000000e+00
0.000000e+00
0.000000e+00
0.000000e+00
0.000000e+00
0.000000e+00
0.000000e+00
0.000000e+00
0.000000e+00
0.000000e+00
0.000000e+00
0.000000e+00
0.000000e+00
0.000000e+00
0.000000e+00
0.000000e+00
0.000000e+00
0.000000e+00
0.000000e+00
0.000000e+00
0.000000e+00
0.000000e+00
0.000000e+00
0.000000e+00
0.000000e+00
0.000000e+00
0.000000e+00
0.000000e+00
0.000000e+00
0.000000e+00
0.000000e+00
0.000000e+00
0.000000e+00
0.000000e+00
0.000000e+00
0.000000e+00
0.000000e+00
0.000000e+00
0.000000e+00
0.000000e+00
0.000000e+00
0.000000e+00
0.000000e+00
0.000000e+00
0.000000e+00
0.000000e+00
0.000000e+00
0.000000e+00
0.000000e+00
0.000000e+00
0.000000e+00
0.000000e+00
0.000000e+00
0.000000e+00
0.000000e+00
0.000000e+00
0.000000e+00
0.000000e+00
0.000000e+00
0.000000e+00
0.000000e+00
0.000000e+00
0.000000e+00
0.000000e+00
0.000000e+00
0.000000e+00
0.000000e+00
0.000000e+00
0.000000e+00
0.000000e+00
0.000000e+00
0.000000e+00
0.000000e+00
0.000000e+00
0.000000e+00
0.000000e+00
0.000000e+00
0.000000e+00
0.000000e+00
0.000000e+00
0.000000e+00
0.000000e+00
0.000000e+00
0.000000e+00
0.000000e+00
0.000000e+00
0.000000e+00
0.000000e+00
0.000000e+00
0.000000e+00
0.000000e+00
0.000000e+00
0.000000e+00
0.000000e+00
0.000000e+00
0.000000e+00
0.000000e+00
0.000000e+00
0.000000e+00
0.000000e+00
0.000000e+00
0.000000e+00
0.000000e+00
0.000000e+00
0.000000e+00
0.000000e+00
0.000000e+00
0.000000e+00
0.000000e+00
0.000000e+00
0.000000e+00
0.000000e+00
0.000000e+00
0.000000e+00
0.000000e+00
0.000000e+00
0.000000e+00
0.000000e+00
0.000000e+00
0.000000e+00
0.000000e+00
0.000000e+00
0.000000e+00
0.000000e+00
0.000000e+00
0.000000e+00
0.000000e+00
0.000000e+00
0.000000e+00
0.000000e+00
0.000000e+00
0.000000e+00
0.000000e+00
0.000000e+00
0.000000e+00
0.000000e+00
0.000000e+00
0.000000e+00
0.000000e+00
0.000000e+00
0.000000e+00
0.000000e+00
0.000000e+00
0.000000e+00
0.000000e+00
0.000000e+00
0.000000e+00
0.000000e+00
0.000000e+00
0.000000e+00
0.000000e+00
0.000000e+00
0.000000e+00
0.000000e+00
0.000000e+00
0.000000e+00
0.000000e+00
0.000000e+00
0.000000e+00
0.000000e+00
0.000000e+00
0.000000e+00
0.000000e+00
0.000000e+00
0.000000e+00
0.000000e+00
0.000000e+00
0.000000e+00
0.000000e+00
0.000000e+00
0.000000e+00
0.000000e+00
0.000000e+00
0.000000e+00
0.000000e+00
0.000000e+00
0.000000e+00
0.000000e+00
0.000000e+00
0.000000e+00
0.000000e+00
0.000000e+00
0.000000e+00
0.000000e+00
0.000000e+00
0.000000e+00
0.000000e+00
0.000000e+00
0.000000e+00
0.000000e+00
0.000000e+00
0.000000e+00
0.000000e+00
0.000000e+00
0.000000e+00
0.000000e+00
0.000000e+00
0.000000e+00
0.000000e+00
0.000000e+00
0.000000e+00
0.000000e+00
0.000000e+00
0.000000e+00
0.000000e+00
0.000000e+00
0.000000e+00
0.000000e+00
0.000000e+00
0.000000e+00
0.000000e+00
0.000000e+00
0.000000e+00
0.000000e+00
0.000000e+00
0.000000e+00
0.000000e+00
0.000000e+00
0.000000e+00
0.000000e+00
0.000000e+00
0.000000e+00
0.000000e+00
0.000000e+00
0.000000e+00
0.000000e+00
0.000000e+00
0.000000e+00
0.000000e+00
0.000000e+00
0.000000e+00
0.000000e+00
0.000000e+00
0.000000e+00
0.000000e+00
0.000000e+00
0.000000e+00
0.000000e+00
0.000000e+00
0.000000e+00
0.000000e+00
0.000000e+00
0.000000e+00
0.000000e+00
0.000000e+00
0.000000e+00
0.000000e+00
0.000000e+00
0.000000e+00
0.000000e+00
0.000000e+00
0.000000e+00
0.000000e+00
0.000000e+00
0.000000e+00
0.000000e+00
0.000000e+00
0.000000e+00
0.000000e+00
0.000000e+00
0.000000e+00
0.000000e+00
0.000000e+00
0.000000e+00
0.000000e+00
0.000000e+00
0.000000e+00
0.000000e+00
0.000000e+00
0.000000e+00
0.000000e+00
0.000000e+00
0.000000e+00
0.000000e+00
0.000000e+00
0.000000e+00
0.000000e+00
0.000000e+00
0.000000e+00
0.000000e+00
0.000000e+00
0.000000e+00
0.000000e+00
0.000000e+00
0.000000e+00
0.000000e+00
0.000000e+00
0.000000e+00
0.000000e+00
0.000000e+00
0.000000e+00
0.000000e+00
0.000000e+00
0.000000e+00
0.000000e+00
0.000000e+00
0.000000e+00
0.000000e+00
0.000000e+00
0.000000e+00
0.000000e+00
0.000000e+00
0.000000e+00
0.000000e+00
0.000000e+00
0.000000e+00
0.000000e+00
0.000000e+00
0.000000e+00
0.000000e+00
0.000000e+00
0.000000e+00
0.000000e+00
0.000000e+00
0.000000e+00
0.000000e+00
0.000000e+00
0.000000e+00
0.000000e+00
0.000000e+00
0.000000e+00
0.000000e+00
0.000000e+00
0.000000e+00
0.000000e+00
0.000000e+00
0.000000e+00
0.000000e+00
0.000000e+00
0.000000e+00
0.000000e+00
0.000000e+00
0.000000e+00
0.000000e+00
0.000000e+00
0.000000e+00
0.000000e+00
0.000000e+00
0.000000e+00
0.000000e+00
0.000000e+00
0.000000e+00
0.000000e+00
0.000000e+00
0.000000e+00
0.000000e+00
0.000000e+00
0.000000e+00
0.000000e+00
0.000000e+00
0.000000e+00
0.000000e+00
0.000000e+00
0.000000e+00
0.000000e+00
0.000000e+00
0.000000e+00
0.000000e+00
0.000000e+00
0.000000e+00
0.000000e+00
0.000000e+00
0.000000e+00
0.000000e+00
0.000000e+00
0.000000e+00
0.000000e+00
0.000000e+00
0.000000e+00
0.000000e+00
0.000000e+00
0.000000e+00
0.000000e+00
0.000000e+00
0.000000e+00
0.000000e+00
0.000000e+00
0.000000e+00
0.000000e+00
0.000000e+00
0.000000e+00
0.000000e+00
0.000000e+00
0.000000e+00
0.000000e+00
0.000000e+00
0.000000e+00
0.000000e+00
0.000000e+00
0.000000e+00
0.000000e+00
0.000000e+00
0.000000e+00
0.000000e+00
0.000000e+00
0.000000e+00
0.000000e+00
0.000000e+00
0.000000e+00
0.000000e+00
0.000000e+00
0.000000e+00
0.000000e+00
0.000000e+00
0.000000e+00
0.000000e+00
0.000000e+00
0.000000e+00
0.000000e+00
0.000000e+00
0.000000e+00
0.000000e+00
0.000000e+00
0.000000e+00
0.000000e+00
0.000000e+00
0.000000e+00
0.000000e+00
0.000000e+00
0.000000e+00
0.000000e+00
0.000000e+00
0.000000e+00
0.000000e+00
0.000000e+00
0.000000e+00
0.000000e+00
0.000000e+00
0.000000e+00
0.000000e+00
0.000000e+00
0.000000e+00
0.000000e+00
0.000000e+00
0.000000e+00
0.000000e+00
0.000000e+00
0.000000e+00
0.000000e+00
0.000000e+00
0.000000e+00
0.000000e+00
0.000000e+00
0.000000e+00
0.000000e+00
0.000000e+00
0.000000e+00
0.000000e+00
0.000000e+00
0.000000e+00
0.000000e+00
0.000000e+00
0.000000e+00
0.000000e+00
0.000000e+00
0.000000e+00
0.000000e+00
0.000000e+00
0.000000e+00
0.000000e+00
0.000000e+00
0.000000e+00
0.000000e+00
0.000000e+00
0.000000e+00
0.000000e+00
0.000000e+00
0.000000e+00
0.000000e+00
0.000000e+00
0.000000e+00
0.000000e+00
0.000000e+00
0.000000e+00
0.000000e+00
0.000000e+00
0.000000e+00
0.000000e+00
0.000000e+00
0.000000e+00
0.000000e+00
0.000000e+00
0.000000e+00
0.000000e+00
0.000000e+00
0.000000e+00
0.000000e+00
0.000000e+00
0.000000e+00
0.000000e+00
0.000000e+00
0.000000e+00
0.000000e+00
0.000000e+00
0.000000e+00
0.000000e+00
0.000000e+00
0.000000e+00
0.000000e+00
0.000000e+00
0.000000e+00
0.000000e+00
0.000000e+00
0.000000e+00
0.000000e+00
0.000000e+00
0.000000e+00
0.000000e+00
0.000000e+00
0.000000e+00
0.000000e+00
0.000000e+00
0.000000e+00
0.000000e+00
0.000000e+00
0.000000e+00
0.000000e+00
0.000000e+00
0.000000e+00
0.000000e+00
0.000000e+00
0.000000e+00
0.000000e+00
0.000000e+00
0.000000e+00
0.000000e+00
0.000000e+00
0.000000e+00
0.000000e+00
0.000000e+00
0.000000e+00
0.000000e+00
0.000000e+00
0.000000e+00
0.000000e+00
0.000000e+00
0.000000e+00
0.000000e+00
0.000000e+00
0.000000e+00
0.000000e+00
0.000000e+00
0.000000e+00
0.000000e+00
0.000000e+00
0.000000e+00
0.000000e+00
0.000000e+00
0.000000e+00
0.000000e+00
0.000000e+00
0.000000e+00
0.000000e+00
0.000000e+00
0.000000e+00
0.000000e+00
0.000000e+00
0.000000e+00
0.000000e+00
0.000000e+00
0.000000e+00
0.000000e+00
0.000000e+00
0.000000e+00
0.000000e+00
0.000000e+00
0.000000e+00
0.000000e+00
0.000000e+00
0.000000e+00
0.000000e+00
0.000000e+00
0.000000e+00
0.000000e+00
0.000000e+00
0.000000e+00
0.000000e+00
0.000000e+00
0.000000e+00
0.000000e+00
0.000000e+00
0.000000e+00
0.000000e+00
0.000000e+00
0.000000e+00
0.000000e+00
0.000000e+00
0.000000e+00
0.000000e+00
0.000000e+00
0.000000e+00
0.000000e+00
0.000000e+00
0.000000e+00
0.000000e+00
0.000000e+00
0.000000e+00
0.000000e+00
0.000000e+00
0.000000e+00
0.000000e+00
0.000000e+00
0.000000e+00
0.000000e+00
0.000000e+00
0.000000e+00
0.000000e+00
0.000000e+00
0.000000e+00
0.000000e+00
0.000000e+00
0.000000e+00
0.000000e+00
0.000000e+00
0.000000e+00
0.000000e+00
0.000000e+00
0.000000e+00
0.000000e+00
0.000000e+00
0.000000e+00
0.000000e+00
0.000000e+00
0.000000e+00
0.000000e+00
0.000000e+00
0.000000e+00
0.000000e+00
0.000000e+00
0.000000e+00
0.000000e+00
0.000000e+00
0.000000e+00
0.000000e+00
0.000000e+00
0.000000e+00
0.000000e+00
0.000000e+00
0.000000e+00
0.000000e+00
0.000000e+00
0.000000e+00
0.000000e+00
0.000000e+00
0.000000e+00
0.000000e+00
0.000000e+00
0.000000e+00
0.000000e+00
0.000000e+00
0.000000e+00
0.000000e+00
0.000000e+00
0.000000e+00
0.000000e+00
0.000000e+00
0.000000e+00
0.000000e+00
0.000000e+00
0.000000e+00
0.000000e+00
0.000000e+00
0.000000e+00
0.000000e+00
0.000000e+00
0.000000e+00
0.000000e+00
0.000000e+00
0.000000e+00
0.000000e+00
0.000000e+00
0.000000e+00
0.000000e+00
0.000000e+00
0.000000e+00
0.000000e+00
0.000000e+00
0.000000e+00
0.000000e+00
0.000000e+00
0.000000e+00
0.000000e+00
0.000000e+00
0.000000e+00
0.000000e+00
0.000000e+00
0.000000e+00
0.000000e+00
0.000000e+00
0.000000e+00
0.000000e+00
0.000000e+00
0.000000e+00
0.000000e+00
0.000000e+00
0.000000e+00
0.000000e+00
0.000000e+00
0.000000e+00
0.000000e+00
0.000000e+00
0.000000e+00
0.000000e+00
0.000000e+00
0.000000e+00
0.000000e+00
0.000000e+00
0.000000e+00
0.000000e+00
0.000000e+00
0.000000e+00
0.000000e+00
0.000000e+00
0.000000e+00
0.000000e+00
0.000000e+00
0.000000e+00
0.000000e+00
0.000000e+00
0.000000e+00
0.000000e+00
0.000000e+00
0.000000e+00
0.000000e+00
0.000000e+00
0.000000e+00
0.000000e+00
0.000000e+00
0.000000e+00
0.000000e+00
0.000000e+00
0.000000e+00
0.000000e+00
0.000000e+00
0.000000e+00
0.000000e+00
0.000000e+00
0.000000e+00
0.000000e+00
0.000000e+00
0.000000e+00
0.000000e+00
0.000000e+00
0.000000e+00
0.000000e+00
0.000000e+00
0.000000e+00
0.000000e+00
0.000000e+00
0.000000e+00
0.000000e+00
0.000000e+00
0.000000e+00
0.000000e+00
0.000000e+00
0.000000e+00
0.000000e+00
0.000000e+00
0.000000e+00
0.000000e+00
0.000000e+00
0.000000e+00
0.000000e+00
0.000000e+00
0.000000e+00
0.000000e+00
0.000000e+00
0.000000e+00
0.000000e+00
0.000000e+00
0.000000e+00
0.000000e+00
0.000000e+00
0.000000e+00
0.000000e+00
0.000000e+00
0.000000e+00
0.000000e+00
0.000000e+00
0.000000e+00
0.000000e+00
0.000000e+00
0.000000e+00
0.000000e+00
0.000000e+00
0.000000e+00
0.000000e+00
0.000000e+00
0.000000e+00
0.000000e+00
0.000000e+00
0.000000e+00
0.000000e+00
0.000000e+00
0.000000e+00
0.000000e+00
0.000000e+00
0.000000e+00
0.000000e+00
0.000000e+00
0.000000e+00
0.000000e+00
0.000000e+00
0.000000e+00
0.000000e+00
0.000000e+00
0.000000e+00
0.000000e+00
0.000000e+00
0.000000e+00
0.000000e+00
0.000000e+00
0.000000e+00
0.000000e+00
0.000000e+00
0.000000e+00
0.000000e+00
0.000000e+00
0.000000e+00
0.000000e+00
0.000000e+00
0.000000e+00
0.000000e+00
0.000000e+00
0.000000e+00
0.000000e+00
0.000000e+00
0.000000e+00
0.000000e+00
0.000000e+00
0.000000e+00
0.000000e+00
0.000000e+00
0.000000e+00
0.000000e+00
0.000000e+00
0.000000e+00
0.000000e+00
0.000000e+00
0.000000e+00
0.000000e+00
0.000000e+00
0.000000e+00
0.000000e+00
0.000000e+00
0.000000e+00
0.000000e+00
0.000000e+00
0.000000e+00
0.000000e+00
0.000000e+00
0.000000e+00
0.000000e+00
0.000000e+00
0.000000e+00
0.000000e+00
0.000000e+00
0.000000e+00
0.000000e+00
0.000000e+00
0.000000e+00
0.000000e+00
0.000000e+00
0.000000e+00
0.000000e+00
0.000000e+00
0.000000e+00
0.000000e+00
0.000000e+00
0.000000e+00
0.000000e+00
0.000000e+00
0.000000e+00
0.000000e+00
0.000000e+00
0.000000e+00
0.000000e+00
0.000000e+00
0.000000e+00
0.000000e+00
0.000000e+00
0.000000e+00
0.000000e+00
0.000000e+00
0.000000e+00
0.000000e+00
0.000000e+00
0.000000e+00
0.000000e+00
0.000000e+00
0.000000e+00
0.000000e+00
0.000000e+00
0.000000e+00
0.000000e+00
0.000000e+00
0.000000e+00
0.000000e+00
0.000000e+00
0.000000e+00
0.000000e+00
0.000000e+00
0.000000e+00
0.000000e+00
0.000000e+00
0.000000e+00
0.000000e+00
0.000000e+00
0.000000e+00
0.000000e+00
0.000000e+00
0.000000e+00
0.000000e+00
0.000000e+00
0.000000e+00
0.000000e+00
0.000000e+00
0.000000e+00
0.000000e+00
0.000000e+00
0.000000e+00
0.000000e+00
0.000000e+00
0.000000e+00
0.000000e+00
0.000000e+00
0.000000e+00
0.000000e+00
0.000000e+00
0.000000e+00
0.000000e+00
0.000000e+00
0.000000e+00
0.000000e+00
0.000000e+00
0.000000e+00
0.000000e+00
0.000000e+00
0.000000e+00
0.000000e+00
0.000000e+00
0.000000e+00
0.000000e+00
0.000000e+00
0.000000e+00
0.000000e+00
0.000000e+00
0.000000e+00
0.000000e+00
0.000000e+00
0.000000e+00
0.000000e+00
0.000000e+00
0.000000e+00
0.000000e+00
0.000000e+00
0.000000e+00
0.000000e+00
0.000000e+00
0.000000e+00
0.000000e+00
0.000000e+00
0.000000e+00
0.000000e+00
0.000000e+00
0.000000e+00
0.000000e+00
0.000000e+00
0.000000e+00
0.000000e+00
0.000000e+00
0.000000e+00
0.000000e+00
0.000000e+00
0.000000e+00
0.000000e+00
0.000000e+00
0.000000e+00
0.000000e+00
0.000000e+00
0.000000e+00
0.000000e+00
0.000000e+00
0.000000e+00
0.000000e+00
0.000000e+00
0.000000e+00
0.000000e+00
0.000000e+00
0.000000e+00
0.000000e+00
0.000000e+00
0.000000e+00
0.000000e+00
0.000000e+00
0.000000e+00
0.000000e+00
0.000000e+00
0.000000e+00
0.000000e+00
0.000000e+00
0.000000e+00
0.000000e+00
0.000000e+00
0.000000e+00
0.000000e+00
0.000000e+00
0.000000e+00
0.000000e+00
0.000000e+00
0.000000e+00
0.000000e+00
0.000000e+00
0.000000e+00
0.000000e+00
0.000000e+00
0.000000e+00
0.000000e+00
0.000000e+00
0.000000e+00
0.000000e+00
0.000000e+00
0.000000e+00
0.000000e+00
0.000000e+00
0.000000e+00
0.000000e+00
0.000000e+00
0.000000e+00
0.000000e+00
0.000000e+00
0.000000e+00
0.000000e+00
0.000000e+00
0.000000e+00
0.000000e+00
0.000000e+00
0.000000e+00
0.000000e+00
0.000000e+00
0.000000e+00
0.000000e+00
0.000000e+00
0.000000e+00
0.000000e+00
0.000000e+00
0.000000e+00
0.000000e+00
0.000000e+00
0.000000e+00
0.000000e+00
0.000000e+00
0.000000e+00
0.000000e+00
0.000000e+00
0.000000e+00
0.000000e+00
0.000000e+00
0.000000e+00
0.000000e+00
0.000000e+00
0.000000e+00
0.000000e+00
0.000000e+00
0.000000e+00
0.000000e+00
0.000000e+00
0.000000e+00
0.000000e+00
0.000000e+00
0.000000e+00
0.000000e+00
0.000000e+00
0.000000e+00
0.000000e+00
0.000000e+00
0.000000e+00
0.000000e+00
0.000000e+00
0.000000e+00
0.000000e+00
0.000000e+00
0.000000e+00
0.000000e+00
0.000000e+00
0.000000e+00
0.000000e+00
0.000000e+00
0.000000e+00
0.000000e+00
0.000000e+00
0.000000e+00
0.000000e+00
0.000000e+00
0.000000e+00
0.000000e+00
0.000000e+00
0.000000e+00
0.000000e+00
0.000000e+00
0.000000e+00
0.000000e+00
0.000000e+00
0.000000e+00
0.000000e+00
0.000000e+00
0.000000e+00
0.000000e+00
0.000000e+00
0.000000e+00
0.000000e+00
0.000000e+00
0.000000e+00
0.000000e+00
0.000000e+00
0.000000e+00
0.000000e+00
0.000000e+00
0.000000e+00
0.000000e+00
0.000000e+00
0.000000e+00
0.000000e+00
0.000000e+00
0.000000e+00
0.000000e+00
0.000000e+00
0.000000e+00
0.000000e+00
0.000000e+00
0.000000e+00
0.000000e+00
0.000000e+00
0.000000e+00
0.000000e+00
0.000000e+00
0.000000e+00
0.000000e+00
0.000000e+00
0.000000e+00
0.000000e+00
0.000000e+00
0.000000e+00
0.000000e+00
0.000000e+00
0.000000e+00
0.000000e+00
0.000000e+00
0.000000e+00
0.000000e+00
0.000000e+00
0.000000e+00
0.000000e+00
0.000000e+00
0.000000e+00
0.000000e+00
0.000000e+00
0.000000e+00
0.000000e+00
0.000000e+00
0.000000e+00
0.000000e+00
0.000000e+00
0.000000e+00
0.000000e+00
0.000000e+00
0.000000e+00
0.000000e+00
0.000000e+00
0.000000e+00
0.000000e+00
0.000000e+00
0.000000e+00
0.000000e+00
0.000000e+00
0.000000e+00
0.000000e+00
0.000000e+00
0.000000e+00
0.000000e+00
0.000000e+00
0.000000e+00
0.000000e+00
0.000000e+00
0.000000e+00
0.000000e+00
0.000000e+00
0.000000e+00
0.000000e+00
0.000000e+00
0.000000e+00
0.000000e+00
0.000000e+00
0.000000e+00
0.000000e+00
0.000000e+00
0.000000e+00
0.000000e+00
0.000000e+00
0.000000e+00
0.000000e+00
0.000000e+00
0.000000e+00
0.000000e+00
0.000000e+00
0.000000e+00
0.000000e+00
0.000000e+00
0.000000e+00
0.000000e+00
0.000000e+00
0.000000e+00
0.000000e+00
0.000000e+00
0.000000e+00
0.000000e+00
0.000000e+00
0.000000e+00
0.000000e+00
0.000000e+00
0.000000e+00
0.000000e+00
0.000000e+00
0.000000e+00
0.000000e+00
0.000000e+00
0.000000e+00
0.000000e+00
0.000000e+00
0.000000e+00
0.000000e+00
0.000000e+00
0.000000e+00
0.000000e+00
0.000000e+00
0.000000e+00
0.000000e+00
0.000000e+00
0.000000e+00
0.000000e+00
0.000000e+00
0.000000e+00
0.000000e+00
0.000000e+00
0.000000e+00
0.000000e+00
0.000000e+00
0.000000e+00
0.000000e+00
0.000000e+00
0.000000e+00
0.000000e+00
0.000000e+00
0.000000e+00
0.000000e+00
0.000000e+00
0.000000e+00
0.000000e+00
0.000000e+00
0.000000e+00
0.000000e+00
0.000000e+00
0.000000e+00
0.000000e+00
0.000000e+00
0.000000e+00
0.000000e+00
0.000000e+00
0.000000e+00
0.000000e+00
0.000000e+00
0.000000e+00
0.000000e+00
0.000000e+00
0.000000e+00
0.000000e+00
0.000000e+00
0.000000e+00
0.000000e+00
0.000000e+00
0.000000e+00
0.000000e+00
0.000000e+00
0.000000e+00
0.000000e+00
0.000000e+00
0.000000e+00
0.000000e+00
0.000000e+00
0.000000e+00
0.000000e+00
0.000000e+00
0.000000e+00
0.000000e+00
0.000000e+00
0.000000e+00
0.000000e+00
0.000000e+00
0.000000e+00
0.000000e+00
0.000000e+00
0.000000e+00
0.000000e+00
0.000000e+00
0.000000e+00
0.000000e+00
0.000000e+00
0.000000e+00
0.000000e+00
0.000000e+00
0.000000e+00
0.000000e+00
0.000000e+00
0.000000e+00
0.000000e+00
0.000000e+00
0.000000e+00
0.000000e+00
0.000000e+00
0.000000e+00
0.000000e+00
0.000000e+00
0.000000e+00
0.000000e+00
0.000000e+00
0.000000e+00
0.000000e+00
0.000000e+00
0.000000e+00
0.000000e+00
0.000000e+00
0.000000e+00
0.000000e+00
0.000000e+00
0.000000e+00
0.000000e+00
0.000000e+00
0.000000e+00
0.000000e+00
0.000000e+00
0.000000e+00
0.000000e+00
0.000000e+00
0.000000e+00
0.000000e+00
0.000000e+00
0.000000e+00
0.000000e+00
0.000000e+00
0.000000e+00
0.000000e+00
0.000000e+00
0.000000e+00
0.000000e+00
0.000000e+00
0.000000e+00
0.000000e+00
0.000000e+00
0.000000e+00
0.000000e+00
0.000000e+00
0.000000e+00
0.000000e+00
0.000000e+00
0.000000e+00
0.000000e+00
0.000000e+00
0.000000e+00
0.000000e+00
0.000000e+00
0.000000e+00
0.000000e+00
0.000000e+00
0.000000e+00
0.000000e+00
0.000000e+00
0.000000e+00
0.000000e+00
0.000000e+00
0.000000e+00
0.000000e+00
0.000000e+00
0.000000e+00
0.000000e+00
0.000000e+00
0.000000e+00
0.000000e+00
0.000000e+00
0.000000e+00
0.000000e+00
0.000000e+00
0.000000e+00
0.000000e+00
0.000000e+00
0.000000e+00
0.000000e+00
0.000000e+00
0.000000e+00
0.000000e+00
0.000000e+00
0.000000e+00
0.000000e+00
0.000000e+00
0.000000e+00
0.000000e+00
0.000000e+00
0.000000e+00
0.000000e+00
0.000000e+00
0.000000e+00
0.000000e+00
0.000000e+00
0.000000e+00
0.000000e+00
0.000000e+00
0.000000e+00
0.000000e+00
0.000000e+00
0.000000e+00
0.000000e+00
0.000000e+00
0.000000e+00
0.000000e+00
0.000000e+00
0.000000e+00
</DataArray>
</PointData>
</Piece></UnstructuredGrid>
</VTKFile>
