<?xml version="1.0"?>
<VTKFile type="UnstructuredGrid" version="0.1" byte_order="LittleEndian" compressor="vtkZLibDataCompressor">
<UnstructuredGrid>
<Piece NumberOfPoints="6405" NumberOfCells="6832">
<Points>
<DataArray type="Float32" NumberOfComponents="3" format="ascii">
-9.987950e-01 4.906770e-02 0.000000e+00
-9.993220e-01 3.680720e-02 0.000000e+00
-9.996990e-01 2.454120e-02 0.000000e+00
-9.999250e-01 1.227150e-02 0.000000e+00
-1.000000e+00 1.214310e-16 0.000000e+00
-9.912840e-01 4.146280e-02 0.000000e+00
-9.917360e-01 2.919980e-02 0.000000e+00
-9.920370e-01 1.693230e-02 0.000000e+00
-9.921880e-01 4.662010e-03 0.000000e+00
-9.837730e-01 3.385790e-02 0.000000e+00
-9.841490e-01 2.159280e-02 0.000000e+00
-9.843750e-01 9.324020e-03 0.000000e+00
-9.762610e-01 2.625290e-02 0.000000e+00
-9.765620e-01 1.398600e-02 0.000000e+00
-9.687500e-01 1.864800e-02 0.000000e+00
3.720100e-01 -2.891470e-02 0.000000e+00
3.727570e-01 -2.168600e-02 0.000000e+00
3.735050e-01 -1.445740e-02 0.000000e+00
3.742520e-01 -7.228680e-03 0.000000e+00
3.750000e-01 0.000000e+00 0.000000e+00
3.649450e-01 -2.168600e-02 0.000000e+00
3.656920e-01 -1.445740e-02 0.000000e+00
3.664400e-01 -7.228680e-03 0.000000e+00
3.671880e-01 0.000000e+00 0.000000e+00
3.578800e-01 -1.445740e-02 0.000000e+00
3.586270e-01 -7.228680e-03 0.000000e+00
3.593750e-01 0.000000e+00 0.000000e+00
3.508150e-01 -7.228680e-03 0.000000e+00
3.515630e-01 0.000000e+00 0.000000e+00
3.437500e-01 0.000000e+00 0.000000e+00
-9.443250e-01 1.002730e-01 0.000000e+00
-9.570400e-01 9.970920e-02 0.000000e+00
-9.697550e-01 9.914510e-02 0.000000e+00
-9.824700e-01 9.858110e-02 0.000000e+00
-9.951850e-01 9.801710e-02 0.000000e+00
-9.480520e-01 9.182570e-02 0.000000e+00
-9.607670e-01 9.126170e-02 0.000000e+00
-9.734820e-01 9.069770e-02 0.000000e+00
-9.861970e-01 9.013370e-02 0.000000e+00
-9.517800e-01 8.337830e-02 0.000000e+00
-9.644950e-01 8.281430e-02 0.000000e+00
-9.772100e-01 8.225030e-02 0.000000e+00
-9.555070e-01 7.493090e-02 0.000000e+00
-9.682220e-01 7.436690e-02 0.000000e+00
-9.592350e-01 6.648350e-02 0.000000e+00
4.996480e-01 -3.118370e-02 0.000000e+00
4.997360e-01 -2.338780e-02 0.000000e+00
4.998240e-01 -1.559180e-02 0.000000e+00
4.999120e-01 -7.795920e-03 0.000000e+00
5.000000e-01 0.000000e+00 0.000000e+00
4.919230e-01 -2.338780e-02 0.000000e+00
4.920110e-01 -1.559180e-02 0.000000e+00
4.920990e-01 -7.795920e-03 0.000000e+00
4.921880e-01 1.734720e-18 0.000000e+00
4.841990e-01 -1.559180e-02 0.000000e+00
4.842870e-01 -7.795920e-03 0.000000e+00
4.843750e-01 0.000000e+00 0.000000e+00
4.764740e-01 -7.795920e-03 0.000000e+00
4.765620e-01 0.000000e+00 0.000000e+00
4.687500e-01 0.000000e+00 0.000000e+00
-9.443250e-01 1.002730e-01 0.000000e+00
-9.414370e-01 1.096170e-01 0.000000e+00
-9.385500e-01 1.189610e-01 0.000000e+00
-9.356630e-01 1.283060e-01 0.000000e+00
-9.327760e-01 1.376500e-01 0.000000e+00
-9.555380e-01 1.118870e-01 0.000000e+00
-9.526500e-01 1.212320e-01 0.000000e+00
-9.497630e-01 1.305760e-01 0.000000e+00
-9.468760e-01 1.399200e-01 0.000000e+00
-9.667510e-01 1.235020e-01 0.000000e+00
-9.638630e-01 1.328460e-01 0.000000e+00
-9.609760e-01 1.421900e-01 0.000000e+00
-9.779640e-01 1.351160e-01 0.000000e+00
-9.750760e-01 1.444600e-01 0.000000e+00
-9.891770e-01 1.467300e-01 0.000000e+00
-9.987950e-01 4.906770e-02 0.000000e+00
-9.889050e-01 5.342160e-02 0.000000e+00
-9.790150e-01 5.777560e-02 0.000000e+00
-9.691250e-01 6.212950e-02 0.000000e+00
-9.592350e-01 6.648350e-02 0.000000e+00
-9.981180e-01 6.132070e-02 0.000000e+00
-9.881530e-01 6.566980e-02 0.000000e+00
-9.781880e-01 7.001850e-02 0.000000e+00
-9.682220e-01 7.436690e-02 0.000000e+00
-9.972900e-01 7.356460e-02 0.000000e+00
-9.872500e-01 7.790770e-02 0.000000e+00
-9.772100e-01 8.225030e-02 0.000000e+00
-9.963130e-01 8.579730e-02 0.000000e+00
-9.861970e-01 9.013370e-02 0.000000e+00
-9.951850e-01 9.801710e-02 0.000000e+00
-9.681970e-01 -1.778750e-02 0.000000e+00
-9.761470e-01 -1.334060e-02 0.000000e+00
-9.840980e-01 -8.893750e-03 0.000000e+00
-9.920490e-01 -4.446870e-03 0.000000e+00
-1.000000e+00 1.214310e-16 0.000000e+00
-9.758460e-01 -2.560750e-02 0.000000e+00
-9.838720e-01 -2.116250e-02 0.000000e+00
-9.918990e-01 -1.671720e-02 0.000000e+00
-9.999250e-01 -1.227150e-02 0.000000e+00
-9.834960e-01 -3.342760e-02 0.000000e+00
-9.915970e-01 -2.898470e-02 0.000000e+00
-9.996990e-01 -2.454120e-02 0.000000e+00
-9.911460e-01 -4.124760e-02 0.000000e+00
-9.993220e-01 -3.680720e-02 0.000000e+00
-9.987950e-01 -4.906770e-02 0.000000e+00
-1.000000e+00 1.224650e-16 0.000000e+00
-9.920490e-01 -4.446870e-03 0.000000e+00
-9.840980e-01 -8.893750e-03 0.000000e+00
-9.761470e-01 -1.334060e-02 0.000000e+00
-9.681970e-01 -1.778750e-02 0.000000e+00
-9.921880e-01 4.662010e-03 0.000000e+00
-9.842370e-01 2.151350e-04 0.000000e+00
-9.762860e-01 -4.231740e-03 0.000000e+00
-9.683350e-01 -8.678610e-03 0.000000e+00
-9.843750e-01 9.324020e-03 0.000000e+00
-9.764240e-01 4.877140e-03 0.000000e+00
-9.684730e-01 4.302700e-04 0.000000e+00
-9.765620e-01 1.398600e-02 0.000000e+00
-9.686120e-01 9.539150e-03 0.000000e+00
-9.687500e-01 1.864800e-02 0.000000e+00
-9.951850e-01 -9.801710e-02 0.000000e+00
-9.853100e-01 -9.005400e-02 0.000000e+00
-9.754360e-01 -8.209090e-02 0.000000e+00
-9.655620e-01 -7.412780e-02 0.000000e+00
-9.556870e-01 -6.616470e-02 0.000000e+00
-9.963130e-01 -8.579730e-02 0.000000e+00
-9.863630e-01 -7.782800e-02 0.000000e+00
-9.764140e-01 -6.985910e-02 0.000000e+00
-9.664640e-01 -6.189040e-02 0.000000e+00
-9.972900e-01 -7.356460e-02 0.000000e+00
-9.872660e-01 -6.559010e-02 0.000000e+00
-9.772410e-01 -5.761620e-02 0.000000e+00
-9.981180e-01 -6.132070e-02 0.000000e+00
-9.880180e-01 -5.334190e-02 0.000000e+00
-9.987950e-01 -4.906770e-02 0.000000e+00
-9.951850e-01 -9.801710e-02 0.000000e+00
-9.863110e-01 -1.025880e-01 0.000000e+00
-9.774380e-01 -1.071600e-01 0.000000e+00
-9.685640e-01 -1.117310e-01 0.000000e+00
-9.596910e-01 -1.163020e-01 0.000000e+00
-9.853100e-01 -9.005400e-02 0.000000e+00
-9.764370e-01 -9.462530e-02 0.000000e+00
-9.675630e-01 -9.919660e-02 0.000000e+00
-9.586900e-01 -1.037680e-01 0.000000e+00
-9.754360e-01 -8.209090e-02 0.000000e+00
-9.665620e-01 -8.666220e-02 0.000000e+00
-9.576890e-01 -9.123350e-02 0.000000e+00
-9.655620e-01 -7.412780e-02 0.000000e+00
-9.566880e-01 -7.869910e-02 0.000000e+00
-9.556870e-01 -6.616470e-02 0.000000e+00
-9.807850e-01 -1.950900e-01 0.000000e+00
-9.704720e-01 -1.868230e-01 0.000000e+00
-9.601580e-01 -1.785550e-01 0.000000e+00
-9.498450e-01 -1.702880e-01 0.000000e+00
-9.395320e-01 -1.620200e-01 0.000000e+00
-9.831050e-01 -1.830400e-01 0.000000e+00
-9.727180e-01 -1.747590e-01 0.000000e+00
-9.623300e-01 -1.664780e-01 0.000000e+00
-9.519430e-01 -1.581980e-01 0.000000e+00
-9.852780e-01 -1.709620e-01 0.000000e+00
-9.748160e-01 -1.626680e-01 0.000000e+00
-9.643540e-01 -1.543750e-01 0.000000e+00
-9.873010e-01 -1.588580e-01 0.000000e+00
-9.767650e-01 -1.505530e-01 0.000000e+00
-9.891770e-01 -1.467300e-01 0.000000e+00
-9.987950e-01 -4.906770e-02 0.000000e+00
-9.880180e-01 -5.334190e-02 0.000000e+00
-9.772410e-01 -5.761620e-02 0.000000e+00
-9.664640e-01 -6.189040e-02 0.000000e+00
-9.556870e-01 -6.616470e-02 0.000000e+00
-9.911460e-01 -4.124760e-02 0.000000e+00
-9.803690e-01 -4.552190e-02 0.000000e+00
-9.695920e-01 -4.979610e-02 0.000000e+00
-9.588140e-01 -5.407040e-02 0.000000e+00
-9.834960e-01 -3.342760e-02 0.000000e+00
-9.727190e-01 -3.770180e-02 0.000000e+00
-9.619420e-01 -4.197610e-02 0.000000e+00
-9.758460e-01 -2.560750e-02 0.000000e+00
-9.650690e-01 -2.988180e-02 0.000000e+00
-9.681970e-01 -1.778750e-02 0.000000e+00
-9.987950e-01 4.906770e-02 0.000000e+00
-9.912840e-01 4.146280e-02 0.000000e+00
-9.837730e-01 3.385790e-02 0.000000e+00
-9.762610e-01 2.625290e-02 0.000000e+00
-9.687500e-01 1.864800e-02 0.000000e+00
-9.889050e-01 5.342160e-02 0.000000e+00
-9.813940e-01 4.581670e-02 0.000000e+00
-9.738830e-01 3.821180e-02 0.000000e+00
-9.663710e-01 3.060690e-02 0.000000e+00
-9.790150e-01 5.777560e-02 0.000000e+00
-9.715040e-01 5.017070e-02 0.000000e+00
-9.639920e-01 4.256570e-02 0.000000e+00
-9.691250e-01 6.212950e-02 0.000000e+00
-9.616140e-01 5.452460e-02 0.000000e+00
-9.592350e-01 6.648350e-02 0.000000e+00
-9.443250e-01 1.002730e-01 0.000000e+00
-9.555380e-01 1.118870e-01 0.000000e+00
-9.667510e-01 1.235020e-01 0.000000e+00
-9.779640e-01 1.351160e-01 0.000000e+00
-9.891770e-01 1.467300e-01 0.000000e+00
-9.570400e-01 9.970920e-02 0.000000e+00
-9.683270e-01 1.113330e-01 0.000000e+00
-9.796150e-01 1.229570e-01 0.000000e+00
-9.909030e-01 1.345810e-01 0.000000e+00
-9.697550e-01 9.914510e-02 0.000000e+00
-9.811170e-01 1.107780e-01 0.000000e+00
-9.924800e-01 1.224110e-01 0.000000e+00
-9.824700e-01 9.858110e-02 0.000000e+00
-9.939070e-01 1.102220e-01 0.000000e+00
-9.951850e-01 9.801710e-02 0.000000e+00
-9.338530e-01 1.692230e-01 0.000000e+00
-9.476840e-01 1.636000e-01 0.000000e+00
-9.615150e-01 1.579770e-01 0.000000e+00
-9.753460e-01 1.523540e-01 0.000000e+00
-9.891770e-01 1.467300e-01 0.000000e+00
-9.335840e-01 1.613300e-01 0.000000e+00
-9.474140e-01 1.557070e-01 0.000000e+00
-9.612450e-01 1.500830e-01 0.000000e+00
-9.750760e-01 1.444600e-01 0.000000e+00
-9.333140e-01 1.534360e-01 0.000000e+00
-9.471450e-01 1.478130e-01 0.000000e+00
-9.609760e-01 1.421900e-01 0.000000e+00
-9.330450e-01 1.455430e-01 0.000000e+00
-9.468760e-01 1.399200e-01 0.000000e+00
-9.327760e-01 1.376500e-01 0.000000e+00
-9.363740e-01 -2.111200e-01 0.000000e+00
-9.307550e-01 -2.037430e-01 0.000000e+00
-9.251360e-01 -1.963660e-01 0.000000e+00
-9.195170e-01 -1.889880e-01 0.000000e+00
-9.138980e-01 -1.816110e-01 0.000000e+00
-9.474770e-01 -2.071130e-01 0.000000e+00
-9.418580e-01 -1.997350e-01 0.000000e+00
-9.362390e-01 -1.923580e-01 0.000000e+00
-9.306190e-01 -1.849810e-01 0.000000e+00
-9.585800e-01 -2.031050e-01 0.000000e+00
-9.529610e-01 -1.957280e-01 0.000000e+00
-9.473410e-01 -1.883510e-01 0.000000e+00
-9.696820e-01 -1.990980e-01 0.000000e+00
-9.640630e-01 -1.917200e-01 0.000000e+00
-9.807850e-01 -1.950900e-01 0.000000e+00
-4.062500e-01 0.000000e+00 0.000000e+00
-4.142910e-01 8.065300e-03 0.000000e+00
-4.223310e-01 1.613060e-02 0.000000e+00
-4.303720e-01 2.419590e-02 0.000000e+00
-4.384120e-01 3.226120e-02 0.000000e+00
-4.140620e-01 0.000000e+00 0.000000e+00
-4.221030e-01 8.065300e-03 0.000000e+00
-4.301440e-01 1.613060e-02 0.000000e+00
-4.381840e-01 2.419590e-02 0.000000e+00
-4.218750e-01 0.000000e+00 0.000000e+00
-4.299160e-01 8.065300e-03 0.000000e+00
-4.379560e-01 1.613060e-02 0.000000e+00
-4.296870e-01 0.000000e+00 0.000000e+00
-4.377280e-01 8.065300e-03 0.000000e+00
-4.375000e-01 0.000000e+00 0.000000e+00
-9.807850e-01 1.950900e-01 0.000000e+00
-9.831050e-01 1.830400e-01 0.000000e+00
-9.852780e-01 1.709620e-01 0.000000e+00
-9.873010e-01 1.588580e-01 0.000000e+00
-9.891770e-01 1.467300e-01 0.000000e+00
-9.690520e-01 1.886240e-01 0.000000e+00
-9.712980e-01 1.765600e-01 0.000000e+00
-9.733960e-01 1.644690e-01 0.000000e+00
-9.753460e-01 1.523540e-01 0.000000e+00
-9.573190e-01 1.821570e-01 0.000000e+00
-9.594910e-01 1.700800e-01 0.000000e+00
-9.615150e-01 1.579770e-01 0.000000e+00
-9.455860e-01 1.756900e-01 0.000000e+00
-9.476840e-01 1.636000e-01 0.000000e+00
-9.338530e-01 1.692230e-01 0.000000e+00
-9.395320e-01 -1.620200e-01 0.000000e+00
-9.445710e-01 -1.505910e-01 0.000000e+00
-9.496110e-01 -1.391610e-01 0.000000e+00
-9.546510e-01 -1.277320e-01 0.000000e+00
-9.596910e-01 -1.163020e-01 0.000000e+00
-9.519430e-01 -1.581980e-01 0.000000e+00
-9.569830e-01 -1.467680e-01 0.000000e+00
-9.620220e-01 -1.353390e-01 0.000000e+00
-9.670620e-01 -1.239090e-01 0.000000e+00
-9.643540e-01 -1.543750e-01 0.000000e+00
-9.693940e-01 -1.429460e-01 0.000000e+00
-9.744340e-01 -1.315160e-01 0.000000e+00
-9.767650e-01 -1.505530e-01 0.000000e+00
-9.818050e-01 -1.391230e-01 0.000000e+00
-9.891770e-01 -1.467300e-01 0.000000e+00
-4.687500e-01 0.000000e+00 0.000000e+00
-4.686290e-01 7.484860e-03 0.000000e+00
-4.685080e-01 1.496970e-02 0.000000e+00
-4.683870e-01 2.245460e-02 0.000000e+00
-4.682660e-01 2.993950e-02 0.000000e+00
-4.765620e-01 0.000000e+00 0.000000e+00
-4.764410e-01 7.484860e-03 0.000000e+00
-4.763200e-01 1.496970e-02 0.000000e+00
-4.761990e-01 2.245460e-02 0.000000e+00
-4.843750e-01 0.000000e+00 0.000000e+00
-4.842540e-01 7.484860e-03 0.000000e+00
-4.841330e-01 1.496970e-02 0.000000e+00
-4.921870e-01 -1.734720e-18 0.000000e+00
-4.920660e-01 7.484860e-03 0.000000e+00
-5.000000e-01 0.000000e+00 0.000000e+00
-4.062500e-01 3.494430e-02 0.000000e+00
-4.062500e-01 2.620820e-02 0.000000e+00
-4.062500e-01 1.747220e-02 0.000000e+00
-4.062500e-01 8.736080e-03 0.000000e+00
-4.062500e-01 0.000000e+00 0.000000e+00
-3.984370e-01 2.620820e-02 0.000000e+00
-3.984370e-01 1.747220e-02 0.000000e+00
-3.984370e-01 8.736080e-03 0.000000e+00
-3.984370e-01 0.000000e+00 0.000000e+00
-3.906250e-01 1.747220e-02 0.000000e+00
-3.906250e-01 8.736080e-03 0.000000e+00
-3.906250e-01 0.000000e+00 0.000000e+00
-3.828120e-01 8.736080e-03 0.000000e+00
-3.828120e-01 0.000000e+00 0.000000e+00
-3.750000e-01 0.000000e+00 0.000000e+00
-3.125000e-01 0.000000e+00 0.000000e+00
-3.164060e-01 -9.804040e-03 0.000000e+00
-3.203120e-01 -1.960810e-02 0.000000e+00
-3.242190e-01 -2.941210e-02 0.000000e+00
-3.281250e-01 -3.921610e-02 0.000000e+00
-3.046870e-01 -8.792960e-03 0.000000e+00
-3.085940e-01 -1.859700e-02 0.000000e+00
-3.125000e-01 -2.840100e-02 0.000000e+00
-3.164060e-01 -3.820510e-02 0.000000e+00
-2.968750e-01 -1.758590e-02 0.000000e+00
-3.007810e-01 -2.739000e-02 0.000000e+00
-3.046870e-01 -3.719400e-02 0.000000e+00
-2.890620e-01 -2.637890e-02 0.000000e+00
-2.929690e-01 -3.618290e-02 0.000000e+00
-2.812500e-01 -3.517190e-02 0.000000e+00
-9.596910e-01 -1.163020e-01 0.000000e+00
-9.685640e-01 -1.117310e-01 0.000000e+00
-9.774380e-01 -1.071600e-01 0.000000e+00
-9.863110e-01 -1.025880e-01 0.000000e+00
-9.951850e-01 -9.801710e-02 0.000000e+00
-9.670620e-01 -1.239090e-01 0.000000e+00
-9.760100e-01 -1.193470e-01 0.000000e+00
-9.849590e-01 -1.147850e-01 0.000000e+00
-9.939070e-01 -1.102220e-01 0.000000e+00
-9.744340e-01 -1.315160e-01 0.000000e+00
-9.834570e-01 -1.269640e-01 0.000000e+00
-9.924800e-01 -1.224110e-01 0.000000e+00
-9.818050e-01 -1.391230e-01 0.000000e+00
-9.909030e-01 -1.345810e-01 0.000000e+00
-9.891770e-01 -1.467300e-01 0.000000e+00
-5.000000e-01 0.000000e+00 0.000000e+00
-5.070260e-01 9.821740e-03 0.000000e+00
-5.140510e-01 1.964350e-02 0.000000e+00
-5.210770e-01 2.946520e-02 0.000000e+00
-5.281030e-01 3.928700e-02 0.000000e+00
-5.101030e-01 -1.855320e-03 0.000000e+00
-5.171290e-01 7.966420e-03 0.000000e+00
-5.241550e-01 1.778820e-02 0.000000e+00
-5.311800e-01 2.760990e-02 0.000000e+00
-5.202070e-01 -3.710640e-03 0.000000e+00
-5.272320e-01 6.111090e-03 0.000000e+00
-5.342580e-01 1.593280e-02 0.000000e+00
-5.303100e-01 -5.565970e-03 0.000000e+00
-5.373360e-01 4.255770e-03 0.000000e+00
-5.404140e-01 -7.421290e-03 0.000000e+00
-3.437500e-01 0.000000e+00 0.000000e+00
-3.476560e-01 8.577350e-03 0.000000e+00
-3.515620e-01 1.715470e-02 0.000000e+00
-3.554690e-01 2.573210e-02 0.000000e+00
-3.593750e-01 3.430940e-02 0.000000e+00
-3.515620e-01 0.000000e+00 0.000000e+00
-3.554690e-01 8.577350e-03 0.000000e+00
-3.593750e-01 1.715470e-02 0.000000e+00
-3.632810e-01 2.573210e-02 0.000000e+00
-3.593750e-01 0.000000e+00 0.000000e+00
-3.632810e-01 8.577350e-03 0.000000e+00
-3.671870e-01 1.715470e-02 0.000000e+00
-3.671870e-01 0.000000e+00 0.000000e+00
-3.710940e-01 8.577350e-03 0.000000e+00
-3.750000e-01 0.000000e+00 0.000000e+00
-5.000000e-01 0.000000e+00 0.000000e+00
-5.101030e-01 -1.855320e-03 0.000000e+00
-5.202070e-01 -3.710640e-03 0.000000e+00
-5.303100e-01 -5.565970e-03 0.000000e+00
-5.404140e-01 -7.421290e-03 0.000000e+00
-5.028470e-01 -8.085580e-03 0.000000e+00
-5.129510e-01 -9.940900e-03 0.000000e+00
-5.230540e-01 -1.179620e-02 0.000000e+00
-5.331580e-01 -1.365150e-02 0.000000e+00
-5.056950e-01 -1.617120e-02 0.000000e+00
-5.157980e-01 -1.802650e-02 0.000000e+00
-5.259020e-01 -1.988180e-02 0.000000e+00
-5.085420e-01 -2.425670e-02 0.000000e+00
-5.186460e-01 -2.611210e-02 0.000000e+00
-5.113900e-01 -3.234230e-02 0.000000e+00
-4.682660e-01 2.993950e-02 0.000000e+00
-4.683870e-01 2.245460e-02 0.000000e+00
-4.685080e-01 1.496970e-02 0.000000e+00
-4.686290e-01 7.484860e-03 0.000000e+00
-4.687500e-01 0.000000e+00 0.000000e+00
-4.605740e-01 2.245460e-02 0.000000e+00
-4.606950e-01 1.496970e-02 0.000000e+00
-4.608160e-01 7.484860e-03 0.000000e+00
-4.609370e-01 -1.734720e-18 0.000000e+00
-4.528830e-01 1.496970e-02 0.000000e+00
-4.530040e-01 7.484860e-03 0.000000e+00
-4.531250e-01 0.000000e+00 0.000000e+00
-4.451910e-01 7.484860e-03 0.000000e+00
-4.453120e-01 0.000000e+00 0.000000e+00
-4.375000e-01 0.000000e+00 0.000000e+00
-3.281250e-01 5.539760e-02 0.000000e+00
-3.359370e-01 5.012560e-02 0.000000e+00
-3.437500e-01 4.485350e-02 0.000000e+00
-3.515620e-01 3.958150e-02 0.000000e+00
-3.593750e-01 3.430940e-02 0.000000e+00
-3.320310e-01 4.154820e-02 0.000000e+00
-3.398440e-01 3.627620e-02 0.000000e+00
-3.476560e-01 3.100410e-02 0.000000e+00
-3.554690e-01 2.573210e-02 0.000000e+00
-3.359370e-01 2.769880e-02 0.000000e+00
-3.437500e-01 2.242680e-02 0.000000e+00
-3.515620e-01 1.715470e-02 0.000000e+00
-3.398440e-01 1.384940e-02 0.000000e+00
-3.476560e-01 8.577350e-03 0.000000e+00
-3.437500e-01 0.000000e+00 0.000000e+00
-3.750000e-01 0.000000e+00 0.000000e+00
-3.828120e-01 1.734720e-18 0.000000e+00
-3.906250e-01 0.000000e+00 0.000000e+00
-3.984370e-01 0.000000e+00 0.000000e+00
-4.062500e-01 0.000000e+00 0.000000e+00
-3.820660e-01 -1.093390e-02 0.000000e+00
-3.898780e-01 -1.093390e-02 0.000000e+00
-3.976910e-01 -1.093390e-02 0.000000e+00
-4.055030e-01 -1.093390e-02 0.000000e+00
-3.891310e-01 -2.186780e-02 0.000000e+00
-3.969440e-01 -2.186780e-02 0.000000e+00
-4.047560e-01 -2.186780e-02 0.000000e+00
-3.961970e-01 -3.280160e-02 0.000000e+00
-4.040090e-01 -3.280160e-02 0.000000e+00
-4.032620e-01 -4.373550e-02 0.000000e+00
-4.660580e-01 -3.171020e-02 0.000000e+00
-4.745440e-01 -2.378270e-02 0.000000e+00
-4.830290e-01 -1.585510e-02 0.000000e+00
-4.915150e-01 -7.927560e-03 0.000000e+00
-5.000000e-01 0.000000e+00 0.000000e+00
-4.773910e-01 -3.186820e-02 0.000000e+00
-4.858760e-01 -2.394070e-02 0.000000e+00
-4.943620e-01 -1.601310e-02 0.000000e+00
-5.028470e-01 -8.085580e-03 0.000000e+00
-4.887240e-01 -3.202630e-02 0.000000e+00
-4.972090e-01 -2.409870e-02 0.000000e+00
-5.056950e-01 -1.617120e-02 0.000000e+00
-5.000570e-01 -3.218430e-02 0.000000e+00
-5.085420e-01 -2.425670e-02 0.000000e+00
-5.113900e-01 -3.234230e-02 0.000000e+00
-4.375000e-01 0.000000e+00 0.000000e+00
-4.453120e-01 0.000000e+00 0.000000e+00
-4.531250e-01 0.000000e+00 0.000000e+00
-4.609370e-01 0.000000e+00 0.000000e+00
-4.687500e-01 0.000000e+00 0.000000e+00
-4.446400e-01 -7.927560e-03 0.000000e+00
-4.524520e-01 -7.927560e-03 0.000000e+00
-4.602650e-01 -7.927560e-03 0.000000e+00
-4.680770e-01 -7.927560e-03 0.000000e+00
-4.517790e-01 -1.585510e-02 0.000000e+00
-4.595920e-01 -1.585510e-02 0.000000e+00
-4.674040e-01 -1.585510e-02 0.000000e+00
-4.589190e-01 -2.378270e-02 0.000000e+00
-4.667310e-01 -2.378270e-02 0.000000e+00
-4.660580e-01 -3.171020e-02 0.000000e+00
-4.062500e-01 3.494430e-02 0.000000e+00
-4.142910e-01 3.427350e-02 0.000000e+00
-4.223310e-01 3.360280e-02 0.000000e+00
-4.303720e-01 3.293200e-02 0.000000e+00
-4.384120e-01 3.226120e-02 0.000000e+00
-4.062500e-01 2.620820e-02 0.000000e+00
-4.142910e-01 2.553750e-02 0.000000e+00
-4.223310e-01 2.486670e-02 0.000000e+00
-4.303720e-01 2.419590e-02 0.000000e+00
-4.062500e-01 1.747220e-02 0.000000e+00
-4.142910e-01 1.680140e-02 0.000000e+00
-4.223310e-01 1.613060e-02 0.000000e+00
-4.062500e-01 8.736080e-03 0.000000e+00
-4.142910e-01 8.065300e-03 0.000000e+00
-4.062500e-01 0.000000e+00 0.000000e+00
-4.062500e-01 0.000000e+00 0.000000e+00
-4.137700e-01 -1.076620e-02 0.000000e+00
-4.212890e-01 -2.153240e-02 0.000000e+00
-4.288090e-01 -3.229860e-02 0.000000e+00
-4.363280e-01 -4.306480e-02 0.000000e+00
-4.055030e-01 -1.093390e-02 0.000000e+00
-4.130230e-01 -2.170010e-02 0.000000e+00
-4.205420e-01 -3.246630e-02 0.000000e+00
-4.280620e-01 -4.323250e-02 0.000000e+00
-4.047560e-01 -2.186780e-02 0.000000e+00
-4.122760e-01 -3.263400e-02 0.000000e+00
-4.197950e-01 -4.340020e-02 0.000000e+00
-4.040090e-01 -3.280160e-02 0.000000e+00
-4.115290e-01 -4.356780e-02 0.000000e+00
-4.032620e-01 -4.373550e-02 0.000000e+00
-4.062500e-01 0.000000e+00 0.000000e+00
-4.140620e-01 -3.469450e-18 0.000000e+00
-4.218750e-01 0.000000e+00 0.000000e+00
-4.296870e-01 0.000000e+00 0.000000e+00
-4.375000e-01 0.000000e+00 0.000000e+00
-4.137700e-01 -1.076620e-02 0.000000e+00
-4.215820e-01 -1.076620e-02 0.000000e+00
-4.293950e-01 -1.076620e-02 0.000000e+00
-4.372070e-01 -1.076620e-02 0.000000e+00
-4.212890e-01 -2.153240e-02 0.000000e+00
-4.291020e-01 -2.153240e-02 0.000000e+00
-4.369140e-01 -2.153240e-02 0.000000e+00
-4.288090e-01 -3.229860e-02 0.000000e+00
-4.366210e-01 -3.229860e-02 0.000000e+00
-4.363280e-01 -4.306480e-02 0.000000e+00
-3.703000e-01 -4.103560e-02 0.000000e+00
-3.636630e-01 -3.077670e-02 0.000000e+00
-3.570250e-01 -2.051780e-02 0.000000e+00
-3.503880e-01 -1.025890e-02 0.000000e+00
-3.437500e-01 0.000000e+00 0.000000e+00
-3.714750e-01 -3.077670e-02 0.000000e+00
-3.648380e-01 -2.051780e-02 0.000000e+00
-3.582000e-01 -1.025890e-02 0.000000e+00
-3.515620e-01 1.734720e-18 0.000000e+00
-3.726500e-01 -2.051780e-02 0.000000e+00
-3.660130e-01 -1.025890e-02 0.000000e+00
-3.593750e-01 0.000000e+00 0.000000e+00
-3.738250e-01 -1.025890e-02 0.000000e+00
-3.671870e-01 0.000000e+00 0.000000e+00
-3.750000e-01 0.000000e+00 0.000000e+00
-3.125000e-01 0.000000e+00 0.000000e+00
-3.046870e-01 0.000000e+00 0.000000e+00
-2.968750e-01 0.000000e+00 0.000000e+00
-2.890620e-01 0.000000e+00 0.000000e+00
-2.812500e-01 0.000000e+00 0.000000e+00
-3.085940e-01 8.577350e-03 0.000000e+00
-3.007810e-01 8.577350e-03 0.000000e+00
-2.929690e-01 8.577350e-03 0.000000e+00
-2.851560e-01 8.577350e-03 0.000000e+00
-3.046870e-01 1.715470e-02 0.000000e+00
-2.968750e-01 1.715470e-02 0.000000e+00
-2.890620e-01 1.715470e-02 0.000000e+00
-3.007810e-01 2.573210e-02 0.000000e+00
-2.929690e-01 2.573210e-02 0.000000e+00
-2.968750e-01 3.430940e-02 0.000000e+00
-3.437500e-01 0.000000e+00 0.000000e+00
-3.398440e-01 -9.804040e-03 0.000000e+00
-3.359370e-01 -1.960810e-02 0.000000e+00
-3.320310e-01 -2.941210e-02 0.000000e+00
-3.281250e-01 -3.921610e-02 0.000000e+00
-3.359370e-01 0.000000e+00 0.000000e+00
-3.320310e-01 -9.804040e-03 0.000000e+00
-3.281250e-01 -1.960810e-02 0.000000e+00
-3.242190e-01 -2.941210e-02 0.000000e+00
-3.281250e-01 0.000000e+00 0.000000e+00
-3.242190e-01 -9.804040e-03 0.000000e+00
-3.203120e-01 -1.960810e-02 0.000000e+00
-3.203120e-01 0.000000e+00 0.000000e+00
-3.164060e-01 -9.804040e-03 0.000000e+00
-3.125000e-01 0.000000e+00 0.000000e+00
-3.703000e-01 -4.103560e-02 0.000000e+00
-3.597560e-01 -4.058070e-02 0.000000e+00
-3.492130e-01 -4.012590e-02 0.000000e+00
-3.386690e-01 -3.967100e-02 0.000000e+00
-3.281250e-01 -3.921610e-02 0.000000e+00
-3.636630e-01 -3.077670e-02 0.000000e+00
-3.531190e-01 -3.032180e-02 0.000000e+00
-3.425750e-01 -2.986700e-02 0.000000e+00
-3.320310e-01 -2.941210e-02 0.000000e+00
-3.570250e-01 -2.051780e-02 0.000000e+00
-3.464810e-01 -2.006290e-02 0.000000e+00
-3.359370e-01 -1.960810e-02 0.000000e+00
-3.503880e-01 -1.025890e-02 0.000000e+00
-3.398440e-01 -9.804040e-03 0.000000e+00
-3.437500e-01 0.000000e+00 0.000000e+00
-3.125000e-01 0.000000e+00 0.000000e+00
-3.164060e-01 1.384940e-02 0.000000e+00
-3.203120e-01 2.769880e-02 0.000000e+00
-3.242190e-01 4.154820e-02 0.000000e+00
-3.281250e-01 5.539760e-02 0.000000e+00
-3.203120e-01 0.000000e+00 0.000000e+00
-3.242190e-01 1.384940e-02 0.000000e+00
-3.281250e-01 2.769880e-02 0.000000e+00
-3.320310e-01 4.154820e-02 0.000000e+00
-3.281250e-01 0.000000e+00 0.000000e+00
-3.320310e-01 1.384940e-02 0.000000e+00
-3.359370e-01 2.769880e-02 0.000000e+00
-3.359370e-01 -3.469450e-18 0.000000e+00
-3.398440e-01 1.384940e-02 0.000000e+00
-3.437500e-01 0.000000e+00 0.000000e+00
-2.812500e-01 0.000000e+00 0.000000e+00
-2.890620e-01 -1.734720e-18 0.000000e+00
-2.968750e-01 0.000000e+00 0.000000e+00
-3.046870e-01 0.000000e+00 0.000000e+00
-3.125000e-01 0.000000e+00 0.000000e+00
-2.812500e-01 -8.792960e-03 0.000000e+00
-2.890620e-01 -8.792960e-03 0.000000e+00
-2.968750e-01 -8.792960e-03 0.000000e+00
-3.046870e-01 -8.792960e-03 0.000000e+00
-2.812500e-01 -1.758590e-02 0.000000e+00
-2.890620e-01 -1.758590e-02 0.000000e+00
-2.968750e-01 -1.758590e-02 0.000000e+00
-2.812500e-01 -2.637890e-02 0.000000e+00
-2.890620e-01 -2.637890e-02 0.000000e+00
-2.812500e-01 -3.517190e-02 0.000000e+00
-4.062500e-01 3.494430e-02 0.000000e+00
-3.984370e-01 2.620820e-02 0.000000e+00
-3.906250e-01 1.747220e-02 0.000000e+00
-3.828120e-01 8.736080e-03 0.000000e+00
-3.750000e-01 0.000000e+00 0.000000e+00
-3.945310e-01 3.478560e-02 0.000000e+00
-3.867190e-01 2.604950e-02 0.000000e+00
-3.789060e-01 1.731340e-02 0.000000e+00
-3.710940e-01 8.577350e-03 0.000000e+00
-3.828120e-01 3.462690e-02 0.000000e+00
-3.750000e-01 2.589080e-02 0.000000e+00
-3.671870e-01 1.715470e-02 0.000000e+00
-3.710940e-01 3.446810e-02 0.000000e+00
-3.632810e-01 2.573210e-02 0.000000e+00
-3.593750e-01 3.430940e-02 0.000000e+00
-3.281250e-01 5.539760e-02 0.000000e+00
-3.242190e-01 4.154820e-02 0.000000e+00
-3.203120e-01 2.769880e-02 0.000000e+00
-3.164060e-01 1.384940e-02 0.000000e+00
-3.125000e-01 0.000000e+00 0.000000e+00
-3.203120e-01 5.012560e-02 0.000000e+00
-3.164060e-01 3.627620e-02 0.000000e+00
-3.125000e-01 2.242680e-02 0.000000e+00
-3.085940e-01 8.577350e-03 0.000000e+00
-3.125000e-01 4.485350e-02 0.000000e+00
-3.085940e-01 3.100410e-02 0.000000e+00
-3.046870e-01 1.715470e-02 0.000000e+00
-3.046870e-01 3.958150e-02 0.000000e+00
-3.007810e-01 2.573210e-02 0.000000e+00
-2.968750e-01 3.430940e-02 0.000000e+00
-8.958020e-01 3.498200e-01 0.000000e+00
-9.072380e-01 3.465870e-01 0.000000e+00
-9.186730e-01 3.433550e-01 0.000000e+00
-9.301090e-01 3.401220e-01 0.000000e+00
-9.415440e-01 3.368900e-01 0.000000e+00
-8.982430e-01 3.400030e-01 0.000000e+00
-9.096780e-01 3.367700e-01 0.000000e+00
-9.211140e-01 3.335380e-01 0.000000e+00
-9.325490e-01 3.303050e-01 0.000000e+00
-9.006840e-01 3.301860e-01 0.000000e+00
-9.121190e-01 3.269530e-01 0.000000e+00
-9.235550e-01 3.237200e-01 0.000000e+00
-9.031240e-01 3.203680e-01 0.000000e+00
-9.145600e-01 3.171360e-01 0.000000e+00
-9.055650e-01 3.105510e-01 0.000000e+00
-9.080290e-01 2.736900e-01 0.000000e+00
-9.074130e-01 2.829050e-01 0.000000e+00
-9.067970e-01 2.921200e-01 0.000000e+00
-9.061810e-01 3.013360e-01 0.000000e+00
-9.055650e-01 3.105510e-01 0.000000e+00
-9.202570e-01 2.778390e-01 0.000000e+00
-9.196410e-01 2.870540e-01 0.000000e+00
-9.190250e-01 2.962690e-01 0.000000e+00
-9.184090e-01 3.054850e-01 0.000000e+00
-9.324850e-01 2.819870e-01 0.000000e+00
-9.318690e-01 2.912030e-01 0.000000e+00
-9.312530e-01 3.004180e-01 0.000000e+00
-9.447120e-01 2.861360e-01 0.000000e+00
-9.440960e-01 2.953510e-01 0.000000e+00
-9.569400e-01 2.902850e-01 0.000000e+00
-9.395320e-01 -1.620200e-01 0.000000e+00
-9.498450e-01 -1.702880e-01 0.000000e+00
-9.601580e-01 -1.785550e-01 0.000000e+00
-9.704720e-01 -1.868230e-01 0.000000e+00
-9.807850e-01 -1.950900e-01 0.000000e+00
-9.331230e-01 -1.669180e-01 0.000000e+00
-9.434370e-01 -1.751850e-01 0.000000e+00
-9.537500e-01 -1.834530e-01 0.000000e+00
-9.640630e-01 -1.917200e-01 0.000000e+00
-9.267150e-01 -1.718160e-01 0.000000e+00
-9.370280e-01 -1.800830e-01 0.000000e+00
-9.473410e-01 -1.883510e-01 0.000000e+00
-9.203060e-01 -1.767130e-01 0.000000e+00
-9.306190e-01 -1.849810e-01 0.000000e+00
-9.138980e-01 -1.816110e-01 0.000000e+00
-9.415440e-01 -3.368900e-01 0.000000e+00
-9.373390e-01 -3.484190e-01 0.000000e+00
-9.329930e-01 -3.598950e-01 0.000000e+00
-9.285060e-01 -3.713170e-01 0.000000e+00
-9.238800e-01 -3.826830e-01 0.000000e+00
-9.335350e-01 -3.414080e-01 0.000000e+00
-9.292600e-01 -3.529100e-01 0.000000e+00
-9.248430e-01 -3.643590e-01 0.000000e+00
-9.202870e-01 -3.757530e-01 0.000000e+00
-9.255260e-01 -3.459250e-01 0.000000e+00
-9.211800e-01 -3.574010e-01 0.000000e+00
-9.166940e-01 -3.688220e-01 0.000000e+00
-9.175170e-01 -3.504430e-01 0.000000e+00
-9.131010e-01 -3.618910e-01 0.000000e+00
-9.095080e-01 -3.549610e-01 0.000000e+00
-8.917370e-01 -3.817600e-01 0.000000e+00
-8.997730e-01 -3.819910e-01 0.000000e+00
-9.078080e-01 -3.822220e-01 0.000000e+00
-9.158440e-01 -3.824520e-01 0.000000e+00
-9.238800e-01 -3.826830e-01 0.000000e+00
-8.948000e-01 -3.932080e-01 0.000000e+00
-9.029050e-01 -3.934700e-01 0.000000e+00
-9.110090e-01 -3.937310e-01 0.000000e+00
-9.191140e-01 -3.939920e-01 0.000000e+00
-8.978630e-01 -4.046570e-01 0.000000e+00
-9.060360e-01 -4.049500e-01 0.000000e+00
-9.142100e-01 -4.052410e-01 0.000000e+00
-9.009260e-01 -4.161060e-01 0.000000e+00
-9.091680e-01 -4.164300e-01 0.000000e+00
-9.039890e-01 -4.275550e-01 0.000000e+00
-9.014280e-01 -2.982790e-01 0.000000e+00
-9.153060e-01 -2.962810e-01 0.000000e+00
-9.291840e-01 -2.942820e-01 0.000000e+00
-9.430620e-01 -2.922830e-01 0.000000e+00
-9.569400e-01 -2.902850e-01 0.000000e+00
-9.114570e-01 -3.079320e-01 0.000000e+00
-9.254060e-01 -3.059570e-01 0.000000e+00
-9.393560e-01 -3.039820e-01 0.000000e+00
-9.533060e-01 -3.020060e-01 0.000000e+00
-9.214860e-01 -3.175850e-01 0.000000e+00
-9.355070e-01 -3.156330e-01 0.000000e+00
-9.495280e-01 -3.136820e-01 0.000000e+00
-9.315150e-01 -3.272370e-01 0.000000e+00
-9.456070e-01 -3.253100e-01 0.000000e+00
-9.415440e-01 -3.368900e-01 0.000000e+00
-8.817190e-01 -3.219170e-01 0.000000e+00
-8.966750e-01 -3.256600e-01 0.000000e+00
-9.116320e-01 -3.294030e-01 0.000000e+00
-9.265880e-01 -3.331470e-01 0.000000e+00
-9.415440e-01 -3.368900e-01 0.000000e+00
-8.886660e-01 -3.301780e-01 0.000000e+00
-9.036230e-01 -3.339210e-01 0.000000e+00
-9.185790e-01 -3.376640e-01 0.000000e+00
-9.335350e-01 -3.414080e-01 0.000000e+00
-8.956140e-01 -3.384390e-01 0.000000e+00
-9.105700e-01 -3.421820e-01 0.000000e+00
-9.255260e-01 -3.459250e-01 0.000000e+00
-9.025610e-01 -3.467000e-01 0.000000e+00
-9.175170e-01 -3.504430e-01 0.000000e+00
-9.095080e-01 -3.549610e-01 0.000000e+00
-8.917370e-01 -3.817600e-01 0.000000e+00
-8.961800e-01 -3.750600e-01 0.000000e+00
-9.006230e-01 -3.683600e-01 0.000000e+00
-9.050650e-01 -3.616600e-01 0.000000e+00
-9.095080e-01 -3.549610e-01 0.000000e+00
-8.997730e-01 -3.819910e-01 0.000000e+00
-9.042160e-01 -3.752910e-01 0.000000e+00
-9.086580e-01 -3.685910e-01 0.000000e+00
-9.131010e-01 -3.618910e-01 0.000000e+00
-9.078080e-01 -3.822220e-01 0.000000e+00
-9.122510e-01 -3.755220e-01 0.000000e+00
-9.166940e-01 -3.688220e-01 0.000000e+00
-9.158440e-01 -3.824520e-01 0.000000e+00
-9.202870e-01 -3.757530e-01 0.000000e+00
-9.238800e-01 -3.826830e-01 0.000000e+00
-9.014280e-01 -2.982790e-01 0.000000e+00
-9.114570e-01 -3.079320e-01 0.000000e+00
-9.214860e-01 -3.175850e-01 0.000000e+00
-9.315150e-01 -3.272370e-01 0.000000e+00
-9.415440e-01 -3.368900e-01 0.000000e+00
-8.965010e-01 -3.041890e-01 0.000000e+00
-9.065300e-01 -3.138410e-01 0.000000e+00
-9.165590e-01 -3.234940e-01 0.000000e+00
-9.265880e-01 -3.331470e-01 0.000000e+00
-8.915730e-01 -3.100980e-01 0.000000e+00
-9.016030e-01 -3.197510e-01 0.000000e+00
-9.116320e-01 -3.294030e-01 0.000000e+00
-8.866460e-01 -3.160070e-01 0.000000e+00
-8.966750e-01 -3.256600e-01 0.000000e+00
-8.817190e-01 -3.219170e-01 0.000000e+00
-2.812500e-01 -3.517190e-02 0.000000e+00
-2.736840e-01 -3.402710e-02 0.000000e+00
-2.661180e-01 -3.288230e-02 0.000000e+00
-2.585520e-01 -3.173750e-02 0.000000e+00
-2.509860e-01 -3.059280e-02 0.000000e+00
-2.812500e-01 -2.637890e-02 0.000000e+00
-2.736840e-01 -2.523410e-02 0.000000e+00
-2.661180e-01 -2.408930e-02 0.000000e+00
-2.585520e-01 -2.294460e-02 0.000000e+00
-2.812500e-01 -1.758590e-02 0.000000e+00
-2.736840e-01 -1.644120e-02 0.000000e+00
-2.661180e-01 -1.529640e-02 0.000000e+00
-2.812500e-01 -8.792960e-03 0.000000e+00
-2.736840e-01 -7.648190e-03 0.000000e+00
-2.812500e-01 0.000000e+00 0.000000e+00
-2.486880e-01 3.027230e-02 0.000000e+00
-2.568290e-01 2.270420e-02 0.000000e+00
-2.649690e-01 1.513610e-02 0.000000e+00
-2.731100e-01 7.568070e-03 0.000000e+00
-2.812500e-01 0.000000e+00 0.000000e+00
-2.490160e-01 2.270420e-02 0.000000e+00
-2.571570e-01 1.513610e-02 0.000000e+00
-2.652970e-01 7.568070e-03 0.000000e+00
-2.734370e-01 -8.673620e-19 0.000000e+00
-2.493440e-01 1.513610e-02 0.000000e+00
-2.574850e-01 7.568070e-03 0.000000e+00
-2.656250e-01 0.000000e+00 0.000000e+00
-2.496720e-01 7.568070e-03 0.000000e+00
-2.578120e-01 0.000000e+00 0.000000e+00
-2.500000e-01 0.000000e+00 0.000000e+00
-1.875000e-01 0.000000e+00 0.000000e+00
-1.835940e-01 8.577350e-03 0.000000e+00
-1.796870e-01 1.715470e-02 0.000000e+00
-1.757810e-01 2.573210e-02 0.000000e+00
-1.718750e-01 3.430940e-02 0.000000e+00
-1.953120e-01 8.736080e-03 0.000000e+00
-1.914060e-01 1.731340e-02 0.000000e+00
-1.875000e-01 2.589080e-02 0.000000e+00
-1.835940e-01 3.446810e-02 0.000000e+00
-2.031250e-01 1.747220e-02 0.000000e+00
-1.992190e-01 2.604950e-02 0.000000e+00
-1.953120e-01 3.462690e-02 0.000000e+00
-2.109370e-01 2.620820e-02 0.000000e+00
-2.070310e-01 3.478560e-02 0.000000e+00
-2.187500e-01 3.494430e-02 0.000000e+00
-2.812500e-01 0.000000e+00 0.000000e+00
-2.731100e-01 7.568070e-03 0.000000e+00
-2.649690e-01 1.513610e-02 0.000000e+00
-2.568290e-01 2.270420e-02 0.000000e+00
-2.486880e-01 3.027230e-02 0.000000e+00
-2.851560e-01 8.577350e-03 0.000000e+00
-2.770160e-01 1.614540e-02 0.000000e+00
-2.688750e-01 2.371350e-02 0.000000e+00
-2.607350e-01 3.128160e-02 0.000000e+00
-2.890620e-01 1.715470e-02 0.000000e+00
-2.809220e-01 2.472280e-02 0.000000e+00
-2.727820e-01 3.229090e-02 0.000000e+00
-2.929690e-01 2.573210e-02 0.000000e+00
-2.848280e-01 3.330010e-02 0.000000e+00
-2.968750e-01 3.430940e-02 0.000000e+00
-3.750000e-01 0.000000e+00 0.000000e+00
-3.820660e-01 -1.093390e-02 0.000000e+00
-3.891310e-01 -2.186780e-02 0.000000e+00
-3.961970e-01 -3.280160e-02 0.000000e+00
-4.032620e-01 -4.373550e-02 0.000000e+00
-3.738250e-01 -1.025890e-02 0.000000e+00
-3.808910e-01 -2.119280e-02 0.000000e+00
-3.879560e-01 -3.212660e-02 0.000000e+00
-3.950220e-01 -4.306050e-02 0.000000e+00
-3.726500e-01 -2.051780e-02 0.000000e+00
-3.797160e-01 -3.145170e-02 0.000000e+00
-3.867810e-01 -4.238550e-02 0.000000e+00
-3.714750e-01 -3.077670e-02 0.000000e+00
-3.785410e-01 -4.171060e-02 0.000000e+00
-3.703000e-01 -4.103560e-02 0.000000e+00
-4.901870e-01 5.033680e-02 0.000000e+00
-4.996660e-01 4.757430e-02 0.000000e+00
-5.091450e-01 4.481190e-02 0.000000e+00
-5.186240e-01 4.204940e-02 0.000000e+00
-5.281030e-01 3.928700e-02 0.000000e+00
-4.926400e-01 3.775260e-02 0.000000e+00
-5.021190e-01 3.499010e-02 0.000000e+00
-5.115980e-01 3.222770e-02 0.000000e+00
-5.210770e-01 2.946520e-02 0.000000e+00
-4.950940e-01 2.516840e-02 0.000000e+00
-5.045720e-01 2.240590e-02 0.000000e+00
-5.140510e-01 1.964350e-02 0.000000e+00
-4.975470e-01 1.258420e-02 0.000000e+00
-5.070260e-01 9.821740e-03 0.000000e+00
-5.000000e-01 0.000000e+00 0.000000e+00
-4.682660e-01 2.993950e-02 0.000000e+00
-4.605740e-01 2.245460e-02 0.000000e+00
-4.528830e-01 1.496970e-02 0.000000e+00
-4.451910e-01 7.484860e-03 0.000000e+00
-4.375000e-01 0.000000e+00 0.000000e+00
-4.608020e-01 3.051990e-02 0.000000e+00
-4.531110e-01 2.303500e-02 0.000000e+00
-4.454190e-01 1.555020e-02 0.000000e+00
-4.377280e-01 8.065300e-03 0.000000e+00
-4.533390e-01 3.110030e-02 0.000000e+00
-4.456480e-01 2.361550e-02 0.000000e+00
-4.379560e-01 1.613060e-02 0.000000e+00
-4.458760e-01 3.168080e-02 0.000000e+00
-4.381840e-01 2.419590e-02 0.000000e+00
-4.384120e-01 3.226120e-02 0.000000e+00
-5.000000e-01 0.000000e+00 0.000000e+00
-4.915150e-01 -7.927560e-03 0.000000e+00
-4.830290e-01 -1.585510e-02 0.000000e+00
-4.745440e-01 -2.378270e-02 0.000000e+00
-4.660580e-01 -3.171020e-02 0.000000e+00
-4.921870e-01 0.000000e+00 0.000000e+00
-4.837020e-01 -7.927560e-03 0.000000e+00
-4.752170e-01 -1.585510e-02 0.000000e+00
-4.667310e-01 -2.378270e-02 0.000000e+00
-4.843750e-01 0.000000e+00 0.000000e+00
-4.758900e-01 -7.927560e-03 0.000000e+00
-4.674040e-01 -1.585510e-02 0.000000e+00
-4.765620e-01 0.000000e+00 0.000000e+00
-4.680770e-01 -7.927560e-03 0.000000e+00
-4.687500e-01 0.000000e+00 0.000000e+00
-4.363280e-01 -4.306480e-02 0.000000e+00
-4.366210e-01 -3.229860e-02 0.000000e+00
-4.369140e-01 -2.153240e-02 0.000000e+00
-4.372070e-01 -1.076620e-02 0.000000e+00
-4.375000e-01 0.000000e+00 0.000000e+00
-4.437610e-01 -4.022620e-02 0.000000e+00
-4.440540e-01 -2.946000e-02 0.000000e+00
-4.443470e-01 -1.869380e-02 0.000000e+00
-4.446400e-01 -7.927560e-03 0.000000e+00
-4.511930e-01 -3.738750e-02 0.000000e+00
-4.514860e-01 -2.662130e-02 0.000000e+00
-4.517790e-01 -1.585510e-02 0.000000e+00
-4.586260e-01 -3.454890e-02 0.000000e+00
-4.589190e-01 -2.378270e-02 0.000000e+00
-4.660580e-01 -3.171020e-02 0.000000e+00
-1.562500e-01 0.000000e+00 0.000000e+00
-1.481100e-01 7.568070e-03 0.000000e+00
-1.399690e-01 1.513610e-02 0.000000e+00
-1.318290e-01 2.270420e-02 0.000000e+00
-1.236880e-01 3.027230e-02 0.000000e+00
-1.601560e-01 8.577350e-03 0.000000e+00
-1.520160e-01 1.614540e-02 0.000000e+00
-1.438750e-01 2.371350e-02 0.000000e+00
-1.357350e-01 3.128160e-02 0.000000e+00
-1.640620e-01 1.715470e-02 0.000000e+00
-1.559220e-01 2.472280e-02 0.000000e+00
-1.477820e-01 3.229090e-02 0.000000e+00
-1.679690e-01 2.573210e-02 0.000000e+00
-1.598280e-01 3.330010e-02 0.000000e+00
-1.718750e-01 3.430940e-02 0.000000e+00
-9.700310e-01 2.429800e-01 0.000000e+00
-9.606120e-01 2.348150e-01 0.000000e+00
-9.511920e-01 2.266500e-01 0.000000e+00
-9.417730e-01 2.184860e-01 0.000000e+00
-9.323540e-01 2.103210e-01 0.000000e+00
-9.575100e-01 2.430370e-01 0.000000e+00
-9.480900e-01 2.348720e-01 0.000000e+00
-9.386710e-01 2.267070e-01 0.000000e+00
-9.292520e-01 2.185430e-01 0.000000e+00
-9.449880e-01 2.430940e-01 0.000000e+00
-9.355690e-01 2.349290e-01 0.000000e+00
-9.261500e-01 2.267640e-01 0.000000e+00
-9.324670e-01 2.431510e-01 0.000000e+00
-9.230480e-01 2.349860e-01 0.000000e+00
-9.199460e-01 2.432080e-01 0.000000e+00
-9.199460e-01 2.432080e-01 0.000000e+00
-9.291940e-01 2.549770e-01 0.000000e+00
-9.384430e-01 2.667460e-01 0.000000e+00
-9.476920e-01 2.785160e-01 0.000000e+00
-9.569400e-01 2.902850e-01 0.000000e+00
-9.324670e-01 2.431510e-01 0.000000e+00
-9.417880e-01 2.549400e-01 0.000000e+00
-9.511090e-01 2.667300e-01 0.000000e+00
-9.604310e-01 2.785200e-01 0.000000e+00
-9.449880e-01 2.430940e-01 0.000000e+00
-9.543820e-01 2.549030e-01 0.000000e+00
-9.637760e-01 2.667130e-01 0.000000e+00
-9.575100e-01 2.430370e-01 0.000000e+00
-9.669760e-01 2.548660e-01 0.000000e+00
-9.700310e-01 2.429800e-01 0.000000e+00
-9.415440e-01 3.368900e-01 0.000000e+00
-9.456070e-01 3.253100e-01 0.000000e+00
-9.495280e-01 3.136820e-01 0.000000e+00
-9.533060e-01 3.020060e-01 0.000000e+00
-9.569400e-01 2.902850e-01 0.000000e+00
-9.325490e-01 3.303050e-01 0.000000e+00
-9.365410e-01 3.187010e-01 0.000000e+00
-9.403910e-01 3.070500e-01 0.000000e+00
-9.440960e-01 2.953510e-01 0.000000e+00
-9.235550e-01 3.237200e-01 0.000000e+00
-9.274750e-01 3.120930e-01 0.000000e+00
-9.312530e-01 3.004180e-01 0.000000e+00
-9.145600e-01 3.171360e-01 0.000000e+00
-9.184090e-01 3.054850e-01 0.000000e+00
-9.055650e-01 3.105510e-01 0.000000e+00
-9.039890e-01 4.275550e-01 0.000000e+00
-9.091680e-01 4.164300e-01 0.000000e+00
-9.142100e-01 4.052410e-01 0.000000e+00
-9.191140e-01 3.939920e-01 0.000000e+00
-9.238800e-01 3.826830e-01 0.000000e+00
-9.004330e-01 4.165180e-01 0.000000e+00
-9.055430e-01 4.053610e-01 0.000000e+00
-9.105160e-01 3.941420e-01 0.000000e+00
-9.153510e-01 3.828640e-01 0.000000e+00
-8.968770e-01 4.054800e-01 0.000000e+00
-9.019180e-01 3.942930e-01 0.000000e+00
-9.068220e-01 3.830440e-01 0.000000e+00
-8.933200e-01 3.944420e-01 0.000000e+00
-8.982930e-01 3.832240e-01 0.000000e+00
-8.897640e-01 3.834050e-01 0.000000e+00
-8.958020e-01 3.498200e-01 0.000000e+00
-9.028210e-01 3.580360e-01 0.000000e+00
-9.098410e-01 3.662520e-01 0.000000e+00
-9.168600e-01 3.744680e-01 0.000000e+00
-9.238800e-01 3.826830e-01 0.000000e+00
-9.072380e-01 3.465870e-01 0.000000e+00
-9.143270e-01 3.548300e-01 0.000000e+00
-9.214170e-01 3.630740e-01 0.000000e+00
-9.285060e-01 3.713170e-01 0.000000e+00
-9.186730e-01 3.433550e-01 0.000000e+00
-9.258330e-01 3.516250e-01 0.000000e+00
-9.329930e-01 3.598950e-01 0.000000e+00
-9.301090e-01 3.401220e-01 0.000000e+00
-9.373390e-01 3.484190e-01 0.000000e+00
-9.415440e-01 3.368900e-01 0.000000e+00
-9.080290e-01 2.736900e-01 0.000000e+00
-9.202570e-01 2.778390e-01 0.000000e+00
-9.324850e-01 2.819870e-01 0.000000e+00
-9.447120e-01 2.861360e-01 0.000000e+00
-9.569400e-01 2.902850e-01 0.000000e+00
-9.110080e-01 2.660690e-01 0.000000e+00
-9.232360e-01 2.702180e-01 0.000000e+00
-9.354640e-01 2.743670e-01 0.000000e+00
-9.476920e-01 2.785160e-01 0.000000e+00
-9.139870e-01 2.584490e-01 0.000000e+00
-9.262150e-01 2.625980e-01 0.000000e+00
-9.384430e-01 2.667460e-01 0.000000e+00
-9.169660e-01 2.508290e-01 0.000000e+00
-9.291940e-01 2.549770e-01 0.000000e+00
-9.199460e-01 2.432080e-01 0.000000e+00
-9.323540e-01 2.103210e-01 0.000000e+00
-9.417730e-01 2.184860e-01 0.000000e+00
-9.511920e-01 2.266500e-01 0.000000e+00
-9.606120e-01 2.348150e-01 0.000000e+00
-9.700310e-01 2.429800e-01 0.000000e+00
-9.444620e-01 2.065130e-01 0.000000e+00
-9.539540e-01 2.146940e-01 0.000000e+00
-9.634470e-01 2.228760e-01 0.000000e+00
-9.729400e-01 2.310580e-01 0.000000e+00
-9.565690e-01 2.027060e-01 0.000000e+00
-9.661360e-01 2.109030e-01 0.000000e+00
-9.757020e-01 2.191010e-01 0.000000e+00
-9.686770e-01 1.988980e-01 0.000000e+00
-9.783170e-01 2.071110e-01 0.000000e+00
-9.807850e-01 1.950900e-01 0.000000e+00
-9.807850e-01 1.950900e-01 0.000000e+00
-9.690520e-01 1.886240e-01 0.000000e+00
-9.573190e-01 1.821570e-01 0.000000e+00
-9.455860e-01 1.756900e-01 0.000000e+00
-9.338530e-01 1.692230e-01 0.000000e+00
-9.686770e-01 1.988980e-01 0.000000e+00
-9.569440e-01 1.924310e-01 0.000000e+00
-9.452110e-01 1.859640e-01 0.000000e+00
-9.334780e-01 1.794980e-01 0.000000e+00
-9.565690e-01 2.027060e-01 0.000000e+00
-9.448360e-01 1.962390e-01 0.000000e+00
-9.331030e-01 1.897720e-01 0.000000e+00
-9.444620e-01 2.065130e-01 0.000000e+00
-9.327280e-01 2.000460e-01 0.000000e+00
-9.323540e-01 2.103210e-01 0.000000e+00
-8.646220e-01 4.310760e-01 0.000000e+00
-8.689470e-01 4.411560e-01 0.000000e+00
-8.732710e-01 4.512360e-01 0.000000e+00
-8.775960e-01 4.613170e-01 0.000000e+00
-8.819210e-01 4.713970e-01 0.000000e+00
-8.744640e-01 4.301960e-01 0.000000e+00
-8.788560e-01 4.403100e-01 0.000000e+00
-8.832480e-01 4.504240e-01 0.000000e+00
-8.876400e-01 4.605390e-01 0.000000e+00
-8.843060e-01 4.293160e-01 0.000000e+00
-8.887650e-01 4.394630e-01 0.000000e+00
-8.932240e-01 4.496110e-01 0.000000e+00
-8.941470e-01 4.284350e-01 0.000000e+00
-8.986740e-01 4.386160e-01 0.000000e+00
-9.039890e-01 4.275550e-01 0.000000e+00
-9.238800e-01 3.826830e-01 0.000000e+00
-9.168600e-01 3.744680e-01 0.000000e+00
-9.098410e-01 3.662520e-01 0.000000e+00
-9.028210e-01 3.580360e-01 0.000000e+00
-8.958020e-01 3.498200e-01 0.000000e+00
-9.153510e-01 3.828640e-01 0.000000e+00
-9.083310e-01 3.746480e-01 0.000000e+00
-9.013120e-01 3.664320e-01 0.000000e+00
-8.942930e-01 3.582160e-01 0.000000e+00
-9.068220e-01 3.830440e-01 0.000000e+00
-8.998020e-01 3.748280e-01 0.000000e+00
-8.927830e-01 3.666120e-01 0.000000e+00
-8.982930e-01 3.832240e-01 0.000000e+00
-8.912730e-01 3.750090e-01 0.000000e+00
-8.897640e-01 3.834050e-01 0.000000e+00
-8.324370e-01 4.528070e-01 0.000000e+00
-8.448080e-01 4.574550e-01 0.000000e+00
-8.571790e-01 4.621020e-01 0.000000e+00
-8.695500e-01 4.667490e-01 0.000000e+00
-8.819210e-01 4.713970e-01 0.000000e+00
-8.404830e-01 4.473750e-01 0.000000e+00
-8.528540e-01 4.520220e-01 0.000000e+00
-8.652250e-01 4.566690e-01 0.000000e+00
-8.775960e-01 4.613170e-01 0.000000e+00
-8.485290e-01 4.419420e-01 0.000000e+00
-8.609000e-01 4.465890e-01 0.000000e+00
-8.732710e-01 4.512360e-01 0.000000e+00
-8.565760e-01 4.365090e-01 0.000000e+00
-8.689470e-01 4.411560e-01 0.000000e+00
-8.646220e-01 4.310760e-01 0.000000e+00
-8.591280e-01 3.984320e-01 0.000000e+00
-8.703430e-01 4.057130e-01 0.000000e+00
-8.815580e-01 4.129940e-01 0.000000e+00
-8.927740e-01 4.202740e-01 0.000000e+00
-9.039890e-01 4.275550e-01 0.000000e+00
-8.667870e-01 3.946750e-01 0.000000e+00
-8.780020e-01 4.019560e-01 0.000000e+00
-8.892180e-01 4.092370e-01 0.000000e+00
-9.004330e-01 4.165180e-01 0.000000e+00
-8.744460e-01 3.909190e-01 0.000000e+00
-8.856610e-01 3.981990e-01 0.000000e+00
-8.968770e-01 4.054800e-01 0.000000e+00
-8.821050e-01 3.871620e-01 0.000000e+00
-8.933200e-01 3.944420e-01 0.000000e+00
-8.897640e-01 3.834050e-01 0.000000e+00
-8.819210e-01 4.713970e-01 0.000000e+00
-8.695500e-01 4.667490e-01 0.000000e+00
-8.571790e-01 4.621020e-01 0.000000e+00
-8.448080e-01 4.574550e-01 0.000000e+00
-8.324370e-01 4.528070e-01 0.000000e+00
-8.760700e-01 4.821840e-01 0.000000e+00
-8.636330e-01 4.775000e-01 0.000000e+00
-8.511970e-01 4.728160e-01 0.000000e+00
-8.387600e-01 4.681310e-01 0.000000e+00
-8.700870e-01 4.928980e-01 0.000000e+00
-8.575850e-01 4.881770e-01 0.000000e+00
-8.450830e-01 4.834550e-01 0.000000e+00
-8.639730e-01 5.035380e-01 0.000000e+00
-8.514060e-01 4.987790e-01 0.000000e+00
-8.577290e-01 5.141030e-01 0.000000e+00
-8.917370e-01 -3.817600e-01 0.000000e+00
-8.948000e-01 -3.932080e-01 0.000000e+00
-8.978630e-01 -4.046570e-01 0.000000e+00
-9.009260e-01 -4.161060e-01 0.000000e+00
-9.039890e-01 -4.275550e-01 0.000000e+00
-8.861740e-01 -3.876980e-01 0.000000e+00
-8.892370e-01 -3.991470e-01 0.000000e+00
-8.923000e-01 -4.105950e-01 0.000000e+00
-8.953630e-01 -4.220440e-01 0.000000e+00
-8.806100e-01 -3.936360e-01 0.000000e+00
-8.836730e-01 -4.050850e-01 0.000000e+00
-8.867360e-01 -4.165340e-01 0.000000e+00
-8.750470e-01 -3.995740e-01 0.000000e+00
-8.781100e-01 -4.110230e-01 0.000000e+00
-8.694830e-01 -4.055120e-01 0.000000e+00
-9.039890e-01 -4.275550e-01 0.000000e+00
-8.986740e-01 -4.386160e-01 0.000000e+00
-8.932240e-01 -4.496110e-01 0.000000e+00
-8.876400e-01 -4.605390e-01 0.000000e+00
-8.819210e-01 -4.713970e-01 0.000000e+00
-8.926930e-01 -4.293380e-01 0.000000e+00
-8.873110e-01 -4.403660e-01 0.000000e+00
-8.817940e-01 -4.513270e-01 0.000000e+00
-8.761420e-01 -4.622200e-01 0.000000e+00
-8.813970e-01 -4.311220e-01 0.000000e+00
-8.759470e-01 -4.421160e-01 0.000000e+00
-8.703630e-01 -4.530420e-01 0.000000e+00
-8.701010e-01 -4.329050e-01 0.000000e+00
-8.645840e-01 -4.438650e-01 0.000000e+00
-8.588050e-01 -4.346880e-01 0.000000e+00
-4.901870e-01 5.033680e-02 0.000000e+00
-4.926400e-01 3.775260e-02 0.000000e+00
-4.950940e-01 2.516840e-02 0.000000e+00
-4.975470e-01 1.258420e-02 0.000000e+00
-5.000000e-01 0.000000e+00 0.000000e+00
-4.847070e-01 4.523740e-02 0.000000e+00
-4.871600e-01 3.265320e-02 0.000000e+00
-4.896130e-01 2.006910e-02 0.000000e+00
-4.920660e-01 7.484860e-03 0.000000e+00
-4.792260e-01 4.013810e-02 0.000000e+00
-4.816800e-01 2.755390e-02 0.000000e+00
-4.841330e-01 1.496970e-02 0.000000e+00
-4.737460e-01 3.503880e-02 0.000000e+00
-4.761990e-01 2.245460e-02 0.000000e+00
-4.682660e-01 2.993950e-02 0.000000e+00
-1.887540e-01 -4.251050e-02 0.000000e+00
-1.884410e-01 -3.188290e-02 0.000000e+00
-1.881270e-01 -2.125520e-02 0.000000e+00
-1.878140e-01 -1.062760e-02 0.000000e+00
-1.875000e-01 0.000000e+00 0.000000e+00
-1.959680e-01 -3.964130e-02 0.000000e+00
-1.956550e-01 -2.901370e-02 0.000000e+00
-1.953410e-01 -1.838610e-02 0.000000e+00
-1.950280e-01 -7.758470e-03 0.000000e+00
-2.031820e-01 -3.677220e-02 0.000000e+00
-2.028690e-01 -2.614460e-02 0.000000e+00
-2.025550e-01 -1.551690e-02 0.000000e+00
-2.103960e-01 -3.390300e-02 0.000000e+00
-2.100830e-01 -2.327540e-02 0.000000e+00
-2.176100e-01 -3.103390e-02 0.000000e+00
4.687500e-02 -3.716960e-02 0.000000e+00
5.078130e-02 -2.787720e-02 0.000000e+00
5.468750e-02 -1.858480e-02 0.000000e+00
5.859380e-02 -9.292400e-03 0.000000e+00
6.250000e-02 0.000000e+00 0.000000e+00
4.296880e-02 -2.787720e-02 0.000000e+00
4.687500e-02 -1.858480e-02 0.000000e+00
5.078130e-02 -9.292400e-03 0.000000e+00
5.468750e-02 -1.734720e-18 0.000000e+00
3.906250e-02 -1.858480e-02 0.000000e+00
4.296880e-02 -9.292400e-03 0.000000e+00
4.687500e-02 0.000000e+00 0.000000e+00
3.515630e-02 -9.292400e-03 0.000000e+00
3.906250e-02 0.000000e+00 0.000000e+00
3.125000e-02 0.000000e+00 0.000000e+00
-2.500000e-01 0.000000e+00 0.000000e+00
-2.578120e-01 0.000000e+00 0.000000e+00
-2.656250e-01 0.000000e+00 0.000000e+00
-2.734370e-01 0.000000e+00 0.000000e+00
-2.812500e-01 0.000000e+00 0.000000e+00
-2.502460e-01 -7.648190e-03 0.000000e+00
-2.580590e-01 -7.648190e-03 0.000000e+00
-2.658710e-01 -7.648190e-03 0.000000e+00
-2.736840e-01 -7.648190e-03 0.000000e+00
-2.504930e-01 -1.529640e-02 0.000000e+00
-2.583050e-01 -1.529640e-02 0.000000e+00
-2.661180e-01 -1.529640e-02 0.000000e+00
-2.507390e-01 -2.294460e-02 0.000000e+00
-2.585520e-01 -2.294460e-02 0.000000e+00
-2.509860e-01 -3.059280e-02 0.000000e+00
-9.637500e-02 -4.108210e-02 0.000000e+00
-1.035310e-01 -3.081150e-02 0.000000e+00
-1.106870e-01 -2.054100e-02 0.000000e+00
-1.178440e-01 -1.027050e-02 0.000000e+00
-1.250000e-01 0.000000e+00 0.000000e+00
-1.062410e-01 -4.028070e-02 0.000000e+00
-1.133970e-01 -3.001020e-02 0.000000e+00
-1.205530e-01 -1.973960e-02 0.000000e+00
-1.277100e-01 -9.469120e-03 0.000000e+00
-1.161070e-01 -3.947930e-02 0.000000e+00
-1.232630e-01 -2.920880e-02 0.000000e+00
-1.304190e-01 -1.893820e-02 0.000000e+00
-1.259720e-01 -3.867790e-02 0.000000e+00
-1.331290e-01 -2.840740e-02 0.000000e+00
-1.358380e-01 -3.787650e-02 0.000000e+00
-1.777680e-03 -3.126520e-02 0.000000e+00
-1.333260e-03 -2.344890e-02 0.000000e+00
-8.888410e-04 -1.563260e-02 0.000000e+00
-4.444200e-04 -7.816300e-03 0.000000e+00
1.221250e-15 0.000000e+00 0.000000e+00
-9.145760e-03 -2.344890e-02 0.000000e+00
-8.701340e-03 -1.563260e-02 0.000000e+00
-8.256920e-03 -7.816300e-03 0.000000e+00
-7.812500e-03 0.000000e+00 0.000000e+00
-1.651380e-02 -1.563260e-02 0.000000e+00
-1.606940e-02 -7.816300e-03 0.000000e+00
-1.562500e-02 0.000000e+00 0.000000e+00
-2.388190e-02 -7.816300e-03 0.000000e+00
-2.343750e-02 0.000000e+00 0.000000e+00
-3.125000e-02 0.000000e+00 0.000000e+00
-8.646220e-01 4.310760e-01 0.000000e+00
-8.744640e-01 4.301960e-01 0.000000e+00
-8.843060e-01 4.293160e-01 0.000000e+00
-8.941470e-01 4.284350e-01 0.000000e+00
-9.039890e-01 4.275550e-01 0.000000e+00
-8.632480e-01 4.229150e-01 0.000000e+00
-8.730900e-01 4.220350e-01 0.000000e+00
-8.829320e-01 4.211550e-01 0.000000e+00
-8.927740e-01 4.202740e-01 0.000000e+00
-8.618750e-01 4.147540e-01 0.000000e+00
-8.717170e-01 4.138740e-01 0.000000e+00
-8.815580e-01 4.129940e-01 0.000000e+00
-8.605010e-01 4.065930e-01 0.000000e+00
-8.703430e-01 4.057130e-01 0.000000e+00
-8.591280e-01 3.984320e-01 0.000000e+00
-8.324370e-01 4.528070e-01 0.000000e+00
-8.243720e-01 4.610880e-01 0.000000e+00
-8.163060e-01 4.693690e-01 0.000000e+00
-8.082400e-01 4.776500e-01 0.000000e+00
-8.001750e-01 4.859310e-01 0.000000e+00
-8.387600e-01 4.681310e-01 0.000000e+00
-8.306940e-01 4.764120e-01 0.000000e+00
-8.226290e-01 4.846930e-01 0.000000e+00
-8.145630e-01 4.929740e-01 0.000000e+00
-8.450830e-01 4.834550e-01 0.000000e+00
-8.370170e-01 4.917360e-01 0.000000e+00
-8.289520e-01 5.000170e-01 0.000000e+00
-8.514060e-01 4.987790e-01 0.000000e+00
-8.433400e-01 5.070600e-01 0.000000e+00
-8.577290e-01 5.141030e-01 0.000000e+00
-6.243570e-01 6.975210e-01 0.000000e+00
-6.233820e-01 7.055240e-01 0.000000e+00
-6.224070e-01 7.135260e-01 0.000000e+00
-6.214320e-01 7.215290e-01 0.000000e+00
-6.204570e-01 7.295320e-01 0.000000e+00
-6.361580e-01 7.083780e-01 0.000000e+00
-6.351820e-01 7.163810e-01 0.000000e+00
-6.342070e-01 7.243840e-01 0.000000e+00
-6.332320e-01 7.323870e-01 0.000000e+00
-6.479580e-01 7.192360e-01 0.000000e+00
-6.469830e-01 7.272390e-01 0.000000e+00
-6.460080e-01 7.352420e-01 0.000000e+00
-6.597580e-01 7.300940e-01 0.000000e+00
-6.587830e-01 7.380960e-01 0.000000e+00
-6.715590e-01 7.409510e-01 0.000000e+00
-2.350780e-01 9.234420e-01 0.000000e+00
-2.278660e-01 9.222000e-01 0.000000e+00
-2.206540e-01 9.209580e-01 0.000000e+00
-2.134430e-01 9.197160e-01 0.000000e+00
-2.062310e-01 9.184740e-01 0.000000e+00
-2.370530e-01 9.350890e-01 0.000000e+00
-2.298420e-01 9.338470e-01 0.000000e+00
-2.226300e-01 9.326050e-01 0.000000e+00
-2.154180e-01 9.313630e-01 0.000000e+00
-2.390290e-01 9.467370e-01 0.000000e+00
-2.318170e-01 9.454950e-01 0.000000e+00
-2.246060e-01 9.442520e-01 0.000000e+00
-2.410050e-01 9.583840e-01 0.000000e+00
-2.337930e-01 9.571420e-01 0.000000e+00
-2.429800e-01 9.700310e-01 0.000000e+00
-2.785010e-01 9.152740e-01 0.000000e+00
-2.696210e-01 9.289640e-01 0.000000e+00
-2.607410e-01 9.426530e-01 0.000000e+00
-2.518600e-01 9.563420e-01 0.000000e+00
-2.429800e-01 9.700310e-01 0.000000e+00
-2.814470e-01 9.256910e-01 0.000000e+00
-2.725870e-01 9.394530e-01 0.000000e+00
-2.637260e-01 9.532150e-01 0.000000e+00
-2.548660e-01 9.669760e-01 0.000000e+00
-2.843930e-01 9.361070e-01 0.000000e+00
-2.755530e-01 9.499420e-01 0.000000e+00
-2.667130e-01 9.637760e-01 0.000000e+00
-2.873390e-01 9.465240e-01 0.000000e+00
-2.785200e-01 9.604310e-01 0.000000e+00
-2.902850e-01 9.569400e-01 0.000000e+00
-8.314700e-01 5.555700e-01 0.000000e+00
-8.203960e-01 5.555030e-01 0.000000e+00
-8.093220e-01 5.554360e-01 0.000000e+00
-7.982480e-01 5.553690e-01 0.000000e+00
-7.871740e-01 5.553020e-01 0.000000e+00
-8.245890e-01 5.657320e-01 0.000000e+00
-8.134540e-01 5.656220e-01 0.000000e+00
-8.023180e-01 5.655120e-01 0.000000e+00
-7.911830e-01 5.654020e-01 0.000000e+00
-8.175850e-01 5.758080e-01 0.000000e+00
-8.063880e-01 5.756550e-01 0.000000e+00
-7.951910e-01 5.755010e-01 0.000000e+00
-8.104570e-01 5.857980e-01 0.000000e+00
-7.991990e-01 5.856000e-01 0.000000e+00
-8.032080e-01 5.956990e-01 0.000000e+00
-8.001750e-01 4.859310e-01 0.000000e+00
-7.990480e-01 4.940910e-01 0.000000e+00
-7.979210e-01 5.022520e-01 0.000000e+00
-7.967950e-01 5.104130e-01 0.000000e+00
-7.956680e-01 5.185740e-01 0.000000e+00
-8.145630e-01 4.929740e-01 0.000000e+00
-8.134370e-01 5.011340e-01 0.000000e+00
-8.123100e-01 5.092950e-01 0.000000e+00
-8.111830e-01 5.174560e-01 0.000000e+00
-8.289520e-01 5.000170e-01 0.000000e+00
-8.278250e-01 5.081770e-01 0.000000e+00
-8.266980e-01 5.163380e-01 0.000000e+00
-8.433400e-01 5.070600e-01 0.000000e+00
-8.422130e-01 5.152200e-01 0.000000e+00
-8.577290e-01 5.141030e-01 0.000000e+00
-8.694830e-01 -4.055120e-01 0.000000e+00
-8.781100e-01 -4.110230e-01 0.000000e+00
-8.867360e-01 -4.165340e-01 0.000000e+00
-8.953630e-01 -4.220440e-01 0.000000e+00
-9.039890e-01 -4.275550e-01 0.000000e+00
-8.668140e-01 -4.128060e-01 0.000000e+00
-8.754400e-01 -4.183170e-01 0.000000e+00
-8.840670e-01 -4.238280e-01 0.000000e+00
-8.926930e-01 -4.293380e-01 0.000000e+00
-8.641440e-01 -4.201000e-01 0.000000e+00
-8.727710e-01 -4.256110e-01 0.000000e+00
-8.813970e-01 -4.311220e-01 0.000000e+00
-8.614740e-01 -4.273940e-01 0.000000e+00
-8.701010e-01 -4.329050e-01 0.000000e+00
-8.588050e-01 -4.346880e-01 0.000000e+00
-8.819210e-01 -4.713970e-01 0.000000e+00
-8.714390e-01 -4.718670e-01 0.000000e+00
-8.609570e-01 -4.723370e-01 0.000000e+00
-8.504750e-01 -4.728080e-01 0.000000e+00
-8.399930e-01 -4.732780e-01 0.000000e+00
-8.761420e-01 -4.622200e-01 0.000000e+00
-8.656600e-01 -4.626900e-01 0.000000e+00
-8.551780e-01 -4.631600e-01 0.000000e+00
-8.446960e-01 -4.636310e-01 0.000000e+00
-8.703630e-01 -4.530420e-01 0.000000e+00
-8.598810e-01 -4.535130e-01 0.000000e+00
-8.493990e-01 -4.539830e-01 0.000000e+00
-8.645840e-01 -4.438650e-01 0.000000e+00
-8.541020e-01 -4.443360e-01 0.000000e+00
-8.588050e-01 -4.346880e-01 0.000000e+00
-8.399930e-01 -4.732780e-01 0.000000e+00
-8.504750e-01 -4.728080e-01 0.000000e+00
-8.609570e-01 -4.723370e-01 0.000000e+00
-8.714390e-01 -4.718670e-01 0.000000e+00
-8.819210e-01 -4.713970e-01 0.000000e+00
-8.444270e-01 -4.834840e-01 0.000000e+00
-8.549740e-01 -4.830510e-01 0.000000e+00
-8.655220e-01 -4.826170e-01 0.000000e+00
-8.760700e-01 -4.821840e-01 0.000000e+00
-8.488610e-01 -4.936900e-01 0.000000e+00
-8.594740e-01 -4.932950e-01 0.000000e+00
-8.700870e-01 -4.928980e-01 0.000000e+00
-8.532950e-01 -5.038970e-01 0.000000e+00
-8.639730e-01 -5.035380e-01 0.000000e+00
-8.577290e-01 -5.141030e-01 0.000000e+00
-1.562500e-01 0.000000e+00 0.000000e+00
-1.601560e-01 8.577350e-03 0.000000e+00
-1.640620e-01 1.715470e-02 0.000000e+00
-1.679690e-01 2.573210e-02 0.000000e+00
-1.718750e-01 3.430940e-02 0.000000e+00
-1.640620e-01 0.000000e+00 0.000000e+00
-1.679690e-01 8.577350e-03 0.000000e+00
-1.718750e-01 1.715470e-02 0.000000e+00
-1.757810e-01 2.573210e-02 0.000000e+00
-1.718750e-01 0.000000e+00 0.000000e+00
-1.757810e-01 8.577350e-03 0.000000e+00
-1.796870e-01 1.715470e-02 0.000000e+00
-1.796870e-01 0.000000e+00 0.000000e+00
-1.835940e-01 8.577350e-03 0.000000e+00
-1.875000e-01 0.000000e+00 0.000000e+00
-1.887540e-01 -4.251050e-02 0.000000e+00
-1.824010e-01 -3.894780e-02 0.000000e+00
-1.760480e-01 -3.538510e-02 0.000000e+00
-1.696940e-01 -3.182250e-02 0.000000e+00
-1.633410e-01 -2.825980e-02 0.000000e+00
-1.884410e-01 -3.188290e-02 0.000000e+00
-1.820870e-01 -2.832020e-02 0.000000e+00
-1.757340e-01 -2.475750e-02 0.000000e+00
-1.693810e-01 -2.119480e-02 0.000000e+00
-1.881270e-01 -2.125520e-02 0.000000e+00
-1.817740e-01 -1.769260e-02 0.000000e+00
-1.754210e-01 -1.412990e-02 0.000000e+00
-1.878140e-01 -1.062760e-02 0.000000e+00
-1.814600e-01 -7.064940e-03 0.000000e+00
-1.875000e-01 0.000000e+00 0.000000e+00
-4.687500e-02 3.430940e-02 0.000000e+00
-4.296870e-02 2.573210e-02 0.000000e+00
-3.906250e-02 1.715470e-02 0.000000e+00
-3.515620e-02 8.577350e-03 0.000000e+00
-3.125000e-02 0.000000e+00 0.000000e+00
-3.906250e-02 3.958150e-02 0.000000e+00
-3.515620e-02 3.100410e-02 0.000000e+00
-3.125000e-02 2.242680e-02 0.000000e+00
-2.734370e-02 1.384940e-02 0.000000e+00
-3.125000e-02 4.485350e-02 0.000000e+00
-2.734370e-02 3.627620e-02 0.000000e+00
-2.343750e-02 2.769880e-02 0.000000e+00
-2.343750e-02 5.012560e-02 0.000000e+00
-1.953120e-02 4.154820e-02 0.000000e+00
-1.562500e-02 5.539760e-02 0.000000e+00
-2.187500e-01 3.494430e-02 0.000000e+00
-2.262350e-01 3.377630e-02 0.000000e+00
-2.337190e-01 3.260830e-02 0.000000e+00
-2.412040e-01 3.144030e-02 0.000000e+00
-2.486880e-01 3.027230e-02 0.000000e+00
-2.187500e-01 2.620820e-02 0.000000e+00
-2.262350e-01 2.504020e-02 0.000000e+00
-2.337190e-01 2.387220e-02 0.000000e+00
-2.412040e-01 2.270420e-02 0.000000e+00
-2.187500e-01 1.747220e-02 0.000000e+00
-2.262350e-01 1.630420e-02 0.000000e+00
-2.337190e-01 1.513610e-02 0.000000e+00
-2.187500e-01 8.736080e-03 0.000000e+00
-2.262350e-01 7.568070e-03 0.000000e+00
-2.187500e-01 0.000000e+00 0.000000e+00
-6.293330e-02 -3.414990e-02 0.000000e+00
-6.282500e-02 -2.561240e-02 0.000000e+00
-6.271660e-02 -1.707490e-02 0.000000e+00
-6.260830e-02 -8.537470e-03 0.000000e+00
-6.250000e-02 0.000000e+00 0.000000e+00
-7.063750e-02 -2.561240e-02 0.000000e+00
-7.052910e-02 -1.707490e-02 0.000000e+00
-7.042080e-02 -8.537470e-03 0.000000e+00
-7.031250e-02 -1.734720e-18 0.000000e+00
-7.834160e-02 -1.707490e-02 0.000000e+00
-7.823330e-02 -8.537470e-03 0.000000e+00
-7.812500e-02 0.000000e+00 0.000000e+00
-8.604580e-02 -8.537470e-03 0.000000e+00
-8.593750e-02 0.000000e+00 0.000000e+00
-9.375000e-02 0.000000e+00 0.000000e+00
-1.562500e-01 0.000000e+00 0.000000e+00
-1.511470e-01 -9.469120e-03 0.000000e+00
-1.460440e-01 -1.893820e-02 0.000000e+00
-1.409410e-01 -2.840740e-02 0.000000e+00
-1.358380e-01 -3.787650e-02 0.000000e+00
-1.484370e-01 0.000000e+00 0.000000e+00
-1.433350e-01 -9.469120e-03 0.000000e+00
-1.382320e-01 -1.893820e-02 0.000000e+00
-1.331290e-01 -2.840740e-02 0.000000e+00
-1.406250e-01 0.000000e+00 0.000000e+00
-1.355220e-01 -9.469120e-03 0.000000e+00
-1.304190e-01 -1.893820e-02 0.000000e+00
-1.328120e-01 1.734720e-18 0.000000e+00
-1.277100e-01 -9.469120e-03 0.000000e+00
-1.250000e-01 0.000000e+00 0.000000e+00
-1.236880e-01 3.027230e-02 0.000000e+00
-1.318290e-01 2.270420e-02 0.000000e+00
-1.399690e-01 1.513610e-02 0.000000e+00
-1.481100e-01 7.568070e-03 0.000000e+00
-1.562500e-01 0.000000e+00 0.000000e+00
-1.240160e-01 2.270420e-02 0.000000e+00
-1.321570e-01 1.513610e-02 0.000000e+00
-1.402970e-01 7.568070e-03 0.000000e+00
-1.484370e-01 0.000000e+00 0.000000e+00
-1.243440e-01 1.513610e-02 0.000000e+00
-1.324850e-01 7.568070e-03 0.000000e+00
-1.406250e-01 0.000000e+00 0.000000e+00
-1.246720e-01 7.568070e-03 0.000000e+00
-1.328120e-01 0.000000e+00 0.000000e+00
-1.250000e-01 0.000000e+00 0.000000e+00
-6.250000e-02 0.000000e+00 0.000000e+00
-5.859370e-02 8.577350e-03 0.000000e+00
-5.468750e-02 1.715470e-02 0.000000e+00
-5.078120e-02 2.573210e-02 0.000000e+00
-4.687500e-02 3.430940e-02 0.000000e+00
-7.031250e-02 8.736080e-03 0.000000e+00
-6.640620e-02 1.731340e-02 0.000000e+00
-6.250000e-02 2.589080e-02 0.000000e+00
-5.859370e-02 3.446810e-02 0.000000e+00
-7.812500e-02 1.747220e-02 0.000000e+00
-7.421870e-02 2.604950e-02 0.000000e+00
-7.031250e-02 3.462690e-02 0.000000e+00
-8.593750e-02 2.620820e-02 0.000000e+00
-8.203120e-02 3.478560e-02 0.000000e+00
-9.375000e-02 3.494430e-02 0.000000e+00
-2.187500e-01 0.000000e+00 0.000000e+00
-2.109370e-01 0.000000e+00 0.000000e+00
-2.031250e-01 0.000000e+00 0.000000e+00
-1.953120e-01 0.000000e+00 0.000000e+00
-1.875000e-01 0.000000e+00 0.000000e+00
-2.187500e-01 8.736080e-03 0.000000e+00
-2.109370e-01 8.736080e-03 0.000000e+00
-2.031250e-01 8.736080e-03 0.000000e+00
-1.953120e-01 8.736080e-03 0.000000e+00
-2.187500e-01 1.747220e-02 0.000000e+00
-2.109370e-01 1.747220e-02 0.000000e+00
-2.031250e-01 1.747220e-02 0.000000e+00
-2.187500e-01 2.620820e-02 0.000000e+00
-2.109370e-01 2.620820e-02 0.000000e+00
-2.187500e-01 3.494430e-02 0.000000e+00
-2.187500e-01 0.000000e+00 0.000000e+00
-2.265620e-01 0.000000e+00 0.000000e+00
-2.343750e-01 0.000000e+00 0.000000e+00
-2.421870e-01 0.000000e+00 0.000000e+00
-2.500000e-01 0.000000e+00 0.000000e+00
-2.268090e-01 -7.648190e-03 0.000000e+00
-2.346210e-01 -7.648190e-03 0.000000e+00
-2.424340e-01 -7.648190e-03 0.000000e+00
-2.502460e-01 -7.648190e-03 0.000000e+00
-2.348680e-01 -1.529640e-02 0.000000e+00
-2.426800e-01 -1.529640e-02 0.000000e+00
-2.504930e-01 -1.529640e-02 0.000000e+00
-2.429270e-01 -2.294460e-02 0.000000e+00
-2.507390e-01 -2.294460e-02 0.000000e+00
-2.509860e-01 -3.059280e-02 0.000000e+00
-1.875000e-01 0.000000e+00 0.000000e+00
-1.953120e-01 0.000000e+00 0.000000e+00
-2.031250e-01 0.000000e+00 0.000000e+00
-2.109370e-01 0.000000e+00 0.000000e+00
-2.187500e-01 0.000000e+00 0.000000e+00
-1.950280e-01 -7.758470e-03 0.000000e+00
-2.028400e-01 -7.758470e-03 0.000000e+00
-2.106530e-01 -7.758470e-03 0.000000e+00
-2.184650e-01 -7.758470e-03 0.000000e+00
-2.025550e-01 -1.551690e-02 0.000000e+00
-2.103680e-01 -1.551690e-02 0.000000e+00
-2.181800e-01 -1.551690e-02 0.000000e+00
-2.100830e-01 -2.327540e-02 0.000000e+00
-2.178950e-01 -2.327540e-02 0.000000e+00
-2.176100e-01 -3.103390e-02 0.000000e+00
-1.562500e-01 0.000000e+00 0.000000e+00
-1.640620e-01 -1.734720e-18 0.000000e+00
-1.718750e-01 0.000000e+00 0.000000e+00
-1.796870e-01 0.000000e+00 0.000000e+00
-1.875000e-01 0.000000e+00 0.000000e+00
-1.580230e-01 -7.064940e-03 0.000000e+00
-1.658350e-01 -7.064940e-03 0.000000e+00
-1.736480e-01 -7.064940e-03 0.000000e+00
-1.814600e-01 -7.064940e-03 0.000000e+00
-1.597960e-01 -1.412990e-02 0.000000e+00
-1.676080e-01 -1.412990e-02 0.000000e+00
-1.754210e-01 -1.412990e-02 0.000000e+00
-1.615680e-01 -2.119480e-02 0.000000e+00
-1.693810e-01 -2.119480e-02 0.000000e+00
-1.633410e-01 -2.825980e-02 0.000000e+00
-1.633410e-01 -2.825980e-02 0.000000e+00
-1.564650e-01 -3.066400e-02 0.000000e+00
-1.495900e-01 -3.306810e-02 0.000000e+00
-1.427140e-01 -3.547230e-02 0.000000e+00
-1.358380e-01 -3.787650e-02 0.000000e+00
-1.615680e-01 -2.119480e-02 0.000000e+00
-1.546930e-01 -2.359900e-02 0.000000e+00
-1.478170e-01 -2.600320e-02 0.000000e+00
-1.409410e-01 -2.840740e-02 0.000000e+00
-1.597960e-01 -1.412990e-02 0.000000e+00
-1.529200e-01 -1.653410e-02 0.000000e+00
-1.460440e-01 -1.893820e-02 0.000000e+00
-1.580230e-01 -7.064940e-03 0.000000e+00
-1.511470e-01 -9.469120e-03 0.000000e+00
-1.562500e-01 0.000000e+00 0.000000e+00
-9.375000e-02 0.000000e+00 0.000000e+00
-1.015620e-01 0.000000e+00 0.000000e+00
-1.093750e-01 0.000000e+00 0.000000e+00
-1.171870e-01 0.000000e+00 0.000000e+00
-1.250000e-01 0.000000e+00 0.000000e+00
-9.440620e-02 -1.027050e-02 0.000000e+00
-1.022190e-01 -1.027050e-02 0.000000e+00
-1.100310e-01 -1.027050e-02 0.000000e+00
-1.178440e-01 -1.027050e-02 0.000000e+00
-9.506250e-02 -2.054100e-02 0.000000e+00
-1.028750e-01 -2.054100e-02 0.000000e+00
-1.106870e-01 -2.054100e-02 0.000000e+00
-9.571870e-02 -3.081150e-02 0.000000e+00
-1.035310e-01 -3.081150e-02 0.000000e+00
-9.637500e-02 -4.108210e-02 0.000000e+00
-3.125000e-02 0.000000e+00 0.000000e+00
-3.515620e-02 8.577350e-03 0.000000e+00
-3.906250e-02 1.715470e-02 0.000000e+00
-4.296870e-02 2.573210e-02 0.000000e+00
-4.687500e-02 3.430940e-02 0.000000e+00
-3.906250e-02 0.000000e+00 0.000000e+00
-4.296870e-02 8.577350e-03 0.000000e+00
-4.687500e-02 1.715470e-02 0.000000e+00
-5.078120e-02 2.573210e-02 0.000000e+00
-4.687500e-02 0.000000e+00 0.000000e+00
-5.078120e-02 8.577350e-03 0.000000e+00
-5.468750e-02 1.715470e-02 0.000000e+00
-5.468750e-02 0.000000e+00 0.000000e+00
-5.859370e-02 8.577350e-03 0.000000e+00
-6.250000e-02 0.000000e+00 0.000000e+00
-3.307110e-02 -3.008280e-02 0.000000e+00
-4.042830e-02 -2.256210e-02 0.000000e+00
-4.778550e-02 -1.504140e-02 0.000000e+00
-5.514280e-02 -7.520710e-03 0.000000e+00
-6.250000e-02 0.000000e+00 0.000000e+00
-4.053660e-02 -3.109960e-02 0.000000e+00
-4.789390e-02 -2.357890e-02 0.000000e+00
-5.525110e-02 -1.605820e-02 0.000000e+00
-6.260830e-02 -8.537470e-03 0.000000e+00
-4.800220e-02 -3.211640e-02 0.000000e+00
-5.535940e-02 -2.459570e-02 0.000000e+00
-6.271660e-02 -1.707490e-02 0.000000e+00
-5.546770e-02 -3.313310e-02 0.000000e+00
-6.282500e-02 -2.561240e-02 0.000000e+00
-6.293330e-02 -3.414990e-02 0.000000e+00
1.221250e-15 0.000000e+00 0.000000e+00
-4.444200e-04 -7.816300e-03 0.000000e+00
-8.888410e-04 -1.563260e-02 0.000000e+00
-1.333260e-03 -2.344890e-02 0.000000e+00
-1.777680e-03 -3.126520e-02 0.000000e+00
7.812500e-03 0.000000e+00 0.000000e+00
7.368080e-03 -7.816300e-03 0.000000e+00
6.923660e-03 -1.563260e-02 0.000000e+00
6.479240e-03 -2.344890e-02 0.000000e+00
1.562500e-02 0.000000e+00 0.000000e+00
1.518060e-02 -7.816300e-03 0.000000e+00
1.473620e-02 -1.563260e-02 0.000000e+00
2.343750e-02 0.000000e+00 0.000000e+00
2.299310e-02 -7.816300e-03 0.000000e+00
3.125000e-02 0.000000e+00 0.000000e+00
-3.307110e-02 -3.008280e-02 0.000000e+00
-2.524770e-02 -3.037840e-02 0.000000e+00
-1.742440e-02 -3.067400e-02 0.000000e+00
-9.601030e-03 -3.096960e-02 0.000000e+00
-1.777680e-03 -3.126520e-02 0.000000e+00
-3.261580e-02 -2.256210e-02 0.000000e+00
-2.479250e-02 -2.285770e-02 0.000000e+00
-1.696910e-02 -2.315330e-02 0.000000e+00
-9.145760e-03 -2.344890e-02 0.000000e+00
-3.216050e-02 -1.504140e-02 0.000000e+00
-2.433720e-02 -1.533700e-02 0.000000e+00
-1.651380e-02 -1.563260e-02 0.000000e+00
-3.170530e-02 -7.520710e-03 0.000000e+00
-2.388190e-02 -7.816300e-03 0.000000e+00
-3.125000e-02 0.000000e+00 0.000000e+00
-3.307110e-02 -3.008280e-02 0.000000e+00
-3.261580e-02 -2.256210e-02 0.000000e+00
-3.216050e-02 -1.504140e-02 0.000000e+00
-3.170530e-02 -7.520710e-03 0.000000e+00
-3.125000e-02 0.000000e+00 0.000000e+00
-4.042830e-02 -2.256210e-02 0.000000e+00
-3.997300e-02 -1.504140e-02 0.000000e+00
-3.951780e-02 -7.520710e-03 0.000000e+00
-3.906250e-02 -1.734720e-18 0.000000e+00
-4.778550e-02 -1.504140e-02 0.000000e+00
-4.733030e-02 -7.520710e-03 0.000000e+00
-4.687500e-02 0.000000e+00 0.000000e+00
-5.514280e-02 -7.520710e-03 0.000000e+00
-5.468750e-02 0.000000e+00 0.000000e+00
-6.250000e-02 0.000000e+00 0.000000e+00
1.221250e-15 0.000000e+00 0.000000e+00
-3.906250e-03 1.384940e-02 0.000000e+00
-7.812500e-03 2.769880e-02 0.000000e+00
-1.171870e-02 4.154820e-02 0.000000e+00
-1.562500e-02 5.539760e-02 0.000000e+00
-7.812500e-03 0.000000e+00 0.000000e+00
-1.171870e-02 1.384940e-02 0.000000e+00
-1.562500e-02 2.769880e-02 0.000000e+00
-1.953120e-02 4.154820e-02 0.000000e+00
-1.562500e-02 0.000000e+00 0.000000e+00
-1.953120e-02 1.384940e-02 0.000000e+00
-2.343750e-02 2.769880e-02 0.000000e+00
-2.343750e-02 1.734720e-18 0.000000e+00
-2.734370e-02 1.384940e-02 0.000000e+00
-3.125000e-02 0.000000e+00 0.000000e+00
1.562500e-02 2.910460e-02 0.000000e+00
1.171880e-02 2.182840e-02 0.000000e+00
7.812500e-03 1.455230e-02 0.000000e+00
3.906250e-03 7.276140e-03 0.000000e+00
1.221250e-15 0.000000e+00 0.000000e+00
1.953130e-02 2.182840e-02 0.000000e+00
1.562500e-02 1.455230e-02 0.000000e+00
1.171880e-02 7.276140e-03 0.000000e+00
7.812500e-03 1.734720e-18 0.000000e+00
2.343750e-02 1.455230e-02 0.000000e+00
1.953130e-02 7.276140e-03 0.000000e+00
1.562500e-02 0.000000e+00 0.000000e+00
2.734380e-02 7.276140e-03 0.000000e+00
2.343750e-02 0.000000e+00 0.000000e+00
3.125000e-02 0.000000e+00 0.000000e+00
-9.375000e-02 0.000000e+00 0.000000e+00
-9.375000e-02 8.736080e-03 0.000000e+00
-9.375000e-02 1.747220e-02 0.000000e+00
-9.375000e-02 2.620820e-02 0.000000e+00
-9.375000e-02 3.494430e-02 0.000000e+00
-1.012350e-01 7.568070e-03 0.000000e+00
-1.012350e-01 1.630420e-02 0.000000e+00
-1.012350e-01 2.504020e-02 0.000000e+00
-1.012350e-01 3.377630e-02 0.000000e+00
-1.087190e-01 1.513610e-02 0.000000e+00
-1.087190e-01 2.387220e-02 0.000000e+00
-1.087190e-01 3.260830e-02 0.000000e+00
-1.162040e-01 2.270420e-02 0.000000e+00
-1.162040e-01 3.144030e-02 0.000000e+00
-1.236880e-01 3.027230e-02 0.000000e+00
4.687500e-02 3.981230e-02 0.000000e+00
3.906250e-02 3.713530e-02 0.000000e+00
3.125000e-02 3.445840e-02 0.000000e+00
2.343750e-02 3.178150e-02 0.000000e+00
1.562500e-02 2.910460e-02 0.000000e+00
4.296880e-02 2.985920e-02 0.000000e+00
3.515630e-02 2.718230e-02 0.000000e+00
2.734380e-02 2.450540e-02 0.000000e+00
1.953130e-02 2.182840e-02 0.000000e+00
3.906250e-02 1.990610e-02 0.000000e+00
3.125000e-02 1.722920e-02 0.000000e+00
2.343750e-02 1.455230e-02 0.000000e+00
3.515630e-02 9.953070e-03 0.000000e+00
2.734380e-02 7.276140e-03 0.000000e+00
3.125000e-02 0.000000e+00 0.000000e+00
4.687500e-02 -3.716960e-02 0.000000e+00
4.296880e-02 -2.787720e-02 0.000000e+00
3.906250e-02 -1.858480e-02 0.000000e+00
3.515630e-02 -9.292400e-03 0.000000e+00
3.125000e-02 0.000000e+00 0.000000e+00
3.471180e-02 -3.569350e-02 0.000000e+00
3.080560e-02 -2.640110e-02 0.000000e+00
2.689930e-02 -1.710870e-02 0.000000e+00
2.299310e-02 -7.816300e-03 0.000000e+00
2.254870e-02 -3.421740e-02 0.000000e+00
1.864240e-02 -2.492500e-02 0.000000e+00
1.473620e-02 -1.563260e-02 0.000000e+00
1.038550e-02 -3.274130e-02 0.000000e+00
6.479240e-03 -2.344890e-02 0.000000e+00
-1.777680e-03 -3.126520e-02 0.000000e+00
9.276000e-02 -3.458930e-02 0.000000e+00
8.519500e-02 -2.594200e-02 0.000000e+00
7.763000e-02 -1.729470e-02 0.000000e+00
7.006500e-02 -8.647330e-03 0.000000e+00
6.250000e-02 0.000000e+00 0.000000e+00
8.128870e-02 -3.523440e-02 0.000000e+00
7.372370e-02 -2.658710e-02 0.000000e+00
6.615870e-02 -1.793970e-02 0.000000e+00
5.859380e-02 -9.292400e-03 0.000000e+00
6.981750e-02 -3.587950e-02 0.000000e+00
6.225250e-02 -2.723210e-02 0.000000e+00
5.468750e-02 -1.858480e-02 0.000000e+00
5.834620e-02 -3.652450e-02 0.000000e+00
5.078130e-02 -2.787720e-02 0.000000e+00
4.687500e-02 -3.716960e-02 0.000000e+00
4.687500e-02 3.981230e-02 0.000000e+00
5.078130e-02 2.985920e-02 0.000000e+00
5.468750e-02 1.990610e-02 0.000000e+00
5.859380e-02 9.953070e-03 0.000000e+00
6.250000e-02 0.000000e+00 0.000000e+00
5.859380e-02 3.866840e-02 0.000000e+00
6.250000e-02 2.871540e-02 0.000000e+00
6.640630e-02 1.876230e-02 0.000000e+00
7.031250e-02 8.809220e-03 0.000000e+00
7.031250e-02 3.752460e-02 0.000000e+00
7.421880e-02 2.757150e-02 0.000000e+00
7.812500e-02 1.761840e-02 0.000000e+00
8.203130e-02 3.638070e-02 0.000000e+00
8.593750e-02 2.642770e-02 0.000000e+00
9.375000e-02 3.523690e-02 0.000000e+00
-3.368900e-01 9.415440e-01 0.000000e+00
-3.295690e-01 9.365180e-01 0.000000e+00
-3.222480e-01 9.314910e-01 0.000000e+00
-3.149270e-01 9.264650e-01 0.000000e+00
-3.076060e-01 9.214390e-01 0.000000e+00
-3.253100e-01 9.456070e-01 0.000000e+00
-3.179650e-01 9.405100e-01 0.000000e+00
-3.106200e-01 9.354120e-01 0.000000e+00
-3.032760e-01 9.303140e-01 0.000000e+00
-3.136820e-01 9.495280e-01 0.000000e+00
-3.063130e-01 9.443590e-01 0.000000e+00
-2.989450e-01 9.391900e-01 0.000000e+00
-3.020060e-01 9.533060e-01 0.000000e+00
-2.946150e-01 9.480650e-01 0.000000e+00
-2.902850e-01 9.569400e-01 0.000000e+00
-2.785010e-01 9.152740e-01 0.000000e+00
-2.814470e-01 9.256910e-01 0.000000e+00
-2.843930e-01 9.361070e-01 0.000000e+00
-2.873390e-01 9.465240e-01 0.000000e+00
-2.902850e-01 9.569400e-01 0.000000e+00
-2.857770e-01 9.168160e-01 0.000000e+00
-2.887230e-01 9.272320e-01 0.000000e+00
-2.916690e-01 9.376480e-01 0.000000e+00
-2.946150e-01 9.480650e-01 0.000000e+00
-2.930530e-01 9.183570e-01 0.000000e+00
-2.959990e-01 9.287730e-01 0.000000e+00
-2.989450e-01 9.391900e-01 0.000000e+00
-3.003300e-01 9.198980e-01 0.000000e+00
-3.032760e-01 9.303140e-01 0.000000e+00
-3.076060e-01 9.214390e-01 0.000000e+00
-3.363690e-01 8.929140e-01 0.000000e+00
-3.291780e-01 9.000450e-01 0.000000e+00
-3.219870e-01 9.071770e-01 0.000000e+00
-3.147970e-01 9.143080e-01 0.000000e+00
-3.076060e-01 9.214390e-01 0.000000e+00
-3.364990e-01 9.050720e-01 0.000000e+00
-3.293080e-01 9.122030e-01 0.000000e+00
-3.221180e-01 9.193340e-01 0.000000e+00
-3.149270e-01 9.264650e-01 0.000000e+00
-3.366290e-01 9.172290e-01 0.000000e+00
-3.294390e-01 9.243600e-01 0.000000e+00
-3.222480e-01 9.314910e-01 0.000000e+00
-3.367600e-01 9.293870e-01 0.000000e+00
-3.295690e-01 9.365180e-01 0.000000e+00
-3.368900e-01 9.415440e-01 0.000000e+00
-3.368900e-01 9.415440e-01 0.000000e+00
-3.484190e-01 9.373390e-01 0.000000e+00
-3.598950e-01 9.329930e-01 0.000000e+00
-3.713170e-01 9.285060e-01 0.000000e+00
-3.826830e-01 9.238800e-01 0.000000e+00
-3.443480e-01 9.305660e-01 0.000000e+00
-3.558510e-01 9.262900e-01 0.000000e+00
-3.673000e-01 9.218740e-01 0.000000e+00
-3.786940e-01 9.173170e-01 0.000000e+00
-3.518070e-01 9.195870e-01 0.000000e+00
-3.632830e-01 9.152410e-01 0.000000e+00
-3.747040e-01 9.107550e-01 0.000000e+00
-3.592660e-01 9.086090e-01 0.000000e+00
-3.707140e-01 9.041930e-01 0.000000e+00
-3.667240e-01 8.976310e-01 0.000000e+00
-3.947220e-01 8.799990e-01 0.000000e+00
-3.917130e-01 8.909690e-01 0.000000e+00
-3.887030e-01 9.019390e-01 0.000000e+00
-3.856930e-01 9.129090e-01 0.000000e+00
-3.826830e-01 9.238800e-01 0.000000e+00
-4.029300e-01 8.859970e-01 0.000000e+00
-3.999510e-01 8.970360e-01 0.000000e+00
-3.969720e-01 9.080750e-01 0.000000e+00
-3.939920e-01 9.191140e-01 0.000000e+00
-4.111390e-01 8.919940e-01 0.000000e+00
-4.081900e-01 9.031020e-01 0.000000e+00
-4.052410e-01 9.142100e-01 0.000000e+00
-4.193470e-01 8.979920e-01 0.000000e+00
-4.164300e-01 9.091680e-01 0.000000e+00
-4.275550e-01 9.039890e-01 0.000000e+00
-3.363690e-01 8.929140e-01 0.000000e+00
-3.364990e-01 9.050720e-01 0.000000e+00
-3.366290e-01 9.172290e-01 0.000000e+00
-3.367600e-01 9.293870e-01 0.000000e+00
-3.368900e-01 9.415440e-01 0.000000e+00
-3.439580e-01 8.940930e-01 0.000000e+00
-3.440880e-01 9.062510e-01 0.000000e+00
-3.442180e-01 9.184080e-01 0.000000e+00
-3.443480e-01 9.305660e-01 0.000000e+00
-3.515470e-01 8.952730e-01 0.000000e+00
-3.516770e-01 9.074300e-01 0.000000e+00
-3.518070e-01 9.195870e-01 0.000000e+00
-3.591360e-01 8.964520e-01 0.000000e+00
-3.592660e-01 9.086090e-01 0.000000e+00
-3.667240e-01 8.976310e-01 0.000000e+00
-6.715590e-01 7.409510e-01 0.000000e+00
-6.806010e-01 7.326540e-01 0.000000e+00
-6.895410e-01 7.242470e-01 0.000000e+00
-6.983760e-01 7.157310e-01 0.000000e+00
-7.071070e-01 7.071070e-01 0.000000e+00
-6.686010e-01 7.285970e-01 0.000000e+00
-6.775920e-01 7.202450e-01 0.000000e+00
-6.864790e-01 7.117840e-01 0.000000e+00
-6.952620e-01 7.032140e-01 0.000000e+00
-6.656440e-01 7.162430e-01 0.000000e+00
-6.745830e-01 7.078360e-01 0.000000e+00
-6.834180e-01 6.993200e-01 0.000000e+00
-6.626860e-01 7.038880e-01 0.000000e+00
-6.715730e-01 6.954270e-01 0.000000e+00
-6.597290e-01 6.915340e-01 0.000000e+00
-6.718120e-01 6.577550e-01 0.000000e+00
-6.806360e-01 6.700930e-01 0.000000e+00
-6.894590e-01 6.824310e-01 0.000000e+00
-6.982830e-01 6.947690e-01 0.000000e+00
-7.071070e-01 7.071070e-01 0.000000e+00
-6.799350e-01 6.565580e-01 0.000000e+00
-6.887590e-01 6.688960e-01 0.000000e+00
-6.975820e-01 6.812340e-01 0.000000e+00
-7.064060e-01 6.935720e-01 0.000000e+00
-6.880580e-01 6.553610e-01 0.000000e+00
-6.968810e-01 6.676990e-01 0.000000e+00
-7.057050e-01 6.800370e-01 0.000000e+00
-6.961810e-01 6.541640e-01 0.000000e+00
-7.050040e-01 6.665020e-01 0.000000e+00
-7.043030e-01 6.529670e-01 0.000000e+00
-8.032080e-01 5.956990e-01 0.000000e+00
-7.907500e-01 5.944300e-01 0.000000e+00
-7.782920e-01 5.931610e-01 0.000000e+00
-7.658340e-01 5.918920e-01 0.000000e+00
-7.533760e-01 5.906230e-01 0.000000e+00
-7.958370e-01 6.055110e-01 0.000000e+00
-7.833190e-01 6.041960e-01 0.000000e+00
-7.708020e-01 6.028810e-01 0.000000e+00
-7.582840e-01 6.015660e-01 0.000000e+00
-7.883460e-01 6.152320e-01 0.000000e+00
-7.757700e-01 6.138700e-01 0.000000e+00
-7.631930e-01 6.125080e-01 0.000000e+00
-7.807370e-01 6.248590e-01 0.000000e+00
-7.681020e-01 6.234510e-01 0.000000e+00
-7.730100e-01 6.343930e-01 0.000000e+00
-8.314700e-01 5.555700e-01 0.000000e+00
-8.382250e-01 5.453250e-01 0.000000e+00
-8.448540e-01 5.349980e-01 0.000000e+00
-8.513550e-01 5.245900e-01 0.000000e+00
-8.577290e-01 5.141030e-01 0.000000e+00
-8.225190e-01 5.463210e-01 0.000000e+00
-8.292110e-01 5.360350e-01 0.000000e+00
-8.357760e-01 5.256680e-01 0.000000e+00
-8.422130e-01 5.152200e-01 0.000000e+00
-8.135690e-01 5.370720e-01 0.000000e+00
-8.201970e-01 5.267450e-01 0.000000e+00
-8.266980e-01 5.163380e-01 0.000000e+00
-8.046180e-01 5.278230e-01 0.000000e+00
-8.111830e-01 5.174560e-01 0.000000e+00
-7.956680e-01 5.185740e-01 0.000000e+00
-7.221520e-01 6.073060e-01 0.000000e+00
-7.348660e-01 6.140780e-01 0.000000e+00
-7.475810e-01 6.208500e-01 0.000000e+00
-7.602960e-01 6.276220e-01 0.000000e+00
-7.730100e-01 6.343930e-01 0.000000e+00
-7.299580e-01 6.031360e-01 0.000000e+00
-7.426720e-01 6.099070e-01 0.000000e+00
-7.553870e-01 6.166790e-01 0.000000e+00
-7.681020e-01 6.234510e-01 0.000000e+00
-7.377640e-01 5.989650e-01 0.000000e+00
-7.504780e-01 6.057370e-01 0.000000e+00
-7.631930e-01 6.125080e-01 0.000000e+00
-7.455700e-01 5.947940e-01 0.000000e+00
-7.582840e-01 6.015660e-01 0.000000e+00
-7.533760e-01 5.906230e-01 0.000000e+00
-7.871740e-01 5.553020e-01 0.000000e+00
-7.787250e-01 5.641330e-01 0.000000e+00
-7.702750e-01 5.729630e-01 0.000000e+00
-7.618250e-01 5.817930e-01 0.000000e+00
-7.533760e-01 5.906230e-01 0.000000e+00
-7.911830e-01 5.654020e-01 0.000000e+00
-7.827330e-01 5.742320e-01 0.000000e+00
-7.742830e-01 5.830620e-01 0.000000e+00
-7.658340e-01 5.918920e-01 0.000000e+00
-7.951910e-01 5.755010e-01 0.000000e+00
-7.867410e-01 5.843310e-01 0.000000e+00
-7.782920e-01 5.931610e-01 0.000000e+00
-7.991990e-01 5.856000e-01 0.000000e+00
-7.907500e-01 5.944300e-01 0.000000e+00
-8.032080e-01 5.956990e-01 0.000000e+00
-7.788630e-01 -5.072220e-01 0.000000e+00
-7.867390e-01 -5.048570e-01 0.000000e+00
-7.946140e-01 -5.024930e-01 0.000000e+00
-8.024890e-01 -5.001280e-01 0.000000e+00
-8.103640e-01 -4.977640e-01 0.000000e+00
-7.920150e-01 -5.193090e-01 0.000000e+00
-7.998900e-01 -5.169440e-01 0.000000e+00
-8.077650e-01 -5.145800e-01 0.000000e+00
-8.156410e-01 -5.122150e-01 0.000000e+00
-8.051660e-01 -5.313960e-01 0.000000e+00
-8.130420e-01 -5.290310e-01 0.000000e+00
-8.209170e-01 -5.266670e-01 0.000000e+00
-8.183180e-01 -5.434830e-01 0.000000e+00
-8.261930e-01 -5.411190e-01 0.000000e+00
-8.314700e-01 -5.555700e-01 0.000000e+00
-2.176100e-01 -3.103390e-02 0.000000e+00
-2.178950e-01 -2.327540e-02 0.000000e+00
-2.181800e-01 -1.551690e-02 0.000000e+00
-2.184650e-01 -7.758470e-03 0.000000e+00
-2.187500e-01 0.000000e+00 0.000000e+00
-2.259540e-01 -3.092360e-02 0.000000e+00
-2.262390e-01 -2.316510e-02 0.000000e+00
-2.265240e-01 -1.540670e-02 0.000000e+00
-2.268090e-01 -7.648190e-03 0.000000e+00
-2.342980e-01 -3.081330e-02 0.000000e+00
-2.345830e-01 -2.305490e-02 0.000000e+00
-2.348680e-01 -1.529640e-02 0.000000e+00
-2.426420e-01 -3.070300e-02 0.000000e+00
-2.429270e-01 -2.294460e-02 0.000000e+00
-2.509860e-01 -3.059280e-02 0.000000e+00
-2.500000e-01 0.000000e+00 0.000000e+00
-2.421870e-01 -8.673620e-19 0.000000e+00
-2.343750e-01 0.000000e+00 0.000000e+00
-2.265620e-01 0.000000e+00 0.000000e+00
-2.187500e-01 0.000000e+00 0.000000e+00
-2.496720e-01 7.568070e-03 0.000000e+00
-2.418600e-01 7.568070e-03 0.000000e+00
-2.340470e-01 7.568070e-03 0.000000e+00
-2.262350e-01 7.568070e-03 0.000000e+00
-2.493440e-01 1.513610e-02 0.000000e+00
-2.415320e-01 1.513610e-02 0.000000e+00
-2.337190e-01 1.513610e-02 0.000000e+00
-2.490160e-01 2.270420e-02 0.000000e+00
-2.412040e-01 2.270420e-02 0.000000e+00
-2.486880e-01 3.027230e-02 0.000000e+00
-9.637500e-02 -4.108210e-02 0.000000e+00
-8.801460e-02 -3.934900e-02 0.000000e+00
-7.965410e-02 -3.761600e-02 0.000000e+00
-7.129370e-02 -3.588290e-02 0.000000e+00
-6.293330e-02 -3.414990e-02 0.000000e+00
-9.571870e-02 -3.081150e-02 0.000000e+00
-8.735830e-02 -2.907850e-02 0.000000e+00
-7.899790e-02 -2.734550e-02 0.000000e+00
-7.063750e-02 -2.561240e-02 0.000000e+00
-9.506250e-02 -2.054100e-02 0.000000e+00
-8.670210e-02 -1.880800e-02 0.000000e+00
-7.834160e-02 -1.707490e-02 0.000000e+00
-9.440620e-02 -1.027050e-02 0.000000e+00
-8.604580e-02 -8.537470e-03 0.000000e+00
-9.375000e-02 0.000000e+00 0.000000e+00
-9.375000e-02 0.000000e+00 0.000000e+00
-8.593750e-02 1.734720e-18 0.000000e+00
-7.812500e-02 0.000000e+00 0.000000e+00
-7.031250e-02 0.000000e+00 0.000000e+00
-6.250000e-02 0.000000e+00 0.000000e+00
-9.375000e-02 8.736080e-03 0.000000e+00
-8.593750e-02 8.736080e-03 0.000000e+00
-7.812500e-02 8.736080e-03 0.000000e+00
-7.031250e-02 8.736080e-03 0.000000e+00
-9.375000e-02 1.747220e-02 0.000000e+00
-8.593750e-02 1.747220e-02 0.000000e+00
-7.812500e-02 1.747220e-02 0.000000e+00
-9.375000e-02 2.620820e-02 0.000000e+00
-8.593750e-02 2.620820e-02 0.000000e+00
-9.375000e-02 3.494430e-02 0.000000e+00
2.187500e-01 0.000000e+00 0.000000e+00
2.109380e-01 1.734720e-18 0.000000e+00
2.031250e-01 0.000000e+00 0.000000e+00
1.953130e-01 0.000000e+00 0.000000e+00
1.875000e-01 0.000000e+00 0.000000e+00
2.187500e-01 -8.828590e-03 0.000000e+00
2.109380e-01 -8.828590e-03 0.000000e+00
2.031250e-01 -8.828590e-03 0.000000e+00
1.953130e-01 -8.828590e-03 0.000000e+00
2.187500e-01 -1.765720e-02 0.000000e+00
2.109380e-01 -1.765720e-02 0.000000e+00
2.031250e-01 -1.765720e-02 0.000000e+00
2.187500e-01 -2.648580e-02 0.000000e+00
2.109380e-01 -2.648580e-02 0.000000e+00
2.187500e-01 -3.531440e-02 0.000000e+00
3.125000e-02 0.000000e+00 0.000000e+00
3.906250e-02 -1.734720e-18 0.000000e+00
4.687500e-02 0.000000e+00 0.000000e+00
5.468750e-02 0.000000e+00 0.000000e+00
6.250000e-02 0.000000e+00 0.000000e+00
3.515630e-02 9.953070e-03 0.000000e+00
4.296880e-02 9.953070e-03 0.000000e+00
5.078130e-02 9.953070e-03 0.000000e+00
5.859380e-02 9.953070e-03 0.000000e+00
3.906250e-02 1.990610e-02 0.000000e+00
4.687500e-02 1.990610e-02 0.000000e+00
5.468750e-02 1.990610e-02 0.000000e+00
4.296880e-02 2.985920e-02 0.000000e+00
5.078130e-02 2.985920e-02 0.000000e+00
4.687500e-02 3.981230e-02 0.000000e+00
1.250000e-01 0.000000e+00 0.000000e+00
1.171880e-01 8.809220e-03 0.000000e+00
1.093750e-01 1.761840e-02 0.000000e+00
1.015630e-01 2.642770e-02 0.000000e+00
9.375000e-02 3.523690e-02 0.000000e+00
1.171880e-01 0.000000e+00 0.000000e+00
1.093750e-01 8.809220e-03 0.000000e+00
1.015630e-01 1.761840e-02 0.000000e+00
9.375000e-02 2.642770e-02 0.000000e+00
1.093750e-01 0.000000e+00 0.000000e+00
1.015630e-01 8.809220e-03 0.000000e+00
9.375000e-02 1.761840e-02 0.000000e+00
1.015630e-01 0.000000e+00 0.000000e+00
9.375000e-02 8.809220e-03 0.000000e+00
9.375000e-02 0.000000e+00 0.000000e+00
1.562500e-02 2.910460e-02 0.000000e+00
7.812500e-03 3.567780e-02 0.000000e+00
3.226590e-16 4.225110e-02 0.000000e+00
-7.812500e-03 4.882440e-02 0.000000e+00
-1.562500e-02 5.539760e-02 0.000000e+00
1.171880e-02 2.182840e-02 0.000000e+00
3.906250e-03 2.840170e-02 0.000000e+00
-3.906250e-03 3.497500e-02 0.000000e+00
-1.171870e-02 4.154820e-02 0.000000e+00
7.812500e-03 1.455230e-02 0.000000e+00
7.719520e-16 2.112560e-02 0.000000e+00
-7.812500e-03 2.769880e-02 0.000000e+00
3.906250e-03 7.276140e-03 0.000000e+00
-3.906250e-03 1.384940e-02 0.000000e+00
1.221250e-15 0.000000e+00 0.000000e+00
1.875000e-01 0.000000e+00 0.000000e+00
1.796880e-01 8.673620e-19 0.000000e+00
1.718750e-01 0.000000e+00 0.000000e+00
1.640630e-01 0.000000e+00 0.000000e+00
1.562500e-01 0.000000e+00 0.000000e+00
1.835940e-01 -7.544040e-03 0.000000e+00
1.757810e-01 -7.544040e-03 0.000000e+00
1.679690e-01 -7.544040e-03 0.000000e+00
1.601560e-01 -7.544040e-03 0.000000e+00
1.796880e-01 -1.508810e-02 0.000000e+00
1.718750e-01 -1.508810e-02 0.000000e+00
1.640630e-01 -1.508810e-02 0.000000e+00
1.757810e-01 -2.263210e-02 0.000000e+00
1.679690e-01 -2.263210e-02 0.000000e+00
1.718750e-01 -3.017620e-02 0.000000e+00
2.187500e-01 0.000000e+00 0.000000e+00
2.187500e-01 -8.828590e-03 0.000000e+00
2.187500e-01 -1.765720e-02 0.000000e+00
2.187500e-01 -2.648580e-02 0.000000e+00
2.187500e-01 -3.531440e-02 0.000000e+00
2.265630e-01 0.000000e+00 0.000000e+00
2.265630e-01 -8.828590e-03 0.000000e+00
2.265630e-01 -1.765720e-02 0.000000e+00
2.265630e-01 -2.648580e-02 0.000000e+00
2.343750e-01 0.000000e+00 0.000000e+00
2.343750e-01 -8.828590e-03 0.000000e+00
2.343750e-01 -1.765720e-02 0.000000e+00
2.421880e-01 1.734720e-18 0.000000e+00
2.421880e-01 -8.828590e-03 0.000000e+00
2.500000e-01 0.000000e+00 0.000000e+00
9.276000e-02 -3.458930e-02 0.000000e+00
1.008200e-01 -2.594200e-02 0.000000e+00
1.088800e-01 -1.729470e-02 0.000000e+00
1.169400e-01 -8.647330e-03 0.000000e+00
1.250000e-01 0.000000e+00 0.000000e+00
9.300750e-02 -2.594200e-02 0.000000e+00
1.010670e-01 -1.729470e-02 0.000000e+00
1.091270e-01 -8.647330e-03 0.000000e+00
1.171880e-01 -1.734720e-18 0.000000e+00
9.325500e-02 -1.729470e-02 0.000000e+00
1.013150e-01 -8.647330e-03 0.000000e+00
1.093750e-01 0.000000e+00 0.000000e+00
9.350250e-02 -8.647330e-03 0.000000e+00
1.015630e-01 0.000000e+00 0.000000e+00
9.375000e-02 0.000000e+00 0.000000e+00
1.778010e-01 3.554020e-02 0.000000e+00
1.802260e-01 2.665520e-02 0.000000e+00
1.826500e-01 1.777010e-02 0.000000e+00
1.850750e-01 8.885060e-03 0.000000e+00
1.875000e-01 0.000000e+00 0.000000e+00
1.878540e-01 3.494390e-02 0.000000e+00
1.902780e-01 2.605880e-02 0.000000e+00
1.927030e-01 1.717370e-02 0.000000e+00
1.951280e-01 8.288670e-03 0.000000e+00
1.979060e-01 3.434750e-02 0.000000e+00
2.003310e-01 2.546240e-02 0.000000e+00
2.027560e-01 1.657730e-02 0.000000e+00
2.079590e-01 3.375110e-02 0.000000e+00
2.103840e-01 2.486600e-02 0.000000e+00
2.180120e-01 3.315470e-02 0.000000e+00
1.250000e-01 0.000000e+00 0.000000e+00
1.328130e-01 -1.734720e-18 0.000000e+00
1.406250e-01 0.000000e+00 0.000000e+00
1.484380e-01 0.000000e+00 0.000000e+00
1.562500e-01 0.000000e+00 0.000000e+00
1.260610e-01 1.194840e-02 0.000000e+00
1.338740e-01 1.194840e-02 0.000000e+00
1.416860e-01 1.194840e-02 0.000000e+00
1.494990e-01 1.194840e-02 0.000000e+00
1.271230e-01 2.389680e-02 0.000000e+00
1.349350e-01 2.389680e-02 0.000000e+00
1.427480e-01 2.389680e-02 0.000000e+00
1.281840e-01 3.584520e-02 0.000000e+00
1.359970e-01 3.584520e-02 0.000000e+00
1.292450e-01 4.779360e-02 0.000000e+00
1.292450e-01 4.779360e-02 0.000000e+00
1.203720e-01 4.465440e-02 0.000000e+00
1.114980e-01 4.151520e-02 0.000000e+00
1.026240e-01 3.837600e-02 0.000000e+00
9.375000e-02 3.523690e-02 0.000000e+00
1.281840e-01 3.584520e-02 0.000000e+00
1.193100e-01 3.270600e-02 0.000000e+00
1.104360e-01 2.956680e-02 0.000000e+00
1.015630e-01 2.642770e-02 0.000000e+00
1.271230e-01 2.389680e-02 0.000000e+00
1.182490e-01 2.075760e-02 0.000000e+00
1.093750e-01 1.761840e-02 0.000000e+00
1.260610e-01 1.194840e-02 0.000000e+00
1.171880e-01 8.809220e-03 0.000000e+00
1.250000e-01 0.000000e+00 0.000000e+00
1.875000e-01 0.000000e+00 0.000000e+00
1.850750e-01 8.885060e-03 0.000000e+00
1.826500e-01 1.777010e-02 0.000000e+00
1.802260e-01 2.665520e-02 0.000000e+00
1.778010e-01 3.554020e-02 0.000000e+00
1.796880e-01 0.000000e+00 0.000000e+00
1.772630e-01 8.885060e-03 0.000000e+00
1.748380e-01 1.777010e-02 0.000000e+00
1.724130e-01 2.665520e-02 0.000000e+00
1.718750e-01 0.000000e+00 0.000000e+00
1.694500e-01 8.885060e-03 0.000000e+00
1.670250e-01 1.777010e-02 0.000000e+00
1.640630e-01 0.000000e+00 0.000000e+00
1.616380e-01 8.885060e-03 0.000000e+00
1.562500e-01 0.000000e+00 0.000000e+00
1.562500e-01 0.000000e+00 0.000000e+00
1.484380e-01 -1.734720e-18 0.000000e+00
1.406250e-01 0.000000e+00 0.000000e+00
1.328130e-01 0.000000e+00 0.000000e+00
1.250000e-01 0.000000e+00 0.000000e+00
1.523440e-01 -1.088110e-02 0.000000e+00
1.445310e-01 -1.088110e-02 0.000000e+00
1.367190e-01 -1.088110e-02 0.000000e+00
1.289060e-01 -1.088110e-02 0.000000e+00
1.484380e-01 -2.176230e-02 0.000000e+00
1.406250e-01 -2.176230e-02 0.000000e+00
1.328130e-01 -2.176230e-02 0.000000e+00
1.445310e-01 -3.264340e-02 0.000000e+00
1.367190e-01 -3.264340e-02 0.000000e+00
1.406250e-01 -4.352450e-02 0.000000e+00
1.778010e-01 3.554020e-02 0.000000e+00
1.656620e-01 3.860360e-02 0.000000e+00
1.535230e-01 4.166690e-02 0.000000e+00
1.413840e-01 4.473020e-02 0.000000e+00
1.292450e-01 4.779360e-02 0.000000e+00
1.724130e-01 2.665520e-02 0.000000e+00
1.602740e-01 2.971850e-02 0.000000e+00
1.481350e-01 3.278180e-02 0.000000e+00
1.359970e-01 3.584520e-02 0.000000e+00
1.670250e-01 1.777010e-02 0.000000e+00
1.548870e-01 2.083350e-02 0.000000e+00
1.427480e-01 2.389680e-02 0.000000e+00
1.616380e-01 8.885060e-03 0.000000e+00
1.494990e-01 1.194840e-02 0.000000e+00
1.562500e-01 0.000000e+00 0.000000e+00
9.276000e-02 -3.458930e-02 0.000000e+00
1.047260e-01 -3.682310e-02 0.000000e+00
1.166920e-01 -3.905690e-02 0.000000e+00
1.286590e-01 -4.129070e-02 0.000000e+00
1.406250e-01 -4.352450e-02 0.000000e+00
1.008200e-01 -2.594200e-02 0.000000e+00
1.127860e-01 -2.817580e-02 0.000000e+00
1.247520e-01 -3.040960e-02 0.000000e+00
1.367190e-01 -3.264340e-02 0.000000e+00
1.088800e-01 -1.729470e-02 0.000000e+00
1.208460e-01 -1.952850e-02 0.000000e+00
1.328130e-01 -2.176230e-02 0.000000e+00
1.169400e-01 -8.647330e-03 0.000000e+00
1.289060e-01 -1.088110e-02 0.000000e+00
1.250000e-01 0.000000e+00 0.000000e+00
1.718750e-01 -3.017620e-02 0.000000e+00
1.679690e-01 -2.263210e-02 0.000000e+00
1.640630e-01 -1.508810e-02 0.000000e+00
1.601560e-01 -7.544040e-03 0.000000e+00
1.562500e-01 0.000000e+00 0.000000e+00
1.640630e-01 -3.351330e-02 0.000000e+00
1.601560e-01 -2.596920e-02 0.000000e+00
1.562500e-01 -1.842520e-02 0.000000e+00
1.523440e-01 -1.088110e-02 0.000000e+00
1.562500e-01 -3.685040e-02 0.000000e+00
1.523440e-01 -2.930630e-02 0.000000e+00
1.484380e-01 -2.176230e-02 0.000000e+00
1.484380e-01 -4.018750e-02 0.000000e+00
1.445310e-01 -3.264340e-02 0.000000e+00
1.406250e-01 -4.352450e-02 0.000000e+00
3.144050e-01 5.300580e-02 0.000000e+00
3.139280e-01 3.975440e-02 0.000000e+00
3.134520e-01 2.650290e-02 0.000000e+00
3.129760e-01 1.325150e-02 0.000000e+00
3.125000e-01 0.000000e+00 0.000000e+00
3.217410e-01 5.127920e-02 0.000000e+00
3.212650e-01 3.802770e-02 0.000000e+00
3.207890e-01 2.477620e-02 0.000000e+00
3.203130e-01 1.152480e-02 0.000000e+00
3.290770e-01 4.955250e-02 0.000000e+00
3.286010e-01 3.630100e-02 0.000000e+00
3.281250e-01 2.304960e-02 0.000000e+00
3.364140e-01 4.782580e-02 0.000000e+00
3.359380e-01 3.457430e-02 0.000000e+00
3.437500e-01 4.609910e-02 0.000000e+00
2.180120e-01 3.315470e-02 0.000000e+00
2.103840e-01 2.486600e-02 0.000000e+00
2.027560e-01 1.657730e-02 0.000000e+00
1.951280e-01 8.288670e-03 0.000000e+00
1.875000e-01 0.000000e+00 0.000000e+00
2.181960e-01 2.486600e-02 0.000000e+00
2.105680e-01 1.657730e-02 0.000000e+00
2.029400e-01 8.288670e-03 0.000000e+00
1.953130e-01 -1.734720e-18 0.000000e+00
2.183810e-01 1.657730e-02 0.000000e+00
2.107530e-01 8.288670e-03 0.000000e+00
2.031250e-01 0.000000e+00 0.000000e+00
2.185650e-01 8.288670e-03 0.000000e+00
2.109380e-01 0.000000e+00 0.000000e+00
2.187500e-01 0.000000e+00 0.000000e+00
2.187500e-01 -3.531440e-02 0.000000e+00
2.109380e-01 -2.648580e-02 0.000000e+00
2.031250e-01 -1.765720e-02 0.000000e+00
1.953130e-01 -8.828590e-03 0.000000e+00
1.875000e-01 0.000000e+00 0.000000e+00
2.070310e-01 -3.402980e-02 0.000000e+00
1.992190e-01 -2.520120e-02 0.000000e+00
1.914060e-01 -1.637260e-02 0.000000e+00
1.835940e-01 -7.544040e-03 0.000000e+00
1.953130e-01 -3.274530e-02 0.000000e+00
1.875000e-01 -2.391670e-02 0.000000e+00
1.796880e-01 -1.508810e-02 0.000000e+00
1.835940e-01 -3.146070e-02 0.000000e+00
1.757810e-01 -2.263210e-02 0.000000e+00
1.718750e-01 -3.017620e-02 0.000000e+00
3.437500e-01 0.000000e+00 0.000000e+00
3.359380e-01 0.000000e+00 0.000000e+00
3.281250e-01 0.000000e+00 0.000000e+00
3.203130e-01 0.000000e+00 0.000000e+00
3.125000e-01 0.000000e+00 0.000000e+00
3.437500e-01 -8.931420e-03 0.000000e+00
3.359380e-01 -8.931420e-03 0.000000e+00
3.281250e-01 -8.931420e-03 0.000000e+00
3.203130e-01 -8.931420e-03 0.000000e+00
3.437500e-01 -1.786280e-02 0.000000e+00
3.359380e-01 -1.786280e-02 0.000000e+00
3.281250e-01 -1.786280e-02 0.000000e+00
3.437500e-01 -2.679430e-02 0.000000e+00
3.359380e-01 -2.679430e-02 0.000000e+00
3.437500e-01 -3.572570e-02 0.000000e+00
2.500000e-01 0.000000e+00 0.000000e+00
2.502930e-01 8.180470e-03 0.000000e+00
2.505860e-01 1.636090e-02 0.000000e+00
2.508790e-01 2.454140e-02 0.000000e+00
2.511720e-01 3.272190e-02 0.000000e+00
2.420030e-01 8.288670e-03 0.000000e+00
2.422960e-01 1.646910e-02 0.000000e+00
2.425890e-01 2.464960e-02 0.000000e+00
2.428820e-01 3.283010e-02 0.000000e+00
2.340060e-01 1.657730e-02 0.000000e+00
2.342990e-01 2.475780e-02 0.000000e+00
2.345920e-01 3.293830e-02 0.000000e+00
2.260090e-01 2.486600e-02 0.000000e+00
2.263020e-01 3.304650e-02 0.000000e+00
2.180120e-01 3.315470e-02 0.000000e+00
2.968750e-01 -2.826770e-02 0.000000e+00
3.007810e-01 -2.120080e-02 0.000000e+00
3.046880e-01 -1.413380e-02 0.000000e+00
3.085940e-01 -7.066920e-03 0.000000e+00
3.125000e-01 0.000000e+00 0.000000e+00
2.929690e-01 -2.120080e-02 0.000000e+00
2.968750e-01 -1.413380e-02 0.000000e+00
3.007810e-01 -7.066920e-03 0.000000e+00
3.046880e-01 0.000000e+00 0.000000e+00
2.890630e-01 -1.413380e-02 0.000000e+00
2.929690e-01 -7.066920e-03 0.000000e+00
2.968750e-01 0.000000e+00 0.000000e+00
2.851560e-01 -7.066920e-03 0.000000e+00
2.890630e-01 0.000000e+00 0.000000e+00
2.812500e-01 0.000000e+00 0.000000e+00
2.187500e-01 0.000000e+00 0.000000e+00
2.265630e-01 -1.734720e-18 0.000000e+00
2.343750e-01 0.000000e+00 0.000000e+00
2.421880e-01 0.000000e+00 0.000000e+00
2.500000e-01 0.000000e+00 0.000000e+00
2.185650e-01 8.288670e-03 0.000000e+00
2.263780e-01 8.288670e-03 0.000000e+00
2.341900e-01 8.288670e-03 0.000000e+00
2.420030e-01 8.288670e-03 0.000000e+00
2.183810e-01 1.657730e-02 0.000000e+00
2.261930e-01 1.657730e-02 0.000000e+00
2.340060e-01 1.657730e-02 0.000000e+00
2.181960e-01 2.486600e-02 0.000000e+00
2.260090e-01 2.486600e-02 0.000000e+00
2.180120e-01 3.315470e-02 0.000000e+00
2.812500e-01 0.000000e+00 0.000000e+00
2.831340e-01 9.278240e-03 0.000000e+00
2.850180e-01 1.855650e-02 0.000000e+00
2.869030e-01 2.783470e-02 0.000000e+00
2.887870e-01 3.711290e-02 0.000000e+00
2.737300e-01 8.180470e-03 0.000000e+00
2.756150e-01 1.745870e-02 0.000000e+00
2.774990e-01 2.673690e-02 0.000000e+00
2.793830e-01 3.601520e-02 0.000000e+00
2.662110e-01 1.636090e-02 0.000000e+00
2.680950e-01 2.563920e-02 0.000000e+00
2.699790e-01 3.491740e-02 0.000000e+00
2.586910e-01 2.454140e-02 0.000000e+00
2.605760e-01 3.381960e-02 0.000000e+00
2.511720e-01 3.272190e-02 0.000000e+00
2.812500e-01 0.000000e+00 0.000000e+00
2.734380e-01 -1.734720e-18 0.000000e+00
2.656250e-01 0.000000e+00 0.000000e+00
2.578130e-01 0.000000e+00 0.000000e+00
2.500000e-01 0.000000e+00 0.000000e+00
2.773440e-01 -9.107760e-03 0.000000e+00
2.695310e-01 -9.107760e-03 0.000000e+00
2.617190e-01 -9.107760e-03 0.000000e+00
2.539060e-01 -9.107760e-03 0.000000e+00
2.734380e-01 -1.821550e-02 0.000000e+00
2.656250e-01 -1.821550e-02 0.000000e+00
2.578130e-01 -1.821550e-02 0.000000e+00
2.695310e-01 -2.732330e-02 0.000000e+00
2.617190e-01 -2.732330e-02 0.000000e+00
2.656250e-01 -3.643110e-02 0.000000e+00
2.812500e-01 0.000000e+00 0.000000e+00
2.737300e-01 8.180470e-03 0.000000e+00
2.662110e-01 1.636090e-02 0.000000e+00
2.586910e-01 2.454140e-02 0.000000e+00
2.511720e-01 3.272190e-02 0.000000e+00
2.734380e-01 0.000000e+00 0.000000e+00
2.659180e-01 8.180470e-03 0.000000e+00
2.583980e-01 1.636090e-02 0.000000e+00
2.508790e-01 2.454140e-02 0.000000e+00
2.656250e-01 0.000000e+00 0.000000e+00
2.581050e-01 8.180470e-03 0.000000e+00
2.505860e-01 1.636090e-02 0.000000e+00
2.578130e-01 -1.734720e-18 0.000000e+00
2.502930e-01 8.180470e-03 0.000000e+00
2.500000e-01 0.000000e+00 0.000000e+00
2.187500e-01 -3.531440e-02 0.000000e+00
2.304690e-01 -3.559350e-02 0.000000e+00
2.421880e-01 -3.587270e-02 0.000000e+00
2.539060e-01 -3.615190e-02 0.000000e+00
2.656250e-01 -3.643110e-02 0.000000e+00
2.265630e-01 -2.648580e-02 0.000000e+00
2.382810e-01 -2.676490e-02 0.000000e+00
2.500000e-01 -2.704410e-02 0.000000e+00
2.617190e-01 -2.732330e-02 0.000000e+00
2.343750e-01 -1.765720e-02 0.000000e+00
2.460940e-01 -1.793640e-02 0.000000e+00
2.578130e-01 -1.821550e-02 0.000000e+00
2.421880e-01 -8.828590e-03 0.000000e+00
2.539060e-01 -9.107760e-03 0.000000e+00
2.500000e-01 0.000000e+00 0.000000e+00
3.125000e-01 0.000000e+00 0.000000e+00
3.085940e-01 -7.066920e-03 0.000000e+00
3.046880e-01 -1.413380e-02 0.000000e+00
3.007810e-01 -2.120080e-02 0.000000e+00
2.968750e-01 -2.826770e-02 0.000000e+00
3.203130e-01 -8.931420e-03 0.000000e+00
3.164060e-01 -1.599830e-02 0.000000e+00
3.125000e-01 -2.306530e-02 0.000000e+00
3.085940e-01 -3.013220e-02 0.000000e+00
3.281250e-01 -1.786280e-02 0.000000e+00
3.242190e-01 -2.492980e-02 0.000000e+00
3.203130e-01 -3.199670e-02 0.000000e+00
3.359380e-01 -2.679430e-02 0.000000e+00
3.320310e-01 -3.386120e-02 0.000000e+00
3.437500e-01 -3.572570e-02 0.000000e+00
2.968750e-01 -2.826770e-02 0.000000e+00
2.929690e-01 -2.120080e-02 0.000000e+00
2.890630e-01 -1.413380e-02 0.000000e+00
2.851560e-01 -7.066920e-03 0.000000e+00
2.812500e-01 0.000000e+00 0.000000e+00
2.890630e-01 -3.030850e-02 0.000000e+00
2.851560e-01 -2.324160e-02 0.000000e+00
2.812500e-01 -1.617470e-02 0.000000e+00
2.773440e-01 -9.107760e-03 0.000000e+00
2.812500e-01 -3.234940e-02 0.000000e+00
2.773440e-01 -2.528250e-02 0.000000e+00
2.734380e-01 -1.821550e-02 0.000000e+00
2.734380e-01 -3.439020e-02 0.000000e+00
2.695310e-01 -2.732330e-02 0.000000e+00
2.656250e-01 -3.643110e-02 0.000000e+00
2.887870e-01 3.711290e-02 0.000000e+00
2.869030e-01 2.783470e-02 0.000000e+00
2.850180e-01 1.855650e-02 0.000000e+00
2.831340e-01 9.278240e-03 0.000000e+00
2.812500e-01 0.000000e+00 0.000000e+00
2.947150e-01 2.783470e-02 0.000000e+00
2.928310e-01 1.855650e-02 0.000000e+00
2.909470e-01 9.278240e-03 0.000000e+00
2.890630e-01 1.734720e-18 0.000000e+00
3.006430e-01 1.855650e-02 0.000000e+00
2.987590e-01 9.278240e-03 0.000000e+00
2.968750e-01 0.000000e+00 0.000000e+00
3.065720e-01 9.278240e-03 0.000000e+00
3.046880e-01 0.000000e+00 0.000000e+00
3.125000e-01 0.000000e+00 0.000000e+00
3.437500e-01 0.000000e+00 0.000000e+00
3.437500e-01 1.152480e-02 0.000000e+00
3.437500e-01 2.304960e-02 0.000000e+00
3.437500e-01 3.457430e-02 0.000000e+00
3.437500e-01 4.609910e-02 0.000000e+00
3.359380e-01 0.000000e+00 0.000000e+00
3.359380e-01 1.152480e-02 0.000000e+00
3.359380e-01 2.304960e-02 0.000000e+00
3.359380e-01 3.457430e-02 0.000000e+00
3.281250e-01 0.000000e+00 0.000000e+00
3.281250e-01 1.152480e-02 0.000000e+00
3.281250e-01 2.304960e-02 0.000000e+00
3.203130e-01 -1.734720e-18 0.000000e+00
3.203130e-01 1.152480e-02 0.000000e+00
3.125000e-01 0.000000e+00 0.000000e+00
4.062500e-01 0.000000e+00 0.000000e+00
4.101560e-01 1.384940e-02 0.000000e+00
4.140630e-01 2.769880e-02 0.000000e+00
4.179690e-01 4.154820e-02 0.000000e+00
4.218750e-01 5.539760e-02 0.000000e+00
4.023440e-01 8.577350e-03 0.000000e+00
4.062500e-01 2.242680e-02 0.000000e+00
4.101560e-01 3.627620e-02 0.000000e+00
4.140630e-01 5.012560e-02 0.000000e+00
3.984380e-01 1.715470e-02 0.000000e+00
4.023440e-01 3.100410e-02 0.000000e+00
4.062500e-01 4.485350e-02 0.000000e+00
3.945310e-01 2.573210e-02 0.000000e+00
3.984380e-01 3.958150e-02 0.000000e+00
3.906250e-01 3.430940e-02 0.000000e+00
4.687500e-01 -3.541300e-02 0.000000e+00
4.687500e-01 -2.655980e-02 0.000000e+00
4.687500e-01 -1.770650e-02 0.000000e+00
4.687500e-01 -8.853260e-03 0.000000e+00
4.687500e-01 0.000000e+00 0.000000e+00
4.609380e-01 -2.655980e-02 0.000000e+00
4.609380e-01 -1.770650e-02 0.000000e+00
4.609380e-01 -8.853260e-03 0.000000e+00
4.609380e-01 1.734720e-18 0.000000e+00
4.531250e-01 -1.770650e-02 0.000000e+00
4.531250e-01 -8.853260e-03 0.000000e+00
4.531250e-01 0.000000e+00 0.000000e+00
4.453130e-01 -8.853260e-03 0.000000e+00
4.453130e-01 0.000000e+00 0.000000e+00
4.375000e-01 0.000000e+00 0.000000e+00
4.375000e-01 0.000000e+00 0.000000e+00
4.335940e-01 -7.408890e-03 0.000000e+00
4.296880e-01 -1.481780e-02 0.000000e+00
4.257810e-01 -2.222670e-02 0.000000e+00
4.218750e-01 -2.963560e-02 0.000000e+00
4.453130e-01 -8.853260e-03 0.000000e+00
4.414060e-01 -1.626210e-02 0.000000e+00
4.375000e-01 -2.367100e-02 0.000000e+00
4.335940e-01 -3.107990e-02 0.000000e+00
4.531250e-01 -1.770650e-02 0.000000e+00
4.492190e-01 -2.511540e-02 0.000000e+00
4.453130e-01 -3.252430e-02 0.000000e+00
4.609380e-01 -2.655980e-02 0.000000e+00
4.570310e-01 -3.396870e-02 0.000000e+00
4.687500e-01 -3.541300e-02 0.000000e+00
4.062500e-01 0.000000e+00 0.000000e+00
3.984380e-01 0.000000e+00 0.000000e+00
3.906250e-01 0.000000e+00 0.000000e+00
3.828130e-01 0.000000e+00 0.000000e+00
3.750000e-01 0.000000e+00 0.000000e+00
3.976900e-01 -7.228680e-03 0.000000e+00
3.898770e-01 -7.228680e-03 0.000000e+00
3.820650e-01 -7.228680e-03 0.000000e+00
3.742520e-01 -7.228680e-03 0.000000e+00
3.891300e-01 -1.445740e-02 0.000000e+00
3.813170e-01 -1.445740e-02 0.000000e+00
3.735050e-01 -1.445740e-02 0.000000e+00
3.805700e-01 -2.168600e-02 0.000000e+00
3.727570e-01 -2.168600e-02 0.000000e+00
3.720100e-01 -2.891470e-02 0.000000e+00
2.887870e-01 3.711290e-02 0.000000e+00
2.947150e-01 2.783470e-02 0.000000e+00
3.006430e-01 1.855650e-02 0.000000e+00
3.065720e-01 9.278240e-03 0.000000e+00
3.125000e-01 0.000000e+00 0.000000e+00
2.951910e-01 4.108620e-02 0.000000e+00
3.011200e-01 3.180790e-02 0.000000e+00
3.070480e-01 2.252970e-02 0.000000e+00
3.129760e-01 1.325150e-02 0.000000e+00
3.015960e-01 4.505940e-02 0.000000e+00
3.075240e-01 3.578110e-02 0.000000e+00
3.134520e-01 2.650290e-02 0.000000e+00
3.080000e-01 4.903260e-02 0.000000e+00
3.139280e-01 3.975440e-02 0.000000e+00
3.144050e-01 5.300580e-02 0.000000e+00
3.750000e-01 0.000000e+00 0.000000e+00
3.828130e-01 0.000000e+00 0.000000e+00
3.906250e-01 0.000000e+00 0.000000e+00
3.984380e-01 0.000000e+00 0.000000e+00
4.062500e-01 0.000000e+00 0.000000e+00
3.789060e-01 8.577350e-03 0.000000e+00
3.867190e-01 8.577350e-03 0.000000e+00
3.945310e-01 8.577350e-03 0.000000e+00
4.023440e-01 8.577350e-03 0.000000e+00
3.828130e-01 1.715470e-02 0.000000e+00
3.906250e-01 1.715470e-02 0.000000e+00
3.984380e-01 1.715470e-02 0.000000e+00
3.867190e-01 2.573210e-02 0.000000e+00
3.945310e-01 2.573210e-02 0.000000e+00
3.906250e-01 3.430940e-02 0.000000e+00
-9.801710e-02 9.951850e-01 0.000000e+00
-9.795110e-02 9.804060e-01 0.000000e+00
-9.788510e-02 9.656270e-01 0.000000e+00
-9.781900e-02 9.508480e-01 0.000000e+00
-9.775300e-02 9.360700e-01 0.000000e+00
-8.991940e-02 9.819050e-01 0.000000e+00
-8.985340e-02 9.671260e-01 0.000000e+00
-8.978740e-02 9.523480e-01 0.000000e+00
-8.972130e-02 9.375690e-01 0.000000e+00
-8.182170e-02 9.686260e-01 0.000000e+00
-8.175570e-02 9.538470e-01 0.000000e+00
-8.168970e-02 9.390680e-01 0.000000e+00
-7.372400e-02 9.553460e-01 0.000000e+00
-7.365800e-02 9.405670e-01 0.000000e+00
-6.562630e-02 9.420660e-01 0.000000e+00
-1.250000e-01 0.000000e+00 0.000000e+00
-1.171870e-01 0.000000e+00 0.000000e+00
-1.093750e-01 0.000000e+00 0.000000e+00
-1.015620e-01 0.000000e+00 0.000000e+00
-9.375000e-02 0.000000e+00 0.000000e+00
-1.246720e-01 7.568070e-03 0.000000e+00
-1.168600e-01 7.568070e-03 0.000000e+00
-1.090470e-01 7.568070e-03 0.000000e+00
-1.012350e-01 7.568070e-03 0.000000e+00
-1.243440e-01 1.513610e-02 0.000000e+00
-1.165320e-01 1.513610e-02 0.000000e+00
-1.087190e-01 1.513610e-02 0.000000e+00
-1.240160e-01 2.270420e-02 0.000000e+00
-1.162040e-01 2.270420e-02 0.000000e+00
-1.236880e-01 3.027230e-02 0.000000e+00
-3.667240e-01 8.976310e-01 0.000000e+00
-3.707140e-01 9.041930e-01 0.000000e+00
-3.747040e-01 9.107550e-01 0.000000e+00
-3.786940e-01 9.173170e-01 0.000000e+00
-3.826830e-01 9.238800e-01 0.000000e+00
-3.737240e-01 8.932230e-01 0.000000e+00
-3.777140e-01 8.997850e-01 0.000000e+00
-3.817030e-01 9.063470e-01 0.000000e+00
-3.856930e-01 9.129090e-01 0.000000e+00
-3.807230e-01 8.888150e-01 0.000000e+00
-3.847130e-01 8.953770e-01 0.000000e+00
-3.887030e-01 9.019390e-01 0.000000e+00
-3.877230e-01 8.844070e-01 0.000000e+00
-3.917130e-01 8.909690e-01 0.000000e+00
-3.947220e-01 8.799990e-01 0.000000e+00
-4.245590e-01 8.619220e-01 0.000000e+00
-4.171000e-01 8.664410e-01 0.000000e+00
-4.096410e-01 8.709610e-01 0.000000e+00
-4.021820e-01 8.754800e-01 0.000000e+00
-3.947220e-01 8.799990e-01 0.000000e+00
-4.253080e-01 8.724390e-01 0.000000e+00
-4.178490e-01 8.769580e-01 0.000000e+00
-4.103900e-01 8.814770e-01 0.000000e+00
-4.029300e-01 8.859970e-01 0.000000e+00
-4.260570e-01 8.829560e-01 0.000000e+00
-4.185980e-01 8.874750e-01 0.000000e+00
-4.111390e-01 8.919940e-01 0.000000e+00
-4.268060e-01 8.934720e-01 0.000000e+00
-4.193470e-01 8.979920e-01 0.000000e+00
-4.275550e-01 9.039890e-01 0.000000e+00
-4.245590e-01 8.619220e-01 0.000000e+00
-4.253080e-01 8.724390e-01 0.000000e+00
-4.260570e-01 8.829560e-01 0.000000e+00
-4.268060e-01 8.934720e-01 0.000000e+00
-4.275550e-01 9.039890e-01 0.000000e+00
-4.362690e-01 8.669220e-01 0.000000e+00
-4.370510e-01 8.775060e-01 0.000000e+00
-4.378340e-01 8.880900e-01 0.000000e+00
-4.386160e-01 8.986740e-01 0.000000e+00
-4.479780e-01 8.719220e-01 0.000000e+00
-4.487950e-01 8.825730e-01 0.000000e+00
-4.496110e-01 8.932240e-01 0.000000e+00
-4.596870e-01 8.769210e-01 0.000000e+00
-4.605390e-01 8.876400e-01 0.000000e+00
-4.713970e-01 8.819210e-01 0.000000e+00
-4.713970e-01 8.819210e-01 0.000000e+00
-4.663000e-01 8.714810e-01 0.000000e+00
-4.612040e-01 8.610400e-01 0.000000e+00
-4.561080e-01 8.505990e-01 0.000000e+00
-4.510110e-01 8.401590e-01 0.000000e+00
-4.596870e-01 8.769210e-01 0.000000e+00
-4.545910e-01 8.664810e-01 0.000000e+00
-4.494950e-01 8.560400e-01 0.000000e+00
-4.443980e-01 8.456000e-01 0.000000e+00
-4.479780e-01 8.719220e-01 0.000000e+00
-4.428820e-01 8.614810e-01 0.000000e+00
-4.377850e-01 8.510400e-01 0.000000e+00
-4.362690e-01 8.669220e-01 0.000000e+00
-4.311720e-01 8.564810e-01 0.000000e+00
-4.245590e-01 8.619220e-01 0.000000e+00
-1.950900e-01 9.807850e-01 0.000000e+00
-2.071110e-01 9.783170e-01 0.000000e+00
-2.191010e-01 9.757020e-01 0.000000e+00
-2.310580e-01 9.729400e-01 0.000000e+00
-2.429800e-01 9.700310e-01 0.000000e+00
-1.978760e-01 9.652070e-01 0.000000e+00
-2.098810e-01 9.626660e-01 0.000000e+00
-2.218540e-01 9.599770e-01 0.000000e+00
-2.337930e-01 9.571420e-01 0.000000e+00
-2.006610e-01 9.496290e-01 0.000000e+00
-2.126500e-01 9.470140e-01 0.000000e+00
-2.246060e-01 9.442520e-01 0.000000e+00
-2.034460e-01 9.340520e-01 0.000000e+00
-2.154180e-01 9.313630e-01 0.000000e+00
-2.062310e-01 9.184740e-01 0.000000e+00
-7.043030e-01 6.529670e-01 0.000000e+00
-7.050040e-01 6.665020e-01 0.000000e+00
-7.057050e-01 6.800370e-01 0.000000e+00
-7.064060e-01 6.935720e-01 0.000000e+00
-7.071070e-01 7.071070e-01 0.000000e+00
-7.134650e-01 6.576150e-01 0.000000e+00
-7.142210e-01 6.712020e-01 0.000000e+00
-7.149760e-01 6.847890e-01 0.000000e+00
-7.157310e-01 6.983760e-01 0.000000e+00
-7.226270e-01 6.622630e-01 0.000000e+00
-7.234370e-01 6.759020e-01 0.000000e+00
-7.242470e-01 6.895410e-01 0.000000e+00
-7.317890e-01 6.669110e-01 0.000000e+00
-7.326540e-01 6.806010e-01 0.000000e+00
-7.409510e-01 6.715590e-01 0.000000e+00
-7.730100e-01 6.343930e-01 0.000000e+00
-7.602960e-01 6.276220e-01 0.000000e+00
-7.475810e-01 6.208500e-01 0.000000e+00
-7.348660e-01 6.140780e-01 0.000000e+00
-7.221520e-01 6.073060e-01 0.000000e+00
-7.628730e-01 6.348100e-01 0.000000e+00
-7.501580e-01 6.280380e-01 0.000000e+00
-7.374430e-01 6.212660e-01 0.000000e+00
-7.247280e-01 6.144940e-01 0.000000e+00
-7.527350e-01 6.352260e-01 0.000000e+00
-7.400200e-01 6.284540e-01 0.000000e+00
-7.273050e-01 6.216830e-01 0.000000e+00
-7.425970e-01 6.356430e-01 0.000000e+00
-7.298820e-01 6.288710e-01 0.000000e+00
-7.324590e-01 6.360590e-01 0.000000e+00
-7.071070e-01 7.071070e-01 0.000000e+00
-6.982830e-01 6.947690e-01 0.000000e+00
-6.894590e-01 6.824310e-01 0.000000e+00
-6.806360e-01 6.700930e-01 0.000000e+00
-6.718120e-01 6.577550e-01 0.000000e+00
-6.952620e-01 7.032140e-01 0.000000e+00
-6.864390e-01 6.908760e-01 0.000000e+00
-6.776150e-01 6.785380e-01 0.000000e+00
-6.687910e-01 6.662000e-01 0.000000e+00
-6.834180e-01 6.993200e-01 0.000000e+00
-6.745940e-01 6.869830e-01 0.000000e+00
-6.657700e-01 6.746450e-01 0.000000e+00
-6.715730e-01 6.954270e-01 0.000000e+00
-6.627500e-01 6.830890e-01 0.000000e+00
-6.597290e-01 6.915340e-01 0.000000e+00
-5.858590e-01 7.537670e-01 0.000000e+00
-5.979930e-01 7.585780e-01 0.000000e+00
-6.101260e-01 7.633890e-01 0.000000e+00
-6.222600e-01 7.682000e-01 0.000000e+00
-6.343930e-01 7.730100e-01 0.000000e+00
-5.945090e-01 7.477080e-01 0.000000e+00
-6.066420e-01 7.525190e-01 0.000000e+00
-6.187760e-01 7.573300e-01 0.000000e+00
-6.309090e-01 7.621410e-01 0.000000e+00
-6.031580e-01 7.416500e-01 0.000000e+00
-6.152910e-01 7.464600e-01 0.000000e+00
-6.274250e-01 7.512710e-01 0.000000e+00
-6.118070e-01 7.355910e-01 0.000000e+00
-6.239410e-01 7.404020e-01 0.000000e+00
-6.204570e-01 7.295320e-01 0.000000e+00
-7.324590e-01 6.360590e-01 0.000000e+00
-7.345820e-01 6.449340e-01 0.000000e+00
-7.367050e-01 6.538090e-01 0.000000e+00
-7.388280e-01 6.626840e-01 0.000000e+00
-7.409510e-01 6.715590e-01 0.000000e+00
-7.425970e-01 6.356430e-01 0.000000e+00
-7.447770e-01 6.445670e-01 0.000000e+00
-7.469570e-01 6.534910e-01 0.000000e+00
-7.491360e-01 6.624160e-01 0.000000e+00
-7.527350e-01 6.352260e-01 0.000000e+00
-7.549720e-01 6.441990e-01 0.000000e+00
-7.572090e-01 6.531730e-01 0.000000e+00
-7.628730e-01 6.348100e-01 0.000000e+00
-7.651670e-01 6.438320e-01 0.000000e+00
-7.730100e-01 6.343930e-01 0.000000e+00
-7.043030e-01 6.529670e-01 0.000000e+00
-7.134650e-01 6.576150e-01 0.000000e+00
-7.226270e-01 6.622630e-01 0.000000e+00
-7.317890e-01 6.669110e-01 0.000000e+00
-7.409510e-01 6.715590e-01 0.000000e+00
-7.113420e-01 6.487400e-01 0.000000e+00
-7.205040e-01 6.533880e-01 0.000000e+00
-7.296660e-01 6.580360e-01 0.000000e+00
-7.388280e-01 6.626840e-01 0.000000e+00
-7.183810e-01 6.445130e-01 0.000000e+00
-7.275430e-01 6.491610e-01 0.000000e+00
-7.367050e-01 6.538090e-01 0.000000e+00
-7.254200e-01 6.402860e-01 0.000000e+00
-7.345820e-01 6.449340e-01 0.000000e+00
-7.324590e-01 6.360590e-01 0.000000e+00
-6.597290e-01 6.915340e-01 0.000000e+00
-6.508860e-01 6.930310e-01 0.000000e+00
-6.420430e-01 6.945270e-01 0.000000e+00
-6.332000e-01 6.960240e-01 0.000000e+00
-6.243570e-01 6.975210e-01 0.000000e+00
-6.626860e-01 7.038880e-01 0.000000e+00
-6.538430e-01 7.053850e-01 0.000000e+00
-6.450000e-01 7.068820e-01 0.000000e+00
-6.361580e-01 7.083780e-01 0.000000e+00
-6.656440e-01 7.162430e-01 0.000000e+00
-6.568010e-01 7.177390e-01 0.000000e+00
-6.479580e-01 7.192360e-01 0.000000e+00
-6.686010e-01 7.285970e-01 0.000000e+00
-6.597580e-01 7.300940e-01 0.000000e+00
-6.715590e-01 7.409510e-01 0.000000e+00
-4.750290e-01 8.187510e-01 0.000000e+00
-4.690250e-01 8.241030e-01 0.000000e+00
-4.630200e-01 8.294550e-01 0.000000e+00
-4.570160e-01 8.348070e-01 0.000000e+00
-4.510110e-01 8.401590e-01 0.000000e+00
-4.847980e-01 8.284960e-01 0.000000e+00
-4.787930e-01 8.338470e-01 0.000000e+00
-4.727890e-01 8.391990e-01 0.000000e+00
-4.667840e-01 8.445510e-01 0.000000e+00
-4.945660e-01 8.382400e-01 0.000000e+00
-4.885620e-01 8.435920e-01 0.000000e+00
-4.825570e-01 8.489440e-01 0.000000e+00
-5.043340e-01 8.479840e-01 0.000000e+00
-4.983300e-01 8.533360e-01 0.000000e+00
-5.141030e-01 8.577290e-01 0.000000e+00
-6.343930e-01 7.730100e-01 0.000000e+00
-6.438320e-01 7.651670e-01 0.000000e+00
-6.531730e-01 7.572090e-01 0.000000e+00
-6.624160e-01 7.491360e-01 0.000000e+00
-6.715590e-01 7.409510e-01 0.000000e+00
-6.309090e-01 7.621410e-01 0.000000e+00
-6.402990e-01 7.542400e-01 0.000000e+00
-6.495910e-01 7.462250e-01 0.000000e+00
-6.587830e-01 7.380960e-01 0.000000e+00
-6.274250e-01 7.512710e-01 0.000000e+00
-6.367660e-01 7.433130e-01 0.000000e+00
-6.460080e-01 7.352420e-01 0.000000e+00
-6.239410e-01 7.404020e-01 0.000000e+00
-6.332320e-01 7.323870e-01 0.000000e+00
-6.204570e-01 7.295320e-01 0.000000e+00
-5.956990e-01 8.032080e-01 0.000000e+00
-6.055110e-01 7.958370e-01 0.000000e+00
-6.152320e-01 7.883460e-01 0.000000e+00
-6.248590e-01 7.807370e-01 0.000000e+00
-6.343930e-01 7.730100e-01 0.000000e+00
-5.932390e-01 7.908470e-01 0.000000e+00
-6.030050e-01 7.834170e-01 0.000000e+00
-6.126790e-01 7.758670e-01 0.000000e+00
-6.222600e-01 7.682000e-01 0.000000e+00
-5.907790e-01 7.784870e-01 0.000000e+00
-6.004990e-01 7.709970e-01 0.000000e+00
-6.101260e-01 7.633890e-01 0.000000e+00
-5.883190e-01 7.661270e-01 0.000000e+00
-5.979930e-01 7.585780e-01 0.000000e+00
-5.858590e-01 7.537670e-01 0.000000e+00
-8.314700e-01 5.555700e-01 0.000000e+00
-8.225190e-01 5.463210e-01 0.000000e+00
-8.135690e-01 5.370720e-01 0.000000e+00
-8.046180e-01 5.278230e-01 0.000000e+00
-7.956680e-01 5.185740e-01 0.000000e+00
-8.203960e-01 5.555030e-01 0.000000e+00
-8.114450e-01 5.462540e-01 0.000000e+00
-8.024950e-01 5.370050e-01 0.000000e+00
-7.935440e-01 5.277560e-01 0.000000e+00
-8.093220e-01 5.554360e-01 0.000000e+00
-8.003720e-01 5.461870e-01 0.000000e+00
-7.914210e-01 5.369380e-01 0.000000e+00
-7.982480e-01 5.553690e-01 0.000000e+00
-7.892980e-01 5.461200e-01 0.000000e+00
-7.871740e-01 5.553020e-01 0.000000e+00
-8.577290e-01 -5.141030e-01 0.000000e+00
-8.458880e-01 -5.100180e-01 0.000000e+00
-8.340460e-01 -5.059330e-01 0.000000e+00
-8.222050e-01 -5.018490e-01 0.000000e+00
-8.103640e-01 -4.977640e-01 0.000000e+00
-8.532950e-01 -5.038970e-01 0.000000e+00
-8.414540e-01 -4.998120e-01 0.000000e+00
-8.296130e-01 -4.957270e-01 0.000000e+00
-8.177710e-01 -4.916420e-01 0.000000e+00
-8.488610e-01 -4.936900e-01 0.000000e+00
-8.370200e-01 -4.896060e-01 0.000000e+00
-8.251790e-01 -4.855210e-01 0.000000e+00
-8.444270e-01 -4.834840e-01 0.000000e+00
-8.325860e-01 -4.793990e-01 0.000000e+00
-8.399930e-01 -4.732780e-01 0.000000e+00
-8.032080e-01 -5.956990e-01 0.000000e+00
-7.914710e-01 -5.881320e-01 0.000000e+00
-7.797350e-01 -5.805650e-01 0.000000e+00
-7.679990e-01 -5.729970e-01 0.000000e+00
-7.562630e-01 -5.654300e-01 0.000000e+00
-7.977010e-01 -5.821780e-01 0.000000e+00
-7.859650e-01 -5.746100e-01 0.000000e+00
-7.742290e-01 -5.670430e-01 0.000000e+00
-7.624930e-01 -5.594760e-01 0.000000e+00
-7.921940e-01 -5.686560e-01 0.000000e+00
-7.804580e-01 -5.610890e-01 0.000000e+00
-7.687220e-01 -5.535210e-01 0.000000e+00
-7.866870e-01 -5.551350e-01 0.000000e+00
-7.749510e-01 -5.475670e-01 0.000000e+00
-7.811810e-01 -5.416130e-01 0.000000e+00
-7.788630e-01 -5.072220e-01 0.000000e+00
-7.920150e-01 -5.193090e-01 0.000000e+00
-8.051660e-01 -5.313960e-01 0.000000e+00
-8.183180e-01 -5.434830e-01 0.000000e+00
-8.314700e-01 -5.555700e-01 0.000000e+00
-7.794430e-01 -5.158200e-01 0.000000e+00
-7.925940e-01 -5.279070e-01 0.000000e+00
-8.057460e-01 -5.399940e-01 0.000000e+00
-8.188970e-01 -5.520810e-01 0.000000e+00
-7.800220e-01 -5.244170e-01 0.000000e+00
-7.931740e-01 -5.365040e-01 0.000000e+00
-8.063250e-01 -5.485920e-01 0.000000e+00
-7.806010e-01 -5.330150e-01 0.000000e+00
-7.937530e-01 -5.451020e-01 0.000000e+00
-7.811810e-01 -5.416130e-01 0.000000e+00
-7.132570e-01 -6.255760e-01 0.000000e+00
-7.281950e-01 -6.277810e-01 0.000000e+00
-7.431340e-01 -6.299850e-01 0.000000e+00
-7.580720e-01 -6.321890e-01 0.000000e+00
-7.730100e-01 -6.343930e-01 0.000000e+00
-7.201800e-01 -6.370720e-01 0.000000e+00
-7.351760e-01 -6.393250e-01 0.000000e+00
-7.501710e-01 -6.415790e-01 0.000000e+00
-7.651670e-01 -6.438320e-01 0.000000e+00
-7.271040e-01 -6.485680e-01 0.000000e+00
-7.421560e-01 -6.508700e-01 0.000000e+00
-7.572090e-01 -6.531730e-01 0.000000e+00
-7.340280e-01 -6.600630e-01 0.000000e+00
-7.491360e-01 -6.624160e-01 0.000000e+00
-7.409510e-01 -6.715590e-01 0.000000e+00
-7.489550e-01 -5.965330e-01 0.000000e+00
-7.625180e-01 -5.963240e-01 0.000000e+00
-7.760810e-01 -5.961160e-01 0.000000e+00
-7.896440e-01 -5.959080e-01 0.000000e+00
-8.032080e-01 -5.956990e-01 0.000000e+00
-7.549690e-01 -6.059980e-01 0.000000e+00
-7.685910e-01 -6.058360e-01 0.000000e+00
-7.822140e-01 -6.056740e-01 0.000000e+00
-7.958370e-01 -6.055110e-01 0.000000e+00
-7.609830e-01 -6.154630e-01 0.000000e+00
-7.746640e-01 -6.153480e-01 0.000000e+00
-7.883460e-01 -6.152320e-01 0.000000e+00
-7.669970e-01 -6.249280e-01 0.000000e+00
-7.807370e-01 -6.248590e-01 0.000000e+00
-7.730100e-01 -6.343930e-01 0.000000e+00
-7.562630e-01 -5.654300e-01 0.000000e+00
-7.679990e-01 -5.729970e-01 0.000000e+00
-7.797350e-01 -5.805650e-01 0.000000e+00
-7.914710e-01 -5.881320e-01 0.000000e+00
-8.032080e-01 -5.956990e-01 0.000000e+00
-7.544360e-01 -5.732060e-01 0.000000e+00
-7.661720e-01 -5.807730e-01 0.000000e+00
-7.779080e-01 -5.883400e-01 0.000000e+00
-7.896440e-01 -5.959080e-01 0.000000e+00
-7.526090e-01 -5.809810e-01 0.000000e+00
-7.643450e-01 -5.885490e-01 0.000000e+00
-7.760810e-01 -5.961160e-01 0.000000e+00
-7.507820e-01 -5.887570e-01 0.000000e+00
-7.625180e-01 -5.963240e-01 0.000000e+00
-7.489550e-01 -5.965330e-01 0.000000e+00
-7.730100e-01 -6.343930e-01 0.000000e+00
-7.580720e-01 -6.321890e-01 0.000000e+00
-7.431340e-01 -6.299850e-01 0.000000e+00
-7.281950e-01 -6.277810e-01 0.000000e+00
-7.132570e-01 -6.255760e-01 0.000000e+00
-7.669970e-01 -6.249280e-01 0.000000e+00
-7.520580e-01 -6.227240e-01 0.000000e+00
-7.371200e-01 -6.205200e-01 0.000000e+00
-7.221810e-01 -6.183150e-01 0.000000e+00
-7.609830e-01 -6.154630e-01 0.000000e+00
-7.460440e-01 -6.132590e-01 0.000000e+00
-7.311060e-01 -6.110540e-01 0.000000e+00
-7.549690e-01 -6.059980e-01 0.000000e+00
-7.400310e-01 -6.037940e-01 0.000000e+00
-7.489550e-01 -5.965330e-01 0.000000e+00
-8.577290e-01 -5.141030e-01 0.000000e+00
-8.513550e-01 -5.245900e-01 0.000000e+00
-8.448540e-01 -5.349980e-01 0.000000e+00
-8.382250e-01 -5.453250e-01 0.000000e+00
-8.314700e-01 -5.555700e-01 0.000000e+00
-8.458880e-01 -5.100180e-01 0.000000e+00
-8.394500e-01 -5.204650e-01 0.000000e+00
-8.328850e-01 -5.308330e-01 0.000000e+00
-8.261930e-01 -5.411190e-01 0.000000e+00
-8.340460e-01 -5.059330e-01 0.000000e+00
-8.275450e-01 -5.163400e-01 0.000000e+00
-8.209170e-01 -5.266670e-01 0.000000e+00
-8.222050e-01 -5.018490e-01 0.000000e+00
-8.156410e-01 -5.122150e-01 0.000000e+00
-8.103640e-01 -4.977640e-01 0.000000e+00
9.375000e-02 0.000000e+00 0.000000e+00
9.375000e-02 8.809220e-03 0.000000e+00
9.375000e-02 1.761840e-02 0.000000e+00
9.375000e-02 2.642770e-02 0.000000e+00
9.375000e-02 3.523690e-02 0.000000e+00
8.593750e-02 0.000000e+00 0.000000e+00
8.593750e-02 8.809220e-03 0.000000e+00
8.593750e-02 1.761840e-02 0.000000e+00
8.593750e-02 2.642770e-02 0.000000e+00
7.812500e-02 0.000000e+00 0.000000e+00
7.812500e-02 8.809220e-03 0.000000e+00
7.812500e-02 1.761840e-02 0.000000e+00
7.031250e-02 0.000000e+00 0.000000e+00
7.031250e-02 8.809220e-03 0.000000e+00
6.250000e-02 0.000000e+00 0.000000e+00
9.375000e-02 0.000000e+00 0.000000e+00
8.593750e-02 -1.734720e-18 0.000000e+00
7.812500e-02 0.000000e+00 0.000000e+00
7.031250e-02 0.000000e+00 0.000000e+00
6.250000e-02 0.000000e+00 0.000000e+00
9.350250e-02 -8.647330e-03 0.000000e+00
8.569000e-02 -8.647330e-03 0.000000e+00
7.787750e-02 -8.647330e-03 0.000000e+00
7.006500e-02 -8.647330e-03 0.000000e+00
9.325500e-02 -1.729470e-02 0.000000e+00
8.544250e-02 -1.729470e-02 0.000000e+00
7.763000e-02 -1.729470e-02 0.000000e+00
9.300750e-02 -2.594200e-02 0.000000e+00
8.519500e-02 -2.594200e-02 0.000000e+00
9.276000e-02 -3.458930e-02 0.000000e+00
3.437500e-01 -3.572570e-02 0.000000e+00
3.508150e-01 -3.402290e-02 0.000000e+00
3.578800e-01 -3.232020e-02 0.000000e+00
3.649450e-01 -3.061750e-02 0.000000e+00
3.720100e-01 -2.891470e-02 0.000000e+00
3.437500e-01 -2.679430e-02 0.000000e+00
3.508150e-01 -2.509150e-02 0.000000e+00
3.578800e-01 -2.338880e-02 0.000000e+00
3.649450e-01 -2.168600e-02 0.000000e+00
3.437500e-01 -1.786280e-02 0.000000e+00
3.508150e-01 -1.616010e-02 0.000000e+00
3.578800e-01 -1.445740e-02 0.000000e+00
3.437500e-01 -8.931420e-03 0.000000e+00
3.508150e-01 -7.228680e-03 0.000000e+00
3.437500e-01 0.000000e+00 0.000000e+00
3.437500e-01 0.000000e+00 0.000000e+00
3.515630e-01 -1.734720e-18 0.000000e+00
3.593750e-01 0.000000e+00 0.000000e+00
3.671880e-01 0.000000e+00 0.000000e+00
3.750000e-01 0.000000e+00 0.000000e+00
3.437500e-01 1.152480e-02 0.000000e+00
3.515630e-01 1.152480e-02 0.000000e+00
3.593750e-01 1.152480e-02 0.000000e+00
3.671880e-01 1.152480e-02 0.000000e+00
3.437500e-01 2.304960e-02 0.000000e+00
3.515630e-01 2.304960e-02 0.000000e+00
3.593750e-01 2.304960e-02 0.000000e+00
3.437500e-01 3.457430e-02 0.000000e+00
3.515630e-01 3.457430e-02 0.000000e+00
3.437500e-01 4.609910e-02 0.000000e+00
3.938890e-01 -4.805330e-02 0.000000e+00
3.969800e-01 -3.604000e-02 0.000000e+00
4.000700e-01 -2.402660e-02 0.000000e+00
4.031600e-01 -1.201330e-02 0.000000e+00
4.062500e-01 0.000000e+00 0.000000e+00
3.884190e-01 -4.326860e-02 0.000000e+00
3.915100e-01 -3.125530e-02 0.000000e+00
3.946000e-01 -1.924200e-02 0.000000e+00
3.976900e-01 -7.228680e-03 0.000000e+00
3.829500e-01 -3.848400e-02 0.000000e+00
3.860400e-01 -2.647070e-02 0.000000e+00
3.891300e-01 -1.445740e-02 0.000000e+00
3.774800e-01 -3.369940e-02 0.000000e+00
3.805700e-01 -2.168600e-02 0.000000e+00
3.720100e-01 -2.891470e-02 0.000000e+00
4.218750e-01 -2.963560e-02 0.000000e+00
4.257810e-01 -2.222670e-02 0.000000e+00
4.296880e-01 -1.481780e-02 0.000000e+00
4.335940e-01 -7.408890e-03 0.000000e+00
4.375000e-01 0.000000e+00 0.000000e+00
4.179690e-01 -2.222670e-02 0.000000e+00
4.218750e-01 -1.481780e-02 0.000000e+00
4.257810e-01 -7.408890e-03 0.000000e+00
4.296880e-01 8.673620e-19 0.000000e+00
4.140630e-01 -1.481780e-02 0.000000e+00
4.179690e-01 -7.408890e-03 0.000000e+00
4.218750e-01 0.000000e+00 0.000000e+00
4.101560e-01 -7.408890e-03 0.000000e+00
4.140630e-01 0.000000e+00 0.000000e+00
4.062500e-01 0.000000e+00 0.000000e+00
4.375000e-01 0.000000e+00 0.000000e+00
4.453130e-01 0.000000e+00 0.000000e+00
4.531250e-01 0.000000e+00 0.000000e+00
4.609380e-01 0.000000e+00 0.000000e+00
4.687500e-01 0.000000e+00 0.000000e+00
4.414060e-01 8.577350e-03 0.000000e+00
4.492190e-01 8.577350e-03 0.000000e+00
4.570310e-01 8.577350e-03 0.000000e+00
4.648440e-01 8.577350e-03 0.000000e+00
4.453130e-01 1.715470e-02 0.000000e+00
4.531250e-01 1.715470e-02 0.000000e+00
4.609380e-01 1.715470e-02 0.000000e+00
4.492190e-01 2.573210e-02 0.000000e+00
4.570310e-01 2.573210e-02 0.000000e+00
4.531250e-01 3.430940e-02 0.000000e+00
3.938890e-01 -4.805330e-02 0.000000e+00
4.008860e-01 -4.344880e-02 0.000000e+00
4.078820e-01 -3.884440e-02 0.000000e+00
4.148790e-01 -3.424000e-02 0.000000e+00
4.218750e-01 -2.963560e-02 0.000000e+00
3.969800e-01 -3.604000e-02 0.000000e+00
4.039760e-01 -3.143550e-02 0.000000e+00
4.109720e-01 -2.683110e-02 0.000000e+00
4.179690e-01 -2.222670e-02 0.000000e+00
4.000700e-01 -2.402660e-02 0.000000e+00
4.070660e-01 -1.942220e-02 0.000000e+00
4.140630e-01 -1.481780e-02 0.000000e+00
4.031600e-01 -1.201330e-02 0.000000e+00
4.101560e-01 -7.408890e-03 0.000000e+00
4.062500e-01 0.000000e+00 0.000000e+00
4.218750e-01 5.539760e-02 0.000000e+00
4.179690e-01 4.154820e-02 0.000000e+00
4.140630e-01 2.769880e-02 0.000000e+00
4.101560e-01 1.384940e-02 0.000000e+00
4.062500e-01 0.000000e+00 0.000000e+00
4.257810e-01 4.154820e-02 0.000000e+00
4.218750e-01 2.769880e-02 0.000000e+00
4.179690e-01 1.384940e-02 0.000000e+00
4.140630e-01 0.000000e+00 0.000000e+00
4.296880e-01 2.769880e-02 0.000000e+00
4.257810e-01 1.384940e-02 0.000000e+00
4.218750e-01 0.000000e+00 0.000000e+00
4.335940e-01 1.384940e-02 0.000000e+00
4.296880e-01 0.000000e+00 0.000000e+00
4.375000e-01 0.000000e+00 0.000000e+00
4.531250e-01 3.430940e-02 0.000000e+00
4.453120e-01 3.958150e-02 0.000000e+00
4.375000e-01 4.485350e-02 0.000000e+00
4.296880e-01 5.012560e-02 0.000000e+00
4.218750e-01 5.539760e-02 0.000000e+00
4.492190e-01 2.573210e-02 0.000000e+00
4.414060e-01 3.100410e-02 0.000000e+00
4.335940e-01 3.627620e-02 0.000000e+00
4.257810e-01 4.154820e-02 0.000000e+00
4.453130e-01 1.715470e-02 0.000000e+00
4.375000e-01 2.242680e-02 0.000000e+00
4.296880e-01 2.769880e-02 0.000000e+00
4.414060e-01 8.577350e-03 0.000000e+00
4.335940e-01 1.384940e-02 0.000000e+00
4.375000e-01 0.000000e+00 0.000000e+00
3.906250e-01 3.430940e-02 0.000000e+00
3.789060e-01 3.725680e-02 0.000000e+00
3.671880e-01 4.020430e-02 0.000000e+00
3.554690e-01 4.315170e-02 0.000000e+00
3.437500e-01 4.609910e-02 0.000000e+00
3.867190e-01 2.573210e-02 0.000000e+00
3.750000e-01 2.867950e-02 0.000000e+00
3.632810e-01 3.162690e-02 0.000000e+00
3.515630e-01 3.457430e-02 0.000000e+00
3.828130e-01 1.715470e-02 0.000000e+00
3.710940e-01 2.010210e-02 0.000000e+00
3.593750e-01 2.304960e-02 0.000000e+00
3.789060e-01 8.577350e-03 0.000000e+00
3.671880e-01 1.152480e-02 0.000000e+00
3.750000e-01 0.000000e+00 0.000000e+00
-1.467300e-01 9.891770e-01 0.000000e+00
-1.511590e-01 9.798110e-01 0.000000e+00
-1.555870e-01 9.704460e-01 0.000000e+00
-1.600160e-01 9.610810e-01 0.000000e+00
-1.644440e-01 9.517160e-01 0.000000e+00
-1.418590e-01 9.748210e-01 0.000000e+00
-1.462870e-01 9.654560e-01 0.000000e+00
-1.507160e-01 9.560910e-01 0.000000e+00
-1.551440e-01 9.467260e-01 0.000000e+00
-1.369870e-01 9.604660e-01 0.000000e+00
-1.414160e-01 9.511010e-01 0.000000e+00
-1.458440e-01 9.417360e-01 0.000000e+00
-1.321160e-01 9.461110e-01 0.000000e+00
-1.365440e-01 9.367460e-01 0.000000e+00
-1.272440e-01 9.317560e-01 0.000000e+00
-2.429800e-01 9.700310e-01 0.000000e+00
-2.518600e-01 9.563420e-01 0.000000e+00
-2.607410e-01 9.426530e-01 0.000000e+00
-2.696210e-01 9.289640e-01 0.000000e+00
-2.785010e-01 9.152740e-01 0.000000e+00
-2.410050e-01 9.583840e-01 0.000000e+00
-2.498850e-01 9.446950e-01 0.000000e+00
-2.587650e-01 9.310060e-01 0.000000e+00
-2.676450e-01 9.173160e-01 0.000000e+00
-2.390290e-01 9.467370e-01 0.000000e+00
-2.479090e-01 9.330470e-01 0.000000e+00
-2.567890e-01 9.193580e-01 0.000000e+00
-2.370530e-01 9.350890e-01 0.000000e+00
-2.459330e-01 9.214000e-01 0.000000e+00
-2.350780e-01 9.234420e-01 0.000000e+00
-5.522650e-01 7.826290e-01 0.000000e+00
-5.530910e-01 7.948390e-01 0.000000e+00
-5.539180e-01 8.070490e-01 0.000000e+00
-5.547440e-01 8.192590e-01 0.000000e+00
-5.555700e-01 8.314700e-01 0.000000e+00
-5.631240e-01 7.877730e-01 0.000000e+00
-5.639930e-01 8.000450e-01 0.000000e+00
-5.648630e-01 8.123170e-01 0.000000e+00
-5.657320e-01 8.245890e-01 0.000000e+00
-5.739820e-01 7.929180e-01 0.000000e+00
-5.748950e-01 8.052510e-01 0.000000e+00
-5.758080e-01 8.175850e-01 0.000000e+00
-5.848410e-01 7.980630e-01 0.000000e+00
-5.857980e-01 8.104570e-01 0.000000e+00
-5.956990e-01 8.032080e-01 0.000000e+00
-5.858590e-01 7.537670e-01 0.000000e+00
-5.774610e-01 7.609830e-01 0.000000e+00
-5.690620e-01 7.681980e-01 0.000000e+00
-5.606640e-01 7.754130e-01 0.000000e+00
-5.522650e-01 7.826290e-01 0.000000e+00
-5.883190e-01 7.661270e-01 0.000000e+00
-5.799210e-01 7.733430e-01 0.000000e+00
-5.715220e-01 7.805580e-01 0.000000e+00
-5.631240e-01 7.877730e-01 0.000000e+00
-5.907790e-01 7.784870e-01 0.000000e+00
-5.823810e-01 7.857030e-01 0.000000e+00
-5.739820e-01 7.929180e-01 0.000000e+00
-5.932390e-01 7.908470e-01 0.000000e+00
-5.848410e-01 7.980630e-01 0.000000e+00
-5.956990e-01 8.032080e-01 0.000000e+00
-8.314700e-01 -5.555700e-01 0.000000e+00
-8.245890e-01 -5.657320e-01 0.000000e+00
-8.175850e-01 -5.758080e-01 0.000000e+00
-8.104570e-01 -5.857980e-01 0.000000e+00
-8.032080e-01 -5.956990e-01 0.000000e+00
-8.188970e-01 -5.520810e-01 0.000000e+00
-8.119550e-01 -5.622000e-01 0.000000e+00
-8.048890e-01 -5.722320e-01 0.000000e+00
-7.977010e-01 -5.821780e-01 0.000000e+00
-8.063250e-01 -5.485920e-01 0.000000e+00
-7.993210e-01 -5.586670e-01 0.000000e+00
-7.921940e-01 -5.686560e-01 0.000000e+00
-7.937530e-01 -5.451020e-01 0.000000e+00
-7.866870e-01 -5.551350e-01 0.000000e+00
-7.811810e-01 -5.416130e-01 0.000000e+00
4.687500e-01 -3.541300e-02 0.000000e+00
4.764740e-01 -3.435570e-02 0.000000e+00
4.841990e-01 -3.329840e-02 0.000000e+00
4.919230e-01 -3.224100e-02 0.000000e+00
4.996480e-01 -3.118370e-02 0.000000e+00
4.687500e-01 -2.655980e-02 0.000000e+00
4.764740e-01 -2.550240e-02 0.000000e+00
4.841990e-01 -2.444510e-02 0.000000e+00
4.919230e-01 -2.338780e-02 0.000000e+00
4.687500e-01 -1.770650e-02 0.000000e+00
4.764740e-01 -1.664920e-02 0.000000e+00
4.841990e-01 -1.559180e-02 0.000000e+00
4.687500e-01 -8.853260e-03 0.000000e+00
4.764740e-01 -7.795920e-03 0.000000e+00
4.687500e-01 0.000000e+00 0.000000e+00
4.843750e-01 2.782850e-02 0.000000e+00
4.804690e-01 2.087140e-02 0.000000e+00
4.765620e-01 1.391420e-02 0.000000e+00
4.726560e-01 6.957120e-03 0.000000e+00
4.687500e-01 0.000000e+00 0.000000e+00
4.882810e-01 2.087140e-02 0.000000e+00
4.843750e-01 1.391420e-02 0.000000e+00
4.804690e-01 6.957120e-03 0.000000e+00
4.765620e-01 -8.673620e-19 0.000000e+00
4.921880e-01 1.391420e-02 0.000000e+00
4.882810e-01 6.957120e-03 0.000000e+00
4.843750e-01 0.000000e+00 0.000000e+00
4.960940e-01 6.957120e-03 0.000000e+00
4.921880e-01 0.000000e+00 0.000000e+00
5.000000e-01 0.000000e+00 0.000000e+00
4.843750e-01 2.782850e-02 0.000000e+00
4.765620e-01 2.944870e-02 0.000000e+00
4.687500e-01 3.106890e-02 0.000000e+00
4.609380e-01 3.268920e-02 0.000000e+00
4.531250e-01 3.430940e-02 0.000000e+00
4.804690e-01 2.087140e-02 0.000000e+00
4.726560e-01 2.249160e-02 0.000000e+00
4.648440e-01 2.411180e-02 0.000000e+00
4.570310e-01 2.573210e-02 0.000000e+00
4.765620e-01 1.391420e-02 0.000000e+00
4.687500e-01 1.553450e-02 0.000000e+00
4.609380e-01 1.715470e-02 0.000000e+00
4.726560e-01 6.957120e-03 0.000000e+00
4.648440e-01 8.577350e-03 0.000000e+00
4.687500e-01 0.000000e+00 0.000000e+00
5.000000e-01 0.000000e+00 0.000000e+00
5.083640e-01 2.035000e-03 0.000000e+00
5.167270e-01 4.070000e-03 0.000000e+00
5.250910e-01 6.105000e-03 0.000000e+00
5.334550e-01 8.140000e-03 0.000000e+00
4.960940e-01 6.957120e-03 0.000000e+00
5.044570e-01 8.992120e-03 0.000000e+00
5.128210e-01 1.102710e-02 0.000000e+00
5.211850e-01 1.306210e-02 0.000000e+00
4.921880e-01 1.391420e-02 0.000000e+00
5.005510e-01 1.594920e-02 0.000000e+00
5.089150e-01 1.798420e-02 0.000000e+00
4.882810e-01 2.087140e-02 0.000000e+00
4.966450e-01 2.290640e-02 0.000000e+00
4.843750e-01 2.782850e-02 0.000000e+00
-4.906770e-02 9.987950e-01 0.000000e+00
-6.132070e-02 9.981180e-01 0.000000e+00
-7.356460e-02 9.972900e-01 0.000000e+00
-8.579730e-02 9.963130e-01 0.000000e+00
-9.801710e-02 9.951850e-01 0.000000e+00
-4.792210e-02 9.895410e-01 0.000000e+00
-6.017020e-02 9.887880e-01 0.000000e+00
-7.240820e-02 9.878850e-01 0.000000e+00
-8.463420e-02 9.868330e-01 0.000000e+00
-4.677650e-02 9.802860e-01 0.000000e+00
-5.901940e-02 9.794580e-01 0.000000e+00
-7.125130e-02 9.784800e-01 0.000000e+00
-4.563090e-02 9.710310e-01 0.000000e+00
-5.786830e-02 9.701280e-01 0.000000e+00
-4.448540e-02 9.617760e-01 0.000000e+00
-6.343930e-01 -7.730100e-01 0.000000e+00
-6.344670e-01 -7.623590e-01 0.000000e+00
-6.345410e-01 -7.517090e-01 0.000000e+00
-6.346140e-01 -7.410580e-01 0.000000e+00
-6.346880e-01 -7.304070e-01 0.000000e+00
-6.438320e-01 -7.651670e-01 0.000000e+00
-6.438560e-01 -7.544590e-01 0.000000e+00
-6.438810e-01 -7.437510e-01 0.000000e+00
-6.439060e-01 -7.330430e-01 0.000000e+00
-6.531730e-01 -7.572090e-01 0.000000e+00
-6.531480e-01 -7.464440e-01 0.000000e+00
-6.531230e-01 -7.356790e-01 0.000000e+00
-6.624160e-01 -7.491360e-01 0.000000e+00
-6.623410e-01 -7.383150e-01 0.000000e+00
-6.715590e-01 -7.409510e-01 0.000000e+00
-7.409510e-01 -6.715590e-01 0.000000e+00
-7.298260e-01 -6.686720e-01 0.000000e+00
-7.187000e-01 -6.657850e-01 0.000000e+00
-7.075750e-01 -6.628970e-01 0.000000e+00
-6.964500e-01 -6.600100e-01 0.000000e+00
-7.340280e-01 -6.600630e-01 0.000000e+00
-7.229020e-01 -6.571760e-01 0.000000e+00
-7.117770e-01 -6.542890e-01 0.000000e+00
-7.006520e-01 -6.514020e-01 0.000000e+00
-7.271040e-01 -6.485680e-01 0.000000e+00
-7.159790e-01 -6.456800e-01 0.000000e+00
-7.048530e-01 -6.427930e-01 0.000000e+00
-7.201800e-01 -6.370720e-01 0.000000e+00
-7.090550e-01 -6.341850e-01 0.000000e+00
-7.132570e-01 -6.255760e-01 0.000000e+00
-6.690080e-01 -6.887920e-01 0.000000e+00
-6.696460e-01 -7.018320e-01 0.000000e+00
-6.702840e-01 -7.148720e-01 0.000000e+00
-6.709210e-01 -7.279110e-01 0.000000e+00
-6.715590e-01 -7.409510e-01 0.000000e+00
-6.593730e-01 -6.912430e-01 0.000000e+00
-6.600110e-01 -7.042820e-01 0.000000e+00
-6.606490e-01 -7.173220e-01 0.000000e+00
-6.612860e-01 -7.303620e-01 0.000000e+00
-6.497380e-01 -6.936930e-01 0.000000e+00
-6.503760e-01 -7.067330e-01 0.000000e+00
-6.510130e-01 -7.197720e-01 0.000000e+00
-6.401030e-01 -6.961430e-01 0.000000e+00
-6.407410e-01 -7.091830e-01 0.000000e+00
-6.304680e-01 -6.985940e-01 0.000000e+00
-1.467300e-01 9.891770e-01 0.000000e+00
-1.391110e-01 9.817420e-01 0.000000e+00
-1.314910e-01 9.743080e-01 0.000000e+00
-1.238720e-01 9.668730e-01 0.000000e+00
-1.162520e-01 9.594390e-01 0.000000e+00
-1.345810e-01 9.909030e-01 0.000000e+00
-1.269510e-01 9.833940e-01 0.000000e+00
-1.193220e-01 9.758850e-01 0.000000e+00
-1.116930e-01 9.683750e-01 0.000000e+00
-1.224110e-01 9.924800e-01 0.000000e+00
-1.147720e-01 9.848960e-01 0.000000e+00
-1.071350e-01 9.773120e-01 0.000000e+00
-1.102220e-01 9.939070e-01 0.000000e+00
-1.025760e-01 9.862480e-01 0.000000e+00
-9.801710e-02 9.951850e-01 0.000000e+00
-1.467300e-01 9.891770e-01 0.000000e+00
-1.588580e-01 9.873010e-01 0.000000e+00
-1.709620e-01 9.852780e-01 0.000000e+00
-1.830400e-01 9.831050e-01 0.000000e+00
-1.950900e-01 9.807850e-01 0.000000e+00
-1.511590e-01 9.798110e-01 0.000000e+00
-1.632740e-01 9.778620e-01 0.000000e+00
-1.753650e-01 9.757640e-01 0.000000e+00
-1.874290e-01 9.735180e-01 0.000000e+00
-1.555870e-01 9.704460e-01 0.000000e+00
-1.676900e-01 9.684220e-01 0.000000e+00
-1.797670e-01 9.662500e-01 0.000000e+00
-1.600160e-01 9.610810e-01 0.000000e+00
-1.721060e-01 9.589830e-01 0.000000e+00
-1.644440e-01 9.517160e-01 0.000000e+00
-1.693140e-01 9.233550e-01 0.000000e+00
-1.757580e-01 9.377130e-01 0.000000e+00
-1.822020e-01 9.520700e-01 0.000000e+00
-1.886460e-01 9.664280e-01 0.000000e+00
-1.950900e-01 9.807850e-01 0.000000e+00
-1.785430e-01 9.221350e-01 0.000000e+00
-1.849870e-01 9.364920e-01 0.000000e+00
-1.914310e-01 9.508500e-01 0.000000e+00
-1.978760e-01 9.652070e-01 0.000000e+00
-1.877730e-01 9.209140e-01 0.000000e+00
-1.942170e-01 9.352720e-01 0.000000e+00
-2.006610e-01 9.496290e-01 0.000000e+00
-1.970020e-01 9.196940e-01 0.000000e+00
-2.034460e-01 9.340520e-01 0.000000e+00
-2.062310e-01 9.184740e-01 0.000000e+00
4.906770e-02 9.987950e-01 0.000000e+00
4.311230e-02 9.880710e-01 0.000000e+00
3.715700e-02 9.773460e-01 0.000000e+00
3.120170e-02 9.666210e-01 0.000000e+00
2.524640e-02 9.558960e-01 0.000000e+00
5.360090e-02 9.864710e-01 0.000000e+00
4.764560e-02 9.757460e-01 0.000000e+00
4.169030e-02 9.650210e-01 0.000000e+00
3.573490e-02 9.542960e-01 0.000000e+00
5.813420e-02 9.741460e-01 0.000000e+00
5.217890e-02 9.634210e-01 0.000000e+00
4.622350e-02 9.526960e-01 0.000000e+00
6.266740e-02 9.618210e-01 0.000000e+00
5.671210e-02 9.510960e-01 0.000000e+00
6.720070e-02 9.494970e-01 0.000000e+00
-9.801710e-02 9.951850e-01 0.000000e+00
-8.991940e-02 9.819050e-01 0.000000e+00
-8.182170e-02 9.686260e-01 0.000000e+00
-7.372400e-02 9.553460e-01 0.000000e+00
-6.562630e-02 9.420660e-01 0.000000e+00
-8.463420e-02 9.868330e-01 0.000000e+00
-7.653650e-02 9.735530e-01 0.000000e+00
-6.843880e-02 9.602730e-01 0.000000e+00
-6.034110e-02 9.469940e-01 0.000000e+00
-7.125130e-02 9.784800e-01 0.000000e+00
-6.315350e-02 9.652010e-01 0.000000e+00
-5.505580e-02 9.519210e-01 0.000000e+00
-5.786830e-02 9.701280e-01 0.000000e+00
-4.977060e-02 9.568490e-01 0.000000e+00
-4.448540e-02 9.617760e-01 0.000000e+00
-1.162520e-01 9.594390e-01 0.000000e+00
-1.238720e-01 9.668730e-01 0.000000e+00
-1.314910e-01 9.743080e-01 0.000000e+00
-1.391110e-01 9.817420e-01 0.000000e+00
-1.467300e-01 9.891770e-01 0.000000e+00
-1.190000e-01 9.525180e-01 0.000000e+00
-1.266200e-01 9.599530e-01 0.000000e+00
-1.342390e-01 9.673870e-01 0.000000e+00
-1.418590e-01 9.748210e-01 0.000000e+00
-1.217480e-01 9.455980e-01 0.000000e+00
-1.293680e-01 9.530320e-01 0.000000e+00
-1.369870e-01 9.604660e-01 0.000000e+00
-1.244960e-01 9.386770e-01 0.000000e+00
-1.321160e-01 9.461110e-01 0.000000e+00
-1.272440e-01 9.317560e-01 0.000000e+00
-9.775300e-02 9.360700e-01 0.000000e+00
-9.781900e-02 9.508480e-01 0.000000e+00
-9.788510e-02 9.656270e-01 0.000000e+00
-9.795110e-02 9.804060e-01 0.000000e+00
-9.801710e-02 9.951850e-01 0.000000e+00
-1.023780e-01 9.419120e-01 0.000000e+00
-1.024440e-01 9.566910e-01 0.000000e+00
-1.025100e-01 9.714700e-01 0.000000e+00
-1.025760e-01 9.862480e-01 0.000000e+00
-1.070030e-01 9.477540e-01 0.000000e+00
-1.070690e-01 9.625330e-01 0.000000e+00
-1.071350e-01 9.773120e-01 0.000000e+00
-1.116270e-01 9.535970e-01 0.000000e+00
-1.116930e-01 9.683750e-01 0.000000e+00
-1.162520e-01 9.594390e-01 0.000000e+00
6.071530e-17 1.000000e+00 0.000000e+00
-1.227150e-02 9.999250e-01 0.000000e+00
-2.454120e-02 9.996990e-01 0.000000e+00
-3.680720e-02 9.993220e-01 0.000000e+00
-4.906770e-02 9.987950e-01 0.000000e+00
-3.896160e-03 9.905450e-01 0.000000e+00
-1.616650e-02 9.903940e-01 0.000000e+00
-2.843400e-02 9.900930e-01 0.000000e+00
-4.069690e-02 9.896410e-01 0.000000e+00
-7.792310e-03 9.810890e-01 0.000000e+00
-2.006110e-02 9.808640e-01 0.000000e+00
-3.232620e-02 9.804870e-01 0.000000e+00
-1.168850e-02 9.716340e-01 0.000000e+00
-2.395540e-02 9.713330e-01 0.000000e+00
-1.558460e-02 9.621790e-01 0.000000e+00
9.801710e-02 9.951850e-01 0.000000e+00
9.031300e-02 9.837630e-01 0.000000e+00
8.260890e-02 9.723410e-01 0.000000e+00
7.490480e-02 9.609190e-01 0.000000e+00
6.720070e-02 9.494970e-01 0.000000e+00
9.976420e-02 9.823670e-01 0.000000e+00
9.206010e-02 9.709450e-01 0.000000e+00
8.435600e-02 9.595230e-01 0.000000e+00
7.665180e-02 9.481010e-01 0.000000e+00
1.015110e-01 9.695490e-01 0.000000e+00
9.380710e-02 9.581270e-01 0.000000e+00
8.610300e-02 9.467050e-01 0.000000e+00
1.032580e-01 9.567310e-01 0.000000e+00
9.555410e-02 9.453090e-01 0.000000e+00
1.050050e-01 9.439130e-01 0.000000e+00
-1.558460e-02 9.621790e-01 0.000000e+00
-2.395540e-02 9.713330e-01 0.000000e+00
-3.232620e-02 9.804870e-01 0.000000e+00
-4.069690e-02 9.896410e-01 0.000000e+00
-4.906770e-02 9.987950e-01 0.000000e+00
-2.280980e-02 9.620780e-01 0.000000e+00
-3.118060e-02 9.712320e-01 0.000000e+00
-3.955130e-02 9.803860e-01 0.000000e+00
-4.792210e-02 9.895410e-01 0.000000e+00
-3.003500e-02 9.619780e-01 0.000000e+00
-3.840580e-02 9.711320e-01 0.000000e+00
-4.677650e-02 9.802860e-01 0.000000e+00
-3.726020e-02 9.618770e-01 0.000000e+00
-4.563090e-02 9.710310e-01 0.000000e+00
-4.448540e-02 9.617760e-01 0.000000e+00
4.906770e-02 9.987950e-01 0.000000e+00
5.360090e-02 9.864710e-01 0.000000e+00
5.813420e-02 9.741460e-01 0.000000e+00
6.266740e-02 9.618210e-01 0.000000e+00
6.720070e-02 9.494970e-01 0.000000e+00
6.132070e-02 9.981180e-01 0.000000e+00
6.584910e-02 9.857180e-01 0.000000e+00
7.037710e-02 9.733180e-01 0.000000e+00
7.490480e-02 9.609190e-01 0.000000e+00
7.356460e-02 9.972900e-01 0.000000e+00
7.808700e-02 9.848160e-01 0.000000e+00
8.260890e-02 9.723410e-01 0.000000e+00
8.579730e-02 9.963130e-01 0.000000e+00
9.031300e-02 9.837630e-01 0.000000e+00
9.801710e-02 9.951850e-01 0.000000e+00
6.123230e-17 1.000000e+00 0.000000e+00
-3.896160e-03 9.905450e-01 0.000000e+00
-7.792310e-03 9.810890e-01 0.000000e+00
-1.168850e-02 9.716340e-01 0.000000e+00
-1.558460e-02 9.621790e-01 0.000000e+00
6.311590e-03 9.889740e-01 0.000000e+00
2.415430e-03 9.795190e-01 0.000000e+00
-1.480730e-03 9.700630e-01 0.000000e+00
-5.376880e-03 9.606080e-01 0.000000e+00
1.262320e-02 9.779480e-01 0.000000e+00
8.727020e-03 9.684930e-01 0.000000e+00
4.830860e-03 9.590380e-01 0.000000e+00
1.893480e-02 9.669220e-01 0.000000e+00
1.503860e-02 9.574670e-01 0.000000e+00
2.524640e-02 9.558960e-01 0.000000e+00
4.906770e-02 9.987950e-01 0.000000e+00
3.680720e-02 9.993220e-01 0.000000e+00
2.454120e-02 9.996990e-01 0.000000e+00
1.227150e-02 9.999250e-01 0.000000e+00
6.245000e-17 1.000000e+00 0.000000e+00
4.311230e-02 9.880710e-01 0.000000e+00
3.084940e-02 9.885220e-01 0.000000e+00
1.858190e-02 9.888230e-01 0.000000e+00
6.311590e-03 9.889740e-01 0.000000e+00
3.715700e-02 9.773460e-01 0.000000e+00
2.489190e-02 9.777220e-01 0.000000e+00
1.262320e-02 9.779480e-01 0.000000e+00
3.120170e-02 9.666210e-01 0.000000e+00
1.893480e-02 9.669220e-01 0.000000e+00
2.524640e-02 9.558960e-01 0.000000e+00
1.050050e-01 9.439130e-01 0.000000e+00
1.154370e-01 9.552290e-01 0.000000e+00
1.258680e-01 9.665450e-01 0.000000e+00
1.362990e-01 9.778610e-01 0.000000e+00
1.467300e-01 9.891770e-01 0.000000e+00
1.032580e-01 9.567310e-01 0.000000e+00
1.136990e-01 9.681210e-01 0.000000e+00
1.241400e-01 9.795120e-01 0.000000e+00
1.345810e-01 9.909030e-01 0.000000e+00
1.015110e-01 9.695490e-01 0.000000e+00
1.119610e-01 9.810140e-01 0.000000e+00
1.224110e-01 9.924800e-01 0.000000e+00
9.976420e-02 9.823670e-01 0.000000e+00
1.102220e-01 9.939070e-01 0.000000e+00
9.801710e-02 9.951850e-01 0.000000e+00
1.881200e-01 9.215620e-01 0.000000e+00
1.898630e-01 9.363680e-01 0.000000e+00
1.916050e-01 9.511740e-01 0.000000e+00
1.933480e-01 9.659800e-01 0.000000e+00
1.950900e-01 9.807850e-01 0.000000e+00
1.790850e-01 9.247060e-01 0.000000e+00
1.808270e-01 9.395120e-01 0.000000e+00
1.825700e-01 9.543180e-01 0.000000e+00
1.843120e-01 9.691230e-01 0.000000e+00
1.700490e-01 9.278500e-01 0.000000e+00
1.717920e-01 9.426560e-01 0.000000e+00
1.735340e-01 9.574610e-01 0.000000e+00
1.610140e-01 9.309940e-01 0.000000e+00
1.627560e-01 9.457990e-01 0.000000e+00
1.519780e-01 9.341370e-01 0.000000e+00
1.950900e-01 9.807850e-01 0.000000e+00
1.933480e-01 9.659800e-01 0.000000e+00
1.916050e-01 9.511740e-01 0.000000e+00
1.898630e-01 9.363680e-01 0.000000e+00
1.881200e-01 9.215620e-01 0.000000e+00
2.071110e-01 9.783170e-01 0.000000e+00
2.053530e-01 9.634380e-01 0.000000e+00
2.035940e-01 9.485590e-01 0.000000e+00
2.018350e-01 9.336800e-01 0.000000e+00
2.191010e-01 9.757020e-01 0.000000e+00
2.173260e-01 9.607490e-01 0.000000e+00
2.155500e-01 9.457970e-01 0.000000e+00
2.310580e-01 9.729400e-01 0.000000e+00
2.292650e-01 9.579140e-01 0.000000e+00
2.429800e-01 9.700310e-01 0.000000e+00
2.124330e-01 8.998990e-01 0.000000e+00
2.200700e-01 9.174320e-01 0.000000e+00
2.277060e-01 9.349650e-01 0.000000e+00
2.353430e-01 9.524980e-01 0.000000e+00
2.429800e-01 9.700310e-01 0.000000e+00
2.063550e-01 9.053150e-01 0.000000e+00
2.139920e-01 9.228480e-01 0.000000e+00
2.216280e-01 9.403810e-01 0.000000e+00
2.292650e-01 9.579140e-01 0.000000e+00
2.002770e-01 9.107310e-01 0.000000e+00
2.079130e-01 9.282640e-01 0.000000e+00
2.155500e-01 9.457970e-01 0.000000e+00
1.941980e-01 9.161470e-01 0.000000e+00
2.018350e-01 9.336800e-01 0.000000e+00
1.881200e-01 9.215620e-01 0.000000e+00
1.467300e-01 9.891770e-01 0.000000e+00
1.480420e-01 9.754170e-01 0.000000e+00
1.493540e-01 9.616570e-01 0.000000e+00
1.506660e-01 9.478970e-01 0.000000e+00
1.519780e-01 9.341370e-01 0.000000e+00
1.588580e-01 9.873010e-01 0.000000e+00
1.601580e-01 9.734670e-01 0.000000e+00
1.614570e-01 9.596330e-01 0.000000e+00
1.627560e-01 9.457990e-01 0.000000e+00
1.709620e-01 9.852780e-01 0.000000e+00
1.722480e-01 9.713690e-01 0.000000e+00
1.735340e-01 9.574610e-01 0.000000e+00
1.830400e-01 9.831050e-01 0.000000e+00
1.843120e-01 9.691230e-01 0.000000e+00
1.950900e-01 9.807850e-01 0.000000e+00
1.467300e-01 9.891770e-01 0.000000e+00
1.362990e-01 9.778610e-01 0.000000e+00
1.258680e-01 9.665450e-01 0.000000e+00
1.154370e-01 9.552290e-01 0.000000e+00
1.050050e-01 9.439130e-01 0.000000e+00
1.480420e-01 9.754170e-01 0.000000e+00
1.376110e-01 9.641010e-01 0.000000e+00
1.271800e-01 9.527850e-01 0.000000e+00
1.167490e-01 9.414690e-01 0.000000e+00
1.493540e-01 9.616570e-01 0.000000e+00
1.389230e-01 9.503410e-01 0.000000e+00
1.284920e-01 9.390250e-01 0.000000e+00
1.506660e-01 9.478970e-01 0.000000e+00
1.402350e-01 9.365810e-01 0.000000e+00
1.519780e-01 9.341370e-01 0.000000e+00
2.124330e-01 8.998990e-01 0.000000e+00
2.240720e-01 9.066830e-01 0.000000e+00
2.357120e-01 9.134680e-01 0.000000e+00
2.473520e-01 9.202520e-01 0.000000e+00
2.589910e-01 9.270360e-01 0.000000e+00
2.200700e-01 9.174320e-01 0.000000e+00
2.317090e-01 9.242160e-01 0.000000e+00
2.433490e-01 9.310010e-01 0.000000e+00
2.549880e-01 9.377850e-01 0.000000e+00
2.277060e-01 9.349650e-01 0.000000e+00
2.393460e-01 9.417490e-01 0.000000e+00
2.509860e-01 9.485340e-01 0.000000e+00
2.353430e-01 9.524980e-01 0.000000e+00
2.469830e-01 9.592830e-01 0.000000e+00
2.429800e-01 9.700310e-01 0.000000e+00
3.368900e-01 9.415440e-01 0.000000e+00
3.397280e-01 9.284090e-01 0.000000e+00
3.425660e-01 9.152730e-01 0.000000e+00
3.454040e-01 9.021380e-01 0.000000e+00
3.482430e-01 8.890020e-01 0.000000e+00
3.484190e-01 9.373390e-01 0.000000e+00
3.512300e-01 9.241330e-01 0.000000e+00
3.540420e-01 9.109270e-01 0.000000e+00
3.568530e-01 8.977220e-01 0.000000e+00
3.598950e-01 9.329930e-01 0.000000e+00
3.626790e-01 9.197170e-01 0.000000e+00
3.654630e-01 9.064410e-01 0.000000e+00
3.713170e-01 9.285060e-01 0.000000e+00
3.740730e-01 9.151600e-01 0.000000e+00
3.826830e-01 9.238800e-01 0.000000e+00
2.902850e-01 9.569400e-01 0.000000e+00
2.877040e-01 9.424490e-01 0.000000e+00
2.851240e-01 9.279590e-01 0.000000e+00
2.825440e-01 9.134680e-01 0.000000e+00
2.799640e-01 8.989770e-01 0.000000e+00
2.944050e-01 9.470070e-01 0.000000e+00
2.918240e-01 9.325170e-01 0.000000e+00
2.892440e-01 9.180260e-01 0.000000e+00
2.866640e-01 9.035350e-01 0.000000e+00
2.985250e-01 9.370740e-01 0.000000e+00
2.959440e-01 9.225840e-01 0.000000e+00
2.933640e-01 9.080930e-01 0.000000e+00
3.026440e-01 9.271420e-01 0.000000e+00
3.000640e-01 9.126510e-01 0.000000e+00
3.067640e-01 9.172090e-01 0.000000e+00
-5.522650e-01 7.826290e-01 0.000000e+00
-5.419680e-01 7.888290e-01 0.000000e+00
-5.316710e-01 7.950300e-01 0.000000e+00
-5.213730e-01 8.012310e-01 0.000000e+00
-5.110760e-01 8.074310e-01 0.000000e+00
-5.530910e-01 7.948390e-01 0.000000e+00
-5.427940e-01 8.010400e-01 0.000000e+00
-5.324970e-01 8.072400e-01 0.000000e+00
-5.222000e-01 8.134410e-01 0.000000e+00
-5.539180e-01 8.070490e-01 0.000000e+00
-5.436200e-01 8.132500e-01 0.000000e+00
-5.333230e-01 8.194500e-01 0.000000e+00
-5.547440e-01 8.192590e-01 0.000000e+00
-5.444470e-01 8.254600e-01 0.000000e+00
-5.555700e-01 8.314700e-01 0.000000e+00
-5.110760e-01 8.074310e-01 0.000000e+00
-5.020640e-01 8.102610e-01 0.000000e+00
-4.930530e-01 8.130910e-01 0.000000e+00
-4.840410e-01 8.159210e-01 0.000000e+00
-4.750290e-01 8.187510e-01 0.000000e+00
-5.118330e-01 8.200060e-01 0.000000e+00
-5.028210e-01 8.228360e-01 0.000000e+00
-4.938090e-01 8.256660e-01 0.000000e+00
-4.847980e-01 8.284960e-01 0.000000e+00
-5.125890e-01 8.325800e-01 0.000000e+00
-5.035780e-01 8.354100e-01 0.000000e+00
-4.945660e-01 8.382400e-01 0.000000e+00
-5.133460e-01 8.451540e-01 0.000000e+00
-5.043340e-01 8.479840e-01 0.000000e+00
-5.141030e-01 8.577290e-01 0.000000e+00
-5.110760e-01 8.074310e-01 0.000000e+00
-5.118330e-01 8.200060e-01 0.000000e+00
-5.125890e-01 8.325800e-01 0.000000e+00
-5.133460e-01 8.451540e-01 0.000000e+00
-5.141030e-01 8.577290e-01 0.000000e+00
-5.222000e-01 8.134410e-01 0.000000e+00
-5.229970e-01 8.260790e-01 0.000000e+00
-5.237930e-01 8.387170e-01 0.000000e+00
-5.245900e-01 8.513550e-01 0.000000e+00
-5.333230e-01 8.194500e-01 0.000000e+00
-5.341610e-01 8.321520e-01 0.000000e+00
-5.349980e-01 8.448540e-01 0.000000e+00
-5.444470e-01 8.254600e-01 0.000000e+00
-5.453250e-01 8.382250e-01 0.000000e+00
-5.555700e-01 8.314700e-01 0.000000e+00
-4.792680e-01 -8.222680e-01 0.000000e+00
-4.882370e-01 -8.146050e-01 0.000000e+00
-4.972060e-01 -8.069420e-01 0.000000e+00
-5.061740e-01 -7.992790e-01 0.000000e+00
-5.151430e-01 -7.916160e-01 0.000000e+00
-4.879770e-01 -8.311330e-01 0.000000e+00
-4.969450e-01 -8.234700e-01 0.000000e+00
-5.059140e-01 -8.158070e-01 0.000000e+00
-5.148830e-01 -8.081440e-01 0.000000e+00
-4.966850e-01 -8.399980e-01 0.000000e+00
-5.056540e-01 -8.323350e-01 0.000000e+00
-5.146230e-01 -8.246730e-01 0.000000e+00
-5.053940e-01 -8.488640e-01 0.000000e+00
-5.143630e-01 -8.412010e-01 0.000000e+00
-5.141030e-01 -8.577290e-01 0.000000e+00
-4.275550e-01 -9.039890e-01 0.000000e+00
-4.164300e-01 -9.091680e-01 0.000000e+00
-4.052410e-01 -9.142100e-01 0.000000e+00
-3.939920e-01 -9.191140e-01 0.000000e+00
-3.826830e-01 -9.238800e-01 0.000000e+00
-4.174350e-01 -8.965180e-01 0.000000e+00
-4.062790e-01 -9.016280e-01 0.000000e+00
-3.950600e-01 -9.066010e-01 0.000000e+00
-3.837820e-01 -9.114350e-01 0.000000e+00
-4.073160e-01 -8.890460e-01 0.000000e+00
-3.961280e-01 -8.940870e-01 0.000000e+00
-3.848800e-01 -8.989910e-01 0.000000e+00
-3.971960e-01 -8.815740e-01 0.000000e+00
-3.859780e-01 -8.865470e-01 0.000000e+00
-3.870770e-01 -8.741030e-01 0.000000e+00
-6.964500e-01 -6.600100e-01 0.000000e+00
-7.075750e-01 -6.628970e-01 0.000000e+00
-7.187000e-01 -6.657850e-01 0.000000e+00
-7.298260e-01 -6.686720e-01 0.000000e+00
-7.409510e-01 -6.715590e-01 0.000000e+00
-6.991140e-01 -6.717840e-01 0.000000e+00
-7.102940e-01 -6.747230e-01 0.000000e+00
-7.214740e-01 -6.776620e-01 0.000000e+00
-7.326540e-01 -6.806010e-01 0.000000e+00
-7.017780e-01 -6.835580e-01 0.000000e+00
-7.130120e-01 -6.865500e-01 0.000000e+00
-7.242470e-01 -6.895410e-01 0.000000e+00
-7.044430e-01 -6.953330e-01 0.000000e+00
-7.157310e-01 -6.983760e-01 0.000000e+00
-7.071070e-01 -7.071070e-01 0.000000e+00
-5.549280e-01 -7.649390e-01 0.000000e+00
-5.550880e-01 -7.815710e-01 0.000000e+00
-5.552490e-01 -7.982040e-01 0.000000e+00
-5.554100e-01 -8.148370e-01 0.000000e+00
-5.555700e-01 -8.314700e-01 0.000000e+00
-5.449820e-01 -7.716080e-01 0.000000e+00
-5.451420e-01 -7.882410e-01 0.000000e+00
-5.453030e-01 -8.048740e-01 0.000000e+00
-5.454630e-01 -8.215060e-01 0.000000e+00
-5.350350e-01 -7.782780e-01 0.000000e+00
-5.351960e-01 -7.949100e-01 0.000000e+00
-5.353570e-01 -8.115430e-01 0.000000e+00
-5.250890e-01 -7.849470e-01 0.000000e+00
-5.252500e-01 -8.015800e-01 0.000000e+00
-5.151430e-01 -7.916160e-01 0.000000e+00
-5.956990e-01 -8.032080e-01 0.000000e+00
-5.937060e-01 -7.910090e-01 0.000000e+00
-5.917120e-01 -7.788100e-01 0.000000e+00
-5.897190e-01 -7.666110e-01 0.000000e+00
-5.877250e-01 -7.544120e-01 0.000000e+00
-6.055110e-01 -7.958370e-01 0.000000e+00
-6.034720e-01 -7.835780e-01 0.000000e+00
-6.014320e-01 -7.713200e-01 0.000000e+00
-5.993920e-01 -7.590610e-01 0.000000e+00
-6.152320e-01 -7.883460e-01 0.000000e+00
-6.131460e-01 -7.760290e-01 0.000000e+00
-6.110590e-01 -7.637110e-01 0.000000e+00
-6.248590e-01 -7.807370e-01 0.000000e+00
-6.227260e-01 -7.683610e-01 0.000000e+00
-6.343930e-01 -7.730100e-01 0.000000e+00
-6.690080e-01 -6.887920e-01 0.000000e+00
-6.758690e-01 -6.815970e-01 0.000000e+00
-6.827290e-01 -6.744010e-01 0.000000e+00
-6.895890e-01 -6.672060e-01 0.000000e+00
-6.964500e-01 -6.600100e-01 0.000000e+00
-6.785330e-01 -6.933710e-01 0.000000e+00
-6.853930e-01 -6.861750e-01 0.000000e+00
-6.922540e-01 -6.789800e-01 0.000000e+00
-6.991140e-01 -6.717840e-01 0.000000e+00
-6.880580e-01 -6.979490e-01 0.000000e+00
-6.949180e-01 -6.907540e-01 0.000000e+00
-7.017780e-01 -6.835580e-01 0.000000e+00
-6.975820e-01 -7.025280e-01 0.000000e+00
-7.044430e-01 -6.953330e-01 0.000000e+00
-7.071070e-01 -7.071070e-01 0.000000e+00
-7.071070e-01 -7.071070e-01 0.000000e+00
-6.983760e-01 -7.157310e-01 0.000000e+00
-6.895410e-01 -7.242470e-01 0.000000e+00
-6.806010e-01 -7.326540e-01 0.000000e+00
-6.715590e-01 -7.409510e-01 0.000000e+00
-6.975820e-01 -7.025280e-01 0.000000e+00
-6.887990e-01 -7.110980e-01 0.000000e+00
-6.799120e-01 -7.195600e-01 0.000000e+00
-6.709210e-01 -7.279110e-01 0.000000e+00
-6.880580e-01 -6.979490e-01 0.000000e+00
-6.792230e-01 -7.064650e-01 0.000000e+00
-6.702840e-01 -7.148720e-01 0.000000e+00
-6.785330e-01 -6.933710e-01 0.000000e+00
-6.696460e-01 -7.018320e-01 0.000000e+00
-6.690080e-01 -6.887920e-01 0.000000e+00
-5.956990e-01 -8.032080e-01 0.000000e+00
-5.857980e-01 -8.104570e-01 0.000000e+00
-5.758080e-01 -8.175850e-01 0.000000e+00
-5.657320e-01 -8.245890e-01 0.000000e+00
-5.555700e-01 -8.314700e-01 0.000000e+00
-5.855060e-01 -7.936400e-01 0.000000e+00
-5.755610e-01 -8.008290e-01 0.000000e+00
-5.655280e-01 -8.078950e-01 0.000000e+00
-5.554100e-01 -8.148370e-01 0.000000e+00
-5.753140e-01 -7.840730e-01 0.000000e+00
-5.653250e-01 -7.912000e-01 0.000000e+00
-5.552490e-01 -7.982040e-01 0.000000e+00
-5.651210e-01 -7.745060e-01 0.000000e+00
-5.550880e-01 -7.815710e-01 0.000000e+00
-5.549280e-01 -7.649390e-01 0.000000e+00
-6.031940e-01 -7.240660e-01 0.000000e+00
-6.109940e-01 -7.363020e-01 0.000000e+00
-6.187940e-01 -7.485380e-01 0.000000e+00
-6.265940e-01 -7.607740e-01 0.000000e+00
-6.343930e-01 -7.730100e-01 0.000000e+00
-5.993270e-01 -7.316520e-01 0.000000e+00
-6.071270e-01 -7.438880e-01 0.000000e+00
-6.149270e-01 -7.561250e-01 0.000000e+00
-6.227260e-01 -7.683610e-01 0.000000e+00
-5.954600e-01 -7.392390e-01 0.000000e+00
-6.032600e-01 -7.514750e-01 0.000000e+00
-6.110590e-01 -7.637110e-01 0.000000e+00
-5.915930e-01 -7.468250e-01 0.000000e+00
-5.993920e-01 -7.590610e-01 0.000000e+00
-5.877250e-01 -7.544120e-01 0.000000e+00
-5.956990e-01 -8.032080e-01 0.000000e+00
-5.855060e-01 -7.936400e-01 0.000000e+00
-5.753140e-01 -7.840730e-01 0.000000e+00
-5.651210e-01 -7.745060e-01 0.000000e+00
-5.549280e-01 -7.649390e-01 0.000000e+00
-5.937060e-01 -7.910090e-01 0.000000e+00
-5.835130e-01 -7.814410e-01 0.000000e+00
-5.733200e-01 -7.718740e-01 0.000000e+00
-5.631270e-01 -7.623070e-01 0.000000e+00
-5.917120e-01 -7.788100e-01 0.000000e+00
-5.815190e-01 -7.692420e-01 0.000000e+00
-5.713270e-01 -7.596750e-01 0.000000e+00
-5.897190e-01 -7.666110e-01 0.000000e+00
-5.795260e-01 -7.570430e-01 0.000000e+00
-5.877250e-01 -7.544120e-01 0.000000e+00
-1.644440e-01 9.517160e-01 0.000000e+00
-1.721060e-01 9.589830e-01 0.000000e+00
-1.797670e-01 9.662500e-01 0.000000e+00
-1.874290e-01 9.735180e-01 0.000000e+00
-1.950900e-01 9.807850e-01 0.000000e+00
-1.656610e-01 9.446260e-01 0.000000e+00
-1.733230e-01 9.518930e-01 0.000000e+00
-1.809850e-01 9.591600e-01 0.000000e+00
-1.886460e-01 9.664280e-01 0.000000e+00
-1.668790e-01 9.375350e-01 0.000000e+00
-1.745410e-01 9.448030e-01 0.000000e+00
-1.822020e-01 9.520700e-01 0.000000e+00
-1.680960e-01 9.304450e-01 0.000000e+00
-1.757580e-01 9.377130e-01 0.000000e+00
-1.693140e-01 9.233550e-01 0.000000e+00
2.589910e-01 9.270360e-01 0.000000e+00
2.668150e-01 9.345120e-01 0.000000e+00
2.746380e-01 9.419880e-01 0.000000e+00
2.824610e-01 9.494640e-01 0.000000e+00
2.902850e-01 9.569400e-01 0.000000e+00
2.549880e-01 9.377850e-01 0.000000e+00
2.628320e-01 9.453340e-01 0.000000e+00
2.706760e-01 9.528820e-01 0.000000e+00
2.785200e-01 9.604310e-01 0.000000e+00
2.509860e-01 9.485340e-01 0.000000e+00
2.588490e-01 9.561550e-01 0.000000e+00
2.667130e-01 9.637760e-01 0.000000e+00
2.469830e-01 9.592830e-01 0.000000e+00
2.548660e-01 9.669760e-01 0.000000e+00
2.429800e-01 9.700310e-01 0.000000e+00
2.799640e-01 8.989770e-01 0.000000e+00
2.825440e-01 9.134680e-01 0.000000e+00
2.851240e-01 9.279590e-01 0.000000e+00
2.877040e-01 9.424490e-01 0.000000e+00
2.902850e-01 9.569400e-01 0.000000e+00
2.747200e-01 9.059920e-01 0.000000e+00
2.773010e-01 9.204830e-01 0.000000e+00
2.798810e-01 9.349730e-01 0.000000e+00
2.824610e-01 9.494640e-01 0.000000e+00
2.694770e-01 9.130070e-01 0.000000e+00
2.720580e-01 9.274970e-01 0.000000e+00
2.746380e-01 9.419880e-01 0.000000e+00
2.642340e-01 9.200210e-01 0.000000e+00
2.668150e-01 9.345120e-01 0.000000e+00
2.589910e-01 9.270360e-01 0.000000e+00
-4.713970e-01 8.819210e-01 0.000000e+00
-4.821840e-01 8.760700e-01 0.000000e+00
-4.928980e-01 8.700870e-01 0.000000e+00
-5.035380e-01 8.639730e-01 0.000000e+00
-5.141030e-01 8.577290e-01 0.000000e+00
-4.663000e-01 8.714810e-01 0.000000e+00
-4.770510e-01 8.655640e-01 0.000000e+00
-4.877280e-01 8.595150e-01 0.000000e+00
-4.983300e-01 8.533360e-01 0.000000e+00
-4.612040e-01 8.610400e-01 0.000000e+00
-4.719180e-01 8.550570e-01 0.000000e+00
-4.825570e-01 8.489440e-01 0.000000e+00
-4.561080e-01 8.505990e-01 0.000000e+00
-4.667840e-01 8.445510e-01 0.000000e+00
-4.510110e-01 8.401590e-01 0.000000e+00
-4.713970e-01 -8.819210e-01 0.000000e+00
-4.605390e-01 -8.876400e-01 0.000000e+00
-4.496110e-01 -8.932240e-01 0.000000e+00
-4.386160e-01 -8.986740e-01 0.000000e+00
-4.275550e-01 -9.039890e-01 0.000000e+00
-4.602550e-01 -8.760810e-01 0.000000e+00
-4.493630e-01 -8.817320e-01 0.000000e+00
-4.384020e-01 -8.872490e-01 0.000000e+00
-4.273740e-01 -8.926320e-01 0.000000e+00
-4.491130e-01 -8.702400e-01 0.000000e+00
-4.381870e-01 -8.758240e-01 0.000000e+00
-4.271920e-01 -8.812740e-01 0.000000e+00
-4.379710e-01 -8.643990e-01 0.000000e+00
-4.270110e-01 -8.699160e-01 0.000000e+00
-4.268300e-01 -8.585580e-01 0.000000e+00
-6.343930e-01 -7.730100e-01 0.000000e+00
-6.265940e-01 -7.607740e-01 0.000000e+00
-6.187940e-01 -7.485380e-01 0.000000e+00
-6.109940e-01 -7.363020e-01 0.000000e+00
-6.031940e-01 -7.240660e-01 0.000000e+00
-6.344670e-01 -7.623590e-01 0.000000e+00
-6.266670e-01 -7.501230e-01 0.000000e+00
-6.188670e-01 -7.378870e-01 0.000000e+00
-6.110680e-01 -7.256510e-01 0.000000e+00
-6.345410e-01 -7.517090e-01 0.000000e+00
-6.267410e-01 -7.394720e-01 0.000000e+00
-6.189410e-01 -7.272360e-01 0.000000e+00
-6.346140e-01 -7.410580e-01 0.000000e+00
-6.268140e-01 -7.288210e-01 0.000000e+00
-6.346880e-01 -7.304070e-01 0.000000e+00
-6.346880e-01 -7.304070e-01 0.000000e+00
-6.336330e-01 -7.224530e-01 0.000000e+00
-6.325780e-01 -7.145000e-01 0.000000e+00
-6.315230e-01 -7.065470e-01 0.000000e+00
-6.304680e-01 -6.985940e-01 0.000000e+00
-6.439060e-01 -7.330430e-01 0.000000e+00
-6.428510e-01 -7.250900e-01 0.000000e+00
-6.417960e-01 -7.171360e-01 0.000000e+00
-6.407410e-01 -7.091830e-01 0.000000e+00
-6.531230e-01 -7.356790e-01 0.000000e+00
-6.520680e-01 -7.277260e-01 0.000000e+00
-6.510130e-01 -7.197720e-01 0.000000e+00
-6.623410e-01 -7.383150e-01 0.000000e+00
-6.612860e-01 -7.303620e-01 0.000000e+00
-6.715590e-01 -7.409510e-01 0.000000e+00
-1.202800e-01 -9.192650e-01 0.000000e+00
-1.268930e-01 -9.367430e-01 0.000000e+00
-1.335050e-01 -9.542210e-01 0.000000e+00
-1.401180e-01 -9.716990e-01 0.000000e+00
-1.467300e-01 -9.891770e-01 0.000000e+00
-1.142580e-01 -9.266590e-01 0.000000e+00
-1.208700e-01 -9.441370e-01 0.000000e+00
-1.274830e-01 -9.616150e-01 0.000000e+00
-1.340950e-01 -9.790930e-01 0.000000e+00
-1.082350e-01 -9.340540e-01 0.000000e+00
-1.148480e-01 -9.515320e-01 0.000000e+00
-1.214600e-01 -9.690100e-01 0.000000e+00
-1.022120e-01 -9.414490e-01 0.000000e+00
-1.088250e-01 -9.589270e-01 0.000000e+00
-9.618970e-02 -9.488430e-01 0.000000e+00
3.482430e-01 8.890020e-01 0.000000e+00
3.454040e-01 9.021380e-01 0.000000e+00
3.425660e-01 9.152730e-01 0.000000e+00
3.397280e-01 9.284090e-01 0.000000e+00
3.368900e-01 9.415440e-01 0.000000e+00
3.378730e-01 8.960540e-01 0.000000e+00
3.350350e-01 9.091890e-01 0.000000e+00
3.321970e-01 9.223250e-01 0.000000e+00
3.293580e-01 9.354600e-01 0.000000e+00
3.275040e-01 9.031050e-01 0.000000e+00
3.246650e-01 9.162410e-01 0.000000e+00
3.218270e-01 9.293760e-01 0.000000e+00
3.171340e-01 9.101570e-01 0.000000e+00
3.142960e-01 9.232920e-01 0.000000e+00
3.067640e-01 9.172090e-01 0.000000e+00
-4.472120e-01 -8.260230e-01 0.000000e+00
-4.532590e-01 -8.399970e-01 0.000000e+00
-4.593050e-01 -8.539720e-01 0.000000e+00
-4.653510e-01 -8.679470e-01 0.000000e+00
-4.713970e-01 -8.819210e-01 0.000000e+00
-4.421170e-01 -8.341570e-01 0.000000e+00
-4.481630e-01 -8.481310e-01 0.000000e+00
-4.542090e-01 -8.621060e-01 0.000000e+00
-4.602550e-01 -8.760810e-01 0.000000e+00
-4.370210e-01 -8.422900e-01 0.000000e+00
-4.430670e-01 -8.562650e-01 0.000000e+00
-4.491130e-01 -8.702400e-01 0.000000e+00
-4.319250e-01 -8.504240e-01 0.000000e+00
-4.379710e-01 -8.643990e-01 0.000000e+00
-4.268300e-01 -8.585580e-01 0.000000e+00
-4.275550e-01 -9.039890e-01 0.000000e+00
-4.174350e-01 -8.965180e-01 0.000000e+00
-4.073160e-01 -8.890460e-01 0.000000e+00
-3.971960e-01 -8.815740e-01 0.000000e+00
-3.870770e-01 -8.741030e-01 0.000000e+00
-4.273740e-01 -8.926320e-01 0.000000e+00
-4.172540e-01 -8.851600e-01 0.000000e+00
-4.071340e-01 -8.776880e-01 0.000000e+00
-3.970150e-01 -8.702170e-01 0.000000e+00
-4.271920e-01 -8.812740e-01 0.000000e+00
-4.170730e-01 -8.738020e-01 0.000000e+00
-4.069530e-01 -8.663300e-01 0.000000e+00
-4.270110e-01 -8.699160e-01 0.000000e+00
-4.168910e-01 -8.624440e-01 0.000000e+00
-4.268300e-01 -8.585580e-01 0.000000e+00
-9.618970e-02 -9.488430e-01 0.000000e+00
-1.088250e-01 -9.589270e-01 0.000000e+00
-1.214600e-01 -9.690100e-01 0.000000e+00
-1.340950e-01 -9.790930e-01 0.000000e+00
-1.467300e-01 -9.891770e-01 0.000000e+00
-9.664660e-02 -9.604290e-01 0.000000e+00
-1.092910e-01 -9.705870e-01 0.000000e+00
-1.219360e-01 -9.807450e-01 0.000000e+00
-1.345810e-01 -9.909030e-01 0.000000e+00
-9.710340e-02 -9.720140e-01 0.000000e+00
-1.097570e-01 -9.822470e-01 0.000000e+00
-1.224110e-01 -9.924800e-01 0.000000e+00
-9.756030e-02 -9.835990e-01 0.000000e+00
-1.102220e-01 -9.939070e-01 0.000000e+00
-9.801710e-02 -9.951850e-01 0.000000e+00
-4.111970e-02 -9.553800e-01 0.000000e+00
-5.534410e-02 -9.653310e-01 0.000000e+00
-6.956840e-02 -9.752820e-01 0.000000e+00
-8.379280e-02 -9.852330e-01 0.000000e+00
-9.801710e-02 -9.951850e-01 0.000000e+00
-4.310670e-02 -9.662340e-01 0.000000e+00
-5.733660e-02 -9.762600e-01 0.000000e+00
-7.156680e-02 -9.862860e-01 0.000000e+00
-8.579730e-02 -9.963130e-01 0.000000e+00
-4.509370e-02 -9.770880e-01 0.000000e+00
-5.932880e-02 -9.871890e-01 0.000000e+00
-7.356460e-02 -9.972900e-01 0.000000e+00
-4.708070e-02 -9.879420e-01 0.000000e+00
-6.132070e-02 -9.981180e-01 0.000000e+00
-4.906770e-02 -9.987950e-01 0.000000e+00
-4.906770e-02 -9.987950e-01 0.000000e+00
-3.937090e-02 -9.911510e-01 0.000000e+00
-2.967420e-02 -9.835060e-01 0.000000e+00
-1.997750e-02 -9.758620e-01 0.000000e+00
-1.028070e-02 -9.682170e-01 0.000000e+00
-4.708070e-02 -9.879420e-01 0.000000e+00
-3.738390e-02 -9.802970e-01 0.000000e+00
-2.768720e-02 -9.726520e-01 0.000000e+00
-1.799050e-02 -9.650080e-01 0.000000e+00
-4.509370e-02 -9.770880e-01 0.000000e+00
-3.539700e-02 -9.694430e-01 0.000000e+00
-2.570020e-02 -9.617980e-01 0.000000e+00
-4.310670e-02 -9.662340e-01 0.000000e+00
-3.341000e-02 -9.585890e-01 0.000000e+00
-4.111970e-02 -9.553800e-01 0.000000e+00
9.801710e-02 -9.951850e-01 0.000000e+00
9.838970e-02 -9.828000e-01 0.000000e+00
9.876220e-02 -9.704150e-01 0.000000e+00
9.913470e-02 -9.580300e-01 0.000000e+00
9.950730e-02 -9.456450e-01 0.000000e+00
9.008530e-02 -9.859540e-01 0.000000e+00
9.045780e-02 -9.735690e-01 0.000000e+00
9.083040e-02 -9.611840e-01 0.000000e+00
9.120290e-02 -9.487990e-01 0.000000e+00
8.215340e-02 -9.767230e-01 0.000000e+00
8.252600e-02 -9.643380e-01 0.000000e+00
8.289850e-02 -9.519530e-01 0.000000e+00
7.422160e-02 -9.674920e-01 0.000000e+00
7.459410e-02 -9.551070e-01 0.000000e+00
6.628970e-02 -9.582610e-01 0.000000e+00
-1.838810e-16 -1.000000e+00 0.000000e+00
-2.570180e-03 -9.920540e-01 0.000000e+00
-5.140360e-03 -9.841090e-01 0.000000e+00
-7.710540e-03 -9.761630e-01 0.000000e+00
-1.028070e-02 -9.682170e-01 0.000000e+00
-1.227150e-02 -9.999250e-01 0.000000e+00
-1.484050e-02 -9.919040e-01 0.000000e+00
-1.740910e-02 -9.838830e-01 0.000000e+00
-1.997750e-02 -9.758620e-01 0.000000e+00
-2.454120e-02 -9.996990e-01 0.000000e+00
-2.710800e-02 -9.916030e-01 0.000000e+00
-2.967420e-02 -9.835060e-01 0.000000e+00
-3.680720e-02 -9.993220e-01 0.000000e+00
-3.937090e-02 -9.911510e-01 0.000000e+00
-4.906770e-02 -9.987950e-01 0.000000e+00
2.049240e-02 -9.780220e-01 0.000000e+00
1.536930e-02 -9.835170e-01 0.000000e+00
1.024620e-02 -9.890110e-01 0.000000e+00
5.123090e-03 -9.945060e-01 0.000000e+00
-1.838810e-16 -1.000000e+00 0.000000e+00
2.763620e-02 -9.832150e-01 0.000000e+00
2.251490e-02 -9.887850e-01 0.000000e+00
1.739340e-02 -9.943550e-01 0.000000e+00
1.227150e-02 -9.999250e-01 0.000000e+00
3.478000e-02 -9.884090e-01 0.000000e+00
2.966090e-02 -9.940540e-01 0.000000e+00
2.454120e-02 -9.996990e-01 0.000000e+00
4.192380e-02 -9.936020e-01 0.000000e+00
3.680720e-02 -9.993220e-01 0.000000e+00
4.906770e-02 -9.987950e-01 0.000000e+00
6.628970e-02 -9.582610e-01 0.000000e+00
6.198420e-02 -9.683950e-01 0.000000e+00
5.767870e-02 -9.785280e-01 0.000000e+00
5.337320e-02 -9.886620e-01 0.000000e+00
4.906770e-02 -9.987950e-01 0.000000e+00
7.422160e-02 -9.674920e-01 0.000000e+00
6.992160e-02 -9.777010e-01 0.000000e+00
6.562130e-02 -9.879090e-01 0.000000e+00
6.132070e-02 -9.981180e-01 0.000000e+00
8.215340e-02 -9.767230e-01 0.000000e+00
7.785930e-02 -9.870070e-01 0.000000e+00
7.356460e-02 -9.972900e-01 0.000000e+00
9.008530e-02 -9.859540e-01 0.000000e+00
8.579730e-02 -9.963130e-01 0.000000e+00
9.801710e-02 -9.951850e-01 0.000000e+00
-1.028070e-02 -9.682170e-01 0.000000e+00
-7.710540e-03 -9.761630e-01 0.000000e+00
-5.140360e-03 -9.841090e-01 0.000000e+00
-2.570180e-03 -9.920540e-01 0.000000e+00
-1.836970e-16 -1.000000e+00 0.000000e+00
-2.587450e-03 -9.706680e-01 0.000000e+00
-1.726650e-05 -9.786140e-01 0.000000e+00
2.552910e-03 -9.865600e-01 0.000000e+00
5.123090e-03 -9.945060e-01 0.000000e+00
5.105820e-03 -9.731200e-01 0.000000e+00
7.676000e-03 -9.810650e-01 0.000000e+00
1.024620e-02 -9.890110e-01 0.000000e+00
1.279910e-02 -9.755710e-01 0.000000e+00
1.536930e-02 -9.835170e-01 0.000000e+00
2.049240e-02 -9.780220e-01 0.000000e+00
3.067640e-01 9.172090e-01 0.000000e+00
3.142960e-01 9.232920e-01 0.000000e+00
3.218270e-01 9.293760e-01 0.000000e+00
3.293580e-01 9.354600e-01 0.000000e+00
3.368900e-01 9.415440e-01 0.000000e+00
3.026440e-01 9.271420e-01 0.000000e+00
3.101990e-01 9.332970e-01 0.000000e+00
3.177550e-01 9.394520e-01 0.000000e+00
3.253100e-01 9.456070e-01 0.000000e+00
2.985250e-01 9.370740e-01 0.000000e+00
3.061030e-01 9.433010e-01 0.000000e+00
3.136820e-01 9.495280e-01 0.000000e+00
2.944050e-01 9.470070e-01 0.000000e+00
3.020060e-01 9.533060e-01 0.000000e+00
2.902850e-01 9.569400e-01 0.000000e+00
5.956990e-01 8.032080e-01 0.000000e+00
5.849980e-01 7.982980e-01 0.000000e+00
5.742960e-01 7.933880e-01 0.000000e+00
5.635950e-01 7.884780e-01 0.000000e+00
5.528930e-01 7.835690e-01 0.000000e+00
5.902130e-01 7.911730e-01 0.000000e+00
5.795120e-01 7.862640e-01 0.000000e+00
5.688100e-01 7.813540e-01 0.000000e+00
5.581080e-01 7.764440e-01 0.000000e+00
5.847270e-01 7.791390e-01 0.000000e+00
5.740250e-01 7.742300e-01 0.000000e+00
5.633240e-01 7.693200e-01 0.000000e+00
5.792410e-01 7.671050e-01 0.000000e+00
5.685390e-01 7.621960e-01 0.000000e+00
5.737550e-01 7.550710e-01 0.000000e+00
6.343930e-01 7.730100e-01 0.000000e+00
6.270770e-01 7.644710e-01 0.000000e+00
6.197600e-01 7.559310e-01 0.000000e+00
6.124430e-01 7.473910e-01 0.000000e+00
6.051270e-01 7.388510e-01 0.000000e+00
6.346610e-01 7.626500e-01 0.000000e+00
6.273450e-01 7.541110e-01 0.000000e+00
6.200280e-01 7.455710e-01 0.000000e+00
6.127110e-01 7.370310e-01 0.000000e+00
6.349290e-01 7.522900e-01 0.000000e+00
6.276130e-01 7.437500e-01 0.000000e+00
6.202960e-01 7.352110e-01 0.000000e+00
6.351970e-01 7.419300e-01 0.000000e+00
6.278810e-01 7.333900e-01 0.000000e+00
6.354650e-01 7.315700e-01 0.000000e+00
6.545190e-01 6.914580e-01 0.000000e+00
6.587790e-01 7.038320e-01 0.000000e+00
6.630390e-01 7.162050e-01 0.000000e+00
6.672990e-01 7.285780e-01 0.000000e+00
6.715590e-01 7.409510e-01 0.000000e+00
6.497550e-01 7.014860e-01 0.000000e+00
6.540150e-01 7.138590e-01 0.000000e+00
6.582750e-01 7.262330e-01 0.000000e+00
6.625360e-01 7.386060e-01 0.000000e+00
6.449920e-01 7.115140e-01 0.000000e+00
6.492520e-01 7.238870e-01 0.000000e+00
6.535120e-01 7.362610e-01 0.000000e+00
6.402290e-01 7.215420e-01 0.000000e+00
6.444890e-01 7.339150e-01 0.000000e+00
6.354650e-01 7.315700e-01 0.000000e+00
5.226030e-01 7.964400e-01 0.000000e+00
5.301760e-01 7.932220e-01 0.000000e+00
5.377480e-01 7.900040e-01 0.000000e+00
5.453210e-01 7.867860e-01 0.000000e+00
5.528930e-01 7.835690e-01 0.000000e+00
5.308450e-01 8.051980e-01 0.000000e+00
5.384170e-01 8.019800e-01 0.000000e+00
5.459900e-01 7.987620e-01 0.000000e+00
5.535620e-01 7.955440e-01 0.000000e+00
5.390870e-01 8.139550e-01 0.000000e+00
5.466590e-01 8.107370e-01 0.000000e+00
5.542320e-01 8.075190e-01 0.000000e+00
5.473280e-01 8.227120e-01 0.000000e+00
5.549010e-01 8.194940e-01 0.000000e+00
5.555700e-01 8.314700e-01 0.000000e+00
6.051270e-01 7.388510e-01 0.000000e+00
6.027700e-01 7.549400e-01 0.000000e+00
6.004130e-01 7.710290e-01 0.000000e+00
5.980560e-01 7.871180e-01 0.000000e+00
5.956990e-01 8.032080e-01 0.000000e+00
5.972840e-01 7.429060e-01 0.000000e+00
5.949270e-01 7.589950e-01 0.000000e+00
5.925700e-01 7.750840e-01 0.000000e+00
5.902130e-01 7.911730e-01 0.000000e+00
5.894410e-01 7.469610e-01 0.000000e+00
5.870840e-01 7.630500e-01 0.000000e+00
5.847270e-01 7.791390e-01 0.000000e+00
5.815980e-01 7.510160e-01 0.000000e+00
5.792410e-01 7.671050e-01 0.000000e+00
5.737550e-01 7.550710e-01 0.000000e+00
5.956990e-01 8.032080e-01 0.000000e+00
5.980560e-01 7.871180e-01 0.000000e+00
6.004130e-01 7.710290e-01 0.000000e+00
6.027700e-01 7.549400e-01 0.000000e+00
6.051270e-01 7.388510e-01 0.000000e+00
6.055110e-01 7.958370e-01 0.000000e+00
6.078220e-01 7.796880e-01 0.000000e+00
6.101330e-01 7.635390e-01 0.000000e+00
6.124430e-01 7.473910e-01 0.000000e+00
6.152320e-01 7.883460e-01 0.000000e+00
6.174960e-01 7.721380e-01 0.000000e+00
6.197600e-01 7.559310e-01 0.000000e+00
6.248590e-01 7.807370e-01 0.000000e+00
6.270770e-01 7.644710e-01 0.000000e+00
6.343930e-01 7.730100e-01 0.000000e+00
5.555700e-01 8.314700e-01 0.000000e+00
5.549010e-01 8.194940e-01 0.000000e+00
5.542320e-01 8.075190e-01 0.000000e+00
5.535620e-01 7.955440e-01 0.000000e+00
5.528930e-01 7.835690e-01 0.000000e+00
5.657320e-01 8.245890e-01 0.000000e+00
5.650200e-01 8.125520e-01 0.000000e+00
5.643070e-01 8.005150e-01 0.000000e+00
5.635950e-01 7.884780e-01 0.000000e+00
5.758080e-01 8.175850e-01 0.000000e+00
5.750520e-01 8.054860e-01 0.000000e+00
5.742960e-01 7.933880e-01 0.000000e+00
5.857980e-01 8.104570e-01 0.000000e+00
5.849980e-01 7.982980e-01 0.000000e+00
5.956990e-01 8.032080e-01 0.000000e+00
4.713970e-01 8.819210e-01 0.000000e+00
4.708190e-01 8.698710e-01 0.000000e+00
4.702420e-01 8.578210e-01 0.000000e+00
4.696650e-01 8.457720e-01 0.000000e+00
4.690880e-01 8.337220e-01 0.000000e+00
4.821840e-01 8.760700e-01 0.000000e+00
4.815700e-01 8.639540e-01 0.000000e+00
4.809560e-01 8.518390e-01 0.000000e+00
4.803410e-01 8.397230e-01 0.000000e+00
4.928980e-01 8.700870e-01 0.000000e+00
4.922470e-01 8.579060e-01 0.000000e+00
4.915950e-01 8.457250e-01 0.000000e+00
5.035380e-01 8.639730e-01 0.000000e+00
5.028490e-01 8.517270e-01 0.000000e+00
5.141030e-01 8.577290e-01 0.000000e+00
4.963010e-01 8.127200e-01 0.000000e+00
5.111180e-01 8.174070e-01 0.000000e+00
5.259350e-01 8.220950e-01 0.000000e+00
5.407530e-01 8.267820e-01 0.000000e+00
5.555700e-01 8.314700e-01 0.000000e+00
5.007510e-01 8.239720e-01 0.000000e+00
5.156090e-01 8.287230e-01 0.000000e+00
5.304670e-01 8.334740e-01 0.000000e+00
5.453250e-01 8.382250e-01 0.000000e+00
5.052020e-01 8.352240e-01 0.000000e+00
5.200990e-01 8.400390e-01 0.000000e+00
5.349980e-01 8.448540e-01 0.000000e+00
5.096520e-01 8.464760e-01 0.000000e+00
5.245900e-01 8.513550e-01 0.000000e+00
5.141030e-01 8.577290e-01 0.000000e+00
-3.826830e-01 -9.238800e-01 0.000000e+00
-3.776020e-01 -9.171600e-01 0.000000e+00
-3.725210e-01 -9.104410e-01 0.000000e+00
-3.674400e-01 -9.037220e-01 0.000000e+00
-3.623590e-01 -8.970030e-01 0.000000e+00
-3.837820e-01 -9.114350e-01 0.000000e+00
-3.787010e-01 -9.047160e-01 0.000000e+00
-3.736190e-01 -8.979970e-01 0.000000e+00
-3.685380e-01 -8.912780e-01 0.000000e+00
-3.848800e-01 -8.989910e-01 0.000000e+00
-3.797990e-01 -8.922720e-01 0.000000e+00
-3.747180e-01 -8.855530e-01 0.000000e+00
-3.859780e-01 -8.865470e-01 0.000000e+00
-3.808970e-01 -8.798280e-01 0.000000e+00
-3.870770e-01 -8.741030e-01 0.000000e+00
-3.067580e-01 -9.171760e-01 0.000000e+00
-3.142910e-01 -9.232680e-01 0.000000e+00
-3.218240e-01 -9.293600e-01 0.000000e+00
-3.293570e-01 -9.354520e-01 0.000000e+00
-3.368900e-01 -9.415440e-01 0.000000e+00
-3.026400e-01 -9.271170e-01 0.000000e+00
-3.101960e-01 -9.332800e-01 0.000000e+00
-3.177530e-01 -9.394440e-01 0.000000e+00
-3.253100e-01 -9.456070e-01 0.000000e+00
-2.985210e-01 -9.370580e-01 0.000000e+00
-3.061010e-01 -9.432930e-01 0.000000e+00
-3.136820e-01 -9.495280e-01 0.000000e+00
-2.944030e-01 -9.469990e-01 0.000000e+00
-3.020060e-01 -9.533060e-01 0.000000e+00
-2.902850e-01 -9.569400e-01 0.000000e+00
-1.517230e-01 -9.137700e-01 0.000000e+00
-1.582220e-01 -9.185190e-01 0.000000e+00
-1.647220e-01 -9.232680e-01 0.000000e+00
-1.712210e-01 -9.280160e-01 0.000000e+00
-1.777200e-01 -9.327650e-01 0.000000e+00
-1.504750e-01 -9.326210e-01 0.000000e+00
-1.569740e-01 -9.373700e-01 0.000000e+00
-1.634740e-01 -9.421190e-01 0.000000e+00
-1.699730e-01 -9.468680e-01 0.000000e+00
-1.492270e-01 -9.514730e-01 0.000000e+00
-1.557260e-01 -9.562220e-01 0.000000e+00
-1.622250e-01 -9.609710e-01 0.000000e+00
-1.479790e-01 -9.703250e-01 0.000000e+00
-1.544780e-01 -9.750740e-01 0.000000e+00
-1.467300e-01 -9.891770e-01 0.000000e+00
-3.623590e-01 -8.970030e-01 0.000000e+00
-3.674400e-01 -9.037220e-01 0.000000e+00
-3.725210e-01 -9.104410e-01 0.000000e+00
-3.776020e-01 -9.171600e-01 0.000000e+00
-3.826830e-01 -9.238800e-01 0.000000e+00
-3.559910e-01 -9.081390e-01 0.000000e+00
-3.611000e-01 -9.149280e-01 0.000000e+00
-3.662080e-01 -9.217170e-01 0.000000e+00
-3.713170e-01 -9.285060e-01 0.000000e+00
-3.496240e-01 -9.192740e-01 0.000000e+00
-3.547590e-01 -9.261330e-01 0.000000e+00
-3.598950e-01 -9.329930e-01 0.000000e+00
-3.432570e-01 -9.304090e-01 0.000000e+00
-3.484190e-01 -9.373390e-01 0.000000e+00
-3.368900e-01 -9.415440e-01 0.000000e+00
-2.333970e-01 -9.023970e-01 0.000000e+00
-2.357930e-01 -9.193060e-01 0.000000e+00
-2.381890e-01 -9.362140e-01 0.000000e+00
-2.405840e-01 -9.531230e-01 0.000000e+00
-2.429800e-01 -9.700310e-01 0.000000e+00
-2.267860e-01 -9.066150e-01 0.000000e+00
-2.291820e-01 -9.235230e-01 0.000000e+00
-2.315770e-01 -9.404320e-01 0.000000e+00
-2.339730e-01 -9.573400e-01 0.000000e+00
-2.201750e-01 -9.108330e-01 0.000000e+00
-2.225700e-01 -9.277410e-01 0.000000e+00
-2.249660e-01 -9.446500e-01 0.000000e+00
-2.135640e-01 -9.150500e-01 0.000000e+00
-2.159590e-01 -9.319590e-01 0.000000e+00
-2.069520e-01 -9.192680e-01 0.000000e+00
-3.067580e-01 -9.171760e-01 0.000000e+00
-3.206580e-01 -9.121330e-01 0.000000e+00
-3.345580e-01 -9.070890e-01 0.000000e+00
-3.484580e-01 -9.020460e-01 0.000000e+00
-3.623590e-01 -8.970030e-01 0.000000e+00
-3.142910e-01 -9.232680e-01 0.000000e+00
-3.281910e-01 -9.182250e-01 0.000000e+00
-3.420910e-01 -9.131820e-01 0.000000e+00
-3.559910e-01 -9.081390e-01 0.000000e+00
-3.218240e-01 -9.293600e-01 0.000000e+00
-3.357240e-01 -9.243170e-01 0.000000e+00
-3.496240e-01 -9.192740e-01 0.000000e+00
-3.293570e-01 -9.354520e-01 0.000000e+00
-3.432570e-01 -9.304090e-01 0.000000e+00
-3.368900e-01 -9.415440e-01 0.000000e+00
-1.517230e-01 -9.137700e-01 0.000000e+00
-1.504750e-01 -9.326210e-01 0.000000e+00
-1.492270e-01 -9.514730e-01 0.000000e+00
-1.479790e-01 -9.703250e-01 0.000000e+00
-1.467300e-01 -9.891770e-01 0.000000e+00
-1.438620e-01 -9.151430e-01 0.000000e+00
-1.426140e-01 -9.339950e-01 0.000000e+00
-1.413660e-01 -9.528470e-01 0.000000e+00
-1.401180e-01 -9.716990e-01 0.000000e+00
-1.360020e-01 -9.165170e-01 0.000000e+00
-1.347540e-01 -9.353690e-01 0.000000e+00
-1.335050e-01 -9.542210e-01 0.000000e+00
-1.281410e-01 -9.178910e-01 0.000000e+00
-1.268930e-01 -9.367430e-01 0.000000e+00
-1.202800e-01 -9.192650e-01 0.000000e+00
-2.429800e-01 -9.700310e-01 0.000000e+00
-2.483350e-01 -9.543150e-01 0.000000e+00
-2.536900e-01 -9.385980e-01 0.000000e+00
-2.590450e-01 -9.228820e-01 0.000000e+00
-2.644000e-01 -9.071650e-01 0.000000e+00
-2.548660e-01 -9.669760e-01 0.000000e+00
-2.602010e-01 -9.511870e-01 0.000000e+00
-2.655360e-01 -9.353980e-01 0.000000e+00
-2.708710e-01 -9.196090e-01 0.000000e+00
-2.667130e-01 -9.637760e-01 0.000000e+00
-2.720280e-01 -9.479140e-01 0.000000e+00
-2.773420e-01 -9.320530e-01 0.000000e+00
-2.785200e-01 -9.604310e-01 0.000000e+00
-2.838140e-01 -9.444970e-01 0.000000e+00
-2.902850e-01 -9.569400e-01 0.000000e+00
-2.069520e-01 -9.192680e-01 0.000000e+00
-2.159590e-01 -9.319590e-01 0.000000e+00
-2.249660e-01 -9.446500e-01 0.000000e+00
-2.339730e-01 -9.573400e-01 0.000000e+00
-2.429800e-01 -9.700310e-01 0.000000e+00
-2.039870e-01 -9.346470e-01 0.000000e+00
-2.130100e-01 -9.474120e-01 0.000000e+00
-2.220340e-01 -9.601760e-01 0.000000e+00
-2.310580e-01 -9.729400e-01 0.000000e+00
-2.010210e-01 -9.500270e-01 0.000000e+00
-2.100610e-01 -9.628640e-01 0.000000e+00
-2.191010e-01 -9.757020e-01 0.000000e+00
-1.980560e-01 -9.654060e-01 0.000000e+00
-2.071110e-01 -9.783170e-01 0.000000e+00
-1.950900e-01 -9.807850e-01 0.000000e+00
-9.801710e-02 -9.951850e-01 0.000000e+00
-8.379280e-02 -9.852330e-01 0.000000e+00
-6.956840e-02 -9.752820e-01 0.000000e+00
-5.534410e-02 -9.653310e-01 0.000000e+00
-4.111970e-02 -9.553800e-01 0.000000e+00
-9.756030e-02 -9.835990e-01 0.000000e+00
-8.333590e-02 -9.736480e-01 0.000000e+00
-6.911160e-02 -9.636970e-01 0.000000e+00
-5.488720e-02 -9.537460e-01 0.000000e+00
-9.710340e-02 -9.720140e-01 0.000000e+00
-8.287910e-02 -9.620630e-01 0.000000e+00
-6.865470e-02 -9.521120e-01 0.000000e+00
-9.664660e-02 -9.604290e-01 0.000000e+00
-8.242220e-02 -9.504780e-01 0.000000e+00
-9.618970e-02 -9.488430e-01 0.000000e+00
-2.069520e-01 -9.192680e-01 0.000000e+00
-2.039870e-01 -9.346470e-01 0.000000e+00
-2.010210e-01 -9.500270e-01 0.000000e+00
-1.980560e-01 -9.654060e-01 0.000000e+00
-1.950900e-01 -9.807850e-01 0.000000e+00
-1.996440e-01 -9.226420e-01 0.000000e+00
-1.966790e-01 -9.380220e-01 0.000000e+00
-1.937130e-01 -9.534010e-01 0.000000e+00
-1.907480e-01 -9.687800e-01 0.000000e+00
-1.923360e-01 -9.260170e-01 0.000000e+00
-1.893710e-01 -9.413960e-01 0.000000e+00
-1.864050e-01 -9.567750e-01 0.000000e+00
-1.850280e-01 -9.293910e-01 0.000000e+00
-1.820630e-01 -9.447700e-01 0.000000e+00
-1.777200e-01 -9.327650e-01 0.000000e+00
4.906770e-02 -9.987950e-01 0.000000e+00
5.337320e-02 -9.886620e-01 0.000000e+00
5.767870e-02 -9.785280e-01 0.000000e+00
6.198420e-02 -9.683950e-01 0.000000e+00
6.628970e-02 -9.582610e-01 0.000000e+00
4.434700e-02 -9.864910e-01 0.000000e+00
4.865250e-02 -9.763580e-01 0.000000e+00
5.295800e-02 -9.662240e-01 0.000000e+00
5.726350e-02 -9.560900e-01 0.000000e+00
3.962630e-02 -9.741870e-01 0.000000e+00
4.393180e-02 -9.640540e-01 0.000000e+00
4.823730e-02 -9.539200e-01 0.000000e+00
3.490560e-02 -9.618830e-01 0.000000e+00
3.921110e-02 -9.517490e-01 0.000000e+00
3.018490e-02 -9.495790e-01 0.000000e+00
2.049240e-02 -9.780220e-01 0.000000e+00
2.763620e-02 -9.832150e-01 0.000000e+00
3.478000e-02 -9.884090e-01 0.000000e+00
4.192380e-02 -9.936020e-01 0.000000e+00
4.906770e-02 -9.987950e-01 0.000000e+00
2.291550e-02 -9.709110e-01 0.000000e+00
3.005930e-02 -9.761050e-01 0.000000e+00
3.720320e-02 -9.812980e-01 0.000000e+00
4.434700e-02 -9.864910e-01 0.000000e+00
2.533860e-02 -9.638000e-01 0.000000e+00
3.248250e-02 -9.689940e-01 0.000000e+00
3.962630e-02 -9.741870e-01 0.000000e+00
2.776180e-02 -9.566900e-01 0.000000e+00
3.490560e-02 -9.618830e-01 0.000000e+00
3.018490e-02 -9.495790e-01 0.000000e+00
9.950730e-02 -9.456450e-01 0.000000e+00
1.113130e-01 -9.565280e-01 0.000000e+00
1.231190e-01 -9.674110e-01 0.000000e+00
1.349250e-01 -9.782940e-01 0.000000e+00
1.467300e-01 -9.891770e-01 0.000000e+00
1.049400e-01 -9.386160e-01 0.000000e+00
1.167450e-01 -9.494990e-01 0.000000e+00
1.285510e-01 -9.603820e-01 0.000000e+00
1.403570e-01 -9.712650e-01 0.000000e+00
1.103720e-01 -9.315880e-01 0.000000e+00
1.221780e-01 -9.424710e-01 0.000000e+00
1.339840e-01 -9.533540e-01 0.000000e+00
1.158040e-01 -9.245590e-01 0.000000e+00
1.276100e-01 -9.354420e-01 0.000000e+00
1.212370e-01 -9.175310e-01 0.000000e+00
1.606820e-01 -9.328010e-01 0.000000e+00
1.571940e-01 -9.468950e-01 0.000000e+00
1.537060e-01 -9.609890e-01 0.000000e+00
1.502180e-01 -9.750830e-01 0.000000e+00
1.467300e-01 -9.891770e-01 0.000000e+00
1.692840e-01 -9.447970e-01 0.000000e+00
1.658090e-01 -9.589650e-01 0.000000e+00
1.623340e-01 -9.731330e-01 0.000000e+00
1.588580e-01 -9.873010e-01 0.000000e+00
1.778860e-01 -9.567930e-01 0.000000e+00
1.744240e-01 -9.710350e-01 0.000000e+00
1.709620e-01 -9.852780e-01 0.000000e+00
1.864880e-01 -9.687890e-01 0.000000e+00
1.830400e-01 -9.831050e-01 0.000000e+00
1.950900e-01 -9.807850e-01 0.000000e+00
1.467300e-01 -9.891770e-01 0.000000e+00
1.349250e-01 -9.782940e-01 0.000000e+00
1.231190e-01 -9.674110e-01 0.000000e+00
1.113130e-01 -9.565280e-01 0.000000e+00
9.950730e-02 -9.456450e-01 0.000000e+00
1.345810e-01 -9.909030e-01 0.000000e+00
1.227650e-01 -9.799450e-01 0.000000e+00
1.109500e-01 -9.689870e-01 0.000000e+00
9.913470e-02 -9.580300e-01 0.000000e+00
1.224110e-01 -9.924800e-01 0.000000e+00
1.105860e-01 -9.814470e-01 0.000000e+00
9.876220e-02 -9.704150e-01 0.000000e+00
1.102220e-01 -9.939070e-01 0.000000e+00
9.838970e-02 -9.828000e-01 0.000000e+00
9.801710e-02 -9.951850e-01 0.000000e+00
1.606820e-01 -9.328010e-01 0.000000e+00
1.508200e-01 -9.289840e-01 0.000000e+00
1.409590e-01 -9.251660e-01 0.000000e+00
1.310980e-01 -9.213480e-01 0.000000e+00
1.212370e-01 -9.175310e-01 0.000000e+00
1.571940e-01 -9.468950e-01 0.000000e+00
1.473330e-01 -9.430780e-01 0.000000e+00
1.374710e-01 -9.392600e-01 0.000000e+00
1.276100e-01 -9.354420e-01 0.000000e+00
1.537060e-01 -9.609890e-01 0.000000e+00
1.438450e-01 -9.571710e-01 0.000000e+00
1.339840e-01 -9.533540e-01 0.000000e+00
1.502180e-01 -9.750830e-01 0.000000e+00
1.403570e-01 -9.712650e-01 0.000000e+00
1.467300e-01 -9.891770e-01 0.000000e+00
3.482430e-01 8.890020e-01 0.000000e+00
3.579160e-01 8.870920e-01 0.000000e+00
3.675890e-01 8.851810e-01 0.000000e+00
3.772630e-01 8.832710e-01 0.000000e+00
3.869360e-01 8.813600e-01 0.000000e+00
3.568530e-01 8.977220e-01 0.000000e+00
3.665260e-01 8.958110e-01 0.000000e+00
3.762000e-01 8.939010e-01 0.000000e+00
3.858730e-01 8.919900e-01 0.000000e+00
3.654630e-01 9.064410e-01 0.000000e+00
3.751360e-01 9.045300e-01 0.000000e+00
3.848100e-01 9.026200e-01 0.000000e+00
3.740730e-01 9.151600e-01 0.000000e+00
3.837470e-01 9.132500e-01 0.000000e+00
3.826830e-01 9.238800e-01 0.000000e+00
6.715590e-01 7.409510e-01 0.000000e+00
6.624160e-01 7.491360e-01 0.000000e+00
6.531730e-01 7.572090e-01 0.000000e+00
6.438320e-01 7.651670e-01 0.000000e+00
6.343930e-01 7.730100e-01 0.000000e+00
6.625360e-01 7.386060e-01 0.000000e+00
6.533430e-01 7.467350e-01 0.000000e+00
6.440510e-01 7.547500e-01 0.000000e+00
6.346610e-01 7.626500e-01 0.000000e+00
6.535120e-01 7.362610e-01 0.000000e+00
6.442700e-01 7.443320e-01 0.000000e+00
6.349290e-01 7.522900e-01 0.000000e+00
6.444890e-01 7.339150e-01 0.000000e+00
6.351970e-01 7.419300e-01 0.000000e+00
6.354650e-01 7.315700e-01 0.000000e+00
6.782670e-01 7.078390e-01 0.000000e+00
6.854770e-01 7.076560e-01 0.000000e+00
6.926870e-01 7.074730e-01 0.000000e+00
6.998970e-01 7.072900e-01 0.000000e+00
7.071070e-01 7.071070e-01 0.000000e+00
6.765900e-01 7.161170e-01 0.000000e+00
6.838520e-01 7.159880e-01 0.000000e+00
6.911140e-01 7.158600e-01 0.000000e+00
6.983760e-01 7.157310e-01 0.000000e+00
6.749130e-01 7.243950e-01 0.000000e+00
6.822260e-01 7.243210e-01 0.000000e+00
6.895410e-01 7.242470e-01 0.000000e+00
6.732360e-01 7.326730e-01 0.000000e+00
6.806010e-01 7.326540e-01 0.000000e+00
6.715590e-01 7.409510e-01 0.000000e+00
4.963010e-01 8.127200e-01 0.000000e+00
5.028760e-01 8.086500e-01 0.000000e+00
5.094520e-01 8.045800e-01 0.000000e+00
5.160280e-01 8.005100e-01 0.000000e+00
5.226030e-01 7.964400e-01 0.000000e+00
5.111180e-01 8.174070e-01 0.000000e+00
5.176940e-01 8.133370e-01 0.000000e+00
5.242690e-01 8.092670e-01 0.000000e+00
5.308450e-01 8.051980e-01 0.000000e+00
5.259350e-01 8.220950e-01 0.000000e+00
5.325110e-01 8.180250e-01 0.000000e+00
5.390870e-01 8.139550e-01 0.000000e+00
5.407530e-01 8.267820e-01 0.000000e+00
5.473280e-01 8.227120e-01 0.000000e+00
5.555700e-01 8.314700e-01 0.000000e+00
-2.902850e-01 -9.569400e-01 0.000000e+00
-2.838140e-01 -9.444970e-01 0.000000e+00
-2.773420e-01 -9.320530e-01 0.000000e+00
-2.708710e-01 -9.196090e-01 0.000000e+00
-2.644000e-01 -9.071650e-01 0.000000e+00
-2.944030e-01 -9.469990e-01 0.000000e+00
-2.879320e-01 -9.345550e-01 0.000000e+00
-2.814610e-01 -9.221120e-01 0.000000e+00
-2.749900e-01 -9.096680e-01 0.000000e+00
-2.985210e-01 -9.370580e-01 0.000000e+00
-2.920500e-01 -9.246140e-01 0.000000e+00
-2.855790e-01 -9.121700e-01 0.000000e+00
-3.026400e-01 -9.271170e-01 0.000000e+00
-2.961680e-01 -9.146730e-01 0.000000e+00
-3.067580e-01 -9.171760e-01 0.000000e+00
-2.644000e-01 -9.071650e-01 0.000000e+00
-2.590450e-01 -9.228820e-01 0.000000e+00
-2.536900e-01 -9.385980e-01 0.000000e+00
-2.483350e-01 -9.543150e-01 0.000000e+00
-2.429800e-01 -9.700310e-01 0.000000e+00
-2.566490e-01 -9.059730e-01 0.000000e+00
-2.512940e-01 -9.216900e-01 0.000000e+00
-2.459390e-01 -9.374060e-01 0.000000e+00
-2.405840e-01 -9.531230e-01 0.000000e+00
-2.488990e-01 -9.047810e-01 0.000000e+00
-2.435440e-01 -9.204980e-01 0.000000e+00
-2.381890e-01 -9.362140e-01 0.000000e+00
-2.411480e-01 -9.035890e-01 0.000000e+00
-2.357930e-01 -9.193060e-01 0.000000e+00
-2.333970e-01 -9.023970e-01 0.000000e+00
-1.950900e-01 -9.807850e-01 0.000000e+00
-1.830400e-01 -9.831050e-01 0.000000e+00
-1.709620e-01 -9.852780e-01 0.000000e+00
-1.588580e-01 -9.873010e-01 0.000000e+00
-1.467300e-01 -9.891770e-01 0.000000e+00
-1.907480e-01 -9.687800e-01 0.000000e+00
-1.786840e-01 -9.710260e-01 0.000000e+00
-1.665930e-01 -9.731240e-01 0.000000e+00
-1.544780e-01 -9.750740e-01 0.000000e+00
-1.864050e-01 -9.567750e-01 0.000000e+00
-1.743280e-01 -9.589470e-01 0.000000e+00
-1.622250e-01 -9.609710e-01 0.000000e+00
-1.820630e-01 -9.447700e-01 0.000000e+00
-1.699730e-01 -9.468680e-01 0.000000e+00
-1.777200e-01 -9.327650e-01 0.000000e+00
2.902850e-01 -9.569400e-01 0.000000e+00
2.816020e-01 -9.451420e-01 0.000000e+00
2.729180e-01 -9.333440e-01 0.000000e+00
2.642350e-01 -9.215450e-01 0.000000e+00
2.555520e-01 -9.097470e-01 0.000000e+00
2.785200e-01 -9.604310e-01 0.000000e+00
2.698160e-01 -9.485600e-01 0.000000e+00
2.611120e-01 -9.366890e-01 0.000000e+00
2.524090e-01 -9.248180e-01 0.000000e+00
2.667130e-01 -9.637760e-01 0.000000e+00
2.579890e-01 -9.518330e-01 0.000000e+00
2.492660e-01 -9.398890e-01 0.000000e+00
2.548660e-01 -9.669760e-01 0.000000e+00
2.461230e-01 -9.549600e-01 0.000000e+00
2.429800e-01 -9.700310e-01 0.000000e+00
1.950900e-01 -9.807850e-01 0.000000e+00
2.071110e-01 -9.783170e-01 0.000000e+00
2.191010e-01 -9.757020e-01 0.000000e+00
2.310580e-01 -9.729400e-01 0.000000e+00
2.429800e-01 -9.700310e-01 0.000000e+00
1.959610e-01 -9.678510e-01 0.000000e+00
2.079670e-01 -9.653100e-01 0.000000e+00
2.199400e-01 -9.626210e-01 0.000000e+00
2.318790e-01 -9.597860e-01 0.000000e+00
1.968330e-01 -9.549180e-01 0.000000e+00
2.088220e-01 -9.523030e-01 0.000000e+00
2.207770e-01 -9.495410e-01 0.000000e+00
1.977040e-01 -9.419840e-01 0.000000e+00
2.096760e-01 -9.392950e-01 0.000000e+00
1.985750e-01 -9.290500e-01 0.000000e+00
1.985750e-01 -9.290500e-01 0.000000e+00
2.096760e-01 -9.392950e-01 0.000000e+00
2.207770e-01 -9.495410e-01 0.000000e+00
2.318790e-01 -9.597860e-01 0.000000e+00
2.429800e-01 -9.700310e-01 0.000000e+00
2.060760e-01 -9.277570e-01 0.000000e+00
2.171780e-01 -9.380030e-01 0.000000e+00
2.282790e-01 -9.482480e-01 0.000000e+00
2.393800e-01 -9.584930e-01 0.000000e+00
2.135780e-01 -9.264640e-01 0.000000e+00
2.246790e-01 -9.367100e-01 0.000000e+00
2.357810e-01 -9.469550e-01 0.000000e+00
2.210800e-01 -9.251720e-01 0.000000e+00
2.321810e-01 -9.354170e-01 0.000000e+00
2.285810e-01 -9.238790e-01 0.000000e+00
1.950900e-01 -9.807850e-01 0.000000e+00
1.959610e-01 -9.678510e-01 0.000000e+00
1.968330e-01 -9.549180e-01 0.000000e+00
1.977040e-01 -9.419840e-01 0.000000e+00
1.985750e-01 -9.290500e-01 0.000000e+00
1.864880e-01 -9.687890e-01 0.000000e+00
1.873590e-01 -9.558550e-01 0.000000e+00
1.882300e-01 -9.429220e-01 0.000000e+00
1.891020e-01 -9.299880e-01 0.000000e+00
1.778860e-01 -9.567930e-01 0.000000e+00
1.787570e-01 -9.438590e-01 0.000000e+00
1.796280e-01 -9.309260e-01 0.000000e+00
1.692840e-01 -9.447970e-01 0.000000e+00
1.701550e-01 -9.318630e-01 0.000000e+00
1.606820e-01 -9.328010e-01 0.000000e+00
4.713970e-01 8.819210e-01 0.000000e+00
4.636140e-01 8.734030e-01 0.000000e+00
4.558320e-01 8.648850e-01 0.000000e+00
4.480500e-01 8.563670e-01 0.000000e+00
4.402670e-01 8.478490e-01 0.000000e+00
4.708190e-01 8.698710e-01 0.000000e+00
4.630370e-01 8.613530e-01 0.000000e+00
4.552550e-01 8.528350e-01 0.000000e+00
4.474720e-01 8.443170e-01 0.000000e+00
4.702420e-01 8.578210e-01 0.000000e+00
4.624600e-01 8.493030e-01 0.000000e+00
4.546770e-01 8.407850e-01 0.000000e+00
4.696650e-01 8.457720e-01 0.000000e+00
4.618830e-01 8.372530e-01 0.000000e+00
4.690880e-01 8.337220e-01 0.000000e+00
4.713970e-01 8.819210e-01 0.000000e+00
4.605390e-01 8.876400e-01 0.000000e+00
4.496110e-01 8.932240e-01 0.000000e+00
4.386160e-01 8.986740e-01 0.000000e+00
4.275550e-01 9.039890e-01 0.000000e+00
4.636140e-01 8.734030e-01 0.000000e+00
4.527220e-01 8.790540e-01 0.000000e+00
4.417610e-01 8.845720e-01 0.000000e+00
4.307330e-01 8.899540e-01 0.000000e+00
4.558320e-01 8.648850e-01 0.000000e+00
4.449060e-01 8.704690e-01 0.000000e+00
4.339110e-01 8.759190e-01 0.000000e+00
4.480500e-01 8.563670e-01 0.000000e+00
4.370890e-01 8.618840e-01 0.000000e+00
4.402670e-01 8.478490e-01 0.000000e+00
3.869360e-01 8.813600e-01 0.000000e+00
3.922450e-01 8.730510e-01 0.000000e+00
3.975540e-01 8.647430e-01 0.000000e+00
4.028630e-01 8.564340e-01 0.000000e+00
4.081720e-01 8.481250e-01 0.000000e+00
3.970910e-01 8.870180e-01 0.000000e+00
4.024000e-01 8.787090e-01 0.000000e+00
4.077090e-01 8.704000e-01 0.000000e+00
4.130180e-01 8.620910e-01 0.000000e+00
4.072460e-01 8.926750e-01 0.000000e+00
4.125550e-01 8.843660e-01 0.000000e+00
4.178640e-01 8.760570e-01 0.000000e+00
4.174000e-01 8.983320e-01 0.000000e+00
4.227090e-01 8.900230e-01 0.000000e+00
4.275550e-01 9.039890e-01 0.000000e+00
4.081720e-01 8.481250e-01 0.000000e+00
4.161960e-01 8.480560e-01 0.000000e+00
4.242200e-01 8.479870e-01 0.000000e+00
4.322440e-01 8.479180e-01 0.000000e+00
4.402670e-01 8.478490e-01 0.000000e+00
4.130180e-01 8.620910e-01 0.000000e+00
4.210420e-01 8.620220e-01 0.000000e+00
4.290660e-01 8.619530e-01 0.000000e+00
4.370890e-01 8.618840e-01 0.000000e+00
4.178640e-01 8.760570e-01 0.000000e+00
4.258870e-01 8.759880e-01 0.000000e+00
4.339110e-01 8.759190e-01 0.000000e+00
4.227090e-01 8.900230e-01 0.000000e+00
4.307330e-01 8.899540e-01 0.000000e+00
4.275550e-01 9.039890e-01 0.000000e+00
4.275550e-01 9.039890e-01 0.000000e+00
4.164300e-01 9.091680e-01 0.000000e+00
4.052410e-01 9.142100e-01 0.000000e+00
3.939920e-01 9.191140e-01 0.000000e+00
3.826830e-01 9.238800e-01 0.000000e+00
4.174000e-01 8.983320e-01 0.000000e+00
4.062440e-01 9.034420e-01 0.000000e+00
3.950250e-01 9.084150e-01 0.000000e+00
3.837470e-01 9.132500e-01 0.000000e+00
4.072460e-01 8.926750e-01 0.000000e+00
3.960580e-01 8.977160e-01 0.000000e+00
3.848100e-01 9.026200e-01 0.000000e+00
3.970910e-01 8.870180e-01 0.000000e+00
3.858730e-01 8.919900e-01 0.000000e+00
3.869360e-01 8.813600e-01 0.000000e+00
8.314700e-01 5.555700e-01 0.000000e+00
8.184550e-01 5.533430e-01 0.000000e+00
8.054400e-01 5.511160e-01 0.000000e+00
7.924250e-01 5.488880e-01 0.000000e+00
7.794110e-01 5.466610e-01 0.000000e+00
8.235330e-01 5.439700e-01 0.000000e+00
8.105180e-01 5.417430e-01 0.000000e+00
7.975030e-01 5.395150e-01 0.000000e+00
7.844880e-01 5.372880e-01 0.000000e+00
8.155960e-01 5.323690e-01 0.000000e+00
8.025810e-01 5.301420e-01 0.000000e+00
7.895660e-01 5.279150e-01 0.000000e+00
8.076590e-01 5.207690e-01 0.000000e+00
7.946440e-01 5.185420e-01 0.000000e+00
7.997220e-01 5.091680e-01 0.000000e+00
7.213360e-01 6.180450e-01 0.000000e+00
7.283290e-01 6.111900e-01 0.000000e+00
7.353230e-01 6.043340e-01 0.000000e+00
7.423160e-01 5.974790e-01 0.000000e+00
7.493090e-01 5.906230e-01 0.000000e+00
7.342550e-01 6.221320e-01 0.000000e+00
7.412480e-01 6.152770e-01 0.000000e+00
7.482410e-01 6.084210e-01 0.000000e+00
7.552340e-01 6.015660e-01 0.000000e+00
7.471730e-01 6.262190e-01 0.000000e+00
7.541670e-01 6.193640e-01 0.000000e+00
7.611600e-01 6.125080e-01 0.000000e+00
7.600920e-01 6.303060e-01 0.000000e+00
7.670850e-01 6.234510e-01 0.000000e+00
7.730100e-01 6.343930e-01 0.000000e+00
6.782670e-01 7.078390e-01 0.000000e+00
6.765900e-01 7.161170e-01 0.000000e+00
6.749130e-01 7.243950e-01 0.000000e+00
6.732360e-01 7.326730e-01 0.000000e+00
6.715590e-01 7.409510e-01 0.000000e+00
6.723300e-01 7.037440e-01 0.000000e+00
6.706530e-01 7.120220e-01 0.000000e+00
6.689760e-01 7.203000e-01 0.000000e+00
6.672990e-01 7.285780e-01 0.000000e+00
6.663930e-01 6.996480e-01 0.000000e+00
6.647160e-01 7.079270e-01 0.000000e+00
6.630390e-01 7.162050e-01 0.000000e+00
6.604560e-01 6.955530e-01 0.000000e+00
6.587790e-01 7.038320e-01 0.000000e+00
6.545190e-01 6.914580e-01 0.000000e+00
6.893070e-01 6.664270e-01 0.000000e+00
6.937570e-01 6.765970e-01 0.000000e+00
6.982070e-01 6.867670e-01 0.000000e+00
7.026570e-01 6.969370e-01 0.000000e+00
7.071070e-01 7.071070e-01 0.000000e+00
6.865470e-01 6.767800e-01 0.000000e+00
6.909970e-01 6.869500e-01 0.000000e+00
6.954470e-01 6.971200e-01 0.000000e+00
6.998970e-01 7.072900e-01 0.000000e+00
6.837870e-01 6.871330e-01 0.000000e+00
6.882370e-01 6.973030e-01 0.000000e+00
6.926870e-01 7.074730e-01 0.000000e+00
6.810270e-01 6.974860e-01 0.000000e+00
6.854770e-01 7.076560e-01 0.000000e+00
6.782670e-01 7.078390e-01 0.000000e+00
7.051260e-01 -6.764540e-01 0.000000e+00
6.975410e-01 -6.807570e-01 0.000000e+00
6.899550e-01 -6.850590e-01 0.000000e+00
6.823700e-01 -6.893620e-01 0.000000e+00
6.747840e-01 -6.936640e-01 0.000000e+00
7.056210e-01 -6.841170e-01 0.000000e+00
6.980360e-01 -6.884200e-01 0.000000e+00
6.904500e-01 -6.927220e-01 0.000000e+00
6.828650e-01 -6.970250e-01 0.000000e+00
7.061170e-01 -6.917810e-01 0.000000e+00
6.985310e-01 -6.960830e-01 0.000000e+00
6.909450e-01 -7.003850e-01 0.000000e+00
7.066120e-01 -6.994440e-01 0.000000e+00
6.990260e-01 -7.037460e-01 0.000000e+00
7.071070e-01 -7.071070e-01 0.000000e+00
9.415440e-01 -3.368900e-01 0.000000e+00
9.307770e-01 -3.304840e-01 0.000000e+00
9.200100e-01 -3.240780e-01 0.000000e+00
9.092420e-01 -3.176720e-01 0.000000e+00
8.984750e-01 -3.112660e-01 0.000000e+00
9.314640e-01 -3.409960e-01 0.000000e+00
9.206970e-01 -3.345900e-01 0.000000e+00
9.099290e-01 -3.281840e-01 0.000000e+00
8.991620e-01 -3.217780e-01 0.000000e+00
9.213840e-01 -3.451010e-01 0.000000e+00
9.106160e-01 -3.386950e-01 0.000000e+00
8.998490e-01 -3.322890e-01 0.000000e+00
9.113040e-01 -3.492070e-01 0.000000e+00
9.005360e-01 -3.428010e-01 0.000000e+00
9.012230e-01 -3.533130e-01 0.000000e+00
5.956990e-01 -8.032080e-01 0.000000e+00
5.935880e-01 -7.892070e-01 0.000000e+00
5.914770e-01 -7.752070e-01 0.000000e+00
5.893660e-01 -7.612070e-01 0.000000e+00
5.872550e-01 -7.472070e-01 0.000000e+00
5.849650e-01 -7.948530e-01 0.000000e+00
5.828540e-01 -7.808530e-01 0.000000e+00
5.807430e-01 -7.668530e-01 0.000000e+00
5.786320e-01 -7.528530e-01 0.000000e+00
5.742300e-01 -7.864990e-01 0.000000e+00
5.721190e-01 -7.724990e-01 0.000000e+00
5.700080e-01 -7.584990e-01 0.000000e+00
5.634960e-01 -7.781450e-01 0.000000e+00
5.613850e-01 -7.641450e-01 0.000000e+00
5.527610e-01 -7.697910e-01 0.000000e+00
4.713970e-01 -8.819210e-01 0.000000e+00
4.604390e-01 -8.762830e-01 0.000000e+00
4.494810e-01 -8.706440e-01 0.000000e+00
4.385230e-01 -8.650050e-01 0.000000e+00
4.275650e-01 -8.593670e-01 0.000000e+00
4.605390e-01 -8.876400e-01 0.000000e+00
4.495460e-01 -8.819340e-01 0.000000e+00
4.385540e-01 -8.762280e-01 0.000000e+00
4.275620e-01 -8.705230e-01 0.000000e+00
4.496110e-01 -8.932240e-01 0.000000e+00
4.385850e-01 -8.874510e-01 0.000000e+00
4.275600e-01 -8.816780e-01 0.000000e+00
4.386160e-01 -8.986740e-01 0.000000e+00
4.275580e-01 -8.928340e-01 0.000000e+00
4.275550e-01 -9.039890e-01 0.000000e+00
5.141030e-01 -8.577290e-01 0.000000e+00
5.059290e-01 -8.459460e-01 0.000000e+00
4.977560e-01 -8.341620e-01 0.000000e+00
4.895820e-01 -8.223790e-01 0.000000e+00
4.814080e-01 -8.105960e-01 0.000000e+00
4.997260e-01 -8.521390e-01 0.000000e+00
4.915530e-01 -8.403560e-01 0.000000e+00
4.833790e-01 -8.285730e-01 0.000000e+00
4.752050e-01 -8.167900e-01 0.000000e+00
4.853500e-01 -8.465490e-01 0.000000e+00
4.771760e-01 -8.347660e-01 0.000000e+00
4.690020e-01 -8.229830e-01 0.000000e+00
4.709730e-01 -8.409600e-01 0.000000e+00
4.628000e-01 -8.291770e-01 0.000000e+00
4.565970e-01 -8.353700e-01 0.000000e+00
4.565970e-01 -8.353700e-01 0.000000e+00
4.493390e-01 -8.413690e-01 0.000000e+00
4.420810e-01 -8.473680e-01 0.000000e+00
4.348230e-01 -8.533680e-01 0.000000e+00
4.275650e-01 -8.593670e-01 0.000000e+00
4.602970e-01 -8.470080e-01 0.000000e+00
4.530390e-01 -8.530070e-01 0.000000e+00
4.457810e-01 -8.590060e-01 0.000000e+00
4.385230e-01 -8.650050e-01 0.000000e+00
4.639970e-01 -8.586460e-01 0.000000e+00
4.567390e-01 -8.646450e-01 0.000000e+00
4.494810e-01 -8.706440e-01 0.000000e+00
4.676970e-01 -8.702830e-01 0.000000e+00
4.604390e-01 -8.762830e-01 0.000000e+00
4.713970e-01 -8.819210e-01 0.000000e+00
5.195010e-01 -7.873490e-01 0.000000e+00
5.181510e-01 -8.049440e-01 0.000000e+00
5.168020e-01 -8.225390e-01 0.000000e+00
5.154520e-01 -8.401340e-01 0.000000e+00
5.141030e-01 -8.577290e-01 0.000000e+00
5.285180e-01 -7.983790e-01 0.000000e+00
5.272090e-01 -8.160380e-01 0.000000e+00
5.258990e-01 -8.336960e-01 0.000000e+00
5.245900e-01 -8.513550e-01 0.000000e+00
5.375350e-01 -8.094100e-01 0.000000e+00
5.362670e-01 -8.271310e-01 0.000000e+00
5.349980e-01 -8.448540e-01 0.000000e+00
5.465530e-01 -8.204400e-01 0.000000e+00
5.453250e-01 -8.382250e-01 0.000000e+00
5.555700e-01 -8.314700e-01 0.000000e+00
5.956990e-01 -8.032080e-01 0.000000e+00
5.849650e-01 -7.948530e-01 0.000000e+00
5.742300e-01 -7.864990e-01 0.000000e+00
5.634960e-01 -7.781450e-01 0.000000e+00
5.527610e-01 -7.697910e-01 0.000000e+00
5.857980e-01 -8.104570e-01 0.000000e+00
5.750200e-01 -8.020420e-01 0.000000e+00
5.642410e-01 -7.936260e-01 0.000000e+00
5.534640e-01 -7.852110e-01 0.000000e+00
5.758080e-01 -8.175850e-01 0.000000e+00
5.649870e-01 -8.091080e-01 0.000000e+00
5.541660e-01 -8.006300e-01 0.000000e+00
5.657320e-01 -8.245890e-01 0.000000e+00
5.548680e-01 -8.160500e-01 0.000000e+00
5.555700e-01 -8.314700e-01 0.000000e+00
5.195010e-01 -7.873490e-01 0.000000e+00
5.285180e-01 -7.983790e-01 0.000000e+00
5.375350e-01 -8.094100e-01 0.000000e+00
5.465530e-01 -8.204400e-01 0.000000e+00
5.555700e-01 -8.314700e-01 0.000000e+00
5.278160e-01 -7.829600e-01 0.000000e+00
5.368330e-01 -7.939900e-01 0.000000e+00
5.458510e-01 -8.050200e-01 0.000000e+00
5.548680e-01 -8.160500e-01 0.000000e+00
5.361310e-01 -7.785700e-01 0.000000e+00
5.451480e-01 -7.896000e-01 0.000000e+00
5.541660e-01 -8.006300e-01 0.000000e+00
5.444460e-01 -7.741810e-01 0.000000e+00
5.534640e-01 -7.852110e-01 0.000000e+00
5.527610e-01 -7.697910e-01 0.000000e+00
5.141030e-01 -8.577290e-01 0.000000e+00
5.154520e-01 -8.401340e-01 0.000000e+00
5.168020e-01 -8.225390e-01 0.000000e+00
5.181510e-01 -8.049440e-01 0.000000e+00
5.195010e-01 -7.873490e-01 0.000000e+00
5.059290e-01 -8.459460e-01 0.000000e+00
5.072790e-01 -8.283510e-01 0.000000e+00
5.086280e-01 -8.107560e-01 0.000000e+00
5.099780e-01 -7.931610e-01 0.000000e+00
4.977560e-01 -8.341620e-01 0.000000e+00
4.991050e-01 -8.165680e-01 0.000000e+00
5.004540e-01 -7.989730e-01 0.000000e+00
4.895820e-01 -8.223790e-01 0.000000e+00
4.909310e-01 -8.047850e-01 0.000000e+00
4.814080e-01 -8.105960e-01 0.000000e+00
5.872550e-01 -7.472070e-01 0.000000e+00
5.893660e-01 -7.612070e-01 0.000000e+00
5.914770e-01 -7.752070e-01 0.000000e+00
5.935880e-01 -7.892070e-01 0.000000e+00
5.956990e-01 -8.032080e-01 0.000000e+00
5.990400e-01 -7.536580e-01 0.000000e+00
6.011970e-01 -7.677170e-01 0.000000e+00
6.033540e-01 -7.817770e-01 0.000000e+00
6.055110e-01 -7.958370e-01 0.000000e+00
6.108240e-01 -7.601090e-01 0.000000e+00
6.130280e-01 -7.742270e-01 0.000000e+00
6.152320e-01 -7.883460e-01 0.000000e+00
6.226090e-01 -7.665600e-01 0.000000e+00
6.248590e-01 -7.807370e-01 0.000000e+00
6.343930e-01 -7.730100e-01 0.000000e+00
6.343930e-01 -7.730100e-01 0.000000e+00
6.299300e-01 -7.615090e-01 0.000000e+00
6.254670e-01 -7.500070e-01 0.000000e+00
6.210030e-01 -7.385050e-01 0.000000e+00
6.165400e-01 -7.270030e-01 0.000000e+00
6.226090e-01 -7.665600e-01 0.000000e+00
6.181450e-01 -7.550580e-01 0.000000e+00
6.136820e-01 -7.435560e-01 0.000000e+00
6.092190e-01 -7.320540e-01 0.000000e+00
6.108240e-01 -7.601090e-01 0.000000e+00
6.063610e-01 -7.486070e-01 0.000000e+00
6.018980e-01 -7.371050e-01 0.000000e+00
5.990400e-01 -7.536580e-01 0.000000e+00
5.945760e-01 -7.421560e-01 0.000000e+00
5.872550e-01 -7.472070e-01 0.000000e+00
6.397940e-01 -6.925750e-01 0.000000e+00
6.339810e-01 -7.011820e-01 0.000000e+00
6.281670e-01 -7.097890e-01 0.000000e+00
6.223530e-01 -7.183960e-01 0.000000e+00
6.165400e-01 -7.270030e-01 0.000000e+00
6.477350e-01 -7.046690e-01 0.000000e+00
6.419220e-01 -7.132760e-01 0.000000e+00
6.361080e-01 -7.218830e-01 0.000000e+00
6.302950e-01 -7.304900e-01 0.000000e+00
6.556770e-01 -7.167630e-01 0.000000e+00
6.498630e-01 -7.253700e-01 0.000000e+00
6.440490e-01 -7.339770e-01 0.000000e+00
6.636180e-01 -7.288570e-01 0.000000e+00
6.578040e-01 -7.374640e-01 0.000000e+00
6.715590e-01 -7.409510e-01 0.000000e+00
6.715590e-01 -7.409510e-01 0.000000e+00
6.578040e-01 -7.374640e-01 0.000000e+00
6.440490e-01 -7.339770e-01 0.000000e+00
6.302950e-01 -7.304900e-01 0.000000e+00
6.165400e-01 -7.270030e-01 0.000000e+00
6.624160e-01 -7.491360e-01 0.000000e+00
6.486110e-01 -7.455930e-01 0.000000e+00
6.348070e-01 -7.420490e-01 0.000000e+00
6.210030e-01 -7.385050e-01 0.000000e+00
6.531730e-01 -7.572090e-01 0.000000e+00
6.393190e-01 -7.536080e-01 0.000000e+00
6.254670e-01 -7.500070e-01 0.000000e+00
6.438320e-01 -7.651670e-01 0.000000e+00
6.299300e-01 -7.615090e-01 0.000000e+00
6.343930e-01 -7.730100e-01 0.000000e+00
7.071070e-01 -7.071070e-01 0.000000e+00
6.990260e-01 -7.037460e-01 0.000000e+00
6.909450e-01 -7.003850e-01 0.000000e+00
6.828650e-01 -6.970250e-01 0.000000e+00
6.747840e-01 -6.936640e-01 0.000000e+00
6.983760e-01 -7.157310e-01 0.000000e+00
6.902430e-01 -7.123160e-01 0.000000e+00
6.821100e-01 -7.089010e-01 0.000000e+00
6.739780e-01 -7.054860e-01 0.000000e+00
6.895410e-01 -7.242470e-01 0.000000e+00
6.813560e-01 -7.207780e-01 0.000000e+00
6.731710e-01 -7.173080e-01 0.000000e+00
6.806010e-01 -7.326540e-01 0.000000e+00
6.723650e-01 -7.291290e-01 0.000000e+00
6.715590e-01 -7.409510e-01 0.000000e+00
5.141030e-01 8.577290e-01 0.000000e+00
5.028490e-01 8.517270e-01 0.000000e+00
4.915950e-01 8.457250e-01 0.000000e+00
4.803410e-01 8.397230e-01 0.000000e+00
4.690880e-01 8.337220e-01 0.000000e+00
5.096520e-01 8.464760e-01 0.000000e+00
4.983980e-01 8.404750e-01 0.000000e+00
4.871450e-01 8.344730e-01 0.000000e+00
4.758910e-01 8.284710e-01 0.000000e+00
5.052020e-01 8.352240e-01 0.000000e+00
4.939480e-01 8.292230e-01 0.000000e+00
4.826940e-01 8.232210e-01 0.000000e+00
5.007510e-01 8.239720e-01 0.000000e+00
4.894970e-01 8.179700e-01 0.000000e+00
4.963010e-01 8.127200e-01 0.000000e+00
7.510900e-01 -5.953420e-01 0.000000e+00
7.417690e-01 -6.060120e-01 0.000000e+00
7.324480e-01 -6.166810e-01 0.000000e+00
7.231270e-01 -6.273510e-01 0.000000e+00
7.138070e-01 -6.380210e-01 0.000000e+00
7.565700e-01 -6.051050e-01 0.000000e+00
7.472490e-01 -6.157740e-01 0.000000e+00
7.379280e-01 -6.264440e-01 0.000000e+00
7.286080e-01 -6.371140e-01 0.000000e+00
7.620500e-01 -6.148680e-01 0.000000e+00
7.527290e-01 -6.255370e-01 0.000000e+00
7.434090e-01 -6.362070e-01 0.000000e+00
7.675300e-01 -6.246300e-01 0.000000e+00
7.582100e-01 -6.353000e-01 0.000000e+00
7.730100e-01 -6.343930e-01 0.000000e+00
6.397940e-01 -6.925750e-01 0.000000e+00
6.477350e-01 -7.046690e-01 0.000000e+00
6.556770e-01 -7.167630e-01 0.000000e+00
6.636180e-01 -7.288570e-01 0.000000e+00
6.715590e-01 -7.409510e-01 0.000000e+00
6.485420e-01 -6.928480e-01 0.000000e+00
6.564830e-01 -7.049420e-01 0.000000e+00
6.644240e-01 -7.170350e-01 0.000000e+00
6.723650e-01 -7.291290e-01 0.000000e+00
6.572890e-01 -6.931200e-01 0.000000e+00
6.652300e-01 -7.052140e-01 0.000000e+00
6.731710e-01 -7.173080e-01 0.000000e+00
6.660370e-01 -6.933920e-01 0.000000e+00
6.739780e-01 -7.054860e-01 0.000000e+00
6.747840e-01 -6.936640e-01 0.000000e+00
8.314700e-01 -5.555700e-01 0.000000e+00
8.382250e-01 -5.453250e-01 0.000000e+00
8.448540e-01 -5.349980e-01 0.000000e+00
8.513550e-01 -5.245900e-01 0.000000e+00
8.577290e-01 -5.141030e-01 0.000000e+00
8.279280e-01 -5.458710e-01 0.000000e+00
8.346200e-01 -5.355850e-01 0.000000e+00
8.411850e-01 -5.252180e-01 0.000000e+00
8.476220e-01 -5.147710e-01 0.000000e+00
8.243860e-01 -5.361730e-01 0.000000e+00
8.310150e-01 -5.258460e-01 0.000000e+00
8.375160e-01 -5.154390e-01 0.000000e+00
8.208450e-01 -5.264740e-01 0.000000e+00
8.274090e-01 -5.161070e-01 0.000000e+00
8.173030e-01 -5.167750e-01 0.000000e+00
8.314700e-01 -5.555700e-01 0.000000e+00
8.279280e-01 -5.458710e-01 0.000000e+00
8.243860e-01 -5.361730e-01 0.000000e+00
8.208450e-01 -5.264740e-01 0.000000e+00
8.173030e-01 -5.167750e-01 0.000000e+00
8.194140e-01 -5.522840e-01 0.000000e+00
8.158730e-01 -5.425860e-01 0.000000e+00
8.123310e-01 -5.328870e-01 0.000000e+00
8.087890e-01 -5.231880e-01 0.000000e+00
8.073590e-01 -5.489990e-01 0.000000e+00
8.038170e-01 -5.393000e-01 0.000000e+00
8.002760e-01 -5.296010e-01 0.000000e+00
7.953040e-01 -5.457130e-01 0.000000e+00
7.917620e-01 -5.360140e-01 0.000000e+00
7.832490e-01 -5.424270e-01 0.000000e+00
7.592160e-01 -5.640660e-01 0.000000e+00
7.702140e-01 -5.719740e-01 0.000000e+00
7.812120e-01 -5.798820e-01 0.000000e+00
7.922100e-01 -5.877910e-01 0.000000e+00
8.032080e-01 -5.956990e-01 0.000000e+00
7.652240e-01 -5.586560e-01 0.000000e+00
7.762220e-01 -5.665640e-01 0.000000e+00
7.872200e-01 -5.744730e-01 0.000000e+00
7.982180e-01 -5.823810e-01 0.000000e+00
7.712320e-01 -5.532460e-01 0.000000e+00
7.822300e-01 -5.611550e-01 0.000000e+00
7.932280e-01 -5.690630e-01 0.000000e+00
7.772400e-01 -5.478370e-01 0.000000e+00
7.882380e-01 -5.557450e-01 0.000000e+00
7.832490e-01 -5.424270e-01 0.000000e+00
8.314700e-01 -5.555700e-01 0.000000e+00
8.194140e-01 -5.522840e-01 0.000000e+00
8.073590e-01 -5.489990e-01 0.000000e+00
7.953040e-01 -5.457130e-01 0.000000e+00
7.832490e-01 -5.424270e-01 0.000000e+00
8.245890e-01 -5.657320e-01 0.000000e+00
8.124720e-01 -5.624030e-01 0.000000e+00
8.003550e-01 -5.590740e-01 0.000000e+00
7.882380e-01 -5.557450e-01 0.000000e+00
8.175850e-01 -5.758080e-01 0.000000e+00
8.054060e-01 -5.724360e-01 0.000000e+00
7.932280e-01 -5.690630e-01 0.000000e+00
8.104570e-01 -5.857980e-01 0.000000e+00
7.982180e-01 -5.823810e-01 0.000000e+00
8.032080e-01 -5.956990e-01 0.000000e+00
7.510900e-01 -5.953420e-01 0.000000e+00
7.641190e-01 -5.954310e-01 0.000000e+00
7.771490e-01 -5.955210e-01 0.000000e+00
7.901780e-01 -5.956100e-01 0.000000e+00
8.032080e-01 -5.956990e-01 0.000000e+00
7.531210e-01 -5.875230e-01 0.000000e+00
7.661510e-01 -5.876120e-01 0.000000e+00
7.791800e-01 -5.877010e-01 0.000000e+00
7.922100e-01 -5.877910e-01 0.000000e+00
7.551530e-01 -5.797040e-01 0.000000e+00
7.681820e-01 -5.797930e-01 0.000000e+00
7.812120e-01 -5.798820e-01 0.000000e+00
7.571840e-01 -5.718850e-01 0.000000e+00
7.702140e-01 -5.719740e-01 0.000000e+00
7.592160e-01 -5.640660e-01 0.000000e+00
7.730100e-01 -6.343930e-01 0.000000e+00
7.807370e-01 -6.248590e-01 0.000000e+00
7.883460e-01 -6.152320e-01 0.000000e+00
7.958370e-01 -6.055110e-01 0.000000e+00
8.032080e-01 -5.956990e-01 0.000000e+00
7.675300e-01 -6.246300e-01 0.000000e+00
7.751980e-01 -6.150500e-01 0.000000e+00
7.827480e-01 -6.053760e-01 0.000000e+00
7.901780e-01 -5.956100e-01 0.000000e+00
7.620500e-01 -6.148680e-01 0.000000e+00
7.696590e-01 -6.052400e-01 0.000000e+00
7.771490e-01 -5.955210e-01 0.000000e+00
7.565700e-01 -6.051050e-01 0.000000e+00
7.641190e-01 -5.954310e-01 0.000000e+00
7.510900e-01 -5.953420e-01 0.000000e+00
8.623980e-01 4.295900e-01 0.000000e+00
8.727960e-01 4.290810e-01 0.000000e+00
8.831940e-01 4.285730e-01 0.000000e+00
8.935910e-01 4.280640e-01 0.000000e+00
9.039890e-01 4.275550e-01 0.000000e+00
8.672790e-01 4.400420e-01 0.000000e+00
8.777440e-01 4.395670e-01 0.000000e+00
8.882090e-01 4.390920e-01 0.000000e+00
8.986740e-01 4.386160e-01 0.000000e+00
8.721600e-01 4.504930e-01 0.000000e+00
8.826920e-01 4.500530e-01 0.000000e+00
8.932240e-01 4.496110e-01 0.000000e+00
8.770400e-01 4.609450e-01 0.000000e+00
8.876400e-01 4.605390e-01 0.000000e+00
8.819210e-01 4.713970e-01 0.000000e+00
8.314700e-01 5.555700e-01 0.000000e+00
8.235330e-01 5.439700e-01 0.000000e+00
8.155960e-01 5.323690e-01 0.000000e+00
8.076590e-01 5.207690e-01 0.000000e+00
7.997220e-01 5.091680e-01 0.000000e+00
8.382250e-01 5.453250e-01 0.000000e+00
8.302250e-01 5.336840e-01 0.000000e+00
8.222240e-01 5.220430e-01 0.000000e+00
8.142240e-01 5.104020e-01 0.000000e+00
8.448540e-01 5.349980e-01 0.000000e+00
8.367900e-01 5.233160e-01 0.000000e+00
8.287250e-01 5.116360e-01 0.000000e+00
8.513550e-01 5.245900e-01 0.000000e+00
8.432270e-01 5.128690e-01 0.000000e+00
8.577290e-01 5.141030e-01 0.000000e+00
8.801300e-01 3.950570e-01 0.000000e+00
8.860950e-01 4.031820e-01 0.000000e+00
8.920600e-01 4.113060e-01 0.000000e+00
8.980240e-01 4.194310e-01 0.000000e+00
9.039890e-01 4.275550e-01 0.000000e+00
8.756970e-01 4.036900e-01 0.000000e+00
8.816620e-01 4.118150e-01 0.000000e+00
8.876270e-01 4.199390e-01 0.000000e+00
8.935910e-01 4.280640e-01 0.000000e+00
8.712640e-01 4.123240e-01 0.000000e+00
8.772290e-01 4.204480e-01 0.000000e+00
8.831940e-01 4.285730e-01 0.000000e+00
8.668310e-01 4.209570e-01 0.000000e+00
8.727960e-01 4.290810e-01 0.000000e+00
8.623980e-01 4.295900e-01 0.000000e+00
8.819210e-01 4.713970e-01 0.000000e+00
8.760700e-01 4.821840e-01 0.000000e+00
8.700870e-01 4.928980e-01 0.000000e+00
8.639730e-01 5.035380e-01 0.000000e+00
8.577290e-01 5.141030e-01 0.000000e+00
8.675280e-01 4.705720e-01 0.000000e+00
8.616110e-01 4.813230e-01 0.000000e+00
8.555630e-01 4.920000e-01 0.000000e+00
8.493840e-01 5.026020e-01 0.000000e+00
8.531350e-01 4.697480e-01 0.000000e+00
8.471530e-01 4.804620e-01 0.000000e+00
8.410390e-01 4.911010e-01 0.000000e+00
8.387420e-01 4.689240e-01 0.000000e+00
8.326940e-01 4.796000e-01 0.000000e+00
8.243490e-01 4.681000e-01 0.000000e+00
8.275900e-01 4.329260e-01 0.000000e+00
8.411730e-01 4.425440e-01 0.000000e+00
8.547560e-01 4.521620e-01 0.000000e+00
8.683390e-01 4.617790e-01 0.000000e+00
8.819210e-01 4.713970e-01 0.000000e+00
8.267800e-01 4.417200e-01 0.000000e+00
8.403630e-01 4.513370e-01 0.000000e+00
8.539460e-01 4.609550e-01 0.000000e+00
8.675280e-01 4.705720e-01 0.000000e+00
8.259700e-01 4.505130e-01 0.000000e+00
8.395530e-01 4.601310e-01 0.000000e+00
8.531350e-01 4.697480e-01 0.000000e+00
8.251600e-01 4.593060e-01 0.000000e+00
8.387420e-01 4.689240e-01 0.000000e+00
8.243490e-01 4.681000e-01 0.000000e+00
8.577290e-01 5.141030e-01 0.000000e+00
8.432270e-01 5.128690e-01 0.000000e+00
8.287250e-01 5.116360e-01 0.000000e+00
8.142240e-01 5.104020e-01 0.000000e+00
7.997220e-01 5.091680e-01 0.000000e+00
8.493840e-01 5.026020e-01 0.000000e+00
8.348820e-01 5.013680e-01 0.000000e+00
8.203800e-01 5.001350e-01 0.000000e+00
8.058790e-01 4.989010e-01 0.000000e+00
8.410390e-01 4.911010e-01 0.000000e+00
8.265370e-01 4.898680e-01 0.000000e+00
8.120360e-01 4.886340e-01 0.000000e+00
8.326940e-01 4.796000e-01 0.000000e+00
8.181920e-01 4.783670e-01 0.000000e+00
8.243490e-01 4.681000e-01 0.000000e+00
7.409510e-01 6.715590e-01 0.000000e+00
7.360470e-01 6.581810e-01 0.000000e+00
7.311440e-01 6.448020e-01 0.000000e+00
7.262400e-01 6.314240e-01 0.000000e+00
7.213360e-01 6.180450e-01 0.000000e+00
7.491360e-01 6.624160e-01 0.000000e+00
7.441760e-01 6.489880e-01 0.000000e+00
7.392160e-01 6.355600e-01 0.000000e+00
7.342550e-01 6.221320e-01 0.000000e+00
7.572090e-01 6.531730e-01 0.000000e+00
7.521910e-01 6.396960e-01 0.000000e+00
7.471730e-01 6.262190e-01 0.000000e+00
7.651670e-01 6.438320e-01 0.000000e+00
7.600920e-01 6.303060e-01 0.000000e+00
7.730100e-01 6.343930e-01 0.000000e+00
6.931510e-01 6.341790e-01 0.000000e+00
7.051010e-01 6.435240e-01 0.000000e+00
7.170510e-01 6.528690e-01 0.000000e+00
7.290010e-01 6.622140e-01 0.000000e+00
7.409510e-01 6.715590e-01 0.000000e+00
6.921900e-01 6.422410e-01 0.000000e+00
7.041400e-01 6.515860e-01 0.000000e+00
7.160900e-01 6.609310e-01 0.000000e+00
7.280400e-01 6.702760e-01 0.000000e+00
6.912290e-01 6.503030e-01 0.000000e+00
7.031790e-01 6.596480e-01 0.000000e+00
7.151290e-01 6.689930e-01 0.000000e+00
6.902680e-01 6.583650e-01 0.000000e+00
7.022180e-01 6.677100e-01 0.000000e+00
6.893070e-01 6.664270e-01 0.000000e+00
7.409510e-01 6.715590e-01 0.000000e+00
7.326540e-01 6.806010e-01 0.000000e+00
7.242470e-01 6.895410e-01 0.000000e+00
7.157310e-01 6.983760e-01 0.000000e+00
7.071070e-01 7.071070e-01 0.000000e+00
7.280400e-01 6.702760e-01 0.000000e+00
7.196880e-01 6.792660e-01 0.000000e+00
7.112270e-01 6.881540e-01 0.000000e+00
7.026570e-01 6.969370e-01 0.000000e+00
7.151290e-01 6.689930e-01 0.000000e+00
7.067230e-01 6.779320e-01 0.000000e+00
6.982070e-01 6.867670e-01 0.000000e+00
7.022180e-01 6.677100e-01 0.000000e+00
6.937570e-01 6.765970e-01 0.000000e+00
6.893070e-01 6.664270e-01 0.000000e+00
7.213360e-01 6.180450e-01 0.000000e+00
7.262400e-01 6.314240e-01 0.000000e+00
7.311440e-01 6.448020e-01 0.000000e+00
7.360470e-01 6.581810e-01 0.000000e+00
7.409510e-01 6.715590e-01 0.000000e+00
7.142900e-01 6.220790e-01 0.000000e+00
7.191940e-01 6.354570e-01 0.000000e+00
7.240970e-01 6.488360e-01 0.000000e+00
7.290010e-01 6.622140e-01 0.000000e+00
7.072440e-01 6.261120e-01 0.000000e+00
7.121470e-01 6.394910e-01 0.000000e+00
7.170510e-01 6.528690e-01 0.000000e+00
7.001970e-01 6.301460e-01 0.000000e+00
7.051010e-01 6.435240e-01 0.000000e+00
6.931510e-01 6.341790e-01 0.000000e+00
4.275550e-01 -9.039890e-01 0.000000e+00
4.191610e-01 -9.022140e-01 0.000000e+00
4.107660e-01 -9.004380e-01 0.000000e+00
4.023720e-01 -8.986630e-01 0.000000e+00
3.939770e-01 -8.968870e-01 0.000000e+00
4.164300e-01 -9.091680e-01 0.000000e+00
4.080040e-01 -9.073240e-01 0.000000e+00
3.995790e-01 -9.054800e-01 0.000000e+00
3.911540e-01 -9.036350e-01 0.000000e+00
4.052410e-01 -9.142100e-01 0.000000e+00
3.967850e-01 -9.122970e-01 0.000000e+00
3.883300e-01 -9.103830e-01 0.000000e+00
3.939920e-01 -9.191140e-01 0.000000e+00
3.855070e-01 -9.171320e-01 0.000000e+00
3.826830e-01 -9.238800e-01 0.000000e+00
4.713970e-01 -8.819210e-01 0.000000e+00
4.821840e-01 -8.760700e-01 0.000000e+00
4.928980e-01 -8.700870e-01 0.000000e+00
5.035380e-01 -8.639730e-01 0.000000e+00
5.141030e-01 -8.577290e-01 0.000000e+00
4.676970e-01 -8.702830e-01 0.000000e+00
4.784470e-01 -8.643660e-01 0.000000e+00
4.891240e-01 -8.583180e-01 0.000000e+00
4.997260e-01 -8.521390e-01 0.000000e+00
4.639970e-01 -8.586460e-01 0.000000e+00
4.747100e-01 -8.526630e-01 0.000000e+00
4.853500e-01 -8.465490e-01 0.000000e+00
4.602970e-01 -8.470080e-01 0.000000e+00
4.709730e-01 -8.409600e-01 0.000000e+00
4.565970e-01 -8.353700e-01 0.000000e+00
2.285810e-01 -9.238790e-01 0.000000e+00
2.321810e-01 -9.354170e-01 0.000000e+00
2.357810e-01 -9.469550e-01 0.000000e+00
2.393800e-01 -9.584930e-01 0.000000e+00
2.429800e-01 -9.700310e-01 0.000000e+00
2.353240e-01 -9.203460e-01 0.000000e+00
2.389240e-01 -9.318840e-01 0.000000e+00
2.425230e-01 -9.434220e-01 0.000000e+00
2.461230e-01 -9.549600e-01 0.000000e+00
2.420670e-01 -9.168130e-01 0.000000e+00
2.456660e-01 -9.283510e-01 0.000000e+00
2.492660e-01 -9.398890e-01 0.000000e+00
2.488090e-01 -9.132800e-01 0.000000e+00
2.524090e-01 -9.248180e-01 0.000000e+00
2.555520e-01 -9.097470e-01 0.000000e+00
8.651520e-01 -4.165290e-01 0.000000e+00
8.748610e-01 -4.192850e-01 0.000000e+00
8.845710e-01 -4.220420e-01 0.000000e+00
8.942800e-01 -4.247980e-01 0.000000e+00
9.039890e-01 -4.275550e-01 0.000000e+00
8.708030e-01 -4.093650e-01 0.000000e+00
8.805120e-01 -4.121220e-01 0.000000e+00
8.902210e-01 -4.148780e-01 0.000000e+00
8.999310e-01 -4.176350e-01 0.000000e+00
8.764530e-01 -4.022020e-01 0.000000e+00
8.861630e-01 -4.049580e-01 0.000000e+00
8.958720e-01 -4.077150e-01 0.000000e+00
8.821040e-01 -3.950380e-01 0.000000e+00
8.918140e-01 -3.977950e-01 0.000000e+00
8.877550e-01 -3.878750e-01 0.000000e+00
8.577290e-01 -5.141030e-01 0.000000e+00
8.541470e-01 -5.044660e-01 0.000000e+00
8.505650e-01 -4.948290e-01 0.000000e+00
8.469840e-01 -4.851930e-01 0.000000e+00
8.434020e-01 -4.755560e-01 0.000000e+00
8.474720e-01 -5.017680e-01 0.000000e+00
8.438910e-01 -4.921310e-01 0.000000e+00
8.403090e-01 -4.824940e-01 0.000000e+00
8.367270e-01 -4.728580e-01 0.000000e+00
8.372160e-01 -4.894330e-01 0.000000e+00
8.336340e-01 -4.797960e-01 0.000000e+00
8.300530e-01 -4.701590e-01 0.000000e+00
8.269600e-01 -4.770980e-01 0.000000e+00
8.233780e-01 -4.674610e-01 0.000000e+00
8.167030e-01 -4.647630e-01 0.000000e+00
8.651520e-01 -4.165290e-01 0.000000e+00
8.693440e-01 -4.302460e-01 0.000000e+00
8.735370e-01 -4.439630e-01 0.000000e+00
8.777290e-01 -4.576800e-01 0.000000e+00
8.819210e-01 -4.713970e-01 0.000000e+00
8.748610e-01 -4.192850e-01 0.000000e+00
8.791210e-01 -4.330360e-01 0.000000e+00
8.833800e-01 -4.467870e-01 0.000000e+00
8.876400e-01 -4.605390e-01 0.000000e+00
8.845710e-01 -4.220420e-01 0.000000e+00
8.888980e-01 -4.358260e-01 0.000000e+00
8.932240e-01 -4.496110e-01 0.000000e+00
8.942800e-01 -4.247980e-01 0.000000e+00
8.986740e-01 -4.386160e-01 0.000000e+00
9.039890e-01 -4.275550e-01 0.000000e+00
9.700310e-01 -2.429800e-01 0.000000e+00
9.574530e-01 -2.419080e-01 0.000000e+00
9.448740e-01 -2.408350e-01 0.000000e+00
9.322960e-01 -2.397630e-01 0.000000e+00
9.197180e-01 -2.386910e-01 0.000000e+00
9.669760e-01 -2.548660e-01 0.000000e+00
9.543250e-01 -2.537740e-01 0.000000e+00
9.416740e-01 -2.526820e-01 0.000000e+00
9.290230e-01 -2.515890e-01 0.000000e+00
9.637760e-01 -2.667130e-01 0.000000e+00
9.510520e-01 -2.656010e-01 0.000000e+00
9.383290e-01 -2.644880e-01 0.000000e+00
9.604310e-01 -2.785200e-01 0.000000e+00
9.476350e-01 -2.773860e-01 0.000000e+00
9.569400e-01 -2.902850e-01 0.000000e+00
9.656890e-01 -6.906710e-02 0.000000e+00
9.623980e-01 -7.599520e-02 0.000000e+00
9.591080e-01 -8.292330e-02 0.000000e+00
9.558170e-01 -8.985140e-02 0.000000e+00
9.525260e-01 -9.677950e-02 0.000000e+00
9.730630e-01 -7.630460e-02 0.000000e+00
9.697720e-01 -8.323270e-02 0.000000e+00
9.664810e-01 -9.016080e-02 0.000000e+00
9.631910e-01 -9.708890e-02 0.000000e+00
9.804370e-01 -8.354210e-02 0.000000e+00
9.771460e-01 -9.047020e-02 0.000000e+00
9.738550e-01 -9.739830e-02 0.000000e+00
9.878110e-01 -9.077960e-02 0.000000e+00
9.845200e-01 -9.770770e-02 0.000000e+00
9.951850e-01 -9.801710e-02 0.000000e+00
9.456880e-01 -4.188970e-02 0.000000e+00
9.589650e-01 -4.368420e-02 0.000000e+00
9.722420e-01 -4.547870e-02 0.000000e+00
9.855190e-01 -4.727320e-02 0.000000e+00
9.987950e-01 -4.906770e-02 0.000000e+00
9.521390e-01 -3.621570e-02 0.000000e+00
9.654160e-01 -3.801020e-02 0.000000e+00
9.786930e-01 -3.980470e-02 0.000000e+00
9.919700e-01 -4.159920e-02 0.000000e+00
9.585910e-01 -3.054170e-02 0.000000e+00
9.718680e-01 -3.233620e-02 0.000000e+00
9.851440e-01 -3.413070e-02 0.000000e+00
9.650420e-01 -2.486770e-02 0.000000e+00
9.783190e-01 -2.666220e-02 0.000000e+00
9.714930e-01 -1.919370e-02 0.000000e+00
9.807850e-01 -1.950900e-01 0.000000e+00
9.719750e-01 -1.871220e-01 0.000000e+00
9.631650e-01 -1.791530e-01 0.000000e+00
9.543540e-01 -1.711850e-01 0.000000e+00
9.455440e-01 -1.632160e-01 0.000000e+00
9.658660e-01 -1.924990e-01 0.000000e+00
9.570550e-01 -1.845310e-01 0.000000e+00
9.482450e-01 -1.765620e-01 0.000000e+00
9.394340e-01 -1.685940e-01 0.000000e+00
9.509460e-01 -1.899080e-01 0.000000e+00
9.421360e-01 -1.819400e-01 0.000000e+00
9.333250e-01 -1.739710e-01 0.000000e+00
9.360260e-01 -1.873170e-01 0.000000e+00
9.272160e-01 -1.793490e-01 0.000000e+00
9.211070e-01 -1.847270e-01 0.000000e+00
9.455440e-01 -1.632160e-01 0.000000e+00
9.543540e-01 -1.711850e-01 0.000000e+00
9.631650e-01 -1.791530e-01 0.000000e+00
9.719750e-01 -1.871220e-01 0.000000e+00
9.807850e-01 -1.950900e-01 0.000000e+00
9.564520e-01 -1.590950e-01 0.000000e+00
9.653370e-01 -1.670760e-01 0.000000e+00
9.742210e-01 -1.750580e-01 0.000000e+00
9.831050e-01 -1.830400e-01 0.000000e+00
9.673600e-01 -1.549730e-01 0.000000e+00
9.763190e-01 -1.629670e-01 0.000000e+00
9.852780e-01 -1.709620e-01 0.000000e+00
9.782680e-01 -1.508520e-01 0.000000e+00
9.873010e-01 -1.588580e-01 0.000000e+00
9.891770e-01 -1.467300e-01 0.000000e+00
9.807850e-01 -1.950900e-01 0.000000e+00
9.658660e-01 -1.924990e-01 0.000000e+00
9.509460e-01 -1.899080e-01 0.000000e+00
9.360260e-01 -1.873170e-01 0.000000e+00
9.211070e-01 -1.847270e-01 0.000000e+00
9.700240e-01 -1.991660e-01 0.000000e+00
9.551040e-01 -1.965750e-01 0.000000e+00
9.401840e-01 -1.939840e-01 0.000000e+00
9.252650e-01 -1.913930e-01 0.000000e+00
9.592620e-01 -2.032410e-01 0.000000e+00
9.443430e-01 -2.006500e-01 0.000000e+00
9.294230e-01 -1.980590e-01 0.000000e+00
9.485010e-01 -2.073170e-01 0.000000e+00
9.335810e-01 -2.047260e-01 0.000000e+00
9.377390e-01 -2.113920e-01 0.000000e+00
9.951850e-01 -9.801710e-02 0.000000e+00
9.845200e-01 -9.770770e-02 0.000000e+00
9.738550e-01 -9.739830e-02 0.000000e+00
9.631910e-01 -9.708890e-02 0.000000e+00
9.525260e-01 -9.677950e-02 0.000000e+00
9.939070e-01 -1.102220e-01 0.000000e+00
9.831670e-01 -1.099040e-01 0.000000e+00
9.724280e-01 -1.095860e-01 0.000000e+00
9.616890e-01 -1.092670e-01 0.000000e+00
9.924800e-01 -1.224110e-01 0.000000e+00
9.816650e-01 -1.220830e-01 0.000000e+00
9.708510e-01 -1.217550e-01 0.000000e+00
9.909030e-01 -1.345810e-01 0.000000e+00
9.800140e-01 -1.342430e-01 0.000000e+00
9.891770e-01 -1.467300e-01 0.000000e+00
8.877550e-01 -3.878750e-01 0.000000e+00
8.967860e-01 -3.865770e-01 0.000000e+00
9.058170e-01 -3.852790e-01 0.000000e+00
9.148480e-01 -3.839810e-01 0.000000e+00
9.238800e-01 -3.826830e-01 0.000000e+00
8.911220e-01 -3.792340e-01 0.000000e+00
9.001530e-01 -3.779370e-01 0.000000e+00
9.091840e-01 -3.766390e-01 0.000000e+00
9.182150e-01 -3.753410e-01 0.000000e+00
8.944890e-01 -3.705940e-01 0.000000e+00
9.035200e-01 -3.692960e-01 0.000000e+00
9.125510e-01 -3.679980e-01 0.000000e+00
8.978560e-01 -3.619530e-01 0.000000e+00
9.068870e-01 -3.606550e-01 0.000000e+00
9.012230e-01 -3.533130e-01 0.000000e+00
9.455440e-01 -1.632160e-01 0.000000e+00
9.564520e-01 -1.590950e-01 0.000000e+00
9.673600e-01 -1.549730e-01 0.000000e+00
9.782680e-01 -1.508520e-01 0.000000e+00
9.891770e-01 -1.467300e-01 0.000000e+00
9.433740e-01 -1.525490e-01 0.000000e+00
9.542820e-01 -1.484280e-01 0.000000e+00
9.651900e-01 -1.443060e-01 0.000000e+00
9.760980e-01 -1.401850e-01 0.000000e+00
9.412030e-01 -1.418820e-01 0.000000e+00
9.521120e-01 -1.377610e-01 0.000000e+00
9.630200e-01 -1.336390e-01 0.000000e+00
9.390330e-01 -1.312150e-01 0.000000e+00
9.499410e-01 -1.270940e-01 0.000000e+00
9.368630e-01 -1.205490e-01 0.000000e+00
9.415440e-01 3.368900e-01 0.000000e+00
9.373390e-01 3.484190e-01 0.000000e+00
9.329930e-01 3.598950e-01 0.000000e+00
9.285060e-01 3.713170e-01 0.000000e+00
9.238800e-01 3.826830e-01 0.000000e+00
9.294570e-01 3.420970e-01 0.000000e+00
9.251810e-01 3.536000e-01 0.000000e+00
9.207650e-01 3.650490e-01 0.000000e+00
9.162080e-01 3.764420e-01 0.000000e+00
9.173690e-01 3.473050e-01 0.000000e+00
9.130230e-01 3.587800e-01 0.000000e+00
9.085370e-01 3.702010e-01 0.000000e+00
9.052820e-01 3.525120e-01 0.000000e+00
9.008660e-01 3.639600e-01 0.000000e+00
8.931940e-01 3.577190e-01 0.000000e+00
7.493090e-01 5.906230e-01 0.000000e+00
7.568340e-01 5.796330e-01 0.000000e+00
7.643600e-01 5.686420e-01 0.000000e+00
7.718850e-01 5.576520e-01 0.000000e+00
7.794110e-01 5.466610e-01 0.000000e+00
7.627840e-01 5.918920e-01 0.000000e+00
7.703090e-01 5.809020e-01 0.000000e+00
7.778340e-01 5.699110e-01 0.000000e+00
7.853600e-01 5.589210e-01 0.000000e+00
7.762580e-01 5.931610e-01 0.000000e+00
7.837840e-01 5.821710e-01 0.000000e+00
7.913090e-01 5.711800e-01 0.000000e+00
7.897330e-01 5.944300e-01 0.000000e+00
7.972580e-01 5.834400e-01 0.000000e+00
8.032080e-01 5.956990e-01 0.000000e+00
7.730100e-01 6.343930e-01 0.000000e+00
7.670850e-01 6.234510e-01 0.000000e+00
7.611600e-01 6.125080e-01 0.000000e+00
7.552340e-01 6.015660e-01 0.000000e+00
7.493090e-01 5.906230e-01 0.000000e+00
7.807370e-01 6.248590e-01 0.000000e+00
7.747530e-01 6.138700e-01 0.000000e+00
7.687680e-01 6.028810e-01 0.000000e+00
7.627840e-01 5.918920e-01 0.000000e+00
7.883460e-01 6.152320e-01 0.000000e+00
7.823030e-01 6.041960e-01 0.000000e+00
7.762580e-01 5.931610e-01 0.000000e+00
7.958370e-01 6.055110e-01 0.000000e+00
7.897330e-01 5.944300e-01 0.000000e+00
8.032080e-01 5.956990e-01 0.000000e+00
8.314700e-01 5.555700e-01 0.000000e+00
8.245890e-01 5.657320e-01 0.000000e+00
8.175850e-01 5.758080e-01 0.000000e+00
8.104570e-01 5.857980e-01 0.000000e+00
8.032080e-01 5.956990e-01 0.000000e+00
8.184550e-01 5.533430e-01 0.000000e+00
8.115130e-01 5.634620e-01 0.000000e+00
8.044470e-01 5.734940e-01 0.000000e+00
7.972580e-01 5.834400e-01 0.000000e+00
8.054400e-01 5.511160e-01 0.000000e+00
7.984360e-01 5.611910e-01 0.000000e+00
7.913090e-01 5.711800e-01 0.000000e+00
7.924250e-01 5.488880e-01 0.000000e+00
7.853600e-01 5.589210e-01 0.000000e+00
7.794110e-01 5.466610e-01 0.000000e+00
4.275550e-01 -9.039890e-01 0.000000e+00
4.275580e-01 -8.928340e-01 0.000000e+00
4.275600e-01 -8.816780e-01 0.000000e+00
4.275620e-01 -8.705230e-01 0.000000e+00
4.275650e-01 -8.593670e-01 0.000000e+00
4.191610e-01 -9.022140e-01 0.000000e+00
4.191630e-01 -8.910580e-01 0.000000e+00
4.191650e-01 -8.799030e-01 0.000000e+00
4.191680e-01 -8.687470e-01 0.000000e+00
4.107660e-01 -9.004380e-01 0.000000e+00
4.107690e-01 -8.892830e-01 0.000000e+00
4.107710e-01 -8.781270e-01 0.000000e+00
4.023720e-01 -8.986630e-01 0.000000e+00
4.023740e-01 -8.875070e-01 0.000000e+00
3.939770e-01 -8.968870e-01 0.000000e+00
3.826830e-01 -9.238800e-01 0.000000e+00
3.855070e-01 -9.171320e-01 0.000000e+00
3.883300e-01 -9.103830e-01 0.000000e+00
3.911540e-01 -9.036350e-01 0.000000e+00
3.939770e-01 -8.968870e-01 0.000000e+00
3.778100e-01 -9.178760e-01 0.000000e+00
3.806330e-01 -9.111280e-01 0.000000e+00
3.834570e-01 -9.043800e-01 0.000000e+00
3.862800e-01 -8.976320e-01 0.000000e+00
3.729360e-01 -9.118720e-01 0.000000e+00
3.757600e-01 -9.051240e-01 0.000000e+00
3.785830e-01 -8.983760e-01 0.000000e+00
3.680630e-01 -9.058680e-01 0.000000e+00
3.708860e-01 -8.991200e-01 0.000000e+00
3.631890e-01 -8.998640e-01 0.000000e+00
3.631890e-01 -8.998640e-01 0.000000e+00
3.566140e-01 -9.102840e-01 0.000000e+00
3.500390e-01 -9.207040e-01 0.000000e+00
3.434650e-01 -9.311240e-01 0.000000e+00
3.368900e-01 -9.415440e-01 0.000000e+00
3.680630e-01 -9.058680e-01 0.000000e+00
3.615150e-01 -9.163580e-01 0.000000e+00
3.549670e-01 -9.268490e-01 0.000000e+00
3.484190e-01 -9.373390e-01 0.000000e+00
3.729360e-01 -9.118720e-01 0.000000e+00
3.664160e-01 -9.224320e-01 0.000000e+00
3.598950e-01 -9.329930e-01 0.000000e+00
3.778100e-01 -9.178760e-01 0.000000e+00
3.713170e-01 -9.285060e-01 0.000000e+00
3.826830e-01 -9.238800e-01 0.000000e+00
8.577290e-01 -5.141030e-01 0.000000e+00
8.474720e-01 -5.017680e-01 0.000000e+00
8.372160e-01 -4.894330e-01 0.000000e+00
8.269600e-01 -4.770980e-01 0.000000e+00
8.167030e-01 -4.647630e-01 0.000000e+00
8.476220e-01 -5.147710e-01 0.000000e+00
8.373660e-01 -5.024360e-01 0.000000e+00
8.271100e-01 -4.901010e-01 0.000000e+00
8.168530e-01 -4.777660e-01 0.000000e+00
8.375160e-01 -5.154390e-01 0.000000e+00
8.272590e-01 -5.031040e-01 0.000000e+00
8.170030e-01 -4.907690e-01 0.000000e+00
8.274090e-01 -5.161070e-01 0.000000e+00
8.171530e-01 -5.037720e-01 0.000000e+00
8.173030e-01 -5.167750e-01 0.000000e+00
8.434020e-01 -4.755560e-01 0.000000e+00
8.469840e-01 -4.851930e-01 0.000000e+00
8.505650e-01 -4.948290e-01 0.000000e+00
8.541470e-01 -5.044660e-01 0.000000e+00
8.577290e-01 -5.141030e-01 0.000000e+00
8.530320e-01 -4.745160e-01 0.000000e+00
8.566790e-01 -4.841900e-01 0.000000e+00
8.603260e-01 -4.938640e-01 0.000000e+00
8.639730e-01 -5.035380e-01 0.000000e+00
8.626620e-01 -4.734760e-01 0.000000e+00
8.663740e-01 -4.831870e-01 0.000000e+00
8.700870e-01 -4.928980e-01 0.000000e+00
8.722910e-01 -4.724370e-01 0.000000e+00
8.760700e-01 -4.821840e-01 0.000000e+00
8.819210e-01 -4.713970e-01 0.000000e+00
8.819210e-01 -4.713970e-01 0.000000e+00
8.721270e-01 -4.635080e-01 0.000000e+00
8.623340e-01 -4.556190e-01 0.000000e+00
8.525400e-01 -4.477300e-01 0.000000e+00
8.427460e-01 -4.398410e-01 0.000000e+00
8.722910e-01 -4.724370e-01 0.000000e+00
8.624980e-01 -4.645480e-01 0.000000e+00
8.527040e-01 -4.566590e-01 0.000000e+00
8.429100e-01 -4.487700e-01 0.000000e+00
8.626620e-01 -4.734760e-01 0.000000e+00
8.528680e-01 -4.655870e-01 0.000000e+00
8.430740e-01 -4.576990e-01 0.000000e+00
8.530320e-01 -4.745160e-01 0.000000e+00
8.432380e-01 -4.666270e-01 0.000000e+00
8.434020e-01 -4.755560e-01 0.000000e+00
8.427460e-01 -4.398410e-01 0.000000e+00
8.525400e-01 -4.477300e-01 0.000000e+00
8.623340e-01 -4.556190e-01 0.000000e+00
8.721270e-01 -4.635080e-01 0.000000e+00
8.819210e-01 -4.713970e-01 0.000000e+00
8.483470e-01 -4.340130e-01 0.000000e+00
8.581410e-01 -4.419020e-01 0.000000e+00
8.679350e-01 -4.497910e-01 0.000000e+00
8.777290e-01 -4.576800e-01 0.000000e+00
8.539490e-01 -4.281850e-01 0.000000e+00
8.637430e-01 -4.360740e-01 0.000000e+00
8.735370e-01 -4.439630e-01 0.000000e+00
8.595500e-01 -4.223570e-01 0.000000e+00
8.693440e-01 -4.302460e-01 0.000000e+00
8.651520e-01 -4.165290e-01 0.000000e+00
9.238800e-01 -3.826830e-01 0.000000e+00
9.148480e-01 -3.839810e-01 0.000000e+00
9.058170e-01 -3.852790e-01 0.000000e+00
8.967860e-01 -3.865770e-01 0.000000e+00
8.877550e-01 -3.878750e-01 0.000000e+00
9.191140e-01 -3.939920e-01 0.000000e+00
9.100140e-01 -3.952600e-01 0.000000e+00
9.009140e-01 -3.965280e-01 0.000000e+00
8.918140e-01 -3.977950e-01 0.000000e+00
9.142100e-01 -4.052410e-01 0.000000e+00
9.050410e-01 -4.064780e-01 0.000000e+00
8.958720e-01 -4.077150e-01 0.000000e+00
9.091680e-01 -4.164300e-01 0.000000e+00
8.999310e-01 -4.176350e-01 0.000000e+00
9.039890e-01 -4.275550e-01 0.000000e+00
9.415440e-01 -3.368900e-01 0.000000e+00
9.456070e-01 -3.253100e-01 0.000000e+00
9.495280e-01 -3.136820e-01 0.000000e+00
9.533060e-01 -3.020060e-01 0.000000e+00
9.569400e-01 -2.902850e-01 0.000000e+00
9.307770e-01 -3.304840e-01 0.000000e+00
9.347690e-01 -3.188800e-01 0.000000e+00
9.386180e-01 -3.072280e-01 0.000000e+00
9.423240e-01 -2.955300e-01 0.000000e+00
9.200100e-01 -3.240780e-01 0.000000e+00
9.239300e-01 -3.124500e-01 0.000000e+00
9.277080e-01 -3.007750e-01 0.000000e+00
9.092420e-01 -3.176720e-01 0.000000e+00
9.130910e-01 -3.060210e-01 0.000000e+00
8.984750e-01 -3.112660e-01 0.000000e+00
9.569400e-01 -2.902850e-01 0.000000e+00
9.410430e-01 -2.850740e-01 0.000000e+00
9.251450e-01 -2.798640e-01 0.000000e+00
9.092480e-01 -2.746530e-01 0.000000e+00
8.933510e-01 -2.694420e-01 0.000000e+00
9.423240e-01 -2.955300e-01 0.000000e+00
9.264270e-01 -2.903190e-01 0.000000e+00
9.105290e-01 -2.851090e-01 0.000000e+00
8.946320e-01 -2.798980e-01 0.000000e+00
9.277080e-01 -3.007750e-01 0.000000e+00
9.118100e-01 -2.955650e-01 0.000000e+00
8.959130e-01 -2.903540e-01 0.000000e+00
9.130910e-01 -3.060210e-01 0.000000e+00
8.971940e-01 -3.008100e-01 0.000000e+00
8.984750e-01 -3.112660e-01 0.000000e+00
9.012230e-01 -3.533130e-01 0.000000e+00
9.068870e-01 -3.606550e-01 0.000000e+00
9.125510e-01 -3.679980e-01 0.000000e+00
9.182150e-01 -3.753410e-01 0.000000e+00
9.238800e-01 -3.826830e-01 0.000000e+00
9.113040e-01 -3.492070e-01 0.000000e+00
9.170380e-01 -3.565770e-01 0.000000e+00
9.227720e-01 -3.639470e-01 0.000000e+00
9.285060e-01 -3.713170e-01 0.000000e+00
9.213840e-01 -3.451010e-01 0.000000e+00
9.271880e-01 -3.524980e-01 0.000000e+00
9.329930e-01 -3.598950e-01 0.000000e+00
9.314640e-01 -3.409960e-01 0.000000e+00
9.373390e-01 -3.484190e-01 0.000000e+00
9.415440e-01 -3.368900e-01 0.000000e+00
9.368630e-01 -1.205490e-01 0.000000e+00
9.499410e-01 -1.270940e-01 0.000000e+00
9.630200e-01 -1.336390e-01 0.000000e+00
9.760980e-01 -1.401850e-01 0.000000e+00
9.891770e-01 -1.467300e-01 0.000000e+00
9.407790e-01 -1.146060e-01 0.000000e+00
9.538570e-01 -1.211520e-01 0.000000e+00
9.669360e-01 -1.276970e-01 0.000000e+00
9.800140e-01 -1.342430e-01 0.000000e+00
9.446940e-01 -1.086640e-01 0.000000e+00
9.577730e-01 -1.152100e-01 0.000000e+00
9.708510e-01 -1.217550e-01 0.000000e+00
9.486100e-01 -1.027220e-01 0.000000e+00
9.616890e-01 -1.092670e-01 0.000000e+00
9.525260e-01 -9.677950e-02 0.000000e+00
9.656890e-01 -6.906710e-02 0.000000e+00
9.730630e-01 -7.630460e-02 0.000000e+00
9.804370e-01 -8.354210e-02 0.000000e+00
9.878110e-01 -9.077960e-02 0.000000e+00
9.951850e-01 -9.801710e-02 0.000000e+00
9.739660e-01 -6.406720e-02 0.000000e+00
9.814150e-01 -7.131030e-02 0.000000e+00
9.888640e-01 -7.855360e-02 0.000000e+00
9.963130e-01 -8.579730e-02 0.000000e+00
9.822420e-01 -5.906740e-02 0.000000e+00
9.897660e-01 -6.631570e-02 0.000000e+00
9.972900e-01 -7.356460e-02 0.000000e+00
9.905190e-01 -5.406750e-02 0.000000e+00
9.981180e-01 -6.132070e-02 0.000000e+00
9.987950e-01 -4.906770e-02 0.000000e+00
9.456880e-01 -4.188970e-02 0.000000e+00
9.506880e-01 -4.868410e-02 0.000000e+00
9.556890e-01 -5.547840e-02 0.000000e+00
9.606890e-01 -6.227270e-02 0.000000e+00
9.656890e-01 -6.906710e-02 0.000000e+00
9.589650e-01 -4.368420e-02 0.000000e+00
9.639650e-01 -5.047850e-02 0.000000e+00
9.689660e-01 -5.727290e-02 0.000000e+00
9.739660e-01 -6.406720e-02 0.000000e+00
9.722420e-01 -4.547870e-02 0.000000e+00
9.772420e-01 -5.227300e-02 0.000000e+00
9.822420e-01 -5.906740e-02 0.000000e+00
9.855190e-01 -4.727320e-02 0.000000e+00
9.905190e-01 -5.406750e-02 0.000000e+00
9.987950e-01 -4.906770e-02 0.000000e+00
1.000000e+00 -2.463310e-16 0.000000e+00
9.928730e-01 -4.798430e-03 0.000000e+00
9.857470e-01 -9.596870e-03 0.000000e+00
9.786200e-01 -1.439530e-02 0.000000e+00
9.714930e-01 -1.919370e-02 0.000000e+00
9.999250e-01 -1.227150e-02 0.000000e+00
9.927230e-01 -1.706870e-02 0.000000e+00
9.855210e-01 -2.186560e-02 0.000000e+00
9.783190e-01 -2.666220e-02 0.000000e+00
9.996990e-01 -2.454120e-02 0.000000e+00
9.924220e-01 -2.933630e-02 0.000000e+00
9.851440e-01 -3.413070e-02 0.000000e+00
9.993220e-01 -3.680720e-02 0.000000e+00
9.919700e-01 -4.159920e-02 0.000000e+00
9.987950e-01 -4.906770e-02 0.000000e+00
9.891770e-01 1.467300e-01 0.000000e+00
9.873010e-01 1.588580e-01 0.000000e+00
9.852780e-01 1.709620e-01 0.000000e+00
9.831050e-01 1.830400e-01 0.000000e+00
9.807850e-01 1.950900e-01 0.000000e+00
9.740000e-01 1.553540e-01 0.000000e+00
9.720510e-01 1.674690e-01 0.000000e+00
9.699530e-01 1.795600e-01 0.000000e+00
9.677070e-01 1.916240e-01 0.000000e+00
9.588240e-01 1.639770e-01 0.000000e+00
9.568010e-01 1.760800e-01 0.000000e+00
9.546290e-01 1.881570e-01 0.000000e+00
9.436480e-01 1.726010e-01 0.000000e+00
9.415500e-01 1.846900e-01 0.000000e+00
9.284720e-01 1.812240e-01 0.000000e+00
9.807850e-01 1.950900e-01 0.000000e+00
9.709910e-01 1.993580e-01 0.000000e+00
9.611960e-01 2.036260e-01 0.000000e+00
9.514020e-01 2.078940e-01 0.000000e+00
9.416070e-01 2.121610e-01 0.000000e+00
9.677070e-01 1.916240e-01 0.000000e+00
9.579120e-01 1.958910e-01 0.000000e+00
9.481180e-01 2.001590e-01 0.000000e+00
9.383230e-01 2.044270e-01 0.000000e+00
9.546290e-01 1.881570e-01 0.000000e+00
9.448340e-01 1.924250e-01 0.000000e+00
9.350400e-01 1.966930e-01 0.000000e+00
9.415500e-01 1.846900e-01 0.000000e+00
9.317560e-01 1.889580e-01 0.000000e+00
9.284720e-01 1.812240e-01 0.000000e+00
8.623980e-01 4.295900e-01 0.000000e+00
8.672790e-01 4.400420e-01 0.000000e+00
8.721600e-01 4.504930e-01 0.000000e+00
8.770400e-01 4.609450e-01 0.000000e+00
8.819210e-01 4.713970e-01 0.000000e+00
8.536960e-01 4.304240e-01 0.000000e+00
8.585770e-01 4.408760e-01 0.000000e+00
8.634580e-01 4.513270e-01 0.000000e+00
8.683390e-01 4.617790e-01 0.000000e+00
8.449940e-01 4.312580e-01 0.000000e+00
8.498750e-01 4.417100e-01 0.000000e+00
8.547560e-01 4.521620e-01 0.000000e+00
8.362920e-01 4.320920e-01 0.000000e+00
8.411730e-01 4.425440e-01 0.000000e+00
8.275900e-01 4.329260e-01 0.000000e+00
8.801300e-01 3.950570e-01 0.000000e+00
8.833960e-01 3.857230e-01 0.000000e+00
8.866620e-01 3.763880e-01 0.000000e+00
8.899280e-01 3.670540e-01 0.000000e+00
8.931940e-01 3.577190e-01 0.000000e+00
8.910670e-01 3.919640e-01 0.000000e+00
8.943330e-01 3.826290e-01 0.000000e+00
8.976000e-01 3.732950e-01 0.000000e+00
9.008660e-01 3.639600e-01 0.000000e+00
9.020050e-01 3.888700e-01 0.000000e+00
9.052710e-01 3.795360e-01 0.000000e+00
9.085370e-01 3.702010e-01 0.000000e+00
9.129420e-01 3.857770e-01 0.000000e+00
9.162080e-01 3.764420e-01 0.000000e+00
9.238800e-01 3.826830e-01 0.000000e+00
8.801300e-01 3.950570e-01 0.000000e+00
8.910670e-01 3.919640e-01 0.000000e+00
9.020050e-01 3.888700e-01 0.000000e+00
9.129420e-01 3.857770e-01 0.000000e+00
9.238800e-01 3.826830e-01 0.000000e+00
8.860950e-01 4.031820e-01 0.000000e+00
8.971010e-01 4.001190e-01 0.000000e+00
9.081070e-01 3.970550e-01 0.000000e+00
9.191140e-01 3.939920e-01 0.000000e+00
8.920600e-01 4.113060e-01 0.000000e+00
9.031350e-01 4.082740e-01 0.000000e+00
9.142100e-01 4.052410e-01 0.000000e+00
8.980240e-01 4.194310e-01 0.000000e+00
9.091680e-01 4.164300e-01 0.000000e+00
9.039890e-01 4.275550e-01 0.000000e+00
9.175530e-01 2.584600e-01 0.000000e+00
9.235660e-01 2.468860e-01 0.000000e+00
9.295800e-01 2.353110e-01 0.000000e+00
9.355930e-01 2.237360e-01 0.000000e+00
9.416070e-01 2.121610e-01 0.000000e+00
9.306720e-01 2.545900e-01 0.000000e+00
9.366860e-01 2.430160e-01 0.000000e+00
9.426990e-01 2.314410e-01 0.000000e+00
9.487130e-01 2.198660e-01 0.000000e+00
9.437920e-01 2.507200e-01 0.000000e+00
9.498060e-01 2.391460e-01 0.000000e+00
9.558190e-01 2.275710e-01 0.000000e+00
9.569120e-01 2.468500e-01 0.000000e+00
9.629250e-01 2.352750e-01 0.000000e+00
9.700310e-01 2.429800e-01 0.000000e+00
9.191710e-01 3.071550e-01 0.000000e+00
9.187670e-01 2.949810e-01 0.000000e+00
9.183620e-01 2.828080e-01 0.000000e+00
9.179570e-01 2.706340e-01 0.000000e+00
9.175530e-01 2.584600e-01 0.000000e+00
9.286130e-01 3.029370e-01 0.000000e+00
9.282090e-01 2.907640e-01 0.000000e+00
9.278040e-01 2.785900e-01 0.000000e+00
9.274000e-01 2.664160e-01 0.000000e+00
9.380560e-01 2.987200e-01 0.000000e+00
9.376510e-01 2.865460e-01 0.000000e+00
9.372460e-01 2.743730e-01 0.000000e+00
9.474980e-01 2.945020e-01 0.000000e+00
9.470930e-01 2.823290e-01 0.000000e+00
9.569400e-01 2.902850e-01 0.000000e+00
9.175530e-01 2.584600e-01 0.000000e+00
9.306720e-01 2.545900e-01 0.000000e+00
9.437920e-01 2.507200e-01 0.000000e+00
9.569120e-01 2.468500e-01 0.000000e+00
9.700310e-01 2.429800e-01 0.000000e+00
9.274000e-01 2.664160e-01 0.000000e+00
9.405920e-01 2.625660e-01 0.000000e+00
9.537840e-01 2.587160e-01 0.000000e+00
9.669760e-01 2.548660e-01 0.000000e+00
9.372460e-01 2.743730e-01 0.000000e+00
9.505110e-01 2.705430e-01 0.000000e+00
9.637760e-01 2.667130e-01 0.000000e+00
9.470930e-01 2.823290e-01 0.000000e+00
9.604310e-01 2.785200e-01 0.000000e+00
9.569400e-01 2.902850e-01 0.000000e+00
2.902850e-01 -9.569400e-01 0.000000e+00
2.900140e-01 -9.450370e-01 0.000000e+00
2.897440e-01 -9.331340e-01 0.000000e+00
2.894730e-01 -9.212310e-01 0.000000e+00
2.892030e-01 -9.093280e-01 0.000000e+00
2.816020e-01 -9.451420e-01 0.000000e+00
2.813310e-01 -9.332390e-01 0.000000e+00
2.810610e-01 -9.213360e-01 0.000000e+00
2.807900e-01 -9.094330e-01 0.000000e+00
2.729180e-01 -9.333440e-01 0.000000e+00
2.726480e-01 -9.214410e-01 0.000000e+00
2.723770e-01 -9.095370e-01 0.000000e+00
2.642350e-01 -9.215450e-01 0.000000e+00
2.639650e-01 -9.096420e-01 0.000000e+00
2.555520e-01 -9.097470e-01 0.000000e+00
2.892030e-01 -9.093280e-01 0.000000e+00
2.894730e-01 -9.212310e-01 0.000000e+00
2.897440e-01 -9.331340e-01 0.000000e+00
2.900140e-01 -9.450370e-01 0.000000e+00
2.902850e-01 -9.569400e-01 0.000000e+00
3.011250e-01 -9.173820e-01 0.000000e+00
3.014190e-01 -9.293560e-01 0.000000e+00
3.017120e-01 -9.413310e-01 0.000000e+00
3.020060e-01 -9.533060e-01 0.000000e+00
3.130460e-01 -9.254360e-01 0.000000e+00
3.133640e-01 -9.374820e-01 0.000000e+00
3.136820e-01 -9.495280e-01 0.000000e+00
3.249680e-01 -9.334900e-01 0.000000e+00
3.253100e-01 -9.456070e-01 0.000000e+00
3.368900e-01 -9.415440e-01 0.000000e+00
3.368900e-01 -9.415440e-01 0.000000e+00
3.334260e-01 -9.312790e-01 0.000000e+00
3.299620e-01 -9.210130e-01 0.000000e+00
3.264980e-01 -9.107480e-01 0.000000e+00
3.230340e-01 -9.004820e-01 0.000000e+00
3.249680e-01 -9.334900e-01 0.000000e+00
3.215040e-01 -9.232250e-01 0.000000e+00
3.180400e-01 -9.129590e-01 0.000000e+00
3.145760e-01 -9.026940e-01 0.000000e+00
3.130460e-01 -9.254360e-01 0.000000e+00
3.095820e-01 -9.151700e-01 0.000000e+00
3.061180e-01 -9.049050e-01 0.000000e+00
3.011250e-01 -9.173820e-01 0.000000e+00
2.976610e-01 -9.071160e-01 0.000000e+00
2.892030e-01 -9.093280e-01 0.000000e+00
9.714930e-01 -1.919370e-02 0.000000e+00
9.786200e-01 -1.439530e-02 0.000000e+00
9.857470e-01 -9.596870e-03 0.000000e+00
9.928730e-01 -4.798430e-03 0.000000e+00
1.000000e+00 -2.449290e-16 0.000000e+00
9.701430e-01 -9.759840e-03 0.000000e+00
9.772700e-01 -4.961410e-03 0.000000e+00
9.843960e-01 -1.629770e-04 0.000000e+00
9.915230e-01 4.635460e-03 0.000000e+00
9.687920e-01 -3.259540e-04 0.000000e+00
9.759190e-01 4.472480e-03 0.000000e+00
9.830460e-01 9.270910e-03 0.000000e+00
9.674420e-01 9.107930e-03 0.000000e+00
9.745690e-01 1.390640e-02 0.000000e+00
9.660920e-01 1.854180e-02 0.000000e+00
9.987950e-01 4.906770e-02 0.000000e+00
9.906190e-01 4.143620e-02 0.000000e+00
9.824440e-01 3.380470e-02 0.000000e+00
9.742680e-01 2.617330e-02 0.000000e+00
9.660920e-01 1.854180e-02 0.000000e+00
9.993220e-01 3.680720e-02 0.000000e+00
9.910710e-01 2.917330e-02 0.000000e+00
9.828200e-01 2.153970e-02 0.000000e+00
9.745690e-01 1.390640e-02 0.000000e+00
9.996990e-01 2.454120e-02 0.000000e+00
9.913720e-01 1.690580e-02 0.000000e+00
9.830460e-01 9.270910e-03 0.000000e+00
9.999250e-01 1.227150e-02 0.000000e+00
9.915230e-01 4.635460e-03 0.000000e+00
1.000000e+00 -2.463310e-16 0.000000e+00
9.191710e-01 3.071550e-01 0.000000e+00
9.286130e-01 3.029370e-01 0.000000e+00
9.380560e-01 2.987200e-01 0.000000e+00
9.474980e-01 2.945020e-01 0.000000e+00
9.569400e-01 2.902850e-01 0.000000e+00
9.247640e-01 3.145890e-01 0.000000e+00
9.342780e-01 3.103950e-01 0.000000e+00
9.437920e-01 3.062000e-01 0.000000e+00
9.533060e-01 3.020060e-01 0.000000e+00
9.303580e-01 3.220220e-01 0.000000e+00
9.399430e-01 3.178520e-01 0.000000e+00
9.495280e-01 3.136820e-01 0.000000e+00
9.359510e-01 3.294560e-01 0.000000e+00
9.456070e-01 3.253100e-01 0.000000e+00
9.415440e-01 3.368900e-01 0.000000e+00
8.931940e-01 3.577190e-01 0.000000e+00
8.996890e-01 3.450780e-01 0.000000e+00
9.061830e-01 3.324370e-01 0.000000e+00
9.126770e-01 3.197960e-01 0.000000e+00
9.191710e-01 3.071550e-01 0.000000e+00
9.052820e-01 3.525120e-01 0.000000e+00
9.117760e-01 3.398710e-01 0.000000e+00
9.182700e-01 3.272300e-01 0.000000e+00
9.247640e-01 3.145890e-01 0.000000e+00
9.173690e-01 3.473050e-01 0.000000e+00
9.238630e-01 3.346630e-01 0.000000e+00
9.303580e-01 3.220220e-01 0.000000e+00
9.294570e-01 3.420970e-01 0.000000e+00
9.359510e-01 3.294560e-01 0.000000e+00
9.415440e-01 3.368900e-01 0.000000e+00
9.416070e-01 2.121610e-01 0.000000e+00
9.514020e-01 2.078940e-01 0.000000e+00
9.611960e-01 2.036260e-01 0.000000e+00
9.709910e-01 1.993580e-01 0.000000e+00
9.807850e-01 1.950900e-01 0.000000e+00
9.487130e-01 2.198660e-01 0.000000e+00
9.585810e-01 2.156150e-01 0.000000e+00
9.684490e-01 2.113630e-01 0.000000e+00
9.783170e-01 2.071110e-01 0.000000e+00
9.558190e-01 2.275710e-01 0.000000e+00
9.657610e-01 2.233360e-01 0.000000e+00
9.757020e-01 2.191010e-01 0.000000e+00
9.629250e-01 2.352750e-01 0.000000e+00
9.729400e-01 2.310580e-01 0.000000e+00
9.700310e-01 2.429800e-01 0.000000e+00
9.600810e-01 1.163800e-01 0.000000e+00
9.596280e-01 1.038580e-01 0.000000e+00
9.591760e-01 9.133580e-02 0.000000e+00
9.587240e-01 7.881380e-02 0.000000e+00
9.582710e-01 6.629180e-02 0.000000e+00
9.688570e-01 1.117890e-01 0.000000e+00
9.684040e-01 9.926710e-02 0.000000e+00
9.679520e-01 8.674510e-02 0.000000e+00
9.675000e-01 7.422310e-02 0.000000e+00
9.776330e-01 1.071980e-01 0.000000e+00
9.771800e-01 9.467650e-02 0.000000e+00
9.767280e-01 8.215450e-02 0.000000e+00
9.864090e-01 1.026080e-01 0.000000e+00
9.859560e-01 9.008580e-02 0.000000e+00
9.951850e-01 9.801710e-02 0.000000e+00
9.987950e-01 4.906770e-02 0.000000e+00
9.981180e-01 6.132070e-02 0.000000e+00
9.972900e-01 7.356460e-02 0.000000e+00
9.963130e-01 8.579730e-02 0.000000e+00
9.951850e-01 9.801710e-02 0.000000e+00
9.886640e-01 5.337370e-02 0.000000e+00
9.879120e-01 6.562180e-02 0.000000e+00
9.870090e-01 7.785980e-02 0.000000e+00
9.859560e-01 9.008580e-02 0.000000e+00
9.785330e-01 5.767970e-02 0.000000e+00
9.777060e-01 6.992260e-02 0.000000e+00
9.767280e-01 8.215450e-02 0.000000e+00
9.684020e-01 6.198580e-02 0.000000e+00
9.675000e-01 7.422310e-02 0.000000e+00
9.582710e-01 6.629180e-02 0.000000e+00
9.987950e-01 4.906770e-02 0.000000e+00
9.886640e-01 5.337370e-02 0.000000e+00
9.785330e-01 5.767970e-02 0.000000e+00
9.684020e-01 6.198580e-02 0.000000e+00
9.582710e-01 6.629180e-02 0.000000e+00
9.906190e-01 4.143620e-02 0.000000e+00
9.804880e-01 4.574220e-02 0.000000e+00
9.703570e-01 5.004830e-02 0.000000e+00
9.602260e-01 5.435430e-02 0.000000e+00
9.824440e-01 3.380470e-02 0.000000e+00
9.723130e-01 3.811080e-02 0.000000e+00
9.621820e-01 4.241680e-02 0.000000e+00
9.742680e-01 2.617330e-02 0.000000e+00
9.641370e-01 3.047930e-02 0.000000e+00
9.660920e-01 1.854180e-02 0.000000e+00
3.368900e-01 -9.415440e-01 0.000000e+00
3.434650e-01 -9.311240e-01 0.000000e+00
3.500390e-01 -9.207040e-01 0.000000e+00
3.566140e-01 -9.102840e-01 0.000000e+00
3.631890e-01 -8.998640e-01 0.000000e+00
3.334260e-01 -9.312790e-01 0.000000e+00
3.400010e-01 -9.208590e-01 0.000000e+00
3.465750e-01 -9.104390e-01 0.000000e+00
3.531500e-01 -9.000190e-01 0.000000e+00
3.299620e-01 -9.210130e-01 0.000000e+00
3.365370e-01 -9.105930e-01 0.000000e+00
3.431110e-01 -9.001730e-01 0.000000e+00
3.264980e-01 -9.107480e-01 0.000000e+00
3.330730e-01 -9.003280e-01 0.000000e+00
3.230340e-01 -9.004820e-01 0.000000e+00
9.951850e-01 9.801710e-02 0.000000e+00
9.939070e-01 1.102220e-01 0.000000e+00
9.924800e-01 1.224110e-01 0.000000e+00
9.909030e-01 1.345810e-01 0.000000e+00
9.891770e-01 1.467300e-01 0.000000e+00
9.864090e-01 1.026080e-01 0.000000e+00
9.850560e-01 1.148040e-01 0.000000e+00
9.835540e-01 1.269830e-01 0.000000e+00
9.819030e-01 1.391430e-01 0.000000e+00
9.776330e-01 1.071980e-01 0.000000e+00
9.762050e-01 1.193860e-01 0.000000e+00
9.746290e-01 1.315550e-01 0.000000e+00
9.688570e-01 1.117890e-01 0.000000e+00
9.673550e-01 1.239670e-01 0.000000e+00
9.600810e-01 1.163800e-01 0.000000e+00
9.284720e-01 1.812240e-01 0.000000e+00
9.287990e-01 1.724000e-01 0.000000e+00
9.291260e-01 1.635770e-01 0.000000e+00
9.294520e-01 1.547530e-01 0.000000e+00
9.297790e-01 1.459300e-01 0.000000e+00
9.436480e-01 1.726010e-01 0.000000e+00
9.439750e-01 1.637770e-01 0.000000e+00
9.443020e-01 1.549530e-01 0.000000e+00
9.446290e-01 1.461300e-01 0.000000e+00
9.588240e-01 1.639770e-01 0.000000e+00
9.591510e-01 1.551540e-01 0.000000e+00
9.594780e-01 1.463300e-01 0.000000e+00
9.740000e-01 1.553540e-01 0.000000e+00
9.743270e-01 1.465300e-01 0.000000e+00
9.891770e-01 1.467300e-01 0.000000e+00
9.891770e-01 1.467300e-01 0.000000e+00
9.743270e-01 1.465300e-01 0.000000e+00
9.594780e-01 1.463300e-01 0.000000e+00
9.446290e-01 1.461300e-01 0.000000e+00
9.297790e-01 1.459300e-01 0.000000e+00
9.819030e-01 1.391430e-01 0.000000e+00
9.670530e-01 1.389430e-01 0.000000e+00
9.522040e-01 1.387420e-01 0.000000e+00
9.373550e-01 1.385420e-01 0.000000e+00
9.746290e-01 1.315550e-01 0.000000e+00
9.597790e-01 1.313550e-01 0.000000e+00
9.449300e-01 1.311550e-01 0.000000e+00
9.673550e-01 1.239670e-01 0.000000e+00
9.525050e-01 1.237670e-01 0.000000e+00
9.600810e-01 1.163800e-01 0.000000e+00
5.000000e-01 0.000000e+00 0.000000e+00
4.999120e-01 -7.795920e-03 0.000000e+00
4.998240e-01 -1.559180e-02 0.000000e+00
4.997360e-01 -2.338780e-02 0.000000e+00
4.996480e-01 -3.118370e-02 0.000000e+00
5.083640e-01 2.035000e-03 0.000000e+00
5.082760e-01 -5.760920e-03 0.000000e+00
5.081870e-01 -1.355680e-02 0.000000e+00
5.080990e-01 -2.135280e-02 0.000000e+00
5.167270e-01 4.070000e-03 0.000000e+00
5.166390e-01 -3.725920e-03 0.000000e+00
5.165510e-01 -1.152180e-02 0.000000e+00
5.250910e-01 6.105000e-03 0.000000e+00
5.250030e-01 -1.690920e-03 0.000000e+00
5.334550e-01 8.140000e-03 0.000000e+00
-9.135700e-01 -2.522080e-01 0.000000e+00
-9.276850e-01 -2.499010e-01 0.000000e+00
-9.418000e-01 -2.475940e-01 0.000000e+00
-9.559160e-01 -2.452870e-01 0.000000e+00
-9.700310e-01 -2.429800e-01 0.000000e+00
-9.244120e-01 -2.617270e-01 0.000000e+00
-9.386000e-01 -2.594400e-01 0.000000e+00
-9.527880e-01 -2.571530e-01 0.000000e+00
-9.669760e-01 -2.548660e-01 0.000000e+00
-9.352550e-01 -2.712460e-01 0.000000e+00
-9.495150e-01 -2.689800e-01 0.000000e+00
-9.637760e-01 -2.667130e-01 0.000000e+00
-9.460980e-01 -2.807660e-01 0.000000e+00
-9.604310e-01 -2.785200e-01 0.000000e+00
-9.569400e-01 -2.902850e-01 0.000000e+00
-9.135700e-01 -2.522080e-01 0.000000e+00
-9.192710e-01 -2.419360e-01 0.000000e+00
-9.249720e-01 -2.316640e-01 0.000000e+00
-9.306730e-01 -2.213920e-01 0.000000e+00
-9.363740e-01 -2.111200e-01 0.000000e+00
-9.276850e-01 -2.499010e-01 0.000000e+00
-9.333860e-01 -2.396290e-01 0.000000e+00
-9.390870e-01 -2.293570e-01 0.000000e+00
-9.447880e-01 -2.190850e-01 0.000000e+00
-9.418000e-01 -2.475940e-01 0.000000e+00
-9.475020e-01 -2.373220e-01 0.000000e+00
-9.532030e-01 -2.270500e-01 0.000000e+00
-9.559160e-01 -2.452870e-01 0.000000e+00
-9.616170e-01 -2.350150e-01 0.000000e+00
-9.700310e-01 -2.429800e-01 0.000000e+00
-9.569400e-01 -2.902850e-01 0.000000e+00
-9.430620e-01 -2.922830e-01 0.000000e+00
-9.291840e-01 -2.942820e-01 0.000000e+00
-9.153060e-01 -2.962810e-01 0.000000e+00
-9.014280e-01 -2.982790e-01 0.000000e+00
-9.460980e-01 -2.807660e-01 0.000000e+00
-9.322200e-01 -2.827640e-01 0.000000e+00
-9.183410e-01 -2.847630e-01 0.000000e+00
-9.044630e-01 -2.867610e-01 0.000000e+00
-9.352550e-01 -2.712460e-01 0.000000e+00
-9.213770e-01 -2.732450e-01 0.000000e+00
-9.074990e-01 -2.752440e-01 0.000000e+00
-9.244120e-01 -2.617270e-01 0.000000e+00
-9.105340e-01 -2.637260e-01 0.000000e+00
-9.135700e-01 -2.522080e-01 0.000000e+00
-9.363740e-01 -2.111200e-01 0.000000e+00
-9.474770e-01 -2.071130e-01 0.000000e+00
-9.585800e-01 -2.031050e-01 0.000000e+00
-9.696820e-01 -1.990980e-01 0.000000e+00
-9.807850e-01 -1.950900e-01 0.000000e+00
-9.447880e-01 -2.190850e-01 0.000000e+00
-9.559650e-01 -2.150940e-01 0.000000e+00
-9.671410e-01 -2.111030e-01 0.000000e+00
-9.783170e-01 -2.071110e-01 0.000000e+00
-9.532030e-01 -2.270500e-01 0.000000e+00
-9.644520e-01 -2.230760e-01 0.000000e+00
-9.757020e-01 -2.191010e-01 0.000000e+00
-9.616170e-01 -2.350150e-01 0.000000e+00
-9.729400e-01 -2.310580e-01 0.000000e+00
-9.700310e-01 -2.429800e-01 0.000000e+00
-4.792680e-01 -8.222680e-01 0.000000e+00
-4.773000e-01 -8.371820e-01 0.000000e+00
-4.753320e-01 -8.520950e-01 0.000000e+00
-4.733650e-01 -8.670080e-01 0.000000e+00
-4.713970e-01 -8.819210e-01 0.000000e+00
-4.712540e-01 -8.232070e-01 0.000000e+00
-4.692860e-01 -8.381200e-01 0.000000e+00
-4.673190e-01 -8.530330e-01 0.000000e+00
-4.653510e-01 -8.679470e-01 0.000000e+00
-4.632400e-01 -8.241450e-01 0.000000e+00
-4.612720e-01 -8.390590e-01 0.000000e+00
-4.593050e-01 -8.539720e-01 0.000000e+00
-4.552260e-01 -8.250840e-01 0.000000e+00
-4.532590e-01 -8.399970e-01 0.000000e+00
-4.472120e-01 -8.260230e-01 0.000000e+00
-5.141030e-01 -8.577290e-01 0.000000e+00
-5.143630e-01 -8.412010e-01 0.000000e+00
-5.146230e-01 -8.246730e-01 0.000000e+00
-5.148830e-01 -8.081440e-01 0.000000e+00
-5.151430e-01 -7.916160e-01 0.000000e+00
-5.245900e-01 -8.513550e-01 0.000000e+00
-5.248100e-01 -8.347630e-01 0.000000e+00
-5.250300e-01 -8.181710e-01 0.000000e+00
-5.252500e-01 -8.015800e-01 0.000000e+00
-5.349980e-01 -8.448540e-01 0.000000e+00
-5.351770e-01 -8.281980e-01 0.000000e+00
-5.353570e-01 -8.115430e-01 0.000000e+00
-5.453250e-01 -8.382250e-01 0.000000e+00
-5.454630e-01 -8.215060e-01 0.000000e+00
-5.555700e-01 -8.314700e-01 0.000000e+00
-5.141030e-01 -8.577290e-01 0.000000e+00
-5.035380e-01 -8.639730e-01 0.000000e+00
-4.928980e-01 -8.700870e-01 0.000000e+00
-4.821840e-01 -8.760700e-01 0.000000e+00
-4.713970e-01 -8.819210e-01 0.000000e+00
-5.053940e-01 -8.488640e-01 0.000000e+00
-4.947920e-01 -8.550430e-01 0.000000e+00
-4.841150e-01 -8.610910e-01 0.000000e+00
-4.733650e-01 -8.670080e-01 0.000000e+00
-4.966850e-01 -8.399980e-01 0.000000e+00
-4.860460e-01 -8.461120e-01 0.000000e+00
-4.753320e-01 -8.520950e-01 0.000000e+00
-4.879770e-01 -8.311330e-01 0.000000e+00
-4.773000e-01 -8.371820e-01 0.000000e+00
-4.792680e-01 -8.222680e-01 0.000000e+00
7.138070e-01 -6.380210e-01 0.000000e+00
7.116370e-01 -6.476290e-01 0.000000e+00
7.094670e-01 -6.572380e-01 0.000000e+00
7.072960e-01 -6.668460e-01 0.000000e+00
7.051260e-01 -6.764540e-01 0.000000e+00
7.205930e-01 -6.464050e-01 0.000000e+00
7.184230e-01 -6.560140e-01 0.000000e+00
7.162530e-01 -6.656220e-01 0.000000e+00
7.140830e-01 -6.752300e-01 0.000000e+00
7.273790e-01 -6.547900e-01 0.000000e+00
7.252090e-01 -6.643980e-01 0.000000e+00
7.230390e-01 -6.740070e-01 0.000000e+00
7.341650e-01 -6.631740e-01 0.000000e+00
7.319950e-01 -6.727830e-01 0.000000e+00
7.409510e-01 -6.715590e-01 0.000000e+00
7.409510e-01 -6.715590e-01 0.000000e+00
7.491360e-01 -6.624160e-01 0.000000e+00
7.572090e-01 -6.531730e-01 0.000000e+00
7.651670e-01 -6.438320e-01 0.000000e+00
7.730100e-01 -6.343930e-01 0.000000e+00
7.341650e-01 -6.631740e-01 0.000000e+00
7.422940e-01 -6.539820e-01 0.000000e+00
7.503090e-01 -6.446900e-01 0.000000e+00
7.582100e-01 -6.353000e-01 0.000000e+00
7.273790e-01 -6.547900e-01 0.000000e+00
7.354510e-01 -6.455480e-01 0.000000e+00
7.434090e-01 -6.362070e-01 0.000000e+00
7.205930e-01 -6.464050e-01 0.000000e+00
7.286080e-01 -6.371140e-01 0.000000e+00
7.138070e-01 -6.380210e-01 0.000000e+00
7.051260e-01 -6.764540e-01 0.000000e+00
7.056210e-01 -6.841170e-01 0.000000e+00
7.061170e-01 -6.917810e-01 0.000000e+00
7.066120e-01 -6.994440e-01 0.000000e+00
7.071070e-01 -7.071070e-01 0.000000e+00
7.140830e-01 -6.752300e-01 0.000000e+00
7.146320e-01 -6.829460e-01 0.000000e+00
7.151820e-01 -6.906610e-01 0.000000e+00
7.157310e-01 -6.983760e-01 0.000000e+00
7.230390e-01 -6.740070e-01 0.000000e+00
7.236430e-01 -6.817730e-01 0.000000e+00
7.242470e-01 -6.895410e-01 0.000000e+00
7.319950e-01 -6.727830e-01 0.000000e+00
7.326540e-01 -6.806010e-01 0.000000e+00
7.409510e-01 -6.715590e-01 0.000000e+00
9.197180e-01 -2.386910e-01 0.000000e+00
9.322960e-01 -2.397630e-01 0.000000e+00
9.448740e-01 -2.408350e-01 0.000000e+00
9.574530e-01 -2.419080e-01 0.000000e+00
9.700310e-01 -2.429800e-01 0.000000e+00
9.242230e-01 -2.318660e-01 0.000000e+00
9.368010e-01 -2.329380e-01 0.000000e+00
9.493800e-01 -2.340110e-01 0.000000e+00
9.619580e-01 -2.350830e-01 0.000000e+00
9.287280e-01 -2.250410e-01 0.000000e+00
9.413070e-01 -2.261140e-01 0.000000e+00
9.538850e-01 -2.271860e-01 0.000000e+00
9.332340e-01 -2.182170e-01 0.000000e+00
9.458120e-01 -2.192890e-01 0.000000e+00
9.377390e-01 -2.113920e-01 0.000000e+00
9.377390e-01 -2.113920e-01 0.000000e+00
9.458120e-01 -2.192890e-01 0.000000e+00
9.538850e-01 -2.271860e-01 0.000000e+00
9.619580e-01 -2.350830e-01 0.000000e+00
9.700310e-01 -2.429800e-01 0.000000e+00
9.485010e-01 -2.073170e-01 0.000000e+00
9.566470e-01 -2.152300e-01 0.000000e+00
9.647940e-01 -2.231440e-01 0.000000e+00
9.729400e-01 -2.310580e-01 0.000000e+00
9.592620e-01 -2.032410e-01 0.000000e+00
9.674820e-01 -2.111710e-01 0.000000e+00
9.757020e-01 -2.191010e-01 0.000000e+00
9.700240e-01 -1.991660e-01 0.000000e+00
9.783170e-01 -2.071110e-01 0.000000e+00
9.807850e-01 -1.950900e-01 0.000000e+00
8.933510e-01 -2.694420e-01 0.000000e+00
9.092480e-01 -2.746530e-01 0.000000e+00
9.251450e-01 -2.798640e-01 0.000000e+00
9.410430e-01 -2.850740e-01 0.000000e+00
9.569400e-01 -2.902850e-01 0.000000e+00
8.999420e-01 -2.617540e-01 0.000000e+00
9.158400e-01 -2.669650e-01 0.000000e+00
9.317370e-01 -2.721760e-01 0.000000e+00
9.476350e-01 -2.773860e-01 0.000000e+00
9.065340e-01 -2.540670e-01 0.000000e+00
9.224310e-01 -2.592770e-01 0.000000e+00
9.383290e-01 -2.644880e-01 0.000000e+00
9.131260e-01 -2.463790e-01 0.000000e+00
9.290230e-01 -2.515890e-01 0.000000e+00
9.197180e-01 -2.386910e-01 0.000000e+00
</DataArray>
</Points>
<Cells>
<DataArray type="Int32" Name="connectivity" format="ascii">
0 1 5 
1 6 5 
1 2 6 
2 7 6 
2 3 7 
3 8 7 
3 4 8 
5 6 9 
6 10 9 
6 7 10 
7 11 10 
7 8 11 
9 10 12 
10 13 12 
10 11 13 
12 13 14 
15 16 20 
16 21 20 
16 17 21 
17 22 21 
17 18 22 
18 23 22 
18 19 23 
20 21 24 
21 25 24 
21 22 25 
22 26 25 
22 23 26 
24 25 27 
25 28 27 
25 26 28 
27 28 29 
30 31 35 
31 36 35 
31 32 36 
32 37 36 
32 33 37 
33 38 37 
33 34 38 
35 36 39 
36 40 39 
36 37 40 
37 41 40 
37 38 41 
39 40 42 
40 43 42 
40 41 43 
42 43 44 
45 46 50 
46 51 50 
46 47 51 
47 52 51 
47 48 52 
48 53 52 
48 49 53 
50 51 54 
51 55 54 
51 52 55 
52 56 55 
52 53 56 
54 55 57 
55 58 57 
55 56 58 
57 58 59 
60 61 65 
61 66 65 
61 62 66 
62 67 66 
62 63 67 
63 68 67 
63 64 68 
65 66 69 
66 70 69 
66 67 70 
67 71 70 
67 68 71 
69 70 72 
70 73 72 
70 71 73 
72 73 74 
75 76 80 
76 81 80 
76 77 81 
77 82 81 
77 78 82 
78 83 82 
78 79 83 
80 81 84 
81 85 84 
81 82 85 
82 86 85 
82 83 86 
84 85 87 
85 88 87 
85 86 88 
87 88 89 
90 91 95 
91 96 95 
91 92 96 
92 97 96 
92 93 97 
93 98 97 
93 94 98 
95 96 99 
96 100 99 
96 97 100 
97 101 100 
97 98 101 
99 100 102 
100 103 102 
100 101 103 
102 103 104 
105 106 110 
106 111 110 
106 107 111 
107 112 111 
107 108 112 
108 113 112 
108 109 113 
110 111 114 
111 115 114 
111 112 115 
112 116 115 
112 113 116 
114 115 117 
115 118 117 
115 116 118 
117 118 119 
120 121 125 
121 126 125 
121 122 126 
122 127 126 
122 123 127 
123 128 127 
123 124 128 
125 126 129 
126 130 129 
126 127 130 
127 131 130 
127 128 131 
129 130 132 
130 133 132 
130 131 133 
132 133 134 
135 136 140 
136 141 140 
136 137 141 
137 142 141 
137 138 142 
138 143 142 
138 139 143 
140 141 144 
141 145 144 
141 142 145 
142 146 145 
142 143 146 
144 145 147 
145 148 147 
145 146 148 
147 148 149 
150 151 155 
151 156 155 
151 152 156 
152 157 156 
152 153 157 
153 158 157 
153 154 158 
155 156 159 
156 160 159 
156 157 160 
157 161 160 
157 158 161 
159 160 162 
160 163 162 
160 161 163 
162 163 164 
165 166 170 
166 171 170 
166 167 171 
167 172 171 
167 168 172 
168 173 172 
168 169 173 
170 171 174 
171 175 174 
171 172 175 
172 176 175 
172 173 176 
174 175 177 
175 178 177 
175 176 178 
177 178 179 
180 181 185 
181 186 185 
181 182 186 
182 187 186 
182 183 187 
183 188 187 
183 184 188 
185 186 189 
186 190 189 
186 187 190 
187 191 190 
187 188 191 
189 190 192 
190 193 192 
190 191 193 
192 193 194 
195 196 200 
196 201 200 
196 197 201 
197 202 201 
197 198 202 
198 203 202 
198 199 203 
200 201 204 
201 205 204 
201 202 205 
202 206 205 
202 203 206 
204 205 207 
205 208 207 
205 206 208 
207 208 209 
210 211 215 
211 216 215 
211 212 216 
212 217 216 
212 213 217 
213 218 217 
213 214 218 
215 216 219 
216 220 219 
216 217 220 
217 221 220 
217 218 221 
219 220 222 
220 223 222 
220 221 223 
222 223 224 
225 226 230 
226 231 230 
226 227 231 
227 232 231 
227 228 232 
228 233 232 
228 229 233 
230 231 234 
231 235 234 
231 232 235 
232 236 235 
232 233 236 
234 235 237 
235 238 237 
235 236 238 
237 238 239 
240 241 245 
241 246 245 
241 242 246 
242 247 246 
242 243 247 
243 248 247 
243 244 248 
245 246 249 
246 250 249 
246 247 250 
247 251 250 
247 248 251 
249 250 252 
250 253 252 
250 251 253 
252 253 254 
255 256 260 
256 261 260 
256 257 261 
257 262 261 
257 258 262 
258 263 262 
258 259 263 
260 261 264 
261 265 264 
261 262 265 
262 266 265 
262 263 266 
264 265 267 
265 268 267 
265 266 268 
267 268 269 
270 271 275 
271 276 275 
271 272 276 
272 277 276 
272 273 277 
273 278 277 
273 274 278 
275 276 279 
276 280 279 
276 277 280 
277 281 280 
277 278 281 
279 280 282 
280 283 282 
280 281 283 
282 283 284 
285 286 290 
286 291 290 
286 287 291 
287 292 291 
287 288 292 
288 293 292 
288 289 293 
290 291 294 
291 295 294 
291 292 295 
292 296 295 
292 293 296 
294 295 297 
295 298 297 
295 296 298 
297 298 299 
300 301 305 
301 306 305 
301 302 306 
302 307 306 
302 303 307 
303 308 307 
303 304 308 
305 306 309 
306 310 309 
306 307 310 
307 311 310 
307 308 311 
309 310 312 
310 313 312 
310 311 313 
312 313 314 
315 316 320 
316 321 320 
316 317 321 
317 322 321 
317 318 322 
318 323 322 
318 319 323 
320 321 324 
321 325 324 
321 322 325 
322 326 325 
322 323 326 
324 325 327 
325 328 327 
325 326 328 
327 328 329 
330 331 335 
331 336 335 
331 332 336 
332 337 336 
332 333 337 
333 338 337 
333 334 338 
335 336 339 
336 340 339 
336 337 340 
337 341 340 
337 338 341 
339 340 342 
340 343 342 
340 341 343 
342 343 344 
345 346 350 
346 351 350 
346 347 351 
347 352 351 
347 348 352 
348 353 352 
348 349 353 
350 351 354 
351 355 354 
351 352 355 
352 356 355 
352 353 356 
354 355 357 
355 358 357 
355 356 358 
357 358 359 
360 361 365 
361 366 365 
361 362 366 
362 367 366 
362 363 367 
363 368 367 
363 364 368 
365 366 369 
366 370 369 
366 367 370 
367 371 370 
367 368 371 
369 370 372 
370 373 372 
370 371 373 
372 373 374 
375 376 380 
376 381 380 
376 377 381 
377 382 381 
377 378 382 
378 383 382 
378 379 383 
380 381 384 
381 385 384 
381 382 385 
382 386 385 
382 383 386 
384 385 387 
385 388 387 
385 386 388 
387 388 389 
390 391 395 
391 396 395 
391 392 396 
392 397 396 
392 393 397 
393 398 397 
393 394 398 
395 396 399 
396 400 399 
396 397 400 
397 401 400 
397 398 401 
399 400 402 
400 403 402 
400 401 403 
402 403 404 
405 406 410 
406 411 410 
406 407 411 
407 412 411 
407 408 412 
408 413 412 
408 409 413 
410 411 414 
411 415 414 
411 412 415 
412 416 415 
412 413 416 
414 415 417 
415 418 417 
415 416 418 
417 418 419 
420 421 425 
421 426 425 
421 422 426 
422 427 426 
422 423 427 
423 428 427 
423 424 428 
425 426 429 
426 430 429 
426 427 430 
427 431 430 
427 428 431 
429 430 432 
430 433 432 
430 431 433 
432 433 434 
435 436 440 
436 441 440 
436 437 441 
437 442 441 
437 438 442 
438 443 442 
438 439 443 
440 441 444 
441 445 444 
441 442 445 
442 446 445 
442 443 446 
444 445 447 
445 448 447 
445 446 448 
447 448 449 
450 451 455 
451 456 455 
451 452 456 
452 457 456 
452 453 457 
453 458 457 
453 454 458 
455 456 459 
456 460 459 
456 457 460 
457 461 460 
457 458 461 
459 460 462 
460 463 462 
460 461 463 
462 463 464 
465 466 470 
466 471 470 
466 467 471 
467 472 471 
467 468 472 
468 473 472 
468 469 473 
470 471 474 
471 475 474 
471 472 475 
472 476 475 
472 473 476 
474 475 477 
475 478 477 
475 476 478 
477 478 479 
480 481 485 
481 486 485 
481 482 486 
482 487 486 
482 483 487 
483 488 487 
483 484 488 
485 486 489 
486 490 489 
486 487 490 
487 491 490 
487 488 491 
489 490 492 
490 493 492 
490 491 493 
492 493 494 
495 496 500 
496 501 500 
496 497 501 
497 502 501 
497 498 502 
498 503 502 
498 499 503 
500 501 504 
501 505 504 
501 502 505 
502 506 505 
502 503 506 
504 505 507 
505 508 507 
505 506 508 
507 508 509 
510 511 515 
511 516 515 
511 512 516 
512 517 516 
512 513 517 
513 518 517 
513 514 518 
515 516 519 
516 520 519 
516 517 520 
517 521 520 
517 518 521 
519 520 522 
520 523 522 
520 521 523 
522 523 524 
525 526 530 
526 531 530 
526 527 531 
527 532 531 
527 528 532 
528 533 532 
528 529 533 
530 531 534 
531 535 534 
531 532 535 
532 536 535 
532 533 536 
534 535 537 
535 538 537 
535 536 538 
537 538 539 
540 541 545 
541 546 545 
541 542 546 
542 547 546 
542 543 547 
543 548 547 
543 544 548 
545 546 549 
546 550 549 
546 547 550 
547 551 550 
547 548 551 
549 550 552 
550 553 552 
550 551 553 
552 553 554 
555 556 560 
556 561 560 
556 557 561 
557 562 561 
557 558 562 
558 563 562 
558 559 563 
560 561 564 
561 565 564 
561 562 565 
562 566 565 
562 563 566 
564 565 567 
565 568 567 
565 566 568 
567 568 569 
570 571 575 
571 576 575 
571 572 576 
572 577 576 
572 573 577 
573 578 577 
573 574 578 
575 576 579 
576 580 579 
576 577 580 
577 581 580 
577 578 581 
579 580 582 
580 583 582 
580 581 583 
582 583 584 
585 586 590 
586 591 590 
586 587 591 
587 592 591 
587 588 592 
588 593 592 
588 589 593 
590 591 594 
591 595 594 
591 592 595 
592 596 595 
592 593 596 
594 595 597 
595 598 597 
595 596 598 
597 598 599 
600 601 605 
601 606 605 
601 602 606 
602 607 606 
602 603 607 
603 608 607 
603 604 608 
605 606 609 
606 610 609 
606 607 610 
607 611 610 
607 608 611 
609 610 612 
610 613 612 
610 611 613 
612 613 614 
615 616 620 
616 621 620 
616 617 621 
617 622 621 
617 618 622 
618 623 622 
618 619 623 
620 621 624 
621 625 624 
621 622 625 
622 626 625 
622 623 626 
624 625 627 
625 628 627 
625 626 628 
627 628 629 
630 631 635 
631 636 635 
631 632 636 
632 637 636 
632 633 637 
633 638 637 
633 634 638 
635 636 639 
636 640 639 
636 637 640 
637 641 640 
637 638 641 
639 640 642 
640 643 642 
640 641 643 
642 643 644 
645 646 650 
646 651 650 
646 647 651 
647 652 651 
647 648 652 
648 653 652 
648 649 653 
650 651 654 
651 655 654 
651 652 655 
652 656 655 
652 653 656 
654 655 657 
655 658 657 
655 656 658 
657 658 659 
660 661 665 
661 666 665 
661 662 666 
662 667 666 
662 663 667 
663 668 667 
663 664 668 
665 666 669 
666 670 669 
666 667 670 
667 671 670 
667 668 671 
669 670 672 
670 673 672 
670 671 673 
672 673 674 
675 676 680 
676 681 680 
676 677 681 
677 682 681 
677 678 682 
678 683 682 
678 679 683 
680 681 684 
681 685 684 
681 682 685 
682 686 685 
682 683 686 
684 685 687 
685 688 687 
685 686 688 
687 688 689 
690 691 695 
691 696 695 
691 692 696 
692 697 696 
692 693 697 
693 698 697 
693 694 698 
695 696 699 
696 700 699 
696 697 700 
697 701 700 
697 698 701 
699 700 702 
700 703 702 
700 701 703 
702 703 704 
705 706 710 
706 711 710 
706 707 711 
707 712 711 
707 708 712 
708 713 712 
708 709 713 
710 711 714 
711 715 714 
711 712 715 
712 716 715 
712 713 716 
714 715 717 
715 718 717 
715 716 718 
717 718 719 
720 721 725 
721 726 725 
721 722 726 
722 727 726 
722 723 727 
723 728 727 
723 724 728 
725 726 729 
726 730 729 
726 727 730 
727 731 730 
727 728 731 
729 730 732 
730 733 732 
730 731 733 
732 733 734 
735 736 740 
736 741 740 
736 737 741 
737 742 741 
737 738 742 
738 743 742 
738 739 743 
740 741 744 
741 745 744 
741 742 745 
742 746 745 
742 743 746 
744 745 747 
745 748 747 
745 746 748 
747 748 749 
750 751 755 
751 756 755 
751 752 756 
752 757 756 
752 753 757 
753 758 757 
753 754 758 
755 756 759 
756 760 759 
756 757 760 
757 761 760 
757 758 761 
759 760 762 
760 763 762 
760 761 763 
762 763 764 
765 766 770 
766 771 770 
766 767 771 
767 772 771 
767 768 772 
768 773 772 
768 769 773 
770 771 774 
771 775 774 
771 772 775 
772 776 775 
772 773 776 
774 775 777 
775 778 777 
775 776 778 
777 778 779 
780 781 785 
781 786 785 
781 782 786 
782 787 786 
782 783 787 
783 788 787 
783 784 788 
785 786 789 
786 790 789 
786 787 790 
787 791 790 
787 788 791 
789 790 792 
790 793 792 
790 791 793 
792 793 794 
795 796 800 
796 801 800 
796 797 801 
797 802 801 
797 798 802 
798 803 802 
798 799 803 
800 801 804 
801 805 804 
801 802 805 
802 806 805 
802 803 806 
804 805 807 
805 808 807 
805 806 808 
807 808 809 
810 811 815 
811 816 815 
811 812 816 
812 817 816 
812 813 817 
813 818 817 
813 814 818 
815 816 819 
816 820 819 
816 817 820 
817 821 820 
817 818 821 
819 820 822 
820 823 822 
820 821 823 
822 823 824 
825 826 830 
826 831 830 
826 827 831 
827 832 831 
827 828 832 
828 833 832 
828 829 833 
830 831 834 
831 835 834 
831 832 835 
832 836 835 
832 833 836 
834 835 837 
835 838 837 
835 836 838 
837 838 839 
840 841 845 
841 846 845 
841 842 846 
842 847 846 
842 843 847 
843 848 847 
843 844 848 
845 846 849 
846 850 849 
846 847 850 
847 851 850 
847 848 851 
849 850 852 
850 853 852 
850 851 853 
852 853 854 
855 856 860 
856 861 860 
856 857 861 
857 862 861 
857 858 862 
858 863 862 
858 859 863 
860 861 864 
861 865 864 
861 862 865 
862 866 865 
862 863 866 
864 865 867 
865 868 867 
865 866 868 
867 868 869 
870 871 875 
871 876 875 
871 872 876 
872 877 876 
872 873 877 
873 878 877 
873 874 878 
875 876 879 
876 880 879 
876 877 880 
877 881 880 
877 878 881 
879 880 882 
880 883 882 
880 881 883 
882 883 884 
885 886 890 
886 891 890 
886 887 891 
887 892 891 
887 888 892 
888 893 892 
888 889 893 
890 891 894 
891 895 894 
891 892 895 
892 896 895 
892 893 896 
894 895 897 
895 898 897 
895 896 898 
897 898 899 
900 901 905 
901 906 905 
901 902 906 
902 907 906 
902 903 907 
903 908 907 
903 904 908 
905 906 909 
906 910 909 
906 907 910 
907 911 910 
907 908 911 
909 910 912 
910 913 912 
910 911 913 
912 913 914 
915 916 920 
916 921 920 
916 917 921 
917 922 921 
917 918 922 
918 923 922 
918 919 923 
920 921 924 
921 925 924 
921 922 925 
922 926 925 
922 923 926 
924 925 927 
925 928 927 
925 926 928 
927 928 929 
930 931 935 
931 936 935 
931 932 936 
932 937 936 
932 933 937 
933 938 937 
933 934 938 
935 936 939 
936 940 939 
936 937 940 
937 941 940 
937 938 941 
939 940 942 
940 943 942 
940 941 943 
942 943 944 
945 946 950 
946 951 950 
946 947 951 
947 952 951 
947 948 952 
948 953 952 
948 949 953 
950 951 954 
951 955 954 
951 952 955 
952 956 955 
952 953 956 
954 955 957 
955 958 957 
955 956 958 
957 958 959 
960 961 965 
961 966 965 
961 962 966 
962 967 966 
962 963 967 
963 968 967 
963 964 968 
965 966 969 
966 970 969 
966 967 970 
967 971 970 
967 968 971 
969 970 972 
970 973 972 
970 971 973 
972 973 974 
975 976 980 
976 981 980 
976 977 981 
977 982 981 
977 978 982 
978 983 982 
978 979 983 
980 981 984 
981 985 984 
981 982 985 
982 986 985 
982 983 986 
984 985 987 
985 988 987 
985 986 988 
987 988 989 
990 991 995 
991 996 995 
991 992 996 
992 997 996 
992 993 997 
993 998 997 
993 994 998 
995 996 999 
996 1000 999 
996 997 1000 
997 1001 1000 
997 998 1001 
999 1000 1002 
1000 1003 1002 
1000 1001 1003 
1002 1003 1004 
1005 1006 1010 
1006 1011 1010 
1006 1007 1011 
1007 1012 1011 
1007 1008 1012 
1008 1013 1012 
1008 1009 1013 
1010 1011 1014 
1011 1015 1014 
1011 1012 1015 
1012 1016 1015 
1012 1013 1016 
1014 1015 1017 
1015 1018 1017 
1015 1016 1018 
1017 1018 1019 
1020 1021 1025 
1021 1026 1025 
1021 1022 1026 
1022 1027 1026 
1022 1023 1027 
1023 1028 1027 
1023 1024 1028 
1025 1026 1029 
1026 1030 1029 
1026 1027 1030 
1027 1031 1030 
1027 1028 1031 
1029 1030 1032 
1030 1033 1032 
1030 1031 1033 
1032 1033 1034 
1035 1036 1040 
1036 1041 1040 
1036 1037 1041 
1037 1042 1041 
1037 1038 1042 
1038 1043 1042 
1038 1039 1043 
1040 1041 1044 
1041 1045 1044 
1041 1042 1045 
1042 1046 1045 
1042 1043 1046 
1044 1045 1047 
1045 1048 1047 
1045 1046 1048 
1047 1048 1049 
1050 1051 1055 
1051 1056 1055 
1051 1052 1056 
1052 1057 1056 
1052 1053 1057 
1053 1058 1057 
1053 1054 1058 
1055 1056 1059 
1056 1060 1059 
1056 1057 1060 
1057 1061 1060 
1057 1058 1061 
1059 1060 1062 
1060 1063 1062 
1060 1061 1063 
1062 1063 1064 
1065 1066 1070 
1066 1071 1070 
1066 1067 1071 
1067 1072 1071 
1067 1068 1072 
1068 1073 1072 
1068 1069 1073 
1070 1071 1074 
1071 1075 1074 
1071 1072 1075 
1072 1076 1075 
1072 1073 1076 
1074 1075 1077 
1075 1078 1077 
1075 1076 1078 
1077 1078 1079 
1080 1081 1085 
1081 1086 1085 
1081 1082 1086 
1082 1087 1086 
1082 1083 1087 
1083 1088 1087 
1083 1084 1088 
1085 1086 1089 
1086 1090 1089 
1086 1087 1090 
1087 1091 1090 
1087 1088 1091 
1089 1090 1092 
1090 1093 1092 
1090 1091 1093 
1092 1093 1094 
1095 1096 1100 
1096 1101 1100 
1096 1097 1101 
1097 1102 1101 
1097 1098 1102 
1098 1103 1102 
1098 1099 1103 
1100 1101 1104 
1101 1105 1104 
1101 1102 1105 
1102 1106 1105 
1102 1103 1106 
1104 1105 1107 
1105 1108 1107 
1105 1106 1108 
1107 1108 1109 
1110 1111 1115 
1111 1116 1115 
1111 1112 1116 
1112 1117 1116 
1112 1113 1117 
1113 1118 1117 
1113 1114 1118 
1115 1116 1119 
1116 1120 1119 
1116 1117 1120 
1117 1121 1120 
1117 1118 1121 
1119 1120 1122 
1120 1123 1122 
1120 1121 1123 
1122 1123 1124 
1125 1126 1130 
1126 1131 1130 
1126 1127 1131 
1127 1132 1131 
1127 1128 1132 
1128 1133 1132 
1128 1129 1133 
1130 1131 1134 
1131 1135 1134 
1131 1132 1135 
1132 1136 1135 
1132 1133 1136 
1134 1135 1137 
1135 1138 1137 
1135 1136 1138 
1137 1138 1139 
1140 1141 1145 
1141 1146 1145 
1141 1142 1146 
1142 1147 1146 
1142 1143 1147 
1143 1148 1147 
1143 1144 1148 
1145 1146 1149 
1146 1150 1149 
1146 1147 1150 
1147 1151 1150 
1147 1148 1151 
1149 1150 1152 
1150 1153 1152 
1150 1151 1153 
1152 1153 1154 
1155 1156 1160 
1156 1161 1160 
1156 1157 1161 
1157 1162 1161 
1157 1158 1162 
1158 1163 1162 
1158 1159 1163 
1160 1161 1164 
1161 1165 1164 
1161 1162 1165 
1162 1166 1165 
1162 1163 1166 
1164 1165 1167 
1165 1168 1167 
1165 1166 1168 
1167 1168 1169 
1170 1171 1175 
1171 1176 1175 
1171 1172 1176 
1172 1177 1176 
1172 1173 1177 
1173 1178 1177 
1173 1174 1178 
1175 1176 1179 
1176 1180 1179 
1176 1177 1180 
1177 1181 1180 
1177 1178 1181 
1179 1180 1182 
1180 1183 1182 
1180 1181 1183 
1182 1183 1184 
1185 1186 1190 
1186 1191 1190 
1186 1187 1191 
1187 1192 1191 
1187 1188 1192 
1188 1193 1192 
1188 1189 1193 
1190 1191 1194 
1191 1195 1194 
1191 1192 1195 
1192 1196 1195 
1192 1193 1196 
1194 1195 1197 
1195 1198 1197 
1195 1196 1198 
1197 1198 1199 
1200 1201 1205 
1201 1206 1205 
1201 1202 1206 
1202 1207 1206 
1202 1203 1207 
1203 1208 1207 
1203 1204 1208 
1205 1206 1209 
1206 1210 1209 
1206 1207 1210 
1207 1211 1210 
1207 1208 1211 
1209 1210 1212 
1210 1213 1212 
1210 1211 1213 
1212 1213 1214 
1215 1216 1220 
1216 1221 1220 
1216 1217 1221 
1217 1222 1221 
1217 1218 1222 
1218 1223 1222 
1218 1219 1223 
1220 1221 1224 
1221 1225 1224 
1221 1222 1225 
1222 1226 1225 
1222 1223 1226 
1224 1225 1227 
1225 1228 1227 
1225 1226 1228 
1227 1228 1229 
1230 1231 1235 
1231 1236 1235 
1231 1232 1236 
1232 1237 1236 
1232 1233 1237 
1233 1238 1237 
1233 1234 1238 
1235 1236 1239 
1236 1240 1239 
1236 1237 1240 
1237 1241 1240 
1237 1238 1241 
1239 1240 1242 
1240 1243 1242 
1240 1241 1243 
1242 1243 1244 
1245 1246 1250 
1246 1251 1250 
1246 1247 1251 
1247 1252 1251 
1247 1248 1252 
1248 1253 1252 
1248 1249 1253 
1250 1251 1254 
1251 1255 1254 
1251 1252 1255 
1252 1256 1255 
1252 1253 1256 
1254 1255 1257 
1255 1258 1257 
1255 1256 1258 
1257 1258 1259 
1260 1261 1265 
1261 1266 1265 
1261 1262 1266 
1262 1267 1266 
1262 1263 1267 
1263 1268 1267 
1263 1264 1268 
1265 1266 1269 
1266 1270 1269 
1266 1267 1270 
1267 1271 1270 
1267 1268 1271 
1269 1270 1272 
1270 1273 1272 
1270 1271 1273 
1272 1273 1274 
1275 1276 1280 
1276 1281 1280 
1276 1277 1281 
1277 1282 1281 
1277 1278 1282 
1278 1283 1282 
1278 1279 1283 
1280 1281 1284 
1281 1285 1284 
1281 1282 1285 
1282 1286 1285 
1282 1283 1286 
1284 1285 1287 
1285 1288 1287 
1285 1286 1288 
1287 1288 1289 
1290 1291 1295 
1291 1296 1295 
1291 1292 1296 
1292 1297 1296 
1292 1293 1297 
1293 1298 1297 
1293 1294 1298 
1295 1296 1299 
1296 1300 1299 
1296 1297 1300 
1297 1301 1300 
1297 1298 1301 
1299 1300 1302 
1300 1303 1302 
1300 1301 1303 
1302 1303 1304 
1305 1306 1310 
1306 1311 1310 
1306 1307 1311 
1307 1312 1311 
1307 1308 1312 
1308 1313 1312 
1308 1309 1313 
1310 1311 1314 
1311 1315 1314 
1311 1312 1315 
1312 1316 1315 
1312 1313 1316 
1314 1315 1317 
1315 1318 1317 
1315 1316 1318 
1317 1318 1319 
1320 1321 1325 
1321 1326 1325 
1321 1322 1326 
1322 1327 1326 
1322 1323 1327 
1323 1328 1327 
1323 1324 1328 
1325 1326 1329 
1326 1330 1329 
1326 1327 1330 
1327 1331 1330 
1327 1328 1331 
1329 1330 1332 
1330 1333 1332 
1330 1331 1333 
1332 1333 1334 
1335 1336 1340 
1336 1341 1340 
1336 1337 1341 
1337 1342 1341 
1337 1338 1342 
1338 1343 1342 
1338 1339 1343 
1340 1341 1344 
1341 1345 1344 
1341 1342 1345 
1342 1346 1345 
1342 1343 1346 
1344 1345 1347 
1345 1348 1347 
1345 1346 1348 
1347 1348 1349 
1350 1351 1355 
1351 1356 1355 
1351 1352 1356 
1352 1357 1356 
1352 1353 1357 
1353 1358 1357 
1353 1354 1358 
1355 1356 1359 
1356 1360 1359 
1356 1357 1360 
1357 1361 1360 
1357 1358 1361 
1359 1360 1362 
1360 1363 1362 
1360 1361 1363 
1362 1363 1364 
1365 1366 1370 
1366 1371 1370 
1366 1367 1371 
1367 1372 1371 
1367 1368 1372 
1368 1373 1372 
1368 1369 1373 
1370 1371 1374 
1371 1375 1374 
1371 1372 1375 
1372 1376 1375 
1372 1373 1376 
1374 1375 1377 
1375 1378 1377 
1375 1376 1378 
1377 1378 1379 
1380 1381 1385 
1381 1386 1385 
1381 1382 1386 
1382 1387 1386 
1382 1383 1387 
1383 1388 1387 
1383 1384 1388 
1385 1386 1389 
1386 1390 1389 
1386 1387 1390 
1387 1391 1390 
1387 1388 1391 
1389 1390 1392 
1390 1393 1392 
1390 1391 1393 
1392 1393 1394 
1395 1396 1400 
1396 1401 1400 
1396 1397 1401 
1397 1402 1401 
1397 1398 1402 
1398 1403 1402 
1398 1399 1403 
1400 1401 1404 
1401 1405 1404 
1401 1402 1405 
1402 1406 1405 
1402 1403 1406 
1404 1405 1407 
1405 1408 1407 
1405 1406 1408 
1407 1408 1409 
1410 1411 1415 
1411 1416 1415 
1411 1412 1416 
1412 1417 1416 
1412 1413 1417 
1413 1418 1417 
1413 1414 1418 
1415 1416 1419 
1416 1420 1419 
1416 1417 1420 
1417 1421 1420 
1417 1418 1421 
1419 1420 1422 
1420 1423 1422 
1420 1421 1423 
1422 1423 1424 
1425 1426 1430 
1426 1431 1430 
1426 1427 1431 
1427 1432 1431 
1427 1428 1432 
1428 1433 1432 
1428 1429 1433 
1430 1431 1434 
1431 1435 1434 
1431 1432 1435 
1432 1436 1435 
1432 1433 1436 
1434 1435 1437 
1435 1438 1437 
1435 1436 1438 
1437 1438 1439 
1440 1441 1445 
1441 1446 1445 
1441 1442 1446 
1442 1447 1446 
1442 1443 1447 
1443 1448 1447 
1443 1444 1448 
1445 1446 1449 
1446 1450 1449 
1446 1447 1450 
1447 1451 1450 
1447 1448 1451 
1449 1450 1452 
1450 1453 1452 
1450 1451 1453 
1452 1453 1454 
1455 1456 1460 
1456 1461 1460 
1456 1457 1461 
1457 1462 1461 
1457 1458 1462 
1458 1463 1462 
1458 1459 1463 
1460 1461 1464 
1461 1465 1464 
1461 1462 1465 
1462 1466 1465 
1462 1463 1466 
1464 1465 1467 
1465 1468 1467 
1465 1466 1468 
1467 1468 1469 
1470 1471 1475 
1471 1476 1475 
1471 1472 1476 
1472 1477 1476 
1472 1473 1477 
1473 1478 1477 
1473 1474 1478 
1475 1476 1479 
1476 1480 1479 
1476 1477 1480 
1477 1481 1480 
1477 1478 1481 
1479 1480 1482 
1480 1483 1482 
1480 1481 1483 
1482 1483 1484 
1485 1486 1490 
1486 1491 1490 
1486 1487 1491 
1487 1492 1491 
1487 1488 1492 
1488 1493 1492 
1488 1489 1493 
1490 1491 1494 
1491 1495 1494 
1491 1492 1495 
1492 1496 1495 
1492 1493 1496 
1494 1495 1497 
1495 1498 1497 
1495 1496 1498 
1497 1498 1499 
1500 1501 1505 
1501 1506 1505 
1501 1502 1506 
1502 1507 1506 
1502 1503 1507 
1503 1508 1507 
1503 1504 1508 
1505 1506 1509 
1506 1510 1509 
1506 1507 1510 
1507 1511 1510 
1507 1508 1511 
1509 1510 1512 
1510 1513 1512 
1510 1511 1513 
1512 1513 1514 
1515 1516 1520 
1516 1521 1520 
1516 1517 1521 
1517 1522 1521 
1517 1518 1522 
1518 1523 1522 
1518 1519 1523 
1520 1521 1524 
1521 1525 1524 
1521 1522 1525 
1522 1526 1525 
1522 1523 1526 
1524 1525 1527 
1525 1528 1527 
1525 1526 1528 
1527 1528 1529 
1530 1531 1535 
1531 1536 1535 
1531 1532 1536 
1532 1537 1536 
1532 1533 1537 
1533 1538 1537 
1533 1534 1538 
1535 1536 1539 
1536 1540 1539 
1536 1537 1540 
1537 1541 1540 
1537 1538 1541 
1539 1540 1542 
1540 1543 1542 
1540 1541 1543 
1542 1543 1544 
1545 1546 1550 
1546 1551 1550 
1546 1547 1551 
1547 1552 1551 
1547 1548 1552 
1548 1553 1552 
1548 1549 1553 
1550 1551 1554 
1551 1555 1554 
1551 1552 1555 
1552 1556 1555 
1552 1553 1556 
1554 1555 1557 
1555 1558 1557 
1555 1556 1558 
1557 1558 1559 
1560 1561 1565 
1561 1566 1565 
1561 1562 1566 
1562 1567 1566 
1562 1563 1567 
1563 1568 1567 
1563 1564 1568 
1565 1566 1569 
1566 1570 1569 
1566 1567 1570 
1567 1571 1570 
1567 1568 1571 
1569 1570 1572 
1570 1573 1572 
1570 1571 1573 
1572 1573 1574 
1575 1576 1580 
1576 1581 1580 
1576 1577 1581 
1577 1582 1581 
1577 1578 1582 
1578 1583 1582 
1578 1579 1583 
1580 1581 1584 
1581 1585 1584 
1581 1582 1585 
1582 1586 1585 
1582 1583 1586 
1584 1585 1587 
1585 1588 1587 
1585 1586 1588 
1587 1588 1589 
1590 1591 1595 
1591 1596 1595 
1591 1592 1596 
1592 1597 1596 
1592 1593 1597 
1593 1598 1597 
1593 1594 1598 
1595 1596 1599 
1596 1600 1599 
1596 1597 1600 
1597 1601 1600 
1597 1598 1601 
1599 1600 1602 
1600 1603 1602 
1600 1601 1603 
1602 1603 1604 
1605 1606 1610 
1606 1611 1610 
1606 1607 1611 
1607 1612 1611 
1607 1608 1612 
1608 1613 1612 
1608 1609 1613 
1610 1611 1614 
1611 1615 1614 
1611 1612 1615 
1612 1616 1615 
1612 1613 1616 
1614 1615 1617 
1615 1618 1617 
1615 1616 1618 
1617 1618 1619 
1620 1621 1625 
1621 1626 1625 
1621 1622 1626 
1622 1627 1626 
1622 1623 1627 
1623 1628 1627 
1623 1624 1628 
1625 1626 1629 
1626 1630 1629 
1626 1627 1630 
1627 1631 1630 
1627 1628 1631 
1629 1630 1632 
1630 1633 1632 
1630 1631 1633 
1632 1633 1634 
1635 1636 1640 
1636 1641 1640 
1636 1637 1641 
1637 1642 1641 
1637 1638 1642 
1638 1643 1642 
1638 1639 1643 
1640 1641 1644 
1641 1645 1644 
1641 1642 1645 
1642 1646 1645 
1642 1643 1646 
1644 1645 1647 
1645 1648 1647 
1645 1646 1648 
1647 1648 1649 
1650 1651 1655 
1651 1656 1655 
1651 1652 1656 
1652 1657 1656 
1652 1653 1657 
1653 1658 1657 
1653 1654 1658 
1655 1656 1659 
1656 1660 1659 
1656 1657 1660 
1657 1661 1660 
1657 1658 1661 
1659 1660 1662 
1660 1663 1662 
1660 1661 1663 
1662 1663 1664 
1665 1666 1670 
1666 1671 1670 
1666 1667 1671 
1667 1672 1671 
1667 1668 1672 
1668 1673 1672 
1668 1669 1673 
1670 1671 1674 
1671 1675 1674 
1671 1672 1675 
1672 1676 1675 
1672 1673 1676 
1674 1675 1677 
1675 1678 1677 
1675 1676 1678 
1677 1678 1679 
1680 1681 1685 
1681 1686 1685 
1681 1682 1686 
1682 1687 1686 
1682 1683 1687 
1683 1688 1687 
1683 1684 1688 
1685 1686 1689 
1686 1690 1689 
1686 1687 1690 
1687 1691 1690 
1687 1688 1691 
1689 1690 1692 
1690 1693 1692 
1690 1691 1693 
1692 1693 1694 
1695 1696 1700 
1696 1701 1700 
1696 1697 1701 
1697 1702 1701 
1697 1698 1702 
1698 1703 1702 
1698 1699 1703 
1700 1701 1704 
1701 1705 1704 
1701 1702 1705 
1702 1706 1705 
1702 1703 1706 
1704 1705 1707 
1705 1708 1707 
1705 1706 1708 
1707 1708 1709 
1710 1711 1715 
1711 1716 1715 
1711 1712 1716 
1712 1717 1716 
1712 1713 1717 
1713 1718 1717 
1713 1714 1718 
1715 1716 1719 
1716 1720 1719 
1716 1717 1720 
1717 1721 1720 
1717 1718 1721 
1719 1720 1722 
1720 1723 1722 
1720 1721 1723 
1722 1723 1724 
1725 1726 1730 
1726 1731 1730 
1726 1727 1731 
1727 1732 1731 
1727 1728 1732 
1728 1733 1732 
1728 1729 1733 
1730 1731 1734 
1731 1735 1734 
1731 1732 1735 
1732 1736 1735 
1732 1733 1736 
1734 1735 1737 
1735 1738 1737 
1735 1736 1738 
1737 1738 1739 
1740 1741 1745 
1741 1746 1745 
1741 1742 1746 
1742 1747 1746 
1742 1743 1747 
1743 1748 1747 
1743 1744 1748 
1745 1746 1749 
1746 1750 1749 
1746 1747 1750 
1747 1751 1750 
1747 1748 1751 
1749 1750 1752 
1750 1753 1752 
1750 1751 1753 
1752 1753 1754 
1755 1756 1760 
1756 1761 1760 
1756 1757 1761 
1757 1762 1761 
1757 1758 1762 
1758 1763 1762 
1758 1759 1763 
1760 1761 1764 
1761 1765 1764 
1761 1762 1765 
1762 1766 1765 
1762 1763 1766 
1764 1765 1767 
1765 1768 1767 
1765 1766 1768 
1767 1768 1769 
1770 1771 1775 
1771 1776 1775 
1771 1772 1776 
1772 1777 1776 
1772 1773 1777 
1773 1778 1777 
1773 1774 1778 
1775 1776 1779 
1776 1780 1779 
1776 1777 1780 
1777 1781 1780 
1777 1778 1781 
1779 1780 1782 
1780 1783 1782 
1780 1781 1783 
1782 1783 1784 
1785 1786 1790 
1786 1791 1790 
1786 1787 1791 
1787 1792 1791 
1787 1788 1792 
1788 1793 1792 
1788 1789 1793 
1790 1791 1794 
1791 1795 1794 
1791 1792 1795 
1792 1796 1795 
1792 1793 1796 
1794 1795 1797 
1795 1798 1797 
1795 1796 1798 
1797 1798 1799 
1800 1801 1805 
1801 1806 1805 
1801 1802 1806 
1802 1807 1806 
1802 1803 1807 
1803 1808 1807 
1803 1804 1808 
1805 1806 1809 
1806 1810 1809 
1806 1807 1810 
1807 1811 1810 
1807 1808 1811 
1809 1810 1812 
1810 1813 1812 
1810 1811 1813 
1812 1813 1814 
1815 1816 1820 
1816 1821 1820 
1816 1817 1821 
1817 1822 1821 
1817 1818 1822 
1818 1823 1822 
1818 1819 1823 
1820 1821 1824 
1821 1825 1824 
1821 1822 1825 
1822 1826 1825 
1822 1823 1826 
1824 1825 1827 
1825 1828 1827 
1825 1826 1828 
1827 1828 1829 
1830 1831 1835 
1831 1836 1835 
1831 1832 1836 
1832 1837 1836 
1832 1833 1837 
1833 1838 1837 
1833 1834 1838 
1835 1836 1839 
1836 1840 1839 
1836 1837 1840 
1837 1841 1840 
1837 1838 1841 
1839 1840 1842 
1840 1843 1842 
1840 1841 1843 
1842 1843 1844 
1845 1846 1850 
1846 1851 1850 
1846 1847 1851 
1847 1852 1851 
1847 1848 1852 
1848 1853 1852 
1848 1849 1853 
1850 1851 1854 
1851 1855 1854 
1851 1852 1855 
1852 1856 1855 
1852 1853 1856 
1854 1855 1857 
1855 1858 1857 
1855 1856 1858 
1857 1858 1859 
1860 1861 1865 
1861 1866 1865 
1861 1862 1866 
1862 1867 1866 
1862 1863 1867 
1863 1868 1867 
1863 1864 1868 
1865 1866 1869 
1866 1870 1869 
1866 1867 1870 
1867 1871 1870 
1867 1868 1871 
1869 1870 1872 
1870 1873 1872 
1870 1871 1873 
1872 1873 1874 
1875 1876 1880 
1876 1881 1880 
1876 1877 1881 
1877 1882 1881 
1877 1878 1882 
1878 1883 1882 
1878 1879 1883 
1880 1881 1884 
1881 1885 1884 
1881 1882 1885 
1882 1886 1885 
1882 1883 1886 
1884 1885 1887 
1885 1888 1887 
1885 1886 1888 
1887 1888 1889 
1890 1891 1895 
1891 1896 1895 
1891 1892 1896 
1892 1897 1896 
1892 1893 1897 
1893 1898 1897 
1893 1894 1898 
1895 1896 1899 
1896 1900 1899 
1896 1897 1900 
1897 1901 1900 
1897 1898 1901 
1899 1900 1902 
1900 1903 1902 
1900 1901 1903 
1902 1903 1904 
1905 1906 1910 
1906 1911 1910 
1906 1907 1911 
1907 1912 1911 
1907 1908 1912 
1908 1913 1912 
1908 1909 1913 
1910 1911 1914 
1911 1915 1914 
1911 1912 1915 
1912 1916 1915 
1912 1913 1916 
1914 1915 1917 
1915 1918 1917 
1915 1916 1918 
1917 1918 1919 
1920 1921 1925 
1921 1926 1925 
1921 1922 1926 
1922 1927 1926 
1922 1923 1927 
1923 1928 1927 
1923 1924 1928 
1925 1926 1929 
1926 1930 1929 
1926 1927 1930 
1927 1931 1930 
1927 1928 1931 
1929 1930 1932 
1930 1933 1932 
1930 1931 1933 
1932 1933 1934 
1935 1936 1940 
1936 1941 1940 
1936 1937 1941 
1937 1942 1941 
1937 1938 1942 
1938 1943 1942 
1938 1939 1943 
1940 1941 1944 
1941 1945 1944 
1941 1942 1945 
1942 1946 1945 
1942 1943 1946 
1944 1945 1947 
1945 1948 1947 
1945 1946 1948 
1947 1948 1949 
1950 1951 1955 
1951 1956 1955 
1951 1952 1956 
1952 1957 1956 
1952 1953 1957 
1953 1958 1957 
1953 1954 1958 
1955 1956 1959 
1956 1960 1959 
1956 1957 1960 
1957 1961 1960 
1957 1958 1961 
1959 1960 1962 
1960 1963 1962 
1960 1961 1963 
1962 1963 1964 
1965 1966 1970 
1966 1971 1970 
1966 1967 1971 
1967 1972 1971 
1967 1968 1972 
1968 1973 1972 
1968 1969 1973 
1970 1971 1974 
1971 1975 1974 
1971 1972 1975 
1972 1976 1975 
1972 1973 1976 
1974 1975 1977 
1975 1978 1977 
1975 1976 1978 
1977 1978 1979 
1980 1981 1985 
1981 1986 1985 
1981 1982 1986 
1982 1987 1986 
1982 1983 1987 
1983 1988 1987 
1983 1984 1988 
1985 1986 1989 
1986 1990 1989 
1986 1987 1990 
1987 1991 1990 
1987 1988 1991 
1989 1990 1992 
1990 1993 1992 
1990 1991 1993 
1992 1993 1994 
1995 1996 2000 
1996 2001 2000 
1996 1997 2001 
1997 2002 2001 
1997 1998 2002 
1998 2003 2002 
1998 1999 2003 
2000 2001 2004 
2001 2005 2004 
2001 2002 2005 
2002 2006 2005 
2002 2003 2006 
2004 2005 2007 
2005 2008 2007 
2005 2006 2008 
2007 2008 2009 
2010 2011 2015 
2011 2016 2015 
2011 2012 2016 
2012 2017 2016 
2012 2013 2017 
2013 2018 2017 
2013 2014 2018 
2015 2016 2019 
2016 2020 2019 
2016 2017 2020 
2017 2021 2020 
2017 2018 2021 
2019 2020 2022 
2020 2023 2022 
2020 2021 2023 
2022 2023 2024 
2025 2026 2030 
2026 2031 2030 
2026 2027 2031 
2027 2032 2031 
2027 2028 2032 
2028 2033 2032 
2028 2029 2033 
2030 2031 2034 
2031 2035 2034 
2031 2032 2035 
2032 2036 2035 
2032 2033 2036 
2034 2035 2037 
2035 2038 2037 
2035 2036 2038 
2037 2038 2039 
2040 2041 2045 
2041 2046 2045 
2041 2042 2046 
2042 2047 2046 
2042 2043 2047 
2043 2048 2047 
2043 2044 2048 
2045 2046 2049 
2046 2050 2049 
2046 2047 2050 
2047 2051 2050 
2047 2048 2051 
2049 2050 2052 
2050 2053 2052 
2050 2051 2053 
2052 2053 2054 
2055 2056 2060 
2056 2061 2060 
2056 2057 2061 
2057 2062 2061 
2057 2058 2062 
2058 2063 2062 
2058 2059 2063 
2060 2061 2064 
2061 2065 2064 
2061 2062 2065 
2062 2066 2065 
2062 2063 2066 
2064 2065 2067 
2065 2068 2067 
2065 2066 2068 
2067 2068 2069 
2070 2071 2075 
2071 2076 2075 
2071 2072 2076 
2072 2077 2076 
2072 2073 2077 
2073 2078 2077 
2073 2074 2078 
2075 2076 2079 
2076 2080 2079 
2076 2077 2080 
2077 2081 2080 
2077 2078 2081 
2079 2080 2082 
2080 2083 2082 
2080 2081 2083 
2082 2083 2084 
2085 2086 2090 
2086 2091 2090 
2086 2087 2091 
2087 2092 2091 
2087 2088 2092 
2088 2093 2092 
2088 2089 2093 
2090 2091 2094 
2091 2095 2094 
2091 2092 2095 
2092 2096 2095 
2092 2093 2096 
2094 2095 2097 
2095 2098 2097 
2095 2096 2098 
2097 2098 2099 
2100 2101 2105 
2101 2106 2105 
2101 2102 2106 
2102 2107 2106 
2102 2103 2107 
2103 2108 2107 
2103 2104 2108 
2105 2106 2109 
2106 2110 2109 
2106 2107 2110 
2107 2111 2110 
2107 2108 2111 
2109 2110 2112 
2110 2113 2112 
2110 2111 2113 
2112 2113 2114 
2115 2116 2120 
2116 2121 2120 
2116 2117 2121 
2117 2122 2121 
2117 2118 2122 
2118 2123 2122 
2118 2119 2123 
2120 2121 2124 
2121 2125 2124 
2121 2122 2125 
2122 2126 2125 
2122 2123 2126 
2124 2125 2127 
2125 2128 2127 
2125 2126 2128 
2127 2128 2129 
2130 2131 2135 
2131 2136 2135 
2131 2132 2136 
2132 2137 2136 
2132 2133 2137 
2133 2138 2137 
2133 2134 2138 
2135 2136 2139 
2136 2140 2139 
2136 2137 2140 
2137 2141 2140 
2137 2138 2141 
2139 2140 2142 
2140 2143 2142 
2140 2141 2143 
2142 2143 2144 
2145 2146 2150 
2146 2151 2150 
2146 2147 2151 
2147 2152 2151 
2147 2148 2152 
2148 2153 2152 
2148 2149 2153 
2150 2151 2154 
2151 2155 2154 
2151 2152 2155 
2152 2156 2155 
2152 2153 2156 
2154 2155 2157 
2155 2158 2157 
2155 2156 2158 
2157 2158 2159 
2160 2161 2165 
2161 2166 2165 
2161 2162 2166 
2162 2167 2166 
2162 2163 2167 
2163 2168 2167 
2163 2164 2168 
2165 2166 2169 
2166 2170 2169 
2166 2167 2170 
2167 2171 2170 
2167 2168 2171 
2169 2170 2172 
2170 2173 2172 
2170 2171 2173 
2172 2173 2174 
2175 2176 2180 
2176 2181 2180 
2176 2177 2181 
2177 2182 2181 
2177 2178 2182 
2178 2183 2182 
2178 2179 2183 
2180 2181 2184 
2181 2185 2184 
2181 2182 2185 
2182 2186 2185 
2182 2183 2186 
2184 2185 2187 
2185 2188 2187 
2185 2186 2188 
2187 2188 2189 
2190 2191 2195 
2191 2196 2195 
2191 2192 2196 
2192 2197 2196 
2192 2193 2197 
2193 2198 2197 
2193 2194 2198 
2195 2196 2199 
2196 2200 2199 
2196 2197 2200 
2197 2201 2200 
2197 2198 2201 
2199 2200 2202 
2200 2203 2202 
2200 2201 2203 
2202 2203 2204 
2205 2206 2210 
2206 2211 2210 
2206 2207 2211 
2207 2212 2211 
2207 2208 2212 
2208 2213 2212 
2208 2209 2213 
2210 2211 2214 
2211 2215 2214 
2211 2212 2215 
2212 2216 2215 
2212 2213 2216 
2214 2215 2217 
2215 2218 2217 
2215 2216 2218 
2217 2218 2219 
2220 2221 2225 
2221 2226 2225 
2221 2222 2226 
2222 2227 2226 
2222 2223 2227 
2223 2228 2227 
2223 2224 2228 
2225 2226 2229 
2226 2230 2229 
2226 2227 2230 
2227 2231 2230 
2227 2228 2231 
2229 2230 2232 
2230 2233 2232 
2230 2231 2233 
2232 2233 2234 
2235 2236 2240 
2236 2241 2240 
2236 2237 2241 
2237 2242 2241 
2237 2238 2242 
2238 2243 2242 
2238 2239 2243 
2240 2241 2244 
2241 2245 2244 
2241 2242 2245 
2242 2246 2245 
2242 2243 2246 
2244 2245 2247 
2245 2248 2247 
2245 2246 2248 
2247 2248 2249 
2250 2251 2255 
2251 2256 2255 
2251 2252 2256 
2252 2257 2256 
2252 2253 2257 
2253 2258 2257 
2253 2254 2258 
2255 2256 2259 
2256 2260 2259 
2256 2257 2260 
2257 2261 2260 
2257 2258 2261 
2259 2260 2262 
2260 2263 2262 
2260 2261 2263 
2262 2263 2264 
2265 2266 2270 
2266 2271 2270 
2266 2267 2271 
2267 2272 2271 
2267 2268 2272 
2268 2273 2272 
2268 2269 2273 
2270 2271 2274 
2271 2275 2274 
2271 2272 2275 
2272 2276 2275 
2272 2273 2276 
2274 2275 2277 
2275 2278 2277 
2275 2276 2278 
2277 2278 2279 
2280 2281 2285 
2281 2286 2285 
2281 2282 2286 
2282 2287 2286 
2282 2283 2287 
2283 2288 2287 
2283 2284 2288 
2285 2286 2289 
2286 2290 2289 
2286 2287 2290 
2287 2291 2290 
2287 2288 2291 
2289 2290 2292 
2290 2293 2292 
2290 2291 2293 
2292 2293 2294 
2295 2296 2300 
2296 2301 2300 
2296 2297 2301 
2297 2302 2301 
2297 2298 2302 
2298 2303 2302 
2298 2299 2303 
2300 2301 2304 
2301 2305 2304 
2301 2302 2305 
2302 2306 2305 
2302 2303 2306 
2304 2305 2307 
2305 2308 2307 
2305 2306 2308 
2307 2308 2309 
2310 2311 2315 
2311 2316 2315 
2311 2312 2316 
2312 2317 2316 
2312 2313 2317 
2313 2318 2317 
2313 2314 2318 
2315 2316 2319 
2316 2320 2319 
2316 2317 2320 
2317 2321 2320 
2317 2318 2321 
2319 2320 2322 
2320 2323 2322 
2320 2321 2323 
2322 2323 2324 
2325 2326 2330 
2326 2331 2330 
2326 2327 2331 
2327 2332 2331 
2327 2328 2332 
2328 2333 2332 
2328 2329 2333 
2330 2331 2334 
2331 2335 2334 
2331 2332 2335 
2332 2336 2335 
2332 2333 2336 
2334 2335 2337 
2335 2338 2337 
2335 2336 2338 
2337 2338 2339 
2340 2341 2345 
2341 2346 2345 
2341 2342 2346 
2342 2347 2346 
2342 2343 2347 
2343 2348 2347 
2343 2344 2348 
2345 2346 2349 
2346 2350 2349 
2346 2347 2350 
2347 2351 2350 
2347 2348 2351 
2349 2350 2352 
2350 2353 2352 
2350 2351 2353 
2352 2353 2354 
2355 2356 2360 
2356 2361 2360 
2356 2357 2361 
2357 2362 2361 
2357 2358 2362 
2358 2363 2362 
2358 2359 2363 
2360 2361 2364 
2361 2365 2364 
2361 2362 2365 
2362 2366 2365 
2362 2363 2366 
2364 2365 2367 
2365 2368 2367 
2365 2366 2368 
2367 2368 2369 
2370 2371 2375 
2371 2376 2375 
2371 2372 2376 
2372 2377 2376 
2372 2373 2377 
2373 2378 2377 
2373 2374 2378 
2375 2376 2379 
2376 2380 2379 
2376 2377 2380 
2377 2381 2380 
2377 2378 2381 
2379 2380 2382 
2380 2383 2382 
2380 2381 2383 
2382 2383 2384 
2385 2386 2390 
2386 2391 2390 
2386 2387 2391 
2387 2392 2391 
2387 2388 2392 
2388 2393 2392 
2388 2389 2393 
2390 2391 2394 
2391 2395 2394 
2391 2392 2395 
2392 2396 2395 
2392 2393 2396 
2394 2395 2397 
2395 2398 2397 
2395 2396 2398 
2397 2398 2399 
2400 2401 2405 
2401 2406 2405 
2401 2402 2406 
2402 2407 2406 
2402 2403 2407 
2403 2408 2407 
2403 2404 2408 
2405 2406 2409 
2406 2410 2409 
2406 2407 2410 
2407 2411 2410 
2407 2408 2411 
2409 2410 2412 
2410 2413 2412 
2410 2411 2413 
2412 2413 2414 
2415 2416 2420 
2416 2421 2420 
2416 2417 2421 
2417 2422 2421 
2417 2418 2422 
2418 2423 2422 
2418 2419 2423 
2420 2421 2424 
2421 2425 2424 
2421 2422 2425 
2422 2426 2425 
2422 2423 2426 
2424 2425 2427 
2425 2428 2427 
2425 2426 2428 
2427 2428 2429 
2430 2431 2435 
2431 2436 2435 
2431 2432 2436 
2432 2437 2436 
2432 2433 2437 
2433 2438 2437 
2433 2434 2438 
2435 2436 2439 
2436 2440 2439 
2436 2437 2440 
2437 2441 2440 
2437 2438 2441 
2439 2440 2442 
2440 2443 2442 
2440 2441 2443 
2442 2443 2444 
2445 2446 2450 
2446 2451 2450 
2446 2447 2451 
2447 2452 2451 
2447 2448 2452 
2448 2453 2452 
2448 2449 2453 
2450 2451 2454 
2451 2455 2454 
2451 2452 2455 
2452 2456 2455 
2452 2453 2456 
2454 2455 2457 
2455 2458 2457 
2455 2456 2458 
2457 2458 2459 
2460 2461 2465 
2461 2466 2465 
2461 2462 2466 
2462 2467 2466 
2462 2463 2467 
2463 2468 2467 
2463 2464 2468 
2465 2466 2469 
2466 2470 2469 
2466 2467 2470 
2467 2471 2470 
2467 2468 2471 
2469 2470 2472 
2470 2473 2472 
2470 2471 2473 
2472 2473 2474 
2475 2476 2480 
2476 2481 2480 
2476 2477 2481 
2477 2482 2481 
2477 2478 2482 
2478 2483 2482 
2478 2479 2483 
2480 2481 2484 
2481 2485 2484 
2481 2482 2485 
2482 2486 2485 
2482 2483 2486 
2484 2485 2487 
2485 2488 2487 
2485 2486 2488 
2487 2488 2489 
2490 2491 2495 
2491 2496 2495 
2491 2492 2496 
2492 2497 2496 
2492 2493 2497 
2493 2498 2497 
2493 2494 2498 
2495 2496 2499 
2496 2500 2499 
2496 2497 2500 
2497 2501 2500 
2497 2498 2501 
2499 2500 2502 
2500 2503 2502 
2500 2501 2503 
2502 2503 2504 
2505 2506 2510 
2506 2511 2510 
2506 2507 2511 
2507 2512 2511 
2507 2508 2512 
2508 2513 2512 
2508 2509 2513 
2510 2511 2514 
2511 2515 2514 
2511 2512 2515 
2512 2516 2515 
2512 2513 2516 
2514 2515 2517 
2515 2518 2517 
2515 2516 2518 
2517 2518 2519 
2520 2521 2525 
2521 2526 2525 
2521 2522 2526 
2522 2527 2526 
2522 2523 2527 
2523 2528 2527 
2523 2524 2528 
2525 2526 2529 
2526 2530 2529 
2526 2527 2530 
2527 2531 2530 
2527 2528 2531 
2529 2530 2532 
2530 2533 2532 
2530 2531 2533 
2532 2533 2534 
2535 2536 2540 
2536 2541 2540 
2536 2537 2541 
2537 2542 2541 
2537 2538 2542 
2538 2543 2542 
2538 2539 2543 
2540 2541 2544 
2541 2545 2544 
2541 2542 2545 
2542 2546 2545 
2542 2543 2546 
2544 2545 2547 
2545 2548 2547 
2545 2546 2548 
2547 2548 2549 
2550 2551 2555 
2551 2556 2555 
2551 2552 2556 
2552 2557 2556 
2552 2553 2557 
2553 2558 2557 
2553 2554 2558 
2555 2556 2559 
2556 2560 2559 
2556 2557 2560 
2557 2561 2560 
2557 2558 2561 
2559 2560 2562 
2560 2563 2562 
2560 2561 2563 
2562 2563 2564 
2565 2566 2570 
2566 2571 2570 
2566 2567 2571 
2567 2572 2571 
2567 2568 2572 
2568 2573 2572 
2568 2569 2573 
2570 2571 2574 
2571 2575 2574 
2571 2572 2575 
2572 2576 2575 
2572 2573 2576 
2574 2575 2577 
2575 2578 2577 
2575 2576 2578 
2577 2578 2579 
2580 2581 2585 
2581 2586 2585 
2581 2582 2586 
2582 2587 2586 
2582 2583 2587 
2583 2588 2587 
2583 2584 2588 
2585 2586 2589 
2586 2590 2589 
2586 2587 2590 
2587 2591 2590 
2587 2588 2591 
2589 2590 2592 
2590 2593 2592 
2590 2591 2593 
2592 2593 2594 
2595 2596 2600 
2596 2601 2600 
2596 2597 2601 
2597 2602 2601 
2597 2598 2602 
2598 2603 2602 
2598 2599 2603 
2600 2601 2604 
2601 2605 2604 
2601 2602 2605 
2602 2606 2605 
2602 2603 2606 
2604 2605 2607 
2605 2608 2607 
2605 2606 2608 
2607 2608 2609 
2610 2611 2615 
2611 2616 2615 
2611 2612 2616 
2612 2617 2616 
2612 2613 2617 
2613 2618 2617 
2613 2614 2618 
2615 2616 2619 
2616 2620 2619 
2616 2617 2620 
2617 2621 2620 
2617 2618 2621 
2619 2620 2622 
2620 2623 2622 
2620 2621 2623 
2622 2623 2624 
2625 2626 2630 
2626 2631 2630 
2626 2627 2631 
2627 2632 2631 
2627 2628 2632 
2628 2633 2632 
2628 2629 2633 
2630 2631 2634 
2631 2635 2634 
2631 2632 2635 
2632 2636 2635 
2632 2633 2636 
2634 2635 2637 
2635 2638 2637 
2635 2636 2638 
2637 2638 2639 
2640 2641 2645 
2641 2646 2645 
2641 2642 2646 
2642 2647 2646 
2642 2643 2647 
2643 2648 2647 
2643 2644 2648 
2645 2646 2649 
2646 2650 2649 
2646 2647 2650 
2647 2651 2650 
2647 2648 2651 
2649 2650 2652 
2650 2653 2652 
2650 2651 2653 
2652 2653 2654 
2655 2656 2660 
2656 2661 2660 
2656 2657 2661 
2657 2662 2661 
2657 2658 2662 
2658 2663 2662 
2658 2659 2663 
2660 2661 2664 
2661 2665 2664 
2661 2662 2665 
2662 2666 2665 
2662 2663 2666 
2664 2665 2667 
2665 2668 2667 
2665 2666 2668 
2667 2668 2669 
2670 2671 2675 
2671 2676 2675 
2671 2672 2676 
2672 2677 2676 
2672 2673 2677 
2673 2678 2677 
2673 2674 2678 
2675 2676 2679 
2676 2680 2679 
2676 2677 2680 
2677 2681 2680 
2677 2678 2681 
2679 2680 2682 
2680 2683 2682 
2680 2681 2683 
2682 2683 2684 
2685 2686 2690 
2686 2691 2690 
2686 2687 2691 
2687 2692 2691 
2687 2688 2692 
2688 2693 2692 
2688 2689 2693 
2690 2691 2694 
2691 2695 2694 
2691 2692 2695 
2692 2696 2695 
2692 2693 2696 
2694 2695 2697 
2695 2698 2697 
2695 2696 2698 
2697 2698 2699 
2700 2701 2705 
2701 2706 2705 
2701 2702 2706 
2702 2707 2706 
2702 2703 2707 
2703 2708 2707 
2703 2704 2708 
2705 2706 2709 
2706 2710 2709 
2706 2707 2710 
2707 2711 2710 
2707 2708 2711 
2709 2710 2712 
2710 2713 2712 
2710 2711 2713 
2712 2713 2714 
2715 2716 2720 
2716 2721 2720 
2716 2717 2721 
2717 2722 2721 
2717 2718 2722 
2718 2723 2722 
2718 2719 2723 
2720 2721 2724 
2721 2725 2724 
2721 2722 2725 
2722 2726 2725 
2722 2723 2726 
2724 2725 2727 
2725 2728 2727 
2725 2726 2728 
2727 2728 2729 
2730 2731 2735 
2731 2736 2735 
2731 2732 2736 
2732 2737 2736 
2732 2733 2737 
2733 2738 2737 
2733 2734 2738 
2735 2736 2739 
2736 2740 2739 
2736 2737 2740 
2737 2741 2740 
2737 2738 2741 
2739 2740 2742 
2740 2743 2742 
2740 2741 2743 
2742 2743 2744 
2745 2746 2750 
2746 2751 2750 
2746 2747 2751 
2747 2752 2751 
2747 2748 2752 
2748 2753 2752 
2748 2749 2753 
2750 2751 2754 
2751 2755 2754 
2751 2752 2755 
2752 2756 2755 
2752 2753 2756 
2754 2755 2757 
2755 2758 2757 
2755 2756 2758 
2757 2758 2759 
2760 2761 2765 
2761 2766 2765 
2761 2762 2766 
2762 2767 2766 
2762 2763 2767 
2763 2768 2767 
2763 2764 2768 
2765 2766 2769 
2766 2770 2769 
2766 2767 2770 
2767 2771 2770 
2767 2768 2771 
2769 2770 2772 
2770 2773 2772 
2770 2771 2773 
2772 2773 2774 
2775 2776 2780 
2776 2781 2780 
2776 2777 2781 
2777 2782 2781 
2777 2778 2782 
2778 2783 2782 
2778 2779 2783 
2780 2781 2784 
2781 2785 2784 
2781 2782 2785 
2782 2786 2785 
2782 2783 2786 
2784 2785 2787 
2785 2788 2787 
2785 2786 2788 
2787 2788 2789 
2790 2791 2795 
2791 2796 2795 
2791 2792 2796 
2792 2797 2796 
2792 2793 2797 
2793 2798 2797 
2793 2794 2798 
2795 2796 2799 
2796 2800 2799 
2796 2797 2800 
2797 2801 2800 
2797 2798 2801 
2799 2800 2802 
2800 2803 2802 
2800 2801 2803 
2802 2803 2804 
2805 2806 2810 
2806 2811 2810 
2806 2807 2811 
2807 2812 2811 
2807 2808 2812 
2808 2813 2812 
2808 2809 2813 
2810 2811 2814 
2811 2815 2814 
2811 2812 2815 
2812 2816 2815 
2812 2813 2816 
2814 2815 2817 
2815 2818 2817 
2815 2816 2818 
2817 2818 2819 
2820 2821 2825 
2821 2826 2825 
2821 2822 2826 
2822 2827 2826 
2822 2823 2827 
2823 2828 2827 
2823 2824 2828 
2825 2826 2829 
2826 2830 2829 
2826 2827 2830 
2827 2831 2830 
2827 2828 2831 
2829 2830 2832 
2830 2833 2832 
2830 2831 2833 
2832 2833 2834 
2835 2836 2840 
2836 2841 2840 
2836 2837 2841 
2837 2842 2841 
2837 2838 2842 
2838 2843 2842 
2838 2839 2843 
2840 2841 2844 
2841 2845 2844 
2841 2842 2845 
2842 2846 2845 
2842 2843 2846 
2844 2845 2847 
2845 2848 2847 
2845 2846 2848 
2847 2848 2849 
2850 2851 2855 
2851 2856 2855 
2851 2852 2856 
2852 2857 2856 
2852 2853 2857 
2853 2858 2857 
2853 2854 2858 
2855 2856 2859 
2856 2860 2859 
2856 2857 2860 
2857 2861 2860 
2857 2858 2861 
2859 2860 2862 
2860 2863 2862 
2860 2861 2863 
2862 2863 2864 
2865 2866 2870 
2866 2871 2870 
2866 2867 2871 
2867 2872 2871 
2867 2868 2872 
2868 2873 2872 
2868 2869 2873 
2870 2871 2874 
2871 2875 2874 
2871 2872 2875 
2872 2876 2875 
2872 2873 2876 
2874 2875 2877 
2875 2878 2877 
2875 2876 2878 
2877 2878 2879 
2880 2881 2885 
2881 2886 2885 
2881 2882 2886 
2882 2887 2886 
2882 2883 2887 
2883 2888 2887 
2883 2884 2888 
2885 2886 2889 
2886 2890 2889 
2886 2887 2890 
2887 2891 2890 
2887 2888 2891 
2889 2890 2892 
2890 2893 2892 
2890 2891 2893 
2892 2893 2894 
2895 2896 2900 
2896 2901 2900 
2896 2897 2901 
2897 2902 2901 
2897 2898 2902 
2898 2903 2902 
2898 2899 2903 
2900 2901 2904 
2901 2905 2904 
2901 2902 2905 
2902 2906 2905 
2902 2903 2906 
2904 2905 2907 
2905 2908 2907 
2905 2906 2908 
2907 2908 2909 
2910 2911 2915 
2911 2916 2915 
2911 2912 2916 
2912 2917 2916 
2912 2913 2917 
2913 2918 2917 
2913 2914 2918 
2915 2916 2919 
2916 2920 2919 
2916 2917 2920 
2917 2921 2920 
2917 2918 2921 
2919 2920 2922 
2920 2923 2922 
2920 2921 2923 
2922 2923 2924 
2925 2926 2930 
2926 2931 2930 
2926 2927 2931 
2927 2932 2931 
2927 2928 2932 
2928 2933 2932 
2928 2929 2933 
2930 2931 2934 
2931 2935 2934 
2931 2932 2935 
2932 2936 2935 
2932 2933 2936 
2934 2935 2937 
2935 2938 2937 
2935 2936 2938 
2937 2938 2939 
2940 2941 2945 
2941 2946 2945 
2941 2942 2946 
2942 2947 2946 
2942 2943 2947 
2943 2948 2947 
2943 2944 2948 
2945 2946 2949 
2946 2950 2949 
2946 2947 2950 
2947 2951 2950 
2947 2948 2951 
2949 2950 2952 
2950 2953 2952 
2950 2951 2953 
2952 2953 2954 
2955 2956 2960 
2956 2961 2960 
2956 2957 2961 
2957 2962 2961 
2957 2958 2962 
2958 2963 2962 
2958 2959 2963 
2960 2961 2964 
2961 2965 2964 
2961 2962 2965 
2962 2966 2965 
2962 2963 2966 
2964 2965 2967 
2965 2968 2967 
2965 2966 2968 
2967 2968 2969 
2970 2971 2975 
2971 2976 2975 
2971 2972 2976 
2972 2977 2976 
2972 2973 2977 
2973 2978 2977 
2973 2974 2978 
2975 2976 2979 
2976 2980 2979 
2976 2977 2980 
2977 2981 2980 
2977 2978 2981 
2979 2980 2982 
2980 2983 2982 
2980 2981 2983 
2982 2983 2984 
2985 2986 2990 
2986 2991 2990 
2986 2987 2991 
2987 2992 2991 
2987 2988 2992 
2988 2993 2992 
2988 2989 2993 
2990 2991 2994 
2991 2995 2994 
2991 2992 2995 
2992 2996 2995 
2992 2993 2996 
2994 2995 2997 
2995 2998 2997 
2995 2996 2998 
2997 2998 2999 
3000 3001 3005 
3001 3006 3005 
3001 3002 3006 
3002 3007 3006 
3002 3003 3007 
3003 3008 3007 
3003 3004 3008 
3005 3006 3009 
3006 3010 3009 
3006 3007 3010 
3007 3011 3010 
3007 3008 3011 
3009 3010 3012 
3010 3013 3012 
3010 3011 3013 
3012 3013 3014 
3015 3016 3020 
3016 3021 3020 
3016 3017 3021 
3017 3022 3021 
3017 3018 3022 
3018 3023 3022 
3018 3019 3023 
3020 3021 3024 
3021 3025 3024 
3021 3022 3025 
3022 3026 3025 
3022 3023 3026 
3024 3025 3027 
3025 3028 3027 
3025 3026 3028 
3027 3028 3029 
3030 3031 3035 
3031 3036 3035 
3031 3032 3036 
3032 3037 3036 
3032 3033 3037 
3033 3038 3037 
3033 3034 3038 
3035 3036 3039 
3036 3040 3039 
3036 3037 3040 
3037 3041 3040 
3037 3038 3041 
3039 3040 3042 
3040 3043 3042 
3040 3041 3043 
3042 3043 3044 
3045 3046 3050 
3046 3051 3050 
3046 3047 3051 
3047 3052 3051 
3047 3048 3052 
3048 3053 3052 
3048 3049 3053 
3050 3051 3054 
3051 3055 3054 
3051 3052 3055 
3052 3056 3055 
3052 3053 3056 
3054 3055 3057 
3055 3058 3057 
3055 3056 3058 
3057 3058 3059 
3060 3061 3065 
3061 3066 3065 
3061 3062 3066 
3062 3067 3066 
3062 3063 3067 
3063 3068 3067 
3063 3064 3068 
3065 3066 3069 
3066 3070 3069 
3066 3067 3070 
3067 3071 3070 
3067 3068 3071 
3069 3070 3072 
3070 3073 3072 
3070 3071 3073 
3072 3073 3074 
3075 3076 3080 
3076 3081 3080 
3076 3077 3081 
3077 3082 3081 
3077 3078 3082 
3078 3083 3082 
3078 3079 3083 
3080 3081 3084 
3081 3085 3084 
3081 3082 3085 
3082 3086 3085 
3082 3083 3086 
3084 3085 3087 
3085 3088 3087 
3085 3086 3088 
3087 3088 3089 
3090 3091 3095 
3091 3096 3095 
3091 3092 3096 
3092 3097 3096 
3092 3093 3097 
3093 3098 3097 
3093 3094 3098 
3095 3096 3099 
3096 3100 3099 
3096 3097 3100 
3097 3101 3100 
3097 3098 3101 
3099 3100 3102 
3100 3103 3102 
3100 3101 3103 
3102 3103 3104 
3105 3106 3110 
3106 3111 3110 
3106 3107 3111 
3107 3112 3111 
3107 3108 3112 
3108 3113 3112 
3108 3109 3113 
3110 3111 3114 
3111 3115 3114 
3111 3112 3115 
3112 3116 3115 
3112 3113 3116 
3114 3115 3117 
3115 3118 3117 
3115 3116 3118 
3117 3118 3119 
3120 3121 3125 
3121 3126 3125 
3121 3122 3126 
3122 3127 3126 
3122 3123 3127 
3123 3128 3127 
3123 3124 3128 
3125 3126 3129 
3126 3130 3129 
3126 3127 3130 
3127 3131 3130 
3127 3128 3131 
3129 3130 3132 
3130 3133 3132 
3130 3131 3133 
3132 3133 3134 
3135 3136 3140 
3136 3141 3140 
3136 3137 3141 
3137 3142 3141 
3137 3138 3142 
3138 3143 3142 
3138 3139 3143 
3140 3141 3144 
3141 3145 3144 
3141 3142 3145 
3142 3146 3145 
3142 3143 3146 
3144 3145 3147 
3145 3148 3147 
3145 3146 3148 
3147 3148 3149 
3150 3151 3155 
3151 3156 3155 
3151 3152 3156 
3152 3157 3156 
3152 3153 3157 
3153 3158 3157 
3153 3154 3158 
3155 3156 3159 
3156 3160 3159 
3156 3157 3160 
3157 3161 3160 
3157 3158 3161 
3159 3160 3162 
3160 3163 3162 
3160 3161 3163 
3162 3163 3164 
3165 3166 3170 
3166 3171 3170 
3166 3167 3171 
3167 3172 3171 
3167 3168 3172 
3168 3173 3172 
3168 3169 3173 
3170 3171 3174 
3171 3175 3174 
3171 3172 3175 
3172 3176 3175 
3172 3173 3176 
3174 3175 3177 
3175 3178 3177 
3175 3176 3178 
3177 3178 3179 
3180 3181 3185 
3181 3186 3185 
3181 3182 3186 
3182 3187 3186 
3182 3183 3187 
3183 3188 3187 
3183 3184 3188 
3185 3186 3189 
3186 3190 3189 
3186 3187 3190 
3187 3191 3190 
3187 3188 3191 
3189 3190 3192 
3190 3193 3192 
3190 3191 3193 
3192 3193 3194 
3195 3196 3200 
3196 3201 3200 
3196 3197 3201 
3197 3202 3201 
3197 3198 3202 
3198 3203 3202 
3198 3199 3203 
3200 3201 3204 
3201 3205 3204 
3201 3202 3205 
3202 3206 3205 
3202 3203 3206 
3204 3205 3207 
3205 3208 3207 
3205 3206 3208 
3207 3208 3209 
3210 3211 3215 
3211 3216 3215 
3211 3212 3216 
3212 3217 3216 
3212 3213 3217 
3213 3218 3217 
3213 3214 3218 
3215 3216 3219 
3216 3220 3219 
3216 3217 3220 
3217 3221 3220 
3217 3218 3221 
3219 3220 3222 
3220 3223 3222 
3220 3221 3223 
3222 3223 3224 
3225 3226 3230 
3226 3231 3230 
3226 3227 3231 
3227 3232 3231 
3227 3228 3232 
3228 3233 3232 
3228 3229 3233 
3230 3231 3234 
3231 3235 3234 
3231 3232 3235 
3232 3236 3235 
3232 3233 3236 
3234 3235 3237 
3235 3238 3237 
3235 3236 3238 
3237 3238 3239 
3240 3241 3245 
3241 3246 3245 
3241 3242 3246 
3242 3247 3246 
3242 3243 3247 
3243 3248 3247 
3243 3244 3248 
3245 3246 3249 
3246 3250 3249 
3246 3247 3250 
3247 3251 3250 
3247 3248 3251 
3249 3250 3252 
3250 3253 3252 
3250 3251 3253 
3252 3253 3254 
3255 3256 3260 
3256 3261 3260 
3256 3257 3261 
3257 3262 3261 
3257 3258 3262 
3258 3263 3262 
3258 3259 3263 
3260 3261 3264 
3261 3265 3264 
3261 3262 3265 
3262 3266 3265 
3262 3263 3266 
3264 3265 3267 
3265 3268 3267 
3265 3266 3268 
3267 3268 3269 
3270 3271 3275 
3271 3276 3275 
3271 3272 3276 
3272 3277 3276 
3272 3273 3277 
3273 3278 3277 
3273 3274 3278 
3275 3276 3279 
3276 3280 3279 
3276 3277 3280 
3277 3281 3280 
3277 3278 3281 
3279 3280 3282 
3280 3283 3282 
3280 3281 3283 
3282 3283 3284 
3285 3286 3290 
3286 3291 3290 
3286 3287 3291 
3287 3292 3291 
3287 3288 3292 
3288 3293 3292 
3288 3289 3293 
3290 3291 3294 
3291 3295 3294 
3291 3292 3295 
3292 3296 3295 
3292 3293 3296 
3294 3295 3297 
3295 3298 3297 
3295 3296 3298 
3297 3298 3299 
3300 3301 3305 
3301 3306 3305 
3301 3302 3306 
3302 3307 3306 
3302 3303 3307 
3303 3308 3307 
3303 3304 3308 
3305 3306 3309 
3306 3310 3309 
3306 3307 3310 
3307 3311 3310 
3307 3308 3311 
3309 3310 3312 
3310 3313 3312 
3310 3311 3313 
3312 3313 3314 
3315 3316 3320 
3316 3321 3320 
3316 3317 3321 
3317 3322 3321 
3317 3318 3322 
3318 3323 3322 
3318 3319 3323 
3320 3321 3324 
3321 3325 3324 
3321 3322 3325 
3322 3326 3325 
3322 3323 3326 
3324 3325 3327 
3325 3328 3327 
3325 3326 3328 
3327 3328 3329 
3330 3331 3335 
3331 3336 3335 
3331 3332 3336 
3332 3337 3336 
3332 3333 3337 
3333 3338 3337 
3333 3334 3338 
3335 3336 3339 
3336 3340 3339 
3336 3337 3340 
3337 3341 3340 
3337 3338 3341 
3339 3340 3342 
3340 3343 3342 
3340 3341 3343 
3342 3343 3344 
3345 3346 3350 
3346 3351 3350 
3346 3347 3351 
3347 3352 3351 
3347 3348 3352 
3348 3353 3352 
3348 3349 3353 
3350 3351 3354 
3351 3355 3354 
3351 3352 3355 
3352 3356 3355 
3352 3353 3356 
3354 3355 3357 
3355 3358 3357 
3355 3356 3358 
3357 3358 3359 
3360 3361 3365 
3361 3366 3365 
3361 3362 3366 
3362 3367 3366 
3362 3363 3367 
3363 3368 3367 
3363 3364 3368 
3365 3366 3369 
3366 3370 3369 
3366 3367 3370 
3367 3371 3370 
3367 3368 3371 
3369 3370 3372 
3370 3373 3372 
3370 3371 3373 
3372 3373 3374 
3375 3376 3380 
3376 3381 3380 
3376 3377 3381 
3377 3382 3381 
3377 3378 3382 
3378 3383 3382 
3378 3379 3383 
3380 3381 3384 
3381 3385 3384 
3381 3382 3385 
3382 3386 3385 
3382 3383 3386 
3384 3385 3387 
3385 3388 3387 
3385 3386 3388 
3387 3388 3389 
3390 3391 3395 
3391 3396 3395 
3391 3392 3396 
3392 3397 3396 
3392 3393 3397 
3393 3398 3397 
3393 3394 3398 
3395 3396 3399 
3396 3400 3399 
3396 3397 3400 
3397 3401 3400 
3397 3398 3401 
3399 3400 3402 
3400 3403 3402 
3400 3401 3403 
3402 3403 3404 
3405 3406 3410 
3406 3411 3410 
3406 3407 3411 
3407 3412 3411 
3407 3408 3412 
3408 3413 3412 
3408 3409 3413 
3410 3411 3414 
3411 3415 3414 
3411 3412 3415 
3412 3416 3415 
3412 3413 3416 
3414 3415 3417 
3415 3418 3417 
3415 3416 3418 
3417 3418 3419 
3420 3421 3425 
3421 3426 3425 
3421 3422 3426 
3422 3427 3426 
3422 3423 3427 
3423 3428 3427 
3423 3424 3428 
3425 3426 3429 
3426 3430 3429 
3426 3427 3430 
3427 3431 3430 
3427 3428 3431 
3429 3430 3432 
3430 3433 3432 
3430 3431 3433 
3432 3433 3434 
3435 3436 3440 
3436 3441 3440 
3436 3437 3441 
3437 3442 3441 
3437 3438 3442 
3438 3443 3442 
3438 3439 3443 
3440 3441 3444 
3441 3445 3444 
3441 3442 3445 
3442 3446 3445 
3442 3443 3446 
3444 3445 3447 
3445 3448 3447 
3445 3446 3448 
3447 3448 3449 
3450 3451 3455 
3451 3456 3455 
3451 3452 3456 
3452 3457 3456 
3452 3453 3457 
3453 3458 3457 
3453 3454 3458 
3455 3456 3459 
3456 3460 3459 
3456 3457 3460 
3457 3461 3460 
3457 3458 3461 
3459 3460 3462 
3460 3463 3462 
3460 3461 3463 
3462 3463 3464 
3465 3466 3470 
3466 3471 3470 
3466 3467 3471 
3467 3472 3471 
3467 3468 3472 
3468 3473 3472 
3468 3469 3473 
3470 3471 3474 
3471 3475 3474 
3471 3472 3475 
3472 3476 3475 
3472 3473 3476 
3474 3475 3477 
3475 3478 3477 
3475 3476 3478 
3477 3478 3479 
3480 3481 3485 
3481 3486 3485 
3481 3482 3486 
3482 3487 3486 
3482 3483 3487 
3483 3488 3487 
3483 3484 3488 
3485 3486 3489 
3486 3490 3489 
3486 3487 3490 
3487 3491 3490 
3487 3488 3491 
3489 3490 3492 
3490 3493 3492 
3490 3491 3493 
3492 3493 3494 
3495 3496 3500 
3496 3501 3500 
3496 3497 3501 
3497 3502 3501 
3497 3498 3502 
3498 3503 3502 
3498 3499 3503 
3500 3501 3504 
3501 3505 3504 
3501 3502 3505 
3502 3506 3505 
3502 3503 3506 
3504 3505 3507 
3505 3508 3507 
3505 3506 3508 
3507 3508 3509 
3510 3511 3515 
3511 3516 3515 
3511 3512 3516 
3512 3517 3516 
3512 3513 3517 
3513 3518 3517 
3513 3514 3518 
3515 3516 3519 
3516 3520 3519 
3516 3517 3520 
3517 3521 3520 
3517 3518 3521 
3519 3520 3522 
3520 3523 3522 
3520 3521 3523 
3522 3523 3524 
3525 3526 3530 
3526 3531 3530 
3526 3527 3531 
3527 3532 3531 
3527 3528 3532 
3528 3533 3532 
3528 3529 3533 
3530 3531 3534 
3531 3535 3534 
3531 3532 3535 
3532 3536 3535 
3532 3533 3536 
3534 3535 3537 
3535 3538 3537 
3535 3536 3538 
3537 3538 3539 
3540 3541 3545 
3541 3546 3545 
3541 3542 3546 
3542 3547 3546 
3542 3543 3547 
3543 3548 3547 
3543 3544 3548 
3545 3546 3549 
3546 3550 3549 
3546 3547 3550 
3547 3551 3550 
3547 3548 3551 
3549 3550 3552 
3550 3553 3552 
3550 3551 3553 
3552 3553 3554 
3555 3556 3560 
3556 3561 3560 
3556 3557 3561 
3557 3562 3561 
3557 3558 3562 
3558 3563 3562 
3558 3559 3563 
3560 3561 3564 
3561 3565 3564 
3561 3562 3565 
3562 3566 3565 
3562 3563 3566 
3564 3565 3567 
3565 3568 3567 
3565 3566 3568 
3567 3568 3569 
3570 3571 3575 
3571 3576 3575 
3571 3572 3576 
3572 3577 3576 
3572 3573 3577 
3573 3578 3577 
3573 3574 3578 
3575 3576 3579 
3576 3580 3579 
3576 3577 3580 
3577 3581 3580 
3577 3578 3581 
3579 3580 3582 
3580 3583 3582 
3580 3581 3583 
3582 3583 3584 
3585 3586 3590 
3586 3591 3590 
3586 3587 3591 
3587 3592 3591 
3587 3588 3592 
3588 3593 3592 
3588 3589 3593 
3590 3591 3594 
3591 3595 3594 
3591 3592 3595 
3592 3596 3595 
3592 3593 3596 
3594 3595 3597 
3595 3598 3597 
3595 3596 3598 
3597 3598 3599 
3600 3601 3605 
3601 3606 3605 
3601 3602 3606 
3602 3607 3606 
3602 3603 3607 
3603 3608 3607 
3603 3604 3608 
3605 3606 3609 
3606 3610 3609 
3606 3607 3610 
3607 3611 3610 
3607 3608 3611 
3609 3610 3612 
3610 3613 3612 
3610 3611 3613 
3612 3613 3614 
3615 3616 3620 
3616 3621 3620 
3616 3617 3621 
3617 3622 3621 
3617 3618 3622 
3618 3623 3622 
3618 3619 3623 
3620 3621 3624 
3621 3625 3624 
3621 3622 3625 
3622 3626 3625 
3622 3623 3626 
3624 3625 3627 
3625 3628 3627 
3625 3626 3628 
3627 3628 3629 
3630 3631 3635 
3631 3636 3635 
3631 3632 3636 
3632 3637 3636 
3632 3633 3637 
3633 3638 3637 
3633 3634 3638 
3635 3636 3639 
3636 3640 3639 
3636 3637 3640 
3637 3641 3640 
3637 3638 3641 
3639 3640 3642 
3640 3643 3642 
3640 3641 3643 
3642 3643 3644 
3645 3646 3650 
3646 3651 3650 
3646 3647 3651 
3647 3652 3651 
3647 3648 3652 
3648 3653 3652 
3648 3649 3653 
3650 3651 3654 
3651 3655 3654 
3651 3652 3655 
3652 3656 3655 
3652 3653 3656 
3654 3655 3657 
3655 3658 3657 
3655 3656 3658 
3657 3658 3659 
3660 3661 3665 
3661 3666 3665 
3661 3662 3666 
3662 3667 3666 
3662 3663 3667 
3663 3668 3667 
3663 3664 3668 
3665 3666 3669 
3666 3670 3669 
3666 3667 3670 
3667 3671 3670 
3667 3668 3671 
3669 3670 3672 
3670 3673 3672 
3670 3671 3673 
3672 3673 3674 
3675 3676 3680 
3676 3681 3680 
3676 3677 3681 
3677 3682 3681 
3677 3678 3682 
3678 3683 3682 
3678 3679 3683 
3680 3681 3684 
3681 3685 3684 
3681 3682 3685 
3682 3686 3685 
3682 3683 3686 
3684 3685 3687 
3685 3688 3687 
3685 3686 3688 
3687 3688 3689 
3690 3691 3695 
3691 3696 3695 
3691 3692 3696 
3692 3697 3696 
3692 3693 3697 
3693 3698 3697 
3693 3694 3698 
3695 3696 3699 
3696 3700 3699 
3696 3697 3700 
3697 3701 3700 
3697 3698 3701 
3699 3700 3702 
3700 3703 3702 
3700 3701 3703 
3702 3703 3704 
3705 3706 3710 
3706 3711 3710 
3706 3707 3711 
3707 3712 3711 
3707 3708 3712 
3708 3713 3712 
3708 3709 3713 
3710 3711 3714 
3711 3715 3714 
3711 3712 3715 
3712 3716 3715 
3712 3713 3716 
3714 3715 3717 
3715 3718 3717 
3715 3716 3718 
3717 3718 3719 
3720 3721 3725 
3721 3726 3725 
3721 3722 3726 
3722 3727 3726 
3722 3723 3727 
3723 3728 3727 
3723 3724 3728 
3725 3726 3729 
3726 3730 3729 
3726 3727 3730 
3727 3731 3730 
3727 3728 3731 
3729 3730 3732 
3730 3733 3732 
3730 3731 3733 
3732 3733 3734 
3735 3736 3740 
3736 3741 3740 
3736 3737 3741 
3737 3742 3741 
3737 3738 3742 
3738 3743 3742 
3738 3739 3743 
3740 3741 3744 
3741 3745 3744 
3741 3742 3745 
3742 3746 3745 
3742 3743 3746 
3744 3745 3747 
3745 3748 3747 
3745 3746 3748 
3747 3748 3749 
3750 3751 3755 
3751 3756 3755 
3751 3752 3756 
3752 3757 3756 
3752 3753 3757 
3753 3758 3757 
3753 3754 3758 
3755 3756 3759 
3756 3760 3759 
3756 3757 3760 
3757 3761 3760 
3757 3758 3761 
3759 3760 3762 
3760 3763 3762 
3760 3761 3763 
3762 3763 3764 
3765 3766 3770 
3766 3771 3770 
3766 3767 3771 
3767 3772 3771 
3767 3768 3772 
3768 3773 3772 
3768 3769 3773 
3770 3771 3774 
3771 3775 3774 
3771 3772 3775 
3772 3776 3775 
3772 3773 3776 
3774 3775 3777 
3775 3778 3777 
3775 3776 3778 
3777 3778 3779 
3780 3781 3785 
3781 3786 3785 
3781 3782 3786 
3782 3787 3786 
3782 3783 3787 
3783 3788 3787 
3783 3784 3788 
3785 3786 3789 
3786 3790 3789 
3786 3787 3790 
3787 3791 3790 
3787 3788 3791 
3789 3790 3792 
3790 3793 3792 
3790 3791 3793 
3792 3793 3794 
3795 3796 3800 
3796 3801 3800 
3796 3797 3801 
3797 3802 3801 
3797 3798 3802 
3798 3803 3802 
3798 3799 3803 
3800 3801 3804 
3801 3805 3804 
3801 3802 3805 
3802 3806 3805 
3802 3803 3806 
3804 3805 3807 
3805 3808 3807 
3805 3806 3808 
3807 3808 3809 
3810 3811 3815 
3811 3816 3815 
3811 3812 3816 
3812 3817 3816 
3812 3813 3817 
3813 3818 3817 
3813 3814 3818 
3815 3816 3819 
3816 3820 3819 
3816 3817 3820 
3817 3821 3820 
3817 3818 3821 
3819 3820 3822 
3820 3823 3822 
3820 3821 3823 
3822 3823 3824 
3825 3826 3830 
3826 3831 3830 
3826 3827 3831 
3827 3832 3831 
3827 3828 3832 
3828 3833 3832 
3828 3829 3833 
3830 3831 3834 
3831 3835 3834 
3831 3832 3835 
3832 3836 3835 
3832 3833 3836 
3834 3835 3837 
3835 3838 3837 
3835 3836 3838 
3837 3838 3839 
3840 3841 3845 
3841 3846 3845 
3841 3842 3846 
3842 3847 3846 
3842 3843 3847 
3843 3848 3847 
3843 3844 3848 
3845 3846 3849 
3846 3850 3849 
3846 3847 3850 
3847 3851 3850 
3847 3848 3851 
3849 3850 3852 
3850 3853 3852 
3850 3851 3853 
3852 3853 3854 
3855 3856 3860 
3856 3861 3860 
3856 3857 3861 
3857 3862 3861 
3857 3858 3862 
3858 3863 3862 
3858 3859 3863 
3860 3861 3864 
3861 3865 3864 
3861 3862 3865 
3862 3866 3865 
3862 3863 3866 
3864 3865 3867 
3865 3868 3867 
3865 3866 3868 
3867 3868 3869 
3870 3871 3875 
3871 3876 3875 
3871 3872 3876 
3872 3877 3876 
3872 3873 3877 
3873 3878 3877 
3873 3874 3878 
3875 3876 3879 
3876 3880 3879 
3876 3877 3880 
3877 3881 3880 
3877 3878 3881 
3879 3880 3882 
3880 3883 3882 
3880 3881 3883 
3882 3883 3884 
3885 3886 3890 
3886 3891 3890 
3886 3887 3891 
3887 3892 3891 
3887 3888 3892 
3888 3893 3892 
3888 3889 3893 
3890 3891 3894 
3891 3895 3894 
3891 3892 3895 
3892 3896 3895 
3892 3893 3896 
3894 3895 3897 
3895 3898 3897 
3895 3896 3898 
3897 3898 3899 
3900 3901 3905 
3901 3906 3905 
3901 3902 3906 
3902 3907 3906 
3902 3903 3907 
3903 3908 3907 
3903 3904 3908 
3905 3906 3909 
3906 3910 3909 
3906 3907 3910 
3907 3911 3910 
3907 3908 3911 
3909 3910 3912 
3910 3913 3912 
3910 3911 3913 
3912 3913 3914 
3915 3916 3920 
3916 3921 3920 
3916 3917 3921 
3917 3922 3921 
3917 3918 3922 
3918 3923 3922 
3918 3919 3923 
3920 3921 3924 
3921 3925 3924 
3921 3922 3925 
3922 3926 3925 
3922 3923 3926 
3924 3925 3927 
3925 3928 3927 
3925 3926 3928 
3927 3928 3929 
3930 3931 3935 
3931 3936 3935 
3931 3932 3936 
3932 3937 3936 
3932 3933 3937 
3933 3938 3937 
3933 3934 3938 
3935 3936 3939 
3936 3940 3939 
3936 3937 3940 
3937 3941 3940 
3937 3938 3941 
3939 3940 3942 
3940 3943 3942 
3940 3941 3943 
3942 3943 3944 
3945 3946 3950 
3946 3951 3950 
3946 3947 3951 
3947 3952 3951 
3947 3948 3952 
3948 3953 3952 
3948 3949 3953 
3950 3951 3954 
3951 3955 3954 
3951 3952 3955 
3952 3956 3955 
3952 3953 3956 
3954 3955 3957 
3955 3958 3957 
3955 3956 3958 
3957 3958 3959 
3960 3961 3965 
3961 3966 3965 
3961 3962 3966 
3962 3967 3966 
3962 3963 3967 
3963 3968 3967 
3963 3964 3968 
3965 3966 3969 
3966 3970 3969 
3966 3967 3970 
3967 3971 3970 
3967 3968 3971 
3969 3970 3972 
3970 3973 3972 
3970 3971 3973 
3972 3973 3974 
3975 3976 3980 
3976 3981 3980 
3976 3977 3981 
3977 3982 3981 
3977 3978 3982 
3978 3983 3982 
3978 3979 3983 
3980 3981 3984 
3981 3985 3984 
3981 3982 3985 
3982 3986 3985 
3982 3983 3986 
3984 3985 3987 
3985 3988 3987 
3985 3986 3988 
3987 3988 3989 
3990 3991 3995 
3991 3996 3995 
3991 3992 3996 
3992 3997 3996 
3992 3993 3997 
3993 3998 3997 
3993 3994 3998 
3995 3996 3999 
3996 4000 3999 
3996 3997 4000 
3997 4001 4000 
3997 3998 4001 
3999 4000 4002 
4000 4003 4002 
4000 4001 4003 
4002 4003 4004 
4005 4006 4010 
4006 4011 4010 
4006 4007 4011 
4007 4012 4011 
4007 4008 4012 
4008 4013 4012 
4008 4009 4013 
4010 4011 4014 
4011 4015 4014 
4011 4012 4015 
4012 4016 4015 
4012 4013 4016 
4014 4015 4017 
4015 4018 4017 
4015 4016 4018 
4017 4018 4019 
4020 4021 4025 
4021 4026 4025 
4021 4022 4026 
4022 4027 4026 
4022 4023 4027 
4023 4028 4027 
4023 4024 4028 
4025 4026 4029 
4026 4030 4029 
4026 4027 4030 
4027 4031 4030 
4027 4028 4031 
4029 4030 4032 
4030 4033 4032 
4030 4031 4033 
4032 4033 4034 
4035 4036 4040 
4036 4041 4040 
4036 4037 4041 
4037 4042 4041 
4037 4038 4042 
4038 4043 4042 
4038 4039 4043 
4040 4041 4044 
4041 4045 4044 
4041 4042 4045 
4042 4046 4045 
4042 4043 4046 
4044 4045 4047 
4045 4048 4047 
4045 4046 4048 
4047 4048 4049 
4050 4051 4055 
4051 4056 4055 
4051 4052 4056 
4052 4057 4056 
4052 4053 4057 
4053 4058 4057 
4053 4054 4058 
4055 4056 4059 
4056 4060 4059 
4056 4057 4060 
4057 4061 4060 
4057 4058 4061 
4059 4060 4062 
4060 4063 4062 
4060 4061 4063 
4062 4063 4064 
4065 4066 4070 
4066 4071 4070 
4066 4067 4071 
4067 4072 4071 
4067 4068 4072 
4068 4073 4072 
4068 4069 4073 
4070 4071 4074 
4071 4075 4074 
4071 4072 4075 
4072 4076 4075 
4072 4073 4076 
4074 4075 4077 
4075 4078 4077 
4075 4076 4078 
4077 4078 4079 
4080 4081 4085 
4081 4086 4085 
4081 4082 4086 
4082 4087 4086 
4082 4083 4087 
4083 4088 4087 
4083 4084 4088 
4085 4086 4089 
4086 4090 4089 
4086 4087 4090 
4087 4091 4090 
4087 4088 4091 
4089 4090 4092 
4090 4093 4092 
4090 4091 4093 
4092 4093 4094 
4095 4096 4100 
4096 4101 4100 
4096 4097 4101 
4097 4102 4101 
4097 4098 4102 
4098 4103 4102 
4098 4099 4103 
4100 4101 4104 
4101 4105 4104 
4101 4102 4105 
4102 4106 4105 
4102 4103 4106 
4104 4105 4107 
4105 4108 4107 
4105 4106 4108 
4107 4108 4109 
4110 4111 4115 
4111 4116 4115 
4111 4112 4116 
4112 4117 4116 
4112 4113 4117 
4113 4118 4117 
4113 4114 4118 
4115 4116 4119 
4116 4120 4119 
4116 4117 4120 
4117 4121 4120 
4117 4118 4121 
4119 4120 4122 
4120 4123 4122 
4120 4121 4123 
4122 4123 4124 
4125 4126 4130 
4126 4131 4130 
4126 4127 4131 
4127 4132 4131 
4127 4128 4132 
4128 4133 4132 
4128 4129 4133 
4130 4131 4134 
4131 4135 4134 
4131 4132 4135 
4132 4136 4135 
4132 4133 4136 
4134 4135 4137 
4135 4138 4137 
4135 4136 4138 
4137 4138 4139 
4140 4141 4145 
4141 4146 4145 
4141 4142 4146 
4142 4147 4146 
4142 4143 4147 
4143 4148 4147 
4143 4144 4148 
4145 4146 4149 
4146 4150 4149 
4146 4147 4150 
4147 4151 4150 
4147 4148 4151 
4149 4150 4152 
4150 4153 4152 
4150 4151 4153 
4152 4153 4154 
4155 4156 4160 
4156 4161 4160 
4156 4157 4161 
4157 4162 4161 
4157 4158 4162 
4158 4163 4162 
4158 4159 4163 
4160 4161 4164 
4161 4165 4164 
4161 4162 4165 
4162 4166 4165 
4162 4163 4166 
4164 4165 4167 
4165 4168 4167 
4165 4166 4168 
4167 4168 4169 
4170 4171 4175 
4171 4176 4175 
4171 4172 4176 
4172 4177 4176 
4172 4173 4177 
4173 4178 4177 
4173 4174 4178 
4175 4176 4179 
4176 4180 4179 
4176 4177 4180 
4177 4181 4180 
4177 4178 4181 
4179 4180 4182 
4180 4183 4182 
4180 4181 4183 
4182 4183 4184 
4185 4186 4190 
4186 4191 4190 
4186 4187 4191 
4187 4192 4191 
4187 4188 4192 
4188 4193 4192 
4188 4189 4193 
4190 4191 4194 
4191 4195 4194 
4191 4192 4195 
4192 4196 4195 
4192 4193 4196 
4194 4195 4197 
4195 4198 4197 
4195 4196 4198 
4197 4198 4199 
4200 4201 4205 
4201 4206 4205 
4201 4202 4206 
4202 4207 4206 
4202 4203 4207 
4203 4208 4207 
4203 4204 4208 
4205 4206 4209 
4206 4210 4209 
4206 4207 4210 
4207 4211 4210 
4207 4208 4211 
4209 4210 4212 
4210 4213 4212 
4210 4211 4213 
4212 4213 4214 
4215 4216 4220 
4216 4221 4220 
4216 4217 4221 
4217 4222 4221 
4217 4218 4222 
4218 4223 4222 
4218 4219 4223 
4220 4221 4224 
4221 4225 4224 
4221 4222 4225 
4222 4226 4225 
4222 4223 4226 
4224 4225 4227 
4225 4228 4227 
4225 4226 4228 
4227 4228 4229 
4230 4231 4235 
4231 4236 4235 
4231 4232 4236 
4232 4237 4236 
4232 4233 4237 
4233 4238 4237 
4233 4234 4238 
4235 4236 4239 
4236 4240 4239 
4236 4237 4240 
4237 4241 4240 
4237 4238 4241 
4239 4240 4242 
4240 4243 4242 
4240 4241 4243 
4242 4243 4244 
4245 4246 4250 
4246 4251 4250 
4246 4247 4251 
4247 4252 4251 
4247 4248 4252 
4248 4253 4252 
4248 4249 4253 
4250 4251 4254 
4251 4255 4254 
4251 4252 4255 
4252 4256 4255 
4252 4253 4256 
4254 4255 4257 
4255 4258 4257 
4255 4256 4258 
4257 4258 4259 
4260 4261 4265 
4261 4266 4265 
4261 4262 4266 
4262 4267 4266 
4262 4263 4267 
4263 4268 4267 
4263 4264 4268 
4265 4266 4269 
4266 4270 4269 
4266 4267 4270 
4267 4271 4270 
4267 4268 4271 
4269 4270 4272 
4270 4273 4272 
4270 4271 4273 
4272 4273 4274 
4275 4276 4280 
4276 4281 4280 
4276 4277 4281 
4277 4282 4281 
4277 4278 4282 
4278 4283 4282 
4278 4279 4283 
4280 4281 4284 
4281 4285 4284 
4281 4282 4285 
4282 4286 4285 
4282 4283 4286 
4284 4285 4287 
4285 4288 4287 
4285 4286 4288 
4287 4288 4289 
4290 4291 4295 
4291 4296 4295 
4291 4292 4296 
4292 4297 4296 
4292 4293 4297 
4293 4298 4297 
4293 4294 4298 
4295 4296 4299 
4296 4300 4299 
4296 4297 4300 
4297 4301 4300 
4297 4298 4301 
4299 4300 4302 
4300 4303 4302 
4300 4301 4303 
4302 4303 4304 
4305 4306 4310 
4306 4311 4310 
4306 4307 4311 
4307 4312 4311 
4307 4308 4312 
4308 4313 4312 
4308 4309 4313 
4310 4311 4314 
4311 4315 4314 
4311 4312 4315 
4312 4316 4315 
4312 4313 4316 
4314 4315 4317 
4315 4318 4317 
4315 4316 4318 
4317 4318 4319 
4320 4321 4325 
4321 4326 4325 
4321 4322 4326 
4322 4327 4326 
4322 4323 4327 
4323 4328 4327 
4323 4324 4328 
4325 4326 4329 
4326 4330 4329 
4326 4327 4330 
4327 4331 4330 
4327 4328 4331 
4329 4330 4332 
4330 4333 4332 
4330 4331 4333 
4332 4333 4334 
4335 4336 4340 
4336 4341 4340 
4336 4337 4341 
4337 4342 4341 
4337 4338 4342 
4338 4343 4342 
4338 4339 4343 
4340 4341 4344 
4341 4345 4344 
4341 4342 4345 
4342 4346 4345 
4342 4343 4346 
4344 4345 4347 
4345 4348 4347 
4345 4346 4348 
4347 4348 4349 
4350 4351 4355 
4351 4356 4355 
4351 4352 4356 
4352 4357 4356 
4352 4353 4357 
4353 4358 4357 
4353 4354 4358 
4355 4356 4359 
4356 4360 4359 
4356 4357 4360 
4357 4361 4360 
4357 4358 4361 
4359 4360 4362 
4360 4363 4362 
4360 4361 4363 
4362 4363 4364 
4365 4366 4370 
4366 4371 4370 
4366 4367 4371 
4367 4372 4371 
4367 4368 4372 
4368 4373 4372 
4368 4369 4373 
4370 4371 4374 
4371 4375 4374 
4371 4372 4375 
4372 4376 4375 
4372 4373 4376 
4374 4375 4377 
4375 4378 4377 
4375 4376 4378 
4377 4378 4379 
4380 4381 4385 
4381 4386 4385 
4381 4382 4386 
4382 4387 4386 
4382 4383 4387 
4383 4388 4387 
4383 4384 4388 
4385 4386 4389 
4386 4390 4389 
4386 4387 4390 
4387 4391 4390 
4387 4388 4391 
4389 4390 4392 
4390 4393 4392 
4390 4391 4393 
4392 4393 4394 
4395 4396 4400 
4396 4401 4400 
4396 4397 4401 
4397 4402 4401 
4397 4398 4402 
4398 4403 4402 
4398 4399 4403 
4400 4401 4404 
4401 4405 4404 
4401 4402 4405 
4402 4406 4405 
4402 4403 4406 
4404 4405 4407 
4405 4408 4407 
4405 4406 4408 
4407 4408 4409 
4410 4411 4415 
4411 4416 4415 
4411 4412 4416 
4412 4417 4416 
4412 4413 4417 
4413 4418 4417 
4413 4414 4418 
4415 4416 4419 
4416 4420 4419 
4416 4417 4420 
4417 4421 4420 
4417 4418 4421 
4419 4420 4422 
4420 4423 4422 
4420 4421 4423 
4422 4423 4424 
4425 4426 4430 
4426 4431 4430 
4426 4427 4431 
4427 4432 4431 
4427 4428 4432 
4428 4433 4432 
4428 4429 4433 
4430 4431 4434 
4431 4435 4434 
4431 4432 4435 
4432 4436 4435 
4432 4433 4436 
4434 4435 4437 
4435 4438 4437 
4435 4436 4438 
4437 4438 4439 
4440 4441 4445 
4441 4446 4445 
4441 4442 4446 
4442 4447 4446 
4442 4443 4447 
4443 4448 4447 
4443 4444 4448 
4445 4446 4449 
4446 4450 4449 
4446 4447 4450 
4447 4451 4450 
4447 4448 4451 
4449 4450 4452 
4450 4453 4452 
4450 4451 4453 
4452 4453 4454 
4455 4456 4460 
4456 4461 4460 
4456 4457 4461 
4457 4462 4461 
4457 4458 4462 
4458 4463 4462 
4458 4459 4463 
4460 4461 4464 
4461 4465 4464 
4461 4462 4465 
4462 4466 4465 
4462 4463 4466 
4464 4465 4467 
4465 4468 4467 
4465 4466 4468 
4467 4468 4469 
4470 4471 4475 
4471 4476 4475 
4471 4472 4476 
4472 4477 4476 
4472 4473 4477 
4473 4478 4477 
4473 4474 4478 
4475 4476 4479 
4476 4480 4479 
4476 4477 4480 
4477 4481 4480 
4477 4478 4481 
4479 4480 4482 
4480 4483 4482 
4480 4481 4483 
4482 4483 4484 
4485 4486 4490 
4486 4491 4490 
4486 4487 4491 
4487 4492 4491 
4487 4488 4492 
4488 4493 4492 
4488 4489 4493 
4490 4491 4494 
4491 4495 4494 
4491 4492 4495 
4492 4496 4495 
4492 4493 4496 
4494 4495 4497 
4495 4498 4497 
4495 4496 4498 
4497 4498 4499 
4500 4501 4505 
4501 4506 4505 
4501 4502 4506 
4502 4507 4506 
4502 4503 4507 
4503 4508 4507 
4503 4504 4508 
4505 4506 4509 
4506 4510 4509 
4506 4507 4510 
4507 4511 4510 
4507 4508 4511 
4509 4510 4512 
4510 4513 4512 
4510 4511 4513 
4512 4513 4514 
4515 4516 4520 
4516 4521 4520 
4516 4517 4521 
4517 4522 4521 
4517 4518 4522 
4518 4523 4522 
4518 4519 4523 
4520 4521 4524 
4521 4525 4524 
4521 4522 4525 
4522 4526 4525 
4522 4523 4526 
4524 4525 4527 
4525 4528 4527 
4525 4526 4528 
4527 4528 4529 
4530 4531 4535 
4531 4536 4535 
4531 4532 4536 
4532 4537 4536 
4532 4533 4537 
4533 4538 4537 
4533 4534 4538 
4535 4536 4539 
4536 4540 4539 
4536 4537 4540 
4537 4541 4540 
4537 4538 4541 
4539 4540 4542 
4540 4543 4542 
4540 4541 4543 
4542 4543 4544 
4545 4546 4550 
4546 4551 4550 
4546 4547 4551 
4547 4552 4551 
4547 4548 4552 
4548 4553 4552 
4548 4549 4553 
4550 4551 4554 
4551 4555 4554 
4551 4552 4555 
4552 4556 4555 
4552 4553 4556 
4554 4555 4557 
4555 4558 4557 
4555 4556 4558 
4557 4558 4559 
4560 4561 4565 
4561 4566 4565 
4561 4562 4566 
4562 4567 4566 
4562 4563 4567 
4563 4568 4567 
4563 4564 4568 
4565 4566 4569 
4566 4570 4569 
4566 4567 4570 
4567 4571 4570 
4567 4568 4571 
4569 4570 4572 
4570 4573 4572 
4570 4571 4573 
4572 4573 4574 
4575 4576 4580 
4576 4581 4580 
4576 4577 4581 
4577 4582 4581 
4577 4578 4582 
4578 4583 4582 
4578 4579 4583 
4580 4581 4584 
4581 4585 4584 
4581 4582 4585 
4582 4586 4585 
4582 4583 4586 
4584 4585 4587 
4585 4588 4587 
4585 4586 4588 
4587 4588 4589 
4590 4591 4595 
4591 4596 4595 
4591 4592 4596 
4592 4597 4596 
4592 4593 4597 
4593 4598 4597 
4593 4594 4598 
4595 4596 4599 
4596 4600 4599 
4596 4597 4600 
4597 4601 4600 
4597 4598 4601 
4599 4600 4602 
4600 4603 4602 
4600 4601 4603 
4602 4603 4604 
4605 4606 4610 
4606 4611 4610 
4606 4607 4611 
4607 4612 4611 
4607 4608 4612 
4608 4613 4612 
4608 4609 4613 
4610 4611 4614 
4611 4615 4614 
4611 4612 4615 
4612 4616 4615 
4612 4613 4616 
4614 4615 4617 
4615 4618 4617 
4615 4616 4618 
4617 4618 4619 
4620 4621 4625 
4621 4626 4625 
4621 4622 4626 
4622 4627 4626 
4622 4623 4627 
4623 4628 4627 
4623 4624 4628 
4625 4626 4629 
4626 4630 4629 
4626 4627 4630 
4627 4631 4630 
4627 4628 4631 
4629 4630 4632 
4630 4633 4632 
4630 4631 4633 
4632 4633 4634 
4635 4636 4640 
4636 4641 4640 
4636 4637 4641 
4637 4642 4641 
4637 4638 4642 
4638 4643 4642 
4638 4639 4643 
4640 4641 4644 
4641 4645 4644 
4641 4642 4645 
4642 4646 4645 
4642 4643 4646 
4644 4645 4647 
4645 4648 4647 
4645 4646 4648 
4647 4648 4649 
4650 4651 4655 
4651 4656 4655 
4651 4652 4656 
4652 4657 4656 
4652 4653 4657 
4653 4658 4657 
4653 4654 4658 
4655 4656 4659 
4656 4660 4659 
4656 4657 4660 
4657 4661 4660 
4657 4658 4661 
4659 4660 4662 
4660 4663 4662 
4660 4661 4663 
4662 4663 4664 
4665 4666 4670 
4666 4671 4670 
4666 4667 4671 
4667 4672 4671 
4667 4668 4672 
4668 4673 4672 
4668 4669 4673 
4670 4671 4674 
4671 4675 4674 
4671 4672 4675 
4672 4676 4675 
4672 4673 4676 
4674 4675 4677 
4675 4678 4677 
4675 4676 4678 
4677 4678 4679 
4680 4681 4685 
4681 4686 4685 
4681 4682 4686 
4682 4687 4686 
4682 4683 4687 
4683 4688 4687 
4683 4684 4688 
4685 4686 4689 
4686 4690 4689 
4686 4687 4690 
4687 4691 4690 
4687 4688 4691 
4689 4690 4692 
4690 4693 4692 
4690 4691 4693 
4692 4693 4694 
4695 4696 4700 
4696 4701 4700 
4696 4697 4701 
4697 4702 4701 
4697 4698 4702 
4698 4703 4702 
4698 4699 4703 
4700 4701 4704 
4701 4705 4704 
4701 4702 4705 
4702 4706 4705 
4702 4703 4706 
4704 4705 4707 
4705 4708 4707 
4705 4706 4708 
4707 4708 4709 
4710 4711 4715 
4711 4716 4715 
4711 4712 4716 
4712 4717 4716 
4712 4713 4717 
4713 4718 4717 
4713 4714 4718 
4715 4716 4719 
4716 4720 4719 
4716 4717 4720 
4717 4721 4720 
4717 4718 4721 
4719 4720 4722 
4720 4723 4722 
4720 4721 4723 
4722 4723 4724 
4725 4726 4730 
4726 4731 4730 
4726 4727 4731 
4727 4732 4731 
4727 4728 4732 
4728 4733 4732 
4728 4729 4733 
4730 4731 4734 
4731 4735 4734 
4731 4732 4735 
4732 4736 4735 
4732 4733 4736 
4734 4735 4737 
4735 4738 4737 
4735 4736 4738 
4737 4738 4739 
4740 4741 4745 
4741 4746 4745 
4741 4742 4746 
4742 4747 4746 
4742 4743 4747 
4743 4748 4747 
4743 4744 4748 
4745 4746 4749 
4746 4750 4749 
4746 4747 4750 
4747 4751 4750 
4747 4748 4751 
4749 4750 4752 
4750 4753 4752 
4750 4751 4753 
4752 4753 4754 
4755 4756 4760 
4756 4761 4760 
4756 4757 4761 
4757 4762 4761 
4757 4758 4762 
4758 4763 4762 
4758 4759 4763 
4760 4761 4764 
4761 4765 4764 
4761 4762 4765 
4762 4766 4765 
4762 4763 4766 
4764 4765 4767 
4765 4768 4767 
4765 4766 4768 
4767 4768 4769 
4770 4771 4775 
4771 4776 4775 
4771 4772 4776 
4772 4777 4776 
4772 4773 4777 
4773 4778 4777 
4773 4774 4778 
4775 4776 4779 
4776 4780 4779 
4776 4777 4780 
4777 4781 4780 
4777 4778 4781 
4779 4780 4782 
4780 4783 4782 
4780 4781 4783 
4782 4783 4784 
4785 4786 4790 
4786 4791 4790 
4786 4787 4791 
4787 4792 4791 
4787 4788 4792 
4788 4793 4792 
4788 4789 4793 
4790 4791 4794 
4791 4795 4794 
4791 4792 4795 
4792 4796 4795 
4792 4793 4796 
4794 4795 4797 
4795 4798 4797 
4795 4796 4798 
4797 4798 4799 
4800 4801 4805 
4801 4806 4805 
4801 4802 4806 
4802 4807 4806 
4802 4803 4807 
4803 4808 4807 
4803 4804 4808 
4805 4806 4809 
4806 4810 4809 
4806 4807 4810 
4807 4811 4810 
4807 4808 4811 
4809 4810 4812 
4810 4813 4812 
4810 4811 4813 
4812 4813 4814 
4815 4816 4820 
4816 4821 4820 
4816 4817 4821 
4817 4822 4821 
4817 4818 4822 
4818 4823 4822 
4818 4819 4823 
4820 4821 4824 
4821 4825 4824 
4821 4822 4825 
4822 4826 4825 
4822 4823 4826 
4824 4825 4827 
4825 4828 4827 
4825 4826 4828 
4827 4828 4829 
4830 4831 4835 
4831 4836 4835 
4831 4832 4836 
4832 4837 4836 
4832 4833 4837 
4833 4838 4837 
4833 4834 4838 
4835 4836 4839 
4836 4840 4839 
4836 4837 4840 
4837 4841 4840 
4837 4838 4841 
4839 4840 4842 
4840 4843 4842 
4840 4841 4843 
4842 4843 4844 
4845 4846 4850 
4846 4851 4850 
4846 4847 4851 
4847 4852 4851 
4847 4848 4852 
4848 4853 4852 
4848 4849 4853 
4850 4851 4854 
4851 4855 4854 
4851 4852 4855 
4852 4856 4855 
4852 4853 4856 
4854 4855 4857 
4855 4858 4857 
4855 4856 4858 
4857 4858 4859 
4860 4861 4865 
4861 4866 4865 
4861 4862 4866 
4862 4867 4866 
4862 4863 4867 
4863 4868 4867 
4863 4864 4868 
4865 4866 4869 
4866 4870 4869 
4866 4867 4870 
4867 4871 4870 
4867 4868 4871 
4869 4870 4872 
4870 4873 4872 
4870 4871 4873 
4872 4873 4874 
4875 4876 4880 
4876 4881 4880 
4876 4877 4881 
4877 4882 4881 
4877 4878 4882 
4878 4883 4882 
4878 4879 4883 
4880 4881 4884 
4881 4885 4884 
4881 4882 4885 
4882 4886 4885 
4882 4883 4886 
4884 4885 4887 
4885 4888 4887 
4885 4886 4888 
4887 4888 4889 
4890 4891 4895 
4891 4896 4895 
4891 4892 4896 
4892 4897 4896 
4892 4893 4897 
4893 4898 4897 
4893 4894 4898 
4895 4896 4899 
4896 4900 4899 
4896 4897 4900 
4897 4901 4900 
4897 4898 4901 
4899 4900 4902 
4900 4903 4902 
4900 4901 4903 
4902 4903 4904 
4905 4906 4910 
4906 4911 4910 
4906 4907 4911 
4907 4912 4911 
4907 4908 4912 
4908 4913 4912 
4908 4909 4913 
4910 4911 4914 
4911 4915 4914 
4911 4912 4915 
4912 4916 4915 
4912 4913 4916 
4914 4915 4917 
4915 4918 4917 
4915 4916 4918 
4917 4918 4919 
4920 4921 4925 
4921 4926 4925 
4921 4922 4926 
4922 4927 4926 
4922 4923 4927 
4923 4928 4927 
4923 4924 4928 
4925 4926 4929 
4926 4930 4929 
4926 4927 4930 
4927 4931 4930 
4927 4928 4931 
4929 4930 4932 
4930 4933 4932 
4930 4931 4933 
4932 4933 4934 
4935 4936 4940 
4936 4941 4940 
4936 4937 4941 
4937 4942 4941 
4937 4938 4942 
4938 4943 4942 
4938 4939 4943 
4940 4941 4944 
4941 4945 4944 
4941 4942 4945 
4942 4946 4945 
4942 4943 4946 
4944 4945 4947 
4945 4948 4947 
4945 4946 4948 
4947 4948 4949 
4950 4951 4955 
4951 4956 4955 
4951 4952 4956 
4952 4957 4956 
4952 4953 4957 
4953 4958 4957 
4953 4954 4958 
4955 4956 4959 
4956 4960 4959 
4956 4957 4960 
4957 4961 4960 
4957 4958 4961 
4959 4960 4962 
4960 4963 4962 
4960 4961 4963 
4962 4963 4964 
4965 4966 4970 
4966 4971 4970 
4966 4967 4971 
4967 4972 4971 
4967 4968 4972 
4968 4973 4972 
4968 4969 4973 
4970 4971 4974 
4971 4975 4974 
4971 4972 4975 
4972 4976 4975 
4972 4973 4976 
4974 4975 4977 
4975 4978 4977 
4975 4976 4978 
4977 4978 4979 
4980 4981 4985 
4981 4986 4985 
4981 4982 4986 
4982 4987 4986 
4982 4983 4987 
4983 4988 4987 
4983 4984 4988 
4985 4986 4989 
4986 4990 4989 
4986 4987 4990 
4987 4991 4990 
4987 4988 4991 
4989 4990 4992 
4990 4993 4992 
4990 4991 4993 
4992 4993 4994 
4995 4996 5000 
4996 5001 5000 
4996 4997 5001 
4997 5002 5001 
4997 4998 5002 
4998 5003 5002 
4998 4999 5003 
5000 5001 5004 
5001 5005 5004 
5001 5002 5005 
5002 5006 5005 
5002 5003 5006 
5004 5005 5007 
5005 5008 5007 
5005 5006 5008 
5007 5008 5009 
5010 5011 5015 
5011 5016 5015 
5011 5012 5016 
5012 5017 5016 
5012 5013 5017 
5013 5018 5017 
5013 5014 5018 
5015 5016 5019 
5016 5020 5019 
5016 5017 5020 
5017 5021 5020 
5017 5018 5021 
5019 5020 5022 
5020 5023 5022 
5020 5021 5023 
5022 5023 5024 
5025 5026 5030 
5026 5031 5030 
5026 5027 5031 
5027 5032 5031 
5027 5028 5032 
5028 5033 5032 
5028 5029 5033 
5030 5031 5034 
5031 5035 5034 
5031 5032 5035 
5032 5036 5035 
5032 5033 5036 
5034 5035 5037 
5035 5038 5037 
5035 5036 5038 
5037 5038 5039 
5040 5041 5045 
5041 5046 5045 
5041 5042 5046 
5042 5047 5046 
5042 5043 5047 
5043 5048 5047 
5043 5044 5048 
5045 5046 5049 
5046 5050 5049 
5046 5047 5050 
5047 5051 5050 
5047 5048 5051 
5049 5050 5052 
5050 5053 5052 
5050 5051 5053 
5052 5053 5054 
5055 5056 5060 
5056 5061 5060 
5056 5057 5061 
5057 5062 5061 
5057 5058 5062 
5058 5063 5062 
5058 5059 5063 
5060 5061 5064 
5061 5065 5064 
5061 5062 5065 
5062 5066 5065 
5062 5063 5066 
5064 5065 5067 
5065 5068 5067 
5065 5066 5068 
5067 5068 5069 
5070 5071 5075 
5071 5076 5075 
5071 5072 5076 
5072 5077 5076 
5072 5073 5077 
5073 5078 5077 
5073 5074 5078 
5075 5076 5079 
5076 5080 5079 
5076 5077 5080 
5077 5081 5080 
5077 5078 5081 
5079 5080 5082 
5080 5083 5082 
5080 5081 5083 
5082 5083 5084 
5085 5086 5090 
5086 5091 5090 
5086 5087 5091 
5087 5092 5091 
5087 5088 5092 
5088 5093 5092 
5088 5089 5093 
5090 5091 5094 
5091 5095 5094 
5091 5092 5095 
5092 5096 5095 
5092 5093 5096 
5094 5095 5097 
5095 5098 5097 
5095 5096 5098 
5097 5098 5099 
5100 5101 5105 
5101 5106 5105 
5101 5102 5106 
5102 5107 5106 
5102 5103 5107 
5103 5108 5107 
5103 5104 5108 
5105 5106 5109 
5106 5110 5109 
5106 5107 5110 
5107 5111 5110 
5107 5108 5111 
5109 5110 5112 
5110 5113 5112 
5110 5111 5113 
5112 5113 5114 
5115 5116 5120 
5116 5121 5120 
5116 5117 5121 
5117 5122 5121 
5117 5118 5122 
5118 5123 5122 
5118 5119 5123 
5120 5121 5124 
5121 5125 5124 
5121 5122 5125 
5122 5126 5125 
5122 5123 5126 
5124 5125 5127 
5125 5128 5127 
5125 5126 5128 
5127 5128 5129 
5130 5131 5135 
5131 5136 5135 
5131 5132 5136 
5132 5137 5136 
5132 5133 5137 
5133 5138 5137 
5133 5134 5138 
5135 5136 5139 
5136 5140 5139 
5136 5137 5140 
5137 5141 5140 
5137 5138 5141 
5139 5140 5142 
5140 5143 5142 
5140 5141 5143 
5142 5143 5144 
5145 5146 5150 
5146 5151 5150 
5146 5147 5151 
5147 5152 5151 
5147 5148 5152 
5148 5153 5152 
5148 5149 5153 
5150 5151 5154 
5151 5155 5154 
5151 5152 5155 
5152 5156 5155 
5152 5153 5156 
5154 5155 5157 
5155 5158 5157 
5155 5156 5158 
5157 5158 5159 
5160 5161 5165 
5161 5166 5165 
5161 5162 5166 
5162 5167 5166 
5162 5163 5167 
5163 5168 5167 
5163 5164 5168 
5165 5166 5169 
5166 5170 5169 
5166 5167 5170 
5167 5171 5170 
5167 5168 5171 
5169 5170 5172 
5170 5173 5172 
5170 5171 5173 
5172 5173 5174 
5175 5176 5180 
5176 5181 5180 
5176 5177 5181 
5177 5182 5181 
5177 5178 5182 
5178 5183 5182 
5178 5179 5183 
5180 5181 5184 
5181 5185 5184 
5181 5182 5185 
5182 5186 5185 
5182 5183 5186 
5184 5185 5187 
5185 5188 5187 
5185 5186 5188 
5187 5188 5189 
5190 5191 5195 
5191 5196 5195 
5191 5192 5196 
5192 5197 5196 
5192 5193 5197 
5193 5198 5197 
5193 5194 5198 
5195 5196 5199 
5196 5200 5199 
5196 5197 5200 
5197 5201 5200 
5197 5198 5201 
5199 5200 5202 
5200 5203 5202 
5200 5201 5203 
5202 5203 5204 
5205 5206 5210 
5206 5211 5210 
5206 5207 5211 
5207 5212 5211 
5207 5208 5212 
5208 5213 5212 
5208 5209 5213 
5210 5211 5214 
5211 5215 5214 
5211 5212 5215 
5212 5216 5215 
5212 5213 5216 
5214 5215 5217 
5215 5218 5217 
5215 5216 5218 
5217 5218 5219 
5220 5221 5225 
5221 5226 5225 
5221 5222 5226 
5222 5227 5226 
5222 5223 5227 
5223 5228 5227 
5223 5224 5228 
5225 5226 5229 
5226 5230 5229 
5226 5227 5230 
5227 5231 5230 
5227 5228 5231 
5229 5230 5232 
5230 5233 5232 
5230 5231 5233 
5232 5233 5234 
5235 5236 5240 
5236 5241 5240 
5236 5237 5241 
5237 5242 5241 
5237 5238 5242 
5238 5243 5242 
5238 5239 5243 
5240 5241 5244 
5241 5245 5244 
5241 5242 5245 
5242 5246 5245 
5242 5243 5246 
5244 5245 5247 
5245 5248 5247 
5245 5246 5248 
5247 5248 5249 
5250 5251 5255 
5251 5256 5255 
5251 5252 5256 
5252 5257 5256 
5252 5253 5257 
5253 5258 5257 
5253 5254 5258 
5255 5256 5259 
5256 5260 5259 
5256 5257 5260 
5257 5261 5260 
5257 5258 5261 
5259 5260 5262 
5260 5263 5262 
5260 5261 5263 
5262 5263 5264 
5265 5266 5270 
5266 5271 5270 
5266 5267 5271 
5267 5272 5271 
5267 5268 5272 
5268 5273 5272 
5268 5269 5273 
5270 5271 5274 
5271 5275 5274 
5271 5272 5275 
5272 5276 5275 
5272 5273 5276 
5274 5275 5277 
5275 5278 5277 
5275 5276 5278 
5277 5278 5279 
5280 5281 5285 
5281 5286 5285 
5281 5282 5286 
5282 5287 5286 
5282 5283 5287 
5283 5288 5287 
5283 5284 5288 
5285 5286 5289 
5286 5290 5289 
5286 5287 5290 
5287 5291 5290 
5287 5288 5291 
5289 5290 5292 
5290 5293 5292 
5290 5291 5293 
5292 5293 5294 
5295 5296 5300 
5296 5301 5300 
5296 5297 5301 
5297 5302 5301 
5297 5298 5302 
5298 5303 5302 
5298 5299 5303 
5300 5301 5304 
5301 5305 5304 
5301 5302 5305 
5302 5306 5305 
5302 5303 5306 
5304 5305 5307 
5305 5308 5307 
5305 5306 5308 
5307 5308 5309 
5310 5311 5315 
5311 5316 5315 
5311 5312 5316 
5312 5317 5316 
5312 5313 5317 
5313 5318 5317 
5313 5314 5318 
5315 5316 5319 
5316 5320 5319 
5316 5317 5320 
5317 5321 5320 
5317 5318 5321 
5319 5320 5322 
5320 5323 5322 
5320 5321 5323 
5322 5323 5324 
5325 5326 5330 
5326 5331 5330 
5326 5327 5331 
5327 5332 5331 
5327 5328 5332 
5328 5333 5332 
5328 5329 5333 
5330 5331 5334 
5331 5335 5334 
5331 5332 5335 
5332 5336 5335 
5332 5333 5336 
5334 5335 5337 
5335 5338 5337 
5335 5336 5338 
5337 5338 5339 
5340 5341 5345 
5341 5346 5345 
5341 5342 5346 
5342 5347 5346 
5342 5343 5347 
5343 5348 5347 
5343 5344 5348 
5345 5346 5349 
5346 5350 5349 
5346 5347 5350 
5347 5351 5350 
5347 5348 5351 
5349 5350 5352 
5350 5353 5352 
5350 5351 5353 
5352 5353 5354 
5355 5356 5360 
5356 5361 5360 
5356 5357 5361 
5357 5362 5361 
5357 5358 5362 
5358 5363 5362 
5358 5359 5363 
5360 5361 5364 
5361 5365 5364 
5361 5362 5365 
5362 5366 5365 
5362 5363 5366 
5364 5365 5367 
5365 5368 5367 
5365 5366 5368 
5367 5368 5369 
5370 5371 5375 
5371 5376 5375 
5371 5372 5376 
5372 5377 5376 
5372 5373 5377 
5373 5378 5377 
5373 5374 5378 
5375 5376 5379 
5376 5380 5379 
5376 5377 5380 
5377 5381 5380 
5377 5378 5381 
5379 5380 5382 
5380 5383 5382 
5380 5381 5383 
5382 5383 5384 
5385 5386 5390 
5386 5391 5390 
5386 5387 5391 
5387 5392 5391 
5387 5388 5392 
5388 5393 5392 
5388 5389 5393 
5390 5391 5394 
5391 5395 5394 
5391 5392 5395 
5392 5396 5395 
5392 5393 5396 
5394 5395 5397 
5395 5398 5397 
5395 5396 5398 
5397 5398 5399 
5400 5401 5405 
5401 5406 5405 
5401 5402 5406 
5402 5407 5406 
5402 5403 5407 
5403 5408 5407 
5403 5404 5408 
5405 5406 5409 
5406 5410 5409 
5406 5407 5410 
5407 5411 5410 
5407 5408 5411 
5409 5410 5412 
5410 5413 5412 
5410 5411 5413 
5412 5413 5414 
5415 5416 5420 
5416 5421 5420 
5416 5417 5421 
5417 5422 5421 
5417 5418 5422 
5418 5423 5422 
5418 5419 5423 
5420 5421 5424 
5421 5425 5424 
5421 5422 5425 
5422 5426 5425 
5422 5423 5426 
5424 5425 5427 
5425 5428 5427 
5425 5426 5428 
5427 5428 5429 
5430 5431 5435 
5431 5436 5435 
5431 5432 5436 
5432 5437 5436 
5432 5433 5437 
5433 5438 5437 
5433 5434 5438 
5435 5436 5439 
5436 5440 5439 
5436 5437 5440 
5437 5441 5440 
5437 5438 5441 
5439 5440 5442 
5440 5443 5442 
5440 5441 5443 
5442 5443 5444 
5445 5446 5450 
5446 5451 5450 
5446 5447 5451 
5447 5452 5451 
5447 5448 5452 
5448 5453 5452 
5448 5449 5453 
5450 5451 5454 
5451 5455 5454 
5451 5452 5455 
5452 5456 5455 
5452 5453 5456 
5454 5455 5457 
5455 5458 5457 
5455 5456 5458 
5457 5458 5459 
5460 5461 5465 
5461 5466 5465 
5461 5462 5466 
5462 5467 5466 
5462 5463 5467 
5463 5468 5467 
5463 5464 5468 
5465 5466 5469 
5466 5470 5469 
5466 5467 5470 
5467 5471 5470 
5467 5468 5471 
5469 5470 5472 
5470 5473 5472 
5470 5471 5473 
5472 5473 5474 
5475 5476 5480 
5476 5481 5480 
5476 5477 5481 
5477 5482 5481 
5477 5478 5482 
5478 5483 5482 
5478 5479 5483 
5480 5481 5484 
5481 5485 5484 
5481 5482 5485 
5482 5486 5485 
5482 5483 5486 
5484 5485 5487 
5485 5488 5487 
5485 5486 5488 
5487 5488 5489 
5490 5491 5495 
5491 5496 5495 
5491 5492 5496 
5492 5497 5496 
5492 5493 5497 
5493 5498 5497 
5493 5494 5498 
5495 5496 5499 
5496 5500 5499 
5496 5497 5500 
5497 5501 5500 
5497 5498 5501 
5499 5500 5502 
5500 5503 5502 
5500 5501 5503 
5502 5503 5504 
5505 5506 5510 
5506 5511 5510 
5506 5507 5511 
5507 5512 5511 
5507 5508 5512 
5508 5513 5512 
5508 5509 5513 
5510 5511 5514 
5511 5515 5514 
5511 5512 5515 
5512 5516 5515 
5512 5513 5516 
5514 5515 5517 
5515 5518 5517 
5515 5516 5518 
5517 5518 5519 
5520 5521 5525 
5521 5526 5525 
5521 5522 5526 
5522 5527 5526 
5522 5523 5527 
5523 5528 5527 
5523 5524 5528 
5525 5526 5529 
5526 5530 5529 
5526 5527 5530 
5527 5531 5530 
5527 5528 5531 
5529 5530 5532 
5530 5533 5532 
5530 5531 5533 
5532 5533 5534 
5535 5536 5540 
5536 5541 5540 
5536 5537 5541 
5537 5542 5541 
5537 5538 5542 
5538 5543 5542 
5538 5539 5543 
5540 5541 5544 
5541 5545 5544 
5541 5542 5545 
5542 5546 5545 
5542 5543 5546 
5544 5545 5547 
5545 5548 5547 
5545 5546 5548 
5547 5548 5549 
5550 5551 5555 
5551 5556 5555 
5551 5552 5556 
5552 5557 5556 
5552 5553 5557 
5553 5558 5557 
5553 5554 5558 
5555 5556 5559 
5556 5560 5559 
5556 5557 5560 
5557 5561 5560 
5557 5558 5561 
5559 5560 5562 
5560 5563 5562 
5560 5561 5563 
5562 5563 5564 
5565 5566 5570 
5566 5571 5570 
5566 5567 5571 
5567 5572 5571 
5567 5568 5572 
5568 5573 5572 
5568 5569 5573 
5570 5571 5574 
5571 5575 5574 
5571 5572 5575 
5572 5576 5575 
5572 5573 5576 
5574 5575 5577 
5575 5578 5577 
5575 5576 5578 
5577 5578 5579 
5580 5581 5585 
5581 5586 5585 
5581 5582 5586 
5582 5587 5586 
5582 5583 5587 
5583 5588 5587 
5583 5584 5588 
5585 5586 5589 
5586 5590 5589 
5586 5587 5590 
5587 5591 5590 
5587 5588 5591 
5589 5590 5592 
5590 5593 5592 
5590 5591 5593 
5592 5593 5594 
5595 5596 5600 
5596 5601 5600 
5596 5597 5601 
5597 5602 5601 
5597 5598 5602 
5598 5603 5602 
5598 5599 5603 
5600 5601 5604 
5601 5605 5604 
5601 5602 5605 
5602 5606 5605 
5602 5603 5606 
5604 5605 5607 
5605 5608 5607 
5605 5606 5608 
5607 5608 5609 
5610 5611 5615 
5611 5616 5615 
5611 5612 5616 
5612 5617 5616 
5612 5613 5617 
5613 5618 5617 
5613 5614 5618 
5615 5616 5619 
5616 5620 5619 
5616 5617 5620 
5617 5621 5620 
5617 5618 5621 
5619 5620 5622 
5620 5623 5622 
5620 5621 5623 
5622 5623 5624 
5625 5626 5630 
5626 5631 5630 
5626 5627 5631 
5627 5632 5631 
5627 5628 5632 
5628 5633 5632 
5628 5629 5633 
5630 5631 5634 
5631 5635 5634 
5631 5632 5635 
5632 5636 5635 
5632 5633 5636 
5634 5635 5637 
5635 5638 5637 
5635 5636 5638 
5637 5638 5639 
5640 5641 5645 
5641 5646 5645 
5641 5642 5646 
5642 5647 5646 
5642 5643 5647 
5643 5648 5647 
5643 5644 5648 
5645 5646 5649 
5646 5650 5649 
5646 5647 5650 
5647 5651 5650 
5647 5648 5651 
5649 5650 5652 
5650 5653 5652 
5650 5651 5653 
5652 5653 5654 
5655 5656 5660 
5656 5661 5660 
5656 5657 5661 
5657 5662 5661 
5657 5658 5662 
5658 5663 5662 
5658 5659 5663 
5660 5661 5664 
5661 5665 5664 
5661 5662 5665 
5662 5666 5665 
5662 5663 5666 
5664 5665 5667 
5665 5668 5667 
5665 5666 5668 
5667 5668 5669 
5670 5671 5675 
5671 5676 5675 
5671 5672 5676 
5672 5677 5676 
5672 5673 5677 
5673 5678 5677 
5673 5674 5678 
5675 5676 5679 
5676 5680 5679 
5676 5677 5680 
5677 5681 5680 
5677 5678 5681 
5679 5680 5682 
5680 5683 5682 
5680 5681 5683 
5682 5683 5684 
5685 5686 5690 
5686 5691 5690 
5686 5687 5691 
5687 5692 5691 
5687 5688 5692 
5688 5693 5692 
5688 5689 5693 
5690 5691 5694 
5691 5695 5694 
5691 5692 5695 
5692 5696 5695 
5692 5693 5696 
5694 5695 5697 
5695 5698 5697 
5695 5696 5698 
5697 5698 5699 
5700 5701 5705 
5701 5706 5705 
5701 5702 5706 
5702 5707 5706 
5702 5703 5707 
5703 5708 5707 
5703 5704 5708 
5705 5706 5709 
5706 5710 5709 
5706 5707 5710 
5707 5711 5710 
5707 5708 5711 
5709 5710 5712 
5710 5713 5712 
5710 5711 5713 
5712 5713 5714 
5715 5716 5720 
5716 5721 5720 
5716 5717 5721 
5717 5722 5721 
5717 5718 5722 
5718 5723 5722 
5718 5719 5723 
5720 5721 5724 
5721 5725 5724 
5721 5722 5725 
5722 5726 5725 
5722 5723 5726 
5724 5725 5727 
5725 5728 5727 
5725 5726 5728 
5727 5728 5729 
5730 5731 5735 
5731 5736 5735 
5731 5732 5736 
5732 5737 5736 
5732 5733 5737 
5733 5738 5737 
5733 5734 5738 
5735 5736 5739 
5736 5740 5739 
5736 5737 5740 
5737 5741 5740 
5737 5738 5741 
5739 5740 5742 
5740 5743 5742 
5740 5741 5743 
5742 5743 5744 
5745 5746 5750 
5746 5751 5750 
5746 5747 5751 
5747 5752 5751 
5747 5748 5752 
5748 5753 5752 
5748 5749 5753 
5750 5751 5754 
5751 5755 5754 
5751 5752 5755 
5752 5756 5755 
5752 5753 5756 
5754 5755 5757 
5755 5758 5757 
5755 5756 5758 
5757 5758 5759 
5760 5761 5765 
5761 5766 5765 
5761 5762 5766 
5762 5767 5766 
5762 5763 5767 
5763 5768 5767 
5763 5764 5768 
5765 5766 5769 
5766 5770 5769 
5766 5767 5770 
5767 5771 5770 
5767 5768 5771 
5769 5770 5772 
5770 5773 5772 
5770 5771 5773 
5772 5773 5774 
5775 5776 5780 
5776 5781 5780 
5776 5777 5781 
5777 5782 5781 
5777 5778 5782 
5778 5783 5782 
5778 5779 5783 
5780 5781 5784 
5781 5785 5784 
5781 5782 5785 
5782 5786 5785 
5782 5783 5786 
5784 5785 5787 
5785 5788 5787 
5785 5786 5788 
5787 5788 5789 
5790 5791 5795 
5791 5796 5795 
5791 5792 5796 
5792 5797 5796 
5792 5793 5797 
5793 5798 5797 
5793 5794 5798 
5795 5796 5799 
5796 5800 5799 
5796 5797 5800 
5797 5801 5800 
5797 5798 5801 
5799 5800 5802 
5800 5803 5802 
5800 5801 5803 
5802 5803 5804 
5805 5806 5810 
5806 5811 5810 
5806 5807 5811 
5807 5812 5811 
5807 5808 5812 
5808 5813 5812 
5808 5809 5813 
5810 5811 5814 
5811 5815 5814 
5811 5812 5815 
5812 5816 5815 
5812 5813 5816 
5814 5815 5817 
5815 5818 5817 
5815 5816 5818 
5817 5818 5819 
5820 5821 5825 
5821 5826 5825 
5821 5822 5826 
5822 5827 5826 
5822 5823 5827 
5823 5828 5827 
5823 5824 5828 
5825 5826 5829 
5826 5830 5829 
5826 5827 5830 
5827 5831 5830 
5827 5828 5831 
5829 5830 5832 
5830 5833 5832 
5830 5831 5833 
5832 5833 5834 
5835 5836 5840 
5836 5841 5840 
5836 5837 5841 
5837 5842 5841 
5837 5838 5842 
5838 5843 5842 
5838 5839 5843 
5840 5841 5844 
5841 5845 5844 
5841 5842 5845 
5842 5846 5845 
5842 5843 5846 
5844 5845 5847 
5845 5848 5847 
5845 5846 5848 
5847 5848 5849 
5850 5851 5855 
5851 5856 5855 
5851 5852 5856 
5852 5857 5856 
5852 5853 5857 
5853 5858 5857 
5853 5854 5858 
5855 5856 5859 
5856 5860 5859 
5856 5857 5860 
5857 5861 5860 
5857 5858 5861 
5859 5860 5862 
5860 5863 5862 
5860 5861 5863 
5862 5863 5864 
5865 5866 5870 
5866 5871 5870 
5866 5867 5871 
5867 5872 5871 
5867 5868 5872 
5868 5873 5872 
5868 5869 5873 
5870 5871 5874 
5871 5875 5874 
5871 5872 5875 
5872 5876 5875 
5872 5873 5876 
5874 5875 5877 
5875 5878 5877 
5875 5876 5878 
5877 5878 5879 
5880 5881 5885 
5881 5886 5885 
5881 5882 5886 
5882 5887 5886 
5882 5883 5887 
5883 5888 5887 
5883 5884 5888 
5885 5886 5889 
5886 5890 5889 
5886 5887 5890 
5887 5891 5890 
5887 5888 5891 
5889 5890 5892 
5890 5893 5892 
5890 5891 5893 
5892 5893 5894 
5895 5896 5900 
5896 5901 5900 
5896 5897 5901 
5897 5902 5901 
5897 5898 5902 
5898 5903 5902 
5898 5899 5903 
5900 5901 5904 
5901 5905 5904 
5901 5902 5905 
5902 5906 5905 
5902 5903 5906 
5904 5905 5907 
5905 5908 5907 
5905 5906 5908 
5907 5908 5909 
5910 5911 5915 
5911 5916 5915 
5911 5912 5916 
5912 5917 5916 
5912 5913 5917 
5913 5918 5917 
5913 5914 5918 
5915 5916 5919 
5916 5920 5919 
5916 5917 5920 
5917 5921 5920 
5917 5918 5921 
5919 5920 5922 
5920 5923 5922 
5920 5921 5923 
5922 5923 5924 
5925 5926 5930 
5926 5931 5930 
5926 5927 5931 
5927 5932 5931 
5927 5928 5932 
5928 5933 5932 
5928 5929 5933 
5930 5931 5934 
5931 5935 5934 
5931 5932 5935 
5932 5936 5935 
5932 5933 5936 
5934 5935 5937 
5935 5938 5937 
5935 5936 5938 
5937 5938 5939 
5940 5941 5945 
5941 5946 5945 
5941 5942 5946 
5942 5947 5946 
5942 5943 5947 
5943 5948 5947 
5943 5944 5948 
5945 5946 5949 
5946 5950 5949 
5946 5947 5950 
5947 5951 5950 
5947 5948 5951 
5949 5950 5952 
5950 5953 5952 
5950 5951 5953 
5952 5953 5954 
5955 5956 5960 
5956 5961 5960 
5956 5957 5961 
5957 5962 5961 
5957 5958 5962 
5958 5963 5962 
5958 5959 5963 
5960 5961 5964 
5961 5965 5964 
5961 5962 5965 
5962 5966 5965 
5962 5963 5966 
5964 5965 5967 
5965 5968 5967 
5965 5966 5968 
5967 5968 5969 
5970 5971 5975 
5971 5976 5975 
5971 5972 5976 
5972 5977 5976 
5972 5973 5977 
5973 5978 5977 
5973 5974 5978 
5975 5976 5979 
5976 5980 5979 
5976 5977 5980 
5977 5981 5980 
5977 5978 5981 
5979 5980 5982 
5980 5983 5982 
5980 5981 5983 
5982 5983 5984 
5985 5986 5990 
5986 5991 5990 
5986 5987 5991 
5987 5992 5991 
5987 5988 5992 
5988 5993 5992 
5988 5989 5993 
5990 5991 5994 
5991 5995 5994 
5991 5992 5995 
5992 5996 5995 
5992 5993 5996 
5994 5995 5997 
5995 5998 5997 
5995 5996 5998 
5997 5998 5999 
6000 6001 6005 
6001 6006 6005 
6001 6002 6006 
6002 6007 6006 
6002 6003 6007 
6003 6008 6007 
6003 6004 6008 
6005 6006 6009 
6006 6010 6009 
6006 6007 6010 
6007 6011 6010 
6007 6008 6011 
6009 6010 6012 
6010 6013 6012 
6010 6011 6013 
6012 6013 6014 
6015 6016 6020 
6016 6021 6020 
6016 6017 6021 
6017 6022 6021 
6017 6018 6022 
6018 6023 6022 
6018 6019 6023 
6020 6021 6024 
6021 6025 6024 
6021 6022 6025 
6022 6026 6025 
6022 6023 6026 
6024 6025 6027 
6025 6028 6027 
6025 6026 6028 
6027 6028 6029 
6030 6031 6035 
6031 6036 6035 
6031 6032 6036 
6032 6037 6036 
6032 6033 6037 
6033 6038 6037 
6033 6034 6038 
6035 6036 6039 
6036 6040 6039 
6036 6037 6040 
6037 6041 6040 
6037 6038 6041 
6039 6040 6042 
6040 6043 6042 
6040 6041 6043 
6042 6043 6044 
6045 6046 6050 
6046 6051 6050 
6046 6047 6051 
6047 6052 6051 
6047 6048 6052 
6048 6053 6052 
6048 6049 6053 
6050 6051 6054 
6051 6055 6054 
6051 6052 6055 
6052 6056 6055 
6052 6053 6056 
6054 6055 6057 
6055 6058 6057 
6055 6056 6058 
6057 6058 6059 
6060 6061 6065 
6061 6066 6065 
6061 6062 6066 
6062 6067 6066 
6062 6063 6067 
6063 6068 6067 
6063 6064 6068 
6065 6066 6069 
6066 6070 6069 
6066 6067 6070 
6067 6071 6070 
6067 6068 6071 
6069 6070 6072 
6070 6073 6072 
6070 6071 6073 
6072 6073 6074 
6075 6076 6080 
6076 6081 6080 
6076 6077 6081 
6077 6082 6081 
6077 6078 6082 
6078 6083 6082 
6078 6079 6083 
6080 6081 6084 
6081 6085 6084 
6081 6082 6085 
6082 6086 6085 
6082 6083 6086 
6084 6085 6087 
6085 6088 6087 
6085 6086 6088 
6087 6088 6089 
6090 6091 6095 
6091 6096 6095 
6091 6092 6096 
6092 6097 6096 
6092 6093 6097 
6093 6098 6097 
6093 6094 6098 
6095 6096 6099 
6096 6100 6099 
6096 6097 6100 
6097 6101 6100 
6097 6098 6101 
6099 6100 6102 
6100 6103 6102 
6100 6101 6103 
6102 6103 6104 
6105 6106 6110 
6106 6111 6110 
6106 6107 6111 
6107 6112 6111 
6107 6108 6112 
6108 6113 6112 
6108 6109 6113 
6110 6111 6114 
6111 6115 6114 
6111 6112 6115 
6112 6116 6115 
6112 6113 6116 
6114 6115 6117 
6115 6118 6117 
6115 6116 6118 
6117 6118 6119 
6120 6121 6125 
6121 6126 6125 
6121 6122 6126 
6122 6127 6126 
6122 6123 6127 
6123 6128 6127 
6123 6124 6128 
6125 6126 6129 
6126 6130 6129 
6126 6127 6130 
6127 6131 6130 
6127 6128 6131 
6129 6130 6132 
6130 6133 6132 
6130 6131 6133 
6132 6133 6134 
6135 6136 6140 
6136 6141 6140 
6136 6137 6141 
6137 6142 6141 
6137 6138 6142 
6138 6143 6142 
6138 6139 6143 
6140 6141 6144 
6141 6145 6144 
6141 6142 6145 
6142 6146 6145 
6142 6143 6146 
6144 6145 6147 
6145 6148 6147 
6145 6146 6148 
6147 6148 6149 
6150 6151 6155 
6151 6156 6155 
6151 6152 6156 
6152 6157 6156 
6152 6153 6157 
6153 6158 6157 
6153 6154 6158 
6155 6156 6159 
6156 6160 6159 
6156 6157 6160 
6157 6161 6160 
6157 6158 6161 
6159 6160 6162 
6160 6163 6162 
6160 6161 6163 
6162 6163 6164 
6165 6166 6170 
6166 6171 6170 
6166 6167 6171 
6167 6172 6171 
6167 6168 6172 
6168 6173 6172 
6168 6169 6173 
6170 6171 6174 
6171 6175 6174 
6171 6172 6175 
6172 6176 6175 
6172 6173 6176 
6174 6175 6177 
6175 6178 6177 
6175 6176 6178 
6177 6178 6179 
6180 6181 6185 
6181 6186 6185 
6181 6182 6186 
6182 6187 6186 
6182 6183 6187 
6183 6188 6187 
6183 6184 6188 
6185 6186 6189 
6186 6190 6189 
6186 6187 6190 
6187 6191 6190 
6187 6188 6191 
6189 6190 6192 
6190 6193 6192 
6190 6191 6193 
6192 6193 6194 
6195 6196 6200 
6196 6201 6200 
6196 6197 6201 
6197 6202 6201 
6197 6198 6202 
6198 6203 6202 
6198 6199 6203 
6200 6201 6204 
6201 6205 6204 
6201 6202 6205 
6202 6206 6205 
6202 6203 6206 
6204 6205 6207 
6205 6208 6207 
6205 6206 6208 
6207 6208 6209 
6210 6211 6215 
6211 6216 6215 
6211 6212 6216 
6212 6217 6216 
6212 6213 6217 
6213 6218 6217 
6213 6214 6218 
6215 6216 6219 
6216 6220 6219 
6216 6217 6220 
6217 6221 6220 
6217 6218 6221 
6219 6220 6222 
6220 6223 6222 
6220 6221 6223 
6222 6223 6224 
6225 6226 6230 
6226 6231 6230 
6226 6227 6231 
6227 6232 6231 
6227 6228 6232 
6228 6233 6232 
6228 6229 6233 
6230 6231 6234 
6231 6235 6234 
6231 6232 6235 
6232 6236 6235 
6232 6233 6236 
6234 6235 6237 
6235 6238 6237 
6235 6236 6238 
6237 6238 6239 
6240 6241 6245 
6241 6246 6245 
6241 6242 6246 
6242 6247 6246 
6242 6243 6247 
6243 6248 6247 
6243 6244 6248 
6245 6246 6249 
6246 6250 6249 
6246 6247 6250 
6247 6251 6250 
6247 6248 6251 
6249 6250 6252 
6250 6253 6252 
6250 6251 6253 
6252 6253 6254 
6255 6256 6260 
6256 6261 6260 
6256 6257 6261 
6257 6262 6261 
6257 6258 6262 
6258 6263 6262 
6258 6259 6263 
6260 6261 6264 
6261 6265 6264 
6261 6262 6265 
6262 6266 6265 
6262 6263 6266 
6264 6265 6267 
6265 6268 6267 
6265 6266 6268 
6267 6268 6269 
6270 6271 6275 
6271 6276 6275 
6271 6272 6276 
6272 6277 6276 
6272 6273 6277 
6273 6278 6277 
6273 6274 6278 
6275 6276 6279 
6276 6280 6279 
6276 6277 6280 
6277 6281 6280 
6277 6278 6281 
6279 6280 6282 
6280 6283 6282 
6280 6281 6283 
6282 6283 6284 
6285 6286 6290 
6286 6291 6290 
6286 6287 6291 
6287 6292 6291 
6287 6288 6292 
6288 6293 6292 
6288 6289 6293 
6290 6291 6294 
6291 6295 6294 
6291 6292 6295 
6292 6296 6295 
6292 6293 6296 
6294 6295 6297 
6295 6298 6297 
6295 6296 6298 
6297 6298 6299 
6300 6301 6305 
6301 6306 6305 
6301 6302 6306 
6302 6307 6306 
6302 6303 6307 
6303 6308 6307 
6303 6304 6308 
6305 6306 6309 
6306 6310 6309 
6306 6307 6310 
6307 6311 6310 
6307 6308 6311 
6309 6310 6312 
6310 6313 6312 
6310 6311 6313 
6312 6313 6314 
6315 6316 6320 
6316 6321 6320 
6316 6317 6321 
6317 6322 6321 
6317 6318 6322 
6318 6323 6322 
6318 6319 6323 
6320 6321 6324 
6321 6325 6324 
6321 6322 6325 
6322 6326 6325 
6322 6323 6326 
6324 6325 6327 
6325 6328 6327 
6325 6326 6328 
6327 6328 6329 
6330 6331 6335 
6331 6336 6335 
6331 6332 6336 
6332 6337 6336 
6332 6333 6337 
6333 6338 6337 
6333 6334 6338 
6335 6336 6339 
6336 6340 6339 
6336 6337 6340 
6337 6341 6340 
6337 6338 6341 
6339 6340 6342 
6340 6343 6342 
6340 6341 6343 
6342 6343 6344 
6345 6346 6350 
6346 6351 6350 
6346 6347 6351 
6347 6352 6351 
6347 6348 6352 
6348 6353 6352 
6348 6349 6353 
6350 6351 6354 
6351 6355 6354 
6351 6352 6355 
6352 6356 6355 
6352 6353 6356 
6354 6355 6357 
6355 6358 6357 
6355 6356 6358 
6357 6358 6359 
6360 6361 6365 
6361 6366 6365 
6361 6362 6366 
6362 6367 6366 
6362 6363 6367 
6363 6368 6367 
6363 6364 6368 
6365 6366 6369 
6366 6370 6369 
6366 6367 6370 
6367 6371 6370 
6367 6368 6371 
6369 6370 6372 
6370 6373 6372 
6370 6371 6373 
6372 6373 6374 
6375 6376 6380 
6376 6381 6380 
6376 6377 6381 
6377 6382 6381 
6377 6378 6382 
6378 6383 6382 
6378 6379 6383 
6380 6381 6384 
6381 6385 6384 
6381 6382 6385 
6382 6386 6385 
6382 6383 6386 
6384 6385 6387 
6385 6388 6387 
6385 6386 6388 
6387 6388 6389 
6390 6391 6395 
6391 6396 6395 
6391 6392 6396 
6392 6397 6396 
6392 6393 6397 
6393 6398 6397 
6393 6394 6398 
6395 6396 6399 
6396 6400 6399 
6396 6397 6400 
6397 6401 6400 
6397 6398 6401 
6399 6400 6402 
6400 6403 6402 
6400 6401 6403 
6402 6403 6404 
</DataArray>
<DataArray type="Int32" Name="offsets" format="ascii">
3
6
9
12
15
18
21
24
27
30
33
36
39
42
45
48
51
54
57
60
63
66
69
72
75
78
81
84
87
90
93
96
99
102
105
108
111
114
117
120
123
126
129
132
135
138
141
144
147
150
153
156
159
162
165
168
171
174
177
180
183
186
189
192
195
198
201
204
207
210
213
216
219
222
225
228
231
234
237
240
243
246
249
252
255
258
261
264
267
270
273
276
279
282
285
288
291
294
297
300
303
306
309
312
315
318
321
324
327
330
333
336
339
342
345
348
351
354
357
360
363
366
369
372
375
378
381
384
387
390
393
396
399
402
405
408
411
414
417
420
423
426
429
432
435
438
441
444
447
450
453
456
459
462
465
468
471
474
477
480
483
486
489
492
495
498
501
504
507
510
513
516
519
522
525
528
531
534
537
540
543
546
549
552
555
558
561
564
567
570
573
576
579
582
585
588
591
594
597
600
603
606
609
612
615
618
621
624
627
630
633
636
639
642
645
648
651
654
657
660
663
666
669
672
675
678
681
684
687
690
693
696
699
702
705
708
711
714
717
720
723
726
729
732
735
738
741
744
747
750
753
756
759
762
765
768
771
774
777
780
783
786
789
792
795
798
801
804
807
810
813
816
819
822
825
828
831
834
837
840
843
846
849
852
855
858
861
864
867
870
873
876
879
882
885
888
891
894
897
900
903
906
909
912
915
918
921
924
927
930
933
936
939
942
945
948
951
954
957
960
963
966
969
972
975
978
981
984
987
990
993
996
999
1002
1005
1008
1011
1014
1017
1020
1023
1026
1029
1032
1035
1038
1041
1044
1047
1050
1053
1056
1059
1062
1065
1068
1071
1074
1077
1080
1083
1086
1089
1092
1095
1098
1101
1104
1107
1110
1113
1116
1119
1122
1125
1128
1131
1134
1137
1140
1143
1146
1149
1152
1155
1158
1161
1164
1167
1170
1173
1176
1179
1182
1185
1188
1191
1194
1197
1200
1203
1206
1209
1212
1215
1218
1221
1224
1227
1230
1233
1236
1239
1242
1245
1248
1251
1254
1257
1260
1263
1266
1269
1272
1275
1278
1281
1284
1287
1290
1293
1296
1299
1302
1305
1308
1311
1314
1317
1320
1323
1326
1329
1332
1335
1338
1341
1344
1347
1350
1353
1356
1359
1362
1365
1368
1371
1374
1377
1380
1383
1386
1389
1392
1395
1398
1401
1404
1407
1410
1413
1416
1419
1422
1425
1428
1431
1434
1437
1440
1443
1446
1449
1452
1455
1458
1461
1464
1467
1470
1473
1476
1479
1482
1485
1488
1491
1494
1497
1500
1503
1506
1509
1512
1515
1518
1521
1524
1527
1530
1533
1536
1539
1542
1545
1548
1551
1554
1557
1560
1563
1566
1569
1572
1575
1578
1581
1584
1587
1590
1593
1596
1599
1602
1605
1608
1611
1614
1617
1620
1623
1626
1629
1632
1635
1638
1641
1644
1647
1650
1653
1656
1659
1662
1665
1668
1671
1674
1677
1680
1683
1686
1689
1692
1695
1698
1701
1704
1707
1710
1713
1716
1719
1722
1725
1728
1731
1734
1737
1740
1743
1746
1749
1752
1755
1758
1761
1764
1767
1770
1773
1776
1779
1782
1785
1788
1791
1794
1797
1800
1803
1806
1809
1812
1815
1818
1821
1824
1827
1830
1833
1836
1839
1842
1845
1848
1851
1854
1857
1860
1863
1866
1869
1872
1875
1878
1881
1884
1887
1890
1893
1896
1899
1902
1905
1908
1911
1914
1917
1920
1923
1926
1929
1932
1935
1938
1941
1944
1947
1950
1953
1956
1959
1962
1965
1968
1971
1974
1977
1980
1983
1986
1989
1992
1995
1998
2001
2004
2007
2010
2013
2016
2019
2022
2025
2028
2031
2034
2037
2040
2043
2046
2049
2052
2055
2058
2061
2064
2067
2070
2073
2076
2079
2082
2085
2088
2091
2094
2097
2100
2103
2106
2109
2112
2115
2118
2121
2124
2127
2130
2133
2136
2139
2142
2145
2148
2151
2154
2157
2160
2163
2166
2169
2172
2175
2178
2181
2184
2187
2190
2193
2196
2199
2202
2205
2208
2211
2214
2217
2220
2223
2226
2229
2232
2235
2238
2241
2244
2247
2250
2253
2256
2259
2262
2265
2268
2271
2274
2277
2280
2283
2286
2289
2292
2295
2298
2301
2304
2307
2310
2313
2316
2319
2322
2325
2328
2331
2334
2337
2340
2343
2346
2349
2352
2355
2358
2361
2364
2367
2370
2373
2376
2379
2382
2385
2388
2391
2394
2397
2400
2403
2406
2409
2412
2415
2418
2421
2424
2427
2430
2433
2436
2439
2442
2445
2448
2451
2454
2457
2460
2463
2466
2469
2472
2475
2478
2481
2484
2487
2490
2493
2496
2499
2502
2505
2508
2511
2514
2517
2520
2523
2526
2529
2532
2535
2538
2541
2544
2547
2550
2553
2556
2559
2562
2565
2568
2571
2574
2577
2580
2583
2586
2589
2592
2595
2598
2601
2604
2607
2610
2613
2616
2619
2622
2625
2628
2631
2634
2637
2640
2643
2646
2649
2652
2655
2658
2661
2664
2667
2670
2673
2676
2679
2682
2685
2688
2691
2694
2697
2700
2703
2706
2709
2712
2715
2718
2721
2724
2727
2730
2733
2736
2739
2742
2745
2748
2751
2754
2757
2760
2763
2766
2769
2772
2775
2778
2781
2784
2787
2790
2793
2796
2799
2802
2805
2808
2811
2814
2817
2820
2823
2826
2829
2832
2835
2838
2841
2844
2847
2850
2853
2856
2859
2862
2865
2868
2871
2874
2877
2880
2883
2886
2889
2892
2895
2898
2901
2904
2907
2910
2913
2916
2919
2922
2925
2928
2931
2934
2937
2940
2943
2946
2949
2952
2955
2958
2961
2964
2967
2970
2973
2976
2979
2982
2985
2988
2991
2994
2997
3000
3003
3006
3009
3012
3015
3018
3021
3024
3027
3030
3033
3036
3039
3042
3045
3048
3051
3054
3057
3060
3063
3066
3069
3072
3075
3078
3081
3084
3087
3090
3093
3096
3099
3102
3105
3108
3111
3114
3117
3120
3123
3126
3129
3132
3135
3138
3141
3144
3147
3150
3153
3156
3159
3162
3165
3168
3171
3174
3177
3180
3183
3186
3189
3192
3195
3198
3201
3204
3207
3210
3213
3216
3219
3222
3225
3228
3231
3234
3237
3240
3243
3246
3249
3252
3255
3258
3261
3264
3267
3270
3273
3276
3279
3282
3285
3288
3291
3294
3297
3300
3303
3306
3309
3312
3315
3318
3321
3324
3327
3330
3333
3336
3339
3342
3345
3348
3351
3354
3357
3360
3363
3366
3369
3372
3375
3378
3381
3384
3387
3390
3393
3396
3399
3402
3405
3408
3411
3414
3417
3420
3423
3426
3429
3432
3435
3438
3441
3444
3447
3450
3453
3456
3459
3462
3465
3468
3471
3474
3477
3480
3483
3486
3489
3492
3495
3498
3501
3504
3507
3510
3513
3516
3519
3522
3525
3528
3531
3534
3537
3540
3543
3546
3549
3552
3555
3558
3561
3564
3567
3570
3573
3576
3579
3582
3585
3588
3591
3594
3597
3600
3603
3606
3609
3612
3615
3618
3621
3624
3627
3630
3633
3636
3639
3642
3645
3648
3651
3654
3657
3660
3663
3666
3669
3672
3675
3678
3681
3684
3687
3690
3693
3696
3699
3702
3705
3708
3711
3714
3717
3720
3723
3726
3729
3732
3735
3738
3741
3744
3747
3750
3753
3756
3759
3762
3765
3768
3771
3774
3777
3780
3783
3786
3789
3792
3795
3798
3801
3804
3807
3810
3813
3816
3819
3822
3825
3828
3831
3834
3837
3840
3843
3846
3849
3852
3855
3858
3861
3864
3867
3870
3873
3876
3879
3882
3885
3888
3891
3894
3897
3900
3903
3906
3909
3912
3915
3918
3921
3924
3927
3930
3933
3936
3939
3942
3945
3948
3951
3954
3957
3960
3963
3966
3969
3972
3975
3978
3981
3984
3987
3990
3993
3996
3999
4002
4005
4008
4011
4014
4017
4020
4023
4026
4029
4032
4035
4038
4041
4044
4047
4050
4053
4056
4059
4062
4065
4068
4071
4074
4077
4080
4083
4086
4089
4092
4095
4098
4101
4104
4107
4110
4113
4116
4119
4122
4125
4128
4131
4134
4137
4140
4143
4146
4149
4152
4155
4158
4161
4164
4167
4170
4173
4176
4179
4182
4185
4188
4191
4194
4197
4200
4203
4206
4209
4212
4215
4218
4221
4224
4227
4230
4233
4236
4239
4242
4245
4248
4251
4254
4257
4260
4263
4266
4269
4272
4275
4278
4281
4284
4287
4290
4293
4296
4299
4302
4305
4308
4311
4314
4317
4320
4323
4326
4329
4332
4335
4338
4341
4344
4347
4350
4353
4356
4359
4362
4365
4368
4371
4374
4377
4380
4383
4386
4389
4392
4395
4398
4401
4404
4407
4410
4413
4416
4419
4422
4425
4428
4431
4434
4437
4440
4443
4446
4449
4452
4455
4458
4461
4464
4467
4470
4473
4476
4479
4482
4485
4488
4491
4494
4497
4500
4503
4506
4509
4512
4515
4518
4521
4524
4527
4530
4533
4536
4539
4542
4545
4548
4551
4554
4557
4560
4563
4566
4569
4572
4575
4578
4581
4584
4587
4590
4593
4596
4599
4602
4605
4608
4611
4614
4617
4620
4623
4626
4629
4632
4635
4638
4641
4644
4647
4650
4653
4656
4659
4662
4665
4668
4671
4674
4677
4680
4683
4686
4689
4692
4695
4698
4701
4704
4707
4710
4713
4716
4719
4722
4725
4728
4731
4734
4737
4740
4743
4746
4749
4752
4755
4758
4761
4764
4767
4770
4773
4776
4779
4782
4785
4788
4791
4794
4797
4800
4803
4806
4809
4812
4815
4818
4821
4824
4827
4830
4833
4836
4839
4842
4845
4848
4851
4854
4857
4860
4863
4866
4869
4872
4875
4878
4881
4884
4887
4890
4893
4896
4899
4902
4905
4908
4911
4914
4917
4920
4923
4926
4929
4932
4935
4938
4941
4944
4947
4950
4953
4956
4959
4962
4965
4968
4971
4974
4977
4980
4983
4986
4989
4992
4995
4998
5001
5004
5007
5010
5013
5016
5019
5022
5025
5028
5031
5034
5037
5040
5043
5046
5049
5052
5055
5058
5061
5064
5067
5070
5073
5076
5079
5082
5085
5088
5091
5094
5097
5100
5103
5106
5109
5112
5115
5118
5121
5124
5127
5130
5133
5136
5139
5142
5145
5148
5151
5154
5157
5160
5163
5166
5169
5172
5175
5178
5181
5184
5187
5190
5193
5196
5199
5202
5205
5208
5211
5214
5217
5220
5223
5226
5229
5232
5235
5238
5241
5244
5247
5250
5253
5256
5259
5262
5265
5268
5271
5274
5277
5280
5283
5286
5289
5292
5295
5298
5301
5304
5307
5310
5313
5316
5319
5322
5325
5328
5331
5334
5337
5340
5343
5346
5349
5352
5355
5358
5361
5364
5367
5370
5373
5376
5379
5382
5385
5388
5391
5394
5397
5400
5403
5406
5409
5412
5415
5418
5421
5424
5427
5430
5433
5436
5439
5442
5445
5448
5451
5454
5457
5460
5463
5466
5469
5472
5475
5478
5481
5484
5487
5490
5493
5496
5499
5502
5505
5508
5511
5514
5517
5520
5523
5526
5529
5532
5535
5538
5541
5544
5547
5550
5553
5556
5559
5562
5565
5568
5571
5574
5577
5580
5583
5586
5589
5592
5595
5598
5601
5604
5607
5610
5613
5616
5619
5622
5625
5628
5631
5634
5637
5640
5643
5646
5649
5652
5655
5658
5661
5664
5667
5670
5673
5676
5679
5682
5685
5688
5691
5694
5697
5700
5703
5706
5709
5712
5715
5718
5721
5724
5727
5730
5733
5736
5739
5742
5745
5748
5751
5754
5757
5760
5763
5766
5769
5772
5775
5778
5781
5784
5787
5790
5793
5796
5799
5802
5805
5808
5811
5814
5817
5820
5823
5826
5829
5832
5835
5838
5841
5844
5847
5850
5853
5856
5859
5862
5865
5868
5871
5874
5877
5880
5883
5886
5889
5892
5895
5898
5901
5904
5907
5910
5913
5916
5919
5922
5925
5928
5931
5934
5937
5940
5943
5946
5949
5952
5955
5958
5961
5964
5967
5970
5973
5976
5979
5982
5985
5988
5991
5994
5997
6000
6003
6006
6009
6012
6015
6018
6021
6024
6027
6030
6033
6036
6039
6042
6045
6048
6051
6054
6057
6060
6063
6066
6069
6072
6075
6078
6081
6084
6087
6090
6093
6096
6099
6102
6105
6108
6111
6114
6117
6120
6123
6126
6129
6132
6135
6138
6141
6144
6147
6150
6153
6156
6159
6162
6165
6168
6171
6174
6177
6180
6183
6186
6189
6192
6195
6198
6201
6204
6207
6210
6213
6216
6219
6222
6225
6228
6231
6234
6237
6240
6243
6246
6249
6252
6255
6258
6261
6264
6267
6270
6273
6276
6279
6282
6285
6288
6291
6294
6297
6300
6303
6306
6309
6312
6315
6318
6321
6324
6327
6330
6333
6336
6339
6342
6345
6348
6351
6354
6357
6360
6363
6366
6369
6372
6375
6378
6381
6384
6387
6390
6393
6396
6399
6402
6405
6408
6411
6414
6417
6420
6423
6426
6429
6432
6435
6438
6441
6444
6447
6450
6453
6456
6459
6462
6465
6468
6471
6474
6477
6480
6483
6486
6489
6492
6495
6498
6501
6504
6507
6510
6513
6516
6519
6522
6525
6528
6531
6534
6537
6540
6543
6546
6549
6552
6555
6558
6561
6564
6567
6570
6573
6576
6579
6582
6585
6588
6591
6594
6597
6600
6603
6606
6609
6612
6615
6618
6621
6624
6627
6630
6633
6636
6639
6642
6645
6648
6651
6654
6657
6660
6663
6666
6669
6672
6675
6678
6681
6684
6687
6690
6693
6696
6699
6702
6705
6708
6711
6714
6717
6720
6723
6726
6729
6732
6735
6738
6741
6744
6747
6750
6753
6756
6759
6762
6765
6768
6771
6774
6777
6780
6783
6786
6789
6792
6795
6798
6801
6804
6807
6810
6813
6816
6819
6822
6825
6828
6831
6834
6837
6840
6843
6846
6849
6852
6855
6858
6861
6864
6867
6870
6873
6876
6879
6882
6885
6888
6891
6894
6897
6900
6903
6906
6909
6912
6915
6918
6921
6924
6927
6930
6933
6936
6939
6942
6945
6948
6951
6954
6957
6960
6963
6966
6969
6972
6975
6978
6981
6984
6987
6990
6993
6996
6999
7002
7005
7008
7011
7014
7017
7020
7023
7026
7029
7032
7035
7038
7041
7044
7047
7050
7053
7056
7059
7062
7065
7068
7071
7074
7077
7080
7083
7086
7089
7092
7095
7098
7101
7104
7107
7110
7113
7116
7119
7122
7125
7128
7131
7134
7137
7140
7143
7146
7149
7152
7155
7158
7161
7164
7167
7170
7173
7176
7179
7182
7185
7188
7191
7194
7197
7200
7203
7206
7209
7212
7215
7218
7221
7224
7227
7230
7233
7236
7239
7242
7245
7248
7251
7254
7257
7260
7263
7266
7269
7272
7275
7278
7281
7284
7287
7290
7293
7296
7299
7302
7305
7308
7311
7314
7317
7320
7323
7326
7329
7332
7335
7338
7341
7344
7347
7350
7353
7356
7359
7362
7365
7368
7371
7374
7377
7380
7383
7386
7389
7392
7395
7398
7401
7404
7407
7410
7413
7416
7419
7422
7425
7428
7431
7434
7437
7440
7443
7446
7449
7452
7455
7458
7461
7464
7467
7470
7473
7476
7479
7482
7485
7488
7491
7494
7497
7500
7503
7506
7509
7512
7515
7518
7521
7524
7527
7530
7533
7536
7539
7542
7545
7548
7551
7554
7557
7560
7563
7566
7569
7572
7575
7578
7581
7584
7587
7590
7593
7596
7599
7602
7605
7608
7611
7614
7617
7620
7623
7626
7629
7632
7635
7638
7641
7644
7647
7650
7653
7656
7659
7662
7665
7668
7671
7674
7677
7680
7683
7686
7689
7692
7695
7698
7701
7704
7707
7710
7713
7716
7719
7722
7725
7728
7731
7734
7737
7740
7743
7746
7749
7752
7755
7758
7761
7764
7767
7770
7773
7776
7779
7782
7785
7788
7791
7794
7797
7800
7803
7806
7809
7812
7815
7818
7821
7824
7827
7830
7833
7836
7839
7842
7845
7848
7851
7854
7857
7860
7863
7866
7869
7872
7875
7878
7881
7884
7887
7890
7893
7896
7899
7902
7905
7908
7911
7914
7917
7920
7923
7926
7929
7932
7935
7938
7941
7944
7947
7950
7953
7956
7959
7962
7965
7968
7971
7974
7977
7980
7983
7986
7989
7992
7995
7998
8001
8004
8007
8010
8013
8016
8019
8022
8025
8028
8031
8034
8037
8040
8043
8046
8049
8052
8055
8058
8061
8064
8067
8070
8073
8076
8079
8082
8085
8088
8091
8094
8097
8100
8103
8106
8109
8112
8115
8118
8121
8124
8127
8130
8133
8136
8139
8142
8145
8148
8151
8154
8157
8160
8163
8166
8169
8172
8175
8178
8181
8184
8187
8190
8193
8196
8199
8202
8205
8208
8211
8214
8217
8220
8223
8226
8229
8232
8235
8238
8241
8244
8247
8250
8253
8256
8259
8262
8265
8268
8271
8274
8277
8280
8283
8286
8289
8292
8295
8298
8301
8304
8307
8310
8313
8316
8319
8322
8325
8328
8331
8334
8337
8340
8343
8346
8349
8352
8355
8358
8361
8364
8367
8370
8373
8376
8379
8382
8385
8388
8391
8394
8397
8400
8403
8406
8409
8412
8415
8418
8421
8424
8427
8430
8433
8436
8439
8442
8445
8448
8451
8454
8457
8460
8463
8466
8469
8472
8475
8478
8481
8484
8487
8490
8493
8496
8499
8502
8505
8508
8511
8514
8517
8520
8523
8526
8529
8532
8535
8538
8541
8544
8547
8550
8553
8556
8559
8562
8565
8568
8571
8574
8577
8580
8583
8586
8589
8592
8595
8598
8601
8604
8607
8610
8613
8616
8619
8622
8625
8628
8631
8634
8637
8640
8643
8646
8649
8652
8655
8658
8661
8664
8667
8670
8673
8676
8679
8682
8685
8688
8691
8694
8697
8700
8703
8706
8709
8712
8715
8718
8721
8724
8727
8730
8733
8736
8739
8742
8745
8748
8751
8754
8757
8760
8763
8766
8769
8772
8775
8778
8781
8784
8787
8790
8793
8796
8799
8802
8805
8808
8811
8814
8817
8820
8823
8826
8829
8832
8835
8838
8841
8844
8847
8850
8853
8856
8859
8862
8865
8868
8871
8874
8877
8880
8883
8886
8889
8892
8895
8898
8901
8904
8907
8910
8913
8916
8919
8922
8925
8928
8931
8934
8937
8940
8943
8946
8949
8952
8955
8958
8961
8964
8967
8970
8973
8976
8979
8982
8985
8988
8991
8994
8997
9000
9003
9006
9009
9012
9015
9018
9021
9024
9027
9030
9033
9036
9039
9042
9045
9048
9051
9054
9057
9060
9063
9066
9069
9072
9075
9078
9081
9084
9087
9090
9093
9096
9099
9102
9105
9108
9111
9114
9117
9120
9123
9126
9129
9132
9135
9138
9141
9144
9147
9150
9153
9156
9159
9162
9165
9168
9171
9174
9177
9180
9183
9186
9189
9192
9195
9198
9201
9204
9207
9210
9213
9216
9219
9222
9225
9228
9231
9234
9237
9240
9243
9246
9249
9252
9255
9258
9261
9264
9267
9270
9273
9276
9279
9282
9285
9288
9291
9294
9297
9300
9303
9306
9309
9312
9315
9318
9321
9324
9327
9330
9333
9336
9339
9342
9345
9348
9351
9354
9357
9360
9363
9366
9369
9372
9375
9378
9381
9384
9387
9390
9393
9396
9399
9402
9405
9408
9411
9414
9417
9420
9423
9426
9429
9432
9435
9438
9441
9444
9447
9450
9453
9456
9459
9462
9465
9468
9471
9474
9477
9480
9483
9486
9489
9492
9495
9498
9501
9504
9507
9510
9513
9516
9519
9522
9525
9528
9531
9534
9537
9540
9543
9546
9549
9552
9555
9558
9561
9564
9567
9570
9573
9576
9579
9582
9585
9588
9591
9594
9597
9600
9603
9606
9609
9612
9615
9618
9621
9624
9627
9630
9633
9636
9639
9642
9645
9648
9651
9654
9657
9660
9663
9666
9669
9672
9675
9678
9681
9684
9687
9690
9693
9696
9699
9702
9705
9708
9711
9714
9717
9720
9723
9726
9729
9732
9735
9738
9741
9744
9747
9750
9753
9756
9759
9762
9765
9768
9771
9774
9777
9780
9783
9786
9789
9792
9795
9798
9801
9804
9807
9810
9813
9816
9819
9822
9825
9828
9831
9834
9837
9840
9843
9846
9849
9852
9855
9858
9861
9864
9867
9870
9873
9876
9879
9882
9885
9888
9891
9894
9897
9900
9903
9906
9909
9912
9915
9918
9921
9924
9927
9930
9933
9936
9939
9942
9945
9948
9951
9954
9957
9960
9963
9966
9969
9972
9975
9978
9981
9984
9987
9990
9993
9996
9999
10002
10005
10008
10011
10014
10017
10020
10023
10026
10029
10032
10035
10038
10041
10044
10047
10050
10053
10056
10059
10062
10065
10068
10071
10074
10077
10080
10083
10086
10089
10092
10095
10098
10101
10104
10107
10110
10113
10116
10119
10122
10125
10128
10131
10134
10137
10140
10143
10146
10149
10152
10155
10158
10161
10164
10167
10170
10173
10176
10179
10182
10185
10188
10191
10194
10197
10200
10203
10206
10209
10212
10215
10218
10221
10224
10227
10230
10233
10236
10239
10242
10245
10248
10251
10254
10257
10260
10263
10266
10269
10272
10275
10278
10281
10284
10287
10290
10293
10296
10299
10302
10305
10308
10311
10314
10317
10320
10323
10326
10329
10332
10335
10338
10341
10344
10347
10350
10353
10356
10359
10362
10365
10368
10371
10374
10377
10380
10383
10386
10389
10392
10395
10398
10401
10404
10407
10410
10413
10416
10419
10422
10425
10428
10431
10434
10437
10440
10443
10446
10449
10452
10455
10458
10461
10464
10467
10470
10473
10476
10479
10482
10485
10488
10491
10494
10497
10500
10503
10506
10509
10512
10515
10518
10521
10524
10527
10530
10533
10536
10539
10542
10545
10548
10551
10554
10557
10560
10563
10566
10569
10572
10575
10578
10581
10584
10587
10590
10593
10596
10599
10602
10605
10608
10611
10614
10617
10620
10623
10626
10629
10632
10635
10638
10641
10644
10647
10650
10653
10656
10659
10662
10665
10668
10671
10674
10677
10680
10683
10686
10689
10692
10695
10698
10701
10704
10707
10710
10713
10716
10719
10722
10725
10728
10731
10734
10737
10740
10743
10746
10749
10752
10755
10758
10761
10764
10767
10770
10773
10776
10779
10782
10785
10788
10791
10794
10797
10800
10803
10806
10809
10812
10815
10818
10821
10824
10827
10830
10833
10836
10839
10842
10845
10848
10851
10854
10857
10860
10863
10866
10869
10872
10875
10878
10881
10884
10887
10890
10893
10896
10899
10902
10905
10908
10911
10914
10917
10920
10923
10926
10929
10932
10935
10938
10941
10944
10947
10950
10953
10956
10959
10962
10965
10968
10971
10974
10977
10980
10983
10986
10989
10992
10995
10998
11001
11004
11007
11010
11013
11016
11019
11022
11025
11028
11031
11034
11037
11040
11043
11046
11049
11052
11055
11058
11061
11064
11067
11070
11073
11076
11079
11082
11085
11088
11091
11094
11097
11100
11103
11106
11109
11112
11115
11118
11121
11124
11127
11130
11133
11136
11139
11142
11145
11148
11151
11154
11157
11160
11163
11166
11169
11172
11175
11178
11181
11184
11187
11190
11193
11196
11199
11202
11205
11208
11211
11214
11217
11220
11223
11226
11229
11232
11235
11238
11241
11244
11247
11250
11253
11256
11259
11262
11265
11268
11271
11274
11277
11280
11283
11286
11289
11292
11295
11298
11301
11304
11307
11310
11313
11316
11319
11322
11325
11328
11331
11334
11337
11340
11343
11346
11349
11352
11355
11358
11361
11364
11367
11370
11373
11376
11379
11382
11385
11388
11391
11394
11397
11400
11403
11406
11409
11412
11415
11418
11421
11424
11427
11430
11433
11436
11439
11442
11445
11448
11451
11454
11457
11460
11463
11466
11469
11472
11475
11478
11481
11484
11487
11490
11493
11496
11499
11502
11505
11508
11511
11514
11517
11520
11523
11526
11529
11532
11535
11538
11541
11544
11547
11550
11553
11556
11559
11562
11565
11568
11571
11574
11577
11580
11583
11586
11589
11592
11595
11598
11601
11604
11607
11610
11613
11616
11619
11622
11625
11628
11631
11634
11637
11640
11643
11646
11649
11652
11655
11658
11661
11664
11667
11670
11673
11676
11679
11682
11685
11688
11691
11694
11697
11700
11703
11706
11709
11712
11715
11718
11721
11724
11727
11730
11733
11736
11739
11742
11745
11748
11751
11754
11757
11760
11763
11766
11769
11772
11775
11778
11781
11784
11787
11790
11793
11796
11799
11802
11805
11808
11811
11814
11817
11820
11823
11826
11829
11832
11835
11838
11841
11844
11847
11850
11853
11856
11859
11862
11865
11868
11871
11874
11877
11880
11883
11886
11889
11892
11895
11898
11901
11904
11907
11910
11913
11916
11919
11922
11925
11928
11931
11934
11937
11940
11943
11946
11949
11952
11955
11958
11961
11964
11967
11970
11973
11976
11979
11982
11985
11988
11991
11994
11997
12000
12003
12006
12009
12012
12015
12018
12021
12024
12027
12030
12033
12036
12039
12042
12045
12048
12051
12054
12057
12060
12063
12066
12069
12072
12075
12078
12081
12084
12087
12090
12093
12096
12099
12102
12105
12108
12111
12114
12117
12120
12123
12126
12129
12132
12135
12138
12141
12144
12147
12150
12153
12156
12159
12162
12165
12168
12171
12174
12177
12180
12183
12186
12189
12192
12195
12198
12201
12204
12207
12210
12213
12216
12219
12222
12225
12228
12231
12234
12237
12240
12243
12246
12249
12252
12255
12258
12261
12264
12267
12270
12273
12276
12279
12282
12285
12288
12291
12294
12297
12300
12303
12306
12309
12312
12315
12318
12321
12324
12327
12330
12333
12336
12339
12342
12345
12348
12351
12354
12357
12360
12363
12366
12369
12372
12375
12378
12381
12384
12387
12390
12393
12396
12399
12402
12405
12408
12411
12414
12417
12420
12423
12426
12429
12432
12435
12438
12441
12444
12447
12450
12453
12456
12459
12462
12465
12468
12471
12474
12477
12480
12483
12486
12489
12492
12495
12498
12501
12504
12507
12510
12513
12516
12519
12522
12525
12528
12531
12534
12537
12540
12543
12546
12549
12552
12555
12558
12561
12564
12567
12570
12573
12576
12579
12582
12585
12588
12591
12594
12597
12600
12603
12606
12609
12612
12615
12618
12621
12624
12627
12630
12633
12636
12639
12642
12645
12648
12651
12654
12657
12660
12663
12666
12669
12672
12675
12678
12681
12684
12687
12690
12693
12696
12699
12702
12705
12708
12711
12714
12717
12720
12723
12726
12729
12732
12735
12738
12741
12744
12747
12750
12753
12756
12759
12762
12765
12768
12771
12774
12777
12780
12783
12786
12789
12792
12795
12798
12801
12804
12807
12810
12813
12816
12819
12822
12825
12828
12831
12834
12837
12840
12843
12846
12849
12852
12855
12858
12861
12864
12867
12870
12873
12876
12879
12882
12885
12888
12891
12894
12897
12900
12903
12906
12909
12912
12915
12918
12921
12924
12927
12930
12933
12936
12939
12942
12945
12948
12951
12954
12957
12960
12963
12966
12969
12972
12975
12978
12981
12984
12987
12990
12993
12996
12999
13002
13005
13008
13011
13014
13017
13020
13023
13026
13029
13032
13035
13038
13041
13044
13047
13050
13053
13056
13059
13062
13065
13068
13071
13074
13077
13080
13083
13086
13089
13092
13095
13098
13101
13104
13107
13110
13113
13116
13119
13122
13125
13128
13131
13134
13137
13140
13143
13146
13149
13152
13155
13158
13161
13164
13167
13170
13173
13176
13179
13182
13185
13188
13191
13194
13197
13200
13203
13206
13209
13212
13215
13218
13221
13224
13227
13230
13233
13236
13239
13242
13245
13248
13251
13254
13257
13260
13263
13266
13269
13272
13275
13278
13281
13284
13287
13290
13293
13296
13299
13302
13305
13308
13311
13314
13317
13320
13323
13326
13329
13332
13335
13338
13341
13344
13347
13350
13353
13356
13359
13362
13365
13368
13371
13374
13377
13380
13383
13386
13389
13392
13395
13398
13401
13404
13407
13410
13413
13416
13419
13422
13425
13428
13431
13434
13437
13440
13443
13446
13449
13452
13455
13458
13461
13464
13467
13470
13473
13476
13479
13482
13485
13488
13491
13494
13497
13500
13503
13506
13509
13512
13515
13518
13521
13524
13527
13530
13533
13536
13539
13542
13545
13548
13551
13554
13557
13560
13563
13566
13569
13572
13575
13578
13581
13584
13587
13590
13593
13596
13599
13602
13605
13608
13611
13614
13617
13620
13623
13626
13629
13632
13635
13638
13641
13644
13647
13650
13653
13656
13659
13662
13665
13668
13671
13674
13677
13680
13683
13686
13689
13692
13695
13698
13701
13704
13707
13710
13713
13716
13719
13722
13725
13728
13731
13734
13737
13740
13743
13746
13749
13752
13755
13758
13761
13764
13767
13770
13773
13776
13779
13782
13785
13788
13791
13794
13797
13800
13803
13806
13809
13812
13815
13818
13821
13824
13827
13830
13833
13836
13839
13842
13845
13848
13851
13854
13857
13860
13863
13866
13869
13872
13875
13878
13881
13884
13887
13890
13893
13896
13899
13902
13905
13908
13911
13914
13917
13920
13923
13926
13929
13932
13935
13938
13941
13944
13947
13950
13953
13956
13959
13962
13965
13968
13971
13974
13977
13980
13983
13986
13989
13992
13995
13998
14001
14004
14007
14010
14013
14016
14019
14022
14025
14028
14031
14034
14037
14040
14043
14046
14049
14052
14055
14058
14061
14064
14067
14070
14073
14076
14079
14082
14085
14088
14091
14094
14097
14100
14103
14106
14109
14112
14115
14118
14121
14124
14127
14130
14133
14136
14139
14142
14145
14148
14151
14154
14157
14160
14163
14166
14169
14172
14175
14178
14181
14184
14187
14190
14193
14196
14199
14202
14205
14208
14211
14214
14217
14220
14223
14226
14229
14232
14235
14238
14241
14244
14247
14250
14253
14256
14259
14262
14265
14268
14271
14274
14277
14280
14283
14286
14289
14292
14295
14298
14301
14304
14307
14310
14313
14316
14319
14322
14325
14328
14331
14334
14337
14340
14343
14346
14349
14352
14355
14358
14361
14364
14367
14370
14373
14376
14379
14382
14385
14388
14391
14394
14397
14400
14403
14406
14409
14412
14415
14418
14421
14424
14427
14430
14433
14436
14439
14442
14445
14448
14451
14454
14457
14460
14463
14466
14469
14472
14475
14478
14481
14484
14487
14490
14493
14496
14499
14502
14505
14508
14511
14514
14517
14520
14523
14526
14529
14532
14535
14538
14541
14544
14547
14550
14553
14556
14559
14562
14565
14568
14571
14574
14577
14580
14583
14586
14589
14592
14595
14598
14601
14604
14607
14610
14613
14616
14619
14622
14625
14628
14631
14634
14637
14640
14643
14646
14649
14652
14655
14658
14661
14664
14667
14670
14673
14676
14679
14682
14685
14688
14691
14694
14697
14700
14703
14706
14709
14712
14715
14718
14721
14724
14727
14730
14733
14736
14739
14742
14745
14748
14751
14754
14757
14760
14763
14766
14769
14772
14775
14778
14781
14784
14787
14790
14793
14796
14799
14802
14805
14808
14811
14814
14817
14820
14823
14826
14829
14832
14835
14838
14841
14844
14847
14850
14853
14856
14859
14862
14865
14868
14871
14874
14877
14880
14883
14886
14889
14892
14895
14898
14901
14904
14907
14910
14913
14916
14919
14922
14925
14928
14931
14934
14937
14940
14943
14946
14949
14952
14955
14958
14961
14964
14967
14970
14973
14976
14979
14982
14985
14988
14991
14994
14997
15000
15003
15006
15009
15012
15015
15018
15021
15024
15027
15030
15033
15036
15039
15042
15045
15048
15051
15054
15057
15060
15063
15066
15069
15072
15075
15078
15081
15084
15087
15090
15093
15096
15099
15102
15105
15108
15111
15114
15117
15120
15123
15126
15129
15132
15135
15138
15141
15144
15147
15150
15153
15156
15159
15162
15165
15168
15171
15174
15177
15180
15183
15186
15189
15192
15195
15198
15201
15204
15207
15210
15213
15216
15219
15222
15225
15228
15231
15234
15237
15240
15243
15246
15249
15252
15255
15258
15261
15264
15267
15270
15273
15276
15279
15282
15285
15288
15291
15294
15297
15300
15303
15306
15309
15312
15315
15318
15321
15324
15327
15330
15333
15336
15339
15342
15345
15348
15351
15354
15357
15360
15363
15366
15369
15372
15375
15378
15381
15384
15387
15390
15393
15396
15399
15402
15405
15408
15411
15414
15417
15420
15423
15426
15429
15432
15435
15438
15441
15444
15447
15450
15453
15456
15459
15462
15465
15468
15471
15474
15477
15480
15483
15486
15489
15492
15495
15498
15501
15504
15507
15510
15513
15516
15519
15522
15525
15528
15531
15534
15537
15540
15543
15546
15549
15552
15555
15558
15561
15564
15567
15570
15573
15576
15579
15582
15585
15588
15591
15594
15597
15600
15603
15606
15609
15612
15615
15618
15621
15624
15627
15630
15633
15636
15639
15642
15645
15648
15651
15654
15657
15660
15663
15666
15669
15672
15675
15678
15681
15684
15687
15690
15693
15696
15699
15702
15705
15708
15711
15714
15717
15720
15723
15726
15729
15732
15735
15738
15741
15744
15747
15750
15753
15756
15759
15762
15765
15768
15771
15774
15777
15780
15783
15786
15789
15792
15795
15798
15801
15804
15807
15810
15813
15816
15819
15822
15825
15828
15831
15834
15837
15840
15843
15846
15849
15852
15855
15858
15861
15864
15867
15870
15873
15876
15879
15882
15885
15888
15891
15894
15897
15900
15903
15906
15909
15912
15915
15918
15921
15924
15927
15930
15933
15936
15939
15942
15945
15948
15951
15954
15957
15960
15963
15966
15969
15972
15975
15978
15981
15984
15987
15990
15993
15996
15999
16002
16005
16008
16011
16014
16017
16020
16023
16026
16029
16032
16035
16038
16041
16044
16047
16050
16053
16056
16059
16062
16065
16068
16071
16074
16077
16080
16083
16086
16089
16092
16095
16098
16101
16104
16107
16110
16113
16116
16119
16122
16125
16128
16131
16134
16137
16140
16143
16146
16149
16152
16155
16158
16161
16164
16167
16170
16173
16176
16179
16182
16185
16188
16191
16194
16197
16200
16203
16206
16209
16212
16215
16218
16221
16224
16227
16230
16233
16236
16239
16242
16245
16248
16251
16254
16257
16260
16263
16266
16269
16272
16275
16278
16281
16284
16287
16290
16293
16296
16299
16302
16305
16308
16311
16314
16317
16320
16323
16326
16329
16332
16335
16338
16341
16344
16347
16350
16353
16356
16359
16362
16365
16368
16371
16374
16377
16380
16383
16386
16389
16392
16395
16398
16401
16404
16407
16410
16413
16416
16419
16422
16425
16428
16431
16434
16437
16440
16443
16446
16449
16452
16455
16458
16461
16464
16467
16470
16473
16476
16479
16482
16485
16488
16491
16494
16497
16500
16503
16506
16509
16512
16515
16518
16521
16524
16527
16530
16533
16536
16539
16542
16545
16548
16551
16554
16557
16560
16563
16566
16569
16572
16575
16578
16581
16584
16587
16590
16593
16596
16599
16602
16605
16608
16611
16614
16617
16620
16623
16626
16629
16632
16635
16638
16641
16644
16647
16650
16653
16656
16659
16662
16665
16668
16671
16674
16677
16680
16683
16686
16689
16692
16695
16698
16701
16704
16707
16710
16713
16716
16719
16722
16725
16728
16731
16734
16737
16740
16743
16746
16749
16752
16755
16758
16761
16764
16767
16770
16773
16776
16779
16782
16785
16788
16791
16794
16797
16800
16803
16806
16809
16812
16815
16818
16821
16824
16827
16830
16833
16836
16839
16842
16845
16848
16851
16854
16857
16860
16863
16866
16869
16872
16875
16878
16881
16884
16887
16890
16893
16896
16899
16902
16905
16908
16911
16914
16917
16920
16923
16926
16929
16932
16935
16938
16941
16944
16947
16950
16953
16956
16959
16962
16965
16968
16971
16974
16977
16980
16983
16986
16989
16992
16995
16998
17001
17004
17007
17010
17013
17016
17019
17022
17025
17028
17031
17034
17037
17040
17043
17046
17049
17052
17055
17058
17061
17064
17067
17070
17073
17076
17079
17082
17085
17088
17091
17094
17097
17100
17103
17106
17109
17112
17115
17118
17121
17124
17127
17130
17133
17136
17139
17142
17145
17148
17151
17154
17157
17160
17163
17166
17169
17172
17175
17178
17181
17184
17187
17190
17193
17196
17199
17202
17205
17208
17211
17214
17217
17220
17223
17226
17229
17232
17235
17238
17241
17244
17247
17250
17253
17256
17259
17262
17265
17268
17271
17274
17277
17280
17283
17286
17289
17292
17295
17298
17301
17304
17307
17310
17313
17316
17319
17322
17325
17328
17331
17334
17337
17340
17343
17346
17349
17352
17355
17358
17361
17364
17367
17370
17373
17376
17379
17382
17385
17388
17391
17394
17397
17400
17403
17406
17409
17412
17415
17418
17421
17424
17427
17430
17433
17436
17439
17442
17445
17448
17451
17454
17457
17460
17463
17466
17469
17472
17475
17478
17481
17484
17487
17490
17493
17496
17499
17502
17505
17508
17511
17514
17517
17520
17523
17526
17529
17532
17535
17538
17541
17544
17547
17550
17553
17556
17559
17562
17565
17568
17571
17574
17577
17580
17583
17586
17589
17592
17595
17598
17601
17604
17607
17610
17613
17616
17619
17622
17625
17628
17631
17634
17637
17640
17643
17646
17649
17652
17655
17658
17661
17664
17667
17670
17673
17676
17679
17682
17685
17688
17691
17694
17697
17700
17703
17706
17709
17712
17715
17718
17721
17724
17727
17730
17733
17736
17739
17742
17745
17748
17751
17754
17757
17760
17763
17766
17769
17772
17775
17778
17781
17784
17787
17790
17793
17796
17799
17802
17805
17808
17811
17814
17817
17820
17823
17826
17829
17832
17835
17838
17841
17844
17847
17850
17853
17856
17859
17862
17865
17868
17871
17874
17877
17880
17883
17886
17889
17892
17895
17898
17901
17904
17907
17910
17913
17916
17919
17922
17925
17928
17931
17934
17937
17940
17943
17946
17949
17952
17955
17958
17961
17964
17967
17970
17973
17976
17979
17982
17985
17988
17991
17994
17997
18000
18003
18006
18009
18012
18015
18018
18021
18024
18027
18030
18033
18036
18039
18042
18045
18048
18051
18054
18057
18060
18063
18066
18069
18072
18075
18078
18081
18084
18087
18090
18093
18096
18099
18102
18105
18108
18111
18114
18117
18120
18123
18126
18129
18132
18135
18138
18141
18144
18147
18150
18153
18156
18159
18162
18165
18168
18171
18174
18177
18180
18183
18186
18189
18192
18195
18198
18201
18204
18207
18210
18213
18216
18219
18222
18225
18228
18231
18234
18237
18240
18243
18246
18249
18252
18255
18258
18261
18264
18267
18270
18273
18276
18279
18282
18285
18288
18291
18294
18297
18300
18303
18306
18309
18312
18315
18318
18321
18324
18327
18330
18333
18336
18339
18342
18345
18348
18351
18354
18357
18360
18363
18366
18369
18372
18375
18378
18381
18384
18387
18390
18393
18396
18399
18402
18405
18408
18411
18414
18417
18420
18423
18426
18429
18432
18435
18438
18441
18444
18447
18450
18453
18456
18459
18462
18465
18468
18471
18474
18477
18480
18483
18486
18489
18492
18495
18498
18501
18504
18507
18510
18513
18516
18519
18522
18525
18528
18531
18534
18537
18540
18543
18546
18549
18552
18555
18558
18561
18564
18567
18570
18573
18576
18579
18582
18585
18588
18591
18594
18597
18600
18603
18606
18609
18612
18615
18618
18621
18624
18627
18630
18633
18636
18639
18642
18645
18648
18651
18654
18657
18660
18663
18666
18669
18672
18675
18678
18681
18684
18687
18690
18693
18696
18699
18702
18705
18708
18711
18714
18717
18720
18723
18726
18729
18732
18735
18738
18741
18744
18747
18750
18753
18756
18759
18762
18765
18768
18771
18774
18777
18780
18783
18786
18789
18792
18795
18798
18801
18804
18807
18810
18813
18816
18819
18822
18825
18828
18831
18834
18837
18840
18843
18846
18849
18852
18855
18858
18861
18864
18867
18870
18873
18876
18879
18882
18885
18888
18891
18894
18897
18900
18903
18906
18909
18912
18915
18918
18921
18924
18927
18930
18933
18936
18939
18942
18945
18948
18951
18954
18957
18960
18963
18966
18969
18972
18975
18978
18981
18984
18987
18990
18993
18996
18999
19002
19005
19008
19011
19014
19017
19020
19023
19026
19029
19032
19035
19038
19041
19044
19047
19050
19053
19056
19059
19062
19065
19068
19071
19074
19077
19080
19083
19086
19089
19092
19095
19098
19101
19104
19107
19110
19113
19116
19119
19122
19125
19128
19131
19134
19137
19140
19143
19146
19149
19152
19155
19158
19161
19164
19167
19170
19173
19176
19179
19182
19185
19188
19191
19194
19197
19200
19203
19206
19209
19212
19215
19218
19221
19224
19227
19230
19233
19236
19239
19242
19245
19248
19251
19254
19257
19260
19263
19266
19269
19272
19275
19278
19281
19284
19287
19290
19293
19296
19299
19302
19305
19308
19311
19314
19317
19320
19323
19326
19329
19332
19335
19338
19341
19344
19347
19350
19353
19356
19359
19362
19365
19368
19371
19374
19377
19380
19383
19386
19389
19392
19395
19398
19401
19404
19407
19410
19413
19416
19419
19422
19425
19428
19431
19434
19437
19440
19443
19446
19449
19452
19455
19458
19461
19464
19467
19470
19473
19476
19479
19482
19485
19488
19491
19494
19497
19500
19503
19506
19509
19512
19515
19518
19521
19524
19527
19530
19533
19536
19539
19542
19545
19548
19551
19554
19557
19560
19563
19566
19569
19572
19575
19578
19581
19584
19587
19590
19593
19596
19599
19602
19605
19608
19611
19614
19617
19620
19623
19626
19629
19632
19635
19638
19641
19644
19647
19650
19653
19656
19659
19662
19665
19668
19671
19674
19677
19680
19683
19686
19689
19692
19695
19698
19701
19704
19707
19710
19713
19716
19719
19722
19725
19728
19731
19734
19737
19740
19743
19746
19749
19752
19755
19758
19761
19764
19767
19770
19773
19776
19779
19782
19785
19788
19791
19794
19797
19800
19803
19806
19809
19812
19815
19818
19821
19824
19827
19830
19833
19836
19839
19842
19845
19848
19851
19854
19857
19860
19863
19866
19869
19872
19875
19878
19881
19884
19887
19890
19893
19896
19899
19902
19905
19908
19911
19914
19917
19920
19923
19926
19929
19932
19935
19938
19941
19944
19947
19950
19953
19956
19959
19962
19965
19968
19971
19974
19977
19980
19983
19986
19989
19992
19995
19998
20001
20004
20007
20010
20013
20016
20019
20022
20025
20028
20031
20034
20037
20040
20043
20046
20049
20052
20055
20058
20061
20064
20067
20070
20073
20076
20079
20082
20085
20088
20091
20094
20097
20100
20103
20106
20109
20112
20115
20118
20121
20124
20127
20130
20133
20136
20139
20142
20145
20148
20151
20154
20157
20160
20163
20166
20169
20172
20175
20178
20181
20184
20187
20190
20193
20196
20199
20202
20205
20208
20211
20214
20217
20220
20223
20226
20229
20232
20235
20238
20241
20244
20247
20250
20253
20256
20259
20262
20265
20268
20271
20274
20277
20280
20283
20286
20289
20292
20295
20298
20301
20304
20307
20310
20313
20316
20319
20322
20325
20328
20331
20334
20337
20340
20343
20346
20349
20352
20355
20358
20361
20364
20367
20370
20373
20376
20379
20382
20385
20388
20391
20394
20397
20400
20403
20406
20409
20412
20415
20418
20421
20424
20427
20430
20433
20436
20439
20442
20445
20448
20451
20454
20457
20460
20463
20466
20469
20472
20475
20478
20481
20484
20487
20490
20493
20496
</DataArray>
<DataArray type="UInt8" Name="types" format="ascii">
5
5
5
5
5
5
5
5
5
5
5
5
5
5
5
5
5
5
5
5
5
5
5
5
5
5
5
5
5
5
5
5
5
5
5
5
5
5
5
5
5
5
5
5
5
5
5
5
5
5
5
5
5
5
5
5
5
5
5
5
5
5
5
5
5
5
5
5
5
5
5
5
5
5
5
5
5
5
5
5
5
5
5
5
5
5
5
5
5
5
5
5
5
5
5
5
5
5
5
5
5
5
5
5
5
5
5
5
5
5
5
5
5
5
5
5
5
5
5
5
5
5
5
5
5
5
5
5
5
5
5
5
5
5
5
5
5
5
5
5
5
5
5
5
5
5
5
5
5
5
5
5
5
5
5
5
5
5
5
5
5
5
5
5
5
5
5
5
5
5
5
5
5
5
5
5
5
5
5
5
5
5
5
5
5
5
5
5
5
5
5
5
5
5
5
5
5
5
5
5
5
5
5
5
5
5
5
5
5
5
5
5
5
5
5
5
5
5
5
5
5
5
5
5
5
5
5
5
5
5
5
5
5
5
5
5
5
5
5
5
5
5
5
5
5
5
5
5
5
5
5
5
5
5
5
5
5
5
5
5
5
5
5
5
5
5
5
5
5
5
5
5
5
5
5
5
5
5
5
5
5
5
5
5
5
5
5
5
5
5
5
5
5
5
5
5
5
5
5
5
5
5
5
5
5
5
5
5
5
5
5
5
5
5
5
5
5
5
5
5
5
5
5
5
5
5
5
5
5
5
5
5
5
5
5
5
5
5
5
5
5
5
5
5
5
5
5
5
5
5
5
5
5
5
5
5
5
5
5
5
5
5
5
5
5
5
5
5
5
5
5
5
5
5
5
5
5
5
5
5
5
5
5
5
5
5
5
5
5
5
5
5
5
5
5
5
5
5
5
5
5
5
5
5
5
5
5
5
5
5
5
5
5
5
5
5
5
5
5
5
5
5
5
5
5
5
5
5
5
5
5
5
5
5
5
5
5
5
5
5
5
5
5
5
5
5
5
5
5
5
5
5
5
5
5
5
5
5
5
5
5
5
5
5
5
5
5
5
5
5
5
5
5
5
5
5
5
5
5
5
5
5
5
5
5
5
5
5
5
5
5
5
5
5
5
5
5
5
5
5
5
5
5
5
5
5
5
5
5
5
5
5
5
5
5
5
5
5
5
5
5
5
5
5
5
5
5
5
5
5
5
5
5
5
5
5
5
5
5
5
5
5
5
5
5
5
5
5
5
5
5
5
5
5
5
5
5
5
5
5
5
5
5
5
5
5
5
5
5
5
5
5
5
5
5
5
5
5
5
5
5
5
5
5
5
5
5
5
5
5
5
5
5
5
5
5
5
5
5
5
5
5
5
5
5
5
5
5
5
5
5
5
5
5
5
5
5
5
5
5
5
5
5
5
5
5
5
5
5
5
5
5
5
5
5
5
5
5
5
5
5
5
5
5
5
5
5
5
5
5
5
5
5
5
5
5
5
5
5
5
5
5
5
5
5
5
5
5
5
5
5
5
5
5
5
5
5
5
5
5
5
5
5
5
5
5
5
5
5
5
5
5
5
5
5
5
5
5
5
5
5
5
5
5
5
5
5
5
5
5
5
5
5
5
5
5
5
5
5
5
5
5
5
5
5
5
5
5
5
5
5
5
5
5
5
5
5
5
5
5
5
5
5
5
5
5
5
5
5
5
5
5
5
5
5
5
5
5
5
5
5
5
5
5
5
5
5
5
5
5
5
5
5
5
5
5
5
5
5
5
5
5
5
5
5
5
5
5
5
5
5
5
5
5
5
5
5
5
5
5
5
5
5
5
5
5
5
5
5
5
5
5
5
5
5
5
5
5
5
5
5
5
5
5
5
5
5
5
5
5
5
5
5
5
5
5
5
5
5
5
5
5
5
5
5
5
5
5
5
5
5
5
5
5
5
5
5
5
5
5
5
5
5
5
5
5
5
5
5
5
5
5
5
5
5
5
5
5
5
5
5
5
5
5
5
5
5
5
5
5
5
5
5
5
5
5
5
5
5
5
5
5
5
5
5
5
5
5
5
5
5
5
5
5
5
5
5
5
5
5
5
5
5
5
5
5
5
5
5
5
5
5
5
5
5
5
5
5
5
5
5
5
5
5
5
5
5
5
5
5
5
5
5
5
5
5
5
5
5
5
5
5
5
5
5
5
5
5
5
5
5
5
5
5
5
5
5
5
5
5
5
5
5
5
5
5
5
5
5
5
5
5
5
5
5
5
5
5
5
5
5
5
5
5
5
5
5
5
5
5
5
5
5
5
5
5
5
5
5
5
5
5
5
5
5
5
5
5
5
5
5
5
5
5
5
5
5
5
5
5
5
5
5
5
5
5
5
5
5
5
5
5
5
5
5
5
5
5
5
5
5
5
5
5
5
5
5
5
5
5
5
5
5
5
5
5
5
5
5
5
5
5
5
5
5
5
5
5
5
5
5
5
5
5
5
5
5
5
5
5
5
5
5
5
5
5
5
5
5
5
5
5
5
5
5
5
5
5
5
5
5
5
5
5
5
5
5
5
5
5
5
5
5
5
5
5
5
5
5
5
5
5
5
5
5
5
5
5
5
5
5
5
5
5
5
5
5
5
5
5
5
5
5
5
5
5
5
5
5
5
5
5
5
5
5
5
5
5
5
5
5
5
5
5
5
5
5
5
5
5
5
5
5
5
5
5
5
5
5
5
5
5
5
5
5
5
5
5
5
5
5
5
5
5
5
5
5
5
5
5
5
5
5
5
5
5
5
5
5
5
5
5
5
5
5
5
5
5
5
5
5
5
5
5
5
5
5
5
5
5
5
5
5
5
5
5
5
5
5
5
5
5
5
5
5
5
5
5
5
5
5
5
5
5
5
5
5
5
5
5
5
5
5
5
5
5
5
5
5
5
5
5
5
5
5
5
5
5
5
5
5
5
5
5
5
5
5
5
5
5
5
5
5
5
5
5
5
5
5
5
5
5
5
5
5
5
5
5
5
5
5
5
5
5
5
5
5
5
5
5
5
5
5
5
5
5
5
5
5
5
5
5
5
5
5
5
5
5
5
5
5
5
5
5
5
5
5
5
5
5
5
5
5
5
5
5
5
5
5
5
5
5
5
5
5
5
5
5
5
5
5
5
5
5
5
5
5
5
5
5
5
5
5
5
5
5
5
5
5
5
5
5
5
5
5
5
5
5
5
5
5
5
5
5
5
5
5
5
5
5
5
5
5
5
5
5
5
5
5
5
5
5
5
5
5
5
5
5
5
5
5
5
5
5
5
5
5
5
5
5
5
5
5
5
5
5
5
5
5
5
5
5
5
5
5
5
5
5
5
5
5
5
5
5
5
5
5
5
5
5
5
5
5
5
5
5
5
5
5
5
5
5
5
5
5
5
5
5
5
5
5
5
5
5
5
5
5
5
5
5
5
5
5
5
5
5
5
5
5
5
5
5
5
5
5
5
5
5
5
5
5
5
5
5
5
5
5
5
5
5
5
5
5
5
5
5
5
5
5
5
5
5
5
5
5
5
5
5
5
5
5
5
5
5
5
5
5
5
5
5
5
5
5
5
5
5
5
5
5
5
5
5
5
5
5
5
5
5
5
5
5
5
5
5
5
5
5
5
5
5
5
5
5
5
5
5
5
5
5
5
5
5
5
5
5
5
5
5
5
5
5
5
5
5
5
5
5
5
5
5
5
5
5
5
5
5
5
5
5
5
5
5
5
5
5
5
5
5
5
5
5
5
5
5
5
5
5
5
5
5
5
5
5
5
5
5
5
5
5
5
5
5
5
5
5
5
5
5
5
5
5
5
5
5
5
5
5
5
5
5
5
5
5
5
5
5
5
5
5
5
5
5
5
5
5
5
5
5
5
5
5
5
5
5
5
5
5
5
5
5
5
5
5
5
5
5
5
5
5
5
5
5
5
5
5
5
5
5
5
5
5
5
5
5
5
5
5
5
5
5
5
5
5
5
5
5
5
5
5
5
5
5
5
5
5
5
5
5
5
5
5
5
5
5
5
5
5
5
5
5
5
5
5
5
5
5
5
5
5
5
5
5
5
5
5
5
5
5
5
5
5
5
5
5
5
5
5
5
5
5
5
5
5
5
5
5
5
5
5
5
5
5
5
5
5
5
5
5
5
5
5
5
5
5
5
5
5
5
5
5
5
5
5
5
5
5
5
5
5
5
5
5
5
5
5
5
5
5
5
5
5
5
5
5
5
5
5
5
5
5
5
5
5
5
5
5
5
5
5
5
5
5
5
5
5
5
5
5
5
5
5
5
5
5
5
5
5
5
5
5
5
5
5
5
5
5
5
5
5
5
5
5
5
5
5
5
5
5
5
5
5
5
5
5
5
5
5
5
5
5
5
5
5
5
5
5
5
5
5
5
5
5
5
5
5
5
5
5
5
5
5
5
5
5
5
5
5
5
5
5
5
5
5
5
5
5
5
5
5
5
5
5
5
5
5
5
5
5
5
5
5
5
5
5
5
5
5
5
5
5
5
5
5
5
5
5
5
5
5
5
5
5
5
5
5
5
5
5
5
5
5
5
5
5
5
5
5
5
5
5
5
5
5
5
5
5
5
5
5
5
5
5
5
5
5
5
5
5
5
5
5
5
5
5
5
5
5
5
5
5
5
5
5
5
5
5
5
5
5
5
5
5
5
5
5
5
5
5
5
5
5
5
5
5
5
5
5
5
5
5
5
5
5
5
5
5
5
5
5
5
5
5
5
5
5
5
5
5
5
5
5
5
5
5
5
5
5
5
5
5
5
5
5
5
5
5
5
5
5
5
5
5
5
5
5
5
5
5
5
5
5
5
5
5
5
5
5
5
5
5
5
5
5
5
5
5
5
5
5
5
5
5
5
5
5
5
5
5
5
5
5
5
5
5
5
5
5
5
5
5
5
5
5
5
5
5
5
5
5
5
5
5
5
5
5
5
5
5
5
5
5
5
5
5
5
5
5
5
5
5
5
5
5
5
5
5
5
5
5
5
5
5
5
5
5
5
5
5
5
5
5
5
5
5
5
5
5
5
5
5
5
5
5
5
5
5
5
5
5
5
5
5
5
5
5
5
5
5
5
5
5
5
5
5
5
5
5
5
5
5
5
5
5
5
5
5
5
5
5
5
5
5
5
5
5
5
5
5
5
5
5
5
5
5
5
5
5
5
5
5
5
5
5
5
5
5
5
5
5
5
5
5
5
5
5
5
5
5
5
5
5
5
5
5
5
5
5
5
5
5
5
5
5
5
5
5
5
5
5
5
5
5
5
5
5
5
5
5
5
5
5
5
5
5
5
5
5
5
5
5
5
5
5
5
5
5
5
5
5
5
5
5
5
5
5
5
5
5
5
5
5
5
5
5
5
5
5
5
5
5
5
5
5
5
5
5
5
5
5
5
5
5
5
5
5
5
5
5
5
5
5
5
5
5
5
5
5
5
5
5
5
5
5
5
5
5
5
5
5
5
5
5
5
5
5
5
5
5
5
5
5
5
5
5
5
5
5
5
5
5
5
5
5
5
5
5
5
5
5
5
5
5
5
5
5
5
5
5
5
5
5
5
5
5
5
5
5
5
5
5
5
5
5
5
5
5
5
5
5
5
5
5
5
5
5
5
5
5
5
5
5
5
5
5
5
5
5
5
5
5
5
5
5
5
5
5
5
5
5
5
5
5
5
5
5
5
5
5
5
5
5
5
5
5
5
5
5
5
5
5
5
5
5
5
5
5
5
5
5
5
5
5
5
5
5
5
5
5
5
5
5
5
5
5
5
5
5
5
5
5
5
5
5
5
5
5
5
5
5
5
5
5
5
5
5
5
5
5
5
5
5
5
5
5
5
5
5
5
5
5
5
5
5
5
5
5
5
5
5
5
5
5
5
5
5
5
5
5
5
5
5
5
5
5
5
5
5
5
5
5
5
5
5
5
5
5
5
5
5
5
5
5
5
5
5
5
5
5
5
5
5
5
5
5
5
5
5
5
5
5
5
5
5
5
5
5
5
5
5
5
5
5
5
5
5
5
5
5
5
5
5
5
5
5
5
5
5
5
5
5
5
5
5
5
5
5
5
5
5
5
5
5
5
5
5
5
5
5
5
5
5
5
5
5
5
5
5
5
5
5
5
5
5
5
5
5
5
5
5
5
5
5
5
5
5
5
5
5
5
5
5
5
5
5
5
5
5
5
5
5
5
5
5
5
5
5
5
5
5
5
5
5
5
5
5
5
5
5
5
5
5
5
5
5
5
5
5
5
5
5
5
5
5
5
5
5
5
5
5
5
5
5
5
5
5
5
5
5
5
5
5
5
5
5
5
5
5
5
5
5
5
5
5
5
5
5
5
5
5
5
5
5
5
5
5
5
5
5
5
5
5
5
5
5
5
5
5
5
5
5
5
5
5
5
5
5
5
5
5
5
5
5
5
5
5
5
5
5
5
5
5
5
5
5
5
5
5
5
5
5
5
5
5
5
5
5
5
5
5
5
5
5
5
5
5
5
5
5
5
5
5
5
5
5
5
5
5
5
5
5
5
5
5
5
5
5
5
5
5
5
5
5
5
5
5
5
5
5
5
5
5
5
5
5
5
5
5
5
5
5
5
5
5
5
5
5
5
5
5
5
5
5
5
5
5
5
5
5
5
5
5
5
5
5
5
5
5
5
5
5
5
5
5
5
5
5
5
5
5
5
5
5
5
5
5
5
5
5
5
5
5
5
5
5
5
5
5
5
5
5
5
5
5
5
5
5
5
5
5
5
5
5
5
5
5
5
5
5
5
5
5
5
5
5
5
5
5
5
5
5
5
5
5
5
5
5
5
5
5
5
5
5
5
5
5
5
5
5
5
5
5
5
5
5
5
5
5
5
5
5
5
5
5
5
5
5
5
5
5
5
5
5
5
5
5
5
5
5
5
5
5
5
5
5
5
5
5
5
5
5
5
5
5
5
5
5
5
5
5
5
5
5
5
5
5
5
5
5
5
5
5
5
5
5
5
5
5
5
5
5
5
5
5
5
5
5
5
5
5
5
5
5
5
5
5
5
5
5
5
5
5
5
5
5
5
5
5
5
5
5
5
5
5
5
5
5
5
5
5
5
5
5
5
5
5
5
5
5
5
5
5
5
5
5
5
5
5
5
5
5
5
5
5
5
5
5
5
5
5
5
5
5
5
5
5
5
5
5
5
5
5
5
5
5
5
5
5
5
5
5
5
5
5
5
5
5
5
5
5
5
5
5
5
5
5
5
5
5
5
5
5
5
5
5
5
5
5
5
5
5
5
5
5
5
5
5
5
5
5
5
5
5
5
5
5
5
5
5
5
5
5
5
5
5
5
5
5
5
5
5
5
5
5
5
5
5
5
5
5
5
5
5
5
5
5
5
5
5
5
5
5
5
5
5
5
5
5
5
5
5
5
5
5
5
5
5
5
5
5
5
5
5
5
5
5
5
5
5
5
5
5
5
5
5
5
5
5
5
5
5
5
5
5
5
5
5
5
5
5
5
5
5
5
5
5
5
5
5
5
5
5
5
5
5
5
5
5
5
5
5
5
5
5
5
5
5
5
5
5
5
5
5
5
5
5
5
5
5
5
5
5
5
5
5
5
5
5
5
5
5
5
5
5
5
5
5
5
5
5
5
5
5
5
5
5
5
5
5
5
5
5
5
5
5
5
5
5
5
5
5
5
5
5
5
5
5
5
5
5
5
5
5
5
5
5
5
5
5
5
5
5
5
5
5
5
5
5
5
5
5
5
5
5
5
5
5
5
5
5
5
5
5
5
5
5
5
5
5
5
5
5
5
5
5
5
5
5
5
5
5
5
5
5
5
5
5
5
5
5
5
5
5
5
5
5
5
5
5
5
5
5
5
5
5
5
5
5
5
5
5
5
5
5
5
5
5
5
5
5
5
5
5
5
5
5
5
5
5
5
5
5
5
5
5
5
5
5
5
5
5
5
5
5
5
5
5
5
5
5
5
5
5
5
5
5
5
5
5
5
5
5
5
5
5
5
5
5
5
5
5
5
5
5
5
5
5
5
5
5
5
5
5
5
5
5
5
5
5
5
5
5
5
5
5
5
5
5
5
5
5
5
5
5
5
5
5
5
5
5
5
5
5
5
5
5
5
5
5
5
5
5
5
5
5
5
5
5
5
5
5
5
5
5
5
5
5
5
5
5
5
5
5
5
5
5
5
5
5
5
5
5
5
5
5
5
5
5
5
5
5
5
5
5
5
5
5
5
5
5
5
5
5
5
5
5
5
5
5
5
5
5
5
5
5
5
5
5
5
5
5
5
5
5
5
5
5
5
5
5
5
5
5
5
5
5
5
5
5
5
5
5
5
5
5
5
5
5
5
5
5
5
5
5
5
5
5
5
5
5
5
5
5
5
5
5
5
5
5
5
5
5
5
5
5
5
5
5
5
5
5
5
5
5
5
5
5
5
5
5
5
5
5
5
5
5
5
5
5
5
5
5
5
5
5
5
5
5
5
5
5
5
5
5
5
5
5
5
5
5
5
5
5
5
5
5
5
5
5
5
5
5
5
5
5
5
5
5
5
5
5
5
5
5
5
5
5
5
5
5
5
5
5
5
5
5
5
5
5
5
5
5
5
5
5
5
5
5
5
5
5
5
5
5
5
5
5
5
5
5
5
5
5
5
5
5
5
5
5
5
5
5
5
5
5
5
5
5
5
5
5
5
5
5
5
5
5
5
5
5
5
5
5
5
5
5
5
5
5
5
5
5
5
5
5
5
5
5
5
5
5
5
5
5
5
5
5
5
5
5
5
5
5
5
5
5
5
5
5
5
5
5
5
5
5
5
5
5
5
5
5
5
5
5
5
5
5
5
5
5
5
5
5
5
5
5
5
5
5
5
5
5
5
5
5
5
5
5
5
5
5
5
5
5
5
5
5
5
5
5
5
5
5
5
5
5
5
5
5
5
5
5
5
5
5
5
5
5
5
5
5
5
5
5
5
5
5
5
5
5
5
5
5
5
5
5
5
5
5
5
5
5
5
5
5
5
5
5
5
5
5
5
5
5
5
5
5
5
5
5
5
5
5
5
5
5
5
5
5
5
5
5
5
5
5
5
5
5
5
5
5
5
5
5
5
5
5
5
5
5
5
5
5
5
5
5
5
5
5
5
5
5
5
5
5
5
5
5
5
5
5
5
5
5
5
5
5
5
5
5
5
5
5
5
5
5
5
5
5
5
5
5
5
5
5
5
5
5
5
5
5
5
5
5
5
5
5
5
5
5
5
5
5
5
5
5
5
5
5
5
5
5
5
5
5
5
5
5
5
5
5
5
5
5
5
5
5
5
5
5
5
5
5
5
5
5
5
5
5
5
5
5
5
5
5
5
5
5
5
5
5
5
5
5
5
5
5
5
5
5
5
5
5
5
5
5
5
5
5
5
5
5
5
5
5
5
5
5
5
5
5
5
5
5
5
5
5
5
5
5
5
5
5
5
5
5
5
5
5
5
5
5
5
5
5
5
5
5
5
5
5
5
5
5
5
5
5
5
5
5
5
5
5
5
5
5
5
5
5
5
5
5
5
5
5
5
5
5
5
5
5
5
5
5
5
5
5
5
5
5
5
5
5
5
5
5
5
5
5
5
5
5
5
5
5
5
5
5
5
5
5
5
5
5
5
5
5
5
5
5
5
5
5
5
5
5
5
5
5
5
5
5
5
5
5
5
5
5
5
5
5
5
5
5
5
5
5
5
5
5
5
5
5
5
5
5
5
5
5
5
5
5
5
5
5
5
5
5
5
5
5
5
5
5
5
5
5
5
5
5
5
5
5
5
5
5
5
5
5
5
5
5
5
5
5
5
5
5
5
5
5
5
5
5
5
5
5
5
5
5
5
5
5
5
5
5
5
5
5
5
5
5
5
5
5
5
5
5
5
5
5
5
5
5
5
5
5
5
5
5
5
5
5
5
5
5
5
5
5
5
5
5
5
5
5
5
5
5
5
5
5
5
5
5
5
5
5
5
5
5
5
5
5
5
5
5
5
5
5
5
5
5
5
5
5
5
5
5
5
5
5
5
5
5
5
5
5
5
5
5
5
5
5
5
5
5
5
5
5
5
5
5
5
5
5
5
5
5
5
5
5
5
5
5
5
5
5
5
5
5
5
5
5
5
5
5
5
5
5
5
5
5
5
5
5
5
5
5
5
5
5
5
5
5
5
5
5
5
5
5
5
5
5
5
5
5
5
5
5
5
5
5
5
5
5
5
5
5
5
5
5
5
5
5
5
5
5
5
5
5
5
5
5
5
5
5
5
5
5
5
5
5
5
5
5
5
5
5
5
5
5
5
5
5
5
5
5
5
5
5
5
5
5
5
5
5
5
5
5
5
5
5
5
5
5
5
5
5
5
5
5
5
5
5
5
5
5
5
5
5
5
5
5
5
5
5
5
5
5
5
5
5
5
5
5
5
5
5
5
5
5
5
5
5
5
5
5
5
5
5
5
5
5
5
5
5
5
5
5
5
5
5
5
5
5
5
5
5
5
5
5
5
5
5
5
5
5
5
5
5
5
5
5
5
5
5
5
5
5
5
5
5
5
5
5
5
5
5
5
5
5
5
5
5
5
5
5
5
5
5
5
5
5
5
5
5
5
5
5
5
5
5
5
5
5
5
5
5
5
5
5
5
5
5
5
5
5
5
5
5
5
5
5
5
5
5
5
5
5
5
5
5
5
5
5
5
5
5
5
5
5
5
5
5
5
5
5
5
5
5
5
5
5
5
5
5
5
5
5
5
5
5
5
5
5
5
5
5
5
5
5
5
5
5
5
5
5
5
5
5
5
5
5
5
5
5
5
5
5
5
5
5
5
5
5
5
5
5
5
5
5
5
5
5
5
5
5
5
5
5
5
5
5
5
5
5
5
5
5
5
5
5
5
5
5
5
5
5
5
5
5
5
5
5
5
5
5
5
5
5
5
5
5
5
5
5
5
5
5
5
5
5
5
5
5
5
5
5
5
5
5
5
5
5
5
5
5
5
5
5
5
5
5
5
5
5
5
5
5
5
5
5
5
5
5
5
5
5
5
5
5
5
5
5
5
5
5
5
5
5
5
5
5
5
5
5
5
5
5
5
5
5
5
5
5
5
5
5
5
5
5
5
5
5
5
5
5
5
5
5
5
5
5
5
5
5
5
5
5
5
5
5
5
5
5
5
5
5
5
5
5
5
5
5
5
5
5
5
5
5
5
5
5
5
5
5
5
5
5
5
5
5
5
5
5
5
5
5
5
5
5
5
5
5
5
5
5
5
5
5
5
5
5
5
5
5
5
5
5
5
5
5
5
5
5
5
5
5
5
5
5
5
5
5
5
5
5
5
5
5
5
5
5
5
5
5
5
5
5
5
5
5
5
5
5
5
5
5
5
5
5
5
5
5
5
5
5
5
5
5
5
5
5
5
5
5
5
5
5
5
5
5
5
5
5
5
5
5
5
5
5
5
5
5
5
5
5
5
5
5
5
5
5
5
5
5
5
5
5
5
5
5
5
5
5
5
5
5
5
5
5
5
5
5
5
5
5
5
5
5
5
5
5
5
5
5
5
5
5
5
5
5
5
5
5
5
5
5
5
5
5
5
5
5
5
5
5
5
5
5
5
5
5
5
5
5
5
5
5
5
5
5
5
5
5
5
5
5
5
5
5
5
5
5
5
5
5
5
5
5
5
5
5
5
5
5
5
5
5
5
5
5
5
5
5
5
5
5
5
5
5
5
5
5
5
5
5
5
5
5
5
5
5
5
5
5
5
5
5
5
5
5
5
5
5
5
5
5
5
5
5
5
5
5
5
5
5
5
5
5
5
5
5
5
5
5
5
5
5
5
5
5
5
5
5
5
5
5
5
5
5
5
5
5
5
5
5
5
5
5
5
5
5
5
5
5
5
5
5
5
5
5
5
5
5
5
5
5
5
5
5
5
5
5
5
5
5
5
5
5
5
5
5
5
5
5
5
5
5
5
5
5
5
5
5
5
5
5
5
5
5
5
5
5
5
5
5
5
5
5
5
5
5
5
5
5
5
5
5
5
5
5
5
5
5
5
5
5
5
5
5
5
5
5
5
5
5
5
5
5
5
5
5
5
5
5
5
5
5
5
5
5
5
5
5
5
5
5
5
5
5
5
5
5
5
5
5
5
5
5
5
5
5
5
5
5
5
5
5
5
5
5
5
5
5
5
5
5
5
5
5
5
5
5
5
5
5
5
5
5
5
5
5
5
5
5
5
5
5
5
5
5
5
5
5
5
5
5
5
5
5
5
5
5
5
5
5
5
5
5
5
5
5
5
5
5
5
5
5
5
5
5
5
5
5
5
5
5
5
5
5
5
5
5
5
5
5
5
5
5
5
5
5
5
5
5
5
5
5
5
5
5
5
5
5
5
5
5
5
5
5
5
5
5
5
5
5
5
5
5
5
5
5
5
5
5
5
5
5
5
5
5
5
5
5
5
5
5
5
5
5
5
5
5
5
5
5
5
5
5
5
5
5
5
5
5
5
5
5
5
5
5
5
5
5
5
5
5
5
5
5
5
5
5
5
5
5
5
5
5
5
5
5
5
5
5
5
5
5
5
5
5
5
5
5
5
5
5
5
5
5
5
5
5
5
5
5
5
5
5
5
5
5
5
5
5
5
5
5
5
5
5
5
5
5
5
5
5
5
5
5
5
5
5
5
5
5
5
5
5
5
5
5
5
5
5
5
5
5
5
5
5
5
5
5
5
5
5
5
5
5
5
5
5
5
5
5
5
5
5
5
5
5
5
5
5
5
5
5
5
5
5
5
5
5
5
5
5
5
5
5
5
5
5
5
5
5
5
5
5
5
5
5
5
5
5
5
5
5
5
5
5
5
5
5
5
5
5
5
5
5
5
5
5
5
5
5
5
5
5
5
5
5
5
5
5
5
5
5
5
5
5
5
5
5
5
5
5
5
5
5
5
5
5
5
5
5
5
5
5
5
5
5
5
5
5
5
5
5
5
5
5
5
5
5
5
5
5
5
5
5
5
5
5
5
5
5
5
5
5
5
5
5
5
5
5
5
5
5
5
5
5
5
5
5
5
5
5
5
5
5
5
5
5
5
5
5
5
5
5
5
5
5
5
5
5
5
5
5
5
5
5
5
5
5
5
5
5
5
5
5
5
5
5
5
5
5
5
5
5
5
5
5
5
5
5
5
5
5
5
5
5
5
5
5
5
5
5
5
5
5
5
5
5
5
5
5
5
5
5
5
5
5
5
5
5
5
5
5
5
5
5
5
5
5
5
5
5
5
5
5
5
5
5
5
5
5
5
5
5
5
5
5
5
5
5
5
5
5
5
5
5
5
5
5
5
5
5
5
5
5
5
5
5
5
5
5
5
5
5
5
5
5
5
5
5
5
5
5
5
5
5
5
5
5
5
5
5
5
5
5
5
5
5
5
5
5
5
5
5
5
5
5
5
5
5
5
5
5
5
5
5
5
5
5
5
5
5
5
5
5
5
5
5
5
5
5
5
5
5
5
5
5
5
5
5
5
5
5
5
5
5
5
5
5
5
5
5
5
5
5
5
5
5
5
5
5
5
5
5
5
5
5
5
5
5
5
5
5
5
5
5
5
5
5
5
5
5
5
5
5
5
5
5
5
5
5
5
5
5
5
5
5
5
5
5
5
5
5
5
5
5
5
5
5
5
5
5
5
5
5
5
5
5
5
5
5
5
5
5
5
5
5
5
5
5
5
5
5
5
5
5
5
5
5
5
5
5
5
5
5
5
5
5
5
5
5
5
5
5
5
5
5
5
5
5
5
5
5
5
5
5
5
5
5
5
5
5
5
5
5
5
5
5
5
5
5
5
5
5
5
5
5
5
5
5
5
5
5
5
5
5
5
5
5
5
5
5
5
5
5
5
5
5
5
5
5
5
5
5
5
5
5
5
5
5
5
5
5
5
5
5
5
5
5
5
5
5
5
5
5
5
5
5
5
5
5
5
5
5
5
5
5
5
5
5
5
5
5
5
5
5
5
5
5
5
5
5
5
5
5
5
5
5
5
5
5
5
5
5
5
5
5
5
5
5
5
5
5
5
5
5
5
5
5
5
5
5
5
5
5
5
5
5
5
5
5
5
5
5
5
5
5
5
5
5
5
5
5
5
5
5
5
5
5
5
5
5
5
5
5
5
5
5
5
5
5
5
5
5
5
5
5
5
5
5
5
5
5
5
5
5
5
5
5
5
5
5
5
5
5
5
5
5
5
5
5
5
5
5
5
5
5
5
5
5
5
5
5
5
5
5
5
5
5
5
5
5
5
5
5
5
5
5
5
5
5
5
5
5
5
5
5
5
5
5
5
5
5
5
5
5
5
5
5
5
5
5
5
5
5
5
5
5
5
5
5
5
5
5
5
5
5
5
5
5
5
5
5
5
5
5
5
5
5
5
5
5
5
5
5
5
5
5
5
5
5
5
5
5
5
5
5
5
5
5
5
5
5
5
5
5
5
5
5
5
5
5
5
5
5
5
5
5
5
5
5
5
5
5
5
5
5
5
5
5
5
5
5
5
5
5
5
5
5
5
5
5
5
5
5
5
5
5
5
5
5
5
5
5
5
5
5
5
5
5
5
5
5
5
5
5
5
5
5
5
5
5
5
5
5
5
5
5
5
5
5
5
5
5
5
5
5
5
5
5
5
5
5
5
5
5
5
5
5
5
5
5
5
5
5
5
5
5
5
5
5
5
5
5
5
5
5
5
5
5
5
5
5
5
5
5
5
5
5
5
5
5
5
5
5
5
5
5
5
5
5
5
5
5
5
5
5
5
5
5
5
5
5
5
5
5
5
5
5
5
5
5
5
5
5
5
5
5
5
5
5
5
5
5
5
5
5
5
5
5
5
5
5
5
5
5
5
5
5
5
5
5
5
5
5
5
5
5
5
5
5
5
5
5
5
5
5
5
5
5
5
5
5
5
5
5
5
5
5
5
5
5
5
5
5
5
5
5
5
5
5
5
5
5
5
5
5
5
5
5
5
5
5
5
5
5
5
5
5
5
5
5
5
5
5
5
5
5
5
5
5
5
5
5
5
5
5
5
5
5
5
5
5
5
5
5
5
5
5
5
5
5
5
5
5
5
5
5
5
5
5
5
5
5
5
5
5
5
5
5
5
5
5
5
5
5
5
5
5
5
5
5
5
5
5
5
5
5
5
5
5
5
5
5
5
5
5
5
5
5
5
5
5
5
5
5
5
5
5
5
5
5
5
5
5
5
5
5
5
5
5
5
5
5
5
5
5
5
5
5
5
5
5
5
5
5
5
5
5
5
5
5
5
5
5
5
5
5
5
5
5
5
5
5
5
5
5
5
5
5
5
5
5
5
5
5
5
5
5
5
5
5
5
5
5
5
5
</DataArray>
</Cells>
<PointData>
<DataArray type="Float32" Name="V1" format="ascii">
0.000000e+00
0.000000e+00
0.000000e+00
0.000000e+00
0.000000e+00
0.000000e+00
0.000000e+00
0.000000e+00
0.000000e+00
0.000000e+00
0.000000e+00
0.000000e+00
0.000000e+00
0.000000e+00
0.000000e+00
0.000000e+00
0.000000e+00
0.000000e+00
0.000000e+00
0.000000e+00
0.000000e+00
0.000000e+00
0.000000e+00
0.000000e+00
0.000000e+00
0.000000e+00
0.000000e+00
0.000000e+00
0.000000e+00
0.000000e+00
0.000000e+00
0.000000e+00
0.000000e+00
0.000000e+00
0.000000e+00
0.000000e+00
0.000000e+00
0.000000e+00
0.000000e+00
0.000000e+00
0.000000e+00
0.000000e+00
0.000000e+00
0.000000e+00
0.000000e+00
0.000000e+00
0.000000e+00
0.000000e+00
0.000000e+00
0.000000e+00
0.000000e+00
0.000000e+00
0.000000e+00
0.000000e+00
0.000000e+00
0.000000e+00
0.000000e+00
0.000000e+00
0.000000e+00
0.000000e+00
0.000000e+00
0.000000e+00
0.000000e+00
0.000000e+00
0.000000e+00
0.000000e+00
0.000000e+00
0.000000e+00
0.000000e+00
0.000000e+00
0.000000e+00
0.000000e+00
0.000000e+00
0.000000e+00
0.000000e+00
0.000000e+00
0.000000e+00
0.000000e+00
0.000000e+00
0.000000e+00
0.000000e+00
0.000000e+00
0.000000e+00
0.000000e+00
0.000000e+00
0.000000e+00
0.000000e+00
0.000000e+00
0.000000e+00
0.000000e+00
0.000000e+00
0.000000e+00
0.000000e+00
0.000000e+00
0.000000e+00
0.000000e+00
0.000000e+00
0.000000e+00
0.000000e+00
0.000000e+00
0.000000e+00
0.000000e+00
0.000000e+00
0.000000e+00
0.000000e+00
0.000000e+00
0.000000e+00
0.000000e+00
0.000000e+00
0.000000e+00
0.000000e+00
0.000000e+00
0.000000e+00
0.000000e+00
0.000000e+00
0.000000e+00
0.000000e+00
0.000000e+00
0.000000e+00
0.000000e+00
0.000000e+00
0.000000e+00
0.000000e+00
0.000000e+00
0.000000e+00
0.000000e+00
0.000000e+00
0.000000e+00
0.000000e+00
0.000000e+00
0.000000e+00
0.000000e+00
0.000000e+00
0.000000e+00
0.000000e+00
0.000000e+00
0.000000e+00
0.000000e+00
0.000000e+00
0.000000e+00
0.000000e+00
0.000000e+00
0.000000e+00
0.000000e+00
0.000000e+00
0.000000e+00
0.000000e+00
0.000000e+00
0.000000e+00
0.000000e+00
0.000000e+00
0.000000e+00
0.000000e+00
0.000000e+00
0.000000e+00
0.000000e+00
0.000000e+00
0.000000e+00
0.000000e+00
0.000000e+00
0.000000e+00
0.000000e+00
0.000000e+00
0.000000e+00
0.000000e+00
0.000000e+00
0.000000e+00
0.000000e+00
0.000000e+00
0.000000e+00
0.000000e+00
0.000000e+00
0.000000e+00
0.000000e+00
0.000000e+00
0.000000e+00
0.000000e+00
0.000000e+00
0.000000e+00
0.000000e+00
0.000000e+00
0.000000e+00
0.000000e+00
0.000000e+00
0.000000e+00
0.000000e+00
0.000000e+00
0.000000e+00
0.000000e+00
0.000000e+00
0.000000e+00
0.000000e+00
0.000000e+00
0.000000e+00
0.000000e+00
0.000000e+00
0.000000e+00
0.000000e+00
0.000000e+00
0.000000e+00
0.000000e+00
0.000000e+00
0.000000e+00
0.000000e+00
0.000000e+00
0.000000e+00
0.000000e+00
0.000000e+00
0.000000e+00
0.000000e+00
0.000000e+00
0.000000e+00
0.000000e+00
0.000000e+00
0.000000e+00
0.000000e+00
0.000000e+00
0.000000e+00
0.000000e+00
0.000000e+00
0.000000e+00
0.000000e+00
0.000000e+00
0.000000e+00
0.000000e+00
0.000000e+00
0.000000e+00
0.000000e+00
0.000000e+00
0.000000e+00
0.000000e+00
0.000000e+00
0.000000e+00
0.000000e+00
0.000000e+00
0.000000e+00
0.000000e+00
0.000000e+00
0.000000e+00
0.000000e+00
0.000000e+00
0.000000e+00
0.000000e+00
0.000000e+00
0.000000e+00
0.000000e+00
0.000000e+00
0.000000e+00
0.000000e+00
0.000000e+00
0.000000e+00
0.000000e+00
0.000000e+00
0.000000e+00
0.000000e+00
0.000000e+00
0.000000e+00
0.000000e+00
0.000000e+00
0.000000e+00
0.000000e+00
0.000000e+00
0.000000e+00
0.000000e+00
0.000000e+00
0.000000e+00
0.000000e+00
0.000000e+00
0.000000e+00
0.000000e+00
0.000000e+00
0.000000e+00
0.000000e+00
0.000000e+00
0.000000e+00
0.000000e+00
0.000000e+00
0.000000e+00
0.000000e+00
0.000000e+00
0.000000e+00
0.000000e+00
0.000000e+00
0.000000e+00
0.000000e+00
0.000000e+00
0.000000e+00
0.000000e+00
0.000000e+00
0.000000e+00
0.000000e+00
0.000000e+00
0.000000e+00
0.000000e+00
0.000000e+00
0.000000e+00
0.000000e+00
0.000000e+00
0.000000e+00
0.000000e+00
0.000000e+00
0.000000e+00
0.000000e+00
0.000000e+00
0.000000e+00
0.000000e+00
0.000000e+00
0.000000e+00
0.000000e+00
0.000000e+00
0.000000e+00
0.000000e+00
0.000000e+00
0.000000e+00
0.000000e+00
0.000000e+00
0.000000e+00
0.000000e+00
0.000000e+00
0.000000e+00
0.000000e+00
0.000000e+00
0.000000e+00
0.000000e+00
0.000000e+00
0.000000e+00
0.000000e+00
0.000000e+00
0.000000e+00
0.000000e+00
0.000000e+00
0.000000e+00
0.000000e+00
0.000000e+00
0.000000e+00
0.000000e+00
0.000000e+00
0.000000e+00
0.000000e+00
0.000000e+00
0.000000e+00
0.000000e+00
0.000000e+00
0.000000e+00
0.000000e+00
0.000000e+00
0.000000e+00
0.000000e+00
0.000000e+00
0.000000e+00
0.000000e+00
0.000000e+00
0.000000e+00
0.000000e+00
0.000000e+00
0.000000e+00
0.000000e+00
0.000000e+00
0.000000e+00
0.000000e+00
0.000000e+00
0.000000e+00
0.000000e+00
0.000000e+00
0.000000e+00
0.000000e+00
0.000000e+00
0.000000e+00
0.000000e+00
0.000000e+00
0.000000e+00
0.000000e+00
0.000000e+00
0.000000e+00
0.000000e+00
0.000000e+00
0.000000e+00
0.000000e+00
0.000000e+00
0.000000e+00
0.000000e+00
0.000000e+00
0.000000e+00
0.000000e+00
0.000000e+00
0.000000e+00
0.000000e+00
0.000000e+00
0.000000e+00
0.000000e+00
0.000000e+00
0.000000e+00
0.000000e+00
0.000000e+00
0.000000e+00
0.000000e+00
0.000000e+00
0.000000e+00
0.000000e+00
0.000000e+00
0.000000e+00
0.000000e+00
0.000000e+00
0.000000e+00
0.000000e+00
0.000000e+00
0.000000e+00
0.000000e+00
0.000000e+00
0.000000e+00
0.000000e+00
0.000000e+00
0.000000e+00
0.000000e+00
0.000000e+00
0.000000e+00
0.000000e+00
0.000000e+00
0.000000e+00
0.000000e+00
0.000000e+00
0.000000e+00
0.000000e+00
0.000000e+00
0.000000e+00
0.000000e+00
0.000000e+00
0.000000e+00
0.000000e+00
0.000000e+00
0.000000e+00
0.000000e+00
0.000000e+00
0.000000e+00
0.000000e+00
0.000000e+00
0.000000e+00
0.000000e+00
0.000000e+00
0.000000e+00
0.000000e+00
0.000000e+00
0.000000e+00
0.000000e+00
0.000000e+00
0.000000e+00
0.000000e+00
0.000000e+00
0.000000e+00
0.000000e+00
0.000000e+00
0.000000e+00
0.000000e+00
0.000000e+00
0.000000e+00
0.000000e+00
0.000000e+00
0.000000e+00
0.000000e+00
0.000000e+00
0.000000e+00
0.000000e+00
0.000000e+00
0.000000e+00
0.000000e+00
0.000000e+00
0.000000e+00
0.000000e+00
0.000000e+00
0.000000e+00
0.000000e+00
0.000000e+00
0.000000e+00
0.000000e+00
0.000000e+00
0.000000e+00
0.000000e+00
0.000000e+00
0.000000e+00
0.000000e+00
0.000000e+00
0.000000e+00
0.000000e+00
0.000000e+00
0.000000e+00
0.000000e+00
0.000000e+00
0.000000e+00
0.000000e+00
0.000000e+00
0.000000e+00
0.000000e+00
0.000000e+00
0.000000e+00
0.000000e+00
0.000000e+00
0.000000e+00
0.000000e+00
0.000000e+00
0.000000e+00
0.000000e+00
0.000000e+00
0.000000e+00
0.000000e+00
0.000000e+00
0.000000e+00
0.000000e+00
0.000000e+00
0.000000e+00
0.000000e+00
0.000000e+00
0.000000e+00
0.000000e+00
0.000000e+00
0.000000e+00
0.000000e+00
0.000000e+00
0.000000e+00
0.000000e+00
0.000000e+00
0.000000e+00
0.000000e+00
0.000000e+00
0.000000e+00
0.000000e+00
0.000000e+00
0.000000e+00
0.000000e+00
0.000000e+00
0.000000e+00
0.000000e+00
0.000000e+00
0.000000e+00
0.000000e+00
0.000000e+00
0.000000e+00
0.000000e+00
0.000000e+00
0.000000e+00
0.000000e+00
0.000000e+00
0.000000e+00
0.000000e+00
0.000000e+00
0.000000e+00
0.000000e+00
0.000000e+00
0.000000e+00
0.000000e+00
0.000000e+00
0.000000e+00
0.000000e+00
0.000000e+00
0.000000e+00
0.000000e+00
0.000000e+00
0.000000e+00
0.000000e+00
0.000000e+00
0.000000e+00
0.000000e+00
0.000000e+00
0.000000e+00
0.000000e+00
0.000000e+00
0.000000e+00
0.000000e+00
0.000000e+00
0.000000e+00
0.000000e+00
0.000000e+00
0.000000e+00
0.000000e+00
0.000000e+00
0.000000e+00
0.000000e+00
0.000000e+00
0.000000e+00
0.000000e+00
0.000000e+00
0.000000e+00
0.000000e+00
0.000000e+00
0.000000e+00
0.000000e+00
0.000000e+00
0.000000e+00
0.000000e+00
0.000000e+00
0.000000e+00
0.000000e+00
0.000000e+00
0.000000e+00
0.000000e+00
0.000000e+00
0.000000e+00
0.000000e+00
0.000000e+00
0.000000e+00
0.000000e+00
0.000000e+00
0.000000e+00
0.000000e+00
0.000000e+00
0.000000e+00
0.000000e+00
0.000000e+00
0.000000e+00
0.000000e+00
0.000000e+00
0.000000e+00
0.000000e+00
0.000000e+00
0.000000e+00
0.000000e+00
0.000000e+00
0.000000e+00
0.000000e+00
0.000000e+00
0.000000e+00
0.000000e+00
0.000000e+00
0.000000e+00
0.000000e+00
0.000000e+00
0.000000e+00
0.000000e+00
0.000000e+00
0.000000e+00
0.000000e+00
0.000000e+00
0.000000e+00
0.000000e+00
0.000000e+00
0.000000e+00
0.000000e+00
0.000000e+00
0.000000e+00
0.000000e+00
0.000000e+00
0.000000e+00
0.000000e+00
0.000000e+00
0.000000e+00
0.000000e+00
0.000000e+00
0.000000e+00
0.000000e+00
0.000000e+00
0.000000e+00
0.000000e+00
0.000000e+00
0.000000e+00
0.000000e+00
0.000000e+00
0.000000e+00
0.000000e+00
0.000000e+00
0.000000e+00
0.000000e+00
0.000000e+00
0.000000e+00
0.000000e+00
0.000000e+00
0.000000e+00
0.000000e+00
0.000000e+00
0.000000e+00
0.000000e+00
0.000000e+00
0.000000e+00
0.000000e+00
0.000000e+00
0.000000e+00
0.000000e+00
0.000000e+00
0.000000e+00
0.000000e+00
0.000000e+00
0.000000e+00
0.000000e+00
0.000000e+00
0.000000e+00
0.000000e+00
0.000000e+00
0.000000e+00
0.000000e+00
0.000000e+00
0.000000e+00
0.000000e+00
0.000000e+00
0.000000e+00
0.000000e+00
0.000000e+00
0.000000e+00
0.000000e+00
0.000000e+00
0.000000e+00
0.000000e+00
0.000000e+00
0.000000e+00
0.000000e+00
0.000000e+00
0.000000e+00
0.000000e+00
0.000000e+00
0.000000e+00
0.000000e+00
0.000000e+00
0.000000e+00
0.000000e+00
0.000000e+00
0.000000e+00
0.000000e+00
0.000000e+00
0.000000e+00
0.000000e+00
0.000000e+00
0.000000e+00
0.000000e+00
0.000000e+00
0.000000e+00
0.000000e+00
0.000000e+00
0.000000e+00
0.000000e+00
0.000000e+00
0.000000e+00
0.000000e+00
0.000000e+00
0.000000e+00
0.000000e+00
0.000000e+00
0.000000e+00
0.000000e+00
0.000000e+00
0.000000e+00
0.000000e+00
0.000000e+00
0.000000e+00
0.000000e+00
0.000000e+00
0.000000e+00
0.000000e+00
0.000000e+00
0.000000e+00
0.000000e+00
0.000000e+00
0.000000e+00
0.000000e+00
0.000000e+00
0.000000e+00
0.000000e+00
0.000000e+00
0.000000e+00
0.000000e+00
0.000000e+00
0.000000e+00
0.000000e+00
0.000000e+00
0.000000e+00
0.000000e+00
0.000000e+00
0.000000e+00
0.000000e+00
0.000000e+00
0.000000e+00
0.000000e+00
0.000000e+00
0.000000e+00
0.000000e+00
0.000000e+00
0.000000e+00
0.000000e+00
0.000000e+00
0.000000e+00
0.000000e+00
0.000000e+00
0.000000e+00
0.000000e+00
0.000000e+00
0.000000e+00
0.000000e+00
0.000000e+00
0.000000e+00
0.000000e+00
0.000000e+00
0.000000e+00
0.000000e+00
0.000000e+00
0.000000e+00
0.000000e+00
0.000000e+00
0.000000e+00
0.000000e+00
0.000000e+00
0.000000e+00
0.000000e+00
0.000000e+00
0.000000e+00
0.000000e+00
0.000000e+00
0.000000e+00
0.000000e+00
0.000000e+00
0.000000e+00
0.000000e+00
0.000000e+00
0.000000e+00
0.000000e+00
0.000000e+00
0.000000e+00
0.000000e+00
0.000000e+00
0.000000e+00
0.000000e+00
0.000000e+00
0.000000e+00
0.000000e+00
0.000000e+00
0.000000e+00
0.000000e+00
0.000000e+00
0.000000e+00
0.000000e+00
0.000000e+00
0.000000e+00
0.000000e+00
0.000000e+00
0.000000e+00
0.000000e+00
0.000000e+00
0.000000e+00
0.000000e+00
0.000000e+00
0.000000e+00
0.000000e+00
0.000000e+00
0.000000e+00
0.000000e+00
0.000000e+00
0.000000e+00
0.000000e+00
0.000000e+00
0.000000e+00
0.000000e+00
0.000000e+00
0.000000e+00
0.000000e+00
0.000000e+00
0.000000e+00
0.000000e+00
0.000000e+00
0.000000e+00
0.000000e+00
0.000000e+00
0.000000e+00
0.000000e+00
0.000000e+00
0.000000e+00
0.000000e+00
0.000000e+00
0.000000e+00
0.000000e+00
0.000000e+00
0.000000e+00
0.000000e+00
0.000000e+00
0.000000e+00
0.000000e+00
0.000000e+00
0.000000e+00
0.000000e+00
0.000000e+00
0.000000e+00
0.000000e+00
0.000000e+00
0.000000e+00
0.000000e+00
0.000000e+00
0.000000e+00
0.000000e+00
0.000000e+00
0.000000e+00
0.000000e+00
0.000000e+00
0.000000e+00
0.000000e+00
0.000000e+00
0.000000e+00
0.000000e+00
0.000000e+00
0.000000e+00
0.000000e+00
0.000000e+00
0.000000e+00
0.000000e+00
0.000000e+00
0.000000e+00
0.000000e+00
0.000000e+00
0.000000e+00
0.000000e+00
0.000000e+00
0.000000e+00
0.000000e+00
0.000000e+00
0.000000e+00
0.000000e+00
0.000000e+00
0.000000e+00
0.000000e+00
0.000000e+00
0.000000e+00
0.000000e+00
0.000000e+00
0.000000e+00
0.000000e+00
0.000000e+00
0.000000e+00
0.000000e+00
0.000000e+00
0.000000e+00
0.000000e+00
0.000000e+00
0.000000e+00
0.000000e+00
0.000000e+00
0.000000e+00
0.000000e+00
0.000000e+00
0.000000e+00
0.000000e+00
0.000000e+00
0.000000e+00
0.000000e+00
0.000000e+00
0.000000e+00
0.000000e+00
0.000000e+00
0.000000e+00
0.000000e+00
0.000000e+00
0.000000e+00
0.000000e+00
0.000000e+00
0.000000e+00
0.000000e+00
0.000000e+00
0.000000e+00
0.000000e+00
0.000000e+00
0.000000e+00
0.000000e+00
0.000000e+00
0.000000e+00
0.000000e+00
0.000000e+00
0.000000e+00
0.000000e+00
0.000000e+00
0.000000e+00
0.000000e+00
0.000000e+00
0.000000e+00
0.000000e+00
0.000000e+00
0.000000e+00
0.000000e+00
0.000000e+00
0.000000e+00
0.000000e+00
0.000000e+00
0.000000e+00
0.000000e+00
0.000000e+00
0.000000e+00
0.000000e+00
0.000000e+00
0.000000e+00
0.000000e+00
0.000000e+00
0.000000e+00
0.000000e+00
0.000000e+00
0.000000e+00
0.000000e+00
0.000000e+00
0.000000e+00
0.000000e+00
0.000000e+00
0.000000e+00
0.000000e+00
0.000000e+00
0.000000e+00
0.000000e+00
0.000000e+00
0.000000e+00
0.000000e+00
0.000000e+00
0.000000e+00
0.000000e+00
0.000000e+00
0.000000e+00
0.000000e+00
0.000000e+00
0.000000e+00
0.000000e+00
0.000000e+00
0.000000e+00
0.000000e+00
0.000000e+00
0.000000e+00
0.000000e+00
0.000000e+00
0.000000e+00
0.000000e+00
0.000000e+00
0.000000e+00
0.000000e+00
0.000000e+00
0.000000e+00
0.000000e+00
0.000000e+00
0.000000e+00
0.000000e+00
0.000000e+00
0.000000e+00
0.000000e+00
0.000000e+00
0.000000e+00
0.000000e+00
0.000000e+00
0.000000e+00
0.000000e+00
0.000000e+00
0.000000e+00
0.000000e+00
0.000000e+00
0.000000e+00
0.000000e+00
0.000000e+00
0.000000e+00
0.000000e+00
0.000000e+00
0.000000e+00
0.000000e+00
0.000000e+00
0.000000e+00
0.000000e+00
0.000000e+00
0.000000e+00
0.000000e+00
0.000000e+00
0.000000e+00
0.000000e+00
0.000000e+00
0.000000e+00
0.000000e+00
0.000000e+00
0.000000e+00
0.000000e+00
0.000000e+00
0.000000e+00
0.000000e+00
0.000000e+00
0.000000e+00
0.000000e+00
0.000000e+00
0.000000e+00
0.000000e+00
0.000000e+00
0.000000e+00
0.000000e+00
0.000000e+00
0.000000e+00
0.000000e+00
0.000000e+00
0.000000e+00
0.000000e+00
0.000000e+00
0.000000e+00
0.000000e+00
0.000000e+00
0.000000e+00
0.000000e+00
0.000000e+00
0.000000e+00
0.000000e+00
0.000000e+00
0.000000e+00
0.000000e+00
0.000000e+00
0.000000e+00
0.000000e+00
0.000000e+00
0.000000e+00
0.000000e+00
0.000000e+00
0.000000e+00
0.000000e+00
0.000000e+00
0.000000e+00
0.000000e+00
0.000000e+00
0.000000e+00
0.000000e+00
0.000000e+00
0.000000e+00
0.000000e+00
0.000000e+00
0.000000e+00
0.000000e+00
0.000000e+00
0.000000e+00
0.000000e+00
0.000000e+00
0.000000e+00
0.000000e+00
0.000000e+00
0.000000e+00
0.000000e+00
0.000000e+00
0.000000e+00
0.000000e+00
0.000000e+00
0.000000e+00
0.000000e+00
0.000000e+00
0.000000e+00
0.000000e+00
0.000000e+00
0.000000e+00
0.000000e+00
0.000000e+00
0.000000e+00
0.000000e+00
0.000000e+00
0.000000e+00
0.000000e+00
0.000000e+00
0.000000e+00
0.000000e+00
0.000000e+00
0.000000e+00
0.000000e+00
0.000000e+00
0.000000e+00
0.000000e+00
0.000000e+00
0.000000e+00
0.000000e+00
0.000000e+00
0.000000e+00
0.000000e+00
0.000000e+00
0.000000e+00
0.000000e+00
0.000000e+00
0.000000e+00
0.000000e+00
0.000000e+00
0.000000e+00
0.000000e+00
0.000000e+00
0.000000e+00
0.000000e+00
0.000000e+00
0.000000e+00
0.000000e+00
0.000000e+00
0.000000e+00
0.000000e+00
0.000000e+00
0.000000e+00
0.000000e+00
0.000000e+00
0.000000e+00
0.000000e+00
0.000000e+00
0.000000e+00
0.000000e+00
0.000000e+00
0.000000e+00
0.000000e+00
0.000000e+00
0.000000e+00
0.000000e+00
0.000000e+00
0.000000e+00
0.000000e+00
0.000000e+00
0.000000e+00
0.000000e+00
0.000000e+00
0.000000e+00
0.000000e+00
0.000000e+00
0.000000e+00
0.000000e+00
0.000000e+00
0.000000e+00
0.000000e+00
0.000000e+00
0.000000e+00
0.000000e+00
0.000000e+00
0.000000e+00
0.000000e+00
0.000000e+00
0.000000e+00
0.000000e+00
0.000000e+00
0.000000e+00
0.000000e+00
0.000000e+00
0.000000e+00
0.000000e+00
0.000000e+00
0.000000e+00
0.000000e+00
0.000000e+00
0.000000e+00
0.000000e+00
0.000000e+00
0.000000e+00
0.000000e+00
0.000000e+00
0.000000e+00
0.000000e+00
0.000000e+00
0.000000e+00
0.000000e+00
0.000000e+00
0.000000e+00
0.000000e+00
0.000000e+00
0.000000e+00
0.000000e+00
0.000000e+00
0.000000e+00
0.000000e+00
0.000000e+00
0.000000e+00
0.000000e+00
0.000000e+00
0.000000e+00
0.000000e+00
0.000000e+00
0.000000e+00
0.000000e+00
0.000000e+00
0.000000e+00
0.000000e+00
0.000000e+00
0.000000e+00
0.000000e+00
0.000000e+00
0.000000e+00
0.000000e+00
0.000000e+00
0.000000e+00
0.000000e+00
0.000000e+00
0.000000e+00
0.000000e+00
0.000000e+00
0.000000e+00
0.000000e+00
0.000000e+00
0.000000e+00
0.000000e+00
0.000000e+00
0.000000e+00
0.000000e+00
0.000000e+00
0.000000e+00
0.000000e+00
0.000000e+00
0.000000e+00
0.000000e+00
0.000000e+00
0.000000e+00
0.000000e+00
0.000000e+00
0.000000e+00
0.000000e+00
0.000000e+00
0.000000e+00
0.000000e+00
0.000000e+00
0.000000e+00
0.000000e+00
0.000000e+00
0.000000e+00
0.000000e+00
0.000000e+00
0.000000e+00
0.000000e+00
0.000000e+00
0.000000e+00
0.000000e+00
0.000000e+00
0.000000e+00
0.000000e+00
0.000000e+00
0.000000e+00
0.000000e+00
0.000000e+00
0.000000e+00
0.000000e+00
0.000000e+00
0.000000e+00
0.000000e+00
0.000000e+00
0.000000e+00
0.000000e+00
0.000000e+00
0.000000e+00
0.000000e+00
0.000000e+00
0.000000e+00
0.000000e+00
0.000000e+00
0.000000e+00
0.000000e+00
0.000000e+00
0.000000e+00
0.000000e+00
0.000000e+00
0.000000e+00
0.000000e+00
0.000000e+00
0.000000e+00
0.000000e+00
0.000000e+00
0.000000e+00
0.000000e+00
0.000000e+00
0.000000e+00
0.000000e+00
0.000000e+00
0.000000e+00
0.000000e+00
0.000000e+00
0.000000e+00
0.000000e+00
0.000000e+00
0.000000e+00
0.000000e+00
0.000000e+00
0.000000e+00
0.000000e+00
0.000000e+00
0.000000e+00
0.000000e+00
0.000000e+00
0.000000e+00
0.000000e+00
0.000000e+00
0.000000e+00
0.000000e+00
0.000000e+00
0.000000e+00
0.000000e+00
0.000000e+00
0.000000e+00
0.000000e+00
0.000000e+00
0.000000e+00
0.000000e+00
0.000000e+00
0.000000e+00
0.000000e+00
0.000000e+00
0.000000e+00
0.000000e+00
0.000000e+00
0.000000e+00
0.000000e+00
0.000000e+00
0.000000e+00
0.000000e+00
0.000000e+00
0.000000e+00
0.000000e+00
0.000000e+00
0.000000e+00
0.000000e+00
0.000000e+00
0.000000e+00
0.000000e+00
0.000000e+00
0.000000e+00
0.000000e+00
0.000000e+00
0.000000e+00
0.000000e+00
0.000000e+00
0.000000e+00
0.000000e+00
0.000000e+00
0.000000e+00
0.000000e+00
0.000000e+00
0.000000e+00
0.000000e+00
0.000000e+00
0.000000e+00
0.000000e+00
0.000000e+00
0.000000e+00
0.000000e+00
0.000000e+00
0.000000e+00
0.000000e+00
0.000000e+00
0.000000e+00
0.000000e+00
0.000000e+00
0.000000e+00
0.000000e+00
0.000000e+00
0.000000e+00
0.000000e+00
0.000000e+00
0.000000e+00
0.000000e+00
0.000000e+00
0.000000e+00
0.000000e+00
0.000000e+00
0.000000e+00
0.000000e+00
0.000000e+00
0.000000e+00
0.000000e+00
0.000000e+00
0.000000e+00
0.000000e+00
0.000000e+00
0.000000e+00
0.000000e+00
0.000000e+00
0.000000e+00
0.000000e+00
0.000000e+00
0.000000e+00
0.000000e+00
0.000000e+00
0.000000e+00
0.000000e+00
0.000000e+00
0.000000e+00
0.000000e+00
0.000000e+00
0.000000e+00
0.000000e+00
0.000000e+00
0.000000e+00
0.000000e+00
0.000000e+00
0.000000e+00
0.000000e+00
0.000000e+00
0.000000e+00
0.000000e+00
0.000000e+00
0.000000e+00
0.000000e+00
0.000000e+00
0.000000e+00
0.000000e+00
0.000000e+00
0.000000e+00
0.000000e+00
0.000000e+00
0.000000e+00
0.000000e+00
0.000000e+00
0.000000e+00
0.000000e+00
0.000000e+00
0.000000e+00
0.000000e+00
0.000000e+00
0.000000e+00
0.000000e+00
0.000000e+00
0.000000e+00
0.000000e+00
0.000000e+00
0.000000e+00
0.000000e+00
0.000000e+00
0.000000e+00
0.000000e+00
0.000000e+00
0.000000e+00
0.000000e+00
0.000000e+00
0.000000e+00
0.000000e+00
0.000000e+00
0.000000e+00
0.000000e+00
0.000000e+00
0.000000e+00
0.000000e+00
0.000000e+00
0.000000e+00
0.000000e+00
0.000000e+00
0.000000e+00
0.000000e+00
0.000000e+00
0.000000e+00
0.000000e+00
0.000000e+00
0.000000e+00
0.000000e+00
0.000000e+00
0.000000e+00
0.000000e+00
0.000000e+00
0.000000e+00
0.000000e+00
0.000000e+00
0.000000e+00
0.000000e+00
0.000000e+00
0.000000e+00
0.000000e+00
0.000000e+00
0.000000e+00
0.000000e+00
0.000000e+00
0.000000e+00
0.000000e+00
0.000000e+00
0.000000e+00
0.000000e+00
0.000000e+00
0.000000e+00
0.000000e+00
0.000000e+00
0.000000e+00
0.000000e+00
0.000000e+00
0.000000e+00
0.000000e+00
0.000000e+00
0.000000e+00
0.000000e+00
0.000000e+00
0.000000e+00
0.000000e+00
0.000000e+00
0.000000e+00
0.000000e+00
0.000000e+00
0.000000e+00
0.000000e+00
0.000000e+00
0.000000e+00
0.000000e+00
0.000000e+00
0.000000e+00
0.000000e+00
0.000000e+00
0.000000e+00
0.000000e+00
0.000000e+00
0.000000e+00
0.000000e+00
0.000000e+00
0.000000e+00
0.000000e+00
0.000000e+00
0.000000e+00
0.000000e+00
0.000000e+00
0.000000e+00
0.000000e+00
0.000000e+00
0.000000e+00
0.000000e+00
0.000000e+00
0.000000e+00
0.000000e+00
0.000000e+00
0.000000e+00
0.000000e+00
0.000000e+00
0.000000e+00
0.000000e+00
0.000000e+00
0.000000e+00
0.000000e+00
0.000000e+00
0.000000e+00
0.000000e+00
0.000000e+00
0.000000e+00
0.000000e+00
0.000000e+00
0.000000e+00
0.000000e+00
0.000000e+00
0.000000e+00
0.000000e+00
0.000000e+00
0.000000e+00
0.000000e+00
0.000000e+00
0.000000e+00
0.000000e+00
0.000000e+00
0.000000e+00
0.000000e+00
0.000000e+00
0.000000e+00
0.000000e+00
0.000000e+00
0.000000e+00
0.000000e+00
0.000000e+00
0.000000e+00
0.000000e+00
0.000000e+00
0.000000e+00
0.000000e+00
0.000000e+00
0.000000e+00
0.000000e+00
0.000000e+00
0.000000e+00
0.000000e+00
0.000000e+00
0.000000e+00
0.000000e+00
0.000000e+00
0.000000e+00
0.000000e+00
0.000000e+00
0.000000e+00
0.000000e+00
0.000000e+00
0.000000e+00
0.000000e+00
0.000000e+00
0.000000e+00
0.000000e+00
0.000000e+00
0.000000e+00
0.000000e+00
0.000000e+00
0.000000e+00
0.000000e+00
0.000000e+00
0.000000e+00
0.000000e+00
0.000000e+00
0.000000e+00
0.000000e+00
0.000000e+00
0.000000e+00
0.000000e+00
0.000000e+00
0.000000e+00
0.000000e+00
0.000000e+00
0.000000e+00
0.000000e+00
0.000000e+00
0.000000e+00
0.000000e+00
0.000000e+00
0.000000e+00
0.000000e+00
0.000000e+00
0.000000e+00
0.000000e+00
0.000000e+00
0.000000e+00
0.000000e+00
0.000000e+00
0.000000e+00
0.000000e+00
0.000000e+00
0.000000e+00
0.000000e+00
0.000000e+00
0.000000e+00
0.000000e+00
0.000000e+00
0.000000e+00
0.000000e+00
0.000000e+00
0.000000e+00
0.000000e+00
0.000000e+00
0.000000e+00
0.000000e+00
0.000000e+00
0.000000e+00
0.000000e+00
0.000000e+00
0.000000e+00
0.000000e+00
0.000000e+00
0.000000e+00
0.000000e+00
0.000000e+00
0.000000e+00
0.000000e+00
0.000000e+00
0.000000e+00
0.000000e+00
0.000000e+00
0.000000e+00
0.000000e+00
0.000000e+00
0.000000e+00
0.000000e+00
0.000000e+00
0.000000e+00
0.000000e+00
0.000000e+00
0.000000e+00
0.000000e+00
0.000000e+00
0.000000e+00
0.000000e+00
0.000000e+00
0.000000e+00
0.000000e+00
0.000000e+00
0.000000e+00
0.000000e+00
0.000000e+00
0.000000e+00
0.000000e+00
0.000000e+00
0.000000e+00
0.000000e+00
0.000000e+00
0.000000e+00
0.000000e+00
0.000000e+00
0.000000e+00
0.000000e+00
0.000000e+00
0.000000e+00
0.000000e+00
0.000000e+00
0.000000e+00
0.000000e+00
0.000000e+00
0.000000e+00
0.000000e+00
0.000000e+00
0.000000e+00
0.000000e+00
0.000000e+00
0.000000e+00
0.000000e+00
0.000000e+00
0.000000e+00
0.000000e+00
0.000000e+00
0.000000e+00
0.000000e+00
0.000000e+00
0.000000e+00
0.000000e+00
0.000000e+00
0.000000e+00
0.000000e+00
0.000000e+00
0.000000e+00
0.000000e+00
0.000000e+00
0.000000e+00
0.000000e+00
0.000000e+00
0.000000e+00
0.000000e+00
0.000000e+00
0.000000e+00
0.000000e+00
0.000000e+00
0.000000e+00
0.000000e+00
0.000000e+00
0.000000e+00
0.000000e+00
0.000000e+00
0.000000e+00
0.000000e+00
0.000000e+00
0.000000e+00
0.000000e+00
0.000000e+00
0.000000e+00
0.000000e+00
0.000000e+00
0.000000e+00
0.000000e+00
0.000000e+00
0.000000e+00
0.000000e+00
0.000000e+00
0.000000e+00
0.000000e+00
0.000000e+00
0.000000e+00
0.000000e+00
0.000000e+00
0.000000e+00
0.000000e+00
0.000000e+00
0.000000e+00
0.000000e+00
0.000000e+00
0.000000e+00
0.000000e+00
0.000000e+00
0.000000e+00
0.000000e+00
0.000000e+00
0.000000e+00
0.000000e+00
0.000000e+00
0.000000e+00
0.000000e+00
0.000000e+00
0.000000e+00
0.000000e+00
0.000000e+00
0.000000e+00
0.000000e+00
0.000000e+00
0.000000e+00
0.000000e+00
0.000000e+00
0.000000e+00
0.000000e+00
0.000000e+00
0.000000e+00
0.000000e+00
0.000000e+00
0.000000e+00
0.000000e+00
0.000000e+00
0.000000e+00
0.000000e+00
0.000000e+00
0.000000e+00
0.000000e+00
0.000000e+00
0.000000e+00
0.000000e+00
0.000000e+00
0.000000e+00
0.000000e+00
0.000000e+00
0.000000e+00
0.000000e+00
0.000000e+00
0.000000e+00
0.000000e+00
0.000000e+00
0.000000e+00
0.000000e+00
0.000000e+00
0.000000e+00
0.000000e+00
0.000000e+00
0.000000e+00
0.000000e+00
0.000000e+00
0.000000e+00
0.000000e+00
0.000000e+00
0.000000e+00
0.000000e+00
0.000000e+00
0.000000e+00
0.000000e+00
0.000000e+00
0.000000e+00
0.000000e+00
0.000000e+00
0.000000e+00
0.000000e+00
0.000000e+00
0.000000e+00
0.000000e+00
0.000000e+00
0.000000e+00
0.000000e+00
0.000000e+00
0.000000e+00
0.000000e+00
0.000000e+00
0.000000e+00
0.000000e+00
0.000000e+00
0.000000e+00
0.000000e+00
0.000000e+00
0.000000e+00
0.000000e+00
0.000000e+00
0.000000e+00
0.000000e+00
0.000000e+00
0.000000e+00
0.000000e+00
0.000000e+00
0.000000e+00
0.000000e+00
0.000000e+00
0.000000e+00
0.000000e+00
0.000000e+00
0.000000e+00
0.000000e+00
0.000000e+00
0.000000e+00
0.000000e+00
0.000000e+00
0.000000e+00
0.000000e+00
0.000000e+00
0.000000e+00
0.000000e+00
0.000000e+00
0.000000e+00
0.000000e+00
0.000000e+00
0.000000e+00
0.000000e+00
0.000000e+00
0.000000e+00
0.000000e+00
0.000000e+00
0.000000e+00
0.000000e+00
0.000000e+00
0.000000e+00
0.000000e+00
0.000000e+00
0.000000e+00
0.000000e+00
0.000000e+00
0.000000e+00
0.000000e+00
0.000000e+00
0.000000e+00
0.000000e+00
0.000000e+00
0.000000e+00
0.000000e+00
0.000000e+00
0.000000e+00
0.000000e+00
0.000000e+00
0.000000e+00
0.000000e+00
0.000000e+00
0.000000e+00
0.000000e+00
0.000000e+00
0.000000e+00
0.000000e+00
0.000000e+00
0.000000e+00
0.000000e+00
0.000000e+00
0.000000e+00
0.000000e+00
0.000000e+00
0.000000e+00
0.000000e+00
0.000000e+00
0.000000e+00
0.000000e+00
0.000000e+00
0.000000e+00
0.000000e+00
0.000000e+00
0.000000e+00
0.000000e+00
0.000000e+00
0.000000e+00
0.000000e+00
0.000000e+00
0.000000e+00
0.000000e+00
0.000000e+00
0.000000e+00
0.000000e+00
0.000000e+00
0.000000e+00
0.000000e+00
0.000000e+00
0.000000e+00
0.000000e+00
0.000000e+00
0.000000e+00
0.000000e+00
0.000000e+00
0.000000e+00
0.000000e+00
0.000000e+00
0.000000e+00
0.000000e+00
0.000000e+00
0.000000e+00
0.000000e+00
0.000000e+00
0.000000e+00
0.000000e+00
0.000000e+00
0.000000e+00
0.000000e+00
0.000000e+00
0.000000e+00
0.000000e+00
0.000000e+00
0.000000e+00
0.000000e+00
0.000000e+00
0.000000e+00
0.000000e+00
0.000000e+00
0.000000e+00
0.000000e+00
0.000000e+00
0.000000e+00
0.000000e+00
0.000000e+00
0.000000e+00
0.000000e+00
0.000000e+00
0.000000e+00
0.000000e+00
0.000000e+00
0.000000e+00
0.000000e+00
0.000000e+00
0.000000e+00
0.000000e+00
0.000000e+00
0.000000e+00
0.000000e+00
0.000000e+00
0.000000e+00
0.000000e+00
0.000000e+00
0.000000e+00
0.000000e+00
0.000000e+00
0.000000e+00
0.000000e+00
0.000000e+00
0.000000e+00
0.000000e+00
0.000000e+00
0.000000e+00
0.000000e+00
0.000000e+00
0.000000e+00
0.000000e+00
0.000000e+00
0.000000e+00
0.000000e+00
0.000000e+00
0.000000e+00
0.000000e+00
0.000000e+00
0.000000e+00
0.000000e+00
0.000000e+00
0.000000e+00
0.000000e+00
0.000000e+00
0.000000e+00
0.000000e+00
0.000000e+00
0.000000e+00
0.000000e+00
0.000000e+00
0.000000e+00
0.000000e+00
0.000000e+00
0.000000e+00
0.000000e+00
0.000000e+00
0.000000e+00
0.000000e+00
0.000000e+00
0.000000e+00
0.000000e+00
0.000000e+00
0.000000e+00
0.000000e+00
0.000000e+00
0.000000e+00
0.000000e+00
0.000000e+00
0.000000e+00
0.000000e+00
0.000000e+00
0.000000e+00
0.000000e+00
0.000000e+00
0.000000e+00
0.000000e+00
0.000000e+00
0.000000e+00
0.000000e+00
0.000000e+00
0.000000e+00
0.000000e+00
0.000000e+00
0.000000e+00
0.000000e+00
0.000000e+00
0.000000e+00
0.000000e+00
0.000000e+00
0.000000e+00
0.000000e+00
0.000000e+00
0.000000e+00
0.000000e+00
0.000000e+00
0.000000e+00
0.000000e+00
0.000000e+00
0.000000e+00
0.000000e+00
0.000000e+00
0.000000e+00
0.000000e+00
0.000000e+00
0.000000e+00
0.000000e+00
0.000000e+00
0.000000e+00
0.000000e+00
0.000000e+00
0.000000e+00
0.000000e+00
0.000000e+00
0.000000e+00
0.000000e+00
0.000000e+00
0.000000e+00
0.000000e+00
0.000000e+00
0.000000e+00
0.000000e+00
0.000000e+00
0.000000e+00
0.000000e+00
0.000000e+00
0.000000e+00
0.000000e+00
0.000000e+00
0.000000e+00
0.000000e+00
0.000000e+00
0.000000e+00
0.000000e+00
0.000000e+00
0.000000e+00
0.000000e+00
0.000000e+00
0.000000e+00
0.000000e+00
0.000000e+00
0.000000e+00
0.000000e+00
0.000000e+00
0.000000e+00
0.000000e+00
0.000000e+00
0.000000e+00
0.000000e+00
0.000000e+00
0.000000e+00
0.000000e+00
0.000000e+00
0.000000e+00
0.000000e+00
0.000000e+00
0.000000e+00
0.000000e+00
0.000000e+00
0.000000e+00
0.000000e+00
0.000000e+00
0.000000e+00
0.000000e+00
0.000000e+00
0.000000e+00
0.000000e+00
0.000000e+00
0.000000e+00
0.000000e+00
0.000000e+00
0.000000e+00
0.000000e+00
0.000000e+00
0.000000e+00
0.000000e+00
0.000000e+00
0.000000e+00
0.000000e+00
0.000000e+00
0.000000e+00
0.000000e+00
0.000000e+00
0.000000e+00
0.000000e+00
0.000000e+00
0.000000e+00
0.000000e+00
0.000000e+00
0.000000e+00
0.000000e+00
0.000000e+00
0.000000e+00
0.000000e+00
0.000000e+00
0.000000e+00
0.000000e+00
0.000000e+00
0.000000e+00
0.000000e+00
0.000000e+00
0.000000e+00
0.000000e+00
0.000000e+00
0.000000e+00
0.000000e+00
0.000000e+00
0.000000e+00
0.000000e+00
0.000000e+00
0.000000e+00
0.000000e+00
0.000000e+00
0.000000e+00
0.000000e+00
0.000000e+00
0.000000e+00
0.000000e+00
0.000000e+00
0.000000e+00
0.000000e+00
0.000000e+00
0.000000e+00
0.000000e+00
0.000000e+00
0.000000e+00
0.000000e+00
0.000000e+00
0.000000e+00
0.000000e+00
0.000000e+00
0.000000e+00
0.000000e+00
0.000000e+00
0.000000e+00
0.000000e+00
0.000000e+00
0.000000e+00
0.000000e+00
0.000000e+00
0.000000e+00
0.000000e+00
0.000000e+00
0.000000e+00
0.000000e+00
0.000000e+00
0.000000e+00
0.000000e+00
0.000000e+00
0.000000e+00
0.000000e+00
0.000000e+00
0.000000e+00
0.000000e+00
0.000000e+00
0.000000e+00
0.000000e+00
0.000000e+00
0.000000e+00
0.000000e+00
0.000000e+00
0.000000e+00
0.000000e+00
0.000000e+00
0.000000e+00
0.000000e+00
0.000000e+00
0.000000e+00
0.000000e+00
0.000000e+00
0.000000e+00
0.000000e+00
0.000000e+00
0.000000e+00
0.000000e+00
0.000000e+00
0.000000e+00
0.000000e+00
0.000000e+00
0.000000e+00
0.000000e+00
0.000000e+00
0.000000e+00
0.000000e+00
0.000000e+00
0.000000e+00
0.000000e+00
0.000000e+00
0.000000e+00
0.000000e+00
0.000000e+00
0.000000e+00
0.000000e+00
0.000000e+00
0.000000e+00
0.000000e+00
0.000000e+00
0.000000e+00
0.000000e+00
0.000000e+00
0.000000e+00
0.000000e+00
0.000000e+00
0.000000e+00
0.000000e+00
0.000000e+00
0.000000e+00
0.000000e+00
0.000000e+00
0.000000e+00
0.000000e+00
0.000000e+00
0.000000e+00
0.000000e+00
0.000000e+00
0.000000e+00
0.000000e+00
0.000000e+00
0.000000e+00
0.000000e+00
0.000000e+00
0.000000e+00
0.000000e+00
0.000000e+00
0.000000e+00
0.000000e+00
0.000000e+00
0.000000e+00
0.000000e+00
0.000000e+00
0.000000e+00
0.000000e+00
0.000000e+00
0.000000e+00
0.000000e+00
0.000000e+00
0.000000e+00
0.000000e+00
0.000000e+00
0.000000e+00
0.000000e+00
0.000000e+00
0.000000e+00
0.000000e+00
0.000000e+00
0.000000e+00
0.000000e+00
0.000000e+00
0.000000e+00
0.000000e+00
0.000000e+00
0.000000e+00
0.000000e+00
0.000000e+00
0.000000e+00
0.000000e+00
0.000000e+00
0.000000e+00
0.000000e+00
0.000000e+00
0.000000e+00
0.000000e+00
0.000000e+00
0.000000e+00
0.000000e+00
0.000000e+00
0.000000e+00
0.000000e+00
0.000000e+00
0.000000e+00
0.000000e+00
0.000000e+00
0.000000e+00
0.000000e+00
0.000000e+00
0.000000e+00
0.000000e+00
0.000000e+00
0.000000e+00
0.000000e+00
0.000000e+00
0.000000e+00
0.000000e+00
0.000000e+00
0.000000e+00
0.000000e+00
0.000000e+00
0.000000e+00
0.000000e+00
0.000000e+00
0.000000e+00
0.000000e+00
0.000000e+00
0.000000e+00
0.000000e+00
0.000000e+00
0.000000e+00
0.000000e+00
0.000000e+00
0.000000e+00
0.000000e+00
0.000000e+00
0.000000e+00
0.000000e+00
0.000000e+00
0.000000e+00
0.000000e+00
0.000000e+00
0.000000e+00
0.000000e+00
0.000000e+00
0.000000e+00
0.000000e+00
0.000000e+00
0.000000e+00
0.000000e+00
0.000000e+00
0.000000e+00
0.000000e+00
0.000000e+00
0.000000e+00
0.000000e+00
0.000000e+00
0.000000e+00
0.000000e+00
0.000000e+00
0.000000e+00
0.000000e+00
0.000000e+00
0.000000e+00
0.000000e+00
0.000000e+00
0.000000e+00
0.000000e+00
0.000000e+00
0.000000e+00
0.000000e+00
0.000000e+00
0.000000e+00
0.000000e+00
0.000000e+00
0.000000e+00
0.000000e+00
0.000000e+00
0.000000e+00
0.000000e+00
0.000000e+00
0.000000e+00
0.000000e+00
0.000000e+00
0.000000e+00
0.000000e+00
0.000000e+00
0.000000e+00
0.000000e+00
0.000000e+00
0.000000e+00
0.000000e+00
0.000000e+00
0.000000e+00
0.000000e+00
0.000000e+00
0.000000e+00
0.000000e+00
0.000000e+00
0.000000e+00
0.000000e+00
0.000000e+00
0.000000e+00
0.000000e+00
0.000000e+00
0.000000e+00
0.000000e+00
0.000000e+00
0.000000e+00
0.000000e+00
0.000000e+00
0.000000e+00
0.000000e+00
0.000000e+00
0.000000e+00
0.000000e+00
0.000000e+00
0.000000e+00
0.000000e+00
0.000000e+00
0.000000e+00
0.000000e+00
0.000000e+00
0.000000e+00
0.000000e+00
0.000000e+00
0.000000e+00
0.000000e+00
0.000000e+00
0.000000e+00
0.000000e+00
0.000000e+00
0.000000e+00
0.000000e+00
0.000000e+00
0.000000e+00
0.000000e+00
0.000000e+00
0.000000e+00
0.000000e+00
0.000000e+00
0.000000e+00
0.000000e+00
0.000000e+00
0.000000e+00
0.000000e+00
0.000000e+00
0.000000e+00
0.000000e+00
0.000000e+00
0.000000e+00
0.000000e+00
0.000000e+00
0.000000e+00
0.000000e+00
0.000000e+00
0.000000e+00
0.000000e+00
0.000000e+00
0.000000e+00
0.000000e+00
0.000000e+00
0.000000e+00
0.000000e+00
0.000000e+00
0.000000e+00
0.000000e+00
0.000000e+00
0.000000e+00
0.000000e+00
0.000000e+00
0.000000e+00
0.000000e+00
0.000000e+00
0.000000e+00
0.000000e+00
0.000000e+00
0.000000e+00
0.000000e+00
0.000000e+00
0.000000e+00
0.000000e+00
0.000000e+00
0.000000e+00
0.000000e+00
0.000000e+00
0.000000e+00
0.000000e+00
0.000000e+00
0.000000e+00
0.000000e+00
0.000000e+00
0.000000e+00
0.000000e+00
0.000000e+00
0.000000e+00
0.000000e+00
0.000000e+00
0.000000e+00
0.000000e+00
0.000000e+00
0.000000e+00
0.000000e+00
0.000000e+00
0.000000e+00
0.000000e+00
0.000000e+00
0.000000e+00
0.000000e+00
0.000000e+00
0.000000e+00
0.000000e+00
0.000000e+00
0.000000e+00
0.000000e+00
0.000000e+00
0.000000e+00
0.000000e+00
0.000000e+00
0.000000e+00
0.000000e+00
0.000000e+00
0.000000e+00
0.000000e+00
0.000000e+00
0.000000e+00
0.000000e+00
0.000000e+00
0.000000e+00
0.000000e+00
0.000000e+00
0.000000e+00
0.000000e+00
0.000000e+00
0.000000e+00
0.000000e+00
0.000000e+00
0.000000e+00
0.000000e+00
0.000000e+00
0.000000e+00
0.000000e+00
0.000000e+00
0.000000e+00
0.000000e+00
0.000000e+00
0.000000e+00
0.000000e+00
0.000000e+00
0.000000e+00
0.000000e+00
0.000000e+00
0.000000e+00
0.000000e+00
0.000000e+00
0.000000e+00
0.000000e+00
0.000000e+00
0.000000e+00
0.000000e+00
0.000000e+00
0.000000e+00
0.000000e+00
0.000000e+00
0.000000e+00
0.000000e+00
0.000000e+00
0.000000e+00
0.000000e+00
0.000000e+00
0.000000e+00
0.000000e+00
0.000000e+00
0.000000e+00
0.000000e+00
0.000000e+00
0.000000e+00
0.000000e+00
0.000000e+00
0.000000e+00
0.000000e+00
0.000000e+00
0.000000e+00
0.000000e+00
0.000000e+00
0.000000e+00
0.000000e+00
0.000000e+00
0.000000e+00
0.000000e+00
0.000000e+00
0.000000e+00
0.000000e+00
0.000000e+00
0.000000e+00
0.000000e+00
0.000000e+00
0.000000e+00
0.000000e+00
0.000000e+00
0.000000e+00
0.000000e+00
0.000000e+00
0.000000e+00
0.000000e+00
0.000000e+00
0.000000e+00
0.000000e+00
0.000000e+00
0.000000e+00
0.000000e+00
0.000000e+00
0.000000e+00
0.000000e+00
0.000000e+00
0.000000e+00
0.000000e+00
0.000000e+00
0.000000e+00
0.000000e+00
0.000000e+00
0.000000e+00
0.000000e+00
0.000000e+00
0.000000e+00
0.000000e+00
0.000000e+00
0.000000e+00
0.000000e+00
0.000000e+00
0.000000e+00
0.000000e+00
0.000000e+00
0.000000e+00
0.000000e+00
0.000000e+00
0.000000e+00
0.000000e+00
0.000000e+00
0.000000e+00
0.000000e+00
0.000000e+00
0.000000e+00
0.000000e+00
0.000000e+00
0.000000e+00
0.000000e+00
0.000000e+00
0.000000e+00
0.000000e+00
0.000000e+00
0.000000e+00
0.000000e+00
0.000000e+00
0.000000e+00
0.000000e+00
0.000000e+00
0.000000e+00
0.000000e+00
0.000000e+00
0.000000e+00
0.000000e+00
0.000000e+00
0.000000e+00
0.000000e+00
0.000000e+00
0.000000e+00
0.000000e+00
0.000000e+00
0.000000e+00
0.000000e+00
0.000000e+00
0.000000e+00
0.000000e+00
0.000000e+00
0.000000e+00
0.000000e+00
0.000000e+00
0.000000e+00
0.000000e+00
0.000000e+00
0.000000e+00
0.000000e+00
0.000000e+00
0.000000e+00
0.000000e+00
0.000000e+00
0.000000e+00
0.000000e+00
0.000000e+00
0.000000e+00
0.000000e+00
0.000000e+00
0.000000e+00
0.000000e+00
0.000000e+00
0.000000e+00
0.000000e+00
0.000000e+00
0.000000e+00
0.000000e+00
0.000000e+00
0.000000e+00
0.000000e+00
0.000000e+00
0.000000e+00
0.000000e+00
0.000000e+00
0.000000e+00
0.000000e+00
0.000000e+00
0.000000e+00
0.000000e+00
0.000000e+00
0.000000e+00
0.000000e+00
0.000000e+00
0.000000e+00
0.000000e+00
0.000000e+00
0.000000e+00
0.000000e+00
0.000000e+00
0.000000e+00
0.000000e+00
0.000000e+00
0.000000e+00
0.000000e+00
0.000000e+00
0.000000e+00
0.000000e+00
0.000000e+00
0.000000e+00
0.000000e+00
0.000000e+00
0.000000e+00
0.000000e+00
0.000000e+00
0.000000e+00
0.000000e+00
0.000000e+00
0.000000e+00
0.000000e+00
0.000000e+00
0.000000e+00
0.000000e+00
0.000000e+00
0.000000e+00
0.000000e+00
0.000000e+00
0.000000e+00
0.000000e+00
0.000000e+00
0.000000e+00
0.000000e+00
0.000000e+00
0.000000e+00
0.000000e+00
0.000000e+00
0.000000e+00
0.000000e+00
0.000000e+00
0.000000e+00
0.000000e+00
0.000000e+00
0.000000e+00
0.000000e+00
0.000000e+00
0.000000e+00
0.000000e+00
0.000000e+00
0.000000e+00
0.000000e+00
0.000000e+00
0.000000e+00
0.000000e+00
0.000000e+00
0.000000e+00
0.000000e+00
0.000000e+00
0.000000e+00
0.000000e+00
0.000000e+00
0.000000e+00
0.000000e+00
0.000000e+00
0.000000e+00
0.000000e+00
0.000000e+00
0.000000e+00
0.000000e+00
0.000000e+00
0.000000e+00
0.000000e+00
0.000000e+00
0.000000e+00
0.000000e+00
0.000000e+00
0.000000e+00
0.000000e+00
0.000000e+00
0.000000e+00
0.000000e+00
0.000000e+00
0.000000e+00
0.000000e+00
0.000000e+00
0.000000e+00
0.000000e+00
0.000000e+00
0.000000e+00
0.000000e+00
0.000000e+00
0.000000e+00
0.000000e+00
0.000000e+00
0.000000e+00
0.000000e+00
0.000000e+00
0.000000e+00
0.000000e+00
0.000000e+00
0.000000e+00
0.000000e+00
0.000000e+00
0.000000e+00
0.000000e+00
0.000000e+00
0.000000e+00
0.000000e+00
0.000000e+00
0.000000e+00
0.000000e+00
0.000000e+00
0.000000e+00
0.000000e+00
0.000000e+00
0.000000e+00
0.000000e+00
0.000000e+00
0.000000e+00
0.000000e+00
0.000000e+00
0.000000e+00
0.000000e+00
0.000000e+00
0.000000e+00
0.000000e+00
0.000000e+00
0.000000e+00
0.000000e+00
0.000000e+00
0.000000e+00
0.000000e+00
0.000000e+00
0.000000e+00
0.000000e+00
0.000000e+00
0.000000e+00
0.000000e+00
0.000000e+00
0.000000e+00
0.000000e+00
0.000000e+00
0.000000e+00
0.000000e+00
0.000000e+00
0.000000e+00
0.000000e+00
0.000000e+00
0.000000e+00
0.000000e+00
0.000000e+00
0.000000e+00
0.000000e+00
0.000000e+00
0.000000e+00
0.000000e+00
0.000000e+00
0.000000e+00
0.000000e+00
0.000000e+00
0.000000e+00
0.000000e+00
0.000000e+00
0.000000e+00
0.000000e+00
0.000000e+00
0.000000e+00
0.000000e+00
0.000000e+00
0.000000e+00
0.000000e+00
0.000000e+00
0.000000e+00
0.000000e+00
0.000000e+00
0.000000e+00
0.000000e+00
0.000000e+00
0.000000e+00
0.000000e+00
0.000000e+00
0.000000e+00
0.000000e+00
0.000000e+00
0.000000e+00
0.000000e+00
0.000000e+00
0.000000e+00
0.000000e+00
0.000000e+00
0.000000e+00
0.000000e+00
0.000000e+00
0.000000e+00
0.000000e+00
0.000000e+00
0.000000e+00
0.000000e+00
0.000000e+00
0.000000e+00
0.000000e+00
0.000000e+00
0.000000e+00
0.000000e+00
0.000000e+00
0.000000e+00
0.000000e+00
0.000000e+00
0.000000e+00
0.000000e+00
0.000000e+00
0.000000e+00
0.000000e+00
0.000000e+00
0.000000e+00
0.000000e+00
0.000000e+00
0.000000e+00
0.000000e+00
0.000000e+00
0.000000e+00
0.000000e+00
0.000000e+00
0.000000e+00
0.000000e+00
0.000000e+00
0.000000e+00
0.000000e+00
0.000000e+00
0.000000e+00
0.000000e+00
0.000000e+00
0.000000e+00
0.000000e+00
0.000000e+00
0.000000e+00
0.000000e+00
0.000000e+00
0.000000e+00
0.000000e+00
0.000000e+00
0.000000e+00
0.000000e+00
0.000000e+00
0.000000e+00
0.000000e+00
0.000000e+00
0.000000e+00
0.000000e+00
0.000000e+00
0.000000e+00
0.000000e+00
0.000000e+00
0.000000e+00
0.000000e+00
0.000000e+00
0.000000e+00
0.000000e+00
0.000000e+00
0.000000e+00
0.000000e+00
0.000000e+00
0.000000e+00
0.000000e+00
0.000000e+00
0.000000e+00
0.000000e+00
0.000000e+00
0.000000e+00
0.000000e+00
0.000000e+00
0.000000e+00
0.000000e+00
0.000000e+00
0.000000e+00
0.000000e+00
0.000000e+00
0.000000e+00
0.000000e+00
0.000000e+00
0.000000e+00
0.000000e+00
0.000000e+00
0.000000e+00
0.000000e+00
0.000000e+00
0.000000e+00
0.000000e+00
0.000000e+00
0.000000e+00
0.000000e+00
0.000000e+00
0.000000e+00
0.000000e+00
0.000000e+00
0.000000e+00
0.000000e+00
0.000000e+00
0.000000e+00
0.000000e+00
0.000000e+00
0.000000e+00
0.000000e+00
0.000000e+00
0.000000e+00
0.000000e+00
0.000000e+00
0.000000e+00
0.000000e+00
0.000000e+00
0.000000e+00
0.000000e+00
0.000000e+00
0.000000e+00
0.000000e+00
0.000000e+00
0.000000e+00
0.000000e+00
0.000000e+00
0.000000e+00
0.000000e+00
0.000000e+00
0.000000e+00
0.000000e+00
0.000000e+00
0.000000e+00
0.000000e+00
0.000000e+00
0.000000e+00
0.000000e+00
0.000000e+00
0.000000e+00
0.000000e+00
0.000000e+00
0.000000e+00
0.000000e+00
0.000000e+00
0.000000e+00
0.000000e+00
0.000000e+00
0.000000e+00
0.000000e+00
0.000000e+00
0.000000e+00
0.000000e+00
0.000000e+00
0.000000e+00
0.000000e+00
0.000000e+00
0.000000e+00
0.000000e+00
0.000000e+00
0.000000e+00
0.000000e+00
0.000000e+00
0.000000e+00
0.000000e+00
0.000000e+00
0.000000e+00
0.000000e+00
0.000000e+00
0.000000e+00
0.000000e+00
0.000000e+00
0.000000e+00
0.000000e+00
0.000000e+00
0.000000e+00
0.000000e+00
0.000000e+00
0.000000e+00
0.000000e+00
0.000000e+00
0.000000e+00
0.000000e+00
0.000000e+00
0.000000e+00
0.000000e+00
0.000000e+00
0.000000e+00
0.000000e+00
0.000000e+00
0.000000e+00
0.000000e+00
0.000000e+00
0.000000e+00
0.000000e+00
0.000000e+00
0.000000e+00
0.000000e+00
0.000000e+00
0.000000e+00
0.000000e+00
0.000000e+00
0.000000e+00
0.000000e+00
0.000000e+00
0.000000e+00
0.000000e+00
0.000000e+00
0.000000e+00
0.000000e+00
0.000000e+00
0.000000e+00
0.000000e+00
0.000000e+00
0.000000e+00
0.000000e+00
0.000000e+00
0.000000e+00
0.000000e+00
0.000000e+00
0.000000e+00
0.000000e+00
0.000000e+00
0.000000e+00
0.000000e+00
0.000000e+00
0.000000e+00
0.000000e+00
0.000000e+00
0.000000e+00
0.000000e+00
0.000000e+00
0.000000e+00
0.000000e+00
0.000000e+00
0.000000e+00
0.000000e+00
0.000000e+00
0.000000e+00
0.000000e+00
0.000000e+00
0.000000e+00
0.000000e+00
0.000000e+00
0.000000e+00
0.000000e+00
0.000000e+00
0.000000e+00
0.000000e+00
0.000000e+00
0.000000e+00
0.000000e+00
0.000000e+00
0.000000e+00
0.000000e+00
0.000000e+00
0.000000e+00
0.000000e+00
0.000000e+00
0.000000e+00
0.000000e+00
0.000000e+00
0.000000e+00
0.000000e+00
0.000000e+00
0.000000e+00
0.000000e+00
0.000000e+00
0.000000e+00
0.000000e+00
0.000000e+00
0.000000e+00
0.000000e+00
0.000000e+00
0.000000e+00
0.000000e+00
0.000000e+00
0.000000e+00
0.000000e+00
0.000000e+00
0.000000e+00
0.000000e+00
0.000000e+00
0.000000e+00
0.000000e+00
0.000000e+00
0.000000e+00
0.000000e+00
0.000000e+00
0.000000e+00
0.000000e+00
0.000000e+00
0.000000e+00
0.000000e+00
0.000000e+00
0.000000e+00
0.000000e+00
0.000000e+00
0.000000e+00
0.000000e+00
0.000000e+00
0.000000e+00
0.000000e+00
0.000000e+00
0.000000e+00
0.000000e+00
0.000000e+00
0.000000e+00
0.000000e+00
0.000000e+00
0.000000e+00
0.000000e+00
0.000000e+00
0.000000e+00
0.000000e+00
0.000000e+00
0.000000e+00
0.000000e+00
0.000000e+00
0.000000e+00
0.000000e+00
0.000000e+00
0.000000e+00
0.000000e+00
0.000000e+00
0.000000e+00
0.000000e+00
0.000000e+00
0.000000e+00
0.000000e+00
0.000000e+00
0.000000e+00
0.000000e+00
0.000000e+00
0.000000e+00
0.000000e+00
0.000000e+00
0.000000e+00
0.000000e+00
0.000000e+00
0.000000e+00
0.000000e+00
0.000000e+00
0.000000e+00
0.000000e+00
0.000000e+00
0.000000e+00
0.000000e+00
0.000000e+00
0.000000e+00
0.000000e+00
0.000000e+00
0.000000e+00
0.000000e+00
0.000000e+00
0.000000e+00
0.000000e+00
0.000000e+00
0.000000e+00
0.000000e+00
0.000000e+00
0.000000e+00
0.000000e+00
0.000000e+00
0.000000e+00
0.000000e+00
0.000000e+00
0.000000e+00
0.000000e+00
0.000000e+00
0.000000e+00
0.000000e+00
0.000000e+00
0.000000e+00
0.000000e+00
0.000000e+00
0.000000e+00
0.000000e+00
0.000000e+00
0.000000e+00
0.000000e+00
0.000000e+00
0.000000e+00
0.000000e+00
0.000000e+00
0.000000e+00
0.000000e+00
0.000000e+00
0.000000e+00
0.000000e+00
0.000000e+00
0.000000e+00
0.000000e+00
0.000000e+00
0.000000e+00
0.000000e+00
0.000000e+00
0.000000e+00
0.000000e+00
0.000000e+00
0.000000e+00
0.000000e+00
0.000000e+00
0.000000e+00
0.000000e+00
0.000000e+00
0.000000e+00
0.000000e+00
0.000000e+00
0.000000e+00
0.000000e+00
0.000000e+00
0.000000e+00
0.000000e+00
0.000000e+00
0.000000e+00
0.000000e+00
0.000000e+00
0.000000e+00
0.000000e+00
0.000000e+00
0.000000e+00
0.000000e+00
0.000000e+00
0.000000e+00
0.000000e+00
0.000000e+00
0.000000e+00
0.000000e+00
0.000000e+00
0.000000e+00
0.000000e+00
0.000000e+00
0.000000e+00
0.000000e+00
0.000000e+00
0.000000e+00
0.000000e+00
0.000000e+00
0.000000e+00
0.000000e+00
0.000000e+00
0.000000e+00
0.000000e+00
0.000000e+00
0.000000e+00
0.000000e+00
0.000000e+00
0.000000e+00
0.000000e+00
0.000000e+00
0.000000e+00
0.000000e+00
0.000000e+00
0.000000e+00
0.000000e+00
0.000000e+00
0.000000e+00
0.000000e+00
0.000000e+00
0.000000e+00
0.000000e+00
0.000000e+00
0.000000e+00
0.000000e+00
0.000000e+00
0.000000e+00
0.000000e+00
0.000000e+00
0.000000e+00
0.000000e+00
0.000000e+00
0.000000e+00
0.000000e+00
0.000000e+00
0.000000e+00
0.000000e+00
0.000000e+00
0.000000e+00
0.000000e+00
0.000000e+00
0.000000e+00
0.000000e+00
0.000000e+00
0.000000e+00
0.000000e+00
0.000000e+00
0.000000e+00
0.000000e+00
0.000000e+00
0.000000e+00
0.000000e+00
0.000000e+00
0.000000e+00
0.000000e+00
0.000000e+00
0.000000e+00
0.000000e+00
0.000000e+00
0.000000e+00
0.000000e+00
0.000000e+00
0.000000e+00
0.000000e+00
0.000000e+00
0.000000e+00
0.000000e+00
0.000000e+00
0.000000e+00
0.000000e+00
0.000000e+00
0.000000e+00
0.000000e+00
0.000000e+00
0.000000e+00
0.000000e+00
0.000000e+00
0.000000e+00
0.000000e+00
0.000000e+00
0.000000e+00
0.000000e+00
0.000000e+00
0.000000e+00
0.000000e+00
0.000000e+00
0.000000e+00
0.000000e+00
0.000000e+00
0.000000e+00
0.000000e+00
0.000000e+00
0.000000e+00
0.000000e+00
0.000000e+00
0.000000e+00
0.000000e+00
0.000000e+00
0.000000e+00
0.000000e+00
0.000000e+00
0.000000e+00
0.000000e+00
0.000000e+00
0.000000e+00
0.000000e+00
0.000000e+00
0.000000e+00
0.000000e+00
0.000000e+00
0.000000e+00
0.000000e+00
0.000000e+00
0.000000e+00
0.000000e+00
0.000000e+00
0.000000e+00
0.000000e+00
0.000000e+00
0.000000e+00
0.000000e+00
0.000000e+00
0.000000e+00
0.000000e+00
0.000000e+00
0.000000e+00
0.000000e+00
0.000000e+00
0.000000e+00
0.000000e+00
0.000000e+00
0.000000e+00
0.000000e+00
0.000000e+00
0.000000e+00
0.000000e+00
0.000000e+00
0.000000e+00
0.000000e+00
0.000000e+00
0.000000e+00
0.000000e+00
0.000000e+00
0.000000e+00
0.000000e+00
0.000000e+00
0.000000e+00
0.000000e+00
0.000000e+00
0.000000e+00
0.000000e+00
0.000000e+00
0.000000e+00
0.000000e+00
0.000000e+00
0.000000e+00
0.000000e+00
0.000000e+00
0.000000e+00
0.000000e+00
0.000000e+00
0.000000e+00
0.000000e+00
0.000000e+00
0.000000e+00
0.000000e+00
0.000000e+00
0.000000e+00
0.000000e+00
0.000000e+00
0.000000e+00
0.000000e+00
0.000000e+00
0.000000e+00
0.000000e+00
0.000000e+00
0.000000e+00
0.000000e+00
0.000000e+00
0.000000e+00
0.000000e+00
0.000000e+00
0.000000e+00
0.000000e+00
0.000000e+00
0.000000e+00
0.000000e+00
0.000000e+00
0.000000e+00
0.000000e+00
0.000000e+00
0.000000e+00
0.000000e+00
0.000000e+00
0.000000e+00
0.000000e+00
0.000000e+00
0.000000e+00
0.000000e+00
0.000000e+00
0.000000e+00
0.000000e+00
0.000000e+00
0.000000e+00
0.000000e+00
0.000000e+00
0.000000e+00
0.000000e+00
0.000000e+00
0.000000e+00
0.000000e+00
0.000000e+00
0.000000e+00
0.000000e+00
0.000000e+00
0.000000e+00
0.000000e+00
0.000000e+00
0.000000e+00
0.000000e+00
0.000000e+00
0.000000e+00
0.000000e+00
0.000000e+00
0.000000e+00
0.000000e+00
0.000000e+00
0.000000e+00
0.000000e+00
0.000000e+00
0.000000e+00
0.000000e+00
0.000000e+00
0.000000e+00
0.000000e+00
0.000000e+00
0.000000e+00
0.000000e+00
0.000000e+00
0.000000e+00
0.000000e+00
0.000000e+00
0.000000e+00
0.000000e+00
0.000000e+00
0.000000e+00
0.000000e+00
0.000000e+00
0.000000e+00
0.000000e+00
0.000000e+00
0.000000e+00
0.000000e+00
0.000000e+00
0.000000e+00
0.000000e+00
0.000000e+00
0.000000e+00
0.000000e+00
0.000000e+00
0.000000e+00
0.000000e+00
0.000000e+00
0.000000e+00
0.000000e+00
0.000000e+00
0.000000e+00
0.000000e+00
0.000000e+00
0.000000e+00
0.000000e+00
0.000000e+00
0.000000e+00
0.000000e+00
0.000000e+00
0.000000e+00
0.000000e+00
0.000000e+00
0.000000e+00
0.000000e+00
0.000000e+00
0.000000e+00
0.000000e+00
0.000000e+00
0.000000e+00
0.000000e+00
0.000000e+00
0.000000e+00
0.000000e+00
0.000000e+00
0.000000e+00
0.000000e+00
0.000000e+00
0.000000e+00
0.000000e+00
0.000000e+00
0.000000e+00
0.000000e+00
0.000000e+00
0.000000e+00
0.000000e+00
0.000000e+00
0.000000e+00
0.000000e+00
0.000000e+00
0.000000e+00
0.000000e+00
0.000000e+00
0.000000e+00
0.000000e+00
0.000000e+00
0.000000e+00
0.000000e+00
0.000000e+00
0.000000e+00
0.000000e+00
0.000000e+00
0.000000e+00
0.000000e+00
0.000000e+00
0.000000e+00
0.000000e+00
0.000000e+00
0.000000e+00
0.000000e+00
0.000000e+00
0.000000e+00
0.000000e+00
0.000000e+00
0.000000e+00
0.000000e+00
0.000000e+00
0.000000e+00
0.000000e+00
0.000000e+00
0.000000e+00
0.000000e+00
0.000000e+00
0.000000e+00
0.000000e+00
0.000000e+00
0.000000e+00
0.000000e+00
0.000000e+00
0.000000e+00
0.000000e+00
0.000000e+00
0.000000e+00
0.000000e+00
0.000000e+00
0.000000e+00
0.000000e+00
0.000000e+00
0.000000e+00
0.000000e+00
0.000000e+00
0.000000e+00
0.000000e+00
0.000000e+00
0.000000e+00
0.000000e+00
0.000000e+00
0.000000e+00
0.000000e+00
0.000000e+00
0.000000e+00
0.000000e+00
0.000000e+00
0.000000e+00
0.000000e+00
0.000000e+00
0.000000e+00
0.000000e+00
0.000000e+00
0.000000e+00
0.000000e+00
0.000000e+00
0.000000e+00
0.000000e+00
0.000000e+00
0.000000e+00
0.000000e+00
0.000000e+00
0.000000e+00
0.000000e+00
0.000000e+00
0.000000e+00
0.000000e+00
0.000000e+00
0.000000e+00
0.000000e+00
0.000000e+00
0.000000e+00
0.000000e+00
0.000000e+00
0.000000e+00
0.000000e+00
0.000000e+00
0.000000e+00
0.000000e+00
0.000000e+00
0.000000e+00
0.000000e+00
0.000000e+00
0.000000e+00
0.000000e+00
0.000000e+00
0.000000e+00
0.000000e+00
0.000000e+00
0.000000e+00
0.000000e+00
0.000000e+00
0.000000e+00
0.000000e+00
0.000000e+00
0.000000e+00
0.000000e+00
0.000000e+00
0.000000e+00
0.000000e+00
0.000000e+00
0.000000e+00
0.000000e+00
0.000000e+00
0.000000e+00
0.000000e+00
0.000000e+00
0.000000e+00
0.000000e+00
0.000000e+00
0.000000e+00
0.000000e+00
0.000000e+00
0.000000e+00
0.000000e+00
0.000000e+00
0.000000e+00
0.000000e+00
0.000000e+00
0.000000e+00
0.000000e+00
0.000000e+00
0.000000e+00
0.000000e+00
0.000000e+00
0.000000e+00
0.000000e+00
0.000000e+00
0.000000e+00
0.000000e+00
0.000000e+00
0.000000e+00
0.000000e+00
0.000000e+00
0.000000e+00
0.000000e+00
0.000000e+00
0.000000e+00
0.000000e+00
0.000000e+00
0.000000e+00
0.000000e+00
0.000000e+00
0.000000e+00
0.000000e+00
0.000000e+00
0.000000e+00
0.000000e+00
0.000000e+00
0.000000e+00
0.000000e+00
0.000000e+00
0.000000e+00
0.000000e+00
0.000000e+00
0.000000e+00
0.000000e+00
0.000000e+00
0.000000e+00
0.000000e+00
0.000000e+00
0.000000e+00
0.000000e+00
0.000000e+00
0.000000e+00
0.000000e+00
0.000000e+00
0.000000e+00
0.000000e+00
0.000000e+00
0.000000e+00
0.000000e+00
0.000000e+00
0.000000e+00
0.000000e+00
0.000000e+00
0.000000e+00
0.000000e+00
0.000000e+00
0.000000e+00
0.000000e+00
0.000000e+00
0.000000e+00
0.000000e+00
0.000000e+00
0.000000e+00
0.000000e+00
0.000000e+00
0.000000e+00
0.000000e+00
0.000000e+00
0.000000e+00
0.000000e+00
0.000000e+00
0.000000e+00
0.000000e+00
0.000000e+00
0.000000e+00
0.000000e+00
0.000000e+00
0.000000e+00
0.000000e+00
0.000000e+00
0.000000e+00
0.000000e+00
0.000000e+00
0.000000e+00
0.000000e+00
0.000000e+00
0.000000e+00
0.000000e+00
0.000000e+00
0.000000e+00
0.000000e+00
0.000000e+00
0.000000e+00
0.000000e+00
0.000000e+00
0.000000e+00
0.000000e+00
0.000000e+00
0.000000e+00
0.000000e+00
0.000000e+00
0.000000e+00
0.000000e+00
0.000000e+00
0.000000e+00
0.000000e+00
0.000000e+00
0.000000e+00
0.000000e+00
0.000000e+00
0.000000e+00
0.000000e+00
0.000000e+00
0.000000e+00
0.000000e+00
0.000000e+00
0.000000e+00
0.000000e+00
0.000000e+00
0.000000e+00
0.000000e+00
0.000000e+00
0.000000e+00
0.000000e+00
0.000000e+00
0.000000e+00
0.000000e+00
0.000000e+00
0.000000e+00
0.000000e+00
0.000000e+00
0.000000e+00
0.000000e+00
0.000000e+00
0.000000e+00
0.000000e+00
0.000000e+00
0.000000e+00
0.000000e+00
0.000000e+00
0.000000e+00
0.000000e+00
0.000000e+00
0.000000e+00
0.000000e+00
0.000000e+00
0.000000e+00
0.000000e+00
0.000000e+00
0.000000e+00
0.000000e+00
0.000000e+00
0.000000e+00
0.000000e+00
0.000000e+00
0.000000e+00
0.000000e+00
0.000000e+00
0.000000e+00
0.000000e+00
0.000000e+00
0.000000e+00
0.000000e+00
0.000000e+00
0.000000e+00
0.000000e+00
0.000000e+00
0.000000e+00
0.000000e+00
0.000000e+00
0.000000e+00
0.000000e+00
0.000000e+00
0.000000e+00
0.000000e+00
0.000000e+00
0.000000e+00
0.000000e+00
0.000000e+00
0.000000e+00
0.000000e+00
0.000000e+00
0.000000e+00
0.000000e+00
0.000000e+00
0.000000e+00
0.000000e+00
0.000000e+00
0.000000e+00
0.000000e+00
0.000000e+00
0.000000e+00
0.000000e+00
0.000000e+00
0.000000e+00
0.000000e+00
0.000000e+00
0.000000e+00
0.000000e+00
0.000000e+00
0.000000e+00
0.000000e+00
0.000000e+00
0.000000e+00
0.000000e+00
0.000000e+00
0.000000e+00
0.000000e+00
0.000000e+00
0.000000e+00
0.000000e+00
0.000000e+00
0.000000e+00
0.000000e+00
0.000000e+00
0.000000e+00
0.000000e+00
0.000000e+00
0.000000e+00
0.000000e+00
0.000000e+00
0.000000e+00
0.000000e+00
0.000000e+00
0.000000e+00
0.000000e+00
0.000000e+00
0.000000e+00
0.000000e+00
0.000000e+00
0.000000e+00
0.000000e+00
0.000000e+00
0.000000e+00
0.000000e+00
0.000000e+00
0.000000e+00
0.000000e+00
0.000000e+00
0.000000e+00
0.000000e+00
0.000000e+00
0.000000e+00
0.000000e+00
0.000000e+00
0.000000e+00
0.000000e+00
0.000000e+00
0.000000e+00
0.000000e+00
0.000000e+00
0.000000e+00
0.000000e+00
0.000000e+00
0.000000e+00
0.000000e+00
0.000000e+00
0.000000e+00
0.000000e+00
0.000000e+00
0.000000e+00
0.000000e+00
0.000000e+00
0.000000e+00
0.000000e+00
0.000000e+00
0.000000e+00
0.000000e+00
0.000000e+00
0.000000e+00
0.000000e+00
0.000000e+00
0.000000e+00
0.000000e+00
0.000000e+00
0.000000e+00
0.000000e+00
0.000000e+00
0.000000e+00
0.000000e+00
0.000000e+00
0.000000e+00
0.000000e+00
0.000000e+00
0.000000e+00
0.000000e+00
0.000000e+00
0.000000e+00
0.000000e+00
0.000000e+00
0.000000e+00
0.000000e+00
0.000000e+00
0.000000e+00
0.000000e+00
0.000000e+00
0.000000e+00
0.000000e+00
0.000000e+00
0.000000e+00
0.000000e+00
0.000000e+00
0.000000e+00
0.000000e+00
0.000000e+00
0.000000e+00
0.000000e+00
0.000000e+00
0.000000e+00
0.000000e+00
0.000000e+00
0.000000e+00
0.000000e+00
0.000000e+00
0.000000e+00
0.000000e+00
0.000000e+00
0.000000e+00
0.000000e+00
0.000000e+00
0.000000e+00
0.000000e+00
0.000000e+00
0.000000e+00
0.000000e+00
0.000000e+00
0.000000e+00
0.000000e+00
0.000000e+00
0.000000e+00
0.000000e+00
0.000000e+00
0.000000e+00
0.000000e+00
0.000000e+00
0.000000e+00
0.000000e+00
0.000000e+00
0.000000e+00
0.000000e+00
0.000000e+00
0.000000e+00
0.000000e+00
0.000000e+00
0.000000e+00
0.000000e+00
0.000000e+00
0.000000e+00
0.000000e+00
0.000000e+00
0.000000e+00
0.000000e+00
0.000000e+00
0.000000e+00
0.000000e+00
0.000000e+00
0.000000e+00
0.000000e+00
0.000000e+00
0.000000e+00
0.000000e+00
0.000000e+00
0.000000e+00
0.000000e+00
0.000000e+00
0.000000e+00
0.000000e+00
0.000000e+00
0.000000e+00
0.000000e+00
0.000000e+00
0.000000e+00
0.000000e+00
0.000000e+00
0.000000e+00
0.000000e+00
0.000000e+00
0.000000e+00
0.000000e+00
0.000000e+00
0.000000e+00
0.000000e+00
0.000000e+00
0.000000e+00
0.000000e+00
0.000000e+00
0.000000e+00
0.000000e+00
0.000000e+00
0.000000e+00
0.000000e+00
0.000000e+00
0.000000e+00
0.000000e+00
0.000000e+00
0.000000e+00
0.000000e+00
0.000000e+00
0.000000e+00
0.000000e+00
0.000000e+00
0.000000e+00
0.000000e+00
0.000000e+00
0.000000e+00
0.000000e+00
0.000000e+00
0.000000e+00
0.000000e+00
0.000000e+00
0.000000e+00
0.000000e+00
0.000000e+00
0.000000e+00
0.000000e+00
0.000000e+00
0.000000e+00
0.000000e+00
0.000000e+00
0.000000e+00
0.000000e+00
0.000000e+00
0.000000e+00
0.000000e+00
0.000000e+00
0.000000e+00
0.000000e+00
0.000000e+00
0.000000e+00
0.000000e+00
0.000000e+00
0.000000e+00
0.000000e+00
0.000000e+00
0.000000e+00
0.000000e+00
0.000000e+00
0.000000e+00
0.000000e+00
0.000000e+00
0.000000e+00
0.000000e+00
0.000000e+00
0.000000e+00
0.000000e+00
0.000000e+00
0.000000e+00
0.000000e+00
0.000000e+00
0.000000e+00
0.000000e+00
0.000000e+00
0.000000e+00
0.000000e+00
0.000000e+00
0.000000e+00
0.000000e+00
0.000000e+00
0.000000e+00
0.000000e+00
0.000000e+00
0.000000e+00
0.000000e+00
0.000000e+00
0.000000e+00
0.000000e+00
0.000000e+00
0.000000e+00
0.000000e+00
0.000000e+00
0.000000e+00
0.000000e+00
0.000000e+00
0.000000e+00
0.000000e+00
0.000000e+00
0.000000e+00
0.000000e+00
0.000000e+00
0.000000e+00
0.000000e+00
0.000000e+00
0.000000e+00
0.000000e+00
0.000000e+00
0.000000e+00
0.000000e+00
0.000000e+00
0.000000e+00
0.000000e+00
0.000000e+00
0.000000e+00
0.000000e+00
0.000000e+00
0.000000e+00
0.000000e+00
0.000000e+00
0.000000e+00
0.000000e+00
0.000000e+00
0.000000e+00
0.000000e+00
0.000000e+00
0.000000e+00
0.000000e+00
0.000000e+00
0.000000e+00
0.000000e+00
0.000000e+00
0.000000e+00
0.000000e+00
0.000000e+00
0.000000e+00
0.000000e+00
0.000000e+00
0.000000e+00
0.000000e+00
0.000000e+00
0.000000e+00
0.000000e+00
0.000000e+00
0.000000e+00
0.000000e+00
0.000000e+00
0.000000e+00
0.000000e+00
0.000000e+00
0.000000e+00
0.000000e+00
0.000000e+00
0.000000e+00
0.000000e+00
0.000000e+00
0.000000e+00
0.000000e+00
0.000000e+00
0.000000e+00
0.000000e+00
0.000000e+00
0.000000e+00
0.000000e+00
0.000000e+00
0.000000e+00
0.000000e+00
0.000000e+00
0.000000e+00
0.000000e+00
0.000000e+00
0.000000e+00
0.000000e+00
0.000000e+00
0.000000e+00
0.000000e+00
0.000000e+00
0.000000e+00
0.000000e+00
0.000000e+00
0.000000e+00
0.000000e+00
0.000000e+00
0.000000e+00
0.000000e+00
0.000000e+00
0.000000e+00
0.000000e+00
0.000000e+00
0.000000e+00
0.000000e+00
0.000000e+00
0.000000e+00
0.000000e+00
0.000000e+00
0.000000e+00
0.000000e+00
0.000000e+00
0.000000e+00
0.000000e+00
0.000000e+00
0.000000e+00
0.000000e+00
0.000000e+00
0.000000e+00
0.000000e+00
0.000000e+00
0.000000e+00
0.000000e+00
0.000000e+00
0.000000e+00
0.000000e+00
0.000000e+00
0.000000e+00
0.000000e+00
0.000000e+00
0.000000e+00
0.000000e+00
0.000000e+00
0.000000e+00
0.000000e+00
0.000000e+00
0.000000e+00
0.000000e+00
0.000000e+00
0.000000e+00
0.000000e+00
0.000000e+00
0.000000e+00
0.000000e+00
0.000000e+00
0.000000e+00
0.000000e+00
0.000000e+00
0.000000e+00
0.000000e+00
0.000000e+00
0.000000e+00
0.000000e+00
0.000000e+00
0.000000e+00
0.000000e+00
0.000000e+00
0.000000e+00
0.000000e+00
0.000000e+00
0.000000e+00
0.000000e+00
0.000000e+00
0.000000e+00
0.000000e+00
0.000000e+00
0.000000e+00
0.000000e+00
0.000000e+00
0.000000e+00
0.000000e+00
0.000000e+00
0.000000e+00
0.000000e+00
0.000000e+00
0.000000e+00
0.000000e+00
0.000000e+00
0.000000e+00
0.000000e+00
0.000000e+00
0.000000e+00
0.000000e+00
0.000000e+00
0.000000e+00
0.000000e+00
0.000000e+00
0.000000e+00
0.000000e+00
0.000000e+00
0.000000e+00
0.000000e+00
0.000000e+00
0.000000e+00
0.000000e+00
0.000000e+00
0.000000e+00
0.000000e+00
0.000000e+00
0.000000e+00
0.000000e+00
0.000000e+00
0.000000e+00
0.000000e+00
0.000000e+00
0.000000e+00
0.000000e+00
0.000000e+00
0.000000e+00
0.000000e+00
0.000000e+00
0.000000e+00
0.000000e+00
0.000000e+00
0.000000e+00
0.000000e+00
0.000000e+00
0.000000e+00
0.000000e+00
0.000000e+00
0.000000e+00
0.000000e+00
0.000000e+00
0.000000e+00
0.000000e+00
0.000000e+00
0.000000e+00
0.000000e+00
0.000000e+00
0.000000e+00
0.000000e+00
0.000000e+00
0.000000e+00
0.000000e+00
0.000000e+00
0.000000e+00
0.000000e+00
0.000000e+00
0.000000e+00
0.000000e+00
0.000000e+00
0.000000e+00
0.000000e+00
0.000000e+00
0.000000e+00
0.000000e+00
0.000000e+00
0.000000e+00
0.000000e+00
0.000000e+00
0.000000e+00
0.000000e+00
0.000000e+00
0.000000e+00
0.000000e+00
0.000000e+00
0.000000e+00
0.000000e+00
0.000000e+00
0.000000e+00
0.000000e+00
0.000000e+00
0.000000e+00
0.000000e+00
0.000000e+00
0.000000e+00
0.000000e+00
0.000000e+00
0.000000e+00
0.000000e+00
0.000000e+00
0.000000e+00
0.000000e+00
0.000000e+00
0.000000e+00
0.000000e+00
0.000000e+00
0.000000e+00
0.000000e+00
0.000000e+00
0.000000e+00
0.000000e+00
0.000000e+00
0.000000e+00
0.000000e+00
0.000000e+00
0.000000e+00
0.000000e+00
0.000000e+00
0.000000e+00
0.000000e+00
0.000000e+00
0.000000e+00
0.000000e+00
0.000000e+00
0.000000e+00
0.000000e+00
0.000000e+00
0.000000e+00
0.000000e+00
0.000000e+00
0.000000e+00
0.000000e+00
0.000000e+00
0.000000e+00
0.000000e+00
0.000000e+00
0.000000e+00
0.000000e+00
0.000000e+00
0.000000e+00
0.000000e+00
0.000000e+00
0.000000e+00
0.000000e+00
0.000000e+00
0.000000e+00
0.000000e+00
0.000000e+00
0.000000e+00
0.000000e+00
0.000000e+00
0.000000e+00
0.000000e+00
0.000000e+00
0.000000e+00
0.000000e+00
0.000000e+00
0.000000e+00
0.000000e+00
0.000000e+00
0.000000e+00
0.000000e+00
0.000000e+00
0.000000e+00
0.000000e+00
0.000000e+00
0.000000e+00
0.000000e+00
0.000000e+00
0.000000e+00
0.000000e+00
0.000000e+00
0.000000e+00
0.000000e+00
0.000000e+00
0.000000e+00
0.000000e+00
0.000000e+00
0.000000e+00
0.000000e+00
0.000000e+00
0.000000e+00
0.000000e+00
0.000000e+00
0.000000e+00
0.000000e+00
0.000000e+00
0.000000e+00
0.000000e+00
0.000000e+00
0.000000e+00
0.000000e+00
0.000000e+00
0.000000e+00
0.000000e+00
0.000000e+00
0.000000e+00
0.000000e+00
0.000000e+00
0.000000e+00
0.000000e+00
0.000000e+00
0.000000e+00
0.000000e+00
0.000000e+00
0.000000e+00
0.000000e+00
0.000000e+00
0.000000e+00
0.000000e+00
0.000000e+00
0.000000e+00
0.000000e+00
0.000000e+00
0.000000e+00
0.000000e+00
0.000000e+00
0.000000e+00
0.000000e+00
0.000000e+00
0.000000e+00
0.000000e+00
0.000000e+00
0.000000e+00
0.000000e+00
0.000000e+00
0.000000e+00
0.000000e+00
0.000000e+00
0.000000e+00
0.000000e+00
0.000000e+00
0.000000e+00
0.000000e+00
0.000000e+00
0.000000e+00
0.000000e+00
0.000000e+00
0.000000e+00
0.000000e+00
0.000000e+00
0.000000e+00
0.000000e+00
0.000000e+00
0.000000e+00
0.000000e+00
0.000000e+00
0.000000e+00
0.000000e+00
0.000000e+00
0.000000e+00
0.000000e+00
0.000000e+00
0.000000e+00
0.000000e+00
0.000000e+00
0.000000e+00
0.000000e+00
0.000000e+00
0.000000e+00
0.000000e+00
0.000000e+00
0.000000e+00
0.000000e+00
0.000000e+00
0.000000e+00
0.000000e+00
0.000000e+00
0.000000e+00
0.000000e+00
0.000000e+00
0.000000e+00
0.000000e+00
0.000000e+00
0.000000e+00
0.000000e+00
0.000000e+00
0.000000e+00
0.000000e+00
0.000000e+00
0.000000e+00
0.000000e+00
0.000000e+00
0.000000e+00
0.000000e+00
0.000000e+00
0.000000e+00
0.000000e+00
0.000000e+00
0.000000e+00
0.000000e+00
0.000000e+00
0.000000e+00
0.000000e+00
0.000000e+00
0.000000e+00
0.000000e+00
0.000000e+00
0.000000e+00
0.000000e+00
0.000000e+00
0.000000e+00
0.000000e+00
0.000000e+00
0.000000e+00
0.000000e+00
0.000000e+00
0.000000e+00
0.000000e+00
0.000000e+00
0.000000e+00
0.000000e+00
0.000000e+00
0.000000e+00
0.000000e+00
0.000000e+00
0.000000e+00
0.000000e+00
0.000000e+00
0.000000e+00
0.000000e+00
0.000000e+00
0.000000e+00
0.000000e+00
0.000000e+00
0.000000e+00
0.000000e+00
0.000000e+00
0.000000e+00
0.000000e+00
0.000000e+00
0.000000e+00
0.000000e+00
0.000000e+00
0.000000e+00
0.000000e+00
0.000000e+00
0.000000e+00
0.000000e+00
0.000000e+00
0.000000e+00
0.000000e+00
0.000000e+00
0.000000e+00
0.000000e+00
0.000000e+00
0.000000e+00
0.000000e+00
0.000000e+00
0.000000e+00
0.000000e+00
0.000000e+00
0.000000e+00
0.000000e+00
0.000000e+00
0.000000e+00
0.000000e+00
0.000000e+00
0.000000e+00
0.000000e+00
0.000000e+00
0.000000e+00
0.000000e+00
0.000000e+00
0.000000e+00
0.000000e+00
0.000000e+00
0.000000e+00
0.000000e+00
0.000000e+00
0.000000e+00
0.000000e+00
0.000000e+00
0.000000e+00
0.000000e+00
0.000000e+00
0.000000e+00
0.000000e+00
0.000000e+00
0.000000e+00
0.000000e+00
0.000000e+00
0.000000e+00
0.000000e+00
0.000000e+00
0.000000e+00
0.000000e+00
0.000000e+00
0.000000e+00
0.000000e+00
0.000000e+00
0.000000e+00
0.000000e+00
0.000000e+00
0.000000e+00
0.000000e+00
0.000000e+00
0.000000e+00
0.000000e+00
0.000000e+00
0.000000e+00
0.000000e+00
0.000000e+00
0.000000e+00
0.000000e+00
0.000000e+00
0.000000e+00
0.000000e+00
0.000000e+00
0.000000e+00
0.000000e+00
0.000000e+00
0.000000e+00
0.000000e+00
0.000000e+00
0.000000e+00
0.000000e+00
0.000000e+00
0.000000e+00
0.000000e+00
0.000000e+00
0.000000e+00
0.000000e+00
0.000000e+00
0.000000e+00
0.000000e+00
0.000000e+00
0.000000e+00
0.000000e+00
0.000000e+00
0.000000e+00
0.000000e+00
0.000000e+00
0.000000e+00
0.000000e+00
0.000000e+00
0.000000e+00
0.000000e+00
0.000000e+00
0.000000e+00
0.000000e+00
0.000000e+00
0.000000e+00
0.000000e+00
0.000000e+00
0.000000e+00
0.000000e+00
0.000000e+00
0.000000e+00
0.000000e+00
0.000000e+00
0.000000e+00
0.000000e+00
0.000000e+00
0.000000e+00
0.000000e+00
0.000000e+00
0.000000e+00
0.000000e+00
0.000000e+00
0.000000e+00
0.000000e+00
0.000000e+00
0.000000e+00
0.000000e+00
0.000000e+00
0.000000e+00
0.000000e+00
0.000000e+00
0.000000e+00
0.000000e+00
0.000000e+00
0.000000e+00
0.000000e+00
0.000000e+00
0.000000e+00
0.000000e+00
0.000000e+00
0.000000e+00
0.000000e+00
0.000000e+00
0.000000e+00
0.000000e+00
0.000000e+00
0.000000e+00
0.000000e+00
0.000000e+00
0.000000e+00
0.000000e+00
0.000000e+00
0.000000e+00
0.000000e+00
0.000000e+00
0.000000e+00
0.000000e+00
0.000000e+00
0.000000e+00
0.000000e+00
0.000000e+00
0.000000e+00
0.000000e+00
0.000000e+00
0.000000e+00
0.000000e+00
0.000000e+00
0.000000e+00
0.000000e+00
0.000000e+00
0.000000e+00
0.000000e+00
0.000000e+00
0.000000e+00
0.000000e+00
0.000000e+00
0.000000e+00
0.000000e+00
0.000000e+00
0.000000e+00
0.000000e+00
0.000000e+00
0.000000e+00
0.000000e+00
0.000000e+00
0.000000e+00
0.000000e+00
0.000000e+00
0.000000e+00
0.000000e+00
0.000000e+00
0.000000e+00
0.000000e+00
0.000000e+00
0.000000e+00
0.000000e+00
0.000000e+00
0.000000e+00
0.000000e+00
0.000000e+00
0.000000e+00
0.000000e+00
0.000000e+00
0.000000e+00
0.000000e+00
0.000000e+00
0.000000e+00
0.000000e+00
0.000000e+00
0.000000e+00
0.000000e+00
0.000000e+00
0.000000e+00
0.000000e+00
0.000000e+00
0.000000e+00
0.000000e+00
0.000000e+00
0.000000e+00
0.000000e+00
0.000000e+00
0.000000e+00
0.000000e+00
0.000000e+00
0.000000e+00
0.000000e+00
0.000000e+00
0.000000e+00
0.000000e+00
0.000000e+00
0.000000e+00
0.000000e+00
0.000000e+00
0.000000e+00
0.000000e+00
0.000000e+00
0.000000e+00
0.000000e+00
0.000000e+00
0.000000e+00
0.000000e+00
0.000000e+00
0.000000e+00
0.000000e+00
0.000000e+00
0.000000e+00
0.000000e+00
0.000000e+00
0.000000e+00
0.000000e+00
0.000000e+00
0.000000e+00
0.000000e+00
0.000000e+00
0.000000e+00
0.000000e+00
0.000000e+00
0.000000e+00
0.000000e+00
0.000000e+00
0.000000e+00
0.000000e+00
0.000000e+00
0.000000e+00
0.000000e+00
0.000000e+00
0.000000e+00
0.000000e+00
0.000000e+00
0.000000e+00
0.000000e+00
0.000000e+00
0.000000e+00
0.000000e+00
0.000000e+00
0.000000e+00
0.000000e+00
0.000000e+00
0.000000e+00
0.000000e+00
0.000000e+00
0.000000e+00
0.000000e+00
0.000000e+00
0.000000e+00
0.000000e+00
0.000000e+00
0.000000e+00
0.000000e+00
0.000000e+00
0.000000e+00
0.000000e+00
0.000000e+00
0.000000e+00
0.000000e+00
0.000000e+00
0.000000e+00
0.000000e+00
0.000000e+00
0.000000e+00
0.000000e+00
0.000000e+00
0.000000e+00
0.000000e+00
0.000000e+00
0.000000e+00
0.000000e+00
0.000000e+00
0.000000e+00
0.000000e+00
0.000000e+00
0.000000e+00
0.000000e+00
0.000000e+00
0.000000e+00
0.000000e+00
0.000000e+00
0.000000e+00
0.000000e+00
0.000000e+00
0.000000e+00
0.000000e+00
0.000000e+00
0.000000e+00
0.000000e+00
0.000000e+00
0.000000e+00
0.000000e+00
0.000000e+00
0.000000e+00
0.000000e+00
0.000000e+00
0.000000e+00
0.000000e+00
0.000000e+00
0.000000e+00
0.000000e+00
0.000000e+00
0.000000e+00
0.000000e+00
0.000000e+00
0.000000e+00
0.000000e+00
0.000000e+00
0.000000e+00
0.000000e+00
0.000000e+00
0.000000e+00
0.000000e+00
0.000000e+00
0.000000e+00
0.000000e+00
0.000000e+00
0.000000e+00
0.000000e+00
0.000000e+00
0.000000e+00
0.000000e+00
0.000000e+00
0.000000e+00
0.000000e+00
0.000000e+00
0.000000e+00
0.000000e+00
0.000000e+00
0.000000e+00
0.000000e+00
0.000000e+00
0.000000e+00
0.000000e+00
0.000000e+00
0.000000e+00
0.000000e+00
0.000000e+00
0.000000e+00
0.000000e+00
0.000000e+00
0.000000e+00
0.000000e+00
0.000000e+00
0.000000e+00
0.000000e+00
0.000000e+00
0.000000e+00
0.000000e+00
0.000000e+00
0.000000e+00
0.000000e+00
0.000000e+00
0.000000e+00
0.000000e+00
0.000000e+00
0.000000e+00
0.000000e+00
0.000000e+00
0.000000e+00
0.000000e+00
0.000000e+00
0.000000e+00
0.000000e+00
0.000000e+00
0.000000e+00
0.000000e+00
0.000000e+00
0.000000e+00
0.000000e+00
0.000000e+00
0.000000e+00
0.000000e+00
0.000000e+00
0.000000e+00
0.000000e+00
0.000000e+00
0.000000e+00
0.000000e+00
0.000000e+00
0.000000e+00
0.000000e+00
0.000000e+00
0.000000e+00
0.000000e+00
0.000000e+00
0.000000e+00
0.000000e+00
0.000000e+00
0.000000e+00
0.000000e+00
0.000000e+00
0.000000e+00
0.000000e+00
0.000000e+00
0.000000e+00
0.000000e+00
0.000000e+00
0.000000e+00
0.000000e+00
0.000000e+00
0.000000e+00
0.000000e+00
0.000000e+00
0.000000e+00
0.000000e+00
0.000000e+00
0.000000e+00
0.000000e+00
0.000000e+00
0.000000e+00
0.000000e+00
0.000000e+00
0.000000e+00
0.000000e+00
0.000000e+00
0.000000e+00
0.000000e+00
0.000000e+00
0.000000e+00
0.000000e+00
0.000000e+00
0.000000e+00
0.000000e+00
0.000000e+00
0.000000e+00
0.000000e+00
0.000000e+00
0.000000e+00
0.000000e+00
0.000000e+00
0.000000e+00
0.000000e+00
0.000000e+00
0.000000e+00
0.000000e+00
0.000000e+00
0.000000e+00
0.000000e+00
0.000000e+00
0.000000e+00
0.000000e+00
0.000000e+00
0.000000e+00
0.000000e+00
0.000000e+00
0.000000e+00
0.000000e+00
0.000000e+00
0.000000e+00
0.000000e+00
0.000000e+00
0.000000e+00
0.000000e+00
0.000000e+00
0.000000e+00
0.000000e+00
0.000000e+00
0.000000e+00
0.000000e+00
0.000000e+00
0.000000e+00
0.000000e+00
0.000000e+00
0.000000e+00
0.000000e+00
0.000000e+00
0.000000e+00
0.000000e+00
0.000000e+00
0.000000e+00
0.000000e+00
0.000000e+00
0.000000e+00
0.000000e+00
0.000000e+00
0.000000e+00
0.000000e+00
0.000000e+00
0.000000e+00
0.000000e+00
0.000000e+00
0.000000e+00
0.000000e+00
0.000000e+00
0.000000e+00
0.000000e+00
0.000000e+00
0.000000e+00
0.000000e+00
0.000000e+00
0.000000e+00
0.000000e+00
0.000000e+00
0.000000e+00
0.000000e+00
0.000000e+00
0.000000e+00
0.000000e+00
0.000000e+00
0.000000e+00
0.000000e+00
0.000000e+00
0.000000e+00
0.000000e+00
0.000000e+00
0.000000e+00
0.000000e+00
0.000000e+00
0.000000e+00
0.000000e+00
0.000000e+00
0.000000e+00
0.000000e+00
0.000000e+00
0.000000e+00
0.000000e+00
0.000000e+00
0.000000e+00
0.000000e+00
0.000000e+00
0.000000e+00
0.000000e+00
0.000000e+00
0.000000e+00
0.000000e+00
0.000000e+00
0.000000e+00
0.000000e+00
0.000000e+00
0.000000e+00
0.000000e+00
0.000000e+00
0.000000e+00
0.000000e+00
0.000000e+00
0.000000e+00
0.000000e+00
0.000000e+00
0.000000e+00
0.000000e+00
0.000000e+00
0.000000e+00
0.000000e+00
0.000000e+00
0.000000e+00
0.000000e+00
0.000000e+00
0.000000e+00
0.000000e+00
0.000000e+00
0.000000e+00
0.000000e+00
0.000000e+00
0.000000e+00
0.000000e+00
0.000000e+00
0.000000e+00
0.000000e+00
0.000000e+00
0.000000e+00
0.000000e+00
0.000000e+00
0.000000e+00
0.000000e+00
0.000000e+00
0.000000e+00
0.000000e+00
0.000000e+00
0.000000e+00
0.000000e+00
0.000000e+00
0.000000e+00
0.000000e+00
0.000000e+00
0.000000e+00
0.000000e+00
0.000000e+00
0.000000e+00
0.000000e+00
0.000000e+00
0.000000e+00
0.000000e+00
0.000000e+00
0.000000e+00
0.000000e+00
0.000000e+00
0.000000e+00
0.000000e+00
0.000000e+00
0.000000e+00
0.000000e+00
0.000000e+00
0.000000e+00
0.000000e+00
0.000000e+00
0.000000e+00
0.000000e+00
0.000000e+00
0.000000e+00
0.000000e+00
0.000000e+00
0.000000e+00
0.000000e+00
0.000000e+00
0.000000e+00
0.000000e+00
0.000000e+00
0.000000e+00
0.000000e+00
0.000000e+00
0.000000e+00
0.000000e+00
0.000000e+00
0.000000e+00
0.000000e+00
0.000000e+00
0.000000e+00
0.000000e+00
0.000000e+00
0.000000e+00
0.000000e+00
0.000000e+00
0.000000e+00
0.000000e+00
0.000000e+00
0.000000e+00
0.000000e+00
0.000000e+00
0.000000e+00
0.000000e+00
0.000000e+00
0.000000e+00
0.000000e+00
0.000000e+00
0.000000e+00
0.000000e+00
0.000000e+00
0.000000e+00
0.000000e+00
0.000000e+00
0.000000e+00
0.000000e+00
0.000000e+00
0.000000e+00
0.000000e+00
0.000000e+00
0.000000e+00
0.000000e+00
0.000000e+00
0.000000e+00
0.000000e+00
0.000000e+00
0.000000e+00
0.000000e+00
0.000000e+00
0.000000e+00
0.000000e+00
0.000000e+00
0.000000e+00
0.000000e+00
0.000000e+00
0.000000e+00
0.000000e+00
0.000000e+00
0.000000e+00
0.000000e+00
0.000000e+00
0.000000e+00
0.000000e+00
0.000000e+00
0.000000e+00
0.000000e+00
0.000000e+00
0.000000e+00
0.000000e+00
0.000000e+00
0.000000e+00
0.000000e+00
0.000000e+00
0.000000e+00
0.000000e+00
0.000000e+00
0.000000e+00
0.000000e+00
0.000000e+00
0.000000e+00
0.000000e+00
0.000000e+00
0.000000e+00
0.000000e+00
0.000000e+00
0.000000e+00
0.000000e+00
0.000000e+00
0.000000e+00
0.000000e+00
0.000000e+00
0.000000e+00
0.000000e+00
0.000000e+00
0.000000e+00
0.000000e+00
0.000000e+00
0.000000e+00
0.000000e+00
0.000000e+00
0.000000e+00
0.000000e+00
0.000000e+00
0.000000e+00
0.000000e+00
0.000000e+00
0.000000e+00
0.000000e+00
0.000000e+00
0.000000e+00
0.000000e+00
0.000000e+00
0.000000e+00
0.000000e+00
0.000000e+00
0.000000e+00
0.000000e+00
0.000000e+00
0.000000e+00
0.000000e+00
0.000000e+00
0.000000e+00
0.000000e+00
0.000000e+00
0.000000e+00
0.000000e+00
0.000000e+00
0.000000e+00
0.000000e+00
0.000000e+00
0.000000e+00
0.000000e+00
0.000000e+00
0.000000e+00
0.000000e+00
0.000000e+00
0.000000e+00
0.000000e+00
0.000000e+00
0.000000e+00
0.000000e+00
0.000000e+00
0.000000e+00
0.000000e+00
0.000000e+00
0.000000e+00
0.000000e+00
0.000000e+00
0.000000e+00
0.000000e+00
0.000000e+00
0.000000e+00
0.000000e+00
0.000000e+00
0.000000e+00
0.000000e+00
0.000000e+00
0.000000e+00
0.000000e+00
0.000000e+00
0.000000e+00
0.000000e+00
0.000000e+00
0.000000e+00
0.000000e+00
0.000000e+00
0.000000e+00
0.000000e+00
0.000000e+00
0.000000e+00
0.000000e+00
0.000000e+00
0.000000e+00
0.000000e+00
0.000000e+00
0.000000e+00
0.000000e+00
0.000000e+00
0.000000e+00
0.000000e+00
0.000000e+00
0.000000e+00
0.000000e+00
0.000000e+00
0.000000e+00
0.000000e+00
0.000000e+00
0.000000e+00
0.000000e+00
0.000000e+00
0.000000e+00
0.000000e+00
0.000000e+00
0.000000e+00
0.000000e+00
0.000000e+00
0.000000e+00
0.000000e+00
0.000000e+00
0.000000e+00
0.000000e+00
0.000000e+00
0.000000e+00
0.000000e+00
0.000000e+00
0.000000e+00
0.000000e+00
0.000000e+00
0.000000e+00
0.000000e+00
0.000000e+00
0.000000e+00
0.000000e+00
0.000000e+00
0.000000e+00
0.000000e+00
0.000000e+00
0.000000e+00
0.000000e+00
0.000000e+00
0.000000e+00
0.000000e+00
0.000000e+00
0.000000e+00
0.000000e+00
0.000000e+00
0.000000e+00
0.000000e+00
0.000000e+00
0.000000e+00
0.000000e+00
0.000000e+00
0.000000e+00
0.000000e+00
0.000000e+00
0.000000e+00
0.000000e+00
0.000000e+00
0.000000e+00
0.000000e+00
0.000000e+00
0.000000e+00
0.000000e+00
0.000000e+00
0.000000e+00
0.000000e+00
0.000000e+00
0.000000e+00
0.000000e+00
0.000000e+00
0.000000e+00
0.000000e+00
0.000000e+00
0.000000e+00
0.000000e+00
0.000000e+00
0.000000e+00
0.000000e+00
0.000000e+00
0.000000e+00
0.000000e+00
0.000000e+00
0.000000e+00
0.000000e+00
0.000000e+00
0.000000e+00
0.000000e+00
0.000000e+00
0.000000e+00
0.000000e+00
0.000000e+00
0.000000e+00
0.000000e+00
0.000000e+00
0.000000e+00
0.000000e+00
0.000000e+00
0.000000e+00
0.000000e+00
0.000000e+00
0.000000e+00
0.000000e+00
0.000000e+00
0.000000e+00
0.000000e+00
0.000000e+00
0.000000e+00
0.000000e+00
0.000000e+00
0.000000e+00
0.000000e+00
0.000000e+00
0.000000e+00
0.000000e+00
0.000000e+00
0.000000e+00
0.000000e+00
0.000000e+00
0.000000e+00
0.000000e+00
0.000000e+00
0.000000e+00
0.000000e+00
0.000000e+00
0.000000e+00
0.000000e+00
0.000000e+00
0.000000e+00
0.000000e+00
0.000000e+00
0.000000e+00
0.000000e+00
0.000000e+00
0.000000e+00
0.000000e+00
0.000000e+00
0.000000e+00
0.000000e+00
0.000000e+00
0.000000e+00
0.000000e+00
0.000000e+00
0.000000e+00
0.000000e+00
0.000000e+00
0.000000e+00
0.000000e+00
0.000000e+00
0.000000e+00
0.000000e+00
0.000000e+00
0.000000e+00
0.000000e+00
0.000000e+00
0.000000e+00
0.000000e+00
0.000000e+00
0.000000e+00
0.000000e+00
0.000000e+00
0.000000e+00
0.000000e+00
0.000000e+00
0.000000e+00
0.000000e+00
0.000000e+00
0.000000e+00
0.000000e+00
0.000000e+00
0.000000e+00
0.000000e+00
0.000000e+00
0.000000e+00
0.000000e+00
0.000000e+00
0.000000e+00
0.000000e+00
0.000000e+00
0.000000e+00
0.000000e+00
0.000000e+00
0.000000e+00
0.000000e+00
0.000000e+00
0.000000e+00
0.000000e+00
0.000000e+00
0.000000e+00
0.000000e+00
0.000000e+00
0.000000e+00
0.000000e+00
0.000000e+00
0.000000e+00
0.000000e+00
0.000000e+00
0.000000e+00
0.000000e+00
0.000000e+00
0.000000e+00
0.000000e+00
0.000000e+00
0.000000e+00
0.000000e+00
0.000000e+00
0.000000e+00
0.000000e+00
0.000000e+00
0.000000e+00
0.000000e+00
0.000000e+00
0.000000e+00
0.000000e+00
0.000000e+00
0.000000e+00
0.000000e+00
0.000000e+00
0.000000e+00
0.000000e+00
0.000000e+00
0.000000e+00
0.000000e+00
0.000000e+00
0.000000e+00
0.000000e+00
0.000000e+00
0.000000e+00
0.000000e+00
0.000000e+00
0.000000e+00
0.000000e+00
0.000000e+00
0.000000e+00
0.000000e+00
0.000000e+00
0.000000e+00
0.000000e+00
0.000000e+00
0.000000e+00
0.000000e+00
0.000000e+00
0.000000e+00
0.000000e+00
0.000000e+00
0.000000e+00
0.000000e+00
0.000000e+00
0.000000e+00
0.000000e+00
0.000000e+00
0.000000e+00
0.000000e+00
0.000000e+00
0.000000e+00
0.000000e+00
0.000000e+00
0.000000e+00
0.000000e+00
0.000000e+00
0.000000e+00
0.000000e+00
0.000000e+00
0.000000e+00
0.000000e+00
0.000000e+00
0.000000e+00
0.000000e+00
0.000000e+00
0.000000e+00
0.000000e+00
0.000000e+00
0.000000e+00
0.000000e+00
0.000000e+00
0.000000e+00
0.000000e+00
0.000000e+00
0.000000e+00
0.000000e+00
0.000000e+00
0.000000e+00
0.000000e+00
0.000000e+00
0.000000e+00
0.000000e+00
0.000000e+00
0.000000e+00
0.000000e+00
0.000000e+00
0.000000e+00
0.000000e+00
0.000000e+00
0.000000e+00
0.000000e+00
0.000000e+00
0.000000e+00
0.000000e+00
0.000000e+00
0.000000e+00
0.000000e+00
0.000000e+00
0.000000e+00
0.000000e+00
0.000000e+00
0.000000e+00
0.000000e+00
0.000000e+00
0.000000e+00
0.000000e+00
0.000000e+00
0.000000e+00
0.000000e+00
0.000000e+00
0.000000e+00
0.000000e+00
0.000000e+00
0.000000e+00
0.000000e+00
0.000000e+00
0.000000e+00
0.000000e+00
0.000000e+00
0.000000e+00
0.000000e+00
0.000000e+00
0.000000e+00
0.000000e+00
0.000000e+00
0.000000e+00
0.000000e+00
0.000000e+00
0.000000e+00
0.000000e+00
0.000000e+00
0.000000e+00
0.000000e+00
0.000000e+00
0.000000e+00
0.000000e+00
0.000000e+00
0.000000e+00
0.000000e+00
0.000000e+00
0.000000e+00
0.000000e+00
0.000000e+00
0.000000e+00
0.000000e+00
0.000000e+00
0.000000e+00
0.000000e+00
0.000000e+00
0.000000e+00
0.000000e+00
0.000000e+00
0.000000e+00
0.000000e+00
0.000000e+00
0.000000e+00
0.000000e+00
0.000000e+00
0.000000e+00
0.000000e+00
0.000000e+00
0.000000e+00
0.000000e+00
0.000000e+00
0.000000e+00
0.000000e+00
0.000000e+00
0.000000e+00
0.000000e+00
0.000000e+00
0.000000e+00
0.000000e+00
0.000000e+00
0.000000e+00
0.000000e+00
0.000000e+00
0.000000e+00
0.000000e+00
0.000000e+00
0.000000e+00
0.000000e+00
0.000000e+00
0.000000e+00
0.000000e+00
0.000000e+00
0.000000e+00
0.000000e+00
0.000000e+00
0.000000e+00
0.000000e+00
0.000000e+00
0.000000e+00
0.000000e+00
0.000000e+00
0.000000e+00
0.000000e+00
0.000000e+00
0.000000e+00
0.000000e+00
0.000000e+00
0.000000e+00
0.000000e+00
0.000000e+00
0.000000e+00
0.000000e+00
0.000000e+00
0.000000e+00
0.000000e+00
0.000000e+00
0.000000e+00
0.000000e+00
0.000000e+00
0.000000e+00
0.000000e+00
0.000000e+00
0.000000e+00
0.000000e+00
0.000000e+00
0.000000e+00
0.000000e+00
0.000000e+00
0.000000e+00
0.000000e+00
0.000000e+00
0.000000e+00
0.000000e+00
0.000000e+00
0.000000e+00
0.000000e+00
0.000000e+00
0.000000e+00
0.000000e+00
0.000000e+00
0.000000e+00
0.000000e+00
0.000000e+00
0.000000e+00
0.000000e+00
0.000000e+00
0.000000e+00
0.000000e+00
0.000000e+00
0.000000e+00
0.000000e+00
0.000000e+00
0.000000e+00
0.000000e+00
0.000000e+00
0.000000e+00
0.000000e+00
0.000000e+00
0.000000e+00
0.000000e+00
0.000000e+00
0.000000e+00
0.000000e+00
0.000000e+00
0.000000e+00
0.000000e+00
0.000000e+00
0.000000e+00
0.000000e+00
0.000000e+00
0.000000e+00
0.000000e+00
0.000000e+00
0.000000e+00
0.000000e+00
0.000000e+00
0.000000e+00
0.000000e+00
0.000000e+00
0.000000e+00
0.000000e+00
0.000000e+00
0.000000e+00
0.000000e+00
0.000000e+00
0.000000e+00
0.000000e+00
0.000000e+00
0.000000e+00
0.000000e+00
0.000000e+00
0.000000e+00
0.000000e+00
0.000000e+00
0.000000e+00
0.000000e+00
0.000000e+00
0.000000e+00
0.000000e+00
0.000000e+00
0.000000e+00
0.000000e+00
0.000000e+00
0.000000e+00
0.000000e+00
0.000000e+00
0.000000e+00
0.000000e+00
0.000000e+00
0.000000e+00
0.000000e+00
0.000000e+00
0.000000e+00
0.000000e+00
0.000000e+00
0.000000e+00
0.000000e+00
0.000000e+00
0.000000e+00
0.000000e+00
0.000000e+00
0.000000e+00
0.000000e+00
0.000000e+00
0.000000e+00
0.000000e+00
0.000000e+00
0.000000e+00
0.000000e+00
0.000000e+00
0.000000e+00
0.000000e+00
0.000000e+00
0.000000e+00
0.000000e+00
0.000000e+00
0.000000e+00
0.000000e+00
0.000000e+00
0.000000e+00
0.000000e+00
0.000000e+00
0.000000e+00
0.000000e+00
0.000000e+00
0.000000e+00
0.000000e+00
0.000000e+00
0.000000e+00
0.000000e+00
0.000000e+00
0.000000e+00
0.000000e+00
0.000000e+00
0.000000e+00
0.000000e+00
0.000000e+00
0.000000e+00
0.000000e+00
0.000000e+00
0.000000e+00
0.000000e+00
0.000000e+00
0.000000e+00
0.000000e+00
0.000000e+00
0.000000e+00
0.000000e+00
0.000000e+00
0.000000e+00
0.000000e+00
0.000000e+00
0.000000e+00
0.000000e+00
0.000000e+00
0.000000e+00
0.000000e+00
0.000000e+00
0.000000e+00
0.000000e+00
0.000000e+00
0.000000e+00
0.000000e+00
0.000000e+00
0.000000e+00
0.000000e+00
0.000000e+00
0.000000e+00
0.000000e+00
0.000000e+00
0.000000e+00
0.000000e+00
0.000000e+00
0.000000e+00
0.000000e+00
0.000000e+00
0.000000e+00
0.000000e+00
0.000000e+00
0.000000e+00
0.000000e+00
0.000000e+00
0.000000e+00
0.000000e+00
0.000000e+00
0.000000e+00
0.000000e+00
0.000000e+00
0.000000e+00
0.000000e+00
0.000000e+00
0.000000e+00
0.000000e+00
0.000000e+00
0.000000e+00
0.000000e+00
0.000000e+00
0.000000e+00
0.000000e+00
0.000000e+00
0.000000e+00
0.000000e+00
0.000000e+00
0.000000e+00
0.000000e+00
0.000000e+00
0.000000e+00
0.000000e+00
0.000000e+00
0.000000e+00
0.000000e+00
0.000000e+00
0.000000e+00
0.000000e+00
0.000000e+00
0.000000e+00
0.000000e+00
0.000000e+00
0.000000e+00
0.000000e+00
0.000000e+00
0.000000e+00
0.000000e+00
0.000000e+00
0.000000e+00
0.000000e+00
0.000000e+00
0.000000e+00
0.000000e+00
0.000000e+00
0.000000e+00
0.000000e+00
0.000000e+00
0.000000e+00
0.000000e+00
0.000000e+00
0.000000e+00
0.000000e+00
0.000000e+00
0.000000e+00
0.000000e+00
0.000000e+00
0.000000e+00
0.000000e+00
0.000000e+00
0.000000e+00
0.000000e+00
0.000000e+00
0.000000e+00
0.000000e+00
0.000000e+00
0.000000e+00
0.000000e+00
0.000000e+00
0.000000e+00
0.000000e+00
0.000000e+00
0.000000e+00
0.000000e+00
0.000000e+00
0.000000e+00
0.000000e+00
0.000000e+00
0.000000e+00
0.000000e+00
0.000000e+00
0.000000e+00
0.000000e+00
0.000000e+00
0.000000e+00
0.000000e+00
0.000000e+00
0.000000e+00
0.000000e+00
0.000000e+00
0.000000e+00
0.000000e+00
0.000000e+00
0.000000e+00
0.000000e+00
0.000000e+00
0.000000e+00
0.000000e+00
0.000000e+00
0.000000e+00
0.000000e+00
</DataArray>
<DataArray type="Float32" Name="V2" format="ascii">
0.000000e+00
0.000000e+00
0.000000e+00
0.000000e+00
0.000000e+00
0.000000e+00
0.000000e+00
0.000000e+00
0.000000e+00
0.000000e+00
0.000000e+00
0.000000e+00
0.000000e+00
0.000000e+00
0.000000e+00
0.000000e+00
0.000000e+00
0.000000e+00
0.000000e+00
0.000000e+00
0.000000e+00
0.000000e+00
0.000000e+00
0.000000e+00
0.000000e+00
0.000000e+00
0.000000e+00
0.000000e+00
0.000000e+00
0.000000e+00
0.000000e+00
0.000000e+00
0.000000e+00
0.000000e+00
0.000000e+00
0.000000e+00
0.000000e+00
0.000000e+00
0.000000e+00
0.000000e+00
0.000000e+00
0.000000e+00
0.000000e+00
0.000000e+00
0.000000e+00
0.000000e+00
0.000000e+00
0.000000e+00
0.000000e+00
0.000000e+00
0.000000e+00
0.000000e+00
0.000000e+00
0.000000e+00
0.000000e+00
0.000000e+00
0.000000e+00
0.000000e+00
0.000000e+00
0.000000e+00
0.000000e+00
0.000000e+00
0.000000e+00
0.000000e+00
0.000000e+00
0.000000e+00
0.000000e+00
0.000000e+00
0.000000e+00
0.000000e+00
0.000000e+00
0.000000e+00
0.000000e+00
0.000000e+00
0.000000e+00
0.000000e+00
0.000000e+00
0.000000e+00
0.000000e+00
0.000000e+00
0.000000e+00
0.000000e+00
0.000000e+00
0.000000e+00
0.000000e+00
0.000000e+00
0.000000e+00
0.000000e+00
0.000000e+00
0.000000e+00
0.000000e+00
0.000000e+00
0.000000e+00
0.000000e+00
0.000000e+00
0.000000e+00
0.000000e+00
0.000000e+00
0.000000e+00
0.000000e+00
0.000000e+00
0.000000e+00
0.000000e+00
0.000000e+00
0.000000e+00
0.000000e+00
0.000000e+00
0.000000e+00
0.000000e+00
0.000000e+00
0.000000e+00
0.000000e+00
0.000000e+00
0.000000e+00
0.000000e+00
0.000000e+00
0.000000e+00
0.000000e+00
0.000000e+00
0.000000e+00
0.000000e+00
0.000000e+00
0.000000e+00
0.000000e+00
0.000000e+00
0.000000e+00
0.000000e+00
0.000000e+00
0.000000e+00
0.000000e+00
0.000000e+00
0.000000e+00
0.000000e+00
0.000000e+00
0.000000e+00
0.000000e+00
0.000000e+00
0.000000e+00
0.000000e+00
0.000000e+00
0.000000e+00
0.000000e+00
0.000000e+00
0.000000e+00
0.000000e+00
0.000000e+00
0.000000e+00
0.000000e+00
0.000000e+00
0.000000e+00
0.000000e+00
0.000000e+00
0.000000e+00
0.000000e+00
0.000000e+00
0.000000e+00
0.000000e+00
0.000000e+00
0.000000e+00
0.000000e+00
0.000000e+00
0.000000e+00
0.000000e+00
0.000000e+00
0.000000e+00
0.000000e+00
0.000000e+00
0.000000e+00
0.000000e+00
0.000000e+00
0.000000e+00
0.000000e+00
0.000000e+00
0.000000e+00
0.000000e+00
0.000000e+00
0.000000e+00
0.000000e+00
0.000000e+00
0.000000e+00
0.000000e+00
0.000000e+00
0.000000e+00
0.000000e+00
0.000000e+00
0.000000e+00
0.000000e+00
0.000000e+00
0.000000e+00
0.000000e+00
0.000000e+00
0.000000e+00
0.000000e+00
0.000000e+00
0.000000e+00
0.000000e+00
0.000000e+00
0.000000e+00
0.000000e+00
0.000000e+00
0.000000e+00
0.000000e+00
0.000000e+00
0.000000e+00
0.000000e+00
0.000000e+00
0.000000e+00
0.000000e+00
0.000000e+00
0.000000e+00
0.000000e+00
0.000000e+00
0.000000e+00
0.000000e+00
0.000000e+00
0.000000e+00
0.000000e+00
0.000000e+00
0.000000e+00
0.000000e+00
0.000000e+00
0.000000e+00
0.000000e+00
0.000000e+00
0.000000e+00
0.000000e+00
0.000000e+00
0.000000e+00
0.000000e+00
0.000000e+00
0.000000e+00
0.000000e+00
0.000000e+00
0.000000e+00
0.000000e+00
0.000000e+00
0.000000e+00
0.000000e+00
0.000000e+00
0.000000e+00
0.000000e+00
0.000000e+00
0.000000e+00
0.000000e+00
0.000000e+00
0.000000e+00
0.000000e+00
0.000000e+00
0.000000e+00
0.000000e+00
0.000000e+00
0.000000e+00
0.000000e+00
0.000000e+00
0.000000e+00
0.000000e+00
0.000000e+00
0.000000e+00
0.000000e+00
0.000000e+00
0.000000e+00
0.000000e+00
0.000000e+00
0.000000e+00
0.000000e+00
0.000000e+00
0.000000e+00
0.000000e+00
0.000000e+00
0.000000e+00
0.000000e+00
0.000000e+00
0.000000e+00
0.000000e+00
0.000000e+00
0.000000e+00
0.000000e+00
0.000000e+00
0.000000e+00
0.000000e+00
0.000000e+00
0.000000e+00
0.000000e+00
0.000000e+00
0.000000e+00
0.000000e+00
0.000000e+00
0.000000e+00
0.000000e+00
0.000000e+00
0.000000e+00
0.000000e+00
0.000000e+00
0.000000e+00
0.000000e+00
0.000000e+00
0.000000e+00
0.000000e+00
0.000000e+00
0.000000e+00
0.000000e+00
0.000000e+00
0.000000e+00
0.000000e+00
0.000000e+00
0.000000e+00
0.000000e+00
0.000000e+00
0.000000e+00
0.000000e+00
0.000000e+00
0.000000e+00
0.000000e+00
0.000000e+00
0.000000e+00
0.000000e+00
0.000000e+00
0.000000e+00
0.000000e+00
0.000000e+00
0.000000e+00
0.000000e+00
0.000000e+00
0.000000e+00
0.000000e+00
0.000000e+00
0.000000e+00
0.000000e+00
0.000000e+00
0.000000e+00
0.000000e+00
0.000000e+00
0.000000e+00
0.000000e+00
0.000000e+00
0.000000e+00
0.000000e+00
0.000000e+00
0.000000e+00
0.000000e+00
0.000000e+00
0.000000e+00
0.000000e+00
0.000000e+00
0.000000e+00
0.000000e+00
0.000000e+00
0.000000e+00
0.000000e+00
0.000000e+00
0.000000e+00
0.000000e+00
0.000000e+00
0.000000e+00
0.000000e+00
0.000000e+00
0.000000e+00
0.000000e+00
0.000000e+00
0.000000e+00
0.000000e+00
0.000000e+00
0.000000e+00
0.000000e+00
0.000000e+00
0.000000e+00
0.000000e+00
0.000000e+00
0.000000e+00
0.000000e+00
0.000000e+00
0.000000e+00
0.000000e+00
0.000000e+00
0.000000e+00
0.000000e+00
0.000000e+00
0.000000e+00
0.000000e+00
0.000000e+00
0.000000e+00
0.000000e+00
0.000000e+00
0.000000e+00
0.000000e+00
0.000000e+00
0.000000e+00
0.000000e+00
0.000000e+00
0.000000e+00
0.000000e+00
0.000000e+00
0.000000e+00
0.000000e+00
0.000000e+00
0.000000e+00
0.000000e+00
0.000000e+00
0.000000e+00
0.000000e+00
0.000000e+00
0.000000e+00
0.000000e+00
0.000000e+00
0.000000e+00
0.000000e+00
0.000000e+00
0.000000e+00
0.000000e+00
0.000000e+00
0.000000e+00
0.000000e+00
0.000000e+00
0.000000e+00
0.000000e+00
0.000000e+00
0.000000e+00
0.000000e+00
0.000000e+00
0.000000e+00
0.000000e+00
0.000000e+00
0.000000e+00
0.000000e+00
0.000000e+00
0.000000e+00
0.000000e+00
0.000000e+00
0.000000e+00
0.000000e+00
0.000000e+00
0.000000e+00
0.000000e+00
0.000000e+00
0.000000e+00
0.000000e+00
0.000000e+00
0.000000e+00
0.000000e+00
0.000000e+00
0.000000e+00
0.000000e+00
0.000000e+00
0.000000e+00
0.000000e+00
0.000000e+00
0.000000e+00
0.000000e+00
0.000000e+00
0.000000e+00
0.000000e+00
0.000000e+00
0.000000e+00
0.000000e+00
0.000000e+00
0.000000e+00
0.000000e+00
0.000000e+00
0.000000e+00
0.000000e+00
0.000000e+00
0.000000e+00
0.000000e+00
0.000000e+00
0.000000e+00
0.000000e+00
0.000000e+00
0.000000e+00
0.000000e+00
0.000000e+00
0.000000e+00
0.000000e+00
0.000000e+00
0.000000e+00
0.000000e+00
0.000000e+00
0.000000e+00
0.000000e+00
0.000000e+00
0.000000e+00
0.000000e+00
0.000000e+00
0.000000e+00
0.000000e+00
0.000000e+00
0.000000e+00
0.000000e+00
0.000000e+00
0.000000e+00
0.000000e+00
0.000000e+00
0.000000e+00
0.000000e+00
0.000000e+00
0.000000e+00
0.000000e+00
0.000000e+00
0.000000e+00
0.000000e+00
0.000000e+00
0.000000e+00
0.000000e+00
0.000000e+00
0.000000e+00
0.000000e+00
0.000000e+00
0.000000e+00
0.000000e+00
0.000000e+00
0.000000e+00
0.000000e+00
0.000000e+00
0.000000e+00
0.000000e+00
0.000000e+00
0.000000e+00
0.000000e+00
0.000000e+00
0.000000e+00
0.000000e+00
0.000000e+00
0.000000e+00
0.000000e+00
0.000000e+00
0.000000e+00
0.000000e+00
0.000000e+00
0.000000e+00
0.000000e+00
0.000000e+00
0.000000e+00
0.000000e+00
0.000000e+00
0.000000e+00
0.000000e+00
0.000000e+00
0.000000e+00
0.000000e+00
0.000000e+00
0.000000e+00
0.000000e+00
0.000000e+00
0.000000e+00
0.000000e+00
0.000000e+00
0.000000e+00
0.000000e+00
0.000000e+00
0.000000e+00
0.000000e+00
0.000000e+00
0.000000e+00
0.000000e+00
0.000000e+00
0.000000e+00
0.000000e+00
0.000000e+00
0.000000e+00
0.000000e+00
0.000000e+00
0.000000e+00
0.000000e+00
0.000000e+00
0.000000e+00
0.000000e+00
0.000000e+00
0.000000e+00
0.000000e+00
0.000000e+00
0.000000e+00
0.000000e+00
0.000000e+00
0.000000e+00
0.000000e+00
0.000000e+00
0.000000e+00
0.000000e+00
0.000000e+00
0.000000e+00
0.000000e+00
0.000000e+00
0.000000e+00
0.000000e+00
0.000000e+00
0.000000e+00
0.000000e+00
0.000000e+00
0.000000e+00
0.000000e+00
0.000000e+00
0.000000e+00
0.000000e+00
0.000000e+00
0.000000e+00
0.000000e+00
0.000000e+00
0.000000e+00
0.000000e+00
0.000000e+00
0.000000e+00
0.000000e+00
0.000000e+00
0.000000e+00
0.000000e+00
0.000000e+00
0.000000e+00
0.000000e+00
0.000000e+00
0.000000e+00
0.000000e+00
0.000000e+00
0.000000e+00
0.000000e+00
0.000000e+00
0.000000e+00
0.000000e+00
0.000000e+00
0.000000e+00
0.000000e+00
0.000000e+00
0.000000e+00
0.000000e+00
0.000000e+00
0.000000e+00
0.000000e+00
0.000000e+00
0.000000e+00
0.000000e+00
0.000000e+00
0.000000e+00
0.000000e+00
0.000000e+00
0.000000e+00
0.000000e+00
0.000000e+00
0.000000e+00
0.000000e+00
0.000000e+00
0.000000e+00
0.000000e+00
0.000000e+00
0.000000e+00
0.000000e+00
0.000000e+00
0.000000e+00
0.000000e+00
0.000000e+00
0.000000e+00
0.000000e+00
0.000000e+00
0.000000e+00
0.000000e+00
0.000000e+00
0.000000e+00
0.000000e+00
0.000000e+00
0.000000e+00
0.000000e+00
0.000000e+00
0.000000e+00
0.000000e+00
0.000000e+00
0.000000e+00
0.000000e+00
0.000000e+00
0.000000e+00
0.000000e+00
0.000000e+00
0.000000e+00
0.000000e+00
0.000000e+00
0.000000e+00
0.000000e+00
0.000000e+00
0.000000e+00
0.000000e+00
0.000000e+00
0.000000e+00
0.000000e+00
0.000000e+00
0.000000e+00
0.000000e+00
0.000000e+00
0.000000e+00
0.000000e+00
0.000000e+00
0.000000e+00
0.000000e+00
0.000000e+00
0.000000e+00
0.000000e+00
0.000000e+00
0.000000e+00
0.000000e+00
0.000000e+00
0.000000e+00
0.000000e+00
0.000000e+00
0.000000e+00
0.000000e+00
0.000000e+00
0.000000e+00
0.000000e+00
0.000000e+00
0.000000e+00
0.000000e+00
0.000000e+00
0.000000e+00
0.000000e+00
0.000000e+00
0.000000e+00
0.000000e+00
0.000000e+00
0.000000e+00
0.000000e+00
0.000000e+00
0.000000e+00
0.000000e+00
0.000000e+00
0.000000e+00
0.000000e+00
0.000000e+00
0.000000e+00
0.000000e+00
0.000000e+00
0.000000e+00
0.000000e+00
0.000000e+00
0.000000e+00
0.000000e+00
0.000000e+00
0.000000e+00
0.000000e+00
0.000000e+00
0.000000e+00
0.000000e+00
0.000000e+00
0.000000e+00
0.000000e+00
0.000000e+00
0.000000e+00
0.000000e+00
0.000000e+00
0.000000e+00
0.000000e+00
0.000000e+00
0.000000e+00
0.000000e+00
0.000000e+00
0.000000e+00
0.000000e+00
0.000000e+00
0.000000e+00
0.000000e+00
0.000000e+00
0.000000e+00
0.000000e+00
0.000000e+00
0.000000e+00
0.000000e+00
0.000000e+00
0.000000e+00
0.000000e+00
0.000000e+00
0.000000e+00
0.000000e+00
0.000000e+00
0.000000e+00
0.000000e+00
0.000000e+00
0.000000e+00
0.000000e+00
0.000000e+00
0.000000e+00
0.000000e+00
0.000000e+00
0.000000e+00
0.000000e+00
0.000000e+00
0.000000e+00
0.000000e+00
0.000000e+00
0.000000e+00
0.000000e+00
0.000000e+00
0.000000e+00
0.000000e+00
0.000000e+00
0.000000e+00
0.000000e+00
0.000000e+00
0.000000e+00
0.000000e+00
0.000000e+00
0.000000e+00
0.000000e+00
0.000000e+00
0.000000e+00
0.000000e+00
0.000000e+00
0.000000e+00
0.000000e+00
0.000000e+00
0.000000e+00
0.000000e+00
0.000000e+00
0.000000e+00
0.000000e+00
0.000000e+00
0.000000e+00
0.000000e+00
0.000000e+00
0.000000e+00
0.000000e+00
0.000000e+00
0.000000e+00
0.000000e+00
0.000000e+00
0.000000e+00
0.000000e+00
0.000000e+00
0.000000e+00
0.000000e+00
0.000000e+00
0.000000e+00
0.000000e+00
0.000000e+00
0.000000e+00
0.000000e+00
0.000000e+00
0.000000e+00
0.000000e+00
0.000000e+00
0.000000e+00
0.000000e+00
0.000000e+00
0.000000e+00
0.000000e+00
0.000000e+00
0.000000e+00
0.000000e+00
0.000000e+00
0.000000e+00
0.000000e+00
0.000000e+00
0.000000e+00
0.000000e+00
0.000000e+00
0.000000e+00
0.000000e+00
0.000000e+00
0.000000e+00
0.000000e+00
0.000000e+00
0.000000e+00
0.000000e+00
0.000000e+00
0.000000e+00
0.000000e+00
0.000000e+00
0.000000e+00
0.000000e+00
0.000000e+00
0.000000e+00
0.000000e+00
0.000000e+00
0.000000e+00
0.000000e+00
0.000000e+00
0.000000e+00
0.000000e+00
0.000000e+00
0.000000e+00
0.000000e+00
0.000000e+00
0.000000e+00
0.000000e+00
0.000000e+00
0.000000e+00
0.000000e+00
0.000000e+00
0.000000e+00
0.000000e+00
0.000000e+00
0.000000e+00
0.000000e+00
0.000000e+00
0.000000e+00
0.000000e+00
0.000000e+00
0.000000e+00
0.000000e+00
0.000000e+00
0.000000e+00
0.000000e+00
0.000000e+00
0.000000e+00
0.000000e+00
0.000000e+00
0.000000e+00
0.000000e+00
0.000000e+00
0.000000e+00
0.000000e+00
0.000000e+00
0.000000e+00
0.000000e+00
0.000000e+00
0.000000e+00
0.000000e+00
0.000000e+00
0.000000e+00
0.000000e+00
0.000000e+00
0.000000e+00
0.000000e+00
0.000000e+00
0.000000e+00
0.000000e+00
0.000000e+00
0.000000e+00
0.000000e+00
0.000000e+00
0.000000e+00
0.000000e+00
0.000000e+00
0.000000e+00
0.000000e+00
0.000000e+00
0.000000e+00
0.000000e+00
0.000000e+00
0.000000e+00
0.000000e+00
0.000000e+00
0.000000e+00
0.000000e+00
0.000000e+00
0.000000e+00
0.000000e+00
0.000000e+00
0.000000e+00
0.000000e+00
0.000000e+00
0.000000e+00
0.000000e+00
0.000000e+00
0.000000e+00
0.000000e+00
0.000000e+00
0.000000e+00
0.000000e+00
0.000000e+00
0.000000e+00
0.000000e+00
0.000000e+00
0.000000e+00
0.000000e+00
0.000000e+00
0.000000e+00
0.000000e+00
0.000000e+00
0.000000e+00
0.000000e+00
0.000000e+00
0.000000e+00
0.000000e+00
0.000000e+00
0.000000e+00
0.000000e+00
0.000000e+00
0.000000e+00
0.000000e+00
0.000000e+00
0.000000e+00
0.000000e+00
0.000000e+00
0.000000e+00
0.000000e+00
0.000000e+00
0.000000e+00
0.000000e+00
0.000000e+00
0.000000e+00
0.000000e+00
0.000000e+00
0.000000e+00
0.000000e+00
0.000000e+00
0.000000e+00
0.000000e+00
0.000000e+00
0.000000e+00
0.000000e+00
0.000000e+00
0.000000e+00
0.000000e+00
0.000000e+00
0.000000e+00
0.000000e+00
0.000000e+00
0.000000e+00
0.000000e+00
0.000000e+00
0.000000e+00
0.000000e+00
0.000000e+00
0.000000e+00
0.000000e+00
0.000000e+00
0.000000e+00
0.000000e+00
0.000000e+00
0.000000e+00
0.000000e+00
0.000000e+00
0.000000e+00
0.000000e+00
0.000000e+00
0.000000e+00
0.000000e+00
0.000000e+00
0.000000e+00
0.000000e+00
0.000000e+00
0.000000e+00
0.000000e+00
0.000000e+00
0.000000e+00
0.000000e+00
0.000000e+00
0.000000e+00
0.000000e+00
0.000000e+00
0.000000e+00
0.000000e+00
0.000000e+00
0.000000e+00
0.000000e+00
0.000000e+00
0.000000e+00
0.000000e+00
0.000000e+00
0.000000e+00
0.000000e+00
0.000000e+00
0.000000e+00
0.000000e+00
0.000000e+00
0.000000e+00
0.000000e+00
0.000000e+00
0.000000e+00
0.000000e+00
0.000000e+00
0.000000e+00
0.000000e+00
0.000000e+00
0.000000e+00
0.000000e+00
0.000000e+00
0.000000e+00
0.000000e+00
0.000000e+00
0.000000e+00
0.000000e+00
0.000000e+00
0.000000e+00
0.000000e+00
0.000000e+00
0.000000e+00
0.000000e+00
0.000000e+00
0.000000e+00
0.000000e+00
0.000000e+00
0.000000e+00
0.000000e+00
0.000000e+00
0.000000e+00
0.000000e+00
0.000000e+00
0.000000e+00
0.000000e+00
0.000000e+00
0.000000e+00
0.000000e+00
0.000000e+00
0.000000e+00
0.000000e+00
0.000000e+00
0.000000e+00
0.000000e+00
0.000000e+00
0.000000e+00
0.000000e+00
0.000000e+00
0.000000e+00
0.000000e+00
0.000000e+00
0.000000e+00
0.000000e+00
0.000000e+00
0.000000e+00
0.000000e+00
0.000000e+00
0.000000e+00
0.000000e+00
0.000000e+00
0.000000e+00
0.000000e+00
0.000000e+00
0.000000e+00
0.000000e+00
0.000000e+00
0.000000e+00
0.000000e+00
0.000000e+00
0.000000e+00
0.000000e+00
0.000000e+00
0.000000e+00
0.000000e+00
0.000000e+00
0.000000e+00
0.000000e+00
0.000000e+00
0.000000e+00
0.000000e+00
0.000000e+00
0.000000e+00
0.000000e+00
0.000000e+00
0.000000e+00
0.000000e+00
0.000000e+00
0.000000e+00
0.000000e+00
0.000000e+00
0.000000e+00
0.000000e+00
0.000000e+00
0.000000e+00
0.000000e+00
0.000000e+00
0.000000e+00
0.000000e+00
0.000000e+00
0.000000e+00
0.000000e+00
0.000000e+00
0.000000e+00
0.000000e+00
0.000000e+00
0.000000e+00
0.000000e+00
0.000000e+00
0.000000e+00
0.000000e+00
0.000000e+00
0.000000e+00
0.000000e+00
0.000000e+00
0.000000e+00
0.000000e+00
0.000000e+00
0.000000e+00
0.000000e+00
0.000000e+00
0.000000e+00
0.000000e+00
0.000000e+00
0.000000e+00
0.000000e+00
0.000000e+00
0.000000e+00
0.000000e+00
0.000000e+00
0.000000e+00
0.000000e+00
0.000000e+00
0.000000e+00
0.000000e+00
0.000000e+00
0.000000e+00
0.000000e+00
0.000000e+00
0.000000e+00
0.000000e+00
0.000000e+00
0.000000e+00
0.000000e+00
0.000000e+00
0.000000e+00
0.000000e+00
0.000000e+00
0.000000e+00
0.000000e+00
0.000000e+00
0.000000e+00
0.000000e+00
0.000000e+00
0.000000e+00
0.000000e+00
0.000000e+00
0.000000e+00
0.000000e+00
0.000000e+00
0.000000e+00
0.000000e+00
0.000000e+00
0.000000e+00
0.000000e+00
0.000000e+00
0.000000e+00
0.000000e+00
0.000000e+00
0.000000e+00
0.000000e+00
0.000000e+00
0.000000e+00
0.000000e+00
0.000000e+00
0.000000e+00
0.000000e+00
0.000000e+00
0.000000e+00
0.000000e+00
0.000000e+00
0.000000e+00
0.000000e+00
0.000000e+00
0.000000e+00
0.000000e+00
0.000000e+00
0.000000e+00
0.000000e+00
0.000000e+00
0.000000e+00
0.000000e+00
0.000000e+00
0.000000e+00
0.000000e+00
0.000000e+00
0.000000e+00
0.000000e+00
0.000000e+00
0.000000e+00
0.000000e+00
0.000000e+00
0.000000e+00
0.000000e+00
0.000000e+00
0.000000e+00
0.000000e+00
0.000000e+00
0.000000e+00
0.000000e+00
0.000000e+00
0.000000e+00
0.000000e+00
0.000000e+00
0.000000e+00
0.000000e+00
0.000000e+00
0.000000e+00
0.000000e+00
0.000000e+00
0.000000e+00
0.000000e+00
0.000000e+00
0.000000e+00
0.000000e+00
0.000000e+00
0.000000e+00
0.000000e+00
0.000000e+00
0.000000e+00
0.000000e+00
0.000000e+00
0.000000e+00
0.000000e+00
0.000000e+00
0.000000e+00
0.000000e+00
0.000000e+00
0.000000e+00
0.000000e+00
0.000000e+00
0.000000e+00
0.000000e+00
0.000000e+00
0.000000e+00
0.000000e+00
0.000000e+00
0.000000e+00
0.000000e+00
0.000000e+00
0.000000e+00
0.000000e+00
0.000000e+00
0.000000e+00
0.000000e+00
0.000000e+00
0.000000e+00
0.000000e+00
0.000000e+00
0.000000e+00
0.000000e+00
0.000000e+00
0.000000e+00
0.000000e+00
0.000000e+00
0.000000e+00
0.000000e+00
0.000000e+00
0.000000e+00
0.000000e+00
0.000000e+00
0.000000e+00
0.000000e+00
0.000000e+00
0.000000e+00
0.000000e+00
0.000000e+00
0.000000e+00
0.000000e+00
0.000000e+00
0.000000e+00
0.000000e+00
0.000000e+00
0.000000e+00
0.000000e+00
0.000000e+00
0.000000e+00
0.000000e+00
0.000000e+00
0.000000e+00
0.000000e+00
0.000000e+00
0.000000e+00
0.000000e+00
0.000000e+00
0.000000e+00
0.000000e+00
0.000000e+00
0.000000e+00
0.000000e+00
0.000000e+00
0.000000e+00
0.000000e+00
0.000000e+00
0.000000e+00
0.000000e+00
0.000000e+00
0.000000e+00
0.000000e+00
0.000000e+00
0.000000e+00
0.000000e+00
0.000000e+00
0.000000e+00
0.000000e+00
0.000000e+00
0.000000e+00
0.000000e+00
0.000000e+00
0.000000e+00
0.000000e+00
0.000000e+00
0.000000e+00
0.000000e+00
0.000000e+00
0.000000e+00
0.000000e+00
0.000000e+00
0.000000e+00
0.000000e+00
0.000000e+00
0.000000e+00
0.000000e+00
0.000000e+00
0.000000e+00
0.000000e+00
0.000000e+00
0.000000e+00
0.000000e+00
0.000000e+00
0.000000e+00
0.000000e+00
0.000000e+00
0.000000e+00
0.000000e+00
0.000000e+00
0.000000e+00
0.000000e+00
0.000000e+00
0.000000e+00
0.000000e+00
0.000000e+00
0.000000e+00
0.000000e+00
0.000000e+00
0.000000e+00
0.000000e+00
0.000000e+00
0.000000e+00
0.000000e+00
0.000000e+00
0.000000e+00
0.000000e+00
0.000000e+00
0.000000e+00
0.000000e+00
0.000000e+00
0.000000e+00
0.000000e+00
0.000000e+00
0.000000e+00
0.000000e+00
0.000000e+00
0.000000e+00
0.000000e+00
0.000000e+00
0.000000e+00
0.000000e+00
0.000000e+00
0.000000e+00
0.000000e+00
0.000000e+00
0.000000e+00
0.000000e+00
0.000000e+00
0.000000e+00
0.000000e+00
0.000000e+00
0.000000e+00
0.000000e+00
0.000000e+00
0.000000e+00
0.000000e+00
0.000000e+00
0.000000e+00
0.000000e+00
0.000000e+00
0.000000e+00
0.000000e+00
0.000000e+00
0.000000e+00
0.000000e+00
0.000000e+00
0.000000e+00
0.000000e+00
0.000000e+00
0.000000e+00
0.000000e+00
0.000000e+00
0.000000e+00
0.000000e+00
0.000000e+00
0.000000e+00
0.000000e+00
0.000000e+00
0.000000e+00
0.000000e+00
0.000000e+00
0.000000e+00
0.000000e+00
0.000000e+00
0.000000e+00
0.000000e+00
0.000000e+00
0.000000e+00
0.000000e+00
0.000000e+00
0.000000e+00
0.000000e+00
0.000000e+00
0.000000e+00
0.000000e+00
0.000000e+00
0.000000e+00
0.000000e+00
0.000000e+00
0.000000e+00
0.000000e+00
0.000000e+00
0.000000e+00
0.000000e+00
0.000000e+00
0.000000e+00
0.000000e+00
0.000000e+00
0.000000e+00
0.000000e+00
0.000000e+00
0.000000e+00
0.000000e+00
0.000000e+00
0.000000e+00
0.000000e+00
0.000000e+00
0.000000e+00
0.000000e+00
0.000000e+00
0.000000e+00
0.000000e+00
0.000000e+00
0.000000e+00
0.000000e+00
0.000000e+00
0.000000e+00
0.000000e+00
0.000000e+00
0.000000e+00
0.000000e+00
0.000000e+00
0.000000e+00
0.000000e+00
0.000000e+00
0.000000e+00
0.000000e+00
0.000000e+00
0.000000e+00
0.000000e+00
0.000000e+00
0.000000e+00
0.000000e+00
0.000000e+00
0.000000e+00
0.000000e+00
0.000000e+00
0.000000e+00
0.000000e+00
0.000000e+00
0.000000e+00
0.000000e+00
0.000000e+00
0.000000e+00
0.000000e+00
0.000000e+00
0.000000e+00
0.000000e+00
0.000000e+00
0.000000e+00
0.000000e+00
0.000000e+00
0.000000e+00
0.000000e+00
0.000000e+00
0.000000e+00
0.000000e+00
0.000000e+00
0.000000e+00
0.000000e+00
0.000000e+00
0.000000e+00
0.000000e+00
0.000000e+00
0.000000e+00
0.000000e+00
0.000000e+00
0.000000e+00
0.000000e+00
0.000000e+00
0.000000e+00
0.000000e+00
0.000000e+00
0.000000e+00
0.000000e+00
0.000000e+00
0.000000e+00
0.000000e+00
0.000000e+00
0.000000e+00
0.000000e+00
0.000000e+00
0.000000e+00
0.000000e+00
0.000000e+00
0.000000e+00
0.000000e+00
0.000000e+00
0.000000e+00
0.000000e+00
0.000000e+00
0.000000e+00
0.000000e+00
0.000000e+00
0.000000e+00
0.000000e+00
0.000000e+00
0.000000e+00
0.000000e+00
0.000000e+00
0.000000e+00
0.000000e+00
0.000000e+00
0.000000e+00
0.000000e+00
0.000000e+00
0.000000e+00
0.000000e+00
0.000000e+00
0.000000e+00
0.000000e+00
0.000000e+00
0.000000e+00
0.000000e+00
0.000000e+00
0.000000e+00
0.000000e+00
0.000000e+00
0.000000e+00
0.000000e+00
0.000000e+00
0.000000e+00
0.000000e+00
0.000000e+00
0.000000e+00
0.000000e+00
0.000000e+00
0.000000e+00
0.000000e+00
0.000000e+00
0.000000e+00
0.000000e+00
0.000000e+00
0.000000e+00
0.000000e+00
0.000000e+00
0.000000e+00
0.000000e+00
0.000000e+00
0.000000e+00
0.000000e+00
0.000000e+00
0.000000e+00
0.000000e+00
0.000000e+00
0.000000e+00
0.000000e+00
0.000000e+00
0.000000e+00
0.000000e+00
0.000000e+00
0.000000e+00
0.000000e+00
0.000000e+00
0.000000e+00
0.000000e+00
0.000000e+00
0.000000e+00
0.000000e+00
0.000000e+00
0.000000e+00
0.000000e+00
0.000000e+00
0.000000e+00
0.000000e+00
0.000000e+00
0.000000e+00
0.000000e+00
0.000000e+00
0.000000e+00
0.000000e+00
0.000000e+00
0.000000e+00
0.000000e+00
0.000000e+00
0.000000e+00
0.000000e+00
0.000000e+00
0.000000e+00
0.000000e+00
0.000000e+00
0.000000e+00
0.000000e+00
0.000000e+00
0.000000e+00
0.000000e+00
0.000000e+00
0.000000e+00
0.000000e+00
0.000000e+00
0.000000e+00
0.000000e+00
0.000000e+00
0.000000e+00
0.000000e+00
0.000000e+00
0.000000e+00
0.000000e+00
0.000000e+00
0.000000e+00
0.000000e+00
0.000000e+00
0.000000e+00
0.000000e+00
0.000000e+00
0.000000e+00
0.000000e+00
0.000000e+00
0.000000e+00
0.000000e+00
0.000000e+00
0.000000e+00
0.000000e+00
0.000000e+00
0.000000e+00
0.000000e+00
0.000000e+00
0.000000e+00
0.000000e+00
0.000000e+00
0.000000e+00
0.000000e+00
0.000000e+00
0.000000e+00
0.000000e+00
0.000000e+00
0.000000e+00
0.000000e+00
0.000000e+00
0.000000e+00
0.000000e+00
0.000000e+00
0.000000e+00
0.000000e+00
0.000000e+00
0.000000e+00
0.000000e+00
0.000000e+00
0.000000e+00
0.000000e+00
0.000000e+00
0.000000e+00
0.000000e+00
0.000000e+00
0.000000e+00
0.000000e+00
0.000000e+00
0.000000e+00
0.000000e+00
0.000000e+00
0.000000e+00
0.000000e+00
0.000000e+00
0.000000e+00
0.000000e+00
0.000000e+00
0.000000e+00
0.000000e+00
0.000000e+00
0.000000e+00
0.000000e+00
0.000000e+00
0.000000e+00
0.000000e+00
0.000000e+00
0.000000e+00
0.000000e+00
0.000000e+00
0.000000e+00
0.000000e+00
0.000000e+00
0.000000e+00
0.000000e+00
0.000000e+00
0.000000e+00
0.000000e+00
0.000000e+00
0.000000e+00
0.000000e+00
0.000000e+00
0.000000e+00
0.000000e+00
0.000000e+00
0.000000e+00
0.000000e+00
0.000000e+00
0.000000e+00
0.000000e+00
0.000000e+00
0.000000e+00
0.000000e+00
0.000000e+00
0.000000e+00
0.000000e+00
0.000000e+00
0.000000e+00
0.000000e+00
0.000000e+00
0.000000e+00
0.000000e+00
0.000000e+00
0.000000e+00
0.000000e+00
0.000000e+00
0.000000e+00
0.000000e+00
0.000000e+00
0.000000e+00
0.000000e+00
0.000000e+00
0.000000e+00
0.000000e+00
0.000000e+00
0.000000e+00
0.000000e+00
0.000000e+00
0.000000e+00
0.000000e+00
0.000000e+00
0.000000e+00
0.000000e+00
0.000000e+00
0.000000e+00
0.000000e+00
0.000000e+00
0.000000e+00
0.000000e+00
0.000000e+00
0.000000e+00
0.000000e+00
0.000000e+00
0.000000e+00
0.000000e+00
0.000000e+00
0.000000e+00
0.000000e+00
0.000000e+00
0.000000e+00
0.000000e+00
0.000000e+00
0.000000e+00
0.000000e+00
0.000000e+00
0.000000e+00
0.000000e+00
0.000000e+00
0.000000e+00
0.000000e+00
0.000000e+00
0.000000e+00
0.000000e+00
0.000000e+00
0.000000e+00
0.000000e+00
0.000000e+00
0.000000e+00
0.000000e+00
0.000000e+00
0.000000e+00
0.000000e+00
0.000000e+00
0.000000e+00
0.000000e+00
0.000000e+00
0.000000e+00
0.000000e+00
0.000000e+00
0.000000e+00
0.000000e+00
0.000000e+00
0.000000e+00
0.000000e+00
0.000000e+00
0.000000e+00
0.000000e+00
0.000000e+00
0.000000e+00
0.000000e+00
0.000000e+00
0.000000e+00
0.000000e+00
0.000000e+00
0.000000e+00
0.000000e+00
0.000000e+00
0.000000e+00
0.000000e+00
0.000000e+00
0.000000e+00
0.000000e+00
0.000000e+00
0.000000e+00
0.000000e+00
0.000000e+00
0.000000e+00
0.000000e+00
0.000000e+00
0.000000e+00
0.000000e+00
0.000000e+00
0.000000e+00
0.000000e+00
0.000000e+00
0.000000e+00
0.000000e+00
0.000000e+00
0.000000e+00
0.000000e+00
0.000000e+00
0.000000e+00
0.000000e+00
0.000000e+00
0.000000e+00
0.000000e+00
0.000000e+00
0.000000e+00
0.000000e+00
0.000000e+00
0.000000e+00
0.000000e+00
0.000000e+00
0.000000e+00
0.000000e+00
0.000000e+00
0.000000e+00
0.000000e+00
0.000000e+00
0.000000e+00
0.000000e+00
0.000000e+00
0.000000e+00
0.000000e+00
0.000000e+00
0.000000e+00
0.000000e+00
0.000000e+00
0.000000e+00
0.000000e+00
0.000000e+00
0.000000e+00
0.000000e+00
0.000000e+00
0.000000e+00
0.000000e+00
0.000000e+00
0.000000e+00
0.000000e+00
0.000000e+00
0.000000e+00
0.000000e+00
0.000000e+00
0.000000e+00
0.000000e+00
0.000000e+00
0.000000e+00
0.000000e+00
0.000000e+00
0.000000e+00
0.000000e+00
0.000000e+00
0.000000e+00
0.000000e+00
0.000000e+00
0.000000e+00
0.000000e+00
0.000000e+00
0.000000e+00
0.000000e+00
0.000000e+00
0.000000e+00
0.000000e+00
0.000000e+00
0.000000e+00
0.000000e+00
0.000000e+00
0.000000e+00
0.000000e+00
0.000000e+00
0.000000e+00
0.000000e+00
0.000000e+00
0.000000e+00
0.000000e+00
0.000000e+00
0.000000e+00
0.000000e+00
0.000000e+00
0.000000e+00
0.000000e+00
0.000000e+00
0.000000e+00
0.000000e+00
0.000000e+00
0.000000e+00
0.000000e+00
0.000000e+00
0.000000e+00
0.000000e+00
0.000000e+00
0.000000e+00
0.000000e+00
0.000000e+00
0.000000e+00
0.000000e+00
0.000000e+00
0.000000e+00
0.000000e+00
0.000000e+00
0.000000e+00
0.000000e+00
0.000000e+00
0.000000e+00
0.000000e+00
0.000000e+00
0.000000e+00
0.000000e+00
0.000000e+00
0.000000e+00
0.000000e+00
0.000000e+00
0.000000e+00
0.000000e+00
0.000000e+00
0.000000e+00
0.000000e+00
0.000000e+00
0.000000e+00
0.000000e+00
0.000000e+00
0.000000e+00
0.000000e+00
0.000000e+00
0.000000e+00
0.000000e+00
0.000000e+00
0.000000e+00
0.000000e+00
0.000000e+00
0.000000e+00
0.000000e+00
0.000000e+00
0.000000e+00
0.000000e+00
0.000000e+00
0.000000e+00
0.000000e+00
0.000000e+00
0.000000e+00
0.000000e+00
0.000000e+00
0.000000e+00
0.000000e+00
0.000000e+00
0.000000e+00
0.000000e+00
0.000000e+00
0.000000e+00
0.000000e+00
0.000000e+00
0.000000e+00
0.000000e+00
0.000000e+00
0.000000e+00
0.000000e+00
0.000000e+00
0.000000e+00
0.000000e+00
0.000000e+00
0.000000e+00
0.000000e+00
0.000000e+00
0.000000e+00
0.000000e+00
0.000000e+00
0.000000e+00
0.000000e+00
0.000000e+00
0.000000e+00
0.000000e+00
0.000000e+00
0.000000e+00
0.000000e+00
0.000000e+00
0.000000e+00
0.000000e+00
0.000000e+00
0.000000e+00
0.000000e+00
0.000000e+00
0.000000e+00
0.000000e+00
0.000000e+00
0.000000e+00
0.000000e+00
0.000000e+00
0.000000e+00
0.000000e+00
0.000000e+00
0.000000e+00
0.000000e+00
0.000000e+00
0.000000e+00
0.000000e+00
0.000000e+00
0.000000e+00
0.000000e+00
0.000000e+00
0.000000e+00
0.000000e+00
0.000000e+00
0.000000e+00
0.000000e+00
0.000000e+00
0.000000e+00
0.000000e+00
0.000000e+00
0.000000e+00
0.000000e+00
0.000000e+00
0.000000e+00
0.000000e+00
0.000000e+00
0.000000e+00
0.000000e+00
0.000000e+00
0.000000e+00
0.000000e+00
0.000000e+00
0.000000e+00
0.000000e+00
0.000000e+00
0.000000e+00
0.000000e+00
0.000000e+00
0.000000e+00
0.000000e+00
0.000000e+00
0.000000e+00
0.000000e+00
0.000000e+00
0.000000e+00
0.000000e+00
0.000000e+00
0.000000e+00
0.000000e+00
0.000000e+00
0.000000e+00
0.000000e+00
0.000000e+00
0.000000e+00
0.000000e+00
0.000000e+00
0.000000e+00
0.000000e+00
0.000000e+00
0.000000e+00
0.000000e+00
0.000000e+00
0.000000e+00
0.000000e+00
0.000000e+00
0.000000e+00
0.000000e+00
0.000000e+00
0.000000e+00
0.000000e+00
0.000000e+00
0.000000e+00
0.000000e+00
0.000000e+00
0.000000e+00
0.000000e+00
0.000000e+00
0.000000e+00
0.000000e+00
0.000000e+00
0.000000e+00
0.000000e+00
0.000000e+00
0.000000e+00
0.000000e+00
0.000000e+00
0.000000e+00
0.000000e+00
0.000000e+00
0.000000e+00
0.000000e+00
0.000000e+00
0.000000e+00
0.000000e+00
0.000000e+00
0.000000e+00
0.000000e+00
0.000000e+00
0.000000e+00
0.000000e+00
0.000000e+00
0.000000e+00
0.000000e+00
0.000000e+00
0.000000e+00
0.000000e+00
0.000000e+00
0.000000e+00
0.000000e+00
0.000000e+00
0.000000e+00
0.000000e+00
0.000000e+00
0.000000e+00
0.000000e+00
0.000000e+00
0.000000e+00
0.000000e+00
0.000000e+00
0.000000e+00
0.000000e+00
0.000000e+00
0.000000e+00
0.000000e+00
0.000000e+00
0.000000e+00
0.000000e+00
0.000000e+00
0.000000e+00
0.000000e+00
0.000000e+00
0.000000e+00
0.000000e+00
0.000000e+00
0.000000e+00
0.000000e+00
0.000000e+00
0.000000e+00
0.000000e+00
0.000000e+00
0.000000e+00
0.000000e+00
0.000000e+00
0.000000e+00
0.000000e+00
0.000000e+00
0.000000e+00
0.000000e+00
0.000000e+00
0.000000e+00
0.000000e+00
0.000000e+00
0.000000e+00
0.000000e+00
0.000000e+00
0.000000e+00
0.000000e+00
0.000000e+00
0.000000e+00
0.000000e+00
0.000000e+00
0.000000e+00
0.000000e+00
0.000000e+00
0.000000e+00
0.000000e+00
0.000000e+00
0.000000e+00
0.000000e+00
0.000000e+00
0.000000e+00
0.000000e+00
0.000000e+00
0.000000e+00
0.000000e+00
0.000000e+00
0.000000e+00
0.000000e+00
0.000000e+00
0.000000e+00
0.000000e+00
0.000000e+00
0.000000e+00
0.000000e+00
0.000000e+00
0.000000e+00
0.000000e+00
0.000000e+00
0.000000e+00
0.000000e+00
0.000000e+00
0.000000e+00
0.000000e+00
0.000000e+00
0.000000e+00
0.000000e+00
0.000000e+00
0.000000e+00
0.000000e+00
0.000000e+00
0.000000e+00
0.000000e+00
0.000000e+00
0.000000e+00
0.000000e+00
0.000000e+00
0.000000e+00
0.000000e+00
0.000000e+00
0.000000e+00
0.000000e+00
0.000000e+00
0.000000e+00
0.000000e+00
0.000000e+00
0.000000e+00
0.000000e+00
0.000000e+00
0.000000e+00
0.000000e+00
0.000000e+00
0.000000e+00
0.000000e+00
0.000000e+00
0.000000e+00
0.000000e+00
0.000000e+00
0.000000e+00
0.000000e+00
0.000000e+00
0.000000e+00
0.000000e+00
0.000000e+00
0.000000e+00
0.000000e+00
0.000000e+00
0.000000e+00
0.000000e+00
0.000000e+00
0.000000e+00
0.000000e+00
0.000000e+00
0.000000e+00
0.000000e+00
0.000000e+00
0.000000e+00
0.000000e+00
0.000000e+00
0.000000e+00
0.000000e+00
0.000000e+00
0.000000e+00
0.000000e+00
0.000000e+00
0.000000e+00
0.000000e+00
0.000000e+00
0.000000e+00
0.000000e+00
0.000000e+00
0.000000e+00
0.000000e+00
0.000000e+00
0.000000e+00
0.000000e+00
0.000000e+00
0.000000e+00
0.000000e+00
0.000000e+00
0.000000e+00
0.000000e+00
0.000000e+00
0.000000e+00
0.000000e+00
0.000000e+00
0.000000e+00
0.000000e+00
0.000000e+00
0.000000e+00
0.000000e+00
0.000000e+00
0.000000e+00
0.000000e+00
0.000000e+00
0.000000e+00
0.000000e+00
0.000000e+00
0.000000e+00
0.000000e+00
0.000000e+00
0.000000e+00
0.000000e+00
0.000000e+00
0.000000e+00
0.000000e+00
0.000000e+00
0.000000e+00
0.000000e+00
0.000000e+00
0.000000e+00
0.000000e+00
0.000000e+00
0.000000e+00
0.000000e+00
0.000000e+00
0.000000e+00
0.000000e+00
0.000000e+00
0.000000e+00
0.000000e+00
0.000000e+00
0.000000e+00
0.000000e+00
0.000000e+00
0.000000e+00
0.000000e+00
0.000000e+00
0.000000e+00
0.000000e+00
0.000000e+00
0.000000e+00
0.000000e+00
0.000000e+00
0.000000e+00
0.000000e+00
0.000000e+00
0.000000e+00
0.000000e+00
0.000000e+00
0.000000e+00
0.000000e+00
0.000000e+00
0.000000e+00
0.000000e+00
0.000000e+00
0.000000e+00
0.000000e+00
0.000000e+00
0.000000e+00
0.000000e+00
0.000000e+00
0.000000e+00
0.000000e+00
0.000000e+00
0.000000e+00
0.000000e+00
0.000000e+00
0.000000e+00
0.000000e+00
0.000000e+00
0.000000e+00
0.000000e+00
0.000000e+00
0.000000e+00
0.000000e+00
0.000000e+00
0.000000e+00
0.000000e+00
0.000000e+00
0.000000e+00
0.000000e+00
0.000000e+00
0.000000e+00
0.000000e+00
0.000000e+00
0.000000e+00
0.000000e+00
0.000000e+00
0.000000e+00
0.000000e+00
0.000000e+00
0.000000e+00
0.000000e+00
0.000000e+00
0.000000e+00
0.000000e+00
0.000000e+00
0.000000e+00
0.000000e+00
0.000000e+00
0.000000e+00
0.000000e+00
0.000000e+00
0.000000e+00
0.000000e+00
0.000000e+00
0.000000e+00
0.000000e+00
0.000000e+00
0.000000e+00
0.000000e+00
0.000000e+00
0.000000e+00
0.000000e+00
0.000000e+00
0.000000e+00
0.000000e+00
0.000000e+00
0.000000e+00
0.000000e+00
0.000000e+00
0.000000e+00
0.000000e+00
0.000000e+00
0.000000e+00
0.000000e+00
0.000000e+00
0.000000e+00
0.000000e+00
0.000000e+00
0.000000e+00
0.000000e+00
0.000000e+00
0.000000e+00
0.000000e+00
0.000000e+00
0.000000e+00
0.000000e+00
0.000000e+00
0.000000e+00
0.000000e+00
0.000000e+00
0.000000e+00
0.000000e+00
0.000000e+00
0.000000e+00
0.000000e+00
0.000000e+00
0.000000e+00
0.000000e+00
0.000000e+00
0.000000e+00
0.000000e+00
0.000000e+00
0.000000e+00
0.000000e+00
0.000000e+00
0.000000e+00
0.000000e+00
0.000000e+00
0.000000e+00
0.000000e+00
0.000000e+00
0.000000e+00
0.000000e+00
0.000000e+00
0.000000e+00
0.000000e+00
0.000000e+00
0.000000e+00
0.000000e+00
0.000000e+00
0.000000e+00
0.000000e+00
0.000000e+00
0.000000e+00
0.000000e+00
0.000000e+00
0.000000e+00
0.000000e+00
0.000000e+00
0.000000e+00
0.000000e+00
0.000000e+00
0.000000e+00
0.000000e+00
0.000000e+00
0.000000e+00
0.000000e+00
0.000000e+00
0.000000e+00
0.000000e+00
0.000000e+00
0.000000e+00
0.000000e+00
0.000000e+00
0.000000e+00
0.000000e+00
0.000000e+00
0.000000e+00
0.000000e+00
0.000000e+00
0.000000e+00
0.000000e+00
0.000000e+00
0.000000e+00
0.000000e+00
0.000000e+00
0.000000e+00
0.000000e+00
0.000000e+00
0.000000e+00
0.000000e+00
0.000000e+00
0.000000e+00
0.000000e+00
0.000000e+00
0.000000e+00
0.000000e+00
0.000000e+00
0.000000e+00
0.000000e+00
0.000000e+00
0.000000e+00
0.000000e+00
0.000000e+00
0.000000e+00
0.000000e+00
0.000000e+00
0.000000e+00
0.000000e+00
0.000000e+00
0.000000e+00
0.000000e+00
0.000000e+00
0.000000e+00
0.000000e+00
0.000000e+00
0.000000e+00
0.000000e+00
0.000000e+00
0.000000e+00
0.000000e+00
0.000000e+00
0.000000e+00
0.000000e+00
0.000000e+00
0.000000e+00
0.000000e+00
0.000000e+00
0.000000e+00
0.000000e+00
0.000000e+00
0.000000e+00
0.000000e+00
0.000000e+00
0.000000e+00
0.000000e+00
0.000000e+00
0.000000e+00
0.000000e+00
0.000000e+00
0.000000e+00
0.000000e+00
0.000000e+00
0.000000e+00
0.000000e+00
0.000000e+00
0.000000e+00
0.000000e+00
0.000000e+00
0.000000e+00
0.000000e+00
0.000000e+00
0.000000e+00
0.000000e+00
0.000000e+00
0.000000e+00
0.000000e+00
0.000000e+00
0.000000e+00
0.000000e+00
0.000000e+00
0.000000e+00
0.000000e+00
0.000000e+00
0.000000e+00
0.000000e+00
0.000000e+00
0.000000e+00
0.000000e+00
0.000000e+00
0.000000e+00
0.000000e+00
0.000000e+00
0.000000e+00
0.000000e+00
0.000000e+00
0.000000e+00
0.000000e+00
0.000000e+00
0.000000e+00
0.000000e+00
0.000000e+00
0.000000e+00
0.000000e+00
0.000000e+00
0.000000e+00
0.000000e+00
0.000000e+00
0.000000e+00
0.000000e+00
0.000000e+00
0.000000e+00
0.000000e+00
0.000000e+00
0.000000e+00
0.000000e+00
0.000000e+00
0.000000e+00
0.000000e+00
0.000000e+00
0.000000e+00
0.000000e+00
0.000000e+00
0.000000e+00
0.000000e+00
0.000000e+00
0.000000e+00
0.000000e+00
0.000000e+00
0.000000e+00
0.000000e+00
0.000000e+00
0.000000e+00
0.000000e+00
0.000000e+00
0.000000e+00
0.000000e+00
0.000000e+00
0.000000e+00
0.000000e+00
0.000000e+00
0.000000e+00
0.000000e+00
0.000000e+00
0.000000e+00
0.000000e+00
0.000000e+00
0.000000e+00
0.000000e+00
0.000000e+00
0.000000e+00
0.000000e+00
0.000000e+00
0.000000e+00
0.000000e+00
0.000000e+00
0.000000e+00
0.000000e+00
0.000000e+00
0.000000e+00
0.000000e+00
0.000000e+00
0.000000e+00
0.000000e+00
0.000000e+00
0.000000e+00
0.000000e+00
0.000000e+00
0.000000e+00
0.000000e+00
0.000000e+00
0.000000e+00
0.000000e+00
0.000000e+00
0.000000e+00
0.000000e+00
0.000000e+00
0.000000e+00
0.000000e+00
0.000000e+00
0.000000e+00
0.000000e+00
0.000000e+00
0.000000e+00
0.000000e+00
0.000000e+00
0.000000e+00
0.000000e+00
0.000000e+00
0.000000e+00
0.000000e+00
0.000000e+00
0.000000e+00
0.000000e+00
0.000000e+00
0.000000e+00
0.000000e+00
0.000000e+00
0.000000e+00
0.000000e+00
0.000000e+00
0.000000e+00
0.000000e+00
0.000000e+00
0.000000e+00
0.000000e+00
0.000000e+00
0.000000e+00
0.000000e+00
0.000000e+00
0.000000e+00
0.000000e+00
0.000000e+00
0.000000e+00
0.000000e+00
0.000000e+00
0.000000e+00
0.000000e+00
0.000000e+00
0.000000e+00
0.000000e+00
0.000000e+00
0.000000e+00
0.000000e+00
0.000000e+00
0.000000e+00
0.000000e+00
0.000000e+00
0.000000e+00
0.000000e+00
0.000000e+00
0.000000e+00
0.000000e+00
0.000000e+00
0.000000e+00
0.000000e+00
0.000000e+00
0.000000e+00
0.000000e+00
0.000000e+00
0.000000e+00
0.000000e+00
0.000000e+00
0.000000e+00
0.000000e+00
0.000000e+00
0.000000e+00
0.000000e+00
0.000000e+00
0.000000e+00
0.000000e+00
0.000000e+00
0.000000e+00
0.000000e+00
0.000000e+00
0.000000e+00
0.000000e+00
0.000000e+00
0.000000e+00
0.000000e+00
0.000000e+00
0.000000e+00
0.000000e+00
0.000000e+00
0.000000e+00
0.000000e+00
0.000000e+00
0.000000e+00
0.000000e+00
0.000000e+00
0.000000e+00
0.000000e+00
0.000000e+00
0.000000e+00
0.000000e+00
0.000000e+00
0.000000e+00
0.000000e+00
0.000000e+00
0.000000e+00
0.000000e+00
0.000000e+00
0.000000e+00
0.000000e+00
0.000000e+00
0.000000e+00
0.000000e+00
0.000000e+00
0.000000e+00
0.000000e+00
0.000000e+00
0.000000e+00
0.000000e+00
0.000000e+00
0.000000e+00
0.000000e+00
0.000000e+00
0.000000e+00
0.000000e+00
0.000000e+00
0.000000e+00
0.000000e+00
0.000000e+00
0.000000e+00
0.000000e+00
0.000000e+00
0.000000e+00
0.000000e+00
0.000000e+00
0.000000e+00
0.000000e+00
0.000000e+00
0.000000e+00
0.000000e+00
0.000000e+00
0.000000e+00
0.000000e+00
0.000000e+00
0.000000e+00
0.000000e+00
0.000000e+00
0.000000e+00
0.000000e+00
0.000000e+00
0.000000e+00
0.000000e+00
0.000000e+00
0.000000e+00
0.000000e+00
0.000000e+00
0.000000e+00
0.000000e+00
0.000000e+00
0.000000e+00
0.000000e+00
0.000000e+00
0.000000e+00
0.000000e+00
0.000000e+00
0.000000e+00
0.000000e+00
0.000000e+00
0.000000e+00
0.000000e+00
0.000000e+00
0.000000e+00
0.000000e+00
0.000000e+00
0.000000e+00
0.000000e+00
0.000000e+00
0.000000e+00
0.000000e+00
0.000000e+00
0.000000e+00
0.000000e+00
0.000000e+00
0.000000e+00
0.000000e+00
0.000000e+00
0.000000e+00
0.000000e+00
0.000000e+00
0.000000e+00
0.000000e+00
0.000000e+00
0.000000e+00
0.000000e+00
0.000000e+00
0.000000e+00
0.000000e+00
0.000000e+00
0.000000e+00
0.000000e+00
0.000000e+00
0.000000e+00
0.000000e+00
0.000000e+00
0.000000e+00
0.000000e+00
0.000000e+00
0.000000e+00
0.000000e+00
0.000000e+00
0.000000e+00
0.000000e+00
0.000000e+00
0.000000e+00
0.000000e+00
0.000000e+00
0.000000e+00
0.000000e+00
0.000000e+00
0.000000e+00
0.000000e+00
0.000000e+00
0.000000e+00
0.000000e+00
0.000000e+00
0.000000e+00
0.000000e+00
0.000000e+00
0.000000e+00
0.000000e+00
0.000000e+00
0.000000e+00
0.000000e+00
0.000000e+00
0.000000e+00
0.000000e+00
0.000000e+00
0.000000e+00
0.000000e+00
0.000000e+00
0.000000e+00
0.000000e+00
0.000000e+00
0.000000e+00
0.000000e+00
0.000000e+00
0.000000e+00
0.000000e+00
0.000000e+00
0.000000e+00
0.000000e+00
0.000000e+00
0.000000e+00
0.000000e+00
0.000000e+00
0.000000e+00
0.000000e+00
0.000000e+00
0.000000e+00
0.000000e+00
0.000000e+00
0.000000e+00
0.000000e+00
0.000000e+00
0.000000e+00
0.000000e+00
0.000000e+00
0.000000e+00
0.000000e+00
0.000000e+00
0.000000e+00
0.000000e+00
0.000000e+00
0.000000e+00
0.000000e+00
0.000000e+00
0.000000e+00
0.000000e+00
0.000000e+00
0.000000e+00
0.000000e+00
0.000000e+00
0.000000e+00
0.000000e+00
0.000000e+00
0.000000e+00
0.000000e+00
0.000000e+00
0.000000e+00
0.000000e+00
0.000000e+00
0.000000e+00
0.000000e+00
0.000000e+00
0.000000e+00
0.000000e+00
0.000000e+00
0.000000e+00
0.000000e+00
0.000000e+00
0.000000e+00
0.000000e+00
0.000000e+00
0.000000e+00
0.000000e+00
0.000000e+00
0.000000e+00
0.000000e+00
0.000000e+00
0.000000e+00
0.000000e+00
0.000000e+00
0.000000e+00
0.000000e+00
0.000000e+00
0.000000e+00
0.000000e+00
0.000000e+00
0.000000e+00
0.000000e+00
0.000000e+00
0.000000e+00
0.000000e+00
0.000000e+00
0.000000e+00
0.000000e+00
0.000000e+00
0.000000e+00
0.000000e+00
0.000000e+00
0.000000e+00
0.000000e+00
0.000000e+00
0.000000e+00
0.000000e+00
0.000000e+00
0.000000e+00
0.000000e+00
0.000000e+00
0.000000e+00
0.000000e+00
0.000000e+00
0.000000e+00
0.000000e+00
0.000000e+00
0.000000e+00
0.000000e+00
0.000000e+00
0.000000e+00
0.000000e+00
0.000000e+00
0.000000e+00
0.000000e+00
0.000000e+00
0.000000e+00
0.000000e+00
0.000000e+00
0.000000e+00
0.000000e+00
0.000000e+00
0.000000e+00
0.000000e+00
0.000000e+00
0.000000e+00
0.000000e+00
0.000000e+00
0.000000e+00
0.000000e+00
0.000000e+00
0.000000e+00
0.000000e+00
0.000000e+00
0.000000e+00
0.000000e+00
0.000000e+00
0.000000e+00
0.000000e+00
0.000000e+00
0.000000e+00
0.000000e+00
0.000000e+00
0.000000e+00
0.000000e+00
0.000000e+00
0.000000e+00
0.000000e+00
0.000000e+00
0.000000e+00
0.000000e+00
0.000000e+00
0.000000e+00
0.000000e+00
0.000000e+00
0.000000e+00
0.000000e+00
0.000000e+00
0.000000e+00
0.000000e+00
0.000000e+00
0.000000e+00
0.000000e+00
0.000000e+00
0.000000e+00
0.000000e+00
0.000000e+00
0.000000e+00
0.000000e+00
0.000000e+00
0.000000e+00
0.000000e+00
0.000000e+00
0.000000e+00
0.000000e+00
0.000000e+00
0.000000e+00
0.000000e+00
0.000000e+00
0.000000e+00
0.000000e+00
0.000000e+00
0.000000e+00
0.000000e+00
0.000000e+00
0.000000e+00
0.000000e+00
0.000000e+00
0.000000e+00
0.000000e+00
0.000000e+00
0.000000e+00
0.000000e+00
0.000000e+00
0.000000e+00
0.000000e+00
0.000000e+00
0.000000e+00
0.000000e+00
0.000000e+00
0.000000e+00
0.000000e+00
0.000000e+00
0.000000e+00
0.000000e+00
0.000000e+00
0.000000e+00
0.000000e+00
0.000000e+00
0.000000e+00
0.000000e+00
0.000000e+00
0.000000e+00
0.000000e+00
0.000000e+00
0.000000e+00
0.000000e+00
0.000000e+00
0.000000e+00
0.000000e+00
0.000000e+00
0.000000e+00
0.000000e+00
0.000000e+00
0.000000e+00
0.000000e+00
0.000000e+00
0.000000e+00
0.000000e+00
0.000000e+00
0.000000e+00
0.000000e+00
0.000000e+00
0.000000e+00
0.000000e+00
0.000000e+00
0.000000e+00
0.000000e+00
0.000000e+00
0.000000e+00
0.000000e+00
0.000000e+00
0.000000e+00
0.000000e+00
0.000000e+00
0.000000e+00
0.000000e+00
0.000000e+00
0.000000e+00
0.000000e+00
0.000000e+00
0.000000e+00
0.000000e+00
0.000000e+00
0.000000e+00
0.000000e+00
0.000000e+00
0.000000e+00
0.000000e+00
0.000000e+00
0.000000e+00
0.000000e+00
0.000000e+00
0.000000e+00
0.000000e+00
0.000000e+00
0.000000e+00
0.000000e+00
0.000000e+00
0.000000e+00
0.000000e+00
0.000000e+00
0.000000e+00
0.000000e+00
0.000000e+00
0.000000e+00
0.000000e+00
0.000000e+00
0.000000e+00
0.000000e+00
0.000000e+00
0.000000e+00
0.000000e+00
0.000000e+00
0.000000e+00
0.000000e+00
0.000000e+00
0.000000e+00
0.000000e+00
0.000000e+00
0.000000e+00
0.000000e+00
0.000000e+00
0.000000e+00
0.000000e+00
0.000000e+00
0.000000e+00
0.000000e+00
0.000000e+00
0.000000e+00
0.000000e+00
0.000000e+00
0.000000e+00
0.000000e+00
0.000000e+00
0.000000e+00
0.000000e+00
0.000000e+00
0.000000e+00
0.000000e+00
0.000000e+00
0.000000e+00
0.000000e+00
0.000000e+00
0.000000e+00
0.000000e+00
0.000000e+00
0.000000e+00
0.000000e+00
0.000000e+00
0.000000e+00
0.000000e+00
0.000000e+00
0.000000e+00
0.000000e+00
0.000000e+00
0.000000e+00
0.000000e+00
0.000000e+00
0.000000e+00
0.000000e+00
0.000000e+00
0.000000e+00
0.000000e+00
0.000000e+00
0.000000e+00
0.000000e+00
0.000000e+00
0.000000e+00
0.000000e+00
0.000000e+00
0.000000e+00
0.000000e+00
0.000000e+00
0.000000e+00
0.000000e+00
0.000000e+00
0.000000e+00
0.000000e+00
0.000000e+00
0.000000e+00
0.000000e+00
0.000000e+00
0.000000e+00
0.000000e+00
0.000000e+00
0.000000e+00
0.000000e+00
0.000000e+00
0.000000e+00
0.000000e+00
0.000000e+00
0.000000e+00
0.000000e+00
0.000000e+00
0.000000e+00
0.000000e+00
0.000000e+00
0.000000e+00
0.000000e+00
0.000000e+00
0.000000e+00
0.000000e+00
0.000000e+00
0.000000e+00
0.000000e+00
0.000000e+00
0.000000e+00
0.000000e+00
0.000000e+00
0.000000e+00
0.000000e+00
0.000000e+00
0.000000e+00
0.000000e+00
0.000000e+00
0.000000e+00
0.000000e+00
0.000000e+00
0.000000e+00
0.000000e+00
0.000000e+00
0.000000e+00
0.000000e+00
0.000000e+00
0.000000e+00
0.000000e+00
0.000000e+00
0.000000e+00
0.000000e+00
0.000000e+00
0.000000e+00
0.000000e+00
0.000000e+00
0.000000e+00
0.000000e+00
0.000000e+00
0.000000e+00
0.000000e+00
0.000000e+00
0.000000e+00
0.000000e+00
0.000000e+00
0.000000e+00
0.000000e+00
0.000000e+00
0.000000e+00
0.000000e+00
0.000000e+00
0.000000e+00
0.000000e+00
0.000000e+00
0.000000e+00
0.000000e+00
0.000000e+00
0.000000e+00
0.000000e+00
0.000000e+00
0.000000e+00
0.000000e+00
0.000000e+00
0.000000e+00
0.000000e+00
0.000000e+00
0.000000e+00
0.000000e+00
0.000000e+00
0.000000e+00
0.000000e+00
0.000000e+00
0.000000e+00
0.000000e+00
0.000000e+00
0.000000e+00
0.000000e+00
0.000000e+00
0.000000e+00
0.000000e+00
0.000000e+00
0.000000e+00
0.000000e+00
0.000000e+00
0.000000e+00
0.000000e+00
0.000000e+00
0.000000e+00
0.000000e+00
0.000000e+00
0.000000e+00
0.000000e+00
0.000000e+00
0.000000e+00
0.000000e+00
0.000000e+00
0.000000e+00
0.000000e+00
0.000000e+00
0.000000e+00
0.000000e+00
0.000000e+00
0.000000e+00
0.000000e+00
0.000000e+00
0.000000e+00
0.000000e+00
0.000000e+00
0.000000e+00
0.000000e+00
0.000000e+00
0.000000e+00
0.000000e+00
0.000000e+00
0.000000e+00
0.000000e+00
0.000000e+00
0.000000e+00
0.000000e+00
0.000000e+00
0.000000e+00
0.000000e+00
0.000000e+00
0.000000e+00
0.000000e+00
0.000000e+00
0.000000e+00
0.000000e+00
0.000000e+00
0.000000e+00
0.000000e+00
0.000000e+00
0.000000e+00
0.000000e+00
0.000000e+00
0.000000e+00
0.000000e+00
0.000000e+00
0.000000e+00
0.000000e+00
0.000000e+00
0.000000e+00
0.000000e+00
0.000000e+00
0.000000e+00
0.000000e+00
0.000000e+00
0.000000e+00
0.000000e+00
0.000000e+00
0.000000e+00
0.000000e+00
0.000000e+00
0.000000e+00
0.000000e+00
0.000000e+00
0.000000e+00
0.000000e+00
0.000000e+00
0.000000e+00
0.000000e+00
0.000000e+00
0.000000e+00
0.000000e+00
0.000000e+00
0.000000e+00
0.000000e+00
0.000000e+00
0.000000e+00
0.000000e+00
0.000000e+00
0.000000e+00
0.000000e+00
0.000000e+00
0.000000e+00
0.000000e+00
0.000000e+00
0.000000e+00
0.000000e+00
0.000000e+00
0.000000e+00
0.000000e+00
0.000000e+00
0.000000e+00
0.000000e+00
0.000000e+00
0.000000e+00
0.000000e+00
0.000000e+00
0.000000e+00
0.000000e+00
0.000000e+00
0.000000e+00
0.000000e+00
0.000000e+00
0.000000e+00
0.000000e+00
0.000000e+00
0.000000e+00
0.000000e+00
0.000000e+00
0.000000e+00
0.000000e+00
0.000000e+00
0.000000e+00
0.000000e+00
0.000000e+00
0.000000e+00
0.000000e+00
0.000000e+00
0.000000e+00
0.000000e+00
0.000000e+00
0.000000e+00
0.000000e+00
0.000000e+00
0.000000e+00
0.000000e+00
0.000000e+00
0.000000e+00
0.000000e+00
0.000000e+00
0.000000e+00
0.000000e+00
0.000000e+00
0.000000e+00
0.000000e+00
0.000000e+00
0.000000e+00
0.000000e+00
0.000000e+00
0.000000e+00
0.000000e+00
0.000000e+00
0.000000e+00
0.000000e+00
0.000000e+00
0.000000e+00
0.000000e+00
0.000000e+00
0.000000e+00
0.000000e+00
0.000000e+00
0.000000e+00
0.000000e+00
0.000000e+00
0.000000e+00
0.000000e+00
0.000000e+00
0.000000e+00
0.000000e+00
0.000000e+00
0.000000e+00
0.000000e+00
0.000000e+00
0.000000e+00
0.000000e+00
0.000000e+00
0.000000e+00
0.000000e+00
0.000000e+00
0.000000e+00
0.000000e+00
0.000000e+00
0.000000e+00
0.000000e+00
0.000000e+00
0.000000e+00
0.000000e+00
0.000000e+00
0.000000e+00
0.000000e+00
0.000000e+00
0.000000e+00
0.000000e+00
0.000000e+00
0.000000e+00
0.000000e+00
0.000000e+00
0.000000e+00
0.000000e+00
0.000000e+00
0.000000e+00
0.000000e+00
0.000000e+00
0.000000e+00
0.000000e+00
0.000000e+00
0.000000e+00
0.000000e+00
0.000000e+00
0.000000e+00
0.000000e+00
0.000000e+00
0.000000e+00
0.000000e+00
0.000000e+00
0.000000e+00
0.000000e+00
0.000000e+00
0.000000e+00
0.000000e+00
0.000000e+00
0.000000e+00
0.000000e+00
0.000000e+00
0.000000e+00
0.000000e+00
0.000000e+00
0.000000e+00
0.000000e+00
0.000000e+00
0.000000e+00
0.000000e+00
0.000000e+00
0.000000e+00
0.000000e+00
0.000000e+00
0.000000e+00
0.000000e+00
0.000000e+00
0.000000e+00
0.000000e+00
0.000000e+00
0.000000e+00
0.000000e+00
0.000000e+00
0.000000e+00
0.000000e+00
0.000000e+00
0.000000e+00
0.000000e+00
0.000000e+00
0.000000e+00
0.000000e+00
0.000000e+00
0.000000e+00
0.000000e+00
0.000000e+00
0.000000e+00
0.000000e+00
0.000000e+00
0.000000e+00
0.000000e+00
0.000000e+00
0.000000e+00
0.000000e+00
0.000000e+00
0.000000e+00
0.000000e+00
0.000000e+00
0.000000e+00
0.000000e+00
0.000000e+00
0.000000e+00
0.000000e+00
0.000000e+00
0.000000e+00
0.000000e+00
0.000000e+00
0.000000e+00
0.000000e+00
0.000000e+00
0.000000e+00
0.000000e+00
0.000000e+00
0.000000e+00
0.000000e+00
0.000000e+00
0.000000e+00
0.000000e+00
0.000000e+00
0.000000e+00
0.000000e+00
0.000000e+00
0.000000e+00
0.000000e+00
0.000000e+00
0.000000e+00
0.000000e+00
0.000000e+00
0.000000e+00
0.000000e+00
0.000000e+00
0.000000e+00
0.000000e+00
0.000000e+00
0.000000e+00
0.000000e+00
0.000000e+00
0.000000e+00
0.000000e+00
0.000000e+00
0.000000e+00
0.000000e+00
0.000000e+00
0.000000e+00
0.000000e+00
0.000000e+00
0.000000e+00
0.000000e+00
0.000000e+00
0.000000e+00
0.000000e+00
0.000000e+00
0.000000e+00
0.000000e+00
0.000000e+00
0.000000e+00
0.000000e+00
0.000000e+00
0.000000e+00
0.000000e+00
0.000000e+00
0.000000e+00
0.000000e+00
0.000000e+00
0.000000e+00
0.000000e+00
0.000000e+00
0.000000e+00
0.000000e+00
0.000000e+00
0.000000e+00
0.000000e+00
0.000000e+00
0.000000e+00
0.000000e+00
0.000000e+00
0.000000e+00
0.000000e+00
0.000000e+00
0.000000e+00
0.000000e+00
0.000000e+00
0.000000e+00
0.000000e+00
0.000000e+00
0.000000e+00
0.000000e+00
0.000000e+00
0.000000e+00
0.000000e+00
0.000000e+00
0.000000e+00
0.000000e+00
0.000000e+00
0.000000e+00
0.000000e+00
0.000000e+00
0.000000e+00
0.000000e+00
0.000000e+00
0.000000e+00
0.000000e+00
0.000000e+00
0.000000e+00
0.000000e+00
0.000000e+00
0.000000e+00
0.000000e+00
0.000000e+00
0.000000e+00
0.000000e+00
0.000000e+00
0.000000e+00
0.000000e+00
0.000000e+00
0.000000e+00
0.000000e+00
0.000000e+00
0.000000e+00
0.000000e+00
0.000000e+00
0.000000e+00
0.000000e+00
0.000000e+00
0.000000e+00
0.000000e+00
0.000000e+00
0.000000e+00
0.000000e+00
0.000000e+00
0.000000e+00
0.000000e+00
0.000000e+00
0.000000e+00
0.000000e+00
0.000000e+00
0.000000e+00
0.000000e+00
0.000000e+00
0.000000e+00
0.000000e+00
0.000000e+00
0.000000e+00
0.000000e+00
0.000000e+00
0.000000e+00
0.000000e+00
0.000000e+00
0.000000e+00
0.000000e+00
0.000000e+00
0.000000e+00
0.000000e+00
0.000000e+00
0.000000e+00
0.000000e+00
0.000000e+00
0.000000e+00
0.000000e+00
0.000000e+00
0.000000e+00
0.000000e+00
0.000000e+00
0.000000e+00
0.000000e+00
0.000000e+00
0.000000e+00
0.000000e+00
0.000000e+00
0.000000e+00
0.000000e+00
0.000000e+00
0.000000e+00
0.000000e+00
0.000000e+00
0.000000e+00
0.000000e+00
0.000000e+00
0.000000e+00
0.000000e+00
0.000000e+00
0.000000e+00
0.000000e+00
0.000000e+00
0.000000e+00
0.000000e+00
0.000000e+00
0.000000e+00
0.000000e+00
0.000000e+00
0.000000e+00
0.000000e+00
0.000000e+00
0.000000e+00
0.000000e+00
0.000000e+00
0.000000e+00
0.000000e+00
0.000000e+00
0.000000e+00
0.000000e+00
0.000000e+00
0.000000e+00
0.000000e+00
0.000000e+00
0.000000e+00
0.000000e+00
0.000000e+00
0.000000e+00
0.000000e+00
0.000000e+00
0.000000e+00
0.000000e+00
0.000000e+00
0.000000e+00
0.000000e+00
0.000000e+00
0.000000e+00
0.000000e+00
0.000000e+00
0.000000e+00
0.000000e+00
0.000000e+00
0.000000e+00
0.000000e+00
0.000000e+00
0.000000e+00
0.000000e+00
0.000000e+00
0.000000e+00
0.000000e+00
0.000000e+00
0.000000e+00
0.000000e+00
0.000000e+00
0.000000e+00
0.000000e+00
0.000000e+00
0.000000e+00
0.000000e+00
0.000000e+00
0.000000e+00
0.000000e+00
0.000000e+00
0.000000e+00
0.000000e+00
0.000000e+00
0.000000e+00
0.000000e+00
0.000000e+00
0.000000e+00
0.000000e+00
0.000000e+00
0.000000e+00
0.000000e+00
0.000000e+00
0.000000e+00
0.000000e+00
0.000000e+00
0.000000e+00
0.000000e+00
0.000000e+00
0.000000e+00
0.000000e+00
0.000000e+00
0.000000e+00
0.000000e+00
0.000000e+00
0.000000e+00
0.000000e+00
0.000000e+00
0.000000e+00
0.000000e+00
0.000000e+00
0.000000e+00
0.000000e+00
0.000000e+00
0.000000e+00
0.000000e+00
0.000000e+00
0.000000e+00
0.000000e+00
0.000000e+00
0.000000e+00
0.000000e+00
0.000000e+00
0.000000e+00
0.000000e+00
0.000000e+00
0.000000e+00
0.000000e+00
0.000000e+00
0.000000e+00
0.000000e+00
0.000000e+00
0.000000e+00
0.000000e+00
0.000000e+00
0.000000e+00
0.000000e+00
0.000000e+00
0.000000e+00
0.000000e+00
0.000000e+00
0.000000e+00
0.000000e+00
0.000000e+00
0.000000e+00
0.000000e+00
0.000000e+00
0.000000e+00
0.000000e+00
0.000000e+00
0.000000e+00
0.000000e+00
0.000000e+00
0.000000e+00
0.000000e+00
0.000000e+00
0.000000e+00
0.000000e+00
0.000000e+00
0.000000e+00
0.000000e+00
0.000000e+00
0.000000e+00
0.000000e+00
0.000000e+00
0.000000e+00
0.000000e+00
0.000000e+00
0.000000e+00
0.000000e+00
0.000000e+00
0.000000e+00
0.000000e+00
0.000000e+00
0.000000e+00
0.000000e+00
0.000000e+00
0.000000e+00
0.000000e+00
0.000000e+00
0.000000e+00
0.000000e+00
0.000000e+00
0.000000e+00
0.000000e+00
0.000000e+00
0.000000e+00
0.000000e+00
0.000000e+00
0.000000e+00
0.000000e+00
0.000000e+00
0.000000e+00
0.000000e+00
0.000000e+00
0.000000e+00
0.000000e+00
0.000000e+00
0.000000e+00
0.000000e+00
0.000000e+00
0.000000e+00
0.000000e+00
0.000000e+00
0.000000e+00
0.000000e+00
0.000000e+00
0.000000e+00
0.000000e+00
0.000000e+00
0.000000e+00
0.000000e+00
0.000000e+00
0.000000e+00
0.000000e+00
0.000000e+00
0.000000e+00
0.000000e+00
0.000000e+00
0.000000e+00
0.000000e+00
0.000000e+00
0.000000e+00
0.000000e+00
0.000000e+00
0.000000e+00
0.000000e+00
0.000000e+00
0.000000e+00
0.000000e+00
0.000000e+00
0.000000e+00
0.000000e+00
0.000000e+00
0.000000e+00
0.000000e+00
0.000000e+00
0.000000e+00
0.000000e+00
0.000000e+00
0.000000e+00
0.000000e+00
0.000000e+00
0.000000e+00
0.000000e+00
0.000000e+00
0.000000e+00
0.000000e+00
0.000000e+00
0.000000e+00
0.000000e+00
0.000000e+00
0.000000e+00
0.000000e+00
0.000000e+00
0.000000e+00
0.000000e+00
0.000000e+00
0.000000e+00
0.000000e+00
0.000000e+00
0.000000e+00
0.000000e+00
0.000000e+00
0.000000e+00
0.000000e+00
0.000000e+00
0.000000e+00
0.000000e+00
0.000000e+00
0.000000e+00
0.000000e+00
0.000000e+00
0.000000e+00
0.000000e+00
0.000000e+00
0.000000e+00
0.000000e+00
0.000000e+00
0.000000e+00
0.000000e+00
0.000000e+00
0.000000e+00
0.000000e+00
0.000000e+00
0.000000e+00
0.000000e+00
0.000000e+00
0.000000e+00
0.000000e+00
0.000000e+00
0.000000e+00
0.000000e+00
0.000000e+00
0.000000e+00
0.000000e+00
0.000000e+00
0.000000e+00
0.000000e+00
0.000000e+00
0.000000e+00
0.000000e+00
0.000000e+00
0.000000e+00
0.000000e+00
0.000000e+00
0.000000e+00
0.000000e+00
0.000000e+00
0.000000e+00
0.000000e+00
0.000000e+00
0.000000e+00
0.000000e+00
0.000000e+00
0.000000e+00
0.000000e+00
0.000000e+00
0.000000e+00
0.000000e+00
0.000000e+00
0.000000e+00
0.000000e+00
0.000000e+00
0.000000e+00
0.000000e+00
0.000000e+00
0.000000e+00
0.000000e+00
0.000000e+00
0.000000e+00
0.000000e+00
0.000000e+00
0.000000e+00
0.000000e+00
0.000000e+00
0.000000e+00
0.000000e+00
0.000000e+00
0.000000e+00
0.000000e+00
0.000000e+00
0.000000e+00
0.000000e+00
0.000000e+00
0.000000e+00
0.000000e+00
0.000000e+00
0.000000e+00
0.000000e+00
0.000000e+00
0.000000e+00
0.000000e+00
0.000000e+00
0.000000e+00
0.000000e+00
0.000000e+00
0.000000e+00
0.000000e+00
0.000000e+00
0.000000e+00
0.000000e+00
0.000000e+00
0.000000e+00
0.000000e+00
0.000000e+00
0.000000e+00
0.000000e+00
0.000000e+00
0.000000e+00
0.000000e+00
0.000000e+00
0.000000e+00
0.000000e+00
0.000000e+00
0.000000e+00
0.000000e+00
0.000000e+00
0.000000e+00
0.000000e+00
0.000000e+00
0.000000e+00
0.000000e+00
0.000000e+00
0.000000e+00
0.000000e+00
0.000000e+00
0.000000e+00
0.000000e+00
0.000000e+00
0.000000e+00
0.000000e+00
0.000000e+00
0.000000e+00
0.000000e+00
0.000000e+00
0.000000e+00
0.000000e+00
0.000000e+00
0.000000e+00
0.000000e+00
0.000000e+00
0.000000e+00
0.000000e+00
0.000000e+00
0.000000e+00
0.000000e+00
0.000000e+00
0.000000e+00
0.000000e+00
0.000000e+00
0.000000e+00
0.000000e+00
0.000000e+00
0.000000e+00
0.000000e+00
0.000000e+00
0.000000e+00
0.000000e+00
0.000000e+00
0.000000e+00
0.000000e+00
0.000000e+00
0.000000e+00
0.000000e+00
0.000000e+00
0.000000e+00
0.000000e+00
0.000000e+00
0.000000e+00
0.000000e+00
0.000000e+00
0.000000e+00
0.000000e+00
0.000000e+00
0.000000e+00
0.000000e+00
0.000000e+00
0.000000e+00
0.000000e+00
0.000000e+00
0.000000e+00
0.000000e+00
0.000000e+00
0.000000e+00
0.000000e+00
0.000000e+00
0.000000e+00
0.000000e+00
0.000000e+00
0.000000e+00
0.000000e+00
0.000000e+00
0.000000e+00
0.000000e+00
0.000000e+00
0.000000e+00
0.000000e+00
0.000000e+00
0.000000e+00
0.000000e+00
0.000000e+00
0.000000e+00
0.000000e+00
0.000000e+00
0.000000e+00
0.000000e+00
0.000000e+00
0.000000e+00
0.000000e+00
0.000000e+00
0.000000e+00
0.000000e+00
0.000000e+00
0.000000e+00
0.000000e+00
0.000000e+00
0.000000e+00
0.000000e+00
0.000000e+00
0.000000e+00
0.000000e+00
0.000000e+00
0.000000e+00
0.000000e+00
0.000000e+00
0.000000e+00
0.000000e+00
0.000000e+00
0.000000e+00
0.000000e+00
0.000000e+00
0.000000e+00
0.000000e+00
0.000000e+00
0.000000e+00
0.000000e+00
0.000000e+00
0.000000e+00
0.000000e+00
0.000000e+00
0.000000e+00
0.000000e+00
0.000000e+00
0.000000e+00
0.000000e+00
0.000000e+00
0.000000e+00
0.000000e+00
0.000000e+00
0.000000e+00
0.000000e+00
0.000000e+00
0.000000e+00
0.000000e+00
0.000000e+00
0.000000e+00
0.000000e+00
0.000000e+00
0.000000e+00
0.000000e+00
0.000000e+00
0.000000e+00
0.000000e+00
0.000000e+00
0.000000e+00
0.000000e+00
0.000000e+00
0.000000e+00
0.000000e+00
0.000000e+00
0.000000e+00
0.000000e+00
0.000000e+00
0.000000e+00
0.000000e+00
0.000000e+00
0.000000e+00
0.000000e+00
0.000000e+00
0.000000e+00
0.000000e+00
0.000000e+00
0.000000e+00
0.000000e+00
0.000000e+00
0.000000e+00
0.000000e+00
0.000000e+00
0.000000e+00
0.000000e+00
0.000000e+00
0.000000e+00
0.000000e+00
0.000000e+00
0.000000e+00
0.000000e+00
0.000000e+00
0.000000e+00
0.000000e+00
0.000000e+00
0.000000e+00
0.000000e+00
0.000000e+00
0.000000e+00
0.000000e+00
0.000000e+00
0.000000e+00
0.000000e+00
0.000000e+00
0.000000e+00
0.000000e+00
0.000000e+00
0.000000e+00
0.000000e+00
0.000000e+00
0.000000e+00
0.000000e+00
0.000000e+00
0.000000e+00
0.000000e+00
0.000000e+00
0.000000e+00
0.000000e+00
0.000000e+00
0.000000e+00
0.000000e+00
0.000000e+00
0.000000e+00
0.000000e+00
0.000000e+00
0.000000e+00
0.000000e+00
0.000000e+00
0.000000e+00
0.000000e+00
0.000000e+00
0.000000e+00
0.000000e+00
0.000000e+00
0.000000e+00
0.000000e+00
0.000000e+00
0.000000e+00
0.000000e+00
0.000000e+00
0.000000e+00
0.000000e+00
0.000000e+00
0.000000e+00
0.000000e+00
0.000000e+00
0.000000e+00
0.000000e+00
0.000000e+00
0.000000e+00
0.000000e+00
0.000000e+00
0.000000e+00
0.000000e+00
0.000000e+00
0.000000e+00
0.000000e+00
0.000000e+00
0.000000e+00
0.000000e+00
0.000000e+00
0.000000e+00
0.000000e+00
0.000000e+00
0.000000e+00
0.000000e+00
0.000000e+00
0.000000e+00
0.000000e+00
0.000000e+00
0.000000e+00
0.000000e+00
0.000000e+00
0.000000e+00
0.000000e+00
0.000000e+00
0.000000e+00
0.000000e+00
0.000000e+00
0.000000e+00
0.000000e+00
0.000000e+00
0.000000e+00
0.000000e+00
0.000000e+00
0.000000e+00
0.000000e+00
0.000000e+00
0.000000e+00
0.000000e+00
0.000000e+00
0.000000e+00
0.000000e+00
0.000000e+00
0.000000e+00
0.000000e+00
0.000000e+00
0.000000e+00
0.000000e+00
0.000000e+00
0.000000e+00
0.000000e+00
0.000000e+00
0.000000e+00
0.000000e+00
0.000000e+00
0.000000e+00
0.000000e+00
0.000000e+00
0.000000e+00
0.000000e+00
0.000000e+00
0.000000e+00
0.000000e+00
0.000000e+00
0.000000e+00
0.000000e+00
0.000000e+00
0.000000e+00
0.000000e+00
0.000000e+00
0.000000e+00
0.000000e+00
0.000000e+00
0.000000e+00
0.000000e+00
0.000000e+00
0.000000e+00
0.000000e+00
0.000000e+00
0.000000e+00
0.000000e+00
0.000000e+00
0.000000e+00
0.000000e+00
0.000000e+00
0.000000e+00
0.000000e+00
0.000000e+00
0.000000e+00
0.000000e+00
0.000000e+00
0.000000e+00
0.000000e+00
0.000000e+00
0.000000e+00
0.000000e+00
0.000000e+00
0.000000e+00
0.000000e+00
0.000000e+00
0.000000e+00
0.000000e+00
0.000000e+00
0.000000e+00
0.000000e+00
0.000000e+00
0.000000e+00
0.000000e+00
0.000000e+00
0.000000e+00
0.000000e+00
0.000000e+00
0.000000e+00
0.000000e+00
0.000000e+00
0.000000e+00
0.000000e+00
0.000000e+00
0.000000e+00
0.000000e+00
0.000000e+00
0.000000e+00
0.000000e+00
0.000000e+00
0.000000e+00
0.000000e+00
0.000000e+00
0.000000e+00
0.000000e+00
0.000000e+00
0.000000e+00
0.000000e+00
0.000000e+00
0.000000e+00
0.000000e+00
0.000000e+00
0.000000e+00
0.000000e+00
0.000000e+00
0.000000e+00
0.000000e+00
0.000000e+00
0.000000e+00
0.000000e+00
0.000000e+00
0.000000e+00
0.000000e+00
0.000000e+00
0.000000e+00
0.000000e+00
0.000000e+00
0.000000e+00
0.000000e+00
0.000000e+00
0.000000e+00
0.000000e+00
0.000000e+00
0.000000e+00
0.000000e+00
0.000000e+00
0.000000e+00
0.000000e+00
0.000000e+00
0.000000e+00
0.000000e+00
0.000000e+00
0.000000e+00
0.000000e+00
0.000000e+00
0.000000e+00
0.000000e+00
0.000000e+00
0.000000e+00
0.000000e+00
0.000000e+00
0.000000e+00
0.000000e+00
0.000000e+00
0.000000e+00
0.000000e+00
0.000000e+00
0.000000e+00
0.000000e+00
0.000000e+00
0.000000e+00
0.000000e+00
0.000000e+00
0.000000e+00
0.000000e+00
0.000000e+00
0.000000e+00
0.000000e+00
0.000000e+00
0.000000e+00
0.000000e+00
0.000000e+00
0.000000e+00
0.000000e+00
0.000000e+00
0.000000e+00
0.000000e+00
0.000000e+00
0.000000e+00
0.000000e+00
0.000000e+00
0.000000e+00
0.000000e+00
0.000000e+00
0.000000e+00
0.000000e+00
0.000000e+00
0.000000e+00
0.000000e+00
0.000000e+00
0.000000e+00
0.000000e+00
0.000000e+00
0.000000e+00
0.000000e+00
0.000000e+00
0.000000e+00
0.000000e+00
0.000000e+00
0.000000e+00
0.000000e+00
0.000000e+00
0.000000e+00
0.000000e+00
0.000000e+00
0.000000e+00
0.000000e+00
0.000000e+00
0.000000e+00
0.000000e+00
0.000000e+00
0.000000e+00
0.000000e+00
0.000000e+00
0.000000e+00
0.000000e+00
0.000000e+00
0.000000e+00
0.000000e+00
0.000000e+00
0.000000e+00
0.000000e+00
0.000000e+00
0.000000e+00
0.000000e+00
0.000000e+00
0.000000e+00
0.000000e+00
0.000000e+00
0.000000e+00
0.000000e+00
0.000000e+00
0.000000e+00
0.000000e+00
0.000000e+00
0.000000e+00
0.000000e+00
0.000000e+00
0.000000e+00
0.000000e+00
0.000000e+00
0.000000e+00
0.000000e+00
0.000000e+00
0.000000e+00
0.000000e+00
0.000000e+00
0.000000e+00
0.000000e+00
0.000000e+00
0.000000e+00
0.000000e+00
0.000000e+00
0.000000e+00
0.000000e+00
0.000000e+00
0.000000e+00
0.000000e+00
0.000000e+00
0.000000e+00
0.000000e+00
0.000000e+00
0.000000e+00
0.000000e+00
0.000000e+00
0.000000e+00
0.000000e+00
0.000000e+00
0.000000e+00
0.000000e+00
0.000000e+00
0.000000e+00
0.000000e+00
0.000000e+00
0.000000e+00
0.000000e+00
0.000000e+00
0.000000e+00
0.000000e+00
0.000000e+00
0.000000e+00
0.000000e+00
0.000000e+00
0.000000e+00
0.000000e+00
0.000000e+00
0.000000e+00
0.000000e+00
0.000000e+00
0.000000e+00
0.000000e+00
0.000000e+00
0.000000e+00
0.000000e+00
0.000000e+00
0.000000e+00
0.000000e+00
0.000000e+00
0.000000e+00
0.000000e+00
0.000000e+00
0.000000e+00
0.000000e+00
0.000000e+00
0.000000e+00
0.000000e+00
0.000000e+00
0.000000e+00
0.000000e+00
0.000000e+00
0.000000e+00
0.000000e+00
0.000000e+00
0.000000e+00
0.000000e+00
0.000000e+00
0.000000e+00
0.000000e+00
0.000000e+00
0.000000e+00
0.000000e+00
0.000000e+00
0.000000e+00
0.000000e+00
0.000000e+00
0.000000e+00
0.000000e+00
0.000000e+00
0.000000e+00
0.000000e+00
0.000000e+00
0.000000e+00
0.000000e+00
0.000000e+00
0.000000e+00
0.000000e+00
0.000000e+00
0.000000e+00
0.000000e+00
0.000000e+00
0.000000e+00
0.000000e+00
0.000000e+00
0.000000e+00
0.000000e+00
0.000000e+00
0.000000e+00
0.000000e+00
0.000000e+00
0.000000e+00
0.000000e+00
0.000000e+00
0.000000e+00
0.000000e+00
0.000000e+00
0.000000e+00
0.000000e+00
0.000000e+00
0.000000e+00
0.000000e+00
0.000000e+00
0.000000e+00
0.000000e+00
0.000000e+00
0.000000e+00
0.000000e+00
0.000000e+00
0.000000e+00
0.000000e+00
0.000000e+00
0.000000e+00
0.000000e+00
0.000000e+00
0.000000e+00
0.000000e+00
0.000000e+00
0.000000e+00
0.000000e+00
0.000000e+00
0.000000e+00
0.000000e+00
0.000000e+00
0.000000e+00
0.000000e+00
0.000000e+00
0.000000e+00
0.000000e+00
0.000000e+00
0.000000e+00
0.000000e+00
0.000000e+00
0.000000e+00
0.000000e+00
0.000000e+00
0.000000e+00
0.000000e+00
0.000000e+00
0.000000e+00
0.000000e+00
0.000000e+00
0.000000e+00
0.000000e+00
0.000000e+00
0.000000e+00
0.000000e+00
0.000000e+00
0.000000e+00
0.000000e+00
0.000000e+00
0.000000e+00
0.000000e+00
0.000000e+00
0.000000e+00
0.000000e+00
0.000000e+00
0.000000e+00
0.000000e+00
0.000000e+00
0.000000e+00
0.000000e+00
0.000000e+00
0.000000e+00
0.000000e+00
0.000000e+00
0.000000e+00
0.000000e+00
0.000000e+00
0.000000e+00
0.000000e+00
0.000000e+00
0.000000e+00
0.000000e+00
0.000000e+00
0.000000e+00
0.000000e+00
0.000000e+00
0.000000e+00
0.000000e+00
0.000000e+00
0.000000e+00
0.000000e+00
0.000000e+00
0.000000e+00
0.000000e+00
0.000000e+00
0.000000e+00
0.000000e+00
0.000000e+00
0.000000e+00
0.000000e+00
0.000000e+00
0.000000e+00
0.000000e+00
0.000000e+00
0.000000e+00
0.000000e+00
0.000000e+00
0.000000e+00
0.000000e+00
0.000000e+00
0.000000e+00
0.000000e+00
0.000000e+00
0.000000e+00
0.000000e+00
0.000000e+00
0.000000e+00
0.000000e+00
0.000000e+00
0.000000e+00
0.000000e+00
0.000000e+00
0.000000e+00
0.000000e+00
0.000000e+00
0.000000e+00
0.000000e+00
0.000000e+00
0.000000e+00
0.000000e+00
0.000000e+00
0.000000e+00
0.000000e+00
0.000000e+00
0.000000e+00
0.000000e+00
0.000000e+00
0.000000e+00
0.000000e+00
0.000000e+00
0.000000e+00
0.000000e+00
0.000000e+00
0.000000e+00
0.000000e+00
0.000000e+00
0.000000e+00
0.000000e+00
0.000000e+00
0.000000e+00
0.000000e+00
0.000000e+00
0.000000e+00
0.000000e+00
0.000000e+00
0.000000e+00
0.000000e+00
0.000000e+00
0.000000e+00
0.000000e+00
0.000000e+00
0.000000e+00
0.000000e+00
0.000000e+00
0.000000e+00
0.000000e+00
0.000000e+00
0.000000e+00
0.000000e+00
0.000000e+00
0.000000e+00
0.000000e+00
0.000000e+00
0.000000e+00
0.000000e+00
0.000000e+00
0.000000e+00
0.000000e+00
0.000000e+00
0.000000e+00
0.000000e+00
0.000000e+00
0.000000e+00
0.000000e+00
0.000000e+00
0.000000e+00
0.000000e+00
0.000000e+00
0.000000e+00
0.000000e+00
0.000000e+00
0.000000e+00
0.000000e+00
0.000000e+00
0.000000e+00
0.000000e+00
0.000000e+00
0.000000e+00
0.000000e+00
0.000000e+00
0.000000e+00
0.000000e+00
0.000000e+00
0.000000e+00
0.000000e+00
0.000000e+00
0.000000e+00
0.000000e+00
0.000000e+00
0.000000e+00
0.000000e+00
0.000000e+00
0.000000e+00
0.000000e+00
0.000000e+00
0.000000e+00
0.000000e+00
0.000000e+00
0.000000e+00
0.000000e+00
0.000000e+00
0.000000e+00
0.000000e+00
0.000000e+00
0.000000e+00
0.000000e+00
0.000000e+00
0.000000e+00
0.000000e+00
0.000000e+00
0.000000e+00
0.000000e+00
0.000000e+00
0.000000e+00
0.000000e+00
0.000000e+00
0.000000e+00
0.000000e+00
0.000000e+00
0.000000e+00
0.000000e+00
0.000000e+00
0.000000e+00
0.000000e+00
0.000000e+00
0.000000e+00
0.000000e+00
0.000000e+00
0.000000e+00
0.000000e+00
0.000000e+00
0.000000e+00
0.000000e+00
0.000000e+00
0.000000e+00
0.000000e+00
0.000000e+00
0.000000e+00
0.000000e+00
0.000000e+00
0.000000e+00
0.000000e+00
0.000000e+00
0.000000e+00
0.000000e+00
0.000000e+00
0.000000e+00
0.000000e+00
0.000000e+00
0.000000e+00
0.000000e+00
0.000000e+00
0.000000e+00
0.000000e+00
0.000000e+00
0.000000e+00
0.000000e+00
0.000000e+00
0.000000e+00
0.000000e+00
0.000000e+00
0.000000e+00
0.000000e+00
0.000000e+00
0.000000e+00
0.000000e+00
0.000000e+00
0.000000e+00
0.000000e+00
0.000000e+00
0.000000e+00
0.000000e+00
0.000000e+00
0.000000e+00
0.000000e+00
0.000000e+00
0.000000e+00
0.000000e+00
0.000000e+00
0.000000e+00
0.000000e+00
0.000000e+00
0.000000e+00
0.000000e+00
0.000000e+00
0.000000e+00
0.000000e+00
0.000000e+00
0.000000e+00
0.000000e+00
0.000000e+00
0.000000e+00
0.000000e+00
0.000000e+00
0.000000e+00
0.000000e+00
0.000000e+00
0.000000e+00
0.000000e+00
0.000000e+00
0.000000e+00
0.000000e+00
0.000000e+00
0.000000e+00
0.000000e+00
0.000000e+00
0.000000e+00
0.000000e+00
0.000000e+00
0.000000e+00
0.000000e+00
0.000000e+00
0.000000e+00
0.000000e+00
0.000000e+00
0.000000e+00
0.000000e+00
0.000000e+00
0.000000e+00
0.000000e+00
0.000000e+00
0.000000e+00
0.000000e+00
0.000000e+00
0.000000e+00
0.000000e+00
0.000000e+00
0.000000e+00
0.000000e+00
0.000000e+00
0.000000e+00
0.000000e+00
0.000000e+00
0.000000e+00
0.000000e+00
0.000000e+00
0.000000e+00
0.000000e+00
0.000000e+00
0.000000e+00
0.000000e+00
0.000000e+00
0.000000e+00
0.000000e+00
0.000000e+00
0.000000e+00
0.000000e+00
0.000000e+00
0.000000e+00
0.000000e+00
0.000000e+00
0.000000e+00
0.000000e+00
0.000000e+00
0.000000e+00
0.000000e+00
0.000000e+00
0.000000e+00
0.000000e+00
0.000000e+00
0.000000e+00
0.000000e+00
0.000000e+00
0.000000e+00
0.000000e+00
0.000000e+00
0.000000e+00
0.000000e+00
0.000000e+00
0.000000e+00
0.000000e+00
0.000000e+00
0.000000e+00
0.000000e+00
0.000000e+00
0.000000e+00
0.000000e+00
0.000000e+00
0.000000e+00
0.000000e+00
0.000000e+00
0.000000e+00
0.000000e+00
0.000000e+00
0.000000e+00
0.000000e+00
0.000000e+00
0.000000e+00
0.000000e+00
0.000000e+00
0.000000e+00
0.000000e+00
0.000000e+00
0.000000e+00
0.000000e+00
0.000000e+00
0.000000e+00
0.000000e+00
0.000000e+00
0.000000e+00
0.000000e+00
0.000000e+00
0.000000e+00
0.000000e+00
0.000000e+00
0.000000e+00
0.000000e+00
0.000000e+00
0.000000e+00
0.000000e+00
0.000000e+00
0.000000e+00
0.000000e+00
0.000000e+00
0.000000e+00
0.000000e+00
0.000000e+00
0.000000e+00
0.000000e+00
0.000000e+00
0.000000e+00
0.000000e+00
0.000000e+00
0.000000e+00
0.000000e+00
0.000000e+00
0.000000e+00
0.000000e+00
0.000000e+00
0.000000e+00
0.000000e+00
0.000000e+00
0.000000e+00
0.000000e+00
0.000000e+00
0.000000e+00
0.000000e+00
0.000000e+00
0.000000e+00
0.000000e+00
0.000000e+00
0.000000e+00
0.000000e+00
0.000000e+00
0.000000e+00
0.000000e+00
0.000000e+00
0.000000e+00
0.000000e+00
0.000000e+00
0.000000e+00
0.000000e+00
0.000000e+00
0.000000e+00
0.000000e+00
0.000000e+00
0.000000e+00
0.000000e+00
0.000000e+00
0.000000e+00
0.000000e+00
0.000000e+00
0.000000e+00
0.000000e+00
0.000000e+00
0.000000e+00
0.000000e+00
0.000000e+00
0.000000e+00
0.000000e+00
0.000000e+00
0.000000e+00
0.000000e+00
0.000000e+00
0.000000e+00
0.000000e+00
0.000000e+00
0.000000e+00
0.000000e+00
0.000000e+00
0.000000e+00
0.000000e+00
0.000000e+00
0.000000e+00
0.000000e+00
0.000000e+00
0.000000e+00
0.000000e+00
0.000000e+00
0.000000e+00
0.000000e+00
0.000000e+00
0.000000e+00
0.000000e+00
0.000000e+00
0.000000e+00
0.000000e+00
0.000000e+00
0.000000e+00
0.000000e+00
0.000000e+00
0.000000e+00
0.000000e+00
0.000000e+00
0.000000e+00
0.000000e+00
0.000000e+00
0.000000e+00
0.000000e+00
0.000000e+00
0.000000e+00
0.000000e+00
0.000000e+00
0.000000e+00
0.000000e+00
0.000000e+00
0.000000e+00
0.000000e+00
0.000000e+00
0.000000e+00
0.000000e+00
0.000000e+00
0.000000e+00
0.000000e+00
0.000000e+00
0.000000e+00
0.000000e+00
0.000000e+00
0.000000e+00
0.000000e+00
0.000000e+00
0.000000e+00
0.000000e+00
0.000000e+00
0.000000e+00
0.000000e+00
0.000000e+00
0.000000e+00
0.000000e+00
0.000000e+00
0.000000e+00
0.000000e+00
0.000000e+00
0.000000e+00
0.000000e+00
0.000000e+00
0.000000e+00
0.000000e+00
0.000000e+00
0.000000e+00
0.000000e+00
0.000000e+00
0.000000e+00
0.000000e+00
0.000000e+00
0.000000e+00
0.000000e+00
0.000000e+00
0.000000e+00
0.000000e+00
0.000000e+00
0.000000e+00
0.000000e+00
0.000000e+00
0.000000e+00
0.000000e+00
0.000000e+00
0.000000e+00
0.000000e+00
0.000000e+00
0.000000e+00
0.000000e+00
0.000000e+00
0.000000e+00
0.000000e+00
0.000000e+00
0.000000e+00
0.000000e+00
0.000000e+00
0.000000e+00
0.000000e+00
0.000000e+00
0.000000e+00
0.000000e+00
0.000000e+00
0.000000e+00
0.000000e+00
0.000000e+00
0.000000e+00
0.000000e+00
0.000000e+00
0.000000e+00
0.000000e+00
0.000000e+00
0.000000e+00
0.000000e+00
0.000000e+00
0.000000e+00
0.000000e+00
0.000000e+00
0.000000e+00
0.000000e+00
0.000000e+00
0.000000e+00
0.000000e+00
0.000000e+00
0.000000e+00
0.000000e+00
0.000000e+00
0.000000e+00
0.000000e+00
0.000000e+00
0.000000e+00
0.000000e+00
0.000000e+00
0.000000e+00
0.000000e+00
0.000000e+00
0.000000e+00
0.000000e+00
0.000000e+00
0.000000e+00
0.000000e+00
0.000000e+00
0.000000e+00
0.000000e+00
0.000000e+00
0.000000e+00
0.000000e+00
0.000000e+00
0.000000e+00
0.000000e+00
0.000000e+00
0.000000e+00
0.000000e+00
0.000000e+00
0.000000e+00
0.000000e+00
0.000000e+00
0.000000e+00
0.000000e+00
0.000000e+00
0.000000e+00
0.000000e+00
0.000000e+00
0.000000e+00
0.000000e+00
0.000000e+00
0.000000e+00
0.000000e+00
0.000000e+00
0.000000e+00
0.000000e+00
0.000000e+00
0.000000e+00
0.000000e+00
0.000000e+00
0.000000e+00
0.000000e+00
0.000000e+00
0.000000e+00
0.000000e+00
0.000000e+00
0.000000e+00
0.000000e+00
0.000000e+00
0.000000e+00
0.000000e+00
0.000000e+00
0.000000e+00
0.000000e+00
0.000000e+00
0.000000e+00
0.000000e+00
0.000000e+00
0.000000e+00
0.000000e+00
0.000000e+00
0.000000e+00
0.000000e+00
0.000000e+00
0.000000e+00
0.000000e+00
0.000000e+00
0.000000e+00
0.000000e+00
0.000000e+00
0.000000e+00
0.000000e+00
0.000000e+00
0.000000e+00
0.000000e+00
0.000000e+00
0.000000e+00
0.000000e+00
0.000000e+00
0.000000e+00
0.000000e+00
0.000000e+00
0.000000e+00
0.000000e+00
0.000000e+00
0.000000e+00
0.000000e+00
0.000000e+00
0.000000e+00
0.000000e+00
0.000000e+00
0.000000e+00
0.000000e+00
0.000000e+00
0.000000e+00
0.000000e+00
0.000000e+00
0.000000e+00
0.000000e+00
0.000000e+00
0.000000e+00
0.000000e+00
0.000000e+00
0.000000e+00
0.000000e+00
0.000000e+00
0.000000e+00
0.000000e+00
0.000000e+00
0.000000e+00
0.000000e+00
0.000000e+00
0.000000e+00
0.000000e+00
0.000000e+00
0.000000e+00
0.000000e+00
0.000000e+00
0.000000e+00
0.000000e+00
0.000000e+00
0.000000e+00
0.000000e+00
0.000000e+00
0.000000e+00
0.000000e+00
0.000000e+00
0.000000e+00
0.000000e+00
0.000000e+00
0.000000e+00
0.000000e+00
0.000000e+00
0.000000e+00
0.000000e+00
0.000000e+00
0.000000e+00
0.000000e+00
0.000000e+00
0.000000e+00
0.000000e+00
0.000000e+00
0.000000e+00
0.000000e+00
0.000000e+00
0.000000e+00
0.000000e+00
0.000000e+00
0.000000e+00
0.000000e+00
0.000000e+00
0.000000e+00
0.000000e+00
0.000000e+00
0.000000e+00
0.000000e+00
0.000000e+00
0.000000e+00
0.000000e+00
0.000000e+00
0.000000e+00
0.000000e+00
0.000000e+00
0.000000e+00
0.000000e+00
0.000000e+00
0.000000e+00
0.000000e+00
0.000000e+00
0.000000e+00
0.000000e+00
0.000000e+00
0.000000e+00
0.000000e+00
0.000000e+00
0.000000e+00
0.000000e+00
0.000000e+00
0.000000e+00
0.000000e+00
0.000000e+00
0.000000e+00
0.000000e+00
0.000000e+00
0.000000e+00
0.000000e+00
0.000000e+00
0.000000e+00
0.000000e+00
0.000000e+00
0.000000e+00
0.000000e+00
0.000000e+00
0.000000e+00
0.000000e+00
0.000000e+00
0.000000e+00
0.000000e+00
0.000000e+00
0.000000e+00
0.000000e+00
0.000000e+00
0.000000e+00
0.000000e+00
0.000000e+00
0.000000e+00
0.000000e+00
0.000000e+00
0.000000e+00
0.000000e+00
0.000000e+00
0.000000e+00
0.000000e+00
0.000000e+00
0.000000e+00
0.000000e+00
0.000000e+00
0.000000e+00
0.000000e+00
0.000000e+00
0.000000e+00
0.000000e+00
0.000000e+00
0.000000e+00
0.000000e+00
0.000000e+00
0.000000e+00
0.000000e+00
0.000000e+00
0.000000e+00
0.000000e+00
0.000000e+00
0.000000e+00
0.000000e+00
0.000000e+00
0.000000e+00
0.000000e+00
0.000000e+00
0.000000e+00
0.000000e+00
0.000000e+00
0.000000e+00
0.000000e+00
0.000000e+00
0.000000e+00
0.000000e+00
0.000000e+00
0.000000e+00
0.000000e+00
0.000000e+00
0.000000e+00
0.000000e+00
0.000000e+00
0.000000e+00
0.000000e+00
0.000000e+00
0.000000e+00
0.000000e+00
0.000000e+00
0.000000e+00
0.000000e+00
0.000000e+00
0.000000e+00
0.000000e+00
0.000000e+00
0.000000e+00
0.000000e+00
0.000000e+00
0.000000e+00
0.000000e+00
0.000000e+00
0.000000e+00
0.000000e+00
0.000000e+00
0.000000e+00
0.000000e+00
0.000000e+00
0.000000e+00
0.000000e+00
0.000000e+00
0.000000e+00
0.000000e+00
0.000000e+00
0.000000e+00
0.000000e+00
0.000000e+00
0.000000e+00
0.000000e+00
0.000000e+00
0.000000e+00
0.000000e+00
0.000000e+00
0.000000e+00
0.000000e+00
0.000000e+00
0.000000e+00
0.000000e+00
0.000000e+00
0.000000e+00
0.000000e+00
0.000000e+00
0.000000e+00
0.000000e+00
0.000000e+00
0.000000e+00
0.000000e+00
0.000000e+00
0.000000e+00
0.000000e+00
0.000000e+00
0.000000e+00
0.000000e+00
0.000000e+00
0.000000e+00
0.000000e+00
0.000000e+00
0.000000e+00
0.000000e+00
0.000000e+00
0.000000e+00
0.000000e+00
0.000000e+00
0.000000e+00
0.000000e+00
0.000000e+00
0.000000e+00
0.000000e+00
0.000000e+00
0.000000e+00
0.000000e+00
0.000000e+00
0.000000e+00
0.000000e+00
0.000000e+00
0.000000e+00
0.000000e+00
0.000000e+00
0.000000e+00
0.000000e+00
0.000000e+00
0.000000e+00
0.000000e+00
0.000000e+00
0.000000e+00
0.000000e+00
0.000000e+00
0.000000e+00
0.000000e+00
0.000000e+00
0.000000e+00
0.000000e+00
0.000000e+00
0.000000e+00
0.000000e+00
0.000000e+00
0.000000e+00
0.000000e+00
0.000000e+00
0.000000e+00
0.000000e+00
0.000000e+00
0.000000e+00
0.000000e+00
0.000000e+00
0.000000e+00
0.000000e+00
0.000000e+00
0.000000e+00
0.000000e+00
0.000000e+00
0.000000e+00
0.000000e+00
0.000000e+00
0.000000e+00
0.000000e+00
0.000000e+00
0.000000e+00
0.000000e+00
0.000000e+00
0.000000e+00
0.000000e+00
0.000000e+00
0.000000e+00
0.000000e+00
0.000000e+00
0.000000e+00
0.000000e+00
0.000000e+00
0.000000e+00
0.000000e+00
0.000000e+00
0.000000e+00
0.000000e+00
0.000000e+00
0.000000e+00
0.000000e+00
0.000000e+00
0.000000e+00
0.000000e+00
0.000000e+00
0.000000e+00
0.000000e+00
0.000000e+00
0.000000e+00
0.000000e+00
0.000000e+00
0.000000e+00
0.000000e+00
0.000000e+00
0.000000e+00
0.000000e+00
0.000000e+00
0.000000e+00
0.000000e+00
0.000000e+00
0.000000e+00
0.000000e+00
0.000000e+00
0.000000e+00
0.000000e+00
0.000000e+00
0.000000e+00
0.000000e+00
0.000000e+00
0.000000e+00
0.000000e+00
0.000000e+00
0.000000e+00
0.000000e+00
0.000000e+00
0.000000e+00
0.000000e+00
0.000000e+00
0.000000e+00
0.000000e+00
0.000000e+00
0.000000e+00
0.000000e+00
0.000000e+00
0.000000e+00
0.000000e+00
0.000000e+00
0.000000e+00
0.000000e+00
0.000000e+00
0.000000e+00
0.000000e+00
0.000000e+00
0.000000e+00
0.000000e+00
0.000000e+00
0.000000e+00
0.000000e+00
0.000000e+00
0.000000e+00
0.000000e+00
0.000000e+00
0.000000e+00
0.000000e+00
0.000000e+00
0.000000e+00
0.000000e+00
0.000000e+00
0.000000e+00
0.000000e+00
0.000000e+00
0.000000e+00
0.000000e+00
0.000000e+00
0.000000e+00
0.000000e+00
0.000000e+00
0.000000e+00
0.000000e+00
0.000000e+00
0.000000e+00
0.000000e+00
0.000000e+00
0.000000e+00
0.000000e+00
0.000000e+00
0.000000e+00
0.000000e+00
0.000000e+00
0.000000e+00
0.000000e+00
0.000000e+00
0.000000e+00
0.000000e+00
0.000000e+00
0.000000e+00
0.000000e+00
0.000000e+00
0.000000e+00
0.000000e+00
0.000000e+00
0.000000e+00
0.000000e+00
0.000000e+00
0.000000e+00
0.000000e+00
0.000000e+00
0.000000e+00
0.000000e+00
0.000000e+00
0.000000e+00
0.000000e+00
0.000000e+00
0.000000e+00
0.000000e+00
0.000000e+00
0.000000e+00
0.000000e+00
0.000000e+00
0.000000e+00
0.000000e+00
0.000000e+00
0.000000e+00
0.000000e+00
0.000000e+00
0.000000e+00
0.000000e+00
0.000000e+00
0.000000e+00
0.000000e+00
0.000000e+00
0.000000e+00
0.000000e+00
0.000000e+00
0.000000e+00
0.000000e+00
0.000000e+00
0.000000e+00
0.000000e+00
0.000000e+00
0.000000e+00
0.000000e+00
0.000000e+00
0.000000e+00
0.000000e+00
0.000000e+00
0.000000e+00
0.000000e+00
0.000000e+00
0.000000e+00
0.000000e+00
0.000000e+00
0.000000e+00
0.000000e+00
0.000000e+00
0.000000e+00
0.000000e+00
0.000000e+00
0.000000e+00
0.000000e+00
0.000000e+00
0.000000e+00
0.000000e+00
0.000000e+00
0.000000e+00
0.000000e+00
0.000000e+00
0.000000e+00
0.000000e+00
0.000000e+00
0.000000e+00
0.000000e+00
0.000000e+00
0.000000e+00
0.000000e+00
0.000000e+00
0.000000e+00
0.000000e+00
0.000000e+00
0.000000e+00
0.000000e+00
0.000000e+00
0.000000e+00
0.000000e+00
0.000000e+00
0.000000e+00
0.000000e+00
0.000000e+00
0.000000e+00
0.000000e+00
0.000000e+00
0.000000e+00
0.000000e+00
0.000000e+00
0.000000e+00
0.000000e+00
0.000000e+00
0.000000e+00
0.000000e+00
0.000000e+00
0.000000e+00
0.000000e+00
0.000000e+00
0.000000e+00
0.000000e+00
0.000000e+00
0.000000e+00
0.000000e+00
0.000000e+00
0.000000e+00
0.000000e+00
0.000000e+00
0.000000e+00
0.000000e+00
0.000000e+00
0.000000e+00
0.000000e+00
0.000000e+00
0.000000e+00
0.000000e+00
0.000000e+00
0.000000e+00
0.000000e+00
0.000000e+00
0.000000e+00
0.000000e+00
0.000000e+00
0.000000e+00
0.000000e+00
0.000000e+00
0.000000e+00
0.000000e+00
0.000000e+00
0.000000e+00
0.000000e+00
0.000000e+00
0.000000e+00
0.000000e+00
0.000000e+00
0.000000e+00
0.000000e+00
0.000000e+00
0.000000e+00
0.000000e+00
0.000000e+00
0.000000e+00
0.000000e+00
0.000000e+00
0.000000e+00
0.000000e+00
0.000000e+00
0.000000e+00
0.000000e+00
0.000000e+00
0.000000e+00
0.000000e+00
0.000000e+00
0.000000e+00
0.000000e+00
0.000000e+00
0.000000e+00
0.000000e+00
0.000000e+00
0.000000e+00
0.000000e+00
0.000000e+00
0.000000e+00
0.000000e+00
0.000000e+00
0.000000e+00
0.000000e+00
0.000000e+00
0.000000e+00
0.000000e+00
0.000000e+00
0.000000e+00
0.000000e+00
0.000000e+00
0.000000e+00
0.000000e+00
0.000000e+00
0.000000e+00
0.000000e+00
0.000000e+00
0.000000e+00
0.000000e+00
0.000000e+00
0.000000e+00
0.000000e+00
0.000000e+00
0.000000e+00
0.000000e+00
0.000000e+00
0.000000e+00
0.000000e+00
0.000000e+00
0.000000e+00
0.000000e+00
0.000000e+00
0.000000e+00
0.000000e+00
0.000000e+00
0.000000e+00
0.000000e+00
0.000000e+00
0.000000e+00
0.000000e+00
0.000000e+00
0.000000e+00
0.000000e+00
0.000000e+00
0.000000e+00
0.000000e+00
0.000000e+00
0.000000e+00
0.000000e+00
0.000000e+00
0.000000e+00
0.000000e+00
0.000000e+00
0.000000e+00
0.000000e+00
0.000000e+00
0.000000e+00
0.000000e+00
0.000000e+00
0.000000e+00
0.000000e+00
0.000000e+00
0.000000e+00
0.000000e+00
0.000000e+00
0.000000e+00
0.000000e+00
0.000000e+00
0.000000e+00
0.000000e+00
0.000000e+00
0.000000e+00
0.000000e+00
0.000000e+00
0.000000e+00
0.000000e+00
0.000000e+00
0.000000e+00
0.000000e+00
0.000000e+00
0.000000e+00
0.000000e+00
0.000000e+00
0.000000e+00
0.000000e+00
0.000000e+00
0.000000e+00
0.000000e+00
0.000000e+00
0.000000e+00
0.000000e+00
0.000000e+00
0.000000e+00
0.000000e+00
0.000000e+00
0.000000e+00
0.000000e+00
0.000000e+00
0.000000e+00
0.000000e+00
0.000000e+00
0.000000e+00
0.000000e+00
0.000000e+00
0.000000e+00
0.000000e+00
0.000000e+00
0.000000e+00
0.000000e+00
0.000000e+00
0.000000e+00
0.000000e+00
0.000000e+00
0.000000e+00
0.000000e+00
0.000000e+00
0.000000e+00
0.000000e+00
0.000000e+00
0.000000e+00
0.000000e+00
0.000000e+00
0.000000e+00
0.000000e+00
0.000000e+00
0.000000e+00
0.000000e+00
0.000000e+00
0.000000e+00
0.000000e+00
0.000000e+00
0.000000e+00
0.000000e+00
0.000000e+00
0.000000e+00
0.000000e+00
0.000000e+00
0.000000e+00
0.000000e+00
0.000000e+00
0.000000e+00
0.000000e+00
0.000000e+00
0.000000e+00
0.000000e+00
0.000000e+00
0.000000e+00
0.000000e+00
0.000000e+00
0.000000e+00
0.000000e+00
0.000000e+00
0.000000e+00
0.000000e+00
0.000000e+00
0.000000e+00
0.000000e+00
0.000000e+00
0.000000e+00
0.000000e+00
0.000000e+00
0.000000e+00
0.000000e+00
0.000000e+00
0.000000e+00
0.000000e+00
0.000000e+00
0.000000e+00
0.000000e+00
0.000000e+00
0.000000e+00
0.000000e+00
0.000000e+00
0.000000e+00
0.000000e+00
0.000000e+00
0.000000e+00
0.000000e+00
0.000000e+00
0.000000e+00
0.000000e+00
0.000000e+00
0.000000e+00
0.000000e+00
0.000000e+00
0.000000e+00
0.000000e+00
0.000000e+00
0.000000e+00
0.000000e+00
0.000000e+00
0.000000e+00
0.000000e+00
0.000000e+00
0.000000e+00
0.000000e+00
0.000000e+00
0.000000e+00
0.000000e+00
0.000000e+00
0.000000e+00
0.000000e+00
0.000000e+00
0.000000e+00
0.000000e+00
0.000000e+00
0.000000e+00
0.000000e+00
0.000000e+00
0.000000e+00
0.000000e+00
0.000000e+00
0.000000e+00
0.000000e+00
0.000000e+00
0.000000e+00
0.000000e+00
0.000000e+00
0.000000e+00
0.000000e+00
0.000000e+00
0.000000e+00
0.000000e+00
0.000000e+00
0.000000e+00
0.000000e+00
0.000000e+00
0.000000e+00
0.000000e+00
0.000000e+00
0.000000e+00
0.000000e+00
0.000000e+00
0.000000e+00
0.000000e+00
0.000000e+00
0.000000e+00
0.000000e+00
0.000000e+00
0.000000e+00
0.000000e+00
0.000000e+00
0.000000e+00
0.000000e+00
0.000000e+00
0.000000e+00
</DataArray>
<DataArray type="Float32" Name="V3" format="ascii">
0.000000e+00
0.000000e+00
0.000000e+00
0.000000e+00
0.000000e+00
0.000000e+00
0.000000e+00
0.000000e+00
0.000000e+00
0.000000e+00
0.000000e+00
0.000000e+00
0.000000e+00
0.000000e+00
0.000000e+00
0.000000e+00
0.000000e+00
0.000000e+00
0.000000e+00
0.000000e+00
0.000000e+00
0.000000e+00
0.000000e+00
0.000000e+00
0.000000e+00
0.000000e+00
0.000000e+00
0.000000e+00
0.000000e+00
0.000000e+00
0.000000e+00
0.000000e+00
0.000000e+00
0.000000e+00
0.000000e+00
0.000000e+00
0.000000e+00
0.000000e+00
0.000000e+00
0.000000e+00
0.000000e+00
0.000000e+00
0.000000e+00
0.000000e+00
0.000000e+00
0.000000e+00
0.000000e+00
0.000000e+00
0.000000e+00
0.000000e+00
0.000000e+00
0.000000e+00
0.000000e+00
0.000000e+00
0.000000e+00
0.000000e+00
0.000000e+00
0.000000e+00
0.000000e+00
0.000000e+00
0.000000e+00
0.000000e+00
0.000000e+00
0.000000e+00
0.000000e+00
0.000000e+00
0.000000e+00
0.000000e+00
0.000000e+00
0.000000e+00
0.000000e+00
0.000000e+00
0.000000e+00
0.000000e+00
0.000000e+00
0.000000e+00
0.000000e+00
0.000000e+00
0.000000e+00
0.000000e+00
0.000000e+00
0.000000e+00
0.000000e+00
0.000000e+00
0.000000e+00
0.000000e+00
0.000000e+00
0.000000e+00
0.000000e+00
0.000000e+00
0.000000e+00
0.000000e+00
0.000000e+00
0.000000e+00
0.000000e+00
0.000000e+00
0.000000e+00
0.000000e+00
0.000000e+00
0.000000e+00
0.000000e+00
0.000000e+00
0.000000e+00
0.000000e+00
0.000000e+00
0.000000e+00
0.000000e+00
0.000000e+00
0.000000e+00
0.000000e+00
0.000000e+00
0.000000e+00
0.000000e+00
0.000000e+00
0.000000e+00
0.000000e+00
0.000000e+00
0.000000e+00
0.000000e+00
0.000000e+00
0.000000e+00
0.000000e+00
0.000000e+00
0.000000e+00
0.000000e+00
0.000000e+00
0.000000e+00
0.000000e+00
0.000000e+00
0.000000e+00
0.000000e+00
0.000000e+00
0.000000e+00
0.000000e+00
0.000000e+00
0.000000e+00
0.000000e+00
0.000000e+00
0.000000e+00
0.000000e+00
0.000000e+00
0.000000e+00
0.000000e+00
0.000000e+00
0.000000e+00
0.000000e+00
0.000000e+00
0.000000e+00
0.000000e+00
0.000000e+00
0.000000e+00
0.000000e+00
0.000000e+00
0.000000e+00
0.000000e+00
0.000000e+00
0.000000e+00
0.000000e+00
0.000000e+00
0.000000e+00
0.000000e+00
0.000000e+00
0.000000e+00
0.000000e+00
0.000000e+00
0.000000e+00
0.000000e+00
0.000000e+00
0.000000e+00
0.000000e+00
0.000000e+00
0.000000e+00
0.000000e+00
0.000000e+00
0.000000e+00
0.000000e+00
0.000000e+00
0.000000e+00
0.000000e+00
0.000000e+00
0.000000e+00
0.000000e+00
0.000000e+00
0.000000e+00
0.000000e+00
0.000000e+00
0.000000e+00
0.000000e+00
0.000000e+00
0.000000e+00
0.000000e+00
0.000000e+00
0.000000e+00
0.000000e+00
0.000000e+00
0.000000e+00
0.000000e+00
0.000000e+00
0.000000e+00
0.000000e+00
0.000000e+00
0.000000e+00
0.000000e+00
0.000000e+00
0.000000e+00
0.000000e+00
0.000000e+00
0.000000e+00
0.000000e+00
0.000000e+00
0.000000e+00
0.000000e+00
0.000000e+00
0.000000e+00
0.000000e+00
0.000000e+00
0.000000e+00
0.000000e+00
0.000000e+00
0.000000e+00
0.000000e+00
0.000000e+00
0.000000e+00
0.000000e+00
0.000000e+00
0.000000e+00
0.000000e+00
0.000000e+00
0.000000e+00
0.000000e+00
0.000000e+00
0.000000e+00
0.000000e+00
0.000000e+00
0.000000e+00
0.000000e+00
0.000000e+00
0.000000e+00
0.000000e+00
0.000000e+00
0.000000e+00
0.000000e+00
0.000000e+00
0.000000e+00
0.000000e+00
0.000000e+00
0.000000e+00
0.000000e+00
0.000000e+00
0.000000e+00
0.000000e+00
0.000000e+00
0.000000e+00
0.000000e+00
0.000000e+00
0.000000e+00
0.000000e+00
0.000000e+00
0.000000e+00
0.000000e+00
0.000000e+00
0.000000e+00
0.000000e+00
0.000000e+00
0.000000e+00
0.000000e+00
0.000000e+00
0.000000e+00
0.000000e+00
0.000000e+00
0.000000e+00
0.000000e+00
0.000000e+00
0.000000e+00
0.000000e+00
0.000000e+00
0.000000e+00
0.000000e+00
0.000000e+00
0.000000e+00
0.000000e+00
0.000000e+00
0.000000e+00
0.000000e+00
0.000000e+00
0.000000e+00
0.000000e+00
0.000000e+00
0.000000e+00
0.000000e+00
0.000000e+00
0.000000e+00
0.000000e+00
0.000000e+00
0.000000e+00
0.000000e+00
0.000000e+00
0.000000e+00
0.000000e+00
0.000000e+00
0.000000e+00
0.000000e+00
0.000000e+00
0.000000e+00
0.000000e+00
0.000000e+00
0.000000e+00
0.000000e+00
0.000000e+00
0.000000e+00
0.000000e+00
0.000000e+00
0.000000e+00
0.000000e+00
0.000000e+00
0.000000e+00
0.000000e+00
0.000000e+00
0.000000e+00
0.000000e+00
0.000000e+00
0.000000e+00
0.000000e+00
0.000000e+00
0.000000e+00
0.000000e+00
0.000000e+00
0.000000e+00
0.000000e+00
0.000000e+00
0.000000e+00
0.000000e+00
0.000000e+00
0.000000e+00
0.000000e+00
0.000000e+00
0.000000e+00
0.000000e+00
0.000000e+00
0.000000e+00
0.000000e+00
0.000000e+00
0.000000e+00
0.000000e+00
0.000000e+00
0.000000e+00
0.000000e+00
0.000000e+00
0.000000e+00
0.000000e+00
0.000000e+00
0.000000e+00
0.000000e+00
0.000000e+00
0.000000e+00
0.000000e+00
0.000000e+00
0.000000e+00
0.000000e+00
0.000000e+00
0.000000e+00
0.000000e+00
0.000000e+00
0.000000e+00
0.000000e+00
0.000000e+00
0.000000e+00
0.000000e+00
0.000000e+00
0.000000e+00
0.000000e+00
0.000000e+00
0.000000e+00
0.000000e+00
0.000000e+00
0.000000e+00
0.000000e+00
0.000000e+00
0.000000e+00
0.000000e+00
0.000000e+00
0.000000e+00
0.000000e+00
0.000000e+00
0.000000e+00
0.000000e+00
0.000000e+00
0.000000e+00
0.000000e+00
0.000000e+00
0.000000e+00
0.000000e+00
0.000000e+00
0.000000e+00
0.000000e+00
0.000000e+00
0.000000e+00
0.000000e+00
0.000000e+00
0.000000e+00
0.000000e+00
0.000000e+00
0.000000e+00
0.000000e+00
0.000000e+00
0.000000e+00
0.000000e+00
0.000000e+00
0.000000e+00
0.000000e+00
0.000000e+00
0.000000e+00
0.000000e+00
0.000000e+00
0.000000e+00
0.000000e+00
0.000000e+00
0.000000e+00
0.000000e+00
0.000000e+00
0.000000e+00
0.000000e+00
0.000000e+00
0.000000e+00
0.000000e+00
0.000000e+00
0.000000e+00
0.000000e+00
0.000000e+00
0.000000e+00
0.000000e+00
0.000000e+00
0.000000e+00
0.000000e+00
0.000000e+00
0.000000e+00
0.000000e+00
0.000000e+00
0.000000e+00
0.000000e+00
0.000000e+00
0.000000e+00
0.000000e+00
0.000000e+00
0.000000e+00
0.000000e+00
0.000000e+00
0.000000e+00
0.000000e+00
0.000000e+00
0.000000e+00
0.000000e+00
0.000000e+00
0.000000e+00
0.000000e+00
0.000000e+00
0.000000e+00
0.000000e+00
0.000000e+00
0.000000e+00
0.000000e+00
0.000000e+00
0.000000e+00
0.000000e+00
0.000000e+00
0.000000e+00
0.000000e+00
0.000000e+00
0.000000e+00
0.000000e+00
0.000000e+00
0.000000e+00
0.000000e+00
0.000000e+00
0.000000e+00
0.000000e+00
0.000000e+00
0.000000e+00
0.000000e+00
0.000000e+00
0.000000e+00
0.000000e+00
0.000000e+00
0.000000e+00
0.000000e+00
0.000000e+00
0.000000e+00
0.000000e+00
0.000000e+00
0.000000e+00
0.000000e+00
0.000000e+00
0.000000e+00
0.000000e+00
0.000000e+00
0.000000e+00
0.000000e+00
0.000000e+00
0.000000e+00
0.000000e+00
0.000000e+00
0.000000e+00
0.000000e+00
0.000000e+00
0.000000e+00
0.000000e+00
0.000000e+00
0.000000e+00
0.000000e+00
0.000000e+00
0.000000e+00
0.000000e+00
0.000000e+00
0.000000e+00
0.000000e+00
0.000000e+00
0.000000e+00
0.000000e+00
0.000000e+00
0.000000e+00
0.000000e+00
0.000000e+00
0.000000e+00
0.000000e+00
0.000000e+00
0.000000e+00
0.000000e+00
0.000000e+00
0.000000e+00
0.000000e+00
0.000000e+00
0.000000e+00
0.000000e+00
0.000000e+00
0.000000e+00
0.000000e+00
0.000000e+00
0.000000e+00
0.000000e+00
0.000000e+00
0.000000e+00
0.000000e+00
0.000000e+00
0.000000e+00
0.000000e+00
0.000000e+00
0.000000e+00
0.000000e+00
0.000000e+00
0.000000e+00
0.000000e+00
0.000000e+00
0.000000e+00
0.000000e+00
0.000000e+00
0.000000e+00
0.000000e+00
0.000000e+00
0.000000e+00
0.000000e+00
0.000000e+00
0.000000e+00
0.000000e+00
0.000000e+00
0.000000e+00
0.000000e+00
0.000000e+00
0.000000e+00
0.000000e+00
0.000000e+00
0.000000e+00
0.000000e+00
0.000000e+00
0.000000e+00
0.000000e+00
0.000000e+00
0.000000e+00
0.000000e+00
0.000000e+00
0.000000e+00
0.000000e+00
0.000000e+00
0.000000e+00
0.000000e+00
0.000000e+00
0.000000e+00
0.000000e+00
0.000000e+00
0.000000e+00
0.000000e+00
0.000000e+00
0.000000e+00
0.000000e+00
0.000000e+00
0.000000e+00
0.000000e+00
0.000000e+00
0.000000e+00
0.000000e+00
0.000000e+00
0.000000e+00
0.000000e+00
0.000000e+00
0.000000e+00
0.000000e+00
0.000000e+00
0.000000e+00
0.000000e+00
0.000000e+00
0.000000e+00
0.000000e+00
0.000000e+00
0.000000e+00
0.000000e+00
0.000000e+00
0.000000e+00
0.000000e+00
0.000000e+00
0.000000e+00
0.000000e+00
0.000000e+00
0.000000e+00
0.000000e+00
0.000000e+00
0.000000e+00
0.000000e+00
0.000000e+00
0.000000e+00
0.000000e+00
0.000000e+00
0.000000e+00
0.000000e+00
0.000000e+00
0.000000e+00
0.000000e+00
0.000000e+00
0.000000e+00
0.000000e+00
0.000000e+00
0.000000e+00
0.000000e+00
0.000000e+00
0.000000e+00
0.000000e+00
0.000000e+00
0.000000e+00
0.000000e+00
0.000000e+00
0.000000e+00
0.000000e+00
0.000000e+00
0.000000e+00
0.000000e+00
0.000000e+00
0.000000e+00
0.000000e+00
0.000000e+00
0.000000e+00
0.000000e+00
0.000000e+00
0.000000e+00
0.000000e+00
0.000000e+00
0.000000e+00
0.000000e+00
0.000000e+00
0.000000e+00
0.000000e+00
0.000000e+00
0.000000e+00
0.000000e+00
0.000000e+00
0.000000e+00
0.000000e+00
0.000000e+00
0.000000e+00
0.000000e+00
0.000000e+00
0.000000e+00
0.000000e+00
0.000000e+00
0.000000e+00
0.000000e+00
0.000000e+00
0.000000e+00
0.000000e+00
0.000000e+00
0.000000e+00
0.000000e+00
0.000000e+00
0.000000e+00
0.000000e+00
0.000000e+00
0.000000e+00
0.000000e+00
0.000000e+00
0.000000e+00
0.000000e+00
0.000000e+00
0.000000e+00
0.000000e+00
0.000000e+00
0.000000e+00
0.000000e+00
0.000000e+00
0.000000e+00
0.000000e+00
0.000000e+00
0.000000e+00
0.000000e+00
0.000000e+00
0.000000e+00
0.000000e+00
0.000000e+00
0.000000e+00
0.000000e+00
0.000000e+00
0.000000e+00
0.000000e+00
0.000000e+00
0.000000e+00
0.000000e+00
0.000000e+00
0.000000e+00
0.000000e+00
0.000000e+00
0.000000e+00
0.000000e+00
0.000000e+00
0.000000e+00
0.000000e+00
0.000000e+00
0.000000e+00
0.000000e+00
0.000000e+00
0.000000e+00
0.000000e+00
0.000000e+00
0.000000e+00
0.000000e+00
0.000000e+00
0.000000e+00
0.000000e+00
0.000000e+00
0.000000e+00
0.000000e+00
0.000000e+00
0.000000e+00
0.000000e+00
0.000000e+00
0.000000e+00
0.000000e+00
0.000000e+00
0.000000e+00
0.000000e+00
0.000000e+00
0.000000e+00
0.000000e+00
0.000000e+00
0.000000e+00
0.000000e+00
0.000000e+00
0.000000e+00
0.000000e+00
0.000000e+00
0.000000e+00
0.000000e+00
0.000000e+00
0.000000e+00
0.000000e+00
0.000000e+00
0.000000e+00
0.000000e+00
0.000000e+00
0.000000e+00
0.000000e+00
0.000000e+00
0.000000e+00
0.000000e+00
0.000000e+00
0.000000e+00
0.000000e+00
0.000000e+00
0.000000e+00
0.000000e+00
0.000000e+00
0.000000e+00
0.000000e+00
0.000000e+00
0.000000e+00
0.000000e+00
0.000000e+00
0.000000e+00
0.000000e+00
0.000000e+00
0.000000e+00
0.000000e+00
0.000000e+00
0.000000e+00
0.000000e+00
0.000000e+00
0.000000e+00
0.000000e+00
0.000000e+00
0.000000e+00
0.000000e+00
0.000000e+00
0.000000e+00
0.000000e+00
0.000000e+00
0.000000e+00
0.000000e+00
0.000000e+00
0.000000e+00
0.000000e+00
0.000000e+00
0.000000e+00
0.000000e+00
0.000000e+00
0.000000e+00
0.000000e+00
0.000000e+00
0.000000e+00
0.000000e+00
0.000000e+00
0.000000e+00
0.000000e+00
0.000000e+00
0.000000e+00
0.000000e+00
0.000000e+00
0.000000e+00
0.000000e+00
0.000000e+00
0.000000e+00
0.000000e+00
0.000000e+00
0.000000e+00
0.000000e+00
0.000000e+00
0.000000e+00
0.000000e+00
0.000000e+00
0.000000e+00
0.000000e+00
0.000000e+00
0.000000e+00
0.000000e+00
0.000000e+00
0.000000e+00
0.000000e+00
0.000000e+00
0.000000e+00
0.000000e+00
0.000000e+00
0.000000e+00
0.000000e+00
0.000000e+00
0.000000e+00
0.000000e+00
0.000000e+00
0.000000e+00
0.000000e+00
0.000000e+00
0.000000e+00
0.000000e+00
0.000000e+00
0.000000e+00
0.000000e+00
0.000000e+00
0.000000e+00
0.000000e+00
0.000000e+00
0.000000e+00
0.000000e+00
0.000000e+00
0.000000e+00
0.000000e+00
0.000000e+00
0.000000e+00
0.000000e+00
0.000000e+00
0.000000e+00
0.000000e+00
0.000000e+00
0.000000e+00
0.000000e+00
0.000000e+00
0.000000e+00
0.000000e+00
0.000000e+00
0.000000e+00
0.000000e+00
0.000000e+00
0.000000e+00
0.000000e+00
0.000000e+00
0.000000e+00
0.000000e+00
0.000000e+00
0.000000e+00
0.000000e+00
0.000000e+00
0.000000e+00
0.000000e+00
0.000000e+00
0.000000e+00
0.000000e+00
0.000000e+00
0.000000e+00
0.000000e+00
0.000000e+00
0.000000e+00
0.000000e+00
0.000000e+00
0.000000e+00
0.000000e+00
0.000000e+00
0.000000e+00
0.000000e+00
0.000000e+00
0.000000e+00
0.000000e+00
0.000000e+00
0.000000e+00
0.000000e+00
0.000000e+00
0.000000e+00
0.000000e+00
0.000000e+00
0.000000e+00
0.000000e+00
0.000000e+00
0.000000e+00
0.000000e+00
0.000000e+00
0.000000e+00
0.000000e+00
0.000000e+00
0.000000e+00
0.000000e+00
0.000000e+00
0.000000e+00
0.000000e+00
0.000000e+00
0.000000e+00
0.000000e+00
0.000000e+00
0.000000e+00
0.000000e+00
0.000000e+00
0.000000e+00
0.000000e+00
0.000000e+00
0.000000e+00
0.000000e+00
0.000000e+00
0.000000e+00
0.000000e+00
0.000000e+00
0.000000e+00
0.000000e+00
0.000000e+00
0.000000e+00
0.000000e+00
0.000000e+00
0.000000e+00
0.000000e+00
0.000000e+00
0.000000e+00
0.000000e+00
0.000000e+00
0.000000e+00
0.000000e+00
0.000000e+00
0.000000e+00
0.000000e+00
0.000000e+00
0.000000e+00
0.000000e+00
0.000000e+00
0.000000e+00
0.000000e+00
0.000000e+00
0.000000e+00
0.000000e+00
0.000000e+00
0.000000e+00
0.000000e+00
0.000000e+00
0.000000e+00
0.000000e+00
0.000000e+00
0.000000e+00
0.000000e+00
0.000000e+00
0.000000e+00
0.000000e+00
0.000000e+00
0.000000e+00
0.000000e+00
0.000000e+00
0.000000e+00
0.000000e+00
0.000000e+00
0.000000e+00
0.000000e+00
0.000000e+00
0.000000e+00
0.000000e+00
0.000000e+00
0.000000e+00
0.000000e+00
0.000000e+00
0.000000e+00
0.000000e+00
0.000000e+00
0.000000e+00
0.000000e+00
0.000000e+00
0.000000e+00
0.000000e+00
0.000000e+00
0.000000e+00
0.000000e+00
0.000000e+00
0.000000e+00
0.000000e+00
0.000000e+00
0.000000e+00
0.000000e+00
0.000000e+00
0.000000e+00
0.000000e+00
0.000000e+00
0.000000e+00
0.000000e+00
0.000000e+00
0.000000e+00
0.000000e+00
0.000000e+00
0.000000e+00
0.000000e+00
0.000000e+00
0.000000e+00
0.000000e+00
0.000000e+00
0.000000e+00
0.000000e+00
0.000000e+00
0.000000e+00
0.000000e+00
0.000000e+00
0.000000e+00
0.000000e+00
0.000000e+00
0.000000e+00
0.000000e+00
0.000000e+00
0.000000e+00
0.000000e+00
0.000000e+00
0.000000e+00
0.000000e+00
0.000000e+00
0.000000e+00
0.000000e+00
0.000000e+00
0.000000e+00
0.000000e+00
0.000000e+00
0.000000e+00
0.000000e+00
0.000000e+00
0.000000e+00
0.000000e+00
0.000000e+00
0.000000e+00
0.000000e+00
0.000000e+00
0.000000e+00
0.000000e+00
0.000000e+00
0.000000e+00
0.000000e+00
0.000000e+00
0.000000e+00
0.000000e+00
0.000000e+00
0.000000e+00
0.000000e+00
0.000000e+00
0.000000e+00
0.000000e+00
0.000000e+00
0.000000e+00
0.000000e+00
0.000000e+00
0.000000e+00
0.000000e+00
0.000000e+00
0.000000e+00
0.000000e+00
0.000000e+00
0.000000e+00
0.000000e+00
0.000000e+00
0.000000e+00
0.000000e+00
0.000000e+00
0.000000e+00
0.000000e+00
0.000000e+00
0.000000e+00
0.000000e+00
0.000000e+00
0.000000e+00
0.000000e+00
0.000000e+00
0.000000e+00
0.000000e+00
0.000000e+00
0.000000e+00
0.000000e+00
0.000000e+00
0.000000e+00
0.000000e+00
0.000000e+00
0.000000e+00
0.000000e+00
0.000000e+00
0.000000e+00
0.000000e+00
0.000000e+00
0.000000e+00
0.000000e+00
0.000000e+00
0.000000e+00
0.000000e+00
0.000000e+00
0.000000e+00
0.000000e+00
0.000000e+00
0.000000e+00
0.000000e+00
0.000000e+00
0.000000e+00
0.000000e+00
0.000000e+00
0.000000e+00
0.000000e+00
0.000000e+00
0.000000e+00
0.000000e+00
0.000000e+00
0.000000e+00
0.000000e+00
0.000000e+00
0.000000e+00
0.000000e+00
0.000000e+00
0.000000e+00
0.000000e+00
0.000000e+00
0.000000e+00
0.000000e+00
0.000000e+00
0.000000e+00
0.000000e+00
0.000000e+00
0.000000e+00
0.000000e+00
0.000000e+00
0.000000e+00
0.000000e+00
0.000000e+00
0.000000e+00
0.000000e+00
0.000000e+00
0.000000e+00
0.000000e+00
0.000000e+00
0.000000e+00
0.000000e+00
0.000000e+00
0.000000e+00
0.000000e+00
0.000000e+00
0.000000e+00
0.000000e+00
0.000000e+00
0.000000e+00
0.000000e+00
0.000000e+00
0.000000e+00
0.000000e+00
0.000000e+00
0.000000e+00
0.000000e+00
0.000000e+00
0.000000e+00
0.000000e+00
0.000000e+00
0.000000e+00
0.000000e+00
0.000000e+00
0.000000e+00
0.000000e+00
0.000000e+00
0.000000e+00
0.000000e+00
0.000000e+00
0.000000e+00
0.000000e+00
0.000000e+00
0.000000e+00
0.000000e+00
0.000000e+00
0.000000e+00
0.000000e+00
0.000000e+00
0.000000e+00
0.000000e+00
0.000000e+00
0.000000e+00
0.000000e+00
0.000000e+00
0.000000e+00
0.000000e+00
0.000000e+00
0.000000e+00
0.000000e+00
0.000000e+00
0.000000e+00
0.000000e+00
0.000000e+00
0.000000e+00
0.000000e+00
0.000000e+00
0.000000e+00
0.000000e+00
0.000000e+00
0.000000e+00
0.000000e+00
0.000000e+00
0.000000e+00
0.000000e+00
0.000000e+00
0.000000e+00
0.000000e+00
0.000000e+00
0.000000e+00
0.000000e+00
0.000000e+00
0.000000e+00
0.000000e+00
0.000000e+00
0.000000e+00
0.000000e+00
0.000000e+00
0.000000e+00
0.000000e+00
0.000000e+00
0.000000e+00
0.000000e+00
0.000000e+00
0.000000e+00
0.000000e+00
0.000000e+00
0.000000e+00
0.000000e+00
0.000000e+00
0.000000e+00
0.000000e+00
0.000000e+00
0.000000e+00
0.000000e+00
0.000000e+00
0.000000e+00
0.000000e+00
0.000000e+00
0.000000e+00
0.000000e+00
0.000000e+00
0.000000e+00
0.000000e+00
0.000000e+00
0.000000e+00
0.000000e+00
0.000000e+00
0.000000e+00
0.000000e+00
0.000000e+00
0.000000e+00
0.000000e+00
0.000000e+00
0.000000e+00
0.000000e+00
0.000000e+00
0.000000e+00
0.000000e+00
0.000000e+00
0.000000e+00
0.000000e+00
0.000000e+00
0.000000e+00
0.000000e+00
0.000000e+00
0.000000e+00
0.000000e+00
0.000000e+00
0.000000e+00
0.000000e+00
0.000000e+00
0.000000e+00
0.000000e+00
0.000000e+00
0.000000e+00
0.000000e+00
0.000000e+00
0.000000e+00
0.000000e+00
0.000000e+00
0.000000e+00
0.000000e+00
0.000000e+00
0.000000e+00
0.000000e+00
0.000000e+00
0.000000e+00
0.000000e+00
0.000000e+00
0.000000e+00
0.000000e+00
0.000000e+00
0.000000e+00
0.000000e+00
0.000000e+00
0.000000e+00
0.000000e+00
0.000000e+00
0.000000e+00
0.000000e+00
0.000000e+00
0.000000e+00
0.000000e+00
0.000000e+00
0.000000e+00
0.000000e+00
0.000000e+00
0.000000e+00
0.000000e+00
0.000000e+00
0.000000e+00
0.000000e+00
0.000000e+00
0.000000e+00
0.000000e+00
0.000000e+00
0.000000e+00
0.000000e+00
0.000000e+00
0.000000e+00
0.000000e+00
0.000000e+00
0.000000e+00
0.000000e+00
0.000000e+00
0.000000e+00
0.000000e+00
0.000000e+00
0.000000e+00
0.000000e+00
0.000000e+00
0.000000e+00
0.000000e+00
0.000000e+00
0.000000e+00
0.000000e+00
0.000000e+00
0.000000e+00
0.000000e+00
0.000000e+00
0.000000e+00
0.000000e+00
0.000000e+00
0.000000e+00
0.000000e+00
0.000000e+00
0.000000e+00
0.000000e+00
0.000000e+00
0.000000e+00
0.000000e+00
0.000000e+00
0.000000e+00
0.000000e+00
0.000000e+00
0.000000e+00
0.000000e+00
0.000000e+00
0.000000e+00
0.000000e+00
0.000000e+00
0.000000e+00
0.000000e+00
0.000000e+00
0.000000e+00
0.000000e+00
0.000000e+00
0.000000e+00
0.000000e+00
0.000000e+00
0.000000e+00
0.000000e+00
0.000000e+00
0.000000e+00
0.000000e+00
0.000000e+00
0.000000e+00
0.000000e+00
0.000000e+00
0.000000e+00
0.000000e+00
0.000000e+00
0.000000e+00
0.000000e+00
0.000000e+00
0.000000e+00
0.000000e+00
0.000000e+00
0.000000e+00
0.000000e+00
0.000000e+00
0.000000e+00
0.000000e+00
0.000000e+00
0.000000e+00
0.000000e+00
0.000000e+00
0.000000e+00
0.000000e+00
0.000000e+00
0.000000e+00
0.000000e+00
0.000000e+00
0.000000e+00
0.000000e+00
0.000000e+00
0.000000e+00
0.000000e+00
0.000000e+00
0.000000e+00
0.000000e+00
0.000000e+00
0.000000e+00
0.000000e+00
0.000000e+00
0.000000e+00
0.000000e+00
0.000000e+00
0.000000e+00
0.000000e+00
0.000000e+00
0.000000e+00
0.000000e+00
0.000000e+00
0.000000e+00
0.000000e+00
0.000000e+00
0.000000e+00
0.000000e+00
0.000000e+00
0.000000e+00
0.000000e+00
0.000000e+00
0.000000e+00
0.000000e+00
0.000000e+00
0.000000e+00
0.000000e+00
0.000000e+00
0.000000e+00
0.000000e+00
0.000000e+00
0.000000e+00
0.000000e+00
0.000000e+00
0.000000e+00
0.000000e+00
0.000000e+00
0.000000e+00
0.000000e+00
0.000000e+00
0.000000e+00
0.000000e+00
0.000000e+00
0.000000e+00
0.000000e+00
0.000000e+00
0.000000e+00
0.000000e+00
0.000000e+00
0.000000e+00
0.000000e+00
0.000000e+00
0.000000e+00
0.000000e+00
0.000000e+00
0.000000e+00
0.000000e+00
0.000000e+00
0.000000e+00
0.000000e+00
0.000000e+00
0.000000e+00
0.000000e+00
0.000000e+00
0.000000e+00
0.000000e+00
0.000000e+00
0.000000e+00
0.000000e+00
0.000000e+00
0.000000e+00
0.000000e+00
0.000000e+00
0.000000e+00
0.000000e+00
0.000000e+00
0.000000e+00
0.000000e+00
0.000000e+00
0.000000e+00
0.000000e+00
0.000000e+00
0.000000e+00
0.000000e+00
0.000000e+00
0.000000e+00
0.000000e+00
0.000000e+00
0.000000e+00
0.000000e+00
0.000000e+00
0.000000e+00
0.000000e+00
0.000000e+00
0.000000e+00
0.000000e+00
0.000000e+00
0.000000e+00
0.000000e+00
0.000000e+00
0.000000e+00
0.000000e+00
0.000000e+00
0.000000e+00
0.000000e+00
0.000000e+00
0.000000e+00
0.000000e+00
0.000000e+00
0.000000e+00
0.000000e+00
0.000000e+00
0.000000e+00
0.000000e+00
0.000000e+00
0.000000e+00
0.000000e+00
0.000000e+00
0.000000e+00
0.000000e+00
0.000000e+00
0.000000e+00
0.000000e+00
0.000000e+00
0.000000e+00
0.000000e+00
0.000000e+00
0.000000e+00
0.000000e+00
0.000000e+00
0.000000e+00
0.000000e+00
0.000000e+00
0.000000e+00
0.000000e+00
0.000000e+00
0.000000e+00
0.000000e+00
0.000000e+00
0.000000e+00
0.000000e+00
0.000000e+00
0.000000e+00
0.000000e+00
0.000000e+00
0.000000e+00
0.000000e+00
0.000000e+00
0.000000e+00
0.000000e+00
0.000000e+00
0.000000e+00
0.000000e+00
0.000000e+00
0.000000e+00
0.000000e+00
0.000000e+00
0.000000e+00
0.000000e+00
0.000000e+00
0.000000e+00
0.000000e+00
0.000000e+00
0.000000e+00
0.000000e+00
0.000000e+00
0.000000e+00
0.000000e+00
0.000000e+00
0.000000e+00
0.000000e+00
0.000000e+00
0.000000e+00
0.000000e+00
0.000000e+00
0.000000e+00
0.000000e+00
0.000000e+00
0.000000e+00
0.000000e+00
0.000000e+00
0.000000e+00
0.000000e+00
0.000000e+00
0.000000e+00
0.000000e+00
0.000000e+00
0.000000e+00
0.000000e+00
0.000000e+00
0.000000e+00
0.000000e+00
0.000000e+00
0.000000e+00
0.000000e+00
0.000000e+00
0.000000e+00
0.000000e+00
0.000000e+00
0.000000e+00
0.000000e+00
0.000000e+00
0.000000e+00
0.000000e+00
0.000000e+00
0.000000e+00
0.000000e+00
0.000000e+00
0.000000e+00
0.000000e+00
0.000000e+00
0.000000e+00
0.000000e+00
0.000000e+00
0.000000e+00
0.000000e+00
0.000000e+00
0.000000e+00
0.000000e+00
0.000000e+00
0.000000e+00
0.000000e+00
0.000000e+00
0.000000e+00
0.000000e+00
0.000000e+00
0.000000e+00
0.000000e+00
0.000000e+00
0.000000e+00
0.000000e+00
0.000000e+00
0.000000e+00
0.000000e+00
0.000000e+00
0.000000e+00
0.000000e+00
0.000000e+00
0.000000e+00
0.000000e+00
0.000000e+00
0.000000e+00
0.000000e+00
0.000000e+00
0.000000e+00
0.000000e+00
0.000000e+00
0.000000e+00
0.000000e+00
0.000000e+00
0.000000e+00
0.000000e+00
0.000000e+00
0.000000e+00
0.000000e+00
0.000000e+00
0.000000e+00
0.000000e+00
0.000000e+00
0.000000e+00
0.000000e+00
0.000000e+00
0.000000e+00
0.000000e+00
0.000000e+00
0.000000e+00
0.000000e+00
0.000000e+00
0.000000e+00
0.000000e+00
0.000000e+00
0.000000e+00
0.000000e+00
0.000000e+00
0.000000e+00
0.000000e+00
0.000000e+00
0.000000e+00
0.000000e+00
0.000000e+00
0.000000e+00
0.000000e+00
0.000000e+00
0.000000e+00
0.000000e+00
0.000000e+00
0.000000e+00
0.000000e+00
0.000000e+00
0.000000e+00
0.000000e+00
0.000000e+00
0.000000e+00
0.000000e+00
0.000000e+00
0.000000e+00
0.000000e+00
0.000000e+00
0.000000e+00
0.000000e+00
0.000000e+00
0.000000e+00
0.000000e+00
0.000000e+00
0.000000e+00
0.000000e+00
0.000000e+00
0.000000e+00
0.000000e+00
0.000000e+00
0.000000e+00
0.000000e+00
0.000000e+00
0.000000e+00
0.000000e+00
0.000000e+00
0.000000e+00
0.000000e+00
0.000000e+00
0.000000e+00
0.000000e+00
0.000000e+00
0.000000e+00
0.000000e+00
0.000000e+00
0.000000e+00
0.000000e+00
0.000000e+00
0.000000e+00
0.000000e+00
0.000000e+00
0.000000e+00
0.000000e+00
0.000000e+00
0.000000e+00
0.000000e+00
0.000000e+00
0.000000e+00
0.000000e+00
0.000000e+00
0.000000e+00
0.000000e+00
0.000000e+00
0.000000e+00
0.000000e+00
0.000000e+00
0.000000e+00
0.000000e+00
0.000000e+00
0.000000e+00
0.000000e+00
0.000000e+00
0.000000e+00
0.000000e+00
0.000000e+00
0.000000e+00
0.000000e+00
0.000000e+00
0.000000e+00
0.000000e+00
0.000000e+00
0.000000e+00
0.000000e+00
0.000000e+00
0.000000e+00
0.000000e+00
0.000000e+00
0.000000e+00
0.000000e+00
0.000000e+00
0.000000e+00
0.000000e+00
0.000000e+00
0.000000e+00
0.000000e+00
0.000000e+00
0.000000e+00
0.000000e+00
0.000000e+00
0.000000e+00
0.000000e+00
0.000000e+00
0.000000e+00
0.000000e+00
0.000000e+00
0.000000e+00
0.000000e+00
0.000000e+00
0.000000e+00
0.000000e+00
0.000000e+00
0.000000e+00
0.000000e+00
0.000000e+00
0.000000e+00
0.000000e+00
0.000000e+00
0.000000e+00
0.000000e+00
0.000000e+00
0.000000e+00
0.000000e+00
0.000000e+00
0.000000e+00
0.000000e+00
0.000000e+00
0.000000e+00
0.000000e+00
0.000000e+00
0.000000e+00
0.000000e+00
0.000000e+00
0.000000e+00
0.000000e+00
0.000000e+00
0.000000e+00
0.000000e+00
0.000000e+00
0.000000e+00
0.000000e+00
0.000000e+00
0.000000e+00
0.000000e+00
0.000000e+00
0.000000e+00
0.000000e+00
0.000000e+00
0.000000e+00
0.000000e+00
0.000000e+00
0.000000e+00
0.000000e+00
0.000000e+00
0.000000e+00
0.000000e+00
0.000000e+00
0.000000e+00
0.000000e+00
0.000000e+00
0.000000e+00
0.000000e+00
0.000000e+00
0.000000e+00
0.000000e+00
0.000000e+00
0.000000e+00
0.000000e+00
0.000000e+00
0.000000e+00
0.000000e+00
0.000000e+00
0.000000e+00
0.000000e+00
0.000000e+00
0.000000e+00
0.000000e+00
0.000000e+00
0.000000e+00
0.000000e+00
0.000000e+00
0.000000e+00
0.000000e+00
0.000000e+00
0.000000e+00
0.000000e+00
0.000000e+00
0.000000e+00
0.000000e+00
0.000000e+00
0.000000e+00
0.000000e+00
0.000000e+00
0.000000e+00
0.000000e+00
0.000000e+00
0.000000e+00
0.000000e+00
0.000000e+00
0.000000e+00
0.000000e+00
0.000000e+00
0.000000e+00
0.000000e+00
0.000000e+00
0.000000e+00
0.000000e+00
0.000000e+00
0.000000e+00
0.000000e+00
0.000000e+00
0.000000e+00
0.000000e+00
0.000000e+00
0.000000e+00
0.000000e+00
0.000000e+00
0.000000e+00
0.000000e+00
0.000000e+00
0.000000e+00
0.000000e+00
0.000000e+00
0.000000e+00
0.000000e+00
0.000000e+00
0.000000e+00
0.000000e+00
0.000000e+00
0.000000e+00
0.000000e+00
0.000000e+00
0.000000e+00
0.000000e+00
0.000000e+00
0.000000e+00
0.000000e+00
0.000000e+00
0.000000e+00
0.000000e+00
0.000000e+00
0.000000e+00
0.000000e+00
0.000000e+00
0.000000e+00
0.000000e+00
0.000000e+00
0.000000e+00
0.000000e+00
0.000000e+00
0.000000e+00
0.000000e+00
0.000000e+00
0.000000e+00
0.000000e+00
0.000000e+00
0.000000e+00
0.000000e+00
0.000000e+00
0.000000e+00
0.000000e+00
0.000000e+00
0.000000e+00
0.000000e+00
0.000000e+00
0.000000e+00
0.000000e+00
0.000000e+00
0.000000e+00
0.000000e+00
0.000000e+00
0.000000e+00
0.000000e+00
0.000000e+00
0.000000e+00
0.000000e+00
0.000000e+00
0.000000e+00
0.000000e+00
0.000000e+00
0.000000e+00
0.000000e+00
0.000000e+00
0.000000e+00
0.000000e+00
0.000000e+00
0.000000e+00
0.000000e+00
0.000000e+00
0.000000e+00
0.000000e+00
0.000000e+00
0.000000e+00
0.000000e+00
0.000000e+00
0.000000e+00
0.000000e+00
0.000000e+00
0.000000e+00
0.000000e+00
0.000000e+00
0.000000e+00
0.000000e+00
0.000000e+00
0.000000e+00
0.000000e+00
0.000000e+00
0.000000e+00
0.000000e+00
0.000000e+00
0.000000e+00
0.000000e+00
0.000000e+00
0.000000e+00
0.000000e+00
0.000000e+00
0.000000e+00
0.000000e+00
0.000000e+00
0.000000e+00
0.000000e+00
0.000000e+00
0.000000e+00
0.000000e+00
0.000000e+00
0.000000e+00
0.000000e+00
0.000000e+00
0.000000e+00
0.000000e+00
0.000000e+00
0.000000e+00
0.000000e+00
0.000000e+00
0.000000e+00
0.000000e+00
0.000000e+00
0.000000e+00
0.000000e+00
0.000000e+00
0.000000e+00
0.000000e+00
0.000000e+00
0.000000e+00
0.000000e+00
0.000000e+00
0.000000e+00
0.000000e+00
0.000000e+00
0.000000e+00
0.000000e+00
0.000000e+00
0.000000e+00
0.000000e+00
0.000000e+00
0.000000e+00
0.000000e+00
0.000000e+00
0.000000e+00
0.000000e+00
0.000000e+00
0.000000e+00
0.000000e+00
0.000000e+00
0.000000e+00
0.000000e+00
0.000000e+00
0.000000e+00
0.000000e+00
0.000000e+00
0.000000e+00
0.000000e+00
0.000000e+00
0.000000e+00
0.000000e+00
0.000000e+00
0.000000e+00
0.000000e+00
0.000000e+00
0.000000e+00
0.000000e+00
0.000000e+00
0.000000e+00
0.000000e+00
0.000000e+00
0.000000e+00
0.000000e+00
0.000000e+00
0.000000e+00
0.000000e+00
0.000000e+00
0.000000e+00
0.000000e+00
0.000000e+00
0.000000e+00
0.000000e+00
0.000000e+00
0.000000e+00
0.000000e+00
0.000000e+00
0.000000e+00
0.000000e+00
0.000000e+00
0.000000e+00
0.000000e+00
0.000000e+00
0.000000e+00
0.000000e+00
0.000000e+00
0.000000e+00
0.000000e+00
0.000000e+00
0.000000e+00
0.000000e+00
0.000000e+00
0.000000e+00
0.000000e+00
0.000000e+00
0.000000e+00
0.000000e+00
0.000000e+00
0.000000e+00
0.000000e+00
0.000000e+00
0.000000e+00
0.000000e+00
0.000000e+00
0.000000e+00
0.000000e+00
0.000000e+00
0.000000e+00
0.000000e+00
0.000000e+00
0.000000e+00
0.000000e+00
0.000000e+00
0.000000e+00
0.000000e+00
0.000000e+00
0.000000e+00
0.000000e+00
0.000000e+00
0.000000e+00
0.000000e+00
0.000000e+00
0.000000e+00
0.000000e+00
0.000000e+00
0.000000e+00
0.000000e+00
0.000000e+00
0.000000e+00
0.000000e+00
0.000000e+00
0.000000e+00
0.000000e+00
0.000000e+00
0.000000e+00
0.000000e+00
0.000000e+00
0.000000e+00
0.000000e+00
0.000000e+00
0.000000e+00
0.000000e+00
0.000000e+00
0.000000e+00
0.000000e+00
0.000000e+00
0.000000e+00
0.000000e+00
0.000000e+00
0.000000e+00
0.000000e+00
0.000000e+00
0.000000e+00
0.000000e+00
0.000000e+00
0.000000e+00
0.000000e+00
0.000000e+00
0.000000e+00
0.000000e+00
0.000000e+00
0.000000e+00
0.000000e+00
0.000000e+00
0.000000e+00
0.000000e+00
0.000000e+00
0.000000e+00
0.000000e+00
0.000000e+00
0.000000e+00
0.000000e+00
0.000000e+00
0.000000e+00
0.000000e+00
0.000000e+00
0.000000e+00
0.000000e+00
0.000000e+00
0.000000e+00
0.000000e+00
0.000000e+00
0.000000e+00
0.000000e+00
0.000000e+00
0.000000e+00
0.000000e+00
0.000000e+00
0.000000e+00
0.000000e+00
0.000000e+00
0.000000e+00
0.000000e+00
0.000000e+00
0.000000e+00
0.000000e+00
0.000000e+00
0.000000e+00
0.000000e+00
0.000000e+00
0.000000e+00
0.000000e+00
0.000000e+00
0.000000e+00
0.000000e+00
0.000000e+00
0.000000e+00
0.000000e+00
0.000000e+00
0.000000e+00
0.000000e+00
0.000000e+00
0.000000e+00
0.000000e+00
0.000000e+00
0.000000e+00
0.000000e+00
0.000000e+00
0.000000e+00
0.000000e+00
0.000000e+00
0.000000e+00
0.000000e+00
0.000000e+00
0.000000e+00
0.000000e+00
0.000000e+00
0.000000e+00
0.000000e+00
0.000000e+00
0.000000e+00
0.000000e+00
0.000000e+00
0.000000e+00
0.000000e+00
0.000000e+00
0.000000e+00
0.000000e+00
0.000000e+00
0.000000e+00
0.000000e+00
0.000000e+00
0.000000e+00
0.000000e+00
0.000000e+00
0.000000e+00
0.000000e+00
0.000000e+00
0.000000e+00
0.000000e+00
0.000000e+00
0.000000e+00
0.000000e+00
0.000000e+00
0.000000e+00
0.000000e+00
0.000000e+00
0.000000e+00
0.000000e+00
0.000000e+00
0.000000e+00
0.000000e+00
0.000000e+00
0.000000e+00
0.000000e+00
0.000000e+00
0.000000e+00
0.000000e+00
0.000000e+00
0.000000e+00
0.000000e+00
0.000000e+00
0.000000e+00
0.000000e+00
0.000000e+00
0.000000e+00
0.000000e+00
0.000000e+00
0.000000e+00
0.000000e+00
0.000000e+00
0.000000e+00
0.000000e+00
0.000000e+00
0.000000e+00
0.000000e+00
0.000000e+00
0.000000e+00
0.000000e+00
0.000000e+00
0.000000e+00
0.000000e+00
0.000000e+00
0.000000e+00
0.000000e+00
0.000000e+00
0.000000e+00
0.000000e+00
0.000000e+00
0.000000e+00
0.000000e+00
0.000000e+00
0.000000e+00
0.000000e+00
0.000000e+00
0.000000e+00
0.000000e+00
0.000000e+00
0.000000e+00
0.000000e+00
0.000000e+00
0.000000e+00
0.000000e+00
0.000000e+00
0.000000e+00
0.000000e+00
0.000000e+00
0.000000e+00
0.000000e+00
0.000000e+00
0.000000e+00
0.000000e+00
0.000000e+00
0.000000e+00
0.000000e+00
0.000000e+00
0.000000e+00
0.000000e+00
0.000000e+00
0.000000e+00
0.000000e+00
0.000000e+00
0.000000e+00
0.000000e+00
0.000000e+00
0.000000e+00
0.000000e+00
0.000000e+00
0.000000e+00
0.000000e+00
0.000000e+00
0.000000e+00
0.000000e+00
0.000000e+00
0.000000e+00
0.000000e+00
0.000000e+00
0.000000e+00
0.000000e+00
0.000000e+00
0.000000e+00
0.000000e+00
0.000000e+00
0.000000e+00
0.000000e+00
0.000000e+00
0.000000e+00
0.000000e+00
0.000000e+00
0.000000e+00
0.000000e+00
0.000000e+00
0.000000e+00
0.000000e+00
0.000000e+00
0.000000e+00
0.000000e+00
0.000000e+00
0.000000e+00
0.000000e+00
0.000000e+00
0.000000e+00
0.000000e+00
0.000000e+00
0.000000e+00
0.000000e+00
0.000000e+00
0.000000e+00
0.000000e+00
0.000000e+00
0.000000e+00
0.000000e+00
0.000000e+00
0.000000e+00
0.000000e+00
0.000000e+00
0.000000e+00
0.000000e+00
0.000000e+00
0.000000e+00
0.000000e+00
0.000000e+00
0.000000e+00
0.000000e+00
0.000000e+00
0.000000e+00
0.000000e+00
0.000000e+00
0.000000e+00
0.000000e+00
0.000000e+00
0.000000e+00
0.000000e+00
0.000000e+00
0.000000e+00
0.000000e+00
0.000000e+00
0.000000e+00
0.000000e+00
0.000000e+00
0.000000e+00
0.000000e+00
0.000000e+00
0.000000e+00
0.000000e+00
0.000000e+00
0.000000e+00
0.000000e+00
0.000000e+00
0.000000e+00
0.000000e+00
0.000000e+00
0.000000e+00
0.000000e+00
0.000000e+00
0.000000e+00
0.000000e+00
0.000000e+00
0.000000e+00
0.000000e+00
0.000000e+00
0.000000e+00
0.000000e+00
0.000000e+00
0.000000e+00
0.000000e+00
0.000000e+00
0.000000e+00
0.000000e+00
0.000000e+00
0.000000e+00
0.000000e+00
0.000000e+00
0.000000e+00
0.000000e+00
0.000000e+00
0.000000e+00
0.000000e+00
0.000000e+00
0.000000e+00
0.000000e+00
0.000000e+00
0.000000e+00
0.000000e+00
0.000000e+00
0.000000e+00
0.000000e+00
0.000000e+00
0.000000e+00
0.000000e+00
0.000000e+00
0.000000e+00
0.000000e+00
0.000000e+00
0.000000e+00
0.000000e+00
0.000000e+00
0.000000e+00
0.000000e+00
0.000000e+00
0.000000e+00
0.000000e+00
0.000000e+00
0.000000e+00
0.000000e+00
0.000000e+00
0.000000e+00
0.000000e+00
0.000000e+00
0.000000e+00
0.000000e+00
0.000000e+00
0.000000e+00
0.000000e+00
0.000000e+00
0.000000e+00
0.000000e+00
0.000000e+00
0.000000e+00
0.000000e+00
0.000000e+00
0.000000e+00
0.000000e+00
0.000000e+00
0.000000e+00
0.000000e+00
0.000000e+00
0.000000e+00
0.000000e+00
0.000000e+00
0.000000e+00
0.000000e+00
0.000000e+00
0.000000e+00
0.000000e+00
0.000000e+00
0.000000e+00
0.000000e+00
0.000000e+00
0.000000e+00
0.000000e+00
0.000000e+00
0.000000e+00
0.000000e+00
0.000000e+00
0.000000e+00
0.000000e+00
0.000000e+00
0.000000e+00
0.000000e+00
0.000000e+00
0.000000e+00
0.000000e+00
0.000000e+00
0.000000e+00
0.000000e+00
0.000000e+00
0.000000e+00
0.000000e+00
0.000000e+00
0.000000e+00
0.000000e+00
0.000000e+00
0.000000e+00
0.000000e+00
0.000000e+00
0.000000e+00
0.000000e+00
0.000000e+00
0.000000e+00
0.000000e+00
0.000000e+00
0.000000e+00
0.000000e+00
0.000000e+00
0.000000e+00
0.000000e+00
0.000000e+00
0.000000e+00
0.000000e+00
0.000000e+00
0.000000e+00
0.000000e+00
0.000000e+00
0.000000e+00
0.000000e+00
0.000000e+00
0.000000e+00
0.000000e+00
0.000000e+00
0.000000e+00
0.000000e+00
0.000000e+00
0.000000e+00
0.000000e+00
0.000000e+00
0.000000e+00
0.000000e+00
0.000000e+00
0.000000e+00
0.000000e+00
0.000000e+00
0.000000e+00
0.000000e+00
0.000000e+00
0.000000e+00
0.000000e+00
0.000000e+00
0.000000e+00
0.000000e+00
0.000000e+00
0.000000e+00
0.000000e+00
0.000000e+00
0.000000e+00
0.000000e+00
0.000000e+00
0.000000e+00
0.000000e+00
0.000000e+00
0.000000e+00
0.000000e+00
0.000000e+00
0.000000e+00
0.000000e+00
0.000000e+00
0.000000e+00
0.000000e+00
0.000000e+00
0.000000e+00
0.000000e+00
0.000000e+00
0.000000e+00
0.000000e+00
0.000000e+00
0.000000e+00
0.000000e+00
0.000000e+00
0.000000e+00
0.000000e+00
0.000000e+00
0.000000e+00
0.000000e+00
0.000000e+00
0.000000e+00
0.000000e+00
0.000000e+00
0.000000e+00
0.000000e+00
0.000000e+00
0.000000e+00
0.000000e+00
0.000000e+00
0.000000e+00
0.000000e+00
0.000000e+00
0.000000e+00
0.000000e+00
0.000000e+00
0.000000e+00
0.000000e+00
0.000000e+00
0.000000e+00
0.000000e+00
0.000000e+00
0.000000e+00
0.000000e+00
0.000000e+00
0.000000e+00
0.000000e+00
0.000000e+00
0.000000e+00
0.000000e+00
0.000000e+00
0.000000e+00
0.000000e+00
0.000000e+00
0.000000e+00
0.000000e+00
0.000000e+00
0.000000e+00
0.000000e+00
0.000000e+00
0.000000e+00
0.000000e+00
0.000000e+00
0.000000e+00
0.000000e+00
0.000000e+00
0.000000e+00
0.000000e+00
0.000000e+00
0.000000e+00
0.000000e+00
0.000000e+00
0.000000e+00
0.000000e+00
0.000000e+00
0.000000e+00
0.000000e+00
0.000000e+00
0.000000e+00
0.000000e+00
0.000000e+00
0.000000e+00
0.000000e+00
0.000000e+00
0.000000e+00
0.000000e+00
0.000000e+00
0.000000e+00
0.000000e+00
0.000000e+00
0.000000e+00
0.000000e+00
0.000000e+00
0.000000e+00
0.000000e+00
0.000000e+00
0.000000e+00
0.000000e+00
0.000000e+00
0.000000e+00
0.000000e+00
0.000000e+00
0.000000e+00
0.000000e+00
0.000000e+00
0.000000e+00
0.000000e+00
0.000000e+00
0.000000e+00
0.000000e+00
0.000000e+00
0.000000e+00
0.000000e+00
0.000000e+00
0.000000e+00
0.000000e+00
0.000000e+00
0.000000e+00
0.000000e+00
0.000000e+00
0.000000e+00
0.000000e+00
0.000000e+00
0.000000e+00
0.000000e+00
0.000000e+00
0.000000e+00
0.000000e+00
0.000000e+00
0.000000e+00
0.000000e+00
0.000000e+00
0.000000e+00
0.000000e+00
0.000000e+00
0.000000e+00
0.000000e+00
0.000000e+00
0.000000e+00
0.000000e+00
0.000000e+00
0.000000e+00
0.000000e+00
0.000000e+00
0.000000e+00
0.000000e+00
0.000000e+00
0.000000e+00
0.000000e+00
0.000000e+00
0.000000e+00
0.000000e+00
0.000000e+00
0.000000e+00
0.000000e+00
0.000000e+00
0.000000e+00
0.000000e+00
0.000000e+00
0.000000e+00
0.000000e+00
0.000000e+00
0.000000e+00
0.000000e+00
0.000000e+00
0.000000e+00
0.000000e+00
0.000000e+00
0.000000e+00
0.000000e+00
0.000000e+00
0.000000e+00
0.000000e+00
0.000000e+00
0.000000e+00
0.000000e+00
0.000000e+00
0.000000e+00
0.000000e+00
0.000000e+00
0.000000e+00
0.000000e+00
0.000000e+00
0.000000e+00
0.000000e+00
0.000000e+00
0.000000e+00
0.000000e+00
0.000000e+00
0.000000e+00
0.000000e+00
0.000000e+00
0.000000e+00
0.000000e+00
0.000000e+00
0.000000e+00
0.000000e+00
0.000000e+00
0.000000e+00
0.000000e+00
0.000000e+00
0.000000e+00
0.000000e+00
0.000000e+00
0.000000e+00
0.000000e+00
0.000000e+00
0.000000e+00
0.000000e+00
0.000000e+00
0.000000e+00
0.000000e+00
0.000000e+00
0.000000e+00
0.000000e+00
0.000000e+00
0.000000e+00
0.000000e+00
0.000000e+00
0.000000e+00
0.000000e+00
0.000000e+00
0.000000e+00
0.000000e+00
0.000000e+00
0.000000e+00
0.000000e+00
0.000000e+00
0.000000e+00
0.000000e+00
0.000000e+00
0.000000e+00
0.000000e+00
0.000000e+00
0.000000e+00
0.000000e+00
0.000000e+00
0.000000e+00
0.000000e+00
0.000000e+00
0.000000e+00
0.000000e+00
0.000000e+00
0.000000e+00
0.000000e+00
0.000000e+00
0.000000e+00
0.000000e+00
0.000000e+00
0.000000e+00
0.000000e+00
0.000000e+00
0.000000e+00
0.000000e+00
0.000000e+00
0.000000e+00
0.000000e+00
0.000000e+00
0.000000e+00
0.000000e+00
0.000000e+00
0.000000e+00
0.000000e+00
0.000000e+00
0.000000e+00
0.000000e+00
0.000000e+00
0.000000e+00
0.000000e+00
0.000000e+00
0.000000e+00
0.000000e+00
0.000000e+00
0.000000e+00
0.000000e+00
0.000000e+00
0.000000e+00
0.000000e+00
0.000000e+00
0.000000e+00
0.000000e+00
0.000000e+00
0.000000e+00
0.000000e+00
0.000000e+00
0.000000e+00
0.000000e+00
0.000000e+00
0.000000e+00
0.000000e+00
0.000000e+00
0.000000e+00
0.000000e+00
0.000000e+00
0.000000e+00
0.000000e+00
0.000000e+00
0.000000e+00
0.000000e+00
0.000000e+00
0.000000e+00
0.000000e+00
0.000000e+00
0.000000e+00
0.000000e+00
0.000000e+00
0.000000e+00
0.000000e+00
0.000000e+00
0.000000e+00
0.000000e+00
0.000000e+00
0.000000e+00
0.000000e+00
0.000000e+00
0.000000e+00
0.000000e+00
0.000000e+00
0.000000e+00
0.000000e+00
0.000000e+00
0.000000e+00
0.000000e+00
0.000000e+00
0.000000e+00
0.000000e+00
0.000000e+00
0.000000e+00
0.000000e+00
0.000000e+00
0.000000e+00
0.000000e+00
0.000000e+00
0.000000e+00
0.000000e+00
0.000000e+00
0.000000e+00
0.000000e+00
0.000000e+00
0.000000e+00
0.000000e+00
0.000000e+00
0.000000e+00
0.000000e+00
0.000000e+00
0.000000e+00
0.000000e+00
0.000000e+00
0.000000e+00
0.000000e+00
0.000000e+00
0.000000e+00
0.000000e+00
0.000000e+00
0.000000e+00
0.000000e+00
0.000000e+00
0.000000e+00
0.000000e+00
0.000000e+00
0.000000e+00
0.000000e+00
0.000000e+00
0.000000e+00
0.000000e+00
0.000000e+00
0.000000e+00
0.000000e+00
0.000000e+00
0.000000e+00
0.000000e+00
0.000000e+00
0.000000e+00
0.000000e+00
0.000000e+00
0.000000e+00
0.000000e+00
0.000000e+00
0.000000e+00
0.000000e+00
0.000000e+00
0.000000e+00
0.000000e+00
0.000000e+00
0.000000e+00
0.000000e+00
0.000000e+00
0.000000e+00
0.000000e+00
0.000000e+00
0.000000e+00
0.000000e+00
0.000000e+00
0.000000e+00
0.000000e+00
0.000000e+00
0.000000e+00
0.000000e+00
0.000000e+00
0.000000e+00
0.000000e+00
0.000000e+00
0.000000e+00
0.000000e+00
0.000000e+00
0.000000e+00
0.000000e+00
0.000000e+00
0.000000e+00
0.000000e+00
0.000000e+00
0.000000e+00
0.000000e+00
0.000000e+00
0.000000e+00
0.000000e+00
0.000000e+00
0.000000e+00
0.000000e+00
0.000000e+00
0.000000e+00
0.000000e+00
0.000000e+00
0.000000e+00
0.000000e+00
0.000000e+00
0.000000e+00
0.000000e+00
0.000000e+00
0.000000e+00
0.000000e+00
0.000000e+00
0.000000e+00
0.000000e+00
0.000000e+00
0.000000e+00
0.000000e+00
0.000000e+00
0.000000e+00
0.000000e+00
0.000000e+00
0.000000e+00
0.000000e+00
0.000000e+00
0.000000e+00
0.000000e+00
0.000000e+00
0.000000e+00
0.000000e+00
0.000000e+00
0.000000e+00
0.000000e+00
0.000000e+00
0.000000e+00
0.000000e+00
0.000000e+00
0.000000e+00
0.000000e+00
0.000000e+00
0.000000e+00
0.000000e+00
0.000000e+00
0.000000e+00
0.000000e+00
0.000000e+00
0.000000e+00
0.000000e+00
0.000000e+00
0.000000e+00
0.000000e+00
0.000000e+00
0.000000e+00
0.000000e+00
0.000000e+00
0.000000e+00
0.000000e+00
0.000000e+00
0.000000e+00
0.000000e+00
0.000000e+00
0.000000e+00
0.000000e+00
0.000000e+00
0.000000e+00
0.000000e+00
0.000000e+00
0.000000e+00
0.000000e+00
0.000000e+00
0.000000e+00
0.000000e+00
0.000000e+00
0.000000e+00
0.000000e+00
0.000000e+00
0.000000e+00
0.000000e+00
0.000000e+00
0.000000e+00
0.000000e+00
0.000000e+00
0.000000e+00
0.000000e+00
0.000000e+00
0.000000e+00
0.000000e+00
0.000000e+00
0.000000e+00
0.000000e+00
0.000000e+00
0.000000e+00
0.000000e+00
0.000000e+00
0.000000e+00
0.000000e+00
0.000000e+00
0.000000e+00
0.000000e+00
0.000000e+00
0.000000e+00
0.000000e+00
0.000000e+00
0.000000e+00
0.000000e+00
0.000000e+00
0.000000e+00
0.000000e+00
0.000000e+00
0.000000e+00
0.000000e+00
0.000000e+00
0.000000e+00
0.000000e+00
0.000000e+00
0.000000e+00
0.000000e+00
0.000000e+00
0.000000e+00
0.000000e+00
0.000000e+00
0.000000e+00
0.000000e+00
0.000000e+00
0.000000e+00
0.000000e+00
0.000000e+00
0.000000e+00
0.000000e+00
0.000000e+00
0.000000e+00
0.000000e+00
0.000000e+00
0.000000e+00
0.000000e+00
0.000000e+00
0.000000e+00
0.000000e+00
0.000000e+00
0.000000e+00
0.000000e+00
0.000000e+00
0.000000e+00
0.000000e+00
0.000000e+00
0.000000e+00
0.000000e+00
0.000000e+00
0.000000e+00
0.000000e+00
0.000000e+00
0.000000e+00
0.000000e+00
0.000000e+00
0.000000e+00
0.000000e+00
0.000000e+00
0.000000e+00
0.000000e+00
0.000000e+00
0.000000e+00
0.000000e+00
0.000000e+00
0.000000e+00
0.000000e+00
0.000000e+00
0.000000e+00
0.000000e+00
0.000000e+00
0.000000e+00
0.000000e+00
0.000000e+00
0.000000e+00
0.000000e+00
0.000000e+00
0.000000e+00
0.000000e+00
0.000000e+00
0.000000e+00
0.000000e+00
0.000000e+00
0.000000e+00
0.000000e+00
0.000000e+00
0.000000e+00
0.000000e+00
0.000000e+00
0.000000e+00
0.000000e+00
0.000000e+00
0.000000e+00
0.000000e+00
0.000000e+00
0.000000e+00
0.000000e+00
0.000000e+00
0.000000e+00
0.000000e+00
0.000000e+00
0.000000e+00
0.000000e+00
0.000000e+00
0.000000e+00
0.000000e+00
0.000000e+00
0.000000e+00
0.000000e+00
0.000000e+00
0.000000e+00
0.000000e+00
0.000000e+00
0.000000e+00
0.000000e+00
0.000000e+00
0.000000e+00
0.000000e+00
0.000000e+00
0.000000e+00
0.000000e+00
0.000000e+00
0.000000e+00
0.000000e+00
0.000000e+00
0.000000e+00
0.000000e+00
0.000000e+00
0.000000e+00
0.000000e+00
0.000000e+00
0.000000e+00
0.000000e+00
0.000000e+00
0.000000e+00
0.000000e+00
0.000000e+00
0.000000e+00
0.000000e+00
0.000000e+00
0.000000e+00
0.000000e+00
0.000000e+00
0.000000e+00
0.000000e+00
0.000000e+00
0.000000e+00
0.000000e+00
0.000000e+00
0.000000e+00
0.000000e+00
0.000000e+00
0.000000e+00
0.000000e+00
0.000000e+00
0.000000e+00
0.000000e+00
0.000000e+00
0.000000e+00
0.000000e+00
0.000000e+00
0.000000e+00
0.000000e+00
0.000000e+00
0.000000e+00
0.000000e+00
0.000000e+00
0.000000e+00
0.000000e+00
0.000000e+00
0.000000e+00
0.000000e+00
0.000000e+00
0.000000e+00
0.000000e+00
0.000000e+00
0.000000e+00
0.000000e+00
0.000000e+00
0.000000e+00
0.000000e+00
0.000000e+00
0.000000e+00
0.000000e+00
0.000000e+00
0.000000e+00
0.000000e+00
0.000000e+00
0.000000e+00
0.000000e+00
0.000000e+00
0.000000e+00
0.000000e+00
0.000000e+00
0.000000e+00
0.000000e+00
0.000000e+00
0.000000e+00
0.000000e+00
0.000000e+00
0.000000e+00
0.000000e+00
0.000000e+00
0.000000e+00
0.000000e+00
0.000000e+00
0.000000e+00
0.000000e+00
0.000000e+00
0.000000e+00
0.000000e+00
0.000000e+00
0.000000e+00
0.000000e+00
0.000000e+00
0.000000e+00
0.000000e+00
0.000000e+00
0.000000e+00
0.000000e+00
0.000000e+00
0.000000e+00
0.000000e+00
0.000000e+00
0.000000e+00
0.000000e+00
0.000000e+00
0.000000e+00
0.000000e+00
0.000000e+00
0.000000e+00
0.000000e+00
0.000000e+00
0.000000e+00
0.000000e+00
0.000000e+00
0.000000e+00
0.000000e+00
0.000000e+00
0.000000e+00
0.000000e+00
0.000000e+00
0.000000e+00
0.000000e+00
0.000000e+00
0.000000e+00
0.000000e+00
0.000000e+00
0.000000e+00
0.000000e+00
0.000000e+00
0.000000e+00
0.000000e+00
0.000000e+00
0.000000e+00
0.000000e+00
0.000000e+00
0.000000e+00
0.000000e+00
0.000000e+00
0.000000e+00
0.000000e+00
0.000000e+00
0.000000e+00
0.000000e+00
0.000000e+00
0.000000e+00
0.000000e+00
0.000000e+00
0.000000e+00
0.000000e+00
0.000000e+00
0.000000e+00
0.000000e+00
0.000000e+00
0.000000e+00
0.000000e+00
0.000000e+00
0.000000e+00
0.000000e+00
0.000000e+00
0.000000e+00
0.000000e+00
0.000000e+00
0.000000e+00
0.000000e+00
0.000000e+00
0.000000e+00
0.000000e+00
0.000000e+00
0.000000e+00
0.000000e+00
0.000000e+00
0.000000e+00
0.000000e+00
0.000000e+00
0.000000e+00
0.000000e+00
0.000000e+00
0.000000e+00
0.000000e+00
0.000000e+00
0.000000e+00
0.000000e+00
0.000000e+00
0.000000e+00
0.000000e+00
0.000000e+00
0.000000e+00
0.000000e+00
0.000000e+00
0.000000e+00
0.000000e+00
0.000000e+00
0.000000e+00
0.000000e+00
0.000000e+00
0.000000e+00
0.000000e+00
0.000000e+00
0.000000e+00
0.000000e+00
0.000000e+00
0.000000e+00
0.000000e+00
0.000000e+00
0.000000e+00
0.000000e+00
0.000000e+00
0.000000e+00
0.000000e+00
0.000000e+00
0.000000e+00
0.000000e+00
0.000000e+00
0.000000e+00
0.000000e+00
0.000000e+00
0.000000e+00
0.000000e+00
0.000000e+00
0.000000e+00
0.000000e+00
0.000000e+00
0.000000e+00
0.000000e+00
0.000000e+00
0.000000e+00
0.000000e+00
0.000000e+00
0.000000e+00
0.000000e+00
0.000000e+00
0.000000e+00
0.000000e+00
0.000000e+00
0.000000e+00
0.000000e+00
0.000000e+00
0.000000e+00
0.000000e+00
0.000000e+00
0.000000e+00
0.000000e+00
0.000000e+00
0.000000e+00
0.000000e+00
0.000000e+00
0.000000e+00
0.000000e+00
0.000000e+00
0.000000e+00
0.000000e+00
0.000000e+00
0.000000e+00
0.000000e+00
0.000000e+00
0.000000e+00
0.000000e+00
0.000000e+00
0.000000e+00
0.000000e+00
0.000000e+00
0.000000e+00
0.000000e+00
0.000000e+00
0.000000e+00
0.000000e+00
0.000000e+00
0.000000e+00
0.000000e+00
0.000000e+00
0.000000e+00
0.000000e+00
0.000000e+00
0.000000e+00
0.000000e+00
0.000000e+00
0.000000e+00
0.000000e+00
0.000000e+00
0.000000e+00
0.000000e+00
0.000000e+00
0.000000e+00
0.000000e+00
0.000000e+00
0.000000e+00
0.000000e+00
0.000000e+00
0.000000e+00
0.000000e+00
0.000000e+00
0.000000e+00
0.000000e+00
0.000000e+00
0.000000e+00
0.000000e+00
0.000000e+00
0.000000e+00
0.000000e+00
0.000000e+00
0.000000e+00
0.000000e+00
0.000000e+00
0.000000e+00
0.000000e+00
0.000000e+00
0.000000e+00
0.000000e+00
0.000000e+00
0.000000e+00
0.000000e+00
0.000000e+00
0.000000e+00
0.000000e+00
0.000000e+00
0.000000e+00
0.000000e+00
0.000000e+00
0.000000e+00
0.000000e+00
0.000000e+00
0.000000e+00
0.000000e+00
0.000000e+00
0.000000e+00
0.000000e+00
0.000000e+00
0.000000e+00
0.000000e+00
0.000000e+00
0.000000e+00
0.000000e+00
0.000000e+00
0.000000e+00
0.000000e+00
0.000000e+00
0.000000e+00
0.000000e+00
0.000000e+00
0.000000e+00
0.000000e+00
0.000000e+00
0.000000e+00
0.000000e+00
0.000000e+00
0.000000e+00
0.000000e+00
0.000000e+00
0.000000e+00
0.000000e+00
0.000000e+00
0.000000e+00
0.000000e+00
0.000000e+00
0.000000e+00
0.000000e+00
0.000000e+00
0.000000e+00
0.000000e+00
0.000000e+00
0.000000e+00
0.000000e+00
0.000000e+00
0.000000e+00
0.000000e+00
0.000000e+00
0.000000e+00
0.000000e+00
0.000000e+00
0.000000e+00
0.000000e+00
0.000000e+00
0.000000e+00
0.000000e+00
0.000000e+00
0.000000e+00
0.000000e+00
0.000000e+00
0.000000e+00
0.000000e+00
0.000000e+00
0.000000e+00
0.000000e+00
0.000000e+00
0.000000e+00
0.000000e+00
0.000000e+00
0.000000e+00
0.000000e+00
0.000000e+00
0.000000e+00
0.000000e+00
0.000000e+00
0.000000e+00
0.000000e+00
0.000000e+00
0.000000e+00
0.000000e+00
0.000000e+00
0.000000e+00
0.000000e+00
0.000000e+00
0.000000e+00
0.000000e+00
0.000000e+00
0.000000e+00
0.000000e+00
0.000000e+00
0.000000e+00
0.000000e+00
0.000000e+00
0.000000e+00
0.000000e+00
0.000000e+00
0.000000e+00
0.000000e+00
0.000000e+00
0.000000e+00
0.000000e+00
0.000000e+00
0.000000e+00
0.000000e+00
0.000000e+00
0.000000e+00
0.000000e+00
0.000000e+00
0.000000e+00
0.000000e+00
0.000000e+00
0.000000e+00
0.000000e+00
0.000000e+00
0.000000e+00
0.000000e+00
0.000000e+00
0.000000e+00
0.000000e+00
0.000000e+00
0.000000e+00
0.000000e+00
0.000000e+00
0.000000e+00
0.000000e+00
0.000000e+00
0.000000e+00
0.000000e+00
0.000000e+00
0.000000e+00
0.000000e+00
0.000000e+00
0.000000e+00
0.000000e+00
0.000000e+00
0.000000e+00
0.000000e+00
0.000000e+00
0.000000e+00
0.000000e+00
0.000000e+00
0.000000e+00
0.000000e+00
0.000000e+00
0.000000e+00
0.000000e+00
0.000000e+00
0.000000e+00
0.000000e+00
0.000000e+00
0.000000e+00
0.000000e+00
0.000000e+00
0.000000e+00
0.000000e+00
0.000000e+00
0.000000e+00
0.000000e+00
0.000000e+00
0.000000e+00
0.000000e+00
0.000000e+00
0.000000e+00
0.000000e+00
0.000000e+00
0.000000e+00
0.000000e+00
0.000000e+00
0.000000e+00
0.000000e+00
0.000000e+00
0.000000e+00
0.000000e+00
0.000000e+00
0.000000e+00
0.000000e+00
0.000000e+00
0.000000e+00
0.000000e+00
0.000000e+00
0.000000e+00
0.000000e+00
0.000000e+00
0.000000e+00
0.000000e+00
0.000000e+00
0.000000e+00
0.000000e+00
0.000000e+00
0.000000e+00
0.000000e+00
0.000000e+00
0.000000e+00
0.000000e+00
0.000000e+00
0.000000e+00
0.000000e+00
0.000000e+00
0.000000e+00
0.000000e+00
0.000000e+00
0.000000e+00
0.000000e+00
0.000000e+00
0.000000e+00
0.000000e+00
0.000000e+00
0.000000e+00
0.000000e+00
0.000000e+00
0.000000e+00
0.000000e+00
0.000000e+00
0.000000e+00
0.000000e+00
0.000000e+00
0.000000e+00
0.000000e+00
0.000000e+00
0.000000e+00
0.000000e+00
0.000000e+00
0.000000e+00
0.000000e+00
0.000000e+00
0.000000e+00
0.000000e+00
0.000000e+00
0.000000e+00
0.000000e+00
0.000000e+00
0.000000e+00
0.000000e+00
0.000000e+00
0.000000e+00
0.000000e+00
0.000000e+00
0.000000e+00
0.000000e+00
0.000000e+00
0.000000e+00
0.000000e+00
0.000000e+00
0.000000e+00
0.000000e+00
0.000000e+00
0.000000e+00
0.000000e+00
0.000000e+00
0.000000e+00
0.000000e+00
0.000000e+00
0.000000e+00
0.000000e+00
0.000000e+00
0.000000e+00
0.000000e+00
0.000000e+00
0.000000e+00
0.000000e+00
0.000000e+00
0.000000e+00
0.000000e+00
0.000000e+00
0.000000e+00
0.000000e+00
0.000000e+00
0.000000e+00
0.000000e+00
0.000000e+00
0.000000e+00
0.000000e+00
0.000000e+00
0.000000e+00
0.000000e+00
0.000000e+00
0.000000e+00
0.000000e+00
0.000000e+00
0.000000e+00
0.000000e+00
0.000000e+00
0.000000e+00
0.000000e+00
0.000000e+00
0.000000e+00
0.000000e+00
0.000000e+00
0.000000e+00
0.000000e+00
0.000000e+00
0.000000e+00
0.000000e+00
0.000000e+00
0.000000e+00
0.000000e+00
0.000000e+00
0.000000e+00
0.000000e+00
0.000000e+00
0.000000e+00
0.000000e+00
0.000000e+00
0.000000e+00
0.000000e+00
0.000000e+00
0.000000e+00
0.000000e+00
0.000000e+00
0.000000e+00
0.000000e+00
0.000000e+00
0.000000e+00
0.000000e+00
0.000000e+00
0.000000e+00
0.000000e+00
0.000000e+00
0.000000e+00
0.000000e+00
0.000000e+00
0.000000e+00
0.000000e+00
0.000000e+00
0.000000e+00
0.000000e+00
0.000000e+00
0.000000e+00
0.000000e+00
0.000000e+00
0.000000e+00
0.000000e+00
0.000000e+00
0.000000e+00
0.000000e+00
0.000000e+00
0.000000e+00
0.000000e+00
0.000000e+00
0.000000e+00
0.000000e+00
0.000000e+00
0.000000e+00
0.000000e+00
0.000000e+00
0.000000e+00
0.000000e+00
0.000000e+00
0.000000e+00
0.000000e+00
0.000000e+00
0.000000e+00
0.000000e+00
0.000000e+00
0.000000e+00
0.000000e+00
0.000000e+00
0.000000e+00
0.000000e+00
0.000000e+00
0.000000e+00
0.000000e+00
0.000000e+00
0.000000e+00
0.000000e+00
0.000000e+00
0.000000e+00
0.000000e+00
0.000000e+00
0.000000e+00
0.000000e+00
0.000000e+00
0.000000e+00
0.000000e+00
0.000000e+00
0.000000e+00
0.000000e+00
0.000000e+00
0.000000e+00
0.000000e+00
0.000000e+00
0.000000e+00
0.000000e+00
0.000000e+00
0.000000e+00
0.000000e+00
0.000000e+00
0.000000e+00
0.000000e+00
0.000000e+00
0.000000e+00
0.000000e+00
0.000000e+00
0.000000e+00
0.000000e+00
0.000000e+00
0.000000e+00
0.000000e+00
0.000000e+00
0.000000e+00
0.000000e+00
0.000000e+00
0.000000e+00
0.000000e+00
0.000000e+00
0.000000e+00
0.000000e+00
0.000000e+00
0.000000e+00
0.000000e+00
0.000000e+00
0.000000e+00
0.000000e+00
0.000000e+00
0.000000e+00
0.000000e+00
0.000000e+00
0.000000e+00
0.000000e+00
0.000000e+00
0.000000e+00
0.000000e+00
0.000000e+00
0.000000e+00
0.000000e+00
0.000000e+00
0.000000e+00
0.000000e+00
0.000000e+00
0.000000e+00
0.000000e+00
0.000000e+00
0.000000e+00
0.000000e+00
0.000000e+00
0.000000e+00
0.000000e+00
0.000000e+00
0.000000e+00
0.000000e+00
0.000000e+00
0.000000e+00
0.000000e+00
0.000000e+00
0.000000e+00
0.000000e+00
0.000000e+00
0.000000e+00
0.000000e+00
0.000000e+00
0.000000e+00
0.000000e+00
0.000000e+00
0.000000e+00
0.000000e+00
0.000000e+00
0.000000e+00
0.000000e+00
0.000000e+00
0.000000e+00
0.000000e+00
0.000000e+00
0.000000e+00
0.000000e+00
0.000000e+00
0.000000e+00
0.000000e+00
0.000000e+00
0.000000e+00
0.000000e+00
0.000000e+00
0.000000e+00
0.000000e+00
0.000000e+00
0.000000e+00
0.000000e+00
0.000000e+00
0.000000e+00
0.000000e+00
0.000000e+00
0.000000e+00
0.000000e+00
0.000000e+00
0.000000e+00
0.000000e+00
0.000000e+00
0.000000e+00
0.000000e+00
0.000000e+00
0.000000e+00
0.000000e+00
0.000000e+00
0.000000e+00
0.000000e+00
0.000000e+00
0.000000e+00
0.000000e+00
0.000000e+00
0.000000e+00
0.000000e+00
0.000000e+00
0.000000e+00
0.000000e+00
0.000000e+00
0.000000e+00
0.000000e+00
0.000000e+00
0.000000e+00
0.000000e+00
0.000000e+00
0.000000e+00
0.000000e+00
0.000000e+00
0.000000e+00
0.000000e+00
0.000000e+00
0.000000e+00
0.000000e+00
0.000000e+00
0.000000e+00
0.000000e+00
0.000000e+00
0.000000e+00
0.000000e+00
0.000000e+00
0.000000e+00
0.000000e+00
0.000000e+00
0.000000e+00
0.000000e+00
0.000000e+00
0.000000e+00
0.000000e+00
0.000000e+00
0.000000e+00
0.000000e+00
0.000000e+00
0.000000e+00
0.000000e+00
0.000000e+00
0.000000e+00
0.000000e+00
0.000000e+00
0.000000e+00
0.000000e+00
0.000000e+00
0.000000e+00
0.000000e+00
0.000000e+00
0.000000e+00
0.000000e+00
0.000000e+00
0.000000e+00
0.000000e+00
0.000000e+00
0.000000e+00
0.000000e+00
0.000000e+00
0.000000e+00
0.000000e+00
0.000000e+00
0.000000e+00
0.000000e+00
0.000000e+00
0.000000e+00
0.000000e+00
0.000000e+00
0.000000e+00
0.000000e+00
0.000000e+00
0.000000e+00
0.000000e+00
0.000000e+00
0.000000e+00
0.000000e+00
0.000000e+00
0.000000e+00
0.000000e+00
0.000000e+00
0.000000e+00
0.000000e+00
0.000000e+00
0.000000e+00
0.000000e+00
0.000000e+00
0.000000e+00
0.000000e+00
0.000000e+00
0.000000e+00
0.000000e+00
0.000000e+00
0.000000e+00
0.000000e+00
0.000000e+00
0.000000e+00
0.000000e+00
0.000000e+00
0.000000e+00
0.000000e+00
0.000000e+00
0.000000e+00
0.000000e+00
0.000000e+00
0.000000e+00
0.000000e+00
0.000000e+00
0.000000e+00
0.000000e+00
0.000000e+00
0.000000e+00
0.000000e+00
0.000000e+00
0.000000e+00
0.000000e+00
0.000000e+00
0.000000e+00
0.000000e+00
0.000000e+00
0.000000e+00
0.000000e+00
0.000000e+00
0.000000e+00
0.000000e+00
0.000000e+00
0.000000e+00
0.000000e+00
0.000000e+00
0.000000e+00
0.000000e+00
0.000000e+00
0.000000e+00
0.000000e+00
0.000000e+00
0.000000e+00
0.000000e+00
0.000000e+00
0.000000e+00
0.000000e+00
0.000000e+00
0.000000e+00
0.000000e+00
0.000000e+00
0.000000e+00
0.000000e+00
0.000000e+00
0.000000e+00
0.000000e+00
0.000000e+00
0.000000e+00
0.000000e+00
0.000000e+00
0.000000e+00
0.000000e+00
0.000000e+00
0.000000e+00
0.000000e+00
0.000000e+00
0.000000e+00
0.000000e+00
0.000000e+00
0.000000e+00
0.000000e+00
0.000000e+00
0.000000e+00
0.000000e+00
0.000000e+00
0.000000e+00
0.000000e+00
0.000000e+00
0.000000e+00
0.000000e+00
0.000000e+00
0.000000e+00
0.000000e+00
0.000000e+00
0.000000e+00
0.000000e+00
0.000000e+00
0.000000e+00
0.000000e+00
0.000000e+00
0.000000e+00
0.000000e+00
0.000000e+00
0.000000e+00
0.000000e+00
0.000000e+00
0.000000e+00
0.000000e+00
0.000000e+00
0.000000e+00
0.000000e+00
0.000000e+00
0.000000e+00
0.000000e+00
0.000000e+00
0.000000e+00
0.000000e+00
0.000000e+00
0.000000e+00
0.000000e+00
0.000000e+00
0.000000e+00
0.000000e+00
0.000000e+00
0.000000e+00
0.000000e+00
0.000000e+00
0.000000e+00
0.000000e+00
0.000000e+00
0.000000e+00
0.000000e+00
0.000000e+00
0.000000e+00
0.000000e+00
0.000000e+00
0.000000e+00
0.000000e+00
0.000000e+00
0.000000e+00
0.000000e+00
0.000000e+00
0.000000e+00
0.000000e+00
0.000000e+00
0.000000e+00
0.000000e+00
0.000000e+00
0.000000e+00
0.000000e+00
0.000000e+00
0.000000e+00
0.000000e+00
0.000000e+00
0.000000e+00
0.000000e+00
0.000000e+00
0.000000e+00
0.000000e+00
0.000000e+00
0.000000e+00
0.000000e+00
0.000000e+00
0.000000e+00
0.000000e+00
0.000000e+00
0.000000e+00
0.000000e+00
0.000000e+00
0.000000e+00
0.000000e+00
0.000000e+00
0.000000e+00
0.000000e+00
0.000000e+00
0.000000e+00
0.000000e+00
0.000000e+00
0.000000e+00
0.000000e+00
0.000000e+00
0.000000e+00
0.000000e+00
0.000000e+00
0.000000e+00
0.000000e+00
0.000000e+00
0.000000e+00
0.000000e+00
0.000000e+00
0.000000e+00
0.000000e+00
0.000000e+00
0.000000e+00
0.000000e+00
0.000000e+00
0.000000e+00
0.000000e+00
0.000000e+00
0.000000e+00
0.000000e+00
0.000000e+00
0.000000e+00
0.000000e+00
0.000000e+00
0.000000e+00
0.000000e+00
0.000000e+00
0.000000e+00
0.000000e+00
0.000000e+00
0.000000e+00
0.000000e+00
0.000000e+00
0.000000e+00
0.000000e+00
0.000000e+00
0.000000e+00
0.000000e+00
0.000000e+00
0.000000e+00
0.000000e+00
0.000000e+00
0.000000e+00
0.000000e+00
0.000000e+00
0.000000e+00
0.000000e+00
0.000000e+00
0.000000e+00
0.000000e+00
0.000000e+00
0.000000e+00
0.000000e+00
0.000000e+00
0.000000e+00
0.000000e+00
0.000000e+00
0.000000e+00
0.000000e+00
0.000000e+00
0.000000e+00
0.000000e+00
0.000000e+00
0.000000e+00
0.000000e+00
0.000000e+00
0.000000e+00
0.000000e+00
0.000000e+00
0.000000e+00
0.000000e+00
0.000000e+00
0.000000e+00
0.000000e+00
0.000000e+00
0.000000e+00
0.000000e+00
0.000000e+00
0.000000e+00
0.000000e+00
0.000000e+00
0.000000e+00
0.000000e+00
0.000000e+00
0.000000e+00
0.000000e+00
0.000000e+00
0.000000e+00
0.000000e+00
0.000000e+00
0.000000e+00
0.000000e+00
0.000000e+00
0.000000e+00
0.000000e+00
0.000000e+00
0.000000e+00
0.000000e+00
0.000000e+00
0.000000e+00
0.000000e+00
0.000000e+00
0.000000e+00
0.000000e+00
0.000000e+00
0.000000e+00
0.000000e+00
0.000000e+00
0.000000e+00
0.000000e+00
0.000000e+00
0.000000e+00
0.000000e+00
0.000000e+00
0.000000e+00
0.000000e+00
0.000000e+00
0.000000e+00
0.000000e+00
0.000000e+00
0.000000e+00
0.000000e+00
0.000000e+00
0.000000e+00
0.000000e+00
0.000000e+00
0.000000e+00
0.000000e+00
0.000000e+00
0.000000e+00
0.000000e+00
0.000000e+00
0.000000e+00
0.000000e+00
0.000000e+00
0.000000e+00
0.000000e+00
0.000000e+00
0.000000e+00
0.000000e+00
0.000000e+00
0.000000e+00
0.000000e+00
0.000000e+00
0.000000e+00
0.000000e+00
0.000000e+00
0.000000e+00
0.000000e+00
0.000000e+00
0.000000e+00
0.000000e+00
0.000000e+00
0.000000e+00
0.000000e+00
0.000000e+00
0.000000e+00
0.000000e+00
0.000000e+00
0.000000e+00
0.000000e+00
0.000000e+00
0.000000e+00
0.000000e+00
0.000000e+00
0.000000e+00
0.000000e+00
0.000000e+00
0.000000e+00
0.000000e+00
0.000000e+00
0.000000e+00
0.000000e+00
0.000000e+00
0.000000e+00
0.000000e+00
0.000000e+00
0.000000e+00
0.000000e+00
0.000000e+00
0.000000e+00
0.000000e+00
0.000000e+00
0.000000e+00
0.000000e+00
0.000000e+00
0.000000e+00
0.000000e+00
0.000000e+00
0.000000e+00
0.000000e+00
0.000000e+00
0.000000e+00
0.000000e+00
0.000000e+00
0.000000e+00
0.000000e+00
0.000000e+00
0.000000e+00
0.000000e+00
0.000000e+00
0.000000e+00
0.000000e+00
0.000000e+00
0.000000e+00
0.000000e+00
0.000000e+00
0.000000e+00
0.000000e+00
0.000000e+00
0.000000e+00
0.000000e+00
0.000000e+00
0.000000e+00
0.000000e+00
0.000000e+00
0.000000e+00
0.000000e+00
0.000000e+00
0.000000e+00
0.000000e+00
0.000000e+00
0.000000e+00
0.000000e+00
0.000000e+00
0.000000e+00
0.000000e+00
0.000000e+00
0.000000e+00
0.000000e+00
0.000000e+00
0.000000e+00
0.000000e+00
0.000000e+00
0.000000e+00
0.000000e+00
0.000000e+00
0.000000e+00
0.000000e+00
0.000000e+00
0.000000e+00
0.000000e+00
0.000000e+00
0.000000e+00
0.000000e+00
0.000000e+00
0.000000e+00
0.000000e+00
0.000000e+00
0.000000e+00
0.000000e+00
0.000000e+00
0.000000e+00
0.000000e+00
0.000000e+00
0.000000e+00
0.000000e+00
0.000000e+00
0.000000e+00
0.000000e+00
0.000000e+00
0.000000e+00
0.000000e+00
0.000000e+00
0.000000e+00
0.000000e+00
0.000000e+00
0.000000e+00
0.000000e+00
0.000000e+00
0.000000e+00
0.000000e+00
0.000000e+00
0.000000e+00
0.000000e+00
0.000000e+00
0.000000e+00
0.000000e+00
0.000000e+00
0.000000e+00
0.000000e+00
0.000000e+00
0.000000e+00
0.000000e+00
0.000000e+00
0.000000e+00
0.000000e+00
0.000000e+00
0.000000e+00
0.000000e+00
0.000000e+00
0.000000e+00
0.000000e+00
0.000000e+00
0.000000e+00
0.000000e+00
0.000000e+00
0.000000e+00
0.000000e+00
0.000000e+00
0.000000e+00
0.000000e+00
0.000000e+00
0.000000e+00
0.000000e+00
0.000000e+00
0.000000e+00
0.000000e+00
0.000000e+00
0.000000e+00
0.000000e+00
0.000000e+00
0.000000e+00
0.000000e+00
0.000000e+00
0.000000e+00
0.000000e+00
0.000000e+00
0.000000e+00
0.000000e+00
0.000000e+00
0.000000e+00
0.000000e+00
0.000000e+00
0.000000e+00
0.000000e+00
0.000000e+00
0.000000e+00
0.000000e+00
0.000000e+00
0.000000e+00
0.000000e+00
0.000000e+00
0.000000e+00
0.000000e+00
0.000000e+00
0.000000e+00
0.000000e+00
0.000000e+00
0.000000e+00
0.000000e+00
0.000000e+00
0.000000e+00
0.000000e+00
0.000000e+00
0.000000e+00
0.000000e+00
0.000000e+00
0.000000e+00
0.000000e+00
0.000000e+00
0.000000e+00
0.000000e+00
0.000000e+00
0.000000e+00
0.000000e+00
0.000000e+00
0.000000e+00
0.000000e+00
0.000000e+00
0.000000e+00
0.000000e+00
0.000000e+00
0.000000e+00
0.000000e+00
0.000000e+00
0.000000e+00
0.000000e+00
0.000000e+00
0.000000e+00
0.000000e+00
0.000000e+00
0.000000e+00
0.000000e+00
0.000000e+00
0.000000e+00
0.000000e+00
0.000000e+00
0.000000e+00
0.000000e+00
0.000000e+00
0.000000e+00
0.000000e+00
0.000000e+00
0.000000e+00
0.000000e+00
0.000000e+00
0.000000e+00
0.000000e+00
0.000000e+00
0.000000e+00
0.000000e+00
0.000000e+00
0.000000e+00
0.000000e+00
0.000000e+00
0.000000e+00
0.000000e+00
0.000000e+00
0.000000e+00
0.000000e+00
0.000000e+00
0.000000e+00
0.000000e+00
0.000000e+00
0.000000e+00
0.000000e+00
0.000000e+00
0.000000e+00
0.000000e+00
0.000000e+00
0.000000e+00
0.000000e+00
0.000000e+00
0.000000e+00
0.000000e+00
0.000000e+00
0.000000e+00
0.000000e+00
0.000000e+00
0.000000e+00
0.000000e+00
0.000000e+00
0.000000e+00
0.000000e+00
0.000000e+00
0.000000e+00
0.000000e+00
0.000000e+00
0.000000e+00
0.000000e+00
0.000000e+00
0.000000e+00
0.000000e+00
0.000000e+00
0.000000e+00
0.000000e+00
0.000000e+00
0.000000e+00
0.000000e+00
0.000000e+00
0.000000e+00
0.000000e+00
0.000000e+00
0.000000e+00
0.000000e+00
0.000000e+00
0.000000e+00
0.000000e+00
0.000000e+00
0.000000e+00
0.000000e+00
0.000000e+00
0.000000e+00
0.000000e+00
0.000000e+00
0.000000e+00
0.000000e+00
0.000000e+00
0.000000e+00
0.000000e+00
0.000000e+00
0.000000e+00
0.000000e+00
0.000000e+00
0.000000e+00
0.000000e+00
0.000000e+00
0.000000e+00
0.000000e+00
0.000000e+00
0.000000e+00
0.000000e+00
0.000000e+00
0.000000e+00
0.000000e+00
0.000000e+00
0.000000e+00
0.000000e+00
0.000000e+00
0.000000e+00
0.000000e+00
0.000000e+00
0.000000e+00
0.000000e+00
0.000000e+00
0.000000e+00
0.000000e+00
0.000000e+00
0.000000e+00
0.000000e+00
0.000000e+00
0.000000e+00
0.000000e+00
0.000000e+00
0.000000e+00
0.000000e+00
0.000000e+00
0.000000e+00
0.000000e+00
0.000000e+00
0.000000e+00
0.000000e+00
0.000000e+00
0.000000e+00
0.000000e+00
0.000000e+00
0.000000e+00
0.000000e+00
0.000000e+00
0.000000e+00
0.000000e+00
0.000000e+00
0.000000e+00
0.000000e+00
0.000000e+00
0.000000e+00
0.000000e+00
0.000000e+00
0.000000e+00
0.000000e+00
0.000000e+00
0.000000e+00
0.000000e+00
0.000000e+00
0.000000e+00
0.000000e+00
0.000000e+00
0.000000e+00
0.000000e+00
0.000000e+00
0.000000e+00
0.000000e+00
0.000000e+00
0.000000e+00
0.000000e+00
0.000000e+00
0.000000e+00
0.000000e+00
0.000000e+00
0.000000e+00
0.000000e+00
0.000000e+00
0.000000e+00
0.000000e+00
0.000000e+00
0.000000e+00
0.000000e+00
0.000000e+00
0.000000e+00
0.000000e+00
0.000000e+00
0.000000e+00
0.000000e+00
0.000000e+00
0.000000e+00
0.000000e+00
0.000000e+00
0.000000e+00
0.000000e+00
0.000000e+00
0.000000e+00
0.000000e+00
0.000000e+00
0.000000e+00
0.000000e+00
0.000000e+00
0.000000e+00
0.000000e+00
0.000000e+00
0.000000e+00
0.000000e+00
0.000000e+00
0.000000e+00
0.000000e+00
0.000000e+00
0.000000e+00
0.000000e+00
0.000000e+00
0.000000e+00
0.000000e+00
0.000000e+00
0.000000e+00
0.000000e+00
0.000000e+00
0.000000e+00
0.000000e+00
0.000000e+00
0.000000e+00
0.000000e+00
0.000000e+00
0.000000e+00
0.000000e+00
0.000000e+00
0.000000e+00
0.000000e+00
0.000000e+00
0.000000e+00
0.000000e+00
0.000000e+00
0.000000e+00
0.000000e+00
0.000000e+00
0.000000e+00
0.000000e+00
0.000000e+00
0.000000e+00
0.000000e+00
0.000000e+00
0.000000e+00
0.000000e+00
0.000000e+00
0.000000e+00
0.000000e+00
0.000000e+00
0.000000e+00
0.000000e+00
0.000000e+00
0.000000e+00
0.000000e+00
0.000000e+00
0.000000e+00
0.000000e+00
0.000000e+00
0.000000e+00
0.000000e+00
0.000000e+00
0.000000e+00
0.000000e+00
0.000000e+00
0.000000e+00
0.000000e+00
0.000000e+00
0.000000e+00
0.000000e+00
0.000000e+00
0.000000e+00
0.000000e+00
0.000000e+00
0.000000e+00
0.000000e+00
0.000000e+00
0.000000e+00
0.000000e+00
0.000000e+00
0.000000e+00
0.000000e+00
0.000000e+00
0.000000e+00
0.000000e+00
0.000000e+00
0.000000e+00
0.000000e+00
0.000000e+00
0.000000e+00
0.000000e+00
0.000000e+00
0.000000e+00
0.000000e+00
0.000000e+00
0.000000e+00
0.000000e+00
0.000000e+00
0.000000e+00
0.000000e+00
0.000000e+00
0.000000e+00
0.000000e+00
0.000000e+00
0.000000e+00
0.000000e+00
0.000000e+00
0.000000e+00
0.000000e+00
0.000000e+00
0.000000e+00
0.000000e+00
0.000000e+00
0.000000e+00
0.000000e+00
0.000000e+00
0.000000e+00
0.000000e+00
0.000000e+00
0.000000e+00
0.000000e+00
0.000000e+00
0.000000e+00
0.000000e+00
0.000000e+00
0.000000e+00
0.000000e+00
0.000000e+00
0.000000e+00
0.000000e+00
0.000000e+00
0.000000e+00
0.000000e+00
0.000000e+00
0.000000e+00
0.000000e+00
0.000000e+00
0.000000e+00
0.000000e+00
0.000000e+00
0.000000e+00
0.000000e+00
0.000000e+00
0.000000e+00
0.000000e+00
0.000000e+00
0.000000e+00
0.000000e+00
0.000000e+00
0.000000e+00
0.000000e+00
0.000000e+00
0.000000e+00
0.000000e+00
0.000000e+00
0.000000e+00
0.000000e+00
0.000000e+00
0.000000e+00
0.000000e+00
0.000000e+00
0.000000e+00
0.000000e+00
0.000000e+00
0.000000e+00
0.000000e+00
0.000000e+00
0.000000e+00
0.000000e+00
0.000000e+00
0.000000e+00
0.000000e+00
0.000000e+00
0.000000e+00
0.000000e+00
0.000000e+00
0.000000e+00
0.000000e+00
0.000000e+00
0.000000e+00
0.000000e+00
0.000000e+00
0.000000e+00
0.000000e+00
0.000000e+00
0.000000e+00
0.000000e+00
0.000000e+00
0.000000e+00
0.000000e+00
0.000000e+00
0.000000e+00
0.000000e+00
0.000000e+00
0.000000e+00
0.000000e+00
0.000000e+00
0.000000e+00
0.000000e+00
0.000000e+00
0.000000e+00
0.000000e+00
0.000000e+00
0.000000e+00
0.000000e+00
0.000000e+00
0.000000e+00
0.000000e+00
0.000000e+00
0.000000e+00
0.000000e+00
0.000000e+00
0.000000e+00
0.000000e+00
0.000000e+00
0.000000e+00
0.000000e+00
0.000000e+00
0.000000e+00
0.000000e+00
0.000000e+00
0.000000e+00
0.000000e+00
0.000000e+00
0.000000e+00
0.000000e+00
0.000000e+00
0.000000e+00
0.000000e+00
0.000000e+00
0.000000e+00
0.000000e+00
0.000000e+00
0.000000e+00
0.000000e+00
0.000000e+00
0.000000e+00
0.000000e+00
0.000000e+00
0.000000e+00
0.000000e+00
0.000000e+00
0.000000e+00
0.000000e+00
0.000000e+00
0.000000e+00
0.000000e+00
0.000000e+00
0.000000e+00
0.000000e+00
0.000000e+00
0.000000e+00
0.000000e+00
0.000000e+00
0.000000e+00
0.000000e+00
0.000000e+00
0.000000e+00
0.000000e+00
0.000000e+00
0.000000e+00
0.000000e+00
0.000000e+00
0.000000e+00
0.000000e+00
0.000000e+00
0.000000e+00
0.000000e+00
0.000000e+00
0.000000e+00
0.000000e+00
0.000000e+00
0.000000e+00
0.000000e+00
0.000000e+00
0.000000e+00
0.000000e+00
0.000000e+00
0.000000e+00
0.000000e+00
0.000000e+00
0.000000e+00
0.000000e+00
0.000000e+00
0.000000e+00
0.000000e+00
0.000000e+00
0.000000e+00
0.000000e+00
0.000000e+00
0.000000e+00
0.000000e+00
0.000000e+00
0.000000e+00
0.000000e+00
0.000000e+00
0.000000e+00
0.000000e+00
0.000000e+00
0.000000e+00
0.000000e+00
0.000000e+00
0.000000e+00
0.000000e+00
0.000000e+00
0.000000e+00
0.000000e+00
0.000000e+00
0.000000e+00
0.000000e+00
0.000000e+00
0.000000e+00
0.000000e+00
0.000000e+00
0.000000e+00
0.000000e+00
0.000000e+00
0.000000e+00
0.000000e+00
0.000000e+00
0.000000e+00
0.000000e+00
0.000000e+00
0.000000e+00
0.000000e+00
0.000000e+00
0.000000e+00
0.000000e+00
0.000000e+00
0.000000e+00
0.000000e+00
0.000000e+00
0.000000e+00
0.000000e+00
0.000000e+00
0.000000e+00
0.000000e+00
0.000000e+00
0.000000e+00
0.000000e+00
0.000000e+00
0.000000e+00
0.000000e+00
0.000000e+00
0.000000e+00
0.000000e+00
0.000000e+00
0.000000e+00
0.000000e+00
0.000000e+00
0.000000e+00
0.000000e+00
0.000000e+00
0.000000e+00
0.000000e+00
0.000000e+00
0.000000e+00
0.000000e+00
0.000000e+00
0.000000e+00
0.000000e+00
0.000000e+00
0.000000e+00
0.000000e+00
0.000000e+00
0.000000e+00
0.000000e+00
0.000000e+00
0.000000e+00
0.000000e+00
0.000000e+00
0.000000e+00
0.000000e+00
0.000000e+00
0.000000e+00
0.000000e+00
0.000000e+00
0.000000e+00
0.000000e+00
0.000000e+00
0.000000e+00
0.000000e+00
0.000000e+00
0.000000e+00
0.000000e+00
0.000000e+00
0.000000e+00
0.000000e+00
0.000000e+00
0.000000e+00
0.000000e+00
0.000000e+00
0.000000e+00
0.000000e+00
0.000000e+00
0.000000e+00
0.000000e+00
0.000000e+00
0.000000e+00
0.000000e+00
0.000000e+00
0.000000e+00
0.000000e+00
0.000000e+00
0.000000e+00
0.000000e+00
0.000000e+00
0.000000e+00
0.000000e+00
0.000000e+00
0.000000e+00
0.000000e+00
0.000000e+00
0.000000e+00
0.000000e+00
0.000000e+00
0.000000e+00
0.000000e+00
0.000000e+00
0.000000e+00
0.000000e+00
0.000000e+00
0.000000e+00
0.000000e+00
0.000000e+00
0.000000e+00
0.000000e+00
0.000000e+00
0.000000e+00
0.000000e+00
0.000000e+00
0.000000e+00
0.000000e+00
0.000000e+00
0.000000e+00
0.000000e+00
0.000000e+00
0.000000e+00
0.000000e+00
0.000000e+00
0.000000e+00
0.000000e+00
0.000000e+00
0.000000e+00
0.000000e+00
0.000000e+00
0.000000e+00
0.000000e+00
0.000000e+00
0.000000e+00
0.000000e+00
0.000000e+00
0.000000e+00
0.000000e+00
0.000000e+00
0.000000e+00
0.000000e+00
0.000000e+00
0.000000e+00
0.000000e+00
0.000000e+00
0.000000e+00
0.000000e+00
0.000000e+00
0.000000e+00
0.000000e+00
0.000000e+00
0.000000e+00
0.000000e+00
0.000000e+00
0.000000e+00
0.000000e+00
0.000000e+00
0.000000e+00
0.000000e+00
0.000000e+00
0.000000e+00
0.000000e+00
0.000000e+00
0.000000e+00
0.000000e+00
0.000000e+00
0.000000e+00
0.000000e+00
0.000000e+00
0.000000e+00
0.000000e+00
0.000000e+00
0.000000e+00
0.000000e+00
0.000000e+00
0.000000e+00
0.000000e+00
0.000000e+00
0.000000e+00
0.000000e+00
0.000000e+00
0.000000e+00
0.000000e+00
0.000000e+00
0.000000e+00
0.000000e+00
0.000000e+00
0.000000e+00
0.000000e+00
0.000000e+00
0.000000e+00
0.000000e+00
0.000000e+00
0.000000e+00
0.000000e+00
0.000000e+00
0.000000e+00
0.000000e+00
0.000000e+00
0.000000e+00
0.000000e+00
0.000000e+00
0.000000e+00
0.000000e+00
0.000000e+00
0.000000e+00
0.000000e+00
0.000000e+00
0.000000e+00
0.000000e+00
0.000000e+00
0.000000e+00
0.000000e+00
0.000000e+00
0.000000e+00
0.000000e+00
0.000000e+00
0.000000e+00
0.000000e+00
0.000000e+00
0.000000e+00
0.000000e+00
0.000000e+00
0.000000e+00
0.000000e+00
0.000000e+00
0.000000e+00
0.000000e+00
0.000000e+00
0.000000e+00
0.000000e+00
0.000000e+00
0.000000e+00
0.000000e+00
0.000000e+00
0.000000e+00
0.000000e+00
0.000000e+00
0.000000e+00
0.000000e+00
0.000000e+00
0.000000e+00
0.000000e+00
0.000000e+00
0.000000e+00
0.000000e+00
0.000000e+00
0.000000e+00
0.000000e+00
0.000000e+00
0.000000e+00
0.000000e+00
0.000000e+00
0.000000e+00
0.000000e+00
0.000000e+00
0.000000e+00
0.000000e+00
0.000000e+00
0.000000e+00
0.000000e+00
0.000000e+00
0.000000e+00
0.000000e+00
0.000000e+00
0.000000e+00
0.000000e+00
0.000000e+00
0.000000e+00
0.000000e+00
0.000000e+00
0.000000e+00
0.000000e+00
0.000000e+00
0.000000e+00
0.000000e+00
0.000000e+00
0.000000e+00
0.000000e+00
0.000000e+00
0.000000e+00
0.000000e+00
0.000000e+00
0.000000e+00
0.000000e+00
0.000000e+00
0.000000e+00
0.000000e+00
0.000000e+00
0.000000e+00
0.000000e+00
0.000000e+00
0.000000e+00
0.000000e+00
0.000000e+00
0.000000e+00
0.000000e+00
0.000000e+00
0.000000e+00
0.000000e+00
0.000000e+00
0.000000e+00
0.000000e+00
0.000000e+00
0.000000e+00
0.000000e+00
0.000000e+00
0.000000e+00
0.000000e+00
0.000000e+00
0.000000e+00
0.000000e+00
0.000000e+00
0.000000e+00
0.000000e+00
0.000000e+00
0.000000e+00
0.000000e+00
0.000000e+00
0.000000e+00
0.000000e+00
0.000000e+00
0.000000e+00
0.000000e+00
0.000000e+00
0.000000e+00
0.000000e+00
0.000000e+00
0.000000e+00
0.000000e+00
0.000000e+00
0.000000e+00
0.000000e+00
0.000000e+00
0.000000e+00
0.000000e+00
0.000000e+00
0.000000e+00
0.000000e+00
0.000000e+00
0.000000e+00
0.000000e+00
0.000000e+00
0.000000e+00
0.000000e+00
0.000000e+00
0.000000e+00
0.000000e+00
0.000000e+00
0.000000e+00
0.000000e+00
0.000000e+00
0.000000e+00
0.000000e+00
0.000000e+00
0.000000e+00
0.000000e+00
0.000000e+00
0.000000e+00
0.000000e+00
0.000000e+00
0.000000e+00
0.000000e+00
0.000000e+00
0.000000e+00
0.000000e+00
0.000000e+00
0.000000e+00
0.000000e+00
0.000000e+00
0.000000e+00
0.000000e+00
0.000000e+00
0.000000e+00
0.000000e+00
0.000000e+00
0.000000e+00
0.000000e+00
0.000000e+00
0.000000e+00
0.000000e+00
0.000000e+00
0.000000e+00
0.000000e+00
0.000000e+00
0.000000e+00
0.000000e+00
0.000000e+00
0.000000e+00
0.000000e+00
0.000000e+00
0.000000e+00
0.000000e+00
0.000000e+00
0.000000e+00
0.000000e+00
0.000000e+00
0.000000e+00
0.000000e+00
0.000000e+00
0.000000e+00
0.000000e+00
0.000000e+00
0.000000e+00
0.000000e+00
0.000000e+00
0.000000e+00
0.000000e+00
0.000000e+00
0.000000e+00
0.000000e+00
0.000000e+00
0.000000e+00
0.000000e+00
0.000000e+00
0.000000e+00
0.000000e+00
0.000000e+00
0.000000e+00
0.000000e+00
0.000000e+00
0.000000e+00
0.000000e+00
0.000000e+00
0.000000e+00
0.000000e+00
0.000000e+00
0.000000e+00
0.000000e+00
0.000000e+00
0.000000e+00
0.000000e+00
0.000000e+00
0.000000e+00
0.000000e+00
0.000000e+00
0.000000e+00
0.000000e+00
0.000000e+00
0.000000e+00
0.000000e+00
0.000000e+00
0.000000e+00
0.000000e+00
0.000000e+00
0.000000e+00
0.000000e+00
0.000000e+00
0.000000e+00
0.000000e+00
0.000000e+00
0.000000e+00
0.000000e+00
0.000000e+00
0.000000e+00
0.000000e+00
0.000000e+00
0.000000e+00
0.000000e+00
0.000000e+00
0.000000e+00
0.000000e+00
0.000000e+00
0.000000e+00
0.000000e+00
0.000000e+00
0.000000e+00
0.000000e+00
0.000000e+00
0.000000e+00
0.000000e+00
0.000000e+00
0.000000e+00
0.000000e+00
0.000000e+00
0.000000e+00
0.000000e+00
0.000000e+00
0.000000e+00
0.000000e+00
0.000000e+00
0.000000e+00
0.000000e+00
0.000000e+00
0.000000e+00
0.000000e+00
0.000000e+00
0.000000e+00
0.000000e+00
0.000000e+00
0.000000e+00
0.000000e+00
0.000000e+00
0.000000e+00
0.000000e+00
0.000000e+00
0.000000e+00
0.000000e+00
0.000000e+00
0.000000e+00
0.000000e+00
0.000000e+00
0.000000e+00
0.000000e+00
0.000000e+00
0.000000e+00
0.000000e+00
0.000000e+00
0.000000e+00
0.000000e+00
0.000000e+00
0.000000e+00
0.000000e+00
0.000000e+00
0.000000e+00
0.000000e+00
0.000000e+00
0.000000e+00
0.000000e+00
0.000000e+00
0.000000e+00
0.000000e+00
0.000000e+00
0.000000e+00
0.000000e+00
0.000000e+00
0.000000e+00
0.000000e+00
0.000000e+00
0.000000e+00
0.000000e+00
0.000000e+00
0.000000e+00
0.000000e+00
0.000000e+00
0.000000e+00
0.000000e+00
0.000000e+00
0.000000e+00
0.000000e+00
0.000000e+00
0.000000e+00
0.000000e+00
0.000000e+00
0.000000e+00
0.000000e+00
0.000000e+00
0.000000e+00
0.000000e+00
0.000000e+00
0.000000e+00
0.000000e+00
0.000000e+00
0.000000e+00
0.000000e+00
0.000000e+00
0.000000e+00
0.000000e+00
0.000000e+00
0.000000e+00
0.000000e+00
0.000000e+00
0.000000e+00
0.000000e+00
0.000000e+00
0.000000e+00
0.000000e+00
0.000000e+00
0.000000e+00
0.000000e+00
0.000000e+00
0.000000e+00
0.000000e+00
0.000000e+00
0.000000e+00
0.000000e+00
0.000000e+00
0.000000e+00
0.000000e+00
0.000000e+00
0.000000e+00
0.000000e+00
0.000000e+00
0.000000e+00
0.000000e+00
0.000000e+00
0.000000e+00
0.000000e+00
0.000000e+00
0.000000e+00
0.000000e+00
0.000000e+00
0.000000e+00
0.000000e+00
0.000000e+00
0.000000e+00
0.000000e+00
0.000000e+00
0.000000e+00
0.000000e+00
0.000000e+00
0.000000e+00
0.000000e+00
0.000000e+00
0.000000e+00
0.000000e+00
0.000000e+00
0.000000e+00
0.000000e+00
0.000000e+00
0.000000e+00
0.000000e+00
0.000000e+00
0.000000e+00
0.000000e+00
0.000000e+00
0.000000e+00
0.000000e+00
0.000000e+00
0.000000e+00
0.000000e+00
0.000000e+00
0.000000e+00
0.000000e+00
0.000000e+00
0.000000e+00
0.000000e+00
0.000000e+00
0.000000e+00
0.000000e+00
0.000000e+00
0.000000e+00
0.000000e+00
0.000000e+00
0.000000e+00
0.000000e+00
0.000000e+00
0.000000e+00
0.000000e+00
0.000000e+00
0.000000e+00
0.000000e+00
0.000000e+00
0.000000e+00
0.000000e+00
0.000000e+00
0.000000e+00
0.000000e+00
0.000000e+00
0.000000e+00
0.000000e+00
0.000000e+00
0.000000e+00
0.000000e+00
0.000000e+00
0.000000e+00
0.000000e+00
0.000000e+00
0.000000e+00
0.000000e+00
0.000000e+00
0.000000e+00
0.000000e+00
0.000000e+00
0.000000e+00
0.000000e+00
0.000000e+00
0.000000e+00
0.000000e+00
0.000000e+00
0.000000e+00
0.000000e+00
0.000000e+00
0.000000e+00
0.000000e+00
0.000000e+00
0.000000e+00
0.000000e+00
0.000000e+00
0.000000e+00
0.000000e+00
0.000000e+00
0.000000e+00
0.000000e+00
0.000000e+00
0.000000e+00
0.000000e+00
0.000000e+00
0.000000e+00
0.000000e+00
0.000000e+00
0.000000e+00
0.000000e+00
0.000000e+00
0.000000e+00
0.000000e+00
0.000000e+00
0.000000e+00
0.000000e+00
0.000000e+00
0.000000e+00
0.000000e+00
0.000000e+00
0.000000e+00
0.000000e+00
0.000000e+00
0.000000e+00
0.000000e+00
0.000000e+00
0.000000e+00
0.000000e+00
0.000000e+00
0.000000e+00
0.000000e+00
0.000000e+00
0.000000e+00
0.000000e+00
0.000000e+00
0.000000e+00
0.000000e+00
0.000000e+00
0.000000e+00
0.000000e+00
0.000000e+00
0.000000e+00
0.000000e+00
0.000000e+00
0.000000e+00
0.000000e+00
0.000000e+00
0.000000e+00
0.000000e+00
0.000000e+00
0.000000e+00
0.000000e+00
0.000000e+00
0.000000e+00
0.000000e+00
0.000000e+00
0.000000e+00
0.000000e+00
0.000000e+00
0.000000e+00
0.000000e+00
0.000000e+00
0.000000e+00
0.000000e+00
0.000000e+00
0.000000e+00
0.000000e+00
0.000000e+00
0.000000e+00
0.000000e+00
0.000000e+00
0.000000e+00
0.000000e+00
0.000000e+00
0.000000e+00
0.000000e+00
0.000000e+00
0.000000e+00
0.000000e+00
0.000000e+00
0.000000e+00
0.000000e+00
0.000000e+00
0.000000e+00
0.000000e+00
0.000000e+00
0.000000e+00
0.000000e+00
0.000000e+00
0.000000e+00
0.000000e+00
0.000000e+00
0.000000e+00
0.000000e+00
0.000000e+00
0.000000e+00
0.000000e+00
0.000000e+00
0.000000e+00
0.000000e+00
0.000000e+00
0.000000e+00
0.000000e+00
0.000000e+00
0.000000e+00
0.000000e+00
0.000000e+00
0.000000e+00
0.000000e+00
0.000000e+00
0.000000e+00
0.000000e+00
0.000000e+00
0.000000e+00
0.000000e+00
0.000000e+00
0.000000e+00
0.000000e+00
0.000000e+00
0.000000e+00
0.000000e+00
0.000000e+00
0.000000e+00
0.000000e+00
0.000000e+00
0.000000e+00
0.000000e+00
0.000000e+00
0.000000e+00
0.000000e+00
0.000000e+00
0.000000e+00
0.000000e+00
0.000000e+00
0.000000e+00
0.000000e+00
0.000000e+00
0.000000e+00
0.000000e+00
0.000000e+00
0.000000e+00
0.000000e+00
0.000000e+00
0.000000e+00
0.000000e+00
0.000000e+00
0.000000e+00
0.000000e+00
0.000000e+00
0.000000e+00
0.000000e+00
0.000000e+00
0.000000e+00
0.000000e+00
0.000000e+00
0.000000e+00
0.000000e+00
0.000000e+00
0.000000e+00
0.000000e+00
0.000000e+00
0.000000e+00
0.000000e+00
0.000000e+00
0.000000e+00
0.000000e+00
0.000000e+00
0.000000e+00
0.000000e+00
0.000000e+00
0.000000e+00
0.000000e+00
0.000000e+00
0.000000e+00
0.000000e+00
0.000000e+00
0.000000e+00
0.000000e+00
0.000000e+00
0.000000e+00
0.000000e+00
0.000000e+00
0.000000e+00
0.000000e+00
0.000000e+00
0.000000e+00
0.000000e+00
0.000000e+00
0.000000e+00
0.000000e+00
0.000000e+00
0.000000e+00
0.000000e+00
0.000000e+00
0.000000e+00
0.000000e+00
0.000000e+00
0.000000e+00
0.000000e+00
0.000000e+00
0.000000e+00
0.000000e+00
0.000000e+00
0.000000e+00
0.000000e+00
0.000000e+00
0.000000e+00
0.000000e+00
0.000000e+00
0.000000e+00
0.000000e+00
0.000000e+00
0.000000e+00
0.000000e+00
0.000000e+00
0.000000e+00
0.000000e+00
0.000000e+00
0.000000e+00
0.000000e+00
0.000000e+00
0.000000e+00
0.000000e+00
0.000000e+00
0.000000e+00
0.000000e+00
0.000000e+00
0.000000e+00
0.000000e+00
0.000000e+00
0.000000e+00
0.000000e+00
0.000000e+00
0.000000e+00
0.000000e+00
0.000000e+00
0.000000e+00
0.000000e+00
0.000000e+00
0.000000e+00
0.000000e+00
0.000000e+00
0.000000e+00
0.000000e+00
0.000000e+00
0.000000e+00
0.000000e+00
0.000000e+00
0.000000e+00
0.000000e+00
0.000000e+00
0.000000e+00
0.000000e+00
0.000000e+00
0.000000e+00
0.000000e+00
0.000000e+00
0.000000e+00
0.000000e+00
0.000000e+00
0.000000e+00
0.000000e+00
0.000000e+00
0.000000e+00
0.000000e+00
0.000000e+00
0.000000e+00
0.000000e+00
0.000000e+00
0.000000e+00
0.000000e+00
0.000000e+00
0.000000e+00
0.000000e+00
0.000000e+00
0.000000e+00
0.000000e+00
0.000000e+00
0.000000e+00
0.000000e+00
0.000000e+00
0.000000e+00
0.000000e+00
0.000000e+00
0.000000e+00
0.000000e+00
0.000000e+00
0.000000e+00
0.000000e+00
0.000000e+00
0.000000e+00
0.000000e+00
0.000000e+00
0.000000e+00
0.000000e+00
0.000000e+00
0.000000e+00
0.000000e+00
0.000000e+00
0.000000e+00
0.000000e+00
0.000000e+00
0.000000e+00
0.000000e+00
0.000000e+00
0.000000e+00
0.000000e+00
0.000000e+00
0.000000e+00
0.000000e+00
0.000000e+00
0.000000e+00
0.000000e+00
0.000000e+00
0.000000e+00
0.000000e+00
0.000000e+00
0.000000e+00
0.000000e+00
0.000000e+00
0.000000e+00
0.000000e+00
0.000000e+00
0.000000e+00
0.000000e+00
0.000000e+00
0.000000e+00
0.000000e+00
0.000000e+00
0.000000e+00
0.000000e+00
0.000000e+00
0.000000e+00
0.000000e+00
0.000000e+00
0.000000e+00
0.000000e+00
0.000000e+00
0.000000e+00
0.000000e+00
0.000000e+00
0.000000e+00
0.000000e+00
0.000000e+00
0.000000e+00
0.000000e+00
0.000000e+00
0.000000e+00
0.000000e+00
0.000000e+00
0.000000e+00
0.000000e+00
0.000000e+00
0.000000e+00
0.000000e+00
0.000000e+00
0.000000e+00
0.000000e+00
0.000000e+00
0.000000e+00
0.000000e+00
0.000000e+00
0.000000e+00
0.000000e+00
0.000000e+00
0.000000e+00
0.000000e+00
0.000000e+00
0.000000e+00
0.000000e+00
0.000000e+00
0.000000e+00
0.000000e+00
0.000000e+00
0.000000e+00
0.000000e+00
0.000000e+00
0.000000e+00
0.000000e+00
0.000000e+00
0.000000e+00
0.000000e+00
0.000000e+00
0.000000e+00
0.000000e+00
0.000000e+00
0.000000e+00
0.000000e+00
0.000000e+00
0.000000e+00
0.000000e+00
0.000000e+00
0.000000e+00
0.000000e+00
0.000000e+00
0.000000e+00
0.000000e+00
0.000000e+00
0.000000e+00
0.000000e+00
0.000000e+00
0.000000e+00
0.000000e+00
0.000000e+00
0.000000e+00
0.000000e+00
0.000000e+00
0.000000e+00
0.000000e+00
0.000000e+00
0.000000e+00
0.000000e+00
0.000000e+00
0.000000e+00
0.000000e+00
0.000000e+00
0.000000e+00
0.000000e+00
0.000000e+00
0.000000e+00
0.000000e+00
0.000000e+00
0.000000e+00
0.000000e+00
0.000000e+00
0.000000e+00
0.000000e+00
0.000000e+00
0.000000e+00
0.000000e+00
0.000000e+00
0.000000e+00
0.000000e+00
0.000000e+00
0.000000e+00
0.000000e+00
0.000000e+00
0.000000e+00
0.000000e+00
0.000000e+00
0.000000e+00
0.000000e+00
0.000000e+00
0.000000e+00
0.000000e+00
0.000000e+00
0.000000e+00
0.000000e+00
0.000000e+00
0.000000e+00
0.000000e+00
0.000000e+00
0.000000e+00
0.000000e+00
0.000000e+00
0.000000e+00
0.000000e+00
0.000000e+00
0.000000e+00
0.000000e+00
0.000000e+00
0.000000e+00
0.000000e+00
0.000000e+00
0.000000e+00
0.000000e+00
0.000000e+00
0.000000e+00
0.000000e+00
0.000000e+00
0.000000e+00
0.000000e+00
0.000000e+00
</DataArray>
<DataArray type="Float32" Name="V4" format="ascii">
0.000000e+00
0.000000e+00
0.000000e+00
0.000000e+00
0.000000e+00
0.000000e+00
0.000000e+00
0.000000e+00
0.000000e+00
0.000000e+00
0.000000e+00
0.000000e+00
0.000000e+00
0.000000e+00
0.000000e+00
0.000000e+00
0.000000e+00
0.000000e+00
0.000000e+00
0.000000e+00
0.000000e+00
0.000000e+00
0.000000e+00
0.000000e+00
0.000000e+00
0.000000e+00
0.000000e+00
0.000000e+00
0.000000e+00
0.000000e+00
0.000000e+00
0.000000e+00
0.000000e+00
0.000000e+00
0.000000e+00
0.000000e+00
0.000000e+00
0.000000e+00
0.000000e+00
0.000000e+00
0.000000e+00
0.000000e+00
0.000000e+00
0.000000e+00
0.000000e+00
0.000000e+00
0.000000e+00
0.000000e+00
0.000000e+00
0.000000e+00
0.000000e+00
0.000000e+00
0.000000e+00
0.000000e+00
0.000000e+00
0.000000e+00
0.000000e+00
0.000000e+00
0.000000e+00
0.000000e+00
0.000000e+00
0.000000e+00
0.000000e+00
0.000000e+00
0.000000e+00
0.000000e+00
0.000000e+00
0.000000e+00
0.000000e+00
0.000000e+00
0.000000e+00
0.000000e+00
0.000000e+00
0.000000e+00
0.000000e+00
0.000000e+00
0.000000e+00
0.000000e+00
0.000000e+00
0.000000e+00
0.000000e+00
0.000000e+00
0.000000e+00
0.000000e+00
0.000000e+00
0.000000e+00
0.000000e+00
0.000000e+00
0.000000e+00
0.000000e+00
0.000000e+00
0.000000e+00
0.000000e+00
0.000000e+00
0.000000e+00
0.000000e+00
0.000000e+00
0.000000e+00
0.000000e+00
0.000000e+00
0.000000e+00
0.000000e+00
0.000000e+00
0.000000e+00
0.000000e+00
0.000000e+00
0.000000e+00
0.000000e+00
0.000000e+00
0.000000e+00
0.000000e+00
0.000000e+00
0.000000e+00
0.000000e+00
0.000000e+00
0.000000e+00
0.000000e+00
0.000000e+00
0.000000e+00
0.000000e+00
0.000000e+00
0.000000e+00
0.000000e+00
0.000000e+00
0.000000e+00
0.000000e+00
0.000000e+00
0.000000e+00
0.000000e+00
0.000000e+00
0.000000e+00
0.000000e+00
0.000000e+00
0.000000e+00
0.000000e+00
0.000000e+00
0.000000e+00
0.000000e+00
0.000000e+00
0.000000e+00
0.000000e+00
0.000000e+00
0.000000e+00
0.000000e+00
0.000000e+00
0.000000e+00
0.000000e+00
0.000000e+00
0.000000e+00
0.000000e+00
0.000000e+00
0.000000e+00
0.000000e+00
0.000000e+00
0.000000e+00
0.000000e+00
0.000000e+00
0.000000e+00
0.000000e+00
0.000000e+00
0.000000e+00
0.000000e+00
0.000000e+00
0.000000e+00
0.000000e+00
0.000000e+00
0.000000e+00
0.000000e+00
0.000000e+00
0.000000e+00
0.000000e+00
0.000000e+00
0.000000e+00
0.000000e+00
0.000000e+00
0.000000e+00
0.000000e+00
0.000000e+00
0.000000e+00
0.000000e+00
0.000000e+00
0.000000e+00
0.000000e+00
0.000000e+00
0.000000e+00
0.000000e+00
0.000000e+00
0.000000e+00
0.000000e+00
0.000000e+00
0.000000e+00
0.000000e+00
0.000000e+00
0.000000e+00
0.000000e+00
0.000000e+00
0.000000e+00
0.000000e+00
0.000000e+00
0.000000e+00
0.000000e+00
0.000000e+00
0.000000e+00
0.000000e+00
0.000000e+00
0.000000e+00
0.000000e+00
0.000000e+00
0.000000e+00
0.000000e+00
0.000000e+00
0.000000e+00
0.000000e+00
0.000000e+00
0.000000e+00
0.000000e+00
0.000000e+00
0.000000e+00
0.000000e+00
0.000000e+00
0.000000e+00
0.000000e+00
0.000000e+00
0.000000e+00
0.000000e+00
0.000000e+00
0.000000e+00
0.000000e+00
0.000000e+00
0.000000e+00
0.000000e+00
0.000000e+00
0.000000e+00
0.000000e+00
0.000000e+00
0.000000e+00
0.000000e+00
0.000000e+00
0.000000e+00
0.000000e+00
0.000000e+00
0.000000e+00
0.000000e+00
0.000000e+00
0.000000e+00
0.000000e+00
0.000000e+00
0.000000e+00
0.000000e+00
0.000000e+00
0.000000e+00
0.000000e+00
0.000000e+00
0.000000e+00
0.000000e+00
0.000000e+00
0.000000e+00
0.000000e+00
0.000000e+00
0.000000e+00
0.000000e+00
0.000000e+00
0.000000e+00
0.000000e+00
0.000000e+00
0.000000e+00
0.000000e+00
0.000000e+00
0.000000e+00
0.000000e+00
0.000000e+00
0.000000e+00
0.000000e+00
0.000000e+00
0.000000e+00
0.000000e+00
0.000000e+00
0.000000e+00
0.000000e+00
0.000000e+00
0.000000e+00
0.000000e+00
0.000000e+00
0.000000e+00
0.000000e+00
0.000000e+00
0.000000e+00
0.000000e+00
0.000000e+00
0.000000e+00
0.000000e+00
0.000000e+00
0.000000e+00
0.000000e+00
0.000000e+00
0.000000e+00
0.000000e+00
0.000000e+00
0.000000e+00
0.000000e+00
0.000000e+00
0.000000e+00
0.000000e+00
0.000000e+00
0.000000e+00
0.000000e+00
0.000000e+00
0.000000e+00
0.000000e+00
0.000000e+00
0.000000e+00
0.000000e+00
0.000000e+00
0.000000e+00
0.000000e+00
0.000000e+00
0.000000e+00
0.000000e+00
0.000000e+00
0.000000e+00
0.000000e+00
0.000000e+00
0.000000e+00
0.000000e+00
0.000000e+00
0.000000e+00
0.000000e+00
0.000000e+00
0.000000e+00
0.000000e+00
0.000000e+00
0.000000e+00
0.000000e+00
0.000000e+00
0.000000e+00
0.000000e+00
0.000000e+00
0.000000e+00
0.000000e+00
0.000000e+00
0.000000e+00
0.000000e+00
0.000000e+00
0.000000e+00
0.000000e+00
0.000000e+00
0.000000e+00
0.000000e+00
0.000000e+00
0.000000e+00
0.000000e+00
0.000000e+00
0.000000e+00
0.000000e+00
0.000000e+00
0.000000e+00
0.000000e+00
0.000000e+00
0.000000e+00
0.000000e+00
0.000000e+00
0.000000e+00
0.000000e+00
0.000000e+00
0.000000e+00
0.000000e+00
0.000000e+00
0.000000e+00
0.000000e+00
0.000000e+00
0.000000e+00
0.000000e+00
0.000000e+00
0.000000e+00
0.000000e+00
0.000000e+00
0.000000e+00
0.000000e+00
0.000000e+00
0.000000e+00
0.000000e+00
0.000000e+00
0.000000e+00
0.000000e+00
0.000000e+00
0.000000e+00
0.000000e+00
0.000000e+00
0.000000e+00
0.000000e+00
0.000000e+00
0.000000e+00
0.000000e+00
0.000000e+00
0.000000e+00
0.000000e+00
0.000000e+00
0.000000e+00
0.000000e+00
0.000000e+00
0.000000e+00
0.000000e+00
0.000000e+00
0.000000e+00
0.000000e+00
0.000000e+00
0.000000e+00
0.000000e+00
0.000000e+00
0.000000e+00
0.000000e+00
0.000000e+00
0.000000e+00
0.000000e+00
0.000000e+00
0.000000e+00
0.000000e+00
0.000000e+00
0.000000e+00
0.000000e+00
0.000000e+00
0.000000e+00
0.000000e+00
0.000000e+00
0.000000e+00
0.000000e+00
0.000000e+00
0.000000e+00
0.000000e+00
0.000000e+00
0.000000e+00
0.000000e+00
0.000000e+00
0.000000e+00
0.000000e+00
0.000000e+00
0.000000e+00
0.000000e+00
0.000000e+00
0.000000e+00
0.000000e+00
0.000000e+00
0.000000e+00
0.000000e+00
0.000000e+00
0.000000e+00
0.000000e+00
0.000000e+00
0.000000e+00
0.000000e+00
0.000000e+00
0.000000e+00
0.000000e+00
0.000000e+00
0.000000e+00
0.000000e+00
0.000000e+00
0.000000e+00
0.000000e+00
0.000000e+00
0.000000e+00
0.000000e+00
0.000000e+00
0.000000e+00
0.000000e+00
0.000000e+00
0.000000e+00
0.000000e+00
0.000000e+00
0.000000e+00
0.000000e+00
0.000000e+00
0.000000e+00
0.000000e+00
0.000000e+00
0.000000e+00
0.000000e+00
0.000000e+00
0.000000e+00
0.000000e+00
0.000000e+00
0.000000e+00
0.000000e+00
0.000000e+00
0.000000e+00
0.000000e+00
0.000000e+00
0.000000e+00
0.000000e+00
0.000000e+00
0.000000e+00
0.000000e+00
0.000000e+00
0.000000e+00
0.000000e+00
0.000000e+00
0.000000e+00
0.000000e+00
0.000000e+00
0.000000e+00
0.000000e+00
0.000000e+00
0.000000e+00
0.000000e+00
0.000000e+00
0.000000e+00
0.000000e+00
0.000000e+00
0.000000e+00
0.000000e+00
0.000000e+00
0.000000e+00
0.000000e+00
0.000000e+00
0.000000e+00
0.000000e+00
0.000000e+00
0.000000e+00
0.000000e+00
0.000000e+00
0.000000e+00
0.000000e+00
0.000000e+00
0.000000e+00
0.000000e+00
0.000000e+00
0.000000e+00
0.000000e+00
0.000000e+00
0.000000e+00
0.000000e+00
0.000000e+00
0.000000e+00
0.000000e+00
0.000000e+00
0.000000e+00
0.000000e+00
0.000000e+00
0.000000e+00
0.000000e+00
0.000000e+00
0.000000e+00
0.000000e+00
0.000000e+00
0.000000e+00
0.000000e+00
0.000000e+00
0.000000e+00
0.000000e+00
0.000000e+00
0.000000e+00
0.000000e+00
0.000000e+00
0.000000e+00
0.000000e+00
0.000000e+00
0.000000e+00
0.000000e+00
0.000000e+00
0.000000e+00
0.000000e+00
0.000000e+00
0.000000e+00
0.000000e+00
0.000000e+00
0.000000e+00
0.000000e+00
0.000000e+00
0.000000e+00
0.000000e+00
0.000000e+00
0.000000e+00
0.000000e+00
0.000000e+00
0.000000e+00
0.000000e+00
0.000000e+00
0.000000e+00
0.000000e+00
0.000000e+00
0.000000e+00
0.000000e+00
0.000000e+00
0.000000e+00
0.000000e+00
0.000000e+00
0.000000e+00
0.000000e+00
0.000000e+00
0.000000e+00
0.000000e+00
0.000000e+00
0.000000e+00
0.000000e+00
0.000000e+00
0.000000e+00
0.000000e+00
0.000000e+00
0.000000e+00
0.000000e+00
0.000000e+00
0.000000e+00
0.000000e+00
0.000000e+00
0.000000e+00
0.000000e+00
0.000000e+00
0.000000e+00
0.000000e+00
0.000000e+00
0.000000e+00
0.000000e+00
0.000000e+00
0.000000e+00
0.000000e+00
0.000000e+00
0.000000e+00
0.000000e+00
0.000000e+00
0.000000e+00
0.000000e+00
0.000000e+00
0.000000e+00
0.000000e+00
0.000000e+00
0.000000e+00
0.000000e+00
0.000000e+00
0.000000e+00
0.000000e+00
0.000000e+00
0.000000e+00
0.000000e+00
0.000000e+00
0.000000e+00
0.000000e+00
0.000000e+00
0.000000e+00
0.000000e+00
0.000000e+00
0.000000e+00
0.000000e+00
0.000000e+00
0.000000e+00
0.000000e+00
0.000000e+00
0.000000e+00
0.000000e+00
0.000000e+00
0.000000e+00
0.000000e+00
0.000000e+00
0.000000e+00
0.000000e+00
0.000000e+00
0.000000e+00
0.000000e+00
0.000000e+00
0.000000e+00
0.000000e+00
0.000000e+00
0.000000e+00
0.000000e+00
0.000000e+00
0.000000e+00
0.000000e+00
0.000000e+00
0.000000e+00
0.000000e+00
0.000000e+00
0.000000e+00
0.000000e+00
0.000000e+00
0.000000e+00
0.000000e+00
0.000000e+00
0.000000e+00
0.000000e+00
0.000000e+00
0.000000e+00
0.000000e+00
0.000000e+00
0.000000e+00
0.000000e+00
0.000000e+00
0.000000e+00
0.000000e+00
0.000000e+00
0.000000e+00
0.000000e+00
0.000000e+00
0.000000e+00
0.000000e+00
0.000000e+00
0.000000e+00
0.000000e+00
0.000000e+00
0.000000e+00
0.000000e+00
0.000000e+00
0.000000e+00
0.000000e+00
0.000000e+00
0.000000e+00
0.000000e+00
0.000000e+00
0.000000e+00
0.000000e+00
0.000000e+00
0.000000e+00
0.000000e+00
0.000000e+00
0.000000e+00
0.000000e+00
0.000000e+00
0.000000e+00
0.000000e+00
0.000000e+00
0.000000e+00
0.000000e+00
0.000000e+00
0.000000e+00
0.000000e+00
0.000000e+00
0.000000e+00
0.000000e+00
0.000000e+00
0.000000e+00
0.000000e+00
0.000000e+00
0.000000e+00
0.000000e+00
0.000000e+00
0.000000e+00
0.000000e+00
0.000000e+00
0.000000e+00
0.000000e+00
0.000000e+00
0.000000e+00
0.000000e+00
0.000000e+00
0.000000e+00
0.000000e+00
0.000000e+00
0.000000e+00
0.000000e+00
0.000000e+00
0.000000e+00
0.000000e+00
0.000000e+00
0.000000e+00
0.000000e+00
0.000000e+00
0.000000e+00
0.000000e+00
0.000000e+00
0.000000e+00
0.000000e+00
0.000000e+00
0.000000e+00
0.000000e+00
0.000000e+00
0.000000e+00
0.000000e+00
0.000000e+00
0.000000e+00
0.000000e+00
0.000000e+00
0.000000e+00
0.000000e+00
0.000000e+00
0.000000e+00
0.000000e+00
0.000000e+00
0.000000e+00
0.000000e+00
0.000000e+00
0.000000e+00
0.000000e+00
0.000000e+00
0.000000e+00
0.000000e+00
0.000000e+00
0.000000e+00
0.000000e+00
0.000000e+00
0.000000e+00
0.000000e+00
0.000000e+00
0.000000e+00
0.000000e+00
0.000000e+00
0.000000e+00
0.000000e+00
0.000000e+00
0.000000e+00
0.000000e+00
0.000000e+00
0.000000e+00
0.000000e+00
0.000000e+00
0.000000e+00
0.000000e+00
0.000000e+00
0.000000e+00
0.000000e+00
0.000000e+00
0.000000e+00
0.000000e+00
0.000000e+00
0.000000e+00
0.000000e+00
0.000000e+00
0.000000e+00
0.000000e+00
0.000000e+00
0.000000e+00
0.000000e+00
0.000000e+00
0.000000e+00
0.000000e+00
0.000000e+00
0.000000e+00
0.000000e+00
0.000000e+00
0.000000e+00
0.000000e+00
0.000000e+00
0.000000e+00
0.000000e+00
0.000000e+00
0.000000e+00
0.000000e+00
0.000000e+00
0.000000e+00
0.000000e+00
0.000000e+00
0.000000e+00
0.000000e+00
0.000000e+00
0.000000e+00
0.000000e+00
0.000000e+00
0.000000e+00
0.000000e+00
0.000000e+00
0.000000e+00
0.000000e+00
0.000000e+00
0.000000e+00
0.000000e+00
0.000000e+00
0.000000e+00
0.000000e+00
0.000000e+00
0.000000e+00
0.000000e+00
0.000000e+00
0.000000e+00
0.000000e+00
0.000000e+00
0.000000e+00
0.000000e+00
0.000000e+00
0.000000e+00
0.000000e+00
0.000000e+00
0.000000e+00
0.000000e+00
0.000000e+00
0.000000e+00
0.000000e+00
0.000000e+00
0.000000e+00
0.000000e+00
0.000000e+00
0.000000e+00
0.000000e+00
0.000000e+00
0.000000e+00
0.000000e+00
0.000000e+00
0.000000e+00
0.000000e+00
0.000000e+00
0.000000e+00
0.000000e+00
0.000000e+00
0.000000e+00
0.000000e+00
0.000000e+00
0.000000e+00
0.000000e+00
0.000000e+00
0.000000e+00
0.000000e+00
0.000000e+00
0.000000e+00
0.000000e+00
0.000000e+00
0.000000e+00
0.000000e+00
0.000000e+00
0.000000e+00
0.000000e+00
0.000000e+00
0.000000e+00
0.000000e+00
0.000000e+00
0.000000e+00
0.000000e+00
0.000000e+00
0.000000e+00
0.000000e+00
0.000000e+00
0.000000e+00
0.000000e+00
0.000000e+00
0.000000e+00
0.000000e+00
0.000000e+00
0.000000e+00
0.000000e+00
0.000000e+00
0.000000e+00
0.000000e+00
0.000000e+00
0.000000e+00
0.000000e+00
0.000000e+00
0.000000e+00
0.000000e+00
0.000000e+00
0.000000e+00
0.000000e+00
0.000000e+00
0.000000e+00
0.000000e+00
0.000000e+00
0.000000e+00
0.000000e+00
0.000000e+00
0.000000e+00
0.000000e+00
0.000000e+00
0.000000e+00
0.000000e+00
0.000000e+00
0.000000e+00
0.000000e+00
0.000000e+00
0.000000e+00
0.000000e+00
0.000000e+00
0.000000e+00
0.000000e+00
0.000000e+00
0.000000e+00
0.000000e+00
0.000000e+00
0.000000e+00
0.000000e+00
0.000000e+00
0.000000e+00
0.000000e+00
0.000000e+00
0.000000e+00
0.000000e+00
0.000000e+00
0.000000e+00
0.000000e+00
0.000000e+00
0.000000e+00
0.000000e+00
0.000000e+00
0.000000e+00
0.000000e+00
0.000000e+00
0.000000e+00
0.000000e+00
0.000000e+00
0.000000e+00
0.000000e+00
0.000000e+00
0.000000e+00
0.000000e+00
0.000000e+00
0.000000e+00
0.000000e+00
0.000000e+00
0.000000e+00
0.000000e+00
0.000000e+00
0.000000e+00
0.000000e+00
0.000000e+00
0.000000e+00
0.000000e+00
0.000000e+00
0.000000e+00
0.000000e+00
0.000000e+00
0.000000e+00
0.000000e+00
0.000000e+00
0.000000e+00
0.000000e+00
0.000000e+00
0.000000e+00
0.000000e+00
0.000000e+00
0.000000e+00
0.000000e+00
0.000000e+00
0.000000e+00
0.000000e+00
0.000000e+00
0.000000e+00
0.000000e+00
0.000000e+00
0.000000e+00
0.000000e+00
0.000000e+00
0.000000e+00
0.000000e+00
0.000000e+00
0.000000e+00
0.000000e+00
0.000000e+00
0.000000e+00
0.000000e+00
0.000000e+00
0.000000e+00
0.000000e+00
0.000000e+00
0.000000e+00
0.000000e+00
0.000000e+00
0.000000e+00
0.000000e+00
0.000000e+00
0.000000e+00
0.000000e+00
0.000000e+00
0.000000e+00
0.000000e+00
0.000000e+00
0.000000e+00
0.000000e+00
0.000000e+00
0.000000e+00
0.000000e+00
0.000000e+00
0.000000e+00
0.000000e+00
0.000000e+00
0.000000e+00
0.000000e+00
0.000000e+00
0.000000e+00
0.000000e+00
0.000000e+00
0.000000e+00
0.000000e+00
0.000000e+00
0.000000e+00
0.000000e+00
0.000000e+00
0.000000e+00
0.000000e+00
0.000000e+00
0.000000e+00
0.000000e+00
0.000000e+00
0.000000e+00
0.000000e+00
0.000000e+00
0.000000e+00
0.000000e+00
0.000000e+00
0.000000e+00
0.000000e+00
0.000000e+00
0.000000e+00
0.000000e+00
0.000000e+00
0.000000e+00
0.000000e+00
0.000000e+00
0.000000e+00
0.000000e+00
0.000000e+00
0.000000e+00
0.000000e+00
0.000000e+00
0.000000e+00
0.000000e+00
0.000000e+00
0.000000e+00
0.000000e+00
0.000000e+00
0.000000e+00
0.000000e+00
0.000000e+00
0.000000e+00
0.000000e+00
0.000000e+00
0.000000e+00
0.000000e+00
0.000000e+00
0.000000e+00
0.000000e+00
0.000000e+00
0.000000e+00
0.000000e+00
0.000000e+00
0.000000e+00
0.000000e+00
0.000000e+00
0.000000e+00
0.000000e+00
0.000000e+00
0.000000e+00
0.000000e+00
0.000000e+00
0.000000e+00
0.000000e+00
0.000000e+00
0.000000e+00
0.000000e+00
0.000000e+00
0.000000e+00
0.000000e+00
0.000000e+00
0.000000e+00
0.000000e+00
0.000000e+00
0.000000e+00
0.000000e+00
0.000000e+00
0.000000e+00
0.000000e+00
0.000000e+00
0.000000e+00
0.000000e+00
0.000000e+00
0.000000e+00
0.000000e+00
0.000000e+00
0.000000e+00
0.000000e+00
0.000000e+00
0.000000e+00
0.000000e+00
0.000000e+00
0.000000e+00
0.000000e+00
0.000000e+00
0.000000e+00
0.000000e+00
0.000000e+00
0.000000e+00
0.000000e+00
0.000000e+00
0.000000e+00
0.000000e+00
0.000000e+00
0.000000e+00
0.000000e+00
0.000000e+00
0.000000e+00
0.000000e+00
0.000000e+00
0.000000e+00
0.000000e+00
0.000000e+00
0.000000e+00
0.000000e+00
0.000000e+00
0.000000e+00
0.000000e+00
0.000000e+00
0.000000e+00
0.000000e+00
0.000000e+00
0.000000e+00
0.000000e+00
0.000000e+00
0.000000e+00
0.000000e+00
0.000000e+00
0.000000e+00
0.000000e+00
0.000000e+00
0.000000e+00
0.000000e+00
0.000000e+00
0.000000e+00
0.000000e+00
0.000000e+00
0.000000e+00
0.000000e+00
0.000000e+00
0.000000e+00
0.000000e+00
0.000000e+00
0.000000e+00
0.000000e+00
0.000000e+00
0.000000e+00
0.000000e+00
0.000000e+00
0.000000e+00
0.000000e+00
0.000000e+00
0.000000e+00
0.000000e+00
0.000000e+00
0.000000e+00
0.000000e+00
0.000000e+00
0.000000e+00
0.000000e+00
0.000000e+00
0.000000e+00
0.000000e+00
0.000000e+00
0.000000e+00
0.000000e+00
0.000000e+00
0.000000e+00
0.000000e+00
0.000000e+00
0.000000e+00
0.000000e+00
0.000000e+00
0.000000e+00
0.000000e+00
0.000000e+00
0.000000e+00
0.000000e+00
0.000000e+00
0.000000e+00
0.000000e+00
0.000000e+00
0.000000e+00
0.000000e+00
0.000000e+00
0.000000e+00
0.000000e+00
0.000000e+00
0.000000e+00
0.000000e+00
0.000000e+00
0.000000e+00
0.000000e+00
0.000000e+00
0.000000e+00
0.000000e+00
0.000000e+00
0.000000e+00
0.000000e+00
0.000000e+00
0.000000e+00
0.000000e+00
0.000000e+00
0.000000e+00
0.000000e+00
0.000000e+00
0.000000e+00
0.000000e+00
0.000000e+00
0.000000e+00
0.000000e+00
0.000000e+00
0.000000e+00
0.000000e+00
0.000000e+00
0.000000e+00
0.000000e+00
0.000000e+00
0.000000e+00
0.000000e+00
0.000000e+00
0.000000e+00
0.000000e+00
0.000000e+00
0.000000e+00
0.000000e+00
0.000000e+00
0.000000e+00
0.000000e+00
0.000000e+00
0.000000e+00
0.000000e+00
0.000000e+00
0.000000e+00
0.000000e+00
0.000000e+00
0.000000e+00
0.000000e+00
0.000000e+00
0.000000e+00
0.000000e+00
0.000000e+00
0.000000e+00
0.000000e+00
0.000000e+00
0.000000e+00
0.000000e+00
0.000000e+00
0.000000e+00
0.000000e+00
0.000000e+00
0.000000e+00
0.000000e+00
0.000000e+00
0.000000e+00
0.000000e+00
0.000000e+00
0.000000e+00
0.000000e+00
0.000000e+00
0.000000e+00
0.000000e+00
0.000000e+00
0.000000e+00
0.000000e+00
0.000000e+00
0.000000e+00
0.000000e+00
0.000000e+00
0.000000e+00
0.000000e+00
0.000000e+00
0.000000e+00
0.000000e+00
0.000000e+00
0.000000e+00
0.000000e+00
0.000000e+00
0.000000e+00
0.000000e+00
0.000000e+00
0.000000e+00
0.000000e+00
0.000000e+00
0.000000e+00
0.000000e+00
0.000000e+00
0.000000e+00
0.000000e+00
0.000000e+00
0.000000e+00
0.000000e+00
0.000000e+00
0.000000e+00
0.000000e+00
0.000000e+00
0.000000e+00
0.000000e+00
0.000000e+00
0.000000e+00
0.000000e+00
0.000000e+00
0.000000e+00
0.000000e+00
0.000000e+00
0.000000e+00
0.000000e+00
0.000000e+00
0.000000e+00
0.000000e+00
0.000000e+00
0.000000e+00
0.000000e+00
0.000000e+00
0.000000e+00
0.000000e+00
0.000000e+00
0.000000e+00
0.000000e+00
0.000000e+00
0.000000e+00
0.000000e+00
0.000000e+00
0.000000e+00
0.000000e+00
0.000000e+00
0.000000e+00
0.000000e+00
0.000000e+00
0.000000e+00
0.000000e+00
0.000000e+00
0.000000e+00
0.000000e+00
0.000000e+00
0.000000e+00
0.000000e+00
0.000000e+00
0.000000e+00
0.000000e+00
0.000000e+00
0.000000e+00
0.000000e+00
0.000000e+00
0.000000e+00
0.000000e+00
0.000000e+00
0.000000e+00
0.000000e+00
0.000000e+00
0.000000e+00
0.000000e+00
0.000000e+00
0.000000e+00
0.000000e+00
0.000000e+00
0.000000e+00
0.000000e+00
0.000000e+00
0.000000e+00
0.000000e+00
0.000000e+00
0.000000e+00
0.000000e+00
0.000000e+00
0.000000e+00
0.000000e+00
0.000000e+00
0.000000e+00
0.000000e+00
0.000000e+00
0.000000e+00
0.000000e+00
0.000000e+00
0.000000e+00
0.000000e+00
0.000000e+00
0.000000e+00
0.000000e+00
0.000000e+00
0.000000e+00
0.000000e+00
0.000000e+00
0.000000e+00
0.000000e+00
0.000000e+00
0.000000e+00
0.000000e+00
0.000000e+00
0.000000e+00
0.000000e+00
0.000000e+00
0.000000e+00
0.000000e+00
0.000000e+00
0.000000e+00
0.000000e+00
0.000000e+00
0.000000e+00
0.000000e+00
0.000000e+00
0.000000e+00
0.000000e+00
0.000000e+00
0.000000e+00
0.000000e+00
0.000000e+00
0.000000e+00
0.000000e+00
0.000000e+00
0.000000e+00
0.000000e+00
0.000000e+00
0.000000e+00
0.000000e+00
0.000000e+00
0.000000e+00
0.000000e+00
0.000000e+00
0.000000e+00
0.000000e+00
0.000000e+00
0.000000e+00
0.000000e+00
0.000000e+00
0.000000e+00
0.000000e+00
0.000000e+00
0.000000e+00
0.000000e+00
0.000000e+00
0.000000e+00
0.000000e+00
0.000000e+00
0.000000e+00
0.000000e+00
0.000000e+00
0.000000e+00
0.000000e+00
0.000000e+00
0.000000e+00
0.000000e+00
0.000000e+00
0.000000e+00
0.000000e+00
0.000000e+00
0.000000e+00
0.000000e+00
0.000000e+00
0.000000e+00
0.000000e+00
0.000000e+00
0.000000e+00
0.000000e+00
0.000000e+00
0.000000e+00
0.000000e+00
0.000000e+00
0.000000e+00
0.000000e+00
0.000000e+00
0.000000e+00
0.000000e+00
0.000000e+00
0.000000e+00
0.000000e+00
0.000000e+00
0.000000e+00
0.000000e+00
0.000000e+00
0.000000e+00
0.000000e+00
0.000000e+00
0.000000e+00
0.000000e+00
0.000000e+00
0.000000e+00
0.000000e+00
0.000000e+00
0.000000e+00
0.000000e+00
0.000000e+00
0.000000e+00
0.000000e+00
0.000000e+00
0.000000e+00
0.000000e+00
0.000000e+00
0.000000e+00
0.000000e+00
0.000000e+00
0.000000e+00
0.000000e+00
0.000000e+00
0.000000e+00
0.000000e+00
0.000000e+00
0.000000e+00
0.000000e+00
0.000000e+00
0.000000e+00
0.000000e+00
0.000000e+00
0.000000e+00
0.000000e+00
0.000000e+00
0.000000e+00
0.000000e+00
0.000000e+00
0.000000e+00
0.000000e+00
0.000000e+00
0.000000e+00
0.000000e+00
0.000000e+00
0.000000e+00
0.000000e+00
0.000000e+00
0.000000e+00
0.000000e+00
0.000000e+00
0.000000e+00
0.000000e+00
0.000000e+00
0.000000e+00
0.000000e+00
0.000000e+00
0.000000e+00
0.000000e+00
0.000000e+00
0.000000e+00
0.000000e+00
0.000000e+00
0.000000e+00
0.000000e+00
0.000000e+00
0.000000e+00
0.000000e+00
0.000000e+00
0.000000e+00
0.000000e+00
0.000000e+00
0.000000e+00
0.000000e+00
0.000000e+00
0.000000e+00
0.000000e+00
0.000000e+00
0.000000e+00
0.000000e+00
0.000000e+00
0.000000e+00
0.000000e+00
0.000000e+00
0.000000e+00
0.000000e+00
0.000000e+00
0.000000e+00
0.000000e+00
0.000000e+00
0.000000e+00
0.000000e+00
0.000000e+00
0.000000e+00
0.000000e+00
0.000000e+00
0.000000e+00
0.000000e+00
0.000000e+00
0.000000e+00
0.000000e+00
0.000000e+00
0.000000e+00
0.000000e+00
0.000000e+00
0.000000e+00
0.000000e+00
0.000000e+00
0.000000e+00
0.000000e+00
0.000000e+00
0.000000e+00
0.000000e+00
0.000000e+00
0.000000e+00
0.000000e+00
0.000000e+00
0.000000e+00
0.000000e+00
0.000000e+00
0.000000e+00
0.000000e+00
0.000000e+00
0.000000e+00
0.000000e+00
0.000000e+00
0.000000e+00
0.000000e+00
0.000000e+00
0.000000e+00
0.000000e+00
0.000000e+00
0.000000e+00
0.000000e+00
0.000000e+00
0.000000e+00
0.000000e+00
0.000000e+00
0.000000e+00
0.000000e+00
0.000000e+00
0.000000e+00
0.000000e+00
0.000000e+00
0.000000e+00
0.000000e+00
0.000000e+00
0.000000e+00
0.000000e+00
0.000000e+00
0.000000e+00
0.000000e+00
0.000000e+00
0.000000e+00
0.000000e+00
0.000000e+00
0.000000e+00
0.000000e+00
0.000000e+00
0.000000e+00
0.000000e+00
0.000000e+00
0.000000e+00
0.000000e+00
0.000000e+00
0.000000e+00
0.000000e+00
0.000000e+00
0.000000e+00
0.000000e+00
0.000000e+00
0.000000e+00
0.000000e+00
0.000000e+00
0.000000e+00
0.000000e+00
0.000000e+00
0.000000e+00
0.000000e+00
0.000000e+00
0.000000e+00
0.000000e+00
0.000000e+00
0.000000e+00
0.000000e+00
0.000000e+00
0.000000e+00
0.000000e+00
0.000000e+00
0.000000e+00
0.000000e+00
0.000000e+00
0.000000e+00
0.000000e+00
0.000000e+00
0.000000e+00
0.000000e+00
0.000000e+00
0.000000e+00
0.000000e+00
0.000000e+00
0.000000e+00
0.000000e+00
0.000000e+00
0.000000e+00
0.000000e+00
0.000000e+00
0.000000e+00
0.000000e+00
0.000000e+00
0.000000e+00
0.000000e+00
0.000000e+00
0.000000e+00
0.000000e+00
0.000000e+00
0.000000e+00
0.000000e+00
0.000000e+00
0.000000e+00
0.000000e+00
0.000000e+00
0.000000e+00
0.000000e+00
0.000000e+00
0.000000e+00
0.000000e+00
0.000000e+00
0.000000e+00
0.000000e+00
0.000000e+00
0.000000e+00
0.000000e+00
0.000000e+00
0.000000e+00
0.000000e+00
0.000000e+00
0.000000e+00
0.000000e+00
0.000000e+00
0.000000e+00
0.000000e+00
0.000000e+00
0.000000e+00
0.000000e+00
0.000000e+00
0.000000e+00
0.000000e+00
0.000000e+00
0.000000e+00
0.000000e+00
0.000000e+00
0.000000e+00
0.000000e+00
0.000000e+00
0.000000e+00
0.000000e+00
0.000000e+00
0.000000e+00
0.000000e+00
0.000000e+00
0.000000e+00
0.000000e+00
0.000000e+00
0.000000e+00
0.000000e+00
0.000000e+00
0.000000e+00
0.000000e+00
0.000000e+00
0.000000e+00
0.000000e+00
0.000000e+00
0.000000e+00
0.000000e+00
0.000000e+00
0.000000e+00
0.000000e+00
0.000000e+00
0.000000e+00
0.000000e+00
0.000000e+00
0.000000e+00
0.000000e+00
0.000000e+00
0.000000e+00
0.000000e+00
0.000000e+00
0.000000e+00
0.000000e+00
0.000000e+00
0.000000e+00
0.000000e+00
0.000000e+00
0.000000e+00
0.000000e+00
0.000000e+00
0.000000e+00
0.000000e+00
0.000000e+00
0.000000e+00
0.000000e+00
0.000000e+00
0.000000e+00
0.000000e+00
0.000000e+00
0.000000e+00
0.000000e+00
0.000000e+00
0.000000e+00
0.000000e+00
0.000000e+00
0.000000e+00
0.000000e+00
0.000000e+00
0.000000e+00
0.000000e+00
0.000000e+00
0.000000e+00
0.000000e+00
0.000000e+00
0.000000e+00
0.000000e+00
0.000000e+00
0.000000e+00
0.000000e+00
0.000000e+00
0.000000e+00
0.000000e+00
0.000000e+00
0.000000e+00
0.000000e+00
0.000000e+00
0.000000e+00
0.000000e+00
0.000000e+00
0.000000e+00
0.000000e+00
0.000000e+00
0.000000e+00
0.000000e+00
0.000000e+00
0.000000e+00
0.000000e+00
0.000000e+00
0.000000e+00
0.000000e+00
0.000000e+00
0.000000e+00
0.000000e+00
0.000000e+00
0.000000e+00
0.000000e+00
0.000000e+00
0.000000e+00
0.000000e+00
0.000000e+00
0.000000e+00
0.000000e+00
0.000000e+00
0.000000e+00
0.000000e+00
0.000000e+00
0.000000e+00
0.000000e+00
0.000000e+00
0.000000e+00
0.000000e+00
0.000000e+00
0.000000e+00
0.000000e+00
0.000000e+00
0.000000e+00
0.000000e+00
0.000000e+00
0.000000e+00
0.000000e+00
0.000000e+00
0.000000e+00
0.000000e+00
0.000000e+00
0.000000e+00
0.000000e+00
0.000000e+00
0.000000e+00
0.000000e+00
0.000000e+00
0.000000e+00
0.000000e+00
0.000000e+00
0.000000e+00
0.000000e+00
0.000000e+00
0.000000e+00
0.000000e+00
0.000000e+00
0.000000e+00
0.000000e+00
0.000000e+00
0.000000e+00
0.000000e+00
0.000000e+00
0.000000e+00
0.000000e+00
0.000000e+00
0.000000e+00
0.000000e+00
0.000000e+00
0.000000e+00
0.000000e+00
0.000000e+00
0.000000e+00
0.000000e+00
0.000000e+00
0.000000e+00
0.000000e+00
0.000000e+00
0.000000e+00
0.000000e+00
0.000000e+00
0.000000e+00
0.000000e+00
0.000000e+00
0.000000e+00
0.000000e+00
0.000000e+00
0.000000e+00
0.000000e+00
0.000000e+00
0.000000e+00
0.000000e+00
0.000000e+00
0.000000e+00
0.000000e+00
0.000000e+00
0.000000e+00
0.000000e+00
0.000000e+00
0.000000e+00
0.000000e+00
0.000000e+00
0.000000e+00
0.000000e+00
0.000000e+00
0.000000e+00
0.000000e+00
0.000000e+00
0.000000e+00
0.000000e+00
0.000000e+00
0.000000e+00
0.000000e+00
0.000000e+00
0.000000e+00
0.000000e+00
0.000000e+00
0.000000e+00
0.000000e+00
0.000000e+00
0.000000e+00
0.000000e+00
0.000000e+00
0.000000e+00
0.000000e+00
0.000000e+00
0.000000e+00
0.000000e+00
0.000000e+00
0.000000e+00
0.000000e+00
0.000000e+00
0.000000e+00
0.000000e+00
0.000000e+00
0.000000e+00
0.000000e+00
0.000000e+00
0.000000e+00
0.000000e+00
0.000000e+00
0.000000e+00
0.000000e+00
0.000000e+00
0.000000e+00
0.000000e+00
0.000000e+00
0.000000e+00
0.000000e+00
0.000000e+00
0.000000e+00
0.000000e+00
0.000000e+00
0.000000e+00
0.000000e+00
0.000000e+00
0.000000e+00
0.000000e+00
0.000000e+00
0.000000e+00
0.000000e+00
0.000000e+00
0.000000e+00
0.000000e+00
0.000000e+00
0.000000e+00
0.000000e+00
0.000000e+00
0.000000e+00
0.000000e+00
0.000000e+00
0.000000e+00
0.000000e+00
0.000000e+00
0.000000e+00
0.000000e+00
0.000000e+00
0.000000e+00
0.000000e+00
0.000000e+00
0.000000e+00
0.000000e+00
0.000000e+00
0.000000e+00
0.000000e+00
0.000000e+00
0.000000e+00
0.000000e+00
0.000000e+00
0.000000e+00
0.000000e+00
0.000000e+00
0.000000e+00
0.000000e+00
0.000000e+00
0.000000e+00
0.000000e+00
0.000000e+00
0.000000e+00
0.000000e+00
0.000000e+00
0.000000e+00
0.000000e+00
0.000000e+00
0.000000e+00
0.000000e+00
0.000000e+00
0.000000e+00
0.000000e+00
0.000000e+00
0.000000e+00
0.000000e+00
0.000000e+00
0.000000e+00
0.000000e+00
0.000000e+00
0.000000e+00
0.000000e+00
0.000000e+00
0.000000e+00
0.000000e+00
0.000000e+00
0.000000e+00
0.000000e+00
0.000000e+00
0.000000e+00
0.000000e+00
0.000000e+00
0.000000e+00
0.000000e+00
0.000000e+00
0.000000e+00
0.000000e+00
0.000000e+00
0.000000e+00
0.000000e+00
0.000000e+00
0.000000e+00
0.000000e+00
0.000000e+00
0.000000e+00
0.000000e+00
0.000000e+00
0.000000e+00
0.000000e+00
0.000000e+00
0.000000e+00
0.000000e+00
0.000000e+00
0.000000e+00
0.000000e+00
0.000000e+00
0.000000e+00
0.000000e+00
0.000000e+00
0.000000e+00
0.000000e+00
0.000000e+00
0.000000e+00
0.000000e+00
0.000000e+00
0.000000e+00
0.000000e+00
0.000000e+00
0.000000e+00
0.000000e+00
0.000000e+00
0.000000e+00
0.000000e+00
0.000000e+00
0.000000e+00
0.000000e+00
0.000000e+00
0.000000e+00
0.000000e+00
0.000000e+00
0.000000e+00
0.000000e+00
0.000000e+00
0.000000e+00
0.000000e+00
0.000000e+00
0.000000e+00
0.000000e+00
0.000000e+00
0.000000e+00
0.000000e+00
0.000000e+00
0.000000e+00
0.000000e+00
0.000000e+00
0.000000e+00
0.000000e+00
0.000000e+00
0.000000e+00
0.000000e+00
0.000000e+00
0.000000e+00
0.000000e+00
0.000000e+00
0.000000e+00
0.000000e+00
0.000000e+00
0.000000e+00
0.000000e+00
0.000000e+00
0.000000e+00
0.000000e+00
0.000000e+00
0.000000e+00
0.000000e+00
0.000000e+00
0.000000e+00
0.000000e+00
0.000000e+00
0.000000e+00
0.000000e+00
0.000000e+00
0.000000e+00
0.000000e+00
0.000000e+00
0.000000e+00
0.000000e+00
0.000000e+00
0.000000e+00
0.000000e+00
0.000000e+00
0.000000e+00
0.000000e+00
0.000000e+00
0.000000e+00
0.000000e+00
0.000000e+00
0.000000e+00
0.000000e+00
0.000000e+00
0.000000e+00
0.000000e+00
0.000000e+00
0.000000e+00
0.000000e+00
0.000000e+00
0.000000e+00
0.000000e+00
0.000000e+00
0.000000e+00
0.000000e+00
0.000000e+00
0.000000e+00
0.000000e+00
0.000000e+00
0.000000e+00
0.000000e+00
0.000000e+00
0.000000e+00
0.000000e+00
0.000000e+00
0.000000e+00
0.000000e+00
0.000000e+00
0.000000e+00
0.000000e+00
0.000000e+00
0.000000e+00
0.000000e+00
0.000000e+00
0.000000e+00
0.000000e+00
0.000000e+00
0.000000e+00
0.000000e+00
0.000000e+00
0.000000e+00
0.000000e+00
0.000000e+00
0.000000e+00
0.000000e+00
0.000000e+00
0.000000e+00
0.000000e+00
0.000000e+00
0.000000e+00
0.000000e+00
0.000000e+00
0.000000e+00
0.000000e+00
0.000000e+00
0.000000e+00
0.000000e+00
0.000000e+00
0.000000e+00
0.000000e+00
0.000000e+00
0.000000e+00
0.000000e+00
0.000000e+00
0.000000e+00
0.000000e+00
0.000000e+00
0.000000e+00
0.000000e+00
0.000000e+00
0.000000e+00
0.000000e+00
0.000000e+00
0.000000e+00
0.000000e+00
0.000000e+00
0.000000e+00
0.000000e+00
0.000000e+00
0.000000e+00
0.000000e+00
0.000000e+00
0.000000e+00
0.000000e+00
0.000000e+00
0.000000e+00
0.000000e+00
0.000000e+00
0.000000e+00
0.000000e+00
0.000000e+00
0.000000e+00
0.000000e+00
0.000000e+00
0.000000e+00
0.000000e+00
0.000000e+00
0.000000e+00
0.000000e+00
0.000000e+00
0.000000e+00
0.000000e+00
0.000000e+00
0.000000e+00
0.000000e+00
0.000000e+00
0.000000e+00
0.000000e+00
0.000000e+00
0.000000e+00
0.000000e+00
0.000000e+00
0.000000e+00
0.000000e+00
0.000000e+00
0.000000e+00
0.000000e+00
0.000000e+00
0.000000e+00
0.000000e+00
0.000000e+00
0.000000e+00
0.000000e+00
0.000000e+00
0.000000e+00
0.000000e+00
0.000000e+00
0.000000e+00
0.000000e+00
0.000000e+00
0.000000e+00
0.000000e+00
0.000000e+00
0.000000e+00
0.000000e+00
0.000000e+00
0.000000e+00
0.000000e+00
0.000000e+00
0.000000e+00
0.000000e+00
0.000000e+00
0.000000e+00
0.000000e+00
0.000000e+00
0.000000e+00
0.000000e+00
0.000000e+00
0.000000e+00
0.000000e+00
0.000000e+00
0.000000e+00
0.000000e+00
0.000000e+00
0.000000e+00
0.000000e+00
0.000000e+00
0.000000e+00
0.000000e+00
0.000000e+00
0.000000e+00
0.000000e+00
0.000000e+00
0.000000e+00
0.000000e+00
0.000000e+00
0.000000e+00
0.000000e+00
0.000000e+00
0.000000e+00
0.000000e+00
0.000000e+00
0.000000e+00
0.000000e+00
0.000000e+00
0.000000e+00
0.000000e+00
0.000000e+00
0.000000e+00
0.000000e+00
0.000000e+00
0.000000e+00
0.000000e+00
0.000000e+00
0.000000e+00
0.000000e+00
0.000000e+00
0.000000e+00
0.000000e+00
0.000000e+00
0.000000e+00
0.000000e+00
0.000000e+00
0.000000e+00
0.000000e+00
0.000000e+00
0.000000e+00
0.000000e+00
0.000000e+00
0.000000e+00
0.000000e+00
0.000000e+00
0.000000e+00
0.000000e+00
0.000000e+00
0.000000e+00
0.000000e+00
0.000000e+00
0.000000e+00
0.000000e+00
0.000000e+00
0.000000e+00
0.000000e+00
0.000000e+00
0.000000e+00
0.000000e+00
0.000000e+00
0.000000e+00
0.000000e+00
0.000000e+00
0.000000e+00
0.000000e+00
0.000000e+00
0.000000e+00
0.000000e+00
0.000000e+00
0.000000e+00
0.000000e+00
0.000000e+00
0.000000e+00
0.000000e+00
0.000000e+00
0.000000e+00
0.000000e+00
0.000000e+00
0.000000e+00
0.000000e+00
0.000000e+00
0.000000e+00
0.000000e+00
0.000000e+00
0.000000e+00
0.000000e+00
0.000000e+00
0.000000e+00
0.000000e+00
0.000000e+00
0.000000e+00
0.000000e+00
0.000000e+00
0.000000e+00
0.000000e+00
0.000000e+00
0.000000e+00
0.000000e+00
0.000000e+00
0.000000e+00
0.000000e+00
0.000000e+00
0.000000e+00
0.000000e+00
0.000000e+00
0.000000e+00
0.000000e+00
0.000000e+00
0.000000e+00
0.000000e+00
0.000000e+00
0.000000e+00
0.000000e+00
0.000000e+00
0.000000e+00
0.000000e+00
0.000000e+00
0.000000e+00
0.000000e+00
0.000000e+00
0.000000e+00
0.000000e+00
0.000000e+00
0.000000e+00
0.000000e+00
0.000000e+00
0.000000e+00
0.000000e+00
0.000000e+00
0.000000e+00
0.000000e+00
0.000000e+00
0.000000e+00
0.000000e+00
0.000000e+00
0.000000e+00
0.000000e+00
0.000000e+00
0.000000e+00
0.000000e+00
0.000000e+00
0.000000e+00
0.000000e+00
0.000000e+00
0.000000e+00
0.000000e+00
0.000000e+00
0.000000e+00
0.000000e+00
0.000000e+00
0.000000e+00
0.000000e+00
0.000000e+00
0.000000e+00
0.000000e+00
0.000000e+00
0.000000e+00
0.000000e+00
0.000000e+00
0.000000e+00
0.000000e+00
0.000000e+00
0.000000e+00
0.000000e+00
0.000000e+00
0.000000e+00
0.000000e+00
0.000000e+00
0.000000e+00
0.000000e+00
0.000000e+00
0.000000e+00
0.000000e+00
0.000000e+00
0.000000e+00
0.000000e+00
0.000000e+00
0.000000e+00
0.000000e+00
0.000000e+00
0.000000e+00
0.000000e+00
0.000000e+00
0.000000e+00
0.000000e+00
0.000000e+00
0.000000e+00
0.000000e+00
0.000000e+00
0.000000e+00
0.000000e+00
0.000000e+00
0.000000e+00
0.000000e+00
0.000000e+00
0.000000e+00
0.000000e+00
0.000000e+00
0.000000e+00
0.000000e+00
0.000000e+00
0.000000e+00
0.000000e+00
0.000000e+00
0.000000e+00
0.000000e+00
0.000000e+00
0.000000e+00
0.000000e+00
0.000000e+00
0.000000e+00
0.000000e+00
0.000000e+00
0.000000e+00
0.000000e+00
0.000000e+00
0.000000e+00
0.000000e+00
0.000000e+00
0.000000e+00
0.000000e+00
0.000000e+00
0.000000e+00
0.000000e+00
0.000000e+00
0.000000e+00
0.000000e+00
0.000000e+00
0.000000e+00
0.000000e+00
0.000000e+00
0.000000e+00
0.000000e+00
0.000000e+00
0.000000e+00
0.000000e+00
0.000000e+00
0.000000e+00
0.000000e+00
0.000000e+00
0.000000e+00
0.000000e+00
0.000000e+00
0.000000e+00
0.000000e+00
0.000000e+00
0.000000e+00
0.000000e+00
0.000000e+00
0.000000e+00
0.000000e+00
0.000000e+00
0.000000e+00
0.000000e+00
0.000000e+00
0.000000e+00
0.000000e+00
0.000000e+00
0.000000e+00
0.000000e+00
0.000000e+00
0.000000e+00
0.000000e+00
0.000000e+00
0.000000e+00
0.000000e+00
0.000000e+00
0.000000e+00
0.000000e+00
0.000000e+00
0.000000e+00
0.000000e+00
0.000000e+00
0.000000e+00
0.000000e+00
0.000000e+00
0.000000e+00
0.000000e+00
0.000000e+00
0.000000e+00
0.000000e+00
0.000000e+00
0.000000e+00
0.000000e+00
0.000000e+00
0.000000e+00
0.000000e+00
0.000000e+00
0.000000e+00
0.000000e+00
0.000000e+00
0.000000e+00
0.000000e+00
0.000000e+00
0.000000e+00
0.000000e+00
0.000000e+00
0.000000e+00
0.000000e+00
0.000000e+00
0.000000e+00
0.000000e+00
0.000000e+00
0.000000e+00
0.000000e+00
0.000000e+00
0.000000e+00
0.000000e+00
0.000000e+00
0.000000e+00
0.000000e+00
0.000000e+00
0.000000e+00
0.000000e+00
0.000000e+00
0.000000e+00
0.000000e+00
0.000000e+00
0.000000e+00
0.000000e+00
0.000000e+00
0.000000e+00
0.000000e+00
0.000000e+00
0.000000e+00
0.000000e+00
0.000000e+00
0.000000e+00
0.000000e+00
0.000000e+00
0.000000e+00
0.000000e+00
0.000000e+00
0.000000e+00
0.000000e+00
0.000000e+00
0.000000e+00
0.000000e+00
0.000000e+00
0.000000e+00
0.000000e+00
0.000000e+00
0.000000e+00
0.000000e+00
0.000000e+00
0.000000e+00
0.000000e+00
0.000000e+00
0.000000e+00
0.000000e+00
0.000000e+00
0.000000e+00
0.000000e+00
0.000000e+00
0.000000e+00
0.000000e+00
0.000000e+00
0.000000e+00
0.000000e+00
0.000000e+00
0.000000e+00
0.000000e+00
0.000000e+00
0.000000e+00
0.000000e+00
0.000000e+00
0.000000e+00
0.000000e+00
0.000000e+00
0.000000e+00
0.000000e+00
0.000000e+00
0.000000e+00
0.000000e+00
0.000000e+00
0.000000e+00
0.000000e+00
0.000000e+00
0.000000e+00
0.000000e+00
0.000000e+00
0.000000e+00
0.000000e+00
0.000000e+00
0.000000e+00
0.000000e+00
0.000000e+00
0.000000e+00
0.000000e+00
0.000000e+00
0.000000e+00
0.000000e+00
0.000000e+00
0.000000e+00
0.000000e+00
0.000000e+00
0.000000e+00
0.000000e+00
0.000000e+00
0.000000e+00
0.000000e+00
0.000000e+00
0.000000e+00
0.000000e+00
0.000000e+00
0.000000e+00
0.000000e+00
0.000000e+00
0.000000e+00
0.000000e+00
0.000000e+00
0.000000e+00
0.000000e+00
0.000000e+00
0.000000e+00
0.000000e+00
0.000000e+00
0.000000e+00
0.000000e+00
0.000000e+00
0.000000e+00
0.000000e+00
0.000000e+00
0.000000e+00
0.000000e+00
0.000000e+00
0.000000e+00
0.000000e+00
0.000000e+00
0.000000e+00
0.000000e+00
0.000000e+00
0.000000e+00
0.000000e+00
0.000000e+00
0.000000e+00
0.000000e+00
0.000000e+00
0.000000e+00
0.000000e+00
0.000000e+00
0.000000e+00
0.000000e+00
0.000000e+00
0.000000e+00
0.000000e+00
0.000000e+00
0.000000e+00
0.000000e+00
0.000000e+00
0.000000e+00
0.000000e+00
0.000000e+00
0.000000e+00
0.000000e+00
0.000000e+00
0.000000e+00
0.000000e+00
0.000000e+00
0.000000e+00
0.000000e+00
0.000000e+00
0.000000e+00
0.000000e+00
0.000000e+00
0.000000e+00
0.000000e+00
0.000000e+00
0.000000e+00
0.000000e+00
0.000000e+00
0.000000e+00
0.000000e+00
0.000000e+00
0.000000e+00
0.000000e+00
0.000000e+00
0.000000e+00
0.000000e+00
0.000000e+00
0.000000e+00
0.000000e+00
0.000000e+00
0.000000e+00
0.000000e+00
0.000000e+00
0.000000e+00
0.000000e+00
0.000000e+00
0.000000e+00
0.000000e+00
0.000000e+00
0.000000e+00
0.000000e+00
0.000000e+00
0.000000e+00
0.000000e+00
0.000000e+00
0.000000e+00
0.000000e+00
0.000000e+00
0.000000e+00
0.000000e+00
0.000000e+00
0.000000e+00
0.000000e+00
0.000000e+00
0.000000e+00
0.000000e+00
0.000000e+00
0.000000e+00
0.000000e+00
0.000000e+00
0.000000e+00
0.000000e+00
0.000000e+00
0.000000e+00
0.000000e+00
0.000000e+00
0.000000e+00
0.000000e+00
0.000000e+00
0.000000e+00
0.000000e+00
0.000000e+00
0.000000e+00
0.000000e+00
0.000000e+00
0.000000e+00
0.000000e+00
0.000000e+00
0.000000e+00
0.000000e+00
0.000000e+00
0.000000e+00
0.000000e+00
0.000000e+00
0.000000e+00
0.000000e+00
0.000000e+00
0.000000e+00
0.000000e+00
0.000000e+00
0.000000e+00
0.000000e+00
0.000000e+00
0.000000e+00
0.000000e+00
0.000000e+00
0.000000e+00
0.000000e+00
0.000000e+00
0.000000e+00
0.000000e+00
0.000000e+00
0.000000e+00
0.000000e+00
0.000000e+00
0.000000e+00
0.000000e+00
0.000000e+00
0.000000e+00
0.000000e+00
0.000000e+00
0.000000e+00
0.000000e+00
0.000000e+00
0.000000e+00
0.000000e+00
0.000000e+00
0.000000e+00
0.000000e+00
0.000000e+00
0.000000e+00
0.000000e+00
0.000000e+00
0.000000e+00
0.000000e+00
0.000000e+00
0.000000e+00
0.000000e+00
0.000000e+00
0.000000e+00
0.000000e+00
0.000000e+00
0.000000e+00
0.000000e+00
0.000000e+00
0.000000e+00
0.000000e+00
0.000000e+00
0.000000e+00
0.000000e+00
0.000000e+00
0.000000e+00
0.000000e+00
0.000000e+00
0.000000e+00
0.000000e+00
0.000000e+00
0.000000e+00
0.000000e+00
0.000000e+00
0.000000e+00
0.000000e+00
0.000000e+00
0.000000e+00
0.000000e+00
0.000000e+00
0.000000e+00
0.000000e+00
0.000000e+00
0.000000e+00
0.000000e+00
0.000000e+00
0.000000e+00
0.000000e+00
0.000000e+00
0.000000e+00
0.000000e+00
0.000000e+00
0.000000e+00
0.000000e+00
0.000000e+00
0.000000e+00
0.000000e+00
0.000000e+00
0.000000e+00
0.000000e+00
0.000000e+00
0.000000e+00
0.000000e+00
0.000000e+00
0.000000e+00
0.000000e+00
0.000000e+00
0.000000e+00
0.000000e+00
0.000000e+00
0.000000e+00
0.000000e+00
0.000000e+00
0.000000e+00
0.000000e+00
0.000000e+00
0.000000e+00
0.000000e+00
0.000000e+00
0.000000e+00
0.000000e+00
0.000000e+00
0.000000e+00
0.000000e+00
0.000000e+00
0.000000e+00
0.000000e+00
0.000000e+00
0.000000e+00
0.000000e+00
0.000000e+00
0.000000e+00
0.000000e+00
0.000000e+00
0.000000e+00
0.000000e+00
0.000000e+00
0.000000e+00
0.000000e+00
0.000000e+00
0.000000e+00
0.000000e+00
0.000000e+00
0.000000e+00
0.000000e+00
0.000000e+00
0.000000e+00
0.000000e+00
0.000000e+00
0.000000e+00
0.000000e+00
0.000000e+00
0.000000e+00
0.000000e+00
0.000000e+00
0.000000e+00
0.000000e+00
0.000000e+00
0.000000e+00
0.000000e+00
0.000000e+00
0.000000e+00
0.000000e+00
0.000000e+00
0.000000e+00
0.000000e+00
0.000000e+00
0.000000e+00
0.000000e+00
0.000000e+00
0.000000e+00
0.000000e+00
0.000000e+00
0.000000e+00
0.000000e+00
0.000000e+00
0.000000e+00
0.000000e+00
0.000000e+00
0.000000e+00
0.000000e+00
0.000000e+00
0.000000e+00
0.000000e+00
0.000000e+00
0.000000e+00
0.000000e+00
0.000000e+00
0.000000e+00
0.000000e+00
0.000000e+00
0.000000e+00
0.000000e+00
0.000000e+00
0.000000e+00
0.000000e+00
0.000000e+00
0.000000e+00
0.000000e+00
0.000000e+00
0.000000e+00
0.000000e+00
0.000000e+00
0.000000e+00
0.000000e+00
0.000000e+00
0.000000e+00
0.000000e+00
0.000000e+00
0.000000e+00
0.000000e+00
0.000000e+00
0.000000e+00
0.000000e+00
0.000000e+00
0.000000e+00
0.000000e+00
0.000000e+00
0.000000e+00
0.000000e+00
0.000000e+00
0.000000e+00
0.000000e+00
0.000000e+00
0.000000e+00
0.000000e+00
0.000000e+00
0.000000e+00
0.000000e+00
0.000000e+00
0.000000e+00
0.000000e+00
0.000000e+00
0.000000e+00
0.000000e+00
0.000000e+00
0.000000e+00
0.000000e+00
0.000000e+00
0.000000e+00
0.000000e+00
0.000000e+00
0.000000e+00
0.000000e+00
0.000000e+00
0.000000e+00
0.000000e+00
0.000000e+00
0.000000e+00
0.000000e+00
0.000000e+00
0.000000e+00
0.000000e+00
0.000000e+00
0.000000e+00
0.000000e+00
0.000000e+00
0.000000e+00
0.000000e+00
0.000000e+00
0.000000e+00
0.000000e+00
0.000000e+00
0.000000e+00
0.000000e+00
0.000000e+00
0.000000e+00
0.000000e+00
0.000000e+00
0.000000e+00
0.000000e+00
0.000000e+00
0.000000e+00
0.000000e+00
0.000000e+00
0.000000e+00
0.000000e+00
0.000000e+00
0.000000e+00
0.000000e+00
0.000000e+00
0.000000e+00
0.000000e+00
0.000000e+00
0.000000e+00
0.000000e+00
0.000000e+00
0.000000e+00
0.000000e+00
0.000000e+00
0.000000e+00
0.000000e+00
0.000000e+00
0.000000e+00
0.000000e+00
0.000000e+00
0.000000e+00
0.000000e+00
0.000000e+00
0.000000e+00
0.000000e+00
0.000000e+00
0.000000e+00
0.000000e+00
0.000000e+00
0.000000e+00
0.000000e+00
0.000000e+00
0.000000e+00
0.000000e+00
0.000000e+00
0.000000e+00
0.000000e+00
0.000000e+00
0.000000e+00
0.000000e+00
0.000000e+00
0.000000e+00
0.000000e+00
0.000000e+00
0.000000e+00
0.000000e+00
0.000000e+00
0.000000e+00
0.000000e+00
0.000000e+00
0.000000e+00
0.000000e+00
0.000000e+00
0.000000e+00
0.000000e+00
0.000000e+00
0.000000e+00
0.000000e+00
0.000000e+00
0.000000e+00
0.000000e+00
0.000000e+00
0.000000e+00
0.000000e+00
0.000000e+00
0.000000e+00
0.000000e+00
0.000000e+00
0.000000e+00
0.000000e+00
0.000000e+00
0.000000e+00
0.000000e+00
0.000000e+00
0.000000e+00
0.000000e+00
0.000000e+00
0.000000e+00
0.000000e+00
0.000000e+00
0.000000e+00
0.000000e+00
0.000000e+00
0.000000e+00
0.000000e+00
0.000000e+00
0.000000e+00
0.000000e+00
0.000000e+00
0.000000e+00
0.000000e+00
0.000000e+00
0.000000e+00
0.000000e+00
0.000000e+00
0.000000e+00
0.000000e+00
0.000000e+00
0.000000e+00
0.000000e+00
0.000000e+00
0.000000e+00
0.000000e+00
0.000000e+00
0.000000e+00
0.000000e+00
0.000000e+00
0.000000e+00
0.000000e+00
0.000000e+00
0.000000e+00
0.000000e+00
0.000000e+00
0.000000e+00
0.000000e+00
0.000000e+00
0.000000e+00
0.000000e+00
0.000000e+00
0.000000e+00
0.000000e+00
0.000000e+00
0.000000e+00
0.000000e+00
0.000000e+00
0.000000e+00
0.000000e+00
0.000000e+00
0.000000e+00
0.000000e+00
0.000000e+00
0.000000e+00
0.000000e+00
0.000000e+00
0.000000e+00
0.000000e+00
0.000000e+00
0.000000e+00
0.000000e+00
0.000000e+00
0.000000e+00
0.000000e+00
0.000000e+00
0.000000e+00
0.000000e+00
0.000000e+00
0.000000e+00
0.000000e+00
0.000000e+00
0.000000e+00
0.000000e+00
0.000000e+00
0.000000e+00
0.000000e+00
0.000000e+00
0.000000e+00
0.000000e+00
0.000000e+00
0.000000e+00
0.000000e+00
0.000000e+00
0.000000e+00
0.000000e+00
0.000000e+00
0.000000e+00
0.000000e+00
0.000000e+00
0.000000e+00
0.000000e+00
0.000000e+00
0.000000e+00
0.000000e+00
0.000000e+00
0.000000e+00
0.000000e+00
0.000000e+00
0.000000e+00
0.000000e+00
0.000000e+00
0.000000e+00
0.000000e+00
0.000000e+00
0.000000e+00
0.000000e+00
0.000000e+00
0.000000e+00
0.000000e+00
0.000000e+00
0.000000e+00
0.000000e+00
0.000000e+00
0.000000e+00
0.000000e+00
0.000000e+00
0.000000e+00
0.000000e+00
0.000000e+00
0.000000e+00
0.000000e+00
0.000000e+00
0.000000e+00
0.000000e+00
0.000000e+00
0.000000e+00
0.000000e+00
0.000000e+00
0.000000e+00
0.000000e+00
0.000000e+00
0.000000e+00
0.000000e+00
0.000000e+00
0.000000e+00
0.000000e+00
0.000000e+00
0.000000e+00
0.000000e+00
0.000000e+00
0.000000e+00
0.000000e+00
0.000000e+00
0.000000e+00
0.000000e+00
0.000000e+00
0.000000e+00
0.000000e+00
0.000000e+00
0.000000e+00
0.000000e+00
0.000000e+00
0.000000e+00
0.000000e+00
0.000000e+00
0.000000e+00
0.000000e+00
0.000000e+00
0.000000e+00
0.000000e+00
0.000000e+00
0.000000e+00
0.000000e+00
0.000000e+00
0.000000e+00
0.000000e+00
0.000000e+00
0.000000e+00
0.000000e+00
0.000000e+00
0.000000e+00
0.000000e+00
0.000000e+00
0.000000e+00
0.000000e+00
0.000000e+00
0.000000e+00
0.000000e+00
0.000000e+00
0.000000e+00
0.000000e+00
0.000000e+00
0.000000e+00
0.000000e+00
0.000000e+00
0.000000e+00
0.000000e+00
0.000000e+00
0.000000e+00
0.000000e+00
0.000000e+00
0.000000e+00
0.000000e+00
0.000000e+00
0.000000e+00
0.000000e+00
0.000000e+00
0.000000e+00
0.000000e+00
0.000000e+00
0.000000e+00
0.000000e+00
0.000000e+00
0.000000e+00
0.000000e+00
0.000000e+00
0.000000e+00
0.000000e+00
0.000000e+00
0.000000e+00
0.000000e+00
0.000000e+00
0.000000e+00
0.000000e+00
0.000000e+00
0.000000e+00
0.000000e+00
0.000000e+00
0.000000e+00
0.000000e+00
0.000000e+00
0.000000e+00
0.000000e+00
0.000000e+00
0.000000e+00
0.000000e+00
0.000000e+00
0.000000e+00
0.000000e+00
0.000000e+00
0.000000e+00
0.000000e+00
0.000000e+00
0.000000e+00
0.000000e+00
0.000000e+00
0.000000e+00
0.000000e+00
0.000000e+00
0.000000e+00
0.000000e+00
0.000000e+00
0.000000e+00
0.000000e+00
0.000000e+00
0.000000e+00
0.000000e+00
0.000000e+00
0.000000e+00
0.000000e+00
0.000000e+00
0.000000e+00
0.000000e+00
0.000000e+00
0.000000e+00
0.000000e+00
0.000000e+00
0.000000e+00
0.000000e+00
0.000000e+00
0.000000e+00
0.000000e+00
0.000000e+00
0.000000e+00
0.000000e+00
0.000000e+00
0.000000e+00
0.000000e+00
0.000000e+00
0.000000e+00
0.000000e+00
0.000000e+00
0.000000e+00
0.000000e+00
0.000000e+00
0.000000e+00
0.000000e+00
0.000000e+00
0.000000e+00
0.000000e+00
0.000000e+00
0.000000e+00
0.000000e+00
0.000000e+00
0.000000e+00
0.000000e+00
0.000000e+00
0.000000e+00
0.000000e+00
0.000000e+00
0.000000e+00
0.000000e+00
0.000000e+00
0.000000e+00
0.000000e+00
0.000000e+00
0.000000e+00
0.000000e+00
0.000000e+00
0.000000e+00
0.000000e+00
0.000000e+00
0.000000e+00
0.000000e+00
0.000000e+00
0.000000e+00
0.000000e+00
0.000000e+00
0.000000e+00
0.000000e+00
0.000000e+00
0.000000e+00
0.000000e+00
0.000000e+00
0.000000e+00
0.000000e+00
0.000000e+00
0.000000e+00
0.000000e+00
0.000000e+00
0.000000e+00
0.000000e+00
0.000000e+00
0.000000e+00
0.000000e+00
0.000000e+00
0.000000e+00
0.000000e+00
0.000000e+00
0.000000e+00
0.000000e+00
0.000000e+00
0.000000e+00
0.000000e+00
0.000000e+00
0.000000e+00
0.000000e+00
0.000000e+00
0.000000e+00
0.000000e+00
0.000000e+00
0.000000e+00
0.000000e+00
0.000000e+00
0.000000e+00
0.000000e+00
0.000000e+00
0.000000e+00
0.000000e+00
0.000000e+00
0.000000e+00
0.000000e+00
0.000000e+00
0.000000e+00
0.000000e+00
0.000000e+00
0.000000e+00
0.000000e+00
0.000000e+00
0.000000e+00
0.000000e+00
0.000000e+00
0.000000e+00
0.000000e+00
0.000000e+00
0.000000e+00
0.000000e+00
0.000000e+00
0.000000e+00
0.000000e+00
0.000000e+00
0.000000e+00
0.000000e+00
0.000000e+00
0.000000e+00
0.000000e+00
0.000000e+00
0.000000e+00
0.000000e+00
0.000000e+00
0.000000e+00
0.000000e+00
0.000000e+00
0.000000e+00
0.000000e+00
0.000000e+00
0.000000e+00
0.000000e+00
0.000000e+00
0.000000e+00
0.000000e+00
0.000000e+00
0.000000e+00
0.000000e+00
0.000000e+00
0.000000e+00
0.000000e+00
0.000000e+00
0.000000e+00
0.000000e+00
0.000000e+00
0.000000e+00
0.000000e+00
0.000000e+00
0.000000e+00
0.000000e+00
0.000000e+00
0.000000e+00
0.000000e+00
0.000000e+00
0.000000e+00
0.000000e+00
0.000000e+00
0.000000e+00
0.000000e+00
0.000000e+00
0.000000e+00
0.000000e+00
0.000000e+00
0.000000e+00
0.000000e+00
0.000000e+00
0.000000e+00
0.000000e+00
0.000000e+00
0.000000e+00
0.000000e+00
0.000000e+00
0.000000e+00
0.000000e+00
0.000000e+00
0.000000e+00
0.000000e+00
0.000000e+00
0.000000e+00
0.000000e+00
0.000000e+00
0.000000e+00
0.000000e+00
0.000000e+00
0.000000e+00
0.000000e+00
0.000000e+00
0.000000e+00
0.000000e+00
0.000000e+00
0.000000e+00
0.000000e+00
0.000000e+00
0.000000e+00
0.000000e+00
0.000000e+00
0.000000e+00
0.000000e+00
0.000000e+00
0.000000e+00
0.000000e+00
0.000000e+00
0.000000e+00
0.000000e+00
0.000000e+00
0.000000e+00
0.000000e+00
0.000000e+00
0.000000e+00
0.000000e+00
0.000000e+00
0.000000e+00
0.000000e+00
0.000000e+00
0.000000e+00
0.000000e+00
0.000000e+00
0.000000e+00
0.000000e+00
0.000000e+00
0.000000e+00
0.000000e+00
0.000000e+00
0.000000e+00
0.000000e+00
0.000000e+00
0.000000e+00
0.000000e+00
0.000000e+00
0.000000e+00
0.000000e+00
0.000000e+00
0.000000e+00
0.000000e+00
0.000000e+00
0.000000e+00
0.000000e+00
0.000000e+00
0.000000e+00
0.000000e+00
0.000000e+00
0.000000e+00
0.000000e+00
0.000000e+00
0.000000e+00
0.000000e+00
0.000000e+00
0.000000e+00
0.000000e+00
0.000000e+00
0.000000e+00
0.000000e+00
0.000000e+00
0.000000e+00
0.000000e+00
0.000000e+00
0.000000e+00
0.000000e+00
0.000000e+00
0.000000e+00
0.000000e+00
0.000000e+00
0.000000e+00
0.000000e+00
0.000000e+00
0.000000e+00
0.000000e+00
0.000000e+00
0.000000e+00
0.000000e+00
0.000000e+00
0.000000e+00
0.000000e+00
0.000000e+00
0.000000e+00
0.000000e+00
0.000000e+00
0.000000e+00
0.000000e+00
0.000000e+00
0.000000e+00
0.000000e+00
0.000000e+00
0.000000e+00
0.000000e+00
0.000000e+00
0.000000e+00
0.000000e+00
0.000000e+00
0.000000e+00
0.000000e+00
0.000000e+00
0.000000e+00
0.000000e+00
0.000000e+00
0.000000e+00
0.000000e+00
0.000000e+00
0.000000e+00
0.000000e+00
0.000000e+00
0.000000e+00
0.000000e+00
0.000000e+00
0.000000e+00
0.000000e+00
0.000000e+00
0.000000e+00
0.000000e+00
0.000000e+00
0.000000e+00
0.000000e+00
0.000000e+00
0.000000e+00
0.000000e+00
0.000000e+00
0.000000e+00
0.000000e+00
0.000000e+00
0.000000e+00
0.000000e+00
0.000000e+00
0.000000e+00
0.000000e+00
0.000000e+00
0.000000e+00
0.000000e+00
0.000000e+00
0.000000e+00
0.000000e+00
0.000000e+00
0.000000e+00
0.000000e+00
0.000000e+00
0.000000e+00
0.000000e+00
0.000000e+00
0.000000e+00
0.000000e+00
0.000000e+00
0.000000e+00
0.000000e+00
0.000000e+00
0.000000e+00
0.000000e+00
0.000000e+00
0.000000e+00
0.000000e+00
0.000000e+00
0.000000e+00
0.000000e+00
0.000000e+00
0.000000e+00
0.000000e+00
0.000000e+00
0.000000e+00
0.000000e+00
0.000000e+00
0.000000e+00
0.000000e+00
0.000000e+00
0.000000e+00
0.000000e+00
0.000000e+00
0.000000e+00
0.000000e+00
0.000000e+00
0.000000e+00
0.000000e+00
0.000000e+00
0.000000e+00
0.000000e+00
0.000000e+00
0.000000e+00
0.000000e+00
0.000000e+00
0.000000e+00
0.000000e+00
0.000000e+00
0.000000e+00
0.000000e+00
0.000000e+00
0.000000e+00
0.000000e+00
0.000000e+00
0.000000e+00
0.000000e+00
0.000000e+00
0.000000e+00
0.000000e+00
0.000000e+00
0.000000e+00
0.000000e+00
0.000000e+00
0.000000e+00
0.000000e+00
0.000000e+00
0.000000e+00
0.000000e+00
0.000000e+00
0.000000e+00
0.000000e+00
0.000000e+00
0.000000e+00
0.000000e+00
0.000000e+00
0.000000e+00
0.000000e+00
0.000000e+00
0.000000e+00
0.000000e+00
0.000000e+00
0.000000e+00
0.000000e+00
0.000000e+00
0.000000e+00
0.000000e+00
0.000000e+00
0.000000e+00
0.000000e+00
0.000000e+00
0.000000e+00
0.000000e+00
0.000000e+00
0.000000e+00
0.000000e+00
0.000000e+00
0.000000e+00
0.000000e+00
0.000000e+00
0.000000e+00
0.000000e+00
0.000000e+00
0.000000e+00
0.000000e+00
0.000000e+00
0.000000e+00
0.000000e+00
0.000000e+00
0.000000e+00
0.000000e+00
0.000000e+00
0.000000e+00
0.000000e+00
0.000000e+00
0.000000e+00
0.000000e+00
0.000000e+00
0.000000e+00
0.000000e+00
0.000000e+00
0.000000e+00
0.000000e+00
0.000000e+00
0.000000e+00
0.000000e+00
0.000000e+00
0.000000e+00
0.000000e+00
0.000000e+00
0.000000e+00
0.000000e+00
0.000000e+00
0.000000e+00
0.000000e+00
0.000000e+00
0.000000e+00
0.000000e+00
0.000000e+00
0.000000e+00
0.000000e+00
0.000000e+00
0.000000e+00
0.000000e+00
0.000000e+00
0.000000e+00
0.000000e+00
0.000000e+00
0.000000e+00
0.000000e+00
0.000000e+00
0.000000e+00
0.000000e+00
0.000000e+00
0.000000e+00
0.000000e+00
0.000000e+00
0.000000e+00
0.000000e+00
0.000000e+00
0.000000e+00
0.000000e+00
0.000000e+00
0.000000e+00
0.000000e+00
0.000000e+00
0.000000e+00
0.000000e+00
0.000000e+00
0.000000e+00
0.000000e+00
0.000000e+00
0.000000e+00
0.000000e+00
0.000000e+00
0.000000e+00
0.000000e+00
0.000000e+00
0.000000e+00
0.000000e+00
0.000000e+00
0.000000e+00
0.000000e+00
0.000000e+00
0.000000e+00
0.000000e+00
0.000000e+00
0.000000e+00
0.000000e+00
0.000000e+00
0.000000e+00
0.000000e+00
0.000000e+00
0.000000e+00
0.000000e+00
0.000000e+00
0.000000e+00
0.000000e+00
0.000000e+00
0.000000e+00
0.000000e+00
0.000000e+00
0.000000e+00
0.000000e+00
0.000000e+00
0.000000e+00
0.000000e+00
0.000000e+00
0.000000e+00
0.000000e+00
0.000000e+00
0.000000e+00
0.000000e+00
0.000000e+00
0.000000e+00
0.000000e+00
0.000000e+00
0.000000e+00
0.000000e+00
0.000000e+00
0.000000e+00
0.000000e+00
0.000000e+00
0.000000e+00
0.000000e+00
0.000000e+00
0.000000e+00
0.000000e+00
0.000000e+00
0.000000e+00
0.000000e+00
0.000000e+00
0.000000e+00
0.000000e+00
0.000000e+00
0.000000e+00
0.000000e+00
0.000000e+00
0.000000e+00
0.000000e+00
0.000000e+00
0.000000e+00
0.000000e+00
0.000000e+00
0.000000e+00
0.000000e+00
0.000000e+00
0.000000e+00
0.000000e+00
0.000000e+00
0.000000e+00
0.000000e+00
0.000000e+00
0.000000e+00
0.000000e+00
0.000000e+00
0.000000e+00
0.000000e+00
0.000000e+00
0.000000e+00
0.000000e+00
0.000000e+00
0.000000e+00
0.000000e+00
0.000000e+00
0.000000e+00
0.000000e+00
0.000000e+00
0.000000e+00
0.000000e+00
0.000000e+00
0.000000e+00
0.000000e+00
0.000000e+00
0.000000e+00
0.000000e+00
0.000000e+00
0.000000e+00
0.000000e+00
0.000000e+00
0.000000e+00
0.000000e+00
0.000000e+00
0.000000e+00
0.000000e+00
0.000000e+00
0.000000e+00
0.000000e+00
0.000000e+00
0.000000e+00
0.000000e+00
0.000000e+00
0.000000e+00
0.000000e+00
0.000000e+00
0.000000e+00
0.000000e+00
0.000000e+00
0.000000e+00
0.000000e+00
0.000000e+00
0.000000e+00
0.000000e+00
0.000000e+00
0.000000e+00
0.000000e+00
0.000000e+00
0.000000e+00
0.000000e+00
0.000000e+00
0.000000e+00
0.000000e+00
0.000000e+00
0.000000e+00
0.000000e+00
0.000000e+00
0.000000e+00
0.000000e+00
0.000000e+00
0.000000e+00
0.000000e+00
0.000000e+00
0.000000e+00
0.000000e+00
0.000000e+00
0.000000e+00
0.000000e+00
0.000000e+00
0.000000e+00
0.000000e+00
0.000000e+00
0.000000e+00
0.000000e+00
0.000000e+00
0.000000e+00
0.000000e+00
0.000000e+00
0.000000e+00
0.000000e+00
0.000000e+00
0.000000e+00
0.000000e+00
0.000000e+00
0.000000e+00
0.000000e+00
0.000000e+00
0.000000e+00
0.000000e+00
0.000000e+00
0.000000e+00
0.000000e+00
0.000000e+00
0.000000e+00
0.000000e+00
0.000000e+00
0.000000e+00
0.000000e+00
0.000000e+00
0.000000e+00
0.000000e+00
0.000000e+00
0.000000e+00
0.000000e+00
0.000000e+00
0.000000e+00
0.000000e+00
0.000000e+00
0.000000e+00
0.000000e+00
0.000000e+00
0.000000e+00
0.000000e+00
0.000000e+00
0.000000e+00
0.000000e+00
0.000000e+00
0.000000e+00
0.000000e+00
0.000000e+00
0.000000e+00
0.000000e+00
0.000000e+00
0.000000e+00
0.000000e+00
0.000000e+00
0.000000e+00
0.000000e+00
0.000000e+00
0.000000e+00
0.000000e+00
0.000000e+00
0.000000e+00
0.000000e+00
0.000000e+00
0.000000e+00
0.000000e+00
0.000000e+00
0.000000e+00
0.000000e+00
0.000000e+00
0.000000e+00
0.000000e+00
0.000000e+00
0.000000e+00
0.000000e+00
0.000000e+00
0.000000e+00
0.000000e+00
0.000000e+00
0.000000e+00
0.000000e+00
0.000000e+00
0.000000e+00
0.000000e+00
0.000000e+00
0.000000e+00
0.000000e+00
0.000000e+00
0.000000e+00
0.000000e+00
0.000000e+00
0.000000e+00
0.000000e+00
0.000000e+00
0.000000e+00
0.000000e+00
0.000000e+00
0.000000e+00
0.000000e+00
0.000000e+00
0.000000e+00
0.000000e+00
0.000000e+00
0.000000e+00
0.000000e+00
0.000000e+00
0.000000e+00
0.000000e+00
0.000000e+00
0.000000e+00
0.000000e+00
0.000000e+00
0.000000e+00
0.000000e+00
0.000000e+00
0.000000e+00
0.000000e+00
0.000000e+00
0.000000e+00
0.000000e+00
0.000000e+00
0.000000e+00
0.000000e+00
0.000000e+00
0.000000e+00
0.000000e+00
0.000000e+00
0.000000e+00
0.000000e+00
0.000000e+00
0.000000e+00
0.000000e+00
0.000000e+00
0.000000e+00
0.000000e+00
0.000000e+00
0.000000e+00
0.000000e+00
0.000000e+00
0.000000e+00
0.000000e+00
0.000000e+00
0.000000e+00
0.000000e+00
0.000000e+00
0.000000e+00
0.000000e+00
0.000000e+00
0.000000e+00
0.000000e+00
0.000000e+00
0.000000e+00
0.000000e+00
0.000000e+00
0.000000e+00
0.000000e+00
0.000000e+00
0.000000e+00
0.000000e+00
0.000000e+00
0.000000e+00
0.000000e+00
0.000000e+00
0.000000e+00
0.000000e+00
0.000000e+00
0.000000e+00
0.000000e+00
0.000000e+00
0.000000e+00
0.000000e+00
0.000000e+00
0.000000e+00
0.000000e+00
0.000000e+00
0.000000e+00
0.000000e+00
0.000000e+00
0.000000e+00
0.000000e+00
0.000000e+00
0.000000e+00
0.000000e+00
0.000000e+00
0.000000e+00
0.000000e+00
0.000000e+00
0.000000e+00
0.000000e+00
0.000000e+00
0.000000e+00
0.000000e+00
0.000000e+00
0.000000e+00
0.000000e+00
0.000000e+00
0.000000e+00
0.000000e+00
0.000000e+00
0.000000e+00
0.000000e+00
0.000000e+00
0.000000e+00
0.000000e+00
0.000000e+00
0.000000e+00
0.000000e+00
0.000000e+00
0.000000e+00
0.000000e+00
0.000000e+00
0.000000e+00
0.000000e+00
0.000000e+00
0.000000e+00
0.000000e+00
0.000000e+00
0.000000e+00
0.000000e+00
0.000000e+00
0.000000e+00
0.000000e+00
0.000000e+00
0.000000e+00
0.000000e+00
0.000000e+00
0.000000e+00
0.000000e+00
0.000000e+00
0.000000e+00
0.000000e+00
0.000000e+00
0.000000e+00
0.000000e+00
0.000000e+00
0.000000e+00
0.000000e+00
0.000000e+00
0.000000e+00
0.000000e+00
0.000000e+00
0.000000e+00
0.000000e+00
0.000000e+00
0.000000e+00
0.000000e+00
0.000000e+00
0.000000e+00
0.000000e+00
0.000000e+00
0.000000e+00
0.000000e+00
0.000000e+00
0.000000e+00
0.000000e+00
0.000000e+00
0.000000e+00
0.000000e+00
0.000000e+00
0.000000e+00
0.000000e+00
0.000000e+00
0.000000e+00
0.000000e+00
0.000000e+00
0.000000e+00
0.000000e+00
0.000000e+00
0.000000e+00
0.000000e+00
0.000000e+00
0.000000e+00
0.000000e+00
0.000000e+00
0.000000e+00
0.000000e+00
0.000000e+00
0.000000e+00
0.000000e+00
0.000000e+00
0.000000e+00
0.000000e+00
0.000000e+00
0.000000e+00
0.000000e+00
0.000000e+00
0.000000e+00
0.000000e+00
0.000000e+00
0.000000e+00
0.000000e+00
0.000000e+00
0.000000e+00
0.000000e+00
0.000000e+00
0.000000e+00
0.000000e+00
0.000000e+00
0.000000e+00
0.000000e+00
0.000000e+00
0.000000e+00
0.000000e+00
0.000000e+00
0.000000e+00
0.000000e+00
0.000000e+00
0.000000e+00
0.000000e+00
0.000000e+00
0.000000e+00
0.000000e+00
0.000000e+00
0.000000e+00
0.000000e+00
0.000000e+00
0.000000e+00
0.000000e+00
0.000000e+00
0.000000e+00
0.000000e+00
0.000000e+00
0.000000e+00
0.000000e+00
0.000000e+00
0.000000e+00
0.000000e+00
0.000000e+00
0.000000e+00
0.000000e+00
0.000000e+00
0.000000e+00
0.000000e+00
0.000000e+00
0.000000e+00
0.000000e+00
0.000000e+00
0.000000e+00
0.000000e+00
0.000000e+00
0.000000e+00
0.000000e+00
0.000000e+00
0.000000e+00
0.000000e+00
0.000000e+00
0.000000e+00
0.000000e+00
0.000000e+00
0.000000e+00
0.000000e+00
0.000000e+00
0.000000e+00
0.000000e+00
0.000000e+00
0.000000e+00
0.000000e+00
0.000000e+00
0.000000e+00
0.000000e+00
0.000000e+00
0.000000e+00
0.000000e+00
0.000000e+00
0.000000e+00
0.000000e+00
0.000000e+00
0.000000e+00
0.000000e+00
0.000000e+00
0.000000e+00
0.000000e+00
0.000000e+00
0.000000e+00
0.000000e+00
0.000000e+00
0.000000e+00
0.000000e+00
0.000000e+00
0.000000e+00
0.000000e+00
0.000000e+00
0.000000e+00
0.000000e+00
0.000000e+00
0.000000e+00
0.000000e+00
0.000000e+00
0.000000e+00
0.000000e+00
0.000000e+00
0.000000e+00
0.000000e+00
0.000000e+00
0.000000e+00
0.000000e+00
0.000000e+00
0.000000e+00
0.000000e+00
0.000000e+00
0.000000e+00
0.000000e+00
0.000000e+00
0.000000e+00
0.000000e+00
0.000000e+00
0.000000e+00
0.000000e+00
0.000000e+00
0.000000e+00
0.000000e+00
0.000000e+00
0.000000e+00
0.000000e+00
0.000000e+00
0.000000e+00
0.000000e+00
0.000000e+00
0.000000e+00
0.000000e+00
0.000000e+00
0.000000e+00
0.000000e+00
0.000000e+00
0.000000e+00
0.000000e+00
0.000000e+00
0.000000e+00
0.000000e+00
0.000000e+00
0.000000e+00
0.000000e+00
0.000000e+00
0.000000e+00
0.000000e+00
0.000000e+00
0.000000e+00
0.000000e+00
0.000000e+00
0.000000e+00
0.000000e+00
0.000000e+00
0.000000e+00
0.000000e+00
0.000000e+00
0.000000e+00
0.000000e+00
0.000000e+00
0.000000e+00
0.000000e+00
0.000000e+00
0.000000e+00
0.000000e+00
0.000000e+00
0.000000e+00
0.000000e+00
0.000000e+00
0.000000e+00
0.000000e+00
0.000000e+00
0.000000e+00
0.000000e+00
0.000000e+00
0.000000e+00
0.000000e+00
0.000000e+00
0.000000e+00
0.000000e+00
0.000000e+00
0.000000e+00
0.000000e+00
0.000000e+00
0.000000e+00
0.000000e+00
0.000000e+00
0.000000e+00
0.000000e+00
0.000000e+00
0.000000e+00
0.000000e+00
0.000000e+00
0.000000e+00
0.000000e+00
0.000000e+00
0.000000e+00
0.000000e+00
0.000000e+00
0.000000e+00
0.000000e+00
0.000000e+00
0.000000e+00
0.000000e+00
0.000000e+00
0.000000e+00
0.000000e+00
0.000000e+00
0.000000e+00
0.000000e+00
0.000000e+00
0.000000e+00
0.000000e+00
0.000000e+00
0.000000e+00
0.000000e+00
0.000000e+00
0.000000e+00
0.000000e+00
0.000000e+00
0.000000e+00
0.000000e+00
0.000000e+00
0.000000e+00
0.000000e+00
0.000000e+00
0.000000e+00
0.000000e+00
0.000000e+00
0.000000e+00
0.000000e+00
0.000000e+00
0.000000e+00
0.000000e+00
0.000000e+00
0.000000e+00
0.000000e+00
0.000000e+00
0.000000e+00
0.000000e+00
0.000000e+00
0.000000e+00
0.000000e+00
0.000000e+00
0.000000e+00
0.000000e+00
0.000000e+00
0.000000e+00
0.000000e+00
0.000000e+00
0.000000e+00
0.000000e+00
0.000000e+00
0.000000e+00
0.000000e+00
0.000000e+00
0.000000e+00
0.000000e+00
0.000000e+00
0.000000e+00
0.000000e+00
0.000000e+00
0.000000e+00
0.000000e+00
0.000000e+00
0.000000e+00
0.000000e+00
0.000000e+00
0.000000e+00
0.000000e+00
0.000000e+00
0.000000e+00
0.000000e+00
0.000000e+00
0.000000e+00
0.000000e+00
0.000000e+00
0.000000e+00
0.000000e+00
0.000000e+00
0.000000e+00
0.000000e+00
0.000000e+00
0.000000e+00
0.000000e+00
0.000000e+00
0.000000e+00
0.000000e+00
0.000000e+00
0.000000e+00
0.000000e+00
0.000000e+00
0.000000e+00
0.000000e+00
0.000000e+00
0.000000e+00
0.000000e+00
0.000000e+00
0.000000e+00
0.000000e+00
0.000000e+00
0.000000e+00
0.000000e+00
0.000000e+00
0.000000e+00
0.000000e+00
0.000000e+00
0.000000e+00
0.000000e+00
0.000000e+00
0.000000e+00
0.000000e+00
0.000000e+00
0.000000e+00
0.000000e+00
0.000000e+00
0.000000e+00
0.000000e+00
0.000000e+00
0.000000e+00
0.000000e+00
0.000000e+00
0.000000e+00
0.000000e+00
0.000000e+00
0.000000e+00
0.000000e+00
0.000000e+00
0.000000e+00
0.000000e+00
0.000000e+00
0.000000e+00
0.000000e+00
0.000000e+00
0.000000e+00
0.000000e+00
0.000000e+00
0.000000e+00
0.000000e+00
0.000000e+00
0.000000e+00
0.000000e+00
0.000000e+00
0.000000e+00
0.000000e+00
0.000000e+00
0.000000e+00
0.000000e+00
0.000000e+00
0.000000e+00
0.000000e+00
0.000000e+00
0.000000e+00
0.000000e+00
0.000000e+00
0.000000e+00
0.000000e+00
0.000000e+00
0.000000e+00
0.000000e+00
0.000000e+00
0.000000e+00
0.000000e+00
0.000000e+00
0.000000e+00
0.000000e+00
0.000000e+00
0.000000e+00
0.000000e+00
0.000000e+00
0.000000e+00
0.000000e+00
0.000000e+00
0.000000e+00
0.000000e+00
0.000000e+00
0.000000e+00
0.000000e+00
0.000000e+00
0.000000e+00
0.000000e+00
0.000000e+00
0.000000e+00
0.000000e+00
0.000000e+00
0.000000e+00
0.000000e+00
0.000000e+00
0.000000e+00
0.000000e+00
0.000000e+00
0.000000e+00
0.000000e+00
0.000000e+00
0.000000e+00
0.000000e+00
0.000000e+00
0.000000e+00
0.000000e+00
0.000000e+00
0.000000e+00
0.000000e+00
0.000000e+00
0.000000e+00
0.000000e+00
0.000000e+00
0.000000e+00
0.000000e+00
0.000000e+00
0.000000e+00
0.000000e+00
0.000000e+00
0.000000e+00
0.000000e+00
0.000000e+00
0.000000e+00
0.000000e+00
0.000000e+00
0.000000e+00
0.000000e+00
0.000000e+00
0.000000e+00
0.000000e+00
0.000000e+00
0.000000e+00
0.000000e+00
0.000000e+00
0.000000e+00
0.000000e+00
0.000000e+00
0.000000e+00
0.000000e+00
0.000000e+00
0.000000e+00
0.000000e+00
0.000000e+00
0.000000e+00
0.000000e+00
0.000000e+00
0.000000e+00
0.000000e+00
0.000000e+00
0.000000e+00
0.000000e+00
0.000000e+00
0.000000e+00
0.000000e+00
0.000000e+00
0.000000e+00
0.000000e+00
0.000000e+00
0.000000e+00
0.000000e+00
0.000000e+00
0.000000e+00
0.000000e+00
0.000000e+00
0.000000e+00
0.000000e+00
0.000000e+00
0.000000e+00
0.000000e+00
0.000000e+00
0.000000e+00
0.000000e+00
0.000000e+00
0.000000e+00
0.000000e+00
0.000000e+00
0.000000e+00
0.000000e+00
0.000000e+00
0.000000e+00
0.000000e+00
0.000000e+00
0.000000e+00
0.000000e+00
0.000000e+00
0.000000e+00
0.000000e+00
0.000000e+00
0.000000e+00
0.000000e+00
0.000000e+00
0.000000e+00
0.000000e+00
0.000000e+00
0.000000e+00
0.000000e+00
0.000000e+00
0.000000e+00
0.000000e+00
0.000000e+00
0.000000e+00
0.000000e+00
0.000000e+00
0.000000e+00
0.000000e+00
0.000000e+00
0.000000e+00
0.000000e+00
0.000000e+00
0.000000e+00
0.000000e+00
0.000000e+00
0.000000e+00
0.000000e+00
0.000000e+00
0.000000e+00
0.000000e+00
0.000000e+00
0.000000e+00
0.000000e+00
0.000000e+00
0.000000e+00
0.000000e+00
0.000000e+00
0.000000e+00
0.000000e+00
0.000000e+00
0.000000e+00
0.000000e+00
0.000000e+00
0.000000e+00
0.000000e+00
0.000000e+00
0.000000e+00
0.000000e+00
0.000000e+00
0.000000e+00
0.000000e+00
0.000000e+00
0.000000e+00
0.000000e+00
0.000000e+00
0.000000e+00
0.000000e+00
0.000000e+00
0.000000e+00
0.000000e+00
0.000000e+00
0.000000e+00
0.000000e+00
0.000000e+00
0.000000e+00
0.000000e+00
0.000000e+00
0.000000e+00
0.000000e+00
0.000000e+00
0.000000e+00
0.000000e+00
0.000000e+00
0.000000e+00
0.000000e+00
0.000000e+00
0.000000e+00
0.000000e+00
0.000000e+00
0.000000e+00
0.000000e+00
0.000000e+00
0.000000e+00
0.000000e+00
0.000000e+00
0.000000e+00
0.000000e+00
0.000000e+00
0.000000e+00
0.000000e+00
0.000000e+00
0.000000e+00
0.000000e+00
0.000000e+00
0.000000e+00
0.000000e+00
0.000000e+00
0.000000e+00
0.000000e+00
0.000000e+00
0.000000e+00
0.000000e+00
0.000000e+00
0.000000e+00
0.000000e+00
0.000000e+00
0.000000e+00
0.000000e+00
0.000000e+00
0.000000e+00
0.000000e+00
0.000000e+00
0.000000e+00
0.000000e+00
0.000000e+00
0.000000e+00
0.000000e+00
0.000000e+00
0.000000e+00
0.000000e+00
0.000000e+00
0.000000e+00
0.000000e+00
0.000000e+00
0.000000e+00
0.000000e+00
0.000000e+00
0.000000e+00
0.000000e+00
0.000000e+00
0.000000e+00
0.000000e+00
0.000000e+00
0.000000e+00
0.000000e+00
0.000000e+00
0.000000e+00
0.000000e+00
0.000000e+00
0.000000e+00
0.000000e+00
0.000000e+00
0.000000e+00
0.000000e+00
0.000000e+00
0.000000e+00
0.000000e+00
0.000000e+00
0.000000e+00
0.000000e+00
0.000000e+00
0.000000e+00
0.000000e+00
0.000000e+00
0.000000e+00
0.000000e+00
0.000000e+00
0.000000e+00
0.000000e+00
0.000000e+00
0.000000e+00
0.000000e+00
0.000000e+00
0.000000e+00
0.000000e+00
0.000000e+00
0.000000e+00
0.000000e+00
0.000000e+00
0.000000e+00
0.000000e+00
0.000000e+00
0.000000e+00
0.000000e+00
0.000000e+00
0.000000e+00
0.000000e+00
0.000000e+00
0.000000e+00
0.000000e+00
0.000000e+00
0.000000e+00
0.000000e+00
0.000000e+00
0.000000e+00
0.000000e+00
0.000000e+00
0.000000e+00
0.000000e+00
0.000000e+00
0.000000e+00
0.000000e+00
0.000000e+00
0.000000e+00
0.000000e+00
0.000000e+00
0.000000e+00
0.000000e+00
0.000000e+00
0.000000e+00
0.000000e+00
0.000000e+00
0.000000e+00
0.000000e+00
0.000000e+00
0.000000e+00
0.000000e+00
0.000000e+00
0.000000e+00
0.000000e+00
0.000000e+00
0.000000e+00
0.000000e+00
0.000000e+00
0.000000e+00
0.000000e+00
0.000000e+00
0.000000e+00
0.000000e+00
0.000000e+00
0.000000e+00
0.000000e+00
0.000000e+00
0.000000e+00
0.000000e+00
0.000000e+00
0.000000e+00
0.000000e+00
0.000000e+00
0.000000e+00
0.000000e+00
0.000000e+00
0.000000e+00
0.000000e+00
0.000000e+00
0.000000e+00
0.000000e+00
0.000000e+00
0.000000e+00
0.000000e+00
0.000000e+00
0.000000e+00
0.000000e+00
0.000000e+00
0.000000e+00
0.000000e+00
0.000000e+00
0.000000e+00
0.000000e+00
0.000000e+00
0.000000e+00
0.000000e+00
0.000000e+00
0.000000e+00
0.000000e+00
0.000000e+00
0.000000e+00
0.000000e+00
0.000000e+00
0.000000e+00
0.000000e+00
0.000000e+00
0.000000e+00
0.000000e+00
0.000000e+00
0.000000e+00
0.000000e+00
0.000000e+00
0.000000e+00
0.000000e+00
0.000000e+00
0.000000e+00
0.000000e+00
0.000000e+00
0.000000e+00
0.000000e+00
0.000000e+00
0.000000e+00
0.000000e+00
0.000000e+00
0.000000e+00
0.000000e+00
0.000000e+00
0.000000e+00
0.000000e+00
0.000000e+00
0.000000e+00
0.000000e+00
0.000000e+00
0.000000e+00
0.000000e+00
0.000000e+00
0.000000e+00
0.000000e+00
0.000000e+00
0.000000e+00
0.000000e+00
0.000000e+00
0.000000e+00
0.000000e+00
0.000000e+00
0.000000e+00
0.000000e+00
0.000000e+00
0.000000e+00
0.000000e+00
0.000000e+00
0.000000e+00
0.000000e+00
0.000000e+00
0.000000e+00
0.000000e+00
0.000000e+00
0.000000e+00
0.000000e+00
0.000000e+00
0.000000e+00
0.000000e+00
0.000000e+00
0.000000e+00
0.000000e+00
0.000000e+00
0.000000e+00
0.000000e+00
0.000000e+00
0.000000e+00
0.000000e+00
0.000000e+00
0.000000e+00
0.000000e+00
0.000000e+00
0.000000e+00
0.000000e+00
0.000000e+00
0.000000e+00
0.000000e+00
0.000000e+00
0.000000e+00
0.000000e+00
0.000000e+00
0.000000e+00
0.000000e+00
0.000000e+00
0.000000e+00
0.000000e+00
0.000000e+00
0.000000e+00
0.000000e+00
0.000000e+00
0.000000e+00
0.000000e+00
0.000000e+00
0.000000e+00
0.000000e+00
0.000000e+00
0.000000e+00
0.000000e+00
0.000000e+00
0.000000e+00
0.000000e+00
0.000000e+00
0.000000e+00
0.000000e+00
0.000000e+00
0.000000e+00
0.000000e+00
0.000000e+00
0.000000e+00
0.000000e+00
0.000000e+00
0.000000e+00
0.000000e+00
0.000000e+00
0.000000e+00
0.000000e+00
0.000000e+00
0.000000e+00
0.000000e+00
0.000000e+00
0.000000e+00
0.000000e+00
0.000000e+00
0.000000e+00
0.000000e+00
0.000000e+00
0.000000e+00
0.000000e+00
0.000000e+00
0.000000e+00
0.000000e+00
0.000000e+00
0.000000e+00
0.000000e+00
0.000000e+00
0.000000e+00
0.000000e+00
0.000000e+00
0.000000e+00
0.000000e+00
0.000000e+00
0.000000e+00
0.000000e+00
0.000000e+00
0.000000e+00
0.000000e+00
0.000000e+00
0.000000e+00
0.000000e+00
0.000000e+00
0.000000e+00
0.000000e+00
0.000000e+00
0.000000e+00
0.000000e+00
0.000000e+00
0.000000e+00
0.000000e+00
0.000000e+00
0.000000e+00
0.000000e+00
0.000000e+00
0.000000e+00
0.000000e+00
0.000000e+00
0.000000e+00
0.000000e+00
0.000000e+00
0.000000e+00
0.000000e+00
0.000000e+00
0.000000e+00
0.000000e+00
0.000000e+00
0.000000e+00
0.000000e+00
0.000000e+00
0.000000e+00
0.000000e+00
0.000000e+00
0.000000e+00
0.000000e+00
0.000000e+00
0.000000e+00
0.000000e+00
0.000000e+00
0.000000e+00
0.000000e+00
0.000000e+00
0.000000e+00
0.000000e+00
0.000000e+00
0.000000e+00
0.000000e+00
0.000000e+00
0.000000e+00
0.000000e+00
0.000000e+00
0.000000e+00
0.000000e+00
0.000000e+00
0.000000e+00
0.000000e+00
0.000000e+00
0.000000e+00
0.000000e+00
0.000000e+00
0.000000e+00
0.000000e+00
0.000000e+00
0.000000e+00
0.000000e+00
0.000000e+00
0.000000e+00
0.000000e+00
0.000000e+00
0.000000e+00
0.000000e+00
0.000000e+00
0.000000e+00
0.000000e+00
0.000000e+00
0.000000e+00
0.000000e+00
0.000000e+00
0.000000e+00
0.000000e+00
0.000000e+00
0.000000e+00
0.000000e+00
0.000000e+00
0.000000e+00
0.000000e+00
0.000000e+00
0.000000e+00
0.000000e+00
0.000000e+00
0.000000e+00
0.000000e+00
0.000000e+00
0.000000e+00
0.000000e+00
0.000000e+00
0.000000e+00
0.000000e+00
0.000000e+00
0.000000e+00
0.000000e+00
0.000000e+00
0.000000e+00
0.000000e+00
0.000000e+00
0.000000e+00
0.000000e+00
0.000000e+00
0.000000e+00
0.000000e+00
0.000000e+00
0.000000e+00
0.000000e+00
0.000000e+00
0.000000e+00
0.000000e+00
0.000000e+00
0.000000e+00
0.000000e+00
0.000000e+00
0.000000e+00
0.000000e+00
0.000000e+00
0.000000e+00
0.000000e+00
0.000000e+00
0.000000e+00
0.000000e+00
0.000000e+00
0.000000e+00
0.000000e+00
0.000000e+00
0.000000e+00
0.000000e+00
0.000000e+00
0.000000e+00
0.000000e+00
0.000000e+00
0.000000e+00
0.000000e+00
0.000000e+00
0.000000e+00
0.000000e+00
0.000000e+00
0.000000e+00
0.000000e+00
0.000000e+00
0.000000e+00
0.000000e+00
0.000000e+00
0.000000e+00
0.000000e+00
0.000000e+00
0.000000e+00
0.000000e+00
0.000000e+00
0.000000e+00
0.000000e+00
0.000000e+00
0.000000e+00
0.000000e+00
0.000000e+00
0.000000e+00
0.000000e+00
0.000000e+00
0.000000e+00
0.000000e+00
0.000000e+00
0.000000e+00
0.000000e+00
0.000000e+00
0.000000e+00
0.000000e+00
0.000000e+00
0.000000e+00
0.000000e+00
0.000000e+00
0.000000e+00
0.000000e+00
0.000000e+00
0.000000e+00
0.000000e+00
0.000000e+00
0.000000e+00
0.000000e+00
0.000000e+00
0.000000e+00
0.000000e+00
0.000000e+00
0.000000e+00
0.000000e+00
0.000000e+00
0.000000e+00
0.000000e+00
0.000000e+00
0.000000e+00
0.000000e+00
0.000000e+00
0.000000e+00
0.000000e+00
0.000000e+00
0.000000e+00
0.000000e+00
0.000000e+00
0.000000e+00
0.000000e+00
0.000000e+00
0.000000e+00
0.000000e+00
0.000000e+00
0.000000e+00
0.000000e+00
0.000000e+00
0.000000e+00
0.000000e+00
0.000000e+00
0.000000e+00
0.000000e+00
0.000000e+00
0.000000e+00
0.000000e+00
0.000000e+00
0.000000e+00
0.000000e+00
0.000000e+00
0.000000e+00
0.000000e+00
0.000000e+00
0.000000e+00
0.000000e+00
0.000000e+00
0.000000e+00
0.000000e+00
0.000000e+00
0.000000e+00
0.000000e+00
0.000000e+00
0.000000e+00
0.000000e+00
0.000000e+00
0.000000e+00
0.000000e+00
0.000000e+00
0.000000e+00
0.000000e+00
0.000000e+00
0.000000e+00
0.000000e+00
0.000000e+00
0.000000e+00
0.000000e+00
0.000000e+00
0.000000e+00
0.000000e+00
0.000000e+00
0.000000e+00
0.000000e+00
0.000000e+00
0.000000e+00
0.000000e+00
0.000000e+00
0.000000e+00
0.000000e+00
0.000000e+00
0.000000e+00
0.000000e+00
0.000000e+00
0.000000e+00
0.000000e+00
0.000000e+00
0.000000e+00
0.000000e+00
0.000000e+00
0.000000e+00
0.000000e+00
0.000000e+00
0.000000e+00
0.000000e+00
0.000000e+00
0.000000e+00
0.000000e+00
0.000000e+00
0.000000e+00
0.000000e+00
0.000000e+00
0.000000e+00
0.000000e+00
0.000000e+00
0.000000e+00
0.000000e+00
0.000000e+00
0.000000e+00
0.000000e+00
0.000000e+00
0.000000e+00
0.000000e+00
0.000000e+00
0.000000e+00
0.000000e+00
0.000000e+00
0.000000e+00
0.000000e+00
0.000000e+00
0.000000e+00
0.000000e+00
0.000000e+00
0.000000e+00
0.000000e+00
0.000000e+00
0.000000e+00
0.000000e+00
0.000000e+00
0.000000e+00
0.000000e+00
0.000000e+00
0.000000e+00
0.000000e+00
0.000000e+00
0.000000e+00
0.000000e+00
0.000000e+00
0.000000e+00
0.000000e+00
0.000000e+00
0.000000e+00
0.000000e+00
0.000000e+00
0.000000e+00
0.000000e+00
0.000000e+00
0.000000e+00
0.000000e+00
0.000000e+00
0.000000e+00
0.000000e+00
0.000000e+00
0.000000e+00
0.000000e+00
0.000000e+00
0.000000e+00
0.000000e+00
0.000000e+00
0.000000e+00
0.000000e+00
0.000000e+00
0.000000e+00
0.000000e+00
0.000000e+00
0.000000e+00
0.000000e+00
0.000000e+00
0.000000e+00
0.000000e+00
0.000000e+00
0.000000e+00
0.000000e+00
0.000000e+00
0.000000e+00
0.000000e+00
0.000000e+00
0.000000e+00
0.000000e+00
0.000000e+00
0.000000e+00
0.000000e+00
0.000000e+00
0.000000e+00
0.000000e+00
0.000000e+00
0.000000e+00
0.000000e+00
0.000000e+00
0.000000e+00
0.000000e+00
0.000000e+00
0.000000e+00
0.000000e+00
0.000000e+00
0.000000e+00
0.000000e+00
0.000000e+00
0.000000e+00
0.000000e+00
0.000000e+00
0.000000e+00
0.000000e+00
0.000000e+00
0.000000e+00
0.000000e+00
0.000000e+00
0.000000e+00
0.000000e+00
0.000000e+00
0.000000e+00
0.000000e+00
0.000000e+00
0.000000e+00
0.000000e+00
0.000000e+00
0.000000e+00
0.000000e+00
0.000000e+00
0.000000e+00
0.000000e+00
0.000000e+00
0.000000e+00
0.000000e+00
0.000000e+00
0.000000e+00
0.000000e+00
0.000000e+00
0.000000e+00
0.000000e+00
0.000000e+00
0.000000e+00
0.000000e+00
0.000000e+00
0.000000e+00
0.000000e+00
0.000000e+00
0.000000e+00
0.000000e+00
0.000000e+00
0.000000e+00
0.000000e+00
0.000000e+00
0.000000e+00
0.000000e+00
0.000000e+00
0.000000e+00
0.000000e+00
0.000000e+00
0.000000e+00
0.000000e+00
0.000000e+00
0.000000e+00
0.000000e+00
0.000000e+00
0.000000e+00
0.000000e+00
0.000000e+00
0.000000e+00
0.000000e+00
0.000000e+00
0.000000e+00
0.000000e+00
0.000000e+00
0.000000e+00
0.000000e+00
0.000000e+00
0.000000e+00
0.000000e+00
0.000000e+00
0.000000e+00
0.000000e+00
0.000000e+00
0.000000e+00
0.000000e+00
0.000000e+00
0.000000e+00
0.000000e+00
0.000000e+00
0.000000e+00
0.000000e+00
0.000000e+00
0.000000e+00
0.000000e+00
0.000000e+00
0.000000e+00
0.000000e+00
0.000000e+00
0.000000e+00
0.000000e+00
0.000000e+00
0.000000e+00
0.000000e+00
0.000000e+00
0.000000e+00
0.000000e+00
0.000000e+00
0.000000e+00
0.000000e+00
0.000000e+00
0.000000e+00
0.000000e+00
0.000000e+00
0.000000e+00
0.000000e+00
0.000000e+00
0.000000e+00
0.000000e+00
0.000000e+00
0.000000e+00
0.000000e+00
0.000000e+00
0.000000e+00
0.000000e+00
0.000000e+00
0.000000e+00
0.000000e+00
0.000000e+00
0.000000e+00
0.000000e+00
0.000000e+00
0.000000e+00
0.000000e+00
0.000000e+00
0.000000e+00
0.000000e+00
0.000000e+00
0.000000e+00
0.000000e+00
0.000000e+00
0.000000e+00
0.000000e+00
0.000000e+00
0.000000e+00
0.000000e+00
0.000000e+00
0.000000e+00
0.000000e+00
0.000000e+00
0.000000e+00
0.000000e+00
0.000000e+00
0.000000e+00
0.000000e+00
0.000000e+00
0.000000e+00
0.000000e+00
0.000000e+00
0.000000e+00
0.000000e+00
0.000000e+00
0.000000e+00
0.000000e+00
0.000000e+00
0.000000e+00
0.000000e+00
0.000000e+00
0.000000e+00
0.000000e+00
0.000000e+00
0.000000e+00
0.000000e+00
0.000000e+00
0.000000e+00
0.000000e+00
0.000000e+00
0.000000e+00
0.000000e+00
0.000000e+00
0.000000e+00
0.000000e+00
0.000000e+00
0.000000e+00
0.000000e+00
0.000000e+00
0.000000e+00
0.000000e+00
0.000000e+00
0.000000e+00
0.000000e+00
0.000000e+00
0.000000e+00
0.000000e+00
0.000000e+00
0.000000e+00
0.000000e+00
0.000000e+00
0.000000e+00
0.000000e+00
0.000000e+00
0.000000e+00
0.000000e+00
0.000000e+00
0.000000e+00
0.000000e+00
0.000000e+00
0.000000e+00
0.000000e+00
0.000000e+00
0.000000e+00
0.000000e+00
0.000000e+00
0.000000e+00
0.000000e+00
0.000000e+00
0.000000e+00
0.000000e+00
0.000000e+00
0.000000e+00
0.000000e+00
0.000000e+00
0.000000e+00
0.000000e+00
0.000000e+00
0.000000e+00
0.000000e+00
0.000000e+00
0.000000e+00
0.000000e+00
0.000000e+00
0.000000e+00
0.000000e+00
0.000000e+00
0.000000e+00
0.000000e+00
0.000000e+00
0.000000e+00
0.000000e+00
0.000000e+00
0.000000e+00
0.000000e+00
0.000000e+00
0.000000e+00
0.000000e+00
0.000000e+00
0.000000e+00
0.000000e+00
0.000000e+00
0.000000e+00
0.000000e+00
0.000000e+00
0.000000e+00
0.000000e+00
0.000000e+00
0.000000e+00
0.000000e+00
0.000000e+00
0.000000e+00
0.000000e+00
0.000000e+00
0.000000e+00
0.000000e+00
0.000000e+00
0.000000e+00
0.000000e+00
0.000000e+00
0.000000e+00
0.000000e+00
0.000000e+00
0.000000e+00
0.000000e+00
0.000000e+00
0.000000e+00
0.000000e+00
0.000000e+00
0.000000e+00
0.000000e+00
0.000000e+00
0.000000e+00
0.000000e+00
0.000000e+00
0.000000e+00
0.000000e+00
0.000000e+00
0.000000e+00
0.000000e+00
0.000000e+00
0.000000e+00
0.000000e+00
0.000000e+00
0.000000e+00
0.000000e+00
0.000000e+00
0.000000e+00
0.000000e+00
0.000000e+00
0.000000e+00
0.000000e+00
0.000000e+00
0.000000e+00
0.000000e+00
0.000000e+00
0.000000e+00
0.000000e+00
0.000000e+00
0.000000e+00
0.000000e+00
0.000000e+00
0.000000e+00
0.000000e+00
0.000000e+00
0.000000e+00
0.000000e+00
0.000000e+00
0.000000e+00
0.000000e+00
0.000000e+00
0.000000e+00
0.000000e+00
0.000000e+00
0.000000e+00
0.000000e+00
0.000000e+00
0.000000e+00
0.000000e+00
0.000000e+00
0.000000e+00
0.000000e+00
0.000000e+00
0.000000e+00
0.000000e+00
0.000000e+00
0.000000e+00
0.000000e+00
0.000000e+00
0.000000e+00
0.000000e+00
0.000000e+00
0.000000e+00
0.000000e+00
0.000000e+00
0.000000e+00
0.000000e+00
0.000000e+00
0.000000e+00
0.000000e+00
0.000000e+00
0.000000e+00
0.000000e+00
0.000000e+00
0.000000e+00
0.000000e+00
0.000000e+00
0.000000e+00
0.000000e+00
0.000000e+00
0.000000e+00
0.000000e+00
0.000000e+00
0.000000e+00
0.000000e+00
0.000000e+00
0.000000e+00
0.000000e+00
0.000000e+00
0.000000e+00
0.000000e+00
0.000000e+00
0.000000e+00
0.000000e+00
0.000000e+00
0.000000e+00
0.000000e+00
0.000000e+00
0.000000e+00
0.000000e+00
0.000000e+00
0.000000e+00
0.000000e+00
0.000000e+00
0.000000e+00
0.000000e+00
0.000000e+00
0.000000e+00
0.000000e+00
0.000000e+00
0.000000e+00
0.000000e+00
0.000000e+00
0.000000e+00
0.000000e+00
0.000000e+00
0.000000e+00
0.000000e+00
0.000000e+00
0.000000e+00
0.000000e+00
0.000000e+00
0.000000e+00
0.000000e+00
0.000000e+00
0.000000e+00
0.000000e+00
0.000000e+00
0.000000e+00
0.000000e+00
0.000000e+00
0.000000e+00
0.000000e+00
0.000000e+00
0.000000e+00
0.000000e+00
0.000000e+00
0.000000e+00
0.000000e+00
0.000000e+00
0.000000e+00
0.000000e+00
0.000000e+00
0.000000e+00
0.000000e+00
0.000000e+00
0.000000e+00
0.000000e+00
0.000000e+00
0.000000e+00
0.000000e+00
0.000000e+00
0.000000e+00
0.000000e+00
0.000000e+00
0.000000e+00
0.000000e+00
0.000000e+00
0.000000e+00
0.000000e+00
0.000000e+00
0.000000e+00
0.000000e+00
0.000000e+00
0.000000e+00
0.000000e+00
0.000000e+00
0.000000e+00
0.000000e+00
0.000000e+00
0.000000e+00
0.000000e+00
0.000000e+00
0.000000e+00
0.000000e+00
0.000000e+00
0.000000e+00
0.000000e+00
0.000000e+00
0.000000e+00
0.000000e+00
0.000000e+00
0.000000e+00
0.000000e+00
0.000000e+00
0.000000e+00
0.000000e+00
0.000000e+00
0.000000e+00
0.000000e+00
0.000000e+00
0.000000e+00
0.000000e+00
0.000000e+00
0.000000e+00
0.000000e+00
0.000000e+00
0.000000e+00
0.000000e+00
0.000000e+00
0.000000e+00
0.000000e+00
0.000000e+00
0.000000e+00
0.000000e+00
0.000000e+00
0.000000e+00
0.000000e+00
0.000000e+00
0.000000e+00
0.000000e+00
0.000000e+00
0.000000e+00
0.000000e+00
0.000000e+00
0.000000e+00
0.000000e+00
0.000000e+00
0.000000e+00
0.000000e+00
0.000000e+00
0.000000e+00
0.000000e+00
0.000000e+00
0.000000e+00
0.000000e+00
0.000000e+00
0.000000e+00
0.000000e+00
0.000000e+00
0.000000e+00
0.000000e+00
0.000000e+00
0.000000e+00
0.000000e+00
0.000000e+00
0.000000e+00
0.000000e+00
0.000000e+00
0.000000e+00
0.000000e+00
0.000000e+00
0.000000e+00
0.000000e+00
0.000000e+00
0.000000e+00
0.000000e+00
0.000000e+00
0.000000e+00
0.000000e+00
0.000000e+00
0.000000e+00
0.000000e+00
0.000000e+00
0.000000e+00
0.000000e+00
0.000000e+00
0.000000e+00
0.000000e+00
0.000000e+00
0.000000e+00
0.000000e+00
0.000000e+00
0.000000e+00
0.000000e+00
0.000000e+00
0.000000e+00
0.000000e+00
0.000000e+00
0.000000e+00
0.000000e+00
0.000000e+00
0.000000e+00
0.000000e+00
0.000000e+00
0.000000e+00
0.000000e+00
0.000000e+00
0.000000e+00
0.000000e+00
0.000000e+00
0.000000e+00
0.000000e+00
0.000000e+00
0.000000e+00
0.000000e+00
0.000000e+00
0.000000e+00
0.000000e+00
0.000000e+00
0.000000e+00
0.000000e+00
0.000000e+00
0.000000e+00
0.000000e+00
0.000000e+00
0.000000e+00
0.000000e+00
0.000000e+00
0.000000e+00
0.000000e+00
0.000000e+00
0.000000e+00
0.000000e+00
0.000000e+00
0.000000e+00
0.000000e+00
0.000000e+00
0.000000e+00
0.000000e+00
0.000000e+00
0.000000e+00
0.000000e+00
0.000000e+00
0.000000e+00
0.000000e+00
0.000000e+00
0.000000e+00
0.000000e+00
0.000000e+00
0.000000e+00
0.000000e+00
0.000000e+00
0.000000e+00
0.000000e+00
0.000000e+00
0.000000e+00
0.000000e+00
0.000000e+00
0.000000e+00
0.000000e+00
0.000000e+00
0.000000e+00
0.000000e+00
0.000000e+00
0.000000e+00
0.000000e+00
0.000000e+00
0.000000e+00
0.000000e+00
0.000000e+00
0.000000e+00
0.000000e+00
0.000000e+00
0.000000e+00
0.000000e+00
0.000000e+00
0.000000e+00
0.000000e+00
0.000000e+00
0.000000e+00
0.000000e+00
0.000000e+00
0.000000e+00
0.000000e+00
0.000000e+00
0.000000e+00
0.000000e+00
0.000000e+00
0.000000e+00
0.000000e+00
0.000000e+00
0.000000e+00
0.000000e+00
0.000000e+00
0.000000e+00
0.000000e+00
0.000000e+00
0.000000e+00
0.000000e+00
0.000000e+00
0.000000e+00
0.000000e+00
0.000000e+00
0.000000e+00
0.000000e+00
0.000000e+00
0.000000e+00
0.000000e+00
0.000000e+00
0.000000e+00
0.000000e+00
0.000000e+00
0.000000e+00
0.000000e+00
0.000000e+00
0.000000e+00
0.000000e+00
0.000000e+00
0.000000e+00
0.000000e+00
0.000000e+00
0.000000e+00
0.000000e+00
0.000000e+00
0.000000e+00
0.000000e+00
0.000000e+00
0.000000e+00
0.000000e+00
0.000000e+00
0.000000e+00
0.000000e+00
0.000000e+00
0.000000e+00
0.000000e+00
0.000000e+00
0.000000e+00
0.000000e+00
0.000000e+00
0.000000e+00
0.000000e+00
0.000000e+00
0.000000e+00
0.000000e+00
0.000000e+00
0.000000e+00
0.000000e+00
0.000000e+00
0.000000e+00
0.000000e+00
</DataArray>
</PointData>
</Piece></UnstructuredGrid>
</VTKFile>
